ledger_id,member_id,source_reference_id,transaction_type,points_delta,resulting_balance,created_at
47da4234-0020-494c-90a6-2ca30c6bc90a,M-1257,SESS-20260727-9237-0000,RENTAL_ACCRUAL,16,128,2026-07-27T20:00:00+08:00
7af5e6ee-1fe1-4acd-9baa-620eea0536ec,M-1693,SESS-20260727-7869-0001,RENTAL_ACCRUAL,16,328,2026-07-27T11:15:00+08:00
345acf65-fce5-45c6-b783-ebf048ae40a5,M-1085,SESS-20260727-6031-0002,RENTAL_ACCRUAL,13,273,2026-07-27T22:45:00+08:00
258cfe66-7141-4d6d-89b9-85454e0b9667,M-1511,SESS-20260727-3779-0003,RENTAL_ACCRUAL,14,456,2026-07-27T15:30:00+08:00
923ccd87-49c8-486d-9f7c-f31c7e2f9f46,M-2123,SESS-20260727-4836-0004,RENTAL_ACCRUAL,96,175,2026-07-28T00:45:00+08:00
a1099493-8d8b-4910-a827-76dc327bfbba,M-1041,SESS-20260727-6780-0005,RENTAL_ACCRUAL,18,970,2026-07-28T00:45:00+08:00
877ab397-4009-4d08-ae82-70e5bac6ccbb,M-1160,SESS-20260727-2510-0006,RENTAL_ACCRUAL,24,119,2026-07-27T20:00:00+08:00
10162d7f-57c7-4528-9d17-6ad3ab751707,M-1160,TIER_UPGRADE_Standard_TO_Silver,TIER_BONUS,50,169,2026-07-27T20:00:00+08:00
1640e4b4-ce57-459f-be7d-906888dccb72,M-1111,SESS-20260727-4901-0007,RENTAL_ACCRUAL,16,385,2026-07-27T21:15:00+08:00
06ba26f5-fb4c-4d43-b5f7-1ab895ea4a63,M-1228,SESS-20260727-5254-0008,RENTAL_REDEMPTION,-200,248,2026-07-27T14:15:00+08:00
21910b9f-2403-485c-9767-77af0b03ac7f,M-1228,SESS-20260727-5254-0008,RENTAL_ACCRUAL,32,280,2026-07-27T19:15:00+08:00
5c582282-7f2c-436f-a8c3-93e0e71a997e,M-1967,SESS-20260727-3019-0009,RENTAL_ACCRUAL,24,76,2026-07-28T01:00:00+08:00
a8f21471-8b0e-4c51-a224-ccaf8937315d,M-1045,SESS-20260727-8936-0010,RENTAL_ACCRUAL,28,188,2026-07-27T22:45:00+08:00
6a05f1d3-f6d5-42d7-991b-774fee4477d1,M-1741,SESS-20260727-4100-0011,RENTAL_ACCRUAL,5,541,2026-07-27T17:45:00+08:00
4b828dc0-5f7d-41df-8a4a-c61e14d8a8e8,M-1293,SESS-20260727-3354-0012,RENTAL_ACCRUAL,9,358,2026-07-27T23:30:00+08:00
3d4bef76-a458-486f-8b47-d570dbe07f04,M-1608,SESS-20260727-9687-0013,RENTAL_ACCRUAL,16,130,2026-07-28T00:30:00+08:00
8f7e1178-2d0e-446d-8712-4e6a215e1c50,M-1300,SESS-20260727-2112-0014,RENTAL_ACCRUAL,6,448,2026-07-27T22:30:00+08:00
990b4ad0-1475-42e0-8d8b-47bb04eec564,M-1756,SESS-20260727-1467-0015,RENTAL_REDEMPTION,-500,1084,2026-07-27T20:30:00+08:00
afed450d-e5cc-4fd3-840d-d511331801b7,M-1756,SESS-20260727-1467-0015,RENTAL_ACCRUAL,10,1094,2026-07-28T01:30:00+08:00
faf2707b-4bf6-42c6-a00c-986e8c18b722,M-1255,SESS-20260727-3432-0016,RENTAL_ACCRUAL,16,240,2026-07-27T22:15:00+08:00
afa2ab22-10a3-4e2f-aab9-fab2cbb62b4c,M-1003,SESS-20260727-5762-0017,RENTAL_ACCRUAL,5,296,2026-07-27T22:45:00+08:00
f2e946a6-5737-42f9-ac91-fe6449ea4de1,M-1204,SESS-20260727-2389-0018,RENTAL_REDEMPTION,-100,73,2026-07-27T18:45:00+08:00
593280b2-5d09-4594-8694-f68f777e34f4,M-1204,SESS-20260727-2389-0018,RENTAL_ACCRUAL,20,93,2026-07-27T20:45:00+08:00
c0c54e7a-57fa-4720-8a4a-49f55cb57062,M-1274,SESS-20260727-3131-0019,RENTAL_ACCRUAL,40,633,2026-07-27T16:30:00+08:00
168d519b-e387-4c29-b394-10fdee440d6c,M-1139,SESS-20260727-9655-0020,RENTAL_ACCRUAL,108,267,2026-07-28T01:15:00+08:00
a3d79757-aa47-448f-afbb-21a099336e38,M-1683,SESS-20260727-1962-0021,RENTAL_ACCRUAL,43,929,2026-07-27T14:45:00+08:00
03d91865-9f66-4a2a-b40b-3aae42047876,M-2166,SESS-20260727-6798-0022,RENTAL_ACCRUAL,10,39,2026-07-27T22:45:00+08:00
e702fcb7-f74a-409e-a64e-af758d2f3a5f,M-1334,SESS-20260727-2313-0023,RENTAL_REDEMPTION,-100,177,2026-07-27T20:30:00+08:00
c9de44c7-49c5-4a51-80fa-59c093377a8a,M-1334,SESS-20260727-2313-0023,RENTAL_ACCRUAL,5,182,2026-07-27T22:30:00+08:00
e267d571-9a46-42ae-aa41-f044a630ff5e,M-1661,SESS-20260727-3539-0024,RENTAL_ACCRUAL,9,2697,2026-07-27T12:15:00+08:00
a5e6eaf1-def1-4e73-a058-67881d765026,M-1721,SESS-20260727-2631-0025,RENTAL_ACCRUAL,40,249,2026-07-28T00:45:00+08:00
f0f74ca1-5071-45a5-97b5-01b5c5a8c4da,M-1606,SESS-20260727-2699-0026,RENTAL_ACCRUAL,18,712,2026-07-27T21:30:00+08:00
84aaa62d-856a-4da8-9e8f-fcbff3d109fc,M-1190,SESS-20260727-1133-0027,RENTAL_ACCRUAL,45,213,2026-07-28T01:15:00+08:00
87cd2184-3302-4150-ab16-dc3181728743,M-1686,SESS-20260727-3329-0028,RENTAL_ACCRUAL,11,183,2026-07-27T14:30:00+08:00
c901982f-dfb7-4f07-85db-b2bd0f67adcf,M-1172,SESS-20260727-1193-0029,RENTAL_ACCRUAL,30,371,2026-07-28T00:45:00+08:00
bb843b86-9d82-46b9-91ae-a787e432c559,M-1325,SESS-20260727-6211-0030,RENTAL_ACCRUAL,5,276,2026-07-27T02:45:00+08:00
3e0f8a88-984d-4cb7-b395-16da1920d5be,M-1483,SESS-20260727-6435-0031,RENTAL_ACCRUAL,67,413,2026-07-27T19:45:00+08:00
53b3543e-5529-4295-9577-bc4339e4aee1,M-2195,SESS-20260727-5351-0032,RENTAL_ACCRUAL,25,157,2026-07-28T03:30:00+08:00
b374c7c8-2c56-48a0-89d9-e1328190c457,M-1268,SESS-20260727-5506-0033,RENTAL_ACCRUAL,10,22,2026-07-27T19:15:00+08:00
ea00b356-6dfc-499d-86d1-f97cd0ed409c,M-1173,SESS-20260727-6643-0034,RENTAL_ACCRUAL,28,342,2026-07-27T16:15:00+08:00
21b36983-f9ff-48d9-959c-59dcf67d695a,M-1343,SESS-20260727-5314-0035,RENTAL_ACCRUAL,40,380,2026-07-27T16:30:00+08:00
00d404f5-09fd-4f8e-a223-6053d199dcc9,M-1786,SESS-20260727-4461-0036,RENTAL_ACCRUAL,6,521,2026-07-27T23:20:00+08:00
410ff6bc-398e-467e-a91f-60862d3f776a,M-1379,SESS-20260727-7132-0037,RENTAL_ACCRUAL,5,311,2026-07-27T13:15:00+08:00
4934e87f-3e2a-4ce8-a28c-7edb8313b8c1,M-1083,SESS-20260727-9820-0038,RENTAL_ACCRUAL,67,400,2026-07-27T20:30:00+08:00
b05f5bbd-a23a-4c28-a895-ad39038dc75e,M-1732,SESS-20260727-7186-0039,RENTAL_ACCRUAL,18,357,2026-07-27T11:00:00+08:00
d759caab-5d95-46e5-a380-d4a88814b546,M-1679,SESS-20260727-7807-0040,RENTAL_ACCRUAL,72,504,2026-07-28T06:45:00+08:00
f1cc7dcd-1489-4d12-a360-312e90433c7f,M-2072,SESS-20260727-2143-0041,RENTAL_ACCRUAL,5,55,2026-07-27T20:30:00+08:00
06c944ce-216b-4180-a22f-347d1bada4f8,M-1643,SESS-20260727-9119-0042,RENTAL_ACCRUAL,11,376,2026-07-27T19:15:00+08:00
0d0a3588-c18b-44bf-a49c-8c0257cb54fa,M-1110,SESS-20260727-1308-0043,RENTAL_ACCRUAL,5,357,2026-07-28T00:00:00+08:00
c1ac175b-0d00-43eb-a38b-c593d485a0e7,M-1195,SESS-20260727-7147-0044,RENTAL_REDEMPTION,-100,255,2026-07-27T21:45:00+08:00
0aea76d1-c114-4b70-ada5-7f602699a6ba,M-1195,SESS-20260727-7147-0044,RENTAL_ACCRUAL,7,262,2026-07-27T22:45:00+08:00
7214e821-2cd3-46d3-882b-9ef24b02f38a,M-1566,SESS-20260727-1400-0045,RENTAL_ACCRUAL,28,484,2026-07-27T17:30:00+08:00
a285e00a-6442-46e0-ad08-14fd9c04685c,M-1458,SESS-20260727-1097-0046,RENTAL_REDEMPTION,-100,5,2026-07-27T21:40:00+08:00
1115c054-3300-4288-9cf0-43bb9370b685,M-1458,SESS-20260727-1097-0046,RENTAL_ACCRUAL,5,10,2026-07-27T23:40:00+08:00
aaa742c9-69d6-48e6-bcc6-5d3908e8677c,M-1580,SESS-20260727-3791-0047,RENTAL_ACCRUAL,67,565,2026-07-28T00:50:00+08:00
2d872d2b-c206-46b2-9adf-1fd58e1a6a43,M-1413,SESS-20260727-2681-0048,RENTAL_ACCRUAL,11,252,2026-07-27T20:30:00+08:00
baae848b-1ca6-4922-b42b-42b06a6a1409,M-1203,SESS-20260727-1181-0049,RENTAL_REDEMPTION,-100,32,2026-07-27T06:00:00+08:00
786aa0bc-4494-4718-896e-01242f709132,M-1203,SESS-20260727-1181-0049,RENTAL_ACCRUAL,5,37,2026-07-27T08:00:00+08:00
73f375a6-c984-4ba2-bcfa-6fc66fc30bfb,M-1992,SESS-20260727-2851-0050,RENTAL_ACCRUAL,15,171,2026-07-28T01:00:00+08:00
ad70deb2-c32e-4ce2-b960-06ec4f8c7372,M-1704,SESS-20260727-4753-0051,RENTAL_ACCRUAL,16,311,2026-07-27T12:45:00+08:00
ef7d1160-b436-434f-961c-062758381170,M-1508,SESS-20260727-5971-0052,RENTAL_REDEMPTION,-100,470,2026-07-27T20:00:00+08:00
f1597b39-a17c-440e-a65d-dc0fc4fca124,M-1508,SESS-20260727-5971-0052,RENTAL_ACCRUAL,5,475,2026-07-27T22:00:00+08:00
1dbea882-5573-427e-bc8b-760f1d7c0e21,M-1367,SESS-20260727-9998-0053,RENTAL_ACCRUAL,72,405,2026-07-27T22:15:00+08:00
a9eb2f2e-8dda-4b02-ae01-a42919c90d2b,M-1583,SESS-20260727-5831-0054,RENTAL_ACCRUAL,11,103,2026-07-27T11:00:00+08:00
dbd7d857-5fe9-4425-9251-43bfc4227f5f,M-1457,SESS-20260727-6615-0055,RENTAL_ACCRUAL,16,285,2026-07-27T06:30:00+08:00
2a746d14-27c0-43f2-ab3a-3c8214130f24,M-1764,SESS-20260727-3487-0056,RENTAL_REDEMPTION,-100,71,2026-07-27T08:15:00+08:00
b62bfea5-23e2-4ddc-bfc6-c6edad4458c1,M-1764,SESS-20260727-3487-0056,RENTAL_ACCRUAL,21,92,2026-07-27T13:15:00+08:00
019be649-d81f-4bf9-a187-20f806934d05,M-1577,SESS-20260727-9350-0057,RENTAL_REDEMPTION,-100,64,2026-07-27T14:15:00+08:00
67ac4f47-4dfe-4551-ab43-8856552c635f,M-1577,SESS-20260727-9350-0057,RENTAL_ACCRUAL,21,85,2026-07-27T19:15:00+08:00
48a4359c-1489-4774-a2ac-a43275a16cd5,M-1130,SESS-20260727-4426-0058,RENTAL_ACCRUAL,28,112,2026-07-28T04:30:00+08:00
008bda9b-12e7-4829-b033-9cc5189be399,M-1930,SESS-20260727-9108-0059,RENTAL_ACCRUAL,28,267,2026-07-27T21:30:00+08:00
9967e857-e580-48b3-857a-6e4816ba2547,M-1264,SESS-20260727-8508-0060,RENTAL_ACCRUAL,45,586,2026-07-27T23:15:00+08:00
2685e69d-a2ae-43be-b5e8-26676a5d8a90,M-1486,SESS-20260727-7193-0061,RENTAL_ACCRUAL,5,96,2026-07-27T12:15:00+08:00
633501c0-cdc2-46bd-82e0-d63f4fb4471c,M-1913,SESS-20260727-8277-0062,RENTAL_ACCRUAL,15,120,2026-07-28T00:45:00+08:00
b11edfe3-a18a-487c-a6fa-d20dc90d2263,M-1840,SESS-20260727-5312-0063,RENTAL_ACCRUAL,19,1571,2026-07-27T04:45:00+08:00
a5ffeecd-5d49-40dc-925b-d7d3db7cf648,M-1483,SESS-20260727-3601-0064,RENTAL_ACCRUAL,45,458,2026-07-28T04:15:00+08:00
77b083f7-32be-422c-94c5-60f9f118ad60,M-1837,SESS-20260727-5777-0065,RENTAL_ACCRUAL,16,116,2026-07-27T19:00:00+08:00
165ec4fb-d5fa-4234-b0f9-729225558711,M-1162,SESS-20260727-3090-0066,RENTAL_ACCRUAL,18,182,2026-07-27T22:00:00+08:00
193d4ee7-62c8-4658-82b5-0f1bf6f311d0,M-1451,SESS-20260727-1494-0067,RENTAL_REDEMPTION,-100,265,2026-07-27T19:15:00+08:00
8c0e6809-ca55-45ed-9c0c-602fd2ccb8d1,M-1451,SESS-20260727-1494-0067,RENTAL_ACCRUAL,2,267,2026-07-27T20:15:00+08:00
070486dc-ed32-4555-ada6-4e546b4eae24,M-1431,SESS-20260727-1316-0068,RENTAL_ACCRUAL,11,492,2026-07-27T15:45:00+08:00
10c4d855-8fa4-48b1-b2ee-345ddf96fe73,M-1562,SESS-20260727-8389-0069,RENTAL_ACCRUAL,27,985,2026-07-27T22:15:00+08:00
20957025-998c-4376-8445-949dbbddbfe5,M-1074,SESS-20260727-3479-0070,RENTAL_ACCRUAL,27,405,2026-07-28T00:55:00+08:00
3b43991f-3505-4759-a528-6b2006bad801,M-1511,SESS-20260727-1703-0071,RENTAL_ACCRUAL,6,462,2026-07-27T16:50:00+08:00
71897819-ea95-4d02-8594-9f93934ab1fe,M-1572,SESS-20260727-8623-0072,RENTAL_ACCRUAL,11,221,2026-07-27T21:30:00+08:00
895521b0-3cec-4b8a-bcc7-c012f377105d,M-1150,SESS-20260727-5279-0073,RENTAL_ACCRUAL,16,287,2026-07-28T01:45:00+08:00
67fe1a4c-e3f0-4f58-82f9-a0cd3d185312,M-1816,SESS-20260727-4919-0074,RENTAL_ACCRUAL,28,137,2026-07-28T02:45:00+08:00
9e16ea76-88c1-4c0f-9845-e9a37965229a,M-1801,SESS-20260727-2309-0075,RENTAL_REDEMPTION,-100,147,2026-07-27T15:30:00+08:00
1bdcb49d-bd97-48dd-a354-6a8b91d7dcd9,M-1801,SESS-20260727-2309-0075,RENTAL_ACCRUAL,5,152,2026-07-27T17:30:00+08:00
3dc56308-955c-4590-90b8-4fcf1fcd385d,M-1555,SESS-20260727-7796-0076,RENTAL_ACCRUAL,13,124,2026-07-27T23:50:00+08:00
f18a3fc1-a084-462c-9119-e8099f8f0f8d,M-1947,SESS-20260727-5700-0077,RENTAL_REDEMPTION,-100,81,2026-07-27T18:45:00+08:00
da3e370e-7463-405c-910d-281487ae8e1b,M-1947,SESS-20260727-5700-0077,RENTAL_ACCRUAL,2,83,2026-07-27T19:45:00+08:00
7f65ccad-5321-4d2a-b750-80b2380804de,M-1518,SESS-20260727-1905-0078,RENTAL_ACCRUAL,16,413,2026-07-28T00:15:00+08:00
b40523ab-4fc8-4bfa-9c09-3731d2c37302,M-1158,SESS-20260727-9551-0079,RENTAL_ACCRUAL,108,285,2026-07-27T22:45:00+08:00
ccd55f09-3b9a-406b-b02b-36d39e277973,M-1810,SESS-20260727-9423-0080,RENTAL_ACCRUAL,16,251,2026-07-27T11:30:00+08:00
05b56b60-b3ea-4eef-a685-ab7911a9c2c6,M-1107,SESS-20260727-9572-0081,RENTAL_REDEMPTION,-100,21,2026-07-27T13:15:00+08:00
249bfe29-4181-4762-9fad-ce9fe4a31eaf,M-1107,SESS-20260727-9572-0081,RENTAL_ACCRUAL,10,31,2026-07-27T16:15:00+08:00
1f164577-874d-471e-a6b4-0cbebe94b89e,M-1107,TIER_UPGRADE_Standard_TO_Silver,TIER_BONUS,50,81,2026-07-27T16:15:00+08:00
9b745a6a-91a6-4871-a25e-119069542c5c,M-1791,SESS-20260727-5533-0082,RENTAL_ACCRUAL,67,248,2026-07-27T19:00:00+08:00
9cc6006b-4bc6-4e07-adbf-bfc141fc3740,M-1467,SESS-20260727-2208-0083,RENTAL_ACCRUAL,28,389,2026-07-27T13:45:00+08:00
6a1059c8-734f-4276-86a1-c16a9ec1e924,M-1604,SESS-20260727-5968-0084,RENTAL_ACCRUAL,11,85,2026-07-28T00:30:00+08:00
2ef89c4d-ae8a-44c7-87d8-497def61f88c,M-1101,SESS-20260727-9813-0085,RENTAL_ACCRUAL,6,389,2026-07-27T18:15:00+08:00
dfeedca6-00d1-4672-8d6f-b996b6540420,M-2000,SESS-20260727-9056-0086,RENTAL_ACCRUAL,5,333,2026-07-28T00:25:00+08:00
696dd682-1bca-44cf-854d-5c6cb3e2aeec,M-1768,SESS-20260727-2394-0087,RENTAL_ACCRUAL,18,49,2026-07-27T15:00:00+08:00
e5b6c2c9-031e-4d39-9ec5-5159b7e4bdd8,M-1345,SESS-20260727-6293-0088,RENTAL_ACCRUAL,11,253,2026-07-27T21:10:00+08:00
7181a667-29e5-49eb-bf4f-0a432e1c5b8f,M-1625,SESS-20260727-4700-0089,RENTAL_ACCRUAL,30,2542,2026-07-28T03:45:00+08:00
248f6dc1-c2aa-4c17-b11c-a2bf2a8b7811,M-1176,SESS-20260727-6231-0090,RENTAL_ACCRUAL,108,313,2026-07-28T04:45:00+08:00
2ab53d07-62dc-465a-9739-40c16f0e0405,M-1538,SESS-20260727-4851-0091,RENTAL_ACCRUAL,11,243,2026-07-27T19:55:00+08:00
e3e341ca-7b02-4f3c-afa2-1ed147f20182,M-1366,SESS-20260727-5089-0092,RENTAL_ACCRUAL,11,336,2026-07-28T00:45:00+08:00
7e254250-d891-457b-9bdd-14b73e8b3c7d,M-1278,SESS-20260727-3082-0093,RENTAL_ACCRUAL,45,370,2026-07-27T16:30:00+08:00
11d12718-dc75-4782-bbf6-282b33298caf,M-1365,SESS-20260727-3551-0094,RENTAL_ACCRUAL,27,55,2026-07-27T16:45:00+08:00
f16ca977-21db-406e-b673-d1ab6d78896c,M-1189,SESS-20260727-9277-0095,RENTAL_ACCRUAL,5,122,2026-07-27T15:00:00+08:00
5161def9-1f44-4065-94d1-d1e2f73ab07b,M-1940,SESS-20260727-5571-0096,RENTAL_ACCRUAL,10,42,2026-07-27T19:45:00+08:00
17b5c37d-ee33-43e7-aef3-381da5b91cfc,M-1900,SESS-20260727-9696-0097,RENTAL_ACCRUAL,10,126,2026-07-27T16:00:00+08:00
ab008ecb-908d-4de4-8a82-87d846bf3c9b,M-1940,SESS-20260727-7518-0098,RENTAL_ACCRUAL,16,58,2026-07-28T00:10:00+08:00
a40124c9-6aaf-4ad5-a71f-46f624d903de,M-1288,SESS-20260727-2038-0099,RENTAL_ACCRUAL,14,974,2026-07-27T21:45:00+08:00
8c2e31b7-e692-42c9-afcb-cb218f450551,M-1611,SESS-20260727-7060-0100,RENTAL_ACCRUAL,43,338,2026-07-28T01:45:00+08:00
6bd7855d-c045-43d1-a1c9-ca3cd2d3168b,M-1590,SESS-20260727-9990-0101,RENTAL_ACCRUAL,40,109,2026-07-27T19:40:00+08:00
691dc888-bc80-44f9-b179-35ca362b6373,M-1578,SESS-20260727-5298-0102,RENTAL_ACCRUAL,18,158,2026-07-28T01:45:00+08:00
7881eab4-824f-4f8e-a589-b9ae8233b897,M-1185,SESS-20260727-3199-0103,RENTAL_REDEMPTION,-200,200,2026-07-27T22:15:00+08:00
8073b227-224f-4d12-b01c-3c21267f77de,M-1185,SESS-20260727-3199-0103,RENTAL_ACCRUAL,15,215,2026-07-28T03:15:00+08:00
4af52fcf-d603-4a9d-a285-d69a6d279bb3,M-1368,SESS-20260727-6680-0104,RENTAL_ACCRUAL,11,93,2026-07-27T22:30:00+08:00
97fd7f16-9c40-4b44-809f-870046df4ab9,M-1402,SESS-20260727-2130-0105,RENTAL_ACCRUAL,27,389,2026-07-27T23:10:00+08:00
df36d8a3-54ab-4103-9349-648d7355e889,M-1053,SESS-20260727-7488-0106,RENTAL_ACCRUAL,27,377,2026-07-27T18:15:00+08:00
fdea491f-f092-41c4-a961-6cfafd559d9a,M-1707,SESS-20260727-8412-0107,RENTAL_REDEMPTION,-300,1031,2026-07-27T18:30:00+08:00
c79908f0-c13c-41bc-a254-8e4e4f5caffd,M-1707,SESS-20260727-8412-0107,RENTAL_ACCRUAL,6,1037,2026-07-27T20:30:00+08:00
e8e0fd15-f5a7-4a29-93d4-c4b892a377d7,M-1417,SESS-20260727-7877-0108,RENTAL_ACCRUAL,27,287,2026-07-28T02:15:00+08:00
8b99e34f-27be-491b-806b-e06d4b798d7d,M-1177,SESS-20260727-4905-0109,RENTAL_ACCRUAL,16,208,2026-07-28T01:05:00+08:00
2066427d-d532-4279-9462-89ed7916e289,M-1347,SESS-20260727-2951-0110,RENTAL_ACCRUAL,6,3261,2026-07-27T10:45:00+08:00
d8faccea-6dc9-41b9-8833-542e66ec6f52,M-1349,SESS-20260727-5371-0111,RENTAL_ACCRUAL,45,263,2026-07-27T20:45:00+08:00
c6825c67-a00d-4b1a-8166-17ad606e3f85,M-1640,SESS-20260727-1664-0112,RENTAL_ACCRUAL,16,574,2026-07-27T18:10:00+08:00
074f5c6f-dd3d-474e-aca3-a745e6005105,M-1971,SESS-20260727-5630-0113,RENTAL_ACCRUAL,45,251,2026-07-28T04:15:00+08:00
c7bb8115-92f8-4e8e-ae24-3f5d793298b4,M-1795,SESS-20260727-9475-0114,RENTAL_ACCRUAL,11,121,2026-07-27T19:15:00+08:00
23472442-5a7a-44db-9169-d6df7f874013,M-1096,SESS-20260727-5758-0115,RENTAL_ACCRUAL,16,157,2026-07-28T00:35:00+08:00
f7fcbb15-33f3-479e-88c2-9b45b7508ef2,M-1269,SESS-20260727-1657-0116,RENTAL_ACCRUAL,45,234,2026-07-27T16:15:00+08:00
2d7ab695-df1c-4a1f-9c1b-819e1c0a7072,M-1653,SESS-20260727-9298-0117,RENTAL_ACCRUAL,11,179,2026-07-27T21:25:00+08:00
0b6f530f-f5f3-43bd-a0d1-b3c93ca5f7b0,M-1642,SESS-20260727-5540-0118,RENTAL_REDEMPTION,-100,74,2026-07-27T21:30:00+08:00
7e3075b3-ec1c-4514-baaa-772ba48823cb,M-1642,SESS-20260727-5540-0118,RENTAL_ACCRUAL,4,78,2026-07-27T23:30:00+08:00
8852cfdb-2f68-4802-9366-3e35749734e9,M-1396,SESS-20260727-2369-0119,RENTAL_ACCRUAL,28,278,2026-07-28T03:30:00+08:00
e2e3ef4d-5c49-4157-af67-0224ff4239c8,M-1183,SESS-20260727-8285-0120,RENTAL_ACCRUAL,5,107,2026-07-27T14:00:00+08:00
2067e292-7328-4b3f-8cb9-b2934a7ea093,M-1728,SESS-20260727-1143-0121,RENTAL_REDEMPTION,-100,329,2026-07-27T20:30:00+08:00
c12a3136-0236-4e5f-9ff9-10236193280e,M-1728,SESS-20260727-1143-0121,RENTAL_ACCRUAL,5,334,2026-07-27T22:30:00+08:00
24266607-9b49-4aba-9e20-f66ef7cc9509,M-1022,SESS-20260727-1371-0122,RENTAL_REDEMPTION,-100,106,2026-07-27T14:00:00+08:00
5f3cc535-67ae-4843-a503-38282c17d54c,M-1022,SESS-20260727-1371-0122,RENTAL_ACCRUAL,20,126,2026-07-27T16:00:00+08:00
3ef9984b-1c7f-4417-8981-b009151b10f0,M-1228,SESS-20260727-9401-0123,RENTAL_ACCRUAL,5,285,2026-07-27T22:20:00+08:00
609a4c22-50e2-45fd-b4e9-343274567a95,M-1266,SESS-20260727-2628-0124,RENTAL_ACCRUAL,5,369,2026-07-27T20:20:00+08:00
75528c36-0fab-4ed1-9217-1b6a3efdf089,M-2075,SESS-20260727-8938-0125,RENTAL_ACCRUAL,10,162,2026-07-27T22:00:00+08:00
5d90f26b-86ee-4bf6-b840-0faacebbda5e,M-1574,SESS-20260727-9777-0126,RENTAL_REDEMPTION,-200,71,2026-07-27T16:00:00+08:00
e8ef0dd6-f111-4554-bc6a-b05f28405349,M-1574,SESS-20260727-9777-0126,RENTAL_ACCRUAL,4,75,2026-07-27T19:00:00+08:00
4c0e9228-f5ed-4232-ba86-4737d49333c2,M-1783,SESS-20260727-6970-0127,RENTAL_ACCRUAL,5,492,2026-07-27T21:45:00+08:00
dc62e7e9-e1af-483e-8094-9dd15807aafb,M-1374,SESS-20260727-9930-0128,RENTAL_ACCRUAL,16,422,2026-07-27T16:15:00+08:00
363382ad-4a88-4e75-a27f-e0bcd51a1deb,M-2114,SESS-20260727-3995-0129,RENTAL_ACCRUAL,12,165,2026-07-27T15:30:00+08:00
90e2f57a-3b07-492c-a464-420b987bd466,M-1284,SESS-20260727-3775-0130,RENTAL_ACCRUAL,11,138,2026-07-27T20:30:00+08:00
92290c71-30fd-40e3-b2a3-beb034ced5ae,M-1034,SESS-20260727-7680-0131,RENTAL_REDEMPTION,-200,7,2026-07-27T20:00:00+08:00
ed16a94e-8575-4296-9780-140bef28ff9e,M-1034,SESS-20260727-7680-0131,RENTAL_ACCRUAL,32,39,2026-07-28T04:00:00+08:00
f11c62b6-d047-4ea8-abb5-322c1c5c1d63,M-1667,SESS-20260727-6604-0132,RENTAL_REDEMPTION,-100,466,2026-07-27T15:45:00+08:00
1214963a-b29f-4480-aac2-1c87cfde3115,M-1667,SESS-20260727-6604-0132,RENTAL_ACCRUAL,2,468,2026-07-27T16:45:00+08:00
eccba8be-e969-4a7d-81b2-aaa44fd74cce,M-1299,SESS-20260727-9259-0133,RENTAL_ACCRUAL,27,448,2026-07-27T16:45:00+08:00
9c52dee1-98ad-4217-b0df-105865f22828,M-1685,SESS-20260727-3935-0134,RENTAL_ACCRUAL,9,35,2026-07-27T21:00:00+08:00
34a02d32-f37e-4b54-9d80-d4cfc97bb94f,M-1434,SESS-20260727-2556-0135,RENTAL_REDEMPTION,-100,56,2026-07-27T13:15:00+08:00
77fcffd2-a2ea-454c-8c9e-df91aa1b16bd,M-1434,SESS-20260727-2556-0135,RENTAL_ACCRUAL,10,66,2026-07-27T16:15:00+08:00
cdb5f5b9-8e9f-4327-8d71-64cff79b70d7,M-1862,SESS-20260727-5797-0136,RENTAL_ACCRUAL,15,122,2026-07-27T23:45:00+08:00
7700bc06-5aad-4da4-bf63-1ce3246be488,M-1872,SESS-20260727-6398-0137,RENTAL_ACCRUAL,24,44,2026-07-27T16:00:00+08:00
59f3421f-51ef-4a84-87eb-9998d0c9854a,M-1485,SESS-20260727-7810-0138,RENTAL_REDEMPTION,-100,102,2026-07-27T15:15:00+08:00
46f97a9d-41c2-42ca-9059-e1fd4659bbcd,M-1485,SESS-20260727-7810-0138,RENTAL_ACCRUAL,10,112,2026-07-27T18:15:00+08:00
84df47b9-f1aa-4ca6-ab3f-63dd3b1f04b0,M-1048,SESS-20260727-7277-0139,RENTAL_ACCRUAL,16,234,2026-07-27T23:40:00+08:00
ed3fa418-17da-42d9-aee4-232df2f2d2d1,M-1080,SESS-20260727-5741-0140,RENTAL_ACCRUAL,27,354,2026-07-27T16:30:00+08:00
eb7dd7e0-5f41-4810-921a-bd54788de6a8,M-1550,SESS-20260727-6408-0141,RENTAL_ACCRUAL,11,150,2026-07-27T22:15:00+08:00
5e43a28a-7062-41a6-bec7-cf04ac6045be,M-1146,SESS-20260727-6058-0142,RENTAL_REDEMPTION,-100,2528,2026-07-27T16:30:00+08:00
e4c68b72-05a6-4f9d-bd7a-ad7ee4cde3b0,M-1146,SESS-20260727-6058-0142,RENTAL_ACCRUAL,4,2532,2026-07-27T18:30:00+08:00
b6114db5-ceaa-4ab1-890c-7d9801e3182e,M-1814,SESS-20260727-4980-0143,RENTAL_ACCRUAL,16,208,2026-07-28T02:45:00+08:00
07d5e011-8e3b-4b0b-b0f1-5778ff3cea05,M-1069,SESS-20260727-8429-0144,RENTAL_ACCRUAL,16,187,2026-07-28T00:50:00+08:00
9a03032e-fe17-477d-8fab-1945f3101e18,M-1660,SESS-20260727-9475-0145,RENTAL_ACCRUAL,10,128,2026-07-27T10:00:00+08:00
9ffccdbd-6503-4def-b751-9a8ab333042a,M-1343,SESS-20260727-3003-0146,RENTAL_REDEMPTION,-100,280,2026-07-27T17:00:00+08:00
2b4c1e24-019d-4384-aa16-70e06bb5dde9,M-1343,SESS-20260727-3003-0146,RENTAL_ACCRUAL,5,285,2026-07-27T19:00:00+08:00
31373723-0442-4028-914d-46fd32108ff6,M-1782,SESS-20260727-6859-0147,RENTAL_ACCRUAL,9,132,2026-07-27T23:45:00+08:00
d50a240e-96ed-45a4-bc50-546693543eab,M-1173,SESS-20260727-5815-0148,RENTAL_ACCRUAL,19,361,2026-07-27T22:15:00+08:00
fb801d9f-92f6-4e9d-9b64-57c9688665f8,M-1944,SESS-20260727-4411-0149,RENTAL_ACCRUAL,18,407,2026-07-28T00:15:00+08:00
a1be14dd-45b4-4367-aa72-d7af52a40438,M-1291,SESS-20260727-9080-0150,RENTAL_ACCRUAL,45,244,2026-07-28T02:45:00+08:00
3d505e9e-d662-4be7-bf89-a75952e112fa,M-2038,SESS-20260727-8807-0151,RENTAL_ACCRUAL,96,196,2026-07-27T22:45:00+08:00
d1d1032b-f761-4535-b613-0515fad6dff2,M-1050,SESS-20260727-1115-0152,RENTAL_ACCRUAL,5,208,2026-07-27T18:45:00+08:00
ca8e1667-4fdd-4d71-b162-890bd167c853,M-1217,SESS-20260727-7486-0153,RENTAL_ACCRUAL,18,281,2026-07-28T00:00:00+08:00
27c02f6c-3b5a-4953-948e-6808dcdb4efe,M-1237,SESS-20260727-5504-0154,RENTAL_REDEMPTION,-200,207,2026-07-27T17:15:00+08:00
ec6db673-f223-4c0f-a46c-22480c32b483,M-1237,SESS-20260727-5504-0154,RENTAL_ACCRUAL,32,239,2026-07-27T22:15:00+08:00
2148a387-e155-4e32-804e-318f5ceda39f,M-1763,SESS-20260727-3228-0155,RENTAL_ACCRUAL,5,275,2026-07-27T20:00:00+08:00
70e54661-38e6-4ed6-a9e4-453387306c3a,M-1103,SESS-20260727-6417-0156,RENTAL_REDEMPTION,-100,41,2026-07-27T20:15:00+08:00
ffab07b6-8acf-4e9b-85a4-fe50efc73314,M-1103,SESS-20260727-6417-0156,RENTAL_ACCRUAL,10,51,2026-07-27T23:15:00+08:00
20b39067-022d-4072-bbb4-efb0d4b0033a,M-1188,SESS-20260727-9536-0157,RENTAL_REDEMPTION,-200,256,2026-07-27T17:40:00+08:00
62440ed2-9f25-40a5-9941-2d17f3861c75,M-1188,SESS-20260727-9536-0157,RENTAL_ACCRUAL,13,269,2026-07-27T20:40:00+08:00
9dcf040f-2eea-4718-9f1b-8713beba8de2,M-2099,SESS-20260727-6323-0158,RENTAL_ACCRUAL,24,229,2026-07-28T02:45:00+08:00
0b4f4869-654a-4b4c-9fd0-bd3f00380525,M-1218,SESS-20260727-3586-0159,RENTAL_ACCRUAL,27,186,2026-07-28T01:00:00+08:00
31740144-1409-4c18-b3cc-25aaee9333aa,M-1306,SESS-20260727-3230-0160,RENTAL_ACCRUAL,27,325,2026-07-27T23:45:00+08:00
f9df3a31-cf0d-4b9b-bd4b-18130954d5d2,M-1410,SESS-20260727-6918-0161,RENTAL_ACCRUAL,30,1151,2026-07-27T20:00:00+08:00
51ba496f-40ff-48dc-81d9-22c853aac6b3,M-1273,SESS-20260727-3589-0162,RENTAL_ACCRUAL,28,947,2026-07-28T03:30:00+08:00
f3e44726-fd4e-43c3-9da3-5dad1bf4f908,M-1817,SESS-20260727-3516-0163,RENTAL_ACCRUAL,11,332,2026-07-28T00:35:00+08:00
2f99a961-c6e1-41e3-aa18-81662d3fa484,M-1522,SESS-20260727-9931-0164,RENTAL_REDEMPTION,-100,380,2026-07-27T23:45:00+08:00
f14d6620-597d-424a-9168-f2e538177491,M-1522,SESS-20260727-9931-0164,RENTAL_ACCRUAL,2,382,2026-07-28T00:45:00+08:00
c64b6fb0-c03f-4c64-88ab-32b6dc1c27d1,M-1956,SESS-20260727-4085-0165,RENTAL_REDEMPTION,-100,137,2026-07-27T22:00:00+08:00
35b979de-8746-49e8-a785-588693634359,M-1956,SESS-20260727-4085-0165,RENTAL_ACCRUAL,7,144,2026-07-27T23:00:00+08:00
ad909f21-b756-433f-8f75-7a4844f9cd07,M-1014,SESS-20260727-4209-0166,RENTAL_REDEMPTION,-400,422,2026-07-27T16:45:00+08:00
166fd6ec-0acd-4bc1-a251-cdbb383ef9b2,M-1014,SESS-20260727-4209-0166,RENTAL_ACCRUAL,83,505,2026-07-28T00:45:00+08:00
06e64d1b-cf53-4370-a39c-7ae9115a8ade,M-1014,TIER_UPGRADE_Silver_TO_Gold,TIER_BONUS,100,605,2026-07-28T00:45:00+08:00
1739e87e-f235-4142-9d33-598a0f595695,M-1820,SESS-20260727-4014-0167,RENTAL_ACCRUAL,11,388,2026-07-27T21:30:00+08:00
2cbcde89-92d1-4545-9b9f-73e1deae98e1,M-1472,SESS-20260727-7324-0168,RENTAL_REDEMPTION,-100,11,2026-07-27T22:35:00+08:00
eced72ce-6645-487b-b568-4040d0dbbe5e,M-1472,SESS-20260727-7324-0168,RENTAL_ACCRUAL,21,32,2026-07-28T03:35:00+08:00
1b3807fd-312a-419d-b4de-47c506981124,M-1420,SESS-20260727-1581-0169,RENTAL_ACCRUAL,45,668,2026-07-28T03:45:00+08:00
0b9e4f62-8977-47af-a409-c507ac2c7831,M-1778,SESS-20260727-3988-0170,RENTAL_ACCRUAL,45,166,2026-07-27T17:30:00+08:00
c6f7845b-6bd8-47fa-ae29-c23388cd9864,M-1136,SESS-20260727-7725-0171,RENTAL_ACCRUAL,11,222,2026-07-28T01:55:00+08:00
5a263764-4f2c-40b4-9993-6c32f482fe7f,M-1668,SESS-20260727-5639-0172,RENTAL_ACCRUAL,9,80,2026-07-27T22:10:00+08:00
2457bd07-c8a3-48e2-bc46-855174ee2763,M-1652,SESS-20260727-8314-0173,RENTAL_REDEMPTION,-100,247,2026-07-27T16:15:00+08:00
dd2f9c23-605f-46fe-a921-461a4260390f,M-1652,SESS-20260727-8314-0173,RENTAL_ACCRUAL,20,267,2026-07-27T19:15:00+08:00
75f51703-f01b-469c-bdf6-263321858e03,M-1448,SESS-20260727-7840-0174,RENTAL_REDEMPTION,-100,88,2026-07-27T00:55:00+08:00
f9780f42-1c4a-48a2-89b8-aeffbaca8b8d,M-1448,SESS-20260727-7840-0174,RENTAL_ACCRUAL,7,95,2026-07-27T01:55:00+08:00
bb17d724-d60e-4c53-ae23-711a720e3357,M-1680,SESS-20260727-4294-0175,RENTAL_ACCRUAL,11,336,2026-07-27T23:45:00+08:00
7784939d-fb00-4f8b-b3a4-f80997701607,M-1450,SESS-20260727-5878-0176,RENTAL_ACCRUAL,27,255,2026-07-27T10:45:00+08:00
211bd8e9-38ae-40b0-be63-796766a7691a,M-1627,SESS-20260727-1341-0177,RENTAL_ACCRUAL,5,316,2026-07-27T18:00:00+08:00
ee6f3c92-5199-4be6-ac97-01ff70bda2de,M-1257,SESS-20260727-2082-0178,RENTAL_ACCRUAL,27,155,2026-07-28T00:00:00+08:00
8fbfcf0c-3437-45f1-b358-f5d5af3a3035,M-1912,SESS-20260727-3209-0179,RENTAL_ACCRUAL,36,234,2026-07-27T23:15:00+08:00
5486bf31-7bce-4f8f-9040-e778443558f5,M-1948,SESS-20260727-8369-0180,RENTAL_ACCRUAL,8,87,2026-07-27T23:30:00+08:00
830d4d3b-be42-4927-a1db-b99bcf7d3201,M-1094,SESS-20260727-9126-0181,RENTAL_REDEMPTION,-100,430,2026-07-27T22:15:00+08:00
ce35cd4b-0b66-44f3-bf88-730f55c51280,M-1094,SESS-20260727-9126-0181,RENTAL_ACCRUAL,2,432,2026-07-27T23:15:00+08:00
c31a0bfe-6b0f-4cdc-9ad4-d99bef9c94a4,M-1384,SESS-20260727-8480-0182,RENTAL_REDEMPTION,-100,1194,2026-07-27T20:25:00+08:00
bfb693fa-2649-4fdc-b55e-4d87c6533ea5,M-1384,SESS-20260727-8480-0182,RENTAL_ACCRUAL,2,1196,2026-07-27T21:25:00+08:00
13b85a33-8ec1-4e61-96f4-016c70a69c94,M-1975,SESS-20260727-2874-0183,RENTAL_ACCRUAL,15,103,2026-07-28T01:15:00+08:00
291aab91-9f4b-4c36-813d-bbeeb841dc27,M-1256,SESS-20260727-8105-0184,RENTAL_REDEMPTION,-100,51,2026-07-27T19:00:00+08:00
f168eb78-eaa0-454e-9cdb-053745f0db5b,M-1256,SESS-20260727-8105-0184,RENTAL_ACCRUAL,5,56,2026-07-27T21:00:00+08:00
4da419c5-e4ca-4aab-b57a-b90a986e54be,M-1878,SESS-20260727-5020-0185,RENTAL_ACCRUAL,12,91,2026-07-28T00:45:00+08:00
4665e7aa-8f6b-4405-821c-ac9ed21dbee7,M-1841,SESS-20260727-2920-0186,RENTAL_ACCRUAL,45,536,2026-07-28T04:55:00+08:00
6c4bf6fd-7b09-457c-9d65-49fca84d5457,M-1620,SESS-20260727-9523-0187,RENTAL_REDEMPTION,-100,280,2026-07-27T23:10:00+08:00
11427a18-84db-45f2-a8dd-1cc2608145eb,M-1620,SESS-20260727-9523-0187,RENTAL_ACCRUAL,34,314,2026-07-28T02:10:00+08:00
34205151-3d7f-45c7-b812-030d745344d1,M-1197,SESS-20260727-1132-0188,RENTAL_ACCRUAL,27,170,2026-07-27T18:45:00+08:00
197cce82-6c19-43a8-8f4b-01130a23a3b8,M-1659,SESS-20260727-7518-0189,RENTAL_REDEMPTION,-100,252,2026-07-27T20:00:00+08:00
f5676e55-3e62-4350-a815-9fcf68416cab,M-1659,SESS-20260727-7518-0189,RENTAL_ACCRUAL,21,273,2026-07-28T01:00:00+08:00
34eb5dec-da42-444a-bd86-3ad00955f0be,M-1182,SESS-20260727-5931-0190,RENTAL_ACCRUAL,5,104,2026-07-27T20:15:00+08:00
9dbda9c6-0fdc-45b2-ad8e-13204fc38399,M-1251,SESS-20260727-8428-0191,RENTAL_REDEMPTION,-100,30,2026-07-27T22:30:00+08:00
6a393336-c7aa-45f3-98a5-042ed03f2c71,M-1251,SESS-20260727-8428-0191,RENTAL_ACCRUAL,5,35,2026-07-28T00:30:00+08:00
afde9f8f-5085-4ec3-881c-ec30d3c75574,M-1779,SESS-20260727-5402-0192,RENTAL_ACCRUAL,45,333,2026-07-28T02:15:00+08:00
2b94f9bb-b37e-45f9-aefa-8cbe6cca6dcc,M-1503,SESS-20260727-3406-0193,RENTAL_ACCRUAL,72,671,2026-07-28T03:30:00+08:00
acd8f32a-b35b-4fec-9845-8d938b440122,M-1230,SESS-20260727-3695-0194,RENTAL_ACCRUAL,27,851,2026-07-27T15:45:00+08:00
bed95bc5-69d6-432d-9a7f-cbf7ed6d1167,M-1393,SESS-20260727-1054-0195,RENTAL_ACCRUAL,45,198,2026-07-28T04:55:00+08:00
5d34c4f4-4da4-46ae-82e9-9f45409c9489,M-1221,SESS-20260727-6617-0196,RENTAL_ACCRUAL,12,1901,2026-07-27T13:15:00+08:00
3680b4a1-a00b-4762-903a-44f79f7c15ad,M-1815,SESS-20260727-6446-0197,RENTAL_ACCRUAL,5,172,2026-07-27T21:05:00+08:00
d242a2bd-18de-4108-b79f-c3095bcbef55,M-2020,SESS-20260727-5776-0198,RENTAL_ACCRUAL,40,138,2026-07-28T06:45:00+08:00
86680403-ca34-4a4b-955f-9a0d8ce28f1d,M-1071,SESS-20260727-1976-0199,RENTAL_ACCRUAL,11,205,2026-07-27T22:25:00+08:00
14608c83-5c26-4f17-bf06-3a7967a91f91,M-1415,SESS-20260727-6395-0200,RENTAL_ACCRUAL,6,1234,2026-07-27T14:30:00+08:00
6e9f4073-9b61-4705-a061-90dd021acbd5,M-1229,SESS-20260727-8636-0201,RENTAL_ACCRUAL,18,67,2026-07-28T01:45:00+08:00
b32ef706-e56e-4762-b36f-37b9b54073dd,M-1557,SESS-20260727-2784-0202,RENTAL_ACCRUAL,16,235,2026-07-27T16:15:00+08:00
a6f5266b-bb6c-4d7f-b476-20c238ad8bbf,M-1651,SESS-20260727-9891-0203,RENTAL_ACCRUAL,11,323,2026-07-27T22:25:00+08:00
f6b683f5-c460-4a36-9e14-c01bc5b455cf,M-1962,SESS-20260727-6769-0204,RENTAL_ACCRUAL,15,95,2026-07-27T17:30:00+08:00
f15492e7-9503-4f11-a4a2-af21dade4747,M-1284,SESS-20260727-2119-0205,RENTAL_ACCRUAL,27,165,2026-07-28T02:15:00+08:00
9d924a3c-d526-416d-ba30-138a9086eb29,M-1526,SESS-20260727-4641-0206,RENTAL_ACCRUAL,13,857,2026-07-27T23:50:00+08:00
434a9456-efb8-4012-a6f1-cf520a1c99e3,M-1978,SESS-20260727-1057-0207,RENTAL_ACCRUAL,10,176,2026-07-28T01:00:00+08:00
54707b1b-3c93-4ca6-bb35-d8ca7452ca8a,M-2191,SESS-20260727-2412-0208,RENTAL_ACCRUAL,8,125,2026-07-27T20:25:00+08:00
e5817fb1-a2b0-4521-85e9-3063d84b4cad,M-1507,SESS-20260727-2947-0209,RENTAL_ACCRUAL,11,263,2026-07-27T19:15:00+08:00
9662d131-2ed6-4ca5-89d4-0d69fb3ca5d8,M-1474,SESS-20260727-1516-0210,RENTAL_ACCRUAL,28,176,2026-07-28T03:45:00+08:00
f0b0adfb-e1b0-4b9e-a482-c38fd743e96d,M-1405,SESS-20260727-4536-0211,RENTAL_ACCRUAL,18,255,2026-07-27T23:45:00+08:00
564b2651-4468-4a8b-b0c4-8b71d0222526,M-1864,SESS-20260727-4970-0212,RENTAL_ACCRUAL,10,195,2026-07-27T23:00:00+08:00
e36201e8-c7ec-4e9f-b47a-75cec0c6cc0f,M-1428,SESS-20260727-3594-0213,RENTAL_ACCRUAL,5,160,2026-07-27T17:10:00+08:00
50452e2d-79cb-4236-a625-e92913109626,M-1105,SESS-20260727-9580-0214,RENTAL_ACCRUAL,5,566,2026-07-27T20:15:00+08:00
b3a64008-10a8-4862-bbea-6fd395a1b224,M-1009,SESS-20260727-5176-0215,RENTAL_REDEMPTION,-100,27,2026-07-27T22:45:00+08:00
b9b1fa62-e7ec-4897-ab15-8620904aa189,M-1009,SESS-20260727-5176-0215,RENTAL_ACCRUAL,21,48,2026-07-28T03:45:00+08:00
2ccc03f4-1531-4f71-8e1c-c97aaad3872a,M-1640,SESS-20260727-9032-0216,RENTAL_REDEMPTION,-200,374,2026-07-27T21:30:00+08:00
6ff691bb-1c81-459d-b091-4e32da758395,M-1640,SESS-20260727-9032-0216,RENTAL_ACCRUAL,5,379,2026-07-27T23:30:00+08:00
34554d0e-eeab-4116-9050-faf464144405,M-1806,SESS-20260727-6267-0217,RENTAL_ACCRUAL,15,95,2026-07-27T21:25:00+08:00
c8dab5fe-6fb1-4ada-a70c-b6197a5a9571,M-1536,SESS-20260727-8326-0218,RENTAL_ACCRUAL,40,278,2026-07-27T23:40:00+08:00
30b79016-4759-4995-9397-d7bc27867021,M-1107,SESS-20260727-3255-0219,RENTAL_ACCRUAL,11,92,2026-07-27T19:15:00+08:00
855fbba2-bf4c-4cac-aa4a-d0d4d449d7e7,M-1583,SESS-20260727-1917-0220,RENTAL_ACCRUAL,18,121,2026-07-28T00:15:00+08:00
76a2f7b2-6d9a-48a0-a313-b852a752e1fc,M-1540,SESS-20260727-5945-0221,RENTAL_ACCRUAL,5,220,2026-07-27T22:20:00+08:00
885fff29-d595-4518-b00b-5cab9d013fe9,M-1035,SESS-20260727-9857-0222,RENTAL_ACCRUAL,16,270,2026-07-27T21:05:00+08:00
43059447-21f2-4f03-b445-03ce65c5dbac,M-2061,SESS-20260727-1235-0223,RENTAL_ACCRUAL,5,47,2026-07-27T22:30:00+08:00
5f934029-23fe-4bc3-bc93-9f45a70b1cc4,M-1722,SESS-20260727-5908-0224,RENTAL_ACCRUAL,11,542,2026-07-28T00:10:00+08:00
a0381740-8611-4867-822b-cfd6360f03b8,M-1414,SESS-20260727-1853-0225,RENTAL_ACCRUAL,16,374,2026-07-27T22:30:00+08:00
eb8b0f93-a5b9-4b0a-b3f0-c92c27df6caf,M-1516,SESS-20260727-8096-0226,RENTAL_ACCRUAL,28,368,2026-07-28T03:30:00+08:00
682d7f30-a74c-4fab-abe0-afb182819b62,M-1915,SESS-20260727-1645-0227,RENTAL_REDEMPTION,-100,38,2026-07-27T23:50:00+08:00
0bbfba8b-6ac3-4062-a4a2-8cec6d6d47eb,M-1915,SESS-20260727-1645-0227,RENTAL_ACCRUAL,19,57,2026-07-28T01:50:00+08:00
6181fd34-470c-4690-b10e-4cd504431843,M-1541,SESS-20260727-2775-0228,RENTAL_ACCRUAL,16,451,2026-07-27T15:30:00+08:00
ec5e752d-fbd3-46f1-8643-6d502198332b,M-1282,SESS-20260727-9916-0229,RENTAL_ACCRUAL,28,218,2026-07-27T12:15:00+08:00
5f244b1d-4541-480b-bbdb-f5517a276ec3,M-1350,SESS-20260727-7737-0230,RENTAL_ACCRUAL,13,506,2026-07-27T16:40:00+08:00
a94f4aa8-a33d-4314-a866-dfcad2afc4a4,M-1995,SESS-20260727-2138-0231,RENTAL_ACCRUAL,8,135,2026-07-27T20:30:00+08:00
b060a50e-7606-4b8c-b3c3-8f136db81f68,M-1250,SESS-20260727-2908-0232,RENTAL_ACCRUAL,27,149,2026-07-27T22:15:00+08:00
cffb7a3e-e0aa-426e-b12a-adcd4f8cd6b8,M-1798,SESS-20260727-1950-0233,RENTAL_REDEMPTION,-200,173,2026-07-27T18:15:00+08:00
f2ade106-eef8-400d-b77e-713a7f1912c2,M-1798,SESS-20260727-1950-0233,RENTAL_ACCRUAL,1,174,2026-07-27T19:15:00+08:00
8d966b6b-8fc0-4c37-a7f0-9c1d0fb20a5c,M-1551,SESS-20260727-2745-0234,RENTAL_ACCRUAL,11,323,2026-07-28T01:50:00+08:00
b6173416-4b06-49da-a940-f7d665e306aa,M-1686,SESS-20260727-1764-0235,RENTAL_ACCRUAL,9,192,2026-07-27T15:45:00+08:00
93395752-5984-4597-9380-2dc9b723bc48,M-1308,SESS-20260727-6407-0236,RENTAL_ACCRUAL,9,438,2026-07-27T23:30:00+08:00
e64d5018-6d1a-42a4-bef9-6e7ddd50f8ea,M-1573,SESS-20260727-1095-0237,RENTAL_REDEMPTION,-100,506,2026-07-27T20:40:00+08:00
5ad00194-5420-4109-b08a-6a046edaa2df,M-1573,SESS-20260727-1095-0237,RENTAL_ACCRUAL,5,511,2026-07-27T22:40:00+08:00
8706bdf1-f584-4805-8d49-cb6e63a32a1c,M-1833,SESS-20260727-7013-0238,RENTAL_ACCRUAL,16,139,2026-07-27T22:00:00+08:00
accc5ff0-9d5c-47c0-ae97-50666e8d44b9,M-1665,SESS-20260727-2107-0239,RENTAL_REDEMPTION,-100,1303,2026-07-27T23:30:00+08:00
52cd8c4e-7335-418a-bc30-87e92985745e,M-1665,SESS-20260727-2107-0239,RENTAL_ACCRUAL,10,1313,2026-07-28T02:30:00+08:00
c0ffeaef-c294-4ce8-bc0f-a5286f7f15ff,M-1785,SESS-20260727-8233-0240,RENTAL_ACCRUAL,72,280,2026-07-28T02:30:00+08:00
fd0fe1a6-118e-4cc2-8a6f-305436819655,M-1525,SESS-20260727-7375-0241,RENTAL_REDEMPTION,-100,20,2026-07-27T19:15:00+08:00
42f34e13-6428-4ea7-aa0e-529c06b25c38,M-1525,SESS-20260727-7375-0241,RENTAL_ACCRUAL,5,25,2026-07-27T21:15:00+08:00
980c37ad-1d2b-48a2-b322-427b4d56c231,M-1113,SESS-20260727-8998-0242,RENTAL_ACCRUAL,5,458,2026-07-28T00:50:00+08:00
28f2f8e4-9403-476f-9374-a265ac2cf368,M-1775,SESS-20260727-5445-0243,RENTAL_ACCRUAL,12,1270,2026-07-28T01:45:00+08:00
9bf362e5-995b-4b2b-80c9-be063475edc5,M-1234,SESS-20260727-4481-0244,RENTAL_ACCRUAL,16,203,2026-07-27T05:30:00+08:00
0dbe5338-9b36-4197-bf2c-6ee1ad5fe460,M-1632,SESS-20260727-4518-0245,RENTAL_ACCRUAL,12,1310,2026-07-27T17:45:00+08:00
60bc4e0d-b8c5-48e4-b81a-ea5fe7d05f57,M-1703,SESS-20260727-6942-0246,RENTAL_ACCRUAL,16,158,2026-07-27T12:15:00+08:00
8f2cacf5-364b-4d60-b5b0-b7b81140e087,M-1605,SESS-20260727-5356-0247,RENTAL_ACCRUAL,11,307,2026-07-28T00:30:00+08:00
84ed2d31-7b7a-4262-b31a-717b983292c7,M-1877,SESS-20260727-7191-0248,RENTAL_ACCRUAL,24,30,2026-07-28T00:30:00+08:00
8916c20a-d7b2-49b5-a940-eaec6d965545,M-1303,SESS-20260727-8810-0249,RENTAL_ACCRUAL,28,2674,2026-07-28T00:15:00+08:00
1aeb24d1-a5a8-4d41-b507-e79d0e594155,M-1599,SESS-20260727-1127-0250,RENTAL_ACCRUAL,27,275,2026-07-27T22:55:00+08:00
8ceb3ba5-153c-4c15-85c8-96983fccb2d2,M-1768,SESS-20260727-3413-0251,RENTAL_ACCRUAL,30,79,2026-07-28T00:25:00+08:00
9e8ab45b-c2c2-49ff-b149-8063994e7e8d,M-1820,SESS-20260727-9149-0252,RENTAL_ACCRUAL,5,393,2026-07-28T00:35:00+08:00
9148dec4-1d22-46d2-9916-707ad3609c4a,M-1723,SESS-20260727-7257-0253,RENTAL_ACCRUAL,27,494,2026-07-27T15:15:00+08:00
05bc74ce-e5a8-41de-a98d-2e129df07671,M-1946,SESS-20260727-8115-0254,RENTAL_ACCRUAL,5,29,2026-07-27T22:00:00+08:00
9134d03a-5d4a-4892-b95c-7a4866b5120e,M-1099,SESS-20260727-6452-0255,RENTAL_ACCRUAL,5,345,2026-07-27T23:25:00+08:00
4768274b-56a8-4188-8b5a-fe3ab7c778eb,M-1086,SESS-20260727-1256-0256,RENTAL_REDEMPTION,-200,122,2026-07-27T21:30:00+08:00
0757aec5-869c-4e68-b5ad-ffd4f2dca4e8,M-1086,SESS-20260727-1256-0256,RENTAL_ACCRUAL,4,126,2026-07-28T00:30:00+08:00
27aceebc-c0c2-45d6-8650-b36b6739a4fc,M-1989,SESS-20260727-7934-0257,RENTAL_ACCRUAL,24,179,2026-07-27T21:00:00+08:00
df2083d1-78fa-4ba9-9cab-88c7f567e293,M-1609,SESS-20260727-8699-0258,RENTAL_ACCRUAL,28,152,2026-07-27T23:35:00+08:00
7674f54e-7aad-416e-bcbc-0ccf4f445c04,M-1671,SESS-20260727-6382-0259,RENTAL_ACCRUAL,13,272,2026-07-28T00:25:00+08:00
51a38b41-5791-4a53-85ff-e6d25cb4fefc,M-1198,SESS-20260727-9966-0260,RENTAL_ACCRUAL,72,2360,2026-07-28T01:30:00+08:00
bd1858e1-dc12-4429-b4a5-769e6aec9199,M-2187,SESS-20260727-2431-0261,RENTAL_ACCRUAL,16,109,2026-07-28T00:15:00+08:00
55dca582-84a9-4125-be62-71ff25ef736f,M-1473,SESS-20260727-5781-0262,RENTAL_ACCRUAL,11,295,2026-07-27T17:00:00+08:00
df9d8b1c-8df7-4db2-83a4-2bb52f7f4c3d,M-1121,SESS-20260727-4486-0263,RENTAL_ACCRUAL,5,29,2026-07-27T20:25:00+08:00
9489246b-9232-4f34-a17d-e86409425a06,M-1031,SESS-20260727-9704-0264,RENTAL_ACCRUAL,27,1037,2026-07-27T23:40:00+08:00
ae99caac-450b-44e8-ad61-6c3e4bf791fd,M-1021,SESS-20260727-4585-0265,RENTAL_REDEMPTION,-100,928,2026-07-27T18:30:00+08:00
d3535b83-d130-494b-a35b-98896d0a34ab,M-1021,SESS-20260727-4585-0265,RENTAL_ACCRUAL,2,930,2026-07-27T19:30:00+08:00
cfea5f39-b34e-4ff0-9b0d-552e5083f2e2,M-2142,SESS-20260727-5781-0266,RENTAL_REDEMPTION,-100,86,2026-07-27T22:15:00+08:00
7bcedf31-cccf-469b-99c3-beebc9b965f0,M-2142,SESS-20260727-5781-0266,RENTAL_ACCRUAL,11,97,2026-07-28T00:15:00+08:00
6af38332-8ae5-4f04-925a-15d9968ff099,M-1993,SESS-20260727-6504-0267,RENTAL_REDEMPTION,-100,26,2026-07-27T20:35:00+08:00
731bcd50-4e06-42be-9a85-b038c0410163,M-1720,SESS-20260727-3160-0268,RENTAL_ACCRUAL,5,222,2026-07-28T00:15:00+08:00
e3ed30e0-fcc2-4dd8-aa06-6f46467992ca,M-1622,SESS-20260727-4897-0269,RENTAL_ACCRUAL,27,66,2026-07-27T18:00:00+08:00
f70b2dba-397a-4159-8c26-a7a1859c344e,M-1272,SESS-20260727-2423-0270,RENTAL_REDEMPTION,-100,1205,2026-07-27T22:00:00+08:00
d3d2f05e-5dbb-45b0-b341-cabe7691e545,M-1272,SESS-20260727-2423-0270,RENTAL_ACCRUAL,21,1226,2026-07-28T01:00:00+08:00
0e8f7e8a-371c-4a5a-97db-e0cac88ce132,M-1201,SESS-20260727-2501-0271,RENTAL_ACCRUAL,28,161,2026-07-28T03:45:00+08:00
1d33e796-9c04-42b5-a421-54a04160e76d,M-1794,SESS-20260727-2024-0272,RENTAL_ACCRUAL,28,154,2026-07-27T18:15:00+08:00
0e0f0f72-88fc-4ef0-808d-ad9bb52c94bd,M-1413,SESS-20260727-6219-0273,RENTAL_REDEMPTION,-100,152,2026-07-27T22:05:00+08:00
c655eb99-9bab-4d65-afa2-da0722a9dc96,M-1413,SESS-20260727-6219-0273,RENTAL_ACCRUAL,5,157,2026-07-28T00:05:00+08:00
5ac0d628-ee5b-4c51-bd05-2add8e1e11d2,M-1504,SESS-20260727-8619-0274,RENTAL_ACCRUAL,11,192,2026-07-27T23:00:00+08:00
78c9d4d2-eda5-419c-a491-040432c4f980,M-1447,SESS-20260727-5666-0275,RENTAL_ACCRUAL,27,66,2026-07-27T17:25:00+08:00
79a37fdb-a798-4e5d-86bc-5f6cebb0fa69,M-1222,SESS-20260727-5673-0276,RENTAL_ACCRUAL,9,457,2026-07-27T14:00:00+08:00
d84a9c6b-43f2-495e-b2aa-9f138ae1f9a2,M-1077,SESS-20260727-1833-0277,RENTAL_ACCRUAL,13,444,2026-07-27T20:20:00+08:00
72b394d3-8549-4a70-b11a-1f69a967c80e,M-1891,SESS-20260727-7657-0278,RENTAL_ACCRUAL,10,103,2026-07-27T17:30:00+08:00
8e244fc7-aacd-4828-990b-9e1b61ef60ba,M-1719,SESS-20260727-6154-0279,RENTAL_REDEMPTION,-200,203,2026-07-27T17:45:00+08:00
8ff9f6b5-20ae-48cb-a358-c7cdd98d54f4,M-1719,SESS-20260727-6154-0279,RENTAL_ACCRUAL,1,204,2026-07-27T18:45:00+08:00
072c5405-1713-4eee-8899-b91b38a48050,M-1797,SESS-20260727-7131-0280,RENTAL_ACCRUAL,45,129,2026-07-27T17:30:00+08:00
101935dd-3cb6-4e13-a650-c720e4d74360,M-1423,SESS-20260727-2272-0281,RENTAL_ACCRUAL,11,398,2026-07-27T15:00:00+08:00
616c5067-0217-4913-8f73-2340effc71e9,M-1831,SESS-20260727-8526-0282,RENTAL_ACCRUAL,5,136,2026-07-27T23:40:00+08:00
af1a4c44-9b55-46a6-9886-9a32b4d4d57a,M-1678,SESS-20260727-8091-0283,RENTAL_ACCRUAL,12,216,2026-07-27T18:30:00+08:00
baee81e8-1c7e-4450-85a6-6d9ffac3859b,M-1808,SESS-20260727-9753-0284,RENTAL_REDEMPTION,-200,1791,2026-07-27T21:00:00+08:00
5f1c2d0c-6f95-445d-9353-99a1ada7c192,M-1808,SESS-20260727-9753-0284,RENTAL_ACCRUAL,57,1848,2026-07-28T02:00:00+08:00
7a21d165-7763-49d7-b265-47eacee6f121,M-1882,SESS-20260727-7513-0285,RENTAL_REDEMPTION,-100,17,2026-07-27T23:15:00+08:00
c3e7814b-e7f6-44a3-af0f-b6c3b3164104,M-1882,SESS-20260727-7513-0285,RENTAL_ACCRUAL,34,51,2026-07-28T02:15:00+08:00
31184848-f2b0-4f49-a94f-aa50f78ad935,M-1752,SESS-20260727-9057-0286,RENTAL_ACCRUAL,9,2495,2026-07-28T00:05:00+08:00
a610fa18-708b-4640-b5a4-adb92cace94e,M-1038,SESS-20260727-9582-0287,RENTAL_ACCRUAL,5,355,2026-07-27T22:45:00+08:00
e1b9b8b1-fb31-40a0-8eb2-83957d917edb,M-1928,SESS-20260727-5774-0288,RENTAL_ACCRUAL,25,164,2026-07-28T03:35:00+08:00
617cad36-db21-4797-95d8-b64833f6e094,M-1133,SESS-20260727-8932-0289,RENTAL_ACCRUAL,18,102,2026-07-27T23:00:00+08:00
24712aec-f5d8-4d3b-a014-461d57b726a0,M-1144,SESS-20260727-8757-0290,RENTAL_ACCRUAL,9,269,2026-07-27T16:45:00+08:00
f004bb04-56b1-4d57-86f4-17bb183c4d3d,M-1898,SESS-20260727-4369-0291,RENTAL_ACCRUAL,64,316,2026-07-28T02:15:00+08:00
f59c8c53-b896-457e-a4be-3315901d5c8f,M-1279,SESS-20260727-3898-0292,RENTAL_ACCRUAL,27,231,2026-07-27T23:00:00+08:00
8b7c450f-1092-4d1b-8235-09f3908d85b6,M-1776,SESS-20260727-9618-0293,RENTAL_REDEMPTION,-200,95,2026-07-27T22:15:00+08:00
e962dd92-a86f-46f9-a313-821ef32b7355,M-1776,SESS-20260727-9618-0293,RENTAL_ACCRUAL,14,109,2026-07-28T00:15:00+08:00
750edbf7-12aa-4a60-a419-61691e4ef27c,M-2105,SESS-20260727-3879-0294,RENTAL_REDEMPTION,-100,61,2026-07-27T23:45:00+08:00
d4f8e24a-bdec-43a6-8a72-d01390633e4e,M-2105,SESS-20260727-3879-0294,RENTAL_ACCRUAL,10,71,2026-07-28T02:45:00+08:00
dbbd1a5b-dd52-4fa6-b6aa-8565703e3364,M-1326,SESS-20260727-5922-0295,RENTAL_ACCRUAL,16,517,2026-07-28T01:55:00+08:00
6dff82fb-aece-4909-9115-b32f3638fd29,M-1550,SESS-20260727-1931-0296,RENTAL_ACCRUAL,18,168,2026-07-28T00:15:00+08:00
357c9cac-dae8-47ad-906f-a95de8ed79a9,M-1468,SESS-20260727-5431-0297,RENTAL_REDEMPTION,-100,230,2026-07-27T22:30:00+08:00
ee0fed89-e9ed-44c5-a52c-635dffb166c1,M-1468,SESS-20260727-5431-0297,RENTAL_ACCRUAL,5,235,2026-07-28T00:30:00+08:00
38295106-b6c0-4364-a699-b29a709bda4e,M-1071,SESS-20260727-9891-0298,RENTAL_ACCRUAL,5,210,2026-07-27T23:35:00+08:00
64ccc859-45f0-4ef9-8252-55eb923ead78,M-1373,SESS-20260727-2098-0299,RENTAL_ACCRUAL,5,428,2026-07-27T21:40:00+08:00
41d4c74c-d5f5-4896-9855-cc099f41ff94,M-1431,SESS-20260727-7025-0300,RENTAL_ACCRUAL,5,497,2026-07-28T00:00:00+08:00
49fcbb8f-c040-40be-8e5b-0ac8ad8fcabc,M-1800,SESS-20260727-7014-0301,RENTAL_ACCRUAL,28,526,2026-07-27T17:45:00+08:00
01bc8760-3a27-4459-be38-350b6b6bbe30,M-1553,SESS-20260727-4680-0302,RENTAL_ACCRUAL,11,440,2026-07-27T17:30:00+08:00
c0da8afe-bd9a-4d14-81c0-5f1ebe9ff882,M-2010,SESS-20260727-1766-0303,RENTAL_ACCRUAL,25,94,2026-07-27T20:00:00+08:00
66293c84-6f13-4937-a467-ac7073d3073d,M-1076,SESS-20260727-9450-0304,RENTAL_REDEMPTION,-400,1,2026-07-27T19:45:00+08:00
f44ad4f6-49d4-4a84-8a67-194bf34bade1,M-1076,SESS-20260727-9450-0304,RENTAL_ACCRUAL,2,3,2026-07-27T22:45:00+08:00
aa33b37a-cd44-4f20-ac66-8497698a51b3,M-1390,SESS-20260727-5381-0305,RENTAL_ACCRUAL,18,184,2026-07-27T19:45:00+08:00
1b697160-b690-40eb-9e9f-ff7237255d90,M-1162,SESS-20260727-6795-0306,RENTAL_ACCRUAL,16,198,2026-07-28T01:30:00+08:00
846abdd5-ea0e-448c-b969-3f1c17bd615b,M-1798,SESS-20260727-8368-0307,RENTAL_ACCRUAL,11,185,2026-07-27T22:25:00+08:00
c16803f2-b8b9-4738-94b7-68454c5c5f1b,M-1097,SESS-20260727-3568-0308,RENTAL_ACCRUAL,9,127,2026-07-27T18:40:00+08:00
e7cd6b09-833d-4d38-bbf1-4ad3b596a8bc,M-2175,SESS-20260727-3573-0309,RENTAL_ACCRUAL,27,146,2026-07-28T01:45:00+08:00
8f763aaf-406c-4cab-ba76-28cd23c0a2f9,M-1347,SESS-20260727-4115-0310,RENTAL_ACCRUAL,18,3279,2026-07-27T23:30:00+08:00
9b39a57e-7c4b-4ce9-aaab-cd319868bff3,M-1763,SESS-20260727-9926-0311,RENTAL_ACCRUAL,28,303,2026-07-28T04:10:00+08:00
e72e8adc-c5e6-42ba-8713-f59da4a2bf71,M-1121,SESS-20260727-2904-0312,RENTAL_ACCRUAL,5,34,2026-07-28T00:45:00+08:00
047ce4dd-7fc1-4ae0-91c7-36d07a0a00a2,M-1442,SESS-20260727-4027-0313,RENTAL_ACCRUAL,11,292,2026-07-27T19:55:00+08:00
2590b5a5-6261-44b4-be46-c43a237195fd,M-1895,SESS-20260727-3383-0314,RENTAL_ACCRUAL,24,318,2026-07-27T22:50:00+08:00
6b7ae194-4740-4213-b8ed-7a652840ed23,M-1895,TIER_UPGRADE_Standard_TO_Silver,TIER_BONUS,50,368,2026-07-27T22:50:00+08:00
91afcc6a-1085-42b8-931f-a00f2f522076,M-1054,SESS-20260727-1021-0315,RENTAL_ACCRUAL,18,262,2026-07-28T00:55:00+08:00
1edc0e15-ad8a-4b8a-84cd-36777a60b988,M-1590,SESS-20260727-5434-0316,RENTAL_REDEMPTION,-100,9,2026-07-27T21:30:00+08:00
cb4db9fc-c322-4844-8c13-80770e37b8c8,M-1590,SESS-20260727-5434-0316,RENTAL_ACCRUAL,34,43,2026-07-28T00:30:00+08:00
96d96e60-13fc-4f0d-b104-893ad66a46e9,M-1252,SESS-20260727-8407-0317,RENTAL_ACCRUAL,18,275,2026-07-28T00:15:00+08:00
2ac28e64-a63c-4a55-a5a3-03f263c793ac,M-1106,SESS-20260727-5925-0318,RENTAL_ACCRUAL,5,214,2026-07-27T20:15:00+08:00
9334eb65-1c16-406e-bcaa-a5b8ca3ef8d6,M-1766,SESS-20260727-6069-0319,RENTAL_ACCRUAL,40,656,2026-07-27T21:55:00+08:00
d7936424-d49c-425b-a902-40398bf67944,M-1710,SESS-20260727-8144-0320,RENTAL_ACCRUAL,27,216,2026-07-28T00:15:00+08:00
39f9aa16-a670-4eed-bb6d-90c6171fb577,M-1691,SESS-20260727-5775-0321,RENTAL_REDEMPTION,-100,310,2026-07-27T16:20:00+08:00
caff4c21-8746-41cd-83ce-9f7512708d70,M-1691,SESS-20260727-5775-0321,RENTAL_ACCRUAL,5,315,2026-07-27T18:20:00+08:00
c3eb8b93-400b-499d-af0a-b3e56bca0ecc,M-1492,SESS-20260727-5295-0322,RENTAL_ACCRUAL,45,488,2026-07-28T07:35:00+08:00
a29c725e-1e64-4370-a688-44ba83189a24,M-1021,SESS-20260727-9250-0323,RENTAL_ACCRUAL,18,948,2026-07-28T00:15:00+08:00
2fdb7140-83ed-4fa6-90e3-79f00b798891,M-1157,SESS-20260727-1086-0324,RENTAL_ACCRUAL,11,226,2026-07-27T19:45:00+08:00
5fb4a86a-07c9-4a9b-b9a2-479eeae25190,M-1098,SESS-20260727-7698-0325,RENTAL_ACCRUAL,6,826,2026-07-27T23:35:00+08:00
a1ffac18-b1e2-4dc4-9799-45c3b6e7c1d7,M-1359,SESS-20260727-2472-0326,RENTAL_REDEMPTION,-100,1792,2026-07-27T20:05:00+08:00
2f7d703f-df28-4551-84d6-3857754235c8,M-1359,SESS-20260727-2472-0326,RENTAL_ACCRUAL,4,1796,2026-07-27T22:05:00+08:00
4dd4352c-0f7f-4508-9689-ed69ccf8571c,M-1292,SESS-20260727-5405-0327,RENTAL_ACCRUAL,18,370,2026-07-27T21:30:00+08:00
646ebfc7-160b-4cb8-bc53-bdd9c6f49b1e,M-1629,SESS-20260727-9702-0328,RENTAL_ACCRUAL,25,152,2026-07-28T04:10:00+08:00
2eed8883-d42a-403e-bd03-91db2506f0b6,M-1762,SESS-20260727-4002-0329,RENTAL_ACCRUAL,18,96,2026-07-28T01:45:00+08:00
6e1cf02f-e751-4695-b216-1d9e6e1216c5,M-1639,SESS-20260727-8276-0330,RENTAL_ACCRUAL,28,319,2026-07-27T20:10:00+08:00
02d62309-bdec-4fd2-8405-3ccda1d335ad,M-1544,SESS-20260727-7462-0331,RENTAL_ACCRUAL,28,266,2026-07-28T03:15:00+08:00
ab7d2178-f13d-4b04-a8f9-e70ab0430bd6,M-1052,SESS-20260727-4721-0332,RENTAL_ACCRUAL,18,363,2026-07-28T01:50:00+08:00
135b8bfe-d735-4f05-a88d-9f15bdf23eca,M-1512,SESS-20260727-5187-0333,RENTAL_ACCRUAL,16,71,2026-07-27T07:45:00+08:00
5a325601-4862-4f99-9d80-8b3fd1d0baa3,M-1988,SESS-20260727-7101-0334,RENTAL_ACCRUAL,5,48,2026-07-27T21:20:00+08:00
c1c7c6aa-1004-4181-8ad0-ba9d904fe7ac,M-1764,SESS-20260727-3154-0335,RENTAL_ACCRUAL,45,137,2026-07-28T00:00:00+08:00
77db720a-f8af-41f4-b3f7-f004ce65d803,M-2091,SESS-20260727-4721-0336,RENTAL_ACCRUAL,24,234,2026-07-28T01:55:00+08:00
8441a637-d5f8-49e6-9d62-6263c390db6e,M-1748,SESS-20260727-1433-0337,RENTAL_ACCRUAL,16,483,2026-07-28T00:00:00+08:00
68147d64-51f2-46c0-b1db-7d064a1ddf78,M-1690,SESS-20260727-6670-0338,RENTAL_ACCRUAL,5,151,2026-07-27T23:40:00+08:00
5f81171a-92b4-4724-a6b3-59d81c7dc7ee,M-1934,SESS-20260727-5547-0339,RENTAL_REDEMPTION,-100,55,2026-07-27T13:30:00+08:00
0bdd2821-8f83-4203-bb11-b4f27f28bda0,M-1934,SESS-20260727-5547-0339,RENTAL_ACCRUAL,5,60,2026-07-27T15:30:00+08:00
bb50fc12-2542-4bca-91a8-31e835e63f32,M-1666,SESS-20260727-1272-0340,RENTAL_ACCRUAL,11,203,2026-07-28T01:20:00+08:00
f5127e11-f815-444d-ad52-b7617cb162df,M-2056,SESS-20260727-2452-0341,RENTAL_ACCRUAL,15,212,2026-07-28T00:50:00+08:00
46dc0c2b-025d-4be7-a196-dc80d1356b34,M-1757,SESS-20260727-8587-0342,RENTAL_REDEMPTION,-100,169,2026-07-27T16:30:00+08:00
b441ed27-67a2-4334-b7ca-9b08119d09a4,M-1757,SESS-20260727-8587-0342,RENTAL_ACCRUAL,21,190,2026-07-27T21:30:00+08:00
9992ab24-68f9-4e84-8886-894e2d67b88b,M-1519,SESS-20260727-1838-0343,RENTAL_ACCRUAL,13,430,2026-07-27T23:20:00+08:00
8f83511e-88c6-4d9f-afed-dc7ca4fc745d,M-1132,SESS-20260727-9900-0344,RENTAL_ACCRUAL,6,844,2026-07-27T23:15:00+08:00
514f4b0b-1c62-4f76-8c92-b53dac6d3df9,M-1258,SESS-20260727-1131-0345,RENTAL_ACCRUAL,11,385,2026-07-28T01:30:00+08:00
1facb405-9918-4b4d-8baa-a5784e0e8ac3,M-1626,SESS-20260727-8821-0346,RENTAL_REDEMPTION,-100,116,2026-07-27T19:15:00+08:00
335b2baa-1f51-4532-ac1a-cf98340b6e9d,M-1626,SESS-20260727-8821-0346,RENTAL_ACCRUAL,5,121,2026-07-27T21:15:00+08:00
dbb63242-5594-49e2-8f3d-49b4b17fac22,M-1617,SESS-20260727-3221-0347,RENTAL_ACCRUAL,27,202,2026-07-28T00:45:00+08:00
cb63b764-a352-471f-99d2-e3ff3d268b17,M-1561,SESS-20260727-5123-0348,RENTAL_ACCRUAL,28,279,2026-07-28T02:40:00+08:00
c9a92876-2d16-4831-bf72-ca8a03a08e07,M-1725,SESS-20260727-2656-0349,RENTAL_ACCRUAL,11,504,2026-07-27T17:45:00+08:00
60b609aa-9934-4d5b-9989-a440a252e08b,M-1290,SESS-20260727-9924-0350,RENTAL_REDEMPTION,-200,85,2026-07-27T20:45:00+08:00
e609e4fc-e834-4493-b511-0366cf82fd4e,M-1290,SESS-20260727-9924-0350,RENTAL_ACCRUAL,4,89,2026-07-27T23:45:00+08:00
512e7605-89d3-483e-93d5-43cf93e5da31,M-1104,SESS-20260727-4052-0351,RENTAL_REDEMPTION,-200,216,2026-07-27T20:40:00+08:00
8010f757-3bda-4e4a-b30d-c65d41a2a087,M-1104,SESS-20260727-4052-0351,RENTAL_ACCRUAL,5,221,2026-07-27T22:40:00+08:00
5ea845af-72d3-43bb-9500-0842e5cffff1,M-1490,SESS-20260727-1407-0352,RENTAL_ACCRUAL,108,203,2026-07-28T04:50:00+08:00
bd1eeede-2cd4-40ca-a5fe-d2e42cbbc39d,M-1422,SESS-20260727-3832-0353,RENTAL_ACCRUAL,11,199,2026-07-27T23:25:00+08:00
ad9cdae0-76b3-4634-b4ae-716ac67465fa,M-1502,SESS-20260727-9669-0354,RENTAL_ACCRUAL,18,390,2026-07-27T14:45:00+08:00
e2e92970-ed71-4535-b20b-0fd5ea4492f0,M-1427,SESS-20260727-3396-0355,RENTAL_REDEMPTION,-300,148,2026-07-27T23:55:00+08:00
cb16be63-2bfc-41a4-84b8-0f8c9de4643c,M-1427,SESS-20260727-3396-0355,RENTAL_ACCRUAL,8,156,2026-07-28T02:55:00+08:00
ec24fa8f-e780-4b16-9c91-8537e53b1074,M-1245,SESS-20260727-6896-0356,RENTAL_ACCRUAL,5,79,2026-07-27T18:30:00+08:00
deafcb46-ef00-44e8-9d94-5a985c75d4d5,M-1399,SESS-20260727-9467-0357,RENTAL_ACCRUAL,45,201,2026-07-28T06:05:00+08:00
bce70fbe-a13a-48b0-a2a7-baa3e1623d1f,M-1280,SESS-20260727-5278-0358,RENTAL_ACCRUAL,12,377,2026-07-27T23:25:00+08:00
320d8f4b-448c-4232-af96-74fd9491a57d,M-1750,SESS-20260727-1120-0359,RENTAL_ACCRUAL,27,40,2026-07-27T17:15:00+08:00
fa4f6b4e-4c96-4345-b777-ebc258e68968,M-1067,SESS-20260727-7650-0360,RENTAL_ACCRUAL,30,682,2026-07-27T23:20:00+08:00
56fb46b0-6c6a-491a-bd0a-dfa6479e48cd,M-1843,SESS-20260727-2114-0361,RENTAL_ACCRUAL,5,92,2026-07-28T00:50:00+08:00
641f459d-3e92-49e4-9364-c7a49dc15ea5,M-2007,SESS-20260727-9665-0362,RENTAL_ACCRUAL,16,54,2026-07-27T20:50:00+08:00
e3b222ce-958f-4c40-8c49-efab8cff0d0d,M-1729,SESS-20260727-6942-0363,RENTAL_ACCRUAL,45,253,2026-07-28T01:30:00+08:00
74579b73-0f85-4944-a901-bfb6fbffe531,M-1485,SESS-20260727-1344-0364,RENTAL_REDEMPTION,-100,12,2026-07-27T23:30:00+08:00
d24f1099-f7ad-41f3-aef8-5601b7605ed1,M-1485,SESS-20260727-1344-0364,RENTAL_ACCRUAL,10,22,2026-07-28T02:30:00+08:00
9d980fca-6e0c-4887-97b6-dda1e93d2437,M-1563,SESS-20260727-1239-0365,RENTAL_ACCRUAL,18,407,2026-07-27T17:45:00+08:00
0dea569e-34fa-49a6-973e-c8f1562ef086,M-1677,SESS-20260727-4247-0366,RENTAL_ACCRUAL,18,84,2026-07-28T00:25:00+08:00
27bc8b51-ab0a-47d2-a107-b0f2176dbd0e,M-1328,SESS-20260727-2310-0367,RENTAL_ACCRUAL,28,401,2026-07-27T22:55:00+08:00
f5ed3c2f-b901-4130-9da3-350d0d83b796,M-1263,SESS-20260727-1606-0368,RENTAL_ACCRUAL,45,444,2026-07-28T03:15:00+08:00
d790a61c-62a4-4a91-b5f2-2accc8ff9665,M-1473,SESS-20260727-8560-0369,RENTAL_ACCRUAL,18,313,2026-07-28T00:55:00+08:00
7427ac98-7cef-42e9-ba2f-c630572cf611,M-1804,SESS-20260727-9947-0370,RENTAL_ACCRUAL,5,220,2026-07-28T00:00:00+08:00
d61e26f2-4e4c-470b-a91b-8b6d5bbcce46,M-2110,SESS-20260727-6805-0371,RENTAL_ACCRUAL,28,475,2026-07-28T04:45:00+08:00
d01f4d38-ddd5-47fd-bed5-c0d5615dcf06,M-2101,SESS-20260727-5572-0372,RENTAL_REDEMPTION,-100,36,2026-07-27T15:00:00+08:00
c998ed4b-1d1d-4584-96b9-b106ac600570,M-2101,SESS-20260727-5572-0372,RENTAL_ACCRUAL,11,47,2026-07-27T17:00:00+08:00
9945048f-605a-4ff8-b9e1-4017d8fcaf41,M-1423,SESS-20260727-5378-0373,RENTAL_ACCRUAL,27,425,2026-07-28T02:45:00+08:00
6d3bc709-6058-4fd0-8f95-c8b0b2decc62,M-1415,SESS-20260727-5369-0374,RENTAL_ACCRUAL,18,1252,2026-07-28T02:30:00+08:00
c0b1a99f-1cc3-4cef-91e0-27f4a50127f0,M-1610,SESS-20260727-7006-0375,RENTAL_REDEMPTION,-100,230,2026-07-27T22:45:00+08:00
03a0e79b-300e-4dc0-8668-716abcfc4bd5,M-1610,SESS-20260727-7006-0375,RENTAL_ACCRUAL,5,235,2026-07-28T00:45:00+08:00
d6418a45-d31c-485c-8e71-e2424e9ae433,M-1480,SESS-20260727-5118-0376,RENTAL_ACCRUAL,10,71,2026-07-28T01:40:00+08:00
3c2cee77-19ef-45de-b5f0-096b9542299d,M-1028,SESS-20260727-8591-0377,RENTAL_REDEMPTION,-100,13,2026-07-27T20:00:00+08:00
4cb4c112-cd2c-4f92-9b65-fdebbe287cf3,M-1028,SESS-20260727-8591-0377,RENTAL_ACCRUAL,11,24,2026-07-27T22:00:00+08:00
8179460d-3c46-4b28-a409-029cd6bece7a,M-1008,SESS-20260727-5885-0378,RENTAL_ACCRUAL,5,369,2026-07-27T22:45:00+08:00
b12e9e2c-32ff-4c42-ae0b-319012d86a6d,M-2016,SESS-20260727-2004-0379,RENTAL_ACCRUAL,25,68,2026-07-28T02:45:00+08:00
e2fd1fc4-02b0-4ab4-9e87-ff80a59dbbb0,M-1706,SESS-20260727-9258-0380,RENTAL_ACCRUAL,12,625,2026-07-28T00:35:00+08:00
d4db7365-d02a-42a2-a48b-020ec22ce3f2,M-1737,SESS-20260727-8110-0381,RENTAL_ACCRUAL,9,141,2026-07-27T18:55:00+08:00
acaee0ec-9814-4d76-8ac1-55259064796b,M-1240,SESS-20260727-5847-0382,RENTAL_ACCRUAL,12,173,2026-07-27T22:00:00+08:00
94a368ca-9981-41d2-befc-8b470e91ed4c,M-1845,SESS-20260727-1654-0383,RENTAL_ACCRUAL,40,317,2026-07-28T05:45:00+08:00
c5a646af-6553-4153-b746-91d68a95226c,M-1091,SESS-20260727-9844-0384,RENTAL_ACCRUAL,15,39,2026-07-27T17:45:00+08:00
446dda2d-77c7-4c54-a7ba-25b8abacd02d,M-1595,SESS-20260727-9051-0385,RENTAL_ACCRUAL,11,236,2026-07-27T20:00:00+08:00
22815fe6-3f40-4248-97e1-71f4b5f2c1ab,M-1636,SESS-20260727-7892-0386,RENTAL_ACCRUAL,12,1237,2026-07-27T22:15:00+08:00
a7a2a6fb-daa6-42da-9317-43230313c17a,M-1826,SESS-20260727-5729-0387,RENTAL_ACCRUAL,16,177,2026-07-27T22:15:00+08:00
54ab3901-ecad-4611-add2-73edc42a5a23,M-1628,SESS-20260727-7564-0388,RENTAL_ACCRUAL,27,305,2026-07-28T01:35:00+08:00
81e63951-5f0e-436f-97c2-12703d8f56a1,M-1426,SESS-20260727-4428-0389,RENTAL_ACCRUAL,45,1074,2026-07-28T06:20:00+08:00
4f9ef840-d604-401b-9e50-115dd1a9ace9,M-1202,SESS-20260727-6511-0390,RENTAL_REDEMPTION,-200,1631,2026-07-27T23:35:00+08:00
7b06ffa4-a3ef-4ff4-9944-5168afff565a,M-1202,SESS-20260727-6511-0390,RENTAL_ACCRUAL,3,1634,2026-07-28T02:35:00+08:00
ce3116f0-b66c-4f27-b1ee-164e653df09b,M-2065,SESS-20260727-3376-0391,RENTAL_ACCRUAL,5,92,2026-07-27T14:30:00+08:00
b08b4ef0-fcf6-4911-a745-33e422440c5e,M-1016,SESS-20260727-7746-0392,RENTAL_REDEMPTION,-100,81,2026-07-27T17:15:00+08:00
5eeccbea-79ef-4d36-bb11-342c0709f1af,M-1016,SESS-20260727-7746-0392,RENTAL_ACCRUAL,5,86,2026-07-27T19:15:00+08:00
8c54376a-a264-4256-9c33-958d24dd557f,M-1725,SESS-20260727-7823-0393,RENTAL_ACCRUAL,9,513,2026-07-27T23:45:00+08:00
a798f018-01c7-4da3-a80a-e914c76d75e2,M-2025,SESS-20260727-8679-0394,RENTAL_ACCRUAL,27,194,2026-07-28T01:55:00+08:00
dfa67289-e03c-40b6-a4c1-2905b153961d,M-2157,SESS-20260727-3266-0395,RENTAL_REDEMPTION,-100,26,2026-07-27T23:45:00+08:00
0d614d19-e6d2-45fe-b209-37f6324cefee,M-2157,SESS-20260727-3266-0395,RENTAL_ACCRUAL,20,46,2026-07-28T04:45:00+08:00
79960500-a5a2-4031-9c46-8de07350f9bf,M-1222,SESS-20260727-3031-0396,RENTAL_ACCRUAL,28,485,2026-07-28T04:40:00+08:00
5bb17882-ef81-42da-8f07-470ad97b17d1,M-1170,SESS-20260727-5849-0397,RENTAL_ACCRUAL,9,92,2026-07-28T00:25:00+08:00
0e910c42-4f3e-4d2d-9d3e-6a2dd9324ea9,M-1802,SESS-20260727-3688-0398,RENTAL_ACCRUAL,11,362,2026-07-27T22:10:00+08:00
10997e97-b0ec-46f8-903e-6ee389bfdf62,M-1154,SESS-20260727-7538-0399,RENTAL_REDEMPTION,-100,29,2026-07-27T23:15:00+08:00
59f84416-1f19-4cf5-b7e0-f41740b4e926,M-1154,SESS-20260727-7538-0399,RENTAL_ACCRUAL,11,40,2026-07-28T01:15:00+08:00
99527c4e-e4ca-40a8-9f44-76198c4c26a5,M-1026,SESS-20260727-5480-0400,RENTAL_ACCRUAL,6,1644,2026-07-27T23:00:00+08:00
0996bf70-af36-4420-8d08-47cc4699ea63,M-1353,SESS-20260727-3660-0401,RENTAL_REDEMPTION,-300,145,2026-07-27T17:45:00+08:00
a5b3f329-7ae3-4ec9-97ed-624d21820872,M-1353,SESS-20260727-3660-0401,RENTAL_ACCRUAL,26,171,2026-07-27T22:45:00+08:00
1fb2fbe2-9aa8-4241-ae76-731d872bc70a,M-1547,SESS-20260727-5664-0402,RENTAL_ACCRUAL,11,414,2026-07-27T12:45:00+08:00
f2ece03a-c364-4be4-9e0b-22c39806e310,M-1254,SESS-20260727-9028-0403,RENTAL_ACCRUAL,45,145,2026-07-27T21:35:00+08:00
e35075ad-e86c-49f9-81d7-1ba863c14f38,M-2035,SESS-20260727-3098-0404,RENTAL_REDEMPTION,-200,12,2026-07-27T10:45:00+08:00
c2210a73-887c-487f-939d-4350a0bb810c,M-2035,SESS-20260727-3098-0404,RENTAL_ACCRUAL,15,27,2026-07-27T15:45:00+08:00
5968a3aa-f482-4ef3-bbf2-aeda41c8492e,M-1809,SESS-20260727-5954-0405,RENTAL_ACCRUAL,6,386,2026-07-27T19:40:00+08:00
f36a0bcb-4304-4663-99db-5a1fcb67adac,M-1061,SESS-20260727-9642-0406,RENTAL_ACCRUAL,28,207,2026-07-28T03:45:00+08:00
af152ce6-3701-435d-849e-5749332c6e7c,M-1482,SESS-20260727-5263-0407,RENTAL_ACCRUAL,5,199,2026-07-28T00:45:00+08:00
410d95c3-bf3c-4db3-9c10-284a2345f58f,M-1761,SESS-20260727-6916-0408,RENTAL_ACCRUAL,11,543,2026-07-27T18:00:00+08:00
7e5759cf-006c-44a4-971e-bd6762d1ca51,M-1692,SESS-20260727-9743-0409,RENTAL_ACCRUAL,9,2206,2026-07-27T22:45:00+08:00
9d8f79f6-2785-4c70-b32d-6dd94f619b08,M-1132,SESS-20260727-9458-0410,RENTAL_ACCRUAL,30,874,2026-07-28T04:35:00+08:00
b4c90eb9-5469-4842-9181-67cd631bd617,M-1195,SESS-20260727-6208-0411,RENTAL_REDEMPTION,-100,162,2026-07-27T23:00:00+08:00
95b4e0d4-6fb0-4541-a81d-8dd31aafa30f,M-1195,SESS-20260727-6208-0411,RENTAL_ACCRUAL,11,173,2026-07-28T01:00:00+08:00
e027907c-7a77-465d-916b-4dab3441427e,M-1761,SESS-20260727-4191-0412,RENTAL_ACCRUAL,45,588,2026-07-28T06:20:00+08:00
3d84d530-4bab-4aa5-b259-74a51e24890c,M-1683,SESS-20260727-6595-0413,RENTAL_ACCRUAL,30,959,2026-07-28T03:50:00+08:00
1e283634-fde9-40e0-86e5-51ef29667cb0,M-1532,SESS-20260727-2764-0414,RENTAL_REDEMPTION,-100,13,2026-07-27T23:55:00+08:00
96061f28-e8eb-43b3-b998-44d98139dff4,M-1532,SESS-20260727-2764-0414,RENTAL_ACCRUAL,7,20,2026-07-28T00:55:00+08:00
d8bb5e0a-9082-4dd0-89eb-6034be9eec76,M-2032,SESS-20260727-9005-0415,RENTAL_ACCRUAL,15,279,2026-07-27T21:15:00+08:00
97298f8e-93e5-4426-9e4a-699e9bf9fa85,M-1870,SESS-20260727-6084-0416,RENTAL_ACCRUAL,27,123,2026-07-28T02:30:00+08:00
d89fd44d-eb6f-4fed-ae5b-68dd8d721dff,M-2098,SESS-20260727-8367-0417,RENTAL_ACCRUAL,25,91,2026-07-27T19:45:00+08:00
3ede527f-eb7c-4083-b549-778af9c7688a,M-1491,SESS-20260727-7218-0418,RENTAL_REDEMPTION,-100,78,2026-07-27T16:45:00+08:00
7a4d2bf4-a33c-45b1-a04d-c448a765230f,M-1491,SESS-20260727-7218-0418,RENTAL_ACCRUAL,2,80,2026-07-27T17:45:00+08:00
ac61bf09-59de-4323-970a-c0367e51ad78,M-1501,SESS-20260727-2295-0419,RENTAL_REDEMPTION,-100,47,2026-07-27T21:10:00+08:00
62b0c0a0-c7b7-4946-9367-75a0d8efe5f6,M-1501,SESS-20260727-2295-0419,RENTAL_ACCRUAL,10,57,2026-07-28T00:10:00+08:00
3d17e124-4463-4814-8b2d-536475fd262e,M-1708,SESS-20260727-5162-0420,RENTAL_ACCRUAL,11,299,2026-07-27T21:30:00+08:00
58b307a7-8b54-413a-984c-c3d2155254e2,M-1969,SESS-20260727-3300-0421,RENTAL_ACCRUAL,10,69,2026-07-28T00:05:00+08:00
a0d1f43f-53bd-4954-8542-34d35b4142d7,M-1082,SESS-20260727-4781-0422,RENTAL_ACCRUAL,27,350,2026-07-28T00:10:00+08:00
ddaf0e11-2ee4-4a3b-9f1d-60555d256f35,M-1676,SESS-20260727-4352-0423,RENTAL_ACCRUAL,6,3024,2026-07-27T23:30:00+08:00
2e660cb9-5714-4dbd-8ad3-95f65976ffbb,M-1770,SESS-20260727-6019-0424,RENTAL_ACCRUAL,9,258,2026-07-27T20:00:00+08:00
725e3796-6249-49fb-89f1-885cdec0a16b,M-1493,SESS-20260727-3984-0425,RENTAL_ACCRUAL,5,144,2026-07-27T20:50:00+08:00
41c1abab-ae67-4dc4-b312-6ce3e10b141e,M-1638,SESS-20260727-7256-0426,RENTAL_REDEMPTION,-300,190,2026-07-27T22:25:00+08:00
f474a30f-1745-4150-abfd-e47908502645,M-1638,SESS-20260727-7256-0426,RENTAL_ACCRUAL,8,198,2026-07-28T01:25:00+08:00
da0061bb-5167-4d01-9a90-dba19c66c271,M-2070,SESS-20260727-8475-0427,RENTAL_ACCRUAL,10,77,2026-07-27T23:20:00+08:00
4a7b98ba-c92c-491d-89c6-1db70527eb9a,M-1515,SESS-20260727-6686-0428,RENTAL_ACCRUAL,28,294,2026-07-27T21:30:00+08:00
18890f4f-d8ec-4b72-87d2-513769f2784c,M-1469,SESS-20260727-9419-0429,RENTAL_ACCRUAL,28,258,2026-07-28T02:45:00+08:00
8e901234-4bcc-472c-8f04-b958ce4cc54d,M-1495,SESS-20260727-1247-0430,RENTAL_REDEMPTION,-100,96,2026-07-27T20:10:00+08:00
b625b28d-f0c2-447b-a365-e2dc10025efa,M-1495,SESS-20260727-1247-0430,RENTAL_ACCRUAL,2,98,2026-07-27T21:10:00+08:00
fcca8558-c812-48f6-a631-e04950e973bd,M-1025,SESS-20260727-6044-0431,RENTAL_REDEMPTION,-100,8,2026-07-27T23:45:00+08:00
43e81325-4879-4d66-8c4d-162ca30e1efc,M-1025,SESS-20260727-6044-0431,RENTAL_ACCRUAL,10,18,2026-07-28T02:45:00+08:00
33798dac-3f2d-4633-91bf-1f6cb5e5e659,M-1430,SESS-20260727-9130-0432,RENTAL_ACCRUAL,9,1553,2026-07-27T12:15:00+08:00
8f277e58-3d75-4c33-bd51-b97c180af1ac,M-1437,SESS-20260727-2071-0433,RENTAL_ACCRUAL,18,305,2026-07-27T19:20:00+08:00
24e151b5-bd22-4d09-8a6e-0f8fbc2a0655,M-1030,SESS-20260727-6091-0434,RENTAL_ACCRUAL,8,179,2026-07-27T22:20:00+08:00
4089a963-39a3-40a8-809d-f8d51c6b6f57,M-1030,TIER_UPGRADE_Standard_TO_Silver,TIER_BONUS,50,229,2026-07-27T22:20:00+08:00
cb7454d6-10ad-4283-a773-852a94933e09,M-1453,SESS-20260727-3192-0435,RENTAL_REDEMPTION,-100,17,2026-07-27T23:10:00+08:00
29f004dd-beca-4a77-a062-fe8c8942abf2,M-1453,SESS-20260727-3192-0435,RENTAL_ACCRUAL,21,38,2026-07-28T04:10:00+08:00
81c5704d-5704-45fd-ad21-e6b2abb466d2,M-1383,SESS-20260727-8833-0436,RENTAL_ACCRUAL,9,134,2026-07-27T19:45:00+08:00
80657c1e-3970-400e-971c-ae241b6d5ad3,M-1449,SESS-20260727-9024-0437,RENTAL_ACCRUAL,15,224,2026-07-28T01:25:00+08:00
19b596ef-a15b-44ad-8575-8f098639dcd0,M-1449,TIER_UPGRADE_Standard_TO_Silver,TIER_BONUS,50,274,2026-07-28T01:25:00+08:00
497ff475-5132-4841-8540-f24284323e54,M-1081,SESS-20260727-2744-0438,RENTAL_ACCRUAL,11,363,2026-07-27T12:10:00+08:00
8d2dcce7-0d2c-494b-baba-d45a1e078554,M-1886,SESS-20260727-6527-0439,RENTAL_ACCRUAL,10,125,2026-07-27T23:45:00+08:00
73640990-fec4-47a9-aa33-fb1a66d8ffdf,M-1540,SESS-20260727-1572-0440,RENTAL_REDEMPTION,-200,20,2026-07-27T23:25:00+08:00
3666efd0-ec76-44bb-ab5e-833df42f1464,M-1540,SESS-20260727-1572-0440,RENTAL_ACCRUAL,15,35,2026-07-28T04:25:00+08:00
e3b9488c-19d9-469e-bbf7-4d6d23e2176a,M-1275,SESS-20260727-8035-0441,RENTAL_ACCRUAL,18,114,2026-07-28T00:30:00+08:00
0c96dc7a-1c83-4c8d-b8d4-85b39be02a4a,M-1057,SESS-20260727-2546-0442,RENTAL_ACCRUAL,16,107,2026-07-28T01:45:00+08:00
73d16ef7-6053-4f5b-b9ae-e3fbf3819cfd,M-1842,SESS-20260727-6950-0443,RENTAL_ACCRUAL,27,304,2026-07-27T18:45:00+08:00
6b7c217a-5dbf-494b-b36e-b309efd4c9ac,M-1726,SESS-20260727-2222-0444,RENTAL_ACCRUAL,27,202,2026-07-27T21:55:00+08:00
b26006f0-2f1f-4e12-a454-9599f86e279d,M-1300,SESS-20260727-9555-0445,RENTAL_ACCRUAL,18,466,2026-07-28T02:55:00+08:00
8ba2ecf3-82e7-403d-ac2a-635093c1fea7,M-1598,SESS-20260727-5251-0446,RENTAL_ACCRUAL,16,234,2026-07-28T00:00:00+08:00
ee3133a6-f6ba-44f7-9290-73427a384c06,M-1342,SESS-20260727-5086-0447,RENTAL_ACCRUAL,11,244,2026-07-28T01:45:00+08:00
bca6ce6a-4a43-45aa-8894-062c5fcf30f6,M-1934,SESS-20260727-1160-0448,RENTAL_ACCRUAL,15,75,2026-07-27T18:45:00+08:00
e68acf91-1600-4db7-8240-43e27ed5e098,M-1053,SESS-20260727-6538-0449,RENTAL_ACCRUAL,11,388,2026-07-27T23:00:00+08:00
dbc7bac3-b9a6-4268-9552-dfc013012f2a,M-1063,SESS-20260727-1060-0450,RENTAL_REDEMPTION,-100,225,2026-07-27T22:00:00+08:00
34626234-82e5-4420-821b-6da0aab94eb6,M-1063,SESS-20260727-1060-0450,RENTAL_ACCRUAL,20,245,2026-07-28T01:00:00+08:00
b30ffb1e-a8da-4ece-86ab-c9a34fef5aac,M-1529,SESS-20260727-3750-0451,RENTAL_ACCRUAL,18,136,2026-07-28T01:55:00+08:00
cee6182b-cd11-4e0c-b9d0-bd9142e81f1f,M-1650,SESS-20260727-7461-0452,RENTAL_REDEMPTION,-100,5,2026-07-27T19:35:00+08:00
d54d6bbc-5eeb-4165-8c43-9aa6c894df6e,M-1650,SESS-20260727-7461-0452,RENTAL_ACCRUAL,20,25,2026-07-27T22:35:00+08:00
a6e2fa4e-64bc-4c82-a2a6-8ef57493dd75,M-1533,SESS-20260727-6916-0453,RENTAL_ACCRUAL,19,609,2026-07-28T00:40:00+08:00
f0eb5c43-14f5-430b-b4cd-7f3603525c74,M-1896,SESS-20260727-7928-0454,RENTAL_ACCRUAL,5,105,2026-07-28T00:05:00+08:00
1c248149-de2f-4a73-9edd-1d15a1d9fe40,M-1900,SESS-20260727-1482-0455,RENTAL_ACCRUAL,16,142,2026-07-27T22:00:00+08:00
aca1712b-e192-47e3-a487-b8b810496a86,M-2141,SESS-20260727-6943-0456,RENTAL_REDEMPTION,-100,28,2026-07-27T22:05:00+08:00
eca3ea67-548c-4ece-8007-1e16ffa688af,M-2141,SESS-20260727-6943-0456,RENTAL_ACCRUAL,35,63,2026-07-28T03:05:00+08:00
71de432d-5263-4ab5-a6be-962afd7196c6,M-1820,ORD-20260728-3862-0001,CONCESSION_ACCRUAL,8,401,2026-07-28T00:30:37+08:00
cf1afa62-a85d-4b4b-bd6e-abfeb60bad67,M-1495,ORD-20260727-6907-0002,CONCESSION_ACCRUAL,24,122,2026-07-27T20:53:09+08:00
bc35704d-d905-48d7-93d3-008b00a87507,M-1912,ORD-20260727-6225-0003,CONCESSION_ACCRUAL,17,251,2026-07-27T22:48:14+08:00
9f85cb95-0453-4395-842a-021a60aa0765,M-1031,ORD-20260727-3730-0004,CONCESSION_ACCRUAL,19,1056,2026-07-27T21:39:29+08:00
26f04c51-223b-4e9c-b075-414c713c1248,M-1660,ORD-20260727-6479-0005,CONCESSION_ACCRUAL,3,131,2026-07-27T09:54:55+08:00
edf49f25-015a-4c2e-90ce-0cb6a4adb219,M-1067,ORD-20260727-9499-0006,CONCESSION_ACCRUAL,24,706,2026-07-27T20:21:00+08:00
080f6a92-b0bf-44c1-9b97-7e1b26fbbb27,M-1693,ORD-20260727-8766-0007,CONCESSION_ACCRUAL,33,361,2026-07-27T09:10:18+08:00
920fcf47-ff17-460e-8095-7f87429eb641,M-1228,ORD-20260727-3313-0008,CONCESSION_ACCRUAL,33,318,2026-07-27T21:39:58+08:00
7e1f4e5f-a43f-4f14-b1c1-d398d0beb01f,M-2105,ORD-20260728-7903-0009,CONCESSION_ACCRUAL,8,79,2026-07-28T01:53:55+08:00
f7f0ac93-57d4-4c0d-9490-ddfe028defc3,M-1201,ORD-20260728-3650-0010,CONCESSION_ACCRUAL,24,185,2026-07-28T00:27:37+08:00
d3ea4b82-e74c-43f0-9f3f-7cd0fa43e207,M-1144,ORD-20260727-4955-0011,CONCESSION_ACCRUAL,8,277,2026-07-27T16:18:26+08:00
c0cfe75d-8744-45af-8c57-966fd5957cd6,M-1428,ORD-20260727-2786-0012,CONCESSION_ACCRUAL,25,185,2026-07-27T17:02:09+08:00
cfda83ff-4a0b-49b1-a8e8-ccb2f55b72c3,M-1390,ORD-20260727-8815-0013,CONCESSION_ACCRUAL,18,202,2026-07-27T18:35:00+08:00
ddc1ef30-b209-46fe-aae8-dce1c9b16349,M-1722,ORD-20260727-3834-0014,CONCESSION_ACCRUAL,15,557,2026-07-27T22:47:45+08:00
41d23e53-c3c9-42fa-95aa-cf8b35f9a506,M-1282,ORD-20260727-3662-0015,CONCESSION_ACCRUAL,14,232,2026-07-27T10:40:13+08:00
d40f87d0-1b0f-4ab6-bfeb-c69f7f94e588,M-1525,ORD-20260727-8493-0016,CONCESSION_ACCRUAL,11,36,2026-07-27T19:51:23+08:00
d84c5c6e-25a5-467f-80d6-7701a585a287,M-1626,ORD-20260727-2118-0017,CONCESSION_ACCRUAL,11,132,2026-07-27T21:13:44+08:00
37cda957-e4f2-44f9-94cb-871cd249c2af,M-1091,ORD-20260727-6829-0018,CONCESSION_ACCRUAL,12,51,2026-07-27T16:06:47+08:00
aa4f18e1-fca6-4f7d-971d-a3fe62189d97,M-1303,ORD-20260727-7926-0019,CONCESSION_ACCRUAL,31,2705,2026-07-27T23:01:51+08:00
c0a13259-f501-4108-8709-d69f85f4497b,M-1815,ORD-20260727-9240-0020,CONCESSION_ACCRUAL,8,180,2026-07-27T20:55:49+08:00
a8bcc91c-1590-4d98-8e21-6179e4c7a151,M-1651,ORD-20260727-8115-0021,CONCESSION_ACCRUAL,22,345,2026-07-27T22:12:33+08:00
ea42b60f-7f45-4e1d-aec3-1e6ca7942563,M-1778,ORD-20260727-3629-0022,CONCESSION_ACCRUAL,22,188,2026-07-27T14:22:52+08:00
98b5bc9c-86f4-444b-ba8e-d4e3e9b73764,M-1493,ORD-20260727-2418-0023,CONCESSION_ACCRUAL,23,167,2026-07-27T20:26:59+08:00
63f999f7-fc7b-46b0-95ed-cc9277290558,M-1342,ORD-20260728-6033-0024,CONCESSION_ACCRUAL,11,255,2026-07-28T00:17:16+08:00
e0730cab-d552-471c-a6f3-129735f4aa8c,M-1468,ORD-20260727-7484-0025,CONCESSION_ACCRUAL,8,243,2026-07-27T22:53:04+08:00
8ed9a831-10bf-4ba0-bcc2-509da7156c0c,M-2075,ORD-20260727-6721-0026,CONCESSION_ACCRUAL,6,168,2026-07-27T21:21:09+08:00
593354e3-9a6b-4b65-afdd-39272d4d9e71,M-1508,ORD-20260727-2884-0027,CONCESSION_ACCRUAL,16,491,2026-07-27T21:58:18+08:00
0a753c60-2245-457d-9e78-eaf1b6cccacc,M-1423,ORD-20260727-9419-0028,CONCESSION_ACCRUAL,11,436,2026-07-27T14:35:53+08:00
586eef79-3332-4d76-a1fe-9aa9567d28b1,M-1173,ORD-20260727-1547-0029,CONCESSION_ACCRUAL,18,379,2026-07-27T20:48:29+08:00
3832f86e-52ee-4b88-a8e9-e613e8975d10,M-1804,ORD-20260727-8084-0030,CONCESSION_ACCRUAL,26,246,2026-07-27T23:55:59+08:00
3893f8d1-04fc-4913-bc67-112d2afb204b,M-1768,ORD-20260727-3013-0031,CONCESSION_ACCRUAL,27,106,2026-07-27T14:53:06+08:00
30409798-7235-4911-bcae-16df46fb5e1e,M-1173,ORD-20260727-6088-0032,CONCESSION_ACCRUAL,24,403,2026-07-27T13:50:57+08:00
f9e0237e-57a6-4f36-9403-712f73c298e7,M-1121,ORD-20260728-3296-0033,CONCESSION_ACCRUAL,8,42,2026-07-28T00:00:00+08:00
1605e9cc-dd80-49cf-bdee-c0f0d0726952,M-1611,ORD-20260728-5752-0034,CONCESSION_ACCRUAL,22,360,2026-07-28T00:19:37+08:00
b6f7aec0-15c8-490b-a929-cc0220122bd8,M-2038,ORD-20260727-1966-0035,CONCESSION_ACCRUAL,6,202,2026-07-27T15:17:55+08:00
cc20b884-3888-43df-902d-09d18c3c6db3,M-1264,ORD-20260727-8869-0036,CONCESSION_ACCRUAL,7,593,2026-07-27T23:00:29+08:00
3ccb0f5b-3c32-4a4f-be17-705f2579fda9,M-1453,ORD-20260728-3836-0037,CONCESSION_ACCRUAL,15,53,2026-07-28T03:46:18+08:00
57e1822c-b92e-4bce-89b6-3c2961e5dae6,M-1326,ORD-20260728-4183-0038,CONCESSION_ACCRUAL,35,552,2026-07-28T00:53:53+08:00
210dc440-078e-4e87-8f66-15bbd7553007,M-1132,ORD-20260727-9573-0039,CONCESSION_ACCRUAL,12,886,2026-07-27T22:18:38+08:00
e28aa672-d60b-45a1-a20b-a97066598453,M-1578,ORD-20260727-4191-0040,CONCESSION_ACCRUAL,8,166,2026-07-27T23:56:30+08:00
c273ad21-b681-44f6-829c-4f3987cde1ba,M-1798,ORD-20260727-2332-0041,CONCESSION_ACCRUAL,19,204,2026-07-27T22:11:45+08:00
a6787698-ce86-4ee8-a435-46ab6bf0f52e,M-1732,ORD-20260727-2928-0042,CONCESSION_ACCRUAL,15,372,2026-07-27T10:28:55+08:00
fdb054af-d863-4ec4-91d8-5bfb98d936a9,M-1254,ORD-20260727-1395-0043,CONCESSION_ACCRUAL,3,148,2026-07-27T20:51:35+08:00
453dac0b-fdca-4fa7-a701-b22408a2f3e0,M-1413,ORD-20260727-3045-0044,CONCESSION_ACCRUAL,38,195,2026-07-27T22:50:05+08:00
e26dbc78-c44c-42ed-b0ad-ede4c32c0ac5,M-2091,ORD-20260727-6116-0045,CONCESSION_ACCRUAL,22,256,2026-07-27T23:38:20+08:00
8083117c-9600-40bc-b76c-af96e333f6f3,M-1009,ORD-20260727-4701-0046,CONCESSION_ACCRUAL,10,58,2026-07-27T23:43:41+08:00
4c381a57-e988-45d7-889c-ce7ba6911de2,M-1081,ORD-20260727-1583-0047,CONCESSION_ACCRUAL,11,374,2026-07-27T11:32:22+08:00
8bd974a6-cbaa-4029-acff-cd9e936db1c7,M-1448,ORD-20260727-6170-0048,CONCESSION_ACCRUAL,8,103,2026-07-27T01:17:41+08:00
e249e7f9-c0e5-4822-88e4-0d2c56d18383,M-1480,ORD-20260727-6851-0049,CONCESSION_ACCRUAL,18,89,2026-07-27T23:58:08+08:00
4548bb01-2a2c-417c-86b2-791b00db2382,M-1198,ORD-20260727-6812-0050,CONCESSION_ACCRUAL,54,2414,2026-07-27T21:27:37+08:00
925739a6-5b43-49af-8555-a68d3a6be90f,M-1791,ORD-20260727-8562-0051,CONCESSION_ACCRUAL,9,257,2026-07-27T15:52:41+08:00
31ae688b-0cfb-4b13-9d5b-ce41bb4d8d08,M-1053,ORD-20260727-3627-0052,CONCESSION_ACCRUAL,66,454,2026-07-27T16:51:36+08:00
946e589b-6942-4187-b4d9-76f577f453ce,M-1786,ORD-20260727-8985-0053,CONCESSION_ACCRUAL,47,568,2026-07-27T23:13:50+08:00
bd7cf373-5cac-482e-8c7a-240c0d151442,M-1063,ORD-20260728-7980-0054,CONCESSION_ACCRUAL,15,260,2026-07-28T00:29:32+08:00
4245dcb3-8702-4527-8b1a-67c0589880d4,M-1431,ORD-20260727-2428-0055,CONCESSION_ACCRUAL,8,505,2026-07-27T15:21:36+08:00
5387083a-becb-44ea-a5f2-51ef568c1b7c,M-1978,ORD-20260728-3555-0056,CONCESSION_ACCRUAL,18,194,2026-07-28T00:11:56+08:00
d90ef6a7-d972-4016-acee-3136daec9b14,M-1451,ORD-20260727-5225-0057,CONCESSION_ACCRUAL,16,283,2026-07-27T19:34:02+08:00
ea57975f-b386-45cf-9c1e-e6ce7f7023fe,M-1547,ORD-20260727-1869-0058,CONCESSION_ACCRUAL,15,429,2026-07-27T11:32:25+08:00
0489258a-b8e7-44c1-b388-edfb27b152fe,M-1130,ORD-20260728-5210-0059,CONCESSION_ACCRUAL,15,127,2026-07-28T01:26:53+08:00
4ced4f27-47ac-454f-98bc-3b469b5dba9a,M-1366,ORD-20260727-1460-0060,CONCESSION_ACCRUAL,16,352,2026-07-27T23:31:24+08:00
f361b9c7-e66b-4fa2-8bbd-1d990d847dbc,M-1111,ORD-20260727-3529-0061,CONCESSION_ACCRUAL,7,392,2026-07-27T21:13:37+08:00
15e3fe38-ebd8-40cb-be74-65d0645619de,M-1661,ORD-20260727-6456-0062,CONCESSION_ACCRUAL,45,2742,2026-07-27T11:23:49+08:00
52ace60e-8884-45d3-8021-3c00458deb57,M-1748,ORD-20260727-5664-0063,CONCESSION_ACCRUAL,22,505,2026-07-27T21:46:59+08:00
8078bb89-7714-424e-9398-5d83fdb549ba,M-1708,ORD-20260727-6304-0064,CONCESSION_ACCRUAL,11,310,2026-07-27T21:08:07+08:00
f9ed2add-0c89-48ff-86d3-44f3bbc38bea,M-1185,ORD-20260728-9579-0065,CONCESSION_ACCRUAL,16,231,2026-07-28T02:26:19+08:00
55b5217f-f8a0-4a12-8617-a8972b2d77d4,M-1202,ORD-20260727-5232-0066,CONCESSION_ACCRUAL,13,1647,2026-07-27T23:59:15+08:00
8eb66ff6-0cf8-417a-9523-44bf7a5ff8ab,M-2070,ORD-20260727-8754-0067,CONCESSION_ACCRUAL,18,95,2026-07-27T22:15:28+08:00
25640f0a-1468-4f05-89b1-6f521b6001bc,M-1204,ORD-20260727-6714-0068,CONCESSION_ACCRUAL,3,96,2026-07-27T18:51:04+08:00
f9a9a565-8f5d-49cf-9dd4-d245c9518e67,M-1882,ORD-20260727-3023-0069,CONCESSION_ACCRUAL,8,59,2026-07-27T23:38:18+08:00
5f886da2-4dbc-4cde-a133-2b1cd0f92850,M-1160,ORD-20260727-1649-0070,CONCESSION_ACCRUAL,30,199,2026-07-27T17:21:48+08:00
c338b179-2f90-4f40-b8d0-f2e40f1ebd08,M-1189,ORD-20260727-6463-0071,CONCESSION_ACCRUAL,8,130,2026-07-27T14:20:26+08:00
787ba01a-e3aa-4da9-9427-b0b0e4f4efde,M-1768,ORD-20260727-6276-0072,CONCESSION_ACCRUAL,18,124,2026-07-27T19:58:31+08:00
d1e6d9cf-4f09-4293-9c3f-854d0fe98c58,M-1353,ORD-20260727-4096-0073,CONCESSION_ACCRUAL,15,186,2026-07-27T20:31:31+08:00
6ebc4769-9149-49e8-8b6a-9ef32316d385,M-1930,ORD-20260727-4734-0074,CONCESSION_ACCRUAL,11,278,2026-07-27T18:15:27+08:00
08fcdb3c-61e3-4f9c-b54e-494d75813d28,M-1574,ORD-20260727-8422-0075,CONCESSION_ACCRUAL,15,90,2026-07-27T18:52:15+08:00
ab454487-382b-48b8-9f52-c397c89858e9,M-2110,ORD-20260728-1360-0076,CONCESSION_ACCRUAL,28,503,2026-07-28T02:37:50+08:00
d79ca8aa-4b4e-444d-a948-e8e155877ffb,M-1692,ORD-20260727-3352-0077,CONCESSION_ACCRUAL,47,2253,2026-07-27T21:51:40+08:00
fb433494-4494-4ea9-baf2-c21048bbf29d,M-1291,ORD-20260727-1387-0078,CONCESSION_ACCRUAL,25,269,2026-07-27T20:12:36+08:00
53b1f927-5c46-4c0a-bec9-5865f75519ed,M-1995,ORD-20260727-8651-0079,CONCESSION_ACCRUAL,32,167,2026-07-27T19:50:29+08:00
2c0f5bde-60d1-4b58-a84c-41b48ec8a03a,M-1928,ORD-20260728-6786-0080,CONCESSION_ACCRUAL,12,176,2026-07-28T02:52:30+08:00
ce4d03d6-195f-4930-a668-eb3a20b58b0b,M-1532,ORD-20260728-4888-0081,CONCESSION_ACCRUAL,24,44,2026-07-28T00:50:27+08:00
c1398b5e-ba0a-4d13-a4c3-4918af5b0d0d,M-1831,ORD-20260727-1441-0082,CONCESSION_ACCRUAL,8,144,2026-07-27T23:26:17+08:00
8da40119-0f9c-4d69-8246-679e02858aad,M-1350,ORD-20260727-6535-0083,CONCESSION_ACCRUAL,15,521,2026-07-27T16:17:29+08:00
f505c9f1-c05d-4f1f-8aa9-fb527a312340,M-1895,ORD-20260727-3785-0084,CONCESSION_ACCRUAL,16,384,2026-07-27T20:49:13+08:00
46ae85ad-6413-4bbf-b803-6080bc01db7a,M-1627,ORD-20260727-2308-0085,CONCESSION_ACCRUAL,8,324,2026-07-27T17:21:29+08:00
4447b55b-8e3c-4f8d-a920-b732654f8919,M-1538,ORD-20260727-9981-0086,CONCESSION_ACCRUAL,39,282,2026-07-27T19:04:59+08:00
98f0f6a2-f369-4a47-9c69-c08fcf1aac72,M-1795,ORD-20260727-7635-0087,CONCESSION_ACCRUAL,3,124,2026-07-27T18:01:40+08:00
8ecb484b-216c-4387-b8fe-925c992929b7,M-1946,ORD-20260727-2452-0088,CONCESSION_ACCRUAL,36,65,2026-07-27T21:11:26+08:00
0fd12f34-356d-40e1-a2c2-5c89b7763fb3,M-1280,ORD-20260727-2036-0089,CONCESSION_ACCRUAL,13,390,2026-07-27T23:05:26+08:00
a4e96271-ea04-4bf3-bffe-6ae059ed4a33,M-1992,ORD-20260727-4676-0090,CONCESSION_ACCRUAL,6,177,2026-07-27T22:45:21+08:00
eb0f5f63-1efe-4b69-91a0-f52362c5aaf7,M-1809,ORD-20260727-6503-0091,CONCESSION_ACCRUAL,13,399,2026-07-27T18:44:07+08:00
82c2963c-61df-41c3-8042-a78148f05467,M-1367,ORD-20260727-2038-0092,CONCESSION_ACCRUAL,10,415,2026-07-27T16:50:47+08:00
1864c18e-29ac-490d-bec7-ba8e57ab99a0,M-1608,ORD-20260727-4937-0093,CONCESSION_ACCRUAL,7,137,2026-07-27T21:52:19+08:00
1b7c6a7f-5129-49d6-bb70-205fb563487f,M-1725,ORD-20260727-9058-0094,CONCESSION_ACCRUAL,15,528,2026-07-27T23:33:24+08:00
32cc1cd2-f1b1-4031-8b96-b59deac79f86,M-1228,ORD-20260727-2067-0095,CONCESSION_ACCRUAL,22,340,2026-07-27T17:13:40+08:00
f29e43fc-e856-44c9-b76e-2f8b014035c6,M-1218,ORD-20260727-1548-0096,CONCESSION_ACCRUAL,45,231,2026-07-27T22:09:13+08:00
910fb79a-c7eb-444d-9bc6-e030efbf3833,M-1573,ORD-20260727-8432-0097,CONCESSION_ACCRUAL,19,530,2026-07-27T22:20:12+08:00
d8dbfbff-103e-4d2d-bad2-5973582a4673,M-1533,ORD-20260728-8957-0098,CONCESSION_ACCRUAL,18,627,2026-07-28T00:31:46+08:00
51d1b071-de25-4adf-8fc6-8a89201b7c38,M-1629,ORD-20260728-7260-0099,CONCESSION_ACCRUAL,6,158,2026-07-28T01:22:03+08:00
b6b7136d-d5e5-4bfd-8388-88760e0d5dd2,M-1629,TIER_UPGRADE_Standard_TO_Silver,TIER_BONUS,50,208,2026-07-28T01:22:03+08:00
00f9274f-132d-4fd5-ae52-c0f70a9c87cf,M-1105,ORD-20260727-8476-0100,CONCESSION_ACCRUAL,19,585,2026-07-27T20:05:10+08:00
730fed9c-f8c7-4ea5-9113-1eb1d311b1ab,M-1677,ORD-20260727-4594-0101,CONCESSION_ACCRUAL,3,87,2026-07-27T23:03:57+08:00
4ee8fb32-ef8b-4dd6-8fe1-855d3705915b,M-1900,ORD-20260727-2519-0102,CONCESSION_ACCRUAL,9,151,2026-07-27T15:39:54+08:00
dc48eb9b-4f81-46ca-8d0e-f80e2b694161,M-1610,ORD-20260728-1511-0103,CONCESSION_ACCRUAL,30,265,2026-07-28T00:14:11+08:00
e5be447d-20dc-4575-ac87-a816edb8e3d0,M-1278,ORD-20260727-8858-0104,CONCESSION_ACCRUAL,26,396,2026-07-27T13:55:39+08:00
41a90d05-7609-4402-b411-49f24a111f71,M-1485,ORD-20260728-7756-0105,CONCESSION_ACCRUAL,11,33,2026-07-28T01:13:35+08:00
aaaeea83-ae22-4a98-82e8-d7828432ee54,M-1766,ORD-20260727-9368-0106,CONCESSION_ACCRUAL,8,664,2026-07-27T21:12:19+08:00
a42d4aa4-cac2-4d78-99af-c68098f0c89d,M-1956,ORD-20260727-1550-0107,CONCESSION_ACCRUAL,2,146,2026-07-27T22:08:57+08:00
a1be718a-ae3b-4e54-b8ab-9ec96f85ff00,M-1764,ORD-20260727-3474-0108,CONCESSION_ACCRUAL,7,144,2026-07-27T22:18:57+08:00
32a8aab7-a798-44e3-8332-387f0a54c27f,M-1172,ORD-20260727-8433-0109,CONCESSION_ACCRUAL,18,389,2026-07-27T20:53:21+08:00
c43bd1d9-ddcd-4632-9dad-49e139438bfe,M-1685,ORD-20260727-4562-0110,CONCESSION_ACCRUAL,8,43,2026-07-27T20:24:06+08:00
8b5ac600-c54f-445d-b4c5-35ebf6170227,M-1606,ORD-20260727-8315-0111,CONCESSION_ACCRUAL,11,723,2026-07-27T21:01:20+08:00
696e32a2-3a88-4f18-8a99-0235b2843442,M-1590,ORD-20260727-3695-0112,CONCESSION_ACCRUAL,15,58,2026-07-27T17:03:43+08:00
d7730598-05f8-4364-a41e-33d20cc1a31f,M-1014,ORD-20260727-7042-0113,CONCESSION_ACCRUAL,18,623,2026-07-27T23:32:28+08:00
370fd76b-1a36-4938-a905-06770fa74c5e,M-2061,ORD-20260727-8841-0114,CONCESSION_ACCRUAL,9,56,2026-07-27T22:13:14+08:00
8a90c422-8d8e-4b9b-8b3e-ec40492a3bb3,M-1841,ORD-20260728-8794-0115,CONCESSION_ACCRUAL,11,547,2026-07-28T02:47:44+08:00
5afcd983-a8d3-4f82-9fcd-7acb455fd3b1,M-2123,ORD-20260727-5110-0116,CONCESSION_ACCRUAL,12,187,2026-07-27T21:36:14+08:00
d94eccaa-f155-4930-b514-a2e08fa37d95,M-1486,ORD-20260727-9374-0117,CONCESSION_ACCRUAL,25,121,2026-07-27T11:52:37+08:00
d4befd73-77fc-4a74-9deb-5eaeadd367b6,M-1486,TIER_UPGRADE_Standard_TO_Silver,TIER_BONUS,50,171,2026-07-27T11:52:37+08:00
b6134333-b0f2-40a8-acce-a517863b0d19,M-1414,ORD-20260727-6496-0118,CONCESSION_ACCRUAL,8,382,2026-07-27T19:42:45+08:00
d2aec5a0-474f-44b7-8dee-17d8efb85c73,M-1222,ORD-20260728-3043-0119,CONCESSION_ACCRUAL,11,496,2026-07-28T02:22:27+08:00
d0c3d800-72d3-4350-9910-c1b9fdc12265,M-1157,ORD-20260727-6805-0120,CONCESSION_ACCRUAL,30,256,2026-07-27T18:57:31+08:00
b158078b-caaf-43c7-8911-d199a6a97a4e,M-1292,ORD-20260727-3890-0121,CONCESSION_ACCRUAL,27,397,2026-07-27T21:18:39+08:00
4e630ca0-f8e6-4c07-8afb-53662909a96a,M-2020,ORD-20260727-5288-0122,CONCESSION_ACCRUAL,2,140,2026-07-27T23:48:28+08:00
3cb03d3a-7052-4eb0-8ba0-84f4bce2c159,M-1299,ORD-20260727-1490-0123,CONCESSION_ACCRUAL,16,464,2026-07-27T13:46:19+08:00
77fdd620-07b4-465c-9ae4-63a80445bda6,M-1737,ORD-20260727-4071-0124,CONCESSION_ACCRUAL,11,152,2026-07-27T18:12:56+08:00
96c66041-3ca4-4f9b-8096-fdacffbd55b8,M-1967,ORD-20260728-4466-0125,CONCESSION_ACCRUAL,16,92,2026-07-28T00:37:44+08:00
7a7b0606-da03-4cf7-bb12-e4b693aa44e3,M-1666,ORD-20260728-4625-0126,CONCESSION_ACCRUAL,21,224,2026-07-28T01:15:29+08:00
9e18c537-617c-4cd5-a222-baa910cdeae0,M-1891,ORD-20260727-5603-0127,CONCESSION_ACCRUAL,15,118,2026-07-27T17:25:42+08:00
8e624f60-1654-4dbc-92b6-3c88b58734c0,M-1132,ORD-20260728-2785-0128,CONCESSION_ACCRUAL,23,909,2026-07-28T03:49:19+08:00
545d787c-a865-471b-9204-a4e916e48114,M-1016,ORD-20260727-1787-0129,CONCESSION_ACCRUAL,8,94,2026-07-27T18:08:24+08:00
52b2ca97-979c-40a0-a27f-a52e2b01e3e8,M-1522,ORD-20260728-1986-0130,CONCESSION_ACCRUAL,8,390,2026-07-28T00:12:35+08:00
013a48e4-5142-4d05-9d10-f4e1a892dc62,M-1776,ORD-20260727-3229-0131,CONCESSION_ACCRUAL,15,124,2026-07-27T22:23:42+08:00
16d1ad21-0ed7-4a65-8e49-c42d5c4419ef,M-1842,ORD-20260727-3605-0132,CONCESSION_ACCRUAL,16,320,2026-07-27T17:24:30+08:00
3619bdd2-b344-417c-ab30-1fa7f8cdd88a,M-1300,ORD-20260728-8696-0133,CONCESSION_ACCRUAL,4,470,2026-07-28T01:33:08+08:00
ce7b5e03-9ec4-4686-a565-7397abebc1f5,M-1290,ORD-20260727-4849-0134,CONCESSION_ACCRUAL,24,113,2026-07-27T21:46:34+08:00
a4d098c8-4110-4f82-9e60-452563972e62,M-1222,ORD-20260727-7414-0135,CONCESSION_ACCRUAL,22,518,2026-07-27T13:21:47+08:00
0535b32a-be45-4952-9a85-afb9307afd7d,M-1328,ORD-20260727-7360-0136,CONCESSION_ACCRUAL,3,404,2026-07-27T19:37:44+08:00
6348c727-6ad1-4bed-90de-3ddfafca35ad,M-1308,ORD-20260727-1463-0137,CONCESSION_ACCRUAL,3,441,2026-07-27T22:33:07+08:00
de3b5820-26ed-4093-9257-56db1454fce3,M-1940,ORD-20260727-5982-0138,CONCESSION_ACCRUAL,6,64,2026-07-27T23:30:28+08:00
fa71d2a9-5b95-4a99-8bb2-0ccd94c0fb12,M-1577,ORD-20260727-2477-0139,CONCESSION_ACCRUAL,16,101,2026-07-27T17:09:32+08:00
656bacb3-7c49-492c-aa75-dc8e0bd46b3a,M-1529,ORD-20260728-4311-0140,CONCESSION_ACCRUAL,3,139,2026-07-28T00:32:50+08:00
b4d528cb-5d08-4ee2-8cb7-7b930b696c58,M-1690,ORD-20260727-9079-0141,CONCESSION_ACCRUAL,19,170,2026-07-27T22:59:33+08:00
c8a689b8-7b86-4160-86d0-3e4913b2d8d0,M-1430,ORD-20260727-4404-0142,CONCESSION_ACCRUAL,23,1576,2026-07-27T12:07:15+08:00
e17ee81b-0855-4ac7-a6e5-c72f3bc16cdf,M-1782,ORD-20260727-3476-0143,CONCESSION_ACCRUAL,9,141,2026-07-27T23:31:08+08:00
dd3f2f15-be42-4861-b3cd-ee8c0184bb0a,M-1300,ORD-20260727-6551-0144,CONCESSION_ACCRUAL,9,479,2026-07-27T21:42:08+08:00
b7ec5a52-6139-4861-a74c-d930f22f5192,M-1288,ORD-20260727-5798-0145,CONCESSION_ACCRUAL,42,1016,2026-07-27T20:47:51+08:00
e5bec5ba-2f0c-4f49-b943-e8bf74626954,M-1482,ORD-20260728-7986-0146,CONCESSION_ACCRUAL,11,210,2026-07-28T00:07:00+08:00
fac6ec1a-7735-4e77-8ba6-eb7c97863d89,M-1162,ORD-20260727-2280-0147,CONCESSION_ACCRUAL,11,209,2026-07-27T21:50:20+08:00
a5ff246e-6eb2-4759-a136-28664314bb3c,M-1334,ORD-20260727-5714-0148,CONCESSION_ACCRUAL,22,204,2026-07-27T21:24:33+08:00
7996abbb-9ace-44dd-b360-56070841147e,M-1104,ORD-20260727-1526-0149,CONCESSION_ACCRUAL,27,248,2026-07-27T22:21:16+08:00
bc15d2f7-a439-413c-9d1a-a8e2b0e795de,M-1467,ORD-20260727-1215-0150,CONCESSION_ACCRUAL,8,397,2026-07-27T12:59:10+08:00
e1882d06-fd25-4b7c-a837-e5f667bf8892,M-1808,ORD-20260728-8646-0151,CONCESSION_ACCRUAL,13,1861,2026-07-28T01:10:20+08:00
9815b5a2-4db8-45ea-9ffe-3be561bbe74e,M-1913,ORD-20260728-5339-0152,CONCESSION_ACCRUAL,8,128,2026-07-28T00:38:34+08:00
a3266224-fcc2-46b8-98c2-d13f926999ad,M-1550,ORD-20260727-6392-0153,CONCESSION_ACCRUAL,11,179,2026-07-27T20:59:35+08:00
dad3aa26-9589-436c-9d4e-e2a690c6dce3,M-1770,ORD-20260727-6123-0154,CONCESSION_ACCRUAL,11,269,2026-07-27T19:02:24+08:00
1e3f90b9-98b2-4853-97f9-e8ca62997cab,M-1041,ORD-20260727-8024-0155,CONCESSION_ACCRUAL,9,979,2026-07-27T23:02:29+08:00
b2a731ec-eeff-4b29-b18b-228fb1fb86df,M-1268,ORD-20260727-7662-0156,CONCESSION_ACCRUAL,12,34,2026-07-27T18:05:01+08:00
6e0d799d-342e-4c7d-aa28-74e49a300634,M-1146,ORD-20260727-7101-0157,CONCESSION_ACCRUAL,9,2541,2026-07-27T16:56:28+08:00
aa6ebec7-0c04-4e83-8825-0c7d6b86bb6a,M-1347,ORD-20260727-4636-0158,CONCESSION_ACCRUAL,24,3303,2026-07-27T10:40:53+08:00
ba0cf98c-b8ba-4377-84b9-c796e0b6b0e4,M-1177,ORD-20260727-5904-0159,CONCESSION_ACCRUAL,3,211,2026-07-27T22:16:05+08:00
74ed27ef-4fcf-4337-a621-b3cdd88b31c6,M-1617,ORD-20260727-8946-0160,CONCESSION_ACCRUAL,11,213,2026-07-27T21:57:42+08:00
f923c433-f757-4f01-9fb9-bf047ede6c35,M-1245,ORD-20260727-2094-0161,CONCESSION_ACCRUAL,20,99,2026-07-27T17:47:08+08:00
c65b6197-0f7e-4cf2-a248-1feb7a2aeda7,M-1030,ORD-20260727-4485-0162,CONCESSION_ACCRUAL,13,242,2026-07-27T22:14:33+08:00
b3b2ae0f-0b5b-4e12-a334-38719b2550d6,M-1667,ORD-20260727-5512-0163,CONCESSION_ACCRUAL,15,483,2026-07-27T15:59:19+08:00
bbb8c684-6bd1-4f99-84bb-73e50040b8b9,M-2007,ORD-20260727-6345-0164,CONCESSION_ACCRUAL,6,60,2026-07-27T20:41:56+08:00
d9efae93-e83f-4051-bcb3-88d20baecf47,M-1680,ORD-20260727-3601-0165,CONCESSION_ACCRUAL,71,407,2026-07-27T23:07:07+08:00
3e79d841-2c2a-4e12-a5d5-234ee05bd8f1,M-1195,ORD-20260727-4414-0166,CONCESSION_ACCRUAL,11,184,2026-07-27T23:25:02+08:00
20b65ad0-9888-4d38-a793-d2081b262906,M-1502,ORD-20260727-8068-0167,CONCESSION_ACCRUAL,10,400,2026-07-27T13:16:09+08:00
6f69ff5a-48ea-4587-8ca7-f12e32daf801,M-2099,ORD-20260728-1692-0168,CONCESSION_ACCRUAL,18,247,2026-07-28T00:24:14+08:00
47e6e590-bd45-48fd-98ce-557a534040e5,M-1719,ORD-20260727-5603-0169,CONCESSION_ACCRUAL,3,207,2026-07-27T18:13:51+08:00
658fdc17-66f5-4520-b11d-3b3dd2513210,M-1837,ORD-20260727-2418-0170,CONCESSION_ACCRUAL,16,132,2026-07-27T17:13:14+08:00
19fce5b0-1e7c-4b02-894a-e2a6736af8f7,M-1540,ORD-20260727-4594-0171,CONCESSION_ACCRUAL,8,43,2026-07-27T21:58:54+08:00
a6325b54-eff2-4f03-b44f-b6acd23b59bc,M-1450,ORD-20260727-8681-0172,CONCESSION_ACCRUAL,21,276,2026-07-27T09:54:26+08:00
2a0eb2d5-0130-47d9-94cc-66a35777d400,M-1843,ORD-20260728-8024-0173,CONCESSION_ACCRUAL,12,104,2026-07-28T00:35:28+08:00
07d68512-c4a4-42fd-9f76-c28749b89dda,M-1797,ORD-20260727-2643-0174,CONCESSION_ACCRUAL,35,164,2026-07-27T13:25:00+08:00
4e9ee10f-ccca-4be5-b7e3-149dc6bf8c0b,M-1054,ORD-20260727-5844-0175,CONCESSION_ACCRUAL,9,271,2026-07-27T23:22:35+08:00
dc34b37e-0b41-4628-88bb-954bf67f55dc,M-1504,ORD-20260727-4981-0176,CONCESSION_ACCRUAL,11,203,2026-07-27T21:34:41+08:00
1e24c530-5ad7-4d01-ad13-705a6083d4a6,M-1683,ORD-20260727-7617-0177,CONCESSION_ACCRUAL,13,972,2026-07-27T23:58:38+08:00
bdd83135-540c-453f-9f03-90d57ffc1791,M-1541,ORD-20260727-3959-0178,CONCESSION_ACCRUAL,8,459,2026-07-27T14:28:31+08:00
4f166c13-6f77-4588-a2e5-7a6a55d8cad5,M-1872,ORD-20260727-6244-0179,CONCESSION_ACCRUAL,21,65,2026-07-27T13:15:28+08:00
70dbf201-1e2b-4932-b7ca-9bb59c8c622f,M-1519,ORD-20260727-8796-0180,CONCESSION_ACCRUAL,11,441,2026-07-27T22:40:27+08:00
55def748-0fde-4c32-ba09-d35bf9050e80,M-1544,ORD-20260728-2802-0181,CONCESSION_ACCRUAL,8,274,2026-07-28T01:29:22+08:00
daf60198-0a24-49c8-98aa-a6457a2a23b8,M-2016,ORD-20260727-9640-0182,CONCESSION_ACCRUAL,6,74,2026-07-27T22:23:59+08:00
cfbd8ff4-f0e1-49a9-bbd6-b9d5c7b0b0c6,M-1374,ORD-20260727-7916-0183,CONCESSION_ACCRUAL,15,437,2026-07-27T14:55:39+08:00
102556c4-537c-4223-9875-5e11dedca070,M-1274,ORD-20260727-3902-0184,CONCESSION_ACCRUAL,8,641,2026-07-27T14:35:34+08:00
c5719f47-1887-4644-b361-a2c7d6b60da1,M-1801,ORD-20260727-9105-0185,CONCESSION_ACCRUAL,19,171,2026-07-27T15:57:27+08:00
661dd954-d503-4c50-b85a-d836c65b38a6,M-1003,ORD-20260727-5067-0186,CONCESSION_ACCRUAL,26,322,2026-07-27T22:22:15+08:00
e107c26e-07e0-43cc-965e-06c007ceb21a,M-1136,ORD-20260728-8451-0187,CONCESSION_ACCRUAL,15,237,2026-07-28T00:11:39+08:00
774bf30f-5701-40e7-adbc-274132a76bc7,M-1025,ORD-20260728-5245-0188,CONCESSION_ACCRUAL,10,28,2026-07-28T02:19:05+08:00
b407140f-34af-46dd-a4e6-bcc9d076d858,M-1417,ORD-20260728-4666-0189,CONCESSION_ACCRUAL,25,312,2026-07-28T01:17:15+08:00
7581aaf7-991e-43c9-b061-2ed467d746ce,M-1652,ORD-20260727-6306-0190,CONCESSION_ACCRUAL,8,275,2026-07-27T16:41:34+08:00
578d26db-db7f-40e1-8f9b-f1c6a2e7560b,M-1962,ORD-20260727-9147-0191,CONCESSION_ACCRUAL,8,103,2026-07-27T15:01:12+08:00
2133946a-f91a-4864-913a-20da921db8d1,M-1490,ORD-20260728-9469-0192,CONCESSION_ACCRUAL,16,219,2026-07-28T00:38:20+08:00
ad3678f8-1a2f-4ff4-96f0-b2071d8416be,M-1279,ORD-20260727-4134-0193,CONCESSION_ACCRUAL,19,250,2026-07-27T20:34:53+08:00
a8fcc0c6-4666-4807-841b-85889d5c58c7,M-1306,ORD-20260727-4614-0194,CONCESSION_ACCRUAL,27,352,2026-07-27T22:55:48+08:00
44dcfbcd-c8b3-4c61-87ca-12b90124b285,M-1026,ORD-20260727-1108-0195,CONCESSION_ACCRUAL,12,1656,2026-07-27T22:29:01+08:00
ba490c84-5af7-4ab3-9760-67fdad22838f,M-1686,ORD-20260727-8647-0196,CONCESSION_ACCRUAL,30,222,2026-07-27T14:58:02+08:00
ae5238d9-f571-4ddf-99b9-9b3997516cdb,M-1820,ORD-20260727-3249-0197,CONCESSION_ACCRUAL,15,416,2026-07-27T19:41:46+08:00
7ff072ed-dd89-4535-b2a9-b7d43756d9ec,M-1343,ORD-20260727-8140-0198,CONCESSION_ACCRUAL,8,293,2026-07-27T15:26:14+08:00
bcbd3564-7da9-4067-855b-66d69e10434e,M-1752,ORD-20260727-7263-0199,CONCESSION_ACCRUAL,19,2514,2026-07-27T23:11:17+08:00
92fbf5cd-3f33-4f42-9d91-80d63295e209,M-1158,ORD-20260727-8059-0200,CONCESSION_ACCRUAL,8,293,2026-07-27T18:22:05+08:00
fd6cbf1d-6129-4ad3-8782-ab810d787f98,M-1101,ORD-20260727-2467-0201,CONCESSION_ACCRUAL,18,407,2026-07-27T18:09:34+08:00
4e2a4d18-1c6e-45fe-9905-38b9a15684c2,M-1197,ORD-20260727-2134-0202,CONCESSION_ACCRUAL,3,173,2026-07-27T17:02:12+08:00
7168cc49-8a3b-4924-9c27-08a581ed11e2,M-1775,ORD-20260728-5951-0203,CONCESSION_ACCRUAL,36,1306,2026-07-28T01:44:17+08:00
b99c7c0b-4253-461a-9283-9d379c32ad27,M-1325,ORD-20260727-4622-0204,CONCESSION_ACCRUAL,8,284,2026-07-27T02:28:21+08:00
736f9e87-2eba-4c59-9e3b-bf2b03541b60,M-1251,ORD-20260728-7487-0205,CONCESSION_ACCRUAL,11,46,2026-07-28T00:11:29+08:00
af7bf330-7f12-4eaa-9e25-26b8e5f77b30,M-1413,ORD-20260727-6807-0206,CONCESSION_ACCRUAL,16,211,2026-07-27T19:17:58+08:00
a50bfebe-24cd-481c-92ec-54b01d291f5b,M-1410,ORD-20260727-6588-0207,CONCESSION_ACCRUAL,9,1160,2026-07-27T17:31:37+08:00
3ad4949e-acbd-47a1-a273-0e12d3003a53,M-1183,ORD-20260727-4207-0208,CONCESSION_ACCRUAL,8,115,2026-07-27T13:50:12+08:00
9763ec46-7c99-46af-9eea-34754535fdee,M-1085,ORD-20260727-2091-0209,CONCESSION_ACCRUAL,11,284,2026-07-27T21:51:13+08:00
b37b1d50-6f24-44b4-b647-b0df0afe8ba1,M-1106,ORD-20260727-9030-0210,CONCESSION_ACCRUAL,41,255,2026-07-27T19:33:02+08:00
9f9d26a6-4716-443b-b700-ce679cf2cc20,M-1671,ORD-20260727-8435-0211,CONCESSION_ACCRUAL,15,287,2026-07-27T23:58:40+08:00
6ed3a81b-f3e8-4b66-b85f-f4b8bf4afb2f,M-1405,ORD-20260727-3506-0212,CONCESSION_ACCRUAL,21,276,2026-07-27T22:15:28+08:00
745a7785-92ec-4464-bbb4-bc55ee493c7a,M-1721,ORD-20260727-3927-0213,CONCESSION_ACCRUAL,10,259,2026-07-27T22:13:59+08:00
87112593-062a-4165-bc37-545d7c83804f,M-1726,ORD-20260727-5461-0214,CONCESSION_ACCRUAL,39,241,2026-07-27T21:24:14+08:00
da4d7874-df21-4a7e-a2c4-740c7f8f2ced,M-2141,ORD-20260727-1792-0215,CONCESSION_ACCRUAL,21,84,2026-07-27T22:47:46+08:00
41ba2dad-a355-4267-bea1-7cd5b0423fe2,M-1779,ORD-20260728-1008-0216,CONCESSION_ACCRUAL,10,343,2026-07-28T00:39:40+08:00
2b6f61a4-9388-4454-9303-98d41dd13511,M-1642,ORD-20260727-9717-0217,CONCESSION_ACCRUAL,29,107,2026-07-27T22:53:02+08:00
3afc28cd-65bb-4675-b504-d34bec909ab2,M-1526,ORD-20260727-8228-0218,CONCESSION_ACCRUAL,7,864,2026-07-27T23:01:23+08:00
d3e99be0-2d6f-4883-9d46-d42fec9d73d4,M-1794,ORD-20260727-7979-0219,CONCESSION_ACCRUAL,21,175,2026-07-27T16:40:52+08:00
79af1986-d853-4e0d-a091-113e89c1711a,M-1934,ORD-20260727-1205-0220,CONCESSION_ACCRUAL,6,81,2026-07-27T17:57:38+08:00
649dc48f-e509-46eb-bc8c-33b1cc2f78ad,M-1237,ORD-20260727-7192-0221,CONCESSION_ACCRUAL,11,250,2026-07-27T17:25:43+08:00
5a3acb0b-f2e5-4ca6-b153-7dd32b5dcb3a,M-1583,ORD-20260728-7932-0222,CONCESSION_ACCRUAL,26,147,2026-07-28T00:09:35+08:00
05561549-9f92-432f-a7e4-e95bb6495df8,M-1741,ORD-20260727-4446-0223,CONCESSION_ACCRUAL,8,549,2026-07-27T17:27:26+08:00
abd5bda1-aa1f-481c-907c-c2bb4bce71bd,M-1048,ORD-20260727-2127-0224,CONCESSION_ACCRUAL,10,244,2026-07-27T22:47:04+08:00
72aba93c-734e-4da4-84be-a6b9bf156426,M-1427,ORD-20260728-4672-0225,CONCESSION_ACCRUAL,19,175,2026-07-28T00:04:59+08:00
69744a1e-3e65-4b96-bc10-a5ff12063f69,M-1764,ORD-20260727-4761-0226,CONCESSION_ACCRUAL,8,152,2026-07-27T10:46:39+08:00
6de7c5b4-ac47-4855-a3a0-5caab112b89e,M-1993,ORD-20260727-8928-0227,CONCESSION_ACCRUAL,6,32,2026-07-27T21:19:05+08:00
6f68b818-5ae9-4d04-b90a-c6c87c61f422,M-1686,ORD-20260727-3829-0228,CONCESSION_ACCRUAL,15,237,2026-07-27T13:53:15+08:00
a7e9d51c-9f1b-4d55-9d87-4388c85125b1,M-1176,ORD-20260727-9565-0229,CONCESSION_ACCRUAL,32,345,2026-07-27T23:12:58+08:00
6ae53f79-4669-4ca6-8039-9862d61c8422,M-1720,ORD-20260727-2686-0230,CONCESSION_ACCRUAL,18,240,2026-07-27T23:49:51+08:00
a1faac4f-e2ae-406c-9b2b-b2ddebfc9477,M-1447,ORD-20260727-1234-0231,CONCESSION_ACCRUAL,11,77,2026-07-27T17:24:02+08:00
99716d35-8e31-4134-a71e-4277299ce1cb,M-1580,ORD-20260727-7277-0232,CONCESSION_ACCRUAL,3,568,2026-07-27T20:10:54+08:00
59e0ea7a-edb4-4ee6-9a83-238fc0910010,M-1485,ORD-20260727-5988-0233,CONCESSION_ACCRUAL,11,44,2026-07-27T16:38:14+08:00
da0c6bd5-b69e-4221-9bc7-8b00e0e24eec,M-1110,ORD-20260727-4459-0234,CONCESSION_ACCRUAL,21,378,2026-07-27T23:18:25+08:00
e16289af-00f0-4788-9080-94d127fa6621,M-1103,ORD-20260727-3744-0235,CONCESSION_ACCRUAL,26,77,2026-07-27T21:49:24+08:00
ac9bafc4-651f-4598-a0b2-3fd820eab62d,M-1668,ORD-20260727-1785-0236,CONCESSION_ACCRUAL,7,87,2026-07-27T21:26:36+08:00
986843ff-980e-465a-b5da-611ea17d492c,M-1154,ORD-20260728-4503-0237,CONCESSION_ACCRUAL,15,55,2026-07-28T00:05:50+08:00
fa2a0765-3dd3-445b-b05f-47a69225f224,M-1234,ORD-20260727-1887-0238,CONCESSION_ACCRUAL,8,211,2026-07-27T02:55:06+08:00
6344643f-ddd8-4080-8c64-309120ad3fdf,M-1069,ORD-20260727-7729-0239,CONCESSION_ACCRUAL,9,196,2026-07-27T23:43:02+08:00
ed1d0aa4-9b72-46f1-aee5-a45e970a9ba4,M-1420,ORD-20260728-8107-0240,CONCESSION_ACCRUAL,16,684,2026-07-28T01:02:36+08:00
6a7cfdd7-6efe-4346-ab7b-aab443f6a130,M-1384,ORD-20260727-3138-0241,CONCESSION_ACCRUAL,9,1205,2026-07-27T21:00:30+08:00
6da0132c-1524-4b8d-bcbd-4eba1effe603,M-1473,ORD-20260727-9593-0242,CONCESSION_ACCRUAL,3,316,2026-07-27T16:03:02+08:00
83431612-759f-41f5-862c-6a46ff8e667d,M-1595,ORD-20260727-5317-0243,CONCESSION_ACCRUAL,8,244,2026-07-27T18:47:04+08:00
40cd5aa3-c3ea-4083-b831-984d812129ea,M-1182,ORD-20260727-2738-0244,CONCESSION_ACCRUAL,15,119,2026-07-27T19:47:16+08:00
623d51ff-7d53-420e-ab18-40116e07debc,M-1275,ORD-20260727-2371-0245,CONCESSION_ACCRUAL,11,125,2026-07-27T23:57:13+08:00
c5b842bc-fb17-4f41-bca6-ef83181d13a5,M-1536,ORD-20260727-2814-0246,CONCESSION_ACCRUAL,8,286,2026-07-27T23:07:01+08:00
3f19eb47-edc0-42e8-857d-e190494f2211,M-1721,ORD-20260727-2967-0247,CONCESSION_ACCRUAL,7,266,2026-07-27T17:32:00+08:00
5a4fdff1-c0a3-4f06-97b8-298b1ec0fddf,M-1541,ORD-20260727-6766-0248,CONCESSION_ACCRUAL,11,470,2026-07-27T16:08:00+08:00
a5af4797-e585-4c22-813d-26321b0bf676,M-2033,ORD-20260727-6638-0249,CONCESSION_ACCRUAL,2,155,2026-07-27T18:52:00+08:00
d0bc569b-08e4-46f8-8cba-62cab43387d0,M-1568,ORD-20260727-6499-0250,CONCESSION_ACCRUAL,23,497,2026-07-27T19:54:00+08:00
bd4ae626-13a0-4e8f-81a0-1e74ac6ecf2c,M-1112,ORD-20260727-8597-0251,CONCESSION_ACCRUAL,36,1473,2026-07-27T13:02:00+08:00
69077a55-7720-4763-ba62-f95be1e46192,M-1747,ORD-20260727-4900-0252,CONCESSION_ACCRUAL,8,101,2026-07-27T14:23:00+08:00
1e1b1b39-53fe-4696-ab53-b6afa0ab67db,M-1756,ORD-20260727-1762-0253,CONCESSION_ACCRUAL,13,1107,2026-07-27T13:39:00+08:00
1a7d46f6-2ea6-4205-bfb7-b895cd06fb8a,M-1408,ORD-20260727-3324-0254,CONCESSION_ACCRUAL,35,485,2026-07-27T15:31:00+08:00
5b7daea5-35f2-45a4-86ea-2c7860847c5c,M-1935,ORD-20260727-9912-0255,CONCESSION_ACCRUAL,12,195,2026-07-27T15:46:00+08:00
8a1da6d7-6d1a-43b1-abb5-57a358f23bba,M-2167,ORD-20260727-4540-0256,CONCESSION_ACCRUAL,9,200,2026-07-27T11:54:00+08:00
9a145c51-10d6-41a9-9ef0-18b25aecd4b4,M-2070,ORD-20260727-7787-0257,CONCESSION_ACCRUAL,13,108,2026-07-27T20:18:00+08:00
648da1c1-8b76-4d2b-a750-e0adaa920247,M-2036,ORD-20260727-9557-0258,CONCESSION_ACCRUAL,6,93,2026-07-27T16:04:00+08:00
f4604389-7b78-43b2-88a8-7c0e127c36c0,M-1388,ORD-20260727-8670-0259,CONCESSION_ACCRUAL,15,165,2026-07-27T15:02:00+08:00
8e43f3c2-ba3f-42ef-adf6-3dc94423ddd6,M-1684,ORD-20260727-9050-0260,CONCESSION_ACCRUAL,30,469,2026-07-27T09:40:00+08:00
2b9528ad-234f-4d06-a3a4-ea845f1795e3,M-1645,ORD-20260727-7747-0261,CONCESSION_ACCRUAL,8,398,2026-07-27T20:00:00+08:00
5be1a949-6c60-4557-9553-4745890f49f7,M-1218,ORD-20260727-8319-0262,CONCESSION_ACCRUAL,3,234,2026-07-27T13:08:00+08:00
4d0b8274-78d7-4f52-9275-d33d77fd7b01,M-1415,ORD-20260727-1337-0263,CONCESSION_ACCRUAL,20,1272,2026-07-27T21:14:00+08:00
7179cd01-dcfe-41e5-bf40-f33ee1ef3a4e,M-1119,ORD-20260727-8683-0264,CONCESSION_ACCRUAL,51,229,2026-07-27T21:36:00+08:00
eb11136d-97dc-45d7-ae18-83e32e0b8e90,M-2098,ORD-20260727-1561-0265,CONCESSION_ACCRUAL,13,104,2026-07-27T15:16:00+08:00
1920c08a-7871-4ec7-8bbd-e65c141783fd,M-1594,ORD-20260727-7854-0266,CONCESSION_ACCRUAL,23,276,2026-07-27T18:35:00+08:00
fe7bf633-0016-46bc-8c8a-7dd0867faed1,M-1359,ORD-20260727-1326-0267,CONCESSION_ACCRUAL,18,1814,2026-07-27T22:16:00+08:00
2957405e-da09-48fd-bb28-ef9f79759c4e,M-1454,ORD-20260727-3256-0268,CONCESSION_ACCRUAL,4,1433,2026-07-27T14:20:00+08:00
05d8bcb6-f0ac-4fd4-8f6f-060565513bb7,M-1979,ORD-20260727-3095-0269,CONCESSION_ACCRUAL,15,45,2026-07-27T16:00:00+08:00
dd9b8696-f78e-4284-9df9-7db9c4c9f39a,M-1156,ORD-20260727-3666-0270,CONCESSION_ACCRUAL,7,426,2026-07-27T17:33:00+08:00
bfe26502-3c4b-4ccc-ab1c-a2218813248b,M-1424,ORD-20260727-7242-0271,CONCESSION_ACCRUAL,50,170,2026-07-27T20:45:00+08:00
1b8d22af-3388-4b6a-922e-5f35b4016f35,M-1096,ORD-20260727-2360-0272,CONCESSION_ACCRUAL,8,165,2026-07-27T17:46:00+08:00
4e25a80f-94fb-42c4-8260-85630ed57939,M-2141,ORD-20260727-7551-0273,CONCESSION_ACCRUAL,2,86,2026-07-27T12:13:00+08:00
08beb18f-3637-4d33-ab86-78b3498ec8ba,M-1874,ORD-20260727-9258-0274,CONCESSION_ACCRUAL,12,66,2026-07-27T12:22:00+08:00
f588e3f3-bc29-49cc-bad6-572580de0d46,M-1413,ORD-20260727-3814-0275,CONCESSION_ACCRUAL,15,226,2026-07-27T09:02:00+08:00
8a24a638-d426-48c4-9657-2a757c870327,M-1374,ORD-20260727-3786-0276,CONCESSION_ACCRUAL,26,463,2026-07-27T12:59:00+08:00
e8387240-5e7a-4a90-bf48-6fedb5b6267e,M-1684,ORD-20260727-1571-0277,CONCESSION_ACCRUAL,11,480,2026-07-27T16:20:00+08:00
c34b6290-7a41-4860-8eb4-75eacd110fa2,M-1579,ORD-20260727-8623-0278,CONCESSION_ACCRUAL,9,2521,2026-07-27T16:11:00+08:00
926425f9-551f-4231-b1e4-72054803c414,M-1307,ORD-20260727-2473-0279,CONCESSION_ACCRUAL,3,350,2026-07-27T17:42:00+08:00
f4167f49-b8ff-4443-9a26-568ba04c171c,M-1002,ORD-20260727-7909-0280,CONCESSION_ACCRUAL,12,391,2026-07-27T17:27:00+08:00
46afb833-d0ef-438b-b078-24dd4b4dd3f3,M-1062,ORD-20260727-4639-0281,CONCESSION_ACCRUAL,14,458,2026-07-27T13:59:00+08:00
f4bd0367-463b-46e7-92d6-c4e2a5b2bd19,M-1995,ORD-20260727-9170-0282,CONCESSION_ACCRUAL,15,182,2026-07-27T10:14:00+08:00
342f92e1-2154-4659-a5f6-d9a0221d5a0e,M-1865,ORD-20260727-9027-0283,CONCESSION_ACCRUAL,24,141,2026-07-27T12:41:00+08:00
601cefb0-0ecf-4ade-aa37-40aa25392539,M-1297,ORD-20260727-1307-0284,CONCESSION_ACCRUAL,16,224,2026-07-27T12:28:00+08:00
ad749044-bcc5-4ffe-97e5-96ee8f76eb9a,M-1628,ORD-20260727-1871-0285,CONCESSION_ACCRUAL,24,329,2026-07-27T15:48:00+08:00
3ff81614-dc8c-4275-aa01-bba7d5ca6170,M-1098,ORD-20260727-7269-0286,CONCESSION_ACCRUAL,32,858,2026-07-27T15:19:00+08:00
76b8b446-87ad-4db3-8170-5ecb6a7d8888,M-1510,ORD-20260727-8927-0287,CONCESSION_ACCRUAL,10,123,2026-07-27T14:58:00+08:00
b462b6a0-15ad-435d-8acd-8a8dc3068147,M-1267,ORD-20260727-7079-0288,CONCESSION_ACCRUAL,38,132,2026-07-27T14:07:00+08:00
c2627447-36f9-4332-9804-f81cdc0d55c9,M-1305,ORD-20260727-8899-0289,CONCESSION_ACCRUAL,7,295,2026-07-27T20:58:00+08:00
3a073bdc-0469-4080-bb9e-74674858aaa9,M-1503,ORD-20260727-2257-0290,CONCESSION_ACCRUAL,37,708,2026-07-27T09:14:00+08:00
2476d873-49b7-4155-8f9e-1b628a225a55,M-1454,ORD-20260727-5656-0291,CONCESSION_ACCRUAL,9,1442,2026-07-27T22:51:00+08:00
4783b69b-b8b6-4b2c-8f9e-58bd735d97f4,M-1476,ORD-20260727-6105-0292,CONCESSION_ACCRUAL,9,509,2026-07-27T22:35:00+08:00
233f3fdf-d530-435a-b448-a7adaf2612d7,M-1248,ORD-20260727-8709-0293,CONCESSION_ACCRUAL,26,294,2026-07-27T18:00:00+08:00
a0941919-91b4-4483-b9af-e8c65eacd65d,M-1430,ORD-20260727-8161-0294,CONCESSION_ACCRUAL,9,1585,2026-07-27T21:01:00+08:00
0df817ff-bc80-4d6a-a4b9-c333e2c3bd2b,M-1274,ORD-20260727-5607-0295,CONCESSION_ACCRUAL,8,649,2026-07-27T09:23:00+08:00
dd95dcd4-3d05-49f5-8379-a4f7dc12d8b3,M-2190,ORD-20260727-6133-0296,CONCESSION_ACCRUAL,23,158,2026-07-27T11:34:00+08:00
02edacf6-955c-430c-be57-0647ad55f2a4,M-1261,ORD-20260727-7014-0297,CONCESSION_ACCRUAL,3,314,2026-07-27T12:50:00+08:00
2a56437f-cd37-48b2-aeb8-e57a21749ba1,M-1040,ORD-20260727-9948-0298,CONCESSION_ACCRUAL,15,583,2026-07-27T12:39:00+08:00
71e22fdb-dfaf-4930-8ac7-cbeedb9fa738,M-1104,ORD-20260727-2037-0299,CONCESSION_ACCRUAL,23,271,2026-07-27T16:00:00+08:00
f345c286-24e6-4e62-95bf-0d5d8dbdbad2,M-1306,ORD-20260727-9061-0300,CONCESSION_ACCRUAL,10,362,2026-07-27T20:13:00+08:00
36c7364f-6a92-460d-8d66-3425f45ee906,M-1511,ORD-20260727-4405-0301,CONCESSION_ACCRUAL,4,466,2026-07-27T12:52:00+08:00
a1920ea9-adf7-40d2-b9d0-b15f1d92bc00,M-1419,ORD-20260727-6444-0302,CONCESSION_ACCRUAL,23,364,2026-07-27T19:57:00+08:00
cb451835-ebe2-4bb4-986c-74be4bf82b84,M-1397,ORD-20260727-7574-0303,CONCESSION_ACCRUAL,15,381,2026-07-27T18:14:00+08:00
6fc5563f-fabd-4dda-b6ca-d31e6c75875e,M-1207,ORD-20260727-4036-0304,CONCESSION_ACCRUAL,10,373,2026-07-27T15:32:00+08:00
a7343316-20f0-41cf-92ab-0497d6f8cc21,M-2191,ORD-20260727-6960-0305,CONCESSION_ACCRUAL,29,154,2026-07-27T18:22:00+08:00
9d5fbb25-3e13-412b-b2fe-14a7c8964076,M-1558,ORD-20260727-7546-0306,CONCESSION_ACCRUAL,11,272,2026-07-27T21:19:00+08:00
0f3df4d9-1351-4455-a42d-6a9c58c7361e,M-1338,ORD-20260727-2946-0307,CONCESSION_ACCRUAL,14,424,2026-07-27T13:06:00+08:00
e172d4d9-a81b-4a25-995d-dd10d5730752,M-1131,ORD-20260727-7404-0308,CONCESSION_ACCRUAL,51,322,2026-07-27T15:08:00+08:00
be1bc4f1-acb7-45db-928e-6020e8fbf824,M-1514,ORD-20260727-2030-0309,CONCESSION_ACCRUAL,10,566,2026-07-27T11:15:00+08:00
8ae4983e-739e-4de4-889f-48ca16b13599,M-2167,ORD-20260727-3993-0310,CONCESSION_ACCRUAL,9,209,2026-07-27T14:50:00+08:00
b077ae1a-d023-4350-ae72-71eb0afd7cdd,M-2167,TIER_UPGRADE_Standard_TO_Silver,TIER_BONUS,50,259,2026-07-27T14:50:00+08:00
f27f87f9-a705-490f-be45-cf95d343e5c3,M-1182,ORD-20260727-9498-0311,CONCESSION_ACCRUAL,10,129,2026-07-27T18:20:00+08:00
36cb7622-20d5-4b2c-a288-ec257e45284f,M-1695,ORD-20260727-3107-0312,CONCESSION_ACCRUAL,8,53,2026-07-27T11:00:00+08:00
2ee17b0a-f734-4ff0-a070-76e7a440dcd6,M-1006,ORD-20260727-1951-0313,CONCESSION_ACCRUAL,15,198,2026-07-27T15:38:00+08:00
7bc0a454-03e3-4118-8e2a-04e99a5e9ab1,M-1498,ORD-20260727-8097-0314,CONCESSION_ACCRUAL,10,359,2026-07-27T13:46:00+08:00
0382e987-8945-44d7-85a7-248838cb0dc4,M-1718,ORD-20260727-9234-0315,CONCESSION_ACCRUAL,9,1360,2026-07-27T17:24:00+08:00
7d0f51be-c3c3-4436-8bc2-5af162280b2c,M-1360,ORD-20260727-2007-0316,CONCESSION_ACCRUAL,18,334,2026-07-27T16:10:00+08:00
c6c4d06b-f779-497b-8a85-e292c027bac1,M-1259,ORD-20260727-9032-0317,CONCESSION_ACCRUAL,14,380,2026-07-27T20:02:00+08:00
6eb25445-6f12-4548-9904-08b9f7b19933,M-1207,ORD-20260727-2264-0318,CONCESSION_ACCRUAL,26,399,2026-07-27T12:25:00+08:00
29963238-1b3d-4ca6-9790-73bb3b8769e1,M-1009,ORD-20260727-7710-0319,CONCESSION_ACCRUAL,15,73,2026-07-27T13:44:00+08:00
7de330f9-64b6-4876-a2b2-6a2b8a09b35a,M-1925,ORD-20260727-8167-0320,CONCESSION_ACCRUAL,19,342,2026-07-27T11:19:00+08:00
2e6c45f0-5dcb-4355-a22d-7cbf18320857,M-1561,ORD-20260727-5776-0321,CONCESSION_ACCRUAL,16,295,2026-07-27T10:12:00+08:00
d5558376-4b99-4cc0-a32a-606523ed2468,M-1573,ORD-20260727-8784-0322,CONCESSION_ACCRUAL,8,538,2026-07-27T13:33:00+08:00
94a93de3-e174-4558-986e-8789cf7aac2e,M-1643,ORD-20260727-9424-0323,CONCESSION_ACCRUAL,21,397,2026-07-27T17:26:00+08:00
d4517150-ff87-413e-8232-8826903c5b27,M-1925,ORD-20260727-6192-0324,CONCESSION_ACCRUAL,16,358,2026-07-27T20:36:00+08:00
3dc0ca1b-26e5-4f0b-b8cc-479a48c26c52,M-1681,ORD-20260727-1697-0325,CONCESSION_ACCRUAL,9,151,2026-07-27T10:53:00+08:00
d8a947f8-aef9-45f4-b45e-338159a1f0ca,M-1681,TIER_UPGRADE_Standard_TO_Silver,TIER_BONUS,50,201,2026-07-27T10:53:00+08:00
af9a50dc-758b-4c3c-bfd4-dc411cdd0b14,M-1675,ORD-20260727-1720-0326,CONCESSION_ACCRUAL,9,2024,2026-07-27T16:08:00+08:00
04c33fb0-b332-48d0-9d72-0895ccf4478b,M-1296,ORD-20260727-5839-0327,CONCESSION_ACCRUAL,18,873,2026-07-27T10:13:00+08:00
4c91a24a-42dc-4abc-a27f-2b951fca8981,M-1757,ORD-20260727-5213-0328,CONCESSION_ACCRUAL,18,208,2026-07-27T11:33:00+08:00
094f9cfd-4147-4548-8b11-25f0ed8f3535,M-1155,ORD-20260727-2513-0329,CONCESSION_ACCRUAL,26,846,2026-07-27T19:01:00+08:00
