ledger_id,member_id,source_reference_id,transaction_type,points_delta,resulting_balance,created_at
f8030d78-8b25-4f8f-9215-62f43913cbe9,M-2115,SESS-20260826-3261-0000,RENTAL_ACCRUAL,11,190,2026-08-26T22:30:00+08:00
dbe9142a-f424-4c69-844a-e10c5e1cd14c,M-1977,SESS-20260826-6694-0001,RENTAL_ACCRUAL,40,276,2026-08-27T01:15:00+08:00
52ad68d3-83d8-47e3-9395-eb53b319fcd8,M-1527,SESS-20260826-8689-0002,RENTAL_ACCRUAL,27,900,2026-08-26T10:45:00+08:00
a1fbb92b-ef53-4523-a85a-2223685e9c92,M-1376,SESS-20260826-8064-0003,RENTAL_ACCRUAL,11,316,2026-08-26T04:00:00+08:00
1b6fc63a-ead0-47dc-8ad4-e086a9e04d28,M-1912,SESS-20260826-4628-0004,RENTAL_REDEMPTION,-100,315,2026-08-26T14:45:00+08:00
db62b8a9-7ce5-438d-98cd-a1e0f50b9916,M-1912,SESS-20260826-4628-0004,RENTAL_ACCRUAL,5,320,2026-08-26T16:45:00+08:00
994e0ecf-65c5-4be2-89fb-b646d539614c,M-1321,SESS-20260826-3943-0005,RENTAL_ACCRUAL,40,397,2026-08-26T12:00:00+08:00
eff52f6b-22be-419b-90fb-d44d31672354,M-1637,SESS-20260826-7761-0006,RENTAL_REDEMPTION,-100,1457,2026-08-26T09:30:00+08:00
e5e1e4f8-bab3-4458-bf37-06d5170cbcf2,M-1637,SESS-20260826-7761-0006,RENTAL_ACCRUAL,4,1461,2026-08-26T11:30:00+08:00
fea9e785-9cb0-44fb-ba4d-ddf5ec79b40e,M-2156,SESS-20260826-7124-0007,RENTAL_ACCRUAL,25,61,2026-08-26T20:45:00+08:00
c0b53cde-7141-4e9a-a8b4-d70ea8fa2771,M-1965,SESS-20260826-1469-0008,RENTAL_ACCRUAL,11,290,2026-08-26T21:30:00+08:00
812e5bf3-fec5-463b-93c7-8ec95d00e63d,M-1553,SESS-20260826-9213-0009,RENTAL_ACCRUAL,11,470,2026-08-26T18:45:00+08:00
5ee8d0f6-6a76-4b23-8f16-36845a973b81,M-1408,SESS-20260826-4521-0010,RENTAL_ACCRUAL,5,70,2026-08-26T14:15:00+08:00
e5709043-017a-4138-ac43-fa516c0f2282,M-1120,SESS-20260826-2617-0011,RENTAL_REDEMPTION,-400,511,2026-08-26T10:45:00+08:00
600534b3-6463-4fea-b50e-d02ad78521e6,M-1585,SESS-20260826-8212-0012,RENTAL_ACCRUAL,48,465,2026-08-26T22:00:00+08:00
baabe3ec-8b7f-49f6-abe8-ce933af75c87,M-1781,SESS-20260826-7098-0013,RENTAL_REDEMPTION,-100,3631,2026-08-26T08:30:00+08:00
872e27b2-80b0-4b45-9763-52e00d6c7677,M-1781,SESS-20260826-7098-0013,RENTAL_ACCRUAL,4,3635,2026-08-26T10:30:00+08:00
2b0cf708-ec9d-47f2-89ec-554aa6f6e088,M-1421,SESS-20260826-1274-0014,RENTAL_ACCRUAL,14,668,2026-08-26T23:45:00+08:00
12f43fbc-bc05-433e-9755-c61d250d3e3e,M-1609,SESS-20260826-1504-0015,RENTAL_ACCRUAL,6,782,2026-08-26T21:30:00+08:00
fa5a351c-3227-410f-9e61-fffaae83de0b,M-1582,SESS-20260826-5530-0016,RENTAL_REDEMPTION,-100,554,2026-08-26T21:15:00+08:00
629cd312-f07c-4fcd-a0b9-13ad43d5287f,M-1582,SESS-20260826-5530-0016,RENTAL_ACCRUAL,5,559,2026-08-26T23:15:00+08:00
7f8d92d4-f144-40d1-9d64-0d0fc03c190e,M-1129,SESS-20260826-2360-0017,RENTAL_REDEMPTION,-200,1121,2026-08-26T12:45:00+08:00
9fc0fb57-d6ae-41f3-99ec-7836ea2e8569,M-1129,SESS-20260826-2360-0017,RENTAL_ACCRUAL,3,1124,2026-08-26T15:45:00+08:00
3e994153-9afe-4e0e-94d3-c8d695dd1d2d,M-1477,SESS-20260826-4879-0018,RENTAL_ACCRUAL,9,284,2026-08-26T15:00:00+08:00
bb558a8e-5da4-4b28-adb4-05424e0b8c89,M-1530,SESS-20260826-1631-0019,RENTAL_ACCRUAL,12,112,2026-08-27T01:30:00+08:00
75016bc8-c177-454f-9573-cbc86e3e6304,M-1754,SESS-20260826-2594-0020,RENTAL_ACCRUAL,27,260,2026-08-26T17:45:00+08:00
8ff62817-d974-4e39-864d-2384d9ea6b47,M-1037,SESS-20260826-5591-0021,RENTAL_ACCRUAL,43,599,2026-08-26T23:15:00+08:00
7283fe9d-57cd-4dca-807b-0003b4e8d2e7,M-1953,SESS-20260826-5121-0022,RENTAL_ACCRUAL,15,103,2026-08-26T22:15:00+08:00
acc0eadb-c22f-42f8-8dbd-49a91e50dc37,M-1171,SESS-20260826-8331-0023,RENTAL_REDEMPTION,-100,70,2026-08-26T14:30:00+08:00
babe327c-66ed-403c-9a89-ed3e9821671c,M-1171,SESS-20260826-8331-0023,RENTAL_ACCRUAL,20,90,2026-08-26T17:30:00+08:00
cc04070b-1d2e-41ff-ac7f-ab59d390afe3,M-1846,SESS-20260826-9967-0024,RENTAL_REDEMPTION,-100,4,2026-08-26T11:30:00+08:00
ad28ece7-ec13-4aa3-9ff9-8bd222637e47,M-2083,SESS-20260826-6746-0025,RENTAL_ACCRUAL,15,157,2026-08-26T20:45:00+08:00
30035c10-4f00-4310-9e28-12b73582211d,M-1769,SESS-20260826-7508-0026,RENTAL_ACCRUAL,11,338,2026-08-26T11:45:00+08:00
1233d947-f1cb-49c0-9490-8867c534bb46,M-1020,SESS-20260826-7878-0027,RENTAL_ACCRUAL,27,369,2026-08-26T22:30:00+08:00
5c5fcf76-c93d-4ea2-b7cf-5436a66a7e1d,M-2138,SESS-20260826-8441-0028,RENTAL_ACCRUAL,40,90,2026-08-26T22:55:00+08:00
82ab7883-213e-4533-9fbd-4452df03921b,M-1022,SESS-20260826-2808-0029,RENTAL_ACCRUAL,11,245,2026-08-26T23:45:00+08:00
01160fda-eda8-437c-a88b-eb119f4908fd,M-1255,SESS-20260826-6682-0030,RENTAL_ACCRUAL,27,439,2026-08-26T19:15:00+08:00
ac24c771-c78b-4c99-b7f3-58e71acd761e,M-2186,SESS-20260826-3128-0031,RENTAL_ACCRUAL,27,369,2026-08-26T20:45:00+08:00
16834756-a430-4f41-a4f2-a8967407d2d5,M-2106,SESS-20260826-7823-0032,RENTAL_ACCRUAL,16,216,2026-08-26T23:15:00+08:00
8761badb-636a-45ec-a9fc-d05aa747165b,M-1900,SESS-20260826-4488-0033,RENTAL_ACCRUAL,5,174,2026-08-26T23:30:00+08:00
71390c77-9b3c-4a44-9e12-8da11bb75eb0,M-2082,SESS-20260826-5817-0034,RENTAL_ACCRUAL,40,121,2026-08-26T17:15:00+08:00
2ba96759-8a40-4fce-b863-47af7d2757fa,M-2105,SESS-20260826-8649-0035,RENTAL_REDEMPTION,-200,243,2026-08-26T20:30:00+08:00
02b34ec3-f5b5-4349-8e17-2a931a9a05f3,M-2105,SESS-20260826-8649-0035,RENTAL_ACCRUAL,4,247,2026-08-26T23:30:00+08:00
334110ef-26cb-406d-bbba-aec2fc95e666,M-1144,SESS-20260826-6313-0036,RENTAL_REDEMPTION,-100,20,2026-08-26T10:15:00+08:00
378c13df-f4b3-4322-bde0-d0240820d291,M-1144,SESS-20260826-6313-0036,RENTAL_ACCRUAL,11,31,2026-08-26T12:15:00+08:00
31003459-aa29-4130-8d38-ee9de5b26dae,M-1071,SESS-20260826-1922-0037,RENTAL_ACCRUAL,12,558,2026-08-26T06:15:00+08:00
c630413f-6aa5-4d5e-9aa2-ac902b212584,M-2058,SESS-20260826-7251-0038,RENTAL_ACCRUAL,40,104,2026-08-27T00:00:00+08:00
16535616-475e-4423-94e5-9356792788e1,M-1539,SESS-20260826-3551-0039,RENTAL_REDEMPTION,-500,932,2026-08-26T14:00:00+08:00
8a1d8323-1490-442d-b2f1-04057bb18559,M-1539,SESS-20260826-3551-0039,RENTAL_ACCRUAL,5,937,2026-08-26T17:00:00+08:00
b7126f53-d2b0-4aab-b7c5-310a4d295ad9,M-2004,SESS-20260826-6511-0040,RENTAL_ACCRUAL,11,107,2026-08-26T10:30:00+08:00
593eb8ad-2734-468b-97d6-4c93b86d038c,M-1270,SESS-20260826-7827-0041,RENTAL_ACCRUAL,12,1191,2026-08-26T18:30:00+08:00
e02a9068-ffb2-4d41-aa87-4b945fffb5b8,M-1820,SESS-20260826-4578-0042,RENTAL_ACCRUAL,18,588,2026-08-27T01:25:00+08:00
48f458ce-f7c4-47e9-9201-512cdb7d8972,M-1952,SESS-20260826-4003-0043,RENTAL_ACCRUAL,15,74,2026-08-26T10:30:00+08:00
741a95b6-35f5-4252-b346-129b4676da66,M-1781,SESS-20260826-6746-0044,RENTAL_ACCRUAL,12,3647,2026-08-26T22:45:00+08:00
76f3ec0b-b9b4-49f0-97e9-3f5ef50fec92,M-1463,SESS-20260826-1303-0045,RENTAL_ACCRUAL,76,3873,2026-08-27T01:15:00+08:00
4e01d684-16e9-4e69-ada5-07dc404242e1,M-1612,SESS-20260826-3605-0046,RENTAL_ACCRUAL,27,498,2026-08-26T19:45:00+08:00
acc5b93f-269d-43b2-bf87-fe9f7e43948f,M-1240,SESS-20260826-5897-0047,RENTAL_ACCRUAL,18,395,2026-08-26T05:05:00+08:00
a02887d5-4d0f-43e2-854c-db7c44fea069,M-2050,SESS-20260826-8479-0048,RENTAL_REDEMPTION,-100,158,2026-08-26T16:30:00+08:00
c1aa8b43-3b1e-4bcc-af24-00e66c934025,M-2050,SESS-20260826-8479-0048,RENTAL_ACCRUAL,2,160,2026-08-26T17:30:00+08:00
7efa9a73-cbee-4d6e-a3bb-0ac529fb69dd,M-1496,SESS-20260826-4335-0049,RENTAL_ACCRUAL,40,687,2026-08-26T15:30:00+08:00
588c4f2c-9c81-408d-a379-055c1c1f3edb,M-1374,SESS-20260826-9348-0050,RENTAL_ACCRUAL,27,803,2026-08-26T22:00:00+08:00
ac1d4f1b-a0f1-4897-ad25-3d5e3388b754,M-1449,SESS-20260826-2858-0051,RENTAL_ACCRUAL,67,206,2026-08-26T08:00:00+08:00
e3b4d38f-2678-47b2-9a40-87f9eda5aa79,M-1435,SESS-20260826-1507-0052,RENTAL_ACCRUAL,16,471,2026-08-26T17:45:00+08:00
2e3f613b-94ad-45eb-84a2-0f81c4f62c9a,M-1344,SESS-20260826-3498-0053,RENTAL_ACCRUAL,11,415,2026-08-26T15:00:00+08:00
f6664397-7cda-48df-8181-a40167634c09,M-1443,SESS-20260826-2793-0054,RENTAL_ACCRUAL,28,142,2026-08-26T19:00:00+08:00
b01ba70b-7c7e-44fc-9dc8-735948a592d5,M-1685,SESS-20260826-5815-0055,RENTAL_ACCRUAL,19,183,2026-08-27T01:30:00+08:00
ace2d7ad-332b-465f-a9c4-9a73d4a36cf1,M-1978,SESS-20260826-3083-0056,RENTAL_ACCRUAL,11,250,2026-08-27T00:30:00+08:00
0062c807-ec3a-41b0-aa71-9a7d33decd92,M-1981,SESS-20260826-4351-0057,RENTAL_REDEMPTION,-100,40,2026-08-26T22:15:00+08:00
32fd2a5d-beca-4359-8352-e6570f2a5421,M-1981,SESS-20260826-4351-0057,RENTAL_ACCRUAL,5,45,2026-08-27T00:15:00+08:00
8001d900-023c-4f2a-beec-33b5cafbd997,M-1505,SESS-20260826-6523-0058,RENTAL_ACCRUAL,45,257,2026-08-26T20:30:00+08:00
bb75691b-576e-49f5-8877-bec4408b32c9,M-1324,SESS-20260826-4044-0059,RENTAL_ACCRUAL,11,109,2026-08-26T13:15:00+08:00
132a23e8-f687-4103-a22c-47a285f2ba4b,M-1874,SESS-20260826-8966-0060,RENTAL_ACCRUAL,10,58,2026-08-26T15:15:00+08:00
80287da4-2edd-4ac2-9360-397731e2ae84,M-2183,SESS-20260826-1873-0061,RENTAL_ACCRUAL,25,181,2026-08-26T21:30:00+08:00
0f1722ac-6c7b-4727-9321-20e3b4c55d99,M-1005,SESS-20260826-6155-0062,RENTAL_ACCRUAL,16,149,2026-08-26T16:45:00+08:00
c5829995-56a6-4305-b68b-6d0ab79d385a,M-1748,SESS-20260826-1719-0063,RENTAL_ACCRUAL,19,763,2026-08-26T12:00:00+08:00
0aec4c9c-27eb-456a-a64e-533ee03a249d,M-1190,SESS-20260826-8711-0064,RENTAL_ACCRUAL,14,308,2026-08-26T20:30:00+08:00
90fdf367-d454-443a-b46e-c68e9784790f,M-1250,SESS-20260826-1276-0065,RENTAL_ACCRUAL,27,110,2026-08-26T11:45:00+08:00
bc40f1a4-8ca0-43c4-be15-4357654b0a86,M-2151,SESS-20260826-2839-0066,RENTAL_ACCRUAL,15,61,2026-08-26T16:30:00+08:00
8d55e169-da73-4252-85f6-a6c6165b98f3,M-2088,SESS-20260826-2862-0067,RENTAL_ACCRUAL,18,214,2026-08-26T17:10:00+08:00
b45f6f3f-c11a-4fb7-b61b-d67293edb353,M-2093,SESS-20260826-9600-0068,RENTAL_ACCRUAL,10,71,2026-08-26T20:45:00+08:00
6fa592a4-f593-40f0-a6fa-98d2dcc8e657,M-1064,SESS-20260826-7616-0069,RENTAL_ACCRUAL,40,404,2026-08-26T11:45:00+08:00
12c99fde-ae32-44e3-856d-6ac1a645be71,M-1465,SESS-20260826-2046-0070,RENTAL_ACCRUAL,6,912,2026-08-26T11:45:00+08:00
349a77f5-1038-4a58-ad2e-ac4ffa69670e,M-1805,SESS-20260826-8688-0071,RENTAL_ACCRUAL,16,395,2026-08-26T22:15:00+08:00
ab5cc9e2-2548-4bc6-b072-484a64babde0,M-2059,SESS-20260826-1786-0072,RENTAL_ACCRUAL,5,41,2026-08-26T21:30:00+08:00
7ec4c557-39be-455f-b775-d13d110bd21f,M-1336,SESS-20260826-2863-0073,RENTAL_ACCRUAL,12,732,2026-08-26T23:45:00+08:00
8d31b1df-65f5-4dd3-8584-855e670f769b,M-1512,SESS-20260826-4958-0074,RENTAL_ACCRUAL,6,639,2026-08-26T03:30:00+08:00
d1259832-7de6-41c2-a8a8-3f03b502701a,M-1966,SESS-20260826-5423-0075,RENTAL_ACCRUAL,5,100,2026-08-26T06:30:00+08:00
4c7b3bce-b2ff-4ff0-97b3-124cbc7e58fd,M-2169,SESS-20260826-3636-0076,RENTAL_ACCRUAL,28,365,2026-08-26T20:15:00+08:00
32b1fc8b-6aef-4b0a-b088-21a60496efeb,M-2025,SESS-20260826-4375-0077,RENTAL_REDEMPTION,-100,361,2026-08-26T15:30:00+08:00
5f8ae877-57a7-4379-a3e8-49cfb6ab5aa4,M-2025,SESS-20260826-4375-0077,RENTAL_ACCRUAL,21,382,2026-08-26T20:30:00+08:00
b5052588-eb15-48f7-a2ff-95b240fed6de,M-1476,SESS-20260826-5180-0078,RENTAL_ACCRUAL,19,187,2026-08-26T22:00:00+08:00
3f5ed8ac-f165-41e9-aefb-347e2e38192c,M-1371,SESS-20260826-5102-0079,RENTAL_REDEMPTION,-200,205,2026-08-26T19:00:00+08:00
e86198af-e274-41de-bedf-5e0a3767ab28,M-1371,SESS-20260826-5102-0079,RENTAL_ACCRUAL,28,233,2026-08-26T22:00:00+08:00
6bf8997e-e30e-4ed4-85eb-4d9924e0c9fb,M-1984,SESS-20260826-1418-0080,RENTAL_ACCRUAL,27,183,2026-08-26T06:45:00+08:00
15281d5f-d563-4765-8f3d-6208243b8a01,M-2044,SESS-20260826-6164-0081,RENTAL_ACCRUAL,16,174,2026-08-26T23:20:00+08:00
18a09884-5d1d-4431-8409-a55cff815355,M-1240,SESS-20260826-2560-0082,RENTAL_ACCRUAL,30,425,2026-08-27T00:00:00+08:00
9278ab14-77ff-47af-9bee-1c6b543c7fe3,M-1474,SESS-20260826-4869-0083,RENTAL_ACCRUAL,28,67,2026-08-26T13:00:00+08:00
8ed99566-0b33-4b88-955a-2ded15f91ed9,M-1309,SESS-20260826-7046-0084,RENTAL_REDEMPTION,-100,0,2026-08-26T12:15:00+08:00
f53e84d5-5eee-4317-9618-645681eaebf6,M-1309,SESS-20260826-7046-0084,RENTAL_ACCRUAL,34,34,2026-08-26T15:15:00+08:00
2155ada9-b895-43c3-98dd-732c31160236,M-2017,SESS-20260826-4669-0085,RENTAL_ACCRUAL,27,252,2026-08-26T16:00:00+08:00
556703c5-83e4-49a4-b582-13fb40214fcf,M-1954,SESS-20260826-8852-0086,RENTAL_ACCRUAL,9,213,2026-08-26T14:30:00+08:00
b882fcea-d2b8-42d9-ab9b-e12ab4e4a89a,M-1784,SESS-20260826-2416-0087,RENTAL_REDEMPTION,-100,217,2026-08-26T17:00:00+08:00
1bbe2be0-32fa-4cee-991a-b61945b15ed5,M-1784,SESS-20260826-2416-0087,RENTAL_ACCRUAL,2,219,2026-08-26T18:00:00+08:00
fa29e132-73e2-45fa-a3f8-8cd13c2123d7,M-1854,SESS-20260826-4831-0088,RENTAL_ACCRUAL,11,293,2026-08-26T21:30:00+08:00
ca2f10ec-a628-4057-8f47-f4d97cc52389,M-1630,SESS-20260826-5926-0089,RENTAL_ACCRUAL,28,640,2026-08-26T20:30:00+08:00
937e5ad7-9c75-41d8-988e-c95dbe12f98e,M-1419,SESS-20260826-6360-0090,RENTAL_ACCRUAL,27,246,2026-08-26T11:15:00+08:00
deac2c38-9e8d-4e96-b999-a142af832a6f,M-1452,SESS-20260826-9317-0091,RENTAL_ACCRUAL,11,201,2026-08-26T23:00:00+08:00
69e35912-4686-466c-9b8d-be197e5a2284,M-1602,SESS-20260826-1993-0092,RENTAL_ACCRUAL,6,701,2026-08-26T04:45:00+08:00
e585ffcd-f987-45d7-beb1-25a392dd5800,M-1931,SESS-20260826-6027-0093,RENTAL_ACCRUAL,45,182,2026-08-26T13:00:00+08:00
57779457-3ba1-476b-b98f-e834451a3b11,M-1645,SESS-20260826-6978-0094,RENTAL_ACCRUAL,13,765,2026-08-26T23:40:00+08:00
67248b67-2a9f-43ff-b3ef-5952d3b4df9d,M-1993,SESS-20260826-3401-0095,RENTAL_ACCRUAL,9,88,2026-08-26T23:15:00+08:00
f2e61d26-b78b-4b56-ba27-d02b60f4fde6,M-1215,SESS-20260826-1485-0096,RENTAL_REDEMPTION,-100,202,2026-08-26T23:05:00+08:00
03d307a0-d16c-40c8-b32a-3f401b710151,M-1215,SESS-20260826-1485-0096,RENTAL_ACCRUAL,20,222,2026-08-27T02:05:00+08:00
763bdaa0-f76d-400b-98ce-596d78405dc9,M-1600,SESS-20260826-1949-0097,RENTAL_ACCRUAL,11,85,2026-08-27T00:15:00+08:00
2bced503-5039-40d6-9a65-eb093966ae87,M-2027,SESS-20260826-9169-0098,RENTAL_REDEMPTION,-200,79,2026-08-26T16:00:00+08:00
11e58538-adcc-4d4f-9cf1-5596b6034aca,M-2027,SESS-20260826-9169-0098,RENTAL_ACCRUAL,32,111,2026-08-26T21:00:00+08:00
17f11269-1220-4e15-a93b-678e43bb89b7,M-1983,SESS-20260826-4604-0099,RENTAL_REDEMPTION,-100,195,2026-08-26T19:30:00+08:00
8abab69f-c61a-490c-b0e1-1bef0a14f57f,M-1983,SESS-20260826-4604-0099,RENTAL_ACCRUAL,5,200,2026-08-26T21:30:00+08:00
f5d60dfb-d1e7-450e-b33b-41b93b70eec4,M-1628,SESS-20260826-3471-0100,RENTAL_ACCRUAL,9,36,2026-08-26T08:15:00+08:00
e425e8f8-e528-4899-9bcf-a2409607b390,M-2069,SESS-20260826-2633-0101,RENTAL_ACCRUAL,5,51,2026-08-26T18:45:00+08:00
613381b6-b31e-4f17-9a27-231a98b2eb4b,M-1611,SESS-20260826-2411-0102,RENTAL_REDEMPTION,-400,125,2026-08-26T17:00:00+08:00
edfa4972-dfc3-41ed-a84a-7dbce7ee2b3a,M-1562,SESS-20260826-4149-0103,RENTAL_ACCRUAL,9,637,2026-08-26T15:15:00+08:00
52a6b9a6-9f09-41b6-9b4d-241d305c2690,M-1548,SESS-20260826-8806-0104,RENTAL_ACCRUAL,18,441,2026-08-26T16:45:00+08:00
0c2a8309-6775-4f12-849b-c1a34b986800,M-1652,SESS-20260826-6298-0105,RENTAL_ACCRUAL,28,117,2026-08-26T13:00:00+08:00
480100be-74d5-4e93-9bc6-3e6be1580f5a,M-1566,SESS-20260826-6735-0106,RENTAL_ACCRUAL,18,469,2026-08-26T07:45:00+08:00
7f0a797c-09ab-4d01-b83f-fb3fe3b1f829,M-2037,SESS-20260826-3946-0107,RENTAL_ACCRUAL,25,128,2026-08-27T01:45:00+08:00
2719d1ee-f26a-4855-acde-a2cf0843f56d,M-1140,SESS-20260826-7079-0108,RENTAL_ACCRUAL,16,577,2026-08-26T18:15:00+08:00
f8c8f3a1-fd41-417d-845f-128bcc68a60e,M-1178,SESS-20260826-6305-0109,RENTAL_ACCRUAL,5,388,2026-08-26T15:30:00+08:00
164754e0-b21a-4845-9977-fc9ca9ee4547,M-1522,SESS-20260826-9820-0110,RENTAL_ACCRUAL,5,178,2026-08-26T23:15:00+08:00
e2ca55da-6059-4cd0-a04a-af94687b0566,M-1295,SESS-20260826-3406-0111,RENTAL_ACCRUAL,5,456,2026-08-26T14:15:00+08:00
6a14c387-f399-48ed-b3cf-9c164634ade2,M-2164,SESS-20260826-8103-0112,RENTAL_ACCRUAL,10,63,2026-08-27T00:15:00+08:00
f6ec6e33-14d2-4cea-8838-15efdd5deb5e,M-1791,SESS-20260826-1821-0113,RENTAL_ACCRUAL,12,115,2026-08-26T23:30:00+08:00
1abe982a-ca97-4e88-80a5-1f1c66edc2f7,M-1630,SESS-20260826-8525-0114,RENTAL_ACCRUAL,30,670,2026-08-27T01:30:00+08:00
bdde6f5c-2c39-4069-b52d-dce8d14f8c6d,M-1275,SESS-20260826-4682-0115,RENTAL_ACCRUAL,11,256,2026-08-27T01:00:00+08:00
725f24db-ae60-4975-b2e4-913878612a94,M-1089,SESS-20260826-1676-0116,RENTAL_ACCRUAL,45,488,2026-08-27T03:00:00+08:00
fbc1d51e-4f3d-4572-89b2-8609508d2017,M-1414,SESS-20260826-6992-0117,RENTAL_REDEMPTION,-100,472,2026-08-26T22:20:00+08:00
6b96d50c-233d-4cd3-9266-27c4c59a611d,M-1414,SESS-20260826-6992-0117,RENTAL_ACCRUAL,4,476,2026-08-27T00:20:00+08:00
143f8bdd-faaa-4abf-a391-87fc18638a98,M-1132,SESS-20260826-5409-0118,RENTAL_ACCRUAL,30,987,2026-08-27T03:40:00+08:00
80e39d7b-4ac6-4f06-ac59-f6e7c4ab0c1a,M-1019,SESS-20260826-8247-0119,RENTAL_ACCRUAL,18,105,2026-08-26T10:45:00+08:00
2330d1ef-0f51-476b-a382-2a9236ccff3b,M-1804,SESS-20260826-2026-0120,RENTAL_ACCRUAL,16,270,2026-08-26T13:15:00+08:00
8744a239-34a1-42ed-a9c5-2a69bfe79a43,M-2068,SESS-20260826-8540-0121,RENTAL_REDEMPTION,-100,115,2026-08-26T22:10:00+08:00
7ee7d798-1146-4106-b6ac-c1e81f440dc5,M-2068,SESS-20260826-8540-0121,RENTAL_ACCRUAL,10,125,2026-08-27T01:10:00+08:00
2d6d8993-c97b-407b-9236-38198d90f287,M-2024,SESS-20260826-6945-0122,RENTAL_ACCRUAL,25,101,2026-08-27T03:45:00+08:00
977bcbaf-a2f1-4a14-b553-90de9d0a6d21,M-1238,SESS-20260826-3088-0123,RENTAL_REDEMPTION,-100,354,2026-08-26T15:30:00+08:00
dc9aa3d6-5bcb-4d45-9643-b1adb5dc4fb4,M-1238,SESS-20260826-3088-0123,RENTAL_ACCRUAL,6,360,2026-08-26T16:30:00+08:00
746f55b1-3d5e-4c70-87ed-268362a23467,M-1125,SESS-20260826-3509-0124,RENTAL_ACCRUAL,28,474,2026-08-26T23:45:00+08:00
fa4ecf5b-6025-4fb3-9d83-357bcb918b61,M-1125,TIER_UPGRADE_Silver_TO_Gold,TIER_BONUS,100,574,2026-08-26T23:45:00+08:00
89854249-2073-4fef-833d-2257929409ae,M-1102,SESS-20260826-6736-0125,RENTAL_ACCRUAL,13,172,2026-08-26T20:15:00+08:00
8c67e10f-f475-4350-9c0f-476e02c467f1,M-1570,SESS-20260826-2321-0126,RENTAL_ACCRUAL,28,67,2026-08-26T16:45:00+08:00
ad79fc98-a01f-4e41-af19-5db12f11a9b2,M-1177,SESS-20260826-4281-0127,RENTAL_ACCRUAL,18,380,2026-08-26T11:00:00+08:00
54ec497d-a035-44b9-b524-6da5d5d4e8c9,M-1100,SESS-20260826-7876-0128,RENTAL_ACCRUAL,12,51,2026-08-26T15:20:00+08:00
677890ac-6b3a-4afb-b4a5-9ef632a91ab9,M-1744,SESS-20260826-7732-0129,RENTAL_ACCRUAL,11,927,2026-08-27T00:30:00+08:00
86a4144c-d631-4003-addd-eea1ae07f493,M-2065,SESS-20260826-2870-0130,RENTAL_ACCRUAL,18,365,2026-08-26T19:45:00+08:00
e06fd242-e1a1-479b-a068-2d8ab70758d0,M-2130,SESS-20260826-3321-0131,RENTAL_ACCRUAL,25,224,2026-08-27T02:30:00+08:00
dfaa69e1-b562-4f2c-a0a0-8463ea1ba2b2,M-1356,SESS-20260826-3205-0132,RENTAL_ACCRUAL,18,987,2026-08-26T19:30:00+08:00
9b6e9f57-fbca-4e34-b76c-849d8014d424,M-1652,SESS-20260826-4669-0133,RENTAL_ACCRUAL,28,145,2026-08-26T18:45:00+08:00
a916ff58-20b6-498c-a405-e924644911d4,M-1652,TIER_UPGRADE_Silver_TO_Gold,TIER_BONUS,100,245,2026-08-26T18:45:00+08:00
5e1a6e3d-f398-46d9-8c85-027d0e1a56b5,M-1664,SESS-20260826-7595-0134,RENTAL_REDEMPTION,-100,2500,2026-08-26T21:45:00+08:00
efc3da43-2810-4cca-8112-8d99290f19f4,M-1664,SESS-20260826-7595-0134,RENTAL_ACCRUAL,4,2504,2026-08-26T23:45:00+08:00
b27f6794-87a6-43b7-b69a-277a089d110b,M-1009,SESS-20260826-4909-0135,RENTAL_ACCRUAL,27,104,2026-08-26T17:15:00+08:00
3b560358-9599-4c7d-bf4a-6afbd2f8408e,M-1676,SESS-20260826-9817-0136,RENTAL_ACCRUAL,6,2638,2026-08-26T18:15:00+08:00
018570e0-4293-473a-876f-c4d0305f1c74,M-1300,SESS-20260826-2811-0137,RENTAL_ACCRUAL,18,107,2026-08-27T00:15:00+08:00
e324dc04-ae7a-4581-bbba-a50f19c92a1b,M-1738,SESS-20260826-1792-0138,RENTAL_ACCRUAL,45,283,2026-08-27T01:45:00+08:00
08335ee0-3e1d-4513-b578-33c5b1f28ff9,M-1317,SESS-20260826-4286-0139,RENTAL_REDEMPTION,-100,331,2026-08-26T17:30:00+08:00
8a0c9e66-40ce-4191-a396-ac8aaf94f6c3,M-1317,SESS-20260826-4286-0139,RENTAL_ACCRUAL,5,336,2026-08-26T19:30:00+08:00
89b38f51-bd62-49a6-af39-5aef6f3446db,M-1587,SESS-20260826-3790-0140,RENTAL_ACCRUAL,19,1185,2026-08-27T01:25:00+08:00
7da460f6-b889-4be2-b274-2638833df1d8,M-1800,SESS-20260826-1512-0141,RENTAL_ACCRUAL,9,811,2026-08-26T20:00:00+08:00
fc1c0d66-406f-4cc4-904e-eea5b594b728,M-1392,SESS-20260826-3103-0142,RENTAL_ACCRUAL,19,606,2026-08-26T23:15:00+08:00
961225f3-1b57-466b-b117-a163164ac11b,M-1881,SESS-20260826-8365-0143,RENTAL_ACCRUAL,11,178,2026-08-27T00:45:00+08:00
bd47ddeb-d6e9-4b84-a85c-af8708bef48a,M-1149,SESS-20260826-5142-0144,RENTAL_REDEMPTION,-300,65,2026-08-26T16:40:00+08:00
f6745206-09d7-4f65-b23f-3085714ab77c,M-1149,SESS-20260826-5142-0144,RENTAL_ACCRUAL,21,86,2026-08-26T19:40:00+08:00
6f9fa7d2-170b-4b8a-86e2-19b25c47bae3,M-1235,SESS-20260826-8363-0145,RENTAL_REDEMPTION,-100,17,2026-08-26T19:55:00+08:00
007d4e0a-0a7c-4d0d-8379-1bce399a1692,M-1235,SESS-20260826-8363-0145,RENTAL_ACCRUAL,35,52,2026-08-26T22:55:00+08:00
367727a8-0787-4130-87c7-677447f54f67,M-1516,SESS-20260826-7607-0146,RENTAL_ACCRUAL,18,544,2026-08-26T16:30:00+08:00
d428f2d5-f642-4922-93b0-11ea76d476a3,M-1564,SESS-20260826-6614-0147,RENTAL_ACCRUAL,19,521,2026-08-27T00:15:00+08:00
9bb43268-0ff9-443a-be15-debb0d5aeb90,M-1453,SESS-20260826-4326-0148,RENTAL_ACCRUAL,11,483,2026-08-26T21:45:00+08:00
2062ca40-0009-4cd6-8277-6502a6629de5,M-1885,SESS-20260826-9894-0149,RENTAL_ACCRUAL,15,43,2026-08-27T02:55:00+08:00
83876922-a42c-4e87-b7f1-f1bb2d26c469,M-1907,SESS-20260826-8595-0150,RENTAL_ACCRUAL,15,87,2026-08-27T02:30:00+08:00
a661b188-b22b-48e6-a307-5f44121fa204,M-1351,SESS-20260826-2416-0151,RENTAL_ACCRUAL,11,121,2026-08-26T22:00:00+08:00
de17fd77-d773-458a-a9d0-08a178c9671d,M-1755,SESS-20260826-4162-0152,RENTAL_REDEMPTION,-100,101,2026-08-26T14:45:00+08:00
919c8b21-a62d-4382-b00c-c04d04c99917,M-1755,SESS-20260826-4162-0152,RENTAL_ACCRUAL,38,139,2026-08-26T19:45:00+08:00
14dd69dc-57fc-4f4a-95a0-254fadda01ff,M-2189,SESS-20260826-1018-0153,RENTAL_ACCRUAL,16,329,2026-08-26T11:30:00+08:00
3b0561f9-b098-42ba-9a0f-4a9af4124deb,M-1695,SESS-20260826-9999-0154,RENTAL_ACCRUAL,27,77,2026-08-26T22:55:00+08:00
1dbb6adf-3221-4993-b943-2f398fe42c5a,M-1995,SESS-20260826-1783-0155,RENTAL_ACCRUAL,27,238,2026-08-26T23:15:00+08:00
38506790-7d8e-4ce9-ad91-c9ab859ba881,M-1658,SESS-20260826-8676-0156,RENTAL_ACCRUAL,19,823,2026-08-27T01:25:00+08:00
4331e18d-5a26-4848-b8f2-5860c8f60847,M-1216,SESS-20260826-5095-0157,RENTAL_ACCRUAL,28,496,2026-08-26T23:00:00+08:00
76625354-f147-4318-8854-7a4c99a88603,M-1783,SESS-20260826-2902-0158,RENTAL_ACCRUAL,28,516,2026-08-26T22:45:00+08:00
68107edf-7ef6-44cd-949b-d8a1645d6dbb,M-2182,SESS-20260826-1285-0159,RENTAL_REDEMPTION,-100,175,2026-08-26T22:15:00+08:00
135d7a98-8cc7-4394-bcd7-dca29f77457d,M-2182,SESS-20260826-1285-0159,RENTAL_ACCRUAL,3,178,2026-08-26T23:15:00+08:00
6ecb9ce6-57ac-4fa5-9073-655ab8d17aa4,M-1521,SESS-20260826-9873-0160,RENTAL_ACCRUAL,6,560,2026-08-26T19:25:00+08:00
fdf91f7b-04b3-4b8d-b5c1-7cb044dc8ebc,M-1249,SESS-20260826-1606-0161,RENTAL_REDEMPTION,-100,15,2026-08-26T23:10:00+08:00
4bc9bce5-083c-48d7-b972-bf084ab35ddf,M-1249,SESS-20260826-1606-0161,RENTAL_ACCRUAL,5,20,2026-08-27T01:10:00+08:00
a8fc8662-c143-4d07-8b7f-3b873c0e1d1b,M-1249,TIER_UPGRADE_Silver_TO_Gold,TIER_BONUS,100,120,2026-08-27T01:10:00+08:00
edcd38b3-4170-4848-9f90-78d067328645,M-1090,SESS-20260826-8925-0162,RENTAL_ACCRUAL,18,279,2026-08-27T01:00:00+08:00
0ce87640-17a6-4bab-a3c1-0a804057b52e,M-1114,SESS-20260826-1794-0163,RENTAL_ACCRUAL,27,215,2026-08-26T20:25:00+08:00
ef93c138-7c25-44bc-892f-38654f52898f,M-1384,SESS-20260826-9802-0164,RENTAL_ACCRUAL,6,1019,2026-08-26T10:00:00+08:00
82caf515-8923-49c1-9e24-47441fa88817,M-1851,SESS-20260826-6311-0165,RENTAL_ACCRUAL,28,74,2026-08-26T23:00:00+08:00
93dd2cdf-cf21-4b18-b217-4f1862b5b594,M-1968,SESS-20260826-2323-0166,RENTAL_ACCRUAL,5,302,2026-08-26T14:05:00+08:00
92546d45-d632-402d-991a-92654a421fcc,M-2125,SESS-20260826-5981-0167,RENTAL_ACCRUAL,24,229,2026-08-26T13:00:00+08:00
ed41074e-6d26-4623-9501-516bcf21c4a7,M-1589,SESS-20260826-5316-0168,RENTAL_ACCRUAL,28,87,2026-08-26T18:15:00+08:00
a274da17-c3f1-4b21-bb29-7a514eafc76e,M-1671,SESS-20260826-8779-0169,RENTAL_ACCRUAL,18,439,2026-08-26T20:15:00+08:00
bdc75d03-3176-4efd-8995-2b402e705d5e,M-1523,SESS-20260826-7219-0170,RENTAL_ACCRUAL,45,398,2026-08-26T15:30:00+08:00
269e18a6-2dcf-40e7-903a-363848348f03,M-1673,SESS-20260826-1619-0171,RENTAL_ACCRUAL,11,290,2026-08-27T01:35:00+08:00
b1099aec-381e-4587-8ca8-9ffca28ffc9c,M-1304,SESS-20260826-5338-0172,RENTAL_ACCRUAL,13,396,2026-08-26T20:30:00+08:00
0fbbdcfa-df81-46f4-b8ca-5e7c1fc0b8da,M-1854,SESS-20260826-3313-0173,RENTAL_REDEMPTION,-100,193,2026-08-26T21:45:00+08:00
eb60a1fc-659e-4350-8400-eeed154081e5,M-1854,SESS-20260826-3313-0173,RENTAL_ACCRUAL,5,198,2026-08-26T23:45:00+08:00
447d718e-0f57-4e0e-a634-01bbd3c882ba,M-1428,SESS-20260826-5260-0174,RENTAL_ACCRUAL,5,157,2026-08-26T09:30:00+08:00
3a33454a-f0b6-4006-b8b2-053d1bc51d0d,M-1592,SESS-20260826-2649-0175,RENTAL_ACCRUAL,6,532,2026-08-26T18:50:00+08:00
2f32ea97-2be9-4c10-816d-4f27dc330c23,M-1496,SESS-20260826-7435-0176,RENTAL_REDEMPTION,-100,587,2026-08-26T23:15:00+08:00
18124323-37c0-4b6f-bcc8-d5dd274c2da2,M-1496,SESS-20260826-7435-0176,RENTAL_ACCRUAL,5,592,2026-08-27T01:15:00+08:00
d121bc8c-e8df-452e-bcd2-2af7d79979a7,M-1433,SESS-20260826-7892-0177,RENTAL_ACCRUAL,5,254,2026-08-26T17:30:00+08:00
df18694c-ceff-4839-943a-144519734eae,M-1567,SESS-20260826-4227-0178,RENTAL_REDEMPTION,-100,70,2026-08-26T21:00:00+08:00
f30e5384-95df-44ea-b0f6-bd89b3120b68,M-1567,SESS-20260826-4227-0178,RENTAL_ACCRUAL,20,90,2026-08-27T00:00:00+08:00
cb247bac-1603-4f86-ab9a-515efd588c4d,M-2067,SESS-20260826-8679-0179,RENTAL_ACCRUAL,25,179,2026-08-27T04:40:00+08:00
2fbc9224-15bb-4fff-9431-ebf4d8438c0f,M-2191,SESS-20260826-3382-0180,RENTAL_ACCRUAL,28,564,2026-08-26T20:15:00+08:00
35a365d6-9db1-4422-9fa8-c29315ea0f13,M-1488,SESS-20260826-6300-0181,RENTAL_ACCRUAL,5,799,2026-08-26T19:50:00+08:00
010103e3-8058-4dae-8676-fc633d79f8a0,M-2148,SESS-20260826-6059-0182,RENTAL_REDEMPTION,-100,197,2026-08-26T14:45:00+08:00
47021ed9-2e30-4b20-9a68-ee13d0fe1e27,M-2148,SESS-20260826-6059-0182,RENTAL_ACCRUAL,20,217,2026-08-26T19:45:00+08:00
4bc49a2a-aa88-4ce6-bcd5-62ef2bbed13a,M-2148,TIER_UPGRADE_Standard_TO_Silver,TIER_BONUS,50,267,2026-08-26T19:45:00+08:00
e6b510d3-7b4d-4b00-88b2-514ee1cd3f61,M-1025,SESS-20260826-8490-0183,RENTAL_REDEMPTION,-100,164,2026-08-26T23:45:00+08:00
f9dc7b45-e9c0-4089-9934-c5eaff1bcb69,M-1025,SESS-20260826-8490-0183,RENTAL_ACCRUAL,5,169,2026-08-27T01:45:00+08:00
3cc4a3df-9564-4148-8f6f-841624236183,M-1445,SESS-20260826-2300-0184,RENTAL_REDEMPTION,-100,294,2026-08-26T22:30:00+08:00
08f645c7-e5ff-4be9-9918-8ba8119a627b,M-1445,SESS-20260826-2300-0184,RENTAL_ACCRUAL,5,299,2026-08-27T00:30:00+08:00
f11c8d9d-03a9-4818-96d0-550df4faaaab,M-1872,SESS-20260826-1064-0185,RENTAL_ACCRUAL,18,179,2026-08-26T21:15:00+08:00
575ba4da-f93e-476e-8dfa-69473c4d73a5,M-1290,SESS-20260826-1653-0186,RENTAL_ACCRUAL,28,64,2026-08-26T23:45:00+08:00
47a531a9-35ac-4ab8-a086-96b30c48b2fb,M-1197,SESS-20260826-3534-0187,RENTAL_ACCRUAL,67,229,2026-08-26T14:15:00+08:00
131e9ddb-0d4d-4128-970c-affc27c699f7,M-1264,SESS-20260826-4389-0188,RENTAL_REDEMPTION,-100,529,2026-08-26T23:15:00+08:00
3eabc778-e2dc-4c14-b31d-ec61274b116b,M-1264,SESS-20260826-4389-0188,RENTAL_ACCRUAL,7,536,2026-08-27T00:15:00+08:00
dd47399f-2f6e-418b-b080-f2d27ef78022,M-1639,SESS-20260826-1905-0189,RENTAL_ACCRUAL,27,594,2026-08-26T19:05:00+08:00
4f0159a1-1471-40b2-9116-6bcedc051964,M-1222,SESS-20260826-1509-0190,RENTAL_ACCRUAL,40,863,2026-08-26T16:30:00+08:00
bb9527ba-33c5-4e1b-b55d-c994dfb24e30,M-1518,SESS-20260826-5245-0191,RENTAL_ACCRUAL,67,662,2026-08-27T04:50:00+08:00
b61d765a-f1d5-41e3-a94b-aac4a51a4846,M-1308,SESS-20260826-4730-0192,RENTAL_ACCRUAL,67,115,2026-08-27T01:30:00+08:00
7c556838-e93d-4643-8677-2cc7a854f4f6,M-1667,SESS-20260826-1635-0193,RENTAL_ACCRUAL,11,94,2026-08-26T21:45:00+08:00
b15e504c-d946-4baa-a8ee-19ca07041566,M-1431,SESS-20260826-3688-0194,RENTAL_REDEMPTION,-300,544,2026-08-26T19:00:00+08:00
d0487695-f719-407f-9c84-7b96afbbb766,M-1431,SESS-20260826-3688-0194,RENTAL_ACCRUAL,9,553,2026-08-27T00:00:00+08:00
8ae22608-7592-47f0-b1b4-53daabb48a80,M-1292,SESS-20260826-3605-0195,RENTAL_ACCRUAL,30,657,2026-08-26T13:00:00+08:00
bb4fbef7-78d9-4e51-85be-588531593be6,M-1751,SESS-20260826-1446-0196,RENTAL_ACCRUAL,40,120,2026-08-26T17:00:00+08:00
e9ebdb94-d4ed-4747-8028-3da9b5a908ad,M-1293,SESS-20260826-3079-0197,RENTAL_ACCRUAL,18,165,2026-08-26T17:25:00+08:00
b087a581-d575-402d-b408-c226a97bd0d2,M-1054,SESS-20260826-7031-0198,RENTAL_ACCRUAL,18,99,2026-08-26T17:45:00+08:00
717625a7-f903-4697-9121-748335c0fc2c,M-1054,TIER_UPGRADE_Silver_TO_Gold,TIER_BONUS,100,199,2026-08-26T17:45:00+08:00
ae3acf9c-290c-4d87-9b2e-33fd29659a6a,M-1247,SESS-20260826-4213-0199,RENTAL_ACCRUAL,18,2534,2026-08-26T21:00:00+08:00
792499f0-ecc0-4e2c-8004-4e621f746f21,M-1729,SESS-20260826-5002-0200,RENTAL_ACCRUAL,5,238,2026-08-26T23:45:00+08:00
63c8b656-bafd-4a0a-ab8e-a30e68a51f74,M-1265,SESS-20260826-1363-0201,RENTAL_REDEMPTION,-100,248,2026-08-26T16:15:00+08:00
b9b04e8d-5f4d-4efe-894d-9293da78c18e,M-1265,SESS-20260826-1363-0201,RENTAL_ACCRUAL,69,317,2026-08-27T00:15:00+08:00
a8587cfc-b5ba-466f-b622-d582ffa0fab6,M-2038,SESS-20260826-5392-0202,RENTAL_ACCRUAL,5,220,2026-08-26T21:55:00+08:00
a58c6c30-cfbe-4779-aa84-dffc969ac43b,M-1353,SESS-20260826-6518-0203,RENTAL_ACCRUAL,16,241,2026-08-27T02:25:00+08:00
ad6133db-794a-413b-845d-d5d1f2716d38,M-1234,SESS-20260826-7160-0204,RENTAL_ACCRUAL,27,266,2026-08-27T00:05:00+08:00
f94ed1f6-3d05-4e78-a9b4-c913f994dc5d,M-1942,SESS-20260826-3226-0205,RENTAL_REDEMPTION,-300,9,2026-08-26T15:45:00+08:00
dc8e9852-c770-408b-8352-0d173a5f447d,M-1942,SESS-20260826-3226-0205,RENTAL_ACCRUAL,21,30,2026-08-26T18:45:00+08:00
2a9117de-0ba9-48bc-9744-06e4c0b78d8b,M-1045,SESS-20260826-1492-0206,RENTAL_ACCRUAL,16,379,2026-08-26T11:00:00+08:00
44593b4f-1a66-4fd9-aa63-1b8fec3e9fd7,M-1759,SESS-20260826-7586-0207,RENTAL_ACCRUAL,11,513,2026-08-26T21:55:00+08:00
8160b1a3-3908-424f-97c8-53ab85ff47f0,M-1877,SESS-20260826-5942-0208,RENTAL_REDEMPTION,-100,296,2026-08-26T16:15:00+08:00
11119d96-cb74-44f8-bfa7-a3e59823e401,M-1877,SESS-20260826-5942-0208,RENTAL_ACCRUAL,11,307,2026-08-26T18:15:00+08:00
142f1670-37ae-4298-90ee-597d0778de20,M-1197,SESS-20260826-1853-0209,RENTAL_ACCRUAL,27,256,2026-08-26T17:30:00+08:00
ec169aa8-b59d-48e3-8ec7-b7309d36e582,M-2063,SESS-20260826-1186-0210,RENTAL_ACCRUAL,67,243,2026-08-27T04:10:00+08:00
d6d5f165-848d-4477-ac17-b3a7671cba74,M-1021,SESS-20260826-7827-0211,RENTAL_ACCRUAL,28,671,2026-08-26T21:15:00+08:00
5bc174f4-b89a-45c2-80a1-26d27eb29faf,M-1835,SESS-20260826-7056-0212,RENTAL_ACCRUAL,16,182,2026-08-26T23:35:00+08:00
af2e6f31-62e1-452b-afc0-67cc7991cb6f,M-1009,SESS-20260826-4611-0213,RENTAL_ACCRUAL,28,132,2026-08-27T01:45:00+08:00
98580c96-427c-45a0-9931-16c1ba8914d8,M-1465,SESS-20260826-6212-0214,RENTAL_REDEMPTION,-100,812,2026-08-26T20:30:00+08:00
1059dbf0-75ed-4223-bde1-ff69643b0180,M-1465,SESS-20260826-6212-0214,RENTAL_ACCRUAL,21,833,2026-08-26T23:30:00+08:00
773ac4c8-fdf0-4dc3-944c-dc57b26ed82c,M-1905,SESS-20260826-4136-0215,RENTAL_ACCRUAL,11,502,2026-08-26T12:15:00+08:00
266b1972-2f0f-459b-99ec-d9ae652fbd10,M-1614,SESS-20260826-4068-0216,RENTAL_REDEMPTION,-100,549,2026-08-26T19:15:00+08:00
eb0f0130-1815-4e75-b247-04e4cadd9b32,M-1614,SESS-20260826-4068-0216,RENTAL_ACCRUAL,10,559,2026-08-26T22:15:00+08:00
98923254-5850-4958-b081-ec93023137b1,M-1117,SESS-20260826-9368-0217,RENTAL_ACCRUAL,18,134,2026-08-26T19:00:00+08:00
623b9d07-42e5-48b6-a2fc-4e06a0c4f649,M-2098,SESS-20260826-7314-0218,RENTAL_ACCRUAL,16,120,2026-08-26T22:15:00+08:00
e8d6ce45-1bb6-4186-9fa8-549feabcde19,M-1263,SESS-20260826-6349-0219,RENTAL_REDEMPTION,-100,470,2026-08-26T15:45:00+08:00
c61d6fb8-6052-463d-800f-ec9bd9606b14,M-1263,SESS-20260826-6349-0219,RENTAL_ACCRUAL,11,481,2026-08-26T17:45:00+08:00
0b0c3ff3-c648-4a29-b2ab-a2a6c5a34d2f,M-1318,SESS-20260826-2594-0220,RENTAL_ACCRUAL,6,314,2026-08-26T22:05:00+08:00
814d79d3-95da-4f28-a803-7a7c0afa37f5,M-1343,SESS-20260826-4555-0221,RENTAL_ACCRUAL,11,145,2026-08-26T23:50:00+08:00
8504d5c0-2c5d-490d-8e19-b728c02ebd62,M-1802,SESS-20260826-6551-0222,RENTAL_ACCRUAL,12,238,2026-08-26T18:30:00+08:00
c26fff0e-eda5-4893-8a5d-2c97135384b5,M-1776,SESS-20260826-1038-0223,RENTAL_REDEMPTION,-100,59,2026-08-26T23:45:00+08:00
a01fa48f-0723-4391-aec1-f82c5290b2be,M-1776,SESS-20260826-1038-0223,RENTAL_ACCRUAL,5,64,2026-08-27T01:45:00+08:00
178af98e-8950-43bc-8ec8-f65fbc551f1a,M-1687,SESS-20260826-1464-0224,RENTAL_ACCRUAL,11,442,2026-08-26T23:45:00+08:00
747eb5e9-84ab-414a-87d2-5de60941e776,M-1334,SESS-20260826-6945-0225,RENTAL_REDEMPTION,-200,28,2026-08-26T23:40:00+08:00
bd15fe75-eadb-4ac6-93f1-4cf7bce284da,M-1334,SESS-20260826-6945-0225,RENTAL_ACCRUAL,14,42,2026-08-27T02:40:00+08:00
3ec5d5b4-3819-4c8b-8c85-5337f3256d15,M-1884,SESS-20260826-4631-0226,RENTAL_ACCRUAL,27,300,2026-08-26T22:15:00+08:00
d54b1680-60df-43b1-9d57-dc1ae12025df,M-1374,SESS-20260826-6997-0227,RENTAL_ACCRUAL,11,814,2026-08-27T00:15:00+08:00
25c588c6-43c0-4f0d-ae51-055a2a19b576,M-1894,SESS-20260826-1924-0228,RENTAL_REDEMPTION,-100,214,2026-08-26T18:45:00+08:00
aa7ee084-ecc6-4496-b630-79e9ad15fa12,M-1894,SESS-20260826-1924-0228,RENTAL_ACCRUAL,20,234,2026-08-26T21:45:00+08:00
4bfed18f-5649-4e2b-a9ab-2251a4262e8f,M-1754,SESS-20260826-6540-0229,RENTAL_REDEMPTION,-100,160,2026-08-26T23:20:00+08:00
323738db-6631-4db1-a02b-3d620dbb6b2f,M-1754,SESS-20260826-6540-0229,RENTAL_ACCRUAL,101,261,2026-08-27T07:20:00+08:00
14b0fe2b-01f8-42cf-a767-ab1a4671215d,M-1754,TIER_UPGRADE_Silver_TO_Gold,TIER_BONUS,100,361,2026-08-27T07:20:00+08:00
2003cff4-3874-4a7a-be33-0772e41e7ca1,M-1797,SESS-20260826-9199-0230,RENTAL_REDEMPTION,-200,214,2026-08-26T21:45:00+08:00
6a5041af-1c8d-486e-b490-848a23e536e7,M-1797,SESS-20260826-9199-0230,RENTAL_ACCRUAL,15,229,2026-08-27T02:45:00+08:00
6fc709fa-0254-4654-95b3-5a9c61b08ff5,M-1145,SESS-20260826-1063-0231,RENTAL_ACCRUAL,72,313,2026-08-26T19:20:00+08:00
67731651-9eb1-480d-973b-2d33e8c810af,M-1106,SESS-20260826-3247-0232,RENTAL_ACCRUAL,16,441,2026-08-26T18:30:00+08:00
79545d0d-30e6-4b3a-9299-970fa2bb3500,M-1727,SESS-20260826-8332-0233,RENTAL_ACCRUAL,5,280,2026-08-27T00:40:00+08:00
08fbe1b8-29b7-4a97-aa84-f214eff6572a,M-2136,SESS-20260826-3745-0234,RENTAL_ACCRUAL,24,152,2026-08-27T00:30:00+08:00
23ec2c91-dccb-46ba-b4e1-4d5d1a1aa3cc,M-1162,SESS-20260826-4626-0235,RENTAL_REDEMPTION,-100,54,2026-08-26T22:00:00+08:00
3e5bb0b5-31cb-4313-b6a3-e29e36a3c958,M-1162,SESS-20260826-4626-0235,RENTAL_ACCRUAL,10,64,2026-08-27T01:00:00+08:00
8544d1aa-4d19-44da-9ab0-9420701ce2f5,M-1033,SESS-20260826-8706-0236,RENTAL_ACCRUAL,16,217,2026-08-26T19:55:00+08:00
32dc4cd1-0751-435b-a259-b7850f45be3d,M-1220,SESS-20260826-9980-0237,RENTAL_REDEMPTION,-100,1874,2026-08-26T19:50:00+08:00
44a457ef-d644-445e-96f7-95024da1b705,M-1220,SESS-20260826-9980-0237,RENTAL_ACCRUAL,21,1895,2026-08-26T22:50:00+08:00
b6a40367-b3b0-44ec-a4d2-1d7af5b2f99f,M-1422,SESS-20260826-4384-0238,RENTAL_ACCRUAL,16,231,2026-08-26T21:35:00+08:00
d1b3915a-2bc1-4ee7-b19d-64bb318001b0,M-1072,SESS-20260826-3977-0239,RENTAL_ACCRUAL,11,339,2026-08-27T01:30:00+08:00
1360d04c-930f-4512-8207-131bd431c211,M-1801,SESS-20260826-6171-0240,RENTAL_ACCRUAL,5,170,2026-08-26T16:20:00+08:00
a4c8e219-f583-41d5-8547-7c33e1c33cfa,M-1869,SESS-20260826-8230-0241,RENTAL_ACCRUAL,40,105,2026-08-27T00:45:00+08:00
8c20438a-9b7f-489b-82e7-b077143b7473,M-1860,SESS-20260826-3911-0242,RENTAL_ACCRUAL,40,99,2026-08-26T11:45:00+08:00
eef86403-0572-48f5-8236-dbaf9254e18a,M-1966,SESS-20260826-4942-0243,RENTAL_ACCRUAL,10,110,2026-08-26T15:45:00+08:00
5e681099-bbb8-4204-bd1c-e4280b342dfc,M-1412,SESS-20260826-8657-0244,RENTAL_ACCRUAL,5,618,2026-08-26T19:50:00+08:00
5c610e01-15f0-40ce-9066-b96364ead14a,M-1213,SESS-20260826-7006-0245,RENTAL_ACCRUAL,16,322,2026-08-26T13:15:00+08:00
441c608a-24c4-4b21-ac1d-5f172889a598,M-1502,SESS-20260826-2464-0246,RENTAL_REDEMPTION,-100,19,2026-08-26T08:30:00+08:00
9cd787c5-cab4-41d3-a1db-02992f4fb51c,M-1502,SESS-20260826-2464-0246,RENTAL_ACCRUAL,20,39,2026-08-26T10:30:00+08:00
1d886a82-8608-42bb-9ced-67fdac2d0abe,M-1134,SESS-20260826-6652-0247,RENTAL_ACCRUAL,9,82,2026-08-26T19:45:00+08:00
d04beafe-0609-4e92-9aeb-4752e3f46cb4,M-2085,SESS-20260826-8073-0248,RENTAL_ACCRUAL,40,378,2026-08-26T23:30:00+08:00
b854c488-84d6-4dad-9251-b13de47f9b3d,M-2183,SESS-20260826-3496-0249,RENTAL_ACCRUAL,25,206,2026-08-27T04:20:00+08:00
1b2403ba-ffba-42b8-9b2a-ca24107fed10,M-1704,SESS-20260826-1340-0250,RENTAL_ACCRUAL,11,149,2026-08-26T19:00:00+08:00
400abfcc-eceb-4913-ac44-94cafb8c108b,M-1246,SESS-20260826-2646-0251,RENTAL_REDEMPTION,-100,471,2026-08-26T21:30:00+08:00
6641ae2b-0f9e-4ea6-8df8-ac971f13c1ad,M-1246,SESS-20260826-2646-0251,RENTAL_ACCRUAL,6,477,2026-08-26T22:30:00+08:00
05abae53-1769-4c2c-8c15-fa740d8eecdd,M-1318,SESS-20260826-4665-0252,RENTAL_ACCRUAL,6,320,2026-08-26T23:45:00+08:00
83fd1d8e-f9e8-4269-ac19-ef4b2d01b310,M-1230,SESS-20260826-9765-0253,RENTAL_ACCRUAL,9,243,2026-08-27T00:00:00+08:00
bf978282-cac8-43fe-99c2-e84ebe2de0fd,M-1931,SESS-20260826-5642-0254,RENTAL_ACCRUAL,11,193,2026-08-26T20:30:00+08:00
4820a9c7-75e6-4fa1-88cc-4448fc215a76,M-1554,SESS-20260826-1470-0255,RENTAL_ACCRUAL,48,1178,2026-08-27T07:50:00+08:00
495b0fdf-d4e2-44b7-8d94-6728347abfe3,M-1828,SESS-20260826-2118-0256,RENTAL_ACCRUAL,5,214,2026-08-26T18:30:00+08:00
43fe8604-b4ca-4069-9dc5-c06b6b766270,M-1674,SESS-20260826-4584-0257,RENTAL_ACCRUAL,67,733,2026-08-27T04:35:00+08:00
9127a6ee-5cfb-4812-ae51-b99cd179149e,M-1147,SESS-20260826-9913-0258,RENTAL_ACCRUAL,28,150,2026-08-27T04:55:00+08:00
14a17fb7-3bb1-4c87-959c-dfe5a9386eb4,M-1189,SESS-20260826-7427-0259,RENTAL_ACCRUAL,16,595,2026-08-27T00:30:00+08:00
ab797150-2ceb-44c3-af8b-755d56a840a8,M-1393,SESS-20260826-1835-0260,RENTAL_ACCRUAL,16,235,2026-08-27T00:15:00+08:00
dcfb6016-8c50-4f31-91a1-31ab1ab20180,M-1417,SESS-20260826-5554-0261,RENTAL_ACCRUAL,11,609,2026-08-27T01:50:00+08:00
c0ef13f0-8836-4541-8cce-0974f2f05155,M-1247,SESS-20260826-1721-0262,RENTAL_ACCRUAL,12,2546,2026-08-27T00:50:00+08:00
e9214177-6bad-4291-8ef1-49b02a0a6adb,M-1411,SESS-20260826-1440-0263,RENTAL_ACCRUAL,9,657,2026-08-26T23:20:00+08:00
1f4794af-3b06-480c-8b71-9fdaf80ed479,M-1185,SESS-20260826-9106-0264,RENTAL_ACCRUAL,5,366,2026-08-26T22:30:00+08:00
07134147-0300-4d01-89df-45a7892aed2d,M-1506,SESS-20260826-2857-0265,RENTAL_ACCRUAL,18,347,2026-08-26T23:05:00+08:00
80d22ae2-2226-4e0a-96e7-853b072c0d8b,M-1266,SESS-20260826-6130-0266,RENTAL_ACCRUAL,11,276,2026-08-26T18:30:00+08:00
7787e675-ade4-427b-b027-060d9f0a4fea,M-1601,SESS-20260826-9780-0267,RENTAL_REDEMPTION,-400,75,2026-08-26T17:15:00+08:00
46e44050-a43c-4934-8942-814d4036cac7,M-1601,SESS-20260826-9780-0267,RENTAL_ACCRUAL,15,90,2026-08-26T20:15:00+08:00
aa0dff38-f21e-43a4-87c1-eede8ce438bb,M-1861,SESS-20260826-8907-0268,RENTAL_ACCRUAL,10,250,2026-08-26T20:45:00+08:00
e269867c-62be-4672-9ffd-cd19c5c9e038,M-1291,SESS-20260826-7095-0269,RENTAL_ACCRUAL,11,623,2026-08-26T23:15:00+08:00
68e535df-11d1-4e45-ba76-21f922db0967,M-1016,SESS-20260826-5505-0270,RENTAL_ACCRUAL,11,252,2026-08-26T23:40:00+08:00
34f008ca-1755-4b5d-a05b-d9993e1ce0c3,M-1241,SESS-20260826-6375-0271,RENTAL_ACCRUAL,27,238,2026-08-26T21:15:00+08:00
afe687c9-4dc9-427c-87e4-939a249f868c,M-1482,SESS-20260826-6951-0272,RENTAL_ACCRUAL,40,589,2026-08-26T23:40:00+08:00
dd63e6e0-09aa-4182-b75b-0c4616711b64,M-1482,TIER_UPGRADE_Silver_TO_Gold,TIER_BONUS,100,689,2026-08-26T23:40:00+08:00
b846d7fc-ec67-452d-b2c6-9eb007208522,M-1403,SESS-20260826-4624-0273,RENTAL_ACCRUAL,28,2852,2026-08-27T00:55:00+08:00
10fb0bdc-6314-48a9-8a64-b0faa0401fb2,M-1067,SESS-20260826-1192-0274,RENTAL_ACCRUAL,9,408,2026-08-26T23:45:00+08:00
89267d97-b0d0-4486-8675-705157515455,M-2011,SESS-20260826-7102-0275,RENTAL_REDEMPTION,-100,144,2026-08-26T19:50:00+08:00
7157e00b-1c6d-49ec-a4c6-4e4ccdcd732b,M-2011,SESS-20260826-7102-0275,RENTAL_ACCRUAL,3,147,2026-08-26T20:50:00+08:00
3a3e27a7-91b2-44f1-87df-60bca110a619,M-1437,SESS-20260826-7327-0276,RENTAL_ACCRUAL,45,411,2026-08-26T22:35:00+08:00
26455ec3-aaa8-4db9-a4b1-2ea44bc0edc5,M-2082,SESS-20260826-2916-0277,RENTAL_ACCRUAL,64,185,2026-08-27T02:30:00+08:00
8df0955f-c9b2-446b-a6a4-3045382728ed,M-1838,SESS-20260826-6496-0278,RENTAL_ACCRUAL,28,684,2026-08-26T22:40:00+08:00
981f52cd-8e89-4219-8ccb-a2039c4b6079,M-2028,SESS-20260826-1043-0279,RENTAL_ACCRUAL,25,115,2026-08-27T03:30:00+08:00
10dab1ab-c2c1-4775-9835-2ac8f3f91f80,M-2158,SESS-20260826-1488-0280,RENTAL_ACCRUAL,24,143,2026-08-26T23:30:00+08:00
153e9e0c-a14e-4cfc-af51-7b557f8b5631,M-2072,SESS-20260826-4983-0281,RENTAL_ACCRUAL,27,369,2026-08-27T01:55:00+08:00
14c64925-177c-4dbd-9efb-ef499929359e,M-2096,SESS-20260826-3767-0282,RENTAL_ACCRUAL,24,143,2026-08-27T00:15:00+08:00
e1bf560a-a78e-4352-81e0-3f49f4a38795,M-1934,SESS-20260826-2263-0283,RENTAL_ACCRUAL,27,543,2026-08-26T16:00:00+08:00
86fd6b92-d239-44d6-b2ff-5df2529a2194,M-1473,SESS-20260826-4580-0284,RENTAL_ACCRUAL,27,321,2026-08-27T01:45:00+08:00
a7e27e11-3336-47e8-a01b-e5e9dbe97800,M-1657,SESS-20260826-1642-0285,RENTAL_ACCRUAL,11,839,2026-08-27T00:00:00+08:00
965cd30d-e90c-419d-b918-54f0eb4179ff,M-1436,SESS-20260826-7455-0286,RENTAL_ACCRUAL,19,728,2026-08-26T22:30:00+08:00
9307bab1-7c54-4f49-94b9-7f70e2dccb45,M-1137,SESS-20260826-5066-0287,RENTAL_REDEMPTION,-100,126,2026-08-26T23:45:00+08:00
769358d7-bad9-42fc-bde1-4b5e9d9e8bb6,M-1137,SESS-20260826-5066-0287,RENTAL_ACCRUAL,64,190,2026-08-27T04:45:00+08:00
961ace7d-0e2c-4990-817b-1cdfabf88a55,M-1901,SESS-20260826-9810-0288,RENTAL_ACCRUAL,5,69,2026-08-26T22:00:00+08:00
e9088b73-f7b1-4509-8e74-00e511503363,M-1169,SESS-20260826-5748-0289,RENTAL_ACCRUAL,28,587,2026-08-27T04:55:00+08:00
5e9fcf42-9781-4df4-a715-137a67f3f4c6,M-1196,SESS-20260826-8364-0290,RENTAL_REDEMPTION,-100,49,2026-08-26T23:50:00+08:00
575bc6c7-27bf-4c5b-8620-e95e055a6730,M-1196,SESS-20260826-8364-0290,RENTAL_ACCRUAL,10,59,2026-08-27T02:50:00+08:00
a053beca-e37f-485a-8198-82e9e034c280,M-1442,SESS-20260826-3376-0291,RENTAL_ACCRUAL,11,544,2026-08-26T23:30:00+08:00
63722d7f-040f-49fc-b1f8-aed64d900778,M-1018,SESS-20260826-2089-0292,RENTAL_ACCRUAL,16,50,2026-08-26T21:45:00+08:00
57fff735-430b-4ece-b37f-72968c112da7,M-1040,SESS-20260826-4072-0293,RENTAL_REDEMPTION,-100,800,2026-08-26T21:00:00+08:00
9259c6e0-c01a-418e-9032-bc5590c6bbf4,M-1040,SESS-20260826-4072-0293,RENTAL_ACCRUAL,2,802,2026-08-26T22:00:00+08:00
5ba16da2-e165-4157-8cce-7ecc4f2fbca4,M-1681,SESS-20260826-7404-0294,RENTAL_ACCRUAL,11,157,2026-08-26T19:15:00+08:00
3b8581ec-42a0-4e6b-baf0-166a21853bf7,M-1350,SESS-20260826-6952-0295,RENTAL_ACCRUAL,28,570,2026-08-26T21:15:00+08:00
e917081f-a9ef-41f0-af94-7e6268d18742,M-1115,SESS-20260826-3908-0296,RENTAL_ACCRUAL,28,215,2026-08-27T02:50:00+08:00
10a90879-1128-4007-8ba4-c6f503622702,M-2193,SESS-20260826-1924-0297,RENTAL_ACCRUAL,45,331,2026-08-27T05:00:00+08:00
8cb9e306-13b7-4a8d-a38e-4fc8061de87d,M-1306,SESS-20260826-2640-0298,RENTAL_REDEMPTION,-200,159,2026-08-26T17:35:00+08:00
67b2148a-c230-4d00-bec8-d9cfab0f4bf0,M-1306,SESS-20260826-2640-0298,RENTAL_ACCRUAL,4,163,2026-08-26T19:35:00+08:00
a6ca0f13-75ff-4869-b5b9-e4ce0fe61b94,M-1059,SESS-20260826-3721-0299,RENTAL_ACCRUAL,18,228,2026-08-26T21:15:00+08:00
b8698d87-aae6-4564-a946-8db2c532c103,M-1580,SESS-20260826-2089-0300,RENTAL_ACCRUAL,6,1215,2026-08-27T00:50:00+08:00
71283560-88f4-44ad-a2e4-5ed53c16d031,M-1922,SESS-20260826-9650-0301,RENTAL_ACCRUAL,27,405,2026-08-26T19:30:00+08:00
45a626f7-dafb-4ee6-afcc-e990ae7942fc,M-2159,SESS-20260826-7482-0302,RENTAL_ACCRUAL,11,200,2026-08-26T20:55:00+08:00
6e2dccbf-5ce0-4d24-a92c-af6ae36b65a0,M-1975,SESS-20260826-1639-0303,RENTAL_ACCRUAL,27,157,2026-08-26T20:30:00+08:00
3260dbd9-605b-44f7-81bb-59885d1eb14b,M-2092,SESS-20260826-2983-0304,RENTAL_ACCRUAL,5,85,2026-08-26T22:45:00+08:00
419fa52b-537d-4012-b3a7-c6fbc92f69da,M-1812,SESS-20260826-9192-0305,RENTAL_ACCRUAL,18,855,2026-08-27T00:45:00+08:00
b944000f-5a40-479f-8373-fcc9fc3d6216,M-1143,SESS-20260826-9088-0306,RENTAL_ACCRUAL,18,4199,2026-08-27T00:45:00+08:00
bbd0525a-75c0-4f5e-ae2e-3f26a0b705cc,M-2078,SESS-20260826-6709-0307,RENTAL_ACCRUAL,16,99,2026-08-26T16:00:00+08:00
b008debf-c0f7-4a71-af71-a8de14160917,M-1041,SESS-20260826-6711-0308,RENTAL_ACCRUAL,6,922,2026-08-26T20:25:00+08:00
383fa621-aa98-4a28-8fd7-5a45a82bf340,M-1538,SESS-20260826-1138-0309,RENTAL_ACCRUAL,40,175,2026-08-27T02:05:00+08:00
5847dc45-d7bd-4da2-b9cd-1118b02eda5f,M-1416,SESS-20260826-7930-0310,RENTAL_REDEMPTION,-100,2542,2026-08-26T22:45:00+08:00
63473a33-57a4-458e-857d-5fe1ccfac738,M-1416,SESS-20260826-7930-0310,RENTAL_ACCRUAL,4,2546,2026-08-27T00:45:00+08:00
efd10f9c-6c5a-40cd-a96f-b7017e0cd645,M-1253,SESS-20260826-6793-0311,RENTAL_REDEMPTION,-100,22,2026-08-26T13:15:00+08:00
2b0f57af-6764-4fd7-91e0-825437957ab5,M-1253,SESS-20260826-6793-0311,RENTAL_ACCRUAL,34,56,2026-08-26T16:15:00+08:00
910bcc05-325c-4a4f-bf48-b467d693d6cf,M-1261,SESS-20260826-3277-0312,RENTAL_ACCRUAL,9,96,2026-08-26T20:50:00+08:00
de621dca-0548-4b7e-a580-f2c3943ca7ca,M-1724,SESS-20260826-6549-0313,RENTAL_ACCRUAL,11,235,2026-08-27T01:25:00+08:00
031cfcb0-b848-4974-bb89-ae2bdf45ed37,M-1672,SESS-20260826-2017-0314,RENTAL_REDEMPTION,-100,10,2026-08-26T22:05:00+08:00
74b56f83-d371-45d4-8f0c-2f7ba81f1073,M-1672,SESS-20260826-2017-0314,RENTAL_ACCRUAL,10,20,2026-08-27T01:05:00+08:00
7fe42371-7e47-4adc-9e11-b18600d387d1,M-1301,SESS-20260826-5316-0315,RENTAL_ACCRUAL,9,106,2026-08-26T21:55:00+08:00
6be5f0e7-871d-4087-af2c-9688a666c2af,M-1932,SESS-20260826-7309-0316,RENTAL_REDEMPTION,-200,105,2026-08-26T22:10:00+08:00
91fca325-2f6b-4115-ac70-9b2d98baa586,M-1106,SESS-20260826-4901-0317,RENTAL_REDEMPTION,-200,241,2026-08-26T20:15:00+08:00
2521aa91-8229-4fd2-8cda-cd6c5d0d8e0e,M-1106,SESS-20260826-4901-0317,RENTAL_ACCRUAL,14,255,2026-08-26T23:15:00+08:00
75c5ecb2-17f5-4f22-9790-4704c5121660,M-1777,SESS-20260826-7381-0318,RENTAL_REDEMPTION,-100,142,2026-08-26T23:30:00+08:00
8995eb32-05cb-4c41-b89c-6a2f211a7ebe,M-1777,SESS-20260826-7381-0318,RENTAL_ACCRUAL,11,153,2026-08-27T01:30:00+08:00
41a32a43-8592-4225-b3c3-cc828141a34f,M-2047,SESS-20260826-6827-0319,RENTAL_ACCRUAL,27,285,2026-08-27T00:45:00+08:00
1cd9d416-7fca-4e12-b701-c92a1d91f83b,M-2003,SESS-20260826-9605-0320,RENTAL_REDEMPTION,-100,91,2026-08-26T23:55:00+08:00
1c2f57b8-8dec-413c-96cf-56237c28b4db,M-2003,SESS-20260826-9605-0320,RENTAL_ACCRUAL,59,150,2026-08-27T07:55:00+08:00
668ece3a-e5d3-4a3a-b4d2-993b20b84cd7,M-2003,TIER_UPGRADE_Standard_TO_Silver,TIER_BONUS,50,200,2026-08-27T07:55:00+08:00
5e585f78-d111-4852-bd37-bc56417a4815,M-2154,SESS-20260826-9944-0321,RENTAL_REDEMPTION,-100,86,2026-08-26T20:35:00+08:00
c4fff37a-91bb-4d61-8fa2-a8639a2af3b8,M-2154,SESS-20260826-9944-0321,RENTAL_ACCRUAL,11,97,2026-08-26T22:35:00+08:00
0bd715ed-3d71-4ab5-9161-893e974f6522,M-1680,SESS-20260826-4145-0322,RENTAL_ACCRUAL,28,483,2026-08-27T01:00:00+08:00
3ba49188-2ca1-4677-9823-e29c972b8f0b,M-1976,SESS-20260826-2131-0323,RENTAL_ACCRUAL,60,176,2026-08-27T03:50:00+08:00
70440e08-5e64-4ac9-97d8-7532be838ffd,M-1372,SESS-20260826-9243-0324,RENTAL_REDEMPTION,-200,79,2026-08-26T18:30:00+08:00
8964e1a9-24af-4e0b-8e83-e16e78ba9d09,M-1372,SESS-20260826-9243-0324,RENTAL_ACCRUAL,4,83,2026-08-26T21:30:00+08:00
d6acfd70-a347-462b-90c1-a6785bd09b04,M-1483,SESS-20260826-3500-0325,RENTAL_ACCRUAL,27,233,2026-08-26T23:30:00+08:00
916d4635-e93c-463d-a54e-90c5ea0891f7,M-1942,SESS-20260826-1132-0326,RENTAL_ACCRUAL,45,75,2026-08-27T02:15:00+08:00
7f0b7466-ddb6-4768-84ab-d63fdfbaedc3,M-1749,SESS-20260826-5601-0327,RENTAL_ACCRUAL,27,238,2026-08-26T22:35:00+08:00
3f47f97c-76bf-4643-a99e-2e30edb092b7,M-2176,SESS-20260826-5815-0328,RENTAL_ACCRUAL,18,157,2026-08-26T23:25:00+08:00
a73e025a-3bd2-469f-8fd3-26898bd9ece9,M-1404,SESS-20260826-7367-0329,RENTAL_ACCRUAL,11,327,2026-08-26T15:30:00+08:00
fe9995f9-b9ff-4f7d-91fd-b0405fcc4271,M-1761,SESS-20260826-4829-0330,RENTAL_REDEMPTION,-100,650,2026-08-26T20:45:00+08:00
7a9fa19d-f5ad-47c1-baf6-2a47f2e2e8d1,M-1761,SESS-20260826-4829-0330,RENTAL_ACCRUAL,2,652,2026-08-26T21:45:00+08:00
4b0a2629-0dc1-4e6f-8e6e-b97b2dc256db,M-1364,SESS-20260826-6457-0331,RENTAL_ACCRUAL,28,694,2026-08-26T20:00:00+08:00
1ef952bc-00e5-4156-a261-62c1d767f818,M-1176,SESS-20260826-8425-0332,RENTAL_ACCRUAL,6,260,2026-08-26T23:50:00+08:00
62963657-b9fd-472e-9414-ea20a794afab,M-1094,SESS-20260826-5015-0333,RENTAL_REDEMPTION,-200,318,2026-08-26T22:40:00+08:00
73abbf0a-d427-4d5a-874a-3bf301608d51,M-1094,SESS-20260826-5015-0333,RENTAL_ACCRUAL,4,322,2026-08-27T00:40:00+08:00
90c5dfad-0cb0-4bc4-b624-6cc03a3e485b,M-1121,SESS-20260826-5942-0334,RENTAL_ACCRUAL,9,377,2026-08-26T23:45:00+08:00
6c3347b1-15e3-4d45-a339-6115b353d465,M-1632,SESS-20260826-6063-0335,RENTAL_ACCRUAL,18,166,2026-08-26T22:40:00+08:00
64a117dd-5fe8-4d23-b08e-f75bcc789ab9,M-1879,SESS-20260826-2009-0336,RENTAL_ACCRUAL,10,232,2026-08-26T20:35:00+08:00
bd2ec6aa-50ac-41d5-a1d8-6e1aeeb1a4be,M-1839,SESS-20260826-2572-0337,RENTAL_ACCRUAL,18,86,2026-08-27T01:40:00+08:00
1acff98d-7267-4bab-a7e5-312862ac477d,M-1732,SESS-20260826-5771-0338,RENTAL_ACCRUAL,43,429,2026-08-26T14:30:00+08:00
5534e091-845f-49cb-a714-e672ddbfa6e3,M-2060,SESS-20260826-8791-0339,RENTAL_ACCRUAL,10,177,2026-08-26T16:10:00+08:00
e40e4f84-e52b-468d-bd68-0c666bf858a0,M-2151,SESS-20260826-8829-0340,RENTAL_ACCRUAL,16,77,2026-08-27T01:05:00+08:00
df198dd1-a5a9-4b1d-a215-3c45eae22abb,M-1819,SESS-20260826-2381-0341,RENTAL_ACCRUAL,5,401,2026-08-26T23:20:00+08:00
b8406d98-d35d-4ea2-8e26-42ac518cc970,M-1591,SESS-20260826-1825-0342,RENTAL_REDEMPTION,-100,1767,2026-08-26T23:50:00+08:00
84261a76-772a-4c9f-8014-10f5697e6c8e,M-1591,SESS-20260826-1825-0342,RENTAL_ACCRUAL,11,1778,2026-08-27T01:50:00+08:00
a5c7947b-977d-4b12-ad4c-b328b95e3e2e,M-1499,SESS-20260826-7911-0343,RENTAL_ACCRUAL,11,162,2026-08-26T22:30:00+08:00
b7a5dae7-2051-4eca-aedc-5b48b3dc78f2,M-1865,SESS-20260826-5098-0344,RENTAL_ACCRUAL,16,342,2026-08-26T23:40:00+08:00
fa5a4d83-1120-423f-8377-eae269e69842,M-1259,SESS-20260826-3215-0345,RENTAL_REDEMPTION,-400,1,2026-08-26T20:40:00+08:00
b0fc0dea-079b-411c-a472-be09b745ad37,M-1259,SESS-20260826-3215-0345,RENTAL_ACCRUAL,3,4,2026-08-27T01:40:00+08:00
a4937f70-7251-4313-b838-4d38cdb51042,M-1617,SESS-20260826-9675-0346,RENTAL_ACCRUAL,9,175,2026-08-26T23:05:00+08:00
caec1638-2a09-49f2-a161-5a3df3c3f37a,M-1859,SESS-20260826-7443-0347,RENTAL_REDEMPTION,-100,126,2026-08-26T23:45:00+08:00
0ab61c38-6b73-49e5-a33b-0124941710e3,M-1859,SESS-20260826-7443-0347,RENTAL_ACCRUAL,5,131,2026-08-27T01:45:00+08:00
b0b804ef-c04e-4365-8511-e1eeadf71c84,M-1034,SESS-20260826-6346-0348,RENTAL_ACCRUAL,18,561,2026-08-26T20:15:00+08:00
fa23f136-e734-47d3-94b7-9c0135950a27,M-2087,SESS-20260826-6810-0349,RENTAL_ACCRUAL,60,105,2026-08-26T21:30:00+08:00
ce40e409-18ad-41a1-b2ac-5bc641f4838e,M-2091,SESS-20260826-6420-0350,RENTAL_ACCRUAL,16,125,2026-08-26T21:15:00+08:00
746439c3-616c-47da-8a01-56b6418caf00,M-1723,SESS-20260826-9718-0351,RENTAL_ACCRUAL,5,791,2026-08-26T16:35:00+08:00
b77f9b5b-1d91-4b85-81dc-b6def7e24790,M-1459,SESS-20260826-8088-0352,RENTAL_ACCRUAL,28,91,2026-08-27T02:40:00+08:00
c7aff83d-109b-4ab1-90ae-41dacee5f184,M-1572,SESS-20260826-7394-0353,RENTAL_ACCRUAL,27,467,2026-08-26T18:05:00+08:00
3365f23b-63ab-473b-8f91-25b20d831bd0,M-1572,TIER_UPGRADE_Silver_TO_Gold,TIER_BONUS,100,567,2026-08-26T18:05:00+08:00
ff276a98-a82a-4693-93c0-7a97f69ec608,M-1609,SESS-20260826-2335-0354,RENTAL_ACCRUAL,28,810,2026-08-27T02:25:00+08:00
857ce67a-4aed-4b85-8916-ff483e271e8f,M-2108,SESS-20260826-2757-0355,RENTAL_ACCRUAL,5,265,2026-08-26T22:00:00+08:00
15ed142f-2a71-457f-affc-b5c97682368d,M-2076,SESS-20260826-7052-0356,RENTAL_ACCRUAL,28,349,2026-08-27T00:45:00+08:00
ebc7055b-bdcc-4a21-8d9c-0f9f3750f66f,M-1314,SESS-20260826-8934-0357,RENTAL_REDEMPTION,-200,368,2026-08-26T22:30:00+08:00
878b4447-63cf-4296-a9f2-c9001fddd87c,M-1314,SESS-20260826-8934-0357,RENTAL_ACCRUAL,5,373,2026-08-27T00:30:00+08:00
35b31b5e-80f8-45da-ba36-5745b168fac8,M-1471,SESS-20260826-6962-0358,RENTAL_ACCRUAL,28,61,2026-08-27T04:55:00+08:00
3c5979c8-c54b-4420-8602-be28157d5729,M-1533,SESS-20260826-5712-0359,RENTAL_ACCRUAL,6,183,2026-08-26T08:00:00+08:00
b2c037be-f17a-4561-bd4b-289c0defc637,M-1032,SESS-20260826-6532-0360,RENTAL_ACCRUAL,28,486,2026-08-27T02:40:00+08:00
735b0e96-1919-4da1-b080-b16803b94ed4,M-2074,SESS-20260826-8901-0361,RENTAL_ACCRUAL,5,221,2026-08-26T22:10:00+08:00
6eac6c4e-d868-49e9-a817-d59a82b78d2a,M-1635,SESS-20260826-9817-0362,RENTAL_ACCRUAL,40,163,2026-08-26T18:30:00+08:00
efc0d0eb-1113-4ec4-8ea1-9d128991f524,M-1655,SESS-20260826-1399-0363,RENTAL_ACCRUAL,72,276,2026-08-27T06:40:00+08:00
c452840f-171b-4220-92f2-c36e52fafbbe,M-1111,SESS-20260826-4192-0364,RENTAL_ACCRUAL,9,298,2026-08-26T18:25:00+08:00
da088b90-30e8-4b92-8a62-4e449a4aaa62,M-1187,SESS-20260826-8137-0365,RENTAL_REDEMPTION,-300,352,2026-08-26T19:25:00+08:00
1a018078-cb75-4eae-b913-7034a403df9d,M-1187,SESS-20260826-8137-0365,RENTAL_ACCRUAL,8,360,2026-08-26T21:25:00+08:00
25de33da-dce3-452a-9469-6353369b62c9,M-1148,SESS-20260826-5593-0366,RENTAL_ACCRUAL,16,136,2026-08-27T01:45:00+08:00
60a5cf16-7e59-41f6-a769-64b5304a86e1,M-1982,SESS-20260826-9307-0367,RENTAL_REDEMPTION,-100,1,2026-08-26T22:20:00+08:00
1d817266-829c-42d2-b42e-7c5c4e523f77,M-1982,SESS-20260826-9307-0367,RENTAL_ACCRUAL,35,36,2026-08-27T06:20:00+08:00
cbc3ab31-28d8-47b9-b756-068fe787c05e,M-1237,SESS-20260826-8248-0368,RENTAL_REDEMPTION,-200,336,2026-08-26T23:15:00+08:00
58aff12a-0db4-4f1e-9ed4-2229bca91ae7,M-1237,SESS-20260826-8248-0368,RENTAL_ACCRUAL,3,339,2026-08-27T02:15:00+08:00
a8158e5e-cc82-4323-ae31-a2ad2133d051,M-1404,SESS-20260826-8442-0369,RENTAL_ACCRUAL,5,332,2026-08-26T22:15:00+08:00
74786b07-7439-4cf1-8139-7aefe5568093,M-1011,SESS-20260826-6442-0370,RENTAL_REDEMPTION,-200,792,2026-08-26T22:30:00+08:00
05be4a00-1020-4d8a-b8eb-fc997ae2808b,M-1011,SESS-20260826-6442-0370,RENTAL_ACCRUAL,3,795,2026-08-27T01:30:00+08:00
5c309c7c-3e3b-4be9-8ee6-7eca500468a5,M-1384,SESS-20260826-6891-0371,RENTAL_ACCRUAL,14,1033,2026-08-26T22:30:00+08:00
f3e701f8-8160-4c8b-a57b-381f1bddbe45,M-1038,SESS-20260826-1464-0372,RENTAL_ACCRUAL,16,140,2026-08-26T21:45:00+08:00
c3bd9c56-a8b7-4597-a60d-fe4bf0d9a009,M-1235,SESS-20260826-1995-0373,RENTAL_ACCRUAL,12,64,2026-08-27T01:50:00+08:00
dc8d66a0-55ff-4101-a3ef-d06f8b6e5cc6,M-1510,SESS-20260826-6177-0374,RENTAL_ACCRUAL,9,475,2026-08-26T22:25:00+08:00
2df215ae-42da-468d-9906-568ff0e8b50f,M-1593,SESS-20260826-3436-0375,RENTAL_REDEMPTION,-100,4,2026-08-26T22:40:00+08:00
3230aec1-ea59-4354-b2ea-07db67878ecd,M-1593,SESS-20260826-3436-0375,RENTAL_ACCRUAL,20,24,2026-08-27T01:40:00+08:00
65045b06-3c34-4b6f-8460-0e6e991c57eb,M-1519,SESS-20260826-4654-0376,RENTAL_ACCRUAL,40,562,2026-08-26T19:45:00+08:00
9eba928a-2d58-42e9-b4d6-63533d1c65aa,M-1164,SESS-20260826-5761-0377,RENTAL_ACCRUAL,5,442,2026-08-26T21:30:00+08:00
fcedb946-1f59-4755-872a-d69ed06de7f0,M-2062,SESS-20260826-5681-0378,RENTAL_ACCRUAL,16,279,2026-08-26T22:45:00+08:00
0ce4c6fc-568e-4b7a-9320-1e5d1c708aff,M-1919,SESS-20260826-8867-0379,RENTAL_ACCRUAL,10,61,2026-08-26T22:45:00+08:00
19b8dc83-1cc3-482e-b5d3-15796af402ae,M-1405,SESS-20260826-8467-0380,RENTAL_REDEMPTION,-100,116,2026-08-26T19:55:00+08:00
9266b9ae-465d-4875-8024-7a4f84b4169d,M-1405,SESS-20260826-8467-0380,RENTAL_ACCRUAL,5,121,2026-08-26T21:55:00+08:00
e8407f5d-3dba-4c99-82a4-495ee4b929ae,M-1678,SESS-20260826-9987-0381,RENTAL_ACCRUAL,12,35,2026-08-26T22:05:00+08:00
f83a10fe-5a74-4227-8dc7-a9835bf83938,M-1110,SESS-20260826-8909-0382,RENTAL_ACCRUAL,18,302,2026-08-26T22:45:00+08:00
8ac22e8b-a6ca-4866-b3ae-010b23ea87d2,M-1110,TIER_UPGRADE_Silver_TO_Gold,TIER_BONUS,100,402,2026-08-26T22:45:00+08:00
50d8b934-e323-4de1-97e1-78896abe3690,M-1708,SESS-20260826-7098-0383,RENTAL_ACCRUAL,12,311,2026-08-27T01:55:00+08:00
8b1b3349-ff30-4e85-888e-cc2e960b0d72,M-1056,SESS-20260826-2245-0384,RENTAL_ACCRUAL,5,223,2026-08-26T23:50:00+08:00
63f88f16-a683-4b38-83a5-5224bc1bb3d9,M-1052,SESS-20260826-9092-0385,RENTAL_ACCRUAL,11,533,2026-08-26T23:40:00+08:00
652e47f5-86aa-4f3c-9122-79e581215409,M-1877,SESS-20260826-3049-0386,RENTAL_ACCRUAL,45,352,2026-08-27T06:10:00+08:00
850cb6e8-a2a2-4cea-8d4a-68b1670c024e,M-1304,SESS-20260826-6636-0387,RENTAL_ACCRUAL,45,441,2026-08-27T03:10:00+08:00
4523fc9d-5193-419c-8bff-6705cb1b3893,M-1816,SESS-20260826-1535-0388,RENTAL_ACCRUAL,27,257,2026-08-26T20:15:00+08:00
0369cb38-c921-40bb-b330-468e58d4c010,M-1654,SESS-20260826-5577-0389,RENTAL_ACCRUAL,28,104,2026-08-27T03:20:00+08:00
a85884c9-5482-496d-ae7b-4d43ec13a8a8,M-2022,SESS-20260826-6444-0390,RENTAL_ACCRUAL,15,243,2026-08-27T01:15:00+08:00
fe87b20b-0b65-492c-9744-b49f38f3d27f,M-1002,SESS-20260826-1616-0391,RENTAL_ACCRUAL,18,466,2026-08-27T01:15:00+08:00
675241b1-5d72-4d00-8df8-bfb28a082883,M-2153,SESS-20260826-4138-0392,RENTAL_ACCRUAL,8,271,2026-08-27T00:30:00+08:00
261702ed-1282-4b70-b30f-bdb118c9fc35,M-1160,SESS-20260826-9986-0393,RENTAL_ACCRUAL,11,425,2026-08-26T23:35:00+08:00
4fcaa0bd-129b-475e-8041-2741f7ec31e6,M-1462,SESS-20260826-4568-0394,RENTAL_ACCRUAL,9,348,2026-08-26T20:15:00+08:00
d9fcaaef-6572-4614-beba-ae5fb6905e43,M-1359,SESS-20260826-7456-0395,RENTAL_REDEMPTION,-300,694,2026-08-26T22:05:00+08:00
c73a7d6f-3f0f-4294-8eba-6cc31406cb9b,M-1359,SESS-20260826-7456-0395,RENTAL_ACCRUAL,25,719,2026-08-27T06:05:00+08:00
cc528946-a872-4819-8135-d02e442f67fb,M-2002,SESS-20260826-3786-0396,RENTAL_ACCRUAL,11,90,2026-08-27T00:50:00+08:00
cc13d248-342a-4d0f-8f40-c4f85f5b7a38,M-1705,SESS-20260826-1697-0397,RENTAL_ACCRUAL,13,230,2026-08-26T19:50:00+08:00
c44207e9-be72-4207-978c-fa5f5c96ca9d,M-1372,SESS-20260826-8957-0398,RENTAL_ACCRUAL,5,88,2026-08-26T23:05:00+08:00
530c88fc-3c61-40a9-ae68-92893e8d5999,M-1180,SESS-20260826-5987-0399,RENTAL_ACCRUAL,6,343,2026-08-27T00:40:00+08:00
d073f898-2173-4083-9a0e-baab871eaae9,M-1129,SESS-20260826-4551-0400,RENTAL_REDEMPTION,-200,924,2026-08-26T22:00:00+08:00
2996e86b-2d83-466a-96a2-1e84826b8d41,M-1129,SESS-20260826-4551-0400,RENTAL_ACCRUAL,4,928,2026-08-27T00:00:00+08:00
bfe75505-809e-45e3-a15b-cd8b98d39162,M-1589,SESS-20260826-1518-0401,RENTAL_ACCRUAL,45,132,2026-08-27T05:30:00+08:00
a5d1cb4c-3cda-4899-aaf7-988f9615b5a8,M-1786,SESS-20260826-5199-0402,RENTAL_ACCRUAL,18,120,2026-08-26T17:20:00+08:00
d8feeb83-ac66-43b4-a796-9e9eb2de5936,M-2102,SESS-20260826-2408-0403,RENTAL_ACCRUAL,64,128,2026-08-27T02:40:00+08:00
05144825-16e7-4dd2-ba5f-5f45353df6ab,M-1984,SESS-20260826-5642-0404,RENTAL_ACCRUAL,27,210,2026-08-26T22:30:00+08:00
de5c3fae-003a-490b-9731-d4c09faa54cb,M-2168,SESS-20260826-7688-0405,RENTAL_ACCRUAL,15,131,2026-08-27T02:10:00+08:00
59bd82d2-7460-459a-a6b4-1aab4d6fdc97,M-1768,SESS-20260826-4431-0406,RENTAL_ACCRUAL,18,246,2026-08-27T01:15:00+08:00
454f316f-2bfd-49ce-90d5-b5e0502d7630,M-1493,SESS-20260826-8655-0407,RENTAL_REDEMPTION,-100,300,2026-08-26T22:35:00+08:00
b9c319cd-8a83-4b89-bf0c-81ff1126d90b,M-1493,SESS-20260826-8655-0407,RENTAL_ACCRUAL,20,320,2026-08-27T00:35:00+08:00
8a0db499-9e20-486e-a72a-37d268cacdc7,M-1060,SESS-20260826-3691-0408,RENTAL_ACCRUAL,9,72,2026-08-26T19:45:00+08:00
b5c42a53-8991-45ab-926f-47ca4dff8b10,M-1122,SESS-20260826-5484-0409,RENTAL_REDEMPTION,-100,142,2026-08-26T22:20:00+08:00
ce2c139a-f4fe-4aa4-8cff-fdf870e45cbf,M-1122,SESS-20260826-5484-0409,RENTAL_ACCRUAL,10,152,2026-08-27T01:20:00+08:00
fa16e87e-2467-4dab-abb7-3676f04b2a05,M-1319,SESS-20260826-1410-0410,RENTAL_REDEMPTION,-100,40,2026-08-26T22:20:00+08:00
a39e3a91-a121-4c3e-a721-73ba1457c2b2,M-1319,SESS-20260826-1410-0410,RENTAL_ACCRUAL,21,61,2026-08-27T03:20:00+08:00
7ee7aaf6-1a5f-42a4-a821-6beb96442484,M-2053,SESS-20260826-1343-0411,RENTAL_REDEMPTION,-100,464,2026-08-26T23:35:00+08:00
b2d4973a-eba9-4060-b6fc-0be55c7363df,M-2053,SESS-20260826-1343-0411,RENTAL_ACCRUAL,11,475,2026-08-27T01:35:00+08:00
c0f8e78d-16a7-44b1-a421-a2644bc7e2ec,M-1633,SESS-20260826-8546-0412,RENTAL_ACCRUAL,11,127,2026-08-27T01:30:00+08:00
138dc7c8-c823-4613-a71f-1a0f898ce688,M-1638,SESS-20260826-3155-0413,RENTAL_ACCRUAL,5,579,2026-08-26T22:55:00+08:00
4474d4f6-c1d9-4218-ba90-aacaf1a99afa,M-1730,SESS-20260826-6459-0414,RENTAL_ACCRUAL,18,320,2026-08-26T21:00:00+08:00
86a57974-e5fd-483c-95c6-4b58f1901039,M-2185,SESS-20260826-9100-0415,RENTAL_ACCRUAL,40,146,2026-08-27T04:05:00+08:00
a0d46ba3-b72a-423a-8ddf-27ec2acf334e,M-1793,SESS-20260826-5730-0416,RENTAL_ACCRUAL,43,1310,2026-08-27T00:30:00+08:00
146e6461-a97f-4cde-9e94-64de7042ec2b,M-2115,SESS-20260826-8234-0417,RENTAL_ACCRUAL,18,208,2026-08-27T01:45:00+08:00
8b8b9879-0df3-4256-a4b1-cc58300f6566,M-1426,SESS-20260826-7009-0418,RENTAL_ACCRUAL,28,1260,2026-08-26T23:40:00+08:00
460ab648-16f0-4a52-ad9c-ecf8797002e3,M-1595,SESS-20260826-4985-0419,RENTAL_ACCRUAL,13,154,2026-08-27T00:45:00+08:00
47dfb4a4-5538-4088-a1fa-24282d69d4c5,M-1641,SESS-20260826-7715-0420,RENTAL_REDEMPTION,-200,133,2026-08-26T23:05:00+08:00
1c2bcd27-1319-4367-8985-d1ae04dd9552,M-1641,SESS-20260826-7715-0420,RENTAL_ACCRUAL,4,137,2026-08-27T02:05:00+08:00
9d0c7c46-dacf-483d-96d5-8e0994006069,M-1386,SESS-20260826-3713-0421,RENTAL_ACCRUAL,28,549,2026-08-26T23:00:00+08:00
1bdc0cc5-1a63-4341-83f2-2a0e323ed2f9,M-1366,SESS-20260826-1526-0422,RENTAL_ACCRUAL,13,794,2026-08-26T21:20:00+08:00
ccccca2a-41b2-4e0c-9ec1-f300bef18c50,M-2179,SESS-20260826-9991-0423,RENTAL_ACCRUAL,36,311,2026-08-26T22:00:00+08:00
03c17dc3-0ae4-4efe-8ec8-cc9196c37b35,M-2055,SESS-20260826-6769-0424,RENTAL_ACCRUAL,27,389,2026-08-26T23:30:00+08:00
1d9b0c71-66e4-4154-b432-973fde5163fa,M-1362,SESS-20260826-4050-0425,RENTAL_ACCRUAL,11,373,2026-08-27T01:25:00+08:00
e9e60063-4185-4cca-a780-f7b92d82b5a8,M-1725,SESS-20260826-6118-0426,RENTAL_ACCRUAL,27,90,2026-08-26T17:45:00+08:00
77f7814c-96c8-48d1-8a78-0868c0ca32d7,M-1601,SESS-20260826-5943-0427,RENTAL_ACCRUAL,16,106,2026-08-27T01:45:00+08:00
735f5b2a-7dde-4879-b48b-881bd78b4438,M-1743,SESS-20260826-4248-0428,RENTAL_ACCRUAL,18,413,2026-08-27T02:50:00+08:00
6688e14d-eb9c-4aee-a599-89f87a39cfcc,M-1897,SESS-20260826-6978-0429,RENTAL_REDEMPTION,-100,366,2026-08-26T18:45:00+08:00
c86f42d5-3e26-4b42-b78f-9ea491f9e6b8,M-1897,SESS-20260826-6978-0429,RENTAL_ACCRUAL,11,377,2026-08-26T20:45:00+08:00
5f6fa7b5-1cdf-4fde-bd81-f3b5fd14c89a,M-1739,SESS-20260826-7528-0430,RENTAL_ACCRUAL,11,153,2026-08-27T00:00:00+08:00
9d460ae1-e85c-45d0-91a5-9d962c87541c,M-1370,SESS-20260826-3505-0431,RENTAL_ACCRUAL,11,755,2026-08-27T01:55:00+08:00
c987b819-9abd-443b-a805-d1d4092b169a,M-1250,SESS-20260826-4214-0432,RENTAL_REDEMPTION,-100,10,2026-08-26T23:15:00+08:00
9ec39721-ec64-49b8-acb7-00e5ae2dbd3d,M-1250,SESS-20260826-4214-0432,RENTAL_ACCRUAL,20,30,2026-08-27T02:15:00+08:00
b20608f7-a0ea-4530-8e14-776ca9e3cc12,M-1087,SESS-20260826-7098-0433,RENTAL_ACCRUAL,30,1382,2026-08-27T04:55:00+08:00
16c97797-288c-4478-9bad-9a62e48cc759,M-2131,SESS-20260826-3076-0434,RENTAL_ACCRUAL,24,121,2026-08-26T21:55:00+08:00
e71a9fc5-08ba-4528-b438-29e6182ed89f,M-1145,SESS-20260826-7341-0435,RENTAL_REDEMPTION,-100,213,2026-08-26T21:00:00+08:00
7e022662-447f-4e53-a0a9-7c8155107e86,M-1145,SESS-20260826-7341-0435,RENTAL_ACCRUAL,2,215,2026-08-26T22:00:00+08:00
27afa781-5cca-48dc-a396-5ec7be643cf1,M-1168,SESS-20260826-7025-0436,RENTAL_ACCRUAL,16,435,2026-08-27T01:40:00+08:00
d1618c56-2450-4f7e-8f92-8530d89a558e,M-1342,SESS-20260826-1260-0437,RENTAL_ACCRUAL,16,137,2026-08-27T00:40:00+08:00
2da97787-0c70-4fd4-a792-102c9a6314e9,M-1328,SESS-20260826-5669-0438,RENTAL_ACCRUAL,18,315,2026-08-26T22:30:00+08:00
da54c3ee-17e8-4697-bebf-f64fa2499d74,M-2093,SESS-20260826-8377-0439,RENTAL_ACCRUAL,16,87,2026-08-27T00:45:00+08:00
4eede4e0-979f-4d49-af21-e5c3b105776b,M-1581,SESS-20260826-9144-0440,RENTAL_ACCRUAL,19,118,2026-08-26T17:30:00+08:00
d6dbfb1b-7b11-4560-a1dd-8b479e215ebd,M-1527,SESS-20260826-2744-0441,RENTAL_ACCRUAL,13,913,2026-08-26T23:35:00+08:00
b900f8f4-110f-4873-acb3-aa5dc7d8833c,M-1523,SESS-20260826-4997-0442,RENTAL_REDEMPTION,-100,298,2026-08-26T23:00:00+08:00
fd349a04-e019-4af2-91be-da6ad946dd81,M-1523,SESS-20260826-4997-0442,RENTAL_ACCRUAL,10,308,2026-08-27T02:00:00+08:00
0c014457-9be7-44a6-b3fc-3596536be541,M-1477,SESS-20260826-3137-0443,RENTAL_ACCRUAL,5,289,2026-08-26T20:10:00+08:00
d1fe0aca-205d-4abb-be40-55e29a67918b,M-1937,SESS-20260826-6025-0444,RENTAL_ACCRUAL,8,59,2026-08-26T20:45:00+08:00
37d8bafe-1646-44b8-9e70-6537696c25a0,M-1252,SESS-20260826-2888-0445,RENTAL_REDEMPTION,-100,87,2026-08-26T22:00:00+08:00
32217d86-a914-48f2-8756-47e71e3aa578,M-1252,SESS-20260826-2888-0445,RENTAL_ACCRUAL,6,93,2026-08-26T23:00:00+08:00
a5b44ae5-a487-4c4e-8ece-960c95837634,M-1706,SESS-20260826-4528-0446,RENTAL_ACCRUAL,19,235,2026-08-27T01:15:00+08:00
3b6dbcda-81cb-4898-a947-363932371676,M-1665,SESS-20260826-7482-0447,RENTAL_ACCRUAL,43,201,2026-08-26T20:45:00+08:00
98d57959-c8da-4a57-bd4c-1875df86f51f,M-1722,SESS-20260826-6460-0448,RENTAL_ACCRUAL,6,808,2026-08-27T00:55:00+08:00
d6ae226d-0914-49ca-a0c9-9c026c2334bd,M-1053,SESS-20260826-7268-0449,RENTAL_ACCRUAL,13,497,2026-08-26T23:10:00+08:00
010ce580-7b43-48f9-8b91-4fa34ebeab15,M-1691,SESS-20260826-8704-0450,RENTAL_ACCRUAL,27,768,2026-08-26T23:55:00+08:00
ac9222a8-7c2e-4046-a308-f57a2c04972c,M-1213,SESS-20260826-8613-0451,RENTAL_ACCRUAL,18,340,2026-08-27T00:55:00+08:00
41950c0d-6938-4747-a863-792def1f1f8c,M-1606,SESS-20260826-9765-0452,RENTAL_ACCRUAL,14,484,2026-08-27T00:00:00+08:00
a832d095-cf2b-460f-b240-644897ac4cd4,M-1668,SESS-20260826-7949-0453,RENTAL_ACCRUAL,13,189,2026-08-27T00:20:00+08:00
d8d14801-ba4c-4bb4-bfac-c2e0a99da9b6,M-1637,SESS-20260826-9598-0454,RENTAL_REDEMPTION,-100,1361,2026-08-26T20:30:00+08:00
d744bbd1-e5ac-468a-a321-8c5fe9fed324,M-1637,SESS-20260826-9598-0454,RENTAL_ACCRUAL,2,1363,2026-08-26T21:30:00+08:00
a850e1f5-4d06-4c19-b7fa-64166edf7a0d,M-1177,SESS-20260826-1380-0455,RENTAL_REDEMPTION,-100,280,2026-08-26T21:35:00+08:00
f716469f-43cd-479a-8c1c-e162d1fa0e77,M-1177,SESS-20260826-1380-0455,RENTAL_ACCRUAL,20,300,2026-08-26T23:35:00+08:00
972ce56b-f4e7-48c0-ab90-fb411f7ca2c8,M-1541,SESS-20260826-6125-0456,RENTAL_ACCRUAL,28,315,2026-08-27T02:40:00+08:00
68b2368f-b66b-4552-9b77-a50506159209,M-1671,SESS-20260826-2264-0457,RENTAL_ACCRUAL,40,479,2026-08-27T02:15:00+08:00
204445df-c080-4926-94d7-a72b1bdfe8bb,M-1395,SESS-20260826-8082-0458,RENTAL_ACCRUAL,11,119,2026-08-26T22:15:00+08:00
a9eb7ed6-88f8-4cd0-87bf-b57c19b80ae7,M-1692,SESS-20260826-1751-0459,RENTAL_ACCRUAL,19,2183,2026-08-26T19:40:00+08:00
dab55e20-2325-444c-9173-0186108d751a,M-2049,SESS-20260826-3600-0460,RENTAL_ACCRUAL,11,137,2026-08-27T01:50:00+08:00
7b1931a8-6d67-407b-b528-2d314f09a768,M-2114,SESS-20260826-2717-0461,RENTAL_ACCRUAL,16,341,2026-08-27T01:15:00+08:00
10ef4de8-cdd6-4332-993b-d9e425c8da32,M-1871,SESS-20260826-6273-0462,RENTAL_ACCRUAL,60,264,2026-08-27T04:45:00+08:00
ef4d0369-0730-41ab-8963-265341e749e2,M-1552,SESS-20260826-4233-0463,RENTAL_ACCRUAL,45,121,2026-08-26T23:00:00+08:00
dd46ff83-93ab-4eca-b8fb-8a65d79a764b,M-1844,SESS-20260826-1430-0464,RENTAL_ACCRUAL,16,257,2026-08-26T21:50:00+08:00
8265e097-f48f-4bf2-8e47-857be6a98798,M-1153,SESS-20260826-7115-0465,RENTAL_ACCRUAL,27,494,2026-08-26T22:30:00+08:00
13f8e04b-d60c-4dac-b242-b40603d58c3b,M-1813,SESS-20260826-7280-0466,RENTAL_REDEMPTION,-200,69,2026-08-26T19:50:00+08:00
7d13f412-b85d-4766-8bad-40e5868916e8,M-1813,SESS-20260826-7280-0466,RENTAL_ACCRUAL,4,73,2026-08-26T21:50:00+08:00
94405522-a5db-43be-a113-e24aa35e14cf,M-1893,SESS-20260826-2324-0467,RENTAL_ACCRUAL,64,266,2026-08-27T05:35:00+08:00
6b53208e-0aee-4927-9f31-bb6edde1a045,M-1893,TIER_UPGRADE_Standard_TO_Silver,TIER_BONUS,50,316,2026-08-27T05:35:00+08:00
eaddb244-8eed-40e2-b031-d950a5986b77,M-1717,SESS-20260826-9512-0468,RENTAL_ACCRUAL,43,804,2026-08-27T00:00:00+08:00
a3b13b50-f51a-4806-91e9-f6b1d22c2dfb,M-1928,SESS-20260826-3672-0469,RENTAL_ACCRUAL,13,165,2026-08-26T23:40:00+08:00
c67f206f-0a93-460d-8058-669f7e6ea562,M-1720,SESS-20260826-8002-0470,RENTAL_ACCRUAL,48,538,2026-08-27T03:30:00+08:00
926e14c0-8dcc-431b-a94c-6c3798dc7c98,M-1675,SESS-20260826-1347-0471,RENTAL_ACCRUAL,12,2277,2026-08-26T19:35:00+08:00
0984e25f-0336-4c0c-a37d-d40cb4148430,M-1327,SESS-20260826-7868-0472,RENTAL_REDEMPTION,-100,1830,2026-08-26T23:45:00+08:00
5032ee37-1f61-4839-9e24-15bbe1c574b5,M-1327,SESS-20260826-7868-0472,RENTAL_ACCRUAL,6,1836,2026-08-27T00:45:00+08:00
ddee955d-edfb-4e3d-91ee-dafc20f963a4,M-1873,SESS-20260826-4934-0473,RENTAL_ACCRUAL,40,164,2026-08-27T02:55:00+08:00
f96cd653-aebd-4946-ae9a-e6214286c145,M-1769,SESS-20260826-7577-0474,RENTAL_ACCRUAL,11,349,2026-08-26T21:40:00+08:00
1925650f-7076-4b5a-934e-18901e0e5b32,M-1547,SESS-20260826-8787-0475,RENTAL_ACCRUAL,9,625,2026-08-27T00:35:00+08:00
eae104b3-6528-4dee-a9cb-be3161d9ce19,M-1659,SESS-20260826-1534-0476,RENTAL_ACCRUAL,27,221,2026-08-27T00:00:00+08:00
9799b526-3006-4b30-8ced-443c6cf7cacd,M-1933,SESS-20260826-3170-0477,RENTAL_ACCRUAL,10,167,2026-08-27T00:45:00+08:00
306eed78-e28b-43e0-9b39-a7f916aa0c54,M-2186,SESS-20260826-4240-0478,RENTAL_REDEMPTION,-100,269,2026-08-26T22:05:00+08:00
bd393bec-30b2-4590-8332-0260ac84a716,M-2186,SESS-20260826-4240-0478,RENTAL_ACCRUAL,11,280,2026-08-27T00:05:00+08:00
e5e162b4-cb39-41e5-8c46-2c1d14fb24e6,M-1526,SESS-20260826-1652-0479,RENTAL_REDEMPTION,-100,1112,2026-08-26T23:15:00+08:00
997a6711-5c42-4fa1-8812-00543b038906,M-1526,SESS-20260826-1652-0479,RENTAL_ACCRUAL,4,1116,2026-08-27T01:15:00+08:00
fb466026-3916-463c-a292-74339b0eb595,M-1689,SESS-20260826-8256-0480,RENTAL_ACCRUAL,28,394,2026-08-26T23:25:00+08:00
c806b30f-34dc-4176-90ed-2915478e092d,M-2171,SESS-20260826-6176-0481,RENTAL_ACCRUAL,11,159,2026-08-26T23:50:00+08:00
fd6372f2-a5fc-4225-a32c-96e4e035dec8,M-1461,SESS-20260826-4495-0482,RENTAL_ACCRUAL,28,468,2026-08-26T14:30:00+08:00
989ec31e-7f24-409d-82f5-739d2608d47b,M-1041,SESS-20260826-9763-0483,RENTAL_ACCRUAL,28,950,2026-08-27T01:35:00+08:00
38803e61-30d7-4336-81a5-79abb730b0a6,M-2156,SESS-20260826-7249-0484,RENTAL_ACCRUAL,24,85,2026-08-27T01:50:00+08:00
931c2e9c-0ecd-4fc0-a320-fe39cd368dda,M-1455,SESS-20260826-7820-0485,RENTAL_ACCRUAL,16,430,2026-08-27T02:55:00+08:00
65d4c4c8-02f1-417c-93c7-28be78a81817,M-2048,SESS-20260826-3290-0486,RENTAL_ACCRUAL,16,97,2026-08-26T23:55:00+08:00
d30bed0e-a997-489b-99d1-aa69b29a206a,M-1029,SESS-20260826-2623-0487,RENTAL_ACCRUAL,18,626,2026-08-26T17:45:00+08:00
490c291f-b38a-4200-a453-b39bd573b74b,M-1782,SESS-20260826-7330-0488,RENTAL_ACCRUAL,28,518,2026-08-27T02:05:00+08:00
57aa10b9-d8b1-4ef2-a6c8-2e0d91817a43,M-1447,SESS-20260826-2366-0489,RENTAL_ACCRUAL,28,141,2026-08-26T22:50:00+08:00
95590f5f-b2eb-46f4-9f2b-fd412cd64d45,M-1163,SESS-20260826-8955-0490,RENTAL_ACCRUAL,11,212,2026-08-27T01:00:00+08:00
2d488e5e-5283-43cb-a7e1-4f9e080c4c20,M-1512,ORD-20260826-2516-0001,CONCESSION_ACCRUAL,18,657,2026-08-26T03:08:12+08:00
4c1a0190-602b-4755-951a-270b28b353eb,M-1455,ORD-20260827-5914-0002,CONCESSION_ACCRUAL,11,441,2026-08-27T01:42:19+08:00
8af152be-38d2-4df7-ab6c-7d534218b7a0,M-1412,ORD-20260826-1443-0003,CONCESSION_ACCRUAL,22,640,2026-08-26T19:24:49+08:00
35f516cd-1de6-463a-91e5-fd7f96bf74c0,M-1591,ORD-20260827-3167-0004,CONCESSION_ACCRUAL,13,1791,2026-08-27T00:18:26+08:00
1127310a-07e5-490c-a0d3-e0238b2a466e,M-1851,ORD-20260826-5907-0005,CONCESSION_ACCRUAL,11,85,2026-08-26T19:08:46+08:00
4f6c87e6-7b81-4df4-9360-0c0b5533ff44,M-1143,ORD-20260826-4065-0006,CONCESSION_ACCRUAL,20,4219,2026-08-26T22:17:59+08:00
8dc9e222-35f1-414a-a3da-3b787e084514,M-1465,ORD-20260826-2527-0007,CONCESSION_ACCRUAL,12,845,2026-08-26T21:12:22+08:00
166339c5-afed-431d-9a8b-dc042fca4f6a,M-1222,ORD-20260826-1525-0008,CONCESSION_ACCRUAL,14,877,2026-08-26T13:58:33+08:00
b52b879d-e155-4941-a981-9528a7f8ecf8,M-1222,TIER_UPGRADE_Silver_TO_Gold,TIER_BONUS,100,977,2026-08-26T13:58:33+08:00
c72302ac-599e-4a59-b810-16ff06c12346,M-1148,ORD-20260826-6754-0009,CONCESSION_ACCRUAL,8,144,2026-08-26T23:17:11+08:00
19754f55-a3a4-4ca8-bb79-cc6ec9963c28,M-1523,ORD-20260826-1989-0010,CONCESSION_ACCRUAL,20,328,2026-08-26T12:23:00+08:00
abe80fc9-5b15-43b7-869e-4ced0b102d39,M-1527,ORD-20260826-9008-0011,CONCESSION_ACCRUAL,16,929,2026-08-26T09:54:08+08:00
de3717f3-4bc1-494a-b14b-eac7519ea9d5,M-1404,ORD-20260826-4802-0012,CONCESSION_ACCRUAL,21,353,2026-08-26T13:52:05+08:00
a0085db3-3f62-4ddb-9f93-b7ea3d8f8be2,M-2063,ORD-20260827-1882-0013,CONCESSION_ACCRUAL,15,258,2026-08-27T01:28:31+08:00
74b9f508-a0d4-4bfb-9620-72e35fc163e0,M-1147,ORD-20260827-4153-0014,CONCESSION_ACCRUAL,18,168,2026-08-27T04:20:55+08:00
3629bca4-8473-44d3-acd3-759e4e646612,M-1111,ORD-20260826-8771-0015,CONCESSION_ACCRUAL,42,340,2026-08-26T17:48:47+08:00
a560920c-141d-4a67-bc31-708eeacb23cd,M-1111,TIER_UPGRADE_Silver_TO_Gold,TIER_BONUS,100,440,2026-08-26T17:48:47+08:00
f137aed8-858c-48f6-805c-06c6802b82f5,M-2136,ORD-20260826-2097-0016,CONCESSION_ACCRUAL,17,169,2026-08-26T22:18:43+08:00
7dfae052-fe91-4d7c-8536-da267ff40a27,M-1769,ORD-20260826-4868-0017,CONCESSION_ACCRUAL,8,357,2026-08-26T20:53:43+08:00
b277f5c9-5660-433a-8e0c-421c89066524,M-2093,ORD-20260826-7900-0018,CONCESSION_ACCRUAL,8,95,2026-08-26T23:46:21+08:00
151aa56c-e8bb-437c-a7ae-83d3699f2a70,M-1612,ORD-20260826-6477-0019,CONCESSION_ACCRUAL,30,528,2026-08-26T19:26:15+08:00
486714e1-5642-4b4e-929b-58bf4a038317,M-1589,ORD-20260827-4889-0020,CONCESSION_ACCRUAL,27,159,2026-08-27T04:10:30+08:00
61816efc-f9a2-400c-9123-271f1b744de5,M-1414,ORD-20260826-1348-0021,CONCESSION_ACCRUAL,4,480,2026-08-26T22:45:41+08:00
d7ced305-e977-461a-876e-80d89e906c14,M-1309,ORD-20260826-2933-0022,CONCESSION_ACCRUAL,3,37,2026-08-26T14:56:53+08:00
4a46dbb5-7270-4088-8e6d-658b82a064ad,M-1428,ORD-20260826-8574-0023,CONCESSION_ACCRUAL,8,165,2026-08-26T08:57:47+08:00
dc71a6af-7521-46f7-9100-d70920dee7c1,M-1110,ORD-20260826-8915-0024,CONCESSION_ACCRUAL,13,415,2026-08-26T21:58:51+08:00
7d447c7d-bee2-4218-b4b5-a6d43e530828,M-1777,ORD-20260827-9108-0025,CONCESSION_ACCRUAL,12,165,2026-08-27T01:21:46+08:00
f3e56db6-ef8e-4e26-9780-ad4f4034f11f,M-2191,ORD-20260826-8952-0026,CONCESSION_ACCRUAL,11,575,2026-08-26T16:41:08+08:00
ed3cadf8-687c-49f4-a90b-d9da06b15f45,M-2053,ORD-20260827-6923-0027,CONCESSION_ACCRUAL,10,485,2026-08-27T01:32:01+08:00
441d31eb-b976-4788-8394-f4c7c18f4171,M-1185,ORD-20260826-4138-0028,CONCESSION_ACCRUAL,28,394,2026-08-26T21:38:31+08:00
ff8d4a45-c358-489f-ba85-6457e7688b99,M-2176,ORD-20260826-3346-0029,CONCESSION_ACCRUAL,20,177,2026-08-26T22:22:15+08:00
4c040c00-e8f7-4121-993c-6b894f135530,M-2060,ORD-20260826-7554-0030,CONCESSION_ACCRUAL,9,186,2026-08-26T14:39:32+08:00
244ce130-d640-4177-8f7e-07146f85a460,M-1865,ORD-20260826-4638-0031,CONCESSION_ACCRUAL,24,366,2026-08-26T21:53:33+08:00
c516e77d-6a9c-4751-9cb1-beeea6eb5422,M-1881,ORD-20260826-8501-0032,CONCESSION_ACCRUAL,26,204,2026-08-26T23:40:51+08:00
199d9779-01d8-4d78-b012-f6749624ee9c,M-1005,ORD-20260826-5222-0033,CONCESSION_ACCRUAL,21,170,2026-08-26T14:56:42+08:00
f4f79ec5-4f8b-486e-b3da-37b58ecba5cf,M-1720,ORD-20260826-8527-0034,CONCESSION_ACCRUAL,12,550,2026-08-26T23:10:32+08:00
04d67bf1-3570-489f-bab4-8699c0bfc2d9,M-1748,ORD-20260826-4750-0035,CONCESSION_ACCRUAL,14,777,2026-08-26T11:17:11+08:00
ec632bac-9fa5-4bac-a8cd-0e46d41b47ed,M-1115,ORD-20260827-3082-0036,CONCESSION_ACCRUAL,16,231,2026-08-27T02:39:45+08:00
15baead3-1c4f-4bec-baff-f4c67c52b569,M-1564,ORD-20260826-9142-0037,CONCESSION_ACCRUAL,13,534,2026-08-26T23:45:31+08:00
910ed428-dd83-43bd-bce3-b8d1314e286f,M-1630,ORD-20260827-9478-0038,CONCESSION_ACCRUAL,4,674,2026-08-27T00:32:49+08:00
0bc9a873-4341-49ea-8d75-287a23c0621c,M-1934,ORD-20260826-1534-0039,CONCESSION_ACCRUAL,26,569,2026-08-26T13:42:55+08:00
a8ff50e8-444d-408c-be74-4b153f082011,M-1681,ORD-20260826-3464-0040,CONCESSION_ACCRUAL,10,167,2026-08-26T18:17:56+08:00
fff0f268-063f-49b9-9a85-bdff86891c42,M-2156,ORD-20260826-2907-0041,CONCESSION_ACCRUAL,18,103,2026-08-26T20:44:28+08:00
a99de85e-f3b5-4631-9635-bef0cdf3c5f5,M-1654,ORD-20260827-6918-0042,CONCESSION_ACCRUAL,22,126,2026-08-27T01:15:13+08:00
86fad63f-792c-4bb0-9e71-2e090cfc22bd,M-1029,ORD-20260826-7144-0043,CONCESSION_ACCRUAL,9,635,2026-08-26T16:20:18+08:00
3c9262e8-0460-4937-932c-f7b83c7f94d3,M-1235,ORD-20260826-6477-0044,CONCESSION_ACCRUAL,11,75,2026-08-26T20:31:56+08:00
6530747d-5b44-4e57-97a5-20ac2e59bbfa,M-1942,ORD-20260826-9895-0045,CONCESSION_ACCRUAL,11,86,2026-08-26T22:59:23+08:00
7cde9400-4fde-422e-9544-898c54909a15,M-2159,ORD-20260826-8949-0046,CONCESSION_ACCRUAL,50,250,2026-08-26T19:31:57+08:00
b7f599b5-9565-4288-8e66-891e3fe068cf,M-1189,ORD-20260826-3135-0047,CONCESSION_ACCRUAL,8,603,2026-08-26T22:20:12+08:00
890214aa-37e6-4775-9610-4b66852dafde,M-1040,ORD-20260826-6377-0048,CONCESSION_ACCRUAL,13,815,2026-08-26T21:43:03+08:00
48a2e161-d799-4c30-8d8a-d2d18e38de70,M-1782,ORD-20260827-4578-0049,CONCESSION_ACCRUAL,9,527,2026-08-27T01:16:49+08:00
be55bb91-cf2b-4e36-8ef8-44b68a49fb41,M-1730,ORD-20260826-5783-0050,CONCESSION_ACCRUAL,8,328,2026-08-26T20:42:02+08:00
104ea1d5-6277-4fa2-a218-34a9ec98e82e,M-1695,ORD-20260826-3343-0051,CONCESSION_ACCRUAL,15,92,2026-08-26T22:31:55+08:00
352c928b-1a9f-43c6-bd78-281ae2b72f0c,M-1844,ORD-20260826-5916-0052,CONCESSION_ACCRUAL,14,271,2026-08-26T21:40:28+08:00
60b22cb2-b1ed-4e0d-8126-2d5fdc9b0e85,M-1968,ORD-20260826-4702-0053,CONCESSION_ACCRUAL,23,325,2026-08-26T13:21:39+08:00
c2d21f2b-dad5-4774-abb3-d84367da1d47,M-1781,ORD-20260826-4484-0054,CONCESSION_ACCRUAL,27,3674,2026-08-26T08:57:47+08:00
ed503f4d-244b-47f2-991a-5d445b82aaae,M-1318,ORD-20260826-5942-0055,CONCESSION_ACCRUAL,13,333,2026-08-26T21:55:31+08:00
bf58cbf3-9e19-4805-8771-4084f364971e,M-1041,ORD-20260827-9740-0056,CONCESSION_ACCRUAL,13,963,2026-08-27T00:25:47+08:00
1593faab-592d-4215-ae4f-93f8417cb553,M-1977,ORD-20260827-3402-0057,CONCESSION_ACCRUAL,47,323,2026-08-27T01:08:28+08:00
cecb11df-a138-4514-84dd-9b754d2924ea,M-1177,ORD-20260826-4113-0058,CONCESSION_ACCRUAL,15,315,2026-08-26T10:52:14+08:00
0403576f-522e-491b-9f5e-468f1fa44ee7,M-1419,ORD-20260826-5239-0059,CONCESSION_ACCRUAL,16,262,2026-08-26T08:38:05+08:00
a25102c7-eeb1-4353-9127-7c0c64938828,M-1738,ORD-20260826-2055-0060,CONCESSION_ACCRUAL,8,291,2026-08-26T23:17:33+08:00
a45ae159-d762-4140-b676-574aa83064c3,M-1120,ORD-20260826-3281-0061,CONCESSION_ACCRUAL,27,538,2026-08-26T11:17:17+08:00
194db823-7517-4e86-8516-b1ded67b826b,M-1523,ORD-20260826-4087-0062,CONCESSION_ACCRUAL,11,339,2026-08-26T23:20:07+08:00
640ecfb4-cbe1-4c0f-a1d5-6a60693624a9,M-2164,ORD-20260827-9815-0063,CONCESSION_ACCRUAL,6,69,2026-08-27T00:13:22+08:00
f982ec4a-ff8e-4eeb-9d69-b0a14133a185,M-1473,ORD-20260827-8162-0064,CONCESSION_ACCRUAL,32,353,2026-08-27T00:58:06+08:00
19cb9d15-d481-445a-884f-3411f08895ea,M-1473,TIER_UPGRADE_Silver_TO_Gold,TIER_BONUS,100,453,2026-08-27T00:58:06+08:00
022db495-f27b-49e5-94ac-e0288c9d32ae,M-1659,ORD-20260826-1891-0065,CONCESSION_ACCRUAL,10,231,2026-08-26T22:13:59+08:00
a8cbb848-410d-4777-8338-cbecfaa131c7,M-2028,ORD-20260827-1951-0066,CONCESSION_ACCRUAL,3,118,2026-08-27T01:51:12+08:00
3319e0dd-3445-487f-9acb-a7debe71fad8,M-1966,ORD-20260826-9935-0067,CONCESSION_ACCRUAL,20,130,2026-08-26T15:04:42+08:00
65021028-debb-4ac8-8c00-ecd4821de043,M-1253,ORD-20260826-1467-0068,CONCESSION_ACCRUAL,16,72,2026-08-26T16:02:50+08:00
6163902b-9cfa-446f-87b8-a2fe6e1a8da9,M-1658,ORD-20260827-6443-0069,CONCESSION_ACCRUAL,7,830,2026-08-27T00:52:09+08:00
488e7c80-216e-4e43-a922-dd65542b7403,M-2067,ORD-20260827-2080-0070,CONCESSION_ACCRUAL,8,187,2026-08-27T00:38:50+08:00
949861ac-a93e-4f84-9730-9538acff2740,M-1664,ORD-20260826-8818-0071,CONCESSION_ACCRUAL,9,2513,2026-08-26T22:33:47+08:00
abb6bb9a-de45-4df3-b0ed-ba7059ae573c,M-1145,ORD-20260826-5263-0072,CONCESSION_ACCRUAL,12,227,2026-08-26T21:31:37+08:00
dfa7efe6-ad60-4f97-b01e-fdf57b2d869a,M-1187,ORD-20260826-2361-0073,CONCESSION_ACCRUAL,9,369,2026-08-26T20:18:23+08:00
228e8874-6e5e-4e2e-9488-73769e154cd9,M-1324,ORD-20260826-1220-0074,CONCESSION_ACCRUAL,16,125,2026-08-26T11:25:33+08:00
2412eed7-cbd7-4d21-ba09-af89ba8e8cfc,M-1609,ORD-20260827-1175-0075,CONCESSION_ACCRUAL,23,833,2026-08-27T00:35:59+08:00
ed6fbb54-3428-429a-9014-c500a4ab757b,M-1386,ORD-20260826-7140-0076,CONCESSION_ACCRUAL,19,568,2026-08-26T21:42:56+08:00
46b2ec8d-b377-48a2-aaa1-59d626fa174c,M-1056,ORD-20260826-8078-0077,CONCESSION_ACCRUAL,11,234,2026-08-26T22:59:06+08:00
3e72c46d-8205-499b-821a-6b781f10a933,M-1134,ORD-20260826-3883-0078,CONCESSION_ACCRUAL,11,93,2026-08-26T19:09:16+08:00
29ff8f70-88c6-4b5a-a1e1-fb84ce8451cf,M-1435,ORD-20260826-1210-0079,CONCESSION_ACCRUAL,26,497,2026-08-26T14:52:20+08:00
3c0441b5-f494-45a8-9712-97b1dc3a95ae,M-1781,ORD-20260826-6909-0080,CONCESSION_ACCRUAL,9,3683,2026-08-26T22:32:46+08:00
acfb3c44-7bd8-4f8d-aab0-3e8912305597,M-2003,ORD-20260827-9573-0081,CONCESSION_ACCRUAL,22,222,2026-08-27T03:50:57+08:00
abcb5967-1f91-4180-8789-85cf83464576,M-1374,ORD-20260826-7324-0082,CONCESSION_ACCRUAL,8,822,2026-08-26T23:12:26+08:00
4491992e-ef3b-4fa9-93b5-ec8b24e0cf67,M-2186,ORD-20260826-4662-0083,CONCESSION_ACCRUAL,22,302,2026-08-26T19:31:24+08:00
9c127b92-484b-4b07-83e8-10708dbbaac7,M-1723,ORD-20260826-2303-0084,CONCESSION_ACCRUAL,11,802,2026-08-26T16:11:35+08:00
7acb7064-7bd0-47bb-8582-cd033d7ba467,M-1259,ORD-20260827-5919-0085,CONCESSION_ACCRUAL,11,15,2026-08-27T00:13:30+08:00
eda5fdb9-c07f-463e-95d3-1e40efe6deb4,M-1510,ORD-20260826-1349-0086,CONCESSION_ACCRUAL,18,493,2026-08-26T22:04:12+08:00
dd88d186-ebb5-4a04-97c5-6307ea11284b,M-2189,ORD-20260826-9354-0087,CONCESSION_ACCRUAL,40,369,2026-08-26T09:22:07+08:00
c4719fdf-9a46-42b2-bc1a-eef6193b2650,M-1336,ORD-20260826-7907-0088,CONCESSION_ACCRUAL,13,745,2026-08-26T22:33:02+08:00
0c0c5c9e-1d0c-4cef-ade7-3f29b71a0dae,M-2096,ORD-20260826-5771-0089,CONCESSION_ACCRUAL,6,149,2026-08-26T22:34:18+08:00
1dbd5915-06c3-481c-a9a2-8ef968a07ade,M-1247,ORD-20260826-1455-0090,CONCESSION_ACCRUAL,12,2558,2026-08-26T18:24:19+08:00
0506bd3b-d66c-487e-a568-4e1790f76230,M-2102,ORD-20260826-7977-0091,CONCESSION_ACCRUAL,13,141,2026-08-26T22:16:34+08:00
d0cae77c-ca51-47fd-9e8f-3d1f27268fc4,M-1854,ORD-20260826-7706-0092,CONCESSION_ACCRUAL,28,226,2026-08-26T21:03:50+08:00
be7cc004-59ec-4309-b524-cf42d703f102,M-1318,ORD-20260826-4522-0093,CONCESSION_ACCRUAL,25,358,2026-08-26T23:02:49+08:00
12aaac82-3607-430b-99d9-c65e4eb95e87,M-1009,ORD-20260826-9544-0094,CONCESSION_ACCRUAL,10,142,2026-08-26T22:13:36+08:00
9cf7ea53-c095-4263-9045-ad49f0d5bb4e,M-1871,ORD-20260827-1019-0095,CONCESSION_ACCRUAL,9,273,2026-08-27T01:05:19+08:00
cb0ecc74-7453-40e7-b823-7e06a52144f8,M-1676,ORD-20260826-6539-0096,CONCESSION_ACCRUAL,11,2649,2026-08-26T17:51:02+08:00
1a310d78-e122-4eb5-b81c-97614f60006d,M-1982,ORD-20260827-6713-0097,CONCESSION_ACCRUAL,12,48,2026-08-27T01:19:08+08:00
a94275c6-8a50-4389-b9c6-c640c498371f,M-1518,ORD-20260827-8259-0098,CONCESSION_ACCRUAL,10,672,2026-08-27T03:51:49+08:00
b193bec0-db83-44fa-9d67-547e8dd19288,M-1020,ORD-20260826-2099-0099,CONCESSION_ACCRUAL,8,377,2026-08-26T21:03:57+08:00
3ddd9b85-ea34-4d1e-9edd-a1d89bc6a304,M-1768,ORD-20260826-3123-0100,CONCESSION_ACCRUAL,14,260,2026-08-26T22:59:42+08:00
48bf5941-2b6e-43ba-834c-13ec9b930f7d,M-1801,ORD-20260826-7013-0101,CONCESSION_ACCRUAL,86,256,2026-08-26T15:33:44+08:00
7d7bf54c-8b6d-43d7-9754-f105f9c3a512,M-1978,ORD-20260826-2276-0102,CONCESSION_ACCRUAL,45,295,2026-08-26T23:25:36+08:00
a8a17d38-2de6-4ef4-93cd-12f4fdf4e3bc,M-1153,ORD-20260826-5118-0103,CONCESSION_ACCRUAL,8,502,2026-08-26T21:54:15+08:00
7a2f9726-d79a-4412-863b-975909dc2515,M-1521,ORD-20260826-4458-0104,CONCESSION_ACCRUAL,13,573,2026-08-26T18:59:20+08:00
9c3adfff-1c00-48c0-8b67-41d7635a47c2,M-1465,ORD-20260826-3198-0105,CONCESSION_ACCRUAL,4,849,2026-08-26T10:58:25+08:00
0da9d559-fd8b-417c-904f-b0fe69989c19,M-2193,ORD-20260827-6753-0106,CONCESSION_ACCRUAL,3,334,2026-08-27T01:31:11+08:00
d7aea8af-a062-43e2-a276-a5269a890e21,M-1041,ORD-20260826-8011-0107,CONCESSION_ACCRUAL,9,972,2026-08-26T19:28:31+08:00
b4219ead-a7f1-45e9-ae7e-4d20fcaefda7,M-1160,ORD-20260826-6787-0108,CONCESSION_ACCRUAL,21,446,2026-08-26T22:54:57+08:00
30fb2b4b-991e-4d6c-aaa2-b155e6c7cf58,M-1230,ORD-20260826-4269-0109,CONCESSION_ACCRUAL,20,263,2026-08-26T23:33:40+08:00
709931e8-99fa-4e24-a250-2f797fa448a0,M-1022,ORD-20260826-8321-0110,CONCESSION_ACCRUAL,35,280,2026-08-26T23:27:57+08:00
daec4e05-cb94-47ed-9532-90858bc75ace,M-1819,ORD-20260826-8277-0111,CONCESSION_ACCRUAL,11,412,2026-08-26T22:23:40+08:00
4e5c4b4c-800f-4a18-96d7-9f6cb1531cc1,M-2148,ORD-20260826-3400-0112,CONCESSION_ACCRUAL,10,277,2026-08-26T17:55:27+08:00
92a5bfe7-a11e-4006-b3b4-36bc1c86d3fa,M-1162,ORD-20260827-3931-0113,CONCESSION_ACCRUAL,11,75,2026-08-27T00:55:17+08:00
0c2e12bf-9d2b-4ffe-b40b-12af5b8d20a2,M-1403,ORD-20260827-9139-0114,CONCESSION_ACCRUAL,9,2861,2026-08-27T00:48:58+08:00
90de124e-1eb0-4619-87b9-bffc08326d21,M-1445,ORD-20260827-8829-0115,CONCESSION_ACCRUAL,3,302,2026-08-27T00:05:29+08:00
a30f486f-7868-453b-9c56-f549d2f87693,M-1724,ORD-20260827-9986-0116,CONCESSION_ACCRUAL,16,251,2026-08-27T00:46:43+08:00
e0662616-c584-4401-a4ad-56ba1a3d0aa5,M-1426,ORD-20260826-1920-0117,CONCESSION_ACCRUAL,13,1273,2026-08-26T22:45:06+08:00
d70a0174-b19b-4207-ae13-f232f1a41bc3,M-1342,ORD-20260826-3826-0118,CONCESSION_ACCRUAL,3,140,2026-08-26T22:52:39+08:00
1c9dbddd-d431-4bee-a5be-4b2075d06b2b,M-1384,ORD-20260826-6250-0119,CONCESSION_ACCRUAL,9,1042,2026-08-26T22:06:54+08:00
6a3f6045-c14e-4344-b657-14cf522bc7f4,M-1240,ORD-20260826-3233-0120,CONCESSION_ACCRUAL,13,438,2026-08-26T22:38:37+08:00
fa70d0d0-9d6a-4bc5-9721-463095028a99,M-2004,ORD-20260826-2522-0121,CONCESSION_ACCRUAL,8,115,2026-08-26T09:15:26+08:00
44e61728-f1ba-4483-817a-3a9892d0d2b9,M-1797,ORD-20260827-7938-0122,CONCESSION_ACCRUAL,11,240,2026-08-27T02:20:05+08:00
bebe4de3-286f-477b-8973-f9edf7f2f572,M-1328,ORD-20260826-8331-0123,CONCESSION_ACCRUAL,16,331,2026-08-26T21:40:48+08:00
97ff47a4-7914-4f78-a388-b189c3e489b8,M-1129,ORD-20260826-3528-0124,CONCESSION_ACCRUAL,9,937,2026-08-26T22:45:43+08:00
eb7d4e59-bb3b-46ec-bb95-d22df3eb67c7,M-1350,ORD-20260826-2307-0125,CONCESSION_ACCRUAL,49,619,2026-08-26T19:33:15+08:00
71bdaca0-26ad-406c-82f3-f0818a22cf93,M-1905,ORD-20260826-9835-0126,CONCESSION_ACCRUAL,22,524,2026-08-26T12:11:22+08:00
f72e8e26-01d8-43ff-bd32-f7af47a3a00d,M-1869,ORD-20260827-9826-0127,CONCESSION_ACCRUAL,8,113,2026-08-27T00:27:52+08:00
47b96114-c01f-4e53-bdc2-8eb0353e45a3,M-1835,ORD-20260826-2303-0128,CONCESSION_ACCRUAL,15,197,2026-08-26T21:53:08+08:00
19002b3e-5f78-4ba2-96ab-1bda4ffaa385,M-1672,ORD-20260826-8323-0129,CONCESSION_ACCRUAL,11,31,2026-08-26T23:50:28+08:00
777a51cb-3340-41f1-9ce6-cf054581dd1f,M-1879,ORD-20260826-7331-0130,CONCESSION_ACCRUAL,6,238,2026-08-26T19:58:57+08:00
cc0f194a-a036-45c9-af13-13e394a006e0,M-1674,ORD-20260827-6762-0131,CONCESSION_ACCRUAL,45,778,2026-08-27T01:56:25+08:00
1fd4b626-59d9-4abd-82bc-0770618d9ccd,M-1164,ORD-20260826-6926-0132,CONCESSION_ACCRUAL,16,458,2026-08-26T20:53:40+08:00
d3c85ced-b3df-4001-bcea-f68953ff07bc,M-1667,ORD-20260826-1555-0133,CONCESSION_ACCRUAL,18,112,2026-08-26T20:45:58+08:00
018359df-deec-45b1-aada-39dd0dbee7a2,M-2002,ORD-20260826-8978-0134,CONCESSION_ACCRUAL,8,98,2026-08-26T23:26:13+08:00
ba8e53a7-15e0-44be-a839-2b91b5987c2d,M-1499,ORD-20260826-5510-0135,CONCESSION_ACCRUAL,11,173,2026-08-26T21:35:18+08:00
c00e4f68-b15b-475c-a2a2-186360d64e1f,M-1499,TIER_UPGRADE_Silver_TO_Gold,TIER_BONUS,100,273,2026-08-26T21:35:18+08:00
b83b50ef-4e84-4dd0-a914-a53bd66a608d,M-2151,ORD-20260827-9966-0136,CONCESSION_ACCRUAL,25,102,2026-08-27T00:48:26+08:00
d16231ff-a3f4-4264-992a-3f93d0228312,M-1687,ORD-20260826-7628-0137,CONCESSION_ACCRUAL,11,453,2026-08-26T22:02:55+08:00
80533e92-0e89-4d74-a67c-9ae04fc7763c,M-1769,ORD-20260826-9549-0138,CONCESSION_ACCRUAL,8,365,2026-08-26T10:44:37+08:00
777849e4-dda8-4dd5-bda6-de382005f480,M-1483,ORD-20260826-7352-0139,CONCESSION_ACCRUAL,8,241,2026-08-26T21:56:25+08:00
4e50cc1a-4e97-4d95-971d-e62eab5349ff,M-1334,ORD-20260827-1106-0140,CONCESSION_ACCRUAL,11,53,2026-08-27T00:11:24+08:00
8b2f732e-2621-456c-9c6e-df57a81fda01,M-1635,ORD-20260826-2756-0141,CONCESSION_ACCRUAL,41,204,2026-08-26T16:48:16+08:00
6b71478d-8600-4e4f-bebf-ed723c86b6d1,M-1635,TIER_UPGRADE_Silver_TO_Gold,TIER_BONUS,100,304,2026-08-26T16:48:16+08:00
b8131ece-e71c-42f8-9da3-359035acb0a0,M-2114,ORD-20260826-3640-0142,CONCESSION_ACCRUAL,10,351,2026-08-26T23:28:56+08:00
acc7e742-60bd-4bb5-9563-6fd2a7b8e345,M-2183,ORD-20260826-6881-0143,CONCESSION_ACCRUAL,8,214,2026-08-26T17:37:06+08:00
c501bdb2-15b7-4351-a7dc-908b63cfa41b,M-2087,ORD-20260826-5152-0144,CONCESSION_ACCRUAL,12,117,2026-08-26T17:25:19+08:00
24d987a4-162a-4b8e-9b04-2d8b976f1acc,M-1614,ORD-20260826-1418-0145,CONCESSION_ACCRUAL,9,568,2026-08-26T19:54:50+08:00
b7aae329-d23c-49d2-a40f-7783854ad3e2,M-1102,ORD-20260826-1739-0146,CONCESSION_ACCRUAL,10,182,2026-08-26T19:44:06+08:00
979226c2-f7b3-44ac-b333-ae3b3ad9c8eb,M-1002,ORD-20260826-1058-0147,CONCESSION_ACCRUAL,18,484,2026-08-26T23:28:54+08:00
4733c0fb-6f5f-49ef-9156-134e69dcca8c,M-1213,ORD-20260826-1219-0148,CONCESSION_ACCRUAL,15,355,2026-08-26T11:23:44+08:00
0b5f0964-d7c1-4af3-81e5-0e8d8a90f890,M-1671,ORD-20260826-9447-0149,CONCESSION_ACCRUAL,11,490,2026-08-26T18:23:58+08:00
e5002948-0304-4008-8477-3d50e481949a,M-2069,ORD-20260826-3219-0150,CONCESSION_ACCRUAL,12,63,2026-08-26T18:04:06+08:00
77d5885c-a403-4372-8b2d-2f21f56b0bcc,M-1761,ORD-20260826-1605-0151,CONCESSION_ACCRUAL,11,663,2026-08-26T21:39:06+08:00
55d8212d-85f9-4791-be87-20e47cd64ac6,M-1362,ORD-20260827-8341-0152,CONCESSION_ACCRUAL,22,395,2026-08-27T00:21:44+08:00
ba14f95b-e9e6-45f9-b48e-26dc1255de16,M-1820,ORD-20260827-5251-0153,CONCESSION_ACCRUAL,30,618,2026-08-27T00:06:37+08:00
7abd00f0-67fa-48ca-b2c7-eb95a3b6d805,M-1637,ORD-20260826-7880-0154,CONCESSION_ACCRUAL,20,1383,2026-08-26T21:08:47+08:00
cc706ad2-1ab2-4a15-80e7-3b5d63acd199,M-1981,ORD-20260826-2991-0155,CONCESSION_ACCRUAL,23,68,2026-08-26T23:05:58+08:00
1988fc86-9135-421e-9507-973e6766bef8,M-1609,ORD-20260826-3936-0156,CONCESSION_ACCRUAL,18,851,2026-08-26T20:39:31+08:00
a86fa390-75dc-4f85-bb7f-eca9cc8fe21e,M-1729,ORD-20260826-4998-0157,CONCESSION_ACCRUAL,11,249,2026-08-26T23:00:28+08:00
e35a6486-c7d8-45ce-8bc3-0e25de8bf93d,M-1632,ORD-20260826-2284-0158,CONCESSION_ACCRUAL,36,202,2026-08-26T20:26:40+08:00
0d8293db-3691-4cde-8aae-13a4a99ea09b,M-1919,ORD-20260826-4316-0159,CONCESSION_ACCRUAL,3,64,2026-08-26T22:21:55+08:00
62b627a6-dbd0-42e9-9d62-6b666b7e8d30,M-1094,ORD-20260827-4483-0160,CONCESSION_ACCRUAL,22,344,2026-08-27T00:32:38+08:00
1ca9f702-c694-417d-9fb2-4f5441757dd2,M-1064,ORD-20260826-8511-0161,CONCESSION_ACCRUAL,30,434,2026-08-26T11:34:36+08:00
e571106d-da00-4d39-8c31-49ab8f913748,M-1117,ORD-20260826-3871-0162,CONCESSION_ACCRUAL,26,160,2026-08-26T17:16:09+08:00
59d773f1-4263-4513-a902-58dd2522c2be,M-1213,ORD-20260826-8783-0163,CONCESSION_ACCRUAL,10,365,2026-08-26T23:38:42+08:00
234a95b3-8c04-46f1-8414-fce62c10422d,M-1261,ORD-20260826-8354-0164,CONCESSION_ACCRUAL,8,104,2026-08-26T20:41:33+08:00
ec15ae76-640d-409a-a869-d308b1f217d7,M-1295,ORD-20260826-2562-0165,CONCESSION_ACCRUAL,8,464,2026-08-26T14:01:33+08:00
6a1e8595-a695-46ef-becb-d5678c60c7c9,M-1553,ORD-20260826-5365-0166,CONCESSION_ACCRUAL,20,490,2026-08-26T17:35:43+08:00
f5d9e211-95d8-4b38-8fcb-0f4417951c02,M-1975,ORD-20260826-8422-0167,CONCESSION_ACCRUAL,8,165,2026-08-26T20:29:26+08:00
01d5375c-989e-494f-b5cc-c2c12aa3f61e,M-1054,ORD-20260826-1181-0168,CONCESSION_ACCRUAL,13,212,2026-08-26T16:05:08+08:00
532b52f0-a34c-4e3d-9ca1-43c656079ce9,M-1530,ORD-20260827-4726-0169,CONCESSION_ACCRUAL,4,116,2026-08-27T00:24:09+08:00
279718cb-76c6-4bbb-8672-5dced8998216,M-1638,ORD-20260826-5709-0170,CONCESSION_ACCRUAL,25,604,2026-08-26T21:57:36+08:00
b77d5c5f-dc38-46be-b5dd-3c7e666ff94e,M-1476,ORD-20260826-1066-0171,CONCESSION_ACCRUAL,9,196,2026-08-26T20:57:47+08:00
57fc260f-e6fe-4d4e-8a06-1b94c1c24a57,M-1353,ORD-20260826-3908-0172,CONCESSION_ACCRUAL,15,256,2026-08-26T23:46:54+08:00
99779b95-7ac6-4a3a-90b3-c80741017a96,M-1255,ORD-20260826-7334-0173,CONCESSION_ACCRUAL,25,464,2026-08-26T17:58:22+08:00
3438ada0-d4a4-4814-8b3e-5fa4be8da599,M-1854,ORD-20260826-1400-0174,CONCESSION_ACCRUAL,3,229,2026-08-26T22:54:57+08:00
cb0c8114-9f60-4806-acb7-aaa930a4973a,M-1706,ORD-20260827-6215-0175,CONCESSION_ACCRUAL,13,248,2026-08-27T00:18:47+08:00
fa5d10dc-7a95-48db-b5ff-ccc835a522e9,M-1783,ORD-20260826-7823-0176,CONCESSION_ACCRUAL,21,537,2026-08-26T19:13:01+08:00
d69a8eda-284b-47f8-8760-819d842cc979,M-1306,ORD-20260826-4173-0177,CONCESSION_ACCRUAL,12,175,2026-08-26T19:32:20+08:00
4790cd91-5b9c-4a17-bbb8-7291091f6a7e,M-1722,ORD-20260827-2998-0178,CONCESSION_ACCRUAL,9,817,2026-08-27T00:46:43+08:00
ef6dfe4b-69b7-438f-b192-a33b92ff3cce,M-1995,ORD-20260826-8523-0179,CONCESSION_ACCRUAL,11,249,2026-08-26T22:40:45+08:00
59eb7642-156b-4317-92cf-aa10c62e5b99,M-2186,ORD-20260826-2055-0180,CONCESSION_ACCRUAL,8,310,2026-08-26T23:01:21+08:00
b55fc387-b81d-44c2-87b7-23caa3e1c886,M-1900,ORD-20260826-4183-0181,CONCESSION_ACCRUAL,8,182,2026-08-26T23:21:54+08:00
52636ad6-0468-4122-ae7e-db8e8750cf94,M-1452,ORD-20260826-5753-0182,CONCESSION_ACCRUAL,19,220,2026-08-26T22:51:56+08:00
321899f5-a620-4504-a6ca-e7b2133bd88a,M-1089,ORD-20260827-2684-0183,CONCESSION_ACCRUAL,16,504,2026-08-27T01:12:30+08:00
acf410c9-9b6d-46ff-9379-d59c7e335175,M-1265,ORD-20260826-9137-0184,CONCESSION_ACCRUAL,9,326,2026-08-26T22:48:57+08:00
e6052eca-0faf-4795-b97d-f3fdd746737e,M-1408,ORD-20260826-2327-0185,CONCESSION_ACCRUAL,16,86,2026-08-26T13:49:31+08:00
4e6a11d0-c44e-4b8f-9a95-dad516240160,M-1984,ORD-20260826-5784-0186,CONCESSION_ACCRUAL,18,228,2026-08-26T20:35:28+08:00
d8fc4223-f4c5-4bc3-956d-a575d349f635,M-1176,ORD-20260826-2205-0187,CONCESSION_ACCRUAL,13,273,2026-08-26T23:18:03+08:00
80eff665-8cbd-4348-a1b1-69b8698de552,M-1680,ORD-20260827-3245-0188,CONCESSION_ACCRUAL,9,492,2026-08-27T00:14:19+08:00
2b002a8a-dad0-4ed3-8788-42d1e9461a2e,M-1572,ORD-20260826-5344-0189,CONCESSION_ACCRUAL,27,594,2026-08-26T18:01:33+08:00
358cc62a-c5c3-403c-a4af-ed7aa2863b9a,M-1019,ORD-20260826-5321-0190,CONCESSION_ACCRUAL,30,135,2026-08-26T09:05:52+08:00
87f0aab0-5b10-43dc-a844-2306163bd390,M-1125,ORD-20260826-7905-0191,CONCESSION_ACCRUAL,31,605,2026-08-26T23:27:26+08:00
cc6a9b59-3756-4e4a-b813-8a0d383d8009,M-1813,ORD-20260826-2848-0192,CONCESSION_ACCRUAL,4,77,2026-08-26T21:37:46+08:00
f509c429-b48c-4c19-ad3e-925f19780540,M-2092,ORD-20260826-7856-0193,CONCESSION_ACCRUAL,7,92,2026-08-26T22:20:13+08:00
3b85c01e-3476-4964-9fcc-92dc0d4e5448,M-1744,ORD-20260827-9464-0194,CONCESSION_ACCRUAL,16,943,2026-08-27T00:14:56+08:00
f3f51749-d8d0-4b35-91e9-579dc327980d,M-1816,ORD-20260826-6262-0195,CONCESSION_ACCRUAL,36,293,2026-08-26T18:07:39+08:00
42c1015f-d99d-4ae2-89a0-f718af7fc89b,M-1786,ORD-20260826-9293-0196,CONCESSION_ACCRUAL,14,134,2026-08-26T16:51:32+08:00
97c2abea-1572-4cbb-8d01-7cb9248ba61b,M-1493,ORD-20260827-7281-0197,CONCESSION_ACCRUAL,11,331,2026-08-27T00:12:47+08:00
f16f0ab7-db62-4e5e-bae5-7e334f681cc3,M-1931,ORD-20260826-2376-0198,CONCESSION_ACCRUAL,26,219,2026-08-26T11:20:23+08:00
9b846fd9-ebee-4461-9f0c-43cf16fc9ca9,M-2153,ORD-20260827-5327-0199,CONCESSION_ACCRUAL,9,280,2026-08-27T00:02:10+08:00
85513960-894b-4782-b134-36c8a56c136f,M-2130,ORD-20260827-4959-0200,CONCESSION_ACCRUAL,17,241,2026-08-27T00:02:14+08:00
7f4ad0ce-9c8f-4e9c-bffc-fc17ea3cfaab,M-2076,ORD-20260826-6784-0201,CONCESSION_ACCRUAL,30,379,2026-08-26T22:46:18+08:00
39131a3a-985b-44ec-b8e5-22d819107bfa,M-1582,ORD-20260826-1147-0202,CONCESSION_ACCRUAL,25,584,2026-08-26T22:57:24+08:00
6bc5967a-becf-4c65-bc5e-a823791fb643,M-2082,ORD-20260826-3148-0203,CONCESSION_ACCRUAL,13,198,2026-08-26T22:01:32+08:00
5110c491-b469-4733-855c-dace44b0faa2,M-2105,ORD-20260826-2042-0204,CONCESSION_ACCRUAL,18,265,2026-08-26T23:10:01+08:00
5975934d-02aa-4301-8e05-87d0808e5c94,M-1562,ORD-20260826-4109-0205,CONCESSION_ACCRUAL,7,644,2026-08-26T14:35:17+08:00
e7d41235-e813-4d8b-b6ca-43267d2dc155,M-2037,ORD-20260826-3850-0206,CONCESSION_ACCRUAL,3,131,2026-08-26T21:59:54+08:00
002baf29-9e68-4e70-a2e5-2e4c0ddd648b,M-1252,ORD-20260826-7575-0207,CONCESSION_ACCRUAL,19,112,2026-08-26T22:26:14+08:00
6f36c40b-3124-498e-9b07-0fd3e685d0fb,M-1220,ORD-20260826-7780-0208,CONCESSION_ACCRUAL,22,1917,2026-08-26T21:12:45+08:00
5d0829da-6fd6-4916-8c8c-46bd4dbd1766,M-1447,ORD-20260826-1263-0209,CONCESSION_ACCRUAL,3,144,2026-08-26T18:50:39+08:00
eab6d12a-79e3-4d26-b15d-077109b07901,M-1038,ORD-20260826-7735-0210,CONCESSION_ACCRUAL,11,151,2026-08-26T21:07:03+08:00
d95417de-ed5d-4e0b-9d67-2c95bff66c3d,M-1732,ORD-20260826-2497-0211,CONCESSION_ACCRUAL,22,451,2026-08-26T13:37:12+08:00
a1a1aea0-ae2c-468c-8f45-0288fea8c9b4,M-1548,ORD-20260826-2778-0212,CONCESSION_ACCRUAL,27,468,2026-08-26T14:05:22+08:00
d68d2cae-dcaa-46c5-b43c-6a5a89acb6b6,M-1018,ORD-20260826-9922-0213,CONCESSION_ACCRUAL,15,65,2026-08-26T19:40:12+08:00
d1affeb0-f1e8-40b9-99c2-4db6bd6f9eff,M-1417,ORD-20260827-6761-0214,CONCESSION_ACCRUAL,20,629,2026-08-27T01:24:20+08:00
e4e2aaaf-1988-4465-b38e-8a97206c3066,M-1527,ORD-20260826-3833-0215,CONCESSION_ACCRUAL,22,951,2026-08-26T23:31:19+08:00
efd2908f-e816-4135-a17d-ccb9f1b2bd5c,M-1178,ORD-20260826-6025-0216,CONCESSION_ACCRUAL,11,399,2026-08-26T15:09:03+08:00
e94ecb25-4382-4f39-968b-dae56ef3d043,M-1673,ORD-20260827-3097-0217,CONCESSION_ACCRUAL,18,308,2026-08-27T01:29:14+08:00
4a33afb3-cd5f-430f-a383-ecb1ecec640a,M-2085,ORD-20260826-8984-0218,CONCESSION_ACCRUAL,10,388,2026-08-26T22:56:38+08:00
8bda0396-374b-4eca-b11f-697446ae313a,M-1411,ORD-20260826-2333-0219,CONCESSION_ACCRUAL,13,670,2026-08-26T22:32:11+08:00
df1d366b-b39c-4e05-8a30-ac66a54e8002,M-1933,ORD-20260826-4028-0220,CONCESSION_ACCRUAL,12,179,2026-08-26T23:36:06+08:00
76c66078-5a79-43b2-a6f0-7a1a2c0b36c3,M-1246,ORD-20260826-2850-0221,CONCESSION_ACCRUAL,14,491,2026-08-26T22:14:03+08:00
7a7441be-7a65-4233-bc5c-cf506fd4550c,M-1516,ORD-20260826-1569-0222,CONCESSION_ACCRUAL,33,577,2026-08-26T15:45:15+08:00
7d0fc243-751d-4734-bd08-ec644636f35a,M-1570,ORD-20260826-1207-0223,CONCESSION_ACCRUAL,13,80,2026-08-26T13:45:49+08:00
10d4bc05-11b5-4b57-a47b-2a4a850a9023,M-2025,ORD-20260826-6598-0224,CONCESSION_ACCRUAL,18,400,2026-08-26T20:17:22+08:00
38386344-cbc2-42c0-82da-49b5709b0986,M-1405,ORD-20260826-1823-0225,CONCESSION_ACCRUAL,20,141,2026-08-26T21:22:50+08:00
efe2940b-2ad5-4a73-bd37-f604714f51b5,M-1533,ORD-20260826-4756-0226,CONCESSION_ACCRUAL,13,196,2026-08-26T07:24:47+08:00
a6ec7ba6-0c0c-495e-91a4-5907c2e86dad,M-1538,ORD-20260826-5624-0227,CONCESSION_ACCRUAL,3,178,2026-08-26T23:23:59+08:00
f90f0730-7ca8-45e4-98a3-77f138d4ec19,M-1606,ORD-20260826-2397-0228,CONCESSION_ACCRUAL,13,497,2026-08-26T23:55:26+08:00
92dfec38-799f-4baa-9796-65fbb55c37bb,M-1314,ORD-20260826-8441-0229,CONCESSION_ACCRUAL,10,383,2026-08-26T23:39:01+08:00
cdb608d3-95dd-4b6f-a18d-92b655a68acd,M-1965,ORD-20260826-6935-0230,CONCESSION_ACCRUAL,7,297,2026-08-26T20:58:58+08:00
9d685f61-5215-4fde-a0ef-8541c646abd5,M-1011,ORD-20260827-5074-0231,CONCESSION_ACCRUAL,18,813,2026-08-27T01:12:20+08:00
9ac0910c-5a32-4f03-9168-b1979453d7cc,M-1437,ORD-20260826-7718-0232,CONCESSION_ACCRUAL,25,436,2026-08-26T22:29:57+08:00
04d4c2f7-4f5f-4e6a-89fd-59d8f9113d8b,M-1376,ORD-20260826-7193-0233,CONCESSION_ACCRUAL,26,342,2026-08-26T02:49:02+08:00
ab1185ed-3e26-496a-8ad9-811045774395,M-1121,ORD-20260826-7584-0234,CONCESSION_ACCRUAL,15,392,2026-08-26T23:27:58+08:00
5cead94c-759c-4c45-b0ab-1b29db1dbc6f,M-1922,ORD-20260826-7003-0235,CONCESSION_ACCRUAL,15,420,2026-08-26T19:37:00+08:00
775c4533-98e6-41bd-9984-88623e280c2f,M-1891,ORD-20260826-8616-0236,CONCESSION_ACCRUAL,11,395,2026-08-26T15:33:00+08:00
b1613f6e-373d-4575-ada8-973d5d7c6c82,M-1947,ORD-20260826-6691-0237,CONCESSION_ACCRUAL,22,326,2026-08-26T13:52:00+08:00
46ddf636-c89d-4cbd-b4b0-196cf311b242,M-2098,ORD-20260826-3686-0238,CONCESSION_ACCRUAL,10,130,2026-08-26T10:37:00+08:00
5f990b69-4e44-4a99-a432-6d842a29f02e,M-1015,ORD-20260826-6583-0239,CONCESSION_ACCRUAL,10,870,2026-08-26T20:12:00+08:00
fd6095c0-e4a4-41ec-965b-4265eafcafde,M-1494,ORD-20260826-1225-0240,CONCESSION_ACCRUAL,12,626,2026-08-26T10:38:00+08:00
4e5dbff9-0010-45c4-86e1-6c1bad0fe268,M-1665,ORD-20260826-7453-0241,CONCESSION_ACCRUAL,12,213,2026-08-26T18:33:00+08:00
f92261e1-4e97-41e5-8b48-7e7f8ee2366c,M-2134,ORD-20260826-7010-0242,CONCESSION_ACCRUAL,12,19,2026-08-26T15:46:00+08:00
945df959-13c5-4a30-9a80-e8fdb3056a77,M-1723,ORD-20260826-1758-0243,CONCESSION_ACCRUAL,19,821,2026-08-26T10:43:00+08:00
179da921-257b-4728-9b97-01846ae8c3eb,M-1301,ORD-20260826-6970-0244,CONCESSION_ACCRUAL,22,128,2026-08-26T09:43:00+08:00
6573b32f-53c7-4ff2-931f-4b513f1bf8c3,M-1506,ORD-20260826-6277-0245,CONCESSION_ACCRUAL,43,390,2026-08-26T12:43:00+08:00
f960e584-0b4e-4cf0-a039-29e039f780d6,M-1090,ORD-20260826-6106-0246,CONCESSION_ACCRUAL,11,290,2026-08-26T13:28:00+08:00
9a50d1a8-1777-44e0-9549-8da6762486bd,M-1830,ORD-20260826-2745-0247,CONCESSION_ACCRUAL,26,252,2026-08-26T21:29:00+08:00
e7e97690-a46f-44b1-88a2-3d5272064a52,M-2071,ORD-20260826-1580-0248,CONCESSION_ACCRUAL,10,396,2026-08-26T09:50:00+08:00
4a42837e-3646-4552-96ef-3f551e48960c,M-1832,ORD-20260826-6423-0249,CONCESSION_ACCRUAL,3,117,2026-08-26T10:11:00+08:00
e794bf43-03a6-486c-ba52-bff3ccfc0a84,M-1809,ORD-20260826-1970-0250,CONCESSION_ACCRUAL,40,722,2026-08-26T17:22:00+08:00
c9fad70c-ceed-4186-892b-2257deff1ba8,M-1282,ORD-20260826-7739-0251,CONCESSION_ACCRUAL,29,503,2026-08-26T09:51:00+08:00
55ee446f-a13c-44bd-aa9c-e6c634c66147,M-1172,ORD-20260826-7384-0252,CONCESSION_ACCRUAL,48,1094,2026-08-26T21:00:00+08:00
ed656e76-eec9-4338-ad27-f35660e35ed2,M-1864,ORD-20260826-8537-0253,CONCESSION_ACCRUAL,22,351,2026-08-26T16:13:00+08:00
824c081a-6c70-4604-bb8e-adda5d0f6428,M-1901,ORD-20260826-9500-0254,CONCESSION_ACCRUAL,26,95,2026-08-26T20:16:00+08:00
27c79886-1761-45b8-8172-173ac675b331,M-1280,ORD-20260826-6180-0255,CONCESSION_ACCRUAL,19,394,2026-08-26T15:45:00+08:00
6a4b3525-2203-4211-bb0c-e854ac43919f,M-1304,ORD-20260826-7622-0256,CONCESSION_ACCRUAL,3,444,2026-08-26T10:40:00+08:00
ca714ea2-1a97-4247-be05-2c1b15163878,M-1018,ORD-20260826-6676-0257,CONCESSION_ACCRUAL,28,93,2026-08-26T20:41:00+08:00
c64618f2-6055-4b5d-9ab4-3dbddf1ea74b,M-2107,ORD-20260826-9086-0258,CONCESSION_ACCRUAL,19,212,2026-08-26T15:59:00+08:00
849eba1c-83fd-46ed-ba95-111e7db7dc76,M-2143,ORD-20260826-4274-0259,CONCESSION_ACCRUAL,19,64,2026-08-26T20:09:00+08:00
cd12345c-01de-4af0-a140-f5c3a84deab1,M-1899,ORD-20260826-7649-0260,CONCESSION_ACCRUAL,7,121,2026-08-26T13:49:00+08:00
895cb1e0-97f6-452f-afdb-ceeb40bb7816,M-1878,ORD-20260826-7863-0261,CONCESSION_ACCRUAL,8,195,2026-08-26T17:58:00+08:00
2ef5254a-b0eb-47e3-ba7c-b19278377572,M-1086,ORD-20260826-2822-0262,CONCESSION_ACCRUAL,22,281,2026-08-26T18:13:00+08:00
ba83034f-bc9c-49e7-875d-3a8605049b88,M-1719,ORD-20260826-9511-0263,CONCESSION_ACCRUAL,29,400,2026-08-26T20:57:00+08:00
0bfc3921-dc15-4e4f-8bd4-40d8b4320108,M-1705,ORD-20260826-1293-0264,CONCESSION_ACCRUAL,41,271,2026-08-26T13:47:00+08:00
f5d26180-c455-4f8a-92da-0ea2d430d257,M-2124,ORD-20260826-2750-0265,CONCESSION_ACCRUAL,10,46,2026-08-26T13:24:00+08:00
2a373860-6195-46f8-b342-7822ed9999eb,M-1600,ORD-20260826-3742-0266,CONCESSION_ACCRUAL,8,93,2026-08-26T20:33:00+08:00
74a297b5-a054-44cb-acdc-4d34f6bee28f,M-1098,ORD-20260826-4528-0267,CONCESSION_ACCRUAL,18,567,2026-08-26T16:45:00+08:00
5b90cab1-7a79-441b-897b-a8b379a55c05,M-1952,ORD-20260826-4798-0268,CONCESSION_ACCRUAL,21,95,2026-08-26T22:08:00+08:00
a9836d18-6e5c-47aa-b56b-b19ead9c9f5e,M-2187,ORD-20260826-5395-0269,CONCESSION_ACCRUAL,18,207,2026-08-26T15:14:00+08:00
4cc9e8b2-b6cc-461b-931f-6cfa5a01e89a,M-1367,ORD-20260826-7851-0270,CONCESSION_ACCRUAL,30,613,2026-08-26T21:10:00+08:00
842fc50e-2e56-4016-a7b2-9e8463b6acf4,M-1051,ORD-20260826-1152-0271,CONCESSION_ACCRUAL,39,435,2026-08-26T10:38:00+08:00
7672066e-710c-43b2-a1fa-d8e5dd505ccd,M-1440,ORD-20260826-1259-0272,CONCESSION_ACCRUAL,9,282,2026-08-26T10:42:00+08:00
1067fbaf-728c-4bcb-9ecc-830798b285ae,M-1218,ORD-20260826-6767-0273,CONCESSION_ACCRUAL,10,208,2026-08-26T13:26:00+08:00
8bb4692a-7c33-4182-8960-833c513696a3,M-1070,ORD-20260826-7023-0274,CONCESSION_ACCRUAL,8,188,2026-08-26T12:12:00+08:00
0145cf53-000d-4b11-8dc4-9908b8715c92,M-1574,ORD-20260826-6458-0275,CONCESSION_ACCRUAL,55,188,2026-08-26T15:16:00+08:00
355ec60c-e243-4118-920d-12efbbf90f52,M-1156,ORD-20260826-3551-0276,CONCESSION_ACCRUAL,11,192,2026-08-26T16:36:00+08:00
b3cce551-358c-4a43-bded-d81201903875,M-1802,ORD-20260826-1451-0277,CONCESSION_ACCRUAL,13,251,2026-08-26T14:37:00+08:00
9f0ea449-117c-4d5f-89f6-8ab62a9ba88b,M-1012,ORD-20260826-3116-0278,CONCESSION_ACCRUAL,45,481,2026-08-26T14:33:00+08:00
c5006556-0a4c-4b0f-b1dc-cb7e85eacf2e,M-1471,ORD-20260826-9716-0279,CONCESSION_ACCRUAL,22,83,2026-08-26T20:55:00+08:00
8ea13f3b-3588-439f-9cd4-4492dde832e9,M-1770,ORD-20260826-1083-0280,CONCESSION_ACCRUAL,18,159,2026-08-26T13:16:00+08:00
4aa479f5-9d24-4a0d-8616-3d9e9db7d907,M-1821,ORD-20260826-6330-0281,CONCESSION_ACCRUAL,8,119,2026-08-26T20:40:00+08:00
2b21e926-1b60-4552-9f8e-4525b416114f,M-1742,ORD-20260826-5625-0282,CONCESSION_ACCRUAL,10,71,2026-08-26T17:23:00+08:00
cd9213fb-d336-4177-aa82-7539672caf73,M-1885,ORD-20260826-3190-0283,CONCESSION_ACCRUAL,9,52,2026-08-26T18:52:00+08:00
cdc6f4fc-ea1d-4f3d-bd27-45b1936ff067,M-1241,ORD-20260826-5526-0284,CONCESSION_ACCRUAL,8,246,2026-08-26T21:08:00+08:00
348d6d48-87c1-4fc4-9474-a94704a75e4c,M-1176,ORD-20260826-9196-0285,CONCESSION_ACCRUAL,13,286,2026-08-26T16:31:00+08:00
647a4d10-aa8b-4905-93c9-dd15c43206dc,M-1290,ORD-20260826-8432-0286,CONCESSION_ACCRUAL,11,75,2026-08-26T13:50:00+08:00
8531bd5e-2286-4898-9c30-40dba4d5d6db,M-1251,ORD-20260826-1499-0287,CONCESSION_ACCRUAL,8,362,2026-08-26T13:38:00+08:00
2699667c-4576-4a06-92bb-d8c1134e5ff9,M-1898,ORD-20260826-4262-0288,CONCESSION_ACCRUAL,19,180,2026-08-26T19:02:00+08:00
82c15b0e-83d5-426f-a009-63a7e3d8df57,M-1136,ORD-20260826-9521-0289,CONCESSION_ACCRUAL,26,180,2026-08-26T13:22:00+08:00
348a0e57-5ed2-4dca-a3d0-4af0961e4347,M-1202,ORD-20260826-9239-0290,CONCESSION_ACCRUAL,22,1958,2026-08-26T18:01:00+08:00
e84212aa-8f60-45ba-b2c9-2f5b83be33d7,M-1061,ORD-20260826-9996-0291,CONCESSION_ACCRUAL,3,235,2026-08-26T18:33:00+08:00
d5d43176-9eb6-44c0-960b-bd8dfbf0893a,M-1975,ORD-20260826-1209-0292,CONCESSION_ACCRUAL,26,191,2026-08-26T20:59:00+08:00
bb06a40f-177e-4fe6-8120-8f16eff25567,M-1948,ORD-20260826-1947-0293,CONCESSION_ACCRUAL,30,344,2026-08-26T18:04:00+08:00
bb445287-9890-4572-a4a5-a001c2aac107,M-2164,ORD-20260826-9655-0294,CONCESSION_ACCRUAL,9,78,2026-08-26T12:46:00+08:00
c6d7f881-8c9e-44e0-9214-f0056ffcdeb7,M-1169,ORD-20260826-6418-0295,CONCESSION_ACCRUAL,11,598,2026-08-26T22:44:00+08:00
6c4e971a-b92d-4dfa-a362-f607a2196ed8,M-1139,ORD-20260826-4582-0296,CONCESSION_ACCRUAL,13,678,2026-08-26T17:19:00+08:00
8d94bf66-f22f-448b-9e25-0923645e5b37,M-2047,ORD-20260826-4368-0297,CONCESSION_ACCRUAL,11,296,2026-08-26T12:12:00+08:00
00bdfcf1-9eeb-4380-b522-6b8d0adf90d7,M-1547,ORD-20260826-6614-0298,CONCESSION_ACCRUAL,8,633,2026-08-26T11:23:00+08:00
0081ee4a-fbe4-443a-aaec-59d310c52e5c,M-1170,ORD-20260826-7867-0299,CONCESSION_ACCRUAL,9,64,2026-08-26T17:30:00+08:00
a759a79c-2968-4c85-9395-dcade57eace1,M-1637,ORD-20260826-8831-0300,CONCESSION_ACCRUAL,36,1419,2026-08-26T19:24:00+08:00
a91e2794-c959-47dc-9c0d-b54bb16d895e,M-1258,ORD-20260826-1108-0301,CONCESSION_ACCRUAL,38,786,2026-08-26T22:10:00+08:00
8caa0343-135a-47f2-95c9-118b9f17a619,M-1556,ORD-20260826-4659-0302,CONCESSION_ACCRUAL,15,616,2026-08-26T16:25:00+08:00
41cac599-1836-4387-a002-aca732edd77c,M-2181,ORD-20260826-3475-0303,CONCESSION_ACCRUAL,18,125,2026-08-26T10:10:00+08:00
c7794645-a02e-41ea-b7f3-8c757c41dbd4,M-1115,ORD-20260826-3187-0304,CONCESSION_ACCRUAL,15,246,2026-08-26T20:33:00+08:00
9dd93edc-9849-406e-ac8d-1b94b378858a,M-2056,ORD-20260826-4158-0305,CONCESSION_ACCRUAL,11,346,2026-08-26T21:39:00+08:00
ac63dcc3-c1af-4a3d-93ca-1aae7abcf624,M-1445,ORD-20260826-5931-0306,CONCESSION_ACCRUAL,10,312,2026-08-26T09:04:00+08:00
7a92674a-f2bd-4353-a606-3ff5113c9d80,M-1631,ORD-20260826-3164-0307,CONCESSION_ACCRUAL,16,388,2026-08-26T10:18:00+08:00
a5ccd822-04e4-426d-9c86-d247ca5e61ff,M-2049,ORD-20260826-2761-0308,CONCESSION_ACCRUAL,41,178,2026-08-26T15:07:00+08:00
96893ab4-d0c3-45df-9ac6-991cba487ea2,M-1972,ORD-20260826-6511-0309,CONCESSION_ACCRUAL,7,216,2026-08-26T19:26:00+08:00
c7c75771-19aa-41b5-bca7-2ff35df6d099,M-1512,ORD-20260826-1152-0310,CONCESSION_ACCRUAL,27,684,2026-08-26T10:14:00+08:00
22faa4a7-34c7-4878-920d-5cc421f1f7e5,M-1337,ORD-20260826-2302-0311,CONCESSION_ACCRUAL,41,673,2026-08-26T17:11:00+08:00
4af844c7-3015-462b-b0c2-a1df3dfe35d1,M-1537,ORD-20260826-4512-0312,CONCESSION_ACCRUAL,8,529,2026-08-26T18:42:00+08:00
