ledger_id,member_id,source_reference_id,transaction_type,points_delta,resulting_balance,created_at
7a7964d7-905f-4781-bb34-6e7bd5b7463d,M-1222,SESS-20260718-8158-0000,RENTAL_ACCRUAL,18,192,2026-07-18T20:30:00+08:00
06d96050-8671-4aac-a4b7-c16576ef3729,M-1434,SESS-20260718-8039-0001,RENTAL_ACCRUAL,72,331,2026-07-18T19:30:00+08:00
6c1b7a90-c035-4334-a5d1-8d747518ad7b,M-1609,SESS-20260718-7245-0002,RENTAL_ACCRUAL,18,366,2026-07-18T23:30:00+08:00
fc628548-f9ee-4d23-9c80-89368b16afae,M-1219,SESS-20260718-7201-0003,RENTAL_ACCRUAL,10,252,2026-07-18T22:00:00+08:00
a3d17f12-be15-49a7-aa96-8adf5e584a63,M-1460,SESS-20260718-2946-0004,RENTAL_ACCRUAL,24,187,2026-07-18T16:00:00+08:00
12db2686-4d9d-460e-9143-025f171ce996,M-1935,SESS-20260718-8019-0005,RENTAL_ACCRUAL,25,49,2026-07-18T12:50:00+08:00
f9d420ab-2269-43fa-8756-cb8fe6913237,M-1433,SESS-20260718-9785-0006,RENTAL_ACCRUAL,15,75,2026-07-18T20:00:00+08:00
b45f0d9f-7d64-4228-8270-9318ada22e47,M-2092,SESS-20260718-2163-0007,RENTAL_REDEMPTION,-100,65,2026-07-18T21:00:00+08:00
d81591bf-24aa-4456-ac1a-7660670c0afd,M-2092,SESS-20260718-2163-0007,RENTAL_ACCRUAL,31,96,2026-07-19T00:00:00+08:00
41fdf414-7a73-4e9c-8a48-0d18d1c1596b,M-1206,SESS-20260718-9536-0008,RENTAL_ACCRUAL,25,252,2026-07-18T19:30:00+08:00
158ae02c-0d10-4169-8b46-dd0e23897767,M-1711,SESS-20260718-4052-0009,RENTAL_REDEMPTION,-200,139,2026-07-18T12:00:00+08:00
54a2f891-dc85-433c-94d0-6e738fee0564,M-1711,SESS-20260718-4052-0009,RENTAL_ACCRUAL,55,194,2026-07-18T17:00:00+08:00
08c88afe-d798-48dc-bd1c-4e4050a9360b,M-1411,SESS-20260718-5368-0010,RENTAL_ACCRUAL,11,455,2026-07-18T22:30:00+08:00
308b9fc0-7085-42f3-a21e-7cea8340608b,M-1713,SESS-20260718-7453-0011,RENTAL_REDEMPTION,-200,281,2026-07-18T12:15:00+08:00
5b2fa469-b677-4d15-a28a-d84f7b5ad3d1,M-1713,SESS-20260718-7453-0011,RENTAL_ACCRUAL,4,285,2026-07-18T15:15:00+08:00
732e1896-54a7-4e7c-936b-01dca2e48da4,M-2148,SESS-20260718-3774-0012,RENTAL_ACCRUAL,15,42,2026-07-18T11:45:00+08:00
2fda4469-af17-40b5-86b7-0fbcd591fa44,M-1566,SESS-20260718-8487-0013,RENTAL_ACCRUAL,16,213,2026-07-18T15:00:00+08:00
cef7c43c-0cb1-40ec-9856-daa8f8b5138a,M-1032,SESS-20260718-8980-0014,RENTAL_ACCRUAL,11,121,2026-07-18T18:00:00+08:00
97c55b5c-039d-4c4a-a90c-7144ad5975a3,M-1157,SESS-20260718-3150-0015,RENTAL_ACCRUAL,45,96,2026-07-18T06:15:00+08:00
494d0ba2-09f8-4865-966d-9487730e6648,M-1429,SESS-20260718-9708-0016,RENTAL_ACCRUAL,5,312,2026-07-18T15:30:00+08:00
649d389a-0a21-4c57-953a-69bd8e8cfa79,M-1718,SESS-20260718-9980-0017,RENTAL_ACCRUAL,18,1209,2026-07-18T07:50:00+08:00
f1a396ca-9125-4c8a-85a8-e543a7509bfc,M-1592,SESS-20260718-2150-0018,RENTAL_ACCRUAL,9,81,2026-07-18T11:00:00+08:00
8098178f-b5f0-4e68-9e45-a5ab22cf8404,M-1562,SESS-20260718-7507-0019,RENTAL_ACCRUAL,28,764,2026-07-18T21:30:00+08:00
be034eaa-a4a5-488a-a772-e3d5dc5be13e,M-1044,SESS-20260718-5321-0020,RENTAL_ACCRUAL,11,535,2026-07-18T17:15:00+08:00
62ebd1b8-6166-492d-89e4-00f44523f38d,M-1173,SESS-20260718-8651-0021,RENTAL_ACCRUAL,48,268,2026-07-19T01:00:00+08:00
95bbb8ac-0462-4767-b8d0-4651bf902766,M-1404,SESS-20260718-6037-0022,RENTAL_ACCRUAL,27,259,2026-07-18T20:30:00+08:00
83933b18-dc7b-48dc-b510-3a9d68f8f32d,M-1101,SESS-20260718-7897-0023,RENTAL_ACCRUAL,18,217,2026-07-18T23:45:00+08:00
cafc479e-1965-4d48-bc6c-88a1896747d8,M-1611,SESS-20260718-6127-0024,RENTAL_ACCRUAL,27,133,2026-07-18T21:30:00+08:00
adbed5be-d3ac-4509-ad74-abbd5d88aece,M-1210,SESS-20260718-6252-0025,RENTAL_ACCRUAL,72,831,2026-07-19T01:30:00+08:00
b53ec4b5-6aed-49e4-9ee7-fd2246add17e,M-1558,SESS-20260718-9364-0026,RENTAL_REDEMPTION,-200,149,2026-07-18T05:00:00+08:00
c99983fe-9c9f-45b9-bc7e-bc31089100fb,M-1558,SESS-20260718-9364-0026,RENTAL_ACCRUAL,4,153,2026-07-18T08:00:00+08:00
1dd120b0-094e-4bc0-9db5-6e9a204ec4e2,M-1554,SESS-20260718-7533-0027,RENTAL_ACCRUAL,18,979,2026-07-18T09:00:00+08:00
2664acc7-079f-430a-8c9f-1ec71b80329c,M-1423,SESS-20260718-7422-0028,RENTAL_ACCRUAL,27,396,2026-07-18T22:00:00+08:00
eeeefa83-0eb1-48f4-93b1-cee040b1f871,M-1120,SESS-20260718-4611-0029,RENTAL_REDEMPTION,-300,470,2026-07-18T18:45:00+08:00
3ab3c635-3b9c-4344-a7ac-9d5d57f5cc15,M-1120,SESS-20260718-4611-0029,RENTAL_ACCRUAL,21,491,2026-07-18T21:45:00+08:00
b385646f-52a9-4ed7-ba07-b24500ed9cad,M-1375,SESS-20260718-7514-0030,RENTAL_ACCRUAL,16,255,2026-07-19T00:30:00+08:00
d3c9bbc3-fffa-4293-a63a-e0041ee6ceb4,M-1642,SESS-20260718-4643-0031,RENTAL_REDEMPTION,-100,16,2026-07-18T13:30:00+08:00
b537c8fe-b133-431e-8970-5e1a662c3ca9,M-1642,SESS-20260718-4643-0031,RENTAL_ACCRUAL,20,36,2026-07-18T15:30:00+08:00
add9d9d6-ca32-46ef-8a42-7ab77dfaf995,M-1705,SESS-20260718-7046-0032,RENTAL_ACCRUAL,16,143,2026-07-18T18:30:00+08:00
c8177e4f-cc89-48d6-af21-931db1484160,M-1451,SESS-20260718-1827-0033,RENTAL_ACCRUAL,9,375,2026-07-18T20:45:00+08:00
71bc954f-176d-4e20-befe-47587a077ec0,M-1497,SESS-20260718-6708-0034,RENTAL_ACCRUAL,16,751,2026-07-18T17:45:00+08:00
89ba2e21-d965-4ae9-b311-e72a3d3c07ba,M-1745,SESS-20260718-4590-0035,RENTAL_ACCRUAL,11,528,2026-07-19T01:00:00+08:00
055e2027-8e75-486d-a9df-2ad8aff4f0a4,M-1417,SESS-20260718-5713-0036,RENTAL_ACCRUAL,9,231,2026-07-18T19:15:00+08:00
398efe0c-9653-4170-9112-9a1e7cda55c5,M-1033,SESS-20260718-5419-0037,RENTAL_ACCRUAL,40,213,2026-07-18T20:15:00+08:00
0c0924a8-2105-4c06-90d8-267f426dedb8,M-1033,TIER_UPGRADE_Standard_TO_Silver,TIER_BONUS,50,263,2026-07-18T20:15:00+08:00
41ca80cb-ec4e-4ec7-bbcf-67a9aa4c609f,M-1367,SESS-20260718-2091-0038,RENTAL_ACCRUAL,18,359,2026-07-18T23:45:00+08:00
71f79c9e-689a-4457-ac78-493b7d363ff2,M-1925,SESS-20260718-9239-0039,RENTAL_ACCRUAL,24,64,2026-07-18T21:30:00+08:00
a0b8af05-2320-4fb1-a8ba-56ceda652e74,M-1514,SESS-20260718-2344-0040,RENTAL_ACCRUAL,9,435,2026-07-18T23:45:00+08:00
e0a847ee-6566-43eb-a44d-89c0abec1c43,M-1742,SESS-20260718-6323-0041,RENTAL_ACCRUAL,18,94,2026-07-18T19:15:00+08:00
8e07e426-c7d4-49b1-99d4-8a29651bc7f7,M-2000,SESS-20260718-2008-0042,RENTAL_REDEMPTION,-100,96,2026-07-18T13:00:00+08:00
0a2bb200-76c0-4d57-b38d-cb1c3df7c4c4,M-2000,SESS-20260718-2008-0042,RENTAL_ACCRUAL,7,103,2026-07-18T14:00:00+08:00
2a795181-b376-488b-ae0e-e6689ab6bf34,M-1386,SESS-20260718-5388-0043,RENTAL_ACCRUAL,13,188,2026-07-18T16:40:00+08:00
a39e4929-0ba0-40e2-a55a-e96051673b70,M-1665,SESS-20260718-2465-0044,RENTAL_ACCRUAL,48,1704,2026-07-19T03:00:00+08:00
795aabea-188e-4acb-a236-32b39cbb9c11,M-1458,SESS-20260718-6608-0045,RENTAL_ACCRUAL,45,145,2026-07-18T20:00:00+08:00
66db02db-f909-448e-8ebc-5694750bf289,M-1753,SESS-20260718-1994-0046,RENTAL_ACCRUAL,28,304,2026-07-18T20:15:00+08:00
14456f30-691d-4114-a52b-cebaa5b26e72,M-1724,SESS-20260718-4768-0047,RENTAL_ACCRUAL,5,195,2026-07-18T23:15:00+08:00
90d1381f-ad8d-4006-aedf-3cb926f804ef,M-1619,SESS-20260718-6667-0048,RENTAL_ACCRUAL,24,77,2026-07-18T21:45:00+08:00
baa78f25-e0a5-4d7a-9e2c-1a2051f70608,M-1619,TIER_UPGRADE_Standard_TO_Silver,TIER_BONUS,50,127,2026-07-18T21:45:00+08:00
7be86155-1bfb-4bc5-9838-5293639e866e,M-1114,SESS-20260718-8644-0049,RENTAL_ACCRUAL,11,260,2026-07-18T09:15:00+08:00
d81b6f69-e067-4651-a000-d2fd4c750538,M-1959,SESS-20260718-3843-0050,RENTAL_ACCRUAL,12,239,2026-07-18T18:00:00+08:00
3399b2f3-b754-4edd-97f4-515bcaebf637,M-1200,SESS-20260718-3823-0051,RENTAL_REDEMPTION,-100,30,2026-07-18T22:15:00+08:00
d611e924-6bbe-44ac-9e37-caef0b70aed5,M-1200,SESS-20260718-3823-0051,RENTAL_ACCRUAL,2,32,2026-07-18T23:15:00+08:00
1c2cbb63-997e-4b34-acc8-99196dada6eb,M-1022,SESS-20260718-8504-0052,RENTAL_ACCRUAL,27,158,2026-07-18T23:30:00+08:00
61eabe1b-57ae-4e17-9374-8d238e8d800a,M-1854,SESS-20260718-8776-0053,RENTAL_ACCRUAL,16,157,2026-07-18T16:00:00+08:00
cd875f21-40a2-4ccb-902e-3d515f4011b6,M-1452,SESS-20260718-7631-0054,RENTAL_ACCRUAL,27,211,2026-07-18T14:15:00+08:00
07423e3e-b981-4736-bb25-e051c85e81b6,M-1930,SESS-20260718-7114-0055,RENTAL_REDEMPTION,-100,69,2026-07-18T14:45:00+08:00
bac0c957-637a-4595-90c5-377b15c75732,M-1930,SESS-20260718-7114-0055,RENTAL_ACCRUAL,31,100,2026-07-18T17:45:00+08:00
a0dd1492-113a-495d-85fb-4eaba52437cd,M-1761,SESS-20260718-7851-0056,RENTAL_ACCRUAL,5,278,2026-07-18T19:45:00+08:00
e23378f2-4ac1-4a46-8a87-bf48d259163a,M-1862,SESS-20260718-4238-0057,RENTAL_ACCRUAL,10,75,2026-07-18T21:00:00+08:00
5e535b38-70ff-42a0-8320-0226d6b4b83a,M-1771,SESS-20260718-6513-0058,RENTAL_ACCRUAL,27,154,2026-07-18T20:00:00+08:00
70cbe55c-29a7-4166-b38f-0155412045ea,M-1060,SESS-20260718-1987-0059,RENTAL_ACCRUAL,40,260,2026-07-18T16:30:00+08:00
cdf54d85-8e5d-4a9e-a7ac-0b6a198fb6fe,M-1696,SESS-20260718-7050-0060,RENTAL_ACCRUAL,18,881,2026-07-19T00:00:00+08:00
63785495-6f5a-43ae-91fc-4c178ce6396d,M-1193,SESS-20260718-7469-0061,RENTAL_ACCRUAL,18,323,2026-07-19T00:30:00+08:00
baffadc0-5f57-4d7c-b324-078f854f7836,M-1572,SESS-20260718-4326-0062,RENTAL_ACCRUAL,18,307,2026-07-19T01:55:00+08:00
35ce466e-5435-4eb0-83bc-01f587d32c35,M-1279,SESS-20260718-7935-0063,RENTAL_ACCRUAL,11,95,2026-07-18T22:00:00+08:00
4245c13f-a04b-4d02-8ed5-abf63a1267a3,M-1833,SESS-20260718-4127-0064,RENTAL_ACCRUAL,11,106,2026-07-18T23:40:00+08:00
2fba9b3f-b486-4182-9a03-87ab45211ec3,M-1419,SESS-20260718-6163-0065,RENTAL_ACCRUAL,15,303,2026-07-18T22:15:00+08:00
accf8e76-f5ca-4e95-b52a-80b2537b72b7,M-1419,TIER_UPGRADE_Standard_TO_Silver,TIER_BONUS,50,353,2026-07-18T22:15:00+08:00
d739d971-38e8-4e83-896c-afcdac66491f,M-1496,SESS-20260718-9962-0066,RENTAL_ACCRUAL,45,361,2026-07-19T01:00:00+08:00
53155ea7-cc0d-4596-b8aa-e59cdde4330f,M-1464,SESS-20260718-3462-0067,RENTAL_ACCRUAL,9,186,2026-07-18T15:15:00+08:00
5fd13d8f-c5b8-483b-9234-a2e4bd943c4d,M-1380,SESS-20260718-9846-0068,RENTAL_ACCRUAL,40,178,2026-07-18T21:45:00+08:00
e9cdcc98-fb9a-437b-a006-d56d6d76c446,M-1157,SESS-20260718-3399-0069,RENTAL_ACCRUAL,5,101,2026-07-18T20:15:00+08:00
8c686174-6b8a-4664-aae5-8fb4e7ef855b,M-1250,SESS-20260718-1590-0070,RENTAL_ACCRUAL,27,154,2026-07-18T17:45:00+08:00
c1eb3504-e92b-4f65-b373-0c9c5a496530,M-1967,SESS-20260718-5620-0071,RENTAL_REDEMPTION,-100,7,2026-07-18T22:00:00+08:00
de88617b-2335-4e33-8d71-8e4a1e17e782,M-1967,SESS-20260718-5620-0071,RENTAL_ACCRUAL,5,12,2026-07-19T00:00:00+08:00
3aed3654-616b-45a0-ae4c-7f05d76c911b,M-1237,SESS-20260718-6890-0072,RENTAL_ACCRUAL,5,301,2026-07-18T19:00:00+08:00
4af5296f-ce07-42b3-a9aa-3708e72f2255,M-1164,SESS-20260718-9332-0073,RENTAL_REDEMPTION,-200,72,2026-07-18T15:30:00+08:00
1916c1a7-4e1d-4096-9bc0-05943a9d10eb,M-1164,SESS-20260718-9332-0073,RENTAL_ACCRUAL,32,104,2026-07-18T20:30:00+08:00
679a6525-7f83-444d-95e3-978471df2d99,M-1704,SESS-20260718-7442-0074,RENTAL_ACCRUAL,24,77,2026-07-19T00:00:00+08:00
00e9c352-fb6e-45da-98f9-11efa4734494,M-1349,SESS-20260718-3879-0075,RENTAL_REDEMPTION,-300,292,2026-07-18T01:10:00+08:00
57315f1d-2206-461d-a8ef-4abf7c6c9d80,M-1349,SESS-20260718-3879-0075,RENTAL_ACCRUAL,9,301,2026-07-18T06:10:00+08:00
e108d14f-7ca1-40ab-adf2-eb01a5e8156e,M-1427,SESS-20260718-3798-0076,RENTAL_ACCRUAL,24,235,2026-07-18T12:45:00+08:00
38452544-cbe7-4266-b020-7521eace5f8f,M-1444,SESS-20260718-4082-0077,RENTAL_ACCRUAL,12,3429,2026-07-18T22:15:00+08:00
010aacbc-cdea-481f-9ad1-fede2e7a303f,M-1561,SESS-20260718-1338-0078,RENTAL_ACCRUAL,11,288,2026-07-18T20:45:00+08:00
0d29c732-0033-43f6-a7fb-5c56f8de7cb9,M-1556,SESS-20260718-2175-0079,RENTAL_ACCRUAL,9,216,2026-07-18T23:30:00+08:00
0d4e5a73-ceda-45ca-9e00-2416eaa39f66,M-1608,SESS-20260718-2002-0080,RENTAL_ACCRUAL,16,288,2026-07-18T23:30:00+08:00
864922da-1838-474a-8d5a-866d2bf2cd69,M-1992,SESS-20260718-9798-0081,RENTAL_ACCRUAL,8,77,2026-07-18T18:00:00+08:00
c8e00069-bb31-44a6-bdde-b01b97c6e554,M-1060,SESS-20260718-6790-0082,RENTAL_REDEMPTION,-100,160,2026-07-18T23:00:00+08:00
c0178374-4f67-4739-80ee-7343d98c8b0a,M-1060,SESS-20260718-6790-0082,RENTAL_ACCRUAL,5,165,2026-07-19T01:00:00+08:00
b4b4ef9f-6016-4c71-8249-c88e365963cf,M-1316,SESS-20260718-4864-0083,RENTAL_ACCRUAL,5,119,2026-07-18T16:30:00+08:00
8f700dec-e685-4ae4-b7b6-1867ef0e059f,M-1312,SESS-20260718-4809-0084,RENTAL_ACCRUAL,11,399,2026-07-18T16:30:00+08:00
6d831425-75d1-49b8-a074-ef691ad78401,M-1616,SESS-20260718-4345-0085,RENTAL_REDEMPTION,-100,25,2026-07-18T09:30:00+08:00
4a9c71b4-f4cf-4251-bfcd-108a8d7673c6,M-1616,SESS-20260718-4345-0085,RENTAL_ACCRUAL,5,30,2026-07-18T11:30:00+08:00
c510bd6d-dbcc-47ea-a678-fd404f5c4cc6,M-2063,SESS-20260718-4734-0086,RENTAL_REDEMPTION,-100,128,2026-07-18T14:45:00+08:00
bc7a371b-c9d7-4b83-89ee-ec742981ba75,M-2063,SESS-20260718-4734-0086,RENTAL_ACCRUAL,20,148,2026-07-18T19:45:00+08:00
85c1a021-34d1-4db7-ab0c-0de736a5f1e7,M-2119,SESS-20260718-3852-0087,RENTAL_ACCRUAL,15,118,2026-07-19T00:30:00+08:00
02e7d4ac-b903-4e42-889c-4ea070877d73,M-1299,SESS-20260718-7097-0088,RENTAL_ACCRUAL,72,335,2026-07-19T03:30:00+08:00
c027cfc6-d187-41be-b243-f90cf817c341,M-1110,SESS-20260718-9909-0089,RENTAL_ACCRUAL,11,221,2026-07-18T22:00:00+08:00
ea400350-6d84-4989-986b-ebeac0b61d63,M-1777,SESS-20260718-8395-0090,RENTAL_ACCRUAL,30,255,2026-07-18T21:30:00+08:00
12f98dc4-3b4b-4daa-b057-191ff92dd019,M-1739,SESS-20260718-6734-0091,RENTAL_ACCRUAL,5,124,2026-07-18T21:30:00+08:00
8f457661-e0cc-46ab-b693-7eabc7eb4495,M-1104,SESS-20260718-4697-0092,RENTAL_ACCRUAL,18,322,2026-07-18T16:15:00+08:00
bcb054de-5252-41de-a1ec-a66d4ee41d98,M-1378,SESS-20260718-3818-0093,RENTAL_ACCRUAL,27,212,2026-07-18T22:00:00+08:00
d8c48cbe-9caa-4586-9728-18051696ca22,M-1194,SESS-20260718-2819-0094,RENTAL_ACCRUAL,24,149,2026-07-18T16:45:00+08:00
bafd95c3-81ca-4b3a-9f96-bc615de084d5,M-1207,SESS-20260718-3284-0095,RENTAL_ACCRUAL,5,368,2026-07-18T15:30:00+08:00
48ddc0f5-266f-4a65-8c00-bbd77ca61bcc,M-1674,SESS-20260718-3343-0096,RENTAL_ACCRUAL,27,484,2026-07-18T18:40:00+08:00
12dc110e-2cde-4e49-ad1a-76246800f9aa,M-1392,SESS-20260718-9183-0097,RENTAL_ACCRUAL,43,666,2026-07-19T02:40:00+08:00
2899251a-9afd-4b34-abe8-83f5386b37ab,M-1318,SESS-20260718-6294-0098,RENTAL_ACCRUAL,5,367,2026-07-18T17:40:00+08:00
7405bc7d-4f6d-4f59-8006-e5eab20b8b96,M-1117,SESS-20260718-4661-0099,RENTAL_ACCRUAL,25,108,2026-07-18T06:45:00+08:00
af07bd53-f74a-4838-a1d5-6723b1986ea3,M-1108,SESS-20260718-2263-0100,RENTAL_ACCRUAL,9,184,2026-07-18T22:00:00+08:00
e1ef34d0-21f0-4e0a-944a-4f0d4e67f5d6,M-1583,SESS-20260718-1258-0101,RENTAL_ACCRUAL,28,239,2026-07-18T23:15:00+08:00
eb90b94a-bd81-404a-ba1b-722971f599c4,M-1432,SESS-20260718-1639-0102,RENTAL_REDEMPTION,-300,2973,2026-07-18T22:15:00+08:00
49957b22-1eb5-4f9e-828c-9cd43c52c70f,M-1432,SESS-20260718-1639-0102,RENTAL_ACCRUAL,7,2980,2026-07-19T03:15:00+08:00
31f4344d-f4fd-4408-9ac7-890467fdfa22,M-1568,SESS-20260718-2075-0103,RENTAL_ACCRUAL,11,339,2026-07-18T11:00:00+08:00
62eaddbb-43c9-4071-991d-678157dc2cc3,M-1700,SESS-20260718-6583-0104,RENTAL_ACCRUAL,16,170,2026-07-19T01:50:00+08:00
bc1a2b41-60ea-4f51-8257-5c10a5dc2679,M-1133,SESS-20260718-4891-0105,RENTAL_ACCRUAL,12,254,2026-07-19T00:05:00+08:00
c8aa3b07-0903-41f4-b3ab-0581b8830e1e,M-1620,SESS-20260718-5166-0106,RENTAL_REDEMPTION,-100,530,2026-07-18T13:00:00+08:00
593cdbca-315c-4ca7-b727-2c656848cdb7,M-1620,SESS-20260718-5166-0106,RENTAL_ACCRUAL,10,540,2026-07-18T16:00:00+08:00
8c2f3786-9363-42eb-8b84-bda7d3253f80,M-1765,SESS-20260718-3692-0107,RENTAL_ACCRUAL,16,107,2026-07-18T16:30:00+08:00
d29b1048-f02b-48dd-810d-d241962f7354,M-1813,SESS-20260718-4646-0108,RENTAL_ACCRUAL,11,871,2026-07-19T01:45:00+08:00
25e29c97-efc5-4605-acf7-f5c7a68c644b,M-1709,SESS-20260718-7046-0109,RENTAL_ACCRUAL,16,294,2026-07-19T00:00:00+08:00
55ccef2a-1934-42a5-914b-94d6a8e84f8c,M-1072,SESS-20260718-2249-0110,RENTAL_ACCRUAL,18,112,2026-07-18T14:30:00+08:00
7d81ce15-ce29-4d80-9f38-95438eb5299f,M-1462,SESS-20260718-5147-0111,RENTAL_ACCRUAL,5,21,2026-07-19T00:00:00+08:00
01dfbc5f-512a-4cfc-85a9-40fa5182f9d0,M-2038,SESS-20260718-7987-0112,RENTAL_ACCRUAL,15,50,2026-07-18T19:45:00+08:00
37f9c1bc-4b6e-4524-9be1-3005cb38ba85,M-1260,SESS-20260718-1393-0113,RENTAL_ACCRUAL,11,466,2026-07-18T12:00:00+08:00
693c3146-e032-4b8b-885e-5a97bb245468,M-1540,SESS-20260718-7380-0114,RENTAL_REDEMPTION,-300,137,2026-07-18T16:30:00+08:00
18aba9d7-52d4-4829-8c6d-132c2c5a9958,M-1540,SESS-20260718-7380-0114,RENTAL_ACCRUAL,8,145,2026-07-18T19:30:00+08:00
4c6c8c82-d749-492c-b740-70e86bdf6bc9,M-1167,SESS-20260718-1023-0115,RENTAL_ACCRUAL,6,590,2026-07-19T00:15:00+08:00
756e2c27-8241-4713-8647-6f8a931e41c5,M-1237,SESS-20260718-8835-0116,RENTAL_ACCRUAL,45,346,2026-07-19T03:15:00+08:00
c2b97352-809d-459c-9017-0aee060bf5fa,M-1358,SESS-20260718-4830-0117,RENTAL_ACCRUAL,18,88,2026-07-18T10:30:00+08:00
b1e97b51-9c00-4f5e-a525-b501c4f0d51e,M-1897,SESS-20260718-5129-0118,RENTAL_ACCRUAL,5,179,2026-07-18T21:00:00+08:00
0bb3b4a1-bf26-4b82-8973-196b1a9f2792,M-1838,SESS-20260718-5423-0119,RENTAL_ACCRUAL,11,386,2026-07-18T21:15:00+08:00
180cf45a-3e4a-49a3-971a-03eb07e81860,M-1484,SESS-20260718-8817-0120,RENTAL_ACCRUAL,18,138,2026-07-18T16:15:00+08:00
f0ce752d-90da-4f42-ba2f-05372fcb27fa,M-1529,SESS-20260718-1023-0121,RENTAL_REDEMPTION,-100,99,2026-07-18T23:50:00+08:00
ff3693e8-179d-491c-9886-e6e4500fa27c,M-1529,SESS-20260718-1023-0121,RENTAL_ACCRUAL,5,104,2026-07-19T01:50:00+08:00
89b2c992-bec0-423f-a9d7-9e34e6b7d4da,M-1270,SESS-20260718-9974-0122,RENTAL_REDEMPTION,-100,760,2026-07-18T22:15:00+08:00
0ff51ff1-46ea-41f5-b696-2cebd3255a3f,M-1270,SESS-20260718-9974-0122,RENTAL_ACCRUAL,20,780,2026-07-19T01:15:00+08:00
6bb15122-e3ee-4826-8984-3e6ed81db8f9,M-1981,SESS-20260718-5572-0123,RENTAL_ACCRUAL,5,182,2026-07-18T21:15:00+08:00
3a2a07d0-3f5d-4ac1-ae15-70080217ed5f,M-1005,SESS-20260718-8843-0124,RENTAL_ACCRUAL,16,62,2026-07-18T21:30:00+08:00
e63821e9-593a-454a-bb87-85889dc17f4a,M-1620,SESS-20260718-8738-0125,RENTAL_ACCRUAL,27,567,2026-07-19T00:45:00+08:00
cf07b389-d24e-44fd-8848-741f39914c44,M-1178,SESS-20260718-7560-0126,RENTAL_REDEMPTION,-100,57,2026-07-18T05:30:00+08:00
7953d950-ce0d-47c6-80ba-ea662d6ff4f6,M-1178,SESS-20260718-7560-0126,RENTAL_ACCRUAL,10,67,2026-07-18T08:30:00+08:00
7a95d368-0433-470f-a2e3-d4dd2baa0854,M-1439,SESS-20260718-8846-0127,RENTAL_ACCRUAL,16,58,2026-07-19T01:35:00+08:00
4ea4dc08-c853-4471-8ed5-de99b6eed69e,M-1670,SESS-20260718-2117-0128,RENTAL_ACCRUAL,11,620,2026-07-18T23:05:00+08:00
eb6fd440-fda9-457e-b701-d92f0b3bcc96,M-1561,SESS-20260718-9742-0129,RENTAL_ACCRUAL,45,333,2026-07-19T02:45:00+08:00
61f89f63-1599-40e1-81ca-760e24f7a864,M-1656,SESS-20260718-4754-0130,RENTAL_ACCRUAL,30,282,2026-07-18T22:25:00+08:00
2a31a391-010b-456e-8cc2-119df4b740b5,M-1408,SESS-20260718-2053-0131,RENTAL_ACCRUAL,16,427,2026-07-19T00:30:00+08:00
11c8924a-1545-4458-b0f5-2b6140f7f333,M-1283,SESS-20260718-5430-0132,RENTAL_ACCRUAL,18,233,2026-07-18T10:15:00+08:00
4ebf99ed-aa29-4963-b54b-0bcb8bba64e0,M-1429,SESS-20260718-5501-0133,RENTAL_ACCRUAL,5,317,2026-07-18T22:00:00+08:00
5c7cc4a9-f11a-40d0-bba5-4d71c12a83e0,M-1209,SESS-20260718-1033-0134,RENTAL_ACCRUAL,18,160,2026-07-18T23:15:00+08:00
0451e11f-c588-4a6b-8023-55b1fad836d4,M-1731,SESS-20260718-6235-0135,RENTAL_ACCRUAL,9,287,2026-07-18T21:15:00+08:00
218e8013-fb3b-4965-ac47-394c3ce851fd,M-2163,SESS-20260718-4053-0136,RENTAL_ACCRUAL,24,173,2026-07-19T02:35:00+08:00
e00a00a5-9e36-4692-8f10-6f024708eab8,M-1604,SESS-20260718-4647-0137,RENTAL_REDEMPTION,-100,155,2026-07-18T17:15:00+08:00
3ff46df9-6069-4eb1-96e3-b3c5b106b4bf,M-1604,SESS-20260718-4647-0137,RENTAL_ACCRUAL,34,189,2026-07-18T20:15:00+08:00
d5906ca9-e7da-4429-ab7b-98cf41a218a4,M-1233,SESS-20260718-1883-0138,RENTAL_ACCRUAL,13,168,2026-07-18T20:00:00+08:00
8571d1ba-f93d-4358-8d2f-4cc133321090,M-1624,SESS-20260718-7665-0139,RENTAL_ACCRUAL,14,1131,2026-07-19T00:45:00+08:00
c78bac45-b38f-4c23-acfb-8b0e23396256,M-2064,SESS-20260718-4048-0140,RENTAL_ACCRUAL,10,138,2026-07-18T14:00:00+08:00
b4928d7e-0ebf-439c-be08-1f45d086771f,M-1641,SESS-20260718-5335-0141,RENTAL_ACCRUAL,8,182,2026-07-18T22:20:00+08:00
9445ad0c-76d7-4ed7-a654-cd17505eedb7,M-1398,SESS-20260718-4360-0142,RENTAL_ACCRUAL,6,1633,2026-07-18T22:30:00+08:00
3968fc74-2f66-40bc-82bd-d9cbf229a507,M-1391,SESS-20260718-9820-0143,RENTAL_ACCRUAL,40,256,2026-07-18T17:30:00+08:00
d7e2e9fd-c53e-4520-b725-af36196c9291,M-2105,SESS-20260718-4013-0144,RENTAL_ACCRUAL,10,85,2026-07-18T23:00:00+08:00
bc6a1c5c-e11f-4908-9624-93b67eda131d,M-1342,SESS-20260718-8761-0145,RENTAL_ACCRUAL,67,281,2026-07-19T01:00:00+08:00
02698929-82a7-4d03-b061-7ac90fda16e0,M-1612,SESS-20260718-3871-0146,RENTAL_ACCRUAL,18,368,2026-07-18T23:45:00+08:00
7f74b7ee-71a3-4945-965b-1af14a683214,M-1074,SESS-20260718-1923-0147,RENTAL_ACCRUAL,16,212,2026-07-18T20:00:00+08:00
332fd433-080b-4aca-9a8b-a906614aa53d,M-1360,SESS-20260718-9102-0148,RENTAL_ACCRUAL,10,93,2026-07-18T18:05:00+08:00
5732dacf-12fa-4d71-ad9a-33f9a97e90d1,M-1831,SESS-20260718-3313-0149,RENTAL_ACCRUAL,5,98,2026-07-18T17:30:00+08:00
df76aa65-3ffd-448e-b7b9-9e8b5fbcf821,M-1646,SESS-20260718-2762-0150,RENTAL_ACCRUAL,18,314,2026-07-18T23:45:00+08:00
afe3ea26-5da0-4f5c-886b-869342e7b117,M-1733,SESS-20260718-6749-0151,RENTAL_ACCRUAL,5,180,2026-07-18T23:45:00+08:00
24275eb1-513d-4162-a702-ebb75729301a,M-1968,SESS-20260718-7004-0152,RENTAL_ACCRUAL,16,104,2026-07-18T15:00:00+08:00
7013725b-d6b0-47d6-8d5b-42a8c20f5daf,M-1818,SESS-20260718-8473-0153,RENTAL_ACCRUAL,27,398,2026-07-18T16:45:00+08:00
9bbf9388-3b06-479d-ab1c-c48dee02c7e1,M-1294,SESS-20260718-5444-0154,RENTAL_REDEMPTION,-100,118,2026-07-18T21:30:00+08:00
841fe1c9-981c-4fed-ba5f-0704c4989205,M-1294,SESS-20260718-5444-0154,RENTAL_ACCRUAL,5,123,2026-07-18T23:30:00+08:00
8a979560-398a-4df2-81c9-89bbbbe20616,M-1463,SESS-20260718-1878-0155,RENTAL_ACCRUAL,18,3575,2026-07-18T23:00:00+08:00
0ba04448-f2f6-4d14-8048-0b4f5d64306a,M-1817,SESS-20260718-6912-0156,RENTAL_ACCRUAL,11,172,2026-07-19T01:30:00+08:00
376787f3-5397-4c28-ba6b-471c7c2e042f,M-1049,SESS-20260718-5220-0157,RENTAL_ACCRUAL,18,310,2026-07-18T17:30:00+08:00
e0702950-146f-4f40-b9aa-23e4c2c14c5c,M-1944,SESS-20260718-7699-0158,RENTAL_ACCRUAL,45,278,2026-07-18T18:00:00+08:00
1137ad30-51f3-4add-94e1-e929c0a45755,M-1592,SESS-20260718-3034-0159,RENTAL_ACCRUAL,5,86,2026-07-18T23:30:00+08:00
18aeac8c-c293-4029-b5f7-90657efc5cc7,M-1352,SESS-20260718-8887-0160,RENTAL_ACCRUAL,11,47,2026-07-18T17:15:00+08:00
da4a578e-79cd-4c1a-aa4a-d9e90c7407c3,M-1275,SESS-20260718-8876-0161,RENTAL_REDEMPTION,-100,235,2026-07-18T20:00:00+08:00
b684e7b2-719a-4862-b5a2-c925dc6c6a28,M-1275,SESS-20260718-8876-0161,RENTAL_ACCRUAL,10,245,2026-07-18T23:00:00+08:00
c5708850-11ca-4d37-a98b-e22fa08ab9d4,M-1520,SESS-20260718-1954-0162,RENTAL_REDEMPTION,-100,746,2026-07-18T17:45:00+08:00
1911c94b-41c3-42e0-8eb5-40b6593b2b5c,M-1520,SESS-20260718-1954-0162,RENTAL_ACCRUAL,4,750,2026-07-18T19:45:00+08:00
0bf37db7-2d65-4ddb-b106-8874a29cd6db,M-1050,SESS-20260718-6460-0163,RENTAL_ACCRUAL,18,347,2026-07-18T21:45:00+08:00
c2fb7702-f0eb-4deb-84f7-a9ce7c751274,M-1988,SESS-20260718-6021-0164,RENTAL_ACCRUAL,24,143,2026-07-18T03:55:00+08:00
6b5c19f4-864f-4348-931c-b3fd37201714,M-1018,SESS-20260718-7300-0165,RENTAL_ACCRUAL,10,268,2026-07-18T14:55:00+08:00
6dc218a6-c369-4bdf-af71-bab24c2250ef,M-1268,SESS-20260718-8373-0166,RENTAL_ACCRUAL,15,126,2026-07-18T23:30:00+08:00
863e6d29-d7a3-4502-82c5-23ec696bd7b2,M-1630,SESS-20260718-1737-0167,RENTAL_ACCRUAL,12,431,2026-07-18T23:45:00+08:00
b2d16a14-1443-4791-9f87-a29b96e712b7,M-1291,SESS-20260718-8469-0168,RENTAL_ACCRUAL,9,91,2026-07-18T11:15:00+08:00
c5371bfa-d6d8-4b53-928d-5381d0ef38dc,M-1507,SESS-20260718-7709-0169,RENTAL_ACCRUAL,5,155,2026-07-18T21:15:00+08:00
e788d068-956a-4a5b-9ddc-56d7257f2719,M-1962,SESS-20260718-5066-0170,RENTAL_ACCRUAL,25,47,2026-07-18T09:15:00+08:00
5830ad82-81d6-4176-9e63-e5efad520bf6,M-1863,SESS-20260718-8818-0171,RENTAL_ACCRUAL,10,65,2026-07-18T23:15:00+08:00
70616035-fd17-47c8-8e2b-21cbb50ddb67,M-1346,SESS-20260718-3265-0172,RENTAL_ACCRUAL,45,204,2026-07-19T01:45:00+08:00
967f9a6c-a144-4559-81d2-bfffbb6ae536,M-1467,SESS-20260718-5030-0173,RENTAL_ACCRUAL,11,254,2026-07-18T16:30:00+08:00
5657660d-3cba-44be-bfe0-c5e9ff3b3adf,M-1023,SESS-20260718-4151-0174,RENTAL_REDEMPTION,-100,88,2026-07-18T14:15:00+08:00
52a27938-2c43-413e-95df-98a822bc068c,M-1746,SESS-20260718-3229-0175,RENTAL_ACCRUAL,25,195,2026-07-19T04:15:00+08:00
d9b09d2c-2d80-40b5-a9ef-3ce704c5f75b,M-1082,SESS-20260718-5532-0176,RENTAL_ACCRUAL,40,201,2026-07-18T13:00:00+08:00
63a046df-a2ae-437d-9ee4-7b90a0d39086,M-1644,SESS-20260718-3850-0177,RENTAL_ACCRUAL,10,104,2026-07-18T20:45:00+08:00
4e4b58dd-c3a8-495f-b853-b24b0639bfbf,M-1533,SESS-20260718-8328-0178,RENTAL_ACCRUAL,12,623,2026-07-18T21:55:00+08:00
099d4425-f631-46d6-a7fd-5285cff1630b,M-1325,SESS-20260718-6171-0179,RENTAL_REDEMPTION,-200,12,2026-07-18T13:30:00+08:00
a7fdf2df-9ddf-42d5-9c5a-fdcbf8fc7953,M-1325,SESS-20260718-6171-0179,RENTAL_ACCRUAL,15,27,2026-07-18T18:30:00+08:00
a32d058c-9eb2-4964-8004-57d7ae023596,M-1672,SESS-20260718-2830-0180,RENTAL_ACCRUAL,5,99,2026-07-18T17:00:00+08:00
cd656d67-2335-4b03-9e8f-c815bd7186c5,M-1159,SESS-20260718-1369-0181,RENTAL_ACCRUAL,11,136,2026-07-18T19:30:00+08:00
0eb8c497-5207-485e-a8ed-0beefc6c2179,M-1480,SESS-20260718-6987-0182,RENTAL_REDEMPTION,-200,16,2026-07-18T22:45:00+08:00
a3cb47a6-1fc8-4302-a58f-ea03b76d0bae,M-1326,SESS-20260718-7878-0183,RENTAL_ACCRUAL,10,277,2026-07-18T22:45:00+08:00
7eb0b207-3f81-4573-84e5-d93492a9c02c,M-1373,SESS-20260718-9757-0184,RENTAL_ACCRUAL,11,397,2026-07-19T01:45:00+08:00
dc423e6e-7b68-49a7-9680-cd740f7cf5fe,M-2167,SESS-20260718-9076-0185,RENTAL_REDEMPTION,-100,5,2026-07-18T04:30:00+08:00
e209aac2-2332-4a86-8d2a-fae46c3db622,M-2167,SESS-20260718-9076-0185,RENTAL_ACCRUAL,11,16,2026-07-18T06:30:00+08:00
61ce38a4-7071-4109-9d93-a6701eabbc71,M-1738,SESS-20260718-2094-0186,RENTAL_ACCRUAL,9,305,2026-07-18T21:25:00+08:00
df101d5d-3ec0-48c5-bd3b-3e39e86e4c50,M-1473,SESS-20260718-9774-0187,RENTAL_ACCRUAL,11,265,2026-07-19T00:40:00+08:00
9de49221-eb23-4726-a5cd-d4b3e9bded2e,M-1550,SESS-20260718-3373-0188,RENTAL_ACCRUAL,11,216,2026-07-18T10:15:00+08:00
d7d13d20-51a1-4798-94bf-55fc2f4e6460,M-1395,SESS-20260718-9933-0189,RENTAL_ACCRUAL,45,286,2026-07-19T04:45:00+08:00
7b52784f-ab5e-40d7-9b1e-5b3b0ed46290,M-1510,SESS-20260718-4114-0190,RENTAL_REDEMPTION,-100,22,2026-07-18T12:55:00+08:00
917e9c67-a538-4dbf-b4fd-23cfdf0dbf8c,M-1510,SESS-20260718-4114-0190,RENTAL_ACCRUAL,38,60,2026-07-18T17:55:00+08:00
1d3dd362-b394-4566-8ffa-e4f4080b6cb6,M-1105,SESS-20260718-9080-0191,RENTAL_ACCRUAL,16,466,2026-07-19T02:40:00+08:00
fc725d5a-cf26-4fa3-8b58-8950fc9b679a,M-1855,SESS-20260718-2284-0192,RENTAL_ACCRUAL,15,55,2026-07-18T21:45:00+08:00
24050c0c-f2a8-4100-ab7c-780d19927c15,M-1161,SESS-20260718-5978-0193,RENTAL_ACCRUAL,5,251,2026-07-18T23:40:00+08:00
75fe0cf0-6521-4566-b532-db2779960cdd,M-1368,SESS-20260718-8510-0194,RENTAL_ACCRUAL,11,254,2026-07-19T00:30:00+08:00
b2bab055-73b8-44db-aedd-0d6bd8c3e792,M-1637,SESS-20260718-1609-0195,RENTAL_ACCRUAL,6,1430,2026-07-19T00:15:00+08:00
181360da-29c2-429a-b04d-bd70322749dc,M-1397,SESS-20260718-8213-0196,RENTAL_ACCRUAL,27,327,2026-07-18T17:15:00+08:00
e1dfb54a-2f10-4f8e-b9d4-3cb7f02c16be,M-1194,SESS-20260718-8197-0197,RENTAL_ACCRUAL,60,209,2026-07-19T02:40:00+08:00
f4d88b5b-39b7-4f02-acdc-cc9917887a0c,M-1185,SESS-20260718-9158-0198,RENTAL_ACCRUAL,16,251,2026-07-18T18:15:00+08:00
a5ee246c-ad16-4699-becd-a8e076c45315,M-1145,SESS-20260718-6551-0199,RENTAL_ACCRUAL,45,184,2026-07-19T06:00:00+08:00
5a5c6b3b-731e-4da1-8313-1ec1835c13e1,M-1424,SESS-20260718-5903-0200,RENTAL_ACCRUAL,28,271,2026-07-18T19:45:00+08:00
6eba5379-d75e-4667-be70-516209e7d795,M-1475,SESS-20260718-5620-0201,RENTAL_ACCRUAL,45,364,2026-07-18T19:15:00+08:00
67bfb899-3e2e-42eb-bdfd-6c26e7220f16,M-1769,SESS-20260718-6527-0202,RENTAL_ACCRUAL,16,168,2026-07-19T01:00:00+08:00
85d4f7db-8356-4964-926f-8ed3c672893b,M-1659,SESS-20260718-2029-0203,RENTAL_ACCRUAL,28,223,2026-07-19T00:35:00+08:00
94bf9e8e-73a4-4918-95b8-dfc246272d48,M-1411,SESS-20260718-6099-0204,RENTAL_ACCRUAL,16,471,2026-07-19T02:20:00+08:00
94bd93ea-881f-4bcf-80f7-142eb95439f8,M-1878,SESS-20260718-1971-0205,RENTAL_ACCRUAL,64,102,2026-07-19T05:40:00+08:00
5e883279-ad78-4a9c-9cab-5bf7558aefcb,M-1788,SESS-20260718-7588-0206,RENTAL_ACCRUAL,40,457,2026-07-18T23:00:00+08:00
325b49e1-e45d-499c-8213-b6740032d847,M-1466,SESS-20260718-1391-0207,RENTAL_REDEMPTION,-100,3715,2026-07-18T15:45:00+08:00
c4096fe0-0825-41db-be2f-0fe18ad7a909,M-1466,SESS-20260718-1391-0207,RENTAL_ACCRUAL,4,3719,2026-07-18T17:45:00+08:00
29f40352-85c4-4d4e-81f0-ee2859ed7b98,M-1734,SESS-20260718-8091-0208,RENTAL_ACCRUAL,18,405,2026-07-18T19:15:00+08:00
f20181ff-dd2b-4a08-b7a2-47be24bc54fe,M-1603,SESS-20260718-3990-0209,RENTAL_ACCRUAL,40,134,2026-07-19T01:00:00+08:00
9ea072ae-2046-4061-a1fe-212ebd9799b6,M-2062,SESS-20260718-3991-0210,RENTAL_REDEMPTION,-100,13,2026-07-18T23:40:00+08:00
f9335903-b767-4125-b5d7-7e590f36491e,M-1172,SESS-20260718-4731-0211,RENTAL_ACCRUAL,27,352,2026-07-19T00:45:00+08:00
3d12aee6-3e4c-4aa1-a510-d42eac2a3c23,M-1126,SESS-20260718-5842-0212,RENTAL_REDEMPTION,-100,19,2026-07-18T21:45:00+08:00
efbc84bb-4bcf-443d-992e-a2c9a48e0325,M-1800,SESS-20260718-7169-0213,RENTAL_ACCRUAL,28,342,2026-07-19T03:20:00+08:00
150492c3-eb8c-4820-9699-9d53a82a1d13,M-1673,SESS-20260718-9627-0214,RENTAL_ACCRUAL,18,419,2026-07-19T01:30:00+08:00
2cee66cb-15a7-40bb-b62a-8ed15cddcaa3,M-1144,SESS-20260718-3762-0215,RENTAL_ACCRUAL,27,266,2026-07-18T21:05:00+08:00
c0d0a84d-eefa-46d7-8658-0cb191c6e948,M-1721,SESS-20260718-4144-0216,RENTAL_ACCRUAL,5,191,2026-07-18T17:00:00+08:00
19048537-c01c-414a-8da3-52718242642c,M-1051,SESS-20260718-7243-0217,RENTAL_REDEMPTION,-200,200,2026-07-18T17:00:00+08:00
6a4a473f-6a24-44f7-8f9f-8658bbed6cb0,M-1051,SESS-20260718-7243-0217,RENTAL_ACCRUAL,5,205,2026-07-18T19:00:00+08:00
f9b190a9-75f0-44de-8dfa-cec7c957dd7a,M-1274,SESS-20260718-5182-0218,RENTAL_ACCRUAL,27,441,2026-07-19T02:45:00+08:00
d6bb8d09-a74d-402a-b433-4368f5f5d9b7,M-1992,SESS-20260718-5554-0219,RENTAL_ACCRUAL,25,102,2026-07-19T04:30:00+08:00
82fef50d-7240-4828-8ad5-a2b64d92d1ce,M-1188,SESS-20260718-7571-0220,RENTAL_REDEMPTION,-200,511,2026-07-18T20:00:00+08:00
1cc91579-26d3-46be-9c4b-7ec0d275e690,M-1188,SESS-20260718-7571-0220,RENTAL_ACCRUAL,3,514,2026-07-18T23:00:00+08:00
adaed1df-9c5d-43d9-9e35-fe92d3178e62,M-1450,SESS-20260718-7648-0221,RENTAL_ACCRUAL,11,50,2026-07-18T22:05:00+08:00
42f85b28-8330-4bd8-9b06-4eac52963c8a,M-1466,SESS-20260718-5852-0222,RENTAL_ACCRUAL,6,3725,2026-07-19T00:15:00+08:00
153fb10a-ddf7-47a9-8b72-76ab009130ed,M-1379,SESS-20260718-4014-0223,RENTAL_ACCRUAL,18,178,2026-07-18T21:45:00+08:00
a95d4f22-fa99-401f-b52a-1ff4da498dc9,M-1479,SESS-20260718-6572-0224,RENTAL_ACCRUAL,28,2319,2026-07-19T02:50:00+08:00
88c0caea-2b09-4722-a573-028932ec096f,M-1506,SESS-20260718-4767-0225,RENTAL_ACCRUAL,9,375,2026-07-18T20:25:00+08:00
711b3767-b3be-46d8-a752-96ceb505b3b9,M-1231,SESS-20260718-4171-0226,RENTAL_ACCRUAL,11,355,2026-07-18T17:00:00+08:00
256783b1-ab55-4f82-818c-4d1dc61810d6,M-1778,SESS-20260718-1795-0227,RENTAL_ACCRUAL,5,221,2026-07-18T23:50:00+08:00
aab84d46-489a-499a-ab81-ffb33a7bc9c2,M-1862,SESS-20260718-2646-0228,RENTAL_ACCRUAL,10,85,2026-07-19T00:45:00+08:00
de6f5124-b731-4b33-9629-a0df1a82cd05,M-1730,SESS-20260718-7669-0229,RENTAL_ACCRUAL,36,176,2026-07-18T17:45:00+08:00
2e6f2662-8a54-4158-a87c-06b23ff5d1dd,M-1556,SESS-20260718-2564-0230,RENTAL_ACCRUAL,16,232,2026-07-19T02:50:00+08:00
19a869a8-536d-4574-8387-d1ccb3b5b68c,M-1573,SESS-20260718-7716-0231,RENTAL_ACCRUAL,16,295,2026-07-18T22:45:00+08:00
91f5a0ea-1dda-4703-bf6f-e818b8d66e98,M-1779,SESS-20260718-3155-0232,RENTAL_ACCRUAL,67,264,2026-07-19T01:10:00+08:00
a281c77d-c869-4c35-a684-df9e22e58b40,M-1356,SESS-20260718-2302-0233,RENTAL_ACCRUAL,18,759,2026-07-18T19:00:00+08:00
c1e0d619-3e73-4e2e-a5e8-b6e66d98bd83,M-1324,SESS-20260718-8964-0234,RENTAL_ACCRUAL,28,203,2026-07-19T01:50:00+08:00
cae7703c-81b3-4423-a483-22094419f4b9,M-1536,SESS-20260718-7425-0235,RENTAL_ACCRUAL,27,102,2026-07-18T17:30:00+08:00
606c2a42-cd94-4172-9253-4a85c5615d99,M-1548,SESS-20260718-6325-0236,RENTAL_ACCRUAL,45,220,2026-07-19T07:15:00+08:00
02ef7ac1-819f-41b0-92f4-8d32ffc62801,M-1584,SESS-20260718-3687-0237,RENTAL_REDEMPTION,-100,65,2026-07-18T21:00:00+08:00
7e839165-ceeb-4c4b-9666-406cd0273731,M-1584,SESS-20260718-3687-0237,RENTAL_ACCRUAL,10,75,2026-07-19T00:00:00+08:00
fd71f3e9-0b50-4f5c-955f-aa47ccb2da4b,M-1792,SESS-20260718-6874-0238,RENTAL_ACCRUAL,6,2254,2026-07-18T23:30:00+08:00
d4bd4d5f-de4e-46de-8eaf-730659ca458c,M-1597,SESS-20260718-8093-0239,RENTAL_ACCRUAL,67,311,2026-07-18T18:15:00+08:00
74863df3-e280-443e-810f-a9085f5c977f,M-1436,SESS-20260718-9729-0240,RENTAL_ACCRUAL,5,299,2026-07-18T19:45:00+08:00
af2135f7-8ab3-4301-ac40-f1604fdde0ad,M-1227,SESS-20260718-3552-0241,RENTAL_ACCRUAL,16,142,2026-07-19T00:45:00+08:00
cf818ff9-92b3-4cec-9492-f80a50eb1eba,M-1177,SESS-20260718-6891-0242,RENTAL_REDEMPTION,-200,9,2026-07-18T21:50:00+08:00
4b3f2efb-375a-46cb-a407-beb6dcd8ebb2,M-1177,SESS-20260718-6891-0242,RENTAL_ACCRUAL,5,14,2026-07-18T23:50:00+08:00
b7526fc5-eef5-41ba-bc42-424eadab6e7c,M-1634,SESS-20260718-1978-0243,RENTAL_ACCRUAL,11,228,2026-07-18T21:30:00+08:00
1b19ced0-5dd6-4c9c-8fd2-c03aba7e3d6b,M-1384,SESS-20260718-6003-0244,RENTAL_ACCRUAL,6,1155,2026-07-18T20:05:00+08:00
47311922-d412-4290-ba3f-7200b9e95f21,M-1180,SESS-20260718-5124-0245,RENTAL_ACCRUAL,48,778,2026-07-19T02:15:00+08:00
fd1cabe9-fb96-4bb2-b81f-a0da2e210605,M-1058,SESS-20260718-8762-0246,RENTAL_ACCRUAL,5,174,2026-07-18T18:45:00+08:00
59ef0ede-f79f-4720-9b97-01478e53614c,M-1150,SESS-20260718-8040-0247,RENTAL_ACCRUAL,27,158,2026-07-18T19:45:00+08:00
dda15cbd-e9a0-4aac-b1b4-691d5f14ec4f,M-1427,SESS-20260718-9161-0248,RENTAL_ACCRUAL,36,271,2026-07-18T19:55:00+08:00
1e395a26-8b03-4794-9e75-1e30138ba7d4,M-1427,TIER_UPGRADE_Standard_TO_Silver,TIER_BONUS,50,321,2026-07-18T19:55:00+08:00
33a56ebe-62d3-4bba-8302-dad670637257,M-1111,SESS-20260718-1748-0249,RENTAL_ACCRUAL,45,160,2026-07-19T03:00:00+08:00
ce24d53e-2d46-4db0-a65b-b78e11ea702d,M-2107,SESS-20260718-9960-0250,RENTAL_ACCRUAL,5,68,2026-07-18T21:10:00+08:00
49272c65-fb49-4e0c-ba49-c4d9b7b0358f,M-1654,SESS-20260718-6454-0251,RENTAL_ACCRUAL,24,126,2026-07-18T22:15:00+08:00
09d3c372-b275-4040-a313-63b0b1f85420,M-1465,SESS-20260718-2189-0252,RENTAL_ACCRUAL,43,729,2026-07-18T22:00:00+08:00
c8d79f03-4490-47b9-90c8-437bb3769295,M-1688,SESS-20260718-2791-0253,RENTAL_ACCRUAL,28,312,2026-07-18T23:55:00+08:00
a2bcf0ca-e8e6-4715-87e7-71d493c2fa5a,M-1658,SESS-20260718-1177-0254,RENTAL_ACCRUAL,16,638,2026-07-18T23:15:00+08:00
e5b74050-54ff-4f28-81f9-ad564daf93c9,M-1142,SESS-20260718-4830-0255,RENTAL_ACCRUAL,28,396,2026-07-19T02:35:00+08:00
944f5ec6-694e-410e-818e-2b8b7f529560,M-1300,SESS-20260718-4366-0256,RENTAL_ACCRUAL,11,174,2026-07-18T15:45:00+08:00
c1a74369-5671-4140-a948-4110ef3ae845,M-1677,SESS-20260718-7102-0257,RENTAL_ACCRUAL,9,119,2026-07-18T20:30:00+08:00
ef72ca65-323b-4ed7-8b74-96af869b9882,M-1128,SESS-20260718-2267-0258,RENTAL_ACCRUAL,16,91,2026-07-18T18:30:00+08:00
92f7f1ac-59e1-469c-bd4f-5e57be8a9681,M-1573,SESS-20260718-2303-0259,RENTAL_ACCRUAL,72,367,2026-07-19T07:55:00+08:00
fbae92f6-928e-4513-bbe8-7267acdb3b71,M-1703,SESS-20260718-5479-0260,RENTAL_ACCRUAL,16,146,2026-07-18T20:15:00+08:00
b7447c33-ffb6-46ee-9bf8-d05c0dce0f66,M-1838,SESS-20260718-3208-0261,RENTAL_ACCRUAL,5,391,2026-07-19T00:00:00+08:00
4fb7b832-3ee8-44ed-9e4e-3b0e4d9eeb35,M-1155,SESS-20260718-8068-0262,RENTAL_ACCRUAL,5,665,2026-07-19T00:15:00+08:00
a89ee265-e6f8-4127-9142-3e30bef027bb,M-1581,SESS-20260718-7087-0263,RENTAL_ACCRUAL,28,119,2026-07-19T03:20:00+08:00
01fe25f7-77f0-4452-ade4-90e043601df9,M-1036,SESS-20260718-4001-0264,RENTAL_ACCRUAL,11,513,2026-07-18T19:50:00+08:00
68fbbf78-a2a5-4c8f-a7f3-0c101a462bac,M-1528,SESS-20260718-9443-0265,RENTAL_ACCRUAL,11,148,2026-07-18T18:30:00+08:00
2a9d0cbb-921c-436a-821d-78caeb762ba6,M-2099,SESS-20260718-2255-0266,RENTAL_ACCRUAL,25,43,2026-07-19T04:45:00+08:00
d399c02b-67b5-4afd-a0e3-76211dce5590,M-1388,SESS-20260718-1129-0267,RENTAL_ACCRUAL,9,279,2026-07-18T16:30:00+08:00
1e1ce2d2-c280-4e70-a2c3-bacd681a6cc6,M-1925,SESS-20260718-9883-0268,RENTAL_ACCRUAL,15,79,2026-07-19T01:00:00+08:00
25b8a867-a4ec-4f9d-8ce5-10af63118f1e,M-1143,SESS-20260718-8258-0269,RENTAL_ACCRUAL,12,3444,2026-07-18T23:40:00+08:00
fcd9d805-3ea2-4487-80cb-15c28089a1e5,M-1661,SESS-20260718-4308-0270,RENTAL_REDEMPTION,-200,2812,2026-07-18T21:00:00+08:00
4aa39a7e-24e9-442c-8047-02d361e3bfa0,M-1661,SESS-20260718-4308-0270,RENTAL_ACCRUAL,100,2912,2026-07-19T05:00:00+08:00
2a86234d-7e67-4d77-a624-ce62ba809fbc,M-1315,SESS-20260718-5674-0271,RENTAL_REDEMPTION,-100,80,2026-07-18T15:15:00+08:00
d2acb121-802b-42a4-b0a4-d18343f61831,M-1315,SESS-20260718-5674-0271,RENTAL_ACCRUAL,2,82,2026-07-18T16:15:00+08:00
eed0779f-03d2-41c1-9311-f9ecf5af885a,M-1841,SESS-20260718-5076-0272,RENTAL_ACCRUAL,36,306,2026-07-18T20:00:00+08:00
c81c981c-2320-4225-a458-71bbf7ff7dcd,M-1247,SESS-20260718-6237-0273,RENTAL_ACCRUAL,6,2506,2026-07-18T17:15:00+08:00
69a3a57d-1f3e-4134-8cf7-cea9b280ef28,M-1181,SESS-20260718-7073-0274,RENTAL_ACCRUAL,27,415,2026-07-18T23:40:00+08:00
b8c7c591-3d48-4fdb-bbd7-076fd909c1a4,M-1461,SESS-20260718-5913-0275,RENTAL_ACCRUAL,5,316,2026-07-18T23:30:00+08:00
0bf0b91c-6ccd-4750-b2d2-57164ad851e2,M-1472,SESS-20260718-2261-0276,RENTAL_ACCRUAL,11,239,2026-07-18T03:30:00+08:00
30bc1d24-3c28-4437-8ae1-1fce05aae008,M-1503,SESS-20260718-8903-0277,RENTAL_ACCRUAL,5,613,2026-07-18T21:00:00+08:00
89f6ece7-c126-4335-a438-e8a02037f08b,M-1735,SESS-20260718-1366-0278,RENTAL_ACCRUAL,67,195,2026-07-18T22:55:00+08:00
b5b5c8c1-c6ac-457a-b110-3f6141fa6dc4,M-1552,SESS-20260718-8067-0279,RENTAL_ACCRUAL,40,56,2026-07-18T11:15:00+08:00
a1a1b99e-c615-4201-916b-8537efddf50f,M-1832,SESS-20260718-7050-0280,RENTAL_REDEMPTION,-100,114,2026-07-18T23:50:00+08:00
554bf292-5aa2-4cf2-b474-92c43b7c8dd6,M-1832,SESS-20260718-7050-0280,RENTAL_ACCRUAL,5,119,2026-07-19T01:50:00+08:00
9fa3436d-52d2-4d9e-af73-a3fb195b032a,M-1643,SESS-20260718-2079-0281,RENTAL_ACCRUAL,16,385,2026-07-18T22:30:00+08:00
2b6874d3-30e0-446c-83ca-7e1a88376e05,M-1801,SESS-20260718-9023-0282,RENTAL_ACCRUAL,16,280,2026-07-19T02:00:00+08:00
bdec021c-eda4-4c15-91f6-750d352f8e17,M-1638,SESS-20260718-1442-0283,RENTAL_ACCRUAL,28,456,2026-07-19T02:15:00+08:00
9df0abe5-df93-4ee6-9b08-7f8308a1fa1c,M-1553,SESS-20260718-9258-0284,RENTAL_ACCRUAL,108,272,2026-07-19T02:10:00+08:00
39ef89ec-6efb-4e5b-b4e6-8f1fc14fb09b,M-1706,SESS-20260718-8234-0285,RENTAL_REDEMPTION,-200,536,2026-07-18T20:15:00+08:00
b4bd4f2f-148e-45fa-ab95-34d879569068,M-1706,SESS-20260718-8234-0285,RENTAL_ACCRUAL,3,539,2026-07-18T23:15:00+08:00
4fa9d885-1196-42ab-a630-16f5c99fe991,M-1098,SESS-20260718-1952-0286,RENTAL_ACCRUAL,18,864,2026-07-18T23:00:00+08:00
a40167fa-daff-4fae-a20f-d2fefc397807,M-1409,SESS-20260718-6251-0287,RENTAL_ACCRUAL,18,261,2026-07-18T22:45:00+08:00
7b954f5f-1f39-424b-8430-02c2c05f2501,M-1509,SESS-20260718-9870-0288,RENTAL_ACCRUAL,27,488,2026-07-18T16:30:00+08:00
fe6b7185-48fa-496f-b8e9-4c463198a542,M-1509,TIER_UPGRADE_Silver_TO_Gold,TIER_BONUS,100,588,2026-07-18T16:30:00+08:00
6f7a93c3-dc8e-45ad-87ce-a1d42430f6a5,M-1631,SESS-20260718-8416-0289,RENTAL_ACCRUAL,18,221,2026-07-18T18:15:00+08:00
2e30320f-d2a2-47a9-a404-104d6c97746a,M-1725,SESS-20260718-8867-0290,RENTAL_ACCRUAL,45,370,2026-07-19T05:15:00+08:00
96fc1d07-8972-41a8-b51a-f28f67974ff3,M-1158,SESS-20260718-4812-0291,RENTAL_ACCRUAL,8,286,2026-07-18T18:00:00+08:00
ac04fc69-b43d-4f10-b967-002808fac6d9,M-1364,SESS-20260718-9000-0292,RENTAL_ACCRUAL,16,648,2026-07-18T23:25:00+08:00
5b7dcb40-134e-426b-800e-af75873ac2f0,M-1882,SESS-20260718-5909-0293,RENTAL_ACCRUAL,64,199,2026-07-19T01:30:00+08:00
4d522bcd-24c5-4c98-a7e6-79b5d3f1a437,M-1307,SESS-20260718-1287-0294,RENTAL_ACCRUAL,13,204,2026-07-18T20:00:00+08:00
8366202a-ce7d-40ae-9f50-c7104b6127b0,M-1267,SESS-20260718-7336-0295,RENTAL_REDEMPTION,-200,93,2026-07-18T20:10:00+08:00
fdba9310-47ee-4c6b-94c1-accdd48c7bcc,M-1267,SESS-20260718-7336-0295,RENTAL_ACCRUAL,14,107,2026-07-18T22:10:00+08:00
938baad3-7879-4ec2-95b2-a84f9950d27e,M-1657,SESS-20260718-3720-0296,RENTAL_ACCRUAL,18,259,2026-07-18T23:40:00+08:00
4118f872-a5ee-4f04-92db-a673bb3d8638,M-1715,SESS-20260718-9956-0297,RENTAL_ACCRUAL,108,372,2026-07-18T18:30:00+08:00
614c3f37-c2d2-4fb6-9d29-0efe5e851202,M-1094,SESS-20260718-1023-0298,RENTAL_ACCRUAL,45,197,2026-07-19T03:50:00+08:00
1a51ca20-e9bf-4615-82a1-5885fc6c5596,M-1928,SESS-20260718-9261-0299,RENTAL_ACCRUAL,15,53,2026-07-19T00:30:00+08:00
e74e48db-7226-4686-b224-3172534dcf7f,M-1527,SESS-20260718-6486-0300,RENTAL_ACCRUAL,28,500,2026-07-19T03:45:00+08:00
3f6ce571-1345-4dce-b66a-494deabcb6bc,M-1072,SESS-20260718-4334-0301,RENTAL_ACCRUAL,45,157,2026-07-19T00:45:00+08:00
f1b6a770-1828-4aca-ac81-72f50e5c3d62,M-2110,SESS-20260718-7567-0302,RENTAL_ACCRUAL,8,193,2026-07-18T23:25:00+08:00
2a173220-7a70-4559-9de7-54169debb2a2,M-1701,SESS-20260718-5912-0303,RENTAL_ACCRUAL,72,257,2026-07-19T01:35:00+08:00
80564dd5-251e-4f88-a59f-d54ba6e43e3f,M-1739,SESS-20260718-5476-0304,RENTAL_REDEMPTION,-100,24,2026-07-18T23:50:00+08:00
25f62c80-269d-4939-8b33-5d4bbf39f548,M-1739,SESS-20260718-5476-0304,RENTAL_ACCRUAL,2,26,2026-07-19T00:50:00+08:00
22d0e021-9041-44aa-81f5-592a7028744b,M-1580,SESS-20260718-3050-0305,RENTAL_ACCRUAL,16,645,2026-07-19T00:20:00+08:00
ac315835-c585-4fef-8887-fc0b97cd3b6c,M-1214,SESS-20260718-6502-0306,RENTAL_ACCRUAL,27,281,2026-07-18T22:10:00+08:00
4201a987-5aa9-4417-8659-17697f81d54b,M-1297,SESS-20260718-8419-0307,RENTAL_ACCRUAL,40,286,2026-07-19T01:20:00+08:00
6f55bdab-a0eb-4259-909b-f69fcd7643cc,M-1635,SESS-20260718-8218-0308,RENTAL_ACCRUAL,5,221,2026-07-18T18:45:00+08:00
d368cfcd-2df6-4526-8c44-c2a79d3db5db,M-1614,SESS-20260718-5134-0309,RENTAL_ACCRUAL,45,127,2026-07-19T04:45:00+08:00
ce4034da-e5d3-4cc2-90e6-ca3560d0a5d8,M-1100,SESS-20260718-3294-0310,RENTAL_ACCRUAL,11,53,2026-07-19T00:30:00+08:00
a1fed148-9614-4a87-9381-ea4ecd3579b9,M-1224,SESS-20260718-4457-0311,RENTAL_REDEMPTION,-100,188,2026-07-18T17:00:00+08:00
2edcfbca-1ddd-4dad-9824-668843fcecc2,M-1224,SESS-20260718-4457-0311,RENTAL_ACCRUAL,10,198,2026-07-18T20:00:00+08:00
2146ba3e-9ded-4b00-b72c-ffe324c90ca2,M-1266,SESS-20260718-1080-0312,RENTAL_ACCRUAL,28,291,2026-07-19T04:25:00+08:00
7c03fc8b-e16f-42c0-9fd9-6e3f4112c630,M-1713,SESS-20260718-3225-0313,RENTAL_ACCRUAL,11,296,2026-07-18T18:00:00+08:00
e6293975-9de3-424b-8de2-1664a6f0972e,M-1337,SESS-20260718-1000-0314,RENTAL_ACCRUAL,5,598,2026-07-19T00:50:00+08:00
7fcf0082-868f-4d6b-b5de-72ab620ec44c,M-1335,SESS-20260718-6625-0315,RENTAL_ACCRUAL,16,228,2026-07-18T20:30:00+08:00
13a6e1f2-1591-42fd-bfdb-d3b0c6062f15,M-1256,SESS-20260718-2920-0316,RENTAL_ACCRUAL,5,122,2026-07-18T19:15:00+08:00
1b5fa556-b4ac-4db5-b09d-5f4a1c3f0e98,M-1633,SESS-20260718-2135-0317,RENTAL_ACCRUAL,9,158,2026-07-18T17:40:00+08:00
41fb4b0b-116d-4058-9cdf-0589d9b1107f,M-1691,SESS-20260718-1461-0318,RENTAL_ACCRUAL,40,302,2026-07-19T02:45:00+08:00
6a703cdf-991e-4d9a-9fa9-b5724514b794,M-1691,TIER_UPGRADE_Standard_TO_Silver,TIER_BONUS,50,352,2026-07-19T02:45:00+08:00
37c9b232-b543-4f49-ab51-231a51a2e280,M-1635,SESS-20260718-9472-0319,RENTAL_ACCRUAL,40,261,2026-07-18T22:30:00+08:00
7d5524df-495c-4b91-adf3-5b802b5f3243,M-1965,SESS-20260718-9665-0320,RENTAL_ACCRUAL,25,77,2026-07-19T03:15:00+08:00
6cb5f8f6-5a7b-4296-afb3-fa2ccd1297d7,M-1050,SESS-20260718-6887-0321,RENTAL_REDEMPTION,-300,47,2026-07-18T22:15:00+08:00
9d548ddf-7292-4f2d-9af6-dcb1ee4ab3bc,M-1050,SESS-20260718-6887-0321,RENTAL_ACCRUAL,21,68,2026-07-19T01:15:00+08:00
fdfd60ac-87a1-40bb-98a3-087b57d7ba52,M-1078,SESS-20260718-2755-0322,RENTAL_REDEMPTION,-200,947,2026-07-18T23:15:00+08:00
51b48291-d737-4c88-8090-b84b0ed6246b,M-1078,SESS-20260718-2755-0322,RENTAL_ACCRUAL,1,948,2026-07-19T00:15:00+08:00
cde40127-d3aa-4170-839c-59b7730086c0,M-2002,SESS-20260718-7948-0323,RENTAL_ACCRUAL,40,199,2026-07-19T05:15:00+08:00
83843dfa-8645-432a-aad0-ce94a6281730,M-1648,SESS-20260718-6480-0324,RENTAL_ACCRUAL,12,361,2026-07-19T01:40:00+08:00
37588c03-2a21-4264-9ad2-e0b682858f63,M-1414,SESS-20260718-8872-0325,RENTAL_ACCRUAL,45,225,2026-07-19T07:10:00+08:00
1534f3ac-ebcb-45e8-82d4-64b21f04eeae,M-1009,SESS-20260718-1683-0326,RENTAL_ACCRUAL,27,205,2026-07-19T01:00:00+08:00
fa568a62-60b3-41eb-916c-bdaeedc077f6,M-1139,SESS-20260718-7054-0327,RENTAL_ACCRUAL,28,268,2026-07-19T04:45:00+08:00
fe21d0fb-df36-4480-b812-dd9241eb999c,M-1599,SESS-20260718-2096-0328,RENTAL_ACCRUAL,16,202,2026-07-19T01:55:00+08:00
0f194fa4-1f6c-4528-b4b1-c1a12d6e9d71,M-1599,TIER_UPGRADE_Standard_TO_Silver,TIER_BONUS,50,252,2026-07-19T01:55:00+08:00
1779b255-17d0-4c2f-b0a6-80d9e808da2b,M-1019,SESS-20260718-8361-0329,RENTAL_ACCRUAL,13,355,2026-07-18T20:50:00+08:00
8306a78b-2380-462c-a9b6-ff646a1191f0,M-1229,SESS-20260718-5798-0330,RENTAL_ACCRUAL,11,88,2026-07-19T00:15:00+08:00
28f527d8-9bb5-4e3e-9358-dd5ef26271cf,M-1675,SESS-20260718-3853-0331,RENTAL_ACCRUAL,19,1837,2026-07-18T19:45:00+08:00
83a363ad-05bb-4ff2-84eb-d1440c846335,M-1810,SESS-20260718-8731-0332,RENTAL_ACCRUAL,45,205,2026-07-19T04:20:00+08:00
7b5a51b2-2e7e-4a2b-a190-0b126cb42fd1,M-1366,SESS-20260718-2469-0333,RENTAL_ACCRUAL,45,246,2026-07-19T02:30:00+08:00
363959bc-b802-4b4e-8661-2b1d9a2c9903,M-2120,SESS-20260718-6017-0334,RENTAL_ACCRUAL,36,104,2026-07-19T01:35:00+08:00
8552bb48-58a4-47f5-9808-7301f2736808,M-1035,SESS-20260718-9177-0335,RENTAL_ACCRUAL,13,157,2026-07-18T21:30:00+08:00
33809d5b-ff58-4d99-b340-fa0358e8b605,M-1106,SESS-20260718-9002-0336,RENTAL_ACCRUAL,16,183,2026-07-18T17:30:00+08:00
a454ed21-1bea-4732-b057-45d537417667,M-1106,TIER_UPGRADE_Standard_TO_Silver,TIER_BONUS,50,233,2026-07-18T17:30:00+08:00
04f0a90b-0b34-48f4-8118-96f8427a98dc,M-1710,SESS-20260718-5133-0337,RENTAL_REDEMPTION,-100,288,2026-07-18T21:15:00+08:00
5c45a427-4e42-47dd-8c14-e0aa39c1f49b,M-1710,SESS-20260718-5133-0337,RENTAL_ACCRUAL,5,293,2026-07-18T23:15:00+08:00
0a25413d-6b9c-4d92-8748-b9c31f2aae3c,M-1975,SESS-20260718-6293-0338,RENTAL_ACCRUAL,5,67,2026-07-18T19:55:00+08:00
28c63dc5-626a-495c-9274-35050aaaeca1,M-1015,SESS-20260718-1366-0339,RENTAL_ACCRUAL,10,279,2026-07-19T01:35:00+08:00
cbe62e6a-34a6-40be-aa45-7f2bd915a755,M-1789,SESS-20260718-3775-0340,RENTAL_ACCRUAL,9,260,2026-07-18T17:25:00+08:00
2d685ecc-bef8-4ce0-adab-5a76c1a5e9ca,M-1140,SESS-20260718-9851-0341,RENTAL_REDEMPTION,-100,216,2026-07-18T03:15:00+08:00
3e09b654-4ef0-4ccc-9a84-3283b093e3bc,M-1140,SESS-20260718-9851-0341,RENTAL_ACCRUAL,2,218,2026-07-18T04:15:00+08:00
793a1fa3-e2f5-40b6-9748-14b878d73dc0,M-1830,SESS-20260718-5075-0342,RENTAL_ACCRUAL,5,299,2026-07-18T13:15:00+08:00
151996ac-c284-46f3-b4a6-6059eb1f31d2,M-1773,SESS-20260718-4975-0343,RENTAL_ACCRUAL,48,408,2026-07-19T05:00:00+08:00
9f50ae4c-b63a-4417-b93e-ef3ac4b3f079,M-1760,SESS-20260718-5650-0344,RENTAL_REDEMPTION,-100,5,2026-07-18T18:15:00+08:00
a6d0d256-2160-4d3a-a74a-b39634d915ed,M-1760,SESS-20260718-5650-0344,RENTAL_ACCRUAL,35,40,2026-07-19T02:15:00+08:00
a6387e97-6955-4312-89d3-e9bff9761263,M-1821,SESS-20260718-5844-0345,RENTAL_ACCRUAL,28,327,2026-07-19T01:10:00+08:00
95c27bf7-aac8-42c4-a417-f60b921c5120,M-1740,SESS-20260718-5214-0346,RENTAL_ACCRUAL,30,2049,2026-07-19T04:05:00+08:00
91dd659e-e46c-45c5-864c-3d5d6aeeb799,M-1014,SESS-20260718-1905-0347,RENTAL_ACCRUAL,5,696,2026-07-18T21:00:00+08:00
5828e9da-2b3e-4e21-9de2-f01295de53d9,M-1538,SESS-20260718-4989-0348,RENTAL_ACCRUAL,15,125,2026-07-19T01:15:00+08:00
319b073f-f7cd-4ff2-bf75-179e2221b007,M-1234,SESS-20260718-3417-0349,RENTAL_REDEMPTION,-300,72,2026-07-18T20:40:00+08:00
bbac68b6-88ac-4e7c-97e3-7ca4ed4c1026,M-1234,SESS-20260718-3417-0349,RENTAL_ACCRUAL,8,80,2026-07-18T23:40:00+08:00
70dc5951-b977-479f-bed0-a38a3491ec78,M-1443,SESS-20260718-2047-0350,RENTAL_ACCRUAL,16,207,2026-07-18T14:15:00+08:00
bcc3b147-3ce0-4a7a-bcb3-90b26075da1e,M-1495,SESS-20260718-4095-0351,RENTAL_ACCRUAL,45,301,2026-07-18T21:45:00+08:00
23773667-f3be-4a20-8e1e-37a294103fd6,M-1795,SESS-20260718-2587-0352,RENTAL_ACCRUAL,11,371,2026-07-18T22:40:00+08:00
e0af6441-2e30-4bd9-92d1-f334b16c6ee0,M-1759,SESS-20260718-6144-0353,RENTAL_REDEMPTION,-100,44,2026-07-18T21:30:00+08:00
e3c6dded-fd06-4c01-9253-a69295ef72eb,M-1759,SESS-20260718-6144-0353,RENTAL_ACCRUAL,7,51,2026-07-18T22:30:00+08:00
5cc8e713-7443-4fbe-92d3-8e6fd63bff7a,M-1017,SESS-20260718-3004-0354,RENTAL_ACCRUAL,18,172,2026-07-19T01:50:00+08:00
0b487e16-3608-455b-bd25-2eb81b4c0a3b,M-1238,SESS-20260718-3964-0355,RENTAL_REDEMPTION,-100,145,2026-07-18T18:05:00+08:00
eaddbd6c-f34c-4395-8446-8f2dd90b794a,M-1238,SESS-20260718-3964-0355,RENTAL_ACCRUAL,20,165,2026-07-18T21:05:00+08:00
03716703-a094-45d5-9142-1273662892c8,M-1944,SESS-20260718-5738-0356,RENTAL_ACCRUAL,11,289,2026-07-19T00:15:00+08:00
ba87c3f7-d932-4966-a5e9-7ce4128b0a40,M-1045,SESS-20260718-7868-0357,RENTAL_REDEMPTION,-100,13,2026-07-18T23:30:00+08:00
5641cc44-9e56-467c-a7c4-bdfa3fc7cd7b,M-1045,SESS-20260718-7868-0357,RENTAL_ACCRUAL,10,23,2026-07-19T02:30:00+08:00
84573d53-8ba6-40d4-b44f-4daf5ed8a677,M-1185,SESS-20260718-6247-0358,RENTAL_ACCRUAL,24,275,2026-07-18T23:40:00+08:00
002180d0-61ca-4200-b5ee-b97185fdda7c,M-1303,SESS-20260718-5573-0359,RENTAL_ACCRUAL,28,2628,2026-07-18T23:00:00+08:00
247c5f8d-0d52-4da4-bae4-83f426e30cf1,M-1372,SESS-20260718-6900-0360,RENTAL_ACCRUAL,60,286,2026-07-19T04:50:00+08:00
c8a4b76f-9298-4ffa-809c-9ae4c3b68698,M-1372,TIER_UPGRADE_Standard_TO_Silver,TIER_BONUS,50,336,2026-07-19T04:50:00+08:00
b083313f-8f05-4ba0-a425-294be5b801b5,M-1116,SESS-20260718-9763-0361,RENTAL_ACCRUAL,10,162,2026-07-18T19:15:00+08:00
a7453e91-11c6-42e3-ac1a-c946fc1b2385,M-1213,SESS-20260718-6092-0362,RENTAL_ACCRUAL,5,160,2026-07-18T20:00:00+08:00
3f393d72-279c-4aa5-bf36-913f11e69f17,M-1334,SESS-20260718-7220-0363,RENTAL_ACCRUAL,11,271,2026-07-18T16:15:00+08:00
7a911a7d-a982-4c1c-91bf-df0d92c5b38e,M-1645,SESS-20260718-4164-0364,RENTAL_ACCRUAL,40,247,2026-07-19T07:15:00+08:00
3f730674-a257-4f04-9d31-846e7ca5eab7,M-1645,TIER_UPGRADE_Standard_TO_Silver,TIER_BONUS,50,297,2026-07-19T07:15:00+08:00
5c8f2c3f-59a3-4219-b510-74a95849202d,M-1039,SESS-20260718-2479-0365,RENTAL_ACCRUAL,5,364,2026-07-18T20:25:00+08:00
7edb00fe-8d07-42cd-9a78-7c1a6ad0f71f,M-1720,SESS-20260718-1087-0366,RENTAL_ACCRUAL,13,123,2026-07-18T21:05:00+08:00
1b473f89-8c08-4e9e-a9f6-7a375f6a81cd,M-1935,SESS-20260718-9125-0367,RENTAL_ACCRUAL,8,57,2026-07-18T17:40:00+08:00
f3f08b26-aa1a-4c56-979c-02ca738bc070,M-1625,SESS-20260718-6261-0368,RENTAL_ACCRUAL,14,2545,2026-07-18T22:15:00+08:00
8cc63924-c7ee-495e-83b3-55f800ee4e6c,M-1316,SESS-20260718-4140-0369,RENTAL_ACCRUAL,15,134,2026-07-18T22:25:00+08:00
ac5f1084-fbd0-4c4c-b726-dcc1c999536f,M-1410,SESS-20260718-1851-0370,RENTAL_ACCRUAL,12,872,2026-07-19T01:40:00+08:00
6d16c625-83d0-465a-8123-5ac746c5fe49,M-1732,SESS-20260718-5960-0371,RENTAL_ACCRUAL,9,341,2026-07-18T22:55:00+08:00
4f5cb116-589c-481c-bd86-b921c8cd7e55,M-1420,SESS-20260718-3865-0372,RENTAL_ACCRUAL,18,647,2026-07-19T00:15:00+08:00
8807229e-6ee3-4e91-8287-5199f8ac7f78,M-1371,SESS-20260718-7839-0373,RENTAL_REDEMPTION,-100,258,2026-07-18T20:15:00+08:00
66be21b6-aab0-4e45-b65c-f2f39a8be0a4,M-1371,SESS-20260718-7839-0373,RENTAL_ACCRUAL,5,263,2026-07-18T22:15:00+08:00
cf526b28-6056-40c8-ae2a-bc1e61e7f313,M-1188,SESS-20260718-8107-0374,RENTAL_ACCRUAL,12,526,2026-07-19T01:30:00+08:00
b91fbc28-9697-4068-864d-cafe1ca9b994,M-1840,SESS-20260718-9399-0375,RENTAL_ACCRUAL,6,1467,2026-07-18T17:30:00+08:00
8bcbe38e-1dfb-47c4-bbc1-ec6b97cbc8ec,M-1692,SESS-20260718-6486-0376,RENTAL_REDEMPTION,-100,2265,2026-07-18T22:25:00+08:00
b7e85c18-f502-4e36-b42a-4bbe7d239545,M-1692,SESS-20260718-6486-0376,RENTAL_ACCRUAL,6,2271,2026-07-18T23:25:00+08:00
bcd71252-bbfc-48d2-a8a2-e8222b6bb080,M-1196,SESS-20260718-1501-0377,RENTAL_REDEMPTION,-300,292,2026-07-18T04:15:00+08:00
7199a19a-a488-4a5c-9c4c-fc9ad833adb0,M-1196,SESS-20260718-1501-0377,RENTAL_ACCRUAL,8,300,2026-07-18T07:15:00+08:00
db41600c-1a88-4024-8c0c-ac414672d2d0,M-1794,SESS-20260718-8498-0378,RENTAL_ACCRUAL,16,152,2026-07-18T12:35:00+08:00
07306ba4-1ab0-4f41-a74f-4b668d938214,M-1376,SESS-20260718-8162-0379,RENTAL_ACCRUAL,67,293,2026-07-19T02:15:00+08:00
4431cbe9-1aac-4b9f-97da-5bc7fb0357bc,M-1282,SESS-20260718-1481-0380,RENTAL_ACCRUAL,9,114,2026-07-18T20:30:00+08:00
afe3cebc-7ab2-4b29-889e-621934924c8c,M-1554,SESS-20260718-5214-0381,RENTAL_ACCRUAL,12,991,2026-07-19T01:30:00+08:00
9b59dd13-2474-494b-b11b-89809867b24e,M-2085,SESS-20260718-3318-0382,RENTAL_REDEMPTION,-100,83,2026-07-18T09:45:00+08:00
25998245-f494-4a19-9d37-3bc80a69fe9c,M-2085,SESS-20260718-3318-0382,RENTAL_ACCRUAL,19,102,2026-07-18T12:45:00+08:00
bd9a5ccd-11bb-4140-837b-1f212d9beae8,M-1936,SESS-20260718-3385-0383,RENTAL_ACCRUAL,10,73,2026-07-18T19:00:00+08:00
bee52ac5-63f7-4420-94c7-a6c40f5ebe90,M-1694,SESS-20260718-2206-0384,RENTAL_ACCRUAL,10,40,2026-07-19T01:20:00+08:00
88efff32-fd08-42e8-a237-f6e09c4a9465,M-1034,SESS-20260718-6491-0385,RENTAL_ACCRUAL,45,149,2026-07-19T01:45:00+08:00
582f0bb1-9414-41a9-9433-3acbfabca8dd,M-1484,SESS-20260718-1018-0386,RENTAL_ACCRUAL,18,156,2026-07-18T22:35:00+08:00
b2653a78-548f-48a4-93a0-1c38e3c8f092,M-1766,SESS-20260718-3962-0387,RENTAL_ACCRUAL,28,610,2026-07-18T13:30:00+08:00
5ddcbfae-2f64-460f-bd6a-24e5db664d55,M-1032,SESS-20260718-3970-0388,RENTAL_ACCRUAL,28,149,2026-07-19T03:45:00+08:00
067ee2fd-1d5c-4b48-8b7c-9b0821b905c2,M-2027,SESS-20260718-9766-0389,RENTAL_ACCRUAL,16,133,2026-07-18T17:15:00+08:00
a005213f-d514-4b78-bfb7-875cd0968fb7,M-1047,SESS-20260718-1379-0390,RENTAL_REDEMPTION,-100,38,2026-07-18T21:20:00+08:00
b4d9b1f7-e79c-4693-af17-200e70972071,M-1047,SESS-20260718-1379-0390,RENTAL_ACCRUAL,3,41,2026-07-18T22:20:00+08:00
58b24703-7ea7-4d44-be20-af737de3ec8d,M-1113,SESS-20260718-2080-0391,RENTAL_ACCRUAL,18,287,2026-07-19T01:40:00+08:00
bd61c35c-25ad-41aa-8f31-49a8889f5a0d,M-1737,SESS-20260718-3096-0392,RENTAL_REDEMPTION,-100,115,2026-07-18T22:25:00+08:00
2d7c3466-ac9e-480b-9b18-1509a2e25166,M-1737,SESS-20260718-3096-0392,RENTAL_ACCRUAL,11,126,2026-07-19T00:25:00+08:00
ea041602-ae82-4406-894a-2ac38a791196,M-2018,SESS-20260718-3515-0393,RENTAL_ACCRUAL,36,60,2026-07-19T02:40:00+08:00
9c899337-e837-468b-8ede-ccad77c662ef,M-2095,SESS-20260718-9298-0394,RENTAL_ACCRUAL,16,86,2026-07-19T01:45:00+08:00
69b2f4e7-afd4-40f7-b163-267a1fb0d04d,M-1595,SESS-20260718-1680-0395,RENTAL_ACCRUAL,11,292,2026-07-19T00:45:00+08:00
4eb24cb6-d40e-4a04-8e6b-0661981a386d,M-1379,SESS-20260718-6806-0396,RENTAL_ACCRUAL,11,189,2026-07-19T00:30:00+08:00
1e4ee798-4222-4b96-bb63-b1fa878c9058,M-1201,SESS-20260718-1879-0397,RENTAL_REDEMPTION,-100,386,2026-07-18T23:50:00+08:00
dc07748a-1f33-4c7a-9751-8271d6ca9dd0,M-1201,SESS-20260718-1879-0397,RENTAL_ACCRUAL,38,424,2026-07-19T07:50:00+08:00
c073b13c-94c7-47ec-b289-0c922de56057,M-1309,SESS-20260718-7182-0398,RENTAL_ACCRUAL,18,177,2026-07-18T19:15:00+08:00
b813c6b4-be25-4888-ae09-0585a6c46800,M-1559,SESS-20260718-3437-0399,RENTAL_ACCRUAL,10,177,2026-07-19T00:30:00+08:00
a89e0c45-91c7-4bfd-ae18-7005103d7a56,M-1138,SESS-20260718-8078-0400,RENTAL_ACCRUAL,72,556,2026-07-19T07:30:00+08:00
a56110b1-56f4-49e7-95bb-01c4dda3835b,M-1257,SESS-20260718-3276-0401,RENTAL_REDEMPTION,-100,63,2026-07-18T07:30:00+08:00
c0f09525-4e49-4731-8544-1fd9eb0ac643,M-1257,SESS-20260718-3276-0401,RENTAL_ACCRUAL,20,83,2026-07-18T10:30:00+08:00
06d7d053-cb3d-49d5-b2bc-91fa138afcf3,M-1504,SESS-20260718-5259-0402,RENTAL_REDEMPTION,-100,33,2026-07-18T18:30:00+08:00
a115dc79-5fd0-4c2f-b5dc-1b32b94981a1,M-1504,SESS-20260718-5259-0402,RENTAL_ACCRUAL,11,44,2026-07-18T20:30:00+08:00
95406325-373e-4198-9639-23e4afbf39ce,M-1387,SESS-20260718-5193-0403,RENTAL_REDEMPTION,-100,89,2026-07-18T22:45:00+08:00
898acb39-90e7-49a4-b6e4-76d5b686b251,M-1387,SESS-20260718-5193-0403,RENTAL_ACCRUAL,7,96,2026-07-18T23:45:00+08:00
c462b22d-35d9-4124-b914-618526e27a07,M-1649,SESS-20260718-5460-0404,RENTAL_ACCRUAL,11,170,2026-07-18T20:15:00+08:00
07e5be18-52b8-40aa-bfff-a0fd2739f5fe,M-1623,SESS-20260718-2096-0405,RENTAL_ACCRUAL,28,74,2026-07-19T01:45:00+08:00
301586d4-c2b5-46fe-9fd5-45ef9e01f479,M-1754,SESS-20260718-5864-0406,RENTAL_REDEMPTION,-400,120,2026-07-18T22:30:00+08:00
1a026859-be39-4b5e-9ee5-885231f23791,M-1754,SESS-20260718-5864-0406,RENTAL_ACCRUAL,3,123,2026-07-19T03:30:00+08:00
cdbf375e-cfec-4ef6-a560-edcd9043066c,M-1140,SESS-20260718-4966-0407,RENTAL_ACCRUAL,5,223,2026-07-18T20:30:00+08:00
edb6d590-4d03-4de5-a832-513af3f3929f,M-1723,SESS-20260718-7927-0408,RENTAL_ACCRUAL,16,356,2026-07-19T01:45:00+08:00
ebc29ec3-341c-4e14-8241-cf7338d4a0c6,M-1796,SESS-20260718-9802-0409,RENTAL_ACCRUAL,24,197,2026-07-19T02:15:00+08:00
8ebf0158-bd2e-4298-ab4f-218a48d0e641,M-1532,SESS-20260718-7277-0410,RENTAL_ACCRUAL,16,66,2026-07-18T23:30:00+08:00
e7b61393-f3ce-446f-b87d-fada2f3a4594,M-1482,SESS-20260718-2350-0411,RENTAL_ACCRUAL,11,95,2026-07-18T18:30:00+08:00
d00cb11c-b24e-4374-ba78-87b070556a8c,M-1705,SESS-20260718-2983-0412,RENTAL_ACCRUAL,11,154,2026-07-18T22:10:00+08:00
95c37955-bcbe-425a-ae37-163312f4f4b8,M-1684,SESS-20260718-2271-0413,RENTAL_ACCRUAL,5,237,2026-07-18T16:00:00+08:00
48a0c531-c2d7-43c8-ba30-a7f6aea3298d,M-1808,SESS-20260718-8665-0414,RENTAL_ACCRUAL,19,1649,2026-07-19T01:00:00+08:00
21e92eee-aba1-488c-9c76-8d95bf83e165,M-1236,SESS-20260718-4795-0415,RENTAL_ACCRUAL,13,385,2026-07-19T00:50:00+08:00
c0abc877-a0c2-4c70-9da4-54e8790bc372,M-1588,SESS-20260718-3655-0416,RENTAL_ACCRUAL,6,1463,2026-07-18T18:45:00+08:00
4d6ab144-7dbb-43bb-a78e-cefa848ca741,M-2197,SESS-20260718-6193-0417,RENTAL_ACCRUAL,36,91,2026-07-18T23:55:00+08:00
4528d9a1-72fa-41ea-9e3e-f710f0892e59,M-1386,SESS-20260718-5409-0418,RENTAL_ACCRUAL,16,204,2026-07-19T01:30:00+08:00
3c7a3b5a-e420-4adb-8545-f012bd12c2a6,M-1784,SESS-20260718-3182-0419,RENTAL_ACCRUAL,10,138,2026-07-19T01:05:00+08:00
9186df2e-afba-4bdc-b09a-71a8210bd4c2,M-1389,SESS-20260718-7206-0420,RENTAL_ACCRUAL,11,445,2026-07-18T22:40:00+08:00
8a3ca525-a105-4489-b094-874562ce1e46,M-1212,SESS-20260718-9144-0421,RENTAL_ACCRUAL,18,104,2026-07-18T23:15:00+08:00
9469da9c-4380-48d1-947e-1d3238d2abca,M-1240,SESS-20260718-1715-0422,RENTAL_REDEMPTION,-200,27,2026-07-18T18:55:00+08:00
5cd1693d-5f8d-43d9-aeef-7e9f088ac3c7,M-1240,SESS-20260718-1715-0422,RENTAL_ACCRUAL,3,30,2026-07-18T21:55:00+08:00
6246b5bb-18d0-4227-89e6-d10400a29b5c,M-1110,SESS-20260718-7178-0423,RENTAL_ACCRUAL,45,266,2026-07-19T04:35:00+08:00
ce518f97-ea6a-4a56-ade6-21d59659c4e3,M-1360,SESS-20260718-1164-0424,RENTAL_ACCRUAL,16,109,2026-07-19T00:45:00+08:00
b785bd4e-1b51-4e10-bdb3-b2850922703c,M-1793,SESS-20260718-3393-0425,RENTAL_ACCRUAL,12,694,2026-07-18T21:05:00+08:00
eef5a7a4-c934-4b93-8009-408cf943e563,M-1163,SESS-20260718-7651-0426,RENTAL_REDEMPTION,-100,10,2026-07-18T23:20:00+08:00
50c9c37f-7024-496d-ad71-3b1461a11417,M-1163,SESS-20260718-7651-0426,RENTAL_ACCRUAL,65,75,2026-07-19T07:20:00+08:00
e0d1cce2-836b-4ec9-b1e3-d9052640ce56,M-1789,SESS-20260718-7116-0427,RENTAL_ACCRUAL,18,278,2026-07-18T19:35:00+08:00
b763b287-a0cd-445e-8c37-8725a46add05,M-2175,SESS-20260718-3807-0428,RENTAL_ACCRUAL,24,136,2026-07-19T01:15:00+08:00
ee76e8b0-9a7a-4326-a069-ebd58bba0787,M-1055,SESS-20260718-9282-0429,RENTAL_ACCRUAL,27,236,2026-07-18T22:30:00+08:00
cd0aeaa4-4f2b-4955-81d3-c7a205666dfd,M-1509,SESS-20260718-1088-0430,RENTAL_ACCRUAL,12,600,2026-07-19T01:30:00+08:00
d51e3c8f-e3e1-443a-939b-6b0c161855ed,M-1476,SESS-20260718-9345-0431,RENTAL_ACCRUAL,6,287,2026-07-18T22:20:00+08:00
6bdf368e-da84-4c0b-85cb-b8945230f231,M-1117,SESS-20260718-3366-0432,RENTAL_ACCRUAL,40,148,2026-07-19T06:15:00+08:00
fffedc1d-d155-4025-9502-bcc52eaf14f1,M-1118,SESS-20260718-1218-0433,RENTAL_ACCRUAL,5,215,2026-07-19T00:55:00+08:00
741ed949-c331-48e0-8ea3-7c8d7f16f178,M-1660,SESS-20260718-3397-0434,RENTAL_ACCRUAL,24,46,2026-07-18T13:20:00+08:00
e332007b-1257-40ce-9a23-d4328cf5612d,M-1090,SESS-20260718-7956-0435,RENTAL_ACCRUAL,27,927,2026-07-19T00:10:00+08:00
748b1a91-b341-40b1-b5eb-fcf9efa79514,M-1516,SESS-20260718-1925-0436,RENTAL_ACCRUAL,18,214,2026-07-18T15:00:00+08:00
7cb9f4d0-039b-40a5-ac8c-013b93eeff8a,M-1781,SESS-20260718-5919-0437,RENTAL_ACCRUAL,6,3537,2026-07-18T21:00:00+08:00
fe847aaa-869a-4d1a-a983-27c4673f39df,M-1822,SESS-20260718-5210-0438,RENTAL_ACCRUAL,27,117,2026-07-19T01:15:00+08:00
4e70ea1b-641e-42e4-aafb-85615e42257f,M-2020,SESS-20260718-2568-0439,RENTAL_ACCRUAL,24,117,2026-07-19T00:00:00+08:00
ab67fc8c-d84c-42be-a985-77692e318604,M-1547,SESS-20260718-2525-0440,RENTAL_ACCRUAL,40,275,2026-07-18T23:15:00+08:00
64c2bd87-f1c8-4850-a570-28ebb19cb435,M-1362,SESS-20260718-1093-0441,RENTAL_REDEMPTION,-400,12,2026-07-18T22:00:00+08:00
c4958a1b-0334-4e48-b5f9-05115e62c3c5,M-1362,SESS-20260718-1093-0441,RENTAL_ACCRUAL,20,32,2026-07-19T06:00:00+08:00
0e4823a8-7c04-4bd3-8ea2-bb63c023c3be,M-1243,SESS-20260718-5950-0442,RENTAL_REDEMPTION,-100,22,2026-07-18T12:15:00+08:00
dabe4d4d-6fa6-4e4d-9f81-a2f25890ddfd,M-1243,SESS-20260718-5950-0442,RENTAL_ACCRUAL,11,33,2026-07-18T14:15:00+08:00
0e5c48f9-a3c9-4583-8743-95c7418f03e1,M-1309,SESS-20260718-8175-0443,RENTAL_ACCRUAL,5,182,2026-07-18T22:00:00+08:00
f1576893-e9a4-4a27-8325-5a2fe9bb3c47,M-1456,SESS-20260718-2954-0444,RENTAL_REDEMPTION,-100,124,2026-07-18T22:45:00+08:00
a2b5df5f-eb03-480a-936a-9c523b033eee,M-1456,SESS-20260718-2954-0444,RENTAL_ACCRUAL,11,135,2026-07-19T00:45:00+08:00
03c534ba-3ef2-465e-b2d9-b0ac00a3f0ba,M-1541,SESS-20260718-5691-0445,RENTAL_ACCRUAL,27,507,2026-07-18T22:50:00+08:00
3f04f473-91e9-4e15-be84-ca5f9806943e,M-1349,SESS-20260718-5793-0446,RENTAL_REDEMPTION,-100,201,2026-07-18T21:15:00+08:00
d9c5eead-563f-410e-a660-23d42e19d07a,M-1349,SESS-20260718-5793-0446,RENTAL_ACCRUAL,21,222,2026-07-19T02:15:00+08:00
8b0aef5e-d972-4368-8b9b-311c0a507626,M-1052,SESS-20260718-9344-0447,RENTAL_ACCRUAL,10,233,2026-07-19T00:35:00+08:00
ea9895a8-8180-4ddc-8ba8-d8cd3eca6e4e,M-2107,SESS-20260718-5995-0448,RENTAL_ACCRUAL,64,132,2026-07-19T06:45:00+08:00
be9097dc-7eb2-4ab9-92ba-ae2192651006,M-2123,SESS-20260718-6602-0449,RENTAL_ACCRUAL,5,22,2026-07-18T23:00:00+08:00
c4471c99-119f-4d8d-b258-5277f4066395,M-1837,SESS-20260718-4190-0450,RENTAL_ACCRUAL,13,121,2026-07-18T22:30:00+08:00
a71ce27e-8a3c-429e-a93c-48e4dbeaeeea,M-1329,SESS-20260718-7396-0451,RENTAL_ACCRUAL,5,524,2026-07-18T23:00:00+08:00
11b005c9-2ca9-4e75-ac02-836f7bdac4b7,M-1244,SESS-20260718-3078-0452,RENTAL_ACCRUAL,5,186,2026-07-19T00:05:00+08:00
795ff589-e736-40ed-a162-5205ca0e867f,M-1390,SESS-20260718-9391-0453,RENTAL_REDEMPTION,-100,119,2026-07-18T21:50:00+08:00
9d95245a-5029-4bac-bc52-ba4ca4e3a5cd,M-1390,SESS-20260718-9391-0453,RENTAL_ACCRUAL,20,139,2026-07-19T00:50:00+08:00
cf043b81-ba8a-4fec-8c26-b845c0cc58ff,M-1441,SESS-20260718-1846-0454,RENTAL_REDEMPTION,-100,186,2026-07-18T22:15:00+08:00
fcbe07cc-73a5-41a1-b993-55181ed0a3fd,M-1441,SESS-20260718-1846-0454,RENTAL_ACCRUAL,5,191,2026-07-19T00:15:00+08:00
9608a354-0757-4824-a7f0-afb320a29ceb,M-1695,SESS-20260718-8858-0455,RENTAL_ACCRUAL,10,104,2026-07-18T23:30:00+08:00
7131488b-a718-458e-8255-dc2b93742e8c,M-1870,SESS-20260718-3313-0456,RENTAL_ACCRUAL,27,239,2026-07-19T00:40:00+08:00
5991786f-13e1-493a-bfb8-b17bc8783a27,M-1836,SESS-20260718-3811-0457,RENTAL_ACCRUAL,28,280,2026-07-19T03:55:00+08:00
4ed0cb16-acc3-488e-8c88-b789570be484,M-1841,SESS-20260718-7951-0458,RENTAL_ACCRUAL,60,366,2026-07-19T04:20:00+08:00
ca527b25-7fd7-4a36-9bba-d125ded1a34d,M-1841,TIER_UPGRADE_Standard_TO_Silver,TIER_BONUS,50,416,2026-07-19T04:20:00+08:00
9965c122-f51c-4712-a074-e1dc9b3a4eef,M-1397,SESS-20260718-8109-0459,RENTAL_ACCRUAL,28,355,2026-07-19T02:10:00+08:00
738d87f4-a96b-4063-bddf-3491f46f7805,M-1413,SESS-20260718-1973-0460,RENTAL_ACCRUAL,10,207,2026-07-19T01:10:00+08:00
cdbcf2c7-be96-424c-9623-624c3f5e07bb,M-1835,SESS-20260718-6826-0461,RENTAL_REDEMPTION,-200,214,2026-07-18T17:25:00+08:00
18d1197e-3577-437a-a94b-a38d0832fdd7,M-1835,SESS-20260718-6826-0461,RENTAL_ACCRUAL,5,219,2026-07-18T19:25:00+08:00
e4729b2c-75c3-415c-a969-858b8af78058,M-1327,SESS-20260718-6074-0462,RENTAL_ACCRUAL,28,2218,2026-07-19T00:20:00+08:00
25e7a6b1-77d0-44da-8447-a1ef81d6e21d,M-1683,SESS-20260718-7582-0463,RENTAL_REDEMPTION,-100,712,2026-07-18T14:30:00+08:00
beb7f4bd-ad9b-4673-95d4-9dba3dcbe2ab,M-1683,SESS-20260718-7582-0463,RENTAL_ACCRUAL,6,718,2026-07-18T15:30:00+08:00
b4ef90d5-6d94-434b-b708-471e66294825,M-1494,SESS-20260718-5994-0464,RENTAL_ACCRUAL,18,154,2026-07-19T01:00:00+08:00
84197e02-6a3e-48b9-a867-26dddc1af533,M-1245,SESS-20260718-1575-0465,RENTAL_ACCRUAL,60,169,2026-07-19T00:30:00+08:00
47412847-27d0-42b0-9c0c-9aa1667540b6,M-1099,SESS-20260718-8917-0466,RENTAL_ACCRUAL,27,212,2026-07-19T01:00:00+08:00
818b42cf-dc12-4397-8bf7-a54d173a2e5f,M-1622,SESS-20260718-5386-0467,RENTAL_REDEMPTION,-100,21,2026-07-18T21:45:00+08:00
580bf13d-77ee-4cc4-98cd-4c3efd0f7484,M-1622,SESS-20260718-5386-0467,RENTAL_ACCRUAL,20,41,2026-07-19T02:45:00+08:00
1c178218-b2c4-4b51-a215-0b8d039ef81d,M-1445,SESS-20260718-8671-0468,RENTAL_REDEMPTION,-100,128,2026-07-18T23:45:00+08:00
8ac92417-0535-4f21-a8d5-5f897d5c872a,M-1445,SESS-20260718-8671-0468,RENTAL_ACCRUAL,20,148,2026-07-19T04:45:00+08:00
58db7db0-1d47-42f3-9f63-324f23bb8d10,M-1417,SESS-20260718-4166-0469,RENTAL_ACCRUAL,45,276,2026-07-19T04:00:00+08:00
3f9e1f9b-8fd8-48cc-9229-893a816be564,M-1507,ORD-20260718-6841-0001,CONCESSION_ACCRUAL,3,158,2026-07-18T20:41:37+08:00
d445b8ca-2c8d-454f-86aa-7415ba33c7db,M-1572,ORD-20260719-5511-0002,CONCESSION_ACCRUAL,16,323,2026-07-19T00:30:04+08:00
dac81fa8-07e8-4b9d-b6b0-ce1ec5460a5c,M-1236,ORD-20260719-8465-0003,CONCESSION_ACCRUAL,15,400,2026-07-19T00:15:37+08:00
626cb0df-6cfb-4933-a34a-9da91a985887,M-1017,ORD-20260719-2767-0004,CONCESSION_ACCRUAL,9,181,2026-07-19T00:44:27+08:00
9d30ed4d-6522-411b-9a3e-6b0429bdc63d,M-1250,ORD-20260718-4675-0005,CONCESSION_ACCRUAL,8,162,2026-07-18T15:13:52+08:00
1153891e-70e3-4aa1-b0a1-fdd99e902a2c,M-1497,ORD-20260718-3360-0006,CONCESSION_ACCRUAL,30,781,2026-07-18T15:43:30+08:00
7f055973-4471-4e93-8047-6a7543c8cc51,M-1114,ORD-20260718-9969-0007,CONCESSION_ACCRUAL,16,276,2026-07-18T08:37:15+08:00
bc8dce1d-4f12-44cf-b699-486f123f9e19,M-1778,ORD-20260718-8749-0008,CONCESSION_ACCRUAL,15,236,2026-07-18T23:20:57+08:00
65d3b2d1-ebc3-4265-b355-fabcd0c87524,M-1646,ORD-20260718-9490-0009,CONCESSION_ACCRUAL,11,325,2026-07-18T23:37:16+08:00
2c4efdb2-59f6-4b1b-9c70-30ebf5fcb47b,M-1619,ORD-20260718-1968-0010,CONCESSION_ACCRUAL,31,158,2026-07-18T21:41:39+08:00
296861ad-28dc-4d31-81a6-2ec48746c3b2,M-1735,ORD-20260718-8676-0011,CONCESSION_ACCRUAL,28,223,2026-07-18T21:33:12+08:00
da297d15-fc7d-413e-aa4e-d4a0e5ecaaa7,M-1387,ORD-20260718-8059-0012,CONCESSION_ACCRUAL,8,104,2026-07-18T22:52:06+08:00
9902cdfe-2fbc-4cd0-b802-e91c1fa8c3d9,M-1965,ORD-20260718-6222-0013,CONCESSION_ACCRUAL,25,102,2026-07-18T22:20:37+08:00
62fdff14-42a9-4a29-b1f5-ff26527df181,M-1760,ORD-20260718-4001-0014,CONCESSION_ACCRUAL,3,43,2026-07-18T20:50:54+08:00
60577887-fdbc-45d6-9a10-96f908637e01,M-1072,ORD-20260718-1148-0015,CONCESSION_ACCRUAL,11,168,2026-07-18T13:27:02+08:00
2db39fe4-002c-47cc-8505-c630ec6be942,M-1045,ORD-20260719-9480-0016,CONCESSION_ACCRUAL,18,41,2026-07-19T01:44:48+08:00
ac3bc88b-a72a-49bd-8dda-49e6d84d475a,M-1303,ORD-20260718-5762-0017,CONCESSION_ACCRUAL,9,2637,2026-07-18T21:58:01+08:00
048890f2-c177-48db-b699-2cc18d465f5f,M-2099,ORD-20260719-4074-0018,CONCESSION_ACCRUAL,15,58,2026-07-19T01:16:17+08:00
785a88f7-3b55-4862-aa7c-038100a0087a,M-1260,ORD-20260718-4506-0019,CONCESSION_ACCRUAL,23,489,2026-07-18T11:49:57+08:00
b57258f2-330b-49b9-b404-22ce5f5de488,M-1245,ORD-20260718-4419-0020,CONCESSION_ACCRUAL,12,181,2026-07-18T20:56:58+08:00
77de457b-91c6-4f3b-bf61-7c50c64a5a69,M-1019,ORD-20260718-3282-0021,CONCESSION_ACCRUAL,8,363,2026-07-18T20:44:24+08:00
da78ebc3-fb29-430a-bf58-5feee3230aa9,M-2175,ORD-20260719-1387-0022,CONCESSION_ACCRUAL,15,151,2026-07-19T00:26:25+08:00
3e045e7d-f1d6-44e4-9060-bd79f492d9ae,M-1704,ORD-20260718-7023-0023,CONCESSION_ACCRUAL,9,86,2026-07-18T22:51:59+08:00
bf0c2a11-58ac-48d0-a2fd-b6700abab36e,M-1882,ORD-20260718-5794-0024,CONCESSION_ACCRUAL,6,205,2026-07-18T20:31:27+08:00
c50afcde-6aa4-40c9-9ff1-f45bb766479c,M-1730,ORD-20260718-2173-0025,CONCESSION_ACCRUAL,3,179,2026-07-18T16:10:51+08:00
5ad4c044-28ac-4b88-80ca-37170b9858c0,M-1509,ORD-20260719-8907-0026,CONCESSION_ACCRUAL,67,667,2026-07-19T00:57:19+08:00
27f5cc8b-0be7-464c-a274-63cfbe712d03,M-1233,ORD-20260718-7352-0027,CONCESSION_ACCRUAL,8,176,2026-07-18T19:31:57+08:00
46c281ff-9b94-4932-8b9b-9672ea9f08f8,M-1222,ORD-20260718-5211-0028,CONCESSION_ACCRUAL,41,233,2026-07-18T19:19:19+08:00
7afa9e07-25ec-432e-8136-ef08d1102603,M-1580,ORD-20260718-3054-0029,CONCESSION_ACCRUAL,16,661,2026-07-18T22:53:34+08:00
814d23fa-0cb9-417d-93ef-ea6471f3d125,M-1039,ORD-20260718-9882-0030,CONCESSION_ACCRUAL,16,380,2026-07-18T19:26:39+08:00
e6e0295b-6fe4-4ada-8ace-9ef7cb135797,M-1391,ORD-20260718-7567-0031,CONCESSION_ACCRUAL,8,264,2026-07-18T14:57:58+08:00
17028898-7037-4a37-ab78-e0e133b3593c,M-1620,ORD-20260718-2870-0032,CONCESSION_ACCRUAL,9,576,2026-07-18T23:14:31+08:00
0dd2cf4d-b18a-492a-893c-d113ad9bd2aa,M-1536,ORD-20260718-6992-0033,CONCESSION_ACCRUAL,11,113,2026-07-18T14:55:01+08:00
0b7e48f9-17ed-42aa-aa70-3ee193e32695,M-1561,ORD-20260718-1531-0034,CONCESSION_ACCRUAL,18,351,2026-07-18T19:48:21+08:00
0a279d7d-ea5a-4a0e-8550-2b32f82bd028,M-2062,ORD-20260719-3803-0035,CONCESSION_ACCRUAL,6,19,2026-07-19T00:19:36+08:00
3b7b6f64-08f8-4acd-b260-2131d2204c3b,M-1362,ORD-20260719-3933-0036,CONCESSION_ACCRUAL,18,50,2026-07-19T05:23:28+08:00
967d3195-5537-4dbd-88d7-49409a21770a,M-2107,ORD-20260718-4150-0037,CONCESSION_ACCRUAL,9,141,2026-07-18T21:07:54+08:00
13e4e5d2-584f-4130-bccb-1d3c93951d2a,M-2110,ORD-20260718-5688-0038,CONCESSION_ACCRUAL,9,202,2026-07-18T22:51:57+08:00
ba87c59f-26ed-4a27-9105-a10e07f79f29,M-2110,TIER_UPGRADE_Standard_TO_Silver,TIER_BONUS,50,252,2026-07-18T22:51:57+08:00
51203db0-923e-442e-b318-3481df5cf0e4,M-1342,ORD-20260718-3773-0039,CONCESSION_ACCRUAL,11,292,2026-07-18T20:01:17+08:00
167e7bcf-739c-4efc-9b15-0fb136e19220,M-1566,ORD-20260718-6675-0040,CONCESSION_ACCRUAL,12,225,2026-07-18T13:35:27+08:00
28aff5f6-48e4-44a7-a84e-dabad4d3afcd,M-1660,ORD-20260718-4359-0041,CONCESSION_ACCRUAL,32,78,2026-07-18T12:22:49+08:00
62e340cc-0ccc-4882-af09-a674f39745e4,M-2092,ORD-20260718-6139-0042,CONCESSION_ACCRUAL,23,119,2026-07-18T23:01:24+08:00
5996f8df-641c-4591-a0b4-520955912326,M-1480,ORD-20260718-5811-0043,CONCESSION_ACCRUAL,11,27,2026-07-18T23:37:29+08:00
9baa7e1f-0c6f-4b8f-844b-e52289504b1d,M-1120,ORD-20260718-3453-0044,CONCESSION_ACCRUAL,3,494,2026-07-18T20:58:50+08:00
532f7d5b-f1ff-499a-8c6c-7198849e3db2,M-1506,ORD-20260718-1608-0045,CONCESSION_ACCRUAL,8,383,2026-07-18T19:40:11+08:00
3e17432c-b9b9-4de4-9336-73b01d610aa0,M-1821,ORD-20260718-1852-0046,CONCESSION_ACCRUAL,8,335,2026-07-18T22:53:42+08:00
c70de404-06f2-43c5-bd9b-ca7724638eb9,M-1494,ORD-20260718-5026-0047,CONCESSION_ACCRUAL,7,161,2026-07-18T23:21:06+08:00
0221f29c-9658-463b-b154-4b4a27bf2de7,M-1466,ORD-20260718-7041-0048,CONCESSION_ACCRUAL,13,3738,2026-07-18T23:45:38+08:00
2793d446-85c8-44d9-b15f-981f8621ac49,M-1427,ORD-20260718-8374-0049,CONCESSION_ACCRUAL,10,331,2026-07-18T11:28:14+08:00
614497f8-d885-4b75-89ce-c6236fb3f743,M-1291,ORD-20260718-7011-0050,CONCESSION_ACCRUAL,3,94,2026-07-18T11:00:14+08:00
9db831c5-e986-4947-876c-52076610fe6f,M-1599,ORD-20260719-6625-0051,CONCESSION_ACCRUAL,15,267,2026-07-19T01:27:10+08:00
a8cd88f4-afb2-4096-8ea9-57a30ceacdb4,M-1603,ORD-20260718-8632-0052,CONCESSION_ACCRUAL,19,153,2026-07-18T22:57:30+08:00
90adc69c-f5ac-4ca1-bd39-a9d1ba61853c,M-1015,ORD-20260719-1493-0053,CONCESSION_ACCRUAL,6,285,2026-07-19T01:03:13+08:00
11ed33b0-8c6a-4c41-a3e6-822e0ac91ba0,M-1015,TIER_UPGRADE_Standard_TO_Silver,TIER_BONUS,50,335,2026-07-19T01:03:13+08:00
ebc058f4-58cd-4711-a890-d0aeb53d3dcf,M-1649,ORD-20260718-3191-0054,CONCESSION_ACCRUAL,11,181,2026-07-18T19:37:28+08:00
8272b1d3-0596-4769-8d5b-8acaf716b2ae,M-1417,ORD-20260719-5535-0055,CONCESSION_ACCRUAL,15,291,2026-07-19T01:33:31+08:00
da7082f0-4880-424c-b491-ddc8d251e929,M-1413,ORD-20260719-1280-0056,CONCESSION_ACCRUAL,6,213,2026-07-19T00:43:17+08:00
b1041b6f-b076-4fd7-a955-1d410b282e9e,M-1237,ORD-20260718-3129-0057,CONCESSION_ACCRUAL,11,357,2026-07-18T23:41:56+08:00
7bfdec16-eab7-451a-b65c-c6ef140c0ee3,M-1318,ORD-20260718-4757-0058,CONCESSION_ACCRUAL,30,397,2026-07-18T17:17:02+08:00
547bdf01-90da-4f75-bcc1-323f26444d59,M-1992,ORD-20260718-4646-0059,CONCESSION_ACCRUAL,12,114,2026-07-18T17:32:38+08:00
aa9059fb-6dec-4dae-aba3-12c9dc468664,M-1386,ORD-20260719-9502-0060,CONCESSION_ACCRUAL,8,212,2026-07-19T01:04:52+08:00
d212078a-6664-472c-9839-a33f5db425c6,M-1581,ORD-20260718-8603-0061,CONCESSION_ACCRUAL,15,134,2026-07-18T23:34:30+08:00
256a436e-23bd-4c29-bbc9-b3cb0dd7cf5b,M-1009,ORD-20260719-8474-0062,CONCESSION_ACCRUAL,21,226,2026-07-19T00:58:09+08:00
861bbc56-5f5b-4457-99ca-890cc7a762e1,M-1366,ORD-20260718-3651-0063,CONCESSION_ACCRUAL,8,254,2026-07-18T22:09:48+08:00
d87940bb-9e87-4237-b724-700ddb264c69,M-1173,ORD-20260718-8013-0064,CONCESSION_ACCRUAL,18,286,2026-07-18T23:34:59+08:00
14a6826a-5ed0-4c05-b7c7-eea29e19657c,M-1379,ORD-20260718-2962-0065,CONCESSION_ACCRUAL,16,205,2026-07-18T21:20:13+08:00
b89a4667-66ad-4506-9af7-dbfc485afc66,M-1324,ORD-20260718-9787-0066,CONCESSION_ACCRUAL,15,218,2026-07-18T23:50:59+08:00
d8eb8820-99f4-475d-8696-ac712b880930,M-1035,ORD-20260718-2502-0067,CONCESSION_ACCRUAL,45,202,2026-07-18T20:39:59+08:00
1ff95996-7d03-4424-99eb-31a412eca545,M-1688,ORD-20260718-4746-0068,CONCESSION_ACCRUAL,31,343,2026-07-18T22:19:35+08:00
7ad18068-9e35-43d2-ac5e-ce92674711b9,M-1817,ORD-20260719-9074-0069,CONCESSION_ACCRUAL,26,198,2026-07-19T00:19:18+08:00
7976d043-3dfe-462e-a4ba-e140c667c7a3,M-1944,ORD-20260718-3031-0070,CONCESSION_ACCRUAL,11,300,2026-07-18T23:18:11+08:00
c01ee31d-0472-4ee8-b687-da75807c1ae4,M-1022,ORD-20260718-2323-0071,CONCESSION_ACCRUAL,3,161,2026-07-18T22:37:53+08:00
cf95513f-8683-4090-adc0-eea434359b57,M-1429,ORD-20260718-8722-0072,CONCESSION_ACCRUAL,19,336,2026-07-18T21:57:04+08:00
48651373-267c-4193-bf1a-a8b486419c7c,M-1392,ORD-20260719-5253-0073,CONCESSION_ACCRUAL,23,689,2026-07-19T01:08:01+08:00
fdc75bfd-e220-4487-9871-b013ab1e48cd,M-1005,ORD-20260718-5941-0074,CONCESSION_ACCRUAL,12,74,2026-07-18T20:01:09+08:00
281a8ae7-5533-4a7b-9135-c72b91e02b9f,M-1705,ORD-20260718-1523-0075,CONCESSION_ACCRUAL,15,169,2026-07-18T20:57:28+08:00
e2e53527-3b59-4ab2-9429-ac54689468b1,M-1456,ORD-20260718-7636-0076,CONCESSION_ACCRUAL,15,150,2026-07-18T22:46:09+08:00
136a6ee7-9996-4d82-91f5-a3fa7e718ef3,M-1408,ORD-20260718-2690-0077,CONCESSION_ACCRUAL,10,437,2026-07-18T21:49:18+08:00
2f23484d-e052-43f8-9282-5d1942697b38,M-1573,ORD-20260719-2082-0078,CONCESSION_ACCRUAL,11,378,2026-07-19T05:30:08+08:00
792b1593-8b95-43be-8312-8bdea57a90cb,M-1935,ORD-20260718-4800-0079,CONCESSION_ACCRUAL,3,60,2026-07-18T12:37:53+08:00
0923e441-91dd-4e42-95ed-79c17642dd16,M-1060,ORD-20260718-5052-0080,CONCESSION_ACCRUAL,23,188,2026-07-18T15:07:18+08:00
ff3b1bfb-f901-48dc-bcf3-b239a706beb2,M-1944,ORD-20260718-9024-0081,CONCESSION_ACCRUAL,10,310,2026-07-18T14:19:36+08:00
437039cc-c166-432a-ab4c-8bcd8c3772c6,M-1194,ORD-20260718-8337-0082,CONCESSION_ACCRUAL,25,234,2026-07-18T16:34:47+08:00
8621bdc1-0969-4364-9d7a-cf4fc75dc6bd,M-1467,ORD-20260718-2589-0083,CONCESSION_ACCRUAL,9,263,2026-07-18T16:01:35+08:00
a09119be-af31-4497-8429-58c933f0b8e4,M-1364,ORD-20260718-8711-0084,CONCESSION_ACCRUAL,8,656,2026-07-18T22:54:09+08:00
44041246-1783-4c1f-8c03-00458e1a104d,M-1133,ORD-20260718-9325-0085,CONCESSION_ACCRUAL,22,276,2026-07-18T23:58:36+08:00
c4485f7c-63e9-4d96-866a-c7d75a26315b,M-1267,ORD-20260718-2432-0086,CONCESSION_ACCRUAL,22,129,2026-07-18T20:50:48+08:00
eba014e7-68c2-4073-8826-4e38f0cde4e3,M-1458,ORD-20260718-9099-0087,CONCESSION_ACCRUAL,11,156,2026-07-18T12:09:50+08:00
c03aa5be-7770-457f-a8d9-4fe5e3c89b5f,M-1126,ORD-20260718-8074-0088,CONCESSION_ACCRUAL,15,34,2026-07-18T21:53:01+08:00
0d549ceb-0892-4ebd-a6da-57b83b856f2a,M-1126,TIER_UPGRADE_Standard_TO_Silver,TIER_BONUS,50,84,2026-07-18T21:53:01+08:00
20f3ccbd-3ab2-4a02-b71a-9da14d8361e5,M-1552,ORD-20260718-1790-0089,CONCESSION_ACCRUAL,22,78,2026-07-18T08:19:29+08:00
bb6a53da-7cd0-40ce-be8c-42f36581c49b,M-1561,ORD-20260718-6187-0090,CONCESSION_ACCRUAL,15,366,2026-07-18T23:37:06+08:00
c6aada37-0abd-434c-b714-09beff6db731,M-1244,ORD-20260718-7028-0091,CONCESSION_ACCRUAL,18,204,2026-07-18T23:27:21+08:00
f0fc636d-d3a0-4fae-9f54-19a0fcc3f375,M-1282,ORD-20260718-9766-0092,CONCESSION_ACCRUAL,11,125,2026-07-18T20:01:35+08:00
332a1faa-3498-4a19-b9c0-144c5819313e,M-1219,ORD-20260718-5046-0093,CONCESSION_ACCRUAL,16,268,2026-07-18T21:30:18+08:00
f11b0fa1-5a8f-4597-9770-69a529d66805,M-1429,ORD-20260718-3718-0094,CONCESSION_ACCRUAL,22,358,2026-07-18T15:16:12+08:00
56fcdc0d-3685-4b03-8c37-174e82d01b83,M-1737,ORD-20260719-9846-0095,CONCESSION_ACCRUAL,22,148,2026-07-19T00:11:01+08:00
6e3edc76-cbe8-41e6-871b-52595d29d676,M-1550,ORD-20260718-8568-0096,CONCESSION_ACCRUAL,8,224,2026-07-18T08:44:30+08:00
39e8de16-24d3-4b67-8888-8e4305978554,M-1476,ORD-20260718-7011-0097,CONCESSION_ACCRUAL,13,300,2026-07-18T21:32:03+08:00
11995aae-fd84-470d-8f2e-8f148766c989,M-1206,ORD-20260718-7098-0098,CONCESSION_ACCRUAL,6,258,2026-07-18T17:30:16+08:00
aa319612-8e14-44ba-b9c4-ae3e774b8a43,M-1769,ORD-20260718-6471-0099,CONCESSION_ACCRUAL,8,176,2026-07-18T23:40:20+08:00
742955ed-a840-4447-8679-fde3336bdd4c,M-1520,ORD-20260718-5762-0100,CONCESSION_ACCRUAL,12,762,2026-07-18T19:28:28+08:00
b1a86e2a-d0bc-4aee-b76c-accc4b7954f3,M-1372,ORD-20260719-8059-0101,CONCESSION_ACCRUAL,3,339,2026-07-19T00:14:50+08:00
3b143c2a-d560-4538-ba20-9a389f376af6,M-1409,ORD-20260718-7953-0102,CONCESSION_ACCRUAL,41,302,2026-07-18T22:13:57+08:00
ea3e31a3-34f8-4242-894a-d5ba6db95147,M-1793,ORD-20260718-5908-0103,CONCESSION_ACCRUAL,9,703,2026-07-18T20:28:55+08:00
c141cc23-7d47-416d-bdb3-658db4bd7323,M-1139,ORD-20260719-3704-0104,CONCESSION_ACCRUAL,11,279,2026-07-19T04:39:09+08:00
eaeae8e1-68da-4cab-b2cf-6dd1f0358ed2,M-1316,ORD-20260718-4678-0105,CONCESSION_ACCRUAL,18,152,2026-07-18T16:27:21+08:00
5113d6c1-eb0d-4539-87f3-ea6cdc80a2ee,M-1992,ORD-20260719-3808-0106,CONCESSION_ACCRUAL,18,132,2026-07-19T03:13:01+08:00
6bb25a37-4b3a-4d30-80b3-520bb35bf777,M-1547,ORD-20260718-9037-0107,CONCESSION_ACCRUAL,8,283,2026-07-18T20:49:52+08:00
c93a471f-e5dd-421a-aea1-128d5956e2af,M-1279,ORD-20260718-3620-0108,CONCESSION_ACCRUAL,45,140,2026-07-18T21:15:31+08:00
807ab1b5-f619-4c34-bcf5-d09d0da5623b,M-1034,ORD-20260719-4244-0109,CONCESSION_ACCRUAL,28,177,2026-07-19T00:07:31+08:00
e7978625-49ae-4ec7-acb6-7db310b12595,M-1738,ORD-20260718-9933-0110,CONCESSION_ACCRUAL,16,321,2026-07-18T20:41:47+08:00
f0f5a996-73d1-48dd-a117-7c00fbaec61d,M-1622,ORD-20260719-9931-0111,CONCESSION_ACCRUAL,18,59,2026-07-19T01:18:54+08:00
2811eab0-2cfd-4bd9-876b-efa56acaa701,M-1622,TIER_UPGRADE_Standard_TO_Silver,TIER_BONUS,50,109,2026-07-19T01:18:54+08:00
21246a5d-999a-4173-8f2c-cbe6cfc7bbb4,M-1178,ORD-20260718-7549-0112,CONCESSION_ACCRUAL,8,75,2026-07-18T07:44:20+08:00
53514386-c3d0-4944-9794-a4c4fae94194,M-1051,ORD-20260718-2617-0113,CONCESSION_ACCRUAL,16,221,2026-07-18T18:02:40+08:00
a1625f55-ac26-4280-b289-593e7a80fcfc,M-1796,ORD-20260718-8887-0114,CONCESSION_ACCRUAL,12,209,2026-07-18T23:50:45+08:00
c2572138-c677-4d8a-8882-9a6104b362cf,M-1378,ORD-20260718-4454-0115,CONCESSION_ACCRUAL,11,223,2026-07-18T19:03:37+08:00
2b4c45d4-61db-42dd-85cf-2e7dbf616140,M-1925,ORD-20260718-5430-0116,CONCESSION_ACCRUAL,12,91,2026-07-18T22:38:23+08:00
93eb96b0-2cd9-4198-b3e0-13738c4da22e,M-1312,ORD-20260718-1468-0117,CONCESSION_ACCRUAL,8,407,2026-07-18T15:19:37+08:00
fbace18f-5331-4bde-bdab-45e0e3ba66c1,M-2038,ORD-20260718-8944-0118,CONCESSION_ACCRUAL,3,53,2026-07-18T17:11:33+08:00
4d16fea6-e008-4074-8cdb-276db4f3adbe,M-1309,ORD-20260718-7824-0119,CONCESSION_ACCRUAL,11,193,2026-07-18T17:43:59+08:00
75ad8347-2572-429d-b7bb-c10c1b8eac72,M-1516,ORD-20260718-8359-0120,CONCESSION_ACCRUAL,34,248,2026-07-18T13:37:31+08:00
cf04e1d7-9af4-46d0-9205-f1ec8d5a99f1,M-1145,ORD-20260719-4098-0121,CONCESSION_ACCRUAL,45,229,2026-07-19T04:26:56+08:00
d5a38c01-cba8-4b54-a344-558de1476dfc,M-1018,ORD-20260718-1693-0122,CONCESSION_ACCRUAL,6,274,2026-07-18T13:06:31+08:00
977a7aac-578f-4c0b-b802-a4ef2966d287,M-2107,ORD-20260719-9228-0123,CONCESSION_ACCRUAL,6,147,2026-07-19T00:47:11+08:00
658541f5-45b4-48de-8b54-bcf885814ba5,M-1705,ORD-20260718-4587-0124,CONCESSION_ACCRUAL,19,188,2026-07-18T17:16:57+08:00
408bdcd9-8547-4c37-b5b5-adb6ece11979,M-1460,ORD-20260718-8779-0125,CONCESSION_ACCRUAL,45,232,2026-07-18T15:32:37+08:00
01f47fea-4d55-4fd0-b8e3-63ae3a982c2b,M-1761,ORD-20260718-4587-0126,CONCESSION_ACCRUAL,31,309,2026-07-18T19:04:51+08:00
3633d3da-32c7-4fbc-9619-1bcc8494a170,M-1411,ORD-20260718-9400-0127,CONCESSION_ACCRUAL,10,481,2026-07-18T20:51:36+08:00
501f2438-2f60-4a38-ac85-35f50ecda34e,M-1740,ORD-20260719-4726-0128,CONCESSION_ACCRUAL,9,2058,2026-07-19T00:34:38+08:00
c1333193-f800-4730-a20b-01c7ba7ae99f,M-1243,ORD-20260718-5744-0129,CONCESSION_ACCRUAL,6,39,2026-07-18T13:11:14+08:00
030b0c1a-8334-478c-a44f-e104d9529fe3,M-1936,ORD-20260718-7618-0130,CONCESSION_ACCRUAL,17,90,2026-07-18T17:21:31+08:00
59c9bac7-a71a-4413-950d-bba5188ac9b4,M-2120,ORD-20260718-5204-0131,CONCESSION_ACCRUAL,16,120,2026-07-18T22:57:16+08:00
7c885c2f-6b48-472d-8c2d-3650cc948f70,M-1360,ORD-20260718-2552-0132,CONCESSION_ACCRUAL,13,122,2026-07-18T17:10:05+08:00
c84b41c4-5a0f-4a98-b4b9-dc9d49a570bc,M-1104,ORD-20260718-4063-0133,CONCESSION_ACCRUAL,11,333,2026-07-18T15:51:07+08:00
b936d501-e1d6-4d23-80ef-9e3231341cfb,M-1268,ORD-20260718-6604-0134,CONCESSION_ACCRUAL,29,155,2026-07-18T21:05:03+08:00
b2e9f901-d972-4ad5-8825-2dc09a1e991d,M-1427,ORD-20260718-7651-0135,CONCESSION_ACCRUAL,15,346,2026-07-18T18:44:52+08:00
b7b869c9-72bf-44f0-8c03-31c490b27738,M-1833,ORD-20260718-3245-0136,CONCESSION_ACCRUAL,8,114,2026-07-18T22:45:02+08:00
192d276e-860b-437f-9600-f62d45a00dc5,M-1082,ORD-20260718-1378-0137,CONCESSION_ACCRUAL,9,210,2026-07-18T11:58:51+08:00
f7286534-842d-4822-8c74-f3361d218d0e,M-1384,ORD-20260718-8180-0138,CONCESSION_ACCRUAL,42,1197,2026-07-18T19:08:45+08:00
47762db9-9187-4d1b-9cb1-1b91de114354,M-2105,ORD-20260718-4326-0139,CONCESSION_ACCRUAL,3,88,2026-07-18T22:11:05+08:00
ffa1c3b9-d17c-41fe-931f-883e660ba66a,M-2020,ORD-20260718-3760-0140,CONCESSION_ACCRUAL,3,120,2026-07-18T22:07:34+08:00
5e67ccb6-967d-441e-824d-62820a4f1656,M-1691,ORD-20260719-5566-0141,CONCESSION_ACCRUAL,29,381,2026-07-19T01:21:45+08:00
0680bd24-a5ee-4964-8cd1-18f58e61caa0,M-1661,ORD-20260719-7124-0142,CONCESSION_ACCRUAL,21,2933,2026-07-19T03:00:19+08:00
53918d4a-0760-453d-bb53-b8d929144e67,M-1677,ORD-20260718-2357-0143,CONCESSION_ACCRUAL,11,130,2026-07-18T19:32:55+08:00
b944c179-8fbd-4c17-bbf2-2b10baf00186,M-1106,ORD-20260718-4654-0144,CONCESSION_ACCRUAL,73,306,2026-07-18T16:50:14+08:00
0c7aacde-e796-4e3b-b874-ce81535b06c7,M-1739,ORD-20260718-8246-0145,CONCESSION_ACCRUAL,15,41,2026-07-18T21:05:36+08:00
6d6fe3f0-b63c-4eaa-b098-997db07ddde4,M-1167,ORD-20260719-9020-0146,CONCESSION_ACCRUAL,18,608,2026-07-19T00:05:25+08:00
6bd26d25-de42-476b-a824-9c3fe744a731,M-1185,ORD-20260718-2993-0147,CONCESSION_ACCRUAL,13,288,2026-07-18T16:35:21+08:00
0dda540f-c2e3-4994-a2e1-475c950c104a,M-1443,ORD-20260718-9470-0148,CONCESSION_ACCRUAL,3,210,2026-07-18T12:17:55+08:00
47d6fb49-4fe4-44d9-90bb-a8018014a61a,M-1432,ORD-20260718-1065-0149,CONCESSION_ACCRUAL,13,2993,2026-07-18T23:16:04+08:00
0a852ddb-a4c3-45d6-94ce-d84495d108f5,M-1703,ORD-20260718-7542-0150,CONCESSION_ACCRUAL,8,154,2026-07-18T17:26:13+08:00
d2486378-ac7e-4ef4-959d-307c0f3e69b5,M-1479,ORD-20260719-1280-0151,CONCESSION_ACCRUAL,9,2328,2026-07-19T01:36:44+08:00
a9f0dfdf-7b16-4717-82a2-07c2f6aae601,M-1674,ORD-20260718-1271-0152,CONCESSION_ACCRUAL,30,514,2026-07-18T18:32:58+08:00
b70dbb7f-5b39-4c91-b7db-59bd4a8151e3,M-1138,ORD-20260719-6664-0153,CONCESSION_ACCRUAL,16,572,2026-07-19T02:19:39+08:00
dc42516d-0157-4088-98e9-900ba339a167,M-1049,ORD-20260718-6759-0154,CONCESSION_ACCRUAL,19,329,2026-07-18T15:58:50+08:00
5cedea64-2ebd-47cf-b087-108af2592264,M-1633,ORD-20260718-7210-0155,CONCESSION_ACCRUAL,19,177,2026-07-18T16:46:11+08:00
565d2c12-aab6-4bf6-abfd-76c3855a30ef,M-1713,ORD-20260718-8463-0156,CONCESSION_ACCRUAL,15,311,2026-07-18T12:53:44+08:00
1cb8ddbd-f0a1-4f6d-9b92-fc510d89b3c0,M-1201,ORD-20260719-2855-0157,CONCESSION_ACCRUAL,19,443,2026-07-19T00:20:59+08:00
481d0ed7-1830-4faa-93fe-1ae442b6265a,M-1014,ORD-20260718-3510-0158,CONCESSION_ACCRUAL,8,704,2026-07-18T20:18:49+08:00
7613aa25-6d84-4c87-9da3-bfd9f75759bd,M-1673,ORD-20260719-7317-0159,CONCESSION_ACCRUAL,16,435,2026-07-19T00:29:11+08:00
c3ecde97-665d-4b66-bd14-a6ce83b2755f,M-1376,ORD-20260719-1124-0160,CONCESSION_ACCRUAL,10,303,2026-07-19T01:46:45+08:00
c08476b3-edf2-4e20-8060-e5ce94877df0,M-1514,ORD-20260718-3566-0161,CONCESSION_ACCRUAL,26,461,2026-07-18T23:01:03+08:00
12e6b844-8064-41b5-be7d-55a818f41cde,M-1270,ORD-20260718-5725-0162,CONCESSION_ACCRUAL,3,783,2026-07-18T22:34:13+08:00
3626184e-9003-46b7-a353-067d0271e87c,M-1161,ORD-20260718-4619-0163,CONCESSION_ACCRUAL,53,304,2026-07-18T22:48:06+08:00
43dfdf37-ae27-4745-b15b-7ad3d48758e6,M-1161,TIER_UPGRADE_Standard_TO_Silver,TIER_BONUS,50,354,2026-07-18T22:48:06+08:00
032fd186-de00-435b-83cd-af03288a62f3,M-2197,ORD-20260718-2488-0164,CONCESSION_ACCRUAL,3,94,2026-07-18T21:43:32+08:00
90d6f13a-0f0b-4722-a257-2bf971a00f6b,M-1274,ORD-20260719-6604-0165,CONCESSION_ACCRUAL,19,460,2026-07-19T01:33:34+08:00
2689e817-32e0-460c-a9b3-94aee9f3adf6,M-1452,ORD-20260718-4325-0166,CONCESSION_ACCRUAL,25,236,2026-07-18T13:37:30+08:00
a1aa7a1b-dc9a-4730-bfb4-cd35aeb9ae54,M-1110,ORD-20260719-8338-0167,CONCESSION_ACCRUAL,19,285,2026-07-19T03:30:37+08:00
63933b7f-f9e6-4a44-bec5-5d28c78ee294,M-1193,ORD-20260718-3896-0168,CONCESSION_ACCRUAL,9,332,2026-07-18T23:02:23+08:00
e0724eec-5323-4ef8-999d-e9d4c5e62fb5,M-1554,ORD-20260718-8468-0169,CONCESSION_ACCRUAL,18,1009,2026-07-18T06:58:21+08:00
b7135a34-70ff-4711-94fb-931331eb9539,M-1113,ORD-20260719-5646-0170,CONCESSION_ACCRUAL,11,298,2026-07-19T01:13:35+08:00
03fc35f4-5deb-4226-ad2b-8c708c93fab9,M-1200,ORD-20260718-4224-0171,CONCESSION_ACCRUAL,9,41,2026-07-18T22:21:04+08:00
f32471a9-7290-48af-9357-9a43eedc052a,M-1266,ORD-20260719-1784-0172,CONCESSION_ACCRUAL,31,322,2026-07-19T03:40:14+08:00
c3f36377-be02-481f-8ac8-ccea2dce875a,M-1813,ORD-20260719-9149-0173,CONCESSION_ACCRUAL,49,920,2026-07-19T01:27:49+08:00
594243c4-34fe-4729-92b3-e2c9042f5bd3,M-1099,ORD-20260718-8596-0174,CONCESSION_ACCRUAL,30,242,2026-07-18T23:52:18+08:00
e212bba6-7ffe-4ba1-bc01-2f08dd0e50d0,M-1503,ORD-20260718-5612-0175,CONCESSION_ACCRUAL,23,636,2026-07-18T20:05:52+08:00
de8fa2df-112d-4d45-aee2-16349bdd5547,M-1307,ORD-20260718-1119-0176,CONCESSION_ACCRUAL,18,222,2026-07-18T19:09:39+08:00
9cda1d5b-d70c-4a29-a555-3490ed086bb9,M-1975,ORD-20260718-5368-0177,CONCESSION_ACCRUAL,12,79,2026-07-18T19:00:50+08:00
311d0a56-7894-4070-a8d7-73b3532d6ec2,M-1078,ORD-20260718-6257-0178,CONCESSION_ACCRUAL,11,959,2026-07-18T23:39:20+08:00
d5038ff3-5bcf-4bfa-8d8f-6891598c8aa8,M-1055,ORD-20260718-6091-0179,CONCESSION_ACCRUAL,15,251,2026-07-18T22:12:14+08:00
502c15d8-254c-4988-9ab3-1f5812e3a4d0,M-2063,ORD-20260718-2523-0180,CONCESSION_ACCRUAL,12,160,2026-07-18T17:39:01+08:00
ea95f446-27bf-49e6-aefb-027bb26c9578,M-1562,ORD-20260718-6012-0181,CONCESSION_ACCRUAL,8,772,2026-07-18T20:59:41+08:00
fff86caf-a35b-490d-b2bb-e93a57719725,M-1862,ORD-20260719-3853-0182,CONCESSION_ACCRUAL,6,91,2026-07-19T00:20:04+08:00
f854f2d9-f77b-4311-afc0-f62ab51c516b,M-1759,ORD-20260718-7185-0183,CONCESSION_ACCRUAL,7,58,2026-07-18T21:45:10+08:00
5ca94bf3-1a9f-4f9a-9f0c-302ec442066f,M-1390,ORD-20260718-1866-0184,CONCESSION_ACCRUAL,19,158,2026-07-18T23:32:01+08:00
03b5a149-fed3-4daa-b38f-c99fcf1ac0e4,M-1196,ORD-20260718-3792-0185,CONCESSION_ACCRUAL,22,322,2026-07-18T06:30:49+08:00
709a13ed-8b41-4dd6-be2d-bb1d0e64b00f,M-1609,ORD-20260718-5913-0186,CONCESSION_ACCRUAL,18,384,2026-07-18T22:13:51+08:00
12e3167b-c2e4-4a1c-8d20-2eb540bc4287,M-1256,ORD-20260718-3493-0187,CONCESSION_ACCRUAL,8,130,2026-07-18T18:54:58+08:00
f6fcc80a-633a-4ab9-ab45-518aed4d66a1,M-1616,ORD-20260718-9409-0188,CONCESSION_ACCRUAL,15,45,2026-07-18T11:21:27+08:00
9785eab9-ed47-4187-8407-246bd9044b3b,M-1188,ORD-20260719-3567-0189,CONCESSION_ACCRUAL,33,559,2026-07-19T00:55:23+08:00
b03effa0-90d0-46ce-a967-78208c82e7b7,M-1745,ORD-20260719-7798-0190,CONCESSION_ACCRUAL,8,536,2026-07-19T00:22:23+08:00
abc87a24-48b3-4f3f-bf85-dd90c7413012,M-1398,ORD-20260718-9417-0191,CONCESSION_ACCRUAL,9,1642,2026-07-18T22:10:55+08:00
314c5dac-95b9-4bfe-8e21-6f10c04513d7,M-1360,ORD-20260718-4754-0192,CONCESSION_ACCRUAL,3,125,2026-07-18T23:40:23+08:00
885704e4-a015-40b1-b8e9-4909ad2579d2,M-1538,ORD-20260718-8301-0193,CONCESSION_ACCRUAL,13,138,2026-07-18T23:13:54+08:00
2b6115c8-5ec1-4fca-9918-c8440f7324c4,M-1238,ORD-20260718-1467-0194,CONCESSION_ACCRUAL,15,180,2026-07-18T20:57:47+08:00
ba40eada-d23b-465f-9e78-a87b4b6af08d,M-1559,ORD-20260718-1954-0195,CONCESSION_ACCRUAL,9,186,2026-07-18T23:44:43+08:00
380bc552-565b-483b-b777-26dd5b67b666,M-1645,ORD-20260719-3527-0196,CONCESSION_ACCRUAL,9,306,2026-07-19T06:09:42+08:00
adb69af6-2599-45d2-bc70-091cff674259,M-1635,ORD-20260718-6168-0197,CONCESSION_ACCRUAL,3,264,2026-07-18T18:17:02+08:00
fe3aa131-4307-4e1b-a4b5-2c22d58ba438,M-1240,ORD-20260718-3709-0198,CONCESSION_ACCRUAL,14,44,2026-07-18T21:30:00+08:00
6d9dd133-b57f-43f7-afbc-098b9775d879,M-1831,ORD-20260718-7670-0199,CONCESSION_ACCRUAL,11,109,2026-07-18T16:38:03+08:00
b1a4f57e-294c-4138-a282-8dc3d941b1ae,M-1831,TIER_UPGRADE_Standard_TO_Silver,TIER_BONUS,50,159,2026-07-18T16:38:03+08:00
007ddc0b-e993-4608-ae79-4459cac390c4,M-1424,ORD-20260718-6470-0200,CONCESSION_ACCRUAL,8,279,2026-07-18T16:01:49+08:00
395a6f78-01c7-4e8b-827f-bcefeaa713d1,M-2167,ORD-20260718-8143-0201,CONCESSION_ACCRUAL,3,19,2026-07-18T05:52:24+08:00
dbe4eafc-caf2-474f-b4be-252440ab8d97,M-1595,ORD-20260718-8146-0202,CONCESSION_ACCRUAL,7,299,2026-07-18T22:58:53+08:00
c2e62f22-bd42-4db1-a4a0-398d8f2e07f4,M-2018,ORD-20260718-4363-0203,CONCESSION_ACCRUAL,14,74,2026-07-18T23:42:46+08:00
2efa34b6-081e-4b81-9b83-8504bf3180e3,M-1625,ORD-20260718-1954-0204,CONCESSION_ACCRUAL,23,2568,2026-07-18T21:45:20+08:00
8f8e6393-f2f5-46e5-91dd-2b74c0423877,M-1624,ORD-20260719-7359-0205,CONCESSION_ACCRUAL,40,1171,2026-07-19T00:04:04+08:00
e4378cf9-8cd8-4ff1-8b65-037295722bc7,M-1294,ORD-20260718-3344-0206,CONCESSION_ACCRUAL,28,151,2026-07-18T22:42:14+08:00
b1903d2d-ef3c-4b15-9dc2-e8d1b20c1956,M-1675,ORD-20260718-6688-0207,CONCESSION_ACCRUAL,9,1846,2026-07-18T18:10:34+08:00
8021533d-23a7-477c-b4cd-fe638be2b08a,M-1475,ORD-20260718-4192-0208,CONCESSION_ACCRUAL,3,367,2026-07-18T17:20:03+08:00
c3ad2475-829d-4260-b321-f318b30dc95c,M-1326,ORD-20260718-7081-0209,CONCESSION_ACCRUAL,6,283,2026-07-18T20:56:18+08:00
0b3eed6d-56a4-4d89-963a-c639ae709060,M-1358,ORD-20260718-5957-0210,CONCESSION_ACCRUAL,26,114,2026-07-18T09:32:38+08:00
6f4edb7c-613a-45a0-8e7b-e76986626857,M-1720,ORD-20260718-7736-0211,CONCESSION_ACCRUAL,19,142,2026-07-18T20:59:11+08:00
c955c8c6-6a64-4071-a28c-9c5f01e08d03,M-1462,ORD-20260718-4412-0212,CONCESSION_ACCRUAL,26,47,2026-07-18T23:19:07+08:00
6d2ee885-3b12-4ad0-b59b-9b89ac62c140,M-1835,ORD-20260718-3518-0213,CONCESSION_ACCRUAL,33,252,2026-07-18T18:27:43+08:00
17819c81-ad9e-4e37-895b-9dd4b3011b1d,M-1185,ORD-20260718-2720-0214,CONCESSION_ACCRUAL,26,314,2026-07-18T23:09:19+08:00
80dc6dda-f393-4932-8dde-8f2d00b71f2a,M-1185,TIER_UPGRADE_Standard_TO_Silver,TIER_BONUS,50,364,2026-07-18T23:09:19+08:00
871b230a-ecd2-48e5-944c-813dab63d3eb,M-1283,ORD-20260718-4848-0215,CONCESSION_ACCRUAL,11,244,2026-07-18T09:26:46+08:00
6d60764b-06b1-4843-9638-03a7500713e0,M-1801,ORD-20260719-7144-0216,CONCESSION_ACCRUAL,16,296,2026-07-19T01:48:20+08:00
463ff41c-7717-4e84-97ee-2339dd6f4a30,M-1433,ORD-20260718-1141-0217,CONCESSION_ACCRUAL,13,88,2026-07-18T18:57:39+08:00
4b4d5081-a980-45ec-ba01-7cbc888c1d38,M-1713,ORD-20260718-9538-0218,CONCESSION_ACCRUAL,9,320,2026-07-18T17:32:42+08:00
7f5a40c7-7d03-43c7-acf9-685fd225069f,M-1231,ORD-20260718-9469-0219,CONCESSION_ACCRUAL,3,358,2026-07-18T16:29:43+08:00
3e0b9410-9a51-4e7c-9344-5739fd5e2b5b,M-1588,ORD-20260718-3452-0220,CONCESSION_ACCRUAL,9,1472,2026-07-18T18:30:46+08:00
0e6235ea-c4a0-44d9-9b61-3383f1c484ab,M-1583,ORD-20260718-9804-0221,CONCESSION_ACCRUAL,25,264,2026-07-18T18:31:51+08:00
58099189-bc15-4213-a585-334cc93dd8b9,M-1746,ORD-20260719-2060-0222,CONCESSION_ACCRUAL,12,207,2026-07-19T03:38:17+08:00
eb03ec39-c612-47de-b01b-559dcda5601f,M-1863,ORD-20260718-7761-0223,CONCESSION_ACCRUAL,6,71,2026-07-18T22:07:35+08:00
7a17f196-e991-4ee3-b726-92b2849ea3e0,M-1779,ORD-20260718-8383-0224,CONCESSION_ACCRUAL,10,274,2026-07-18T21:45:06+08:00
3b164530-844f-4873-ae76-13034f43fd1b,M-1375,ORD-20260719-4494-0225,CONCESSION_ACCRUAL,14,269,2026-07-19T00:25:47+08:00
d4d32032-5e17-4707-b265-ee891897725f,M-1464,ORD-20260718-9799-0226,CONCESSION_ACCRUAL,11,197,2026-07-18T14:51:38+08:00
053385b3-d46c-4201-8082-ad6a688f1a23,M-1033,ORD-20260718-7149-0227,CONCESSION_ACCRUAL,15,278,2026-07-18T16:56:43+08:00
7919e8a2-cd3c-4f2b-ae98-6620b71d7c28,M-1781,ORD-20260718-8914-0228,CONCESSION_ACCRUAL,11,3548,2026-07-18T20:50:44+08:00
e33ba386-bc65-49f2-8ccb-1f91b0d161d8,M-1611,ORD-20260718-9323-0229,CONCESSION_ACCRUAL,23,156,2026-07-18T19:46:22+08:00
9010ff3a-3ee4-4162-a551-83e3bc4c763b,M-1611,TIER_UPGRADE_Silver_TO_Gold,TIER_BONUS,100,256,2026-07-18T19:46:22+08:00
fae3b48c-40d8-4b0e-b313-1e5b7cff3fdc,M-1721,ORD-20260718-7338-0230,CONCESSION_ACCRUAL,8,199,2026-07-18T16:55:07+08:00
1e82b629-589a-46ca-b024-81ff4224cccd,M-1731,ORD-20260718-3966-0231,CONCESSION_ACCRUAL,15,302,2026-07-18T21:11:26+08:00
54a785d5-823f-4b69-9fff-6cc0cf82696f,M-1044,ORD-20260718-2438-0232,CONCESSION_ACCRUAL,8,543,2026-07-18T16:38:42+08:00
91871525-04d3-4b57-a3f8-c65ece656adf,M-1573,ORD-20260718-1548-0233,CONCESSION_ACCRUAL,28,406,2026-07-18T22:11:25+08:00
fa6dba79-6c57-4547-8544-a37c2217ae64,M-1300,ORD-20260718-8117-0234,CONCESSION_ACCRUAL,15,189,2026-07-18T15:31:01+08:00
bf865a9a-afa5-46ec-b916-6f0459f28247,M-1718,ORD-20260718-9123-0235,CONCESSION_ACCRUAL,13,1222,2026-07-18T07:27:33+08:00
8e19912f-446e-4e15-93c8-f7f32fc77fae,M-1309,ORD-20260718-1575-0236,CONCESSION_ACCRUAL,9,202,2026-07-18T21:38:04+08:00
4a5f013e-cdfa-4dbd-863b-739aaa830335,M-1337,ORD-20260719-1455-0237,CONCESSION_ACCRUAL,32,630,2026-07-19T00:12:15+08:00
e3fbb649-f7c9-4d2a-9914-ab49d451bf52,M-1337,TIER_UPGRADE_Silver_TO_Gold,TIER_BONUS,100,730,2026-07-19T00:12:15+08:00
ec9290f8-e6a4-4f61-b2e5-e416e9c4df68,M-1654,ORD-20260718-4051-0238,CONCESSION_ACCRUAL,6,132,2026-07-18T20:27:33+08:00
c9e3ea29-c268-4b5d-842f-55cb5e4ce5b6,M-1810,ORD-20260719-6366-0239,CONCESSION_ACCRUAL,37,242,2026-07-19T01:52:14+08:00
373b54db-6b87-42a6-9119-7fe3ba289589,M-1558,ORD-20260718-4752-0240,CONCESSION_ACCRUAL,8,161,2026-07-18T07:47:35+08:00
db8c8eb8-7ba7-4e17-8a01-e8b9bcbe3ab0,M-2163,ORD-20260719-4093-0241,CONCESSION_ACCRUAL,8,181,2026-07-19T01:23:38+08:00
0160c2a0-187a-40ee-8cd2-a09331bcd430,M-1981,ORD-20260718-4407-0242,CONCESSION_ACCRUAL,15,197,2026-07-18T20:47:06+08:00
c500c60e-c38e-46d3-a6ba-1261aa70769c,M-1540,ORD-20260718-1370-0243,CONCESSION_ACCRUAL,10,155,2026-07-18T19:11:16+08:00
7ed0321c-06a7-4652-9cdd-64a31e35eb8c,M-1925,ORD-20260718-2495-0244,CONCESSION_ACCRUAL,8,99,2026-07-18T18:59:39+08:00
4c48cbf2-8015-4ebf-8f8a-77a43a483f03,M-1143,ORD-20260718-1652-0245,CONCESSION_ACCRUAL,18,3462,2026-07-18T22:39:10+08:00
27607bbe-8fab-40ba-836a-6e4681a66f4a,M-1373,ORD-20260718-1191-0246,CONCESSION_ACCRUAL,35,432,2026-07-18T23:53:31+08:00
a04c35e3-22c2-4c21-a857-8cf4059af67d,M-1792,ORD-20260718-8939-0247,CONCESSION_ACCRUAL,23,2277,2026-07-18T23:23:29+08:00
ad0f5691-eba6-48f5-889a-cbcad7feacc1,M-1962,ORD-20260718-5721-0248,CONCESSION_ACCRUAL,33,80,2026-07-18T06:26:41+08:00
4f661ba7-1584-4542-be8b-6b9d9c3c600f,M-1527,ORD-20260718-5398-0249,CONCESSION_ACCRUAL,21,521,2026-07-18T23:48:50+08:00
948f9404-3a6c-4889-815a-c022eecce263,M-1604,ORD-20260718-9010-0250,CONCESSION_ACCRUAL,8,197,2026-07-18T18:00:19+08:00
519ac0e6-bae4-4d16-8f57-310a03e33823,M-1695,ORD-20260718-6428-0251,CONCESSION_ACCRUAL,9,113,2026-07-18T22:10:30+08:00
a333934c-6d81-429e-bec9-4c7cbe2d6d9f,M-1695,TIER_UPGRADE_Standard_TO_Silver,TIER_BONUS,50,163,2026-07-18T22:10:30+08:00
9d62239d-b69f-4dcb-ad42-6cb82f5be004,M-1484,ORD-20260718-1784-0252,CONCESSION_ACCRUAL,44,200,2026-07-18T21:44:32+08:00
11c0eeaa-5b9d-461d-9bbb-9ad5fbfbbf63,M-2064,ORD-20260718-4340-0253,CONCESSION_ACCRUAL,15,153,2026-07-18T12:34:29+08:00
47b85c4a-2180-4b18-9ab2-5f109151ec14,M-1641,ORD-20260718-3623-0254,CONCESSION_ACCRUAL,18,200,2026-07-18T21:28:44+08:00
c08d8c20-a78b-4b8c-a7d0-75f69373e919,M-1060,ORD-20260719-5635-0255,CONCESSION_ACCRUAL,15,203,2026-07-19T00:58:18+08:00
0804ee0d-6e46-4ef8-8dcf-ef56039bdf44,M-2027,ORD-20260718-8673-0256,CONCESSION_ACCRUAL,36,169,2026-07-18T16:41:28+08:00
cad98f51-5fa1-4eed-a3fa-ef3fa9b718fb,M-1788,ORD-20260718-9398-0257,CONCESSION_ACCRUAL,16,473,2026-07-18T21:37:05+08:00
1cafec65-ba1f-40a5-b527-c972c76f964e,M-1592,ORD-20260718-1615-0258,CONCESSION_ACCRUAL,37,123,2026-07-18T22:56:14+08:00
344a3c6d-0099-4a51-b610-1798b0045150,M-1397,ORD-20260718-8071-0259,CONCESSION_ACCRUAL,10,365,2026-07-18T14:43:27+08:00
9eb12e6a-40a0-4fad-8f63-ecd46f4b21f1,M-1047,ORD-20260718-1656-0260,CONCESSION_ACCRUAL,12,53,2026-07-18T21:21:20+08:00
54259211-e161-43c8-bbf2-d04413ae77d9,M-1777,ORD-20260718-2762-0261,CONCESSION_ACCRUAL,21,276,2026-07-18T19:52:17+08:00
0588cc41-d7c4-413c-b08a-79dee44e2033,M-1163,ORD-20260718-2482-0262,CONCESSION_ACCRUAL,45,120,2026-07-18T23:53:45+08:00
bddf8986-7906-4a28-8df8-432ab0f477b4,M-1771,ORD-20260718-9869-0263,CONCESSION_ACCRUAL,17,171,2026-07-18T18:23:35+08:00
b81306b7-6b6c-4479-9849-7526d8067da6,M-1612,ORD-20260718-4832-0264,CONCESSION_ACCRUAL,15,383,2026-07-18T22:07:06+08:00
146389d2-3e32-4095-ae66-2982fee9c80a,M-1389,ORD-20260718-8174-0265,CONCESSION_ACCRUAL,22,467,2026-07-18T21:36:32+08:00
aeed8b4b-82d0-41e9-b94e-beabc600c657,M-1838,ORD-20260718-3756-0266,CONCESSION_ACCRUAL,3,394,2026-07-18T23:22:06+08:00
c5c775ae-11ea-4c91-9576-4a900f602b1b,M-1484,ORD-20260718-9017-0267,CONCESSION_ACCRUAL,16,216,2026-07-18T15:39:06+08:00
a74ca456-5a7f-4546-8a00-17e0d476b6ec,M-1701,ORD-20260718-4246-0268,CONCESSION_ACCRUAL,16,273,2026-07-18T23:52:47+08:00
853f2582-0fcd-4d16-90e1-616ec6998140,M-1623,ORD-20260718-6493-0269,CONCESSION_ACCRUAL,15,89,2026-07-18T22:12:08+08:00
b67ac8fd-1e19-468f-b002-c748a8b54dae,M-1724,ORD-20260718-3651-0270,CONCESSION_ACCRUAL,12,207,2026-07-18T22:30:49+08:00
bb788e01-99ba-4687-988a-9609b46edb0e,M-1597,ORD-20260718-3329-0271,CONCESSION_ACCRUAL,16,327,2026-07-18T17:21:07+08:00
8975ea22-2957-4910-91a5-ec98b286fb8d,M-1116,ORD-20260718-7793-0272,CONCESSION_ACCRUAL,13,175,2026-07-18T19:10:49+08:00
564fe22d-3792-4706-b6aa-2b598e198700,M-1094,ORD-20260719-6153-0273,CONCESSION_ACCRUAL,23,220,2026-07-19T03:46:02+08:00
7ad10069-7545-443a-8d5d-cd4858e16e48,M-1734,ORD-20260718-4093-0274,CONCESSION_ACCRUAL,26,431,2026-07-18T18:01:32+08:00
6f7b83de-bb36-4e75-9bd3-42c2697335d6,M-1800,ORD-20260719-5797-0275,CONCESSION_ACCRUAL,3,345,2026-07-19T02:31:48+08:00
e3db2f8c-9ea8-4705-a048-c916dd0c97dd,M-1638,ORD-20260718-1005-0276,CONCESSION_ACCRUAL,8,464,2026-07-18T21:55:28+08:00
e9e4ec3f-ecf8-4fee-8451-c4ca3b450c2e,M-1930,ORD-20260718-1126-0277,CONCESSION_ACCRUAL,6,106,2026-07-18T16:44:03+08:00
b52840ef-1ba5-4c8e-8809-61786bf8cfaf,M-1371,ORD-20260718-6508-0278,CONCESSION_ACCRUAL,25,288,2026-07-18T20:23:23+08:00
72658b64-1edd-4d8b-98bd-53f81be39f96,M-1841,ORD-20260718-6726-0279,CONCESSION_ACCRUAL,9,425,2026-07-18T23:36:52+08:00
22900f6a-2fd4-46bf-ade3-bf49366df4b3,M-1768,ORD-20260718-3157-0280,CONCESSION_ACCRUAL,31,135,2026-07-18T13:24:00+08:00
d645d898-13bb-4b13-bdcc-b0b678aa3d84,M-1031,ORD-20260718-6715-0281,CONCESSION_ACCRUAL,3,976,2026-07-18T12:08:00+08:00
ddfa41ee-2f14-4c6d-b97d-88479ff06672,M-1839,ORD-20260718-4684-0282,CONCESSION_ACCRUAL,9,329,2026-07-18T20:15:00+08:00
01e93c8f-65ff-4fd2-ab1b-616e025a4d21,M-1357,ORD-20260718-8358-0283,CONCESSION_ACCRUAL,23,79,2026-07-18T20:45:00+08:00
70c2289d-787c-4557-8838-212042f5bdaf,M-1474,ORD-20260718-1127-0284,CONCESSION_ACCRUAL,3,128,2026-07-18T19:59:00+08:00
cc7c50a4-06f9-4753-b553-769d231edee4,M-1041,ORD-20260718-6279-0285,CONCESSION_ACCRUAL,26,872,2026-07-18T19:04:00+08:00
1b3a179d-df19-4d3b-802c-b60973aba468,M-1547,ORD-20260718-6824-0286,CONCESSION_ACCRUAL,8,291,2026-07-18T11:21:00+08:00
05fb6bd7-e75a-41bd-a847-0c903464bf41,M-1206,ORD-20260718-8094-0287,CONCESSION_ACCRUAL,6,264,2026-07-18T10:40:00+08:00
c888296d-9fd8-4f39-ac29-3f30cc09f9c8,M-1545,ORD-20260718-6947-0288,CONCESSION_ACCRUAL,10,238,2026-07-18T12:45:00+08:00
fbe6160c-42ab-454b-bc1b-ba7ee766c810,M-1392,ORD-20260718-9822-0289,CONCESSION_ACCRUAL,12,701,2026-07-18T13:07:00+08:00
16031797-dc18-4c60-a219-8d1fd0d11f12,M-1529,ORD-20260718-2864-0290,CONCESSION_ACCRUAL,19,123,2026-07-18T18:18:00+08:00
473d3d55-cd13-4b63-88a6-97259aab4b78,M-1300,ORD-20260718-3394-0291,CONCESSION_ACCRUAL,31,220,2026-07-18T19:30:00+08:00
4b2d9ec1-6824-42a3-8e31-a8ac534f438c,M-1300,TIER_UPGRADE_Silver_TO_Gold,TIER_BONUS,100,320,2026-07-18T19:30:00+08:00
1449a891-c333-40b6-879e-f17a7ee45486,M-1423,ORD-20260718-2048-0292,CONCESSION_ACCRUAL,11,407,2026-07-18T17:17:00+08:00
261c8cc1-6279-41f9-b857-ccdf5ffe76d8,M-1633,ORD-20260718-4965-0293,CONCESSION_ACCRUAL,10,187,2026-07-18T10:03:00+08:00
03ba6dee-8e88-444b-bc32-38187c4266ab,M-1016,ORD-20260718-4225-0294,CONCESSION_ACCRUAL,8,117,2026-07-18T21:28:00+08:00
9f8b08fe-c447-4990-b535-c66ec0f4c705,M-1398,ORD-20260718-6539-0295,CONCESSION_ACCRUAL,18,1660,2026-07-18T19:32:00+08:00
6b7b8e69-d411-44ad-889d-74649a641702,M-1651,ORD-20260718-8281-0296,CONCESSION_ACCRUAL,8,282,2026-07-18T20:52:00+08:00
39f06f3d-6fd4-4f94-8324-805d8b92c050,M-1499,ORD-20260718-1192-0297,CONCESSION_ACCRUAL,26,197,2026-07-18T12:19:00+08:00
89edfaea-aecd-4d7a-a57e-93e6b6f9bb77,M-1641,ORD-20260718-6383-0298,CONCESSION_ACCRUAL,27,227,2026-07-18T09:27:00+08:00
a948f231-5826-4617-8c1a-3e44e07d82f0,M-1732,ORD-20260718-9703-0299,CONCESSION_ACCRUAL,8,349,2026-07-18T18:03:00+08:00
b84e9a99-38a7-4443-95ee-c542da5caf8a,M-1101,ORD-20260718-2434-0300,CONCESSION_ACCRUAL,23,240,2026-07-18T20:59:00+08:00
7ee06bde-ca64-4990-ba2c-889a7c9dcb02,M-1641,ORD-20260718-3302-0301,CONCESSION_ACCRUAL,8,235,2026-07-18T17:45:00+08:00
fb6a865f-9938-46dc-9935-a09581e6244e,M-2063,ORD-20260718-4845-0302,CONCESSION_ACCRUAL,6,166,2026-07-18T18:25:00+08:00
6d8bb2c4-1e61-4525-ab23-e26aef9940a1,M-1141,ORD-20260718-7453-0303,CONCESSION_ACCRUAL,6,268,2026-07-18T16:09:00+08:00
88567a53-704d-4b62-b8ae-70a9129e70cb,M-1405,ORD-20260718-7182-0304,CONCESSION_ACCRUAL,19,335,2026-07-18T21:59:00+08:00
75fc3014-0b92-4800-b6c6-4b83b11a2f23,M-1650,ORD-20260718-4339-0305,CONCESSION_ACCRUAL,15,90,2026-07-18T16:59:00+08:00
1dbfd9a6-1ca9-4319-b9ca-c51c61f88322,M-1537,ORD-20260718-5332-0306,CONCESSION_ACCRUAL,3,362,2026-07-18T10:59:00+08:00
428330d1-c9bc-4a63-aea6-8e2933e099fc,M-1934,ORD-20260718-4573-0307,CONCESSION_ACCRUAL,6,99,2026-07-18T17:16:00+08:00
244e25f7-6e67-44ab-b251-89101e28f8fd,M-2017,ORD-20260718-3778-0308,CONCESSION_ACCRUAL,3,45,2026-07-18T22:00:00+08:00
15b80b58-3e6f-4b2b-92be-a180809972c4,M-1076,ORD-20260718-5790-0309,CONCESSION_ACCRUAL,37,261,2026-07-18T20:30:00+08:00
735ab0d6-4eda-4102-b7de-76ae02aa62d4,M-1185,ORD-20260718-2181-0310,CONCESSION_ACCRUAL,15,379,2026-07-18T20:38:00+08:00
fb42e63f-bab1-4be6-8b59-3b0238bb9f25,M-1191,ORD-20260718-9134-0311,CONCESSION_ACCRUAL,15,193,2026-07-18T12:55:00+08:00
2a53aa58-d9e4-41c9-b809-1abf680bced2,M-1145,ORD-20260718-4752-0312,CONCESSION_ACCRUAL,30,259,2026-07-18T13:12:00+08:00
6b0ef0c8-ae6b-47f0-b3d1-49f04097cbe3,M-1144,ORD-20260718-4103-0313,CONCESSION_ACCRUAL,8,274,2026-07-18T10:26:00+08:00
aa7b9b3f-f16a-4fbf-81a1-c969ac0ec81f,M-1790,ORD-20260718-3352-0314,CONCESSION_ACCRUAL,50,356,2026-07-18T13:06:00+08:00
cf9b9ec0-190f-4096-80c7-afafcc696cca,M-1216,ORD-20260718-9681-0315,CONCESSION_ACCRUAL,9,359,2026-07-18T12:15:00+08:00
795bcabc-3602-4233-9c8b-2347776327bb,M-1306,ORD-20260718-9192-0316,CONCESSION_ACCRUAL,19,267,2026-07-18T13:18:00+08:00
126af11c-780d-46ca-9998-24028038d677,M-1355,ORD-20260718-5949-0317,CONCESSION_ACCRUAL,24,479,2026-07-18T10:17:00+08:00
c3486399-0f37-48fe-a679-62f16f36a844,M-2004,ORD-20260718-3831-0318,CONCESSION_ACCRUAL,12,136,2026-07-18T15:40:00+08:00
aaee20bc-3537-4ebd-96ed-4e3ab70b1558,M-1156,ORD-20260718-6285-0319,CONCESSION_ACCRUAL,15,351,2026-07-18T22:08:00+08:00
9acfc92b-f855-4968-809b-1f644ca9f576,M-1811,ORD-20260718-9735-0320,CONCESSION_ACCRUAL,6,66,2026-07-18T12:30:00+08:00
b3ede26e-efb4-470c-b6cc-19623ecc29f2,M-1320,ORD-20260718-2074-0321,CONCESSION_ACCRUAL,11,949,2026-07-18T19:05:00+08:00
99e34bf9-f4ab-4026-a8a4-106c579e7794,M-1790,ORD-20260718-7415-0322,CONCESSION_ACCRUAL,18,374,2026-07-18T19:51:00+08:00
ab434ff2-e97a-4bd1-b019-c1e6c46b6260,M-1174,ORD-20260718-8127-0323,CONCESSION_ACCRUAL,6,117,2026-07-18T10:02:00+08:00
a5c6ae01-eee4-477c-b7e4-f4123217d1c4,M-1174,TIER_UPGRADE_Standard_TO_Silver,TIER_BONUS,50,167,2026-07-18T10:02:00+08:00
5973fb4e-eaac-47ae-bb6c-233ef76e3f01,M-1298,ORD-20260718-4415-0324,CONCESSION_ACCRUAL,35,453,2026-07-18T17:58:00+08:00
6c63bab2-1806-4054-a084-11eb5c35516d,M-1334,ORD-20260718-3416-0325,CONCESSION_ACCRUAL,15,286,2026-07-18T14:45:00+08:00
fc508c2c-0a28-45f5-a533-3c7135316f83,M-1656,ORD-20260718-4126-0326,CONCESSION_ACCRUAL,12,294,2026-07-18T10:28:00+08:00
0e48e4b8-6d21-41a6-a8b6-303bc0a2e4c4,M-1026,ORD-20260718-7361-0327,CONCESSION_ACCRUAL,27,1483,2026-07-18T19:44:00+08:00
bb599d26-2d40-4ea0-bf14-b73065f2f07a,M-1226,ORD-20260718-9398-0328,CONCESSION_ACCRUAL,37,1075,2026-07-18T11:35:00+08:00
606ff7cc-2f6c-4dd6-a085-f028d3686f7f,M-1200,ORD-20260718-7310-0329,CONCESSION_ACCRUAL,3,44,2026-07-18T12:23:00+08:00
056e9def-1968-4cda-96cb-0733fd78fd9c,M-1387,ORD-20260718-8815-0330,CONCESSION_ACCRUAL,11,115,2026-07-18T20:02:00+08:00
9e4de14c-aed4-430f-b0e6-780f8d446f86,M-1180,ORD-20260718-2527-0331,CONCESSION_ACCRUAL,25,803,2026-07-18T15:34:00+08:00
e49b4f6f-76e2-40ca-9eed-e4a4839f9439,M-1499,ORD-20260718-4196-0332,CONCESSION_ACCRUAL,37,234,2026-07-18T18:24:00+08:00
57609e24-51fb-40d8-a61d-da7b4aad5c53,M-1126,ORD-20260718-8242-0333,CONCESSION_ACCRUAL,15,99,2026-07-18T11:04:00+08:00
22e9a19d-d226-489b-b143-4a619537fd0a,M-1367,ORD-20260718-6391-0334,CONCESSION_ACCRUAL,3,362,2026-07-18T21:37:00+08:00
80375763-7df9-4c88-9a7f-27a5781acaa9,M-1275,ORD-20260718-3914-0335,CONCESSION_ACCRUAL,15,260,2026-07-18T20:16:00+08:00
93f9f2e8-2011-4843-811e-1cb6e51f4442,M-1900,ORD-20260718-1724-0336,CONCESSION_ACCRUAL,3,32,2026-07-18T18:10:00+08:00
8199646f-90c7-4930-81de-f657a1d42cf2,M-1491,ORD-20260718-2704-0337,CONCESSION_ACCRUAL,9,109,2026-07-18T16:08:00+08:00
cbf3f42b-6dac-4305-acbc-1c476dd419bd,M-1144,ORD-20260718-6488-0338,CONCESSION_ACCRUAL,15,289,2026-07-18T22:11:00+08:00
3bdb9d8a-0dff-45cd-80c0-8b745d84410c,M-1725,ORD-20260718-3945-0339,CONCESSION_ACCRUAL,11,381,2026-07-18T12:47:00+08:00
1c897c8f-1add-42ff-bc7a-32cba8d4712c,M-1281,ORD-20260718-3955-0340,CONCESSION_ACCRUAL,3,729,2026-07-18T22:47:00+08:00
7f46d504-7077-40ba-a89d-e60f9a711639,M-1071,ORD-20260718-2749-0341,CONCESSION_ACCRUAL,15,241,2026-07-18T20:41:00+08:00
47ebf943-8d18-4f2f-812c-a5607215cd81,M-1450,ORD-20260718-9296-0342,CONCESSION_ACCRUAL,8,58,2026-07-18T11:53:00+08:00
8d25ddc8-1ace-4b4e-8f77-faf1125fb2b0,M-1111,ORD-20260718-6871-0343,CONCESSION_ACCRUAL,8,168,2026-07-18T13:49:00+08:00
610405ac-20b2-4edf-bb73-76e6d9b2d72c,M-1832,ORD-20260718-3551-0344,CONCESSION_ACCRUAL,15,134,2026-07-18T20:38:00+08:00
38fb68fd-fe3b-4c59-9aca-e0883523d4c4,M-1200,ORD-20260718-7437-0345,CONCESSION_ACCRUAL,33,77,2026-07-18T15:01:00+08:00
37b2178e-8703-4ec0-8fac-c97770eaff7f,M-1552,ORD-20260718-2076-0346,CONCESSION_ACCRUAL,24,102,2026-07-18T15:43:00+08:00
66c06b45-5e40-48e4-ae8c-7acf5f5d79bf,M-1529,ORD-20260718-4306-0347,CONCESSION_ACCRUAL,10,133,2026-07-18T09:28:00+08:00
d632ce3c-8dfd-4c8a-98f9-f5c300579516,M-1111,ORD-20260718-9174-0348,CONCESSION_ACCRUAL,16,184,2026-07-18T09:41:00+08:00
94def678-974d-45d9-be78-c37bb3488773,M-1238,ORD-20260718-7873-0349,CONCESSION_ACCRUAL,3,183,2026-07-18T13:34:00+08:00
48b9abdd-8a6d-4b02-ac59-6fa6a4898732,M-2032,ORD-20260718-3837-0350,CONCESSION_ACCRUAL,13,195,2026-07-18T17:29:00+08:00
e5f4dc49-c914-4e0e-877a-1be9166b36e3,M-1784,ORD-20260718-4177-0351,CONCESSION_ACCRUAL,25,163,2026-07-18T17:06:00+08:00
e4639f22-5df6-4542-a444-b116ce46af28,M-1414,ORD-20260718-3498-0352,CONCESSION_ACCRUAL,8,233,2026-07-18T11:57:00+08:00
f4e0054a-0a90-4619-88c3-32ee2e84c96d,M-1396,ORD-20260718-8191-0353,CONCESSION_ACCRUAL,3,247,2026-07-18T09:46:00+08:00
7cbdc378-e58a-49e1-984a-369072ef4912,M-2038,ORD-20260718-7609-0354,CONCESSION_ACCRUAL,6,59,2026-07-18T13:38:00+08:00
16c1ce79-561d-432c-9e5f-66abf0284401,M-1401,ORD-20260718-7151-0355,CONCESSION_ACCRUAL,16,301,2026-07-18T18:39:00+08:00
79652cf5-7f1a-45f5-adc4-579c76accead,M-1113,ORD-20260718-3107-0356,CONCESSION_ACCRUAL,41,339,2026-07-18T21:50:00+08:00
e0d0141c-47ed-4bb1-8b16-6535c76fe353,M-1141,ORD-20260718-5576-0357,CONCESSION_ACCRUAL,6,274,2026-07-18T11:37:00+08:00
20b93166-9998-4adf-86f7-f0f825ae2496,M-2075,ORD-20260718-8193-0358,CONCESSION_ACCRUAL,6,85,2026-07-18T15:21:00+08:00
d85450c1-0ede-4d13-b418-ba87aa0a34f9,M-1676,ORD-20260718-5514-0359,CONCESSION_ACCRUAL,9,3009,2026-07-18T14:47:00+08:00
cecd2875-3811-4111-b2bf-aa64de03b202,M-1558,ORD-20260718-5878-0360,CONCESSION_ACCRUAL,7,168,2026-07-18T16:28:00+08:00
8bd2b3e1-b6c4-440f-9a4f-89f94672ae48,M-1475,ORD-20260718-9097-0361,CONCESSION_ACCRUAL,14,381,2026-07-18T19:39:00+08:00
acf17893-8ffe-4c2c-87ab-ad96d3d93f2a,M-1326,ORD-20260718-3206-0362,CONCESSION_ACCRUAL,9,292,2026-07-18T21:00:00+08:00
34dde60e-a27c-4254-8fcc-4e1cb714585b,M-1419,ORD-20260718-3965-0363,CONCESSION_ACCRUAL,23,376,2026-07-18T19:29:00+08:00
9b94ae30-3c29-49f8-9292-3a945e359489,M-1570,ORD-20260718-3676-0364,CONCESSION_ACCRUAL,16,632,2026-07-18T15:19:00+08:00
479f49ec-da75-4c10-a615-8e1fd4b68418,M-1558,ORD-20260718-7572-0365,CONCESSION_ACCRUAL,11,179,2026-07-18T21:25:00+08:00
172567a8-f0db-44b8-9659-182c6b166e30,M-1089,ORD-20260718-8820-0366,CONCESSION_ACCRUAL,20,99,2026-07-18T22:13:00+08:00
f478d147-0458-4882-987b-b3318a1b09f1,M-1548,ORD-20260718-4549-0367,CONCESSION_ACCRUAL,15,235,2026-07-18T11:42:00+08:00
35b66f2b-e02e-4fe0-aa77-2a17847d5545,M-1492,ORD-20260718-6690-0368,CONCESSION_ACCRUAL,7,223,2026-07-18T18:20:00+08:00
68130bfe-19f5-41dc-931e-cc723d881570,M-1057,ORD-20260718-7461-0369,CONCESSION_ACCRUAL,11,116,2026-07-18T14:24:00+08:00
eebeed5b-1e06-4286-a1c0-04eca90f778e,M-1209,ORD-20260718-8168-0370,CONCESSION_ACCRUAL,9,169,2026-07-18T13:10:00+08:00
3a2a4112-07be-4f65-a989-9f666bae5f4d,M-1886,ORD-20260718-7504-0371,CONCESSION_ACCRUAL,6,56,2026-07-18T20:15:00+08:00
92a23a20-7302-4b0d-aae1-1fd4cef5e692,M-1823,ORD-20260718-9463-0372,CONCESSION_ACCRUAL,18,558,2026-07-18T16:24:00+08:00
41c2e935-476a-4fc5-a661-1152e6508dcd,M-1565,ORD-20260718-9908-0373,CONCESSION_ACCRUAL,30,367,2026-07-18T20:46:00+08:00
