ledger_id,member_id,source_reference_id,transaction_type,points_delta,resulting_balance,created_at
9a61b9df-9265-4759-b4e2-ad7129adb4f6,M-1842,SESS-20260827-6639-0000,RENTAL_REDEMPTION,-100,322,2026-08-27T20:15:00+08:00
f078ec5f-d5a6-4428-916e-eaddc8076289,M-1842,SESS-20260827-6639-0000,RENTAL_ACCRUAL,5,327,2026-08-27T22:15:00+08:00
bd8b6d2c-a918-4692-8d29-6b9744725575,M-1911,SESS-20260827-5288-0001,RENTAL_ACCRUAL,96,218,2026-08-28T06:45:00+08:00
a9a285da-60f7-4b34-a62f-af2d49e7cf99,M-1923,SESS-20260827-3635-0002,RENTAL_ACCRUAL,25,174,2026-08-27T21:45:00+08:00
349817dc-682a-4c21-815b-c8fb5755e278,M-1349,SESS-20260827-2810-0003,RENTAL_ACCRUAL,12,793,2026-08-27T13:00:00+08:00
af674316-3eeb-4ce8-be9b-c65f0e3fa408,M-1451,SESS-20260827-7144-0004,RENTAL_ACCRUAL,16,582,2026-08-27T23:00:00+08:00
b6129a48-910b-4184-bce2-044dc9648b91,M-1451,TIER_UPGRADE_Silver_TO_Gold,TIER_BONUS,100,682,2026-08-27T23:00:00+08:00
15a34530-79cb-4e44-b531-9b8322e21783,M-1969,SESS-20260827-5668-0005,RENTAL_ACCRUAL,40,141,2026-08-28T03:45:00+08:00
d6eee89a-a106-4596-8c12-e780267b26c9,M-1969,TIER_UPGRADE_Standard_TO_Silver,TIER_BONUS,50,191,2026-08-28T03:45:00+08:00
0e5fa30a-bb8f-4b7a-81a3-93edc129808c,M-1299,SESS-20260827-6891-0006,RENTAL_ACCRUAL,9,130,2026-08-27T02:35:00+08:00
aa9a4104-1fe8-40d9-b61f-8d98c77bb245,M-2051,SESS-20260827-8638-0007,RENTAL_REDEMPTION,-200,200,2026-08-27T17:00:00+08:00
222d5e92-edd1-4c42-aca6-1e5822229dce,M-2051,SESS-20260827-8638-0007,RENTAL_ACCRUAL,14,214,2026-08-27T20:00:00+08:00
542937d8-d6d9-4a93-916c-7566af50d65e,M-1611,SESS-20260827-8221-0008,RENTAL_ACCRUAL,6,131,2026-08-27T18:45:00+08:00
39584e40-2a52-4128-9eb5-97708a92a032,M-1752,SESS-20260827-8897-0009,RENTAL_ACCRUAL,12,2727,2026-08-27T17:45:00+08:00
f771d014-8945-44cf-a5c7-fcf518667785,M-1037,SESS-20260827-3321-0010,RENTAL_ACCRUAL,6,605,2026-08-27T20:15:00+08:00
bbd16485-100c-406e-9822-bb7b2264db59,M-1601,SESS-20260827-4577-0011,RENTAL_ACCRUAL,9,115,2026-08-27T15:00:00+08:00
3b11103f-bc85-4f49-93bb-d4c3209a5d9f,M-1406,SESS-20260827-3919-0012,RENTAL_ACCRUAL,11,491,2026-08-27T13:00:00+08:00
17b35ebd-9507-46e7-873a-eaa80817c0e7,M-1063,SESS-20260827-9906-0013,RENTAL_ACCRUAL,12,639,2026-08-27T15:15:00+08:00
7563e101-4f1f-4b7f-8320-a6c3f600c6c8,M-1294,SESS-20260827-1996-0014,RENTAL_ACCRUAL,27,276,2026-08-27T12:45:00+08:00
8752534c-3eb8-44d6-bf22-e9152270e8e4,M-1026,SESS-20260827-1579-0015,RENTAL_ACCRUAL,12,1492,2026-08-28T00:45:00+08:00
a36fefc8-31e1-4d12-965b-5e37f6b9dd40,M-1504,SESS-20260827-4211-0016,RENTAL_ACCRUAL,27,472,2026-08-28T01:00:00+08:00
fdccadfa-d0ae-4c02-b254-7d76046d115f,M-1118,SESS-20260827-8254-0017,RENTAL_ACCRUAL,11,284,2026-08-27T17:30:00+08:00
5cb34784-929f-4223-bbfb-68c7e62230a2,M-1017,SESS-20260827-3600-0018,RENTAL_ACCRUAL,11,352,2026-08-27T20:00:00+08:00
63468373-2ca9-47bc-b774-828b37aab2c0,M-1452,SESS-20260827-1424-0019,RENTAL_REDEMPTION,-200,20,2026-08-27T14:45:00+08:00
923296ea-4dff-4bcd-854d-0dd39a1d0254,M-1452,SESS-20260827-1424-0019,RENTAL_ACCRUAL,1,21,2026-08-27T15:45:00+08:00
6074a653-9734-487b-a1fc-9ae0abc7e5e1,M-1272,SESS-20260827-9731-0020,RENTAL_ACCRUAL,12,1432,2026-08-27T21:00:00+08:00
0103f8d2-dca3-4b38-af39-25e400eb7265,M-1036,SESS-20260827-1093-0021,RENTAL_REDEMPTION,-200,193,2026-08-27T16:00:00+08:00
2d6b486b-a877-4429-b694-fb9c39c0656e,M-1036,SESS-20260827-1093-0021,RENTAL_ACCRUAL,4,197,2026-08-27T18:00:00+08:00
0d1aa085-219b-4740-9b5a-b2cf8545bb84,M-1443,SESS-20260827-6218-0022,RENTAL_REDEMPTION,-100,42,2026-08-27T16:00:00+08:00
d35f7aab-88ab-4f5e-ac66-822cab366f13,M-1443,SESS-20260827-6218-0022,RENTAL_ACCRUAL,35,77,2026-08-27T19:00:00+08:00
9f5c2f13-b386-4489-a585-bf6ec813caa0,M-1525,SESS-20260827-7378-0023,RENTAL_ACCRUAL,76,733,2026-08-28T04:05:00+08:00
641854ff-fee8-440c-9489-0dc8407cbb65,M-1452,SESS-20260827-3266-0024,RENTAL_ACCRUAL,9,30,2026-08-27T23:15:00+08:00
ccb88fe4-0cd2-4572-b384-0d028745ab44,M-1946,SESS-20260827-9872-0025,RENTAL_ACCRUAL,11,303,2026-08-27T17:00:00+08:00
4b640e68-a3aa-4e3c-abfa-1a2e56361870,M-1895,SESS-20260827-3729-0026,RENTAL_ACCRUAL,18,83,2026-08-27T15:15:00+08:00
33a056e3-afce-46b2-b7e7-e24b5946ee93,M-1101,SESS-20260827-6577-0027,RENTAL_ACCRUAL,9,809,2026-08-27T18:15:00+08:00
ac5f9e26-41fa-4008-84ea-d9b7d45f5a12,M-2186,SESS-20260827-6784-0028,RENTAL_ACCRUAL,11,321,2026-08-28T00:30:00+08:00
d17f0549-667b-423c-a4c7-d15e91dece5b,M-1929,SESS-20260827-6254-0029,RENTAL_ACCRUAL,24,113,2026-08-27T13:30:00+08:00
f2b5c925-2c08-4a3f-9e64-59d0a31a788c,M-2102,SESS-20260827-9636-0030,RENTAL_ACCRUAL,8,149,2026-08-27T17:30:00+08:00
bbdaaae9-b406-429f-a592-433ef889994c,M-1407,SESS-20260827-5908-0031,RENTAL_ACCRUAL,18,201,2026-08-27T15:45:00+08:00
61a05a7c-39f6-4421-98c8-ebadd2f6ee48,M-1423,SESS-20260827-6596-0032,RENTAL_REDEMPTION,-200,48,2026-08-27T17:30:00+08:00
a821a8a8-9275-429f-af03-46a8e1e42933,M-1423,SESS-20260827-6596-0032,RENTAL_ACCRUAL,14,62,2026-08-27T19:30:00+08:00
2063436d-c49d-4d6a-b266-13105358a8f4,M-1834,SESS-20260827-7648-0033,RENTAL_ACCRUAL,9,195,2026-08-27T20:00:00+08:00
ec48eb6c-c97a-4f93-a6e3-f544953a83ab,M-1299,SESS-20260827-6533-0034,RENTAL_REDEMPTION,-100,30,2026-08-27T18:45:00+08:00
1bb2eaaa-29d0-452b-b27f-6d811d822637,M-1299,SESS-20260827-6533-0034,RENTAL_ACCRUAL,5,35,2026-08-27T20:45:00+08:00
f6fef5c9-830a-4780-8436-b4d03529320e,M-2077,SESS-20260827-7662-0035,RENTAL_ACCRUAL,16,253,2026-08-27T22:00:00+08:00
03301a7a-56a7-4728-b116-5c6d453d1705,M-1844,SESS-20260827-2451-0036,RENTAL_ACCRUAL,5,276,2026-08-27T20:45:00+08:00
3347a632-fe32-4d20-84b3-331e89815c8c,M-1316,SESS-20260827-3450-0037,RENTAL_REDEMPTION,-100,118,2026-08-27T13:15:00+08:00
84238476-cdc4-4c0e-b277-069357204a60,M-1316,SESS-20260827-3450-0037,RENTAL_ACCRUAL,20,138,2026-08-27T16:15:00+08:00
a33b183a-033c-410e-bfc1-315ec065b938,M-1099,SESS-20260827-9124-0038,RENTAL_ACCRUAL,11,320,2026-08-27T16:00:00+08:00
3ba442ab-2e7e-4c72-9d3f-e66ddd9db92c,M-1794,SESS-20260827-1531-0039,RENTAL_ACCRUAL,16,348,2026-08-27T20:15:00+08:00
35c067a3-7668-4720-98c2-0556158f33e0,M-1051,SESS-20260827-5854-0040,RENTAL_REDEMPTION,-200,235,2026-08-27T20:45:00+08:00
3ab0e601-98c0-4038-9b5d-54c5bf3fe92c,M-1051,SESS-20260827-5854-0040,RENTAL_ACCRUAL,4,239,2026-08-27T22:45:00+08:00
64aaf819-5b7f-4c1f-9b42-53f0aaa5cb22,M-2175,SESS-20260827-7993-0041,RENTAL_ACCRUAL,67,570,2026-08-28T00:15:00+08:00
e188ec9b-ec4d-42a5-b7a6-a783bb868939,M-1988,SESS-20260827-3195-0042,RENTAL_ACCRUAL,5,220,2026-08-27T23:15:00+08:00
11e23817-44fc-426a-97ab-eca17ad2f2b8,M-1013,SESS-20260827-4368-0043,RENTAL_ACCRUAL,16,162,2026-08-27T21:45:00+08:00
e62ca462-68a6-469e-aec9-ca808f701397,M-1531,SESS-20260827-6591-0044,RENTAL_REDEMPTION,-200,180,2026-08-27T10:15:00+08:00
a94958fd-4ae9-46cc-8828-0cddb422fa81,M-1531,SESS-20260827-6591-0044,RENTAL_ACCRUAL,4,184,2026-08-27T13:15:00+08:00
26e432fd-ddb3-4166-8301-5db6dce34257,M-1714,SESS-20260827-2463-0045,RENTAL_ACCRUAL,5,68,2026-08-27T22:15:00+08:00
d0a4a565-ca13-4dfb-8780-ab8db8a1e5fc,M-1942,SESS-20260827-9335-0046,RENTAL_ACCRUAL,9,95,2026-08-27T19:45:00+08:00
3dedfbdb-38ce-49ab-8a7f-eb28606deca3,M-1656,SESS-20260827-2043-0047,RENTAL_ACCRUAL,19,201,2026-08-27T18:30:00+08:00
d2f5b1de-c97c-4e96-a716-9e13737c93e1,M-1891,SESS-20260827-5606-0048,RENTAL_ACCRUAL,28,423,2026-08-27T11:30:00+08:00
85f96cd9-cc59-4685-a9b4-02502f4d4bb6,M-1738,SESS-20260827-6951-0049,RENTAL_ACCRUAL,27,318,2026-08-28T01:45:00+08:00
654d5fcf-894c-475d-b57c-68e06ba66898,M-2023,SESS-20260827-7587-0050,RENTAL_ACCRUAL,11,674,2026-08-28T01:30:00+08:00
ed6294c4-3854-41ad-a242-4c9bb2e26c10,M-1245,SESS-20260827-7358-0051,RENTAL_ACCRUAL,16,209,2026-08-27T12:45:00+08:00
683816d8-c981-41cd-ad91-78eb76835643,M-1075,SESS-20260827-5570-0052,RENTAL_ACCRUAL,9,267,2026-08-27T19:00:00+08:00
b291c313-a549-4ab0-9efc-b4568625686c,M-1227,SESS-20260827-3449-0053,RENTAL_ACCRUAL,40,357,2026-08-27T16:15:00+08:00
97753fb0-880b-4372-a642-e7d1583e79c2,M-1227,TIER_UPGRADE_Silver_TO_Gold,TIER_BONUS,100,457,2026-08-27T16:15:00+08:00
39bb6422-36c6-48d5-ae2b-15924286bdce,M-1476,SESS-20260827-6171-0054,RENTAL_ACCRUAL,14,210,2026-08-27T15:30:00+08:00
8bd39510-121e-4c78-a958-06e285a6cd2e,M-1797,SESS-20260827-8023-0055,RENTAL_ACCRUAL,28,268,2026-08-27T18:00:00+08:00
6cafce61-be3b-41f4-ae61-3e78747b0c31,M-2014,SESS-20260827-9251-0056,RENTAL_ACCRUAL,11,193,2026-08-27T17:45:00+08:00
a73f7e2f-6b67-4275-b4ae-9cb19a8e4504,M-2004,SESS-20260827-5921-0057,RENTAL_ACCRUAL,18,133,2026-08-27T22:00:00+08:00
320dac0d-e770-4d52-8bd6-f4f40a0b51ea,M-1687,SESS-20260827-5956-0058,RENTAL_ACCRUAL,27,480,2026-08-28T00:30:00+08:00
1a36fefb-6d4b-4d3f-856b-8020cc95941e,M-1741,SESS-20260827-1525-0059,RENTAL_ACCRUAL,18,81,2026-08-27T22:15:00+08:00
123f5b3a-cdfc-4ed1-b074-224fc9924758,M-1810,SESS-20260827-3044-0060,RENTAL_ACCRUAL,30,394,2026-08-27T20:45:00+08:00
b1bd84ff-ec38-4631-a0c3-d683953098eb,M-1309,SESS-20260827-4493-0061,RENTAL_ACCRUAL,72,109,2026-08-28T05:30:00+08:00
724be854-0cb1-46dc-8619-5a7fcb1725a5,M-1621,SESS-20260827-9036-0062,RENTAL_REDEMPTION,-400,22,2026-08-27T16:45:00+08:00
bbae920b-9329-4d5e-a32c-77a7da6f1a6d,M-1621,SESS-20260827-9036-0062,RENTAL_ACCRUAL,13,35,2026-08-27T19:45:00+08:00
b4570214-dbb4-4a5e-9787-675f136d48bf,M-2022,SESS-20260827-1222-0063,RENTAL_REDEMPTION,-100,143,2026-08-27T19:15:00+08:00
de187ec6-f93b-4bb6-b5c2-edd158de03f3,M-2022,SESS-20260827-1222-0063,RENTAL_ACCRUAL,19,162,2026-08-27T22:15:00+08:00
da0aa093-a6b1-423b-ad02-26e0206f9c7c,M-1720,SESS-20260827-6526-0064,RENTAL_REDEMPTION,-100,450,2026-08-27T17:15:00+08:00
9158f945-a31e-4a3a-8b9b-de6ac28aff49,M-1720,SESS-20260827-6526-0064,RENTAL_ACCRUAL,4,454,2026-08-27T19:15:00+08:00
c0ce3664-0acc-4be4-af8e-ad9e4fd2ec64,M-1699,SESS-20260827-8346-0065,RENTAL_ACCRUAL,11,45,2026-08-27T11:45:00+08:00
aeb0d76e-fd73-4902-844e-f9deae5b3e09,M-1391,SESS-20260827-5612-0066,RENTAL_ACCRUAL,11,255,2026-08-27T21:15:00+08:00
230076d7-1dda-4ead-8024-f67f953c7aa0,M-1998,SESS-20260827-1202-0067,RENTAL_ACCRUAL,18,253,2026-08-27T14:15:00+08:00
01e11dee-33fe-4547-ac87-1ae8831101b4,M-1294,SESS-20260827-4742-0068,RENTAL_ACCRUAL,45,321,2026-08-28T06:15:00+08:00
f9a0ff0e-c1de-49a0-8acd-106955dab576,M-2088,SESS-20260827-3151-0069,RENTAL_ACCRUAL,45,259,2026-08-27T21:15:00+08:00
99b6855c-2ae2-406e-b053-a14e2a210181,M-1427,SESS-20260827-1648-0070,RENTAL_REDEMPTION,-100,83,2026-08-27T05:30:00+08:00
361a05e7-0532-4bc3-893c-effa6a7c27fa,M-1427,SESS-20260827-1648-0070,RENTAL_ACCRUAL,11,94,2026-08-27T07:30:00+08:00
4d7660be-b18a-4d04-a863-4b6f41523c14,M-1302,SESS-20260827-6032-0071,RENTAL_ACCRUAL,45,330,2026-08-27T15:15:00+08:00
761460df-02d0-4ae6-b669-097560ddc713,M-1851,SESS-20260827-8330-0072,RENTAL_ACCRUAL,13,98,2026-08-28T00:30:00+08:00
ed8221c7-7821-42e9-8d27-24abc4427fc0,M-1557,SESS-20260827-8515-0073,RENTAL_ACCRUAL,27,710,2026-08-27T23:45:00+08:00
a06560d9-2f32-4a6e-abea-ca75c6cf8094,M-2168,SESS-20260827-2675-0074,RENTAL_ACCRUAL,15,146,2026-08-27T20:45:00+08:00
331f067c-a38f-44e1-a640-d32ef6c0544f,M-1751,SESS-20260827-5264-0075,RENTAL_ACCRUAL,5,125,2026-08-27T18:30:00+08:00
1a8a7443-01f1-44d2-b82d-43ee97624aca,M-2189,SESS-20260827-4974-0076,RENTAL_ACCRUAL,11,380,2026-08-27T19:30:00+08:00
787c755d-b217-439d-8d76-88f338a5c914,M-1704,SESS-20260827-7480-0077,RENTAL_ACCRUAL,16,165,2026-08-27T21:30:00+08:00
13d3ee07-194a-4e3a-870c-517c18edf209,M-1067,SESS-20260827-3457-0078,RENTAL_ACCRUAL,12,420,2026-08-27T22:25:00+08:00
07cce1be-6965-4f54-95fa-bc43f72e9352,M-1185,SESS-20260827-3587-0079,RENTAL_REDEMPTION,-100,294,2026-08-27T20:15:00+08:00
b1528c06-d11b-4278-97a7-9ca4d7deb6b5,M-1185,SESS-20260827-3587-0079,RENTAL_ACCRUAL,5,299,2026-08-27T22:15:00+08:00
7fa2c665-aab5-4a3c-bb45-0dcbef679ae3,M-1430,SESS-20260827-6657-0080,RENTAL_ACCRUAL,12,1415,2026-08-27T21:15:00+08:00
f5aa8ebe-f4fe-4e28-a2d8-c81e789651fc,M-1464,SESS-20260827-5308-0081,RENTAL_REDEMPTION,-100,171,2026-08-27T13:15:00+08:00
ffab18d6-c32e-4ad9-9008-d7e81319d7fa,M-1464,SESS-20260827-5308-0081,RENTAL_ACCRUAL,21,192,2026-08-27T18:15:00+08:00
838a2c77-1281-416e-a02f-990deca373db,M-1786,SESS-20260827-6285-0082,RENTAL_ACCRUAL,12,146,2026-08-27T19:30:00+08:00
fab2dec2-91da-4460-beb2-47dc029ef31e,M-1303,SESS-20260827-9636-0083,RENTAL_ACCRUAL,18,2672,2026-08-27T22:30:00+08:00
a78716f2-6776-4496-a03d-5aaf21b8ab19,M-1453,SESS-20260827-7183-0084,RENTAL_ACCRUAL,27,510,2026-08-27T17:15:00+08:00
963b5e33-9f20-437d-be43-af0969ebd3ab,M-1481,SESS-20260827-6857-0085,RENTAL_ACCRUAL,43,656,2026-08-27T18:45:00+08:00
08790459-fabc-49ed-8594-8c37ed78d49b,M-1707,SESS-20260827-3680-0086,RENTAL_ACCRUAL,18,386,2026-08-27T21:15:00+08:00
8b6a170b-3ca8-4811-a9e6-f266bb59addf,M-1071,SESS-20260827-5180-0087,RENTAL_ACCRUAL,18,576,2026-08-27T20:15:00+08:00
ff933c79-9ea1-422a-9c44-6d01f6f6af2c,M-1712,SESS-20260827-4105-0088,RENTAL_REDEMPTION,-200,191,2026-08-27T21:45:00+08:00
b211e628-9122-4fe1-9e23-623ca744dbdb,M-1712,SESS-20260827-4105-0088,RENTAL_ACCRUAL,4,195,2026-08-28T00:45:00+08:00
51fe6c47-bf99-40d5-9b69-61e5f49784e6,M-1709,SESS-20260827-4193-0089,RENTAL_ACCRUAL,11,209,2026-08-27T22:30:00+08:00
7e29001a-6cf3-430b-b893-dfcec2f16026,M-1344,SESS-20260827-5068-0090,RENTAL_ACCRUAL,5,420,2026-08-27T20:45:00+08:00
a7d0a065-80ca-4dce-b14d-9295bd342988,M-1588,SESS-20260827-2360-0091,RENTAL_ACCRUAL,28,1728,2026-08-27T21:00:00+08:00
f623637e-a608-416f-9722-ed4f2eaf7d30,M-1674,SESS-20260827-8861-0092,RENTAL_REDEMPTION,-100,678,2026-08-27T14:15:00+08:00
a8cffa21-8144-4ad1-a0ea-867b9a96b2e1,M-1674,SESS-20260827-8861-0092,RENTAL_ACCRUAL,5,683,2026-08-27T16:15:00+08:00
c69627ef-e00a-4acf-8995-d74be2a8fdb3,M-1273,SESS-20260827-5681-0093,RENTAL_REDEMPTION,-100,671,2026-08-27T18:15:00+08:00
2a3d06f8-beab-4338-8528-7c990b68bc8b,M-1273,SESS-20260827-5681-0093,RENTAL_ACCRUAL,11,682,2026-08-27T20:15:00+08:00
c4ed3ef2-5607-4873-8de4-fb2451c39daa,M-1754,SESS-20260827-5616-0094,RENTAL_ACCRUAL,12,373,2026-08-27T23:30:00+08:00
fb29d3e7-2871-47f0-ab8b-32ae9ef9d4e0,M-1915,SESS-20260827-9987-0095,RENTAL_REDEMPTION,-200,81,2026-08-27T23:10:00+08:00
232d1461-df4a-44d8-aed0-f34558709268,M-1915,SESS-20260827-9987-0095,RENTAL_ACCRUAL,4,85,2026-08-28T02:10:00+08:00
9fc4b61e-dde0-409b-bb19-1153f45edcc5,M-1697,SESS-20260827-4236-0096,RENTAL_ACCRUAL,16,268,2026-08-27T09:30:00+08:00
9cd63017-9d27-4561-9361-ba18cd0413e7,M-1903,SESS-20260827-5674-0097,RENTAL_ACCRUAL,10,85,2026-08-27T20:15:00+08:00
7c506e2a-c991-4836-ae5c-31040cacc38a,M-2078,SESS-20260827-2656-0098,RENTAL_ACCRUAL,10,109,2026-08-27T19:15:00+08:00
3c37a78f-88e8-4644-8a79-5493b5a27f17,M-1595,SESS-20260827-1184-0099,RENTAL_ACCRUAL,16,170,2026-08-27T23:55:00+08:00
56e17abf-aa23-416f-9622-fe71b5e36331,M-1584,SESS-20260827-9540-0100,RENTAL_ACCRUAL,28,366,2026-08-28T03:00:00+08:00
1a266ed9-ddec-49a1-a90d-cb3ea861b8c9,M-1612,SESS-20260827-9836-0101,RENTAL_ACCRUAL,108,636,2026-08-28T00:00:00+08:00
767620ce-3b4e-40c3-b387-8a474616d38f,M-2033,SESS-20260827-6963-0102,RENTAL_ACCRUAL,28,237,2026-08-28T04:30:00+08:00
a414e7e4-0a8d-4d35-a239-0c44b9b28410,M-1604,SESS-20260827-2463-0103,RENTAL_ACCRUAL,28,187,2026-08-27T18:45:00+08:00
57a391a6-787a-4441-b632-af2eae181acd,M-1726,SESS-20260827-6926-0104,RENTAL_ACCRUAL,11,284,2026-08-27T23:10:00+08:00
8c3743e3-a516-4d7d-9c0e-108bf3ddd838,M-2026,SESS-20260827-6008-0105,RENTAL_REDEMPTION,-100,12,2026-08-27T17:15:00+08:00
0247ddcd-eb76-4b42-89cf-bbdc828b2646,M-2026,SESS-20260827-6008-0105,RENTAL_ACCRUAL,35,47,2026-08-27T22:15:00+08:00
0da80907-6c6f-44c7-a688-9b2a8f52b040,M-1088,SESS-20260827-9675-0106,RENTAL_ACCRUAL,48,237,2026-08-27T08:55:00+08:00
06aebe94-2134-4fe8-bbb6-4b31909eae73,M-1369,SESS-20260827-9508-0107,RENTAL_REDEMPTION,-100,568,2026-08-27T14:30:00+08:00
13a24c13-a405-46a2-9fed-d3fde8ea2d87,M-1369,SESS-20260827-9508-0107,RENTAL_ACCRUAL,10,578,2026-08-27T17:30:00+08:00
279cd0bc-aa3e-4b0e-b3f9-adb99d6cc080,M-1515,SESS-20260827-3568-0108,RENTAL_REDEMPTION,-100,51,2026-08-27T22:55:00+08:00
38f36bbd-60ca-4af2-833a-12e13c61e918,M-1515,SESS-20260827-3568-0108,RENTAL_ACCRUAL,38,89,2026-08-28T03:55:00+08:00
3dceb1be-f0e8-40e9-aab3-3f3c31f9c8cc,M-1985,SESS-20260827-9065-0109,RENTAL_ACCRUAL,40,123,2026-08-27T18:00:00+08:00
f37f2f3f-f226-4e61-8741-f215c118de5f,M-1439,SESS-20260827-5672-0110,RENTAL_ACCRUAL,30,234,2026-08-28T01:15:00+08:00
7bf25094-e472-445a-abcd-6e899cb814ca,M-1422,SESS-20260827-9238-0111,RENTAL_ACCRUAL,5,236,2026-08-28T00:40:00+08:00
e4e54026-0917-45bb-a17b-8f38c6aa52a6,M-1278,SESS-20260827-7416-0112,RENTAL_ACCRUAL,18,126,2026-08-28T01:00:00+08:00
fd8bfb26-4f29-400f-b959-716524434c24,M-1492,SESS-20260827-9405-0113,RENTAL_ACCRUAL,30,266,2026-08-28T00:45:00+08:00
864afa86-0a00-4c7c-98b0-a2d5e39a744f,M-1418,SESS-20260827-1750-0114,RENTAL_ACCRUAL,27,109,2026-08-27T22:45:00+08:00
e117b888-668d-4e42-8e38-17978fa0325a,M-1448,SESS-20260827-5984-0115,RENTAL_ACCRUAL,48,439,2026-08-28T05:00:00+08:00
fbfaa810-37bd-476d-b354-46aed6e49f85,M-1039,SESS-20260827-1160-0116,RENTAL_ACCRUAL,28,388,2026-08-27T20:20:00+08:00
7b2186e9-1d37-4384-b596-410fb4ce3616,M-1089,SESS-20260827-5030-0117,RENTAL_ACCRUAL,27,531,2026-08-27T06:15:00+08:00
98cdbb6a-dad0-4f5f-a32e-98b6bcb8e2da,M-2068,SESS-20260827-5011-0118,RENTAL_ACCRUAL,27,152,2026-08-27T13:30:00+08:00
3b199fee-ce73-4985-9334-c0bbdf25a789,M-1003,SESS-20260827-5517-0119,RENTAL_ACCRUAL,27,262,2026-08-27T19:45:00+08:00
418859ac-2104-4000-8f4c-29e6114d30a9,M-2131,SESS-20260827-6905-0120,RENTAL_ACCRUAL,16,137,2026-08-27T13:30:00+08:00
5ad3364a-114e-49c7-bf33-fbb664d8c0ab,M-1694,SESS-20260827-8325-0121,RENTAL_ACCRUAL,11,334,2026-08-27T06:15:00+08:00
d5c7c2f7-4758-4c2d-982e-9b292d723227,M-1794,SESS-20260827-1281-0122,RENTAL_ACCRUAL,72,420,2026-08-28T06:30:00+08:00
42e038d3-844d-4341-894d-72b2f842c1a4,M-1270,SESS-20260827-5457-0123,RENTAL_ACCRUAL,19,1210,2026-08-27T10:30:00+08:00
1c4ec008-fd6a-48a9-b2e8-13f88f7cd18c,M-1852,SESS-20260827-5770-0124,RENTAL_ACCRUAL,5,54,2026-08-27T12:15:00+08:00
a1cdd6a4-1c7b-4a1f-87fc-563d906050c7,M-1152,SESS-20260827-2377-0125,RENTAL_ACCRUAL,5,405,2026-08-27T20:30:00+08:00
65e4dadd-d017-4f68-bd6e-f554096dc1ae,M-1198,SESS-20260827-4476-0126,RENTAL_ACCRUAL,115,2278,2026-08-28T04:00:00+08:00
8f1f94ca-81ee-46ea-8ae6-b150ab524bcc,M-1060,SESS-20260827-7200-0127,RENTAL_ACCRUAL,11,83,2026-08-27T18:00:00+08:00
58b63324-db57-4a28-b029-eebf89e70f34,M-1356,SESS-20260827-2937-0128,RENTAL_ACCRUAL,14,1001,2026-08-27T12:45:00+08:00
d6589543-7f7d-4ee9-90f9-2678d5a4c720,M-1631,SESS-20260827-6347-0129,RENTAL_ACCRUAL,16,404,2026-08-28T01:45:00+08:00
9d35b4fa-b8f7-4be9-aa6c-c89e96399d59,M-2187,SESS-20260827-2979-0130,RENTAL_ACCRUAL,40,247,2026-08-27T22:40:00+08:00
b0cae6fc-0213-4611-b7f5-58555b6eaa9b,M-1201,SESS-20260827-2272-0131,RENTAL_ACCRUAL,12,821,2026-08-27T21:30:00+08:00
1b047c79-6c8d-443d-8f8f-470286afebc4,M-1785,SESS-20260827-4364-0132,RENTAL_REDEMPTION,-200,94,2026-08-27T14:00:00+08:00
c85b5e5f-4e64-4eab-86f7-8f0f5c71fb83,M-1785,SESS-20260827-4364-0132,RENTAL_ACCRUAL,5,99,2026-08-27T16:00:00+08:00
9e37608a-6201-4fee-bc05-99d9375965b6,M-1252,SESS-20260827-2987-0133,RENTAL_REDEMPTION,-100,12,2026-08-27T09:45:00+08:00
24818d48-aff5-4ba9-abe0-fc41b4cc004b,M-1252,SESS-20260827-2987-0133,RENTAL_ACCRUAL,2,14,2026-08-27T10:45:00+08:00
1667b47a-5710-42d2-b4f9-d7ee9b5233af,M-1869,SESS-20260827-6700-0134,RENTAL_ACCRUAL,16,129,2026-08-27T19:35:00+08:00
a5af9211-4ffd-4556-a819-b4adb4ac7bae,M-1232,SESS-20260827-2421-0135,RENTAL_REDEMPTION,-200,85,2026-08-27T20:45:00+08:00
20176665-572a-4764-b1bc-c544cd33991a,M-1232,SESS-20260827-2421-0135,RENTAL_ACCRUAL,15,100,2026-08-28T01:45:00+08:00
92159cd3-67bc-4e92-b160-21e2af9dea6a,M-1279,SESS-20260827-5327-0136,RENTAL_REDEMPTION,-100,97,2026-08-27T13:30:00+08:00
35ac60ec-1462-4ee3-ac82-8ace396461c2,M-1279,SESS-20260827-5327-0136,RENTAL_ACCRUAL,5,102,2026-08-27T15:30:00+08:00
b12d2257-5b94-434f-bf9d-1b53259c1883,M-1081,SESS-20260827-4786-0137,RENTAL_ACCRUAL,6,660,2026-08-28T00:30:00+08:00
9ab5cb28-679d-4bff-82fc-0f14dda2078f,M-1179,SESS-20260827-7828-0138,RENTAL_REDEMPTION,-100,51,2026-08-27T20:15:00+08:00
7cab0eaa-ade9-449d-bf1d-bbe4d21b0901,M-1179,SESS-20260827-7828-0138,RENTAL_ACCRUAL,20,71,2026-08-27T22:15:00+08:00
01d029e1-609a-4e06-9ca0-cbaabc862774,M-1824,SESS-20260827-3628-0139,RENTAL_ACCRUAL,45,299,2026-08-27T20:15:00+08:00
eb09cd45-9454-4a24-bdd8-0928fe5fdf10,M-1177,SESS-20260827-4563-0140,RENTAL_ACCRUAL,11,326,2026-08-28T00:25:00+08:00
20fd89e2-2d3a-41f5-acb1-e640d09c54d4,M-1340,SESS-20260827-2846-0141,RENTAL_ACCRUAL,18,570,2026-08-27T22:15:00+08:00
9b990e53-db3a-474c-ac66-ca18ea07d70c,M-2002,SESS-20260827-3424-0142,RENTAL_ACCRUAL,11,109,2026-08-27T20:30:00+08:00
5737c0b4-8f6e-45dd-9fb1-149653d7d65f,M-1620,SESS-20260827-7536-0143,RENTAL_ACCRUAL,9,417,2026-08-27T23:25:00+08:00
fb7a4a69-5a0e-429b-8bdc-98e641049bcd,M-1759,SESS-20260827-3518-0144,RENTAL_ACCRUAL,11,524,2026-08-27T23:45:00+08:00
fe9ac845-b42e-433e-8017-546fe5a14cbb,M-1476,SESS-20260827-7608-0145,RENTAL_ACCRUAL,12,222,2026-08-27T17:45:00+08:00
2225d363-696d-4c79-afde-b4734356311a,M-1156,SESS-20260827-8609-0146,RENTAL_REDEMPTION,-100,92,2026-08-27T22:00:00+08:00
4ebaf8d4-e895-4e7a-835b-373b5aed55c6,M-1156,SESS-20260827-8609-0146,RENTAL_ACCRUAL,38,130,2026-08-28T03:00:00+08:00
ff2ce2e8-2413-4ce6-a382-3735dc776caf,M-1965,SESS-20260827-2983-0147,RENTAL_REDEMPTION,-200,97,2026-08-27T23:30:00+08:00
344d4f46-7272-4b95-854c-adfe0c2910c8,M-1965,SESS-20260827-2983-0147,RENTAL_ACCRUAL,32,129,2026-08-28T07:30:00+08:00
2ffc2d7e-03d7-438f-b943-b4cdced35e76,M-1160,SESS-20260827-1697-0148,RENTAL_ACCRUAL,27,473,2026-08-28T00:45:00+08:00
15cce39c-9835-4c8c-b250-667faef88f6a,M-1233,SESS-20260827-6791-0149,RENTAL_ACCRUAL,5,454,2026-08-27T19:55:00+08:00
d7423426-4f48-406a-8dd8-7ebae9261169,M-1133,SESS-20260827-5263-0150,RENTAL_REDEMPTION,-100,295,2026-08-27T20:20:00+08:00
66255516-4fb7-4b23-b629-8b9719cbdff5,M-1133,SESS-20260827-5263-0150,RENTAL_ACCRUAL,4,299,2026-08-27T22:20:00+08:00
46a35cab-edec-43c3-b90c-b1b414c62d39,M-1055,SESS-20260827-8023-0151,RENTAL_ACCRUAL,5,424,2026-08-27T23:10:00+08:00
e24dff70-af69-44ef-b96d-51825701f2eb,M-1638,SESS-20260827-4848-0152,RENTAL_ACCRUAL,5,609,2026-08-27T21:15:00+08:00
88ba2042-2a39-4069-bebd-9e93a505d464,M-1028,SESS-20260827-3194-0153,RENTAL_ACCRUAL,12,121,2026-08-27T19:30:00+08:00
b3ceea15-0709-45a1-879d-b67cbf5aae27,M-1444,SESS-20260827-2992-0154,RENTAL_ACCRUAL,12,3344,2026-08-27T16:15:00+08:00
7e2f1ab6-0233-42c1-8668-62c45a8ccd2f,M-1941,SESS-20260827-5777-0155,RENTAL_REDEMPTION,-100,5,2026-08-27T20:45:00+08:00
405a9d3c-dda7-4938-8056-435bcb23c38b,M-1941,SESS-20260827-5777-0155,RENTAL_ACCRUAL,55,60,2026-08-28T01:45:00+08:00
c5333527-6296-4371-95e0-e84a73fd6e05,M-1941,TIER_UPGRADE_Standard_TO_Silver,TIER_BONUS,50,110,2026-08-28T01:45:00+08:00
91d4d8b0-ff61-4e69-921a-191e71421592,M-1999,SESS-20260827-2455-0156,RENTAL_ACCRUAL,15,20,2026-08-27T22:45:00+08:00
70792b95-7829-4c2f-8618-c23efef9fc98,M-1346,SESS-20260827-4503-0157,RENTAL_ACCRUAL,16,519,2026-08-27T23:55:00+08:00
e324918f-9564-45e6-8f29-f65487bbaa73,M-1843,SESS-20260827-2696-0158,RENTAL_ACCRUAL,5,184,2026-08-27T18:15:00+08:00
4fa09ff7-1e69-4438-9bfb-a1eb6b833640,M-2068,SESS-20260827-3207-0159,RENTAL_ACCRUAL,16,168,2026-08-27T18:15:00+08:00
a23f5fa4-c5bc-4031-b821-37b478be4ad3,M-1784,SESS-20260827-9291-0160,RENTAL_ACCRUAL,5,224,2026-08-27T19:30:00+08:00
ea5993e1-6831-4683-97a7-538154637e35,M-1005,SESS-20260827-6092-0161,RENTAL_ACCRUAL,5,175,2026-08-27T22:20:00+08:00
b080acd3-8d2d-4223-b9ea-f829b80711c3,M-1125,SESS-20260827-9689-0162,RENTAL_ACCRUAL,12,617,2026-08-27T14:45:00+08:00
5acba052-8322-4ddd-a3ac-de2459ab08a5,M-1308,SESS-20260827-9309-0163,RENTAL_REDEMPTION,-100,15,2026-08-27T21:45:00+08:00
2cf8ebe6-4015-4ea2-8d9a-5b997743d857,M-1308,SESS-20260827-9309-0163,RENTAL_ACCRUAL,5,20,2026-08-27T23:45:00+08:00
f697f708-d2aa-4ba3-848b-9371925da7bc,M-1532,SESS-20260827-8604-0164,RENTAL_ACCRUAL,11,126,2026-08-28T00:45:00+08:00
57378385-d0e6-4b6d-a95c-1a31c89f6023,M-1008,SESS-20260827-1197-0165,RENTAL_ACCRUAL,18,125,2026-08-28T01:45:00+08:00
d48ca67f-cbc1-458b-8ce6-2ef7e11ceb1a,M-1845,SESS-20260827-5345-0166,RENTAL_ACCRUAL,5,335,2026-08-27T17:30:00+08:00
a6be6ecd-d867-43ea-9e8d-9f61b26722db,M-1932,SESS-20260827-6520-0167,RENTAL_ACCRUAL,40,145,2026-08-28T02:15:00+08:00
614f7514-e2df-4e8e-96e9-fa2224ebbc00,M-1932,TIER_UPGRADE_Standard_TO_Silver,TIER_BONUS,50,195,2026-08-28T02:15:00+08:00
a62cc391-7d00-4a0a-9b56-950cae8a4b04,M-1578,SESS-20260827-7373-0168,RENTAL_ACCRUAL,45,382,2026-08-28T03:25:00+08:00
6817c64f-a666-42a9-83d4-83ab23874f89,M-1685,SESS-20260827-6613-0169,RENTAL_ACCRUAL,30,213,2026-08-28T00:45:00+08:00
01ed72c6-b312-4a41-b85f-24e38e4eee72,M-1805,SESS-20260827-2124-0170,RENTAL_ACCRUAL,27,422,2026-08-28T00:00:00+08:00
23c16b7e-52e3-43f3-9cdb-a786f9d546c7,M-1244,SESS-20260827-8902-0171,RENTAL_REDEMPTION,-200,673,2026-08-27T22:30:00+08:00
a461dcd0-7982-4957-84d4-cfc64eab9f0a,M-1244,SESS-20260827-8902-0171,RENTAL_ACCRUAL,3,676,2026-08-28T01:30:00+08:00
46aedaca-0127-423e-afc4-08f7af7ae5a8,M-1591,SESS-20260827-5587-0172,RENTAL_ACCRUAL,6,1797,2026-08-27T23:30:00+08:00
cfba3255-b2b1-4067-af35-2b3bbc4a3dd8,M-1500,SESS-20260827-6280-0173,RENTAL_ACCRUAL,28,148,2026-08-27T20:30:00+08:00
a83d1200-3da4-427e-90a4-efba19be13d9,M-1356,SESS-20260827-8264-0174,RENTAL_ACCRUAL,12,1013,2026-08-27T21:35:00+08:00
ecd04124-c7d2-4765-a4c6-65e3d4708f94,M-1668,SESS-20260827-3073-0175,RENTAL_ACCRUAL,27,216,2026-08-28T00:30:00+08:00
751a7509-6511-4e0d-b586-5f85b2040cb3,M-2016,SESS-20260827-2110-0176,RENTAL_ACCRUAL,18,285,2026-08-27T22:00:00+08:00
ac2dc5bb-f0c1-4ea6-95a5-f82af8007cb0,M-1580,SESS-20260827-7887-0177,RENTAL_REDEMPTION,-100,1115,2026-08-27T17:15:00+08:00
6cf3d778-6989-43da-8350-9d1f66912265,M-1580,SESS-20260827-7887-0177,RENTAL_ACCRUAL,4,1119,2026-08-27T19:15:00+08:00
0168eb8d-be64-4ecd-b28f-737527ac6e78,M-1577,SESS-20260827-3691-0178,RENTAL_ACCRUAL,11,116,2026-08-28T01:35:00+08:00
a4ae5fc2-12c5-449e-b9e1-40d8d52a144d,M-1259,SESS-20260827-6998-0179,RENTAL_ACCRUAL,67,82,2026-08-27T23:00:00+08:00
87ed7243-4d10-44fe-9edd-84e2578c85be,M-1032,SESS-20260827-1804-0180,RENTAL_ACCRUAL,9,495,2026-08-27T08:45:00+08:00
ce4812cc-fd49-48fc-8554-0fa9eebe75ad,M-1370,SESS-20260827-2287-0181,RENTAL_ACCRUAL,27,782,2026-08-27T23:30:00+08:00
710c86c6-66c6-4ddb-937f-bf4e6bb22d6f,M-1670,SESS-20260827-2748-0182,RENTAL_REDEMPTION,-100,3,2026-08-27T16:30:00+08:00
7b0cb860-180b-4aa0-9f2e-aef695bd2bbb,M-1670,SESS-20260827-2748-0182,RENTAL_ACCRUAL,40,43,2026-08-27T21:30:00+08:00
e5d39bc2-1bf3-430c-9d24-a79dcd027d0c,M-2131,SESS-20260827-4630-0183,RENTAL_ACCRUAL,40,177,2026-08-27T20:05:00+08:00
7a521b59-0f9d-4120-acf3-86be9060c138,M-1924,SESS-20260827-7339-0184,RENTAL_ACCRUAL,36,102,2026-08-28T00:00:00+08:00
a19f93af-7780-4f95-b538-a056ba9a57d7,M-1835,SESS-20260827-7394-0185,RENTAL_ACCRUAL,18,215,2026-08-27T02:50:00+08:00
f783bdfc-d057-4587-befa-02481cd5bf56,M-1908,SESS-20260827-6437-0186,RENTAL_ACCRUAL,5,81,2026-08-27T19:15:00+08:00
ce678246-7118-445b-8314-cb8a1c80d44d,M-1825,SESS-20260827-7950-0187,RENTAL_ACCRUAL,11,313,2026-08-27T20:15:00+08:00
09a2e348-d9c1-490d-b183-80a3d5ec6346,M-1958,SESS-20260827-5017-0188,RENTAL_ACCRUAL,11,212,2026-08-28T00:35:00+08:00
65486968-b146-42e2-a672-9e797d7784b0,M-1444,SESS-20260827-2888-0189,RENTAL_ACCRUAL,6,3350,2026-08-27T23:15:00+08:00
977fd322-50e8-4b3f-80c2-7aa2c8adc2c2,M-2154,SESS-20260827-5804-0190,RENTAL_ACCRUAL,10,107,2026-08-28T01:15:00+08:00
f4a5d0b3-e9cc-4c71-8ef8-6105f489195d,M-1303,SESS-20260827-2465-0191,RENTAL_ACCRUAL,18,2690,2026-08-28T01:30:00+08:00
5544fb55-91dc-48ca-af64-7975676337d9,M-1882,SESS-20260827-7883-0192,RENTAL_REDEMPTION,-100,18,2026-08-27T19:20:00+08:00
90cdc35c-a3dd-4f77-b287-7b68f7cdfca4,M-1882,SESS-20260827-7883-0192,RENTAL_ACCRUAL,5,23,2026-08-27T21:20:00+08:00
c0fe921c-a0ef-43bc-bd0b-c15c0d1976e5,M-2127,SESS-20260827-2877-0193,RENTAL_ACCRUAL,5,200,2026-08-28T00:30:00+08:00
a81bb86d-6027-4d43-9037-1384c8451fe2,M-1890,SESS-20260827-1144-0194,RENTAL_ACCRUAL,10,53,2026-08-27T17:15:00+08:00
45ba667d-7227-4e88-9406-89f73a9bdb3e,M-1128,SESS-20260827-7699-0195,RENTAL_ACCRUAL,9,277,2026-08-27T21:15:00+08:00
62f9d851-469a-4dc4-b04b-eb299b46fa69,M-1386,SESS-20260827-4735-0196,RENTAL_ACCRUAL,28,596,2026-08-28T00:30:00+08:00
5a35780a-09db-4e73-9a8d-b5678a1eb320,M-1200,SESS-20260827-1475-0197,RENTAL_REDEMPTION,-100,0,2026-08-27T17:35:00+08:00
5f1de43c-a7d8-4de4-9703-e5721efd7d09,M-1200,SESS-20260827-1475-0197,RENTAL_ACCRUAL,5,5,2026-08-27T19:35:00+08:00
a0d2b6a3-9d29-4118-a7d0-dfadf56068a7,M-2105,SESS-20260827-5140-0198,RENTAL_ACCRUAL,5,270,2026-08-27T23:30:00+08:00
ffbb138c-390b-4260-8de1-22ce4897ca98,M-2097,SESS-20260827-5614-0199,RENTAL_ACCRUAL,36,133,2026-08-27T16:40:00+08:00
2c764142-3db0-4e7e-8d65-6b7a959893c6,M-1162,SESS-20260827-3573-0200,RENTAL_ACCRUAL,11,86,2026-08-27T22:30:00+08:00
d16aa642-5118-45a7-b38a-cf3019c27f99,M-1033,SESS-20260827-4654-0201,RENTAL_REDEMPTION,-200,17,2026-08-27T12:00:00+08:00
21953a5e-695e-4901-8a7b-1c286d624ba6,M-1033,SESS-20260827-4654-0201,RENTAL_ACCRUAL,5,22,2026-08-27T14:00:00+08:00
55e0e512-ab42-4f7f-99d1-83d53dc88310,M-1574,SESS-20260827-4092-0202,RENTAL_ACCRUAL,18,206,2026-08-27T23:40:00+08:00
e3ee2a42-cbee-4ca0-9392-dddd6120309e,M-1799,SESS-20260827-6425-0203,RENTAL_ACCRUAL,5,308,2026-08-27T19:45:00+08:00
e9924a10-0e3e-4717-9802-8b500d02912a,M-1068,SESS-20260827-9023-0204,RENTAL_ACCRUAL,28,210,2026-08-28T01:30:00+08:00
942dae98-124c-4d0a-9a93-22c9d1ea8973,M-1220,SESS-20260827-5759-0205,RENTAL_ACCRUAL,28,1945,2026-08-27T12:15:00+08:00
22e70905-c947-49b4-b383-68a5194bac97,M-1873,SESS-20260827-6061-0206,RENTAL_ACCRUAL,15,179,2026-08-28T00:45:00+08:00
bddab81b-b562-4b20-ae37-c246a990cf49,M-1424,SESS-20260827-2920-0207,RENTAL_ACCRUAL,5,275,2026-08-27T23:30:00+08:00
c14e0477-1f3b-4aea-b37a-f737e0809f7a,M-1378,SESS-20260827-4897-0208,RENTAL_ACCRUAL,18,263,2026-08-27T16:30:00+08:00
5a215798-1c38-4321-8f80-4f973929fef9,M-2045,SESS-20260827-8656-0209,RENTAL_ACCRUAL,24,153,2026-08-27T15:30:00+08:00
575dcd3f-024e-4663-b2f8-80825cfc22e8,M-1954,SESS-20260827-9344-0210,RENTAL_ACCRUAL,18,231,2026-08-27T18:30:00+08:00
c4a93c36-832e-4d6b-a1bd-420631b20cd3,M-1992,SESS-20260827-5607-0211,RENTAL_ACCRUAL,45,331,2026-08-28T02:30:00+08:00
a9468cfb-2191-47ca-a15b-8e9550eb4c82,M-1516,SESS-20260827-7828-0212,RENTAL_ACCRUAL,16,593,2026-08-27T18:15:00+08:00
4c24a4ac-fd1f-494c-8a4b-8e124dc63232,M-1802,SESS-20260827-4382-0213,RENTAL_ACCRUAL,12,263,2026-08-28T00:25:00+08:00
96681c09-dc11-420e-a341-7a520a768093,M-1248,SESS-20260827-3512-0214,RENTAL_REDEMPTION,-100,60,2026-08-27T18:30:00+08:00
f99054ee-123c-4c7c-b78e-92244abadd0d,M-1248,SESS-20260827-3512-0214,RENTAL_ACCRUAL,5,65,2026-08-27T20:30:00+08:00
40f25650-7893-41e6-8bca-fa99e594b076,M-1170,SESS-20260827-9011-0215,RENTAL_ACCRUAL,16,80,2026-08-27T08:10:00+08:00
3710a800-d1a0-40f0-b72f-33b3b977644b,M-1408,SESS-20260827-9047-0216,RENTAL_ACCRUAL,11,97,2026-08-27T21:25:00+08:00
fdb359d1-f6b8-4248-97c2-9754c7f3af79,M-1644,SESS-20260827-5836-0217,RENTAL_ACCRUAL,11,196,2026-08-27T20:45:00+08:00
2c0e0bbb-3f18-4b58-a4f9-17a38adb803c,M-2122,SESS-20260827-8994-0218,RENTAL_ACCRUAL,5,216,2026-08-27T23:45:00+08:00
0b3afcf2-72bc-4be6-a5e8-5f2e6cc60ced,M-1164,SESS-20260827-3236-0219,RENTAL_ACCRUAL,18,476,2026-08-27T19:45:00+08:00
27a68518-fcb8-43dc-b037-b03cb38ef700,M-1543,SESS-20260827-6393-0220,RENTAL_REDEMPTION,-100,721,2026-08-27T21:45:00+08:00
43b37c60-f4a1-4d16-ab89-8a2bb1696e18,M-1543,SESS-20260827-6393-0220,RENTAL_ACCRUAL,10,731,2026-08-28T00:45:00+08:00
35104fd8-f9a1-4fbb-918c-7aec9140dc85,M-1998,SESS-20260827-3050-0221,RENTAL_ACCRUAL,28,281,2026-08-27T20:25:00+08:00
9f8d1bb0-89d4-4269-993c-00e4d6bdf62c,M-1453,SESS-20260827-8739-0222,RENTAL_ACCRUAL,16,526,2026-08-28T00:25:00+08:00
682494ff-e59e-4d90-b71c-d486ae744788,M-2136,SESS-20260827-5217-0223,RENTAL_ACCRUAL,24,193,2026-08-28T01:15:00+08:00
2224f053-11e2-4f58-a665-36e881fed6f8,M-1956,SESS-20260827-9679-0224,RENTAL_REDEMPTION,-100,117,2026-08-27T17:00:00+08:00
c14dae67-b4fc-4a07-acbb-c89a1bd7efd4,M-1956,SESS-20260827-9679-0224,RENTAL_ACCRUAL,38,155,2026-08-28T01:00:00+08:00
b9d6e11f-e1c0-44bf-9492-6cecd2f17274,M-1993,SESS-20260827-5259-0225,RENTAL_ACCRUAL,45,133,2026-08-27T22:30:00+08:00
9b905e18-3c9d-462f-9574-12b638a20c60,M-1493,SESS-20260827-8158-0226,RENTAL_ACCRUAL,28,359,2026-08-28T03:35:00+08:00
bdc92391-f1a6-4f3a-bef9-c8566665705b,M-2194,SESS-20260827-1765-0227,RENTAL_ACCRUAL,72,140,2026-08-28T05:00:00+08:00
1ad16a0d-15a0-412a-a13a-2877347b099c,M-1576,SESS-20260827-1931-0228,RENTAL_ACCRUAL,9,1137,2026-08-27T17:30:00+08:00
aa86c8e4-e501-484b-9d86-2b4c38503cb5,M-1267,SESS-20260827-5681-0229,RENTAL_ACCRUAL,28,487,2026-08-27T18:30:00+08:00
fdf21691-d0e7-4429-a9c3-4038b1b77cb2,M-2149,SESS-20260827-1577-0230,RENTAL_ACCRUAL,24,90,2026-08-27T20:45:00+08:00
15c773ff-55c2-45de-88a9-ccc08ea31bcd,M-1604,SESS-20260827-6570-0231,RENTAL_ACCRUAL,11,198,2026-08-28T00:00:00+08:00
2ccc8173-b281-4e52-9e7f-e850cc98c051,M-1057,SESS-20260827-8302-0232,RENTAL_ACCRUAL,27,389,2026-08-28T00:45:00+08:00
defa87c8-20e9-41a5-98a6-121de5b62767,M-1460,SESS-20260827-3173-0233,RENTAL_REDEMPTION,-100,9,2026-08-27T23:50:00+08:00
d0202321-6467-4f8e-9fc5-8fe3fab8a1db,M-1460,SESS-20260827-3173-0233,RENTAL_ACCRUAL,5,14,2026-08-28T01:50:00+08:00
c9b357d3-67fe-4f48-b867-a9c318c66e2f,M-1200,SESS-20260827-1601-0234,RENTAL_ACCRUAL,27,32,2026-08-27T23:45:00+08:00
4ee38371-6852-4f74-8cad-cbccae88b5cc,M-1089,SESS-20260827-3139-0235,RENTAL_ACCRUAL,5,536,2026-08-27T17:15:00+08:00
3f8c27e8-6cd4-4453-9d68-3300408a55e6,M-1321,SESS-20260827-4606-0236,RENTAL_ACCRUAL,11,408,2026-08-27T20:40:00+08:00
6f53892b-2485-4c36-bef8-6ab97039f850,M-2025,SESS-20260827-5913-0237,RENTAL_ACCRUAL,11,411,2026-08-28T01:30:00+08:00
15b2d0e0-8427-40f6-9c61-62f1a7c69ee3,M-1397,SESS-20260827-5456-0238,RENTAL_ACCRUAL,28,573,2026-08-27T18:00:00+08:00
4abbb7f9-2cbb-47db-9a16-a97cd62638a3,M-2158,SESS-20260827-4502-0239,RENTAL_ACCRUAL,10,153,2026-08-27T23:35:00+08:00
06a79f1f-002f-40e6-9729-dd9985c51324,M-1088,SESS-20260827-3734-0240,RENTAL_ACCRUAL,6,243,2026-08-27T21:55:00+08:00
7a7f0fa6-a781-4d85-a132-3df8fd490a70,M-1748,SESS-20260827-2660-0241,RENTAL_REDEMPTION,-100,677,2026-08-27T20:20:00+08:00
2c861a82-dc40-49d6-b0f9-be65574b3aaa,M-1748,SESS-20260827-2660-0241,RENTAL_ACCRUAL,4,681,2026-08-27T22:20:00+08:00
80a39067-b260-4034-af42-ab0afa272795,M-1644,SESS-20260827-9434-0242,RENTAL_ACCRUAL,5,201,2026-08-27T23:25:00+08:00
dcf1d9b5-ce57-45ed-8ff5-2a9b1171293b,M-1804,SESS-20260827-6783-0243,RENTAL_ACCRUAL,18,288,2026-08-27T22:45:00+08:00
7a703a83-7b91-48b9-a1ed-ab31c7748988,M-1339,SESS-20260827-9608-0244,RENTAL_ACCRUAL,108,341,2026-08-28T02:30:00+08:00
cd9a134d-5769-4b8f-a501-3b93a988e77a,M-1649,SESS-20260827-6819-0245,RENTAL_ACCRUAL,5,559,2026-08-27T23:30:00+08:00
44f30b80-8d2e-489a-9155-61a8075286df,M-2107,SESS-20260827-4586-0246,RENTAL_ACCRUAL,27,239,2026-08-27T20:35:00+08:00
a0e43058-5ca0-4fae-835f-4bb984ea156c,M-1812,SESS-20260827-1608-0247,RENTAL_ACCRUAL,40,895,2026-08-27T18:30:00+08:00
07b4db52-1951-4ab3-ac3e-7a12e3d3482d,M-1533,SESS-20260827-8908-0248,RENTAL_ACCRUAL,48,244,2026-08-28T02:15:00+08:00
311e48d8-8be9-4742-b02b-0607c27ff4ef,M-1725,SESS-20260827-6848-0249,RENTAL_ACCRUAL,11,101,2026-08-28T01:35:00+08:00
61b98540-da39-4edb-a695-0869e9047e28,M-1725,TIER_UPGRADE_Silver_TO_Gold,TIER_BONUS,100,201,2026-08-28T01:35:00+08:00
de980e32-54e7-4aa9-aab9-820c2bcf51f6,M-1388,SESS-20260827-2342-0250,RENTAL_ACCRUAL,28,505,2026-08-28T02:55:00+08:00
cb54abbe-04b7-43da-bdc0-43f50b21cf1c,M-1586,SESS-20260827-1313-0251,RENTAL_REDEMPTION,-100,14,2026-08-27T18:30:00+08:00
3fe79308-e369-4461-97b1-260cabc27395,M-1586,SESS-20260827-1313-0251,RENTAL_ACCRUAL,10,24,2026-08-27T21:30:00+08:00
2eb90d22-8ab6-4540-878d-38e114d1781b,M-1724,SESS-20260827-5516-0252,RENTAL_REDEMPTION,-200,51,2026-08-27T23:55:00+08:00
76e8b1ca-062f-463b-bb88-fba93898bf3a,M-1724,SESS-20260827-5516-0252,RENTAL_ACCRUAL,5,56,2026-08-28T01:55:00+08:00
569a4668-ae0c-4099-9173-9db7f5c28ca0,M-2072,SESS-20260827-9682-0253,RENTAL_REDEMPTION,-100,269,2026-08-27T23:40:00+08:00
97705bd7-893e-4365-b6c5-b26c45b9692b,M-2072,SESS-20260827-9682-0253,RENTAL_ACCRUAL,2,271,2026-08-28T00:40:00+08:00
ea5c9b58-6a52-4f79-ba01-a6f48e6c70ce,M-1477,SESS-20260827-6352-0254,RENTAL_ACCRUAL,16,305,2026-08-27T15:00:00+08:00
051239f1-fbfe-437e-815f-ed58d3cf7ce0,M-1976,SESS-20260827-6742-0255,RENTAL_ACCRUAL,10,186,2026-08-28T00:30:00+08:00
a68e17ea-b6bf-4f20-b62b-e7fbcb2ee2d8,M-2085,SESS-20260827-6782-0256,RENTAL_REDEMPTION,-300,88,2026-08-27T18:45:00+08:00
492cbf4a-dc28-4eef-8e02-9b4181fbba06,M-2085,SESS-20260827-6782-0256,RENTAL_ACCRUAL,8,96,2026-08-27T20:45:00+08:00
72c3a903-aeb8-4dc7-95ce-ad2f0eebbbf7,M-2070,SESS-20260827-5331-0257,RENTAL_ACCRUAL,18,255,2026-08-27T23:00:00+08:00
07d25338-8864-48dc-9591-de24ab9b77d0,M-1627,SESS-20260827-4342-0258,RENTAL_ACCRUAL,12,717,2026-08-27T23:15:00+08:00
14ff648b-bb16-4351-be52-4a09847804ff,M-1780,SESS-20260827-3198-0259,RENTAL_ACCRUAL,9,375,2026-08-27T19:15:00+08:00
31d2425f-9551-4112-9407-446a914e0b62,M-2073,SESS-20260827-5486-0260,RENTAL_ACCRUAL,10,295,2026-08-27T23:15:00+08:00
098a5ee1-4d21-4e50-ae6a-26204e4fbbb6,M-1251,SESS-20260827-2421-0261,RENTAL_ACCRUAL,16,378,2026-08-28T00:35:00+08:00
5b21234c-f9a3-4ab7-aa9a-f157d69f229b,M-2143,SESS-20260827-6883-0262,RENTAL_ACCRUAL,40,104,2026-08-27T18:30:00+08:00
bf630369-5ca3-4d8a-9704-e2eedbebbd9a,M-1529,SESS-20260827-7339-0263,RENTAL_ACCRUAL,11,137,2026-08-27T23:40:00+08:00
d8e6edd6-8aa9-4cbd-b944-1a0d7be64c34,M-1811,SESS-20260827-4716-0264,RENTAL_ACCRUAL,28,241,2026-08-28T01:05:00+08:00
68a4e7b5-2758-495c-8b8d-77f4680a12dc,M-1220,SESS-20260827-5616-0265,RENTAL_ACCRUAL,12,1957,2026-08-27T17:30:00+08:00
6888ab28-5acd-467d-adf2-5bc55540275a,M-1306,SESS-20260827-9647-0266,RENTAL_ACCRUAL,19,194,2026-08-27T22:45:00+08:00
1c14b9e4-d350-442e-835d-dbc6df1101d5,M-2167,SESS-20260827-5173-0267,RENTAL_ACCRUAL,18,246,2026-08-28T01:20:00+08:00
ac66e196-cf04-46ab-aba2-a71557adf34d,M-1502,SESS-20260827-2196-0268,RENTAL_ACCRUAL,18,57,2026-08-28T00:30:00+08:00
1bbace9c-13d9-4360-a2fd-bae80822ff72,M-1208,SESS-20260827-5869-0269,RENTAL_ACCRUAL,18,3317,2026-08-28T02:30:00+08:00
f153094d-aaeb-44c1-a0d8-75b7c86e8578,M-1212,SESS-20260827-3170-0270,RENTAL_ACCRUAL,28,479,2026-08-28T03:35:00+08:00
b548f050-edc2-4bf1-b3d9-7ba8a2938144,M-2149,SESS-20260827-2717-0271,RENTAL_ACCRUAL,15,105,2026-08-28T00:45:00+08:00
b8326854-5441-4fe1-87ce-1e1909e9e04a,M-1027,SESS-20260827-7888-0272,RENTAL_ACCRUAL,5,419,2026-08-28T00:45:00+08:00
ef80602a-6fab-4c37-b6ef-a36156dcf5be,M-1230,SESS-20260827-3552-0273,RENTAL_REDEMPTION,-100,163,2026-08-27T22:00:00+08:00
36d5576e-3fdb-4429-9405-d22a2f6287ba,M-1230,SESS-20260827-3552-0273,RENTAL_ACCRUAL,5,168,2026-08-28T00:00:00+08:00
5e5c21f1-6ad7-4c8f-a38a-6c683c82bae5,M-1779,SESS-20260827-8974-0274,RENTAL_REDEMPTION,-100,231,2026-08-27T20:20:00+08:00
1669b2ee-c92a-4d23-83a0-caef65570459,M-1779,SESS-20260827-8974-0274,RENTAL_ACCRUAL,4,235,2026-08-27T22:20:00+08:00
3be59cd6-3544-4848-9d80-d24a3b81e702,M-1071,SESS-20260827-8572-0275,RENTAL_ACCRUAL,28,604,2026-08-28T01:45:00+08:00
a07df320-c95f-4e0e-8808-f2cd3472e0ef,M-2042,SESS-20260827-3665-0276,RENTAL_ACCRUAL,16,250,2026-08-27T20:20:00+08:00
b03b82a3-00c5-423e-8782-5ba7fcac223d,M-1283,SESS-20260827-7579-0277,RENTAL_REDEMPTION,-100,117,2026-08-27T21:05:00+08:00
e0b25920-3b3f-4324-87e9-25df53b1d985,M-1283,SESS-20260827-7579-0277,RENTAL_ACCRUAL,20,137,2026-08-28T00:05:00+08:00
73fc636e-378d-49d6-8731-cc5fea03303d,M-1774,SESS-20260827-3577-0278,RENTAL_ACCRUAL,11,314,2026-08-27T19:20:00+08:00
17104a1a-337d-440e-9910-4d460dac7103,M-1559,SESS-20260827-5568-0279,RENTAL_ACCRUAL,28,415,2026-08-28T03:15:00+08:00
d3406cf9-f814-459b-85e8-28626950903e,M-1199,SESS-20260827-9403-0280,RENTAL_ACCRUAL,28,198,2026-08-28T02:15:00+08:00
f4dfd85a-0f36-49ca-800d-1733f1a8ceb8,M-1114,SESS-20260827-7109-0281,RENTAL_ACCRUAL,5,220,2026-08-27T23:35:00+08:00
32f1d697-03e8-4c83-a530-348e86fb31fd,M-1103,SESS-20260827-7504-0282,RENTAL_ACCRUAL,67,166,2026-08-27T18:45:00+08:00
39e75e10-205d-432c-b77e-b25e962defa6,M-1782,SESS-20260827-8184-0283,RENTAL_ACCRUAL,6,533,2026-08-27T21:45:00+08:00
847e4926-6867-4c7e-8bbf-17e6829d2ce9,M-1254,SESS-20260827-5299-0284,RENTAL_ACCRUAL,27,578,2026-08-27T19:45:00+08:00
8e9aa053-05a7-4adf-82d1-b9c9ea933ed3,M-1447,SESS-20260827-1009-0285,RENTAL_ACCRUAL,28,172,2026-08-28T02:30:00+08:00
99d26c0f-3b3b-4f14-b38d-dfb4b2fcb943,M-1775,SESS-20260827-5752-0286,RENTAL_ACCRUAL,30,1383,2026-08-27T20:15:00+08:00
97a7e34c-5c7b-47b0-a75d-00976cdca12f,M-1211,SESS-20260827-5126-0287,RENTAL_ACCRUAL,16,93,2026-08-28T02:30:00+08:00
2052abc0-0e24-4001-a00f-e3c491cec31b,M-1665,SESS-20260827-2330-0288,RENTAL_ACCRUAL,19,232,2026-08-27T21:45:00+08:00
7078d7d7-e27c-4dbd-98a1-9f8aeb9cee9f,M-1471,SESS-20260827-5768-0289,RENTAL_ACCRUAL,16,99,2026-08-28T01:45:00+08:00
187f2702-3819-48f1-bd65-2712d3760f30,M-1618,SESS-20260827-4141-0290,RENTAL_ACCRUAL,45,55,2026-08-28T02:55:00+08:00
314f173e-9620-432a-b9c1-8c2cb9d6e2cf,M-2026,SESS-20260827-8379-0291,RENTAL_ACCRUAL,5,52,2026-08-28T00:55:00+08:00
59e8f3d4-f921-46c3-a0a8-631bee7ca36c,M-2152,SESS-20260827-7315-0292,RENTAL_ACCRUAL,28,193,2026-08-27T15:00:00+08:00
f6abb2ae-3a7f-4045-aea1-c109a3dd2cab,M-1664,SESS-20260827-7812-0293,RENTAL_ACCRUAL,48,2561,2026-08-28T01:30:00+08:00
2a018d92-a042-4295-9c58-f5baa6d9de2e,M-1298,SESS-20260827-6666-0294,RENTAL_ACCRUAL,40,738,2026-08-27T16:30:00+08:00
db632842-ec39-4517-a44d-9ddfe3d03520,M-2159,SESS-20260827-7006-0295,RENTAL_ACCRUAL,16,266,2026-08-28T02:55:00+08:00
a56f3abe-1a88-4158-b71b-e218309b5e40,M-1183,SESS-20260827-9600-0296,RENTAL_ACCRUAL,67,597,2026-08-28T01:00:00+08:00
4668a648-5c5e-4a00-985e-929ec1fae65c,M-1280,SESS-20260827-5939-0297,RENTAL_ACCRUAL,12,406,2026-08-27T20:25:00+08:00
570ea545-70bc-4e8a-a090-a1deb282c038,M-2141,SESS-20260827-8988-0298,RENTAL_REDEMPTION,-200,49,2026-08-27T20:00:00+08:00
368cfac5-b232-4062-b844-a3ca5e5d62b8,M-2141,SESS-20260827-8988-0298,RENTAL_ACCRUAL,14,63,2026-08-27T23:00:00+08:00
fca5b4d7-37a5-4b31-bb7e-4ce32d1b7718,M-1736,SESS-20260827-9603-0299,RENTAL_ACCRUAL,11,121,2026-08-27T09:00:00+08:00
45250ea8-898b-4cb7-994c-26efa8b19983,M-1415,SESS-20260827-4013-0300,RENTAL_ACCRUAL,18,389,2026-08-27T23:45:00+08:00
64ebc685-2d9c-4c99-b394-c5a98387accb,M-1106,SESS-20260827-2734-0301,RENTAL_ACCRUAL,11,266,2026-08-27T22:40:00+08:00
fa8464c8-a81f-4ec0-be43-c959c8af9422,M-1214,SESS-20260827-8258-0302,RENTAL_ACCRUAL,16,175,2026-08-27T23:15:00+08:00
29c0ec48-3b53-40c4-8323-50e083e5429c,M-1087,SESS-20260827-3358-0303,RENTAL_ACCRUAL,30,1412,2026-08-27T20:15:00+08:00
792c655f-9da3-4ddc-9497-dda5d4b51a76,M-1322,SESS-20260827-5136-0304,RENTAL_ACCRUAL,28,366,2026-08-28T01:55:00+08:00
0b7cda8c-3379-4fa6-9999-6023c3be556d,M-2059,SESS-20260827-5518-0305,RENTAL_ACCRUAL,40,81,2026-08-28T04:00:00+08:00
8d9e94c9-9a2c-4bb2-bca6-5df45f0715a9,M-1464,SESS-20260827-9346-0306,RENTAL_REDEMPTION,-100,92,2026-08-27T19:45:00+08:00
dcd3213c-3fcc-4e71-a156-e9ac5bba9d15,M-1464,SESS-20260827-9346-0306,RENTAL_ACCRUAL,21,113,2026-08-28T00:45:00+08:00
0bf098c2-21d1-4da8-8be8-bf7ae48e239e,M-1935,SESS-20260827-7370-0307,RENTAL_ACCRUAL,27,466,2026-08-27T16:45:00+08:00
c87297a5-f51a-4a61-882c-be9631e23430,M-1431,SESS-20260827-4624-0308,RENTAL_ACCRUAL,27,580,2026-08-27T22:55:00+08:00
bd3b15e5-4d28-4c05-a177-7c529dc0ce40,M-1194,SESS-20260827-7599-0309,RENTAL_ACCRUAL,28,260,2026-08-28T03:55:00+08:00
118a799f-ebea-4fc4-a582-0f0211acfa19,M-1154,SESS-20260827-8011-0310,RENTAL_ACCRUAL,9,81,2026-08-27T20:20:00+08:00
3bbb3b72-7214-4198-8f9e-67f2ae3a3dd5,M-1509,SESS-20260827-9181-0311,RENTAL_ACCRUAL,43,399,2026-08-27T20:15:00+08:00
4105ff07-4558-4884-8aba-74f70144fc37,M-1353,SESS-20260827-6979-0312,RENTAL_REDEMPTION,-100,156,2026-08-27T21:30:00+08:00
f5b5df3a-8105-4b00-b873-ebd452621e9e,M-1353,SESS-20260827-6979-0312,RENTAL_ACCRUAL,11,167,2026-08-27T23:30:00+08:00
67488fa5-f5e8-42c8-a9dd-0e9671c5c052,M-1167,SESS-20260827-2084-0313,RENTAL_ACCRUAL,30,445,2026-08-28T02:30:00+08:00
d3b8d54a-460c-43a5-9d87-415bfbbd3742,M-1905,SESS-20260827-2299-0314,RENTAL_ACCRUAL,11,535,2026-08-27T23:25:00+08:00
b4343f5f-6daa-4547-82b1-52cba62d950f,M-1456,SESS-20260827-1914-0315,RENTAL_ACCRUAL,72,568,2026-08-28T07:00:00+08:00
53310ef3-1359-4b11-9030-23b145509899,M-1736,SESS-20260827-4425-0316,RENTAL_ACCRUAL,28,149,2026-08-28T00:40:00+08:00
19bb0bdf-05cb-4bb3-b52e-955a17d2de05,M-1178,SESS-20260827-2654-0317,RENTAL_ACCRUAL,18,417,2026-08-27T21:30:00+08:00
a9dcce27-917f-4823-8949-aa602c422381,M-1313,SESS-20260827-6744-0318,RENTAL_ACCRUAL,40,426,2026-08-27T21:15:00+08:00
460eeb80-1e51-4f0b-95ba-d51651a3e2e9,M-1084,SESS-20260827-4887-0319,RENTAL_REDEMPTION,-100,274,2026-08-27T20:35:00+08:00
9984e6f4-042c-4b61-9b06-ebbab91c223b,M-1084,SESS-20260827-4887-0319,RENTAL_ACCRUAL,5,279,2026-08-27T22:35:00+08:00
2322049b-a943-47a8-813c-8220c49f2706,M-1142,SESS-20260827-9252-0320,RENTAL_ACCRUAL,11,411,2026-08-28T01:45:00+08:00
c3b8a653-2a19-4216-8784-681e9f5004f9,M-1718,SESS-20260827-9085-0321,RENTAL_REDEMPTION,-100,1154,2026-08-27T23:35:00+08:00
9e5c7b97-430e-4a17-9706-c7c63085d671,M-1718,SESS-20260827-9085-0321,RENTAL_ACCRUAL,4,1158,2026-08-28T01:35:00+08:00
c93a7b3d-00dc-4ef0-bef6-ffb9609e5e3f,M-1111,SESS-20260827-2096-0322,RENTAL_ACCRUAL,30,470,2026-08-27T22:30:00+08:00
beec2cc1-7ba3-40a4-a6af-0426cd7cf2d6,M-1675,SESS-20260827-5649-0323,RENTAL_ACCRUAL,6,2283,2026-08-27T22:00:00+08:00
3ee2cc3d-5ce0-4908-81ac-55b637f42114,M-2114,SESS-20260827-5198-0324,RENTAL_ACCRUAL,11,362,2026-08-28T01:00:00+08:00
5b9ccb1f-b07a-4679-b232-592b1f8d3af3,M-1813,SESS-20260827-8456-0325,RENTAL_ACCRUAL,18,95,2026-08-28T02:30:00+08:00
14a6df40-83fc-4712-9bc4-7034a7de80e1,M-1364,SESS-20260827-4766-0326,RENTAL_ACCRUAL,19,713,2026-08-27T19:15:00+08:00
e775d702-4898-4741-9ca5-3297280e8179,M-1113,SESS-20260827-8688-0327,RENTAL_ACCRUAL,76,1134,2026-08-28T07:05:00+08:00
aa29ab0c-1952-463d-adba-de78df934212,M-1006,SESS-20260827-9964-0328,RENTAL_ACCRUAL,11,123,2026-08-27T22:40:00+08:00
59dd0c98-73e3-49e2-965c-96c6aac9233d,M-1912,SESS-20260827-9438-0329,RENTAL_ACCRUAL,9,329,2026-08-27T21:05:00+08:00
2c0aca59-bd00-4a26-ae83-708d3839defa,M-1266,SESS-20260827-6505-0330,RENTAL_REDEMPTION,-200,76,2026-08-27T17:30:00+08:00
b33f5ac8-b406-47a1-81e0-4aedaf7a755e,M-1266,SESS-20260827-6505-0330,RENTAL_ACCRUAL,28,104,2026-08-27T20:30:00+08:00
614a430e-7a98-4f18-8648-92b8630812fe,M-1583,SESS-20260827-7776-0331,RENTAL_REDEMPTION,-100,251,2026-08-27T21:00:00+08:00
25f5cedc-8974-48b9-9c12-210035ad081e,M-1583,SESS-20260827-7776-0331,RENTAL_ACCRUAL,11,262,2026-08-27T23:00:00+08:00
0e3fdc52-ea79-4744-88de-52192b45c943,M-1410,SESS-20260827-2010-0332,RENTAL_REDEMPTION,-100,504,2026-08-27T21:50:00+08:00
e1db205d-c4f8-47e8-8f6d-8ea6a845bb49,M-1410,SESS-20260827-2010-0332,RENTAL_ACCRUAL,4,508,2026-08-27T23:50:00+08:00
6fb0a367-882d-49c5-9ccb-1a75adf8285e,M-1556,SESS-20260827-4827-0333,RENTAL_ACCRUAL,11,627,2026-08-28T00:15:00+08:00
20ccbe5a-cffc-4edb-adb5-7d70a1c07bfe,M-1695,SESS-20260827-4959-0334,RENTAL_ACCRUAL,11,103,2026-08-27T10:30:00+08:00
abb544f2-4ac2-4bc9-b6bf-e26d1eeb9b0b,M-1040,SESS-20260827-6198-0335,RENTAL_REDEMPTION,-100,715,2026-08-27T13:30:00+08:00
879bff99-2e2b-4ace-a89c-82eccbb3ee91,M-1040,SESS-20260827-6198-0335,RENTAL_ACCRUAL,22,737,2026-08-27T18:30:00+08:00
6c09fd43-2ce8-42be-ade6-dbe8334ab93a,M-1215,SESS-20260827-5267-0336,RENTAL_ACCRUAL,27,249,2026-08-27T22:15:00+08:00
6e4d10df-65ee-4762-a092-d148c42e4b84,M-1272,SESS-20260827-4141-0337,RENTAL_REDEMPTION,-200,1232,2026-08-27T22:15:00+08:00
a5b57c2f-db9b-426a-a07d-91ab5328dbd3,M-1272,SESS-20260827-4141-0337,RENTAL_ACCRUAL,4,1236,2026-08-28T00:15:00+08:00
d8fa21b1-c3fa-4db6-9e94-dd036266c250,M-1591,SESS-20260827-5396-0338,RENTAL_ACCRUAL,12,1809,2026-08-28T01:55:00+08:00
bcc796fd-2f37-4f2f-9a3c-64dc5a169143,M-1593,SESS-20260827-4511-0339,RENTAL_ACCRUAL,9,33,2026-08-27T19:45:00+08:00
79a9ba4b-9e22-4bf9-a882-e81d778374fc,M-1829,SESS-20260827-7715-0340,RENTAL_ACCRUAL,18,85,2026-08-28T01:00:00+08:00
0729b1aa-6aa5-4676-8c86-d7e451fbc788,M-2150,SESS-20260827-2227-0341,RENTAL_ACCRUAL,24,187,2026-08-27T22:55:00+08:00
c4da1831-7972-40a0-a20b-7d11b3f0c160,M-1301,SESS-20260827-9151-0342,RENTAL_ACCRUAL,16,144,2026-08-27T19:15:00+08:00
17b000fa-3176-4dfc-8610-62452e82b736,M-1357,SESS-20260827-3810-0343,RENTAL_ACCRUAL,5,333,2026-08-27T22:15:00+08:00
13d18546-dfe4-4825-88c9-15bf79d7682e,M-1509,SESS-20260827-4953-0344,RENTAL_ACCRUAL,28,427,2026-08-28T01:35:00+08:00
8bd220aa-3ca7-47b8-a172-c876223c93cd,M-2063,SESS-20260827-8901-0345,RENTAL_ACCRUAL,5,263,2026-08-28T00:45:00+08:00
b47da835-1eca-441a-a5d9-94d2581f8f33,M-1127,SESS-20260827-8498-0346,RENTAL_ACCRUAL,13,168,2026-08-27T19:40:00+08:00
caed7290-e2f0-4741-a225-2085ca9f8d23,M-1267,SESS-20260827-1248-0347,RENTAL_REDEMPTION,-300,187,2026-08-27T19:20:00+08:00
5a78893d-efb0-4578-bc4f-4a69f86716c3,M-1267,SESS-20260827-1248-0347,RENTAL_ACCRUAL,25,212,2026-08-28T00:20:00+08:00
aaeee3e7-f664-4e0c-92d9-f2697cbed62f,M-1310,SESS-20260827-7829-0348,RENTAL_ACCRUAL,16,396,2026-08-27T18:00:00+08:00
d94337bd-8ff2-4420-af5e-b6e88e611dd1,M-1286,SESS-20260827-4655-0349,RENTAL_ACCRUAL,9,221,2026-08-27T22:30:00+08:00
f3a9e609-0926-4320-9e51-94ad32d63af2,M-1195,SESS-20260827-1848-0350,RENTAL_REDEMPTION,-100,326,2026-08-27T18:20:00+08:00
ea92fc2e-4328-4fdf-91ff-3900cfda5422,M-1195,SESS-20260827-1848-0350,RENTAL_ACCRUAL,5,331,2026-08-27T20:20:00+08:00
52c3ffa9-c8ca-4932-8b89-860f0c34fe36,M-1105,SESS-20260827-4838-0351,RENTAL_ACCRUAL,19,393,2026-08-27T18:40:00+08:00
8cf0c850-ebc3-4d97-a8f3-6df5001a387b,M-1345,SESS-20260827-8254-0352,RENTAL_ACCRUAL,6,861,2026-08-27T19:10:00+08:00
4ad5b17e-f71f-4b68-a0a3-06f2994bc44b,M-1080,SESS-20260827-8477-0353,RENTAL_ACCRUAL,19,455,2026-08-28T01:45:00+08:00
ead0920d-da93-46f0-a4bd-beb043bac1ea,M-1288,SESS-20260827-4763-0354,RENTAL_ACCRUAL,12,229,2026-08-27T22:25:00+08:00
332dfe63-8524-42d0-8071-9cbcf5d467f7,M-1238,SESS-20260827-7188-0355,RENTAL_REDEMPTION,-100,260,2026-08-27T23:15:00+08:00
34e58d23-e09f-48d6-904b-ec7d171f4690,M-1238,SESS-20260827-7188-0355,RENTAL_ACCRUAL,4,264,2026-08-28T01:15:00+08:00
10c0f676-6b83-4dcd-867d-f3043ac4d86b,M-2166,SESS-20260827-7116-0356,RENTAL_ACCRUAL,9,88,2026-08-27T23:30:00+08:00
74b85aa2-4b24-4401-83ac-4bff3bb34ed6,M-1642,SESS-20260827-9156-0357,RENTAL_ACCRUAL,48,386,2026-08-28T03:30:00+08:00
df53d8e5-81fe-448c-8353-3dbd4bd717a1,M-2061,SESS-20260827-7768-0358,RENTAL_ACCRUAL,16,214,2026-08-28T01:10:00+08:00
8d9c039a-3636-45f6-b7d2-e3a869f447af,M-1063,SESS-20260827-9432-0359,RENTAL_ACCRUAL,19,658,2026-08-27T23:20:00+08:00
5aefff58-6e8b-47dc-912b-8b4f6b548123,M-1507,SESS-20260827-4933-0360,RENTAL_REDEMPTION,-100,325,2026-08-27T22:45:00+08:00
2d0af884-ca47-4e13-a2d8-77d1e49aee16,M-1507,SESS-20260827-4933-0360,RENTAL_ACCRUAL,5,330,2026-08-28T00:45:00+08:00
75d725e2-309f-4d66-b5ea-27a436226626,M-1852,SESS-20260827-3558-0361,RENTAL_ACCRUAL,16,70,2026-08-28T01:30:00+08:00
6a8a8007-8508-4be3-b051-66da264d90f7,M-1632,SESS-20260827-9580-0362,RENTAL_REDEMPTION,-100,102,2026-08-27T18:15:00+08:00
b0b3c0c5-3be5-4242-8e4a-49f35b42e983,M-1632,SESS-20260827-9580-0362,RENTAL_ACCRUAL,10,112,2026-08-27T21:15:00+08:00
ffddd319-6fb9-4209-b066-d3a868dd8869,M-1744,SESS-20260827-9779-0363,RENTAL_ACCRUAL,18,961,2026-08-27T21:50:00+08:00
2d968be6-6134-45cd-b7df-3c0b7bfb5076,M-1476,SESS-20260827-5682-0364,RENTAL_ACCRUAL,30,252,2026-08-28T02:25:00+08:00
76186392-8e64-48c8-9a93-9bd47966f98b,M-1605,SESS-20260827-7350-0365,RENTAL_ACCRUAL,11,331,2026-08-28T00:50:00+08:00
87da0d70-e60c-49c8-880b-c8fecd113da6,M-1581,SESS-20260827-5620-0366,RENTAL_ACCRUAL,12,130,2026-08-27T15:10:00+08:00
9a142b1d-f5cd-4b9e-8a59-9590d48edaf6,M-1228,SESS-20260827-1865-0367,RENTAL_ACCRUAL,27,343,2026-08-28T00:35:00+08:00
c7c2392b-49a8-4288-b9ee-39f160aa737b,M-2138,SESS-20260827-9200-0368,RENTAL_ACCRUAL,24,114,2026-08-27T22:45:00+08:00
f695425a-b432-4663-b1fc-ba6c1af6a8e6,M-1115,SESS-20260827-3123-0369,RENTAL_ACCRUAL,40,286,2026-08-28T02:10:00+08:00
b11c7ff9-d5fd-4229-b38a-0e12b3768049,M-2077,SESS-20260827-7446-0370,RENTAL_ACCRUAL,16,269,2026-08-28T02:25:00+08:00
9e461ffd-f669-4537-ac91-64e749c88b0b,M-1985,SESS-20260827-4597-0371,RENTAL_ACCRUAL,8,131,2026-08-28T00:00:00+08:00
83dbef79-1b14-45cf-a3f9-96ea91d3de12,M-1479,SESS-20260827-4841-0372,RENTAL_REDEMPTION,-100,2248,2026-08-27T18:00:00+08:00
e9c07957-b9f6-453b-9d3a-10b70eba7c38,M-1479,SESS-20260827-4841-0372,RENTAL_ACCRUAL,35,2283,2026-08-27T21:00:00+08:00
c7cf9c1d-0863-4b5c-a90f-1e2671cffc7a,M-1052,SESS-20260827-8261-0373,RENTAL_ACCRUAL,40,573,2026-08-28T00:20:00+08:00
e9c2a810-8012-4b68-9efb-d4a6aa56af54,M-2151,SESS-20260827-7325-0374,RENTAL_ACCRUAL,40,142,2026-08-28T02:00:00+08:00
344212f6-0fbc-44c8-a560-2e3a58836535,M-1796,SESS-20260827-6848-0375,RENTAL_REDEMPTION,-100,324,2026-08-27T22:50:00+08:00
68782975-e73f-4bb9-9368-eb22d88f54a9,M-1796,SESS-20260827-6848-0375,RENTAL_ACCRUAL,10,334,2026-08-28T01:50:00+08:00
6537a55a-b393-46f2-b70d-4d06d3dfad20,M-1870,SESS-20260827-5279-0376,RENTAL_ACCRUAL,13,306,2026-08-27T21:30:00+08:00
9034e07f-a6d3-4f00-9070-0c82ab503c06,M-1103,SESS-20260827-2567-0377,RENTAL_ACCRUAL,16,182,2026-08-28T02:30:00+08:00
44bb634c-8488-4fbc-87ba-8ed92080b4e1,M-1397,SESS-20260827-5596-0378,RENTAL_ACCRUAL,9,582,2026-08-28T00:35:00+08:00
5a04cb18-fff0-49f0-ab3d-68db6959641f,M-1831,SESS-20260827-5395-0379,RENTAL_ACCRUAL,18,108,2026-08-27T10:55:00+08:00
b0ad6743-68df-4841-b00c-24b04234f5b6,M-1369,SESS-20260827-9948-0380,RENTAL_ACCRUAL,16,594,2026-08-27T22:25:00+08:00
5b5dc514-1408-4fae-877c-4e6fcdcd32f9,M-1590,SESS-20260827-5175-0381,RENTAL_REDEMPTION,-100,268,2026-08-27T18:45:00+08:00
b266fe5e-96eb-4e1b-827c-0034e449ee46,M-1590,SESS-20260827-5175-0381,RENTAL_ACCRUAL,5,273,2026-08-27T20:45:00+08:00
6c7cdcb8-bb2e-4c67-8d96-12c497742a89,M-1334,SESS-20260827-5980-0382,RENTAL_ACCRUAL,27,80,2026-08-27T20:00:00+08:00
1ba6f6fc-574b-4416-a6e8-1a64a80528e2,M-1064,SESS-20260827-7636-0383,RENTAL_ACCRUAL,16,450,2026-08-28T00:00:00+08:00
ebe18420-e02e-405a-8915-f117efa26d5a,M-1661,SESS-20260827-4913-0384,RENTAL_ACCRUAL,6,2851,2026-08-27T20:25:00+08:00
dfc2ac2f-cda2-4e4d-b12e-a39316635630,M-1865,SESS-20260827-2531-0385,RENTAL_ACCRUAL,28,394,2026-08-28T03:35:00+08:00
f2c8d1cc-214a-44b8-8c22-747668a8cb39,M-2146,SESS-20260827-2067-0386,RENTAL_ACCRUAL,5,264,2026-08-27T03:55:00+08:00
c00b0099-ab30-41f5-be43-db453547b786,M-1279,SESS-20260827-3743-0387,RENTAL_REDEMPTION,-100,2,2026-08-27T18:45:00+08:00
b8a34504-75d6-4a53-b4c0-03d1a619ef1c,M-1279,SESS-20260827-3743-0387,RENTAL_ACCRUAL,38,40,2026-08-27T23:45:00+08:00
058ce2ef-7ff6-44cd-83c2-1c92dd160452,M-1338,SESS-20260827-9264-0388,RENTAL_ACCRUAL,45,113,2026-08-28T07:45:00+08:00
f5dc9baf-4d9f-4973-8298-fc02ceee94f8,M-1603,SESS-20260827-3550-0389,RENTAL_ACCRUAL,12,356,2026-08-27T22:35:00+08:00
ab628d64-4e27-42ee-9a53-c4769883c77d,M-1959,SESS-20260827-2572-0390,RENTAL_REDEMPTION,-300,450,2026-08-27T23:50:00+08:00
080dfa6d-9fba-4fa8-8102-1dd9fe421232,M-1959,SESS-20260827-2572-0390,RENTAL_ACCRUAL,8,458,2026-08-28T02:50:00+08:00
8652c92c-cc19-4e3f-95d2-54a8d7405aca,M-1101,SESS-20260827-3462-0391,RENTAL_ACCRUAL,6,815,2026-08-27T23:10:00+08:00
d4d8a019-f5ef-4680-9b4a-06c2cfcdc4af,M-1550,SESS-20260827-7434-0392,RENTAL_ACCRUAL,28,254,2026-08-28T00:15:00+08:00
605b7000-ba17-4396-b26e-d7ae191d38e3,M-1602,SESS-20260827-2684-0393,RENTAL_ACCRUAL,28,729,2026-08-28T01:30:00+08:00
b28cbe23-eccb-49a4-891b-7c7403bc8447,M-1936,SESS-20260827-7672-0394,RENTAL_ACCRUAL,9,421,2026-08-28T00:30:00+08:00
6b2d0bc3-ef7f-4c19-b03a-145d46775aa8,M-1971,SESS-20260827-6078-0395,RENTAL_ACCRUAL,5,254,2026-08-27T20:45:00+08:00
b1a13844-870a-4d84-8796-a8b133796d5e,M-1720,SESS-20260827-2418-0396,RENTAL_ACCRUAL,72,526,2026-08-28T03:30:00+08:00
af78dfad-8165-45d0-a7ba-70f7d5bfc50a,M-1478,SESS-20260827-6212-0397,RENTAL_ACCRUAL,28,161,2026-08-28T04:25:00+08:00
9c686b3a-ee48-4074-916d-f36b33cf2261,M-1062,SESS-20260827-3192-0398,RENTAL_ACCRUAL,11,539,2026-08-28T01:40:00+08:00
18ff5fcc-97d0-4b1f-8910-1c1717f289bc,M-1675,SESS-20260827-6485-0399,RENTAL_ACCRUAL,12,2295,2026-08-28T01:55:00+08:00
36a54779-f242-43d0-b1b0-5bc11103e32c,M-1834,SESS-20260827-3311-0400,RENTAL_ACCRUAL,18,213,2026-08-28T01:05:00+08:00
43b0ca12-34df-421b-a6ea-195f8608f3b1,M-1112,SESS-20260827-9985-0401,RENTAL_ACCRUAL,28,1579,2026-08-28T02:45:00+08:00
32fbaa37-c9fb-4f19-866a-9a70d737ca89,M-1715,SESS-20260827-8182-0402,RENTAL_ACCRUAL,11,357,2026-08-27T14:15:00+08:00
366f6afc-6d77-4109-8bbf-a8b9a65ee508,M-1131,SESS-20260827-1497-0403,RENTAL_ACCRUAL,18,368,2026-08-27T22:00:00+08:00
a33fd72a-cc2d-42e3-8e60-dbae8401f8a1,M-1709,SESS-20260827-8018-0404,RENTAL_ACCRUAL,16,225,2026-08-28T01:30:00+08:00
0af44d8d-318d-4528-9c71-84ff7126620e,M-1930,SESS-20260827-3321-0405,RENTAL_ACCRUAL,11,87,2026-08-28T00:30:00+08:00
bd80209c-9b74-48b0-8917-b05fef6f4e24,M-1127,SESS-20260827-9489-0406,RENTAL_ACCRUAL,16,184,2026-08-27T23:35:00+08:00
113e0ca0-98f6-4bee-8bf9-2a75dfac5971,M-1902,SESS-20260827-5636-0407,RENTAL_ACCRUAL,24,143,2026-08-27T20:15:00+08:00
704cf6a9-99a7-43de-82ae-549e97c9af45,M-1540,SESS-20260827-1483-0408,RENTAL_ACCRUAL,40,236,2026-08-28T00:45:00+08:00
741a29be-073c-4a2d-85da-08b267f9cf00,M-1540,TIER_UPGRADE_Silver_TO_Gold,TIER_BONUS,100,336,2026-08-28T00:45:00+08:00
24ac024d-ee15-4f1e-a2e5-6558823bb2fc,M-1060,SESS-20260827-4920-0409,RENTAL_ACCRUAL,16,99,2026-08-28T01:45:00+08:00
862051af-0878-4d8a-adbb-0ce8ef9b29e2,M-2197,SESS-20260827-5509-0410,RENTAL_ACCRUAL,18,628,2026-08-28T01:15:00+08:00
1af14cc4-4a4b-48a6-9e6d-c7429e20c786,M-1012,SESS-20260827-9781-0411,RENTAL_REDEMPTION,-200,281,2026-08-27T20:25:00+08:00
106b1a61-9314-4147-89d6-7ac95b7c2bae,M-1012,SESS-20260827-9781-0411,RENTAL_ACCRUAL,1,282,2026-08-27T21:25:00+08:00
e4f647df-b846-492c-bad0-281a5b37643f,M-2079,SESS-20260827-9311-0412,RENTAL_ACCRUAL,5,105,2026-08-27T16:20:00+08:00
44db2a4a-9c13-4891-b089-58aaf1b4d81b,M-2146,SESS-20260827-1202-0413,RENTAL_REDEMPTION,-100,164,2026-08-27T20:45:00+08:00
bc765ad6-79ad-4f8c-830d-96d5c63a095a,M-2146,SESS-20260827-1202-0413,RENTAL_ACCRUAL,61,225,2026-08-28T01:45:00+08:00
a92d60cf-52bb-4c93-b827-fb0244ec85b0,M-1995,SESS-20260827-2111-0414,RENTAL_ACCRUAL,11,260,2026-08-27T22:50:00+08:00
26bb08bc-eed7-40c8-b995-31db65a13059,M-1477,SESS-20260827-6472-0415,RENTAL_REDEMPTION,-200,105,2026-08-27T22:15:00+08:00
abf6a156-1fbc-4b1f-a0db-aed918a710ae,M-1477,SESS-20260827-6472-0415,RENTAL_ACCRUAL,4,109,2026-08-28T01:15:00+08:00
2b568f35-22d2-4ba2-819e-60a8bd8f8677,M-1954,SESS-20260827-2205-0416,RENTAL_ACCRUAL,45,276,2026-08-28T06:45:00+08:00
e236c20c-0a41-4efa-b71e-9237aa4497e0,M-1313,SESS-20260827-1606-0417,RENTAL_ACCRUAL,16,442,2026-08-28T02:45:00+08:00
de5b37a2-97f6-436c-b13c-7f373e9a1333,M-1513,SESS-20260827-1981-0418,RENTAL_ACCRUAL,27,124,2026-08-27T20:45:00+08:00
180d9843-22f5-454c-8e80-0b6707e3d670,M-2046,SESS-20260827-5552-0419,RENTAL_ACCRUAL,5,113,2026-08-27T18:45:00+08:00
9aa8c75a-fc02-497b-a8fa-81c0db260b58,M-1713,SESS-20260827-3729-0420,RENTAL_REDEMPTION,-100,185,2026-08-27T23:40:00+08:00
23f4bc16-d8aa-4c67-ac91-ec08feb0d02f,M-1713,SESS-20260827-3729-0420,RENTAL_ACCRUAL,22,207,2026-08-28T04:40:00+08:00
29989301-d9d9-42ed-ba3f-9003680be736,M-1510,SESS-20260827-3850-0421,RENTAL_ACCRUAL,9,502,2026-08-27T23:50:00+08:00
39b4ace3-aad2-4868-b785-65eb7cc5e528,M-1083,SESS-20260827-9488-0422,RENTAL_ACCRUAL,28,272,2026-08-28T02:00:00+08:00
f536aa85-eeb8-4139-9662-0d4f38cea194,M-2193,SESS-20260827-3781-0423,RENTAL_REDEMPTION,-200,134,2026-08-27T20:45:00+08:00
c4a57e94-f7c7-4e88-9919-b8b8bacfd7a1,M-2193,SESS-20260827-3781-0423,RENTAL_ACCRUAL,14,148,2026-08-27T23:45:00+08:00
1e785b5e-0f11-4a9d-abff-803d2343e721,M-1957,SESS-20260827-2870-0424,RENTAL_ACCRUAL,28,221,2026-08-28T03:50:00+08:00
edf1e15e-b3db-45f6-8a0e-824ff89a36b1,M-1496,SESS-20260827-5153-0425,RENTAL_ACCRUAL,18,610,2026-08-28T00:15:00+08:00
a673b55b-1903-4e69-96ed-9acd6ff97fe5,M-1054,SESS-20260827-5583-0426,RENTAL_REDEMPTION,-100,112,2026-08-27T19:15:00+08:00
5df753de-d0dd-4e1a-82be-577b89a20c75,M-1054,SESS-20260827-5583-0426,RENTAL_ACCRUAL,21,133,2026-08-27T22:15:00+08:00
a6b09618-0495-438e-982d-ea9d72014ed9,M-1258,SESS-20260827-3998-0427,RENTAL_ACCRUAL,18,804,2026-08-28T02:45:00+08:00
cb72eed9-0b75-43ba-b5b7-e23fc9113394,M-1555,SESS-20260827-4381-0428,RENTAL_ACCRUAL,16,44,2026-08-27T20:30:00+08:00
7d21dcea-5937-4c5a-897b-2875d94d1385,M-1133,SESS-20260827-3538-0429,RENTAL_ACCRUAL,12,311,2026-08-28T01:05:00+08:00
98a2bdac-3659-4d84-a872-61fd80e91624,M-1527,SESS-20260827-4484-0430,RENTAL_ACCRUAL,13,964,2026-08-28T00:50:00+08:00
4e86afdc-11a4-4c69-9553-23958e78971e,M-1527,TIER_UPGRADE_Silver_TO_Gold,TIER_BONUS,100,1064,2026-08-28T00:50:00+08:00
68c027b9-d0e1-4cf1-a56a-7f5f22bdc95b,M-2148,SESS-20260827-9983-0431,RENTAL_REDEMPTION,-200,77,2026-08-27T20:20:00+08:00
67ad3c16-7792-4aeb-9cee-f9514d20cdde,M-2148,SESS-20260827-9983-0431,RENTAL_ACCRUAL,14,91,2026-08-27T22:20:00+08:00
a968e435-8e67-4de3-ad5c-a267016db74a,M-2018,SESS-20260827-1456-0432,RENTAL_ACCRUAL,18,498,2026-08-27T22:55:00+08:00
2e31c99c-6d2c-46b8-838f-fa9b656f5bf9,M-1838,SESS-20260827-3478-0433,RENTAL_ACCRUAL,19,703,2026-08-28T00:30:00+08:00
4b144ef4-bd9e-4b52-be4d-a0dad94c26c9,M-1320,SESS-20260827-5057-0434,RENTAL_ACCRUAL,48,1434,2026-08-27T21:55:00+08:00
82e08972-ea78-44b7-a329-f358602ba6d9,M-1996,SESS-20260827-3637-0435,RENTAL_ACCRUAL,5,102,2026-08-27T09:30:00+08:00
affe9c04-d2ed-4412-b0fb-82f21423ce3f,M-1292,SESS-20260827-7486-0436,RENTAL_ACCRUAL,19,676,2026-08-28T00:00:00+08:00
3261bc4f-2fdc-426c-888d-33ddcfab4ecb,M-1163,SESS-20260827-8137-0437,RENTAL_ACCRUAL,5,217,2026-08-28T00:00:00+08:00
eef4b218-9a04-464e-90d7-96204b081377,M-1207,SESS-20260827-6409-0438,RENTAL_REDEMPTION,-300,53,2026-08-27T21:30:00+08:00
1f282a87-8289-4999-8072-7bd961e9077c,M-1207,SESS-20260827-6409-0438,RENTAL_ACCRUAL,21,74,2026-08-28T00:30:00+08:00
be6e1758-1f8c-4f31-930a-050d36cb3792,M-1486,SESS-20260827-2318-0439,RENTAL_ACCRUAL,27,110,2026-08-28T02:10:00+08:00
6a9c147b-d48a-4f94-9d89-7961a8e6400f,M-1629,SESS-20260827-6914-0440,RENTAL_ACCRUAL,5,98,2026-08-27T15:30:00+08:00
23799fca-c97e-4177-ae5d-dec344360fad,M-2130,SESS-20260827-5410-0441,RENTAL_ACCRUAL,10,251,2026-08-27T20:15:00+08:00
4058781b-799c-45b5-aea5-9c878ba4061d,M-1809,SESS-20260827-2164-0442,RENTAL_REDEMPTION,-100,622,2026-08-27T22:30:00+08:00
cac3cfbd-29f7-4c78-8dc2-cc665ec73046,M-1809,SESS-20260827-2164-0442,RENTAL_ACCRUAL,11,633,2026-08-28T00:30:00+08:00
7e2ead9f-e84c-483b-8cde-d4b8033278c6,M-1090,SESS-20260827-6371-0443,RENTAL_ACCRUAL,30,320,2026-08-28T00:15:00+08:00
b0c08a51-c547-4db3-97e8-c6e7c0df5865,M-1647,SESS-20260827-9861-0444,RENTAL_ACCRUAL,9,610,2026-08-27T23:00:00+08:00
a71b4eab-c3f2-4061-bf37-732f704d602b,M-1143,SESS-20260827-2315-0445,RENTAL_ACCRUAL,30,4249,2026-08-27T23:50:00+08:00
87e3c5ae-1f22-4166-9749-42de2393a99d,M-1067,SESS-20260827-8696-0446,RENTAL_ACCRUAL,48,468,2026-08-28T04:15:00+08:00
5f964ec3-153c-4086-98f3-55599d46e1b1,M-1745,SESS-20260827-9471-0447,RENTAL_ACCRUAL,12,253,2026-08-28T01:50:00+08:00
8534dabe-b7b1-4df9-bf99-a821b22f1442,M-1274,SESS-20260827-2227-0448,RENTAL_ACCRUAL,13,637,2026-08-27T21:05:00+08:00
e76dd62b-8798-4a81-8fd6-66bd027a5f2b,M-1274,TIER_UPGRADE_Silver_TO_Gold,TIER_BONUS,100,737,2026-08-27T21:05:00+08:00
8996291b-3aa5-40f5-8be8-8fe978cc103d,M-2001,SESS-20260827-4465-0449,RENTAL_ACCRUAL,10,239,2026-08-27T12:30:00+08:00
45b92a3e-d807-41d5-bf6c-ef24a6b18bf3,M-1949,SESS-20260827-8552-0450,RENTAL_ACCRUAL,5,312,2026-08-27T21:20:00+08:00
efc37318-2084-4944-9aa0-d21feb79a979,M-1317,SESS-20260827-3214-0451,RENTAL_REDEMPTION,-200,136,2026-08-27T21:05:00+08:00
746f421f-911d-4e53-9a8d-5fe824108e67,M-1317,SESS-20260827-3214-0451,RENTAL_ACCRUAL,1,137,2026-08-27T22:05:00+08:00
8db295ba-d255-44f0-be86-000638779d81,M-1986,SESS-20260827-7164-0452,RENTAL_ACCRUAL,8,41,2026-08-28T00:55:00+08:00
eec59d1d-3163-45c1-a471-63fc12114258,M-1432,SESS-20260827-4241-0453,RENTAL_ACCRUAL,48,3558,2026-08-28T05:25:00+08:00
ea99bfca-5b90-4622-be15-7ca7319c0e50,M-2071,SESS-20260827-8211-0454,RENTAL_ACCRUAL,40,436,2026-08-28T01:10:00+08:00
a4f9fe83-c7b3-46cd-8017-0174abd2ffe5,M-2011,SESS-20260827-9980-0455,RENTAL_ACCRUAL,24,171,2026-08-28T00:00:00+08:00
8e7cd641-2a01-4ed5-91ac-f07a5bbf8838,M-1519,SESS-20260827-9604-0456,RENTAL_REDEMPTION,-500,62,2026-08-27T22:25:00+08:00
c31f4be2-9c4e-4b8d-8b38-03e061846457,M-1519,SESS-20260827-9604-0456,RENTAL_ACCRUAL,36,98,2026-08-28T03:25:00+08:00
ed00a266-e838-4089-9e93-98b0e7644c71,M-1671,SESS-20260827-9087-0457,RENTAL_ACCRUAL,5,495,2026-08-28T00:55:00+08:00
8d9e461e-1dbc-4191-b0c2-605771974366,M-1041,SESS-20260827-9803-0458,RENTAL_REDEMPTION,-100,872,2026-08-27T23:15:00+08:00
6e4c4802-e4cd-495f-8afe-25a16888675e,M-1041,SESS-20260827-9803-0458,RENTAL_ACCRUAL,10,882,2026-08-28T02:15:00+08:00
06ac664f-0a72-4ea2-acc5-26bbbda6c9d1,M-2090,SESS-20260827-7737-0459,RENTAL_ACCRUAL,40,71,2026-08-28T04:55:00+08:00
c62d2cea-f011-464a-a7f7-6d6893dc3ff1,M-1133,ORD-20260827-4640-0001,CONCESSION_ACCRUAL,30,341,2026-08-27T23:24:08+08:00
d2318ed3-502f-49c8-8a92-f894e92439fc,M-1163,ORD-20260827-3169-0002,CONCESSION_ACCRUAL,19,236,2026-08-27T23:44:03+08:00
d14761fb-ac78-4a80-8400-3a667f7f8bae,M-1936,ORD-20260827-3789-0003,CONCESSION_ACCRUAL,11,432,2026-08-27T23:43:59+08:00
ccb12738-12e1-40c7-863c-7d5045764e91,M-1911,ORD-20260828-4728-0004,CONCESSION_ACCRUAL,9,227,2026-08-28T03:44:28+08:00
b62feddd-134d-4ec7-ab5c-355e23485e01,M-1911,TIER_UPGRADE_Standard_TO_Silver,TIER_BONUS,50,277,2026-08-28T03:44:28+08:00
0178471a-deff-43cb-adbf-91ab55e6900c,M-1432,ORD-20260828-8961-0005,CONCESSION_ACCRUAL,9,3567,2026-08-28T01:34:15+08:00
a603fcc0-fc29-4451-8fe5-8bc31f79a1c7,M-1220,ORD-20260827-1600-0006,CONCESSION_ACCRUAL,9,1966,2026-08-27T15:49:54+08:00
9b37b6ed-f238-4b15-b6f9-dc1ff0cdeb68,M-1064,ORD-20260827-3452-0007,CONCESSION_ACCRUAL,40,490,2026-08-27T22:12:34+08:00
7a3bcb98-e595-443c-8c09-1a0640237846,M-1272,ORD-20260827-9926-0008,CONCESSION_ACCRUAL,12,1248,2026-08-27T19:12:08+08:00
35e320b1-a2c8-4cb6-a233-d36af5bc39d5,M-1942,ORD-20260827-6380-0009,CONCESSION_ACCRUAL,18,113,2026-08-27T19:05:53+08:00
e9a097ea-23be-488e-90bb-b2bfd035f08d,M-2033,ORD-20260828-3358-0010,CONCESSION_ACCRUAL,25,262,2026-08-28T01:05:43+08:00
00e5703e-dc5a-4a72-baa4-4942cff51e83,M-1071,ORD-20260828-3897-0011,CONCESSION_ACCRUAL,56,660,2026-08-28T00:52:46+08:00
ddb8fac6-39a7-4342-bdc5-c39ce076c5a6,M-1183,ORD-20260827-2637-0012,CONCESSION_ACCRUAL,11,608,2026-08-27T23:44:33+08:00
621634da-96df-47a4-b191-3bcf2c0d5ec3,M-1008,ORD-20260828-3712-0013,CONCESSION_ACCRUAL,26,151,2026-08-28T00:27:36+08:00
5cc6a828-5ffd-4c46-8f88-bf6f0e2c71b4,M-1516,ORD-20260827-8306-0014,CONCESSION_ACCRUAL,11,604,2026-08-27T17:06:56+08:00
37d697a0-f706-489e-b4eb-28e549074043,M-1090,ORD-20260827-1460-0015,CONCESSION_ACCRUAL,27,347,2026-08-27T21:03:40+08:00
e387d484-0acc-4c86-b398-4b2fb1ebeaec,M-1397,ORD-20260827-4663-0016,CONCESSION_ACCRUAL,9,591,2026-08-27T17:18:32+08:00
41893f72-69d7-4ebb-9357-66917eeb8e7b,M-1890,ORD-20260827-6806-0017,CONCESSION_ACCRUAL,12,65,2026-08-27T15:36:21+08:00
87827114-40d9-4b53-b38e-cf20078efdb5,M-1212,ORD-20260827-3305-0018,CONCESSION_ACCRUAL,3,482,2026-08-27T22:55:43+08:00
89211ade-4eb1-4916-8d04-b4a18c367fe5,M-1985,ORD-20260827-4433-0019,CONCESSION_ACCRUAL,14,145,2026-08-27T17:30:31+08:00
2c57b974-bd4e-4125-96ac-5991b000adad,M-1707,ORD-20260827-4465-0020,CONCESSION_ACCRUAL,9,395,2026-08-27T21:12:30+08:00
63967233-4eeb-4a28-be64-c3d4ae621464,M-1720,ORD-20260828-7389-0021,CONCESSION_ACCRUAL,18,544,2026-08-28T01:54:43+08:00
106fd9ac-5980-4cce-831c-5b4ec29476b2,M-1369,ORD-20260827-6135-0022,CONCESSION_ACCRUAL,15,609,2026-08-27T17:14:08+08:00
1122f276-1ab4-4be8-a5fb-5ad4b5330272,M-1339,ORD-20260827-3893-0023,CONCESSION_ACCRUAL,13,354,2026-08-27T20:14:32+08:00
dd871420-2983-49ab-a3cc-c14000f459ce,M-2073,ORD-20260827-9392-0024,CONCESSION_ACCRUAL,13,308,2026-08-27T21:48:49+08:00
e97dd659-d764-419c-bae8-073501bcfaba,M-2131,ORD-20260827-6092-0025,CONCESSION_ACCRUAL,12,189,2026-08-27T17:02:56+08:00
b2a39574-8e9f-47f4-886c-74f578169903,M-1422,ORD-20260828-6543-0026,CONCESSION_ACCRUAL,8,244,2026-08-28T00:29:26+08:00
ca101db7-f618-4208-b4b2-7de6b08ac592,M-1744,ORD-20260827-1468-0027,CONCESSION_ACCRUAL,15,976,2026-08-27T20:56:33+08:00
c9012060-cc38-476c-a95a-56074f9c58f1,M-1971,ORD-20260827-9270-0028,CONCESSION_ACCRUAL,8,262,2026-08-27T19:52:34+08:00
bf3fcfb2-ce75-4d6b-98f8-c072accc6e09,M-1988,ORD-20260827-3794-0029,CONCESSION_ACCRUAL,3,223,2026-08-27T22:26:46+08:00
2e19c598-01e4-4ff3-a476-b8761a713012,M-1177,ORD-20260827-4708-0030,CONCESSION_ACCRUAL,8,334,2026-08-27T22:46:31+08:00
39237849-792e-47e5-9846-cd99cf17c1e9,M-1908,ORD-20260827-6441-0031,CONCESSION_ACCRUAL,20,101,2026-08-27T18:51:37+08:00
e7272d23-5cca-4c85-9d99-4a36dae29cf6,M-1427,ORD-20260827-3681-0032,CONCESSION_ACCRUAL,16,110,2026-08-27T06:51:01+08:00
e6af3746-29d3-4404-8512-810efa6eaccb,M-1959,ORD-20260828-3957-0033,CONCESSION_ACCRUAL,18,476,2026-08-28T02:04:24+08:00
fa769366-edb1-40df-a8a4-912707c84533,M-1051,ORD-20260827-9558-0034,CONCESSION_ACCRUAL,13,252,2026-08-27T22:05:24+08:00
30f39449-99e1-46c1-a52d-bcbed7625fad,M-1784,ORD-20260827-3501-0035,CONCESSION_ACCRUAL,15,239,2026-08-27T19:15:35+08:00
97c02684-ecd2-4932-b2ab-2d6725939e96,M-1131,ORD-20260827-8186-0036,CONCESSION_ACCRUAL,13,381,2026-08-27T20:43:08+08:00
5de7303c-cf0b-40f3-87c7-727bb9d20b86,M-1661,ORD-20260827-1013-0037,CONCESSION_ACCRUAL,43,2894,2026-08-27T20:01:05+08:00
956d5d7f-f5c1-419b-904a-390e629738d1,M-2025,ORD-20260828-5529-0038,CONCESSION_ACCRUAL,11,422,2026-08-28T01:08:25+08:00
a91456eb-d465-48c9-a8cd-81645f321c66,M-1785,ORD-20260827-3979-0039,CONCESSION_ACCRUAL,18,117,2026-08-27T14:21:26+08:00
c1de8685-aded-41d7-bb5a-6cb75984b858,M-1992,ORD-20260827-5501-0040,CONCESSION_ACCRUAL,16,347,2026-08-27T23:06:17+08:00
f84c4831-021b-4751-9cea-f2add20a58d3,M-1629,ORD-20260827-4312-0041,CONCESSION_ACCRUAL,8,106,2026-08-27T15:04:31+08:00
fdeeb7b8-e89c-43a9-ba1a-850458778e6b,M-2097,ORD-20260827-7172-0042,CONCESSION_ACCRUAL,21,154,2026-08-27T14:44:02+08:00
569b1872-dc0a-4b22-8dde-ec48ca7a987b,M-1713,ORD-20260828-7565-0043,CONCESSION_ACCRUAL,54,261,2026-08-28T01:33:51+08:00
7fff3888-d50c-4906-92f8-3a854ef344bc,M-1170,ORD-20260827-1233-0044,CONCESSION_ACCRUAL,26,106,2026-08-27T06:21:18+08:00
9e5f6813-4a94-4e73-959f-8f2f5c569873,M-1378,ORD-20260827-4457-0045,CONCESSION_ACCRUAL,15,278,2026-08-27T14:46:31+08:00
731714b9-cab2-4823-9feb-7c2595907d34,M-2077,ORD-20260827-5528-0046,CONCESSION_ACCRUAL,33,302,2026-08-27T21:00:21+08:00
09a0bf2a-e05b-4d9b-a04f-6400d933c90f,M-1557,ORD-20260827-7093-0047,CONCESSION_ACCRUAL,19,729,2026-08-27T23:00:09+08:00
c05aef51-9d8e-4f4f-be1a-0c61c5de2e9a,M-1627,ORD-20260827-4726-0048,CONCESSION_ACCRUAL,9,726,2026-08-27T22:51:24+08:00
2bfb0dca-a968-44a6-9c39-354207ccb482,M-1873,ORD-20260827-6211-0049,CONCESSION_ACCRUAL,12,191,2026-08-27T23:59:32+08:00
2693ac82-f041-44e9-85b5-c35deef81a78,M-1320,ORD-20260827-2396-0050,CONCESSION_ACCRUAL,7,1441,2026-08-27T20:30:40+08:00
2631c28f-5179-41c7-b153-c434a13d4adf,M-1142,ORD-20260827-3142-0051,CONCESSION_ACCRUAL,28,439,2026-08-27T23:50:45+08:00
955d0bc8-576b-493c-92f7-f0b91a6ab0a8,M-2152,ORD-20260827-2624-0052,CONCESSION_ACCRUAL,25,218,2026-08-27T11:05:18+08:00
b009901b-9b34-4a5c-8ec4-6ce12682d199,M-1194,ORD-20260828-2050-0053,CONCESSION_ACCRUAL,9,269,2026-08-28T02:40:23+08:00
f6f1e294-97e8-4652-8aac-94215afba871,M-1060,ORD-20260828-7454-0054,CONCESSION_ACCRUAL,25,124,2026-08-28T00:17:12+08:00
73dd53e5-53e1-4e49-beb4-afd0b74ae84d,M-1604,ORD-20260827-4047-0055,CONCESSION_ACCRUAL,11,209,2026-08-27T18:32:40+08:00
1877aa0e-2166-494b-b586-06545713215f,M-1005,ORD-20260827-6573-0056,CONCESSION_ACCRUAL,21,196,2026-08-27T21:41:47+08:00
75501c2a-ee06-49a6-bff4-6f0dfba6ce24,M-1127,ORD-20260827-9485-0057,CONCESSION_ACCRUAL,11,195,2026-08-27T20:46:53+08:00
5be487dd-5e94-49fe-b87d-3b95a159ff40,M-1638,ORD-20260827-6417-0058,CONCESSION_ACCRUAL,8,617,2026-08-27T20:48:08+08:00
8f4aa592-96d6-4a1d-8d1a-5deb1e62195c,M-2127,ORD-20260827-3437-0059,CONCESSION_ACCRUAL,16,216,2026-08-27T23:51:09+08:00
6ca1793c-cdae-48fa-ac05-82e0145f5b4a,M-1211,ORD-20260828-1246-0060,CONCESSION_ACCRUAL,16,109,2026-08-28T00:41:06+08:00
b4ed6ca0-c983-4e91-a724-2d09f2eec8c8,M-1602,ORD-20260827-4483-0061,CONCESSION_ACCRUAL,12,741,2026-08-27T22:36:57+08:00
1df53e14-f4dd-4062-8a0f-9237aa0c210f,M-1356,ORD-20260827-9514-0062,CONCESSION_ACCRUAL,20,1033,2026-08-27T11:57:22+08:00
9664c5b4-0867-471b-8cd9-f482d5c8c2d4,M-2001,ORD-20260827-6972-0063,CONCESSION_ACCRUAL,21,260,2026-08-27T11:58:12+08:00
810e99d5-9206-44bc-9775-2020ffa35009,M-1590,ORD-20260827-6242-0064,CONCESSION_ACCRUAL,23,296,2026-08-27T19:52:20+08:00
21e52ebc-1024-4b10-a487-638509b98eb7,M-1199,ORD-20260827-5911-0065,CONCESSION_ACCRUAL,9,207,2026-08-27T23:39:01+08:00
4e0cdc42-f8da-42af-8927-761c3701359d,M-1529,ORD-20260827-1685-0066,CONCESSION_ACCRUAL,11,148,2026-08-27T23:24:21+08:00
bf2f31cf-cb5c-4d1d-8e7f-f4098ef05d9c,M-1309,ORD-20260828-5061-0067,CONCESSION_ACCRUAL,18,127,2026-08-28T01:19:46+08:00
466ea197-03c3-4331-bfe3-580567752145,M-1738,ORD-20260828-5347-0068,CONCESSION_ACCRUAL,15,333,2026-08-28T01:36:43+08:00
e0bf3e5e-0fc6-4bb1-9ece-4ba6d8f14751,M-1444,ORD-20260827-4292-0069,CONCESSION_ACCRUAL,13,3363,2026-08-27T22:54:13+08:00
5bc9f5b6-1943-41ad-a53e-298b052fc38f,M-1531,ORD-20260827-6760-0070,CONCESSION_ACCRUAL,45,229,2026-08-27T12:29:00+08:00
49ebdd85-5fa3-4dd0-a2e9-839c3fdd345f,M-2071,ORD-20260827-7317-0071,CONCESSION_ACCRUAL,10,446,2026-08-27T22:13:46+08:00
ad565101-cc09-4521-83dd-2942721b82b0,M-1809,ORD-20260827-4140-0072,CONCESSION_ACCRUAL,18,651,2026-08-27T22:50:25+08:00
25f9ba56-edf2-414a-b665-b7dcd63b87d8,M-1286,ORD-20260827-9590-0073,CONCESSION_ACCRUAL,22,243,2026-08-27T21:38:04+08:00
db6190c5-1f26-490f-ac44-730b38a2bae5,M-1113,ORD-20260828-3562-0074,CONCESSION_ACCRUAL,35,1169,2026-08-28T00:57:45+08:00
67a1fde1-5297-4351-aa7b-58bbf11ae7b0,M-1603,ORD-20260827-9535-0075,CONCESSION_ACCRUAL,9,365,2026-08-27T22:28:16+08:00
79523ef9-679f-445a-a260-03ff38cf94c9,M-1674,ORD-20260827-5170-0076,CONCESSION_ACCRUAL,9,692,2026-08-27T15:55:04+08:00
4a859b17-3d29-40fb-b2b8-724385d2f096,M-1322,ORD-20260827-6316-0077,CONCESSION_ACCRUAL,61,427,2026-08-27T22:12:28+08:00
746d8088-09dc-46d3-9d99-46e21b73eec9,M-1759,ORD-20260827-1093-0078,CONCESSION_ACCRUAL,30,554,2026-08-27T23:25:00+08:00
e104dfcc-3e5e-478a-973d-32523b8975a3,M-1759,TIER_UPGRADE_Silver_TO_Gold,TIER_BONUS,100,654,2026-08-27T23:25:00+08:00
2a4b7682-37ed-448a-9ee0-db161ecf80a4,M-1055,ORD-20260827-3937-0079,CONCESSION_ACCRUAL,9,433,2026-08-27T22:21:15+08:00
0ad41761-d75d-44b6-9bdb-5447c2d43664,M-1618,ORD-20260828-3399-0080,CONCESSION_ACCRUAL,11,66,2026-08-28T00:49:13+08:00
6134f81e-eef3-4a59-a983-485666d9724e,M-2018,ORD-20260827-2111-0081,CONCESSION_ACCRUAL,16,514,2026-08-27T21:54:43+08:00
8d3e32ee-9b17-438c-b689-e9ae1697ab84,M-1317,ORD-20260827-5599-0082,CONCESSION_ACCRUAL,40,177,2026-08-27T21:58:16+08:00
13526493-b14a-4898-b6b5-fa5fb138ef1f,M-1346,ORD-20260827-4509-0083,CONCESSION_ACCRUAL,19,538,2026-08-27T22:46:48+08:00
ad96a31f-84dc-482c-9269-dde0985700f0,M-1929,ORD-20260827-1175-0084,CONCESSION_ACCRUAL,9,122,2026-08-27T12:56:32+08:00
bc33af74-5df4-4c89-8cfd-9790dcbd785a,M-1233,ORD-20260827-7969-0085,CONCESSION_ACCRUAL,18,472,2026-08-27T19:06:10+08:00
00bae4d4-b286-4657-b079-0191312c91a8,M-1621,ORD-20260827-2657-0086,CONCESSION_ACCRUAL,18,53,2026-08-27T17:00:59+08:00
7a39eb85-b0bb-4b00-b3ec-1deb845e5f7b,M-1986,ORD-20260828-5684-0087,CONCESSION_ACCRUAL,9,50,2026-08-28T00:40:15+08:00
64a846b6-3199-4f4a-859a-45077c9cf7cf,M-1386,ORD-20260827-8722-0088,CONCESSION_ACCRUAL,18,614,2026-08-27T22:00:54+08:00
083782ad-a5e1-4587-b5ab-1728115a67ca,M-1775,ORD-20260827-4282-0089,CONCESSION_ACCRUAL,9,1392,2026-08-27T15:53:24+08:00
65b872f5-2bae-4891-9b86-c9dd603db8bf,M-1115,ORD-20260828-4780-0090,CONCESSION_ACCRUAL,16,302,2026-08-28T01:42:53+08:00
4de9b8cd-a3d3-4034-9e81-47a156ef3d18,M-1266,ORD-20260827-2267-0091,CONCESSION_ACCRUAL,16,120,2026-08-27T19:04:17+08:00
f68281bf-96c6-4d25-83f6-ed7e99263471,M-1912,ORD-20260827-5213-0092,CONCESSION_ACCRUAL,48,377,2026-08-27T20:06:02+08:00
eb858f94-e2ff-42e6-a0ae-550d3419b3da,M-1456,ORD-20260828-2751-0093,CONCESSION_ACCRUAL,11,579,2026-08-28T02:04:22+08:00
b373c31d-21b3-4dd4-aac3-4edb90df11ef,M-1954,ORD-20260827-2955-0094,CONCESSION_ACCRUAL,8,284,2026-08-27T18:21:15+08:00
e9b05fc4-2e8c-4788-b7d8-5c5c2835b357,M-1725,ORD-20260828-5273-0095,CONCESSION_ACCRUAL,18,219,2026-08-28T00:48:12+08:00
ac5b5896-1148-406a-bd80-abeb3de50c48,M-1453,ORD-20260827-4682-0096,CONCESSION_ACCRUAL,16,542,2026-08-27T16:39:08+08:00
20121e6b-2496-4d43-8e27-98ecd57db700,M-1353,ORD-20260827-3785-0097,CONCESSION_ACCRUAL,7,174,2026-08-27T22:47:20+08:00
9bf20d7c-7e86-4d13-8db6-eefc0e27f4a1,M-2068,ORD-20260827-1566-0098,CONCESSION_ACCRUAL,7,175,2026-08-27T13:28:07+08:00
cdda48f3-922b-4767-ab58-fe1cebba102a,M-1915,ORD-20260828-8610-0099,CONCESSION_ACCRUAL,8,93,2026-08-28T00:27:45+08:00
594ade3c-a66a-4486-a1a5-f209f0af72b4,M-1230,ORD-20260827-1733-0100,CONCESSION_ACCRUAL,33,201,2026-08-27T22:36:54+08:00
c4399614-6837-4042-9b00-ba4bba652b22,M-1303,ORD-20260827-6754-0101,CONCESSION_ACCRUAL,9,2699,2026-08-27T22:57:07+08:00
b9fe840b-b5d5-4db7-abb5-25f8c29ec152,M-1924,ORD-20260827-3911-0102,CONCESSION_ACCRUAL,6,108,2026-08-27T21:54:42+08:00
35f802e4-101c-4791-a776-3dbe25e97eb5,M-1670,ORD-20260827-3330-0103,CONCESSION_ACCRUAL,4,47,2026-08-27T18:15:38+08:00
63e104e2-ea93-4548-ba24-e1932d8ca8e2,M-1851,ORD-20260827-9555-0104,CONCESSION_ACCRUAL,15,113,2026-08-27T23:58:18+08:00
a3ccd512-4b07-4d1b-81dc-3f8bc5f8a11a,M-1040,ORD-20260827-5899-0105,CONCESSION_ACCRUAL,27,764,2026-08-27T17:59:16+08:00
c572bfd5-c916-40d7-8bf8-b6bbba55a351,M-2042,ORD-20260827-1799-0106,CONCESSION_ACCRUAL,21,271,2026-08-27T18:34:43+08:00
ffae07b9-e05d-446c-878a-057d67e4b3a0,M-1533,ORD-20260827-4096-0107,CONCESSION_ACCRUAL,18,262,2026-08-27T20:19:41+08:00
ab5b3a15-816c-43dc-bfde-930f75c59345,M-1812,ORD-20260827-4436-0108,CONCESSION_ACCRUAL,7,902,2026-08-27T18:24:12+08:00
c7995ae0-ba44-4918-b372-733f78558a8f,M-1726,ORD-20260827-4954-0109,CONCESSION_ACCRUAL,13,297,2026-08-27T21:17:29+08:00
7b36763e-91b0-4b41-8f0f-a921b8589840,M-1550,ORD-20260827-2018-0110,CONCESSION_ACCRUAL,18,272,2026-08-27T23:52:05+08:00
b325ca58-2bde-4c0d-8ae6-9d3d5a9f72ae,M-1834,ORD-20260827-4866-0111,CONCESSION_ACCRUAL,9,222,2026-08-27T19:37:52+08:00
fd7dd4b1-f9d1-4de7-9f99-683f0d5ce8b3,M-1704,ORD-20260827-4064-0112,CONCESSION_ACCRUAL,17,182,2026-08-27T21:10:48+08:00
c67856e2-a309-45d8-b3c6-cb9d2048ed22,M-1810,ORD-20260827-1380-0113,CONCESSION_ACCRUAL,4,398,2026-08-27T15:45:56+08:00
4bfff3cc-36e5-4e76-b550-24645f137239,M-1580,ORD-20260827-9021-0114,CONCESSION_ACCRUAL,37,1156,2026-08-27T18:42:19+08:00
76841ba0-83ef-49c0-a6f1-f108b151ebae,M-1423,ORD-20260827-6674-0115,CONCESSION_ACCRUAL,16,78,2026-08-27T18:37:46+08:00
9a78edb4-06a5-4be4-8319-11b425c8f63d,M-2138,ORD-20260827-1049-0116,CONCESSION_ACCRUAL,18,132,2026-08-27T22:20:30+08:00
23e6e354-7f34-4437-aa98-a12ec4075229,M-1280,ORD-20260827-1398-0117,CONCESSION_ACCRUAL,9,415,2026-08-27T19:05:16+08:00
6c98e3cf-380a-4ff7-9040-09956ad6906d,M-1152,ORD-20260827-9910-0118,CONCESSION_ACCRUAL,25,430,2026-08-27T19:34:32+08:00
fd7b0d1b-0139-4824-a34d-1f08af22c34f,M-1930,ORD-20260827-2492-0119,CONCESSION_ACCRUAL,8,95,2026-08-27T22:53:08+08:00
992023dd-9726-4c0c-a60d-9e0aba59e660,M-1932,ORD-20260827-4939-0120,CONCESSION_ACCRUAL,11,206,2026-08-27T21:38:10+08:00
a0b23f09-dd3f-46d4-9623-be4d77babc69,M-1903,ORD-20260827-6717-0121,CONCESSION_ACCRUAL,13,98,2026-08-27T18:51:22+08:00
a63c7a1e-9940-4c1d-8cf2-aa6bcf7a407a,M-1642,ORD-20260827-8636-0122,CONCESSION_ACCRUAL,21,407,2026-08-27T22:21:56+08:00
eb5afeb5-e75f-4c00-b785-15bf0667cbf2,M-1477,ORD-20260827-1420-0123,CONCESSION_ACCRUAL,10,119,2026-08-27T23:21:22+08:00
7589a55f-bf6f-4984-8063-bb4c7742c2e1,M-2189,ORD-20260827-9108-0124,CONCESSION_ACCRUAL,38,418,2026-08-27T18:49:55+08:00
d010e891-78df-47db-b6f8-7e04c2b31b71,M-2105,ORD-20260827-5409-0125,CONCESSION_ACCRUAL,8,278,2026-08-27T22:47:23+08:00
b2fdc92a-0675-4a6e-b8f2-ef1360d6eb3a,M-1208,ORD-20260828-9327-0126,CONCESSION_ACCRUAL,4,3321,2026-08-28T00:22:56+08:00
0bade366-cd19-4497-9619-882e1b9697d0,M-1288,ORD-20260827-7892-0127,CONCESSION_ACCRUAL,4,233,2026-08-27T21:20:08+08:00
10a87ccc-22b7-4baa-a1fb-9177dfa38f26,M-1338,ORD-20260828-3633-0128,CONCESSION_ACCRUAL,23,136,2026-08-28T03:16:38+08:00
7df19488-c681-4c67-bc2f-f11d083f84d0,M-1415,ORD-20260827-4572-0129,CONCESSION_ACCRUAL,12,401,2026-08-27T21:06:02+08:00
6c9c7452-de03-475d-bbd5-9adb2a2a807a,M-1869,ORD-20260827-9719-0130,CONCESSION_ACCRUAL,51,180,2026-08-27T18:02:27+08:00
351ea74f-3257-469f-8526-abde218ba964,M-1424,ORD-20260827-1707-0131,CONCESSION_ACCRUAL,11,286,2026-08-27T22:31:23+08:00
e4d9a90e-851c-4e9f-bf07-86db52ed099d,M-1805,ORD-20260827-1725-0132,CONCESSION_ACCRUAL,22,444,2026-08-27T22:58:36+08:00
12527bc1-bc10-4bca-804f-84a9662a4e01,M-1805,TIER_UPGRADE_Silver_TO_Gold,TIER_BONUS,100,544,2026-08-27T22:58:36+08:00
c9b9ae87-cf9f-4915-919c-f60892f45919,M-1586,ORD-20260827-9663-0133,CONCESSION_ACCRUAL,36,60,2026-08-27T20:13:07+08:00
59ad1f74-b961-4c3d-b2b8-118c0ce94b99,M-1301,ORD-20260827-5487-0134,CONCESSION_ACCRUAL,15,159,2026-08-27T18:03:15+08:00
0209af70-1eda-46d0-b724-1348ec2c8cc6,M-1248,ORD-20260827-7546-0135,CONCESSION_ACCRUAL,16,81,2026-08-27T19:47:06+08:00
2d224af7-a49b-4d11-bb62-832533952bb4,M-1829,ORD-20260827-6214-0136,CONCESSION_ACCRUAL,3,88,2026-08-27T23:46:26+08:00
35bc4fd4-1a2a-4e5a-a82d-9d29b65b668f,M-1941,ORD-20260828-8117-0137,CONCESSION_ACCRUAL,15,125,2026-08-28T00:01:00+08:00
97199b1e-89b2-4c4a-a20b-1306f28cd7f6,M-1591,ORD-20260827-3245-0138,CONCESSION_ACCRUAL,18,1827,2026-08-27T22:41:11+08:00
efb682b4-02ee-46bb-8ee9-025929c754c0,M-1995,ORD-20260827-3965-0139,CONCESSION_ACCRUAL,16,276,2026-08-27T21:24:13+08:00
e192409e-d14c-4a9c-b12f-31fc0bf20ee9,M-1349,ORD-20260827-2537-0140,CONCESSION_ACCRUAL,17,810,2026-08-27T11:38:24+08:00
925b7987-f776-4b74-b96e-c678cec92cd3,M-1439,ORD-20260827-5206-0141,CONCESSION_ACCRUAL,9,243,2026-08-27T23:07:23+08:00
1669eae1-c26c-4992-a703-c2962df58e82,M-1697,ORD-20260827-7814-0142,CONCESSION_ACCRUAL,16,284,2026-08-27T09:26:26+08:00
177c9a8a-9574-4f6a-b309-cc133f45bfe4,M-1128,ORD-20260827-2113-0143,CONCESSION_ACCRUAL,78,355,2026-08-27T20:20:32+08:00
9fa29866-e3a2-4a91-a5ba-ffe49ce29624,M-1313,ORD-20260827-8336-0144,CONCESSION_ACCRUAL,26,468,2026-08-27T21:01:48+08:00
b19f5aaf-95d1-4679-84b7-33f446cb3bb8,M-1105,ORD-20260827-3546-0145,CONCESSION_ACCRUAL,36,429,2026-08-27T17:13:14+08:00
950314c1-b04e-4d13-8062-a7968bf317c4,M-1334,ORD-20260827-1763-0146,CONCESSION_ACCRUAL,23,103,2026-08-27T19:43:59+08:00
21a76be9-ecb7-40e3-881b-db9f634c6d67,M-1699,ORD-20260827-5854-0147,CONCESSION_ACCRUAL,3,48,2026-08-27T10:39:55+08:00
4baaba9d-e313-4f93-ae67-07bcf1d96bd8,M-1935,ORD-20260827-2762-0148,CONCESSION_ACCRUAL,3,469,2026-08-27T13:53:44+08:00
5b2a2e40-d3c0-4c89-9ce8-5e49cba32d4e,M-1071,ORD-20260827-3115-0149,CONCESSION_ACCRUAL,53,713,2026-08-27T17:23:04+08:00
565fc269-1534-4c06-ab62-be1eb27ead61,M-2072,ORD-20260828-1088-0150,CONCESSION_ACCRUAL,11,282,2026-08-28T00:33:39+08:00
a8c4c0bd-6f66-4af5-8907-e736533acfcd,M-1507,ORD-20260827-7762-0151,CONCESSION_ACCRUAL,20,350,2026-08-27T23:31:52+08:00
d9673c8c-fa00-424d-bab8-3048fa69675c,M-1644,ORD-20260827-8198-0152,CONCESSION_ACCRUAL,26,227,2026-08-27T20:42:31+08:00
a931918b-5844-4b0e-8621-f22f6e3a8b3a,M-1006,ORD-20260827-3075-0153,CONCESSION_ACCRUAL,8,131,2026-08-27T21:45:04+08:00
07049376-2412-4871-a0ad-bcdd004116fa,M-1039,ORD-20260827-7264-0154,CONCESSION_ACCRUAL,11,399,2026-08-27T16:12:06+08:00
d02b669e-703b-434c-9b59-944e603979c9,M-1804,ORD-20260827-7249-0155,CONCESSION_ACCRUAL,3,291,2026-08-27T21:43:47+08:00
20f1ec9e-593b-4dcc-a1f1-a9190bbd5660,M-1835,ORD-20260827-3910-0156,CONCESSION_ACCRUAL,10,225,2026-08-27T01:34:35+08:00
5d7c6a3f-c438-4216-902b-d0fd24d2e0fa,M-1340,ORD-20260827-3215-0157,CONCESSION_ACCRUAL,13,583,2026-08-27T21:03:00+08:00
5d3c6318-9e4e-4e42-bfa3-52e0d3e3ce25,M-1751,ORD-20260827-1197-0158,CONCESSION_ACCRUAL,15,140,2026-08-27T18:12:28+08:00
f6584329-9acc-4216-935d-e19d0baf8443,M-1408,ORD-20260827-2801-0159,CONCESSION_ACCRUAL,13,110,2026-08-27T20:46:02+08:00
4d32b7c7-7d38-49ec-85c1-0da60c3a84cd,M-1584,ORD-20260828-7127-0160,CONCESSION_ACCRUAL,19,385,2026-08-28T00:16:44+08:00
da7be437-aecc-4777-9f49-5cd2db394486,M-1294,ORD-20260827-3360-0161,CONCESSION_ACCRUAL,11,332,2026-08-27T12:22:08+08:00
3ae90735-5354-43bd-813e-14b71bcf7efd,M-1685,ORD-20260827-7592-0162,CONCESSION_ACCRUAL,9,222,2026-08-27T23:02:29+08:00
970a6c9b-008a-47ad-88fa-09eeb2821494,M-1388,ORD-20260828-8525-0163,CONCESSION_ACCRUAL,4,509,2026-08-28T02:26:19+08:00
230bbaed-9aff-4ddf-a0d8-9d4fd59370aa,M-1843,ORD-20260827-7855-0164,CONCESSION_ACCRUAL,3,187,2026-08-27T17:39:17+08:00
66e6bb4a-5de6-4694-ba5f-3ddfff63ae50,M-1036,ORD-20260827-2731-0165,CONCESSION_ACCRUAL,47,244,2026-08-27T17:30:28+08:00
772289f2-7b7f-47e6-af05-666acea1b5d4,M-2168,ORD-20260827-6263-0166,CONCESSION_ACCRUAL,8,154,2026-08-27T18:44:27+08:00
2cd06af1-5362-4081-bb27-ebffc619d8e2,M-1054,ORD-20260827-3517-0167,CONCESSION_ACCRUAL,43,176,2026-08-27T20:31:53+08:00
c9e24363-18b6-491b-8559-c10a1b3e07be,M-2146,ORD-20260827-1951-0168,CONCESSION_ACCRUAL,7,232,2026-08-27T02:58:51+08:00
c9c0ccfd-53eb-4d8d-8de4-25ee3dec492a,M-1665,ORD-20260827-1703-0169,CONCESSION_ACCRUAL,20,252,2026-08-27T19:51:19+08:00
ba1f9ae4-2812-4315-add7-f2892223afaa,M-1813,ORD-20260828-7621-0170,CONCESSION_ACCRUAL,12,107,2026-08-28T02:25:43+08:00
436c8b18-4814-47c2-8952-fbeea6486303,M-1162,ORD-20260827-2585-0171,CONCESSION_ACCRUAL,9,95,2026-08-27T21:40:49+08:00
7a2f362f-d187-494d-9cdb-0c1c86f49803,M-2175,ORD-20260827-7064-0172,CONCESSION_ACCRUAL,3,573,2026-08-27T20:44:42+08:00
7ff74e81-6168-48bb-95dd-5134c98dc44d,M-1811,ORD-20260827-5582-0173,CONCESSION_ACCRUAL,3,244,2026-08-27T21:15:01+08:00
8c18c37c-7502-4c55-8608-227cff832e1e,M-2016,ORD-20260827-5926-0174,CONCESSION_ACCRUAL,16,301,2026-08-27T21:15:38+08:00
e43e86d2-01ef-421e-9532-8049605d9837,M-1063,ORD-20260827-6586-0175,CONCESSION_ACCRUAL,9,667,2026-08-27T22:08:54+08:00
ee933d77-ea0c-4dd1-93f7-1e4e877e6a25,M-1993,ORD-20260827-4791-0176,CONCESSION_ACCRUAL,11,144,2026-08-27T20:10:23+08:00
bc1d1847-be80-43bb-873a-732f1b58592b,M-1958,ORD-20260827-6813-0177,CONCESSION_ACCRUAL,15,227,2026-08-27T22:59:51+08:00
013e88c0-08d9-46e3-ab44-a7058a4e3435,M-1294,ORD-20260828-3412-0178,CONCESSION_ACCRUAL,3,335,2026-08-28T03:20:22+08:00
19cef2b3-3c25-45f3-b536-bd845de90e9d,M-1509,ORD-20260827-5331-0179,CONCESSION_ACCRUAL,27,454,2026-08-27T22:38:42+08:00
85c3efd9-e9dc-4ece-842a-42c6330395d7,M-1195,ORD-20260827-1331-0180,CONCESSION_ACCRUAL,11,342,2026-08-27T19:33:57+08:00
e67328b2-fc45-4918-a1a0-2170b8a5a134,M-1164,ORD-20260827-8744-0181,CONCESSION_ACCRUAL,3,479,2026-08-27T18:39:50+08:00
261de362-dd85-4295-baf5-a0ab94ee680a,M-1279,ORD-20260827-7088-0182,CONCESSION_ACCRUAL,15,55,2026-08-27T14:37:42+08:00
b9e28292-08a0-4b44-a3b0-faf1344ec076,M-1272,ORD-20260827-9173-0183,CONCESSION_ACCRUAL,4,1252,2026-08-27T22:56:23+08:00
35aabb42-7088-4d15-a4a6-9a33466b0de4,M-1227,ORD-20260827-2599-0184,CONCESSION_ACCRUAL,49,506,2026-08-27T15:57:31+08:00
e042f541-c415-4106-b2a2-ebf58764e2f8,M-2167,ORD-20260827-5642-0185,CONCESSION_ACCRUAL,3,249,2026-08-27T23:53:06+08:00
d974d017-2887-4876-8dd7-7caad27c8380,M-1251,ORD-20260827-6798-0186,CONCESSION_ACCRUAL,31,409,2026-08-27T23:26:12+08:00
a3bce41b-19dc-4638-9f84-c7281d1b1491,M-1397,ORD-20260828-6925-0187,CONCESSION_ACCRUAL,12,603,2026-08-28T00:12:45+08:00
861a9b0e-90d8-488c-b791-ada1af8545e7,M-1479,ORD-20260827-1480-0188,CONCESSION_ACCRUAL,9,2292,2026-08-27T19:31:15+08:00
31a90a71-e93e-4042-8731-e3d8ece4e773,M-2002,ORD-20260827-6194-0189,CONCESSION_ACCRUAL,33,142,2026-08-27T20:26:54+08:00
4c94c412-6e13-4ebf-bd8c-6f7042b7fb76,M-2002,TIER_UPGRADE_Silver_TO_Gold,TIER_BONUS,100,242,2026-08-27T20:26:54+08:00
1b089be7-7af2-4cb6-b91e-ad0b4d22ee48,M-1576,ORD-20260827-6335-0190,CONCESSION_ACCRUAL,4,1141,2026-08-27T16:31:00+08:00
bacbc5e9-8d60-41f2-8b05-a4ba8e673135,M-1779,ORD-20260827-3682-0191,CONCESSION_ACCRUAL,39,274,2026-08-27T21:31:39+08:00
396ae608-d694-4ae0-9596-04203e31c86f,M-2159,ORD-20260828-2930-0192,CONCESSION_ACCRUAL,8,274,2026-08-28T02:13:26+08:00
ce0eb00e-5a2c-4c0e-ae3a-1a98622153ae,M-1891,ORD-20260827-6097-0193,CONCESSION_ACCRUAL,8,431,2026-08-27T08:00:38+08:00
dcd51404-6cc4-4953-8b4f-17540b190bed,M-1453,ORD-20260827-2884-0194,CONCESSION_ACCRUAL,15,557,2026-08-27T22:47:53+08:00
33b75ebb-4441-4d2e-bdac-21211d4cd3b9,M-1075,ORD-20260827-5769-0195,CONCESSION_ACCRUAL,19,286,2026-08-27T18:03:45+08:00
3f17a4e5-209d-4e57-a141-8c9fb7c57059,M-1956,ORD-20260827-8792-0196,CONCESSION_ACCRUAL,9,164,2026-08-27T22:20:33+08:00
3d6cff2a-29c3-4cd8-889a-f2c7197fed68,M-1088,ORD-20260827-3996-0197,CONCESSION_ACCRUAL,22,265,2026-08-27T04:55:36+08:00
b6e6f666-08fb-406d-bc0d-555d4bbd584b,M-1215,ORD-20260827-3849-0198,CONCESSION_ACCRUAL,11,260,2026-08-27T20:10:54+08:00
00e79575-bed6-4726-b5c0-5ad05b29d16f,M-1118,ORD-20260827-4063-0199,CONCESSION_ACCRUAL,3,287,2026-08-27T16:50:39+08:00
b6b712e6-1fae-4a36-af14-c23600a6e3e2,M-1834,ORD-20260827-4528-0200,CONCESSION_ACCRUAL,8,230,2026-08-27T23:15:49+08:00
3b6e1021-6938-4999-96f6-b440b10e5305,M-1605,ORD-20260827-1998-0201,CONCESSION_ACCRUAL,25,356,2026-08-27T23:09:40+08:00
1a039a26-c446-439d-936a-9960e6d7015d,M-1298,ORD-20260827-4756-0202,CONCESSION_ACCRUAL,11,749,2026-08-27T13:36:53+08:00
75bd0134-be27-4e22-8395-280508daf884,M-1298,TIER_UPGRADE_Silver_TO_Gold,TIER_BONUS,100,849,2026-08-27T13:36:53+08:00
6b21aede-3da0-49bc-b590-0e33dd795551,M-1976,ORD-20260827-9147-0203,CONCESSION_ACCRUAL,9,195,2026-08-27T22:59:57+08:00
2dac72e9-a9fc-41b6-b7ee-5003baa46450,M-1556,ORD-20260827-3370-0204,CONCESSION_ACCRUAL,3,630,2026-08-27T23:44:22+08:00
c99d6be6-9a32-40f1-9d33-e1d240bb103e,M-1057,ORD-20260827-7616-0205,CONCESSION_ACCRUAL,31,420,2026-08-27T23:53:39+08:00
5c4fc51c-588b-44a5-a5ec-1b5deb7ee220,M-1407,ORD-20260827-8107-0206,CONCESSION_ACCRUAL,8,209,2026-08-27T14:23:14+08:00
13c46e3a-5f8b-4834-bdff-b10363f188ff,M-1452,ORD-20260827-8991-0207,CONCESSION_ACCRUAL,30,60,2026-08-27T15:44:12+08:00
2164fbad-17f1-45b2-9aa7-8a8a4f4285d6,M-1127,ORD-20260827-9289-0208,CONCESSION_ACCRUAL,8,203,2026-08-27T18:55:21+08:00
7a3ba7fb-9b93-4c88-b853-da4751b45553,M-1127,TIER_UPGRADE_Silver_TO_Gold,TIER_BONUS,100,303,2026-08-27T18:55:21+08:00
c9b78032-8cc6-4e5b-a219-cf94383e6f00,M-1540,ORD-20260827-2680-0209,CONCESSION_ACCRUAL,27,363,2026-08-27T22:55:23+08:00
959e2b23-7245-49ac-87d4-5ff0461e95e7,M-1410,ORD-20260827-1392-0210,CONCESSION_ACCRUAL,16,524,2026-08-27T23:13:10+08:00
e60a2003-4de9-4b73-8583-89652df45022,M-2186,ORD-20260827-4149-0211,CONCESSION_ACCRUAL,27,348,2026-08-27T23:32:13+08:00
a58f9f77-605d-4f36-a2d9-023fd5228209,M-1003,ORD-20260827-8584-0212,CONCESSION_ACCRUAL,25,287,2026-08-27T18:08:53+08:00
e66d6b19-e200-4769-8cc9-3f79ad4a58b6,M-1825,ORD-20260827-3983-0213,CONCESSION_ACCRUAL,15,328,2026-08-27T18:53:10+08:00
9b041917-a133-4466-baa4-1f7457b7975c,M-1513,ORD-20260827-3796-0214,CONCESSION_ACCRUAL,10,134,2026-08-27T20:18:01+08:00
a4a0d112-f50c-4795-9aff-7fae9e327d32,M-1028,ORD-20260827-4828-0215,CONCESSION_ACCRUAL,24,145,2026-08-27T19:16:43+08:00
6419fb4d-e82d-45b9-9b14-e9d3c1d54797,M-2063,ORD-20260827-5376-0216,CONCESSION_ACCRUAL,25,288,2026-08-27T23:47:57+08:00
ef6d650a-4e23-495c-9cee-4cd101530d64,M-1431,ORD-20260827-6545-0217,CONCESSION_ACCRUAL,3,583,2026-08-27T21:04:58+08:00
ee6a8c5d-888f-4c0c-a47c-81fb3da7da54,M-2051,ORD-20260827-1436-0218,CONCESSION_ACCRUAL,19,233,2026-08-27T19:25:59+08:00
5ea97dc5-88a6-4433-972f-77a72f5cdebb,M-1782,ORD-20260827-1985-0219,CONCESSION_ACCRUAL,54,587,2026-08-27T21:09:09+08:00
1d6e78bd-477e-4e92-9995-29a57caf2da6,M-2090,ORD-20260828-2997-0220,CONCESSION_ACCRUAL,18,89,2026-08-28T03:43:45+08:00
875d5a23-f9ef-4e5d-b318-a3acc187a961,M-2130,ORD-20260827-9504-0221,CONCESSION_ACCRUAL,9,260,2026-08-27T19:51:15+08:00
c3275430-0f72-4985-bae0-e78dd491b43b,M-1675,ORD-20260827-3844-0222,CONCESSION_ACCRUAL,9,2304,2026-08-27T21:29:21+08:00
442e0623-d1a6-48ee-badb-dc764c5dc47b,M-1591,ORD-20260828-6967-0223,CONCESSION_ACCRUAL,18,1845,2026-08-28T01:22:28+08:00
ff2fcbbe-7d4f-41f0-9079-5f48ccfa6b62,M-1794,ORD-20260828-3596-0224,CONCESSION_ACCRUAL,30,450,2026-08-28T04:22:48+08:00
fa65a48b-5efd-465d-a960-6404de3ed49d,M-1101,ORD-20260827-5478-0225,CONCESSION_ACCRUAL,9,824,2026-08-27T17:27:07+08:00
f1e763fd-0708-4bb9-a7e6-6ce677acf9bb,M-1067,ORD-20260827-7352-0226,CONCESSION_ACCRUAL,18,486,2026-08-27T21:41:28+08:00
b209d99a-6b45-4117-9a16-6f20c8084623,M-1080,ORD-20260828-9555-0227,CONCESSION_ACCRUAL,12,467,2026-08-28T00:45:49+08:00
2f98e292-60fb-4b24-99bb-d40389927113,M-1238,ORD-20260828-4368-0228,CONCESSION_ACCRUAL,9,273,2026-08-28T00:24:31+08:00
4465a887-ebe2-44b9-af0b-912cc1b8cb89,M-2063,ORD-20260827-6320-0229,CONCESSION_ACCRUAL,26,314,2026-08-27T14:33:00+08:00
cde6cf39-9ffd-4ba4-a4bd-1aec64483577,M-1072,ORD-20260827-8264-0230,CONCESSION_ACCRUAL,3,342,2026-08-27T12:49:00+08:00
93207c89-c079-4e41-b403-27b612f394cc,M-1105,ORD-20260827-5283-0231,CONCESSION_ACCRUAL,22,451,2026-08-27T16:33:00+08:00
f5fe0320-ae38-4681-bb4f-3d6a67a36df1,M-1606,ORD-20260827-2146-0232,CONCESSION_ACCRUAL,9,506,2026-08-27T16:13:00+08:00
cb5a3737-aabb-4bc5-9112-c0722dca7c3c,M-1931,ORD-20260827-8215-0233,CONCESSION_ACCRUAL,11,230,2026-08-27T17:14:00+08:00
338a6c03-2c21-4d58-abb5-13e437c38f21,M-1478,ORD-20260827-4571-0234,CONCESSION_ACCRUAL,16,177,2026-08-27T12:20:00+08:00
7f35620f-35a1-4dc1-afe6-22ca51422da6,M-1220,ORD-20260827-6365-0235,CONCESSION_ACCRUAL,13,1979,2026-08-27T17:48:00+08:00
a20dc474-f862-4307-9c0f-0dcbc51cacf3,M-1341,ORD-20260827-7749-0236,CONCESSION_ACCRUAL,26,224,2026-08-27T18:02:00+08:00
5171db67-d36c-4f67-a0f4-f56c279e35a1,M-2064,ORD-20260827-8368-0237,CONCESSION_ACCRUAL,9,194,2026-08-27T10:46:00+08:00
cc8c81db-d687-43ac-b4d0-3e54e5685220,M-1927,ORD-20260827-9414-0238,CONCESSION_ACCRUAL,12,116,2026-08-27T09:04:00+08:00
70825ce3-5a94-46e9-b9cb-c5c2a75bab82,M-1666,ORD-20260827-4221-0239,CONCESSION_ACCRUAL,16,224,2026-08-27T16:31:00+08:00
0459d9b8-84f8-4c3d-acd3-ce623000aa1d,M-2172,ORD-20260827-9442-0240,CONCESSION_ACCRUAL,22,632,2026-08-27T18:39:00+08:00
6a64689e-abdd-4068-861d-6d0980c7c72d,M-2150,ORD-20260827-1066-0241,CONCESSION_ACCRUAL,6,193,2026-08-27T11:18:00+08:00
aab0f756-50cb-42b7-bfe6-dada491bf1f2,M-1272,ORD-20260827-7265-0242,CONCESSION_ACCRUAL,26,1278,2026-08-27T17:05:00+08:00
edb89144-5178-41ae-a5b4-706d6e113b5d,M-1124,ORD-20260827-8596-0243,CONCESSION_ACCRUAL,18,445,2026-08-27T12:53:00+08:00
58849854-c1c9-41b5-a2f9-e460bb0c5a7a,M-1041,ORD-20260827-4336-0244,CONCESSION_ACCRUAL,18,900,2026-08-27T21:52:00+08:00
5314d734-1f37-4dbb-90f3-a94e3371bf03,M-1651,ORD-20260827-7839-0245,CONCESSION_ACCRUAL,19,568,2026-08-27T17:24:00+08:00
8d2feecc-6a35-4d0d-8b41-ac140eae3732,M-1868,ORD-20260827-9411-0246,CONCESSION_ACCRUAL,20,114,2026-08-27T12:40:00+08:00
49627333-d396-4db2-94a4-58cd4f7c9cd1,M-1865,ORD-20260827-2700-0247,CONCESSION_ACCRUAL,25,419,2026-08-27T10:22:00+08:00
e6f98774-eb99-4af2-aae3-c2288150e5a5,M-1874,ORD-20260827-8113-0248,CONCESSION_ACCRUAL,18,76,2026-08-27T09:54:00+08:00
55180cde-f059-4c8e-909b-c632b36643fd,M-1478,ORD-20260827-9715-0249,CONCESSION_ACCRUAL,19,196,2026-08-27T14:52:00+08:00
12b3a37c-09e7-4fa2-b90b-702ced53b327,M-1966,ORD-20260827-7623-0250,CONCESSION_ACCRUAL,9,139,2026-08-27T19:29:00+08:00
d56ea172-a3b1-42a9-acab-da2c45e07d22,M-1449,ORD-20260827-3657-0251,CONCESSION_ACCRUAL,39,245,2026-08-27T20:22:00+08:00
c8567b94-cbdf-41c6-b06e-ae39b96fdf34,M-1673,ORD-20260827-4330-0252,CONCESSION_ACCRUAL,16,324,2026-08-27T18:09:00+08:00
3cbc1146-23f6-4fd5-9088-19bb025ab569,M-2017,ORD-20260827-8054-0253,CONCESSION_ACCRUAL,46,298,2026-08-27T13:54:00+08:00
1f35ac7b-da7e-4c3e-a5ed-7d9d434f255a,M-1256,ORD-20260827-4278-0254,CONCESSION_ACCRUAL,9,213,2026-08-27T21:55:00+08:00
a43b9381-2e02-4138-b2c6-a68f38635018,M-1254,ORD-20260827-3735-0255,CONCESSION_ACCRUAL,33,611,2026-08-27T13:34:00+08:00
710478f6-072c-456e-a0ff-584b03caf827,M-1221,ORD-20260827-8685-0256,CONCESSION_ACCRUAL,4,524,2026-08-27T22:16:00+08:00
e6d92ca9-a659-4d92-bc61-63330b84a2f8,M-1098,ORD-20260827-6245-0257,CONCESSION_ACCRUAL,60,627,2026-08-27T09:25:00+08:00
acb6c3dc-2b1e-4e37-9e16-58a26b234175,M-1438,ORD-20260827-2137-0258,CONCESSION_ACCRUAL,9,2617,2026-08-27T21:22:00+08:00
14b3193e-e356-411e-b718-d87900e70b4b,M-1744,ORD-20260827-3457-0259,CONCESSION_ACCRUAL,11,987,2026-08-27T13:45:00+08:00
866a70e2-9aa0-4558-b665-334b4f494c7d,M-1854,ORD-20260827-7048-0260,CONCESSION_ACCRUAL,21,250,2026-08-27T10:59:00+08:00
3a49759e-c225-4e07-81a5-7327d3f7c0c4,M-1791,ORD-20260827-1806-0261,CONCESSION_ACCRUAL,13,128,2026-08-27T09:17:00+08:00
467f327f-20dc-418e-aae9-d5ee3a065fcf,M-1702,ORD-20260827-2807-0262,CONCESSION_ACCRUAL,20,332,2026-08-27T17:58:00+08:00
ab6c5327-10f4-4fb3-ae58-4461376eb1ab,M-1270,ORD-20260827-9761-0263,CONCESSION_ACCRUAL,11,1221,2026-08-27T18:12:00+08:00
d7d11034-aabd-424f-9c88-8c6d1cd345d8,M-1670,ORD-20260827-2475-0264,CONCESSION_ACCRUAL,14,61,2026-08-27T13:26:00+08:00
e4cf7cc8-2ea1-4cea-a17a-5dda9bd48b0f,M-1806,ORD-20260827-8681-0265,CONCESSION_ACCRUAL,26,348,2026-08-27T09:53:00+08:00
6bfd547f-3944-4b5e-88a2-338ebfc53d31,M-1973,ORD-20260827-5562-0266,CONCESSION_ACCRUAL,3,129,2026-08-27T16:39:00+08:00
ca3b8386-6858-471d-974d-acb3b11ea4e5,M-1993,ORD-20260827-1882-0267,CONCESSION_ACCRUAL,11,155,2026-08-27T09:44:00+08:00
dbbfb11d-b5aa-4e3a-97da-30ff43621bc3,M-1648,ORD-20260827-2085-0268,CONCESSION_ACCRUAL,12,403,2026-08-27T14:32:00+08:00
57d1b5af-ab6f-46a4-aee1-6386ca88e37e,M-1906,ORD-20260827-7492-0269,CONCESSION_ACCRUAL,18,98,2026-08-27T11:26:00+08:00
0778fb52-9a93-4c1f-89aa-99d9f1ce2732,M-1378,ORD-20260827-7793-0270,CONCESSION_ACCRUAL,23,301,2026-08-27T14:04:00+08:00
b2919f8c-43db-49ac-a063-45414774fb20,M-1887,ORD-20260827-1153-0271,CONCESSION_ACCRUAL,9,143,2026-08-27T17:21:00+08:00
99f0afd0-bbac-46a6-a0be-3a1f237c5620,M-1218,ORD-20260827-7798-0272,CONCESSION_ACCRUAL,8,216,2026-08-27T11:07:00+08:00
45ae0abb-bd34-4206-b0ea-b446193e355f,M-1350,ORD-20260827-6774-0273,CONCESSION_ACCRUAL,31,650,2026-08-27T09:50:00+08:00
c2f4c3e3-e679-4d4b-8814-d49ab5b2bfe1,M-2066,ORD-20260827-4040-0274,CONCESSION_ACCRUAL,12,19,2026-08-27T22:45:00+08:00
89325ad2-37e0-4fd2-ad95-89bea2e805f1,M-1746,ORD-20260827-3631-0275,CONCESSION_ACCRUAL,11,142,2026-08-27T17:41:00+08:00
34a91211-0d36-4659-b0f1-74dbec5cd2bb,M-1156,ORD-20260827-8253-0276,CONCESSION_ACCRUAL,7,137,2026-08-27T15:32:00+08:00
4f0fba7d-e7d0-4dd7-a11e-5d8e56976b02,M-1804,ORD-20260827-2136-0277,CONCESSION_ACCRUAL,16,307,2026-08-27T18:32:00+08:00
8ac5020b-8ca0-40fe-bbfe-7adce7adcb6b,M-1769,ORD-20260827-6949-0278,CONCESSION_ACCRUAL,29,394,2026-08-27T11:39:00+08:00
d0370d30-3c34-4dec-a8a3-8623c54c57c3,M-1499,ORD-20260827-8707-0279,CONCESSION_ACCRUAL,19,292,2026-08-27T12:10:00+08:00
36ac928e-de09-4a67-a05c-94c4634581d6,M-2186,ORD-20260827-7151-0280,CONCESSION_ACCRUAL,11,359,2026-08-27T17:45:00+08:00
30832e18-69b4-416a-8779-db32846df1e8,M-1228,ORD-20260827-7866-0281,CONCESSION_ACCRUAL,15,358,2026-08-27T11:45:00+08:00
86b2bb3a-5f68-4983-b3a1-f2651a664802,M-1763,ORD-20260827-6051-0282,CONCESSION_ACCRUAL,3,120,2026-08-27T15:06:00+08:00
efdbb547-e60b-4c54-b894-e4bc173930b4,M-2077,ORD-20260827-1122-0283,CONCESSION_ACCRUAL,26,328,2026-08-27T17:55:00+08:00
b264a442-78bb-4171-900a-feafc0785de3,M-1140,ORD-20260827-8112-0284,CONCESSION_ACCRUAL,19,596,2026-08-27T21:15:00+08:00
54c75bdd-3a14-4590-9486-cdc22f819e7c,M-1106,ORD-20260827-8664-0285,CONCESSION_ACCRUAL,3,269,2026-08-27T13:24:00+08:00
05dc6db6-e95c-4a18-ac69-1ceaef8eab55,M-1409,ORD-20260827-9704-0286,CONCESSION_ACCRUAL,12,503,2026-08-27T13:18:00+08:00
cb7cae3d-1177-46ac-b0a7-bad241700c5a,M-1030,ORD-20260827-2425-0287,CONCESSION_ACCRUAL,8,182,2026-08-27T10:54:00+08:00
9c90c732-4a08-4b7c-bbaf-986193806949,M-1319,ORD-20260827-7608-0288,CONCESSION_ACCRUAL,15,76,2026-08-27T20:44:00+08:00
20485ae0-fdea-4b16-b091-459effc14ce2,M-1575,ORD-20260827-1680-0289,CONCESSION_ACCRUAL,22,194,2026-08-27T09:31:00+08:00
f23fcadf-a13d-4611-88c2-4ddfb64a6c5a,M-1643,ORD-20260827-2770-0290,CONCESSION_ACCRUAL,30,374,2026-08-27T12:41:00+08:00
27c4460d-bba9-4ced-8a1e-3545061f2679,M-1144,ORD-20260827-7227-0291,CONCESSION_ACCRUAL,11,42,2026-08-27T20:48:00+08:00
b79698fd-5259-4959-a81e-0300744acf88,M-1895,ORD-20260827-9597-0292,CONCESSION_ACCRUAL,15,98,2026-08-27T13:23:00+08:00
14e87d1b-9a27-4421-9542-8522789c4803,M-1375,ORD-20260827-3199-0293,CONCESSION_ACCRUAL,23,164,2026-08-27T20:52:00+08:00
27240b82-5028-4e95-bfd1-3da7fee7768f,M-1140,ORD-20260827-6104-0294,CONCESSION_ACCRUAL,11,607,2026-08-27T14:18:00+08:00
8edad754-6568-459e-a558-72577b2a2735,M-1084,ORD-20260827-1808-0295,CONCESSION_ACCRUAL,3,282,2026-08-27T21:55:00+08:00
bd0c5d79-2dce-4e6f-be14-529b8b52685f,M-1881,ORD-20260827-8566-0296,CONCESSION_ACCRUAL,15,219,2026-08-27T14:28:00+08:00
28e13519-a735-4767-b5c9-f7b14f18ae07,M-1669,ORD-20260827-3052-0297,CONCESSION_ACCRUAL,44,355,2026-08-27T19:15:00+08:00
ba4fa53c-a21f-49cf-8484-7fd05cd1ecff,M-1297,ORD-20260827-9962-0298,CONCESSION_ACCRUAL,7,303,2026-08-27T16:45:00+08:00
598725eb-b1c6-4ee3-b641-d0b1d57a6cdf,M-1008,ORD-20260827-2000-0299,CONCESSION_ACCRUAL,22,173,2026-08-27T17:33:00+08:00
a0f371be-f9d4-4823-9b00-661be07907e1,M-2021,ORD-20260827-7899-0300,CONCESSION_ACCRUAL,25,251,2026-08-27T16:58:00+08:00
f44b3e62-68be-4b7b-8fb5-21fbdaeae5c3,M-1979,ORD-20260827-6025-0301,CONCESSION_ACCRUAL,8,160,2026-08-27T11:57:00+08:00
6a81ca2b-6d9c-4739-af98-aa20054f7c1b,M-1387,ORD-20260827-8044-0302,CONCESSION_ACCRUAL,15,234,2026-08-27T10:18:00+08:00
339a18b1-7749-49d6-8361-52a9d8a6189e,M-1637,ORD-20260827-8224-0303,CONCESSION_ACCRUAL,11,1430,2026-08-27T10:43:00+08:00
87476e62-3983-471a-97ae-22379887b9a5,M-1224,ORD-20260827-1197-0304,CONCESSION_ACCRUAL,32,373,2026-08-27T18:08:00+08:00
