ledger_id,member_id,source_reference_id,transaction_type,points_delta,resulting_balance,created_at
3b1c65b2-de91-445f-82a3-e00f8face368,M-1672,SESS-20260802-5828-0000,RENTAL_ACCRUAL,11,240,2026-08-02T14:15:00+08:00
ed66026a-07af-4cba-9f5c-c0c996f9fdf6,M-1629,SESS-20260802-6060-0001,RENTAL_ACCRUAL,11,177,2026-08-02T20:45:00+08:00
bc9ce803-ee29-49b5-89c8-c1a2acabd07a,M-2074,SESS-20260802-1985-0002,RENTAL_REDEMPTION,-100,162,2026-08-02T20:30:00+08:00
387cba2b-8c79-4615-94a2-452787ecdb4c,M-2074,SESS-20260802-1985-0002,RENTAL_ACCRUAL,38,200,2026-08-03T01:30:00+08:00
5b35f315-fea9-4cc8-869a-08d0e9b46729,M-1229,SESS-20260802-6875-0003,RENTAL_ACCRUAL,27,105,2026-08-02T23:45:00+08:00
b0b87a19-4fe6-4ac9-b178-225d0742fb10,M-1696,SESS-20260802-9301-0004,RENTAL_ACCRUAL,18,1020,2026-08-02T23:50:00+08:00
bac7d2ed-8383-444e-94c3-49813e1c4202,M-1228,SESS-20260802-8605-0005,RENTAL_ACCRUAL,18,331,2026-08-02T18:15:00+08:00
bc8ccbf0-7ac5-401f-bfa1-cec8a6a4cc29,M-1789,SESS-20260802-7715-0006,RENTAL_ACCRUAL,11,195,2026-08-02T18:30:00+08:00
fc7a5217-10bf-4c90-91e8-1cbe3c45a750,M-1386,SESS-20260802-9713-0007,RENTAL_ACCRUAL,40,339,2026-08-03T00:30:00+08:00
55e622e6-8735-4429-a329-1fff435792a7,M-1712,SESS-20260802-6100-0008,RENTAL_REDEMPTION,-100,280,2026-08-02T08:00:00+08:00
82af3d72-d624-4b42-8c2b-3c385631f903,M-1712,SESS-20260802-6100-0008,RENTAL_ACCRUAL,34,314,2026-08-02T11:00:00+08:00
494ec0b4-6b1e-403c-8ef8-245d49c5f6d0,M-1262,SESS-20260802-6162-0009,RENTAL_ACCRUAL,11,42,2026-08-02T15:15:00+08:00
e3c0adef-d9c1-4507-a57b-b212f07577ca,M-1831,SESS-20260802-2648-0010,RENTAL_ACCRUAL,18,235,2026-08-02T22:30:00+08:00
3c72aa58-6cbb-43ea-9f9a-aed0d9ed13ad,M-1472,SESS-20260802-9847-0011,RENTAL_ACCRUAL,45,128,2026-08-02T15:30:00+08:00
380d55ab-0f81-4a5f-84b5-805ecd1437bf,M-1619,SESS-20260802-9226-0012,RENTAL_ACCRUAL,45,193,2026-08-02T16:30:00+08:00
c3e63bea-d427-45e2-ac07-a424c321cfc5,M-2064,SESS-20260802-1148-0013,RENTAL_ACCRUAL,36,126,2026-08-02T15:30:00+08:00
593aa9a6-30f3-4bc2-a3c2-9ca78efb3914,M-2064,TIER_UPGRADE_Standard_TO_Silver,TIER_BONUS,50,176,2026-08-02T15:30:00+08:00
942d4a7a-1870-4bcb-91bf-a67e3c303df9,M-1672,SESS-20260802-9569-0014,RENTAL_ACCRUAL,27,267,2026-08-02T22:15:00+08:00
a63c7a2d-5e04-4b82-b6f9-7be1953787f0,M-1453,SESS-20260802-3412-0015,RENTAL_ACCRUAL,27,115,2026-08-02T23:30:00+08:00
4fbbe3d8-9456-4ec0-b0d7-90743d3587e4,M-1817,SESS-20260802-6803-0016,RENTAL_ACCRUAL,5,207,2026-08-02T15:45:00+08:00
cebaf402-a3e5-4560-8728-c9b64526971e,M-1030,SESS-20260802-9380-0017,RENTAL_ACCRUAL,16,300,2026-08-02T08:00:00+08:00
fdc0c748-79b8-4b21-ad95-41c827eaf221,M-1632,SESS-20260802-4838-0018,RENTAL_ACCRUAL,30,1262,2026-08-02T21:45:00+08:00
bd833ae4-d82a-4c97-ae49-9925513d52d5,M-1119,SESS-20260802-4693-0019,RENTAL_ACCRUAL,28,367,2026-08-02T16:15:00+08:00
9abef702-92ee-4275-961a-d7a7e8ae34bb,M-1279,SESS-20260802-5005-0020,RENTAL_REDEMPTION,-200,74,2026-08-02T19:15:00+08:00
5f98dd1c-e57e-4592-90cb-2c8bf1a80f7c,M-1279,SESS-20260802-5005-0020,RENTAL_ACCRUAL,55,129,2026-08-03T00:15:00+08:00
7a8fef3f-d682-40df-bf16-d60a8b78cfca,M-2084,SESS-20260802-9821-0021,RENTAL_ACCRUAL,16,184,2026-08-02T11:30:00+08:00
d713f139-94f9-4d6d-9393-334143fb8fff,M-1688,SESS-20260802-2090-0022,RENTAL_ACCRUAL,48,538,2026-08-02T23:00:00+08:00
ee9ed631-c307-4213-b4af-7be406512a33,M-1339,SESS-20260802-2158-0023,RENTAL_REDEMPTION,-300,51,2026-08-02T20:45:00+08:00
3d736dcf-b503-4f66-91b2-fb04ed6907f8,M-1339,SESS-20260802-2158-0023,RENTAL_ACCRUAL,8,59,2026-08-02T23:45:00+08:00
6f9bbcc0-65d7-4878-a914-e1909f0209ff,M-1666,SESS-20260802-8619-0024,RENTAL_REDEMPTION,-100,46,2026-08-02T17:30:00+08:00
2f3b310f-042d-47c8-bff3-28e49611bf90,M-1666,SESS-20260802-8619-0024,RENTAL_ACCRUAL,10,56,2026-08-02T20:30:00+08:00
cf8bb073-8915-4322-84c5-8b07179d00c5,M-1783,SESS-20260802-7301-0025,RENTAL_ACCRUAL,27,546,2026-08-02T13:05:00+08:00
2efe5f1b-683a-40cd-91f6-6aff82e87c9f,M-1839,SESS-20260802-5866-0026,RENTAL_ACCRUAL,45,382,2026-08-02T19:45:00+08:00
1e52d4b8-7269-4900-a5a7-a383a624e008,M-1013,SESS-20260802-9050-0027,RENTAL_ACCRUAL,16,356,2026-08-02T14:00:00+08:00
4d8363a5-ee84-45f0-a836-a2082a162d94,M-1876,SESS-20260802-4409-0028,RENTAL_ACCRUAL,10,35,2026-08-02T22:30:00+08:00
06cb7a11-b182-4923-ba81-5983fca7b987,M-1405,SESS-20260802-5530-0029,RENTAL_ACCRUAL,16,292,2026-08-03T01:45:00+08:00
70d344a6-5c79-47d3-9dbc-c8422e1c223e,M-1454,SESS-20260802-7587-0030,RENTAL_ACCRUAL,72,1548,2026-08-03T01:30:00+08:00
24b74766-4d37-498d-b7c2-c4b1206e4304,M-1767,SESS-20260802-2137-0031,RENTAL_ACCRUAL,16,349,2026-08-02T20:15:00+08:00
f5eb8e8e-f2cf-4bda-bbec-5faa1f7af77d,M-1568,SESS-20260802-2344-0032,RENTAL_ACCRUAL,11,520,2026-08-02T17:35:00+08:00
7c0a4318-510d-465a-83e9-6e728471c3ff,M-1365,SESS-20260802-6026-0033,RENTAL_ACCRUAL,11,87,2026-08-02T20:00:00+08:00
1ee34e58-1c95-482c-a88c-36ebbdae25c6,M-1194,SESS-20260802-8097-0034,RENTAL_REDEMPTION,-300,92,2026-08-02T22:15:00+08:00
8dbf1b3e-fff4-4c52-ab6d-5a9f0c48b416,M-1194,SESS-20260802-8097-0034,RENTAL_ACCRUAL,26,118,2026-08-03T06:15:00+08:00
87262979-3508-43c5-872b-cecf1aea01b0,M-1040,SESS-20260802-7442-0035,RENTAL_ACCRUAL,16,762,2026-08-02T08:30:00+08:00
a5900281-c639-4a32-b05d-eec74883395c,M-1730,SESS-20260802-5997-0036,RENTAL_REDEMPTION,-100,20,2026-08-02T16:00:00+08:00
0383633a-d4cf-407a-9c65-f5a65e8d6222,M-1730,SESS-20260802-5997-0036,RENTAL_ACCRUAL,38,58,2026-08-03T00:00:00+08:00
1c6e4b0e-38fb-49c6-98dc-5098fa8d86ac,M-1166,SESS-20260802-3507-0037,RENTAL_ACCRUAL,5,332,2026-08-02T06:45:00+08:00
ce898c34-1911-4fa2-93ac-e743da1f767c,M-1058,SESS-20260802-3547-0038,RENTAL_ACCRUAL,5,303,2026-08-02T16:30:00+08:00
bf280738-8847-464f-931d-0cb331f85163,M-1660,SESS-20260802-3449-0039,RENTAL_ACCRUAL,5,335,2026-08-02T20:30:00+08:00
6e921244-22ef-40ba-895c-240625b953d2,M-1062,SESS-20260802-6120-0040,RENTAL_ACCRUAL,27,450,2026-08-02T16:15:00+08:00
02d3dd9b-3439-4bde-b79d-0108c4bd15d5,M-1147,SESS-20260802-5578-0041,RENTAL_ACCRUAL,45,600,2026-08-02T18:00:00+08:00
4a522496-75b8-45af-a946-adcae2cdbda9,M-1392,SESS-20260802-3704-0042,RENTAL_ACCRUAL,6,968,2026-08-03T00:15:00+08:00
44f54f60-4f3f-4049-bdf3-d5b4c34fd140,M-1367,SESS-20260802-1956-0043,RENTAL_ACCRUAL,27,552,2026-08-02T19:00:00+08:00
1f1e54ee-8b22-4984-bf4b-5042b1e10bf3,M-1934,SESS-20260802-6275-0044,RENTAL_ACCRUAL,45,192,2026-08-02T22:20:00+08:00
f7b5c3b1-9410-46d3-a073-e9fd28ba9b54,M-1766,SESS-20260802-4442-0045,RENTAL_REDEMPTION,-200,554,2026-08-02T14:45:00+08:00
99259258-ced1-4a3c-a632-dd55423cbe71,M-1766,SESS-20260802-4442-0045,RENTAL_ACCRUAL,4,558,2026-08-02T17:45:00+08:00
efcdf04f-4aaa-4436-a527-830ce1530b39,M-1210,SESS-20260802-5085-0046,RENTAL_REDEMPTION,-100,1060,2026-08-02T16:00:00+08:00
bdc4bbcd-e37f-40be-9060-be58f99e3f5b,M-1210,SESS-20260802-5085-0046,RENTAL_ACCRUAL,4,1064,2026-08-02T18:00:00+08:00
9ab7d51c-c497-4700-a39f-7b517b44dd25,M-1025,SESS-20260802-1850-0047,RENTAL_ACCRUAL,18,64,2026-08-03T00:45:00+08:00
32ed9d4d-6390-4b4a-8f7d-d20c50a289c1,M-1802,SESS-20260802-5194-0048,RENTAL_REDEMPTION,-100,66,2026-08-02T20:45:00+08:00
83fb8678-caa6-41af-a599-6a600fb0a485,M-1802,SESS-20260802-5194-0048,RENTAL_ACCRUAL,5,71,2026-08-02T22:45:00+08:00
3ad341a2-ccba-446e-b43c-e32aaee2f876,M-1560,SESS-20260802-7502-0049,RENTAL_ACCRUAL,27,165,2026-08-02T23:00:00+08:00
e82e0eb8-e712-48ef-a1e1-66b2d67756cb,M-1508,SESS-20260802-4039-0050,RENTAL_ACCRUAL,28,468,2026-08-02T22:45:00+08:00
8ee1f92f-015d-4fd6-bc62-aacf704e7905,M-2077,SESS-20260802-4550-0051,RENTAL_REDEMPTION,-100,95,2026-08-02T13:15:00+08:00
9eb1d9d8-f957-4870-a119-404c5f8fa22d,M-2077,SESS-20260802-4550-0051,RENTAL_ACCRUAL,2,97,2026-08-02T14:15:00+08:00
7814baa3-036d-4542-9b23-d3d83f276644,M-1001,SESS-20260802-1005-0052,RENTAL_ACCRUAL,72,364,2026-08-03T00:15:00+08:00
7398bb40-aa96-4101-b8f5-7d7c91e06d42,M-1236,SESS-20260802-2198-0053,RENTAL_ACCRUAL,11,366,2026-08-03T01:15:00+08:00
6f8b53ef-2f14-46de-92e0-f2841bc6246b,M-1978,SESS-20260802-7832-0054,RENTAL_ACCRUAL,5,133,2026-08-02T22:15:00+08:00
e910ef60-528e-45f1-9868-c85d2e565cd9,M-1109,SESS-20260802-6900-0055,RENTAL_ACCRUAL,11,416,2026-08-02T10:45:00+08:00
64d9c96a-f033-496f-9345-b7203e0c6b14,M-1754,SESS-20260802-7941-0056,RENTAL_ACCRUAL,16,199,2026-08-02T18:00:00+08:00
55bd958b-b360-4d81-93f4-95b75843da3b,M-1202,SESS-20260802-6265-0057,RENTAL_ACCRUAL,6,1653,2026-08-02T20:15:00+08:00
a0a7ece7-6bad-4bc4-a181-36e6b56099ed,M-1189,SESS-20260802-6438-0058,RENTAL_ACCRUAL,45,124,2026-08-02T14:30:00+08:00
021fec7f-15bd-4cf2-8122-d919bab127aa,M-1043,SESS-20260802-8556-0059,RENTAL_ACCRUAL,6,880,2026-08-02T04:00:00+08:00
1430cb89-e2cb-4ef5-b08d-009158fe832a,M-1638,SESS-20260802-1838-0060,RENTAL_ACCRUAL,11,247,2026-08-02T12:00:00+08:00
e79aa37b-005c-403a-a1b2-6ba6a47146c7,M-1391,SESS-20260802-7322-0061,RENTAL_ACCRUAL,18,380,2026-08-02T21:30:00+08:00
9a991965-f2bc-4138-be51-320f00493bbd,M-1467,SESS-20260802-3951-0062,RENTAL_ACCRUAL,11,55,2026-08-02T22:30:00+08:00
088a450a-aa29-41e7-8b15-fddc4758ca4b,M-1738,SESS-20260802-4246-0063,RENTAL_ACCRUAL,5,171,2026-08-02T22:00:00+08:00
076df955-2372-4488-b393-ed2dcd0a762a,M-2192,SESS-20260802-7203-0064,RENTAL_ACCRUAL,10,70,2026-08-02T20:15:00+08:00
a284f025-5699-431c-a0e0-5e86c02322ce,M-1264,SESS-20260802-5266-0065,RENTAL_ACCRUAL,11,671,2026-08-02T20:45:00+08:00
ed70547e-246b-4314-8a98-248ac08a4ec2,M-1417,SESS-20260802-7560-0066,RENTAL_ACCRUAL,16,328,2026-08-03T01:05:00+08:00
63fd7c52-1f19-43c6-96ae-7532e1aa6363,M-1460,SESS-20260802-4844-0067,RENTAL_ACCRUAL,16,287,2026-08-02T23:30:00+08:00
fa357e04-c0b8-4893-b1d4-5fadf988015e,M-1374,SESS-20260802-6043-0068,RENTAL_ACCRUAL,45,518,2026-08-03T02:15:00+08:00
d9a65f0c-d369-47bf-9d42-e809a38cb2c0,M-1769,SESS-20260802-2227-0069,RENTAL_ACCRUAL,27,288,2026-08-02T04:20:00+08:00
ed21ab23-c13d-410e-9c4d-69950bf2858a,M-1745,SESS-20260802-3283-0070,RENTAL_REDEMPTION,-100,20,2026-08-02T15:15:00+08:00
335294e3-531d-484d-915c-da3e9283b322,M-1745,SESS-20260802-3283-0070,RENTAL_ACCRUAL,5,25,2026-08-02T17:15:00+08:00
7e19fc31-3cb8-48a3-8611-adc0f7828861,M-1747,SESS-20260802-2982-0071,RENTAL_REDEMPTION,-100,49,2026-08-02T10:30:00+08:00
d76efa3c-0e46-487e-a351-32cd955dfecd,M-1747,SESS-20260802-2982-0071,RENTAL_ACCRUAL,38,87,2026-08-02T18:30:00+08:00
8f9d123a-cb04-4626-9fe2-0f8d82935a80,M-1555,SESS-20260802-7389-0072,RENTAL_ACCRUAL,5,188,2026-08-02T21:00:00+08:00
4349ce3b-1771-4ec0-93eb-6bf9528e7a03,M-1399,SESS-20260802-5369-0073,RENTAL_REDEMPTION,-100,73,2026-08-02T18:15:00+08:00
ddcbbdd0-2d7f-4db0-8287-73773502f012,M-1399,SESS-20260802-5369-0073,RENTAL_ACCRUAL,7,80,2026-08-02T19:15:00+08:00
28ebf958-44ea-4388-b00c-3cecf5c80fde,M-1269,SESS-20260802-8412-0074,RENTAL_ACCRUAL,27,352,2026-08-03T02:15:00+08:00
a3554970-a9cb-476e-aa7f-70c7ccc15509,M-1750,SESS-20260802-9231-0075,RENTAL_ACCRUAL,11,82,2026-08-02T23:15:00+08:00
690d9064-fe38-4e3f-922a-cdf3da228f09,M-1281,SESS-20260802-4613-0076,RENTAL_ACCRUAL,27,742,2026-08-02T15:45:00+08:00
670c28fb-12c9-4f58-ab3c-f86f4c53df6c,M-2190,SESS-20260802-5414-0077,RENTAL_REDEMPTION,-100,87,2026-08-02T21:00:00+08:00
1290936b-fda6-4fb0-ad73-0dfa22184c05,M-2190,SESS-20260802-5414-0077,RENTAL_ACCRUAL,7,94,2026-08-02T22:00:00+08:00
87bc5680-b9dd-48e8-bf0e-acb536b46ba3,M-1566,SESS-20260802-3963-0078,RENTAL_ACCRUAL,28,645,2026-08-02T17:00:00+08:00
9ab00f75-2ec6-48de-b165-ff49bb765ec9,M-1865,SESS-20260802-2062-0079,RENTAL_REDEMPTION,-100,69,2026-08-02T17:00:00+08:00
799d7ca4-fed2-4751-afd5-5690b7640eb5,M-1865,SESS-20260802-2062-0079,RENTAL_ACCRUAL,5,74,2026-08-02T19:00:00+08:00
bf7374d9-29e1-47e1-a411-44a1b6519533,M-1237,SESS-20260802-8604-0080,RENTAL_ACCRUAL,40,134,2026-08-02T22:15:00+08:00
085ac8d9-3489-4e75-be7a-637b12aca64f,M-1472,SESS-20260802-8607-0081,RENTAL_ACCRUAL,27,155,2026-08-02T20:30:00+08:00
4e7f8413-d03d-4c2e-861f-c46e5bf110d8,M-2176,SESS-20260802-1238-0082,RENTAL_ACCRUAL,40,47,2026-08-02T12:45:00+08:00
8445bdf9-8176-4fc1-9663-77937c49b987,M-2017,SESS-20260802-9433-0083,RENTAL_ACCRUAL,15,152,2026-08-02T16:00:00+08:00
2f6bf52c-7b4a-4f75-bc4f-cf3cd9a5caa1,M-2196,SESS-20260802-1800-0084,RENTAL_ACCRUAL,8,97,2026-08-02T10:30:00+08:00
e80f9cb5-fec9-481e-b329-be07d13add8d,M-1160,SESS-20260802-1624-0085,RENTAL_ACCRUAL,27,335,2026-08-02T21:00:00+08:00
0e1f1074-5954-4e8d-aebc-1bd2c51d1eeb,M-1792,SESS-20260802-3658-0086,RENTAL_ACCRUAL,19,2100,2026-08-02T13:45:00+08:00
e35dc4b8-e2a2-459b-80d3-d2fb70478bbf,M-1842,SESS-20260802-8435-0087,RENTAL_ACCRUAL,27,434,2026-08-03T02:00:00+08:00
c6fefc81-a42d-42d8-b977-6fe8f92835e7,M-2123,SESS-20260802-6056-0088,RENTAL_REDEMPTION,-100,22,2026-08-02T16:00:00+08:00
2e4fc490-cabf-4cb9-a586-ad3aa719995e,M-2123,SESS-20260802-6056-0088,RENTAL_ACCRUAL,10,32,2026-08-02T19:00:00+08:00
92e293d4-646c-4616-a9ca-c71a6828e852,M-1350,SESS-20260802-1902-0089,RENTAL_ACCRUAL,9,541,2026-08-03T00:55:00+08:00
34a50052-3d9a-4193-bbfe-bb36e994d852,M-1712,SESS-20260802-7609-0090,RENTAL_ACCRUAL,18,332,2026-08-02T23:35:00+08:00
c966d9bb-dc7c-4f40-93b8-d4a631f76a9b,M-1562,SESS-20260802-3372-0091,RENTAL_ACCRUAL,16,1099,2026-08-02T22:15:00+08:00
5b0d60fd-c172-4ed6-9068-9fe2896aa8d6,M-1562,TIER_UPGRADE_Silver_TO_Gold,TIER_BONUS,100,1199,2026-08-02T22:15:00+08:00
c6818d49-7456-4546-bef4-81a2e1c044b6,M-1533,SESS-20260802-5246-0092,RENTAL_REDEMPTION,-100,575,2026-08-02T15:00:00+08:00
cae4212f-7491-4cc1-b223-df518a78a4f3,M-1533,SESS-20260802-5246-0092,RENTAL_ACCRUAL,2,577,2026-08-02T16:00:00+08:00
aa9d6939-5dde-4ffa-9647-fecacd37107b,M-1838,SESS-20260802-7810-0093,RENTAL_REDEMPTION,-400,374,2026-08-02T18:45:00+08:00
178c67d9-15b9-4923-a84a-31c4ba7252f7,M-1838,SESS-20260802-7810-0093,RENTAL_ACCRUAL,2,376,2026-08-02T20:45:00+08:00
96a6f8e0-9223-4e01-a736-4bff39654cb0,M-1082,SESS-20260802-4983-0094,RENTAL_REDEMPTION,-200,224,2026-08-02T23:20:00+08:00
62f5d56d-e11e-4b13-b3fb-7050e44c8403,M-1082,SESS-20260802-4983-0094,RENTAL_ACCRUAL,4,228,2026-08-03T02:20:00+08:00
63007fc3-5788-43b4-9327-69c5c286be7c,M-1925,SESS-20260802-2568-0095,RENTAL_REDEMPTION,-100,33,2026-08-02T08:45:00+08:00
adcb155f-e74a-4fe0-abc2-f9b3ec916ffe,M-1925,SESS-20260802-2568-0095,RENTAL_ACCRUAL,10,43,2026-08-02T11:45:00+08:00
a761dc9f-ce0a-421c-84cc-b8e4e430bf73,M-2025,SESS-20260802-3210-0096,RENTAL_ACCRUAL,28,245,2026-08-03T01:45:00+08:00
cede3c05-8669-47c0-9f58-d6b70eb35114,M-1654,SESS-20260802-1504-0097,RENTAL_REDEMPTION,-100,295,2026-08-02T20:45:00+08:00
7293a00c-fa45-4725-8b50-09882aa4def7,M-1654,SESS-20260802-1504-0097,RENTAL_ACCRUAL,10,305,2026-08-02T23:45:00+08:00
7865eb7d-babc-459d-a7d4-d11ac9e3e2e8,M-1557,SESS-20260802-2934-0098,RENTAL_ACCRUAL,5,409,2026-08-02T20:00:00+08:00
4004b483-92dd-469b-9df3-daeff83e1447,M-1540,SESS-20260802-7812-0099,RENTAL_ACCRUAL,11,70,2026-08-02T23:55:00+08:00
30a42b41-cfe6-4abc-81e2-d800dd206fe6,M-1685,SESS-20260802-7422-0100,RENTAL_ACCRUAL,12,169,2026-08-02T17:30:00+08:00
162d7e2f-3bdf-4712-8ec9-274beb95dc16,M-2076,SESS-20260802-6869-0101,RENTAL_ACCRUAL,25,144,2026-08-03T01:15:00+08:00
81f39eb1-9dcd-4be8-8904-9938e51347ce,M-1812,SESS-20260802-1247-0102,RENTAL_REDEMPTION,-100,379,2026-08-02T23:40:00+08:00
76ec912c-6ef0-419f-8eb4-d35513b894f8,M-1812,SESS-20260802-1247-0102,RENTAL_ACCRUAL,5,384,2026-08-03T01:40:00+08:00
0a7121e3-ccc4-44ef-b9e5-b713d7bce28f,M-1680,SESS-20260802-3169-0103,RENTAL_ACCRUAL,18,555,2026-08-02T22:30:00+08:00
748aea2c-a6b1-46c1-9b7f-2ee9cf0c7eb9,M-1579,SESS-20260802-2565-0104,RENTAL_REDEMPTION,-100,2521,2026-08-02T13:15:00+08:00
9bfa6ae6-44ea-46d3-a19f-3fb065db9e0b,M-1579,SESS-20260802-2565-0104,RENTAL_ACCRUAL,4,2525,2026-08-02T15:15:00+08:00
9ccb3f84-09c0-45b1-b352-8e71bc53c461,M-1686,SESS-20260802-9789-0105,RENTAL_ACCRUAL,18,95,2026-08-02T21:30:00+08:00
64cc90de-4c58-40f6-b853-54333fc7cf8f,M-1186,SESS-20260802-3857-0106,RENTAL_ACCRUAL,16,474,2026-08-02T07:30:00+08:00
58179b75-58cb-425c-a988-6bb17a5117d5,M-1851,SESS-20260802-5830-0107,RENTAL_ACCRUAL,5,111,2026-08-02T16:30:00+08:00
861ff27d-e587-448a-a475-f9001b08b9d5,M-2002,SESS-20260802-8661-0108,RENTAL_ACCRUAL,108,248,2026-08-03T00:15:00+08:00
ed4321b9-53f6-4d80-9b61-a6781a654b61,M-1599,SESS-20260802-1440-0109,RENTAL_ACCRUAL,5,256,2026-08-02T09:30:00+08:00
fd437ff2-2c78-463d-9516-2869ffa7c515,M-1784,SESS-20260802-7233-0110,RENTAL_ACCRUAL,28,329,2026-08-02T22:35:00+08:00
1d68ae4f-8707-4df0-bdcc-9f91916769c3,M-1483,SESS-20260802-5254-0111,RENTAL_ACCRUAL,16,546,2026-08-02T22:30:00+08:00
1d714b86-7d17-4adf-b8f5-6da55bf292f1,M-1291,SESS-20260802-4443-0112,RENTAL_REDEMPTION,-100,250,2026-08-02T22:35:00+08:00
a2860301-ec39-47b8-b3af-af32433891a9,M-1291,SESS-20260802-4443-0112,RENTAL_ACCRUAL,10,260,2026-08-03T01:35:00+08:00
34e73149-3603-452b-b613-d2fd6169de0d,M-1013,SESS-20260802-2390-0113,RENTAL_REDEMPTION,-100,256,2026-08-02T17:30:00+08:00
8a4b13e6-d532-4b0d-9b3d-4f0e4cce0b87,M-1013,SESS-20260802-2390-0113,RENTAL_ACCRUAL,5,261,2026-08-02T19:30:00+08:00
6d5bda27-1a6c-45d0-a70f-2630ab139046,M-1667,SESS-20260802-9663-0114,RENTAL_ACCRUAL,28,392,2026-08-03T04:55:00+08:00
2aea5f3b-fdf0-4f2c-8cfb-4cce916b9378,M-1087,SESS-20260802-4246-0115,RENTAL_ACCRUAL,30,1043,2026-08-02T22:45:00+08:00
051e0546-6d47-4b05-b4a1-66fc30c40a37,M-2166,SESS-20260802-2091-0116,RENTAL_ACCRUAL,10,113,2026-08-02T18:30:00+08:00
7c1e65f0-c7a7-488b-ac5e-e1c5d81fc72f,M-1398,SESS-20260802-7170-0117,RENTAL_REDEMPTION,-100,1359,2026-08-02T05:15:00+08:00
7b9eecfc-87c2-4e03-928f-ff5ba90d5232,M-1398,SESS-20260802-7170-0117,RENTAL_ACCRUAL,4,1363,2026-08-02T07:15:00+08:00
6cbc0e3d-3539-464b-a2c2-d954bb857a54,M-1430,SESS-20260802-9446-0118,RENTAL_REDEMPTION,-100,1491,2026-08-02T23:00:00+08:00
8e0cc1af-0170-4cb8-92af-c565207fe60b,M-1430,SESS-20260802-9446-0118,RENTAL_ACCRUAL,4,1495,2026-08-03T01:00:00+08:00
df05403d-93b3-4bd3-9ce7-60d61708fc50,M-1740,SESS-20260802-6031-0119,RENTAL_REDEMPTION,-300,2124,2026-08-02T15:30:00+08:00
c0215cc1-0d02-4da2-a4eb-b7317dc5aae5,M-1740,SESS-20260802-6031-0119,RENTAL_ACCRUAL,6,2130,2026-08-02T17:30:00+08:00
c3e2ab06-dc48-4d97-a6a1-e310a6e7834a,M-1292,SESS-20260802-8658-0120,RENTAL_REDEMPTION,-100,331,2026-08-02T21:45:00+08:00
bd2711bc-4450-419c-ac02-5310a356722e,M-1292,SESS-20260802-8658-0120,RENTAL_ACCRUAL,4,335,2026-08-02T23:45:00+08:00
ad607a0b-845f-441a-a419-2ec6190a1cd1,M-2049,SESS-20260802-7147-0121,RENTAL_REDEMPTION,-100,53,2026-08-02T14:45:00+08:00
05ef877d-f082-47d8-80a5-687170d8febb,M-2049,SESS-20260802-7147-0121,RENTAL_ACCRUAL,5,58,2026-08-02T16:45:00+08:00
33d63c56-5975-4d95-855b-f7a108bc4ef5,M-2049,SESS-20260802-5169-0122,RENTAL_ACCRUAL,24,82,2026-08-03T01:45:00+08:00
dc26fde7-491b-4090-8cd6-0914e0351e9c,M-1210,SESS-20260802-4697-0123,RENTAL_ACCRUAL,12,1076,2026-08-03T01:30:00+08:00
f915683c-cf64-457c-953e-f2f4ca8c362b,M-1191,SESS-20260802-3825-0124,RENTAL_ACCRUAL,18,147,2026-08-02T15:15:00+08:00
5e45e320-f065-443f-af53-c8ccdad7df66,M-1021,SESS-20260802-3128-0125,RENTAL_ACCRUAL,19,391,2026-08-02T17:30:00+08:00
e8d683a4-90cc-414c-bfc1-9b2428be3c9a,M-1426,SESS-20260802-6601-0126,RENTAL_ACCRUAL,12,1106,2026-08-02T18:45:00+08:00
b05f138b-029d-49f9-ad22-e8a0f4b59a89,M-1970,SESS-20260802-8584-0127,RENTAL_ACCRUAL,40,117,2026-08-02T23:45:00+08:00
f3808e3d-0701-4371-bad2-1e869a712257,M-1544,SESS-20260802-9518-0128,RENTAL_REDEMPTION,-100,196,2026-08-02T11:00:00+08:00
23494218-b7e9-4057-b2d5-cfeebe6d9925,M-1544,SESS-20260802-9518-0128,RENTAL_ACCRUAL,20,216,2026-08-02T14:00:00+08:00
f4c35717-7e38-4b82-9a59-d802a40f2569,M-1804,SESS-20260802-7222-0129,RENTAL_ACCRUAL,18,133,2026-08-02T09:00:00+08:00
24b92c05-ec2d-419c-997a-4dfc0eb6003d,M-1557,SESS-20260802-3629-0130,RENTAL_ACCRUAL,40,449,2026-08-03T00:10:00+08:00
4d0f88b3-c42c-490a-a064-dd7e00eb8fcd,M-1536,SESS-20260802-7075-0131,RENTAL_ACCRUAL,9,346,2026-08-02T22:15:00+08:00
51f6738d-f108-4c48-889e-524729e69fa1,M-1137,SESS-20260802-9324-0132,RENTAL_ACCRUAL,5,283,2026-08-02T16:30:00+08:00
01ed9af4-398f-4ab0-ab2b-c085de795869,M-1192,SESS-20260802-8143-0133,RENTAL_ACCRUAL,11,244,2026-08-02T19:30:00+08:00
fd2dc9db-589f-4c74-bbfe-fab77704a57b,M-2101,SESS-20260802-1827-0134,RENTAL_ACCRUAL,5,97,2026-08-03T00:55:00+08:00
7bd1076e-f33a-48c0-ad4a-927230c8c58b,M-1794,SESS-20260802-7184-0135,RENTAL_ACCRUAL,16,178,2026-08-02T21:50:00+08:00
8792adbc-4231-459c-85ac-ffec57a28464,M-1161,SESS-20260802-3396-0136,RENTAL_ACCRUAL,5,420,2026-08-02T23:45:00+08:00
eff9c865-b601-4875-8077-16c717dcc354,M-1805,SESS-20260802-8434-0137,RENTAL_REDEMPTION,-100,338,2026-08-02T21:45:00+08:00
c1e35ed3-170b-4854-9417-feeacc5ab0dd,M-1805,SESS-20260802-8434-0137,RENTAL_ACCRUAL,5,343,2026-08-02T23:45:00+08:00
c03aaf28-6120-435a-ac89-e9a375b97b96,M-1529,SESS-20260802-8275-0138,RENTAL_ACCRUAL,5,223,2026-08-02T23:25:00+08:00
5f5f21fd-9316-4a46-8773-1911370e1de3,M-1523,SESS-20260802-5172-0139,RENTAL_ACCRUAL,13,95,2026-08-02T15:45:00+08:00
e60f6753-505e-4560-89d6-0f1b47a24977,M-1329,SESS-20260802-1686-0140,RENTAL_ACCRUAL,28,525,2026-08-03T03:00:00+08:00
0970ef5d-7b0a-4023-9742-f45032810c66,M-1496,SESS-20260802-7351-0141,RENTAL_ACCRUAL,16,327,2026-08-02T20:15:00+08:00
81fec695-81a6-4429-9b0b-47b9fedad9ce,M-1541,SESS-20260802-8986-0142,RENTAL_ACCRUAL,9,223,2026-08-02T19:45:00+08:00
c572a32a-e8a9-4516-aecb-34d60c8d5422,M-1602,SESS-20260802-8460-0143,RENTAL_ACCRUAL,27,384,2026-08-02T17:00:00+08:00
0eb63939-2149-4c0f-9372-45737ad3172d,M-1553,SESS-20260802-7299-0144,RENTAL_ACCRUAL,18,551,2026-08-02T18:45:00+08:00
51ba3be9-0ad1-476b-a26f-eb9d4afac91e,M-1254,SESS-20260802-9193-0145,RENTAL_ACCRUAL,16,62,2026-08-03T02:15:00+08:00
bcc2add6-4be8-4cbb-aff9-6aa3ba6cbebd,M-1975,SESS-20260802-5827-0146,RENTAL_ACCRUAL,40,179,2026-08-03T04:15:00+08:00
867b7c3b-9bed-4f59-ae3c-b55ed1ebd850,M-1159,SESS-20260802-8841-0147,RENTAL_ACCRUAL,27,218,2026-08-02T12:00:00+08:00
6fcf73e2-184b-4cfd-8813-f351d22459ac,M-1186,SESS-20260802-6196-0148,RENTAL_ACCRUAL,108,582,2026-08-03T06:20:00+08:00
6b408351-67f9-4377-81c5-50c330e08aef,M-1096,SESS-20260802-9920-0149,RENTAL_REDEMPTION,-300,0,2026-08-02T23:45:00+08:00
ff4fdde5-5e84-44d4-9c2c-630cf0abb7a4,M-1096,SESS-20260802-9920-0149,RENTAL_ACCRUAL,21,21,2026-08-03T02:45:00+08:00
f9430397-7355-478d-a474-fb759b8b7138,M-1822,SESS-20260802-8224-0150,RENTAL_ACCRUAL,5,181,2026-08-03T00:15:00+08:00
9446c528-73cf-40ec-83bd-c4484cc17598,M-1105,SESS-20260802-4057-0151,RENTAL_ACCRUAL,28,813,2026-08-02T16:30:00+08:00
ceec7c0a-91db-4edd-a3b9-42f01b15b9a5,M-1342,SESS-20260802-6652-0152,RENTAL_ACCRUAL,16,322,2026-08-02T23:30:00+08:00
bbe9d178-d759-4589-b1b3-4606da297aa1,M-1083,SESS-20260802-5773-0153,RENTAL_REDEMPTION,-100,346,2026-08-02T22:50:00+08:00
b6705269-60b7-4a1f-ab5d-631a92f2ec71,M-1083,SESS-20260802-5773-0153,RENTAL_ACCRUAL,5,351,2026-08-03T00:50:00+08:00
91ba28e0-f539-469f-a73e-e393c641a721,M-1788,SESS-20260802-9147-0154,RENTAL_ACCRUAL,18,414,2026-08-03T00:25:00+08:00
4418bf80-73b2-4c19-ac63-8d44642e77a3,M-1085,SESS-20260802-5040-0155,RENTAL_REDEMPTION,-100,239,2026-08-02T17:15:00+08:00
77ab167f-0d38-457a-980a-6f9f6c0dc360,M-1085,SESS-20260802-5040-0155,RENTAL_ACCRUAL,5,244,2026-08-02T19:15:00+08:00
fbae4243-26a5-4c5c-a273-dba8f6e5249c,M-1282,SESS-20260802-7547-0156,RENTAL_ACCRUAL,28,149,2026-08-02T23:00:00+08:00
6a44ea3f-9dad-4f64-96bc-2a875c23d0f3,M-1202,SESS-20260802-3574-0157,RENTAL_ACCRUAL,48,1701,2026-08-03T01:15:00+08:00
f43f8092-8739-4bc6-b6e0-35bc2b7b16fc,M-1098,SESS-20260802-8105-0158,RENTAL_REDEMPTION,-100,745,2026-08-02T21:45:00+08:00
ccb72fba-9157-4bd9-8a87-1966bb054b9a,M-1098,SESS-20260802-8105-0158,RENTAL_ACCRUAL,10,755,2026-08-03T00:45:00+08:00
d59f148e-7688-4cb5-9864-a983f463ad88,M-1551,SESS-20260802-2595-0159,RENTAL_ACCRUAL,27,177,2026-08-03T01:30:00+08:00
35469029-1fb3-43bc-a7fd-eecacbe930dc,M-1089,SESS-20260802-5273-0160,RENTAL_ACCRUAL,11,118,2026-08-03T00:50:00+08:00
420ca02c-6ab1-474b-8c9c-43ea13ba231b,M-1643,SESS-20260802-5840-0161,RENTAL_ACCRUAL,28,327,2026-08-03T03:40:00+08:00
a05e7feb-512d-40d1-a4c4-2c279b32963f,M-1512,SESS-20260802-7497-0162,RENTAL_ACCRUAL,28,306,2026-08-03T00:35:00+08:00
0d46990e-861f-403f-ba93-82dd94403a0f,M-2051,SESS-20260802-9197-0163,RENTAL_ACCRUAL,10,106,2026-08-02T23:00:00+08:00
8aa9bc2e-2b11-41c7-8087-8fb8d12cb4af,M-1113,SESS-20260802-7336-0164,RENTAL_ACCRUAL,18,630,2026-08-02T18:00:00+08:00
61af653c-9553-4c19-bb65-f183abb6077b,M-1311,SESS-20260802-6320-0165,RENTAL_ACCRUAL,5,239,2026-08-03T00:50:00+08:00
74cdaefc-268f-47ab-bd8e-8447ed2a94e8,M-1593,SESS-20260802-8381-0166,RENTAL_ACCRUAL,5,146,2026-08-02T21:45:00+08:00
572f805a-3645-4e02-8aae-2d98bd42b81d,M-1829,SESS-20260802-8533-0167,RENTAL_ACCRUAL,18,153,2026-08-02T21:05:00+08:00
5ec6abc3-934b-4b07-a0b1-735127824893,M-1362,SESS-20260802-9230-0168,RENTAL_ACCRUAL,108,254,2026-08-03T01:15:00+08:00
e8dcd496-23c1-468d-8e04-5d70f053bfd1,M-1796,SESS-20260802-9863-0169,RENTAL_ACCRUAL,5,323,2026-08-02T17:15:00+08:00
8ea49ee8-81c1-4fe9-9609-12677c312b61,M-1698,SESS-20260802-4158-0170,RENTAL_ACCRUAL,18,440,2026-08-02T19:00:00+08:00
d636e76a-2d09-49d5-af29-c088f8bf16a6,M-1539,SESS-20260802-1652-0171,RENTAL_REDEMPTION,-100,1430,2026-08-02T21:45:00+08:00
101b06cf-0ef2-45eb-9492-9e70347afc06,M-1539,SESS-20260802-1652-0171,RENTAL_ACCRUAL,6,1436,2026-08-02T22:45:00+08:00
d527ba3b-4438-46fc-af8e-d90970258547,M-2160,SESS-20260802-7997-0172,RENTAL_ACCRUAL,24,66,2026-08-02T20:40:00+08:00
d2013839-56a1-4cf3-b5fb-5bf1d5916372,M-1462,SESS-20260802-7941-0173,RENTAL_ACCRUAL,48,225,2026-08-03T03:30:00+08:00
7aed71d3-9135-4f1b-bdba-dc2bd8c59c8e,M-1015,SESS-20260802-8817-0174,RENTAL_ACCRUAL,45,551,2026-08-02T20:15:00+08:00
c8deb65b-b071-4f88-97e2-73194c11f3be,M-1028,SESS-20260802-9971-0175,RENTAL_ACCRUAL,9,100,2026-08-03T00:50:00+08:00
d098a53e-7821-4ce3-a185-857ec2003bd8,M-1366,SESS-20260802-4651-0176,RENTAL_ACCRUAL,45,397,2026-08-02T19:15:00+08:00
64dd0699-0f28-4d35-a470-996c34f8958e,M-1735,SESS-20260802-4124-0177,RENTAL_ACCRUAL,28,287,2026-08-02T18:00:00+08:00
e7db0b50-e3be-42b6-a8eb-95834ce5f12b,M-1318,SESS-20260802-8953-0178,RENTAL_ACCRUAL,40,265,2026-08-02T14:00:00+08:00
1ae439bd-bc9a-4235-994c-92a768344200,M-1677,SESS-20260802-3959-0179,RENTAL_ACCRUAL,11,103,2026-08-03T00:00:00+08:00
f0d9792b-326f-444d-b749-41e64d61fac8,M-1286,SESS-20260802-6451-0180,RENTAL_ACCRUAL,28,484,2026-08-03T00:30:00+08:00
e35d2661-c556-47ef-9cec-f8855c6911d0,M-1523,SESS-20260802-2250-0181,RENTAL_ACCRUAL,28,123,2026-08-03T02:45:00+08:00
0fc5f16e-a4e9-45ef-b16e-ff5c97b45345,M-1612,SESS-20260802-1688-0182,RENTAL_ACCRUAL,5,516,2026-08-02T13:55:00+08:00
f93376bf-2cb0-40f4-b87c-e26fafd98cf2,M-1633,SESS-20260802-1837-0183,RENTAL_ACCRUAL,16,139,2026-08-03T01:45:00+08:00
3706d545-ba38-478f-a898-4a7d1da56c5e,M-1154,SESS-20260802-5190-0184,RENTAL_ACCRUAL,28,106,2026-08-03T00:00:00+08:00
f1734f68-d5c2-4d76-aed9-dbe1c422dd86,M-1149,SESS-20260802-8073-0185,RENTAL_ACCRUAL,11,107,2026-08-02T03:15:00+08:00
427f5e1c-60ce-46d5-80aa-59bc478387a3,M-1532,SESS-20260802-1831-0186,RENTAL_REDEMPTION,-100,12,2026-08-02T23:55:00+08:00
f9558684-f24e-48de-a170-0b92a34c2055,M-1532,SESS-20260802-1831-0186,RENTAL_ACCRUAL,65,77,2026-08-03T07:55:00+08:00
251df8f8-6eb3-4e9f-802b-b6fd3185bd5e,M-1439,SESS-20260802-7729-0187,RENTAL_ACCRUAL,27,339,2026-08-03T01:15:00+08:00
4f9f6f41-815b-4f32-82f6-181d73c05118,M-1383,SESS-20260802-4566-0188,RENTAL_ACCRUAL,45,135,2026-08-02T13:30:00+08:00
00ba33c3-7371-4436-a2c6-28e60916c473,M-2035,SESS-20260802-8631-0189,RENTAL_ACCRUAL,11,117,2026-08-02T22:45:00+08:00
86229113-e5ad-4a8c-93ae-36729d646250,M-1646,SESS-20260802-9901-0190,RENTAL_ACCRUAL,5,172,2026-08-02T20:15:00+08:00
fa2ce3d4-c83c-4d08-8962-9165f116572d,M-1328,SESS-20260802-8026-0191,RENTAL_ACCRUAL,16,153,2026-08-02T23:30:00+08:00
cf05806a-ff39-4bde-a6ce-f22506e770f2,M-1191,SESS-20260802-7566-0192,RENTAL_ACCRUAL,27,174,2026-08-02T23:45:00+08:00
22e4923c-34c4-419f-af50-3fb815de52f3,M-1574,SESS-20260802-3129-0193,RENTAL_ACCRUAL,13,141,2026-08-02T22:00:00+08:00
a1e80e81-e4d0-485c-a9cb-b248323023e7,M-1793,SESS-20260802-3886-0194,RENTAL_ACCRUAL,19,940,2026-08-02T11:00:00+08:00
7d2d1b0f-1932-4e36-8a7a-cdb266322c2c,M-1313,SESS-20260802-6704-0195,RENTAL_ACCRUAL,45,183,2026-08-03T06:00:00+08:00
87860572-1b19-49e5-99ce-0a548da538fc,M-1176,SESS-20260802-6697-0196,RENTAL_ACCRUAL,45,134,2026-08-03T04:30:00+08:00
7805dc93-d7df-4727-986f-3c139c07ffd7,M-1084,SESS-20260802-3116-0197,RENTAL_ACCRUAL,16,372,2026-08-02T20:15:00+08:00
9b8ff3ec-6c6a-49b9-8293-6f971e8ff3d5,M-1586,SESS-20260802-3648-0198,RENTAL_ACCRUAL,27,319,2026-08-03T00:30:00+08:00
cfb78c3c-bcfa-4cf4-a411-c1ad0bb5c3da,M-1022,SESS-20260802-1099-0199,RENTAL_ACCRUAL,11,149,2026-08-02T11:40:00+08:00
3d052f41-2e2b-4993-b1b3-303464196701,M-1603,SESS-20260802-5419-0200,RENTAL_ACCRUAL,11,206,2026-08-02T12:30:00+08:00
fbc6cf34-c2a4-456a-9c94-f8a4db73f3f0,M-1640,SESS-20260802-1182-0201,RENTAL_ACCRUAL,45,162,2026-08-03T02:30:00+08:00
c333e000-d05b-4f7a-af19-82ea614c9670,M-1575,SESS-20260802-3684-0202,RENTAL_ACCRUAL,5,128,2026-08-02T22:00:00+08:00
7e3f465d-49de-42e9-a03d-56184903df29,M-1053,SESS-20260802-4111-0203,RENTAL_ACCRUAL,27,575,2026-08-03T00:00:00+08:00
ab4ea185-197a-4135-8aa2-462c6b54a646,M-2127,SESS-20260802-1603-0204,RENTAL_ACCRUAL,10,81,2026-08-02T22:45:00+08:00
bed4366a-76a6-4355-8363-64538847e51e,M-1020,SESS-20260802-5955-0205,RENTAL_ACCRUAL,9,162,2026-08-02T23:45:00+08:00
05bfdbd6-7a65-491b-b22b-4fe2c9d51c2c,M-1969,SESS-20260802-1543-0206,RENTAL_ACCRUAL,15,109,2026-08-02T20:15:00+08:00
94530909-88a4-495e-b352-941151a2f246,M-1250,SESS-20260802-2360-0207,RENTAL_REDEMPTION,-100,41,2026-08-02T10:45:00+08:00
0a9c505c-43d7-4e02-97e6-c0bdeb180378,M-1250,SESS-20260802-2360-0207,RENTAL_ACCRUAL,21,62,2026-08-02T15:45:00+08:00
35e3eb89-3e3b-4cd5-81b0-f8318e79e4f7,M-1962,SESS-20260802-3294-0208,RENTAL_ACCRUAL,45,297,2026-08-03T06:00:00+08:00
9ec5b3a8-3c38-42d9-8121-b64cdaf032f3,M-1727,SESS-20260802-9728-0209,RENTAL_ACCRUAL,11,75,2026-08-03T00:00:00+08:00
f4322af8-d898-4655-8067-c94d47322d97,M-1743,SESS-20260802-4632-0210,RENTAL_REDEMPTION,-300,305,2026-08-02T22:20:00+08:00
66184d10-4192-419c-8f92-5d25a28f5cf7,M-1743,SESS-20260802-4632-0210,RENTAL_ACCRUAL,9,314,2026-08-03T03:20:00+08:00
4bbf150a-087d-4eab-99fa-1c9b5e3abb0f,M-1481,SESS-20260802-2151-0211,RENTAL_ACCRUAL,18,286,2026-08-02T15:40:00+08:00
5e5ada4f-7403-42a9-8ae8-3b0a2b91433e,M-1882,SESS-20260802-2861-0212,RENTAL_REDEMPTION,-100,53,2026-08-02T23:40:00+08:00
112e7733-17e2-4e5c-9bf7-6e24972c50b5,M-1882,SESS-20260802-2861-0212,RENTAL_ACCRUAL,10,63,2026-08-03T02:40:00+08:00
19ba07ea-e4cc-4d4c-9d8b-8d90d5330e28,M-1178,SESS-20260802-4757-0213,RENTAL_ACCRUAL,11,227,2026-08-02T19:50:00+08:00
eb8ff028-4013-40cf-9d18-c863cc854f34,M-1037,SESS-20260802-7185-0214,RENTAL_ACCRUAL,19,585,2026-08-02T06:00:00+08:00
444500af-a868-4176-a1c8-0d8de90a5d30,M-2065,SESS-20260802-6239-0215,RENTAL_ACCRUAL,16,87,2026-08-02T21:25:00+08:00
d800913b-fd5f-4399-b7f6-a57ca3f6bb93,M-1373,SESS-20260802-3162-0216,RENTAL_ACCRUAL,40,161,2026-08-02T22:30:00+08:00
437e0813-41ae-464e-bea1-dd2107d7df8e,M-1455,SESS-20260802-8960-0217,RENTAL_ACCRUAL,18,510,2026-08-02T17:15:00+08:00
b3eead31-e7f1-4258-b336-849725d5950a,M-1024,SESS-20260802-8824-0218,RENTAL_ACCRUAL,28,258,2026-08-03T03:15:00+08:00
def4ff20-c52e-43e8-bbb4-08ea81d5cde1,M-1652,SESS-20260802-6982-0219,RENTAL_ACCRUAL,16,379,2026-08-03T00:30:00+08:00
a778abdc-e825-4ac0-90cc-135276b2acc0,M-1206,SESS-20260802-4364-0220,RENTAL_ACCRUAL,27,323,2026-08-03T02:00:00+08:00
44f32127-5ba0-43ff-992f-5ca5aebec5ad,M-1720,SESS-20260802-2104-0221,RENTAL_ACCRUAL,16,404,2026-08-03T01:55:00+08:00
ccb90850-3969-4534-91d8-f6177b2d3f42,M-1956,SESS-20260802-1743-0222,RENTAL_ACCRUAL,11,225,2026-08-03T00:30:00+08:00
cfa9d83e-df61-4c85-8494-78181ce5f7ad,M-1524,SESS-20260802-6006-0223,RENTAL_ACCRUAL,11,264,2026-08-02T17:00:00+08:00
1549e968-919e-472b-a5b5-5dca223f2df6,M-1486,SESS-20260802-4959-0224,RENTAL_REDEMPTION,-100,235,2026-08-02T14:30:00+08:00
2ccd07c4-8dc9-4845-af9c-ee4d3302482b,M-1486,SESS-20260802-4959-0224,RENTAL_ACCRUAL,21,256,2026-08-02T19:30:00+08:00
17e8d6df-1034-4da3-9586-a50142502c56,M-1684,SESS-20260802-9557-0225,RENTAL_ACCRUAL,11,542,2026-08-02T20:30:00+08:00
32df9809-ded0-4d57-8e33-6b2acc45ff29,M-1935,SESS-20260802-5835-0226,RENTAL_REDEMPTION,-100,109,2026-08-02T18:15:00+08:00
82607347-722a-42a3-9a0f-e9a243252a47,M-1935,SESS-20260802-5835-0226,RENTAL_ACCRUAL,20,129,2026-08-02T23:15:00+08:00
2a47ba02-d7bf-4324-bc09-711ae6287175,M-1935,TIER_UPGRADE_Standard_TO_Silver,TIER_BONUS,50,179,2026-08-02T23:15:00+08:00
ff91aaeb-6bb0-45e5-9cc8-ecff0339ca93,M-1710,SESS-20260802-5202-0227,RENTAL_ACCRUAL,45,303,2026-08-02T19:45:00+08:00
8c6af624-0309-433a-9bc0-ed10e77e1d1f,M-1134,SESS-20260802-7890-0228,RENTAL_REDEMPTION,-200,125,2026-08-02T19:45:00+08:00
c74ea3b0-446e-46d6-8e18-07179cbe5487,M-1134,SESS-20260802-7890-0228,RENTAL_ACCRUAL,15,140,2026-08-03T00:45:00+08:00
48aec194-d168-4855-8488-c1a33d36d271,M-1409,SESS-20260802-8663-0229,RENTAL_REDEMPTION,-100,233,2026-08-02T16:35:00+08:00
5d3aff8f-99bf-4e3b-8d54-93f3dffa7424,M-1409,SESS-20260802-8663-0229,RENTAL_ACCRUAL,10,243,2026-08-02T19:35:00+08:00
3ee90cba-bb30-4c22-a6c7-bddd59414cf0,M-1519,SESS-20260802-6819-0230,RENTAL_ACCRUAL,27,301,2026-08-02T21:05:00+08:00
f051c1c2-1d8a-4638-9152-78072c8e02b6,M-1995,SESS-20260802-7766-0231,RENTAL_ACCRUAL,15,188,2026-08-03T02:05:00+08:00
edd09b85-0c4f-4cad-8af9-fba8875ecd89,M-1884,SESS-20260802-3703-0232,RENTAL_ACCRUAL,15,36,2026-08-03T02:55:00+08:00
39d083b8-40c1-4248-9b89-5a86e3ea4964,M-1181,SESS-20260802-7225-0233,RENTAL_REDEMPTION,-200,268,2026-08-02T12:00:00+08:00
ea3049a6-9fc8-487e-bd53-124b377123d4,M-1181,SESS-20260802-7225-0233,RENTAL_ACCRUAL,5,273,2026-08-02T14:00:00+08:00
200e6d84-69b7-481d-8baa-9870c144a8ba,M-1263,SESS-20260802-4008-0234,RENTAL_ACCRUAL,11,455,2026-08-02T21:15:00+08:00
8e151de9-3681-4138-b655-cac8239bff4c,M-1152,SESS-20260802-8497-0235,RENTAL_ACCRUAL,10,91,2026-08-02T22:20:00+08:00
0c6fef99-68ad-483e-bbe6-13423963bdbc,M-1606,SESS-20260802-4470-0236,RENTAL_ACCRUAL,18,830,2026-08-02T19:30:00+08:00
0eabfa39-b930-4d6a-b822-1553d38fa4d7,M-1343,SESS-20260802-1878-0237,RENTAL_ACCRUAL,16,97,2026-08-03T00:45:00+08:00
b4b2d8b5-97b4-4528-9cd1-bc0c7d1ea05d,M-1227,SESS-20260802-7137-0238,RENTAL_ACCRUAL,16,260,2026-08-02T23:30:00+08:00
5fdbe659-187a-4541-bc8a-7148317e8b44,M-1708,SESS-20260802-8898-0239,RENTAL_REDEMPTION,-100,238,2026-08-02T09:45:00+08:00
f69fdc77-b1c3-4f15-a5a9-80d0aa4946c2,M-1708,SESS-20260802-8898-0239,RENTAL_ACCRUAL,21,259,2026-08-02T14:45:00+08:00
e9db7ccb-dde7-47f1-8ab7-c30e38d47077,M-1183,SESS-20260802-1200-0240,RENTAL_ACCRUAL,5,181,2026-08-02T20:00:00+08:00
be589e95-c739-4e9a-950b-6eda9dc609ea,M-1196,SESS-20260802-4217-0241,RENTAL_ACCRUAL,28,129,2026-08-02T19:00:00+08:00
e1e37555-97b4-4f5d-b489-1066e32d86af,M-1244,SESS-20260802-7700-0242,RENTAL_ACCRUAL,18,312,2026-08-03T00:30:00+08:00
b5e8bbfa-3c6f-4273-88b7-25aecff19f1e,M-1070,SESS-20260802-8396-0243,RENTAL_ACCRUAL,108,326,2026-08-03T04:55:00+08:00
b811fdc5-7bed-46fe-8974-65baf58256ab,M-1309,SESS-20260802-5230-0244,RENTAL_ACCRUAL,28,290,2026-08-02T14:00:00+08:00
db4b3093-242f-4215-835d-c72c34c15e3b,M-2124,SESS-20260802-2990-0245,RENTAL_ACCRUAL,8,124,2026-08-03T00:50:00+08:00
7a08b3b6-6026-46af-9a19-df04eac3dd1c,M-1383,SESS-20260802-5797-0246,RENTAL_ACCRUAL,11,146,2026-08-03T01:30:00+08:00
9ebc69dc-d674-40b0-bfcc-9e0a0559948b,M-2064,SESS-20260802-2859-0247,RENTAL_ACCRUAL,28,204,2026-08-03T03:50:00+08:00
60e4e816-5f53-4982-be07-5a3b8361dc63,M-2176,SESS-20260802-8199-0248,RENTAL_ACCRUAL,12,59,2026-08-02T22:30:00+08:00
12a7fbe9-a931-436f-b2bd-e4b511385f55,M-1266,SESS-20260802-9230-0249,RENTAL_ACCRUAL,5,173,2026-08-02T19:00:00+08:00
445cf311-cf9c-4e4a-a35d-16710c5e0c6e,M-1323,SESS-20260802-5277-0250,RENTAL_REDEMPTION,-100,360,2026-08-02T21:45:00+08:00
38bdf533-7889-488d-9a0a-4e8354aa949c,M-1323,SESS-20260802-5277-0250,RENTAL_ACCRUAL,5,365,2026-08-02T23:45:00+08:00
91bd80c4-0368-4816-b250-8e177137326f,M-1131,SESS-20260802-1824-0251,RENTAL_REDEMPTION,-100,35,2026-08-02T16:45:00+08:00
39248303-37e5-4a47-aac3-e1a83bdf9480,M-1131,SESS-20260802-1824-0251,RENTAL_ACCRUAL,7,42,2026-08-02T17:45:00+08:00
2820accb-5296-4fec-91db-7e43bcf63c29,M-2100,SESS-20260802-8037-0252,RENTAL_REDEMPTION,-200,51,2026-08-02T23:45:00+08:00
85b856a1-c918-4a06-81f2-1e3b7c87970b,M-2100,SESS-20260802-8037-0252,RENTAL_ACCRUAL,4,55,2026-08-03T02:45:00+08:00
8bff976d-25aa-405c-8b18-bec80777a471,M-1358,SESS-20260802-9577-0253,RENTAL_ACCRUAL,11,132,2026-08-03T00:00:00+08:00
6eb8dd23-5dd3-4219-962e-5eb91082d08f,M-1989,SESS-20260802-7177-0254,RENTAL_REDEMPTION,-100,55,2026-08-02T13:15:00+08:00
ddcba464-26f9-4280-830a-833771e88980,M-1989,SESS-20260802-7177-0254,RENTAL_ACCRUAL,7,62,2026-08-02T14:15:00+08:00
a16c395f-afd2-4eed-b6fe-8221266f51e9,M-2017,SESS-20260802-6109-0255,RENTAL_ACCRUAL,10,162,2026-08-02T23:45:00+08:00
a6d298d2-ae31-49b3-907f-436093227ea6,M-1189,SESS-20260802-9195-0256,RENTAL_ACCRUAL,40,164,2026-08-02T23:15:00+08:00
6a3d174b-24dd-4498-b617-ed7cf9c85f2f,M-1564,SESS-20260802-7566-0257,RENTAL_ACCRUAL,40,673,2026-08-03T01:35:00+08:00
997b6927-1e92-4400-8a2f-5244b1e4b406,M-1190,SESS-20260802-6871-0258,RENTAL_ACCRUAL,5,19,2026-08-02T18:45:00+08:00
eed85a2b-b17d-4c21-81d8-39a6dd41e339,M-1148,SESS-20260802-4993-0259,RENTAL_ACCRUAL,13,184,2026-08-02T23:15:00+08:00
8eb6076e-55ea-4d89-8557-1ba2c50c1f17,M-1527,SESS-20260802-7618-0260,RENTAL_ACCRUAL,16,654,2026-08-02T21:30:00+08:00
8776641e-f632-48f2-b1cf-9199632ef871,M-2172,SESS-20260802-8012-0261,RENTAL_ACCRUAL,40,146,2026-08-03T05:35:00+08:00
778eef07-874b-46f7-b026-005121f4feb2,M-1799,SESS-20260802-8400-0262,RENTAL_ACCRUAL,9,263,2026-08-02T23:30:00+08:00
4ca9744d-f2d1-4c71-9a2e-3ab0cf977c87,M-1219,SESS-20260802-2022-0263,RENTAL_ACCRUAL,28,215,2026-08-02T22:10:00+08:00
4e7568f0-8c35-4204-938b-1002481704a1,M-1067,SESS-20260802-8509-0264,RENTAL_REDEMPTION,-100,606,2026-08-02T18:25:00+08:00
fd8cdf6f-b3dc-49cc-8b12-93417d8ae459,M-1067,SESS-20260802-8509-0264,RENTAL_ACCRUAL,11,617,2026-08-02T20:25:00+08:00
767218bd-fefb-483e-b696-9635068e7dd5,M-1965,SESS-20260802-3349-0265,RENTAL_ACCRUAL,24,248,2026-08-03T01:00:00+08:00
4ba923e0-fdde-4280-9f04-886d404264ad,M-1017,SESS-20260802-1225-0266,RENTAL_ACCRUAL,5,303,2026-08-02T13:15:00+08:00
e3f4e49e-2935-499d-a6ca-a41b1a0c3907,M-2017,SESS-20260802-5269-0267,RENTAL_REDEMPTION,-100,62,2026-08-02T23:45:00+08:00
5b16e527-1660-4fad-9e95-2a1bf1df62d1,M-2017,SESS-20260802-5269-0267,RENTAL_ACCRUAL,19,81,2026-08-03T01:45:00+08:00
f8e7eb13-c6ca-4b25-9c79-8bac491a5f17,M-1221,SESS-20260802-8048-0268,RENTAL_ACCRUAL,28,2084,2026-08-03T00:10:00+08:00
efacf81c-ed04-4753-a087-6fb36f808af5,M-1334,SESS-20260802-7589-0269,RENTAL_ACCRUAL,11,269,2026-08-03T01:50:00+08:00
1ad44c7c-4e64-4dcc-8a9c-719e09833298,M-1103,SESS-20260802-5829-0270,RENTAL_ACCRUAL,16,44,2026-08-02T23:30:00+08:00
4076f1a8-89dc-4dba-b489-bb8c5bca39c2,M-1492,SESS-20260802-7561-0271,RENTAL_ACCRUAL,28,426,2026-08-02T19:30:00+08:00
abc0e2c3-3ff6-4693-8547-f434d050c047,M-1118,SESS-20260802-5932-0272,RENTAL_ACCRUAL,5,278,2026-08-02T22:45:00+08:00
9cd0fb94-ae86-4f51-8371-bec7b1b773d5,M-1051,SESS-20260802-1747-0273,RENTAL_REDEMPTION,-100,192,2026-08-02T14:00:00+08:00
e5ba7684-5273-4808-9f19-c850dd18a8c4,M-1051,SESS-20260802-1747-0273,RENTAL_ACCRUAL,4,196,2026-08-02T16:00:00+08:00
42ac9b00-bb68-44fb-bf43-14aab9957556,M-1800,SESS-20260802-6782-0274,RENTAL_REDEMPTION,-100,450,2026-08-02T19:00:00+08:00
862aa149-b501-4143-90a0-7715998449ff,M-1800,SESS-20260802-6782-0274,RENTAL_ACCRUAL,5,455,2026-08-02T21:00:00+08:00
a93075c5-a0ce-43b8-9904-e4c02e5dc2a4,M-1692,SESS-20260802-5061-0275,RENTAL_ACCRUAL,12,2332,2026-08-02T23:30:00+08:00
a5f79bb1-fb61-4395-891e-54b3f2f03201,M-1664,SESS-20260802-7241-0276,RENTAL_REDEMPTION,-100,2226,2026-08-02T09:30:00+08:00
528c386a-b2aa-4f5f-93a0-cfda0992fab4,M-1664,SESS-20260802-7241-0276,RENTAL_ACCRUAL,21,2247,2026-08-02T12:30:00+08:00
b1721bc1-7d57-4c93-8979-a672b30b041b,M-1315,SESS-20260802-9150-0277,RENTAL_ACCRUAL,11,303,2026-08-03T01:00:00+08:00
1a20e13a-d1a7-46f1-b5f0-9e0355d7a63a,M-1636,SESS-20260802-4287-0278,RENTAL_ACCRUAL,19,1385,2026-08-02T20:30:00+08:00
4f3708a1-c44c-486d-8583-7a5f98ab7ccc,M-1385,SESS-20260802-1454-0279,RENTAL_REDEMPTION,-100,156,2026-08-02T19:45:00+08:00
a42f7569-1721-4eca-9152-c9114dfcd9de,M-1385,SESS-20260802-1454-0279,RENTAL_ACCRUAL,38,194,2026-08-03T03:45:00+08:00
7237a432-beb6-4461-b747-90170b6cc96e,M-1011,SESS-20260802-1246-0280,RENTAL_ACCRUAL,11,656,2026-08-02T17:50:00+08:00
39ce0be8-aee6-4002-87eb-ed3187323a17,M-1705,SESS-20260802-7630-0281,RENTAL_ACCRUAL,67,450,2026-08-03T03:55:00+08:00
2fc46e38-7a32-4bdc-85b5-b9a3c179088a,M-2085,SESS-20260802-2805-0282,RENTAL_ACCRUAL,27,282,2026-08-02T18:00:00+08:00
fba62880-c290-488b-b369-feb1513e5e01,M-1636,SESS-20260802-1329-0283,RENTAL_REDEMPTION,-100,1285,2026-08-02T22:00:00+08:00
abfbb387-06e6-4f1b-abd6-1cc1204f70d1,M-1636,SESS-20260802-1329-0283,RENTAL_ACCRUAL,21,1306,2026-08-03T00:00:00+08:00
c614d850-f608-4d0f-8a27-55c9623b2c07,M-1915,SESS-20260802-4825-0284,RENTAL_ACCRUAL,12,143,2026-08-02T20:30:00+08:00
0eb97d99-ed8b-4645-b6cc-4b05f1cb6ab6,M-1915,TIER_UPGRADE_Standard_TO_Silver,TIER_BONUS,50,193,2026-08-02T20:30:00+08:00
04e0ebc6-7ab2-4e90-8139-6c962d523e14,M-1480,SESS-20260802-3004-0285,RENTAL_ACCRUAL,18,248,2026-08-02T16:15:00+08:00
11d0cdf5-0221-45f8-a16f-dc61fc0c0af1,M-1131,SESS-20260802-9574-0286,RENTAL_ACCRUAL,5,47,2026-08-02T23:40:00+08:00
56e43b70-0ac3-45c6-b4c4-855899d69838,M-1761,SESS-20260802-4571-0287,RENTAL_ACCRUAL,18,422,2026-08-02T20:45:00+08:00
8e3d8463-dad6-4419-b24d-8ed07fd45a6e,M-1475,SESS-20260802-7181-0288,RENTAL_ACCRUAL,45,520,2026-08-03T04:45:00+08:00
ac6d52cd-5fcd-4c74-b345-95f4406ade26,M-1226,SESS-20260802-4310-0289,RENTAL_ACCRUAL,115,1350,2026-08-03T01:00:00+08:00
4c68729e-9da7-45bf-b907-d6df0c6ac3fe,M-1201,SESS-20260802-5366-0290,RENTAL_ACCRUAL,27,223,2026-08-03T00:30:00+08:00
bc933320-7985-48ea-87c5-7126c4952359,M-1655,SESS-20260802-9184-0291,RENTAL_ACCRUAL,11,188,2026-08-02T13:45:00+08:00
66f97ecc-b728-4287-a29c-68ca1f450bcc,M-1314,SESS-20260802-4460-0292,RENTAL_ACCRUAL,16,318,2026-08-03T00:30:00+08:00
184f59b1-c7ba-405b-a02d-b6bfcd3c1a30,M-1592,SESS-20260802-9516-0293,RENTAL_ACCRUAL,16,399,2026-08-03T02:40:00+08:00
2cceda38-1645-41d2-9d41-477de1ff7167,M-1615,SESS-20260802-5517-0294,RENTAL_ACCRUAL,11,515,2026-08-02T20:30:00+08:00
53da15c6-4b31-4277-990e-626217690a52,M-1088,SESS-20260802-4730-0295,RENTAL_ACCRUAL,12,280,2026-08-02T11:15:00+08:00
8dc2d958-e62b-4c4d-8e65-7fdad5eacdbd,M-1270,SESS-20260802-8570-0296,RENTAL_ACCRUAL,19,1268,2026-08-02T21:50:00+08:00
17049f8b-3777-4467-9d28-6602096327e9,M-1702,SESS-20260802-6199-0297,RENTAL_ACCRUAL,11,108,2026-08-02T21:15:00+08:00
21ec2f1b-db1f-420b-90de-f5bb72f77306,M-1763,SESS-20260802-2880-0298,RENTAL_ACCRUAL,16,180,2026-08-02T21:00:00+08:00
a213bb0b-e744-4748-9f24-6e6e41c79ade,M-1425,SESS-20260802-9012-0299,RENTAL_ACCRUAL,10,113,2026-08-03T01:35:00+08:00
a7585d9a-a56b-4a8f-ab79-d0340bd8d2f3,M-1589,SESS-20260802-2821-0300,RENTAL_ACCRUAL,11,122,2026-08-03T00:45:00+08:00
6dc8f443-b142-48f5-a47e-22275e49d263,M-2018,SESS-20260802-2385-0301,RENTAL_ACCRUAL,18,271,2026-08-02T16:30:00+08:00
fa3d5c74-d4f9-4095-9753-b8d22dc9d3ce,M-1472,SESS-20260802-6011-0302,RENTAL_ACCRUAL,16,171,2026-08-03T02:40:00+08:00
7d3d5576-10f0-4d08-8029-7754c403c2a6,M-1600,SESS-20260802-7113-0303,RENTAL_ACCRUAL,9,22,2026-08-02T07:45:00+08:00
f79fb789-ef05-435e-abff-92d615ae5a1c,M-1602,SESS-20260802-6168-0304,RENTAL_ACCRUAL,45,429,2026-08-03T05:55:00+08:00
1809dfa1-8be9-451b-a2be-7353dbc8c2b7,M-1602,TIER_UPGRADE_Silver_TO_Gold,TIER_BONUS,100,529,2026-08-03T05:55:00+08:00
169062c6-bbe8-4ae5-a176-61b3fd334638,M-2062,SESS-20260802-2216-0305,RENTAL_ACCRUAL,10,155,2026-08-02T15:00:00+08:00
321713e4-7b0b-4181-ac8b-e75849a99fd6,M-1156,SESS-20260802-9728-0306,RENTAL_REDEMPTION,-300,159,2026-08-02T22:40:00+08:00
09219c5c-a294-4a61-855d-52d64f136456,M-1156,SESS-20260802-9728-0306,RENTAL_ACCRUAL,48,207,2026-08-03T03:40:00+08:00
4d45e311-f89e-4af9-8e4f-7db6e4d3fe27,M-1109,SESS-20260802-7983-0307,RENTAL_ACCRUAL,18,434,2026-08-03T01:30:00+08:00
35c9b1dd-6ec3-408f-be36-739c1f48f384,M-1075,SESS-20260802-4968-0308,RENTAL_ACCRUAL,27,95,2026-08-02T19:00:00+08:00
207d715e-65a2-4b3f-adf6-3db7e5d67501,M-1584,SESS-20260802-3517-0309,RENTAL_ACCRUAL,28,109,2026-08-03T02:15:00+08:00
00886287-691f-4a8f-a762-6865c8c061e6,M-1833,SESS-20260802-2649-0310,RENTAL_REDEMPTION,-100,94,2026-08-02T15:15:00+08:00
cd045d58-1bc9-46d0-a5fd-d6a62ec2f601,M-1833,SESS-20260802-2649-0310,RENTAL_ACCRUAL,21,115,2026-08-02T20:15:00+08:00
d1f874a8-8828-497c-9461-ef9dcf0eb885,M-2119,SESS-20260802-7134-0311,RENTAL_REDEMPTION,-100,37,2026-08-02T22:35:00+08:00
bc82dc4a-ab9d-46c4-b9d5-0ac6f1af1e69,M-1102,SESS-20260802-1223-0312,RENTAL_ACCRUAL,27,92,2026-08-03T00:30:00+08:00
5d16fa80-a33e-4d39-bad1-6f78eacc2695,M-1257,SESS-20260802-8493-0313,RENTAL_ACCRUAL,28,254,2026-08-03T03:15:00+08:00
5b9b77da-7eb8-4ea2-b3e5-ceb65ef2abd1,M-1753,SESS-20260802-6517-0314,RENTAL_ACCRUAL,13,475,2026-08-02T12:15:00+08:00
75c1c4af-b4c8-4bfd-9cf8-abe91dc3ce42,M-1366,SESS-20260802-8771-0315,RENTAL_ACCRUAL,5,402,2026-08-02T21:40:00+08:00
655404df-9d34-4fdc-8c79-568b1254a786,M-1588,SESS-20260802-7218-0316,RENTAL_ACCRUAL,6,1790,2026-08-03T00:40:00+08:00
bd1a0589-7322-4c4e-a751-7aee4478549e,M-1459,SESS-20260802-8620-0317,RENTAL_ACCRUAL,16,45,2026-08-02T20:15:00+08:00
08009771-6022-4acb-bfa3-6faaf7e2afa7,M-1683,SESS-20260802-2703-0318,RENTAL_ACCRUAL,19,1097,2026-08-02T23:15:00+08:00
21404da3-1cf2-46fe-9119-34b131405200,M-1898,SESS-20260802-7684-0319,RENTAL_ACCRUAL,16,332,2026-08-02T14:35:00+08:00
acd6c384-b32e-498c-ba52-c73f7f223c68,M-1898,TIER_UPGRADE_Standard_TO_Silver,TIER_BONUS,50,382,2026-08-02T14:35:00+08:00
59196e5d-8aa9-4b0d-b66a-0b28c663bbdc,M-1719,SESS-20260802-5972-0320,RENTAL_REDEMPTION,-100,133,2026-08-02T22:15:00+08:00
57376bd1-b3e7-4e65-ab41-730f7bc5cc7d,M-1719,SESS-20260802-5972-0320,RENTAL_ACCRUAL,20,153,2026-08-03T00:15:00+08:00
f41da135-1cc4-48a6-badc-968138341077,M-1174,SESS-20260802-8404-0321,RENTAL_ACCRUAL,45,143,2026-08-02T22:30:00+08:00
6d19bf31-e1bf-4514-9662-9ff152b06479,M-1320,SESS-20260802-1472-0322,RENTAL_ACCRUAL,27,996,2026-08-03T00:35:00+08:00
cc878098-b7a1-4990-8891-ed7e69fa69b0,M-1051,SESS-20260802-2779-0323,RENTAL_REDEMPTION,-100,96,2026-08-02T20:00:00+08:00
cf302e65-1cd4-471d-96b6-86f2c98dd13a,M-1051,SESS-20260802-2779-0323,RENTAL_ACCRUAL,11,107,2026-08-02T22:00:00+08:00
82c23cfe-02cd-4082-b42c-d1e77822e6cf,M-1052,SESS-20260802-2125-0324,RENTAL_REDEMPTION,-300,168,2026-08-02T23:30:00+08:00
07c0ae66-f46f-4a2d-b518-ccde2a2129b9,M-1052,SESS-20260802-2125-0324,RENTAL_ACCRUAL,48,216,2026-08-03T04:30:00+08:00
983e0845-846d-4680-b659-9a07ccc83c0b,M-1693,SESS-20260802-5114-0325,RENTAL_ACCRUAL,11,192,2026-08-02T18:45:00+08:00
308c2bf1-1fc2-43fc-8b4c-f58a909d9b31,M-1327,SESS-20260802-3795-0326,RENTAL_ACCRUAL,9,2059,2026-08-02T15:45:00+08:00
f38c5355-f3ca-4c33-977f-9dcd032606be,M-1043,SESS-20260802-6113-0327,RENTAL_ACCRUAL,12,892,2026-08-02T20:45:00+08:00
896537a2-8e65-43b9-9ced-7941e2b09850,M-1192,SESS-20260802-2829-0328,RENTAL_REDEMPTION,-100,144,2026-08-02T23:45:00+08:00
8271f7f6-a6bf-4638-8d30-f0d9782b0c7e,M-1192,SESS-20260802-2829-0328,RENTAL_ACCRUAL,5,149,2026-08-03T01:45:00+08:00
3d77ba0e-b902-47b4-8374-bc410aa78d71,M-1197,SESS-20260802-5485-0329,RENTAL_ACCRUAL,11,253,2026-08-02T21:45:00+08:00
a70cc6fe-2200-41ff-a7aa-1357e6c36f48,M-1409,SESS-20260802-8209-0330,RENTAL_ACCRUAL,28,271,2026-08-03T04:45:00+08:00
18d1d82e-cc1e-4284-944d-c85f4b1af552,M-1019,SESS-20260802-9538-0331,RENTAL_ACCRUAL,5,589,2026-08-03T00:20:00+08:00
6db02495-ac23-4520-8bac-19a17821af51,M-1477,SESS-20260802-1510-0332,RENTAL_ACCRUAL,16,91,2026-08-03T01:00:00+08:00
fd4547e1-7071-4067-892a-a138f6d71318,M-1774,SESS-20260802-3787-0333,RENTAL_REDEMPTION,-100,253,2026-08-02T00:50:00+08:00
54acb50d-a204-44f5-869c-a7aa83c4d131,M-1774,SESS-20260802-3787-0333,RENTAL_ACCRUAL,11,264,2026-08-02T02:50:00+08:00
03716406-c45c-4c8c-b1c6-848a06398a2e,M-1060,SESS-20260802-6084-0334,RENTAL_ACCRUAL,5,176,2026-08-02T21:25:00+08:00
707cbaf7-8979-43a5-b4a8-f027a35ee077,M-1770,SESS-20260802-2892-0335,RENTAL_ACCRUAL,6,318,2026-08-02T19:40:00+08:00
d58a23c4-d530-416f-b018-e22c539fe6b3,M-1390,SESS-20260802-1799-0336,RENTAL_ACCRUAL,45,263,2026-08-03T05:45:00+08:00
30ccaf1b-4708-4853-8360-9b19b29a8cde,M-1682,SESS-20260802-5580-0337,RENTAL_ACCRUAL,43,730,2026-08-03T02:30:00+08:00
cece0285-edfa-468a-bddc-29906b4142c5,M-1215,SESS-20260802-8375-0338,RENTAL_ACCRUAL,18,197,2026-08-02T17:45:00+08:00
87b8811d-dfce-47be-9eaa-1b68e8f57a3c,M-1012,SESS-20260802-9457-0339,RENTAL_ACCRUAL,11,387,2026-08-02T17:45:00+08:00
d6582270-1af6-4350-b70a-2b586dcc3809,M-1063,SESS-20260802-8910-0340,RENTAL_ACCRUAL,28,398,2026-08-02T21:15:00+08:00
ca2ea860-048d-4b66-ae3a-c2e3065eb58f,M-1469,SESS-20260802-5251-0341,RENTAL_REDEMPTION,-100,261,2026-08-02T20:50:00+08:00
74e3b602-9552-4ad7-b2c5-c7c82f00d357,M-1469,SESS-20260802-5251-0341,RENTAL_ACCRUAL,11,272,2026-08-02T22:50:00+08:00
f212dca2-93b1-4ec2-9012-c9479f9af5bb,M-2077,SESS-20260802-4945-0342,RENTAL_ACCRUAL,18,115,2026-08-03T00:35:00+08:00
3afc6db5-6f4d-4b30-b967-a7ef34d9d424,M-1528,SESS-20260802-7465-0343,RENTAL_ACCRUAL,18,201,2026-08-02T18:15:00+08:00
51656b0c-535c-4a13-b4c0-bbf9c09ba3e8,M-1375,SESS-20260802-2576-0344,RENTAL_ACCRUAL,13,95,2026-08-03T00:45:00+08:00
d23bb6a6-1309-46e5-ab99-d1363149e805,M-1151,SESS-20260802-6280-0345,RENTAL_ACCRUAL,27,55,2026-08-03T01:30:00+08:00
0e62b6f8-bdad-4eb8-aeaa-4f81237d9621,M-1448,SESS-20260802-1335-0346,RENTAL_ACCRUAL,45,153,2026-08-03T04:55:00+08:00
a3bf73d7-90f8-4ba4-8fd4-0944104ffad5,M-1674,SESS-20260802-6945-0347,RENTAL_ACCRUAL,11,661,2026-08-02T18:45:00+08:00
4cc092d6-a0f7-453e-b727-731899f1b0c6,M-1749,SESS-20260802-5299-0348,RENTAL_ACCRUAL,9,182,2026-08-02T21:45:00+08:00
4e4e4bf8-b0ec-4f24-b3d1-4ffdde4011a3,M-2146,SESS-20260802-4092-0349,RENTAL_REDEMPTION,-100,153,2026-08-02T18:05:00+08:00
e51b29d8-8f23-46bf-b1bf-e962630b68a3,M-2146,SESS-20260802-4092-0349,RENTAL_ACCRUAL,11,164,2026-08-02T20:05:00+08:00
e43a5f7a-bf5f-4d45-8f08-dc88bde4392e,M-1772,SESS-20260802-1951-0350,RENTAL_ACCRUAL,18,276,2026-08-02T18:25:00+08:00
d3d45bb4-951a-47c0-8999-b201bfa00ea7,M-1502,SESS-20260802-7245-0351,RENTAL_REDEMPTION,-100,21,2026-08-02T21:00:00+08:00
1cffe6d2-4b3c-4848-8aa6-64d976b5e5d0,M-1502,SESS-20260802-7245-0351,RENTAL_ACCRUAL,20,41,2026-08-03T00:00:00+08:00
5fc35b1c-d1f7-4801-b5ee-638fcd3361cb,M-1747,SESS-20260802-6595-0352,RENTAL_ACCRUAL,16,103,2026-08-02T22:10:00+08:00
4bee56b4-eec5-412a-868c-a9559a061061,M-1034,SESS-20260802-5467-0353,RENTAL_ACCRUAL,28,123,2026-08-03T03:55:00+08:00
fbbcc264-47c1-4d10-bbfc-e55cae2e595c,M-2059,SESS-20260802-2109-0354,RENTAL_ACCRUAL,10,10,2026-08-02T14:00:00+08:00
0099204a-2948-4346-9a73-faded60e95be,M-1005,SESS-20260802-9541-0355,RENTAL_ACCRUAL,16,107,2026-08-02T22:50:00+08:00
f1c5780c-026f-4ce8-8b46-a0061a0767d9,M-1988,SESS-20260802-6492-0356,RENTAL_ACCRUAL,5,103,2026-08-02T21:45:00+08:00
f86dcee9-f13b-4e81-bcf2-721b6e739541,M-1108,SESS-20260802-4196-0357,RENTAL_REDEMPTION,-100,294,2026-08-02T19:00:00+08:00
0e130b99-3075-46a6-ac38-2e41505ca7ce,M-1108,SESS-20260802-4196-0357,RENTAL_ACCRUAL,2,296,2026-08-02T20:00:00+08:00
09eb5af8-7c4b-4475-87cf-c8a6de1a83cf,M-1804,SESS-20260802-4453-0358,RENTAL_ACCRUAL,18,151,2026-08-02T22:15:00+08:00
2c4eb80e-6a24-4fc6-a3f3-87881dbffe8c,M-1713,SESS-20260802-8215-0359,RENTAL_ACCRUAL,11,296,2026-08-03T01:30:00+08:00
c8dd1307-023b-4967-b76f-02d510b23528,M-1441,SESS-20260802-6907-0360,RENTAL_ACCRUAL,5,67,2026-08-02T21:10:00+08:00
32afb215-2aec-43be-a376-83fd5508def4,M-1601,SESS-20260802-3196-0361,RENTAL_ACCRUAL,18,334,2026-08-02T22:45:00+08:00
47d02268-5eb6-4031-b485-4b708fe97ed8,M-2143,SESS-20260802-7257-0362,RENTAL_ACCRUAL,16,77,2026-08-03T00:25:00+08:00
f174c5b2-eddf-4ffc-9ed4-52d9e23751f7,M-2091,SESS-20260802-7043-0363,RENTAL_ACCRUAL,16,339,2026-08-02T22:15:00+08:00
bce80888-8455-4e6f-a1bf-115a34f73352,M-2034,SESS-20260802-4353-0364,RENTAL_REDEMPTION,-200,97,2026-08-02T23:05:00+08:00
3d11608d-3c5b-49e1-92da-7e792e619540,M-1547,SESS-20260802-4396-0365,RENTAL_ACCRUAL,11,378,2026-08-02T23:15:00+08:00
1a52fded-5d54-4d41-90b7-515996e60769,M-1733,SESS-20260802-1120-0366,RENTAL_ACCRUAL,28,132,2026-08-03T02:30:00+08:00
c9a9c082-9e7c-4a1b-96a8-03bc7fcd0f27,M-1808,SESS-20260802-4031-0367,RENTAL_ACCRUAL,18,1915,2026-08-02T15:45:00+08:00
47372d1f-52bc-4e31-a457-86bc0e62400e,M-2167,SESS-20260802-4355-0368,RENTAL_REDEMPTION,-100,287,2026-08-02T16:45:00+08:00
4ea7e46d-4fea-4ea2-a9ff-c9a4d71e5362,M-2167,SESS-20260802-4355-0368,RENTAL_ACCRUAL,2,289,2026-08-02T17:45:00+08:00
9eea2e82-9e3c-4d0e-945f-b82ec1b702fe,M-1086,SESS-20260802-7329-0369,RENTAL_REDEMPTION,-100,7,2026-08-02T14:00:00+08:00
2622a725-78db-4247-bf7a-8c883753286e,M-1086,SESS-20260802-7329-0369,RENTAL_ACCRUAL,2,9,2026-08-02T15:00:00+08:00
89c9d192-05af-4e4d-96f3-74818b140e7e,M-1147,SESS-20260802-2344-0370,RENTAL_ACCRUAL,5,605,2026-08-02T22:10:00+08:00
fc55e2a1-c94e-493f-bdd7-d05218d7cf42,M-1205,SESS-20260802-8760-0371,RENTAL_ACCRUAL,5,795,2026-08-02T15:10:00+08:00
6169c86b-f44a-4f69-b6a1-389ee36af534,M-1830,SESS-20260802-1333-0372,RENTAL_REDEMPTION,-200,277,2026-08-02T20:05:00+08:00
9497451c-ebca-4637-900c-9687d0a4f1ef,M-1830,SESS-20260802-1333-0372,RENTAL_ACCRUAL,3,280,2026-08-02T23:05:00+08:00
e8765b15-fa7c-47f2-a9ee-e961ef80f3c6,M-1301,SESS-20260802-1935-0373,RENTAL_ACCRUAL,45,132,2026-08-02T21:30:00+08:00
b9012832-6ec6-4376-adb7-2e0b1cd57643,M-1268,SESS-20260802-9656-0374,RENTAL_ACCRUAL,9,174,2026-08-03T00:05:00+08:00
d0d27a19-70f7-4508-ba49-f934267a9972,M-1746,SESS-20260802-8813-0375,RENTAL_ACCRUAL,11,454,2026-08-02T23:15:00+08:00
9dc83601-ea8a-497b-bba0-32f78d478bdf,M-1130,SESS-20260802-7730-0376,RENTAL_ACCRUAL,16,200,2026-08-03T00:40:00+08:00
12812663-4917-4ed9-96db-475e884d8ba6,M-1100,SESS-20260802-2594-0377,RENTAL_ACCRUAL,5,39,2026-08-02T21:50:00+08:00
3f78c6cb-74aa-4cb9-9a6b-f673410b5177,M-1924,SESS-20260802-2347-0378,RENTAL_ACCRUAL,5,29,2026-08-02T23:20:00+08:00
6b21d252-5abb-4bed-beea-6926022d4138,M-2110,SESS-20260802-3755-0379,RENTAL_ACCRUAL,16,617,2026-08-02T18:00:00+08:00
6ffd8264-fcc5-4588-84a5-cac72a14c1b0,M-1537,SESS-20260802-2778-0380,RENTAL_ACCRUAL,11,358,2026-08-02T21:40:00+08:00
c9c67fb3-51c0-4264-bf36-c06ba5701b3b,M-1635,SESS-20260802-9411-0381,RENTAL_REDEMPTION,-200,147,2026-08-02T23:20:00+08:00
ba93003e-0a4b-4113-b0a5-8fa4d2e07943,M-1635,SESS-20260802-9411-0381,RENTAL_ACCRUAL,4,151,2026-08-03T02:20:00+08:00
02515573-01c9-45cf-ac37-65a039858abb,M-2141,SESS-20260802-9339-0382,RENTAL_ACCRUAL,8,131,2026-08-02T21:55:00+08:00
3e589208-3696-4221-9bfe-bc06d17bf085,M-2118,SESS-20260802-8520-0383,RENTAL_ACCRUAL,24,114,2026-08-03T02:15:00+08:00
3cf0a000-fdfe-4375-ba60-f341e4dcf7f2,M-1839,SESS-20260802-5322-0384,RENTAL_REDEMPTION,-100,282,2026-08-02T22:35:00+08:00
4ffce29c-1c95-4022-8c84-187ae4bcbd47,M-1839,SESS-20260802-5322-0384,RENTAL_ACCRUAL,11,293,2026-08-03T00:35:00+08:00
4e4304bd-636d-4e16-b5cc-cdbd8ffcc0cf,M-1317,SESS-20260802-9452-0385,RENTAL_REDEMPTION,-100,73,2026-08-02T22:10:00+08:00
5c521545-ebab-449e-9dd4-7cf62e48fb96,M-1317,SESS-20260802-9452-0385,RENTAL_ACCRUAL,35,108,2026-08-03T03:10:00+08:00
fbbfeefa-b356-4cf5-a591-c80e232f7b5e,M-1784,SESS-20260802-3835-0386,RENTAL_ACCRUAL,11,340,2026-08-03T01:30:00+08:00
d21101ab-3f0c-4262-9898-447c641f51da,M-1993,SESS-20260802-5750-0387,RENTAL_ACCRUAL,24,114,2026-08-03T00:55:00+08:00
fe9972fc-5ad4-48f4-8603-5dd78068ddf4,M-1441,SESS-20260802-7576-0388,RENTAL_ACCRUAL,11,78,2026-08-03T00:20:00+08:00
6865e5fc-44b6-472b-bc1e-17137e2a7ca8,M-1322,SESS-20260802-1113-0389,RENTAL_ACCRUAL,11,415,2026-08-02T23:15:00+08:00
1c615a2b-7edf-45b1-826f-78af6103a980,M-1753,SESS-20260802-9507-0390,RENTAL_ACCRUAL,16,491,2026-08-02T22:35:00+08:00
a9df65ac-416c-446b-beef-4b76aed6c0e1,M-1767,SESS-20260802-2304-0391,RENTAL_ACCRUAL,9,358,2026-08-02T23:45:00+08:00
f8e05c8c-a097-456c-88f5-8e67be49dcb0,M-2062,SESS-20260802-1048-0392,RENTAL_ACCRUAL,10,165,2026-08-02T23:55:00+08:00
ad00b508-8ecd-4abd-9fe2-8b64fee47cd8,M-1492,SESS-20260802-6978-0393,RENTAL_ACCRUAL,5,431,2026-08-02T22:45:00+08:00
fb113a59-1678-4485-9a10-8befa7e8a88d,M-1173,SESS-20260802-3425-0394,RENTAL_ACCRUAL,12,367,2026-08-02T23:25:00+08:00
894aedf1-633c-41f9-90fb-1f43a108d0e2,M-1038,SESS-20260802-8924-0395,RENTAL_REDEMPTION,-400,27,2026-08-02T22:20:00+08:00
7559d128-f405-43cc-bc1f-da70407b91ab,M-1038,SESS-20260802-8924-0395,RENTAL_ACCRUAL,2,29,2026-08-03T01:20:00+08:00
90807a2f-a983-4a30-813e-cc31a6b931f6,M-1666,SESS-20260802-5114-0396,RENTAL_ACCRUAL,9,65,2026-08-03T00:30:00+08:00
c50063b8-0fd4-4f87-b39e-bb66592f6c02,M-1513,SESS-20260802-9375-0397,RENTAL_ACCRUAL,11,92,2026-08-03T01:00:00+08:00
422f59f9-3818-4e9f-97f3-35e27f765165,M-1416,SESS-20260802-5271-0398,RENTAL_REDEMPTION,-100,2319,2026-08-02T20:30:00+08:00
b6bcf2cd-0c21-472b-9dd6-dab5135fbc78,M-1416,SESS-20260802-5271-0398,RENTAL_ACCRUAL,2,2321,2026-08-02T21:30:00+08:00
d1cfde1c-98d5-4ada-acd9-99c5e966ae4d,M-1455,SESS-20260802-2693-0399,RENTAL_ACCRUAL,11,521,2026-08-03T01:40:00+08:00
1ec88113-fbc8-4196-95f7-0704ef98690a,M-1527,SESS-20260802-1006-0400,RENTAL_ACCRUAL,5,659,2026-08-02T22:45:00+08:00
a9e3507d-a356-4a25-a552-924ce022646b,M-1476,SESS-20260802-1903-0401,RENTAL_ACCRUAL,19,531,2026-08-03T00:05:00+08:00
3a0cf486-40e1-4e80-9116-4361fb72d57e,M-2075,SESS-20260802-4431-0402,RENTAL_ACCRUAL,16,139,2026-08-02T23:30:00+08:00
4ad57ee2-a9c8-4566-8114-cedc28b8db44,M-1734,SESS-20260802-5374-0403,RENTAL_ACCRUAL,6,211,2026-08-03T00:20:00+08:00
19a1cffe-9e9d-4745-a65e-abcaf8c9637b,M-1036,SESS-20260802-2863-0404,RENTAL_ACCRUAL,11,178,2026-08-02T21:15:00+08:00
0307fc8b-a295-4029-908e-cc28c7c78d2e,M-1222,SESS-20260802-8866-0405,RENTAL_ACCRUAL,18,541,2026-08-03T01:45:00+08:00
8f8dce7c-6dda-4b71-82d1-8c312592efeb,M-1467,SESS-20260802-8849-0406,RENTAL_ACCRUAL,11,66,2026-08-03T00:45:00+08:00
01231534-0f30-49f8-a548-c4f3f5a97101,M-1701,SESS-20260802-7361-0407,RENTAL_ACCRUAL,5,599,2026-08-03T00:00:00+08:00
dfa91e95-2310-4003-aa8e-35048ab818cb,M-1829,SESS-20260802-1907-0408,RENTAL_ACCRUAL,16,169,2026-08-03T01:45:00+08:00
8569b0b9-b195-4248-9cf1-f7371d76513a,M-1499,SESS-20260802-2025-0409,RENTAL_ACCRUAL,28,326,2026-08-03T04:55:00+08:00
b12fc846-81e7-4f64-aaa2-8ec107290f0d,M-1388,SESS-20260802-5613-0410,RENTAL_ACCRUAL,9,179,2026-08-02T14:00:00+08:00
358c79cf-d30b-4e44-8ba7-4eb1ee0dc1f8,M-1367,SESS-20260802-8811-0411,RENTAL_ACCRUAL,5,557,2026-08-02T23:05:00+08:00
38f281bf-027a-4dfb-be20-6c0c41bd3b45,M-1585,SESS-20260802-1143-0412,RENTAL_REDEMPTION,-100,704,2026-08-02T23:45:00+08:00
c00d7a73-075d-425c-82aa-68a45fc14317,M-1585,SESS-20260802-1143-0412,RENTAL_ACCRUAL,5,709,2026-08-03T01:45:00+08:00
ecfc2d6c-be38-479a-afc9-7dd414aac48a,M-1709,SESS-20260802-6972-0413,RENTAL_ACCRUAL,16,221,2026-08-03T00:20:00+08:00
95d2f8ca-2450-498c-a40a-b0c7d2fe06f8,M-1913,SESS-20260802-5175-0414,RENTAL_REDEMPTION,-100,182,2026-08-02T22:30:00+08:00
9cce4473-6fe7-45d8-8ce7-62eb17c66f32,M-1913,SESS-20260802-5175-0414,RENTAL_ACCRUAL,38,220,2026-08-03T03:30:00+08:00
bc672553-2614-4963-aee3-6dfd2549ded6,M-1122,SESS-20260802-9127-0415,RENTAL_ACCRUAL,27,77,2026-08-02T17:10:00+08:00
62e0ca0b-5cca-47d3-bbbc-543aefaed036,M-1169,SESS-20260802-2686-0416,RENTAL_ACCRUAL,11,277,2026-08-03T01:25:00+08:00
b67ee85e-3126-44da-b30c-06c075dc5dcf,M-1658,SESS-20260802-1398-0417,RENTAL_ACCRUAL,18,348,2026-08-02T23:45:00+08:00
b264400a-cb5d-47bb-96e1-63e9056a3e16,M-1543,SESS-20260802-8449-0418,RENTAL_ACCRUAL,72,233,2026-08-03T04:45:00+08:00
6b94af43-2328-4088-979e-6d93411921cc,M-1599,SESS-20260802-7733-0419,RENTAL_ACCRUAL,45,301,2026-08-03T03:00:00+08:00
a4785a75-d226-49b8-abc5-b622d15a3b35,M-1922,SESS-20260802-4357-0420,RENTAL_ACCRUAL,16,198,2026-08-03T00:00:00+08:00
2f2890dd-9a3a-40e9-a83e-a83932c75189,M-1251,SESS-20260802-5306-0421,RENTAL_ACCRUAL,28,119,2026-08-03T02:15:00+08:00
155eeee6-dd24-4f38-8471-4025a1ff28c9,M-1465,SESS-20260802-1001-0422,RENTAL_ACCRUAL,9,918,2026-08-02T21:45:00+08:00
8a307602-7db4-41aa-a2ad-a0122ad4c47e,M-1929,SESS-20260802-1065-0423,RENTAL_ACCRUAL,12,57,2026-08-02T19:45:00+08:00
f549106c-fcdd-4f46-9727-6aaf6f2b4042,M-1157,SESS-20260802-8647-0424,RENTAL_ACCRUAL,28,319,2026-08-03T04:15:00+08:00
df62a31b-6f13-4aba-a7b0-c7ff0f963933,M-1765,SESS-20260802-9453-0425,RENTAL_ACCRUAL,72,409,2026-08-02T21:20:00+08:00
079e6ff3-41e1-4f22-bcc3-7f7f143eab04,M-1878,SESS-20260802-2480-0426,RENTAL_ACCRUAL,16,107,2026-08-02T20:15:00+08:00
7b40421a-b84d-46ac-945c-e64bd600434c,M-1645,SESS-20260802-1313-0427,RENTAL_ACCRUAL,18,416,2026-08-02T23:00:00+08:00
8d2d9df2-1c48-47c3-b35c-9e5c15683ad4,M-1558,SESS-20260802-7925-0428,RENTAL_ACCRUAL,18,123,2026-08-03T01:05:00+08:00
ab4326f9-84e5-42e0-b434-baf410c7f3d8,M-2171,SESS-20260802-8474-0429,RENTAL_ACCRUAL,16,54,2026-08-02T15:30:00+08:00
1432e85e-764c-4c9d-9a1c-c1f292760896,M-1212,SESS-20260802-2253-0430,RENTAL_REDEMPTION,-100,58,2026-08-02T20:40:00+08:00
8e1b4fe2-e3b8-464b-8340-f1de8a5f4199,M-1212,SESS-20260802-2253-0430,RENTAL_ACCRUAL,11,69,2026-08-02T22:40:00+08:00
9ce509b6-b826-4ddb-bec4-89c7e1afa4ee,M-1740,SESS-20260802-7076-0431,RENTAL_ACCRUAL,48,2178,2026-08-03T03:50:00+08:00
26155faa-6837-4a73-9ef8-32a52fa43208,M-2187,SESS-20260802-2274-0432,RENTAL_ACCRUAL,15,93,2026-08-03T00:55:00+08:00
fc71e5b9-867d-46c9-b169-1a0a510c1ae8,M-1737,SESS-20260802-5182-0433,RENTAL_ACCRUAL,28,121,2026-08-03T01:25:00+08:00
8a1dd682-3c25-4039-a1a7-90d12f21552e,M-1344,SESS-20260802-7684-0434,RENTAL_ACCRUAL,27,667,2026-08-02T23:45:00+08:00
05d94b21-b15d-45e3-b83d-d5aa2e394dde,M-1708,SESS-20260802-9446-0435,RENTAL_ACCRUAL,11,270,2026-08-02T16:45:00+08:00
754c3b87-c221-4840-a5d1-dca927bfaafa,M-1766,SESS-20260802-1007-0436,RENTAL_ACCRUAL,11,569,2026-08-03T00:05:00+08:00
96a94c07-c232-43eb-b594-105d7e21dd85,M-1527,SESS-20260802-2280-0437,RENTAL_ACCRUAL,45,704,2026-08-03T04:00:00+08:00
79d1bca5-f0d9-4bd4-9dad-44f0742400b2,M-1486,SESS-20260802-7660-0438,RENTAL_ACCRUAL,108,364,2026-08-03T05:00:00+08:00
1ebb33a7-87ba-4606-935d-252edbf2b64f,M-2195,SESS-20260802-5012-0439,RENTAL_ACCRUAL,16,239,2026-08-02T16:45:00+08:00
604a2779-8a60-4cd1-91a1-9d89a81c009a,M-1553,SESS-20260802-3168-0440,RENTAL_ACCRUAL,45,596,2026-08-03T05:20:00+08:00
7673aee7-1055-4073-a283-74900172515d,M-1549,SESS-20260802-9835-0441,RENTAL_REDEMPTION,-100,83,2026-08-02T23:55:00+08:00
b1629826-dd6e-42e6-ac75-5ad563a2adef,M-1549,SESS-20260802-9835-0441,RENTAL_ACCRUAL,11,94,2026-08-03T01:55:00+08:00
6dd5eaf2-8e1a-4c0c-b7a4-32d56e66f97e,M-1463,SESS-20260802-7098-0442,RENTAL_ACCRUAL,48,3729,2026-08-02T23:00:00+08:00
9b94db5e-5b9e-4de3-a159-88c4f34079ed,M-1774,SESS-20260802-9198-0443,RENTAL_ACCRUAL,5,269,2026-08-02T17:15:00+08:00
515a0c10-30e4-41e0-bc4c-edfcb614b721,M-1167,SESS-20260802-9488-0444,RENTAL_ACCRUAL,30,233,2026-08-03T04:50:00+08:00
ef84832f-416f-4325-94db-a04de4d05ab9,M-1675,SESS-20260802-7375-0445,RENTAL_ACCRUAL,12,1958,2026-08-03T01:55:00+08:00
d47350d4-3c25-4b7b-b66c-7870556764f5,M-1554,SESS-20260802-5066-0446,RENTAL_ACCRUAL,12,1145,2026-08-02T18:15:00+08:00
54f6cb31-b80a-4145-81ab-45197b9eaa2f,M-1319,SESS-20260802-8647-0447,RENTAL_ACCRUAL,11,105,2026-08-02T23:30:00+08:00
e93fc9ce-9f9c-4a13-beb4-bcfee7a0caf6,M-1378,SESS-20260802-9913-0448,RENTAL_ACCRUAL,16,101,2026-08-03T02:30:00+08:00
34743816-7fe5-48ec-b7b4-a2e12937f782,M-1625,SESS-20260802-4446-0449,RENTAL_ACCRUAL,48,2564,2026-08-03T04:50:00+08:00
8dcb1d70-5331-415a-a138-bd9b12e86214,M-1413,SESS-20260802-5289-0450,RENTAL_ACCRUAL,72,230,2026-08-03T06:00:00+08:00
c53d520f-6115-47d4-9523-eae21d91d296,M-1354,SESS-20260802-6620-0451,RENTAL_REDEMPTION,-200,245,2026-08-02T21:15:00+08:00
42b87747-185b-4169-abbe-aa7baf74a9b1,M-1354,SESS-20260802-6620-0451,RENTAL_ACCRUAL,4,249,2026-08-03T00:15:00+08:00
537ef7d3-a284-4fc7-8d64-43d01d44e06e,M-1657,SESS-20260802-7293-0452,RENTAL_ACCRUAL,16,415,2026-08-02T20:00:00+08:00
8c542394-a318-44db-bfcb-fd0eaea9d7b7,M-1808,SESS-20260802-9906-0453,RENTAL_REDEMPTION,-100,1815,2026-08-02T20:10:00+08:00
6b950136-1627-47e9-be7c-342fc8cc9e80,M-1808,SESS-20260802-9906-0453,RENTAL_ACCRUAL,4,1819,2026-08-02T22:10:00+08:00
d0d4a647-a212-4d04-a964-7a3590836733,M-1305,SESS-20260802-6666-0454,RENTAL_ACCRUAL,27,368,2026-08-03T01:50:00+08:00
12a23659-ddba-487c-aa74-e91f491ee26c,M-1325,SESS-20260802-6454-0455,RENTAL_ACCRUAL,27,345,2026-08-02T20:15:00+08:00
5eb880ef-7569-4744-a751-2a5d1a298559,M-1622,SESS-20260802-3847-0456,RENTAL_ACCRUAL,5,130,2026-08-02T23:25:00+08:00
b8e7523c-a385-4f1b-8530-27f65a12e945,M-1071,SESS-20260802-5880-0457,RENTAL_ACCRUAL,18,151,2026-08-03T01:10:00+08:00
569cc45e-aa08-49e3-8283-223547da13c0,M-2099,SESS-20260802-1652-0458,RENTAL_REDEMPTION,-100,158,2026-08-02T19:45:00+08:00
01db9fb6-80ae-4019-b4e5-c59ac69703fe,M-2099,SESS-20260802-1652-0458,RENTAL_ACCRUAL,10,168,2026-08-02T22:45:00+08:00
d4293c2f-0562-4fbb-8d3c-1edd73dc54dd,M-1521,SESS-20260802-4794-0459,RENTAL_ACCRUAL,19,493,2026-08-02T17:40:00+08:00
893e3240-685d-4a11-bf0e-5e03461ee80f,M-1691,SESS-20260802-2339-0460,RENTAL_ACCRUAL,11,381,2026-08-03T00:45:00+08:00
d411b735-41e6-4da6-89c6-58afc7c168e3,M-1120,SESS-20260802-5846-0461,RENTAL_ACCRUAL,11,571,2026-08-02T21:00:00+08:00
76af4259-00b0-4c77-bba1-13a552e31208,M-1216,SESS-20260802-7881-0462,RENTAL_ACCRUAL,6,379,2026-08-03T00:35:00+08:00
d6799f91-3acc-4aa4-a7f6-21d9c1103da8,M-1440,SESS-20260802-2071-0463,RENTAL_ACCRUAL,40,210,2026-08-02T22:55:00+08:00
85d9fcf6-1265-41db-b495-a72c0e301f52,M-1265,SESS-20260802-3131-0464,RENTAL_ACCRUAL,11,372,2026-08-02T23:30:00+08:00
c71df16a-0101-4c25-b6d9-ca879f9b7610,M-1525,SESS-20260802-6661-0465,RENTAL_ACCRUAL,11,63,2026-08-03T01:45:00+08:00
e2b17533-790a-4a88-b826-77b728292c8e,M-2115,SESS-20260802-7291-0466,RENTAL_ACCRUAL,16,118,2026-08-03T01:10:00+08:00
b8f9d438-26d7-4252-92a9-d17bc7d1b54e,M-1772,SESS-20260802-9472-0467,RENTAL_REDEMPTION,-200,76,2026-08-02T20:30:00+08:00
0c9da0a1-4ab8-4936-be1c-8f61804588fd,M-1772,SESS-20260802-9472-0467,RENTAL_ACCRUAL,32,108,2026-08-03T01:30:00+08:00
a03651bd-a50a-4398-bbbc-8aa8f1ab6b5d,M-1367,ORD-20260802-7959-0001,CONCESSION_ACCRUAL,3,560,2026-08-02T18:14:28+08:00
b0349b25-386f-43eb-ab4b-1733ec2484cc,M-1574,ORD-20260802-6645-0002,CONCESSION_ACCRUAL,17,158,2026-08-02T21:28:24+08:00
8e405de2-24aa-4874-878f-39113f944a84,M-1120,ORD-20260802-4807-0003,CONCESSION_ACCRUAL,3,574,2026-08-02T19:21:11+08:00
80a51e90-55c9-4792-992d-38aad60b7d7c,M-1915,ORD-20260802-2052-0004,CONCESSION_ACCRUAL,15,208,2026-08-02T19:49:53+08:00
d660eaaf-9508-494f-a443-b9dfa74140b0,M-1210,ORD-20260802-8371-0005,CONCESSION_ACCRUAL,18,1094,2026-08-02T17:46:04+08:00
32e857a0-eae0-44d1-8675-82bd0c8b5374,M-1705,ORD-20260803-4554-0006,CONCESSION_ACCRUAL,15,465,2026-08-03T02:26:51+08:00
5fa6d5cf-f25c-4fea-98d8-fc3903768001,M-1475,ORD-20260803-4849-0007,CONCESSION_ACCRUAL,23,543,2026-08-03T01:32:30+08:00
8ec112ae-48f0-4eb7-a494-0cf02b719ebc,M-1373,ORD-20260802-8588-0008,CONCESSION_ACCRUAL,15,176,2026-08-02T21:51:14+08:00
19d3a1bd-49c2-415c-9284-b130eb547ee3,M-2110,ORD-20260802-1821-0009,CONCESSION_ACCRUAL,36,653,2026-08-02T17:36:05+08:00
006280aa-20ca-4b9a-9c41-a1dacab53f9e,M-1329,ORD-20260802-7617-0010,CONCESSION_ACCRUAL,21,546,2026-08-02T23:55:19+08:00
3c2865be-ecbd-4981-9332-162dff29bb42,M-1978,ORD-20260802-2941-0011,CONCESSION_ACCRUAL,22,155,2026-08-02T22:10:08+08:00
58829b9b-e13d-4013-af71-52a15825f1f3,M-1151,ORD-20260803-4623-0012,CONCESSION_ACCRUAL,10,65,2026-08-03T01:19:20+08:00
56ac2059-651c-4d83-b977-cfacd13d4d6b,M-2146,ORD-20260802-6917-0013,CONCESSION_ACCRUAL,18,182,2026-08-02T18:20:45+08:00
0d3dc5c6-dbec-42e4-89d7-d7d3b37d7f7a,M-1254,ORD-20260803-3649-0014,CONCESSION_ACCRUAL,3,65,2026-08-03T01:31:09+08:00
d3e6802f-ce87-4571-9337-dcc9bf4618c1,M-1584,ORD-20260802-8021-0015,CONCESSION_ACCRUAL,3,112,2026-08-02T22:34:51+08:00
6f4a3bec-76b6-417f-8477-a850b8918014,M-1664,ORD-20260802-2153-0016,CONCESSION_ACCRUAL,27,2274,2026-08-02T12:27:08+08:00
18afd1e5-b387-41ad-9416-eed0a676a712,M-2076,ORD-20260802-5318-0017,CONCESSION_ACCRUAL,15,159,2026-08-02T23:07:32+08:00
60abbb48-2c63-4d33-bad4-aa43440f8df7,M-1189,ORD-20260802-3573-0018,CONCESSION_ACCRUAL,23,187,2026-08-02T21:55:05+08:00
d527af63-5a50-4f6f-b626-ba2a38f75e6e,M-1799,ORD-20260802-1002-0019,CONCESSION_ACCRUAL,10,273,2026-08-02T22:33:15+08:00
2a25e567-c462-47d2-8fa4-acc1a1dc23cc,M-1767,ORD-20260802-6228-0020,CONCESSION_ACCRUAL,16,374,2026-08-02T17:58:17+08:00
1f357b42-7f5e-44e9-bff6-47d6f816562e,M-1521,ORD-20260802-1675-0021,CONCESSION_ACCRUAL,13,506,2026-08-02T16:38:54+08:00
1a6880a1-72b6-4a16-9244-d1f7294ab625,M-1767,ORD-20260802-8394-0022,CONCESSION_ACCRUAL,40,414,2026-08-02T23:26:37+08:00
7ec75692-40fc-4ca9-9140-1b6a28bae44d,M-1334,ORD-20260803-2304-0023,CONCESSION_ACCRUAL,11,280,2026-08-03T00:39:41+08:00
26659a4d-0342-42a9-b7a8-f17d04060159,M-1710,ORD-20260802-2543-0024,CONCESSION_ACCRUAL,8,311,2026-08-02T14:56:44+08:00
1a9807c1-1fed-4ba4-afc5-01f1f5a8b76c,M-2034,ORD-20260803-8155-0025,CONCESSION_ACCRUAL,8,105,2026-08-03T00:20:40+08:00
6265d9a8-b09b-4284-8865-84b342d86cec,M-1161,ORD-20260802-1951-0026,CONCESSION_ACCRUAL,23,443,2026-08-02T23:35:16+08:00
ccc22488-7edf-4659-a8c1-30df9a54d384,M-1589,ORD-20260803-3853-0027,CONCESSION_ACCRUAL,15,137,2026-08-03T00:28:06+08:00
47fb305c-55a7-4507-b77b-8c673375bd2c,M-1519,ORD-20260802-4888-0028,CONCESSION_ACCRUAL,3,304,2026-08-02T20:11:12+08:00
2393eb57-71b8-4d41-8c95-ff8f6a3f0202,M-1131,ORD-20260802-9719-0029,CONCESSION_ACCRUAL,21,68,2026-08-02T17:44:15+08:00
464e5881-e9f7-42f6-afa0-a912f65d737d,M-1440,ORD-20260802-3959-0030,CONCESSION_ACCRUAL,9,219,2026-08-02T21:27:19+08:00
6b446767-fc7a-426d-b8e0-f298a34313f2,M-1270,ORD-20260802-4532-0031,CONCESSION_ACCRUAL,14,1282,2026-08-02T20:15:25+08:00
ab4f9f8f-04d9-4747-aa91-2c683e4423e7,M-2017,ORD-20260802-7127-0032,CONCESSION_ACCRUAL,13,94,2026-08-02T13:26:03+08:00
c784fbf5-4da2-4e61-9b8a-e8af3331e4c0,M-1557,ORD-20260802-5093-0033,CONCESSION_ACCRUAL,18,467,2026-08-02T19:38:45+08:00
f1a24d06-5cbb-43d9-b972-47e4146881a8,M-1088,ORD-20260802-2527-0034,CONCESSION_ACCRUAL,9,289,2026-08-02T09:49:18+08:00
3f626acf-bb02-425f-af07-882f8f0537c8,M-1829,ORD-20260802-1732-0035,CONCESSION_ACCRUAL,33,202,2026-08-02T20:34:10+08:00
cea046d7-79ca-4e48-9673-310f9683977d,M-1037,ORD-20260802-5783-0036,CONCESSION_ACCRUAL,9,594,2026-08-02T05:57:27+08:00
77c4a5df-8a52-4a34-a616-ad9265f4c43a,M-1053,ORD-20260802-1850-0037,CONCESSION_ACCRUAL,18,593,2026-08-02T21:50:46+08:00
381d6330-4164-4a25-8070-1ed36f9eec4d,M-1658,ORD-20260802-3522-0038,CONCESSION_ACCRUAL,16,364,2026-08-02T22:21:45+08:00
bbf5480d-5a99-49a6-9712-936ffad7cc77,M-1761,ORD-20260802-6810-0039,CONCESSION_ACCRUAL,7,429,2026-08-02T20:35:04+08:00
cacb86a9-3bd2-43b1-a7bd-b72801ed016c,M-1137,ORD-20260802-9285-0040,CONCESSION_ACCRUAL,16,299,2026-08-02T15:42:15+08:00
31f92fb5-9dae-414d-9025-0534a9656735,M-1588,ORD-20260803-9839-0041,CONCESSION_ACCRUAL,22,1812,2026-08-03T00:23:52+08:00
1d7bf3c6-efae-4c9a-bed6-f1bcb3b82dab,M-1176,ORD-20260803-8353-0042,CONCESSION_ACCRUAL,14,148,2026-08-03T02:02:58+08:00
82ea88aa-f716-413f-aa7e-2efdbd185e2b,M-1557,ORD-20260802-2463-0043,CONCESSION_ACCRUAL,18,485,2026-08-02T21:40:02+08:00
16a8c71f-bcf3-475e-bf43-e696c24ef2a9,M-1878,ORD-20260802-7204-0044,CONCESSION_ACCRUAL,12,119,2026-08-02T18:23:36+08:00
a1de03d1-d72f-4609-bcf2-fd720d826484,M-1753,ORD-20260802-9174-0045,CONCESSION_ACCRUAL,8,499,2026-08-02T11:35:23+08:00
7ad9e9e1-dce6-450a-a33d-d8e61e96b168,M-1754,ORD-20260802-5603-0046,CONCESSION_ACCRUAL,15,214,2026-08-02T17:56:54+08:00
2880bb9a-55dd-4ace-a770-001dbf0ffd75,M-1279,ORD-20260802-5294-0047,CONCESSION_ACCRUAL,15,144,2026-08-02T20:10:02+08:00
097ac069-4fd3-4637-a9c8-42a5ef08adf4,M-1024,ORD-20260802-7181-0048,CONCESSION_ACCRUAL,18,276,2026-08-02T22:57:28+08:00
d744b945-f4fb-4e7d-891e-c4bc21b0aeba,M-1528,ORD-20260802-9057-0049,CONCESSION_ACCRUAL,16,217,2026-08-02T17:21:05+08:00
23b3e76d-757e-4d8c-96fc-a8b9b2b1a002,M-1392,ORD-20260803-7543-0050,CONCESSION_ACCRUAL,36,1004,2026-08-03T00:06:44+08:00
de011ebc-430f-4a14-9328-74a21488d903,M-2172,ORD-20260803-2667-0051,CONCESSION_ACCRUAL,6,152,2026-08-03T02:12:53+08:00
e23d3904-edbd-4304-8b16-b488643e6f45,M-2101,ORD-20260803-5031-0052,CONCESSION_ACCRUAL,6,103,2026-08-03T00:05:07+08:00
7da405b3-1cae-4e06-aed9-80b7e01275b4,M-1178,ORD-20260802-3341-0053,CONCESSION_ACCRUAL,25,252,2026-08-02T18:28:49+08:00
0588e83b-96f3-4bb3-8acc-8bd84dd0d5b6,M-1709,ORD-20260802-4283-0054,CONCESSION_ACCRUAL,22,243,2026-08-02T22:00:52+08:00
81214e8c-c350-4449-a6c2-285b6d5b2250,M-2190,ORD-20260802-8552-0055,CONCESSION_ACCRUAL,25,119,2026-08-02T21:13:38+08:00
44c7cff0-ad4e-4694-bb5e-063ad304f099,M-1562,ORD-20260802-9110-0056,CONCESSION_ACCRUAL,18,1217,2026-08-02T21:43:45+08:00
2a74eefa-5628-492f-a8e1-8c53f35298ac,M-1119,ORD-20260802-1724-0057,CONCESSION_ACCRUAL,10,377,2026-08-02T16:12:46+08:00
cfd01bb8-80c7-4a7b-b787-99f34662c4af,M-1924,ORD-20260802-8257-0058,CONCESSION_ACCRUAL,13,42,2026-08-02T22:20:37+08:00
d5fd06f4-3a50-4677-a490-28deab04d011,M-1793,ORD-20260802-2646-0059,CONCESSION_ACCRUAL,18,958,2026-08-02T09:16:41+08:00
69727fc9-b319-4367-8c41-e4c974a06f9b,M-1677,ORD-20260802-7420-0060,CONCESSION_ACCRUAL,15,118,2026-08-02T23:57:08+08:00
fce9d98a-844d-41aa-a6ea-5f39d103e69a,M-2176,ORD-20260802-9288-0061,CONCESSION_ACCRUAL,22,81,2026-08-02T21:53:49+08:00
720b3175-f8ff-4a71-996d-7344619fa54d,M-1839,ORD-20260802-3791-0062,CONCESSION_ACCRUAL,8,301,2026-08-02T23:33:59+08:00
0047c440-1fe6-4550-9f9f-675ece41397f,M-1804,ORD-20260802-3008-0063,CONCESSION_ACCRUAL,30,181,2026-08-02T20:56:41+08:00
0eb84298-a1c5-4429-8d9a-1ce93797c917,M-1766,ORD-20260802-1319-0064,CONCESSION_ACCRUAL,15,584,2026-08-02T14:47:32+08:00
21f64fbe-ebe6-47fe-b4f8-7d7fd22f481b,M-1089,ORD-20260803-2433-0065,CONCESSION_ACCRUAL,15,133,2026-08-03T00:08:56+08:00
5b5bdfcb-2ba2-4efe-bbd3-4605af6f2463,M-1328,ORD-20260802-8264-0066,CONCESSION_ACCRUAL,8,161,2026-08-02T23:01:57+08:00
195e10f0-dc70-418c-a2d5-bfac512c1e59,M-1629,ORD-20260802-4685-0067,CONCESSION_ACCRUAL,26,203,2026-08-02T20:04:15+08:00
1be84dd7-63c1-46e6-88a1-57ceddf1a501,M-1323,ORD-20260802-3631-0068,CONCESSION_ACCRUAL,11,376,2026-08-02T23:38:49+08:00
c5e3114a-50a7-4f43-bf89-30f155c32c31,M-1698,ORD-20260802-7007-0069,CONCESSION_ACCRUAL,23,463,2026-08-02T17:51:33+08:00
2db6fc4b-3117-41d7-a7f7-343590742dc9,M-1774,ORD-20260802-5521-0070,CONCESSION_ACCRUAL,3,272,2026-08-02T01:52:36+08:00
3da5b8dc-1f13-4e34-ad13-05bdb51d8251,M-1537,ORD-20260802-6705-0071,CONCESSION_ACCRUAL,27,385,2026-08-02T20:52:32+08:00
770278ef-99e7-44db-832e-95500d137510,M-1496,ORD-20260802-8069-0072,CONCESSION_ACCRUAL,31,358,2026-08-02T19:23:45+08:00
9dab6c63-b0c3-4945-aed2-0f7b36ffdd0a,M-1325,ORD-20260802-4402-0073,CONCESSION_ACCRUAL,3,348,2026-08-02T19:32:33+08:00
29ab8d4d-9364-4394-8a4d-58ac573c8a9e,M-1448,ORD-20260803-6106-0074,CONCESSION_ACCRUAL,8,161,2026-08-03T00:24:39+08:00
025c8831-2b1c-4342-af50-1117e2f97dc4,M-1152,ORD-20260802-5493-0075,CONCESSION_ACCRUAL,36,127,2026-08-02T21:12:43+08:00
70b6bb9b-d727-4e18-b54d-a45c3cc5b68f,M-1152,TIER_UPGRADE_Standard_TO_Silver,TIER_BONUS,50,177,2026-08-02T21:12:43+08:00
65b2da86-95ab-42ba-96b0-55c88cce2e81,M-1702,ORD-20260802-7206-0076,CONCESSION_ACCRUAL,23,131,2026-08-02T21:03:29+08:00
24661c37-696f-476d-931f-7c6ebd98f1bb,M-1082,ORD-20260803-3174-0077,CONCESSION_ACCRUAL,16,244,2026-08-03T00:51:30+08:00
0296c0b4-f6a3-44ca-a1f2-411989155d2d,M-1740,ORD-20260802-5828-0078,CONCESSION_ACCRUAL,33,2211,2026-08-02T23:27:24+08:00
bc5e77a2-1dd7-49d6-9b9a-571e408ab12c,M-1774,ORD-20260802-3683-0079,CONCESSION_ACCRUAL,41,313,2026-08-02T16:37:56+08:00
ce9a36b3-6abb-46c3-9a5f-2cd77f7c79a3,M-1524,ORD-20260802-1621-0080,CONCESSION_ACCRUAL,16,280,2026-08-02T15:40:05+08:00
764757b8-07e3-473f-acf4-f8e64dca024b,M-1750,ORD-20260802-2779-0081,CONCESSION_ACCRUAL,32,114,2026-08-02T21:18:12+08:00
22c9d16e-a855-4f32-a4d3-670c7c0cfcc4,M-2195,ORD-20260802-2160-0082,CONCESSION_ACCRUAL,8,247,2026-08-02T16:16:05+08:00
0ce0c0d7-b631-4e72-90f5-4e1eeb9e029b,M-1636,ORD-20260802-3061-0083,CONCESSION_ACCRUAL,40,1346,2026-08-02T22:29:55+08:00
0ee8a8ed-db9b-4816-902a-bcccf4bb753f,M-1186,ORD-20260802-6703-0084,CONCESSION_ACCRUAL,8,590,2026-08-02T06:19:46+08:00
e08c8e69-22c1-42d4-bc3c-3123b3ba3970,M-1622,ORD-20260802-5939-0085,CONCESSION_ACCRUAL,8,138,2026-08-02T22:46:01+08:00
66629549-d427-4dd6-ad28-2699a3d29957,M-1636,ORD-20260802-2137-0086,CONCESSION_ACCRUAL,36,1382,2026-08-02T19:48:57+08:00
4043719d-8880-46f3-88b2-e22a56b3599e,M-1554,ORD-20260802-5660-0087,CONCESSION_ACCRUAL,9,1154,2026-08-02T17:38:44+08:00
4b3f9be7-1d4f-4edd-84ed-d2c458cc4b67,M-1544,ORD-20260802-4148-0088,CONCESSION_ACCRUAL,8,224,2026-08-02T11:39:14+08:00
f79697fe-9219-4bf5-9ab7-e28540798a4c,M-1527,ORD-20260802-4705-0089,CONCESSION_ACCRUAL,11,715,2026-08-02T21:00:19+08:00
e2b7502c-21ab-4eb1-8a17-b662d0493b64,M-1314,ORD-20260802-8162-0090,CONCESSION_ACCRUAL,8,326,2026-08-02T22:44:36+08:00
2ff7daab-c4b3-4c9c-b028-b65e9ea9f092,M-1096,ORD-20260803-1291-0091,CONCESSION_ACCRUAL,16,37,2026-08-03T01:18:55+08:00
bb664eb8-e7a3-49b8-9cf8-14ec85544601,M-1654,ORD-20260802-1924-0092,CONCESSION_ACCRUAL,23,328,2026-08-02T22:59:24+08:00
e113fe58-c63f-4152-b7d7-20342b0118c9,M-1156,ORD-20260803-5050-0093,CONCESSION_ACCRUAL,8,215,2026-08-03T00:34:48+08:00
742f3674-f620-43bf-b6d3-70321169973d,M-1579,ORD-20260802-3078-0094,CONCESSION_ACCRUAL,13,2538,2026-08-02T13:50:47+08:00
5b7feed1-b6fe-44c3-9dec-24a458eacda5,M-1745,ORD-20260802-4533-0095,CONCESSION_ACCRUAL,18,43,2026-08-02T16:06:02+08:00
7c410de4-4dc6-47c9-8d63-27cf7729f78e,M-1680,ORD-20260802-1029-0096,CONCESSION_ACCRUAL,11,566,2026-08-02T21:45:20+08:00
3f620e02-b770-493d-9c3d-3d4186ff7269,M-1166,ORD-20260802-8223-0097,CONCESSION_ACCRUAL,15,347,2026-08-02T06:29:28+08:00
d2b6010d-94e7-41c6-97bd-11d16afd9599,M-1012,ORD-20260802-5988-0098,CONCESSION_ACCRUAL,8,395,2026-08-02T16:21:58+08:00
ee6d6e5f-ddc3-41ae-a84c-66670d251246,M-2025,ORD-20260803-6251-0099,CONCESSION_ACCRUAL,26,271,2026-08-03T00:52:23+08:00
ad935c86-d2e5-4793-8342-bd40bf54261a,M-2176,ORD-20260802-3700-0100,CONCESSION_ACCRUAL,6,87,2026-08-02T10:46:41+08:00
af5fabe7-006b-43c6-9fbb-a0404c0effa4,M-1657,ORD-20260802-8573-0101,CONCESSION_ACCRUAL,9,424,2026-08-02T17:57:52+08:00
5851cdbd-1750-48f0-8257-557c3180c0fe,M-1558,ORD-20260803-4370-0102,CONCESSION_ACCRUAL,26,149,2026-08-03T00:44:10+08:00
a80920d0-1cc3-4648-84cc-b418c7c90115,M-1551,ORD-20260803-6094-0103,CONCESSION_ACCRUAL,9,186,2026-08-03T00:07:10+08:00
0d3c7e96-8a13-4786-b7c6-4b4fb3e146b2,M-1625,ORD-20260803-2758-0104,CONCESSION_ACCRUAL,48,2612,2026-08-03T01:11:09+08:00
81e3e415-dc42-4869-ac25-21dc161be932,M-1993,ORD-20260803-6421-0105,CONCESSION_ACCRUAL,15,129,2026-08-03T00:26:45+08:00
352adc36-0351-406e-8be9-cdb84521f958,M-1993,TIER_UPGRADE_Standard_TO_Silver,TIER_BONUS,50,179,2026-08-03T00:26:45+08:00
dcb4ae02-35ba-43bc-b513-d5eb52f71cd9,M-1469,ORD-20260802-5928-0106,CONCESSION_ACCRUAL,10,282,2026-08-02T22:13:18+08:00
729858da-5793-4d5f-8a5e-5cb945688223,M-2074,ORD-20260802-4874-0107,CONCESSION_ACCRUAL,24,224,2026-08-02T21:51:01+08:00
aa4cdc2d-af3f-448d-87e6-463075805ec5,M-2123,ORD-20260802-2892-0108,CONCESSION_ACCRUAL,12,44,2026-08-02T16:16:38+08:00
38fd9930-b007-4352-a005-c20a3c640717,M-1362,ORD-20260803-3173-0109,CONCESSION_ACCRUAL,3,257,2026-08-03T00:52:27+08:00
282a41aa-7f0a-41e6-9ea1-38db66c2a42c,M-1147,ORD-20260802-6753-0110,CONCESSION_ACCRUAL,43,648,2026-08-02T21:31:07+08:00
9b3da6f1-906e-4060-a07d-f3e0b2de0e09,M-1282,ORD-20260802-6381-0111,CONCESSION_ACCRUAL,13,162,2026-08-02T20:07:49+08:00
69ba81ca-a75e-4b05-9af6-8cad036bad20,M-1640,ORD-20260802-1291-0112,CONCESSION_ACCRUAL,15,177,2026-08-02T19:30:11+08:00
0331381d-615e-4a41-96e3-eeca54ef1fd3,M-1244,ORD-20260802-7763-0113,CONCESSION_ACCRUAL,10,322,2026-08-02T23:12:38+08:00
0d5580db-c9ca-441b-8d5b-50050ee88635,M-1021,ORD-20260802-5286-0114,CONCESSION_ACCRUAL,13,404,2026-08-02T16:03:28+08:00
91751f52-f1c0-4151-b937-5fe60796826c,M-1733,ORD-20260803-3648-0115,CONCESSION_ACCRUAL,22,154,2026-08-03T01:52:55+08:00
b4af42ee-1564-4b75-8baa-20b9022c0434,M-1784,ORD-20260802-7609-0116,CONCESSION_ACCRUAL,11,351,2026-08-02T20:50:41+08:00
b60df687-ed4e-48f3-819f-dca953f17f98,M-1413,ORD-20260803-7816-0117,CONCESSION_ACCRUAL,21,251,2026-08-03T04:13:37+08:00
8d6def92-cb1d-42dd-a665-4239bab215fb,M-1599,ORD-20260802-3802-0118,CONCESSION_ACCRUAL,9,310,2026-08-02T22:43:11+08:00
c4d3cf60-95a7-4352-80cd-6da74dd65dd2,M-1735,ORD-20260802-9454-0119,CONCESSION_ACCRUAL,26,313,2026-08-02T16:31:56+08:00
9b45b81f-bb5a-40fb-af6f-1ef369054339,M-1378,ORD-20260803-5596-0120,CONCESSION_ACCRUAL,8,109,2026-08-03T01:27:16+08:00
ec19da82-f62c-4c33-b7e8-da3dc8c134d1,M-1800,ORD-20260802-3266-0121,CONCESSION_ACCRUAL,3,458,2026-08-02T20:50:03+08:00
edc1c6c9-3cdc-41ba-bdc9-804fff72954a,M-1327,ORD-20260802-8797-0122,CONCESSION_ACCRUAL,20,2079,2026-08-02T15:04:39+08:00
dd06b1d4-d735-432b-b5aa-d25e844d09c9,M-2085,ORD-20260802-7783-0123,CONCESSION_ACCRUAL,30,312,2026-08-02T15:02:24+08:00
d8760582-436f-4cb8-bd5a-e33d17573600,M-1322,ORD-20260802-2210-0124,CONCESSION_ACCRUAL,3,418,2026-08-02T21:23:40+08:00
44ef13b6-ea38-48b3-b208-ec8e13ef016e,M-1685,ORD-20260802-5628-0125,CONCESSION_ACCRUAL,4,173,2026-08-02T17:20:56+08:00
851c994b-4e7b-457d-acae-de378feb77fb,M-1763,ORD-20260802-6020-0126,CONCESSION_ACCRUAL,38,218,2026-08-02T20:04:45+08:00
aebfd62f-9f67-49b0-b999-6d804717339a,M-2077,ORD-20260802-2602-0127,CONCESSION_ACCRUAL,16,131,2026-08-02T23:32:43+08:00
e83724f6-4273-498d-bbe0-81cb2572fe27,M-1358,ORD-20260802-6910-0128,CONCESSION_ACCRUAL,15,147,2026-08-02T23:49:41+08:00
2fbad331-afb8-413d-9762-7b2b5ed73952,M-1430,ORD-20260803-6107-0129,CONCESSION_ACCRUAL,18,1513,2026-08-03T00:22:55+08:00
2a6e99ab-9888-47a9-9571-a381c2c65417,M-1453,ORD-20260802-2159-0130,CONCESSION_ACCRUAL,16,131,2026-08-02T23:02:44+08:00
2a89e51b-433a-4367-90bd-bb08106e28a0,M-1409,ORD-20260802-1484-0131,CONCESSION_ACCRUAL,38,309,2026-08-02T19:24:29+08:00
db66cb23-9bbf-49aa-9132-a046ea43ee8f,M-1536,ORD-20260802-5824-0132,CONCESSION_ACCRUAL,3,349,2026-08-02T21:45:39+08:00
6a77418f-b5e1-47c7-9ef8-eb5d4f896730,M-1674,ORD-20260802-8241-0133,CONCESSION_ACCRUAL,21,682,2026-08-02T18:00:49+08:00
b2445bf3-a899-4633-a909-95c00934fbc4,M-1169,ORD-20260803-7034-0134,CONCESSION_ACCRUAL,31,308,2026-08-03T00:25:52+08:00
ce8d5a08-6344-4dd1-97e8-f0e179df4149,M-1210,ORD-20260803-5491-0135,CONCESSION_ACCRUAL,13,1107,2026-08-03T00:01:56+08:00
013fc531-16f0-443b-844f-55b21fcf771f,M-1734,ORD-20260802-6489-0136,CONCESSION_ACCRUAL,42,253,2026-08-02T23:50:55+08:00
b34d4b5e-922a-43c7-93de-423ab8b632d8,M-1194,ORD-20260803-3687-0137,CONCESSION_ACCRUAL,3,121,2026-08-03T04:52:36+08:00
4c0f708e-b805-46a5-851a-4b2620937c89,M-1063,ORD-20260802-1097-0138,CONCESSION_ACCRUAL,24,422,2026-08-02T20:56:23+08:00
bcc8d006-86d0-4d06-a287-57d15050e54c,M-1539,ORD-20260802-7022-0139,CONCESSION_ACCRUAL,18,1454,2026-08-02T22:42:58+08:00
b3ccd1dc-7b32-4d52-a2ec-1196d08b3b5b,M-1291,ORD-20260803-5418-0140,CONCESSION_ACCRUAL,15,275,2026-08-03T01:21:42+08:00
7f1f0904-40b4-4846-87ab-867b7fc2e583,M-1772,ORD-20260802-9263-0141,CONCESSION_ACCRUAL,23,131,2026-08-02T16:39:00+08:00
7ffe1ef9-f313-42f1-a559-bedf2f169b4e,M-1962,ORD-20260803-4473-0142,CONCESSION_ACCRUAL,11,308,2026-08-03T01:12:47+08:00
cb54a6c0-3045-4f12-9725-99033e369186,M-1350,ORD-20260803-1563-0143,CONCESSION_ACCRUAL,24,565,2026-08-03T00:14:24+08:00
423dc738-7a66-4a3c-bb88-e84701a7709e,M-1568,ORD-20260802-8735-0144,CONCESSION_ACCRUAL,8,528,2026-08-02T16:01:40+08:00
575bdc4b-3683-41b5-969d-e6f4517cd150,M-1011,ORD-20260802-4824-0145,CONCESSION_ACCRUAL,14,670,2026-08-02T15:53:07+08:00
043b809e-31d6-4e82-8118-a144a7785f46,M-1549,ORD-20260803-8136-0146,CONCESSION_ACCRUAL,86,180,2026-08-03T00:23:39+08:00
817f54e0-333a-4b02-99fe-e332f6dbd888,M-1720,ORD-20260803-3895-0147,CONCESSION_ACCRUAL,15,419,2026-08-03T01:39:50+08:00
ba1cd954-056d-4f95-a461-d78d44eb26a3,M-1925,ORD-20260802-9056-0148,CONCESSION_ACCRUAL,50,93,2026-08-02T08:49:00+08:00
04cf99cc-5d29-448b-a37d-1af44e6065e9,M-1062,ORD-20260802-5104-0149,CONCESSION_ACCRUAL,21,471,2026-08-02T14:42:09+08:00
0cd81cd4-b9bc-4b8a-91d4-4b1bd4eb5b67,M-1486,ORD-20260802-7135-0150,CONCESSION_ACCRUAL,33,397,2026-08-02T15:29:30+08:00
7936c3bc-40da-405b-82f4-b67727080b42,M-1747,ORD-20260802-8306-0151,CONCESSION_ACCRUAL,7,110,2026-08-02T11:30:57+08:00
86e1ecb2-eb94-4320-abbd-b8445c1dab13,M-1738,ORD-20260802-1993-0152,CONCESSION_ACCRUAL,11,182,2026-08-02T21:11:06+08:00
44a32235-b591-4038-8973-97e08b810d8d,M-1922,ORD-20260802-2649-0153,CONCESSION_ACCRUAL,15,213,2026-08-02T22:30:24+08:00
fabd54e5-5370-4f2a-992f-6a4a6e74294e,M-1160,ORD-20260802-7770-0154,CONCESSION_ACCRUAL,23,358,2026-08-02T20:54:04+08:00
ba16ebb5-b72e-4fbf-b6f7-ed7fa2913cce,M-1365,ORD-20260802-5673-0155,CONCESSION_ACCRUAL,8,95,2026-08-02T18:16:07+08:00
6b367de0-10ec-48e3-b553-7c47b2be59ff,M-1525,ORD-20260803-7696-0156,CONCESSION_ACCRUAL,21,84,2026-08-03T00:10:24+08:00
ae7fd9c7-63a3-4ed3-9d77-f6cc236ef6cd,M-1527,ORD-20260803-3608-0157,CONCESSION_ACCRUAL,30,745,2026-08-03T00:45:39+08:00
1676bddc-5d5b-4bf5-a911-7b63639feaa9,M-2018,ORD-20260802-8354-0158,CONCESSION_ACCRUAL,25,296,2026-08-02T15:13:31+08:00
a13c4e4a-1d06-49b3-8fb0-bdc8ebf34448,M-1266,ORD-20260802-5561-0159,CONCESSION_ACCRUAL,24,197,2026-08-02T18:53:53+08:00
0c67dc85-cdc2-486d-9a9b-3c7e0d44820d,M-1743,ORD-20260802-9285-0160,CONCESSION_ACCRUAL,8,322,2026-08-02T23:35:08+08:00
4c04e2a7-f6a4-426d-9c43-62603b90d27e,M-1051,ORD-20260802-8368-0161,CONCESSION_ACCRUAL,18,125,2026-08-02T14:33:39+08:00
74ee3d1e-caeb-4e22-aab7-95b3447b59bf,M-1013,ORD-20260802-7604-0162,CONCESSION_ACCRUAL,3,264,2026-08-02T11:38:46+08:00
e76df818-df8b-4f9f-b30a-c8e0b01f81a3,M-1865,ORD-20260802-5688-0163,CONCESSION_ACCRUAL,36,110,2026-08-02T17:09:49+08:00
eb7fe072-1e96-4ec2-9028-4ab48b4f2a2d,M-1865,TIER_UPGRADE_Standard_TO_Silver,TIER_BONUS,50,160,2026-08-02T17:09:49+08:00
ff6a1be1-9bee-4778-bee7-6ed4eddbba98,M-1147,ORD-20260802-5441-0164,CONCESSION_ACCRUAL,11,659,2026-08-02T16:42:32+08:00
1b9b31d0-e13d-46bd-9cd7-1b0c4e273c6a,M-1838,ORD-20260802-1103-0165,CONCESSION_ACCRUAL,17,393,2026-08-02T20:39:00+08:00
8d8c42c6-7889-4790-9638-4964f907382c,M-1098,ORD-20260803-6277-0166,CONCESSION_ACCRUAL,36,791,2026-08-03T00:14:53+08:00
319f050b-639c-46b5-beef-20d07e68ff9a,M-1612,ORD-20260802-9547-0167,CONCESSION_ACCRUAL,25,541,2026-08-02T13:07:08+08:00
52b8108d-6158-47f1-8670-9bcf71512379,M-1281,ORD-20260802-7412-0168,CONCESSION_ACCRUAL,8,750,2026-08-02T14:28:47+08:00
ae00026f-2569-4af0-a2b1-99502ea589ca,M-1802,ORD-20260802-2310-0169,CONCESSION_ACCRUAL,10,81,2026-08-02T20:50:17+08:00
aa34875f-3212-465f-8b16-dad702eb4925,M-1672,ORD-20260802-5264-0170,CONCESSION_ACCRUAL,3,270,2026-08-02T12:54:02+08:00
59ccf896-aafc-4c77-b368-d420b7de7476,M-1593,ORD-20260802-7069-0171,CONCESSION_ACCRUAL,11,157,2026-08-02T21:39:42+08:00
0d3b9781-d936-4d8e-bae9-1b4f195fee6b,M-1215,ORD-20260802-7185-0172,CONCESSION_ACCRUAL,15,212,2026-08-02T17:01:52+08:00
639a7817-b8e1-49a4-8a7d-8b953abe4c82,M-1417,ORD-20260803-8212-0173,CONCESSION_ACCRUAL,15,343,2026-08-03T00:03:12+08:00
453e902f-d4ed-44bc-94f1-017feb1f6317,M-1502,ORD-20260802-3121-0174,CONCESSION_ACCRUAL,8,49,2026-08-02T23:30:23+08:00
cb3c8fe8-933e-47d7-8a48-d5debd4bd518,M-1713,ORD-20260803-2553-0175,CONCESSION_ACCRUAL,11,307,2026-08-03T00:01:50+08:00
57e6d8f8-134d-4b97-8eae-bcdae1025660,M-1460,ORD-20260802-9291-0176,CONCESSION_ACCRUAL,11,298,2026-08-02T21:49:55+08:00
c66b1581-f612-486f-8ea6-63e6c4043c51,M-1543,ORD-20260803-5364-0177,CONCESSION_ACCRUAL,15,248,2026-08-03T00:49:20+08:00
b0ca6907-ba62-4bf7-ba85-c90d9ee03aa1,M-2075,ORD-20260802-3691-0178,CONCESSION_ACCRUAL,9,148,2026-08-02T21:30:32+08:00
724fd3da-e6ee-400b-a366-60a96d3f07c1,M-1196,ORD-20260802-8914-0179,CONCESSION_ACCRUAL,15,144,2026-08-02T14:16:35+08:00
683a7f19-2dec-4e7c-b100-da4bda719cc7,M-1173,ORD-20260802-8417-0180,CONCESSION_ACCRUAL,4,371,2026-08-02T22:31:41+08:00
675e1e71-681f-4c81-a320-6f28e4b5bba8,M-1592,ORD-20260803-2808-0181,CONCESSION_ACCRUAL,24,423,2026-08-03T00:46:51+08:00
8d5002ef-9139-4abe-9e3b-f5a6ffa4a7d3,M-1592,TIER_UPGRADE_Silver_TO_Gold,TIER_BONUS,100,523,2026-08-03T00:46:51+08:00
226d5025-8adb-4985-a451-9115025f4b63,M-1157,ORD-20260802-2088-0182,CONCESSION_ACCRUAL,8,327,2026-08-02T23:33:05+08:00
41e5fa52-8342-4ba5-9915-528f61b39d7e,M-1529,ORD-20260802-8854-0183,CONCESSION_ACCRUAL,18,241,2026-08-02T23:11:38+08:00
12e7f9e7-3f0f-43a3-b99b-3d3f23f090bc,M-1547,ORD-20260802-9056-0184,CONCESSION_ACCRUAL,22,400,2026-08-02T22:44:04+08:00
083b5d08-1015-4cc1-bf13-6bba18e707fd,M-1317,ORD-20260803-7003-0185,CONCESSION_ACCRUAL,12,120,2026-08-03T01:20:31+08:00
06370386-2e33-4844-8299-77e0cf61b6a2,M-1409,ORD-20260803-5250-0186,CONCESSION_ACCRUAL,55,364,2026-08-03T03:41:33+08:00
2e320527-f1a8-4619-8a9e-d4ebcee5937e,M-1708,ORD-20260802-2471-0187,CONCESSION_ACCRUAL,8,278,2026-08-02T15:13:18+08:00
b5465187-3a39-4bb0-91de-e0ce7eeebc89,M-1666,ORD-20260802-9112-0188,CONCESSION_ACCRUAL,8,73,2026-08-02T20:03:47+08:00
dd96c756-789a-4d25-8e49-cf8db7d1ab0f,M-1686,ORD-20260802-1952-0189,CONCESSION_ACCRUAL,26,121,2026-08-02T20:39:22+08:00
90aa5e69-98b6-4557-b669-d9216b848bfd,M-1988,ORD-20260802-3706-0190,CONCESSION_ACCRUAL,8,111,2026-08-02T20:51:50+08:00
3d098761-b794-42d8-b393-dd849e9b3424,M-1712,ORD-20260802-2101-0191,CONCESSION_ACCRUAL,37,369,2026-08-02T08:20:37+08:00
dc88ba69-295f-4a4d-84d2-9649f0b163ed,M-1833,ORD-20260802-4565-0192,CONCESSION_ACCRUAL,11,126,2026-08-02T19:51:14+08:00
98346a80-43a9-4665-b5bb-c7dba3c40aa2,M-1149,ORD-20260802-7418-0193,CONCESSION_ACCRUAL,8,115,2026-08-02T02:59:37+08:00
3b1b14cf-ae1e-474e-b951-19c44d593601,M-1602,ORD-20260802-4008-0194,CONCESSION_ACCRUAL,4,533,2026-08-02T15:04:20+08:00
5e185ea0-e643-46ac-9a38-5dd51a64e406,M-1441,ORD-20260802-6378-0195,CONCESSION_ACCRUAL,30,108,2026-08-02T20:56:25+08:00
d405cf62-4d50-43d2-a033-fe688c6b35e1,M-1236,ORD-20260803-1830-0196,CONCESSION_ACCRUAL,6,372,2026-08-03T00:09:13+08:00
8f5cf914-a256-4e7b-b529-3a49542873da,M-1167,ORD-20260803-8834-0197,CONCESSION_ACCRUAL,4,237,2026-08-03T04:39:11+08:00
62724de3-4e81-4647-b081-939ee07cd97c,M-2062,ORD-20260802-7818-0198,CONCESSION_ACCRUAL,8,173,2026-08-02T22:13:55+08:00
f31a58a8-4df1-4eff-9ce4-1dda2a953395,M-1672,ORD-20260802-3446-0199,CONCESSION_ACCRUAL,19,289,2026-08-02T21:58:40+08:00
254e354b-d737-4d8f-b6cc-b6d7f55a7510,M-1602,ORD-20260802-9097-0200,CONCESSION_ACCRUAL,51,584,2026-08-02T23:14:43+08:00
850039b7-5ac7-4339-8183-83819e12f49a,M-1131,ORD-20260802-3632-0201,CONCESSION_ACCRUAL,24,92,2026-08-02T23:34:40+08:00
f5ef999c-fc96-4ade-a96e-ad9a72a47978,M-1071,ORD-20260802-7000-0202,CONCESSION_ACCRUAL,7,158,2026-08-02T23:13:51+08:00
3bb10091-70e3-4529-b981-924e085e82b1,M-1216,ORD-20260802-9909-0203,CONCESSION_ACCRUAL,13,392,2026-08-02T23:51:10+08:00
de8f0119-dc3a-4548-b067-b65abe969ae2,M-1390,ORD-20260803-9363-0204,CONCESSION_ACCRUAL,7,270,2026-08-03T05:36:55+08:00
2a8b23d7-75d5-4588-898a-e551cfe26d57,M-1655,ORD-20260802-4261-0205,CONCESSION_ACCRUAL,11,199,2026-08-02T11:50:17+08:00
16c091bc-188d-44fe-90b7-7a59f07fb2a1,M-1575,ORD-20260802-2851-0206,CONCESSION_ACCRUAL,8,136,2026-08-02T21:12:11+08:00
af2dd0f5-634f-4078-ac8a-f944f2f3f6ed,M-1189,ORD-20260802-6094-0207,CONCESSION_ACCRUAL,39,226,2026-08-02T07:25:07+08:00
2d80d9c4-8d7a-4b9e-b120-d31d9c8dd5a2,M-1197,ORD-20260802-3341-0208,CONCESSION_ACCRUAL,11,264,2026-08-02T20:00:46+08:00
7fac4134-9a51-4d4e-a75d-a20059c4aac1,M-1311,ORD-20260803-9487-0209,CONCESSION_ACCRUAL,8,247,2026-08-03T00:12:27+08:00
b6807cb9-54c1-409f-a9db-ffcc2699a95a,M-1416,ORD-20260802-2402-0210,CONCESSION_ACCRUAL,14,2335,2026-08-02T20:31:58+08:00
60aff67e-f657-46af-a023-52a9bde8b24b,M-1043,ORD-20260802-8760-0211,CONCESSION_ACCRUAL,22,914,2026-08-02T20:11:25+08:00
3f5e70ea-ad7b-42df-ae45-677087e0800b,M-1315,ORD-20260802-5806-0212,CONCESSION_ACCRUAL,16,319,2026-08-02T23:45:10+08:00
4716ed56-7676-42c2-98ae-cd31837dcb2b,M-1586,ORD-20260802-7480-0213,CONCESSION_ACCRUAL,11,330,2026-08-02T22:21:36+08:00
04b53b78-a096-4f6b-90d7-96504abf3f29,M-1696,ORD-20260802-9930-0214,CONCESSION_ACCRUAL,19,1039,2026-08-02T23:29:14+08:00
f884a9e5-fb3a-4071-906c-77af880138a7,M-1817,ORD-20260802-3259-0215,CONCESSION_ACCRUAL,10,217,2026-08-02T14:52:09+08:00
368ce1bc-13e5-4fa9-9c8a-6c7496b71a9f,M-1684,ORD-20260802-9104-0216,CONCESSION_ACCRUAL,25,567,2026-08-02T19:27:58+08:00
c8879066-7471-4090-87cc-863ea93dd5f6,M-2100,ORD-20260803-9291-0217,CONCESSION_ACCRUAL,15,70,2026-08-03T00:31:41+08:00
e6e6e293-37f2-4425-95ac-f87cba517584,M-1309,ORD-20260802-5455-0218,CONCESSION_ACCRUAL,10,300,2026-08-02T13:35:55+08:00
4c4dbe24-7d29-408b-bcc8-e1255ab72220,M-1792,ORD-20260802-8854-0219,CONCESSION_ACCRUAL,9,2109,2026-08-02T11:52:16+08:00
92cf67e6-7846-46b6-8d42-66281eb0a08a,M-1995,ORD-20260803-6456-0220,CONCESSION_ACCRUAL,25,213,2026-08-03T01:50:20+08:00
9f947b73-876c-41fc-80ad-8b051f77a543,M-1036,ORD-20260802-4950-0221,CONCESSION_ACCRUAL,24,202,2026-08-02T19:46:22+08:00
0be3d45a-75a7-4ada-aee5-71f02010232a,M-1339,ORD-20260802-8798-0222,CONCESSION_ACCRUAL,19,78,2026-08-02T22:07:20+08:00
878deefd-fe66-431b-8390-a50438ff8f3a,M-1666,ORD-20260802-5483-0223,CONCESSION_ACCRUAL,3,76,2026-08-02T23:55:52+08:00
e2e8aaab-be67-496a-9965-da1f7b7dce82,M-1320,ORD-20260802-2114-0224,CONCESSION_ACCRUAL,8,1004,2026-08-02T21:37:37+08:00
12b8b43c-594e-45ac-b7ad-76e51cd6c631,M-1320,TIER_UPGRADE_Silver_TO_Gold,TIER_BONUS,100,1104,2026-08-02T21:37:37+08:00
69cfad24-0b1b-4197-bdb5-60d53a1f6846,M-1913,ORD-20260802-9852-0225,CONCESSION_ACCRUAL,8,228,2026-08-02T23:41:28+08:00
e193c7aa-410c-457f-9292-f7c3f2f8fd65,M-1087,ORD-20260802-6613-0226,CONCESSION_ACCRUAL,9,1052,2026-08-02T19:18:55+08:00
5ae2eb2a-2c7b-4ebe-844a-5d47b3870d0c,M-1251,ORD-20260803-3221-0227,CONCESSION_ACCRUAL,25,144,2026-08-03T00:15:16+08:00
8ab69c4d-9489-43f7-8f4d-837912b44167,M-1643,ORD-20260802-9497-0228,CONCESSION_ACCRUAL,10,337,2026-08-02T23:51:33+08:00
d8a90243-4efc-4cb1-92f2-43bbe44e232f,M-1851,ORD-20260802-6032-0229,CONCESSION_ACCRUAL,20,131,2026-08-02T16:26:35+08:00
ea06de73-b423-48e1-a61e-543ce1fe0cd6,M-1313,ORD-20260803-6443-0230,CONCESSION_ACCRUAL,26,209,2026-08-03T04:31:23+08:00
f507cfd5-c56e-45a6-b2f7-85ebf02a16c1,M-1058,ORD-20260802-1083-0231,CONCESSION_ACCRUAL,15,318,2026-08-02T15:40:02+08:00
f1829745-a0b7-4097-b1b0-98027c93bb10,M-1513,ORD-20260803-2839-0232,CONCESSION_ACCRUAL,3,95,2026-08-03T00:20:23+08:00
50adf178-ad75-4a44-baa2-43ebfe6418b2,M-1646,ORD-20260802-4926-0233,CONCESSION_ACCRUAL,11,183,2026-08-02T19:48:52+08:00
1e6158eb-9acd-41f9-83ef-f8b98cb4b48f,M-1383,ORD-20260802-4290-0234,CONCESSION_ACCRUAL,9,155,2026-08-02T10:26:43+08:00
d06c1b1b-f20b-4ff4-8cd8-6af7f9efcb81,M-1929,ORD-20260802-2419-0235,CONCESSION_ACCRUAL,20,77,2026-08-02T19:10:15+08:00
b508fb5f-dee7-47a4-a000-8dc785a77bd3,M-2017,ORD-20260803-7159-0236,CONCESSION_ACCRUAL,27,121,2026-08-03T00:58:23+08:00
61c3c2b6-2ff2-4292-92ee-b9080f9dc9f1,M-2017,TIER_UPGRADE_Standard_TO_Silver,TIER_BONUS,50,171,2026-08-03T00:58:23+08:00
bff7f562-8f7f-4426-8fbb-c6f2eee57e6c,M-1842,ORD-20260802-9289-0237,CONCESSION_ACCRUAL,11,445,2026-08-02T23:15:36+08:00
31dc7c6e-cf65-4755-bd4b-539ec8a41a32,M-1766,ORD-20260802-4988-0238,CONCESSION_ACCRUAL,16,600,2026-08-02T23:56:47+08:00
af1503c6-6e94-4947-a22d-e668edd8ea63,M-1635,ORD-20260803-8986-0239,CONCESSION_ACCRUAL,15,166,2026-08-03T01:14:32+08:00
612c1a1c-5910-46aa-80ce-59946ad7bf56,M-1202,ORD-20260802-9124-0240,CONCESSION_ACCRUAL,13,1714,2026-08-02T19:39:49+08:00
918a011b-eb60-4125-8744-97dec644bb56,M-1467,ORD-20260802-7600-0241,CONCESSION_ACCRUAL,8,74,2026-08-02T21:32:28+08:00
031416fc-bc94-4d2e-b551-7435707e04b8,M-1804,ORD-20260802-3872-0242,CONCESSION_ACCRUAL,11,192,2026-08-02T08:20:45+08:00
c1562f10-f3b7-41c8-aab7-5d1c234e5905,M-1555,ORD-20260802-3750-0243,CONCESSION_ACCRUAL,18,206,2026-08-02T20:05:17+08:00
ff553740-8301-4b97-b9ed-65c43f357b6f,M-1463,ORD-20260802-6847-0244,CONCESSION_ACCRUAL,70,3799,2026-08-02T18:49:14+08:00
93b7d8c7-efba-45d1-a4d5-8ae4c31aeff5,M-1455,ORD-20260803-7820-0245,CONCESSION_ACCRUAL,8,529,2026-08-03T01:19:21+08:00
4e9fbddf-d486-49c9-a6e2-f3ada52e425b,M-1688,ORD-20260802-2253-0246,CONCESSION_ACCRUAL,9,547,2026-08-02T20:43:57+08:00
b7fdb530-b742-4403-a4bd-f6764631c603,M-1034,ORD-20260803-5692-0247,CONCESSION_ACCRUAL,18,141,2026-08-03T03:39:44+08:00
0a2f29f7-7fc5-43e1-aa83-b01cd450d03b,M-1425,ORD-20260802-8058-0248,CONCESSION_ACCRUAL,7,120,2026-08-02T23:37:30+08:00
f6712574-01e9-4772-9783-257245f6e234,M-2196,ORD-20260802-9962-0249,CONCESSION_ACCRUAL,6,103,2026-08-02T09:46:50+08:00
0b002a4c-fabc-4c30-9368-3e5b30eaac6b,M-1051,ORD-20260802-6639-0250,CONCESSION_ACCRUAL,46,171,2026-08-02T20:10:33+08:00
4636a53d-1dc0-42d6-a9d5-096ee971cf2a,M-1532,ORD-20260803-8097-0251,CONCESSION_ACCRUAL,22,99,2026-08-03T00:40:00+08:00
57fc564d-2a2c-4f1e-8245-f7718839d1dd,M-1523,ORD-20260803-5758-0252,CONCESSION_ACCRUAL,15,138,2026-08-03T01:22:00+08:00
edf2e0d5-0c0a-4788-885e-7d45a7cfaeb3,M-1113,ORD-20260802-3129-0253,CONCESSION_ACCRUAL,23,653,2026-08-02T17:05:13+08:00
f9f59984-4a7f-4574-8ed4-743b9cb99752,M-1100,ORD-20260802-1256-0254,CONCESSION_ACCRUAL,26,65,2026-08-02T20:58:06+08:00
666af580-0e20-4f95-b934-448d650ee186,M-1366,ORD-20260802-4676-0255,CONCESSION_ACCRUAL,3,405,2026-08-02T17:04:33+08:00
f7c2f38c-02c5-46a6-a1c4-b75ac20cb617,M-2064,ORD-20260802-9755-0256,CONCESSION_ACCRUAL,18,222,2026-08-02T23:45:30+08:00
e9ad4f67-0316-4f57-96b0-96656986d31a,M-1712,ORD-20260802-9737-0257,CONCESSION_ACCRUAL,10,379,2026-08-02T23:10:41+08:00
50e75aa4-666f-43b2-8744-8f690e12e9a0,M-2127,ORD-20260802-4262-0258,CONCESSION_ACCRUAL,8,89,2026-08-02T22:02:14+08:00
53d2a28b-52dc-4f4a-844e-e20937aa58ea,M-1691,ORD-20260802-5553-0259,CONCESSION_ACCRUAL,15,396,2026-08-02T23:54:07+08:00
cd30ec48-a003-4ea4-906d-4d9e85ffa890,M-1269,ORD-20260802-2202-0260,CONCESSION_ACCRUAL,27,379,2026-08-02T23:47:55+08:00
af1bceab-a9aa-4d95-ab00-1ba56af31dbe,M-1486,ORD-20260802-4308-0261,CONCESSION_ACCRUAL,8,405,2026-08-02T22:39:56+08:00
839b3e04-bbb2-4ed8-baa2-a52fb97aa151,M-1831,ORD-20260802-8758-0262,CONCESSION_ACCRUAL,30,265,2026-08-02T20:31:43+08:00
f4ee37f4-e4f3-44d4-8a0d-75dc0f636ac8,M-1789,ORD-20260802-5661-0263,CONCESSION_ACCRUAL,15,210,2026-08-02T17:58:11+08:00
9f22adc0-0517-433a-a081-1bdfef88b5b3,M-1386,ORD-20260802-6675-0264,CONCESSION_ACCRUAL,16,355,2026-08-02T22:16:28+08:00
b831a7d5-b268-4984-a28c-96bc6ac4cf1a,M-1765,ORD-20260802-7314-0265,CONCESSION_ACCRUAL,4,413,2026-08-02T21:02:18+08:00
5473fc2c-abc5-485a-b624-d898c74429db,M-1040,ORD-20260802-7783-0266,CONCESSION_ACCRUAL,28,790,2026-08-02T05:55:40+08:00
3737cf29-1035-4ad7-859b-522500b0f67c,M-2049,ORD-20260802-4509-0267,CONCESSION_ACCRUAL,18,100,2026-08-02T23:54:59+08:00
4849c207-db26-44de-b1f7-f0813d3cf538,M-1603,ORD-20260802-9496-0268,CONCESSION_ACCRUAL,7,213,2026-08-02T11:02:04+08:00
b53d0e13-6853-4904-a23d-9a2f7c1b0cf2,M-1109,ORD-20260802-5285-0269,CONCESSION_ACCRUAL,15,449,2026-08-02T10:23:34+08:00
0ebac4b0-1738-4544-a94c-fcc16d779a9c,M-1219,ORD-20260802-1311-0270,CONCESSION_ACCRUAL,26,241,2026-08-02T18:34:00+08:00
f40b299b-99ef-4f1a-843c-5a816bede13d,M-1566,ORD-20260802-7641-0271,CONCESSION_ACCRUAL,18,663,2026-08-02T15:08:49+08:00
50fb8065-7e9f-4005-8afc-1ab9cf0a5e1f,M-1130,ORD-20260802-9532-0272,CONCESSION_ACCRUAL,49,249,2026-08-02T23:42:07+08:00
3e84dd0b-6920-4a15-bb9b-8bce538de21b,M-1030,ORD-20260802-2912-0273,CONCESSION_ACCRUAL,26,326,2026-08-02T06:21:49+08:00
2e381601-3894-4cbf-8b17-50a81d398351,M-1476,ORD-20260802-8339-0274,CONCESSION_ACCRUAL,38,569,2026-08-02T23:09:35+08:00
1c8b4a3e-ef23-46e5-acd4-2d31aa70441f,M-1632,ORD-20260802-7244-0275,CONCESSION_ACCRUAL,13,1275,2026-08-02T18:14:39+08:00
90b64d40-c494-4e93-bccc-67458d05c576,M-1730,ORD-20260802-3755-0276,CONCESSION_ACCRUAL,20,78,2026-08-02T20:02:26+08:00
9da78d2d-08c4-4752-ab17-07de2b2d252c,M-1227,ORD-20260802-9298-0277,CONCESSION_ACCRUAL,10,270,2026-08-02T21:50:43+08:00
b9fae216-6100-4737-9b37-fd9ab2bb80db,M-1472,ORD-20260802-7344-0278,CONCESSION_ACCRUAL,8,179,2026-08-02T17:38:18+08:00
6a4d2feb-9677-4127-8eb2-e0d5c645521f,M-1264,ORD-20260802-8997-0279,CONCESSION_ACCRUAL,7,678,2026-08-02T19:29:10+08:00
7333fddc-b20c-47d6-b6df-340ee7ce59ac,M-1727,ORD-20260802-9989-0280,CONCESSION_ACCRUAL,16,91,2026-08-02T22:14:00+08:00
1b2e4603-6c66-4f7d-a709-78b7c75797e8,M-1601,ORD-20260802-9303-0281,CONCESSION_ACCRUAL,11,345,2026-08-02T20:49:15+08:00
04031d53-91c2-48d6-8eee-add7c20e6103,M-1439,ORD-20260802-2885-0282,CONCESSION_ACCRUAL,26,365,2026-08-02T23:33:44+08:00
e3da7892-d926-4c91-bf6a-7fe4eab3910a,M-1344,ORD-20260802-1319-0283,CONCESSION_ACCRUAL,19,686,2026-08-02T21:49:59+08:00
b4163222-0850-4072-86e8-f0623522f871,M-2035,ORD-20260802-1388-0284,CONCESSION_ACCRUAL,11,128,2026-08-02T21:15:14+08:00
863a8c2c-a226-4ce7-b51e-c247765e6d56,M-2118,ORD-20260803-8346-0285,CONCESSION_ACCRUAL,17,131,2026-08-03T00:52:04+08:00
24e67dd6-89d7-4e68-afad-06d5dc2199c2,M-1221,ORD-20260802-2949-0286,CONCESSION_ACCRUAL,29,2113,2026-08-02T22:55:24+08:00
b497eea7-0691-4263-b1e7-09e1a54df9b9,M-2167,ORD-20260802-3621-0287,CONCESSION_ACCRUAL,3,292,2026-08-02T16:54:09+08:00
772f25d8-fe63-4155-b9d8-6aeefedf338f,M-1969,ORD-20260802-3517-0288,CONCESSION_ACCRUAL,6,115,2026-08-02T19:43:50+08:00
f935ef23-b949-4d14-8538-a5d78e48c102,M-1989,ORD-20260802-9791-0289,CONCESSION_ACCRUAL,12,74,2026-08-02T13:30:32+08:00
601d7799-e627-4674-8b5f-792a21dff38d,M-1202,ORD-20260802-3464-0290,CONCESSION_ACCRUAL,9,1723,2026-08-02T22:51:45+08:00
192c4602-5cd7-4656-b7ec-81da4f347a5d,M-1512,ORD-20260802-5536-0291,CONCESSION_ACCRUAL,3,309,2026-08-02T22:26:01+08:00
02911380-e7e1-4178-915e-ecd411c7a93f,M-1508,ORD-20260802-1097-0292,CONCESSION_ACCRUAL,17,485,2026-08-02T20:25:38+08:00
f1732b06-55dd-43f1-a0c4-703a3da6ab6b,M-1652,ORD-20260802-2427-0293,CONCESSION_ACCRUAL,3,382,2026-08-02T22:51:06+08:00
5ba6afb4-a23a-426d-b2ab-c16dc413345b,M-1472,ORD-20260802-8221-0294,CONCESSION_ACCRUAL,36,215,2026-08-02T12:10:56+08:00
9cb275e9-3b0a-440b-b332-baebfa364580,M-1692,ORD-20260802-6897-0295,CONCESSION_ACCRUAL,25,2357,2026-08-02T23:27:32+08:00
0c3710d3-4dd5-4670-87ba-94b0ab5b635a,M-1619,ORD-20260802-5444-0296,CONCESSION_ACCRUAL,11,204,2026-08-02T11:39:25+08:00
b3928c37-4ad7-4d70-9dde-cad3ecb097da,M-1319,ORD-20260802-1385-0297,CONCESSION_ACCRUAL,3,108,2026-08-02T22:15:05+08:00
89b8ab3b-9adb-45f9-b5d5-59c023ca86ba,M-1347,ORD-20260802-3960-0298,CONCESSION_ACCRUAL,12,3231,2026-08-02T09:46:00+08:00
2eff77ca-b62a-4fcf-96df-49f631a8ba98,M-1064,ORD-20260802-1424-0299,CONCESSION_ACCRUAL,37,143,2026-08-02T17:22:00+08:00
0bcc9f3d-99bd-463a-b34c-7854b2697de5,M-1682,ORD-20260802-9420-0300,CONCESSION_ACCRUAL,27,757,2026-08-02T16:20:00+08:00
1f55a75e-98aa-4e8e-8fb3-325b56bddbfa,M-2163,ORD-20260802-9504-0301,CONCESSION_ACCRUAL,13,164,2026-08-02T18:20:00+08:00
252106cb-6d76-4876-8b6b-c15452bd70f2,M-1399,ORD-20260802-2722-0302,CONCESSION_ACCRUAL,15,95,2026-08-02T17:13:00+08:00
0a210a0b-5828-44db-935a-62da6a7fc7af,M-2194,ORD-20260802-9405-0303,CONCESSION_ACCRUAL,9,29,2026-08-02T13:06:00+08:00
09e159f8-b048-4b5d-9c4d-77207d7ec322,M-1126,ORD-20260802-6038-0304,CONCESSION_ACCRUAL,8,34,2026-08-02T09:49:00+08:00
93a302bf-1628-4347-8527-a1017a674345,M-2128,ORD-20260802-9920-0305,CONCESSION_ACCRUAL,24,235,2026-08-02T11:49:00+08:00
70955485-9862-402b-a9c6-60a68166dbfa,M-2128,TIER_UPGRADE_Standard_TO_Silver,TIER_BONUS,50,285,2026-08-02T11:49:00+08:00
28783244-b930-408a-be58-17f44b4a417e,M-1120,ORD-20260802-3894-0306,CONCESSION_ACCRUAL,8,582,2026-08-02T11:38:00+08:00
4180fe44-8917-47cf-91de-b7727748e801,M-1817,ORD-20260802-1179-0307,CONCESSION_ACCRUAL,3,220,2026-08-02T20:26:00+08:00
060ef0cd-1e11-4f9e-958c-c5005269be7e,M-1010,ORD-20260802-8618-0308,CONCESSION_ACCRUAL,3,134,2026-08-02T18:27:00+08:00
a6eb9125-63b0-4b50-9071-5680d771055b,M-1097,ORD-20260802-5006-0309,CONCESSION_ACCRUAL,10,137,2026-08-02T19:35:00+08:00
aaf851b2-bca3-4bdb-acd8-210f733ecc13,M-1780,ORD-20260802-8375-0310,CONCESSION_ACCRUAL,3,261,2026-08-02T19:48:00+08:00
9da7cb88-4324-42d7-813d-a2aeb110e074,M-1735,ORD-20260802-8459-0311,CONCESSION_ACCRUAL,21,334,2026-08-02T21:26:00+08:00
0af1214d-711b-4fe2-a68d-5579b442e4a8,M-1742,ORD-20260802-6894-0312,CONCESSION_ACCRUAL,15,221,2026-08-02T19:59:00+08:00
8102de68-f816-4ebc-b1c1-0c0762e3235b,M-1478,ORD-20260802-9783-0313,CONCESSION_ACCRUAL,3,198,2026-08-02T12:48:00+08:00
a409744d-077f-42d5-b36f-98fdd73e449f,M-1530,ORD-20260802-7308-0314,CONCESSION_ACCRUAL,30,160,2026-08-02T11:26:00+08:00
33bbec28-276a-4a85-8674-ccebf4d86690,M-1502,ORD-20260802-1912-0315,CONCESSION_ACCRUAL,10,59,2026-08-02T12:55:00+08:00
7300d267-038f-414c-b43c-eedc3a5d4139,M-1703,ORD-20260802-1808-0316,CONCESSION_ACCRUAL,35,125,2026-08-02T11:02:00+08:00
07b3baad-ea89-4f7d-8cb9-a518c387d205,M-1688,ORD-20260802-1498-0317,CONCESSION_ACCRUAL,9,556,2026-08-02T15:18:00+08:00
3dcaaea3-8d06-4e80-87a6-bd98968a8ff6,M-1801,ORD-20260802-4061-0318,CONCESSION_ACCRUAL,16,145,2026-08-02T12:01:00+08:00
b14d4dfd-70a4-4432-83f1-03780c5e645d,M-1526,ORD-20260802-8233-0319,CONCESSION_ACCRUAL,8,917,2026-08-02T19:22:00+08:00
608f8109-f011-4a3f-aeb6-5c538b7b50bd,M-1057,ORD-20260802-3600-0320,CONCESSION_ACCRUAL,10,170,2026-08-02T14:26:00+08:00
c2ae37a1-24a8-451f-9577-0b210f26e94e,M-2096,ORD-20260802-6253-0321,CONCESSION_ACCRUAL,13,88,2026-08-02T18:32:00+08:00
a8d83033-5538-48f9-b7ca-aecfe6a7b5c2,M-1406,ORD-20260802-5771-0322,CONCESSION_ACCRUAL,27,782,2026-08-02T10:01:00+08:00
5e862fa8-fcad-41f6-849b-8cd538f8a954,M-2042,ORD-20260802-8081-0323,CONCESSION_ACCRUAL,8,135,2026-08-02T13:23:00+08:00
1d5c4b8b-7f96-481b-a601-2be3ac554480,M-1526,ORD-20260802-6954-0324,CONCESSION_ACCRUAL,3,920,2026-08-02T15:23:00+08:00
356f4d19-7543-4a59-84f8-7f5fb7078d22,M-1385,ORD-20260802-6573-0325,CONCESSION_ACCRUAL,51,245,2026-08-02T16:07:00+08:00
dbc5a62f-2693-4f94-9237-37bef5cafbf2,M-1616,ORD-20260802-6465-0326,CONCESSION_ACCRUAL,15,327,2026-08-02T20:55:00+08:00
4211505a-b696-4d42-a743-417a03c3f727,M-1189,ORD-20260802-6453-0327,CONCESSION_ACCRUAL,8,234,2026-08-02T15:07:00+08:00
63d0d781-1e0d-47fd-a042-729d2a52fa25,M-2193,ORD-20260802-2498-0328,CONCESSION_ACCRUAL,19,177,2026-08-02T12:19:00+08:00
e8f10700-29e0-4eb6-8187-350ebe1e2b0f,M-1127,ORD-20260802-8259-0329,CONCESSION_ACCRUAL,8,54,2026-08-02T21:00:00+08:00
a5554e2c-4f85-42a7-bd49-82d7d898b224,M-1469,ORD-20260802-2341-0330,CONCESSION_ACCRUAL,26,308,2026-08-02T19:16:00+08:00
40fccafe-baf7-42c0-be5f-6af81f3c18be,M-1125,ORD-20260802-9454-0331,CONCESSION_ACCRUAL,15,767,2026-08-02T17:50:00+08:00
2f325157-7ee2-4c6e-8393-c6dc1b9afe81,M-1784,ORD-20260802-8751-0332,CONCESSION_ACCRUAL,15,366,2026-08-02T16:56:00+08:00
4b627908-fc13-49d6-8bdb-aea8353021b0,M-1065,ORD-20260802-8323-0333,CONCESSION_ACCRUAL,9,665,2026-08-02T14:50:00+08:00
598850cd-1d4f-498f-bded-8d45d1515343,M-1087,ORD-20260802-5159-0334,CONCESSION_ACCRUAL,4,1056,2026-08-02T17:06:00+08:00
855f3a2c-6077-4a12-99d3-e9f7a3b958f2,M-1810,ORD-20260802-4751-0335,CONCESSION_ACCRUAL,15,26,2026-08-02T13:34:00+08:00
473540f8-abfa-4e0a-b2b5-b71727907b6a,M-1673,ORD-20260802-6343-0336,CONCESSION_ACCRUAL,8,473,2026-08-02T19:06:00+08:00
bd7e72a7-9ea5-4e12-b171-2cb8c7148396,M-1676,ORD-20260802-4056-0337,CONCESSION_ACCRUAL,13,3176,2026-08-02T10:29:00+08:00
a42f9f08-479e-4c9d-8207-012e8d19c9aa,M-1677,ORD-20260802-9507-0338,CONCESSION_ACCRUAL,20,138,2026-08-02T18:30:00+08:00
bb5c3a88-4ad5-47c4-984c-69aa396efb5d,M-1768,ORD-20260802-7318-0339,CONCESSION_ACCRUAL,9,221,2026-08-02T11:27:00+08:00
283de329-029b-449a-b99b-734dab5581c4,M-1056,ORD-20260802-1211-0340,CONCESSION_ACCRUAL,30,320,2026-08-02T10:05:00+08:00
840055e6-470f-4364-90fc-0c253a11241c,M-1748,ORD-20260802-7515-0341,CONCESSION_ACCRUAL,10,528,2026-08-02T20:45:00+08:00
befe51b4-bbd6-44d8-bcab-53708c6e0a79,M-1703,ORD-20260802-4425-0342,CONCESSION_ACCRUAL,15,140,2026-08-02T13:11:00+08:00
474c3306-7530-4a40-9810-12d6c59e9d04,M-1835,ORD-20260802-3344-0343,CONCESSION_ACCRUAL,11,58,2026-08-02T18:25:00+08:00
4cdcd979-3691-4be6-80fc-c7e20b76dc2b,M-1045,ORD-20260802-5812-0344,CONCESSION_ACCRUAL,11,208,2026-08-02T21:28:00+08:00
c84785f7-32ea-4b3f-b92b-3079bf7cb4dd,M-1119,ORD-20260802-3170-0345,CONCESSION_ACCRUAL,30,407,2026-08-02T17:42:00+08:00
ceb2c43d-a12b-44e9-9661-c7f05b65471e,M-1610,ORD-20260802-7996-0346,CONCESSION_ACCRUAL,30,148,2026-08-02T16:05:00+08:00
0474e712-15ca-4ae2-963e-15eadd0671d2,M-1400,ORD-20260802-7175-0347,CONCESSION_ACCRUAL,35,291,2026-08-02T13:48:00+08:00
88d115e2-20e6-4a24-a543-bd6d6a207ef9,M-1351,ORD-20260802-4328-0348,CONCESSION_ACCRUAL,15,254,2026-08-02T20:53:00+08:00
401b5992-cb0b-4034-895e-ac47dc0705a2,M-1135,ORD-20260802-1334-0349,CONCESSION_ACCRUAL,3,210,2026-08-02T18:05:00+08:00
dd4b6a06-47a8-47fb-8d7a-e212ccfb754d,M-1896,ORD-20260802-7812-0350,CONCESSION_ACCRUAL,51,248,2026-08-02T17:06:00+08:00
1984fe01-5734-473a-9d11-b984240d7e91,M-1814,ORD-20260802-7298-0351,CONCESSION_ACCRUAL,11,324,2026-08-02T10:22:00+08:00
4e1c79f3-7985-46b1-8a55-43773fc8c776,M-1175,ORD-20260802-4994-0352,CONCESSION_ACCRUAL,9,238,2026-08-02T18:14:00+08:00
49b9c56b-dd86-4024-b02e-9003bde2866f,M-1657,ORD-20260802-2865-0353,CONCESSION_ACCRUAL,11,435,2026-08-02T13:24:00+08:00
51d9cd12-b4f7-4834-bf49-7ba4cb7aeefe,M-1378,ORD-20260802-8653-0354,CONCESSION_ACCRUAL,16,125,2026-08-02T13:53:00+08:00
ddbdacd2-f6d6-404d-9a1d-b1b202fc18bd,M-1939,ORD-20260802-3780-0355,CONCESSION_ACCRUAL,12,36,2026-08-02T21:45:00+08:00
819f71ec-6c44-4bed-a700-d76833ca2736,M-1030,ORD-20260802-6192-0356,CONCESSION_ACCRUAL,16,342,2026-08-02T15:55:00+08:00
47197d8b-a8e8-46f1-ac38-30107a2502c8,M-1845,ORD-20260802-4416-0357,CONCESSION_ACCRUAL,11,357,2026-08-02T09:14:00+08:00
bea616f1-b4a6-4e58-ad99-7e79bfdc12aa,M-1562,ORD-20260802-3215-0358,CONCESSION_ACCRUAL,27,1244,2026-08-02T10:25:00+08:00
af7a25de-e0a2-42e6-9a0a-969e600dd22f,M-1190,ORD-20260802-7421-0359,CONCESSION_ACCRUAL,16,35,2026-08-02T21:52:00+08:00
5cd51e7e-0972-48cd-b677-47c88a8027ad,M-1112,ORD-20260802-9525-0360,CONCESSION_ACCRUAL,18,1503,2026-08-02T15:42:00+08:00
d5cf1c3f-9f46-4f5e-baab-30b9604612a3,M-2110,ORD-20260802-6730-0361,CONCESSION_ACCRUAL,10,663,2026-08-02T10:56:00+08:00
29e53087-1cf0-4470-95d7-02eaf8a4bde2,M-1958,ORD-20260802-2751-0362,CONCESSION_ACCRUAL,7,43,2026-08-02T16:52:00+08:00
491d01d5-50a8-41dc-9845-bea352d1def8,M-2017,ORD-20260802-6924-0363,CONCESSION_ACCRUAL,7,178,2026-08-02T09:38:00+08:00
0e817f87-a2aa-45bc-8e27-ad286a87c15b,M-1814,ORD-20260802-4943-0364,CONCESSION_ACCRUAL,22,346,2026-08-02T14:16:00+08:00
5ade3ff1-94ee-4dbd-abf8-609ed94dc45f,M-1104,ORD-20260802-6550-0365,CONCESSION_ACCRUAL,7,363,2026-08-02T15:49:00+08:00
cf44e579-1685-437d-adf9-05ac4f9550e1,M-1499,ORD-20260802-7756-0366,CONCESSION_ACCRUAL,3,329,2026-08-02T14:24:00+08:00
af500aeb-aa1f-4067-bfcc-79a4f041c0c5,M-1037,ORD-20260802-4983-0367,CONCESSION_ACCRUAL,31,625,2026-08-02T09:35:00+08:00
b6f6900d-beb2-4612-89d1-3b772ff5e2b5,M-1413,ORD-20260802-6671-0368,CONCESSION_ACCRUAL,9,260,2026-08-02T17:37:00+08:00
7ccc9138-1d85-470b-8c07-92fa01599467,M-1352,ORD-20260802-8398-0369,CONCESSION_ACCRUAL,8,171,2026-08-02T21:53:00+08:00
483f2c8c-45f6-48f5-84e9-73755c415f0f,M-1409,ORD-20260802-8389-0370,CONCESSION_ACCRUAL,25,389,2026-08-02T16:11:00+08:00
e1f8b3d2-beb5-412c-8856-57b6b7db891c,M-1116,ORD-20260802-5344-0371,CONCESSION_ACCRUAL,3,366,2026-08-02T22:49:00+08:00
b6d0265e-ccc7-42b0-bd01-de8fe141454d,M-1688,ORD-20260802-8694-0372,CONCESSION_ACCRUAL,9,565,2026-08-02T18:18:00+08:00
b906ced5-78ae-4ae3-89a9-0dae3045cb0c,M-1590,ORD-20260802-6569-0373,CONCESSION_ACCRUAL,25,105,2026-08-02T20:19:00+08:00
90f869f1-d546-4d42-a66f-6e528845c546,M-1081,ORD-20260802-2422-0374,CONCESSION_ACCRUAL,43,462,2026-08-02T12:32:00+08:00
645ec30d-a007-43e2-89f0-fdc6030479f5,M-1178,ORD-20260802-5762-0375,CONCESSION_ACCRUAL,15,267,2026-08-02T21:05:00+08:00
0b4410ce-cb29-4350-b6e6-27df239b23ce,M-2044,ORD-20260802-1831-0376,CONCESSION_ACCRUAL,16,227,2026-08-02T10:20:00+08:00
23948274-c0b1-40c7-9f11-fe15855bb449,M-1048,ORD-20260802-3647-0377,CONCESSION_ACCRUAL,22,331,2026-08-02T11:22:00+08:00
572efe36-0899-41eb-880f-ea5d4110468b,M-1205,ORD-20260802-2406-0378,CONCESSION_ACCRUAL,11,806,2026-08-02T21:57:00+08:00
1462cc53-86cb-48ad-a938-3210f3b52b56,M-1195,ORD-20260802-5258-0379,CONCESSION_ACCRUAL,27,316,2026-08-02T18:59:00+08:00
2c5fdf99-a92c-4619-b340-7901df91f78c,M-1084,ORD-20260802-6803-0380,CONCESSION_ACCRUAL,11,383,2026-08-02T15:34:00+08:00
ca0d3c98-6cfd-4424-80b5-079301ce780a,M-1494,ORD-20260802-4156-0381,CONCESSION_ACCRUAL,21,380,2026-08-02T14:05:00+08:00
1f0df530-c2a3-4ab1-9a07-65c3fb7d0448,M-1066,ORD-20260802-8902-0382,CONCESSION_ACCRUAL,11,312,2026-08-02T14:34:00+08:00
f9f2e700-7f13-4566-be28-7dfee4b07e18,M-1694,ORD-20260802-5491-0383,CONCESSION_ACCRUAL,10,141,2026-08-02T14:04:00+08:00
172031ae-0d80-4a66-aa08-a1e3c0c353c5,M-1667,ORD-20260802-3412-0384,CONCESSION_ACCRUAL,7,399,2026-08-02T16:38:00+08:00
9c605689-a2b7-4cb5-ae73-421eb029bf18,M-1108,ORD-20260802-9346-0385,CONCESSION_ACCRUAL,16,312,2026-08-02T20:33:00+08:00
f102ec23-631e-40f4-8db8-4bf365903cce,M-1342,ORD-20260802-6143-0386,CONCESSION_ACCRUAL,7,329,2026-08-02T10:14:00+08:00
59adffbc-39f6-4861-aee1-932cb3af297f,M-1978,ORD-20260802-7515-0387,CONCESSION_ACCRUAL,9,164,2026-08-02T19:30:00+08:00
d2e73830-8257-4fc2-bd08-a5736adc4977,M-2114,ORD-20260802-1024-0388,CONCESSION_ACCRUAL,6,173,2026-08-02T12:22:00+08:00
30006a54-f3ed-439c-b060-64c17896dc8e,M-1320,ORD-20260802-5768-0389,CONCESSION_ACCRUAL,4,1108,2026-08-02T10:25:00+08:00
55962efe-c732-4418-b82f-84afd88e0c04,M-1308,ORD-20260802-5972-0390,CONCESSION_ACCRUAL,8,327,2026-08-02T09:09:00+08:00
7466537f-4a3d-4c68-9eb1-e5ea02a21e4e,M-1787,ORD-20260802-5466-0391,CONCESSION_ACCRUAL,23,367,2026-08-02T13:42:00+08:00
eb436eb2-eb16-4725-bfff-22753a2c7fbe,M-1385,ORD-20260802-6096-0392,CONCESSION_ACCRUAL,3,248,2026-08-02T15:56:00+08:00
1e5cef66-e577-47b0-bb35-d2a4b18cc2d5,M-1440,ORD-20260802-4905-0393,CONCESSION_ACCRUAL,15,234,2026-08-02T18:17:00+08:00
ad207d9b-a0f5-4e88-99b5-1760329751dd,M-1440,TIER_UPGRADE_Standard_TO_Silver,TIER_BONUS,50,284,2026-08-02T18:17:00+08:00
703ce7bd-058c-4d9f-aa4d-793bf29d572e,M-1915,ORD-20260802-3548-0394,CONCESSION_ACCRUAL,26,234,2026-08-02T20:06:00+08:00
162f4f7e-742f-4c27-bc58-57fafba4d603,M-1555,ORD-20260802-4898-0395,CONCESSION_ACCRUAL,8,214,2026-08-02T19:34:00+08:00
96f77011-eed8-4c85-baca-19dd151ed84b,M-1388,ORD-20260802-3250-0396,CONCESSION_ACCRUAL,8,187,2026-08-02T17:09:00+08:00
