ledger_id,member_id,source_reference_id,transaction_type,points_delta,resulting_balance,created_at
bf09f33e-4b78-48fa-8ead-b90532e12ec9,M-1194,SESS-20260823-7245-0000,RENTAL_ACCRUAL,40,208,2026-08-23T11:15:00+08:00
16b8038b-559c-4a2f-9f0e-5881706105df,M-1128,SESS-20260823-9217-0001,RENTAL_ACCRUAL,11,239,2026-08-24T01:15:00+08:00
8ec3a69f-fa80-4101-b75f-d9f8307964d6,M-1319,SESS-20260823-2895-0002,RENTAL_ACCRUAL,28,140,2026-08-24T02:30:00+08:00
8e378019-132d-49bc-b68c-4d464b665c37,M-1735,SESS-20260823-7667-0003,RENTAL_ACCRUAL,11,495,2026-08-23T15:30:00+08:00
a33728a7-85e0-4f07-aad5-25dd391ef84a,M-1284,SESS-20260823-1763-0004,RENTAL_ACCRUAL,45,283,2026-08-24T04:30:00+08:00
29279b91-a68b-49c1-b834-60545784c28f,M-1197,SESS-20260823-2068-0005,RENTAL_REDEMPTION,-100,59,2026-08-23T17:15:00+08:00
46db51fb-59c7-40bf-bcd0-a72790853740,M-1197,SESS-20260823-2068-0005,RENTAL_ACCRUAL,5,64,2026-08-23T19:15:00+08:00
d1c42fb2-a888-4222-b89a-72e53a9ddf49,M-2170,SESS-20260823-6381-0006,RENTAL_ACCRUAL,15,123,2026-08-23T17:00:00+08:00
36aadfc5-1932-4068-ab6c-61f09349344c,M-1550,SESS-20260823-1587-0007,RENTAL_REDEMPTION,-100,31,2026-08-23T08:00:00+08:00
9b8386ef-577d-488a-ade3-88d20e4dbd60,M-1550,SESS-20260823-1587-0007,RENTAL_ACCRUAL,38,69,2026-08-23T13:00:00+08:00
911f008a-0bb0-4528-b4a3-f506646cf549,M-2184,SESS-20260823-3836-0008,RENTAL_ACCRUAL,28,240,2026-08-24T01:15:00+08:00
fa0305b9-62cd-4f93-8c04-a756776b5be3,M-1865,SESS-20260823-2229-0009,RENTAL_REDEMPTION,-100,85,2026-08-23T14:00:00+08:00
daa689bc-6c36-427f-84d4-9eb9447e1881,M-1865,SESS-20260823-2229-0009,RENTAL_ACCRUAL,101,186,2026-08-23T22:00:00+08:00
90bcc916-baba-4c0b-b565-13e24e4021fd,M-2153,SESS-20260823-6787-0010,RENTAL_ACCRUAL,24,149,2026-08-23T22:30:00+08:00
5c0fa12b-f8d9-4aab-851b-8dbf99c434b0,M-1850,SESS-20260823-5637-0011,RENTAL_ACCRUAL,15,210,2026-08-23T17:00:00+08:00
f0c933fb-dcf0-4c5f-b180-eb9817f45691,M-2182,SESS-20260823-2593-0012,RENTAL_ACCRUAL,8,183,2026-08-23T09:45:00+08:00
667f384b-0258-4c3e-8d28-05757903b31e,M-1680,SESS-20260823-6662-0013,RENTAL_ACCRUAL,28,513,2026-08-23T12:30:00+08:00
1dec3443-ab18-4f66-bdb1-4677539178ee,M-1887,SESS-20260823-9948-0014,RENTAL_ACCRUAL,5,99,2026-08-23T23:15:00+08:00
ef1cfa46-b060-4c76-bdcc-de8aa68d8215,M-1815,SESS-20260823-2463-0015,RENTAL_ACCRUAL,27,153,2026-08-23T21:45:00+08:00
ac6e752e-c3a9-45d4-9dde-84788387e6ab,M-1930,SESS-20260823-5110-0016,RENTAL_ACCRUAL,11,125,2026-08-23T16:00:00+08:00
0013c744-47b9-4f7b-a6b4-83d4dda5505e,M-1819,SESS-20260823-2845-0017,RENTAL_ACCRUAL,27,380,2026-08-23T20:45:00+08:00
e8920395-0890-45e0-81cf-797e8f2d3a84,M-1529,SESS-20260823-2617-0018,RENTAL_REDEMPTION,-100,52,2026-08-23T22:45:00+08:00
9e91e09d-1b47-4b88-a5f7-0981ecc1403d,M-1529,SESS-20260823-2617-0018,RENTAL_ACCRUAL,20,72,2026-08-24T00:45:00+08:00
b68ddf71-de74-4e36-8f81-9be3c5332877,M-2073,SESS-20260823-4027-0019,RENTAL_ACCRUAL,8,212,2026-08-23T08:45:00+08:00
a9cf5d20-6b17-42a7-815f-0c171edb289a,M-1822,SESS-20260823-3128-0020,RENTAL_ACCRUAL,11,334,2026-08-23T15:45:00+08:00
67cf3d64-7598-4653-a032-0cc00cfdd365,M-2100,SESS-20260823-5965-0021,RENTAL_ACCRUAL,27,187,2026-08-23T18:15:00+08:00
5eddcc12-2908-4817-b399-536c0d2d6136,M-1590,SESS-20260823-1572-0022,RENTAL_ACCRUAL,28,323,2026-08-24T02:00:00+08:00
f5b28204-eec9-4815-87c1-9f3dbc09bec1,M-1322,SESS-20260823-1560-0023,RENTAL_ACCRUAL,5,320,2026-08-23T21:30:00+08:00
3d2af042-30b3-44be-9224-75a6fabc1570,M-1254,SESS-20260823-2637-0024,RENTAL_ACCRUAL,27,486,2026-08-23T18:15:00+08:00
b1437a76-789f-4122-bc32-2e8500d7116e,M-1439,SESS-20260823-3148-0025,RENTAL_REDEMPTION,-200,144,2026-08-23T14:45:00+08:00
afc3180d-d9e4-4b48-8cf7-0c5aadd4ce86,M-1439,SESS-20260823-3148-0025,RENTAL_ACCRUAL,15,159,2026-08-23T19:45:00+08:00
24c0777b-f531-43c9-86bc-838bae392180,M-1817,SESS-20260823-3152-0026,RENTAL_ACCRUAL,9,610,2026-08-23T10:30:00+08:00
3cabdf70-69f3-400c-ba5c-aca4486747ed,M-1682,SESS-20260823-7428-0027,RENTAL_ACCRUAL,9,870,2026-08-23T20:00:00+08:00
627f56b3-c931-4124-9023-d86146ebdaa5,M-1204,SESS-20260823-1099-0028,RENTAL_ACCRUAL,11,175,2026-08-23T23:35:00+08:00
3f6a5680-13db-4e33-9473-c74498652d87,M-2049,SESS-20260823-4633-0029,RENTAL_REDEMPTION,-100,78,2026-08-23T21:15:00+08:00
3e5b555b-c5d2-4630-874c-5d98535dc86c,M-2049,SESS-20260823-4633-0029,RENTAL_ACCRUAL,20,98,2026-08-24T00:15:00+08:00
712a2a5a-172f-4278-8f7c-1f1d56041c74,M-1848,SESS-20260823-9564-0030,RENTAL_ACCRUAL,16,74,2026-08-24T01:45:00+08:00
eb4946f6-3dcf-4571-8140-aad0bb4be7d7,M-1846,SESS-20260823-2327-0031,RENTAL_ACCRUAL,5,88,2026-08-23T13:00:00+08:00
9b95e37e-cefb-40da-acbb-db4f377efb82,M-1499,SESS-20260823-4935-0032,RENTAL_ACCRUAL,27,191,2026-08-23T04:30:00+08:00
eb7a0cd8-6c57-4e2e-a604-c69d5e06c2e1,M-1047,SESS-20260823-7388-0033,RENTAL_ACCRUAL,27,223,2026-08-24T01:15:00+08:00
1b440fd5-b161-41e3-a468-f1ef8a9b8b06,M-1995,SESS-20260823-5305-0034,RENTAL_ACCRUAL,11,260,2026-08-23T15:30:00+08:00
90a7e1da-8ccd-48e3-9b63-0a94fe6653dd,M-2072,SESS-20260823-3327-0035,RENTAL_ACCRUAL,40,287,2026-08-24T01:45:00+08:00
171fc67d-e974-4c8e-9b3a-5c314f68e55b,M-2072,TIER_UPGRADE_Standard_TO_Silver,TIER_BONUS,50,337,2026-08-24T01:45:00+08:00
e9d87d8a-2c10-4102-9060-0901a6f6a57f,M-1161,SESS-20260823-5148-0036,RENTAL_ACCRUAL,18,668,2026-08-23T13:15:00+08:00
0d41e665-ce37-480c-9b18-d041454d114b,M-1015,SESS-20260823-5683-0037,RENTAL_ACCRUAL,28,787,2026-08-23T21:15:00+08:00
6570bf62-9b74-4d20-b212-72131042d8f4,M-1542,SESS-20260823-9837-0038,RENTAL_ACCRUAL,5,285,2026-08-23T17:45:00+08:00
058a5298-bf7d-4562-b8b5-4aa92bbb1f5a,M-1032,SESS-20260823-1738-0039,RENTAL_ACCRUAL,40,364,2026-08-24T00:30:00+08:00
5e1608a5-cdd3-4941-b023-e532eac5d9ab,M-1311,SESS-20260823-9732-0040,RENTAL_ACCRUAL,67,356,2026-08-23T11:30:00+08:00
da5534e1-dde3-4203-b53d-d6e336978d3f,M-1759,SESS-20260823-9926-0041,RENTAL_ACCRUAL,67,391,2026-08-23T18:30:00+08:00
9f9c7879-0da8-47da-992a-596a12499833,M-1356,SESS-20260823-5268-0042,RENTAL_ACCRUAL,18,925,2026-08-23T09:00:00+08:00
7abad828-9529-4e07-bb33-3d8805c851d5,M-2126,SESS-20260823-3048-0043,RENTAL_ACCRUAL,16,342,2026-08-23T11:30:00+08:00
d7704adf-7238-45c7-9c53-1538a60ffda1,M-1445,SESS-20260823-9490-0044,RENTAL_ACCRUAL,11,386,2026-08-24T00:00:00+08:00
5323655b-e9be-42b9-a3b8-e9165ec5e56e,M-1677,SESS-20260823-4441-0045,RENTAL_REDEMPTION,-100,551,2026-08-23T21:30:00+08:00
b04168b8-68ce-443d-8c0b-07fa6d7795f5,M-1677,SESS-20260823-4441-0045,RENTAL_ACCRUAL,4,555,2026-08-23T23:30:00+08:00
3e6bcf33-5190-46d8-8641-3ad579094012,M-1998,SESS-20260823-1172-0046,RENTAL_ACCRUAL,16,187,2026-08-23T14:30:00+08:00
0fa5eeb8-7a55-4359-9a70-738e1438e435,M-1076,SESS-20260823-8009-0047,RENTAL_ACCRUAL,13,195,2026-08-23T22:15:00+08:00
1d29e46b-b0b8-48ea-b851-3050ecd8433b,M-2081,SESS-20260823-1140-0048,RENTAL_ACCRUAL,5,46,2026-08-23T15:45:00+08:00
1c2e329c-9eae-4868-8d8e-f80063ba98c3,M-1305,SESS-20260823-5113-0049,RENTAL_ACCRUAL,5,587,2026-08-23T16:15:00+08:00
1642bb9a-177a-4773-838c-13f3c82f0d71,M-2031,SESS-20260823-7758-0050,RENTAL_ACCRUAL,25,172,2026-08-24T02:15:00+08:00
71c93bc1-18cb-4671-9150-32653b2b11e3,M-1884,SESS-20260823-8378-0051,RENTAL_ACCRUAL,25,138,2026-08-23T13:15:00+08:00
57dd138f-fb33-44f1-8641-b0077978518a,M-1884,TIER_UPGRADE_Standard_TO_Silver,TIER_BONUS,50,188,2026-08-23T13:15:00+08:00
929b68d3-1ecf-419d-98c1-69504c02165e,M-1023,SESS-20260823-5103-0052,RENTAL_ACCRUAL,9,160,2026-08-23T14:45:00+08:00
46cfe666-066c-40b3-89e6-ad6a97b93270,M-1116,SESS-20260823-4138-0053,RENTAL_ACCRUAL,45,136,2026-08-24T01:00:00+08:00
1ac2d523-42b4-498f-bd4a-95a2e3108691,M-1164,SESS-20260823-2896-0054,RENTAL_ACCRUAL,11,394,2026-08-23T10:45:00+08:00
20a1e420-9f17-41aa-b4ee-64a07928b648,M-1227,SESS-20260823-4530-0055,RENTAL_ACCRUAL,11,281,2026-08-23T19:45:00+08:00
4859371c-07a9-4d2e-b545-d14821168ccc,M-1039,SESS-20260823-4637-0056,RENTAL_ACCRUAL,13,350,2026-08-23T22:45:00+08:00
50368589-76f7-40a1-8b30-c6d12e3c06d2,M-1673,SESS-20260823-2222-0057,RENTAL_REDEMPTION,-200,274,2026-08-23T19:45:00+08:00
858cf37b-7e68-4e2f-8e6e-a3487120e51e,M-1673,SESS-20260823-2222-0057,RENTAL_ACCRUAL,5,279,2026-08-23T21:45:00+08:00
dfc4e2a4-faa5-4511-8613-fab74b4e1096,M-1633,SESS-20260823-5998-0058,RENTAL_ACCRUAL,16,109,2026-08-23T12:45:00+08:00
96b473b4-ced1-4bae-a86c-e5cf15b1646f,M-1231,SESS-20260823-8220-0059,RENTAL_ACCRUAL,28,379,2026-08-24T01:15:00+08:00
bbbed379-c8a6-4450-be06-1039359e4afa,M-1976,SESS-20260823-6468-0060,RENTAL_ACCRUAL,15,100,2026-08-23T23:15:00+08:00
9e860665-b102-476c-813f-a565a576f3b3,M-1930,SESS-20260823-5186-0061,RENTAL_REDEMPTION,-100,25,2026-08-23T22:30:00+08:00
e8210e7b-c092-4944-af21-70035d61775e,M-1930,SESS-20260823-5186-0061,RENTAL_ACCRUAL,5,30,2026-08-24T00:30:00+08:00
3c65340f-e8b8-4ac4-9ab2-a35ccf861dda,M-1084,SESS-20260823-1322-0062,RENTAL_ACCRUAL,27,331,2026-08-23T18:00:00+08:00
e1ee0a7b-95c2-46d5-882b-aecf44735504,M-1095,SESS-20260823-9559-0063,RENTAL_ACCRUAL,27,227,2026-08-23T20:15:00+08:00
6ea6b302-3362-4d7c-86e0-2a3e27b0988b,M-1245,SESS-20260823-2946-0064,RENTAL_ACCRUAL,11,161,2026-08-23T10:15:00+08:00
2b531e5d-47e6-4b4b-828f-7de9a65e801e,M-1113,SESS-20260823-5192-0065,RENTAL_ACCRUAL,12,1084,2026-08-23T20:00:00+08:00
784ac60f-33ae-4ddd-aa24-bf4c2976d2a4,M-1595,SESS-20260823-5485-0066,RENTAL_ACCRUAL,27,115,2026-08-23T23:00:00+08:00
a751c10d-6375-473a-9754-73412958b7a6,M-2101,SESS-20260823-2315-0067,RENTAL_ACCRUAL,16,361,2026-08-23T16:15:00+08:00
b9e679d9-3b10-46e6-8a55-46115edba92d,M-1178,SESS-20260823-7446-0068,RENTAL_ACCRUAL,9,292,2026-08-23T23:00:00+08:00
23bcd073-f89c-4831-83a0-f1291635e90e,M-1541,SESS-20260823-4467-0069,RENTAL_ACCRUAL,6,195,2026-08-23T18:45:00+08:00
53a237f5-6abf-473c-b1a8-efa3953239bf,M-1702,SESS-20260823-8603-0070,RENTAL_ACCRUAL,5,297,2026-08-23T14:00:00+08:00
c05da472-a30c-4fbc-9947-896e5932bc44,M-1348,SESS-20260823-4048-0071,RENTAL_ACCRUAL,27,163,2026-08-24T00:15:00+08:00
42b2b516-743b-48b3-97ca-790840037bc1,M-2037,SESS-20260823-7772-0072,RENTAL_ACCRUAL,5,90,2026-08-23T10:30:00+08:00
5e9c84fc-c78e-49b5-a5b5-d0869281a336,M-2077,SESS-20260823-8829-0073,RENTAL_ACCRUAL,27,229,2026-08-23T12:30:00+08:00
c1f30491-43ba-48d1-94bc-28b47a4106de,M-1576,SESS-20260823-5599-0074,RENTAL_REDEMPTION,-100,1080,2026-08-23T23:00:00+08:00
bafdcbdc-c4b7-4f12-8df1-bbf7376a91ea,M-1576,SESS-20260823-5599-0074,RENTAL_ACCRUAL,6,1086,2026-08-24T00:00:00+08:00
8f972ac6-5379-4fcd-9f22-81b48d67e1fc,M-1016,SESS-20260823-7612-0075,RENTAL_ACCRUAL,13,185,2026-08-23T15:15:00+08:00
754e9a05-07fc-49c0-8d08-af6a06208fb0,M-2075,SESS-20260823-9167-0076,RENTAL_ACCRUAL,11,66,2026-08-23T21:15:00+08:00
5f2c8519-8f4b-4f85-b9cf-3b578ee49c05,M-2197,SESS-20260823-5795-0077,RENTAL_ACCRUAL,16,484,2026-08-24T00:20:00+08:00
91059091-9785-4505-b03b-7d24b7fdd152,M-1036,SESS-20260823-9433-0078,RENTAL_ACCRUAL,12,393,2026-08-24T01:45:00+08:00
be183bf2-00c8-4504-b98e-9a73ce8b030c,M-1247,SESS-20260823-1302-0079,RENTAL_ACCRUAL,19,2504,2026-08-23T11:45:00+08:00
2a8a4633-52eb-4141-b249-96c63df6b4a4,M-1860,SESS-20260823-6307-0080,RENTAL_ACCRUAL,15,59,2026-08-23T16:15:00+08:00
1b022717-5e33-40bf-a812-e667d68a06b6,M-1957,SESS-20260823-2958-0081,RENTAL_ACCRUAL,18,117,2026-08-23T20:15:00+08:00
b55b84e6-6ab5-4740-915b-11e71e596b11,M-1672,SESS-20260823-8673-0082,RENTAL_ACCRUAL,11,145,2026-08-23T22:30:00+08:00
db1d1863-17f8-40b5-a449-3cecd21f1119,M-1102,SESS-20260823-3141-0083,RENTAL_ACCRUAL,11,151,2026-08-23T04:45:00+08:00
8faa6349-38c9-421a-afea-b579783001ec,M-1261,SESS-20260823-7136-0084,RENTAL_ACCRUAL,16,148,2026-08-24T02:45:00+08:00
2aff70a3-e4ce-4dd4-8e39-8eccc0c72168,M-1683,SESS-20260823-2242-0085,RENTAL_REDEMPTION,-200,912,2026-08-23T18:45:00+08:00
bca52a5b-8623-410d-a090-1551c50d3f91,M-1683,SESS-20260823-2242-0085,RENTAL_ACCRUAL,3,915,2026-08-23T21:45:00+08:00
5ad47c04-c45c-4bd0-b265-9d3db0046e4c,M-2107,SESS-20260823-1608-0086,RENTAL_ACCRUAL,11,177,2026-08-23T21:15:00+08:00
f349361c-52b4-4d60-a6a8-d3365f27bdfc,M-1073,SESS-20260823-4240-0087,RENTAL_REDEMPTION,-100,74,2026-08-23T23:05:00+08:00
aeb4c784-29d4-4913-859e-7f44030dd070,M-1073,SESS-20260823-4240-0087,RENTAL_ACCRUAL,7,81,2026-08-24T00:05:00+08:00
d091c667-a916-4d7c-a1e5-9b483a2a625a,M-1672,SESS-20260823-6870-0088,RENTAL_REDEMPTION,-100,45,2026-08-23T22:45:00+08:00
90c93f41-a6ee-491b-9e06-7c83a06ad0eb,M-1672,SESS-20260823-6870-0088,RENTAL_ACCRUAL,21,66,2026-08-24T03:45:00+08:00
f1ecd66d-e903-449d-90e3-f58538822869,M-1283,SESS-20260823-8807-0089,RENTAL_ACCRUAL,27,217,2026-08-23T19:15:00+08:00
3f1e19d5-eafd-4fd8-aeca-48a72766568d,M-1306,SESS-20260823-7817-0090,RENTAL_ACCRUAL,18,153,2026-08-23T22:30:00+08:00
fc5e0244-8834-4140-aecb-20a3c7b5e0f8,M-1306,TIER_UPGRADE_Silver_TO_Gold,TIER_BONUS,100,253,2026-08-23T22:30:00+08:00
6b991561-5b8f-4e48-8b82-f92d927efbba,M-1761,SESS-20260823-8081-0091,RENTAL_ACCRUAL,67,719,2026-08-23T23:30:00+08:00
deb12bf4-dace-42c9-ad63-8f2eb30a6421,M-1578,SESS-20260823-4975-0092,RENTAL_ACCRUAL,28,295,2026-08-24T02:30:00+08:00
ca19db9f-d4d2-40e8-8473-830f6eb9b354,M-1620,SESS-20260823-4478-0093,RENTAL_ACCRUAL,12,475,2026-08-23T23:00:00+08:00
dfb0c34b-4836-4d37-91f6-107e3ebd1888,M-2043,SESS-20260823-1554-0094,RENTAL_ACCRUAL,5,29,2026-08-23T22:45:00+08:00
17d0dde1-c346-45c5-a1a4-7ae20203e980,M-1809,SESS-20260823-9454-0095,RENTAL_ACCRUAL,30,605,2026-08-24T00:15:00+08:00
c9e94477-ab79-427a-8ea4-0c533dd82e68,M-1183,SESS-20260823-8836-0096,RENTAL_ACCRUAL,18,477,2026-08-23T20:45:00+08:00
988f92bd-9627-4e7d-92e1-80631211864c,M-2073,SESS-20260823-6605-0097,RENTAL_ACCRUAL,24,236,2026-08-24T01:30:00+08:00
a6fc119d-ec5e-402f-92d7-628ca11bbb94,M-2120,SESS-20260823-2792-0098,RENTAL_ACCRUAL,28,492,2026-08-23T22:05:00+08:00
3c4b77b4-a342-4eaa-84ea-c9f29a527dc5,M-1351,SESS-20260823-7610-0099,RENTAL_ACCRUAL,28,143,2026-08-23T21:15:00+08:00
501bb276-255c-46c9-94aa-3657eb2fb78e,M-1950,SESS-20260823-9355-0100,RENTAL_ACCRUAL,12,114,2026-08-23T12:00:00+08:00
19912ce8-7ec3-4a21-bc55-698ec93318c0,M-1631,SESS-20260823-2472-0101,RENTAL_ACCRUAL,27,330,2026-08-23T20:30:00+08:00
3c7d5c43-1779-4808-a35b-2f27407e821d,M-1776,SESS-20260823-8476-0102,RENTAL_ACCRUAL,45,134,2026-08-24T06:30:00+08:00
6f15a73c-e2d7-41ae-a45b-1af43e6479bf,M-1031,SESS-20260823-8639-0103,RENTAL_ACCRUAL,48,1562,2026-08-23T08:35:00+08:00
ce7e1c4a-d3b9-443f-b239-50d9ff9b1d21,M-1642,SESS-20260823-8752-0104,RENTAL_ACCRUAL,28,227,2026-08-24T01:40:00+08:00
34c778cf-5eb5-4dee-adec-c2ded0cd350f,M-1008,SESS-20260823-4756-0105,RENTAL_ACCRUAL,9,107,2026-08-23T19:30:00+08:00
2f6cd686-d07f-454c-aee7-c378ff287ece,M-1134,SESS-20260823-9180-0106,RENTAL_ACCRUAL,28,66,2026-08-24T02:30:00+08:00
5bedb768-8c4d-4071-88f4-b382400bc02a,M-1189,SESS-20260823-2205-0107,RENTAL_ACCRUAL,5,563,2026-08-23T13:45:00+08:00
14cf0793-e84e-4751-9e44-a9ae75565fb0,M-2085,SESS-20260823-9004-0108,RENTAL_ACCRUAL,11,314,2026-08-23T18:00:00+08:00
d34ed0fd-e2d2-4340-8be1-a10ef79b0bec,M-1722,SESS-20260823-7543-0109,RENTAL_ACCRUAL,9,791,2026-08-23T11:30:00+08:00
589314ca-ff25-447a-8c2d-e6e5ef0dbf56,M-1081,SESS-20260823-2065-0110,RENTAL_ACCRUAL,30,642,2026-08-23T23:15:00+08:00
d44b7aa5-f5e2-4f43-bd61-319335615389,M-1479,SESS-20260823-6163-0111,RENTAL_ACCRUAL,18,2308,2026-08-23T04:00:00+08:00
2644ab69-be30-459c-8329-42047f75342f,M-1530,SESS-20260823-5209-0112,RENTAL_REDEMPTION,-100,58,2026-08-23T17:15:00+08:00
77eef0fd-18bb-4ec6-aa47-c380dcd77ad1,M-1530,SESS-20260823-5209-0112,RENTAL_ACCRUAL,4,62,2026-08-23T19:15:00+08:00
78d74090-c88d-4ca0-b6e7-ce156149f175,M-1702,SESS-20260823-8210-0113,RENTAL_ACCRUAL,28,325,2026-08-24T00:45:00+08:00
25681985-86c9-40d7-8098-b3e5fed7278d,M-2008,SESS-20260823-1081-0114,RENTAL_ACCRUAL,16,82,2026-08-23T23:45:00+08:00
20635c48-aada-493b-b544-503d5cbcf0b1,M-1984,SESS-20260823-7361-0115,RENTAL_ACCRUAL,45,140,2026-08-23T19:30:00+08:00
44d7685e-734c-4d38-abb0-7b65b943e585,M-1448,SESS-20260823-7572-0116,RENTAL_ACCRUAL,28,386,2026-08-23T17:50:00+08:00
479ae7bb-b103-42ba-aa48-894ea8e859fa,M-1755,SESS-20260823-5446-0117,RENTAL_ACCRUAL,18,259,2026-08-23T20:30:00+08:00
74033234-41a8-41d5-9bbf-867f0d82befa,M-1923,SESS-20260823-4006-0118,RENTAL_ACCRUAL,8,126,2026-08-23T21:50:00+08:00
a51ecc0e-1b42-4ec3-bbea-d62f8127d3a6,M-1473,SESS-20260823-8247-0119,RENTAL_ACCRUAL,16,267,2026-08-24T02:15:00+08:00
cd96b6e6-34d3-474c-90b4-208bca53ab3d,M-1353,SESS-20260823-3879-0120,RENTAL_REDEMPTION,-100,211,2026-08-23T18:45:00+08:00
f7a7f777-a6ca-40dd-b304-240c8343c240,M-1353,SESS-20260823-3879-0120,RENTAL_ACCRUAL,5,216,2026-08-23T20:45:00+08:00
7f8b1180-79d6-4f57-a14c-f34fe79a120b,M-1652,SESS-20260823-6771-0121,RENTAL_REDEMPTION,-100,28,2026-08-23T08:30:00+08:00
29ed08cb-894c-4533-915b-420a93797141,M-1652,SESS-20260823-6771-0121,RENTAL_ACCRUAL,5,33,2026-08-23T10:30:00+08:00
b822cb95-1689-42f0-8e0a-0857318641f1,M-1296,SESS-20260823-9964-0122,RENTAL_ACCRUAL,30,907,2026-08-24T03:00:00+08:00
8a823224-075f-4a2d-9888-8d0aa9f5021a,M-1057,SESS-20260823-5003-0123,RENTAL_ACCRUAL,67,313,2026-08-24T00:30:00+08:00
baa6906a-cb5a-43d4-97ee-d11b3c777a4a,M-1451,SESS-20260823-3390-0124,RENTAL_ACCRUAL,18,555,2026-08-23T21:45:00+08:00
481da342-4ebe-4dd3-8ef1-76e75c8a3c8a,M-1772,SESS-20260823-5038-0125,RENTAL_ACCRUAL,9,148,2026-08-23T23:35:00+08:00
de51c460-4f27-4929-82f7-59ab15a42683,M-1099,SESS-20260823-5530-0126,RENTAL_ACCRUAL,13,238,2026-08-23T12:30:00+08:00
279722a1-5f47-4c1b-b966-5db5d3c5114d,M-2100,SESS-20260823-1934-0127,RENTAL_ACCRUAL,11,198,2026-08-23T21:00:00+08:00
ae1f88f5-1a7f-466e-b775-08072325a843,M-1395,SESS-20260823-7864-0128,RENTAL_ACCRUAL,27,54,2026-08-23T23:45:00+08:00
7e9c72ab-db8e-4619-ab81-6d9a7e5c6293,M-1663,SESS-20260823-4553-0129,RENTAL_ACCRUAL,18,192,2026-08-23T21:00:00+08:00
9a62b505-5739-4c89-a979-436fffe855ee,M-1286,SESS-20260823-1596-0130,RENTAL_ACCRUAL,13,197,2026-08-23T22:15:00+08:00
5aa576b6-abfd-44d1-b67c-f9911e973755,M-2060,SESS-20260823-4464-0131,RENTAL_ACCRUAL,10,127,2026-08-23T20:15:00+08:00
fa7f1eb3-165d-4333-8010-1ee715da5fcd,M-1549,SESS-20260823-6468-0132,RENTAL_ACCRUAL,5,168,2026-08-23T07:10:00+08:00
cefb60b0-28d8-4c93-b99f-d0b4c0f8730b,M-1425,SESS-20260823-2638-0133,RENTAL_REDEMPTION,-100,109,2026-08-23T22:35:00+08:00
6cb1bd79-bcd9-4625-8fe5-41c1a96c9ff0,M-1425,SESS-20260823-2638-0133,RENTAL_ACCRUAL,21,130,2026-08-24T03:35:00+08:00
1c7c5ed1-933f-4488-9f0a-0dd9c6549e3d,M-1423,SESS-20260823-9264-0134,RENTAL_ACCRUAL,11,243,2026-08-23T21:45:00+08:00
c8edc426-11b5-45b6-a315-9a8733e17434,M-1759,SESS-20260823-5615-0135,RENTAL_ACCRUAL,40,431,2026-08-23T22:30:00+08:00
bd2053a3-894d-4981-9019-38695ccabf19,M-1143,SESS-20260823-4506-0136,RENTAL_ACCRUAL,6,4069,2026-08-23T20:00:00+08:00
84f913e0-7a2a-4b74-b176-6756e5f0e9ba,M-1006,SESS-20260823-8749-0137,RENTAL_ACCRUAL,28,94,2026-08-24T04:45:00+08:00
4017fc54-864e-4aef-94c1-22b06445b7e2,M-2157,SESS-20260823-1908-0138,RENTAL_ACCRUAL,8,80,2026-08-23T15:45:00+08:00
865ae50c-440f-4a7a-b380-4bf718964fe9,M-1350,SESS-20260823-1058-0139,RENTAL_REDEMPTION,-200,503,2026-08-23T23:10:00+08:00
7f703319-5289-4491-a124-faae5bf2f07d,M-1350,SESS-20260823-1058-0139,RENTAL_ACCRUAL,3,506,2026-08-24T02:10:00+08:00
1e15e80e-7492-4eb8-865b-11f9f6b862c3,M-1745,SESS-20260823-3106-0140,RENTAL_REDEMPTION,-200,23,2026-08-23T22:10:00+08:00
f0cd88cf-26c1-43a6-b155-4885b393ba7f,M-1745,SESS-20260823-3106-0140,RENTAL_ACCRUAL,55,78,2026-08-24T03:10:00+08:00
51fd8803-f7f3-4c52-8388-77dfe2286700,M-1230,SESS-20260823-4719-0141,RENTAL_REDEMPTION,-800,172,2026-08-23T22:05:00+08:00
5ff7d0b5-0639-4ef3-81bc-34388cb66e27,M-1230,SESS-20260823-4719-0141,RENTAL_ACCRUAL,22,194,2026-08-24T06:05:00+08:00
c0d1f78c-d071-4b51-844a-23ddbb68d9fc,M-2180,SESS-20260823-8468-0142,RENTAL_REDEMPTION,-100,43,2026-08-23T22:25:00+08:00
50093feb-c8aa-44e8-8346-3f0bbc75a4f8,M-2180,SESS-20260823-8468-0142,RENTAL_ACCRUAL,31,74,2026-08-24T01:25:00+08:00
70b92f2b-354c-4fad-92f9-ea962ac77080,M-1727,SESS-20260823-5502-0143,RENTAL_ACCRUAL,9,314,2026-08-23T20:25:00+08:00
959bb3f6-52b3-4940-9b26-37fc982a0b2a,M-1560,SESS-20260823-9663-0144,RENTAL_ACCRUAL,16,271,2026-08-23T18:00:00+08:00
711b55fb-420e-4011-b0dd-3d6a49b74e79,M-1164,SESS-20260823-7782-0145,RENTAL_ACCRUAL,27,421,2026-08-23T18:15:00+08:00
c30e5564-9617-43d3-aa53-51ebcf25c834,M-1641,SESS-20260823-9765-0146,RENTAL_ACCRUAL,13,288,2026-08-23T23:50:00+08:00
a113f719-4c00-43ce-97b7-9d2abd13673b,M-1682,SESS-20260823-8527-0147,RENTAL_ACCRUAL,6,876,2026-08-23T22:15:00+08:00
10aaabac-6da5-4b9e-b192-16bd33afc280,M-1518,SESS-20260823-7190-0148,RENTAL_ACCRUAL,18,650,2026-08-23T20:15:00+08:00
903184a3-3904-4255-afd7-b80d52c50e49,M-1632,SESS-20260823-7887-0149,RENTAL_ACCRUAL,48,129,2026-08-24T05:00:00+08:00
b3a33019-5cd3-47fd-9002-14edb486dcaa,M-2124,SESS-20260823-9235-0150,RENTAL_ACCRUAL,40,191,2026-08-23T22:30:00+08:00
caeb7011-c727-4e16-9d71-395fbbe8df41,M-1499,SESS-20260823-2323-0151,RENTAL_REDEMPTION,-100,91,2026-08-23T15:15:00+08:00
52aa747c-8419-4140-9b84-d556e65b1133,M-1499,SESS-20260823-2323-0151,RENTAL_ACCRUAL,20,111,2026-08-23T18:15:00+08:00
9472148d-6d42-421e-85bf-22819066d2ff,M-1704,SESS-20260823-3929-0152,RENTAL_REDEMPTION,-100,46,2026-08-23T22:25:00+08:00
de9bbefa-4f15-4e15-811e-0660916b40d4,M-1704,SESS-20260823-3929-0152,RENTAL_ACCRUAL,61,107,2026-08-24T03:25:00+08:00
f03a7c5d-b30e-4817-aa72-e7be093418d7,M-1085,SESS-20260823-3175-0153,RENTAL_REDEMPTION,-100,147,2026-08-23T22:40:00+08:00
e86ad5f8-b464-49ca-8a3b-c31f27d62e5b,M-1085,SESS-20260823-3175-0153,RENTAL_ACCRUAL,34,181,2026-08-24T01:40:00+08:00
5f56306e-5585-4df2-a61b-480ecce27a6d,M-1417,SESS-20260823-7256-0154,RENTAL_ACCRUAL,5,553,2026-08-23T21:00:00+08:00
fcb96eea-f53f-4055-b0ac-57ee4bdca083,M-2143,SESS-20260823-7644-0155,RENTAL_REDEMPTION,-100,22,2026-08-23T21:10:00+08:00
b2c9def9-1b4c-443b-9b6b-7efdf6ee2b2f,M-2143,SESS-20260823-7644-0155,RENTAL_ACCRUAL,10,32,2026-08-24T00:10:00+08:00
45c139f4-debc-4bd2-9089-60f668911935,M-2171,SESS-20260823-3272-0156,RENTAL_ACCRUAL,40,111,2026-08-24T00:00:00+08:00
b8664904-c084-466e-a25f-c54dc607e68f,M-1248,SESS-20260823-2787-0157,RENTAL_ACCRUAL,11,98,2026-08-23T17:30:00+08:00
b7cff9f2-280d-42d3-8b71-3021efa7be07,M-1936,SESS-20260823-6847-0158,RENTAL_ACCRUAL,45,367,2026-08-24T01:20:00+08:00
5ef9deee-7556-4ed9-bccd-be267a510555,M-1340,SESS-20260823-5945-0159,RENTAL_ACCRUAL,28,534,2026-08-23T15:00:00+08:00
16f685c0-6cc3-491f-8dda-80561b4dd4ca,M-2022,SESS-20260823-3598-0160,RENTAL_ACCRUAL,25,183,2026-08-23T23:30:00+08:00
81208e2c-fa6f-4404-b461-f6ea84afb3ce,M-1886,SESS-20260823-8035-0161,RENTAL_ACCRUAL,11,234,2026-08-23T18:30:00+08:00
4109ade0-caff-4258-95f4-224929885d03,M-1137,SESS-20260823-2342-0162,RENTAL_REDEMPTION,-200,0,2026-08-23T18:00:00+08:00
0b272258-95d9-4d86-b19a-81bc4f2d7e97,M-1137,SESS-20260823-2342-0162,RENTAL_ACCRUAL,32,32,2026-08-23T23:00:00+08:00
14dad29c-22ba-4d9a-b669-6f27b323263e,M-1034,SESS-20260823-1407-0163,RENTAL_ACCRUAL,11,416,2026-08-23T04:00:00+08:00
68537fb1-b3b4-483d-875f-1261e83a5eab,M-1225,SESS-20260823-1597-0164,RENTAL_ACCRUAL,18,226,2026-08-23T18:15:00+08:00
8707ceb4-1eb7-4812-a3b2-b0bb6b6a2194,M-1162,SESS-20260823-7501-0165,RENTAL_ACCRUAL,5,145,2026-08-23T23:50:00+08:00
fe2385f2-87f5-4335-97f3-fac84ae0a450,M-1124,SESS-20260823-6860-0166,RENTAL_ACCRUAL,9,385,2026-08-23T15:30:00+08:00
8f428daa-e028-4150-a890-8143c61070c0,M-1979,SESS-20260823-3809-0167,RENTAL_ACCRUAL,11,180,2026-08-23T21:30:00+08:00
d8a2530d-fe8d-40ff-b623-a0996b1feb7f,M-1327,SESS-20260823-6901-0168,RENTAL_ACCRUAL,6,1899,2026-08-24T00:45:00+08:00
85a39a62-d4d4-4491-a9aa-5ec0e1c39fd1,M-1663,SESS-20260823-8877-0169,RENTAL_ACCRUAL,5,197,2026-08-24T00:15:00+08:00
72bad62a-1a5b-4e4a-b7e3-67921f5fd1ee,M-1524,SESS-20260823-5474-0170,RENTAL_ACCRUAL,5,173,2026-08-23T22:50:00+08:00
802d3dbc-2ac2-4dff-a9ce-a3ba6371f417,M-1675,SESS-20260823-7814-0171,RENTAL_ACCRUAL,6,2233,2026-08-23T22:00:00+08:00
c395cf45-2d19-4791-9282-e880f3328ff6,M-1552,SESS-20260823-6214-0172,RENTAL_ACCRUAL,16,134,2026-08-23T23:25:00+08:00
07ac70d3-1a78-4e6a-9362-be9b1fb08488,M-1638,SESS-20260823-3936-0173,RENTAL_ACCRUAL,27,555,2026-08-23T23:45:00+08:00
a03e3842-23a0-4cd2-91af-d55d03720201,M-1660,SESS-20260823-7329-0174,RENTAL_ACCRUAL,5,507,2026-08-23T02:15:00+08:00
fe30161f-deff-400e-bf2c-a2637b0ffb05,M-1335,SESS-20260823-2023-0175,RENTAL_ACCRUAL,27,413,2026-08-23T18:15:00+08:00
bc8a14db-fa64-492f-b3a8-afce07ad2e6f,M-2011,SESS-20260823-1715-0176,RENTAL_ACCRUAL,15,203,2026-08-23T19:30:00+08:00
6aa665b3-5204-4c07-a7d8-b9c915d189bd,M-1401,SESS-20260823-9559-0177,RENTAL_ACCRUAL,5,480,2026-08-23T22:15:00+08:00
dd7ad239-cab1-4537-bd2a-1143b918eb66,M-1119,SESS-20260823-3640-0178,RENTAL_ACCRUAL,27,333,2026-08-23T19:00:00+08:00
86ef7d52-a963-4c59-a34f-aa8accea265a,M-1429,SESS-20260823-5147-0179,RENTAL_ACCRUAL,6,642,2026-08-23T20:30:00+08:00
979e84dc-6946-415b-a216-fcfe640fdf10,M-1564,SESS-20260823-4666-0180,RENTAL_ACCRUAL,12,558,2026-08-23T23:00:00+08:00
29ab3930-e5cb-4430-a071-df46e1b487ad,M-1173,SESS-20260823-2226-0181,RENTAL_ACCRUAL,12,261,2026-08-23T19:45:00+08:00
2a38d147-d833-4c67-b512-74b2febdfe90,M-1742,SESS-20260823-5531-0182,RENTAL_REDEMPTION,-200,10,2026-08-23T22:45:00+08:00
95d0f72a-bea8-424a-a31d-fca1fc447cbe,M-1742,SESS-20260823-5531-0182,RENTAL_ACCRUAL,32,42,2026-08-24T03:45:00+08:00
e2b3f145-f22d-476c-837d-b596df756d42,M-1791,SESS-20260823-9631-0183,RENTAL_ACCRUAL,28,94,2026-08-23T20:20:00+08:00
14d2838d-74ce-49e5-80d0-3121ab6461e5,M-1130,SESS-20260823-6285-0184,RENTAL_ACCRUAL,9,402,2026-08-23T21:45:00+08:00
f517057c-db64-4fde-bd2a-be7699d42203,M-1770,SESS-20260823-9084-0185,RENTAL_ACCRUAL,18,229,2026-08-24T01:00:00+08:00
fb87fb6e-3b5b-4f9e-84d0-87f8f8a8e0a1,M-1413,SESS-20260823-3929-0186,RENTAL_ACCRUAL,11,126,2026-08-23T13:15:00+08:00
f6450780-9493-4f9d-87ad-fc6900941f22,M-1897,SESS-20260823-5923-0187,RENTAL_ACCRUAL,40,453,2026-08-23T21:45:00+08:00
a7c8e0c8-4d14-405e-9837-467d7bb24d57,M-1606,SESS-20260823-8930-0188,RENTAL_ACCRUAL,18,428,2026-08-23T12:45:00+08:00
403e9d5d-2cca-4287-8101-a4bcd8b901d8,M-1418,SESS-20260823-8960-0189,RENTAL_ACCRUAL,9,172,2026-08-23T18:45:00+08:00
d49464aa-d797-41d6-921a-2279d3691bea,M-2002,SESS-20260823-2446-0190,RENTAL_ACCRUAL,18,205,2026-08-24T00:00:00+08:00
19a0a825-5bc3-40ba-bae5-a6130ab1198f,M-2190,SESS-20260823-4610-0191,RENTAL_REDEMPTION,-100,77,2026-08-23T22:30:00+08:00
4ac4dd1e-55a3-4035-8a63-5ee7706bf902,M-2190,SESS-20260823-4610-0191,RENTAL_ACCRUAL,5,82,2026-08-24T00:30:00+08:00
49f5c2a3-3c5b-40ba-9b9f-b4f20ca9bdf6,M-1514,SESS-20260823-9588-0192,RENTAL_ACCRUAL,67,433,2026-08-23T20:30:00+08:00
3e4029bf-6b37-4225-9f1f-def5da074a84,M-1035,SESS-20260823-2818-0193,RENTAL_ACCRUAL,45,302,2026-08-24T02:15:00+08:00
363b6c56-2e79-4ca8-9ff9-0a7b7f72df07,M-2023,SESS-20260823-2828-0194,RENTAL_ACCRUAL,11,655,2026-08-23T13:15:00+08:00
927749c5-d849-4d1a-9a8a-77ee01d58c05,M-1056,SESS-20260823-6834-0195,RENTAL_REDEMPTION,-100,178,2026-08-23T23:30:00+08:00
fc92f3a7-c1a3-4fde-b230-a66f8daacf64,M-1056,SESS-20260823-6834-0195,RENTAL_ACCRUAL,10,188,2026-08-24T02:30:00+08:00
78d5b377-0c3a-40bc-aef3-fb35bf722d8c,M-1129,SESS-20260823-8533-0196,RENTAL_ACCRUAL,12,1276,2026-08-23T23:15:00+08:00
fbaf78d6-0a99-42d1-b158-e47f1a2db6fe,M-1117,SESS-20260823-6754-0197,RENTAL_REDEMPTION,-100,84,2026-08-23T12:00:00+08:00
a7df1a3e-90b9-46a9-a62a-fc75e4e60642,M-1117,SESS-20260823-6754-0197,RENTAL_ACCRUAL,5,89,2026-08-23T14:00:00+08:00
5c1146b7-17b2-4195-9905-6f96f5e782c0,M-2076,SESS-20260823-3017-0198,RENTAL_ACCRUAL,5,321,2026-08-23T18:30:00+08:00
428e43d3-16a6-4763-a3f3-bbf3e078b72a,M-1475,SESS-20260823-5943-0199,RENTAL_ACCRUAL,6,1012,2026-08-23T14:45:00+08:00
353e68d2-8bf1-4c67-aa36-2d53a9639ee8,M-1391,SESS-20260823-9888-0200,RENTAL_ACCRUAL,27,244,2026-08-23T22:35:00+08:00
404c24e3-9dec-44da-a2a0-dcc5b97ee2c9,M-1210,SESS-20260823-8212-0201,RENTAL_ACCRUAL,28,1464,2026-08-23T21:25:00+08:00
72cf54d7-0454-4191-acec-459e340c6ad3,M-1475,SESS-20260823-2171-0202,RENTAL_ACCRUAL,72,1084,2026-08-23T23:30:00+08:00
0f2066a8-aaa9-4901-9018-d863dc705fb8,M-2085,SESS-20260823-5954-0203,RENTAL_ACCRUAL,13,327,2026-08-23T22:15:00+08:00
a037ae22-446f-4e9f-9c1c-901493a6478b,M-1171,SESS-20260823-1052-0204,RENTAL_ACCRUAL,27,154,2026-08-23T12:15:00+08:00
7f4a0824-db98-4201-bde4-2d57d371b857,M-1027,SESS-20260823-9803-0205,RENTAL_REDEMPTION,-100,398,2026-08-23T17:15:00+08:00
2fefa3e8-47f8-4688-a44e-b49600a23564,M-1027,SESS-20260823-9803-0205,RENTAL_ACCRUAL,5,403,2026-08-23T19:15:00+08:00
5665f150-e40e-4509-84b1-a2c374abaff2,M-1436,SESS-20260823-6656-0206,RENTAL_ACCRUAL,30,685,2026-08-24T00:45:00+08:00
d40927c2-f373-4b34-a011-aa56e507bd65,M-1584,SESS-20260823-3148-0207,RENTAL_ACCRUAL,28,330,2026-08-24T01:00:00+08:00
c17cc621-7d80-4437-ae50-18ab1520e3c0,M-1101,SESS-20260823-3791-0208,RENTAL_ACCRUAL,19,787,2026-08-24T01:50:00+08:00
319ce203-c5ed-4ef8-9405-dd3df00b77ac,M-1779,SESS-20260823-5621-0209,RENTAL_ACCRUAL,19,465,2026-08-23T21:05:00+08:00
333c3b93-b89b-4341-8d47-6cfd110c012e,M-2084,SESS-20260823-9823-0210,RENTAL_ACCRUAL,45,429,2026-08-23T21:45:00+08:00
4fb51094-7a81-4954-9b82-2f957a73f895,M-1876,SESS-20260823-7243-0211,RENTAL_ACCRUAL,16,180,2026-08-23T17:15:00+08:00
c0297614-8d18-4c2d-8807-8b67996b3523,M-1150,SESS-20260823-4919-0212,RENTAL_ACCRUAL,27,349,2026-08-24T01:45:00+08:00
62b6945d-3e6d-499d-9e0a-d2d82b3be3c7,M-1252,SESS-20260823-4709-0213,RENTAL_ACCRUAL,18,187,2026-08-24T01:00:00+08:00
6231e996-45f0-48f3-9a43-35a635910546,M-1157,SESS-20260823-2499-0214,RENTAL_ACCRUAL,11,320,2026-08-24T00:30:00+08:00
285efc40-e6f9-491e-be5d-ff162631a45a,M-1273,SESS-20260823-9371-0215,RENTAL_ACCRUAL,12,753,2026-08-23T23:45:00+08:00
e3825980-d54b-4978-8e47-56c988585768,M-1523,SESS-20260823-3794-0216,RENTAL_ACCRUAL,11,336,2026-08-23T23:45:00+08:00
a3b890e4-0d9d-4d10-afe8-aa44adeb2182,M-1203,SESS-20260823-2078-0217,RENTAL_ACCRUAL,11,144,2026-08-23T21:15:00+08:00
d21647ef-8646-483d-be03-94ded1f5755e,M-1553,SESS-20260823-6757-0218,RENTAL_ACCRUAL,5,459,2026-08-23T20:30:00+08:00
3e7aefc9-47e3-430f-a7e7-ec4eff10d32e,M-1739,SESS-20260823-6387-0219,RENTAL_ACCRUAL,18,106,2026-08-23T22:30:00+08:00
138e5384-7c22-4e74-b97e-d7bd5741bc36,M-1368,SESS-20260823-1512-0220,RENTAL_ACCRUAL,28,302,2026-08-23T20:45:00+08:00
f5aba207-0c29-4754-9a47-2cac784ab2a0,M-1701,SESS-20260823-7217-0221,RENTAL_ACCRUAL,40,972,2026-08-24T01:30:00+08:00
5f8e788e-424f-4d73-a480-f7e914233a21,M-1455,SESS-20260823-9423-0222,RENTAL_ACCRUAL,28,411,2026-08-24T04:15:00+08:00
2b8ef643-ea4f-4e3b-9f26-9cc53a10302e,M-1783,SESS-20260823-7113-0223,RENTAL_ACCRUAL,67,885,2026-08-23T23:30:00+08:00
85e55e5b-8c47-407c-b76a-565990b0bd05,M-1113,SESS-20260823-1046-0224,RENTAL_REDEMPTION,-100,984,2026-08-23T23:50:00+08:00
281ee490-05d6-4b10-a871-46ec2d970d7b,M-1113,SESS-20260823-1046-0224,RENTAL_ACCRUAL,11,995,2026-08-24T01:50:00+08:00
4eea1338-8601-4868-8619-357063d5dfe4,M-1291,SESS-20260823-9668-0225,RENTAL_ACCRUAL,28,484,2026-08-23T18:00:00+08:00
fe27b21c-295a-49cd-9e3e-dd7c2f8a2e47,M-1679,SESS-20260823-1041-0226,RENTAL_ACCRUAL,45,433,2026-08-23T21:00:00+08:00
05f1422b-02bc-4470-8bc4-27f9ac6caaea,M-1679,TIER_UPGRADE_Silver_TO_Gold,TIER_BONUS,100,533,2026-08-23T21:00:00+08:00
13e0efd6-c0c7-45d8-adb4-ff3e8bb3573c,M-1977,SESS-20260823-9002-0227,RENTAL_ACCRUAL,11,185,2026-08-23T22:00:00+08:00
9bdaca1a-fff8-4679-935d-26c0d8f5d11e,M-1693,SESS-20260823-7842-0228,RENTAL_ACCRUAL,30,160,2026-08-24T00:45:00+08:00
b35829d8-21df-4669-9e45-f576161eaa47,M-1212,SESS-20260823-9400-0229,RENTAL_ACCRUAL,18,444,2026-08-24T01:10:00+08:00
3d36a4fc-28b8-4142-ad8d-abafb3f87b86,M-1991,SESS-20260823-7889-0230,RENTAL_REDEMPTION,-100,89,2026-08-23T20:35:00+08:00
95977c8d-2ca5-4f02-8e44-56ecd147ce89,M-1991,SESS-20260823-7889-0230,RENTAL_ACCRUAL,19,108,2026-08-23T22:35:00+08:00
3e50372c-2138-42b7-8fd9-b70351172440,M-2067,SESS-20260823-5528-0231,RENTAL_ACCRUAL,16,139,2026-08-24T01:10:00+08:00
859a90c8-080e-427c-b8ed-00ddcf2553d9,M-1676,SESS-20260823-3234-0232,RENTAL_ACCRUAL,28,2632,2026-08-23T22:45:00+08:00
5b832a30-8f73-42e8-9598-b26e3622f310,M-1033,SESS-20260823-8288-0233,RENTAL_REDEMPTION,-300,71,2026-08-23T22:50:00+08:00
eff8fe40-b848-448a-a854-33c89cdf3109,M-1033,SESS-20260823-8288-0233,RENTAL_ACCRUAL,21,92,2026-08-24T01:50:00+08:00
d3b34c20-4a15-4bad-9ae9-8ebfa5d7e01c,M-1544,SESS-20260823-4913-0234,RENTAL_ACCRUAL,27,92,2026-08-23T23:35:00+08:00
2c22bc79-df0e-49ff-acb3-c3d08a56de0e,M-1313,SESS-20260823-6358-0235,RENTAL_ACCRUAL,5,481,2026-08-23T20:45:00+08:00
1eb62f0b-e69d-4965-b750-cb3597790cb3,M-1361,SESS-20260823-8752-0236,RENTAL_ACCRUAL,19,354,2026-08-23T19:00:00+08:00
daeddbe9-2d15-4efd-b7b3-ed566108a0a2,M-1079,SESS-20260823-4432-0237,RENTAL_ACCRUAL,18,343,2026-08-24T02:50:00+08:00
76a2eef4-6bab-458c-8216-f966cd11f9ec,M-1607,SESS-20260823-8725-0238,RENTAL_ACCRUAL,9,547,2026-08-23T22:55:00+08:00
ac19d8d6-f325-4690-96b3-1e474c130a5a,M-1727,SESS-20260823-2291-0239,RENTAL_ACCRUAL,5,319,2026-08-23T22:15:00+08:00
20275855-4c36-424a-8ca0-2aa6d903c5b1,M-1766,SESS-20260823-4286-0240,RENTAL_ACCRUAL,12,593,2026-08-23T22:50:00+08:00
996884a6-efd3-4b08-b74d-f4e0c614774f,M-2018,SESS-20260823-9868-0241,RENTAL_ACCRUAL,5,436,2026-08-23T23:45:00+08:00
d7c8423e-72a7-482f-b1e9-1cd4f416eb8a,M-2010,SESS-20260823-2703-0242,RENTAL_ACCRUAL,10,99,2026-08-23T21:00:00+08:00
2a1a1ada-7485-4aee-b13d-0df6f7fb86ba,M-1686,SESS-20260823-6214-0243,RENTAL_ACCRUAL,40,127,2026-08-24T01:00:00+08:00
74cd4546-8841-4246-947b-a7431f2c0fa0,M-1217,SESS-20260823-2402-0244,RENTAL_ACCRUAL,11,65,2026-08-24T01:45:00+08:00
421fd63a-9fe9-412f-a68e-9722283fbf7d,M-2048,SESS-20260823-7691-0245,RENTAL_ACCRUAL,10,69,2026-08-24T01:05:00+08:00
c99bf133-8e56-483e-b712-8a08bfe8527a,M-2104,SESS-20260823-6853-0246,RENTAL_ACCRUAL,10,112,2026-08-24T00:30:00+08:00
c1b1b04f-3b6f-45ce-83e7-7dff4269d5f0,M-1396,SESS-20260823-6155-0247,RENTAL_REDEMPTION,-200,154,2026-08-23T18:00:00+08:00
28014081-050f-44e7-b200-5897b5d332d2,M-1396,SESS-20260823-6155-0247,RENTAL_ACCRUAL,5,159,2026-08-23T20:00:00+08:00
fb14f6b9-4bc6-41e3-92fe-676f5f39bdf4,M-1112,SESS-20260823-1920-0248,RENTAL_ACCRUAL,28,1484,2026-08-24T00:50:00+08:00
e10c15c7-8dd1-4e73-a732-f0234f76b3e9,M-1790,SESS-20260823-6396-0249,RENTAL_ACCRUAL,5,297,2026-08-23T19:40:00+08:00
7948e37c-a28f-43ea-91a4-f6d8dbdfa0dd,M-1951,SESS-20260823-9909-0250,RENTAL_ACCRUAL,25,47,2026-08-24T01:05:00+08:00
251fe5f4-425e-45c7-9825-db0ddd095a99,M-1695,SESS-20260823-6236-0251,RENTAL_ACCRUAL,5,96,2026-08-23T23:20:00+08:00
9f72b40d-0250-4956-a598-5616c44c00a9,M-1730,SESS-20260823-8427-0252,RENTAL_ACCRUAL,72,276,2026-08-24T02:20:00+08:00
1b145b47-7a54-4f1a-8604-f0fb4ee88e99,M-2187,SESS-20260823-1332-0253,RENTAL_ACCRUAL,5,178,2026-08-23T14:30:00+08:00
91a67f4e-9494-43e9-a635-d698cafb67bc,M-1544,SESS-20260823-3678-0254,RENTAL_ACCRUAL,9,101,2026-08-24T00:40:00+08:00
a1e95cbd-2614-4bae-996c-9fb61a9e25ba,M-1222,SESS-20260823-6146-0255,RENTAL_ACCRUAL,18,903,2026-08-24T01:50:00+08:00
927bd4fc-653d-4acd-95f0-59f4edba9bfa,M-1213,SESS-20260823-8494-0256,RENTAL_ACCRUAL,16,255,2026-08-24T01:30:00+08:00
34656cbb-6ea3-408f-93d9-a1d19ead573d,M-1959,SESS-20260823-7905-0257,RENTAL_ACCRUAL,5,734,2026-08-23T23:15:00+08:00
225ea868-f225-465d-8034-d32a1c3168b6,M-1068,SESS-20260823-9112-0258,RENTAL_ACCRUAL,45,172,2026-08-24T01:30:00+08:00
b086dc7d-41a6-4534-8495-4d8f7eb51b72,M-1533,SESS-20260823-6312-0259,RENTAL_REDEMPTION,-300,82,2026-08-23T22:20:00+08:00
0a1d2889-6378-403a-a927-9eb21dcf3527,M-1533,SESS-20260823-6312-0259,RENTAL_ACCRUAL,20,102,2026-08-24T01:20:00+08:00
16a4b579-3ff7-4067-8947-b76f928968f4,M-1808,SESS-20260823-9653-0260,RENTAL_ACCRUAL,9,2217,2026-08-23T19:30:00+08:00
3b1dfd19-2f6d-4984-9e1b-fc39133421be,M-1334,SESS-20260823-4588-0261,RENTAL_ACCRUAL,5,204,2026-08-24T00:30:00+08:00
87e0876f-607c-4957-9e02-233f1a4d6fb2,M-1172,SESS-20260823-7292-0262,RENTAL_ACCRUAL,30,998,2026-08-24T00:45:00+08:00
bf11be90-9091-4587-8f2d-799ca2437262,M-1454,SESS-20260823-3343-0263,RENTAL_REDEMPTION,-200,1622,2026-08-23T19:30:00+08:00
30c6555b-29e9-4802-88e4-19f04b4af068,M-1454,SESS-20260823-3343-0263,RENTAL_ACCRUAL,33,1655,2026-08-24T00:30:00+08:00
58855361-7875-4fd3-b56b-35804f217d81,M-2051,SESS-20260823-7873-0264,RENTAL_ACCRUAL,10,329,2026-08-23T15:30:00+08:00
25e219db-6422-4331-8f10-77ce1593e00d,M-1294,SESS-20260823-8110-0265,RENTAL_REDEMPTION,-100,231,2026-08-23T19:35:00+08:00
efb2ff75-f4b3-4a0b-a5f6-f065d722406e,M-1294,SESS-20260823-8110-0265,RENTAL_ACCRUAL,11,242,2026-08-23T21:35:00+08:00
0e1f64da-e4b7-4742-885e-b7aea7bf7d59,M-1321,SESS-20260823-1733-0266,RENTAL_ACCRUAL,9,326,2026-08-23T23:45:00+08:00
bb1b811c-a8b3-488c-9ffd-5568f1b59dff,M-1432,SESS-20260823-3420-0267,RENTAL_ACCRUAL,28,3462,2026-08-23T15:15:00+08:00
9040ccd8-8b0b-4509-89d8-03af09650535,M-1561,SESS-20260823-2325-0268,RENTAL_ACCRUAL,16,456,2026-08-24T02:20:00+08:00
15cf5a70-7114-450d-8f72-dfa479c8ef46,M-1338,SESS-20260823-5034-0269,RENTAL_REDEMPTION,-200,12,2026-08-23T23:40:00+08:00
6d922044-897c-4670-98d9-66c94edb7857,M-1338,SESS-20260823-5034-0269,RENTAL_ACCRUAL,28,40,2026-08-24T02:40:00+08:00
e3e2b4a3-4dc4-465d-a1fa-7c0c98b99510,M-2086,SESS-20260823-2675-0270,RENTAL_ACCRUAL,40,285,2026-08-24T02:55:00+08:00
f275e1d7-2d51-47dc-86d9-7c9885c51671,M-1259,SESS-20260823-7833-0271,RENTAL_ACCRUAL,27,373,2026-08-23T23:00:00+08:00
7455f609-d6d3-4ae5-a4f9-01cf04e074ff,M-1620,SESS-20260823-9333-0272,RENTAL_REDEMPTION,-100,375,2026-08-23T23:45:00+08:00
6f8d2580-9e76-4299-a099-2781e9ef4593,M-1620,SESS-20260823-9333-0272,RENTAL_ACCRUAL,2,377,2026-08-24T00:45:00+08:00
6e2221b6-7251-42d8-8218-5d9ff23e18b4,M-1571,SESS-20260823-7284-0273,RENTAL_ACCRUAL,5,450,2026-08-23T23:20:00+08:00
dc70ad3a-ee8b-4b97-94e3-d357cdf8d0df,M-1378,SESS-20260823-6867-0274,RENTAL_ACCRUAL,5,240,2026-08-23T15:45:00+08:00
8aa1fbba-6fff-4c0e-9cf5-5a9185563f03,M-1452,SESS-20260823-1547-0275,RENTAL_ACCRUAL,11,164,2026-08-24T00:15:00+08:00
bb536ff1-c3b5-4dc3-ad4a-fdf3a8c42fab,M-1422,SESS-20260823-5811-0276,RENTAL_ACCRUAL,9,190,2026-08-23T21:25:00+08:00
0f244498-7c67-49cd-988e-ae849518c2cd,M-1022,SESS-20260823-6317-0277,RENTAL_ACCRUAL,45,204,2026-08-23T14:15:00+08:00
4edb43a7-5a79-45af-bde2-7832702681cd,M-1551,SESS-20260823-1693-0278,RENTAL_REDEMPTION,-100,34,2026-08-23T08:45:00+08:00
cf78f731-32bb-4a45-87e1-fb5f29ec9f48,M-1551,SESS-20260823-1693-0278,RENTAL_ACCRUAL,34,68,2026-08-23T11:45:00+08:00
b324c138-2e4f-4104-8d8d-c96496bbc335,M-1232,SESS-20260823-2460-0279,RENTAL_ACCRUAL,108,285,2026-08-24T04:55:00+08:00
49ecdee2-6e1f-41ac-a778-ef3770c16c91,M-1331,SESS-20260823-2114-0280,RENTAL_ACCRUAL,11,221,2026-08-23T16:00:00+08:00
037130e4-cba6-47e1-a00e-d08bf599cd57,M-1042,SESS-20260823-2969-0281,RENTAL_ACCRUAL,27,135,2026-08-23T16:45:00+08:00
a501152c-22c2-401f-aa97-93e0b1c0fdc0,M-1285,SESS-20260823-1061-0282,RENTAL_ACCRUAL,11,410,2026-08-23T23:45:00+08:00
33931075-08c9-4bee-827e-49d2bdb5cc6e,M-1228,SESS-20260823-5378-0283,RENTAL_ACCRUAL,18,168,2026-08-23T23:40:00+08:00
52188144-2fe2-446d-8a44-ad1f0bfeeb3f,M-2111,SESS-20260823-6561-0284,RENTAL_ACCRUAL,10,108,2026-08-23T21:40:00+08:00
072dfbd8-517b-499c-90fb-867b0bc32106,M-1469,SESS-20260823-1599-0285,RENTAL_ACCRUAL,18,477,2026-08-24T00:30:00+08:00
4cb4e892-3d8e-4ba4-883e-0acee6be3128,M-2021,SESS-20260823-5981-0286,RENTAL_REDEMPTION,-100,154,2026-08-23T20:00:00+08:00
889299dc-5129-4215-be64-5e35d87d7272,M-2021,SESS-20260823-5981-0286,RENTAL_ACCRUAL,5,159,2026-08-23T22:00:00+08:00
5eaf2b38-58cc-4f4d-a716-5d627ae33410,M-2009,SESS-20260823-4004-0287,RENTAL_ACCRUAL,10,74,2026-08-23T23:55:00+08:00
4db7ea7e-b4af-4beb-ad74-ddd348d408cc,M-2029,SESS-20260823-5897-0288,RENTAL_ACCRUAL,25,167,2026-08-23T18:45:00+08:00
2de926a7-2f70-41c2-9f07-c8c3c5c8c44b,M-2118,SESS-20260823-9210-0289,RENTAL_ACCRUAL,24,147,2026-08-24T01:00:00+08:00
5c186df1-73e0-4749-b1db-a2b70ee133e8,M-2118,TIER_UPGRADE_Standard_TO_Silver,TIER_BONUS,50,197,2026-08-24T01:00:00+08:00
852d36f0-07bc-4c1d-b80b-ee1aafc9661d,M-1041,SESS-20260823-3293-0290,RENTAL_ACCRUAL,28,806,2026-08-24T02:00:00+08:00
dfe050d1-7ea8-4304-a5fd-45876a3dcd67,M-1061,SESS-20260823-8610-0291,RENTAL_ACCRUAL,16,232,2026-08-23T18:30:00+08:00
852a450a-a21d-424b-929a-3032e04944bb,M-2175,SESS-20260823-3796-0292,RENTAL_ACCRUAL,28,428,2026-08-23T18:15:00+08:00
90f1269a-ecac-4ea0-acf4-34f9aadd3bec,M-1399,SESS-20260823-5684-0293,RENTAL_ACCRUAL,11,101,2026-08-23T20:45:00+08:00
aa402ef4-35e5-4198-866e-dc610ed2a22e,M-1963,SESS-20260823-3625-0294,RENTAL_ACCRUAL,8,114,2026-08-23T17:30:00+08:00
9ae24ae3-52fa-45a1-9593-c397597e6866,M-1868,SESS-20260823-4521-0295,RENTAL_REDEMPTION,-100,6,2026-08-23T22:00:00+08:00
1a5b814e-7223-4dc6-91fa-804dac25f9f7,M-1868,SESS-20260823-4521-0295,RENTAL_ACCRUAL,19,25,2026-08-24T01:00:00+08:00
3a37440e-e330-4839-9e34-17ed6aa1129e,M-1337,SESS-20260823-5910-0296,RENTAL_ACCRUAL,28,563,2026-08-24T02:45:00+08:00
2e8f78f9-561c-4677-9b32-f26a2b1f0986,M-1573,SESS-20260823-2089-0297,RENTAL_ACCRUAL,5,586,2026-08-23T14:20:00+08:00
bd4c5864-f068-461e-b333-795ceb162ad3,M-2128,SESS-20260823-2365-0298,RENTAL_ACCRUAL,18,400,2026-08-23T21:05:00+08:00
d24dbc6e-0e17-4623-a674-4ff8b68a4c6d,M-1147,SESS-20260823-6590-0299,RENTAL_ACCRUAL,18,103,2026-08-23T21:35:00+08:00
2a9196ef-e82f-48c4-9aaa-1eb4febe66ea,M-1207,SESS-20260823-5400-0300,RENTAL_ACCRUAL,11,311,2026-08-23T22:30:00+08:00
022a9347-ba04-4c8b-bde0-c60385a2932c,M-1148,SESS-20260823-7804-0301,RENTAL_REDEMPTION,-200,48,2026-08-23T14:45:00+08:00
1eaad9a7-7c1b-418c-ae4b-6ab81f9206c1,M-1148,SESS-20260823-7804-0301,RENTAL_ACCRUAL,32,80,2026-08-23T19:45:00+08:00
6938360b-aeff-414b-840e-4e690625d9b0,M-1652,SESS-20260823-2108-0302,RENTAL_ACCRUAL,5,38,2026-08-23T18:30:00+08:00
fcd99dd5-0b82-485c-ad54-f4755f4a22dc,M-2005,SESS-20260823-9045-0303,RENTAL_ACCRUAL,16,245,2026-08-23T18:30:00+08:00
cdd6c308-05ae-4e5f-8bea-6ec43934e60a,M-1069,SESS-20260823-6840-0304,RENTAL_ACCRUAL,28,165,2026-08-24T02:00:00+08:00
dd0b30e8-8398-4841-986a-e35f5e7d1f51,M-1069,TIER_UPGRADE_Silver_TO_Gold,TIER_BONUS,100,265,2026-08-24T02:00:00+08:00
7b33f212-e3d4-45a4-9ad8-61e11e954761,M-2059,SESS-20260823-6626-0305,RENTAL_ACCRUAL,16,101,2026-08-23T05:15:00+08:00
8a8aa840-7ddf-4263-b82c-0dd9dc5fc00a,M-2169,SESS-20260823-6720-0306,RENTAL_ACCRUAL,45,321,2026-08-24T04:45:00+08:00
a413ca1a-44b6-4d5c-a393-4997e750ce19,M-1973,SESS-20260823-3002-0307,RENTAL_REDEMPTION,-100,118,2026-08-23T22:15:00+08:00
c759c05e-8392-46fc-94d6-b819e72976e0,M-1500,SESS-20260823-6838-0308,RENTAL_REDEMPTION,-100,14,2026-08-23T21:40:00+08:00
c81b8cbe-8ead-407d-a282-d8eb7c65ce35,M-1500,SESS-20260823-6838-0308,RENTAL_ACCRUAL,21,35,2026-08-24T00:40:00+08:00
6205932c-bd7f-4118-9d5b-0b8ec0135033,M-2088,SESS-20260823-3641-0309,RENTAL_ACCRUAL,27,181,2026-08-24T00:35:00+08:00
1a952c93-b778-40ff-bed2-ab24cd732914,M-1830,SESS-20260823-1142-0310,RENTAL_ACCRUAL,18,149,2026-08-24T02:15:00+08:00
e6fc0f58-1d73-4a55-988d-122def9b051f,M-1622,SESS-20260823-6023-0311,RENTAL_ACCRUAL,11,110,2026-08-23T22:00:00+08:00
9c6f1e7a-e63b-4dad-8885-70b995ae6f01,M-1774,SESS-20260823-1961-0312,RENTAL_ACCRUAL,16,434,2026-08-23T18:00:00+08:00
87f61dc2-e7c1-4204-933a-0e12f5279b06,M-1549,SESS-20260823-8468-0313,RENTAL_ACCRUAL,16,184,2026-08-24T01:15:00+08:00
3e2f2aef-d08b-49fe-b10f-75fad295562d,M-1675,SESS-20260823-8244-0314,RENTAL_ACCRUAL,6,2239,2026-08-24T00:30:00+08:00
04aefdcb-7e3b-4200-a557-3f924509baa0,M-1289,SESS-20260823-2061-0315,RENTAL_ACCRUAL,28,247,2026-08-24T01:50:00+08:00
a2f81e5a-a469-4529-924c-8aa52ef558ff,M-1564,SESS-20260823-9241-0316,RENTAL_ACCRUAL,12,570,2026-08-24T01:00:00+08:00
b9f95b19-f57d-4576-b629-ec319cbaaab3,M-1911,SESS-20260823-3938-0317,RENTAL_REDEMPTION,-100,122,2026-08-23T22:45:00+08:00
592c8021-a36f-45a7-a9ad-879827988f7c,M-1186,SESS-20260823-2280-0318,RENTAL_ACCRUAL,5,560,2026-08-23T22:15:00+08:00
25216869-f86d-49ef-8ee5-e96bced34f1b,M-1292,SESS-20260823-7311-0319,RENTAL_ACCRUAL,18,627,2026-08-23T21:50:00+08:00
7c084460-9e37-4c75-b286-7b8948f4dcd9,M-1086,SESS-20260823-4757-0320,RENTAL_ACCRUAL,11,201,2026-08-23T23:45:00+08:00
770c07e1-2e48-4597-a9a1-361c06cbb64c,M-1654,SESS-20260823-9937-0321,RENTAL_ACCRUAL,11,224,2026-08-23T14:15:00+08:00
95707654-55dc-41ab-b3ed-e066063618a1,M-1877,SESS-20260823-6529-0322,RENTAL_ACCRUAL,10,301,2026-08-23T20:35:00+08:00
d890efbc-b7b8-4dcf-b018-9f3c02b41fd7,M-1187,SESS-20260823-1837-0323,RENTAL_ACCRUAL,5,599,2026-08-24T00:50:00+08:00
5af71e30-3be0-4f85-9202-dc527a5bdad9,M-2108,SESS-20260823-5876-0324,RENTAL_ACCRUAL,40,225,2026-08-23T19:15:00+08:00
24c5363f-6222-4e36-a15e-5800fc4d54de,M-1169,SESS-20260823-3116-0325,RENTAL_ACCRUAL,18,549,2026-08-23T20:50:00+08:00
8eccb493-3eca-4f57-b75b-32d9c37eec29,M-2000,SESS-20260823-1633-0326,RENTAL_ACCRUAL,5,454,2026-08-23T20:50:00+08:00
668a8438-237b-43ac-bfb6-e69410c12aa2,M-1646,SESS-20260823-2677-0327,RENTAL_ACCRUAL,18,193,2026-08-23T18:30:00+08:00
fb62e585-771e-41dc-8ceb-bacc84c499ba,M-1471,SESS-20260823-6608-0328,RENTAL_REDEMPTION,-200,11,2026-08-23T18:15:00+08:00
511cb026-e4d1-46b8-8132-5f244b3322db,M-1471,SESS-20260823-6608-0328,RENTAL_ACCRUAL,14,25,2026-08-23T21:15:00+08:00
3b9f3dee-1231-4065-95bd-b1899bddefce,M-1378,SESS-20260823-1036-0329,RENTAL_ACCRUAL,5,245,2026-08-23T23:00:00+08:00
8433f7c9-b546-4625-93e1-fb423215234b,M-1423,SESS-20260823-6753-0330,RENTAL_ACCRUAL,5,248,2026-08-23T23:45:00+08:00
fe7384d1-4867-4d46-8878-b168fc3c1aaa,M-1781,SESS-20260823-1238-0331,RENTAL_REDEMPTION,-100,3691,2026-08-23T20:45:00+08:00
523ad065-5f59-4fa0-b950-b16a92e60600,M-1781,SESS-20260823-1238-0331,RENTAL_ACCRUAL,4,3695,2026-08-23T22:45:00+08:00
4a0880d9-be27-45a4-bec9-b957f9834949,M-1960,SESS-20260823-6785-0332,RENTAL_ACCRUAL,27,432,2026-08-24T00:00:00+08:00
fdd0b1f9-fff0-447e-931c-c143ef2cb127,M-1685,SESS-20260823-7136-0333,RENTAL_REDEMPTION,-200,104,2026-08-23T15:55:00+08:00
33fe1d05-7a9a-4139-9ffe-dd689ab6dfd1,M-1685,SESS-20260823-7136-0333,RENTAL_ACCRUAL,15,119,2026-08-23T20:55:00+08:00
866471cc-61bf-41e1-8831-7192683244c8,M-1650,SESS-20260823-2360-0334,RENTAL_ACCRUAL,18,101,2026-08-23T23:45:00+08:00
614e6cb4-6ac4-4f0d-b96e-e54915210651,M-1426,SESS-20260823-8124-0335,RENTAL_ACCRUAL,6,1301,2026-08-24T00:55:00+08:00
817a221e-20f1-46d4-a364-183a4b60b9b8,M-1989,SESS-20260823-6614-0336,RENTAL_ACCRUAL,27,228,2026-08-24T00:05:00+08:00
cf0039b1-c220-4edf-99f6-10b16f857c25,M-2011,SESS-20260823-7249-0337,RENTAL_ACCRUAL,25,228,2026-08-24T03:20:00+08:00
ba72056a-4e03-4a1a-b308-c7cdc7537850,M-1514,SESS-20260823-3108-0338,RENTAL_ACCRUAL,16,449,2026-08-24T02:55:00+08:00
6f48abe7-6570-4ee3-a988-e54d80285bf4,M-1499,SESS-20260823-9850-0339,RENTAL_ACCRUAL,16,127,2026-08-24T02:00:00+08:00
5fac6d11-eb13-4c59-931a-d356619886f9,M-2059,SESS-20260823-1168-0340,RENTAL_REDEMPTION,-100,1,2026-08-23T23:25:00+08:00
9d69803b-bfff-482c-a600-c255f6b9eb02,M-2059,SESS-20260823-1168-0340,RENTAL_ACCRUAL,10,11,2026-08-24T02:25:00+08:00
5c39addb-5a1a-4517-90ee-f860bdfb338c,M-1485,SESS-20260823-5092-0341,RENTAL_ACCRUAL,9,45,2026-08-24T00:45:00+08:00
01ea5446-6311-4f43-a6c2-44135de07c77,M-1107,SESS-20260823-7616-0342,RENTAL_REDEMPTION,-100,95,2026-08-23T23:40:00+08:00
28154e39-dba0-41e6-96c4-e650c703e07f,M-1107,SESS-20260823-7616-0342,RENTAL_ACCRUAL,5,100,2026-08-24T01:40:00+08:00
f6298727-4327-49fa-bacf-9fdea6e7cd27,M-2123,SESS-20260823-3278-0343,RENTAL_ACCRUAL,27,331,2026-08-24T02:45:00+08:00
e91feed5-d13f-4987-98f8-40911df30476,M-1384,SESS-20260823-7075-0344,RENTAL_REDEMPTION,-300,1274,2026-08-23T22:30:00+08:00
a7b7e419-ed49-46c6-9178-b1c3af69e0ad,M-1384,SESS-20260823-7075-0344,RENTAL_ACCRUAL,7,1281,2026-08-24T03:30:00+08:00
9ecddf8a-fd70-4959-ba51-2aac898660b8,M-1653,SESS-20260823-3564-0345,RENTAL_ACCRUAL,28,296,2026-08-23T20:40:00+08:00
06c58a69-8c76-4d08-a917-305feaf114ca,M-2078,SESS-20260823-3717-0346,RENTAL_ACCRUAL,5,59,2026-08-24T00:20:00+08:00
183ec0c7-9cbd-4f6f-86f5-f0613051eafc,M-1863,SESS-20260823-3498-0347,RENTAL_ACCRUAL,45,429,2026-08-24T01:45:00+08:00
0fe4e973-de82-4651-8646-e8ffe5e1c964,M-1855,SESS-20260823-9877-0348,RENTAL_ACCRUAL,15,116,2026-08-23T04:55:00+08:00
b88049a2-fb09-4e10-9bb2-5d9c1a0c0b09,M-2097,SESS-20260823-1169-0349,RENTAL_ACCRUAL,15,97,2026-08-24T01:30:00+08:00
d0feac5f-f920-4087-b6d1-65c99622d506,M-1281,SESS-20260823-4929-0350,RENTAL_REDEMPTION,-100,279,2026-08-23T15:00:00+08:00
bdea0367-3504-424b-ae80-39e3f6ff17fe,M-1281,SESS-20260823-4929-0350,RENTAL_ACCRUAL,69,348,2026-08-23T23:00:00+08:00
1340b70c-190a-4abe-9e04-23fef57f8a30,M-1245,SESS-20260823-6593-0351,RENTAL_ACCRUAL,5,166,2026-08-23T15:45:00+08:00
78d6309d-0335-4234-a6ce-cae2bf3a9c8f,M-1325,SESS-20260823-5530-0352,RENTAL_ACCRUAL,5,120,2026-08-23T23:15:00+08:00
7249725a-28c9-4588-8055-d7ffc1361b59,M-1144,SESS-20260823-6335-0353,RENTAL_ACCRUAL,5,215,2026-08-23T22:20:00+08:00
bda97bcd-188a-45c3-893a-e8efc7b85da7,M-1778,SESS-20260823-3926-0354,RENTAL_ACCRUAL,45,152,2026-08-24T01:15:00+08:00
7cf94231-6b81-4696-9c6f-df7afce963ac,M-1309,SESS-20260823-7727-0355,RENTAL_ACCRUAL,5,163,2026-08-24T00:25:00+08:00
4c059aba-7999-462a-b870-96523b2503a1,M-2101,SESS-20260823-5966-0356,RENTAL_REDEMPTION,-200,161,2026-08-23T20:45:00+08:00
0c82dc32-8a32-49a2-83b0-88e60c4298a1,M-2101,SESS-20260823-5966-0356,RENTAL_ACCRUAL,4,165,2026-08-23T23:45:00+08:00
fc226ffe-d0de-4f0d-ad83-6f39556033b7,M-1314,SESS-20260823-2022-0357,RENTAL_ACCRUAL,11,447,2026-08-24T00:00:00+08:00
530b4e71-2958-40da-b15b-9326221cc905,M-1619,SESS-20260823-3378-0358,RENTAL_ACCRUAL,18,381,2026-08-24T01:05:00+08:00
560bd63e-e040-443a-ba6f-bd4875a8da34,M-1351,SESS-20260823-2238-0359,RENTAL_ACCRUAL,27,170,2026-08-24T02:55:00+08:00
8bd11304-258a-45b6-be54-a5b1cd3275a3,M-1947,SESS-20260823-8734-0360,RENTAL_ACCRUAL,16,304,2026-08-23T23:15:00+08:00
2f665434-7b76-4ec6-8c57-17a98358f028,M-1196,SESS-20260823-8947-0361,RENTAL_ACCRUAL,30,88,2026-08-24T02:00:00+08:00
98055dae-f4f9-4571-a9a2-10375edbc029,M-1411,SESS-20260823-5385-0362,RENTAL_ACCRUAL,18,588,2026-08-24T00:10:00+08:00
ef7b27aa-ae4e-4409-9fc1-28a8b4377b56,M-1614,SESS-20260823-4525-0363,RENTAL_ACCRUAL,28,649,2026-08-23T21:15:00+08:00
3ec90717-df82-48db-9292-a549ac6579c7,M-2050,SESS-20260823-3103-0364,RENTAL_REDEMPTION,-100,210,2026-08-23T20:45:00+08:00
9962f860-5341-4537-a50f-2a5f48263238,M-2050,SESS-20260823-3103-0364,RENTAL_ACCRUAL,21,231,2026-08-24T01:45:00+08:00
12d865e6-1203-43a6-8767-858e729aef6f,M-1410,SESS-20260823-6298-0365,RENTAL_ACCRUAL,9,557,2026-08-23T22:20:00+08:00
f6af0bb9-a51e-4d15-9481-73f11c18cd05,M-1836,SESS-20260823-2663-0366,RENTAL_REDEMPTION,-300,393,2026-08-23T16:15:00+08:00
abdb4de1-fcac-495c-974d-be1c57435999,M-1836,SESS-20260823-2663-0366,RENTAL_ACCRUAL,8,401,2026-08-23T19:15:00+08:00
4cb97d17-805d-4d34-9f7e-2502cd5810c3,M-1912,SESS-20260823-8418-0367,RENTAL_ACCRUAL,27,407,2026-08-24T02:45:00+08:00
6a9df6d5-479f-417a-9439-8b54bd83a348,M-1430,SESS-20260823-7587-0368,RENTAL_REDEMPTION,-100,1395,2026-08-23T22:00:00+08:00
0d6e2d13-86a2-4f1d-9575-ca6d698dad8a,M-1430,SESS-20260823-7587-0368,RENTAL_ACCRUAL,4,1399,2026-08-24T00:00:00+08:00
8684bb0d-013b-4059-9b7e-6d3b2295286d,M-1100,SESS-20260823-7122-0369,RENTAL_ACCRUAL,18,101,2026-08-24T01:50:00+08:00
db688c72-6094-4927-a177-037787e8da01,M-1684,SESS-20260823-3100-0370,RENTAL_ACCRUAL,27,752,2026-08-24T00:15:00+08:00
0d14d350-aa51-436b-8a9e-3273f661375a,M-1790,SESS-20260823-9204-0371,RENTAL_ACCRUAL,45,342,2026-08-24T03:35:00+08:00
649b8d81-0872-49ce-b64d-2ab129d5397d,M-1539,SESS-20260823-5631-0372,RENTAL_ACCRUAL,12,1360,2026-08-23T23:00:00+08:00
59c40cf4-ecd1-4554-8181-afe56d9562a1,M-1242,SESS-20260823-5091-0373,RENTAL_ACCRUAL,18,64,2026-08-23T21:30:00+08:00
dc81d57a-be65-49c0-bc59-48752f9d5bf9,M-1136,SESS-20260823-8287-0374,RENTAL_ACCRUAL,9,102,2026-08-23T20:35:00+08:00
2a77d3d5-8b46-442e-ae2d-71253493c412,M-1184,SESS-20260823-4370-0375,RENTAL_ACCRUAL,18,566,2026-08-23T17:15:00+08:00
e3b87c81-9e16-4d0c-9b1c-31ed7b280c9a,M-1749,SESS-20260823-4795-0376,RENTAL_ACCRUAL,11,193,2026-08-23T19:35:00+08:00
5a204476-80f1-4ac7-81e9-c77b9f33e91d,M-2070,SESS-20260823-7486-0377,RENTAL_ACCRUAL,11,157,2026-08-24T00:30:00+08:00
49236ce8-ba00-4487-b3f7-3df473139900,M-1336,SESS-20260823-6861-0378,RENTAL_ACCRUAL,9,635,2026-08-23T13:45:00+08:00
796bf7d4-1d49-4766-9371-cdce03316fd2,M-2027,SESS-20260823-8535-0379,RENTAL_ACCRUAL,28,258,2026-08-24T04:55:00+08:00
043f80a9-12c1-44aa-b81a-361e1a00c555,M-1818,SESS-20260823-3043-0380,RENTAL_ACCRUAL,11,516,2026-08-24T01:30:00+08:00
2695599e-8e48-43ae-8515-b4d7378dda69,M-1920,SESS-20260823-1448-0381,RENTAL_ACCRUAL,15,63,2026-08-24T02:30:00+08:00
be6de027-c897-4135-b6df-21eb4d3881dc,M-2013,SESS-20260823-3929-0382,RENTAL_ACCRUAL,16,202,2026-08-23T23:30:00+08:00
46cfe20b-82eb-4373-95b4-d4cd01685139,M-1879,SESS-20260823-2495-0383,RENTAL_ACCRUAL,25,132,2026-08-23T19:30:00+08:00
0cb0f6c3-2d06-4459-8db1-1a67dec3a572,M-1449,SESS-20260823-4705-0384,RENTAL_REDEMPTION,-100,61,2026-08-23T13:30:00+08:00
8d82a99b-2323-4ccd-8e61-b4e55a19cb54,M-1449,SESS-20260823-4705-0384,RENTAL_ACCRUAL,11,72,2026-08-23T15:30:00+08:00
c785efa0-5574-4a2a-913c-038a6c428edd,M-1738,SESS-20260823-8592-0385,RENTAL_ACCRUAL,72,211,2026-08-24T04:40:00+08:00
03c00503-1dad-463b-81f8-44a91f3c8147,M-1948,SESS-20260823-8626-0386,RENTAL_ACCRUAL,5,340,2026-08-24T00:50:00+08:00
d49f4de8-37cd-4576-9152-925a23abd9a2,M-1835,SESS-20260823-4825-0387,RENTAL_ACCRUAL,11,151,2026-08-24T00:00:00+08:00
900bfa01-dd80-435e-8c45-75c279dc141b,M-1520,SESS-20260823-4982-0388,RENTAL_REDEMPTION,-100,967,2026-08-23T19:40:00+08:00
cf39c278-897c-4ec4-aa30-cda6d4748822,M-1520,SESS-20260823-4982-0388,RENTAL_ACCRUAL,10,977,2026-08-23T22:40:00+08:00
345ac517-fa0c-428f-bcca-1a6af84563c9,M-1532,SESS-20260823-2780-0389,RENTAL_REDEMPTION,-100,94,2026-08-23T16:45:00+08:00
4fd32b54-a563-4620-9e5d-e52e5256db69,M-1532,SESS-20260823-2780-0389,RENTAL_ACCRUAL,10,104,2026-08-23T19:45:00+08:00
b3f6bc0b-a0b9-4c08-8b47-2ca5def27e2b,M-1705,SESS-20260823-8537-0390,RENTAL_REDEMPTION,-100,207,2026-08-23T17:15:00+08:00
fe48235e-eb95-4330-90dd-e34b22bbc364,M-1705,SESS-20260823-8537-0390,RENTAL_ACCRUAL,2,209,2026-08-23T18:15:00+08:00
4021e0b0-81f8-4c33-a1ba-e43f178987b6,M-1216,SESS-20260823-6209-0391,RENTAL_ACCRUAL,12,601,2026-08-23T23:45:00+08:00
8fae066f-8ac7-47f9-8e19-5de3a94b955f,M-1895,SESS-20260823-2394-0392,RENTAL_ACCRUAL,11,34,2026-08-24T00:15:00+08:00
64ef6d25-a959-445d-9e49-c7a2e160f895,M-1516,SESS-20260823-7773-0393,RENTAL_ACCRUAL,28,526,2026-08-23T20:45:00+08:00
6daf43e3-33cb-4f09-8bcb-2933e9d007e7,M-1278,SESS-20260823-8457-0394,RENTAL_REDEMPTION,-100,91,2026-08-23T19:50:00+08:00
35ea93ad-0928-47e9-b2fc-a4578c9043e8,M-1278,SESS-20260823-8457-0394,RENTAL_ACCRUAL,4,95,2026-08-23T21:50:00+08:00
81421076-aaea-4e7d-921f-ab18ada2a0f8,M-1118,SESS-20260823-2417-0395,RENTAL_ACCRUAL,16,207,2026-08-23T21:15:00+08:00
5ddea14a-95a0-4028-b0b3-898bc50a44c4,M-1901,SESS-20260823-3903-0396,RENTAL_REDEMPTION,-100,36,2026-08-23T18:30:00+08:00
a3c27aaa-1077-4d13-8489-503640142e90,M-1901,SESS-20260823-3903-0396,RENTAL_ACCRUAL,11,47,2026-08-23T20:30:00+08:00
66259b27-aa89-4339-8564-56dd9089db53,M-1871,SESS-20260823-6670-0397,RENTAL_ACCRUAL,24,158,2026-08-23T19:00:00+08:00
b99325c7-2711-4321-831a-49e598d8c8de,M-1078,SESS-20260823-8184-0398,RENTAL_ACCRUAL,6,531,2026-08-23T21:45:00+08:00
bcd4deab-1af8-473a-a4d9-b91bab07a0bb,M-2182,SESS-20260823-4406-0399,RENTAL_ACCRUAL,16,199,2026-08-23T19:35:00+08:00
8aeb5ab5-7086-4d5b-8020-d9193384f44c,M-1369,SESS-20260823-4383-0400,RENTAL_ACCRUAL,16,619,2026-08-24T00:00:00+08:00
454a27f1-4b33-4287-bb6a-9f2088218432,M-1902,SESS-20260823-5788-0401,RENTAL_ACCRUAL,5,89,2026-08-23T20:45:00+08:00
35f8e849-97bb-480c-ae2b-29357ed4274e,M-1728,SESS-20260823-9728-0402,RENTAL_REDEMPTION,-100,301,2026-08-23T22:00:00+08:00
12859b36-45b6-4254-a836-73910d20a13d,M-1728,SESS-20260823-9728-0402,RENTAL_ACCRUAL,22,323,2026-08-24T03:00:00+08:00
446fe707-3358-4d6a-833e-87a181a2c627,M-1151,SESS-20260823-8882-0403,RENTAL_ACCRUAL,72,181,2026-08-24T03:40:00+08:00
fba2d77c-bdf5-4c21-a3ad-ba511b189993,M-1484,SESS-20260823-2125-0404,RENTAL_ACCRUAL,11,481,2026-08-24T01:55:00+08:00
2a584c2b-579c-4340-b66e-f4746e38af25,M-1240,SESS-20260823-4757-0405,RENTAL_ACCRUAL,6,347,2026-08-23T21:55:00+08:00
58a2963c-93f9-4f17-bf51-65ee582ad63d,M-1715,SESS-20260823-8567-0406,RENTAL_ACCRUAL,45,275,2026-08-24T00:15:00+08:00
3952bd61-d497-4762-bd4b-722979320f65,M-2196,SESS-20260823-3461-0407,RENTAL_ACCRUAL,18,296,2026-08-23T21:25:00+08:00
2d199ac0-4cb5-4405-a9dc-e59c056b8531,M-1443,SESS-20260823-1053-0408,RENTAL_REDEMPTION,-400,1,2026-08-23T18:25:00+08:00
973d4919-971d-4204-99d8-bde0931a4682,M-1443,SESS-20260823-1053-0408,RENTAL_ACCRUAL,18,19,2026-08-23T23:25:00+08:00
1d06a744-08f5-41a3-a11c-7c1643224efa,M-1108,SESS-20260823-7779-0409,RENTAL_ACCRUAL,48,265,2026-08-24T04:30:00+08:00
a7afda54-aceb-4ce9-a121-b0eaa1d1dd15,M-1017,SESS-20260823-8804-0410,RENTAL_REDEMPTION,-100,331,2026-08-23T23:50:00+08:00
0bade0c1-44a1-4d81-903e-5a05ba08894e,M-1017,SESS-20260823-8804-0410,RENTAL_ACCRUAL,2,333,2026-08-24T00:50:00+08:00
ca7ed86f-170f-45e5-b79f-2fb160b468e2,M-1407,SESS-20260823-3977-0411,RENTAL_REDEMPTION,-100,168,2026-08-23T19:30:00+08:00
11352b74-111b-4a4d-860d-0de1ca1d15d8,M-1407,SESS-20260823-3977-0411,RENTAL_ACCRUAL,5,173,2026-08-23T21:30:00+08:00
98d746f1-987d-4a2f-b18d-3c5f49336417,M-1373,SESS-20260823-8776-0412,RENTAL_ACCRUAL,11,245,2026-08-23T23:05:00+08:00
c22665ea-f50a-4991-9cc7-25bdd28ba169,M-1339,SESS-20260823-3420-0413,RENTAL_ACCRUAL,16,233,2026-08-24T01:05:00+08:00
b81158de-1717-4708-8e2d-9f4adef88092,M-1058,SESS-20260823-2885-0414,RENTAL_ACCRUAL,5,162,2026-08-23T22:50:00+08:00
0bdb8ac6-453d-4494-9ab4-47942cdf492b,M-1341,SESS-20260823-8953-0415,RENTAL_ACCRUAL,72,420,2026-08-24T03:05:00+08:00
e5f2e65f-5998-45e7-8f75-865fefb5b54b,M-1154,SESS-20260823-2660-0416,RENTAL_REDEMPTION,-400,24,2026-08-23T21:30:00+08:00
8f636aab-c207-4c9c-b1ba-0965c04df2c0,M-1154,SESS-20260823-2660-0416,RENTAL_ACCRUAL,2,26,2026-08-24T00:30:00+08:00
57622dbd-b5c4-46e1-91b7-8531665c8416,M-1903,SESS-20260823-6207-0417,RENTAL_ACCRUAL,25,69,2026-08-24T02:40:00+08:00
02d9b142-ad8c-4c38-8795-5f3e4f4723aa,M-1645,SESS-20260823-1597-0418,RENTAL_ACCRUAL,5,672,2026-08-23T21:55:00+08:00
a395e7be-3910-4565-8232-be549b7e5317,M-1545,SESS-20260823-8056-0419,RENTAL_REDEMPTION,-400,14,2026-08-23T20:00:00+08:00
2271f8ff-86d2-4a13-990f-0ecafa5baffc,M-1545,SESS-20260823-8056-0419,RENTAL_ACCRUAL,2,16,2026-08-23T23:00:00+08:00
aaa20e10-0787-4f56-b535-23c70b602df4,M-1149,SESS-20260823-7936-0420,RENTAL_ACCRUAL,11,339,2026-08-24T01:15:00+08:00
ebc2edc3-5ce9-4bfa-b79d-1b64655cbfd5,M-1552,SESS-20260823-2286-0421,RENTAL_ACCRUAL,18,152,2026-08-24T01:35:00+08:00
fa3c8f46-9bb8-464c-8268-d49925ed369d,M-1735,SESS-20260823-9877-0422,RENTAL_ACCRUAL,16,511,2026-08-23T22:00:00+08:00
b9d9cce1-8604-47ce-a4c1-cc5ae724c5fb,M-1724,SESS-20260823-2411-0423,RENTAL_ACCRUAL,16,126,2026-08-24T00:15:00+08:00
c4c303ba-9b9a-49ca-bb7e-e1012c64ad3e,M-1706,SESS-20260823-5196-0424,RENTAL_REDEMPTION,-200,18,2026-08-23T17:00:00+08:00
500eed85-3d27-43e6-bfbe-05b935f793c6,M-1706,SESS-20260823-5196-0424,RENTAL_ACCRUAL,57,75,2026-08-23T22:00:00+08:00
c88e1bc2-5300-4d4c-bf28-b0bddccf7b6e,M-1280,SESS-20260823-9427-0425,RENTAL_REDEMPTION,-100,310,2026-08-23T22:00:00+08:00
f4debb92-f063-4a3c-9507-ac1cd2de3024,M-1280,SESS-20260823-9427-0425,RENTAL_ACCRUAL,11,321,2026-08-24T00:00:00+08:00
0e4864f0-d838-46d4-9a4e-5006ebd6812c,M-1940,SESS-20260823-9312-0426,RENTAL_ACCRUAL,67,180,2026-08-23T13:15:00+08:00
55cd9983-196e-4f3b-bd5b-7ee0046710a3,M-2176,SESS-20260823-8339-0427,RENTAL_ACCRUAL,13,113,2026-08-23T14:30:00+08:00
2d8785d1-2b83-4957-bef0-d7bf4ec6be14,M-2100,SESS-20260823-3465-0428,RENTAL_ACCRUAL,40,238,2026-08-24T02:15:00+08:00
b12a0878-a23e-4c63-89a0-26b12f191423,M-1556,SESS-20260823-6334-0429,RENTAL_ACCRUAL,28,586,2026-08-24T04:30:00+08:00
33e31651-933a-41aa-bb69-94742058c05f,M-1023,SESS-20260823-1325-0430,RENTAL_ACCRUAL,28,188,2026-08-24T04:55:00+08:00
e15cd85b-b0fd-4bbc-b808-e9d9c48f79d2,M-1791,SESS-20260823-2839-0431,RENTAL_ACCRUAL,9,103,2026-08-23T22:40:00+08:00
98a4edcb-7136-4338-a10f-afaf03a41388,M-1062,SESS-20260823-4480-0432,RENTAL_ACCRUAL,9,441,2026-08-23T20:00:00+08:00
9194e619-d5c6-4900-90cc-2e84756d59a3,M-1265,SESS-20260823-4603-0433,RENTAL_ACCRUAL,19,335,2026-08-24T01:15:00+08:00
3e83caa2-bf85-4a2c-9fe2-c421612807dc,M-1956,SESS-20260823-6136-0434,RENTAL_REDEMPTION,-100,205,2026-08-23T23:00:00+08:00
9d0fa98b-c3c8-48f9-b8b6-18107516ab4e,M-1956,SESS-20260823-6136-0434,RENTAL_ACCRUAL,5,210,2026-08-24T01:00:00+08:00
a0fb5227-d286-45ee-b73f-7f1810b95dcf,M-1431,SESS-20260823-2371-0435,RENTAL_ACCRUAL,108,830,2026-08-24T06:05:00+08:00
26d0f761-7031-42c9-86f4-a0e013ec4235,M-1985,SESS-20260823-6982-0436,RENTAL_ACCRUAL,25,80,2026-08-24T04:55:00+08:00
c10a8c8c-2388-4207-9c19-a0c0fd4e9ec2,M-1077,SESS-20260823-8334-0437,RENTAL_REDEMPTION,-100,700,2026-08-23T18:15:00+08:00
dddfeaa0-450f-41c4-b100-a8cbcdebc4fe,M-1077,SESS-20260823-8334-0437,RENTAL_ACCRUAL,5,705,2026-08-23T20:15:00+08:00
5a6cc19c-9fda-4bc9-89d9-263555c67509,M-1188,SESS-20260823-2463-0438,RENTAL_ACCRUAL,72,156,2026-08-23T19:40:00+08:00
a7ea9333-c39e-48d7-b0f2-6e682b529e09,M-1942,SESS-20260823-9815-0439,RENTAL_ACCRUAL,28,266,2026-08-24T04:15:00+08:00
4b2459ff-a803-44e7-98db-5a5cb0917d54,M-2176,SESS-20260823-7083-0440,RENTAL_ACCRUAL,11,124,2026-08-24T01:55:00+08:00
2f2b0aea-fdac-4fef-8bfe-d4de5a130e25,M-1857,SESS-20260823-4363-0441,RENTAL_REDEMPTION,-100,4,2026-08-23T22:50:00+08:00
c588ffcf-7968-468a-bc1b-bd8c94194763,M-1857,SESS-20260823-4363-0441,RENTAL_ACCRUAL,5,9,2026-08-24T00:50:00+08:00
64c8566c-8fa1-4e72-b12e-2dfc9b3fdfca,M-1258,SESS-20260823-8258-0442,RENTAL_ACCRUAL,6,726,2026-08-23T23:05:00+08:00
30a4fb88-c8e4-416f-86c9-0025cfd7e110,M-1928,SESS-20260823-9732-0443,RENTAL_ACCRUAL,5,124,2026-08-23T23:15:00+08:00
399745be-580b-4200-8b7f-35fc2e72b12d,M-1209,SESS-20260823-1013-0444,RENTAL_ACCRUAL,19,421,2026-08-23T22:10:00+08:00
e6385895-befd-4171-b958-d7e59321560d,M-1995,SESS-20260823-4030-0445,RENTAL_ACCRUAL,5,265,2026-08-24T00:30:00+08:00
9a9c832b-bf53-4f09-8887-0810f9a1af62,M-1899,SESS-20260823-5362-0446,RENTAL_ACCRUAL,60,123,2026-08-24T00:45:00+08:00
7656e106-704b-4b2e-b843-56bf34e4e19c,M-2128,SESS-20260823-2659-0447,RENTAL_ACCRUAL,5,405,2026-08-24T00:20:00+08:00
a30168bc-282c-4a11-a291-64069331ebc5,M-2020,SESS-20260823-8313-0448,RENTAL_ACCRUAL,9,383,2026-08-24T00:10:00+08:00
c7188366-340e-4147-8682-00a078b46b22,M-1970,SESS-20260823-5506-0449,RENTAL_ACCRUAL,10,235,2026-08-23T23:30:00+08:00
d10502d6-52ba-40ed-a899-f1923a1e7fe4,M-1970,TIER_UPGRADE_Standard_TO_Silver,TIER_BONUS,50,285,2026-08-23T23:30:00+08:00
850ee29c-b753-4c40-9c9c-77fa91bd82be,M-1727,SESS-20260823-5775-0450,RENTAL_REDEMPTION,-100,219,2026-08-23T22:25:00+08:00
231eaf3f-cd6b-4789-9f62-c9c9a816cda8,M-1727,SESS-20260823-5775-0450,RENTAL_ACCRUAL,20,239,2026-08-24T01:25:00+08:00
6fd002f3-fe6b-4aed-bc64-623bbc1e1d33,M-1266,SESS-20260823-3756-0451,RENTAL_ACCRUAL,27,220,2026-08-23T08:45:00+08:00
a51b8ce9-c292-4db0-980d-4479838f9727,M-1572,SESS-20260823-4790-0452,RENTAL_ACCRUAL,5,402,2026-08-23T21:20:00+08:00
62386610-aa54-447b-9dd7-2c2e037d486a,M-1137,SESS-20260823-8549-0453,RENTAL_ACCRUAL,11,43,2026-08-24T01:45:00+08:00
b017b463-ee83-4ad3-9e63-fa2f52503092,M-1145,SESS-20260823-1204-0454,RENTAL_ACCRUAL,12,232,2026-08-24T00:10:00+08:00
b67d6210-cfae-445e-8fc4-7eaaa07d8255,M-1991,SESS-20260823-5025-0455,RENTAL_ACCRUAL,16,124,2026-08-24T00:45:00+08:00
516efa73-4335-4883-9aef-fa6f182ae8f3,M-1723,SESS-20260823-9031-0456,RENTAL_ACCRUAL,11,744,2026-08-24T00:00:00+08:00
2bb99d49-5c6f-4303-b0fd-92b32aa46387,M-1115,SESS-20260823-3866-0457,RENTAL_ACCRUAL,27,187,2026-08-23T18:00:00+08:00
4da9e133-cdea-4a0b-b8dc-84aba74cb912,M-1882,SESS-20260823-1320-0458,RENTAL_ACCRUAL,40,251,2026-08-23T21:10:00+08:00
868a91ac-f95b-4976-bb92-3f1697480332,M-2010,SESS-20260823-5949-0459,RENTAL_ACCRUAL,12,111,2026-08-23T22:15:00+08:00
29176f3c-cc79-46d6-b36b-472888f9b437,M-1678,SESS-20260823-2645-0460,RENTAL_REDEMPTION,-100,2,2026-08-23T22:55:00+08:00
ba9de4dd-933c-45a4-a79f-adfc4515bb80,M-1678,SESS-20260823-2645-0460,RENTAL_ACCRUAL,21,23,2026-08-24T01:55:00+08:00
466edfbf-0af2-4a0c-81d1-bc323017cf31,M-1958,SESS-20260823-9631-0461,RENTAL_ACCRUAL,24,214,2026-08-24T00:30:00+08:00
24559097-e024-4d7d-a70d-38c55277f3db,M-1684,ORD-20260823-7044-0001,CONCESSION_ACCRUAL,20,772,2026-08-23T22:02:10+08:00
540fac0c-6ed3-4366-86e5-a4ee376a0e00,M-1650,ORD-20260823-7677-0002,CONCESSION_ACCRUAL,16,117,2026-08-23T23:35:01+08:00
eefbde48-f9dd-4771-94d8-d06e6d542f1f,M-1857,ORD-20260824-5379-0003,CONCESSION_ACCRUAL,9,18,2026-08-24T00:38:57+08:00
a8dbe918-2411-479c-ae1a-1074c4484759,M-1877,ORD-20260823-6666-0004,CONCESSION_ACCRUAL,18,319,2026-08-23T18:59:12+08:00
a951b286-1480-4396-a2a4-c2e8aff97c7a,M-1877,TIER_UPGRADE_Standard_TO_Silver,TIER_BONUS,50,369,2026-08-23T18:59:12+08:00
3a43014b-7ac6-43c6-82a0-5e632de43219,M-1186,ORD-20260823-3150-0005,CONCESSION_ACCRUAL,10,570,2026-08-23T22:13:26+08:00
c98f4e15-c23f-42f7-b4ff-ad472a7ecb66,M-2171,ORD-20260823-6367-0006,CONCESSION_ACCRUAL,8,119,2026-08-23T22:23:48+08:00
28d6d5d0-2510-40dd-92b6-3dbde8c838be,M-1633,ORD-20260823-3508-0007,CONCESSION_ACCRUAL,7,116,2026-08-23T11:55:17+08:00
ac470fd8-3813-43a7-b1db-1f0938fb8aeb,M-1727,ORD-20260823-7225-0008,CONCESSION_ACCRUAL,8,247,2026-08-23T19:27:31+08:00
d5eccd65-7ab5-48e0-bc09-b97eb99347fe,M-1407,ORD-20260823-9255-0009,CONCESSION_ACCRUAL,10,183,2026-08-23T21:13:16+08:00
cdf86c63-2d41-4988-99a2-632c27411ce3,M-2088,ORD-20260824-5251-0010,CONCESSION_ACCRUAL,15,196,2026-08-24T00:00:46+08:00
02bb8f62-4079-4e5f-8802-c5a18de4ed25,M-1887,ORD-20260823-3015-0011,CONCESSION_ACCRUAL,8,107,2026-08-23T22:35:14+08:00
6e33b684-1550-4e1b-84e9-9e75fc50f789,M-1551,ORD-20260823-2041-0012,CONCESSION_ACCRUAL,18,86,2026-08-23T11:16:09+08:00
61f7dbed-64cc-4d0b-a42d-9fdd42ab2fe5,M-1161,ORD-20260823-2471-0013,CONCESSION_ACCRUAL,10,678,2026-08-23T11:48:20+08:00
4818966d-6ecf-497b-81d7-0e2021130963,M-1178,ORD-20260823-6706-0014,CONCESSION_ACCRUAL,15,307,2026-08-23T22:08:09+08:00
fe395c36-3bff-429a-8384-2c121eb4fcb0,M-1062,ORD-20260823-8544-0015,CONCESSION_ACCRUAL,26,467,2026-08-23T19:46:32+08:00
fd2ffb4b-e4cb-459b-8f52-30277f3f47e4,M-2100,ORD-20260823-6313-0016,CONCESSION_ACCRUAL,10,248,2026-08-23T19:19:32+08:00
346dad64-6c96-4201-be2e-b79934acbe2b,M-1033,ORD-20260824-8499-0017,CONCESSION_ACCRUAL,26,118,2026-08-24T00:28:26+08:00
10fcbf91-2e52-4643-b2c5-fbb124be298f,M-2176,ORD-20260823-9360-0018,CONCESSION_ACCRUAL,15,139,2026-08-23T14:00:18+08:00
b5914190-59c9-4868-8b6c-0cc9a624639d,M-1204,ORD-20260823-5118-0019,CONCESSION_ACCRUAL,15,190,2026-08-23T22:28:44+08:00
eccfc3a1-7cb2-411b-9236-c7d0ffae93e6,M-1204,TIER_UPGRADE_Silver_TO_Gold,TIER_BONUS,100,290,2026-08-23T22:28:44+08:00
8c0948ab-d46c-466a-94c6-87a764ee659d,M-1920,ORD-20260824-4085-0020,CONCESSION_ACCRUAL,17,80,2026-08-24T00:22:49+08:00
214e2d46-8373-458d-ad3f-a4f032628bca,M-1730,ORD-20260824-1776-0021,CONCESSION_ACCRUAL,26,302,2026-08-24T00:09:18+08:00
b26f48b3-abbf-4b23-9e65-0c889f235fb7,M-1942,ORD-20260824-2586-0022,CONCESSION_ACCRUAL,16,282,2026-08-24T01:54:59+08:00
fae9384f-7400-47d2-8fa4-a8eee15ab7a3,M-1314,ORD-20260823-4164-0023,CONCESSION_ACCRUAL,26,473,2026-08-23T22:25:52+08:00
b812ed3d-72b8-41e8-88f6-2386d73f4241,M-1529,ORD-20260823-4807-0024,CONCESSION_ACCRUAL,15,87,2026-08-23T22:58:21+08:00
945146ba-a03e-450b-9c43-baec6f37539b,M-1984,ORD-20260823-5010-0025,CONCESSION_ACCRUAL,8,148,2026-08-23T15:23:51+08:00
42eb386a-509d-401d-9f31-0c548a8e2524,M-1183,ORD-20260823-4306-0026,CONCESSION_ACCRUAL,37,514,2026-08-23T19:32:10+08:00
5a3d280c-47bb-4777-b8f3-5afdda1f6149,M-1265,ORD-20260823-1485-0027,CONCESSION_ACCRUAL,13,348,2026-08-23T23:52:37+08:00
fc5fafe9-9f11-4106-9788-b5a80836468b,M-1356,ORD-20260823-7309-0028,CONCESSION_ACCRUAL,22,947,2026-08-23T06:02:25+08:00
eb647ada-748c-47f8-bf8d-3c5c619262eb,M-2011,ORD-20260823-6632-0029,CONCESSION_ACCRUAL,9,237,2026-08-23T22:48:26+08:00
838bb155-9364-4b18-a19c-0ab5081b7a5b,M-1576,ORD-20260823-8096-0030,CONCESSION_ACCRUAL,27,1113,2026-08-23T23:57:03+08:00
7cf4fbe8-53cf-43ea-9346-de0a5c57896d,M-1449,ORD-20260823-9251-0031,CONCESSION_ACCRUAL,3,75,2026-08-23T15:24:38+08:00
01ee9b87-5b15-4720-adf0-c924c871f088,M-2128,ORD-20260823-9091-0032,CONCESSION_ACCRUAL,11,416,2026-08-23T23:56:47+08:00
ed67ffe2-f72b-4657-9bac-5aaeea507209,M-1056,ORD-20260824-3705-0033,CONCESSION_ACCRUAL,30,218,2026-08-24T02:20:31+08:00
ea0f6df3-3d4e-4484-afe1-6e138b5494eb,M-2108,ORD-20260823-7072-0034,CONCESSION_ACCRUAL,6,231,2026-08-23T17:23:40+08:00
4ef12b5c-273d-4ba4-9714-59177ddb8699,M-1815,ORD-20260823-1566-0035,CONCESSION_ACCRUAL,8,161,2026-08-23T19:14:05+08:00
9070f161-c544-46ae-af4f-61d315423ba0,M-2011,ORD-20260823-8246-0036,CONCESSION_ACCRUAL,7,244,2026-08-23T18:14:48+08:00
2e650d1a-d3fc-4aa8-937a-6687a01e5e55,M-2175,ORD-20260823-6602-0037,CONCESSION_ACCRUAL,31,459,2026-08-23T18:04:15+08:00
4b5d4861-4416-4744-b366-c7e584acc7e8,M-1770,ORD-20260823-7525-0038,CONCESSION_ACCRUAL,4,233,2026-08-23T23:43:34+08:00
b79c51ae-0fb4-4968-9d64-3e3207b60ba6,M-1573,ORD-20260823-6104-0039,CONCESSION_ACCRUAL,3,589,2026-08-23T13:54:56+08:00
d1b4ee17-c0fc-4e2c-afb6-5f7050c8a1da,M-1452,ORD-20260823-4282-0040,CONCESSION_ACCRUAL,26,190,2026-08-23T23:00:48+08:00
8dcb673b-5f87-4396-8b58-6ba8251bffe7,M-1286,ORD-20260823-6496-0041,CONCESSION_ACCRUAL,15,212,2026-08-23T21:29:51+08:00
dc12a903-289a-4503-ad6e-893815a24e54,M-1248,ORD-20260823-6282-0042,CONCESSION_ACCRUAL,25,123,2026-08-23T17:26:29+08:00
9a5aca9f-39c1-435f-a5e3-a550633a8b32,M-2153,ORD-20260823-8611-0043,CONCESSION_ACCRUAL,33,182,2026-08-23T20:33:20+08:00
b566d2f2-a659-4a9c-8660-d975640502d9,M-1035,ORD-20260823-6589-0044,CONCESSION_ACCRUAL,26,328,2026-08-23T23:44:31+08:00
90d8028e-f1fa-49e1-9de2-885073bdad6b,M-1169,ORD-20260823-5329-0045,CONCESSION_ACCRUAL,10,559,2026-08-23T19:24:34+08:00
d14e9cf9-0a9b-4001-90b6-4c22428fc303,M-2128,ORD-20260823-1156-0046,CONCESSION_ACCRUAL,29,445,2026-08-23T21:01:23+08:00
4d1e1ebb-9617-47b5-932a-74d700f38a59,M-2081,ORD-20260823-5317-0047,CONCESSION_ACCRUAL,12,58,2026-08-23T15:07:28+08:00
9f58e5a7-7860-4cc4-95ab-370ec263f1b6,M-1578,ORD-20260823-2656-0048,CONCESSION_ACCRUAL,14,309,2026-08-23T22:31:40+08:00
8b4c6ffa-41ae-44c8-a7f9-b9142e5c4d77,M-2100,ORD-20260824-5194-0049,CONCESSION_ACCRUAL,16,264,2026-08-24T01:33:48+08:00
90bbaa69-6276-4ddc-9632-bf3ac54503d4,M-1439,ORD-20260823-5501-0050,CONCESSION_ACCRUAL,33,192,2026-08-23T16:24:23+08:00
d949d26c-5952-47b0-9936-d99036a736eb,M-1641,ORD-20260823-4052-0051,CONCESSION_ACCRUAL,16,304,2026-08-23T23:46:14+08:00
20432315-496a-457f-a9bb-a8993970b599,M-1154,ORD-20260823-1974-0052,CONCESSION_ACCRUAL,11,37,2026-08-23T23:39:11+08:00
ee70c3b7-dea1-499b-bc6a-93c803497498,M-1850,ORD-20260823-2069-0053,CONCESSION_ACCRUAL,25,235,2026-08-23T15:59:25+08:00
e794daec-081c-46a3-a7f7-af0fe2a4422f,M-2111,ORD-20260823-1945-0054,CONCESSION_ACCRUAL,3,111,2026-08-23T21:15:19+08:00
02eea41a-eacb-4784-a1d5-a8b5b94c4715,M-1057,ORD-20260823-8213-0055,CONCESSION_ACCRUAL,33,346,2026-08-23T20:55:55+08:00
e7bb6114-8730-436a-9aca-1c7c5f9d07a5,M-1683,ORD-20260823-3118-0056,CONCESSION_ACCRUAL,18,933,2026-08-23T21:05:22+08:00
c60b6796-a9b1-42c0-80a8-971a6bca7cf7,M-1335,ORD-20260823-7956-0057,CONCESSION_ACCRUAL,15,428,2026-08-23T18:07:18+08:00
2a405adf-ceb7-4373-bbd4-92a689c16b52,M-1778,ORD-20260823-6383-0058,CONCESSION_ACCRUAL,8,160,2026-08-23T17:44:16+08:00
1ef1059b-3c54-4b37-893b-cb64913e668b,M-1085,ORD-20260823-2284-0059,CONCESSION_ACCRUAL,21,202,2026-08-23T23:12:23+08:00
d8ca883b-d063-4eac-b163-51c806227dee,M-1322,ORD-20260823-8608-0060,CONCESSION_ACCRUAL,18,338,2026-08-23T20:45:26+08:00
272fbf00-62a8-4a90-b1a5-b2c44a8de706,M-1903,ORD-20260824-5167-0061,CONCESSION_ACCRUAL,6,75,2026-08-24T00:51:10+08:00
bc1acd03-c364-45a9-ba78-7acee0e6bedd,M-1663,ORD-20260823-7776-0062,CONCESSION_ACCRUAL,16,213,2026-08-23T23:47:57+08:00
54707a9c-ed54-4352-b7f4-bf6c31810599,M-1039,ORD-20260823-5604-0063,CONCESSION_ACCRUAL,10,360,2026-08-23T22:27:57+08:00
3e5782a1-6936-4b3b-a38a-3109b1be2f96,M-2008,ORD-20260823-3756-0064,CONCESSION_ACCRUAL,3,85,2026-08-23T23:34:51+08:00
f92e4acb-51ab-48bf-8dbc-b3ac2e0cb8c7,M-1095,ORD-20260823-4756-0065,CONCESSION_ACCRUAL,28,255,2026-08-23T17:44:08+08:00
6ce07753-b2b1-4fb2-8bb3-3817e509cd84,M-1822,ORD-20260823-9839-0066,CONCESSION_ACCRUAL,16,350,2026-08-23T15:35:48+08:00
677846f2-af78-4975-a625-74a540b07514,M-1835,ORD-20260823-2803-0067,CONCESSION_ACCRUAL,15,166,2026-08-23T22:29:16+08:00
62a92b1e-db06-4c0c-b44f-117350c78762,M-1069,ORD-20260823-4939-0068,CONCESSION_ACCRUAL,4,269,2026-08-23T22:01:49+08:00
5e220749-e598-4418-b797-20856f9f1654,M-1350,ORD-20260823-2806-0069,CONCESSION_ACCRUAL,13,519,2026-08-23T23:31:51+08:00
aa7b35ac-ba8e-4e89-a675-635c7da32f4a,M-1455,ORD-20260824-7450-0070,CONCESSION_ACCRUAL,3,414,2026-08-24T02:52:41+08:00
7a15cb80-dc01-44fa-8cb4-0e6f637b2ca7,M-1137,ORD-20260823-6343-0071,CONCESSION_ACCRUAL,23,66,2026-08-23T20:39:21+08:00
8408b949-60e2-4cb0-af40-ebe40782f1f3,M-1137,TIER_UPGRADE_Silver_TO_Gold,TIER_BONUS,100,166,2026-08-23T20:39:21+08:00
a178e690-db5c-4be8-9e8a-12a3ee5b4d12,M-1068,ORD-20260823-8025-0072,CONCESSION_ACCRUAL,10,182,2026-08-23T23:56:09+08:00
8f58b34b-41d2-42ce-8068-0a0c406eccb9,M-1836,ORD-20260823-5999-0073,CONCESSION_ACCRUAL,21,422,2026-08-23T19:05:55+08:00
d8c6f292-684d-42c7-b32a-ac97223fd896,M-1836,TIER_UPGRADE_Silver_TO_Gold,TIER_BONUS,100,522,2026-08-23T19:05:55+08:00
0c4d31e2-39c9-465b-9b32-8c7dd2e34343,M-1436,ORD-20260823-6672-0074,CONCESSION_ACCRUAL,12,697,2026-08-23T23:27:36+08:00
9d7de34f-3374-4d93-86f7-953e3a0b2231,M-1686,ORD-20260823-7997-0075,CONCESSION_ACCRUAL,16,143,2026-08-23T22:50:23+08:00
fb9a700e-7c38-47d7-b907-4ab1b53dd616,M-1808,ORD-20260823-9539-0076,CONCESSION_ACCRUAL,27,2244,2026-08-23T18:45:06+08:00
4df80eca-a2b1-4c00-915c-3ff93a066abf,M-2120,ORD-20260823-2774-0077,CONCESSION_ACCRUAL,8,500,2026-08-23T17:23:07+08:00
5c850aec-59c8-4dd4-bb52-6bcd0848627e,M-2000,ORD-20260823-7414-0078,CONCESSION_ACCRUAL,30,484,2026-08-23T19:53:25+08:00
130abc06-ef5d-40c9-b774-8c57d2a963e2,M-1027,ORD-20260823-8360-0079,CONCESSION_ACCRUAL,11,414,2026-08-23T18:57:10+08:00
c608e35f-c63d-4481-b71b-d6ed3cda0d71,M-1901,ORD-20260823-4422-0080,CONCESSION_ACCRUAL,9,56,2026-08-23T20:19:43+08:00
9a7fb2c8-6155-468b-9556-b7a7e510acc7,M-2059,ORD-20260824-6726-0081,CONCESSION_ACCRUAL,9,20,2026-08-24T01:13:58+08:00
d8d618f5-dde4-4dc4-9807-4900df2a0faf,M-1150,ORD-20260824-1510-0082,CONCESSION_ACCRUAL,8,357,2026-08-24T01:13:57+08:00
2808f1d5-b17c-435c-a72c-543ee6523fd6,M-1727,ORD-20260823-2688-0083,CONCESSION_ACCRUAL,10,257,2026-08-23T21:37:18+08:00
fff5aea1-5438-44db-b5ef-523dbfbbefa9,M-1884,ORD-20260823-2079-0084,CONCESSION_ACCRUAL,16,204,2026-08-23T11:22:52+08:00
97858b99-c84b-484f-a736-286b1cc4a43e,M-1550,ORD-20260823-2841-0085,CONCESSION_ACCRUAL,8,77,2026-08-23T12:16:30+08:00
8b936c88-26c0-45aa-8393-e03cf59a7aef,M-2018,ORD-20260823-3090-0086,CONCESSION_ACCRUAL,28,464,2026-08-23T23:41:28+08:00
57700195-ec8d-4fb2-85b2-ef3442ddd4cb,M-1679,ORD-20260823-8105-0087,CONCESSION_ACCRUAL,25,558,2026-08-23T20:27:57+08:00
840bbd55-81d9-4a25-8dcd-8af588bbe9b3,M-1151,ORD-20260823-6544-0088,CONCESSION_ACCRUAL,3,184,2026-08-23T21:52:24+08:00
f8e8287a-1e86-4a73-9190-576ab7ee5d85,M-1077,ORD-20260823-6187-0089,CONCESSION_ACCRUAL,11,716,2026-08-23T18:50:53+08:00
223a81b3-e6c7-4b23-aff6-7844fc30a715,M-1240,ORD-20260823-1775-0090,CONCESSION_ACCRUAL,24,371,2026-08-23T21:41:07+08:00
edfcddd9-a6a8-465b-bb47-5923883f3810,M-2031,ORD-20260824-8887-0091,CONCESSION_ACCRUAL,9,181,2026-08-24T02:01:39+08:00
4b73a06d-790b-4ad6-a2f8-f2d7f18c8eba,M-1749,ORD-20260823-6927-0092,CONCESSION_ACCRUAL,18,211,2026-08-23T19:14:58+08:00
aea114ff-57e9-4f43-ae00-229755d88587,M-2101,ORD-20260823-7525-0093,CONCESSION_ACCRUAL,7,172,2026-08-23T14:55:25+08:00
d00467c5-d207-4c28-8fb0-219a40db5103,M-1294,ORD-20260823-7878-0094,CONCESSION_ACCRUAL,7,249,2026-08-23T20:06:14+08:00
c7131f10-6b10-45fe-a762-597e1e343f50,M-1148,ORD-20260823-6467-0095,CONCESSION_ACCRUAL,11,91,2026-08-23T16:30:16+08:00
c9b6cc03-9ec0-4911-9e5d-6e56ac39c07a,M-1998,ORD-20260823-4573-0096,CONCESSION_ACCRUAL,30,217,2026-08-23T12:52:21+08:00
6ecfad1e-e353-4e98-b06c-acee659816b5,M-1041,ORD-20260824-7136-0097,CONCESSION_ACCRUAL,18,824,2026-08-24T01:00:52+08:00
7d073ed1-52a0-4d94-a6b6-c58126813535,M-1429,ORD-20260823-6814-0098,CONCESSION_ACCRUAL,18,660,2026-08-23T20:17:53+08:00
3df75f30-8f2b-48f9-a449-dbe9e067b41a,M-1445,ORD-20260823-5739-0099,CONCESSION_ACCRUAL,8,394,2026-08-23T23:20:29+08:00
a192cc61-997b-4042-ae31-1a9f962c133f,M-1485,ORD-20260824-6700-0100,CONCESSION_ACCRUAL,3,48,2026-08-24T00:27:12+08:00
fe08d428-b084-4228-bb7e-8ffa7c68d47d,M-1184,ORD-20260823-1239-0101,CONCESSION_ACCRUAL,33,599,2026-08-23T16:53:16+08:00
847943d6-2d3e-48cc-8457-181eb39c67a0,M-1830,ORD-20260824-6261-0102,CONCESSION_ACCRUAL,11,160,2026-08-24T00:19:43+08:00
1df37f39-c99c-4c4c-92df-3eeb30f69719,M-2184,ORD-20260823-3490-0103,CONCESSION_ACCRUAL,19,259,2026-08-23T20:44:13+08:00
5394cc66-b199-4263-989c-08a355ff7d7e,M-1137,ORD-20260824-5783-0104,CONCESSION_ACCRUAL,24,190,2026-08-24T01:25:22+08:00
4ee1c232-3b65-4800-ac79-d716b0a7b7f4,M-1047,ORD-20260823-1041-0105,CONCESSION_ACCRUAL,22,245,2026-08-23T23:07:18+08:00
8ce00903-103c-468f-8116-02255328d062,M-1620,ORD-20260823-9375-0106,CONCESSION_ACCRUAL,31,408,2026-08-23T21:20:14+08:00
da58314a-cbbd-4bbf-9336-12ed36b90831,M-1755,ORD-20260823-7274-0107,CONCESSION_ACCRUAL,3,262,2026-08-23T19:54:16+08:00
3613f1e0-7364-4681-a953-8ef2258d90c7,M-2078,ORD-20260823-6413-0108,CONCESSION_ACCRUAL,2,61,2026-08-23T23:32:59+08:00
ec15bd27-31d7-470e-a380-7735b48b6cab,M-1227,ORD-20260823-6728-0109,CONCESSION_ACCRUAL,25,306,2026-08-23T18:56:32+08:00
7035e5ef-b19b-41e7-a100-55787b28a56d,M-1958,ORD-20260824-5149-0110,CONCESSION_ACCRUAL,17,231,2026-08-24T00:18:01+08:00
92fce3cf-e6f8-4b51-85ee-ebcde9a7ff1e,M-2187,ORD-20260823-7424-0111,CONCESSION_ACCRUAL,11,189,2026-08-23T14:08:22+08:00
6522f4a7-bbe2-4b24-87b8-cfdb2b979360,M-2126,ORD-20260823-7514-0112,CONCESSION_ACCRUAL,8,350,2026-08-23T08:52:08+08:00
a9b3c091-b1df-400c-8417-83474b7711ea,M-1912,ORD-20260824-7248-0113,CONCESSION_ACCRUAL,8,415,2026-08-24T01:00:45+08:00
7eab80b2-6adb-4683-af88-b9e7d3957381,M-1145,ORD-20260823-9095-0114,CONCESSION_ACCRUAL,9,241,2026-08-23T22:28:42+08:00
e67d1010-03d6-4745-8a2d-63e0f5bc1d9b,M-1759,ORD-20260823-8399-0115,CONCESSION_ACCRUAL,54,485,2026-08-23T16:26:40+08:00
7fc66a94-4358-4b2a-8b93-332b25262b1b,M-1296,ORD-20260824-5466-0116,CONCESSION_ACCRUAL,45,952,2026-08-24T00:33:02+08:00
456e9aa4-5d90-4e82-ae6d-632fc9be036e,M-2051,ORD-20260823-5791-0117,CONCESSION_ACCRUAL,21,350,2026-08-23T14:11:29+08:00
5f8044a1-e7e5-4cc7-bfbc-f94c81f273c2,M-2051,TIER_UPGRADE_Standard_TO_Silver,TIER_BONUS,50,400,2026-08-23T14:11:29+08:00
80cef75d-22ca-49d3-a1e9-abd583e56e3f,M-1590,ORD-20260823-3564-0118,CONCESSION_ACCRUAL,22,345,2026-08-23T23:14:20+08:00
aeb92f52-afec-42a0-9cf2-7a4a990f14c4,M-1102,ORD-20260823-8146-0119,CONCESSION_ACCRUAL,8,159,2026-08-23T02:49:10+08:00
71bb806a-716a-4a73-99d5-14523792930a,M-1882,ORD-20260823-2290-0120,CONCESSION_ACCRUAL,16,267,2026-08-23T19:51:07+08:00
f599f879-8ee7-49a0-895e-370afaf7edf4,M-1259,ORD-20260823-8731-0121,CONCESSION_ACCRUAL,23,396,2026-08-23T21:25:29+08:00
4931ada7-955c-425a-ae7d-51d7682e426b,M-1101,ORD-20260824-4115-0122,CONCESSION_ACCRUAL,13,800,2026-08-24T00:14:31+08:00
98e3830d-68a0-48bc-84c5-bb332db398a6,M-1311,ORD-20260823-4076-0123,CONCESSION_ACCRUAL,11,367,2026-08-23T10:44:32+08:00
34b02848-7486-495c-b454-32e6bdc3647e,M-1086,ORD-20260823-9305-0124,CONCESSION_ACCRUAL,27,228,2026-08-23T23:02:38+08:00
ef2f8bb9-f35d-4be9-893a-201a2b4084e0,M-1865,ORD-20260823-6799-0125,CONCESSION_ACCRUAL,21,207,2026-08-23T14:20:46+08:00
0ecf0242-207a-4988-9305-92566182bbcb,M-1646,ORD-20260823-6020-0126,CONCESSION_ACCRUAL,19,212,2026-08-23T17:22:24+08:00
380f8eb5-cf3a-466d-be88-02708beb19c8,M-1305,ORD-20260823-4207-0127,CONCESSION_ACCRUAL,16,603,2026-08-23T15:38:41+08:00
e190d9bb-8823-4725-b37d-5a1ad81778e8,M-1653,ORD-20260823-1796-0128,CONCESSION_ACCRUAL,22,318,2026-08-23T16:20:43+08:00
2a9e3cb3-5c50-41d6-9cb7-b685a38c55ad,M-2002,ORD-20260823-7747-0129,CONCESSION_ACCRUAL,11,216,2026-08-23T23:32:16+08:00
62816d09-230b-4934-8d1d-eebe1864ce7f,M-1285,ORD-20260823-2408-0130,CONCESSION_ACCRUAL,8,418,2026-08-23T23:32:23+08:00
96d94375-0ece-4ebb-9df4-b4f79b7caa25,M-1672,ORD-20260823-7601-0131,CONCESSION_ACCRUAL,15,81,2026-08-23T22:07:02+08:00
4b2c6855-43e4-4f88-8962-a0af4ae902af,M-1930,ORD-20260824-1018-0132,CONCESSION_ACCRUAL,30,60,2026-08-24T00:05:17+08:00
3ead876b-53af-4e5b-b85f-d70019c42192,M-1331,ORD-20260823-1137-0133,CONCESSION_ACCRUAL,45,266,2026-08-23T15:42:38+08:00
f7151c3f-68bc-4290-9774-c7adae7b7314,M-1006,ORD-20260824-9545-0134,CONCESSION_ACCRUAL,18,112,2026-08-24T01:09:09+08:00
70fa2999-36d4-40b9-b3fb-3fece1f0471f,M-1384,ORD-20260823-7557-0135,CONCESSION_ACCRUAL,26,1307,2026-08-23T22:45:06+08:00
30972485-a82a-42a3-b1c4-d839dd40c310,M-1266,ORD-20260823-9821-0136,CONCESSION_ACCRUAL,40,260,2026-08-23T08:17:36+08:00
93af14a8-4070-498e-8bff-5049ac2c4639,M-1654,ORD-20260823-9218-0137,CONCESSION_ACCRUAL,30,254,2026-08-23T12:46:35+08:00
8106b947-94f2-4001-94d9-034dcaac0a8d,M-1520,ORD-20260823-9474-0138,CONCESSION_ACCRUAL,18,995,2026-08-23T21:08:53+08:00
92a1b522-a10a-47fb-a1a9-5b2a380ace1e,M-1113,ORD-20260824-2233-0139,CONCESSION_ACCRUAL,13,1008,2026-08-24T00:21:35+08:00
c5de49f2-931e-4c08-8967-38ca5676a54b,M-2169,ORD-20260824-3808-0140,CONCESSION_ACCRUAL,16,337,2026-08-24T02:30:49+08:00
46c473f1-3e83-46d6-a207-7af01fbe6eb7,M-1779,ORD-20260823-9422-0141,CONCESSION_ACCRUAL,30,495,2026-08-23T19:50:11+08:00
f1b650e9-40eb-47ee-ba88-7bfbb4e27ca6,M-1722,ORD-20260823-2468-0142,CONCESSION_ACCRUAL,11,802,2026-08-23T10:38:19+08:00
691872cc-590a-430d-a578-57b029875af9,M-1552,ORD-20260823-9532-0143,CONCESSION_ACCRUAL,22,174,2026-08-23T21:44:06+08:00
76505f45-b94a-41bf-b365-eb50142de211,M-1695,ORD-20260823-4166-0144,CONCESSION_ACCRUAL,22,118,2026-08-23T22:28:35+08:00
04e1f6f9-ba81-40e0-b099-335b3447924c,M-1100,ORD-20260824-2310-0145,CONCESSION_ACCRUAL,27,128,2026-08-24T00:08:56+08:00
cc5b0db3-7796-4a47-85e9-a2e1ac4487a0,M-1422,ORD-20260823-3672-0146,CONCESSION_ACCRUAL,25,215,2026-08-23T21:04:31+08:00
c26f6497-697b-473f-9ff5-aa6bc86f18dd,M-2182,ORD-20260823-3544-0147,CONCESSION_ACCRUAL,6,205,2026-08-23T18:19:18+08:00
0f7dace1-18fe-427b-86da-1bae61eb98da,M-1334,ORD-20260823-9761-0148,CONCESSION_ACCRUAL,8,212,2026-08-23T23:43:57+08:00
b04545c6-384f-4520-b8a5-c63affee0a90,M-1118,ORD-20260823-9442-0149,CONCESSION_ACCRUAL,10,217,2026-08-23T20:35:24+08:00
03176fb7-53dd-4416-9436-57cd606c5fcd,M-1735,ORD-20260823-3877-0150,CONCESSION_ACCRUAL,3,514,2026-08-23T15:02:31+08:00
551689e1-11db-45eb-8445-b0bbf4b90fc3,M-1561,ORD-20260824-3475-0151,CONCESSION_ACCRUAL,11,467,2026-08-24T02:06:04+08:00
e9ecfd68-e8eb-4ca4-bf49-c446f82eb757,M-1499,ORD-20260823-8256-0152,CONCESSION_ACCRUAL,3,130,2026-08-23T23:35:09+08:00
d6a8c7e5-eeb7-4ade-b3fd-8d14f050c648,M-1395,ORD-20260823-7735-0153,CONCESSION_ACCRUAL,26,80,2026-08-23T22:06:40+08:00
fe9511a6-c8e6-4073-a2f2-13ca95a16fa9,M-1936,ORD-20260823-6064-0154,CONCESSION_ACCRUAL,27,394,2026-08-23T21:23:38+08:00
ea55d37e-4d6a-425f-92bc-37f0c42e885d,M-1361,ORD-20260823-3330-0155,CONCESSION_ACCRUAL,9,363,2026-08-23T18:33:13+08:00
aa295565-261a-4fb2-b944-156cd3526f56,M-1016,ORD-20260823-5315-0156,CONCESSION_ACCRUAL,11,196,2026-08-23T14:15:58+08:00
1ecdf7e8-ddb1-4194-b9fa-3804fe91e3ef,M-1979,ORD-20260823-3985-0157,CONCESSION_ACCRUAL,7,187,2026-08-23T19:50:49+08:00
3a4db3a4-3584-4d96-96ff-74668a30ce53,M-2010,ORD-20260823-6653-0158,CONCESSION_ACCRUAL,3,114,2026-08-23T20:19:13+08:00
447191f2-beb0-4604-af89-5ada770bb56c,M-2029,ORD-20260823-3164-0159,CONCESSION_ACCRUAL,33,200,2026-08-23T17:25:15+08:00
a91a4107-080c-43a0-98db-34b199f533a4,M-1099,ORD-20260823-6475-0160,CONCESSION_ACCRUAL,23,261,2026-08-23T11:45:51+08:00
e7ef8511-e966-4ace-bc95-6e3127a6b8c8,M-1073,ORD-20260823-9668-0161,CONCESSION_ACCRUAL,28,109,2026-08-23T23:10:38+08:00
fbdb9727-ae1c-4048-8b47-0c712bbbc2c0,M-1210,ORD-20260823-3943-0162,CONCESSION_ACCRUAL,20,1484,2026-08-23T21:22:35+08:00
185b0b87-91f0-4e38-9b20-b0932e6228a7,M-1321,ORD-20260823-4498-0163,CONCESSION_ACCRUAL,26,352,2026-08-23T22:54:05+08:00
06ecb4d0-e67b-4992-af15-691e6668021b,M-1809,ORD-20260823-1734-0164,CONCESSION_ACCRUAL,19,624,2026-08-23T21:40:42+08:00
a293f809-beb5-41db-9976-3b0f2f57b62f,M-1518,ORD-20260823-1891-0165,CONCESSION_ACCRUAL,31,681,2026-08-23T19:08:12+08:00
ef3ce321-b0e1-4192-9335-fb330f1e3f63,M-2190,ORD-20260824-7651-0166,CONCESSION_ACCRUAL,16,98,2026-08-24T00:05:57+08:00
25dff040-3221-49ac-8053-5dc858471fe0,M-1959,ORD-20260823-8358-0167,CONCESSION_ACCRUAL,16,750,2026-08-23T22:58:36+08:00
c6e18b4d-4f13-446e-8a64-191b73da4302,M-1188,ORD-20260823-6068-0168,CONCESSION_ACCRUAL,9,165,2026-08-23T14:51:52+08:00
1039b26b-960e-40fb-ac96-aa8a7d6da856,M-1957,ORD-20260823-1843-0169,CONCESSION_ACCRUAL,6,123,2026-08-23T19:26:41+08:00
e75ae6b7-1919-4825-8474-b7158787a59d,M-1680,ORD-20260823-7591-0170,CONCESSION_ACCRUAL,9,522,2026-08-23T12:15:29+08:00
5b9a9ebd-6006-4ee2-a914-39fd7fa94159,M-1902,ORD-20260823-4824-0171,CONCESSION_ACCRUAL,15,104,2026-08-23T20:19:32+08:00
7116750b-d910-4eac-9ac1-b16b6aebfe85,M-1523,ORD-20260823-5337-0172,CONCESSION_ACCRUAL,17,353,2026-08-23T22:47:05+08:00
7a3df875-3c70-432d-a580-944bbc5fe8e5,M-1963,ORD-20260823-6044-0173,CONCESSION_ACCRUAL,8,122,2026-08-23T17:16:46+08:00
cb76ffa2-803d-4c81-9074-a6fe823c0d1a,M-1963,TIER_UPGRADE_Standard_TO_Silver,TIER_BONUS,50,172,2026-08-23T17:16:46+08:00
5f4eda82-423f-4cdb-b36c-00a93e0520ed,M-1705,ORD-20260823-9823-0174,CONCESSION_ACCRUAL,8,217,2026-08-23T17:40:12+08:00
e25911cc-9d0c-4685-908e-9ffd062eccc9,M-1985,ORD-20260824-6340-0175,CONCESSION_ACCRUAL,3,83,2026-08-24T03:26:57+08:00
1c8ed202-f768-4a68-b594-061e5b80328a,M-1541,ORD-20260823-1521-0176,CONCESSION_ACCRUAL,12,207,2026-08-23T18:06:32+08:00
4453dbc9-750f-4cb3-91ee-a455aebf0673,M-1499,ORD-20260823-4975-0177,CONCESSION_ACCRUAL,10,140,2026-08-23T04:15:46+08:00
221e594e-31ac-4ff9-88a5-753ec5dcb5e7,M-1663,ORD-20260823-1857-0178,CONCESSION_ACCRUAL,9,222,2026-08-23T20:53:47+08:00
49fcd819-fc6c-403f-9ec7-f5ca9992b5b0,M-1454,ORD-20260823-8344-0179,CONCESSION_ACCRUAL,27,1682,2026-08-23T23:53:49+08:00
83683c2d-7bfd-466c-8988-aa2b536f8dba,M-1023,ORD-20260824-2445-0180,CONCESSION_ACCRUAL,3,191,2026-08-24T01:13:30+08:00
0a24bf2e-86dd-4424-8198-08b3d6794fd6,M-1631,ORD-20260823-8515-0181,CONCESSION_ACCRUAL,23,353,2026-08-23T19:52:56+08:00
678b82df-3862-4827-a431-ff474cd39716,M-2118,ORD-20260824-8871-0182,CONCESSION_ACCRUAL,15,212,2026-08-24T00:59:27+08:00
39a3b6eb-83c2-4c53-98ef-fd9a560934ed,M-1112,ORD-20260824-4427-0183,CONCESSION_ACCRUAL,27,1511,2026-08-24T00:32:29+08:00
d40d3b11-4ada-4d12-a5a2-7e7319f69544,M-1960,ORD-20260823-1646-0184,CONCESSION_ACCRUAL,15,447,2026-08-23T23:32:35+08:00
0d596120-f2ef-4014-98e9-5b183cc2369a,M-1430,ORD-20260823-4647-0185,CONCESSION_ACCRUAL,4,1403,2026-08-23T22:27:55+08:00
e0849dee-b3df-4ce4-8c98-dd7ebd18c3f0,M-1373,ORD-20260823-7497-0186,CONCESSION_ACCRUAL,8,253,2026-08-23T22:39:08+08:00
26cb2bea-0afc-4d00-be5e-27ecdea5e109,M-1956,ORD-20260823-6614-0187,CONCESSION_ACCRUAL,7,217,2026-08-23T23:15:54+08:00
abcdba5e-cf7d-4799-bed9-631d6827d1ec,M-1571,ORD-20260823-9496-0188,CONCESSION_ACCRUAL,15,465,2026-08-23T22:52:38+08:00
2c22701d-9693-4209-a501-da586b8c2a99,M-1991,ORD-20260823-1326-0189,CONCESSION_ACCRUAL,24,148,2026-08-23T22:03:10+08:00
6e279041-2643-45f6-a2a7-8f1ea3f1908d,M-2022,ORD-20260823-9834-0190,CONCESSION_ACCRUAL,45,228,2026-08-23T22:01:17+08:00
4d60d4ab-a4d6-4e42-9f2f-15c9f270c306,M-1584,ORD-20260824-4069-0191,CONCESSION_ACCRUAL,8,338,2026-08-24T00:13:29+08:00
8ed4d04b-ff69-4647-9cbe-1661c34e6fb5,M-1341,ORD-20260824-6554-0192,CONCESSION_ACCRUAL,25,445,2026-08-24T02:52:09+08:00
9e031bf8-7afd-44f3-bb33-5d86fad226f2,M-1213,ORD-20260824-5463-0193,CONCESSION_ACCRUAL,10,265,2026-08-24T00:37:05+08:00
3d8fc8b7-7062-4321-835e-58e6e8626891,M-1017,ORD-20260824-5770-0194,CONCESSION_ACCRUAL,8,341,2026-08-24T00:03:39+08:00
02516e09-dd9d-4755-a39e-2bf41f764a77,M-1108,ORD-20260824-3144-0195,CONCESSION_ACCRUAL,31,296,2026-08-24T00:00:57+08:00
d8ac18f3-b0e0-47e8-b54b-877accaaf3ed,M-1723,ORD-20260823-7584-0196,CONCESSION_ACCRUAL,31,775,2026-08-23T22:54:46+08:00
cc229991-9b56-4307-a250-7c2abfbeef8f,M-1134,ORD-20260824-3144-0197,CONCESSION_ACCRUAL,7,73,2026-08-24T01:31:37+08:00
ec40a459-a98f-4d32-8e9c-bb93cfd66f44,M-1724,ORD-20260824-9899-0198,CONCESSION_ACCRUAL,11,137,2026-08-24T00:12:52+08:00
0bd3b3f2-28ee-47bb-849f-dd668d38cc90,M-2049,ORD-20260823-6905-0199,CONCESSION_ACCRUAL,8,106,2026-08-23T23:27:46+08:00
d0fc3a17-d2a4-4a0c-93b9-0b6836c431b1,M-2073,ORD-20260823-6022-0200,CONCESSION_ACCRUAL,18,254,2026-08-23T08:24:32+08:00
c17c1636-96b7-4769-8295-e0d503790cc3,M-1022,ORD-20260823-9560-0201,CONCESSION_ACCRUAL,30,234,2026-08-23T10:43:19+08:00
95afe872-2bf7-4dad-b1c1-27fbb2b96ca3,M-2180,ORD-20260823-5437-0202,CONCESSION_ACCRUAL,9,83,2026-08-23T22:51:21+08:00
41500720-3914-438c-bc38-58aaafeac2ce,M-2067,ORD-20260824-7059-0203,CONCESSION_ACCRUAL,6,145,2026-08-24T00:14:03+08:00
1247a91c-8053-4ccc-809f-54ef66c2cf5a,M-1863,ORD-20260824-1058-0204,CONCESSION_ACCRUAL,7,436,2026-08-24T00:49:38+08:00
8b77c2d1-ca5e-4606-9f28-8aa8b6977198,M-2009,ORD-20260823-2869-0205,CONCESSION_ACCRUAL,24,98,2026-08-23T23:48:35+08:00
618554eb-0c9e-4aa9-9af3-dbb0edc332a2,M-1207,ORD-20260823-4904-0206,CONCESSION_ACCRUAL,27,338,2026-08-23T21:06:28+08:00
50f9a93a-672b-4a95-b423-c7ca53c00d3e,M-2073,ORD-20260823-4362-0207,CONCESSION_ACCRUAL,7,261,2026-08-23T23:51:11+08:00
463eeb33-780e-47ff-8854-b94e00ac91f1,M-1209,ORD-20260823-5718-0208,CONCESSION_ACCRUAL,20,441,2026-08-23T20:57:40+08:00
c0f07a4b-1391-456a-b309-5cde31234f4e,M-1217,ORD-20260824-2015-0209,CONCESSION_ACCRUAL,26,91,2026-08-24T01:11:12+08:00
d245f5ef-6cbb-4829-a528-f3583fb1a39c,M-1923,ORD-20260823-6603-0210,CONCESSION_ACCRUAL,7,133,2026-08-23T21:20:10+08:00
a82d6eed-1c30-46e7-8919-a1765784d519,M-1572,ORD-20260823-8267-0211,CONCESSION_ACCRUAL,38,440,2026-08-23T21:10:38+08:00
6e01dff4-a40e-40c8-8e7f-bc3b74be35a4,M-2197,ORD-20260823-5359-0212,CONCESSION_ACCRUAL,22,506,2026-08-23T23:01:49+08:00
94dded48-c096-4bc3-8453-4d74e1b45722,M-2023,ORD-20260823-8676-0213,CONCESSION_ACCRUAL,8,663,2026-08-23T12:14:53+08:00
55dc9880-a782-4c93-9508-512ae7d843ce,M-1544,ORD-20260824-7713-0214,CONCESSION_ACCRUAL,19,120,2026-08-24T00:21:37+08:00
b597b79e-27ea-4d7e-a322-e94b603b8274,M-1278,ORD-20260823-4352-0215,CONCESSION_ACCRUAL,13,108,2026-08-23T20:10:31+08:00
a8afe1b0-f547-4533-ac2c-c46617b05e54,M-1353,ORD-20260823-5443-0216,CONCESSION_ACCRUAL,9,225,2026-08-23T19:54:30+08:00
684a3782-b2f3-4ace-906b-597a63f4d2d5,M-1079,ORD-20260824-3566-0217,CONCESSION_ACCRUAL,4,347,2026-08-24T02:02:09+08:00
ce77ff2b-da29-4bb1-bbf1-d570265b5b6c,M-1868,ORD-20260823-6220-0218,CONCESSION_ACCRUAL,12,37,2026-08-23T22:48:38+08:00
c8d0d436-e5af-45b2-803a-48b6bc081952,M-1645,ORD-20260823-2148-0219,CONCESSION_ACCRUAL,46,718,2026-08-23T20:58:14+08:00
d23c9d68-afb3-4afd-967f-ea5a0c033091,M-1675,ORD-20260823-4312-0220,CONCESSION_ACCRUAL,14,2253,2026-08-23T21:46:21+08:00
f376dd0c-39fb-485d-8b45-4772141a90d9,M-1564,ORD-20260824-6811-0221,CONCESSION_ACCRUAL,18,588,2026-08-24T00:32:49+08:00
99685c3c-c9a2-45bc-8ecf-a2d56fb709aa,M-1479,ORD-20260823-1177-0222,CONCESSION_ACCRUAL,13,2321,2026-08-23T03:08:25+08:00
31488471-255d-42eb-884b-0abcf860034c,M-2182,ORD-20260823-7562-0223,CONCESSION_ACCRUAL,34,239,2026-08-23T09:29:30+08:00
cd4b3d81-08a9-47fe-a9c7-45a4db06f69d,M-1879,ORD-20260823-3788-0224,CONCESSION_ACCRUAL,9,141,2026-08-23T15:30:27+08:00
d7c98687-051e-4b68-83d7-59a35c1f1ff4,M-1128,ORD-20260823-2247-0225,CONCESSION_ACCRUAL,18,257,2026-08-23T23:53:14+08:00
249117f7-7e2d-4e1e-b3ab-3d9a28e59289,M-1619,ORD-20260824-5585-0226,CONCESSION_ACCRUAL,11,392,2026-08-24T00:33:49+08:00
d670cfd2-5560-45f5-8b35-d950d70ce0b1,M-1876,ORD-20260823-6693-0227,CONCESSION_ACCRUAL,9,189,2026-08-23T15:58:11+08:00
3f47f325-1900-436f-a7ba-97fd3d8e7f1d,M-1977,ORD-20260823-4425-0228,CONCESSION_ACCRUAL,18,203,2026-08-23T21:17:57+08:00
3fd02bcc-8718-44d6-afab-23501375d4de,M-1742,ORD-20260823-5716-0229,CONCESSION_ACCRUAL,8,50,2026-08-23T22:46:37+08:00
56921f77-f39d-4d9d-b185-f9be17248382,M-1642,ORD-20260824-7437-0230,CONCESSION_ACCRUAL,40,267,2026-08-24T00:05:20+08:00
f95a008d-3c93-4838-b72f-6ead82eadbac,M-1116,ORD-20260823-1002-0231,CONCESSION_ACCRUAL,8,144,2026-08-23T22:29:43+08:00
da8141ff-5a6c-4142-a13f-c8fbe6ce4c0f,M-1672,ORD-20260823-6870-0232,CONCESSION_ACCRUAL,11,92,2026-08-23T23:30:32+08:00
9a043974-af33-4cd7-a3f0-9f3037b73e2e,M-1606,ORD-20260823-1937-0233,CONCESSION_ACCRUAL,33,461,2026-08-23T11:03:58+08:00
d92b77fa-9ec2-4da2-a9dc-81d665441c05,M-1124,ORD-20260823-3552-0234,CONCESSION_ACCRUAL,31,416,2026-08-23T14:45:02+08:00
95eb2ebe-dfc5-4468-a118-b3c0bbcb33d2,M-1677,ORD-20260823-4374-0235,CONCESSION_ACCRUAL,42,597,2026-08-23T22:52:04+08:00
664a0f70-9914-4b3d-9d77-fcf006df5bf6,M-1532,ORD-20260823-1187-0236,CONCESSION_ACCRUAL,11,115,2026-08-23T19:09:37+08:00
833c46f7-db92-42da-9a0b-00d54331b323,M-2123,ORD-20260824-1058-0237,CONCESSION_ACCRUAL,30,361,2026-08-24T01:50:50+08:00
12ea7454-f40c-4557-bd75-8fb67c1e337b,M-1652,ORD-20260823-9939-0238,CONCESSION_ACCRUAL,22,60,2026-08-23T08:30:58+08:00
9a1388a0-0b04-4c01-86ba-1646f48d2307,M-1448,ORD-20260823-3388-0239,CONCESSION_ACCRUAL,26,412,2026-08-23T15:22:01+08:00
ab3076db-490c-4aa6-9517-83ea762d94bd,M-1258,ORD-20260823-2614-0240,CONCESSION_ACCRUAL,22,748,2026-08-23T23:03:40+08:00
13deafcf-25d4-4c6b-a716-ac311a64cd98,M-1228,ORD-20260823-6898-0241,CONCESSION_ACCRUAL,24,192,2026-08-23T23:07:05+08:00
36e91926-8696-4c7a-b9da-727633aab80d,M-1499,ORD-20260823-4527-0242,CONCESSION_ACCRUAL,11,151,2026-08-23T17:23:22+08:00
82ec1dee-fdb9-436b-a06c-47969629b7ec,M-1425,ORD-20260824-3909-0243,CONCESSION_ACCRUAL,11,141,2026-08-24T01:22:49+08:00
f53cfd5d-5533-402e-91ca-7188c8b735b8,M-2100,ORD-20260823-7268-0244,CONCESSION_ACCRUAL,3,267,2026-08-23T16:03:09+08:00
396abe66-c5d1-42e5-8883-a2824e8cfce2,M-1231,ORD-20260823-8729-0245,CONCESSION_ACCRUAL,33,412,2026-08-23T21:43:36+08:00
33a662b6-ff8f-43b1-88e5-02a8c57d3102,M-1539,ORD-20260823-1630-0246,CONCESSION_ACCRUAL,9,1369,2026-08-23T21:47:09+08:00
d55984ae-5528-41b0-971a-b16d5e06b584,M-1473,ORD-20260823-6366-0247,CONCESSION_ACCRUAL,16,283,2026-08-23T23:29:41+08:00
76c7e46a-e8ba-4fed-8aae-1921f279af3d,M-1781,ORD-20260823-7024-0248,CONCESSION_ACCRUAL,36,3731,2026-08-23T22:19:35+08:00
915757e0-a357-45eb-b16d-ef1185d1b893,M-1336,ORD-20260823-4983-0249,CONCESSION_ACCRUAL,35,670,2026-08-23T12:46:33+08:00
3f580a8a-f5f8-4472-8d32-9e560f3c86bb,M-1500,ORD-20260824-1116-0250,CONCESSION_ACCRUAL,43,78,2026-08-24T00:19:36+08:00
b8f24fc2-f3c5-4553-a9e2-e58a4f02a3d7,M-1117,ORD-20260823-9436-0251,CONCESSION_ACCRUAL,22,111,2026-08-23T12:55:32+08:00
39ff26c4-abf4-4009-a50f-561a8a87c057,M-1899,ORD-20260823-9911-0252,CONCESSION_ACCRUAL,8,131,2026-08-23T20:16:09+08:00
cf828860-bb90-41cd-ae5f-1eea942712db,M-1899,TIER_UPGRADE_Standard_TO_Silver,TIER_BONUS,50,181,2026-08-23T20:16:09+08:00
539ac4eb-52a3-4c71-97e5-966b32ffcf47,M-2037,ORD-20260823-9866-0253,CONCESSION_ACCRUAL,13,103,2026-08-23T09:57:11+08:00
26a39a1f-b22d-4389-ae01-51e5cfaede6d,M-1783,ORD-20260823-5229-0254,CONCESSION_ACCRUAL,8,893,2026-08-23T18:46:22+08:00
d25d347e-64ce-4c8a-89b6-73e31b304c28,M-1107,ORD-20260824-2162-0255,CONCESSION_ACCRUAL,15,115,2026-08-24T00:55:12+08:00
77e4ea5e-5869-4e78-a243-705d45936292,M-1280,ORD-20260823-3027-0256,CONCESSION_ACCRUAL,40,361,2026-08-23T23:31:38+08:00
10eb4fad-86cb-4a15-b875-ff4acead054e,M-1173,ORD-20260823-8302-0257,CONCESSION_ACCRUAL,12,273,2026-08-23T18:33:48+08:00
a045d962-b8f9-4f4a-9f2a-6f4360723c00,M-1216,ORD-20260823-9011-0258,CONCESSION_ACCRUAL,18,619,2026-08-23T23:28:38+08:00
276fa698-ea3a-4dc4-b7d7-ca644675da18,M-1948,ORD-20260824-2398-0259,CONCESSION_ACCRUAL,13,353,2026-08-24T00:33:10+08:00
2283f237-1845-4454-9f3c-475c2123929d,M-1948,TIER_UPGRADE_Standard_TO_Silver,TIER_BONUS,50,403,2026-08-24T00:33:10+08:00
ba388ed7-fe47-48fd-b260-b7a16e6b9380,M-2070,ORD-20260823-9232-0260,CONCESSION_ACCRUAL,45,202,2026-08-23T23:27:41+08:00
f67810c8-cbe3-4fa3-86a8-ae3730f77e9c,M-1189,ORD-20260823-4123-0261,CONCESSION_ACCRUAL,16,579,2026-08-23T13:35:00+08:00
28623c69-3191-482b-bc4a-203c8dae6be7,M-1973,ORD-20260823-9526-0262,CONCESSION_ACCRUAL,8,126,2026-08-23T23:04:33+08:00
e959640b-fc34-4944-b823-42a60ce154ae,M-1143,ORD-20260823-5523-0263,CONCESSION_ACCRUAL,18,4087,2026-08-23T19:55:28+08:00
2aaf9e5f-a907-47d0-833d-a805e7a00ec0,M-1774,ORD-20260823-3746-0264,CONCESSION_ACCRUAL,11,445,2026-08-23T17:17:06+08:00
aba6cacb-9f12-4e05-b451-eac1e0b5d18e,M-1928,ORD-20260823-7799-0265,CONCESSION_ACCRUAL,28,152,2026-08-23T22:18:28+08:00
1f20f857-ff01-4d37-ac0a-02c82b0c07ad,M-1281,ORD-20260823-8119-0266,CONCESSION_ACCRUAL,27,375,2026-08-23T17:17:00+08:00
96cbfff6-0813-4673-83b8-4df675710008,M-1469,ORD-20260823-9648-0267,CONCESSION_ACCRUAL,53,530,2026-08-23T23:18:45+08:00
60b89a81-301b-4d72-aa89-84d2897d99c0,M-1081,ORD-20260823-5298-0268,CONCESSION_ACCRUAL,12,654,2026-08-23T22:08:04+08:00
46a84e1f-74da-4d57-91d7-bb6d35b0c96c,M-1289,ORD-20260823-3517-0269,CONCESSION_ACCRUAL,16,263,2026-08-23T23:34:03+08:00
b98ef2c0-1648-459f-a189-35b126ba31df,M-1130,ORD-20260823-4204-0270,CONCESSION_ACCRUAL,22,424,2026-08-23T21:31:44+08:00
667937e7-f3fb-46dc-8d58-26f9d41ec5bc,M-1410,ORD-20260823-6823-0271,CONCESSION_ACCRUAL,17,574,2026-08-23T22:04:35+08:00
9630d963-677f-4ae5-8793-b5e83b8417b4,M-1212,ORD-20260823-8131-0272,CONCESSION_ACCRUAL,7,451,2026-08-23T23:14:10+08:00
346ea1fd-e6ce-4f47-be4e-6c57b0367070,M-1113,ORD-20260823-3834-0273,CONCESSION_ACCRUAL,12,1020,2026-08-23T19:11:24+08:00
09d647f9-7567-41e6-8b05-635891995ed9,M-1337,ORD-20260824-8642-0274,CONCESSION_ACCRUAL,54,617,2026-08-24T02:10:53+08:00
902a73ef-3032-49a7-8f9d-84023dd56a0d,M-1306,ORD-20260823-5170-0275,CONCESSION_ACCRUAL,18,271,2026-08-23T21:03:06+08:00
c6077061-1b27-4c1c-b79e-f08ee2f47bb7,M-2196,ORD-20260823-2393-0276,CONCESSION_ACCRUAL,21,317,2026-08-23T21:04:44+08:00
003c1034-620a-40e6-b61f-2f9f23f2b696,M-1715,ORD-20260823-3207-0277,CONCESSION_ACCRUAL,27,302,2026-08-23T19:38:32+08:00
7b4aaaca-ab16-4c8f-92ed-0b3dea06153e,M-1291,ORD-20260823-3750-0278,CONCESSION_ACCRUAL,8,492,2026-08-23T16:24:15+08:00
cd9ad891-7ed6-4b2b-b471-f510c5c2a8a3,M-1675,ORD-20260824-3654-0279,CONCESSION_ACCRUAL,12,2265,2026-08-24T00:01:15+08:00
ae41c7d4-2ca2-48d0-99a8-bbc2b783be81,M-1693,ORD-20260823-7528-0280,CONCESSION_ACCRUAL,20,180,2026-08-23T20:47:32+08:00
69a1c796-9587-49b3-a798-c130c94edca2,M-1129,ORD-20260823-7592-0281,CONCESSION_ACCRUAL,20,1296,2026-08-23T22:35:02+08:00
990debfb-70d7-40d1-93aa-bbf3369c502b,M-1702,ORD-20260823-7454-0282,CONCESSION_ACCRUAL,23,348,2026-08-23T13:45:52+08:00
6cd45191-3497-499a-ac7b-eb9861e5a884,M-1776,ORD-20260824-2040-0283,CONCESSION_ACCRUAL,20,154,2026-08-24T03:49:10+08:00
a279f36d-f228-485f-bb5a-837ae675de5a,M-2010,ORD-20260823-7339-0284,CONCESSION_ACCRUAL,13,127,2026-08-23T21:31:41+08:00
3443c6b8-7bc9-4715-a47b-bb3cdf7171fe,M-1704,ORD-20260824-8510-0285,CONCESSION_ACCRUAL,23,130,2026-08-24T00:44:11+08:00
b13b2444-1671-4fc1-b3c8-6790b237aba4,M-1417,ORD-20260823-6740-0286,CONCESSION_ACCRUAL,11,564,2026-08-23T20:46:10+08:00
be666024-141e-43c9-971a-39555185035f,M-2077,ORD-20260823-6906-0287,CONCESSION_ACCRUAL,8,237,2026-08-23T09:31:46+08:00
384fe2ef-0f2a-413c-8fd2-9e1e79021643,M-2101,ORD-20260823-8755-0288,CONCESSION_ACCRUAL,15,187,2026-08-23T23:27:38+08:00
633596a4-90e1-4d5f-8d0c-02d0b5358a54,M-2075,ORD-20260823-4818-0289,CONCESSION_ACCRUAL,35,101,2026-08-23T19:44:02+08:00
b63eff94-1f5e-47e9-bcb8-cf01d50e2de5,M-1564,ORD-20260823-5560-0290,CONCESSION_ACCRUAL,12,600,2026-08-23T22:28:23+08:00
1bfd56cc-240a-4773-a055-be26aa870df4,M-2048,ORD-20260823-5326-0291,CONCESSION_ACCRUAL,12,81,2026-08-23T23:12:47+08:00
646f41fa-313a-4044-b782-44a1a105d13b,M-1471,ORD-20260823-5847-0292,CONCESSION_ACCRUAL,3,28,2026-08-23T19:40:15+08:00
d1cca597-8812-4998-864a-0cab9cd74301,M-1819,ORD-20260823-5424-0293,CONCESSION_ACCRUAL,16,396,2026-08-23T20:39:32+08:00
82b0703a-9996-4afb-96e8-1a7c1615c923,M-2013,ORD-20260823-8290-0294,CONCESSION_ACCRUAL,6,208,2026-08-23T21:47:05+08:00
8935c296-c888-4f97-9328-273e00a3c7c8,M-1194,ORD-20260823-2269-0295,CONCESSION_ACCRUAL,24,232,2026-08-23T08:55:00+08:00
c5850141-8998-4eab-b3a9-e299363b2063,M-1451,ORD-20260823-8856-0296,CONCESSION_ACCRUAL,11,566,2026-08-23T21:22:34+08:00
ee32d53f-05ab-4576-a867-e9a37919c569,M-1530,ORD-20260823-4591-0297,CONCESSION_ACCRUAL,38,100,2026-08-23T18:32:36+08:00
3792cc02-4341-4238-b300-1b6d5d3fb901,M-1790,ORD-20260823-6729-0298,CONCESSION_ACCRUAL,18,360,2026-08-23T18:42:59+08:00
c080d149-3283-46ca-9e72-3aef9f00ffe1,M-1475,ORD-20260823-4170-0299,CONCESSION_ACCRUAL,4,1088,2026-08-23T18:36:05+08:00
ccefa366-6a00-49e6-8017-1ed9411904f3,M-1396,ORD-20260823-5714-0300,CONCESSION_ACCRUAL,8,167,2026-08-23T18:08:41+08:00
0712b956-d55a-4dd3-8af4-65d982bda1a5,M-1728,ORD-20260824-9789-0301,CONCESSION_ACCRUAL,13,336,2026-08-24T02:45:43+08:00
2733521c-ec10-41ca-91d7-2ff89ed0ccb6,M-1895,ORD-20260823-4240-0302,CONCESSION_ACCRUAL,31,65,2026-08-23T23:29:03+08:00
132db6c3-d73b-46e5-8594-9e08afd04bb5,M-1997,ORD-20260823-6559-0303,CONCESSION_ACCRUAL,15,350,2026-08-23T17:59:00+08:00
c23ae602-1c00-4bb5-9142-bae41deeb04b,M-1785,ORD-20260823-6952-0304,CONCESSION_ACCRUAL,28,294,2026-08-23T16:02:00+08:00
bb0ee7d7-63bf-44c7-b37a-d805d3788254,M-1590,ORD-20260823-3666-0305,CONCESSION_ACCRUAL,10,355,2026-08-23T09:19:00+08:00
d6cc4ccc-6aac-49a1-81a4-44e093460ec2,M-1708,ORD-20260823-7673-0306,CONCESSION_ACCRUAL,12,249,2026-08-23T12:14:00+08:00
5ffce91c-ed45-4bd1-82d2-f24a2b9a8b6e,M-1720,ORD-20260823-9969-0307,CONCESSION_ACCRUAL,18,490,2026-08-23T19:43:00+08:00
df7214c8-36b5-43c4-a9fa-385dde62e529,M-1010,ORD-20260823-7105-0308,CONCESSION_ACCRUAL,15,584,2026-08-23T11:12:00+08:00
6f25a18e-7f15-4cca-86bb-5aedb3c5d02e,M-1367,ORD-20260823-5985-0309,CONCESSION_ACCRUAL,21,565,2026-08-23T11:26:00+08:00
527d83f0-9539-4cab-b5e3-a90898cf8161,M-1154,ORD-20260823-3228-0310,CONCESSION_ACCRUAL,11,48,2026-08-23T13:15:00+08:00
1ab6979c-0fde-4571-a82f-5b0d4584175b,M-1449,ORD-20260823-7953-0311,CONCESSION_ACCRUAL,8,83,2026-08-23T17:56:00+08:00
e6d28d25-d7c9-4b5a-8464-4eb786555c0b,M-2039,ORD-20260823-9167-0312,CONCESSION_ACCRUAL,28,137,2026-08-23T21:55:00+08:00
d099661b-eaca-4161-b207-ae6f27c8edd3,M-1560,ORD-20260823-6388-0313,CONCESSION_ACCRUAL,15,286,2026-08-23T19:04:00+08:00
ac03bff6-5853-4aff-85a3-2f1bb78a19ec,M-1534,ORD-20260823-3088-0314,CONCESSION_ACCRUAL,4,158,2026-08-23T18:57:00+08:00
c2f5503d-672c-420e-a14c-505441005320,M-1129,ORD-20260823-8198-0315,CONCESSION_ACCRUAL,25,1321,2026-08-23T09:33:00+08:00
a70473e7-5f23-47ce-8c54-96643b688576,M-1640,ORD-20260823-7112-0316,CONCESSION_ACCRUAL,15,284,2026-08-23T15:55:00+08:00
9424d946-88c7-48e3-8c04-805b13378ac3,M-1734,ORD-20260823-9355-0317,CONCESSION_ACCRUAL,12,600,2026-08-23T14:13:00+08:00
1c36fc67-8714-465e-a439-8893febcffd8,M-1179,ORD-20260823-7167-0318,CONCESSION_ACCRUAL,11,146,2026-08-23T09:05:00+08:00
037721e8-6785-42fb-889f-418ed6e4ee35,M-1506,ORD-20260823-5798-0319,CONCESSION_ACCRUAL,26,419,2026-08-23T17:42:00+08:00
c484cdbe-64fe-42d2-b00d-995c3dc1f506,M-2115,ORD-20260823-2600-0320,CONCESSION_ACCRUAL,15,139,2026-08-23T17:35:00+08:00
0fb86d6f-bc6d-43c5-ba31-0302696e491d,M-1229,ORD-20260823-9933-0321,CONCESSION_ACCRUAL,40,190,2026-08-23T17:38:00+08:00
0a1c7e42-9db4-41d6-acb1-e57391a2ef84,M-1758,ORD-20260823-1920-0322,CONCESSION_ACCRUAL,9,67,2026-08-23T12:39:00+08:00
5a65bdca-636b-438f-a0af-af82c34aeb8e,M-1062,ORD-20260823-6374-0323,CONCESSION_ACCRUAL,7,474,2026-08-23T11:28:00+08:00
aabb5221-08f2-4df0-9e59-a4c34d59407a,M-1954,ORD-20260823-3969-0324,CONCESSION_ACCRUAL,15,154,2026-08-23T22:42:00+08:00
a2a091d7-4386-46f9-bac8-f0403a18f76d,M-1954,TIER_UPGRADE_Standard_TO_Silver,TIER_BONUS,50,204,2026-08-23T22:42:00+08:00
835c2df8-c409-4791-b773-9b0d4834c3ee,M-1857,ORD-20260823-1808-0325,CONCESSION_ACCRUAL,10,28,2026-08-23T10:35:00+08:00
c61d6505-334e-4893-a8bb-1c57556154f2,M-1317,ORD-20260823-5376-0326,CONCESSION_ACCRUAL,11,410,2026-08-23T17:44:00+08:00
d3d7faaf-8b39-4b0d-a3a0-ea989b5a32b0,M-1236,ORD-20260823-1995-0327,CONCESSION_ACCRUAL,9,240,2026-08-23T10:03:00+08:00
62eb3331-9a3d-41ba-b087-d7dac0c0340c,M-1054,ORD-20260823-5763-0328,CONCESSION_ACCRUAL,8,150,2026-08-23T11:02:00+08:00
c84c68c4-6051-4bd3-974b-4374190774b6,M-1454,ORD-20260823-3802-0329,CONCESSION_ACCRUAL,9,1691,2026-08-23T19:08:00+08:00
909f342f-7bd5-4e4a-a6b6-7ecfb0799deb,M-1372,ORD-20260823-5055-0330,CONCESSION_ACCRUAL,10,217,2026-08-23T16:48:00+08:00
002256b7-23c1-4682-893d-c8daf0c94a6d,M-1114,ORD-20260823-5328-0331,CONCESSION_ACCRUAL,25,169,2026-08-23T20:50:00+08:00
8603afd6-6878-44e2-928a-07bc27c25b1a,M-1890,ORD-20260823-5548-0332,CONCESSION_ACCRUAL,14,39,2026-08-23T09:20:00+08:00
a4e311b3-f471-4b65-95ec-5c9c04a02c61,M-1970,ORD-20260823-4129-0333,CONCESSION_ACCRUAL,10,295,2026-08-23T11:57:00+08:00
d194f649-39b2-4d38-a8fa-066c3916313c,M-1586,ORD-20260823-6619-0334,CONCESSION_ACCRUAL,9,157,2026-08-23T18:50:00+08:00
95b78459-2096-4dfc-b12d-898ca02acaf4,M-1858,ORD-20260823-3811-0335,CONCESSION_ACCRUAL,33,149,2026-08-23T11:00:00+08:00
0398461f-142c-4218-9fc1-56f162a6f6ad,M-1108,ORD-20260823-3532-0336,CONCESSION_ACCRUAL,27,323,2026-08-23T20:12:00+08:00
dbf76f61-a5ad-4c12-8c7d-72334bf6c216,M-1613,ORD-20260823-3896-0337,CONCESSION_ACCRUAL,30,76,2026-08-23T18:56:00+08:00
efce52b6-d0c0-4d2d-98ee-bc7c0ad1018a,M-2063,ORD-20260823-4845-0338,CONCESSION_ACCRUAL,15,157,2026-08-23T15:14:00+08:00
b22698ed-08fb-4952-ae89-150bf47ea389,M-1281,ORD-20260823-5258-0339,CONCESSION_ACCRUAL,18,393,2026-08-23T18:09:00+08:00
93567e26-8154-4109-a1d2-1a75332fd831,M-1598,ORD-20260823-8928-0340,CONCESSION_ACCRUAL,3,236,2026-08-23T11:58:00+08:00
fa48a098-5e64-4143-b8e0-9a5c65e38638,M-1298,ORD-20260823-5512-0341,CONCESSION_ACCRUAL,11,615,2026-08-23T19:16:00+08:00
bbaeed79-e038-4ee7-8ee5-6e844047b5a2,M-1990,ORD-20260823-1670-0342,CONCESSION_ACCRUAL,9,57,2026-08-23T14:16:00+08:00
2cb1396f-22a5-4d4b-881b-fa7ebd54c622,M-1214,ORD-20260823-3869-0343,CONCESSION_ACCRUAL,16,159,2026-08-23T16:08:00+08:00
453eb635-3d39-4714-b22d-eb46314ebaf5,M-1310,ORD-20260823-8368-0344,CONCESSION_ACCRUAL,11,358,2026-08-23T19:23:00+08:00
01a9364d-43bf-442f-b2c4-67a8bc9e665c,M-1761,ORD-20260823-5349-0345,CONCESSION_ACCRUAL,16,735,2026-08-23T21:54:00+08:00
554b73fb-e240-4ae5-a261-bbd6438d3240,M-1936,ORD-20260823-5441-0346,CONCESSION_ACCRUAL,18,412,2026-08-23T18:30:00+08:00
44cb0e4b-f54d-4197-87a2-b448b74db8cd,M-1443,ORD-20260823-8136-0347,CONCESSION_ACCRUAL,44,63,2026-08-23T09:24:00+08:00
5740506b-bce3-4ca5-a84a-a15cf6a5d2bd,M-2020,ORD-20260823-5420-0348,CONCESSION_ACCRUAL,8,391,2026-08-23T22:00:00+08:00
01d08970-fd8a-492b-99e7-7a5e409b1059,M-2135,ORD-20260823-5766-0349,CONCESSION_ACCRUAL,18,78,2026-08-23T09:44:00+08:00
c7dea0c6-d3e3-425b-b160-5f19efceff1c,M-1427,ORD-20260823-5300-0350,CONCESSION_ACCRUAL,15,158,2026-08-23T22:16:00+08:00
ea4f7377-0dbe-43c4-85de-17112838ac65,M-1515,ORD-20260823-6848-0351,CONCESSION_ACCRUAL,16,130,2026-08-23T09:31:00+08:00
8eea0b90-1383-428e-87e7-ba65492fff90,M-2084,ORD-20260823-5192-0352,CONCESSION_ACCRUAL,18,447,2026-08-23T09:23:00+08:00
91c763d0-193c-4356-9930-e1be475f74c0,M-1197,ORD-20260823-4397-0353,CONCESSION_ACCRUAL,31,95,2026-08-23T19:29:00+08:00
45a747a9-0de2-42f8-8bc6-72f774d2df68,M-1079,ORD-20260823-3992-0354,CONCESSION_ACCRUAL,36,383,2026-08-23T15:58:00+08:00
c3b4b781-14d1-47dd-8101-b29767ba4bee,M-2111,ORD-20260823-9068-0355,CONCESSION_ACCRUAL,9,120,2026-08-23T11:09:00+08:00
d7c84fbb-8577-4f6c-964f-bf76e6866097,M-1113,ORD-20260823-1499-0356,CONCESSION_ACCRUAL,16,1036,2026-08-23T15:38:00+08:00
4c40ef36-d3ba-4e65-ba73-56ffc4349bfa,M-1168,ORD-20260823-3233-0357,CONCESSION_ACCRUAL,89,379,2026-08-23T22:46:00+08:00
f2c68be8-1d2a-4523-a94d-76d48173f27f,M-1631,ORD-20260823-6911-0358,CONCESSION_ACCRUAL,19,372,2026-08-23T20:13:00+08:00
0297f1b9-62cc-4785-84a5-e8dea511a3fc,M-1465,ORD-20260823-1239-0359,CONCESSION_ACCRUAL,40,858,2026-08-23T11:26:00+08:00
93479896-7d62-4e6f-bcb9-216dd8f5a9eb,M-1088,ORD-20260823-4710-0360,CONCESSION_ACCRUAL,27,177,2026-08-23T12:37:00+08:00
6bec3fea-9abd-454b-968c-c534a5824a64,M-1316,ORD-20260823-2439-0361,CONCESSION_ACCRUAL,16,152,2026-08-23T18:29:00+08:00
b2f071ee-c56a-46df-b1d4-6870674a61b4,M-1389,ORD-20260823-2491-0362,CONCESSION_ACCRUAL,18,514,2026-08-23T14:13:00+08:00
326eac97-027c-4e80-bf86-df614cfa51db,M-1331,ORD-20260823-1989-0363,CONCESSION_ACCRUAL,11,277,2026-08-23T11:52:00+08:00
bce4bc4c-6746-40e1-89ca-b6ca6fea0ad3,M-1175,ORD-20260823-4417-0364,CONCESSION_ACCRUAL,9,229,2026-08-23T17:07:00+08:00
5e9ebe95-caad-4308-8c23-c9d8270fea13,M-2186,ORD-20260823-5514-0365,CONCESSION_ACCRUAL,25,326,2026-08-23T10:16:00+08:00
d5c90a98-ee57-45fb-a6c6-a6a7add8dcfc,M-1432,ORD-20260823-2521-0366,CONCESSION_ACCRUAL,9,3471,2026-08-23T09:21:00+08:00
aa679570-cf54-45d1-a1ad-9bf6237cbf2d,M-1545,ORD-20260823-7383-0367,CONCESSION_ACCRUAL,22,38,2026-08-23T16:29:00+08:00
df0ddc31-9fea-41a5-a363-e44026c81896,M-1932,ORD-20260823-7104-0368,CONCESSION_ACCRUAL,12,305,2026-08-23T12:05:00+08:00
db834408-6424-4f6b-95da-2c69993db531,M-1356,ORD-20260823-9882-0369,CONCESSION_ACCRUAL,22,969,2026-08-23T09:48:00+08:00
099b96a4-4981-4057-9132-2a50906c7e73,M-1198,ORD-20260823-3138-0370,CONCESSION_ACCRUAL,33,2163,2026-08-23T11:31:00+08:00
986a1565-f93b-4f15-bc3e-086166008f28,M-1815,ORD-20260823-3533-0371,CONCESSION_ACCRUAL,60,221,2026-08-23T10:21:00+08:00
8b2a763f-5ef0-4302-812b-e9bd15f600b1,M-1479,ORD-20260823-9809-0372,CONCESSION_ACCRUAL,27,2348,2026-08-23T10:22:00+08:00
8385e504-4f1b-4020-89c8-1f283da44bb8,M-2131,ORD-20260823-5599-0373,CONCESSION_ACCRUAL,3,97,2026-08-23T21:52:00+08:00
77d5f499-4a0f-4f4f-a169-e9bc4c4baac7,M-1372,ORD-20260823-2139-0374,CONCESSION_ACCRUAL,10,227,2026-08-23T13:08:00+08:00
7230e2c3-69a1-4e85-9842-48fcbf82594f,M-1752,ORD-20260823-7262-0375,CONCESSION_ACCRUAL,9,2715,2026-08-23T09:57:00+08:00
04437348-9c7a-4fe3-9d0b-24f372d89b15,M-1812,ORD-20260823-3340-0376,CONCESSION_ACCRUAL,9,811,2026-08-23T20:23:00+08:00
19000b46-f66d-47b0-886b-7ce46cb239b1,M-1244,ORD-20260823-8349-0377,CONCESSION_ACCRUAL,11,633,2026-08-23T21:23:00+08:00
d7380ef7-5a75-49a9-9988-3b556a8958da,M-1310,ORD-20260823-3705-0378,CONCESSION_ACCRUAL,22,380,2026-08-23T21:14:00+08:00
efae6834-c636-484e-8fd8-b367cd643073,M-1567,ORD-20260823-8002-0379,CONCESSION_ACCRUAL,24,217,2026-08-23T11:24:00+08:00
e5ad2939-304e-44ce-97ab-c1005cd84ecc,M-1883,ORD-20260823-6634-0380,CONCESSION_ACCRUAL,3,136,2026-08-23T22:46:00+08:00
64b4530e-75cb-4593-a3c0-8f2ff8c6f23e,M-1350,ORD-20260823-1310-0381,CONCESSION_ACCRUAL,23,542,2026-08-23T09:52:00+08:00
c6834041-0782-4ddd-bf01-1e654d276f77,M-1425,ORD-20260823-2090-0382,CONCESSION_ACCRUAL,26,167,2026-08-23T10:39:00+08:00
77c7856c-ab0c-4c0a-8628-0497221024b3,M-1105,ORD-20260823-7311-0383,CONCESSION_ACCRUAL,13,374,2026-08-23T11:27:00+08:00
66d92b98-c6bf-48a4-b1e4-95e5b520b022,M-1394,ORD-20260823-3398-0384,CONCESSION_ACCRUAL,8,246,2026-08-23T22:17:00+08:00
d3a8930f-603b-4264-8882-0d5b16cc1caa,M-1112,ORD-20260823-2675-0385,CONCESSION_ACCRUAL,12,1523,2026-08-23T11:04:00+08:00
956646b9-bbdb-4dbb-bd9e-467cd3fa1111,M-1952,ORD-20260823-4656-0386,CONCESSION_ACCRUAL,12,59,2026-08-23T16:49:00+08:00
548df9e4-e450-4389-9919-e445c8a4f3e8,M-1762,ORD-20260823-8115-0387,CONCESSION_ACCRUAL,8,181,2026-08-23T16:30:00+08:00
e393b7d2-93ca-413a-b41a-1f8be87d2358,M-1476,ORD-20260823-2917-0388,CONCESSION_ACCRUAL,9,226,2026-08-23T10:09:00+08:00
6fe70e6f-76e9-47b9-9399-132a1049b8d9,M-1515,ORD-20260823-4880-0389,CONCESSION_ACCRUAL,21,151,2026-08-23T21:31:00+08:00
0341387e-4a5e-40eb-af6d-6bb5daabc78a,M-1373,ORD-20260823-2311-0390,CONCESSION_ACCRUAL,8,261,2026-08-23T13:29:00+08:00
389b86d9-175a-4cbb-9314-f9134c8235ba,M-1127,ORD-20260823-6164-0391,CONCESSION_ACCRUAL,27,223,2026-08-23T18:37:00+08:00
b6adba93-5bbd-4741-81f6-b607ad7b3de2,M-1664,ORD-20260823-9928-0392,CONCESSION_ACCRUAL,59,2600,2026-08-23T14:39:00+08:00
c2e2a240-eac6-4d5e-a9f2-3e52201fb3c6,M-1662,ORD-20260823-9784-0393,CONCESSION_ACCRUAL,11,142,2026-08-23T18:05:00+08:00
ecaeb72d-0285-4b34-aec3-78cefdca6785,M-1009,ORD-20260823-6606-0394,CONCESSION_ACCRUAL,8,136,2026-08-23T16:27:00+08:00
f93a6ab5-da10-46fe-a89a-598a994fb62b,M-1547,ORD-20260823-5755-0395,CONCESSION_ACCRUAL,16,675,2026-08-23T17:10:00+08:00
3af3f222-4cc8-43a4-be2f-1bfa4aae79a1,M-1461,ORD-20260823-9332-0396,CONCESSION_ACCRUAL,17,440,2026-08-23T15:17:00+08:00
39b3025e-91a8-4c76-bf71-d2b398fbc905,M-1029,ORD-20260823-7235-0397,CONCESSION_ACCRUAL,9,578,2026-08-23T11:40:00+08:00
3b52838d-d3cc-47b6-af66-228ac03877d7,M-1226,ORD-20260823-3012-0398,CONCESSION_ACCRUAL,33,1394,2026-08-23T19:08:00+08:00
994ca4de-4398-4da5-a65f-9b0e857030f3,M-1508,ORD-20260823-5753-0399,CONCESSION_ACCRUAL,20,552,2026-08-23T17:57:00+08:00
5bee2ca1-7ca7-4d2d-8390-2cedbf752a27,M-1247,ORD-20260823-1667-0400,CONCESSION_ACCRUAL,12,2516,2026-08-23T22:23:00+08:00
6d2338fe-2af6-471f-86f9-461177d32ca6,M-1531,ORD-20260823-9121-0401,CONCESSION_ACCRUAL,11,449,2026-08-23T11:07:00+08:00
ce83b808-240b-4992-808e-6f548929d6cb,M-1381,ORD-20260823-4282-0402,CONCESSION_ACCRUAL,22,342,2026-08-23T19:46:00+08:00
a5cf0617-77ce-4181-b30a-a7b125731f56,M-1792,ORD-20260823-6521-0403,CONCESSION_ACCRUAL,9,2153,2026-08-23T22:59:00+08:00
