ledger_id,member_id,source_reference_id,transaction_type,points_delta,resulting_balance,created_at
1fde38f2-e274-4919-b731-8a1963568ff5,M-1081,SESS-20260829-3370-0000,RENTAL_ACCRUAL,6,666,2026-08-29T20:45:00+08:00
abeae42b-fbf8-4f66-9d45-f2af5ec0e390,M-1217,SESS-20260829-8105-0001,RENTAL_REDEMPTION,-100,254,2026-08-29T17:45:00+08:00
2ecc3af6-fc66-4171-a369-0451b89eee47,M-1217,SESS-20260829-8105-0001,RENTAL_ACCRUAL,2,256,2026-08-29T18:45:00+08:00
f6551258-750b-4c92-a65e-b189f3b2aa87,M-1050,SESS-20260829-5257-0002,RENTAL_ACCRUAL,18,376,2026-08-29T19:15:00+08:00
097211c4-8ec0-4274-8203-3b42afa8077e,M-1874,SESS-20260829-8593-0003,RENTAL_ACCRUAL,10,86,2026-08-29T15:30:00+08:00
b81db8b6-b383-4328-8017-d60bddf84162,M-1096,SESS-20260829-2935-0004,RENTAL_ACCRUAL,11,345,2026-08-29T21:00:00+08:00
c341a8ee-a65e-4380-9636-4b90b909bbde,M-1504,SESS-20260829-3130-0005,RENTAL_ACCRUAL,28,500,2026-08-30T04:15:00+08:00
6fc04512-c13c-4675-a278-7b1ffc12b35c,M-2087,SESS-20260829-8003-0006,RENTAL_ACCRUAL,16,133,2026-08-29T16:45:00+08:00
ecf0dde0-2180-47de-8eaf-c8fbeda8a0f9,M-1143,SESS-20260829-4531-0007,RENTAL_ACCRUAL,19,4277,2026-08-29T23:30:00+08:00
f1f97a13-a654-463a-ba89-5a97be52378a,M-1526,SESS-20260829-2607-0008,RENTAL_ACCRUAL,28,1144,2026-08-29T22:30:00+08:00
fa46c446-c2fe-4ebc-b197-ab9c6e640af5,M-2062,SESS-20260829-4903-0009,RENTAL_ACCRUAL,27,306,2026-08-29T19:50:00+08:00
f60cbcf6-d726-4c9e-8999-e13e0153ae79,M-1509,SESS-20260829-4920-0010,RENTAL_REDEMPTION,-400,54,2026-08-29T14:45:00+08:00
5ba24f28-b5bd-4630-856b-646a34616cd0,M-1509,SESS-20260829-4920-0010,RENTAL_ACCRUAL,18,72,2026-08-29T19:45:00+08:00
14d4c7c8-e250-429b-9f11-13bba4eff54a,M-1556,SESS-20260829-4321-0011,RENTAL_ACCRUAL,16,646,2026-08-29T17:30:00+08:00
e21c57f1-6f3d-448d-9ced-f5438418189f,M-2179,SESS-20260829-1408-0012,RENTAL_ACCRUAL,9,385,2026-08-29T21:45:00+08:00
28c16de3-8024-47d3-af81-2d819dab9fe9,M-1519,SESS-20260829-5832-0013,RENTAL_ACCRUAL,11,109,2026-08-30T01:30:00+08:00
1daa4fd5-4022-46d8-a71c-b834d1946494,M-1148,SESS-20260829-7040-0014,RENTAL_ACCRUAL,5,163,2026-08-29T17:15:00+08:00
17464494-d5e1-48ac-8aaf-d80946626c78,M-1252,SESS-20260829-3678-0015,RENTAL_ACCRUAL,19,33,2026-08-29T20:00:00+08:00
b37e2821-36f8-4e40-8f27-b54c215d8523,M-1744,SESS-20260829-6357-0016,RENTAL_ACCRUAL,40,1027,2026-08-29T05:00:00+08:00
e35f47fb-97f0-4ebe-bfc3-a1edea2d62e9,M-1744,TIER_UPGRADE_Silver_TO_Gold,TIER_BONUS,100,1127,2026-08-29T05:00:00+08:00
9c2a748c-406c-4786-9b56-34031e9777f1,M-1036,SESS-20260829-3471-0017,RENTAL_ACCRUAL,19,263,2026-08-29T18:30:00+08:00
442920a8-90cf-4779-9370-0cb9b7f780a1,M-1415,SESS-20260829-9484-0018,RENTAL_ACCRUAL,12,443,2026-08-29T10:15:00+08:00
fe3ea83a-0e58-44e4-afa2-40b75d83ef2d,M-1111,SESS-20260829-6584-0019,RENTAL_ACCRUAL,18,560,2026-08-30T00:45:00+08:00
3fa9be1a-59c1-4ec7-aab5-cd4064c33bcd,M-2059,SESS-20260829-3327-0020,RENTAL_ACCRUAL,10,91,2026-08-29T18:00:00+08:00
7d6f7f84-ffcc-4324-8552-c454e41c67a5,M-1255,SESS-20260829-9161-0021,RENTAL_ACCRUAL,13,477,2026-08-29T09:00:00+08:00
1b5137f5-e107-48d7-a4fd-855e9ff40cc4,M-1648,SESS-20260829-4408-0022,RENTAL_ACCRUAL,48,501,2026-08-30T06:15:00+08:00
6b086eea-27ac-4677-8aa5-2ff369a20c38,M-1219,SESS-20260829-1771-0023,RENTAL_ACCRUAL,16,346,2026-08-29T05:40:00+08:00
2c72359c-ac90-4926-ac4e-32fe6b483705,M-1245,SESS-20260829-4687-0024,RENTAL_REDEMPTION,-200,9,2026-08-29T20:00:00+08:00
8823321e-5326-4c01-8afe-02f7bb8d30f6,M-1245,SESS-20260829-4687-0024,RENTAL_ACCRUAL,4,13,2026-08-29T23:00:00+08:00
0195a536-7daa-457b-9e51-84dac7444578,M-1816,SESS-20260829-9082-0025,RENTAL_ACCRUAL,5,308,2026-08-29T19:45:00+08:00
72be13d4-6f22-4044-b135-ee90c242cf12,M-1816,TIER_UPGRADE_Silver_TO_Gold,TIER_BONUS,100,408,2026-08-29T19:45:00+08:00
4bcac648-62f7-48b9-bb7e-5d849d235797,M-1149,SESS-20260829-4051-0026,RENTAL_ACCRUAL,27,113,2026-08-29T15:15:00+08:00
503b8704-a546-49ec-84ed-c0ded6b07a45,M-1033,SESS-20260829-3371-0027,RENTAL_ACCRUAL,18,73,2026-08-29T09:00:00+08:00
e7221b8d-5551-430a-8446-ac3f079b5aef,M-1120,SESS-20260829-4443-0028,RENTAL_ACCRUAL,28,566,2026-08-29T03:50:00+08:00
2a76d18e-7d56-41c0-9be4-4a7ac40584f2,M-1705,SESS-20260829-2592-0029,RENTAL_REDEMPTION,-100,171,2026-08-29T21:30:00+08:00
236f79ba-3321-44cc-ac3e-c2fc5ea990ff,M-1705,SESS-20260829-2592-0029,RENTAL_ACCRUAL,10,181,2026-08-30T00:30:00+08:00
db59eaf5-c996-4735-ad65-25f25afd240e,M-2128,SESS-20260829-7933-0030,RENTAL_ACCRUAL,18,501,2026-08-29T21:45:00+08:00
737b5274-6666-4a75-8d95-1ec47a12f1a1,M-1848,SESS-20260829-6539-0031,RENTAL_ACCRUAL,15,118,2026-08-29T23:15:00+08:00
1622926e-9eea-491c-934b-807582a2f5da,M-2017,SESS-20260829-9800-0032,RENTAL_ACCRUAL,16,314,2026-08-29T22:30:00+08:00
e62353f8-7393-4312-9d38-849ae4599489,M-1781,SESS-20260829-7587-0033,RENTAL_ACCRUAL,28,3711,2026-08-29T12:45:00+08:00
af299461-9635-400b-b70c-a73ae17935d3,M-1538,SESS-20260829-9583-0034,RENTAL_ACCRUAL,18,196,2026-08-29T16:30:00+08:00
040dbcb3-ae28-4471-b80a-60293040ef3d,M-1530,SESS-20260829-5138-0035,RENTAL_ACCRUAL,72,188,2026-08-30T00:00:00+08:00
22f70967-136d-487a-a297-f4fd241c1c51,M-1541,SESS-20260829-2007-0036,RENTAL_REDEMPTION,-200,115,2026-08-29T18:00:00+08:00
df826202-788d-42eb-9a54-225dc716329c,M-1541,SESS-20260829-2007-0036,RENTAL_ACCRUAL,3,118,2026-08-29T21:00:00+08:00
27423548-fbbd-48c7-bd85-28758a910ede,M-2099,SESS-20260829-9692-0037,RENTAL_ACCRUAL,67,474,2026-08-30T02:30:00+08:00
ffad24e4-b6b8-4934-80d9-8034c527e144,M-1780,SESS-20260829-1721-0038,RENTAL_ACCRUAL,27,438,2026-08-29T21:00:00+08:00
a791941d-5056-4da7-afe2-91ca890fe7dc,M-1811,SESS-20260829-2662-0039,RENTAL_ACCRUAL,16,260,2026-08-30T02:00:00+08:00
b6959a79-218b-4ca6-93de-a9f8eaf4605d,M-2194,SESS-20260829-8248-0040,RENTAL_REDEMPTION,-100,51,2026-08-29T21:45:00+08:00
d6a1ad60-2422-4a48-aa34-0a4f1f880ae8,M-2194,SESS-20260829-8248-0040,RENTAL_ACCRUAL,20,71,2026-08-30T00:45:00+08:00
91b557ee-bf89-4637-aa38-a4e860991b71,M-1350,SESS-20260829-8085-0041,RENTAL_REDEMPTION,-100,577,2026-08-29T09:00:00+08:00
1a4de894-718b-43ae-8d7c-ad79cd4d16f0,M-1350,SESS-20260829-8085-0041,RENTAL_ACCRUAL,4,581,2026-08-29T11:00:00+08:00
9607933e-0868-4b89-82ea-7c7abc714ffb,M-2048,SESS-20260829-2081-0042,RENTAL_ACCRUAL,15,112,2026-08-29T21:45:00+08:00
2316968a-2122-4f5d-86ef-8806122b3ba1,M-1727,SESS-20260829-9629-0043,RENTAL_REDEMPTION,-100,180,2026-08-29T20:00:00+08:00
311db914-ceab-4a49-9ff6-47b8af45e27a,M-1727,SESS-20260829-9629-0043,RENTAL_ACCRUAL,2,182,2026-08-29T21:00:00+08:00
702c2b8d-f6fa-4585-84bb-2ef60ed63edd,M-1929,SESS-20260829-6106-0044,RENTAL_ACCRUAL,28,228,2026-08-30T00:00:00+08:00
eac116ce-91ba-41b6-a6c2-27b47c3acee7,M-1770,SESS-20260829-1695-0045,RENTAL_ACCRUAL,48,207,2026-08-29T20:15:00+08:00
e0845499-25be-4d35-8022-3045f9ba187b,M-1021,SESS-20260829-5237-0046,RENTAL_ACCRUAL,48,719,2026-08-29T18:45:00+08:00
4dce6ea0-daeb-4e3f-88ab-1c5ec16d5d1a,M-2115,SESS-20260829-5004-0047,RENTAL_ACCRUAL,5,266,2026-08-30T00:00:00+08:00
0595089d-c4fe-4d41-ba1f-e7942de9ec9f,M-1568,SESS-20260829-3151-0048,RENTAL_ACCRUAL,5,265,2026-08-29T06:00:00+08:00
778ee28b-f903-45f3-9deb-4445d6b48692,M-2021,SESS-20260829-8731-0049,RENTAL_ACCRUAL,11,262,2026-08-29T16:00:00+08:00
e844c2c6-198a-4603-b996-aa7a546c7b46,M-1652,SESS-20260829-5131-0050,RENTAL_ACCRUAL,12,287,2026-08-29T04:45:00+08:00
def92566-decf-4880-ace1-24083e1e16d7,M-1300,SESS-20260829-3853-0051,RENTAL_ACCRUAL,19,201,2026-08-29T18:00:00+08:00
b5f3b436-3511-4845-a7fe-087dc8f14db7,M-2094,SESS-20260829-3854-0052,RENTAL_REDEMPTION,-400,2,2026-08-29T19:15:00+08:00
fa73aacd-b928-411e-9cfa-704fb10ced46,M-2094,SESS-20260829-3854-0052,RENTAL_ACCRUAL,2,4,2026-08-29T21:15:00+08:00
8a334774-b84e-4fbb-8f62-7e7458532dcb,M-1353,SESS-20260829-5446-0053,RENTAL_ACCRUAL,27,201,2026-08-29T16:30:00+08:00
92ab5c84-f9a0-411f-8dff-ffaed87ab7b3,M-1150,SESS-20260829-7416-0054,RENTAL_ACCRUAL,11,406,2026-08-29T23:15:00+08:00
5d978935-5e42-47af-8307-ba30bdd4cfb1,M-1393,SESS-20260829-4243-0055,RENTAL_ACCRUAL,11,302,2026-08-29T20:45:00+08:00
48575b99-2c69-4123-b809-50e16dda7466,M-1479,SESS-20260829-6082-0056,RENTAL_REDEMPTION,-200,2120,2026-08-29T23:00:00+08:00
de182624-dcf7-46b6-85d8-f607649d4f56,M-1479,SESS-20260829-6082-0056,RENTAL_ACCRUAL,3,2123,2026-08-30T02:00:00+08:00
cf5ad443-8859-42b8-841f-f02965c1606f,M-1233,SESS-20260829-4822-0057,RENTAL_ACCRUAL,16,416,2026-08-29T22:45:00+08:00
04ce3ec2-a835-416a-b1f2-ae045c7bddcf,M-1918,SESS-20260829-1486-0058,RENTAL_ACCRUAL,10,30,2026-08-29T16:00:00+08:00
048dfbac-1bfd-4955-a0c2-297d228940e0,M-1126,SESS-20260829-2224-0059,RENTAL_ACCRUAL,45,420,2026-08-30T05:10:00+08:00
d2dac3ef-aa30-4661-98c2-e32127e72ab6,M-1889,SESS-20260829-1242-0060,RENTAL_ACCRUAL,5,101,2026-08-29T17:45:00+08:00
f0a074ea-4b83-4d3a-bce1-4b65d5aded99,M-1933,SESS-20260829-1177-0061,RENTAL_ACCRUAL,10,207,2026-08-29T18:15:00+08:00
15537eb9-5da5-4330-81e1-6404591160d4,M-2192,SESS-20260829-2962-0062,RENTAL_ACCRUAL,5,378,2026-08-29T22:30:00+08:00
365f11fa-5129-4768-bf34-e5337eda3175,M-1670,SESS-20260829-5553-0063,RENTAL_ACCRUAL,12,73,2026-08-29T19:00:00+08:00
1e17addf-4587-4c40-a805-01de2a1421ee,M-2004,SESS-20260829-8491-0064,RENTAL_ACCRUAL,28,66,2026-08-30T01:45:00+08:00
6469f197-ee21-4abf-a145-60cd52adbc4b,M-1789,SESS-20260829-9090-0065,RENTAL_ACCRUAL,11,219,2026-08-29T15:00:00+08:00
7fa4cf24-e4ef-49a9-8847-6d2a902ca30b,M-1367,SESS-20260829-1606-0066,RENTAL_ACCRUAL,27,545,2026-08-29T13:15:00+08:00
858cddf9-1b76-441f-a989-db3fb0e43785,M-1899,SESS-20260829-5603-0067,RENTAL_ACCRUAL,18,139,2026-08-29T13:30:00+08:00
8ca784dc-5d48-4467-82fb-eb91a5c82212,M-1493,SESS-20260829-8887-0068,RENTAL_ACCRUAL,5,440,2026-08-29T11:45:00+08:00
e07580af-3f29-4dfb-8195-be70838e0e23,M-1948,SESS-20260829-1358-0069,RENTAL_ACCRUAL,28,383,2026-08-29T18:15:00+08:00
85df3c2b-4eb9-4994-bfd7-fdc3881f503d,M-1027,SESS-20260829-3340-0070,RENTAL_ACCRUAL,40,459,2026-08-29T12:30:00+08:00
3dee9cee-28a9-46c7-8017-2f05c35a2a94,M-1045,SESS-20260829-6130-0071,RENTAL_ACCRUAL,16,395,2026-08-29T14:45:00+08:00
306d9eb7-ca18-4737-b406-aa40bb504551,M-1862,SESS-20260829-9935-0072,RENTAL_ACCRUAL,18,133,2026-08-30T01:45:00+08:00
026729e1-86cd-44e6-a898-8546e58be09b,M-1130,SESS-20260829-6800-0073,RENTAL_ACCRUAL,9,504,2026-08-29T20:30:00+08:00
7f622a25-2c14-47fb-beb4-a4b492e4a77e,M-1031,SESS-20260829-7686-0074,RENTAL_ACCRUAL,6,1568,2026-08-29T23:00:00+08:00
8eaa8caf-b178-402d-add2-8d41b8e69d23,M-1363,SESS-20260829-6388-0075,RENTAL_ACCRUAL,18,475,2026-08-29T22:00:00+08:00
a662a592-5f7c-4fad-89ae-b55b9e80d6e9,M-1599,SESS-20260829-8020-0076,RENTAL_ACCRUAL,16,576,2026-08-29T16:15:00+08:00
960d54d7-83c1-4e42-b620-7649d45ea59d,M-1437,SESS-20260829-2479-0077,RENTAL_ACCRUAL,72,508,2026-08-30T04:15:00+08:00
ca21d4f7-a9f8-4921-a5bb-2a4b0cc91dd0,M-2041,SESS-20260829-7137-0078,RENTAL_ACCRUAL,8,58,2026-08-30T00:45:00+08:00
c378b83e-3e8c-4910-bb83-bf194336a671,M-1478,SESS-20260829-6884-0079,RENTAL_ACCRUAL,16,212,2026-08-30T00:15:00+08:00
77cc1869-0122-4dae-b4ad-167b59c37205,M-1663,SESS-20260829-6395-0080,RENTAL_ACCRUAL,16,272,2026-08-29T16:45:00+08:00
15f299d9-7f31-4933-9bb0-138f959d2129,M-1471,SESS-20260829-5980-0081,RENTAL_ACCRUAL,11,110,2026-08-30T01:30:00+08:00
774144da-02da-45a9-b3b5-bae3a2dcf36a,M-1331,SESS-20260829-9614-0082,RENTAL_ACCRUAL,18,359,2026-08-29T10:15:00+08:00
cb829082-2b1b-4c65-9ab3-cb28879919ed,M-1517,SESS-20260829-4627-0083,RENTAL_ACCRUAL,27,124,2026-08-29T16:15:00+08:00
8fbc0f06-9cd9-4be0-bca9-4a3937d596b6,M-2096,SESS-20260829-9950-0084,RENTAL_ACCRUAL,5,173,2026-08-29T14:30:00+08:00
24115027-4e63-4999-8490-717cbacb4e28,M-1308,SESS-20260829-4555-0085,RENTAL_ACCRUAL,9,29,2026-08-29T17:00:00+08:00
0ded8c31-0069-4ab8-90a1-cd5b41438be5,M-1856,SESS-20260829-5179-0086,RENTAL_ACCRUAL,60,145,2026-08-29T13:45:00+08:00
0d9aa53f-6ffb-4c87-9a8a-d10a694b32d2,M-2073,SESS-20260829-6818-0087,RENTAL_ACCRUAL,10,318,2026-08-29T23:45:00+08:00
e363c4d2-89e1-4b0b-b651-b61dffa2f362,M-1978,SESS-20260829-5131-0088,RENTAL_ACCRUAL,5,348,2026-08-29T17:25:00+08:00
8e98c6b4-5480-4bb0-9fc8-8b36f7ec8bc9,M-1268,SESS-20260829-7309-0089,RENTAL_ACCRUAL,5,46,2026-08-30T00:30:00+08:00
56397253-f118-4c49-9983-eeee15d50871,M-1087,SESS-20260829-7704-0090,RENTAL_ACCRUAL,28,1440,2026-08-29T17:45:00+08:00
f7b16c7e-971b-4f31-a9b6-9cbcb0df9560,M-1065,SESS-20260829-7906-0091,RENTAL_ACCRUAL,18,781,2026-08-29T16:15:00+08:00
661d3dc0-40ba-4c8b-8494-ca70ab2012a9,M-1933,SESS-20260829-2458-0092,RENTAL_REDEMPTION,-100,107,2026-08-29T19:15:00+08:00
47aaec3c-e15a-4987-97c9-e7b6d8f8113d,M-1933,SESS-20260829-2458-0092,RENTAL_ACCRUAL,5,112,2026-08-29T21:15:00+08:00
77ce3981-ac28-4980-b0c5-f6682bb38fc7,M-1364,SESS-20260829-8110-0093,RENTAL_REDEMPTION,-100,613,2026-08-29T13:15:00+08:00
7a522182-ed66-41f2-9806-5d98df61efc7,M-1364,SESS-20260829-8110-0093,RENTAL_ACCRUAL,11,624,2026-08-29T15:15:00+08:00
a0325916-e2f5-4a43-8a39-930860ed2b1a,M-1407,SESS-20260829-9457-0094,RENTAL_REDEMPTION,-100,109,2026-08-29T18:45:00+08:00
64860cb6-f868-4369-966a-961fea42c6b2,M-1407,SESS-20260829-9457-0094,RENTAL_ACCRUAL,2,111,2026-08-29T19:45:00+08:00
694e3c70-fb65-4c09-9830-a4f07ab40091,M-2100,SESS-20260829-5142-0095,RENTAL_ACCRUAL,27,321,2026-08-29T15:15:00+08:00
92cd15f5-404b-468c-bc36-3f63023300bf,M-1059,SESS-20260829-5246-0096,RENTAL_ACCRUAL,11,239,2026-08-29T19:30:00+08:00
d81b2af7-a64a-4d25-a297-dcb86752416e,M-1001,SESS-20260829-4069-0097,RENTAL_REDEMPTION,-400,210,2026-08-29T17:30:00+08:00
fa35a046-8078-4dec-8b05-d0b43f72492a,M-1001,SESS-20260829-4069-0097,RENTAL_ACCRUAL,3,213,2026-08-29T22:30:00+08:00
3860b17b-ca22-46d2-a2a2-171bcd604064,M-1116,SESS-20260829-6502-0098,RENTAL_ACCRUAL,16,181,2026-08-29T20:30:00+08:00
906c073b-f530-4280-88e5-7a10aed2d765,M-1010,SESS-20260829-6116-0099,RENTAL_ACCRUAL,11,624,2026-08-29T22:45:00+08:00
e423e463-9d95-4f76-ac35-c7874bcc5289,M-1051,SESS-20260829-9960-0100,RENTAL_ACCRUAL,6,258,2026-08-29T22:00:00+08:00
f11163ed-db55-45c3-88ec-298d532ee30e,M-1834,SESS-20260829-6077-0101,RENTAL_ACCRUAL,13,163,2026-08-29T13:15:00+08:00
6117656e-38dd-49c3-8022-ef29bbb3d17c,M-1832,SESS-20260829-9855-0102,RENTAL_ACCRUAL,27,144,2026-08-29T21:45:00+08:00
2de865e9-0391-4b64-bf59-65fb7a170bb8,M-1067,SESS-20260829-1378-0103,RENTAL_ACCRUAL,19,505,2026-08-29T14:00:00+08:00
5b324521-43cb-45ba-9cd1-b7db27f59850,M-1651,SESS-20260829-1335-0104,RENTAL_ACCRUAL,18,586,2026-08-29T19:15:00+08:00
a89664a0-f076-467d-9496-3d812ea424fd,M-1360,SESS-20260829-4917-0105,RENTAL_ACCRUAL,16,289,2026-08-30T02:55:00+08:00
f274ba57-78a6-4a9f-9521-7a34bd435e5b,M-1303,SESS-20260829-1521-0106,RENTAL_REDEMPTION,-100,2599,2026-08-29T10:15:00+08:00
e9093495-5736-4fe1-b63b-8c1eca6d720b,M-1303,SESS-20260829-1521-0106,RENTAL_ACCRUAL,4,2603,2026-08-29T12:15:00+08:00
8bada93b-8f65-46ec-ac83-5a18e8539edb,M-2083,SESS-20260829-1271-0107,RENTAL_ACCRUAL,15,212,2026-08-29T14:45:00+08:00
61e4835b-6d4a-4134-b2ca-da5e7ffc7120,M-1195,SESS-20260829-6992-0108,RENTAL_ACCRUAL,18,360,2026-08-29T16:45:00+08:00
28ae9f16-f16d-44e4-a4c9-b66c4910db36,M-1305,SESS-20260829-2367-0109,RENTAL_ACCRUAL,9,686,2026-08-29T17:00:00+08:00
bcb2329c-8420-41f4-b9b8-631618a8b28c,M-2108,SESS-20260829-3583-0110,RENTAL_ACCRUAL,5,270,2026-08-29T20:45:00+08:00
4f41e790-7be8-4ca0-84ab-69e953c5aa15,M-1888,SESS-20260829-1339-0111,RENTAL_ACCRUAL,67,419,2026-08-30T03:30:00+08:00
6eef46b5-dbb4-4e4f-9bb7-238bed560df6,M-1115,SESS-20260829-6634-0112,RENTAL_ACCRUAL,16,339,2026-08-30T01:45:00+08:00
f4600e4e-3b7a-4a2a-a4bf-0064576386c4,M-1170,SESS-20260829-3809-0113,RENTAL_ACCRUAL,11,117,2026-08-30T00:10:00+08:00
39538ed4-6293-42ca-abab-4963992fe6a8,M-1974,SESS-20260829-1435-0114,RENTAL_ACCRUAL,10,60,2026-08-30T00:50:00+08:00
792ebceb-60ec-4d6b-b119-e71702cdebee,M-1905,SESS-20260829-7640-0115,RENTAL_ACCRUAL,9,560,2026-08-29T21:15:00+08:00
adfae099-ebed-4b72-b5cc-5a51e1ce1d81,M-1932,SESS-20260829-2158-0116,RENTAL_REDEMPTION,-200,33,2026-08-29T08:30:00+08:00
9f451a2c-7be3-4666-ac74-193875226fa9,M-1932,SESS-20260829-2158-0116,RENTAL_ACCRUAL,14,47,2026-08-29T10:30:00+08:00
0e2dc410-09c9-4a3d-9014-a3fd924a55ca,M-2159,SESS-20260829-6508-0117,RENTAL_ACCRUAL,11,162,2026-08-29T21:15:00+08:00
9e930f9c-cb3e-4416-a996-80d397f306ef,M-1818,SESS-20260829-8289-0118,RENTAL_ACCRUAL,5,521,2026-08-29T23:15:00+08:00
3bff6645-43d9-4de6-846f-e42b6013946f,M-1750,SESS-20260829-1718-0119,RENTAL_ACCRUAL,18,428,2026-08-29T22:15:00+08:00
9b769b39-ec4f-45f3-b42f-f17e5c1532d3,M-1883,SESS-20260829-7922-0120,RENTAL_ACCRUAL,5,86,2026-08-29T19:30:00+08:00
8b77f1b3-09e3-4473-87ac-31162c719d10,M-2042,SESS-20260829-7220-0121,RENTAL_ACCRUAL,16,302,2026-08-29T04:15:00+08:00
fc28b768-a531-412f-bd9f-f5508770b104,M-1274,SESS-20260829-9521-0122,RENTAL_ACCRUAL,48,814,2026-08-30T02:45:00+08:00
60e8145f-3ef8-4278-ab1a-5da9d4d8bdff,M-2053,SESS-20260829-5625-0123,RENTAL_REDEMPTION,-100,385,2026-08-29T23:00:00+08:00
608c1e5c-c0a2-4cc8-b159-4b283bd1c3d9,M-2053,SESS-20260829-5625-0123,RENTAL_ACCRUAL,61,446,2026-08-30T04:00:00+08:00
24c9cd57-add3-491d-bd6f-e11e4776045c,M-1077,SESS-20260829-2378-0124,RENTAL_ACCRUAL,27,791,2026-08-29T22:30:00+08:00
318f3d80-fd00-4202-8a8e-903b380e4714,M-1366,SESS-20260829-5719-0125,RENTAL_ACCRUAL,18,863,2026-08-30T01:00:00+08:00
6b4ed46f-c4b0-4f33-83e9-9f7e371a81d0,M-1104,SESS-20260829-9815-0126,RENTAL_ACCRUAL,18,88,2026-08-30T02:15:00+08:00
c52cb6ab-d2cc-4048-b656-1ee86c939a55,M-1552,SESS-20260829-8050-0127,RENTAL_REDEMPTION,-100,21,2026-08-29T21:15:00+08:00
6fbc43c2-3a20-459a-992f-aa79b8817ff8,M-1552,SESS-20260829-8050-0127,RENTAL_ACCRUAL,7,28,2026-08-29T22:15:00+08:00
31d91d25-3793-48f9-8e76-a4af0affe65a,M-1121,SESS-20260829-8976-0128,RENTAL_ACCRUAL,16,408,2026-08-29T19:00:00+08:00
f1d9115f-b4e4-4bb3-a9ae-8a43fda42947,M-2098,SESS-20260829-8697-0129,RENTAL_REDEMPTION,-100,30,2026-08-29T23:30:00+08:00
30e12e9e-da58-4a2c-91ec-dad6cd9245cc,M-2098,SESS-20260829-8697-0129,RENTAL_ACCRUAL,5,35,2026-08-30T01:30:00+08:00
5bc8a1ff-3636-40cb-881d-8e94cef48de2,M-1532,SESS-20260829-4306-0130,RENTAL_ACCRUAL,16,63,2026-08-30T00:30:00+08:00
a4ace0b7-6218-4138-a108-4df145c24501,M-1702,SESS-20260829-6392-0131,RENTAL_ACCRUAL,12,344,2026-08-30T00:35:00+08:00
268f8777-4a6e-4e76-a92a-d947a4e661be,M-1752,SESS-20260829-2385-0132,RENTAL_ACCRUAL,19,2746,2026-08-29T21:15:00+08:00
ff0fe9f5-d868-4a74-9bbf-30277bce4f7a,M-1467,SESS-20260829-7180-0133,RENTAL_ACCRUAL,67,186,2026-08-29T19:30:00+08:00
9d5f435a-ffc1-4476-ab65-e40aa57cd519,M-1805,SESS-20260829-1426-0134,RENTAL_ACCRUAL,30,574,2026-08-29T19:30:00+08:00
69142d78-616e-4c4a-bd83-79deec5674ee,M-1914,SESS-20260829-4608-0135,RENTAL_ACCRUAL,96,228,2026-08-30T06:30:00+08:00
4f484f43-7c34-49e3-a6ce-60b1eea0d292,M-1189,SESS-20260829-5443-0136,RENTAL_ACCRUAL,27,630,2026-08-29T12:45:00+08:00
b83b5da1-958a-4cac-b706-60e2436dcc2e,M-2111,SESS-20260829-7274-0137,RENTAL_REDEMPTION,-100,28,2026-08-29T23:30:00+08:00
61052642-72eb-4ec7-b7a2-75d95fc58c80,M-2111,SESS-20260829-7274-0137,RENTAL_ACCRUAL,5,33,2026-08-30T01:30:00+08:00
43b0e68c-d56d-4fd2-b859-9022957368cc,M-1877,SESS-20260829-1747-0138,RENTAL_ACCRUAL,16,377,2026-08-29T20:15:00+08:00
77709fbe-55e6-4192-b9d1-aeb1281998e2,M-1223,SESS-20260829-5501-0139,RENTAL_ACCRUAL,11,100,2026-08-29T17:45:00+08:00
18b0cd3c-3376-430f-a2d1-b5385f603e12,M-2171,SESS-20260829-7538-0140,RENTAL_ACCRUAL,45,224,2026-08-30T01:00:00+08:00
24ebffb0-a88d-47c9-b533-3af5b81b2845,M-1960,SESS-20260829-6570-0141,RENTAL_ACCRUAL,5,452,2026-08-29T22:30:00+08:00
66288540-c240-4aca-bcbb-97bd9b80fe4c,M-1456,SESS-20260829-4931-0142,RENTAL_ACCRUAL,45,657,2026-08-29T18:00:00+08:00
6d1ec0b5-2f8b-4643-98ec-e66c82ff8919,M-1492,SESS-20260829-5425-0143,RENTAL_ACCRUAL,12,344,2026-08-30T00:30:00+08:00
c2eab0c3-d5d8-4bb8-93f6-9e4e8b79b9e4,M-1033,SESS-20260829-4360-0144,RENTAL_ACCRUAL,11,84,2026-08-29T22:30:00+08:00
82dc08c9-9a2e-44a2-b592-1be4d7af26c7,M-1017,SESS-20260829-3221-0145,RENTAL_ACCRUAL,11,363,2026-08-29T22:45:00+08:00
747918f9-1775-47af-b2dc-6062cdfc46bc,M-1876,SESS-20260829-9725-0146,RENTAL_ACCRUAL,28,286,2026-08-30T04:15:00+08:00
f21b7c5c-bd59-4793-8aad-9e08ffc3084c,M-1642,SESS-20260829-9851-0147,RENTAL_ACCRUAL,14,421,2026-08-29T23:40:00+08:00
cc786b29-cfb6-4b1e-b10e-ca1240b09658,M-1603,SESS-20260829-1314-0148,RENTAL_ACCRUAL,72,437,2026-08-29T21:45:00+08:00
8ba415e4-ccd3-412a-a2f8-6c48ede845d8,M-1285,SESS-20260829-3512-0149,RENTAL_REDEMPTION,-400,88,2026-08-29T22:50:00+08:00
acd9683e-57bc-4b47-91c0-b8bf3de87567,M-1285,SESS-20260829-3512-0149,RENTAL_ACCRUAL,3,91,2026-08-30T03:50:00+08:00
99e5de54-8c21-467f-8dff-96faa885ae53,M-1935,SESS-20260829-1394-0150,RENTAL_ACCRUAL,11,490,2026-08-29T22:30:00+08:00
5e5fd034-c296-4690-8050-69d26aca036f,M-1390,SESS-20260829-5553-0151,RENTAL_ACCRUAL,28,168,2026-08-30T02:15:00+08:00
67db878f-f941-4c1e-aa37-7a99f595bb80,M-1755,SESS-20260829-8173-0152,RENTAL_REDEMPTION,-100,39,2026-08-29T22:45:00+08:00
a8b369d2-61be-4a70-8606-d7381d62de73,M-1755,SESS-20260829-8173-0152,RENTAL_ACCRUAL,38,77,2026-08-30T03:45:00+08:00
54a0e73e-b579-4fef-8ba8-091136eecfdf,M-1966,SESS-20260829-5764-0153,RENTAL_ACCRUAL,10,149,2026-08-29T16:30:00+08:00
66578c93-6cb7-4928-8c17-8c1a3133b2bf,M-1759,SESS-20260829-5525-0154,RENTAL_ACCRUAL,76,657,2026-08-30T07:15:00+08:00
30fd6fb4-e12b-439b-a631-65a4918f221b,M-1243,SESS-20260829-5209-0155,RENTAL_REDEMPTION,-200,40,2026-08-29T19:55:00+08:00
1e796b4d-466d-4a18-991a-e509729ca34e,M-1243,SESS-20260829-5209-0155,RENTAL_ACCRUAL,14,54,2026-08-29T22:55:00+08:00
b1ef0510-f185-4b98-b181-abfb4185b03f,M-1896,SESS-20260829-1518-0156,RENTAL_ACCRUAL,18,439,2026-08-29T22:40:00+08:00
b2716b38-2608-47a0-963e-28022ae9af0c,M-1244,SESS-20260829-5552-0157,RENTAL_ACCRUAL,6,682,2026-08-29T19:45:00+08:00
dda89efe-2525-4b6b-b077-b48239ed42d3,M-1350,SESS-20260829-4794-0158,RENTAL_ACCRUAL,12,593,2026-08-30T00:15:00+08:00
fe212c98-9821-479f-b718-e96403f1c179,M-2156,SESS-20260829-2432-0159,RENTAL_ACCRUAL,5,108,2026-08-29T17:30:00+08:00
d45be693-5195-4bf5-9b9b-b1d89b3f6137,M-1754,SESS-20260829-6168-0160,RENTAL_ACCRUAL,6,407,2026-08-29T20:45:00+08:00
b49568b8-c7c7-4318-a0d2-47f50ae172b0,M-2167,SESS-20260829-9899-0161,RENTAL_ACCRUAL,11,286,2026-08-29T20:15:00+08:00
4ab7d597-87e9-48f4-a226-b26ca72346a5,M-1691,SESS-20260829-7118-0162,RENTAL_REDEMPTION,-100,668,2026-08-29T21:10:00+08:00
cf8b37fe-c537-47d9-9604-6360ca67b95f,M-1691,SESS-20260829-7118-0162,RENTAL_ACCRUAL,2,670,2026-08-29T22:10:00+08:00
43305dab-974e-4d53-91fc-c9254350edd4,M-1956,SESS-20260829-6632-0163,RENTAL_ACCRUAL,67,244,2026-08-29T22:30:00+08:00
0d0f5c0f-57c7-42d3-8e23-9e62fca62f8b,M-2024,SESS-20260829-4350-0164,RENTAL_REDEMPTION,-100,1,2026-08-29T13:45:00+08:00
efebf12c-fc79-4462-89a0-d6f0cccea537,M-2024,SESS-20260829-4350-0164,RENTAL_ACCRUAL,35,36,2026-08-29T18:45:00+08:00
b97295e3-add0-4c39-8087-de6f0e0803c3,M-2024,TIER_UPGRADE_Standard_TO_Silver,TIER_BONUS,50,86,2026-08-29T18:45:00+08:00
98b8d446-ee9c-4a0e-ae5d-c591129a2103,M-1483,SESS-20260829-4270-0165,RENTAL_ACCRUAL,28,281,2026-08-30T00:30:00+08:00
fd21125e-1e40-4ee5-a26a-47bfd8294a0e,M-1461,SESS-20260829-7295-0166,RENTAL_ACCRUAL,28,610,2026-08-30T00:45:00+08:00
1cbec6b0-f06d-4983-b7df-c5aece593da6,M-1368,SESS-20260829-1286-0167,RENTAL_ACCRUAL,9,409,2026-08-29T17:55:00+08:00
5b96a195-bfe9-429e-b1f2-17b1f3130530,M-2039,SESS-20260829-1786-0168,RENTAL_ACCRUAL,24,186,2026-08-29T12:30:00+08:00
37a09849-4279-481f-befc-330eb0904789,M-2074,SESS-20260829-4304-0169,RENTAL_ACCRUAL,11,232,2026-08-29T16:15:00+08:00
2ca3e874-3d76-4a63-94e8-827a41e84376,M-1804,SESS-20260829-1538-0170,RENTAL_REDEMPTION,-100,207,2026-08-29T21:25:00+08:00
9eea5e27-cc57-4228-ad3e-29e26f548a3a,M-1804,SESS-20260829-1538-0170,RENTAL_ACCRUAL,65,272,2026-08-30T05:25:00+08:00
c7eabc4a-5d9b-49f7-b213-d2f49ead5184,M-1197,SESS-20260829-1554-0171,RENTAL_REDEMPTION,-100,156,2026-08-29T10:45:00+08:00
152d6bc6-0dc2-44c5-a180-e7a6d6103e78,M-1197,SESS-20260829-1554-0171,RENTAL_ACCRUAL,10,166,2026-08-29T13:45:00+08:00
60bd4da9-beab-4947-8352-b9268cad0d31,M-2187,SESS-20260829-2195-0172,RENTAL_ACCRUAL,9,285,2026-08-29T16:00:00+08:00
783bfe88-7efa-474c-87e6-6fc91809abf5,M-1332,SESS-20260829-6999-0173,RENTAL_REDEMPTION,-100,243,2026-08-29T21:50:00+08:00
01b7d7bc-efd4-4cab-80b0-f8697d4c0fa2,M-1332,SESS-20260829-6999-0173,RENTAL_ACCRUAL,38,281,2026-08-30T02:50:00+08:00
03626dc4-d3e4-4404-8955-7db0a050bbaf,M-1955,SESS-20260829-7471-0174,RENTAL_REDEMPTION,-100,39,2026-08-29T22:45:00+08:00
0cad1330-7cba-4f03-a354-490a0428fd1e,M-1955,SESS-20260829-7471-0174,RENTAL_ACCRUAL,10,49,2026-08-30T01:45:00+08:00
4a25ad16-5f3e-48e4-9558-661e3fcdab5b,M-2179,SESS-20260829-5048-0175,RENTAL_REDEMPTION,-100,285,2026-08-29T22:45:00+08:00
d7754a7e-b96d-49f6-979d-0aa2dad68f08,M-2179,SESS-20260829-5048-0175,RENTAL_ACCRUAL,10,295,2026-08-30T01:45:00+08:00
fcd9e41a-8c96-4965-83b0-d4eebd72aac6,M-1154,SESS-20260829-7655-0176,RENTAL_ACCRUAL,67,148,2026-08-29T22:15:00+08:00
470edf1f-ca9e-48d4-9c21-ee928d71e3f2,M-1154,TIER_UPGRADE_Silver_TO_Gold,TIER_BONUS,100,248,2026-08-29T22:15:00+08:00
e39d76ed-1060-4fc4-898e-15ef03a22984,M-2105,SESS-20260829-3018-0177,RENTAL_ACCRUAL,18,235,2026-08-30T00:05:00+08:00
67451c68-b81e-4a2c-8a41-33392104910b,M-1016,SESS-20260829-4818-0178,RENTAL_ACCRUAL,72,324,2026-08-30T03:25:00+08:00
a5d6bc5c-757e-4a35-88af-a9f557ade185,M-2199,SESS-20260829-5917-0179,RENTAL_ACCRUAL,5,25,2026-08-29T15:30:00+08:00
190338dc-9a00-421b-98fe-59a97c36ee5a,M-2063,SESS-20260829-5943-0180,RENTAL_REDEMPTION,-100,214,2026-08-29T14:40:00+08:00
2d1e531b-953e-4f05-8677-6b7019ea7057,M-2063,SESS-20260829-5943-0180,RENTAL_ACCRUAL,38,252,2026-08-29T22:40:00+08:00
5568f247-14e9-4c0f-8604-dbd67264a33d,M-2112,SESS-20260829-1346-0181,RENTAL_ACCRUAL,15,42,2026-08-29T23:20:00+08:00
e2a8cd12-4a48-484a-847f-fbd713c98c20,M-1575,SESS-20260829-7842-0182,RENTAL_ACCRUAL,19,228,2026-08-29T23:30:00+08:00
2398c2d7-1561-4f3b-a6e2-c2fd1ed55d2f,M-1157,SESS-20260829-1695-0183,RENTAL_ACCRUAL,5,406,2026-08-29T20:45:00+08:00
d53de8bf-2307-46b8-a197-e1b2553d3134,M-1049,SESS-20260829-7120-0184,RENTAL_REDEMPTION,-100,27,2026-08-29T13:15:00+08:00
dde9436f-1536-49db-a2d8-4b82240a93ce,M-1049,SESS-20260829-7120-0184,RENTAL_ACCRUAL,7,34,2026-08-29T14:15:00+08:00
110ad5d4-1ec6-40f8-990a-36675507ead5,M-1014,SESS-20260829-7950-0185,RENTAL_ACCRUAL,18,226,2026-08-30T02:20:00+08:00
1d4ea1fc-4216-4dd0-9328-fb952367e410,M-1863,SESS-20260829-3329-0186,RENTAL_ACCRUAL,45,324,2026-08-30T02:30:00+08:00
eddce834-4731-4e21-bf27-ad5f68120750,M-1681,SESS-20260829-3141-0187,RENTAL_ACCRUAL,9,176,2026-08-29T21:45:00+08:00
25d22585-8d9c-40ae-ae91-f577157940aa,M-1706,SESS-20260829-8679-0188,RENTAL_ACCRUAL,19,267,2026-08-30T01:30:00+08:00
34e6c9cb-e0cf-4723-b88a-bb792e617c73,M-1687,SESS-20260829-2729-0189,RENTAL_ACCRUAL,27,552,2026-08-30T00:20:00+08:00
efaabf8f-729d-47ba-935b-30e1688aa861,M-1441,SESS-20260829-5148-0190,RENTAL_REDEMPTION,-100,226,2026-08-29T22:45:00+08:00
18e6740c-040f-4635-ae15-24052305cbff,M-1441,SESS-20260829-5148-0190,RENTAL_ACCRUAL,5,231,2026-08-30T00:45:00+08:00
2a65fea2-c749-4739-9f25-efeddfbef1ea,M-1272,SESS-20260829-8434-0191,RENTAL_ACCRUAL,12,1290,2026-08-29T14:30:00+08:00
060a13dd-6af9-4d3c-91f4-c71a2297ebd1,M-1537,SESS-20260829-8925-0192,RENTAL_ACCRUAL,13,582,2026-08-29T20:15:00+08:00
bca1a348-6233-457c-b0df-750156449be0,M-1685,SESS-20260829-4795-0193,RENTAL_ACCRUAL,48,270,2026-08-30T03:15:00+08:00
d1936df0-c34f-4d24-aa5c-9e91a20f9cd7,M-1799,SESS-20260829-2648-0194,RENTAL_ACCRUAL,11,319,2026-08-29T18:00:00+08:00
5ebb5e7a-5715-4a4e-a715-39f891d137c5,M-1996,SESS-20260829-7458-0195,RENTAL_REDEMPTION,-100,2,2026-08-29T22:55:00+08:00
6e0f98fb-1713-4732-a21d-9bb0bf921bc1,M-1996,SESS-20260829-7458-0195,RENTAL_ACCRUAL,5,7,2026-08-30T00:55:00+08:00
932d65dc-f752-4be7-acab-799ffde8737b,M-1322,SESS-20260829-6853-0196,RENTAL_ACCRUAL,11,438,2026-08-30T01:10:00+08:00
0ce006ed-202e-4aac-b06e-a46699e99628,M-1725,SESS-20260829-5167-0197,RENTAL_ACCRUAL,14,258,2026-08-29T22:55:00+08:00
39ec5c8d-e57b-4112-a9ff-24872f1382d9,M-1018,SESS-20260829-4864-0198,RENTAL_REDEMPTION,-100,4,2026-08-29T18:15:00+08:00
d726863a-392a-49e1-8ba9-44648bece66c,M-1018,SESS-20260829-4864-0198,RENTAL_ACCRUAL,20,24,2026-08-29T21:15:00+08:00
162006c1-6601-43a9-9f47-df07780d9ec5,M-1086,SESS-20260829-2792-0199,RENTAL_ACCRUAL,18,299,2026-08-29T20:45:00+08:00
d0d5ea57-0a78-4858-bb8d-9abdfac0a56f,M-1837,SESS-20260829-3553-0200,RENTAL_REDEMPTION,-200,53,2026-08-29T20:30:00+08:00
1458cf4f-19ed-4366-9f56-7bfcee62c766,M-1837,SESS-20260829-3553-0200,RENTAL_ACCRUAL,4,57,2026-08-29T23:30:00+08:00
a4ade33f-2ef7-4f65-8bde-2528c4aecbb6,M-1913,SESS-20260829-1275-0201,RENTAL_ACCRUAL,9,159,2026-08-29T21:00:00+08:00
13ac7a3d-786b-4ccf-bc86-6b9b1aeb7d86,M-1462,SESS-20260829-5520-0202,RENTAL_ACCRUAL,19,367,2026-08-29T17:15:00+08:00
42b02241-82f5-4f3d-807e-353aa025278f,M-1912,SESS-20260829-2786-0203,RENTAL_ACCRUAL,9,447,2026-08-29T21:50:00+08:00
4a5bb313-ddb1-487b-a25f-ab5071c09b89,M-2066,SESS-20260829-6244-0204,RENTAL_ACCRUAL,64,98,2026-08-30T06:55:00+08:00
83af0f1d-d9f4-46dd-9b76-ad73046c5fee,M-1840,SESS-20260829-2461-0205,RENTAL_ACCRUAL,30,1943,2026-08-30T03:00:00+08:00
2b5fc911-0538-4270-9613-5e26e8823a3d,M-2027,SESS-20260829-5072-0206,RENTAL_ACCRUAL,9,151,2026-08-29T19:00:00+08:00
c49b77a8-ac69-4ca9-bffb-dec9bad72a38,M-2084,SESS-20260829-4912-0207,RENTAL_REDEMPTION,-100,371,2026-08-29T12:30:00+08:00
2a3aab5f-317b-41dd-8d3e-329871eb2092,M-2084,SESS-20260829-4912-0207,RENTAL_ACCRUAL,5,376,2026-08-29T14:30:00+08:00
af806338-3060-4d54-9304-5dfb0dc452dc,M-1939,SESS-20260829-9263-0208,RENTAL_ACCRUAL,18,296,2026-08-29T19:00:00+08:00
6e1c7d09-441c-45ee-9093-37813fec89d2,M-1590,SESS-20260829-5039-0209,RENTAL_ACCRUAL,9,305,2026-08-29T22:45:00+08:00
85bf3ef0-f00f-4d25-a699-ff2c7d582ef2,M-1345,SESS-20260829-5586-0210,RENTAL_ACCRUAL,12,873,2026-08-29T20:15:00+08:00
891f75a2-9014-4719-8fd6-40ff0675b0ae,M-1941,SESS-20260829-6054-0211,RENTAL_ACCRUAL,11,147,2026-08-30T00:40:00+08:00
067e94d5-de8c-490b-92b9-5f4989185b73,M-1932,SESS-20260829-1342-0212,RENTAL_ACCRUAL,28,75,2026-08-30T02:05:00+08:00
f98794f7-fbc4-4f09-a4b7-1071aa4a6abd,M-2021,SESS-20260829-3834-0213,RENTAL_ACCRUAL,27,289,2026-08-30T01:45:00+08:00
0c25eeec-8432-4653-a2e4-cc0330d493a2,M-1435,SESS-20260829-3439-0214,RENTAL_ACCRUAL,28,525,2026-08-30T00:45:00+08:00
2a7a2cad-00f3-4850-91ed-6625d7b410cb,M-2184,SESS-20260829-9590-0215,RENTAL_ACCRUAL,18,117,2026-08-29T20:15:00+08:00
6075e4e5-d662-43d0-abc9-6cba0c2ae922,M-1429,SESS-20260829-3690-0216,RENTAL_ACCRUAL,18,767,2026-08-29T23:45:00+08:00
fcef4fd1-a41c-41c4-a4e1-1c332a4c614a,M-1491,SESS-20260829-3200-0217,RENTAL_ACCRUAL,27,80,2026-08-29T22:25:00+08:00
91c0505b-3d07-4555-97fe-94f9b6c113af,M-1680,SESS-20260829-6052-0218,RENTAL_REDEMPTION,-200,95,2026-08-29T20:25:00+08:00
6251098b-0ec0-4039-92a9-e4485de32802,M-1680,SESS-20260829-6052-0218,RENTAL_ACCRUAL,13,108,2026-08-29T23:25:00+08:00
e2a99c68-55b8-4f65-aa16-d200878de19d,M-1860,SESS-20260829-7048-0219,RENTAL_ACCRUAL,5,132,2026-08-29T16:00:00+08:00
0dc836f8-fd5e-4da3-b6d9-fc5cfa557914,M-1633,SESS-20260829-9668-0220,RENTAL_ACCRUAL,5,148,2026-08-29T23:45:00+08:00
95b46000-4d5c-4347-afe6-4eb894524ab0,M-1746,SESS-20260829-6046-0221,RENTAL_ACCRUAL,18,160,2026-08-29T17:30:00+08:00
a67241ce-b113-4099-b818-efe993e793b9,M-1936,SESS-20260829-6446-0222,RENTAL_ACCRUAL,45,490,2026-08-30T02:55:00+08:00
dbcffe97-b6f3-4d44-a9fe-c55d4f78f78c,M-1852,SESS-20260829-8841-0223,RENTAL_ACCRUAL,40,150,2026-08-30T03:45:00+08:00
8f8b9aaf-4fa8-46d8-886d-d407c22ed397,M-1584,SESS-20260829-1139-0224,RENTAL_ACCRUAL,18,403,2026-08-29T23:55:00+08:00
2131ac80-3a58-4d3d-a672-e3db7cc14aba,M-1584,TIER_UPGRADE_Silver_TO_Gold,TIER_BONUS,100,503,2026-08-29T23:55:00+08:00
c0215d5d-074e-4649-b997-2b35c862fbe5,M-1849,SESS-20260829-3045-0225,RENTAL_ACCRUAL,8,43,2026-08-29T04:00:00+08:00
f00d2f3a-81f0-4a41-bf8a-8e57e87385f8,M-2058,SESS-20260829-3871-0226,RENTAL_ACCRUAL,5,109,2026-08-29T21:55:00+08:00
211cdacc-2157-415a-acdd-76f35b75ff86,M-1283,SESS-20260829-5720-0227,RENTAL_ACCRUAL,11,148,2026-08-30T01:35:00+08:00
c56e68d2-86bd-4a1f-8367-10338e63ea9d,M-1482,SESS-20260829-1955-0228,RENTAL_ACCRUAL,6,714,2026-08-29T17:55:00+08:00
999c215d-1e3b-4bef-ab5d-5c7ec9fa0608,M-1734,SESS-20260829-8779-0229,RENTAL_ACCRUAL,30,630,2026-08-29T11:45:00+08:00
8b532f5d-a4ec-4587-8ea3-653d25f8613a,M-1468,SESS-20260829-9720-0230,RENTAL_ACCRUAL,12,579,2026-08-29T23:30:00+08:00
9304cdb1-ba42-42d5-90db-cb4e25725faa,M-2011,SESS-20260829-3148-0231,RENTAL_ACCRUAL,5,176,2026-08-29T18:35:00+08:00
1552249a-eabf-45de-821e-cb7ec5c17701,M-1696,SESS-20260829-7155-0232,RENTAL_ACCRUAL,28,641,2026-08-29T22:15:00+08:00
d3f946ff-7e83-429b-ad30-894ef67b5b48,M-2030,SESS-20260829-2999-0233,RENTAL_ACCRUAL,8,118,2026-08-29T14:30:00+08:00
94773f27-e6b4-43cf-b2a8-5595363f8294,M-2131,SESS-20260829-9159-0234,RENTAL_REDEMPTION,-100,89,2026-08-29T14:40:00+08:00
6474d734-0472-448a-a05e-2d829d917b8d,M-2131,SESS-20260829-9159-0234,RENTAL_ACCRUAL,19,108,2026-08-29T17:40:00+08:00
acb1d353-9bfa-4fa0-8bda-6bcea75a904f,M-2045,SESS-20260829-6214-0235,RENTAL_ACCRUAL,25,178,2026-08-29T17:30:00+08:00
05b7e0b3-46e0-47ab-bd3d-aef54d14f036,M-1890,SESS-20260829-7044-0236,RENTAL_ACCRUAL,24,89,2026-08-29T17:30:00+08:00
9953591f-db5d-4f8a-890f-50cdb640bfe1,M-1973,SESS-20260829-6988-0237,RENTAL_ACCRUAL,16,145,2026-08-29T18:05:00+08:00
36f6d7fc-9398-48e2-a5f9-43662081419f,M-1990,SESS-20260829-8187-0238,RENTAL_ACCRUAL,25,125,2026-08-30T03:40:00+08:00
da848a07-ce05-425f-98eb-2ebb0f4e4281,M-2102,SESS-20260829-4982-0239,RENTAL_ACCRUAL,16,165,2026-08-29T21:05:00+08:00
392ee658-f951-4f94-b028-1b925c1eed13,M-1428,SESS-20260829-5833-0240,RENTAL_ACCRUAL,11,176,2026-08-29T22:00:00+08:00
81e4e269-8527-4088-be11-a2af9426e9db,M-1981,SESS-20260829-6171-0241,RENTAL_ACCRUAL,16,93,2026-08-30T02:40:00+08:00
354fcf47-ccc2-4b80-b913-8fc05447f2cd,M-1460,SESS-20260829-2971-0242,RENTAL_ACCRUAL,11,25,2026-08-30T00:45:00+08:00
d4a78224-2b61-42c6-b368-05028d1507d5,M-1273,SESS-20260829-4705-0243,RENTAL_ACCRUAL,6,688,2026-08-30T00:45:00+08:00
9560754f-32c2-43dd-93a3-09f618797098,M-1454,SESS-20260829-7412-0244,RENTAL_ACCRUAL,72,1470,2026-08-30T03:30:00+08:00
7374ddec-ceab-49e8-b050-a9553864e8d0,M-2163,SESS-20260829-1567-0245,RENTAL_REDEMPTION,-300,46,2026-08-29T21:15:00+08:00
f0f0e3b7-7902-41a3-b473-d33518f95e04,M-2163,SESS-20260829-1567-0245,RENTAL_ACCRUAL,26,72,2026-08-30T02:15:00+08:00
872338ba-9833-4fb4-9047-f9616b99e893,M-1359,SESS-20260829-9333-0246,RENTAL_ACCRUAL,14,745,2026-08-29T23:30:00+08:00
2dcf02f7-fb38-42eb-baca-d834d1f0ed48,M-1644,SESS-20260829-5178-0247,RENTAL_ACCRUAL,5,232,2026-08-29T20:30:00+08:00
0a3fcd4c-f733-4c09-9d45-e714877e89c7,M-1080,SESS-20260829-7885-0248,RENTAL_ACCRUAL,12,479,2026-08-29T22:55:00+08:00
abf45130-ecfc-4d2b-9a23-4285bc8491e5,M-1330,SESS-20260829-1185-0249,RENTAL_ACCRUAL,28,3147,2026-08-30T01:50:00+08:00
7494084d-fdb8-4ed2-9915-481c2f85181a,M-1636,SESS-20260829-8226-0250,RENTAL_ACCRUAL,30,1500,2026-08-30T03:50:00+08:00
39262d40-9e42-41e9-9dc1-ab695225c5dd,M-2100,SESS-20260829-2303-0251,RENTAL_REDEMPTION,-100,221,2026-08-29T21:55:00+08:00
a82d3915-44a8-4340-9219-cf5a585f0980,M-2100,SESS-20260829-2303-0251,RENTAL_ACCRUAL,10,231,2026-08-30T00:55:00+08:00
92b1c03d-3f21-4e2e-9918-9a034add69ff,M-1124,SESS-20260829-8039-0252,RENTAL_ACCRUAL,5,461,2026-08-29T16:45:00+08:00
ec713229-7502-4778-a4d7-7422346966c4,M-2174,SESS-20260829-1801-0253,RENTAL_ACCRUAL,16,193,2026-08-29T19:35:00+08:00
916d01bb-3b9f-4951-8395-32ad71d66d65,M-1602,SESS-20260829-3323-0254,RENTAL_ACCRUAL,19,760,2026-08-29T12:00:00+08:00
f80da642-30b6-4560-8b24-e43ee2c3bb9f,M-1948,SESS-20260829-2992-0255,RENTAL_REDEMPTION,-200,183,2026-08-29T23:40:00+08:00
9e014ee3-2c13-4f8f-b6ef-26e339212034,M-1948,SESS-20260829-2992-0255,RENTAL_ACCRUAL,14,197,2026-08-30T02:40:00+08:00
fe153d15-de28-4e35-9457-a6251472e684,M-1003,SESS-20260829-9367-0256,RENTAL_ACCRUAL,18,305,2026-08-29T23:25:00+08:00
34e5e350-92cd-4550-9e5e-f51f3ae92109,M-1952,SESS-20260829-3323-0257,RENTAL_ACCRUAL,10,147,2026-08-29T22:00:00+08:00
8794e335-1d73-410f-9448-6a1302fe1507,M-1412,SESS-20260829-1261-0258,RENTAL_ACCRUAL,27,667,2026-08-29T22:15:00+08:00
89558255-2731-42bd-9a38-f7b595ed38e7,M-1427,SESS-20260829-5214-0259,RENTAL_ACCRUAL,11,121,2026-08-29T15:15:00+08:00
bd792d5f-e044-4a29-9d81-e26023886071,M-1446,SESS-20260829-3786-0260,RENTAL_REDEMPTION,-100,264,2026-08-29T09:00:00+08:00
b8daaf06-f7ae-4a32-923c-f2632ac8bdfa,M-1446,SESS-20260829-3786-0260,RENTAL_ACCRUAL,5,269,2026-08-29T11:00:00+08:00
0f3c25cd-dce1-4f2d-b223-b3d41ff0e445,M-1372,SESS-20260829-9439-0261,RENTAL_ACCRUAL,18,133,2026-08-30T01:35:00+08:00
335d3a9a-1f91-408e-9817-2eeb7937d5c1,M-1508,SESS-20260829-7237-0262,RENTAL_ACCRUAL,11,563,2026-08-30T00:10:00+08:00
845f8313-b316-43e1-8af5-1d1475bc76f1,M-2057,SESS-20260829-4864-0263,RENTAL_REDEMPTION,-100,4,2026-08-29T21:30:00+08:00
a7723205-3eb2-4c2f-9716-814335c31d3d,M-2057,SESS-20260829-4864-0263,RENTAL_ACCRUAL,59,63,2026-08-30T05:30:00+08:00
b2f0b06b-e4a4-4600-9a73-456ed3c60e6e,M-1732,SESS-20260829-9005-0264,RENTAL_ACCRUAL,6,485,2026-08-29T19:15:00+08:00
5a17a904-226d-4ee4-bdea-c4c24057fd86,M-1662,SESS-20260829-7879-0265,RENTAL_REDEMPTION,-100,80,2026-08-29T23:35:00+08:00
98a28f77-e9bf-41cc-8f57-e464498d96d9,M-1662,SESS-20260829-7879-0265,RENTAL_ACCRUAL,38,118,2026-08-30T04:35:00+08:00
1dd66447-1313-4046-9e89-e94217f9df59,M-1057,SESS-20260829-3355-0266,RENTAL_ACCRUAL,45,465,2026-08-30T03:25:00+08:00
6480b6e6-e075-4378-8da4-143dcfe826e3,M-1057,TIER_UPGRADE_Silver_TO_Gold,TIER_BONUS,100,565,2026-08-30T03:25:00+08:00
b3bd2cb5-228b-4d45-939c-06859afaa551,M-1210,SESS-20260829-2151-0267,RENTAL_ACCRUAL,43,1704,2026-08-30T01:00:00+08:00
523bbaef-81f7-4977-8f16-90892588cd29,M-1515,SESS-20260829-8922-0268,RENTAL_ACCRUAL,18,107,2026-08-29T17:45:00+08:00
fd0c2760-68bc-4ab6-8273-dd3ec84534ab,M-1032,SESS-20260829-8845-0269,RENTAL_ACCRUAL,16,511,2026-08-30T02:55:00+08:00
83333dc1-ad7a-47e3-a5e4-adbb3dc3351b,M-1904,SESS-20260829-5843-0270,RENTAL_ACCRUAL,16,34,2026-08-30T01:30:00+08:00
97a44fa5-3cdc-4d3b-87dd-e50a48f37a17,M-1891,SESS-20260829-5104-0271,RENTAL_ACCRUAL,18,449,2026-08-29T15:00:00+08:00
e59c812a-89e5-41ba-aaba-34198a70abc2,M-1251,SESS-20260829-4018-0272,RENTAL_REDEMPTION,-100,309,2026-08-29T20:00:00+08:00
b94c3509-081a-45ce-bf0d-025226c1ee9b,M-1251,SESS-20260829-4018-0272,RENTAL_ACCRUAL,11,320,2026-08-29T22:00:00+08:00
1718aa25-68d9-4324-8325-678bcbecf508,M-1699,SESS-20260829-2143-0273,RENTAL_ACCRUAL,28,76,2026-08-29T20:20:00+08:00
7932b6b4-3901-44fd-9579-249b6f57a269,M-1830,SESS-20260829-6860-0274,RENTAL_ACCRUAL,28,290,2026-08-29T21:10:00+08:00
7a2570c6-c661-4d5d-94bb-73b26187e070,M-1469,SESS-20260829-2457-0275,RENTAL_ACCRUAL,28,578,2026-08-29T13:30:00+08:00
7211b070-1748-47cd-9402-0f1f7dc44414,M-1554,SESS-20260829-2362-0276,RENTAL_REDEMPTION,-400,796,2026-08-29T19:00:00+08:00
070e9931-dea0-4576-9b4a-074fdfc7106e,M-1993,SESS-20260829-3792-0277,RENTAL_ACCRUAL,5,160,2026-08-30T00:30:00+08:00
55a99ca0-2c65-4ea1-9ef4-d130f171ea26,M-1942,SESS-20260829-3011-0278,RENTAL_REDEMPTION,-100,13,2026-08-29T23:30:00+08:00
4dca2d1d-29e1-4d9c-a209-f87c4ada8202,M-1942,SESS-20260829-3011-0278,RENTAL_ACCRUAL,10,23,2026-08-30T02:30:00+08:00
0ee9ace0-f6d1-411f-88ba-3a929d695117,M-1688,SESS-20260829-7299-0279,RENTAL_ACCRUAL,12,826,2026-08-29T21:35:00+08:00
5a29a286-cb79-4258-bbc6-fc3341c2eabe,M-2077,SESS-20260829-9546-0280,RENTAL_ACCRUAL,16,388,2026-08-29T23:15:00+08:00
051e2ce8-901e-40dd-8a24-f080e4a8d482,M-1202,SESS-20260829-5836-0281,RENTAL_ACCRUAL,12,1889,2026-08-29T17:00:00+08:00
8d420f9b-a5a1-415e-b5b2-55da67517ffa,M-1467,SESS-20260829-5700-0282,RENTAL_ACCRUAL,9,195,2026-08-29T21:45:00+08:00
e85aeca9-71f8-4595-8b30-e7175fc7f4ed,M-1754,SESS-20260829-8095-0283,RENTAL_ACCRUAL,6,413,2026-08-30T00:30:00+08:00
3c2a5bc5-4a2b-43f6-b273-572d73f8326c,M-1188,SESS-20260829-7606-0284,RENTAL_ACCRUAL,28,114,2026-08-29T17:00:00+08:00
f23414ed-10e5-4b1f-a1f8-3eef7ead27de,M-2143,SESS-20260829-6784-0285,RENTAL_ACCRUAL,18,122,2026-08-29T21:45:00+08:00
af70ad47-dca2-4f6b-9377-3843bbc40645,M-1446,SESS-20260829-9635-0286,RENTAL_REDEMPTION,-100,169,2026-08-29T22:15:00+08:00
99461be1-30db-45f4-9211-03f4e1128cd2,M-1446,SESS-20260829-9635-0286,RENTAL_ACCRUAL,11,180,2026-08-30T00:15:00+08:00
2bcb0259-c53b-4040-8fbb-2dee0c6fcd11,M-1892,SESS-20260829-3012-0287,RENTAL_ACCRUAL,16,35,2026-08-29T20:00:00+08:00
23b7281b-4611-4152-a96b-062b13871a95,M-1672,SESS-20260829-9772-0288,RENTAL_ACCRUAL,11,42,2026-08-30T01:05:00+08:00
a5da01a5-59ce-4b01-ae52-46c73249a76f,M-2114,SESS-20260829-1646-0289,RENTAL_ACCRUAL,11,373,2026-08-29T23:15:00+08:00
2af92809-79d9-49a7-b528-06821e7e1833,M-1301,SESS-20260829-9670-0290,RENTAL_ACCRUAL,11,170,2026-08-29T20:30:00+08:00
306b4c07-5e97-4b8b-a2ce-a8cfc075d893,M-1333,SESS-20260829-3552-0291,RENTAL_ACCRUAL,43,524,2026-08-30T00:30:00+08:00
5d4fb6b1-ce86-466e-9045-40c138fd7e86,M-1632,SESS-20260829-5572-0292,RENTAL_REDEMPTION,-100,12,2026-08-29T16:00:00+08:00
56ad4af6-16a1-4a7b-af5d-0ce483a43d6e,M-1632,SESS-20260829-5572-0292,RENTAL_ACCRUAL,40,52,2026-08-29T21:00:00+08:00
55a17c06-1778-43cf-8f46-14d56da20ff1,M-1375,SESS-20260829-3079-0293,RENTAL_ACCRUAL,67,276,2026-08-29T22:45:00+08:00
7173f553-1291-4464-8db1-e9daa57a4b67,M-1808,SESS-20260829-2962-0294,RENTAL_ACCRUAL,28,2272,2026-08-29T21:35:00+08:00
51cc2d52-1330-4fc4-8f25-b8a4de95bdd4,M-1208,SESS-20260829-8132-0295,RENTAL_ACCRUAL,72,3393,2026-08-30T04:45:00+08:00
ed6ce6b3-c051-4223-8b54-752d0cbcfd46,M-1281,SESS-20260829-3130-0296,RENTAL_ACCRUAL,6,399,2026-08-29T22:45:00+08:00
24dcd3bf-a43e-4243-a658-6e416c87ce50,M-1121,SESS-20260829-9437-0297,RENTAL_ACCRUAL,9,417,2026-08-29T22:15:00+08:00
63bccfd7-259e-4da1-96bb-9423a3aa1b2c,M-1102,SESS-20260829-4046-0298,RENTAL_REDEMPTION,-100,82,2026-08-29T17:00:00+08:00
011d61f6-acd7-461d-a00a-ef889d1fa2c4,M-1102,SESS-20260829-4046-0298,RENTAL_ACCRUAL,5,87,2026-08-29T19:00:00+08:00
91efc2f4-3630-476d-bd45-719d999b1b4c,M-1070,SESS-20260829-5820-0299,RENTAL_ACCRUAL,27,215,2026-08-30T01:45:00+08:00
01c61969-5cd3-4673-b271-2bf192cbf279,M-1070,TIER_UPGRADE_Silver_TO_Gold,TIER_BONUS,100,315,2026-08-30T01:45:00+08:00
6f522626-ed16-4b85-82c3-5dffa38f5cd6,M-1975,SESS-20260829-4802-0300,RENTAL_ACCRUAL,16,207,2026-08-29T17:00:00+08:00
58e0e029-8a59-4575-a1c0-e06f0282126f,M-1290,SESS-20260829-7145-0301,RENTAL_ACCRUAL,9,84,2026-08-29T21:30:00+08:00
0b9781c8-7e0e-494d-aa38-91c109a375d2,M-1849,SESS-20260829-7847-0302,RENTAL_ACCRUAL,24,67,2026-08-30T02:05:00+08:00
dd38415f-7f0c-474a-8239-163a60351458,M-1850,SESS-20260829-6181-0303,RENTAL_ACCRUAL,15,260,2026-08-30T01:45:00+08:00
c579f591-52ad-4ca8-bbb6-dd4054160aeb,M-1798,SESS-20260829-9858-0304,RENTAL_ACCRUAL,45,448,2026-08-30T00:30:00+08:00
b330600d-51ce-4ef1-a88a-61c4513c5404,M-1704,SESS-20260829-1724-0305,RENTAL_REDEMPTION,-100,82,2026-08-29T09:00:00+08:00
eda8744f-7483-4012-bbdb-ed4cbb81146a,M-1704,SESS-20260829-1724-0305,RENTAL_ACCRUAL,11,93,2026-08-29T11:00:00+08:00
1a6c28ed-e8d0-46f7-9d08-27f2f98936f2,M-1845,SESS-20260829-8346-0306,RENTAL_ACCRUAL,16,351,2026-08-29T22:15:00+08:00
bf063d54-b420-4290-89a5-175f1b186a57,M-1023,SESS-20260829-6867-0307,RENTAL_REDEMPTION,-100,12,2026-08-29T20:35:00+08:00
511e2ffc-58e5-4a0f-9aeb-de9663755bf7,M-1023,SESS-20260829-6867-0307,RENTAL_ACCRUAL,21,33,2026-08-30T01:35:00+08:00
49e16591-bf67-4597-b027-04b0879ae7f2,M-1879,SESS-20260829-8194-0308,RENTAL_ACCRUAL,15,302,2026-08-29T15:30:00+08:00
a6b63ce8-d3bd-422b-a673-f2833e7d5e60,M-1806,SESS-20260829-9692-0309,RENTAL_REDEMPTION,-100,248,2026-08-29T17:00:00+08:00
65f5d478-8f3d-449a-87a8-8850833609e8,M-1806,SESS-20260829-9692-0309,RENTAL_ACCRUAL,21,269,2026-08-29T22:00:00+08:00
d291b26a-0634-40c0-a8e0-24b4cd42cad5,M-2103,SESS-20260829-7847-0310,RENTAL_ACCRUAL,25,103,2026-08-30T02:00:00+08:00
c7c3edf4-d472-4ea2-8703-57556f338fe9,M-2079,SESS-20260829-4613-0311,RENTAL_REDEMPTION,-100,5,2026-08-29T13:30:00+08:00
ceb3c7fb-690a-457a-9c50-55461ee1b8cb,M-2079,SESS-20260829-4613-0311,RENTAL_ACCRUAL,11,16,2026-08-29T15:30:00+08:00
c806cc40-4af9-4157-b384-9059e3115e48,M-2009,SESS-20260829-1878-0312,RENTAL_ACCRUAL,24,176,2026-08-29T20:45:00+08:00
70d3d934-2c5d-4722-9f55-b09ffb8d8971,M-1277,SESS-20260829-6767-0313,RENTAL_ACCRUAL,9,2274,2026-08-29T22:10:00+08:00
9d6d5f9e-b1fe-466a-a8a6-b430520b5494,M-1797,SESS-20260829-7090-0314,RENTAL_ACCRUAL,18,302,2026-08-29T20:00:00+08:00
0b2b5856-e381-4d86-a2b5-0f22d5e5bc7f,M-1502,SESS-20260829-2237-0315,RENTAL_ACCRUAL,27,111,2026-08-29T17:25:00+08:00
7e124580-9d71-4550-b628-8ed81b94c582,M-1198,SESS-20260829-8673-0316,RENTAL_ACCRUAL,12,2259,2026-08-29T22:25:00+08:00
9b373f93-66b1-4350-8cb2-034bb1068d34,M-1622,SESS-20260829-2277-0317,RENTAL_ACCRUAL,27,96,2026-08-29T19:00:00+08:00
dd63ec63-169f-4444-9700-20df1478d20b,M-1682,SESS-20260829-7303-0318,RENTAL_ACCRUAL,19,895,2026-08-29T23:50:00+08:00
6b671b38-366f-46ea-9946-8cd0fb742d09,M-2165,SESS-20260829-7315-0319,RENTAL_ACCRUAL,16,109,2026-08-30T00:45:00+08:00
e4010159-248c-47aa-85c9-5d85914ea33f,M-1545,SESS-20260829-5679-0320,RENTAL_ACCRUAL,40,104,2026-08-29T23:45:00+08:00
24a810e1-26b7-40c5-a60c-a5c7795801f7,M-2173,SESS-20260829-2735-0321,RENTAL_ACCRUAL,36,170,2026-08-30T00:45:00+08:00
f169203d-8c1d-46aa-ba07-91ec1ab60a97,M-2183,SESS-20260829-1726-0322,RENTAL_ACCRUAL,8,222,2026-08-29T21:05:00+08:00
ae5727b4-489b-4a69-bc87-727c16947f27,M-1011,SESS-20260829-6956-0323,RENTAL_ACCRUAL,19,832,2026-08-29T23:55:00+08:00
d6c71f5d-361b-48ed-9270-ea43edd61ab7,M-1971,SESS-20260829-4291-0324,RENTAL_REDEMPTION,-200,75,2026-08-29T08:15:00+08:00
485f7a96-941a-408b-a5d2-0591d7e9833f,M-1971,SESS-20260829-4291-0324,RENTAL_ACCRUAL,4,79,2026-08-29T11:15:00+08:00
c19121c9-5ccc-4464-b4ff-9f8e54abb022,M-1131,SESS-20260829-4340-0325,RENTAL_ACCRUAL,43,424,2026-08-30T02:10:00+08:00
17dbcd78-5d46-4190-bc0a-e413a1d17468,M-1760,SESS-20260829-6528-0326,RENTAL_ACCRUAL,16,693,2026-08-29T20:05:00+08:00
8b19abce-e961-4e79-8210-a25f6aa850bc,M-1709,SESS-20260829-4127-0327,RENTAL_ACCRUAL,11,296,2026-08-30T01:00:00+08:00
a54adc5d-ef2b-457b-bbd4-68b6ef4fcffd,M-1299,SESS-20260829-6549-0328,RENTAL_ACCRUAL,11,46,2026-08-29T21:15:00+08:00
45b1d73e-09da-4fe2-b183-7df1f0d11b6f,M-1464,SESS-20260829-4715-0329,RENTAL_ACCRUAL,16,129,2026-08-29T04:45:00+08:00
f1e83566-a400-4432-9864-6f1ff27bb337,M-1857,SESS-20260829-8518-0330,RENTAL_ACCRUAL,28,128,2026-08-30T04:30:00+08:00
f83172d5-0b94-49c5-b89f-d52eb40713d8,M-1254,SESS-20260829-8275-0331,RENTAL_ACCRUAL,5,616,2026-08-29T17:45:00+08:00
0ed5f8b2-99c5-479e-8872-0a19b173790a,M-1751,SESS-20260829-9854-0332,RENTAL_ACCRUAL,27,167,2026-08-30T01:20:00+08:00
83165426-da2c-43fe-a882-482273d82b48,M-2102,SESS-20260829-6608-0333,RENTAL_ACCRUAL,40,205,2026-08-30T06:20:00+08:00
29023ba2-37f4-4193-9b50-1f0e8721bac5,M-1209,SESS-20260829-5698-0334,RENTAL_ACCRUAL,18,459,2026-08-29T20:45:00+08:00
7de7dd45-237b-433f-b5d5-69bcaa639f68,M-2126,SESS-20260829-7997-0335,RENTAL_REDEMPTION,-100,277,2026-08-29T20:15:00+08:00
de9c8597-f6ba-42df-8956-6f2a7e917c0f,M-2126,SESS-20260829-7997-0335,RENTAL_ACCRUAL,5,282,2026-08-29T22:15:00+08:00
067f1e72-4280-4f3c-aeeb-d1e73c31e09a,M-1931,SESS-20260829-1538-0336,RENTAL_ACCRUAL,18,248,2026-08-29T21:50:00+08:00
c6f228f9-ee7b-4878-945d-389bb0ab41a0,M-1234,SESS-20260829-8489-0337,RENTAL_ACCRUAL,45,311,2026-08-30T02:45:00+08:00
37d07019-11df-4729-ba25-2ba120107317,M-1253,SESS-20260829-2255-0338,RENTAL_ACCRUAL,40,123,2026-08-30T01:40:00+08:00
d47df4cd-97d2-4c63-ad7d-efcdd9399bae,M-1054,SESS-20260829-3890-0339,RENTAL_ACCRUAL,18,194,2026-08-29T21:05:00+08:00
f1caec53-c1a6-47c4-a5ff-e493c16d1c0e,M-1815,SESS-20260829-4989-0340,RENTAL_ACCRUAL,18,355,2026-08-30T00:20:00+08:00
58a15e90-59a5-4712-adb6-f6f04acdff89,M-1292,SESS-20260829-9245-0341,RENTAL_ACCRUAL,12,688,2026-08-29T22:55:00+08:00
b8cddea8-1ee8-4bc9-9e55-2311471e3227,M-1463,SESS-20260829-6645-0342,RENTAL_ACCRUAL,18,3891,2026-08-29T17:30:00+08:00
093d0cd6-d654-44d5-935e-2463c4526abf,M-1365,SESS-20260829-7291-0343,RENTAL_ACCRUAL,18,341,2026-08-29T22:45:00+08:00
f608015d-143c-40e7-9e80-b17b4a8157fa,M-2177,SESS-20260829-7503-0344,RENTAL_REDEMPTION,-100,132,2026-08-29T21:40:00+08:00
2b3355eb-b902-4c4f-822b-b1d43496f737,M-2177,SESS-20260829-7503-0344,RENTAL_ACCRUAL,5,137,2026-08-29T23:40:00+08:00
dba9f7a2-8f3b-4174-aaa4-85ac2b1d946f,M-2022,SESS-20260829-8973-0345,RENTAL_ACCRUAL,11,359,2026-08-30T01:55:00+08:00
3578e4fb-ddad-457f-98f6-c12da4447439,M-1132,SESS-20260829-7487-0346,RENTAL_ACCRUAL,12,999,2026-08-29T18:25:00+08:00
142c2985-fc7c-4e34-bb9a-c735e1a2f298,M-1302,SESS-20260829-7833-0347,RENTAL_ACCRUAL,11,379,2026-08-30T01:10:00+08:00
31ad0b51-2f8d-46de-adde-e2b53899007c,M-1963,SESS-20260829-1128-0348,RENTAL_REDEMPTION,-100,219,2026-08-29T18:15:00+08:00
b96e7f95-3334-4153-baa7-b3ea645ba254,M-1963,SESS-20260829-1128-0348,RENTAL_ACCRUAL,5,224,2026-08-29T20:15:00+08:00
743c1c18-8992-4f24-838d-efcd0b82fd15,M-1559,SESS-20260829-5670-0349,RENTAL_REDEMPTION,-400,15,2026-08-29T22:00:00+08:00
316a159d-ddbd-4c6a-90ad-2647b2774adf,M-1559,SESS-20260829-5670-0349,RENTAL_ACCRUAL,47,62,2026-08-30T06:00:00+08:00
cdef4bed-6cd8-4ade-9beb-ebe399e500a2,M-2036,SESS-20260829-3783-0350,RENTAL_REDEMPTION,-100,9,2026-08-29T22:00:00+08:00
b01c16a1-c02b-4ea4-a968-f1c72d77e33d,M-2036,SESS-20260829-3783-0350,RENTAL_ACCRUAL,10,19,2026-08-30T01:00:00+08:00
085ce824-faae-4bb5-97f9-9bf25cb925cb,M-1334,SESS-20260829-3268-0351,RENTAL_ACCRUAL,27,135,2026-08-29T23:15:00+08:00
083cf305-e196-4e41-9e9c-55fdaa9be0dd,M-2020,SESS-20260829-4253-0352,RENTAL_ACCRUAL,11,402,2026-08-29T22:25:00+08:00
75c81f42-712d-4e04-ac20-74b5d7226eee,M-1787,SESS-20260829-8777-0353,RENTAL_REDEMPTION,-100,397,2026-08-29T22:50:00+08:00
c1d49e0a-6dcc-429c-9bfc-bd4cb423677e,M-1787,SESS-20260829-8777-0353,RENTAL_ACCRUAL,20,417,2026-08-30T01:50:00+08:00
c6d11574-435a-4b5d-80e1-1b9c76f27ed6,M-1669,SESS-20260829-6554-0354,RENTAL_ACCRUAL,28,388,2026-08-30T04:50:00+08:00
638e0e64-e8db-45b0-88fd-b26f2a396eda,M-1361,SESS-20260829-4011-0355,RENTAL_ACCRUAL,12,438,2026-08-29T05:00:00+08:00
27c599bd-7080-4cc8-a17f-557cfdbc2d5b,M-1187,SESS-20260829-8375-0356,RENTAL_ACCRUAL,11,380,2026-08-30T00:30:00+08:00
bb014152-d6a2-44ff-879f-b65ca88363d0,M-1489,SESS-20260829-5708-0357,RENTAL_REDEMPTION,-200,527,2026-08-29T21:10:00+08:00
531d0bd0-83df-4ae1-a77c-e43520ebff23,M-1489,SESS-20260829-5708-0357,RENTAL_ACCRUAL,4,531,2026-08-30T00:10:00+08:00
4c471d3d-32f7-4a36-bafc-09cb27d49e97,M-1012,SESS-20260829-8302-0358,RENTAL_ACCRUAL,5,287,2026-08-29T22:00:00+08:00
ec92ae8f-a443-4ee8-b200-0c3966ce03f3,M-1527,SESS-20260829-7330-0359,RENTAL_ACCRUAL,6,1070,2026-08-29T21:00:00+08:00
574d6866-34e1-4073-b7fd-042c0e6892fc,M-2052,SESS-20260829-8623-0360,RENTAL_ACCRUAL,5,45,2026-08-29T15:45:00+08:00
95179f00-ecdc-4eb7-8c1e-66a451fb969f,M-1779,SESS-20260829-2468-0361,RENTAL_ACCRUAL,28,311,2026-08-29T22:30:00+08:00
d11a59fc-8976-4287-9ae8-d41afea6a8c6,M-1263,SESS-20260829-2885-0362,RENTAL_REDEMPTION,-400,81,2026-08-29T21:15:00+08:00
9228b981-cedf-46ca-bc05-6520f0c9f440,M-1263,SESS-20260829-2885-0362,RENTAL_ACCRUAL,2,83,2026-08-30T00:15:00+08:00
b3ff7eaa-efe7-42bb-b56f-6a906d61cc60,M-1899,SESS-20260829-8386-0363,RENTAL_ACCRUAL,5,144,2026-08-30T00:00:00+08:00
92b49df2-307c-4d4b-a3d7-89fbfe5bd902,M-1476,SESS-20260829-6210-0364,RENTAL_REDEMPTION,-100,152,2026-08-29T19:05:00+08:00
701a0d4a-e7b4-499a-b5e0-4979314ada46,M-1476,SESS-20260829-6210-0364,RENTAL_ACCRUAL,21,173,2026-08-29T22:05:00+08:00
76378915-599c-4a5c-87b1-a14489d1e86c,M-2096,SESS-20260829-6672-0365,RENTAL_REDEMPTION,-100,73,2026-08-29T23:50:00+08:00
c3f15d71-11bb-4ebd-a12b-80d56a7f9f2d,M-2096,SESS-20260829-6672-0365,RENTAL_ACCRUAL,19,92,2026-08-30T01:50:00+08:00
71304c70-566c-4486-869c-ba83a6aa8946,M-1135,SESS-20260829-9666-0366,RENTAL_ACCRUAL,18,307,2026-08-29T23:15:00+08:00
6c64a4e6-99f3-4e74-8d82-d54cabf7aea2,M-2067,SESS-20260829-9410-0367,RENTAL_REDEMPTION,-100,92,2026-08-29T19:15:00+08:00
7aa90041-a39a-41b6-b7ed-a6aa335e1122,M-2067,SESS-20260829-9410-0367,RENTAL_ACCRUAL,35,127,2026-08-30T03:15:00+08:00
195e24e7-4ba4-4e57-bb00-6339c76286da,M-1140,SESS-20260829-4977-0368,RENTAL_REDEMPTION,-100,534,2026-08-29T16:10:00+08:00
08836f05-48d8-4cd7-b016-04dc8d1df1f1,M-1140,SESS-20260829-4977-0368,RENTAL_ACCRUAL,5,539,2026-08-29T18:10:00+08:00
131df8b1-7b8b-4b23-bcdf-6743e1fc1ae9,M-1525,SESS-20260829-6302-0369,RENTAL_REDEMPTION,-100,633,2026-08-29T22:30:00+08:00
e0845420-d41e-488b-8f9a-0d809848ab51,M-1525,SESS-20260829-6302-0369,RENTAL_ACCRUAL,11,644,2026-08-30T00:30:00+08:00
1d5f7191-8a61-403c-812f-7471fc93cc83,M-1341,SESS-20260829-8635-0370,RENTAL_REDEMPTION,-100,124,2026-08-29T22:15:00+08:00
023aec1b-93ae-40e5-b31b-024449c8a577,M-1341,SESS-20260829-8635-0370,RENTAL_ACCRUAL,20,144,2026-08-30T00:15:00+08:00
a7c3c9a9-0f4b-4a86-9545-34a0c32a67d5,M-1341,TIER_UPGRADE_Silver_TO_Gold,TIER_BONUS,100,244,2026-08-30T00:15:00+08:00
c5f6622d-eca0-4009-8bee-0e8b7405f2c1,M-2193,SESS-20260829-1469-0371,RENTAL_ACCRUAL,16,164,2026-08-29T20:40:00+08:00
b9a60b46-f3c4-4b0e-8873-7ec5b379893d,M-1574,SESS-20260829-5641-0372,RENTAL_REDEMPTION,-200,6,2026-08-29T22:30:00+08:00
82ab122d-67f3-4e8d-94cd-e76c51a6ac7b,M-1574,SESS-20260829-5641-0372,RENTAL_ACCRUAL,32,38,2026-08-30T03:30:00+08:00
47382ef6-1487-41b1-b44d-27c98e6fff7c,M-1392,SESS-20260829-6802-0373,RENTAL_ACCRUAL,30,645,2026-08-29T22:30:00+08:00
00e13088-28c5-4855-88dd-672bf10e4c04,M-1062,SESS-20260829-7872-0374,RENTAL_ACCRUAL,5,544,2026-08-29T13:30:00+08:00
f6040ec7-aa6d-4829-9ff2-07fa83acdd1a,M-1637,SESS-20260829-6004-0375,RENTAL_ACCRUAL,28,1458,2026-08-30T00:15:00+08:00
8107abc1-b5fd-4fdc-8bb5-9a509619cd58,M-1979,SESS-20260829-4496-0376,RENTAL_ACCRUAL,40,190,2026-08-29T22:05:00+08:00
758720b1-9a09-49e0-9aeb-6d2ea55813f4,M-2049,SESS-20260829-2606-0377,RENTAL_ACCRUAL,13,191,2026-08-29T18:45:00+08:00
de3b1658-4782-4d07-82ae-457e51926cfb,M-2164,SESS-20260829-4364-0378,RENTAL_ACCRUAL,5,83,2026-08-29T22:00:00+08:00
64d7bcc4-bd03-4c63-8f93-c45abe9276cc,M-1314,SESS-20260829-5289-0379,RENTAL_ACCRUAL,18,411,2026-08-30T00:25:00+08:00
1ad11294-6d7f-4da2-9143-33cf01e3ba30,M-1342,SESS-20260829-5102-0380,RENTAL_REDEMPTION,-100,66,2026-08-29T20:00:00+08:00
73b96839-b7a3-4897-af1c-add95b4b471f,M-1342,SESS-20260829-5102-0380,RENTAL_ACCRUAL,5,71,2026-08-29T22:00:00+08:00
7a04061c-8230-4a26-ab2c-c78b2cce4322,M-1880,SESS-20260829-7593-0381,RENTAL_ACCRUAL,25,48,2026-08-30T00:30:00+08:00
865f9b4f-aa82-4497-8b6c-87419f5b84ce,M-2156,SESS-20260829-9322-0382,RENTAL_ACCRUAL,16,124,2026-08-29T20:00:00+08:00
bfd931e6-ae8c-49ee-816b-df0e8f2f7897,M-1764,SESS-20260829-3127-0383,RENTAL_ACCRUAL,12,497,2026-08-30T01:20:00+08:00
e3fb1285-4483-4ae7-89ac-d89e2b2d007c,M-1616,SESS-20260829-2411-0384,RENTAL_REDEMPTION,-100,532,2026-08-29T22:30:00+08:00
8eb6389f-3154-43ac-8038-6e5a7c15daae,M-1616,SESS-20260829-2411-0384,RENTAL_ACCRUAL,5,537,2026-08-30T00:30:00+08:00
459b80ae-bb89-49b9-a10a-bca0f36777c9,M-2149,SESS-20260829-1345-0385,RENTAL_REDEMPTION,-100,5,2026-08-29T08:30:00+08:00
974e164b-bc1f-4fe0-9583-351baa7a5635,M-2149,SESS-20260829-1345-0385,RENTAL_ACCRUAL,35,40,2026-08-29T16:30:00+08:00
84e1ed34-07c1-453b-947c-4b8bf6c191cb,M-1241,SESS-20260829-8987-0386,RENTAL_ACCRUAL,45,323,2026-08-30T05:15:00+08:00
607a88cc-9707-477b-9874-016a79635555,M-1907,SESS-20260829-7888-0387,RENTAL_ACCRUAL,40,127,2026-08-30T03:00:00+08:00
eede298c-f931-4c70-b345-0e1b0765ee57,M-2122,SESS-20260829-2792-0388,RENTAL_REDEMPTION,-100,116,2026-08-29T21:25:00+08:00
b8c8199e-0253-4a62-8ad7-e8805959baa7,M-1656,SESS-20260829-5374-0389,RENTAL_ACCRUAL,18,219,2026-08-30T01:10:00+08:00
8d709401-3569-464f-8ce1-dcc975f6feb1,M-1007,SESS-20260829-4294-0390,RENTAL_ACCRUAL,48,258,2026-08-30T02:15:00+08:00
1f5c4bc2-a7c7-4999-9570-197dfb409440,M-1403,SESS-20260829-7411-0391,RENTAL_ACCRUAL,28,2919,2026-08-29T23:00:00+08:00
a736a35a-5959-40e7-97fb-da65ae9821a8,M-1225,SESS-20260829-5564-0392,RENTAL_ACCRUAL,5,166,2026-08-29T23:10:00+08:00
e5ab780b-3b5f-4eba-bc5c-a420bdeb5f33,M-1045,SESS-20260829-3301-0393,RENTAL_REDEMPTION,-100,295,2026-08-29T20:30:00+08:00
71dc42e2-ac7d-4f36-804a-c7d2e7a35a07,M-1045,SESS-20260829-3301-0393,RENTAL_ACCRUAL,5,300,2026-08-29T22:30:00+08:00
fd82157c-3b1d-4ccc-a3d8-830583435e72,M-1114,SESS-20260829-5167-0394,RENTAL_ACCRUAL,16,236,2026-08-30T02:15:00+08:00
1b662b34-c968-4ffc-9e8f-b94369baaa32,M-1405,SESS-20260829-5612-0395,RENTAL_ACCRUAL,27,168,2026-08-30T00:00:00+08:00
f5093515-5e90-4ba3-9b90-a8f435642e87,M-2187,SESS-20260829-6182-0396,RENTAL_ACCRUAL,13,298,2026-08-29T22:50:00+08:00
5ac638d9-5e56-44e0-b821-c9f6d3770ad0,M-1901,SESS-20260829-9422-0397,RENTAL_ACCRUAL,16,121,2026-08-29T19:05:00+08:00
f976c044-5eb3-4aab-aed0-56069bbfc048,M-1005,SESS-20260829-6491-0398,RENTAL_ACCRUAL,11,216,2026-08-29T20:50:00+08:00
4d2a7a93-7f53-4f90-982f-635065af006b,M-1293,SESS-20260829-1435-0399,RENTAL_ACCRUAL,18,183,2026-08-29T22:45:00+08:00
e98c4e81-c762-4e67-8ba8-80c3f355ed50,M-1946,SESS-20260829-2255-0400,RENTAL_ACCRUAL,11,243,2026-08-29T20:40:00+08:00
c1502b2c-c8d3-47aa-be73-941535d7180f,M-1987,SESS-20260829-5585-0401,RENTAL_REDEMPTION,-100,105,2026-08-29T17:05:00+08:00
0cdfd544-bc1b-4530-91e0-5a7f2f41537e,M-1987,SESS-20260829-5585-0401,RENTAL_ACCRUAL,10,115,2026-08-29T20:05:00+08:00
c884346b-d8a9-4338-a3f3-87cda5c6454f,M-1085,SESS-20260829-8727-0402,RENTAL_ACCRUAL,40,147,2026-08-30T02:50:00+08:00
17604206-9672-4fd7-ba93-e575aac42e42,M-1606,SESS-20260829-8001-0403,RENTAL_REDEMPTION,-200,306,2026-08-29T23:00:00+08:00
041ec3c1-292b-4b60-9719-eb57994cae91,M-1606,SESS-20260829-8001-0403,RENTAL_ACCRUAL,4,310,2026-08-30T01:00:00+08:00
03d28ff1-d189-46d4-80b8-d4522a759657,M-1953,SESS-20260829-1374-0404,RENTAL_ACCRUAL,8,111,2026-08-29T15:00:00+08:00
23d53efc-2a5f-487b-be81-bc0c14e65f45,M-1626,SESS-20260829-5287-0405,RENTAL_ACCRUAL,16,671,2026-08-29T19:45:00+08:00
dc915705-ffe7-49d6-a819-a240dd14596a,M-1871,SESS-20260829-8409-0406,RENTAL_ACCRUAL,15,288,2026-08-30T01:30:00+08:00
0f0ed3c5-cb63-444c-9f96-bfa2d31046ff,M-1500,SESS-20260829-1463-0407,RENTAL_ACCRUAL,28,176,2026-08-29T15:45:00+08:00
40fff95e-bc04-4896-b79c-610859cd2582,M-1710,SESS-20260829-4592-0408,RENTAL_ACCRUAL,11,470,2026-08-30T00:40:00+08:00
f2c9731d-a3b5-4a50-9d24-a4845ba86b63,M-1231,SESS-20260829-8245-0409,RENTAL_REDEMPTION,-100,339,2026-08-29T22:30:00+08:00
3e6411ce-b9a9-4099-8d7b-a657f40d255f,M-1231,SESS-20260829-8245-0409,RENTAL_ACCRUAL,10,349,2026-08-30T01:30:00+08:00
088c3eea-f807-415d-869b-2ce6d38fa834,M-1571,SESS-20260829-7602-0410,RENTAL_REDEMPTION,-100,179,2026-08-29T22:30:00+08:00
cb387738-e2b2-42e5-85e3-2c47fd56cfda,M-1571,SESS-20260829-7602-0410,RENTAL_ACCRUAL,5,184,2026-08-30T00:30:00+08:00
ff41c09f-a97b-48ba-ad4a-d58e19d6b851,M-1745,SESS-20260829-7837-0411,RENTAL_REDEMPTION,-200,53,2026-08-29T23:00:00+08:00
d3e69d01-23f2-4197-8a72-36bb0738dd40,M-1745,SESS-20260829-7837-0411,RENTAL_ACCRUAL,28,81,2026-08-30T02:00:00+08:00
24db803e-f4b9-4f4d-a495-01c284bf4d99,M-1329,SESS-20260829-7220-0412,RENTAL_ACCRUAL,72,167,2026-08-30T03:15:00+08:00
06e07b0a-fab6-44c2-9358-cf60e601ed48,M-1761,SESS-20260829-2071-0413,RENTAL_ACCRUAL,5,668,2026-08-29T23:30:00+08:00
90237aac-1a85-4367-ac35-239d09c853bf,M-1459,SESS-20260829-8758-0414,RENTAL_ACCRUAL,28,119,2026-08-29T16:30:00+08:00
50c113e0-a2d6-4f5f-a31c-5763307d4ffd,M-2078,SESS-20260829-5150-0415,RENTAL_REDEMPTION,-100,9,2026-08-29T23:30:00+08:00
7eafc6c0-d25f-4952-8abb-d2fbcbf2bd4f,M-2078,SESS-20260829-5150-0415,RENTAL_ACCRUAL,91,100,2026-08-30T07:30:00+08:00
3b780e1e-146f-4e68-b1e9-681eae2b3ad1,M-1810,SESS-20260829-4558-0416,RENTAL_ACCRUAL,6,446,2026-08-29T21:25:00+08:00
6586dbb3-ba2f-4109-97e7-ffb46c3b1b1a,M-1419,SESS-20260829-7220-0417,RENTAL_ACCRUAL,18,280,2026-08-29T21:15:00+08:00
e39dead2-b862-4570-b5ac-c1c171582fa4,M-1644,SESS-20260829-3880-0418,RENTAL_ACCRUAL,18,250,2026-08-29T23:30:00+08:00
94a20f1f-7153-486c-bb87-854d40c7861b,M-2055,SESS-20260829-8186-0419,RENTAL_ACCRUAL,11,400,2026-08-29T23:40:00+08:00
c95315b9-ca9a-44e7-a5e1-484a6527f8bc,M-2170,SESS-20260829-9311-0420,RENTAL_ACCRUAL,24,109,2026-08-29T23:50:00+08:00
1dc9e7b2-015d-4fef-bc57-20bc6dbba9dd,M-1650,SESS-20260829-4951-0421,RENTAL_REDEMPTION,-100,60,2026-08-29T20:30:00+08:00
a65a200b-19ae-4b4f-9235-e1d24f248674,M-1650,SESS-20260829-4951-0421,RENTAL_ACCRUAL,10,70,2026-08-29T23:30:00+08:00
c3bd119d-dfa8-4a16-a5bb-39f20e88abfc,M-1946,SESS-20260829-6489-0422,RENTAL_ACCRUAL,16,259,2026-08-30T01:45:00+08:00
1b02f7ea-01c8-4088-99c0-91b95fda8def,M-1247,SESS-20260829-3295-0423,RENTAL_REDEMPTION,-100,2501,2026-08-29T23:40:00+08:00
c6fcb451-a289-4222-a41c-140997886d0f,M-1247,SESS-20260829-3295-0423,RENTAL_ACCRUAL,4,2505,2026-08-30T01:40:00+08:00
aaabcc64-2fa9-4490-9bc6-0144f9b800f0,M-1462,SESS-20260829-5945-0424,RENTAL_ACCRUAL,6,373,2026-08-29T21:15:00+08:00
4e22b531-5ed3-4910-aa72-0f94b73f8cd5,M-1230,SESS-20260829-8611-0425,RENTAL_REDEMPTION,-100,101,2026-08-29T21:20:00+08:00
73c7f965-e043-4809-81f0-a22078ce117d,M-1230,SESS-20260829-8611-0425,RENTAL_ACCRUAL,5,106,2026-08-29T23:20:00+08:00
afe8a259-b281-4f58-b6ab-eda11c3ee2d5,M-2200,SESS-20260829-5234-0426,RENTAL_ACCRUAL,12,94,2026-08-30T00:55:00+08:00
11f6c57b-1bb0-4b56-ad2f-402a435452ea,M-1844,SESS-20260829-5121-0427,RENTAL_ACCRUAL,10,286,2026-08-29T20:15:00+08:00
2120eb35-3e9b-4c85-9135-d84e8ea7135a,M-1949,SESS-20260829-5636-0428,RENTAL_ACCRUAL,40,352,2026-08-29T19:45:00+08:00
e4f17e32-320e-4588-bf74-9bf94a29e98c,M-1767,SESS-20260829-2614-0429,RENTAL_ACCRUAL,28,126,2026-08-30T03:40:00+08:00
582bc80e-9772-4b36-9aab-d7dadaa70f41,M-1401,SESS-20260829-3239-0430,RENTAL_REDEMPTION,-200,280,2026-08-29T20:00:00+08:00
276aca08-bc90-4e5f-9bbf-8d650ae91a98,M-1401,SESS-20260829-3239-0430,RENTAL_ACCRUAL,1,281,2026-08-29T21:00:00+08:00
7100b393-875c-438e-ad77-d2d7ae9914b0,M-1155,SESS-20260829-1889-0431,RENTAL_ACCRUAL,18,262,2026-08-30T01:20:00+08:00
aa1d3fd3-b58b-4e2a-900a-3192c3b818a8,M-1147,SESS-20260829-1111-0432,RENTAL_ACCRUAL,16,255,2026-08-29T19:35:00+08:00
16b11db1-ab84-4ddb-84b7-7a88f93513ff,M-1819,SESS-20260829-2328-0433,RENTAL_ACCRUAL,28,440,2026-08-30T04:15:00+08:00
f10d5a85-37b8-4865-8dc8-06dfec8b1d50,M-1269,SESS-20260829-4602-0434,RENTAL_ACCRUAL,18,461,2026-08-29T22:40:00+08:00
c0cc1133-2373-4fae-bbe8-5cf9f2ca67e5,M-1617,SESS-20260829-7788-0435,RENTAL_REDEMPTION,-100,75,2026-08-29T23:40:00+08:00
5fe8e714-f09d-4e80-bde5-1ee450a33d76,M-1617,SESS-20260829-7788-0435,RENTAL_ACCRUAL,11,86,2026-08-30T01:40:00+08:00
5774253a-9759-41c0-a73e-c3d01784fc30,M-1547,SESS-20260829-7923-0436,RENTAL_REDEMPTION,-200,433,2026-08-29T17:45:00+08:00
9de48347-479a-4995-a45d-ced993940454,M-1547,SESS-20260829-7923-0436,RENTAL_ACCRUAL,4,437,2026-08-29T20:45:00+08:00
5f138c53-8522-41c3-9f50-595c5b0c0806,M-1730,SESS-20260829-6985-0437,RENTAL_ACCRUAL,5,333,2026-08-30T00:35:00+08:00
fbcc50b6-ad94-4582-83e4-f864ae167a36,M-1181,SESS-20260829-6595-0438,RENTAL_ACCRUAL,28,259,2026-08-30T00:30:00+08:00
0759a9eb-8907-4d6c-8c16-b4128ac74993,M-1982,SESS-20260829-9049-0439,RENTAL_ACCRUAL,15,63,2026-08-30T00:00:00+08:00
5d9f7326-9319-4d98-9463-b4453e44f6ff,M-2001,SESS-20260829-9640-0440,RENTAL_REDEMPTION,-100,73,2026-08-29T22:55:00+08:00
52c88410-c2f7-409e-89b6-853722e51ca3,M-2001,SESS-20260829-9640-0440,RENTAL_ACCRUAL,5,78,2026-08-30T00:55:00+08:00
54033226-24aa-434a-8624-a093802e6cd0,M-1953,SESS-20260829-2045-0441,RENTAL_ACCRUAL,15,126,2026-08-29T23:25:00+08:00
e63b642c-c8b5-43fa-b85d-4c4d6deb6bde,M-1325,SESS-20260829-3866-0442,RENTAL_ACCRUAL,11,213,2026-08-29T22:50:00+08:00
1b6c4abf-aa1b-4dbd-925a-b09f647e0268,M-1207,SESS-20260829-1043-0443,RENTAL_ACCRUAL,11,85,2026-08-29T20:00:00+08:00
1c5f0982-df1e-4202-bb4f-b13b88dac4ea,M-1741,SESS-20260829-1555-0444,RENTAL_ACCRUAL,5,148,2026-08-29T21:50:00+08:00
ec82b4b1-2c5a-46dd-9165-31155008d837,M-2149,SESS-20260829-4624-0445,RENTAL_ACCRUAL,25,65,2026-08-30T03:05:00+08:00
01f87c3a-7f3b-4b9d-963d-40d329ac278a,M-1825,SESS-20260829-1553-0446,RENTAL_ACCRUAL,18,444,2026-08-30T01:20:00+08:00
f0d966f3-3904-47e1-b071-281684e54fd6,M-1308,SESS-20260829-7824-0447,RENTAL_ACCRUAL,18,47,2026-08-30T01:55:00+08:00
28adb5b0-9d01-4cc4-87ea-992b1dd0a6e6,M-1336,SESS-20260829-5008-0448,RENTAL_ACCRUAL,9,557,2026-08-29T16:10:00+08:00
45b5d08e-3d9b-4e2f-8a1e-5ab8efbf1527,M-1626,SESS-20260829-3934-0449,RENTAL_ACCRUAL,11,682,2026-08-30T01:35:00+08:00
b63633e6-7ddf-4bb3-9e90-65f1c5264dfd,M-2180,SESS-20260829-5041-0450,RENTAL_ACCRUAL,10,106,2026-08-29T23:15:00+08:00
9f96800d-f057-4abf-92d6-7d9f7f624411,M-1407,SESS-20260829-5420-0451,RENTAL_ACCRUAL,28,139,2026-08-30T01:15:00+08:00
bccc48d2-5189-4687-9cb2-f14fc9f79ca2,M-1945,SESS-20260829-1500-0452,RENTAL_ACCRUAL,10,28,2026-08-30T01:55:00+08:00
58ed6587-cbdb-4b28-a2a0-7a2433373304,M-1165,SESS-20260829-2821-0453,RENTAL_REDEMPTION,-100,41,2026-08-29T21:10:00+08:00
25472942-fae0-43a3-a11a-d318c0cb1286,M-1165,SESS-20260829-2821-0453,RENTAL_ACCRUAL,20,61,2026-08-29T23:10:00+08:00
992e2e43-d915-41bb-9b19-10976255ae80,M-1587,SESS-20260829-8997-0454,RENTAL_ACCRUAL,12,1197,2026-08-30T01:05:00+08:00
ea201455-f8e1-4f10-a7af-cc537505e8f6,M-1911,SESS-20260829-3289-0455,RENTAL_REDEMPTION,-100,177,2026-08-29T20:40:00+08:00
f7a5b388-3fb3-40e1-ad53-a8cf6315fedd,M-1911,SESS-20260829-3289-0455,RENTAL_ACCRUAL,38,215,2026-08-30T04:40:00+08:00
877e8be0-2329-4336-b19c-d9ffabda657f,M-1770,SESS-20260829-8146-0456,RENTAL_ACCRUAL,28,235,2026-08-30T01:30:00+08:00
923ab03b-38e2-41d9-bfec-222f7cfc818d,M-1321,SESS-20260829-7460-0457,RENTAL_REDEMPTION,-100,308,2026-08-29T22:30:00+08:00
d384e7d3-dea5-4697-8101-a93032bf7d38,M-1321,SESS-20260829-7460-0457,RENTAL_ACCRUAL,5,313,2026-08-30T00:30:00+08:00
8a582b05-307a-4b6f-a4bc-8bf95bceafe6,M-1581,SESS-20260829-3379-0458,RENTAL_ACCRUAL,43,173,2026-08-29T21:50:00+08:00
2c2c917a-644b-459b-b931-3018f69f2f68,M-1517,SESS-20260829-7597-0459,RENTAL_ACCRUAL,5,129,2026-08-29T21:30:00+08:00
c8b7b42a-8a4b-43a3-bb3e-0679167713f7,M-1971,SESS-20260829-4979-0460,RENTAL_ACCRUAL,5,84,2026-08-30T00:30:00+08:00
f4c9d125-1b8d-4852-abf3-36074d37d039,M-1860,SESS-20260829-1486-0461,RENTAL_ACCRUAL,5,137,2026-08-30T00:30:00+08:00
e61d6351-b383-49b9-84bb-de6447a0dcf0,M-1762,SESS-20260829-4044-0462,RENTAL_ACCRUAL,18,227,2026-08-29T21:30:00+08:00
0b8850af-9f04-4060-8ce6-426c5923e91b,M-1806,SESS-20260829-8759-0463,RENTAL_REDEMPTION,-200,69,2026-08-29T23:20:00+08:00
1ddfabc3-c95d-48e1-99b5-f78f79a2a5c9,M-1806,SESS-20260829-8759-0463,RENTAL_ACCRUAL,28,97,2026-08-30T02:20:00+08:00
28842da1-e57f-4683-b227-cfde705b1d3f,M-1527,SESS-20260829-2065-0464,RENTAL_ACCRUAL,6,1076,2026-08-29T22:45:00+08:00
a7edb1a4-f0ae-4f5f-ba16-64892a1a953d,M-1215,SESS-20260829-4890-0465,RENTAL_REDEMPTION,-100,160,2026-08-29T22:00:00+08:00
206da73a-fa07-48ff-a473-80627d949ada,M-1215,SESS-20260829-4890-0465,RENTAL_ACCRUAL,34,194,2026-08-30T01:00:00+08:00
384ee3a1-8d8e-4990-b24c-d14a3ddcc9d3,M-1215,TIER_UPGRADE_Silver_TO_Gold,TIER_BONUS,100,294,2026-08-30T01:00:00+08:00
ebc19427-d537-4e4b-b9de-f6657aa423fe,M-1138,SESS-20260829-3198-0466,RENTAL_ACCRUAL,48,527,2026-08-30T04:30:00+08:00
1471265b-aa9d-4cae-91ae-f4cf30ea766c,M-2195,SESS-20260829-8358-0467,RENTAL_ACCRUAL,11,405,2026-08-30T01:30:00+08:00
4039e383-e11a-42e5-bbfa-c1a1df3967ef,M-1841,SESS-20260829-5211-0468,RENTAL_ACCRUAL,28,307,2026-08-30T04:00:00+08:00
858f2765-7e7c-4106-8b6d-ada1309cc080,M-1668,SESS-20260829-1141-0469,RENTAL_ACCRUAL,45,261,2026-08-30T02:30:00+08:00
e6587c0f-98cb-4bd9-9328-5c5464337896,M-2112,ORD-20260829-6357-0001,CONCESSION_ACCRUAL,9,51,2026-08-29T20:46:12+08:00
d530d0ca-513d-406e-8b15-a09b9428face,M-1741,ORD-20260829-3782-0002,CONCESSION_ACCRUAL,26,174,2026-08-29T21:14:35+08:00
c67b8c8b-1e94-4a41-9e7e-5d4321c3eb8a,M-1148,ORD-20260829-2273-0003,CONCESSION_ACCRUAL,7,170,2026-08-29T16:58:32+08:00
7a381b89-ca17-4140-beef-d2583052cf52,M-2021,ORD-20260830-4854-0004,CONCESSION_ACCRUAL,16,305,2026-08-30T00:00:36+08:00
8fa43817-d3f3-4138-8711-e72367740632,M-2126,ORD-20260829-3517-0005,CONCESSION_ACCRUAL,8,290,2026-08-29T21:13:41+08:00
83bbd8af-5595-4ca0-b8f1-d83ae7e9221a,M-2179,ORD-20260830-2078-0006,CONCESSION_ACCRUAL,3,298,2026-08-30T00:23:11+08:00
6032e763-6fa1-44f7-9939-2d10683640aa,M-1931,ORD-20260829-5988-0007,CONCESSION_ACCRUAL,11,259,2026-08-29T20:22:40+08:00
7e5b5052-e358-4ab6-bfe5-6933fa188086,M-2096,ORD-20260830-7518-0008,CONCESSION_ACCRUAL,18,110,2026-08-30T01:20:18+08:00
d9ecc419-f6f8-4345-89df-df9f4fdfbd3e,M-1899,ORD-20260829-7528-0009,CONCESSION_ACCRUAL,16,160,2026-08-29T11:34:10+08:00
8348c03e-b4d4-41f4-8f70-4d3e9335a8e9,M-2128,ORD-20260829-9986-0010,CONCESSION_ACCRUAL,21,522,2026-08-29T21:42:38+08:00
a298aa95-1b7b-4435-b6b3-86d302eae845,M-2039,ORD-20260829-4483-0011,CONCESSION_ACCRUAL,24,210,2026-08-29T10:43:34+08:00
3efc3bf3-3fbd-4e35-a020-94557c8c8ab2,M-1517,ORD-20260829-7879-0012,CONCESSION_ACCRUAL,7,136,2026-08-29T21:03:36+08:00
7a841bc2-ec6f-4949-be48-be3bea75ea9c,M-1889,ORD-20260829-8444-0013,CONCESSION_ACCRUAL,9,110,2026-08-29T17:30:55+08:00
e95a33ca-d190-4c2c-926c-9418949067ea,M-1682,ORD-20260829-1144-0014,CONCESSION_ACCRUAL,14,909,2026-08-29T23:19:02+08:00
8d95b6d0-8e9c-4b7c-baee-394d2af3c470,M-1331,ORD-20260829-8567-0015,CONCESSION_ACCRUAL,33,392,2026-08-29T09:53:05+08:00
052f9a85-ec71-4599-aa27-efe8b3a23320,M-1819,ORD-20260830-5429-0016,CONCESSION_ACCRUAL,8,448,2026-08-30T00:18:02+08:00
e55b45bc-25a1-4c94-9b14-20ddb5c7e3e4,M-1517,ORD-20260829-3302-0017,CONCESSION_ACCRUAL,25,161,2026-08-29T16:05:19+08:00
6f472bbf-d147-4dca-baba-e0ed0e8f8d8f,M-1393,ORD-20260829-3680-0018,CONCESSION_ACCRUAL,15,317,2026-08-29T19:06:15+08:00
57a04bb1-63e6-4812-8ab2-68e8088500b2,M-1016,ORD-20260829-1828-0019,CONCESSION_ACCRUAL,28,352,2026-08-29T23:44:12+08:00
3048698f-dbf8-49c1-b700-a5e1f35e8c20,M-2100,ORD-20260829-3701-0020,CONCESSION_ACCRUAL,25,256,2026-08-29T13:29:10+08:00
557cf640-306a-46f7-874f-f8ec4b563a58,M-2036,ORD-20260829-7267-0021,CONCESSION_ACCRUAL,20,39,2026-08-29T22:50:29+08:00
724d9834-ae7f-4c4f-9618-99bfca4ede7b,M-1415,ORD-20260829-8614-0022,CONCESSION_ACCRUAL,12,455,2026-08-29T09:11:04+08:00
12b8b45a-4407-49c2-a256-1a24eacb370c,M-2066,ORD-20260829-7963-0023,CONCESSION_ACCRUAL,12,110,2026-08-29T23:02:02+08:00
6589f4ac-597e-40d5-b573-debea631daae,M-1750,ORD-20260829-8717-0024,CONCESSION_ACCRUAL,26,454,2026-08-29T21:56:31+08:00
6294b495-284e-4a4b-aee3-d71a2dedde83,M-1124,ORD-20260829-3148-0025,CONCESSION_ACCRUAL,23,484,2026-08-29T15:59:50+08:00
62a5a00b-7c2f-4158-a11b-eb8b8d28a3a0,M-1187,ORD-20260829-1835-0026,CONCESSION_ACCRUAL,37,417,2026-08-29T23:44:33+08:00
7dd88497-ddc7-476f-9212-3fb493333e10,M-1195,ORD-20260829-7600-0027,CONCESSION_ACCRUAL,8,368,2026-08-29T14:46:25+08:00
811ed884-2841-40eb-8205-a16af5873d5c,M-1526,ORD-20260829-8054-0028,CONCESSION_ACCRUAL,9,1153,2026-08-29T20:18:48+08:00
c6e2e77d-c179-46e7-a798-b4cf0764454b,M-1390,ORD-20260830-8205-0029,CONCESSION_ACCRUAL,19,187,2026-08-30T01:19:34+08:00
c0f9dedb-b076-4adc-8929-259f320689b1,M-1070,ORD-20260830-3468-0030,CONCESSION_ACCRUAL,9,324,2026-08-30T01:36:31+08:00
e8a740b3-e0c4-4b87-8ce6-f1c6af6f296f,M-1454,ORD-20260830-6231-0031,CONCESSION_ACCRUAL,9,1479,2026-08-30T01:26:52+08:00
1503c5d6-709d-4d2a-bc2c-6a4dec7b18f0,M-1941,ORD-20260829-3220-0032,CONCESSION_ACCRUAL,10,157,2026-08-29T23:17:25+08:00
e34816d6-8d9b-4a5a-9cab-6e46cd9dd859,M-1663,ORD-20260829-1196-0033,CONCESSION_ACCRUAL,42,314,2026-08-29T14:32:56+08:00
83d11734-8b9d-4a24-973f-95e27a80c35e,M-1459,ORD-20260829-7784-0034,CONCESSION_ACCRUAL,15,134,2026-08-29T12:15:22+08:00
eb7c2968-1007-4f7e-9f67-aa76f52fd657,M-1241,ORD-20260830-1731-0035,CONCESSION_ACCRUAL,16,339,2026-08-30T02:38:20+08:00
619d4b8b-496e-47f5-973a-d3a1fb625ed5,M-1554,ORD-20260829-6944-0036,CONCESSION_ACCRUAL,59,855,2026-08-29T19:04:32+08:00
827fc6f9-2c7b-43c9-b20b-2b854295dd03,M-1942,ORD-20260830-5894-0037,CONCESSION_ACCRUAL,26,49,2026-08-30T01:59:47+08:00
0f672f09-092d-4ebc-ab0a-f608c9c85ed5,M-2079,ORD-20260829-8931-0038,CONCESSION_ACCRUAL,21,37,2026-08-29T15:13:56+08:00
66b52e23-b960-4092-bce7-20ce9cdd8d55,M-1754,ORD-20260829-4199-0039,CONCESSION_ACCRUAL,54,467,2026-08-29T20:18:26+08:00
5c68da7c-fb81-4928-9edc-f683d6bf992b,M-1281,ORD-20260829-2114-0040,CONCESSION_ACCRUAL,9,408,2026-08-29T22:33:26+08:00
bcad383e-e26f-47ae-9c64-b06f8b350d96,M-1545,ORD-20260829-8972-0041,CONCESSION_ACCRUAL,22,126,2026-08-29T22:41:30+08:00
3769198d-7893-4984-a0e8-ec5636e081b2,M-1197,ORD-20260829-3012-0042,CONCESSION_ACCRUAL,11,177,2026-08-29T11:54:16+08:00
029f586c-122f-4db6-b5f4-2cced22e2186,M-1652,ORD-20260829-7044-0043,CONCESSION_ACCRUAL,12,299,2026-08-29T04:16:16+08:00
2c0b2ea3-a16b-483d-ace9-779daa1363bf,M-1780,ORD-20260829-9842-0044,CONCESSION_ACCRUAL,11,449,2026-08-29T20:05:32+08:00
d39b968b-37d5-4d49-ad7a-36ee89a906b8,M-1036,ORD-20260829-1649-0045,CONCESSION_ACCRUAL,31,294,2026-08-29T17:35:02+08:00
4dde7f2d-10ff-47e4-82c8-3890a039cf4a,M-1014,ORD-20260830-5565-0046,CONCESSION_ACCRUAL,23,249,2026-08-30T01:07:15+08:00
4eddb8fa-2ade-408a-a39e-55e8cca7e40f,M-1305,ORD-20260829-1671-0047,CONCESSION_ACCRUAL,8,694,2026-08-29T16:45:18+08:00
39362f65-3c0e-45c9-82b2-6c0004986be9,M-1467,ORD-20260829-4652-0048,CONCESSION_ACCRUAL,8,203,2026-08-29T21:15:32+08:00
bf7adb5c-82d5-4d4e-910e-39ca711ae616,M-1467,TIER_UPGRADE_Silver_TO_Gold,TIER_BONUS,100,303,2026-08-29T21:15:32+08:00
6e9cdc52-bea2-45d1-b41a-f97b831841ee,M-1468,ORD-20260829-9782-0049,CONCESSION_ACCRUAL,22,601,2026-08-29T22:02:30+08:00
69524c88-f5a1-4a5f-aa46-ae24be0a2788,M-1359,ORD-20260829-4653-0050,CONCESSION_ACCRUAL,25,770,2026-08-29T22:51:36+08:00
8d75b575-0709-4565-bd3e-18ba29fb1c2f,M-1504,ORD-20260830-8066-0051,CONCESSION_ACCRUAL,33,533,2026-08-30T03:33:42+08:00
97b81af3-6a96-48a1-87c0-119f39f0818d,M-2156,ORD-20260829-9655-0052,CONCESSION_ACCRUAL,6,130,2026-08-29T19:43:43+08:00
eef1120a-dd91-4989-bde9-4ef4ada086e5,M-1469,ORD-20260829-1840-0053,CONCESSION_ACCRUAL,3,581,2026-08-29T12:37:23+08:00
8815758e-7c3e-4f5b-8949-4c20ae38898b,M-2094,ORD-20260829-5726-0054,CONCESSION_ACCRUAL,8,12,2026-08-29T20:25:54+08:00
d6cbd085-0bf2-4fe6-b38d-47c036a7e664,M-2041,ORD-20260830-6022-0055,CONCESSION_ACCRUAL,8,66,2026-08-30T00:43:47+08:00
7f1481fb-15ad-4e57-8e4f-b77da0b91cd2,M-1651,ORD-20260829-2186-0056,CONCESSION_ACCRUAL,31,617,2026-08-29T18:51:08+08:00
3b94189b-1043-4b31-9086-d7cd050bb575,M-1616,ORD-20260829-9669-0057,CONCESSION_ACCRUAL,8,545,2026-08-29T23:18:41+08:00
ee102745-3035-4e99-8536-88f7ff481634,M-1509,ORD-20260829-8044-0058,CONCESSION_ACCRUAL,12,84,2026-08-29T15:43:07+08:00
6f479778-b265-4f36-9a7b-5eb6dfec2fce,M-1952,ORD-20260829-9056-0059,CONCESSION_ACCRUAL,12,159,2026-08-29T20:55:01+08:00
098ec6ab-37f3-4730-9ce6-6b4631464ee4,M-1464,ORD-20260829-3756-0060,CONCESSION_ACCRUAL,9,138,2026-08-29T04:22:53+08:00
96b4ba98-31d8-4359-b63a-9974de452644,M-2173,ORD-20260830-3334-0061,CONCESSION_ACCRUAL,7,177,2026-08-30T00:18:43+08:00
fae24f7b-c520-4a62-9c0e-8397d9813107,M-1767,ORD-20260830-3648-0062,CONCESSION_ACCRUAL,8,134,2026-08-30T02:38:23+08:00
70bddc63-46b0-49fa-85d4-bcf273ac45d3,M-1321,ORD-20260829-7755-0063,CONCESSION_ACCRUAL,16,329,2026-08-29T22:52:58+08:00
5b3919e2-6e5e-40f4-ae67-2ab5cced71e0,M-1744,ORD-20260829-5991-0064,CONCESSION_ACCRUAL,3,1130,2026-08-29T02:12:50+08:00
55f66cef-4847-46c7-96d1-6dd2488113c2,M-1862,ORD-20260830-7943-0065,CONCESSION_ACCRUAL,24,157,2026-08-30T01:00:22+08:00
0058ad25-6315-45c1-aa4d-806b64949917,M-1538,ORD-20260829-5714-0066,CONCESSION_ACCRUAL,11,207,2026-08-29T16:23:58+08:00
a6209bc5-e154-452d-b4a6-a3d0ab558e78,M-1810,ORD-20260829-7339-0067,CONCESSION_ACCRUAL,12,458,2026-08-29T21:10:44+08:00
99214f5c-2236-4699-a0ef-653222638b7a,M-1181,ORD-20260829-1447-0068,CONCESSION_ACCRUAL,3,262,2026-08-29T19:47:05+08:00
875d5b09-7966-44bb-b56a-143a74a9259b,M-2149,ORD-20260830-1479-0069,CONCESSION_ACCRUAL,13,78,2026-08-30T02:57:15+08:00
3205f1f2-6de4-4a15-883e-ef2c5356fbc3,M-1215,ORD-20260829-1566-0070,CONCESSION_ACCRUAL,13,307,2026-08-29T22:21:49+08:00
c7c79699-4360-4d4e-9a6b-eff79516b203,M-1131,ORD-20260830-1216-0071,CONCESSION_ACCRUAL,9,433,2026-08-30T00:51:02+08:00
a82977d9-693b-4292-82fe-9adc4b715a5b,M-1617,ORD-20260830-6832-0072,CONCESSION_ACCRUAL,8,94,2026-08-30T01:32:03+08:00
0157f05b-9b93-48f3-9295-80d2059d62d4,M-1637,ORD-20260830-6088-0073,CONCESSION_ACCRUAL,20,1478,2026-08-30T00:09:06+08:00
909ce50c-b4fb-4010-bddc-05898738a8b6,M-2174,ORD-20260829-3218-0074,CONCESSION_ACCRUAL,8,201,2026-08-29T19:17:18+08:00
5c43b634-7765-4e97-9357-bf81542a8178,M-1746,ORD-20260829-5264-0075,CONCESSION_ACCRUAL,31,191,2026-08-29T17:08:26+08:00
44848374-e268-497b-96b0-667ebc2002a6,M-1949,ORD-20260829-5420-0076,CONCESSION_ACCRUAL,26,378,2026-08-29T19:14:14+08:00
eff4a12e-1f60-415a-afeb-83f6739c6dd9,M-2042,ORD-20260829-1152-0077,CONCESSION_ACCRUAL,25,327,2026-08-29T03:53:02+08:00
b74bd0b5-57a1-487a-b845-1760afd4ae90,M-2042,TIER_UPGRADE_Standard_TO_Silver,TIER_BONUS,50,377,2026-08-29T03:53:02+08:00
d62eba68-393b-4b1c-9cb4-166f5e2bf68d,M-1787,ORD-20260830-3372-0078,CONCESSION_ACCRUAL,11,428,2026-08-30T00:01:43+08:00
9d0c22d3-61ae-4121-80ee-ecc48405bd5d,M-1456,ORD-20260829-1126-0079,CONCESSION_ACCRUAL,15,672,2026-08-29T13:53:53+08:00
f564c3ab-c551-415a-aba9-d90de9c72cee,M-2063,ORD-20260829-7257-0080,CONCESSION_ACCRUAL,16,268,2026-08-29T21:41:45+08:00
7491055c-e664-4aed-89e4-11227ffb16b6,M-1143,ORD-20260829-3980-0081,CONCESSION_ACCRUAL,18,4295,2026-08-29T22:45:24+08:00
e673a3dd-e854-4d0f-bc11-06629f370b36,M-1907,ORD-20260829-4282-0082,CONCESSION_ACCRUAL,34,161,2026-08-29T23:04:55+08:00
257a9119-49b2-40d8-bfc1-7848e34774db,M-1762,ORD-20260829-6406-0083,CONCESSION_ACCRUAL,15,242,2026-08-29T20:04:57+08:00
ddfac414-9e4c-4075-b4eb-3bf9d6a25215,M-1808,ORD-20260829-8014-0084,CONCESSION_ACCRUAL,81,2353,2026-08-29T20:43:45+08:00
834ce944-1e65-4b51-9920-59bcce7dba44,M-2077,ORD-20260829-1073-0085,CONCESSION_ACCRUAL,7,395,2026-08-29T20:37:52+08:00
4db82a47-39ba-4484-9759-22dd35d98589,M-2187,ORD-20260829-2612-0086,CONCESSION_ACCRUAL,3,301,2026-08-29T15:39:25+08:00
8b82c28b-8d36-4517-ae78-1ac05e119a2b,M-1350,ORD-20260829-1052-0087,CONCESSION_ACCRUAL,12,605,2026-08-29T23:17:52+08:00
bae36fa1-fa1e-473f-80ff-ade2f6432a6f,M-2156,ORD-20260829-2238-0088,CONCESSION_ACCRUAL,3,133,2026-08-29T17:03:42+08:00
b2773358-2d8e-4d31-be7e-cdf39dc1f8f6,M-1987,ORD-20260829-2981-0089,CONCESSION_ACCRUAL,22,137,2026-08-29T17:58:29+08:00
2c5d5a43-07c0-4ad0-a790-bb30ce4248c8,M-1626,ORD-20260830-4761-0090,CONCESSION_ACCRUAL,11,693,2026-08-30T01:05:02+08:00
4ca28104-7922-416c-83da-29fe3d765441,M-1912,ORD-20260829-1880-0091,CONCESSION_ACCRUAL,14,461,2026-08-29T21:36:40+08:00
5d288b2c-53e5-4162-af99-f950e2fc418c,M-1147,ORD-20260829-7679-0092,CONCESSION_ACCRUAL,16,271,2026-08-29T16:58:43+08:00
e1716245-2d0f-406a-ada9-e6e90fea1898,M-1147,TIER_UPGRADE_Silver_TO_Gold,TIER_BONUS,100,371,2026-08-29T16:58:43+08:00
8aa8fe7a-e280-49a4-bdaa-299fd57e891f,M-1532,ORD-20260829-1017-0093,CONCESSION_ACCRUAL,18,81,2026-08-29T22:29:35+08:00
7868aa29-e08e-4705-9e9f-32c4184314e0,M-1189,ORD-20260829-8980-0094,CONCESSION_ACCRUAL,16,646,2026-08-29T11:31:08+08:00
437c7fb7-f75a-4863-a4b3-f452725b000f,M-1825,ORD-20260830-5937-0095,CONCESSION_ACCRUAL,3,447,2026-08-30T01:00:58+08:00
728c2e59-5458-42e9-a4d6-9bf2d7751434,M-1644,ORD-20260829-6648-0096,CONCESSION_ACCRUAL,11,261,2026-08-29T21:32:50+08:00
31b83bea-7eb2-41e3-9cae-d06b9ce8329b,M-1834,ORD-20260829-3330-0097,CONCESSION_ACCRUAL,16,179,2026-08-29T13:10:23+08:00
2226bb73-6d29-4d38-b6bc-2bc54b3eb109,M-1834,TIER_UPGRADE_Silver_TO_Gold,TIER_BONUS,100,279,2026-08-29T13:10:23+08:00
4c70b39f-527d-4cdf-b460-ed8a23af7111,M-1363,ORD-20260829-1869-0098,CONCESSION_ACCRUAL,28,503,2026-08-29T20:47:27+08:00
ea1420c8-cec3-45f1-a55f-a64e236636fa,M-2022,ORD-20260830-4430-0099,CONCESSION_ACCRUAL,31,390,2026-08-30T00:50:05+08:00
6e3ead32-cccb-43f3-8d33-5e7f7dd206b6,M-1602,ORD-20260829-3545-0100,CONCESSION_ACCRUAL,9,769,2026-08-29T11:44:13+08:00
4a693e8a-94ba-4bc2-909e-884909980e00,M-1603,ORD-20260829-6958-0101,CONCESSION_ACCRUAL,9,446,2026-08-29T20:11:29+08:00
bcf9eb24-5732-4c17-b4bd-8fa69461ee74,M-1049,ORD-20260829-4806-0102,CONCESSION_ACCRUAL,20,54,2026-08-29T13:26:48+08:00
29a9f9f9-8c3b-43c5-be02-7e7a12986654,M-1946,ORD-20260829-8491-0103,CONCESSION_ACCRUAL,22,281,2026-08-29T22:59:54+08:00
932a4e6c-5b65-4990-a18e-96e464d3f283,M-1789,ORD-20260829-4984-0104,CONCESSION_ACCRUAL,3,222,2026-08-29T13:33:51+08:00
fbcb3ca2-b6b7-4fd0-b21e-9b9d37d8de84,M-1365,ORD-20260829-5829-0105,CONCESSION_ACCRUAL,9,350,2026-08-29T21:35:58+08:00
ddd15523-3a73-4368-89c2-9d7c0235df1d,M-1333,ORD-20260829-8276-0106,CONCESSION_ACCRUAL,29,553,2026-08-29T22:06:35+08:00
f9261431-e1a7-4081-840a-d5ad51b26fc1,M-1932,ORD-20260830-4434-0107,CONCESSION_ACCRUAL,19,94,2026-08-30T01:54:32+08:00
f13e68df-02c1-4514-84cc-bbc71e53cbaa,M-1441,ORD-20260829-1369-0108,CONCESSION_ACCRUAL,16,247,2026-08-29T23:30:22+08:00
c279e702-a65d-4aba-a767-b2fad4eacc9f,M-1325,ORD-20260829-5540-0109,CONCESSION_ACCRUAL,16,229,2026-08-29T21:03:03+08:00
288b8f86-c120-4625-82c3-da9215936dd7,M-2143,ORD-20260829-6113-0110,CONCESSION_ACCRUAL,25,147,2026-08-29T21:43:08+08:00
d65fecb3-07e6-4902-be16-c82bf01b1396,M-2195,ORD-20260830-3796-0111,CONCESSION_ACCRUAL,3,408,2026-08-30T00:33:36+08:00
aad0e15a-7603-4ac1-9341-e496d7ddc20e,M-1401,ORD-20260829-7330-0112,CONCESSION_ACCRUAL,3,284,2026-08-29T20:49:52+08:00
9845a685-283e-4f6e-bda6-e19666178000,M-1525,ORD-20260829-6988-0113,CONCESSION_ACCRUAL,27,671,2026-08-29T23:14:07+08:00
9b12086d-4924-4a63-822b-47548153ee52,M-2074,ORD-20260829-8176-0114,CONCESSION_ACCRUAL,16,248,2026-08-29T15:45:22+08:00
ce3f5b46-173b-45ca-87ac-1efb42125fcc,M-1929,ORD-20260829-5265-0115,CONCESSION_ACCRUAL,16,244,2026-08-29T20:07:52+08:00
a7c2f30b-c145-4145-beb1-4e1c020403ab,M-1341,ORD-20260829-3760-0116,CONCESSION_ACCRUAL,33,277,2026-08-29T23:20:50+08:00
306c4203-8171-4fb2-9ed0-6ebcf543e376,M-2180,ORD-20260829-1627-0117,CONCESSION_ACCRUAL,6,112,2026-08-29T22:13:02+08:00
0fc39d8b-570b-4ae4-acf4-b286cadcf831,M-1157,ORD-20260829-6948-0118,CONCESSION_ACCRUAL,30,436,2026-08-29T20:32:25+08:00
659d43d1-67a6-4d4d-aea4-cd052861e171,M-1300,ORD-20260829-5553-0119,CONCESSION_ACCRUAL,32,233,2026-08-29T17:12:44+08:00
d7bfc393-50ed-425d-86cf-313137678eba,M-2167,ORD-20260829-9550-0120,CONCESSION_ACCRUAL,30,316,2026-08-29T19:53:23+08:00
2960c8e9-bac6-4f4d-b2c8-1039aba2a304,M-2083,ORD-20260829-3055-0121,CONCESSION_ACCRUAL,9,221,2026-08-29T11:58:12+08:00
fb5acff8-b0d9-43f5-8872-efb001ed6482,M-1010,ORD-20260829-8804-0122,CONCESSION_ACCRUAL,16,640,2026-08-29T22:31:31+08:00
0e49ec54-5924-48f3-b5d4-752594eb5548,M-2052,ORD-20260829-9611-0123,CONCESSION_ACCRUAL,6,51,2026-08-29T15:19:00+08:00
9a7c40af-36dc-43eb-bfc0-8deb04427440,M-1755,ORD-20260830-9226-0124,CONCESSION_ACCRUAL,15,92,2026-08-30T01:47:33+08:00
c08683ae-bc75-4341-9dac-bb5f3647ca8b,M-1527,ORD-20260829-3639-0125,CONCESSION_ACCRUAL,32,1108,2026-08-29T20:22:30+08:00
d127b7f8-58be-421f-bd4e-bc0f89c70a0a,M-1219,ORD-20260829-2136-0126,CONCESSION_ACCRUAL,3,349,2026-08-29T04:22:47+08:00
9c0a0beb-ab5f-460b-8b45-7cc8db6edf58,M-1575,ORD-20260829-3226-0127,CONCESSION_ACCRUAL,9,237,2026-08-29T22:42:43+08:00
fee94d61-e10d-4321-8009-593b73a073b2,M-1880,ORD-20260829-4910-0128,CONCESSION_ACCRUAL,9,57,2026-08-29T21:53:24+08:00
086acd4e-0783-4058-b608-da024d710232,M-1188,ORD-20260829-4786-0129,CONCESSION_ACCRUAL,9,123,2026-08-29T16:17:59+08:00
c292f4fa-cb23-455c-80df-01a1dfe1692a,M-1150,ORD-20260829-4435-0130,CONCESSION_ACCRUAL,10,416,2026-08-29T22:48:36+08:00
c0f85aaf-50cf-4772-9f43-28d7e0682f07,M-1471,ORD-20260830-8455-0131,CONCESSION_ACCRUAL,3,113,2026-08-30T01:21:59+08:00
e59b7a9a-e8cd-4c20-8d8a-8b994772b2b1,M-1045,ORD-20260829-1669-0132,CONCESSION_ACCRUAL,15,315,2026-08-29T12:40:13+08:00
9d01204d-143e-4782-8de8-1afc7d39a6e8,M-1966,ORD-20260829-4488-0133,CONCESSION_ACCRUAL,40,189,2026-08-29T15:03:01+08:00
07b61482-6737-43ce-9986-4a44e6338924,M-2004,ORD-20260830-9424-0134,CONCESSION_ACCRUAL,8,74,2026-08-30T00:39:54+08:00
3d49cb28-a16f-4b38-bf30-585e42801ec9,M-1805,ORD-20260829-4801-0135,CONCESSION_ACCRUAL,13,587,2026-08-29T17:54:32+08:00
d26f1d4c-ff3f-4066-a39d-b65ec094649d,M-1857,ORD-20260830-2087-0136,CONCESSION_ACCRUAL,33,161,2026-08-30T02:40:54+08:00
b55d6304-1e49-43ea-9e71-ebd1a24d1645,M-1065,ORD-20260829-4427-0137,CONCESSION_ACCRUAL,27,808,2026-08-29T14:02:12+08:00
047547f1-e89c-419f-858a-707d269f5d22,M-1806,ORD-20260830-3310-0138,CONCESSION_ACCRUAL,15,112,2026-08-30T00:54:55+08:00
35b35779-c685-4f17-ac8a-cdee41a5a8b2,M-1642,ORD-20260829-3985-0139,CONCESSION_ACCRUAL,18,439,2026-08-29T23:36:05+08:00
7c804fdd-3607-49fb-9bab-0ba37baf8828,M-1165,ORD-20260829-8150-0140,CONCESSION_ACCRUAL,16,77,2026-08-29T21:12:00+08:00
75811255-69bf-4b47-aa03-0893fa64e90c,M-1461,ORD-20260829-8586-0141,CONCESSION_ACCRUAL,13,623,2026-08-29T22:50:58+08:00
941e6969-a47b-4a02-89ce-0a26c2473b7d,M-1080,ORD-20260829-5032-0142,CONCESSION_ACCRUAL,13,492,2026-08-29T22:53:38+08:00
741fbbf1-478a-4e2c-bcb5-081a18b495ab,M-1135,ORD-20260829-2486-0143,CONCESSION_ACCRUAL,3,310,2026-08-29T22:12:21+08:00
3fb9f52d-3231-4da0-9f65-742b2c56de96,M-1207,ORD-20260829-2898-0144,CONCESSION_ACCRUAL,8,93,2026-08-29T18:49:20+08:00
398834d5-5717-4fe6-97f0-90d8bd643e30,M-2115,ORD-20260829-1785-0145,CONCESSION_ACCRUAL,30,296,2026-08-29T23:48:47+08:00
22ea0f24-9977-4a47-8205-3f104c96612f,M-1901,ORD-20260829-9704-0146,CONCESSION_ACCRUAL,6,127,2026-08-29T17:37:04+08:00
216e2cad-faeb-4d4d-9de5-c614e05a388a,M-1476,ORD-20260829-7049-0147,CONCESSION_ACCRUAL,13,186,2026-08-29T19:47:39+08:00
ab8b6d71-1c05-42f0-9f92-256e1fffa705,M-1087,ORD-20260829-1420-0148,CONCESSION_ACCRUAL,9,1449,2026-08-29T17:23:29+08:00
6275b46c-44bf-495c-81cc-915b0515c419,M-1462,ORD-20260829-5453-0149,CONCESSION_ACCRUAL,20,393,2026-08-29T20:57:31+08:00
e7e9a497-71c0-4200-a261-fe55d37491b7,M-1427,ORD-20260829-1320-0150,CONCESSION_ACCRUAL,11,132,2026-08-29T14:26:08+08:00
549d4e43-6018-41cd-ad22-0da767ca4a14,M-1975,ORD-20260829-6943-0151,CONCESSION_ACCRUAL,28,235,2026-08-29T15:29:38+08:00
afa15f3a-9baa-4c90-bfb3-39fae401ed7f,M-1537,ORD-20260829-1146-0152,CONCESSION_ACCRUAL,23,605,2026-08-29T19:15:44+08:00
4dc0de4d-2743-4b57-880e-d8dbe6938a46,M-1911,ORD-20260830-6862-0153,CONCESSION_ACCRUAL,8,223,2026-08-30T00:34:38+08:00
b240fa6e-9a73-49de-ad1a-1555614dfdc2,M-2059,ORD-20260829-3562-0154,CONCESSION_ACCRUAL,9,100,2026-08-29T16:22:53+08:00
ce4a4ca3-05aa-4afd-94bf-d66fa5a5439d,M-2059,TIER_UPGRADE_Standard_TO_Silver,TIER_BONUS,50,150,2026-08-29T16:22:53+08:00
00de93ab-42d4-4870-9e7e-8a54a342da5e,M-1263,ORD-20260829-6005-0155,CONCESSION_ACCRUAL,8,91,2026-08-29T23:53:01+08:00
69ef609a-08de-4fa9-8f4b-cefd6161a6ee,M-1904,ORD-20260829-5360-0156,CONCESSION_ACCRUAL,6,40,2026-08-29T23:51:16+08:00
ecf71182-19bd-47c5-9818-6fcc5343de40,M-1302,ORD-20260829-1508-0157,CONCESSION_ACCRUAL,15,394,2026-08-29T23:20:16+08:00
9123ca87-5346-4155-8fda-8d10db021a3d,M-1933,ORD-20260829-9507-0158,CONCESSION_ACCRUAL,6,118,2026-08-29T20:29:24+08:00
cb44b5f8-409e-46d8-adba-5a66e4850a18,M-1971,ORD-20260829-2823-0159,CONCESSION_ACCRUAL,11,95,2026-08-29T09:21:55+08:00
dc6fd47e-dbd7-435c-8e42-b1236f212744,M-1231,ORD-20260830-3173-0160,CONCESSION_ACCRUAL,7,356,2026-08-30T01:11:25+08:00
be541447-4227-460a-af4e-8e833271ea05,M-1816,ORD-20260829-2369-0161,CONCESSION_ACCRUAL,12,420,2026-08-29T19:41:47+08:00
6c7193ce-b4f0-474f-9cb0-1c0678113235,M-2114,ORD-20260829-5067-0162,CONCESSION_ACCRUAL,33,406,2026-08-29T21:33:08+08:00
17a90ccd-985b-480a-a5d2-b91c557c1df1,M-1734,ORD-20260829-8502-0163,CONCESSION_ACCRUAL,26,656,2026-08-29T11:21:35+08:00
4dd04e14-c12c-4cc0-ba3d-8d4c3560563b,M-1709,ORD-20260829-4930-0164,CONCESSION_ACCRUAL,16,312,2026-08-29T23:33:09+08:00
c77524c5-1c78-46c5-b80a-5453a16be0fe,M-1830,ORD-20260829-8576-0165,CONCESSION_ACCRUAL,14,304,2026-08-29T20:28:49+08:00
e9de6df9-97ba-44d0-aa28-a8e7908fd448,M-1062,ORD-20260829-6429-0166,CONCESSION_ACCRUAL,19,563,2026-08-29T13:08:04+08:00
66faa36b-7328-4245-ae68-300ff5227e11,M-2027,ORD-20260829-3740-0167,CONCESSION_ACCRUAL,22,173,2026-08-29T18:04:46+08:00
a5e0dd8b-1cf7-45af-996a-b7f7ef6a6d7e,M-1644,ORD-20260829-9730-0168,CONCESSION_ACCRUAL,35,296,2026-08-29T19:34:00+08:00
c0518bf1-b521-43fb-92c9-014a820391d2,M-1948,ORD-20260829-8514-0169,CONCESSION_ACCRUAL,14,211,2026-08-29T15:40:37+08:00
3633f810-5627-4567-9d7c-a14f38d79555,M-1556,ORD-20260829-3257-0170,CONCESSION_ACCRUAL,8,654,2026-08-29T14:42:19+08:00
aade08b5-00dd-4b3b-96d8-b9f3a4dfe6fc,M-1587,ORD-20260830-7447-0171,CONCESSION_ACCRUAL,20,1217,2026-08-30T00:22:59+08:00
eed5b1ff-336d-4994-b64f-36c427050858,M-1974,ORD-20260829-4627-0172,CONCESSION_ACCRUAL,6,66,2026-08-29T23:43:11+08:00
cfbf4997-0b37-471a-900d-ace9a1e2dfa4,M-1804,ORD-20260830-1859-0173,CONCESSION_ACCRUAL,10,282,2026-08-30T00:56:21+08:00
a0faecc2-f059-4915-af7e-d91e75aa0a20,M-1648,ORD-20260830-3426-0174,CONCESSION_ACCRUAL,13,514,2026-08-30T00:22:09+08:00
97edf55b-07c3-4f02-b7c3-abb10838e2a5,M-1252,ORD-20260829-3629-0175,CONCESSION_ACCRUAL,29,62,2026-08-29T18:07:02+08:00
bff78cd8-a377-4366-a5ab-e86835451658,M-1948,ORD-20260830-3449-0176,CONCESSION_ACCRUAL,41,252,2026-08-30T01:49:14+08:00
2f2cacdf-55cf-42a0-8883-6227533ac456,M-1730,ORD-20260830-9660-0177,CONCESSION_ACCRUAL,32,365,2026-08-30T00:34:07+08:00
5fa68b9c-b3dd-434b-bc01-9654aa54869e,M-1530,ORD-20260829-3703-0178,CONCESSION_ACCRUAL,13,201,2026-08-29T23:36:27+08:00
53441a93-08ae-4938-ab18-3547a33cd4b2,M-2192,ORD-20260829-1576-0179,CONCESSION_ACCRUAL,20,398,2026-08-29T22:22:23+08:00
a64624ce-be1d-4d88-bedb-97ef862cf387,M-1115,ORD-20260830-2857-0180,CONCESSION_ACCRUAL,33,372,2026-08-30T00:24:29+08:00
083580d2-339b-4fa3-a127-f98ac632c49e,M-1460,ORD-20260830-1151-0181,CONCESSION_ACCRUAL,8,33,2026-08-30T00:04:51+08:00
bf778dd3-6683-449d-bbbf-0184b30380eb,M-1500,ORD-20260829-2540-0182,CONCESSION_ACCRUAL,12,188,2026-08-29T15:22:44+08:00
1f89ad1b-f481-4ac2-ae3b-4ee96526a569,M-1482,ORD-20260829-6709-0183,CONCESSION_ACCRUAL,57,771,2026-08-29T17:23:45+08:00
0e7fdfc7-05cb-4487-bb61-d8afe75c83a2,M-1963,ORD-20260829-2622-0184,CONCESSION_ACCRUAL,9,233,2026-08-29T19:11:32+08:00
3e76d4ac-7fd4-48bc-9aa4-0cd28e3ee30a,M-1244,ORD-20260829-9379-0185,CONCESSION_ACCRUAL,18,700,2026-08-29T19:03:14+08:00
0b096a6a-71c1-4184-ac63-d2d8f761d871,M-1687,ORD-20260829-8440-0186,CONCESSION_ACCRUAL,21,573,2026-08-29T23:45:58+08:00
14304f38-4792-446c-8c52-e3c640183063,M-2184,ORD-20260829-2639-0187,CONCESSION_ACCRUAL,26,143,2026-08-29T18:43:28+08:00
82594589-7caf-40cc-af56-2db4fa868dde,M-1429,ORD-20260829-4148-0188,CONCESSION_ACCRUAL,45,812,2026-08-29T22:28:24+08:00
ef604c5c-c2c6-47c9-9911-957b7cc0d78e,M-1361,ORD-20260829-6054-0189,CONCESSION_ACCRUAL,22,460,2026-08-29T03:26:55+08:00
3191d8fe-1b20-4a8f-aa97-0f1ed52478c7,M-1033,ORD-20260829-2183-0190,CONCESSION_ACCRUAL,15,99,2026-08-29T08:44:15+08:00
1e976365-eb4e-48d0-ad3b-53c186e94388,M-1303,ORD-20260829-4725-0191,CONCESSION_ACCRUAL,36,2639,2026-08-29T10:28:39+08:00
d2935937-bded-492b-a9f9-f0c992f961cd,M-1705,ORD-20260829-9655-0192,CONCESSION_ACCRUAL,3,184,2026-08-29T22:34:55+08:00
54c8e79a-a93b-45d3-8457-e259a4331253,M-1140,ORD-20260829-6735-0193,CONCESSION_ACCRUAL,7,546,2026-08-29T16:47:07+08:00
049e16c6-68c6-47b8-8a4b-bdc973bfd818,M-1699,ORD-20260829-2473-0194,CONCESSION_ACCRUAL,27,103,2026-08-29T19:29:01+08:00
4af99fc7-d99d-4e7b-aa2f-97c0f7eb3715,M-2020,ORD-20260829-4224-0195,CONCESSION_ACCRUAL,15,417,2026-08-29T21:56:36+08:00
31172273-e311-4a33-bed8-75942acfc7c2,M-1849,ORD-20260830-5329-0196,CONCESSION_ACCRUAL,21,88,2026-08-30T01:21:09+08:00
c8ac0fab-77c6-42fc-8232-91a02741468f,M-2108,ORD-20260829-5120-0197,CONCESSION_ACCRUAL,22,292,2026-08-29T20:00:30+08:00
4404869c-0d1b-4951-a4d2-c57a62efc3a3,M-1552,ORD-20260829-6785-0198,CONCESSION_ACCRUAL,8,36,2026-08-29T22:05:46+08:00
29758aaa-d68f-4e73-bdb0-445d87bba7d4,M-2073,ORD-20260829-2623-0199,CONCESSION_ACCRUAL,27,345,2026-08-29T23:03:39+08:00
2f7180ce-7e31-4072-9be3-e59082101d52,M-2073,TIER_UPGRADE_Standard_TO_Silver,TIER_BONUS,50,395,2026-08-29T23:03:39+08:00
e95f59cc-14b5-42ea-a2e2-d99045d61d96,M-2030,ORD-20260829-3704-0200,CONCESSION_ACCRUAL,15,133,2026-08-29T13:53:33+08:00
a6cb8ca4-3ec1-42ef-8793-0464e9c086c9,M-1670,ORD-20260829-7368-0201,CONCESSION_ACCRUAL,27,100,2026-08-29T18:21:06+08:00
de2827d7-a702-4deb-9f1a-ed13ad5f0094,M-1799,ORD-20260829-1221-0202,CONCESSION_ACCRUAL,26,345,2026-08-29T16:11:39+08:00
e151db66-af3c-4708-8424-2653503f14e5,M-2165,ORD-20260829-9951-0203,CONCESSION_ACCRUAL,14,123,2026-08-29T23:26:18+08:00
b7dd8db5-3417-481c-b2fb-3760f8be73d3,M-1650,ORD-20260829-7118-0204,CONCESSION_ACCRUAL,8,78,2026-08-29T21:36:59+08:00
a67b525b-5a8b-4aaf-be19-9ce1d60276e5,M-2024,ORD-20260829-3493-0205,CONCESSION_ACCRUAL,3,89,2026-08-29T17:47:42+08:00
eeb14724-62e3-430f-94e1-e369e671db47,M-2177,ORD-20260829-4535-0206,CONCESSION_ACCRUAL,20,157,2026-08-29T22:32:06+08:00
d4b2d870-b74e-4b9d-9877-99826c33d49c,M-1745,ORD-20260830-4725-0207,CONCESSION_ACCRUAL,9,90,2026-08-30T01:51:47+08:00
3977f384-d982-40e9-a871-4b42e5c33064,M-2179,ORD-20260829-3404-0208,CONCESSION_ACCRUAL,10,308,2026-08-29T20:57:52+08:00
325ab5e5-dc2e-4434-9f90-22e73023ad52,M-1407,ORD-20260829-3811-0209,CONCESSION_ACCRUAL,51,190,2026-08-29T19:03:53+08:00
00f09c99-887e-4832-b803-efccfbebf18b,M-1017,ORD-20260829-7655-0210,CONCESSION_ACCRUAL,8,371,2026-08-29T21:28:29+08:00
e509837e-c2ec-40cb-8666-57ceabfeddce,M-1332,ORD-20260829-1977-0211,CONCESSION_ACCRUAL,7,288,2026-08-29T22:39:21+08:00
fcd81e15-bdff-4285-82a3-5a0f2344f780,M-1154,ORD-20260829-9154-0212,CONCESSION_ACCRUAL,13,261,2026-08-29T21:28:25+08:00
21c21b11-340c-478d-8b91-f3096081befb,M-2062,ORD-20260829-1765-0213,CONCESSION_ACCRUAL,8,314,2026-08-29T17:46:24+08:00
4eac5b0b-b4a1-48e9-a515-1eed444a5f4c,M-1308,ORD-20260830-5939-0214,CONCESSION_ACCRUAL,25,72,2026-08-30T00:03:29+08:00
1b2202ba-9a08-4c85-bb1c-ccd411f2ca8a,M-1001,ORD-20260829-7459-0215,CONCESSION_ACCRUAL,8,221,2026-08-29T17:34:53+08:00
36150464-9c95-4f64-bd01-05d47429193b,M-1234,ORD-20260830-9881-0216,CONCESSION_ACCRUAL,16,327,2026-08-30T01:48:55+08:00
3a95309f-d52c-4bab-89fd-e7eefacfb6b8,M-1606,ORD-20260830-7748-0217,CONCESSION_ACCRUAL,33,343,2026-08-30T00:47:07+08:00
04b302aa-205d-44a1-8abd-abc4f4217c85,M-1681,ORD-20260829-1092-0218,CONCESSION_ACCRUAL,18,194,2026-08-29T21:02:47+08:00
e6bf45c8-68b2-49c3-b0e2-416d239ba06c,M-1696,ORD-20260829-4731-0219,CONCESSION_ACCRUAL,18,659,2026-08-29T20:09:31+08:00
87549acc-b667-407c-b21a-8025939f1f33,M-1021,ORD-20260829-3010-0220,CONCESSION_ACCRUAL,40,759,2026-08-29T15:02:36+08:00
ee4b95ed-90a0-4467-952d-ded0caba3978,M-1519,ORD-20260829-3124-0221,CONCESSION_ACCRUAL,11,120,2026-08-29T23:31:01+08:00
2b45a006-0e11-4dbb-a26d-9e12aa4a3d8c,M-1483,ORD-20260829-1919-0222,CONCESSION_ACCRUAL,15,296,2026-08-29T23:23:53+08:00
d2e9943b-b0eb-41aa-abb9-b50c90137150,M-1971,ORD-20260829-1177-0223,CONCESSION_ACCRUAL,11,106,2026-08-29T23:55:56+08:00
18206633-56c9-4ab3-8ad3-64129d167f83,M-2102,ORD-20260829-4943-0224,CONCESSION_ACCRUAL,6,211,2026-08-29T21:03:08+08:00
fde29b1c-a575-4c05-bf91-31fd3cfa4a6c,M-1863,ORD-20260830-2050-0225,CONCESSION_ACCRUAL,8,332,2026-08-30T02:11:00+08:00
8ec01b18-aa48-4d8b-9538-efc9fdc88f99,M-1005,ORD-20260829-9171-0226,CONCESSION_ACCRUAL,20,236,2026-08-29T19:33:13+08:00
d585bb67-1a80-4b39-8e60-f71d69be3edb,M-1633,ORD-20260829-9760-0227,CONCESSION_ACCRUAL,7,155,2026-08-29T23:06:05+08:00
23291c40-c2a7-4033-9210-8ed0b507a571,M-1342,ORD-20260829-4969-0228,CONCESSION_ACCRUAL,16,87,2026-08-29T20:03:56+08:00
7d07b6ac-8f8b-423c-b058-fe02dd0098ee,M-1685,ORD-20260830-5094-0229,CONCESSION_ACCRUAL,45,315,2026-08-30T02:48:03+08:00
bf03eaf7-6761-4f85-8e5e-76071d8c319a,M-1876,ORD-20260830-4226-0230,CONCESSION_ACCRUAL,8,294,2026-08-30T02:15:59+08:00
adb98188-fddd-4988-adc1-0d7712b6eb31,M-1818,ORD-20260829-1109-0231,CONCESSION_ACCRUAL,11,532,2026-08-29T22:50:26+08:00
cc24dae6-e28c-4a19-889d-69cedf07c960,M-1879,ORD-20260829-6117-0232,CONCESSION_ACCRUAL,12,314,2026-08-29T14:34:08+08:00
c1676552-7950-44f8-80b0-2597d4047a80,M-2017,ORD-20260829-7580-0233,CONCESSION_ACCRUAL,7,321,2026-08-29T20:50:19+08:00
1402f869-84a2-44fc-ac79-e9922cb91ed7,M-1301,ORD-20260829-2186-0234,CONCESSION_ACCRUAL,11,181,2026-08-29T19:02:48+08:00
80a7685e-c4db-433e-83a5-6d0e26cb052f,M-2187,ORD-20260829-5575-0235,CONCESSION_ACCRUAL,18,319,2026-08-29T22:00:57+08:00
d422e886-c9b9-4bb3-a154-346d507632dd,M-2122,ORD-20260829-8885-0236,CONCESSION_ACCRUAL,21,137,2026-08-29T21:29:30+08:00
9ee2f2e3-2e51-4e7b-95a3-94cb664f71f4,M-1996,ORD-20260830-6906-0237,CONCESSION_ACCRUAL,22,29,2026-08-30T00:37:42+08:00
867e5f03-39f8-4fdf-9ed4-6ec7fc81f51d,M-1149,ORD-20260829-8099-0238,CONCESSION_ACCRUAL,26,139,2026-08-29T13:31:16+08:00
d9c47ca2-4f37-4bd7-9061-752bab6c815b,M-2200,ORD-20260830-2586-0239,CONCESSION_ACCRUAL,13,107,2026-08-30T00:44:02+08:00
fd4e6c3a-b448-4347-bed0-0768d183051e,M-1953,ORD-20260829-8041-0240,CONCESSION_ACCRUAL,21,147,2026-08-29T21:53:47+08:00
3d12788f-f2c6-4d4a-94da-f768f1625a29,M-1467,ORD-20260829-6508-0241,CONCESSION_ACCRUAL,4,307,2026-08-29T18:20:36+08:00
882a0cf5-dd2e-48ff-9dd5-2ed6ebad5a83,M-1086,ORD-20260829-8732-0242,CONCESSION_ACCRUAL,19,318,2026-08-29T19:25:55+08:00
c88e1bda-f5e6-40de-a658-bb75c1b14219,M-1054,ORD-20260829-6648-0243,CONCESSION_ACCRUAL,20,214,2026-08-29T18:36:12+08:00
779b5edb-e38f-47dc-876c-029bff121454,M-1126,ORD-20260830-8024-0244,CONCESSION_ACCRUAL,16,436,2026-08-30T03:17:55+08:00
b657a14e-393e-4803-9971-275f9f8c7926,M-1350,ORD-20260829-9122-0245,CONCESSION_ACCRUAL,4,609,2026-08-29T09:40:25+08:00
49dd986f-1342-4590-932e-6623a5b4a5f1,M-1057,ORD-20260830-9686-0246,CONCESSION_ACCRUAL,18,583,2026-08-30T00:09:33+08:00
2c93136f-faa1-43f8-8f02-f2b5075d9c3c,M-1811,ORD-20260829-2762-0247,CONCESSION_ACCRUAL,10,270,2026-08-29T23:09:46+08:00
8ac3c484-6325-46d3-ac2c-8919927caa07,M-2001,ORD-20260830-2855-0248,CONCESSION_ACCRUAL,12,90,2026-08-30T00:53:50+08:00
62ff5549-77b5-4538-8f73-1ecdea839990,M-1764,ORD-20260830-6170-0249,CONCESSION_ACCRUAL,12,509,2026-08-30T00:35:27+08:00
fbf159ce-1d98-4e16-a6a8-43eded2430a9,M-1033,ORD-20260829-1195-0250,CONCESSION_ACCRUAL,8,107,2026-08-29T21:58:30+08:00
54f0ef44-39c9-4845-b6e7-e13d0bad6064,M-1116,ORD-20260829-3819-0251,CONCESSION_ACCRUAL,25,206,2026-08-29T18:08:02+08:00
93c2f60f-cd51-4e95-bc7b-caf8e69fdc3d,M-1973,ORD-20260829-5325-0252,CONCESSION_ACCRUAL,18,163,2026-08-29T17:32:29+08:00
e48cc157-d17d-4e16-8088-0332a2aa6ca1,M-2045,ORD-20260829-5482-0253,CONCESSION_ACCRUAL,3,181,2026-08-29T16:42:16+08:00
a8ec4de3-283f-4b1f-8cfe-d9ee611f0383,M-1412,ORD-20260829-2640-0254,CONCESSION_ACCRUAL,8,675,2026-08-29T19:30:22+08:00
62637b7a-9042-47b8-91fe-37adb5e8ee86,M-1704,ORD-20260829-8971-0255,CONCESSION_ACCRUAL,10,103,2026-08-29T10:57:36+08:00
65308b27-d445-4e23-9850-72d206af0ced,M-1225,ORD-20260829-8589-0256,CONCESSION_ACCRUAL,23,189,2026-08-29T23:01:31+08:00
cf3d6461-77eb-4f95-9691-081a421defd7,M-1334,ORD-20260829-1978-0257,CONCESSION_ACCRUAL,8,143,2026-08-29T21:09:51+08:00
c282f97f-d4f1-407e-9a30-6badeaf8bcb4,M-1478,ORD-20260829-4826-0258,CONCESSION_ACCRUAL,26,238,2026-08-29T21:18:45+08:00
58c07454-3854-4006-a67c-d79830a93192,M-1798,ORD-20260829-2714-0259,CONCESSION_ACCRUAL,10,458,2026-08-29T22:24:18+08:00
38497994-61c0-4821-b55e-ac157387db6c,M-1979,ORD-20260829-3752-0260,CONCESSION_ACCRUAL,37,227,2026-08-29T22:01:37+08:00
a4581e83-7443-423c-bb6a-f852810ff080,M-1732,ORD-20260829-1498-0261,CONCESSION_ACCRUAL,27,512,2026-08-29T18:52:50+08:00
669417ac-10be-45c4-996a-51899fb37ce5,M-2131,ORD-20260829-8656-0262,CONCESSION_ACCRUAL,9,117,2026-08-29T17:39:20+08:00
9eec6915-6df8-4d46-8c56-b639a77b7461,M-1462,ORD-20260829-3406-0263,CONCESSION_ACCRUAL,27,420,2026-08-29T15:39:53+08:00
1ef61469-08ba-46c0-9744-2b4545b5d1ae,M-1981,ORD-20260829-3506-0264,CONCESSION_ACCRUAL,16,109,2026-08-29T23:57:32+08:00
826574cf-ba44-4390-9dfe-31a5e3890f1a,M-2159,ORD-20260829-9744-0265,CONCESSION_ACCRUAL,33,195,2026-08-29T19:51:31+08:00
8639895b-037e-4414-b299-957e9d43399e,M-1781,ORD-20260829-4328-0266,CONCESSION_ACCRUAL,13,3724,2026-08-29T12:44:10+08:00
3a9193a0-40ea-4369-a1d1-3045ff98cdbf,M-1245,ORD-20260829-4796-0267,CONCESSION_ACCRUAL,8,21,2026-08-29T21:24:53+08:00
620af61f-bc1e-42f5-83d1-3b27982f6b08,M-2111,ORD-20260830-1081-0268,CONCESSION_ACCRUAL,12,45,2026-08-30T00:51:18+08:00
58d96075-b8b2-4908-9381-5b5c82623438,M-1403,ORD-20260829-2747-0269,CONCESSION_ACCRUAL,15,2934,2026-08-29T21:17:58+08:00
9ce966fd-c515-488b-bb5c-6632eeef8a42,M-1725,ORD-20260829-5304-0270,CONCESSION_ACCRUAL,9,267,2026-08-29T22:54:01+08:00
2d2bee22-6ec5-48ec-99d1-93f80d778b30,M-1018,ORD-20260829-7043-0271,CONCESSION_ACCRUAL,10,34,2026-08-29T19:28:28+08:00
57b6d514-fc73-4bd8-ac3b-749bc0190845,M-1759,ORD-20260830-1960-0272,CONCESSION_ACCRUAL,18,675,2026-08-30T02:28:15+08:00
5d6fc9d1-d4d3-42f6-a3a3-8ad8104143b1,M-1251,ORD-20260829-1109-0273,CONCESSION_ACCRUAL,3,323,2026-08-29T21:25:00+08:00
3e6ab091-887b-475d-a9fc-4cd801ee3333,M-1269,ORD-20260829-1619-0274,CONCESSION_ACCRUAL,18,479,2026-08-29T22:12:01+08:00
548c4d39-ed48-42a0-955a-8e282dadb97e,M-1132,ORD-20260829-4062-0275,CONCESSION_ACCRUAL,38,1037,2026-08-29T16:54:42+08:00
b93fd0c3-9ae3-4a2d-bcc1-e83d2def6b18,M-1568,ORD-20260829-3788-0276,CONCESSION_ACCRUAL,43,308,2026-08-29T05:33:30+08:00
ad56da5b-6c1d-4d41-8e39-9ce99a6b18b9,M-1568,TIER_UPGRADE_Silver_TO_Gold,TIER_BONUS,100,408,2026-08-29T05:33:30+08:00
bf9e95bf-a346-4c9a-9f23-cdfd8efc9a2f,M-1978,ORD-20260829-7751-0277,CONCESSION_ACCRUAL,25,373,2026-08-29T16:52:06+08:00
cb5c07c6-1411-4db6-9844-6f86dbca3fab,M-2098,ORD-20260830-2687-0278,CONCESSION_ACCRUAL,26,61,2026-08-30T00:18:52+08:00
7dde759e-b550-4466-b69d-6fd18abb7b43,M-1815,ORD-20260829-3728-0279,CONCESSION_ACCRUAL,16,371,2026-08-29T23:48:27+08:00
10b249c1-e584-41cc-bfc6-57b7ecdd5c91,M-1668,ORD-20260830-6791-0280,CONCESSION_ACCRUAL,11,272,2026-08-30T01:26:32+08:00
184f583f-8402-42d3-a205-11139b721db3,M-1130,ORD-20260829-7209-0281,CONCESSION_ACCRUAL,19,523,2026-08-29T19:33:48+08:00
fe4ced34-100d-48ed-be32-9163a66f5283,M-1170,ORD-20260829-7563-0282,CONCESSION_ACCRUAL,45,162,2026-08-29T22:52:21+08:00
b8d85962-a817-4f51-b471-6d7d0f8dad8a,M-1892,ORD-20260829-9698-0283,CONCESSION_ACCRUAL,9,44,2026-08-29T19:14:54+08:00
bcbe12f1-9e24-4d2a-bb1c-31eae244faf8,M-1946,ORD-20260829-3973-0284,CONCESSION_ACCRUAL,3,284,2026-08-29T19:10:23+08:00
2b25fead-34d3-453e-9e14-8b3d6df2a0d5,M-1255,ORD-20260829-3511-0285,CONCESSION_ACCRUAL,31,508,2026-08-29T08:44:45+08:00
a3d4d6ea-fe31-4118-b6cd-24e2ad601cfc,M-1243,ORD-20260829-6062-0286,CONCESSION_ACCRUAL,3,57,2026-08-29T20:55:21+08:00
dd431e9a-c969-4935-b0a7-bcf6e0ced3b0,M-1806,ORD-20260829-6151-0287,CONCESSION_ACCRUAL,35,147,2026-08-29T19:29:12+08:00
8d350916-69ae-4139-b30c-b034d09f7f2f,M-1990,ORD-20260830-5756-0288,CONCESSION_ACCRUAL,6,131,2026-08-30T01:20:08+08:00
e1563beb-9af5-45cf-b2da-4ad078c592a2,M-1489,ORD-20260829-4101-0289,CONCESSION_ACCRUAL,27,558,2026-08-29T23:07:52+08:00
ed475e7a-41a9-4791-a551-d4eeeb207090,M-1761,ORD-20260829-9592-0290,CONCESSION_ACCRUAL,10,678,2026-08-29T22:39:58+08:00
5eefd9c5-f7ff-4518-857f-a692d46e422e,M-1636,ORD-20260830-2149-0291,CONCESSION_ACCRUAL,22,1522,2026-08-30T00:01:00+08:00
4b836e4e-4f45-4598-b82b-fff0c68dc661,M-1837,ORD-20260829-4231-0292,CONCESSION_ACCRUAL,31,88,2026-08-29T20:38:49+08:00
5772a033-ddaf-4764-a986-88f6ac0d227f,M-1077,ORD-20260829-2403-0293,CONCESSION_ACCRUAL,11,802,2026-08-29T22:07:05+08:00
986e724c-3842-48b0-89fc-5bd4766f7cc8,M-1102,ORD-20260829-4433-0294,CONCESSION_ACCRUAL,15,102,2026-08-29T17:04:49+08:00
aa6d4556-bcc8-46c7-b548-0dc013cc4ebb,M-1405,ORD-20260829-2096-0295,CONCESSION_ACCRUAL,8,176,2026-08-29T23:06:14+08:00
37ab137e-5b30-455f-9048-4b6ab1feca11,M-1375,ORD-20260829-1203-0296,CONCESSION_ACCRUAL,8,284,2026-08-29T22:29:43+08:00
3a901e3d-1c2b-459a-9715-f29ba52c7465,M-1702,ORD-20260829-5726-0297,CONCESSION_ACCRUAL,18,362,2026-08-29T23:39:25+08:00
ec443cd2-9d15-4fee-830d-6006dc617b26,M-1437,ORD-20260830-7107-0298,CONCESSION_ACCRUAL,51,559,2026-08-30T00:03:28+08:00
279098f8-271f-4008-8c4a-f39b86d62b38,M-1299,ORD-20260829-7193-0299,CONCESSION_ACCRUAL,52,98,2026-08-29T20:38:44+08:00
57ce728a-303c-4784-8fba-8395c95eca0b,M-1856,ORD-20260829-3831-0300,CONCESSION_ACCRUAL,6,151,2026-08-29T11:00:43+08:00
b3c70552-2cd1-4da5-b40c-6c4e32e070ba,M-1688,ORD-20260829-9292-0301,CONCESSION_ACCRUAL,20,846,2026-08-29T20:23:34+08:00
386eeb54-2301-4aab-b026-b88d8c76d40d,M-1283,ORD-20260830-5574-0302,CONCESSION_ACCRUAL,18,166,2026-08-30T01:20:33+08:00
ed801bb6-467c-46a9-99ed-441e736f4f33,M-1896,ORD-20260829-9524-0303,CONCESSION_ACCRUAL,53,492,2026-08-29T20:40:50+08:00
bf581eac-6bfd-40da-9ab6-3b1b5d57f642,M-1914,ORD-20260830-4845-0304,CONCESSION_ACCRUAL,9,237,2026-08-30T04:29:48+08:00
9bba9b14-df39-42af-99c4-b654f5803647,M-1899,ORD-20260829-8557-0305,CONCESSION_ACCRUAL,10,170,2026-08-29T23:30:12+08:00
7381c609-c424-4ec2-834f-21477758fc28,M-1121,ORD-20260829-5497-0306,CONCESSION_ACCRUAL,7,424,2026-08-29T22:06:37+08:00
f0c0f786-5fae-4130-9588-06f97d0c4429,M-1841,ORD-20260830-8969-0307,CONCESSION_ACCRUAL,3,310,2026-08-30T01:12:03+08:00
9e839693-67dc-4eb8-a67b-8e6ce34b243f,M-1208,ORD-20260830-4680-0308,CONCESSION_ACCRUAL,51,3444,2026-08-30T03:45:16+08:00
6af7957e-0730-4f6a-b44f-cd6e7b09a68c,M-2055,ORD-20260829-4086-0309,CONCESSION_ACCRUAL,9,409,2026-08-29T22:23:47+08:00
9897c288-1c01-4aeb-bce6-c8db3948f1ac,M-1050,ORD-20260829-3158-0310,CONCESSION_ACCRUAL,10,386,2026-08-29T18:29:58+08:00
1987387a-a66e-47c5-aa3b-c81369d133e8,M-2048,ORD-20260829-5640-0311,CONCESSION_ACCRUAL,12,124,2026-08-29T21:28:28+08:00
9ee6fa9e-417f-49ac-8339-60ea6cb2175c,M-1038,ORD-20260829-9894-0312,CONCESSION_ACCRUAL,23,112,2026-08-29T19:44:00+08:00
6cdab703-da26-4c82-ab3b-7252b39e65b0,M-1785,ORD-20260829-9571-0313,CONCESSION_ACCRUAL,8,125,2026-08-29T18:13:00+08:00
92cc0265-1fb8-4751-9af0-53101703c6d2,M-1050,ORD-20260829-2226-0314,CONCESSION_ACCRUAL,10,396,2026-08-29T13:04:00+08:00
5e167951-8a22-4a34-9161-8f370225db31,M-1146,ORD-20260829-8966-0315,CONCESSION_ACCRUAL,33,3121,2026-08-29T11:53:00+08:00
dc391395-984b-4f27-9dc1-a5c98fbd53b3,M-1219,ORD-20260829-9870-0316,CONCESSION_ACCRUAL,26,375,2026-08-29T15:47:00+08:00
85acba29-da13-4c70-9ffd-adac7f98c502,M-1734,ORD-20260829-6345-0317,CONCESSION_ACCRUAL,9,665,2026-08-29T09:25:00+08:00
5a8644b0-4ba3-4f66-acec-f8da89d07046,M-2195,ORD-20260829-7851-0318,CONCESSION_ACCRUAL,3,411,2026-08-29T22:42:00+08:00
a4a4c810-fec7-46af-b4dc-cff6a833cf52,M-1657,ORD-20260829-6740-0319,CONCESSION_ACCRUAL,16,855,2026-08-29T12:22:00+08:00
c19e79fa-42ea-45d3-8c12-90b0ee2dce80,M-1234,ORD-20260829-3630-0320,CONCESSION_ACCRUAL,11,338,2026-08-29T19:00:00+08:00
4ef14e41-2207-484c-8099-e67ef5495b03,M-1255,ORD-20260829-4653-0321,CONCESSION_ACCRUAL,15,523,2026-08-29T09:35:00+08:00
3af7e221-5056-451a-b2ff-1ea9e011c6a7,M-1905,ORD-20260829-1022-0322,CONCESSION_ACCRUAL,28,588,2026-08-29T20:35:00+08:00
d27a8d6f-0846-4bbe-819e-0d40e8c00a74,M-1862,ORD-20260829-1266-0323,CONCESSION_ACCRUAL,15,172,2026-08-29T16:43:00+08:00
942ae18d-5478-4464-850c-4e62050c89ff,M-1853,ORD-20260829-7059-0324,CONCESSION_ACCRUAL,21,129,2026-08-29T13:15:00+08:00
119e963d-40d8-4348-8ffb-8afef9709d80,M-2178,ORD-20260829-5257-0325,CONCESSION_ACCRUAL,18,176,2026-08-29T15:45:00+08:00
8c005e2c-26a3-4d61-931f-c273d554b9ec,M-1101,ORD-20260829-4530-0326,CONCESSION_ACCRUAL,13,837,2026-08-29T17:32:00+08:00
40089e73-a027-4ed3-be1f-3394177e558a,M-1509,ORD-20260829-6056-0327,CONCESSION_ACCRUAL,9,93,2026-08-29T21:31:00+08:00
cf05ad8e-f4cb-410e-ae1b-7757507a434a,M-1998,ORD-20260829-6866-0328,CONCESSION_ACCRUAL,3,311,2026-08-29T11:52:00+08:00
fe55a38e-09fa-4e7c-af5b-085c0147782c,M-1831,ORD-20260829-2694-0329,CONCESSION_ACCRUAL,24,132,2026-08-29T13:45:00+08:00
0995ad03-d2bb-418f-a3cc-205e59aa7093,M-1194,ORD-20260829-1297-0330,CONCESSION_ACCRUAL,11,280,2026-08-29T16:48:00+08:00
a3164a25-985c-4599-9d10-7a8d7a440eae,M-1675,ORD-20260829-1411-0331,CONCESSION_ACCRUAL,20,2244,2026-08-29T12:42:00+08:00
2f33055b-b768-47fe-aa2f-8fcf881da207,M-1072,ORD-20260829-6625-0332,CONCESSION_ACCRUAL,9,351,2026-08-29T17:39:00+08:00
913e0900-624d-4827-83b2-9b04a10329a7,M-1131,ORD-20260829-3055-0333,CONCESSION_ACCRUAL,9,442,2026-08-29T10:18:00+08:00
e08db9f8-c8c7-4c43-bcee-5a4b054b1480,M-1761,ORD-20260829-4469-0334,CONCESSION_ACCRUAL,28,706,2026-08-29T18:05:00+08:00
77ce3b68-27df-40ef-a5bc-dbb4d1519fb2,M-1921,ORD-20260829-6680-0335,CONCESSION_ACCRUAL,18,46,2026-08-29T13:05:00+08:00
787ce2f7-3988-497c-83ed-c66059bd8e42,M-1676,ORD-20260829-4077-0336,CONCESSION_ACCRUAL,14,2663,2026-08-29T12:20:00+08:00
d49a389b-aa45-48fd-a4bd-ba9850d1098f,M-2120,ORD-20260829-2531-0337,CONCESSION_ACCRUAL,10,585,2026-08-29T09:41:00+08:00
2b92090e-2485-4639-a5a0-13eb33bb70a9,M-1246,ORD-20260829-9447-0338,CONCESSION_ACCRUAL,18,509,2026-08-29T17:15:00+08:00
948aaa72-b3b4-4eae-ac5a-d1919da8a9bd,M-1657,ORD-20260829-7007-0339,CONCESSION_ACCRUAL,15,870,2026-08-29T22:08:00+08:00
205cb89f-1e32-4b2e-b67f-4cdf396d678a,M-1778,ORD-20260829-3234-0340,CONCESSION_ACCRUAL,8,223,2026-08-29T16:58:00+08:00
034e16ed-1fe2-4f1a-9555-a25d8ee90e8e,M-1195,ORD-20260829-1686-0341,CONCESSION_ACCRUAL,48,416,2026-08-29T11:39:00+08:00
d7ce86cf-f487-4a98-9bbc-98a48e7925fa,M-1852,ORD-20260829-8538-0342,CONCESSION_ACCRUAL,40,190,2026-08-29T22:32:00+08:00
47fb6d78-3793-4a66-ba49-59270a1cbe75,M-2167,ORD-20260829-7587-0343,CONCESSION_ACCRUAL,8,324,2026-08-29T17:52:00+08:00
becd1665-355e-49de-b461-b624d3af3926,M-1841,ORD-20260829-8552-0344,CONCESSION_ACCRUAL,15,325,2026-08-29T22:10:00+08:00
3122d5dc-542b-48e1-b9ba-dd82111d9090,M-1967,ORD-20260829-3159-0345,CONCESSION_ACCRUAL,8,44,2026-08-29T18:52:00+08:00
bc68d287-39d8-4ecc-a4f1-9ccb63d57aaf,M-1578,ORD-20260829-9036-0346,CONCESSION_ACCRUAL,7,389,2026-08-29T16:37:00+08:00
efdb0e2c-3e2e-4e90-a6a9-ddceb840369a,M-1532,ORD-20260829-7424-0347,CONCESSION_ACCRUAL,7,88,2026-08-29T11:24:00+08:00
27a95390-dac4-490e-bcaf-c920dccb4a07,M-1591,ORD-20260829-6557-0348,CONCESSION_ACCRUAL,40,1885,2026-08-29T14:21:00+08:00
792cd06a-bb8d-4de0-bab9-fc41b73e892e,M-2172,ORD-20260829-6802-0349,CONCESSION_ACCRUAL,30,662,2026-08-29T18:01:00+08:00
67a1c8f6-fc9a-4468-9d2a-31f2fc6203bc,M-2169,ORD-20260829-4703-0350,CONCESSION_ACCRUAL,14,395,2026-08-29T17:48:00+08:00
30d633a7-9eb2-4bf8-96fb-3db9d201daab,M-1548,ORD-20260829-8911-0351,CONCESSION_ACCRUAL,9,520,2026-08-29T10:32:00+08:00
131d85d5-68c8-4b3f-9712-689f1f0a46ea,M-1637,ORD-20260829-2860-0352,CONCESSION_ACCRUAL,31,1509,2026-08-29T12:50:00+08:00
01bad441-bf66-4c48-8df4-e5d0da351bc9,M-1714,ORD-20260829-8893-0353,CONCESSION_ACCRUAL,11,79,2026-08-29T16:15:00+08:00
db4a2fea-43c6-4733-ac49-744874ccbb00,M-2072,ORD-20260829-9640-0354,CONCESSION_ACCRUAL,25,307,2026-08-29T22:49:00+08:00
3872a34a-2acd-4daf-b94c-e1778eea89fe,M-2030,ORD-20260829-4022-0355,CONCESSION_ACCRUAL,9,142,2026-08-29T22:27:00+08:00
5e24abc9-414d-4bc5-a409-989b032dfea0,M-1362,ORD-20260829-8114-0356,CONCESSION_ACCRUAL,17,412,2026-08-29T11:18:00+08:00
bd7e5271-c5f9-4e76-a037-fea378b6d359,M-1435,ORD-20260829-8606-0357,CONCESSION_ACCRUAL,11,536,2026-08-29T16:23:00+08:00
c3c0b80c-f5c8-4c7c-831c-bc494f7ca373,M-1557,ORD-20260829-7287-0358,CONCESSION_ACCRUAL,9,738,2026-08-29T17:09:00+08:00
394a181a-0d31-4519-b78c-48a160e33b1b,M-2000,ORD-20260829-1215-0359,CONCESSION_ACCRUAL,15,565,2026-08-29T19:39:00+08:00
e1751aff-4d03-4155-9bab-4d947fb0beab,M-1467,ORD-20260829-3534-0360,CONCESSION_ACCRUAL,18,325,2026-08-29T09:20:00+08:00
f8c555e5-6fd1-4839-9975-3b05901910c4,M-1373,ORD-20260829-4124-0361,CONCESSION_ACCRUAL,8,296,2026-08-29T11:03:00+08:00
b71386ce-c703-422e-93fd-86a8a225918c,M-1633,ORD-20260829-8787-0362,CONCESSION_ACCRUAL,41,196,2026-08-29T16:28:00+08:00
47297688-cb5b-4592-b166-21b03b29b1a4,M-1471,ORD-20260829-9364-0363,CONCESSION_ACCRUAL,11,124,2026-08-29T12:22:00+08:00
2ee4f754-9de5-432d-95f5-23d0576d0a4c,M-2173,ORD-20260829-3003-0364,CONCESSION_ACCRUAL,8,185,2026-08-29T15:09:00+08:00
1de44d26-9a31-4418-82ed-b475a594a0d1,M-1343,ORD-20260829-4335-0365,CONCESSION_ACCRUAL,7,152,2026-08-29T15:41:00+08:00
8aded25a-278a-4c99-b1ab-96b09f97b1f2,M-2024,ORD-20260829-4414-0366,CONCESSION_ACCRUAL,31,120,2026-08-29T17:12:00+08:00
5354601a-e470-436c-b22b-e5a9e151ea6f,M-1602,ORD-20260829-7074-0367,CONCESSION_ACCRUAL,41,810,2026-08-29T13:18:00+08:00
172fcbb5-698e-4340-bf9d-3a9488a789c7,M-1468,ORD-20260829-1531-0368,CONCESSION_ACCRUAL,38,639,2026-08-29T11:54:00+08:00
6ab0efd6-1857-4fdc-8cc8-64d2d510fd81,M-1225,ORD-20260829-7121-0369,CONCESSION_ACCRUAL,19,208,2026-08-29T17:13:00+08:00
f2f24718-8ea6-4b90-a38e-de2411137429,M-2123,ORD-20260829-5888-0370,CONCESSION_ACCRUAL,8,457,2026-08-29T09:00:00+08:00
55f5f81e-2f62-492f-b19c-a0b637795b66,M-2049,ORD-20260829-4552-0371,CONCESSION_ACCRUAL,33,224,2026-08-29T15:13:00+08:00
4ca47e86-d9f9-48fb-8203-756e6e710a2a,M-1210,ORD-20260829-8586-0372,CONCESSION_ACCRUAL,15,1719,2026-08-29T18:18:00+08:00
1f0d8601-3459-4c37-8160-a4d663fa2679,M-1382,ORD-20260829-1653-0373,CONCESSION_ACCRUAL,11,633,2026-08-29T14:05:00+08:00
5063d4d6-c91c-4066-a927-b41171e28609,M-1049,ORD-20260829-9241-0374,CONCESSION_ACCRUAL,3,57,2026-08-29T19:16:00+08:00
a627ca0a-2b76-4c4a-8c70-111d8e0eb18d,M-1483,ORD-20260829-3045-0375,CONCESSION_ACCRUAL,9,305,2026-08-29T11:34:00+08:00
8d4a9689-531e-4782-820a-17b7f86b15d7,M-1526,ORD-20260829-6070-0376,CONCESSION_ACCRUAL,18,1171,2026-08-29T17:09:00+08:00
c4c8c785-929a-448a-8e42-75578da1cd69,M-1963,ORD-20260829-7193-0377,CONCESSION_ACCRUAL,10,243,2026-08-29T15:12:00+08:00
db343c86-3b7c-448f-bcb3-2b83c14e182b,M-1676,ORD-20260829-2851-0378,CONCESSION_ACCRUAL,14,2677,2026-08-29T16:04:00+08:00
b3736b0a-6a6d-4369-9070-225616d5bb46,M-2160,ORD-20260829-9272-0379,CONCESSION_ACCRUAL,8,202,2026-08-29T18:01:00+08:00
7fc407ad-ca14-4d95-9ac3-eee7736cbea6,M-1884,ORD-20260829-3811-0380,CONCESSION_ACCRUAL,7,307,2026-08-29T10:42:00+08:00
c75f42ab-c455-4745-b02a-6f4654190256,M-1587,ORD-20260829-3287-0381,CONCESSION_ACCRUAL,18,1235,2026-08-29T22:47:00+08:00
2bb18d3b-d964-4c7c-8c44-015e3b2b96f1,M-1455,ORD-20260829-9702-0382,CONCESSION_ACCRUAL,15,456,2026-08-29T21:45:00+08:00
7af390e5-8db6-485a-b12f-72ab701b75df,M-2020,ORD-20260829-2684-0383,CONCESSION_ACCRUAL,9,426,2026-08-29T20:23:00+08:00
6ba86f12-72b3-4658-81de-0ed34a6a8ad0,M-1873,ORD-20260829-4947-0384,CONCESSION_ACCRUAL,6,197,2026-08-29T15:26:00+08:00
f6fcb2ed-207b-4c57-9c4e-f1679670f68b,M-1024,ORD-20260829-8301-0385,CONCESSION_ACCRUAL,9,101,2026-08-29T14:37:00+08:00
8efc7097-ecf8-4184-b5e0-247d7a630531,M-1045,ORD-20260829-4087-0386,CONCESSION_ACCRUAL,19,334,2026-08-29T14:11:00+08:00
16b08273-519f-4cd4-9b3d-da82cbe7a87c,M-1623,ORD-20260829-5152-0387,CONCESSION_ACCRUAL,16,181,2026-08-29T11:13:00+08:00
12fea2bd-d92c-4f9f-8598-4f715f732006,M-2200,ORD-20260829-4894-0388,CONCESSION_ACCRUAL,18,125,2026-08-29T09:32:00+08:00
959b6b42-f77d-4198-b048-c80934610896,M-1599,ORD-20260829-2645-0389,CONCESSION_ACCRUAL,21,597,2026-08-29T21:04:00+08:00
384cc2a4-d971-4266-82aa-8286de8b23f5,M-1504,ORD-20260829-3585-0390,CONCESSION_ACCRUAL,3,536,2026-08-29T14:52:00+08:00
0d076bb4-3446-40a9-be56-7d7e0b5bce7c,M-2148,ORD-20260829-3231-0391,CONCESSION_ACCRUAL,3,94,2026-08-29T09:30:00+08:00
4bea4530-e630-4647-a1fb-3c8a222043a2,M-1592,ORD-20260829-4052-0392,CONCESSION_ACCRUAL,22,572,2026-08-29T17:06:00+08:00
a660e0d0-ea1c-4ce8-88ec-f706ce7dc4b9,M-1704,ORD-20260829-9228-0393,CONCESSION_ACCRUAL,10,113,2026-08-29T16:19:00+08:00
5438b61a-7067-47aa-8923-34a84a1e721a,M-2183,ORD-20260829-8490-0394,CONCESSION_ACCRUAL,20,242,2026-08-29T18:22:00+08:00
d03c48d4-c5e4-46ea-b519-f9382a783b27,M-1088,ORD-20260829-5033-0395,CONCESSION_ACCRUAL,18,283,2026-08-29T13:39:00+08:00
78d0b2f9-511c-4f01-9e49-009259177822,M-1226,ORD-20260829-3176-0396,CONCESSION_ACCRUAL,18,1466,2026-08-29T22:32:00+08:00
6cff2dd6-051b-44d6-88ec-002c845a7779,M-1558,ORD-20260829-4821-0397,CONCESSION_ACCRUAL,33,372,2026-08-29T12:12:00+08:00
986678b9-0f95-43ff-aae5-d04a7b2dbd4a,M-1650,ORD-20260829-2899-0398,CONCESSION_ACCRUAL,31,109,2026-08-29T12:33:00+08:00
c9027405-5002-455d-9830-e16fd0aa975c,M-1170,ORD-20260829-6989-0399,CONCESSION_ACCRUAL,25,187,2026-08-29T11:10:00+08:00
1870679e-1b1a-4f53-8ca4-4d31daef9d76,M-1253,ORD-20260829-6722-0400,CONCESSION_ACCRUAL,26,149,2026-08-29T15:50:00+08:00
dabe0400-17bc-4ea6-ae30-f5af7f21937f,M-1399,ORD-20260829-2634-0401,CONCESSION_ACCRUAL,33,155,2026-08-29T22:46:00+08:00
b1662bdb-3b17-4da6-92da-7063bbd5e8fd,M-1552,ORD-20260829-7211-0402,CONCESSION_ACCRUAL,8,44,2026-08-29T15:38:00+08:00
46b3cf6a-f53c-4cd8-9819-ac1f19bdea30,M-1556,ORD-20260829-9193-0403,CONCESSION_ACCRUAL,3,657,2026-08-29T09:38:00+08:00
3376f18e-e7d0-4612-8910-601e305e8844,M-1990,ORD-20260829-3615-0404,CONCESSION_ACCRUAL,12,143,2026-08-29T21:02:00+08:00
6d58d77d-e3ab-4e74-88f6-7a77b0a9f579,M-1324,ORD-20260829-2454-0405,CONCESSION_ACCRUAL,23,148,2026-08-29T17:41:00+08:00
04ae29b0-01cf-4859-8ae2-5130792402f0,M-1887,ORD-20260829-2959-0406,CONCESSION_ACCRUAL,30,173,2026-08-29T20:03:00+08:00
f273a8bd-3265-4a31-b36e-4a1487bb51e6,M-1369,ORD-20260829-5434-0407,CONCESSION_ACCRUAL,11,631,2026-08-29T16:19:00+08:00
29a3881e-d87e-4b35-968f-9696e2e287d6,M-1486,ORD-20260829-1646-0408,CONCESSION_ACCRUAL,3,113,2026-08-29T19:02:00+08:00
f24aa92e-46db-4f43-8c78-5b5e8635b336,M-1830,ORD-20260829-4820-0409,CONCESSION_ACCRUAL,19,323,2026-08-29T16:02:00+08:00
f5cc178b-f258-4449-895c-595062cd48ba,M-1570,ORD-20260829-7996-0410,CONCESSION_ACCRUAL,21,101,2026-08-29T12:04:00+08:00
8333beb5-48d1-4d28-ab9c-86b678b40a35,M-1825,ORD-20260829-5443-0411,CONCESSION_ACCRUAL,58,505,2026-08-29T22:00:00+08:00
28cb3c05-ba6a-4b95-bfc0-49dadbbe3994,M-2080,ORD-20260829-9232-0412,CONCESSION_ACCRUAL,27,220,2026-08-29T16:18:00+08:00
47165c9d-1115-400a-9ab2-d7b73d44bb94,M-1344,ORD-20260829-7414-0413,CONCESSION_ACCRUAL,18,438,2026-08-29T11:11:00+08:00
aa5c8b8b-f475-46ad-94a8-d4944fb3138d,M-2105,ORD-20260829-9370-0414,CONCESSION_ACCRUAL,15,250,2026-08-29T16:53:00+08:00
21606266-f8e3-43d9-8dda-9ea43330ce96,M-1873,ORD-20260829-9463-0415,CONCESSION_ACCRUAL,12,209,2026-08-29T21:24:00+08:00
