ledger_id,member_id,source_reference_id,transaction_type,points_delta,resulting_balance,created_at
6d9a22aa-d3f4-4296-8fd9-1b7ad2b4a8d6,M-1482,SESS-20260828-6745-0000,RENTAL_ACCRUAL,19,708,2026-08-28T23:00:00+08:00
244158b2-8121-46ef-aeba-5cffe3d7a260,M-1542,SESS-20260828-3981-0001,RENTAL_ACCRUAL,11,334,2026-08-28T12:30:00+08:00
df739fbf-ba81-4049-8362-165570b35c92,M-2023,SESS-20260828-6024-0002,RENTAL_ACCRUAL,11,685,2026-08-28T16:00:00+08:00
83e93b70-7b21-4f74-a08a-ad50805f3635,M-1723,SESS-20260828-8187-0003,RENTAL_ACCRUAL,16,837,2026-08-28T11:15:00+08:00
0ce7363c-f57c-4d4a-a46a-9893a8168b9d,M-1378,SESS-20260828-8294-0004,RENTAL_ACCRUAL,16,317,2026-08-28T16:15:00+08:00
2b7aa8c1-1330-4bd2-bf56-e6804c9fee87,M-1952,SESS-20260828-1549-0005,RENTAL_ACCRUAL,36,131,2026-08-29T02:30:00+08:00
b1a60d3c-19af-44c8-9ca6-bf6fd69bfee1,M-1056,SESS-20260828-7047-0006,RENTAL_REDEMPTION,-200,34,2026-08-28T21:15:00+08:00
9f90e0e1-e624-45ca-96e6-2a352ac0cca9,M-1056,SESS-20260828-7047-0006,RENTAL_ACCRUAL,14,48,2026-08-28T23:15:00+08:00
2fc86214-4566-47c2-8d41-3a3e1d224367,M-2022,SESS-20260828-3206-0007,RENTAL_ACCRUAL,25,187,2026-08-28T22:15:00+08:00
b71ba5ee-ef3d-4fe5-a737-c9d8f755ebf9,M-1748,SESS-20260828-9909-0008,RENTAL_ACCRUAL,6,687,2026-08-28T16:15:00+08:00
07074ab7-bdd9-44d5-b774-47d58bf5d2a3,M-1058,SESS-20260828-4096-0009,RENTAL_ACCRUAL,18,180,2026-08-28T03:30:00+08:00
8c8ad1d8-0c51-4fd7-906d-8a31743c7b38,M-2084,SESS-20260828-9956-0010,RENTAL_ACCRUAL,11,458,2026-08-28T16:45:00+08:00
8c7b6cbc-57de-4727-90f5-5eb9bfa470f1,M-1155,SESS-20260828-1720-0011,RENTAL_ACCRUAL,11,239,2026-08-28T16:30:00+08:00
a965618b-78c0-4dc1-9c05-07c945556768,M-1266,SESS-20260828-1174-0012,RENTAL_ACCRUAL,11,131,2026-08-28T11:45:00+08:00
a404669e-0c6a-4c7d-84ce-39e13535906f,M-1210,SESS-20260828-2927-0013,RENTAL_ACCRUAL,43,1621,2026-08-28T12:15:00+08:00
979a9e7a-4c63-44ef-a231-f6430acc4242,M-1679,SESS-20260828-6198-0014,RENTAL_REDEMPTION,-100,523,2026-08-28T22:00:00+08:00
2b864951-7bb4-49ee-8c5b-91896ea3a161,M-1679,SESS-20260828-6198-0014,RENTAL_ACCRUAL,22,545,2026-08-29T03:00:00+08:00
d66823f1-5b71-4094-acd1-c97a9cabc234,M-1090,SESS-20260828-8553-0015,RENTAL_ACCRUAL,19,366,2026-08-28T18:15:00+08:00
c98ec51b-0cc6-4b3a-ad57-53caf1f984bf,M-1494,SESS-20260828-3909-0016,RENTAL_ACCRUAL,19,645,2026-08-28T15:15:00+08:00
48af85c1-16dc-45e0-afb2-1f61e9972229,M-1853,SESS-20260828-9257-0017,RENTAL_ACCRUAL,10,108,2026-08-28T17:45:00+08:00
dbe6d1cb-aab6-4e94-b746-8eb5e389fc8d,M-1271,SESS-20260828-8524-0018,RENTAL_ACCRUAL,9,58,2026-08-28T16:25:00+08:00
a9f3ac85-6c16-4cc8-9d3a-f8f00aa537f1,M-1579,SESS-20260828-1169-0019,RENTAL_ACCRUAL,28,2727,2026-08-28T12:45:00+08:00
1930f12e-21d3-4bbc-9481-42c2e325a9b5,M-1434,SESS-20260828-4974-0020,RENTAL_REDEMPTION,-100,191,2026-08-28T14:00:00+08:00
c67f3ed2-500e-47ee-badd-bf3a65a14053,M-1434,SESS-20260828-4974-0020,RENTAL_ACCRUAL,11,202,2026-08-28T16:00:00+08:00
62760ecb-4549-4946-81b9-0bb6d7a8b0ed,M-1902,SESS-20260828-5104-0021,RENTAL_ACCRUAL,5,148,2026-08-28T23:00:00+08:00
902bd1c1-c2c5-4337-85bb-f67fc0923a92,M-2171,SESS-20260828-9934-0022,RENTAL_ACCRUAL,5,164,2026-08-28T22:45:00+08:00
48b218d9-a270-4d98-a409-f13ec4581a39,M-1124,SESS-20260828-5735-0023,RENTAL_ACCRUAL,11,456,2026-08-29T01:00:00+08:00
97eef16c-f35f-4292-bce8-2e138ac3e59a,M-2066,SESS-20260828-9152-0024,RENTAL_ACCRUAL,15,34,2026-08-28T19:00:00+08:00
ebe10016-e3ac-4481-91ca-2cf9d7084ffe,M-1392,SESS-20260828-7329-0025,RENTAL_ACCRUAL,9,615,2026-08-28T20:15:00+08:00
c0dda1c5-3d0d-4d24-a9f3-f789be00b90b,M-2086,SESS-20260828-7818-0026,RENTAL_ACCRUAL,11,296,2026-08-28T14:00:00+08:00
a22f705d-5aef-44c9-98cb-41a74b8de412,M-2038,SESS-20260828-9518-0027,RENTAL_ACCRUAL,11,231,2026-08-28T23:45:00+08:00
50251fbe-7333-4d69-a90a-33d7ad5be14d,M-1514,SESS-20260828-3833-0028,RENTAL_ACCRUAL,28,477,2026-08-29T03:50:00+08:00
80a47209-abac-497d-b052-f46a1ff2885b,M-1719,SESS-20260828-1818-0029,RENTAL_ACCRUAL,43,443,2026-08-29T00:45:00+08:00
dafe407a-5cbe-4e08-8de9-1060f8c986de,M-1018,SESS-20260828-3697-0030,RENTAL_ACCRUAL,11,104,2026-08-28T15:15:00+08:00
d95b4c13-2ac2-4421-a561-5aa9fee29ed9,M-1233,SESS-20260828-3451-0031,RENTAL_REDEMPTION,-100,372,2026-08-28T11:15:00+08:00
e02e1614-cd75-400a-98ef-2e52ae18df19,M-1233,SESS-20260828-3451-0031,RENTAL_ACCRUAL,5,377,2026-08-28T13:15:00+08:00
8f917816-b3ef-425c-9cb1-dad7274e5152,M-2194,SESS-20260828-5478-0032,RENTAL_ACCRUAL,11,151,2026-08-28T20:45:00+08:00
c441d32e-a6fd-447d-8071-c5dd24905177,M-1494,SESS-20260828-4798-0033,RENTAL_ACCRUAL,28,673,2026-08-28T17:30:00+08:00
5056ba29-3271-4f00-be14-5e930e0b58ca,M-1339,SESS-20260828-3207-0034,RENTAL_ACCRUAL,16,370,2026-08-28T20:30:00+08:00
94a6b7d2-4063-46c5-ab52-09701e233060,M-1489,SESS-20260828-5128-0035,RENTAL_ACCRUAL,18,696,2026-08-28T08:45:00+08:00
f8074b88-d425-4388-8e1e-555013d5a3ef,M-1978,SESS-20260828-4981-0036,RENTAL_ACCRUAL,11,306,2026-08-28T15:15:00+08:00
fb3c08bd-127f-4ef6-b7f7-31d7f8663729,M-1881,SESS-20260828-2013-0037,RENTAL_ACCRUAL,9,228,2026-08-28T15:30:00+08:00
e9b562ee-2f99-4dd1-9be1-c06fa6d75f60,M-1875,SESS-20260828-1571-0038,RENTAL_ACCRUAL,16,53,2026-08-28T17:15:00+08:00
2f75079b-76eb-495c-8a70-59232bfee9b3,M-1774,SESS-20260828-2699-0039,RENTAL_ACCRUAL,27,341,2026-08-28T11:00:00+08:00
40c0b47c-26d6-4f81-9ed2-2323664462b9,M-1198,SESS-20260828-9178-0040,RENTAL_REDEMPTION,-100,2178,2026-08-28T23:30:00+08:00
0840bcae-82ed-4fd5-8fee-e076847efc39,M-1198,SESS-20260828-9178-0040,RENTAL_ACCRUAL,21,2199,2026-08-29T01:30:00+08:00
270cfc82-c8fc-4911-b2a9-bb068996332a,M-1860,SESS-20260828-5419-0041,RENTAL_ACCRUAL,25,124,2026-08-28T23:15:00+08:00
7c5c4968-d2cc-451f-a0c2-52ca0a86a49c,M-1152,SESS-20260828-2316-0042,RENTAL_ACCRUAL,27,457,2026-08-28T22:30:00+08:00
22f782ea-eb7c-4dd7-b29e-9a6376893f83,M-2050,SESS-20260828-8536-0043,RENTAL_ACCRUAL,18,178,2026-08-28T22:45:00+08:00
d32a670c-efd5-424b-8d84-18d6a3bde7c2,M-1571,SESS-20260828-6844-0044,RENTAL_REDEMPTION,-200,265,2026-08-28T17:45:00+08:00
9eae7849-6c6a-46ab-801e-48dd3a6f4991,M-1571,SESS-20260828-6844-0044,RENTAL_ACCRUAL,14,279,2026-08-28T19:45:00+08:00
50715585-2796-45b1-b90b-7cd8cdd0f32a,M-1536,SESS-20260828-6409-0045,RENTAL_ACCRUAL,11,443,2026-08-28T21:00:00+08:00
57459ade-4bd1-4cea-90ae-533a379a56bd,M-1256,SESS-20260828-3062-0046,RENTAL_ACCRUAL,16,229,2026-08-28T23:00:00+08:00
e94aaaa5-26d4-405f-be84-6a3896bdded7,M-1861,SESS-20260828-1836-0047,RENTAL_ACCRUAL,36,286,2026-08-28T22:15:00+08:00
b7a0ddbc-8253-4e32-adb1-f4b0ef3a8d11,M-1159,SESS-20260828-3848-0048,RENTAL_ACCRUAL,5,199,2026-08-28T14:30:00+08:00
8befe1c7-4ed9-4a1c-bdad-f297711ed481,M-1337,SESS-20260828-5691-0049,RENTAL_ACCRUAL,30,703,2026-08-29T00:15:00+08:00
4548dc38-3365-4fdb-b9ab-adec081a8785,M-1332,SESS-20260828-2364-0050,RENTAL_ACCRUAL,72,327,2026-08-29T02:15:00+08:00
59e23e43-567a-4c44-9e88-85c0f7c8fabb,M-1801,SESS-20260828-4126-0051,RENTAL_REDEMPTION,-200,56,2026-08-28T22:45:00+08:00
d00d7450-fed2-4a58-a2e8-d45eeb4952d3,M-1801,SESS-20260828-4126-0051,RENTAL_ACCRUAL,55,111,2026-08-29T03:45:00+08:00
2b8e3660-7d99-43e0-a2cc-0aa6f3098ffd,M-1152,SESS-20260828-4303-0052,RENTAL_ACCRUAL,45,502,2026-08-29T04:10:00+08:00
6d00f1a7-c91a-46c3-978c-2b0de214f7b2,M-1862,SESS-20260828-8831-0053,RENTAL_ACCRUAL,5,74,2026-08-28T23:30:00+08:00
d5c75ed2-4093-425e-8354-f1972275cb3b,M-1610,SESS-20260828-6613-0054,RENTAL_ACCRUAL,16,287,2026-08-28T23:00:00+08:00
75b2d62b-d0d4-4558-b328-68b097247e3e,M-2015,SESS-20260828-8475-0055,RENTAL_ACCRUAL,25,114,2026-08-29T02:45:00+08:00
ebd42c5b-e996-436e-96b2-928a78cd9a2e,M-1323,SESS-20260828-9912-0056,RENTAL_ACCRUAL,13,578,2026-08-28T23:30:00+08:00
a95d8bff-4166-4ef6-990c-b76fb5ced613,M-2169,SESS-20260828-6796-0057,RENTAL_ACCRUAL,16,381,2026-08-28T21:30:00+08:00
18feade1-b360-41ed-8f80-dfbbd05ae554,M-1924,SESS-20260828-4168-0058,RENTAL_ACCRUAL,15,123,2026-08-28T06:15:00+08:00
842d44be-3a04-411b-a991-0921f54a30ca,M-1203,SESS-20260828-9635-0059,RENTAL_ACCRUAL,16,223,2026-08-28T22:00:00+08:00
964db586-fe83-4586-ac13-f12ef6c83e50,M-2009,SESS-20260828-2418-0060,RENTAL_REDEMPTION,-100,38,2026-08-28T07:45:00+08:00
1721f8b3-b8c9-4a3a-a0af-aaaef0dab916,M-2009,SESS-20260828-2418-0060,RENTAL_ACCRUAL,20,58,2026-08-28T12:45:00+08:00
915ffedc-037e-4939-aef2-f382b0af780a,M-1297,SESS-20260828-9715-0061,RENTAL_REDEMPTION,-100,203,2026-08-28T23:05:00+08:00
24a0585e-4abd-46a1-aa93-25fbe1f805e7,M-1297,SESS-20260828-9715-0061,RENTAL_ACCRUAL,5,208,2026-08-29T01:05:00+08:00
55115490-6a6f-4a0f-b815-9af0aed90ce4,M-2027,SESS-20260828-8041-0062,RENTAL_ACCRUAL,16,127,2026-08-29T01:30:00+08:00
c508c6bd-60b6-48ac-b493-82f696b16a9f,M-1127,SESS-20260828-7130-0063,RENTAL_ACCRUAL,28,331,2026-08-29T02:45:00+08:00
8ecd3d2b-a925-4dfb-a301-67f106ee2e51,M-2034,SESS-20260828-7169-0064,RENTAL_ACCRUAL,27,187,2026-08-28T22:30:00+08:00
ea927d84-0695-48ec-a0b3-2fb18bb1505f,M-1563,SESS-20260828-7930-0065,RENTAL_ACCRUAL,5,380,2026-08-28T23:15:00+08:00
1fa389e5-98d6-4e67-97d1-d93680856729,M-1640,SESS-20260828-9152-0066,RENTAL_ACCRUAL,18,446,2026-08-28T16:15:00+08:00
c35f2fef-1659-483b-b141-848cb7d72f1f,M-1334,SESS-20260828-8783-0067,RENTAL_ACCRUAL,5,108,2026-08-28T13:55:00+08:00
95972cd0-e0be-4f6f-abbe-87a647e98ca9,M-1935,SESS-20260828-7279-0068,RENTAL_ACCRUAL,5,474,2026-08-28T15:00:00+08:00
51c9ca14-9680-4319-a9d3-ad175cd5675b,M-1241,SESS-20260828-2607-0069,RENTAL_ACCRUAL,5,251,2026-08-28T19:30:00+08:00
1b0cf542-e2c1-44d1-aa67-8b12180975ec,M-1461,SESS-20260828-8771-0070,RENTAL_ACCRUAL,11,479,2026-08-29T01:30:00+08:00
ac0250ed-bd71-4f6e-bda9-39ad3657019b,M-1652,SESS-20260828-1493-0071,RENTAL_ACCRUAL,12,257,2026-08-28T21:45:00+08:00
90b9dfa0-2e20-4d61-8a43-6536e580cdcf,M-1446,SESS-20260828-6270-0072,RENTAL_ACCRUAL,18,364,2026-08-28T22:30:00+08:00
816d2283-286a-4f20-a862-0cb2de2d9f8e,M-1660,SESS-20260828-9248-0073,RENTAL_ACCRUAL,11,523,2026-08-28T13:45:00+08:00
491ef2a8-78bf-4d98-bca1-b86cffb8c84c,M-2125,SESS-20260828-1048-0074,RENTAL_ACCRUAL,5,234,2026-08-28T21:15:00+08:00
44022b56-84a2-4803-b7df-a0267faee17d,M-1976,SESS-20260828-3958-0075,RENTAL_ACCRUAL,15,210,2026-08-29T00:00:00+08:00
ead92696-a4ca-41bc-8a84-62e9de7e5321,M-1912,SESS-20260828-3624-0076,RENTAL_ACCRUAL,16,393,2026-08-28T17:45:00+08:00
477e1112-5160-4687-829a-a222c32ebaea,M-1153,SESS-20260828-1557-0077,RENTAL_ACCRUAL,18,520,2026-08-28T16:15:00+08:00
9ef688e6-4f22-4ca9-a3e1-a47915ef26e6,M-1972,SESS-20260828-9231-0078,RENTAL_ACCRUAL,5,221,2026-08-28T21:35:00+08:00
096b289a-4cc7-477e-8f93-e8cbd157036e,M-1009,SESS-20260828-9017-0079,RENTAL_REDEMPTION,-100,42,2026-08-28T03:30:00+08:00
5ced4160-732f-4b96-8c68-33761aec807e,M-1009,SESS-20260828-9017-0079,RENTAL_ACCRUAL,10,52,2026-08-28T06:30:00+08:00
c7820403-f2f8-4d9d-a2c3-a0775de1056e,M-1268,SESS-20260828-2568-0080,RENTAL_REDEMPTION,-100,31,2026-08-28T20:45:00+08:00
6065e20f-4013-44d9-bb34-8182c54984db,M-1268,SESS-20260828-2568-0080,RENTAL_ACCRUAL,2,33,2026-08-28T21:45:00+08:00
191a4498-78de-4a3c-a686-05db6dc5d702,M-1946,SESS-20260828-2774-0081,RENTAL_REDEMPTION,-100,203,2026-08-28T20:30:00+08:00
847f1f9e-3dc9-40ac-8c57-597e704fed4a,M-1946,SESS-20260828-2774-0081,RENTAL_ACCRUAL,11,214,2026-08-28T22:30:00+08:00
e37433ec-88cd-44d7-963a-e7d0c2372200,M-1647,SESS-20260828-1117-0082,RENTAL_ACCRUAL,43,653,2026-08-28T21:15:00+08:00
26f4336f-241b-4a0c-bd62-b46a9a4141e9,M-1366,SESS-20260828-7885-0083,RENTAL_ACCRUAL,13,807,2026-08-28T22:25:00+08:00
c69993ba-3b3c-4448-938a-c5aaa4c43676,M-2061,SESS-20260828-4124-0084,RENTAL_REDEMPTION,-100,114,2026-08-28T16:30:00+08:00
cc6fb117-3266-44a3-9c23-0bada5cbdcc8,M-2061,SESS-20260828-4124-0084,RENTAL_ACCRUAL,7,121,2026-08-28T17:30:00+08:00
28510f3a-40dd-45f5-86fc-6d4925ba4ca0,M-1611,SESS-20260828-2813-0085,RENTAL_ACCRUAL,48,179,2026-08-28T17:00:00+08:00
96f40fb5-e0ee-42bb-89cb-c4772fa2e47a,M-1440,SESS-20260828-4341-0086,RENTAL_ACCRUAL,5,287,2026-08-28T17:30:00+08:00
12cfdc40-ccee-438e-89f3-8ace8b652450,M-1253,SESS-20260828-7363-0087,RENTAL_ACCRUAL,11,83,2026-08-28T21:00:00+08:00
d007b34f-3082-4aaa-b463-56f99564539d,M-1662,SESS-20260828-9423-0088,RENTAL_ACCRUAL,18,160,2026-08-29T00:45:00+08:00
d827667c-d0ae-4613-9dfc-292997bc0748,M-1038,SESS-20260828-1097-0089,RENTAL_REDEMPTION,-100,51,2026-08-28T23:00:00+08:00
3af5efb3-a00a-4e24-9550-a7c5e6049e1d,M-1038,SESS-20260828-1097-0089,RENTAL_ACCRUAL,38,89,2026-08-29T04:00:00+08:00
9efd290a-8d2e-4c6c-9fc2-3938688b56cb,M-1210,SESS-20260828-9441-0090,RENTAL_ACCRUAL,28,1649,2026-08-28T19:15:00+08:00
3e748705-b962-40a3-bda6-c074951e1c0c,M-1533,SESS-20260828-1843-0091,RENTAL_REDEMPTION,-100,162,2026-08-28T20:30:00+08:00
b4dca3e6-3a33-4372-9f48-be2e97fea916,M-1533,SESS-20260828-1843-0091,RENTAL_ACCRUAL,4,166,2026-08-28T22:30:00+08:00
dafbbacb-5a19-454e-b132-49b63c0d6128,M-2117,SESS-20260828-3976-0092,RENTAL_ACCRUAL,15,126,2026-08-28T17:30:00+08:00
ed0cf5c4-96c1-4c8c-b7cf-1440d98f11a9,M-1393,SESS-20260828-8303-0093,RENTAL_ACCRUAL,11,246,2026-08-28T23:25:00+08:00
8f6bf974-2f8d-4dbd-bdbd-f92ce56339af,M-1834,SESS-20260828-2079-0094,RENTAL_REDEMPTION,-100,130,2026-08-28T14:45:00+08:00
965849fc-48af-4685-838f-af98d12c93ba,M-1834,SESS-20260828-2079-0094,RENTAL_ACCRUAL,20,150,2026-08-28T17:45:00+08:00
b7ac233e-1115-42c5-8230-96ba6cfa2e4b,M-1028,SESS-20260828-3056-0095,RENTAL_ACCRUAL,12,157,2026-08-28T17:15:00+08:00
af4df559-8e7a-4209-8658-936bb83e1b24,M-1971,SESS-20260828-1815-0096,RENTAL_ACCRUAL,5,267,2026-08-29T00:00:00+08:00
f76da277-7fe4-42b1-932f-2bd297ebe7cc,M-1347,SESS-20260828-9816-0097,RENTAL_REDEMPTION,-200,3183,2026-08-28T16:15:00+08:00
b6913910-a796-4423-8711-e4136ecce034,M-1347,SESS-20260828-9816-0097,RENTAL_ACCRUAL,3,3186,2026-08-28T19:15:00+08:00
7258b28f-7d41-432c-bab3-bc440f0ec8ee,M-1423,SESS-20260828-8605-0098,RENTAL_ACCRUAL,11,89,2026-08-28T13:00:00+08:00
b36a4d44-9f3d-4ea2-8d50-94401d3da744,M-1423,TIER_UPGRADE_Silver_TO_Gold,TIER_BONUS,100,189,2026-08-28T13:00:00+08:00
a062ad87-11ed-4597-873f-d1dd77f704e2,M-2009,SESS-20260828-9159-0099,RENTAL_ACCRUAL,24,82,2026-08-28T22:15:00+08:00
8fc9c4be-d30e-4a90-ac4a-2e8ecfa5afee,M-1138,SESS-20260828-7098-0100,RENTAL_ACCRUAL,18,479,2026-08-29T00:00:00+08:00
b39486a1-ab3a-4f04-a3b9-a6ce371492e0,M-1729,SESS-20260828-5869-0101,RENTAL_ACCRUAL,5,254,2026-08-28T23:00:00+08:00
23631332-55a3-45cc-bd2a-c2796ff6df35,M-1998,SESS-20260828-4471-0102,RENTAL_ACCRUAL,27,308,2026-08-28T19:10:00+08:00
def4ef41-fa96-40aa-8990-a245a0cb9ea1,M-2014,SESS-20260828-8325-0103,RENTAL_ACCRUAL,9,202,2026-08-28T15:15:00+08:00
b406c9f4-08d8-4a99-ab5a-65d890081257,M-1023,SESS-20260828-8130-0104,RENTAL_REDEMPTION,-100,91,2026-08-28T20:00:00+08:00
7ecfeda9-117b-4f54-aaf2-8dbf876392b4,M-1023,SESS-20260828-8130-0104,RENTAL_ACCRUAL,21,112,2026-08-29T01:00:00+08:00
1a0adc68-cb08-4d38-a7e8-3729bb31adb1,M-2167,SESS-20260828-2104-0105,RENTAL_ACCRUAL,11,260,2026-08-28T20:30:00+08:00
049742db-aa82-4bcf-854d-c1c2763f1959,M-2070,SESS-20260828-3697-0106,RENTAL_ACCRUAL,11,266,2026-08-28T09:45:00+08:00
0ff00278-1d00-4623-b386-072b5ab34168,M-1929,SESS-20260828-8742-0107,RENTAL_ACCRUAL,5,127,2026-08-28T16:00:00+08:00
5ca0bcf5-d40f-43be-aade-3818ca6774d3,M-1395,SESS-20260828-9153-0108,RENTAL_ACCRUAL,16,135,2026-08-29T00:00:00+08:00
f6b17fa6-c5d0-4e25-bdd6-fc6ed2f5e459,M-1382,SESS-20260828-3185-0109,RENTAL_ACCRUAL,5,572,2026-08-28T18:30:00+08:00
a267d60f-5817-4e74-8455-3ea12bd922c4,M-1411,SESS-20260828-9636-0110,RENTAL_ACCRUAL,43,713,2026-08-28T12:30:00+08:00
dc592328-9b5c-485a-875f-2d9e05e1f3c9,M-1539,SESS-20260828-1613-0111,RENTAL_ACCRUAL,30,967,2026-08-29T00:00:00+08:00
ab233c35-f9af-4962-a3c0-5ad7734bb1ae,M-1382,SESS-20260828-6097-0112,RENTAL_ACCRUAL,27,599,2026-08-28T23:45:00+08:00
9bf89188-a018-4264-9b5d-a931f74e59ee,M-1568,SESS-20260828-1709-0113,RENTAL_ACCRUAL,16,260,2026-08-28T18:30:00+08:00
ca46b801-f02b-471e-af90-7c9a23ea6f5c,M-1852,SESS-20260828-6008-0114,RENTAL_ACCRUAL,40,110,2026-08-29T05:00:00+08:00
e0b802e3-3f42-4721-8eea-ff447b154fec,M-1583,SESS-20260828-1827-0115,RENTAL_REDEMPTION,-100,162,2026-08-28T23:30:00+08:00
873e5a6c-cd57-4fc4-8ae7-499312eb3dac,M-1583,SESS-20260828-1827-0115,RENTAL_ACCRUAL,5,167,2026-08-29T01:30:00+08:00
b9878ac7-8256-46b4-9311-2c433d064a0e,M-2145,SESS-20260828-4385-0116,RENTAL_ACCRUAL,5,33,2026-08-28T23:15:00+08:00
a452fe22-eb44-49e9-8726-1135e96e087f,M-1678,SESS-20260828-5714-0117,RENTAL_ACCRUAL,115,150,2026-08-29T01:15:00+08:00
4834e202-0d72-423c-8272-891acb862fbe,M-1979,SESS-20260828-2676-0118,RENTAL_ACCRUAL,11,171,2026-08-28T16:45:00+08:00
7c4472b8-741a-4911-8be5-4b28cda64f59,M-2160,SESS-20260828-1792-0119,RENTAL_ACCRUAL,45,161,2026-08-29T02:00:00+08:00
9505ff22-fae7-4bc9-8fa6-6e66bc65150d,M-1741,SESS-20260828-9329-0120,RENTAL_ACCRUAL,28,109,2026-08-28T15:45:00+08:00
fd3a7d9b-3838-4471-944f-3e3eaa25a35c,M-1593,SESS-20260828-9425-0121,RENTAL_ACCRUAL,18,51,2026-08-28T02:45:00+08:00
f2828666-52bd-4d47-89e6-205ec664a833,M-1979,SESS-20260828-7320-0122,RENTAL_REDEMPTION,-100,71,2026-08-28T21:45:00+08:00
2262737d-6d91-4ba8-b501-63b5312a1bc2,M-1979,SESS-20260828-7320-0122,RENTAL_ACCRUAL,61,132,2026-08-29T02:45:00+08:00
bbc03c69-8d2c-4fa7-8a55-835d5ea20815,M-1110,SESS-20260828-9902-0123,RENTAL_ACCRUAL,19,434,2026-08-28T19:45:00+08:00
4bd8f3f8-61f1-42d2-9ae5-2460937c7d04,M-1659,SESS-20260828-2702-0124,RENTAL_REDEMPTION,-100,131,2026-08-28T20:15:00+08:00
e69e742e-4356-4b50-8af8-904c078ba738,M-1659,SESS-20260828-2702-0124,RENTAL_ACCRUAL,5,136,2026-08-28T22:15:00+08:00
fbd3e251-f0e4-4b11-af70-581ae01ba3ca,M-2044,SESS-20260828-4790-0125,RENTAL_ACCRUAL,5,179,2026-08-28T13:45:00+08:00
01619e5f-c6c3-4942-a3cf-68b72d59ec36,M-1759,SESS-20260828-3402-0126,RENTAL_REDEMPTION,-100,554,2026-08-28T20:45:00+08:00
7469b3f6-4968-452d-a6de-d2bd8f1ac621,M-1759,SESS-20260828-3402-0126,RENTAL_ACCRUAL,4,558,2026-08-28T22:45:00+08:00
ac09c348-2a56-4f87-ab8c-e0ebb2da0078,M-1329,SESS-20260828-8229-0127,RENTAL_REDEMPTION,-200,269,2026-08-28T05:00:00+08:00
7c56df25-7916-4f09-8ff2-6c7e4e664e3d,M-1329,SESS-20260828-8229-0127,RENTAL_ACCRUAL,13,282,2026-08-28T08:00:00+08:00
e2e68498-0e3b-474d-94fe-d7e452da2664,M-1728,SESS-20260828-2084-0128,RENTAL_REDEMPTION,-100,236,2026-08-28T16:30:00+08:00
6bbdaffe-7524-4915-917e-59812fa6e12b,M-1728,SESS-20260828-2084-0128,RENTAL_ACCRUAL,40,276,2026-08-28T21:30:00+08:00
7bee4fff-bb96-459e-b0d3-f003518abf0e,M-1147,SESS-20260828-5797-0129,RENTAL_ACCRUAL,11,179,2026-08-28T17:30:00+08:00
30f8ac25-f1ed-478f-91e5-0bf6d443f7a7,M-1912,SESS-20260828-9052-0130,RENTAL_ACCRUAL,45,438,2026-08-29T03:15:00+08:00
52cddf2a-462d-443f-92e8-b226c7ebf513,M-1577,SESS-20260828-8355-0131,RENTAL_REDEMPTION,-100,16,2026-08-28T16:00:00+08:00
acae8ed0-bb5d-4d05-a307-429736785a70,M-1577,SESS-20260828-8355-0131,RENTAL_ACCRUAL,5,21,2026-08-28T18:00:00+08:00
824de7d7-1354-4aa2-81fb-722250c67ffd,M-2126,SESS-20260828-4740-0132,RENTAL_ACCRUAL,16,366,2026-08-29T00:00:00+08:00
d09728f7-351b-4454-8d8a-354bb9fea494,M-1336,SESS-20260828-4528-0133,RENTAL_REDEMPTION,-200,545,2026-08-28T23:30:00+08:00
91bb31da-3fd5-43c9-ae6f-809a73c3976b,M-1336,SESS-20260828-4528-0133,RENTAL_ACCRUAL,3,548,2026-08-29T02:30:00+08:00
217de305-66c2-42b8-85a8-c3174be22cbc,M-1289,SESS-20260828-7504-0134,RENTAL_ACCRUAL,5,268,2026-08-28T22:45:00+08:00
e0744523-71f4-4846-8672-620cf37cf7f8,M-1532,SESS-20260828-2149-0135,RENTAL_REDEMPTION,-100,26,2026-08-28T23:55:00+08:00
faf5dfdf-1462-4aa2-9c4a-bbb5f4ec015a,M-1532,SESS-20260828-2149-0135,RENTAL_ACCRUAL,21,47,2026-08-29T04:55:00+08:00
299bec10-b684-4f97-84e7-02b8248b15c7,M-1930,SESS-20260828-6347-0136,RENTAL_ACCRUAL,18,113,2026-08-29T00:45:00+08:00
fa47a9a5-de07-4c0a-ab02-a73bd7407dd1,M-1797,SESS-20260828-1046-0137,RENTAL_ACCRUAL,16,284,2026-08-29T02:00:00+08:00
77c9106b-3e40-4709-bd21-e86f5cdbc99c,M-2151,SESS-20260828-2220-0138,RENTAL_ACCRUAL,24,166,2026-08-28T22:15:00+08:00
40db3cf5-4b50-4bd3-8393-8375312e7878,M-1855,SESS-20260828-9219-0139,RENTAL_ACCRUAL,18,143,2026-08-29T00:35:00+08:00
6156eb26-c588-4668-aae8-5c1026c6237c,M-1787,SESS-20260828-6294-0140,RENTAL_ACCRUAL,28,472,2026-08-28T08:45:00+08:00
1132251f-2141-42ad-9d5d-24e4c9e2278f,M-1766,SESS-20260828-8973-0141,RENTAL_ACCRUAL,48,671,2026-08-29T00:15:00+08:00
ab954726-88d3-4c6c-9154-565124b0f11e,M-1157,SESS-20260828-4013-0142,RENTAL_ACCRUAL,11,385,2026-08-29T01:30:00+08:00
9546d34e-b529-4fc1-82bb-d6fc6655d307,M-1241,SESS-20260828-6214-0143,RENTAL_ACCRUAL,27,278,2026-08-28T22:45:00+08:00
87430145-68cb-4588-8fa6-40463529b615,M-1258,SESS-20260828-9754-0144,RENTAL_ACCRUAL,12,816,2026-08-28T23:00:00+08:00
964a0255-ffd7-4f5c-90cd-b34ceee9862d,M-2105,SESS-20260828-6176-0145,RENTAL_ACCRUAL,11,289,2026-08-28T22:30:00+08:00
42911f38-7cde-47a6-9f21-ef20048f2777,M-2135,SESS-20260828-2428-0146,RENTAL_ACCRUAL,96,193,2026-08-29T07:30:00+08:00
e4c4309b-39bd-43a6-aa17-d3a18166f143,M-1810,SESS-20260828-8944-0147,RENTAL_ACCRUAL,9,407,2026-08-28T23:15:00+08:00
2664be37-4a6a-4cf8-8c17-465bb5bc2de5,M-1022,SESS-20260828-2802-0148,RENTAL_ACCRUAL,13,293,2026-08-28T20:45:00+08:00
cca82adb-426e-49c2-8325-87bedf0153e6,M-1396,SESS-20260828-6950-0149,RENTAL_ACCRUAL,11,178,2026-08-28T19:15:00+08:00
103df0a7-2b3c-48b6-8fb3-fab76297223a,M-1034,SESS-20260828-1982-0150,RENTAL_ACCRUAL,12,573,2026-08-28T22:30:00+08:00
38669dce-cb48-463d-9b29-20019b0ee6cf,M-2001,SESS-20260828-9215-0151,RENTAL_REDEMPTION,-100,160,2026-08-28T17:15:00+08:00
4c134502-f753-4bf5-959d-a714451d2e11,M-2001,SESS-20260828-9215-0151,RENTAL_ACCRUAL,5,165,2026-08-28T19:15:00+08:00
40352c8d-9b7d-4122-be51-2db0a7f6a102,M-1859,SESS-20260828-8575-0152,RENTAL_ACCRUAL,27,158,2026-08-29T00:45:00+08:00
ad391013-3de1-4747-9c2b-a8520a80b577,M-1142,SESS-20260828-7621-0153,RENTAL_ACCRUAL,28,467,2026-08-28T23:15:00+08:00
c641cf3c-c715-4605-8816-5d1ac749964c,M-1414,SESS-20260828-2193-0154,RENTAL_ACCRUAL,18,498,2026-08-28T20:15:00+08:00
253b088a-6888-4052-9625-86edcf5a3abd,M-1638,SESS-20260828-5682-0155,RENTAL_REDEMPTION,-200,417,2026-08-28T13:45:00+08:00
731e0041-1723-4e21-9b6b-77414623cca6,M-1638,SESS-20260828-5682-0155,RENTAL_ACCRUAL,15,432,2026-08-28T18:45:00+08:00
b589fc7a-ec88-4f29-8e45-45b8ebb97e50,M-1835,SESS-20260828-6166-0156,RENTAL_ACCRUAL,16,241,2026-08-28T21:30:00+08:00
feb109fe-4fd5-4914-a861-613e6c498c33,M-1835,TIER_UPGRADE_Silver_TO_Gold,TIER_BONUS,100,341,2026-08-28T21:30:00+08:00
33f23a26-4381-4ba2-8ecd-ac8464969158,M-2084,SESS-20260828-7853-0157,RENTAL_ACCRUAL,13,471,2026-08-28T23:35:00+08:00
3d67faa4-ea8c-40c6-a8de-874390409732,M-2123,SESS-20260828-1840-0158,RENTAL_ACCRUAL,27,388,2026-08-29T02:45:00+08:00
b1d5a494-8185-4b38-a0c9-1a4bdec7f0a8,M-1186,SESS-20260828-9937-0159,RENTAL_REDEMPTION,-200,370,2026-08-28T18:15:00+08:00
788ab46b-dd30-4117-ab7a-a9d151dc0a08,M-1186,SESS-20260828-9937-0159,RENTAL_ACCRUAL,5,375,2026-08-28T20:15:00+08:00
c5aced8d-b522-4a7b-b770-1b712e2105af,M-1493,SESS-20260828-5560-0160,RENTAL_ACCRUAL,13,372,2026-08-28T10:45:00+08:00
5ee5640d-1036-448b-8154-35fdff69cfa6,M-2009,SESS-20260828-4481-0161,RENTAL_ACCRUAL,40,122,2026-08-29T07:10:00+08:00
67fb6b3f-8525-471c-b2ab-9ecdbc36038c,M-1576,SESS-20260828-1035-0162,RENTAL_ACCRUAL,48,1189,2026-08-28T22:00:00+08:00
ab56f275-ae1a-4951-974e-a2a63588634d,M-1940,SESS-20260828-2893-0163,RENTAL_ACCRUAL,45,259,2026-08-28T15:45:00+08:00
68d044cb-3f1b-4439-a9d3-af1396a80fcf,M-1456,SESS-20260828-2699-0164,RENTAL_ACCRUAL,11,590,2026-08-28T19:45:00+08:00
bfa7937e-ee9e-489b-af43-513f9cac3933,M-1935,SESS-20260828-7084-0165,RENTAL_ACCRUAL,5,479,2026-08-28T22:10:00+08:00
e879fdfc-889e-4a9e-87b8-444b9fcef650,M-1658,SESS-20260828-9570-0166,RENTAL_ACCRUAL,30,860,2026-08-28T19:45:00+08:00
becceb11-2f94-43c9-b77f-853975e17121,M-1989,SESS-20260828-7400-0167,RENTAL_ACCRUAL,16,244,2026-08-28T22:45:00+08:00
30698477-5db3-4482-a25d-4eb743a7e097,M-1002,SESS-20260828-3319-0168,RENTAL_REDEMPTION,-100,384,2026-08-28T17:10:00+08:00
7e61aa05-76ae-480e-857b-ee35aab07cd5,M-1002,SESS-20260828-3319-0168,RENTAL_ACCRUAL,11,395,2026-08-28T19:10:00+08:00
46444c3d-9354-45c3-ab1f-192b0464510e,M-1965,SESS-20260828-9997-0169,RENTAL_ACCRUAL,27,156,2026-08-28T22:15:00+08:00
6129e0fe-1151-47d7-be2c-a7394c7771b5,M-2196,SESS-20260828-1313-0170,RENTAL_ACCRUAL,72,389,2026-08-29T03:00:00+08:00
ee834b0d-38bd-4ac9-8e0a-f74415335921,M-1974,SESS-20260828-5670-0171,RENTAL_ACCRUAL,5,50,2026-08-29T00:00:00+08:00
780fa2aa-2444-4361-8358-27d2e3cbf9d9,M-1111,SESS-20260828-5941-0172,RENTAL_ACCRUAL,12,482,2026-08-28T17:00:00+08:00
a5dfc311-d115-4156-a422-9cf7e4368cb8,M-1655,SESS-20260828-1442-0173,RENTAL_REDEMPTION,-100,176,2026-08-28T18:30:00+08:00
4af46bd1-0eb1-42fe-8856-efc62db44b3d,M-1655,SESS-20260828-1442-0173,RENTAL_ACCRUAL,5,181,2026-08-28T20:30:00+08:00
b8334adf-f291-4d60-a8e5-22e4d2f43163,M-1680,SESS-20260828-5981-0174,RENTAL_REDEMPTION,-200,292,2026-08-28T02:15:00+08:00
0c875e2b-ed1f-4cff-ac6c-a6e052d520c2,M-1680,SESS-20260828-5981-0174,RENTAL_ACCRUAL,3,295,2026-08-28T05:15:00+08:00
755068d9-bb89-4a97-b919-8e2c36db6603,M-1403,SESS-20260828-2821-0175,RENTAL_ACCRUAL,18,2879,2026-08-29T02:30:00+08:00
289e5792-7ca1-4ef2-81f6-df0fa63b6eb8,M-2120,SESS-20260828-5648-0176,RENTAL_ACCRUAL,5,549,2026-08-28T16:30:00+08:00
c8ff414a-7f20-4c68-ae56-f09a9d8c2ad0,M-1981,SESS-20260828-3241-0177,RENTAL_ACCRUAL,9,77,2026-08-28T11:30:00+08:00
fd94914b-0628-4e44-a3e9-df1465845e2b,M-2097,SESS-20260828-2640-0178,RENTAL_ACCRUAL,24,178,2026-08-28T15:30:00+08:00
0284b4d9-0c46-42fb-b84e-b1188880a1c3,M-1957,SESS-20260828-4697-0179,RENTAL_ACCRUAL,45,266,2026-08-29T02:55:00+08:00
66a31766-2cfe-41c7-8253-acfb8fe754de,M-2083,SESS-20260828-7447-0180,RENTAL_ACCRUAL,40,197,2026-08-28T22:00:00+08:00
57d51cfb-25ca-4948-895c-263b289e4970,M-1608,SESS-20260828-9819-0181,RENTAL_ACCRUAL,27,369,2026-08-28T18:45:00+08:00
7b7296e2-8323-4119-939b-9abc9c01bb58,M-1248,SESS-20260828-1336-0182,RENTAL_ACCRUAL,5,86,2026-08-28T23:45:00+08:00
b0838dbd-a273-498c-bee1-ea9900eea8be,M-1502,SESS-20260828-2968-0183,RENTAL_ACCRUAL,11,68,2026-08-29T01:25:00+08:00
091590eb-80cb-46a5-9021-c9cddb4e794b,M-1711,SESS-20260828-9225-0184,RENTAL_ACCRUAL,11,482,2026-08-28T21:15:00+08:00
8232252b-55e2-4796-951d-e30df8a312b1,M-1725,SESS-20260828-7479-0185,RENTAL_ACCRUAL,12,231,2026-08-29T01:10:00+08:00
3e399eb2-cc0f-4a6b-a043-ef198846d8cf,M-1360,SESS-20260828-6314-0186,RENTAL_ACCRUAL,27,228,2026-08-28T16:30:00+08:00
6d27eceb-a930-4c72-9d99-a43b3c4769c3,M-1825,SESS-20260828-8383-0187,RENTAL_ACCRUAL,45,373,2026-08-28T22:30:00+08:00
09ff0c69-6bcf-4f8d-9f9c-e26079c9be41,M-1913,SESS-20260828-3843-0188,RENTAL_ACCRUAL,16,147,2026-08-28T21:45:00+08:00
eafe1451-7c23-44ad-acf2-5e8dc498abf3,M-1774,SESS-20260828-5714-0189,RENTAL_ACCRUAL,16,357,2026-08-28T23:40:00+08:00
f4b85dc1-0027-4290-a5df-a871d6bf694d,M-1776,SESS-20260828-9306-0190,RENTAL_ACCRUAL,28,92,2026-08-28T22:45:00+08:00
83da7fbd-61d7-4c82-9eff-80e88f998f41,M-1035,SESS-20260828-5103-0191,RENTAL_ACCRUAL,72,362,2026-08-29T01:30:00+08:00
2410bb2a-7ca6-4606-85ee-f6869bb0c745,M-1173,SESS-20260828-9465-0192,RENTAL_ACCRUAL,9,186,2026-08-28T22:45:00+08:00
c4396ba1-7eab-47da-9e7f-0b9a425185fa,M-1650,SESS-20260828-8243-0193,RENTAL_ACCRUAL,11,149,2026-08-28T17:30:00+08:00
21ee1b77-8371-4e41-b973-964073120677,M-1365,SESS-20260828-6373-0194,RENTAL_ACCRUAL,45,307,2026-08-28T20:45:00+08:00
71997d90-dda3-434e-8793-4d0cfc865524,M-1325,SESS-20260828-4642-0195,RENTAL_ACCRUAL,27,202,2026-08-29T01:30:00+08:00
7a5d4415-203a-4bd8-b21d-df71abb88695,M-2105,SESS-20260828-1389-0196,RENTAL_REDEMPTION,-100,189,2026-08-28T22:45:00+08:00
66a3390d-b14a-4d7f-8592-9944afdd502a,M-2105,SESS-20260828-1389-0196,RENTAL_ACCRUAL,5,194,2026-08-29T00:45:00+08:00
3ca8f868-eecb-4910-bd97-7e4e87671d5d,M-2046,SESS-20260828-2590-0197,RENTAL_REDEMPTION,-100,13,2026-08-28T20:30:00+08:00
8634dec3-7950-4081-9bdc-0e680ef58317,M-2046,SESS-20260828-2590-0197,RENTAL_ACCRUAL,20,33,2026-08-29T01:30:00+08:00
d7e14f52-3cab-43c4-b1dd-3dd0eb067d47,M-1375,SESS-20260828-2473-0198,RENTAL_ACCRUAL,45,209,2026-08-29T03:00:00+08:00
ce1f6278-2882-4bd1-b184-3103e900bfd4,M-1414,SESS-20260828-6280-0199,RENTAL_REDEMPTION,-100,398,2026-08-28T22:30:00+08:00
b5f7e59f-5ded-4589-8d3f-f679b15a63c7,M-1414,SESS-20260828-6280-0199,RENTAL_ACCRUAL,10,408,2026-08-29T01:30:00+08:00
48c2e186-6de3-4cb8-a53b-bb4660341fba,M-2043,SESS-20260828-9857-0200,RENTAL_ACCRUAL,15,44,2026-08-28T19:30:00+08:00
77753b1f-dd55-4bf0-b80c-0bbdde38f722,M-1933,SESS-20260828-8422-0201,RENTAL_ACCRUAL,12,191,2026-08-28T23:30:00+08:00
6e90b22a-7600-4f76-bcf1-a1ccec7bd5ce,M-1762,SESS-20260828-4999-0202,RENTAL_ACCRUAL,28,209,2026-08-29T00:30:00+08:00
f757da5c-994a-4794-9d3f-b3c832f59e8b,M-2103,SESS-20260828-2269-0203,RENTAL_ACCRUAL,24,66,2026-08-28T18:45:00+08:00
04a741c1-dbb4-4223-a3d1-df0f85f906f1,M-1895,SESS-20260828-9082-0204,RENTAL_ACCRUAL,67,165,2026-08-28T22:00:00+08:00
dc6aace7-a0a3-4a78-af78-464e7bfead72,M-1221,SESS-20260828-5303-0205,RENTAL_ACCRUAL,19,543,2026-08-29T00:45:00+08:00
521070e2-0336-411b-8b7b-e71aae8ae5ec,M-1079,SESS-20260828-2057-0206,RENTAL_ACCRUAL,43,400,2026-08-28T21:00:00+08:00
660720f0-b660-4151-bbee-0f7b40770cae,M-1356,SESS-20260828-2033-0207,RENTAL_ACCRUAL,14,1047,2026-08-29T00:35:00+08:00
03629d3a-2ed9-4084-a246-12af42675284,M-1378,SESS-20260828-6230-0208,RENTAL_REDEMPTION,-100,217,2026-08-28T16:45:00+08:00
ffb17dca-d830-4745-b1e0-1c221c8705bb,M-1378,SESS-20260828-6230-0208,RENTAL_ACCRUAL,5,222,2026-08-28T18:45:00+08:00
5e93132f-2239-4905-836f-5106dde3b2f4,M-1513,SESS-20260828-9417-0209,RENTAL_REDEMPTION,-100,34,2026-08-28T19:55:00+08:00
7c4a9df3-4cdb-4902-aec1-094232093dd3,M-1513,SESS-20260828-9417-0209,RENTAL_ACCRUAL,11,45,2026-08-28T21:55:00+08:00
e551c3cf-70dd-4090-8ee4-534752094359,M-2115,SESS-20260828-9757-0210,RENTAL_ACCRUAL,5,213,2026-08-28T06:15:00+08:00
34cb7d52-3485-442d-b571-61f18a7b7285,M-2134,SESS-20260828-9958-0211,RENTAL_ACCRUAL,5,24,2026-08-28T15:30:00+08:00
bcb7c67e-1e29-4fb6-aaf4-992b2d7ce97a,M-1335,SESS-20260828-5845-0212,RENTAL_REDEMPTION,-200,135,2026-08-28T22:15:00+08:00
c10992e7-a3c2-4be3-a781-7164c3033b05,M-1335,SESS-20260828-5845-0212,RENTAL_ACCRUAL,5,140,2026-08-29T00:15:00+08:00
19eedd1a-344e-49d6-8671-ea494ccd50e5,M-1399,SESS-20260828-5485-0213,RENTAL_ACCRUAL,5,106,2026-08-28T22:50:00+08:00
d3fef552-5c3a-44ac-967a-e75f0f88e067,M-1598,SESS-20260828-8862-0214,RENTAL_ACCRUAL,18,313,2026-08-29T00:30:00+08:00
e54b3d6a-ad1a-4ff8-a9dd-d69c2ef9091a,M-1005,SESS-20260828-5335-0215,RENTAL_ACCRUAL,9,205,2026-08-28T23:55:00+08:00
369b8186-6970-464a-ab58-61638f8ed3bc,M-1239,SESS-20260828-5456-0216,RENTAL_ACCRUAL,18,100,2026-08-29T00:40:00+08:00
504a774a-7d1c-4baa-9b70-92abcac899ab,M-2179,SESS-20260828-3128-0217,RENTAL_ACCRUAL,15,326,2026-08-29T02:20:00+08:00
51c36ada-1fde-44c8-8a07-02d6650457d7,M-2179,TIER_UPGRADE_Standard_TO_Silver,TIER_BONUS,50,376,2026-08-29T02:20:00+08:00
721b093f-b107-472f-a1d6-e86f995aa865,M-1916,SESS-20260828-4767-0218,RENTAL_ACCRUAL,5,64,2026-08-28T14:00:00+08:00
05ae2bba-6eff-4446-ae3d-11a5e83b2eb7,M-1140,SESS-20260828-7858-0219,RENTAL_ACCRUAL,27,634,2026-08-28T23:05:00+08:00
135b1a4f-9cd6-4591-808a-f2de75db9128,M-1024,SESS-20260828-8008-0220,RENTAL_ACCRUAL,45,92,2026-08-29T01:45:00+08:00
c81cf04a-6b2b-40ed-a021-45e158f8299e,M-1311,SESS-20260828-3252-0221,RENTAL_REDEMPTION,-100,267,2026-08-28T21:15:00+08:00
1ac3648d-776f-43e7-adc2-dc408e383269,M-1311,SESS-20260828-3252-0221,RENTAL_ACCRUAL,5,272,2026-08-28T23:15:00+08:00
39dd125d-8bcb-4370-a0ab-854238c98e9b,M-1425,SESS-20260828-7652-0222,RENTAL_REDEMPTION,-100,67,2026-08-28T23:00:00+08:00
8dd96b14-e531-4e8c-ba82-59b9da504404,M-1425,SESS-20260828-7652-0222,RENTAL_ACCRUAL,65,132,2026-08-29T07:00:00+08:00
266e08bd-30fb-49a8-b556-16ae77244183,M-1563,SESS-20260828-6356-0223,RENTAL_REDEMPTION,-200,180,2026-08-28T23:55:00+08:00
a27dca06-a378-4406-9466-bda6bb0665a8,M-1563,SESS-20260828-6356-0223,RENTAL_ACCRUAL,4,184,2026-08-29T02:55:00+08:00
a08a7b86-8cc9-45d0-beba-7944ed9fa810,M-1936,SESS-20260828-5426-0224,RENTAL_ACCRUAL,5,437,2026-08-28T23:15:00+08:00
4752adc6-a4ea-4f48-bba7-7ed59ef20c0b,M-1093,SESS-20260828-2383-0225,RENTAL_ACCRUAL,18,114,2026-08-29T00:20:00+08:00
915db115-696b-4a0d-aae8-45d464b3627c,M-1553,SESS-20260828-8498-0226,RENTAL_ACCRUAL,5,495,2026-08-28T21:00:00+08:00
31ea4ecc-5408-4300-a12c-170f32f51538,M-1529,SESS-20260828-4658-0227,RENTAL_REDEMPTION,-100,48,2026-08-28T20:30:00+08:00
1aa79286-9273-48f5-9bc6-188601fc39d5,M-1529,SESS-20260828-4658-0227,RENTAL_ACCRUAL,5,53,2026-08-28T22:30:00+08:00
c573d781-2c22-4a9b-a404-a4f481c8e0cd,M-1020,SESS-20260828-7623-0228,RENTAL_REDEMPTION,-200,177,2026-08-28T13:00:00+08:00
e4feddf8-9261-4fe8-b889-44b183900342,M-1020,SESS-20260828-7623-0228,RENTAL_ACCRUAL,15,192,2026-08-28T18:00:00+08:00
8c4fc1ee-8ca0-4d0b-9d50-c3c092337d9d,M-1440,SESS-20260828-1365-0229,RENTAL_ACCRUAL,5,292,2026-08-28T20:55:00+08:00
5719c2ee-7b61-4b42-ad3b-1777b79b3eb8,M-1901,SESS-20260828-9561-0230,RENTAL_ACCRUAL,10,105,2026-08-28T22:40:00+08:00
14db4bad-8750-454b-978e-ad0fb6af5d30,M-1227,SESS-20260828-2597-0231,RENTAL_ACCRUAL,72,578,2026-08-29T03:05:00+08:00
34046220-6bc2-4f34-b677-c483cbbc76b6,M-1793,SESS-20260828-1299-0232,RENTAL_ACCRUAL,6,1316,2026-08-28T23:45:00+08:00
24dd00b3-0926-4493-8804-5cede7132cf7,M-1137,SESS-20260828-4192-0233,RENTAL_ACCRUAL,12,202,2026-08-28T23:45:00+08:00
d80f2415-b210-4c09-bfc3-df33ef9d0945,M-2088,SESS-20260828-9976-0234,RENTAL_ACCRUAL,9,268,2026-08-28T14:30:00+08:00
95378546-977b-4942-b8d9-d49b1e9fa755,M-1479,SESS-20260828-4720-0235,RENTAL_ACCRUAL,6,2298,2026-08-28T20:50:00+08:00
23dc5187-28cc-4338-98cb-4c45aef21407,M-2159,SESS-20260828-9912-0236,RENTAL_REDEMPTION,-200,74,2026-08-28T22:00:00+08:00
ac4efb3c-be51-455f-b698-310353d6f4e0,M-2159,SESS-20260828-9912-0236,RENTAL_ACCRUAL,55,129,2026-08-29T03:00:00+08:00
d723f1bd-970b-49ba-9f06-fb0928d3d9b1,M-2197,SESS-20260828-2866-0237,RENTAL_REDEMPTION,-100,528,2026-08-28T21:40:00+08:00
37146b69-5fc3-445c-886a-6f7d1ba1c7b3,M-2197,SESS-20260828-2866-0237,RENTAL_ACCRUAL,5,533,2026-08-28T23:40:00+08:00
7f4048dc-8bdd-4253-9668-ebe559f38a5a,M-2077,SESS-20260828-4753-0238,RENTAL_ACCRUAL,9,337,2026-08-28T14:00:00+08:00
3add85b1-b0c3-4ee2-8c85-5b888a2abb39,M-2146,SESS-20260828-4744-0239,RENTAL_ACCRUAL,72,304,2026-08-29T02:20:00+08:00
49dbee00-ebae-4eb6-80bd-c01318cd2d99,M-1658,SESS-20260828-2005-0240,RENTAL_ACCRUAL,12,872,2026-08-29T01:05:00+08:00
62a6d780-0c40-4c4d-872b-5bb56d10f22a,M-1880,SESS-20260828-4278-0241,RENTAL_REDEMPTION,-100,13,2026-08-28T22:45:00+08:00
0606e96c-e860-4141-a18c-3ca772a42983,M-1880,SESS-20260828-4278-0241,RENTAL_ACCRUAL,10,23,2026-08-29T01:45:00+08:00
ff7a98f0-ca31-48fe-9d07-60852cea5ecd,M-1862,SESS-20260828-2439-0242,RENTAL_ACCRUAL,11,85,2026-08-29T01:45:00+08:00
9bfbc6b6-49c4-41cd-981b-a5f588bc4864,M-1782,SESS-20260828-7867-0243,RENTAL_ACCRUAL,12,599,2026-08-28T15:00:00+08:00
1ae7acb6-ed6f-4c99-a257-1ab1877e5b3e,M-1548,SESS-20260828-7780-0244,RENTAL_ACCRUAL,30,498,2026-08-29T04:30:00+08:00
2dbdc364-8b63-4a0b-afb6-efeca773fc40,M-1148,SESS-20260828-2265-0245,RENTAL_ACCRUAL,11,155,2026-08-28T17:45:00+08:00
6a68a066-56e2-47b1-8cce-ba84f62a5e14,M-2136,SESS-20260828-3433-0246,RENTAL_ACCRUAL,15,208,2026-08-29T02:00:00+08:00
68a95b96-37eb-4b91-8461-f97c0f0063b6,M-1970,SESS-20260828-2235-0247,RENTAL_ACCRUAL,5,345,2026-08-29T00:10:00+08:00
70f0fa59-3f11-4205-aedc-d296978cd785,M-1465,SESS-20260828-8728-0248,RENTAL_ACCRUAL,18,867,2026-08-29T01:35:00+08:00
59d8955a-cc6d-4f15-a5ad-d6db4a3057ba,M-1517,SESS-20260828-9687-0249,RENTAL_ACCRUAL,5,86,2026-08-29T00:55:00+08:00
13ddb16c-42a6-44aa-ac47-1a150bf206d8,M-1920,SESS-20260828-7332-0250,RENTAL_ACCRUAL,36,116,2026-08-29T01:30:00+08:00
7b5db0ea-6248-435f-9bb4-f910558c2bfd,M-1944,SESS-20260828-7208-0251,RENTAL_ACCRUAL,16,38,2026-08-29T01:45:00+08:00
8e4537ba-f5c8-4732-9992-b1bdeb3063ed,M-1780,SESS-20260828-1348-0252,RENTAL_ACCRUAL,18,393,2026-08-29T00:20:00+08:00
735b1290-a92b-4385-a57f-9bec24ea2cbe,M-1319,SESS-20260828-6612-0253,RENTAL_ACCRUAL,18,94,2026-08-28T23:15:00+08:00
f53ee6eb-8266-441f-ac4f-a1f514cf83b4,M-1226,SESS-20260828-5974-0254,RENTAL_ACCRUAL,19,1419,2026-08-28T21:00:00+08:00
f8aeac7a-12c2-4bf8-a366-c29c9899adbf,M-1373,SESS-20260828-6417-0255,RENTAL_ACCRUAL,27,288,2026-08-28T11:15:00+08:00
3f7fe1a7-3026-40d2-ba6a-0d0d4b7dc744,M-1703,SESS-20260828-7983-0256,RENTAL_ACCRUAL,5,268,2026-08-29T00:00:00+08:00
e10ef214-d179-411f-adfc-64e5a2db32b7,M-1305,SESS-20260828-3615-0257,RENTAL_ACCRUAL,11,641,2026-08-29T00:45:00+08:00
df891f1b-63e9-4261-aa45-ebe618a86f50,M-1488,SESS-20260828-2131-0258,RENTAL_ACCRUAL,28,827,2026-08-29T04:55:00+08:00
0d09a4f9-93c5-4917-b863-551b3a398bd0,M-1488,TIER_UPGRADE_Silver_TO_Gold,TIER_BONUS,100,927,2026-08-29T04:55:00+08:00
c2be3f2d-700d-47a5-a2e5-e0d64a058307,M-1522,SESS-20260828-1870-0259,RENTAL_ACCRUAL,11,189,2026-08-28T17:05:00+08:00
db8eec7f-e99a-4441-98a1-1c73a69a918b,M-1367,SESS-20260828-2724-0260,RENTAL_REDEMPTION,-100,513,2026-08-28T15:55:00+08:00
2f74c087-f29b-445f-881f-21373cd17686,M-1367,SESS-20260828-2724-0260,RENTAL_ACCRUAL,5,518,2026-08-28T17:55:00+08:00
3433931d-e0f7-4da2-b7d6-910c9fc2d158,M-1963,SESS-20260828-2772-0261,RENTAL_ACCRUAL,72,271,2026-08-29T05:00:00+08:00
a92b0e23-bf7d-4b5d-a20f-8a1198b1a8d1,M-1213,SESS-20260828-6946-0262,RENTAL_REDEMPTION,-300,65,2026-08-28T23:00:00+08:00
e06f1fe8-06e7-412c-bc91-80b42aaaa7e9,M-1213,SESS-20260828-6946-0262,RENTAL_ACCRUAL,9,74,2026-08-29T04:00:00+08:00
df455855-72b3-44f9-bd23-fc0a164af195,M-1231,SESS-20260828-5673-0263,RENTAL_ACCRUAL,11,423,2026-08-28T23:05:00+08:00
e8e40ba0-6e73-4ad1-8219-aa95b51fdcad,M-1030,SESS-20260828-1209-0264,RENTAL_ACCRUAL,16,198,2026-08-29T01:15:00+08:00
43c1cb85-5e2d-4a18-92f2-576c78934e16,M-1712,SESS-20260828-3786-0265,RENTAL_REDEMPTION,-100,95,2026-08-28T18:10:00+08:00
844a90bb-3551-4262-bfb0-f6868774bb11,M-1712,SESS-20260828-3786-0265,RENTAL_ACCRUAL,10,105,2026-08-28T21:10:00+08:00
ceaff833-4c94-420d-a1b2-d9522e829574,M-1202,SESS-20260828-8818-0266,RENTAL_ACCRUAL,6,1964,2026-08-28T20:15:00+08:00
f4058a6f-3b2d-41b2-a81f-59c302be0a47,M-1130,SESS-20260828-9704-0267,RENTAL_ACCRUAL,9,461,2026-08-28T22:05:00+08:00
23384499-7f57-41c5-9568-e67e713ee63d,M-1843,SESS-20260828-9282-0268,RENTAL_ACCRUAL,11,198,2026-08-28T23:20:00+08:00
970e71c7-80ec-49b1-aaea-c6d0fbf21a7e,M-1997,SESS-20260828-2004-0269,RENTAL_ACCRUAL,27,377,2026-08-28T19:45:00+08:00
f7e8315f-1225-4cb8-b641-986739c514b2,M-1489,SESS-20260828-9043-0270,RENTAL_ACCRUAL,13,709,2026-08-29T00:45:00+08:00
42f55097-ee4a-43c9-b9b2-ca2ff361e602,M-1772,SESS-20260828-7952-0271,RENTAL_ACCRUAL,5,205,2026-08-29T00:30:00+08:00
acefa05e-4f71-4d26-a89a-c9992e46a52e,M-2184,SESS-20260828-4239-0272,RENTAL_ACCRUAL,11,84,2026-08-28T23:05:00+08:00
58c49ae6-c872-40c2-beb5-6c5632366db6,M-1639,SESS-20260828-3124-0273,RENTAL_ACCRUAL,18,612,2026-08-28T21:25:00+08:00
baae4841-67e3-4ce3-8cc9-15c62e3ff2d9,M-1043,SESS-20260828-1192-0274,RENTAL_ACCRUAL,28,760,2026-08-29T02:00:00+08:00
189c2ac3-9a6c-4679-9865-46ffe1cf85c8,M-1243,SESS-20260828-1128-0275,RENTAL_REDEMPTION,-100,208,2026-08-28T23:20:00+08:00
60318891-2261-45fc-9020-ce43a0641405,M-1243,SESS-20260828-1128-0275,RENTAL_ACCRUAL,11,219,2026-08-29T01:20:00+08:00
7abca2ea-5565-418e-a4af-7fcf3de29e77,M-2042,SESS-20260828-7088-0276,RENTAL_ACCRUAL,15,286,2026-08-28T17:05:00+08:00
1b5a838a-5dd3-4014-b425-3be06c044884,M-1905,SESS-20260828-9986-0277,RENTAL_ACCRUAL,16,551,2026-08-28T16:30:00+08:00
02050bc8-4ad0-486f-9f78-73c96e7a6ee3,M-1066,SESS-20260828-8878-0278,RENTAL_REDEMPTION,-100,368,2026-08-28T20:30:00+08:00
713a9df8-9b9d-416e-b147-a3d0a10974ee,M-1066,SESS-20260828-8878-0278,RENTAL_ACCRUAL,5,373,2026-08-28T22:30:00+08:00
69a2ad59-f935-43f1-bfe1-271ae6d07a9c,M-1669,SESS-20260828-6033-0279,RENTAL_ACCRUAL,5,360,2026-08-28T19:00:00+08:00
aae25e81-9bdc-470e-8787-d592493e9d3c,M-1787,SESS-20260828-7093-0280,RENTAL_ACCRUAL,5,477,2026-08-29T00:20:00+08:00
df9b7b6a-c7e8-47e2-96af-ce040a012e9a,M-1445,SESS-20260828-6920-0281,RENTAL_ACCRUAL,11,323,2026-08-28T20:35:00+08:00
57934d5c-5e48-4b44-84d3-37ceb9693489,M-1119,SESS-20260828-4666-0282,RENTAL_ACCRUAL,27,360,2026-08-29T01:50:00+08:00
67193be8-8198-4ec4-9e7d-8445924dd97f,M-1179,SESS-20260828-1309-0283,RENTAL_ACCRUAL,72,143,2026-08-29T06:10:00+08:00
86511347-cdd2-4735-bd55-9d67776da482,M-1432,SESS-20260828-1151-0284,RENTAL_ACCRUAL,18,3585,2026-08-28T22:45:00+08:00
299b8aba-086d-4936-ab78-3b81ce0fc76a,M-1560,SESS-20260828-9136-0285,RENTAL_ACCRUAL,27,313,2026-08-28T11:00:00+08:00
f8d3cded-b2af-4f5e-b30f-dbacd41a242d,M-1769,SESS-20260828-6479-0286,RENTAL_REDEMPTION,-200,194,2026-08-28T22:15:00+08:00
e09e70c2-99e1-4aa5-8d54-8c64ddf4d5c3,M-1769,SESS-20260828-6479-0286,RENTAL_ACCRUAL,5,199,2026-08-29T00:15:00+08:00
368b851d-c860-4995-837e-7ade70d9db88,M-1664,SESS-20260828-5204-0287,RENTAL_ACCRUAL,6,2567,2026-08-28T22:20:00+08:00
23c7d53f-06ee-453e-a4d5-66a4ac4fd50d,M-1737,SESS-20260828-9608-0288,RENTAL_ACCRUAL,40,431,2026-08-28T20:00:00+08:00
cf5f137d-454e-4550-918a-7833f7647d19,M-2165,SESS-20260828-3331-0289,RENTAL_ACCRUAL,16,87,2026-08-28T16:45:00+08:00
4f6829fb-18d1-477f-b83d-4452875960c4,M-1274,SESS-20260828-4672-0290,RENTAL_ACCRUAL,18,755,2026-08-28T21:45:00+08:00
d4974bac-eaa4-4275-a985-c1ec4005bfb6,M-1147,SESS-20260828-5270-0291,RENTAL_ACCRUAL,45,224,2026-08-29T06:35:00+08:00
8a3121c4-9a9f-48bc-a706-9ba55cc67cfd,M-1625,SESS-20260828-4804-0292,RENTAL_ACCRUAL,19,2948,2026-08-28T21:15:00+08:00
e4acb42b-7658-431f-8dac-03140a84f741,M-1661,SESS-20260828-9549-0293,RENTAL_ACCRUAL,12,2906,2026-08-29T00:00:00+08:00
37952a02-7da0-4c8c-ba87-f14479648f9d,M-1955,SESS-20260828-8248-0294,RENTAL_ACCRUAL,25,133,2026-08-28T21:20:00+08:00
f3d33b94-06b2-44f2-a7e7-fdd20fdab7ef,M-2035,SESS-20260828-9741-0295,RENTAL_REDEMPTION,-200,142,2026-08-28T23:35:00+08:00
e1c58342-534a-4262-be32-e56c3e161402,M-2035,SESS-20260828-9741-0295,RENTAL_ACCRUAL,4,146,2026-08-29T02:35:00+08:00
a176f50d-d94e-4cb5-8cf5-5cc86829db34,M-1349,SESS-20260828-6013-0296,RENTAL_ACCRUAL,28,838,2026-08-28T16:45:00+08:00
8ee4278d-e528-4132-882a-8d6d937f24c6,M-1575,SESS-20260828-9547-0297,RENTAL_ACCRUAL,6,200,2026-08-28T19:10:00+08:00
0cc650fd-eb60-4b27-929c-4f1c726b70e1,M-1368,SESS-20260828-5036-0298,RENTAL_ACCRUAL,28,385,2026-08-29T00:45:00+08:00
8523cb45-b28d-486e-82b6-fe8e9b193d5d,M-2003,SESS-20260828-5118-0299,RENTAL_ACCRUAL,16,238,2026-08-29T01:30:00+08:00
aefea1f4-eed5-4e1f-b30b-16971f110b5c,M-1757,SESS-20260828-4922-0300,RENTAL_ACCRUAL,13,112,2026-08-28T22:00:00+08:00
ae0267a3-a8cf-4e6b-984d-7bdaa2e0a3c3,M-1649,SESS-20260828-3873-0301,RENTAL_ACCRUAL,27,586,2026-08-28T17:30:00+08:00
913ce0cd-6475-4385-a065-57ff03874cce,M-1988,SESS-20260828-8766-0302,RENTAL_ACCRUAL,18,241,2026-08-28T23:45:00+08:00
7cdf1f3d-9cbc-4117-9e60-4be227e46738,M-1350,SESS-20260828-2538-0303,RENTAL_ACCRUAL,18,668,2026-08-29T02:45:00+08:00
bcc5e311-cc60-459e-9579-327fce932b48,M-1870,SESS-20260828-9891-0304,RENTAL_ACCRUAL,18,324,2026-08-28T05:15:00+08:00
f7d87aea-58ad-4ea0-8485-f1dc1e62f002,M-1795,SESS-20260828-7738-0305,RENTAL_ACCRUAL,16,46,2026-08-28T21:15:00+08:00
9bcf406d-23a7-42a0-a387-0685c74a20b2,M-1630,SESS-20260828-8930-0306,RENTAL_ACCRUAL,30,704,2026-08-29T03:50:00+08:00
a1bf796d-d4e3-4bda-a0cc-47fa82389cc3,M-1645,SESS-20260828-6827-0307,RENTAL_ACCRUAL,11,776,2026-08-28T23:00:00+08:00
0c97d3dc-e877-4b09-8d85-e2d89d03a212,M-1492,SESS-20260828-5406-0308,RENTAL_ACCRUAL,28,294,2026-08-29T02:30:00+08:00
7ea6a63a-1870-42e8-bcdf-d4472c5daaa7,M-1277,SESS-20260828-5395-0309,RENTAL_ACCRUAL,12,2258,2026-08-29T00:35:00+08:00
8578196f-456c-47f6-972d-447a4718e622,M-1496,SESS-20260828-1472-0310,RENTAL_ACCRUAL,11,621,2026-08-29T00:45:00+08:00
869c115c-a82a-464b-a5eb-e41aac558ba1,M-1990,SESS-20260828-9532-0311,RENTAL_ACCRUAL,25,87,2026-08-29T00:35:00+08:00
026b56b0-771f-4430-bda0-bca7ade84458,M-2022,SESS-20260828-9354-0312,RENTAL_ACCRUAL,96,283,2026-08-29T06:40:00+08:00
ca093e53-e450-4008-bdf1-f72df0b0df12,M-2022,TIER_UPGRADE_Standard_TO_Silver,TIER_BONUS,50,333,2026-08-29T06:40:00+08:00
b27ea021-c5af-45f5-96a3-2def71561095,M-1280,SESS-20260828-1760-0313,RENTAL_ACCRUAL,12,427,2026-08-29T01:30:00+08:00
fdfcad17-8a95-419e-86b2-b77f4c30b747,M-2090,SESS-20260828-4793-0314,RENTAL_ACCRUAL,24,113,2026-08-29T01:10:00+08:00
4f5b7cf6-da5a-4638-814c-73438240a084,M-2185,SESS-20260828-5331-0315,RENTAL_ACCRUAL,25,171,2026-08-29T03:15:00+08:00
2d61082e-c78a-493f-ba10-af16a2af63fc,M-1932,SESS-20260828-9648-0316,RENTAL_ACCRUAL,11,217,2026-08-28T23:30:00+08:00
797ab040-d82a-43a3-8916-fcd095818b8e,M-2187,SESS-20260828-9247-0317,RENTAL_ACCRUAL,18,265,2026-08-28T22:30:00+08:00
d7c92a68-11fc-4041-b882-7917422a838d,M-2004,SESS-20260828-7196-0318,RENTAL_REDEMPTION,-100,33,2026-08-28T23:25:00+08:00
4bfd841f-5f05-47a1-b9bf-cee3fbe1c729,M-2004,SESS-20260828-7196-0318,RENTAL_ACCRUAL,5,38,2026-08-29T01:25:00+08:00
6c29d3ba-7193-4f8a-af07-00fb264e6d7b,M-1205,SESS-20260828-2602-0319,RENTAL_ACCRUAL,18,1137,2026-08-29T02:40:00+08:00
6b6a7e5e-6bef-433c-a75d-7191b0e18c92,M-1830,SESS-20260828-3164-0320,RENTAL_ACCRUAL,6,258,2026-08-29T00:35:00+08:00
cb07c99d-8b0d-4dc7-b6ff-0198df38dd8b,M-1588,SESS-20260828-4972-0321,RENTAL_REDEMPTION,-100,1628,2026-08-28T20:00:00+08:00
5642f1dc-24be-4fad-a1e0-71e2ce548bb2,M-1588,SESS-20260828-4972-0321,RENTAL_ACCRUAL,4,1632,2026-08-28T22:00:00+08:00
ae310bbf-f8cc-42ca-9176-4ebc0f889eca,M-1592,SESS-20260828-9340-0322,RENTAL_ACCRUAL,18,550,2026-08-29T01:45:00+08:00
0cfb0ae7-ffe4-497e-a6c9-d8230d0bc14b,M-1342,SESS-20260828-6269-0323,RENTAL_ACCRUAL,18,158,2026-08-28T20:30:00+08:00
584d0aaf-af3e-49bb-a943-80d37bd230b9,M-1510,SESS-20260828-9647-0324,RENTAL_ACCRUAL,12,514,2026-08-29T00:50:00+08:00
5fc94225-df84-42bb-9972-9dfff0f1f8b4,M-1286,SESS-20260828-6204-0325,RENTAL_ACCRUAL,16,259,2026-08-29T01:30:00+08:00
afd2020e-04f0-4b6f-9a0c-68951e90d111,M-1175,SESS-20260828-3960-0326,RENTAL_REDEMPTION,-200,29,2026-08-28T18:15:00+08:00
d1ad71f2-a885-474f-9a4f-953ce7f97697,M-1175,SESS-20260828-3960-0326,RENTAL_ACCRUAL,4,33,2026-08-28T20:15:00+08:00
8abad1b0-6ee0-412e-9866-39edc7f9cb17,M-1631,SESS-20260828-1796-0327,RENTAL_ACCRUAL,16,420,2026-08-29T00:15:00+08:00
d9442ae8-2f28-4fca-9231-c79ed80db5ca,M-1369,SESS-20260828-6425-0328,RENTAL_ACCRUAL,11,620,2026-08-28T16:05:00+08:00
770749ea-e175-49fd-bef4-c1eb6d803196,M-1638,SESS-20260828-4312-0329,RENTAL_ACCRUAL,16,448,2026-08-29T02:20:00+08:00
6e03e85b-be23-4a58-8022-a8ff6d23d343,M-1775,SESS-20260828-6946-0330,RENTAL_ACCRUAL,30,1422,2026-08-29T04:55:00+08:00
a7033e80-7186-4392-896c-6830c99c7ef1,M-1956,SESS-20260828-1333-0331,RENTAL_ACCRUAL,13,177,2026-08-28T22:00:00+08:00
fcb0e758-3039-4ff4-b327-e052aa28db5c,M-1247,SESS-20260828-2108-0332,RENTAL_ACCRUAL,43,2601,2026-08-29T00:15:00+08:00
2c3e81a3-42a2-4fd9-be0b-e1d6f789204b,M-2039,SESS-20260828-6523-0333,RENTAL_ACCRUAL,16,162,2026-08-28T21:55:00+08:00
549eb78f-e95c-4636-a603-46847dfdbb3f,M-1923,SESS-20260828-1689-0334,RENTAL_ACCRUAL,15,189,2026-08-28T22:10:00+08:00
16433e8c-5d92-4d8f-b85e-bc99e715dbbd,M-1108,SESS-20260828-4759-0335,RENTAL_ACCRUAL,76,447,2026-08-29T02:55:00+08:00
1014bdd3-d7c7-487c-96a6-09a7060ef53a,M-1415,SESS-20260828-3813-0336,RENTAL_ACCRUAL,18,419,2026-08-29T00:30:00+08:00
f5f65055-fe36-4a4e-a3e1-14b971fa1cac,M-1359,SESS-20260828-1311-0337,RENTAL_ACCRUAL,12,731,2026-08-29T00:15:00+08:00
3fc049cd-1a9e-43a9-a112-2974a4ff1b18,M-1278,SESS-20260828-6149-0338,RENTAL_ACCRUAL,12,138,2026-08-29T00:15:00+08:00
4fb9a896-08ee-4671-ae82-34bceae522e3,M-1040,SESS-20260828-2735-0339,RENTAL_ACCRUAL,14,778,2026-08-28T23:10:00+08:00
77d72ce1-8c9c-4558-9a43-8ed0176808c9,M-1265,SESS-20260828-9169-0340,RENTAL_ACCRUAL,72,398,2026-08-28T23:55:00+08:00
08ed410e-4578-4c76-b9c2-7b2c2d49aa37,M-1404,SESS-20260828-8870-0341,RENTAL_REDEMPTION,-200,153,2026-08-28T21:15:00+08:00
bd9ed457-8e8d-479e-98b4-5a6b258b7594,M-1404,SESS-20260828-8870-0341,RENTAL_ACCRUAL,5,158,2026-08-28T23:15:00+08:00
d36df05c-2080-40a6-9665-89198a75f87f,M-1854,SESS-20260828-4843-0342,RENTAL_ACCRUAL,16,266,2026-08-28T17:45:00+08:00
ab117ea2-4a93-4de4-93a9-c7ca4ce22bc2,M-2014,SESS-20260828-9502-0343,RENTAL_ACCRUAL,11,213,2026-08-28T23:30:00+08:00
67c6769a-7657-432d-b284-f3dd23a1b8c6,M-1856,SESS-20260828-9147-0344,RENTAL_ACCRUAL,16,78,2026-08-28T14:00:00+08:00
5d4c72db-e39a-409e-8955-aabd33a9c502,M-1940,SESS-20260828-6843-0345,RENTAL_ACCRUAL,11,270,2026-08-28T19:50:00+08:00
d2431890-1ef8-4349-9bea-f08d6b03b791,M-1700,SESS-20260828-9127-0346,RENTAL_ACCRUAL,28,617,2026-08-29T03:45:00+08:00
19a5ed99-ebc3-4aec-a7cb-50ebe375d930,M-1708,SESS-20260828-2069-0347,RENTAL_REDEMPTION,-300,11,2026-08-28T22:45:00+08:00
6539d337-f1de-4f0a-b0f5-910f9dff1816,M-1708,SESS-20260828-2069-0347,RENTAL_ACCRUAL,6,17,2026-08-29T01:45:00+08:00
951ed1bf-8624-4069-af54-ff0e64eebb28,M-2025,SESS-20260828-6431-0348,RENTAL_ACCRUAL,45,467,2026-08-29T04:30:00+08:00
621c8402-7ea5-4990-a334-6e5f2c718271,M-1217,SESS-20260828-5912-0349,RENTAL_ACCRUAL,18,217,2026-08-28T23:30:00+08:00
a4c6d94e-6db1-4908-929c-30505d1600a6,M-1217,TIER_UPGRADE_Silver_TO_Gold,TIER_BONUS,100,317,2026-08-28T23:30:00+08:00
a7cf60c3-a0ce-4636-8a4d-68d974de7bab,M-1687,SESS-20260828-1604-0350,RENTAL_ACCRUAL,45,525,2026-08-29T04:35:00+08:00
892fc418-c947-41c9-8b52-90d247fc68ec,M-1372,SESS-20260828-9554-0351,RENTAL_ACCRUAL,27,115,2026-08-28T22:15:00+08:00
f941273f-3fbe-4470-8940-aec58fedcbf9,M-1439,SESS-20260828-9686-0352,RENTAL_ACCRUAL,12,255,2026-08-29T01:45:00+08:00
1ac9000e-bb86-466f-83e3-1c7b891e9eb9,M-1686,SESS-20260828-2265-0353,RENTAL_ACCRUAL,27,170,2026-08-28T22:45:00+08:00
d6c6b14d-35d0-4d18-a635-92c675d36bf0,M-1919,SESS-20260828-2785-0354,RENTAL_ACCRUAL,40,104,2026-08-28T23:15:00+08:00
99c11a2e-e0c8-4c44-b5ee-1c39d98b42e2,M-1302,SESS-20260828-2456-0355,RENTAL_ACCRUAL,27,357,2026-08-29T01:00:00+08:00
8b66e9ab-65dc-4081-9c67-2ead7b3d9b10,M-2036,SESS-20260828-1354-0356,RENTAL_REDEMPTION,-100,45,2026-08-28T19:55:00+08:00
52cfe586-ce0a-45d5-a141-128fbc45b463,M-2036,SESS-20260828-1354-0356,RENTAL_ACCRUAL,61,106,2026-08-29T00:55:00+08:00
43586b0b-0a21-4792-8f18-fb6bcbc0c470,M-1391,SESS-20260828-8055-0357,RENTAL_REDEMPTION,-100,155,2026-08-28T22:35:00+08:00
fdeb6bc0-9f2b-4020-a1d1-c0a701d32262,M-1391,SESS-20260828-8055-0357,RENTAL_ACCRUAL,20,175,2026-08-29T01:35:00+08:00
246da9ef-8754-406c-b738-2a5de902fe13,M-1317,SESS-20260828-8001-0358,RENTAL_ACCRUAL,18,195,2026-08-28T23:40:00+08:00
1320ab00-8a88-47b3-926c-87ce7b27406b,M-2064,SESS-20260828-3250-0359,RENTAL_ACCRUAL,45,239,2026-08-29T01:35:00+08:00
5e8eb3fb-8eb1-422d-9fbe-f608b484ef77,M-1798,SESS-20260828-4867-0360,RENTAL_ACCRUAL,11,389,2026-08-29T01:00:00+08:00
9ae2442c-f2f9-49fe-bc6b-d054805a6fe6,M-1643,SESS-20260828-9336-0361,RENTAL_REDEMPTION,-100,274,2026-08-28T18:15:00+08:00
1b797bf2-d56b-435b-9a5d-ef6126383621,M-1643,SESS-20260828-9336-0361,RENTAL_ACCRUAL,5,279,2026-08-28T20:15:00+08:00
264599a5-5247-46a5-842c-be28efd9a8ec,M-1851,SESS-20260828-5893-0362,RENTAL_ACCRUAL,45,158,2026-08-29T03:30:00+08:00
53afe079-377c-4b1f-9bf1-c279c85324a8,M-1111,SESS-20260828-7607-0363,RENTAL_ACCRUAL,9,491,2026-08-28T21:25:00+08:00
f994d09f-04dc-4370-a0a5-547f011a21f4,M-1250,SESS-20260828-4920-0364,RENTAL_ACCRUAL,27,57,2026-08-29T01:05:00+08:00
1ee93ce5-53d1-4eed-835d-79441ef3fedc,M-1329,SESS-20260828-1107-0365,RENTAL_REDEMPTION,-200,82,2026-08-28T21:00:00+08:00
470d0908-e1ed-4bfd-95c0-6ac8c1920e12,M-1329,SESS-20260828-1107-0365,RENTAL_ACCRUAL,13,95,2026-08-28T23:00:00+08:00
6c0cd388-fe88-4970-8e87-6b516867b617,M-1349,SESS-20260828-6839-0366,RENTAL_ACCRUAL,18,856,2026-08-28T20:45:00+08:00
81ba50d0-40c6-412b-85b9-a3630f50fa89,M-2163,SESS-20260828-4126-0367,RENTAL_ACCRUAL,16,336,2026-08-28T23:25:00+08:00
97b45432-7fd6-4b00-aac0-16f37818004c,M-1447,SESS-20260828-9773-0368,RENTAL_ACCRUAL,28,200,2026-08-28T14:00:00+08:00
14edec92-596d-426e-9dee-bef49dfa3c8b,M-1306,SESS-20260828-9381-0369,RENTAL_REDEMPTION,-100,94,2026-08-28T18:00:00+08:00
fb855674-624f-4d17-a48f-5a446a08d28b,M-1306,SESS-20260828-9381-0369,RENTAL_ACCRUAL,10,104,2026-08-28T21:00:00+08:00
500f3780-2de0-42eb-b18d-e201201f3665,M-1648,SESS-20260828-8923-0370,RENTAL_ACCRUAL,18,421,2026-08-28T13:15:00+08:00
d7c4b028-b69e-4ced-a7db-d82c30b21b00,M-1732,SESS-20260828-2032-0371,RENTAL_ACCRUAL,28,479,2026-08-29T02:45:00+08:00
bcba7c53-4ce8-470b-8d9e-51d1fda06df8,M-1320,SESS-20260828-8269-0372,RENTAL_REDEMPTION,-100,1341,2026-08-28T23:15:00+08:00
ced59353-baa4-4bd1-9cb1-47ce707a43b6,M-1320,SESS-20260828-8269-0372,RENTAL_ACCRUAL,4,1345,2026-08-29T01:15:00+08:00
4e375934-20ef-4bc4-a8fa-609fed464a66,M-1454,SESS-20260828-9722-0373,RENTAL_REDEMPTION,-300,1391,2026-08-28T22:30:00+08:00
7e878f70-3c49-4cea-ac24-3e2447431f2a,M-1454,SESS-20260828-9722-0373,RENTAL_ACCRUAL,7,1398,2026-08-29T03:30:00+08:00
fa583d4d-5174-44d2-9f00-0d425f6a38ca,M-1825,SESS-20260828-6171-0374,RENTAL_ACCRUAL,27,400,2026-08-29T01:50:00+08:00
46c36c49-ba86-4545-8545-d311a52c957e,M-1167,SESS-20260828-7474-0375,RENTAL_ACCRUAL,14,459,2026-08-29T00:15:00+08:00
b8dc6d4c-0ce9-41e8-a4e1-b71649cedc9d,M-1260,SESS-20260828-2941-0376,RENTAL_ACCRUAL,14,261,2026-08-29T00:25:00+08:00
3f8dfd66-87c4-4c04-9e65-e4530e970b54,M-1176,SESS-20260828-4376-0377,RENTAL_ACCRUAL,30,316,2026-08-28T22:30:00+08:00
f521352d-69d4-41f5-85b7-03731873829f,M-1582,SESS-20260828-2950-0378,RENTAL_ACCRUAL,16,600,2026-08-28T21:50:00+08:00
6a044805-cf25-4962-bfc4-773a41d50da3,M-1411,SESS-20260828-4612-0379,RENTAL_ACCRUAL,76,789,2026-08-28T22:00:00+08:00
98e1d188-bab6-4b54-a08a-79a0d88b4a65,M-1490,SESS-20260828-2186-0380,RENTAL_ACCRUAL,18,282,2026-08-29T00:10:00+08:00
1ec7ee3a-9804-458e-90b4-c70506a4001f,M-1622,SESS-20260828-8124-0381,RENTAL_ACCRUAL,18,131,2026-08-28T15:00:00+08:00
1e0d8927-1a77-49cc-b914-18d33ec7b91f,M-1723,SESS-20260828-5115-0382,RENTAL_ACCRUAL,16,853,2026-08-29T01:00:00+08:00
0b95878e-4fdc-42c7-ac3c-bd5bd5bfad81,M-1622,SESS-20260828-5117-0383,RENTAL_REDEMPTION,-100,31,2026-08-28T22:05:00+08:00
c99885e5-54e3-42ef-9d8c-05310d30412b,M-1622,SESS-20260828-5117-0383,RENTAL_ACCRUAL,7,38,2026-08-28T23:05:00+08:00
50b595c6-141b-4aff-b682-438d1a5d3d14,M-1468,SESS-20260828-1170-0384,RENTAL_ACCRUAL,28,532,2026-08-29T00:25:00+08:00
81f529aa-e171-4561-a9b9-b0d6f5748d41,M-1285,SESS-20260828-9692-0385,RENTAL_ACCRUAL,18,457,2026-08-28T16:30:00+08:00
b632ddc1-c140-4213-946b-1f4825048933,M-1735,SESS-20260828-3413-0386,RENTAL_ACCRUAL,11,438,2026-08-29T01:15:00+08:00
5034f4a7-634d-47ec-aaee-893355cd7456,M-1635,SESS-20260828-9079-0387,RENTAL_ACCRUAL,9,313,2026-08-28T18:35:00+08:00
7922db38-20e6-4d7f-8723-7e7fce07a45b,M-1457,SESS-20260828-3729-0388,RENTAL_ACCRUAL,16,299,2026-08-28T18:15:00+08:00
758e96b9-afb4-4dee-9d6f-fd9282b93a0a,M-2153,SESS-20260828-8116-0389,RENTAL_REDEMPTION,-200,80,2026-08-28T22:15:00+08:00
5900b7bc-5ea6-4768-a08d-cc090da6eb9f,M-2153,SESS-20260828-8116-0389,RENTAL_ACCRUAL,5,85,2026-08-29T01:15:00+08:00
3df46cd5-0732-4367-b2d8-486aea1da397,M-2129,SESS-20260828-5067-0390,RENTAL_ACCRUAL,16,58,2026-08-28T21:00:00+08:00
c5711f3e-1e6e-4e51-b66d-0556e60ca06d,M-1162,SESS-20260828-7793-0391,RENTAL_ACCRUAL,16,111,2026-08-29T00:50:00+08:00
8547b874-a2fa-4c25-b8db-2a785a564a2f,M-1709,SESS-20260828-9804-0392,RENTAL_ACCRUAL,45,270,2026-08-29T01:30:00+08:00
868f20c2-ba99-461f-ac13-d223e9bf0585,M-1331,SESS-20260828-7878-0393,RENTAL_ACCRUAL,40,341,2026-08-29T02:15:00+08:00
e7e0b294-55a0-4f75-bdd1-854a0658f11a,M-1020,SESS-20260828-7671-0394,RENTAL_ACCRUAL,16,208,2026-08-29T00:45:00+08:00
300e9504-c3d2-4ae7-96bf-45969fec9788,M-1506,SESS-20260828-6790-0395,RENTAL_REDEMPTION,-100,290,2026-08-28T10:45:00+08:00
51c5f152-6dba-4365-8514-4994c89c5266,M-1506,SESS-20260828-6790-0395,RENTAL_ACCRUAL,5,295,2026-08-28T12:45:00+08:00
c32f2996-5142-4ea9-bfb0-bf4b05c58071,M-1503,SESS-20260828-3679-0396,RENTAL_ACCRUAL,40,960,2026-08-28T14:10:00+08:00
1df4a7f7-1a0b-449c-aaaf-92d6d1cb193a,M-1158,SESS-20260828-3740-0397,RENTAL_ACCRUAL,27,502,2026-08-29T01:10:00+08:00
d295eae0-50ea-45f0-b34c-f09216b7f487,M-1006,SESS-20260828-1183-0398,RENTAL_ACCRUAL,16,147,2026-08-28T22:45:00+08:00
438025d3-4ee8-42e7-916b-6b4a148b1105,M-1573,SESS-20260828-8059-0399,RENTAL_ACCRUAL,11,706,2026-08-28T18:35:00+08:00
9def519f-ed25-40ba-81d7-ec815e4f1540,M-2147,SESS-20260828-9671-0400,RENTAL_ACCRUAL,16,174,2026-08-28T23:05:00+08:00
6cd036cb-8847-4868-b6dd-8aaaa6a8991c,M-1291,SESS-20260828-3149-0401,RENTAL_ACCRUAL,11,634,2026-08-28T20:25:00+08:00
0147f975-711e-493c-bf5e-75ca0661d923,M-1193,SESS-20260828-2233-0402,RENTAL_ACCRUAL,5,90,2026-08-28T18:50:00+08:00
c5d133ba-7811-431a-a322-779f62ca2bee,M-1388,SESS-20260828-8265-0403,RENTAL_ACCRUAL,48,557,2026-08-28T21:40:00+08:00
0f773bb3-971b-41fd-a669-5c0b6169ef9b,M-1754,SESS-20260828-9929-0404,RENTAL_ACCRUAL,28,401,2026-08-29T01:05:00+08:00
2e18afc0-bfb5-410e-8950-4a0f4d1a3bae,M-2173,SESS-20260828-8790-0405,RENTAL_ACCRUAL,40,116,2026-08-29T05:05:00+08:00
437bc9d3-4b4f-4abb-bb34-0779d32c7aca,M-2077,SESS-20260828-6551-0406,RENTAL_ACCRUAL,5,342,2026-08-28T22:45:00+08:00
7c5e2b49-b839-46e0-8018-1c9563b1ad9b,M-1608,SESS-20260828-9076-0407,RENTAL_ACCRUAL,16,385,2026-08-29T01:50:00+08:00
5f3fc4ef-1682-4fe5-acd7-efdd28b462bd,M-1155,SESS-20260828-8433-0408,RENTAL_ACCRUAL,5,244,2026-08-28T19:55:00+08:00
b142806f-7f02-46f8-bd09-61566966d340,M-1033,SESS-20260828-4152-0409,RENTAL_ACCRUAL,11,33,2026-08-29T00:00:00+08:00
03f118f1-8aca-45b0-ac9a-36fc42b33b2d,M-1402,SESS-20260828-4855-0410,RENTAL_ACCRUAL,9,286,2026-08-29T00:20:00+08:00
c3a74805-fb0d-4fa0-923d-47b2850e752d,M-1192,SESS-20260828-6472-0411,RENTAL_ACCRUAL,16,321,2026-08-28T23:30:00+08:00
73090b7a-6778-44ba-a501-92c034a7953f,M-1448,SESS-20260828-4392-0412,RENTAL_ACCRUAL,30,469,2026-08-29T03:35:00+08:00
dcd84ead-3c6b-4827-8324-0d4c7a489b76,M-1202,SESS-20260828-7434-0413,RENTAL_REDEMPTION,-100,1864,2026-08-28T22:55:00+08:00
d2d6cf56-ebf0-4cf9-a4c8-0ca21989a68c,M-1202,SESS-20260828-7434-0413,RENTAL_ACCRUAL,4,1868,2026-08-29T00:55:00+08:00
90abf9b3-2470-4d8d-b47f-7aed2cf1893e,M-1537,SESS-20260828-1017-0414,RENTAL_ACCRUAL,40,569,2026-08-28T17:30:00+08:00
62bdb8b2-fd2f-49e7-b006-0790b1889ba9,M-2176,SESS-20260828-1837-0415,RENTAL_ACCRUAL,40,217,2026-08-28T22:30:00+08:00
009ac602-09dc-446a-bae3-3088570cfa38,M-1800,SESS-20260828-3699-0416,RENTAL_ACCRUAL,11,822,2026-08-28T15:00:00+08:00
a55ce60a-9ec2-46ff-bd7c-f4badba2e8a0,M-1647,SESS-20260828-2172-0417,RENTAL_ACCRUAL,6,659,2026-08-29T00:40:00+08:00
8d265954-b340-4784-a196-426ea412eefa,M-1954,SESS-20260828-2009-0418,RENTAL_REDEMPTION,-100,184,2026-08-28T23:30:00+08:00
4041c316-dcad-4d64-b5c1-6af56f18b2ed,M-1954,SESS-20260828-2009-0418,RENTAL_ACCRUAL,5,189,2026-08-29T01:30:00+08:00
0dfd1240-f248-4a35-a363-3453c8081714,M-1611,SESS-20260828-1231-0419,RENTAL_ACCRUAL,12,191,2026-08-29T01:20:00+08:00
78cccc80-dffb-4639-9f3e-0923932cdae8,M-1363,SESS-20260828-6607-0420,RENTAL_ACCRUAL,18,391,2026-08-28T20:45:00+08:00
148bf25f-761e-490a-be1e-bddc92708113,M-2157,SESS-20260828-8498-0421,RENTAL_ACCRUAL,10,90,2026-08-28T10:15:00+08:00
8f31c212-2afb-4f5e-aa76-c6f2865d4421,M-1948,SESS-20260828-7541-0422,RENTAL_ACCRUAL,11,355,2026-08-29T01:45:00+08:00
61232b36-6d37-42b5-89fe-436d97457ba1,M-1074,SESS-20260828-7164-0423,RENTAL_ACCRUAL,16,97,2026-08-28T23:45:00+08:00
2496c868-afed-4f6d-89a5-ba773452e1a9,M-1815,SESS-20260828-1637-0424,RENTAL_ACCRUAL,108,329,2026-08-29T07:45:00+08:00
f8157778-a7d1-4f93-8bb1-5b05ef5cbf43,M-1675,SESS-20260828-8977-0425,RENTAL_REDEMPTION,-100,2204,2026-08-28T23:55:00+08:00
d0b928f8-f108-4211-84fe-4a5addeacc7d,M-1675,SESS-20260828-8977-0425,RENTAL_ACCRUAL,2,2206,2026-08-29T00:55:00+08:00
41c8604d-f0eb-4f71-b588-c1f38be1f7a1,M-2013,SESS-20260828-1502-0426,RENTAL_ACCRUAL,10,246,2026-08-28T23:15:00+08:00
647bfb37-b6be-427c-b200-2a58c3f90593,M-2013,TIER_UPGRADE_Standard_TO_Silver,TIER_BONUS,50,296,2026-08-28T23:15:00+08:00
dce24b4a-f52f-48e4-bf3b-b113a4beb8c5,M-1554,SESS-20260828-9330-0427,RENTAL_ACCRUAL,9,1187,2026-08-28T22:00:00+08:00
03a543ee-ad82-4d8b-9010-e2860f11557f,M-1877,SESS-20260828-7200-0428,RENTAL_ACCRUAL,9,361,2026-08-28T23:10:00+08:00
681fa52e-1d9e-4d62-bee8-adf18d5f1a83,M-2140,SESS-20260828-6486-0429,RENTAL_ACCRUAL,5,33,2026-08-28T21:30:00+08:00
b3a02ce1-38bb-419c-bf3b-2a7c0117e5c9,M-1279,SESS-20260828-3395-0430,RENTAL_ACCRUAL,16,71,2026-08-29T02:20:00+08:00
7bccb032-452b-44b5-8607-5c29da7ac764,M-1947,SESS-20260828-4533-0431,RENTAL_REDEMPTION,-100,226,2026-08-28T22:45:00+08:00
8498847a-7603-4f13-8c9f-0b20e7afe4a4,M-1947,SESS-20260828-4533-0431,RENTAL_ACCRUAL,21,247,2026-08-29T03:45:00+08:00
a20ba5fe-b483-4e1e-9e91-2114357a53d6,M-2111,SESS-20260828-9946-0432,RENTAL_ACCRUAL,36,128,2026-08-28T21:30:00+08:00
74a055a9-86de-48fc-adba-53bf920ff14e,M-1276,SESS-20260828-5406-0433,RENTAL_ACCRUAL,19,578,2026-08-28T23:30:00+08:00
30b73b2f-f4a7-44cc-bd89-d552fd2744d9,M-1879,SESS-20260828-5872-0434,RENTAL_ACCRUAL,24,262,2026-08-29T02:40:00+08:00
5825541f-9c97-4fc7-8618-5de132a4470f,M-1430,SESS-20260828-3225-0435,RENTAL_ACCRUAL,28,1443,2026-08-28T23:45:00+08:00
b2861f14-b356-4732-9588-606957669dd4,M-1995,SESS-20260828-4603-0436,RENTAL_ACCRUAL,16,292,2026-08-29T00:35:00+08:00
869ea173-4508-441d-b3e6-bc928d05cd0e,M-2007,SESS-20260828-9378-0437,RENTAL_ACCRUAL,5,162,2026-08-28T16:15:00+08:00
806d96f6-3598-44c7-a416-150c2d882c3e,M-1505,SESS-20260828-1415-0438,RENTAL_ACCRUAL,11,268,2026-08-28T18:20:00+08:00
05b42408-7070-4763-8185-06aa3a02ff2e,M-2070,SESS-20260828-5447-0439,RENTAL_ACCRUAL,18,284,2026-08-28T23:45:00+08:00
367cd1aa-5468-433a-8749-421b30a632ec,M-1505,SESS-20260828-9384-0440,RENTAL_REDEMPTION,-100,168,2026-08-28T22:40:00+08:00
782c421b-5946-4680-ad28-10d67d8310b8,M-1505,SESS-20260828-9384-0440,RENTAL_ACCRUAL,61,229,2026-08-29T03:40:00+08:00
cb61c3f8-f273-4ab0-822a-5d2a2447005b,M-1164,SESS-20260828-5203-0441,RENTAL_ACCRUAL,11,490,2026-08-28T12:25:00+08:00
de7b2f50-1ac4-4f2a-8516-26e48919ef5d,M-1738,SESS-20260828-2961-0442,RENTAL_ACCRUAL,13,346,2026-08-29T00:55:00+08:00
a980d1d2-ec69-452a-9974-ad15fb54c34b,M-2104,SESS-20260828-1069-0443,RENTAL_ACCRUAL,10,56,2026-08-29T01:50:00+08:00
b1aba62d-4a3b-4e0f-8308-1ee39f261138,M-1091,SESS-20260828-9879-0444,RENTAL_ACCRUAL,27,304,2026-08-29T02:25:00+08:00
7670aeb0-4868-48f2-8267-042c4730741e,M-1300,SESS-20260828-4994-0445,RENTAL_ACCRUAL,48,155,2026-08-29T04:50:00+08:00
0a465aa2-aaed-4996-bcc8-4b944afb165a,M-1483,SESS-20260828-4125-0446,RENTAL_ACCRUAL,5,246,2026-08-28T19:35:00+08:00
3a3f3247-2fde-4e17-b155-9bbc010dde38,M-2067,SESS-20260828-5893-0447,RENTAL_ACCRUAL,5,192,2026-08-28T21:15:00+08:00
c2007f9e-ecd5-4c6c-9a62-0a0bc5d7a084,M-1869,SESS-20260828-5545-0448,RENTAL_ACCRUAL,25,205,2026-08-29T00:40:00+08:00
030c893c-f8ef-495d-b1aa-6ec5fedc7137,M-1633,SESS-20260828-7749-0449,RENTAL_ACCRUAL,16,143,2026-08-29T00:30:00+08:00
0f17056c-740c-4a88-9349-3d33b9b1784f,M-1256,ORD-20260828-4320-0001,CONCESSION_ACCRUAL,30,259,2026-08-28T21:21:34+08:00
964311a1-6415-4a96-8cdf-ffe5b8e72db4,M-1593,ORD-20260828-5670-0002,CONCESSION_ACCRUAL,8,59,2026-08-28T01:18:16+08:00
069dfc71-8168-4037-a362-5273db159236,M-1675,ORD-20260828-7811-0003,CONCESSION_ACCRUAL,18,2224,2026-08-28T23:59:22+08:00
dbef2ce8-b802-4e61-af06-8206f7efad57,M-1033,ORD-20260828-7872-0004,CONCESSION_ACCRUAL,22,55,2026-08-28T22:04:32+08:00
ea56934b-c026-457f-af28-224e0e549da5,M-1403,ORD-20260829-3467-0005,CONCESSION_ACCRUAL,12,2891,2026-08-29T00:01:18+08:00
1f30d195-6a3a-4400-a778-bad81047b80c,M-1522,ORD-20260828-3050-0006,CONCESSION_ACCRUAL,3,192,2026-08-28T15:44:17+08:00
f360de87-7911-45f3-a355-1124064f57e6,M-1320,ORD-20260828-2447-0007,CONCESSION_ACCRUAL,9,1354,2026-08-28T23:25:19+08:00
9a10a2a3-5882-4472-bff2-e36f163c37ae,M-1664,ORD-20260828-5650-0008,CONCESSION_ACCRUAL,42,2609,2026-08-28T21:42:34+08:00
7c12e859-ea87-4af6-832f-48f299fd131b,M-1989,ORD-20260828-8953-0009,CONCESSION_ACCRUAL,8,252,2026-08-28T20:41:59+08:00
02485eb6-a224-4f10-8e08-a913c3b0d291,M-1148,ORD-20260828-3152-0010,CONCESSION_ACCRUAL,3,158,2026-08-28T16:15:11+08:00
579f4ecd-b9b4-4c3a-ae33-7b0063cbb823,M-1652,ORD-20260828-7601-0011,CONCESSION_ACCRUAL,9,266,2026-08-28T21:08:22+08:00
f24af972-8fff-428c-848a-895b47e081d5,M-1995,ORD-20260828-7126-0012,CONCESSION_ACCRUAL,11,303,2026-08-28T22:11:19+08:00
6727ab17-1567-4242-a3bd-13f29c988767,M-1513,ORD-20260828-6626-0013,CONCESSION_ACCRUAL,14,59,2026-08-28T19:55:49+08:00
ade563fd-ce3b-4a3a-b4aa-e0f7cdb18139,M-1239,ORD-20260828-5842-0014,CONCESSION_ACCRUAL,8,108,2026-08-28T23:24:16+08:00
dad83009-16c6-4510-83c9-1f68ef89d750,M-1158,ORD-20260828-7643-0015,CONCESSION_ACCRUAL,15,517,2026-08-28T23:42:51+08:00
9b9e4b30-8263-4823-a17b-4055094bc68e,M-1711,ORD-20260828-8349-0016,CONCESSION_ACCRUAL,3,485,2026-08-28T21:13:32+08:00
6e9e3503-1db9-409d-a4ab-171b46f43a95,M-1009,ORD-20260828-3268-0017,CONCESSION_ACCRUAL,3,55,2026-08-28T03:35:31+08:00
b87c52aa-002c-434f-8e7a-af92d19f1164,M-1347,ORD-20260828-5739-0018,CONCESSION_ACCRUAL,9,3195,2026-08-28T17:45:12+08:00
b65c9eeb-1581-4610-954e-b92056a24506,M-1630,ORD-20260829-8221-0019,CONCESSION_ACCRUAL,36,740,2026-08-29T03:22:28+08:00
1452d062-f731-4b48-b87a-500c5194bc61,M-2176,ORD-20260828-5747-0020,CONCESSION_ACCRUAL,14,231,2026-08-28T21:57:17+08:00
d0550419-7be8-489c-a702-935bf9782dd6,M-1972,ORD-20260828-8883-0021,CONCESSION_ACCRUAL,17,238,2026-08-28T20:44:56+08:00
dba071c7-33fb-4491-bfee-b96952486f62,M-1468,ORD-20260829-4556-0022,CONCESSION_ACCRUAL,23,555,2026-08-29T00:08:16+08:00
f36e7612-22e5-4e3d-a4f7-19c399f44501,M-1378,ORD-20260828-6557-0023,CONCESSION_ACCRUAL,20,242,2026-08-28T18:38:52+08:00
7e2bd067-bfc4-4761-be81-486811e3b3f1,M-1210,ORD-20260828-3115-0024,CONCESSION_ACCRUAL,12,1661,2026-08-28T11:52:17+08:00
9d71e3c9-3c44-4e78-b510-a5fed7ce6694,M-1277,ORD-20260829-8579-0025,CONCESSION_ACCRUAL,7,2265,2026-08-29T00:27:05+08:00
48267d7b-0e8c-4cc2-8bc7-2526df08c25a,M-1300,ORD-20260829-2946-0026,CONCESSION_ACCRUAL,27,182,2026-08-29T03:58:28+08:00
b5758b19-ad1b-43f8-b9a9-c5bf8874b677,M-1957,ORD-20260829-8157-0027,CONCESSION_ACCRUAL,15,281,2026-08-29T00:10:12+08:00
99bd137e-b98f-4a92-b11f-7a3685b2b46b,M-1800,ORD-20260828-7102-0028,CONCESSION_ACCRUAL,28,850,2026-08-28T14:41:13+08:00
df86baa1-cca4-4236-bb52-b61f64e072b1,M-1110,ORD-20260828-1004-0029,CONCESSION_ACCRUAL,4,438,2026-08-28T18:01:18+08:00
71298de6-1418-486d-af6d-7aad2d07f403,M-1932,ORD-20260828-3925-0030,CONCESSION_ACCRUAL,16,233,2026-08-28T22:24:24+08:00
d8c59953-1e43-4ce6-bc2d-53cbcd160f28,M-1111,ORD-20260828-2741-0031,CONCESSION_ACCRUAL,51,542,2026-08-28T20:27:58+08:00
3f50bcc1-4c37-418f-8f1c-ca30e3c86665,M-1317,ORD-20260828-7618-0032,CONCESSION_ACCRUAL,46,241,2026-08-28T22:08:43+08:00
c8fc1fcd-90db-4165-af56-af94d930b13b,M-1963,ORD-20260829-8502-0033,CONCESSION_ACCRUAL,23,294,2026-08-29T03:15:24+08:00
c37c25dc-1e5a-499f-b960-01c6bb425883,M-1510,ORD-20260828-4385-0034,CONCESSION_ACCRUAL,12,526,2026-08-28T23:11:14+08:00
b0d3611d-f12d-4142-a69e-2e19bb110328,M-1611,ORD-20260828-5808-0035,CONCESSION_ACCRUAL,47,238,2026-08-28T23:56:59+08:00
7314cd7b-ea09-4c93-9136-2e8242f51d9c,M-1582,ORD-20260828-8266-0036,CONCESSION_ACCRUAL,37,637,2026-08-28T20:01:07+08:00
107c292a-7f2f-4669-b3dd-fd0490707ee9,M-2173,ORD-20260828-1752-0037,CONCESSION_ACCRUAL,18,134,2026-08-28T21:47:13+08:00
55393fc4-d719-45e4-b34b-6ac835b51a1c,M-1835,ORD-20260828-6488-0038,CONCESSION_ACCRUAL,33,374,2026-08-28T19:12:11+08:00
6c69fbea-5f27-4aba-a5c1-2e4f15bd016b,M-1198,ORD-20260829-9845-0039,CONCESSION_ACCRUAL,3,2202,2026-08-29T01:01:14+08:00
fb983414-623a-469f-a765-c02aa0778e7e,M-1563,ORD-20260829-1632-0040,CONCESSION_ACCRUAL,8,192,2026-08-29T00:22:50+08:00
2797ead9-29b3-45d5-8277-04df12a04cef,M-1506,ORD-20260828-8297-0041,CONCESSION_ACCRUAL,16,311,2026-08-28T11:41:14+08:00
40e9d97a-c9a9-4868-8219-f4e59db32cf5,M-1648,ORD-20260828-4330-0042,CONCESSION_ACCRUAL,19,440,2026-08-28T12:26:15+08:00
0dabd0f2-b728-4ad5-b69d-5eea0a47d569,M-1502,ORD-20260829-1545-0043,CONCESSION_ACCRUAL,16,84,2026-08-29T00:12:28+08:00
c26f60a8-f99f-4a02-8390-6b0d244833a4,M-1703,ORD-20260828-4943-0044,CONCESSION_ACCRUAL,25,293,2026-08-28T23:50:30+08:00
917acc65-2db8-4cbd-af3f-176a2f8ca905,M-2009,ORD-20260828-8739-0045,CONCESSION_ACCRUAL,17,139,2026-08-28T12:25:02+08:00
3a4e6c15-eecb-4f28-a968-81a24904e8dd,M-1164,ORD-20260828-8986-0046,CONCESSION_ACCRUAL,8,498,2026-08-28T11:03:37+08:00
58bae4f5-67dc-4f9e-91d9-78b09d509869,M-1127,ORD-20260829-5435-0047,CONCESSION_ACCRUAL,25,356,2026-08-29T01:53:41+08:00
f10f3c52-0c0e-4d05-9c70-bf106e53c934,M-1774,ORD-20260828-9355-0048,CONCESSION_ACCRUAL,8,365,2026-08-28T22:38:38+08:00
d80372d8-83c7-4cf7-b688-9d362d7991f1,M-1213,ORD-20260829-6156-0049,CONCESSION_ACCRUAL,3,77,2026-08-29T01:48:43+08:00
e1a73a36-46c4-4d7f-8f7f-877b5c3f2b8c,M-1647,ORD-20260829-3719-0050,CONCESSION_ACCRUAL,20,679,2026-08-29T00:34:27+08:00
7c0aeba5-c79b-4f58-83a9-571a8e5d553b,M-1152,ORD-20260828-2254-0051,CONCESSION_ACCRUAL,42,544,2026-08-28T20:56:25+08:00
82263fe4-29bd-4200-956d-4090f185123b,M-1622,ORD-20260828-9823-0052,CONCESSION_ACCRUAL,28,66,2026-08-28T22:42:12+08:00
e723b76d-c0e5-4e2c-903a-f17672d24c86,M-1505,ORD-20260829-6061-0053,CONCESSION_ACCRUAL,11,240,2026-08-29T02:35:40+08:00
4c3f0e8d-d61b-4a87-8a5d-9c64b2907bac,M-1505,TIER_UPGRADE_Silver_TO_Gold,TIER_BONUS,100,340,2026-08-29T02:35:40+08:00
f8f44045-cd7b-4751-85ac-6e9971e99c89,M-1988,ORD-20260828-3858-0054,CONCESSION_ACCRUAL,3,244,2026-08-28T23:16:51+08:00
da3fc15c-f5a9-49c2-8d23-0cf8b7033ba5,M-2014,ORD-20260828-5454-0055,CONCESSION_ACCRUAL,16,229,2026-08-28T14:42:54+08:00
6bbefab3-fa0f-4ac2-84f4-274e19cacd4e,M-1955,ORD-20260828-6317-0056,CONCESSION_ACCRUAL,6,139,2026-08-28T18:35:27+08:00
e7e314f1-c0c3-4b2f-8385-f577db8997c5,M-1679,ORD-20260829-4977-0057,CONCESSION_ACCRUAL,9,554,2026-08-29T01:20:26+08:00
8aa08bcd-990b-4838-b827-79a073b0502c,M-1801,ORD-20260829-8423-0058,CONCESSION_ACCRUAL,11,122,2026-08-29T00:39:23+08:00
fdfcde49-2978-4cd9-83cf-df9ecd8768be,M-1402,ORD-20260828-5690-0059,CONCESSION_ACCRUAL,18,304,2026-08-28T23:56:19+08:00
0765b4b2-7781-4f57-9b1b-212775f8dfd0,M-2123,ORD-20260829-3429-0060,CONCESSION_ACCRUAL,61,449,2026-08-29T00:20:58+08:00
f296e9c3-aae0-4576-8665-866b78dd096b,M-1368,ORD-20260828-3889-0061,CONCESSION_ACCRUAL,15,400,2026-08-28T23:11:27+08:00
95b2020e-06df-4a35-9acf-5847f970b326,M-2043,ORD-20260828-4174-0062,CONCESSION_ACCRUAL,6,50,2026-08-28T17:51:33+08:00
ff138f7f-5107-4703-8782-fd8f3dc0b1d5,M-2129,ORD-20260828-2653-0063,CONCESSION_ACCRUAL,3,61,2026-08-28T19:50:51+08:00
b45f9b1c-35f2-4ded-93bf-9f0fdef77014,M-2025,ORD-20260829-9848-0064,CONCESSION_ACCRUAL,30,497,2026-08-29T02:24:09+08:00
1a3b612a-7d79-46ca-a943-83f77fa18776,M-1635,ORD-20260828-8994-0065,CONCESSION_ACCRUAL,13,326,2026-08-28T18:26:35+08:00
0a41b6ab-9f7d-4fe0-bcab-a83129309f69,M-1034,ORD-20260828-9157-0066,CONCESSION_ACCRUAL,27,600,2026-08-28T21:25:21+08:00
c66706d5-f5fb-48f2-80aa-ffd0ba7f7021,M-1861,ORD-20260828-4095-0067,CONCESSION_ACCRUAL,15,301,2026-08-28T20:13:12+08:00
c53acd5a-6590-470a-9f6d-663b4eac1e36,M-1875,ORD-20260828-1733-0068,CONCESSION_ACCRUAL,6,59,2026-08-28T16:20:00+08:00
bc33c1c6-374b-4334-9756-f438c29dd613,M-1056,ORD-20260828-5487-0069,CONCESSION_ACCRUAL,15,63,2026-08-28T23:08:57+08:00
d3f3db0e-7902-4729-8cc2-4a3dc15b033e,M-1489,ORD-20260828-4346-0070,CONCESSION_ACCRUAL,18,727,2026-08-28T07:37:03+08:00
9ee801d6-0c69-4fa8-98f2-9425167cc4fb,M-1933,ORD-20260828-5833-0071,CONCESSION_ACCRUAL,6,197,2026-08-28T22:38:22+08:00
26ccf61f-96ac-4db2-8275-67bcf66faa1d,M-1414,ORD-20260828-8033-0072,CONCESSION_ACCRUAL,23,431,2026-08-28T20:13:12+08:00
c95918af-156f-4906-944b-9e8420d1be3b,M-1638,ORD-20260829-7018-0073,CONCESSION_ACCRUAL,18,466,2026-08-29T00:15:56+08:00
bd6e4386-5fe3-4b62-9a96-5f78b9f63bf0,M-1090,ORD-20260828-4068-0074,CONCESSION_ACCRUAL,30,396,2026-08-28T18:09:40+08:00
96d26a61-d1fc-40d9-a501-c284aeac38f0,M-2103,ORD-20260828-8041-0075,CONCESSION_ACCRUAL,6,72,2026-08-28T15:55:29+08:00
cf2dc5bb-6225-4e93-9744-6bd2832291e5,M-1365,ORD-20260828-3186-0076,CONCESSION_ACCRUAL,16,323,2026-08-28T20:06:50+08:00
148d0c69-62b2-4e03-81fb-628b51b9fd19,M-1947,ORD-20260829-3308-0077,CONCESSION_ACCRUAL,3,250,2026-08-29T01:14:25+08:00
1f3f2f33-2f22-463a-854c-7b6292c9d699,M-1608,ORD-20260828-4545-0078,CONCESSION_ACCRUAL,26,411,2026-08-28T18:13:18+08:00
02976a9c-caf0-4f84-abb8-0533e41585ce,M-2115,ORD-20260828-6830-0079,CONCESSION_ACCRUAL,48,261,2026-08-28T05:35:27+08:00
a3c76041-25f3-4aff-9915-c76242d4534c,M-1660,ORD-20260828-7912-0080,CONCESSION_ACCRUAL,15,538,2026-08-28T11:58:20+08:00
310d7724-503d-4f79-b736-77f73b3387ef,M-2147,ORD-20260828-7421-0081,CONCESSION_ACCRUAL,18,192,2026-08-28T22:17:35+08:00
4bab5657-2ab2-4a3a-a6e7-ca3e85ab85fe,M-1856,ORD-20260828-6422-0082,CONCESSION_ACCRUAL,7,85,2026-08-28T13:51:49+08:00
3740b3a5-2e0b-4b93-a5b4-7cf2324dbbcd,M-1709,ORD-20260829-6320-0083,CONCESSION_ACCRUAL,15,285,2026-08-29T00:37:26+08:00
896e88d6-2787-4acf-85c0-7edc6bf543b3,M-1479,ORD-20260828-5948-0084,CONCESSION_ACCRUAL,4,2302,2026-08-28T20:36:26+08:00
3ab644da-90c0-41ff-bee3-d3c7a33e4f2d,M-1655,ORD-20260828-2800-0085,CONCESSION_ACCRUAL,31,212,2026-08-28T20:10:36+08:00
2b8f60bc-de1a-41cc-a0b3-89e492ef8183,M-1536,ORD-20260828-1234-0086,CONCESSION_ACCRUAL,15,458,2026-08-28T20:51:11+08:00
bb0ae4da-6a1e-45d9-aad3-1b75fcf83ab8,M-2105,ORD-20260828-7381-0087,CONCESSION_ACCRUAL,15,209,2026-08-28T21:23:07+08:00
28e03f98-6e97-477a-ae59-080414ae7f25,M-1439,ORD-20260829-3297-0088,CONCESSION_ACCRUAL,9,264,2026-08-29T01:34:32+08:00
4e0e2006-bb9f-495f-b5d6-943f05b139b8,M-1040,ORD-20260828-1735-0089,CONCESSION_ACCRUAL,36,814,2026-08-28T23:06:56+08:00
35c82621-232e-4e7b-9f97-29e6f63d3d88,M-1461,ORD-20260829-1653-0090,CONCESSION_ACCRUAL,3,482,2026-08-29T00:38:46+08:00
5bf2d17a-42db-4cd0-a237-c1e6db183db0,M-1461,TIER_UPGRADE_Silver_TO_Gold,TIER_BONUS,100,582,2026-08-29T00:38:46+08:00
251e5781-4cdb-4e55-9b59-e7e069d603ff,M-1286,ORD-20260829-9516-0091,CONCESSION_ACCRUAL,11,270,2026-08-29T01:02:03+08:00
ae5bb760-c8ce-40ca-accb-17a43f8fd8ce,M-1563,ORD-20260828-3119-0092,CONCESSION_ACCRUAL,28,220,2026-08-28T22:41:33+08:00
cb97fa3f-dc25-4f92-ba23-1892879644f6,M-1919,ORD-20260828-7928-0093,CONCESSION_ACCRUAL,24,128,2026-08-28T20:17:44+08:00
d09109d9-fd8d-45d0-b59c-37b5c6623469,M-1971,ORD-20260828-1164-0094,CONCESSION_ACCRUAL,8,275,2026-08-28T23:03:23+08:00
0e61e356-d82f-47f0-8404-e2c3f89b2ab2,M-1976,ORD-20260828-7293-0095,CONCESSION_ACCRUAL,27,237,2026-08-28T21:22:51+08:00
655db0a5-4398-4700-bcb7-b44065838fb8,M-1305,ORD-20260829-9090-0096,CONCESSION_ACCRUAL,36,677,2026-08-29T00:21:10+08:00
1162e9e9-0388-4b35-a7c0-d3bff81ddeda,M-1108,ORD-20260828-8506-0097,CONCESSION_ACCRUAL,4,451,2026-08-28T20:10:09+08:00
4ab68d02-0561-4b1b-b137-b90fe373956c,M-1708,ORD-20260829-5486-0098,CONCESSION_ACCRUAL,32,49,2026-08-29T00:59:21+08:00
06312cdb-575f-4a86-970b-7376a00c2269,M-1881,ORD-20260828-7576-0099,CONCESSION_ACCRUAL,16,244,2026-08-28T14:52:40+08:00
42d38089-8298-4a7e-b0ac-a846df25405e,M-1952,ORD-20260829-4434-0100,CONCESSION_ACCRUAL,6,137,2026-08-29T02:12:56+08:00
380016f3-d43a-47fd-b19b-8b252714dd66,M-1825,ORD-20260828-4895-0101,CONCESSION_ACCRUAL,26,426,2026-08-28T22:53:14+08:00
942999cb-c275-4977-a427-9b2bbdfd0e17,M-1686,ORD-20260828-3102-0102,CONCESSION_ACCRUAL,30,200,2026-08-28T20:09:04+08:00
61c46ad1-92a3-4d5d-9a45-6e65887da1e8,M-1978,ORD-20260828-9551-0103,CONCESSION_ACCRUAL,37,343,2026-08-28T13:22:50+08:00
0e70ea0b-3488-445f-80d9-a766dc8cbf33,M-1859,ORD-20260828-9034-0104,CONCESSION_ACCRUAL,11,169,2026-08-28T23:29:25+08:00
a1f75576-bd47-4cdf-8ce2-6d07d1204c3d,M-1030,ORD-20260829-5579-0105,CONCESSION_ACCRUAL,11,209,2026-08-29T00:51:59+08:00
878a5697-74b7-46ff-bd53-57b155ba56db,M-2013,ORD-20260828-1620-0106,CONCESSION_ACCRUAL,18,314,2026-08-28T21:43:55+08:00
15516279-5f16-4968-ae37-62084119b680,M-1268,ORD-20260828-4695-0107,CONCESSION_ACCRUAL,8,41,2026-08-28T21:18:06+08:00
84b5f0b3-2153-4000-b828-b6b5a3cac664,M-2160,ORD-20260828-6057-0108,CONCESSION_ACCRUAL,33,194,2026-08-28T23:17:06+08:00
729ebc86-7a65-4cbd-b767-f20a46772f3e,M-2009,ORD-20260828-6026-0109,CONCESSION_ACCRUAL,13,152,2026-08-28T20:26:48+08:00
26c1a560-b4c8-42a2-ad45-e4c7dc54db66,M-1425,ORD-20260829-7198-0110,CONCESSION_ACCRUAL,8,140,2026-08-29T00:30:22+08:00
97059209-888a-487d-8023-17bc6b5bad9c,M-1862,ORD-20260829-7212-0111,CONCESSION_ACCRUAL,30,115,2026-08-29T00:14:18+08:00
c7eee7f2-be71-41ad-a172-c94d8aa93645,M-1719,ORD-20260829-8680-0112,CONCESSION_ACCRUAL,14,457,2026-08-29T00:44:27+08:00
66df615e-f18e-4e9b-9133-7af3c6fd9223,M-1723,ORD-20260828-8541-0113,CONCESSION_ACCRUAL,15,868,2026-08-28T22:14:25+08:00
1403b3b7-ae75-4389-8747-71c43d99e2cf,M-1573,ORD-20260828-3441-0114,CONCESSION_ACCRUAL,8,714,2026-08-28T16:38:35+08:00
8c0025aa-f9cb-4c57-b3bd-6b7bcf8dab97,M-1843,ORD-20260828-7927-0115,CONCESSION_ACCRUAL,11,209,2026-08-28T21:59:36+08:00
3fd032f8-5ae3-441a-b2d8-16a61fe90f62,M-1393,ORD-20260828-3313-0116,CONCESSION_ACCRUAL,45,291,2026-08-28T21:40:30+08:00
d6c2a497-a6e3-4290-8e1f-e9539898d19d,M-1645,ORD-20260828-3690-0117,CONCESSION_ACCRUAL,18,794,2026-08-28T22:46:59+08:00
a5110890-9cad-49e7-a858-4d12f5c6cf00,M-1440,ORD-20260828-4238-0118,CONCESSION_ACCRUAL,8,300,2026-08-28T17:03:40+08:00
6bbe7b1a-8b81-42fc-9328-b834ffd62bd5,M-1339,ORD-20260828-2424-0119,CONCESSION_ACCRUAL,25,395,2026-08-28T18:26:38+08:00
e67fcb13-7c04-459c-a39d-3898e50c9abf,M-1231,ORD-20260828-7910-0120,CONCESSION_ACCRUAL,16,439,2026-08-28T22:48:46+08:00
e0781c82-2cd6-4345-9ce9-801a3ad79251,M-1233,ORD-20260828-3189-0121,CONCESSION_ACCRUAL,23,400,2026-08-28T11:53:37+08:00
a985d99e-9ed6-49ab-b8de-fad00038e23f,M-1830,ORD-20260829-7866-0122,CONCESSION_ACCRUAL,4,262,2026-08-29T00:25:42+08:00
81ac8884-ae1a-4005-8866-551eb6002fe0,M-1226,ORD-20260828-2624-0123,CONCESSION_ACCRUAL,9,1428,2026-08-28T20:28:09+08:00
57b38b86-d61c-401c-8741-f0fc255b5bbd,M-2136,ORD-20260829-8356-0124,CONCESSION_ACCRUAL,3,211,2026-08-29T00:28:19+08:00
3ed0bf37-01bc-44af-9b44-a5b147564c4a,M-1432,ORD-20260828-7447-0125,CONCESSION_ACCRUAL,12,3597,2026-08-28T21:47:05+08:00
d8ca70f9-efca-4652-b826-f39f63553289,M-1192,ORD-20260828-6277-0126,CONCESSION_ACCRUAL,10,331,2026-08-28T21:31:57+08:00
3f3799be-0ae7-47d9-9a1b-d9d42714e4f9,M-1130,ORD-20260828-5855-0127,CONCESSION_ACCRUAL,34,495,2026-08-28T21:57:06+08:00
ecc201ed-3b0e-4d08-bf93-2dacacfa2f38,M-1997,ORD-20260828-4692-0128,CONCESSION_ACCRUAL,34,411,2026-08-28T18:13:02+08:00
6faea8db-a04a-4f94-9b55-88a49563b4ab,M-2022,ORD-20260828-9139-0129,CONCESSION_ACCRUAL,15,348,2026-08-28T18:05:41+08:00
f873a104-1361-4efd-8b79-56a5ed6aee41,M-1548,ORD-20260829-2766-0130,CONCESSION_ACCRUAL,13,511,2026-08-29T01:59:08+08:00
8002db72-d204-4b6c-b991-ac6fc6d16043,M-1659,ORD-20260828-5367-0131,CONCESSION_ACCRUAL,8,144,2026-08-28T22:09:25+08:00
218123c3-6844-45d9-ac05-af38e45e6aa0,M-1091,ORD-20260829-4521-0132,CONCESSION_ACCRUAL,24,328,2026-08-29T02:17:39+08:00
c599cd58-80d1-4fe2-a26b-d41277f92c49,M-1723,ORD-20260828-6688-0133,CONCESSION_ACCRUAL,30,898,2026-08-28T09:11:38+08:00
8ef01852-792e-46b3-8225-b898a462b86c,M-1302,ORD-20260828-8142-0134,CONCESSION_ACCRUAL,11,368,2026-08-28T23:57:00+08:00
72530fc9-d7b5-4009-b1f9-e8f894b13ec5,M-1378,ORD-20260828-4892-0135,CONCESSION_ACCRUAL,11,253,2026-08-28T14:38:48+08:00
34ebba5d-9bdb-4565-ac5f-0df6db4a89e2,M-1611,ORD-20260828-7501-0136,CONCESSION_ACCRUAL,9,247,2026-08-28T12:40:40+08:00
1d4ae5c8-3479-49e2-9011-28173f971e23,M-2157,ORD-20260828-4531-0137,CONCESSION_ACCRUAL,11,101,2026-08-28T08:48:56+08:00
c2f044cb-2aaa-4d85-ba42-12aebb06827f,M-1079,ORD-20260828-9175-0138,CONCESSION_ACCRUAL,20,420,2026-08-28T20:58:46+08:00
3de49b02-4d9b-4ecf-8204-41957506aee6,M-2163,ORD-20260828-2423-0139,CONCESSION_ACCRUAL,10,346,2026-08-28T23:08:26+08:00
5acae8f2-169d-4f85-85d4-802fa6dd5ff7,M-1248,ORD-20260828-7991-0140,CONCESSION_ACCRUAL,3,89,2026-08-28T23:39:44+08:00
a9d7926f-77af-46c4-814c-49cd905fa262,M-2167,ORD-20260828-3672-0141,CONCESSION_ACCRUAL,15,275,2026-08-28T18:58:35+08:00
18db4572-3ff1-4ee4-a869-fa7270ffab09,M-2036,ORD-20260828-8515-0142,CONCESSION_ACCRUAL,3,109,2026-08-28T20:11:06+08:00
ae750db3-36af-48bc-8edb-67274f326bac,M-1579,ORD-20260828-1191-0143,CONCESSION_ACCRUAL,12,2739,2026-08-28T10:19:39+08:00
21da7d62-e612-4fe3-a5d1-205e5a632f29,M-1395,ORD-20260828-4902-0144,CONCESSION_ACCRUAL,24,159,2026-08-28T22:12:01+08:00
cbec01e8-a001-48ae-916e-6bbbe51b70cb,M-1388,ORD-20260828-6672-0145,CONCESSION_ACCRUAL,27,584,2026-08-28T20:21:11+08:00
f725e2cc-06c9-429c-9383-54033a9e0cdf,M-1434,ORD-20260828-8249-0146,CONCESSION_ACCRUAL,21,223,2026-08-28T15:51:48+08:00
30631029-6488-427f-9beb-263c14467020,M-2153,ORD-20260828-5250-0147,CONCESSION_ACCRUAL,15,100,2026-08-28T23:08:44+08:00
0b96bd51-4637-4ed4-b05e-13eb97a9da3d,M-1503,ORD-20260828-1816-0148,CONCESSION_ACCRUAL,8,968,2026-08-28T12:44:53+08:00
daaf22dd-d4a4-4764-af53-86fdef2c8c9d,M-1157,ORD-20260829-6795-0149,CONCESSION_ACCRUAL,16,401,2026-08-29T00:03:15+08:00
dac361d4-74d0-43ae-b4c7-dd8eff1ad49a,M-1728,ORD-20260828-9225-0150,CONCESSION_ACCRUAL,14,290,2026-08-28T16:42:53+08:00
d1464cda-85c6-43ce-b05c-74ca7c3b8a0c,M-1175,ORD-20260828-2120-0151,CONCESSION_ACCRUAL,18,51,2026-08-28T19:23:47+08:00
3496c956-31b9-4439-80df-2cd431c36888,M-1349,ORD-20260828-7196-0152,CONCESSION_ACCRUAL,22,878,2026-08-28T14:58:23+08:00
79688a87-4448-49d1-afd8-3679e02afcef,M-2027,ORD-20260829-2835-0153,CONCESSION_ACCRUAL,15,142,2026-08-29T01:28:35+08:00
db75d232-84d3-4954-8060-19dc80194fde,M-1588,ORD-20260828-3367-0154,CONCESSION_ACCRUAL,9,1641,2026-08-28T20:48:38+08:00
84208ec5-5027-432e-8cf4-8d1512ba2d1c,M-1946,ORD-20260828-5111-0155,CONCESSION_ACCRUAL,18,232,2026-08-28T22:28:13+08:00
c076ac41-c816-415e-8341-2378013486b7,M-1631,ORD-20260828-7298-0156,CONCESSION_ACCRUAL,11,431,2026-08-28T22:55:30+08:00
3b05f791-ba2c-402f-b644-1204e34657e2,M-1279,ORD-20260829-6344-0157,CONCESSION_ACCRUAL,11,82,2026-08-29T00:45:41+08:00
89066ca2-37de-47cb-8ff8-6e97b87014c8,M-1058,ORD-20260828-6439-0158,CONCESSION_ACCRUAL,31,211,2026-08-28T02:03:23+08:00
cd0feea2-13f9-4f7f-ae88-57cbd7af8418,M-1028,ORD-20260828-8392-0159,CONCESSION_ACCRUAL,40,197,2026-08-28T15:20:12+08:00
9d9b343f-c800-47eb-8872-f87e6779c665,M-1787,ORD-20260828-4271-0160,CONCESSION_ACCRUAL,11,488,2026-08-28T07:40:30+08:00
a9dcc1c0-72a0-4b81-b199-cdda4e5060c0,M-1622,ORD-20260828-8176-0161,CONCESSION_ACCRUAL,3,69,2026-08-28T14:08:10+08:00
d0bbd399-171f-4988-b473-3b26d87e9abc,M-1776,ORD-20260828-9892-0162,CONCESSION_ACCRUAL,11,103,2026-08-28T20:31:01+08:00
74be27a6-7129-4eea-b30c-7f7d78ef6f83,M-1363,ORD-20260828-2544-0163,CONCESSION_ACCRUAL,66,457,2026-08-28T19:27:00+08:00
9bbd7a6b-79e4-437d-a486-450018410213,M-1577,ORD-20260828-7055-0164,CONCESSION_ACCRUAL,3,24,2026-08-28T17:05:06+08:00
27e1a42a-c40e-44bb-8a52-0f0f7721a0e9,M-2046,ORD-20260828-3616-0165,CONCESSION_ACCRUAL,28,61,2026-08-28T23:30:13+08:00
3f35866a-9d53-4dd8-9b6d-af38f9d44538,M-1539,ORD-20260828-2113-0166,CONCESSION_ACCRUAL,81,1048,2026-08-28T21:43:24+08:00
bad0cba4-b9d8-4064-bd3a-cd98753a40e0,M-2105,ORD-20260828-2997-0167,CONCESSION_ACCRUAL,8,217,2026-08-28T23:04:41+08:00
86979407-40d3-4f11-a564-d9f243534106,M-1142,ORD-20260828-9288-0168,CONCESSION_ACCRUAL,41,508,2026-08-28T20:21:21+08:00
55e13a8a-36e1-4704-b993-7693ce5933e0,M-1179,ORD-20260829-4421-0169,CONCESSION_ACCRUAL,16,159,2026-08-29T03:22:05+08:00
a93cacaa-a23c-4bd8-8c10-6e11a70f4dc8,M-1533,ORD-20260828-6845-0170,CONCESSION_ACCRUAL,13,179,2026-08-28T21:01:36+08:00
d229186b-a9ea-4954-a7df-511cf1ecb4cb,M-1560,ORD-20260828-5540-0171,CONCESSION_ACCRUAL,11,324,2026-08-28T09:53:11+08:00
14797225-9779-4322-9885-46a660b99797,M-1448,ORD-20260829-2542-0172,CONCESSION_ACCRUAL,22,491,2026-08-29T03:14:53+08:00
5cfa7f97-4835-4216-bb63-1bed5795dec7,M-2117,ORD-20260828-4773-0173,CONCESSION_ACCRUAL,7,133,2026-08-28T16:00:56+08:00
318edb9d-446d-4970-8e15-65f492f8cf06,M-1382,ORD-20260828-8258-0174,CONCESSION_ACCRUAL,23,622,2026-08-28T18:28:40+08:00
a16e2bdc-af17-41af-8eca-9d1b3dd8ec91,M-1093,ORD-20260828-8202-0175,CONCESSION_ACCRUAL,8,122,2026-08-28T22:46:11+08:00
0fff5c73-662c-4f66-8fb3-611fdfccfc17,M-1924,ORD-20260828-3243-0176,CONCESSION_ACCRUAL,6,129,2026-08-28T03:45:07+08:00
74a24988-e197-4b52-9431-513f68cf7ded,M-2120,ORD-20260828-5753-0177,CONCESSION_ACCRUAL,26,575,2026-08-28T16:10:35+08:00
b6fbf645-e25d-4e32-90c4-094ee477adf0,M-1271,ORD-20260828-7165-0178,CONCESSION_ACCRUAL,8,66,2026-08-28T16:12:38+08:00
74b7b68d-381c-4f52-abc3-3d0994a85f72,M-2171,ORD-20260828-8414-0179,CONCESSION_ACCRUAL,15,179,2026-08-28T21:45:53+08:00
549d7d65-f2a3-4ba9-9084-2b7e11ff6329,M-1415,ORD-20260828-4331-0180,CONCESSION_ACCRUAL,12,431,2026-08-28T22:54:00+08:00
d225e89c-c4d0-4af7-889a-d85ded4c8e26,M-1553,ORD-20260828-4161-0181,CONCESSION_ACCRUAL,15,510,2026-08-28T20:26:44+08:00
90d7ffc3-daa7-4c59-8f58-3449755cf618,M-2003,ORD-20260828-4300-0182,CONCESSION_ACCRUAL,10,248,2026-08-28T22:39:57+08:00
4cdc424d-52d4-445f-9704-ec8f857acb40,M-1929,ORD-20260828-1514-0183,CONCESSION_ACCRUAL,23,150,2026-08-28T15:49:39+08:00
d10ec38c-a21d-4b2c-aa3b-ab8ddca64d36,M-1929,TIER_UPGRADE_Standard_TO_Silver,TIER_BONUS,50,200,2026-08-28T15:49:39+08:00
52787640-229e-4c63-bf87-a08ac615be22,M-1815,ORD-20260829-1552-0184,CONCESSION_ACCRUAL,8,337,2026-08-29T07:04:28+08:00
1f350ab2-d78b-47d7-b312-bbb1d3dfe033,M-1529,ORD-20260828-3975-0185,CONCESSION_ACCRUAL,3,56,2026-08-28T22:04:38+08:00
2a849f18-7480-4714-8ce4-dcd0204bd80c,M-1554,ORD-20260828-2381-0186,CONCESSION_ACCRUAL,9,1196,2026-08-28T21:27:23+08:00
e6b7e4f0-1ee8-485a-88b1-2f7a2dd6d043,M-1895,ORD-20260828-9042-0187,CONCESSION_ACCRUAL,8,173,2026-08-28T19:01:36+08:00
f4924c70-47c3-4f82-8028-82f2bab21342,M-1598,ORD-20260828-3271-0188,CONCESSION_ACCRUAL,15,328,2026-08-28T23:02:23+08:00
32e676c5-9c9a-4542-a8a0-f0b5f9f558cc,M-1396,ORD-20260828-5578-0189,CONCESSION_ACCRUAL,8,186,2026-08-28T18:30:59+08:00
75ae39ee-fed0-466a-864f-c4006a5d7d6a,M-1810,ORD-20260828-9207-0190,CONCESSION_ACCRUAL,33,440,2026-08-28T22:18:34+08:00
18f659ad-ce42-4ba4-9075-93e21b83f804,M-1167,ORD-20260828-4902-0191,CONCESSION_ACCRUAL,11,470,2026-08-28T23:41:42+08:00
61149a16-937a-45ee-a96b-4f60d074129d,M-1342,ORD-20260828-6526-0192,CONCESSION_ACCRUAL,8,166,2026-08-28T18:42:41+08:00
c72ada61-ae10-4ed9-b435-6527d6230f22,M-1492,ORD-20260829-7908-0193,CONCESSION_ACCRUAL,38,332,2026-08-29T00:03:46+08:00
8982b53e-94d5-4621-af9e-8018ec3f924d,M-1860,ORD-20260828-6656-0194,CONCESSION_ACCRUAL,3,127,2026-08-28T23:04:11+08:00
c84a7da6-f06c-4c0b-b23f-2fb1a563ae6d,M-1176,ORD-20260828-3026-0195,CONCESSION_ACCRUAL,74,390,2026-08-28T20:08:18+08:00
4184033f-68b6-4e94-904c-16cf4210c27a,M-1399,ORD-20260828-7820-0196,CONCESSION_ACCRUAL,16,122,2026-08-28T22:26:35+08:00
6f9e3717-c9fa-497f-aa05-dc989b425698,M-2001,ORD-20260828-3453-0197,CONCESSION_ACCRUAL,8,173,2026-08-28T18:52:57+08:00
0fb14197-74ca-42ed-a12b-33324d57c206,M-1661,ORD-20260828-9035-0198,CONCESSION_ACCRUAL,18,2924,2026-08-28T22:03:12+08:00
6b573eb3-d392-4d61-b424-8dae6de90e86,M-1035,ORD-20260828-4062-0199,CONCESSION_ACCRUAL,26,388,2026-08-28T23:07:01+08:00
d6d775e6-796c-43e3-ba0c-11ecd2b14046,M-1798,ORD-20260829-2330-0200,CONCESSION_ACCRUAL,14,403,2026-08-29T00:30:23+08:00
5bc187c2-29d5-4904-8d99-1d693190e777,M-1725,ORD-20260829-5489-0201,CONCESSION_ACCRUAL,13,244,2026-08-29T01:01:39+08:00
41128386-5501-4dcc-9e35-3c6fb80639a9,M-2134,ORD-20260828-5589-0202,CONCESSION_ACCRUAL,7,31,2026-08-28T14:58:23+08:00
9a5c7cdb-6620-4b51-8b6a-ddbc2b47e370,M-1186,ORD-20260828-7183-0203,CONCESSION_ACCRUAL,22,397,2026-08-28T19:18:44+08:00
7424dca7-a616-40fb-97f1-235ee099308e,M-1787,ORD-20260829-1273-0204,CONCESSION_ACCRUAL,9,497,2026-08-29T00:04:34+08:00
e832b116-2ee9-424b-90c2-996a826211b0,M-2034,ORD-20260828-4271-0205,CONCESSION_ACCRUAL,3,190,2026-08-28T20:59:43+08:00
354b5404-ce0f-4c43-8959-cd193ac2acaa,M-1700,ORD-20260828-3599-0206,CONCESSION_ACCRUAL,27,644,2026-08-28T23:53:34+08:00
674c50ed-6d3e-454a-9c33-ec951e24a75a,M-1793,ORD-20260828-7943-0207,CONCESSION_ACCRUAL,11,1327,2026-08-28T22:56:15+08:00
9a053422-cdbb-4439-a6c2-53c62f413d54,M-2146,ORD-20260828-7385-0208,CONCESSION_ACCRUAL,33,337,2026-08-28T22:37:47+08:00
46fb707c-fe3c-450f-a36f-5edb3c11a2a1,M-2187,ORD-20260828-2951-0209,CONCESSION_ACCRUAL,11,276,2026-08-28T22:22:37+08:00
3f16c870-9048-45cc-b76e-3c89751c460a,M-1930,ORD-20260828-2803-0210,CONCESSION_ACCRUAL,3,116,2026-08-28T23:13:37+08:00
57e5c37f-7e8e-4337-868c-0337062d5720,M-1741,ORD-20260828-5937-0211,CONCESSION_ACCRUAL,8,117,2026-08-28T13:10:44+08:00
317b2a9f-2123-4a48-94b9-50bf929b7a96,M-1979,ORD-20260828-3898-0212,CONCESSION_ACCRUAL,18,150,2026-08-28T22:35:16+08:00
2ac8003b-047e-434b-bc15-3c1c0a033f02,M-1490,ORD-20260828-4829-0213,CONCESSION_ACCRUAL,27,309,2026-08-28T22:28:36+08:00
91414979-5b4e-4580-936d-3822634e9924,M-2126,ORD-20260828-8666-0214,CONCESSION_ACCRUAL,11,377,2026-08-28T22:15:34+08:00
b3f9c29c-3f0a-482a-9344-d889bffa2d88,M-1496,ORD-20260829-2997-0215,CONCESSION_ACCRUAL,15,636,2026-08-29T00:24:55+08:00
e17e6035-1200-451b-b9f4-605407d3251c,M-1493,ORD-20260828-3803-0216,CONCESSION_ACCRUAL,63,435,2026-08-28T10:02:37+08:00
556ef7e9-cd9c-4d89-9e05-f6d09d4aeec0,M-1159,ORD-20260828-9104-0217,CONCESSION_ACCRUAL,22,221,2026-08-28T14:28:43+08:00
ae5e9cc2-cf4f-4077-b1f3-57e34b1bff73,M-2165,ORD-20260828-6789-0218,CONCESSION_ACCRUAL,6,93,2026-08-28T15:20:32+08:00
a604e855-3fdd-42f4-96f1-e4734fff12cb,M-1780,ORD-20260828-9098-0219,CONCESSION_ACCRUAL,18,411,2026-08-28T23:38:16+08:00
7cc8b418-3083-40b6-8ea6-05df2dc581e3,M-1913,ORD-20260828-3834-0220,CONCESSION_ACCRUAL,3,150,2026-08-28T19:29:54+08:00
7dc816f9-9339-4941-a95c-9de3a6c06aba,M-1662,ORD-20260828-8910-0221,CONCESSION_ACCRUAL,20,180,2026-08-28T22:58:43+08:00
dafe094a-f7e6-4d1c-bf46-c6cb29075423,M-1759,ORD-20260828-3306-0222,CONCESSION_ACCRUAL,23,581,2026-08-28T21:56:59+08:00
fb17fa94-ca2e-4281-af4e-5f7cc8c23b12,M-1311,ORD-20260828-5614-0223,CONCESSION_ACCRUAL,10,282,2026-08-28T22:20:38+08:00
593c2192-103b-4f40-8e53-fd5863a38bf4,M-2038,ORD-20260828-9664-0224,CONCESSION_ACCRUAL,7,238,2026-08-28T21:46:38+08:00
096cd1ba-d8d3-45f9-bff7-890d21f426ae,M-1020,ORD-20260828-8649-0225,CONCESSION_ACCRUAL,15,223,2026-08-28T23:21:49+08:00
6b039fa4-19cd-4d65-8990-d5ab5f0de528,M-1936,ORD-20260828-4998-0226,CONCESSION_ACCRUAL,8,445,2026-08-28T22:24:24+08:00
e67913a6-edb6-46bb-8905-02f4b299693d,M-2007,ORD-20260828-2461-0227,CONCESSION_ACCRUAL,13,175,2026-08-28T15:57:12+08:00
bbac0abc-eed5-41ca-a434-dda96ba5e094,M-2077,ORD-20260828-8412-0228,CONCESSION_ACCRUAL,30,372,2026-08-28T22:40:41+08:00
89b99a40-5bb8-4ca9-9579-aeae0a89470f,M-2184,ORD-20260828-4974-0229,CONCESSION_ACCRUAL,15,99,2026-08-28T21:24:52+08:00
3f557fce-1c4c-4084-aa76-dc9e73754790,M-1447,ORD-20260828-3761-0230,CONCESSION_ACCRUAL,29,229,2026-08-28T10:47:00+08:00
8d6219c4-18f4-4abf-95ca-fb7480d06c86,M-1447,TIER_UPGRADE_Silver_TO_Gold,TIER_BONUS,100,329,2026-08-28T10:47:00+08:00
ab5fdafc-f63a-424e-aca9-777d11372c31,M-1411,ORD-20260828-1874-0231,CONCESSION_ACCRUAL,12,801,2026-08-28T12:11:56+08:00
7372d3a7-f29e-44f6-9437-5de7dbb1c791,M-1360,ORD-20260828-7635-0232,CONCESSION_ACCRUAL,45,273,2026-08-28T15:55:40+08:00
836aee88-1e73-4728-abf4-8c1d28c80d9d,M-1202,ORD-20260828-3268-0233,CONCESSION_ACCRUAL,9,1877,2026-08-28T19:22:42+08:00
02ad444a-945e-4e9f-8af9-9a12e0cd01b1,M-1583,ORD-20260829-6672-0234,CONCESSION_ACCRUAL,18,185,2026-08-29T00:43:43+08:00
2ec1158e-afe0-4275-8608-f3be98b3afd5,M-1366,ORD-20260828-5913-0235,CONCESSION_ACCRUAL,38,845,2026-08-28T21:29:38+08:00
d7b6e418-4827-41c3-9de5-74e764c74d03,M-1411,ORD-20260828-8652-0236,CONCESSION_ACCRUAL,23,824,2026-08-28T18:17:54+08:00
8ab5e0f3-4ed7-4540-bbbd-4ed6cca82b3b,M-1274,ORD-20260828-1377-0237,CONCESSION_ACCRUAL,11,766,2026-08-28T20:22:00+08:00
b98d9b0e-395f-4449-97b6-2b2a0c9f87e5,M-1879,ORD-20260829-5410-0238,CONCESSION_ACCRUAL,25,287,2026-08-29T01:10:25+08:00
02acd6ab-dbf1-4f7f-8882-433673dbb1e2,M-1990,ORD-20260828-8907-0239,CONCESSION_ACCRUAL,13,100,2026-08-28T23:01:33+08:00
6f05b96f-15b4-49ce-b1c2-6eeb0b5c1de5,M-1147,ORD-20260828-6249-0240,CONCESSION_ACCRUAL,15,239,2026-08-28T23:59:05+08:00
60fca671-2f80-4c37-8833-cb6a4d56a603,M-1350,ORD-20260829-1125-0241,CONCESSION_ACCRUAL,9,677,2026-08-29T02:43:48+08:00
43e33acc-456e-406f-a699-bfa5f57a1283,M-1870,ORD-20260828-2699-0242,CONCESSION_ACCRUAL,9,333,2026-08-28T04:22:53+08:00
deb82229-c8cf-470d-9831-ff1b19506ddf,M-1445,ORD-20260828-6450-0243,CONCESSION_ACCRUAL,15,338,2026-08-28T19:49:46+08:00
c49f0e1e-1eab-40ab-806c-25c062efb518,M-1391,ORD-20260828-9510-0244,CONCESSION_ACCRUAL,11,186,2026-08-28T23:03:10+08:00
5c783eee-294f-4393-addd-34a56bdaa63b,M-1729,ORD-20260828-8546-0245,CONCESSION_ACCRUAL,8,262,2026-08-28T22:15:28+08:00
56514f7d-1ff9-4151-8494-048fd7fe2f07,M-1575,ORD-20260828-6992-0246,CONCESSION_ACCRUAL,9,209,2026-08-28T19:08:22+08:00
c48655bc-4a5e-441c-8c50-58c8bf8f4f0c,M-1465,ORD-20260829-9278-0247,CONCESSION_ACCRUAL,11,878,2026-08-29T00:19:48+08:00
50778c9b-5e9f-4256-88a7-8e6d9f5729d9,M-2159,ORD-20260829-9973-0248,CONCESSION_ACCRUAL,22,151,2026-08-29T02:36:39+08:00
50c54fd2-c450-483c-a7df-867355ad448b,M-1337,ORD-20260828-3799-0249,CONCESSION_ACCRUAL,13,716,2026-08-28T22:02:28+08:00
77c558e5-dd1b-4c1b-8fa0-79e31f93b707,M-1757,ORD-20260828-2161-0250,CONCESSION_ACCRUAL,27,139,2026-08-28T21:07:07+08:00
d03eaa17-762e-44fa-976e-dcce4cfe671e,M-1869,ORD-20260828-8224-0251,CONCESSION_ACCRUAL,3,208,2026-08-28T21:48:07+08:00
97381875-bf7e-4d77-948c-34fdddd9ca76,M-1940,ORD-20260828-5053-0252,CONCESSION_ACCRUAL,8,278,2026-08-28T18:26:13+08:00
7ace9822-1331-443a-a625-7b9f7bf380e5,M-1712,ORD-20260828-3183-0253,CONCESSION_ACCRUAL,21,126,2026-08-28T19:22:48+08:00
83fd31d5-ec14-4f4d-84eb-6fa613542106,M-1483,ORD-20260828-6769-0254,CONCESSION_ACCRUAL,7,253,2026-08-28T19:18:36+08:00
31a65c3d-8d69-4e9e-b6cc-e9eea9ea2e09,M-1205,ORD-20260829-4015-0255,CONCESSION_ACCRUAL,30,1167,2026-08-29T00:06:17+08:00
2102f175-1a07-4893-a938-9a07e85fc664,M-1349,ORD-20260828-4549-0256,CONCESSION_ACCRUAL,4,882,2026-08-28T20:42:52+08:00
7c6b2f69-3087-4df0-b539-defebc286205,M-1742,ORD-20260828-4054-0257,CONCESSION_ACCRUAL,33,104,2026-08-28T17:16:00+08:00
a6263c13-46a3-4253-acef-b117be21feba,M-1226,ORD-20260828-1165-0258,CONCESSION_ACCRUAL,20,1448,2026-08-28T12:50:00+08:00
33f1d3f2-ebf0-4c3c-9bfb-bd9c14ecf9c0,M-1540,ORD-20260828-1052-0259,CONCESSION_ACCRUAL,9,372,2026-08-28T22:29:00+08:00
c0d9527e-8ac9-4e0e-9291-40990b966dcd,M-1468,ORD-20260828-3215-0260,CONCESSION_ACCRUAL,12,567,2026-08-28T19:59:00+08:00
97d87e6c-acf4-404f-b384-66e031034163,M-1857,ORD-20260828-1823-0261,CONCESSION_ACCRUAL,3,100,2026-08-28T20:05:00+08:00
e809f312-9916-472e-8527-9045fc4e1857,M-1384,ORD-20260828-8406-0262,CONCESSION_ACCRUAL,18,1060,2026-08-28T17:35:00+08:00
0fc5a10a-62e9-43b6-be1a-282c8f1b7eae,M-1921,ORD-20260828-1867-0263,CONCESSION_ACCRUAL,8,28,2026-08-28T14:11:00+08:00
7e84bd0e-476e-4437-ae2e-64b8704b551c,M-1444,ORD-20260828-4473-0264,CONCESSION_ACCRUAL,20,3383,2026-08-28T18:07:00+08:00
9334dc83-b44e-4145-b198-af91ce4cd8ae,M-1265,ORD-20260828-1579-0265,CONCESSION_ACCRUAL,4,402,2026-08-28T11:21:00+08:00
e4435a74-a7c0-4d17-8ec3-f5d83ddf72a8,M-1650,ORD-20260828-6208-0266,CONCESSION_ACCRUAL,11,160,2026-08-28T21:41:00+08:00
42279a36-84c3-4f65-9456-d73a4c9b78ae,M-1224,ORD-20260828-3876-0267,CONCESSION_ACCRUAL,25,398,2026-08-28T16:54:00+08:00
b44ef534-70c8-4d93-8f28-53927309e928,M-1643,ORD-20260828-6979-0268,CONCESSION_ACCRUAL,16,295,2026-08-28T12:43:00+08:00
cafcf885-7a69-4a43-84fe-7b56b7a7e033,M-1145,ORD-20260828-9629-0269,CONCESSION_ACCRUAL,12,239,2026-08-28T16:58:00+08:00
f6125cb0-79d1-40ed-b1e4-9a182728161c,M-1779,ORD-20260828-1198-0270,CONCESSION_ACCRUAL,9,283,2026-08-28T21:01:00+08:00
c38f1bfe-d9c9-4db9-b4aa-0ea68ff77eaa,M-1280,ORD-20260828-9633-0271,CONCESSION_ACCRUAL,13,440,2026-08-28T14:27:00+08:00
f1ef5d7f-c722-435e-97f7-25011aee0197,M-2107,ORD-20260828-3170-0272,CONCESSION_ACCRUAL,16,255,2026-08-28T17:49:00+08:00
7ce5dd05-6cb0-458d-a5d5-1b1ba2a581cb,M-1096,ORD-20260828-4452-0273,CONCESSION_ACCRUAL,11,334,2026-08-28T16:47:00+08:00
92095aea-8a93-4b72-b631-417b78616e4c,M-1861,ORD-20260828-8025-0274,CONCESSION_ACCRUAL,9,310,2026-08-28T10:01:00+08:00
0fedb09e-57eb-4373-ab93-4fec15c36018,M-1861,TIER_UPGRADE_Standard_TO_Silver,TIER_BONUS,50,360,2026-08-28T10:01:00+08:00
c7254d90-6655-4161-b776-3eb11cf7c572,M-1115,ORD-20260828-1188-0275,CONCESSION_ACCRUAL,21,323,2026-08-28T13:57:00+08:00
351fbaf4-0eb1-4f38-ac0d-c66e17bcf1ce,M-1090,ORD-20260828-8054-0276,CONCESSION_ACCRUAL,9,405,2026-08-28T12:27:00+08:00
b095916a-913e-4db8-92fa-ca3bb0bb3359,M-1135,ORD-20260828-2047-0277,CONCESSION_ACCRUAL,26,289,2026-08-28T15:48:00+08:00
5f70dd38-b455-4a83-b1f7-fb6bb4041666,M-2093,ORD-20260828-6194-0278,CONCESSION_ACCRUAL,6,101,2026-08-28T17:35:00+08:00
b2c18f33-5522-4968-babd-9f6ab7aeb899,M-1261,ORD-20260828-2002-0279,CONCESSION_ACCRUAL,26,130,2026-08-28T15:36:00+08:00
7239b865-319a-4a9b-9bc6-04119918d523,M-1479,ORD-20260828-3672-0280,CONCESSION_ACCRUAL,18,2320,2026-08-28T14:18:00+08:00
2fb85465-22b1-4edd-988c-ab87dd702ebe,M-1497,ORD-20260828-6845-0281,CONCESSION_ACCRUAL,15,916,2026-08-28T09:15:00+08:00
8f53d18c-a4dc-4f47-a10d-bbd3eda76806,M-1914,ORD-20260828-8343-0282,CONCESSION_ACCRUAL,16,132,2026-08-28T12:50:00+08:00
e49ccce4-9ced-4148-99e5-aa4795769a45,M-1438,ORD-20260828-1182-0283,CONCESSION_ACCRUAL,23,2640,2026-08-28T20:56:00+08:00
db5c5a98-dae0-4619-812c-222d93670c4d,M-2099,ORD-20260828-5754-0284,CONCESSION_ACCRUAL,8,407,2026-08-28T20:34:00+08:00
e9589af2-0beb-4ad7-a845-29d69194e4c6,M-1285,ORD-20260828-4722-0285,CONCESSION_ACCRUAL,31,488,2026-08-28T21:57:00+08:00
a8a39435-ea70-4c03-9c7c-61534ef521cd,M-2113,ORD-20260828-3521-0286,CONCESSION_ACCRUAL,22,367,2026-08-28T18:12:00+08:00
03364d6e-4c27-463c-bafd-a3349c1eeffa,M-1513,ORD-20260828-3377-0287,CONCESSION_ACCRUAL,26,85,2026-08-28T13:24:00+08:00
41cd4153-3374-4505-bae7-6723fa5f6a6e,M-1332,ORD-20260828-8216-0288,CONCESSION_ACCRUAL,16,343,2026-08-28T20:27:00+08:00
a8988be6-126a-42fb-bb88-56dec0e77537,M-1963,ORD-20260828-4288-0289,CONCESSION_ACCRUAL,25,319,2026-08-28T10:26:00+08:00
d4dfdc47-5166-420d-a68c-18f39d26f6bc,M-1198,ORD-20260828-3150-0290,CONCESSION_ACCRUAL,45,2247,2026-08-28T20:09:00+08:00
a5e50b41-206b-4a80-ab15-b15d4a30025c,M-2096,ORD-20260828-3359-0291,CONCESSION_ACCRUAL,19,168,2026-08-28T22:38:00+08:00
197433e1-8305-46c9-bf51-bcc1bd580740,M-1066,ORD-20260828-5445-0292,CONCESSION_ACCRUAL,9,382,2026-08-28T10:01:00+08:00
12c4fd52-d8b6-491f-9fd6-fec692901ec3,M-1756,ORD-20260828-9765-0293,CONCESSION_ACCRUAL,9,867,2026-08-28T22:39:00+08:00
78d4d38d-e0e0-435e-827b-da0dbfa637d1,M-1792,ORD-20260828-9448-0294,CONCESSION_ACCRUAL,18,2183,2026-08-28T21:22:00+08:00
73cb3316-a11d-45a0-bbe3-88ff546b4f19,M-1161,ORD-20260828-8227-0295,CONCESSION_ACCRUAL,30,745,2026-08-28T20:14:00+08:00
d8031dce-e362-400b-9035-dc3fc3737f7f,M-1203,ORD-20260828-8214-0296,CONCESSION_ACCRUAL,8,231,2026-08-28T14:30:00+08:00
4d8847be-8a77-408b-a61f-4b719bacc43a,M-1833,ORD-20260828-9923-0297,CONCESSION_ACCRUAL,33,407,2026-08-28T13:26:00+08:00
60dc320c-7847-438b-887e-85d17fc768fe,M-1881,ORD-20260828-3016-0298,CONCESSION_ACCRUAL,11,255,2026-08-28T11:46:00+08:00
2ab607a1-e6a3-401b-a9ec-f26246e45333,M-1335,ORD-20260828-4430-0299,CONCESSION_ACCRUAL,10,150,2026-08-28T10:03:00+08:00
d4458fff-a435-439c-ac91-f66223fe8858,M-1481,ORD-20260828-7721-0300,CONCESSION_ACCRUAL,9,665,2026-08-28T18:32:00+08:00
8d12b3e9-bf95-431d-8037-8a3057e6ebc4,M-2068,ORD-20260828-1439-0301,CONCESSION_ACCRUAL,11,186,2026-08-28T14:50:00+08:00
8968a649-84bb-4805-b371-17f5dc6a6aa9,M-1186,ORD-20260828-2967-0302,CONCESSION_ACCRUAL,33,430,2026-08-28T14:40:00+08:00
6938f9d4-c25a-4251-b60d-a14d21cd56c9,M-1348,ORD-20260828-7312-0303,CONCESSION_ACCRUAL,3,266,2026-08-28T22:05:00+08:00
7e6ff052-6beb-40ee-bc27-d9d70da8203c,M-1163,ORD-20260828-8026-0304,CONCESSION_ACCRUAL,8,244,2026-08-28T10:48:00+08:00
ac740958-abcb-4b5b-b57a-d09cbe45f0fc,M-2197,ORD-20260828-1639-0305,CONCESSION_ACCRUAL,8,541,2026-08-28T13:12:00+08:00
1948e2b5-845d-4404-97bd-b35824b44ac7,M-1772,ORD-20260828-9181-0306,CONCESSION_ACCRUAL,8,213,2026-08-28T09:17:00+08:00
29740418-bf69-4221-acf7-47a01273b82e,M-1518,ORD-20260828-2084-0307,CONCESSION_ACCRUAL,16,688,2026-08-28T14:19:00+08:00
36fa0b3c-4fc6-4a3c-97c4-89dff1a83f92,M-1456,ORD-20260828-6075-0308,CONCESSION_ACCRUAL,22,612,2026-08-28T10:39:00+08:00
23794127-a06e-47b1-81cf-9195731c3ca4,M-1589,ORD-20260828-7105-0309,CONCESSION_ACCRUAL,19,178,2026-08-28T09:09:00+08:00
21cd0992-108b-48ad-bafd-15c1c878f58e,M-2068,ORD-20260828-7973-0310,CONCESSION_ACCRUAL,3,189,2026-08-28T17:57:00+08:00
b5d16074-df8d-448d-a4e9-705b966295c8,M-1652,ORD-20260828-9236-0311,CONCESSION_ACCRUAL,9,275,2026-08-28T16:26:00+08:00
63de544c-ba87-4b92-bacf-ecf5c5f82e68,M-1777,ORD-20260828-5860-0312,CONCESSION_ACCRUAL,20,185,2026-08-28T22:47:00+08:00
9f5f0f19-b9ae-4efc-b357-342bfd38601c,M-1143,ORD-20260828-4830-0313,CONCESSION_ACCRUAL,9,4258,2026-08-28T21:37:00+08:00
5bb16d73-4e08-42eb-9843-09571e38208e,M-1314,ORD-20260828-7635-0314,CONCESSION_ACCRUAL,10,393,2026-08-28T18:57:00+08:00
b4cc2268-15a8-4fe2-83b0-b2b10c46ea31,M-1941,ORD-20260828-9041-0315,CONCESSION_ACCRUAL,11,136,2026-08-28T13:38:00+08:00
25ad4f86-6ff2-4f72-ad2b-11f48f13685e,M-2068,ORD-20260828-3423-0316,CONCESSION_ACCRUAL,20,209,2026-08-28T22:21:00+08:00
cb8b7b0f-0a17-44eb-8f90-2215c5d13a7b,M-1885,ORD-20260828-3491-0317,CONCESSION_ACCRUAL,16,68,2026-08-28T22:45:00+08:00
7518c722-77e3-4ed9-b232-44cabe108e10,M-1771,ORD-20260828-9906-0318,CONCESSION_ACCRUAL,16,225,2026-08-28T18:09:00+08:00
79684404-0179-47cc-bb21-817ea1000d48,M-1517,ORD-20260828-3932-0319,CONCESSION_ACCRUAL,11,97,2026-08-28T14:07:00+08:00
cf7eb0cf-a2cc-4d56-9e82-cbec86a07e02,M-1243,ORD-20260828-1802-0320,CONCESSION_ACCRUAL,21,240,2026-08-28T14:43:00+08:00
f5bc843c-e12a-4a1d-92c1-f582de36a7e6,M-1119,ORD-20260828-2819-0321,CONCESSION_ACCRUAL,10,370,2026-08-28T21:29:00+08:00
61b6c64a-56da-41cc-b75d-154307e3005b,M-1444,ORD-20260828-5204-0322,CONCESSION_ACCRUAL,36,3419,2026-08-28T15:48:00+08:00
41258eb5-060d-4f7d-8717-fd0d788939bd,M-1191,ORD-20260828-5682-0323,CONCESSION_ACCRUAL,9,172,2026-08-28T10:13:00+08:00
e62a4d30-05b7-4fb9-8944-cf7e46bd209a,M-1217,ORD-20260828-1047-0324,CONCESSION_ACCRUAL,37,354,2026-08-28T20:22:00+08:00
d256e6cd-ebaf-48a9-8251-8a42d9c8ef12,M-1741,ORD-20260828-7697-0325,CONCESSION_ACCRUAL,26,143,2026-08-28T21:38:00+08:00
e836f7de-bee3-41eb-95c4-5ebe62ead67d,M-1056,ORD-20260828-8661-0326,CONCESSION_ACCRUAL,3,66,2026-08-28T10:49:00+08:00
3b64751e-369e-4ecc-9de1-a213b1b5df58,M-1595,ORD-20260828-4639-0327,CONCESSION_ACCRUAL,8,178,2026-08-28T12:02:00+08:00
bdb8bf2d-48b1-4f33-a269-347765d8a6d0,M-1816,ORD-20260828-3745-0328,CONCESSION_ACCRUAL,10,303,2026-08-28T14:39:00+08:00
60e3e2f2-f709-481e-8b52-bc7cb48eb547,M-1396,ORD-20260828-7301-0329,CONCESSION_ACCRUAL,11,197,2026-08-28T14:05:00+08:00
40fa0960-acce-4626-9a58-a4cc966707aa,M-2081,ORD-20260828-6759-0330,CONCESSION_ACCRUAL,9,89,2026-08-28T12:00:00+08:00
07deb7ca-17a3-43c8-a95d-353c17f72d04,M-1107,ORD-20260828-5681-0331,CONCESSION_ACCRUAL,15,137,2026-08-28T19:21:00+08:00
2a68194a-0cb4-44a7-9547-482057463030,M-1927,ORD-20260828-9890-0332,CONCESSION_ACCRUAL,9,125,2026-08-28T22:37:00+08:00
fc98f09b-78a9-4bf4-8b21-5d730e801ad3,M-1995,ORD-20260828-5379-0333,CONCESSION_ACCRUAL,11,314,2026-08-28T21:37:00+08:00
b55cfbb2-e64e-4426-ae54-0c0d5a1d7450,M-1943,ORD-20260828-4319-0334,CONCESSION_ACCRUAL,9,34,2026-08-28T11:01:00+08:00
e687f5ac-1c34-42ef-9804-e0d55ae71a64,M-2181,ORD-20260828-4483-0335,CONCESSION_ACCRUAL,12,137,2026-08-28T14:41:00+08:00
6a8de1a3-e2e8-4d35-8b15-35b70904b2b3,M-1271,ORD-20260828-3363-0336,CONCESSION_ACCRUAL,9,75,2026-08-28T13:38:00+08:00
9c6fc3a4-8a92-4594-918b-eeb4ff11b828,M-2103,ORD-20260828-4301-0337,CONCESSION_ACCRUAL,6,78,2026-08-28T19:00:00+08:00
1c271aeb-06be-4c74-ba0d-8c4323aba5d8,M-1814,ORD-20260828-4103-0338,CONCESSION_ACCRUAL,33,147,2026-08-28T09:04:00+08:00
243d6468-a1c1-495e-a5d2-de53084cc724,M-2113,ORD-20260828-2518-0339,CONCESSION_ACCRUAL,27,394,2026-08-28T12:38:00+08:00
4c5bd4f8-fb21-4945-8568-739419d45d21,M-1648,ORD-20260828-7064-0340,CONCESSION_ACCRUAL,13,453,2026-08-28T13:12:00+08:00
e473f0f8-7688-4062-9d0e-41b3734c98f1,M-1265,ORD-20260828-1803-0341,CONCESSION_ACCRUAL,11,413,2026-08-28T16:39:00+08:00
46f8a804-ecae-4e2d-b16b-5b3b36dde4ce,M-1923,ORD-20260828-3375-0342,CONCESSION_ACCRUAL,12,201,2026-08-28T09:59:00+08:00
