ledger_id,member_id,source_reference_id,transaction_type,points_delta,resulting_balance,created_at
283c7096-44ce-4795-9f60-0198d0be086d,M-1886,SESS-20260729-6313-0000,RENTAL_REDEMPTION,-100,25,2026-07-29T06:00:00+08:00
72a9c174-ec69-440c-b19c-27c7bfd9833e,M-1886,SESS-20260729-6313-0000,RENTAL_ACCRUAL,19,44,2026-07-29T09:00:00+08:00
60274a10-4b5e-46a3-a3a7-0a285843a968,M-1210,SESS-20260729-1269-0001,RENTAL_ACCRUAL,48,922,2026-07-29T18:00:00+08:00
b5bf82f8-c9f6-4a1b-8cf0-40d7d63eb164,M-1099,SESS-20260729-3783-0002,RENTAL_ACCRUAL,18,363,2026-07-29T18:30:00+08:00
42d98d66-0a64-4668-a4bd-8b19632c0e7e,M-1823,SESS-20260729-7253-0003,RENTAL_REDEMPTION,-100,500,2026-07-29T11:00:00+08:00
68d0728f-8d8a-45f0-a703-b94f887ad111,M-1823,SESS-20260729-7253-0003,RENTAL_ACCRUAL,5,505,2026-07-29T13:00:00+08:00
ab15d7d8-f170-43f2-b950-54bda4d1d8a1,M-1341,SESS-20260729-5096-0004,RENTAL_REDEMPTION,-200,7,2026-07-29T19:15:00+08:00
95ff8b58-a89c-44fe-9a2d-dfe1ba8fbfa3,M-1341,SESS-20260729-5096-0004,RENTAL_ACCRUAL,30,37,2026-07-30T03:15:00+08:00
05e519d2-cbde-4a67-aed1-24e0d510f269,M-1341,TIER_UPGRADE_Standard_TO_Silver,TIER_BONUS,50,87,2026-07-30T03:15:00+08:00
100ce9b8-8780-4fc7-a842-064d6b7d7d12,M-1623,SESS-20260729-1190-0005,RENTAL_ACCRUAL,27,38,2026-07-30T01:45:00+08:00
e2f36f45-07db-4998-9ef2-2fbceee634ef,M-1941,SESS-20260729-8109-0006,RENTAL_ACCRUAL,15,82,2026-07-29T16:15:00+08:00
dacb01dc-72fc-4d47-99ed-c49a35181517,M-1968,SESS-20260729-5270-0007,RENTAL_ACCRUAL,5,180,2026-07-29T18:30:00+08:00
247be367-eff2-4756-a594-bd9debfe40a6,M-1248,SESS-20260729-6880-0008,RENTAL_ACCRUAL,5,299,2026-07-29T11:00:00+08:00
48486425-9a67-4a97-8002-f86d952f1f2a,M-1384,SESS-20260729-9075-0009,RENTAL_ACCRUAL,28,1233,2026-07-29T22:45:00+08:00
bb0e11ae-44a0-434b-b712-8274b5a67fc6,M-1221,SESS-20260729-5550-0010,RENTAL_ACCRUAL,43,1944,2026-07-29T22:30:00+08:00
16ac18e7-d313-4ab7-9efb-7c501a46536b,M-1136,SESS-20260729-6361-0011,RENTAL_ACCRUAL,40,277,2026-07-29T17:45:00+08:00
42aca0fd-32b1-455a-9172-90c914f344be,M-1064,SESS-20260729-2945-0012,RENTAL_ACCRUAL,18,106,2026-07-30T00:45:00+08:00
e84cfaa9-34c0-429e-9ead-dcd196e34e72,M-1429,SESS-20260729-7275-0013,RENTAL_ACCRUAL,16,516,2026-07-29T18:30:00+08:00
ceef7917-4b71-44fc-baa9-fccb43eb4a70,M-1507,SESS-20260729-5950-0014,RENTAL_REDEMPTION,-200,63,2026-07-29T21:30:00+08:00
c9eb2d49-6ec8-47ea-9142-acef2796cadc,M-1507,SESS-20260729-5950-0014,RENTAL_ACCRUAL,5,68,2026-07-29T23:30:00+08:00
7ded6bb4-d79d-4f25-97c1-bc96853a45f1,M-1493,SESS-20260729-9543-0015,RENTAL_ACCRUAL,11,178,2026-07-29T08:45:00+08:00
9ceca4ff-8c01-4154-a551-d4169fe80b5e,M-1273,SESS-20260729-1692-0016,RENTAL_ACCRUAL,11,967,2026-07-29T13:15:00+08:00
ac2f1cf0-ed90-4dd5-be43-dc629b391527,M-2074,SESS-20260729-2363-0017,RENTAL_ACCRUAL,24,234,2026-07-29T19:45:00+08:00
07f343c8-5a3b-4e87-a2ff-3537d1555ab9,M-1382,SESS-20260729-5550-0018,RENTAL_ACCRUAL,5,296,2026-07-29T16:45:00+08:00
5f694eef-69ea-40a5-a301-8fa697d752b1,M-1265,SESS-20260729-2920-0019,RENTAL_ACCRUAL,40,285,2026-07-30T02:30:00+08:00
4335956d-7596-4f8b-98ec-3f502b829539,M-1488,SESS-20260729-9608-0020,RENTAL_ACCRUAL,67,680,2026-07-30T03:45:00+08:00
753b994b-759b-4c37-9690-7ff33f386374,M-1132,SESS-20260729-4436-0021,RENTAL_REDEMPTION,-100,809,2026-07-29T22:30:00+08:00
f42f859d-e1e2-4ec2-9e07-0c5a2168ee1f,M-1132,SESS-20260729-4436-0021,RENTAL_ACCRUAL,4,813,2026-07-30T00:30:00+08:00
13d97c63-7407-4511-a917-ccd7e8a40e1c,M-1185,SESS-20260729-5642-0022,RENTAL_REDEMPTION,-100,131,2026-07-29T13:00:00+08:00
e78cb40f-0674-413e-824b-68666c42fef2,M-1185,SESS-20260729-5642-0022,RENTAL_ACCRUAL,5,136,2026-07-29T15:00:00+08:00
98d8c792-0ad8-4830-a060-89f2e60c4405,M-1838,SESS-20260729-8089-0023,RENTAL_ACCRUAL,28,583,2026-07-30T02:15:00+08:00
0a2f8b9a-bcb7-4767-a1de-30abe9de145a,M-1679,SESS-20260729-2306-0024,RENTAL_ACCRUAL,16,520,2026-07-29T19:45:00+08:00
00134df3-1ed9-4fdb-99da-ceada0372d70,M-1820,SESS-20260729-6490-0025,RENTAL_ACCRUAL,27,463,2026-07-29T10:30:00+08:00
a3090491-7157-4102-9a56-384122ab1adf,M-1239,SESS-20260729-8122-0026,RENTAL_ACCRUAL,5,87,2026-07-29T18:30:00+08:00
dec178e5-c755-4205-ae82-3d3ca3cd3226,M-1283,SESS-20260729-6712-0027,RENTAL_ACCRUAL,16,196,2026-07-29T17:45:00+08:00
4d8b6cc9-dc3c-4a7e-9a9e-1208a0121c91,M-1594,SESS-20260729-3645-0028,RENTAL_REDEMPTION,-200,76,2026-07-29T03:15:00+08:00
3677ec17-1f4a-473d-aa70-3576f8969ce8,M-1594,SESS-20260729-3645-0028,RENTAL_ACCRUAL,15,91,2026-07-29T08:15:00+08:00
b2b6effc-7bc3-4fcd-a292-0ca4658f7790,M-1010,SESS-20260729-5515-0029,RENTAL_ACCRUAL,5,145,2026-07-29T15:15:00+08:00
69158fe0-0960-47cc-8119-726aed9c5502,M-1012,SESS-20260729-7101-0030,RENTAL_ACCRUAL,13,345,2026-07-29T17:30:00+08:00
8cf22f77-4308-4b4b-83a7-319b8ac75e74,M-1628,SESS-20260729-5078-0031,RENTAL_ACCRUAL,18,347,2026-07-29T13:15:00+08:00
0914507b-9539-4f98-856b-be5360e37266,M-1462,SESS-20260729-2632-0032,RENTAL_ACCRUAL,11,119,2026-07-30T00:30:00+08:00
1b324644-59bd-4a53-875d-73fe9d70a8ed,M-1813,SESS-20260729-2692-0033,RENTAL_REDEMPTION,-200,781,2026-07-29T20:45:00+08:00
3f6b949d-7984-48a0-afc9-a82f5bf4c34d,M-1813,SESS-20260729-2692-0033,RENTAL_ACCRUAL,1,782,2026-07-29T21:45:00+08:00
4123d798-27fa-417a-b63e-a02f0ffe79e9,M-1439,SESS-20260729-1155-0034,RENTAL_ACCRUAL,28,184,2026-07-30T04:00:00+08:00
3951ab7a-1ad5-439e-b10e-1201cb6bc93e,M-1829,SESS-20260729-4091-0035,RENTAL_REDEMPTION,-100,147,2026-07-29T19:00:00+08:00
5e805443-ec7f-47c7-bda3-d93857ebe95c,M-1829,SESS-20260729-4091-0035,RENTAL_ACCRUAL,5,152,2026-07-29T21:00:00+08:00
b9a43918-638e-4cf6-9e92-e5343e5cb910,M-1509,SESS-20260729-1496-0036,RENTAL_ACCRUAL,19,425,2026-07-29T23:30:00+08:00
8cb68bce-feea-4964-ad09-615f6f7958d8,M-1104,SESS-20260729-6248-0037,RENTAL_ACCRUAL,28,332,2026-07-29T22:30:00+08:00
ae15d458-8314-4498-bb5d-fdf5c1dcf566,M-1612,SESS-20260729-8784-0038,RENTAL_ACCRUAL,16,487,2026-07-29T15:30:00+08:00
61d8a481-a061-4def-897d-17de3eeeb3e8,M-1102,SESS-20260729-9877-0039,RENTAL_ACCRUAL,36,250,2026-07-29T20:45:00+08:00
0338bb6d-ea4f-42f2-9960-f8d5f1cbbb1e,M-1102,TIER_UPGRADE_Standard_TO_Silver,TIER_BONUS,50,300,2026-07-29T20:45:00+08:00
8f113aa7-0242-4bab-8c9e-fc75c90a6fee,M-2053,SESS-20260729-4793-0040,RENTAL_ACCRUAL,5,144,2026-07-29T20:45:00+08:00
844b5abb-6512-4aba-bf91-9a045bc0bde8,M-1187,SESS-20260729-5275-0041,RENTAL_ACCRUAL,18,357,2026-07-29T05:30:00+08:00
b35cd94d-2a9d-4841-a8d1-4fb4538bfc50,M-1664,SESS-20260729-8282-0042,RENTAL_REDEMPTION,-200,2311,2026-07-29T21:00:00+08:00
06dba00e-b3b6-4888-965d-ad7faa10cba3,M-1664,SESS-20260729-8282-0042,RENTAL_ACCRUAL,3,2314,2026-07-30T00:00:00+08:00
5cc4eddd-2c30-4528-a5c3-4d0e15de77a4,M-1115,SESS-20260729-2158-0043,RENTAL_ACCRUAL,16,197,2026-07-29T21:30:00+08:00
bbad2f35-dd1f-4f5b-8acc-b379c0b67892,M-1611,SESS-20260729-7323-0044,RENTAL_ACCRUAL,6,370,2026-07-29T16:00:00+08:00
4e9fd1ba-cf10-4925-8c65-77181d875b2e,M-1549,SESS-20260729-9208-0045,RENTAL_ACCRUAL,40,265,2026-07-29T20:55:00+08:00
0c4fac70-bee1-4003-a236-fbae6d2db91c,M-1091,SESS-20260729-8098-0046,RENTAL_ACCRUAL,10,87,2026-07-29T23:45:00+08:00
5373e309-c340-485e-a2a6-1331a566f82d,M-1210,SESS-20260729-4545-0047,RENTAL_ACCRUAL,48,970,2026-07-29T23:40:00+08:00
848c7162-3dc4-4251-b532-59e05f73968a,M-1814,SESS-20260729-7210-0048,RENTAL_ACCRUAL,18,226,2026-07-29T23:45:00+08:00
452a5f1b-94ab-4e2c-9765-dd5bde7977d3,M-1267,SESS-20260729-6030-0049,RENTAL_ACCRUAL,27,202,2026-07-30T02:15:00+08:00
64757f0a-f5aa-423f-b750-06f6e359c018,M-2191,SESS-20260729-5000-0050,RENTAL_ACCRUAL,24,181,2026-07-29T18:00:00+08:00
1d6a4416-3266-43b6-91d0-32fe43f82c44,M-2020,SESS-20260729-1461-0051,RENTAL_ACCRUAL,25,165,2026-07-30T04:00:00+08:00
91d234b4-8c0c-46a2-9882-7a87c83d1fd0,M-1590,SESS-20260729-6464-0052,RENTAL_ACCRUAL,27,85,2026-07-29T09:45:00+08:00
7fe50aca-c1c5-46e8-aa47-055153fad908,M-1244,SESS-20260729-7478-0053,RENTAL_ACCRUAL,5,248,2026-07-29T17:00:00+08:00
080b1393-f47d-4ad8-bde4-ee4b772e81cc,M-1182,SESS-20260729-5808-0054,RENTAL_ACCRUAL,40,207,2026-07-30T01:40:00+08:00
1683a946-5f15-4eea-9069-f96c54a568ba,M-1414,SESS-20260729-9838-0055,RENTAL_ACCRUAL,27,409,2026-07-29T22:15:00+08:00
0774ad5a-9c66-484c-8e64-9ee6e40d10b9,M-1573,SESS-20260729-6567-0056,RENTAL_ACCRUAL,5,554,2026-07-29T12:30:00+08:00
509df55a-920a-4062-bec1-3202b7ddb0b4,M-1325,SESS-20260729-1876-0057,RENTAL_ACCRUAL,16,300,2026-07-30T01:30:00+08:00
a93c81f7-ee2d-4433-b9a2-475ab035d2a9,M-1476,SESS-20260729-8831-0058,RENTAL_ACCRUAL,9,566,2026-07-29T16:00:00+08:00
c5de6791-3d8d-4c4c-bd9e-78aed9f9ac7c,M-1518,SESS-20260729-8390-0059,RENTAL_REDEMPTION,-100,313,2026-07-29T12:15:00+08:00
5cbf655a-9356-4f1b-b7e3-e1751528ba79,M-1518,SESS-20260729-8390-0059,RENTAL_ACCRUAL,2,315,2026-07-29T13:15:00+08:00
aef06d1f-5884-4b22-91fb-1bb822bf2560,M-1643,SESS-20260729-1312-0060,RENTAL_ACCRUAL,28,441,2026-07-29T17:15:00+08:00
74531d6d-77f1-46a1-bb33-23aaf3bba54d,M-1401,SESS-20260729-3513-0061,RENTAL_ACCRUAL,11,447,2026-07-29T17:15:00+08:00
40660db5-d567-48bb-abb5-e7bddedccfa0,M-1471,SESS-20260729-4849-0062,RENTAL_ACCRUAL,27,256,2026-07-29T06:00:00+08:00
3aa0e8cf-af64-45ba-bfa8-22daa2175902,M-1816,SESS-20260729-8437-0063,RENTAL_REDEMPTION,-100,53,2026-07-29T21:15:00+08:00
9a98d176-6059-4b94-9029-c17f854315c9,M-1816,SESS-20260729-8437-0063,RENTAL_ACCRUAL,2,55,2026-07-29T22:15:00+08:00
8a59d479-8641-4ad6-878a-07c305795af0,M-1474,SESS-20260729-1944-0064,RENTAL_REDEMPTION,-100,76,2026-07-29T23:50:00+08:00
d8e0ae55-a1cd-45bd-ad1e-05a6a5f3fffe,M-1474,SESS-20260729-1944-0064,RENTAL_ACCRUAL,5,81,2026-07-30T01:50:00+08:00
6868c637-d051-459a-a7ba-bbac507e613e,M-1934,SESS-20260729-2365-0065,RENTAL_ACCRUAL,8,98,2026-07-30T00:45:00+08:00
12d4e966-706f-4461-b8ca-30de647e66e8,M-1150,SESS-20260729-8684-0066,RENTAL_ACCRUAL,45,339,2026-07-30T06:45:00+08:00
607722fc-cb71-4fe2-8231-9f780b5375e2,M-1206,SESS-20260729-7748-0067,RENTAL_ACCRUAL,16,296,2026-07-30T02:30:00+08:00
c663fcec-c382-499f-b4c1-473bafe2e1c3,M-1665,SESS-20260729-9917-0068,RENTAL_REDEMPTION,-100,1213,2026-07-29T21:45:00+08:00
e02da00c-a0ef-4eb3-9b91-89c946e03777,M-1665,SESS-20260729-9917-0068,RENTAL_ACCRUAL,10,1223,2026-07-30T00:45:00+08:00
80ea2ee4-51d9-491b-ad36-9ca3aa387568,M-1218,SESS-20260729-7313-0069,RENTAL_ACCRUAL,13,101,2026-07-29T10:15:00+08:00
941da2d8-9c4a-4110-8912-bd3fbf0132b3,M-1561,SESS-20260729-6984-0070,RENTAL_ACCRUAL,5,300,2026-07-29T18:15:00+08:00
4884773c-2938-40f7-89a7-10e90ba6d2e0,M-1697,SESS-20260729-2520-0071,RENTAL_REDEMPTION,-500,171,2026-07-29T22:25:00+08:00
b291f225-5689-467d-bdb0-57b5188ab436,M-1697,SESS-20260729-2520-0071,RENTAL_ACCRUAL,36,207,2026-07-30T03:25:00+08:00
f8230f46-a250-4b01-9380-11eb3b6139b6,M-1106,SESS-20260729-6564-0072,RENTAL_ACCRUAL,18,273,2026-07-29T21:15:00+08:00
c50b80c2-5414-4523-9b66-41d017481186,M-1508,SESS-20260729-7347-0073,RENTAL_ACCRUAL,11,429,2026-07-29T15:00:00+08:00
85737d3a-9270-4f24-8abf-33548064543b,M-1219,SESS-20260729-2491-0074,RENTAL_ACCRUAL,60,260,2026-07-30T02:05:00+08:00
e03110ad-b19b-44fe-b894-2dc2475070d6,M-1219,TIER_UPGRADE_Standard_TO_Silver,TIER_BONUS,50,310,2026-07-30T02:05:00+08:00
0d72e5b7-9e50-45f0-9a01-067b19515824,M-1484,SESS-20260729-9511-0075,RENTAL_ACCRUAL,9,282,2026-07-29T18:15:00+08:00
373101f4-fe20-49de-888e-850242862d02,M-1633,SESS-20260729-3063-0076,RENTAL_ACCRUAL,11,123,2026-07-29T03:15:00+08:00
3a4530c9-c650-4a28-b48e-58c05860a2f1,M-1109,SESS-20260729-6421-0077,RENTAL_ACCRUAL,5,377,2026-07-29T16:45:00+08:00
dd248d71-c2c0-4c3d-8cf0-84e297fc920d,M-1213,SESS-20260729-4706-0078,RENTAL_ACCRUAL,11,189,2026-07-30T00:15:00+08:00
57088e84-667e-4456-ac19-d33f42e90359,M-1730,SESS-20260729-7860-0079,RENTAL_REDEMPTION,-100,67,2026-07-29T16:15:00+08:00
19da047a-c94d-41cb-9494-ca1bff339d34,M-1730,SESS-20260729-7860-0079,RENTAL_ACCRUAL,10,77,2026-07-29T19:15:00+08:00
24926079-52ed-40f6-82e8-9e22b4618840,M-1751,SESS-20260729-8500-0080,RENTAL_ACCRUAL,27,445,2026-07-29T16:15:00+08:00
ecc7dbbd-af9b-4a25-8072-6c81c739e05a,M-1609,SESS-20260729-3462-0081,RENTAL_ACCRUAL,16,168,2026-07-29T23:30:00+08:00
cf51c75d-6257-44c6-99c2-bc32944252d3,M-1466,SESS-20260729-7912-0082,RENTAL_ACCRUAL,28,3585,2026-07-29T21:10:00+08:00
ea42519c-8611-4ebf-8244-46b508cd4052,M-1038,SESS-20260729-5920-0083,RENTAL_ACCRUAL,11,366,2026-07-29T11:30:00+08:00
78690330-e524-4616-82ae-36bb286df572,M-1521,SESS-20260729-4454-0084,RENTAL_ACCRUAL,76,389,2026-07-30T02:45:00+08:00
0cb4c8ee-c34a-4128-9d62-c17affb11346,M-1864,SESS-20260729-7521-0085,RENTAL_ACCRUAL,16,211,2026-07-29T04:45:00+08:00
525a28db-2218-4b41-b9aa-e100a6a7dcf7,M-1532,SESS-20260729-3572-0086,RENTAL_ACCRUAL,5,76,2026-07-29T23:30:00+08:00
7bb6a2ab-4eab-4afa-a679-4142ddd0ac04,M-1158,SESS-20260729-7000-0087,RENTAL_ACCRUAL,27,320,2026-07-30T00:15:00+08:00
38c11f3d-005e-4852-9e49-2033aae77d26,M-1242,SESS-20260729-3398-0088,RENTAL_ACCRUAL,11,301,2026-07-29T12:30:00+08:00
3efd581d-ee6e-465a-9f07-5bf79ab1f8f4,M-2043,SESS-20260729-6760-0089,RENTAL_ACCRUAL,5,26,2026-07-29T16:45:00+08:00
86f61e5d-ed83-4527-9f6c-4d527b55094e,M-1808,SESS-20260729-2095-0090,RENTAL_ACCRUAL,18,1879,2026-07-29T16:30:00+08:00
15911418-1e77-4f37-b17d-04698dd368c1,M-1721,SESS-20260729-9340-0091,RENTAL_ACCRUAL,9,296,2026-07-29T16:15:00+08:00
c607f52c-6d77-4e49-ae4a-5161e0994f8c,M-1956,SESS-20260729-4539-0092,RENTAL_REDEMPTION,-100,46,2026-07-29T21:45:00+08:00
c561d523-1b59-4daf-a682-74e7012890f9,M-1956,SESS-20260729-4539-0092,RENTAL_ACCRUAL,19,65,2026-07-29T23:45:00+08:00
86b4689c-21fe-4ae3-bdfe-c8be9475682b,M-1387,SESS-20260729-8340-0093,RENTAL_ACCRUAL,13,328,2026-07-29T21:45:00+08:00
bdd51980-30d2-4d62-8e42-14945ab27ae0,M-1185,SESS-20260729-1145-0094,RENTAL_ACCRUAL,27,163,2026-07-29T23:00:00+08:00
e16db1d9-a397-41de-85b1-b5b6f1f562c1,M-1216,SESS-20260729-1063-0095,RENTAL_REDEMPTION,-100,299,2026-07-29T19:45:00+08:00
bdcaf696-94bc-499c-8307-ea9a4d3b8b88,M-1216,SESS-20260729-1063-0095,RENTAL_ACCRUAL,4,303,2026-07-29T21:45:00+08:00
c8c892e7-f78e-4a68-a01f-89de6d606a61,M-1564,SESS-20260729-1248-0096,RENTAL_ACCRUAL,27,533,2026-07-29T20:15:00+08:00
fa7b67df-f7cf-41ec-b212-fea9865f88c7,M-1730,SESS-20260729-9567-0097,RENTAL_ACCRUAL,27,104,2026-07-29T22:45:00+08:00
87ac8bcd-e7dd-4cfb-84b6-aa2d4d8fb35c,M-1455,SESS-20260729-8224-0098,RENTAL_ACCRUAL,11,453,2026-07-29T19:30:00+08:00
aaee9011-6a0a-4023-8eb3-be44c4926932,M-1940,SESS-20260729-6982-0099,RENTAL_ACCRUAL,8,72,2026-07-29T14:15:00+08:00
9782d9cd-de5c-48f0-adc2-2922be8d1db7,M-1830,SESS-20260729-8788-0100,RENTAL_ACCRUAL,12,466,2026-07-29T23:15:00+08:00
f9fd76ca-57c7-43bf-aedf-216dd46874e0,M-1116,SESS-20260729-2868-0101,RENTAL_ACCRUAL,11,341,2026-07-29T09:00:00+08:00
6657d8cb-a0e4-4a9a-bccd-a9dafd8b612b,M-1395,SESS-20260729-7786-0102,RENTAL_ACCRUAL,18,430,2026-07-30T00:30:00+08:00
99cce007-7bcc-43b4-b0b8-b1462e824960,M-1989,SESS-20260729-6422-0103,RENTAL_ACCRUAL,16,195,2026-07-29T11:45:00+08:00
ae927824-03f5-4ba9-92e1-471904d18c89,M-1784,SESS-20260729-2809-0104,RENTAL_ACCRUAL,11,259,2026-07-29T21:00:00+08:00
a5efc64c-785f-4f45-b336-46f745adab1e,M-1634,SESS-20260729-1568-0105,RENTAL_REDEMPTION,-100,116,2026-07-29T07:05:00+08:00
d073b404-0fc2-4e85-9ccd-44afa956c0b6,M-1634,SESS-20260729-1568-0105,RENTAL_ACCRUAL,20,136,2026-07-29T10:05:00+08:00
0ac4d4f8-4e6e-4550-84d8-083f2e63c62d,M-2043,SESS-20260729-7649-0106,RENTAL_ACCRUAL,36,62,2026-07-29T21:30:00+08:00
0b3c1c94-f9e6-46dd-b3f6-e64b1844ab2b,M-1083,SESS-20260729-4990-0107,RENTAL_ACCRUAL,18,418,2026-07-29T22:45:00+08:00
116bd2f6-eee9-4e56-98e8-0016ed42b274,M-1026,SESS-20260729-1552-0108,RENTAL_ACCRUAL,30,1705,2026-07-29T16:15:00+08:00
55bde20b-0daa-4e42-8b42-9a7cd2b66a1b,M-1464,SESS-20260729-7577-0109,RENTAL_REDEMPTION,-100,83,2026-07-29T16:15:00+08:00
ff018f28-267f-404b-bac1-8f7e3953a5f3,M-1464,SESS-20260729-7577-0109,RENTAL_ACCRUAL,7,90,2026-07-29T17:15:00+08:00
239f8378-7507-4978-b8a6-0997c9f2ba75,M-1291,SESS-20260729-9349-0110,RENTAL_ACCRUAL,11,280,2026-07-29T16:30:00+08:00
b0d00d74-8883-4eb9-b7c7-f421fc714ac8,M-1318,SESS-20260729-7987-0111,RENTAL_ACCRUAL,45,360,2026-07-30T02:15:00+08:00
8e7649e2-4424-4c9b-a635-72382b38ed15,M-1515,SESS-20260729-9993-0112,RENTAL_REDEMPTION,-100,194,2026-07-29T11:00:00+08:00
ad30e469-3c98-4e3e-bf9c-b82767c2e17b,M-1515,SESS-20260729-9993-0112,RENTAL_ACCRUAL,61,255,2026-07-29T16:00:00+08:00
56cdcc7e-c151-4043-ab3b-8438f176131a,M-1472,SESS-20260729-1326-0113,RENTAL_ACCRUAL,18,72,2026-07-29T08:00:00+08:00
08f44183-6fdb-418a-9fc0-e4427a2648d7,M-1630,SESS-20260729-2949-0114,RENTAL_ACCRUAL,12,578,2026-07-29T22:15:00+08:00
e434aebb-cd5e-4661-8927-38be984e0317,M-1165,SESS-20260729-7156-0115,RENTAL_REDEMPTION,-100,3,2026-07-29T13:30:00+08:00
f3b0269b-0e09-4de4-9cb7-26fa299bb39d,M-1165,SESS-20260729-7156-0115,RENTAL_ACCRUAL,2,5,2026-07-29T14:30:00+08:00
1a195d98-3ef8-4a94-9ab9-8db277843842,M-1075,SESS-20260729-5433-0116,RENTAL_REDEMPTION,-100,95,2026-07-29T15:45:00+08:00
493d0da8-cd67-40b8-9d81-33072cdf24a6,M-1075,SESS-20260729-5433-0116,RENTAL_ACCRUAL,5,100,2026-07-29T17:45:00+08:00
dddaea84-b9b6-431d-8e10-ff429a1d52af,M-1054,SESS-20260729-3373-0117,RENTAL_REDEMPTION,-100,176,2026-07-29T16:15:00+08:00
df0b5793-e85b-4f63-ba04-0a1eefb407a3,M-1054,SESS-20260729-3373-0117,RENTAL_ACCRUAL,34,210,2026-07-29T19:15:00+08:00
a4861ee3-d667-4d24-b44a-0ac30884e9b0,M-2077,SESS-20260729-4628-0118,RENTAL_ACCRUAL,10,129,2026-07-29T18:45:00+08:00
310631e1-b8df-4e1c-9b11-62eb18159e29,M-1701,SESS-20260729-8703-0119,RENTAL_ACCRUAL,5,522,2026-07-29T17:00:00+08:00
ac653b87-c85e-465c-9376-c1ed583b9c12,M-1063,SESS-20260729-7755-0120,RENTAL_ACCRUAL,27,287,2026-07-29T14:15:00+08:00
66488021-c97e-4336-a84c-e29fa9e30f77,M-1550,SESS-20260729-8048-0121,RENTAL_ACCRUAL,45,224,2026-07-30T04:30:00+08:00
f63a39d7-998b-4d05-a964-b1edaa7dc46e,M-1304,SESS-20260729-3818-0122,RENTAL_ACCRUAL,28,264,2026-07-29T18:30:00+08:00
f6e5d14e-9b8c-4fd4-8dee-4220a548487d,M-1584,SESS-20260729-5928-0123,RENTAL_REDEMPTION,-100,28,2026-07-29T22:15:00+08:00
5e614faa-df93-4e24-ba06-1e0723a0ffc3,M-1584,SESS-20260729-5928-0123,RENTAL_ACCRUAL,20,48,2026-07-30T00:15:00+08:00
9c0cab81-6007-4c78-b743-5e06d9e866e9,M-1459,SESS-20260729-7868-0124,RENTAL_ACCRUAL,16,206,2026-07-30T01:00:00+08:00
b00901f1-97d5-4dcc-bb7f-ba15a21775d8,M-1138,SESS-20260729-6065-0125,RENTAL_ACCRUAL,18,577,2026-07-29T20:15:00+08:00
63e30b5d-0ba7-4601-b1a5-b77f70205222,M-1928,SESS-20260729-2625-0126,RENTAL_ACCRUAL,16,192,2026-07-29T18:45:00+08:00
31f9aad8-42fc-4066-a095-b3b5b7bc4264,M-1559,SESS-20260729-8705-0127,RENTAL_ACCRUAL,18,330,2026-07-29T20:45:00+08:00
94001e57-c1d3-4e90-af38-fbe4a341a8f6,M-1612,SESS-20260729-7071-0128,RENTAL_ACCRUAL,16,503,2026-07-29T19:25:00+08:00
c97d60b5-8fea-4847-b86e-d87e8421d1b5,M-1566,SESS-20260729-8220-0129,RENTAL_ACCRUAL,30,589,2026-07-30T03:00:00+08:00
3fa0a820-8880-4ef1-ab9a-63804fafc8cb,M-1511,SESS-20260729-9519-0130,RENTAL_ACCRUAL,18,484,2026-07-29T21:00:00+08:00
60551bf4-974f-425a-ae7f-9dacf4bafb56,M-1944,SESS-20260729-6849-0131,RENTAL_REDEMPTION,-100,307,2026-07-29T21:25:00+08:00
a073db91-0e53-45bd-9eec-5a2a625c22d3,M-1944,SESS-20260729-6849-0131,RENTAL_ACCRUAL,2,309,2026-07-29T22:25:00+08:00
bf13ef66-728a-4702-b8b8-a9fe39a18995,M-1491,SESS-20260729-8910-0132,RENTAL_ACCRUAL,11,148,2026-07-29T13:00:00+08:00
60453dda-920c-408f-8ebd-d2dacef50218,M-2023,SESS-20260729-8880-0133,RENTAL_REDEMPTION,-100,202,2026-07-29T16:55:00+08:00
a631d90d-40c7-4bd8-881c-eacda2e1504f,M-2023,SESS-20260729-8880-0133,RENTAL_ACCRUAL,5,207,2026-07-29T18:55:00+08:00
2f832c0e-d278-4bd9-aeb5-d251c4374863,M-1359,SESS-20260729-2839-0134,RENTAL_ACCRUAL,18,1832,2026-07-29T21:00:00+08:00
157e1210-d8a8-483d-b934-5f1f342f3f3a,M-2107,SESS-20260729-9371-0135,RENTAL_REDEMPTION,-100,114,2026-07-29T14:00:00+08:00
a1721115-d005-4201-b27e-83813cccd1d7,M-2107,SESS-20260729-9371-0135,RENTAL_ACCRUAL,10,124,2026-07-29T17:00:00+08:00
7d8a9ff9-b7e2-4fa5-94d2-8b08a61f09fb,M-1245,SESS-20260729-6253-0136,RENTAL_ACCRUAL,16,139,2026-07-30T00:15:00+08:00
f30e1b77-906c-4985-a17c-950c97bb9285,M-1148,SESS-20260729-2844-0137,RENTAL_ACCRUAL,18,132,2026-07-29T23:30:00+08:00
e990ca21-b30f-43cb-9099-fc5d6de33624,M-1822,SESS-20260729-1787-0138,RENTAL_REDEMPTION,-100,143,2026-07-29T13:15:00+08:00
40b25a9f-c8ab-40ff-964f-118b7d25a90a,M-1822,SESS-20260729-1787-0138,RENTAL_ACCRUAL,5,148,2026-07-29T15:15:00+08:00
c603d230-bd92-40e1-b79b-573d90fe5596,M-1630,SESS-20260729-6322-0139,RENTAL_REDEMPTION,-100,478,2026-07-29T23:30:00+08:00
2f1280ec-0829-48fa-8b19-ba632ac67ed1,M-1630,SESS-20260729-6322-0139,RENTAL_ACCRUAL,4,482,2026-07-30T01:30:00+08:00
4efe4e92-0ef7-475d-ad79-befd2343df30,M-1062,SESS-20260729-4468-0140,RENTAL_ACCRUAL,9,467,2026-07-30T00:10:00+08:00
191aec82-e8bd-4b31-ab5e-664cc00bcf49,M-1437,SESS-20260729-8754-0141,RENTAL_REDEMPTION,-100,205,2026-07-29T22:30:00+08:00
820fa75d-3bda-4c4c-a8af-2cd31348574d,M-1437,SESS-20260729-8754-0141,RENTAL_ACCRUAL,5,210,2026-07-30T00:30:00+08:00
70843672-ea54-4eef-9d1d-f98d1918c212,M-1526,SESS-20260729-6080-0142,RENTAL_ACCRUAL,5,869,2026-07-29T23:00:00+08:00
d5f5f9d9-3eea-4b7c-ae9b-dd14daf21c68,M-1709,SESS-20260729-8354-0143,RENTAL_ACCRUAL,11,273,2026-07-29T17:25:00+08:00
11c3a7fb-e914-4189-b72c-e9e2115032b2,M-1280,SESS-20260729-6921-0144,RENTAL_ACCRUAL,48,438,2026-07-30T05:45:00+08:00
3bf435c5-c8f0-4f19-82a5-a5c9e20b5c30,M-1691,SESS-20260729-2156-0145,RENTAL_ACCRUAL,13,233,2026-07-29T21:55:00+08:00
7f54a62d-02f9-4cc1-9e8e-0e1b652d91d4,M-1186,SESS-20260729-3391-0146,RENTAL_ACCRUAL,5,516,2026-07-29T02:15:00+08:00
294318f3-036d-44fe-b526-9012d2fc2fb6,M-1655,SESS-20260729-6402-0147,RENTAL_ACCRUAL,18,227,2026-07-30T00:15:00+08:00
c312084c-4703-4136-8477-be291b9a3414,M-1717,SESS-20260729-1141-0148,RENTAL_ACCRUAL,28,453,2026-07-30T00:45:00+08:00
c7411c7e-4171-43d2-9cf5-0f89f99c36a1,M-1870,SESS-20260729-7237-0149,RENTAL_ACCRUAL,11,134,2026-07-30T01:30:00+08:00
4ad8ca24-aff8-460d-a6b1-60cebcb17160,M-1594,SESS-20260729-3233-0150,RENTAL_ACCRUAL,15,106,2026-07-29T12:45:00+08:00
c46d50de-1fb3-4dbf-adb9-c819cded4f01,M-1594,TIER_UPGRADE_Standard_TO_Silver,TIER_BONUS,50,156,2026-07-29T12:45:00+08:00
b14b3d7f-6cf9-49c1-bf32-f7a30baa045e,M-1399,SESS-20260729-9969-0151,RENTAL_REDEMPTION,-200,49,2026-07-29T20:00:00+08:00
7798c9b0-7ae3-4b4c-9306-62fb2ac9f4b6,M-1399,SESS-20260729-9969-0151,RENTAL_ACCRUAL,4,53,2026-07-29T23:00:00+08:00
80ecf6fc-adb7-4f72-8991-9ec0703afaa6,M-1004,SESS-20260729-7372-0152,RENTAL_REDEMPTION,-100,183,2026-07-29T14:15:00+08:00
f57f3444-f8ae-4125-91c2-63a73377274d,M-1004,SESS-20260729-7372-0152,RENTAL_ACCRUAL,5,188,2026-07-29T16:15:00+08:00
4087433f-7418-466c-804a-a43afa8fffb9,M-1154,SESS-20260729-6933-0153,RENTAL_ACCRUAL,5,60,2026-07-29T16:30:00+08:00
b968c9e9-6b31-49dd-9b94-90939f914670,M-1443,SESS-20260729-2937-0154,RENTAL_ACCRUAL,18,362,2026-07-29T21:30:00+08:00
085c686a-8b08-4835-afdf-641b850e9a74,M-2084,SESS-20260729-4687-0155,RENTAL_ACCRUAL,64,90,2026-07-29T23:15:00+08:00
09c76cb7-4753-440a-8e74-35f9dda5caf3,M-1544,SESS-20260729-3646-0156,RENTAL_ACCRUAL,11,285,2026-07-29T15:45:00+08:00
b5e98607-d544-4656-871c-cdd15f282e0e,M-1667,SESS-20260729-3590-0157,RENTAL_REDEMPTION,-100,383,2026-07-29T23:35:00+08:00
f137bbbf-2939-45fc-9e1e-9ed37fb14023,M-1667,SESS-20260729-3590-0157,RENTAL_ACCRUAL,2,385,2026-07-30T00:35:00+08:00
d16e6d6d-716c-4dcc-864d-1d216ff9d81e,M-1297,SESS-20260729-7896-0158,RENTAL_ACCRUAL,28,252,2026-07-30T00:15:00+08:00
f2c86dfc-2959-4ccb-a34c-a1e68d608b2e,M-1690,SESS-20260729-3392-0159,RENTAL_ACCRUAL,72,242,2026-07-30T05:00:00+08:00
06298434-b2d9-43bf-b100-9f8bd80be075,M-1745,SESS-20260729-8818-0160,RENTAL_REDEMPTION,-300,219,2026-07-29T08:00:00+08:00
2cba9dda-fec3-4aa8-abef-5b7f8023b089,M-1745,SESS-20260729-8818-0160,RENTAL_ACCRUAL,26,245,2026-07-29T13:00:00+08:00
0a27f941-19a1-4293-9977-793a2f1a7762,M-1274,SESS-20260729-3862-0161,RENTAL_REDEMPTION,-100,549,2026-07-29T18:50:00+08:00
fb253f6a-5fd5-447c-a7f2-d1b305440cb6,M-1274,SESS-20260729-3862-0161,RENTAL_ACCRUAL,21,570,2026-07-29T23:50:00+08:00
24f27c72-70ef-4f42-b9dd-b255f0d9b99e,M-1269,SESS-20260729-8693-0162,RENTAL_ACCRUAL,45,279,2026-07-30T04:00:00+08:00
5b953f38-68c1-4763-84f7-c653231147c0,M-1465,SESS-20260729-1860-0163,RENTAL_ACCRUAL,48,882,2026-07-29T18:30:00+08:00
22dbf4ac-a85f-4671-9bce-0f1d811ab1b3,M-1763,SESS-20260729-6788-0164,RENTAL_ACCRUAL,5,308,2026-07-29T18:05:00+08:00
3679cc7d-54b6-4080-a1cd-720186e7e575,M-1635,SESS-20260729-6009-0165,RENTAL_ACCRUAL,40,285,2026-07-30T02:30:00+08:00
cc96afb7-7612-4cc2-a993-9cdc162ab84f,M-2166,SESS-20260729-7900-0166,RENTAL_ACCRUAL,10,49,2026-07-29T14:15:00+08:00
eff7e781-e812-4756-b073-f6c553976791,M-1068,SESS-20260729-5473-0167,RENTAL_ACCRUAL,16,372,2026-07-29T23:30:00+08:00
08c0ad89-bf17-4092-b2aa-2c3ad9ab9e25,M-1997,SESS-20260729-9599-0168,RENTAL_ACCRUAL,5,118,2026-07-30T00:35:00+08:00
299d4e0f-f950-4707-8509-805955c9f094,M-2049,SESS-20260729-6085-0169,RENTAL_ACCRUAL,8,107,2026-07-29T23:00:00+08:00
b741b162-e59d-4346-921a-15d805a76756,M-1749,SESS-20260729-6622-0170,RENTAL_ACCRUAL,25,105,2026-07-29T13:15:00+08:00
6eafedca-4415-40c6-8a67-e28fb91d3919,M-1331,SESS-20260729-2049-0171,RENTAL_REDEMPTION,-100,107,2026-07-29T20:00:00+08:00
5852f7e0-4697-4b4b-bac2-0302ee079912,M-1331,SESS-20260729-2049-0171,RENTAL_ACCRUAL,20,127,2026-07-29T22:00:00+08:00
34c9c536-eb1f-46bc-851e-025342f499b9,M-1998,SESS-20260729-1553-0172,RENTAL_ACCRUAL,16,184,2026-07-29T19:00:00+08:00
19ca8b56-d602-4e13-819c-b6be97c2f49a,M-1345,SESS-20260729-8269-0173,RENTAL_ACCRUAL,11,264,2026-07-29T22:15:00+08:00
3975c42f-bf76-41ac-9c4d-ce91abe4e52a,M-1040,SESS-20260729-7379-0174,RENTAL_ACCRUAL,16,635,2026-07-30T01:00:00+08:00
c9aa7441-47af-4d7e-8126-c9eb8ffa072e,M-1912,SESS-20260729-7904-0175,RENTAL_ACCRUAL,5,256,2026-07-29T23:15:00+08:00
fc5193fd-1142-4be8-910b-b364361293ef,M-1389,SESS-20260729-3788-0176,RENTAL_REDEMPTION,-300,96,2026-07-29T19:30:00+08:00
2c9ff46e-43e9-49e4-8d94-0cb88e631061,M-1389,SESS-20260729-3788-0176,RENTAL_ACCRUAL,8,104,2026-07-29T22:30:00+08:00
86bde0e1-1704-4501-8779-eaaa1c5fe0db,M-1149,SESS-20260729-2269-0177,RENTAL_ACCRUAL,16,42,2026-07-29T18:15:00+08:00
1909d1b9-b493-4ea6-95f1-08108b834cad,M-1338,SESS-20260729-7078-0178,RENTAL_ACCRUAL,5,443,2026-07-29T15:00:00+08:00
38dfe1d4-e107-460f-941c-96668bcdc2d5,M-2062,SESS-20260729-2298-0179,RENTAL_ACCRUAL,15,111,2026-07-30T00:00:00+08:00
a98aaa0d-ac6b-409f-99bd-5341e8a041f9,M-1355,SESS-20260729-7914-0180,RENTAL_ACCRUAL,11,315,2026-07-29T22:30:00+08:00
f7215ab1-acdf-4e25-bdac-ce31fe9f0ec2,M-1699,SESS-20260729-1774-0181,RENTAL_ACCRUAL,45,320,2026-07-30T03:20:00+08:00
a2b18ce4-00a9-4114-b053-95e8788ca3b5,M-1739,SESS-20260729-2461-0182,RENTAL_ACCRUAL,5,73,2026-07-29T23:15:00+08:00
07d29491-5058-4448-858d-2d1ec4ec7192,M-1684,SESS-20260729-1946-0183,RENTAL_ACCRUAL,5,485,2026-07-29T19:45:00+08:00
ea5953aa-9649-4b04-90d4-3838ae7a4872,M-1778,SESS-20260729-7461-0184,RENTAL_REDEMPTION,-100,88,2026-07-29T23:30:00+08:00
afb2334e-e47f-4a0c-9dc7-8834b6b3b044,M-1778,SESS-20260729-7461-0184,RENTAL_ACCRUAL,10,98,2026-07-30T02:30:00+08:00
625b8890-4ee3-403d-91a3-8bc02f85314f,M-1530,SESS-20260729-5114-0185,RENTAL_REDEMPTION,-200,183,2026-07-29T23:10:00+08:00
ab52beec-46a9-431f-8500-2fb9fcbf1b2f,M-1530,SESS-20260729-5114-0185,RENTAL_ACCRUAL,33,216,2026-07-30T04:10:00+08:00
4753402a-c70d-45ca-8360-fb82e93d4f9e,M-1375,SESS-20260729-2576-0186,RENTAL_REDEMPTION,-400,25,2026-07-29T20:30:00+08:00
2f29cb76-5ecc-47b0-b4bb-943f45648ba2,M-1375,SESS-20260729-2576-0186,RENTAL_ACCRUAL,2,27,2026-07-29T22:30:00+08:00
6a1e9c03-a1d7-4815-912f-6ffe2aae97b7,M-1070,SESS-20260729-2467-0187,RENTAL_ACCRUAL,67,238,2026-07-30T03:45:00+08:00
b6fbaa42-fcb7-44bf-abf0-f6dffe9a54fd,M-1337,SESS-20260729-4567-0188,RENTAL_REDEMPTION,-100,313,2026-07-29T22:45:00+08:00
62e533d7-30ff-4b21-89ce-7141f13cffaf,M-1337,SESS-20260729-4567-0188,RENTAL_ACCRUAL,40,353,2026-07-30T03:45:00+08:00
2fb6c231-bba0-4db0-b1fe-dddbaa60c7d8,M-1138,SESS-20260729-5480-0189,RENTAL_REDEMPTION,-100,477,2026-07-29T23:05:00+08:00
9b9ae8ce-36cf-4db9-89f6-bacdecafa07a,M-1138,SESS-20260729-5480-0189,RENTAL_ACCRUAL,21,498,2026-07-30T04:05:00+08:00
31bf113e-75e1-4fef-ad84-a35ad787e5ce,M-1305,SESS-20260729-6552-0190,RENTAL_ACCRUAL,13,308,2026-07-30T00:55:00+08:00
afcea011-c6e5-4fd3-bd8c-6cb848cf9da5,M-1179,SESS-20260729-2984-0191,RENTAL_REDEMPTION,-300,23,2026-07-29T15:30:00+08:00
925234fc-8429-4098-a701-f593ccde68dc,M-1179,SESS-20260729-2984-0191,RENTAL_ACCRUAL,21,44,2026-07-29T18:30:00+08:00
d6673bb9-0a1a-42c5-be2e-11b4df83e773,M-1234,SESS-20260729-4001-0192,RENTAL_ACCRUAL,11,249,2026-07-29T23:15:00+08:00
545482a4-b8dc-490f-8b47-158e81ec04b2,M-1191,SESS-20260729-6274-0193,RENTAL_ACCRUAL,28,367,2026-07-29T23:30:00+08:00
e6bd89d4-64f0-4ee7-92db-e7dc8b6e1e71,M-1651,SESS-20260729-7196-0194,RENTAL_ACCRUAL,11,356,2026-07-29T19:30:00+08:00
6d33e59c-fa3b-46f5-9929-e1a5e6b1e021,M-1554,SESS-20260729-4433-0195,RENTAL_ACCRUAL,14,1109,2026-07-29T18:00:00+08:00
a5182ed1-c92e-473c-b83d-427256a857bb,M-1114,SESS-20260729-4595-0196,RENTAL_ACCRUAL,28,85,2026-07-29T16:30:00+08:00
397010ff-604a-40d4-9602-534c58df5e19,M-1689,SESS-20260729-4318-0197,RENTAL_ACCRUAL,45,306,2026-07-29T13:45:00+08:00
da17729e-dca5-48db-a5ff-a902a9af7f64,M-1995,SESS-20260729-7929-0198,RENTAL_ACCRUAL,24,230,2026-07-30T00:25:00+08:00
5be86a2c-8bc5-4749-ad73-53df8597b4be,M-1320,SESS-20260729-4171-0199,RENTAL_ACCRUAL,27,979,2026-07-29T22:15:00+08:00
0206ca0f-5c01-4742-b341-08c6792b2e8f,M-1430,SESS-20260729-2755-0200,RENTAL_ACCRUAL,6,1591,2026-07-29T23:45:00+08:00
a2de7593-4d98-45dc-8e02-716ce7df885a,M-1555,SESS-20260729-1980-0201,RENTAL_ACCRUAL,28,152,2026-07-30T01:45:00+08:00
338af978-7c83-46b1-8abb-7c21d617bd4e,M-1347,SESS-20260729-2569-0202,RENTAL_REDEMPTION,-100,3133,2026-07-29T19:05:00+08:00
247ee5e5-1f96-489e-9cb7-ada1076dc807,M-1347,SESS-20260729-2569-0202,RENTAL_ACCRUAL,10,3143,2026-07-29T22:05:00+08:00
81cec949-5f12-46da-9878-bfa70cd8214f,M-1500,SESS-20260729-5340-0203,RENTAL_ACCRUAL,43,420,2026-07-30T00:50:00+08:00
2cca89a8-d09c-4789-b175-3d84b2e29931,M-2086,SESS-20260729-3772-0204,RENTAL_ACCRUAL,25,73,2026-07-29T23:15:00+08:00
43e3e414-cf63-4136-a424-2831071000d5,M-2088,SESS-20260729-6542-0205,RENTAL_ACCRUAL,10,82,2026-07-29T14:30:00+08:00
c86cf7dd-8890-43e9-b8a4-7fafde20434e,M-1745,SESS-20260729-5530-0206,RENTAL_ACCRUAL,28,273,2026-07-30T04:30:00+08:00
3d75897a-897a-4482-a4ac-775b3d96fc77,M-1088,SESS-20260729-7552-0207,RENTAL_ACCRUAL,12,493,2026-07-29T19:00:00+08:00
18c152e3-6b2e-46ef-8c60-018a0f2aeea2,M-1512,SESS-20260729-8402-0208,RENTAL_ACCRUAL,16,145,2026-07-29T19:00:00+08:00
24836a97-d90e-4e62-8db6-b4f20e630d31,M-1959,SESS-20260729-9887-0209,RENTAL_ACCRUAL,18,460,2026-07-30T00:30:00+08:00
923d3398-aa53-430d-af32-eebcc13ef59b,M-1644,SESS-20260729-1417-0210,RENTAL_ACCRUAL,18,151,2026-07-30T00:40:00+08:00
523c40a7-9e97-4f96-8d97-2bd43ec65d57,M-1941,SESS-20260729-1083-0211,RENTAL_ACCRUAL,15,97,2026-07-30T02:25:00+08:00
de2c28d9-fe27-4688-9537-cc61aeb9e7b2,M-1862,SESS-20260729-2743-0212,RENTAL_ACCRUAL,10,132,2026-07-29T16:15:00+08:00
4e5f1e80-2165-41a2-89e0-a11985e3818f,M-1695,SESS-20260729-7697-0213,RENTAL_ACCRUAL,27,80,2026-07-29T19:00:00+08:00
b183eb06-4c9f-48e9-a483-0789e1c81cb5,M-1819,SESS-20260729-8719-0214,RENTAL_REDEMPTION,-100,19,2026-07-29T20:45:00+08:00
c73ef47c-4061-4d11-9cd3-d90c5aaefdf1,M-1819,SESS-20260729-8719-0214,RENTAL_ACCRUAL,10,29,2026-07-29T23:45:00+08:00
a377a540-2e9c-41d4-bcce-8b95a4bb4eab,M-1716,SESS-20260729-4818-0215,RENTAL_ACCRUAL,72,306,2026-07-29T21:15:00+08:00
334a25ef-d087-4683-8666-922f1c7d1b64,M-1624,SESS-20260729-3616-0216,RENTAL_ACCRUAL,12,625,2026-07-29T17:45:00+08:00
7b494948-1bb0-43a7-bec8-8cc4f2c0891b,M-1922,SESS-20260729-6225-0217,RENTAL_ACCRUAL,15,49,2026-07-29T08:15:00+08:00
b95c5353-af2c-4b2e-8137-08baff5f91ba,M-1389,SESS-20260729-3830-0218,RENTAL_REDEMPTION,-100,4,2026-07-29T23:45:00+08:00
842988c1-d3d4-4424-b5aa-235a564c5115,M-1389,SESS-20260729-3830-0218,RENTAL_ACCRUAL,21,25,2026-07-30T04:45:00+08:00
006dbf50-1b4b-49dd-a680-c4adc4117825,M-1020,SESS-20260729-9259-0219,RENTAL_ACCRUAL,27,258,2026-07-29T19:15:00+08:00
6d4a0931-0fc9-40f9-88b6-e6979f8b6476,M-1460,SESS-20260729-7667-0220,RENTAL_ACCRUAL,27,251,2026-07-30T02:50:00+08:00
401fa570-5c7f-4b57-a300-5b69aad0f384,M-1686,SESS-20260729-2228-0221,RENTAL_REDEMPTION,-200,37,2026-07-29T14:00:00+08:00
43f8ebb7-014d-4365-a9ad-0cc05e0604aa,M-1686,SESS-20260729-2228-0221,RENTAL_ACCRUAL,5,42,2026-07-29T16:00:00+08:00
3b85f69d-2c52-48f4-825d-f33bb5a5a7aa,M-1983,SESS-20260729-6331-0222,RENTAL_ACCRUAL,18,259,2026-07-29T23:30:00+08:00
ad5c90d2-0955-49ae-9847-f929396d42de,M-1086,SESS-20260729-7759-0223,RENTAL_ACCRUAL,5,140,2026-07-29T21:00:00+08:00
d6213d05-3edb-4679-90b0-519f8a8acb05,M-1791,SESS-20260729-7773-0224,RENTAL_ACCRUAL,72,329,2026-07-30T05:45:00+08:00
11460233-19c8-498f-8492-9fddba9e24e1,M-1278,SESS-20260729-2306-0225,RENTAL_ACCRUAL,18,414,2026-07-29T22:30:00+08:00
c2fb569d-8646-407a-9874-0e35799f8286,M-1278,TIER_UPGRADE_Silver_TO_Gold,TIER_BONUS,100,514,2026-07-29T22:30:00+08:00
5d0ba94f-9dd0-4d24-bd7d-e8288766a2fb,M-1125,SESS-20260729-9876-0226,RENTAL_ACCRUAL,11,724,2026-07-29T23:05:00+08:00
f33bf735-0d46-42b2-85dd-b62266fa3764,M-1949,SESS-20260729-2823-0227,RENTAL_ACCRUAL,10,170,2026-07-30T01:00:00+08:00
f9509116-0213-4b98-9b4f-f6069bfce9c4,M-1089,SESS-20260729-1743-0228,RENTAL_ACCRUAL,16,217,2026-07-30T01:50:00+08:00
7710b100-5922-4520-abf6-0692330498a0,M-1089,TIER_UPGRADE_Standard_TO_Silver,TIER_BONUS,50,267,2026-07-30T01:50:00+08:00
ce558d14-2498-4312-a4c4-7c4744db23be,M-1553,SESS-20260729-7528-0229,RENTAL_ACCRUAL,16,490,2026-07-30T00:55:00+08:00
443a3191-d93e-4ade-81be-4984a6ebc3ca,M-1421,SESS-20260729-4016-0230,RENTAL_ACCRUAL,11,599,2026-07-29T20:15:00+08:00
0878ecee-f2de-44da-b70d-a6dddb3771d3,M-1947,SESS-20260729-7523-0231,RENTAL_ACCRUAL,5,99,2026-07-29T16:00:00+08:00
cae3884b-f4be-40e1-8e77-1eab78a93dce,M-1143,SESS-20260729-8153-0232,RENTAL_ACCRUAL,18,3627,2026-07-29T11:00:00+08:00
8a642669-3da6-499f-a083-153a354a4f0f,M-1130,SESS-20260729-1949-0233,RENTAL_ACCRUAL,11,149,2026-07-29T17:30:00+08:00
cfc45993-e4ba-47e5-8fc4-2dd0c44a44ae,M-2157,SESS-20260729-9205-0234,RENTAL_ACCRUAL,5,51,2026-07-29T22:30:00+08:00
cdc364d3-15e2-420f-aeb2-941454828d1a,M-2042,SESS-20260729-3614-0235,RENTAL_ACCRUAL,10,92,2026-07-30T01:30:00+08:00
3cf5e1cb-54bd-40f6-b109-14e15be90c7e,M-1672,SESS-20260729-4479-0236,RENTAL_ACCRUAL,27,201,2026-07-30T02:40:00+08:00
303ba0c6-ad18-45db-b986-8979307539d5,M-1525,SESS-20260729-6813-0237,RENTAL_ACCRUAL,16,52,2026-07-30T02:25:00+08:00
fa91e493-6c87-486b-ba85-aa035205a96a,M-1677,SESS-20260729-4448-0238,RENTAL_ACCRUAL,5,92,2026-07-29T23:15:00+08:00
64dd17a4-2472-47ca-b872-0fa9643a0c67,M-1457,SESS-20260729-9486-0239,RENTAL_ACCRUAL,72,402,2026-07-30T03:45:00+08:00
216fe751-ff05-4346-8df6-d550c8c23bea,M-1740,SESS-20260729-2723-0240,RENTAL_ACCRUAL,76,2291,2026-07-30T03:15:00+08:00
205c7e14-a98f-4bf1-84a2-3c7b33b2b059,M-1282,SESS-20260729-8535-0241,RENTAL_ACCRUAL,12,57,2026-07-29T20:15:00+08:00
0d8df3be-4370-4336-a4ee-21a42523efeb,M-1744,SESS-20260729-7443-0242,RENTAL_ACCRUAL,67,599,2026-07-30T00:45:00+08:00
31ef6b39-99d1-44d9-acf2-ea51ea88ce8a,M-1831,SESS-20260729-7848-0243,RENTAL_ACCRUAL,28,172,2026-07-30T02:15:00+08:00
1b2bbee5-1bf3-4b63-b124-9569e88a4074,M-1913,SESS-20260729-3180-0244,RENTAL_ACCRUAL,5,133,2026-07-29T10:30:00+08:00
981d550d-deb9-41b6-b984-9486adc7f61d,M-1201,SESS-20260729-1491-0245,RENTAL_ACCRUAL,11,196,2026-07-30T01:30:00+08:00
4a470143-2e62-49d4-b93c-0948ee85a31d,M-1968,SESS-20260729-8189-0246,RENTAL_ACCRUAL,9,189,2026-07-29T21:15:00+08:00
616fea51-cb69-45e9-9e6f-a414f8e47fa8,M-1126,SESS-20260729-8794-0247,RENTAL_ACCRUAL,16,87,2026-07-29T23:45:00+08:00
7fd17ac3-3266-4505-a94c-d3e0d92111e6,M-2040,SESS-20260729-7039-0248,RENTAL_ACCRUAL,16,33,2026-07-29T18:15:00+08:00
dc82f7d9-8900-4b90-974c-5c3ff474ebb2,M-1212,SESS-20260729-1172-0249,RENTAL_ACCRUAL,16,102,2026-07-29T19:45:00+08:00
d262e4ae-8efe-4507-8e1e-44fa37fbd877,M-1833,SESS-20260729-2266-0250,RENTAL_ACCRUAL,27,174,2026-07-29T21:45:00+08:00
7d55e8a1-64c3-4788-8f75-28323a1112b0,M-1470,SESS-20260729-7406-0251,RENTAL_ACCRUAL,16,38,2026-07-30T01:15:00+08:00
eb37be81-6ec6-4c55-843c-9f0adece7721,M-1569,SESS-20260729-5331-0252,RENTAL_REDEMPTION,-200,108,2026-07-29T13:30:00+08:00
32939967-0337-4019-948a-7551f148f753,M-1569,SESS-20260729-5331-0252,RENTAL_ACCRUAL,32,140,2026-07-29T18:30:00+08:00
80a93dbb-9380-4b72-8f64-ddc27a649e5d,M-1014,SESS-20260729-6874-0253,RENTAL_ACCRUAL,28,572,2026-07-29T21:00:00+08:00
c0437ceb-a77c-4a2f-a44e-3276959118d0,M-1195,SESS-20260729-3979-0254,RENTAL_ACCRUAL,5,189,2026-07-29T17:45:00+08:00
a5d95aba-5c64-435c-af6e-822937a8fc5b,M-1113,SESS-20260729-6800-0255,RENTAL_ACCRUAL,11,469,2026-07-29T22:00:00+08:00
e649254f-c1fc-4868-990c-43695742c27e,M-1489,SESS-20260729-2950-0256,RENTAL_ACCRUAL,9,562,2026-07-30T00:00:00+08:00
ad3a9323-f2ab-4087-b3c6-bd6fb35972ce,M-1598,SESS-20260729-9300-0257,RENTAL_REDEMPTION,-200,43,2026-07-29T22:30:00+08:00
14db769d-df4c-4306-91ee-ce54ff4b7342,M-1598,SESS-20260729-9300-0257,RENTAL_ACCRUAL,5,48,2026-07-30T00:30:00+08:00
887fda72-ade4-46cc-96d6-f8d282305e82,M-1931,SESS-20260729-5245-0258,RENTAL_ACCRUAL,8,31,2026-07-29T22:10:00+08:00
b70bb844-ba32-482c-ba1b-6bc9ba2d8b8c,M-2076,SESS-20260729-5402-0259,RENTAL_ACCRUAL,25,56,2026-07-30T01:45:00+08:00
fe589d38-1d3c-4e0d-9c2e-ae101f2481e3,M-1770,SESS-20260729-3856-0260,RENTAL_ACCRUAL,12,281,2026-07-29T22:15:00+08:00
51a7bd21-96ab-435a-a0d3-f12d70cbae19,M-1821,SESS-20260729-8973-0261,RENTAL_ACCRUAL,28,411,2026-07-30T00:45:00+08:00
67f1e6a5-2d98-48dd-83eb-0c1b7e051cf4,M-1859,SESS-20260729-6446-0262,RENTAL_ACCRUAL,10,44,2026-07-30T01:25:00+08:00
af47fa92-5c08-4155-bd36-aaf9f0db9efb,M-1273,SESS-20260729-6629-0263,RENTAL_REDEMPTION,-100,867,2026-07-29T20:00:00+08:00
91654d6f-849f-46be-9b36-85e470a29566,M-1273,SESS-20260729-6629-0263,RENTAL_ACCRUAL,5,872,2026-07-29T22:00:00+08:00
9e05af6b-fea1-4ede-bcda-32cc6830a0b8,M-1666,SESS-20260729-4253-0264,RENTAL_ACCRUAL,5,229,2026-07-29T21:30:00+08:00
2415c30a-b5cb-4f3d-80bc-427bf43a7907,M-1188,SESS-20260729-7158-0265,RENTAL_REDEMPTION,-100,169,2026-07-29T22:30:00+08:00
99d491e8-205d-44d5-bd5b-0d8cfb196022,M-1188,SESS-20260729-7158-0265,RENTAL_ACCRUAL,40,209,2026-07-30T06:30:00+08:00
3d0c3353-3d11-4e11-93ee-86ff967cc674,M-1444,SESS-20260729-1362-0266,RENTAL_REDEMPTION,-100,3324,2026-07-29T22:10:00+08:00
b3e41fa2-5ecc-4e14-a156-8728b174d5fe,M-1444,SESS-20260729-1362-0266,RENTAL_ACCRUAL,6,3330,2026-07-29T23:10:00+08:00
fcd17416-337a-40af-8e5a-ecf745be9d41,M-1810,SESS-20260729-6945-0267,RENTAL_REDEMPTION,-300,45,2026-07-29T18:15:00+08:00
98e07b61-2e78-4ef9-ae9e-248fab1081b1,M-1810,SESS-20260729-6945-0267,RENTAL_ACCRUAL,48,93,2026-07-29T23:15:00+08:00
74c4d7e8-cc01-4dae-9c3a-7827866628c5,M-1398,SESS-20260729-9680-0268,RENTAL_ACCRUAL,48,1309,2026-07-30T02:40:00+08:00
26038d66-5d38-408c-b394-5cd9f0b88d15,M-1106,SESS-20260729-3952-0269,RENTAL_ACCRUAL,67,340,2026-07-30T03:10:00+08:00
73656587-2a13-46a4-8477-81233aae4ff4,M-1217,SESS-20260729-9071-0270,RENTAL_REDEMPTION,-100,101,2026-07-29T21:15:00+08:00
c0cd2ec2-7c8e-4c0b-8038-c2a9ded305e2,M-1217,SESS-20260729-9071-0270,RENTAL_ACCRUAL,10,111,2026-07-30T00:15:00+08:00
6088588a-d9e1-4abd-917b-c126d6eaa46f,M-2113,SESS-20260729-2067-0271,RENTAL_ACCRUAL,36,98,2026-07-30T02:15:00+08:00
a9c92bb3-7243-4550-b311-f027655f73ba,M-1058,SESS-20260729-9377-0272,RENTAL_ACCRUAL,28,260,2026-07-29T18:00:00+08:00
2077426d-d36e-4030-8710-ed5482172a63,M-1451,SESS-20260729-9228-0273,RENTAL_ACCRUAL,67,350,2026-07-29T22:30:00+08:00
82c6e48d-b4c5-4fe4-8035-e048111969cf,M-2148,SESS-20260729-8097-0274,RENTAL_ACCRUAL,15,95,2026-07-29T23:30:00+08:00
cd293cdb-ead6-4bf0-a2bf-db388126d0e2,M-1111,SESS-20260729-1725-0275,RENTAL_ACCRUAL,5,397,2026-07-29T17:30:00+08:00
2b0ac4d0-4889-4897-96ff-c707a431ebc1,M-1264,SESS-20260729-3305-0276,RENTAL_ACCRUAL,40,633,2026-07-29T20:45:00+08:00
d030cd74-a771-459a-97e1-1d63f2bd3e48,M-1041,SESS-20260729-4139-0277,RENTAL_REDEMPTION,-100,1013,2026-07-29T15:15:00+08:00
5abbe146-a159-4f52-ae52-28cb65aa38f9,M-1041,SESS-20260729-4139-0277,RENTAL_ACCRUAL,10,1023,2026-07-29T18:15:00+08:00
3fdfba27-d76f-45d4-ab92-458d3a7694ca,M-1011,SESS-20260729-2601-0278,RENTAL_ACCRUAL,28,990,2026-07-30T03:45:00+08:00
b1b0a1e5-7ec9-473d-b4a5-72158ce7a56d,M-1809,SESS-20260729-7753-0279,RENTAL_ACCRUAL,48,447,2026-07-29T23:40:00+08:00
815cfc4f-f82b-4fc2-a6e5-3bbdf36a1510,M-1323,SESS-20260729-5902-0280,RENTAL_ACCRUAL,5,433,2026-07-29T21:15:00+08:00
6cb49e03-9748-4a02-83a5-6ceeb3476dea,M-1207,SESS-20260729-4507-0281,RENTAL_ACCRUAL,16,494,2026-07-30T01:15:00+08:00
fc17c303-aea2-4a47-844b-cd7af5ca412f,M-1718,SESS-20260729-8405-0282,RENTAL_ACCRUAL,30,1390,2026-07-29T20:05:00+08:00
8563fffa-8913-4b10-a0eb-a5ee4bf15d09,M-1842,SESS-20260729-1822-0283,RENTAL_ACCRUAL,11,342,2026-07-29T23:30:00+08:00
822773c0-539a-4551-ad5b-aa2e9887f89c,M-1041,SESS-20260729-7530-0284,RENTAL_ACCRUAL,9,1032,2026-07-29T22:35:00+08:00
8cc89697-2a5f-462e-aa40-7105b83637c7,M-2107,SESS-20260729-7449-0285,RENTAL_ACCRUAL,16,140,2026-07-30T01:45:00+08:00
f2347b7e-42b2-4b71-a32e-bd06baed7f06,M-2050,SESS-20260729-3217-0286,RENTAL_ACCRUAL,10,120,2026-07-29T17:00:00+08:00
0fe06ee9-fb41-4555-aded-5206da79e195,M-1957,SESS-20260729-3718-0287,RENTAL_ACCRUAL,10,175,2026-07-30T00:30:00+08:00
2e698bb5-74ae-4214-a03d-69795b27d026,M-1463,SESS-20260729-4776-0288,RENTAL_REDEMPTION,-100,3614,2026-07-29T23:20:00+08:00
9453e6b5-690e-4de8-b072-229c812e0ac0,M-1463,SESS-20260729-4776-0288,RENTAL_ACCRUAL,21,3635,2026-07-30T01:20:00+08:00
2a80aff1-12d4-421b-8125-88405a978d96,M-1348,SESS-20260729-9876-0289,RENTAL_REDEMPTION,-200,49,2026-07-29T18:20:00+08:00
7d75879d-0dbb-4e52-8683-feb7bb85d89a,M-1348,SESS-20260729-9876-0289,RENTAL_ACCRUAL,4,53,2026-07-29T21:20:00+08:00
b8a13d2a-e199-452f-9c33-baa2e0261ddd,M-1538,SESS-20260729-8185-0290,RENTAL_REDEMPTION,-200,82,2026-07-29T21:00:00+08:00
e2d9a335-2041-44aa-90d7-f4ba1f975c1e,M-1538,SESS-20260729-8185-0290,RENTAL_ACCRUAL,4,86,2026-07-30T00:00:00+08:00
96b86076-cdba-4258-ade8-23d5f33556b9,M-1571,SESS-20260729-9743-0291,RENTAL_ACCRUAL,9,154,2026-07-29T15:15:00+08:00
0ee9057c-572b-4205-a0f9-7be9cddd8244,M-1617,SESS-20260729-3861-0292,RENTAL_ACCRUAL,27,106,2026-07-29T18:30:00+08:00
2317dd4a-1d41-4d32-b024-1b8dc358158b,M-1123,SESS-20260729-2326-0293,RENTAL_ACCRUAL,16,327,2026-07-29T14:15:00+08:00
1fd69e49-93fe-4560-8fbc-a12ac5166883,M-1834,SESS-20260729-9777-0294,RENTAL_ACCRUAL,9,61,2026-07-29T23:30:00+08:00
b6a48744-880e-492e-9c4c-a13414926fc4,M-1391,SESS-20260729-8585-0295,RENTAL_ACCRUAL,5,362,2026-07-29T21:45:00+08:00
9a3b8b5a-fbea-454c-804b-b3ca2f81e4ad,M-1065,SESS-20260729-1317-0296,RENTAL_ACCRUAL,6,595,2026-07-29T21:45:00+08:00
70d567db-af82-4097-beeb-52512c541a5c,M-1447,SESS-20260729-5335-0297,RENTAL_ACCRUAL,28,105,2026-07-30T03:15:00+08:00
1979784a-aeb2-4812-a015-bc8b966a7592,M-1723,SESS-20260729-4250-0298,RENTAL_ACCRUAL,27,548,2026-07-30T00:25:00+08:00
ea9d3a5c-97bf-4c40-9f06-067b8e2a772a,M-1327,SESS-20260729-1965-0299,RENTAL_REDEMPTION,-100,2039,2026-07-29T16:45:00+08:00
dd37f1bd-fda9-4f98-b785-e20fee29499e,M-1327,SESS-20260729-1965-0299,RENTAL_ACCRUAL,11,2050,2026-07-29T18:45:00+08:00
30f1e6e4-e21c-498a-be44-4b52046b3002,M-1606,SESS-20260729-1325-0300,RENTAL_ACCRUAL,48,771,2026-07-30T03:45:00+08:00
81086c07-e43e-4396-aaba-5834bf5a70dd,M-1683,SESS-20260729-9422-0301,RENTAL_ACCRUAL,28,1000,2026-07-30T02:20:00+08:00
c5fcf34b-2dac-4f13-aaec-ecb3da72675f,M-1410,SESS-20260729-7785-0302,RENTAL_REDEMPTION,-100,1090,2026-07-29T16:10:00+08:00
507d1cba-34b5-4b64-bee7-c32b3f9971a7,M-1410,SESS-20260729-7785-0302,RENTAL_ACCRUAL,11,1101,2026-07-29T18:10:00+08:00
bf867f03-5a18-4ecb-a3a6-b1ee662cb852,M-1114,SESS-20260729-1373-0303,RENTAL_ACCRUAL,18,103,2026-07-29T21:15:00+08:00
4dcc0d82-65b9-4e32-b2fe-ad6acdc26806,M-1258,SESS-20260729-2188-0304,RENTAL_ACCRUAL,28,413,2026-07-30T02:50:00+08:00
0d50e386-8f68-47dd-a280-c48edfd26c75,M-1872,SESS-20260729-1668-0305,RENTAL_REDEMPTION,-100,14,2026-07-29T21:45:00+08:00
c6a3fe78-c8fb-4334-b013-a981ca3ba523,M-1872,SESS-20260729-1668-0305,RENTAL_ACCRUAL,55,69,2026-07-30T02:45:00+08:00
a4dbff02-f4f1-4b0a-b100-af6d1f875d70,M-1094,SESS-20260729-4197-0306,RENTAL_ACCRUAL,27,459,2026-07-29T20:10:00+08:00
e83678cc-a0d2-4365-aa9c-b32f45ae0ca9,M-1792,SESS-20260729-6406-0307,RENTAL_ACCRUAL,30,2063,2026-07-30T01:45:00+08:00
aa329a4c-d3bc-43c3-ad5c-41aa1bed4735,M-1494,SESS-20260729-8984-0308,RENTAL_ACCRUAL,27,329,2026-07-29T18:15:00+08:00
0cfcc4a1-0df1-40a0-a436-518500ccdc02,M-1283,SESS-20260729-6128-0309,RENTAL_ACCRUAL,5,201,2026-07-29T20:50:00+08:00
ec5c18a4-7518-4582-97dc-ac4e001b5e35,M-1619,SESS-20260729-7117-0310,RENTAL_REDEMPTION,-100,106,2026-07-29T21:25:00+08:00
fe59d9b6-64ae-42fd-a85f-defd489efafd,M-1619,SESS-20260729-7117-0310,RENTAL_ACCRUAL,5,111,2026-07-29T23:25:00+08:00
0ac3125a-7795-440d-89cf-e2e485dd83ec,M-1214,SESS-20260729-2285-0311,RENTAL_ACCRUAL,5,368,2026-07-29T23:00:00+08:00
a627e7b5-dbc7-4448-9a76-cd4a7ddd6b4a,M-2071,SESS-20260729-6339-0312,RENTAL_ACCRUAL,10,134,2026-07-30T01:40:00+08:00
e16047e0-93f7-42b8-a94a-48bb056a4c49,M-1733,SESS-20260729-4124-0313,RENTAL_ACCRUAL,28,231,2026-07-30T03:30:00+08:00
c31de8fc-559c-454a-bc15-f7176bb0b3db,M-1502,SESS-20260729-6960-0314,RENTAL_REDEMPTION,-300,100,2026-07-29T18:15:00+08:00
f250bbde-4602-427f-b2f7-f6efa14e6455,M-1502,SESS-20260729-6960-0314,RENTAL_ACCRUAL,26,126,2026-07-30T02:15:00+08:00
565f2f35-9499-4d46-adbd-3afe199b284b,M-2166,SESS-20260729-6352-0315,RENTAL_ACCRUAL,5,54,2026-07-29T21:10:00+08:00
a9c48ce5-d591-47fb-93da-e861b01e4d77,M-1118,SESS-20260729-3002-0316,RENTAL_REDEMPTION,-100,224,2026-07-29T23:30:00+08:00
4d650567-8da4-473e-ad29-5109ad1b55a0,M-1118,SESS-20260729-3002-0316,RENTAL_ACCRUAL,5,229,2026-07-30T01:30:00+08:00
62cb752b-6943-4902-b2c8-4d024a3aa01b,M-1411,SESS-20260729-5902-0317,RENTAL_ACCRUAL,115,625,2026-07-30T04:15:00+08:00
fa37889b-38d5-46b2-8d6e-95a69ecfee63,M-1579,SESS-20260729-1256-0318,RENTAL_ACCRUAL,19,2540,2026-07-30T01:00:00+08:00
e4116ebd-3ada-4ff5-80c2-28ef5af2ae27,M-1262,SESS-20260729-9940-0319,RENTAL_REDEMPTION,-100,1,2026-07-29T17:15:00+08:00
6b901205-4f22-442e-b1d3-05aa415efa74,M-1262,SESS-20260729-9940-0319,RENTAL_ACCRUAL,5,6,2026-07-29T19:15:00+08:00
4cc12962-966e-4ee0-8252-396021652ed9,M-2017,SESS-20260729-8541-0320,RENTAL_ACCRUAL,24,111,2026-07-30T01:45:00+08:00
739a8b55-0ac4-4ba0-93f8-3240cf17de1f,M-2085,SESS-20260729-7479-0321,RENTAL_ACCRUAL,45,208,2026-07-30T00:15:00+08:00
e813d7aa-5008-49df-9d58-52174905b2ae,M-1195,SESS-20260729-1201-0322,RENTAL_ACCRUAL,27,216,2026-07-30T00:30:00+08:00
6b7d4317-bf5b-41c1-88ec-624d793bf5d9,M-1006,SESS-20260729-5378-0323,RENTAL_REDEMPTION,-100,98,2026-07-29T22:35:00+08:00
63fed159-c4e4-4324-b6b9-fbe6ce82ad9e,M-1006,SESS-20260729-5378-0323,RENTAL_ACCRUAL,20,118,2026-07-30T00:35:00+08:00
b5277759-7d05-449d-95e8-87322ce0ee78,M-1231,SESS-20260729-9144-0324,RENTAL_ACCRUAL,18,276,2026-07-30T00:40:00+08:00
929377cc-1e2b-4d08-a71d-b8ca63b3ea66,M-1282,SESS-20260729-9848-0325,RENTAL_ACCRUAL,30,87,2026-07-30T03:45:00+08:00
767f64b9-510b-4bf3-9aed-880fd81ea7a7,M-1605,SESS-20260729-8953-0326,RENTAL_REDEMPTION,-200,107,2026-07-29T22:20:00+08:00
fb599dbb-f713-4fe3-8b00-09441fe4a6c0,M-1605,SESS-20260729-8953-0326,RENTAL_ACCRUAL,5,112,2026-07-30T00:20:00+08:00
bdf8b389-7bca-427a-a169-4c86ece1ee20,M-1174,SESS-20260729-8836-0327,RENTAL_ACCRUAL,16,57,2026-07-30T01:00:00+08:00
874bb3c9-cf05-4c36-8010-84583fd9087c,M-1001,SESS-20260729-5794-0328,RENTAL_REDEMPTION,-100,72,2026-07-29T23:40:00+08:00
f6818c59-9f2a-4ed5-ac0e-ffbccc7e9d05,M-1001,SESS-20260729-5794-0328,RENTAL_ACCRUAL,21,93,2026-07-30T04:40:00+08:00
9d89b9d0-381f-43ef-8417-9207874b8266,M-1408,SESS-20260729-5493-0329,RENTAL_REDEMPTION,-400,85,2026-07-29T19:30:00+08:00
792a9a8e-a0b8-49cb-9b22-83b04ef5fabc,M-1408,SESS-20260729-5493-0329,RENTAL_ACCRUAL,3,88,2026-07-30T00:30:00+08:00
28b025e1-13ae-4a7b-ab89-87d8dc267cef,M-1472,SESS-20260729-2484-0330,RENTAL_ACCRUAL,11,83,2026-07-29T19:45:00+08:00
869d35ca-3417-410a-95f5-b6fd28b0b43e,M-1257,SESS-20260729-8259-0331,RENTAL_ACCRUAL,18,173,2026-07-29T21:00:00+08:00
d5647884-e5fc-41d6-8e7a-b4512e8b52f8,M-1131,SESS-20260729-1245-0332,RENTAL_REDEMPTION,-300,22,2026-07-29T21:25:00+08:00
8a94e3a5-f611-4ec6-9f91-545c2cc8a9ea,M-1131,SESS-20260729-1245-0332,RENTAL_ACCRUAL,9,31,2026-07-30T02:25:00+08:00
8c07b8a2-9332-4ddb-8b9a-cdc997b26761,M-2101,SESS-20260729-1281-0333,RENTAL_ACCRUAL,12,80,2026-07-29T22:55:00+08:00
39a3c735-7de6-4b46-8101-c623aca51f2d,M-1404,SESS-20260729-6710-0334,RENTAL_ACCRUAL,11,152,2026-07-30T01:00:00+08:00
f054a5f4-068f-4992-bd3d-5d6fde5d74ca,M-1135,SESS-20260729-7839-0335,RENTAL_ACCRUAL,11,207,2026-07-29T20:45:00+08:00
91ab0ae1-2fce-4280-9308-2a1a3256afed,M-1248,SESS-20260729-6472-0336,RENTAL_REDEMPTION,-100,199,2026-07-29T23:10:00+08:00
c1224d6f-8b1b-467f-bddf-af1d68337adf,M-1248,SESS-20260729-6472-0336,RENTAL_ACCRUAL,20,219,2026-07-30T01:10:00+08:00
bc0179c0-85bc-441f-8230-fa66aae5a133,M-1992,SESS-20260729-2101-0337,RENTAL_ACCRUAL,10,98,2026-07-29T16:25:00+08:00
c12fbc55-7835-4d8d-b42a-8f91adeaeef0,M-2187,SESS-20260729-7772-0338,RENTAL_REDEMPTION,-100,9,2026-07-29T18:40:00+08:00
dce6668b-6d79-42c8-8874-f00b240f0d59,M-2187,SESS-20260729-7772-0338,RENTAL_ACCRUAL,31,40,2026-07-29T21:40:00+08:00
557eab3f-42ea-4b3c-b526-bdb931d59c41,M-1111,SESS-20260729-1506-0339,RENTAL_ACCRUAL,27,424,2026-07-29T22:00:00+08:00
39bbbe5c-4fbe-436c-b620-627b73eb6b03,M-1253,SESS-20260729-7524-0340,RENTAL_ACCRUAL,40,119,2026-07-30T07:10:00+08:00
8749100d-4a53-409d-94e2-af93bdd0511e,M-1253,TIER_UPGRADE_Standard_TO_Silver,TIER_BONUS,50,169,2026-07-30T07:10:00+08:00
805b15fc-715f-42f4-91ee-7e00dd2d18e3,M-1610,SESS-20260729-9112-0341,RENTAL_REDEMPTION,-200,65,2026-07-29T22:30:00+08:00
09447660-740a-408c-8c8d-e005f5b3cf0d,M-1610,SESS-20260729-9112-0341,RENTAL_ACCRUAL,14,79,2026-07-30T00:30:00+08:00
5bb5420b-d53b-4875-bd78-81a6460d268d,M-1544,SESS-20260729-1177-0342,RENTAL_ACCRUAL,11,296,2026-07-29T23:05:00+08:00
3a3f7d9f-121c-4ffc-93f6-9d24ff36aa37,M-1308,SESS-20260729-7620-0343,RENTAL_REDEMPTION,-100,341,2026-07-29T23:30:00+08:00
65e1d53f-60e8-4a9c-8145-0a1f2d39d3ed,M-1308,SESS-20260729-7620-0343,RENTAL_ACCRUAL,5,346,2026-07-30T01:30:00+08:00
a5c96523-3111-4535-a3cd-3bb65c799001,M-1015,SESS-20260729-5419-0344,RENTAL_ACCRUAL,27,576,2026-07-30T00:10:00+08:00
d22fe6c2-0195-4d06-85ba-1926ff586b97,M-1155,SESS-20260729-8901-0345,RENTAL_REDEMPTION,-100,746,2026-07-29T13:45:00+08:00
d5e144ba-38cd-4e09-9b1e-690705c0b0c5,M-1155,SESS-20260729-8901-0345,RENTAL_ACCRUAL,5,751,2026-07-29T15:45:00+08:00
c80c1fe4-63d8-420e-bcd4-c53a9fe98957,M-1915,SESS-20260729-8496-0346,RENTAL_ACCRUAL,24,81,2026-07-30T00:00:00+08:00
0d462047-57d0-49b0-b065-2b7ee62bf6cd,M-1268,SESS-20260729-7718-0347,RENTAL_ACCRUAL,24,58,2026-07-29T21:45:00+08:00
c2651ee5-fc22-423e-8b0a-ec046d9d6a1b,M-1268,TIER_UPGRADE_Standard_TO_Silver,TIER_BONUS,50,108,2026-07-29T21:45:00+08:00
67407ce2-b87f-416d-9356-32ba35db5b13,M-1516,SESS-20260729-9634-0348,RENTAL_ACCRUAL,18,408,2026-07-29T20:10:00+08:00
eb417bf1-fac7-4deb-aaeb-316710326cf9,M-1767,SESS-20260729-1393-0349,RENTAL_ACCRUAL,11,317,2026-07-29T18:30:00+08:00
39342334-e8b5-4a6d-8f7a-0e89fa30869e,M-1193,SESS-20260729-8538-0350,RENTAL_ACCRUAL,18,415,2026-07-30T01:40:00+08:00
9473c0bc-683c-4e58-b988-f8f4ef608d5a,M-1785,SESS-20260729-6634-0351,RENTAL_ACCRUAL,27,307,2026-07-29T19:30:00+08:00
63a563c5-7742-4185-9e9a-e4cd1127c30a,M-1348,SESS-20260729-4291-0352,RENTAL_ACCRUAL,28,81,2026-07-30T04:55:00+08:00
cb1d49a8-2e10-469a-8f69-565241fd9ee1,M-1593,SESS-20260729-9873-0353,RENTAL_ACCRUAL,28,125,2026-07-30T04:35:00+08:00
b8d1cc7e-954f-4358-945b-2b4630e38da8,M-1588,SESS-20260729-5427-0354,RENTAL_ACCRUAL,6,1769,2026-07-30T00:10:00+08:00
03c93f8f-01de-42a2-9836-01eec9049b29,M-1572,SESS-20260729-3432-0355,RENTAL_ACCRUAL,16,309,2026-07-30T00:45:00+08:00
73df5c36-a461-456c-9309-7a03b01826be,M-1105,SESS-20260729-6016-0356,RENTAL_ACCRUAL,45,710,2026-07-30T03:10:00+08:00
0d3503ec-ddac-4ced-a20f-6631aad296ad,M-1105,TIER_UPGRADE_Silver_TO_Gold,TIER_BONUS,100,810,2026-07-30T03:10:00+08:00
fe153aa8-5277-45ab-a111-604bb3486130,M-1533,SESS-20260729-8526-0357,RENTAL_ACCRUAL,12,639,2026-07-29T23:00:00+08:00
900f068f-1b70-4550-822a-c056284736ec,M-1199,SESS-20260729-3622-0358,RENTAL_REDEMPTION,-200,8,2026-07-29T10:40:00+08:00
6d1a4165-3f7f-4565-b0b3-57b6dd3ffed8,M-1199,SESS-20260729-3622-0358,RENTAL_ACCRUAL,15,23,2026-07-29T15:40:00+08:00
5b10e7f3-cf3c-4414-b5b3-a40e488d0a78,M-1700,SESS-20260729-1203-0359,RENTAL_ACCRUAL,11,345,2026-07-29T13:15:00+08:00
5035caac-ded3-47b4-b506-9a3ab1f2cdb3,M-1252,SESS-20260729-5709-0360,RENTAL_ACCRUAL,12,100,2026-07-29T23:15:00+08:00
3d3da0c6-86fa-4358-beac-3d9462c59ee0,M-1137,SESS-20260729-5070-0361,RENTAL_ACCRUAL,18,321,2026-07-29T18:00:00+08:00
f918ef8e-7a41-4d28-b74c-a6f50d5617a0,M-1616,SESS-20260729-4513-0362,RENTAL_ACCRUAL,16,250,2026-07-30T02:10:00+08:00
e989ad3a-191e-4fe1-8a06-ebb8a742fed0,M-1022,SESS-20260729-8651-0363,RENTAL_ACCRUAL,16,142,2026-07-29T05:15:00+08:00
0dc6670a-853a-41d7-a527-b452ade834fc,M-1379,SESS-20260729-9705-0364,RENTAL_ACCRUAL,11,322,2026-07-29T22:00:00+08:00
dc815ed3-a1e1-49e2-9bc3-022ba1dddec2,M-1364,SESS-20260729-4611-0365,RENTAL_ACCRUAL,19,1005,2026-07-29T21:40:00+08:00
c5575603-62ee-4532-a3b1-046191dc3608,M-1844,SESS-20260729-6047-0366,RENTAL_ACCRUAL,5,82,2026-07-29T23:00:00+08:00
3da25d01-dfbe-4b2e-bc81-0bbb65715aef,M-1255,SESS-20260729-3191-0367,RENTAL_ACCRUAL,5,245,2026-07-29T23:30:00+08:00
6866d99b-0da4-4e46-a626-f74d02b3eff6,M-1760,SESS-20260729-9242-0368,RENTAL_ACCRUAL,5,278,2026-07-29T21:00:00+08:00
aca88706-69b5-49e3-bbdc-9297ec4788b5,M-1013,SESS-20260729-2024-0369,RENTAL_ACCRUAL,18,237,2026-07-29T20:45:00+08:00
8f5d95e4-7c33-4685-8e28-189aa8bc8466,M-1438,SESS-20260729-7085-0370,RENTAL_ACCRUAL,14,2660,2026-07-29T22:15:00+08:00
e5eafdd6-79f1-455e-a4da-289dbab9f00d,M-1822,SESS-20260729-5921-0371,RENTAL_ACCRUAL,11,159,2026-07-30T00:10:00+08:00
e4364557-7146-49a4-a2d1-7285a0b34703,M-1246,SESS-20260729-8195-0372,RENTAL_ACCRUAL,13,351,2026-07-29T09:45:00+08:00
c2d22fcb-278e-40d1-8c8d-448948c4019b,M-2192,SESS-20260729-4263-0373,RENTAL_ACCRUAL,25,47,2026-07-29T21:35:00+08:00
b7b76319-6b09-4580-809e-519650b6ad82,M-1342,SESS-20260729-9275-0374,RENTAL_ACCRUAL,11,306,2026-07-29T21:15:00+08:00
d9f9c532-2040-4884-968e-81ab3ec79233,M-1431,SESS-20260729-5801-0375,RENTAL_ACCRUAL,18,523,2026-07-30T01:45:00+08:00
3e5cdebc-86c7-48ad-a11c-03c09a3464a3,M-1107,SESS-20260729-8850-0376,RENTAL_ACCRUAL,28,156,2026-07-30T04:40:00+08:00
82d8937f-3980-4eea-bb71-6d7404618378,M-2141,SESS-20260729-5656-0377,RENTAL_ACCRUAL,15,120,2026-07-29T23:25:00+08:00
a2d69142-c2ca-4cbd-a49e-32fe37ce9929,M-1079,SESS-20260729-6139-0378,RENTAL_ACCRUAL,19,267,2026-07-29T19:15:00+08:00
7f3d3b79-17ee-466b-b41b-5e9fb79badf5,M-1559,SESS-20260729-6173-0379,RENTAL_ACCRUAL,28,358,2026-07-30T04:00:00+08:00
530ab87c-aad1-4ad5-a10b-3cabf4c75302,M-1032,SESS-20260729-5793-0380,RENTAL_ACCRUAL,5,224,2026-07-30T00:15:00+08:00
706733eb-02b4-4721-8977-61d9e6576d5c,M-1913,SESS-20260729-5085-0381,RENTAL_ACCRUAL,24,157,2026-07-29T22:30:00+08:00
187d0c7b-ff3b-4f3e-b4fb-1eb6836d6e85,M-1680,SESS-20260729-8460-0382,RENTAL_ACCRUAL,45,470,2026-07-30T01:15:00+08:00
a6148d5c-9f9c-4314-809c-a11c0c136cf2,M-1768,SESS-20260729-7565-0383,RENTAL_ACCRUAL,28,152,2026-07-30T00:00:00+08:00
6f723ba1-9858-4b5c-a655-70d4112afecd,M-1141,SESS-20260729-8461-0384,RENTAL_ACCRUAL,16,193,2026-07-30T01:40:00+08:00
9f879b60-0f84-4bc5-bbc8-c1f0b7c1ccc3,M-1925,SESS-20260729-9240-0385,RENTAL_REDEMPTION,-100,62,2026-07-29T23:35:00+08:00
f380718c-6a34-45e7-a996-551b5aaa941f,M-1925,SESS-20260729-9240-0385,RENTAL_ACCRUAL,21,83,2026-07-30T04:35:00+08:00
5da4a8e1-f32e-463d-b35d-0f0e53f756ee,M-1246,SESS-20260729-6453-0386,RENTAL_REDEMPTION,-200,151,2026-07-29T23:45:00+08:00
97805033-4b50-4253-9871-9ed14af52fcb,M-1246,SESS-20260729-6453-0386,RENTAL_ACCRUAL,5,156,2026-07-30T01:45:00+08:00
e66963fb-cd9f-4f1b-a861-4e48ebf5bae4,M-1724,SESS-20260729-4613-0387,RENTAL_REDEMPTION,-200,21,2026-07-29T15:50:00+08:00
c8cba7ea-8865-4d22-9869-126af5e309f1,M-1724,SESS-20260729-4613-0387,RENTAL_ACCRUAL,15,36,2026-07-29T20:50:00+08:00
78c6db4e-ebe3-424c-89b2-eb84d93dcf87,M-1815,SESS-20260729-3039-0388,RENTAL_REDEMPTION,-100,80,2026-07-29T23:35:00+08:00
c8ff06e9-3001-4d23-8a1a-eff94394ffe2,M-1815,SESS-20260729-3039-0388,RENTAL_ACCRUAL,20,100,2026-07-30T02:35:00+08:00
3abbec35-9bef-4c6e-9844-4c13bb08231a,M-1570,SESS-20260729-8587-0389,RENTAL_ACCRUAL,5,718,2026-07-29T22:05:00+08:00
29200837-6872-4e59-9f12-ee739769aa44,M-1117,SESS-20260729-8764-0390,RENTAL_REDEMPTION,-100,57,2026-07-29T17:45:00+08:00
5d1c97fe-0233-40c6-becc-d9d39c992ff7,M-1117,SESS-20260729-8764-0390,RENTAL_ACCRUAL,10,67,2026-07-29T20:45:00+08:00
ad14b53a-081e-4b0a-93cd-65830a1ed885,M-1684,SESS-20260729-9727-0391,RENTAL_ACCRUAL,16,501,2026-07-30T01:15:00+08:00
6cfa76fd-b47c-4bf3-821b-c81281ad6f2e,M-1130,SESS-20260729-5955-0392,RENTAL_ACCRUAL,16,165,2026-07-29T23:15:00+08:00
b2d914cd-2c0c-4406-a8d5-1286a41290c3,M-1782,SESS-20260729-9451-0393,RENTAL_ACCRUAL,18,159,2026-07-30T00:00:00+08:00
c68a8c82-6bb7-46e8-bd8c-0a2489c9048f,M-1492,SESS-20260729-4812-0394,RENTAL_REDEMPTION,-100,393,2026-07-29T23:35:00+08:00
1214b688-ad72-468a-b156-fd2a1259d00d,M-1492,SESS-20260729-4812-0394,RENTAL_ACCRUAL,5,398,2026-07-30T01:35:00+08:00
39b5d981-10cb-42f6-b174-b489f31fe2a2,M-1296,SESS-20260729-6182-0395,RENTAL_ACCRUAL,28,920,2026-07-29T22:55:00+08:00
52bc8bf7-327b-4d36-a2f4-160dc373334c,M-1082,SESS-20260729-6093-0396,RENTAL_ACCRUAL,40,390,2026-07-29T23:30:00+08:00
f75817dd-25f4-4ad8-b057-0e0ad2584d97,M-1642,SESS-20260729-3715-0397,RENTAL_ACCRUAL,43,220,2026-07-30T01:25:00+08:00
3cc0b8ff-4d2e-4f11-9969-183818b95b5a,M-1050,SESS-20260729-5044-0398,RENTAL_REDEMPTION,-100,143,2026-07-29T20:30:00+08:00
31ee3ee6-3aac-4f21-98bb-e7e852a9341b,M-1050,SESS-20260729-5044-0398,RENTAL_ACCRUAL,5,148,2026-07-29T22:30:00+08:00
5cdb8c81-31fa-498d-9dfb-3aa8e3518b38,M-1729,SESS-20260729-1355-0399,RENTAL_ACCRUAL,5,303,2026-07-30T00:10:00+08:00
9dd1ce84-3b76-4aa0-a79a-37f26e482829,M-1047,SESS-20260729-6674-0400,RENTAL_REDEMPTION,-100,53,2026-07-29T23:45:00+08:00
35a0d190-1f44-43d4-9585-f35198bdb6af,M-1047,SESS-20260729-6674-0400,RENTAL_ACCRUAL,20,73,2026-07-30T01:45:00+08:00
ef8ebd59-d5c4-4865-aecc-e41dc0847371,M-1827,SESS-20260729-6253-0401,RENTAL_ACCRUAL,18,264,2026-07-29T23:50:00+08:00
63141933-1743-4fab-92c5-94459a2e9905,M-1176,SESS-20260729-2245-0402,RENTAL_REDEMPTION,-100,61,2026-07-29T19:20:00+08:00
58ace3b2-10cf-41eb-af20-b96903fe9fc6,M-1176,SESS-20260729-2245-0402,RENTAL_ACCRUAL,20,81,2026-07-29T22:20:00+08:00
97a82b9b-a0b1-4340-a844-2ca29ed07be1,M-1397,SESS-20260729-1596-0403,RENTAL_ACCRUAL,48,574,2026-07-30T07:25:00+08:00
17be8aff-b821-4194-a28b-05e908b2472e,M-1249,SESS-20260729-5774-0404,RENTAL_ACCRUAL,18,267,2026-07-29T23:45:00+08:00
48c9ee16-faf8-4082-ad21-087f5e78d9f0,M-1381,SESS-20260729-2095-0405,RENTAL_ACCRUAL,11,290,2026-07-29T17:15:00+08:00
eb67fcb8-6e48-44a3-8c3a-ebd758439f8c,M-1237,SESS-20260729-8525-0406,RENTAL_ACCRUAL,45,295,2026-07-30T05:30:00+08:00
9930287a-c031-49c3-917b-295323cbbf60,M-1480,SESS-20260729-5768-0407,RENTAL_ACCRUAL,5,94,2026-07-29T20:35:00+08:00
1932fe66-ca5b-435a-bf85-1899a38e8c21,M-1124,SESS-20260729-1955-0408,RENTAL_ACCRUAL,18,158,2026-07-29T20:10:00+08:00
f3cafbd8-4d89-4939-ac83-3f17245348b6,M-1798,SESS-20260729-8130-0409,RENTAL_ACCRUAL,5,217,2026-07-30T00:30:00+08:00
7bdf5188-ccc6-4bb1-95b1-a8efe45caef1,M-1677,SESS-20260729-3124-0410,RENTAL_ACCRUAL,5,97,2026-07-30T00:55:00+08:00
fa58a61e-c3cd-4161-9804-99135b794d51,M-2118,SESS-20260729-9770-0411,RENTAL_ACCRUAL,10,50,2026-07-30T01:55:00+08:00
33dbf87a-2759-4594-8de3-9f717ef88c76,M-1016,SESS-20260729-6016-0412,RENTAL_ACCRUAL,11,105,2026-07-30T01:55:00+08:00
2cc6a4d3-3af1-46db-b6a1-9020fb3b68ce,M-1764,SESS-20260729-6505-0413,RENTAL_ACCRUAL,27,179,2026-07-30T00:40:00+08:00
7d737070-5015-4db7-8d3f-e559be793d92,M-1734,SESS-20260729-3232-0414,RENTAL_REDEMPTION,-100,72,2026-07-29T22:20:00+08:00
2581e297-590b-4843-a1bf-723c5151888a,M-1734,SESS-20260729-3232-0414,RENTAL_ACCRUAL,38,110,2026-07-30T03:20:00+08:00
63cb8805-ab8f-41b3-81ae-7438bdfc9e04,M-1652,SESS-20260729-7747-0415,RENTAL_ACCRUAL,27,318,2026-07-29T23:30:00+08:00
c8894e9d-0bc4-4414-807f-5dbbda1a9123,M-1989,SESS-20260729-8395-0416,RENTAL_ACCRUAL,5,200,2026-07-29T19:00:00+08:00
bb9c294f-f655-4525-a2c5-3b4f6f2ad5bf,M-1599,SESS-20260729-2990-0417,RENTAL_ACCRUAL,11,235,2026-07-29T19:30:00+08:00
a28458f4-9cd0-4fd0-95d2-e38202114226,M-1557,SESS-20260729-1944-0418,RENTAL_ACCRUAL,108,343,2026-07-30T07:45:00+08:00
aa85d7a4-bd62-4bb1-af48-de81d33407e4,M-2018,SESS-20260729-9541-0419,RENTAL_REDEMPTION,-100,111,2026-07-29T21:15:00+08:00
1a20e623-5fa1-4753-bef9-8689ed6ebae2,M-1004,SESS-20260729-8504-0420,RENTAL_REDEMPTION,-100,88,2026-07-29T20:50:00+08:00
04f10dac-cc88-41ba-b68c-eca04eb8e61c,M-1004,SESS-20260729-8504-0420,RENTAL_ACCRUAL,38,126,2026-07-30T04:50:00+08:00
9f1469d2-aada-49f7-9959-e748e809b5bd,M-1759,SESS-20260729-7065-0421,RENTAL_ACCRUAL,11,86,2026-07-29T22:15:00+08:00
28aff22e-b392-4e4a-a780-48a115b6fde5,M-1370,SESS-20260729-3174-0422,RENTAL_ACCRUAL,10,337,2026-07-30T00:35:00+08:00
2b3aecb1-d02d-4a59-8803-0f8c620b6b4d,M-1146,SESS-20260729-6011-0423,RENTAL_ACCRUAL,12,2553,2026-07-29T23:45:00+08:00
dfc948b1-08c2-4333-8e89-b73db4a7c8a9,M-1868,SESS-20260729-4910-0424,RENTAL_ACCRUAL,15,74,2026-07-30T02:55:00+08:00
34a90323-c55e-493d-90a1-cc02e4fff2cb,M-1824,SESS-20260729-5104-0425,RENTAL_REDEMPTION,-100,87,2026-07-29T21:35:00+08:00
3902a12e-8d1d-463e-85f6-f815645f899f,M-1824,SESS-20260729-5104-0425,RENTAL_ACCRUAL,21,108,2026-07-30T02:35:00+08:00
47bad3f2-b719-4676-a316-347ebcb31817,M-1364,SESS-20260729-3920-0426,RENTAL_ACCRUAL,12,1017,2026-07-30T00:15:00+08:00
7d6a972e-ab91-444a-ad29-c3e313e171b2,M-1291,SESS-20260729-4310-0427,RENTAL_ACCRUAL,11,291,2026-07-29T19:30:00+08:00
ae7e4026-1ff5-4d3f-b27c-b0fded57a739,M-1018,SESS-20260729-4553-0428,RENTAL_REDEMPTION,-100,187,2026-07-29T19:45:00+08:00
38246962-a7ea-4d9c-a4c6-bb12817e473b,M-1018,SESS-20260729-4553-0428,RENTAL_ACCRUAL,5,192,2026-07-29T21:45:00+08:00
a71bf874-0b78-4d69-a991-dd0c15d41862,M-1046,SESS-20260729-3086-0429,RENTAL_ACCRUAL,5,735,2026-07-29T22:55:00+08:00
7486840f-3ea1-49fc-8aae-fc3457a27b53,M-1003,SESS-20260729-2014-0430,RENTAL_REDEMPTION,-200,122,2026-07-29T23:55:00+08:00
7270bdd7-30d1-4071-ad47-e54375b0d002,M-1003,SESS-20260729-2014-0430,RENTAL_ACCRUAL,14,136,2026-07-30T02:55:00+08:00
b03930c4-a0d6-4f62-a396-2370ee54f0b7,M-1113,SESS-20260729-4867-0431,RENTAL_ACCRUAL,27,496,2026-07-30T01:35:00+08:00
d13ef294-48f4-4c70-831a-cfe6c976f741,M-1797,SESS-20260729-7429-0432,RENTAL_ACCRUAL,5,267,2026-07-29T20:30:00+08:00
90b11f17-66d5-46dc-ab14-b62357a4088a,M-1882,SESS-20260729-2825-0433,RENTAL_ACCRUAL,5,64,2026-07-29T20:10:00+08:00
8520f412-8b3b-485f-9212-861de75ba3e4,M-1900,SESS-20260729-5534-0434,RENTAL_ACCRUAL,15,166,2026-07-30T00:00:00+08:00
9dd2b96c-7a21-4cdc-90b0-fdfd23bcf288,M-1582,SESS-20260729-4405-0435,RENTAL_ACCRUAL,16,418,2026-07-29T23:25:00+08:00
686df645-d868-439f-acad-4a1df75787e9,M-1707,SESS-20260729-4480-0436,RENTAL_ACCRUAL,6,1043,2026-07-29T23:05:00+08:00
8ff9850f-b801-4140-aa9f-0cfb1f4f1bd0,M-1989,SESS-20260729-6013-0437,RENTAL_REDEMPTION,-100,100,2026-07-29T19:35:00+08:00
37d08c5d-6edc-4328-9999-feed2678c6b0,M-1989,SESS-20260729-6013-0437,RENTAL_ACCRUAL,20,120,2026-07-30T00:35:00+08:00
429ff977-908f-4841-81c0-3dd044bc9871,M-2018,SESS-20260729-7197-0438,RENTAL_ACCRUAL,10,121,2026-07-30T00:25:00+08:00
768a69c9-abfa-433b-97c2-e88d9facdcf3,M-1002,SESS-20260729-1307-0439,RENTAL_ACCRUAL,12,338,2026-07-30T01:10:00+08:00
f0bdd13b-60bb-4ca4-988f-bbee0e70556d,M-1613,SESS-20260729-7635-0440,RENTAL_ACCRUAL,19,466,2026-07-30T01:55:00+08:00
c1a30968-8106-4dd7-bf56-ced894515e0a,M-1756,SESS-20260729-3027-0441,RENTAL_REDEMPTION,-400,707,2026-07-29T21:15:00+08:00
837fc3ee-537d-4164-b0a2-6da60ddeed87,M-1175,SESS-20260729-8315-0442,RENTAL_REDEMPTION,-100,346,2026-07-29T23:35:00+08:00
5469e748-609c-4e67-a843-00d49f007ade,M-1175,SESS-20260729-8315-0442,RENTAL_ACCRUAL,4,350,2026-07-30T01:35:00+08:00
d6569257-e003-4c87-9f33-21deb2fad9ce,M-1629,SESS-20260729-9680-0443,RENTAL_ACCRUAL,11,238,2026-07-29T22:35:00+08:00
d0da694f-25e2-43f2-8488-ce602637bdb3,M-1023,SESS-20260729-6261-0444,RENTAL_ACCRUAL,10,170,2026-07-30T01:10:00+08:00
5aecef62-2ae6-4f7b-a2de-594c84096174,M-1419,SESS-20260729-1303-0445,RENTAL_REDEMPTION,-100,264,2026-07-29T22:50:00+08:00
750bdf86-c24d-418e-bc4f-1acab256918f,M-1419,SESS-20260729-1303-0445,RENTAL_ACCRUAL,5,269,2026-07-30T00:50:00+08:00
ac49e06f-3573-4ab8-90ad-2b7a8f464a98,M-2091,SESS-20260729-8443-0446,RENTAL_ACCRUAL,36,292,2026-07-30T02:05:00+08:00
edbc3e3e-89e3-4c21-936d-af0620bd9fbe,M-1501,SESS-20260729-3441-0447,RENTAL_ACCRUAL,5,62,2026-07-29T23:25:00+08:00
f2c646d3-bd48-482f-b337-13817ec5d50b,M-1324,SESS-20260729-9429-0448,RENTAL_ACCRUAL,11,206,2026-07-29T20:30:00+08:00
5797c6fb-c68e-4f07-bbec-e5c7c1925302,M-1335,SESS-20260729-7079-0449,RENTAL_ACCRUAL,11,191,2026-07-30T00:45:00+08:00
50f8fc2b-52f4-4f07-8550-54ecebe350ae,M-2063,SESS-20260729-8722-0450,RENTAL_REDEMPTION,-100,175,2026-07-29T20:25:00+08:00
78728d61-0bcb-483e-8a6c-21bd258671e1,M-2063,SESS-20260729-8722-0450,RENTAL_ACCRUAL,11,186,2026-07-29T22:25:00+08:00
af352ac8-c89b-4da7-ba09-d16f9e5a464e,M-1691,SESS-20260729-4917-0451,RENTAL_ACCRUAL,5,238,2026-07-30T00:30:00+08:00
505448bc-198c-40fc-8550-d9d4cd11cd43,M-1767,ORD-20260729-1822-0001,CONCESSION_ACCRUAL,16,333,2026-07-29T17:28:14+08:00
4c79f7a7-65c2-45cd-8cf9-b5522adb34d3,M-1729,ORD-20260729-4826-0002,CONCESSION_ACCRUAL,21,324,2026-07-29T23:52:24+08:00
f3e91a93-0f8a-4d2e-9e8a-268db256da91,M-1759,ORD-20260729-4886-0003,CONCESSION_ACCRUAL,30,116,2026-07-29T21:56:46+08:00
af2dd0e0-5d55-4021-9461-fadf09cd871c,M-2088,ORD-20260729-8974-0004,CONCESSION_ACCRUAL,17,99,2026-07-29T13:29:47+08:00
d261edf3-d96b-4e29-bec3-61e9677a17ea,M-1444,ORD-20260729-2094-0005,CONCESSION_ACCRUAL,30,3360,2026-07-29T23:09:00+08:00
d99747ed-79f4-4a58-a50a-c313171d60ba,M-1842,ORD-20260729-3016-0006,CONCESSION_ACCRUAL,65,407,2026-07-29T21:56:03+08:00
eae94af5-ad0d-4f06-9c8d-e6abdd484f78,M-1521,ORD-20260730-6648-0007,CONCESSION_ACCRUAL,9,398,2026-07-30T02:04:10+08:00
cba5da44-d739-4a26-bbb6-2c95802a539b,M-1001,ORD-20260730-3457-0008,CONCESSION_ACCRUAL,46,139,2026-07-30T03:44:33+08:00
22fd5350-48b1-44cc-a9ad-a07745f68d48,M-1130,ORD-20260729-6256-0009,CONCESSION_ACCRUAL,16,181,2026-07-29T21:43:07+08:00
75f27155-f165-4f92-941f-f707d8fcc967,M-1447,ORD-20260730-3032-0010,CONCESSION_ACCRUAL,15,120,2026-07-30T02:56:59+08:00
4e8c26af-4d4a-478a-abd1-93759eb864a7,M-1062,ORD-20260729-8168-0011,CONCESSION_ACCRUAL,3,470,2026-07-29T23:31:44+08:00
3262d749-4c37-4f4b-9fe3-8d74df0fd413,M-1063,ORD-20260729-1665-0012,CONCESSION_ACCRUAL,52,339,2026-07-29T13:42:56+08:00
c2eadaaf-5ea9-42e3-af12-f1d29fe66867,M-1751,ORD-20260729-5328-0013,CONCESSION_ACCRUAL,7,452,2026-07-29T14:03:49+08:00
c31ca74c-579b-4de2-9fc5-aaef1a954d3f,M-2018,ORD-20260729-1800-0014,CONCESSION_ACCRUAL,21,142,2026-07-29T22:39:36+08:00
f78d2792-0073-4666-a1eb-7906c0fb115c,M-1700,ORD-20260729-2974-0015,CONCESSION_ACCRUAL,3,348,2026-07-29T11:15:42+08:00
d92ceb0f-af9b-4964-bb98-1521858a89d2,M-1882,ORD-20260729-4010-0016,CONCESSION_ACCRUAL,28,92,2026-07-29T19:57:14+08:00
5a3b9b7c-71e8-45ac-ac45-c7f315d4f79e,M-1516,ORD-20260729-9065-0017,CONCESSION_ACCRUAL,25,433,2026-07-29T18:52:45+08:00
86070075-754a-49d6-bbd0-0fe77827d0cf,M-1054,ORD-20260729-4528-0018,CONCESSION_ACCRUAL,30,240,2026-07-29T16:24:26+08:00
68ee3ade-dd50-4460-939c-c2026fdc2b0f,M-1395,ORD-20260729-8797-0019,CONCESSION_ACCRUAL,14,444,2026-07-29T22:49:03+08:00
2b1028ba-a0bf-468c-87ff-7917c8333a88,M-1089,ORD-20260730-9017-0020,CONCESSION_ACCRUAL,24,291,2026-07-30T01:25:24+08:00
8ef47e03-847d-44b6-8721-c4105bca5143,M-1594,ORD-20260729-4759-0021,CONCESSION_ACCRUAL,33,189,2026-07-29T12:43:29+08:00
2c45b4d7-1d67-498c-83d7-3441e507c6cf,M-1187,ORD-20260729-1819-0022,CONCESSION_ACCRUAL,11,368,2026-07-29T04:58:09+08:00
820fae89-d590-4a51-b796-fc745ef2ce01,M-1123,ORD-20260729-4660-0023,CONCESSION_ACCRUAL,11,338,2026-07-29T11:41:31+08:00
cc320bcc-f35f-4a60-85de-3f9a4a23cdb1,M-1652,ORD-20260729-1076-0024,CONCESSION_ACCRUAL,15,333,2026-07-29T22:47:22+08:00
e3f90778-8580-4760-8236-8e1cffbbfe95,M-2023,ORD-20260729-5775-0025,CONCESSION_ACCRUAL,8,215,2026-07-29T18:53:50+08:00
f05df1fb-f87d-4843-879e-724b7c39ee38,M-1282,ORD-20260729-3506-0026,CONCESSION_ACCRUAL,13,100,2026-07-29T23:57:35+08:00
d4ac9b06-46fb-4a37-a2a1-61f742175ecb,M-1213,ORD-20260729-8162-0027,CONCESSION_ACCRUAL,26,215,2026-07-29T22:17:55+08:00
f75a4e92-6782-4ea9-b127-6e1f1225197e,M-1460,ORD-20260730-1479-0028,CONCESSION_ACCRUAL,20,271,2026-07-30T00:31:13+08:00
b859ede6-4f96-43d9-b17b-642e2fcc4697,M-1439,ORD-20260730-4884-0029,CONCESSION_ACCRUAL,27,211,2026-07-30T01:41:34+08:00
80cbad55-6ff0-42bb-8e01-839cddaf99ac,M-1219,ORD-20260729-2131-0030,CONCESSION_ACCRUAL,31,341,2026-07-29T22:10:06+08:00
df8bbe84-b354-4d58-8593-d83d87c07f20,M-1195,ORD-20260729-7984-0031,CONCESSION_ACCRUAL,15,231,2026-07-29T17:20:17+08:00
28742497-f6bb-4156-ba3a-22a39350c959,M-1823,ORD-20260729-5840-0032,CONCESSION_ACCRUAL,26,531,2026-07-29T12:45:54+08:00
adb43362-5875-40f7-84a7-4e352d391230,M-2084,ORD-20260729-2434-0033,CONCESSION_ACCRUAL,6,96,2026-07-29T23:04:42+08:00
830bb9a6-7113-4232-bd8c-2915ebef6821,M-1629,ORD-20260729-4469-0034,CONCESSION_ACCRUAL,8,246,2026-07-29T22:09:39+08:00
af467e61-b5a8-49d4-8e88-838dbbba199b,M-1634,ORD-20260729-5045-0035,CONCESSION_ACCRUAL,7,143,2026-07-29T09:18:47+08:00
8a02cb47-4225-4d18-80a2-d57216f99d02,M-1533,ORD-20260729-4202-0036,CONCESSION_ACCRUAL,36,675,2026-07-29T21:51:20+08:00
49938160-d95f-4bde-8c3e-abd1e8a48db2,M-1283,ORD-20260729-3178-0037,CONCESSION_ACCRUAL,15,216,2026-07-29T19:51:14+08:00
516c4363-d0c8-484f-ba5b-e4d96d75f990,M-1810,ORD-20260729-9809-0038,CONCESSION_ACCRUAL,8,101,2026-07-29T22:48:16+08:00
48958d4c-1646-460e-bff7-f5c903dc665a,M-1015,ORD-20260730-3858-0039,CONCESSION_ACCRUAL,16,592,2026-07-30T00:04:35+08:00
dea69e39-1e77-415b-8b71-0e05e3408700,M-1186,ORD-20260729-4293-0040,CONCESSION_ACCRUAL,16,532,2026-07-29T01:35:15+08:00
9da3e2b1-dd4c-48dc-b215-25274f9c1faf,M-1470,ORD-20260729-3441-0041,CONCESSION_ACCRUAL,8,46,2026-07-29T23:20:17+08:00
6a6f5789-d369-435b-8da6-87941f6f8717,M-1480,ORD-20260729-7849-0042,CONCESSION_ACCRUAL,15,109,2026-07-29T20:14:43+08:00
ce40fac9-1273-4294-818c-be75d0259544,M-1480,TIER_UPGRADE_Standard_TO_Silver,TIER_BONUS,50,159,2026-07-29T20:14:43+08:00
538e2814-5a03-449c-9ffa-addfb7db3a57,M-1756,ORD-20260729-8678-0043,CONCESSION_ACCRUAL,9,716,2026-07-29T21:30:24+08:00
7a072a56-3f12-4f21-af69-0be0c87194c5,M-1114,ORD-20260729-8392-0044,CONCESSION_ACCRUAL,11,114,2026-07-29T19:37:18+08:00
bd73f7b9-a1a1-4102-88fa-64185869050f,M-1838,ORD-20260730-9549-0045,CONCESSION_ACCRUAL,26,609,2026-07-30T00:06:16+08:00
b0e97b63-6e81-459f-bb45-589611dead2d,M-2020,ORD-20260730-9478-0046,CONCESSION_ACCRUAL,3,168,2026-07-30T00:01:35+08:00
4d069f20-3745-44f3-8dd3-700bc5e1e249,M-1347,ORD-20260729-4165-0047,CONCESSION_ACCRUAL,9,3152,2026-07-29T20:56:22+08:00
3f779062-954e-4e3e-9e2e-df80ff5e06df,M-2187,ORD-20260729-4914-0048,CONCESSION_ACCRUAL,12,52,2026-07-29T21:19:23+08:00
35a51d3d-f66b-4f03-98e9-e08d36520236,M-1255,ORD-20260729-5543-0049,CONCESSION_ACCRUAL,9,254,2026-07-29T22:51:40+08:00
c72a0910-e84a-4835-9e2d-189ea8cf3583,M-1457,ORD-20260730-5682-0050,CONCESSION_ACCRUAL,26,428,2026-07-30T03:31:45+08:00
1f29d23d-d7fb-4f0e-9137-abe581139f79,M-1989,ORD-20260729-8135-0051,CONCESSION_ACCRUAL,15,135,2026-07-29T09:57:52+08:00
bed162ed-e246-4da8-8687-a1f14ae86fc4,M-1408,ORD-20260729-9973-0052,CONCESSION_ACCRUAL,28,116,2026-07-29T23:51:10+08:00
2594bcb0-da55-4817-ab10-5055e36eea61,M-1868,ORD-20260730-8328-0053,CONCESSION_ACCRUAL,5,79,2026-07-30T00:27:27+08:00
b9b6f4a7-d736-4a45-b149-da63fb2d8046,M-1398,ORD-20260730-1451-0054,CONCESSION_ACCRUAL,9,1318,2026-07-30T00:09:22+08:00
45bef01e-6291-4986-a0ba-8ecea2f56d9d,M-1154,ORD-20260729-3035-0055,CONCESSION_ACCRUAL,18,78,2026-07-29T16:13:53+08:00
26b9a8a8-b0c1-496d-8127-a5b9bbccdb2c,M-1555,ORD-20260729-7316-0056,CONCESSION_ACCRUAL,16,168,2026-07-29T22:49:39+08:00
5a3b708f-7c1a-4b1b-aee2-fb545a94278d,M-2101,ORD-20260729-9661-0057,CONCESSION_ACCRUAL,12,92,2026-07-29T22:38:40+08:00
ce85193f-83c0-483e-888d-322280e0f737,M-1443,ORD-20260729-1363-0058,CONCESSION_ACCRUAL,41,403,2026-07-29T19:51:24+08:00
68da4908-ec40-4dea-b547-902e079c1d82,M-1870,ORD-20260730-6263-0059,CONCESSION_ACCRUAL,8,142,2026-07-30T01:02:24+08:00
0689cb2f-9214-4004-8a9b-a0708168d4d6,M-1130,ORD-20260729-2278-0060,CONCESSION_ACCRUAL,3,184,2026-07-29T15:45:14+08:00
5d9238e8-faf3-42cf-97b5-0ee5cb1f2fa7,M-1666,ORD-20260729-3092-0061,CONCESSION_ACCRUAL,15,244,2026-07-29T20:47:55+08:00
a935137e-d117-470f-89ee-0b6f33981913,M-1816,ORD-20260729-9931-0062,CONCESSION_ACCRUAL,10,65,2026-07-29T21:51:55+08:00
897ccd7d-eeb7-4274-bfbc-83a073ae20ea,M-1827,ORD-20260729-1838-0063,CONCESSION_ACCRUAL,7,271,2026-07-29T22:52:15+08:00
bfbd2deb-683e-4a81-b765-2869c6e69891,M-1819,ORD-20260729-8045-0064,CONCESSION_ACCRUAL,33,62,2026-07-29T21:39:49+08:00
6c8693be-7efc-4800-b6c3-ba4824e104be,M-1126,ORD-20260729-5082-0065,CONCESSION_ACCRUAL,19,106,2026-07-29T22:20:02+08:00
ba093fde-221b-4708-9196-c1ec17e4a8bf,M-1691,ORD-20260729-7241-0066,CONCESSION_ACCRUAL,12,250,2026-07-29T23:47:22+08:00
60e0adf8-f9b7-416d-ab35-e9191032b0d2,M-1463,ORD-20260730-4477-0067,CONCESSION_ACCRUAL,13,3648,2026-07-30T00:17:27+08:00
9e1345fc-8d78-443d-b267-258321f1a992,M-1274,ORD-20260729-5910-0068,CONCESSION_ACCRUAL,16,586,2026-07-29T21:01:54+08:00
24d877c8-6a5e-46b4-81b3-6c716b920807,M-1324,ORD-20260729-7667-0069,CONCESSION_ACCRUAL,41,247,2026-07-29T20:17:46+08:00
dd30f7be-e0cd-4e16-89cb-5105d3731dc7,M-1165,ORD-20260729-2891-0070,CONCESSION_ACCRUAL,20,25,2026-07-29T13:55:02+08:00
642a2146-93d9-4638-8416-679741009a6f,M-1118,ORD-20260730-8938-0071,CONCESSION_ACCRUAL,8,237,2026-07-30T00:47:28+08:00
b3c413c3-0f48-4003-84f1-fb6b741bb60d,M-1579,ORD-20260730-1986-0072,CONCESSION_ACCRUAL,21,2561,2026-07-30T00:04:03+08:00
fe00cc2d-1faa-429e-8cf5-7cea5a86c2cb,M-1242,ORD-20260729-1245-0073,CONCESSION_ACCRUAL,15,316,2026-07-29T12:01:13+08:00
b60ccf6c-a24c-4d2d-96e8-c6f1e5d7c6a4,M-1379,ORD-20260729-5005-0074,CONCESSION_ACCRUAL,27,349,2026-07-29T21:37:02+08:00
50d79c5a-1ed3-4027-93c3-fc04b24c8ab4,M-1022,ORD-20260729-5015-0075,CONCESSION_ACCRUAL,16,158,2026-07-29T03:06:43+08:00
70c4a79e-f49c-482a-84ae-e032e45d774c,M-1389,ORD-20260730-7496-0076,CONCESSION_ACCRUAL,15,40,2026-07-30T03:30:39+08:00
6116092b-4e31-4d7e-979c-60d159ccfbbc,M-1931,ORD-20260729-3428-0077,CONCESSION_ACCRUAL,7,38,2026-07-29T21:21:47+08:00
2951dfbd-1018-4d52-9768-7d0c651c7197,M-1012,ORD-20260729-3189-0078,CONCESSION_ACCRUAL,31,376,2026-07-29T16:45:10+08:00
6dbb90b4-0afd-4e00-86c8-aec443331f4d,M-1829,ORD-20260729-4947-0079,CONCESSION_ACCRUAL,22,174,2026-07-29T19:45:30+08:00
fb668404-2a53-4911-919a-fee6e8b260cc,M-1455,ORD-20260729-4721-0080,CONCESSION_ACCRUAL,15,468,2026-07-29T17:43:38+08:00
1e95bea1-9018-4d45-a14a-62ae4d7e7f92,M-1338,ORD-20260729-9686-0081,CONCESSION_ACCRUAL,16,459,2026-07-29T14:17:41+08:00
67003f31-86b4-4083-83ae-354d56d28992,M-2018,ORD-20260729-1019-0082,CONCESSION_ACCRUAL,18,160,2026-07-29T21:52:44+08:00
38ffcca3-2686-4430-a155-1c33d96f236c,M-1141,ORD-20260730-3310-0083,CONCESSION_ACCRUAL,11,204,2026-07-30T00:41:06+08:00
7d6ff78b-d715-4498-bad9-fff7179bf736,M-1348,ORD-20260729-3465-0084,CONCESSION_ACCRUAL,15,96,2026-07-29T18:48:25+08:00
310d938f-c5cf-4a93-b450-0417c2b4ff95,M-1199,ORD-20260729-9857-0085,CONCESSION_ACCRUAL,38,61,2026-07-29T15:15:44+08:00
216d1414-f697-4cc8-bb18-6592c335d18d,M-1068,ORD-20260729-5605-0086,CONCESSION_ACCRUAL,27,399,2026-07-29T21:39:50+08:00
a14b72c7-b65b-479c-9bc5-83261babc14f,M-1507,ORD-20260729-3159-0087,CONCESSION_ACCRUAL,3,71,2026-07-29T21:56:03+08:00
fe8347fa-8e1b-4127-98ee-2c3b03e89a25,M-1268,ORD-20260729-5205-0088,CONCESSION_ACCRUAL,30,138,2026-07-29T21:07:29+08:00
c2d22060-bc66-4786-a372-151a24702e2f,M-1026,ORD-20260729-7443-0089,CONCESSION_ACCRUAL,9,1714,2026-07-29T12:59:53+08:00
a1cbc9bc-689e-4cc8-adf1-cd606ae43452,M-1734,ORD-20260730-4449-0090,CONCESSION_ACCRUAL,10,120,2026-07-30T01:51:48+08:00
feb4e18d-3c07-47a8-9286-1db9a82b1dc8,M-1291,ORD-20260729-8437-0091,CONCESSION_ACCRUAL,11,302,2026-07-29T17:57:21+08:00
90a59aac-0208-4eef-972d-9a425052a889,M-1041,ORD-20260729-4097-0092,CONCESSION_ACCRUAL,27,1059,2026-07-29T15:42:37+08:00
6d077ffa-95be-4025-91f0-76fadeca3a4d,M-1088,ORD-20260729-8639-0093,CONCESSION_ACCRUAL,4,497,2026-07-29T17:22:02+08:00
b399cbed-7943-48ff-bb93-f9f6fdc86d76,M-1655,ORD-20260729-9293-0094,CONCESSION_ACCRUAL,11,238,2026-07-29T23:46:56+08:00
68b69a91-8e21-4666-8ab7-90c83cc0d95b,M-1683,ORD-20260730-1490-0095,CONCESSION_ACCRUAL,9,1009,2026-07-30T01:52:32+08:00
c7c5d352-bc51-43f9-8158-4fbeef04252b,M-1677,ORD-20260730-9529-0096,CONCESSION_ACCRUAL,8,105,2026-07-30T00:43:25+08:00
3be03ab6-a68f-47f6-b8a5-0c9a858ed614,M-1375,ORD-20260729-6560-0097,CONCESSION_ACCRUAL,55,82,2026-07-29T22:11:59+08:00
6b008b70-b8ba-4715-9437-5102a3ffac28,M-1264,ORD-20260729-6814-0098,CONCESSION_ACCRUAL,11,644,2026-07-29T18:06:51+08:00
d4499ec5-72c2-46e5-bada-3f195e20dc49,M-2107,ORD-20260730-9494-0099,CONCESSION_ACCRUAL,12,152,2026-07-30T01:09:35+08:00
4de6dc96-61ff-4ff0-aee4-6dbb4f4d8c55,M-1258,ORD-20260730-9015-0100,CONCESSION_ACCRUAL,40,453,2026-07-30T02:35:47+08:00
06d67bdc-2943-421f-a7ca-118cb23c5ca8,M-1667,ORD-20260730-5030-0101,CONCESSION_ACCRUAL,8,393,2026-07-30T00:12:34+08:00
aef4e344-29d9-4b3c-be23-7e1b8bc72d90,M-1003,ORD-20260730-7227-0102,CONCESSION_ACCRUAL,11,147,2026-07-30T02:10:18+08:00
733fe42b-a5ac-48fd-9fea-419c4c23933f,M-1269,ORD-20260730-5462-0103,CONCESSION_ACCRUAL,28,307,2026-07-30T01:07:28+08:00
ee75096d-50f2-4874-a23b-2f96bfdf5c59,M-1557,ORD-20260730-4233-0104,CONCESSION_ACCRUAL,15,358,2026-07-30T01:31:04+08:00
3f1c0bff-9dac-48c0-af8f-28a0e2cf1c3b,M-2192,ORD-20260729-5362-0105,CONCESSION_ACCRUAL,3,50,2026-07-29T16:53:21+08:00
18de6a82-e1ea-44f9-ab2a-b49a57cafb95,M-1613,ORD-20260730-8850-0106,CONCESSION_ACCRUAL,43,509,2026-07-30T01:33:25+08:00
a8448ac9-49e2-4019-8caf-371a3166b50c,M-1749,ORD-20260729-2797-0107,CONCESSION_ACCRUAL,18,123,2026-07-29T11:06:41+08:00
011b59ca-5267-44be-a88c-a8d5127c6d2d,M-1749,TIER_UPGRADE_Standard_TO_Silver,TIER_BONUS,50,173,2026-07-29T11:06:41+08:00
4b98b11e-6d9e-485d-940b-6a23ab6aac78,M-1337,ORD-20260730-4782-0108,CONCESSION_ACCRUAL,49,402,2026-07-30T01:48:51+08:00
c617a0ec-98a0-432f-a307-dc46f7b4d46f,M-1798,ORD-20260730-8975-0109,CONCESSION_ACCRUAL,30,247,2026-07-30T00:02:45+08:00
358bb768-1dfd-4c3e-8a59-425981e60d80,M-1257,ORD-20260729-1566-0110,CONCESSION_ACCRUAL,3,176,2026-07-29T20:29:55+08:00
80dbca4d-b3cb-4233-aa2a-dafd4ec2a0bd,M-1246,ORD-20260729-6991-0111,CONCESSION_ACCRUAL,8,164,2026-07-29T08:54:22+08:00
b0204907-52e4-4ba3-add4-b55ccfbb15ec,M-1561,ORD-20260729-6524-0112,CONCESSION_ACCRUAL,3,303,2026-07-29T17:58:40+08:00
7db18ec3-0d38-48f6-b3e4-75d651776d9b,M-1318,ORD-20260730-6239-0113,CONCESSION_ACCRUAL,22,382,2026-07-30T01:57:34+08:00
307d3d29-150e-490c-850c-40c5584ca65a,M-1913,ORD-20260729-3635-0114,CONCESSION_ACCRUAL,12,169,2026-07-29T21:51:41+08:00
86f0a377-40a2-4b45-b6d9-581bc7a6aecd,M-1598,ORD-20260729-2393-0115,CONCESSION_ACCRUAL,26,74,2026-07-29T22:32:24+08:00
6c490b58-400c-4444-8cbc-00a2cba19b3d,M-1218,ORD-20260729-7363-0116,CONCESSION_ACCRUAL,11,112,2026-07-29T10:04:12+08:00
b54ec168-6ca3-47ff-b980-29dc48c98c78,M-1925,ORD-20260730-7101-0117,CONCESSION_ACCRUAL,3,86,2026-07-30T01:31:34+08:00
7257d038-4ec1-4b20-b32b-53635d918e6d,M-1471,ORD-20260729-4818-0118,CONCESSION_ACCRUAL,9,265,2026-07-29T04:43:21+08:00
bb160a04-c54d-45df-b028-405487276347,M-1590,ORD-20260729-5354-0119,CONCESSION_ACCRUAL,15,100,2026-07-29T09:31:27+08:00
0b1bccd0-179f-477f-8dd2-373e2f5894a4,M-1389,ORD-20260729-5972-0120,CONCESSION_ACCRUAL,18,58,2026-07-29T20:52:24+08:00
8693383e-2e62-40c7-acf8-2f87ae3d8396,M-1489,ORD-20260729-8123-0121,CONCESSION_ACCRUAL,3,565,2026-07-29T23:30:56+08:00
8d811671-7b41-43e6-bb55-9469c79017ef,M-1508,ORD-20260729-8690-0122,CONCESSION_ACCRUAL,8,437,2026-07-29T14:25:00+08:00
db5b6f19-9b48-458d-bc9a-25cd30bbc18e,M-1744,ORD-20260729-4910-0123,CONCESSION_ACCRUAL,3,602,2026-07-29T21:05:46+08:00
f5bb647b-3a1d-44a5-bd4b-a6ed908e3b6b,M-1763,ORD-20260729-1604-0124,CONCESSION_ACCRUAL,21,329,2026-07-29T17:40:24+08:00
17113f39-6d56-4fb5-b487-7cd57e1fc1fa,M-1086,ORD-20260729-8527-0125,CONCESSION_ACCRUAL,26,166,2026-07-29T20:48:28+08:00
a5781a5c-b530-4b8e-9ae2-1388f8c8cedd,M-1109,ORD-20260729-3232-0126,CONCESSION_ACCRUAL,28,405,2026-07-29T15:51:47+08:00
34920ac4-67cf-416c-ad5a-6c8eadef26ab,M-1065,ORD-20260729-8768-0127,CONCESSION_ACCRUAL,18,613,2026-07-29T21:01:21+08:00
05e55360-80a7-4d86-a665-1c69d6b75646,M-1695,ORD-20260729-3967-0128,CONCESSION_ACCRUAL,7,87,2026-07-29T18:21:59+08:00
8a75ee4a-e809-4825-b1ce-ee4d376cdb45,M-1174,ORD-20260730-1141-0129,CONCESSION_ACCRUAL,14,71,2026-07-30T00:58:04+08:00
73246de3-62f9-48ba-bdb7-db8c545bed01,M-1745,ORD-20260730-4092-0130,CONCESSION_ACCRUAL,15,288,2026-07-30T00:37:30+08:00
79ef6e53-c367-4eaa-bf6e-e107b6ce0367,M-1117,ORD-20260729-5228-0131,CONCESSION_ACCRUAL,35,102,2026-07-29T20:13:33+08:00
d5718acd-c167-471d-869f-a3258173d828,M-1466,ORD-20260729-2362-0132,CONCESSION_ACCRUAL,13,3598,2026-07-29T19:33:36+08:00
a3e0e3bc-41a8-4f29-844d-e5bf33e8495a,M-1820,ORD-20260729-5489-0133,CONCESSION_ACCRUAL,11,474,2026-07-29T09:01:41+08:00
b21dd559-3c3b-43c7-9384-1b4b54f5a3ab,M-1182,ORD-20260730-5128-0134,CONCESSION_ACCRUAL,10,217,2026-07-30T00:56:51+08:00
bcf7d764-7035-40ce-908e-3e78dec10ac1,M-1106,ORD-20260729-1888-0135,CONCESSION_ACCRUAL,43,383,2026-07-29T19:21:58+08:00
d487764c-3a65-4a29-be38-bca3ce961767,M-1612,ORD-20260729-2543-0136,CONCESSION_ACCRUAL,8,511,2026-07-29T18:38:47+08:00
d20a2db3-6ba1-445c-82ab-972158ff9460,M-1630,ORD-20260729-4853-0137,CONCESSION_ACCRUAL,20,502,2026-07-29T23:43:53+08:00
f556579d-6f12-40b7-8c09-7376485b0393,M-1582,ORD-20260729-8549-0138,CONCESSION_ACCRUAL,28,446,2026-07-29T20:44:20+08:00
265efbad-5e8b-4fa9-a381-7d819728d7d2,M-1046,ORD-20260729-7869-0139,CONCESSION_ACCRUAL,11,746,2026-07-29T22:20:43+08:00
2de6a9c8-ad4e-4658-a1cc-1ad5791f41b2,M-1234,ORD-20260729-1796-0140,CONCESSION_ACCRUAL,22,271,2026-07-29T21:24:12+08:00
fcf32db7-8b19-4f0d-8f13-ca6f14c682eb,M-1745,ORD-20260729-2937-0141,CONCESSION_ACCRUAL,8,296,2026-07-29T12:52:02+08:00
7d333664-44c6-468d-b76c-9bcf7a6293fd,M-1701,ORD-20260729-5444-0142,CONCESSION_ACCRUAL,8,530,2026-07-29T16:20:24+08:00
f1df6a5f-9872-4b52-aa0f-3ab1bdacd657,M-1573,ORD-20260729-5110-0143,CONCESSION_ACCRUAL,50,604,2026-07-29T11:54:30+08:00
85c11598-dda1-4f9b-bc41-a56b05e8abbd,M-1283,ORD-20260729-6855-0144,CONCESSION_ACCRUAL,16,232,2026-07-29T16:43:26+08:00
e0c50cd1-8cd2-43a2-a6db-4352eae28d8f,M-1359,ORD-20260729-6117-0145,CONCESSION_ACCRUAL,11,1843,2026-07-29T18:31:21+08:00
8f443021-5964-4ebe-b9e8-2ad892f15a7b,M-1401,ORD-20260729-4385-0146,CONCESSION_ACCRUAL,16,463,2026-07-29T15:52:39+08:00
6d2f81e7-c92c-4a37-9545-cda6c8946f73,M-1934,ORD-20260730-1165-0147,CONCESSION_ACCRUAL,6,104,2026-07-30T00:20:06+08:00
08176c69-8407-4a67-8439-7c25b149a39d,M-1934,TIER_UPGRADE_Standard_TO_Silver,TIER_BONUS,50,154,2026-07-30T00:20:06+08:00
286382a7-d130-4eb9-8474-61492ac25f0d,M-1571,ORD-20260729-2209-0148,CONCESSION_ACCRUAL,18,172,2026-07-29T14:23:28+08:00
e2afc5cb-9e52-4bc0-a4f8-41a7739af51a,M-1214,ORD-20260729-8678-0149,CONCESSION_ACCRUAL,3,371,2026-07-29T22:29:19+08:00
9b6fe105-0b4d-448f-8895-6ef822e492a9,M-1611,ORD-20260729-6553-0150,CONCESSION_ACCRUAL,87,457,2026-07-29T15:58:41+08:00
f964b500-bc02-4958-a7bd-3b34640b828b,M-1588,ORD-20260729-2180-0151,CONCESSION_ACCRUAL,9,1778,2026-07-29T23:53:01+08:00
8971fde2-6fed-48a4-95c6-0cfff9c5ee5a,M-1995,ORD-20260729-1727-0152,CONCESSION_ACCRUAL,24,254,2026-07-29T22:20:41+08:00
ae140628-1a83-4344-a3c2-109d2bec3a37,M-1273,ORD-20260729-8894-0153,CONCESSION_ACCRUAL,16,888,2026-07-29T20:42:42+08:00
90978f6a-9ff0-4ae2-8057-33e794bd1b9b,M-1928,ORD-20260729-7775-0154,CONCESSION_ACCRUAL,28,220,2026-07-29T17:01:21+08:00
c58eb245-1beb-4d10-a73a-07db8f5f0e93,M-1630,ORD-20260729-6559-0155,CONCESSION_ACCRUAL,27,529,2026-07-29T21:18:37+08:00
3bba7e26-fc58-4f08-9b90-6a88ec40db36,M-1246,ORD-20260730-7054-0156,CONCESSION_ACCRUAL,9,173,2026-07-30T00:39:51+08:00
abb7d088-d06b-4e46-a076-b03b69fd902c,M-1138,ORD-20260729-2800-0157,CONCESSION_ACCRUAL,11,509,2026-07-29T19:54:49+08:00
3751f703-72f9-406d-872f-350261e51bf6,M-1304,ORD-20260729-8817-0158,CONCESSION_ACCRUAL,8,272,2026-07-29T15:15:17+08:00
19c1f0f8-c837-418e-9b9a-1d7620a6a9a7,M-1146,ORD-20260729-4128-0159,CONCESSION_ACCRUAL,13,2566,2026-07-29T23:08:18+08:00
cdb93e95-8e1d-4852-ae7d-b63a4524fb89,M-1308,ORD-20260730-5239-0160,CONCESSION_ACCRUAL,8,354,2026-07-30T00:56:30+08:00
044e8875-7ab9-4a25-8c64-e7886dd5b4d6,M-1091,ORD-20260729-2052-0161,CONCESSION_ACCRUAL,6,93,2026-07-29T22:19:22+08:00
1d2a026d-a652-4647-a87e-2658070cdb7d,M-1421,ORD-20260729-4256-0162,CONCESSION_ACCRUAL,15,614,2026-07-29T18:40:10+08:00
16e9bf38-6ade-4f54-b9fe-692227222016,M-1421,TIER_UPGRADE_Silver_TO_Gold,TIER_BONUS,100,714,2026-07-29T18:40:10+08:00
3b1a7b24-4276-4c47-992f-fe690c4119dc,M-1116,ORD-20260729-2074-0163,CONCESSION_ACCRUAL,22,363,2026-07-29T07:29:12+08:00
8c0720e7-a630-425d-93ff-e46ecffe75c4,M-1740,ORD-20260730-8254-0164,CONCESSION_ACCRUAL,73,2364,2026-07-30T02:51:49+08:00
85a5645f-3a21-4f4e-a64f-fd10aaf530c3,M-1862,ORD-20260729-5683-0165,CONCESSION_ACCRUAL,6,138,2026-07-29T15:23:31+08:00
3a4a353f-ccbb-44d7-b444-57bcb9bae47c,M-1922,ORD-20260729-4107-0166,CONCESSION_ACCRUAL,12,61,2026-07-29T06:42:35+08:00
cdac3e71-92b9-4e2e-9495-87249b821c8b,M-1599,ORD-20260729-8881-0167,CONCESSION_ACCRUAL,3,238,2026-07-29T18:44:06+08:00
33f5710a-dae7-4bd7-bb75-53fc841313cf,M-1941,ORD-20260729-5343-0168,CONCESSION_ACCRUAL,15,112,2026-07-29T14:16:13+08:00
dcac277f-50ba-4f2d-994a-87dd880c8418,M-1032,ORD-20260730-4040-0169,CONCESSION_ACCRUAL,9,233,2026-07-30T00:13:22+08:00
d547a2c4-754f-46bc-bccf-a1bb0bace11f,M-1212,ORD-20260729-1285-0170,CONCESSION_ACCRUAL,11,113,2026-07-29T16:49:48+08:00
8a384320-7995-4450-a673-e69e6c0d5f66,M-1617,ORD-20260729-3077-0171,CONCESSION_ACCRUAL,10,116,2026-07-29T16:40:01+08:00
8c040b98-8c91-48ef-8b72-7355b8aa380d,M-2074,ORD-20260729-8925-0172,CONCESSION_ACCRUAL,21,255,2026-07-29T17:12:40+08:00
e994db95-6201-4861-8ab0-aacf8cb16086,M-1016,ORD-20260730-8231-0173,CONCESSION_ACCRUAL,11,116,2026-07-30T01:03:41+08:00
5549b59a-7c2c-4a58-8809-c12f9880c807,M-1809,ORD-20260729-1947-0174,CONCESSION_ACCRUAL,18,465,2026-07-29T20:00:37+08:00
119ab7d0-9161-4519-ada6-c99ea2690aaf,M-1724,ORD-20260729-6011-0175,CONCESSION_ACCRUAL,14,50,2026-07-29T17:57:09+08:00
8c9b7dfa-391b-4284-84c1-fceac7f2becd,M-1331,ORD-20260729-3886-0176,CONCESSION_ACCRUAL,15,142,2026-07-29T21:56:19+08:00
c19b21aa-9179-405b-a665-1f3e725d4380,M-1113,ORD-20260730-8109-0177,CONCESSION_ACCRUAL,45,541,2026-07-30T00:18:30+08:00
6a4fceda-8888-4d25-b558-8b79f4b70010,M-1038,ORD-20260729-9418-0178,CONCESSION_ACCRUAL,27,393,2026-07-29T10:15:03+08:00
fec2014b-39d7-4af6-87ea-38bf1601dcb2,M-2053,ORD-20260729-5285-0179,CONCESSION_ACCRUAL,13,157,2026-07-29T20:17:58+08:00
04088a8c-293f-4880-8de0-0390329eef20,M-1814,ORD-20260729-3014-0180,CONCESSION_ACCRUAL,40,266,2026-07-29T23:14:30+08:00
3a0ec47d-80a4-41f4-b772-e09c9d1e95f9,M-1179,ORD-20260729-3302-0181,CONCESSION_ACCRUAL,8,52,2026-07-29T16:53:06+08:00
e0c29859-9311-4fcb-8d74-080b2a709175,M-1002,ORD-20260729-3088-0182,CONCESSION_ACCRUAL,18,356,2026-07-29T23:39:58+08:00
edaff481-a7a7-4615-bdac-f54329ebca8f,M-1968,ORD-20260729-6190-0183,CONCESSION_ACCRUAL,30,219,2026-07-29T17:47:57+08:00
fbe43d80-1bc4-4065-830f-ceb2b82ef13b,M-1739,ORD-20260729-6394-0184,CONCESSION_ACCRUAL,8,81,2026-07-29T23:08:27+08:00
62f2b5d3-2a60-4776-966a-c1601443d518,M-1808,ORD-20260729-9695-0185,CONCESSION_ACCRUAL,18,1897,2026-07-29T14:03:55+08:00
a73f1b8b-9b1a-4a90-b0ea-a7604ca9a055,M-1679,ORD-20260729-4963-0186,CONCESSION_ACCRUAL,15,535,2026-07-29T19:33:39+08:00
58916f6e-de28-4f64-b182-307a5496a2d4,M-1280,ORD-20260730-2874-0187,CONCESSION_ACCRUAL,27,465,2026-07-30T02:47:13+08:00
6df23750-dafb-408b-9906-07807e3bb480,M-1364,ORD-20260729-9829-0188,CONCESSION_ACCRUAL,13,1030,2026-07-29T23:49:10+08:00
b8d86d8a-8fb3-4ec0-9f93-1e2ef6b7d906,M-1149,ORD-20260729-4024-0189,CONCESSION_ACCRUAL,18,60,2026-07-29T16:00:34+08:00
3aa5e55b-888b-4099-b3fb-d9c80b46d089,M-2166,ORD-20260729-5213-0190,CONCESSION_ACCRUAL,27,81,2026-07-29T20:34:33+08:00
793b2360-f4e7-4808-b56f-4d354515f436,M-1465,ORD-20260729-6700-0191,CONCESSION_ACCRUAL,11,893,2026-07-29T14:46:00+08:00
b9adf55f-cb76-4639-b124-b364b9747f2b,M-1989,ORD-20260729-1629-0192,CONCESSION_ACCRUAL,20,155,2026-07-29T23:13:11+08:00
de8c0a4e-9823-4f99-8d07-3a835bf9be37,M-1296,ORD-20260729-3504-0193,CONCESSION_ACCRUAL,4,924,2026-07-29T22:33:34+08:00
4badb77f-9500-4735-9435-a211b9e64684,M-1644,ORD-20260729-6049-0194,CONCESSION_ACCRUAL,8,159,2026-07-29T23:07:01+08:00
7f049337-8dc0-4f4c-9b0b-1dde197a8323,M-1216,ORD-20260729-4123-0195,CONCESSION_ACCRUAL,4,307,2026-07-29T21:19:42+08:00
710ffa15-8a5e-43b3-bb9e-8008dce6dc8f,M-2062,ORD-20260729-5093-0196,CONCESSION_ACCRUAL,13,124,2026-07-29T21:18:35+08:00
ee7a8e65-713f-4c61-9fe1-fe7ca3b5ead2,M-1104,ORD-20260729-4360-0197,CONCESSION_ACCRUAL,19,351,2026-07-29T20:06:09+08:00
a91ac903-a30f-4be5-a4d0-d43e1b90ada5,M-1511,ORD-20260729-1953-0198,CONCESSION_ACCRUAL,9,493,2026-07-29T18:21:47+08:00
7545ffe3-e167-46b9-9de2-51b279e62a17,M-1137,ORD-20260729-6446-0199,CONCESSION_ACCRUAL,15,336,2026-07-29T16:34:29+08:00
040465f5-ee3e-4ac4-9310-004cac57e3ea,M-2141,ORD-20260729-8709-0200,CONCESSION_ACCRUAL,3,123,2026-07-29T21:04:21+08:00
2de20a49-129c-4bd4-bf24-921be159d898,M-1912,ORD-20260729-3583-0201,CONCESSION_ACCRUAL,6,262,2026-07-29T22:38:35+08:00
da6abaad-2e4b-4902-a9aa-a7d8851f4ff6,M-1252,ORD-20260729-6761-0202,CONCESSION_ACCRUAL,24,124,2026-07-29T21:32:00+08:00
38da3a83-c564-4c63-8057-fdc2eba87895,M-1474,ORD-20260730-1472-0203,CONCESSION_ACCRUAL,41,122,2026-07-30T00:49:21+08:00
a9793563-5136-4890-a249-087b269feb7b,M-1690,ORD-20260729-3751-0204,CONCESSION_ACCRUAL,26,268,2026-07-29T21:39:30+08:00
4c97129f-3d99-447f-ab43-336123c611ea,M-1707,ORD-20260729-1475-0205,CONCESSION_ACCRUAL,9,1052,2026-07-29T22:23:56+08:00
740b439d-ca15-47ec-9238-da1901004565,M-1429,ORD-20260729-3161-0206,CONCESSION_ACCRUAL,11,527,2026-07-29T16:51:00+08:00
b284c6bc-f43b-4cc1-af5a-c6e732857d43,M-1138,ORD-20260730-4331-0207,CONCESSION_ACCRUAL,31,540,2026-07-30T02:47:38+08:00
1b062d49-d7ea-4d2a-bcd2-462a2f5c6b18,M-1718,ORD-20260729-7306-0208,CONCESSION_ACCRUAL,18,1408,2026-07-29T18:43:12+08:00
2c899e8f-d0eb-47c6-a944-b340a54739eb,M-1770,ORD-20260729-3396-0209,CONCESSION_ACCRUAL,31,312,2026-07-29T22:05:39+08:00
073fac07-8585-49a0-a2f5-eb732e0c5787,M-1070,ORD-20260730-8401-0210,CONCESSION_ACCRUAL,8,246,2026-07-30T00:46:35+08:00
849e2754-d37d-4321-a99a-b8c5b93eadd9,M-1464,ORD-20260729-1114-0211,CONCESSION_ACCRUAL,9,99,2026-07-29T16:18:33+08:00
cb10f130-af74-423e-8f1e-5c147a9ab70f,M-1572,ORD-20260729-6088-0212,CONCESSION_ACCRUAL,22,331,2026-07-29T22:29:47+08:00
23d98fab-de03-4e7d-87b0-c53d873fde0f,M-1013,ORD-20260729-8846-0213,CONCESSION_ACCRUAL,31,268,2026-07-29T19:36:34+08:00
ee7fac75-ea00-43f9-a46e-e69c794851f9,M-2043,ORD-20260729-5506-0214,CONCESSION_ACCRUAL,3,65,2026-07-29T16:23:53+08:00
31686f7d-10ca-4add-8028-8813b20a8205,M-2113,ORD-20260730-8600-0215,CONCESSION_ACCRUAL,16,114,2026-07-30T00:52:05+08:00
710e1121-9232-4ba0-aa9c-d2c5145b2972,M-1231,ORD-20260729-6189-0216,CONCESSION_ACCRUAL,31,307,2026-07-29T22:47:01+08:00
33d46038-c9ab-4ba9-b2aa-df936b07be69,M-2157,ORD-20260729-7104-0217,CONCESSION_ACCRUAL,6,57,2026-07-29T22:06:33+08:00
9c8a7cf0-379a-45ae-b4e1-586c8cc0e1e8,M-1185,ORD-20260729-7053-0218,CONCESSION_ACCRUAL,15,178,2026-07-29T20:07:27+08:00
becb9af3-a195-42a3-9a45-d209bfaa9179,M-1484,ORD-20260729-9158-0219,CONCESSION_ACCRUAL,18,300,2026-07-29T17:44:43+08:00
16904182-6441-44b4-bc40-f51862543f26,M-1864,ORD-20260729-9778-0220,CONCESSION_ACCRUAL,3,214,2026-07-29T02:50:36+08:00
cb03c99f-50f0-499a-a846-8b1f7fbf946e,M-1501,ORD-20260729-2014-0221,CONCESSION_ACCRUAL,8,70,2026-07-29T22:53:25+08:00
ddbdf69c-9093-41e5-bfc8-3ddee7ef526e,M-1115,ORD-20260729-6196-0222,CONCESSION_ACCRUAL,10,207,2026-07-29T19:51:32+08:00
7db39e3d-fda5-4848-b9bf-9de3e534582f,M-1515,ORD-20260729-6006-0223,CONCESSION_ACCRUAL,11,266,2026-07-29T15:01:06+08:00
466d4e63-7b47-4734-a113-ee738420c276,M-1610,ORD-20260729-9805-0224,CONCESSION_ACCRUAL,21,100,2026-07-29T23:54:23+08:00
e4b2edc9-3bdc-4b87-ba85-df1484f0dc5b,M-1518,ORD-20260729-9078-0225,CONCESSION_ACCRUAL,11,326,2026-07-29T12:46:05+08:00
6f819602-b49a-4292-88c0-77425ae3db25,M-1176,ORD-20260729-5728-0226,CONCESSION_ACCRUAL,8,89,2026-07-29T20:43:35+08:00
f4152c35-aa15-4310-b5ae-9b3671255148,M-1488,ORD-20260730-1920-0227,CONCESSION_ACCRUAL,10,690,2026-07-30T02:36:29+08:00
b7199e89-eb7d-4a66-97fe-38bcb00060d1,M-1195,ORD-20260729-6087-0228,CONCESSION_ACCRUAL,15,246,2026-07-29T22:30:39+08:00
9f69532c-2516-4343-b5ca-c4e6e2734c11,M-1040,ORD-20260729-4151-0229,CONCESSION_ACCRUAL,28,663,2026-07-29T22:09:13+08:00
e77faaa5-48e9-455b-86b3-3fd4b4488e83,M-1491,ORD-20260729-3261-0230,CONCESSION_ACCRUAL,8,156,2026-07-29T12:05:28+08:00
ab1df06d-593b-43fc-9cbd-b58ff6a628de,M-1105,ORD-20260729-7254-0231,CONCESSION_ACCRUAL,18,828,2026-07-29T21:55:50+08:00
71e72a33-4420-4872-8792-ec024d75a5fe,M-1643,ORD-20260729-1738-0232,CONCESSION_ACCRUAL,3,444,2026-07-29T15:28:30+08:00
544c5177-c300-451b-89ba-078bb7e672e3,M-1691,ORD-20260729-1990-0233,CONCESSION_ACCRUAL,50,300,2026-07-29T21:13:13+08:00
9254336d-a870-425c-81dd-70121985cea4,M-1785,ORD-20260729-9518-0234,CONCESSION_ACCRUAL,14,321,2026-07-29T17:57:55+08:00
5b25991a-2446-4c3d-ad99-33738556e3de,M-1210,ORD-20260729-3911-0235,CONCESSION_ACCRUAL,12,982,2026-07-29T22:44:07+08:00
4068762d-ad0a-4d9f-b14b-1669d218b1f9,M-1651,ORD-20260729-8593-0236,CONCESSION_ACCRUAL,19,375,2026-07-29T18:31:36+08:00
dea47a30-9451-416c-be5f-0c717078acd7,M-1399,ORD-20260729-9189-0237,CONCESSION_ACCRUAL,19,72,2026-07-29T20:04:12+08:00
cc863eda-f0a7-41fb-9181-b60c6c0df53f,M-2186,ORD-20260729-3482-0238,CONCESSION_ACCRUAL,8,165,2026-07-29T17:30:00+08:00
28ed7428-7dd3-4d6f-95a1-b36faa7ad508,M-1414,ORD-20260729-9323-0239,CONCESSION_ACCRUAL,30,439,2026-07-29T09:40:00+08:00
9c1bba1e-a424-4a09-b8d1-0a2fc34e9181,M-1624,ORD-20260729-7372-0240,CONCESSION_ACCRUAL,9,634,2026-07-29T21:45:00+08:00
3f4c3e8a-ed6f-47df-83d4-32cc9cf2e831,M-1398,ORD-20260729-5883-0241,CONCESSION_ACCRUAL,12,1330,2026-07-29T11:27:00+08:00
fc421eda-b70b-4d04-842e-c3ceed95e3ff,M-1844,ORD-20260729-1929-0242,CONCESSION_ACCRUAL,2,84,2026-07-29T12:45:00+08:00
ab9d516c-46d9-4607-8635-12d4892adeb2,M-1965,ORD-20260729-7195-0243,CONCESSION_ACCRUAL,11,171,2026-07-29T18:33:00+08:00
0a08ff65-8b64-48e3-9b9e-fadb4f70aee3,M-1007,ORD-20260729-6518-0244,CONCESSION_ACCRUAL,26,396,2026-07-29T09:19:00+08:00
0fd1f668-b1cd-424f-b561-5304aaa9c8c1,M-1782,ORD-20260729-7536-0245,CONCESSION_ACCRUAL,33,192,2026-07-29T14:42:00+08:00
8d877f39-fb44-444e-956b-bcead66c35e5,M-1779,ORD-20260729-6415-0246,CONCESSION_ACCRUAL,65,328,2026-07-29T19:09:00+08:00
cfb99ea5-7bf5-4786-b265-400fcab45f4c,M-1764,ORD-20260729-1004-0247,CONCESSION_ACCRUAL,41,220,2026-07-29T11:07:00+08:00
a459a969-24a9-438b-bf55-1b995e63e441,M-1243,ORD-20260729-2132-0248,CONCESSION_ACCRUAL,10,200,2026-07-29T15:05:00+08:00
bda3a83d-e0fc-4fbf-abbb-49bafb907bc0,M-1197,ORD-20260729-3759-0249,CONCESSION_ACCRUAL,29,202,2026-07-29T22:38:00+08:00
bb5fb338-2645-43d1-bcf2-9f9e67c553b8,M-1757,ORD-20260729-2658-0250,CONCESSION_ACCRUAL,8,252,2026-07-29T14:37:00+08:00
4f4361e9-3cf0-4c2b-943a-04ab1ab24d2a,M-1325,ORD-20260729-1794-0251,CONCESSION_ACCRUAL,18,318,2026-07-29T18:20:00+08:00
ca7025ba-4242-4f67-a478-8db451625bb3,M-2002,ORD-20260729-5112-0252,CONCESSION_ACCRUAL,9,140,2026-07-29T15:30:00+08:00
a9ef4473-89ee-4d4b-85b4-501a3ce9f23c,M-1047,ORD-20260729-9085-0253,CONCESSION_ACCRUAL,8,81,2026-07-29T16:25:00+08:00
7aecc4f1-b694-4cc9-9f4b-72fbd6891e05,M-1008,ORD-20260729-1801-0254,CONCESSION_ACCRUAL,15,384,2026-07-29T18:57:00+08:00
15370197-c0e9-4cc1-8939-7f20f7e042ba,M-1127,ORD-20260729-4398-0255,CONCESSION_ACCRUAL,22,171,2026-07-29T09:54:00+08:00
37367b00-670f-4f63-a727-3c87c61acab3,M-1513,ORD-20260729-9967-0256,CONCESSION_ACCRUAL,11,255,2026-07-29T10:15:00+08:00
fd7e74e1-fdf4-47f7-a8af-362ccedfc162,M-1123,ORD-20260729-4026-0257,CONCESSION_ACCRUAL,8,346,2026-07-29T15:02:00+08:00
36df5ca8-3ef3-426f-b006-e9920f4571cd,M-1082,ORD-20260729-5663-0258,CONCESSION_ACCRUAL,8,398,2026-07-29T16:51:00+08:00
bcc9515f-3681-49f5-9c2d-bfbff5aed9e3,M-1940,ORD-20260729-7785-0259,CONCESSION_ACCRUAL,21,93,2026-07-29T14:45:00+08:00
fdc5f3df-5ac7-448a-9245-5f432d29e727,M-1376,ORD-20260729-6281-0260,CONCESSION_ACCRUAL,19,447,2026-07-29T21:05:00+08:00
40d55b6d-c54c-4348-a796-287612dd4265,M-1085,ORD-20260729-5187-0261,CONCESSION_ACCRUAL,32,252,2026-07-29T12:38:00+08:00
4afb7787-af1b-426d-9183-8ad12026ee82,M-1658,ORD-20260729-8718-0262,CONCESSION_ACCRUAL,11,261,2026-07-29T13:30:00+08:00
e5c25aae-e666-44af-818a-4a4e658b44ed,M-1120,ORD-20260729-6744-0263,CONCESSION_ACCRUAL,3,545,2026-07-29T10:20:00+08:00
75b43b30-5653-4c5f-a1fe-c20a3ec0ab90,M-1358,ORD-20260729-5396-0264,CONCESSION_ACCRUAL,21,275,2026-07-29T13:59:00+08:00
1d077a6f-7142-446a-afb1-ba44fe3c37fb,M-1743,ORD-20260729-3544-0265,CONCESSION_ACCRUAL,7,502,2026-07-29T11:37:00+08:00
b29c5f6f-8db4-4b69-a75a-83dad6f4d3bc,M-1777,ORD-20260729-9608-0266,CONCESSION_ACCRUAL,13,251,2026-07-29T19:35:00+08:00
714ce8e7-11cf-4102-b0eb-d58f4d36d183,M-2016,ORD-20260729-7370-0267,CONCESSION_ACCRUAL,12,188,2026-07-29T09:07:00+08:00
16c66173-294b-4f6e-992a-b65c097595af,M-1752,ORD-20260729-6447-0268,CONCESSION_ACCRUAL,27,2554,2026-07-29T12:10:00+08:00
ef5a4298-d85b-4d77-acee-e36c4a37c858,M-1289,ORD-20260729-3536-0269,CONCESSION_ACCRUAL,13,113,2026-07-29T20:48:00+08:00
8c4c4999-a1e4-4719-80c6-1aceaa4a078d,M-1757,ORD-20260729-3011-0270,CONCESSION_ACCRUAL,8,260,2026-07-29T11:41:00+08:00
fe82dba6-5e3e-41bf-81c7-a4fbcf0b698d,M-1422,ORD-20260729-2563-0271,CONCESSION_ACCRUAL,20,219,2026-07-29T19:56:00+08:00
4686105e-d79a-4096-82d2-b5ce2fdf8202,M-1781,ORD-20260729-2039-0272,CONCESSION_ACCRUAL,31,3723,2026-07-29T11:29:00+08:00
ef0bda1f-fc8d-415d-aad8-653cd9ca9ee7,M-1385,ORD-20260729-5428-0273,CONCESSION_ACCRUAL,8,176,2026-07-29T12:08:00+08:00
5a2910bc-1e99-4a6b-9c1c-04e23157d827,M-1102,ORD-20260729-5296-0274,CONCESSION_ACCRUAL,8,308,2026-07-29T10:36:00+08:00
1b3cd501-4e71-4aee-8b61-1c47e4b4926d,M-2128,ORD-20260729-4110-0275,CONCESSION_ACCRUAL,14,202,2026-07-29T10:41:00+08:00
1498006b-15d2-4bd4-a8e2-fe8a2665fcb2,M-1484,ORD-20260729-3264-0276,CONCESSION_ACCRUAL,10,310,2026-07-29T09:19:00+08:00
fa732c1f-033b-40d4-a0a0-f84a12c11a6e,M-1781,ORD-20260729-4428-0277,CONCESSION_ACCRUAL,49,3772,2026-07-29T20:00:00+08:00
0d02607e-40ae-43a5-8d4a-3db32270a585,M-2034,ORD-20260729-6632-0278,CONCESSION_ACCRUAL,8,208,2026-07-29T17:27:00+08:00
4d413c3c-39c4-43b5-a44c-48c6f73b4243,M-1947,ORD-20260729-2536-0279,CONCESSION_ACCRUAL,23,122,2026-07-29T22:37:00+08:00
b6f765e5-b293-43eb-86f8-2451e71da7a6,M-1001,ORD-20260729-2897-0280,CONCESSION_ACCRUAL,7,146,2026-07-29T19:01:00+08:00
6540fa19-8729-46f1-9c80-13dcf8bd04ce,M-1462,ORD-20260729-7715-0281,CONCESSION_ACCRUAL,16,135,2026-07-29T12:58:00+08:00
3826d38d-1d9c-4a27-9695-4c171e23334b,M-1462,TIER_UPGRADE_Silver_TO_Gold,TIER_BONUS,100,235,2026-07-29T12:58:00+08:00
27b33b0b-f8d3-4779-867d-9fd12afb9351,M-1118,ORD-20260729-5117-0282,CONCESSION_ACCRUAL,25,262,2026-07-29T17:34:00+08:00
2faf4083-aedc-4a41-bdbf-a34328c0b5ae,M-1913,ORD-20260729-1139-0283,CONCESSION_ACCRUAL,20,189,2026-07-29T18:58:00+08:00
a37ed3fe-ff40-4219-87d4-4aa0a4a054cd,M-1755,ORD-20260729-3280-0284,CONCESSION_ACCRUAL,6,158,2026-07-29T10:38:00+08:00
776ab6c6-139f-470d-b4d3-a61321eaff8c,M-1425,ORD-20260729-5932-0285,CONCESSION_ACCRUAL,24,82,2026-07-29T15:38:00+08:00
e00eba66-617e-4d3f-b39a-6506ab4ad112,M-1644,ORD-20260729-8867-0286,CONCESSION_ACCRUAL,18,177,2026-07-29T15:07:00+08:00
70db5be8-d3ee-43e0-b51a-ed7913284af4,M-2105,ORD-20260729-8573-0287,CONCESSION_ACCRUAL,33,112,2026-07-29T09:19:00+08:00
637e9779-b733-4b51-a984-f6f7dded8477,M-1968,ORD-20260729-6147-0288,CONCESSION_ACCRUAL,11,230,2026-07-29T12:08:00+08:00
9279501d-62f3-4f88-be99-05f9a098dbe5,M-1567,ORD-20260729-8204-0289,CONCESSION_ACCRUAL,21,207,2026-07-29T21:46:00+08:00
81093d43-8962-40db-83c5-27fb2ec25944,M-1660,ORD-20260729-8414-0290,CONCESSION_ACCRUAL,18,155,2026-07-29T16:07:00+08:00
317d9000-0026-474d-8387-17ed6ba9475a,M-1660,TIER_UPGRADE_Standard_TO_Silver,TIER_BONUS,50,205,2026-07-29T16:07:00+08:00
ddacbd30-7bcc-4820-88ce-9847c3887aad,M-1501,ORD-20260729-2363-0291,CONCESSION_ACCRUAL,8,78,2026-07-29T12:38:00+08:00
b44e1d73-6bb9-4e9f-9b64-99c6745c0504,M-2007,ORD-20260729-6450-0292,CONCESSION_ACCRUAL,24,92,2026-07-29T21:18:00+08:00
1794cab3-ff7c-44c4-8772-01af9ae592e2,M-1305,ORD-20260729-1163-0293,CONCESSION_ACCRUAL,3,311,2026-07-29T22:40:00+08:00
f3bc5ecb-db16-4ffd-9a19-e20375491f97,M-1683,ORD-20260729-6534-0294,CONCESSION_ACCRUAL,13,1022,2026-07-29T20:36:00+08:00
8db99735-d22c-4469-ab4d-2d5487199383,M-1486,ORD-20260729-8640-0295,CONCESSION_ACCRUAL,25,207,2026-07-29T22:09:00+08:00
2a85f57f-7484-45ee-a13d-3ff3993d5d95,M-2079,ORD-20260729-1521-0296,CONCESSION_ACCRUAL,19,302,2026-07-29T13:22:00+08:00
8be3913f-6421-4ee3-b6d0-e99125921da2,M-1403,ORD-20260729-5426-0297,CONCESSION_ACCRUAL,9,2509,2026-07-29T19:26:00+08:00
0d77127c-ec63-4416-b7d4-1986fb2fa63a,M-1444,ORD-20260729-6800-0298,CONCESSION_ACCRUAL,18,3378,2026-07-29T10:00:00+08:00
6880fdeb-31ec-4b47-8df2-a864b67ee50f,M-2075,ORD-20260729-7682-0299,CONCESSION_ACCRUAL,14,185,2026-07-29T21:25:00+08:00
baef2df9-e65a-41c1-b7bb-2e624c493f5d,M-1131,ORD-20260729-8824-0300,CONCESSION_ACCRUAL,10,41,2026-07-29T21:55:00+08:00
0d644228-c647-4ee7-ae11-550ee9bc2574,M-1312,ORD-20260729-8557-0301,CONCESSION_ACCRUAL,16,488,2026-07-29T19:43:00+08:00
3561b6d4-768a-4d98-933e-ca558311213f,M-1017,ORD-20260729-3923-0302,CONCESSION_ACCRUAL,15,259,2026-07-29T12:25:00+08:00
5c210452-c61d-4cab-b1b9-c3eedfdedb51,M-2098,ORD-20260729-7956-0303,CONCESSION_ACCRUAL,32,166,2026-07-29T10:16:00+08:00
22cbc144-3dca-421f-b193-72fa58fa5dc9,M-1374,ORD-20260729-2768-0304,CONCESSION_ACCRUAL,10,473,2026-07-29T14:48:00+08:00
048ba328-f7e3-4635-b570-471d36022a52,M-2119,ORD-20260729-4890-0305,CONCESSION_ACCRUAL,3,209,2026-07-29T21:59:00+08:00
99a0a34e-a4aa-42c0-8ed0-5c8bc51f595a,M-1947,ORD-20260729-5381-0306,CONCESSION_ACCRUAL,11,133,2026-07-29T15:00:00+08:00
95581c23-6e5a-44a2-a8bf-da78ae68e827,M-1364,ORD-20260729-8913-0307,CONCESSION_ACCRUAL,9,1039,2026-07-29T11:43:00+08:00
246bf932-f282-4299-857e-91c8330e632f,M-1373,ORD-20260729-5098-0308,CONCESSION_ACCRUAL,15,265,2026-07-29T11:52:00+08:00
3cf5f63f-6d2b-4f6b-8592-de4cd0226ed9,M-1799,ORD-20260729-7181-0309,CONCESSION_ACCRUAL,16,254,2026-07-29T20:11:00+08:00
bf457295-e7dd-4a51-97a9-2962cfa8305d,M-1088,ORD-20260729-6813-0310,CONCESSION_ACCRUAL,42,539,2026-07-29T15:18:00+08:00
adf67767-2fcf-4001-a87b-217e95a77fc6,M-1242,ORD-20260729-5935-0311,CONCESSION_ACCRUAL,14,330,2026-07-29T13:50:00+08:00
c1c75449-288d-4985-bec4-7e8bc6a68de5,M-1418,ORD-20260729-1590-0312,CONCESSION_ACCRUAL,12,100,2026-07-29T12:55:00+08:00
bf8c6db4-6304-4db3-af7b-b0fb7da7ab18,M-1586,ORD-20260729-9532-0313,CONCESSION_ACCRUAL,38,384,2026-07-29T16:38:00+08:00
b5e5fe67-d255-45bb-9c5e-6a4a25ef59b6,M-1650,ORD-20260729-4481-0314,CONCESSION_ACCRUAL,3,87,2026-07-29T13:54:00+08:00
33fddf84-a431-4f23-a039-638d4f4f2e7f,M-2143,ORD-20260729-5954-0315,CONCESSION_ACCRUAL,15,37,2026-07-29T10:41:00+08:00
7e9d4230-a91b-4a5b-ba14-45d29517d9ef,M-1772,ORD-20260729-8890-0316,CONCESSION_ACCRUAL,11,176,2026-07-29T21:12:00+08:00
39270ac7-5a26-4f31-8487-e139d532c8d0,M-1463,ORD-20260729-9343-0317,CONCESSION_ACCRUAL,12,3660,2026-07-29T10:11:00+08:00
