ledger_id,member_id,source_reference_id,transaction_type,points_delta,resulting_balance,created_at
0e4085f9-981e-4c0d-b190-3c07d1595204,M-1045,SESS-20260723-6490-0000,RENTAL_ACCRUAL,11,96,2026-07-23T20:45:00+08:00
9e682c58-4ae9-4d70-8024-32c3bf7fa973,M-1267,SESS-20260723-8399-0001,RENTAL_REDEMPTION,-100,146,2026-07-23T06:15:00+08:00
e2936ff4-6d27-45c3-87c7-7d5235b47c14,M-1267,SESS-20260723-8399-0001,RENTAL_ACCRUAL,11,157,2026-07-23T08:15:00+08:00
9b3509a1-8127-48f2-9bea-58c25a435ec0,M-1027,SESS-20260723-8351-0002,RENTAL_ACCRUAL,5,341,2026-07-24T00:45:00+08:00
01899676-e43a-4fd2-8275-978bbac00213,M-1236,SESS-20260723-7876-0003,RENTAL_REDEMPTION,-100,399,2026-07-23T07:30:00+08:00
cfc96693-ba5e-4617-9aa2-e2f7b7b91982,M-1236,SESS-20260723-7876-0003,RENTAL_ACCRUAL,7,406,2026-07-23T08:30:00+08:00
9e15f2c0-a7ee-4448-b20c-80d385b15734,M-1821,SESS-20260723-1007-0004,RENTAL_ACCRUAL,11,346,2026-07-23T17:15:00+08:00
338b3052-7925-46c8-a4f4-f426df80b478,M-1019,SESS-20260723-7766-0005,RENTAL_ACCRUAL,45,481,2026-07-24T04:45:00+08:00
1dd9491f-ca8b-465a-a4bc-d6f45c9509e9,M-1354,SESS-20260723-6640-0006,RENTAL_ACCRUAL,9,370,2026-07-23T07:30:00+08:00
f3d4c23c-795f-477c-b524-9d7ad4af0dbe,M-1065,SESS-20260723-6662-0007,RENTAL_ACCRUAL,5,593,2026-07-23T15:15:00+08:00
04b7eb59-5223-4dde-ad57-0c8f4f95c179,M-1581,SESS-20260723-4957-0008,RENTAL_ACCRUAL,16,159,2026-07-23T15:15:00+08:00
bf9e4c4c-7f16-48bb-a953-28f636e992eb,M-1817,SESS-20260723-6585-0009,RENTAL_ACCRUAL,16,252,2026-07-23T23:00:00+08:00
536359a3-9b35-46ea-a44b-7046eac3be05,M-2159,SESS-20260723-7715-0010,RENTAL_ACCRUAL,18,436,2026-07-23T20:00:00+08:00
db031996-8f0d-4d32-b695-52607a181f3c,M-1621,SESS-20260723-6952-0011,RENTAL_ACCRUAL,11,349,2026-07-23T23:30:00+08:00
cebd8bf8-f1be-4cac-88a5-01e45e4afabe,M-1891,SESS-20260723-7368-0012,RENTAL_ACCRUAL,10,32,2026-07-23T22:30:00+08:00
0a083e66-f55b-4e5f-971a-b3a653f0d48f,M-1428,SESS-20260723-6567-0013,RENTAL_ACCRUAL,11,155,2026-07-23T12:45:00+08:00
ce92a2f4-f076-46b9-be77-1e7f59ee33ef,M-1623,SESS-20260723-9397-0014,RENTAL_ACCRUAL,45,154,2026-07-23T18:45:00+08:00
454e1f41-2d0f-41c1-8d74-c48e144592e9,M-2193,SESS-20260723-8827-0015,RENTAL_ACCRUAL,10,66,2026-07-23T22:45:00+08:00
d13d2513-158f-4926-b8a6-3cdb3cd16baf,M-1368,SESS-20260723-2803-0016,RENTAL_ACCRUAL,18,159,2026-07-23T23:15:00+08:00
4faac659-6650-467e-ab3a-8634d2f9db26,M-1761,SESS-20260723-9217-0017,RENTAL_ACCRUAL,28,447,2026-07-23T22:45:00+08:00
b1bfc66b-c69f-454c-b6c1-bbdb172c947a,M-1230,SESS-20260723-5695-0018,RENTAL_ACCRUAL,11,781,2026-07-23T15:15:00+08:00
fe3dea3c-563d-41a7-9058-edea83a851e6,M-1395,SESS-20260723-4285-0019,RENTAL_ACCRUAL,5,328,2026-07-23T14:00:00+08:00
9d1732b1-bdd4-4269-a915-da30b6dc6542,M-1198,SESS-20260723-2870-0020,RENTAL_REDEMPTION,-100,2266,2026-07-23T08:15:00+08:00
b8c2142f-e5d2-46fd-9cf3-dde48274508e,M-1198,SESS-20260723-2870-0020,RENTAL_ACCRUAL,22,2288,2026-07-23T13:15:00+08:00
7fbb4da0-0b7e-48d8-9095-d62cfa279fdf,M-1430,SESS-20260723-1606-0021,RENTAL_ACCRUAL,43,1495,2026-07-23T19:15:00+08:00
36319d65-8889-4961-9511-41a148a75aa9,M-1249,SESS-20260723-5874-0022,RENTAL_REDEMPTION,-100,77,2026-07-23T19:15:00+08:00
ff8a836f-da3d-42e4-bd4d-6a526ebbf1e8,M-1249,SESS-20260723-5874-0022,RENTAL_ACCRUAL,5,82,2026-07-23T21:15:00+08:00
8541ed17-20d0-44f2-b94a-2717d012309f,M-1838,SESS-20260723-6744-0023,RENTAL_ACCRUAL,27,555,2026-07-23T20:00:00+08:00
5e5cefa0-f140-456d-b4b4-e04e4d6cf4db,M-2062,SESS-20260723-7064-0024,RENTAL_ACCRUAL,24,82,2026-07-23T22:45:00+08:00
7103fadd-e492-442e-a0e7-26f7626e8efa,M-1489,SESS-20260723-6193-0025,RENTAL_ACCRUAL,45,487,2026-07-24T01:00:00+08:00
10a3423b-91e9-4441-8c67-e0307b5e988a,M-1930,SESS-20260723-3580-0026,RENTAL_ACCRUAL,5,185,2026-07-23T19:00:00+08:00
e73fc310-45e4-46eb-942d-7be360f0c6db,M-1464,SESS-20260723-4359-0027,RENTAL_ACCRUAL,11,119,2026-07-23T21:15:00+08:00
489a1f27-94b9-4e0c-9402-45fd1e9344dc,M-1307,SESS-20260723-4073-0028,RENTAL_ACCRUAL,9,276,2026-07-23T19:45:00+08:00
f64f93d5-2925-49c5-b245-9b9c0fa4a95d,M-2119,SESS-20260723-1198-0029,RENTAL_ACCRUAL,25,185,2026-07-24T00:45:00+08:00
0fcb224f-063a-484a-8e42-b0ed9124a820,M-1913,SESS-20260723-3065-0030,RENTAL_ACCRUAL,16,63,2026-07-23T05:00:00+08:00
2c83592c-79ed-47cc-8931-0e772bc5dcdd,M-1967,SESS-20260723-6270-0031,RENTAL_REDEMPTION,-100,10,2026-07-23T23:00:00+08:00
d33b54c2-b9f6-4965-8a90-d21b4a2ac20e,M-1967,SESS-20260723-6270-0031,RENTAL_ACCRUAL,5,15,2026-07-24T01:00:00+08:00
e9972868-f856-413d-b897-414b62daae0f,M-1574,SESS-20260723-7139-0032,RENTAL_ACCRUAL,36,180,2026-07-23T17:15:00+08:00
387fba8f-fa47-492c-8f03-6ed14695635c,M-1827,SESS-20260723-8230-0033,RENTAL_ACCRUAL,16,158,2026-07-23T19:30:00+08:00
b492bc8e-a1f7-44ba-9ab6-c578de7934eb,M-2036,SESS-20260723-7563-0034,RENTAL_ACCRUAL,15,60,2026-07-23T06:45:00+08:00
068c8223-60e5-4e3b-806c-9ef075b5a6a1,M-1183,SESS-20260723-9742-0035,RENTAL_ACCRUAL,11,49,2026-07-23T23:20:00+08:00
b60147b7-9ca6-4e8f-ac53-aece38c1b6d6,M-1680,SESS-20260723-8208-0036,RENTAL_ACCRUAL,18,250,2026-07-23T11:15:00+08:00
06569661-aa4b-4d1d-8b39-5486bd025606,M-1651,SESS-20260723-6789-0037,RENTAL_ACCRUAL,5,188,2026-07-23T20:15:00+08:00
9089184f-8216-46a1-a07e-82c27aba81c8,M-1512,SESS-20260723-2725-0038,RENTAL_REDEMPTION,-100,24,2026-07-23T19:15:00+08:00
6c9378bb-05ec-40a9-a3f3-1f8227c432f6,M-1512,SESS-20260723-2725-0038,RENTAL_ACCRUAL,10,34,2026-07-23T22:15:00+08:00
1baf577d-bd36-4448-a70a-b087405d0649,M-1022,SESS-20260723-3170-0039,RENTAL_ACCRUAL,27,206,2026-07-23T22:15:00+08:00
7911a1c4-85a5-4f30-8070-5fc9f019b560,M-1010,SESS-20260723-9727-0040,RENTAL_REDEMPTION,-100,128,2026-07-23T17:15:00+08:00
ae12a456-eeb3-4254-a4af-108541c999ec,M-1010,SESS-20260723-9727-0040,RENTAL_ACCRUAL,5,133,2026-07-23T19:15:00+08:00
20af0802-fd52-48ba-b91d-3fe7fe03c83f,M-1623,SESS-20260723-1090-0041,RENTAL_REDEMPTION,-100,54,2026-07-23T22:55:00+08:00
8263981b-e604-46d7-b32d-00e8ade2069f,M-1623,SESS-20260723-1090-0041,RENTAL_ACCRUAL,5,59,2026-07-24T00:55:00+08:00
30ac35f7-439d-4081-bb81-f3b22a61f85b,M-1600,SESS-20260723-6093-0042,RENTAL_ACCRUAL,11,102,2026-07-23T23:00:00+08:00
dd5fb037-08ec-44ba-9356-fb16696e4914,M-1134,SESS-20260723-9534-0043,RENTAL_REDEMPTION,-100,271,2026-07-23T23:00:00+08:00
43d8ce91-71b7-4c92-a818-38d5dc1d29db,M-1134,SESS-20260723-9534-0043,RENTAL_ACCRUAL,5,276,2026-07-24T01:00:00+08:00
dd508838-7d9e-4c47-8291-810aff6a6d83,M-1197,SESS-20260723-9059-0044,RENTAL_ACCRUAL,36,183,2026-07-24T01:30:00+08:00
deedfe54-c517-41ca-95f9-d722880dd4f7,M-1197,TIER_UPGRADE_Standard_TO_Silver,TIER_BONUS,50,233,2026-07-24T01:30:00+08:00
84038871-1fde-44e9-b14c-7d7eee250344,M-1166,SESS-20260723-1042-0045,RENTAL_ACCRUAL,15,149,2026-07-23T15:15:00+08:00
dc16aaa7-70d1-4e90-851d-88b9d2e22bf1,M-1166,TIER_UPGRADE_Standard_TO_Silver,TIER_BONUS,50,199,2026-07-23T15:15:00+08:00
4e168008-03aa-467b-b1a8-e123f9cc44a6,M-1086,SESS-20260723-9994-0046,RENTAL_ACCRUAL,16,319,2026-07-23T04:15:00+08:00
175779c8-f405-40fb-8290-8a5e5a23c44d,M-1609,SESS-20260723-9699-0047,RENTAL_REDEMPTION,-200,106,2026-07-23T21:45:00+08:00
8524ded6-1b48-44f9-b19f-0d5cbfc56bc5,M-1609,SESS-20260723-9699-0047,RENTAL_ACCRUAL,5,111,2026-07-23T23:45:00+08:00
c3b2ce53-0117-413c-80e3-58f351d5f757,M-1205,SESS-20260723-5446-0048,RENTAL_ACCRUAL,11,740,2026-07-23T21:45:00+08:00
ebea55ec-eb50-4306-9a34-42252c5b8dab,M-1519,SESS-20260723-5231-0049,RENTAL_ACCRUAL,11,354,2026-07-23T16:30:00+08:00
b77b67d2-7698-463c-bff6-621bb6b6421f,M-1589,SESS-20260723-6329-0050,RENTAL_REDEMPTION,-200,67,2026-07-23T15:30:00+08:00
7e7bedf9-c5c9-4afc-92dc-c1bcad0c6a7f,M-1589,SESS-20260723-6329-0050,RENTAL_ACCRUAL,15,82,2026-07-23T20:30:00+08:00
1452083a-3629-4e7b-9b81-be6b6db6b832,M-1740,SESS-20260723-7102-0051,RENTAL_ACCRUAL,28,2209,2026-07-23T23:30:00+08:00
46fc47f4-34aa-4fbc-8080-265d4e37cd4a,M-1824,SESS-20260723-1340-0052,RENTAL_REDEMPTION,-100,144,2026-07-23T03:15:00+08:00
1861e83b-9b2d-4361-b01d-c736a76901fb,M-1824,SESS-20260723-1340-0052,RENTAL_ACCRUAL,10,154,2026-07-23T06:15:00+08:00
b5c041ad-e8b9-4915-ab8e-2eddca523afd,M-1625,SESS-20260723-3956-0053,RENTAL_REDEMPTION,-100,2468,2026-07-23T10:30:00+08:00
29fa0919-90d1-4a86-afd6-8f32acde8873,M-1625,SESS-20260723-3956-0053,RENTAL_ACCRUAL,4,2472,2026-07-23T12:30:00+08:00
ac72f11f-800b-42b2-a6f2-dbbfa4909d5a,M-2047,SESS-20260723-3369-0054,RENTAL_ACCRUAL,16,54,2026-07-23T16:30:00+08:00
756be351-c2f9-48b3-a440-a2db5e5fac4d,M-1006,SESS-20260723-1128-0055,RENTAL_ACCRUAL,45,119,2026-07-23T20:00:00+08:00
c4755d81-3ae8-46c5-b2e9-f797441c1800,M-1143,SESS-20260723-1164-0056,RENTAL_ACCRUAL,9,3469,2026-07-23T23:30:00+08:00
cc2d3ccf-c0d1-438d-b2fe-46fcc8e6d72f,M-1012,SESS-20260723-6649-0057,RENTAL_ACCRUAL,28,299,2026-07-23T13:30:00+08:00
6aea063e-de69-4522-b01a-350fb3714a8e,M-1855,SESS-20260723-3412-0058,RENTAL_ACCRUAL,60,158,2026-07-24T03:15:00+08:00
513abcb8-0bcb-43af-88ef-c4a1d6522a14,M-1088,SESS-20260723-3417-0059,RENTAL_ACCRUAL,6,448,2026-07-24T00:10:00+08:00
63051a37-3856-42c3-8a63-b0cabe61c04e,M-1439,SESS-20260723-7524-0060,RENTAL_REDEMPTION,-100,43,2026-07-23T22:55:00+08:00
20db40b7-4acf-4044-94cf-951bfda1210e,M-1439,SESS-20260723-7524-0060,RENTAL_ACCRUAL,11,54,2026-07-24T00:55:00+08:00
1f01bd15-ad38-48f5-8a3c-e7bda9b5536b,M-1269,SESS-20260723-4000-0061,RENTAL_ACCRUAL,28,536,2026-07-23T12:15:00+08:00
9484a910-2c26-4dd2-80c6-fccbd2c288cc,M-2143,SESS-20260723-9423-0062,RENTAL_ACCRUAL,5,182,2026-07-23T21:45:00+08:00
f11c977f-cabc-428b-b359-b2bbf7d7ef9e,M-1510,SESS-20260723-2324-0063,RENTAL_ACCRUAL,28,88,2026-07-24T01:30:00+08:00
8d120d5a-889e-4e7c-a18a-fa9d9b8e357e,M-1563,SESS-20260723-9727-0064,RENTAL_ACCRUAL,15,339,2026-07-23T23:25:00+08:00
8750589a-fdb1-47a9-a849-9fcd1561999c,M-1563,TIER_UPGRADE_Standard_TO_Silver,TIER_BONUS,50,389,2026-07-23T23:25:00+08:00
a63cc9bf-4bee-4814-ac05-9371c2cb1f72,M-1807,SESS-20260723-4826-0065,RENTAL_ACCRUAL,40,193,2026-07-23T23:30:00+08:00
4a7473a8-fbc2-4a26-80fc-9c5319985032,M-1598,SESS-20260723-3148-0066,RENTAL_ACCRUAL,24,98,2026-07-23T20:00:00+08:00
e8f5c2ed-649c-4cab-b07f-d125f71e37a0,M-2064,SESS-20260723-2616-0067,RENTAL_REDEMPTION,-200,36,2026-07-23T14:15:00+08:00
c4a3e15f-4d65-489b-94f2-f4cddfe22917,M-2064,SESS-20260723-2616-0067,RENTAL_ACCRUAL,14,50,2026-07-23T17:15:00+08:00
98b1d83f-4136-4696-8403-8eced351114a,M-1062,SESS-20260723-9748-0068,RENTAL_ACCRUAL,28,332,2026-07-23T19:45:00+08:00
2364788b-a83c-4305-a328-56bd8583d078,M-1030,SESS-20260723-5660-0069,RENTAL_ACCRUAL,5,135,2026-07-23T17:15:00+08:00
81595de8-9f57-46ad-9d98-612c1c8a7fb5,M-1505,SESS-20260723-1497-0070,RENTAL_ACCRUAL,16,67,2026-07-23T12:00:00+08:00
218efff2-540e-4995-b522-0dd664d781b5,M-1776,SESS-20260723-9141-0071,RENTAL_ACCRUAL,5,179,2026-07-23T23:30:00+08:00
43dd9eab-79f7-4f58-9aa7-7d2cfb38dad6,M-1821,SESS-20260723-4756-0072,RENTAL_ACCRUAL,16,362,2026-07-23T22:35:00+08:00
fbaf81f5-d784-4b04-826a-064151bad532,M-1975,SESS-20260723-5851-0073,RENTAL_ACCRUAL,24,178,2026-07-24T00:00:00+08:00
62a7f6e3-31a3-40df-99cb-cb73d0c0a223,M-1701,SESS-20260723-2652-0074,RENTAL_ACCRUAL,45,420,2026-07-24T01:00:00+08:00
79c12ae4-f2a3-408a-bbbc-8592b490910f,M-1592,SESS-20260723-9178-0075,RENTAL_ACCRUAL,27,316,2026-07-23T17:30:00+08:00
f65b7877-0a7a-4327-a94d-39b4380469d0,M-1391,SESS-20260723-2745-0076,RENTAL_REDEMPTION,-100,164,2026-07-23T09:30:00+08:00
05205c59-6dd4-44be-be84-1594ea2ca35c,M-1391,SESS-20260723-2745-0076,RENTAL_ACCRUAL,7,171,2026-07-23T10:30:00+08:00
06a01b00-de6f-4966-b198-46d7fadcc54e,M-1305,SESS-20260723-7876-0077,RENTAL_ACCRUAL,15,186,2026-07-24T02:40:00+08:00
663ee510-06db-44c0-ac91-d58b1811abfc,M-1482,SESS-20260723-3923-0078,RENTAL_REDEMPTION,-100,41,2026-07-23T21:30:00+08:00
8b564d23-f458-4f4c-8310-a3e81debdc85,M-1482,SESS-20260723-3923-0078,RENTAL_ACCRUAL,34,75,2026-07-24T00:30:00+08:00
751bea5c-00dc-4072-9ac3-471ba0266b28,M-1121,SESS-20260723-8346-0079,RENTAL_REDEMPTION,-100,3,2026-07-23T19:00:00+08:00
bd2cb229-46b2-4a70-9319-92076494db7d,M-1121,SESS-20260723-8346-0079,RENTAL_ACCRUAL,21,24,2026-07-24T00:00:00+08:00
1832c260-26cb-4b23-8566-aaf1f99fcbb2,M-1191,SESS-20260723-8299-0080,RENTAL_ACCRUAL,18,313,2026-07-23T13:15:00+08:00
6e3d82e0-f6ee-43fe-b7f3-0fe77544bf84,M-1829,SESS-20260723-4405-0081,RENTAL_REDEMPTION,-100,202,2026-07-23T12:00:00+08:00
8271816a-d163-4786-9710-1b3c21bd5131,M-1829,SESS-20260723-4405-0081,RENTAL_ACCRUAL,2,204,2026-07-23T13:00:00+08:00
5c8bc44b-b52f-403a-8c17-bbb8c1a2b64e,M-1617,SESS-20260723-5092-0082,RENTAL_ACCRUAL,28,265,2026-07-23T21:45:00+08:00
c6723db4-cc6a-424b-af52-9010d97ec3b6,M-2163,SESS-20260723-9744-0083,RENTAL_REDEMPTION,-300,17,2026-07-23T21:50:00+08:00
24e7d955-6b49-4467-ae99-2e9f3f8be941,M-2163,SESS-20260723-9744-0083,RENTAL_ACCRUAL,9,26,2026-07-24T02:50:00+08:00
6cd4bec9-ac71-439f-aa88-139873d39273,M-1930,SESS-20260723-6556-0084,RENTAL_ACCRUAL,18,203,2026-07-23T23:30:00+08:00
8325a150-2b4b-4f44-9eaf-87886e15ffde,M-1252,SESS-20260723-3605-0085,RENTAL_ACCRUAL,5,153,2026-07-23T23:40:00+08:00
6cdc6ef0-d616-45b3-bc1a-278bdee07fde,M-1530,SESS-20260723-4632-0086,RENTAL_ACCRUAL,6,404,2026-07-23T16:00:00+08:00
e27363be-766c-494c-b6ed-764d23e2862e,M-2106,SESS-20260723-5721-0087,RENTAL_ACCRUAL,24,148,2026-07-23T19:30:00+08:00
08a05a6c-246d-4c22-87b2-4e5ab49b693a,M-1116,SESS-20260723-2307-0088,RENTAL_ACCRUAL,18,179,2026-07-24T01:35:00+08:00
c2269a95-a8ef-4862-b686-249ff3579494,M-1094,SESS-20260723-4749-0089,RENTAL_ACCRUAL,27,386,2026-07-23T20:00:00+08:00
779a2c59-613e-4a25-af58-14ca4aa88deb,M-1804,SESS-20260723-2569-0090,RENTAL_ACCRUAL,27,184,2026-07-23T19:00:00+08:00
ea1c234b-9012-4ef7-be06-ef15e0714ad8,M-1407,SESS-20260723-2175-0091,RENTAL_ACCRUAL,16,279,2026-07-23T22:00:00+08:00
5f6beeba-8754-4e7f-bb89-3405e936e140,M-1149,SESS-20260723-3077-0092,RENTAL_REDEMPTION,-300,10,2026-07-23T15:30:00+08:00
d359c0bb-53f8-4795-a235-217f68c24edc,M-1149,SESS-20260723-3077-0092,RENTAL_ACCRUAL,8,18,2026-07-23T18:30:00+08:00
e73e002b-6f47-46e9-86a1-31dc49060226,M-1614,SESS-20260723-7999-0093,RENTAL_ACCRUAL,18,185,2026-07-24T01:15:00+08:00
5a0ca59d-1278-48a9-acba-2b41c6a83053,M-1131,SESS-20260723-7169-0094,RENTAL_ACCRUAL,18,258,2026-07-24T01:35:00+08:00
4ab47b76-685c-406b-9d79-08d594b359d1,M-1008,SESS-20260723-4589-0095,RENTAL_ACCRUAL,45,364,2026-07-23T19:45:00+08:00
36a75e3e-95da-43cf-aa18-3be08a600bcc,M-1578,SESS-20260723-3684-0096,RENTAL_ACCRUAL,27,40,2026-07-23T21:30:00+08:00
828cd041-2acd-409f-bc7b-fdefe59eb43b,M-1569,SESS-20260723-1970-0097,RENTAL_REDEMPTION,-100,233,2026-07-23T21:00:00+08:00
f1546857-4598-4276-b9af-56ed13d5eed5,M-1569,SESS-20260723-1970-0097,RENTAL_ACCRUAL,21,254,2026-07-24T02:00:00+08:00
f9d54da2-929d-4d0d-988d-db5d44e25cb9,M-1142,SESS-20260723-4124-0098,RENTAL_ACCRUAL,16,455,2026-07-23T20:30:00+08:00
e2185c96-3c03-4cc3-a474-f654cffc6cd6,M-1742,SESS-20260723-1026-0099,RENTAL_REDEMPTION,-100,36,2026-07-23T20:15:00+08:00
b3ab61f3-9bed-4ae6-9e6e-33a302b95b67,M-1742,SESS-20260723-1026-0099,RENTAL_ACCRUAL,11,47,2026-07-23T22:15:00+08:00
812de085-76e0-4a92-bee7-dc0ff09bc2e7,M-1756,SESS-20260723-5547-0100,RENTAL_REDEMPTION,-500,1610,2026-07-23T22:30:00+08:00
45047213-7dcd-4a35-b8fb-6ee6a15ab7eb,M-1756,SESS-20260723-5547-0100,RENTAL_ACCRUAL,10,1620,2026-07-24T06:30:00+08:00
513df066-7b85-496e-bc64-85c11d42a9cf,M-1292,SESS-20260723-1794-0101,RENTAL_ACCRUAL,11,164,2026-07-24T00:45:00+08:00
d1a5f2d0-7918-4135-818f-a8406fef0b95,M-1292,TIER_UPGRADE_Silver_TO_Gold,TIER_BONUS,100,264,2026-07-24T00:45:00+08:00
21b09796-a919-48bc-9ab9-9ce7a6a95409,M-1657,SESS-20260723-9941-0102,RENTAL_ACCRUAL,13,272,2026-07-23T22:45:00+08:00
672e8f48-7e6b-479c-b64d-bf702f2c3a5c,M-1084,SESS-20260723-9155-0103,RENTAL_ACCRUAL,64,165,2026-07-24T01:45:00+08:00
86923649-efb4-438e-801e-c2c535db6fac,M-1084,TIER_UPGRADE_Standard_TO_Silver,TIER_BONUS,50,215,2026-07-24T01:45:00+08:00
c257abe7-e412-4352-8f55-987ed01d817e,M-1054,SESS-20260723-4225-0104,RENTAL_REDEMPTION,-100,328,2026-07-23T22:15:00+08:00
a2a88169-cf8f-45a9-8314-9c0834fa1531,M-1054,SESS-20260723-4225-0104,RENTAL_ACCRUAL,21,349,2026-07-24T03:15:00+08:00
fa3967f3-95b2-4307-846b-e3484b4d703d,M-1832,SESS-20260723-2185-0105,RENTAL_ACCRUAL,67,145,2026-07-24T01:15:00+08:00
79ed0d18-4431-487a-a5a1-4cc77f681c31,M-1115,SESS-20260723-4297-0106,RENTAL_REDEMPTION,-100,149,2026-07-23T20:30:00+08:00
8f5d4096-078c-4999-af50-5c86878e90b7,M-1115,SESS-20260723-4297-0106,RENTAL_ACCRUAL,5,154,2026-07-23T22:30:00+08:00
fc35ff72-f28f-4959-a8f6-cdc1f9fad4be,M-1561,SESS-20260723-3332-0107,RENTAL_ACCRUAL,11,206,2026-07-23T15:45:00+08:00
29740b7c-3333-4e18-87ee-d5f049a3b616,M-2175,SESS-20260723-2744-0108,RENTAL_REDEMPTION,-200,3,2026-07-23T21:15:00+08:00
93b20e3b-a495-4aee-a4b0-a7b742904268,M-2175,SESS-20260723-2744-0108,RENTAL_ACCRUAL,15,18,2026-07-24T02:15:00+08:00
86a0bb94-c347-41b0-a019-fa46dbac669a,M-2175,TIER_UPGRADE_Standard_TO_Silver,TIER_BONUS,50,68,2026-07-24T02:15:00+08:00
7520f52e-0935-420d-9f19-35e9e5bb07b5,M-1144,SESS-20260723-6044-0109,RENTAL_REDEMPTION,-100,245,2026-07-23T21:50:00+08:00
87adff13-6dea-4d98-80d9-5bd8639f21a6,M-1144,SESS-20260723-6044-0109,RENTAL_ACCRUAL,10,255,2026-07-24T00:50:00+08:00
9fff9d3d-8f0f-4fae-ad62-ab829c81895b,M-1537,SESS-20260723-5933-0110,RENTAL_REDEMPTION,-100,262,2026-07-23T20:05:00+08:00
1ed4f0a3-3e48-40e7-8bb6-4a8cfbadadcb,M-1537,SESS-20260723-5933-0110,RENTAL_ACCRUAL,11,273,2026-07-23T22:05:00+08:00
7de26685-9a33-450b-9950-23fb353c691a,M-1400,SESS-20260723-8491-0111,RENTAL_REDEMPTION,-100,65,2026-07-23T13:45:00+08:00
3b1382ca-f6d0-41b2-a0f6-ddcf075ad729,M-1400,SESS-20260723-8491-0111,RENTAL_ACCRUAL,10,75,2026-07-23T16:45:00+08:00
2c425883-adc6-461a-a69b-3344e8ddc88f,M-2055,SESS-20260723-2072-0112,RENTAL_ACCRUAL,36,142,2026-07-23T12:45:00+08:00
7da07bda-63a2-41fd-9781-0373c50fed2c,M-1696,SESS-20260723-8967-0113,RENTAL_ACCRUAL,11,972,2026-07-24T00:15:00+08:00
1a25e3d2-2bf7-41cb-8cc9-07fa926c2068,M-1760,SESS-20260723-4135-0114,RENTAL_ACCRUAL,16,236,2026-07-23T18:15:00+08:00
91609093-c165-464a-9993-3583463ddd02,M-1857,SESS-20260723-3511-0115,RENTAL_ACCRUAL,96,149,2026-07-24T07:45:00+08:00
290c3661-2b63-41fd-bd87-2533f32959f2,M-1679,SESS-20260723-8387-0116,RENTAL_ACCRUAL,40,457,2026-07-23T23:45:00+08:00
8a09a270-f52e-496b-b96c-0e7c6d23bb3c,M-1647,SESS-20260723-4964-0117,RENTAL_ACCRUAL,6,684,2026-07-23T21:15:00+08:00
0999f7b5-3d6c-47ba-89f3-069884c04a60,M-2004,SESS-20260723-7178-0118,RENTAL_ACCRUAL,25,115,2026-07-24T04:15:00+08:00
3a1fd23a-8eb5-42a3-94f7-765249d1ea28,M-1772,SESS-20260723-5201-0119,RENTAL_ACCRUAL,27,168,2026-07-24T02:00:00+08:00
9146c363-f6fa-4301-b302-996c8e0204f7,M-1715,SESS-20260723-5575-0120,RENTAL_ACCRUAL,18,205,2026-07-23T11:00:00+08:00
fc560af1-a213-4bb3-9485-c6eeb76492b5,M-1827,SESS-20260723-2155-0121,RENTAL_ACCRUAL,16,174,2026-07-23T23:00:00+08:00
5172ae3e-03a1-4c0c-bcda-c8d12639c43b,M-1588,SESS-20260723-7467-0122,RENTAL_ACCRUAL,72,1604,2026-07-23T16:30:00+08:00
dbdce31b-fdb5-4d46-ac84-f566292ea8f1,M-1403,SESS-20260723-8858-0123,RENTAL_ACCRUAL,30,2427,2026-07-24T00:15:00+08:00
a2ffb975-663a-44e2-8677-a20bd683f72e,M-1995,SESS-20260723-2567-0124,RENTAL_ACCRUAL,5,58,2026-07-23T18:00:00+08:00
99acc2db-5775-4c11-aa9f-9db44906436c,M-1591,SESS-20260723-4347-0125,RENTAL_ACCRUAL,14,1789,2026-07-23T20:20:00+08:00
b37d9387-023a-494f-b5ab-30f108684c01,M-2092,SESS-20260723-3327-0126,RENTAL_ACCRUAL,24,181,2026-07-23T19:00:00+08:00
7ad12f04-d9b4-40a2-921b-61110610583f,M-1995,SESS-20260723-6249-0127,RENTAL_ACCRUAL,24,82,2026-07-24T00:40:00+08:00
8c8ed0e5-d747-451e-9475-fac4e8e67da5,M-1111,SESS-20260723-1175-0128,RENTAL_ACCRUAL,27,280,2026-07-24T02:00:00+08:00
d946e34d-65c0-4743-92eb-945e7037bb98,M-2044,SESS-20260723-3256-0129,RENTAL_ACCRUAL,8,38,2026-07-23T23:30:00+08:00
163a125f-c1d7-4dd3-9975-ac060808027f,M-1291,SESS-20260723-7062-0130,RENTAL_ACCRUAL,18,168,2026-07-23T12:15:00+08:00
da451e16-1586-4f59-a30b-38ce765ca77e,M-1195,SESS-20260723-8482-0131,RENTAL_ACCRUAL,16,283,2026-07-24T01:45:00+08:00
77f0882e-602b-4ebe-b668-4f9b013345f6,M-1635,SESS-20260723-9511-0132,RENTAL_REDEMPTION,-200,222,2026-07-23T22:50:00+08:00
17e91b03-1e71-42cf-b188-725812b15759,M-1635,SESS-20260723-9511-0132,RENTAL_ACCRUAL,4,226,2026-07-24T01:50:00+08:00
47a6804c-fc05-448a-98eb-27de0fbe0a0e,M-1424,SESS-20260723-7031-0133,RENTAL_ACCRUAL,18,300,2026-07-23T20:00:00+08:00
6d60b878-2014-4539-9b4e-9d37b40f52a7,M-1457,SESS-20260723-2871-0134,RENTAL_ACCRUAL,27,218,2026-07-23T17:00:00+08:00
e23e8a46-2ac4-4acc-a4e0-334406f98f69,M-1977,SESS-20260723-5044-0135,RENTAL_ACCRUAL,18,226,2026-07-23T18:30:00+08:00
4e4fad28-9957-4585-8149-9557be394119,M-1473,SESS-20260723-9928-0136,RENTAL_REDEMPTION,-200,99,2026-07-23T20:30:00+08:00
ca0b493d-a698-493b-ac5b-4761e7899a08,M-1473,SESS-20260723-9928-0136,RENTAL_ACCRUAL,28,127,2026-07-23T23:30:00+08:00
9345c4e3-5e10-4fea-b592-aef34398f54c,M-1082,SESS-20260723-8723-0137,RENTAL_ACCRUAL,11,318,2026-07-24T01:30:00+08:00
51d67353-645f-403b-8a04-da2c4a94c9a4,M-1773,SESS-20260723-3927-0138,RENTAL_REDEMPTION,-100,58,2026-07-23T23:45:00+08:00
26534302-8b7c-4d59-b137-8f34e22c1f86,M-1773,SESS-20260723-3927-0138,RENTAL_ACCRUAL,11,69,2026-07-24T01:45:00+08:00
c27f29eb-66e0-4f70-be4f-f0a9fa12eed1,M-1882,SESS-20260723-1011-0139,RENTAL_REDEMPTION,-100,10,2026-07-23T17:05:00+08:00
663d08b5-d616-43d2-ba6b-9f98e09a6abf,M-1882,SESS-20260723-1011-0139,RENTAL_ACCRUAL,31,41,2026-07-23T20:05:00+08:00
801862fb-ac2e-493b-bd6f-4843295a755a,M-1085,SESS-20260723-3981-0140,RENTAL_ACCRUAL,16,234,2026-07-23T16:45:00+08:00
fd04fc97-6f42-4c71-8066-20e27da3c88d,M-1968,SESS-20260723-5771-0141,RENTAL_ACCRUAL,27,222,2026-07-23T18:45:00+08:00
24281f48-68ca-4a89-959a-a04ac1144058,M-2056,SESS-20260723-4547-0142,RENTAL_ACCRUAL,36,149,2026-07-24T02:50:00+08:00
dbb73d73-8ec2-48c8-b3b4-c93c74de7364,M-1547,SESS-20260723-7270-0143,RENTAL_ACCRUAL,18,366,2026-07-23T22:10:00+08:00
3e5a87a0-bbad-4377-ac98-34a6d55a87f3,M-1103,SESS-20260723-9369-0144,RENTAL_REDEMPTION,-100,110,2026-07-23T21:30:00+08:00
c50861d3-83d2-41ff-bcff-ee9b0ab15657,M-1103,SESS-20260723-9369-0144,RENTAL_ACCRUAL,20,130,2026-07-23T23:30:00+08:00
711a9fcc-fb9a-4e95-a598-24ff7ae7382d,M-2074,SESS-20260723-3175-0145,RENTAL_ACCRUAL,16,121,2026-07-23T03:45:00+08:00
3856dd26-a49d-45d2-b96d-ebd2b486c7df,M-1004,SESS-20260723-2758-0146,RENTAL_ACCRUAL,5,256,2026-07-24T00:15:00+08:00
29036ea4-8b1e-4b69-a14a-0903bfd9b69c,M-1114,SESS-20260723-9598-0147,RENTAL_REDEMPTION,-300,37,2026-07-23T15:30:00+08:00
534d41a7-ea00-494c-9bc2-9f48ebf18468,M-1114,SESS-20260723-9598-0147,RENTAL_ACCRUAL,9,46,2026-07-23T20:30:00+08:00
6db01abe-103b-472b-911f-97c63fd0e891,M-1391,SESS-20260723-1362-0148,RENTAL_ACCRUAL,16,187,2026-07-23T19:00:00+08:00
0347f9d1-77a3-4899-bfa7-1ba700bc862d,M-2020,SESS-20260723-7075-0149,RENTAL_ACCRUAL,36,77,2026-07-23T19:15:00+08:00
8e5476a1-4b63-435f-8a93-7e2c1a1acf6a,M-1308,SESS-20260723-4122-0150,RENTAL_ACCRUAL,16,390,2026-07-24T02:45:00+08:00
0ec32297-d208-437d-abff-a573305be2c8,M-2023,SESS-20260723-4541-0151,RENTAL_ACCRUAL,67,278,2026-07-24T04:40:00+08:00
ec4305d5-0294-4494-85a9-e5ee3816e21b,M-1667,SESS-20260723-8391-0152,RENTAL_ACCRUAL,5,558,2026-07-23T20:00:00+08:00
80aeeffd-100e-4434-b45b-553454993921,M-1071,SESS-20260723-5214-0153,RENTAL_ACCRUAL,27,194,2026-07-23T20:15:00+08:00
0e0b60df-d5da-465d-9319-a08887eedfad,M-1834,SESS-20260723-2500-0154,RENTAL_ACCRUAL,67,135,2026-07-24T00:15:00+08:00
1cc2d60d-2807-486b-b459-5695fc7d75f0,M-1282,SESS-20260723-1453-0155,RENTAL_ACCRUAL,28,139,2026-07-23T20:25:00+08:00
86fac368-e86e-4173-9075-1f01ffcaecd4,M-1125,SESS-20260723-4637-0156,RENTAL_ACCRUAL,40,689,2026-07-24T02:35:00+08:00
3bbc6e0a-ca13-4716-bdf8-67301699b0b4,M-1737,SESS-20260723-8648-0157,RENTAL_ACCRUAL,11,24,2026-07-23T09:00:00+08:00
538d22f7-ad37-40b4-85f2-f21dbeee5e94,M-2002,SESS-20260723-4191-0158,RENTAL_REDEMPTION,-200,111,2026-07-23T18:00:00+08:00
d76b7ab2-571f-4b90-b0d7-ac67a73f1401,M-2002,SESS-20260723-4191-0158,RENTAL_ACCRUAL,4,115,2026-07-23T21:00:00+08:00
ab6d7d67-0628-4b5c-8a3c-16d923f618f4,M-2033,SESS-20260723-2058-0159,RENTAL_ACCRUAL,10,125,2026-07-23T22:45:00+08:00
5718aee6-90d8-45fc-8794-429508661c64,M-1538,SESS-20260723-2198-0160,RENTAL_ACCRUAL,16,154,2026-07-23T17:15:00+08:00
5148f503-395f-4472-aa83-f1babfb1a9ad,M-1189,SESS-20260723-6575-0161,RENTAL_ACCRUAL,28,96,2026-07-23T20:15:00+08:00
029c0b6c-deaf-411d-a5e4-7a82a2d17708,M-1079,SESS-20260723-8416-0162,RENTAL_ACCRUAL,12,418,2026-07-23T23:15:00+08:00
0991fd77-155e-4811-a669-458fc85f3f7e,M-1533,SESS-20260723-9147-0163,RENTAL_ACCRUAL,19,656,2026-07-24T00:05:00+08:00
4133080c-0899-482f-a3ee-bd71f2d5f461,M-1374,SESS-20260723-6167-0164,RENTAL_ACCRUAL,11,324,2026-07-23T15:45:00+08:00
f3c272f9-8d82-4363-aa30-42c74393c313,M-1329,SESS-20260723-5020-0165,RENTAL_ACCRUAL,16,433,2026-07-23T23:00:00+08:00
2cb71115-6f66-402e-96c3-d454e37d9fcb,M-1828,SESS-20260723-1483-0166,RENTAL_REDEMPTION,-100,85,2026-07-23T12:45:00+08:00
5b9436db-48a3-4df5-8b44-ebdbbea40453,M-1828,SESS-20260723-1483-0166,RENTAL_ACCRUAL,10,95,2026-07-23T15:45:00+08:00
9df8bb98-2277-4b05-8d1d-cd3d91872c42,M-1034,SESS-20260723-2335-0167,RENTAL_REDEMPTION,-100,189,2026-07-23T08:45:00+08:00
9e375c17-1792-4ec9-b752-c442d0c3ad17,M-1034,SESS-20260723-2335-0167,RENTAL_ACCRUAL,5,194,2026-07-23T10:45:00+08:00
bfd21855-2cc5-447a-b74b-d70e5a4d0839,M-1191,SESS-20260723-5077-0168,RENTAL_ACCRUAL,13,326,2026-07-23T18:45:00+08:00
490ecb24-26ed-414c-8c75-5d7dd34eae39,M-1212,SESS-20260723-4071-0169,RENTAL_ACCRUAL,16,86,2026-07-23T22:05:00+08:00
a1bcef3c-6a4c-4bd4-b223-b380de45934a,M-1989,SESS-20260723-5118-0170,RENTAL_ACCRUAL,16,69,2026-07-24T00:15:00+08:00
8630faf1-4c76-40db-b9a9-c43221d9d2b3,M-1493,SESS-20260723-7878-0171,RENTAL_ACCRUAL,27,107,2026-07-23T09:15:00+08:00
757702a4-f548-4390-8fad-17b3f0cab708,M-1362,SESS-20260723-3381-0172,RENTAL_ACCRUAL,9,88,2026-07-23T22:45:00+08:00
beef1322-571f-4b1c-979d-f9d0af956b69,M-1281,SESS-20260723-5533-0173,RENTAL_REDEMPTION,-200,629,2026-07-23T22:00:00+08:00
aaa36da6-97af-44d8-8d3c-294e619391df,M-1281,SESS-20260723-5533-0173,RENTAL_ACCRUAL,5,634,2026-07-24T00:00:00+08:00
9c94982a-ac18-4dbc-b7b8-f730afb1ab0b,M-1524,SESS-20260723-5154-0174,RENTAL_REDEMPTION,-100,134,2026-07-23T22:15:00+08:00
21e99f58-49ab-450b-98cc-95be740670aa,M-1524,SESS-20260723-5154-0174,RENTAL_ACCRUAL,65,199,2026-07-24T06:15:00+08:00
b60974fc-31fe-4bc0-8ebb-8e8b13a09060,M-1005,SESS-20260723-3622-0175,RENTAL_ACCRUAL,11,180,2026-07-23T23:15:00+08:00
a356335c-482d-4f21-b8a4-ff9f20ccada3,M-1562,SESS-20260723-7543-0176,RENTAL_ACCRUAL,11,893,2026-07-23T23:00:00+08:00
f2bcc468-afc0-48a0-9bb3-e03f1caa5efb,M-1611,SESS-20260723-2381-0177,RENTAL_ACCRUAL,30,286,2026-07-23T08:30:00+08:00
58f3ed2c-c558-4d33-a725-53616983ab9f,M-1202,SESS-20260723-6104-0178,RENTAL_ACCRUAL,6,1780,2026-07-23T20:30:00+08:00
d36fb062-7506-44a7-b498-fc8e25351af4,M-1336,SESS-20260723-4737-0179,RENTAL_ACCRUAL,5,150,2026-07-23T18:30:00+08:00
958e9f67-0890-46b9-99cc-b9073dad893b,M-1651,SESS-20260723-4314-0180,RENTAL_ACCRUAL,28,216,2026-07-24T03:20:00+08:00
69946b15-0b75-4682-b309-c6f80069d6f5,M-1553,SESS-20260723-5091-0181,RENTAL_ACCRUAL,28,362,2026-07-24T04:10:00+08:00
67b04d14-e0b4-4666-8c4c-5a7c1dcdbb88,M-2074,SESS-20260723-6697-0182,RENTAL_ACCRUAL,15,136,2026-07-24T02:30:00+08:00
6f7a2210-1c23-4eff-bdeb-3a3fe6060476,M-1979,SESS-20260723-2504-0183,RENTAL_ACCRUAL,10,102,2026-07-24T01:30:00+08:00
d4990b85-ad17-4a95-b633-1288045fe639,M-1787,SESS-20260723-9237-0184,RENTAL_ACCRUAL,27,325,2026-07-23T22:10:00+08:00
a9823983-192d-435b-84bb-2a2a52f2a3c6,M-1777,SESS-20260723-6401-0185,RENTAL_ACCRUAL,6,282,2026-07-23T23:15:00+08:00
b4853802-86b8-40d9-8272-a78600234390,M-1468,SESS-20260723-9495-0186,RENTAL_ACCRUAL,5,307,2026-07-23T17:15:00+08:00
28e3bf2b-6252-46bf-a058-ddf116329687,M-1234,SESS-20260723-8528-0187,RENTAL_ACCRUAL,27,150,2026-07-24T02:30:00+08:00
8a71b87a-7bdc-4da4-99ff-d0c2293b54cf,M-1652,SESS-20260723-3841-0188,RENTAL_ACCRUAL,11,264,2026-07-23T18:45:00+08:00
bfe425f8-0351-40fa-9275-c684a8a8577a,M-1812,SESS-20260723-6803-0189,RENTAL_ACCRUAL,25,312,2026-07-24T04:30:00+08:00
be4b054a-d142-42e4-9383-ab3521b1e766,M-1836,SESS-20260723-1997-0190,RENTAL_ACCRUAL,45,382,2026-07-24T00:00:00+08:00
bf87654b-1575-4d13-93f6-9efc94f1e4a3,M-1161,SESS-20260723-9987-0191,RENTAL_ACCRUAL,5,385,2026-07-23T20:15:00+08:00
fe16edb7-f5a8-41c5-8df3-d1fbd50f148b,M-1864,SESS-20260723-6174-0192,RENTAL_ACCRUAL,10,134,2026-07-23T21:45:00+08:00
318214e0-503a-4873-aa17-82370f98e91f,M-1808,SESS-20260723-5633-0193,RENTAL_ACCRUAL,6,1783,2026-07-23T16:45:00+08:00
d9968c9e-bf41-4c1b-9cb1-6e6019bffa71,M-1593,SESS-20260723-7784-0194,RENTAL_ACCRUAL,5,117,2026-07-24T00:30:00+08:00
f4ed5f5d-d070-4160-b8fd-2721be080342,M-2038,SESS-20260723-3226-0195,RENTAL_ACCRUAL,60,168,2026-07-23T15:45:00+08:00
0f81b08d-d65d-4cf1-a47c-90c6febbc16d,M-1729,SESS-20260723-8163-0196,RENTAL_REDEMPTION,-100,261,2026-07-23T17:30:00+08:00
7e260990-38bc-4a40-ba2c-52acf3ea2ff6,M-1729,SESS-20260723-8163-0196,RENTAL_ACCRUAL,2,263,2026-07-23T18:30:00+08:00
71708175-0c9a-4a7a-9d48-3c409bf77896,M-1555,SESS-20260723-1967-0197,RENTAL_ACCRUAL,28,252,2026-07-23T21:45:00+08:00
a7f53e70-f27a-4bf7-a626-3f0bced76f06,M-1095,SESS-20260723-3895-0198,RENTAL_ACCRUAL,18,118,2026-07-23T23:30:00+08:00
bd739951-0085-44f7-bd75-ce782ee97abb,M-2110,SESS-20260723-6276-0199,RENTAL_ACCRUAL,11,417,2026-07-23T23:55:00+08:00
3f3129ab-9837-4bf5-8550-060df0f7fb50,M-1805,SESS-20260723-5328-0200,RENTAL_ACCRUAL,16,464,2026-07-24T01:00:00+08:00
47a7d9d6-24db-4059-b99a-939909f11b1c,M-1235,SESS-20260723-6910-0201,RENTAL_ACCRUAL,6,844,2026-07-23T21:15:00+08:00
545fcdec-0ed4-4871-b20b-7f3e620647cd,M-1897,SESS-20260723-1071-0202,RENTAL_ACCRUAL,10,222,2026-07-23T12:30:00+08:00
4fad4c48-b998-4807-92c3-e9ce818912cd,M-1575,SESS-20260723-1147-0203,RENTAL_REDEMPTION,-100,300,2026-07-23T16:55:00+08:00
9c86df9f-8df7-4b62-a473-bb16d459a4b7,M-1575,SESS-20260723-1147-0203,RENTAL_ACCRUAL,5,305,2026-07-23T18:55:00+08:00
2610114e-e791-4db0-9975-4b46abb85c25,M-1947,SESS-20260723-4035-0204,RENTAL_ACCRUAL,11,110,2026-07-24T00:40:00+08:00
ca6a1100-091e-42d7-8040-468537d2fa7f,M-1402,SESS-20260723-3319-0205,RENTAL_ACCRUAL,5,399,2026-07-23T03:00:00+08:00
05e7b5a3-9699-49bd-a384-62c6f6bdc294,M-1360,SESS-20260723-9746-0206,RENTAL_ACCRUAL,11,244,2026-07-23T19:20:00+08:00
63967107-a670-42d1-98be-cea88c608681,M-1670,SESS-20260723-7398-0207,RENTAL_REDEMPTION,-500,148,2026-07-23T22:15:00+08:00
456dd4e3-1975-44e5-a3a8-da1be2750b23,M-1670,SESS-20260723-7398-0207,RENTAL_ACCRUAL,40,188,2026-07-24T06:15:00+08:00
4bccedd6-d8d4-4382-b70e-dcf0dc41b6b3,M-1155,SESS-20260723-8378-0208,RENTAL_ACCRUAL,11,721,2026-07-23T21:30:00+08:00
e060e566-e073-4c64-9e09-a99f10f15865,M-1534,SESS-20260723-2465-0209,RENTAL_REDEMPTION,-100,3,2026-07-23T20:30:00+08:00
2bac5069-b8c0-4b4a-a4b3-853e6bdcc7fc,M-1534,SESS-20260723-2465-0209,RENTAL_ACCRUAL,20,23,2026-07-23T22:30:00+08:00
35653afd-f62b-4fac-a965-5f48b89a18ab,M-1021,SESS-20260723-4016-0210,RENTAL_ACCRUAL,30,982,2026-07-23T20:45:00+08:00
a24f3928-80e1-41d1-9a94-db1c055466c5,M-1925,SESS-20260723-7748-0211,RENTAL_ACCRUAL,16,249,2026-07-23T16:45:00+08:00
e7f33b1f-eac6-4cba-9f35-d8e90f5aaa80,M-2016,SESS-20260723-4808-0212,RENTAL_ACCRUAL,96,109,2026-07-24T04:15:00+08:00
7597bf41-7fe0-4de8-bbfe-d5c88352d089,M-1248,SESS-20260723-9398-0213,RENTAL_ACCRUAL,11,302,2026-07-23T21:35:00+08:00
a564d010-7f9e-49b6-b2ba-65174bb4f2f0,M-1370,SESS-20260723-3154-0214,RENTAL_ACCRUAL,8,285,2026-07-23T21:45:00+08:00
0722cb91-f511-4489-9c73-6afcbbf0bf8a,M-1339,SESS-20260723-3514-0215,RENTAL_REDEMPTION,-100,288,2026-07-23T15:30:00+08:00
599fac61-4e7b-4a7e-b949-91f4c5fe3f49,M-1339,SESS-20260723-3514-0215,RENTAL_ACCRUAL,2,290,2026-07-23T16:30:00+08:00
c2ae8093-4ef0-41bc-b21b-3d1ac171aa4e,M-1065,SESS-20260723-8292-0216,RENTAL_ACCRUAL,18,611,2026-07-24T00:15:00+08:00
41207ea2-0d40-405f-b6b1-ac167380014f,M-1313,SESS-20260723-3761-0217,RENTAL_ACCRUAL,67,133,2026-07-23T13:35:00+08:00
b8ff5a3e-8632-45ba-8205-40870de5b9e8,M-1802,SESS-20260723-5652-0218,RENTAL_ACCRUAL,16,210,2026-07-23T23:05:00+08:00
f59814ac-2f0a-46de-9f48-34e9754a95b7,M-1427,SESS-20260723-8620-0219,RENTAL_ACCRUAL,27,419,2026-07-24T02:20:00+08:00
b58dcd76-737c-426b-8b57-c0fa7bd0aa5e,M-1208,SESS-20260723-2409-0220,RENTAL_ACCRUAL,48,3222,2026-07-23T22:00:00+08:00
05d07f90-b012-48c8-944a-9eaa1a744b6d,M-1492,SESS-20260723-4098-0221,RENTAL_ACCRUAL,18,377,2026-07-23T22:15:00+08:00
014cd50d-a6e9-438a-808f-b9384e9ded75,M-1358,SESS-20260723-9989-0222,RENTAL_ACCRUAL,11,136,2026-07-23T22:40:00+08:00
92d76375-fba6-4e9f-9531-bb5f8c0ae5e4,M-1058,SESS-20260723-8188-0223,RENTAL_ACCRUAL,11,153,2026-07-24T00:30:00+08:00
10e690be-2102-4d3b-9805-e660a83ef4a5,M-1675,SESS-20260723-1302-0224,RENTAL_ACCRUAL,12,1996,2026-07-24T01:10:00+08:00
8f2189c0-253a-41ed-a993-0a09f5c4512c,M-1928,SESS-20260723-3949-0225,RENTAL_ACCRUAL,24,127,2026-07-23T21:45:00+08:00
756f2a91-3d0a-4601-a6b0-4ab766df7353,M-1648,SESS-20260723-6328-0226,RENTAL_REDEMPTION,-100,357,2026-07-23T15:30:00+08:00
076eaabc-e993-4f0e-a7a2-b8b676e1a33e,M-1648,SESS-20260723-6328-0226,RENTAL_ACCRUAL,4,361,2026-07-23T17:30:00+08:00
d5e61c94-3dd6-4354-b257-41bab25cdee1,M-2077,SESS-20260723-1699-0227,RENTAL_ACCRUAL,24,93,2026-07-23T23:00:00+08:00
0412a752-e0b0-4766-ab7a-fc382a173e1d,M-1132,SESS-20260723-1801-0228,RENTAL_ACCRUAL,30,806,2026-07-24T00:30:00+08:00
3d12ce07-909a-4dbf-a4a4-e0459a2ae54c,M-1700,SESS-20260723-8233-0229,RENTAL_ACCRUAL,18,286,2026-07-23T21:10:00+08:00
2245425b-6163-462f-b0f7-de516223f003,M-1940,SESS-20260723-5651-0230,RENTAL_ACCRUAL,10,32,2026-07-23T22:45:00+08:00
896cbda1-6260-4742-a18a-bb6af8127dc7,M-1682,SESS-20260723-5857-0231,RENTAL_ACCRUAL,9,531,2026-07-23T17:15:00+08:00
f288820e-517b-4d2c-9dbc-01acc4ae1244,M-1641,SESS-20260723-6778-0232,RENTAL_ACCRUAL,16,191,2026-07-23T16:30:00+08:00
f44c2022-37a3-4883-ac63-d8deed898bf4,M-1012,SESS-20260723-6684-0233,RENTAL_ACCRUAL,11,310,2026-07-24T00:50:00+08:00
d177f9d3-a28c-4218-a575-1107e33eba80,M-1988,SESS-20260723-1848-0234,RENTAL_ACCRUAL,8,116,2026-07-23T04:30:00+08:00
14e15606-abfe-4da4-b3bb-c034fed30a4b,M-1555,SESS-20260723-4324-0235,RENTAL_ACCRUAL,5,257,2026-07-23T23:45:00+08:00
f691f8ee-7f4b-4b2c-931b-7421677668d7,M-1076,SESS-20260723-7578-0236,RENTAL_ACCRUAL,45,340,2026-07-24T05:25:00+08:00
42f398ed-b40c-4ca2-87dc-464c4c9a4173,M-1114,SESS-20260723-3827-0237,RENTAL_ACCRUAL,11,57,2026-07-23T23:10:00+08:00
db63051d-2e5e-47fe-9922-e2c35bbb8330,M-1454,SESS-20260723-5855-0238,RENTAL_REDEMPTION,-200,1289,2026-07-23T23:45:00+08:00
52a24845-d131-4836-872c-63314d567427,M-1454,SESS-20260723-5855-0238,RENTAL_ACCRUAL,13,1302,2026-07-24T01:45:00+08:00
dfef4b55-3da7-461e-872e-1bf599b1a027,M-1224,SESS-20260723-1277-0239,RENTAL_REDEMPTION,-100,159,2026-07-23T22:00:00+08:00
1777da4b-d457-4023-bc48-396a38d5b50f,M-1224,SESS-20260723-1277-0239,RENTAL_ACCRUAL,2,161,2026-07-23T23:00:00+08:00
a48da0ab-6977-4713-9e3a-65995f5a9618,M-1502,SESS-20260723-5920-0240,RENTAL_ACCRUAL,16,372,2026-07-23T18:00:00+08:00
9e89d4cf-0d73-44e9-9205-b2c914f6b2f9,M-1381,SESS-20260723-9855-0241,RENTAL_ACCRUAL,27,275,2026-07-24T02:50:00+08:00
95476fd4-a3c6-41d6-8ee8-cc5c3eb33c94,M-1471,SESS-20260723-6064-0242,RENTAL_ACCRUAL,16,136,2026-07-24T01:15:00+08:00
c0cc0cf5-05fc-480e-a4cf-3ff98348586a,M-1400,SESS-20260723-4233-0243,RENTAL_ACCRUAL,18,93,2026-07-23T22:45:00+08:00
cf80138b-7334-4949-acaf-0b9c515fc2d1,M-1477,SESS-20260723-3738-0244,RENTAL_REDEMPTION,-100,5,2026-07-23T11:00:00+08:00
040967bc-39d7-496b-953f-66ce5ff96528,M-1477,SESS-20260723-3738-0244,RENTAL_ACCRUAL,38,43,2026-07-23T16:00:00+08:00
85ae3bd9-0a5c-4107-bdc9-c4dc5d57cc21,M-1946,SESS-20260723-6887-0245,RENTAL_REDEMPTION,-100,19,2026-07-23T22:45:00+08:00
f6be0e2e-4812-412a-9a09-b64b152b394c,M-1946,SESS-20260723-6887-0245,RENTAL_ACCRUAL,5,24,2026-07-24T00:45:00+08:00
bde48690-a748-41c5-a348-ee31e8b5a651,M-1649,SESS-20260723-1443-0246,RENTAL_ACCRUAL,108,316,2026-07-24T06:45:00+08:00
b2214244-9b0e-4bf1-9cce-11daa3098b12,M-2092,SESS-20260723-7602-0247,RENTAL_ACCRUAL,16,197,2026-07-24T01:40:00+08:00
86870bda-2f20-49e8-a74e-9908532eac33,M-2190,SESS-20260723-4711-0248,RENTAL_ACCRUAL,8,135,2026-07-24T00:00:00+08:00
a5626cde-7a98-48ea-8c48-a143887d531d,M-1402,SESS-20260723-4575-0249,RENTAL_ACCRUAL,5,404,2026-07-23T11:00:00+08:00
814c433c-d407-452e-8bb1-26452e079698,M-1717,SESS-20260723-5202-0250,RENTAL_ACCRUAL,16,371,2026-07-23T13:30:00+08:00
0b066815-c28f-4c42-b5f0-050c8489a205,M-1350,SESS-20260723-3119-0251,RENTAL_ACCRUAL,5,479,2026-07-23T18:25:00+08:00
f44cf521-3e10-49d4-a787-100be05dae4c,M-1728,SESS-20260723-7189-0252,RENTAL_ACCRUAL,11,429,2026-07-24T01:40:00+08:00
17ad0051-212a-42ec-9da1-803bbcc5d7b8,M-1707,SESS-20260723-6209-0253,RENTAL_ACCRUAL,19,1331,2026-07-23T23:15:00+08:00
35dbf325-30bb-4180-b237-32069f58a482,M-1384,SESS-20260723-4342-0254,RENTAL_ACCRUAL,19,1216,2026-07-23T18:40:00+08:00
f1e6d60c-890f-45c1-a84e-645ec9fddf0f,M-1753,SESS-20260723-7680-0255,RENTAL_ACCRUAL,27,351,2026-07-24T00:55:00+08:00
30c3b410-f8da-4f8f-9efb-0b76795e640c,M-1646,SESS-20260723-2330-0256,RENTAL_ACCRUAL,18,101,2026-07-23T18:00:00+08:00
0404cc57-3ec3-4b7a-91be-dde49c3830d1,M-1187,SESS-20260723-5854-0257,RENTAL_ACCRUAL,11,316,2026-07-23T22:40:00+08:00
2245fc7f-2c76-47b6-bd1f-e2882226ec82,M-1671,SESS-20260723-1259-0258,RENTAL_ACCRUAL,11,224,2026-07-23T19:00:00+08:00
d3ad1239-415e-4ac3-8100-44c7c7da2cea,M-1247,SESS-20260723-6554-0259,RENTAL_REDEMPTION,-100,2270,2026-07-23T18:10:00+08:00
3cc5652c-cc5c-472a-954b-d29e9037b7d7,M-1247,SESS-20260723-6554-0259,RENTAL_ACCRUAL,11,2281,2026-07-23T20:10:00+08:00
4116bf6f-a055-4fe6-a9f8-cf31eb90304f,M-1119,SESS-20260723-5192-0260,RENTAL_ACCRUAL,10,146,2026-07-23T23:00:00+08:00
c1594136-5e3e-43b4-b477-05b9484c5ba3,M-1119,TIER_UPGRADE_Standard_TO_Silver,TIER_BONUS,50,196,2026-07-23T23:00:00+08:00
51e4dd80-30a5-4b95-9a90-7be5248eb3bd,M-1386,SESS-20260723-8418-0261,RENTAL_ACCRUAL,16,274,2026-07-23T13:45:00+08:00
5ba965f7-97ca-4d01-a6a7-1894267c075b,M-1337,SESS-20260723-7120-0262,RENTAL_ACCRUAL,12,551,2026-07-23T20:45:00+08:00
9347c0a1-ffe3-4a4d-a78a-c707d2f28967,M-1517,SESS-20260723-8797-0263,RENTAL_ACCRUAL,8,61,2026-07-24T00:30:00+08:00
83c9a86c-0bfc-479f-87ab-7f9bcf991746,M-1517,TIER_UPGRADE_Standard_TO_Silver,TIER_BONUS,50,111,2026-07-24T00:30:00+08:00
711fee51-3e09-48f6-ad38-f4ba28d9b5de,M-1711,SESS-20260723-8539-0264,RENTAL_ACCRUAL,5,157,2026-07-23T19:00:00+08:00
9640bb0f-4844-479a-8cdd-16aa5ab2e682,M-1780,SESS-20260723-6977-0265,RENTAL_ACCRUAL,16,132,2026-07-23T22:30:00+08:00
265b1ca2-f4bb-4caf-bd3f-553c6dac91eb,M-1672,SESS-20260723-1338-0266,RENTAL_ACCRUAL,10,109,2026-07-24T00:30:00+08:00
cb5dfc9a-2cf9-4673-b804-f2d28a22a2c1,M-1570,SESS-20260723-2730-0267,RENTAL_ACCRUAL,16,697,2026-07-23T19:30:00+08:00
9847dad3-c9f8-4baf-a6a8-d4eb6817b119,M-1620,SESS-20260723-9843-0268,RENTAL_ACCRUAL,45,344,2026-07-24T06:00:00+08:00
e849e894-f008-4da4-ba72-c336d08b20ed,M-1590,SESS-20260723-6787-0269,RENTAL_ACCRUAL,5,38,2026-07-24T00:45:00+08:00
7d26a3c0-0344-41fc-9942-d838adeb65d6,M-1091,SESS-20260723-8426-0270,RENTAL_REDEMPTION,-100,13,2026-07-23T19:05:00+08:00
f4adc40f-1804-4e46-ba0d-70a93a1010c0,M-1091,SESS-20260723-8426-0270,RENTAL_ACCRUAL,5,18,2026-07-23T21:05:00+08:00
91f2bf34-1a40-46ff-8344-1c55fb69b434,M-1737,SESS-20260723-5920-0271,RENTAL_ACCRUAL,5,29,2026-07-23T16:50:00+08:00
a7170191-0d22-4081-8611-b9345c0423ff,M-1501,SESS-20260723-6219-0272,RENTAL_ACCRUAL,11,225,2026-07-23T11:30:00+08:00
41ef627c-6433-40f9-a520-5ab4f727a967,M-1504,SESS-20260723-3897-0273,RENTAL_ACCRUAL,18,125,2026-07-23T18:35:00+08:00
741b66b0-ae40-48d7-8033-510ef347268d,M-1837,SESS-20260723-7387-0274,RENTAL_ACCRUAL,16,215,2026-07-24T00:35:00+08:00
b2ab6df8-f393-420e-891c-1965914df0db,M-1135,SESS-20260723-9738-0275,RENTAL_REDEMPTION,-200,237,2026-07-23T21:45:00+08:00
320fac5d-5388-4696-9c85-a5fd5f6fa439,M-1135,SESS-20260723-9738-0275,RENTAL_ACCRUAL,5,242,2026-07-23T23:45:00+08:00
71c25632-7fa8-4520-8627-fd4a37c67c46,M-1632,SESS-20260723-4638-0276,RENTAL_ACCRUAL,18,1220,2026-07-24T00:15:00+08:00
d59fdd21-aef2-47ca-9766-5bae41aaeab7,M-1069,SESS-20260723-7885-0277,RENTAL_ACCRUAL,16,145,2026-07-24T02:50:00+08:00
c79d2b07-e326-4dad-9f14-6df3f365a218,M-1794,SESS-20260723-7006-0278,RENTAL_ACCRUAL,28,285,2026-07-23T23:05:00+08:00
bd6df3e4-5519-4932-a6ba-9c5fe6e31b56,M-2095,SESS-20260723-1058-0279,RENTAL_ACCRUAL,24,153,2026-07-23T22:00:00+08:00
04364e25-4688-4cd6-9c24-9059ae034743,M-1597,SESS-20260723-1697-0280,RENTAL_ACCRUAL,11,63,2026-07-23T23:00:00+08:00
7faefc86-cc60-412d-9689-1f1c694e0ea1,M-1965,SESS-20260723-6543-0281,RENTAL_ACCRUAL,10,135,2026-07-23T23:30:00+08:00
d011483d-9202-49aa-836d-b0be2b54d0ab,M-1170,SESS-20260723-3584-0282,RENTAL_REDEMPTION,-100,75,2026-07-23T20:15:00+08:00
e8822a2a-2a5f-46dc-b2f9-69e2f2d1d2fe,M-1170,SESS-20260723-3584-0282,RENTAL_ACCRUAL,5,80,2026-07-23T22:15:00+08:00
cb8829ee-d25f-4d7f-9ebc-ea631ed3c71c,M-1162,SESS-20260723-4969-0283,RENTAL_REDEMPTION,-100,123,2026-07-23T23:10:00+08:00
8aa5eb03-fad0-41ad-80da-e0cdf5ee87c0,M-1162,SESS-20260723-4969-0283,RENTAL_ACCRUAL,10,133,2026-07-24T02:10:00+08:00
e181367f-cc8b-4b39-b4e1-50a9874f0251,M-2167,SESS-20260723-6160-0284,RENTAL_ACCRUAL,25,127,2026-07-23T23:00:00+08:00
21f120ee-80b5-4465-8b24-d398e2df3ac7,M-1466,SESS-20260723-2516-0285,RENTAL_REDEMPTION,-300,3465,2026-07-23T22:55:00+08:00
41ba1b72-420d-44e3-be18-a67955e84614,M-1466,SESS-20260723-2516-0285,RENTAL_ACCRUAL,6,3471,2026-07-24T01:55:00+08:00
d134b8fb-bd3a-426d-a65f-13e72be90c43,M-1891,SESS-20260723-5891-0286,RENTAL_ACCRUAL,8,40,2026-07-23T23:45:00+08:00
b5acc262-4034-45b3-9078-5e43626f0cf3,M-1030,SESS-20260723-9588-0287,RENTAL_ACCRUAL,36,171,2026-07-23T22:30:00+08:00
fc93a9c5-74d6-46e6-98fd-0378868bf49e,M-1083,SESS-20260723-4075-0288,RENTAL_ACCRUAL,28,333,2026-07-24T00:15:00+08:00
1b1cef81-ed25-4366-972f-8d0afdfd0c86,M-1452,SESS-20260723-9753-0289,RENTAL_ACCRUAL,16,279,2026-07-23T18:00:00+08:00
a9bf338a-dbcc-44a4-aad6-055d5f085c94,M-1708,SESS-20260723-6334-0290,RENTAL_ACCRUAL,11,215,2026-07-23T15:45:00+08:00
37c7825d-c9e0-419f-8bb0-6e70345805c4,M-1122,SESS-20260723-5575-0291,RENTAL_ACCRUAL,18,91,2026-07-24T01:10:00+08:00
6997eb34-afe6-473b-8850-1da0c1defa36,M-1820,SESS-20260723-7939-0292,RENTAL_ACCRUAL,28,346,2026-07-24T02:45:00+08:00
2a42d3d7-534b-46f8-b224-6b5948f8e7a2,M-1692,SESS-20260723-5554-0293,RENTAL_ACCRUAL,19,2273,2026-07-23T22:45:00+08:00
c6fe4a2d-120e-44ef-9e40-45b5e48e4a6b,M-1618,SESS-20260723-8319-0294,RENTAL_REDEMPTION,-100,150,2026-07-23T22:45:00+08:00
e817a07f-4270-4795-8817-215d9d5b4b94,M-1618,SESS-20260723-8319-0294,RENTAL_ACCRUAL,101,251,2026-07-24T06:45:00+08:00
fb8b8673-0fca-40a6-b306-e069fcc7a666,M-2018,SESS-20260723-3747-0295,RENTAL_ACCRUAL,24,149,2026-07-23T19:30:00+08:00
e9f283c7-a994-454d-9ec6-5b4a3d11917b,M-1320,SESS-20260723-4537-0296,RENTAL_ACCRUAL,27,829,2026-07-23T23:25:00+08:00
d953dc62-21b7-482a-a257-b2314ee2acc3,M-1539,SESS-20260723-1656-0297,RENTAL_REDEMPTION,-100,2317,2026-07-23T14:45:00+08:00
b2af63d8-b92f-4e38-aca8-6de9485cac5b,M-1539,SESS-20260723-1656-0297,RENTAL_ACCRUAL,35,2352,2026-07-23T17:45:00+08:00
3a84480a-627d-46fa-80f3-0b01d432b07f,M-1038,SESS-20260723-7689-0298,RENTAL_ACCRUAL,11,336,2026-07-24T01:15:00+08:00
a53a0f42-742c-4ee4-b7d8-2c315aa08f6f,M-1361,SESS-20260723-4267-0299,RENTAL_ACCRUAL,27,283,2026-07-23T21:50:00+08:00
b478bf80-98b2-4116-bcf2-a38afa63efd9,M-1770,SESS-20260723-7833-0300,RENTAL_REDEMPTION,-100,227,2026-07-23T22:50:00+08:00
592c801d-8576-4342-9409-c09e811e0208,M-1770,SESS-20260723-7833-0300,RENTAL_ACCRUAL,4,231,2026-07-24T00:50:00+08:00
77b0cf5b-e1e6-4efb-8e29-9b0bed149325,M-1241,SESS-20260723-5038-0301,RENTAL_ACCRUAL,5,263,2026-07-23T17:35:00+08:00
64d9f35b-2928-4f3b-9759-f0572623e5a6,M-1530,SESS-20260723-9067-0302,RENTAL_ACCRUAL,6,410,2026-07-23T19:30:00+08:00
edb86820-6af2-4909-a214-e59b6660ff92,M-1560,SESS-20260723-5066-0303,RENTAL_REDEMPTION,-200,67,2026-07-23T18:30:00+08:00
d2213990-01ab-4188-8b4c-77f60982ab71,M-1560,SESS-20260723-5066-0303,RENTAL_ACCRUAL,5,72,2026-07-23T20:30:00+08:00
dcaf29a9-2b88-4a01-b3c3-df30f7bfafd8,M-1429,SESS-20260723-1143-0304,RENTAL_ACCRUAL,18,438,2026-07-24T00:25:00+08:00
7061585e-a4fb-40b8-9fe5-2c0425f6f480,M-1266,SESS-20260723-1891-0305,RENTAL_ACCRUAL,16,391,2026-07-23T18:45:00+08:00
bd40437d-b788-46ac-8ba3-b7692bb37c19,M-1957,SESS-20260723-3966-0306,RENTAL_ACCRUAL,15,125,2026-07-24T01:30:00+08:00
33e70075-c1ad-4f7f-8788-fec7f3ae56e5,M-1113,SESS-20260723-5033-0307,RENTAL_ACCRUAL,11,370,2026-07-24T01:50:00+08:00
347964fb-cc2f-4ff7-bc8a-0a4eea39f400,M-2000,SESS-20260723-8920-0308,RENTAL_ACCRUAL,40,270,2026-07-24T01:40:00+08:00
2226b849-b340-4e96-afd1-725455408d86,M-2000,TIER_UPGRADE_Standard_TO_Silver,TIER_BONUS,50,320,2026-07-24T01:40:00+08:00
7ef186c8-7b69-47e2-ba86-a91514a0bfb2,M-1167,SESS-20260723-2524-0309,RENTAL_ACCRUAL,6,185,2026-07-23T17:50:00+08:00
3290fdb4-cf93-4565-9834-e52cfa6418d5,M-1273,SESS-20260723-8613-0310,RENTAL_ACCRUAL,11,823,2026-07-23T22:00:00+08:00
7d9a7f5d-39bc-4f40-9b5e-36619462d565,M-2065,SESS-20260723-3310-0311,RENTAL_ACCRUAL,8,42,2026-07-24T00:55:00+08:00
7f5139ce-7cd6-4871-85a0-3ddfe53bb7fd,M-1796,SESS-20260723-9769-0312,RENTAL_ACCRUAL,40,154,2026-07-24T02:15:00+08:00
7460b00e-5edf-4a66-a974-7ae9c8d8dddb,M-1459,SESS-20260723-2114-0313,RENTAL_REDEMPTION,-300,128,2026-07-23T20:35:00+08:00
743b3a68-cec5-456d-a5a5-4933dd40a45b,M-1459,SESS-20260723-2114-0313,RENTAL_ACCRUAL,9,137,2026-07-24T01:35:00+08:00
b64af3c1-ab6d-4cec-9885-9caa2e7b2757,M-1321,SESS-20260723-4002-0314,RENTAL_ACCRUAL,18,184,2026-07-23T15:30:00+08:00
f7eff520-7d4b-486f-9a0f-243009a32810,M-1460,SESS-20260723-4940-0315,RENTAL_ACCRUAL,24,256,2026-07-24T01:45:00+08:00
6bcefbe6-7651-4c86-9b4f-3b8ec77d5f2c,M-1460,TIER_UPGRADE_Standard_TO_Silver,TIER_BONUS,50,306,2026-07-24T01:45:00+08:00
f3448413-b9f4-4ee3-8593-11b602a5deff,M-1015,SESS-20260723-6757-0316,RENTAL_ACCRUAL,16,459,2026-07-24T02:20:00+08:00
b9e52cea-0371-430e-9529-f00a37b21929,M-1370,SESS-20260723-6439-0317,RENTAL_ACCRUAL,10,295,2026-07-24T01:00:00+08:00
db98475a-454d-4723-962d-858d7d677cc6,M-1283,SESS-20260723-7936-0318,RENTAL_ACCRUAL,28,105,2026-07-24T02:45:00+08:00
ff601b20-ffbe-45a0-ab25-a2a35f6526ee,M-1704,SESS-20260723-5281-0319,RENTAL_ACCRUAL,16,182,2026-07-23T09:30:00+08:00
da50955d-26bb-4030-bf04-21a9e45d7720,M-1573,SESS-20260723-3591-0320,RENTAL_ACCRUAL,27,497,2026-07-23T18:30:00+08:00
d54c24b8-998b-4386-aff3-d3f913a8d316,M-1279,SESS-20260723-7674-0321,RENTAL_REDEMPTION,-100,127,2026-07-23T22:30:00+08:00
37cd84c6-e393-4d0c-b9e5-ca0708118776,M-1279,SESS-20260723-7674-0321,RENTAL_ACCRUAL,10,137,2026-07-24T01:30:00+08:00
69a57514-4f1c-4ac7-b4c8-46ce0d070f10,M-1741,SESS-20260723-9738-0322,RENTAL_ACCRUAL,11,476,2026-07-23T20:30:00+08:00
ab1d5dcf-e265-4c4e-96af-cd8e08bdf433,M-1962,SESS-20260723-9177-0323,RENTAL_ACCRUAL,10,169,2026-07-23T23:30:00+08:00
91dce950-7d21-4493-ab90-43db9a9b960c,M-1013,SESS-20260723-3083-0324,RENTAL_ACCRUAL,28,358,2026-07-23T23:00:00+08:00
e884d9cf-12ba-425c-87d5-3bc5ef61463e,M-1523,SESS-20260723-5181-0325,RENTAL_ACCRUAL,11,103,2026-07-23T17:00:00+08:00
e7e9bb4b-ce06-4f6d-b399-ab3a50b1af22,M-1282,SESS-20260723-5010-0326,RENTAL_ACCRUAL,18,157,2026-07-24T01:45:00+08:00
7a78f293-0a70-45ca-a31c-78ef240fd675,M-1450,SESS-20260723-2178-0327,RENTAL_ACCRUAL,18,126,2026-07-23T17:35:00+08:00
0b4098b8-e0c4-4c8d-b7f9-afc69e2ac3f4,M-1042,SESS-20260723-7733-0328,RENTAL_REDEMPTION,-200,127,2026-07-23T23:00:00+08:00
d2d11088-ddc4-4406-9d55-714626c35d49,M-1042,SESS-20260723-7733-0328,RENTAL_ACCRUAL,5,132,2026-07-24T01:00:00+08:00
10612823-3001-44c1-ba75-c48622a67520,M-1374,SESS-20260723-9480-0329,RENTAL_ACCRUAL,45,369,2026-07-24T04:50:00+08:00
bd301f72-dfe4-486f-a30b-b1cbb9d70433,M-1055,SESS-20260723-4045-0330,RENTAL_ACCRUAL,18,364,2026-07-24T00:05:00+08:00
4e56d157-3901-49e8-bc2a-3f9ee7a759eb,M-1601,SESS-20260723-4096-0331,RENTAL_ACCRUAL,5,167,2026-07-23T18:40:00+08:00
a6554919-e1a6-425b-8bfd-c37c4e2d3470,M-1783,SESS-20260723-7009-0332,RENTAL_ACCRUAL,40,340,2026-07-24T04:20:00+08:00
7f95fe8f-f4fe-4e96-8235-1ab84474bdd0,M-1783,TIER_UPGRADE_Standard_TO_Silver,TIER_BONUS,50,390,2026-07-24T04:20:00+08:00
32be9758-b9c5-4cbf-885d-b345ec5983e6,M-1811,SESS-20260723-7105-0333,RENTAL_REDEMPTION,-100,2,2026-07-23T13:15:00+08:00
3a1b8bfd-2102-4602-8458-56b929500dae,M-1811,SESS-20260723-7105-0333,RENTAL_ACCRUAL,5,7,2026-07-23T15:15:00+08:00
c57e0bc2-f3d6-4d10-85ae-ef50b2b977f2,M-1099,SESS-20260723-2738-0334,RENTAL_ACCRUAL,5,320,2026-07-23T10:45:00+08:00
8f5e139c-d0f6-4208-b607-3deeb169c763,M-1769,SESS-20260723-4289-0335,RENTAL_ACCRUAL,11,162,2026-07-24T01:25:00+08:00
69b108ea-4d5b-4f94-9c9e-aaf32b1464c3,M-1912,SESS-20260723-7866-0336,RENTAL_ACCRUAL,8,134,2026-07-23T16:00:00+08:00
748d39aa-7de1-4f02-8ba8-b5818b275f62,M-1101,SESS-20260723-2811-0337,RENTAL_ACCRUAL,5,336,2026-07-24T00:05:00+08:00
3fb9c03f-d572-443c-9d7e-e06adfa574f6,M-2187,SESS-20260723-3257-0338,RENTAL_ACCRUAL,25,59,2026-07-24T03:50:00+08:00
9aa5de2c-d40e-4985-b601-16cafd1063e2,M-1359,SESS-20260723-5199-0339,RENTAL_ACCRUAL,12,1931,2026-07-24T00:00:00+08:00
981cf827-389a-4212-a367-e523675cba5a,M-1716,SESS-20260723-3205-0340,RENTAL_ACCRUAL,16,214,2026-07-23T22:00:00+08:00
252baff0-f08f-466c-81ee-dc3f55bbbf42,M-2142,SESS-20260723-4625-0341,RENTAL_ACCRUAL,5,152,2026-07-23T18:05:00+08:00
d2d3e5dc-43e4-41be-9a07-1e78c5bd3ae7,M-1988,SESS-20260723-8692-0342,RENTAL_REDEMPTION,-100,16,2026-07-23T16:45:00+08:00
057e08a9-6dfd-4f7a-8b65-3866f14eac86,M-1988,SESS-20260723-8692-0342,RENTAL_ACCRUAL,3,19,2026-07-23T17:45:00+08:00
2ffb1b29-1aae-4e0c-a34a-7670c067788b,M-1499,SESS-20260723-1660-0343,RENTAL_ACCRUAL,11,253,2026-07-23T09:45:00+08:00
705b4948-a35d-4fa0-9198-b146456df891,M-1718,SESS-20260723-9297-0344,RENTAL_ACCRUAL,19,1312,2026-07-23T19:45:00+08:00
1bf79f16-8061-4976-bc30-c98be7639e05,M-1176,SESS-20260723-4280-0345,RENTAL_ACCRUAL,45,144,2026-07-24T06:10:00+08:00
a8e97418-526d-44f6-8e66-35a49802103d,M-1731,SESS-20260723-9719-0346,RENTAL_REDEMPTION,-100,36,2026-07-23T19:15:00+08:00
eca043df-16d0-4894-b0de-7b5e160f1957,M-1731,SESS-20260723-9719-0346,RENTAL_ACCRUAL,5,41,2026-07-23T21:15:00+08:00
8a6504b8-a574-43f8-b74e-5056559b9e5f,M-1267,SESS-20260723-2148-0347,RENTAL_REDEMPTION,-100,57,2026-07-23T20:00:00+08:00
3fdca28a-dff7-49ac-ab88-3f9bd30d1b06,M-1267,SESS-20260723-2148-0347,RENTAL_ACCRUAL,10,67,2026-07-23T23:00:00+08:00
e66e0686-d765-4516-ba96-998b99f36e34,M-1830,SESS-20260723-6773-0348,RENTAL_ACCRUAL,27,490,2026-07-24T00:55:00+08:00
6893ae9c-5a2c-488a-998f-d6a91b911b82,M-1304,SESS-20260723-9113-0349,RENTAL_ACCRUAL,11,179,2026-07-23T23:20:00+08:00
c3b3c479-fe10-4482-81b4-50de50ba7582,M-1177,SESS-20260723-6165-0350,RENTAL_ACCRUAL,67,152,2026-07-23T23:40:00+08:00
27021bfa-06d5-437e-96ed-545439f6b7c9,M-1755,SESS-20260723-6340-0351,RENTAL_ACCRUAL,10,149,2026-07-24T00:15:00+08:00
4ffbce3b-8c9a-4a2b-aed1-617265983fe5,M-1447,SESS-20260723-3918-0352,RENTAL_ACCRUAL,16,39,2026-07-23T21:25:00+08:00
9eb4f526-979c-4b3a-8325-66dcc09a08ea,M-1475,SESS-20260723-5370-0353,RENTAL_ACCRUAL,45,454,2026-07-24T00:45:00+08:00
74bee3f9-44c2-4b82-984b-49d01397d636,M-1993,SESS-20260723-1029-0354,RENTAL_REDEMPTION,-100,95,2026-07-23T20:15:00+08:00
5aacb5fa-c95d-46f9-9ea6-a4d388083835,M-1993,SESS-20260723-1029-0354,RENTAL_ACCRUAL,10,105,2026-07-23T23:15:00+08:00
c553c966-04e8-429e-b952-c0cd89f671bc,M-1898,SESS-20260723-4804-0355,RENTAL_ACCRUAL,24,146,2026-07-23T05:45:00+08:00
29281036-21ba-4bba-b0e7-66690cd2f693,M-1221,SESS-20260723-5878-0356,RENTAL_REDEMPTION,-100,1860,2026-07-23T21:30:00+08:00
e5997df0-a5b7-4545-beb5-47e6ee5e24fc,M-1221,SESS-20260723-5878-0356,RENTAL_ACCRUAL,10,1870,2026-07-24T00:30:00+08:00
30b4d5fb-39ba-436c-9f26-24b4b8ab08c1,M-1546,SESS-20260723-7876-0357,RENTAL_REDEMPTION,-100,173,2026-07-23T12:15:00+08:00
60900526-94ea-420e-92e9-cacc32943772,M-1546,SESS-20260723-7876-0357,RENTAL_ACCRUAL,34,207,2026-07-23T15:15:00+08:00
0d0b933e-0f3b-4924-b794-8d56c1f31434,M-1166,SESS-20260723-9289-0358,RENTAL_ACCRUAL,27,226,2026-07-23T22:50:00+08:00
43a15fda-a67a-4fa6-9968-2d396d9e3ccc,M-1053,SESS-20260723-2079-0359,RENTAL_ACCRUAL,45,325,2026-07-23T21:15:00+08:00
6a940621-9fd5-4151-a673-830b68cd00d9,M-1411,SESS-20260723-2207-0360,RENTAL_ACCRUAL,28,594,2026-07-23T23:00:00+08:00
3a30f72c-d885-4246-b2d0-f939b8d8cfdb,M-1253,SESS-20260723-3122-0361,RENTAL_ACCRUAL,15,36,2026-07-24T02:10:00+08:00
0f29e333-c0b2-48b8-ab1a-c7fa2410e707,M-1164,SESS-20260723-1755-0362,RENTAL_ACCRUAL,5,58,2026-07-23T23:05:00+08:00
51e9bf24-20a4-4d69-86d0-f9532626f6e8,M-1536,SESS-20260723-1903-0363,RENTAL_ACCRUAL,5,219,2026-07-24T00:10:00+08:00
1122222a-8c99-4594-88ef-3ef816192d26,M-1828,SESS-20260723-3803-0364,RENTAL_ACCRUAL,8,103,2026-07-23T20:30:00+08:00
7c18d82b-3e12-44b9-9a83-2aa8ac7994d6,M-1546,SESS-20260723-8490-0365,RENTAL_ACCRUAL,27,234,2026-07-23T22:30:00+08:00
f8b33cdf-24b5-4dc0-b24b-7a4c2f2388d4,M-1477,SESS-20260723-5928-0366,RENTAL_ACCRUAL,27,70,2026-07-23T23:45:00+08:00
039ac7a1-03f8-498f-89eb-9ee996405456,M-1774,SESS-20260723-2852-0367,RENTAL_ACCRUAL,9,225,2026-07-23T19:35:00+08:00
3142cbab-51ac-43fc-8367-90ab08727471,M-1934,SESS-20260723-1226-0368,RENTAL_ACCRUAL,8,136,2026-07-23T23:00:00+08:00
a901de37-31ab-4b40-96c9-d62eaf7fe8a1,M-1571,SESS-20260723-1668-0369,RENTAL_ACCRUAL,28,204,2026-07-24T03:00:00+08:00
e0da462f-2797-4991-82c0-ee14deeab9ff,M-1695,SESS-20260723-8028-0370,RENTAL_REDEMPTION,-200,23,2026-07-23T16:30:00+08:00
04d8ed5e-fd5b-464a-b7d0-3eeac9f13cb0,M-1695,SESS-20260723-8028-0370,RENTAL_ACCRUAL,15,38,2026-07-23T21:30:00+08:00
6a9cc9cd-8118-49b3-ac6a-eba2b981ac08,M-1150,SESS-20260723-4249-0371,RENTAL_ACCRUAL,40,255,2026-07-24T00:00:00+08:00
ddb8bc5a-adcd-4337-9884-fc413eef55be,M-1673,SESS-20260723-2362-0372,RENTAL_ACCRUAL,27,509,2026-07-24T00:00:00+08:00
58aec9c4-b851-4a54-b9dc-451b4a93a241,M-1572,SESS-20260723-1772-0373,RENTAL_ACCRUAL,11,337,2026-07-24T01:35:00+08:00
0d9c8ae3-6aad-4b4e-b823-1c4465817ec2,M-1223,SESS-20260723-8470-0374,RENTAL_ACCRUAL,16,135,2026-07-24T02:10:00+08:00
ba78be40-c9fb-460f-95c9-12e685ea058d,M-1724,SESS-20260723-7990-0375,RENTAL_ACCRUAL,11,239,2026-07-23T20:55:00+08:00
277293a8-53eb-41c1-8aa5-b752f38ac1d1,M-1159,SESS-20260723-2751-0376,RENTAL_ACCRUAL,18,113,2026-07-23T23:55:00+08:00
ace85b33-3476-45b2-af5c-91b0db0f50ad,M-1306,SESS-20260723-3975-0377,RENTAL_ACCRUAL,5,318,2026-07-23T19:10:00+08:00
30336897-ab43-48f6-816b-350f83b8ebc8,M-1259,SESS-20260723-1010-0378,RENTAL_ACCRUAL,27,262,2026-07-23T20:50:00+08:00
cb579d25-5995-481d-9b3b-e2a4244cf428,M-1446,SESS-20260723-1566-0379,RENTAL_ACCRUAL,18,34,2026-07-23T23:55:00+08:00
60d4b51a-cb3c-4f69-97fd-56f928bd8662,M-1936,SESS-20260723-6047-0380,RENTAL_ACCRUAL,40,140,2026-07-24T01:15:00+08:00
f33ec159-b9ef-42fa-9a60-ac8fd1651cc5,M-1226,SESS-20260723-9064-0381,RENTAL_ACCRUAL,9,1142,2026-07-23T13:15:00+08:00
a671cfcb-7dd9-406c-b62d-a18c79c68685,M-1603,SESS-20260723-8282-0382,RENTAL_ACCRUAL,5,158,2026-07-24T00:40:00+08:00
8c50e058-5352-4e34-a8fd-f3299f459cf6,M-1377,SESS-20260723-6318-0383,RENTAL_ACCRUAL,5,529,2026-07-23T14:45:00+08:00
f16288bb-6a92-4963-948d-c0fee61abeab,M-1225,SESS-20260723-4141-0384,RENTAL_ACCRUAL,16,53,2026-07-23T22:05:00+08:00
a4daaa7a-06ba-47ed-aa42-2a1736812f4f,M-1087,SESS-20260723-5649-0385,RENTAL_ACCRUAL,19,875,2026-07-23T18:15:00+08:00
700fdd1a-c729-492e-b7e2-b10327fddffa,M-1262,SESS-20260723-2191-0386,RENTAL_ACCRUAL,18,181,2026-07-23T22:35:00+08:00
543ff2b8-fb49-499b-bc2b-f73db1b07add,M-1098,SESS-20260723-2101-0387,RENTAL_ACCRUAL,28,806,2026-07-24T00:40:00+08:00
296554ab-45f0-41b2-a94c-ae2fab7cea28,M-1438,SESS-20260723-1634-0388,RENTAL_ACCRUAL,30,2604,2026-07-24T00:15:00+08:00
8b31a077-5987-4ca3-b0cc-bad88ca6ff5e,M-1595,SESS-20260723-3839-0389,RENTAL_REDEMPTION,-200,197,2026-07-23T15:20:00+08:00
20f49d9d-2555-4d8e-a6e0-0044bc32e4a3,M-1595,SESS-20260723-3839-0389,RENTAL_ACCRUAL,28,225,2026-07-23T18:20:00+08:00
9858ace3-7e42-4252-bf15-9f1f874d32c3,M-1014,SESS-20260723-2192-0390,RENTAL_ACCRUAL,11,736,2026-07-24T01:25:00+08:00
53512f53-c1d9-4263-865d-e25a53755284,M-1107,SESS-20260723-8569-0391,RENTAL_ACCRUAL,25,121,2026-07-24T01:15:00+08:00
6d010f84-3e8d-42c6-ab61-72a6736edcd4,M-1026,SESS-20260723-3467-0392,RENTAL_ACCRUAL,19,1638,2026-07-24T01:05:00+08:00
ef311e6d-44f9-4ef9-b9f0-32b8d7e8fd70,M-1322,SESS-20260723-2386-0393,RENTAL_ACCRUAL,60,196,2026-07-23T23:30:00+08:00
d917e467-2bed-4400-ac80-c363d4a47256,M-1390,SESS-20260723-9915-0394,RENTAL_REDEMPTION,-200,40,2026-07-23T23:35:00+08:00
e8a4336a-08b4-4563-8d3a-ce844134c3db,M-1390,SESS-20260723-9915-0394,RENTAL_ACCRUAL,4,44,2026-07-24T02:35:00+08:00
837202ce-f141-429e-b432-0be5a30f0aba,M-1048,SESS-20260723-6654-0395,RENTAL_ACCRUAL,28,199,2026-07-24T02:35:00+08:00
43377c27-b243-467e-968e-5ce7fe88dc60,M-1220,SESS-20260723-1967-0396,RENTAL_ACCRUAL,6,1701,2026-07-23T19:15:00+08:00
cbb7b0aa-768d-436f-84a3-86e11c82efd2,M-1311,SESS-20260723-2109-0397,RENTAL_REDEMPTION,-100,16,2026-07-23T23:45:00+08:00
64cd258e-9570-46b5-9b0b-d2e4cadbb6d9,M-1311,SESS-20260723-2109-0397,RENTAL_ACCRUAL,31,47,2026-07-24T02:45:00+08:00
2c8a50b2-6c94-4dec-bf3a-381c8692aa30,M-1311,TIER_UPGRADE_Standard_TO_Silver,TIER_BONUS,50,97,2026-07-24T02:45:00+08:00
1fb153b2-8841-4111-bc2c-d2f79eace76b,M-1628,SESS-20260723-7514-0398,RENTAL_ACCRUAL,16,205,2026-07-23T21:30:00+08:00
9d3b2619-29bb-4e23-8a49-8bfcb468f5a5,M-1750,SESS-20260723-6895-0399,RENTAL_REDEMPTION,-100,201,2026-07-23T21:00:00+08:00
199b3de9-748a-4706-a950-bb25de0d7a1e,M-1750,SESS-20260723-6895-0399,RENTAL_ACCRUAL,5,206,2026-07-23T23:00:00+08:00
812837d0-98fb-4696-b1f9-c164c777f412,M-1508,SESS-20260723-4177-0400,RENTAL_ACCRUAL,13,543,2026-07-23T22:15:00+08:00
3f2bd0a5-eafb-4f80-a8c3-6b7ff4c8dd8d,M-1724,SESS-20260723-6835-0401,RENTAL_ACCRUAL,27,266,2026-07-24T02:00:00+08:00
8eb971e0-0d6d-4d1b-91ba-08bc0f55d0f8,M-1760,SESS-20260723-1291-0402,RENTAL_ACCRUAL,16,252,2026-07-24T02:30:00+08:00
30dcb2f8-0b85-4215-9802-c3a9709e793d,M-1665,SESS-20260723-4881-0403,RENTAL_REDEMPTION,-400,1341,2026-07-23T21:05:00+08:00
a320534e-da5d-4b49-a1f7-430a0db78fb4,M-1665,SESS-20260723-4881-0403,RENTAL_ACCRUAL,18,1359,2026-07-24T05:05:00+08:00
7eeeff92-8f89-4a0a-b1b7-af8538a5317d,M-1725,SESS-20260723-1539-0404,RENTAL_ACCRUAL,27,429,2026-07-24T01:40:00+08:00
c0f90351-61a8-4bf5-a211-63dc7347e9b6,M-1164,SESS-20260723-2390-0405,RENTAL_ACCRUAL,28,86,2026-07-24T04:10:00+08:00
8545c255-b2f2-480d-910b-7aebc05575dc,M-2100,SESS-20260723-9176-0406,RENTAL_ACCRUAL,10,339,2026-07-24T01:10:00+08:00
24f0e4a2-6690-490f-ab10-36f8fae88331,M-1332,SESS-20260723-8460-0407,RENTAL_ACCRUAL,15,205,2026-07-23T22:15:00+08:00
2363c6e5-3161-4929-884e-1199d1844d87,M-1722,SESS-20260723-3833-0408,RENTAL_REDEMPTION,-300,537,2026-07-23T18:55:00+08:00
8c59c2f9-299e-4c3c-9607-91b61abd0086,M-1722,SESS-20260723-3833-0408,RENTAL_ACCRUAL,8,545,2026-07-23T20:55:00+08:00
3674a2a8-2b59-47fa-98fd-4c5dd52f23d8,M-1339,SESS-20260723-1787-0409,RENTAL_ACCRUAL,11,301,2026-07-24T01:20:00+08:00
99b48af9-39f7-4b8b-a0c7-6974a7567de7,M-1544,SESS-20260723-5421-0410,RENTAL_ACCRUAL,28,207,2026-07-23T22:05:00+08:00
56064586-5c27-4ee1-8d9d-7bae3c4cdfc4,M-1959,SESS-20260723-3565-0411,RENTAL_ACCRUAL,12,342,2026-07-24T00:50:00+08:00
5d9da3b8-1714-4184-80ca-402936a68afd,M-1959,TIER_UPGRADE_Standard_TO_Silver,TIER_BONUS,50,392,2026-07-24T00:50:00+08:00
6c25a20b-680b-495e-892f-79aa66d7b5b1,M-1629,SESS-20260723-8493-0412,RENTAL_ACCRUAL,15,127,2026-07-23T18:45:00+08:00
b794d008-7c65-4fa2-89f9-7c0c19cbed40,M-1548,SESS-20260723-9783-0413,RENTAL_ACCRUAL,12,459,2026-07-24T00:45:00+08:00
5f50cb56-b9eb-46f4-bf60-8d00c44a3594,M-1529,SESS-20260723-2428-0414,RENTAL_ACCRUAL,28,192,2026-07-23T17:00:00+08:00
e483d805-bec3-4751-bcfa-83e12adaeb52,M-1245,SESS-20260723-3850-0415,RENTAL_ACCRUAL,11,226,2026-07-24T00:45:00+08:00
55a18fec-628f-4942-8a6a-dd63c2ee0b95,M-1825,SESS-20260723-6452-0416,RENTAL_ACCRUAL,13,167,2026-07-23T23:25:00+08:00
31e2534a-f1de-4cc6-82ba-6a6b9dbf446b,M-1325,SESS-20260723-5371-0417,RENTAL_ACCRUAL,45,158,2026-07-24T02:25:00+08:00
1c6fdf73-8a9a-4ea5-a29f-c11be1de28a1,M-1685,SESS-20260723-4710-0418,RENTAL_ACCRUAL,40,179,2026-07-24T01:35:00+08:00
489754c9-9865-42b5-8538-3091c8787cbd,M-1009,SESS-20260723-3976-0419,RENTAL_REDEMPTION,-200,75,2026-07-23T21:25:00+08:00
1b010add-d233-4cf7-a3f0-d830270a7284,M-1009,SESS-20260723-3976-0419,RENTAL_ACCRUAL,15,90,2026-07-24T02:25:00+08:00
f394f84d-f989-48a3-a574-c05f39a9160b,M-2068,SESS-20260723-6020-0420,RENTAL_ACCRUAL,10,35,2026-07-23T23:35:00+08:00
cf490e3c-e6ed-43cd-acb0-c4eff1f3a911,M-1402,SESS-20260723-2931-0421,RENTAL_ACCRUAL,28,432,2026-07-24T04:40:00+08:00
040d7382-6d59-4b7c-9376-b5654c72e137,M-1550,SESS-20260723-8874-0422,RENTAL_ACCRUAL,27,144,2026-07-24T01:50:00+08:00
4f4dea80-8b02-48a5-91c3-c369722437b4,M-1062,SESS-20260723-5004-0423,RENTAL_ACCRUAL,18,350,2026-07-23T23:00:00+08:00
f506fb90-e353-462e-b0be-dbc0dc40eda7,M-1342,SESS-20260723-1153-0424,RENTAL_REDEMPTION,-100,83,2026-07-23T20:45:00+08:00
acbc62e0-1871-4835-b303-622a9ccf8c9c,M-1342,SESS-20260723-1153-0424,RENTAL_ACCRUAL,21,104,2026-07-24T01:45:00+08:00
9ac73895-fb6a-40eb-810f-74d4ef019755,M-1638,SESS-20260723-3032-0425,RENTAL_ACCRUAL,40,504,2026-07-24T02:40:00+08:00
eafc5eaa-7d25-40bf-aeb1-8f2c4e4eb5eb,M-1824,SESS-20260723-9676-0426,RENTAL_ACCRUAL,16,170,2026-07-24T02:10:00+08:00
4317b316-dca9-44ba-a899-325822244fab,M-1343,SESS-20260723-7431-0427,RENTAL_ACCRUAL,5,221,2026-07-23T19:30:00+08:00
efd48ec0-b62a-4361-84a9-10de6b152029,M-1785,SESS-20260723-1467-0428,RENTAL_ACCRUAL,27,295,2026-07-23T19:55:00+08:00
2cf61082-fbd0-4cef-89a4-d508aa2dbde4,M-1697,SESS-20260723-7309-0429,RENTAL_ACCRUAL,11,464,2026-07-23T21:35:00+08:00
607215fc-6df4-452e-8055-b42625d97308,M-1639,SESS-20260723-2823-0430,RENTAL_ACCRUAL,16,291,2026-07-23T22:30:00+08:00
98444291-85b5-4df3-a142-52eb61556ce9,M-1505,SESS-20260723-2765-0431,RENTAL_ACCRUAL,9,76,2026-07-24T00:30:00+08:00
0546dcb6-f0ac-4147-bac4-f14217d09227,M-1139,SESS-20260723-9120-0432,RENTAL_REDEMPTION,-200,242,2026-07-23T21:10:00+08:00
26be2266-95c7-4c89-b281-ead012083973,M-1139,SESS-20260723-9120-0432,RENTAL_ACCRUAL,1,243,2026-07-23T22:10:00+08:00
6d616c61-e627-461f-8961-17fb41a0b413,M-1426,SESS-20260723-2362-0433,RENTAL_REDEMPTION,-100,936,2026-07-23T20:45:00+08:00
5a4200bd-1f00-4c02-a7b4-21eebd34bdcb,M-1426,SESS-20260723-2362-0433,RENTAL_ACCRUAL,5,941,2026-07-23T22:45:00+08:00
9693d046-be19-4865-9a4a-7fcabeabb098,M-1799,SESS-20260723-1464-0434,RENTAL_REDEMPTION,-200,97,2026-07-23T18:20:00+08:00
fafa3507-5808-4cd5-aaf0-196f291050f6,M-1799,SESS-20260723-1464-0434,RENTAL_ACCRUAL,59,156,2026-07-24T02:20:00+08:00
85502769-9c49-4d87-8255-60babe8d5e11,M-1527,SESS-20260723-6971-0435,RENTAL_ACCRUAL,5,537,2026-07-23T23:15:00+08:00
87e0f427-0157-4472-867e-5e0ba5b2e7f9,M-1531,SESS-20260723-1512-0436,RENTAL_ACCRUAL,24,231,2026-07-24T00:20:00+08:00
b6d8d192-f49a-47f8-acc1-3ac4168ce286,M-2146,SESS-20260723-6338-0437,RENTAL_ACCRUAL,10,213,2026-07-23T21:45:00+08:00
eac7ed14-6354-4fba-893f-7f162a81d986,M-1997,SESS-20260723-1047-0438,RENTAL_ACCRUAL,10,52,2026-07-24T00:40:00+08:00
7dafb297-3d97-46dc-9be4-8a5cc9232be2,M-1687,SESS-20260723-8384-0439,RENTAL_ACCRUAL,11,473,2026-07-24T00:55:00+08:00
8958fda3-e010-4aeb-84bf-ec19ca86057f,M-1483,SESS-20260723-9832-0440,RENTAL_ACCRUAL,40,346,2026-07-23T21:35:00+08:00
b3e61791-478a-4a21-8e38-ce0a3542969a,M-1422,SESS-20260723-2681-0441,RENTAL_ACCRUAL,28,188,2026-07-24T00:40:00+08:00
9b249e2d-109a-4c49-ae9e-0a2c036a5fdb,M-1721,SESS-20260723-5936-0442,RENTAL_ACCRUAL,5,164,2026-07-24T00:20:00+08:00
2f53ed74-4068-41d3-8fe9-5ed6025484cd,M-1738,SESS-20260723-6217-0443,RENTAL_REDEMPTION,-300,97,2026-07-23T23:05:00+08:00
135fb4ec-2b20-4f6e-a66d-c8e63ad11a9b,M-1738,SESS-20260723-6217-0443,RENTAL_ACCRUAL,26,123,2026-07-24T04:05:00+08:00
a2fe4da8-4729-4cef-afe2-e4a7efb11f16,M-1190,SESS-20260723-1691-0444,RENTAL_ACCRUAL,11,140,2026-07-23T20:50:00+08:00
e1a640be-0062-47d4-912b-a2f218c38f08,M-1664,SESS-20260723-9971-0445,RENTAL_ACCRUAL,43,2474,2026-07-24T02:45:00+08:00
8e80790c-9687-4e7e-a1cd-5494c6893387,M-1944,SESS-20260723-5952-0446,RENTAL_ACCRUAL,45,338,2026-07-24T05:50:00+08:00
4799fdac-a347-411d-a07f-0bbe2f80b08d,M-1420,SESS-20260723-2175-0447,RENTAL_REDEMPTION,-100,586,2026-07-23T23:15:00+08:00
9ec40cc5-a7c5-4f3c-a0a4-27695312c966,M-1420,SESS-20260723-2175-0447,RENTAL_ACCRUAL,11,597,2026-07-24T01:15:00+08:00
2be9eddb-44d6-4a44-8938-1b3e4ed4e71b,M-1423,SESS-20260723-9304-0448,RENTAL_ACCRUAL,5,332,2026-07-23T21:15:00+08:00
7bd2a968-9fe0-4c31-8db3-81e8fabf49a3,M-1713,SESS-20260723-8053-0449,RENTAL_REDEMPTION,-100,248,2026-07-23T21:45:00+08:00
94b831f8-3c6f-46ab-af02-7201428b047d,M-1713,SESS-20260723-8053-0449,RENTAL_ACCRUAL,5,253,2026-07-23T23:45:00+08:00
9a28024f-7c11-4848-a52a-e8fa3f1aa180,M-1806,SESS-20260723-3135-0450,RENTAL_REDEMPTION,-100,28,2026-07-23T21:50:00+08:00
c5532e9f-30ab-435c-9830-b06f09486de4,M-1806,SESS-20260723-3135-0450,RENTAL_ACCRUAL,5,33,2026-07-23T23:50:00+08:00
c7bd9bf1-f4c9-429b-8eb8-c02a4b2ffe0d,M-1802,SESS-20260723-8054-0451,RENTAL_ACCRUAL,18,228,2026-07-24T01:05:00+08:00
d1ce45ea-4e05-4512-91f1-bb03f9ea5619,M-1683,SESS-20260723-9956-0452,RENTAL_REDEMPTION,-100,776,2026-07-23T23:55:00+08:00
57df6b47-b870-4d22-8d2e-49a60afda89e,M-1683,SESS-20260723-9956-0452,RENTAL_ACCRUAL,4,780,2026-07-24T01:55:00+08:00
29384077-0885-4a0e-8085-60a01801f176,M-1433,SESS-20260723-4034-0453,RENTAL_ACCRUAL,15,128,2026-07-24T00:05:00+08:00
5256cd7e-7d7a-44bb-858b-843ed56b90ef,M-1793,SESS-20260723-9567-0454,RENTAL_ACCRUAL,28,799,2026-07-23T22:00:00+08:00
ab41e6d9-d1bb-4c4e-8416-7b1d518f8b0e,M-1143,SESS-20260723-8180-0455,RENTAL_ACCRUAL,12,3481,2026-07-24T01:50:00+08:00
f4ac5084-e5cc-475a-9cb1-373054b082b6,M-1582,SESS-20260723-9414-0456,RENTAL_ACCRUAL,40,357,2026-07-24T01:00:00+08:00
edb4bff0-f5da-4c89-a043-4309a3e88748,M-1213,SESS-20260723-2547-0457,RENTAL_ACCRUAL,28,236,2026-07-24T03:15:00+08:00
52e59cfe-a5da-4d2d-9bff-622039ab334c,M-1157,SESS-20260723-2963-0458,RENTAL_ACCRUAL,5,170,2026-07-23T22:30:00+08:00
47f9fd8e-800f-49d4-9517-a65f84731336,M-1043,SESS-20260723-7956-0459,RENTAL_ACCRUAL,18,740,2026-07-24T01:45:00+08:00
205c1fe3-f94f-4152-9e4b-5f13731be957,M-2068,ORD-20260723-3852-0001,CONCESSION_ACCRUAL,9,44,2026-07-23T21:37:42+08:00
b36de2d8-9263-4712-8464-e14023e03bb4,M-1191,ORD-20260723-5899-0002,CONCESSION_ACCRUAL,8,334,2026-07-23T12:39:18+08:00
a615e48c-a40f-438e-9c1a-52c37bfc038f,M-1925,ORD-20260723-8395-0003,CONCESSION_ACCRUAL,9,258,2026-07-23T14:57:28+08:00
f741ef59-f4fe-4b6d-97c6-75906b16200b,M-2074,ORD-20260723-4778-0004,CONCESSION_ACCRUAL,13,149,2026-07-23T02:35:59+08:00
41fb2b81-e9d4-4db8-a7c4-36a937aceb1a,M-1995,ORD-20260723-6138-0005,CONCESSION_ACCRUAL,25,107,2026-07-23T23:59:42+08:00
d2e5b65f-864b-4b6a-95d8-6a24bdd312fc,M-1997,ORD-20260723-3511-0006,CONCESSION_ACCRUAL,3,55,2026-07-23T22:57:41+08:00
2ae8ea3a-b4f1-4152-919c-7b3561d03e96,M-2193,ORD-20260723-5159-0007,CONCESSION_ACCRUAL,13,79,2026-07-23T21:35:26+08:00
776cad0f-d324-4881-b12a-b6f74505a213,M-1091,ORD-20260723-9625-0008,CONCESSION_ACCRUAL,6,24,2026-07-23T19:52:23+08:00
066e4d62-4826-4f16-ac01-e8b2135ee223,M-1466,ORD-20260724-6512-0009,CONCESSION_ACCRUAL,11,3482,2026-07-24T01:23:21+08:00
46f0a962-c85d-4e85-ac5c-b18b4ec338c0,M-2020,ORD-20260723-9147-0010,CONCESSION_ACCRUAL,21,98,2026-07-23T17:39:53+08:00
d74e668b-38d3-400e-a0b4-666b8a0f6116,M-1027,ORD-20260723-5503-0011,CONCESSION_ACCRUAL,20,361,2026-07-23T23:45:31+08:00
c0821a8e-4355-4f3e-ad9b-37023b404117,M-1386,ORD-20260723-1303-0012,CONCESSION_ACCRUAL,25,299,2026-07-23T12:43:45+08:00
5a9a32d1-6998-4fff-af0b-2911e0c58c9e,M-1623,ORD-20260723-6451-0013,CONCESSION_ACCRUAL,33,92,2026-07-23T23:15:09+08:00
f3c79b08-16ef-4645-8255-37c42f022257,M-1241,ORD-20260723-7857-0014,CONCESSION_ACCRUAL,30,293,2026-07-23T17:24:17+08:00
dd88cf6d-4db4-40e6-aee7-a0d214c110e2,M-1499,ORD-20260723-7272-0015,CONCESSION_ACCRUAL,7,260,2026-07-23T08:08:45+08:00
426dc8d0-dd98-492a-870d-e062ccd155dd,M-2163,ORD-20260724-8117-0016,CONCESSION_ACCRUAL,16,42,2026-07-24T01:02:44+08:00
485f6634-b9f4-4623-ae7a-32408c07d37e,M-1236,ORD-20260723-2927-0017,CONCESSION_ACCRUAL,41,447,2026-07-23T08:09:50+08:00
62680f1b-023f-4d56-a2e7-004192d97569,M-1569,ORD-20260724-2785-0018,CONCESSION_ACCRUAL,22,276,2026-07-24T01:25:29+08:00
b57f79eb-0fba-4c4f-8c8f-c050a41ac3f8,M-1697,ORD-20260723-6255-0019,CONCESSION_ACCRUAL,45,509,2026-07-23T21:01:53+08:00
45729155-2668-4bc8-a280-ceb99bf1a039,M-1086,ORD-20260723-5304-0020,CONCESSION_ACCRUAL,3,322,2026-07-23T03:36:55+08:00
05a1e033-f6af-4727-8aac-74994797a5e7,M-1680,ORD-20260723-6018-0021,CONCESSION_ACCRUAL,27,277,2026-07-23T10:04:38+08:00
95d87afe-ad69-4870-b687-c20f0fa7374a,M-1912,ORD-20260723-8790-0022,CONCESSION_ACCRUAL,27,161,2026-07-23T15:35:27+08:00
5074aa7e-ff67-4dac-9dd9-ff596a6a0184,M-1632,ORD-20260723-6364-0023,CONCESSION_ACCRUAL,22,1242,2026-07-23T23:23:31+08:00
3e3ac2a2-f79e-4e52-9de0-7229d26b3cd7,M-1718,ORD-20260723-8010-0024,CONCESSION_ACCRUAL,27,1339,2026-07-23T18:58:57+08:00
50c51025-2f72-445c-8032-9dd80b023ee9,M-1737,ORD-20260723-9445-0025,CONCESSION_ACCRUAL,8,37,2026-07-23T16:09:55+08:00
93e50ced-1df7-4eae-91ca-90f3ca02d556,M-1208,ORD-20260723-2185-0026,CONCESSION_ACCRUAL,9,3231,2026-07-23T17:39:56+08:00
e8eecf0f-479f-43bb-b0a4-61b14d19d1f3,M-1400,ORD-20260723-9175-0027,CONCESSION_ACCRUAL,11,104,2026-07-23T22:21:55+08:00
368dcc72-6270-4cdd-88b5-538f95757cff,M-1930,ORD-20260723-4922-0028,CONCESSION_ACCRUAL,19,222,2026-07-23T23:05:58+08:00
99d636b5-6274-48ff-aa74-1cd90beda4a8,M-1012,ORD-20260723-4700-0029,CONCESSION_ACCRUAL,17,327,2026-07-23T11:46:37+08:00
25914c8c-d94a-4f4e-88d4-e6d329d38e27,M-1753,ORD-20260724-4683-0030,CONCESSION_ACCRUAL,17,368,2026-07-24T00:18:22+08:00
b4c39d69-3351-4910-8ffc-2bac733fa4f9,M-1045,ORD-20260723-8662-0031,CONCESSION_ACCRUAL,22,118,2026-07-23T20:22:49+08:00
767810fc-abd4-41a2-98f2-b419b39cdf80,M-1780,ORD-20260723-3059-0032,CONCESSION_ACCRUAL,15,147,2026-07-23T21:27:06+08:00
431f501d-faac-49fa-b039-49a19785de06,M-1381,ORD-20260724-4444-0033,CONCESSION_ACCRUAL,11,286,2026-07-24T00:08:42+08:00
ad183bcb-47f8-4ee1-ab05-5e9170c56d7c,M-1339,ORD-20260723-1121-0034,CONCESSION_ACCRUAL,11,312,2026-07-23T15:44:29+08:00
65dc6d40-f3a5-469e-bf73-5134da97b73e,M-1065,ORD-20260724-8687-0035,CONCESSION_ACCRUAL,15,626,2026-07-24T00:13:04+08:00
d6bfa13e-acfe-4efb-bb27-80db9a8059ab,M-1603,ORD-20260724-4801-0036,CONCESSION_ACCRUAL,29,187,2026-07-24T00:12:10+08:00
ef6e2875-0439-4311-ab91-1948fc1fbd2b,M-1696,ORD-20260723-3274-0037,CONCESSION_ACCRUAL,16,988,2026-07-23T23:32:16+08:00
3a1704cb-df48-48b9-9c3a-e15079238369,M-1934,ORD-20260723-4624-0038,CONCESSION_ACCRUAL,9,145,2026-07-23T22:03:02+08:00
44236811-fe20-4307-bb3b-1fd5e367dcf4,M-1321,ORD-20260723-1051-0039,CONCESSION_ACCRUAL,11,195,2026-07-23T13:46:49+08:00
4edaa1ac-32e6-4e4a-8dc8-676fdc3f72bd,M-1069,ORD-20260723-1145-0040,CONCESSION_ACCRUAL,10,155,2026-07-23T23:57:17+08:00
48802118-b5f9-4f65-ae37-f8d68824ccdb,M-2065,ORD-20260724-4052-0041,CONCESSION_ACCRUAL,24,66,2026-07-24T00:26:16+08:00
8f3a6ed0-9659-4c01-a440-379d0738ddcd,M-1450,ORD-20260723-1699-0042,CONCESSION_ACCRUAL,15,141,2026-07-23T16:25:59+08:00
3f3a51fe-7e0f-4cb1-af19-fa4939443da0,M-1968,ORD-20260723-7938-0043,CONCESSION_ACCRUAL,15,237,2026-07-23T17:45:46+08:00
ef029109-7491-4638-810c-f4b9a18c5ff4,M-1799,ORD-20260724-7698-0044,CONCESSION_ACCRUAL,17,173,2026-07-24T01:10:55+08:00
9dfc5efa-c8a2-47e1-93bc-777c6029e9b0,M-1837,ORD-20260724-6944-0045,CONCESSION_ACCRUAL,8,223,2026-07-24T00:21:01+08:00
f565cdc3-e510-40b6-9358-7f0142af2e0e,M-1760,ORD-20260723-1431-0046,CONCESSION_ACCRUAL,16,268,2026-07-23T16:32:50+08:00
b833b7ad-425d-48fe-8ef6-36f15c03a623,M-1438,ORD-20260723-6620-0047,CONCESSION_ACCRUAL,18,2622,2026-07-23T22:54:03+08:00
a69cc42a-a2f4-4dca-b8ad-16b3a8fd799b,M-1116,ORD-20260724-7340-0048,CONCESSION_ACCRUAL,10,189,2026-07-24T00:02:21+08:00
bc79a5e6-404f-4903-ae06-6c53484ac002,M-1641,ORD-20260723-6956-0049,CONCESSION_ACCRUAL,10,201,2026-07-23T15:24:42+08:00
526ebdd2-22cf-43a0-a031-5ab51e305c1b,M-1464,ORD-20260723-3764-0050,CONCESSION_ACCRUAL,11,130,2026-07-23T20:27:41+08:00
c62d25c1-3277-494c-90af-fe18747b4001,M-1429,ORD-20260723-2295-0051,CONCESSION_ACCRUAL,16,454,2026-07-23T23:38:03+08:00
42ac18a6-b045-41d6-9c78-1e86d0d4ec76,M-1115,ORD-20260723-9046-0052,CONCESSION_ACCRUAL,8,162,2026-07-23T21:45:30+08:00
feaef820-31df-4df2-8c7b-e9bced0fd1c7,M-1187,ORD-20260723-6667-0053,CONCESSION_ACCRUAL,18,334,2026-07-23T21:23:36+08:00
bd1e8830-8aed-4f3c-95b0-dae8b5052084,M-1427,ORD-20260724-7436-0054,CONCESSION_ACCRUAL,15,434,2026-07-24T00:38:13+08:00
36648119-d818-4d5e-9af1-6b89d134648f,M-1802,ORD-20260723-6710-0055,CONCESSION_ACCRUAL,26,254,2026-07-23T22:56:39+08:00
ff5454e7-3734-463c-9121-8f4b3d541cb0,M-1600,ORD-20260723-4418-0056,CONCESSION_ACCRUAL,26,128,2026-07-23T22:29:02+08:00
6b2548bb-3d94-48da-8e2a-587b1de2a6ad,M-1589,ORD-20260723-6260-0057,CONCESSION_ACCRUAL,15,97,2026-07-23T18:34:24+08:00
5e57c53c-b274-42c4-9843-cefe4647075a,M-1223,ORD-20260724-2332-0058,CONCESSION_ACCRUAL,3,138,2026-07-24T02:01:42+08:00
494def70-b077-402f-b510-72d13f414b1a,M-1234,ORD-20260724-9682-0059,CONCESSION_ACCRUAL,9,159,2026-07-24T00:37:38+08:00
a6c830d7-21a5-4ca1-a99e-c02cf724568b,M-1717,ORD-20260723-1075-0060,CONCESSION_ACCRUAL,10,381,2026-07-23T13:20:54+08:00
44e9c9cf-88fd-4487-b9ef-58dec738b28e,M-1573,ORD-20260723-8736-0061,CONCESSION_ACCRUAL,11,508,2026-07-23T17:52:33+08:00
419a2a94-dcb3-4448-9946-b47afb416fc5,M-1824,ORD-20260724-6941-0062,CONCESSION_ACCRUAL,8,178,2026-07-24T01:09:31+08:00
39322884-ff55-4562-bffe-ef038df97faa,M-1325,ORD-20260724-3757-0063,CONCESSION_ACCRUAL,3,161,2026-07-24T01:47:55+08:00
fb25c00e-8dbc-4a51-a0c4-7bcabf1ed17b,M-1395,ORD-20260723-7146-0064,CONCESSION_ACCRUAL,10,338,2026-07-23T13:30:45+08:00
8ce52ea3-6c16-4d96-a4d4-5fc1b2532281,M-1065,ORD-20260723-9592-0065,CONCESSION_ACCRUAL,10,636,2026-07-23T15:06:56+08:00
0bf64799-b9f5-4079-8891-c4454f49f4c6,M-1891,ORD-20260723-8154-0066,CONCESSION_ACCRUAL,15,55,2026-07-23T21:36:10+08:00
e799cb06-fc4d-4404-8527-9289f56cc78a,M-1343,ORD-20260723-5509-0067,CONCESSION_ACCRUAL,3,224,2026-07-23T18:32:01+08:00
13f6519c-cc8c-4410-9d87-9a1724183fae,M-1374,ORD-20260723-6804-0068,CONCESSION_ACCRUAL,16,385,2026-07-23T14:48:53+08:00
2e8c85ab-9e96-43bb-827a-802d4f4a6f4f,M-2142,ORD-20260723-2086-0069,CONCESSION_ACCRUAL,13,165,2026-07-23T17:09:57+08:00
a565d2c4-1c59-476d-8431-39fe6bf39534,M-1977,ORD-20260723-7601-0070,CONCESSION_ACCRUAL,16,242,2026-07-23T17:54:12+08:00
beaf1666-13b9-47a0-88b4-725249caf32f,M-1715,ORD-20260723-4300-0071,CONCESSION_ACCRUAL,11,216,2026-07-23T10:23:45+08:00
0440ccee-62d7-45c8-8205-3aaecd97f8b7,M-1454,ORD-20260724-2559-0072,CONCESSION_ACCRUAL,37,1339,2026-07-24T00:45:17+08:00
16476e17-612c-43bd-b5fb-09fd3d7ef8e1,M-1993,ORD-20260723-4023-0073,CONCESSION_ACCRUAL,21,126,2026-07-23T21:35:47+08:00
2f5a339e-b967-4f3b-9f5b-a62e50222f8d,M-1054,ORD-20260724-7350-0074,CONCESSION_ACCRUAL,25,374,2026-07-24T00:46:34+08:00
c18adce0-2588-4f29-a6c5-ce101ed77371,M-1430,ORD-20260723-5216-0075,CONCESSION_ACCRUAL,18,1513,2026-07-23T18:24:07+08:00
99040a24-78d3-4e0d-bc4f-f2af0a03f3b6,M-1808,ORD-20260723-3108-0076,CONCESSION_ACCRUAL,24,1807,2026-07-23T16:25:45+08:00
dc31e9f9-cf25-4bc0-995d-4e3f6b19e4bf,M-1403,ORD-20260723-1470-0077,CONCESSION_ACCRUAL,13,2440,2026-07-23T22:59:46+08:00
f9e36c3b-f1ab-4d2d-9d18-3f1c55d4d93a,M-2002,ORD-20260723-3152-0078,CONCESSION_ACCRUAL,8,123,2026-07-23T18:16:26+08:00
d19e2a3d-f756-4666-881d-1c304964f5a5,M-2038,ORD-20260723-6786-0079,CONCESSION_ACCRUAL,12,180,2026-07-23T13:57:24+08:00
1fa5f31a-5572-463c-8dbb-f92f154bdc33,M-1460,ORD-20260724-8972-0080,CONCESSION_ACCRUAL,8,314,2026-07-24T00:30:27+08:00
d7d19bc5-62df-4e02-a766-9077f0d8c42e,M-1164,ORD-20260724-5063-0081,CONCESSION_ACCRUAL,13,99,2026-07-24T00:21:35+08:00
23642946-92e2-44a3-9136-aa9508348518,M-1957,ORD-20260724-3580-0082,CONCESSION_ACCRUAL,31,156,2026-07-24T00:50:41+08:00
f878d16d-58eb-4fbb-9eb2-894bef71775a,M-1099,ORD-20260723-1860-0083,CONCESSION_ACCRUAL,15,335,2026-07-23T10:32:26+08:00
6ba4a3ce-47cb-4e13-9647-0a743f485aa4,M-1354,ORD-20260723-5610-0084,CONCESSION_ACCRUAL,3,373,2026-07-23T06:48:54+08:00
71fa7a26-dc3e-4f99-a714-4d7878ea87a5,M-1575,ORD-20260723-1125-0085,CONCESSION_ACCRUAL,11,316,2026-07-23T18:39:45+08:00
c657a471-78c5-4c79-afb4-442f09fe238f,M-1291,ORD-20260723-4584-0086,CONCESSION_ACCRUAL,31,199,2026-07-23T10:39:34+08:00
db73b39f-ab36-4cc6-9080-4975386ea862,M-1384,ORD-20260723-3779-0087,CONCESSION_ACCRUAL,27,1243,2026-07-23T17:28:33+08:00
a4f7c219-5700-491c-9c28-985db9dfb556,M-1166,ORD-20260723-5133-0088,CONCESSION_ACCRUAL,11,237,2026-07-23T20:42:51+08:00
b16c3b2c-b890-4771-986c-121a6ec32554,M-1113,ORD-20260724-7397-0089,CONCESSION_ACCRUAL,16,386,2026-07-24T00:49:38+08:00
1523c09c-b3ce-45de-88af-4c182cf2f795,M-1812,ORD-20260724-9450-0090,CONCESSION_ACCRUAL,6,318,2026-07-24T00:38:45+08:00
cad33cfc-7cf6-410e-a375-e15ba1e525b3,M-1685,ORD-20260723-3372-0091,CONCESSION_ACCRUAL,8,187,2026-07-23T23:04:31+08:00
bf5c49e5-941c-4621-af0d-94ed6500615f,M-1802,ORD-20260724-7242-0092,CONCESSION_ACCRUAL,20,274,2026-07-24T00:34:37+08:00
2db391d0-db02-453a-9ce0-3c663a4bfc68,M-1625,ORD-20260723-1178-0093,CONCESSION_ACCRUAL,13,2485,2026-07-23T12:02:33+08:00
0db0d724-5ad7-46fe-9a38-887a214c0b8d,M-2018,ORD-20260723-2100-0094,CONCESSION_ACCRUAL,18,167,2026-07-23T16:52:24+08:00
8ef06cc6-2f7e-4bd4-b6cd-fbe3a557eb9d,M-1530,ORD-20260723-7130-0095,CONCESSION_ACCRUAL,23,433,2026-07-23T18:49:20+08:00
775a8a4b-a954-40a4-8849-ba1284d12347,M-1882,ORD-20260723-4593-0096,CONCESSION_ACCRUAL,12,53,2026-07-23T17:36:22+08:00
ce8b56f0-e0a9-4e17-8f04-2a8e3ad99171,M-1882,TIER_UPGRADE_Standard_TO_Silver,TIER_BONUS,50,103,2026-07-23T17:36:22+08:00
da25138a-7128-4930-be8e-739cc5c5eca6,M-1098,ORD-20260724-4981-0097,CONCESSION_ACCRUAL,14,820,2026-07-24T00:08:19+08:00
f65cb24d-ddb5-4c77-b64c-3b64b9eff80b,M-1708,ORD-20260723-1194-0098,CONCESSION_ACCRUAL,11,226,2026-07-23T13:59:19+08:00
672c3471-a280-4a9a-8ecb-955bd0b10943,M-1646,ORD-20260723-9493-0099,CONCESSION_ACCRUAL,3,104,2026-07-23T16:21:01+08:00
ad0938d4-f1c7-47c4-8566-72e1236d8678,M-1785,ORD-20260723-5329-0100,CONCESSION_ACCRUAL,8,303,2026-07-23T18:34:00+08:00
a75b13e5-fae2-4182-98a2-3768662eee3e,M-1005,ORD-20260723-3837-0101,CONCESSION_ACCRUAL,8,188,2026-07-23T21:48:48+08:00
58bfd5f9-b77b-4279-a2e7-d98b43aa33c7,M-1320,ORD-20260723-3392-0102,CONCESSION_ACCRUAL,3,832,2026-07-23T20:42:49+08:00
57313261-c7c5-4a0d-a7b5-b2f6290287dc,M-1959,ORD-20260724-3418-0103,CONCESSION_ACCRUAL,8,400,2026-07-24T00:06:06+08:00
53ce4b75-d638-40fc-b2b3-136e21a41e0d,M-1282,ORD-20260723-3463-0104,CONCESSION_ACCRUAL,33,190,2026-07-23T19:54:56+08:00
6b20383d-fc78-43a9-a32b-3e9d87b7fb3c,M-1827,ORD-20260723-7640-0105,CONCESSION_ACCRUAL,21,195,2026-07-23T20:19:07+08:00
521053ad-1459-4d2b-acf6-90504ad030fd,M-1979,ORD-20260724-3543-0106,CONCESSION_ACCRUAL,12,114,2026-07-24T00:06:24+08:00
70b49348-01f0-4e77-b157-c23fb9128e7f,M-1361,ORD-20260723-7462-0107,CONCESSION_ACCRUAL,43,326,2026-07-23T19:09:55+08:00
fc9ff3d6-7d1f-4cf6-a767-250026a42fe4,M-1402,ORD-20260724-5477-0108,CONCESSION_ACCRUAL,28,460,2026-07-24T03:30:18+08:00
81fd7d30-3d94-466d-9f7c-4fd75321effa,M-1053,ORD-20260723-5925-0109,CONCESSION_ACCRUAL,25,350,2026-07-23T16:57:47+08:00
e782d7a0-8c3f-4247-8a32-51d8f3b1a490,M-1267,ORD-20260723-8450-0110,CONCESSION_ACCRUAL,27,94,2026-07-23T21:05:30+08:00
9784243b-5b56-4e6a-bc39-c4a987dc4c0c,M-1249,ORD-20260723-5267-0111,CONCESSION_ACCRUAL,8,90,2026-07-23T21:07:40+08:00
5c9bc453-8d64-48a8-a375-7d5194bad0f1,M-1804,ORD-20260723-7762-0112,CONCESSION_ACCRUAL,11,195,2026-07-23T17:42:04+08:00
49e82d5b-7d4e-48d8-83fb-63815e98e0ed,M-1134,ORD-20260724-2765-0113,CONCESSION_ACCRUAL,16,292,2026-07-24T00:39:59+08:00
a8f0cf22-4ae7-4ddf-8c52-b269781a57d4,M-1777,ORD-20260723-4496-0114,CONCESSION_ACCRUAL,13,295,2026-07-23T22:17:31+08:00
71bc2e52-524a-4a41-bf07-90ec63b0f83c,M-1679,ORD-20260723-7738-0115,CONCESSION_ACCRUAL,26,483,2026-07-23T20:57:35+08:00
454804b0-d825-4d27-9270-dc2db04208b0,M-1183,ORD-20260723-9217-0116,CONCESSION_ACCRUAL,8,57,2026-07-23T21:49:24+08:00
1b407ff9-3cca-4574-bcc9-45ee5642cf5e,M-1162,ORD-20260724-9911-0117,CONCESSION_ACCRUAL,15,148,2026-07-24T01:41:23+08:00
4cada69c-3d72-48ba-98d8-e44f99fe00a5,M-1544,ORD-20260723-1676-0118,CONCESSION_ACCRUAL,15,222,2026-07-23T18:24:00+08:00
bcd5e14d-b681-4b94-865d-89b00840fd06,M-1014,ORD-20260724-2449-0119,CONCESSION_ACCRUAL,7,743,2026-07-24T00:46:43+08:00
d9593b5a-c32a-4fa5-8a50-a9fccab164da,M-1473,ORD-20260723-3560-0120,CONCESSION_ACCRUAL,11,138,2026-07-23T21:20:41+08:00
61b07a18-1a0c-4d60-b882-44022ca8145c,M-1164,ORD-20260723-8567-0121,CONCESSION_ACCRUAL,7,106,2026-07-23T22:37:10+08:00
28a72ab9-04f8-4e64-b91f-7f7fd2407024,M-1965,ORD-20260723-7574-0122,CONCESSION_ACCRUAL,6,141,2026-07-23T21:44:06+08:00
5af0c6ce-069c-4917-9b76-d3c59d9706b3,M-1195,ORD-20260723-8920-0123,CONCESSION_ACCRUAL,8,291,2026-07-23T22:56:56+08:00
32936b0a-1d8e-49b9-9cb8-a94c7672bf6d,M-1167,ORD-20260723-8983-0124,CONCESSION_ACCRUAL,11,196,2026-07-23T17:42:35+08:00
311828ea-b723-4e17-9de7-2170b04962c8,M-1695,ORD-20260723-3942-0125,CONCESSION_ACCRUAL,7,45,2026-07-23T20:01:29+08:00
f1162060-1d48-4349-adc1-5fb796f85718,M-1562,ORD-20260723-1026-0126,CONCESSION_ACCRUAL,11,904,2026-07-23T21:48:52+08:00
1742f4b0-ba48-4c8e-852a-33916db67125,M-1533,ORD-20260724-7495-0127,CONCESSION_ACCRUAL,30,686,2026-07-24T00:01:56+08:00
21f95f45-a985-4a73-83c0-0507294d58a5,M-1722,ORD-20260723-2288-0128,CONCESSION_ACCRUAL,18,563,2026-07-23T20:35:53+08:00
a4ef10dd-dcb9-4f7c-92a2-81af7eb22357,M-1591,ORD-20260723-8457-0129,CONCESSION_ACCRUAL,12,1801,2026-07-23T19:48:08+08:00
43352f88-dc1c-4344-ae6d-150843156b31,M-1225,ORD-20260723-8208-0130,CONCESSION_ACCRUAL,8,61,2026-07-23T21:22:25+08:00
53da13d3-c4f5-46dc-9930-4b03604d525f,M-1329,ORD-20260723-7006-0131,CONCESSION_ACCRUAL,7,440,2026-07-23T20:45:09+08:00
d2f11b52-2b32-43d8-a74c-6df74f4acebd,M-1928,ORD-20260723-8335-0132,CONCESSION_ACCRUAL,12,139,2026-07-23T21:26:46+08:00
911762cd-6ffb-426f-83d1-005f1a85254b,M-1725,ORD-20260724-1462-0133,CONCESSION_ACCRUAL,38,467,2026-07-24T01:13:37+08:00
19fca037-4897-4018-90d5-7b79a76cfcc2,M-1682,ORD-20260723-2566-0134,CONCESSION_ACCRUAL,47,578,2026-07-23T17:03:03+08:00
91d60502-9e99-4d63-b40d-e6b8426b8776,M-1578,ORD-20260723-3419-0135,CONCESSION_ACCRUAL,32,72,2026-07-23T20:01:25+08:00
795edf6e-7cac-40c4-bd21-6efe77b2b8bd,M-1667,ORD-20260723-2176-0136,CONCESSION_ACCRUAL,8,566,2026-07-23T19:18:39+08:00
f960b197-d395-4e77-8230-3030dbc2ad15,M-2000,ORD-20260723-9575-0137,CONCESSION_ACCRUAL,8,328,2026-07-23T23:33:06+08:00
8b025d18-6c11-4304-9d8f-389b5aa35d1d,M-1581,ORD-20260723-5990-0138,CONCESSION_ACCRUAL,11,170,2026-07-23T15:04:08+08:00
713377d4-e143-4f2f-9e64-59dd8b5d149a,M-2175,ORD-20260723-1363-0139,CONCESSION_ACCRUAL,19,87,2026-07-23T22:55:21+08:00
087870ca-a6cf-4b30-883d-628a3cce3788,M-1213,ORD-20260724-8624-0140,CONCESSION_ACCRUAL,8,244,2026-07-24T00:27:26+08:00
3bea4df7-0211-492c-9e44-d661d8a54f54,M-1350,ORD-20260723-2165-0141,CONCESSION_ACCRUAL,14,493,2026-07-23T17:40:03+08:00
6025696a-ef96-4d31-9bbe-de118a24b37a,M-1058,ORD-20260723-9254-0142,CONCESSION_ACCRUAL,22,175,2026-07-23T22:42:30+08:00
ce62e11e-3a0c-4a4d-bbce-077e30dbe77b,M-1283,ORD-20260724-4184-0143,CONCESSION_ACCRUAL,8,113,2026-07-24T01:10:12+08:00
c9102008-f273-4f1a-a87c-dca637ce3b30,M-1995,ORD-20260723-3913-0144,CONCESSION_ACCRUAL,20,127,2026-07-23T17:13:10+08:00
287560b8-828a-42d2-b7b4-79737ffad9bc,M-1482,ORD-20260724-3243-0145,CONCESSION_ACCRUAL,51,126,2026-07-24T00:18:19+08:00
f59d4922-8665-4a15-9e65-8b040c94e091,M-1787,ORD-20260723-1248-0146,CONCESSION_ACCRUAL,19,344,2026-07-23T20:32:17+08:00
4385f9d3-caeb-43e1-b056-87b755f49461,M-2159,ORD-20260723-1346-0147,CONCESSION_ACCRUAL,3,439,2026-07-23T19:25:42+08:00
0d3004c5-8368-4856-a133-956ff3517d45,M-1159,ORD-20260723-1189-0148,CONCESSION_ACCRUAL,40,153,2026-07-23T22:54:53+08:00
45bc7c37-5933-400a-851f-830b49d20b41,M-1019,ORD-20260723-1657-0149,CONCESSION_ACCRUAL,22,503,2026-07-23T20:54:08+08:00
55d61497-7050-4adc-ae67-cd61b90954cf,M-1555,ORD-20260723-4174-0150,CONCESSION_ACCRUAL,3,260,2026-07-23T20:58:22+08:00
f52cde9d-c251-46e0-b871-b281201ae6b3,M-1555,ORD-20260723-1994-0151,CONCESSION_ACCRUAL,3,263,2026-07-23T23:43:33+08:00
68320672-a2c1-408a-8247-6f2572965400,M-1010,ORD-20260723-5547-0152,CONCESSION_ACCRUAL,3,136,2026-07-23T17:42:16+08:00
95a6196e-34fd-46d3-a36e-7bbfd2a71df8,M-1010,TIER_UPGRADE_Standard_TO_Silver,TIER_BONUS,50,186,2026-07-23T17:42:16+08:00
4fc17268-0f54-4bc5-8342-09e98d28093d,M-1944,ORD-20260724-1006-0153,CONCESSION_ACCRUAL,33,371,2026-07-24T01:40:06+08:00
f0f0d861-31e0-4aee-aa83-748d20afacab,M-1292,ORD-20260724-7944-0154,CONCESSION_ACCRUAL,31,295,2026-07-24T00:06:37+08:00
8135b93b-ed13-4c41-aab7-e5649654fd6b,M-1273,ORD-20260723-7790-0155,CONCESSION_ACCRUAL,15,838,2026-07-23T20:46:09+08:00
e4ec20c1-90e3-46bc-b25c-1718b51e0a65,M-1593,ORD-20260724-4836-0156,CONCESSION_ACCRUAL,8,125,2026-07-24T00:14:44+08:00
10d05f29-6d0b-46ef-913c-cb4701831c9f,M-1737,ORD-20260723-3886-0157,CONCESSION_ACCRUAL,3,40,2026-07-23T07:12:35+08:00
6fc41b9c-030b-4ebf-83cc-b2eed5830174,M-1411,ORD-20260723-4980-0158,CONCESSION_ACCRUAL,10,604,2026-07-23T22:23:28+08:00
ebc57782-a83e-4d71-8385-bffca7b7685c,M-1492,ORD-20260723-6526-0159,CONCESSION_ACCRUAL,18,395,2026-07-23T20:59:09+08:00
29e23405-6bf2-4f68-bd6e-38238cc0ba84,M-1704,ORD-20260723-6403-0160,CONCESSION_ACCRUAL,25,207,2026-07-23T06:53:10+08:00
e113e1ef-84d1-4ae6-9f5c-6c3a11f20b09,M-1820,ORD-20260724-4863-0161,CONCESSION_ACCRUAL,8,354,2026-07-24T02:30:21+08:00
457dd36a-f796-478f-b620-319f2c57bc36,M-1711,ORD-20260723-7947-0162,CONCESSION_ACCRUAL,53,210,2026-07-23T18:18:54+08:00
ffff9977-323c-4fac-9cfa-a0aa7ae6b8b8,M-1459,ORD-20260724-2565-0163,CONCESSION_ACCRUAL,23,160,2026-07-24T01:09:58+08:00
663d0424-139c-4340-8f60-2518259dedb2,M-2092,ORD-20260724-1562-0164,CONCESSION_ACCRUAL,19,216,2026-07-24T00:24:15+08:00
81b34d28-b062-4ef1-a82f-b3575d92fd2a,M-1142,ORD-20260723-5660-0165,CONCESSION_ACCRUAL,9,464,2026-07-23T20:16:48+08:00
104387a3-e7b5-4a80-8f6f-1d0b27126b2e,M-1936,ORD-20260723-8878-0166,CONCESSION_ACCRUAL,21,161,2026-07-23T23:39:01+08:00
6dba0db9-3e89-4933-8f65-5c4be7c3efd8,M-1103,ORD-20260723-8882-0167,CONCESSION_ACCRUAL,11,141,2026-07-23T22:06:58+08:00
000531bb-635f-4233-a7a8-b3abfacd3969,M-2143,ORD-20260723-6068-0168,CONCESSION_ACCRUAL,8,190,2026-07-23T21:38:38+08:00
65592e3b-59b8-4336-bea7-2154ac9bf7bf,M-1021,ORD-20260723-7618-0169,CONCESSION_ACCRUAL,19,1001,2026-07-23T19:46:56+08:00
a36bf8a8-a184-4b74-9a5a-891355a6204e,M-1489,ORD-20260723-1879-0170,CONCESSION_ACCRUAL,28,515,2026-07-23T21:17:12+08:00
62288c06-380f-4be5-88de-d7531d265f72,M-1189,ORD-20260723-3652-0171,CONCESSION_ACCRUAL,21,117,2026-07-23T16:18:34+08:00
6f613d26-d800-4ab0-b1ad-e61ff457d336,M-1772,ORD-20260724-1400-0172,CONCESSION_ACCRUAL,14,182,2026-07-24T00:15:06+08:00
449483e8-9f25-40bb-b410-61d0903f5381,M-1776,ORD-20260723-6246-0173,CONCESSION_ACCRUAL,3,182,2026-07-23T23:25:55+08:00
cf577584-4985-4826-bcc2-f59dcce00535,M-1043,ORD-20260724-3923-0174,CONCESSION_ACCRUAL,32,772,2026-07-24T00:54:53+08:00
25218fab-61cb-4192-a781-2fa8bd3f622c,M-1279,ORD-20260723-6657-0175,CONCESSION_ACCRUAL,30,167,2026-07-23T23:31:11+08:00
af8cb766-0527-43eb-8798-54678d43dc9e,M-1095,ORD-20260723-5998-0176,CONCESSION_ACCRUAL,15,133,2026-07-23T21:54:38+08:00
242990ac-02fa-4302-b213-7d3be58f9433,M-2062,ORD-20260723-4244-0177,CONCESSION_ACCRUAL,9,91,2026-07-23T20:02:34+08:00
90a9e17c-4904-47bf-8215-db11ac84e317,M-1407,ORD-20260723-5722-0178,CONCESSION_ACCRUAL,12,291,2026-07-23T21:26:25+08:00
848cd0dc-71df-4aee-8c3a-9622cb9d4ade,M-1407,TIER_UPGRADE_Standard_TO_Silver,TIER_BONUS,50,341,2026-07-23T21:26:25+08:00
0c2a7697-27ca-429f-9e06-a2a1e495a1d2,M-1807,ORD-20260723-3327-0179,CONCESSION_ACCRUAL,10,203,2026-07-23T21:55:35+08:00
fa93325f-238d-4a87-8243-c7696ea3f026,M-1523,ORD-20260723-6083-0180,CONCESSION_ACCRUAL,9,112,2026-07-23T15:06:22+08:00
85d991ad-0746-4a78-99da-2fb9125c0549,M-1457,ORD-20260723-3465-0181,CONCESSION_ACCRUAL,7,225,2026-07-23T15:15:05+08:00
0fc22a87-dc0c-4482-8f13-75bdcb9b21ae,M-1761,ORD-20260723-3971-0182,CONCESSION_ACCRUAL,30,477,2026-07-23T20:50:13+08:00
949f0695-8b57-4cfa-86d1-f6de1ac399d8,M-1510,ORD-20260724-8190-0183,CONCESSION_ACCRUAL,25,113,2026-07-24T01:17:03+08:00
fdde02b6-0635-4598-b105-7eebb6ad9951,M-1512,ORD-20260723-7748-0184,CONCESSION_ACCRUAL,21,55,2026-07-23T20:39:07+08:00
e7e79e3e-cc95-4d79-94c1-a227a9868f79,M-1590,ORD-20260723-2316-0185,CONCESSION_ACCRUAL,31,69,2026-07-23T23:59:52+08:00
e753fd20-254e-4f7b-be39-830795c8c2f4,M-1471,ORD-20260724-4003-0186,CONCESSION_ACCRUAL,15,151,2026-07-24T00:24:19+08:00
21f0bdcc-c17e-4e21-aa6e-97183889e74a,M-1897,ORD-20260723-6448-0187,CONCESSION_ACCRUAL,6,228,2026-07-23T11:48:05+08:00
8e95d9e4-7380-45df-bdde-cbae2f40498c,M-1897,TIER_UPGRADE_Standard_TO_Silver,TIER_BONUS,50,278,2026-07-23T11:48:05+08:00
8a8a8d62-8ad5-4d72-8d58-6aceaac7e1f0,M-1913,ORD-20260723-2283-0188,CONCESSION_ACCRUAL,2,65,2026-07-23T03:20:52+08:00
137450b9-06ff-4474-868c-8eb1e5b0f2db,M-1649,ORD-20260724-7846-0189,CONCESSION_ACCRUAL,25,341,2026-07-24T06:33:07+08:00
4229ee8f-de02-4658-908a-cd7e17b616a4,M-1259,ORD-20260723-2832-0190,CONCESSION_ACCRUAL,7,269,2026-07-23T19:03:47+08:00
11e2b804-36e7-4854-add2-4715034a1a91,M-1687,ORD-20260723-1139-0191,CONCESSION_ACCRUAL,11,484,2026-07-23T23:05:34+08:00
2c9bb0a0-57fe-4d85-be44-ed9afb782537,M-1094,ORD-20260723-3492-0192,CONCESSION_ACCRUAL,33,419,2026-07-23T17:20:57+08:00
7c5418c4-5df1-4dc8-b1b1-e989a0c7e542,M-1828,ORD-20260723-9175-0193,CONCESSION_ACCRUAL,19,122,2026-07-23T20:19:46+08:00
9c2906bc-5f7e-49a0-897f-686cbc88a8de,M-1828,TIER_UPGRADE_Standard_TO_Silver,TIER_BONUS,50,172,2026-07-23T20:19:46+08:00
f7cbe53e-def6-440e-80c1-e881bcae6687,M-1015,ORD-20260724-4210-0194,CONCESSION_ACCRUAL,33,492,2026-07-24T00:36:39+08:00
eae3a544-c3d8-43d8-866a-d29a15851167,M-1572,ORD-20260724-2350-0195,CONCESSION_ACCRUAL,11,348,2026-07-24T01:01:37+08:00
c2f05a6d-fd8b-49e4-a52a-b983365e32cc,M-1657,ORD-20260723-2815-0196,CONCESSION_ACCRUAL,3,275,2026-07-23T22:32:49+08:00
43825fef-da83-445d-9d58-c22ce7738b71,M-1119,ORD-20260723-5853-0197,CONCESSION_ACCRUAL,45,241,2026-07-23T21:54:25+08:00
6f334211-bf9d-4313-94ae-81be8cb183bd,M-1135,ORD-20260723-5487-0198,CONCESSION_ACCRUAL,11,253,2026-07-23T22:16:23+08:00
8408d5fb-e7d0-46a5-bfff-3951f9dfc91d,M-1536,ORD-20260723-9371-0199,CONCESSION_ACCRUAL,19,238,2026-07-23T23:48:35+08:00
9b1bd532-4fe1-40ff-963b-22c02cfcf11d,M-1756,ORD-20260724-2874-0200,CONCESSION_ACCRUAL,26,1646,2026-07-24T04:43:54+08:00
64788324-6729-494d-995c-0f641790e9fb,M-1817,ORD-20260723-3365-0201,CONCESSION_ACCRUAL,9,261,2026-07-23T22:26:10+08:00
f97b13d5-0649-4933-a498-5868f1d64554,M-1377,ORD-20260723-6978-0202,CONCESSION_ACCRUAL,15,544,2026-07-23T14:15:59+08:00
48d3014a-a576-44f2-8625-949684d705d2,M-1651,ORD-20260723-8730-0203,CONCESSION_ACCRUAL,8,224,2026-07-23T23:46:01+08:00
ad28f62f-9ddc-444c-b4f6-3a1282ea0916,M-1253,ORD-20260724-5574-0204,CONCESSION_ACCRUAL,9,45,2026-07-24T00:28:06+08:00
4ac92476-ed59-43c1-bfbb-e78855b0fc5b,M-1088,ORD-20260723-3744-0205,CONCESSION_ACCRUAL,9,457,2026-07-23T23:36:53+08:00
e7113eae-03e9-4efc-86ba-ba8855959a50,M-1834,ORD-20260723-9261-0206,CONCESSION_ACCRUAL,9,144,2026-07-23T23:09:07+08:00
367147a5-aa7e-43b4-8e15-88c25ab8cf10,M-1530,ORD-20260723-7528-0207,CONCESSION_ACCRUAL,18,451,2026-07-23T15:38:59+08:00
c22c4884-10f6-4d2b-b229-1b3240044e10,M-1891,ORD-20260723-4525-0208,CONCESSION_ACCRUAL,6,61,2026-07-23T22:50:41+08:00
1ab4e08e-9382-41ec-90f7-d6c398ee1078,M-1811,ORD-20260723-1939-0209,CONCESSION_ACCRUAL,9,16,2026-07-23T14:00:21+08:00
68afb976-bcda-4806-990c-58ff61c8ffca,M-1527,ORD-20260723-8611-0210,CONCESSION_ACCRUAL,16,553,2026-07-23T22:47:24+08:00
cdca7d45-fd38-4912-8b74-5e1a3c99f7c5,M-1806,ORD-20260723-5198-0211,CONCESSION_ACCRUAL,15,48,2026-07-23T23:25:01+08:00
d1f49cff-ecc9-4de1-8177-cd3fd90be405,M-1628,ORD-20260723-6485-0212,CONCESSION_ACCRUAL,16,221,2026-07-23T18:45:05+08:00
b6ddd197-409c-4bb7-aa18-f8791d0d5efa,M-1048,ORD-20260723-7075-0213,CONCESSION_ACCRUAL,8,207,2026-07-23T22:54:12+08:00
8a455c17-2d20-4a83-aee8-a303c402b6c2,M-1621,ORD-20260723-6890-0214,CONCESSION_ACCRUAL,15,364,2026-07-23T21:38:11+08:00
d81a6f52-605c-454f-831b-f076f93384d7,M-1620,ORD-20260724-7864-0215,CONCESSION_ACCRUAL,21,365,2026-07-24T03:54:28+08:00
12e6b4ba-b208-47c2-bbd0-03d2fcf65a50,M-1111,ORD-20260724-9137-0216,CONCESSION_ACCRUAL,23,303,2026-07-24T00:49:47+08:00
81498202-6e2b-4171-97dd-c4af24cd921f,M-1519,ORD-20260723-9108-0217,CONCESSION_ACCRUAL,26,380,2026-07-23T16:10:37+08:00
f2e83655-a853-49d9-abe3-8e98c72a7003,M-1205,ORD-20260723-2474-0218,CONCESSION_ACCRUAL,41,781,2026-07-23T19:49:52+08:00
b2d00b8e-bde1-4225-97bb-b40e982060c5,M-2187,ORD-20260724-7011-0219,CONCESSION_ACCRUAL,15,74,2026-07-24T01:16:15+08:00
a8700a68-4440-411d-9a06-3192ec715b83,M-1836,ORD-20260723-9867-0220,CONCESSION_ACCRUAL,26,408,2026-07-23T23:20:42+08:00
8548fab4-f18e-44ca-926c-34d3c096a44a,M-1571,ORD-20260723-3718-0221,CONCESSION_ACCRUAL,16,220,2026-07-23T23:37:03+08:00
205e7450-ed78-4a10-8d8c-c3380486a991,M-1825,ORD-20260723-1706-0222,CONCESSION_ACCRUAL,25,192,2026-07-23T22:36:00+08:00
61d9599f-67d9-4690-8d4e-528ff03f31ba,M-1794,ORD-20260723-9627-0223,CONCESSION_ACCRUAL,3,288,2026-07-23T22:44:18+08:00
bae6583c-d9a3-47e7-a4bc-f37b5b51ebb2,M-1534,ORD-20260723-4295-0224,CONCESSION_ACCRUAL,16,39,2026-07-23T21:33:03+08:00
9687d5a3-1432-4991-8bdb-3011346d559f,M-1731,ORD-20260723-9296-0225,CONCESSION_ACCRUAL,3,44,2026-07-23T21:06:19+08:00
42dcab9f-df67-4fa6-8721-3c60fc4d7db2,M-1177,ORD-20260723-8706-0226,CONCESSION_ACCRUAL,16,168,2026-07-23T23:09:02+08:00
50db0238-bf08-4802-b2b6-a520d5609000,M-1145,ORD-20260723-3378-0227,CONCESSION_ACCRUAL,11,82,2026-07-23T19:18:00+08:00
672b1c46-b550-42c1-a39a-4df1eba73856,M-1816,ORD-20260723-5190-0228,CONCESSION_ACCRUAL,24,325,2026-07-23T16:21:00+08:00
84404585-9f92-44d1-9abe-0497ea8b07f3,M-1410,ORD-20260723-1539-0229,CONCESSION_ACCRUAL,9,1064,2026-07-23T17:50:00+08:00
806fbd63-7e3e-4611-b9ba-1245822f5eb9,M-1579,ORD-20260723-2507-0230,CONCESSION_ACCRUAL,22,2469,2026-07-23T11:45:00+08:00
2113db89-f8fd-4360-990c-fba505ed8dea,M-1185,ORD-20260723-3319-0231,CONCESSION_ACCRUAL,8,331,2026-07-23T17:30:00+08:00
9f6d60a0-c3bc-4d35-8a25-ae8353ea4ccd,M-1820,ORD-20260723-6308-0232,CONCESSION_ACCRUAL,11,365,2026-07-23T10:16:00+08:00
92474f77-eb98-408e-a800-eb2de0b7cd1c,M-1336,ORD-20260723-9686-0233,CONCESSION_ACCRUAL,61,211,2026-07-23T18:31:00+08:00
b0c39fad-2f1a-41b1-89a8-bf71b362ffba,M-1618,ORD-20260723-1649-0234,CONCESSION_ACCRUAL,7,258,2026-07-23T16:08:00+08:00
034a2cc2-2380-44ac-aa55-b1bb40c8475e,M-1714,ORD-20260723-7174-0235,CONCESSION_ACCRUAL,11,121,2026-07-23T13:49:00+08:00
07abe2bd-dd68-47bd-b7b1-e59d44c83af0,M-1657,ORD-20260723-4085-0236,CONCESSION_ACCRUAL,22,297,2026-07-23T18:22:00+08:00
5d16816c-e744-42e5-b5a5-abfca1e0af32,M-1302,ORD-20260723-3735-0237,CONCESSION_ACCRUAL,9,88,2026-07-23T13:25:00+08:00
38aeef66-b41f-4354-897f-705a040f7df9,M-1451,ORD-20260723-7036-0238,CONCESSION_ACCRUAL,25,365,2026-07-23T09:04:00+08:00
e8321ea3-0125-425a-a5a0-66ec80b824bb,M-1421,ORD-20260723-3656-0239,CONCESSION_ACCRUAL,30,517,2026-07-23T14:06:00+08:00
d71e22fc-9e0a-476c-af82-480700d4960e,M-1741,ORD-20260723-8381-0240,CONCESSION_ACCRUAL,26,502,2026-07-23T13:40:00+08:00
6142cc32-c61a-4998-96d0-4f070c210f15,M-1252,ORD-20260723-3702-0241,CONCESSION_ACCRUAL,29,182,2026-07-23T15:03:00+08:00
3575e662-780a-48d8-9760-7154c8882f3d,M-2088,ORD-20260723-4169-0242,CONCESSION_ACCRUAL,12,109,2026-07-23T21:58:00+08:00
7b3c3189-706e-47d6-80d4-2e056670623c,M-1738,ORD-20260723-2920-0243,CONCESSION_ACCRUAL,15,138,2026-07-23T22:59:00+08:00
da03e4f1-fd99-47cf-92db-5bd2e3f8d839,M-1376,ORD-20260723-4586-0244,CONCESSION_ACCRUAL,16,388,2026-07-23T22:12:00+08:00
b81932b5-aaf5-4eee-bd66-3c65e1003832,M-2091,ORD-20260723-7018-0245,CONCESSION_ACCRUAL,6,130,2026-07-23T13:33:00+08:00
0c68608c-eaf9-436f-b68b-a8c4e450b4bf,M-1081,ORD-20260723-2483-0246,CONCESSION_ACCRUAL,3,360,2026-07-23T13:37:00+08:00
d3258b7e-0451-4db6-94ce-93a625f1fcf3,M-1041,ORD-20260723-2103-0247,CONCESSION_ACCRUAL,70,887,2026-07-23T18:18:00+08:00
ec6e2603-bf84-4bf0-accb-ec6a8fa8f0ff,M-1492,ORD-20260723-7318-0248,CONCESSION_ACCRUAL,10,405,2026-07-23T11:53:00+08:00
c848b7de-72d7-459b-a3ee-017f4571b985,M-2157,ORD-20260723-6314-0249,CONCESSION_ACCRUAL,9,96,2026-07-23T14:49:00+08:00
518ca5f9-5200-4196-ba42-0f9851b853ae,M-1842,ORD-20260723-9171-0250,CONCESSION_ACCRUAL,12,155,2026-07-23T20:34:00+08:00
f0c40764-44f0-4e9c-a338-8569afaa085f,M-1769,ORD-20260723-6928-0251,CONCESSION_ACCRUAL,26,188,2026-07-23T14:27:00+08:00
694d60f6-059d-4e86-a29d-6ecb83a77130,M-1683,ORD-20260723-5819-0252,CONCESSION_ACCRUAL,13,793,2026-07-23T16:46:00+08:00
4fcccc6c-dd18-4bd8-8f46-1e5463950183,M-1409,ORD-20260723-8330-0253,CONCESSION_ACCRUAL,8,192,2026-07-23T19:03:00+08:00
86799412-3dfb-4df3-bad0-d103830a0bba,M-1522,ORD-20260723-9627-0254,CONCESSION_ACCRUAL,59,480,2026-07-23T17:35:00+08:00
26c7d1b9-bc55-4783-9fef-effe5ebe8010,M-1751,ORD-20260723-6524-0255,CONCESSION_ACCRUAL,31,420,2026-07-23T09:35:00+08:00
66bbe68d-fba5-441c-b95c-249ea9a9958f,M-1662,ORD-20260723-2087-0256,CONCESSION_ACCRUAL,10,272,2026-07-23T13:21:00+08:00
2b094cdd-01d3-4516-b84c-fbc23b97a126,M-1072,ORD-20260723-4759-0257,CONCESSION_ACCRUAL,11,253,2026-07-23T14:21:00+08:00
df7ccad1-0bae-44ce-b69c-88192a3942b6,M-1021,ORD-20260723-9073-0258,CONCESSION_ACCRUAL,27,1028,2026-07-23T20:47:00+08:00
b4ece9d3-a333-458a-94a2-56ccef975e0a,M-1020,ORD-20260723-7658-0259,CONCESSION_ACCRUAL,21,170,2026-07-23T20:16:00+08:00
55523197-1237-4f8c-96f0-0b0417ec84f9,M-1969,ORD-20260723-8046-0260,CONCESSION_ACCRUAL,6,56,2026-07-23T16:30:00+08:00
d8d66a45-c858-4ff4-a21b-e626808de6e8,M-1080,ORD-20260723-6152-0261,CONCESSION_ACCRUAL,11,220,2026-07-23T22:40:00+08:00
a10897d9-1cbc-49f8-825c-88fdcd5c9e7b,M-1073,ORD-20260723-2651-0262,CONCESSION_ACCRUAL,25,269,2026-07-23T13:51:00+08:00
467645b3-0524-4f98-bdfc-08b9a0d573ca,M-1060,ORD-20260723-9828-0263,CONCESSION_ACCRUAL,31,140,2026-07-23T22:52:00+08:00
5d63a2b3-544f-4764-9382-390fe3a52403,M-1694,ORD-20260723-8522-0264,CONCESSION_ACCRUAL,6,55,2026-07-23T21:09:00+08:00
c5d9e50d-1cb5-42b5-9c67-af8921e7773f,M-1317,ORD-20260723-6346-0265,CONCESSION_ACCRUAL,3,138,2026-07-23T21:32:00+08:00
bc96dbfa-29f8-48da-9d51-d22c6d91d63a,M-2018,ORD-20260723-8386-0266,CONCESSION_ACCRUAL,18,185,2026-07-23T21:02:00+08:00
bd9fc5cf-e7a5-4f18-8226-36150d149559,M-1094,ORD-20260723-9205-0267,CONCESSION_ACCRUAL,16,435,2026-07-23T13:17:00+08:00
51efcef0-3dbc-4999-ad3d-3a725f04c297,M-1581,ORD-20260723-7848-0268,CONCESSION_ACCRUAL,19,189,2026-07-23T09:20:00+08:00
37ca6e18-fb71-49d1-ad19-deff8e73cb6c,M-1464,ORD-20260723-2852-0269,CONCESSION_ACCRUAL,3,133,2026-07-23T12:58:00+08:00
73272a33-785e-453c-a488-cba56413a491,M-1722,ORD-20260723-7578-0270,CONCESSION_ACCRUAL,8,571,2026-07-23T17:47:00+08:00
9a4bb052-7e4e-485d-8e61-1e10f1b3e646,M-2107,ORD-20260723-7613-0271,CONCESSION_ACCRUAL,37,184,2026-07-23T19:10:00+08:00
ce49d605-b4ba-4349-b615-fb3f1856a1be,M-1913,ORD-20260723-2123-0272,CONCESSION_ACCRUAL,15,80,2026-07-23T21:28:00+08:00
532a1921-7889-4aaa-85a9-45a56bcc98d5,M-1738,ORD-20260723-3106-0273,CONCESSION_ACCRUAL,8,146,2026-07-23T21:11:00+08:00
bfa6be89-948e-4997-bf51-98150dc60ba8,M-1440,ORD-20260723-6028-0274,CONCESSION_ACCRUAL,6,170,2026-07-23T16:59:00+08:00
0c3369ea-3347-4838-8611-00d686af3838,M-1967,ORD-20260723-6138-0275,CONCESSION_ACCRUAL,25,40,2026-07-23T22:47:00+08:00
019968cc-06d5-41ed-9c3e-e34070cff67f,M-1226,ORD-20260723-3931-0276,CONCESSION_ACCRUAL,9,1151,2026-07-23T22:02:00+08:00
53b1bb73-2b41-4fe2-94fe-1abb45b5344a,M-1027,ORD-20260723-9478-0277,CONCESSION_ACCRUAL,19,380,2026-07-23T14:02:00+08:00
87235f75-e605-456c-bdcb-71c991701e1b,M-1621,ORD-20260723-3529-0278,CONCESSION_ACCRUAL,23,387,2026-07-23T16:00:00+08:00
7883520c-11fc-4c2f-9ffb-0ad63639ce4c,M-1596,ORD-20260723-7446-0279,CONCESSION_ACCRUAL,31,535,2026-07-23T09:50:00+08:00
90f61545-16ac-4368-9231-078f879e6909,M-1390,ORD-20260723-3354-0280,CONCESSION_ACCRUAL,22,66,2026-07-23T10:57:00+08:00
e6095b2f-1e28-4e6a-aadc-0e8ab1884f0d,M-1823,ORD-20260723-8326-0281,CONCESSION_ACCRUAL,10,568,2026-07-23T22:18:00+08:00
787df5cf-3e0f-4405-ad05-f13d91c900fe,M-1148,ORD-20260723-5141-0282,CONCESSION_ACCRUAL,16,223,2026-07-23T13:49:00+08:00
2d56c189-f283-49c8-9003-f566e98a9adf,M-1591,ORD-20260723-4565-0283,CONCESSION_ACCRUAL,22,1823,2026-07-23T16:07:00+08:00
deeddcba-e42e-42e0-99d9-c626cb7c8261,M-1713,ORD-20260723-5584-0284,CONCESSION_ACCRUAL,3,256,2026-07-23T14:57:00+08:00
d96d4480-bf24-44d3-a627-a18f5f4d59b8,M-1470,ORD-20260723-1853-0285,CONCESSION_ACCRUAL,15,112,2026-07-23T10:44:00+08:00
1462b06f-5366-4021-884e-0cdc3c10e8b2,M-1323,ORD-20260723-2898-0286,CONCESSION_ACCRUAL,15,355,2026-07-23T20:56:00+08:00
9b1d0037-a42d-4cdd-a4a5-64e32c2830fd,M-2079,ORD-20260723-1312-0287,CONCESSION_ACCRUAL,8,231,2026-07-23T16:07:00+08:00
49e225a8-5236-40d6-8f8f-f93ca34674f5,M-1585,ORD-20260723-5030-0288,CONCESSION_ACCRUAL,15,762,2026-07-23T13:08:00+08:00
e441e8bf-911b-4439-b3ed-09c0a496c622,M-1721,ORD-20260723-3883-0289,CONCESSION_ACCRUAL,25,189,2026-07-23T17:31:00+08:00
db4ce749-426b-4fb0-bbdb-a410cb9c2eae,M-1589,ORD-20260723-6804-0290,CONCESSION_ACCRUAL,14,111,2026-07-23T15:25:00+08:00
f2afcfa1-4ea7-401c-a35c-ee47c5249ca5,M-1321,ORD-20260723-5864-0291,CONCESSION_ACCRUAL,16,211,2026-07-23T17:09:00+08:00
4a8ea7b3-cc9d-45ec-826f-76ebe0b33cc0,M-1160,ORD-20260723-6548-0292,CONCESSION_ACCRUAL,13,95,2026-07-23T15:42:00+08:00
021cafac-c73c-406c-be83-f59fdcf03655,M-1151,ORD-20260723-2859-0293,CONCESSION_ACCRUAL,8,163,2026-07-23T22:46:00+08:00
1e70da54-ae7a-4e39-b848-24cc3aefcd2c,M-1635,ORD-20260723-7881-0294,CONCESSION_ACCRUAL,37,263,2026-07-23T14:42:00+08:00
99f3abc5-19be-43c9-9354-023f8fe0e8c3,M-1753,ORD-20260723-1932-0295,CONCESSION_ACCRUAL,10,378,2026-07-23T20:44:00+08:00
4d546c17-f8a1-4a48-aa76-b7cf3c354398,M-1063,ORD-20260723-8183-0296,CONCESSION_ACCRUAL,27,285,2026-07-23T18:46:00+08:00
379c6fe1-06c2-43e1-9d60-02efb6003e11,M-1305,ORD-20260723-3016-0297,CONCESSION_ACCRUAL,7,193,2026-07-23T21:49:00+08:00
df867242-0e93-41cc-ad4a-a4253ab9e34c,M-1223,ORD-20260723-4895-0298,CONCESSION_ACCRUAL,3,141,2026-07-23T22:17:00+08:00
9eb7b28b-19fc-45c2-9e12-7d6b2b5b0818,M-2036,ORD-20260723-1501-0299,CONCESSION_ACCRUAL,3,63,2026-07-23T13:00:00+08:00
317bf2ed-2da5-44f4-95bf-b92e2ba55d30,M-1721,ORD-20260723-8083-0300,CONCESSION_ACCRUAL,20,209,2026-07-23T19:29:00+08:00
d5266994-4e70-43f8-a059-3ab09e290cf4,M-1479,ORD-20260723-6471-0301,CONCESSION_ACCRUAL,22,2395,2026-07-23T22:13:00+08:00
ebbdd14b-d41b-4d97-a608-b644bf6017a4,M-1218,ORD-20260723-3396-0302,CONCESSION_ACCRUAL,15,159,2026-07-23T12:31:00+08:00
