ledger_id,member_id,source_reference_id,transaction_type,points_delta,resulting_balance,created_at
bf3de1b2-7539-4252-ab5b-6bb5f7104524,M-1804,SESS-20260707-8440-0000,RENTAL_ACCRUAL,40,130,2026-07-07T19:15:00+08:00
9ea279f4-1db5-4fbe-890f-2877a9f0a935,M-1043,SESS-20260707-8613-0001,RENTAL_ACCRUAL,28,847,2026-07-07T21:30:00+08:00
1f33ba9d-28fb-40ca-abec-690bf741008d,M-1286,SESS-20260707-7940-0002,RENTAL_REDEMPTION,-100,58,2026-07-07T11:00:00+08:00
d17bb2c6-6135-4600-bcfe-b880938040c3,M-1286,SESS-20260707-7940-0002,RENTAL_ACCRUAL,5,63,2026-07-07T13:00:00+08:00
916cbada-be2d-47e4-9c88-c80905b80f0f,M-1096,SESS-20260707-7989-0003,RENTAL_ACCRUAL,15,128,2026-07-07T07:45:00+08:00
9714be8b-766f-4cc9-ad0e-e8e24605c8bb,M-1845,SESS-20260707-2227-0004,RENTAL_ACCRUAL,10,38,2026-07-07T12:45:00+08:00
dbd0751f-bfb5-4c19-8dd8-f1a6908dd9de,M-1481,SESS-20260707-2782-0005,RENTAL_ACCRUAL,25,94,2026-07-07T23:00:00+08:00
53afd917-9786-4b58-b723-1c85407bb54f,M-1143,SESS-20260707-3342-0006,RENTAL_ACCRUAL,12,3381,2026-07-07T19:15:00+08:00
8910cd63-bee9-4715-8222-016527fc074e,M-1349,SESS-20260707-6437-0007,RENTAL_ACCRUAL,27,424,2026-07-07T20:45:00+08:00
389d53fa-382a-43cc-86ef-64bc93c2d542,M-1285,SESS-20260707-9038-0008,RENTAL_ACCRUAL,10,121,2026-07-07T21:30:00+08:00
60cdda22-9676-4942-b1bd-79bc7f70c6f7,M-1464,SESS-20260707-5413-0009,RENTAL_ACCRUAL,10,89,2026-07-08T00:15:00+08:00
74d9444c-1382-484f-9d00-89ed3ad68dd5,M-1667,SESS-20260707-7336-0010,RENTAL_ACCRUAL,27,323,2026-07-07T19:00:00+08:00
15dc4aaa-3f56-48a5-a9c0-87f98282fabb,M-1018,SESS-20260707-9947-0011,RENTAL_ACCRUAL,24,210,2026-07-07T18:45:00+08:00
774fbc2e-625f-45d4-8280-bc48e7d600d2,M-1474,SESS-20260707-2143-0012,RENTAL_ACCRUAL,9,52,2026-07-07T19:00:00+08:00
531334c8-6ba2-4eda-971e-e1215939f2c4,M-1656,SESS-20260707-4519-0013,RENTAL_ACCRUAL,11,467,2026-07-07T10:45:00+08:00
6087f457-fd91-4ecb-8fe6-4daaaba3e616,M-1524,SESS-20260707-7937-0014,RENTAL_ACCRUAL,36,135,2026-07-07T21:00:00+08:00
5e34a046-1ec6-44f0-9a7a-cab672db1f2c,M-1724,SESS-20260707-3592-0015,RENTAL_ACCRUAL,5,55,2026-07-07T15:00:00+08:00
4c2aeb18-50ef-4ec4-a2af-46cc3249358e,M-1179,SESS-20260707-6246-0016,RENTAL_ACCRUAL,10,186,2026-07-07T20:15:00+08:00
e222a5d6-5ec3-4737-b461-ff2cdbc30036,M-1246,SESS-20260707-6994-0017,RENTAL_ACCRUAL,16,535,2026-07-07T21:00:00+08:00
97393251-4851-471c-bd94-12cc74e48ee9,M-1830,SESS-20260707-7988-0018,RENTAL_REDEMPTION,-200,98,2026-07-07T17:00:00+08:00
6811d211-e7aa-4143-aa15-193c4031fde2,M-1830,SESS-20260707-7988-0018,RENTAL_ACCRUAL,28,126,2026-07-07T20:00:00+08:00
83e6e64d-bebb-4839-b415-6797f46b12e8,M-1581,SESS-20260707-9138-0019,RENTAL_ACCRUAL,8,176,2026-07-07T17:45:00+08:00
d02cfa28-dafb-44fd-a879-4febe48e88d9,M-1062,SESS-20260707-2742-0020,RENTAL_ACCRUAL,25,115,2026-07-07T13:15:00+08:00
84b59167-3de0-4013-872e-b6e24a7fc88b,M-1488,SESS-20260707-7867-0021,RENTAL_ACCRUAL,15,400,2026-07-07T13:15:00+08:00
85a1c657-bf59-4156-b53d-1ece4c9f7c8d,M-1677,SESS-20260707-9240-0022,RENTAL_REDEMPTION,-100,25,2026-07-07T18:45:00+08:00
04e245a2-15b3-4de7-b55a-34d63ad449c6,M-1377,SESS-20260707-4043-0023,RENTAL_ACCRUAL,11,476,2026-07-07T23:45:00+08:00
4bb37a97-5438-4a4e-a450-49439192ed3d,M-1677,SESS-20260707-2301-0024,RENTAL_ACCRUAL,12,37,2026-07-07T21:30:00+08:00
0630b803-42b8-4b21-a24a-8ab427ffa87a,M-1373,SESS-20260707-4872-0025,RENTAL_ACCRUAL,8,113,2026-07-07T19:45:00+08:00
41e8ed74-6dad-4f9d-8440-7ba167d098ad,M-1066,SESS-20260707-1067-0026,RENTAL_ACCRUAL,16,105,2026-07-07T21:00:00+08:00
f872ca23-c16f-41f3-9c22-fa3f222a54ba,M-1359,SESS-20260707-7806-0027,RENTAL_ACCRUAL,6,1835,2026-07-07T23:45:00+08:00
8b75b21a-005a-4006-81c1-0511be4157aa,M-1460,SESS-20260707-7088-0028,RENTAL_REDEMPTION,-100,80,2026-07-07T13:25:00+08:00
887a96ae-0adb-4ba8-836f-ce0bf65df955,M-1460,SESS-20260707-7088-0028,RENTAL_ACCRUAL,10,90,2026-07-07T16:25:00+08:00
522ec142-97de-4086-a0b0-f7a52d453e0f,M-1839,SESS-20260707-8161-0029,RENTAL_ACCRUAL,16,116,2026-07-07T21:25:00+08:00
377fa109-72fa-4f67-bca9-e0b06821aa8c,M-1655,SESS-20260707-8834-0030,RENTAL_ACCRUAL,10,88,2026-07-07T18:15:00+08:00
7fe94cb7-223f-4b1b-a8a2-f550f2ce4296,M-1493,SESS-20260707-8880-0031,RENTAL_ACCRUAL,15,81,2026-07-07T21:15:00+08:00
038bf4c6-a06f-4ed2-889e-a781848894b2,M-1109,SESS-20260707-3751-0032,RENTAL_REDEMPTION,-100,82,2026-07-07T21:15:00+08:00
41a5c542-dc2c-4f6b-a8da-145ace531237,M-1548,SESS-20260707-3953-0033,RENTAL_REDEMPTION,-100,46,2026-07-07T17:30:00+08:00
bc8e17b9-3619-461f-b323-69d30a9da6b1,M-1548,SESS-20260707-3953-0033,RENTAL_ACCRUAL,10,56,2026-07-07T20:30:00+08:00
8d91353d-6493-4704-8dfd-721c6e813aa2,M-1125,SESS-20260707-9203-0034,RENTAL_ACCRUAL,9,720,2026-07-07T14:15:00+08:00
5c3a671e-0968-451d-a6e9-765704746335,M-1365,SESS-20260707-3281-0035,RENTAL_REDEMPTION,-100,89,2026-07-07T10:30:00+08:00
5aa8036c-4d24-4279-8a02-54efde52d485,M-1365,SESS-20260707-3281-0035,RENTAL_ACCRUAL,3,92,2026-07-07T11:30:00+08:00
274990af-3c9a-4cbf-b571-aac674bda397,M-1516,SESS-20260707-8585-0036,RENTAL_REDEMPTION,-100,26,2026-07-07T17:30:00+08:00
d193d896-4d2c-4d73-9401-9bf3a06c9dd2,M-1514,SESS-20260707-6123-0037,RENTAL_ACCRUAL,16,108,2026-07-07T17:30:00+08:00
85c6a314-5bf9-4def-804d-bcf78e9ddc70,M-1257,SESS-20260707-1345-0038,RENTAL_ACCRUAL,25,111,2026-07-08T03:45:00+08:00
792a5717-e269-4558-92f4-41171b7d7742,M-2142,SESS-20260707-5164-0039,RENTAL_ACCRUAL,24,68,2026-07-07T23:15:00+08:00
40c79903-2ee6-4e14-ad2d-103870026641,M-1282,SESS-20260707-5788-0040,RENTAL_REDEMPTION,-100,171,2026-07-07T15:30:00+08:00
c6cb5f92-ad6c-46eb-ac0e-1de2f45ac4fa,M-1282,SESS-20260707-5788-0040,RENTAL_ACCRUAL,10,181,2026-07-07T18:30:00+08:00
465c9e99-ec48-473f-9591-3e3e3a2dabe8,M-1141,SESS-20260707-1964-0041,RENTAL_ACCRUAL,16,241,2026-07-08T00:00:00+08:00
8b468c59-b474-4261-b5b7-43c67196dc6a,M-1113,SESS-20260707-3983-0042,RENTAL_ACCRUAL,10,142,2026-07-07T23:15:00+08:00
58c31aef-dd21-4a5f-b1a4-04fea63417b9,M-1744,SESS-20260707-9265-0043,RENTAL_REDEMPTION,-100,383,2026-07-07T20:30:00+08:00
cfb57a28-dd62-49ce-a7a7-e35ab6c5277a,M-1744,SESS-20260707-9265-0043,RENTAL_ACCRUAL,5,388,2026-07-07T22:30:00+08:00
93b04ef9-b84f-4fd5-bafa-7a0dcd76e92f,M-1439,SESS-20260707-4471-0044,RENTAL_REDEMPTION,-100,121,2026-07-07T18:15:00+08:00
e019666d-284c-4655-ac81-6a2122fdf464,M-1439,SESS-20260707-4471-0044,RENTAL_ACCRUAL,10,131,2026-07-07T21:15:00+08:00
56b1c6fe-ca66-4f95-bbde-aad47dc8a08b,M-1038,SESS-20260707-8766-0045,RENTAL_ACCRUAL,25,56,2026-07-07T18:45:00+08:00
3531f2ae-2533-4946-867c-b17305636b78,M-1145,SESS-20260707-5037-0046,RENTAL_ACCRUAL,11,49,2026-07-07T22:30:00+08:00
164446e1-d1a9-42c5-9af1-d1f60f94a612,M-1836,SESS-20260707-2408-0047,RENTAL_ACCRUAL,12,144,2026-07-08T00:20:00+08:00
9fce2cad-f199-462c-97a4-acf4006b3927,M-1024,SESS-20260707-5718-0048,RENTAL_ACCRUAL,8,52,2026-07-07T22:45:00+08:00
a0745f74-10e5-4ac7-99b0-a10e3a0b63d7,M-1360,SESS-20260707-7568-0049,RENTAL_REDEMPTION,-100,7,2026-07-07T23:05:00+08:00
fa8fdb74-9ac5-41ab-99b6-6ec0600f4657,M-1360,SESS-20260707-7568-0049,RENTAL_ACCRUAL,10,17,2026-07-08T02:05:00+08:00
ae1e4584-798d-413b-88a9-9beb4137016f,M-1192,SESS-20260707-8686-0050,RENTAL_REDEMPTION,-100,60,2026-07-07T23:25:00+08:00
8c839768-c3e7-4f6b-90f6-34688d6786a8,M-1192,SESS-20260707-8686-0050,RENTAL_ACCRUAL,21,81,2026-07-08T04:25:00+08:00
1b975337-661f-410a-83a1-8cce2570f0d2,M-2163,SESS-20260707-5350-0051,RENTAL_ACCRUAL,16,72,2026-07-07T17:45:00+08:00
25c1b3af-a779-4a8e-bb1b-b72bb367ce95,M-1393,SESS-20260707-8068-0052,RENTAL_ACCRUAL,10,53,2026-07-07T06:00:00+08:00
d5244254-1fb4-4927-b0c3-33a1e110fc9b,M-2000,SESS-20260707-5033-0053,RENTAL_ACCRUAL,40,73,2026-07-08T00:00:00+08:00
ae6710a4-fc3c-496b-bebd-125474e5d14a,M-1264,SESS-20260707-1472-0054,RENTAL_ACCRUAL,8,240,2026-07-07T18:45:00+08:00
667a2b1c-e728-4bee-a1e1-3857763f65d1,M-1213,SESS-20260707-1847-0055,RENTAL_REDEMPTION,-100,40,2026-07-07T18:00:00+08:00
4e6b69ac-6792-4653-a9ea-c00c1e830745,M-1213,SESS-20260707-1847-0055,RENTAL_ACCRUAL,10,50,2026-07-07T21:00:00+08:00
6374a02b-bd55-4d9c-bafe-9335af3cd714,M-1068,SESS-20260707-7418-0056,RENTAL_ACCRUAL,16,138,2026-07-07T23:30:00+08:00
aa415c1b-87f5-47f6-9e68-6b2ebe882dd6,M-1490,SESS-20260707-4596-0057,RENTAL_ACCRUAL,15,189,2026-07-08T01:00:00+08:00
898763cd-836f-4d85-bf3f-6520d2fcd524,M-1485,SESS-20260707-9193-0058,RENTAL_ACCRUAL,18,332,2026-07-07T19:45:00+08:00
727fdf54-7a23-4b2f-a43e-c1290f0680b6,M-1059,SESS-20260707-3543-0059,RENTAL_REDEMPTION,-100,111,2026-07-07T21:25:00+08:00
77afa14e-c463-4c47-8626-11a8d8e2b902,M-1059,SESS-20260707-3543-0059,RENTAL_ACCRUAL,10,121,2026-07-08T00:25:00+08:00
9ec5db96-4677-47ba-b810-a170982f5a73,M-1790,SESS-20260707-5769-0060,RENTAL_ACCRUAL,24,146,2026-07-08T01:30:00+08:00
bb80861f-5e23-452b-be68-1882f8cb9ff7,M-1313,SESS-20260707-4187-0061,RENTAL_ACCRUAL,36,100,2026-07-07T21:45:00+08:00
a01b3e31-fd3b-4490-9c80-ec619c4f68b7,M-1378,SESS-20260707-6642-0062,RENTAL_ACCRUAL,8,122,2026-07-07T20:50:00+08:00
21663c32-45d6-4642-af3a-27c20c41873a,M-1294,SESS-20260707-5739-0063,RENTAL_ACCRUAL,40,151,2026-07-08T01:45:00+08:00
571fc927-c25d-4db8-80b1-1db91b29a357,M-1805,SESS-20260707-3585-0064,RENTAL_ACCRUAL,24,113,2026-07-07T22:55:00+08:00
fbdd28f8-0f76-4ce3-b041-da2b10f4f154,M-1679,SESS-20260707-7668-0065,RENTAL_ACCRUAL,18,300,2026-07-08T01:15:00+08:00
0ae091f2-736b-45f6-8721-28b2ac20dce0,M-1332,SESS-20260707-5851-0066,RENTAL_ACCRUAL,8,105,2026-07-07T20:00:00+08:00
ee6e0fba-ede4-49a6-b899-e892fa52dd85,M-1144,SESS-20260707-1960-0067,RENTAL_ACCRUAL,5,112,2026-07-07T11:00:00+08:00
a738088a-5b5c-4ffd-b55b-4dbb63ef3e2f,M-1399,SESS-20260707-9154-0068,RENTAL_ACCRUAL,40,166,2026-07-08T06:45:00+08:00
f05e5a62-0026-494c-9362-bf86376edc03,M-1613,SESS-20260707-5699-0069,RENTAL_ACCRUAL,11,84,2026-07-07T21:30:00+08:00
04282707-25e1-4bd3-96be-0a64d5de10a6,M-1744,SESS-20260707-2359-0070,RENTAL_ACCRUAL,5,393,2026-07-07T23:45:00+08:00
ce8cb208-2468-42ee-8a6e-5459a56e3f49,M-1350,SESS-20260707-8398-0071,RENTAL_ACCRUAL,5,423,2026-07-07T19:30:00+08:00
6f159b32-87d1-49a9-a6c8-3c58ccd1368e,M-1446,SESS-20260707-1163-0072,RENTAL_REDEMPTION,-100,46,2026-07-07T21:30:00+08:00
d18276d2-1e21-4a6f-ada8-fef435e18f44,M-1446,SESS-20260707-1163-0072,RENTAL_ACCRUAL,10,56,2026-07-08T00:30:00+08:00
f1afa795-f529-45c9-ace2-99a11bb2ec04,M-1363,SESS-20260707-6168-0073,RENTAL_REDEMPTION,-100,31,2026-07-07T22:30:00+08:00
2a85430e-6fc0-4909-8ec6-67a16728925a,M-1363,SESS-20260707-6168-0073,RENTAL_ACCRUAL,20,51,2026-07-08T03:30:00+08:00
611d35ca-2898-40b1-9968-10ab2453fc13,M-1713,SESS-20260707-6353-0074,RENTAL_ACCRUAL,16,386,2026-07-08T02:45:00+08:00
caebaa01-d3a4-431e-8627-248345cb35a0,M-1615,SESS-20260707-6615-0075,RENTAL_REDEMPTION,-100,22,2026-07-07T18:35:00+08:00
148757d8-089a-461c-9b13-ac56483db936,M-1560,SESS-20260707-2940-0076,RENTAL_ACCRUAL,16,27,2026-07-07T21:45:00+08:00
5d60c3eb-65ea-42b5-8115-048f46016814,M-1646,SESS-20260707-7259-0077,RENTAL_ACCRUAL,5,204,2026-07-07T21:15:00+08:00
ddbdb760-e913-4aff-a383-8473a1e57ae3,M-1724,SESS-20260707-3848-0078,RENTAL_ACCRUAL,24,79,2026-07-07T22:15:00+08:00
2bb03443-b2e8-4a85-81c8-4e9bc3fd1ff8,M-1597,SESS-20260707-5624-0079,RENTAL_ACCRUAL,16,131,2026-07-07T23:55:00+08:00
269e0856-7444-4031-82d1-28894d729385,M-1925,SESS-20260707-2030-0080,RENTAL_ACCRUAL,24,65,2026-07-07T21:30:00+08:00
d2efcc03-d1d1-49b3-a3bb-5cd0ca98330a,M-1520,SESS-20260707-8943-0081,RENTAL_ACCRUAL,45,660,2026-07-08T04:35:00+08:00
08fb92af-7c83-4236-b732-b9f70902210e,M-1567,SESS-20260707-5118-0082,RENTAL_ACCRUAL,40,280,2026-07-07T20:45:00+08:00
96682eeb-c5ff-43b6-9486-01fa52d6edea,M-1567,TIER_UPGRADE_Standard_TO_Silver,TIER_BONUS,50,330,2026-07-07T20:45:00+08:00
045feda5-fad2-413c-ac86-a988519c3697,M-1234,SESS-20260707-1080-0083,RENTAL_ACCRUAL,10,159,2026-07-07T17:15:00+08:00
b4d35fc1-9b9e-4c5d-889e-9fdc225b44d4,M-1594,SESS-20260707-5470-0084,RENTAL_ACCRUAL,10,123,2026-07-08T00:30:00+08:00
eaffdc46-03ce-4120-b25c-bd8eba81ae50,M-1758,SESS-20260707-2141-0085,RENTAL_ACCRUAL,5,109,2026-07-07T21:15:00+08:00
9e7e921a-f514-4dba-affe-a0861240e559,M-1508,SESS-20260707-3351-0086,RENTAL_ACCRUAL,11,309,2026-07-08T01:55:00+08:00
a3d05287-1568-4e9d-ac6e-9874868f00ed,M-1121,SESS-20260707-4052-0087,RENTAL_ACCRUAL,11,140,2026-07-07T12:30:00+08:00
6e67ce0f-0d81-4fd2-8761-c1086a724fbb,M-1305,SESS-20260707-2423-0088,RENTAL_ACCRUAL,10,56,2026-07-07T12:45:00+08:00
45560fea-1663-4207-a1e6-b59b51af3923,M-1659,SESS-20260707-4847-0089,RENTAL_ACCRUAL,15,61,2026-07-07T22:45:00+08:00
c8ca2ffc-3027-46a3-9a6a-642d1c3d2caf,M-1069,SESS-20260707-8328-0090,RENTAL_ACCRUAL,11,278,2026-07-07T21:50:00+08:00
b08984c7-d2d9-4356-91b1-38653536b8a6,M-1403,SESS-20260707-2305-0091,RENTAL_ACCRUAL,12,2221,2026-07-07T11:30:00+08:00
e4bd568f-633f-4055-bf79-ba001ade04df,M-1071,SESS-20260707-1384-0092,RENTAL_ACCRUAL,11,312,2026-07-07T23:30:00+08:00
128e56ad-92a0-44b9-8295-ea02db8726cd,M-1251,SESS-20260707-9868-0093,RENTAL_ACCRUAL,16,47,2026-07-07T22:15:00+08:00
0e4a7271-e257-4928-aa15-a63a980ad7e9,M-1343,SESS-20260707-7079-0094,RENTAL_ACCRUAL,10,86,2026-07-07T22:30:00+08:00
7c14a679-3d0d-4f57-8a79-34477a088f07,M-1096,SESS-20260707-3984-0095,RENTAL_ACCRUAL,8,136,2026-07-07T22:30:00+08:00
3629390c-65b1-440e-98aa-03074cb5aeca,M-1035,SESS-20260707-1608-0096,RENTAL_ACCRUAL,25,142,2026-07-08T00:25:00+08:00
d99bac20-21ee-450a-b6f6-9ee4bbae13e6,M-1006,SESS-20260707-8024-0097,RENTAL_ACCRUAL,24,231,2026-07-07T12:30:00+08:00
77949b8b-729f-47ef-afe2-71edec5f6c56,M-1121,SESS-20260707-1666-0098,RENTAL_ACCRUAL,5,145,2026-07-07T15:15:00+08:00
719a8afa-4a38-469a-8c23-5b1481305c81,M-1795,SESS-20260707-5994-0099,RENTAL_ACCRUAL,16,179,2026-07-08T01:00:00+08:00
c8b7ff7b-16bd-46a6-80ed-cc1ae23b9963,M-1740,SESS-20260707-3071-0100,RENTAL_ACCRUAL,6,1641,2026-07-07T20:00:00+08:00
21edc2aa-e70e-46fe-b27b-77cc39abaae0,M-1595,SESS-20260707-7508-0101,RENTAL_ACCRUAL,5,156,2026-07-07T20:45:00+08:00
59993b7b-e407-4b19-bf8e-cca0ac3d28b3,M-1695,SESS-20260707-6015-0102,RENTAL_ACCRUAL,5,79,2026-07-07T12:00:00+08:00
0860e160-3282-4d49-8504-11f36e2d1f56,M-1114,SESS-20260707-3210-0103,RENTAL_ACCRUAL,12,77,2026-07-07T23:00:00+08:00
559fc5e0-dd71-4fa1-bae7-2c20695dfdea,M-1193,SESS-20260707-2694-0104,RENTAL_ACCRUAL,12,101,2026-07-07T13:15:00+08:00
7a0762dd-ba4a-4cc0-a880-99bd7936c611,M-1092,SESS-20260707-6945-0105,RENTAL_ACCRUAL,15,174,2026-07-07T18:30:00+08:00
152c76c0-4038-4e7c-b510-d8c578627167,M-1156,SESS-20260707-4001-0106,RENTAL_ACCRUAL,16,237,2026-07-07T06:30:00+08:00
d1dd28b5-2cbc-4b01-979c-6c6d0c3b7d8f,M-1665,SESS-20260707-9469-0107,RENTAL_ACCRUAL,43,2004,2026-07-07T19:15:00+08:00
ad07921e-4ee7-457b-b347-b1df0d8dd57e,M-1612,SESS-20260707-7400-0108,RENTAL_ACCRUAL,16,173,2026-07-07T23:00:00+08:00
b43e89c0-c470-41fa-9855-65009d00908c,M-1407,SESS-20260707-1397-0109,RENTAL_ACCRUAL,24,202,2026-07-07T22:45:00+08:00
39161cc3-29f6-4420-bf77-152c83d63302,M-1231,SESS-20260707-1246-0110,RENTAL_ACCRUAL,40,219,2026-07-08T00:35:00+08:00
34d7aeb7-e1c1-4f77-b3c5-bb2c0ab99c57,M-1610,SESS-20260707-2765-0111,RENTAL_ACCRUAL,15,152,2026-07-07T23:15:00+08:00
fa6c7938-c34c-41a6-b988-98739db283b0,M-1815,SESS-20260707-3606-0112,RENTAL_REDEMPTION,-100,38,2026-07-07T06:15:00+08:00
45e52817-3dee-461c-8ae8-845c776cb593,M-1815,SESS-20260707-3606-0112,RENTAL_ACCRUAL,5,43,2026-07-07T08:15:00+08:00
3e3cde11-47ae-4c82-8259-c2d94e9401e7,M-1473,SESS-20260707-7393-0113,RENTAL_ACCRUAL,16,328,2026-07-07T14:00:00+08:00
07ef8951-d1b6-4254-8a7e-0b685cfee984,M-1558,SESS-20260707-8532-0114,RENTAL_ACCRUAL,24,190,2026-07-07T03:45:00+08:00
14fce204-7fcd-4fc7-b175-d897669f5c05,M-1558,TIER_UPGRADE_Standard_TO_Silver,TIER_BONUS,50,240,2026-07-07T03:45:00+08:00
85870869-6715-49ad-84d4-0798519c7933,M-1591,SESS-20260707-7676-0115,RENTAL_ACCRUAL,6,1885,2026-07-07T12:45:00+08:00
af6abd6d-2316-430e-bc17-9501f2b05808,M-1347,SESS-20260707-9843-0116,RENTAL_ACCRUAL,18,3444,2026-07-08T01:45:00+08:00
38837a26-7dd3-4af3-b41d-400101e0c9bd,M-1179,SESS-20260707-5902-0117,RENTAL_ACCRUAL,36,222,2026-07-08T00:05:00+08:00
13ca3070-4a3c-4500-a6c7-7b09719241da,M-1250,SESS-20260707-3669-0118,RENTAL_ACCRUAL,10,171,2026-07-07T19:15:00+08:00
d8251f6d-662c-49b4-9baa-1cbf1123a8f9,M-1707,SESS-20260707-3737-0119,RENTAL_REDEMPTION,-400,1225,2026-07-07T18:30:00+08:00
00361739-12ca-4b06-afd0-cf8bbe602ee1,M-1707,SESS-20260707-3737-0119,RENTAL_ACCRUAL,18,1243,2026-07-08T02:30:00+08:00
1b538bdd-6860-43b6-beda-0f3314ebc776,M-1672,SESS-20260707-7576-0120,RENTAL_REDEMPTION,-100,21,2026-07-07T22:45:00+08:00
b2fe89a0-c7f2-4087-a8e8-4e84c37e5c93,M-1311,SESS-20260707-9606-0121,RENTAL_ACCRUAL,8,87,2026-07-07T15:45:00+08:00
e2091f90-a911-4244-ba87-6b5925ea382e,M-1372,SESS-20260707-8511-0122,RENTAL_ACCRUAL,25,70,2026-07-07T20:30:00+08:00
6d858785-ace9-403b-a8a2-0cf9089da85f,M-1019,SESS-20260707-5266-0123,RENTAL_ACCRUAL,25,177,2026-07-07T17:00:00+08:00
20f7664e-9eb0-4f14-a7b2-c0e20a065e75,M-1344,SESS-20260707-2519-0124,RENTAL_ACCRUAL,5,769,2026-07-07T21:30:00+08:00
460acae2-c6b1-4cbc-b705-50d514afcb4f,M-1148,SESS-20260707-5230-0125,RENTAL_ACCRUAL,16,290,2026-07-08T01:15:00+08:00
81f7dffe-0a6c-4554-ab91-a5501f1bee11,M-1319,SESS-20260707-1152-0126,RENTAL_ACCRUAL,16,118,2026-07-07T20:00:00+08:00
30332fce-4b5e-4d93-8cba-3ba2763875c2,M-1601,SESS-20260707-8727-0127,RENTAL_ACCRUAL,60,110,2026-07-08T01:30:00+08:00
fa5a9ce7-97c5-48ac-923d-4f11a7ff1124,M-1006,SESS-20260707-7550-0128,RENTAL_ACCRUAL,64,295,2026-07-08T06:30:00+08:00
ce283452-b8be-45fe-95b1-9f9409d06162,M-1232,SESS-20260707-9316-0129,RENTAL_ACCRUAL,24,185,2026-07-07T23:45:00+08:00
1a138f3c-b1cf-4b08-a570-b7f9c2104ee4,M-1385,SESS-20260707-9271-0130,RENTAL_ACCRUAL,10,72,2026-07-07T16:30:00+08:00
5851aa62-66ee-40d8-bed6-e49a0c0baf34,M-1838,SESS-20260707-9730-0131,RENTAL_ACCRUAL,45,193,2026-07-07T21:00:00+08:00
d728a175-0354-40f5-9e01-a5eb68e6c442,M-1615,SESS-20260707-1865-0132,RENTAL_ACCRUAL,8,30,2026-07-08T00:00:00+08:00
c8e716cd-9c63-4acf-8618-932b0d11ff76,M-1054,SESS-20260707-3385-0133,RENTAL_ACCRUAL,40,68,2026-07-07T20:15:00+08:00
7a414278-d1b1-4f77-9bef-ffcc66f641d3,M-1090,SESS-20260707-3749-0134,RENTAL_ACCRUAL,16,730,2026-07-07T17:00:00+08:00
59e86423-475a-4f92-984b-e3eab99485c7,M-1502,SESS-20260707-8025-0135,RENTAL_ACCRUAL,8,143,2026-07-07T19:50:00+08:00
fd1f3ebb-6f4a-47c8-8961-58a3594a2c0e,M-1783,SESS-20260707-2492-0136,RENTAL_ACCRUAL,15,183,2026-07-08T01:55:00+08:00
d2757007-b034-46b2-945d-fb5783b342dc,M-1865,SESS-20260707-3333-0137,RENTAL_ACCRUAL,8,88,2026-07-07T23:30:00+08:00
f75aedc5-5de4-4b73-b280-c9b1d7bab16b,M-1282,SESS-20260707-5300-0138,RENTAL_ACCRUAL,72,253,2026-07-08T07:05:00+08:00
4a6f8a4d-c031-40cf-9984-9a484f730cd8,M-1536,SESS-20260707-4245-0139,RENTAL_REDEMPTION,-100,28,2026-07-07T18:25:00+08:00
6139b748-16fd-4ed8-ab15-64204cd406cb,M-1536,SESS-20260707-4245-0139,RENTAL_ACCRUAL,20,48,2026-07-07T23:25:00+08:00
94fb9dfc-4671-4f45-a75e-e8535b306edd,M-1536,TIER_UPGRADE_Standard_TO_Silver,TIER_BONUS,50,98,2026-07-07T23:25:00+08:00
ea567370-f8a8-41c6-964d-7c6240d26f4f,M-1470,SESS-20260707-3856-0140,RENTAL_ACCRUAL,24,40,2026-07-07T23:45:00+08:00
f8c499c0-ff87-4326-9e19-6a46be72309a,M-1658,SESS-20260707-8805-0141,RENTAL_ACCRUAL,5,600,2026-07-07T22:30:00+08:00
a35e9b2a-26ad-45e9-ba77-9ad7917aeded,M-1631,SESS-20260707-2405-0142,RENTAL_ACCRUAL,64,179,2026-07-08T06:00:00+08:00
fb8978d6-d9db-4f1e-bf0b-c1423b0071f3,M-1315,SESS-20260707-1634-0143,RENTAL_ACCRUAL,5,147,2026-07-07T02:45:00+08:00
afca2646-dc04-4a34-9db7-05718a4a5067,M-1429,SESS-20260707-4775-0144,RENTAL_ACCRUAL,45,505,2026-07-08T06:15:00+08:00
3d1378e6-36b5-461a-a505-f004e4f11520,M-1204,SESS-20260707-8381-0145,RENTAL_ACCRUAL,27,142,2026-07-07T20:30:00+08:00
aab571b4-b5dc-4fbd-a728-301542ed1593,M-1112,SESS-20260707-3411-0146,RENTAL_REDEMPTION,-100,1366,2026-07-07T18:15:00+08:00
b3025fb1-7d1b-4196-b302-0c0755b165f5,M-1112,SESS-20260707-3411-0146,RENTAL_ACCRUAL,4,1370,2026-07-07T20:15:00+08:00
8a21b074-1d3c-4baa-9846-8939f354cace,M-1005,SESS-20260707-9501-0147,RENTAL_ACCRUAL,16,76,2026-07-07T08:00:00+08:00
0d490830-9cd2-446f-8e67-e8066af835f7,M-1620,SESS-20260707-5881-0148,RENTAL_ACCRUAL,5,527,2026-07-07T14:30:00+08:00
dc7e05da-85a2-4b2e-af49-2fc85a74a714,M-1476,SESS-20260707-3531-0149,RENTAL_REDEMPTION,-200,163,2026-07-07T09:15:00+08:00
0e04332c-e731-4db7-b4c1-79f02c90955e,M-1476,SESS-20260707-3531-0149,RENTAL_ACCRUAL,5,168,2026-07-07T11:15:00+08:00
44c79611-5edb-4973-9c35-4841c620ae56,M-1080,SESS-20260707-8064-0150,RENTAL_REDEMPTION,-100,93,2026-07-07T19:00:00+08:00
1c4c051a-2491-4bc0-aa2f-819f6469a6cf,M-1080,SESS-20260707-8064-0150,RENTAL_ACCRUAL,10,103,2026-07-07T22:00:00+08:00
7161e1ef-5692-4d66-ab38-953d73521065,M-1304,SESS-20260707-2125-0151,RENTAL_ACCRUAL,10,142,2026-07-07T22:25:00+08:00
d3b311f4-ae90-40a8-b7d8-466929c74212,M-1341,SESS-20260707-5419-0152,RENTAL_ACCRUAL,8,146,2026-07-07T23:35:00+08:00
9b3f7e6a-1f49-4cf6-a55b-6da06aa7b3c3,M-1442,SESS-20260707-8791-0153,RENTAL_ACCRUAL,8,114,2026-07-07T07:00:00+08:00
13dd15e5-7879-49fe-9ba6-8da227d90f6c,M-1574,SESS-20260707-5708-0154,RENTAL_ACCRUAL,10,106,2026-07-08T01:30:00+08:00
42e9e4a1-4f3b-48c9-a969-c3f5625ea53c,M-1281,SESS-20260707-1743-0155,RENTAL_ACCRUAL,40,559,2026-07-07T22:30:00+08:00
90c10599-6eac-4078-b5be-78076e5f124a,M-1492,SESS-20260707-3650-0156,RENTAL_ACCRUAL,11,188,2026-07-07T19:45:00+08:00
1941b2b4-c11b-4451-bd5e-31f07449b608,M-1436,SESS-20260707-7596-0157,RENTAL_ACCRUAL,45,156,2026-07-07T15:45:00+08:00
2670668f-6875-4d5d-b470-58754d2fe728,M-1813,SESS-20260707-9651-0158,RENTAL_ACCRUAL,45,735,2026-07-08T01:30:00+08:00
b4c44b29-874c-4df2-93a6-f5e5ef0ee279,M-1336,SESS-20260707-1957-0159,RENTAL_REDEMPTION,-100,92,2026-07-07T13:15:00+08:00
fb61d141-55c3-43f6-a00e-00ec9c45a01b,M-1336,SESS-20260707-1957-0159,RENTAL_ACCRUAL,5,97,2026-07-07T15:15:00+08:00
1e9d16eb-39cd-442f-982c-5cd78b6d8747,M-1420,SESS-20260707-5056-0160,RENTAL_ACCRUAL,11,462,2026-07-07T22:55:00+08:00
4c295c24-78dc-42ec-b669-1f6e4aa208b6,M-1193,SESS-20260707-8446-0161,RENTAL_ACCRUAL,10,111,2026-07-08T00:35:00+08:00
5a947f3b-0c34-4622-8721-d20e19e89905,M-1558,SESS-20260707-2731-0162,RENTAL_ACCRUAL,16,256,2026-07-08T01:45:00+08:00
ba39593a-5ff5-46bc-8ef8-2e19aa245680,M-1669,SESS-20260707-7746-0163,RENTAL_REDEMPTION,-100,22,2026-07-07T03:50:00+08:00
72a23e85-e16f-4e10-87ed-9b3ac57e96ee,M-1669,SESS-20260707-7746-0163,RENTAL_ACCRUAL,7,29,2026-07-07T04:50:00+08:00
d002d624-6d67-44ba-b86d-b8804fada56f,M-1412,SESS-20260707-3429-0164,RENTAL_ACCRUAL,16,73,2026-07-07T21:15:00+08:00
0ebd714a-6738-4bd9-823f-453685a52eba,M-1576,SESS-20260707-6280-0165,RENTAL_ACCRUAL,18,1309,2026-07-08T00:00:00+08:00
2fc46a76-5c3b-4623-84de-b03ef7f92a04,M-1623,SESS-20260707-9807-0166,RENTAL_REDEMPTION,-100,65,2026-07-07T17:00:00+08:00
5f317b73-0835-4fa8-9cb8-d1e2aa73aaa1,M-1623,SESS-20260707-9807-0166,RENTAL_ACCRUAL,7,72,2026-07-07T18:00:00+08:00
227082e2-e2ea-4852-8e55-59ea32fae975,M-1366,SESS-20260707-1068-0167,RENTAL_ACCRUAL,10,81,2026-07-07T20:15:00+08:00
2d3e91b1-05d5-48a8-b62b-57e5857356ad,M-1825,SESS-20260707-3696-0168,RENTAL_ACCRUAL,5,156,2026-07-08T00:40:00+08:00
8322347b-0279-4531-974d-5b3e989e9705,M-1414,SESS-20260707-4519-0169,RENTAL_REDEMPTION,-400,49,2026-07-07T18:00:00+08:00
cccdfca0-a2a3-4bc2-91ef-a39680937055,M-1414,SESS-20260707-4519-0169,RENTAL_ACCRUAL,2,51,2026-07-07T21:00:00+08:00
d0590dd1-937e-465c-9a1c-199ccd9fc3f1,M-1824,SESS-20260707-1115-0170,RENTAL_ACCRUAL,67,182,2026-07-08T00:20:00+08:00
1d5dee1e-91f1-41ec-a024-0bf4019c8741,M-1841,SESS-20260707-9433-0171,RENTAL_ACCRUAL,16,72,2026-07-07T19:45:00+08:00
4667da14-c832-4e88-b74c-d05f779ea05a,M-1458,SESS-20260707-3748-0172,RENTAL_REDEMPTION,-100,25,2026-07-07T15:55:00+08:00
ab8426ef-2f7c-4f4a-908a-db931104766c,M-1458,SESS-20260707-3748-0172,RENTAL_ACCRUAL,11,36,2026-07-07T17:55:00+08:00
60a28c51-08eb-43fb-ad7b-f76e78b3ddf0,M-1267,SESS-20260707-8567-0173,RENTAL_REDEMPTION,-100,74,2026-07-07T13:30:00+08:00
e2854d34-ebf5-4c22-99ed-36dea3ff964f,M-1267,SESS-20260707-8567-0173,RENTAL_ACCRUAL,10,84,2026-07-07T16:30:00+08:00
56542ee9-889b-4340-89d2-e5c456280865,M-1224,SESS-20260707-1517-0174,RENTAL_ACCRUAL,27,311,2026-07-08T02:00:00+08:00
aab7d1f4-9395-439d-b01e-1c15b0c5d883,M-1697,SESS-20260707-4454-0175,RENTAL_ACCRUAL,15,209,2026-07-07T23:45:00+08:00
496b6a87-432e-424f-bd6d-03b51ab5d02c,M-1640,SESS-20260707-1516-0176,RENTAL_ACCRUAL,16,260,2026-07-08T00:45:00+08:00
ff9f816e-4002-40ac-85c1-ed6a9328ff5b,M-1136,SESS-20260707-9236-0177,RENTAL_ACCRUAL,12,85,2026-07-07T10:45:00+08:00
93caa44e-d2af-4f22-bde3-7b278eef0c07,M-1530,SESS-20260707-7379-0178,RENTAL_ACCRUAL,11,482,2026-07-07T16:30:00+08:00
53238331-248d-4512-974f-1f4736090ea9,M-1337,SESS-20260707-6257-0179,RENTAL_ACCRUAL,18,746,2026-07-07T06:15:00+08:00
5d6bc0d4-dcba-4aa1-8f53-f618e9d6b464,M-1925,SESS-20260707-6605-0180,RENTAL_ACCRUAL,15,80,2026-07-08T01:15:00+08:00
d9334b1c-cce5-4051-bff5-ab946d8b7d7c,M-1491,SESS-20260707-3333-0181,RENTAL_ACCRUAL,24,122,2026-07-07T22:10:00+08:00
9f112338-5057-48d3-9334-faf2be53372e,M-1710,SESS-20260707-4125-0182,RENTAL_ACCRUAL,10,151,2026-07-07T14:05:00+08:00
15ffc11c-91fb-497b-ac3b-0e4f6d70e757,M-1452,SESS-20260707-2665-0183,RENTAL_ACCRUAL,15,139,2026-07-08T01:15:00+08:00
5724edd0-e654-40a2-aeca-4be9ccc814f8,M-1152,SESS-20260707-7092-0184,RENTAL_ACCRUAL,10,71,2026-07-07T22:25:00+08:00
f54b12ef-c066-4804-9ed6-15a8bd58de76,M-1777,SESS-20260707-3925-0185,RENTAL_ACCRUAL,9,142,2026-07-07T06:30:00+08:00
d4da3444-337d-4c2c-938f-16b0324fb151,M-1393,SESS-20260707-2649-0186,RENTAL_ACCRUAL,10,63,2026-07-07T23:15:00+08:00
47e656b0-d8f5-44f1-9a74-c2e2bd2807f0,M-1171,SESS-20260707-6849-0187,RENTAL_ACCRUAL,5,170,2026-07-07T23:35:00+08:00
584b048f-891a-419d-a762-75c7afcc5576,M-1721,SESS-20260707-9405-0188,RENTAL_ACCRUAL,25,155,2026-07-08T04:55:00+08:00
dfe78453-83b9-4776-996f-c0938ee482eb,M-1834,SESS-20260707-4884-0189,RENTAL_ACCRUAL,24,259,2026-07-08T00:05:00+08:00
55c57575-fd3e-4d06-92d4-ebe941f1c145,M-1411,SESS-20260707-4916-0190,RENTAL_ACCRUAL,5,287,2026-07-07T17:15:00+08:00
3405a4e5-ad90-4c16-9ffb-64f1141c730f,M-1677,SESS-20260707-5113-0191,RENTAL_ACCRUAL,40,77,2026-07-08T02:30:00+08:00
5be79423-0cb0-4573-a441-71b2c6ec8856,M-1044,SESS-20260707-4031-0192,RENTAL_ACCRUAL,40,700,2026-07-07T11:45:00+08:00
b5826fd7-9060-402f-9f0f-b4b5d2108969,M-1788,SESS-20260707-6309-0193,RENTAL_ACCRUAL,60,257,2026-07-07T17:00:00+08:00
4a9b603c-10a7-489e-8f67-7482d42c204f,M-1788,TIER_UPGRADE_Standard_TO_Silver,TIER_BONUS,50,307,2026-07-07T17:00:00+08:00
423b9af5-c19f-4bbf-be3c-fb1610e87d16,M-1544,SESS-20260707-6881-0194,RENTAL_ACCRUAL,5,58,2026-07-07T20:30:00+08:00
ba035844-7c3a-455c-b711-d33786a6b2ae,M-1864,SESS-20260707-6433-0195,RENTAL_ACCRUAL,15,87,2026-07-07T23:45:00+08:00
ca107406-f31d-448b-931d-50e03b75a52c,M-1742,SESS-20260707-6828-0196,RENTAL_ACCRUAL,10,70,2026-07-07T20:30:00+08:00
22f2900a-9297-43a1-ab44-2f5e8129109e,M-1530,SESS-20260707-3504-0197,RENTAL_ACCRUAL,5,487,2026-07-07T23:40:00+08:00
1a5c5c70-b298-4469-bfe8-84532ced01b2,M-1546,SESS-20260707-8364-0198,RENTAL_ACCRUAL,10,173,2026-07-07T23:40:00+08:00
0b0cb3ec-298b-4c70-ae46-3f34527008d4,M-1088,SESS-20260707-9647-0199,RENTAL_ACCRUAL,27,184,2026-07-07T19:15:00+08:00
a69d7e1c-9a0b-4004-9287-805d8f1352d5,M-1057,SESS-20260707-4268-0200,RENTAL_ACCRUAL,15,94,2026-07-08T02:30:00+08:00
2d03ce5e-bf1e-4d6f-b7cf-4e467ac10143,M-1337,SESS-20260707-7653-0201,RENTAL_ACCRUAL,40,786,2026-07-08T00:35:00+08:00
b0927e42-2d58-416b-af34-01eb5fbe7291,M-1130,SESS-20260707-1795-0202,RENTAL_REDEMPTION,-100,34,2026-07-07T22:45:00+08:00
843d795a-de58-435d-b4a8-64ff6d7f9807,M-1130,SESS-20260707-1795-0202,RENTAL_ACCRUAL,21,55,2026-07-08T03:45:00+08:00
a436061a-e882-40d3-a725-376b02f30f09,M-1084,SESS-20260707-9575-0203,RENTAL_ACCRUAL,16,67,2026-07-07T20:45:00+08:00
800472a6-505e-4750-84aa-cac7f0432f6d,M-1714,SESS-20260707-3491-0204,RENTAL_ACCRUAL,10,84,2026-07-07T19:15:00+08:00
e428bf9e-e079-477c-9ccf-64f67e280394,M-1467,SESS-20260707-6036-0205,RENTAL_ACCRUAL,18,245,2026-07-07T21:15:00+08:00
20b41d2d-b13f-4ed0-b344-cbbb23daa418,M-1315,SESS-20260707-7830-0206,RENTAL_ACCRUAL,28,175,2026-07-07T20:00:00+08:00
89efb510-fcda-4fce-aed4-44ceb385a7c9,M-1608,SESS-20260707-8440-0207,RENTAL_REDEMPTION,-200,110,2026-07-07T21:40:00+08:00
db786679-0f60-4b31-87fe-700ec5924aed,M-1608,SESS-20260707-8440-0207,RENTAL_ACCRUAL,32,142,2026-07-08T02:40:00+08:00
dfa27fac-dd8d-4f69-a587-99470d18b207,M-1817,SESS-20260707-1984-0208,RENTAL_ACCRUAL,60,184,2026-07-08T01:35:00+08:00
eaf09f03-41f7-43cb-abd8-2effd0d203e0,M-1817,TIER_UPGRADE_Standard_TO_Silver,TIER_BONUS,50,234,2026-07-08T01:35:00+08:00
724a4c63-e1b1-449c-8538-3edde8f22678,M-1582,SESS-20260707-5964-0209,RENTAL_ACCRUAL,11,104,2026-07-07T23:00:00+08:00
845287fb-6937-45f8-8d52-2e5f1cd0d9cd,M-1670,SESS-20260707-6426-0210,RENTAL_ACCRUAL,24,217,2026-07-07T19:30:00+08:00
dfc0eaa4-90ad-4da8-b716-ab16746b9404,M-1670,TIER_UPGRADE_Standard_TO_Silver,TIER_BONUS,50,267,2026-07-07T19:30:00+08:00
664ff3a7-cc72-4245-8d1d-7339dc7c9b84,M-1728,SESS-20260707-6660-0211,RENTAL_REDEMPTION,-100,127,2026-07-07T21:25:00+08:00
8cfd342f-ec02-480c-9a78-37a8155b214e,M-1728,SESS-20260707-6660-0211,RENTAL_ACCRUAL,11,138,2026-07-07T23:25:00+08:00
3a3aef63-b02a-41e4-91ea-ab753cac8311,M-1627,SESS-20260707-9877-0212,RENTAL_ACCRUAL,16,168,2026-07-08T00:20:00+08:00
6ba2fc17-a482-45aa-85b4-cfadb7135dc0,M-1215,SESS-20260707-2041-0213,RENTAL_REDEMPTION,-100,111,2026-07-07T23:15:00+08:00
4fade1aa-95c7-492c-b6b4-d7b0d5eb70f2,M-1215,SESS-20260707-2041-0213,RENTAL_ACCRUAL,20,131,2026-07-08T01:15:00+08:00
010f0895-0ffa-46db-bf78-6d03383e2df0,M-1497,SESS-20260707-5188-0214,RENTAL_ACCRUAL,28,601,2026-07-08T04:50:00+08:00
ed3ad1a0-1740-466d-bacd-55d0efb520d9,M-1009,SESS-20260707-7487-0215,RENTAL_REDEMPTION,-100,136,2026-07-07T22:45:00+08:00
ab3bbbea-acde-4b11-813a-68329519ff5d,M-1009,SESS-20260707-7487-0215,RENTAL_ACCRUAL,10,146,2026-07-08T01:45:00+08:00
a06f6241-3298-4b4e-9369-90f668989491,M-1292,SESS-20260707-1714-0216,RENTAL_REDEMPTION,-100,301,2026-07-07T22:00:00+08:00
7e33ba5d-3dce-49eb-a602-8ca85a27132d,M-1292,SESS-20260707-1714-0216,RENTAL_ACCRUAL,5,306,2026-07-08T00:00:00+08:00
373f2fb5-048f-4090-95f4-2f21e44ed275,M-1614,SESS-20260707-9600-0217,RENTAL_ACCRUAL,25,85,2026-07-08T02:45:00+08:00
c71f207c-37d9-4f46-a318-ea90b83d477c,M-1274,SESS-20260707-9329-0218,RENTAL_ACCRUAL,10,82,2026-07-07T22:05:00+08:00
770b968e-1413-4741-8842-18135c0a39a4,M-1211,SESS-20260707-7670-0219,RENTAL_ACCRUAL,8,87,2026-07-07T02:15:00+08:00
566ffbeb-45ee-41cc-a6b2-b76e231efb2d,M-1214,SESS-20260707-7551-0220,RENTAL_REDEMPTION,-100,67,2026-07-07T22:20:00+08:00
3c2682a4-9deb-47d7-b18c-6056da3eb81a,M-1214,SESS-20260707-7551-0220,RENTAL_ACCRUAL,7,74,2026-07-07T23:20:00+08:00
b5c83e39-2059-42f7-b48c-51226b9e1ca0,M-1288,SESS-20260707-5240-0221,RENTAL_REDEMPTION,-200,722,2026-07-07T14:30:00+08:00
cabc1686-0758-495a-99dc-5f3f37f379d9,M-1288,SESS-20260707-5240-0221,RENTAL_ACCRUAL,28,750,2026-07-07T17:30:00+08:00
aef23adf-75a1-4327-b783-519e5be9122f,M-1668,SESS-20260707-1844-0222,RENTAL_ACCRUAL,15,50,2026-07-08T02:45:00+08:00
c609922f-b94a-42d0-9f06-a23d72df03ff,M-1037,SESS-20260707-7444-0223,RENTAL_ACCRUAL,18,258,2026-07-07T18:30:00+08:00
bdffc591-7e6b-49de-9430-e506b24bd38b,M-1606,SESS-20260707-5020-0224,RENTAL_ACCRUAL,16,490,2026-07-07T17:10:00+08:00
1034578f-74cb-439e-91dc-5d0fee4cc9ca,M-1235,SESS-20260707-7621-0225,RENTAL_ACCRUAL,5,426,2026-07-07T20:00:00+08:00
501ff20a-6f2c-494c-86d0-230ce4b93649,M-1428,SESS-20260707-3467-0226,RENTAL_ACCRUAL,10,66,2026-07-07T20:00:00+08:00
76a2923b-06eb-4027-b07a-09c51ee7bd66,M-1553,SESS-20260707-6792-0227,RENTAL_REDEMPTION,-100,64,2026-07-07T19:00:00+08:00
7d4c5727-627d-4ffc-a683-15e6d443eb96,M-1553,SESS-20260707-6792-0227,RENTAL_ACCRUAL,59,123,2026-07-08T03:00:00+08:00
b9f85661-1d66-4785-9881-96f15c1c2953,M-1255,SESS-20260707-9414-0228,RENTAL_ACCRUAL,15,174,2026-07-07T19:00:00+08:00
438f6bb0-ed09-4758-956f-6d0de55152e2,M-1771,SESS-20260707-9936-0229,RENTAL_ACCRUAL,8,32,2026-07-07T01:55:00+08:00
182360f6-f8a7-4bd0-9c88-d852c1f46f26,M-1794,SESS-20260707-1594-0230,RENTAL_ACCRUAL,10,137,2026-07-07T07:15:00+08:00
f687e267-f437-47eb-b975-4b457378ba60,M-1387,SESS-20260707-5540-0231,RENTAL_REDEMPTION,-100,48,2026-07-07T21:30:00+08:00
8e736419-9386-46b9-acaf-83cdd0f9ac70,M-1387,SESS-20260707-5540-0231,RENTAL_ACCRUAL,11,59,2026-07-07T23:30:00+08:00
da435835-3875-4053-8114-de773ba008d8,M-1367,SESS-20260707-7066-0232,RENTAL_ACCRUAL,25,164,2026-07-07T22:15:00+08:00
1c62eb8d-3b75-45d6-b8d5-b7a6fae579fb,M-1761,SESS-20260707-1508-0233,RENTAL_ACCRUAL,40,118,2026-07-08T00:15:00+08:00
6fc7a63c-81a2-41e0-b254-9dbf2e45c9e2,M-1469,SESS-20260707-1903-0234,RENTAL_REDEMPTION,-100,32,2026-07-07T13:15:00+08:00
76c237e1-6b47-4a69-a758-ebcf5f9a2527,M-1469,SESS-20260707-1903-0234,RENTAL_ACCRUAL,11,43,2026-07-07T15:15:00+08:00
aab9481e-9c9a-4cba-ad0a-01f6181572b1,M-1632,SESS-20260707-4287-0235,RENTAL_ACCRUAL,43,947,2026-07-07T10:30:00+08:00
119fd5ad-8a42-474a-9f4e-37aad3da7a8c,M-1811,SESS-20260707-1720-0236,RENTAL_ACCRUAL,15,163,2026-07-07T11:15:00+08:00
982e4fca-c76b-46a0-83b6-feff878b0e9c,M-1808,SESS-20260707-5491-0237,RENTAL_ACCRUAL,19,1790,2026-07-07T17:00:00+08:00
ceac50cb-b554-406b-b75b-d7e7391088a0,M-1653,SESS-20260707-1760-0238,RENTAL_ACCRUAL,16,183,2026-07-08T00:00:00+08:00
48c8b1c9-2f5e-4a7b-8b2f-61fbe742ed41,M-1307,SESS-20260707-6935-0239,RENTAL_ACCRUAL,10,198,2026-07-08T00:30:00+08:00
98df586b-a97b-40a4-bda3-7eddaf3ee22c,M-1095,SESS-20260707-8153-0240,RENTAL_ACCRUAL,96,142,2026-07-08T07:30:00+08:00
e8933cae-f528-435c-afe1-398c5fd6f75a,M-1095,TIER_UPGRADE_Standard_TO_Silver,TIER_BONUS,50,192,2026-07-08T07:30:00+08:00
73804040-9acc-4f5c-9054-d9676f4d7c7f,M-1001,SESS-20260707-1830-0241,RENTAL_ACCRUAL,25,53,2026-07-08T04:35:00+08:00
bc9d673e-fd5d-407b-9232-3a3588cdb7b4,M-1379,SESS-20260707-8068-0242,RENTAL_REDEMPTION,-100,139,2026-07-07T20:15:00+08:00
398b4523-1a2c-4467-8f07-d5f2de5a54b4,M-1379,SESS-20260707-8068-0242,RENTAL_ACCRUAL,11,150,2026-07-07T22:15:00+08:00
a71a4f57-ae8e-4853-8b02-3b3dd5f850c3,M-1831,SESS-20260707-6243-0243,RENTAL_ACCRUAL,15,146,2026-07-07T23:15:00+08:00
9805f457-5d7e-46f3-84d6-f650bbed1544,M-1015,SESS-20260707-9986-0244,RENTAL_ACCRUAL,40,146,2026-07-08T06:00:00+08:00
2b5970ec-497e-47ee-b5f8-4f2e33e4764d,M-1487,SESS-20260707-3993-0245,RENTAL_ACCRUAL,28,1281,2026-07-07T17:15:00+08:00
565090e5-87f3-4472-9168-3e09ac569260,M-1814,SESS-20260707-2429-0246,RENTAL_ACCRUAL,10,154,2026-07-08T00:00:00+08:00
9071e03f-abaf-4da9-9606-42012931c256,M-1184,SESS-20260707-1160-0247,RENTAL_REDEMPTION,-200,806,2026-07-07T21:00:00+08:00
9b57cc8d-e733-452b-9b38-7f4f57ef688d,M-1184,SESS-20260707-1160-0247,RENTAL_ACCRUAL,13,819,2026-07-08T00:00:00+08:00
5acdb33d-92df-453b-ade4-493cee6bf284,M-1774,SESS-20260707-4388-0248,RENTAL_REDEMPTION,-100,38,2026-07-07T22:20:00+08:00
b3ef1d86-a531-4b2f-92d0-f5829262c124,M-1774,SESS-20260707-4388-0248,RENTAL_ACCRUAL,20,58,2026-07-08T03:20:00+08:00
a733f672-9dd1-43a5-8b79-2b1e5aae8586,M-1174,SESS-20260707-1875-0249,RENTAL_ACCRUAL,8,70,2026-07-08T00:40:00+08:00
fdc84a2d-cb96-411b-92fa-2fdf3490c329,M-1723,SESS-20260707-4534-0250,RENTAL_ACCRUAL,16,142,2026-07-08T01:40:00+08:00
dee31725-edbe-4348-aace-a7a6975307d1,M-1391,SESS-20260707-7469-0251,RENTAL_ACCRUAL,16,158,2026-07-07T23:45:00+08:00
bf221c12-34ed-4ee4-a02b-6e886a0d86c4,M-1391,TIER_UPGRADE_Standard_TO_Silver,TIER_BONUS,50,208,2026-07-07T23:45:00+08:00
9867b8fc-2cb8-4593-ae9e-1c26817caa19,M-1324,SESS-20260707-4886-0252,RENTAL_ACCRUAL,15,121,2026-07-07T23:30:00+08:00
7ea65c60-0bea-485b-8ced-fac10fa0b339,M-1062,SESS-20260707-9524-0253,RENTAL_ACCRUAL,25,140,2026-07-08T03:15:00+08:00
d2995924-a408-417f-b25c-13d0e02e8c75,M-1137,SESS-20260707-5795-0254,RENTAL_ACCRUAL,16,154,2026-07-08T00:45:00+08:00
cc940986-6b62-4862-a4f5-1add1ec62658,M-1137,TIER_UPGRADE_Standard_TO_Silver,TIER_BONUS,50,204,2026-07-08T00:45:00+08:00
d518957d-7c63-4f32-85a2-784b142fef84,M-1472,SESS-20260707-2344-0255,RENTAL_ACCRUAL,40,203,2026-07-08T00:15:00+08:00
6ab65e35-502a-495a-a8d6-5940ed9f1e61,M-1472,TIER_UPGRADE_Standard_TO_Silver,TIER_BONUS,50,253,2026-07-08T00:15:00+08:00
2d6f7ba7-5c1d-4bd5-86ce-a2cebc2acea1,M-1156,SESS-20260707-7616-0256,RENTAL_ACCRUAL,5,242,2026-07-07T23:30:00+08:00
20fa6dc5-48f9-40d5-9dee-515724f27956,M-1551,SESS-20260707-7036-0257,RENTAL_ACCRUAL,27,160,2026-07-07T20:15:00+08:00
725bedbf-7c5d-4f45-9bc8-b48e883c4352,M-1494,SESS-20260707-7627-0258,RENTAL_ACCRUAL,8,107,2026-07-07T22:15:00+08:00
f7240af2-bb50-472d-98a4-3f23280cd7e5,M-1669,SESS-20260707-4059-0259,RENTAL_ACCRUAL,15,44,2026-07-07T19:45:00+08:00
ae1b1dda-535d-4789-b587-9623c687cdc8,M-1439,SESS-20260707-2437-0260,RENTAL_ACCRUAL,10,141,2026-07-08T00:00:00+08:00
46c03750-2548-416e-adf1-b6c556ccab81,M-1812,SESS-20260707-2738-0261,RENTAL_ACCRUAL,10,168,2026-07-08T01:50:00+08:00
55a5b168-0d1e-4206-96f7-f05bd52d7e13,M-1166,SESS-20260707-8021-0262,RENTAL_ACCRUAL,15,91,2026-07-07T22:15:00+08:00
9697cdc1-622b-440a-a43f-9ecb5a342f0d,M-1228,SESS-20260707-3004-0263,RENTAL_ACCRUAL,5,292,2026-07-08T00:35:00+08:00
83f7ef5d-99d0-4404-8559-52ffb2fcfda4,M-1355,SESS-20260707-5749-0264,RENTAL_ACCRUAL,60,166,2026-07-07T19:45:00+08:00
1badf926-af37-40fa-8151-6366e69989a0,M-1248,SESS-20260707-8062-0265,RENTAL_ACCRUAL,15,104,2026-07-08T00:30:00+08:00
b2807b4c-3bd5-40e3-90f7-659eed4bf574,M-1434,SESS-20260707-8843-0266,RENTAL_ACCRUAL,10,99,2026-07-08T00:30:00+08:00
54be704e-2b2b-4b00-9bf0-80490831028d,M-1106,SESS-20260707-5616-0267,RENTAL_ACCRUAL,25,219,2026-07-08T01:45:00+08:00
52c8c5c1-4959-4d97-8562-30690a769bc5,M-1607,SESS-20260707-8626-0268,RENTAL_ACCRUAL,12,132,2026-07-07T09:00:00+08:00
6543b18f-165d-43e0-bc5c-1750edadd115,M-1661,SESS-20260707-1326-0269,RENTAL_ACCRUAL,19,3075,2026-07-08T01:30:00+08:00
f4bbd906-2abe-4ee0-891e-fd6e003ddd40,M-1519,SESS-20260707-2920-0270,RENTAL_ACCRUAL,10,144,2026-07-07T21:50:00+08:00
6ee8be63-8c92-417f-b4c9-fbac850076bc,M-1629,SESS-20260707-2947-0271,RENTAL_ACCRUAL,16,144,2026-07-08T01:30:00+08:00
60f724f3-a4e3-4217-83a6-4b0e5b4ded7c,M-1220,SESS-20260707-9464-0272,RENTAL_ACCRUAL,6,1542,2026-07-07T10:30:00+08:00
fdfb01e4-bbae-40b1-970b-e2f0dc069e1e,M-1820,SESS-20260707-2985-0273,RENTAL_REDEMPTION,-100,46,2026-07-07T22:35:00+08:00
25d87035-bc3c-443e-b54c-5f90f74bb90f,M-1820,SESS-20260707-2985-0273,RENTAL_ACCRUAL,31,77,2026-07-08T01:35:00+08:00
0618dc90-f331-4f27-a9ab-052a37df7b4c,M-1820,TIER_UPGRADE_Standard_TO_Silver,TIER_BONUS,50,127,2026-07-08T01:35:00+08:00
d72c1337-a213-40b5-91f8-54c49e4fc824,M-1463,SESS-20260707-6270-0274,RENTAL_ACCRUAL,6,3604,2026-07-07T14:15:00+08:00
1bd435d9-130a-47c2-8171-f06daaab3062,M-1604,SESS-20260707-5909-0275,RENTAL_ACCRUAL,5,78,2026-07-07T22:00:00+08:00
10f6e028-d314-41f0-b7c7-abac9c77bd9f,M-1738,SESS-20260707-1458-0276,RENTAL_REDEMPTION,-100,49,2026-07-07T18:30:00+08:00
3c1a293c-033f-4029-9d16-e557d7f3ff91,M-1738,SESS-20260707-1458-0276,RENTAL_ACCRUAL,31,80,2026-07-07T21:30:00+08:00
bfd7c98d-1ecd-4bfd-bd49-3422886dce1d,M-1138,SESS-20260707-2627-0277,RENTAL_ACCRUAL,18,344,2026-07-08T00:25:00+08:00
a083ab40-62f2-449e-994a-570603cf4849,M-1305,SESS-20260707-8135-0278,RENTAL_ACCRUAL,15,71,2026-07-08T01:10:00+08:00
582e77bb-04e2-47ff-ac1c-10e23730f797,M-1238,SESS-20260707-3416-0279,RENTAL_ACCRUAL,27,231,2026-07-07T17:00:00+08:00
ae56f930-5694-4c61-ad6f-049883c64989,M-1048,SESS-20260707-4425-0280,RENTAL_ACCRUAL,27,386,2026-07-07T19:00:00+08:00
4448f8c1-d49b-45d2-915f-077086dc0731,M-1998,SESS-20260707-9640-0281,RENTAL_ACCRUAL,16,53,2026-07-07T21:30:00+08:00
ab742498-c617-4de7-8ec5-5a27a9637e93,M-1142,SESS-20260707-9938-0282,RENTAL_ACCRUAL,67,334,2026-07-07T22:40:00+08:00
80f1911a-b92c-457b-af57-1021676a4d4a,M-1288,SESS-20260707-8497-0283,RENTAL_ACCRUAL,18,768,2026-07-07T20:45:00+08:00
f8429c5a-6233-4efe-9c6e-35363c1892cd,M-1636,SESS-20260707-3961-0284,RENTAL_ACCRUAL,14,1602,2026-07-07T23:50:00+08:00
5dc5ae52-6b35-4eed-9077-5c9462bc188c,M-1687,SESS-20260707-7462-0285,RENTAL_ACCRUAL,24,216,2026-07-08T01:45:00+08:00
af071fba-99a0-4678-9018-07d064bcbccf,M-1740,SESS-20260707-4769-0286,RENTAL_REDEMPTION,-100,1541,2026-07-07T23:45:00+08:00
8ff742de-86ed-47a1-a026-dc2234443fbd,M-1740,SESS-20260707-4769-0286,RENTAL_ACCRUAL,10,1551,2026-07-08T02:45:00+08:00
cf430635-9517-45ae-9efb-d46b3618f0fd,M-1079,SESS-20260707-8537-0287,RENTAL_ACCRUAL,48,255,2026-07-08T04:55:00+08:00
85f28da1-ebb3-48a7-ae7e-f833084682e8,M-1830,SESS-20260707-4130-0288,RENTAL_ACCRUAL,16,142,2026-07-08T02:50:00+08:00
448805d7-02cf-48c0-92d9-b8822e25e392,M-1185,SESS-20260707-9452-0289,RENTAL_ACCRUAL,10,136,2026-07-07T16:45:00+08:00
f1b19130-aaf0-4192-89b6-a20bcbf6e696,M-2079,SESS-20260707-4330-0290,RENTAL_ACCRUAL,16,120,2026-07-07T11:00:00+08:00
49c3de8b-97fb-4f59-9d58-22c6b9769a73,M-1683,SESS-20260707-3861-0291,RENTAL_REDEMPTION,-100,703,2026-07-07T19:45:00+08:00
dff09d2e-0bad-4fb4-9703-6e78612b8c6c,M-1683,SESS-20260707-3861-0291,RENTAL_ACCRUAL,21,724,2026-07-07T21:45:00+08:00
3fa25c93-e23b-4a9f-b9f9-8efdacfb0b86,M-1769,SESS-20260707-1494-0292,RENTAL_ACCRUAL,15,114,2026-07-07T21:00:00+08:00
9910adda-2a7a-4d10-9f92-fc1c080fc49e,M-1469,SESS-20260707-4040-0293,RENTAL_ACCRUAL,15,58,2026-07-07T23:00:00+08:00
54741c65-2f16-42aa-9163-73367c1a9b54,M-1301,SESS-20260707-8822-0294,RENTAL_ACCRUAL,28,133,2026-07-07T20:45:00+08:00
75816732-e169-4a58-a940-02ab6ff95b5e,M-1491,SESS-20260707-8140-0295,RENTAL_ACCRUAL,24,146,2026-07-08T01:50:00+08:00
33f34b39-53e3-41ee-bd83-3f6db5d15807,M-1704,SESS-20260707-2710-0296,RENTAL_ACCRUAL,16,118,2026-07-07T11:30:00+08:00
7b17e08a-2e05-4c30-832b-ddce4fca4d66,M-1164,SESS-20260707-2457-0297,RENTAL_ACCRUAL,10,208,2026-07-07T10:30:00+08:00
f290bee7-6417-43d4-83d9-ebacf2087799,M-2110,SESS-20260707-5277-0298,RENTAL_ACCRUAL,36,91,2026-07-08T00:30:00+08:00
d60816fd-c33e-47d7-99d0-46330c01e703,M-1780,SESS-20260707-8100-0299,RENTAL_ACCRUAL,16,75,2026-07-08T00:25:00+08:00
a4a5d37f-2e5e-4158-b833-ff7ed664898d,M-1463,SESS-20260707-7119-0300,RENTAL_ACCRUAL,6,3610,2026-07-07T23:05:00+08:00
d6fd396c-5326-4c95-9eb4-bac39bd6937c,M-1522,SESS-20260707-3629-0301,RENTAL_ACCRUAL,24,234,2026-07-07T23:45:00+08:00
a756c046-6fb4-4005-a900-5958ad3e1017,M-1840,SESS-20260707-8242-0302,RENTAL_ACCRUAL,12,1844,2026-07-07T16:30:00+08:00
e75db20a-6488-4264-8756-1b99f79fb8b2,M-1531,SESS-20260707-2584-0303,RENTAL_ACCRUAL,5,177,2026-07-07T19:15:00+08:00
84257b12-f5ee-4533-8cdf-fb0e0f42ec51,M-1262,SESS-20260707-4942-0304,RENTAL_ACCRUAL,15,280,2026-07-08T00:15:00+08:00
6c0e28b4-322d-40a9-94bc-22d618987b05,M-1792,SESS-20260707-4989-0305,RENTAL_ACCRUAL,12,2205,2026-07-07T21:30:00+08:00
7781c236-3e09-4e0a-be71-35b34acafedd,M-1798,SESS-20260707-5681-0306,RENTAL_ACCRUAL,15,206,2026-07-07T23:45:00+08:00
9580cd83-6565-43c6-8d4b-46cdacbdb143,M-1264,SESS-20260707-7430-0307,RENTAL_ACCRUAL,16,256,2026-07-08T00:30:00+08:00
a030985a-0fff-466c-a88b-b62eaeb61be0,M-1017,SESS-20260707-9784-0308,RENTAL_ACCRUAL,40,202,2026-07-08T04:45:00+08:00
d191d5ba-9d32-4212-b484-e59d0c3297ef,M-1052,SESS-20260707-9785-0309,RENTAL_ACCRUAL,12,158,2026-07-07T18:15:00+08:00
5ad6ac0d-e841-46b6-9e2d-53f531cd7470,M-1283,SESS-20260707-4765-0310,RENTAL_REDEMPTION,-100,70,2026-07-07T20:45:00+08:00
3289abc4-9641-4798-85c7-45257c5b23b2,M-1283,SESS-20260707-4765-0310,RENTAL_ACCRUAL,3,73,2026-07-07T21:45:00+08:00
7e4c136b-d5d6-40f2-a25d-c9b87bf15403,M-1218,SESS-20260707-4324-0311,RENTAL_ACCRUAL,12,110,2026-07-07T21:00:00+08:00
8a99bb1d-ba20-43ad-b679-b8c1d04712d3,M-1350,SESS-20260707-7692-0312,RENTAL_ACCRUAL,16,439,2026-07-07T23:15:00+08:00
46cce6f7-9682-477c-80d0-6e5fb1d5f060,M-1616,SESS-20260707-7767-0313,RENTAL_ACCRUAL,5,161,2026-07-08T00:35:00+08:00
f4991529-0eaf-4b7f-b5e8-3374c38232fd,M-1066,SESS-20260707-4650-0314,RENTAL_ACCRUAL,5,110,2026-07-07T22:15:00+08:00
91e037d2-d054-489c-b5bd-5515bfad150e,M-1277,SESS-20260707-3915-0315,RENTAL_ACCRUAL,30,2592,2026-07-07T23:15:00+08:00
79620b9a-bf02-4f01-8c81-738fbc1015c1,M-1030,SESS-20260707-5013-0316,RENTAL_ACCRUAL,12,88,2026-07-08T00:00:00+08:00
bdb15ed4-8d0f-436c-8936-4eef56845253,M-1176,SESS-20260707-6945-0317,RENTAL_ACCRUAL,5,131,2026-07-07T21:20:00+08:00
0ea97fde-b4dd-4708-9e90-130e280266d8,M-1329,SESS-20260707-3937-0318,RENTAL_ACCRUAL,11,495,2026-07-07T23:30:00+08:00
1d5d34e6-170d-41f4-9cd5-58ed39f26c10,M-1259,SESS-20260707-8012-0319,RENTAL_ACCRUAL,25,108,2026-07-08T04:55:00+08:00
8ffad2ba-5e59-4344-b630-8b3a49c49a1c,M-1153,SESS-20260707-5556-0320,RENTAL_ACCRUAL,15,92,2026-07-08T02:00:00+08:00
680c21a0-2f72-4732-b847-51c693524632,M-1183,SESS-20260707-2698-0321,RENTAL_ACCRUAL,25,68,2026-07-08T04:10:00+08:00
7cf35490-7f8c-41e1-9e89-c59815d68992,M-1502,SESS-20260707-4228-0322,RENTAL_ACCRUAL,8,151,2026-07-07T22:00:00+08:00
fabc12db-2632-49f5-811d-695fe0f8bccb,M-1033,SESS-20260707-7823-0323,RENTAL_REDEMPTION,-100,64,2026-07-07T21:35:00+08:00
96d54d8d-710c-498b-b454-a5fb71d07c59,M-1033,SESS-20260707-7823-0323,RENTAL_ACCRUAL,5,69,2026-07-07T23:35:00+08:00
2fa3dbf4-adc3-4f11-840e-5516575c51c6,M-1319,SESS-20260707-4830-0324,RENTAL_ACCRUAL,5,123,2026-07-07T21:40:00+08:00
44ae3df6-2df1-4d3b-8e89-c83d9199821a,M-1227,SESS-20260707-3351-0325,RENTAL_ACCRUAL,16,175,2026-07-08T00:35:00+08:00
d3812cbe-1307-4818-89cf-7332f46a49d1,M-1334,SESS-20260707-2471-0326,RENTAL_ACCRUAL,5,167,2026-07-07T18:20:00+08:00
7b2edd0a-d459-4fee-bb87-1e5444b9a708,M-1821,SESS-20260707-9014-0327,RENTAL_ACCRUAL,10,140,2026-07-08T01:55:00+08:00
9691678b-e5dd-4008-8a11-bba3f6b396b0,M-1351,SESS-20260707-4441-0328,RENTAL_ACCRUAL,10,76,2026-07-07T22:55:00+08:00
d43a87bf-d93a-424f-ac6c-dbdacd81c5b0,M-1432,SESS-20260707-8204-0329,RENTAL_ACCRUAL,18,3325,2026-07-07T21:00:00+08:00
0b6825cd-9d27-4ac7-a0c6-14f1a72fa80d,M-1318,SESS-20260707-4614-0330,RENTAL_ACCRUAL,27,481,2026-07-07T22:45:00+08:00
3a86bc17-9465-4d63-93e2-244ff73e60c3,M-1345,SESS-20260707-2631-0331,RENTAL_ACCRUAL,28,294,2026-07-08T04:05:00+08:00
2c715b72-f61d-41b2-a125-b1bda19ee909,M-1029,SESS-20260707-7510-0332,RENTAL_ACCRUAL,11,553,2026-07-08T00:00:00+08:00
5f678f75-bf12-4b27-8a3d-787dec0abaa9,M-1759,SESS-20260707-9604-0333,RENTAL_ACCRUAL,27,218,2026-07-08T00:45:00+08:00
5245bb6c-2b9d-488e-ae34-c1fcbb261ddb,M-1523,SESS-20260707-5901-0334,RENTAL_ACCRUAL,12,71,2026-07-07T21:30:00+08:00
e4e42db0-e6ca-47ee-8a65-8b5eaaa090df,M-1710,SESS-20260707-5459-0335,RENTAL_ACCRUAL,15,166,2026-07-08T02:30:00+08:00
750a1868-07fa-4b4b-a1ac-caeb297a66ed,M-1803,SESS-20260707-6133-0336,RENTAL_ACCRUAL,5,148,2026-07-07T21:45:00+08:00
95e49dbe-c1ff-4dee-b629-2ea2a8b7628b,M-1356,SESS-20260707-7693-0337,RENTAL_REDEMPTION,-200,1401,2026-07-07T20:00:00+08:00
bebe79f2-05b2-46cb-a11d-bad6b5c86c8b,M-1356,SESS-20260707-7693-0337,RENTAL_ACCRUAL,4,1405,2026-07-07T22:00:00+08:00
e0e9094f-5bbf-424e-b349-9fc8077a4fc0,M-1802,SESS-20260707-6278-0338,RENTAL_ACCRUAL,25,199,2026-07-07T17:15:00+08:00
59945319-5a2b-4565-ba2d-edbb8ea8363a,M-1186,SESS-20260707-7611-0339,RENTAL_ACCRUAL,16,259,2026-07-07T23:50:00+08:00
cf99b257-bbce-425c-81e4-de0b5c469b46,M-1400,SESS-20260707-9224-0340,RENTAL_ACCRUAL,36,113,2026-07-08T00:05:00+08:00
b7c928e1-c841-459a-9df9-b3f82d7dd9f6,M-1404,SESS-20260707-2626-0341,RENTAL_ACCRUAL,10,137,2026-07-07T20:45:00+08:00
f1d17c81-0438-44fa-addd-c5a478283a2f,M-1042,SESS-20260707-8218-0342,RENTAL_ACCRUAL,10,29,2026-07-07T23:15:00+08:00
ee964645-b0b1-495a-8b30-f78629621ae3,M-1506,SESS-20260707-6948-0343,RENTAL_ACCRUAL,60,138,2026-07-07T22:05:00+08:00
4057edb5-f0d1-4109-85de-e38385c9a6f2,M-1147,SESS-20260707-3126-0344,RENTAL_ACCRUAL,15,208,2026-07-07T22:00:00+08:00
d6cc17b1-fdfc-445b-ae94-b1c7af73ff31,M-1722,SESS-20260707-2060-0345,RENTAL_ACCRUAL,11,632,2026-07-08T01:35:00+08:00
2a31c083-0e84-43da-94e8-cc098cd1e4cb,M-1648,SESS-20260707-8186-0346,RENTAL_ACCRUAL,5,644,2026-07-07T18:45:00+08:00
8bc788ed-584d-4c41-a50c-3bfa877e39ea,M-1741,SESS-20260707-4006-0347,RENTAL_ACCRUAL,11,294,2026-07-07T22:55:00+08:00
1836b5d5-88d6-4e13-8012-9a02e4fe0fb2,M-1207,SESS-20260707-8531-0348,RENTAL_ACCRUAL,5,93,2026-07-07T14:45:00+08:00
f46c328e-34f5-4cf5-b166-a8931521d078,M-1476,SESS-20260707-2301-0349,RENTAL_ACCRUAL,13,181,2026-07-07T22:45:00+08:00
c7f0be60-1929-4713-bfa5-ca1b1de9d7b1,M-1621,SESS-20260707-8775-0350,RENTAL_ACCRUAL,40,146,2026-07-08T03:00:00+08:00
fc117086-7589-408e-8f8c-b201b61e0e48,M-1010,SESS-20260707-3592-0351,RENTAL_REDEMPTION,-100,120,2026-07-07T21:15:00+08:00
537c2cec-ffe4-41fb-962d-735bad9a0678,M-1010,SESS-20260707-3592-0351,RENTAL_ACCRUAL,5,125,2026-07-07T23:15:00+08:00
67616470-87d6-4db8-84d1-50d07b86b8d5,M-1641,SESS-20260707-3452-0352,RENTAL_ACCRUAL,16,137,2026-07-07T23:05:00+08:00
9e7057e7-0ba7-41c4-aa4f-9c441e2130e4,M-1748,SESS-20260707-6670-0353,RENTAL_ACCRUAL,18,245,2026-07-08T00:10:00+08:00
0e1b945d-efd2-4bde-b6a1-cbf29cbb8309,M-1021,SESS-20260707-4136-0354,RENTAL_ACCRUAL,13,725,2026-07-08T00:00:00+08:00
706876a0-18e6-4cae-a172-df764d86028f,M-1549,SESS-20260707-4779-0355,RENTAL_ACCRUAL,8,137,2026-07-07T23:20:00+08:00
94a493c4-cf7c-405f-ab97-2ec1e6e75c03,M-1405,SESS-20260707-7732-0356,RENTAL_ACCRUAL,15,125,2026-07-08T00:05:00+08:00
e332773d-afdd-4f2a-b926-f59999ea5f04,M-1808,SESS-20260707-6591-0357,RENTAL_ACCRUAL,48,1838,2026-07-08T03:45:00+08:00
51ce3d6d-8b53-4866-a4af-a5f8a1a43669,M-1686,SESS-20260707-5805-0358,RENTAL_ACCRUAL,40,157,2026-07-08T07:45:00+08:00
600c6ee5-4d68-4f53-8b5c-9aef58382a4d,M-1605,SESS-20260707-6656-0359,RENTAL_ACCRUAL,16,187,2026-07-08T01:00:00+08:00
d607cc31-76fa-4f54-8ae5-850d94718052,M-1745,SESS-20260707-1779-0360,RENTAL_ACCRUAL,24,160,2026-07-07T16:15:00+08:00
797dd8e3-ec01-42bf-8dc7-fd3166342f3f,M-1509,SESS-20260707-7122-0361,RENTAL_ACCRUAL,11,258,2026-07-08T00:15:00+08:00
92f2e1cc-952d-45eb-87af-860191330e1a,M-1625,SESS-20260707-4399-0362,RENTAL_ACCRUAL,12,2763,2026-07-07T22:10:00+08:00
d86a7421-db0d-4c75-a00f-4664a35fb565,M-1823,SESS-20260707-9099-0363,RENTAL_ACCRUAL,5,364,2026-07-08T00:05:00+08:00
01361cda-b81c-448c-a80d-58b15bec35e7,M-1398,SESS-20260707-3971-0364,RENTAL_ACCRUAL,28,1845,2026-07-07T22:50:00+08:00
97bcd2b1-2053-44c0-a428-7fff336074f4,M-1720,SESS-20260707-3814-0365,RENTAL_ACCRUAL,9,266,2026-07-08T00:00:00+08:00
8f51dace-102d-4ad7-b543-198948737e50,M-1443,SESS-20260707-7745-0366,RENTAL_REDEMPTION,-100,4,2026-07-07T23:35:00+08:00
ff34e8ef-1b82-4609-a44e-69201a4e1cac,M-1443,SESS-20260707-7745-0366,RENTAL_ACCRUAL,38,42,2026-07-08T04:35:00+08:00
68ce2a29-912b-48dd-a5df-741a8b70d515,M-1173,SESS-20260707-7952-0367,RENTAL_REDEMPTION,-100,284,2026-07-07T18:15:00+08:00
54501136-d52e-4f94-a1d8-568435d297f7,M-1173,SESS-20260707-7952-0367,RENTAL_ACCRUAL,11,295,2026-07-07T20:15:00+08:00
bc086a86-f9f6-4e80-be8b-a64ddc13a4a5,M-1760,SESS-20260707-7866-0368,RENTAL_REDEMPTION,-100,45,2026-07-07T23:25:00+08:00
64513c07-9d24-4de9-b46a-453de6d44d81,M-1541,SESS-20260707-1135-0369,RENTAL_ACCRUAL,28,743,2026-07-07T23:25:00+08:00
c93b06ff-dbc2-4ae4-aa3c-b86ba8df930a,M-1016,SESS-20260707-2265-0370,RENTAL_ACCRUAL,24,131,2026-07-08T00:10:00+08:00
4593c91e-7bc1-41c1-87e5-1035671502e2,M-1816,SESS-20260707-6537-0371,RENTAL_ACCRUAL,8,75,2026-07-07T23:45:00+08:00
224855a6-9508-4dda-b2cf-74f1f2e0ae08,M-1170,SESS-20260707-4128-0372,RENTAL_ACCRUAL,15,109,2026-07-08T01:00:00+08:00
c3ed63f7-18ee-45a7-9231-b9323f14fbf4,M-1225,SESS-20260707-1385-0373,RENTAL_ACCRUAL,36,199,2026-07-07T20:20:00+08:00
c540a30d-410e-440c-b0b4-bea78af62b2d,M-1552,SESS-20260707-2770-0374,RENTAL_ACCRUAL,27,310,2026-07-07T17:00:00+08:00
7114a9f9-3ec7-41d3-ada7-f1fbb205de24,M-1583,SESS-20260707-2775-0375,RENTAL_ACCRUAL,36,175,2026-07-07T17:30:00+08:00
f33b547f-0b8c-4e59-b26e-83b571389847,M-1583,TIER_UPGRADE_Standard_TO_Silver,TIER_BONUS,50,225,2026-07-07T17:30:00+08:00
d6e9a2f0-bcd4-43c8-bf9c-0c57015711eb,M-1339,SESS-20260707-6561-0376,RENTAL_ACCRUAL,10,38,2026-07-08T01:05:00+08:00
f77b8554-cf22-4a02-b91d-0e1e5256e48c,M-1422,SESS-20260707-4623-0377,RENTAL_ACCRUAL,5,42,2026-07-07T21:30:00+08:00
125ff712-0548-4f78-9610-72311ec96c74,M-1055,SESS-20260707-9049-0378,RENTAL_ACCRUAL,24,133,2026-07-08T02:00:00+08:00
20d5e96d-fecf-4b79-8156-f45aeb9211bc,M-1005,SESS-20260707-5423-0379,RENTAL_ACCRUAL,36,112,2026-07-07T22:00:00+08:00
6b7ce341-5f3c-4034-829d-8f01c72232c9,M-1802,SESS-20260707-2997-0380,RENTAL_ACCRUAL,24,223,2026-07-07T23:15:00+08:00
53de54a6-f72c-41eb-974b-0c5704c21356,M-1802,TIER_UPGRADE_Standard_TO_Silver,TIER_BONUS,50,273,2026-07-07T23:15:00+08:00
c21c1d45-b301-49b6-bb1c-3faba4a43837,M-1804,SESS-20260707-8926-0381,RENTAL_REDEMPTION,-100,30,2026-07-07T21:55:00+08:00
ff695bed-0c64-4b88-9962-444c95ccaf2c,M-1804,SESS-20260707-8926-0381,RENTAL_ACCRUAL,5,35,2026-07-07T23:55:00+08:00
e9381728-2cf5-4f8a-a796-7ae8c2f24c7d,M-1163,SESS-20260707-8954-0382,RENTAL_ACCRUAL,40,123,2026-07-08T01:30:00+08:00
7b1f74e1-c6b6-4fdf-9d16-a743e385677b,M-1698,SESS-20260707-8050-0383,RENTAL_ACCRUAL,25,100,2026-07-08T04:20:00+08:00
a21f72b2-262f-4980-ae87-1f072fe574d1,M-1196,SESS-20260707-4902-0384,RENTAL_ACCRUAL,67,610,2026-07-08T04:45:00+08:00
df49b3b4-d6f6-42c4-90fa-67cd31ef074a,M-1681,SESS-20260707-3524-0385,RENTAL_ACCRUAL,15,80,2026-07-08T02:20:00+08:00
bd0ca49c-2890-4dbf-a109-f88b5345f61a,M-1276,SESS-20260707-5018-0386,RENTAL_ACCRUAL,16,452,2026-07-07T22:25:00+08:00
ddc76e87-30c2-4f6e-bc1b-5a667fa83775,M-1254,SESS-20260707-2773-0387,RENTAL_ACCRUAL,5,141,2026-07-08T00:45:00+08:00
12c7048f-61bd-4eaa-9d51-061e7412079b,M-1818,SESS-20260707-8155-0388,RENTAL_ACCRUAL,5,158,2026-07-07T20:15:00+08:00
12b58709-ecc8-4095-b4d8-f1570ef207fa,M-1010,SESS-20260707-9407-0389,RENTAL_ACCRUAL,5,130,2026-07-08T00:50:00+08:00
d8440dfc-37f7-4088-bcbf-6694ff6a3175,M-1271,SESS-20260707-2672-0390,RENTAL_REDEMPTION,-300,4,2026-07-07T23:25:00+08:00
bb6f9dbd-a857-46f0-8c2e-89340d4d9dcd,M-1271,SESS-20260707-2672-0390,RENTAL_ACCRUAL,8,12,2026-07-08T02:25:00+08:00
7cc38165-fa06-43fe-9ea7-e9baacfba27f,M-1173,SESS-20260707-7518-0391,RENTAL_REDEMPTION,-100,195,2026-07-07T22:00:00+08:00
9f4d8adf-b329-4eb1-a6d6-8ddbf024fe6e,M-1173,SESS-20260707-7518-0391,RENTAL_ACCRUAL,11,206,2026-07-08T00:00:00+08:00
c79762aa-8b53-4c65-ab35-8802151e2d71,M-1023,SESS-20260707-2073-0392,RENTAL_ACCRUAL,24,104,2026-07-08T02:00:00+08:00
1e5b60f4-cfe3-4ed4-a2f7-d03dea3260b0,M-1797,SESS-20260707-6212-0393,RENTAL_ACCRUAL,15,66,2026-07-08T01:30:00+08:00
cb87e347-1ad4-45e1-a82e-31321782c0ac,M-1626,SESS-20260707-9436-0394,RENTAL_ACCRUAL,10,231,2026-07-07T18:35:00+08:00
75e32ea2-ab83-4318-ad92-dac783d1a48a,M-1188,SESS-20260707-4411-0395,RENTAL_ACCRUAL,28,408,2026-07-08T04:30:00+08:00
191e1dea-fd42-4db2-b698-d161849d7375,M-1688,SESS-20260707-1322-0396,RENTAL_ACCRUAL,108,377,2026-07-08T06:05:00+08:00
64a0c9cb-0d0a-4bcf-82f9-a71d24674a6c,M-1688,TIER_UPGRADE_Silver_TO_Gold,TIER_BONUS,100,477,2026-07-08T06:05:00+08:00
c7d6be92-28a5-49e7-a947-a08b786ba725,M-1172,SESS-20260707-3315-0397,RENTAL_ACCRUAL,5,170,2026-07-07T23:10:00+08:00
b7f31091-05a5-47ba-b8bd-106e8b8cdf87,M-1386,SESS-20260707-3788-0398,RENTAL_ACCRUAL,40,145,2026-07-08T02:15:00+08:00
d5055847-bb27-438e-8751-9f4082136345,M-1386,TIER_UPGRADE_Standard_TO_Silver,TIER_BONUS,50,195,2026-07-08T02:15:00+08:00
aeca0ad4-4c54-460b-90ae-0ec5abed914e,M-1562,SESS-20260707-2268-0399,RENTAL_REDEMPTION,-100,546,2026-07-07T21:50:00+08:00
d1a3773f-fd4a-4350-98b3-591dd3dab01e,M-1562,SESS-20260707-2268-0399,RENTAL_ACCRUAL,7,553,2026-07-07T22:50:00+08:00
8cc7ebe4-334e-4954-8aab-d6d082ff340d,M-1840,SESS-20260707-3552-0400,RENTAL_REDEMPTION,-100,1744,2026-07-07T23:00:00+08:00
a5eb0207-a39a-4d59-8303-1ee97609e321,M-1840,SESS-20260707-3552-0400,RENTAL_ACCRUAL,6,1750,2026-07-08T00:00:00+08:00
639e7697-da77-4598-b36b-16d52fb7f223,M-1600,SESS-20260707-8215-0401,RENTAL_ACCRUAL,24,80,2026-07-08T02:20:00+08:00
72665886-371f-41db-9974-c80ab78ede0c,M-1764,SESS-20260707-7475-0402,RENTAL_REDEMPTION,-100,21,2026-07-07T17:00:00+08:00
359fdb86-c4d1-4ea2-9469-9ca19ed98524,M-1764,SESS-20260707-7475-0402,RENTAL_ACCRUAL,19,40,2026-07-07T19:00:00+08:00
e372ad3c-055f-410a-8f65-6d8597158dbf,M-1235,SESS-20260707-6014-0403,RENTAL_ACCRUAL,16,442,2026-07-08T01:25:00+08:00
40b296ac-a7d4-400e-9dfd-20f6bc6eab41,M-1533,SESS-20260707-2120-0404,RENTAL_ACCRUAL,5,638,2026-07-07T23:20:00+08:00
d6326efb-3140-42b5-ae53-4ab8b731a133,M-1290,SESS-20260707-1110-0405,RENTAL_ACCRUAL,36,133,2026-07-08T02:50:00+08:00
e4c6da02-40a4-4da9-9c66-12b2424d8f0a,M-1019,SESS-20260707-8636-0406,RENTAL_ACCRUAL,15,192,2026-07-07T20:30:00+08:00
43b001ac-b011-4fef-a70b-9a59fbf25e1f,M-1043,SESS-20260707-2334-0407,RENTAL_REDEMPTION,-300,547,2026-07-07T23:25:00+08:00
b1bf28c8-ccb0-4f3e-aa7f-2bd9e689a959,M-1043,SESS-20260707-2334-0407,RENTAL_ACCRUAL,6,553,2026-07-08T02:25:00+08:00
4038f2cd-b582-44de-8d8b-d0cf378dcabd,M-1308,SESS-20260707-2942-0408,RENTAL_ACCRUAL,10,121,2026-07-07T22:40:00+08:00
12cc8830-e2b9-449d-b2c9-a3884d9b1cf0,M-1092,SESS-20260707-6463-0409,RENTAL_ACCRUAL,12,186,2026-07-07T21:30:00+08:00
2336568d-0a72-4077-b790-41679f1da897,M-1424,SESS-20260707-3838-0410,RENTAL_ACCRUAL,16,100,2026-07-07T22:45:00+08:00
f6de3133-45f4-4d43-96d2-f7aeae34db62,M-1286,SESS-20260707-1985-0411,RENTAL_ACCRUAL,15,78,2026-07-08T01:25:00+08:00
936344af-186e-4cd6-b688-2d5f54654af7,M-1726,SESS-20260707-2208-0412,RENTAL_ACCRUAL,5,67,2026-07-08T00:30:00+08:00
dd1f0304-f86e-4a61-92c8-5c4d4f34a546,M-1503,SESS-20260707-2108-0413,RENTAL_ACCRUAL,5,518,2026-07-08T00:50:00+08:00
8b92611f-7d5f-4939-89eb-d6091c0b49a7,M-1312,SESS-20260707-5283-0414,RENTAL_ACCRUAL,15,197,2026-07-08T01:00:00+08:00
3dba4741-ea52-4c1d-8e2d-03111bd0778b,M-1690,SESS-20260707-7875-0415,RENTAL_REDEMPTION,-100,39,2026-07-07T17:45:00+08:00
feaeee1a-0a50-4137-8502-153ee50c2fa2,M-1690,SESS-20260707-7875-0415,RENTAL_ACCRUAL,101,140,2026-07-08T01:45:00+08:00
353d3746-d6b9-4e0a-8b43-d4d5d0701dd5,M-1775,SESS-20260707-8397-0416,RENTAL_ACCRUAL,6,1250,2026-07-07T23:00:00+08:00
c5842876-bbf7-4abf-a611-1be3bbf6b5fa,M-1258,SESS-20260707-8591-0417,RENTAL_ACCRUAL,24,97,2026-07-07T23:35:00+08:00
6901a939-9cd5-4b45-ab56-3b0ca6748896,M-1827,SESS-20260707-5546-0418,RENTAL_ACCRUAL,27,193,2026-07-08T01:50:00+08:00
9e4c57b6-52e3-45a1-96bb-c8d8ca1658aa,M-1056,SESS-20260707-5293-0419,RENTAL_ACCRUAL,40,205,2026-07-07T21:25:00+08:00
1db53eff-d8a0-422c-8684-4a4626a7efd8,M-1195,SESS-20260707-5019-0420,RENTAL_ACCRUAL,10,104,2026-07-08T01:10:00+08:00
bedd6070-c144-4e4a-8e76-ffeaa339f602,M-1725,SESS-20260707-1100-0421,RENTAL_ACCRUAL,10,156,2026-07-07T22:00:00+08:00
60b6e6b2-a3a0-4c0f-a82a-75c949398d59,M-1109,SESS-20260707-3364-0422,RENTAL_ACCRUAL,25,107,2026-07-08T03:50:00+08:00
46898968-f6a6-4125-b794-576d7f35748c,M-1380,SESS-20260707-2705-0423,RENTAL_REDEMPTION,-100,74,2026-07-07T17:15:00+08:00
9d150613-89d6-4553-8ea0-db67cd692a48,M-1380,SESS-20260707-2705-0423,RENTAL_ACCRUAL,2,76,2026-07-07T18:15:00+08:00
d2847d03-fc44-4c17-96f5-f02abee99f4c,M-1371,SESS-20260707-3736-0424,RENTAL_ACCRUAL,45,243,2026-07-07T23:30:00+08:00
9aa8ce31-2126-4e06-b8b4-50eff00eb9e6,M-1207,SESS-20260707-3505-0425,RENTAL_ACCRUAL,5,98,2026-07-07T20:15:00+08:00
e41fe902-4e61-4d50-bb7d-382b404ead0b,M-2044,SESS-20260707-2120-0426,RENTAL_ACCRUAL,24,86,2026-07-08T01:50:00+08:00
1c2217b2-a125-4989-a8c2-72d6eb557cc7,M-1458,SESS-20260707-1147-0427,RENTAL_ACCRUAL,25,61,2026-07-08T03:05:00+08:00
cc38ffee-17d3-41f6-a69c-0dc57004ad67,M-1566,SESS-20260707-5983-0428,RENTAL_ACCRUAL,5,177,2026-07-07T22:55:00+08:00
3498fb18-3c73-4605-b720-8c7912d72eda,M-1556,SESS-20260707-1337-0429,RENTAL_ACCRUAL,16,46,2026-07-08T01:00:00+08:00
2886e02c-ac2b-4d67-8348-73f47e97b101,M-1492,SESS-20260707-9040-0430,RENTAL_ACCRUAL,11,199,2026-07-08T01:20:00+08:00
e752574b-f934-46f2-8355-7112646c835e,M-1416,SESS-20260707-7179-0431,RENTAL_ACCRUAL,6,2774,2026-07-07T17:45:00+08:00
20a0597b-3c8f-475b-a7eb-411af5797076,M-1164,SESS-20260707-7644-0432,RENTAL_ACCRUAL,5,213,2026-07-07T21:30:00+08:00
93a62875-7a76-429c-ae6c-dff071e5c473,M-1833,SESS-20260707-4379-0433,RENTAL_ACCRUAL,15,205,2026-07-08T02:45:00+08:00
2e537c56-03b7-4186-a105-2dbe67a50fb2,M-1085,SESS-20260707-4346-0434,RENTAL_ACCRUAL,36,245,2026-07-08T02:55:00+08:00
ea9bcc0d-9e1a-4039-8fe8-f32fec4dd14d,M-1992,SESS-20260707-2173-0435,RENTAL_ACCRUAL,10,34,2026-07-07T22:25:00+08:00
b6d24752-d39c-4ff2-86ef-8a21da58edf8,M-1584,SESS-20260707-7585-0436,RENTAL_ACCRUAL,5,42,2026-07-07T23:30:00+08:00
785cf08e-df95-49c6-b3f3-8f47ec796f32,M-1507,SESS-20260707-7964-0437,RENTAL_ACCRUAL,12,168,2026-07-08T00:00:00+08:00
25227f72-1144-4ac0-a196-ca4ce3a3b4a0,M-1842,SESS-20260707-5679-0438,RENTAL_ACCRUAL,10,38,2026-07-07T23:35:00+08:00
d294e2ab-285f-4570-a5f5-760b36a617f7,M-1366,SESS-20260707-2076-0439,RENTAL_ACCRUAL,10,91,2026-07-08T01:40:00+08:00
3f7949d3-c86b-487e-ad02-510d837c2d5e,M-1146,SESS-20260707-4295-0440,RENTAL_ACCRUAL,30,2912,2026-07-08T04:35:00+08:00
3bdd46d1-079a-4c92-b15a-3d1399f23224,M-1753,SESS-20260707-8945-0441,RENTAL_REDEMPTION,-100,35,2026-07-07T23:05:00+08:00
a61d2a19-e4c3-462c-8849-6c6eeb676972,M-1753,SESS-20260707-8945-0441,RENTAL_ACCRUAL,20,55,2026-07-08T04:05:00+08:00
1b50a305-dfe8-4509-9f50-9f2f073e797e,M-1471,SESS-20260707-4405-0442,RENTAL_ACCRUAL,5,139,2026-07-07T22:45:00+08:00
1867ed8e-4a06-453e-ae50-a4af430098e9,M-1375,SESS-20260707-5104-0443,RENTAL_ACCRUAL,5,73,2026-07-08T00:45:00+08:00
fb452422-3be8-488b-bf23-1fc20b28de8e,M-1743,SESS-20260707-3608-0444,RENTAL_REDEMPTION,-100,62,2026-07-07T21:00:00+08:00
9dae6399-1ced-4953-8cb6-d0d023de3709,M-1743,SESS-20260707-3608-0444,RENTAL_ACCRUAL,10,72,2026-07-08T00:00:00+08:00
ca8633bd-3300-4c7d-b2d4-9539ca3adadd,M-1063,SESS-20260707-9873-0445,RENTAL_ACCRUAL,11,116,2026-07-07T20:00:00+08:00
145de5f4-5d02-499f-a121-db07fe43b36f,M-1998,SESS-20260707-5279-0446,RENTAL_ACCRUAL,15,68,2026-07-08T00:45:00+08:00
e59f34e3-47a7-4419-9ec9-1782ca1b1055,M-1544,SESS-20260707-1183-0447,RENTAL_ACCRUAL,36,94,2026-07-08T00:40:00+08:00
99b754d4-ac88-4a18-9ed6-5e5dc81b5ae9,M-1416,SESS-20260707-9190-0448,RENTAL_ACCRUAL,76,2850,2026-07-08T07:00:00+08:00
65a04ef1-e5e3-4da3-9a55-e217dcdf1635,M-1462,SESS-20260707-9202-0449,RENTAL_ACCRUAL,27,417,2026-07-07T09:35:00+08:00
287f73b7-94db-4a73-9cc9-f612d5e38885,M-1127,SESS-20260707-5836-0450,RENTAL_ACCRUAL,11,315,2026-07-08T01:00:00+08:00
a2abc6c5-088a-4d39-8ce7-73c1efb0de96,M-1445,SESS-20260707-1610-0451,RENTAL_ACCRUAL,5,132,2026-07-08T00:55:00+08:00
706be7d1-5fbb-43bb-b953-6dba90bf72ec,M-1217,SESS-20260707-4635-0452,RENTAL_ACCRUAL,16,144,2026-07-08T01:00:00+08:00
9d064aad-54b1-4ccb-b6a3-fccc1d1d54e5,M-1003,SESS-20260707-1826-0453,RENTAL_REDEMPTION,-100,68,2026-07-07T23:55:00+08:00
566fa57d-40c4-4298-b525-ac838d47c2f3,M-1003,SESS-20260707-1826-0453,RENTAL_ACCRUAL,35,103,2026-07-08T04:55:00+08:00
6c2f987b-dc42-4252-bc40-efa9d8d3da45,M-1656,SESS-20260707-1338-0454,RENTAL_REDEMPTION,-200,267,2026-07-07T21:30:00+08:00
9f4e846f-e227-4024-9d36-8a9b4cb62ea9,M-1656,SESS-20260707-1338-0454,RENTAL_ACCRUAL,5,272,2026-07-07T23:30:00+08:00
67d13a3d-e8dc-4a2e-ae5b-f7781fe0a8e8,M-1593,SESS-20260707-6757-0455,RENTAL_ACCRUAL,10,147,2026-07-08T01:00:00+08:00
3393ea74-cadd-42f8-b882-4964ad70bffa,M-1643,SESS-20260707-9402-0456,RENTAL_REDEMPTION,-100,149,2026-07-07T18:45:00+08:00
79ddba4d-374f-426c-b114-620acf377aec,M-1643,SESS-20260707-9402-0456,RENTAL_ACCRUAL,19,168,2026-07-07T21:45:00+08:00
39491b55-2404-4a82-baba-e7c96c001e18,M-1236,SESS-20260707-6840-0457,RENTAL_REDEMPTION,-100,26,2026-07-07T18:30:00+08:00
f509d27a-c83f-4d96-96e9-ec231642e30c,M-1236,SESS-20260707-6840-0457,RENTAL_ACCRUAL,59,85,2026-07-08T02:30:00+08:00
8049e1d4-9bf9-436d-89a0-c93a7036ab5e,M-1236,TIER_UPGRADE_Standard_TO_Silver,TIER_BONUS,50,135,2026-07-08T02:30:00+08:00
c4634529-4d1c-4627-9680-2701b59fe0ce,M-1088,SESS-20260707-5614-0458,RENTAL_ACCRUAL,18,202,2026-07-08T01:40:00+08:00
53b6bd3a-271c-4989-8ab7-85c80ff27956,M-1648,ORD-20260707-3918-0001,CONCESSION_ACCRUAL,11,655,2026-07-07T18:44:26+08:00
ee6b85a2-e333-4977-9829-dc23adf63851,M-1722,ORD-20260708-8089-0002,CONCESSION_ACCRUAL,30,662,2026-07-08T00:37:34+08:00
e205ee68-46d2-4df9-a631-88b5239ad2f6,M-1925,ORD-20260707-9290-0003,CONCESSION_ACCRUAL,12,92,2026-07-07T23:57:11+08:00
f00aa1b3-3ebc-4fca-bd3a-a9c1ecfcb731,M-1516,ORD-20260707-1567-0004,CONCESSION_ACCRUAL,6,32,2026-07-07T18:10:22+08:00
5bbd089b-7cb2-47a1-bde3-dd7b1c56b7ea,M-1659,ORD-20260707-3807-0005,CONCESSION_ACCRUAL,15,76,2026-07-07T19:48:09+08:00
1c7165b4-0aed-4e65-bdd9-4582cfe9f47f,M-1343,ORD-20260707-5128-0006,CONCESSION_ACCRUAL,19,105,2026-07-07T20:58:37+08:00
6b0d7fbc-c3ef-475c-a351-fed7b46a4878,M-1520,ORD-20260708-2570-0007,CONCESSION_ACCRUAL,15,675,2026-07-08T00:00:08+08:00
454ff7f6-af7c-48e5-820f-d2ab1468d59d,M-1282,ORD-20260707-6674-0008,CONCESSION_ACCRUAL,9,262,2026-07-07T17:09:19+08:00
c771868b-dd34-49be-8ddd-91e346149319,M-1502,ORD-20260707-5272-0009,CONCESSION_ACCRUAL,12,163,2026-07-07T19:14:19+08:00
a4ea3a6a-0c3b-47b8-9d7e-6c7435d60df0,M-1005,ORD-20260707-2207-0010,CONCESSION_ACCRUAL,18,130,2026-07-07T06:44:12+08:00
ec50e70d-1770-41fe-99d0-834b24ff7b74,M-1251,ORD-20260707-9792-0011,CONCESSION_ACCRUAL,6,53,2026-07-07T20:55:21+08:00
0bc4e5f5-4e6e-4244-8c43-9a92caa19c67,M-1707,ORD-20260708-7604-0012,CONCESSION_ACCRUAL,9,1252,2026-07-08T01:43:51+08:00
f20bf0f7-1b81-45a9-88ed-ab3dc42ba310,M-1250,ORD-20260707-8744-0013,CONCESSION_ACCRUAL,25,196,2026-07-07T18:04:51+08:00
7b39dfbf-c25b-4a35-8a67-beaaa0099b38,M-1250,TIER_UPGRADE_Standard_TO_Silver,TIER_BONUS,50,246,2026-07-07T18:04:51+08:00
94e02479-eb76-4043-b37d-4723b4723be5,M-1492,ORD-20260707-5556-0014,CONCESSION_ACCRUAL,22,221,2026-07-07T23:51:37+08:00
321a9482-2386-4024-8113-ca28028624d0,M-1234,ORD-20260707-7283-0015,CONCESSION_ACCRUAL,6,165,2026-07-07T16:25:48+08:00
de0e27f3-d70b-4e61-8f4f-3eecb2c56523,M-1760,ORD-20260708-7213-0016,CONCESSION_ACCRUAL,13,58,2026-07-08T00:15:50+08:00
2a108d7d-7597-4c30-9aa3-646500cc1478,M-1276,ORD-20260707-9562-0017,CONCESSION_ACCRUAL,15,467,2026-07-07T19:28:33+08:00
95e89de6-62c3-4605-bd11-bc0a48304d84,M-1010,ORD-20260708-8637-0018,CONCESSION_ACCRUAL,18,148,2026-07-08T00:47:05+08:00
4506f1cf-9f70-43a5-ad51-15bd40aa5684,M-1257,ORD-20260708-6174-0019,CONCESSION_ACCRUAL,9,120,2026-07-08T02:26:41+08:00
b8c1f10e-57bd-4812-949a-f0598f6a797c,M-1439,ORD-20260707-8442-0020,CONCESSION_ACCRUAL,30,171,2026-07-07T19:12:49+08:00
f42e2896-593e-4ff0-aa96-5ce780562b36,M-1385,ORD-20260707-6812-0021,CONCESSION_ACCRUAL,13,85,2026-07-07T14:35:11+08:00
8d8a5d52-6788-4608-80ec-61d70b539923,M-1282,ORD-20260708-8085-0022,CONCESSION_ACCRUAL,45,307,2026-07-08T04:28:52+08:00
2403998f-c75c-4b05-a603-42921478b201,M-1319,ORD-20260707-3935-0023,CONCESSION_ACCRUAL,49,172,2026-07-07T21:26:54+08:00
b49acde5-c01d-46af-9748-41974e608625,M-1337,ORD-20260707-8062-0024,CONCESSION_ACCRUAL,8,794,2026-07-07T04:51:44+08:00
94a03160-6ab5-4d5f-9fb7-f4e6829d62c0,M-1366,ORD-20260707-2895-0025,CONCESSION_ACCRUAL,25,116,2026-07-07T18:52:43+08:00
d46b020a-bc68-4ebb-b35f-d9d87614dc5f,M-1290,ORD-20260708-5609-0026,CONCESSION_ACCRUAL,12,145,2026-07-08T01:13:44+08:00
f87524a0-9ced-497f-a1b5-9219023db7ac,M-1816,ORD-20260707-7992-0027,CONCESSION_ACCRUAL,9,84,2026-07-07T22:53:28+08:00
a9831af2-86e7-459f-a4d9-4c48eb54cc0d,M-1713,ORD-20260708-8646-0028,CONCESSION_ACCRUAL,3,389,2026-07-08T01:19:13+08:00
36669855-a25f-4918-be0e-905bb5e28dfa,M-1724,ORD-20260707-2780-0029,CONCESSION_ACCRUAL,27,106,2026-07-07T22:01:00+08:00
73d052ca-b1f6-43c1-bb7d-c271af8b9931,M-1758,ORD-20260707-9498-0030,CONCESSION_ACCRUAL,3,112,2026-07-07T20:16:22+08:00
c894e1a2-bc5a-4833-90b0-3dae7733c98a,M-1670,ORD-20260707-7621-0031,CONCESSION_ACCRUAL,13,280,2026-07-07T18:52:12+08:00
ae5f57e8-3022-4fc1-bccb-8256d04a3549,M-1805,ORD-20260707-7157-0032,CONCESSION_ACCRUAL,9,122,2026-07-07T22:47:32+08:00
5a7a5b37-11ec-41f0-9731-4cfdbc12e64e,M-1262,ORD-20260707-3812-0033,CONCESSION_ACCRUAL,6,286,2026-07-07T21:41:18+08:00
5ff3da69-7060-4d31-aec4-e2591eb764e4,M-1411,ORD-20260707-4454-0034,CONCESSION_ACCRUAL,18,305,2026-07-07T17:01:47+08:00
0c7e96e4-0f52-485c-aeb5-156eadbbc8d4,M-1530,ORD-20260707-8246-0035,CONCESSION_ACCRUAL,18,505,2026-07-07T15:06:12+08:00
637686b9-2b48-4140-a555-3977cb65c2e9,M-1164,ORD-20260707-6578-0036,CONCESSION_ACCRUAL,16,229,2026-07-07T09:05:14+08:00
21ee64c1-dca7-4f16-8d69-12d2f4f4e537,M-1815,ORD-20260707-8398-0037,CONCESSION_ACCRUAL,6,49,2026-07-07T06:58:08+08:00
f79310cf-c303-48cd-9727-ca6ea51b4b46,M-1838,ORD-20260707-5234-0038,CONCESSION_ACCRUAL,30,223,2026-07-07T20:48:24+08:00
e584a6a8-0891-4600-923a-7f59289686f1,M-1574,ORD-20260708-6208-0039,CONCESSION_ACCRUAL,22,128,2026-07-08T00:26:26+08:00
39114f8b-a323-47b6-b584-eabf3fd46571,M-1687,ORD-20260707-6022-0040,CONCESSION_ACCRUAL,3,219,2026-07-07T23:28:50+08:00
94dc93e9-13f2-4155-9691-aa21a0047be8,M-1625,ORD-20260707-4217-0041,CONCESSION_ACCRUAL,12,2775,2026-07-07T20:44:00+08:00
284bfb23-3747-42e3-90ed-d872ca6e1fb6,M-1146,ORD-20260708-2801-0042,CONCESSION_ACCRUAL,18,2930,2026-07-08T03:18:53+08:00
f7c4aac0-9a39-447b-91e6-58a5d86a85b1,M-1024,ORD-20260707-4587-0043,CONCESSION_ACCRUAL,6,58,2026-07-07T22:44:22+08:00
e8fbb23f-fa21-4a5d-9d0d-f884a2a9a3ed,M-1604,ORD-20260707-6151-0044,CONCESSION_ACCRUAL,9,87,2026-07-07T21:49:16+08:00
9cbd6830-826a-4bb7-a137-357eb1ac120d,M-1655,ORD-20260707-2680-0045,CONCESSION_ACCRUAL,12,100,2026-07-07T17:29:04+08:00
0622c2f0-18e0-47ab-944c-6c1afee09ad9,M-1054,ORD-20260707-3875-0046,CONCESSION_ACCRUAL,24,92,2026-07-07T20:08:58+08:00
21c9200c-518d-4aa3-81d2-5b28b4d4b910,M-1054,TIER_UPGRADE_Standard_TO_Silver,TIER_BONUS,50,142,2026-07-07T20:08:58+08:00
0798d375-4a7c-4a55-8637-0ce0f4552b6e,M-1185,ORD-20260707-9530-0047,CONCESSION_ACCRUAL,6,142,2026-07-07T16:26:29+08:00
be860d6a-c335-4b0f-90f5-7351c50cb3f1,M-1610,ORD-20260707-2775-0048,CONCESSION_ACCRUAL,8,160,2026-07-07T22:31:07+08:00
803a641e-fd18-4d70-b9a9-efb230bbb212,M-1404,ORD-20260707-1392-0049,CONCESSION_ACCRUAL,7,144,2026-07-07T20:16:19+08:00
3524bd79-f781-4406-970f-fa19365b8e33,M-1405,ORD-20260707-6982-0050,CONCESSION_ACCRUAL,8,133,2026-07-07T21:52:00+08:00
123abd7c-be4d-4537-ac63-cbff7ae6bef6,M-1312,ORD-20260707-6648-0051,CONCESSION_ACCRUAL,6,203,2026-07-07T22:20:53+08:00
c60fb666-cf25-4234-a2a0-ab1b8256329c,M-1393,ORD-20260707-5005-0052,CONCESSION_ACCRUAL,11,74,2026-07-07T04:41:44+08:00
8b10747b-fbf2-40d7-8e5d-a077836bf3b8,M-1469,ORD-20260707-5680-0053,CONCESSION_ACCRUAL,15,73,2026-07-07T21:13:35+08:00
a0cc7439-416e-4187-a4a0-35e3802c1226,M-1138,ORD-20260707-4780-0054,CONCESSION_ACCRUAL,3,347,2026-07-07T23:52:06+08:00
d7620aa1-c73d-4aad-9a1f-37707de443fb,M-1288,ORD-20260707-2201-0055,CONCESSION_ACCRUAL,53,821,2026-07-07T19:20:17+08:00
0b435f5b-d66b-412d-be92-bd507feb95fd,M-1836,ORD-20260708-5818-0056,CONCESSION_ACCRUAL,13,157,2026-07-08T00:10:41+08:00
1598a615-1e4c-4691-b3b5-71760cbb6487,M-1015,ORD-20260708-5167-0057,CONCESSION_ACCRUAL,25,171,2026-07-08T03:26:37+08:00
56b330cd-3962-4dca-92e0-aea488c7c84d,M-1424,ORD-20260707-1489-0058,CONCESSION_ACCRUAL,8,108,2026-07-07T22:05:15+08:00
19572b56-eda9-431d-81de-f55de23385da,M-1613,ORD-20260707-8012-0059,CONCESSION_ACCRUAL,50,134,2026-07-07T19:39:53+08:00
5c1aac76-bef3-470a-9959-61652368e3df,M-1460,ORD-20260707-1362-0060,CONCESSION_ACCRUAL,33,123,2026-07-07T15:55:59+08:00
12917c3f-776f-4ee8-bb06-104fa7f56db0,M-1472,ORD-20260707-1286-0061,CONCESSION_ACCRUAL,3,256,2026-07-07T21:06:06+08:00
b74dcc84-a8a7-4e77-9e1b-c52b05e22732,M-1264,ORD-20260707-7773-0062,CONCESSION_ACCRUAL,9,265,2026-07-07T18:06:18+08:00
d82e3f4d-b1bf-4cab-bf54-5939ffd7ab8c,M-1235,ORD-20260707-1946-0063,CONCESSION_ACCRUAL,15,457,2026-07-07T23:46:26+08:00
710692e8-16bb-4750-9ab4-3d336417be65,M-1393,ORD-20260707-3345-0064,CONCESSION_ACCRUAL,40,114,2026-07-07T21:18:29+08:00
d080f927-c3f8-43ad-8d06-558c78fdba00,M-1864,ORD-20260707-4086-0065,CONCESSION_ACCRUAL,3,90,2026-07-07T22:34:12+08:00
6813e10b-9d3e-4b54-8d0a-b491a7439d79,M-1366,ORD-20260708-2082-0066,CONCESSION_ACCRUAL,20,136,2026-07-08T01:28:00+08:00
1c1a7581-15b0-4d32-bd81-2e8c04589d1c,M-1646,ORD-20260707-6533-0067,CONCESSION_ACCRUAL,28,232,2026-07-07T20:23:37+08:00
51a70ebe-1f15-4e5e-9009-e5cefae7d109,M-1725,ORD-20260707-5900-0068,CONCESSION_ACCRUAL,13,169,2026-07-07T20:03:45+08:00
08115a5e-90a4-4903-8c55-902e7641b6e1,M-1474,ORD-20260707-9609-0069,CONCESSION_ACCRUAL,3,55,2026-07-07T18:50:10+08:00
f21a1db3-c123-429d-8241-a66bbdb07a95,M-1130,ORD-20260708-5439-0070,CONCESSION_ACCRUAL,19,74,2026-07-08T02:55:57+08:00
0d0c341c-df38-4f13-bc26-60dfacfef35d,M-1745,ORD-20260707-7129-0071,CONCESSION_ACCRUAL,6,166,2026-07-07T13:58:10+08:00
70320d29-7100-47bf-9cac-8197553d5b8a,M-1556,ORD-20260708-1673-0072,CONCESSION_ACCRUAL,27,73,2026-07-08T00:45:20+08:00
4da8a38f-cd9d-4117-a49d-239c06d32452,M-1817,ORD-20260707-1004-0073,CONCESSION_ACCRUAL,30,264,2026-07-07T23:45:26+08:00
011e9767-e126-447d-bb8d-f166f5be7bd8,M-1677,ORD-20260707-6007-0074,CONCESSION_ACCRUAL,22,99,2026-07-07T23:13:10+08:00
20a93d64-1833-4495-af14-26146fe3a66a,M-1213,ORD-20260707-8520-0075,CONCESSION_ACCRUAL,12,62,2026-07-07T20:39:45+08:00
6bfad3a1-3a68-40bc-94f5-e8310f0160d8,M-1092,ORD-20260707-3494-0076,CONCESSION_ACCRUAL,16,202,2026-07-07T21:25:25+08:00
b47e7c1b-21fb-4f08-84a0-2a4f209b3ebd,M-1113,ORD-20260707-9504-0077,CONCESSION_ACCRUAL,36,178,2026-07-07T22:14:01+08:00
933046de-cfcf-495f-915d-5aec0c485834,M-1113,TIER_UPGRADE_Standard_TO_Silver,TIER_BONUS,50,228,2026-07-07T22:14:01+08:00
00d623e0-1d57-4833-91e6-95a28ac40582,M-1560,ORD-20260707-2893-0078,CONCESSION_ACCRUAL,20,47,2026-07-07T20:27:51+08:00
e8e91e63-dbd0-49d6-9d0e-af2f8d788f4f,M-1371,ORD-20260707-2157-0079,CONCESSION_ACCRUAL,20,263,2026-07-07T20:15:02+08:00
bf5f2fbb-916b-4521-98fa-79945d2851fe,M-1808,ORD-20260707-8472-0080,CONCESSION_ACCRUAL,24,1862,2026-07-07T16:52:44+08:00
bee7e09b-2441-4b72-af4e-e126548fffcd,M-1218,ORD-20260707-7587-0081,CONCESSION_ACCRUAL,9,119,2026-07-07T20:45:01+08:00
b27b83f4-bf52-429c-bcc8-02a05d404a85,M-1055,ORD-20260708-2219-0082,CONCESSION_ACCRUAL,12,145,2026-07-08T00:38:02+08:00
7b972e96-365a-4938-b2ab-fae396546a2b,M-1493,ORD-20260707-5308-0083,CONCESSION_ACCRUAL,6,87,2026-07-07T20:40:07+08:00
4cd653e5-e4fe-4735-927c-7d17386ce5f5,M-1830,ORD-20260707-1895-0084,CONCESSION_ACCRUAL,3,145,2026-07-07T18:57:15+08:00
08f93eb6-08ff-45ff-b9fe-18eb563e9bd8,M-1523,ORD-20260707-5677-0085,CONCESSION_ACCRUAL,17,88,2026-07-07T21:08:17+08:00
ace877fb-e781-4461-94aa-a6033919b005,M-1334,ORD-20260707-9819-0086,CONCESSION_ACCRUAL,12,179,2026-07-07T18:12:53+08:00
ad247fc8-0b73-405d-9c85-6d2e17945f44,M-1204,ORD-20260707-9781-0087,CONCESSION_ACCRUAL,8,150,2026-07-07T20:00:11+08:00
6e9d25a9-b6c5-468d-974d-49b0a7da52d1,M-1992,ORD-20260707-3741-0088,CONCESSION_ACCRUAL,22,56,2026-07-07T22:08:48+08:00
70eaa78c-8494-4c21-8cd1-37a5bdd71a5e,M-1359,ORD-20260707-6097-0089,CONCESSION_ACCRUAL,19,1854,2026-07-07T23:12:04+08:00
ffe7406d-2e56-4271-868f-ef6d02e03ea9,M-1839,ORD-20260707-9299-0090,CONCESSION_ACCRUAL,13,129,2026-07-07T21:15:02+08:00
2d0feec4-919c-4bd9-ac50-903da6a2ade2,M-1292,ORD-20260707-7163-0091,CONCESSION_ACCRUAL,11,317,2026-07-07T23:21:20+08:00
7cf61624-9618-488e-a663-6025183e8b84,M-1220,ORD-20260707-2955-0092,CONCESSION_ACCRUAL,27,1569,2026-07-07T09:51:11+08:00
fe22aafa-df06-48bd-9a96-3b064bbdfcdd,M-1804,ORD-20260707-9949-0093,CONCESSION_ACCRUAL,6,41,2026-07-07T22:57:48+08:00
f67933af-acc0-41ac-b1f3-a4824738d438,M-1207,ORD-20260707-7698-0094,CONCESSION_ACCRUAL,3,101,2026-07-07T14:19:08+08:00
ca00899f-fc92-4066-8174-51f53898eb9d,M-1095,ORD-20260708-4468-0095,CONCESSION_ACCRUAL,8,200,2026-07-08T06:59:21+08:00
9931d6cc-03ff-4ca4-8f11-50301a473872,M-1792,ORD-20260707-7868-0096,CONCESSION_ACCRUAL,9,2214,2026-07-07T20:32:22+08:00
78420d64-deae-4acf-adb6-3e61f3bd3c60,M-1042,ORD-20260707-8806-0097,CONCESSION_ACCRUAL,13,42,2026-07-07T21:24:06+08:00
d0157e84-fe20-4b8d-a492-fa3ea5c91d88,M-1780,ORD-20260707-6123-0098,CONCESSION_ACCRUAL,19,94,2026-07-07T23:53:00+08:00
f34a1242-a129-44f1-880b-b3ee638f67c5,M-1600,ORD-20260708-8652-0099,CONCESSION_ACCRUAL,9,89,2026-07-08T01:23:08+08:00
1188213d-a8f6-49ea-8960-e553a1ba652e,M-1831,ORD-20260707-3498-0100,CONCESSION_ACCRUAL,7,153,2026-07-07T21:15:11+08:00
8269d27e-6d56-47b4-b11d-3363d07a344c,M-1121,ORD-20260707-9705-0101,CONCESSION_ACCRUAL,11,156,2026-07-07T11:59:46+08:00
4b703081-7853-4367-9dc4-c6511c0884a4,M-1174,ORD-20260707-6872-0102,CONCESSION_ACCRUAL,15,85,2026-07-07T23:42:11+08:00
40e69a63-507c-4908-abca-7017ccccd09b,M-1614,ORD-20260708-3628-0103,CONCESSION_ACCRUAL,30,115,2026-07-08T02:24:41+08:00
6cafc9ec-afb1-4d77-91f3-14e386eacf5f,M-1606,ORD-20260707-1422-0104,CONCESSION_ACCRUAL,30,520,2026-07-07T15:10:31+08:00
cd1688f7-3bd7-407c-940c-098a3fa13638,M-1728,ORD-20260707-7937-0105,CONCESSION_ACCRUAL,38,176,2026-07-07T22:27:54+08:00
d52e2e1a-2cea-4002-b0ba-db3d9f3e2519,M-1524,ORD-20260707-6728-0106,CONCESSION_ACCRUAL,18,153,2026-07-07T19:30:26+08:00
556cba7c-735c-4555-9b91-a61562c6671d,M-1524,TIER_UPGRADE_Standard_TO_Silver,TIER_BONUS,50,203,2026-07-07T19:30:26+08:00
96a671f3-cc81-480d-a6f3-ddff561f671c,M-1313,ORD-20260707-3194-0107,CONCESSION_ACCRUAL,9,109,2026-07-07T20:39:07+08:00
95688656-64be-4987-ab39-57d0d71d8475,M-1271,ORD-20260708-4984-0108,CONCESSION_ACCRUAL,31,43,2026-07-08T02:11:39+08:00
9e7decde-97db-4708-8b48-a9903079a4f7,M-1179,ORD-20260707-7538-0109,CONCESSION_ACCRUAL,15,237,2026-07-07T21:15:05+08:00
51016d57-d718-4d89-b813-4f803676212f,M-1798,ORD-20260707-6037-0110,CONCESSION_ACCRUAL,27,233,2026-07-07T21:57:18+08:00
0dae410d-7a01-43d8-ab6d-aaf6b3406e0d,M-1656,ORD-20260707-2706-0111,CONCESSION_ACCRUAL,10,282,2026-07-07T08:49:02+08:00
29175dac-67fa-4878-872a-ed99d43615a4,M-1740,ORD-20260707-6877-0112,CONCESSION_ACCRUAL,31,1582,2026-07-07T19:04:31+08:00
efedb341-4971-4648-8833-44a80b714d0a,M-1865,ORD-20260707-2239-0113,CONCESSION_ACCRUAL,9,97,2026-07-07T23:09:46+08:00
9455f521-d416-4625-b7ae-576e75292bf0,M-1612,ORD-20260707-7238-0114,CONCESSION_ACCRUAL,6,179,2026-07-07T21:57:32+08:00
9eab9fe6-4534-4dc3-be95-c3749d1411fc,M-1615,ORD-20260707-1728-0115,CONCESSION_ACCRUAL,6,36,2026-07-07T23:14:37+08:00
92fdeeae-03ff-457a-b548-c3fc0567b541,M-1029,ORD-20260707-1821-0116,CONCESSION_ACCRUAL,10,563,2026-07-07T22:04:15+08:00
b215b3ec-4949-499d-a809-e64615e1b6f0,M-1018,ORD-20260707-7556-0117,CONCESSION_ACCRUAL,12,222,2026-07-07T15:59:38+08:00
29d727b8-d0d0-43a8-8029-a61a6fa02a62,M-1236,ORD-20260707-4997-0118,CONCESSION_ACCRUAL,8,143,2026-07-07T23:33:17+08:00
872f4dc0-5595-47cd-84e9-e76ba06055d5,M-1380,ORD-20260707-1869-0119,CONCESSION_ACCRUAL,11,87,2026-07-07T17:21:41+08:00
f89848a8-ac26-47db-bb8a-9e90bce70468,M-1724,ORD-20260707-7837-0120,CONCESSION_ACCRUAL,13,119,2026-07-07T14:07:58+08:00
7d23c404-ccdf-419f-a06b-53d49ca93299,M-1581,ORD-20260707-9083-0121,CONCESSION_ACCRUAL,19,195,2026-07-07T17:08:07+08:00
4b0bbdc7-b0cf-4dee-8616-ba6aa2c35fe3,M-1462,ORD-20260707-1320-0122,CONCESSION_ACCRUAL,25,442,2026-07-07T09:29:22+08:00
d87f4070-544c-4694-bb1c-69cd6dd750fb,M-1723,ORD-20260708-2623-0123,CONCESSION_ACCRUAL,22,164,2026-07-08T01:02:33+08:00
2c9e49da-5359-4634-8fa5-62397e3ffc4c,M-1084,ORD-20260707-1393-0124,CONCESSION_ACCRUAL,12,79,2026-07-07T18:54:27+08:00
d9ee8b3e-ce05-47db-8aa5-90c695005a74,M-1998,ORD-20260707-9457-0125,CONCESSION_ACCRUAL,17,85,2026-07-07T22:50:40+08:00
dab7886a-8d82-491b-9f0b-cb8e988d28e7,M-1001,ORD-20260708-2385-0126,CONCESSION_ACCRUAL,18,71,2026-07-08T04:21:42+08:00
21af0d82-6fc8-4584-b174-82a9de5e113d,M-1365,ORD-20260707-4726-0127,CONCESSION_ACCRUAL,23,115,2026-07-07T10:40:26+08:00
b1d4061c-b957-4d4c-a7e6-677ec888ca3c,M-1079,ORD-20260708-5307-0128,CONCESSION_ACCRUAL,12,267,2026-07-08T03:41:57+08:00
ddafbda1-2e25-466e-b146-22312009c7d1,M-1808,ORD-20260708-3637-0129,CONCESSION_ACCRUAL,13,1875,2026-07-08T02:24:10+08:00
9c4803c6-617f-484a-b3c9-d492790d46e7,M-1698,ORD-20260708-5641-0130,CONCESSION_ACCRUAL,21,121,2026-07-08T03:10:13+08:00
2674cc6f-f0a9-46da-bce6-4a67c54b287a,M-1464,ORD-20260707-5225-0131,CONCESSION_ACCRUAL,11,100,2026-07-07T23:38:17+08:00
a336b2a5-bb01-4c9e-bd42-d85b41965ac7,M-1607,ORD-20260707-2354-0132,CONCESSION_ACCRUAL,9,141,2026-07-07T08:11:39+08:00
60a27dd1-dfce-42f1-bce7-563a267bb119,M-1416,ORD-20260708-3446-0133,CONCESSION_ACCRUAL,72,2922,2026-07-08T06:13:42+08:00
527de39d-313e-4c77-8df3-fde19a6d9895,M-1536,ORD-20260707-1989-0134,CONCESSION_ACCRUAL,30,128,2026-07-07T19:49:35+08:00
44c0769f-ed18-4321-bde1-e132959ee574,M-1173,ORD-20260707-4789-0135,CONCESSION_ACCRUAL,11,217,2026-07-07T22:26:44+08:00
19db6a69-a52e-4990-ab43-0942a5e88f32,M-1387,ORD-20260707-4996-0136,CONCESSION_ACCRUAL,8,67,2026-07-07T21:41:07+08:00
0526fe52-33c9-462d-826b-b56a92ec2347,M-1764,ORD-20260707-2089-0137,CONCESSION_ACCRUAL,24,64,2026-07-07T17:34:10+08:00
63d56c5d-1c4e-4b3d-a02f-9213eabc6d6e,M-1764,TIER_UPGRADE_Standard_TO_Silver,TIER_BONUS,50,114,2026-07-07T17:34:10+08:00
e8f6fd18-bf3b-4491-8a7c-bc1dea6c842e,M-1842,ORD-20260707-5005-0138,CONCESSION_ACCRUAL,18,56,2026-07-07T22:23:50+08:00
c98c08fc-83e4-4764-a4a1-058ef156b19a,M-1068,ORD-20260707-1517-0139,CONCESSION_ACCRUAL,6,144,2026-07-07T23:20:52+08:00
e6f729a1-f19c-4084-af8d-92da5308a079,M-1153,ORD-20260708-6866-0140,CONCESSION_ACCRUAL,16,108,2026-07-08T00:04:40+08:00
4c3c47d2-ee90-42fc-aa40-a63b019b1eb2,M-1274,ORD-20260707-1715-0141,CONCESSION_ACCRUAL,13,95,2026-07-07T20:37:08+08:00
411e5e62-893a-4f58-adce-d3166a48725d,M-1080,ORD-20260707-7645-0142,CONCESSION_ACCRUAL,8,111,2026-07-07T20:04:41+08:00
a92f39aa-b959-4e42-8982-41a309cd95cf,M-1288,ORD-20260707-4684-0143,CONCESSION_ACCRUAL,9,830,2026-07-07T16:58:06+08:00
4b6ed6b2-93a0-424a-b1c7-6a76304a6f25,M-1211,ORD-20260707-6449-0144,CONCESSION_ACCRUAL,25,112,2026-07-07T01:26:21+08:00
1577f50d-b879-405f-af59-a93b838f21d3,M-1211,TIER_UPGRADE_Standard_TO_Silver,TIER_BONUS,50,162,2026-07-07T01:26:21+08:00
02a4f4a5-34ec-4270-b4ee-576c5417d879,M-1567,ORD-20260707-9094-0145,CONCESSION_ACCRUAL,9,339,2026-07-07T18:19:23+08:00
92d5cdf1-d6bb-4933-b701-de50c4219751,M-1163,ORD-20260707-8825-0146,CONCESSION_ACCRUAL,6,129,2026-07-07T23:24:37+08:00
db7ade26-6c6e-4363-a500-1778b3894441,M-1845,ORD-20260707-8040-0147,CONCESSION_ACCRUAL,3,41,2026-07-07T12:10:19+08:00
f6c3c1b7-ed24-4a53-a9d1-f797ba8576ac,M-1502,ORD-20260707-8481-0148,CONCESSION_ACCRUAL,9,172,2026-07-07T21:31:11+08:00
9802cb97-1586-438a-9da4-37fe6308b325,M-1834,ORD-20260707-7301-0149,CONCESSION_ACCRUAL,21,280,2026-07-07T21:54:16+08:00
d06984c1-2601-4458-9eeb-9e33609fde5d,M-1834,TIER_UPGRADE_Standard_TO_Silver,TIER_BONUS,50,330,2026-07-07T21:54:16+08:00
e7a2ea91-e2aa-48db-9ef9-50e6e08f2d15,M-1373,ORD-20260707-5856-0150,CONCESSION_ACCRUAL,18,131,2026-07-07T19:43:33+08:00
737ab3ae-45ea-4eb2-99f0-aa798b22e2bc,M-1546,ORD-20260707-4157-0151,CONCESSION_ACCRUAL,15,188,2026-07-07T23:35:39+08:00
adb8f907-81f4-4ecf-b5e5-01a6100c332f,M-1804,ORD-20260707-8998-0152,CONCESSION_ACCRUAL,6,47,2026-07-07T18:23:17+08:00
cefaac71-4038-48f4-91ab-05841c2e2c4d,M-1399,ORD-20260708-4525-0153,CONCESSION_ACCRUAL,18,184,2026-07-08T05:28:09+08:00
3a201d3b-0eb3-4d03-a2bb-e1c5dcfc1d7e,M-1741,ORD-20260707-3219-0154,CONCESSION_ACCRUAL,47,341,2026-07-07T21:11:14+08:00
0dca2e8a-04c4-4def-bbd9-d2f4d2d71ced,M-1802,ORD-20260707-8057-0155,CONCESSION_ACCRUAL,11,284,2026-07-07T15:21:36+08:00
2bbdce9d-7409-4a4a-93e1-c1208f5cb8a7,M-1127,ORD-20260707-8618-0156,CONCESSION_ACCRUAL,8,323,2026-07-07T23:58:33+08:00
d7635c61-4dbf-41d2-a077-04262567942a,M-1503,ORD-20260708-7072-0157,CONCESSION_ACCRUAL,11,529,2026-07-08T00:34:31+08:00
f64972e3-2a5f-4061-8689-37d5af94cb24,M-1173,ORD-20260707-7739-0158,CONCESSION_ACCRUAL,24,241,2026-07-07T18:48:13+08:00
a6526bba-9fe8-4d99-b979-830648863b82,M-1377,ORD-20260707-1460-0159,CONCESSION_ACCRUAL,10,486,2026-07-07T23:23:30+08:00
b35e2cc0-9e99-4cfc-87f7-3cf86db1ceae,M-1668,ORD-20260708-7342-0160,CONCESSION_ACCRUAL,25,75,2026-07-08T00:43:52+08:00
ae4e0524-cecb-4fb7-9fb2-8b1c930edb80,M-1463,ORD-20260707-2409-0161,CONCESSION_ACCRUAL,18,3628,2026-07-07T22:49:34+08:00
ca806f8f-2d19-43d6-961c-0793f496a6d1,M-1681,ORD-20260708-3469-0162,CONCESSION_ACCRUAL,30,110,2026-07-08T00:23:38+08:00
414550b5-ae60-454c-977c-916fdf8d5202,M-1531,ORD-20260707-2959-0163,CONCESSION_ACCRUAL,12,189,2026-07-07T19:04:48+08:00
672403ec-40d1-4c13-b8f7-13b239def953,M-1217,ORD-20260708-3380-0164,CONCESSION_ACCRUAL,9,153,2026-07-08T00:05:47+08:00
5232956f-e729-4543-ba09-d739388bda0d,M-1759,ORD-20260707-9443-0165,CONCESSION_ACCRUAL,7,225,2026-07-07T23:13:47+08:00
be78c8fc-78f8-46f7-b1ba-f9fccdf76f43,M-1697,ORD-20260707-1794-0166,CONCESSION_ACCRUAL,18,227,2026-07-07T22:17:20+08:00
06ab9695-82b6-4eed-b373-58a05e887074,M-1400,ORD-20260707-9866-0167,CONCESSION_ACCRUAL,11,124,2026-07-07T22:47:34+08:00
5a264734-bf60-44db-831d-e602fdc49303,M-1351,ORD-20260707-7962-0168,CONCESSION_ACCRUAL,21,97,2026-07-07T22:17:38+08:00
06dfb012-59ef-4e8e-8dd8-eb51f4aac8cb,M-1030,ORD-20260707-4185-0169,CONCESSION_ACCRUAL,12,100,2026-07-07T23:43:07+08:00
314394c4-9373-4cdd-b6c0-10be5437a0db,M-1661,ORD-20260707-1482-0170,CONCESSION_ACCRUAL,9,3084,2026-07-07T23:54:09+08:00
fd98c914-91cc-4056-8bf0-9470d933f250,M-1069,ORD-20260707-3455-0171,CONCESSION_ACCRUAL,8,286,2026-07-07T20:04:23+08:00
1d8dae4b-c953-452c-ac32-2e2463b38ef9,M-1761,ORD-20260707-4672-0172,CONCESSION_ACCRUAL,19,137,2026-07-07T23:38:02+08:00
5db6782b-e9ee-4b58-b93d-922bb9d4475e,M-1344,ORD-20260707-9004-0173,CONCESSION_ACCRUAL,15,784,2026-07-07T20:32:15+08:00
cbb615e7-22a5-44bf-a83d-cae975c89f64,M-1035,ORD-20260707-6593-0174,CONCESSION_ACCRUAL,26,168,2026-07-07T20:05:46+08:00
487de655-381c-429a-81d7-865d2f29d1df,M-1071,ORD-20260707-9785-0175,CONCESSION_ACCRUAL,16,328,2026-07-07T21:50:44+08:00
2e6d245c-6bd4-4f84-b67d-f807bbc8a730,M-1375,ORD-20260708-2111-0176,CONCESSION_ACCRUAL,3,76,2026-07-08T00:16:23+08:00
3b22dca8-45e6-4f0e-b6a9-426ea80d864e,M-1186,ORD-20260707-1114-0177,CONCESSION_ACCRUAL,8,267,2026-07-07T23:01:56+08:00
d71c1583-6b8a-4bfd-9c3e-bab2993db10b,M-1553,ORD-20260708-7481-0178,CONCESSION_ACCRUAL,6,129,2026-07-08T01:22:19+08:00
51fdcaed-e64b-43dc-bcfd-036f8eedddf4,M-1623,ORD-20260707-1704-0179,CONCESSION_ACCRUAL,21,93,2026-07-07T17:44:13+08:00
f499a618-05b6-43bc-9861-ea44bbb5658b,M-1492,ORD-20260707-8258-0180,CONCESSION_ACCRUAL,18,239,2026-07-07T18:07:37+08:00
7ab3e2ff-78b5-45e2-9e2b-1f481e925fcc,M-1056,ORD-20260707-3944-0181,CONCESSION_ACCRUAL,8,213,2026-07-07T17:40:59+08:00
b2c5ce98-1e54-4c2e-8fae-a804b7c04d00,M-1552,ORD-20260707-8617-0182,CONCESSION_ACCRUAL,30,340,2026-07-07T15:17:37+08:00
76f2cc4d-5666-44f8-b0f8-4a3bef61850f,M-1137,ORD-20260708-7366-0183,CONCESSION_ACCRUAL,23,227,2026-07-08T00:34:36+08:00
5b2e7e3d-aeda-410d-b310-5213b9bf5fdc,M-1631,ORD-20260707-9430-0184,CONCESSION_ACCRUAL,6,185,2026-07-07T23:09:33+08:00
fd2549a8-df7c-488e-9d0e-bddba586ffe2,M-1109,ORD-20260708-7893-0185,CONCESSION_ACCRUAL,9,116,2026-07-08T03:15:33+08:00
ca9a3c29-bac2-4f4a-98f5-851d74728ba7,M-1125,ORD-20260707-1658-0186,CONCESSION_ACCRUAL,10,730,2026-07-07T14:01:08+08:00
7716ff01-809e-47a7-8731-e3bf3f56c5d2,M-1640,ORD-20260708-5150-0187,CONCESSION_ACCRUAL,32,292,2026-07-08T00:04:57+08:00
d90a9384-09c6-4cdc-964c-69180980015b,M-1841,ORD-20260707-8231-0188,CONCESSION_ACCRUAL,15,87,2026-07-07T18:21:18+08:00
fdb56e1a-e72e-4e32-91cc-87f2cea7d91d,M-1469,ORD-20260707-3331-0189,CONCESSION_ACCRUAL,12,85,2026-07-07T15:03:04+08:00
85961e2b-bb5a-4ad0-ae65-3c68966cace7,M-1688,ORD-20260707-7839-0190,CONCESSION_ACCRUAL,3,480,2026-07-07T22:24:33+08:00
4fe63c45-0eed-45a8-b64c-39c185ac5091,M-1188,ORD-20260708-1381-0191,CONCESSION_ACCRUAL,19,427,2026-07-08T04:11:51+08:00
5bc6cb43-6541-4b4f-8338-c6de22b76518,M-1562,ORD-20260707-8471-0192,CONCESSION_ACCRUAL,63,616,2026-07-07T22:38:24+08:00
126e7c89-b9c2-4542-8c32-1b334ea2dafb,M-1541,ORD-20260707-4813-0193,CONCESSION_ACCRUAL,9,752,2026-07-07T21:14:47+08:00
02aca2d3-db99-483d-aacc-ef43fc9171b1,M-2110,ORD-20260707-8416-0194,CONCESSION_ACCRUAL,6,97,2026-07-07T23:00:50+08:00
d3bd842f-c1fd-4405-98f1-ecd28cb200a0,M-1144,ORD-20260707-3010-0195,CONCESSION_ACCRUAL,15,127,2026-07-07T10:55:18+08:00
e445cb55-0558-471f-b917-7ce9964e4d35,M-1422,ORD-20260707-6782-0196,CONCESSION_ACCRUAL,38,80,2026-07-07T21:24:59+08:00
6b857691-0a82-4ca7-9bf0-c5c59ea6e92f,M-1422,TIER_UPGRADE_Standard_TO_Silver,TIER_BONUS,50,130,2026-07-07T21:24:59+08:00
97e92e09-40b6-4859-9b64-6a9bd281ff1b,M-1514,ORD-20260707-1705-0197,CONCESSION_ACCRUAL,10,118,2026-07-07T15:35:07+08:00
75ac72d4-d90c-4c84-bec5-5e452cee4663,M-1356,ORD-20260707-9900-0198,CONCESSION_ACCRUAL,13,1418,2026-07-07T21:55:15+08:00
d681394c-23cf-4079-bf95-99e623739d8d,M-1195,ORD-20260708-4896-0199,CONCESSION_ACCRUAL,22,126,2026-07-08T01:03:09+08:00
a1184e22-97d0-4f7b-84e7-31248a10274c,M-1195,TIER_UPGRADE_Standard_TO_Silver,TIER_BONUS,50,176,2026-07-08T01:03:09+08:00
e6d5c764-5201-444e-bc87-3ad07dcb8f3a,M-1428,ORD-20260707-5733-0200,CONCESSION_ACCRUAL,17,83,2026-07-07T18:05:39+08:00
d6fcba5a-7679-48e2-b3c7-769bfaf1098c,M-1665,ORD-20260707-4986-0201,CONCESSION_ACCRUAL,22,2026,2026-07-07T16:39:24+08:00
a22148f1-ff91-4f11-9879-96561e145a2f,M-1224,ORD-20260708-5403-0202,CONCESSION_ACCRUAL,22,333,2026-07-08T00:55:39+08:00
d3157204-3219-40e9-b6c9-e142a8f1130e,M-1548,ORD-20260707-4446-0203,CONCESSION_ACCRUAL,10,66,2026-07-07T17:36:43+08:00
c263e882-119f-41ee-969f-2f5de5121e29,M-1833,ORD-20260707-1863-0204,CONCESSION_ACCRUAL,37,242,2026-07-07T23:49:37+08:00
49c8ec4c-85e0-4943-bd6a-b672f067eea1,M-1833,TIER_UPGRADE_Standard_TO_Silver,TIER_BONUS,50,292,2026-07-07T23:49:37+08:00
3bd07485-98e9-4a92-851f-95d247c0e4a8,M-1023,ORD-20260707-3118-0205,CONCESSION_ACCRUAL,15,119,2026-07-07T23:03:22+08:00
b666137e-82d6-4d75-95b6-7d075841580f,M-1286,ORD-20260707-8329-0206,CONCESSION_ACCRUAL,6,84,2026-07-07T22:52:47+08:00
5ec6c335-02da-4429-ab39-b5867bcbf32d,M-1339,ORD-20260708-7733-0207,CONCESSION_ACCRUAL,12,50,2026-07-08T00:45:57+08:00
ce791b0b-513e-4f81-b1cc-93196b354a51,M-1777,ORD-20260707-3981-0208,CONCESSION_ACCRUAL,16,158,2026-07-07T05:36:56+08:00
805302f6-8616-42f3-ae58-0a28009c54ae,M-1840,ORD-20260707-8012-0209,CONCESSION_ACCRUAL,38,1788,2026-07-07T16:28:07+08:00
77b5d93e-fe95-4228-a4ef-a5ec35cfab6c,M-1840,ORD-20260707-2290-0210,CONCESSION_ACCRUAL,4,1792,2026-07-07T23:43:03+08:00
04dd8362-cc81-4928-a280-40e0b60f478a,M-1010,ORD-20260707-8095-0211,CONCESSION_ACCRUAL,3,151,2026-07-07T22:10:58+08:00
c3539ea4-0b72-4972-b25c-d2ea44e83b0c,M-1255,ORD-20260707-5830-0212,CONCESSION_ACCRUAL,13,187,2026-07-07T18:37:14+08:00
db886e7c-655f-4aef-b4da-81cb742952f9,M-1790,ORD-20260707-9312-0213,CONCESSION_ACCRUAL,9,155,2026-07-07T23:02:22+08:00
237126ba-3eff-45ba-af45-bd0d6fe6f2b4,M-1490,ORD-20260708-8871-0214,CONCESSION_ACCRUAL,12,201,2026-07-08T00:21:01+08:00
3f3acc86-e20d-408f-a9e5-81a869ce0f7e,M-1445,ORD-20260708-1206-0215,CONCESSION_ACCRUAL,17,149,2026-07-08T00:36:46+08:00
9a8077a2-ed20-4eda-a41a-92d6090a9287,M-2079,ORD-20260707-1880-0216,CONCESSION_ACCRUAL,19,139,2026-07-07T09:35:21+08:00
534f4012-4d41-4fb8-b152-2fae9d85e950,M-1594,ORD-20260708-1032-0217,CONCESSION_ACCRUAL,22,145,2026-07-08T00:01:39+08:00
9ea57770-c42f-40b8-841c-fdbb33e39b0b,M-1714,ORD-20260707-8506-0218,CONCESSION_ACCRUAL,12,96,2026-07-07T18:30:26+08:00
8261357e-79bc-4a7e-a46b-8c30ed168d38,M-1626,ORD-20260707-1282-0219,CONCESSION_ACCRUAL,9,240,2026-07-07T17:12:39+08:00
36ca3af4-54af-4088-a2f7-b488f73d3db6,M-1003,ORD-20260708-3042-0220,CONCESSION_ACCRUAL,13,116,2026-07-08T01:43:17+08:00
2b750abd-ff2a-4e7f-8f8e-1c29a0c07689,M-1088,ORD-20260707-6641-0221,CONCESSION_ACCRUAL,28,230,2026-07-07T17:56:10+08:00
7f02610f-4389-4d61-a97b-280ef488d1b7,M-1350,ORD-20260707-6081-0222,CONCESSION_ACCRUAL,3,442,2026-07-07T23:07:46+08:00
b689a1c1-7bae-49c3-80cb-b2a605cc0591,M-1544,ORD-20260707-3193-0223,CONCESSION_ACCRUAL,24,118,2026-07-07T20:17:45+08:00
76610f0b-79bf-451f-8e29-d2e134987751,M-1721,ORD-20260708-6561-0224,CONCESSION_ACCRUAL,9,164,2026-07-08T00:04:48+08:00
5fefab2c-fe10-4811-a148-06328e431d29,M-1121,ORD-20260707-6349-0225,CONCESSION_ACCRUAL,54,210,2026-07-07T14:29:42+08:00
191297b7-14c6-4cdc-97c4-95f4579f6aea,M-1533,ORD-20260707-1632-0226,CONCESSION_ACCRUAL,3,641,2026-07-07T23:11:50+08:00
812eacfb-31ae-4a64-9ea9-54e0f9b7c880,M-1512,ORD-20260707-7910-0227,CONCESSION_ACCRUAL,31,137,2026-07-07T10:55:00+08:00
b86fb1c1-3d92-4f7d-9cf1-3ab70e256fd2,M-1331,ORD-20260707-1317-0228,CONCESSION_ACCRUAL,6,203,2026-07-07T14:19:00+08:00
f6f9b5ee-e2d1-4153-930c-f639491dded8,M-1177,ORD-20260707-5737-0229,CONCESSION_ACCRUAL,15,230,2026-07-07T16:47:00+08:00
8f3aace1-6bc5-4bd5-8c17-28359d4fc389,M-1526,ORD-20260707-4088-0230,CONCESSION_ACCRUAL,9,688,2026-07-07T13:47:00+08:00
5b085618-2836-470c-a55d-9a01806291cf,M-1562,ORD-20260707-8745-0231,CONCESSION_ACCRUAL,8,624,2026-07-07T16:14:00+08:00
3e86dcbf-4b29-4cb9-bf2a-7af8b1e819a4,M-1628,ORD-20260707-9753-0232,CONCESSION_ACCRUAL,9,37,2026-07-07T12:36:00+08:00
30fc5d51-0f33-46dd-9a2d-068fc8bab42a,M-1664,ORD-20260707-1538-0233,CONCESSION_ACCRUAL,66,2422,2026-07-07T17:56:00+08:00
3203b44a-3f96-4c61-8148-9ec8274c60ae,M-1947,ORD-20260707-1413-0234,CONCESSION_ACCRUAL,12,89,2026-07-07T20:31:00+08:00
0369e426-5130-4ad5-8d9c-ebfa5992708b,M-1378,ORD-20260707-8823-0235,CONCESSION_ACCRUAL,16,138,2026-07-07T15:59:00+08:00
85d3bd45-57e9-4e3d-b6cf-498c1ed5e6f6,M-1720,ORD-20260707-5735-0236,CONCESSION_ACCRUAL,8,274,2026-07-07T13:48:00+08:00
269e8631-d4b3-4e05-8453-9e471de457ac,M-1665,ORD-20260707-3857-0237,CONCESSION_ACCRUAL,22,2048,2026-07-07T17:45:00+08:00
c1be404a-078f-4f16-903e-d74cf07f965e,M-1647,ORD-20260707-4507-0238,CONCESSION_ACCRUAL,23,593,2026-07-07T20:17:00+08:00
c30d0fcb-be6c-42f6-be6c-11fbf2c81c2d,M-1072,ORD-20260707-2108-0239,CONCESSION_ACCRUAL,6,98,2026-07-07T17:03:00+08:00
6cf942bd-7dc6-44d5-8ce6-898c261ccbea,M-1693,ORD-20260707-9921-0240,CONCESSION_ACCRUAL,25,427,2026-07-07T13:33:00+08:00
f9372f60-151b-4bda-8287-9dcf972e97e2,M-1412,ORD-20260707-1384-0241,CONCESSION_ACCRUAL,17,90,2026-07-07T14:24:00+08:00
72e0b0e6-d76d-4ec2-a8af-147ff88c0154,M-1635,ORD-20260707-9260-0242,CONCESSION_ACCRUAL,12,94,2026-07-07T19:12:00+08:00
49b3ad04-a210-47c5-b571-1f8357ec013a,M-1635,TIER_UPGRADE_Standard_TO_Silver,TIER_BONUS,50,144,2026-07-07T19:12:00+08:00
677a98dc-b127-42fb-84ac-bf4e49825855,M-1498,ORD-20260707-2602-0243,CONCESSION_ACCRUAL,9,141,2026-07-07T16:52:00+08:00
627a51dd-5d89-412c-8b44-bfdc15d8e639,M-1751,ORD-20260707-6561-0244,CONCESSION_ACCRUAL,12,158,2026-07-07T21:48:00+08:00
75a87e54-b1e6-4521-ba50-04e4f68a77a1,M-1539,ORD-20260707-6495-0245,CONCESSION_ACCRUAL,54,2803,2026-07-07T21:57:00+08:00
f72181f2-6028-42d4-ab0e-779e2dee11c8,M-1449,ORD-20260707-1216-0246,CONCESSION_ACCRUAL,18,161,2026-07-07T15:00:00+08:00
bfc856d3-6254-4b2e-943a-21aac140da98,M-1662,ORD-20260707-2009-0247,CONCESSION_ACCRUAL,18,128,2026-07-07T19:34:00+08:00
096c6445-53e0-4f62-a0d9-6d2ee899a54d,M-1277,ORD-20260707-8900-0248,CONCESSION_ACCRUAL,4,2596,2026-07-07T10:00:00+08:00
94135ad5-14aa-49eb-890c-4ec23646591e,M-1834,ORD-20260707-5075-0249,CONCESSION_ACCRUAL,33,363,2026-07-07T11:26:00+08:00
6bc9db6a-b91f-4221-aef0-cdba43edab56,M-1395,ORD-20260707-1525-0250,CONCESSION_ACCRUAL,19,128,2026-07-07T21:01:00+08:00
ca1b66c9-d5ab-48f6-b7f4-a0509c204354,M-1762,ORD-20260707-1217-0251,CONCESSION_ACCRUAL,3,111,2026-07-07T19:20:00+08:00
6fd3f83d-65b6-4286-8d09-18bcb26bb407,M-1336,ORD-20260707-5948-0252,CONCESSION_ACCRUAL,58,155,2026-07-07T16:45:00+08:00
9eaf6321-cce0-4947-8abd-a4a2aacb2c0e,M-1707,ORD-20260707-5246-0253,CONCESSION_ACCRUAL,18,1270,2026-07-07T17:43:00+08:00
f55f4b8b-1531-42ce-bebd-75d18f34c169,M-1070,ORD-20260707-8631-0254,CONCESSION_ACCRUAL,52,256,2026-07-07T13:51:00+08:00
71e386dd-72fc-430a-8282-c5781bbc617e,M-1070,TIER_UPGRADE_Standard_TO_Silver,TIER_BONUS,50,306,2026-07-07T13:51:00+08:00
6dad7bea-c815-407b-805d-a93d4294a57d,M-2023,ORD-20260707-7598-0255,CONCESSION_ACCRUAL,3,35,2026-07-07T11:51:00+08:00
36a6a492-bfab-4a91-9178-08e6c769ec09,M-1780,ORD-20260707-9165-0256,CONCESSION_ACCRUAL,15,109,2026-07-07T09:36:00+08:00
91c87b9b-9687-45a4-8c0e-f8f68eb846ec,M-1119,ORD-20260707-9786-0257,CONCESSION_ACCRUAL,20,104,2026-07-07T18:47:00+08:00
75fbb900-30f8-442c-b307-16542f854046,M-1673,ORD-20260707-8910-0258,CONCESSION_ACCRUAL,8,216,2026-07-07T16:42:00+08:00
e07eb1f5-238c-4c9b-99fc-b02cf94238c9,M-1711,ORD-20260707-2978-0259,CONCESSION_ACCRUAL,8,205,2026-07-07T15:27:00+08:00
d1cebc13-49e2-4e7a-ba23-12b72d7578eb,M-1088,ORD-20260707-7192-0260,CONCESSION_ACCRUAL,25,255,2026-07-07T20:12:00+08:00
7e014bcf-c163-4eaf-befd-7954e22c2772,M-1572,ORD-20260707-1684-0261,CONCESSION_ACCRUAL,18,105,2026-07-07T18:02:00+08:00
254d2461-737b-44e4-b2f5-3b99e24178c5,M-1104,ORD-20260707-3739-0262,CONCESSION_ACCRUAL,24,178,2026-07-07T13:14:00+08:00
a6b761ca-aa18-488c-b865-d463333363bd,M-1104,TIER_UPGRADE_Standard_TO_Silver,TIER_BONUS,50,228,2026-07-07T13:14:00+08:00
69569de7-ca1d-4ec5-a8b5-d4571c3a9eec,M-1676,ORD-20260707-9788-0263,CONCESSION_ACCRUAL,17,2852,2026-07-07T22:01:00+08:00
de38d0e3-2451-4e95-9bee-da2e92f3b93d,M-1505,ORD-20260707-8970-0264,CONCESSION_ACCRUAL,27,128,2026-07-07T18:37:00+08:00
a44f058c-5054-4289-abec-1f59b072232b,M-1505,TIER_UPGRADE_Standard_TO_Silver,TIER_BONUS,50,178,2026-07-07T18:37:00+08:00
5b28182c-6d82-4008-8343-95087e836667,M-1523,ORD-20260707-3535-0265,CONCESSION_ACCRUAL,9,97,2026-07-07T12:21:00+08:00
6164bc2f-d299-423c-a127-2a21895f0604,M-1820,ORD-20260707-6967-0266,CONCESSION_ACCRUAL,31,158,2026-07-07T17:25:00+08:00
22c6bda3-85e8-4279-b26f-d98a7bb76253,M-1172,ORD-20260707-5047-0267,CONCESSION_ACCRUAL,18,188,2026-07-07T22:49:00+08:00
c04040a4-1356-4bdf-9eec-00b2439842ca,M-1710,ORD-20260707-2632-0268,CONCESSION_ACCRUAL,15,181,2026-07-07T15:43:00+08:00
5234e9a3-7cf3-4bd5-9f59-7d7ddcb39152,M-1764,ORD-20260707-1063-0269,CONCESSION_ACCRUAL,15,129,2026-07-07T14:39:00+08:00
8c380de4-eae7-44d7-b830-13ed75ecfee5,M-1790,ORD-20260707-3886-0270,CONCESSION_ACCRUAL,7,162,2026-07-07T18:06:00+08:00
e6a7d4a2-ad48-42a6-be7b-09af509d201a,M-1237,ORD-20260707-2419-0271,CONCESSION_ACCRUAL,9,208,2026-07-07T13:26:00+08:00
2c2c740e-7b81-435b-8dbd-6b892ea88039,M-1265,ORD-20260707-3458-0272,CONCESSION_ACCRUAL,11,615,2026-07-07T21:10:00+08:00
30c44c6e-c5ed-4591-a88e-6b240e0f2499,M-1798,ORD-20260707-9709-0273,CONCESSION_ACCRUAL,9,242,2026-07-07T22:51:00+08:00
c207b035-171b-485b-8982-e4a0a735325e,M-1593,ORD-20260707-3009-0274,CONCESSION_ACCRUAL,12,159,2026-07-07T11:32:00+08:00
c3a9e33b-a136-4bd7-a26d-5ed6c6bbb77e,M-1245,ORD-20260707-9281-0275,CONCESSION_ACCRUAL,6,54,2026-07-07T18:51:00+08:00
75a3801e-d755-402b-9e35-71b2aa6bf7b2,M-1058,ORD-20260707-8843-0276,CONCESSION_ACCRUAL,3,159,2026-07-07T12:34:00+08:00
2ec96148-89c3-4b59-89ea-5a87911ae645,M-1730,ORD-20260707-9494-0277,CONCESSION_ACCRUAL,17,94,2026-07-07T17:59:00+08:00
38aca61e-70f3-4191-a1d4-e4d13d275bbb,M-1735,ORD-20260707-9737-0278,CONCESSION_ACCRUAL,18,227,2026-07-07T09:33:00+08:00
1a42ce1b-77e6-4607-b6b7-4e22f42d4cb4,M-1146,ORD-20260707-4144-0279,CONCESSION_ACCRUAL,9,2939,2026-07-07T16:20:00+08:00
86832b88-d94c-4fb4-969d-8ac1796173f2,M-1278,ORD-20260707-8887-0280,CONCESSION_ACCRUAL,26,225,2026-07-07T10:08:00+08:00
6902e825-9f8a-405c-b099-62d9c993b333,M-1654,ORD-20260707-2613-0281,CONCESSION_ACCRUAL,18,185,2026-07-07T10:27:00+08:00
1185b260-1235-478a-b092-f955e2b8d2e2,M-1520,ORD-20260707-1976-0282,CONCESSION_ACCRUAL,31,706,2026-07-07T20:29:00+08:00
7d13859f-ec96-4937-9256-a7684068ce6d,M-1802,ORD-20260707-5704-0283,CONCESSION_ACCRUAL,10,294,2026-07-07T18:09:00+08:00
b3b216b2-9767-41c8-9349-185f0b3ca0fe,M-1308,ORD-20260707-7546-0284,CONCESSION_ACCRUAL,12,133,2026-07-07T19:47:00+08:00
b734c7a8-3484-42d2-9ffa-04ebff54751a,M-1227,ORD-20260707-4353-0285,CONCESSION_ACCRUAL,8,183,2026-07-07T16:14:00+08:00
2598b862-6871-4f5f-8d4d-d3bd77c943e5,M-1776,ORD-20260707-2286-0286,CONCESSION_ACCRUAL,7,120,2026-07-07T17:52:00+08:00
340fc7d5-6eb7-452a-803f-1bfc487800f6,M-1392,ORD-20260707-9987-0287,CONCESSION_ACCRUAL,13,774,2026-07-07T11:00:00+08:00
1f5d3822-ca39-45d0-91d2-9607aa7ece50,M-1661,ORD-20260707-5803-0288,CONCESSION_ACCRUAL,23,3107,2026-07-07T11:11:00+08:00
bacf23ab-74d0-4f4f-a103-471ae23d3321,M-1206,ORD-20260707-6003-0289,CONCESSION_ACCRUAL,9,138,2026-07-07T09:00:00+08:00
6ccc0948-f76d-45f4-bd8f-b485fa708bac,M-1519,ORD-20260707-1769-0290,CONCESSION_ACCRUAL,8,152,2026-07-07T14:56:00+08:00
54fc9ca2-8c2e-4bd9-8330-05355ab7b136,M-1752,ORD-20260707-5387-0291,CONCESSION_ACCRUAL,9,2356,2026-07-07T16:49:00+08:00
4c66c85a-c190-40df-b692-60e8351ced00,M-1732,ORD-20260707-4093-0292,CONCESSION_ACCRUAL,22,290,2026-07-07T16:50:00+08:00
2c114547-a2f5-467e-9fb6-cead75860ca2,M-1327,ORD-20260707-4369-0293,CONCESSION_ACCRUAL,14,2142,2026-07-07T21:37:00+08:00
d887012c-e826-455e-ae1d-57f506d3e901,M-1569,ORD-20260707-7000-0294,CONCESSION_ACCRUAL,18,91,2026-07-07T22:53:00+08:00
531f82dd-07be-4a8c-b506-cb4998e6e551,M-1423,ORD-20260707-7282-0295,CONCESSION_ACCRUAL,23,254,2026-07-07T10:21:00+08:00
6febb58a-dbc6-43c7-86d5-798601d527a7,M-1845,ORD-20260707-3479-0296,CONCESSION_ACCRUAL,12,53,2026-07-07T15:05:00+08:00
695d9682-cd20-4c98-8b90-4b31de431feb,M-1406,ORD-20260707-5808-0297,CONCESSION_ACCRUAL,15,639,2026-07-07T18:56:00+08:00
a3f09987-38fd-488a-ae32-38cd26cf1fac,M-1761,ORD-20260707-4590-0298,CONCESSION_ACCRUAL,9,146,2026-07-07T18:55:00+08:00
78ddfe86-59e9-45c7-af03-918e395d3ab9,M-1554,ORD-20260707-2235-0299,CONCESSION_ACCRUAL,15,669,2026-07-07T11:50:00+08:00
487a4e37-86ab-40b5-9f77-81d01e7bf931,M-1369,ORD-20260707-4318-0300,CONCESSION_ACCRUAL,30,143,2026-07-07T15:40:00+08:00
0491507c-423a-43c7-9328-2ef227f9b219,M-1369,TIER_UPGRADE_Standard_TO_Silver,TIER_BONUS,50,193,2026-07-07T15:40:00+08:00
d55e06e5-ac31-40a7-ae8a-5062f5bca70b,M-1456,ORD-20260707-1740-0301,CONCESSION_ACCRUAL,8,243,2026-07-07T20:41:00+08:00
e0ded22f-c860-4352-b896-1e6fcaa40530,M-1462,ORD-20260707-5670-0302,CONCESSION_ACCRUAL,3,445,2026-07-07T11:07:00+08:00
