ledger_id,member_id,source_reference_id,transaction_type,points_delta,resulting_balance,created_at
9549b636-2967-4a12-b7b0-ce91a9d1185f,M-1721,SESS-20260831-7330-0000,RENTAL_ACCRUAL,9,684,2026-08-31T15:00:00+08:00
532dff91-4867-466a-b41c-694f16c85f2a,M-1701,SESS-20260831-6420-0001,RENTAL_ACCRUAL,27,920,2026-08-31T18:30:00+08:00
67a8c862-01a0-4f4a-8a08-92fb711950bb,M-1701,TIER_UPGRADE_Silver_TO_Gold,TIER_BONUS,100,1020,2026-08-31T18:30:00+08:00
87a2ef38-b2f5-4a7c-8d12-57b5182401c2,M-1173,SESS-20260831-2519-0002,RENTAL_ACCRUAL,18,117,2026-08-31T07:15:00+08:00
a62a3ff6-39a4-4188-a66d-760f0be5f56a,M-1063,SESS-20260831-5318-0003,RENTAL_ACCRUAL,6,703,2026-08-31T21:30:00+08:00
f33ef5d5-b737-42ca-a42b-95ca93afd314,M-1228,SESS-20260831-1566-0004,RENTAL_ACCRUAL,28,307,2026-09-01T01:00:00+08:00
f96935a1-0be8-48b0-a3ea-040f6d4c922d,M-2026,SESS-20260831-9995-0005,RENTAL_ACCRUAL,25,77,2026-08-31T19:00:00+08:00
377d4165-211f-4ab6-9a1e-fd4e83a26cf3,M-1713,SESS-20260831-4821-0006,RENTAL_ACCRUAL,6,324,2026-08-31T22:30:00+08:00
eaf31349-084e-41f5-838d-3f7cfa72bf1f,M-1053,SESS-20260831-2800-0007,RENTAL_REDEMPTION,-100,302,2026-08-31T16:45:00+08:00
fc7aa09c-36dc-4c1c-a059-155e738c7dd5,M-1053,SESS-20260831-2800-0007,RENTAL_ACCRUAL,5,307,2026-08-31T18:45:00+08:00
c20ab550-b127-40aa-a058-8fa4dbb3a043,M-1013,SESS-20260831-7719-0008,RENTAL_ACCRUAL,5,167,2026-08-31T20:30:00+08:00
07b9590c-7718-464b-8404-ae0f63ee1dc0,M-1034,SESS-20260831-1362-0009,RENTAL_ACCRUAL,30,630,2026-08-31T20:30:00+08:00
19bc5f90-9ae9-46cc-9143-e3768f6d1830,M-2103,SESS-20260831-7889-0010,RENTAL_ACCRUAL,24,127,2026-08-31T20:45:00+08:00
a609ff1c-fb7f-4bdc-bdc6-b3542f01bb13,M-1028,SESS-20260831-4653-0011,RENTAL_REDEMPTION,-100,97,2026-08-31T22:30:00+08:00
dfd23d09-764d-48f4-ba19-e075d6719de2,M-1028,SESS-20260831-4653-0011,RENTAL_ACCRUAL,11,108,2026-09-01T00:30:00+08:00
8ce86cbb-e619-4bc6-aab3-2fe9f1ff2f2d,M-1633,SESS-20260831-7584-0012,RENTAL_ACCRUAL,16,212,2026-09-01T01:30:00+08:00
f0402d66-1c9e-446d-ac49-3d372f0024ea,M-1240,SESS-20260831-6494-0013,RENTAL_ACCRUAL,18,456,2026-08-31T18:30:00+08:00
94054154-2799-4007-9dc5-f8af394f759d,M-1059,SESS-20260831-5747-0014,RENTAL_ACCRUAL,40,312,2026-08-31T20:00:00+08:00
515c6b97-5b49-4998-9498-c5c6e4744f00,M-1204,SESS-20260831-2327-0015,RENTAL_REDEMPTION,-100,238,2026-08-31T17:45:00+08:00
502a2abe-a4f1-4c89-a0e2-b7631572143e,M-1204,SESS-20260831-2327-0015,RENTAL_ACCRUAL,4,242,2026-08-31T19:45:00+08:00
7948fdd9-8556-46ca-a76c-aa228ce57f73,M-1596,SESS-20260831-6751-0016,RENTAL_ACCRUAL,19,568,2026-08-31T16:15:00+08:00
e21d236f-6220-4e9d-a6fb-ec4eb4ceb592,M-1016,SESS-20260831-6794-0017,RENTAL_REDEMPTION,-200,152,2026-08-31T18:00:00+08:00
f793f73c-dde6-4282-9b63-23ec5da9731a,M-1016,SESS-20260831-6794-0017,RENTAL_ACCRUAL,4,156,2026-08-31T21:00:00+08:00
07d7374f-e378-4fe2-ba8c-3c7d9141d1b0,M-1534,SESS-20260831-2436-0018,RENTAL_ACCRUAL,30,188,2026-08-31T19:00:00+08:00
8b4468e0-63b4-46f1-81cd-6bfbe23e488c,M-1820,SESS-20260831-2043-0019,RENTAL_ACCRUAL,12,648,2026-08-31T20:15:00+08:00
586127c4-946a-4dca-870d-45b979f00b6e,M-2060,SESS-20260831-7952-0020,RENTAL_ACCRUAL,25,211,2026-08-31T22:30:00+08:00
4cb27db7-af88-4f7c-ad17-f6863d20d6e4,M-1984,SESS-20260831-4130-0021,RENTAL_REDEMPTION,-100,152,2026-08-31T20:30:00+08:00
9b965190-a9b7-40cf-9e88-73ee4cb161a7,M-1984,SESS-20260831-4130-0021,RENTAL_ACCRUAL,5,157,2026-08-31T22:30:00+08:00
22edd662-a366-4981-a4e2-3a58a5ea5f5b,M-2065,SESS-20260831-9106-0022,RENTAL_ACCRUAL,5,370,2026-08-31T03:50:00+08:00
7622f322-0135-4d60-9384-fa6aeef5fa6e,M-1004,SESS-20260831-9245-0023,RENTAL_ACCRUAL,45,97,2026-08-31T06:45:00+08:00
3a705782-dc19-4638-8b37-5237018798fc,M-1253,SESS-20260831-8176-0024,RENTAL_ACCRUAL,27,176,2026-08-31T14:45:00+08:00
7392f983-4bcf-4732-a482-908c8e5f6708,M-1062,SESS-20260831-1897-0025,RENTAL_ACCRUAL,5,568,2026-08-31T13:45:00+08:00
004708ab-d126-4a45-a068-550d4af6e1b7,M-1991,SESS-20260831-6403-0026,RENTAL_ACCRUAL,40,188,2026-09-01T05:45:00+08:00
fa4a5b97-5643-4160-9c36-63f165383b8b,M-1201,SESS-20260831-3621-0027,RENTAL_ACCRUAL,12,887,2026-08-31T23:10:00+08:00
c7b9bc89-b053-42ee-b396-36e99e83acef,M-1815,SESS-20260831-5331-0028,RENTAL_ACCRUAL,16,387,2026-08-31T13:15:00+08:00
39402129-f907-49d7-b7b1-922be313b729,M-1960,SESS-20260831-6885-0029,RENTAL_ACCRUAL,5,517,2026-08-31T19:00:00+08:00
2dacb821-0663-4648-b023-9c62796ade93,M-1685,SESS-20260831-8520-0030,RENTAL_ACCRUAL,12,381,2026-08-31T16:45:00+08:00
a26643ff-0c67-4071-b478-e32bf0bae461,M-1608,SESS-20260831-6716-0031,RENTAL_ACCRUAL,16,242,2026-08-31T22:30:00+08:00
fcf22b50-cbae-4e27-9738-38acdc806209,M-1717,SESS-20260831-8228-0032,RENTAL_ACCRUAL,48,852,2026-08-31T20:15:00+08:00
c2b409e3-f75f-479f-af75-fce0c594c9b8,M-1030,SESS-20260831-4921-0033,RENTAL_ACCRUAL,5,214,2026-08-31T16:15:00+08:00
6ef71884-f8d4-4de0-8829-b1f1c1c80d43,M-1955,SESS-20260831-9402-0034,RENTAL_ACCRUAL,5,74,2026-08-31T21:00:00+08:00
54daea86-ce5a-469e-b9ce-4a4198a54eee,M-1187,SESS-20260831-8782-0035,RENTAL_ACCRUAL,40,457,2026-08-31T19:15:00+08:00
a3508950-830b-42a8-b72c-5fa4e90d5ca6,M-1021,SESS-20260831-4653-0036,RENTAL_ACCRUAL,18,787,2026-09-01T00:15:00+08:00
98cd7883-5ab5-4187-8506-037568b98da6,M-1586,SESS-20260831-9483-0037,RENTAL_ACCRUAL,9,88,2026-08-31T20:15:00+08:00
76878d45-05c6-4652-9b98-6857c072e889,M-1509,SESS-20260831-5548-0038,RENTAL_REDEMPTION,-100,42,2026-08-31T16:00:00+08:00
a6dfb1f6-0287-4b80-97fe-e81a28866c89,M-1509,SESS-20260831-5548-0038,RENTAL_ACCRUAL,10,52,2026-08-31T19:00:00+08:00
815d07d2-635e-45a5-a610-7165e12f975a,M-1467,SESS-20260831-9262-0039,RENTAL_ACCRUAL,19,344,2026-08-31T23:00:00+08:00
8d21a928-c3d1-4d2a-8917-2619041f7fdb,M-1539,SESS-20260831-8386-0040,RENTAL_ACCRUAL,30,1096,2026-09-01T03:45:00+08:00
848de65c-285c-48e0-abc2-449a7e9d084c,M-1078,SESS-20260831-3532-0041,RENTAL_REDEMPTION,-300,231,2026-08-31T06:45:00+08:00
b933df7a-ed96-4c17-ab67-58bc8a0a4ffd,M-1078,SESS-20260831-3532-0041,RENTAL_ACCRUAL,7,238,2026-08-31T11:45:00+08:00
853cea5f-38c7-4533-ac88-9fbaac13166a,M-1212,SESS-20260831-1604-0042,RENTAL_ACCRUAL,16,498,2026-08-31T16:30:00+08:00
8bb7ec39-b396-4d15-acc9-daf22eac733c,M-1130,SESS-20260831-2283-0043,RENTAL_ACCRUAL,11,534,2026-08-31T14:45:00+08:00
f5b41040-80a1-45c7-ad06-e8c1fc87e907,M-1616,SESS-20260831-2791-0044,RENTAL_ACCRUAL,27,572,2026-08-31T21:15:00+08:00
bb6f1afd-ccf1-40e9-b5da-ee9c3d4f2848,M-1797,SESS-20260831-6397-0045,RENTAL_REDEMPTION,-200,102,2026-08-31T14:45:00+08:00
864e98c1-dcd6-40a2-a74d-b7431c69ac4f,M-1797,SESS-20260831-6397-0045,RENTAL_ACCRUAL,5,107,2026-08-31T16:45:00+08:00
6e53a6ea-5789-452b-9c36-ba6acc5a753c,M-1100,SESS-20260831-6447-0046,RENTAL_ACCRUAL,28,85,2026-08-31T22:55:00+08:00
15b302fa-802d-463f-81b4-54d2616b99fb,M-1283,SESS-20260831-2691-0047,RENTAL_ACCRUAL,67,233,2026-09-01T02:45:00+08:00
0c4a869c-076f-4e8c-aae2-08583592f13b,M-1821,SESS-20260831-1564-0048,RENTAL_ACCRUAL,11,130,2026-08-31T15:45:00+08:00
38b0b0cb-e77d-48c4-8d69-0e8fdedc5867,M-1018,SESS-20260831-8987-0049,RENTAL_REDEMPTION,-100,0,2026-08-31T22:00:00+08:00
043af954-314b-485c-9f8d-3c58c97bce6b,M-1018,SESS-20260831-8987-0049,RENTAL_ACCRUAL,11,11,2026-09-01T00:00:00+08:00
66e79438-c428-4de6-8d82-646589bd7996,M-2142,SESS-20260831-4630-0050,RENTAL_ACCRUAL,28,206,2026-09-01T04:00:00+08:00
1165307d-056e-4af6-bcd9-f6bf65ff5ce6,M-2056,SESS-20260831-8339-0051,RENTAL_REDEMPTION,-200,188,2026-08-31T17:15:00+08:00
d274e114-b6be-474c-802b-5afd36d2f076,M-2056,SESS-20260831-8339-0051,RENTAL_ACCRUAL,14,202,2026-08-31T20:15:00+08:00
b6006da3-801b-4daa-9c70-65657889a5cf,M-1423,SESS-20260831-9355-0052,RENTAL_ACCRUAL,28,232,2026-09-01T00:30:00+08:00
0b6539bf-a456-4b09-a803-6f230cc6eb9c,M-1220,SESS-20260831-1441-0053,RENTAL_ACCRUAL,12,2033,2026-09-01T01:00:00+08:00
5ffbdffb-0a06-4d0d-83cb-a5fe4495939c,M-1951,SESS-20260831-1617-0054,RENTAL_ACCRUAL,10,57,2026-09-01T01:20:00+08:00
9453bc4b-72a6-4aff-8cb7-a88478f51db3,M-1650,SESS-20260831-8198-0055,RENTAL_ACCRUAL,40,149,2026-09-01T02:15:00+08:00
59227ebc-7f0e-4c59-98f5-0b9cb9525ebc,M-1650,TIER_UPGRADE_Silver_TO_Gold,TIER_BONUS,100,249,2026-09-01T02:15:00+08:00
82a90d2f-52ed-49e5-951d-dc61a2b9d3cb,M-1406,SESS-20260831-6490-0056,RENTAL_REDEMPTION,-300,207,2026-08-31T17:30:00+08:00
90cae601-6601-43ed-8b57-6de02bc327e0,M-1406,SESS-20260831-6490-0056,RENTAL_ACCRUAL,26,233,2026-08-31T22:30:00+08:00
8a07b42a-0255-4900-92ad-b4bb1d09f716,M-1406,TIER_UPGRADE_Silver_TO_Gold,TIER_BONUS,100,333,2026-08-31T22:30:00+08:00
3e8150f8-118c-4e68-a94f-7551f6c0ed54,M-1304,SESS-20260831-4503-0057,RENTAL_ACCRUAL,16,483,2026-08-31T05:45:00+08:00
94e12c05-f30a-41d6-b774-a26256f49c94,M-1845,SESS-20260831-2467-0058,RENTAL_ACCRUAL,16,367,2026-09-01T00:00:00+08:00
c9e43896-dd7c-45f4-8190-af66260470b4,M-1327,SESS-20260831-3733-0059,RENTAL_ACCRUAL,28,1864,2026-08-31T11:00:00+08:00
4aa2a0dd-7cba-433e-9b21-450999b083df,M-1990,SESS-20260831-7470-0060,RENTAL_ACCRUAL,16,159,2026-08-31T22:00:00+08:00
1f72a230-aa61-4371-8140-d18599d1afb9,M-2134,SESS-20260831-8261-0061,RENTAL_ACCRUAL,15,73,2026-08-31T20:15:00+08:00
5c4d6d2c-8574-41cb-b8c4-7da13d97f648,M-2188,SESS-20260831-3895-0062,RENTAL_ACCRUAL,60,102,2026-09-01T00:30:00+08:00
4b16a348-9077-427b-906d-b6bd69fe235a,M-1527,SESS-20260831-3284-0063,RENTAL_ACCRUAL,9,1060,2026-08-31T14:15:00+08:00
58b24edf-9051-4695-8def-ff2f2420197f,M-1805,SESS-20260831-3924-0064,RENTAL_ACCRUAL,18,620,2026-09-01T02:45:00+08:00
7d56b1b4-cdb4-4c62-9bc1-088d93fa126b,M-1198,SESS-20260831-4988-0065,RENTAL_ACCRUAL,18,2277,2026-08-31T19:15:00+08:00
12b8e455-80a7-44ad-a5c1-e4aed9933394,M-1145,SESS-20260831-1364-0066,RENTAL_ACCRUAL,19,309,2026-08-31T12:00:00+08:00
6249e0c4-6e29-4187-857c-3821ad1075df,M-1693,SESS-20260831-3369-0067,RENTAL_ACCRUAL,12,192,2026-08-31T11:15:00+08:00
e5876dac-8172-42fb-a19a-c9bb4239d042,M-1956,SESS-20260831-6652-0068,RENTAL_REDEMPTION,-200,44,2026-08-31T20:25:00+08:00
44b81e5a-921f-40d4-98e3-30668ae82ee2,M-1956,SESS-20260831-6652-0068,RENTAL_ACCRUAL,14,58,2026-08-31T23:25:00+08:00
b9722ea3-ec30-4a68-9a20-39983264cabf,M-1168,SESS-20260831-7388-0069,RENTAL_ACCRUAL,16,467,2026-08-31T15:15:00+08:00
cf4f366a-bbfe-43c3-a1db-615c9ae8c0dd,M-1975,SESS-20260831-4898-0070,RENTAL_ACCRUAL,16,179,2026-09-01T01:30:00+08:00
d2f7b31b-e00d-4e41-9a6d-1c42d0f607d8,M-1793,SESS-20260831-9833-0071,RENTAL_ACCRUAL,6,1333,2026-08-31T16:15:00+08:00
ed494bd3-2eb1-490d-bb4d-ad852bc1dfb0,M-1863,SESS-20260831-9377-0072,RENTAL_ACCRUAL,18,443,2026-08-31T20:00:00+08:00
9a590429-acc5-430c-a9da-a118858cf79f,M-2180,SESS-20260831-1464-0073,RENTAL_ACCRUAL,72,280,2026-09-01T06:45:00+08:00
66f23035-86fd-473d-9b0e-5b256abbea81,M-1953,SESS-20260831-8530-0074,RENTAL_ACCRUAL,15,162,2026-09-01T00:00:00+08:00
ac565597-71b8-4b36-afb8-ab19ab088719,M-1068,SESS-20260831-7790-0075,RENTAL_ACCRUAL,28,238,2026-08-31T13:15:00+08:00
7d2c0ff4-1b62-4a1d-a50b-57e047b1ded4,M-1901,SESS-20260831-6996-0076,RENTAL_REDEMPTION,-100,27,2026-08-31T21:15:00+08:00
12a863d7-93e0-4c42-a5e3-cd592d56316c,M-1901,SESS-20260831-6996-0076,RENTAL_ACCRUAL,10,37,2026-09-01T00:15:00+08:00
ca948c0b-7faf-4bff-996a-5d5a09006de0,M-1472,SESS-20260831-3467-0077,RENTAL_ACCRUAL,45,371,2026-08-31T18:00:00+08:00
5902b36d-c5e9-482e-a4cd-c5f2d108a7c3,M-2087,SESS-20260831-2609-0078,RENTAL_ACCRUAL,16,149,2026-08-31T16:30:00+08:00
db098741-db71-450e-8dad-e28d751f3c85,M-1840,SESS-20260831-6174-0079,RENTAL_REDEMPTION,-100,1843,2026-08-31T16:45:00+08:00
495035f6-9900-45ce-b982-c16018196086,M-1840,SESS-20260831-6174-0079,RENTAL_ACCRUAL,4,1847,2026-08-31T18:45:00+08:00
fe1fc6ae-49c5-44c7-aad4-d4e3a0c267f8,M-1603,SESS-20260831-9419-0080,RENTAL_ACCRUAL,30,476,2026-09-01T00:10:00+08:00
d741763a-fa08-4ad0-96c9-94a5bfd983fe,M-1441,SESS-20260831-7852-0081,RENTAL_ACCRUAL,27,274,2026-08-31T19:00:00+08:00
2838beb1-5406-48ca-9e1c-b8f188f8226a,M-1375,SESS-20260831-2882-0082,RENTAL_ACCRUAL,11,317,2026-08-31T22:30:00+08:00
f51f66dc-941c-41d5-931f-57cffe1769a4,M-2198,SESS-20260831-4419-0083,RENTAL_ACCRUAL,96,123,2026-09-01T01:00:00+08:00
9853d2cc-c5cb-470a-ab1c-31378dc3674a,M-1779,SESS-20260831-6119-0084,RENTAL_ACCRUAL,12,323,2026-08-31T05:30:00+08:00
045751d7-8f9a-4e55-bee0-a2f9b94f5d70,M-1682,SESS-20260831-1944-0085,RENTAL_ACCRUAL,12,921,2026-08-31T16:00:00+08:00
f565b802-093c-4f65-b9f4-598d566bbbc9,M-1427,SESS-20260831-5385-0086,RENTAL_REDEMPTION,-100,32,2026-08-31T14:30:00+08:00
e4ecf197-2440-4546-9e85-bccce3e7a129,M-1427,SESS-20260831-5385-0086,RENTAL_ACCRUAL,34,66,2026-08-31T17:30:00+08:00
94a3c3fd-ed72-442d-845d-32bbe0c323a9,M-1026,SESS-20260831-8959-0087,RENTAL_REDEMPTION,-200,1310,2026-08-31T16:40:00+08:00
57bd3de6-e2c0-474e-9267-4cac7df3be35,M-1026,SESS-20260831-8959-0087,RENTAL_ACCRUAL,33,1343,2026-08-31T21:40:00+08:00
0062e3dd-ff63-4fdf-b6e7-15c410e47f9a,M-1518,SESS-20260831-6168-0088,RENTAL_REDEMPTION,-100,512,2026-08-31T19:15:00+08:00
89bf1460-cf6e-4116-90cc-12851a3c261d,M-1518,SESS-20260831-6168-0088,RENTAL_ACCRUAL,20,532,2026-08-31T21:15:00+08:00
23477f78-89d0-4c84-b746-84cfa8471ff8,M-1099,SESS-20260831-8314-0089,RENTAL_ACCRUAL,45,383,2026-09-01T00:35:00+08:00
3c8fc572-b954-4abb-97c5-03e12e34c1e0,M-1664,SESS-20260831-5580-0090,RENTAL_ACCRUAL,12,2633,2026-08-31T22:30:00+08:00
a06bb140-88d8-4f83-b7b4-9d56709d6b30,M-2068,SESS-20260831-6309-0091,RENTAL_REDEMPTION,-200,9,2026-08-31T14:30:00+08:00
e02c5959-a3cf-45b3-8b52-d448a8d0acc6,M-2068,SESS-20260831-6309-0091,RENTAL_ACCRUAL,15,24,2026-08-31T19:30:00+08:00
abd9beac-bf4d-464b-ab1b-338cdb7518df,M-1834,SESS-20260831-3336-0092,RENTAL_ACCRUAL,6,307,2026-08-31T14:00:00+08:00
5f3d4f78-4df7-4bc5-bf77-ddc8f7e1b434,M-1047,SESS-20260831-4054-0093,RENTAL_ACCRUAL,11,261,2026-08-31T23:15:00+08:00
f1e51f62-238b-4b14-98ef-f98e18b304d4,M-1575,SESS-20260831-6965-0094,RENTAL_ACCRUAL,30,267,2026-09-01T00:15:00+08:00
481efd6d-8fcb-4b77-9115-784ecf27ce6b,M-1195,SESS-20260831-5234-0095,RENTAL_ACCRUAL,11,427,2026-08-31T18:45:00+08:00
86cc6f63-d4e2-44fe-8648-981c1d450646,M-2146,SESS-20260831-9056-0096,RENTAL_ACCRUAL,16,353,2026-08-31T21:55:00+08:00
613a128a-5cee-4977-87b1-5c62b5b30333,M-2177,SESS-20260831-5130-0097,RENTAL_ACCRUAL,16,173,2026-08-31T10:45:00+08:00
f93a4b29-4024-425b-82f1-70f60384decf,M-2092,SESS-20260831-7508-0098,RENTAL_ACCRUAL,16,108,2026-08-31T09:45:00+08:00
11529de8-d4d5-4082-8f24-0582cf31c000,M-1023,SESS-20260831-2435-0099,RENTAL_ACCRUAL,5,38,2026-08-31T19:50:00+08:00
42e25cd0-06b2-402c-bfdc-c5e49bdc7d25,M-1963,SESS-20260831-3876-0100,RENTAL_REDEMPTION,-100,143,2026-08-31T20:00:00+08:00
3cd16e27-e00d-4774-aa8c-660a2fe48213,M-1963,SESS-20260831-3876-0100,RENTAL_ACCRUAL,38,181,2026-09-01T04:00:00+08:00
3e32e8eb-587d-435f-9c80-abb74c6f7234,M-1134,SESS-20260831-6093-0101,RENTAL_ACCRUAL,45,138,2026-08-31T18:30:00+08:00
50e33d8a-54e9-4a6b-8605-faba01ad48fa,M-1832,SESS-20260831-5728-0102,RENTAL_ACCRUAL,45,189,2026-09-01T00:15:00+08:00
fd06fe58-1190-405f-befb-cc07d90ecdb1,M-1108,SESS-20260831-4101-0103,RENTAL_REDEMPTION,-200,251,2026-08-31T23:00:00+08:00
a698d787-591e-4484-a6e2-69a1678faa50,M-1108,SESS-20260831-4101-0103,RENTAL_ACCRUAL,28,279,2026-09-01T02:00:00+08:00
085c6403-3e20-485f-bbde-3623869f1348,M-1385,SESS-20260831-9325-0104,RENTAL_ACCRUAL,5,489,2026-08-31T22:45:00+08:00
915b3c9d-aa18-418f-8986-fad772319188,M-1596,SESS-20260831-2058-0105,RENTAL_ACCRUAL,30,598,2026-09-01T03:00:00+08:00
1f74685c-b7ec-4b97-83a9-bd29b6ff6271,M-1736,SESS-20260831-9121-0106,RENTAL_ACCRUAL,27,176,2026-08-31T23:00:00+08:00
6f8394ba-d3d7-44d0-bb25-c1d5c830fc33,M-1409,SESS-20260831-1765-0107,RENTAL_ACCRUAL,12,552,2026-08-31T21:00:00+08:00
f38b5931-1983-4d4f-8a8f-74b171fdfde6,M-1534,SESS-20260831-5332-0108,RENTAL_ACCRUAL,30,218,2026-09-01T04:25:00+08:00
893568a8-b1a8-48eb-88a2-189feba5aee0,M-1519,SESS-20260831-2160-0109,RENTAL_ACCRUAL,45,165,2026-09-01T01:15:00+08:00
d9b527e4-c38c-4a7b-825b-2af5242df502,M-1745,SESS-20260831-2450-0110,RENTAL_REDEMPTION,-100,21,2026-08-31T21:00:00+08:00
874b56cc-77b0-4c46-874e-c1ebda71ef5e,M-1745,SESS-20260831-2450-0110,RENTAL_ACCRUAL,11,32,2026-08-31T23:00:00+08:00
ac18309d-2901-4eb3-9108-72ca8272b20a,M-1528,SESS-20260831-2233-0111,RENTAL_ACCRUAL,11,112,2026-08-31T23:15:00+08:00
9baab9a1-5fa7-4375-90dc-7b73a8a711d7,M-1775,SESS-20260831-1879-0112,RENTAL_ACCRUAL,30,1467,2026-08-31T21:30:00+08:00
a8913e17-9a20-4c32-a8fa-22b19f8a29f8,M-1352,SESS-20260831-7164-0113,RENTAL_ACCRUAL,27,340,2026-08-31T13:00:00+08:00
089b5cd0-3db3-4c9f-a0eb-c4d85f6000cf,M-1177,SESS-20260831-7326-0114,RENTAL_ACCRUAL,27,377,2026-09-01T01:45:00+08:00
024a1d9b-c98a-482d-b0b5-16a0ea6db873,M-1829,SESS-20260831-8882-0115,RENTAL_ACCRUAL,16,148,2026-09-01T01:35:00+08:00
b0dc1b1c-1037-48fc-a50c-213f9a473ee5,M-1430,SESS-20260831-9127-0116,RENTAL_ACCRUAL,12,1455,2026-09-01T01:00:00+08:00
0433f241-5403-4ae0-b283-9bd836b7749e,M-1994,SESS-20260831-9854-0117,RENTAL_ACCRUAL,16,142,2026-08-31T18:00:00+08:00
7892db12-bdc8-41c9-8a66-0b74fb8cccd3,M-1509,SESS-20260831-1289-0118,RENTAL_ACCRUAL,9,61,2026-08-31T21:30:00+08:00
37b0385e-32f3-439d-83dc-2b5eb50faa42,M-1344,SESS-20260831-1934-0119,RENTAL_ACCRUAL,67,505,2026-08-31T19:00:00+08:00
d7c4d4bb-8a1e-4742-b510-f7af49ec48df,M-1500,SESS-20260831-7731-0120,RENTAL_ACCRUAL,28,216,2026-09-01T01:30:00+08:00
938df3cd-19a5-4ce3-b20d-7b5dd7ddbc33,M-1644,SESS-20260831-8263-0121,RENTAL_REDEMPTION,-100,205,2026-08-31T22:05:00+08:00
be17874b-769c-4355-b683-1452d74f22be,M-1644,SESS-20260831-8263-0121,RENTAL_ACCRUAL,38,243,2026-09-01T03:05:00+08:00
44ada809-580d-4d4b-a135-0cfe51811412,M-1565,SESS-20260831-3233-0122,RENTAL_REDEMPTION,-300,562,2026-08-31T16:30:00+08:00
157f7e0d-2f3e-4ae5-8671-a56eca312f0d,M-1565,SESS-20260831-3233-0122,RENTAL_ACCRUAL,20,582,2026-08-31T19:30:00+08:00
35ebead7-97e1-480c-a181-60ec553c60a2,M-2146,SESS-20260831-4660-0123,RENTAL_ACCRUAL,11,364,2026-09-01T00:30:00+08:00
ba6cc808-8232-4366-92dd-670abf1e5ff2,M-2000,SESS-20260831-6985-0124,RENTAL_REDEMPTION,-100,465,2026-08-31T18:15:00+08:00
6083d766-737f-4abd-9125-6af725b1578e,M-2000,SESS-20260831-6985-0124,RENTAL_ACCRUAL,2,467,2026-08-31T19:15:00+08:00
0b48dcf0-4597-426e-b5bf-2a6c0fe6f30f,M-1802,SESS-20260831-3473-0125,RENTAL_ACCRUAL,12,302,2026-08-31T15:15:00+08:00
516d0104-3e30-4b04-be2b-d92319875d44,M-1383,SESS-20260831-6523-0126,RENTAL_ACCRUAL,45,610,2026-09-01T03:40:00+08:00
8c6b8e13-8d24-4c59-b573-3b44de8ff8cf,M-1886,SESS-20260831-9059-0127,RENTAL_REDEMPTION,-100,167,2026-08-31T22:15:00+08:00
dff6a716-d7d1-4cfe-86f3-851aee329e02,M-1886,SESS-20260831-9059-0127,RENTAL_ACCRUAL,5,172,2026-09-01T00:15:00+08:00
b7829dac-324a-4311-9c41-fa214dd792f8,M-1372,SESS-20260831-8373-0128,RENTAL_ACCRUAL,11,144,2026-08-31T23:15:00+08:00
aeee89e2-da4d-4c2a-9980-4a9192890cae,M-2148,SESS-20260831-6025-0129,RENTAL_ACCRUAL,27,121,2026-08-31T22:45:00+08:00
6c8f1661-e6ec-411e-b52f-cb30d84a1de6,M-1284,SESS-20260831-7618-0130,RENTAL_ACCRUAL,18,328,2026-08-31T20:00:00+08:00
3c17dd17-910e-4cc8-899e-d88026aff3e5,M-1041,SESS-20260831-2195-0131,RENTAL_REDEMPTION,-100,815,2026-08-31T22:45:00+08:00
e436ae23-5a18-46c1-abe6-3d4e1cffb97b,M-1041,SESS-20260831-2195-0131,RENTAL_ACCRUAL,4,819,2026-09-01T00:45:00+08:00
5b421312-8589-4452-8546-2a83e4ff9017,M-2120,SESS-20260831-1253-0132,RENTAL_REDEMPTION,-200,406,2026-08-31T21:30:00+08:00
d581cbad-f4c4-4065-b04a-c3477c0b8fd1,M-2120,SESS-20260831-1253-0132,RENTAL_ACCRUAL,14,420,2026-09-01T00:30:00+08:00
14330675-67b0-4d0b-b70e-360016660fc9,M-1128,SESS-20260831-3668-0133,RENTAL_ACCRUAL,40,395,2026-08-31T22:30:00+08:00
9c6bf7cd-d8f5-405e-b54a-9a18493b086d,M-1128,TIER_UPGRADE_Silver_TO_Gold,TIER_BONUS,100,495,2026-08-31T22:30:00+08:00
3fc6380f-a88b-4f5e-aded-5703523e1900,M-1713,SESS-20260831-8567-0134,RENTAL_ACCRUAL,18,342,2026-09-01T01:45:00+08:00
6c535b20-e453-4bc8-815a-b0cdeda788ab,M-2080,SESS-20260831-7778-0135,RENTAL_REDEMPTION,-200,20,2026-08-31T21:40:00+08:00
c0c673af-6e51-4dd1-994b-b1c5a27338f9,M-2080,SESS-20260831-7778-0135,RENTAL_ACCRUAL,5,25,2026-09-01T00:40:00+08:00
9175528b-19aa-4ce3-a36d-bfabd12cdf38,M-1753,SESS-20260831-8275-0136,RENTAL_REDEMPTION,-200,311,2026-08-31T19:45:00+08:00
dfb76726-3c8c-40a8-8e56-2b743c152363,M-1753,SESS-20260831-8275-0136,RENTAL_ACCRUAL,5,316,2026-08-31T21:45:00+08:00
79f30280-4a4b-4eb5-9b36-404d6d12bb3e,M-2084,SESS-20260831-7054-0137,RENTAL_REDEMPTION,-400,36,2026-08-31T03:45:00+08:00
abceb962-3e69-4790-9973-c426a60bd55c,M-2084,SESS-20260831-7054-0137,RENTAL_ACCRUAL,2,38,2026-08-31T05:45:00+08:00
b2cf5ab9-f16d-4fe6-bc1b-817687379478,M-1536,SESS-20260831-7300-0138,RENTAL_ACCRUAL,45,503,2026-09-01T02:45:00+08:00
933ac0e2-2a20-4339-b7f1-cae537f22633,M-2096,SESS-20260831-9065-0139,RENTAL_ACCRUAL,24,134,2026-08-31T23:25:00+08:00
0c074941-ca81-4cf4-b329-c5ed04c6f002,M-1860,SESS-20260831-2373-0140,RENTAL_ACCRUAL,16,153,2026-08-31T18:45:00+08:00
925e96fd-aaff-402b-b3d2-0c9a00316780,M-1462,SESS-20260831-6841-0141,RENTAL_ACCRUAL,12,454,2026-08-31T20:15:00+08:00
aaf5ff08-2fab-433c-a8f1-de8db2cc8cb3,M-1407,SESS-20260831-4785-0142,RENTAL_ACCRUAL,108,332,2026-09-01T03:40:00+08:00
70b8a6dd-2ea0-43af-9a70-aa32f4f028f6,M-1570,SESS-20260831-5861-0143,RENTAL_ACCRUAL,12,113,2026-08-31T22:35:00+08:00
ca19d1bf-967d-4e2f-b93d-4adfe47c4cdb,M-1875,SESS-20260831-2248-0144,RENTAL_ACCRUAL,10,69,2026-08-31T21:00:00+08:00
6c44f66b-288a-4ce9-a603-3247f2cd0323,M-1428,SESS-20260831-6303-0145,RENTAL_ACCRUAL,27,203,2026-09-01T00:55:00+08:00
a4bec746-d7bf-4274-8c36-ec3f88dbe406,M-1532,SESS-20260831-9283-0146,RENTAL_REDEMPTION,-100,37,2026-08-31T16:45:00+08:00
f3d0c6cf-b4d8-452e-ba02-df00cfdcad30,M-1532,SESS-20260831-9283-0146,RENTAL_ACCRUAL,5,42,2026-08-31T18:45:00+08:00
277c9beb-d7e6-4f0a-a551-c4558f0734c1,M-2023,SESS-20260831-7743-0147,RENTAL_ACCRUAL,45,730,2026-08-31T09:30:00+08:00
86dfcf29-98b5-4ed6-9228-7ebfa1df0a70,M-2114,SESS-20260831-2334-0148,RENTAL_ACCRUAL,72,478,2026-09-01T05:15:00+08:00
6e25f3de-f21d-4129-be25-b5e6c06c7892,M-1767,SESS-20260831-8596-0149,RENTAL_REDEMPTION,-100,91,2026-08-31T21:40:00+08:00
85678dae-3eb9-4e37-ab3b-2debc66db2c9,M-1767,SESS-20260831-8596-0149,RENTAL_ACCRUAL,5,96,2026-08-31T23:40:00+08:00
2bddbc89-98b5-4803-a799-371d2e548125,M-1414,SESS-20260831-2782-0150,RENTAL_ACCRUAL,6,437,2026-09-01T00:55:00+08:00
258fa65c-cb13-404b-ac42-7ee1550a8c9b,M-1185,SESS-20260831-5580-0151,RENTAL_REDEMPTION,-100,204,2026-08-31T22:00:00+08:00
6941d3ba-5cf7-409f-8788-4d2a1cada971,M-1185,SESS-20260831-5580-0151,RENTAL_ACCRUAL,21,225,2026-09-01T03:00:00+08:00
3bb1bbb4-3716-4710-b4fd-47c9f2b54fb1,M-1436,SESS-20260831-4935-0152,RENTAL_ACCRUAL,30,758,2026-09-01T02:45:00+08:00
dcfca1a4-78e7-4aa2-8129-e77ee3f59a3b,M-1244,SESS-20260831-8547-0153,RENTAL_ACCRUAL,28,728,2026-08-31T19:15:00+08:00
a325d8ff-f30e-4b83-89b6-323904789ecb,M-1236,SESS-20260831-9781-0154,RENTAL_ACCRUAL,28,299,2026-09-01T03:00:00+08:00
68806957-6e7a-4b16-b674-8674b1a1f776,M-1417,SESS-20260831-1531-0155,RENTAL_ACCRUAL,11,726,2026-08-31T22:00:00+08:00
1027fc4d-76cd-426e-865c-4dd0733318f5,M-1652,SESS-20260831-6481-0156,RENTAL_REDEMPTION,-200,99,2026-08-31T22:00:00+08:00
37918efa-77a9-4a50-ba61-132e8f31e44b,M-1652,SESS-20260831-6481-0156,RENTAL_ACCRUAL,3,102,2026-09-01T01:00:00+08:00
bc749461-a1d1-4d24-a527-4e4743b3214e,M-1229,SESS-20260831-2229-0157,RENTAL_REDEMPTION,-100,142,2026-08-31T22:55:00+08:00
0d14ecfc-1d13-4424-ae76-15910a7d4799,M-1229,SESS-20260831-2229-0157,RENTAL_ACCRUAL,2,144,2026-08-31T23:55:00+08:00
483712b2-9569-4cef-8de7-023072d46c4e,M-1334,SESS-20260831-4581-0158,RENTAL_ACCRUAL,45,188,2026-08-31T20:15:00+08:00
5fe1866b-d422-40c2-b97f-94fc1e20d455,M-1838,SESS-20260831-6378-0159,RENTAL_ACCRUAL,9,509,2026-08-31T22:00:00+08:00
00de5696-c81a-47f3-9788-c7c72840d95a,M-1169,SESS-20260831-5427-0160,RENTAL_ACCRUAL,11,609,2026-08-31T23:30:00+08:00
b5935609-dbb2-41b6-bed6-12b4f26ae73f,M-1937,SESS-20260831-2054-0161,RENTAL_ACCRUAL,15,97,2026-09-01T01:45:00+08:00
bea9ff3e-05a1-45e4-89cb-884f79661291,M-1992,SESS-20260831-4485-0162,RENTAL_ACCRUAL,18,304,2026-08-31T17:30:00+08:00
c9ec89c4-d9f3-4332-b08e-48632b806b39,M-1292,SESS-20260831-6570-0163,RENTAL_REDEMPTION,-300,388,2026-08-31T17:00:00+08:00
d419792b-e43c-4b71-9f02-0e369ed45483,M-1292,SESS-20260831-6570-0163,RENTAL_ACCRUAL,7,395,2026-08-31T22:00:00+08:00
9041ab7e-f5c4-4fbd-93c3-91318a72a32f,M-1677,SESS-20260831-8254-0164,RENTAL_REDEMPTION,-100,509,2026-08-31T15:30:00+08:00
ec0eed5b-b6b7-4f6b-a967-13a16ed0e7d2,M-1677,SESS-20260831-8254-0164,RENTAL_ACCRUAL,21,530,2026-08-31T18:30:00+08:00
e6a5413d-e4a5-401e-9518-73b678e4ea01,M-1896,SESS-20260831-7834-0165,RENTAL_REDEMPTION,-300,192,2026-08-31T23:10:00+08:00
5f6b7ecf-1f9b-4f62-8cf3-5d09aea13a5f,M-1896,SESS-20260831-7834-0165,RENTAL_ACCRUAL,8,200,2026-09-01T02:10:00+08:00
66027824-3f05-4b68-9868-ce36ee3307dd,M-1501,SESS-20260831-3682-0166,RENTAL_ACCRUAL,28,309,2026-08-31T23:15:00+08:00
32bf4f53-fdfa-46b5-bddc-1e6a026ce87a,M-1549,SESS-20260831-9859-0167,RENTAL_ACCRUAL,11,157,2026-08-31T23:15:00+08:00
ece6ed2e-f3b3-4794-b423-55840d70f7b3,M-1001,SESS-20260831-6616-0168,RENTAL_ACCRUAL,13,234,2026-08-31T18:30:00+08:00
3bb89596-5b5c-4a5c-9199-f4e070465126,M-2102,SESS-20260831-3056-0169,RENTAL_ACCRUAL,10,221,2026-08-31T19:30:00+08:00
e75e6fd8-5984-4698-8bc8-43780ab02f70,M-2169,SESS-20260831-8882-0170,RENTAL_ACCRUAL,9,404,2026-08-31T19:55:00+08:00
a021988b-925b-491b-a1b5-179c249eae4d,M-1996,SESS-20260831-8373-0171,RENTAL_ACCRUAL,40,100,2026-09-01T03:00:00+08:00
e0927645-0bb3-4d59-a3eb-6f2f612f4915,M-2200,SESS-20260831-5704-0172,RENTAL_ACCRUAL,18,214,2026-08-31T22:30:00+08:00
961367f5-388b-4ae7-a4d5-4d51d114663b,M-1434,SESS-20260831-4759-0173,RENTAL_ACCRUAL,11,234,2026-08-31T21:45:00+08:00
8750685c-7a85-402f-989e-c98e850cda85,M-1345,SESS-20260831-6987-0174,RENTAL_ACCRUAL,28,901,2026-08-31T19:00:00+08:00
126d7d83-16aa-4dd5-844e-53e64d50aaaf,M-1263,SESS-20260831-3984-0175,RENTAL_ACCRUAL,67,158,2026-08-31T19:30:00+08:00
767afe82-0cf6-4f83-afcf-7eb6192e6028,M-1044,SESS-20260831-9897-0176,RENTAL_ACCRUAL,30,645,2026-09-01T03:40:00+08:00
8ee0a799-48dc-4271-af8d-f88674e44027,M-1416,SESS-20260831-5720-0177,RENTAL_REDEMPTION,-300,2246,2026-08-31T18:00:00+08:00
9f461623-5cb2-4444-abed-1ff5c6e2d4f1,M-1416,SESS-20260831-5720-0177,RENTAL_ACCRUAL,6,2252,2026-08-31T20:00:00+08:00
6f8cc061-3ef5-4915-8782-034b3921fa2d,M-1332,SESS-20260831-8565-0178,RENTAL_ACCRUAL,108,396,2026-09-01T03:35:00+08:00
515bfd53-e5f4-49e8-8be0-c68dea5e79e4,M-1321,SESS-20260831-3771-0179,RENTAL_REDEMPTION,-200,129,2026-08-31T17:15:00+08:00
03ce08e4-a97b-4e95-bb01-8db6d945c25c,M-1321,SESS-20260831-3771-0179,RENTAL_ACCRUAL,4,133,2026-08-31T20:15:00+08:00
b6217131-a0af-4ee2-ae17-5c114e44ed52,M-1580,SESS-20260831-9064-0180,RENTAL_REDEMPTION,-100,1056,2026-08-31T15:00:00+08:00
b7453b6a-bf3b-49c1-bf80-f70e3a1ea3a5,M-1580,SESS-20260831-9064-0180,RENTAL_ACCRUAL,10,1066,2026-08-31T18:00:00+08:00
25e31f07-63d4-4eef-a56f-b151ea3339f7,M-1878,SESS-20260831-9041-0181,RENTAL_ACCRUAL,11,206,2026-08-31T19:45:00+08:00
ac297271-fc99-411a-b0ca-c5c8ac9e85e9,M-1435,SESS-20260831-2560-0182,RENTAL_ACCRUAL,72,608,2026-09-01T03:30:00+08:00
ebb78db6-0947-4903-a6f5-94cb812a4a0a,M-1888,SESS-20260831-5445-0183,RENTAL_ACCRUAL,9,456,2026-08-31T09:30:00+08:00
4dc7d3e3-e209-4014-a966-e0156e257cd3,M-1526,SESS-20260831-1404-0184,RENTAL_ACCRUAL,18,1189,2026-09-01T01:45:00+08:00
e7df4dd2-0b2e-40a3-b083-02016d0b7bd1,M-1433,SESS-20260831-5322-0185,RENTAL_ACCRUAL,27,281,2026-08-31T19:15:00+08:00
32e6b592-858a-45f7-98d9-7b3bf5eed109,M-1488,SESS-20260831-5293-0186,RENTAL_ACCRUAL,28,955,2026-08-31T21:15:00+08:00
cd788d06-d682-47e8-9d36-55e04476ddc8,M-1243,SESS-20260831-4598-0187,RENTAL_ACCRUAL,18,95,2026-09-01T01:15:00+08:00
bb0bc1ee-a0ff-4c7e-a42c-7a0dfd192a7d,M-1259,SESS-20260831-5391-0188,RENTAL_ACCRUAL,16,98,2026-09-01T00:15:00+08:00
d22b77a6-fc2e-4e02-9768-a0195c5a2838,M-1811,SESS-20260831-5479-0189,RENTAL_ACCRUAL,28,298,2026-09-01T00:45:00+08:00
1e1ef295-b57d-4354-a068-f2bac86752c7,M-1397,SESS-20260831-4974-0190,RENTAL_ACCRUAL,19,622,2026-08-31T23:00:00+08:00
91ab51e6-34b9-4b80-97e9-3be3454cca68,M-1425,SESS-20260831-3360-0191,RENTAL_ACCRUAL,45,206,2026-09-01T04:25:00+08:00
d87ad80c-1ca1-4244-b9b3-4bcf3200977c,M-1266,SESS-20260831-3523-0192,RENTAL_ACCRUAL,67,216,2026-09-01T03:35:00+08:00
b8719b32-6ad8-401a-9b50-1d2e25fbc4ec,M-1718,SESS-20260831-5550-0193,RENTAL_ACCRUAL,6,1164,2026-08-31T21:35:00+08:00
32a55a22-b129-4e61-9847-f89eab30d999,M-1286,SESS-20260831-2681-0194,RENTAL_ACCRUAL,5,299,2026-08-31T23:05:00+08:00
d2de5fda-138e-4ca5-8376-2b7ea9181a0b,M-1209,SESS-20260831-1086-0195,RENTAL_ACCRUAL,28,487,2026-08-31T18:45:00+08:00
8fe1f38d-9f26-43bf-ab1d-5003bb84bc34,M-1275,SESS-20260831-1369-0196,RENTAL_ACCRUAL,45,301,2026-09-01T07:30:00+08:00
7baad21e-ffe4-416c-b158-08419829dc8e,M-2050,SESS-20260831-3097-0197,RENTAL_ACCRUAL,28,227,2026-08-31T13:00:00+08:00
89a8e9bb-7ddf-457f-9cdd-43ec941573c7,M-1304,SESS-20260831-8787-0198,RENTAL_ACCRUAL,45,528,2026-09-01T02:30:00+08:00
0a7c7084-c08c-48ae-90f3-26c6a5c4da01,M-2164,SESS-20260831-3569-0199,RENTAL_ACCRUAL,25,108,2026-08-31T19:00:00+08:00
2805c4fc-b811-4ef1-a0a3-29a348e115f4,M-1641,SESS-20260831-4546-0200,RENTAL_ACCRUAL,11,148,2026-08-31T22:45:00+08:00
64af703b-1c77-4599-bffb-6711444f46a6,M-1809,SESS-20260831-6561-0201,RENTAL_ACCRUAL,28,679,2026-09-01T00:15:00+08:00
6cc16379-ec68-4ee2-aedb-41f7b8b283b1,M-1724,SESS-20260831-4284-0202,RENTAL_ACCRUAL,5,61,2026-08-31T23:40:00+08:00
d30ada65-e98e-48b3-a302-31a5579ec470,M-1312,SESS-20260831-9998-0203,RENTAL_ACCRUAL,5,115,2026-08-31T12:00:00+08:00
4341b6a4-6813-4270-929d-6c7d0dd8b7e5,M-1333,SESS-20260831-9993-0204,RENTAL_ACCRUAL,48,601,2026-08-31T23:45:00+08:00
9c5c8b3f-33bf-41b8-8277-ccdb358502aa,M-1524,SESS-20260831-1666-0205,RENTAL_ACCRUAL,5,124,2026-08-31T17:05:00+08:00
6a14c25d-8537-4486-8f76-9d9ffb8e563e,M-1197,SESS-20260831-5758-0206,RENTAL_ACCRUAL,16,112,2026-08-31T22:15:00+08:00
aad08abd-49a5-4dfc-81fc-a0b948f663cc,M-2092,SESS-20260831-3618-0207,RENTAL_ACCRUAL,11,119,2026-08-31T17:00:00+08:00
d153c78d-fa23-47ab-9104-392b02d7452f,M-2164,SESS-20260831-3243-0208,RENTAL_REDEMPTION,-100,8,2026-08-31T23:30:00+08:00
4e492481-538e-4024-bab6-50aaee5d8a12,M-2164,SESS-20260831-3243-0208,RENTAL_ACCRUAL,5,13,2026-09-01T01:30:00+08:00
85b62fe7-c8dd-4aab-a170-94067cbbabcf,M-1899,SESS-20260831-5209-0209,RENTAL_ACCRUAL,45,215,2026-08-31T22:30:00+08:00
c8ade4bb-4819-48aa-a9de-5ae01bebe7bb,M-1415,SESS-20260831-3390-0210,RENTAL_ACCRUAL,6,461,2026-08-31T19:00:00+08:00
490af0d4-4149-47c6-92aa-dfb04ae9d342,M-1825,SESS-20260831-4402-0211,RENTAL_ACCRUAL,18,186,2026-08-31T20:45:00+08:00
c52b2589-cd11-47f7-a30b-40b27d580bb8,M-1473,SESS-20260831-8314-0212,RENTAL_ACCRUAL,6,459,2026-08-31T22:30:00+08:00
1801054c-3ac0-4ab5-a118-b1f6c1f41274,M-1552,SESS-20260831-4626-0213,RENTAL_ACCRUAL,45,89,2026-08-31T18:15:00+08:00
afc763ac-4e36-4cd9-94c0-a01c8216fbd6,M-1395,SESS-20260831-3940-0214,RENTAL_ACCRUAL,18,328,2026-08-31T17:00:00+08:00
596754cc-fb5a-45ca-8e21-805ba2becccd,M-1323,SESS-20260831-9990-0215,RENTAL_ACCRUAL,18,596,2026-09-01T01:15:00+08:00
0fe2fe5d-a7c3-46d6-be86-e8b030c3d424,M-1256,SESS-20260831-4752-0216,RENTAL_ACCRUAL,40,299,2026-08-31T20:00:00+08:00
b0967eae-d840-421f-b11c-6d39c606f4b6,M-1780,SESS-20260831-2281-0217,RENTAL_ACCRUAL,72,521,2026-09-01T04:45:00+08:00
9acec039-7c7b-4c8b-a255-ea9c68c8d88c,M-1757,SESS-20260831-5405-0218,RENTAL_ACCRUAL,40,179,2026-09-01T00:25:00+08:00
a96000fd-1c3d-4272-9f2c-7d43a3169617,M-1550,SESS-20260831-5509-0219,RENTAL_REDEMPTION,-100,172,2026-08-31T16:50:00+08:00
85f61f3c-7d8c-45da-8635-b777375b9bd4,M-1550,SESS-20260831-5509-0219,RENTAL_ACCRUAL,2,174,2026-08-31T17:50:00+08:00
d2ff8249-abe3-4d02-8e93-8513d81ab476,M-1104,SESS-20260831-6930-0220,RENTAL_ACCRUAL,12,111,2026-08-31T22:20:00+08:00
7735fba9-254f-4056-a7fd-6a3e493c13c7,M-1478,SESS-20260831-8787-0221,RENTAL_REDEMPTION,-200,38,2026-08-31T20:10:00+08:00
98511745-6fb0-40d1-b546-077ec6b92a31,M-1478,SESS-20260831-8787-0221,RENTAL_ACCRUAL,55,93,2026-09-01T01:10:00+08:00
f3840a3b-829d-4251-9ef3-97b87dac93a2,M-1844,SESS-20260831-8605-0222,RENTAL_ACCRUAL,5,291,2026-08-31T21:30:00+08:00
c7ae44c9-3041-41fb-8fa1-bac054e71795,M-2157,SESS-20260831-1049-0223,RENTAL_REDEMPTION,-100,19,2026-08-31T20:45:00+08:00
a4a9c1a0-2bba-4d78-8bf3-f29c8534769d,M-2157,SESS-20260831-1049-0223,RENTAL_ACCRUAL,35,54,2026-09-01T04:45:00+08:00
5fd989cd-5a8a-469e-9191-942a970e78be,M-2157,TIER_UPGRADE_Standard_TO_Silver,TIER_BONUS,50,104,2026-09-01T04:45:00+08:00
e13f5ffc-51d8-43b5-b388-bb779bf317d4,M-1628,SESS-20260831-6643-0224,RENTAL_ACCRUAL,11,83,2026-08-31T20:45:00+08:00
172b997d-6398-4269-ae43-38c6faa6833d,M-1278,SESS-20260831-3338-0225,RENTAL_ACCRUAL,30,168,2026-09-01T03:30:00+08:00
a6b1449a-ee20-4ffc-b155-5fbd625b92e3,M-1804,SESS-20260831-3015-0226,RENTAL_ACCRUAL,18,375,2026-08-31T21:30:00+08:00
98b2c854-50fc-4fbc-9347-fd761737ed17,M-1404,SESS-20260831-9886-0227,RENTAL_ACCRUAL,27,185,2026-08-31T23:10:00+08:00
6b0288ae-ce5b-4cc3-9167-d7f25e079704,M-1117,SESS-20260831-4324-0228,RENTAL_REDEMPTION,-100,60,2026-08-31T22:05:00+08:00
17e46f0d-57ca-46b8-bd37-946d0b9da616,M-1117,SESS-20260831-4324-0228,RENTAL_ACCRUAL,5,65,2026-09-01T00:05:00+08:00
a65aab64-b15c-45a4-b510-f096b8998654,M-1158,SESS-20260831-5386-0229,RENTAL_REDEMPTION,-100,417,2026-08-31T20:45:00+08:00
4342ae41-4abc-4012-80dd-f3859a51f06f,M-1158,SESS-20260831-5386-0229,RENTAL_ACCRUAL,5,422,2026-08-31T22:45:00+08:00
6ec5fbef-121a-467d-9075-a964e73a61ba,M-2009,SESS-20260831-4211-0230,RENTAL_ACCRUAL,16,192,2026-08-31T21:30:00+08:00
6bdb8237-cd53-45f2-bcd4-afa39c078c03,M-1745,SESS-20260831-9941-0231,RENTAL_ACCRUAL,18,50,2026-09-01T02:40:00+08:00
0733b80c-2df8-4aaf-ba17-d50f2a67f984,M-2093,SESS-20260831-9528-0232,RENTAL_ACCRUAL,64,165,2026-09-01T07:30:00+08:00
fabdfc1d-09f7-4b38-be35-3929677aae61,M-1764,SESS-20260831-1883-0233,RENTAL_REDEMPTION,-100,409,2026-08-31T23:15:00+08:00
6b152bed-d50e-4a05-ae81-4d68dcab0547,M-1764,SESS-20260831-1883-0233,RENTAL_ACCRUAL,2,411,2026-09-01T00:15:00+08:00
95313cd7-1a3f-492b-8008-a0d54c6495a7,M-1690,SESS-20260831-4037-0234,RENTAL_REDEMPTION,-300,21,2026-08-31T23:35:00+08:00
578fac2e-d470-45d3-91f4-e1718cb89a9c,M-1690,SESS-20260831-4037-0234,RENTAL_ACCRUAL,6,27,2026-09-01T01:35:00+08:00
f5072068-2eec-4bf2-a85c-a1d763a162ce,M-1955,SESS-20260831-1352-0235,RENTAL_ACCRUAL,10,84,2026-08-31T23:50:00+08:00
ba135d2e-0cbe-4aa5-9926-2f62bbb92332,M-2005,SESS-20260831-7066-0236,RENTAL_ACCRUAL,18,67,2026-08-31T16:30:00+08:00
058c26ac-1a98-4c25-9db9-f5cf45bf49ac,M-1674,SESS-20260831-3423-0237,RENTAL_ACCRUAL,18,748,2026-09-01T01:05:00+08:00
e924707b-4100-4c50-b03d-4f43bf888809,M-1517,SESS-20260831-2937-0238,RENTAL_ACCRUAL,16,177,2026-09-01T02:30:00+08:00
76b8762b-afb1-4f6b-9489-07d2a4cc9a0f,M-1146,SESS-20260831-6206-0239,RENTAL_ACCRUAL,12,3133,2026-09-01T00:40:00+08:00
43376a5d-c0d2-41bc-a06f-000ef520d500,M-1694,SESS-20260831-8666-0240,RENTAL_ACCRUAL,11,299,2026-08-31T17:25:00+08:00
c288183b-61f0-42f7-b221-5fafed48509b,M-1794,SESS-20260831-8689-0241,RENTAL_ACCRUAL,67,517,2026-09-01T04:00:00+08:00
7428b815-451b-4f7f-b4b6-6a4018c0767f,M-1794,TIER_UPGRADE_Silver_TO_Gold,TIER_BONUS,100,617,2026-09-01T04:00:00+08:00
10dc4554-371d-4f35-9c87-85a10d821dad,M-1850,SESS-20260831-1054-0242,RENTAL_ACCRUAL,15,275,2026-09-01T01:10:00+08:00
16950fcd-5189-4df5-8c2e-8a9a3eb6dc6e,M-1497,SESS-20260831-9406-0243,RENTAL_ACCRUAL,16,932,2026-08-31T22:00:00+08:00
33a63cf7-0b3a-41b8-bcaf-d0c15904faaf,M-2059,SESS-20260831-8629-0244,RENTAL_ACCRUAL,27,177,2026-08-31T20:55:00+08:00
03ff8985-77c3-44ec-ae69-4b110b0428f6,M-1936,SESS-20260831-7060-0245,RENTAL_ACCRUAL,16,506,2026-08-31T23:45:00+08:00
be2f1b7b-252e-490e-9722-5c480f5ac77c,M-1515,SESS-20260831-3538-0246,RENTAL_ACCRUAL,5,112,2026-08-31T21:45:00+08:00
f654dccf-4095-4010-a467-82f8be054ec5,M-1973,SESS-20260831-3975-0247,RENTAL_ACCRUAL,40,203,2026-09-01T06:55:00+08:00
09e19701-1da8-4b4d-8233-0aed7c9b0432,M-1169,SESS-20260831-5933-0248,RENTAL_REDEMPTION,-100,509,2026-08-31T23:50:00+08:00
e41a52fb-853f-4ee8-aac3-a7719db8b8a3,M-1169,SESS-20260831-5933-0248,RENTAL_ACCRUAL,2,511,2026-09-01T00:50:00+08:00
0be7bec2-57ca-4805-8219-404e75c1109e,M-1051,SESS-20260831-9618-0249,RENTAL_ACCRUAL,12,270,2026-08-31T16:15:00+08:00
75c7536b-e7b6-45a4-aa59-5cb38d2b420f,M-1042,SESS-20260831-4410-0250,RENTAL_ACCRUAL,5,185,2026-08-31T23:45:00+08:00
216dbc2b-8116-4911-a35b-fde5d39b6269,M-1761,SESS-20260831-6183-0251,RENTAL_ACCRUAL,11,717,2026-09-01T00:45:00+08:00
f15dde67-5ef6-478a-9434-999dc98eb7e2,M-1791,SESS-20260831-8339-0252,RENTAL_REDEMPTION,-100,28,2026-08-31T22:00:00+08:00
bd5941f2-f333-4587-b3a5-1394e781ba3b,M-1791,SESS-20260831-8339-0252,RENTAL_ACCRUAL,6,34,2026-08-31T23:00:00+08:00
0f4b6e5e-d887-4734-b88c-6d4e740a64e7,M-1924,SESS-20260831-5884-0253,RENTAL_REDEMPTION,-100,57,2026-08-31T18:40:00+08:00
488f68f7-e79a-4704-8867-6b7a37df93bb,M-1924,SESS-20260831-5884-0253,RENTAL_ACCRUAL,11,68,2026-08-31T20:40:00+08:00
2259731e-b5d8-40ca-837f-c3f9101cbbe0,M-1399,SESS-20260831-3051-0254,RENTAL_ACCRUAL,13,188,2026-08-31T21:15:00+08:00
3ca202ec-b80d-41d8-9bac-3c168cbaf254,M-1010,SESS-20260831-8361-0255,RENTAL_ACCRUAL,11,679,2026-09-01T00:00:00+08:00
f2cea309-4e21-4223-a87e-922b8b7706f5,M-2098,SESS-20260831-9837-0256,RENTAL_ACCRUAL,9,70,2026-08-31T18:00:00+08:00
fc291073-17d4-41d5-b764-223c78aa1b33,M-1086,SESS-20260831-5359-0257,RENTAL_ACCRUAL,11,340,2026-08-31T07:00:00+08:00
4f7eaf9c-fbff-49bc-91ac-bec85bb41a59,M-1649,SESS-20260831-4670-0258,RENTAL_ACCRUAL,72,658,2026-08-31T22:15:00+08:00
50001af7-4082-4015-bee9-f9223d989c72,M-1649,TIER_UPGRADE_Silver_TO_Gold,TIER_BONUS,100,758,2026-08-31T22:15:00+08:00
92fa53c0-bfad-470b-b773-2b715d9ec6dc,M-1134,SESS-20260831-1974-0259,RENTAL_ACCRUAL,11,149,2026-09-01T01:50:00+08:00
de487b67-b7ff-47b0-a711-b44a777079bc,M-1946,SESS-20260831-3444-0260,RENTAL_ACCRUAL,16,300,2026-09-01T01:30:00+08:00
e9121ea5-6414-4dbb-89da-577cacfd4684,M-1578,SESS-20260831-7142-0261,RENTAL_ACCRUAL,11,472,2026-09-01T00:20:00+08:00
1bedcad9-67e3-40f5-aa60-aac46a68b937,M-1312,SESS-20260831-5998-0262,RENTAL_ACCRUAL,27,142,2026-08-31T16:30:00+08:00
2299220e-2596-40ae-a558-41e217285ac2,M-1561,SESS-20260831-7635-0263,RENTAL_ACCRUAL,45,512,2026-08-31T07:30:00+08:00
6a0fbb72-e536-420e-a36c-59ea60033c41,M-1561,TIER_UPGRADE_Silver_TO_Gold,TIER_BONUS,100,612,2026-08-31T07:30:00+08:00
ed92805b-03eb-4d08-b789-cdf161ffb676,M-2134,SESS-20260831-3127-0264,RENTAL_ACCRUAL,15,88,2026-09-01T02:55:00+08:00
b02e05b2-9c06-41ca-bdd0-ea9cd4f8d25e,M-1033,SESS-20260831-7766-0265,RENTAL_ACCRUAL,45,189,2026-08-31T20:30:00+08:00
87dc0291-9baf-4bdf-a1f9-2e03551738c5,M-1033,TIER_UPGRADE_Silver_TO_Gold,TIER_BONUS,100,289,2026-08-31T20:30:00+08:00
067a35b9-beb2-4cc1-b223-61b921e1ef3c,M-1338,SESS-20260831-1567-0266,RENTAL_ACCRUAL,11,147,2026-09-01T00:55:00+08:00
71c1e417-fa25-4aa4-82df-0d64e2afa43a,M-1712,SESS-20260831-7628-0267,RENTAL_ACCRUAL,5,131,2026-08-31T23:30:00+08:00
ca1413de-52e3-4b98-8fb0-ce278620fb5f,M-1801,SESS-20260831-7430-0268,RENTAL_ACCRUAL,45,183,2026-08-31T21:30:00+08:00
06626136-66f8-423f-a075-bdeb4b114243,M-1774,SESS-20260831-7235-0269,RENTAL_ACCRUAL,16,381,2026-08-31T23:30:00+08:00
1ac0b243-799a-4e9c-9d8e-91f9c3c0efe9,M-2086,SESS-20260831-8099-0270,RENTAL_ACCRUAL,11,307,2026-08-31T22:45:00+08:00
fd24a560-6589-46af-88df-9e47908637c0,M-1718,SESS-20260831-1770-0271,RENTAL_ACCRUAL,6,1170,2026-08-31T23:30:00+08:00
7f9400aa-6545-45fc-933d-175a255e252f,M-1239,SESS-20260831-3610-0272,RENTAL_ACCRUAL,40,59,2026-09-01T00:45:00+08:00
4a864489-3ddb-4f2a-93f4-f1e7ff3fe46b,M-1119,SESS-20260831-4856-0273,RENTAL_ACCRUAL,40,410,2026-09-01T00:25:00+08:00
7ecec906-5af6-4c9f-932e-4eeae0c4eb91,M-2153,SESS-20260831-2794-0274,RENTAL_REDEMPTION,-100,0,2026-08-31T03:45:00+08:00
051474c7-407a-45c8-9932-c0290960eaa6,M-2153,SESS-20260831-2794-0274,RENTAL_ACCRUAL,20,20,2026-08-31T08:45:00+08:00
5b2b9ef0-2604-411b-abaf-15c2db3233e6,M-1048,SESS-20260831-2414-0275,RENTAL_ACCRUAL,28,572,2026-08-31T19:25:00+08:00
4e8d49e1-82bb-4dbc-91e9-6daa2936356f,M-1469,SESS-20260831-9015-0276,RENTAL_ACCRUAL,45,626,2026-09-01T02:30:00+08:00
f8b6e368-65be-4b30-9c96-48f2672e8a88,M-1071,SESS-20260831-4723-0277,RENTAL_ACCRUAL,19,732,2026-08-31T21:45:00+08:00
b23249ca-3ecc-4fa5-a9be-a384b1331f9f,M-1531,SESS-20260831-5893-0278,RENTAL_ACCRUAL,45,274,2026-09-01T03:30:00+08:00
789d2992-e534-441d-9e04-d6907bc9509d,M-1231,SESS-20260831-4805-0279,RENTAL_ACCRUAL,16,386,2026-09-01T02:10:00+08:00
a01a80af-4389-4d0c-bf76-a82783a39194,M-1529,SESS-20260831-3642-0280,RENTAL_ACCRUAL,5,61,2026-08-31T19:50:00+08:00
5f81cbd3-c906-4806-aee5-27849b54fdef,M-1355,SESS-20260831-6235-0281,RENTAL_ACCRUAL,13,243,2026-08-31T14:30:00+08:00
d6aa9ebf-d5af-4329-bf49-c72d718036cf,M-1631,SESS-20260831-7163-0282,RENTAL_ACCRUAL,45,89,2026-09-01T02:45:00+08:00
490ea305-1b53-47fb-a369-58fd4f6fef7e,M-2019,SESS-20260831-7996-0283,RENTAL_ACCRUAL,24,48,2026-08-31T15:30:00+08:00
9bd87ee3-44f9-4fd5-bc7a-7ee0c2d6d840,M-1812,SESS-20260831-3967-0284,RENTAL_ACCRUAL,45,947,2026-09-01T02:45:00+08:00
4655efff-86a5-4ae4-bf52-382023830648,M-1444,SESS-20260831-3489-0285,RENTAL_ACCRUAL,30,3266,2026-09-01T04:55:00+08:00
ef1af2a8-a04b-4e68-b48e-2aeab7fe60f1,M-1006,SESS-20260831-3995-0286,RENTAL_ACCRUAL,18,336,2026-09-01T01:45:00+08:00
6857a808-8313-40bc-a63d-8955617db801,M-2022,SESS-20260831-1255-0287,RENTAL_ACCRUAL,45,481,2026-09-01T02:30:00+08:00
99274e45-120d-4917-87e2-cded3e526dec,M-1523,SESS-20260831-2566-0288,RENTAL_ACCRUAL,27,271,2026-09-01T00:55:00+08:00
dfc259a5-1157-4819-a24e-769ba1dfdcdd,M-1291,SESS-20260831-8137-0289,RENTAL_REDEMPTION,-500,134,2026-08-31T23:00:00+08:00
f2b07f7a-be43-4846-ab90-565f239f22a5,M-1291,SESS-20260831-8137-0289,RENTAL_ACCRUAL,13,147,2026-09-01T07:00:00+08:00
baabe3dc-6813-4eff-8a2e-7af69a81b4a4,M-2062,SESS-20260831-8780-0290,RENTAL_REDEMPTION,-100,214,2026-08-31T18:25:00+08:00
7747c3b8-42ad-451d-88b6-e6c8818037e5,M-2062,SESS-20260831-8780-0290,RENTAL_ACCRUAL,5,219,2026-08-31T20:25:00+08:00
9bc47d88-d95a-4a1a-bd4c-e95e092e47d0,M-1222,SESS-20260831-5118-0291,RENTAL_REDEMPTION,-100,914,2026-08-31T23:25:00+08:00
a794f2cf-cf6d-483b-8171-0c407d48da43,M-1222,SESS-20260831-5118-0291,RENTAL_ACCRUAL,2,916,2026-09-01T00:25:00+08:00
347eccfc-e3ee-457b-bd3f-54ee9e15b6d1,M-1313,SESS-20260831-5791-0292,RENTAL_ACCRUAL,18,486,2026-08-31T23:40:00+08:00
871f838b-3b8e-4f17-93ef-ee48fce325d0,M-1313,TIER_UPGRADE_Silver_TO_Gold,TIER_BONUS,100,586,2026-08-31T23:40:00+08:00
89d531c2-0952-40e6-b164-af5d639c7eb5,M-1153,SESS-20260831-5937-0293,RENTAL_ACCRUAL,11,531,2026-08-31T18:45:00+08:00
66350995-0c3a-4739-a1e0-cd4e117e7160,M-1836,SESS-20260831-3271-0294,RENTAL_ACCRUAL,12,438,2026-08-31T10:45:00+08:00
5b59c75a-4dcd-4aef-9b47-8973dbc6fe8b,M-1433,SESS-20260831-5214-0295,RENTAL_ACCRUAL,45,326,2026-09-01T01:40:00+08:00
4c0ce42b-1d7f-43f5-87d3-f64f12472115,M-1763,SESS-20260831-6888-0296,RENTAL_ACCRUAL,9,129,2026-08-31T19:15:00+08:00
b08cb536-1fe6-4cb8-95c7-952e6092fd29,M-1773,SESS-20260831-1539-0297,RENTAL_ACCRUAL,48,139,2026-09-01T00:00:00+08:00
17b57da1-ad69-4043-8457-f662ad6b340c,M-2007,SESS-20260831-3341-0298,RENTAL_REDEMPTION,-100,75,2026-08-31T23:45:00+08:00
954d0d70-cfc6-474f-a689-cb3dede73f8b,M-1651,SESS-20260831-3629-0299,RENTAL_REDEMPTION,-100,517,2026-08-31T09:40:00+08:00
18951e83-1df2-4b21-8eef-0aa2a0011720,M-1651,SESS-20260831-3629-0299,RENTAL_ACCRUAL,5,522,2026-08-31T11:40:00+08:00
431b303d-4dd1-4c01-9bc1-fff4d4b98ab0,M-2045,SESS-20260831-2856-0300,RENTAL_ACCRUAL,10,191,2026-08-31T16:30:00+08:00
a6ca9a20-f597-455a-8b59-848197600b40,M-2033,SESS-20260831-9791-0301,RENTAL_ACCRUAL,16,302,2026-09-01T00:30:00+08:00
d43472b3-10ed-4a6f-863b-e8d4ade499d8,M-1227,SESS-20260831-3221-0302,RENTAL_ACCRUAL,9,624,2026-08-31T22:40:00+08:00
04fe7f80-4091-4112-a4bb-6df12b3fe5e5,M-1405,SESS-20260831-2622-0303,RENTAL_ACCRUAL,11,252,2026-08-31T21:10:00+08:00
4c3148b2-4066-4d81-a06e-2142bec84c11,M-1538,SESS-20260831-1515-0304,RENTAL_REDEMPTION,-200,7,2026-08-31T23:40:00+08:00
e5392edd-0321-4b9a-b553-d3c78a0c53c5,M-1538,SESS-20260831-1515-0304,RENTAL_ACCRUAL,14,21,2026-09-01T02:40:00+08:00
d1fc0f88-f940-497b-9f7e-6f2b84a1449c,M-1676,SESS-20260831-8143-0305,RENTAL_ACCRUAL,28,2705,2026-08-31T21:15:00+08:00
1b0e6e3a-16af-4020-94ce-4e218657a967,M-1480,SESS-20260831-3729-0306,RENTAL_ACCRUAL,16,484,2026-09-01T00:10:00+08:00
c45990da-737a-457a-902f-d71d617e3c7c,M-1012,SESS-20260831-9644-0307,RENTAL_ACCRUAL,45,349,2026-09-01T00:15:00+08:00
8c6554d5-5152-49c4-9709-c0785bf16311,M-1571,SESS-20260831-8541-0308,RENTAL_ACCRUAL,16,257,2026-08-31T23:00:00+08:00
680095b2-9755-41b7-9fc3-f67278590b5f,M-1709,SESS-20260831-2908-0309,RENTAL_ACCRUAL,16,328,2026-08-31T17:15:00+08:00
38252d8c-c592-4b1f-9bca-7a26e3a3ab87,M-1001,SESS-20260831-2496-0310,RENTAL_ACCRUAL,45,279,2026-09-01T03:45:00+08:00
01228205-f1b5-4342-ba19-2482f4db7243,M-1966,SESS-20260831-5486-0311,RENTAL_ACCRUAL,10,210,2026-09-01T01:30:00+08:00
ad4a4dca-3ee2-485a-ad94-eae91d67a92d,M-1336,SESS-20260831-1138-0312,RENTAL_ACCRUAL,6,563,2026-08-31T22:45:00+08:00
8d278792-880d-4af7-963f-53639ed4633e,M-1356,SESS-20260831-4864-0313,RENTAL_ACCRUAL,30,1077,2026-08-31T21:00:00+08:00
4951eea6-4dce-4127-bad1-c64a84c1cae8,M-1101,SESS-20260831-9849-0314,RENTAL_ACCRUAL,48,885,2026-09-01T06:00:00+08:00
dfc08671-2191-4cc4-a8c7-476b3de37ea8,M-1014,SESS-20260831-9047-0315,RENTAL_ACCRUAL,18,267,2026-09-01T01:30:00+08:00
eca232c5-0b38-4c25-ac50-fef90912b810,M-1381,SESS-20260831-2753-0316,RENTAL_ACCRUAL,5,347,2026-08-31T19:55:00+08:00
dc60ce3d-7183-403c-9211-8c523a2853d6,M-1297,SESS-20260831-7909-0317,RENTAL_ACCRUAL,5,213,2026-08-31T18:45:00+08:00
1858263e-a976-445b-9469-fd44a372df29,M-1766,SESS-20260831-8386-0318,RENTAL_ACCRUAL,48,719,2026-09-01T03:00:00+08:00
59ff1911-0a66-454c-aae1-a15df1547e20,M-1556,SESS-20260831-9969-0319,RENTAL_ACCRUAL,5,662,2026-09-01T00:30:00+08:00
e0e33d26-6dda-4af7-8c92-a6f1ed716e79,M-1045,SESS-20260831-2371-0320,RENTAL_ACCRUAL,11,345,2026-09-01T00:55:00+08:00
3f262893-f2e0-4bc5-9093-a633230dedde,M-1045,TIER_UPGRADE_Silver_TO_Gold,TIER_BONUS,100,445,2026-09-01T00:55:00+08:00
9d3a3d14-7d8f-4a24-97be-ab7d62a54878,M-1676,SESS-20260831-8631-0321,RENTAL_ACCRUAL,28,2733,2026-09-01T01:05:00+08:00
d4676958-faee-4659-abb5-bd8acf156d3d,M-2069,SESS-20260831-7348-0322,RENTAL_ACCRUAL,15,103,2026-09-01T02:40:00+08:00
953854a7-200d-4636-aa4b-c4d7878b1845,M-1716,SESS-20260831-6465-0323,RENTAL_ACCRUAL,28,520,2026-08-31T16:40:00+08:00
9049c198-10ff-4897-8d85-004a96089414,M-1582,SESS-20260831-1899-0324,RENTAL_ACCRUAL,27,675,2026-08-31T23:30:00+08:00
ae5a45fe-623e-4d5d-bce6-774b8fc0499e,M-1261,SESS-20260831-1583-0325,RENTAL_ACCRUAL,16,88,2026-08-31T22:55:00+08:00
eca220d7-3b1b-484f-8612-c1ebeda4d0b3,M-1065,SESS-20260831-6954-0326,RENTAL_ACCRUAL,30,850,2026-09-01T03:45:00+08:00
4aa752df-91c1-4b3c-a685-89ee376e7eb1,M-1432,SESS-20260831-2783-0327,RENTAL_ACCRUAL,48,3645,2026-09-01T05:15:00+08:00
389f4c53-580b-44bc-ab27-0e6ef4178f2a,M-1240,SESS-20260831-7887-0328,RENTAL_ACCRUAL,19,475,2026-08-31T21:00:00+08:00
8fca1989-7568-489a-9765-947864365551,M-1858,SESS-20260831-5429-0329,RENTAL_ACCRUAL,24,123,2026-08-31T21:30:00+08:00
86a29491-5bb6-4ab5-a369-63e4beafc9c7,M-1557,SESS-20260831-6858-0330,RENTAL_ACCRUAL,16,754,2026-08-31T23:00:00+08:00
f9ff4bbd-bbc7-42ad-ad59-80339bcf19bb,M-1007,SESS-20260831-8611-0331,RENTAL_REDEMPTION,-100,158,2026-08-31T16:30:00+08:00
7e486ba2-d192-4ce7-ab07-b40f5c134553,M-1007,SESS-20260831-8611-0331,RENTAL_ACCRUAL,21,179,2026-08-31T18:30:00+08:00
2b826146-ed5c-4966-aa77-4143d1cc3acc,M-1029,SESS-20260831-3117-0332,RENTAL_ACCRUAL,18,597,2026-08-31T21:15:00+08:00
ae322934-5878-4e19-bac5-564cd2a96ccd,M-1466,SESS-20260831-3372-0333,RENTAL_ACCRUAL,43,4003,2026-08-31T23:30:00+08:00
69aa91af-fca8-422e-954e-e50539e71368,M-1665,SESS-20260831-1005-0334,RENTAL_ACCRUAL,9,261,2026-08-31T22:00:00+08:00
63fe191d-47fc-423d-865a-50c4d85582e4,M-1760,SESS-20260831-8997-0335,RENTAL_ACCRUAL,11,731,2026-09-01T00:45:00+08:00
aff84613-7fe7-4488-a624-e457b16e3f86,M-1224,SESS-20260831-8394-0336,RENTAL_ACCRUAL,19,417,2026-09-01T01:55:00+08:00
5f03c13d-fc0f-4efc-9b29-8f819cd89c60,M-1447,SESS-20260831-3461-0337,RENTAL_ACCRUAL,19,366,2026-09-01T00:05:00+08:00
0c39089d-a6ae-453a-9c0a-5a016f3c294d,M-1032,SESS-20260831-2782-0338,RENTAL_REDEMPTION,-100,411,2026-08-31T23:05:00+08:00
8866767e-7dbe-497a-adc9-a2b612285194,M-1032,SESS-20260831-2782-0338,RENTAL_ACCRUAL,5,416,2026-09-01T01:05:00+08:00
06f8946a-8b38-4e51-8a26-662c92d951bd,M-1613,SESS-20260831-6289-0339,RENTAL_REDEMPTION,-100,73,2026-08-31T23:10:00+08:00
471421a9-53bb-4af7-bc86-d157f2932f12,M-1613,SESS-20260831-6289-0339,RENTAL_ACCRUAL,4,77,2026-09-01T01:10:00+08:00
7411f55a-dfdd-4587-8106-5a6c3c94cdd5,M-1056,SESS-20260831-9560-0340,RENTAL_ACCRUAL,28,94,2026-09-01T00:05:00+08:00
cffcfe7c-972c-49f5-a204-d2eb4701cf11,M-1788,SESS-20260831-2963-0341,RENTAL_REDEMPTION,-300,351,2026-08-31T21:35:00+08:00
cec5a483-b359-4113-a81a-6d260a718634,M-1788,SESS-20260831-2963-0341,RENTAL_ACCRUAL,21,372,2026-09-01T00:35:00+08:00
e529bfba-49a5-4b54-88c9-28293b62fec0,M-1728,SESS-20260831-6794-0342,RENTAL_REDEMPTION,-200,113,2026-08-31T19:00:00+08:00
319722f3-44cb-4ec7-88e3-c8aa84ef89fe,M-1728,SESS-20260831-6794-0342,RENTAL_ACCRUAL,13,126,2026-08-31T21:00:00+08:00
1bd2dbd7-ab15-484a-a014-46765a9c5591,M-1309,SESS-20260831-5740-0343,RENTAL_ACCRUAL,27,190,2026-09-01T00:15:00+08:00
700a9f3d-df09-4984-a223-d9db52d9ceda,M-1054,SESS-20260831-7133-0344,RENTAL_ACCRUAL,6,220,2026-08-31T23:55:00+08:00
bc6eab07-b4bb-4d20-ad2b-b38916dfbc96,M-1352,SESS-20260831-5600-0345,RENTAL_ACCRUAL,18,358,2026-09-01T00:25:00+08:00
bd37d424-86b5-4081-aa11-a853bec2a249,M-1335,SESS-20260831-4613-0346,RENTAL_ACCRUAL,5,105,2026-08-31T19:55:00+08:00
7faaf585-01dd-4239-8b43-c13b0636af68,M-1623,SESS-20260831-6629-0347,RENTAL_ACCRUAL,5,186,2026-08-31T21:00:00+08:00
fc804c7d-d409-49fc-af71-1d7f6d12c8c3,M-1915,SESS-20260831-1653-0348,RENTAL_ACCRUAL,72,165,2026-09-01T06:40:00+08:00
f9a34d28-d21d-4bc7-9b95-065113079bed,M-1903,SESS-20260831-7442-0349,RENTAL_ACCRUAL,10,108,2026-09-01T00:30:00+08:00
35aac4b2-7377-4b55-8a14-502c67ab838e,M-1358,SESS-20260831-3115-0350,RENTAL_ACCRUAL,9,92,2026-08-31T14:30:00+08:00
b94ab1ce-97a4-4ed2-bcf2-f438be73f731,M-1331,SESS-20260831-5564-0351,RENTAL_ACCRUAL,45,452,2026-09-01T03:05:00+08:00
97ccfb79-ea42-4c40-b98a-7abdbc8eec37,M-2194,SESS-20260831-7066-0352,RENTAL_ACCRUAL,16,87,2026-09-01T02:15:00+08:00
2b2f86eb-8e6a-459f-be48-61d986de7f10,M-2088,SESS-20260831-7182-0353,RENTAL_ACCRUAL,5,199,2026-08-31T22:20:00+08:00
6074c461-d54e-414a-904f-cbdf5f04282c,M-1698,SESS-20260831-9369-0354,RENTAL_ACCRUAL,5,650,2026-08-31T22:30:00+08:00
a55ceca5-813b-4db8-8e9b-02c9fa39f164,M-2141,SESS-20260831-7283-0355,RENTAL_ACCRUAL,67,156,2026-08-31T21:45:00+08:00
cf2bb046-2b3a-4928-8232-6c2fb8d1159d,M-1778,SESS-20260831-9910-0356,RENTAL_ACCRUAL,18,267,2026-08-31T22:50:00+08:00
bdc00bee-3cd1-4a62-9cd1-09da1692ffaf,M-1141,SESS-20260831-7720-0357,RENTAL_ACCRUAL,11,263,2026-09-01T00:35:00+08:00
36538b78-df41-4765-aa4c-5838114e0187,M-1743,SESS-20260831-5317-0358,RENTAL_ACCRUAL,9,428,2026-08-31T17:40:00+08:00
76e7bba1-a5f5-4e2f-9c39-ba9aebe95b48,M-1599,SESS-20260831-4312-0359,RENTAL_REDEMPTION,-100,497,2026-08-31T22:25:00+08:00
69df8bed-4f52-48ba-8e2f-45a8661e22f8,M-1599,SESS-20260831-4312-0359,RENTAL_ACCRUAL,10,507,2026-09-01T01:25:00+08:00
375bb38d-103e-401b-a781-da968b123427,M-1595,SESS-20260831-4157-0360,RENTAL_ACCRUAL,5,183,2026-08-31T22:10:00+08:00
dba57551-5550-4e9e-b29a-9c91337f9174,M-1343,SESS-20260831-3368-0361,RENTAL_ACCRUAL,27,179,2026-09-01T00:35:00+08:00
9c65e12f-3567-4dc0-b467-47178b0bccea,M-1597,SESS-20260831-7927-0362,RENTAL_ACCRUAL,30,286,2026-09-01T02:05:00+08:00
fb292d9b-6be6-495e-a440-4944531b45cd,M-1077,SESS-20260831-5411-0363,RENTAL_REDEMPTION,-100,702,2026-08-31T20:05:00+08:00
cb3f1ca8-065f-4779-89c8-4c288e4d3b08,M-1077,SESS-20260831-5411-0363,RENTAL_ACCRUAL,5,707,2026-08-31T22:05:00+08:00
9c68da98-f990-4012-a1f4-a1dccdd4f2f5,M-1967,SESS-20260831-7239-0364,RENTAL_ACCRUAL,11,76,2026-08-31T20:30:00+08:00
1f92427f-301b-4697-8990-8ddd7d1f6810,M-1235,SESS-20260831-1197-0365,RENTAL_ACCRUAL,18,93,2026-09-01T01:15:00+08:00
2d4be5f4-12c6-490b-8172-a95417e75d52,M-2043,SESS-20260831-4617-0366,RENTAL_ACCRUAL,16,66,2026-08-31T23:05:00+08:00
bdfae585-cda5-4fbf-94c4-6fdeaddf326f,M-2122,SESS-20260831-6710-0367,RENTAL_ACCRUAL,24,161,2026-09-01T00:05:00+08:00
8ca431b0-fdf3-440b-8b58-c5d38fe3062d,M-1569,SESS-20260831-4089-0368,RENTAL_ACCRUAL,27,252,2026-08-31T23:25:00+08:00
1a163f6e-a958-4310-8512-110b7b799e96,M-1457,SESS-20260831-5515-0369,RENTAL_REDEMPTION,-200,99,2026-08-31T23:45:00+08:00
f64eec30-44c8-43a0-91c1-b327836c1a32,M-1457,SESS-20260831-5515-0369,RENTAL_ACCRUAL,55,154,2026-09-01T04:45:00+08:00
c42f32c6-ce23-4c61-9b0a-91e49eee6788,M-1334,SESS-20260831-5768-0370,RENTAL_ACCRUAL,27,215,2026-09-01T01:40:00+08:00
24f77a5f-9a04-4c2f-9195-58067002a3e8,M-1442,SESS-20260831-2097-0371,RENTAL_ACCRUAL,27,578,2026-08-31T22:30:00+08:00
c615932a-ee98-4913-a080-e345f06b4724,M-1040,SESS-20260831-1697-0372,RENTAL_ACCRUAL,18,870,2026-08-31T23:00:00+08:00
99b87cef-1620-45f3-a76e-6978ec58a7b4,M-2184,SESS-20260831-8108-0373,RENTAL_ACCRUAL,27,170,2026-09-01T02:35:00+08:00
fe050986-e5c8-480b-92ca-9f397414874b,M-1540,SESS-20260831-5961-0374,RENTAL_ACCRUAL,18,420,2026-08-31T22:15:00+08:00
680dc992-bd59-4a0a-80af-f3e920e6a093,M-2153,SESS-20260831-9504-0375,RENTAL_ACCRUAL,8,28,2026-09-01T00:05:00+08:00
59595813-abeb-466b-ae92-ba89e774cce4,M-2165,SESS-20260831-7240-0376,RENTAL_ACCRUAL,16,59,2026-08-31T19:50:00+08:00
abb25458-dc0f-45ee-82e4-40f2a2aa7155,M-1325,SESS-20260831-1860-0377,RENTAL_ACCRUAL,40,299,2026-09-01T01:15:00+08:00
f560feb5-e60a-45c3-9edd-d1b933a13780,M-1550,SESS-20260831-1966-0378,RENTAL_ACCRUAL,6,180,2026-08-31T21:00:00+08:00
a2a6e545-b557-4ec6-852e-856d49554108,M-1727,SESS-20260831-9936-0379,RENTAL_ACCRUAL,40,222,2026-08-31T23:00:00+08:00
53cfd610-45b3-4fb0-b7c2-d4db37d9afad,M-1881,SESS-20260831-4528-0380,RENTAL_ACCRUAL,11,266,2026-08-31T22:30:00+08:00
cd1a3cc4-cf98-4830-9fdb-4ea6dc57a64c,M-1562,SESS-20260831-5611-0381,RENTAL_ACCRUAL,28,672,2026-09-01T02:20:00+08:00
67709369-e65d-4221-bc30-5e663df83efd,M-1957,SESS-20260831-8013-0382,RENTAL_ACCRUAL,11,245,2026-09-01T01:55:00+08:00
9328358b-656d-45e5-8404-2ad2c908a498,M-1856,SESS-20260831-7392-0383,RENTAL_ACCRUAL,16,167,2026-08-31T17:30:00+08:00
07d82d26-c442-4a64-a84a-a49c31cf39f4,M-2192,SESS-20260831-6807-0384,RENTAL_ACCRUAL,16,430,2026-09-01T00:30:00+08:00
be299390-58ef-44c6-b2ed-38db9bbb8737,M-1506,SESS-20260831-9523-0385,RENTAL_ACCRUAL,27,338,2026-08-31T20:35:00+08:00
f6da36aa-0c19-40e1-923e-d69aa6f3dd55,M-1825,SESS-20260831-9255-0386,RENTAL_REDEMPTION,-100,86,2026-08-31T22:30:00+08:00
728d84f9-5fe1-4684-9006-e1272281c9e0,M-1825,SESS-20260831-9255-0386,RENTAL_ACCRUAL,10,96,2026-09-01T01:30:00+08:00
3f4ecd4c-9fa8-467d-b48f-b4369b2f3135,M-1827,SESS-20260831-1218-0387,RENTAL_ACCRUAL,67,753,2026-09-01T04:15:00+08:00
6455020f-0d40-4041-9fb6-e0344e6b702a,M-1827,TIER_UPGRADE_Silver_TO_Gold,TIER_BONUS,100,853,2026-09-01T04:15:00+08:00
e39ef3db-5916-4aa6-9a13-d568be361c41,M-1251,SESS-20260831-7170-0388,RENTAL_ACCRUAL,11,356,2026-09-01T00:20:00+08:00
8d574a39-fdd2-48d4-831c-00d2ebed5315,M-2167,SESS-20260831-9550-0389,RENTAL_ACCRUAL,11,335,2026-08-31T19:00:00+08:00
07cf1464-9cf6-4321-aad6-99feb8847916,M-1237,SESS-20260831-6711-0390,RENTAL_ACCRUAL,6,354,2026-08-31T09:30:00+08:00
959ebd62-c524-492f-9799-eaf40b1dcc57,M-1188,SESS-20260831-1142-0391,RENTAL_ACCRUAL,6,129,2026-08-31T15:15:00+08:00
d25f24db-5fbb-4888-aed1-dcea7f7928db,M-1346,SESS-20260831-9953-0392,RENTAL_ACCRUAL,16,554,2026-09-01T02:10:00+08:00
df55b05f-16f1-489f-a1bc-4778a3352236,M-1167,SESS-20260831-6578-0393,RENTAL_ACCRUAL,28,498,2026-08-31T19:30:00+08:00
19b22454-4f44-492f-b130-313a40094879,M-1579,SESS-20260831-2208-0394,RENTAL_REDEMPTION,-100,2639,2026-08-31T21:10:00+08:00
66dedd3c-847b-46fd-ab4f-1fac7a29097f,M-1579,SESS-20260831-2208-0394,RENTAL_ACCRUAL,21,2660,2026-08-31T23:10:00+08:00
471e8405-b5a3-4843-810d-856ac28f26ba,M-2071,SESS-20260831-2777-0395,RENTAL_ACCRUAL,16,473,2026-09-01T01:35:00+08:00
7d11856e-23d3-4194-a01d-93cc6ec1b0a2,M-1789,SESS-20260831-2612-0396,RENTAL_ACCRUAL,11,233,2026-08-31T19:15:00+08:00
38508dd0-0b32-4870-9e04-a63ec691be06,M-2149,SESS-20260831-1293-0397,RENTAL_ACCRUAL,8,86,2026-08-31T21:30:00+08:00
3aef0ff4-6f76-46ac-9c30-870d89c02bff,M-1839,SESS-20260831-2131-0398,RENTAL_ACCRUAL,16,102,2026-09-01T01:20:00+08:00
ca980a9b-e6ff-4550-a8ef-f8243eefb65e,M-1891,SESS-20260831-6246-0399,RENTAL_ACCRUAL,16,500,2026-08-31T15:45:00+08:00
0f08d6e2-3520-4b28-b547-b14a1be089c1,M-1371,SESS-20260831-3207-0400,RENTAL_ACCRUAL,18,251,2026-08-31T23:45:00+08:00
30002265-5b12-4cf1-b963-0819366722de,M-2065,SESS-20260831-4036-0401,RENTAL_ACCRUAL,27,397,2026-08-31T22:45:00+08:00
fbc334eb-4e95-421d-8d6d-2a97a9a550ee,M-1094,SESS-20260831-1280-0402,RENTAL_REDEMPTION,-100,287,2026-08-31T23:00:00+08:00
3ff0b148-7a49-44bb-8101-f4623edac0b2,M-1094,SESS-20260831-1280-0402,RENTAL_ACCRUAL,107,394,2026-09-01T07:00:00+08:00
c667b1bc-523e-4f89-be92-71a5e7ea40f1,M-1842,SESS-20260831-4090-0403,RENTAL_ACCRUAL,40,79,2026-09-01T00:45:00+08:00
1092a3a5-8301-46f4-b96f-8115c7ef9c98,M-1635,SESS-20260831-3453-0404,RENTAL_ACCRUAL,19,345,2026-09-01T01:55:00+08:00
428bd28b-2a54-4c8f-9946-c0f04428649a,M-1950,SESS-20260831-7203-0405,RENTAL_ACCRUAL,27,37,2026-08-31T22:55:00+08:00
bbf1773c-0b43-40cc-8913-bd100ce0c5a6,M-1090,SESS-20260831-4197-0406,RENTAL_ACCRUAL,12,417,2026-08-31T23:10:00+08:00
545569cf-b15b-4456-a193-99e6303d3119,M-1992,SESS-20260831-7086-0407,RENTAL_ACCRUAL,18,322,2026-09-01T00:40:00+08:00
428b017f-f167-47c6-9226-19bbf6e25748,M-1479,SESS-20260831-2415-0408,RENTAL_REDEMPTION,-100,2023,2026-08-31T20:40:00+08:00
551f8b71-6232-45f1-84a1-8ba25adda462,M-1479,SESS-20260831-2415-0408,RENTAL_ACCRUAL,4,2027,2026-08-31T22:40:00+08:00
38d12ff6-183b-4a1e-b9a8-961ea66273bb,M-1835,SESS-20260831-9783-0409,RENTAL_ACCRUAL,6,513,2026-08-31T20:15:00+08:00
d1f1da63-5221-40bf-9f0d-a26de473dc93,M-1802,SESS-20260831-4024-0410,RENTAL_ACCRUAL,12,314,2026-08-31T17:30:00+08:00
eda30668-0619-4ac1-a7bf-f617bdd28b9b,M-1893,SESS-20260831-2649-0411,RENTAL_REDEMPTION,-100,216,2026-08-31T20:30:00+08:00
9fdd5b80-a878-4fda-9d4c-7117e455bd07,M-1893,SESS-20260831-2649-0411,RENTAL_ACCRUAL,10,226,2026-08-31T23:30:00+08:00
d0cdaf82-013d-4859-a1c4-f686daa08e1a,M-1949,SESS-20260831-8767-0412,RENTAL_REDEMPTION,-100,289,2026-08-31T22:45:00+08:00
4dd1810e-73b5-427b-8afc-91ad8274f3ce,M-1949,SESS-20260831-8767-0412,RENTAL_ACCRUAL,5,294,2026-09-01T00:45:00+08:00
55d3b044-fa3f-4d87-a920-6e0a0af0f465,M-1623,SESS-20260831-5215-0413,RENTAL_ACCRUAL,16,202,2026-09-01T02:20:00+08:00
384fb672-e5b4-49a9-817b-10d607fd13ef,M-1751,SESS-20260831-1856-0414,RENTAL_REDEMPTION,-100,67,2026-08-31T20:00:00+08:00
f51e1256-d383-4dc3-8852-4d6ad6cc6979,M-1751,SESS-20260831-1856-0414,RENTAL_ACCRUAL,21,88,2026-09-01T01:00:00+08:00
d5d1cdd0-7b33-4576-b12b-98a504ed65d6,M-1448,SESS-20260831-7441-0415,RENTAL_ACCRUAL,30,521,2026-09-01T04:35:00+08:00
e9848e34-0cd0-4861-a8c8-8073cbbdc608,M-1604,SESS-20260831-6849-0416,RENTAL_REDEMPTION,-200,9,2026-08-31T22:00:00+08:00
35c328e0-d902-49a5-8c5e-0d4a888ca233,M-1604,SESS-20260831-6849-0416,RENTAL_ACCRUAL,4,13,2026-09-01T01:00:00+08:00
7b78b634-7e6e-4f38-b02c-20a949e774b3,M-1670,SESS-20260831-2992-0417,RENTAL_REDEMPTION,-100,39,2026-08-31T20:20:00+08:00
57376e41-06d0-4aee-96a7-db89e2fbad71,M-1670,SESS-20260831-2992-0417,RENTAL_ACCRUAL,22,61,2026-09-01T01:20:00+08:00
02451e8c-88cf-463a-92bd-775eb489537a,M-1833,SESS-20260831-7063-0418,RENTAL_ACCRUAL,14,451,2026-09-01T00:15:00+08:00
c2578dfb-494b-40f6-8fed-278ffd1f7787,M-2067,SESS-20260831-3460-0419,RENTAL_REDEMPTION,-100,73,2026-08-31T19:20:00+08:00
b6df9051-d541-4f30-96a4-906d53fc3669,M-2067,SESS-20260831-3460-0419,RENTAL_ACCRUAL,10,83,2026-08-31T22:20:00+08:00
64e62c03-6e39-4904-a5f5-dd028eebf0d8,M-2049,SESS-20260831-5529-0420,RENTAL_ACCRUAL,11,245,2026-08-31T19:35:00+08:00
c0247729-ee67-4df4-9c70-0cb66e0214d4,M-2107,SESS-20260831-9715-0421,RENTAL_REDEMPTION,-100,155,2026-08-31T23:30:00+08:00
c22b26c4-72d9-4d51-8fd2-63904f724174,M-2107,SESS-20260831-9715-0421,RENTAL_ACCRUAL,5,160,2026-09-01T01:30:00+08:00
364c440a-c4b7-42bf-81bc-b247afdbd193,M-1484,SESS-20260831-3483-0422,RENTAL_ACCRUAL,27,554,2026-09-01T02:00:00+08:00
47068907-cb46-456b-9392-068dd46fe6f5,M-1440,SESS-20260831-9339-0423,RENTAL_ACCRUAL,11,311,2026-08-31T23:30:00+08:00
956222b8-5660-4e44-882e-365b258a04d2,M-1553,SESS-20260831-1988-0424,RENTAL_ACCRUAL,18,576,2026-08-31T22:45:00+08:00
94ca2e80-ce24-4a6b-bc9f-d10912e665d7,M-1790,SESS-20260831-2958-0425,RENTAL_ACCRUAL,27,262,2026-08-31T22:35:00+08:00
769fab41-2fa0-43e5-b9b6-0b0fa7e7bfa4,M-1647,SESS-20260831-7593-0426,RENTAL_ACCRUAL,28,707,2026-09-01T02:00:00+08:00
ab54f0b3-6ba4-4bf4-b2e2-283e83e21009,M-1624,SESS-20260831-6827-0427,RENTAL_ACCRUAL,12,400,2026-09-01T01:40:00+08:00
4a1bae5f-2cc3-4094-bca0-902c3503a407,M-2119,SESS-20260831-8662-0428,RENTAL_ACCRUAL,18,228,2026-09-01T00:50:00+08:00
62fd2499-d01a-4a55-9985-108ab3773cc1,M-1664,SESS-20260831-5643-0429,RENTAL_REDEMPTION,-100,2533,2026-08-31T22:30:00+08:00
2ecf05f5-8114-4971-a9d7-4ef90127aa38,M-1664,SESS-20260831-5643-0429,RENTAL_ACCRUAL,4,2537,2026-09-01T00:30:00+08:00
f2af942a-6c34-4493-8abd-304fdecebbce,M-1801,ORD-20260831-1872-0001,CONCESSION_ACCRUAL,3,186,2026-08-31T16:46:34+08:00
8af1683d-9a92-4ce7-b4ec-bcda714aba2f,M-2067,ORD-20260831-8270-0002,CONCESSION_ACCRUAL,21,104,2026-08-31T22:05:45+08:00
a59cf82d-5158-408d-8cbb-3a31b9e70e26,M-1023,ORD-20260831-7341-0003,CONCESSION_ACCRUAL,27,65,2026-08-31T18:57:44+08:00
35458398-77ed-424d-a2ce-29f97c0b2e69,M-1960,ORD-20260831-6955-0004,CONCESSION_ACCRUAL,3,520,2026-08-31T18:01:57+08:00
ddca4fed-7899-4384-b029-5284261fba44,M-1304,ORD-20260831-7553-0005,CONCESSION_ACCRUAL,43,571,2026-08-31T03:34:15+08:00
4d327223-288c-472a-868c-12afc620c9bf,M-1117,ORD-20260831-8688-0006,CONCESSION_ACCRUAL,24,89,2026-08-31T23:22:50+08:00
96deebe0-68a5-4b1c-86ea-aea494b54033,M-1682,ORD-20260831-3764-0007,CONCESSION_ACCRUAL,27,948,2026-08-31T15:44:25+08:00
a0027027-4ef1-4236-addc-d1204b400dfa,M-1844,ORD-20260831-6008-0008,CONCESSION_ACCRUAL,17,308,2026-08-31T20:49:14+08:00
e5dfcc1d-01d0-42f2-b00b-424609255c25,M-1844,TIER_UPGRADE_Standard_TO_Silver,TIER_BONUS,50,358,2026-08-31T20:49:14+08:00
fd7e0f55-34ae-48a4-b1ec-5a86d5a2d35a,M-1534,ORD-20260901-2312-0009,CONCESSION_ACCRUAL,9,227,2026-09-01T02:47:24+08:00
790cc402-8992-4880-965d-9cbf4a13b6d0,M-1727,ORD-20260831-4562-0010,CONCESSION_ACCRUAL,8,230,2026-08-31T21:55:34+08:00
5ad8c519-68eb-4968-b03e-ecad2d25317e,M-1858,ORD-20260831-4978-0011,CONCESSION_ACCRUAL,12,135,2026-08-31T19:57:24+08:00
b2ebe2f7-abb2-495b-9d8c-0126b6a72274,M-1570,ORD-20260831-1633-0012,CONCESSION_ACCRUAL,39,152,2026-08-31T20:55:08+08:00
f178306c-5f44-48fd-b274-9e228af0a0c4,M-2084,ORD-20260831-5089-0013,CONCESSION_ACCRUAL,3,41,2026-08-31T05:34:38+08:00
bc5e5b5b-9870-40fc-87ec-326d4a2b7ea0,M-1955,ORD-20260831-2225-0014,CONCESSION_ACCRUAL,8,92,2026-08-31T22:35:52+08:00
c44ae33f-5732-446c-abb8-12b7fa84fd36,M-1068,ORD-20260831-8234-0015,CONCESSION_ACCRUAL,18,256,2026-08-31T11:57:25+08:00
fbf2e16d-c29f-4d92-8829-ac4912981b93,M-1033,ORD-20260831-6487-0016,CONCESSION_ACCRUAL,25,314,2026-08-31T16:53:21+08:00
ec2aa346-9583-49bf-b7bf-0b13441e4914,M-1291,ORD-20260901-8848-0017,CONCESSION_ACCRUAL,3,150,2026-09-01T00:08:04+08:00
ca8eca5f-4d1d-49b8-b1c9-85de1e93490e,M-1444,ORD-20260901-1279-0018,CONCESSION_ACCRUAL,13,3279,2026-09-01T02:10:12+08:00
d5fad166-efff-4c42-8a64-2f5fb792d673,M-1004,ORD-20260831-6924-0019,CONCESSION_ACCRUAL,45,142,2026-08-31T03:01:39+08:00
93629b89-022b-4c02-873f-a2dfd3e04f5e,M-1004,TIER_UPGRADE_Silver_TO_Gold,TIER_BONUS,100,242,2026-08-31T03:01:39+08:00
273c52cf-8d8c-4324-b8fb-26222ef52b7f,M-1529,ORD-20260831-6563-0020,CONCESSION_ACCRUAL,22,83,2026-08-31T19:19:01+08:00
75d33c52-da1a-40e5-98da-3909623fbff4,M-1836,ORD-20260831-1414-0021,CONCESSION_ACCRUAL,45,483,2026-08-31T09:17:28+08:00
9732aeed-b68e-47f2-957d-156785b23522,M-1506,ORD-20260831-1681-0022,CONCESSION_ACCRUAL,38,376,2026-08-31T20:17:06+08:00
789b5a99-7e91-470f-be0b-6112f3f2d2e8,M-1506,TIER_UPGRADE_Silver_TO_Gold,TIER_BONUS,100,476,2026-08-31T20:17:06+08:00
5eb5c848-898f-45c1-931a-5e4c1de950e2,M-1915,ORD-20260901-6882-0023,CONCESSION_ACCRUAL,15,180,2026-09-01T02:00:50+08:00
8eee7d61-dfdd-4f01-af8b-e89be2731a65,M-1409,ORD-20260831-3935-0024,CONCESSION_ACCRUAL,9,561,2026-08-31T19:39:05+08:00
73643f88-2957-400f-b266-31492ab22aac,M-2192,ORD-20260831-2053-0025,CONCESSION_ACCRUAL,8,438,2026-08-31T23:37:18+08:00
98340b45-b016-4fca-90bc-847cc467bed7,M-1967,ORD-20260831-6775-0026,CONCESSION_ACCRUAL,15,91,2026-08-31T19:20:16+08:00
99a15461-55e5-4aea-af59-ef40f2cd8b4b,M-1779,ORD-20260831-5592-0027,CONCESSION_ACCRUAL,27,350,2026-08-31T05:11:24+08:00
184966a6-d193-42ae-88de-e3e0793fdfe3,M-1240,ORD-20260831-1648-0028,CONCESSION_ACCRUAL,9,484,2026-08-31T17:41:10+08:00
b5dec36b-ddcd-41d1-abf7-37efa7f0296f,M-1054,ORD-20260831-2697-0029,CONCESSION_ACCRUAL,9,229,2026-08-31T23:00:10+08:00
795ead49-b380-4090-98e1-c1615192a78d,M-1284,ORD-20260831-1951-0030,CONCESSION_ACCRUAL,8,336,2026-08-31T19:44:38+08:00
facdf4af-11ad-49d5-aa55-9c0e48a9e51e,M-1527,ORD-20260831-2002-0031,CONCESSION_ACCRUAL,41,1101,2026-08-31T13:18:21+08:00
3820e2ce-08a4-45a0-86cd-c608bc557d86,M-1623,ORD-20260831-8900-0032,CONCESSION_ACCRUAL,8,210,2026-08-31T23:54:19+08:00
79fbed27-c126-412f-8abf-20e006c7ceb9,M-1767,ORD-20260831-7361-0033,CONCESSION_ACCRUAL,31,127,2026-08-31T23:09:38+08:00
b80c6ab9-4958-4cfc-8d4d-38f637a3b3d6,M-1441,ORD-20260831-9878-0034,CONCESSION_ACCRUAL,3,277,2026-08-31T18:30:17+08:00
52f92fa2-0c29-491c-a177-34003f1e770c,M-1381,ORD-20260831-2965-0035,CONCESSION_ACCRUAL,8,355,2026-08-31T18:58:09+08:00
fb1fec00-2db0-4d1f-b3f8-11cc6278d06e,M-1829,ORD-20260901-2342-0036,CONCESSION_ACCRUAL,11,159,2026-09-01T00:48:55+08:00
490fe389-556a-4ddc-a047-620368888076,M-2049,ORD-20260831-5774-0037,CONCESSION_ACCRUAL,8,253,2026-08-31T19:17:08+08:00
159e6a44-384e-426e-9802-c7ba0375c859,M-2153,ORD-20260831-5393-0038,CONCESSION_ACCRUAL,17,45,2026-08-31T23:07:07+08:00
89d7f376-768b-4809-8478-cd4f46179c6d,M-2153,TIER_UPGRADE_Standard_TO_Silver,TIER_BONUS,50,95,2026-08-31T23:07:07+08:00
bb3b787a-0a5d-4e10-9ebd-ec6d2a7bf1ab,M-1761,ORD-20260901-3655-0039,CONCESSION_ACCRUAL,9,726,2026-09-01T00:37:10+08:00
adb41dd5-2ef5-490c-b675-411d4a36d898,M-1195,ORD-20260831-9868-0040,CONCESSION_ACCRUAL,18,445,2026-08-31T18:28:51+08:00
78ddb3b3-e24e-47bc-a4d8-f1f314bef749,M-1597,ORD-20260831-4923-0041,CONCESSION_ACCRUAL,13,299,2026-08-31T22:25:13+08:00
016d05f1-6270-4aaa-b6fb-5e19d02869be,M-1528,ORD-20260831-9511-0042,CONCESSION_ACCRUAL,26,138,2026-08-31T22:11:43+08:00
7ca4d50e-dc2c-463c-9652-7da610a3f2aa,M-1323,ORD-20260831-3933-0043,CONCESSION_ACCRUAL,8,604,2026-08-31T23:48:52+08:00
a2f426f7-d004-4e03-bd18-2de61ea6111f,M-1235,ORD-20260831-7259-0044,CONCESSION_ACCRUAL,9,102,2026-08-31T23:46:13+08:00
c80ae8e2-cc5c-49a8-b767-3332d591093a,M-1534,ORD-20260831-9039-0045,CONCESSION_ACCRUAL,30,257,2026-08-31T16:24:07+08:00
e8348aaf-c75d-4c61-b295-35b263ed7bff,M-1717,ORD-20260831-7720-0046,CONCESSION_ACCRUAL,13,865,2026-08-31T18:51:35+08:00
3379ecd6-8683-4f0b-b18b-a327882337c3,M-1447,ORD-20260831-1113-0047,CONCESSION_ACCRUAL,18,384,2026-08-31T23:42:35+08:00
28e9e2fe-e9df-4c08-b59e-7108e62d46bf,M-1966,ORD-20260831-9753-0048,CONCESSION_ACCRUAL,6,216,2026-08-31T23:50:03+08:00
1f00ae9d-ec2a-4e15-b640-7900bc0a55c8,M-1946,ORD-20260901-3037-0049,CONCESSION_ACCRUAL,30,330,2026-09-01T00:09:24+08:00
aba7c20d-ccba-4984-9d84-c555589654e3,M-2022,ORD-20260831-6925-0050,CONCESSION_ACCRUAL,18,499,2026-08-31T19:19:52+08:00
2027b00f-a7df-4043-ae9c-a46eb06ba6b7,M-1134,ORD-20260831-8816-0051,CONCESSION_ACCRUAL,9,158,2026-08-31T18:18:32+08:00
adc00b59-3e76-46c7-ad37-a6bed1c27709,M-1685,ORD-20260831-9135-0052,CONCESSION_ACCRUAL,11,392,2026-08-31T14:53:04+08:00
e55a4cfa-c954-4c11-869f-11478798610e,M-1099,ORD-20260831-8840-0053,CONCESSION_ACCRUAL,3,386,2026-08-31T21:17:23+08:00
5123a3fc-122e-4e42-901f-5a54a21188e1,M-1650,ORD-20260901-4276-0054,CONCESSION_ACCRUAL,9,258,2026-09-01T00:56:14+08:00
e946f574-6f3c-4da6-9930-585093570719,M-1209,ORD-20260831-4509-0055,CONCESSION_ACCRUAL,63,550,2026-08-31T17:41:41+08:00
660f3dca-c308-41cc-9393-a4410e1b648a,M-1815,ORD-20260831-3058-0056,CONCESSION_ACCRUAL,16,403,2026-08-31T10:43:59+08:00
2763dfc9-f788-486f-9ac8-1993a3364d3f,M-1603,ORD-20260831-5481-0057,CONCESSION_ACCRUAL,4,480,2026-08-31T23:26:49+08:00
45ef88be-ae4a-4e49-88a2-95bf99b848f9,M-2188,ORD-20260831-7570-0058,CONCESSION_ACCRUAL,13,115,2026-08-31T19:41:56+08:00
a6a83662-74a4-4433-a7ea-6b9d1ccef522,M-2045,ORD-20260831-6257-0059,CONCESSION_ACCRUAL,18,209,2026-08-31T16:04:43+08:00
5a565f67-cadc-4bc1-98c9-8c1814dbe2e3,M-2045,TIER_UPGRADE_Standard_TO_Silver,TIER_BONUS,50,259,2026-08-31T16:04:43+08:00
267d17f9-05ea-4b84-8b86-0095150c188b,M-1825,ORD-20260831-8722-0060,CONCESSION_ACCRUAL,16,112,2026-08-31T20:31:47+08:00
c6d870f0-edd1-423c-a6e2-ef3e9edb378f,M-1469,ORD-20260901-4241-0061,CONCESSION_ACCRUAL,15,641,2026-09-01T01:48:43+08:00
ce11bd11-0113-4397-a63e-c27be4fbf9fe,M-2069,ORD-20260901-8643-0062,CONCESSION_ACCRUAL,18,121,2026-09-01T02:26:46+08:00
848931dd-a5ee-4a89-bafc-a1a969ce3fd4,M-1924,ORD-20260831-3818-0063,CONCESSION_ACCRUAL,27,95,2026-08-31T19:30:37+08:00
04a98c36-684d-453b-8909-da591931851e,M-1119,ORD-20260831-9378-0064,CONCESSION_ACCRUAL,7,417,2026-08-31T22:41:39+08:00
525b2388-12e1-4dec-a4c6-c92d6eb45c69,M-1780,ORD-20260831-1262-0065,CONCESSION_ACCRUAL,11,532,2026-08-31T21:44:33+08:00
654d99f5-c86d-4d0f-a788-3066b9ad23e4,M-1949,ORD-20260901-3061-0066,CONCESSION_ACCRUAL,31,325,2026-09-01T00:03:13+08:00
0ac33a2a-e767-4852-b3d7-32e8e621c16d,M-1586,ORD-20260831-9733-0067,CONCESSION_ACCRUAL,33,121,2026-08-31T20:04:47+08:00
ce31411c-e3fd-4869-a2b1-a6fa80fd0c23,M-2164,ORD-20260831-1230-0068,CONCESSION_ACCRUAL,7,20,2026-08-31T23:34:12+08:00
b0e7816b-4284-4f23-aec4-0ce1595e3041,M-1440,ORD-20260831-3797-0069,CONCESSION_ACCRUAL,8,319,2026-08-31T23:24:13+08:00
182d5403-637f-4a0c-a75c-0789f60d9236,M-1071,ORD-20260831-4584-0070,CONCESSION_ACCRUAL,31,763,2026-08-31T20:46:52+08:00
cb315672-5711-4ae2-bdaa-3d9dc03322e9,M-1236,ORD-20260831-4024-0071,CONCESSION_ACCRUAL,15,314,2026-08-31T22:54:56+08:00
67b02c5f-e18e-4d35-8bc5-1c6554cf590e,M-1479,ORD-20260831-7912-0072,CONCESSION_ACCRUAL,18,2045,2026-08-31T22:08:01+08:00
7d8f21cd-d0b2-4661-931f-f91b76218a93,M-1616,ORD-20260831-5952-0073,CONCESSION_ACCRUAL,15,587,2026-08-31T21:06:00+08:00
e6aedb39-e993-4539-8486-bb450a93667c,M-2019,ORD-20260831-1491-0074,CONCESSION_ACCRUAL,8,56,2026-08-31T14:45:49+08:00
2ae6e4fe-4c5a-47dc-ac8e-2bcddc4d37b9,M-1519,ORD-20260831-6018-0075,CONCESSION_ACCRUAL,3,168,2026-08-31T23:16:26+08:00
b9badf27-3cf7-497e-8741-cebf5467d120,M-1224,ORD-20260901-5998-0076,CONCESSION_ACCRUAL,18,435,2026-09-01T00:44:19+08:00
6f81f3f1-a04e-4498-854f-f7dbe5a8e1ba,M-2102,ORD-20260831-6365-0077,CONCESSION_ACCRUAL,11,232,2026-08-31T18:05:18+08:00
564b86ce-70b9-48a1-92e5-19f06046e421,M-1065,ORD-20260901-7287-0078,CONCESSION_ACCRUAL,11,861,2026-09-01T03:34:24+08:00
12f96727-a3a6-472c-bb4e-22d92359e37b,M-2065,ORD-20260831-9978-0079,CONCESSION_ACCRUAL,8,405,2026-08-31T03:17:45+08:00
b778e81d-676f-4505-9971-854eeda2aab9,M-1809,ORD-20260831-2368-0080,CONCESSION_ACCRUAL,9,688,2026-08-31T22:21:10+08:00
28a74f4b-fd6a-40fb-beb5-9401bb1b3e79,M-2005,ORD-20260831-5579-0081,CONCESSION_ACCRUAL,19,86,2026-08-31T16:21:03+08:00
65573633-b503-472b-b925-3f588affa889,M-1021,ORD-20260831-1692-0082,CONCESSION_ACCRUAL,27,814,2026-08-31T21:26:31+08:00
9d536e23-dffc-43d4-be8c-7bed6df163b6,M-1168,ORD-20260831-3219-0083,CONCESSION_ACCRUAL,11,478,2026-08-31T13:48:38+08:00
058418a7-1c0a-47be-9a68-09c1d05fd9a7,M-2146,ORD-20260831-7062-0084,CONCESSION_ACCRUAL,15,379,2026-08-31T23:48:33+08:00
c723386a-12b9-4ff9-83dd-b78ea0bd6f15,M-2086,ORD-20260831-3087-0085,CONCESSION_ACCRUAL,7,314,2026-08-31T22:02:08+08:00
96bb2c83-db16-4673-9038-982c40c30d42,M-1104,ORD-20260831-7309-0086,CONCESSION_ACCRUAL,9,120,2026-08-31T21:14:04+08:00
4adc27aa-c32a-4dcd-bd78-f14c45676b5e,M-1278,ORD-20260901-4455-0087,CONCESSION_ACCRUAL,38,206,2026-09-01T00:10:12+08:00
2d9edf6f-10fa-462a-a916-0bf605b32428,M-1624,ORD-20260901-7291-0088,CONCESSION_ACCRUAL,38,438,2026-09-01T00:17:06+08:00
86adc164-e775-4924-922e-e9d94ab7e38f,M-1575,ORD-20260901-5398-0089,CONCESSION_ACCRUAL,15,282,2026-09-01T00:08:09+08:00
3d9a05c3-61df-4380-83de-1f2853c2e640,M-1146,ORD-20260831-7065-0090,CONCESSION_ACCRUAL,9,3142,2026-08-31T23:10:40+08:00
7703d009-8720-47bb-8f7b-76dec10194de,M-1399,ORD-20260831-2090-0091,CONCESSION_ACCRUAL,8,196,2026-08-31T20:28:08+08:00
46bb3773-6791-43d8-b3a8-0d6568432944,M-1423,ORD-20260831-2758-0092,CONCESSION_ACCRUAL,67,299,2026-08-31T23:12:05+08:00
2148a0c5-cc2b-4154-966a-6f8f5d4d7b30,M-1006,ORD-20260901-9376-0093,CONCESSION_ACCRUAL,18,354,2026-09-01T01:17:47+08:00
9d595423-fbf7-4e0c-b421-81561d19fbce,M-1167,ORD-20260831-9776-0094,CONCESSION_ACCRUAL,12,510,2026-08-31T17:24:52+08:00
511d5209-b16e-4a9b-b9eb-13e3b17e00c1,M-1623,ORD-20260831-7650-0095,CONCESSION_ACCRUAL,27,237,2026-08-31T20:16:17+08:00
36639d04-538e-44ef-a934-683bd6475f28,M-1664,ORD-20260831-8874-0096,CONCESSION_ACCRUAL,24,2561,2026-08-31T22:28:49+08:00
63cc407e-b672-44c5-a09f-20bc810e9b12,M-1435,ORD-20260831-5988-0097,CONCESSION_ACCRUAL,31,639,2026-08-31T22:43:27+08:00
6ed30650-8100-4c8f-a4d2-bca979451b44,M-1204,ORD-20260831-4939-0098,CONCESSION_ACCRUAL,13,255,2026-08-31T18:57:06+08:00
a136cff9-47fd-47bc-a18a-c06c7c4ebe43,M-1478,ORD-20260831-2209-0099,CONCESSION_ACCRUAL,13,106,2026-08-31T21:37:26+08:00
e81150a0-20df-4f09-b964-fd4890e1b78c,M-1414,ORD-20260831-8642-0100,CONCESSION_ACCRUAL,14,451,2026-08-31T23:58:55+08:00
c5f6db3d-7652-40b5-a6df-8d728c1f7b85,M-1198,ORD-20260831-6280-0101,CONCESSION_ACCRUAL,54,2331,2026-08-31T16:22:45+08:00
3c344b83-9041-4b6a-83bb-cbeaca0d7224,M-1763,ORD-20260831-2433-0102,CONCESSION_ACCRUAL,8,137,2026-08-31T18:28:32+08:00
1bb3883b-f74b-4ef9-9175-61f9f2424e5a,M-1312,ORD-20260831-7754-0103,CONCESSION_ACCRUAL,33,175,2026-08-31T11:56:40+08:00
0197699f-6fd3-4dda-b023-188dbfa49cc2,M-1745,ORD-20260901-8870-0104,CONCESSION_ACCRUAL,13,63,2026-09-01T02:01:32+08:00
d2adffe5-d439-4754-8ac1-1d3d63940a72,M-1579,ORD-20260831-5197-0105,CONCESSION_ACCRUAL,12,2672,2026-08-31T22:21:01+08:00
30dd77d7-b7bc-49ce-899e-1cf0c670379a,M-1760,ORD-20260831-4449-0106,CONCESSION_ACCRUAL,22,753,2026-08-31T22:55:39+08:00
1410800e-8cd8-4aeb-b720-efb61f3de32e,M-1197,ORD-20260831-1237-0107,CONCESSION_ACCRUAL,22,134,2026-08-31T20:11:44+08:00
9d2d0415-70b6-43c2-b462-9c8e7eb8b518,M-1169,ORD-20260831-6255-0108,CONCESSION_ACCRUAL,42,553,2026-08-31T22:51:17+08:00
c925d2b7-bfaa-4d89-92bf-7aa5ac4c5442,M-1187,ORD-20260831-4212-0109,CONCESSION_ACCRUAL,15,472,2026-08-31T17:44:13+08:00
4ee7e70a-5873-4def-b6d4-306070099c3e,M-2023,ORD-20260831-2506-0110,CONCESSION_ACCRUAL,15,745,2026-08-31T06:13:52+08:00
a196b64f-f274-4968-a333-dd7b52b7c5d9,M-1094,ORD-20260901-7341-0111,CONCESSION_ACCRUAL,9,403,2026-09-01T03:34:14+08:00
223f4685-99ae-47aa-8b2f-166ae5421687,M-1334,ORD-20260831-1531-0112,CONCESSION_ACCRUAL,19,234,2026-08-31T16:27:04+08:00
08ab3771-54fa-457c-90b8-d0ca358ebe93,M-1395,ORD-20260831-3965-0113,CONCESSION_ACCRUAL,14,342,2026-08-31T15:48:15+08:00
f68b051d-50b5-4267-967c-2d84bc779943,M-1549,ORD-20260831-4973-0114,CONCESSION_ACCRUAL,42,199,2026-08-31T21:59:40+08:00
dfcd8548-b278-4ab2-9dc4-5acb871a707f,M-1766,ORD-20260901-8695-0115,CONCESSION_ACCRUAL,27,746,2026-09-01T00:35:45+08:00
79e6d84e-2640-4bfc-abfd-e086784a4dd5,M-2093,ORD-20260901-1109-0116,CONCESSION_ACCRUAL,29,194,2026-09-01T02:55:01+08:00
c95d0090-6787-4ea6-bdbb-51d6b5126474,M-1875,ORD-20260831-1536-0117,CONCESSION_ACCRUAL,27,96,2026-08-31T20:12:17+08:00
617ba82d-6dc2-4824-b462-130ea636abb5,M-1604,ORD-20260901-1590-0118,CONCESSION_ACCRUAL,3,16,2026-09-01T00:38:12+08:00
c65dbd94-9fc6-4663-af96-7e48e9217554,M-1014,ORD-20260901-7106-0119,CONCESSION_ACCRUAL,22,289,2026-09-01T00:18:59+08:00
4a55fd02-6026-40a6-9cb2-4a285b005195,M-1674,ORD-20260831-6857-0120,CONCESSION_ACCRUAL,11,759,2026-08-31T23:50:22+08:00
5adde687-3d98-4e4a-9a8d-955ac029d77e,M-1753,ORD-20260831-3815-0121,CONCESSION_ACCRUAL,8,324,2026-08-31T21:14:42+08:00
caf9441c-af3c-486f-b467-567fb0a42b07,M-1553,ORD-20260831-2056-0122,CONCESSION_ACCRUAL,21,597,2026-08-31T22:38:49+08:00
792fd151-0a92-4cb2-b066-3beff371a7e8,M-1028,ORD-20260901-6426-0123,CONCESSION_ACCRUAL,18,126,2026-09-01T00:06:28+08:00
bb8ca031-7ebd-40b6-8f55-1788393055df,M-1128,ORD-20260831-3602-0124,CONCESSION_ACCRUAL,38,533,2026-08-31T19:42:19+08:00
9ab45b80-82bc-4ac8-af6f-c6b79d1fe73e,M-1346,ORD-20260831-7581-0125,CONCESSION_ACCRUAL,11,565,2026-08-31T23:51:55+08:00
87609f86-f3f4-4924-ba65-a1f29115db52,M-1312,ORD-20260831-2175-0126,CONCESSION_ACCRUAL,8,183,2026-08-31T16:12:23+08:00
152c4bda-2487-4634-81d7-ba0f6b2e37fd,M-1881,ORD-20260831-7538-0127,CONCESSION_ACCRUAL,22,288,2026-08-31T20:34:10+08:00
dc081d53-8ecb-431a-be55-eb7c54bf9b1b,M-1712,ORD-20260831-2531-0128,CONCESSION_ACCRUAL,15,146,2026-08-31T23:07:55+08:00
9c40aae7-36b7-4b7b-9b5d-615a894e2de4,M-2146,ORD-20260831-9194-0129,CONCESSION_ACCRUAL,10,389,2026-08-31T21:34:30+08:00
7d86cfa0-88c7-40cb-9e8c-20e218245323,M-1130,ORD-20260831-2091-0130,CONCESSION_ACCRUAL,16,550,2026-08-31T13:10:34+08:00
96b694b9-0ed6-4dd6-9ae2-8a3b133a5686,M-1130,TIER_UPGRADE_Silver_TO_Gold,TIER_BONUS,100,650,2026-08-31T13:10:34+08:00
f6b6944d-7aa3-4bb3-878e-53d2982bbaf0,M-1292,ORD-20260831-4308-0131,CONCESSION_ACCRUAL,12,407,2026-08-31T20:53:36+08:00
b383bcd5-7f1f-4065-9323-140c4157b22e,M-1433,ORD-20260831-8453-0132,CONCESSION_ACCRUAL,3,329,2026-08-31T17:58:19+08:00
5ee080f7-63e6-485f-b9b2-6f4825d798d7,M-1950,ORD-20260831-9692-0133,CONCESSION_ACCRUAL,15,52,2026-08-31T21:53:29+08:00
73704434-b9bf-46dd-ad27-f84eab096c46,M-1488,ORD-20260831-8120-0134,CONCESSION_ACCRUAL,23,978,2026-08-31T19:38:26+08:00
f5f94358-2d01-4453-96e0-beb8ff401d6e,M-1509,ORD-20260831-8391-0135,CONCESSION_ACCRUAL,18,79,2026-08-31T20:56:20+08:00
1cb42d85-0805-48fd-b6b2-436894f61aa6,M-1797,ORD-20260831-6985-0136,CONCESSION_ACCRUAL,10,117,2026-08-31T15:18:03+08:00
81b55e8a-cd07-4edc-9aed-ee545f6ab2c7,M-1500,ORD-20260901-4891-0137,CONCESSION_ACCRUAL,18,234,2026-09-01T00:16:00+08:00
ed817da0-a4f9-462a-886b-0ea0387be8cc,M-1745,ORD-20260831-7099-0138,CONCESSION_ACCRUAL,13,76,2026-08-31T21:43:50+08:00
35a9aa60-747a-4dab-9031-015cff5c9147,M-2000,ORD-20260831-3205-0139,CONCESSION_ACCRUAL,24,491,2026-08-31T18:55:02+08:00
fc1e87bd-f67e-4967-ae27-8e1f4c4f8a81,M-2119,ORD-20260901-7072-0140,CONCESSION_ACCRUAL,37,265,2026-09-01T00:27:59+08:00
505a47b6-ba38-4321-bea8-a702b698043c,M-1736,ORD-20260831-7990-0141,CONCESSION_ACCRUAL,16,192,2026-08-31T22:24:30+08:00
92ed806d-4675-46f7-93bc-763d30cbce16,M-1334,ORD-20260831-6019-0142,CONCESSION_ACCRUAL,8,242,2026-08-31T23:51:09+08:00
ece332a1-0b9c-427a-97e0-60b54995cb0a,M-1427,ORD-20260831-3272-0143,CONCESSION_ACCRUAL,20,86,2026-08-31T15:19:37+08:00
f79eab64-9ac9-4f70-ba97-ba8c5591546f,M-1029,ORD-20260831-2292-0144,CONCESSION_ACCRUAL,4,601,2026-08-31T19:35:37+08:00
83529668-9455-45b9-871a-9c7ae23c186e,M-2122,ORD-20260831-1116-0145,CONCESSION_ACCRUAL,12,173,2026-08-31T21:21:26+08:00
1b646c24-3e76-4197-849a-1233eed132b1,M-1355,ORD-20260831-4305-0146,CONCESSION_ACCRUAL,10,253,2026-08-31T14:28:28+08:00
63f5fb0e-800f-44d2-b21f-73b25514bfa0,M-2180,ORD-20260901-1819-0147,CONCESSION_ACCRUAL,25,305,2026-09-01T05:10:53+08:00
3b314c83-0105-4d39-958c-d69582ee55f0,M-1001,ORD-20260831-3147-0148,CONCESSION_ACCRUAL,3,282,2026-08-31T17:35:40+08:00
cccec306-c877-47b3-b472-b396cf7ea8c4,M-1501,ORD-20260831-3518-0149,CONCESSION_ACCRUAL,47,356,2026-08-31T22:30:45+08:00
82885613-1e0e-490e-bfdc-8f2a23d3aeb9,M-2153,ORD-20260831-4893-0150,CONCESSION_ACCRUAL,10,105,2026-08-31T07:04:47+08:00
a92040be-fcb2-45f4-9754-24b3de1667c9,M-1229,ORD-20260831-8142-0151,CONCESSION_ACCRUAL,30,174,2026-08-31T22:59:09+08:00
4549f08e-bed4-4072-9ddb-73a395af3281,M-1515,ORD-20260831-7021-0152,CONCESSION_ACCRUAL,15,127,2026-08-31T21:18:52+08:00
709d2a21-f629-407a-9933-ebc31e5c40db,M-2060,ORD-20260831-1430-0153,CONCESSION_ACCRUAL,24,235,2026-08-31T20:44:58+08:00
954f64ad-bb7a-44a9-91a5-f9635a5434fc,M-2060,TIER_UPGRADE_Standard_TO_Silver,TIER_BONUS,50,285,2026-08-31T20:44:58+08:00
d2383e58-ea37-4407-b80c-6093d87c19b1,M-1991,ORD-20260901-7147-0154,CONCESSION_ACCRUAL,12,200,2026-09-01T04:17:59+08:00
3ccd78d8-f916-4369-b057-21f231c63fc8,M-1963,ORD-20260831-4146-0155,CONCESSION_ACCRUAL,8,189,2026-08-31T21:38:00+08:00
3776441b-67c9-461c-a060-ddd5aeaae546,M-1261,ORD-20260831-8023-0156,CONCESSION_ACCRUAL,11,99,2026-08-31T21:13:26+08:00
802ce3af-8fdc-4943-bdbb-6c1fce265129,M-2169,ORD-20260831-7811-0157,CONCESSION_ACCRUAL,11,415,2026-08-31T19:39:52+08:00
f7824d68-ecb0-47bc-af4a-585f1e79f70b,M-1407,ORD-20260831-4512-0158,CONCESSION_ACCRUAL,3,335,2026-08-31T23:47:28+08:00
cde01ca5-7eb8-42a5-b1ef-b24112b79ab1,M-1457,ORD-20260901-4642-0159,CONCESSION_ACCRUAL,16,170,2026-09-01T01:54:00+08:00
5e40357f-5788-4a28-a718-26de0747f607,M-1628,ORD-20260831-7430-0160,CONCESSION_ACCRUAL,15,98,2026-08-31T19:59:13+08:00
8951aed2-4fa8-4506-869c-e2be2149aa51,M-1536,ORD-20260901-7462-0161,CONCESSION_ACCRUAL,7,510,2026-09-01T02:25:57+08:00
51cb9069-512c-4493-bb4a-deb447e6afa4,M-1773,ORD-20260831-8571-0162,CONCESSION_ACCRUAL,35,174,2026-08-31T20:19:05+08:00
83e24ba0-8920-49ea-94fa-5967be0b6cdb,M-1990,ORD-20260831-5922-0163,CONCESSION_ACCRUAL,8,167,2026-08-31T21:05:48+08:00
7bb99985-29ab-47ad-919f-cdfa1d2cc91f,M-1484,ORD-20260901-7433-0164,CONCESSION_ACCRUAL,11,565,2026-09-01T01:38:09+08:00
50b7496e-d5a1-429d-8216-3378c5c52396,M-1309,ORD-20260831-8695-0165,CONCESSION_ACCRUAL,14,204,2026-08-31T22:54:33+08:00
965f57ca-0c3c-4733-9ddf-2d6689e8b231,M-1649,ORD-20260831-2670-0166,CONCESSION_ACCRUAL,22,780,2026-08-31T18:30:05+08:00
9ab24461-e55d-4b96-991a-4e2f0a1b59ef,M-1256,ORD-20260831-2257-0167,CONCESSION_ACCRUAL,3,302,2026-08-31T17:51:40+08:00
87ff741d-9e4f-4c2f-a329-98e294373b39,M-1001,ORD-20260901-9480-0168,CONCESSION_ACCRUAL,11,293,2026-09-01T00:33:11+08:00
2d23dd0a-331b-4e6c-b7e9-fbdfed8af8d4,M-2164,ORD-20260831-3984-0169,CONCESSION_ACCRUAL,9,29,2026-08-31T16:37:30+08:00
33281258-bacf-4e1d-94fd-454f4c42992e,M-2033,ORD-20260831-3628-0170,CONCESSION_ACCRUAL,25,327,2026-08-31T21:36:05+08:00
b0cfc374-d040-4f31-b505-6ee0460c3d07,M-1834,ORD-20260831-4005-0171,CONCESSION_ACCRUAL,4,311,2026-08-31T13:02:42+08:00
be9de45b-effe-40cc-b23c-06370abf9ac3,M-2184,ORD-20260901-3977-0172,CONCESSION_ACCRUAL,30,200,2026-09-01T01:16:59+08:00
2e13d70c-9ec2-49dd-b92c-9648910fc856,M-2088,ORD-20260831-7496-0173,CONCESSION_ACCRUAL,11,210,2026-08-31T21:33:11+08:00
bdd7ebc0-4751-4f6c-aed3-3cb0835daaea,M-1371,ORD-20260831-1306-0174,CONCESSION_ACCRUAL,18,269,2026-08-31T23:42:20+08:00
30ba7d20-adff-487d-b309-ab74ae0ed311,M-1856,ORD-20260831-4754-0175,CONCESSION_ACCRUAL,13,180,2026-08-31T15:41:39+08:00
85973680-55aa-452b-bce8-6af7ed368353,M-1145,ORD-20260831-1731-0176,CONCESSION_ACCRUAL,18,327,2026-08-31T10:01:04+08:00
a6e035d6-ee89-428f-b428-d588c8732491,M-1878,ORD-20260831-5836-0177,CONCESSION_ACCRUAL,8,214,2026-08-31T17:54:20+08:00
94a92b34-25e5-435d-b61b-536562097bf2,M-1641,ORD-20260831-6607-0178,CONCESSION_ACCRUAL,11,159,2026-08-31T22:34:13+08:00
b5cb09c3-1753-4a19-8abd-2c3356f070fa,M-1333,ORD-20260831-3977-0179,CONCESSION_ACCRUAL,20,621,2026-08-31T19:13:20+08:00
21fc28a9-eb9d-4058-bff1-6b8326ec2654,M-1397,ORD-20260831-8589-0180,CONCESSION_ACCRUAL,65,687,2026-08-31T21:29:18+08:00
44f10332-7170-42bd-9836-4468a59b1577,M-1263,ORD-20260831-1578-0181,CONCESSION_ACCRUAL,22,180,2026-08-31T16:27:57+08:00
7faec126-5e6e-457e-b3da-f1e276b9f629,M-2059,ORD-20260831-3176-0182,CONCESSION_ACCRUAL,3,180,2026-08-31T18:24:30+08:00
337d2ed2-8bac-48ad-ba5b-d8b681623d2e,M-1100,ORD-20260831-8755-0183,CONCESSION_ACCRUAL,38,123,2026-08-31T22:09:58+08:00
56d92d2d-b1d0-4c46-8fc6-53b456d8cc6f,M-1372,ORD-20260831-7318-0184,CONCESSION_ACCRUAL,34,178,2026-08-31T21:30:01+08:00
94772f55-f5b1-4ea9-89d7-fa8081a5ef32,M-1526,ORD-20260901-4685-0185,CONCESSION_ACCRUAL,12,1201,2026-09-01T00:04:56+08:00
e792fdf6-ea38-4b9b-bdea-5af2cd836835,M-2200,ORD-20260831-8057-0186,CONCESSION_ACCRUAL,18,232,2026-08-31T22:10:04+08:00
a37960cf-e5bf-4d48-abb9-3bc13b3a5023,M-1903,ORD-20260831-4198-0187,CONCESSION_ACCRUAL,6,114,2026-08-31T22:49:22+08:00
032bcec7-bf20-406d-8b65-8fe0f3f857ba,M-1406,ORD-20260831-8078-0188,CONCESSION_ACCRUAL,13,346,2026-08-31T21:04:40+08:00
2ca76d38-0eea-40b5-b34c-6e05b1476feb,M-1405,ORD-20260831-7683-0189,CONCESSION_ACCRUAL,21,273,2026-08-31T20:41:20+08:00
8667611f-969b-42f5-81d1-b67d8dfb4f70,M-1863,ORD-20260831-6885-0190,CONCESSION_ACCRUAL,15,458,2026-08-31T19:06:56+08:00
d0fbb2d8-4bd2-480c-a1bd-f5ef817730da,M-1778,ORD-20260831-6373-0191,CONCESSION_ACCRUAL,11,278,2026-08-31T22:18:08+08:00
7cc7e202-4ad2-4701-9207-cbb6974705ef,M-1951,ORD-20260831-6167-0192,CONCESSION_ACCRUAL,3,60,2026-08-31T23:42:37+08:00
9db31f7a-3039-456d-a729-ffb44098e6dc,M-1518,ORD-20260831-8524-0193,CONCESSION_ACCRUAL,15,547,2026-08-31T20:56:05+08:00
c724779c-d2eb-4cf8-8964-11227a55fd40,M-1007,ORD-20260831-8107-0194,CONCESSION_ACCRUAL,8,187,2026-08-31T16:35:33+08:00
7a111afa-400e-440c-a37a-d96fb08428eb,M-1845,ORD-20260831-5204-0195,CONCESSION_ACCRUAL,3,370,2026-08-31T21:38:36+08:00
14042cf8-e7f3-4da0-9e46-ea2e3ba420e3,M-1613,ORD-20260901-3846-0196,CONCESSION_ACCRUAL,18,95,2026-09-01T00:14:33+08:00
d2665c7d-6bdc-4b26-b01e-5b5441e02bb2,M-1141,ORD-20260831-6248-0197,CONCESSION_ACCRUAL,20,283,2026-08-31T23:15:35+08:00
6b191c4c-23c9-41ea-98fd-d6f273b5c89c,M-1063,ORD-20260831-7974-0198,CONCESSION_ACCRUAL,13,716,2026-08-31T20:32:30+08:00
09ee93a9-057e-4e03-8c31-72130ddfa23a,M-1013,ORD-20260831-8794-0199,CONCESSION_ACCRUAL,3,170,2026-08-31T19:58:23+08:00
fcd54937-586b-4958-984b-0f81d4d75892,M-1839,ORD-20260831-3162-0200,CONCESSION_ACCRUAL,8,110,2026-08-31T23:46:25+08:00
01b18034-c630-4147-a3b0-a8b0f11860ba,M-1975,ORD-20260901-3208-0201,CONCESSION_ACCRUAL,33,212,2026-09-01T00:22:18+08:00
5d1aa592-209e-40ea-b29f-d03383bb96cf,M-2062,ORD-20260831-1432-0202,CONCESSION_ACCRUAL,7,226,2026-08-31T19:05:20+08:00
870b7713-9a2f-4c3c-b589-62daa2eb97fc,M-2092,ORD-20260831-6046-0203,CONCESSION_ACCRUAL,23,142,2026-08-31T08:13:26+08:00
2cbdbed7-7ada-478a-b6f1-81fb38ca10ef,M-1134,ORD-20260901-5417-0204,CONCESSION_ACCRUAL,9,167,2026-09-01T00:44:45+08:00
a192bd7c-af87-4449-9cbd-96a92d727f01,M-1045,ORD-20260831-8951-0205,CONCESSION_ACCRUAL,12,457,2026-08-31T23:29:42+08:00
22843080-fafa-4a81-be46-866c395f3bf7,M-1239,ORD-20260831-5474-0206,CONCESSION_ACCRUAL,7,66,2026-08-31T23:02:21+08:00
8ed2482b-7040-4b08-9d5a-6c76bc2e3ba0,M-1716,ORD-20260831-6642-0207,CONCESSION_ACCRUAL,30,550,2026-08-31T14:51:42+08:00
857cb0df-ee56-4f84-a632-239adedebb2c,M-1222,ORD-20260831-1349-0208,CONCESSION_ACCRUAL,18,934,2026-08-31T23:47:01+08:00
2a1c1b00-9dcc-4682-8219-dd6d16e1cade,M-1044,ORD-20260831-7661-0209,CONCESSION_ACCRUAL,9,654,2026-08-31T23:21:52+08:00
8de13b8d-e19a-44a9-a93b-f8a230b80aee,M-1428,ORD-20260831-4812-0210,CONCESSION_ACCRUAL,20,223,2026-08-31T22:27:01+08:00
7f8de8e3-8898-4598-a207-15462592ca0d,M-1840,ORD-20260831-6431-0211,CONCESSION_ACCRUAL,20,1867,2026-08-31T18:05:31+08:00
2ca05fe8-e688-4238-a106-9202cbde5a75,M-1539,ORD-20260901-3025-0212,CONCESSION_ACCRUAL,34,1130,2026-09-01T02:23:59+08:00
761bd45c-23b1-44f1-bdff-d962bfbde08a,M-1433,ORD-20260831-3460-0213,CONCESSION_ACCRUAL,8,337,2026-08-31T21:47:00+08:00
85ff62fb-b10f-41f2-ae97-99a7bec438f0,M-2007,ORD-20260831-6342-0214,CONCESSION_ACCRUAL,6,81,2026-08-31T23:56:18+08:00
a0c01e97-63f2-4bb5-a031-d7b5160d1c36,M-1896,ORD-20260901-3909-0215,CONCESSION_ACCRUAL,22,222,2026-09-01T01:38:40+08:00
dd72f809-1c87-4f71-a614-2c95e6f2b588,M-1757,ORD-20260831-3432-0216,CONCESSION_ACCRUAL,26,205,2026-08-31T23:13:19+08:00
b7c5b36a-a7e8-4c3b-a603-3bcebdd8e2a2,M-1404,ORD-20260831-8869-0217,CONCESSION_ACCRUAL,11,196,2026-08-31T21:59:05+08:00
ab0afbbe-86fc-4cbc-ad94-47c92f405016,M-1664,ORD-20260901-8350-0218,CONCESSION_ACCRUAL,9,2570,2026-09-01T00:01:00+08:00
009fed7c-eb7e-4db6-9527-ea83df450881,M-1040,ORD-20260831-3982-0219,CONCESSION_ACCRUAL,36,906,2026-08-31T20:03:10+08:00
181d9d9a-11e7-458d-8b32-c70358466ca0,M-1552,ORD-20260831-3923-0220,CONCESSION_ACCRUAL,7,96,2026-08-31T13:57:09+08:00
1ef9e3e2-5f5b-4368-912c-49d651fa79a3,M-1304,ORD-20260901-9621-0221,CONCESSION_ACCRUAL,19,590,2026-09-01T01:58:41+08:00
c7854b2a-98b1-440a-9026-32a9111b3ac5,M-1462,ORD-20260831-2980-0222,CONCESSION_ACCRUAL,19,473,2026-08-31T18:34:41+08:00
09c5dc03-d870-475b-a440-839e72fbd0fd,M-1220,ORD-20260901-8232-0223,CONCESSION_ACCRUAL,27,2060,2026-09-01T00:31:16+08:00
f4d761ba-483c-47bb-915a-1dd26af37925,M-1804,ORD-20260831-6478-0224,CONCESSION_ACCRUAL,14,389,2026-08-31T20:02:40+08:00
7aa96a5b-9dbb-4b46-aa92-07f3d8b41c22,M-1032,ORD-20260831-3031-0225,CONCESSION_ACCRUAL,23,439,2026-08-31T23:21:13+08:00
a18ab39f-e4e3-459e-9c9d-a843af59a4e3,M-2087,ORD-20260831-2347-0226,CONCESSION_ACCRUAL,13,162,2026-08-31T14:47:30+08:00
81681e4e-4e0c-4fd1-9bf6-061f2ddb4f98,M-1188,ORD-20260831-4095-0227,CONCESSION_ACCRUAL,19,148,2026-08-31T14:25:43+08:00
5f82ccdf-dd4c-4079-bf56-9c442f9c4307,M-1718,ORD-20260831-9696-0228,CONCESSION_ACCRUAL,9,1179,2026-08-31T22:49:56+08:00
d0f5722e-7c99-49e9-9365-64abfe20478d,M-1825,ORD-20260901-3268-0229,CONCESSION_ACCRUAL,7,119,2026-09-01T01:26:40+08:00
82ee9bd4-e0d3-454b-b7d1-ddfe5d309f43,M-1259,ORD-20260901-9790-0230,CONCESSION_ACCRUAL,16,114,2026-09-01T00:05:59+08:00
dccca145-4b8e-48d6-9d32-b37d78712465,M-1383,ORD-20260901-4042-0231,CONCESSION_ACCRUAL,7,617,2026-09-01T03:37:06+08:00
554b4915-9515-4b10-9f3f-5fc1d9213f6b,M-1721,ORD-20260831-4886-0232,CONCESSION_ACCRUAL,14,698,2026-08-31T14:32:24+08:00
33b4e204-d0f5-4d2c-b9aa-17d808f84066,M-1231,ORD-20260901-9420-0233,CONCESSION_ACCRUAL,15,401,2026-09-01T01:20:36+08:00
0af4b9fc-51a4-495f-9509-6d0384ea73c5,M-1631,ORD-20260831-2229-0234,CONCESSION_ACCRUAL,3,92,2026-08-31T19:31:09+08:00
3949ac64-783e-4fe9-8e0a-4353509ff97d,M-1811,ORD-20260831-6226-0235,CONCESSION_ACCRUAL,10,308,2026-08-31T22:34:49+08:00
89a5f182-4464-4883-b573-06744c3fff09,M-1026,ORD-20260831-3809-0236,CONCESSION_ACCRUAL,25,1368,2026-08-31T20:22:48+08:00
f0bca694-6379-4b8c-9b98-1ead3c4ad131,M-1053,ORD-20260831-4935-0237,CONCESSION_ACCRUAL,7,314,2026-08-31T17:34:38+08:00
45f6998a-3dbb-4553-be3a-b3f989e9a60c,M-1517,ORD-20260901-6415-0238,CONCESSION_ACCRUAL,28,205,2026-09-01T01:43:28+08:00
9553226e-1911-4dc9-9f5d-27ef2602c622,M-1955,ORD-20260831-7149-0239,CONCESSION_ACCRUAL,6,98,2026-08-31T20:46:51+08:00
b8d85c47-1cb5-4c61-aec2-ed49a6ea7c50,M-1693,ORD-20260831-4324-0240,CONCESSION_ACCRUAL,9,201,2026-08-31T11:06:02+08:00
caeec8d8-996e-4f89-96f6-7163c2de947d,M-1833,ORD-20260901-4890-0241,CONCESSION_ACCRUAL,9,460,2026-09-01T00:03:08+08:00
7fb7a03e-4646-43ff-83c5-dc416d4ee04d,M-2177,ORD-20260831-1455-0242,CONCESSION_ACCRUAL,14,187,2026-08-31T09:34:10+08:00
a264c100-547d-4890-8b73-a3a10d50320f,M-1832,ORD-20260831-9522-0243,CONCESSION_ACCRUAL,18,207,2026-08-31T23:35:02+08:00
979f97d1-6488-447f-ab25-d46cd6cddd39,M-1677,ORD-20260831-6947-0244,CONCESSION_ACCRUAL,13,543,2026-08-31T17:59:07+08:00
4d5673f2-2a7d-412f-b965-627ac608f769,M-2134,ORD-20260901-1229-0245,CONCESSION_ACCRUAL,20,108,2026-09-01T01:23:10+08:00
a3b37cdf-d991-495c-8263-a87fafcffde3,M-1713,ORD-20260831-6667-0246,CONCESSION_ACCRUAL,13,355,2026-08-31T23:29:35+08:00
84e7e6df-f862-4e0a-8e08-1714b985283b,M-2142,ORD-20260831-4802-0247,CONCESSION_ACCRUAL,10,216,2026-08-31T23:26:43+08:00
9e96884f-6255-4f53-bd65-e9ed78e48f21,M-2068,ORD-20260831-5732-0248,CONCESSION_ACCRUAL,21,45,2026-08-31T16:41:14+08:00
68214675-c3cf-4c8c-a647-5ef9579895db,M-1244,ORD-20260831-5846-0249,CONCESSION_ACCRUAL,21,749,2026-08-31T17:16:11+08:00
8cfb7342-74f5-497d-8d0a-760fe55fe6af,M-1201,ORD-20260831-8484-0250,CONCESSION_ACCRUAL,39,926,2026-08-31T22:55:39+08:00
656b376c-8b12-4cf7-b0dc-fd7bcca5ac91,M-1820,ORD-20260831-9288-0251,CONCESSION_ACCRUAL,18,666,2026-08-31T20:10:47+08:00
f6dc234c-0b8d-4a96-ba75-adaed56d140f,M-1886,ORD-20260831-6109-0252,CONCESSION_ACCRUAL,11,183,2026-08-31T22:27:50+08:00
5efaee82-3cda-4fd1-882a-77bcdb1d0a49,M-1177,ORD-20260901-6803-0253,CONCESSION_ACCRUAL,10,387,2026-09-01T01:23:32+08:00
1a7e2f4a-83ed-41e9-8ee6-01b9f95bbcf8,M-1108,ORD-20260901-9943-0254,CONCESSION_ACCRUAL,36,315,2026-09-01T00:05:58+08:00
b5a22f49-7e92-47fb-81a4-f91c71da569b,M-1596,ORD-20260831-7148-0255,CONCESSION_ACCRUAL,18,616,2026-08-31T16:12:22+08:00
e4359275-777d-45dc-9b11-b2273718d9ab,M-1550,ORD-20260831-6289-0256,CONCESSION_ACCRUAL,18,198,2026-08-31T17:25:14+08:00
36412bba-c005-4f03-81de-c399f69ad56d,M-1557,ORD-20260831-2123-0257,CONCESSION_ACCRUAL,45,799,2026-08-31T20:26:05+08:00
16c76ca2-7d98-49d9-8b15-8a2aec9663ef,M-1344,ORD-20260831-7495-0258,CONCESSION_ACCRUAL,11,516,2026-08-31T18:07:43+08:00
3f0fa514-6c33-40d0-a272-bb4992635e7f,M-1344,TIER_UPGRADE_Silver_TO_Gold,TIER_BONUS,100,616,2026-08-31T18:07:43+08:00
e7a6c0b5-e63c-481b-9ff6-381d8c8cb236,M-1480,ORD-20260831-3517-0259,CONCESSION_ACCRUAL,8,492,2026-08-31T23:06:20+08:00
15098ee3-4e73-4dc6-b935-9031eeae760f,M-1227,ORD-20260831-4747-0260,CONCESSION_ACCRUAL,4,628,2026-08-31T21:49:45+08:00
bdb93ace-602f-4ae2-8959-72c17989a8af,M-1473,ORD-20260831-3219-0261,CONCESSION_ACCRUAL,27,486,2026-08-31T21:48:34+08:00
4894f5ea-b898-4fd5-b2be-0429ab7c3bb4,M-1561,ORD-20260831-8391-0262,CONCESSION_ACCRUAL,19,631,2026-08-31T06:05:15+08:00
d9e41251-ea3a-43d3-91db-c7958ed29576,M-1056,ORD-20260831-8746-0263,CONCESSION_ACCRUAL,3,97,2026-08-31T19:30:04+08:00
c68bae48-f622-4ee0-9038-b4fcd59057b5,M-1042,ORD-20260831-4791-0264,CONCESSION_ACCRUAL,11,196,2026-08-31T23:05:14+08:00
ae1a896c-1538-4ac2-b4df-6c49530d92a8,M-1569,ORD-20260831-2696-0265,CONCESSION_ACCRUAL,27,279,2026-08-31T22:36:04+08:00
00da0441-019f-414b-8309-a1ae5b5664b2,M-1338,ORD-20260831-9785-0266,CONCESSION_ACCRUAL,8,155,2026-08-31T23:37:53+08:00
74fd8a98-2306-4703-8338-41d045e6be43,M-1578,ORD-20260831-5877-0267,CONCESSION_ACCRUAL,11,483,2026-08-31T23:24:44+08:00
d6226e71-5338-45dc-ac2a-a70be98380a0,M-1538,ORD-20260901-4623-0268,CONCESSION_ACCRUAL,11,32,2026-09-01T00:10:57+08:00
2a371c3f-1b8c-4b1a-96bd-fc9bb1e08ea9,M-1356,ORD-20260831-5555-0269,CONCESSION_ACCRUAL,9,1086,2026-08-31T19:37:40+08:00
4f819939-9597-472b-b461-efba21518f8e,M-1633,ORD-20260901-4510-0270,CONCESSION_ACCRUAL,15,227,2026-09-01T00:54:05+08:00
8b433bae-e9be-488e-98a0-91bd752f9e41,M-1540,ORD-20260831-7136-0271,CONCESSION_ACCRUAL,3,423,2026-08-31T20:55:24+08:00
4a9c2540-4343-4de6-a2a3-b8c3c9e70892,M-1016,ORD-20260831-8268-0272,CONCESSION_ACCRUAL,8,164,2026-08-31T19:18:54+08:00
7e66036a-0b98-48a4-9d5d-96fc4a8cfda5,M-1524,ORD-20260831-7909-0273,CONCESSION_ACCRUAL,32,156,2026-08-31T16:43:20+08:00
064e9657-5e0b-4c44-8b53-69801682864a,M-1243,ORD-20260831-4313-0274,CONCESSION_ACCRUAL,3,98,2026-08-31T23:29:00+08:00
55252260-e58a-46ba-a1ce-2a372e4a31db,M-1550,ORD-20260831-1845-0275,CONCESSION_ACCRUAL,40,238,2026-08-31T20:23:30+08:00
75f7b5e7-9f5b-45ca-8f8f-ba994db7f7c6,M-2194,ORD-20260901-4344-0276,CONCESSION_ACCRUAL,8,95,2026-09-01T00:06:01+08:00
39ea806f-7d70-4759-a5e5-d5ce75059d3b,M-1670,ORD-20260831-9532-0277,CONCESSION_ACCRUAL,22,83,2026-08-31T23:57:08+08:00
1d2cf822-6e94-42f7-9fb0-bca6391f50a2,M-1078,ORD-20260831-1659-0278,CONCESSION_ACCRUAL,22,260,2026-08-31T09:42:50+08:00
a0c9daa1-f61a-4863-b501-2f8266722a41,M-2092,ORD-20260831-1267-0279,CONCESSION_ACCRUAL,32,174,2026-08-31T16:05:42+08:00
abc9c9b1-8ff8-4542-b876-ce01b56378a6,M-2148,ORD-20260831-2071-0280,CONCESSION_ACCRUAL,15,136,2026-08-31T22:37:00+08:00
e3b4724f-cc85-44d6-bac4-11e329cdd019,M-1297,ORD-20260831-4820-0281,CONCESSION_ACCRUAL,24,237,2026-08-31T18:13:06+08:00
3fcf5067-9e3e-412c-b67d-c8c30aade886,M-1698,ORD-20260831-2161-0282,CONCESSION_ACCRUAL,29,679,2026-08-31T22:14:05+08:00
3de2155c-4caa-467c-b96c-c9ba466c76fd,M-1010,ORD-20260831-5011-0283,CONCESSION_ACCRUAL,15,694,2026-08-31T23:27:53+08:00
b0897dc3-9388-4cd7-9a8d-925c7289cade,M-1899,ORD-20260831-7235-0284,CONCESSION_ACCRUAL,16,231,2026-08-31T15:08:05+08:00
7d29b27d-6c79-4a41-8d8a-b69085d92d47,M-1327,ORD-20260831-2826-0285,CONCESSION_ACCRUAL,38,1902,2026-08-31T10:40:01+08:00
ead10f56-52f9-4fbe-a23f-f081418aab24,M-1596,ORD-20260901-9939-0286,CONCESSION_ACCRUAL,12,628,2026-09-01T00:35:49+08:00
a0cf081b-7320-417b-b55c-871e025f28d6,M-1286,ORD-20260831-1607-0287,CONCESSION_ACCRUAL,11,310,2026-08-31T22:56:44+08:00
b99b0859-9d46-4e84-b667-976ca9e447b8,M-1077,ORD-20260831-1425-0288,CONCESSION_ACCRUAL,11,718,2026-08-31T20:36:01+08:00
29fbe410-afe5-4063-ba71-3d7fca7dbccb,M-2149,ORD-20260831-3985-0289,CONCESSION_ACCRUAL,24,110,2026-08-31T21:00:44+08:00
45a54f62-361f-4d76-98f8-ae459308d39d,M-1644,ORD-20260901-5410-0290,CONCESSION_ACCRUAL,15,258,2026-09-01T01:55:54+08:00
129ad2e5-f79a-40bf-92e5-ece98358a647,M-1644,TIER_UPGRADE_Silver_TO_Gold,TIER_BONUS,100,358,2026-09-01T01:55:54+08:00
fe8eed42-c26d-4cfc-a590-fff9761c289f,M-1996,ORD-20260901-8964-0291,CONCESSION_ACCRUAL,6,106,2026-09-01T01:54:47+08:00
8703fc29-0d95-493b-a95a-125ff356374f,M-1253,ORD-20260831-4685-0292,CONCESSION_ACCRUAL,8,184,2026-08-31T13:23:37+08:00
e87fa6e3-224d-43a5-accd-482477c54275,M-1793,ORD-20260831-6192-0293,CONCESSION_ACCRUAL,4,1337,2026-08-31T15:34:59+08:00
ed2cadeb-0d5f-4f9c-ad96-846e7ab15478,M-1994,ORD-20260831-9947-0294,CONCESSION_ACCRUAL,3,145,2026-08-31T16:19:52+08:00
b980f54d-6ec8-4d0b-8324-7aca06fded11,M-1665,ORD-20260831-7363-0295,CONCESSION_ACCRUAL,18,279,2026-08-31T21:49:36+08:00
a1a7bc6b-ef06-4539-9424-783c19bfa50e,M-2103,ORD-20260831-3931-0296,CONCESSION_ACCRUAL,8,135,2026-08-31T19:23:20+08:00
37887485-f928-41ae-b08c-f6fdfc71faad,M-1472,ORD-20260831-5959-0297,CONCESSION_ACCRUAL,25,396,2026-08-31T13:09:10+08:00
67068652-e718-4acd-9430-7e810ff87d47,M-1345,ORD-20260831-4977-0298,CONCESSION_ACCRUAL,27,928,2026-08-31T17:11:06+08:00
08200437-0f81-47c3-a456-669a51f4c3ea,M-1325,ORD-20260831-1638-0299,CONCESSION_ACCRUAL,31,330,2026-08-31T23:19:10+08:00
a3751962-3529-441e-9016-fa9eb5ee6e06,M-1325,TIER_UPGRADE_Silver_TO_Gold,TIER_BONUS,100,430,2026-08-31T23:19:10+08:00
ba3e14b2-a92e-4eda-adb5-4424d3a2cc67,M-1430,ORD-20260901-1240-0300,CONCESSION_ACCRUAL,42,1497,2026-09-01T00:53:40+08:00
e4716267-6109-4f5b-a287-374993c273c8,M-1018,ORD-20260831-3854-0301,CONCESSION_ACCRUAL,9,20,2026-08-31T23:40:04+08:00
a9a23c92-3fbb-4a7f-ae08-e442c351d0f2,M-2026,ORD-20260831-9310-0302,CONCESSION_ACCRUAL,23,100,2026-08-31T14:32:34+08:00
1d7462fd-c3b0-491f-a303-50420d68aa6a,M-1835,ORD-20260831-8176-0303,CONCESSION_ACCRUAL,33,546,2026-08-31T19:46:33+08:00
5c3b536b-f430-4a2b-a2fe-d4d22f6afc71,M-1713,ORD-20260831-3276-0304,CONCESSION_ACCRUAL,18,373,2026-08-31T21:39:59+08:00
6518df74-a0db-4e74-af6e-e54fe93531ca,M-1838,ORD-20260831-3414-0305,CONCESSION_ACCRUAL,4,513,2026-08-31T21:46:50+08:00
6cba2e20-8d6e-442b-9364-d619a70533e6,M-2107,ORD-20260901-3199-0306,CONCESSION_ACCRUAL,17,177,2026-09-01T00:32:05+08:00
bdb77db2-2041-4bb6-890e-81471a481a70,M-1227,ORD-20260831-4596-0307,CONCESSION_ACCRUAL,51,679,2026-08-31T19:14:00+08:00
f228c5b1-bf59-4e2d-b3f7-8bb0ddbfc6ff,M-1866,ORD-20260831-3335-0308,CONCESSION_ACCRUAL,7,11,2026-08-31T18:21:00+08:00
fc2aad72-d1d5-435c-a1fe-4a90fb0f611d,M-1686,ORD-20260831-3792-0309,CONCESSION_ACCRUAL,25,225,2026-08-31T16:31:00+08:00
ca774c02-012a-417f-8de3-878692b5b18b,M-1260,ORD-20260831-9550-0310,CONCESSION_ACCRUAL,13,317,2026-08-31T20:08:00+08:00
fafc7e4c-8b65-41c6-bac6-56a2db2f122a,M-1057,ORD-20260831-9231-0311,CONCESSION_ACCRUAL,38,650,2026-08-31T09:59:00+08:00
70dc2847-dfcd-40ba-b72b-461b11d989a2,M-1086,ORD-20260831-9176-0312,CONCESSION_ACCRUAL,23,363,2026-08-31T09:26:00+08:00
81edc241-8cab-4bf9-93e6-314557f79196,M-1752,ORD-20260831-3233-0313,CONCESSION_ACCRUAL,4,2750,2026-08-31T16:41:00+08:00
f847a107-d688-40ad-aec3-882e459eae96,M-1339,ORD-20260831-4472-0314,CONCESSION_ACCRUAL,15,410,2026-08-31T09:38:00+08:00
d37579f1-3014-4159-8a64-de6cbb18a597,M-1505,ORD-20260831-7718-0315,CONCESSION_ACCRUAL,27,426,2026-08-31T13:04:00+08:00
d6e2c9a4-a3ca-47c5-8bab-467be8fb5ebd,M-1178,ORD-20260831-1589-0316,CONCESSION_ACCRUAL,3,420,2026-08-31T21:39:00+08:00
2806c507-aa32-4fac-a7b4-485b38901138,M-1789,ORD-20260831-1264-0317,CONCESSION_ACCRUAL,19,252,2026-08-31T14:18:00+08:00
7705209a-4da3-4230-8487-4533c16b536c,M-1698,ORD-20260831-4163-0318,CONCESSION_ACCRUAL,10,689,2026-08-31T22:35:00+08:00
494ea439-3e91-44d7-8725-9e1356ebc766,M-1963,ORD-20260831-8849-0319,CONCESSION_ACCRUAL,18,207,2026-08-31T13:46:00+08:00
11766e79-1aba-4cca-b8b2-4017bba12e77,M-1943,ORD-20260831-9714-0320,CONCESSION_ACCRUAL,9,86,2026-08-31T16:14:00+08:00
d095d7df-f0e6-438f-a4d2-5cbbc41a753e,M-1092,ORD-20260831-7004-0321,CONCESSION_ACCRUAL,36,629,2026-08-31T11:24:00+08:00
d3278cc7-a60d-42fd-8163-5d6cd7a9f89b,M-1875,ORD-20260831-5274-0322,CONCESSION_ACCRUAL,6,102,2026-08-31T11:56:00+08:00
22d5a35f-a022-4b02-a965-37b472fff25f,M-1976,ORD-20260831-6902-0323,CONCESSION_ACCRUAL,12,249,2026-08-31T09:40:00+08:00
d1d7a54c-f9e6-446b-a38f-e475d0af2434,M-1976,TIER_UPGRADE_Standard_TO_Silver,TIER_BONUS,50,299,2026-08-31T09:40:00+08:00
75277aa5-cbf4-479c-a209-76d9d5188fc6,M-1955,ORD-20260831-3976-0324,CONCESSION_ACCRUAL,49,147,2026-08-31T18:59:00+08:00
7327f06c-3244-4b2f-82c4-b3c09446f8e4,M-1955,TIER_UPGRADE_Standard_TO_Silver,TIER_BONUS,50,197,2026-08-31T18:59:00+08:00
050b179b-8dbc-4f4c-b087-1225b2ccf500,M-1224,ORD-20260831-5378-0325,CONCESSION_ACCRUAL,27,462,2026-08-31T17:57:00+08:00
a05d245b-46e9-45b7-9c67-e6aba3134077,M-1131,ORD-20260831-4404-0326,CONCESSION_ACCRUAL,11,453,2026-08-31T22:17:00+08:00
3165455e-14f6-4050-ae05-f4e0c59bfc01,M-1156,ORD-20260831-2823-0327,CONCESSION_ACCRUAL,15,197,2026-08-31T09:46:00+08:00
4f3c4666-4ecc-4611-8d36-6f84ae60af47,M-1057,ORD-20260831-4438-0328,CONCESSION_ACCRUAL,12,662,2026-08-31T14:33:00+08:00
c7e8cca4-61ea-4e66-8a8c-be28cb32264e,M-1484,ORD-20260831-1306-0329,CONCESSION_ACCRUAL,11,576,2026-08-31T16:31:00+08:00
2fe22e6f-c95b-4d43-8f93-ac9fd49c5681,M-1981,ORD-20260831-7595-0330,CONCESSION_ACCRUAL,14,123,2026-08-31T19:54:00+08:00
14e2d79f-5844-4ca7-aca7-1bc1da215d14,M-1108,ORD-20260831-2799-0331,CONCESSION_ACCRUAL,11,326,2026-08-31T22:03:00+08:00
9c3ad770-d0a5-4485-beb3-49a2cab846d2,M-1502,ORD-20260831-7476-0332,CONCESSION_ACCRUAL,3,114,2026-08-31T13:11:00+08:00
a3258448-f6bf-4164-805a-add0582f77e7,M-1334,ORD-20260831-2956-0333,CONCESSION_ACCRUAL,11,253,2026-08-31T11:19:00+08:00
53ef200d-05c0-4c66-8fac-388ef8d84965,M-1951,ORD-20260831-7200-0334,CONCESSION_ACCRUAL,27,87,2026-08-31T13:40:00+08:00
6d68de88-78ea-4181-b0b3-f9da6d09966d,M-1591,ORD-20260831-5192-0335,CONCESSION_ACCRUAL,18,1656,2026-08-31T20:01:00+08:00
7facffa5-f9fd-4fa0-8260-6192a9130286,M-1443,ORD-20260831-8716-0336,CONCESSION_ACCRUAL,13,90,2026-08-31T10:53:00+08:00
8b3a783b-907b-4856-9937-99b75d0b6efb,M-1398,ORD-20260831-2500-0337,CONCESSION_ACCRUAL,36,404,2026-08-31T18:31:00+08:00
15cda217-1020-4350-940f-48b06b14341d,M-2062,ORD-20260831-1215-0338,CONCESSION_ACCRUAL,18,244,2026-08-31T18:11:00+08:00
a6c31910-a460-41bc-9a79-1e6b5b682019,M-1610,ORD-20260831-4644-0339,CONCESSION_ACCRUAL,25,312,2026-08-31T09:38:00+08:00
fa10c43d-bacf-4be3-b8d3-adddef0b377c,M-1161,ORD-20260831-1967-0340,CONCESSION_ACCRUAL,11,756,2026-08-31T10:55:00+08:00
2b258a68-a47c-4a3c-957b-e4713ce981fc,M-2107,ORD-20260831-9933-0341,CONCESSION_ACCRUAL,18,195,2026-08-31T14:28:00+08:00
ba979df1-3554-46bc-b735-55be1a60cf12,M-1679,ORD-20260831-1401-0342,CONCESSION_ACCRUAL,20,574,2026-08-31T13:42:00+08:00
b592cd05-9e2d-4fda-91b3-2218cb24663c,M-1653,ORD-20260831-6007-0343,CONCESSION_ACCRUAL,15,437,2026-08-31T14:31:00+08:00
c023b074-5463-4a0f-bc18-f3fd0663d886,M-1269,ORD-20260831-7974-0344,CONCESSION_ACCRUAL,33,512,2026-08-31T14:02:00+08:00
386adc7d-5dee-4d0f-8b48-75bb37702b56,M-2197,ORD-20260831-7396-0345,CONCESSION_ACCRUAL,23,599,2026-08-31T18:54:00+08:00
0f1ec311-413e-4be6-84a5-2c5bb39da908,M-2157,ORD-20260831-6869-0346,CONCESSION_ACCRUAL,8,112,2026-08-31T13:29:00+08:00
d2fc457f-ac5d-4b38-b7fc-fd7eb1b60d6c,M-1593,ORD-20260831-6208-0347,CONCESSION_ACCRUAL,7,66,2026-08-31T10:38:00+08:00
6a8a8c6f-72fb-4b7c-af77-307800b90427,M-1063,ORD-20260831-2603-0348,CONCESSION_ACCRUAL,26,742,2026-08-31T16:40:00+08:00
c54b81fa-73ef-4d2a-8a56-e3f69d3616fb,M-1432,ORD-20260831-1252-0349,CONCESSION_ACCRUAL,9,3654,2026-08-31T22:02:00+08:00
06409107-9988-492a-9de2-9c5e2e372ab5,M-1036,ORD-20260831-4213-0350,CONCESSION_ACCRUAL,18,312,2026-08-31T14:11:00+08:00
3eed1b85-d2c8-489a-aac8-3972809c4db4,M-2052,ORD-20260831-8772-0351,CONCESSION_ACCRUAL,42,93,2026-08-31T22:08:00+08:00
81de1aa5-4fa3-48cc-9f8b-0fc66b12443a,M-1265,ORD-20260831-7689-0352,CONCESSION_ACCRUAL,11,424,2026-08-31T17:04:00+08:00
efbfd1c7-9402-4f28-b261-08d8ff93d77e,M-1300,ORD-20260831-6361-0353,CONCESSION_ACCRUAL,29,268,2026-08-31T15:08:00+08:00
cbd115dc-1064-466d-ac93-76896cb4fc7e,M-1902,ORD-20260831-7155-0354,CONCESSION_ACCRUAL,6,194,2026-08-31T12:16:00+08:00
730829f3-0ec4-4ca1-95ff-3796c9f526ca,M-2120,ORD-20260831-3858-0355,CONCESSION_ACCRUAL,19,439,2026-08-31T18:18:00+08:00
8715aba0-ef93-4de7-9de0-28de80724427,M-1546,ORD-20260831-3910-0356,CONCESSION_ACCRUAL,31,100,2026-08-31T09:32:00+08:00
55807780-b1f1-4f8f-8ecf-7a2049ac5c07,M-1906,ORD-20260831-8700-0357,CONCESSION_ACCRUAL,12,110,2026-08-31T15:03:00+08:00
43267301-ac9e-4cd8-be6d-c930ee59ce9f,M-1940,ORD-20260831-9692-0358,CONCESSION_ACCRUAL,15,293,2026-08-31T16:39:00+08:00
f14a76f9-e742-4a79-b0b4-89c3b9393a7c,M-1552,ORD-20260831-8418-0359,CONCESSION_ACCRUAL,33,129,2026-08-31T09:20:00+08:00
dca7829d-5a52-43de-be50-4334b78f686f,M-1742,ORD-20260831-4908-0360,CONCESSION_ACCRUAL,8,112,2026-08-31T17:40:00+08:00
d0ac1095-755c-4f4d-a4f8-10b4c8322c82,M-1418,ORD-20260831-4636-0361,CONCESSION_ACCRUAL,28,172,2026-08-31T18:52:00+08:00
5fb659f9-e4d6-48eb-9131-15d4b2acb2b6,M-1958,ORD-20260831-4449-0362,CONCESSION_ACCRUAL,18,245,2026-08-31T09:05:00+08:00
f0f18249-6c29-406e-95bc-90e8429d32e1,M-1216,ORD-20260831-3180-0363,CONCESSION_ACCRUAL,12,545,2026-08-31T20:27:00+08:00
705fdc86-a47e-481b-9c4e-a9660e5590fc,M-1789,ORD-20260831-1819-0364,CONCESSION_ACCRUAL,11,263,2026-08-31T16:24:00+08:00
b6f08d3d-02b5-4e18-a248-2c7b352b1994,M-1303,ORD-20260831-8660-0365,CONCESSION_ACCRUAL,27,2666,2026-08-31T20:47:00+08:00
b6f5292a-9fcb-4d7a-bc4b-c89d038e51c2,M-2147,ORD-20260831-4426-0366,CONCESSION_ACCRUAL,54,246,2026-08-31T20:48:00+08:00
f22163d6-a12d-44cf-9044-17bbf0196878,M-2147,TIER_UPGRADE_Standard_TO_Silver,TIER_BONUS,50,296,2026-08-31T20:48:00+08:00
8e474071-72e2-4aa0-bb1e-64860ec3a9ec,M-1355,ORD-20260831-7842-0367,CONCESSION_ACCRUAL,11,264,2026-08-31T20:30:00+08:00
cbf483ff-6d5a-4bdc-a27e-36493a5b5f6a,M-1398,ORD-20260831-4624-0368,CONCESSION_ACCRUAL,31,435,2026-08-31T16:26:00+08:00
256400d1-0673-4b98-8a46-92c5194ffcb0,M-2139,ORD-20260831-9250-0369,CONCESSION_ACCRUAL,6,93,2026-08-31T09:13:00+08:00
5d5d38ff-cd27-4dd9-a677-7fa4dbd069ca,M-1736,ORD-20260831-9343-0370,CONCESSION_ACCRUAL,10,202,2026-08-31T14:39:00+08:00
de65d83f-5d9b-40f2-a8b7-d01b4132d8b7,M-1626,ORD-20260831-9121-0371,CONCESSION_ACCRUAL,15,755,2026-08-31T14:04:00+08:00
c81073c1-a219-4d66-aa27-7f18bc350d49,M-2087,ORD-20260831-2757-0372,CONCESSION_ACCRUAL,13,175,2026-08-31T20:30:00+08:00
f79d99a4-d27b-4013-b440-900f345546f2,M-1339,ORD-20260831-9982-0373,CONCESSION_ACCRUAL,14,424,2026-08-31T21:02:00+08:00
d825a362-5b0b-4157-837c-d685fc067581,M-1261,ORD-20260831-4442-0374,CONCESSION_ACCRUAL,30,129,2026-08-31T10:03:00+08:00
80ae2fb8-cde7-452e-94e0-29d73269a696,M-1044,ORD-20260831-3934-0375,CONCESSION_ACCRUAL,9,663,2026-08-31T22:35:00+08:00
e890497d-a778-4b03-9708-ef5174a08745,M-2148,ORD-20260831-4820-0376,CONCESSION_ACCRUAL,10,146,2026-08-31T12:11:00+08:00
1813a7b2-ae36-4d48-9758-12a962c9d74b,M-2076,ORD-20260831-1486-0377,CONCESSION_ACCRUAL,8,129,2026-08-31T12:20:00+08:00
bedbd365-fb28-4a94-a13e-cbb71d10d58d,M-1389,ORD-20260831-3457-0378,CONCESSION_ACCRUAL,23,374,2026-08-31T09:19:00+08:00
29cf82e5-b518-4cc3-979e-b8634cab4476,M-1430,ORD-20260831-9371-0379,CONCESSION_ACCRUAL,18,1515,2026-08-31T12:29:00+08:00
7011f21c-15aa-43f9-8763-3c978252d364,M-1455,ORD-20260831-8597-0380,CONCESSION_ACCRUAL,10,522,2026-08-31T18:23:00+08:00
01c6919e-0940-43c6-9614-8f7b1fe0d7d0,M-1213,ORD-20260831-2131-0381,CONCESSION_ACCRUAL,16,93,2026-08-31T11:12:00+08:00
5dfba9ed-153a-4ffb-a2b0-9e3587488216,M-1229,ORD-20260831-8603-0382,CONCESSION_ACCRUAL,20,194,2026-08-31T21:48:00+08:00
e397bc2e-9e60-4e04-a760-10bbea3acc3a,M-1955,ORD-20260831-9655-0383,CONCESSION_ACCRUAL,19,216,2026-08-31T22:55:00+08:00
b27f1d92-32b7-43de-906b-fa84be3e35d6,M-1734,ORD-20260831-6564-0384,CONCESSION_ACCRUAL,45,710,2026-08-31T12:45:00+08:00
a420e4bc-5cc8-4e70-b761-a9eadfa1a562,M-1856,ORD-20260831-6354-0385,CONCESSION_ACCRUAL,3,183,2026-08-31T13:57:00+08:00
7f11c5ad-65f6-4c5f-920d-cad5d6bbd101,M-1428,ORD-20260831-8748-0386,CONCESSION_ACCRUAL,45,268,2026-08-31T19:18:00+08:00
293416a6-9fd2-4b45-aa3c-09d4f9da1bd8,M-1885,ORD-20260831-1262-0387,CONCESSION_ACCRUAL,6,74,2026-08-31T21:18:00+08:00
33de4e31-8c3c-4fb8-8cb9-250c92d80467,M-1892,ORD-20260831-3351-0388,CONCESSION_ACCRUAL,25,109,2026-08-31T10:44:00+08:00
ef5fc642-64b6-44bb-96ae-0f72bcd253a5,M-1859,ORD-20260831-9114-0389,CONCESSION_ACCRUAL,3,172,2026-08-31T18:49:00+08:00
6db6f664-11d4-4802-b1dd-e22f66bb46f1,M-1493,ORD-20260831-7327-0390,CONCESSION_ACCRUAL,3,494,2026-08-31T17:09:00+08:00
f97d8bc2-ca95-4792-9763-ba59ce3d22d0,M-2000,ORD-20260831-9147-0391,CONCESSION_ACCRUAL,31,522,2026-08-31T09:47:00+08:00
f74a3c1e-7256-44a9-a578-44d0eb937330,M-2035,ORD-20260831-8879-0392,CONCESSION_ACCRUAL,11,176,2026-08-31T10:28:00+08:00
9531913e-25e1-4fe7-b050-80561d819cb5,M-1956,ORD-20260831-5460-0393,CONCESSION_ACCRUAL,8,66,2026-08-31T14:45:00+08:00
c5bfa661-9130-4d91-a8e2-99f7a377d230,M-1286,ORD-20260831-1351-0394,CONCESSION_ACCRUAL,9,319,2026-08-31T22:55:00+08:00
0a27a90d-0992-46ce-8778-79accd2275df,M-1632,ORD-20260831-6621-0395,CONCESSION_ACCRUAL,13,65,2026-08-31T11:00:00+08:00
6f7bff2e-2f8f-4b5e-b66c-85d9a60f6699,M-2007,ORD-20260831-2693-0396,CONCESSION_ACCRUAL,6,87,2026-08-31T13:27:00+08:00
c3e3407f-a6d5-470c-aa7b-c977c1182649,M-1281,ORD-20260831-2899-0397,CONCESSION_ACCRUAL,4,440,2026-08-31T20:19:00+08:00
0022a781-98a2-404a-87af-7802b5606c64,M-1143,ORD-20260831-5089-0398,CONCESSION_ACCRUAL,11,4306,2026-08-31T13:13:00+08:00
89157a39-f282-416b-afea-9543f02ee5d9,M-2064,ORD-20260831-4034-0399,CONCESSION_ACCRUAL,7,311,2026-08-31T16:41:00+08:00
6723c2e1-ce74-46ca-ac02-1a2e326c21a0,M-1808,ORD-20260831-1592-0400,CONCESSION_ACCRUAL,12,2365,2026-08-31T10:53:00+08:00
50efd25d-e4c3-452b-824a-d2b5e280fdac,M-1843,ORD-20260831-3791-0401,CONCESSION_ACCRUAL,16,252,2026-08-31T18:47:00+08:00
7a7ec201-17ec-4300-b50e-bbde21791bfb,M-1744,ORD-20260831-3621-0402,CONCESSION_ACCRUAL,23,1153,2026-08-31T10:12:00+08:00
be3c3d62-9cbc-424d-9374-e6228d9fa7de,M-1050,ORD-20260831-8411-0403,CONCESSION_ACCRUAL,18,414,2026-08-31T11:20:00+08:00
aeff710c-ad0e-4368-ab72-afa3c66cc454,M-1618,ORD-20260831-1768-0404,CONCESSION_ACCRUAL,31,97,2026-08-31T17:55:00+08:00
04143040-c4c2-465f-8fcc-d69b91c93f71,M-1902,ORD-20260831-2229-0405,CONCESSION_ACCRUAL,14,208,2026-08-31T17:07:00+08:00
3368e408-e69e-4beb-a584-c981dea00266,M-1657,ORD-20260831-4200-0406,CONCESSION_ACCRUAL,7,724,2026-08-31T11:14:00+08:00
e88e682c-5457-4dad-8db9-f4c6af3365de,M-2015,ORD-20260831-7800-0407,CONCESSION_ACCRUAL,9,53,2026-08-31T09:21:00+08:00
d7a2f5ad-7d1d-418b-ab44-38060bb54b48,M-1582,ORD-20260831-7204-0408,CONCESSION_ACCRUAL,3,678,2026-08-31T09:24:00+08:00
ebf203bf-a5c7-4185-a4cf-b7f03986c051,M-1313,ORD-20260831-2009-0409,CONCESSION_ACCRUAL,9,595,2026-08-31T13:47:00+08:00
