ledger_id,member_id,source_reference_id,transaction_type,points_delta,resulting_balance,created_at
e6f8931f-84ff-4e3a-9985-b79d5818f231,M-1673,SESS-20260716-7761-0000,RENTAL_ACCRUAL,45,401,2026-07-16T16:45:00+08:00
9054e5a1-8061-4838-9c96-9ec0d57929e2,M-1718,SESS-20260716-1602-0001,RENTAL_ACCRUAL,9,1191,2026-07-16T09:30:00+08:00
d517a56c-95b7-496d-abbc-6d22300a6538,M-1721,SESS-20260716-4503-0002,RENTAL_ACCRUAL,11,114,2026-07-16T19:15:00+08:00
47678fe0-5fb0-4374-bb36-eb5470efb6cc,M-1453,SESS-20260716-8927-0003,RENTAL_ACCRUAL,13,273,2026-07-16T18:30:00+08:00
5d1f464f-935b-4f66-b7e4-afb2d5c30962,M-1146,SESS-20260716-6823-0004,RENTAL_ACCRUAL,18,2574,2026-07-16T17:15:00+08:00
36844708-35b6-4b9a-825f-5f451d9fa388,M-2027,SESS-20260716-3272-0005,RENTAL_ACCRUAL,16,107,2026-07-16T15:30:00+08:00
89b3ad24-c634-4c21-9245-1cbfd541cb61,M-1154,SESS-20260716-7321-0006,RENTAL_REDEMPTION,-100,151,2026-07-16T16:45:00+08:00
81f5799e-60ec-4eeb-aa81-141371a195f8,M-1154,SESS-20260716-7321-0006,RENTAL_ACCRUAL,10,161,2026-07-16T19:45:00+08:00
f721e261-5184-46ef-b4f9-556125dd961d,M-1588,SESS-20260716-3263-0007,RENTAL_ACCRUAL,18,1379,2026-07-16T17:15:00+08:00
545252b4-7cc9-4122-ba3f-f66decfd3e3e,M-1736,SESS-20260716-7073-0008,RENTAL_ACCRUAL,11,205,2026-07-16T21:30:00+08:00
96a17f13-f94b-459f-97ec-0476c8fff50a,M-1097,SESS-20260716-1529-0009,RENTAL_ACCRUAL,16,312,2026-07-17T01:15:00+08:00
46f2643c-840a-4025-9ded-10b0705506b9,M-1590,SESS-20260716-3807-0010,RENTAL_ACCRUAL,16,352,2026-07-16T11:00:00+08:00
cd85fcae-2bb9-4c12-b90d-d7b0aa8f5334,M-1640,SESS-20260716-3956-0011,RENTAL_ACCRUAL,67,456,2026-07-16T23:00:00+08:00
f9ae05fb-a07e-42ad-bb2e-312228e03c0d,M-1231,SESS-20260716-7312-0012,RENTAL_ACCRUAL,16,270,2026-07-16T16:45:00+08:00
33fa1886-93da-4c4d-84bc-2af2b2f58330,M-1801,SESS-20260716-9701-0013,RENTAL_ACCRUAL,13,233,2026-07-16T03:00:00+08:00
8411b668-77bc-4b90-a54e-3d7ec1d79aad,M-1358,SESS-20260716-4336-0014,RENTAL_REDEMPTION,-100,39,2026-07-16T16:30:00+08:00
a473c596-ce67-4d33-b40c-8dc0b7ed7a29,M-1358,SESS-20260716-4336-0014,RENTAL_ACCRUAL,20,59,2026-07-16T19:30:00+08:00
72b94109-8300-48bc-ab5a-d4282ead5c36,M-1019,SESS-20260716-9822-0015,RENTAL_ACCRUAL,11,268,2026-07-16T22:30:00+08:00
112e3cac-8295-4611-b208-a412972f4589,M-1750,SESS-20260716-4257-0016,RENTAL_ACCRUAL,40,315,2026-07-16T20:00:00+08:00
b304b254-c2ce-4c24-89e8-86dfd02f1b36,M-1731,SESS-20260716-1350-0017,RENTAL_ACCRUAL,45,186,2026-07-17T01:15:00+08:00
3cac4b0e-6d3d-47ab-8fcd-e0459c57c3c7,M-1625,SESS-20260716-7449-0018,RENTAL_ACCRUAL,12,2513,2026-07-17T00:30:00+08:00
3b9d4516-5502-49cf-9a35-1bf0cfcf4510,M-1228,SESS-20260716-4440-0019,RENTAL_ACCRUAL,11,394,2026-07-17T00:00:00+08:00
152bb560-bb2e-4834-8846-d541be1272ce,M-1805,SESS-20260716-5402-0020,RENTAL_ACCRUAL,18,275,2026-07-16T18:00:00+08:00
670a3bd9-799f-48e3-a42f-c779236d0cde,M-1242,SESS-20260716-2430-0021,RENTAL_ACCRUAL,16,59,2026-07-16T19:15:00+08:00
5910f86a-9447-46a6-89f6-72aad764d5f7,M-1176,SESS-20260716-1574-0022,RENTAL_ACCRUAL,72,258,2026-07-17T06:00:00+08:00
15d821c4-99ea-4c74-b606-0ab6a3ccd21c,M-1492,SESS-20260716-7170-0023,RENTAL_ACCRUAL,67,205,2026-07-16T23:40:00+08:00
79af01e2-1f06-4ad6-97a8-4f987c2b9af5,M-1334,SESS-20260716-2840-0024,RENTAL_ACCRUAL,27,220,2026-07-16T21:15:00+08:00
b8cc0797-4925-429b-a86b-fcce5823eadc,M-1944,SESS-20260716-8365-0025,RENTAL_ACCRUAL,10,135,2026-07-16T21:15:00+08:00
8f029bf1-538e-4216-b255-37462c82902e,M-1944,TIER_UPGRADE_Standard_TO_Silver,TIER_BONUS,50,185,2026-07-16T21:15:00+08:00
c47f6bab-b1f6-46b8-8a76-79bf49a48cee,M-1454,SESS-20260716-6916-0026,RENTAL_ACCRUAL,12,1557,2026-07-16T19:15:00+08:00
0f5a9130-1db6-4982-bdae-15017b895df3,M-1709,SESS-20260716-3404-0027,RENTAL_ACCRUAL,11,262,2026-07-16T17:15:00+08:00
4515c371-0acb-4c26-b4ad-a56e118b768b,M-1946,SESS-20260716-3047-0028,RENTAL_ACCRUAL,16,73,2026-07-16T14:00:00+08:00
a1f951d6-ef44-46c2-8f97-d579697a60c8,M-1716,SESS-20260716-8198-0029,RENTAL_ACCRUAL,5,125,2026-07-16T11:15:00+08:00
44321e2d-57fd-402c-8d47-d71c8e13d632,M-1133,SESS-20260716-4280-0030,RENTAL_ACCRUAL,19,197,2026-07-16T20:10:00+08:00
c9faae2b-d2c5-4917-b3af-f9c82a0c04a1,M-1103,SESS-20260716-9377-0031,RENTAL_ACCRUAL,10,156,2026-07-16T19:00:00+08:00
e6697a62-5c83-45de-ac71-129d7d828857,M-1006,SESS-20260716-1620-0032,RENTAL_ACCRUAL,40,289,2026-07-16T18:30:00+08:00
be75c1d1-c370-453b-8aca-ce7b4533f2c3,M-1580,SESS-20260716-4264-0033,RENTAL_ACCRUAL,9,511,2026-07-16T23:15:00+08:00
ea201e0f-48cc-4f97-8418-3c57afd0c84e,M-2002,SESS-20260716-1293-0034,RENTAL_ACCRUAL,24,215,2026-07-16T12:15:00+08:00
00d63a6f-951a-40b5-8593-eb208a05aa48,M-1321,SESS-20260716-6175-0035,RENTAL_ACCRUAL,16,157,2026-07-16T16:30:00+08:00
ffa52844-eb92-4a11-b4c0-7af585feaa5b,M-1164,SESS-20260716-2835-0036,RENTAL_ACCRUAL,45,257,2026-07-16T23:00:00+08:00
e58dcd59-9ec2-4440-88d7-1c8c6eee8249,M-1146,SESS-20260716-8467-0037,RENTAL_ACCRUAL,6,2580,2026-07-16T20:30:00+08:00
77a81a8a-713e-466d-8acd-092cca92b421,M-1738,SESS-20260716-7155-0038,RENTAL_ACCRUAL,11,296,2026-07-16T23:15:00+08:00
728e006b-e706-47ec-b0c3-d8ac79c29b8e,M-1039,SESS-20260716-4689-0039,RENTAL_ACCRUAL,16,359,2026-07-16T19:30:00+08:00
e12ede8a-06d7-4050-b9c3-b5460fbb55a4,M-1195,SESS-20260716-1826-0040,RENTAL_ACCRUAL,28,216,2026-07-16T13:00:00+08:00
4fda67c2-de7c-412f-97c1-f0d4b02660a3,M-2159,SESS-20260716-2583-0041,RENTAL_ACCRUAL,5,315,2026-07-16T23:30:00+08:00
e082cdac-68bd-4b7d-9b0d-cf6227970af6,M-1600,SESS-20260716-3691-0042,RENTAL_ACCRUAL,15,120,2026-07-16T14:15:00+08:00
547a2fb4-0b06-4ab8-a8a8-a95548606064,M-1148,SESS-20260716-2419-0043,RENTAL_REDEMPTION,-200,161,2026-07-16T13:45:00+08:00
76073e92-fcb0-48e7-9da0-95dadc7e821a,M-1148,SESS-20260716-2419-0043,RENTAL_ACCRUAL,4,165,2026-07-16T16:45:00+08:00
cb2a80a2-c74f-4cd6-8b78-b8443dd96125,M-1768,SESS-20260716-5924-0044,RENTAL_ACCRUAL,13,94,2026-07-16T19:15:00+08:00
b94ea7c6-dd86-4c85-8324-c83603211f55,M-1804,SESS-20260716-4537-0045,RENTAL_ACCRUAL,5,98,2026-07-16T20:30:00+08:00
82bf60b2-c6d9-492d-bce7-c32930a19a17,M-1354,SESS-20260716-8855-0046,RENTAL_ACCRUAL,28,322,2026-07-17T03:30:00+08:00
db96e1b1-7cf6-4b0d-b867-41ba399492f4,M-1698,SESS-20260716-4780-0047,RENTAL_ACCRUAL,5,191,2026-07-16T22:15:00+08:00
c56dbea6-db5a-4114-9c05-81aff12353b1,M-1644,SESS-20260716-2829-0048,RENTAL_ACCRUAL,15,70,2026-07-16T22:30:00+08:00
cc84643c-e397-4efe-b6b5-0fba609af6eb,M-1236,SESS-20260716-8384-0049,RENTAL_ACCRUAL,28,364,2026-07-16T14:45:00+08:00
c28e2274-1ae4-455e-9be4-f40fa87afeb0,M-1275,SESS-20260716-7103-0050,RENTAL_ACCRUAL,5,287,2026-07-16T13:15:00+08:00
51c184f7-f4b9-4214-a8d9-7060c29d1376,M-1977,SESS-20260716-1900-0051,RENTAL_ACCRUAL,5,72,2026-07-17T00:30:00+08:00
01bfa5a3-7806-4d22-9636-c9127dc62c6f,M-1217,SESS-20260716-9409-0052,RENTAL_ACCRUAL,28,394,2026-07-17T01:00:00+08:00
4b57da4f-4725-417e-82da-b83f19176cf3,M-1547,SESS-20260716-5134-0053,RENTAL_REDEMPTION,-100,217,2026-07-16T21:30:00+08:00
db478588-0174-47fa-917f-9c78c395ff6e,M-1547,SESS-20260716-5134-0053,RENTAL_ACCRUAL,10,227,2026-07-17T00:30:00+08:00
53f82bd2-bc2b-4b29-8f1b-604f2c4a9ef2,M-1559,SESS-20260716-2723-0054,RENTAL_ACCRUAL,15,113,2026-07-16T11:15:00+08:00
2ff73528-a135-4c68-a353-1df68ae3f0be,M-1435,SESS-20260716-7372-0055,RENTAL_ACCRUAL,10,168,2026-07-16T20:45:00+08:00
1dd66eb4-5b06-4701-96c6-af34214d6916,M-1606,SESS-20260716-1726-0056,RENTAL_REDEMPTION,-200,410,2026-07-16T23:25:00+08:00
46eb5c4f-7bb3-4bc3-8865-7a8e41748fca,M-1606,SESS-20260716-1726-0056,RENTAL_ACCRUAL,5,415,2026-07-17T01:25:00+08:00
57cb45aa-cdf1-4cef-9e9e-6ae852ff0589,M-1388,SESS-20260716-3108-0057,RENTAL_ACCRUAL,18,270,2026-07-16T22:00:00+08:00
6c5940f5-228b-4bc5-b2f6-2a99421d890a,M-1574,SESS-20260716-2049-0058,RENTAL_ACCRUAL,24,122,2026-07-16T22:00:00+08:00
44ad73c2-eeb4-4fbc-9374-22b9170b44a1,M-1053,SESS-20260716-3183-0059,RENTAL_ACCRUAL,10,237,2026-07-16T20:00:00+08:00
d1d218e7-d6bc-4281-8c56-4dc541393e3b,M-1770,SESS-20260716-8983-0060,RENTAL_ACCRUAL,28,352,2026-07-16T17:15:00+08:00
74194221-3eb1-4de3-b893-871bc32049a2,M-1430,SESS-20260716-3973-0061,RENTAL_ACCRUAL,28,1363,2026-07-16T16:30:00+08:00
d9e13622-b7de-4f5c-b497-378cb2dedf01,M-1692,SESS-20260716-5771-0062,RENTAL_ACCRUAL,12,2365,2026-07-16T20:45:00+08:00
77a3db4e-37fa-408f-ad39-f8d2ca7a0dc4,M-2071,SESS-20260716-8929-0063,RENTAL_ACCRUAL,16,55,2026-07-16T11:45:00+08:00
b81b4743-2e31-4e28-8b2c-415a38c0981a,M-1527,SESS-20260716-9706-0064,RENTAL_ACCRUAL,5,461,2026-07-16T14:00:00+08:00
63a5e3e1-572a-431f-958c-7763818fe148,M-1249,SESS-20260716-7172-0065,RENTAL_ACCRUAL,67,106,2026-07-16T14:00:00+08:00
b4a10b1c-9b28-46d9-a00c-60c53e88387a,M-1218,SESS-20260716-8518-0066,RENTAL_ACCRUAL,16,95,2026-07-16T23:15:00+08:00
78309cfe-1db4-40c0-945f-8623b87b9a0c,M-2119,SESS-20260716-2551-0067,RENTAL_ACCRUAL,10,103,2026-07-16T18:15:00+08:00
97c70997-f7a9-4a43-b5bf-c9a187157255,M-1522,SESS-20260716-6515-0068,RENTAL_ACCRUAL,5,480,2026-07-16T19:30:00+08:00
7501a60c-bb7c-4d49-8356-a229129b6189,M-1744,SESS-20260716-1479-0069,RENTAL_ACCRUAL,16,494,2026-07-17T02:00:00+08:00
66d8a392-c0c8-4c76-9c77-932ba6a406fe,M-2033,SESS-20260716-9756-0070,RENTAL_ACCRUAL,15,44,2026-07-17T02:05:00+08:00
d72fd34a-5678-4400-9591-7813f6f26fb4,M-1122,SESS-20260716-5286-0071,RENTAL_ACCRUAL,28,108,2026-07-17T04:00:00+08:00
87f24069-9ab2-45b4-8e37-008ce547e140,M-1571,SESS-20260716-6525-0072,RENTAL_ACCRUAL,24,124,2026-07-16T15:30:00+08:00
89c574e9-969e-4592-8e99-30499741f41c,M-1652,SESS-20260716-1154-0073,RENTAL_ACCRUAL,40,132,2026-07-17T06:45:00+08:00
0376bcfc-e166-4822-8757-9ff0fbab959f,M-1652,TIER_UPGRADE_Standard_TO_Silver,TIER_BONUS,50,182,2026-07-17T06:45:00+08:00
a66a782e-8564-4317-902f-7f05fb9d118b,M-1042,SESS-20260716-6656-0074,RENTAL_ACCRUAL,27,215,2026-07-16T23:30:00+08:00
8bc34252-951d-401f-bb2a-7a9f24923399,M-1499,SESS-20260716-7281-0075,RENTAL_ACCRUAL,67,140,2026-07-16T21:35:00+08:00
f06ee50b-2a03-4b5a-9406-18dc2913b744,M-1820,SESS-20260716-1550-0076,RENTAL_ACCRUAL,67,360,2026-07-16T13:45:00+08:00
95b1dd8d-7d10-454c-88c4-2c73fed510b5,M-1110,SESS-20260716-5532-0077,RENTAL_REDEMPTION,-200,181,2026-07-16T13:15:00+08:00
bda7755d-0b73-481f-b4bf-1b577292ba51,M-1110,SESS-20260716-5532-0077,RENTAL_ACCRUAL,4,185,2026-07-16T16:15:00+08:00
4386cc49-4796-451f-adfb-3bc39365cb12,M-1657,SESS-20260716-3651-0078,RENTAL_ACCRUAL,18,223,2026-07-17T00:10:00+08:00
1fb11e23-c6aa-4f05-8acd-fe7da4b1d735,M-1586,SESS-20260716-4937-0079,RENTAL_ACCRUAL,72,248,2026-07-17T00:45:00+08:00
f5b0404d-32f4-474e-9827-6879cebd49e7,M-1425,SESS-20260716-2997-0080,RENTAL_REDEMPTION,-100,42,2026-07-16T18:15:00+08:00
6ad5927b-f698-445c-b525-1123304263b0,M-1425,SESS-20260716-2997-0080,RENTAL_ACCRUAL,19,61,2026-07-16T21:15:00+08:00
d433fcfa-09c2-4966-9dad-34ce95f13a6f,M-1443,SESS-20260716-2801-0081,RENTAL_ACCRUAL,16,167,2026-07-16T17:00:00+08:00
67f6f332-2daf-4f00-aee9-3355f5299023,M-1689,SESS-20260716-1179-0082,RENTAL_ACCRUAL,40,253,2026-07-16T20:45:00+08:00
f0f22086-8005-4bde-a5f9-b65c219a449c,M-1529,SESS-20260716-1887-0083,RENTAL_ACCRUAL,9,177,2026-07-16T22:45:00+08:00
8f47327b-231e-4d4c-bdb9-5ca91bfccbcb,M-1012,SESS-20260716-3684-0084,RENTAL_ACCRUAL,10,170,2026-07-16T18:00:00+08:00
ec6f773e-84f2-4b1f-860c-f9cb6e141e5e,M-1897,SESS-20260716-8984-0085,RENTAL_ACCRUAL,10,131,2026-07-16T10:45:00+08:00
6b797dc1-c1f5-42a4-9c38-62186b947156,M-1272,SESS-20260716-2481-0086,RENTAL_ACCRUAL,12,1342,2026-07-16T20:30:00+08:00
8065cc0e-d25c-4216-8cf4-a13fffe74f44,M-1870,SESS-20260716-1890-0087,RENTAL_ACCRUAL,18,170,2026-07-17T00:30:00+08:00
6870fcb5-169e-4f43-8824-bb8a6e8786ff,M-1247,SESS-20260716-1823-0088,RENTAL_ACCRUAL,43,2449,2026-07-17T01:15:00+08:00
6eef97f9-a92a-49f7-b361-9a8ad1db9a72,M-1591,SESS-20260716-1901-0089,RENTAL_REDEMPTION,-200,1759,2026-07-16T10:45:00+08:00
9b70330c-c963-4a2d-bf2b-046379995472,M-1591,SESS-20260716-1901-0089,RENTAL_ACCRUAL,4,1763,2026-07-16T12:45:00+08:00
894db966-8c2d-4965-9226-e71f80b42d77,M-1115,SESS-20260716-1474-0090,RENTAL_ACCRUAL,16,107,2026-07-16T04:30:00+08:00
8d84c3fe-225e-4043-931f-caac388d48ca,M-1115,TIER_UPGRADE_Standard_TO_Silver,TIER_BONUS,50,157,2026-07-16T04:30:00+08:00
c9dde94d-6ce6-4a66-934c-2ac969cf824d,M-1040,SESS-20260716-2061-0091,RENTAL_ACCRUAL,28,469,2026-07-16T07:00:00+08:00
98441c53-0172-4f07-bb61-1cb6442b56d9,M-1173,SESS-20260716-4560-0092,RENTAL_ACCRUAL,14,199,2026-07-16T18:45:00+08:00
86d951db-6d53-49e9-9fa9-b678ce6adbc4,M-1328,SESS-20260716-6333-0093,RENTAL_ACCRUAL,40,131,2026-07-16T22:15:00+08:00
4e949262-9a42-4dd6-b2c4-d69cc589a650,M-1936,SESS-20260716-9543-0094,RENTAL_ACCRUAL,24,90,2026-07-16T21:30:00+08:00
5489e676-c507-467e-92a6-7f71a52ec6b5,M-1166,SESS-20260716-8099-0095,RENTAL_REDEMPTION,-100,62,2026-07-16T22:45:00+08:00
53b28ac9-7190-41ef-895b-a010369fdd1b,M-1166,SESS-20260716-8099-0095,RENTAL_ACCRUAL,59,121,2026-07-17T06:45:00+08:00
8ac2755e-a9d3-468b-886f-c277d055480a,M-1191,SESS-20260716-7224-0096,RENTAL_REDEMPTION,-100,92,2026-07-16T22:00:00+08:00
9ddf4cc5-99f5-4977-953e-341fc1921408,M-1191,SESS-20260716-7224-0096,RENTAL_ACCRUAL,10,102,2026-07-17T01:00:00+08:00
0f7ca2b7-ce5b-42af-90c6-54e8dcd16c32,M-2063,SESS-20260716-6323-0097,RENTAL_ACCRUAL,15,179,2026-07-17T00:00:00+08:00
a67df90e-a9a5-46b4-91a3-5fc02ce80cb2,M-1590,SESS-20260716-8853-0098,RENTAL_ACCRUAL,27,379,2026-07-16T16:30:00+08:00
ca46f133-f9d6-4b75-b699-29d952298c6a,M-1645,SESS-20260716-2980-0099,RENTAL_ACCRUAL,24,207,2026-07-17T01:45:00+08:00
5edd88d1-bbc6-4a33-9f2a-292937a4704d,M-1518,SESS-20260716-3053-0100,RENTAL_ACCRUAL,5,311,2026-07-16T23:00:00+08:00
bcb32228-7779-4d8c-8df4-ecf6029f5a71,M-1147,SESS-20260716-6886-0101,RENTAL_ACCRUAL,13,333,2026-07-17T00:10:00+08:00
f5bc8f73-3408-4428-bf8e-393b725737b7,M-1771,SESS-20260716-5890-0102,RENTAL_REDEMPTION,-100,35,2026-07-16T17:45:00+08:00
f93ceef6-79be-42fa-9e79-1d58e5c9cd54,M-1771,SESS-20260716-5890-0102,RENTAL_ACCRUAL,5,40,2026-07-16T19:45:00+08:00
23d3fe89-8830-4153-aad4-64b7740d5561,M-1771,TIER_UPGRADE_Standard_TO_Silver,TIER_BONUS,50,90,2026-07-16T19:45:00+08:00
81450ab3-6232-407d-87e3-d92a210783b2,M-1395,SESS-20260716-8739-0103,RENTAL_ACCRUAL,72,241,2026-07-17T00:30:00+08:00
ccbff1ab-4b74-4c2a-be3d-18aa2664ef2c,M-1104,SESS-20260716-7854-0104,RENTAL_ACCRUAL,28,275,2026-07-17T03:45:00+08:00
5642b24a-44ce-4dd9-90dc-1f234cfdf122,M-1808,SESS-20260716-8052-0105,RENTAL_REDEMPTION,-200,1554,2026-07-16T19:05:00+08:00
07e38958-8ae7-4914-8298-93d31c5a3717,M-1808,SESS-20260716-8052-0105,RENTAL_ACCRUAL,33,1587,2026-07-17T03:05:00+08:00
61e73575-e932-4624-917e-01d9c892b2e3,M-2091,SESS-20260716-2428-0106,RENTAL_ACCRUAL,5,100,2026-07-16T09:00:00+08:00
0794db3a-6c6f-4dae-b6ec-3a7c2f517622,M-1175,SESS-20260716-7435-0107,RENTAL_ACCRUAL,43,287,2026-07-16T21:45:00+08:00
0f032a59-645f-490e-9162-4005535cc959,M-1587,SESS-20260716-8165-0108,RENTAL_ACCRUAL,12,1104,2026-07-16T20:25:00+08:00
e564abdf-5116-4a32-a6ce-980b243fda4c,M-1014,SESS-20260716-6251-0109,RENTAL_ACCRUAL,5,691,2026-07-16T23:40:00+08:00
58be2e08-c994-41db-a201-5b9bfd66b605,M-1283,SESS-20260716-7707-0110,RENTAL_ACCRUAL,5,199,2026-07-17T00:10:00+08:00
86ef3afc-8319-4b23-8b5b-f651a6f8803f,M-1799,SESS-20260716-1181-0111,RENTAL_ACCRUAL,40,148,2026-07-16T12:00:00+08:00
c0a7bfa9-b5a0-4a95-a4d5-e8d2f7c26d46,M-1157,SESS-20260716-4189-0112,RENTAL_REDEMPTION,-100,103,2026-07-16T03:15:00+08:00
275a861d-855f-4b5c-bede-f4e124d19582,M-1157,SESS-20260716-4189-0112,RENTAL_ACCRUAL,38,141,2026-07-16T11:15:00+08:00
397fb57f-137d-4c2a-9083-a3cff8fcbb7a,M-1252,SESS-20260716-2263-0113,RENTAL_ACCRUAL,5,549,2026-07-16T18:00:00+08:00
bd444d18-ed86-4e06-ae3f-5f1f34650d67,M-1213,SESS-20260716-6190-0114,RENTAL_ACCRUAL,18,155,2026-07-16T15:15:00+08:00
12ac503b-d74d-4d63-8e2d-dd76e78b2878,M-2105,SESS-20260716-2626-0115,RENTAL_ACCRUAL,5,62,2026-07-16T23:15:00+08:00
9043f6c4-1275-4476-b6c1-af03018d9e1f,M-1305,SESS-20260716-7249-0116,RENTAL_ACCRUAL,24,123,2026-07-16T11:30:00+08:00
48ff40e4-65c3-44bc-931c-f8f727bc46f5,M-1833,SESS-20260716-2089-0117,RENTAL_REDEMPTION,-300,58,2026-07-16T22:15:00+08:00
54775376-5178-4265-acd2-dc34b2c3ccb3,M-1833,SESS-20260716-2089-0117,RENTAL_ACCRUAL,26,84,2026-07-17T06:15:00+08:00
367f56fe-e92a-464d-9e0d-4a490b7b58a1,M-1713,SESS-20260716-7129-0118,RENTAL_ACCRUAL,11,406,2026-07-16T03:35:00+08:00
04f140c5-95b2-4050-9767-ffb8942a3043,M-1379,SESS-20260716-1846-0119,RENTAL_ACCRUAL,15,75,2026-07-16T23:00:00+08:00
09250458-9d06-488c-a4ea-d3a345c6d56d,M-1379,TIER_UPGRADE_Standard_TO_Silver,TIER_BONUS,50,125,2026-07-16T23:00:00+08:00
0315a2b0-043a-4b4f-a3d0-d3ef34cbf626,M-1811,SESS-20260716-1678-0120,RENTAL_REDEMPTION,-100,101,2026-07-16T14:30:00+08:00
740cc9ce-e288-472d-a6ed-652596ef7ad3,M-1811,SESS-20260716-1678-0120,RENTAL_ACCRUAL,20,121,2026-07-16T19:30:00+08:00
4dbdbb92-5efb-48a5-80c0-0543de0ebae0,M-1589,SESS-20260716-5942-0121,RENTAL_ACCRUAL,5,92,2026-07-16T23:00:00+08:00
e86f087a-79ea-4b07-bf9a-4e8188cb9049,M-1259,SESS-20260716-5601-0122,RENTAL_ACCRUAL,5,54,2026-07-16T12:30:00+08:00
b3627c31-7d8a-40dd-8c5f-bd60b47effac,M-1100,SESS-20260716-4290-0123,RENTAL_ACCRUAL,16,42,2026-07-16T22:15:00+08:00
64cbceaa-3cec-4b8b-a6df-47ae3dfffaef,M-1219,SESS-20260716-7395-0124,RENTAL_ACCRUAL,10,206,2026-07-16T10:15:00+08:00
0fc0c3b3-e48e-4af7-95c4-f386465bceef,M-1256,SESS-20260716-8811-0125,RENTAL_ACCRUAL,11,106,2026-07-16T22:00:00+08:00
62ecaa4b-a4bf-4630-a80f-a896b5052cb8,M-1471,SESS-20260716-7454-0126,RENTAL_REDEMPTION,-100,2,2026-07-16T21:45:00+08:00
9d260b2a-3fe7-4797-b913-6d72b2473e12,M-1471,SESS-20260716-7454-0126,RENTAL_ACCRUAL,91,93,2026-07-17T05:45:00+08:00
abc19357-2306-4e79-a7b6-dcce01f4a1bd,M-1050,SESS-20260716-8701-0127,RENTAL_ACCRUAL,27,286,2026-07-16T18:15:00+08:00
b21daa06-8b62-4ec7-95cd-b4a1e70f4283,M-1361,SESS-20260716-7598-0128,RENTAL_ACCRUAL,27,146,2026-07-16T23:00:00+08:00
40c4f071-d1e5-4f62-a1da-ab80bdd57632,M-1103,SESS-20260716-9839-0129,RENTAL_ACCRUAL,8,164,2026-07-16T22:45:00+08:00
cce0ea70-4e56-4e22-9842-3fad1878e1c7,M-1461,SESS-20260716-1064-0130,RENTAL_REDEMPTION,-200,240,2026-07-16T15:30:00+08:00
cbe0f5c3-e709-49ef-8fd6-3633468164bb,M-1461,SESS-20260716-1064-0130,RENTAL_ACCRUAL,14,254,2026-07-16T18:30:00+08:00
ee2da7d0-f4bf-4c20-b6d5-643e12e1bf37,M-1711,SESS-20260716-3566-0131,RENTAL_REDEMPTION,-100,290,2026-07-16T19:30:00+08:00
a1a9d8f3-402f-45bb-890e-f4dcbb955619,M-1711,SESS-20260716-3566-0131,RENTAL_ACCRUAL,38,328,2026-07-17T03:30:00+08:00
9af62f72-11d7-4363-bea9-ed8575bc7f1c,M-1153,SESS-20260716-5667-0132,RENTAL_REDEMPTION,-100,75,2026-07-16T20:15:00+08:00
56c65a72-9709-466b-b535-208d85732180,M-1153,SESS-20260716-5667-0132,RENTAL_ACCRUAL,11,86,2026-07-16T22:15:00+08:00
a5d0219e-ca7a-4008-8d0e-74c84f4fd729,M-1465,SESS-20260716-7543-0133,RENTAL_ACCRUAL,43,674,2026-07-17T02:35:00+08:00
b114c7ce-3a18-42a2-9f39-2708153f8e3b,M-1623,SESS-20260716-9668-0134,RENTAL_REDEMPTION,-200,21,2026-07-16T23:30:00+08:00
8b56dac6-549d-43e3-9d38-f7a1d2d32e30,M-1623,SESS-20260716-9668-0134,RENTAL_ACCRUAL,14,35,2026-07-17T02:30:00+08:00
27768793-ee71-4406-a5d3-139062f72f87,M-1366,SESS-20260716-8947-0135,RENTAL_ACCRUAL,27,201,2026-07-16T15:15:00+08:00
45581ac3-26f4-4ccc-bea2-67933945d2f1,M-1577,SESS-20260716-1276-0136,RENTAL_REDEMPTION,-200,64,2026-07-16T14:45:00+08:00
2615bb5e-3e60-41a4-994d-2b0be1ddb1aa,M-1577,SESS-20260716-1276-0136,RENTAL_ACCRUAL,5,69,2026-07-16T16:45:00+08:00
c7770168-8353-4ff1-9da3-5621ff69d135,M-1703,SESS-20260716-7284-0137,RENTAL_ACCRUAL,27,109,2026-07-16T17:00:00+08:00
7d7d495b-780d-4e83-869c-a0600e11bc4b,M-1325,SESS-20260716-9883-0138,RENTAL_ACCRUAL,11,310,2026-07-16T10:30:00+08:00
e4d82b23-5b66-4900-83c0-6a30103ad10f,M-1310,SESS-20260716-4612-0139,RENTAL_ACCRUAL,28,123,2026-07-17T04:00:00+08:00
8c85d1bc-850b-46af-95e0-fb9ead918027,M-1241,SESS-20260716-6226-0140,RENTAL_ACCRUAL,10,110,2026-07-16T21:40:00+08:00
9d52a0a1-b281-4090-8399-9c687ce41f91,M-1241,TIER_UPGRADE_Standard_TO_Silver,TIER_BONUS,50,160,2026-07-16T21:40:00+08:00
3edcab9c-558a-45d2-ac05-1b955b92ed73,M-2004,SESS-20260716-4134-0141,RENTAL_ACCRUAL,15,86,2026-07-16T20:00:00+08:00
bbac4d09-4e28-462d-8e1e-fee3fd031c8f,M-1001,SESS-20260716-1370-0142,RENTAL_ACCRUAL,10,81,2026-07-16T16:45:00+08:00
7da8dd74-2edf-4c25-8131-469227faacda,M-1607,SESS-20260716-7806-0143,RENTAL_ACCRUAL,25,196,2026-07-16T22:30:00+08:00
4acd73c2-c01f-4ec2-bfc3-23777d69c637,M-1912,SESS-20260716-5059-0144,RENTAL_ACCRUAL,40,68,2026-07-17T02:00:00+08:00
f07806ca-56e0-40c5-865a-53f8ef72e08c,M-1476,SESS-20260716-8040-0145,RENTAL_ACCRUAL,14,228,2026-07-17T00:30:00+08:00
4127fa4b-0a63-4e77-ada1-048c64bb9e0d,M-1626,SESS-20260716-1218-0146,RENTAL_ACCRUAL,10,45,2026-07-16T15:20:00+08:00
3d47d354-fec9-4093-b627-517d218590f4,M-1468,SESS-20260716-7572-0147,RENTAL_REDEMPTION,-300,233,2026-07-16T22:55:00+08:00
fd7d5415-3a68-400b-ac51-ce005baae331,M-1468,SESS-20260716-7572-0147,RENTAL_ACCRUAL,8,241,2026-07-17T01:55:00+08:00
e50e0506-783d-47c5-a570-1687265d787c,M-1264,SESS-20260716-8221-0148,RENTAL_ACCRUAL,18,449,2026-07-16T15:45:00+08:00
e3160c5d-f8e6-4218-a51c-913ea6222477,M-1837,SESS-20260716-6988-0149,RENTAL_ACCRUAL,5,102,2026-07-16T08:15:00+08:00
df30d913-6ba7-45b9-8f00-195c3f3825ae,M-1737,SESS-20260716-7298-0150,RENTAL_ACCRUAL,11,215,2026-07-16T17:45:00+08:00
38bb4549-25c3-4a55-bc93-3375bf39a2ea,M-1502,SESS-20260716-9405-0151,RENTAL_ACCRUAL,5,305,2026-07-16T17:00:00+08:00
1a6e8013-4a02-4a4e-b798-70d83dfe1987,M-1486,SESS-20260716-1825-0152,RENTAL_ACCRUAL,25,140,2026-07-17T00:00:00+08:00
ae8b54be-b313-47a1-8580-65f33e7d08ea,M-1348,SESS-20260716-2054-0153,RENTAL_ACCRUAL,11,258,2026-07-16T21:00:00+08:00
67d25c41-f1c3-456d-a0df-47f850e7be84,M-1965,SESS-20260716-8918-0154,RENTAL_ACCRUAL,16,52,2026-07-16T23:45:00+08:00
bb8bed20-4170-43d3-b270-c235a8520163,M-1291,SESS-20260716-8055-0155,RENTAL_ACCRUAL,18,457,2026-07-17T00:20:00+08:00
bfbec8f0-6905-4aee-991a-57d608f3ec70,M-1992,SESS-20260716-3940-0156,RENTAL_REDEMPTION,-100,3,2026-07-16T13:30:00+08:00
6ba6ee9c-23ce-408d-8c10-f5d1dbe1a4ba,M-1992,SESS-20260716-3940-0156,RENTAL_ACCRUAL,5,8,2026-07-16T15:30:00+08:00
cfd9c315-116a-4d3e-82f2-7c4ea097a587,M-1458,SESS-20260716-6749-0157,RENTAL_ACCRUAL,11,100,2026-07-16T23:15:00+08:00
ab4cbee4-db58-4fce-a9b1-fce80f668fb8,M-1466,SESS-20260716-9811-0158,RENTAL_ACCRUAL,48,3806,2026-07-16T14:30:00+08:00
9da0f7be-95e1-49d5-94f8-8400b6cfcf23,M-1054,SESS-20260716-8684-0159,RENTAL_ACCRUAL,5,321,2026-07-17T00:20:00+08:00
3901c48d-7a5c-4bd8-83eb-aa55035d71d0,M-1351,SESS-20260716-5338-0160,RENTAL_ACCRUAL,16,217,2026-07-16T17:45:00+08:00
b54a4572-79e3-46b7-94e8-dc9b04b1940a,M-1674,SESS-20260716-2690-0161,RENTAL_ACCRUAL,18,439,2026-07-16T23:25:00+08:00
c8461cc9-8cda-4c2a-a31d-c40cdffc1f20,M-1350,SESS-20260716-2099-0162,RENTAL_ACCRUAL,16,522,2026-07-16T22:15:00+08:00
328b147c-6289-4a07-a7c3-d15511c3b0cd,M-1595,SESS-20260716-4037-0163,RENTAL_ACCRUAL,28,268,2026-07-16T16:30:00+08:00
d119c9cc-e85b-4c45-94b3-906a787291f3,M-1732,SESS-20260716-7507-0164,RENTAL_ACCRUAL,27,369,2026-07-16T17:15:00+08:00
1acbe829-9ea2-4db4-a801-ce4aaf9f3c9c,M-1180,SESS-20260716-7425-0165,RENTAL_ACCRUAL,28,712,2026-07-16T21:30:00+08:00
346e1cb5-8d81-4ca7-9d19-ce3e4aac7947,M-1271,SESS-20260716-2912-0166,RENTAL_ACCRUAL,5,217,2026-07-16T17:40:00+08:00
e94ff9d4-ea14-46ac-9624-80d6dd7bbb68,M-1886,SESS-20260716-7322-0167,RENTAL_ACCRUAL,24,126,2026-07-16T15:50:00+08:00
80667e2e-3118-4e83-a4db-6014f51d662e,M-1450,SESS-20260716-7495-0168,RENTAL_REDEMPTION,-100,17,2026-07-16T18:30:00+08:00
50c8b95c-9781-4723-9136-bc7e98541f89,M-1450,SESS-20260716-7495-0168,RENTAL_ACCRUAL,11,28,2026-07-16T20:30:00+08:00
cc24e4cf-2840-43c1-9bf9-924bc70b2ab1,M-1579,SESS-20260716-5675-0169,RENTAL_ACCRUAL,9,2386,2026-07-17T00:10:00+08:00
a30b3b1c-2f94-4362-a1a2-a43296afb9d3,M-1050,SESS-20260716-7706-0170,RENTAL_ACCRUAL,27,313,2026-07-17T01:20:00+08:00
72ba887f-7fb3-4df9-ae45-a4e7a8f75b5f,M-1550,SESS-20260716-2312-0171,RENTAL_ACCRUAL,25,82,2026-07-17T04:45:00+08:00
f06d0386-a532-4b9d-9259-688b4e64879a,M-1631,SESS-20260716-9768-0172,RENTAL_ACCRUAL,16,266,2026-07-16T22:15:00+08:00
d06c7c21-50c9-42f3-adaf-4942397701cf,M-1269,SESS-20260716-4660-0173,RENTAL_ACCRUAL,16,392,2026-07-16T22:30:00+08:00
88ee4de2-afd0-43ef-a475-ac8d167b7d54,M-1830,SESS-20260716-6506-0174,RENTAL_ACCRUAL,28,268,2026-07-16T17:45:00+08:00
ca147444-6c8d-46d1-9f30-d42af00b257d,M-1566,SESS-20260716-5582-0175,RENTAL_ACCRUAL,5,144,2026-07-16T15:55:00+08:00
2d4b2363-9047-480b-be5e-41373b141852,M-1201,SESS-20260716-9118-0176,RENTAL_ACCRUAL,28,453,2026-07-17T02:30:00+08:00
c0a719c2-3cf3-4a00-b4e7-8c52394b5d08,M-1760,SESS-20260716-3193-0177,RENTAL_ACCRUAL,24,105,2026-07-16T16:15:00+08:00
12370234-214b-4475-ad01-0d6893c4100c,M-1024,SESS-20260716-2961-0178,RENTAL_REDEMPTION,-100,89,2026-07-16T19:30:00+08:00
f2e06201-19e2-42b5-a699-732c7fe1eb06,M-1024,SESS-20260716-2961-0178,RENTAL_ACCRUAL,10,99,2026-07-16T22:30:00+08:00
48f20726-c6a8-4195-ae14-a086cb33540f,M-2018,SESS-20260716-6255-0179,RENTAL_ACCRUAL,5,14,2026-07-16T10:15:00+08:00
659d4cb1-1d10-4b73-a53f-31a213c6620a,M-2186,SESS-20260716-4577-0180,RENTAL_ACCRUAL,10,15,2026-07-16T12:30:00+08:00
0bb43d0c-8fdb-42bd-876f-36c1360a70e1,M-1118,SESS-20260716-8920-0181,RENTAL_ACCRUAL,11,144,2026-07-16T22:30:00+08:00
af8584be-3cb8-4df8-9413-3a31debb4c18,M-1930,SESS-20260716-1301-0182,RENTAL_ACCRUAL,8,182,2026-07-16T19:00:00+08:00
a334cacb-03a6-40e0-8c2a-f7bffbf6d9cf,M-1135,SESS-20260716-3500-0183,RENTAL_ACCRUAL,18,287,2026-07-16T20:40:00+08:00
6193086d-7ec6-439a-9367-8a2e9f41eebd,M-2091,SESS-20260716-4802-0184,RENTAL_ACCRUAL,15,115,2026-07-16T19:30:00+08:00
636c9b09-522f-454b-b8ab-68a10d121cf9,M-2095,SESS-20260716-7973-0185,RENTAL_ACCRUAL,5,47,2026-07-16T21:05:00+08:00
99126ee4-5a91-40f8-8be8-6e95278fefab,M-1823,SESS-20260716-3268-0186,RENTAL_ACCRUAL,28,468,2026-07-17T00:45:00+08:00
87015022-58ed-4cad-acfb-12203b570b9a,M-1359,SESS-20260716-3275-0187,RENTAL_ACCRUAL,28,1730,2026-07-16T23:55:00+08:00
190493aa-755e-492f-9f3f-b8a027159ebe,M-1725,SESS-20260716-4230-0188,RENTAL_ACCRUAL,5,287,2026-07-16T22:40:00+08:00
5b5f02c1-2a9d-4c8a-a359-ba1b81f616d8,M-1199,SESS-20260716-8245-0189,RENTAL_ACCRUAL,11,262,2026-07-16T20:05:00+08:00
d12b4572-85ac-4268-9e21-ca6d1199e451,M-1792,SESS-20260716-2035-0190,RENTAL_ACCRUAL,6,2417,2026-07-17T00:30:00+08:00
cb499ba7-d775-4360-998d-df9ecd91bb71,M-1407,SESS-20260716-1884-0191,RENTAL_REDEMPTION,-100,192,2026-07-16T13:45:00+08:00
8e47c774-3359-470f-929c-09b57023b51d,M-1407,SESS-20260716-1884-0191,RENTAL_ACCRUAL,19,211,2026-07-16T16:45:00+08:00
91feeecc-9f3a-40d8-a190-4a7559587277,M-1127,SESS-20260716-4850-0192,RENTAL_ACCRUAL,9,218,2026-07-17T00:45:00+08:00
203ae402-5887-42f6-a005-83c60942a009,M-2167,SESS-20260716-5650-0193,RENTAL_ACCRUAL,10,96,2026-07-16T22:55:00+08:00
683a67e3-9b4f-4cad-90de-52b7deb4dc71,M-1703,SESS-20260716-4796-0194,RENTAL_ACCRUAL,18,127,2026-07-16T21:15:00+08:00
5f2fd2be-febe-417c-aa5d-90853cadb8cf,M-1368,SESS-20260716-2498-0195,RENTAL_ACCRUAL,11,229,2026-07-16T22:40:00+08:00
ccc012f2-6987-4f12-8326-0ffe961196fe,M-1832,SESS-20260716-7686-0196,RENTAL_ACCRUAL,5,184,2026-07-16T23:20:00+08:00
d1d59d7e-d425-4fb1-830b-ba4efe1f4ac2,M-1795,SESS-20260716-4648-0197,RENTAL_ACCRUAL,27,332,2026-07-16T16:30:00+08:00
f8e0582d-6689-47a2-94cc-d7886c29c411,M-1515,SESS-20260716-3831-0198,RENTAL_REDEMPTION,-200,249,2026-07-16T22:00:00+08:00
6b036e57-ab93-4e61-939d-08401ff51038,M-1515,SESS-20260716-3831-0198,RENTAL_ACCRUAL,14,263,2026-07-17T01:00:00+08:00
2044af21-e88b-4594-8a09-da4d79b095b6,M-1537,SESS-20260716-8900-0199,RENTAL_ACCRUAL,10,229,2026-07-16T22:10:00+08:00
352d357a-7990-4ddf-890f-445d9236b250,M-1322,SESS-20260716-1193-0200,RENTAL_REDEMPTION,-100,89,2026-07-16T21:25:00+08:00
9349a931-03a1-4f3a-8c35-e507f40f721a,M-1322,SESS-20260716-1193-0200,RENTAL_ACCRUAL,19,108,2026-07-17T00:25:00+08:00
74489c5d-8eed-4f84-bb3b-219a071b9061,M-1112,SESS-20260716-9579-0201,RENTAL_ACCRUAL,19,1253,2026-07-16T23:30:00+08:00
e7bc94fb-478b-4b90-a520-9f1eb96922c3,M-1279,SESS-20260716-3305-0202,RENTAL_REDEMPTION,-100,3,2026-07-16T22:15:00+08:00
69717c27-7a16-4d54-99b6-a46031b2338b,M-1279,SESS-20260716-3305-0202,RENTAL_ACCRUAL,55,58,2026-07-17T03:15:00+08:00
2c9f2613-c3ec-47d2-971e-64338cac3642,M-1279,TIER_UPGRADE_Standard_TO_Silver,TIER_BONUS,50,108,2026-07-17T03:15:00+08:00
e8754d66-8f78-4169-94ec-4e0508eb2c05,M-2027,SESS-20260716-3868-0203,RENTAL_ACCRUAL,10,117,2026-07-16T22:00:00+08:00
ac5930cc-ab31-4484-821e-2f4e2441d7a7,M-1642,SESS-20260716-3258-0204,RENTAL_ACCRUAL,5,116,2026-07-16T23:35:00+08:00
52e580b3-52c1-4f40-9100-548ab541c962,M-2064,SESS-20260716-9598-0205,RENTAL_ACCRUAL,8,98,2026-07-16T18:55:00+08:00
bc250c85-c303-4bc3-9584-9191448f628e,M-1267,SESS-20260716-8154-0206,RENTAL_ACCRUAL,28,263,2026-07-16T16:30:00+08:00
26503d28-c99b-461d-b9a1-665fde936bfe,M-1210,SESS-20260716-3700-0207,RENTAL_REDEMPTION,-200,718,2026-07-16T18:00:00+08:00
3a93f5f3-6173-4de3-916d-224a678a31c4,M-1210,SESS-20260716-3700-0207,RENTAL_ACCRUAL,14,732,2026-07-16T21:00:00+08:00
5d82ef6d-5a58-4767-96e8-0cbab587d172,M-1244,SESS-20260716-7656-0208,RENTAL_ACCRUAL,28,125,2026-07-16T19:30:00+08:00
4477862b-ad4c-40fc-b45e-a6743b23f21d,M-1200,SESS-20260716-3859-0209,RENTAL_ACCRUAL,5,130,2026-07-16T23:45:00+08:00
0a86885e-2fb2-44f1-b3e5-ff604a8d3718,M-1561,SESS-20260716-4979-0210,RENTAL_ACCRUAL,5,262,2026-07-16T15:15:00+08:00
8a3f8e17-27a8-493f-b2f9-4c1e0e400992,M-1125,SESS-20260716-9920-0211,RENTAL_REDEMPTION,-100,627,2026-07-16T21:45:00+08:00
43fa9bd5-6717-42cb-99f4-a2a74e53ecfd,M-1125,SESS-20260716-9920-0211,RENTAL_ACCRUAL,11,638,2026-07-16T23:45:00+08:00
cf2bec77-53d0-41fc-9b43-ed16f18caf0b,M-1656,SESS-20260716-4248-0212,RENTAL_ACCRUAL,27,170,2026-07-16T18:35:00+08:00
ae0ec727-1a51-4640-92a6-28ded6353c72,M-1440,SESS-20260716-3995-0213,RENTAL_ACCRUAL,5,112,2026-07-16T22:55:00+08:00
10502fce-ad9e-434d-b232-4e0f17a0ebe4,M-1412,SESS-20260716-8471-0214,RENTAL_ACCRUAL,16,196,2026-07-16T18:45:00+08:00
203d4ec4-c4ba-4c87-8965-56bc2fa48ccb,M-1374,SESS-20260716-6907-0215,RENTAL_REDEMPTION,-100,109,2026-07-16T20:30:00+08:00
930f1e58-2527-4a4c-b461-4d11d4834d8a,M-1374,SESS-20260716-6907-0215,RENTAL_ACCRUAL,21,130,2026-07-17T01:30:00+08:00
ac95aeb2-5806-4510-8dab-823bd04ae358,M-1801,SESS-20260716-4058-0216,RENTAL_ACCRUAL,18,251,2026-07-17T01:50:00+08:00
1ced2de1-9319-48ef-aeb3-55a690443008,M-1274,SESS-20260716-3212-0217,RENTAL_ACCRUAL,28,399,2026-07-16T15:40:00+08:00
42ecd465-7bfd-410d-bc6d-ad317d127c62,M-1066,SESS-20260716-7232-0218,RENTAL_ACCRUAL,25,233,2026-07-17T03:45:00+08:00
02015ffc-91c9-48f2-afe5-3a21591f2499,M-1190,SESS-20260716-8796-0219,RENTAL_REDEMPTION,-200,149,2026-07-16T11:15:00+08:00
d0300fdd-dd63-485d-8142-dd8607efb00f,M-1190,SESS-20260716-8796-0219,RENTAL_ACCRUAL,15,164,2026-07-16T16:15:00+08:00
bb966513-04fc-4c3b-b126-d74c06c104b4,M-1157,SESS-20260716-1662-0220,RENTAL_REDEMPTION,-100,41,2026-07-16T16:45:00+08:00
73e02314-faee-49a7-810f-ad1490f868a4,M-1157,SESS-20260716-1662-0220,RENTAL_ACCRUAL,10,51,2026-07-16T19:45:00+08:00
7bc5187e-1bb2-410a-8ede-4e30ed42fe08,M-1430,SESS-20260716-7167-0221,RENTAL_ACCRUAL,14,1377,2026-07-16T20:00:00+08:00
ae29eb98-7310-42e4-8e2e-689857054fb1,M-1766,SESS-20260716-9287-0222,RENTAL_ACCRUAL,16,529,2026-07-16T13:50:00+08:00
2781ca42-f1ab-47ab-a85e-fad21a3368f8,M-1734,SESS-20260716-3025-0223,RENTAL_REDEMPTION,-400,384,2026-07-16T18:00:00+08:00
b4fb1677-6d29-4eba-9541-77087d2c84b8,M-1734,SESS-20260716-3025-0223,RENTAL_ACCRUAL,3,387,2026-07-16T23:00:00+08:00
5da2061b-9ef4-4b40-98b9-617d87312086,M-1473,SESS-20260716-4766-0224,RENTAL_REDEMPTION,-200,233,2026-07-16T16:00:00+08:00
29d9a725-b895-484d-855e-52379a6b1b32,M-1473,SESS-20260716-4766-0224,RENTAL_ACCRUAL,1,234,2026-07-16T17:00:00+08:00
295998ed-1b26-4fdd-900a-6ed6b411ef7c,M-1596,SESS-20260716-8766-0225,RENTAL_ACCRUAL,9,438,2026-07-16T11:30:00+08:00
70f2a29b-5400-40da-bc6d-68b1b5a57ad8,M-1306,SESS-20260716-5632-0226,RENTAL_ACCRUAL,40,217,2026-07-16T21:35:00+08:00
c82554e3-a97b-45c0-b5a8-a8f0b497fdb1,M-1684,SESS-20260716-1240-0227,RENTAL_ACCRUAL,11,232,2026-07-17T00:20:00+08:00
46ba477c-2a44-424e-b086-8ed600886c65,M-1705,SESS-20260716-4178-0228,RENTAL_ACCRUAL,40,207,2026-07-16T18:45:00+08:00
094f3b91-fb4d-4bb6-8fb3-de75587911d8,M-1068,SESS-20260716-3650-0229,RENTAL_ACCRUAL,15,283,2026-07-17T00:30:00+08:00
d37cbcff-fe47-4383-9dc6-6cd1f0e7983f,M-1401,SESS-20260716-4168-0230,RENTAL_ACCRUAL,11,244,2026-07-16T20:30:00+08:00
8377337c-f786-476f-a073-b37365e05dc1,M-1611,SESS-20260716-9340-0231,RENTAL_ACCRUAL,16,106,2026-07-16T22:15:00+08:00
2e95f2f4-57f8-4239-a617-827dc722435d,M-1712,SESS-20260716-3248-0232,RENTAL_ACCRUAL,11,226,2026-07-16T20:45:00+08:00
110695b5-e029-4e1b-9c47-0662182795be,M-1196,SESS-20260716-2174-0233,RENTAL_REDEMPTION,-100,555,2026-07-16T20:40:00+08:00
c55c7c74-d1a4-4fca-8b54-95de97a3d71f,M-1196,SESS-20260716-2174-0233,RENTAL_ACCRUAL,11,566,2026-07-16T22:40:00+08:00
51ba7502-8d6f-495b-af3a-2e745d104e4a,M-1663,SESS-20260716-2675-0234,RENTAL_REDEMPTION,-100,29,2026-07-16T20:15:00+08:00
97998770-fea8-4d81-bccb-3151c27722cf,M-1663,SESS-20260716-2675-0234,RENTAL_ACCRUAL,7,36,2026-07-16T21:15:00+08:00
917bafac-5d9b-4129-9156-7072dc01c346,M-1109,SESS-20260716-9698-0235,RENTAL_ACCRUAL,11,130,2026-07-16T13:00:00+08:00
a07cfe6b-24fe-492e-a160-50abd09efc4f,M-1993,SESS-20260716-3591-0236,RENTAL_ACCRUAL,10,117,2026-07-17T00:45:00+08:00
1a0280a6-06bd-41f9-8703-75fa9ec3de54,M-1459,SESS-20260716-9465-0237,RENTAL_REDEMPTION,-100,304,2026-07-16T20:00:00+08:00
b7c53010-adb2-429b-8267-54907cfe1fd4,M-1459,SESS-20260716-9465-0237,RENTAL_ACCRUAL,10,314,2026-07-16T23:00:00+08:00
2fa8919e-90bf-475b-b605-28470791e9ff,M-1512,SESS-20260716-5529-0238,RENTAL_ACCRUAL,13,167,2026-07-16T19:40:00+08:00
5ccbe019-94cf-436a-8ce5-de4a05c01d91,M-1462,SESS-20260716-3586-0239,RENTAL_REDEMPTION,-200,11,2026-07-16T18:30:00+08:00
c6978a86-06a6-4da5-9c72-747fad39d9db,M-1462,SESS-20260716-3586-0239,RENTAL_ACCRUAL,5,16,2026-07-16T20:30:00+08:00
ae49373f-6fdb-4f67-ad89-02c9fa846c5c,M-1810,SESS-20260716-7142-0240,RENTAL_REDEMPTION,-100,145,2026-07-16T22:00:00+08:00
e038997f-3b99-48e8-9c3c-c63d82e525ba,M-1810,SESS-20260716-7142-0240,RENTAL_ACCRUAL,5,150,2026-07-17T00:00:00+08:00
9f116bbc-e645-4cc7-aac1-a1dc5f43aa22,M-1530,SESS-20260716-9646-0241,RENTAL_ACCRUAL,12,655,2026-07-16T23:45:00+08:00
73460b61-e682-40ab-bbf9-920a7a22b510,M-1187,SESS-20260716-9743-0242,RENTAL_ACCRUAL,28,224,2026-07-17T02:45:00+08:00
46735f35-6cfc-413b-9f7a-8a3338e77912,M-1722,SESS-20260716-5463-0243,RENTAL_ACCRUAL,45,787,2026-07-17T01:00:00+08:00
a5fe5bd0-412b-4fdc-8bf1-2986ee64bb2e,M-1121,SESS-20260716-7964-0244,RENTAL_ACCRUAL,45,140,2026-07-17T06:35:00+08:00
b85d0ec5-f169-4e9d-859e-1edbaefd3506,M-1224,SESS-20260716-9469-0245,RENTAL_REDEMPTION,-100,262,2026-07-16T18:45:00+08:00
685cf2e4-aaa7-48bc-9ad2-14a744e6d2c4,M-1224,SESS-20260716-9469-0245,RENTAL_ACCRUAL,11,273,2026-07-16T20:45:00+08:00
b6d9b74a-de37-4e7d-9972-ae4ed0ed48f4,M-1107,SESS-20260716-5415-0246,RENTAL_ACCRUAL,10,101,2026-07-17T00:55:00+08:00
3786c1bc-83eb-4d60-89bb-34216882f7cd,M-1523,SESS-20260716-3229-0247,RENTAL_ACCRUAL,27,321,2026-07-17T02:45:00+08:00
7e28b03f-2e90-4946-a9b8-5f1bfbe52da8,M-1098,SESS-20260716-6951-0248,RENTAL_ACCRUAL,12,721,2026-07-17T01:10:00+08:00
58f0c48f-e4e9-4a1b-813d-d08539a0730f,M-1743,SESS-20260716-7635-0249,RENTAL_ACCRUAL,108,365,2026-07-16T12:15:00+08:00
1a10eefd-bb86-43aa-9e77-f6e453ae1612,M-1331,SESS-20260716-8779-0250,RENTAL_REDEMPTION,-100,58,2026-07-16T13:15:00+08:00
d2d09fb0-31d6-4a5c-95b3-6abedfef5ecc,M-1331,SESS-20260716-8779-0250,RENTAL_ACCRUAL,10,68,2026-07-16T16:15:00+08:00
6dd2f478-c762-40d5-b738-efcf7dac289b,M-2120,SESS-20260716-6567-0251,RENTAL_ACCRUAL,15,57,2026-07-16T21:30:00+08:00
9df414e4-5a15-445e-8c55-42fa50e466bc,M-1653,SESS-20260716-1463-0252,RENTAL_ACCRUAL,8,206,2026-07-16T15:35:00+08:00
e9196235-da4b-4968-95c3-788094048454,M-1449,SESS-20260716-7960-0253,RENTAL_ACCRUAL,10,82,2026-07-17T01:10:00+08:00
043aac1f-53b0-4e36-8286-7c8131abc0bc,M-1361,SESS-20260716-5697-0254,RENTAL_ACCRUAL,11,157,2026-07-17T01:45:00+08:00
c2f142a3-1d37-4860-accd-3170002a7ee0,M-1632,SESS-20260716-3235-0255,RENTAL_ACCRUAL,6,1115,2026-07-16T20:50:00+08:00
620cb619-ae7a-45e2-82f6-bda969a3a2ea,M-1507,SESS-20260716-9431-0256,RENTAL_REDEMPTION,-200,35,2026-07-16T15:45:00+08:00
2d60a7de-6b4e-46ab-b0f3-6191f495f097,M-1507,SESS-20260716-9431-0256,RENTAL_ACCRUAL,54,89,2026-07-16T23:45:00+08:00
1920f363-a057-4bff-90e9-78ce7787cae9,M-1534,SESS-20260716-7089-0257,RENTAL_ACCRUAL,5,84,2026-07-16T21:30:00+08:00
5821a9d1-0d6b-4156-9b1a-5b960fcfdd0c,M-2079,SESS-20260716-9837-0258,RENTAL_REDEMPTION,-100,90,2026-07-16T20:40:00+08:00
97573088-9be2-47e4-853e-1ef64639fa15,M-2079,SESS-20260716-9837-0258,RENTAL_ACCRUAL,11,101,2026-07-16T22:40:00+08:00
79df149c-2310-4481-a8f6-aff34ac22407,M-1724,SESS-20260716-5944-0259,RENTAL_ACCRUAL,16,177,2026-07-16T21:10:00+08:00
4aa60cac-e39a-4bb8-957c-c1aef1087770,M-1764,SESS-20260716-8148-0260,RENTAL_ACCRUAL,18,115,2026-07-16T22:55:00+08:00
de9ed056-2a19-40a8-97ac-2666666ed928,M-1250,SESS-20260716-3844-0261,RENTAL_ACCRUAL,45,127,2026-07-17T03:50:00+08:00
150ca8ef-7eee-43e8-aac9-f6342c49340d,M-1029,SESS-20260716-1818-0262,RENTAL_ACCRUAL,11,561,2026-07-16T16:45:00+08:00
0af68c27-fa4f-4559-ade9-96d16d9c5112,M-1371,SESS-20260716-2577-0263,RENTAL_ACCRUAL,18,353,2026-07-16T21:40:00+08:00
fedc6565-be24-4711-bdd8-d876f4e71421,M-1598,SESS-20260716-9467-0264,RENTAL_ACCRUAL,10,130,2026-07-16T17:30:00+08:00
aacfb4e5-8d4b-48e5-b276-3a51807006cc,M-1947,SESS-20260716-6211-0265,RENTAL_ACCRUAL,12,148,2026-07-16T22:55:00+08:00
d5782ab1-f9f4-4e7a-b710-138521cf39a5,M-1225,SESS-20260716-3365-0266,RENTAL_ACCRUAL,72,407,2026-07-17T06:15:00+08:00
ca17e76a-8633-41f7-ba47-dfad1179f0e1,M-1075,SESS-20260716-5510-0267,RENTAL_ACCRUAL,5,42,2026-07-16T14:00:00+08:00
27976542-2683-4434-8971-011f80860414,M-1636,SESS-20260716-5172-0268,RENTAL_REDEMPTION,-200,1413,2026-07-16T21:50:00+08:00
fe7fb17d-88d5-4c8e-9c58-a36e268dab4f,M-1636,SESS-20260716-5172-0268,RENTAL_ACCRUAL,13,1426,2026-07-16T23:50:00+08:00
35396be6-3853-45c4-8de7-d07f9591c488,M-1430,SESS-20260716-3554-0269,RENTAL_ACCRUAL,28,1405,2026-07-16T23:30:00+08:00
1e9e2c09-09be-4af2-99e4-08a353464b71,M-1312,SESS-20260716-6405-0270,RENTAL_ACCRUAL,18,388,2026-07-16T21:45:00+08:00
dccd44f1-6b53-4111-a1b9-36091ffd14e8,M-1683,SESS-20260716-4729-0271,RENTAL_ACCRUAL,30,700,2026-07-17T04:00:00+08:00
1ef2bbc0-4a71-448c-b978-c5d215854a8e,M-1707,SESS-20260716-8234-0272,RENTAL_ACCRUAL,6,1265,2026-07-17T00:40:00+08:00
ac960cff-7db9-4de6-bba3-0aae6a752d85,M-1432,SESS-20260716-3370-0273,RENTAL_ACCRUAL,12,3205,2026-07-16T22:15:00+08:00
0c1c7a7d-27cb-4213-a011-2e1eed8c54d7,M-1408,SESS-20260716-3255-0274,RENTAL_ACCRUAL,9,411,2026-07-17T00:05:00+08:00
59968543-77d4-40c4-a98b-36a5f8135567,M-1481,SESS-20260716-1944-0275,RENTAL_ACCRUAL,28,221,2026-07-16T21:50:00+08:00
58d5f267-86ff-4a96-aefe-3feb4d0bbbb4,M-1782,SESS-20260716-2294-0276,RENTAL_ACCRUAL,12,702,2026-07-16T15:30:00+08:00
c95f08a7-1a1e-4bf3-9cb1-db3493664548,M-1429,SESS-20260716-2994-0277,RENTAL_ACCRUAL,11,272,2026-07-17T01:10:00+08:00
41e912bc-a64e-4362-ae24-f5168a5d8bc4,M-1992,SESS-20260716-8859-0278,RENTAL_ACCRUAL,40,48,2026-07-17T06:45:00+08:00
eace85a8-6ebb-4774-b548-99e10861ad6d,M-1072,SESS-20260716-9643-0279,RENTAL_REDEMPTION,-100,150,2026-07-16T13:15:00+08:00
68ed224d-dc64-4577-a086-384ca5881dd0,M-1072,SESS-20260716-9643-0279,RENTAL_ACCRUAL,2,152,2026-07-16T14:15:00+08:00
147b541c-1ce9-47d4-86f2-9f3328273feb,M-1021,SESS-20260716-5346-0280,RENTAL_ACCRUAL,16,688,2026-07-17T02:45:00+08:00
cf242d9f-de4b-4c50-af3a-2c35f961b431,M-1392,SESS-20260716-7898-0281,RENTAL_ACCRUAL,12,605,2026-07-16T19:35:00+08:00
b4f047e5-2f76-4a46-b7e4-129ad5fa1017,M-1546,SESS-20260716-5826-0282,RENTAL_ACCRUAL,11,179,2026-07-16T18:35:00+08:00
ad96f39b-1329-4cbd-aa94-f80a21f16c8c,M-1897,SESS-20260716-2615-0283,RENTAL_ACCRUAL,10,141,2026-07-16T18:30:00+08:00
82861858-a516-4f56-81ba-94c43573ddd5,M-1078,SESS-20260716-9059-0284,RENTAL_ACCRUAL,40,1005,2026-07-17T00:30:00+08:00
d62c4f03-a730-433c-a33d-8fefe3570e05,M-1650,SESS-20260716-3782-0285,RENTAL_ACCRUAL,11,60,2026-07-16T15:45:00+08:00
14afdaa2-49d4-47e1-8aba-e0f15ed518ab,M-1364,SESS-20260716-4851-0286,RENTAL_ACCRUAL,11,627,2026-07-17T00:45:00+08:00
aff59ddb-17b1-4517-bfdf-513fe5099e8f,M-1308,SESS-20260716-6245-0287,RENTAL_ACCRUAL,27,253,2026-07-16T16:00:00+08:00
9259e31a-ab0e-43b2-a260-8e6b6bd96c48,M-1552,SESS-20260716-5253-0288,RENTAL_REDEMPTION,-200,12,2026-07-16T22:25:00+08:00
d48d6bf6-fafa-4d13-9db8-20be35a175d9,M-1552,SESS-20260716-5253-0288,RENTAL_ACCRUAL,4,16,2026-07-17T01:25:00+08:00
9b5d9135-2c9e-48fc-8233-b23817e129a5,M-1836,SESS-20260716-3800-0289,RENTAL_ACCRUAL,60,272,2026-07-16T16:00:00+08:00
b001aad5-8ad7-49ad-bc60-caeeab0c9427,M-1836,TIER_UPGRADE_Standard_TO_Silver,TIER_BONUS,50,322,2026-07-16T16:00:00+08:00
f97fda1f-5389-496b-bd43-a3255f4f8ecc,M-1631,SESS-20260716-1165-0290,RENTAL_REDEMPTION,-100,166,2026-07-16T23:05:00+08:00
d9cc1207-5457-4b4c-b8c7-7a11cb9a3f9b,M-1631,SESS-20260716-1165-0290,RENTAL_ACCRUAL,5,171,2026-07-17T01:05:00+08:00
6e2f0196-103f-4d69-b4e2-5780f1cbfcef,M-1013,SESS-20260716-1346-0291,RENTAL_ACCRUAL,11,287,2026-07-16T23:40:00+08:00
18d43ee7-3a53-4470-9575-6bec3d4170c2,M-1757,SESS-20260716-8960-0292,RENTAL_ACCRUAL,11,93,2026-07-16T19:50:00+08:00
f4938632-d2f9-4d34-b56d-98ff4df2ca79,M-2036,SESS-20260716-9940-0293,RENTAL_ACCRUAL,24,111,2026-07-16T23:30:00+08:00
d1daf640-c3f9-4307-b02a-d25a0ebb3a56,M-1654,SESS-20260716-9892-0294,RENTAL_ACCRUAL,5,166,2026-07-16T22:05:00+08:00
a59e0193-7128-496a-a1d6-fdf855f7e6c2,M-1597,SESS-20260716-3042-0295,RENTAL_ACCRUAL,16,198,2026-07-16T18:45:00+08:00
1d2c929f-546c-4f41-b78e-02fce73a4d96,M-1490,SESS-20260716-4999-0296,RENTAL_ACCRUAL,10,108,2026-07-16T18:45:00+08:00
1e6e51e5-e30b-4e3d-87f3-2c4a65582ec6,M-1356,SESS-20260716-1574-0297,RENTAL_REDEMPTION,-800,725,2026-07-16T14:30:00+08:00
17376315-4a3d-4c11-87b9-9690880b27d4,M-1356,SESS-20260716-1574-0297,RENTAL_ACCRUAL,12,737,2026-07-16T19:30:00+08:00
a56b00a8-46b9-40f1-90e2-abe09fe18976,M-2064,SESS-20260716-4364-0298,RENTAL_ACCRUAL,24,122,2026-07-17T01:00:00+08:00
c9e3ab92-c138-457d-8031-6621da147368,M-1774,SESS-20260716-5282-0299,RENTAL_REDEMPTION,-100,181,2026-07-16T23:55:00+08:00
11498672-b5db-4b9c-9c3c-13986c014c76,M-1774,SESS-20260716-5282-0299,RENTAL_ACCRUAL,61,242,2026-07-17T04:55:00+08:00
92eb266a-8398-4639-8970-021686fb6032,M-1261,SESS-20260716-6869-0300,RENTAL_ACCRUAL,27,269,2026-07-16T20:00:00+08:00
ba8595ba-1c01-4ac9-97e0-d69019a2ce5f,M-1491,SESS-20260716-9752-0301,RENTAL_ACCRUAL,10,100,2026-07-16T23:45:00+08:00
c2856fd0-0eea-4cea-ae14-73281351cc66,M-1524,SESS-20260716-1317-0302,RENTAL_ACCRUAL,5,200,2026-07-16T14:45:00+08:00
3149b688-0a3c-45d0-98f0-ebae1b6d891c,M-1596,SESS-20260716-4313-0303,RENTAL_ACCRUAL,18,456,2026-07-17T00:15:00+08:00
e94fbebf-b6d8-4777-abdb-d4a9996a54fd,M-1567,SESS-20260716-1290-0304,RENTAL_ACCRUAL,27,168,2026-07-17T01:45:00+08:00
a940d8d5-7592-4b1b-bdae-0d40f0394aa8,M-2197,SESS-20260716-5073-0305,RENTAL_ACCRUAL,5,55,2026-07-16T20:55:00+08:00
301f7d91-d5b0-4cf8-a1d1-ab3958643a53,M-1882,SESS-20260716-3415-0306,RENTAL_ACCRUAL,10,87,2026-07-16T22:45:00+08:00
08e019ac-8997-4859-b877-2e83cea8e8a3,M-1016,SESS-20260716-4711-0307,RENTAL_REDEMPTION,-100,24,2026-07-16T21:45:00+08:00
afb64e12-069f-4f69-8ea7-64c366567f6e,M-1016,SESS-20260716-4711-0307,RENTAL_ACCRUAL,21,45,2026-07-17T02:45:00+08:00
3f99c551-e64d-4023-9b12-c843242587f2,M-1117,SESS-20260716-7098-0308,RENTAL_REDEMPTION,-100,27,2026-07-16T21:10:00+08:00
395a604e-b44f-4b18-b80c-915ff7a59643,M-1117,SESS-20260716-7098-0308,RENTAL_ACCRUAL,19,46,2026-07-17T00:10:00+08:00
2854b3fd-dfe2-435b-929b-5247d675a2b8,M-1034,SESS-20260716-3210-0309,RENTAL_ACCRUAL,11,104,2026-07-16T18:00:00+08:00
07f867ef-18f4-4e37-b6fb-a6e21de08569,M-1727,SESS-20260716-9049-0310,RENTAL_ACCRUAL,16,192,2026-07-16T21:10:00+08:00
d86c709f-60b6-4508-a7a0-304d47cd3d9f,M-1790,SESS-20260716-8192-0311,RENTAL_ACCRUAL,27,390,2026-07-16T19:15:00+08:00
587c6301-bcf3-4d78-aae1-7e3349103051,M-1008,SESS-20260716-6809-0312,RENTAL_ACCRUAL,16,168,2026-07-16T22:00:00+08:00
649501f3-38f7-43d9-bb5f-567915d7a553,M-1373,SESS-20260716-3150-0313,RENTAL_ACCRUAL,27,375,2026-07-17T02:40:00+08:00
a818b0ab-1e6b-4d05-ba1a-eb69269c5f42,M-1315,SESS-20260716-1710-0314,RENTAL_REDEMPTION,-100,170,2026-07-16T22:30:00+08:00
3652b1a1-dfe8-44a8-8f9f-0e8db9858a0b,M-1315,SESS-20260716-1710-0314,RENTAL_ACCRUAL,10,180,2026-07-17T01:30:00+08:00
a6634877-d6cf-43a0-9b12-dd1589d85ff9,M-1040,SESS-20260716-5813-0315,RENTAL_ACCRUAL,45,514,2026-07-17T02:35:00+08:00
f6ca291a-6693-4a2b-bc5e-fe14838e1097,M-1412,SESS-20260716-3285-0316,RENTAL_ACCRUAL,28,224,2026-07-17T02:25:00+08:00
53b83900-e470-41ae-95c8-2e3643c0d452,M-1629,SESS-20260716-1975-0317,RENTAL_ACCRUAL,5,66,2026-07-17T00:30:00+08:00
524e4a03-c627-4a72-a6bf-5acf28dc2c5f,M-1572,SESS-20260716-7303-0318,RENTAL_ACCRUAL,72,289,2026-07-16T21:00:00+08:00
f668054f-a635-46da-97f4-eaef8c892ab8,M-1662,SESS-20260716-3231-0319,RENTAL_ACCRUAL,24,170,2026-07-16T23:15:00+08:00
f9fb7324-d5ea-48d5-ba4c-23b6cd944445,M-1662,TIER_UPGRADE_Standard_TO_Silver,TIER_BONUS,50,220,2026-07-16T23:15:00+08:00
db7e3afe-822b-403b-a07e-25eee2a86c95,M-1542,SESS-20260716-5022-0320,RENTAL_ACCRUAL,5,250,2026-07-17T00:55:00+08:00
7aefaebb-656f-4772-a8d0-5096321648c5,M-1183,SESS-20260716-1912-0321,RENTAL_ACCRUAL,16,50,2026-07-16T23:15:00+08:00
340eefbe-5e14-49af-9c35-0b8cc75f0f5e,M-1183,TIER_UPGRADE_Standard_TO_Silver,TIER_BONUS,50,100,2026-07-16T23:15:00+08:00
e500417d-8502-414e-a550-3fa3a426700f,M-1641,SESS-20260716-9531-0322,RENTAL_ACCRUAL,24,168,2026-07-17T01:10:00+08:00
69bb2492-9959-4869-8f50-c00aeba2e8d3,M-1444,SESS-20260716-6008-0323,RENTAL_ACCRUAL,30,3390,2026-07-17T00:40:00+08:00
626dccfb-a913-4cc5-a85a-89c82688c235,M-1499,SESS-20260716-8040-0324,RENTAL_ACCRUAL,16,156,2026-07-17T01:05:00+08:00
90290b42-cb66-41b0-9ce6-ae48cd30dc02,M-1708,SESS-20260716-5375-0325,RENTAL_ACCRUAL,27,476,2026-07-16T16:30:00+08:00
0a7dcfd8-ddee-47a4-96c0-f2dca99da624,M-2105,SESS-20260716-6778-0326,RENTAL_ACCRUAL,8,70,2026-07-17T00:55:00+08:00
f4ac8f9a-41f7-4f7e-b273-893d7b07ac8d,M-1814,SESS-20260716-4593-0327,RENTAL_ACCRUAL,27,66,2026-07-17T01:45:00+08:00
9a51f28b-1fbc-4c51-ab78-1a95d25930c7,M-1482,SESS-20260716-4672-0328,RENTAL_ACCRUAL,40,68,2026-07-17T02:45:00+08:00
bb2a6bb8-f98c-4906-833b-af520bd36098,M-1401,SESS-20260716-2059-0329,RENTAL_ACCRUAL,11,255,2026-07-16T23:40:00+08:00
6cd4bb79-795a-41d2-9621-36c65d757c7d,M-1101,SESS-20260716-9486-0330,RENTAL_ACCRUAL,28,160,2026-07-17T04:30:00+08:00
94158c56-f058-4f26-ba02-70f5aa054006,M-1496,SESS-20260716-1671-0331,RENTAL_ACCRUAL,16,271,2026-07-17T02:45:00+08:00
b93e4235-be26-424b-8af2-857cf6e1aaa5,M-1094,SESS-20260716-7416-0332,RENTAL_ACCRUAL,11,129,2026-07-16T21:45:00+08:00
6c88c426-f6c4-414a-b306-42c289a017ff,M-1739,SESS-20260716-3876-0333,RENTAL_ACCRUAL,16,119,2026-07-16T22:50:00+08:00
9a6fdda4-4be0-454f-9f38-ea78ee552dcb,M-1271,SESS-20260716-5747-0334,RENTAL_REDEMPTION,-100,117,2026-07-16T22:25:00+08:00
8fae8806-ec48-4b46-a426-513b53a94b62,M-1271,SESS-20260716-5747-0334,RENTAL_ACCRUAL,5,122,2026-07-17T00:25:00+08:00
4f33df0a-5f5f-4ac2-9cf9-df4c359f9487,M-1303,SESS-20260716-8030-0335,RENTAL_ACCRUAL,19,2554,2026-07-16T19:20:00+08:00
68263a95-5f64-4285-8eec-df4d60d10785,M-1743,SESS-20260716-3668-0336,RENTAL_ACCRUAL,45,410,2026-07-17T04:25:00+08:00
33e92cef-0bf4-4169-9400-489c76bb1500,M-1428,SESS-20260716-8189-0337,RENTAL_ACCRUAL,8,79,2026-07-17T00:00:00+08:00
025be315-0712-4206-85bb-ce060b933ca1,M-1221,SESS-20260716-4048-0338,RENTAL_ACCRUAL,12,1961,2026-07-17T01:00:00+08:00
5975356d-d3bb-4a97-9520-a087b98a1884,M-1583,SESS-20260716-2815-0339,RENTAL_ACCRUAL,5,130,2026-07-16T18:50:00+08:00
5c5902c5-7467-4140-aa44-c350ec82af42,M-1350,SESS-20260716-6290-0340,RENTAL_REDEMPTION,-100,422,2026-07-16T22:45:00+08:00
b665e715-ff42-43da-bc4f-681bd537897b,M-1350,SESS-20260716-6290-0340,RENTAL_ACCRUAL,5,427,2026-07-17T00:45:00+08:00
a1d3437e-a3aa-4a21-9dfd-0ed28cab1bbf,M-1604,SESS-20260716-7167-0341,RENTAL_ACCRUAL,16,191,2026-07-16T18:15:00+08:00
dcb0956f-f27b-497a-9f0d-687fb229938c,M-1128,SESS-20260716-7529-0342,RENTAL_ACCRUAL,11,75,2026-07-17T01:40:00+08:00
fe566bc8-6116-4004-82e5-c64647e7cd73,M-1658,SESS-20260716-2578-0343,RENTAL_ACCRUAL,11,611,2026-07-16T07:00:00+08:00
36445949-44e7-4862-a188-46431506c80a,M-1492,SESS-20260716-9287-0344,RENTAL_ACCRUAL,11,216,2026-07-17T01:55:00+08:00
088cb283-dcc9-4bb3-8c07-cf3ff0a7accb,M-1172,SESS-20260716-6880-0345,RENTAL_ACCRUAL,5,291,2026-07-16T14:15:00+08:00
fc2f9d06-ef8a-46ab-92a8-f63d01df0fa5,M-1421,SESS-20260716-8951-0346,RENTAL_REDEMPTION,-100,455,2026-07-16T23:50:00+08:00
4c005509-deb5-4bfb-bec1-bcb2c175f2bb,M-1421,SESS-20260716-8951-0346,RENTAL_ACCRUAL,5,460,2026-07-17T01:50:00+08:00
362cc16e-9d6f-42be-a543-89c2361e5cfa,M-1825,SESS-20260716-3702-0347,RENTAL_REDEMPTION,-100,14,2026-07-16T17:55:00+08:00
a0a69b6a-f745-4556-a6f4-92929de0527f,M-1825,SESS-20260716-3702-0347,RENTAL_ACCRUAL,20,34,2026-07-16T22:55:00+08:00
4a2dcc60-292a-494c-a4bc-5ed93a5535f6,M-1143,SESS-20260716-8385-0348,RENTAL_ACCRUAL,19,3382,2026-07-17T00:45:00+08:00
9f2256af-c8c8-4222-97f1-7ae5f855a017,M-1983,SESS-20260716-9079-0349,RENTAL_REDEMPTION,-100,10,2026-07-16T21:15:00+08:00
d29d62fd-4a21-495d-a4ed-bbd0551b1bb1,M-1983,SESS-20260716-9079-0349,RENTAL_ACCRUAL,10,20,2026-07-17T00:15:00+08:00
60d53590-ced3-4f7e-b6da-94d51b3ac0d0,M-2092,SESS-20260716-5385-0350,RENTAL_ACCRUAL,10,133,2026-07-16T19:15:00+08:00
f0b66742-6208-4d76-842b-c46ad072e142,M-1424,SESS-20260716-9553-0351,RENTAL_ACCRUAL,10,162,2026-07-17T00:15:00+08:00
ae040448-892f-4c20-954a-736b4a759549,M-1837,SESS-20260716-9583-0352,RENTAL_ACCRUAL,12,114,2026-07-16T22:45:00+08:00
53ac7b08-0a65-42c9-a831-36bbcd1b768c,M-1161,SESS-20260716-7707-0353,RENTAL_ACCRUAL,10,246,2026-07-16T23:00:00+08:00
6a9ea821-6751-4c41-be1a-c8fd4169f1a1,M-1343,SESS-20260716-8985-0354,RENTAL_REDEMPTION,-100,171,2026-07-16T19:20:00+08:00
22674d10-ab93-47b0-b023-d743980c5cc8,M-1343,SESS-20260716-8985-0354,RENTAL_ACCRUAL,5,176,2026-07-16T21:20:00+08:00
344b99ad-5749-43a8-add2-ca3c34931add,M-1383,SESS-20260716-5741-0355,RENTAL_ACCRUAL,11,164,2026-07-17T00:00:00+08:00
925fd1de-6d07-41b3-b01f-45df79b47bc5,M-1096,SESS-20260716-8009-0356,RENTAL_ACCRUAL,18,89,2026-07-17T01:30:00+08:00
667336a5-72ac-438d-8f15-7b4d2fbeb98f,M-1144,SESS-20260716-6166-0357,RENTAL_ACCRUAL,60,173,2026-07-17T00:35:00+08:00
726f67a7-64b2-4e11-9433-f99859ab1379,M-1144,TIER_UPGRADE_Standard_TO_Silver,TIER_BONUS,50,223,2026-07-17T00:35:00+08:00
d54d18b4-0ef5-4e76-8caf-7a933140d0ea,M-1830,SESS-20260716-8638-0358,RENTAL_ACCRUAL,11,279,2026-07-17T00:05:00+08:00
cb03b0ac-73f1-4be0-aa32-70ea5e37cee8,M-1687,SESS-20260716-6091-0359,RENTAL_ACCRUAL,28,369,2026-07-17T04:50:00+08:00
34c415f1-844f-405b-b4fe-767b12c40743,M-1822,SESS-20260716-9860-0360,RENTAL_ACCRUAL,11,45,2026-07-17T01:10:00+08:00
116fa777-ae4f-4281-b793-14399b73c9a2,M-1011,SESS-20260716-7060-0361,RENTAL_ACCRUAL,28,856,2026-07-16T07:30:00+08:00
22b82c80-06ac-4717-95ac-98a31e7bb778,M-1605,SESS-20260716-2084-0362,RENTAL_ACCRUAL,16,338,2026-07-16T21:55:00+08:00
ba2c8e77-3546-41cf-860e-ab0bd38c4bb8,M-1706,SESS-20260716-4135-0363,RENTAL_REDEMPTION,-200,602,2026-07-16T16:50:00+08:00
21e8a51d-5bf2-4946-b6d2-7bf1ef5f0ec2,M-1706,SESS-20260716-4135-0363,RENTAL_ACCRUAL,4,606,2026-07-16T19:50:00+08:00
82d5e9db-f9c0-42a6-81a2-387e8baf4e06,M-2163,SESS-20260716-6509-0364,RENTAL_REDEMPTION,-100,47,2026-07-16T16:30:00+08:00
8d842f62-b0c4-4a50-b629-41d52fc60b5f,M-2163,SESS-20260716-6509-0364,RENTAL_ACCRUAL,31,78,2026-07-16T19:30:00+08:00
7b55a221-90b6-4e3c-81e1-3d0be878cbcd,M-1780,SESS-20260716-2881-0365,RENTAL_ACCRUAL,10,60,2026-07-17T01:10:00+08:00
012f2e81-1111-4580-976e-26db64ac8f26,M-1382,SESS-20260716-6706-0366,RENTAL_REDEMPTION,-100,275,2026-07-16T17:05:00+08:00
bc14856b-a272-49ef-bb0e-4fce8230f029,M-1382,SESS-20260716-6706-0366,RENTAL_ACCRUAL,11,286,2026-07-16T19:05:00+08:00
09bb5503-0db8-4adb-bb9f-dab5c3b74be5,M-1212,SESS-20260716-9839-0367,RENTAL_REDEMPTION,-100,78,2026-07-16T18:25:00+08:00
f3404d55-e0ff-4ca2-90dc-5099a78c4013,M-1212,SESS-20260716-9839-0367,RENTAL_ACCRUAL,5,83,2026-07-16T20:25:00+08:00
818de0e9-f2bb-4bb4-b6dc-cdc2aaee9d0d,M-1405,SESS-20260716-6442-0368,RENTAL_ACCRUAL,27,316,2026-07-17T00:30:00+08:00
3ddb7cee-3692-4c4a-b8fe-ac1b2ad7fc4b,M-1298,SESS-20260716-4459-0369,RENTAL_ACCRUAL,27,418,2026-07-17T01:00:00+08:00
eb81b891-c5a8-44f7-a6c8-eaa47c1b24b4,M-1702,SESS-20260716-1692-0370,RENTAL_REDEMPTION,-100,41,2026-07-16T19:00:00+08:00
5dbf8c2e-9330-46fc-a0ba-86a97d387f3c,M-1702,SESS-20260716-1692-0370,RENTAL_ACCRUAL,7,48,2026-07-16T20:00:00+08:00
0cea1a4c-6eeb-4b60-bb30-ec49f1e78491,M-1479,SESS-20260716-4458-0371,RENTAL_ACCRUAL,19,2567,2026-07-16T17:45:00+08:00
355f27a1-9fcf-4a3a-8047-b959d8eb6143,M-1091,SESS-20260716-3556-0372,RENTAL_ACCRUAL,8,91,2026-07-16T20:20:00+08:00
ba2cae53-3eb2-4a29-bc24-3c55492bc8dd,M-1330,SESS-20260716-2165-0373,RENTAL_ACCRUAL,48,3401,2026-07-16T22:15:00+08:00
59d0ca09-7d3c-4079-bc22-7b1c47950c2c,M-1730,SESS-20260716-4055-0374,RENTAL_ACCRUAL,10,140,2026-07-16T20:45:00+08:00
025513de-a9ce-43a1-b672-3a1e5ee59761,M-1072,SESS-20260716-3211-0375,RENTAL_REDEMPTION,-100,52,2026-07-16T20:15:00+08:00
555fe9f9-0a18-469d-a080-90181baef46c,M-1072,SESS-20260716-3211-0375,RENTAL_ACCRUAL,20,72,2026-07-16T22:15:00+08:00
1f7eb165-9483-4302-bd96-8afbc4b93a4b,M-1384,SESS-20260716-9831-0376,RENTAL_ACCRUAL,12,1425,2026-07-16T18:00:00+08:00
36aa0caf-5caf-4d90-b537-35bf93488234,M-1791,SESS-20260716-2846-0377,RENTAL_REDEMPTION,-100,76,2026-07-16T23:45:00+08:00
71b9a66f-7dca-409b-9aac-3f067d3985e5,M-1791,SESS-20260716-2846-0377,RENTAL_ACCRUAL,34,110,2026-07-17T02:45:00+08:00
0a6ba428-ae52-4b56-a47a-011eda44a9eb,M-1514,SESS-20260716-3474-0378,RENTAL_ACCRUAL,27,426,2026-07-16T22:45:00+08:00
01d1b40b-b464-46a7-ad26-78537ea40f7d,M-1071,SESS-20260716-2216-0379,RENTAL_ACCRUAL,18,167,2026-07-16T16:30:00+08:00
f7869c36-3b97-4a26-a194-61cdba42dc2b,M-1342,SESS-20260716-7725-0380,RENTAL_ACCRUAL,16,183,2026-07-16T21:10:00+08:00
ebab75de-8f2e-438b-8b2c-080619373fb7,M-1581,SESS-20260716-3397-0381,RENTAL_REDEMPTION,-100,52,2026-07-16T22:10:00+08:00
1194c39a-2fbf-43dc-84a2-e40c3a7596bc,M-1581,SESS-20260716-3397-0381,RENTAL_ACCRUAL,5,57,2026-07-17T00:10:00+08:00
2950d8b4-9294-4cdc-9427-6698bfd094d7,M-2085,SESS-20260716-6859-0382,RENTAL_ACCRUAL,12,171,2026-07-16T23:00:00+08:00
7f021832-8bf2-41f3-b0e5-39e9fa4ef9b9,M-1577,SESS-20260716-3637-0383,RENTAL_ACCRUAL,28,97,2026-07-16T23:50:00+08:00
806e40cd-666e-42b2-b843-4355e74f8625,M-1427,SESS-20260716-7920-0384,RENTAL_ACCRUAL,10,211,2026-07-16T23:00:00+08:00
a249bdfd-44f1-40f6-837b-fec7647dfd4d,M-1660,SESS-20260716-5964-0385,RENTAL_ACCRUAL,24,102,2026-07-17T02:55:00+08:00
081cb3dd-7fb6-4f9d-ac57-afe467c2d180,M-2163,SESS-20260716-3690-0386,RENTAL_ACCRUAL,40,118,2026-07-17T05:10:00+08:00
787ef740-9206-4c18-ae7e-995855b39951,M-1308,SESS-20260716-2000-0387,RENTAL_ACCRUAL,18,271,2026-07-17T00:25:00+08:00
e5919d11-a26b-4208-8a1b-f2c26d548ca2,M-1184,SESS-20260716-7524-0388,RENTAL_ACCRUAL,28,729,2026-07-16T23:25:00+08:00
fde4ef76-93cc-4aad-9cb8-0729137cd9e4,M-1063,SESS-20260716-8931-0389,RENTAL_ACCRUAL,45,276,2026-07-17T03:55:00+08:00
f76aaac7-b6f8-4df3-905f-bb2235160ae0,M-1913,SESS-20260716-8372-0390,RENTAL_ACCRUAL,5,99,2026-07-16T22:30:00+08:00
d3c64b26-fc22-465a-95a2-6c039bc07b83,M-1243,SESS-20260716-3840-0391,RENTAL_ACCRUAL,25,122,2026-07-17T01:35:00+08:00
90e81c86-a898-434d-92db-062c20b3f51e,M-1531,SESS-20260716-3886-0392,RENTAL_ACCRUAL,25,260,2026-07-17T03:10:00+08:00
16449033-4560-4ba6-a121-58d0734531c3,M-1475,SESS-20260716-6399-0393,RENTAL_ACCRUAL,72,319,2026-07-17T03:30:00+08:00
4cb9e3e0-fa98-479e-8c93-f918b8b2b10a,M-1796,SESS-20260716-3837-0394,RENTAL_ACCRUAL,12,160,2026-07-16T23:45:00+08:00
3ab65197-8d14-4d80-9681-356d2500f356,M-2062,SESS-20260716-2222-0395,RENTAL_ACCRUAL,25,73,2026-07-17T02:15:00+08:00
31d05950-2a46-4644-b80b-99f9e54d101e,M-1713,SESS-20260716-5849-0396,RENTAL_ACCRUAL,9,415,2026-07-17T00:30:00+08:00
1ecb3875-23c8-4bf6-a129-e4740b4809df,M-1134,SESS-20260716-8637-0397,RENTAL_ACCRUAL,16,266,2026-07-16T14:00:00+08:00
5e9a34ef-363a-4b7c-a9f4-a284c8021065,M-1500,SESS-20260716-6616-0398,RENTAL_REDEMPTION,-100,343,2026-07-16T22:15:00+08:00
9aa38ab7-811d-45c0-87b5-03aaf5f6fb70,M-1500,SESS-20260716-6616-0398,RENTAL_ACCRUAL,10,353,2026-07-17T01:15:00+08:00
ee0e88c9-a805-4ab4-ba9e-63f5347c7c24,M-1266,SESS-20260716-7618-0399,RENTAL_REDEMPTION,-100,258,2026-07-16T22:45:00+08:00
64c3289f-ebe9-4bd6-bd48-fda1e635d1d7,M-1266,SESS-20260716-7618-0399,RENTAL_ACCRUAL,5,263,2026-07-17T00:45:00+08:00
c69591c4-7230-41d0-af37-db31ca7c605b,M-1959,SESS-20260716-4101-0400,RENTAL_ACCRUAL,15,209,2026-07-17T00:15:00+08:00
d16b4a26-09f8-4521-896b-c362dcd819d1,M-1158,SESS-20260716-3160-0401,RENTAL_ACCRUAL,15,270,2026-07-17T02:55:00+08:00
e4fcd3e3-4638-4b6c-a789-a86bbf2d67c3,M-1782,SESS-20260716-5363-0402,RENTAL_ACCRUAL,43,745,2026-07-17T01:50:00+08:00
f9c345eb-29d2-4527-8336-9314db435ccc,M-1527,SESS-20260716-9992-0403,RENTAL_ACCRUAL,11,472,2026-07-17T00:55:00+08:00
da5df3df-f90c-440f-ac8d-1334a0681378,M-1771,SESS-20260716-6325-0404,RENTAL_ACCRUAL,5,95,2026-07-16T22:05:00+08:00
fae41abf-60b6-4cba-a4da-3632e893065e,M-1578,SESS-20260716-9765-0405,RENTAL_ACCRUAL,27,98,2026-07-16T17:00:00+08:00
1a51b3f0-d3d4-496d-ac0d-b89e1a406057,M-1694,SESS-20260716-6456-0406,RENTAL_ACCRUAL,5,30,2026-07-17T00:25:00+08:00
4c711fc4-1381-4af4-9a00-a4a24260a5f8,M-1311,SESS-20260716-9928-0407,RENTAL_ACCRUAL,16,160,2026-07-16T23:05:00+08:00
509cf223-b5d2-4592-bb1c-b557789ea491,M-1763,SESS-20260716-9576-0408,RENTAL_ACCRUAL,40,212,2026-07-16T22:40:00+08:00
65652a33-b818-435b-80ca-3d55c049684a,M-1708,SESS-20260716-4630-0409,RENTAL_ACCRUAL,9,485,2026-07-16T17:35:00+08:00
93b723a8-0ec2-4ca7-bceb-0f0f1a78e032,M-1341,SESS-20260716-5296-0410,RENTAL_ACCRUAL,16,155,2026-07-16T21:00:00+08:00
7e4cfb9a-37f4-4b19-8642-c42bf003e2dc,M-1422,SESS-20260716-6289-0411,RENTAL_ACCRUAL,5,40,2026-07-16T18:30:00+08:00
b734aee6-c752-4a91-925e-8d70e90550e6,M-1272,SESS-20260716-7000-0412,RENTAL_ACCRUAL,43,1385,2026-07-17T02:55:00+08:00
2f88fdf0-4dbb-43c1-8229-33723a43e1d4,M-1365,SESS-20260716-7069-0413,RENTAL_ACCRUAL,16,114,2026-07-16T23:45:00+08:00
44729b54-ddbf-4436-8a16-d64c4232d68e,M-1736,SESS-20260716-6784-0414,RENTAL_REDEMPTION,-100,105,2026-07-16T22:15:00+08:00
c8803e2f-19f7-410a-97bb-6bec92604d7b,M-1736,SESS-20260716-6784-0414,RENTAL_ACCRUAL,10,115,2026-07-17T01:15:00+08:00
6321f940-935a-4953-b87f-a121ac78ad0f,M-1116,SESS-20260716-6539-0415,RENTAL_ACCRUAL,5,84,2026-07-16T20:55:00+08:00
d84500ae-f0de-4973-b3e2-628f003bc658,M-1181,SESS-20260716-1774-0416,RENTAL_ACCRUAL,5,324,2026-07-17T00:10:00+08:00
202ea09f-dbb5-4085-902d-45f2d0d6be97,M-1385,SESS-20260716-1767-0417,RENTAL_ACCRUAL,24,121,2026-07-16T21:20:00+08:00
d6dbd2a9-1a46-4e8f-a0b5-20907e81a09e,M-2148,SESS-20260716-2299-0418,RENTAL_ACCRUAL,15,15,2026-07-17T00:45:00+08:00
9f761eee-67d8-43b2-a9a2-fa18d6525da4,M-2088,SESS-20260716-4894-0419,RENTAL_ACCRUAL,24,77,2026-07-16T21:45:00+08:00
d4675f58-4ef4-46be-b0f9-171d7af94987,M-1831,SESS-20260716-2954-0420,RENTAL_ACCRUAL,10,87,2026-07-16T21:00:00+08:00
b758699c-58df-414b-ad71-b92a9e32a83d,M-1819,SESS-20260716-8180-0421,RENTAL_REDEMPTION,-100,46,2026-07-16T20:30:00+08:00
228f4b7e-5763-49db-9f33-6767cbaadd79,M-1819,SESS-20260716-8180-0421,RENTAL_ACCRUAL,2,48,2026-07-16T21:30:00+08:00
8b5016ec-6da9-439f-923b-01a0694b1c45,M-1099,SESS-20260716-7392-0422,RENTAL_ACCRUAL,27,185,2026-07-16T21:30:00+08:00
3598a555-7845-49a1-b56b-d232dd91386b,M-1057,SESS-20260716-9437-0423,RENTAL_ACCRUAL,18,105,2026-07-16T18:10:00+08:00
d7867c97-3d15-4733-826b-1bdf4e057139,M-1766,SESS-20260716-1775-0424,RENTAL_ACCRUAL,45,574,2026-07-17T03:30:00+08:00
b04cc0ed-7213-47ff-bce0-0c4d2445ec69,M-1351,SESS-20260716-5494-0425,RENTAL_ACCRUAL,15,232,2026-07-17T01:15:00+08:00
79d255d6-df98-4bb7-8e60-79c49686e376,M-1610,SESS-20260716-6203-0426,RENTAL_ACCRUAL,27,284,2026-07-16T20:15:00+08:00
e4bf6657-d5ff-4bab-aa60-2a03a920fb46,M-1304,SESS-20260716-8642-0427,RENTAL_REDEMPTION,-100,119,2026-07-16T19:45:00+08:00
0eda0947-6570-4a6b-8b5d-f2e125310b99,M-1304,SESS-20260716-8642-0427,RENTAL_ACCRUAL,34,153,2026-07-16T22:45:00+08:00
3bd4e679-95fe-4390-9151-49e05e739271,M-1716,SESS-20260716-3718-0428,RENTAL_ACCRUAL,5,130,2026-07-16T22:15:00+08:00
60e620f8-e278-4d80-91b8-98bebc52fb9b,M-1811,SESS-20260716-5041-0429,RENTAL_ACCRUAL,10,131,2026-07-17T00:05:00+08:00
746cf251-862b-470d-93c1-8ba31d9ba289,M-1403,SESS-20260716-3591-0430,RENTAL_ACCRUAL,72,2285,2026-07-17T03:55:00+08:00
6586504c-9747-49e4-9633-89bc4011f50a,M-1666,SESS-20260716-4814-0431,RENTAL_ACCRUAL,28,195,2026-07-17T02:15:00+08:00
d764fed0-4d9c-4d35-a3f0-de8d4e3b1fc7,M-1588,SESS-20260716-9689-0432,RENTAL_ACCRUAL,28,1407,2026-07-17T00:00:00+08:00
8521894e-3b33-498b-9feb-4d9dffbfafc3,M-1032,SESS-20260716-5735-0433,RENTAL_REDEMPTION,-100,43,2026-07-16T15:30:00+08:00
91b5c1a0-02d0-4e06-a4a1-c263041dd625,M-1682,SESS-20260716-1972-0434,RENTAL_ACCRUAL,28,258,2026-07-16T22:00:00+08:00
f65d5885-629f-4c2a-b46c-e77ebe204683,M-1237,SESS-20260716-7117-0435,RENTAL_ACCRUAL,45,296,2026-07-17T04:20:00+08:00
e60ba897-f8df-4c8a-a196-521acfe0452e,M-1742,SESS-20260716-5398-0436,RENTAL_ACCRUAL,36,307,2026-07-17T01:25:00+08:00
18faaac5-c74d-45d1-9e92-53e9d36dfa66,M-1742,TIER_UPGRADE_Standard_TO_Silver,TIER_BONUS,50,357,2026-07-17T01:25:00+08:00
9547020b-2706-49b0-bf8b-9fdba3b7fd99,M-1189,SESS-20260716-7006-0437,RENTAL_ACCRUAL,27,76,2026-07-16T21:00:00+08:00
eebb3863-ac8a-4874-b844-e8af253a0fbb,M-1485,SESS-20260716-5773-0438,RENTAL_REDEMPTION,-100,290,2026-07-16T22:30:00+08:00
2a7b1ebd-a514-4311-a798-19f17fef3991,M-1485,SESS-20260716-5773-0438,RENTAL_ACCRUAL,21,311,2026-07-17T03:30:00+08:00
2e006154-239c-45b0-bf12-975e023d94b7,M-2002,SESS-20260716-7640-0439,RENTAL_REDEMPTION,-100,115,2026-07-16T17:40:00+08:00
b2eb06ff-17ae-434b-a036-5dbe9a515edc,M-2002,SESS-20260716-7640-0439,RENTAL_ACCRUAL,19,134,2026-07-16T20:40:00+08:00
722f6f0a-3788-4b2b-9395-f81857e01de9,M-1448,SESS-20260716-6415-0440,RENTAL_ACCRUAL,13,128,2026-07-16T23:45:00+08:00
71ad8f04-d0d4-4ab6-acde-cbed4f7ec74a,M-1214,SESS-20260716-6073-0441,RENTAL_ACCRUAL,8,130,2026-07-16T22:40:00+08:00
2161beb5-aac3-4940-bca1-8a5e7607f745,M-1944,SESS-20260716-5024-0442,RENTAL_ACCRUAL,11,196,2026-07-17T00:45:00+08:00
7beb85c6-8a35-4dc5-ac52-1ecd499717aa,M-1504,SESS-20260716-9683-0443,RENTAL_ACCRUAL,5,130,2026-07-16T17:30:00+08:00
af2e57c8-9883-4b0f-82f9-a713cd5e4062,M-1702,SESS-20260716-7533-0444,RENTAL_ACCRUAL,9,57,2026-07-16T21:45:00+08:00
d65e8745-283f-4478-9d25-34814753d405,M-1062,SESS-20260716-6222-0445,RENTAL_ACCRUAL,16,160,2026-07-16T23:55:00+08:00
647677ee-201e-4c8a-b876-e16dd34b3c03,M-1487,SESS-20260716-3975-0446,RENTAL_REDEMPTION,-800,457,2026-07-16T23:55:00+08:00
1507b64e-34c1-45b8-97e4-52b3b76f45df,M-1487,SESS-20260716-3975-0446,RENTAL_ACCRUAL,12,469,2026-07-17T04:55:00+08:00
e92c5ec6-b9f8-4b95-bcf9-ff8aba30b7f7,M-1333,SESS-20260716-4314-0447,RENTAL_REDEMPTION,-100,10,2026-07-16T21:15:00+08:00
b1ef0789-f43f-44e0-9c19-62c7fc1a1c12,M-1333,SESS-20260716-4314-0447,RENTAL_ACCRUAL,38,48,2026-07-17T02:15:00+08:00
08804785-bb28-4763-ab34-2ad0155ab601,M-2023,SESS-20260716-3411-0448,RENTAL_REDEMPTION,-100,56,2026-07-16T23:15:00+08:00
340e54cc-93df-4753-a42a-5c0cb44b7d00,M-2023,SESS-20260716-3411-0448,RENTAL_ACCRUAL,31,87,2026-07-17T02:15:00+08:00
4c7f8f49-5bfd-4432-9915-c67a9fe36d1e,M-1583,SESS-20260716-2901-0449,RENTAL_ACCRUAL,16,146,2026-07-17T01:10:00+08:00
dc8a2198-2cc8-41b0-a507-ef477fd13c61,M-1124,SESS-20260716-9314-0450,RENTAL_ACCRUAL,24,100,2026-07-16T21:30:00+08:00
8d8876db-d19c-4953-85e6-6becc14995c5,M-1828,SESS-20260716-1018-0451,RENTAL_ACCRUAL,15,114,2026-07-16T20:40:00+08:00
cb3c9366-1e09-400e-b117-67af145de6d3,M-1661,SESS-20260716-9625-0452,RENTAL_ACCRUAL,12,2967,2026-07-16T20:15:00+08:00
d90a5f36-7709-4d62-ae75-1271389349bf,M-1936,SESS-20260716-9392-0453,RENTAL_ACCRUAL,5,95,2026-07-17T00:55:00+08:00
37a928c5-4032-4321-823e-4b17fe1506b3,M-1070,SESS-20260716-1330-0454,RENTAL_ACCRUAL,18,213,2026-07-17T00:00:00+08:00
d71f897c-8ddc-42af-8d52-f5f91d9256ad,M-1265,SESS-20260716-3582-0455,RENTAL_ACCRUAL,28,180,2026-07-17T04:15:00+08:00
23f27f12-37be-438a-a3f2-c7d5c37e79d9,M-1252,SESS-20260716-3787-0456,RENTAL_REDEMPTION,-500,49,2026-07-16T21:55:00+08:00
8caf17a8-209b-4fba-9658-cc271e370a33,M-1252,SESS-20260716-3787-0456,RENTAL_ACCRUAL,36,85,2026-07-17T02:55:00+08:00
26bc0566-a401-4117-bd14-e356c1844bdb,M-1202,SESS-20260716-7540-0457,RENTAL_ACCRUAL,72,1653,2026-07-17T02:40:00+08:00
861988b0-a1ff-45db-9b21-dcd383f0bc0e,M-1677,SESS-20260716-2011-0458,RENTAL_ACCRUAL,11,62,2026-07-16T22:20:00+08:00
633485ce-c1c2-4c0b-a78b-23ffcc30dc78,M-1595,SESS-20260716-7667-0459,RENTAL_ACCRUAL,13,281,2026-07-16T23:00:00+08:00
e264d2ee-406e-4585-a0df-097e6fd0545f,M-2025,SESS-20260716-2775-0460,RENTAL_ACCRUAL,10,54,2026-07-16T23:30:00+08:00
e659ea6e-b8e6-4d53-ad70-55881beba46a,M-1056,SESS-20260716-8757-0461,RENTAL_ACCRUAL,72,245,2026-07-17T01:45:00+08:00
2a325b10-cf6c-4fee-b1c3-deebd9ffb000,M-1653,SESS-20260716-1640-0462,RENTAL_REDEMPTION,-200,6,2026-07-16T22:30:00+08:00
34a84c0e-1d12-4989-8773-621a3eb5db57,M-1653,SESS-20260716-1640-0462,RENTAL_ACCRUAL,5,11,2026-07-17T01:30:00+08:00
4b6b7373-6e79-4d8a-9d06-49a2f01f983e,M-1813,SESS-20260716-7138-0463,RENTAL_ACCRUAL,11,844,2026-07-16T23:20:00+08:00
7d41ca24-717b-4902-9bf1-b190738da71c,M-1689,SESS-20260716-9847-0464,RENTAL_REDEMPTION,-200,53,2026-07-16T22:55:00+08:00
69c7702d-4a09-4f22-b00c-c007feed3427,M-1689,SESS-20260716-9847-0464,RENTAL_ACCRUAL,5,58,2026-07-17T00:55:00+08:00
be2b4a48-82b2-491d-bd7e-5b0d9db27412,M-1138,SESS-20260716-5500-0465,RENTAL_ACCRUAL,5,476,2026-07-17T00:40:00+08:00
2ac8f30d-1e53-4fcc-a0c0-1cabacf615c0,M-1511,SESS-20260716-2684-0466,RENTAL_ACCRUAL,6,214,2026-07-16T23:05:00+08:00
cb719d0e-46a3-404d-b5bc-3522f561b7d9,M-1930,SESS-20260716-1313-0467,RENTAL_ACCRUAL,36,218,2026-07-17T02:10:00+08:00
1b10bcbb-13a0-403a-9548-d66647eb7a53,M-1592,SESS-20260716-3528-0468,RENTAL_ACCRUAL,5,72,2026-07-17T00:20:00+08:00
abe94040-18c3-4736-828b-65483eebc0c3,M-1477,SESS-20260716-2747-0469,RENTAL_ACCRUAL,24,284,2026-07-16T21:25:00+08:00
0e61c936-73b5-4db7-b32a-872a054417f0,M-1477,TIER_UPGRADE_Standard_TO_Silver,TIER_BONUS,50,334,2026-07-16T21:25:00+08:00
237db008-8e3a-42a9-b70a-e537914a6690,M-1615,SESS-20260716-8727-0470,RENTAL_ACCRUAL,40,341,2026-07-17T00:40:00+08:00
c730e20d-b386-49bd-abe4-da3fc13b65d4,M-1834,SESS-20260716-4306-0471,RENTAL_ACCRUAL,28,432,2026-07-17T01:10:00+08:00
142ed9db-d812-4830-8b8a-4b3867a65e28,M-1380,SESS-20260716-2179-0472,RENTAL_ACCRUAL,16,183,2026-07-17T02:30:00+08:00
6c4ddbdd-4ee6-48db-99e8-bd18f15778b9,M-1337,SESS-20260716-7593-0473,RENTAL_ACCRUAL,27,572,2026-07-17T00:30:00+08:00
bb777e1d-cbf1-46ff-9ed5-dd7043c88299,M-1026,SESS-20260716-5198-0474,RENTAL_ACCRUAL,6,1456,2026-07-16T22:05:00+08:00
242170f3-e3cb-4928-9ee5-c37f3385a19a,M-1815,SESS-20260716-8157-0475,RENTAL_REDEMPTION,-100,15,2026-07-16T22:10:00+08:00
2e2e9452-3b48-438a-9986-1d23fc6bf6a6,M-1276,SESS-20260716-5100-0476,RENTAL_ACCRUAL,5,544,2026-07-16T21:50:00+08:00
583cdf79-8047-4f76-aa46-d0875d1236c5,M-1790,SESS-20260716-9281-0477,RENTAL_REDEMPTION,-100,290,2026-07-16T22:05:00+08:00
b2f4eee0-7796-44e4-aad9-fd8ece164a7d,M-1790,SESS-20260716-9281-0477,RENTAL_ACCRUAL,5,295,2026-07-17T00:05:00+08:00
525a028d-407b-467a-a1e9-698dec576e43,M-1517,SESS-20260716-3361-0478,RENTAL_REDEMPTION,-100,11,2026-07-16T08:45:00+08:00
3654f8e2-94f6-4321-a870-bcbcbd202d91,M-1517,SESS-20260716-3361-0478,RENTAL_ACCRUAL,5,16,2026-07-16T10:45:00+08:00
911fc5dc-515c-481c-83c6-c6c89250445f,M-1005,SESS-20260716-9402-0479,RENTAL_ACCRUAL,10,46,2026-07-17T01:15:00+08:00
9dfd4c9a-966c-411c-9db7-8a787c530ba6,M-1807,SESS-20260716-4797-0480,RENTAL_ACCRUAL,5,170,2026-07-16T20:00:00+08:00
84ab4882-bf3e-43dd-bbad-3a48f8db2cc2,M-1691,SESS-20260716-8264-0481,RENTAL_ACCRUAL,5,247,2026-07-17T00:55:00+08:00
7e84d927-7837-4328-afff-7cc819fda707,M-1422,SESS-20260716-6332-0482,RENTAL_ACCRUAL,16,56,2026-07-16T23:15:00+08:00
20340a32-7c28-4b74-9b59-859290ac114b,M-1493,SESS-20260716-1270-0483,RENTAL_REDEMPTION,-300,11,2026-07-16T18:25:00+08:00
2432732f-2580-4a4f-948d-5e23082745da,M-1493,SESS-20260716-1270-0483,RENTAL_ACCRUAL,26,37,2026-07-16T23:25:00+08:00
afd9d7e8-d83a-4274-9a01-92b8b61a9bd2,M-1229,SESS-20260716-8872-0484,RENTAL_REDEMPTION,-100,164,2026-07-16T21:00:00+08:00
81c56b4d-f3ed-49c1-97dd-389e5bef9753,M-1229,SESS-20260716-8872-0484,RENTAL_ACCRUAL,2,166,2026-07-16T22:00:00+08:00
18f579b9-b358-4856-b94b-bbb9a4f318fd,M-1264,SESS-20260716-7005-0485,RENTAL_ACCRUAL,45,494,2026-07-17T04:30:00+08:00
692422ac-0c1e-409d-85d1-510281ae6271,M-2146,SESS-20260716-3326-0486,RENTAL_ACCRUAL,24,203,2026-07-17T01:15:00+08:00
8574cf1e-5608-4b97-a449-117d24546b7c,M-2035,SESS-20260716-5794-0487,RENTAL_ACCRUAL,5,114,2026-07-17T00:20:00+08:00
360891f3-8051-4706-9610-e912a6fa40d4,M-1810,ORD-20260716-4974-0001,CONCESSION_ACCRUAL,10,160,2026-07-16T23:37:15+08:00
6c3960d7-0440-4f55-9742-99bb11b202ea,M-1687,ORD-20260717-7049-0002,CONCESSION_ACCRUAL,17,386,2026-07-17T00:56:31+08:00
0854e664-b19a-42d9-9e52-71e92c62b5f2,M-1796,ORD-20260716-5682-0003,CONCESSION_ACCRUAL,13,173,2026-07-16T23:06:19+08:00
c0ba8903-2be0-4c8d-afe9-137f18063f3e,M-1689,ORD-20260716-2937-0004,CONCESSION_ACCRUAL,7,65,2026-07-16T23:57:34+08:00
7d9ec465-1bd3-4f0b-9c7e-1bf37aa8eb25,M-1631,ORD-20260717-8437-0005,CONCESSION_ACCRUAL,11,182,2026-07-17T00:13:16+08:00
3614c991-be60-4b94-b01c-28a84cdbc458,M-1444,ORD-20260716-7090-0006,CONCESSION_ACCRUAL,27,3417,2026-07-16T20:27:39+08:00
53a01d5b-fde9-4bd1-b036-4558b9f9ec21,M-1412,ORD-20260716-9918-0007,CONCESSION_ACCRUAL,23,247,2026-07-16T18:31:14+08:00
c852228f-266a-4c1e-8039-cd73691782c4,M-1805,ORD-20260716-2613-0008,CONCESSION_ACCRUAL,18,293,2026-07-16T16:12:32+08:00
6d7347c0-de2c-43a2-b6ac-eaf67709a3f6,M-2163,ORD-20260716-8656-0009,CONCESSION_ACCRUAL,19,137,2026-07-16T18:13:21+08:00
99e2a7af-8c6c-43ae-84bf-c3a3832c6d58,M-1465,ORD-20260717-3264-0010,CONCESSION_ACCRUAL,12,686,2026-07-17T01:04:04+08:00
b9002fc6-1561-4c7a-b064-714ef3059419,M-1604,ORD-20260716-3292-0011,CONCESSION_ACCRUAL,10,201,2026-07-16T18:05:07+08:00
b786c649-47b0-441c-87be-5749673d47b6,M-1831,ORD-20260716-4415-0012,CONCESSION_ACCRUAL,6,93,2026-07-16T19:02:20+08:00
ffce2c16-257a-4b98-97a4-a2d6397dd78a,M-1385,ORD-20260716-6930-0013,CONCESSION_ACCRUAL,6,127,2026-07-16T19:22:54+08:00
41fe323e-4f78-4cc6-8bd2-0a91a2f5cabf,M-1078,ORD-20260716-3453-0014,CONCESSION_ACCRUAL,7,1012,2026-07-16T22:44:19+08:00
3bc82f45-5f0e-4f66-b1aa-ebb2f0b6814a,M-1267,ORD-20260716-2350-0015,CONCESSION_ACCRUAL,30,293,2026-07-16T11:50:05+08:00
7d5b0e34-547d-40d1-9305-c6c7bf4cd494,M-1792,ORD-20260716-9888-0016,CONCESSION_ACCRUAL,18,2435,2026-07-16T23:35:20+08:00
b3cdbdd7-295a-4d23-ac37-233e42ff8269,M-1559,ORD-20260716-1188-0017,CONCESSION_ACCRUAL,14,127,2026-07-16T10:08:43+08:00
0e3568fe-3b4d-48b3-b4ea-62788eabd5f0,M-1468,ORD-20260716-9475-0018,CONCESSION_ACCRUAL,24,265,2026-07-16T23:04:47+08:00
ddf7d46c-2312-4b9f-aa67-cf9ae0f2baf9,M-1537,ORD-20260716-8124-0019,CONCESSION_ACCRUAL,21,250,2026-07-16T20:14:04+08:00
140356d1-5c1e-43b3-8420-1d0840ccddcf,M-1537,TIER_UPGRADE_Standard_TO_Silver,TIER_BONUS,50,300,2026-07-16T20:14:04+08:00
45e6f9a3-c414-4afa-a6e7-6f143a594f14,M-1661,ORD-20260716-3056-0020,CONCESSION_ACCRUAL,9,2976,2026-07-16T18:16:34+08:00
d8bc51d4-96e3-4083-9fce-4d985c69e095,M-1801,ORD-20260717-4464-0021,CONCESSION_ACCRUAL,13,264,2026-07-17T00:19:40+08:00
5ab1283f-cf67-4caa-9655-12897f95556b,M-1500,ORD-20260716-1336-0022,CONCESSION_ACCRUAL,33,386,2026-07-16T23:06:15+08:00
a57e87e4-789c-4e9e-98f4-0714e91503a4,M-1308,ORD-20260716-7572-0023,CONCESSION_ACCRUAL,8,279,2026-07-16T14:35:19+08:00
432c8526-584b-4f02-bba1-3c55e6a6f437,M-1708,ORD-20260716-8224-0024,CONCESSION_ACCRUAL,33,518,2026-07-16T15:01:45+08:00
0f22355c-2062-49fa-bea5-37e879974bc3,M-2002,ORD-20260716-9599-0025,CONCESSION_ACCRUAL,6,140,2026-07-16T11:32:08+08:00
d0ef461b-a303-4f9d-97ca-151a3aec6968,M-1249,ORD-20260716-9073-0026,CONCESSION_ACCRUAL,8,114,2026-07-16T11:16:11+08:00
3ed40327-61dc-4e87-a612-fd3570b48f29,M-1050,ORD-20260716-7794-0027,CONCESSION_ACCRUAL,8,321,2026-07-16T17:48:22+08:00
deff6046-1f40-4ffa-92c0-2b5de044c915,M-1012,ORD-20260716-4642-0028,CONCESSION_ACCRUAL,6,176,2026-07-16T16:36:11+08:00
77e14970-5668-458a-a524-0c42d36f88c3,M-1279,ORD-20260717-6016-0029,CONCESSION_ACCRUAL,40,148,2026-07-17T03:09:07+08:00
ab6ef59f-c137-431c-a16f-b7fb6b83cc61,M-1380,ORD-20260716-6416-0030,CONCESSION_ACCRUAL,9,192,2026-07-16T23:46:08+08:00
ef168e61-992a-48c6-8043-116f41505a91,M-1542,ORD-20260717-3968-0031,CONCESSION_ACCRUAL,30,280,2026-07-17T00:07:23+08:00
4347ea06-cd2f-4cfe-8385-9ee036962bda,M-1912,ORD-20260717-6617-0032,CONCESSION_ACCRUAL,12,80,2026-07-17T01:40:01+08:00
2f109453-7c45-493c-a1d5-ac1faefbf2ac,M-2004,ORD-20260716-2206-0033,CONCESSION_ACCRUAL,38,124,2026-07-16T17:00:33+08:00
793ad184-fe06-42b1-ae89-de97817c9425,M-1706,ORD-20260716-9493-0034,CONCESSION_ACCRUAL,30,636,2026-07-16T17:52:45+08:00
331a7de9-a319-4c54-9dd6-8f5093adadf5,M-1706,TIER_UPGRADE_Silver_TO_Gold,TIER_BONUS,100,736,2026-07-16T17:52:45+08:00
7871a059-8402-4510-8905-75eace40f855,M-1650,ORD-20260716-9310-0035,CONCESSION_ACCRUAL,15,75,2026-07-16T14:52:58+08:00
43c6ce21-b448-4604-9738-52407dbf08f0,M-1499,ORD-20260716-3104-0036,CONCESSION_ACCRUAL,15,171,2026-07-16T23:05:14+08:00
e0870e96-dbe0-47cc-a891-a19f983fd592,M-1354,ORD-20260717-3170-0037,CONCESSION_ACCRUAL,10,332,2026-07-17T01:54:23+08:00
a396d030-bfbd-4ea2-b369-46410a6a0379,M-1709,ORD-20260716-8130-0038,CONCESSION_ACCRUAL,16,278,2026-07-16T16:54:53+08:00
98b06879-b1d6-42e2-8e55-852cdd6f0dc9,M-2148,ORD-20260716-8505-0039,CONCESSION_ACCRUAL,12,27,2026-07-16T23:32:32+08:00
3cfd7c47-610d-40cf-b8bb-a237adcd9ed6,M-1241,ORD-20260716-1552-0040,CONCESSION_ACCRUAL,32,192,2026-07-16T20:33:47+08:00
5347b17a-bed1-49c7-9133-2b7a7321dfdd,M-1698,ORD-20260716-5082-0041,CONCESSION_ACCRUAL,15,206,2026-07-16T22:09:47+08:00
0395e383-4f85-40b3-9254-b7466d1e3c1f,M-1583,ORD-20260716-4691-0042,CONCESSION_ACCRUAL,31,177,2026-07-16T17:54:25+08:00
a62361d8-c07c-4134-810f-c5b5bf1c60ea,M-1247,ORD-20260716-6495-0043,CONCESSION_ACCRUAL,51,2500,2026-07-16T23:57:28+08:00
115058f5-41d7-4960-92f8-e8f235dea1fd,M-1830,ORD-20260716-2304-0044,CONCESSION_ACCRUAL,15,294,2026-07-16T15:24:09+08:00
d75752fc-5231-46ed-9ff2-81c61ddfa744,M-1383,ORD-20260716-8500-0045,CONCESSION_ACCRUAL,26,190,2026-07-16T22:27:01+08:00
1f8330f0-f00c-4285-b9fe-2e2e8c348750,M-1024,ORD-20260716-8134-0046,CONCESSION_ACCRUAL,16,115,2026-07-16T20:44:25+08:00
9a9f7574-c0bb-4a15-8f3d-b0858fbe5216,M-1523,ORD-20260717-8540-0047,CONCESSION_ACCRUAL,18,339,2026-07-17T00:09:20+08:00
560eb921-4d3f-4532-8caf-e4dcf34ec7d9,M-1666,ORD-20260717-9581-0048,CONCESSION_ACCRUAL,11,206,2026-07-17T00:19:43+08:00
4ed8fefe-3ee4-4def-add1-2a9526fef19f,M-1583,ORD-20260717-8573-0049,CONCESSION_ACCRUAL,22,199,2026-07-17T00:18:45+08:00
974c11c7-37f3-46e7-bdeb-e8a82d02a484,M-1062,ORD-20260716-4247-0050,CONCESSION_ACCRUAL,18,178,2026-07-16T23:34:43+08:00
f0bd34c6-e6f9-40a5-bbeb-356e517b644e,M-1328,ORD-20260716-6233-0051,CONCESSION_ACCRUAL,27,158,2026-07-16T18:59:26+08:00
f590e03b-6ea9-431c-871b-a5d4fc0cb4f6,M-1662,ORD-20260716-3099-0052,CONCESSION_ACCRUAL,26,246,2026-07-16T21:31:40+08:00
1e2a355e-c86d-4e65-9181-5b6a5e6b31f1,M-1771,ORD-20260716-1946-0053,CONCESSION_ACCRUAL,16,111,2026-07-16T19:14:03+08:00
fc014249-d2d1-4f35-8b71-a206ba3cfd4f,M-1702,ORD-20260716-9312-0054,CONCESSION_ACCRUAL,22,79,2026-07-16T21:37:56+08:00
a5f1a38c-5229-43a1-8a75-07bbbc555285,M-1588,ORD-20260716-3669-0055,CONCESSION_ACCRUAL,18,1425,2026-07-16T16:16:29+08:00
2b578383-4a6a-45a0-b52f-ee3d51bb8478,M-2085,ORD-20260716-9119-0056,CONCESSION_ACCRUAL,12,183,2026-07-16T22:59:10+08:00
053144c2-6395-4c96-8840-b69e5497823c,M-1356,ORD-20260716-4801-0057,CONCESSION_ACCRUAL,4,741,2026-07-16T17:52:47+08:00
26704bc1-a310-405c-8122-629a31f61aa7,M-1822,ORD-20260717-7597-0058,CONCESSION_ACCRUAL,18,63,2026-07-17T00:55:54+08:00
5b63ee4c-2cf4-4f19-92ac-78226d503b9b,M-1486,ORD-20260716-9698-0059,CONCESSION_ACCRUAL,3,143,2026-07-16T22:15:02+08:00
b9689707-0287-4c0b-9f09-e95dca99814a,M-1682,ORD-20260716-8697-0060,CONCESSION_ACCRUAL,22,280,2026-07-16T20:32:49+08:00
9e024305-9220-4845-acb9-440fd8ff7607,M-1032,ORD-20260716-8168-0061,CONCESSION_ACCRUAL,9,52,2026-07-16T16:22:15+08:00
4c5d9daf-0f80-4c7d-9439-b33344f4d7a8,M-1032,TIER_UPGRADE_Standard_TO_Silver,TIER_BONUS,50,102,2026-07-16T16:22:15+08:00
889c77d9-f6cf-4888-a3e6-e6c675794c36,M-1586,ORD-20260716-4163-0062,CONCESSION_ACCRUAL,18,266,2026-07-16T22:19:44+08:00
8a1ad6f3-3123-4250-a006-60112c04ef40,M-1808,ORD-20260717-5766-0063,CONCESSION_ACCRUAL,13,1600,2026-07-17T02:46:10+08:00
7b31b67f-9be4-42d2-92ff-d57db3aca2d4,M-1811,ORD-20260716-4117-0064,CONCESSION_ACCRUAL,9,140,2026-07-16T23:12:09+08:00
04ba7633-fc75-4ede-9895-6902eb437be9,M-1072,ORD-20260716-5850-0065,CONCESSION_ACCRUAL,22,94,2026-07-16T14:05:03+08:00
e0cf72b7-3a5c-4861-91f3-6602cc6a4de9,M-1274,ORD-20260716-9295-0066,CONCESSION_ACCRUAL,15,414,2026-07-16T12:35:49+08:00
1a07d702-5a2d-475f-b8af-a956bc5fde4e,M-1264,ORD-20260716-1951-0067,CONCESSION_ACCRUAL,11,505,2026-07-16T14:20:03+08:00
4a05f3a0-06b9-47ea-b51d-7de1f88a358d,M-1334,ORD-20260716-9216-0068,CONCESSION_ACCRUAL,11,231,2026-07-16T20:35:04+08:00
b4b53666-c5a9-4546-a57d-92876bfaddf1,M-1546,ORD-20260716-4051-0069,CONCESSION_ACCRUAL,17,196,2026-07-16T17:39:14+08:00
6f59f5a5-7604-4521-832b-8779153df93f,M-1606,ORD-20260717-8053-0070,CONCESSION_ACCRUAL,15,430,2026-07-17T00:26:28+08:00
b8383ce3-431a-4100-a21f-2680a6f9d97a,M-2063,ORD-20260716-4038-0071,CONCESSION_ACCRUAL,15,194,2026-07-16T23:14:59+08:00
bbb9d19a-6558-40e3-b562-ac4fa97f9e68,M-2002,ORD-20260716-8087-0072,CONCESSION_ACCRUAL,7,147,2026-07-16T19:54:19+08:00
35578b3a-ecbb-474e-8bac-2c7f9c3ef9e2,M-1109,ORD-20260716-7009-0073,CONCESSION_ACCRUAL,15,145,2026-07-16T12:58:17+08:00
4cf365ca-1d3e-4490-bdbc-c06d5d5eab31,M-1936,ORD-20260716-1485-0074,CONCESSION_ACCRUAL,9,104,2026-07-16T21:09:32+08:00
0b49bfba-76a6-4eaa-9453-96d9077f6220,M-1590,ORD-20260716-5845-0075,CONCESSION_ACCRUAL,25,404,2026-07-16T08:19:20+08:00
99d88f03-4d2a-4440-8ea4-f20525113c66,M-1146,ORD-20260716-6762-0076,CONCESSION_ACCRUAL,30,2610,2026-07-16T15:44:00+08:00
c62a42e5-d80e-48e0-b8f4-1a5907e3bcf1,M-1626,ORD-20260716-3149-0077,CONCESSION_ACCRUAL,6,51,2026-07-16T15:17:31+08:00
0c810c59-05b0-4f35-8b83-a3a4d58a1c58,M-1946,ORD-20260716-6988-0078,CONCESSION_ACCRUAL,6,79,2026-07-16T12:55:14+08:00
d053ec47-856d-4ecb-9227-ff9d1229a2df,M-1331,ORD-20260716-3261-0079,CONCESSION_ACCRUAL,16,84,2026-07-16T14:58:15+08:00
f7ed6977-2f8e-4e00-b193-5b8922edee17,M-1600,ORD-20260716-4496-0080,CONCESSION_ACCRUAL,15,135,2026-07-16T14:07:43+08:00
b4f1b2ce-2efb-4bc6-a9b3-2254bf0720a9,M-1448,ORD-20260716-4422-0081,CONCESSION_ACCRUAL,15,143,2026-07-16T23:13:29+08:00
13bc5f42-c6cf-4727-8e74-b7a087aa1e32,M-1070,ORD-20260716-8422-0082,CONCESSION_ACCRUAL,9,222,2026-07-16T22:49:49+08:00
8e335186-1240-4aa5-9766-0e663f2bee5e,M-2071,ORD-20260716-6194-0083,CONCESSION_ACCRUAL,3,58,2026-07-16T11:17:07+08:00
9a9af6a1-d1a1-42a5-a3fb-deb090da08e4,M-1713,ORD-20260716-5993-0084,CONCESSION_ACCRUAL,35,450,2026-07-16T02:40:36+08:00
2b10b209-73e0-4fcb-9542-2c61ffc97ded,M-2163,ORD-20260717-9219-0085,CONCESSION_ACCRUAL,12,149,2026-07-17T03:31:04+08:00
e61ccd78-3440-4599-97c7-56eed20306ae,M-1117,ORD-20260716-2417-0086,CONCESSION_ACCRUAL,9,55,2026-07-16T22:38:27+08:00
5d9d12eb-101d-479c-8aef-d7f3cb8e7c7c,M-1429,ORD-20260716-4900-0087,CONCESSION_ACCRUAL,30,302,2026-07-16T23:49:28+08:00
9ef3b98f-d4a7-425b-a52a-5b3d85436f69,M-1330,ORD-20260716-7711-0088,CONCESSION_ACCRUAL,31,3432,2026-07-16T20:45:19+08:00
160dd49d-3451-4830-9030-2e692e0e2de4,M-1959,ORD-20260716-8934-0089,CONCESSION_ACCRUAL,18,227,2026-07-16T23:24:10+08:00
e98f32ca-01eb-43c4-ab80-2f1d0dacb8df,M-1993,ORD-20260716-5339-0090,CONCESSION_ACCRUAL,13,130,2026-07-16T22:53:22+08:00
2c255b5d-489c-4881-a546-9bc3f02c91f4,M-1252,ORD-20260717-6872-0091,CONCESSION_ACCRUAL,8,93,2026-07-17T01:16:37+08:00
9eeb95d5-f6c2-4f97-9d9e-67817b93c4a4,M-1708,ORD-20260716-1032-0092,CONCESSION_ACCRUAL,21,539,2026-07-16T16:41:44+08:00
f1e3a064-ec26-4776-a708-a04b6ea153c1,M-1487,ORD-20260717-7826-0093,CONCESSION_ACCRUAL,11,480,2026-07-17T03:13:26+08:00
fbc361f2-e8a5-4a23-add9-cad1db803444,M-1581,ORD-20260716-5685-0094,CONCESSION_ACCRUAL,11,68,2026-07-16T22:28:24+08:00
8aa8d165-057c-4309-89a2-1fc8f209cee0,M-1471,ORD-20260716-7956-0095,CONCESSION_ACCRUAL,6,99,2026-07-16T22:08:14+08:00
739ab467-d4df-4cb8-a161-9f1fd5222698,M-1181,ORD-20260716-3311-0096,CONCESSION_ACCRUAL,18,342,2026-07-16T23:18:07+08:00
100db4f2-ad04-43a2-8cf8-b62144207645,M-2035,ORD-20260716-1403-0097,CONCESSION_ACCRUAL,12,126,2026-07-16T23:58:16+08:00
8fa973c4-877d-4864-8690-5118f3df3af4,M-1272,ORD-20260717-1933-0098,CONCESSION_ACCRUAL,55,1440,2026-07-17T00:14:30+08:00
75d270e5-e482-4b0d-a5fd-2ccbad88aed4,M-1712,ORD-20260716-8037-0099,CONCESSION_ACCRUAL,16,242,2026-07-16T19:22:54+08:00
a6730ee9-2dd2-4f39-90f4-dfae733052bf,M-1561,ORD-20260716-8460-0100,CONCESSION_ACCRUAL,15,277,2026-07-16T14:55:56+08:00
a4791272-650d-4d88-9d39-3ace4315db32,M-1725,ORD-20260716-2465-0101,CONCESSION_ACCRUAL,38,325,2026-07-16T22:14:14+08:00
c86a4f77-32f1-4d0d-9978-33cca69a098f,M-1195,ORD-20260716-4865-0102,CONCESSION_ACCRUAL,8,224,2026-07-16T08:30:16+08:00
0437c446-ce85-4a21-9342-aa175f65532e,M-1811,ORD-20260716-8197-0103,CONCESSION_ACCRUAL,8,148,2026-07-16T15:16:15+08:00
740342d3-62e9-4efb-87f7-d8496feafb47,M-1173,ORD-20260716-4386-0104,CONCESSION_ACCRUAL,12,211,2026-07-16T18:27:51+08:00
3477e5d6-c0c1-4526-b486-e5b188ce5515,M-1641,ORD-20260717-3321-0105,CONCESSION_ACCRUAL,6,174,2026-07-17T00:14:51+08:00
f1b9a515-32d5-486f-9533-08a942c71b81,M-1421,ORD-20260717-6685-0106,CONCESSION_ACCRUAL,11,471,2026-07-17T00:03:29+08:00
12ddd996-041b-44c0-9a24-52bdc063e7b5,M-1147,ORD-20260716-3296-0107,CONCESSION_ACCRUAL,8,341,2026-07-16T23:42:10+08:00
82287159-e6b5-4aed-8ed5-e6f1409bcb97,M-2092,ORD-20260716-3278-0108,CONCESSION_ACCRUAL,22,155,2026-07-16T18:04:16+08:00
ff3fa24a-0b8a-43c0-a900-5786e3b257ca,M-1172,ORD-20260716-4827-0109,CONCESSION_ACCRUAL,23,314,2026-07-16T13:52:26+08:00
45c67eb8-2914-4721-840c-07a8625d3c0a,M-1930,ORD-20260716-5785-0110,CONCESSION_ACCRUAL,8,226,2026-07-16T18:56:07+08:00
a2ad3159-321b-4216-8fb2-0a634cca818d,M-1727,ORD-20260716-5064-0111,CONCESSION_ACCRUAL,7,199,2026-07-16T18:54:01+08:00
0f85653f-d681-4ac6-baa6-7dbf6676c2e4,M-1138,ORD-20260717-7660-0112,CONCESSION_ACCRUAL,8,484,2026-07-17T00:07:15+08:00
c4cd6b18-8154-4766-bf55-e3eeb49979f4,M-1716,ORD-20260716-5566-0113,CONCESSION_ACCRUAL,55,185,2026-07-16T10:55:24+08:00
8fdc2f7a-b46e-4f53-a1ae-ac5ca98748b2,M-1507,ORD-20260716-5672-0114,CONCESSION_ACCRUAL,12,101,2026-07-16T15:54:57+08:00
f85dd4d1-6d78-49d7-bd0c-92e8a60c8623,M-1199,ORD-20260716-2794-0115,CONCESSION_ACCRUAL,34,296,2026-07-16T18:30:23+08:00
222f4b4b-be5f-4cb4-b418-391f3a2c258f,M-1936,ORD-20260717-2962-0116,CONCESSION_ACCRUAL,12,116,2026-07-17T00:48:29+08:00
ce18f45e-1a53-4a13-a10e-af71e89fc6b0,M-1118,ORD-20260716-3416-0117,CONCESSION_ACCRUAL,3,147,2026-07-16T21:37:53+08:00
5103ca56-b9a2-45e9-8287-e9bebbe92aeb,M-1424,ORD-20260716-8284-0118,CONCESSION_ACCRUAL,10,172,2026-07-16T23:13:39+08:00
dc506860-d3b8-4f69-bd26-ad24b3e1463d,M-1768,ORD-20260716-7509-0119,CONCESSION_ACCRUAL,10,104,2026-07-16T18:46:11+08:00
d4fd5e39-cd02-4cb6-9699-4a48f5c0ac3d,M-1440,ORD-20260716-3650-0120,CONCESSION_ACCRUAL,9,121,2026-07-16T22:51:33+08:00
3e3341e7-b7cc-413b-a618-ce7d14d04d02,M-1992,ORD-20260716-3947-0121,CONCESSION_ACCRUAL,21,69,2026-07-16T14:03:47+08:00
4214cce8-d59d-45d6-94d2-480b2b0c7d8d,M-1333,ORD-20260716-5731-0122,CONCESSION_ACCRUAL,15,63,2026-07-16T21:41:13+08:00
e56f5abb-a653-4b73-9a68-c1682841de02,M-1550,ORD-20260717-3705-0123,CONCESSION_ACCRUAL,13,95,2026-07-17T02:19:27+08:00
614585cc-116b-48f3-a208-212589182433,M-1518,ORD-20260716-5859-0124,CONCESSION_ACCRUAL,11,322,2026-07-16T22:18:10+08:00
f7c4a8b9-c269-4017-90f7-d1953f9f0258,M-1189,ORD-20260716-2686-0125,CONCESSION_ACCRUAL,15,91,2026-07-16T18:33:55+08:00
4cdcdd25-929e-458b-8bde-f59563159ad4,M-1075,ORD-20260716-7498-0126,CONCESSION_ACCRUAL,8,50,2026-07-16T13:17:12+08:00
aa7500bd-00a0-43f7-b3eb-38aa6a5686a3,M-1596,ORD-20260716-1195-0127,CONCESSION_ACCRUAL,20,476,2026-07-16T10:56:25+08:00
0b261252-535d-404d-87f5-e081a5fd0c7e,M-1056,ORD-20260716-6504-0128,CONCESSION_ACCRUAL,11,256,2026-07-16T22:48:38+08:00
c7c1e284-f195-4c4d-88f4-12c0954a9e52,M-1485,ORD-20260717-8532-0129,CONCESSION_ACCRUAL,16,327,2026-07-17T01:57:16+08:00
9d3d1dac-9b1f-4ba9-8930-2a1acb765da0,M-1321,ORD-20260716-8931-0130,CONCESSION_ACCRUAL,26,183,2026-07-16T14:10:58+08:00
6bfd59dd-d6e4-4218-8df7-979fead551a0,M-1153,ORD-20260716-8825-0131,CONCESSION_ACCRUAL,13,99,2026-07-16T21:24:25+08:00
a2f5a75a-8d58-46ba-8543-b116877b8a26,M-1691,ORD-20260717-9216-0132,CONCESSION_ACCRUAL,15,262,2026-07-17T00:08:34+08:00
9d9866bc-efc8-47b7-b1d1-84d71f364d5f,M-1040,ORD-20260717-2222-0133,CONCESSION_ACCRUAL,3,517,2026-07-17T00:44:09+08:00
48a3b731-7662-4e57-894a-48b035e34a57,M-1214,ORD-20260716-4283-0134,CONCESSION_ACCRUAL,6,136,2026-07-16T21:57:17+08:00
00d24ed5-3cb8-4bad-844f-f913a42a678e,M-1401,ORD-20260716-6651-0135,CONCESSION_ACCRUAL,8,263,2026-07-16T21:55:09+08:00
7353cea2-f321-488c-adec-217f5bbdf883,M-1306,ORD-20260716-6571-0136,CONCESSION_ACCRUAL,15,232,2026-07-16T21:28:39+08:00
3f45af96-be61-4367-abd1-ac72ddec8259,M-1579,ORD-20260716-6737-0137,CONCESSION_ACCRUAL,4,2390,2026-07-16T23:12:55+08:00
d8d9a3f3-cdd1-49b7-984b-b05940b2ddf5,M-1350,ORD-20260716-7260-0138,CONCESSION_ACCRUAL,22,449,2026-07-16T19:47:43+08:00
a8e20a61-ee86-412b-b642-d4b632ad0054,M-1351,ORD-20260716-2445-0139,CONCESSION_ACCRUAL,15,247,2026-07-16T16:47:43+08:00
84f6d493-5ff2-422e-a502-cdc5eb96443c,M-1071,ORD-20260716-4194-0140,CONCESSION_ACCRUAL,22,189,2026-07-16T15:04:39+08:00
b4687d7a-892d-4f68-a2f4-97cc9a6d59ee,M-1504,ORD-20260716-9779-0141,CONCESSION_ACCRUAL,3,133,2026-07-16T17:28:01+08:00
154a685c-527b-4254-bdb4-88fedb529d76,M-1432,ORD-20260716-8023-0142,CONCESSION_ACCRUAL,27,3232,2026-07-16T21:04:45+08:00
773c4a4d-42d7-4ead-9700-0a4611108bd9,M-1711,ORD-20260716-2654-0143,CONCESSION_ACCRUAL,11,339,2026-07-16T22:56:05+08:00
1d9822e7-d543-40fc-b49c-e8e8c42099a0,M-1098,ORD-20260717-3423-0144,CONCESSION_ACCRUAL,33,754,2026-07-17T01:08:57+08:00
f4c3e51b-363a-401f-aacd-358b9b4533d9,M-1343,ORD-20260716-9532-0145,CONCESSION_ACCRUAL,16,192,2026-07-16T19:36:23+08:00
795d16cf-63a2-4a7b-a250-51a1274c0f7a,M-2036,ORD-20260716-2897-0146,CONCESSION_ACCRUAL,6,117,2026-07-16T22:05:30+08:00
c3b5faab-0cdd-40c4-8d42-21989b9a1d6c,M-1154,ORD-20260716-3215-0147,CONCESSION_ACCRUAL,13,174,2026-07-16T17:05:33+08:00
1ba5bfad-19e1-4d17-b614-09b723cda65c,M-1256,ORD-20260716-4341-0148,CONCESSION_ACCRUAL,3,109,2026-07-16T21:13:15+08:00
b3bec12c-7be9-447a-9821-43dbbe08ab6a,M-1731,ORD-20260716-1120-0149,CONCESSION_ACCRUAL,20,206,2026-07-16T23:02:29+08:00
aeab51cc-621c-4b2c-90b3-6d20a1524abb,M-1658,ORD-20260716-6563-0150,CONCESSION_ACCRUAL,11,622,2026-07-16T06:43:15+08:00
f0bba216-85c4-44ef-9077-2818058af9b5,M-1750,ORD-20260716-7093-0151,CONCESSION_ACCRUAL,17,332,2026-07-16T17:29:41+08:00
df1d00e7-ba88-46cb-86d0-1d552a48c856,M-1750,TIER_UPGRADE_Standard_TO_Silver,TIER_BONUS,50,382,2026-07-16T17:29:41+08:00
fed065db-d617-4d00-8c4e-d03aa4904551,M-1379,ORD-20260716-2822-0152,CONCESSION_ACCRUAL,8,133,2026-07-16T21:11:31+08:00
212d1db6-3654-484e-9939-572e4bb7be82,M-1823,ORD-20260716-9354-0153,CONCESSION_ACCRUAL,38,506,2026-07-16T22:28:20+08:00
2cef46c9-2b7a-4864-8f3b-a8358040b4f1,M-1683,ORD-20260717-6881-0154,CONCESSION_ACCRUAL,9,709,2026-07-17T01:02:14+08:00
7e744a82-da13-4ac0-aa25-7727f0f4a163,M-1384,ORD-20260716-2193-0155,CONCESSION_ACCRUAL,18,1443,2026-07-16T17:52:56+08:00
2ade079f-4bab-4d28-9f05-4c53272e84d2,M-1479,ORD-20260716-5240-0156,CONCESSION_ACCRUAL,18,2585,2026-07-16T17:04:15+08:00
f727ef45-dc5c-4c9d-a9f7-27a865bb05e4,M-1983,ORD-20260716-8939-0157,CONCESSION_ACCRUAL,6,26,2026-07-16T23:10:28+08:00
b04351ef-ac9f-4e73-a48b-e84c075bd7f9,M-1983,TIER_UPGRADE_Standard_TO_Silver,TIER_BONUS,50,76,2026-07-16T23:10:28+08:00
79c69a80-1277-4c2e-8f42-31b27c051133,M-1944,ORD-20260716-4910-0158,CONCESSION_ACCRUAL,37,233,2026-07-16T23:25:06+08:00
7ce6676b-c343-435b-85c4-c5902357f2a6,M-1631,ORD-20260716-2000-0159,CONCESSION_ACCRUAL,21,203,2026-07-16T20:45:12+08:00
923cd64b-18bc-4f42-b484-7a51d6d171a6,M-1180,ORD-20260716-1417-0160,CONCESSION_ACCRUAL,18,730,2026-07-16T20:45:24+08:00
2f8e8fd9-799b-4df1-b6b1-b0f9e6a56e4f,M-1148,ORD-20260716-2665-0161,CONCESSION_ACCRUAL,16,181,2026-07-16T16:41:03+08:00
15e9cc0c-5834-4a36-b6c8-8ae7a4e68085,M-1008,ORD-20260716-2117-0162,CONCESSION_ACCRUAL,11,179,2026-07-16T21:48:40+08:00
2fd73cd3-08db-4c66-8824-53939ee95b1d,M-1702,ORD-20260716-8333-0163,CONCESSION_ACCRUAL,3,82,2026-07-16T19:26:23+08:00
498c627e-bf80-4da7-bf02-ea77957a082d,M-1703,ORD-20260716-9260-0164,CONCESSION_ACCRUAL,3,130,2026-07-16T20:40:30+08:00
cc5a4f4f-d5f0-4df3-9c53-64fe13fd3f6a,M-1790,ORD-20260716-9209-0165,CONCESSION_ACCRUAL,11,306,2026-07-16T22:33:11+08:00
7ccd28e0-87ab-4cdf-abc5-55d7ec3befa5,M-1724,ORD-20260716-5406-0166,CONCESSION_ACCRUAL,13,190,2026-07-16T20:11:01+08:00
dba2d936-a193-46f3-bfc7-6720150702f6,M-1597,ORD-20260716-2675-0167,CONCESSION_ACCRUAL,46,244,2026-07-16T18:26:34+08:00
534a4ef8-a615-4ed2-8b26-a31cf2b83101,M-1807,ORD-20260716-1191-0168,CONCESSION_ACCRUAL,16,186,2026-07-16T19:14:46+08:00
228becc0-fd3c-4a14-9818-206a817585c6,M-1029,ORD-20260716-9281-0169,CONCESSION_ACCRUAL,8,569,2026-07-16T15:58:51+08:00
0056242b-6ac9-4c58-90b1-d15e6bbda2e8,M-1021,ORD-20260717-5696-0170,CONCESSION_ACCRUAL,8,696,2026-07-17T02:19:20+08:00
da36d2db-966f-4a82-9f48-705e10970546,M-1134,ORD-20260716-7313-0171,CONCESSION_ACCRUAL,15,281,2026-07-16T12:28:52+08:00
86f82d4a-6a62-433d-aa48-604497b8a43d,M-1337,ORD-20260716-7661-0172,CONCESSION_ACCRUAL,21,593,2026-07-16T23:46:41+08:00
7a1e07d9-d1ca-42ba-8b2d-976afda57d64,M-1897,ORD-20260716-9565-0173,CONCESSION_ACCRUAL,9,150,2026-07-16T10:13:46+08:00
dd236ecf-3d9b-489b-b70a-a0499e5fe97f,M-1743,ORD-20260717-1004-0174,CONCESSION_ACCRUAL,11,421,2026-07-17T03:54:42+08:00
35e951f2-a2a4-4c6a-b8a6-0191add47ca8,M-1435,ORD-20260716-3352-0175,CONCESSION_ACCRUAL,13,181,2026-07-16T20:09:28+08:00
7cf14540-959b-45d7-abe0-a8ecaab00377,M-1477,ORD-20260716-1555-0176,CONCESSION_ACCRUAL,19,353,2026-07-16T19:51:19+08:00
e7dfc89d-d58e-4f89-b85a-17af3b070e0a,M-1814,ORD-20260717-8178-0177,CONCESSION_ACCRUAL,11,77,2026-07-17T01:42:24+08:00
132b9ead-837f-474c-9daf-44b20d59d1cc,M-1212,ORD-20260716-2520-0178,CONCESSION_ACCRUAL,3,86,2026-07-16T18:46:53+08:00
43b3e69a-c5e7-4c5d-949d-b076b5577e89,M-1481,ORD-20260716-7997-0179,CONCESSION_ACCRUAL,3,224,2026-07-16T18:46:20+08:00
59dc5429-2fbe-4f1c-9cd0-c3bc7f240f5a,M-1176,ORD-20260717-4024-0180,CONCESSION_ACCRUAL,40,298,2026-07-17T00:20:58+08:00
afa1f1cb-23fa-42f7-9340-7a87c88f38b5,M-1063,ORD-20260717-2063-0181,CONCESSION_ACCRUAL,7,283,2026-07-17T01:48:10+08:00
d1fce44e-1cab-482a-b76f-68f756555f7d,M-1766,ORD-20260716-8757-0182,CONCESSION_ACCRUAL,8,582,2026-07-16T11:53:43+08:00
dc0716b9-340f-4ef6-a816-ba86c7295a35,M-1629,ORD-20260716-1904-0183,CONCESSION_ACCRUAL,33,99,2026-07-16T23:54:05+08:00
a5dbae11-b135-450a-bd4a-29efa3a4407a,M-1303,ORD-20260716-2487-0184,CONCESSION_ACCRUAL,46,2600,2026-07-16T17:32:43+08:00
2715b9ee-7bc3-4b0c-82f9-460433f2ca57,M-1705,ORD-20260716-9908-0185,CONCESSION_ACCRUAL,8,215,2026-07-16T18:32:30+08:00
07a648f3-c5b1-4b4b-838c-9677f4e6da36,M-2023,ORD-20260717-1265-0186,CONCESSION_ACCRUAL,12,99,2026-07-17T00:56:06+08:00
619e8df6-23e7-406e-81f5-b94207e51b9a,M-1677,ORD-20260716-2844-0187,CONCESSION_ACCRUAL,22,84,2026-07-16T21:48:01+08:00
3ae05471-32cb-4581-a595-d7967f5306d4,M-1782,ORD-20260716-2177-0188,CONCESSION_ACCRUAL,22,767,2026-07-16T23:30:38+08:00
f9156b0e-e9a8-4518-95f2-71ebffc99850,M-1578,ORD-20260716-4103-0189,CONCESSION_ACCRUAL,8,106,2026-07-16T14:22:47+08:00
283b920f-2b27-45a8-a59c-b93837e68b84,M-1016,ORD-20260717-7845-0190,CONCESSION_ACCRUAL,23,68,2026-07-17T00:53:49+08:00
d7a94988-8dd7-4b68-9026-2de224686d95,M-1217,ORD-20260717-8212-0191,CONCESSION_ACCRUAL,23,417,2026-07-17T00:35:31+08:00
ad5ca660-b62c-4cfb-a740-018a1c5d9a7f,M-1094,ORD-20260716-7911-0192,CONCESSION_ACCRUAL,8,137,2026-07-16T19:50:30+08:00
975f7a27-e670-4c69-96fa-f59910d0501c,M-1291,ORD-20260717-3411-0193,CONCESSION_ACCRUAL,11,468,2026-07-17T00:16:59+08:00
f7b45b7c-4dfa-452b-9372-509a98d45176,M-1663,ORD-20260716-8067-0194,CONCESSION_ACCRUAL,9,45,2026-07-16T21:08:32+08:00
2ca68ee8-0bde-4901-bf9d-c3b11459515f,M-1580,ORD-20260716-8372-0195,CONCESSION_ACCRUAL,11,522,2026-07-16T22:39:48+08:00
0d1f770d-b673-4ebf-9936-cca296b3d2e8,M-1713,ORD-20260716-5164-0196,CONCESSION_ACCRUAL,26,476,2026-07-16T23:56:00+08:00
584a018d-c857-486a-a181-23ef1d73b2e1,M-1947,ORD-20260716-7536-0197,CONCESSION_ACCRUAL,27,175,2026-07-16T22:42:35+08:00
e1f0e8e2-dfde-4801-a13e-b2e8c1b5c7d3,M-1116,ORD-20260716-6202-0198,CONCESSION_ACCRUAL,13,97,2026-07-16T20:30:13+08:00
c8336127-ce99-43eb-8f5f-76db1ae05f89,M-1135,ORD-20260716-8340-0199,CONCESSION_ACCRUAL,16,303,2026-07-16T18:48:13+08:00
fa8c413f-4523-4a1f-a96c-d57d1c983a85,M-1770,ORD-20260716-5673-0200,CONCESSION_ACCRUAL,32,384,2026-07-16T16:46:51+08:00
1a4dff4b-a58f-4b40-aea5-7b6ba1a1a08a,M-1721,ORD-20260716-1756-0201,CONCESSION_ACCRUAL,28,142,2026-07-16T18:15:57+08:00
012d1b9d-9075-4db5-b94a-79b144b51f6f,M-1610,ORD-20260716-1321-0202,CONCESSION_ACCRUAL,10,294,2026-07-16T19:51:47+08:00
ae8c001b-cf4c-4b66-8e00-3c56f0febad8,M-1196,ORD-20260716-2536-0203,CONCESSION_ACCRUAL,26,592,2026-07-16T21:46:19+08:00
ea976568-2f72-441b-beee-faff79bae0ae,M-1275,ORD-20260716-1498-0204,CONCESSION_ACCRUAL,3,290,2026-07-16T12:17:58+08:00
5234bfd1-e044-4501-801b-6452ec7f4b99,M-1121,ORD-20260716-6602-0205,CONCESSION_ACCRUAL,8,148,2026-07-16T23:40:45+08:00
54cffcc9-a6b6-4d75-80ce-4ee93d0bedf0,M-1143,ORD-20260716-6495-0206,CONCESSION_ACCRUAL,9,3391,2026-07-16T23:58:56+08:00
1e8a01ca-80f0-48f1-9052-4eab2ccdefb9,M-1112,ORD-20260716-4703-0207,CONCESSION_ACCRUAL,22,1275,2026-07-16T23:11:34+08:00
a74b4e8f-4528-424a-829f-f52710cd7731,M-1837,ORD-20260716-3746-0208,CONCESSION_ACCRUAL,6,120,2026-07-16T08:10:29+08:00
e27b775f-baf2-402e-bebe-25abdc9a12f9,M-1837,TIER_UPGRADE_Standard_TO_Silver,TIER_BONUS,50,170,2026-07-16T08:10:29+08:00
f668f099-4b7e-4c9f-a901-e4b6de6f2d79,M-1490,ORD-20260716-3422-0209,CONCESSION_ACCRUAL,15,123,2026-07-16T17:50:33+08:00
5d47e255-7015-4236-9d73-ceb3e3bdcf2c,M-1656,ORD-20260716-4010-0210,CONCESSION_ACCRUAL,16,186,2026-07-16T16:47:27+08:00
5aa4c1d2-c97b-49fb-b7e2-59be34c342c1,M-1224,ORD-20260716-1326-0211,CONCESSION_ACCRUAL,15,288,2026-07-16T20:42:24+08:00
f584f519-53d5-4aec-ae66-18b3f527f9cf,M-1219,ORD-20260716-4909-0212,CONCESSION_ACCRUAL,15,221,2026-07-16T09:08:13+08:00
723d5514-1700-46d4-b0c1-63b18c2aceae,M-1515,ORD-20260716-6910-0213,CONCESSION_ACCRUAL,29,292,2026-07-16T23:49:13+08:00
4d9d4972-ac9e-4a15-8f4e-fd58b11103b5,M-1350,ORD-20260716-5106-0214,CONCESSION_ACCRUAL,15,464,2026-07-16T23:46:28+08:00
d4e92231-83d0-4e0b-8d0e-6abb93237cbe,M-1716,ORD-20260716-9681-0215,CONCESSION_ACCRUAL,8,193,2026-07-16T21:33:19+08:00
580df45a-34a6-474a-b2b9-71bd43a02d11,M-1374,ORD-20260716-4177-0216,CONCESSION_ACCRUAL,8,138,2026-07-16T20:50:36+08:00
98e92fd9-75aa-4c93-8171-e997000bb0d2,M-1449,ORD-20260717-2381-0217,CONCESSION_ACCRUAL,12,94,2026-07-17T00:55:07+08:00
c2dd26eb-9706-4056-ab69-42ab730bbd7e,M-1461,ORD-20260716-8946-0218,CONCESSION_ACCRUAL,30,284,2026-07-16T18:03:12+08:00
67348dba-4e05-44ba-9e8a-7cf5f0d25a6d,M-1577,ORD-20260716-8754-0219,CONCESSION_ACCRUAL,8,105,2026-07-16T22:47:19+08:00
b6234646-0790-4913-8b48-f65b6c0f3d10,M-1744,ORD-20260716-9111-0220,CONCESSION_ACCRUAL,22,516,2026-07-16T23:27:01+08:00
67e9b86c-6de3-4853-8656-7ee1dc7ef6d9,M-1201,ORD-20260716-6862-0221,CONCESSION_ACCRUAL,15,468,2026-07-16T23:54:42+08:00
c4a3d181-4eb8-43d1-a47a-19d71abb83b6,M-1308,ORD-20260716-1206-0222,CONCESSION_ACCRUAL,16,295,2026-07-16T23:10:49+08:00
9584ae63-2cd2-4da7-884e-60d07174a864,M-1269,ORD-20260716-2516-0223,CONCESSION_ACCRUAL,60,452,2026-07-16T22:03:39+08:00
d13ae39c-2252-4487-a9cd-2279335d2cd1,M-1623,ORD-20260717-6623-0224,CONCESSION_ACCRUAL,11,46,2026-07-17T01:44:23+08:00
3678578d-5136-4093-a093-2b6a1e797bd4,M-1256,ORD-20260716-6876-0225,CONCESSION_ACCRUAL,8,117,2026-07-16T16:11:00+08:00
1b0cb4a9-5078-4f67-aa09-f5b0806800d8,M-1689,ORD-20260716-6565-0226,CONCESSION_ACCRUAL,10,75,2026-07-16T14:00:00+08:00
cf204151-1b1a-4750-97e3-0c86ec072924,M-1773,ORD-20260716-8771-0227,CONCESSION_ACCRUAL,13,314,2026-07-16T18:26:00+08:00
01128446-bb01-4cd2-961f-89e4cbcd0355,M-1671,ORD-20260716-6260-0228,CONCESSION_ACCRUAL,15,136,2026-07-16T11:02:00+08:00
6104612d-a985-4f63-980e-8b0d1e7dcd2a,M-2114,ORD-20260716-8344-0229,CONCESSION_ACCRUAL,34,132,2026-07-16T22:51:00+08:00
11637a66-4f65-4953-8ab9-8a39f0231ee6,M-1466,ORD-20260716-9952-0230,CONCESSION_ACCRUAL,9,3815,2026-07-16T20:19:00+08:00
5d3e82f2-e46a-405b-b930-57dd461b6e7f,M-2075,ORD-20260716-3407-0231,CONCESSION_ACCRUAL,3,54,2026-07-16T09:32:00+08:00
e6cb7f28-87eb-4bf1-bd2f-08acabc84964,M-1603,ORD-20260716-1925-0232,CONCESSION_ACCRUAL,23,83,2026-07-16T14:08:00+08:00
079c8d2a-b33d-48c1-a50c-3a5769bf1270,M-1608,ORD-20260716-8253-0233,CONCESSION_ACCRUAL,15,243,2026-07-16T19:06:00+08:00
8a4758cd-1f9e-480f-8b57-f1a7bd7f5e0e,M-1825,ORD-20260716-2931-0234,CONCESSION_ACCRUAL,3,37,2026-07-16T14:22:00+08:00
e4212003-1a50-4b24-a057-121ce3801d92,M-1050,ORD-20260716-3180-0235,CONCESSION_ACCRUAL,8,329,2026-07-16T14:19:00+08:00
55d46571-d1a9-4666-a73e-933fe51c9246,M-2175,ORD-20260716-4543-0236,CONCESSION_ACCRUAL,7,72,2026-07-16T10:37:00+08:00
da587f17-8232-4608-b94a-0c99862539b5,M-1133,ORD-20260716-7946-0237,CONCESSION_ACCRUAL,27,224,2026-07-16T12:47:00+08:00
f58c9725-98ce-42e7-82fd-3dc3eb74114a,M-2032,ORD-20260716-1548-0238,CONCESSION_ACCRUAL,12,158,2026-07-16T19:26:00+08:00
d99f4675-ce07-4217-a552-4a40353f1702,M-1947,ORD-20260716-6320-0239,CONCESSION_ACCRUAL,7,182,2026-07-16T11:02:00+08:00
7109961c-2072-46b8-b6d0-34764c91c8f8,M-1001,ORD-20260716-2125-0240,CONCESSION_ACCRUAL,20,101,2026-07-16T11:15:00+08:00
c0e50375-0b50-4f2b-afe1-a131bb599a51,M-1257,ORD-20260716-6331-0241,CONCESSION_ACCRUAL,27,163,2026-07-16T11:01:00+08:00
bcab4aed-fbbf-46a9-b521-b0be0272eb81,M-1094,ORD-20260716-3161-0242,CONCESSION_ACCRUAL,15,152,2026-07-16T15:03:00+08:00
dc07515f-45ab-4995-b5ee-d097e2816cdc,M-1799,ORD-20260716-9320-0243,CONCESSION_ACCRUAL,31,179,2026-07-16T15:16:00+08:00
5d675f0b-0c38-41e0-ac29-749d9bf9239d,M-1805,ORD-20260716-1805-0244,CONCESSION_ACCRUAL,8,301,2026-07-16T15:16:00+08:00
486cf1da-2f07-49ca-977b-aacf08806394,M-1776,ORD-20260716-9509-0245,CONCESSION_ACCRUAL,3,192,2026-07-16T14:40:00+08:00
d59f995d-61dd-4369-bb0e-c98f5fbbd05a,M-1071,ORD-20260716-3227-0246,CONCESSION_ACCRUAL,8,197,2026-07-16T18:47:00+08:00
7b204350-98ba-43c6-900b-732462ad6177,M-1700,ORD-20260716-3610-0247,CONCESSION_ACCRUAL,8,132,2026-07-16T12:01:00+08:00
17f1d554-651b-485d-8ae8-8130b8cba125,M-1132,ORD-20260716-5610-0248,CONCESSION_ACCRUAL,27,636,2026-07-16T12:38:00+08:00
81cbc10a-c15a-43c0-94e3-997d764e64d2,M-1117,ORD-20260716-6018-0249,CONCESSION_ACCRUAL,18,73,2026-07-16T17:20:00+08:00
9b69f2fc-ae5a-40b0-ba9a-3e05e66dc5f7,M-2113,ORD-20260716-6314-0250,CONCESSION_ACCRUAL,9,152,2026-07-16T09:23:00+08:00
f401de8c-843d-4b60-9a6c-cbb44a04e843,M-1017,ORD-20260716-9444-0251,CONCESSION_ACCRUAL,39,154,2026-07-16T21:50:00+08:00
796ae8d8-9968-4a11-9c79-75a890679200,M-1628,ORD-20260716-4645-0252,CONCESSION_ACCRUAL,6,142,2026-07-16T21:16:00+08:00
fce33510-9c3c-4ab3-8e57-d717309b1997,M-1459,ORD-20260716-5041-0253,CONCESSION_ACCRUAL,26,340,2026-07-16T22:59:00+08:00
b528d92c-6183-49ee-9dff-b5595b6be106,M-1339,ORD-20260716-2442-0254,CONCESSION_ACCRUAL,26,133,2026-07-16T22:20:00+08:00
6c8f8cc1-4200-4856-bb73-fe99bea02090,M-1664,ORD-20260716-9505-0255,CONCESSION_ACCRUAL,9,2422,2026-07-16T13:20:00+08:00
e419d560-7007-4f46-a8ce-d19e2ce67412,M-1726,ORD-20260716-3094-0256,CONCESSION_ACCRUAL,21,267,2026-07-16T14:46:00+08:00
c2fef902-e661-41bb-abf0-2b11310666e5,M-1649,ORD-20260716-6659-0257,CONCESSION_ACCRUAL,16,159,2026-07-16T16:32:00+08:00
fde9882e-26fd-4a42-ae55-55eac919b072,M-1865,ORD-20260716-4277-0258,CONCESSION_ACCRUAL,8,66,2026-07-16T09:41:00+08:00
d7155bf1-c4e2-49ab-a8d2-813bf1bc2e7d,M-1043,ORD-20260716-3141-0259,CONCESSION_ACCRUAL,27,646,2026-07-16T20:11:00+08:00
39a2835e-262e-443f-b436-7f70adff389d,M-1251,ORD-20260716-6017-0260,CONCESSION_ACCRUAL,23,242,2026-07-16T12:23:00+08:00
73d7db98-13a6-4c20-b5b8-059b24324de8,M-1886,ORD-20260716-4295-0261,CONCESSION_ACCRUAL,9,135,2026-07-16T19:34:00+08:00
34864ddb-18af-4887-9ab4-4e7ae6ce8dd2,M-1081,ORD-20260716-8944-0262,CONCESSION_ACCRUAL,8,400,2026-07-16T15:38:00+08:00
d1df651b-de3c-4fad-b710-27f2fd0b27b4,M-1375,ORD-20260716-7225-0263,CONCESSION_ACCRUAL,11,239,2026-07-16T13:04:00+08:00
1a483a31-ef37-4ae7-96ea-0dccd908cd6e,M-1168,ORD-20260716-7477-0264,CONCESSION_ACCRUAL,6,281,2026-07-16T11:18:00+08:00
fcbd00df-f458-4b0b-8814-0f3b67024796,M-1687,ORD-20260716-2092-0265,CONCESSION_ACCRUAL,14,400,2026-07-16T12:14:00+08:00
d277a21e-b6f1-4611-8e01-9cf316dd0e01,M-1634,ORD-20260716-1784-0266,CONCESSION_ACCRUAL,3,217,2026-07-16T21:03:00+08:00
e2c68c86-c49a-4d23-9987-5f963bfd277f,M-1457,ORD-20260716-4234-0267,CONCESSION_ACCRUAL,6,304,2026-07-16T15:01:00+08:00
9078b763-e054-4d16-884c-738d69801327,M-1054,ORD-20260716-8051-0268,CONCESSION_ACCRUAL,28,349,2026-07-16T09:14:00+08:00
3d61763f-f4e1-45c1-b5ef-35207be584de,M-1819,ORD-20260716-7917-0269,CONCESSION_ACCRUAL,20,68,2026-07-16T16:46:00+08:00
ccacad96-3a0b-42f5-a027-b3ff8628c880,M-1627,ORD-20260716-3948-0270,CONCESSION_ACCRUAL,15,311,2026-07-16T10:24:00+08:00
6b3c5a88-d223-4cf6-9863-aee7798611b7,M-1011,ORD-20260716-7234-0271,CONCESSION_ACCRUAL,7,863,2026-07-16T15:31:00+08:00
f334e5b8-d353-47c7-be27-950f5d90dd3f,M-1784,ORD-20260716-4385-0272,CONCESSION_ACCRUAL,6,98,2026-07-16T22:20:00+08:00
1c9b7f2c-55d5-4303-9ba0-e1d1a2a8ab94,M-1379,ORD-20260716-2559-0273,CONCESSION_ACCRUAL,11,144,2026-07-16T16:23:00+08:00
2943fdb9-8cd2-488f-8750-6d8345263c7c,M-1029,ORD-20260716-3913-0274,CONCESSION_ACCRUAL,8,577,2026-07-16T17:08:00+08:00
33bcd4cf-89b9-43b2-96ee-1a204df5122e,M-1402,ORD-20260716-8212-0275,CONCESSION_ACCRUAL,31,277,2026-07-16T20:25:00+08:00
111cc8b5-1792-4ed6-b45b-124681c670f9,M-1414,ORD-20260716-7075-0276,CONCESSION_ACCRUAL,15,164,2026-07-16T18:35:00+08:00
6afd92c0-2a2e-407e-af12-3edabcf3d161,M-1113,ORD-20260716-8138-0277,CONCESSION_ACCRUAL,23,269,2026-07-16T18:42:00+08:00
70e9cc38-9633-4199-9100-6e64ca039264,M-1510,ORD-20260716-7868-0278,CONCESSION_ACCRUAL,20,122,2026-07-16T16:22:00+08:00
5ba3fbdc-77f3-46ff-b0c1-551e9b3a6e32,M-1361,ORD-20260716-2712-0279,CONCESSION_ACCRUAL,3,160,2026-07-16T15:40:00+08:00
aeebd8a9-21c6-454f-bcb7-2585d700e665,M-1271,ORD-20260716-5937-0280,CONCESSION_ACCRUAL,50,172,2026-07-16T12:54:00+08:00
5a12c36c-da56-4d80-b2a9-819c1ed05672,M-2186,ORD-20260716-4579-0281,CONCESSION_ACCRUAL,26,41,2026-07-16T15:39:00+08:00
47b89e23-694b-4dfe-a86e-0fb92c19ed9d,M-1194,ORD-20260716-7717-0282,CONCESSION_ACCRUAL,6,125,2026-07-16T14:52:00+08:00
6eda97c7-2c19-4a00-a800-ab58c34420ed,M-1320,ORD-20260716-3755-0283,CONCESSION_ACCRUAL,15,938,2026-07-16T13:37:00+08:00
c5f3ab46-7c28-4a08-8a3d-269dc9f0a2d5,M-1862,ORD-20260716-6970-0284,CONCESSION_ACCRUAL,6,57,2026-07-16T18:28:00+08:00
6a114dc1-ce8d-4a78-bdd5-52f0cf9dc68f,M-1519,ORD-20260716-2278-0285,CONCESSION_ACCRUAL,11,290,2026-07-16T10:46:00+08:00
d8388822-6441-4d4b-93a4-59e05bf48eb6,M-1676,ORD-20260716-9609-0286,CONCESSION_ACCRUAL,12,2971,2026-07-16T15:54:00+08:00
e0275a5a-3d19-4bd4-8710-4ec93b00a2d0,M-1114,ORD-20260716-7301-0287,CONCESSION_ACCRUAL,15,249,2026-07-16T15:43:00+08:00
c2b2d84c-8902-42ba-b3cc-91407b3a4a6c,M-1621,ORD-20260716-1378-0288,CONCESSION_ACCRUAL,15,232,2026-07-16T19:50:00+08:00
00cb112a-524e-4e70-a2c7-aa29bc474394,M-1381,ORD-20260716-3301-0289,CONCESSION_ACCRUAL,8,221,2026-07-16T09:12:00+08:00
794da6b2-fa19-4878-b380-f3cb25000e62,M-2025,ORD-20260716-7125-0290,CONCESSION_ACCRUAL,18,72,2026-07-16T18:51:00+08:00
a798b9db-66c3-493c-ac3b-89e95374d075,M-1588,ORD-20260716-1288-0291,CONCESSION_ACCRUAL,32,1457,2026-07-16T10:22:00+08:00
65b12ccb-13db-4b29-b0e1-749b3608e181,M-1651,ORD-20260716-8120-0292,CONCESSION_ACCRUAL,6,212,2026-07-16T12:24:00+08:00
94bf943d-6c6f-4ae1-9bf3-f66c3e2236fb,M-1697,ORD-20260716-1240-0293,CONCESSION_ACCRUAL,3,319,2026-07-16T21:33:00+08:00
722c4416-32c0-4f4a-a05c-23f42c50fc21,M-1188,ORD-20260716-3163-0294,CONCESSION_ACCRUAL,38,711,2026-07-16T22:37:00+08:00
e85467c0-15b6-4a29-ab42-447ca2e143d7,M-1769,ORD-20260716-6595-0295,CONCESSION_ACCRUAL,15,152,2026-07-16T22:31:00+08:00
0818afb2-3822-45b6-96ea-3ee34f871a30,M-1506,ORD-20260716-8517-0296,CONCESSION_ACCRUAL,16,352,2026-07-16T10:45:00+08:00
daf1a51d-ced4-4f47-bfe7-e225ed44bb81,M-1081,ORD-20260716-6664-0297,CONCESSION_ACCRUAL,27,427,2026-07-16T13:45:00+08:00
0e6afff6-a372-4a06-a32b-9309f90325ae,M-1290,ORD-20260716-7731-0298,CONCESSION_ACCRUAL,11,157,2026-07-16T21:35:00+08:00
bcc927b1-3d4e-44c2-b17f-72e7b1b9a54c,M-1158,ORD-20260716-2622-0299,CONCESSION_ACCRUAL,8,278,2026-07-16T17:03:00+08:00
