ledger_id,member_id,source_reference_id,transaction_type,points_delta,resulting_balance,created_at
f13beca6-d950-494c-8f1d-452dc6d170d5,M-1349,SESS-20260801-3106-0000,RENTAL_ACCRUAL,9,312,2026-08-01T14:00:00+08:00
34438951-b5c9-4c2f-be32-043cfe648cc1,M-1158,SESS-20260801-3393-0001,RENTAL_ACCRUAL,40,360,2026-08-01T19:30:00+08:00
207b0e54-41e6-4d85-bf1c-8938c1678c44,M-1754,SESS-20260801-2691-0002,RENTAL_ACCRUAL,18,183,2026-08-02T01:30:00+08:00
24144c98-ccc3-49fa-9d8d-0cb194d9da0e,M-1075,SESS-20260801-8495-0003,RENTAL_ACCRUAL,5,53,2026-08-01T17:15:00+08:00
5906380a-fb7b-4b3c-a291-9e28bd7a68a8,M-1915,SESS-20260801-5811-0004,RENTAL_ACCRUAL,10,103,2026-08-01T19:00:00+08:00
997e7319-c7e3-4135-ad2f-58a7941263b9,M-1568,SESS-20260801-7218-0005,RENTAL_ACCRUAL,11,479,2026-08-01T22:30:00+08:00
eacfb086-d1ef-4e7b-ae36-2ef361f0c04b,M-1995,SESS-20260801-2407-0006,RENTAL_ACCRUAL,10,264,2026-08-01T18:15:00+08:00
a546653f-b93c-4edd-bf2a-85322cbb0bbd,M-1502,SESS-20260801-9426-0007,RENTAL_REDEMPTION,-100,52,2026-08-01T20:00:00+08:00
d8b2c849-edda-4f54-b493-190527c1d33d,M-1502,SESS-20260801-9426-0007,RENTAL_ACCRUAL,61,113,2026-08-02T01:00:00+08:00
81a423c3-91e0-4177-be4e-4c7c7227823a,M-1179,SESS-20260801-6698-0008,RENTAL_ACCRUAL,11,74,2026-08-01T23:30:00+08:00
2da29b1d-e5aa-460c-be1f-f097f377a6e2,M-1125,SESS-20260801-9382-0009,RENTAL_ACCRUAL,28,752,2026-08-01T18:45:00+08:00
f420ea35-73a8-4bb5-b32f-e59ff802dcf1,M-1467,SESS-20260801-1321-0010,RENTAL_REDEMPTION,-300,18,2026-08-01T12:15:00+08:00
8b284399-e9e5-4f53-b402-754a1680efe0,M-1467,SESS-20260801-1321-0010,RENTAL_ACCRUAL,26,44,2026-08-01T17:15:00+08:00
052b0c77-5d6b-499a-ab44-859762fe7576,M-1688,SESS-20260801-5897-0011,RENTAL_ACCRUAL,12,490,2026-08-01T19:15:00+08:00
0bca304b-15ae-4032-bf7f-88e1270899a8,M-1221,SESS-20260801-4643-0012,RENTAL_ACCRUAL,48,2018,2026-08-01T23:30:00+08:00
6b21129a-720f-4d81-b308-ab8165068a60,M-1194,SESS-20260801-4601-0013,RENTAL_ACCRUAL,16,364,2026-08-01T17:30:00+08:00
e19ad304-d9e8-457c-a5e6-c4bc055ce659,M-2079,SESS-20260801-7036-0014,RENTAL_ACCRUAL,16,326,2026-08-02T01:15:00+08:00
c6fe6efa-0d24-481e-819c-d50bb9d74cd1,M-1827,SESS-20260801-1791-0015,RENTAL_ACCRUAL,5,313,2026-08-01T17:30:00+08:00
e321703b-55fc-44c3-83b3-b5ae7e57e934,M-1296,SESS-20260801-3228-0016,RENTAL_ACCRUAL,18,942,2026-08-01T17:15:00+08:00
1c191e12-bd3e-4ac4-964b-c6ff06d2a464,M-1546,SESS-20260801-2347-0017,RENTAL_REDEMPTION,-100,106,2026-08-01T21:45:00+08:00
d48a57f1-4c53-49f2-b524-27711fc3641e,M-1546,SESS-20260801-2347-0017,RENTAL_ACCRUAL,5,111,2026-08-01T23:45:00+08:00
ceb20139-0335-48e4-b0f5-b1d9a333b542,M-1458,SESS-20260801-5753-0018,RENTAL_ACCRUAL,28,147,2026-08-01T22:45:00+08:00
2aa2d5da-91cb-4fe9-bf74-8f67dd59fdbd,M-1988,SESS-20260801-4640-0019,RENTAL_REDEMPTION,-100,53,2026-08-01T10:00:00+08:00
c4d16c02-1df4-467f-8c86-19d5f5367156,M-1988,SESS-20260801-4640-0019,RENTAL_ACCRUAL,21,74,2026-08-01T15:00:00+08:00
42633e39-c620-48b0-96c3-22b63ed6e653,M-1667,SESS-20260801-6908-0020,RENTAL_REDEMPTION,-100,329,2026-08-01T18:45:00+08:00
2507dc8f-3ec4-48c3-b18d-f274e97ae4ee,M-1667,SESS-20260801-6908-0020,RENTAL_ACCRUAL,5,334,2026-08-01T20:45:00+08:00
6251d9e8-0554-4ce1-a2ce-f2ce3fb55f30,M-1244,SESS-20260801-6184-0021,RENTAL_ACCRUAL,28,276,2026-08-02T04:15:00+08:00
d5fd459e-ad3b-41cd-ae62-6215cd9d2841,M-1540,SESS-20260801-1945-0022,RENTAL_ACCRUAL,13,56,2026-08-01T15:30:00+08:00
d9f1f501-340a-47e7-aa75-9a421a76e21f,M-1471,SESS-20260801-8997-0023,RENTAL_ACCRUAL,27,319,2026-08-01T20:30:00+08:00
b4f6d048-53dd-4688-a11f-0755d1789812,M-1029,SESS-20260801-3668-0024,RENTAL_ACCRUAL,30,814,2026-08-02T01:00:00+08:00
19562119-14b0-4b6d-b8a9-e6f9c1c02ba4,M-1040,SESS-20260801-5919-0025,RENTAL_ACCRUAL,11,701,2026-08-01T14:15:00+08:00
6d716ee7-386e-475d-ab71-ed3f08f66cff,M-1016,SESS-20260801-9965-0026,RENTAL_ACCRUAL,16,132,2026-08-01T19:00:00+08:00
72bfbcf2-3b45-4b5f-9be2-cd45cde82cf3,M-1006,SESS-20260801-8334-0027,RENTAL_ACCRUAL,18,196,2026-08-01T17:00:00+08:00
5b61ac1a-303e-4204-ad59-e762cdde73e5,M-1230,SESS-20260801-8179-0028,RENTAL_ACCRUAL,27,999,2026-08-01T05:25:00+08:00
9a8cbeb7-48a6-445d-ae42-103ae98aaaf2,M-2124,SESS-20260801-2015-0029,RENTAL_ACCRUAL,40,103,2026-08-02T01:25:00+08:00
8cb5af57-7f0a-4d57-9526-c9b7d4b514b7,M-1211,SESS-20260801-5176-0030,RENTAL_ACCRUAL,16,130,2026-08-01T18:30:00+08:00
e331bb03-3002-4a71-8595-941c44c5e6c1,M-1759,SESS-20260801-7566-0031,RENTAL_ACCRUAL,13,129,2026-08-01T05:00:00+08:00
f6ed2722-3505-4538-a1a2-4e25317048ea,M-1011,SESS-20260801-8333-0032,RENTAL_REDEMPTION,-400,643,2026-08-01T18:45:00+08:00
3b939546-207d-48b0-adbd-08f5b611517d,M-1011,SESS-20260801-8333-0032,RENTAL_ACCRUAL,2,645,2026-08-01T20:45:00+08:00
08c6e9c6-8ebd-45c3-adbc-650c065f0c24,M-1752,SESS-20260801-6073-0033,RENTAL_ACCRUAL,18,2621,2026-08-02T02:30:00+08:00
2a526f7e-fb92-4f77-99bf-af4d6be5e32d,M-1489,SESS-20260801-9004-0034,RENTAL_ACCRUAL,16,668,2026-08-02T02:35:00+08:00
5d5af3d2-1a13-4d67-a730-62b6913f6cf7,M-1735,SESS-20260801-1837-0035,RENTAL_ACCRUAL,18,259,2026-08-01T23:45:00+08:00
e5af20d2-c2a0-40cf-8e85-80e17d4e90da,M-1891,SESS-20260801-1102-0036,RENTAL_ACCRUAL,10,56,2026-08-01T20:45:00+08:00
2d4b8eca-f67a-4f66-967a-b2963a1ea78f,M-1658,SESS-20260801-3636-0037,RENTAL_ACCRUAL,40,301,2026-08-01T21:30:00+08:00
c772f5e8-e10d-4226-b20a-02066cd737a0,M-1528,SESS-20260801-2465-0038,RENTAL_ACCRUAL,11,175,2026-08-01T22:00:00+08:00
f8fa7b64-cbcf-41e9-a8c1-bdfda0ffd642,M-1616,SESS-20260801-7387-0039,RENTAL_ACCRUAL,27,282,2026-08-02T01:45:00+08:00
8a46b545-db54-449d-ae95-fb506f0359da,M-1818,SESS-20260801-3866-0040,RENTAL_ACCRUAL,5,282,2026-08-01T16:10:00+08:00
6ab4c976-0380-42ce-afd8-b06c1850855f,M-1734,SESS-20260801-5267-0041,RENTAL_ACCRUAL,5,57,2026-08-01T16:00:00+08:00
1730a622-38ba-4ee4-9f30-126ca2654197,M-1988,SESS-20260801-5569-0042,RENTAL_ACCRUAL,5,79,2026-08-01T23:50:00+08:00
0d0cea2c-539d-4417-9354-610e99c5c74d,M-1638,SESS-20260801-8505-0043,RENTAL_ACCRUAL,11,236,2026-08-02T01:00:00+08:00
30d256fc-aba4-48cb-811f-209be90c7405,M-1673,SESS-20260801-5336-0044,RENTAL_ACCRUAL,45,485,2026-08-01T05:15:00+08:00
f358d252-0e46-4b4d-af0e-c556021a38a7,M-1373,SESS-20260801-5781-0045,RENTAL_REDEMPTION,-200,81,2026-08-01T20:45:00+08:00
990d0c8b-2e9f-4407-9890-8be7dbe71b1e,M-1373,SESS-20260801-5781-0045,RENTAL_ACCRUAL,32,113,2026-08-02T01:45:00+08:00
03cb31a2-d4b6-4e2f-9161-35bb18b0d874,M-1128,SESS-20260801-9601-0046,RENTAL_ACCRUAL,11,130,2026-08-01T23:45:00+08:00
587df0c5-c0a4-48c6-8008-ab92c9d27fd5,M-1728,SESS-20260801-9505-0047,RENTAL_REDEMPTION,-200,3,2026-08-01T23:30:00+08:00
9ec7d7ce-c112-4637-afb7-7a4f4193e6ed,M-1728,SESS-20260801-9505-0047,RENTAL_ACCRUAL,15,18,2026-08-02T04:30:00+08:00
762a2b73-e7a5-493e-ae4d-a74d5806338f,M-1388,SESS-20260801-4569-0048,RENTAL_ACCRUAL,16,170,2026-08-01T21:45:00+08:00
c9719fad-069a-4797-bfdd-77bdae89960a,M-1322,SESS-20260801-8257-0049,RENTAL_ACCRUAL,5,354,2026-08-01T22:15:00+08:00
ccab9f81-e3b3-4ed9-800d-0a2f6253a86d,M-1534,SESS-20260801-9295-0050,RENTAL_ACCRUAL,5,202,2026-08-01T15:45:00+08:00
7a4ebdab-dcd3-424e-b157-698a5052ed7d,M-1393,SESS-20260801-7309-0051,RENTAL_ACCRUAL,18,271,2026-08-01T22:45:00+08:00
45900f08-fdf3-4db5-adb9-25dcdb812c40,M-2040,SESS-20260801-5003-0052,RENTAL_ACCRUAL,24,107,2026-08-02T02:45:00+08:00
2e42b9cd-41db-4c94-88a2-c1d37e7367b9,M-1820,SESS-20260801-2305-0053,RENTAL_ACCRUAL,11,485,2026-08-01T21:10:00+08:00
08a84aa0-f2a9-499e-a2e7-a21928e406f4,M-1601,SESS-20260801-3814-0054,RENTAL_ACCRUAL,11,306,2026-08-01T15:30:00+08:00
b4641b28-f418-4608-8a06-33f5d5a944b9,M-1274,SESS-20260801-6834-0055,RENTAL_ACCRUAL,18,657,2026-08-01T17:45:00+08:00
61ee3770-8c02-4912-9e8f-9fd39ab9f1e1,M-1266,SESS-20260801-5242-0056,RENTAL_REDEMPTION,-300,129,2026-08-01T19:45:00+08:00
8765497f-eb68-49b6-a499-30c099492080,M-1266,SESS-20260801-5242-0056,RENTAL_ACCRUAL,8,137,2026-08-01T21:45:00+08:00
a230ee4d-83b0-48f8-8beb-853904f1e6cc,M-1259,SESS-20260801-4353-0057,RENTAL_ACCRUAL,27,485,2026-08-01T15:45:00+08:00
af5ed088-c170-4d75-bf69-c03d699bf1e5,M-2014,SESS-20260801-9495-0058,RENTAL_ACCRUAL,24,100,2026-08-01T21:30:00+08:00
0d797e26-5782-4cc1-8ac5-59e1c80f2d6c,M-1663,SESS-20260801-8251-0059,RENTAL_ACCRUAL,11,206,2026-08-02T00:00:00+08:00
ef3c713c-db95-4809-9f66-11f3ad029daf,M-1306,SESS-20260801-3859-0060,RENTAL_ACCRUAL,5,459,2026-08-01T11:00:00+08:00
1e09ac04-4899-4927-bb10-91a1f1545427,M-1812,SESS-20260801-2269-0061,RENTAL_ACCRUAL,16,443,2026-08-01T16:30:00+08:00
9ea48356-5b42-4d28-b43b-5a505ae84641,M-2043,SESS-20260801-6808-0062,RENTAL_ACCRUAL,15,113,2026-08-02T01:00:00+08:00
78fa68ba-b153-4c57-aeeb-118d65dd8dec,M-1199,SESS-20260801-4084-0063,RENTAL_ACCRUAL,28,89,2026-08-01T11:45:00+08:00
8488fb07-eacd-462f-9174-a54a9e196f94,M-1863,SESS-20260801-6815-0064,RENTAL_ACCRUAL,40,92,2026-08-02T06:30:00+08:00
e1b46db9-acb4-4058-9eee-ff7fe03b61fe,M-1043,SESS-20260801-3759-0065,RENTAL_ACCRUAL,14,874,2026-08-01T23:00:00+08:00
20a3ad26-f436-496e-aedc-cdc1384b906f,M-1481,SESS-20260801-6898-0066,RENTAL_ACCRUAL,18,268,2026-08-01T16:15:00+08:00
d390ec6a-4b43-4f80-b6bc-09fa0ecb946b,M-1148,SESS-20260801-1484-0067,RENTAL_ACCRUAL,16,148,2026-08-01T18:45:00+08:00
e04bf57f-573f-45ee-ab94-2f76e63fa69a,M-1507,SESS-20260801-2271-0068,RENTAL_ACCRUAL,16,87,2026-08-01T07:00:00+08:00
09957694-565f-44aa-b6cc-b25e263db01a,M-1800,SESS-20260801-1116-0069,RENTAL_ACCRUAL,18,570,2026-08-01T15:15:00+08:00
38d93b6e-3042-48c6-b6d9-040beff2e55e,M-1005,SESS-20260801-1532-0070,RENTAL_ACCRUAL,5,76,2026-08-01T14:45:00+08:00
b62cb686-8fb5-4340-98f9-9cd6c292693b,M-1470,SESS-20260801-7684-0071,RENTAL_ACCRUAL,108,190,2026-08-02T05:15:00+08:00
41462409-2d01-4919-8f0c-a6aa68be1d68,M-1223,SESS-20260801-8060-0072,RENTAL_ACCRUAL,11,57,2026-08-01T21:00:00+08:00
5f97b56e-de70-4f2d-9394-2bf48e574a86,M-2032,SESS-20260801-8425-0073,RENTAL_ACCRUAL,18,406,2026-08-01T15:15:00+08:00
f45badc2-8633-482e-b5ee-802d5cc143c5,M-1028,SESS-20260801-2696-0074,RENTAL_ACCRUAL,12,73,2026-08-02T00:30:00+08:00
787b16a9-b3d8-48fe-ac56-e19fa0a31696,M-1818,SESS-20260801-4088-0075,RENTAL_ACCRUAL,27,309,2026-08-02T01:30:00+08:00
cf10a95f-9c66-4ca1-8509-32e6c2a944e6,M-1484,SESS-20260801-4572-0076,RENTAL_ACCRUAL,18,328,2026-08-02T00:00:00+08:00
1ccebfe1-0e72-4775-8e74-167a5087f236,M-1717,SESS-20260801-4008-0077,RENTAL_ACCRUAL,11,507,2026-08-01T21:45:00+08:00
0d466216-e3be-4a9b-aab0-8179c2322318,M-1447,SESS-20260801-4138-0078,RENTAL_ACCRUAL,72,211,2026-08-01T20:30:00+08:00
76f89ff4-2f1f-4415-8bb4-0f79e5511cc1,M-1905,SESS-20260801-7935-0079,RENTAL_ACCRUAL,15,38,2026-08-02T01:15:00+08:00
ebef62e5-4053-49aa-a5a8-6e1474a0e80e,M-1066,SESS-20260801-3304-0080,RENTAL_REDEMPTION,-100,258,2026-08-01T20:45:00+08:00
dc996f40-cd84-4335-b100-1730cf724244,M-1066,SESS-20260801-3304-0080,RENTAL_ACCRUAL,5,263,2026-08-01T22:45:00+08:00
1b81af45-7090-41eb-ab9c-836b2c0b3442,M-1636,SESS-20260801-6984-0081,RENTAL_ACCRUAL,9,1327,2026-08-01T18:45:00+08:00
113d79bb-3e9d-40e5-8463-da4be45997f3,M-1677,SESS-20260801-8439-0082,RENTAL_REDEMPTION,-100,42,2026-08-01T14:15:00+08:00
f0834e5a-d729-48d1-a41a-f763b4946682,M-1677,SESS-20260801-8439-0082,RENTAL_ACCRUAL,20,62,2026-08-01T16:15:00+08:00
d75cdcbe-b774-4287-a684-fc1f9bf20edf,M-1680,SESS-20260801-4000-0083,RENTAL_ACCRUAL,11,481,2026-08-01T13:30:00+08:00
e6ae2b13-e580-41bc-b7e3-3ab06f0e8d06,M-1169,SESS-20260801-4177-0084,RENTAL_ACCRUAL,45,263,2026-08-02T00:30:00+08:00
7610748a-d0f0-4b41-bdb5-3dddc9bdfe09,M-1845,SESS-20260801-7826-0085,RENTAL_REDEMPTION,-100,277,2026-08-01T08:45:00+08:00
28dece63-ea71-44e5-86a5-0a27e7439392,M-1845,SESS-20260801-7826-0085,RENTAL_ACCRUAL,34,311,2026-08-01T11:45:00+08:00
22509818-2946-4fa1-8945-86974f39eacb,M-2077,SESS-20260801-4950-0086,RENTAL_ACCRUAL,11,173,2026-08-01T20:00:00+08:00
b2a20323-4c20-4b96-91be-76666ca2372f,M-1795,SESS-20260801-6908-0087,RENTAL_REDEMPTION,-100,32,2026-08-01T22:40:00+08:00
46cb1daf-af9d-4636-8e4c-6ca48deb0fca,M-1795,SESS-20260801-6908-0087,RENTAL_ACCRUAL,10,42,2026-08-02T01:40:00+08:00
f0930c11-9fa6-4811-a476-9017beca99b6,M-1925,SESS-20260801-7344-0088,RENTAL_ACCRUAL,9,122,2026-08-01T17:30:00+08:00
dd40f2c9-4019-46ea-8af1-61f391c1c630,M-1817,SESS-20260801-3692-0089,RENTAL_ACCRUAL,45,187,2026-08-01T23:30:00+08:00
a5a03466-cbd9-4e14-a1d9-ac28cf94d4e6,M-1057,SESS-20260801-4605-0090,RENTAL_ACCRUAL,11,96,2026-08-01T12:45:00+08:00
a4396e54-7507-4c91-a4cd-6999148c8ad8,M-1124,SESS-20260801-9975-0091,RENTAL_ACCRUAL,9,167,2026-08-01T11:15:00+08:00
f9ef1af0-e3ca-4802-b1f1-ef7395d73bd4,M-1382,SESS-20260801-2309-0092,RENTAL_ACCRUAL,72,368,2026-08-02T05:35:00+08:00
cb66ca5b-ae9b-4870-85eb-514ab2fa083b,M-1969,SESS-20260801-4145-0093,RENTAL_ACCRUAL,25,94,2026-08-01T17:15:00+08:00
c8b8a8f4-c25b-48fa-aba9-c154a9530c09,M-1225,SESS-20260801-6225-0094,RENTAL_ACCRUAL,27,153,2026-08-01T23:35:00+08:00
5a429688-2bfb-48f1-8044-c0ced687021d,M-1004,SESS-20260801-8657-0095,RENTAL_REDEMPTION,-100,45,2026-08-01T21:45:00+08:00
14d25ee1-b897-4ab1-8056-c1e125d72506,M-1004,SESS-20260801-8657-0095,RENTAL_ACCRUAL,10,55,2026-08-02T00:45:00+08:00
f6c544e3-1c71-48fa-9f82-0b2bf37e7eeb,M-1580,SESS-20260801-5118-0096,RENTAL_ACCRUAL,16,677,2026-08-01T22:20:00+08:00
f31a2da1-5c87-46d8-a656-10349a664a35,M-1281,SESS-20260801-1214-0097,RENTAL_ACCRUAL,28,708,2026-08-01T20:45:00+08:00
1f61e569-bfbb-4df6-bd5b-739816115f16,M-1535,SESS-20260801-3246-0098,RENTAL_ACCRUAL,11,284,2026-08-01T23:50:00+08:00
63d0602b-53d2-4125-b93f-5249c75156a6,M-1468,SESS-20260801-6980-0099,RENTAL_ACCRUAL,28,441,2026-08-02T02:50:00+08:00
4195cfa2-42ea-40ff-99c0-229c3b1f6d3a,M-1948,SESS-20260801-4512-0100,RENTAL_ACCRUAL,25,160,2026-08-01T21:15:00+08:00
34355eee-dcdc-4733-8b98-9a13e22d88c2,M-1843,SESS-20260801-1071-0101,RENTAL_ACCRUAL,15,154,2026-08-01T10:05:00+08:00
45c0849a-7846-40b8-a63e-cf134f6cca5c,M-1469,SESS-20260801-8860-0102,RENTAL_ACCRUAL,16,350,2026-08-01T18:15:00+08:00
5e6119c5-4dc5-4264-8c9f-f4079776df56,M-1573,SESS-20260801-5515-0103,RENTAL_ACCRUAL,28,632,2026-08-01T13:45:00+08:00
83a11164-cecd-487f-8198-a27982657bb5,M-1727,SESS-20260801-6712-0104,RENTAL_REDEMPTION,-200,28,2026-08-01T19:15:00+08:00
c54ef805-d476-4090-b37e-149063f7fe7f,M-1727,SESS-20260801-6712-0104,RENTAL_ACCRUAL,14,42,2026-08-01T22:15:00+08:00
99e9aee9-048a-4681-b34c-757e5e4be371,M-1218,SESS-20260801-6855-0105,RENTAL_REDEMPTION,-100,12,2026-08-01T02:45:00+08:00
60b942c2-96b1-4e75-8edf-d658141868fa,M-1218,SESS-20260801-6855-0105,RENTAL_ACCRUAL,10,22,2026-08-01T05:45:00+08:00
098fe7c2-56d4-45c4-a1da-d765124bf793,M-1131,SESS-20260801-2095-0106,RENTAL_ACCRUAL,40,81,2026-08-02T00:00:00+08:00
01b667df-8b6f-4ca1-b549-ec9428ebfed6,M-2084,SESS-20260801-5799-0107,RENTAL_ACCRUAL,10,130,2026-08-01T04:45:00+08:00
9f2959cf-90b5-4111-bffb-605665cb39d5,M-2123,SESS-20260801-4020-0108,RENTAL_ACCRUAL,10,109,2026-08-01T04:00:00+08:00
6fc2eb09-9c0a-412f-b85f-557d2903e310,M-1188,SESS-20260801-7931-0109,RENTAL_REDEMPTION,-200,57,2026-08-01T23:15:00+08:00
e7843cd1-c71a-42ab-a1fe-c9fd5b1c290e,M-1188,SESS-20260801-7931-0109,RENTAL_ACCRUAL,100,157,2026-08-02T07:15:00+08:00
b5f3390a-e6a9-4146-a3ee-2daf896b7f0c,M-1279,SESS-20260801-5557-0110,RENTAL_ACCRUAL,5,266,2026-08-01T18:30:00+08:00
d90479e0-2918-4bce-8669-a306025213d3,M-1355,SESS-20260801-1473-0111,RENTAL_REDEMPTION,-100,120,2026-08-01T17:15:00+08:00
c64aedd2-1337-43c8-9138-f9e864f53560,M-1355,SESS-20260801-1473-0111,RENTAL_ACCRUAL,5,125,2026-08-01T19:15:00+08:00
4dd8ee2b-61bc-44bc-8a2b-23a06ed3dd82,M-1103,SESS-20260801-3777-0112,RENTAL_ACCRUAL,5,107,2026-08-01T15:00:00+08:00
e7f919f1-1ae1-4846-af02-72ce853cab88,M-1581,SESS-20260801-4720-0113,RENTAL_REDEMPTION,-100,131,2026-08-01T16:45:00+08:00
3fdd5997-865d-46f8-be7b-fb85fc7e3d88,M-1581,SESS-20260801-4720-0113,RENTAL_ACCRUAL,5,136,2026-08-01T18:45:00+08:00
9ce9c24b-12cd-4145-849f-fe0c0278edce,M-1132,SESS-20260801-5447-0114,RENTAL_ACCRUAL,30,926,2026-08-02T04:15:00+08:00
8b7c0639-afa4-4a8a-9d17-016ddfb465bc,M-1127,SESS-20260801-8168-0115,RENTAL_ACCRUAL,45,245,2026-08-01T14:30:00+08:00
e48fea2a-e335-4b41-bc89-96486603c923,M-1512,SESS-20260801-7445-0116,RENTAL_ACCRUAL,72,278,2026-08-02T07:00:00+08:00
ca7381cb-e39c-4213-9df9-1748dab52751,M-1044,SESS-20260801-8789-0117,RENTAL_ACCRUAL,28,474,2026-08-01T23:30:00+08:00
4dd4c911-a142-4193-8493-2282830c594e,M-1057,SESS-20260801-3055-0118,RENTAL_ACCRUAL,40,136,2026-08-02T02:15:00+08:00
2035dd74-3dc4-4456-ba6b-c807ed7936e4,M-1083,SESS-20260801-5219-0119,RENTAL_ACCRUAL,5,423,2026-08-02T00:00:00+08:00
95e44e4b-f711-4c7a-bcd1-ee44977ed293,M-1336,SESS-20260801-9491-0120,RENTAL_ACCRUAL,5,320,2026-08-01T18:00:00+08:00
9fd884f6-81e8-47f3-adae-23890d915a86,M-1401,SESS-20260801-8599-0121,RENTAL_ACCRUAL,16,513,2026-08-02T00:55:00+08:00
f1e5760b-c933-4521-bd9c-6db88fb4a997,M-2127,SESS-20260801-6036-0122,RENTAL_ACCRUAL,36,71,2026-08-01T22:15:00+08:00
d54af9b3-9cc3-4835-acd5-b9281f0c71d2,M-2110,SESS-20260801-7809-0123,RENTAL_ACCRUAL,67,578,2026-08-02T03:45:00+08:00
ca4dfa2f-2a9e-4554-b418-a206a77b5fe0,M-1251,SESS-20260801-9911-0124,RENTAL_ACCRUAL,45,91,2026-08-01T19:40:00+08:00
0f2e205e-da1c-4b50-a07b-1b5d61e5d85a,M-1600,SESS-20260801-9716-0125,RENTAL_ACCRUAL,9,206,2026-08-01T11:00:00+08:00
f2060c6b-e460-4037-bf07-a3dcec981d9a,M-1802,SESS-20260801-7744-0126,RENTAL_ACCRUAL,18,126,2026-08-02T00:55:00+08:00
52ca373a-81cc-4c2e-90d4-a8d784ac8b71,M-1269,SESS-20260801-2055-0127,RENTAL_ACCRUAL,18,325,2026-08-02T00:15:00+08:00
868680b0-70b0-4cab-98dc-1e9d5f6c4be1,M-1308,SESS-20260801-5591-0128,RENTAL_REDEMPTION,-100,281,2026-08-01T21:30:00+08:00
9479b65a-4d18-4b98-bbd0-a86993a7fadd,M-1308,SESS-20260801-5591-0128,RENTAL_ACCRUAL,38,319,2026-08-02T02:30:00+08:00
fbaf1c14-8906-449b-97f8-6ba4cba4db2b,M-1150,SESS-20260801-1859-0129,RENTAL_ACCRUAL,40,379,2026-08-01T23:00:00+08:00
a20ae3f9-22f1-497e-b804-f420003e1722,M-1053,SESS-20260801-3848-0130,RENTAL_ACCRUAL,11,537,2026-08-01T20:00:00+08:00
381e7670-ece8-4c7d-bc3c-c19104587082,M-2091,SESS-20260801-8250-0131,RENTAL_ACCRUAL,15,307,2026-08-01T20:00:00+08:00
0dc171fb-0a6c-4ed5-a86e-631f0ca3d73a,M-1412,SESS-20260801-1105-0132,RENTAL_REDEMPTION,-100,208,2026-08-01T16:30:00+08:00
8d0a1fd8-5ca8-43c5-9c94-7f83811d6a4c,M-1412,SESS-20260801-1105-0132,RENTAL_ACCRUAL,34,242,2026-08-01T19:30:00+08:00
f5817e91-0b3f-4903-b1c4-a373357b386f,M-1591,SESS-20260801-8952-0133,RENTAL_ACCRUAL,48,2014,2026-08-01T20:30:00+08:00
dc5ec9cf-ef64-4602-81b2-bd2b10f253b3,M-1395,SESS-20260801-8798-0134,RENTAL_ACCRUAL,18,105,2026-08-01T16:15:00+08:00
3a2821b0-754b-4af9-8a1e-777a2a95ba09,M-2032,SESS-20260801-5795-0135,RENTAL_ACCRUAL,11,417,2026-08-01T23:30:00+08:00
d35977c9-dc2e-43be-9ead-c82e4bfaf3e9,M-1626,SESS-20260801-9246-0136,RENTAL_ACCRUAL,16,148,2026-08-02T00:30:00+08:00
98f68e6d-3774-4a83-8241-01dc247f8d20,M-1819,SESS-20260801-6343-0137,RENTAL_ACCRUAL,18,98,2026-08-01T11:15:00+08:00
9e3c4427-93ae-4ce7-b85d-561c21f548af,M-1003,SESS-20260801-6768-0138,RENTAL_ACCRUAL,5,152,2026-08-01T16:45:00+08:00
26f3f2e5-97ac-4909-aaf0-be6cf67008d7,M-1271,SESS-20260801-6020-0139,RENTAL_ACCRUAL,27,332,2026-08-01T21:15:00+08:00
768bd330-ce2b-4a24-a767-c3ea4930eba1,M-1790,SESS-20260801-4133-0140,RENTAL_REDEMPTION,-200,214,2026-08-01T17:45:00+08:00
00ddebca-68e5-4b51-be12-e1d54cdab985,M-1790,SESS-20260801-4133-0140,RENTAL_ACCRUAL,5,219,2026-08-01T19:45:00+08:00
1e0bdf7c-3fbf-4b3b-b9b5-1e82d918e45a,M-2107,SESS-20260801-2675-0141,RENTAL_REDEMPTION,-100,77,2026-08-01T20:45:00+08:00
7463a06e-b822-4a69-9bbc-ff7ae40a02b6,M-2107,SESS-20260801-2675-0141,RENTAL_ACCRUAL,5,82,2026-08-01T22:45:00+08:00
894b5af8-45b8-45ac-9932-2dcf23cda745,M-1314,SESS-20260801-6243-0142,RENTAL_ACCRUAL,72,302,2026-08-01T21:15:00+08:00
0f31002f-2bf8-43d0-aebd-c335ac871956,M-1070,SESS-20260801-9500-0143,RENTAL_ACCRUAL,27,188,2026-08-01T21:00:00+08:00
9fbfbfc5-1185-4697-9e2f-e1d65839fc15,M-1051,SESS-20260801-8925-0144,RENTAL_ACCRUAL,11,152,2026-08-01T23:05:00+08:00
5ea51cc9-1e07-4954-97cb-6535bb80572b,M-1658,SESS-20260801-2734-0145,RENTAL_ACCRUAL,18,319,2026-08-01T23:45:00+08:00
d90bd8d9-3dc7-4e23-b82f-f7e0774a3e54,M-1032,SESS-20260801-1248-0146,RENTAL_ACCRUAL,5,238,2026-08-01T07:00:00+08:00
80b99f4e-5b0c-47ef-8935-2f20c3042894,M-1191,SESS-20260801-2896-0147,RENTAL_ACCRUAL,16,392,2026-08-01T14:15:00+08:00
6d7067a8-9894-43e2-ad28-b4470c132960,M-2056,SESS-20260801-1732-0148,RENTAL_REDEMPTION,-100,122,2026-08-01T20:30:00+08:00
0c5b0408-bab9-4c55-b505-3d964064a18d,M-2056,SESS-20260801-1732-0148,RENTAL_ACCRUAL,3,125,2026-08-01T21:30:00+08:00
c2988710-9e71-406c-b318-7715e1707a43,M-2004,SESS-20260801-7825-0149,RENTAL_ACCRUAL,25,140,2026-08-01T19:15:00+08:00
9a183c54-043d-4049-b8e7-b0e05ef15f0e,M-2004,TIER_UPGRADE_Standard_TO_Silver,TIER_BONUS,50,190,2026-08-01T19:15:00+08:00
0678e962-3085-48f3-8f5c-55e62c84c876,M-1997,SESS-20260801-9863-0150,RENTAL_REDEMPTION,-100,28,2026-08-01T20:00:00+08:00
8bdc3cf9-6682-4a4d-8c55-e78e1f89a227,M-1997,SESS-20260801-9863-0150,RENTAL_ACCRUAL,20,48,2026-08-02T01:00:00+08:00
b5104abf-44bc-4f34-9e1b-dccc9341a67f,M-1944,SESS-20260801-2324-0151,RENTAL_ACCRUAL,27,364,2026-08-02T01:45:00+08:00
e66e3e2b-4b75-4343-b286-903d20c0c714,M-1118,SESS-20260801-7856-0152,RENTAL_ACCRUAL,11,273,2026-08-01T20:00:00+08:00
56369adb-fa39-4db0-bd99-4765051fcdee,M-1679,SESS-20260801-1098-0153,RENTAL_ACCRUAL,11,574,2026-08-01T16:00:00+08:00
4284b829-2a28-4a25-8eb8-79ea181d10bb,M-2016,SESS-20260801-2071-0154,RENTAL_ACCRUAL,5,193,2026-08-01T09:45:00+08:00
5196be33-064d-45d0-81a1-33c61f895c5f,M-1058,SESS-20260801-7503-0155,RENTAL_ACCRUAL,27,287,2026-08-01T11:30:00+08:00
1a44ffd9-6887-405f-acad-71234d8198b5,M-1032,SESS-20260801-4972-0156,RENTAL_ACCRUAL,11,249,2026-08-01T19:30:00+08:00
e65ffb03-bb0b-4dff-bfe3-50a12fb724bd,M-1284,SESS-20260801-6450-0157,RENTAL_ACCRUAL,11,322,2026-08-01T22:30:00+08:00
c34521ba-471b-4d60-ba17-cb228667683b,M-1436,SESS-20260801-7597-0158,RENTAL_ACCRUAL,16,533,2026-08-01T23:00:00+08:00
d0c9c5f8-20da-4719-be16-1396c306b448,M-1972,SESS-20260801-4100-0159,RENTAL_ACCRUAL,10,32,2026-08-02T01:45:00+08:00
c85ec434-efac-4691-ab70-2e5a3e69ec74,M-1486,SESS-20260801-8883-0160,RENTAL_ACCRUAL,11,279,2026-08-01T23:00:00+08:00
bf7bd4ba-b80a-4d3d-b748-4a3eab0730d1,M-1496,SESS-20260801-5721-0161,RENTAL_ACCRUAL,18,311,2026-08-01T11:30:00+08:00
3c625707-9031-4947-8e8c-fe06d511832b,M-1602,SESS-20260801-8952-0162,RENTAL_ACCRUAL,45,348,2026-08-02T02:00:00+08:00
6143af30-0f70-4f33-9438-834dc1294a4b,M-1979,SESS-20260801-1347-0163,RENTAL_ACCRUAL,10,85,2026-08-01T15:30:00+08:00
24fc2251-b2d7-4c8d-b9c1-ad4fa467cd26,M-2060,SESS-20260801-3055-0164,RENTAL_ACCRUAL,5,31,2026-08-01T20:30:00+08:00
6e0c75a1-6650-4c63-bd44-19288e9f140b,M-1977,SESS-20260801-3995-0165,RENTAL_ACCRUAL,28,234,2026-08-02T01:40:00+08:00
58bbd8e5-0142-4d8c-ad19-8ff61cbe4f5b,M-1971,SESS-20260801-6650-0166,RENTAL_ACCRUAL,27,318,2026-08-01T17:15:00+08:00
c4d07b98-d693-4ed1-aeb5-b0e4a8a119b5,M-2071,SESS-20260801-9074-0167,RENTAL_ACCRUAL,24,158,2026-08-01T18:15:00+08:00
302a0827-8d4c-4772-a722-4c802ae285bf,M-1137,SESS-20260801-4594-0168,RENTAL_REDEMPTION,-100,258,2026-08-01T22:30:00+08:00
13dd1d84-da78-424e-8f19-7c720bf5a3b4,M-1137,SESS-20260801-4594-0168,RENTAL_ACCRUAL,5,263,2026-08-02T00:30:00+08:00
b5b7daf4-1d46-44a2-9bdf-d6a88f2a2bc9,M-2186,SESS-20260801-6926-0169,RENTAL_ACCRUAL,10,85,2026-08-01T19:00:00+08:00
0259ab6e-aab4-479e-9b2c-a57bc50f7d91,M-1228,SESS-20260801-1285-0170,RENTAL_ACCRUAL,16,310,2026-08-02T00:00:00+08:00
ef224b7a-1e95-4377-beee-9d4a8679f3cf,M-2175,SESS-20260801-6738-0171,RENTAL_ACCRUAL,5,247,2026-08-01T11:45:00+08:00
7d0e02b3-ff25-4376-9307-a7886d29c7f4,M-1387,SESS-20260801-1660-0172,RENTAL_REDEMPTION,-200,146,2026-08-01T22:45:00+08:00
269b4676-b103-4153-acb7-ddb26542dc76,M-1387,SESS-20260801-1660-0172,RENTAL_ACCRUAL,1,147,2026-08-01T23:45:00+08:00
725d2351-789e-4646-a161-a116bbc5753d,M-1841,SESS-20260801-7200-0173,RENTAL_REDEMPTION,-300,247,2026-08-01T18:00:00+08:00
59616965-2304-46ed-843e-8a4625017ec5,M-1841,SESS-20260801-7200-0173,RENTAL_ACCRUAL,9,256,2026-08-01T23:00:00+08:00
f6efd12c-bf42-4e09-9a25-717142a65075,M-1259,SESS-20260801-9380-0174,RENTAL_REDEMPTION,-100,385,2026-08-01T18:15:00+08:00
4f92cc0f-1399-478d-b26e-36ad92214041,M-1259,SESS-20260801-9380-0174,RENTAL_ACCRUAL,5,390,2026-08-01T20:15:00+08:00
4920ecc9-6a5f-4050-8493-7561f4e9c86d,M-1542,SESS-20260801-4806-0175,RENTAL_ACCRUAL,11,276,2026-08-01T12:15:00+08:00
65c821d1-a6f2-40d1-8d01-5c790695ccac,M-1077,SESS-20260801-5115-0176,RENTAL_ACCRUAL,40,563,2026-08-02T02:05:00+08:00
f7d7081e-c256-45b8-82b4-61c40c215765,M-1337,SESS-20260801-8297-0177,RENTAL_ACCRUAL,6,408,2026-08-01T20:15:00+08:00
8f6a9c96-351d-4221-95e8-b542c5c1926c,M-1256,SESS-20260801-4561-0178,RENTAL_ACCRUAL,11,57,2026-08-01T13:45:00+08:00
773f4967-7be2-4f28-8ed8-3fe2f9a8462a,M-1640,SESS-20260801-4079-0179,RENTAL_ACCRUAL,9,117,2026-08-01T21:35:00+08:00
7148b635-f9d5-4069-ab41-def2d0c6ac48,M-1765,SESS-20260801-6397-0180,RENTAL_ACCRUAL,108,210,2026-08-02T03:30:00+08:00
9ab08c3c-a7e8-4762-8f04-30e4bc341693,M-1620,SESS-20260801-3340-0181,RENTAL_ACCRUAL,11,119,2026-08-01T10:30:00+08:00
84aab438-78cc-4e33-9198-25876940b570,M-1258,SESS-20260801-6528-0182,RENTAL_ACCRUAL,11,491,2026-08-01T23:00:00+08:00
d03d2933-411f-45de-9680-e15ddaba9d04,M-1288,SESS-20260801-9900-0183,RENTAL_ACCRUAL,12,934,2026-08-01T16:30:00+08:00
0e82404e-fa31-4afc-a479-9861f4aac7f8,M-1416,SESS-20260801-8229-0184,RENTAL_ACCRUAL,6,2419,2026-08-01T17:40:00+08:00
3b13fe62-07e8-437b-a493-9a92b24f6046,M-1378,SESS-20260801-5684-0185,RENTAL_ACCRUAL,18,150,2026-08-01T10:00:00+08:00
ec2f1539-926c-4f87-9ed2-bd819517735b,M-1821,SESS-20260801-9114-0186,RENTAL_ACCRUAL,5,342,2026-08-01T19:50:00+08:00
4d064455-f68a-4257-948c-768b3430d2e3,M-1182,SESS-20260801-1842-0187,RENTAL_ACCRUAL,11,277,2026-08-02T00:15:00+08:00
2d76967c-5bf3-4cb9-8be2-237b6aa5d56a,M-1503,SESS-20260801-6934-0188,RENTAL_ACCRUAL,67,775,2026-08-02T00:15:00+08:00
cc03737d-ed28-4a2c-bdb0-27a1c562b50c,M-1084,SESS-20260801-9003-0189,RENTAL_ACCRUAL,11,320,2026-08-01T22:30:00+08:00
a9308ca5-0b98-46fb-98bf-2d31763e8019,M-1655,SESS-20260801-2108-0190,RENTAL_REDEMPTION,-100,172,2026-08-01T15:00:00+08:00
e27a1004-b4c6-4a53-8794-fb7a6dbd1d22,M-1655,SESS-20260801-2108-0190,RENTAL_ACCRUAL,5,177,2026-08-01T17:00:00+08:00
f6fb4eb2-9e90-4d0c-9e78-99c6fab1edcc,M-1864,SESS-20260801-5510-0191,RENTAL_ACCRUAL,24,238,2026-08-01T17:00:00+08:00
055f6256-e68b-4318-b394-fcd188cf6af7,M-1350,SESS-20260801-1534-0192,RENTAL_ACCRUAL,67,509,2026-08-01T18:30:00+08:00
0c1fd105-3dbf-42b8-a08d-c6364e9d7f09,M-1627,SESS-20260801-1103-0193,RENTAL_ACCRUAL,45,426,2026-08-02T06:25:00+08:00
85a1f9ca-1956-4165-bb27-70a3f3891f6f,M-1665,SESS-20260801-6221-0194,RENTAL_ACCRUAL,43,1170,2026-08-02T00:45:00+08:00
1a268e16-461d-4add-b9b1-32af31e213bb,M-1147,SESS-20260801-2205-0195,RENTAL_ACCRUAL,16,522,2026-08-01T22:05:00+08:00
e9e37895-2274-4296-8395-6fe998993bff,M-1160,SESS-20260801-8587-0196,RENTAL_ACCRUAL,11,229,2026-08-01T02:30:00+08:00
f0168ba2-7114-412f-825d-ce5ccfee6e1c,M-1276,SESS-20260801-4918-0197,RENTAL_ACCRUAL,11,702,2026-08-01T17:10:00+08:00
07128eab-0ba6-4336-9f46-f2a84f030117,M-1439,SESS-20260801-3176-0198,RENTAL_ACCRUAL,28,239,2026-08-01T18:00:00+08:00
c2062f76-e340-4f90-a873-6b34e7a255c9,M-1307,SESS-20260801-3810-0199,RENTAL_REDEMPTION,-200,228,2026-08-01T17:00:00+08:00
4df2dcf8-0125-4b59-8f65-b27a5f9dbf98,M-1307,SESS-20260801-3810-0199,RENTAL_ACCRUAL,5,233,2026-08-01T19:00:00+08:00
53ccf8ea-05d5-4450-9e20-0edace741124,M-1037,SESS-20260801-5611-0200,RENTAL_ACCRUAL,30,547,2026-08-01T19:00:00+08:00
d4a0d2a5-1d06-4a0d-8104-044105f12503,M-1941,SESS-20260801-3810-0201,RENTAL_ACCRUAL,24,43,2026-08-01T13:45:00+08:00
429cb7b9-ab7b-482a-b0f4-f55fb71912cb,M-1469,SESS-20260801-7454-0202,RENTAL_ACCRUAL,11,361,2026-08-02T01:15:00+08:00
309fa101-b08c-4531-b2e9-a4193b445c67,M-1297,SESS-20260801-4818-0203,RENTAL_ACCRUAL,5,119,2026-08-01T16:00:00+08:00
4c738825-6105-4e9d-b709-b5885fbd4fc7,M-1769,SESS-20260801-1713-0204,RENTAL_ACCRUAL,5,243,2026-08-02T00:15:00+08:00
6197860d-8b45-414b-aa82-b476828f7d75,M-2062,SESS-20260801-3131-0205,RENTAL_ACCRUAL,5,129,2026-08-01T10:45:00+08:00
8237d20a-14b2-4b05-bd0e-f48a2f6be555,M-1196,SESS-20260801-3565-0206,RENTAL_ACCRUAL,13,79,2026-08-01T19:15:00+08:00
4eb11697-9644-46c4-ae7a-267705ded060,M-1356,SESS-20260801-6907-0207,RENTAL_ACCRUAL,9,911,2026-08-02T00:45:00+08:00
44ac0b5b-e3f3-4e03-8316-4531dc598162,M-1924,SESS-20260801-3071-0208,RENTAL_ACCRUAL,16,24,2026-08-01T03:55:00+08:00
f8058aa0-ff65-4b3d-9cbc-f161a1c2c53b,M-1256,SESS-20260801-3478-0209,RENTAL_ACCRUAL,5,62,2026-08-02T00:00:00+08:00
a2b7e983-db53-48f0-8572-af55c1225601,M-1578,SESS-20260801-8477-0210,RENTAL_ACCRUAL,27,240,2026-08-02T00:45:00+08:00
6162dafd-97da-4f3e-9366-331536d6901a,M-1600,SESS-20260801-5005-0211,RENTAL_REDEMPTION,-200,6,2026-08-01T20:10:00+08:00
c4982fb2-baed-4644-98f7-62c4226b98c2,M-1600,SESS-20260801-5005-0211,RENTAL_ACCRUAL,4,10,2026-08-01T23:10:00+08:00
7c7329d0-0098-4876-b01d-7eb86b278f01,M-1282,SESS-20260801-7149-0212,RENTAL_REDEMPTION,-100,35,2026-08-01T23:45:00+08:00
c06e3753-2cbe-49c1-9437-88d3a7a96894,M-1282,SESS-20260801-7149-0212,RENTAL_ACCRUAL,10,45,2026-08-02T02:45:00+08:00
de4bf53e-64fa-4133-92ab-054a249309d8,M-1497,SESS-20260801-3298-0213,RENTAL_ACCRUAL,18,815,2026-08-01T21:10:00+08:00
c23e546e-3800-448d-afc5-60d6f6db17f8,M-1291,SESS-20260801-3218-0214,RENTAL_ACCRUAL,45,347,2026-08-01T11:45:00+08:00
e1383cd6-19ad-49f5-af80-3e9d901104d8,M-1751,SESS-20260801-6364-0215,RENTAL_ACCRUAL,11,463,2026-08-01T22:05:00+08:00
aee51fbe-84e2-4ccf-9cfe-35a0f0a2f4cd,M-2076,SESS-20260801-5501-0216,RENTAL_ACCRUAL,8,93,2026-08-01T22:20:00+08:00
2e1e84ab-391d-4790-95e0-6a1ce5799621,M-2131,SESS-20260801-5292-0217,RENTAL_ACCRUAL,10,55,2026-08-01T22:00:00+08:00
d357d430-0662-4b62-bc0e-da639f38bd62,M-1350,SESS-20260801-5825-0218,RENTAL_ACCRUAL,5,514,2026-08-01T20:20:00+08:00
edd417d5-a3ef-4167-b8de-9f138be7920f,M-1797,SESS-20260801-7932-0219,RENTAL_ACCRUAL,27,294,2026-08-01T15:00:00+08:00
e4fd8606-b37b-4a2f-8397-1ee89cdfab8a,M-1300,SESS-20260801-8927-0220,RENTAL_ACCRUAL,76,450,2026-08-02T07:15:00+08:00
94fbfe88-328c-481d-b492-f65017adf375,M-1629,SESS-20260801-1330-0221,RENTAL_REDEMPTION,-100,146,2026-08-01T19:30:00+08:00
a3499048-e31f-4ac8-b140-532135d18e80,M-1629,SESS-20260801-1330-0221,RENTAL_ACCRUAL,20,166,2026-08-01T21:30:00+08:00
35b56a5d-e614-4d77-99f6-657a25050d66,M-1635,SESS-20260801-7088-0222,RENTAL_ACCRUAL,27,336,2026-08-02T00:30:00+08:00
ec96bb95-be57-4181-a7cb-53918c6621a9,M-1774,SESS-20260801-8627-0223,RENTAL_ACCRUAL,11,353,2026-08-01T22:45:00+08:00
6e6a439a-66da-43ec-b90c-244da271b289,M-1713,SESS-20260801-2378-0224,RENTAL_ACCRUAL,5,264,2026-08-01T14:15:00+08:00
ce1b0e0e-e008-4bb6-9905-b19bbc39814b,M-1432,SESS-20260801-8304-0225,RENTAL_ACCRUAL,30,3287,2026-08-02T03:10:00+08:00
11fd8b4c-6aa2-4a81-a334-d971c219f4c2,M-1673,SESS-20260801-8053-0226,RENTAL_REDEMPTION,-100,385,2026-08-01T17:15:00+08:00
2f3841f6-d145-42a6-a4ed-2edc627cc302,M-1673,SESS-20260801-8053-0226,RENTAL_ACCRUAL,34,419,2026-08-01T20:15:00+08:00
bf11bfe2-cf9c-48eb-8eeb-948a7a454e74,M-1669,SESS-20260801-9148-0227,RENTAL_REDEMPTION,-100,125,2026-08-01T16:05:00+08:00
302346dd-5130-4aa4-b8cf-77a21c72100e,M-1669,SESS-20260801-9148-0227,RENTAL_ACCRUAL,5,130,2026-08-01T18:05:00+08:00
9caec853-4fe0-49ea-a82f-949d82caa0af,M-1784,SESS-20260801-3562-0228,RENTAL_ACCRUAL,28,287,2026-08-02T02:45:00+08:00
abbb5f12-a5d1-4abe-a0db-75e8af472140,M-1026,SESS-20260801-8814-0229,RENTAL_ACCRUAL,12,1630,2026-08-01T20:10:00+08:00
7ab5e175-158a-4a2c-a106-6b2528784a56,M-1192,SESS-20260801-5928-0230,RENTAL_ACCRUAL,5,233,2026-08-01T18:15:00+08:00
ac8a1e45-6d8c-460f-933f-c8173da1c144,M-1426,SESS-20260801-1930-0231,RENTAL_REDEMPTION,-200,890,2026-08-01T20:30:00+08:00
7aeb4ee7-da16-4ffb-a24c-6a6efa49ea50,M-1426,SESS-20260801-1930-0231,RENTAL_ACCRUAL,32,922,2026-08-02T01:30:00+08:00
3114f29d-db57-4064-8db1-63bbc97ec712,M-1450,SESS-20260801-4349-0232,RENTAL_REDEMPTION,-100,193,2026-08-01T20:25:00+08:00
202c3cad-c544-444d-843d-4c3a843cac74,M-1450,SESS-20260801-4349-0232,RENTAL_ACCRUAL,10,203,2026-08-01T23:25:00+08:00
452bfa44-33c5-4ca6-809b-f57438d255cf,M-1452,SESS-20260801-5601-0233,RENTAL_ACCRUAL,16,30,2026-08-01T20:25:00+08:00
431f7ca5-f564-4578-ad3f-81b86b95f0fa,M-1680,SESS-20260801-9794-0234,RENTAL_ACCRUAL,45,526,2026-08-02T02:00:00+08:00
6e4c27ea-6cc3-4151-a8a0-468d3bacbe78,M-1740,SESS-20260801-9232-0235,RENTAL_ACCRUAL,48,2424,2026-08-01T20:25:00+08:00
f525af7b-04a9-4526-9523-6a65dbb65fcc,M-1596,SESS-20260801-7817-0236,RENTAL_ACCRUAL,28,357,2026-08-01T18:45:00+08:00
5399c7fd-6661-4a9a-9213-12f34f438e47,M-1423,SESS-20260801-7430-0237,RENTAL_ACCRUAL,27,403,2026-08-01T14:00:00+08:00
cb35a6ba-c650-4068-9a48-04e93e741020,M-1793,SESS-20260801-2382-0238,RENTAL_REDEMPTION,-100,863,2026-08-01T19:30:00+08:00
d00e40eb-efb5-42c6-be09-22a10b29ac6f,M-1793,SESS-20260801-2382-0238,RENTAL_ACCRUAL,40,903,2026-08-02T00:30:00+08:00
d43dc7bf-913e-4621-8b47-c4caaddec281,M-1010,SESS-20260801-6296-0239,RENTAL_ACCRUAL,16,110,2026-08-02T01:10:00+08:00
cf9b29e4-9e2e-43ba-9e05-2c9b93c3ae6e,M-2084,SESS-20260801-7531-0240,RENTAL_ACCRUAL,5,135,2026-08-01T21:15:00+08:00
52943ed1-fc8e-4cdd-bd38-3442d6841c3b,M-1304,SESS-20260801-9110-0241,RENTAL_ACCRUAL,18,344,2026-08-01T07:45:00+08:00
a523ef59-f443-4476-bd03-ba14bcf829b0,M-1254,SESS-20260801-9036-0242,RENTAL_REDEMPTION,-200,24,2026-08-01T23:55:00+08:00
0d0a5de8-6010-4c9e-a290-ca002b5876e6,M-1254,SESS-20260801-9036-0242,RENTAL_ACCRUAL,14,38,2026-08-02T02:55:00+08:00
06e8dd95-3b10-4ba4-901c-abe1492747c3,M-1641,SESS-20260801-1829-0243,RENTAL_ACCRUAL,9,111,2026-08-01T21:35:00+08:00
b6abaa29-74fd-47c1-a215-be30042f6b25,M-1158,SESS-20260801-4652-0244,RENTAL_ACCRUAL,16,376,2026-08-01T23:30:00+08:00
e394c12d-74b8-47a1-9e14-3a430f02dcf9,M-2035,SESS-20260801-9462-0245,RENTAL_ACCRUAL,16,106,2026-08-01T20:00:00+08:00
0b56f433-b450-4db8-b2d9-d0d67b77fff7,M-1836,SESS-20260801-5098-0246,RENTAL_ACCRUAL,11,562,2026-08-01T22:00:00+08:00
7fded86f-d233-4022-8b4e-59dc6277cf92,M-1261,SESS-20260801-2604-0247,RENTAL_ACCRUAL,27,373,2026-08-02T00:40:00+08:00
41df958d-042b-4f7c-85c6-c47218d1752a,M-1093,SESS-20260801-8528-0248,RENTAL_ACCRUAL,11,179,2026-08-01T17:45:00+08:00
8f00e2bb-c12c-4f46-acd8-94085c9d6163,M-2106,SESS-20260801-8153-0249,RENTAL_ACCRUAL,8,218,2026-08-01T16:15:00+08:00
83a28e0f-2d52-487b-a5d2-f0f26611d090,M-2113,SESS-20260801-8336-0250,RENTAL_ACCRUAL,24,138,2026-08-01T20:35:00+08:00
c2162057-6c53-4d3b-82fb-0d14ae83b6f1,M-1659,SESS-20260801-3613-0251,RENTAL_ACCRUAL,27,393,2026-08-02T02:15:00+08:00
0dabb1f2-c9b3-4293-b9b7-68b9b867fe78,M-2105,SESS-20260801-8888-0252,RENTAL_ACCRUAL,10,122,2026-08-01T19:00:00+08:00
477ef503-f495-4d13-88fe-da29a2200d41,M-1521,SESS-20260801-1270-0253,RENTAL_ACCRUAL,76,474,2026-08-02T06:35:00+08:00
83769dd0-7526-488d-8799-dc9df47f7e7b,M-1396,SESS-20260801-9118-0254,RENTAL_REDEMPTION,-100,183,2026-08-01T12:25:00+08:00
5d2fd7d6-ab25-4701-b1b4-c4f6a2de0869,M-1396,SESS-20260801-9118-0254,RENTAL_ACCRUAL,21,204,2026-08-01T17:25:00+08:00
6ca0fd20-3375-4e41-ad80-d3cce8ef63fa,M-1449,SESS-20260801-9513-0255,RENTAL_REDEMPTION,-200,93,2026-08-01T21:30:00+08:00
cf129b9a-c223-407a-8a17-cd84d2d61644,M-1449,SESS-20260801-9513-0255,RENTAL_ACCRUAL,1,94,2026-08-01T22:30:00+08:00
25f27a8c-cce0-4766-af44-b4b5737b0248,M-1766,SESS-20260801-7527-0256,RENTAL_ACCRUAL,18,682,2026-08-01T12:15:00+08:00
378f3c81-98ce-4097-9e9c-32427f21b028,M-2045,SESS-20260801-5000-0257,RENTAL_ACCRUAL,10,41,2026-08-01T19:15:00+08:00
f7a90c93-d16d-449b-a556-0ff926c4a6b3,M-1862,SESS-20260801-5215-0258,RENTAL_ACCRUAL,16,95,2026-08-01T23:00:00+08:00
a1817524-3083-4dbe-842d-f21ddf5dbe35,M-1523,SESS-20260801-4519-0259,RENTAL_REDEMPTION,-100,54,2026-08-01T17:15:00+08:00
796b4ee0-b988-4da8-b261-fb392f3304e8,M-1523,SESS-20260801-4519-0259,RENTAL_ACCRUAL,20,74,2026-08-01T19:15:00+08:00
8a11373c-7e70-40fa-ba84-179e01363359,M-1777,SESS-20260801-3451-0260,RENTAL_REDEMPTION,-100,151,2026-08-01T23:30:00+08:00
45d6b54c-e039-47b6-b6bd-ed83a72442f6,M-1777,SESS-20260801-3451-0260,RENTAL_ACCRUAL,4,155,2026-08-02T01:30:00+08:00
c0762aa2-f93b-4937-aae1-58aa8fc35b56,M-1241,SESS-20260801-8041-0261,RENTAL_REDEMPTION,-100,217,2026-08-01T17:30:00+08:00
b00b60cc-cc8c-42d1-9656-4861e3a6d85f,M-1241,SESS-20260801-8041-0261,RENTAL_ACCRUAL,11,228,2026-08-01T19:30:00+08:00
fea1ed5b-269f-45d7-ac69-c09125c07e5a,M-1478,SESS-20260801-2840-0262,RENTAL_ACCRUAL,16,157,2026-08-01T20:25:00+08:00
0f03ada6-0bc1-4f65-8795-417a3c2c76a3,M-1439,SESS-20260801-7165-0263,RENTAL_ACCRUAL,11,250,2026-08-01T20:15:00+08:00
38feeef5-29eb-44f0-9b8c-0b8f7d844a97,M-2053,SESS-20260801-6609-0264,RENTAL_ACCRUAL,15,213,2026-08-01T22:30:00+08:00
69adcf79-3ebd-444c-abb5-8ac5906e95dd,M-1685,SESS-20260801-5625-0265,RENTAL_ACCRUAL,11,54,2026-08-01T20:45:00+08:00
c54e42f5-e328-45e1-bcbb-ef3cbb2ab00b,M-1446,SESS-20260801-2632-0266,RENTAL_ACCRUAL,5,75,2026-08-01T23:55:00+08:00
27e5803f-8b17-430f-967a-d63b848f5e0b,M-2050,SESS-20260801-4889-0267,RENTAL_ACCRUAL,16,136,2026-08-01T23:15:00+08:00
e6f5e915-d752-462c-be6b-7c45ca3dab9b,M-1232,SESS-20260801-2191-0268,RENTAL_ACCRUAL,11,531,2026-08-01T21:15:00+08:00
f95e13eb-3a58-41b2-a429-a7e4efbb74fd,M-1214,SESS-20260801-9016-0269,RENTAL_REDEMPTION,-200,225,2026-08-01T16:20:00+08:00
e4415103-7bf5-4d23-82f5-f1ce55168393,M-1214,SESS-20260801-9016-0269,RENTAL_ACCRUAL,14,239,2026-08-01T19:20:00+08:00
690fec0a-6e88-4cc2-a194-bb5a9b9270e3,M-1035,SESS-20260801-7376-0270,RENTAL_REDEMPTION,-200,70,2026-08-01T23:45:00+08:00
6cd131b3-f9b4-4ccb-9176-0e1eca0cadad,M-1035,SESS-20260801-7376-0270,RENTAL_ACCRUAL,28,98,2026-08-02T02:45:00+08:00
c0da909f-791c-4073-bbe7-d786e27e4817,M-1829,SESS-20260801-3633-0271,RENTAL_ACCRUAL,5,212,2026-08-01T18:45:00+08:00
dc5ac8c5-07ad-4145-ac5c-152356f6ad0e,M-1872,SESS-20260801-4801-0272,RENTAL_ACCRUAL,15,84,2026-08-02T01:50:00+08:00
b5eb4945-970b-4ff0-a545-3b4b5a29c1a7,M-1142,SESS-20260801-4195-0273,RENTAL_ACCRUAL,18,654,2026-08-02T00:30:00+08:00
99b10a68-d896-4b9e-9c74-9bca328e1a2d,M-1656,SESS-20260801-4432-0274,RENTAL_ACCRUAL,6,115,2026-08-01T17:15:00+08:00
93eacf3a-a9cd-452f-8ba6-9a8f07070d03,M-1936,SESS-20260801-4406-0275,RENTAL_ACCRUAL,25,40,2026-08-02T02:30:00+08:00
240d9e8c-8f0e-457e-b14d-83afe4a2f9c7,M-1936,TIER_UPGRADE_Standard_TO_Silver,TIER_BONUS,50,90,2026-08-02T02:30:00+08:00
173b5c3a-c482-4b01-b1d5-a8ee47929236,M-2003,SESS-20260801-9585-0276,RENTAL_ACCRUAL,15,47,2026-08-01T20:50:00+08:00
e9e9ffcc-1e9d-4ae5-966a-e49bb2e889c6,M-1614,SESS-20260801-2945-0277,RENTAL_ACCRUAL,45,273,2026-08-01T21:45:00+08:00
7a7ae33b-3833-4be7-83fe-071d1a0f067e,M-1648,SESS-20260801-6824-0278,RENTAL_ACCRUAL,19,376,2026-08-02T01:45:00+08:00
0f0cf42d-a851-45bf-b241-4673a2c8fa80,M-1695,SESS-20260801-8083-0279,RENTAL_REDEMPTION,-100,40,2026-08-01T05:45:00+08:00
6ff32e0e-6c7c-4147-a9e8-2527abbc61aa,M-1695,SESS-20260801-8083-0279,RENTAL_ACCRUAL,10,50,2026-08-01T08:45:00+08:00
72d3ef6a-6cde-4952-bc58-2dd58cb9bfb0,M-1062,SESS-20260801-6421-0280,RENTAL_REDEMPTION,-100,418,2026-08-01T18:45:00+08:00
7b8b5a51-6d19-4e12-a9eb-fdf3d3e087fb,M-1062,SESS-20260801-6421-0280,RENTAL_ACCRUAL,5,423,2026-08-01T20:45:00+08:00
8082e060-bad4-4876-8700-474faaa10616,M-1001,SESS-20260801-6157-0281,RENTAL_ACCRUAL,28,258,2026-08-02T04:15:00+08:00
d600bf7c-d29b-4201-8254-96115a07abdc,M-1069,SESS-20260801-2391-0282,RENTAL_REDEMPTION,-100,6,2026-08-01T19:15:00+08:00
3be66a03-2ff8-4c6f-a8de-95e41c3f85fd,M-1069,SESS-20260801-2391-0282,RENTAL_ACCRUAL,10,16,2026-08-01T22:15:00+08:00
58028190-3a49-4d85-8125-43c142a2735e,M-1554,SESS-20260801-8629-0283,RENTAL_ACCRUAL,6,1133,2026-08-01T12:45:00+08:00
be923b08-063a-4b22-8a8e-d1401f041ad4,M-2091,SESS-20260801-6579-0284,RENTAL_ACCRUAL,16,323,2026-08-01T23:30:00+08:00
e6897150-f3e6-4512-8bb4-46290597b5a0,M-1992,SESS-20260801-1717-0285,RENTAL_ACCRUAL,16,189,2026-08-01T16:15:00+08:00
3e9bb3c8-6601-4910-8732-1727511ab36c,M-1203,SESS-20260801-9418-0286,RENTAL_ACCRUAL,16,53,2026-08-01T17:20:00+08:00
3bbb58d3-839f-4ba5-84e6-617da1ebb6fd,M-1321,SESS-20260801-9232-0287,RENTAL_ACCRUAL,27,269,2026-08-01T20:25:00+08:00
3eb089c7-8cbc-463d-b5bb-8669628d663d,M-1129,SESS-20260801-6977-0288,RENTAL_ACCRUAL,12,1083,2026-08-01T19:00:00+08:00
54d35222-cd49-4f33-8b59-d13c2e32a9e8,M-2119,SESS-20260801-6572-0289,RENTAL_ACCRUAL,5,125,2026-08-01T22:00:00+08:00
883d0cc3-998c-4299-97ca-11d08e9f637c,M-1412,SESS-20260801-5947-0290,RENTAL_ACCRUAL,28,270,2026-08-02T04:10:00+08:00
91a06b83-1f02-4c1d-9705-16f22e38c91f,M-2049,SESS-20260801-7955-0291,RENTAL_ACCRUAL,36,153,2026-08-02T01:45:00+08:00
347de3de-2ff7-4a0e-81ea-8ce21120e73c,M-1337,SESS-20260801-1693-0292,RENTAL_ACCRUAL,72,480,2026-08-02T04:55:00+08:00
44f0cf47-23fe-47c3-9cc5-26b4aae1e722,M-1594,SESS-20260801-5952-0293,RENTAL_ACCRUAL,28,244,2026-08-02T04:15:00+08:00
089dec0f-ae44-4c0b-a663-8688b38d4aa1,M-1352,SESS-20260801-3722-0294,RENTAL_ACCRUAL,28,154,2026-08-02T03:45:00+08:00
15cef76d-fee4-4212-be17-3fdb110ac48f,M-1306,SESS-20260801-7935-0295,RENTAL_ACCRUAL,45,504,2026-08-02T04:40:00+08:00
ae159f76-178f-45fb-b974-df6a8197bc95,M-2105,SESS-20260801-6378-0296,RENTAL_ACCRUAL,25,147,2026-08-02T01:05:00+08:00
2d1eeb4f-3780-4eda-a9dd-7894a70602f2,M-1605,SESS-20260801-4881-0297,RENTAL_ACCRUAL,27,139,2026-08-02T00:40:00+08:00
9be1e88f-849e-416f-a0b6-b5e87faa2af6,M-1881,SESS-20260801-1473-0298,RENTAL_ACCRUAL,5,13,2026-08-01T23:30:00+08:00
dff63def-7d6b-485c-982d-6bd5e5622974,M-1615,SESS-20260801-9091-0299,RENTAL_ACCRUAL,40,471,2026-08-02T00:15:00+08:00
8cae6184-0bfc-47e4-b7f5-03a089d06461,M-1091,SESS-20260801-3994-0300,RENTAL_ACCRUAL,11,243,2026-08-01T19:15:00+08:00
57956700-4507-490d-b31f-f111a64a2467,M-1372,SESS-20260801-2581-0301,RENTAL_ACCRUAL,45,78,2026-08-02T07:45:00+08:00
457cd59b-7d64-4cd3-8ab9-9c3153ac4b4f,M-1836,SESS-20260801-6455-0302,RENTAL_ACCRUAL,9,571,2026-08-02T00:45:00+08:00
589cd0f1-07f2-4656-822d-76338ddffca4,M-1268,SESS-20260801-2743-0303,RENTAL_ACCRUAL,16,154,2026-08-02T02:55:00+08:00
c97fc917-3209-4f34-abbe-cd5aef038af7,M-1983,SESS-20260801-1906-0304,RENTAL_ACCRUAL,13,272,2026-08-01T22:45:00+08:00
1548fe50-7b93-4438-b17e-95fd1cc9d5cc,M-1562,SESS-20260801-4117-0305,RENTAL_ACCRUAL,5,1083,2026-08-02T00:45:00+08:00
459d7b74-f56d-41c1-9d30-e1514ed726a2,M-1376,SESS-20260801-5532-0306,RENTAL_ACCRUAL,5,480,2026-08-02T00:15:00+08:00
76924859-f7f1-48b5-808c-837550954214,M-1699,SESS-20260801-5481-0307,RENTAL_REDEMPTION,-100,145,2026-08-01T22:15:00+08:00
8e939a81-9291-4edd-aed5-977b8967cbcd,M-1699,SESS-20260801-5481-0307,RENTAL_ACCRUAL,21,166,2026-08-02T03:15:00+08:00
0f70c0ae-699d-4a31-869d-41a965618a9c,M-1487,SESS-20260801-9358-0308,RENTAL_ACCRUAL,18,622,2026-08-01T23:15:00+08:00
120ad33e-c000-4a39-9460-2036b6a9ccac,M-2025,SESS-20260801-6496-0309,RENTAL_ACCRUAL,5,199,2026-08-01T16:45:00+08:00
b7bcc1ad-9327-4868-ab2f-6aed6752d891,M-1606,SESS-20260801-2474-0310,RENTAL_ACCRUAL,12,812,2026-08-01T17:30:00+08:00
ba3af515-0d92-431e-a712-0257880b32d7,M-1734,SESS-20260801-5609-0311,RENTAL_ACCRUAL,11,68,2026-08-01T21:30:00+08:00
db97dcf2-d481-4c10-8f28-5dc7a038df8d,M-1734,TIER_UPGRADE_Silver_TO_Gold,TIER_BONUS,100,168,2026-08-01T21:30:00+08:00
a913f4b9-cf8a-4ec9-9faa-3c1409fb3a7b,M-1483,SESS-20260801-1931-0312,RENTAL_ACCRUAL,11,527,2026-08-01T22:15:00+08:00
63ca82e2-533c-4fc1-be69-c0776cbf93ca,M-1805,SESS-20260801-6475-0313,RENTAL_ACCRUAL,16,430,2026-08-02T01:25:00+08:00
fb90002b-506b-4129-b2ae-65a64c4a14f7,M-1703,SESS-20260801-6708-0314,RENTAL_ACCRUAL,11,90,2026-08-01T20:15:00+08:00
e6256be0-e209-4a98-8523-97f87c67c670,M-1395,SESS-20260801-4456-0315,RENTAL_ACCRUAL,5,110,2026-08-01T21:15:00+08:00
94493bc0-8d50-4fbc-8893-a3799f507223,M-1295,SESS-20260801-6884-0316,RENTAL_ACCRUAL,27,164,2026-08-01T21:00:00+08:00
6bd778b3-48df-4780-b2dd-83f31e44e0fc,M-1827,SESS-20260801-4552-0317,RENTAL_REDEMPTION,-100,213,2026-08-01T21:55:00+08:00
dc7c618f-35ff-4804-ae03-d0aae17360f8,M-1827,SESS-20260801-4552-0317,RENTAL_ACCRUAL,2,215,2026-08-01T22:55:00+08:00
941e08fd-b1e4-455b-86ea-114559ad9bca,M-1115,SESS-20260801-4938-0318,RENTAL_ACCRUAL,5,257,2026-08-01T23:05:00+08:00
a153653b-1879-43d5-96bd-128e5ad98677,M-2123,SESS-20260801-4847-0319,RENTAL_ACCRUAL,10,119,2026-08-02T00:15:00+08:00
15a2a310-a230-49c5-9aae-c3465f724f65,M-1024,SESS-20260801-7123-0320,RENTAL_ACCRUAL,11,230,2026-08-02T01:15:00+08:00
9791adcf-f219-485c-b843-9a3f980888fa,M-1103,SESS-20260801-4450-0321,RENTAL_REDEMPTION,-100,7,2026-08-01T22:40:00+08:00
bd7f4b7e-3110-4d43-a579-3c05f8e0ffb9,M-1103,SESS-20260801-4450-0321,RENTAL_ACCRUAL,21,28,2026-08-02T03:40:00+08:00
c8896ef1-0a44-4456-b5ce-b3d47157b509,M-1746,SESS-20260801-8458-0322,RENTAL_ACCRUAL,5,443,2026-08-02T00:10:00+08:00
2b22288c-3b92-477b-b486-84981a166845,M-1096,SESS-20260801-4848-0323,RENTAL_ACCRUAL,18,300,2026-08-01T23:05:00+08:00
7b7ee0c4-4fcd-49b8-8b19-b81460244316,M-1490,SESS-20260801-2864-0324,RENTAL_ACCRUAL,27,242,2026-08-01T16:00:00+08:00
290b64b7-982d-43a2-99b2-090c81b82f65,M-1935,SESS-20260801-5511-0325,RENTAL_ACCRUAL,16,185,2026-08-02T01:10:00+08:00
6ec3fbd2-422a-4d9c-879b-d06718334481,M-1107,SESS-20260801-2254-0326,RENTAL_ACCRUAL,16,79,2026-08-01T22:10:00+08:00
ff2eb983-040c-4646-83dc-e2c6f6486f7e,M-1970,SESS-20260801-5093-0327,RENTAL_ACCRUAL,25,57,2026-08-02T02:15:00+08:00
a8658c1d-cbb5-4086-8384-1886043ab6df,M-1093,SESS-20260801-4360-0328,RENTAL_REDEMPTION,-100,79,2026-08-01T23:00:00+08:00
e6769350-ec4a-4b27-89a4-04be2261f39c,M-1093,SESS-20260801-4360-0328,RENTAL_ACCRUAL,34,113,2026-08-02T02:00:00+08:00
14b3a6c8-e4f6-436b-bc2e-1421285b6cdc,M-1570,SESS-20260801-9710-0329,RENTAL_ACCRUAL,11,729,2026-08-01T20:30:00+08:00
78620077-228e-41e5-8500-eea9ac1eefab,M-1826,SESS-20260801-2426-0330,RENTAL_ACCRUAL,45,127,2026-08-02T04:30:00+08:00
81a1738f-bd7d-4a9f-b8a0-6f5943b37378,M-2106,SESS-20260801-9935-0331,RENTAL_REDEMPTION,-200,18,2026-08-01T20:05:00+08:00
ed62c6ba-4801-4662-a610-8979d2f7492e,M-1248,SESS-20260801-8699-0332,RENTAL_ACCRUAL,11,310,2026-08-01T22:40:00+08:00
4acd7417-b9ce-4fdf-bcdf-ac27007f3ce6,M-1085,SESS-20260801-4956-0333,RENTAL_ACCRUAL,45,332,2026-08-02T04:20:00+08:00
b5853a2d-fb37-431c-a1be-647a0224ee49,M-1193,SESS-20260801-2333-0334,RENTAL_ACCRUAL,5,487,2026-08-01T22:40:00+08:00
ab1bad07-fa05-48b3-90a1-b3d4d85a0850,M-1420,SESS-20260801-9838-0335,RENTAL_ACCRUAL,5,332,2026-08-01T21:45:00+08:00
5b2fcda2-2efb-4f6a-ac7a-4f060100b0b8,M-1052,SESS-20260801-4813-0336,RENTAL_ACCRUAL,11,399,2026-08-01T14:00:00+08:00
23e0200d-ed8b-46a7-bcc0-e95f01632b42,M-1975,SESS-20260801-9869-0337,RENTAL_ACCRUAL,5,136,2026-08-01T21:20:00+08:00
7bcdf613-b144-4fa8-903c-801c208d96f7,M-2068,SESS-20260801-4254-0338,RENTAL_REDEMPTION,-100,82,2026-08-01T19:30:00+08:00
0f6056cb-3b40-4ac2-bb3e-4f25d1bf3c64,M-2068,SESS-20260801-4254-0338,RENTAL_ACCRUAL,5,87,2026-08-01T21:30:00+08:00
8e66f682-6412-498e-8d44-7d77aeb44a03,M-1031,SESS-20260801-8035-0339,RENTAL_ACCRUAL,6,1283,2026-08-01T16:15:00+08:00
979add77-f3d6-462b-abbd-d37ef9a5d1ac,M-1915,SESS-20260801-8397-0340,RENTAL_ACCRUAL,8,111,2026-08-02T00:15:00+08:00
d9528b63-9dd5-45f7-a786-258844653871,M-1014,SESS-20260801-3503-0341,RENTAL_ACCRUAL,28,670,2026-08-01T22:25:00+08:00
3c29ea8f-5e9e-46c8-8719-529e50ecbaae,M-1297,SESS-20260801-1246-0342,RENTAL_ACCRUAL,18,137,2026-08-01T22:35:00+08:00
fa6c341c-7e7f-4e58-8e55-30d61188174c,M-1208,SESS-20260801-5013-0343,RENTAL_ACCRUAL,12,3307,2026-08-02T00:20:00+08:00
04461bba-ac31-48f7-aa27-7ebf96f7246f,M-1708,SESS-20260801-7420-0344,RENTAL_ACCRUAL,28,338,2026-08-02T02:35:00+08:00
b72ab8e9-b430-4903-b6db-f63537320ed6,M-1843,SESS-20260801-4294-0345,RENTAL_ACCRUAL,36,190,2026-08-01T22:20:00+08:00
436b95fa-2795-421c-93c5-17434b9ed29c,M-2190,SESS-20260801-9218-0346,RENTAL_ACCRUAL,10,173,2026-08-01T22:45:00+08:00
bee42960-08f0-4b99-b358-59a6f57ecfe1,M-1191,SESS-20260801-1009-0347,RENTAL_REDEMPTION,-300,92,2026-08-01T19:30:00+08:00
03f05373-d67f-41d2-865b-2fc6a971f816,M-1191,SESS-20260801-1009-0347,RENTAL_ACCRUAL,26,118,2026-08-02T00:30:00+08:00
34ab4fdc-cdd4-45ee-b8c1-8187e7c6cc0c,M-1772,SESS-20260801-7972-0348,RENTAL_ACCRUAL,27,222,2026-08-02T01:30:00+08:00
da29a5ab-a523-4979-95c0-d2c8d8279a5b,M-1265,SESS-20260801-3827-0349,RENTAL_ACCRUAL,11,341,2026-08-02T00:50:00+08:00
f113c5e9-0348-4b65-8152-23dacbdc2be7,M-1520,SESS-20260801-6315-0350,RENTAL_ACCRUAL,19,769,2026-08-01T21:45:00+08:00
d583d634-3d6e-4123-9fd4-0ba1a9c65d5d,M-1110,SESS-20260801-7677-0351,RENTAL_ACCRUAL,5,226,2026-08-01T18:30:00+08:00
7070ae89-e5e1-468f-b084-cac26162f42d,M-1541,SESS-20260801-4256-0352,RENTAL_REDEMPTION,-200,182,2026-08-01T21:45:00+08:00
649d70d4-4015-42cb-895f-e2b5dc049922,M-1541,SESS-20260801-4256-0352,RENTAL_ACCRUAL,3,185,2026-08-02T00:45:00+08:00
5de36a49-9fe0-4c74-9c90-906320394238,M-1023,SESS-20260801-7648-0353,RENTAL_ACCRUAL,16,186,2026-08-02T00:45:00+08:00
aa009603-76dc-49c8-8d8a-309c82f612a2,M-1451,SESS-20260801-5472-0354,RENTAL_ACCRUAL,45,214,2026-08-02T06:50:00+08:00
3ee0d8bd-8501-4c42-bc33-3724cfef80cf,M-1995,SESS-20260801-6376-0355,RENTAL_REDEMPTION,-100,164,2026-08-01T22:20:00+08:00
d2ff93a0-f6b5-4ddb-8c6e-1ed383a5f975,M-1127,SESS-20260801-1922-0356,RENTAL_REDEMPTION,-200,45,2026-08-01T22:30:00+08:00
248f077a-9136-48ec-8536-5b97ffae1c88,M-1127,SESS-20260801-1922-0356,RENTAL_ACCRUAL,1,46,2026-08-01T23:30:00+08:00
39f9d765-d8d3-4e60-bdc5-c560995fb4e3,M-1305,SESS-20260801-6375-0357,RENTAL_ACCRUAL,9,341,2026-08-01T23:00:00+08:00
956b23cd-4bf7-4abc-8ed0-925ef097642d,M-1670,SESS-20260801-8188-0358,RENTAL_ACCRUAL,45,202,2026-08-02T02:00:00+08:00
c42425f0-9aaa-43b4-bc36-ec950467f202,M-1493,SESS-20260801-9377-0359,RENTAL_ACCRUAL,5,183,2026-08-02T00:55:00+08:00
f0da41a7-283d-4dbf-ad13-9adc022a4c85,M-2085,SESS-20260801-5909-0360,RENTAL_ACCRUAL,40,248,2026-08-01T22:40:00+08:00
582bb373-713a-49e1-98a0-5b534a535cff,M-1063,SESS-20260801-6085-0361,RENTAL_ACCRUAL,11,355,2026-08-01T21:00:00+08:00
ba3519da-b4bc-4aff-86ff-6c12e6f7e145,M-1072,SESS-20260801-2682-0362,RENTAL_REDEMPTION,-100,11,2026-08-01T20:15:00+08:00
ce2af3bc-efd7-4657-bd75-125f19fa30ab,M-1072,SESS-20260801-2682-0362,RENTAL_ACCRUAL,2,13,2026-08-01T21:15:00+08:00
50038d30-3f54-42a5-b05e-49ed38688ff3,M-1766,SESS-20260801-6863-0363,RENTAL_ACCRUAL,72,754,2026-08-02T01:30:00+08:00
fcc3f7e4-6578-44b3-8ab0-58070884ddfc,M-1552,SESS-20260801-9894-0364,RENTAL_ACCRUAL,5,187,2026-08-01T22:15:00+08:00
55ad4d5b-2bbd-41ce-9397-6bba814584a4,M-1294,SESS-20260801-6838-0365,RENTAL_ACCRUAL,9,98,2026-08-02T00:30:00+08:00
c096f0e6-7cb5-4c9b-937d-4dcd5335b67c,M-1576,SESS-20260801-8299-0366,RENTAL_ACCRUAL,19,1232,2026-08-02T00:30:00+08:00
e993dc36-1552-4865-ae9b-48e294891357,M-1572,SESS-20260801-8261-0367,RENTAL_ACCRUAL,13,382,2026-08-02T00:35:00+08:00
071fdc96-7507-4b4f-bf8d-5b1a1ae96cd3,M-1273,SESS-20260801-8531-0368,RENTAL_ACCRUAL,6,936,2026-08-01T17:20:00+08:00
5d34e5ee-34fa-42e0-9c12-cd7100e1ed45,M-1026,SESS-20260801-1675-0369,RENTAL_REDEMPTION,-100,1530,2026-08-01T21:15:00+08:00
774f1bfc-57d6-4457-b46f-e9814829e088,M-1026,SESS-20260801-1675-0369,RENTAL_ACCRUAL,2,1532,2026-08-01T22:15:00+08:00
2e8ddd9d-e60c-42ee-ae70-bdd83255f3c8,M-1931,SESS-20260801-6901-0370,RENTAL_ACCRUAL,5,43,2026-08-01T17:30:00+08:00
ac6dca11-71c1-4757-b91a-49a888f47407,M-1701,SESS-20260801-7593-0371,RENTAL_ACCRUAL,5,563,2026-08-01T22:50:00+08:00
177c0692-f4bc-43d2-946e-430c91492caf,M-1272,SESS-20260801-9187-0372,RENTAL_REDEMPTION,-300,977,2026-08-01T15:05:00+08:00
0dc42a0f-e5a9-4b09-bb8a-5b797b7ff737,M-1272,SESS-20260801-9187-0372,RENTAL_ACCRUAL,6,983,2026-08-01T18:05:00+08:00
fe791d3b-f498-4548-a45a-a65096fbeaf9,M-1203,SESS-20260801-9130-0373,RENTAL_ACCRUAL,16,69,2026-08-02T00:20:00+08:00
1b003d27-6183-480d-9976-5c3b21709aa2,M-1741,SESS-20260801-5711-0374,RENTAL_REDEMPTION,-300,287,2026-08-01T22:35:00+08:00
5c659008-2ebc-4bf3-9b5b-bbc03f5c65a5,M-1741,SESS-20260801-5711-0374,RENTAL_ACCRUAL,26,313,2026-08-02T06:35:00+08:00
252a8132-0c72-44c2-941a-cff6f495edfc,M-1117,SESS-20260801-7422-0375,RENTAL_ACCRUAL,13,182,2026-08-01T18:05:00+08:00
b8676501-28db-4262-8005-819fc2e0e3db,M-1675,SESS-20260801-8884-0376,RENTAL_REDEMPTION,-200,1925,2026-08-01T23:55:00+08:00
e727c13a-e0b7-49f7-b768-779b2ffba053,M-1675,SESS-20260801-8884-0376,RENTAL_ACCRUAL,3,1928,2026-08-02T02:55:00+08:00
589c073c-20d3-42fa-b22b-560479539765,M-1210,SESS-20260801-1196-0377,RENTAL_ACCRUAL,6,1104,2026-08-01T22:30:00+08:00
5f70a560-e1c5-4212-a1f4-e6882ebb808f,M-1013,SESS-20260801-1665-0378,RENTAL_ACCRUAL,27,332,2026-08-01T22:50:00+08:00
8a2c6ccc-40cd-4b84-a5b8-075902c82269,M-1017,SESS-20260801-6736-0379,RENTAL_ACCRUAL,5,277,2026-08-01T18:25:00+08:00
1d41ec09-2b32-46a4-99f6-6a87fb04084f,M-1204,SESS-20260801-1514-0380,RENTAL_REDEMPTION,-100,74,2026-08-01T23:05:00+08:00
62eed6bd-800f-4f54-bef3-51695ad57be2,M-1204,SESS-20260801-1514-0380,RENTAL_ACCRUAL,10,84,2026-08-02T02:05:00+08:00
1d95c838-19fd-4ad8-8d2d-d32db465a93e,M-1160,SESS-20260801-5002-0381,RENTAL_ACCRUAL,45,274,2026-08-01T23:15:00+08:00
90dd9c60-0d7e-408e-a32c-52d52fcdbbbc,M-1779,SESS-20260801-5448-0382,RENTAL_REDEMPTION,-100,138,2026-08-01T20:30:00+08:00
f69c37bc-6e2f-4be5-b923-a5f8a2dd31bb,M-1779,SESS-20260801-5448-0382,RENTAL_ACCRUAL,20,158,2026-08-01T23:30:00+08:00
8ed7860c-2959-4aaf-a298-bfc3d2538c34,M-1107,SESS-20260801-6542-0383,RENTAL_ACCRUAL,27,106,2026-08-02T00:30:00+08:00
de4ca7c2-2ca5-4968-837a-8fc8c99540e6,M-2118,SESS-20260801-7643-0384,RENTAL_ACCRUAL,40,90,2026-08-02T04:55:00+08:00
ac3db7d1-245a-4f47-8b95-f81dff5b6ef6,M-1336,SESS-20260801-1427-0385,RENTAL_ACCRUAL,18,338,2026-08-02T00:55:00+08:00
35367831-7bfb-4ea1-8964-c3a63074ab3c,M-1166,SESS-20260801-3542-0386,RENTAL_ACCRUAL,11,308,2026-08-01T22:20:00+08:00
8e992c39-bcd0-413f-8725-d46a1d403e77,M-1558,SESS-20260801-3016-0387,RENTAL_ACCRUAL,11,105,2026-08-01T15:15:00+08:00
ad912523-5d29-4792-bf69-c05be7398dac,M-1007,SESS-20260801-4090-0388,RENTAL_ACCRUAL,11,452,2026-08-01T22:15:00+08:00
c4531011-cbb4-4eea-b792-08026c5db52f,M-1018,SESS-20260801-1067-0389,RENTAL_ACCRUAL,18,256,2026-08-01T14:15:00+08:00
a0335a85-e335-4996-8c9f-8247652311fa,M-1939,SESS-20260801-7329-0390,RENTAL_REDEMPTION,-100,19,2026-08-01T22:20:00+08:00
cd8107e7-75c8-4f23-b980-30441211d85c,M-1939,SESS-20260801-7329-0390,RENTAL_ACCRUAL,5,24,2026-08-02T00:20:00+08:00
2d6da8da-4bca-47a8-9621-37f946171dc0,M-1205,SESS-20260801-9345-0391,RENTAL_ACCRUAL,5,790,2026-08-01T23:00:00+08:00
24aa5a2f-fc9e-4bd9-a610-274987ed8faa,M-1829,SESS-20260801-3401-0392,RENTAL_REDEMPTION,-100,112,2026-08-01T23:45:00+08:00
73311b24-6fdb-41af-8ff0-7a93c68bc387,M-1829,SESS-20260801-3401-0392,RENTAL_ACCRUAL,2,114,2026-08-02T00:45:00+08:00
534f78f0-2e9c-40a4-bb90-6913023ea73b,M-1156,SESS-20260801-3899-0393,RENTAL_ACCRUAL,28,459,2026-08-02T04:15:00+08:00
928d5148-15a2-4b3b-9f54-d95a21dc169f,M-1378,SESS-20260801-7001-0394,RENTAL_REDEMPTION,-100,50,2026-08-01T21:45:00+08:00
6f002ec1-43bc-448d-abd7-b596f0f719d9,M-1378,SESS-20260801-7001-0394,RENTAL_ACCRUAL,20,70,2026-08-01T23:45:00+08:00
7f8a7138-4a7c-4585-9244-cac56b68da4d,M-1960,SESS-20260801-4857-0395,RENTAL_ACCRUAL,16,113,2026-08-01T13:45:00+08:00
e7af0f5d-8b5f-4e2a-bd91-9de7876813c3,M-1971,SESS-20260801-5225-0396,RENTAL_REDEMPTION,-100,218,2026-08-01T21:00:00+08:00
9e78cdf3-c1ae-4645-bb65-eace9d2ea78b,M-1971,SESS-20260801-5225-0396,RENTAL_ACCRUAL,21,239,2026-08-02T02:00:00+08:00
07476342-c0fe-44e1-8480-9ae5c3897ef7,M-1210,SESS-20260801-3161-0397,RENTAL_ACCRUAL,18,1122,2026-08-02T01:30:00+08:00
616c9cba-3806-4ec3-b55a-36102c774af0,M-1732,SESS-20260801-2615-0398,RENTAL_REDEMPTION,-300,72,2026-08-01T21:45:00+08:00
def9f304-5b16-45d1-b6fd-4a8412cb1ba5,M-1732,SESS-20260801-2615-0398,RENTAL_ACCRUAL,26,98,2026-08-02T02:45:00+08:00
a954eb18-92a4-4ac2-87da-d860b1492ca9,M-1398,SESS-20260801-6174-0399,RENTAL_ACCRUAL,18,1459,2026-08-02T00:30:00+08:00
9e970757-b63b-4ccc-ad7f-3b72fe3baa75,M-1119,SESS-20260801-7840-0400,RENTAL_ACCRUAL,40,339,2026-08-02T01:30:00+08:00
1900940a-c96c-43ec-97cc-2f1e94342580,M-1082,SESS-20260801-3124-0401,RENTAL_ACCRUAL,11,409,2026-08-01T19:30:00+08:00
9d2bfb8e-e754-4189-9ebe-62da8cc6af06,M-2191,SESS-20260801-9464-0402,RENTAL_ACCRUAL,24,288,2026-08-02T02:10:00+08:00
68322dc1-2112-414a-83a6-9c8c10601581,M-1857,SESS-20260801-6499-0403,RENTAL_ACCRUAL,15,225,2026-08-02T01:20:00+08:00
26e80f0b-e256-4db0-8b8f-40dcc1ab4b9a,M-1455,SESS-20260801-8399-0404,RENTAL_ACCRUAL,5,484,2026-08-01T23:45:00+08:00
c55b1886-10db-47d5-a573-f47c888afcd1,M-2072,SESS-20260801-8553-0405,RENTAL_ACCRUAL,16,172,2026-08-02T00:20:00+08:00
a3c77968-60bb-4228-bd49-d2b070bb2418,M-1646,SESS-20260801-3086-0406,RENTAL_ACCRUAL,11,139,2026-08-01T15:00:00+08:00
b55ab3f5-444d-4031-b1df-68943836ac62,M-1567,SESS-20260801-5608-0407,RENTAL_ACCRUAL,5,221,2026-08-01T23:05:00+08:00
512a2a06-1985-4edb-be4c-9ef86de8abcb,M-1454,SESS-20260801-4880-0408,RENTAL_ACCRUAL,30,1472,2026-08-02T02:30:00+08:00
5c0bd37d-0d83-4515-8368-c64a4496a6cd,M-1326,SESS-20260801-9294-0409,RENTAL_ACCRUAL,18,605,2026-08-01T20:45:00+08:00
f760ca1d-118b-4f63-a3ef-3459ce9ecb4e,M-2075,SESS-20260801-2498-0410,RENTAL_REDEMPTION,-100,117,2026-08-01T23:25:00+08:00
232106db-d230-4d8f-9116-4c5771127da5,M-1709,SESS-20260801-2470-0411,RENTAL_REDEMPTION,-100,173,2026-08-01T19:00:00+08:00
4d1b7e91-2b71-4c03-ba3b-afe3e212faad,M-1709,SESS-20260801-2470-0411,RENTAL_ACCRUAL,11,184,2026-08-01T21:00:00+08:00
8172ee38-9a00-434c-893d-be742f1566da,M-1676,SESS-20260801-8092-0412,RENTAL_ACCRUAL,18,3154,2026-08-01T19:30:00+08:00
fa044fb7-17d6-4918-a592-b71fc72f0921,M-1480,SESS-20260801-3417-0413,RENTAL_ACCRUAL,11,197,2026-08-01T23:00:00+08:00
8812c16a-f6a0-4b0d-9e2f-1fd3e5bef9e6,M-1344,SESS-20260801-9098-0414,RENTAL_ACCRUAL,28,625,2026-08-01T22:35:00+08:00
b6d8ffff-8e1e-415e-9be9-2065aaaefe5a,M-1804,SESS-20260801-6367-0415,RENTAL_REDEMPTION,-100,95,2026-08-01T23:55:00+08:00
59da1dd6-9e13-4132-9637-0317cae4ae4c,M-1804,SESS-20260801-6367-0415,RENTAL_ACCRUAL,5,100,2026-08-02T01:55:00+08:00
b22648a7-2f0c-44f4-8d66-8fb53bc5ba33,M-1054,SESS-20260801-6382-0416,RENTAL_ACCRUAL,27,331,2026-08-02T00:40:00+08:00
818af8be-a5a2-4a82-b9db-3c5d4074540e,M-1360,SESS-20260801-4778-0417,RENTAL_ACCRUAL,5,188,2026-08-01T23:15:00+08:00
6b56d7fd-6fb9-464c-b4b6-b51677cd0521,M-1822,SESS-20260801-5220-0418,RENTAL_ACCRUAL,9,173,2026-08-02T00:30:00+08:00
86454fe3-6957-4e40-9e8d-e2161e80d760,M-1704,SESS-20260801-4021-0419,RENTAL_ACCRUAL,5,374,2026-08-01T14:30:00+08:00
15047010-17eb-4f33-9757-c2bea6f50619,M-1477,SESS-20260801-3977-0420,RENTAL_REDEMPTION,-100,55,2026-08-01T22:30:00+08:00
9fadb488-7374-4bca-85f6-fc23fa18875c,M-1477,SESS-20260801-3977-0420,RENTAL_ACCRUAL,5,60,2026-08-02T00:30:00+08:00
697bd341-0f88-42b3-830c-ca43c5d36c0b,M-1733,SESS-20260801-9915-0421,RENTAL_ACCRUAL,16,79,2026-08-02T01:30:00+08:00
9dea6cd4-1408-4b60-8c30-30940047fe7f,M-1219,SESS-20260801-3089-0422,RENTAL_REDEMPTION,-200,182,2026-08-01T21:40:00+08:00
63d82bf4-08d3-4d03-9706-4828a9bd7cfe,M-1219,SESS-20260801-3089-0422,RENTAL_ACCRUAL,5,187,2026-08-01T23:40:00+08:00
8c796065-8a50-47a8-b3ed-d5ad506bde44,M-1070,SESS-20260801-9883-0423,RENTAL_ACCRUAL,27,215,2026-08-02T00:45:00+08:00
e7c4eff1-caa4-4dd4-8d29-81ae0f2bde34,M-1250,SESS-20260801-3761-0424,RENTAL_ACCRUAL,5,141,2026-08-02T00:40:00+08:00
a80545e5-8c49-40f0-b344-cb9805b3c8b5,M-1643,SESS-20260801-6507-0425,RENTAL_ACCRUAL,27,299,2026-08-02T02:35:00+08:00
cb15c029-f0c4-40ce-93b6-105f190de05e,M-1438,SESS-20260801-6012-0426,RENTAL_ACCRUAL,19,2725,2026-08-01T23:15:00+08:00
fcc63d2c-5865-457b-802e-eaa92edec9a1,M-1711,SESS-20260801-6534-0427,RENTAL_ACCRUAL,5,276,2026-08-02T00:20:00+08:00
c0e16a51-a143-481d-bec3-5c171a4423f0,M-1896,SESS-20260801-8038-0428,RENTAL_ACCRUAL,15,185,2026-08-01T16:00:00+08:00
2d9d79d7-be21-4c59-af69-24b66f7e4e7d,M-1557,SESS-20260801-5519-0429,RENTAL_ACCRUAL,5,390,2026-08-01T15:35:00+08:00
41061e65-c983-494b-920f-deed183a54b6,M-1706,SESS-20260801-3810-0430,RENTAL_ACCRUAL,12,637,2026-08-01T21:40:00+08:00
8c512cee-48c1-491a-9813-56a840918b08,M-1790,SESS-20260801-4227-0431,RENTAL_ACCRUAL,16,235,2026-08-02T00:20:00+08:00
cd791f40-5c5a-41b2-aba7-a75f64082652,M-1979,SESS-20260801-2757-0432,RENTAL_ACCRUAL,10,95,2026-08-02T01:20:00+08:00
75517650-8cbf-48bc-aba9-4a46af3f7c33,M-1162,SESS-20260801-7319-0433,RENTAL_ACCRUAL,5,225,2026-08-01T20:40:00+08:00
634400a2-3416-4069-8c47-e33ab71f72b6,M-1245,SESS-20260801-3048-0434,RENTAL_ACCRUAL,16,155,2026-08-02T00:15:00+08:00
fec3cbd1-c579-45cf-ae12-27dd8071aae5,M-1681,SESS-20260801-7058-0435,RENTAL_ACCRUAL,45,274,2026-08-02T02:00:00+08:00
328ac34f-f13c-4e99-867a-567db84ca013,M-1835,SESS-20260801-6420-0436,RENTAL_ACCRUAL,11,39,2026-08-01T17:50:00+08:00
3e01e61a-f643-4e78-821a-1572af6dcb9f,M-1276,SESS-20260801-3502-0437,RENTAL_ACCRUAL,28,730,2026-08-02T01:30:00+08:00
e302c5d1-b467-4a6a-bdf3-ca900c1729a2,M-1022,SESS-20260801-9130-0438,RENTAL_ACCRUAL,18,122,2026-08-01T23:10:00+08:00
7fe27bea-9f5a-411c-895e-13c901f623b5,M-1650,SESS-20260801-3801-0439,RENTAL_ACCRUAL,16,116,2026-08-02T01:30:00+08:00
4b96456d-0af6-4401-b87a-d76084ef97b5,M-1157,SESS-20260801-9551-0440,RENTAL_ACCRUAL,11,291,2026-08-02T01:05:00+08:00
0c62d22d-0578-474b-b831-ceff3e8b1b82,M-1983,SESS-20260801-8798-0441,RENTAL_ACCRUAL,11,283,2026-08-02T00:50:00+08:00
baceacad-457e-46cd-97e7-06ea1a043146,M-1788,SESS-20260801-5651-0442,RENTAL_ACCRUAL,16,396,2026-08-01T22:30:00+08:00
9a577ed0-d3bc-4421-a355-83a466b5b0ad,M-1174,SESS-20260801-5296-0443,RENTAL_ACCRUAL,27,98,2026-08-02T02:25:00+08:00
77792ad4-8722-4dec-aa06-32b2242ed54b,M-1071,SESS-20260801-6430-0444,RENTAL_REDEMPTION,-100,125,2026-08-01T22:45:00+08:00
b69dcb29-4f7c-4790-84c5-d002fc7f3fa3,M-1071,SESS-20260801-6430-0444,RENTAL_ACCRUAL,5,130,2026-08-02T00:45:00+08:00
1f17bd8a-4148-4982-8839-faa459c547c3,M-1800,SESS-20260801-2117-0445,RENTAL_REDEMPTION,-100,470,2026-08-01T18:15:00+08:00
648f848c-3299-4754-ab11-79a76b49c1a1,M-1800,SESS-20260801-2117-0445,RENTAL_ACCRUAL,61,531,2026-08-01T23:15:00+08:00
e6fb587b-21e9-4631-8fc1-7ef1368cca19,M-1851,SESS-20260801-5173-0446,RENTAL_REDEMPTION,-100,71,2026-08-01T20:45:00+08:00
32c4c0af-9d6f-4e1f-8ecd-aa648fbbd713,M-1851,SESS-20260801-5173-0446,RENTAL_ACCRUAL,35,106,2026-08-02T04:45:00+08:00
8095318d-347a-4b87-97a7-432b0adf27aa,M-1222,SESS-20260801-2158-0447,RENTAL_ACCRUAL,5,523,2026-08-02T00:20:00+08:00
92a07038-986f-460e-9c02-99d09baffdde,M-1564,SESS-20260801-6741-0448,RENTAL_ACCRUAL,40,611,2026-08-02T02:30:00+08:00
2ba0c3c9-eaec-4119-9098-d5b4cbfc62a7,M-1346,SESS-20260801-8179-0449,RENTAL_REDEMPTION,-100,246,2026-08-01T20:15:00+08:00
5d36948a-0355-44e3-9c97-65ebb0d9de81,M-1346,SESS-20260801-8179-0449,RENTAL_ACCRUAL,11,257,2026-08-01T22:15:00+08:00
c14a68d2-7c23-4c19-b89b-fc5e248460a9,M-1040,SESS-20260801-1796-0450,RENTAL_ACCRUAL,11,712,2026-08-02T00:20:00+08:00
5e9c78d8-e848-4cb6-9db7-aadf3de3d9f4,M-1764,SESS-20260801-7610-0451,RENTAL_ACCRUAL,28,287,2026-08-02T02:45:00+08:00
4e54278a-f04a-4cd9-a797-41081f215763,M-1893,SESS-20260801-3124-0452,RENTAL_ACCRUAL,10,87,2026-08-01T15:55:00+08:00
6bdc530a-1c63-41cb-bddf-b3117c2616fd,M-1801,SESS-20260801-8884-0453,RENTAL_ACCRUAL,5,129,2026-08-01T21:50:00+08:00
dadb2bd2-1ff8-41e6-afc4-7012690ed805,M-1845,SESS-20260801-8234-0454,RENTAL_ACCRUAL,27,338,2026-08-02T01:20:00+08:00
cbacbcc0-d696-4e7a-8b3b-3af4c380c750,M-2047,SESS-20260801-4509-0455,RENTAL_ACCRUAL,8,77,2026-08-02T00:50:00+08:00
76657ac6-70b6-4309-a4de-97c2596c9b41,M-1646,SESS-20260801-9332-0456,RENTAL_ACCRUAL,11,150,2026-08-02T00:35:00+08:00
66943b7c-b00b-4600-b48c-f432f0dc963d,M-1513,SESS-20260801-6078-0457,RENTAL_REDEMPTION,-300,61,2026-08-01T23:50:00+08:00
df0ad740-a15f-43d8-9638-0bc077cdce2d,M-1513,SESS-20260801-6078-0457,RENTAL_ACCRUAL,9,70,2026-08-02T04:50:00+08:00
97961d35-24ab-4e82-9e20-5efe14b5743c,M-1660,SESS-20260801-1631-0458,RENTAL_ACCRUAL,5,301,2026-08-01T22:10:00+08:00
0809d640-40e6-4d0e-9870-f40f1c9d4ae2,M-2114,SESS-20260801-5853-0459,RENTAL_ACCRUAL,10,159,2026-08-02T00:50:00+08:00
fd096abe-7769-4b01-aa6c-51b3468c29c8,M-2195,SESS-20260801-1107-0460,RENTAL_ACCRUAL,15,203,2026-08-01T20:00:00+08:00
e29c3af5-651a-4d16-bfa6-ca082f042d35,M-1409,SESS-20260801-4018-0461,RENTAL_ACCRUAL,28,307,2026-08-02T03:25:00+08:00
fcfdfcd8-2e1e-451a-90a4-8f9b9ddef766,M-1052,SESS-20260801-3786-0462,RENTAL_ACCRUAL,16,415,2026-08-01T21:40:00+08:00
c2eee432-2f7b-42dd-8f2c-bd50e77f4f36,M-1465,SESS-20260801-1354-0463,RENTAL_ACCRUAL,12,905,2026-08-01T23:50:00+08:00
0b6ccf26-b00a-4888-ac75-03291cc75843,M-1423,SESS-20260801-1566-0464,RENTAL_ACCRUAL,27,430,2026-08-01T17:45:00+08:00
8e5070ab-34f4-4e46-88d0-42f8fdd88fcb,M-1049,SESS-20260801-3954-0465,RENTAL_ACCRUAL,27,140,2026-08-02T02:15:00+08:00
518e274f-7b04-4ca2-be43-0c6135024494,M-1094,SESS-20260801-5428-0466,RENTAL_ACCRUAL,28,496,2026-08-02T03:05:00+08:00
597e7dc8-580c-4f3d-926e-1795244eb1d7,M-1065,SESS-20260801-8842-0467,RENTAL_ACCRUAL,43,656,2026-08-02T02:50:00+08:00
3ac6e1a6-6773-4658-b46d-9f8d85785334,M-1105,SESS-20260801-2604-0468,RENTAL_ACCRUAL,28,785,2026-08-01T21:45:00+08:00
a80e1134-6b8b-49a7-9365-b10fd0c3fa60,M-1721,SESS-20260801-9907-0469,RENTAL_ACCRUAL,11,378,2026-08-01T22:30:00+08:00
607ec78d-32f9-43d3-b09a-a6bb7d31a257,M-1167,SESS-20260801-7567-0470,RENTAL_ACCRUAL,12,199,2026-08-02T00:35:00+08:00
b8bcb002-a8e2-40a7-8b64-5bbfcef14b1a,M-1212,SESS-20260801-8150-0471,RENTAL_ACCRUAL,45,158,2026-08-02T02:45:00+08:00
49b48aee-8d21-4342-948d-65a6304a6312,M-1464,SESS-20260801-3444-0472,RENTAL_ACCRUAL,11,198,2026-08-01T22:10:00+08:00
2f196911-2bc6-4147-879d-8657c77efa41,M-1444,SESS-20260801-9520-0473,RENTAL_ACCRUAL,28,3456,2026-08-02T00:30:00+08:00
93e01693-bdf0-4c42-8960-37d85856d09d,M-2051,SESS-20260801-8330-0474,RENTAL_ACCRUAL,10,78,2026-08-02T01:55:00+08:00
2a3d2f21-0e9c-462a-bffa-6abceff35073,M-2018,SESS-20260801-9957-0475,RENTAL_ACCRUAL,10,173,2026-08-02T00:25:00+08:00
ce115824-f5eb-4d6d-90b1-ddba3405ac90,M-2076,ORD-20260801-5105-0001,CONCESSION_ACCRUAL,20,113,2026-08-01T21:38:24+08:00
2360097e-b620-4d4a-a5d7-0af8977c87fb,M-1568,ORD-20260801-9497-0002,CONCESSION_ACCRUAL,30,509,2026-08-01T21:52:02+08:00
9535b9a8-746b-4ef5-954a-0535aa872315,M-1557,ORD-20260801-2965-0003,CONCESSION_ACCRUAL,11,401,2026-08-01T14:54:28+08:00
2dae1834-6525-433d-80c7-a9847f06542e,M-1711,ORD-20260801-8621-0004,CONCESSION_ACCRUAL,21,297,2026-08-01T23:37:57+08:00
36320ac8-112f-454f-924c-49c3f051690a,M-1535,ORD-20260801-4270-0005,CONCESSION_ACCRUAL,10,294,2026-08-01T23:00:32+08:00
51ed8984-aa1d-4632-8322-f16e0e04f19c,M-1214,ORD-20260801-6882-0006,CONCESSION_ACCRUAL,35,274,2026-08-01T18:22:55+08:00
b253a8b1-dbd5-4e07-899b-ab21ebf2214b,M-1576,ORD-20260801-2549-0007,CONCESSION_ACCRUAL,9,1241,2026-08-01T22:35:20+08:00
d9a361d7-c2e6-40e3-96e2-68070480869e,M-1695,ORD-20260801-1417-0008,CONCESSION_ACCRUAL,11,61,2026-08-01T07:24:10+08:00
d7c2b2f0-1e96-4b12-b44e-07b28a428063,M-1843,ORD-20260801-6116-0009,CONCESSION_ACCRUAL,38,228,2026-08-01T20:31:35+08:00
ae53437c-1af2-463d-9cc9-e29d82ee7bf8,M-2053,ORD-20260801-8122-0010,CONCESSION_ACCRUAL,6,219,2026-08-01T21:09:11+08:00
13c0a66a-07e3-4fee-ba14-1996280864e5,M-2047,ORD-20260802-6816-0011,CONCESSION_ACCRUAL,9,86,2026-08-02T00:38:46+08:00
553bbbdf-cec9-445b-90e6-fded56f559df,M-1035,ORD-20260802-6203-0012,CONCESSION_ACCRUAL,11,109,2026-08-02T01:35:41+08:00
e9e3fc80-8feb-43b5-8e7e-99978e622218,M-2110,ORD-20260802-8494-0013,CONCESSION_ACCRUAL,23,601,2026-08-02T00:26:53+08:00
38bec33d-3135-42b1-83aa-34cc764ff163,M-1818,ORD-20260802-3760-0014,CONCESSION_ACCRUAL,31,340,2026-08-02T00:27:52+08:00
7a9de00f-0609-4d3d-a429-962a9829a3bf,M-1071,ORD-20260802-7305-0015,CONCESSION_ACCRUAL,3,133,2026-08-02T00:03:10+08:00
d4df18a4-a8ce-47f7-afe1-b45ebfcd016b,M-1261,ORD-20260801-3877-0016,CONCESSION_ACCRUAL,24,397,2026-08-01T22:25:34+08:00
93fc0ed4-6817-452b-83ba-f3a0e02e7536,M-2119,ORD-20260801-5672-0017,CONCESSION_ACCRUAL,12,137,2026-08-01T21:19:21+08:00
5943e507-b30a-40d1-b03c-6acb18c6f944,M-1528,ORD-20260801-7083-0018,CONCESSION_ACCRUAL,8,183,2026-08-01T20:10:09+08:00
7a132b62-ba99-40af-9300-dac6d882a6d4,M-1470,ORD-20260802-3386-0019,CONCESSION_ACCRUAL,15,205,2026-08-02T03:28:12+08:00
9c97d2bc-1bd2-4012-bca5-c6e57e89e64d,M-1449,ORD-20260801-5640-0020,CONCESSION_ACCRUAL,25,119,2026-08-01T22:29:12+08:00
6e38c746-083a-43ea-9955-a3574b858011,M-1772,ORD-20260802-1271-0021,CONCESSION_ACCRUAL,36,258,2026-08-02T00:53:57+08:00
1a25db35-55e0-4951-9827-012f7167d3ac,M-1817,ORD-20260801-8382-0022,CONCESSION_ACCRUAL,15,202,2026-08-01T23:21:14+08:00
98b43891-a295-48cd-97c6-46dbc516fbfe,M-1040,ORD-20260801-7545-0023,CONCESSION_ACCRUAL,8,720,2026-08-01T14:10:51+08:00
9d6714c1-f564-4897-9ac5-a606337039fe,M-1268,ORD-20260802-2297-0024,CONCESSION_ACCRUAL,11,165,2026-08-02T01:48:43+08:00
951380a9-e157-4d65-97eb-b025e0b96b99,M-1230,ORD-20260801-4944-0025,CONCESSION_ACCRUAL,18,1017,2026-08-01T05:00:10+08:00
28bdc44b-88e2-453e-a8e9-2455165b3f23,M-1273,ORD-20260801-2965-0026,CONCESSION_ACCRUAL,4,940,2026-08-01T16:41:30+08:00
47773dff-8a18-4758-a5b8-c782188962af,M-1085,ORD-20260802-6681-0027,CONCESSION_ACCRUAL,7,339,2026-08-02T03:52:38+08:00
f28e197f-7a54-4512-b61a-99ce5599a304,M-1223,ORD-20260801-9181-0028,CONCESSION_ACCRUAL,8,65,2026-08-01T20:51:35+08:00
f28ef8d7-7053-498c-b39f-41ae874238b2,M-1439,ORD-20260801-6193-0029,CONCESSION_ACCRUAL,16,266,2026-08-01T18:32:39+08:00
2589891b-7fba-403f-b610-be31fee9a09d,M-1635,ORD-20260801-8386-0030,CONCESSION_ACCRUAL,11,347,2026-08-01T21:55:29+08:00
5915b4ff-f57f-4e2e-b9e3-c6eeb77dcf8f,M-1297,ORD-20260801-3287-0031,CONCESSION_ACCRUAL,34,171,2026-08-01T15:58:51+08:00
2199ff4a-7862-4071-8c44-9db7da3240fd,M-1032,ORD-20260801-8835-0032,CONCESSION_ACCRUAL,21,270,2026-08-01T06:12:21+08:00
4d32e888-c2ee-49e1-ae3b-75d3703d252f,M-1812,ORD-20260801-9333-0033,CONCESSION_ACCRUAL,36,479,2026-08-01T16:28:00+08:00
cf2ac33b-6093-463c-b5a6-12aa71f0c0e2,M-1258,ORD-20260801-2789-0034,CONCESSION_ACCRUAL,24,515,2026-08-01T22:32:12+08:00
466ad9fb-142f-4607-93bc-14a948f892b9,M-1160,ORD-20260801-6800-0035,CONCESSION_ACCRUAL,7,281,2026-08-01T21:22:53+08:00
99bc8b06-cc70-478e-b947-81968fd3379f,M-1673,ORD-20260801-3836-0036,CONCESSION_ACCRUAL,25,444,2026-08-01T18:33:38+08:00
13c72bc1-7cde-44cc-b855-7ec94d77235b,M-1337,ORD-20260802-2578-0037,CONCESSION_ACCRUAL,9,489,2026-08-02T01:57:09+08:00
60037d0d-aba2-4128-8f9a-112ae9ada9df,M-1110,ORD-20260801-3070-0038,CONCESSION_ACCRUAL,15,241,2026-08-01T18:12:46+08:00
b7be54de-5288-40e2-88d1-fc0c399d8342,M-1779,ORD-20260801-6190-0039,CONCESSION_ACCRUAL,15,173,2026-08-01T23:20:04+08:00
9be1a615-8f2d-4407-bfa8-db4d58d669db,M-1093,ORD-20260801-2412-0040,CONCESSION_ACCRUAL,11,124,2026-08-01T15:52:39+08:00
7ea35664-acef-42e8-ab0d-5300b2248a93,M-1616,ORD-20260802-5042-0041,CONCESSION_ACCRUAL,30,312,2026-08-02T00:41:32+08:00
a2007237-f7c9-4ff5-8be8-e7ea48610480,M-1997,ORD-20260801-6382-0042,CONCESSION_ACCRUAL,21,69,2026-08-01T23:57:58+08:00
89fe9fc7-d647-4291-9515-116138427506,M-1031,ORD-20260801-4849-0043,CONCESSION_ACCRUAL,60,1343,2026-08-01T15:20:42+08:00
0730b508-6b25-4f38-a94a-3b79276d9153,M-2186,ORD-20260801-1319-0044,CONCESSION_ACCRUAL,25,110,2026-08-01T17:18:10+08:00
8659499d-03f3-44f8-8b6f-1db2d059db76,M-1221,ORD-20260801-7720-0045,CONCESSION_ACCRUAL,38,2056,2026-08-01T22:09:22+08:00
028d5d07-e6db-4b16-9aaa-6353765d53ff,M-1225,ORD-20260801-7265-0046,CONCESSION_ACCRUAL,19,172,2026-08-01T22:57:08+08:00
06d79388-d308-4b4a-98f1-8c0d329f52e9,M-1356,ORD-20260802-8011-0047,CONCESSION_ACCRUAL,38,949,2026-08-02T00:37:25+08:00
4787742f-708f-45f5-93b3-46a056a7f94a,M-2075,ORD-20260801-7911-0048,CONCESSION_ACCRUAL,6,123,2026-08-01T23:41:35+08:00
4994884d-6a17-4e27-8803-642599c1629f,M-1677,ORD-20260801-9666-0049,CONCESSION_ACCRUAL,22,84,2026-08-01T15:32:24+08:00
24a1d6ff-bb98-4021-9a1d-c8e75de1ca23,M-1975,ORD-20260801-4187-0050,CONCESSION_ACCRUAL,3,139,2026-08-01T20:58:30+08:00
a74cd267-d625-4484-8ba2-870535569bfc,M-1805,ORD-20260801-4806-0051,CONCESSION_ACCRUAL,8,438,2026-08-01T23:24:10+08:00
c8f7a8b2-0ee7-4439-83c8-a16e848b21ca,M-1493,ORD-20260801-4900-0052,CONCESSION_ACCRUAL,11,194,2026-08-01T23:55:46+08:00
dc766ab4-bfce-4baf-8d70-8b5b63d0c1f9,M-1423,ORD-20260801-6946-0053,CONCESSION_ACCRUAL,23,453,2026-08-01T15:11:07+08:00
b7b635e4-6054-47da-aa39-6db817c99440,M-1820,ORD-20260801-2039-0054,CONCESSION_ACCRUAL,8,493,2026-08-01T20:37:30+08:00
ce5967db-956f-4a35-a3c0-2d973c75b224,M-1765,ORD-20260801-3484-0055,CONCESSION_ACCRUAL,27,237,2026-08-01T22:07:01+08:00
7ce4ec2b-6259-4103-ac30-6528a901c4c5,M-1765,TIER_UPGRADE_Silver_TO_Gold,TIER_BONUS,100,337,2026-08-01T22:07:01+08:00
852d479c-e2f4-44e5-b3d2-c02be924f40e,M-1988,ORD-20260801-3238-0056,CONCESSION_ACCRUAL,19,98,2026-08-01T23:22:17+08:00
814c3139-0f69-4205-95ec-6601d429dc56,M-1336,ORD-20260801-2196-0057,CONCESSION_ACCRUAL,33,371,2026-08-01T23:48:06+08:00
e2882376-d228-47d0-80cc-fffb08e62bd5,M-1409,ORD-20260802-8922-0058,CONCESSION_ACCRUAL,11,318,2026-08-02T00:14:32+08:00
ad9af5ba-489a-4097-828a-c0db365b72f1,M-1925,ORD-20260801-7079-0059,CONCESSION_ACCRUAL,11,133,2026-08-01T17:24:30+08:00
7a19aba5-f5be-4c17-ba14-cbd1af1d02e2,M-1054,ORD-20260801-5069-0060,CONCESSION_ACCRUAL,7,338,2026-08-01T23:30:32+08:00
4a8bc01f-1031-4c39-b06a-50cbfdeb1666,M-1014,ORD-20260801-2885-0061,CONCESSION_ACCRUAL,19,689,2026-08-01T22:03:50+08:00
7190c0bb-b33b-46de-a614-8a915685842b,M-1977,ORD-20260802-6935-0062,CONCESSION_ACCRUAL,14,248,2026-08-02T00:57:43+08:00
37dc9021-e630-4101-9e69-a2a1c4b37da1,M-1003,ORD-20260801-8070-0063,CONCESSION_ACCRUAL,16,168,2026-08-01T16:11:54+08:00
c270545e-b492-4d88-8093-72fa798e3b29,M-1281,ORD-20260801-3399-0064,CONCESSION_ACCRUAL,7,715,2026-08-01T19:45:02+08:00
386b4a7b-c110-4ec5-bd5a-d8a952a08cc3,M-1256,ORD-20260801-2469-0065,CONCESSION_ACCRUAL,19,81,2026-08-01T12:11:40+08:00
b9ed71fc-5389-4c73-8d46-cfd00f7527cf,M-1084,ORD-20260801-6125-0066,CONCESSION_ACCRUAL,36,356,2026-08-01T20:53:12+08:00
45cf2ddf-6342-4364-8722-3003ffa88d48,M-1751,ORD-20260801-8871-0067,CONCESSION_ACCRUAL,8,471,2026-08-01T21:24:43+08:00
37ebc57e-9afe-448d-bc2d-04a8a80af116,M-1580,ORD-20260801-9172-0068,CONCESSION_ACCRUAL,15,692,2026-08-01T21:38:27+08:00
a520aae7-8e7c-489d-b212-e592dd73337e,M-1272,ORD-20260801-3693-0069,CONCESSION_ACCRUAL,20,1003,2026-08-01T15:32:49+08:00
1b326415-dedf-4acf-9431-a15e6378f1fe,M-1297,ORD-20260801-1660-0070,CONCESSION_ACCRUAL,41,212,2026-08-01T21:37:27+08:00
95a8dfbc-6fd6-4151-954b-c29dfc3bfb4c,M-2175,ORD-20260801-5911-0071,CONCESSION_ACCRUAL,13,260,2026-08-01T10:45:51+08:00
6e97ce3c-2ec3-467d-97fe-d045e5e77724,M-1784,ORD-20260801-5577-0072,CONCESSION_ACCRUAL,14,301,2026-08-01T23:18:37+08:00
79ef1e90-218e-4ccd-ad7b-ccfe45decb87,M-1091,ORD-20260801-3234-0073,CONCESSION_ACCRUAL,34,277,2026-08-01T18:12:19+08:00
dc6e0d49-871a-40c0-a26d-b4807d5ca720,M-2131,ORD-20260801-2873-0074,CONCESSION_ACCRUAL,12,67,2026-08-01T20:21:24+08:00
d606ecef-3544-4ef2-a82f-2ca065535b04,M-1266,ORD-20260801-2887-0075,CONCESSION_ACCRUAL,22,159,2026-08-01T21:00:15+08:00
843d263c-6816-44ce-b411-b330b57b097b,M-1658,ORD-20260801-9149-0076,CONCESSION_ACCRUAL,11,330,2026-08-01T19:49:08+08:00
a24c31c6-f203-4900-8730-b7b2aa4ce918,M-1438,ORD-20260801-1282-0077,CONCESSION_ACCRUAL,20,2745,2026-08-01T22:45:00+08:00
2cdcb81f-2f0b-46e4-8cdd-748e261ad17b,M-2060,ORD-20260801-8500-0078,CONCESSION_ACCRUAL,43,74,2026-08-01T20:28:38+08:00
59a1d2d7-f2ab-48e0-97a0-a8336f3894fc,M-1037,ORD-20260801-7620-0079,CONCESSION_ACCRUAL,19,566,2026-08-01T16:55:30+08:00
df4e5aad-788b-43d9-9d8f-d93365bf1e6e,M-1552,ORD-20260801-5152-0080,CONCESSION_ACCRUAL,21,208,2026-08-01T22:09:20+08:00
2d14fcb3-0140-4379-9ac7-e5bd7272ee25,M-1070,ORD-20260802-4144-0081,CONCESSION_ACCRUAL,3,218,2026-08-02T00:09:26+08:00
9daf6b1c-6075-4874-9ded-79bc0b0f5d3a,M-1191,ORD-20260801-7969-0082,CONCESSION_ACCRUAL,11,129,2026-08-01T12:10:14+08:00
83351c8a-ea1c-4ba1-9828-8ca2b77ae8c5,M-1271,ORD-20260801-8263-0083,CONCESSION_ACCRUAL,3,335,2026-08-01T19:17:11+08:00
2e6f25ff-565e-41c6-9580-4fab017d5a60,M-1893,ORD-20260801-6299-0084,CONCESSION_ACCRUAL,9,96,2026-08-01T15:00:48+08:00
c9a61fc9-fd90-40c5-a30e-9ec991dce888,M-1669,ORD-20260801-5150-0085,CONCESSION_ACCRUAL,27,157,2026-08-01T17:45:47+08:00
1ba422c9-d374-4744-93a7-71c7c5299e11,M-1069,ORD-20260801-5866-0086,CONCESSION_ACCRUAL,16,32,2026-08-01T20:14:36+08:00
c39dca8d-1dfe-41e7-8c4d-57273c98d260,M-1591,ORD-20260801-2873-0087,CONCESSION_ACCRUAL,14,2028,2026-08-01T18:59:37+08:00
6615007a-9e80-4168-b9bd-dccc35daac36,M-1706,ORD-20260801-5366-0088,CONCESSION_ACCRUAL,39,676,2026-08-01T20:40:38+08:00
fd91d94c-e5ab-49c9-b399-a7cd95260aba,M-1147,ORD-20260801-1933-0089,CONCESSION_ACCRUAL,33,555,2026-08-01T20:34:38+08:00
eb6d2c1c-3256-4b47-bce8-c0a91821f7d5,M-1863,ORD-20260802-9812-0090,CONCESSION_ACCRUAL,12,104,2026-08-02T05:46:58+08:00
8df8bdf4-e567-47af-b445-b21d97a73454,M-1022,ORD-20260801-2790-0091,CONCESSION_ACCRUAL,16,138,2026-08-01T22:53:42+08:00
77f8c9a2-1af9-4074-b278-e6da3ab2e2ef,M-1259,ORD-20260801-8838-0092,CONCESSION_ACCRUAL,3,393,2026-08-01T19:59:55+08:00
3a0d8f8c-81ea-48c4-a906-1da52f2babf4,M-1396,ORD-20260801-2791-0093,CONCESSION_ACCRUAL,14,218,2026-08-01T14:06:26+08:00
11211ca4-a630-498c-b008-8f02a1d326a0,M-1013,ORD-20260801-4439-0094,CONCESSION_ACCRUAL,8,340,2026-08-01T20:58:31+08:00
43d8a165-8dda-4ad2-836c-c6bcc1368135,M-1107,ORD-20260801-2281-0095,CONCESSION_ACCRUAL,15,121,2026-08-01T19:21:30+08:00
3e51aa77-5692-4bda-b3c0-0835331fac7b,M-1777,ORD-20260802-1865-0096,CONCESSION_ACCRUAL,42,197,2026-08-02T01:11:50+08:00
59c929f6-b54c-4e44-8859-b1b7eece0dff,M-1502,ORD-20260801-6551-0097,CONCESSION_ACCRUAL,8,121,2026-08-01T23:14:38+08:00
bbfba872-8832-4b12-9c5a-1c641d7a3752,M-1581,ORD-20260801-6793-0098,CONCESSION_ACCRUAL,33,169,2026-08-01T17:46:30+08:00
de8d936f-8dab-4916-b079-e8063c7e1b01,M-1322,ORD-20260801-8733-0099,CONCESSION_ACCRUAL,50,404,2026-08-01T21:39:21+08:00
0071c8e8-54b9-4c79-b196-da865984ef20,M-1648,ORD-20260802-7353-0100,CONCESSION_ACCRUAL,30,406,2026-08-02T00:01:53+08:00
fa25c338-6de9-4691-949f-afafacd66a0e,M-1891,ORD-20260801-4860-0101,CONCESSION_ACCRUAL,9,65,2026-08-01T19:34:23+08:00
f786da38-93bb-426b-b220-7b775cbbdbbd,M-1452,ORD-20260801-1180-0102,CONCESSION_ACCRUAL,16,46,2026-08-01T17:27:04+08:00
f083e617-ec2d-42ee-a9c3-d37d724cbeea,M-1931,ORD-20260801-3214-0103,CONCESSION_ACCRUAL,14,57,2026-08-01T17:10:13+08:00
2c5cf40e-c2eb-43aa-b996-1cded1873bf5,M-2056,ORD-20260801-4957-0104,CONCESSION_ACCRUAL,31,156,2026-08-01T20:38:57+08:00
489b3585-7115-4b51-9335-440f36ad1c0d,M-1182,ORD-20260801-7456-0105,CONCESSION_ACCRUAL,32,309,2026-08-01T23:05:04+08:00
6319f10e-8580-4c9c-9f2e-74d089b81b3c,M-1769,ORD-20260801-8024-0106,CONCESSION_ACCRUAL,18,261,2026-08-01T23:24:39+08:00
06fdc694-3603-402e-878b-c35f114ed746,M-1169,ORD-20260801-5886-0107,CONCESSION_ACCRUAL,3,266,2026-08-01T21:52:57+08:00
6259a678-3de7-4323-9675-4a99334a04c3,M-1790,ORD-20260801-6896-0108,CONCESSION_ACCRUAL,16,251,2026-08-01T22:54:10+08:00
2ab0c6e9-8643-47f3-90ab-2f71ec8af54c,M-1680,ORD-20260801-3519-0109,CONCESSION_ACCRUAL,11,537,2026-08-01T11:53:20+08:00
3321f4c5-a174-4e0a-abde-5a90e5d89bac,M-1083,ORD-20260801-7116-0110,CONCESSION_ACCRUAL,15,438,2026-08-01T23:36:04+08:00
03287a75-958b-4d0f-a2a7-980c22819fdf,M-2191,ORD-20260801-6052-0111,CONCESSION_ACCRUAL,9,297,2026-08-01T23:37:50+08:00
377b2b8d-dee0-430f-a93e-e3fdd4aacb9a,M-1679,ORD-20260801-8039-0112,CONCESSION_ACCRUAL,16,590,2026-08-01T14:42:01+08:00
5b862d92-e97b-428e-a260-d3cf7c9fc9ea,M-1827,ORD-20260801-9357-0113,CONCESSION_ACCRUAL,8,223,2026-08-01T17:26:39+08:00
4a1f6a78-bcc5-4572-b466-00ed95d6e5a7,M-2018,ORD-20260801-5793-0114,CONCESSION_ACCRUAL,30,203,2026-08-01T23:11:38+08:00
2703fcb1-6da2-4b1e-bb3c-1a73ec1918b4,M-2018,TIER_UPGRADE_Standard_TO_Silver,TIER_BONUS,50,253,2026-08-01T23:11:38+08:00
99574069-ae84-4db1-9361-8005dccefa35,M-1210,ORD-20260801-5770-0115,CONCESSION_ACCRUAL,15,1137,2026-08-01T23:08:24+08:00
f9186da0-2f28-417e-8e94-6ca6a1731ea7,M-2195,ORD-20260801-2930-0116,CONCESSION_ACCRUAL,20,223,2026-08-01T19:07:56+08:00
5bf8297c-1aba-42db-9cfd-c7b20417c160,M-1829,ORD-20260801-9282-0117,CONCESSION_ACCRUAL,21,135,2026-08-01T18:35:51+08:00
93c46ca2-d154-4566-940e-d979a3ac20ac,M-1026,ORD-20260801-1577-0118,CONCESSION_ACCRUAL,9,1541,2026-08-01T22:11:52+08:00
933acf45-3714-418f-96c5-10e6ccde7d39,M-1615,ORD-20260801-9878-0119,CONCESSION_ACCRUAL,33,504,2026-08-01T22:31:51+08:00
e56f8ecc-9be1-4343-89c9-ee5f419e6e82,M-1620,ORD-20260801-1274-0120,CONCESSION_ACCRUAL,11,130,2026-08-01T08:57:53+08:00
e2ff697a-70e7-4544-a756-7ba6f19dff66,M-1279,ORD-20260801-8351-0121,CONCESSION_ACCRUAL,8,274,2026-08-01T18:25:37+08:00
a8339979-0f33-4cf9-83d7-b90125548494,M-2106,ORD-20260801-9469-0122,CONCESSION_ACCRUAL,15,33,2026-08-01T16:05:18+08:00
d4075836-34b6-4dd3-be28-64b68a294feb,M-1483,ORD-20260801-8335-0123,CONCESSION_ACCRUAL,3,530,2026-08-01T21:33:39+08:00
011f7581-2243-43a6-ae3b-378230f9ae2f,M-1256,ORD-20260801-3831-0124,CONCESSION_ACCRUAL,8,89,2026-08-01T23:25:39+08:00
8dee55e0-f27f-472c-84df-a9b959f0afc4,M-2014,ORD-20260801-9367-0125,CONCESSION_ACCRUAL,9,109,2026-08-01T20:57:38+08:00
ad4da894-e052-4db1-8317-c1010f4f19a7,M-1636,ORD-20260801-1904-0126,CONCESSION_ACCRUAL,39,1366,2026-08-01T18:05:55+08:00
12eaf024-2b79-4863-9525-29324788b90d,M-1254,ORD-20260802-1082-0127,CONCESSION_ACCRUAL,8,46,2026-08-02T00:00:15+08:00
9b5b735d-eac4-4319-9841-4e20201233f0,M-1344,ORD-20260801-8789-0128,CONCESSION_ACCRUAL,15,640,2026-08-01T18:42:35+08:00
613a88cf-0bf1-459a-b119-64b387ea7536,M-1028,ORD-20260801-3205-0129,CONCESSION_ACCRUAL,18,91,2026-08-01T23:02:50+08:00
d857b562-9a37-4674-a6ff-fd5f22882a0e,M-1656,ORD-20260801-3796-0130,CONCESSION_ACCRUAL,13,128,2026-08-01T17:01:23+08:00
0c0145c9-51e8-4d6a-bebc-6d523bc7c9bc,M-1218,ORD-20260801-2065-0131,CONCESSION_ACCRUAL,10,32,2026-08-01T03:55:47+08:00
8e32d383-1af3-46b2-914e-a50b80a899a5,M-1478,ORD-20260801-9921-0132,CONCESSION_ACCRUAL,30,187,2026-08-01T18:35:01+08:00
ab710263-8b7d-4c66-9a11-8528bd40d0c4,M-1670,ORD-20260801-5338-0133,CONCESSION_ACCRUAL,26,228,2026-08-01T23:50:00+08:00
7090308d-c69f-45b6-9186-cca66dc7d825,M-1660,ORD-20260801-5006-0134,CONCESSION_ACCRUAL,26,327,2026-08-01T21:19:11+08:00
a9b9ae2a-17e8-4982-a77f-92917b720ead,M-1451,ORD-20260802-5688-0135,CONCESSION_ACCRUAL,7,221,2026-08-02T04:23:20+08:00
b435a929-17e1-4824-8533-9f52b3e311ea,M-1971,ORD-20260801-7168-0136,CONCESSION_ACCRUAL,11,250,2026-08-01T15:47:39+08:00
bb8bb1ef-5b55-43d7-b51f-059fe39be462,M-1734,ORD-20260801-1268-0137,CONCESSION_ACCRUAL,37,205,2026-08-01T20:27:16+08:00
d1dbc4f8-4c32-4874-9c14-2689c1bf5be3,M-1450,ORD-20260801-1126-0138,CONCESSION_ACCRUAL,33,236,2026-08-01T21:48:34+08:00
bfd16bea-10ae-40d7-af1e-38d999f91b50,M-1053,ORD-20260801-5881-0139,CONCESSION_ACCRUAL,11,548,2026-08-01T19:31:57+08:00
901ace36-2140-498b-b621-2add3e7b31fd,M-1935,ORD-20260802-3933-0140,CONCESSION_ACCRUAL,24,209,2026-08-02T00:57:44+08:00
0d2fd7f6-6cb0-4be0-9d08-44fed43464b1,M-1601,ORD-20260801-3339-0141,CONCESSION_ACCRUAL,10,316,2026-08-01T14:27:26+08:00
026503ba-5d1b-4b61-afe8-6aff8841e68e,M-1793,ORD-20260801-9276-0142,CONCESSION_ACCRUAL,18,921,2026-08-01T22:58:21+08:00
97b9f166-ec8d-4250-812c-d3429362c948,M-1346,ORD-20260801-1453-0143,CONCESSION_ACCRUAL,18,275,2026-08-01T22:01:13+08:00
1700ed28-a896-4da0-9fcc-6eb440e5a9c1,M-1602,ORD-20260801-7253-0144,CONCESSION_ACCRUAL,9,357,2026-08-01T21:26:28+08:00
12fd2f04-2aa6-45e3-9acc-7a7605569f4a,M-1051,ORD-20260801-2539-0145,CONCESSION_ACCRUAL,40,192,2026-08-01T21:29:23+08:00
8c37e57a-60b7-4cce-ac5b-4f4a5e4bb96a,M-1051,TIER_UPGRADE_Silver_TO_Gold,TIER_BONUS,100,292,2026-08-01T21:29:23+08:00
dc7f7ce9-5feb-4d97-aad5-2bdd2f054147,M-1295,ORD-20260801-5884-0146,CONCESSION_ACCRUAL,11,175,2026-08-01T19:53:05+08:00
cf94fd53-87d4-409c-bc2e-bf66a5e002ba,M-1995,ORD-20260801-3167-0147,CONCESSION_ACCRUAL,9,173,2026-08-01T22:51:15+08:00
2e9027a2-61b6-4120-b303-2e0bfdba9b52,M-1704,ORD-20260801-1649-0148,CONCESSION_ACCRUAL,30,404,2026-08-01T14:02:28+08:00
5fce6969-bde4-4e6a-9fa0-1f7805026282,M-2025,ORD-20260801-7223-0149,CONCESSION_ACCRUAL,18,217,2026-08-01T15:45:37+08:00
967b446d-df1c-47db-9bbd-6364b13d86be,M-1465,ORD-20260801-2101-0150,CONCESSION_ACCRUAL,4,909,2026-08-01T23:29:27+08:00
a45a7fc9-5d82-4515-9c78-4d89cb19d6ea,M-1057,ORD-20260801-5614-0151,CONCESSION_ACCRUAL,9,145,2026-08-01T12:19:46+08:00
6eed68d8-75c3-488f-9e9e-0d6d8aa05125,M-1564,ORD-20260802-1370-0152,CONCESSION_ACCRUAL,22,633,2026-08-02T01:11:49+08:00
a2fd3b28-2dbb-43e7-8831-8ec5e8a59337,M-1355,ORD-20260801-5213-0153,CONCESSION_ACCRUAL,25,150,2026-08-01T18:28:04+08:00
403b10ae-31ae-46aa-85ef-d9b73d06ec5a,M-1350,ORD-20260801-8148-0154,CONCESSION_ACCRUAL,3,517,2026-08-01T17:38:54+08:00
a44bfc40-db0a-443e-bf17-2ce6060ecd9b,M-1983,ORD-20260801-5732-0155,CONCESSION_ACCRUAL,21,304,2026-08-01T21:54:30+08:00
41ffd272-8423-4de5-9146-b6428a106f40,M-1132,ORD-20260802-9828-0156,CONCESSION_ACCRUAL,9,935,2026-08-02T03:38:43+08:00
50844e11-e8a1-4c2c-9ef5-961ab57662cd,M-1845,ORD-20260801-1071-0157,CONCESSION_ACCRUAL,8,346,2026-08-01T09:47:47+08:00
4960082f-01a9-440f-bcbe-0dfbc406d0b0,M-2062,ORD-20260801-8655-0158,CONCESSION_ACCRUAL,16,145,2026-08-01T10:09:26+08:00
3d11eb26-4df8-4bc8-840c-7827c8a7ade8,M-1804,ORD-20260801-2611-0159,CONCESSION_ACCRUAL,15,115,2026-08-01T23:58:51+08:00
af9d47fe-795c-444e-b77b-14094464cfa2,M-1210,ORD-20260801-6183-0160,CONCESSION_ACCRUAL,23,1160,2026-08-01T22:04:28+08:00
520b2120-96f2-4282-ac83-33d314cae3e7,M-2004,ORD-20260801-9388-0161,CONCESSION_ACCRUAL,11,201,2026-08-01T17:40:10+08:00
d83694c4-ad3b-44ac-8924-37ef36da85ba,M-1017,ORD-20260801-8284-0162,CONCESSION_ACCRUAL,21,298,2026-08-01T18:09:00+08:00
04fbe18c-322a-4d09-8f69-666248e3a6d3,M-1426,ORD-20260801-7793-0163,CONCESSION_ACCRUAL,36,958,2026-08-01T23:41:30+08:00
ef80ce7a-47d2-45c8-8515-0f9e665fbada,M-1426,TIER_UPGRADE_Silver_TO_Gold,TIER_BONUS,100,1058,2026-08-01T23:41:30+08:00
1859d521-25da-4a3a-9998-f8120b8cc018,M-1023,ORD-20260801-3979-0164,CONCESSION_ACCRUAL,6,192,2026-08-01T23:54:07+08:00
e5270f61-20b3-4441-af86-09b6a214abc3,M-1057,ORD-20260802-7628-0165,CONCESSION_ACCRUAL,15,160,2026-08-02T00:38:35+08:00
945911f0-048e-47ff-a514-39061fa7647a,M-1075,ORD-20260801-8768-0166,CONCESSION_ACCRUAL,15,68,2026-08-01T17:04:18+08:00
8c96c452-2185-4653-9c57-74b0f31a164d,M-1944,ORD-20260802-7164-0167,CONCESSION_ACCRUAL,23,387,2026-08-02T01:27:22+08:00
8f3d113e-1385-4d75-b592-4cb2a4c27d1a,M-1052,ORD-20260801-5915-0168,CONCESSION_ACCRUAL,26,441,2026-08-01T13:52:18+08:00
050717ec-39d6-4dbb-8d76-bea38b00ddc8,M-1600,ORD-20260801-6781-0169,CONCESSION_ACCRUAL,3,13,2026-08-01T10:10:58+08:00
da53f05d-d937-48da-aa8b-a262619b3ec1,M-2190,ORD-20260801-6203-0170,CONCESSION_ACCRUAL,14,187,2026-08-01T22:00:05+08:00
54da31f8-35aa-450f-a2cd-998e5a11d4fc,M-1372,ORD-20260802-6328-0171,CONCESSION_ACCRUAL,8,86,2026-08-02T04:58:08+08:00
c47b8754-c2b9-49ff-a77c-7af2b72f0cf9,M-2051,ORD-20260802-8072-0172,CONCESSION_ACCRUAL,18,96,2026-08-02T00:14:43+08:00
a8f7f85e-9116-47f5-b615-559c9ce22e67,M-1196,ORD-20260801-4865-0173,CONCESSION_ACCRUAL,22,101,2026-08-01T18:49:43+08:00
c1a52920-eff3-4c3c-ab4a-77cfe329f339,M-2114,ORD-20260802-9031-0174,CONCESSION_ACCRUAL,8,167,2026-08-02T00:38:16+08:00
b5b4ebe0-3b86-4b57-8bb4-72907fd05545,M-1915,ORD-20260801-5458-0175,CONCESSION_ACCRUAL,20,131,2026-08-01T23:42:45+08:00
68edf97f-0abc-4ef2-a4a0-41765cc83eb3,M-1412,ORD-20260801-2562-0176,CONCESSION_ACCRUAL,23,293,2026-08-01T17:07:59+08:00
349c9297-e7a2-4c84-a01b-333b762d2f90,M-1862,ORD-20260801-7969-0177,CONCESSION_ACCRUAL,36,131,2026-08-01T21:19:28+08:00
13d9f0cf-3cba-4cf3-bdfe-14241484bf69,M-1188,ORD-20260802-1486-0178,CONCESSION_ACCRUAL,14,171,2026-08-02T00:25:35+08:00
60c5c47f-8144-4ab3-8bb9-10d0e0854f25,M-1570,ORD-20260801-5811-0179,CONCESSION_ACCRUAL,26,755,2026-08-01T19:11:22+08:00
bd696ec5-e482-45ee-b051-d3cc263bf80f,M-1148,ORD-20260801-7049-0180,CONCESSION_ACCRUAL,15,163,2026-08-01T17:40:05+08:00
b5fae2a8-ea1a-4c2f-b98f-c02d29778135,M-1040,ORD-20260801-6370-0181,CONCESSION_ACCRUAL,26,746,2026-08-01T23:42:24+08:00
dbf67edd-8b7e-4189-b4b3-abb3a88b7946,M-2123,ORD-20260801-9353-0182,CONCESSION_ACCRUAL,3,122,2026-08-01T22:48:56+08:00
c4d7669b-a548-4788-b610-a76f068f3acf,M-1282,ORD-20260802-7257-0183,CONCESSION_ACCRUAL,76,121,2026-08-02T02:22:44+08:00
56ba4583-5e21-4d1c-82c1-9b2740a58161,M-1352,ORD-20260802-2096-0184,CONCESSION_ACCRUAL,9,163,2026-08-02T01:39:46+08:00
13c80173-074b-4b79-89cb-58db2b0b49c7,M-1713,ORD-20260801-6350-0185,CONCESSION_ACCRUAL,21,285,2026-08-01T14:08:08+08:00
1c13c613-b941-4a7a-af12-3d32cc77e75a,M-1503,ORD-20260802-2157-0186,CONCESSION_ACCRUAL,33,808,2026-08-02T00:09:01+08:00
3440874e-16b0-4f2e-a26c-b6bddbdc0a45,M-1082,ORD-20260801-4269-0187,CONCESSION_ACCRUAL,15,424,2026-08-01T19:15:18+08:00
5131bd9f-d410-4af4-b228-22fc35d51962,M-2072,ORD-20260801-2382-0188,CONCESSION_ACCRUAL,27,199,2026-08-01T23:07:36+08:00
b6dfa2e4-ab87-48f7-aca7-f3ee42efb55e,M-1797,ORD-20260801-3996-0189,CONCESSION_ACCRUAL,3,297,2026-08-01T12:56:35+08:00
76f4ffae-45ba-4da9-9cfa-7630c0e20154,M-1741,ORD-20260802-9070-0190,CONCESSION_ACCRUAL,26,339,2026-08-02T03:35:09+08:00
a3729df6-d1ec-4d48-8e5d-6f467897df65,M-1058,ORD-20260801-9926-0191,CONCESSION_ACCRUAL,11,298,2026-08-01T10:03:18+08:00
e20c7e47-da46-4129-80ab-e328514b863d,M-1594,ORD-20260802-3190-0192,CONCESSION_ACCRUAL,11,255,2026-08-02T01:56:20+08:00
4b49d51b-8c20-44bf-ab2c-d0de7e60d502,M-2077,ORD-20260801-1646-0193,CONCESSION_ACCRUAL,22,195,2026-08-01T19:47:45+08:00
5163a18f-c877-4c6c-a31e-16d67bcf4347,M-1667,ORD-20260801-5801-0194,CONCESSION_ACCRUAL,30,364,2026-08-01T20:26:05+08:00
a5e0961c-70fb-437a-a1c8-aed475226065,M-1349,ORD-20260801-2580-0195,CONCESSION_ACCRUAL,8,320,2026-08-01T13:53:54+08:00
1914eb9d-4f2b-49e9-98f5-ecc135dfb79c,M-1676,ORD-20260801-1877-0196,CONCESSION_ACCRUAL,9,3163,2026-08-01T19:14:08+08:00
d9df1ec9-9b10-4934-a7cd-8467337adaa4,M-1790,ORD-20260801-4072-0197,CONCESSION_ACCRUAL,8,259,2026-08-01T17:59:46+08:00
ed243ade-731f-4d87-809a-25df18146944,M-1523,ORD-20260801-4532-0198,CONCESSION_ACCRUAL,8,82,2026-08-01T19:07:55+08:00
791b7f1e-9e7d-4b4e-be2e-274303aa505a,M-1540,ORD-20260801-1110-0199,CONCESSION_ACCRUAL,3,59,2026-08-01T14:46:44+08:00
4077188d-d324-40f3-98b2-501553807e49,M-1480,ORD-20260801-5518-0200,CONCESSION_ACCRUAL,33,230,2026-08-01T21:03:02+08:00
5e7f1130-45bb-479c-97aa-032455d96c1e,M-1709,ORD-20260801-7912-0201,CONCESSION_ACCRUAL,21,205,2026-08-01T20:33:37+08:00
975f9f24-a3da-42db-ae76-c26786f6a31a,M-1605,ORD-20260802-1937-0202,CONCESSION_ACCRUAL,22,161,2026-08-02T00:35:58+08:00
ef54faeb-4f48-4eb2-8669-f965a477540d,M-1439,ORD-20260801-8904-0203,CONCESSION_ACCRUAL,46,312,2026-08-01T16:34:01+08:00
6da499dd-6e65-43b6-b556-c72bcb5df286,M-1936,ORD-20260802-8964-0204,CONCESSION_ACCRUAL,8,98,2026-08-02T00:25:40+08:00
19c93508-b64c-432d-a0a3-1085f1efa409,M-1179,ORD-20260801-7274-0205,CONCESSION_ACCRUAL,11,85,2026-08-01T22:46:55+08:00
a8ee12ce-b8b5-4afd-b08c-6bdcb16345d5,M-1733,ORD-20260802-5288-0206,CONCESSION_ACCRUAL,25,104,2026-08-02T01:19:55+08:00
a2e6a3b8-0fac-4109-84e8-f7f7d62745b8,M-1382,ORD-20260801-4313-0207,CONCESSION_ACCRUAL,8,376,2026-08-01T23:17:52+08:00
904af33d-2401-42b1-88f1-9421efc48f7f,M-1468,ORD-20260802-7524-0208,CONCESSION_ACCRUAL,13,454,2026-08-02T01:45:20+08:00
f290f739-a7cb-48ca-89f0-feeb51900cad,M-1244,ORD-20260802-5822-0209,CONCESSION_ACCRUAL,18,294,2026-08-02T00:55:41+08:00
d25d1add-ab2c-483c-aad2-5b92e3cddd5b,M-1378,ORD-20260801-3404-0210,CONCESSION_ACCRUAL,15,85,2026-08-01T23:44:22+08:00
7078dfa5-018f-4986-9247-78fdf647a151,M-1800,ORD-20260801-1112-0211,CONCESSION_ACCRUAL,19,550,2026-08-01T20:18:19+08:00
686b4632-c44a-4373-8932-27a1f27ebeb4,M-1129,ORD-20260801-8545-0212,CONCESSION_ACCRUAL,9,1092,2026-08-01T17:23:43+08:00
ea252d73-d5fc-4ed8-b34a-d56af5ebc9b1,M-1018,ORD-20260801-8002-0213,CONCESSION_ACCRUAL,8,264,2026-08-01T12:36:37+08:00
f09d7746-94be-4779-b409-3f6f21f4c086,M-1673,ORD-20260801-7243-0214,CONCESSION_ACCRUAL,21,465,2026-08-01T01:31:15+08:00
50ab2e2d-5b7e-4168-8898-a7a5d95a0054,M-2084,ORD-20260801-3938-0215,CONCESSION_ACCRUAL,33,168,2026-08-01T20:30:10+08:00
3b7a2e94-c6bb-43d6-b7ed-fd1587596f6a,M-1350,ORD-20260801-7974-0216,CONCESSION_ACCRUAL,15,532,2026-08-01T19:50:09+08:00
b9762e4f-81c4-4a73-bb26-fcb313379210,M-1802,ORD-20260801-7493-0217,CONCESSION_ACCRUAL,40,166,2026-08-01T23:10:04+08:00
d669c2de-d8ff-41c7-bf8c-7eb196c7733e,M-1458,ORD-20260801-8775-0218,CONCESSION_ACCRUAL,20,167,2026-08-01T17:52:02+08:00
65f8aed2-603a-4495-9d45-d3914e943a6f,M-1241,ORD-20260801-4824-0219,CONCESSION_ACCRUAL,30,258,2026-08-01T18:57:14+08:00
bfe682c7-da5d-4d28-b967-c1dad741f7b2,M-1306,ORD-20260801-4380-0220,CONCESSION_ACCRUAL,23,527,2026-08-01T22:14:47+08:00
3eb72162-6725-449b-8300-3752ef4e6383,M-1360,ORD-20260801-8689-0221,CONCESSION_ACCRUAL,18,206,2026-08-01T22:32:39+08:00
cb0e8426-1c42-439f-a37b-24816dbecd68,M-1387,ORD-20260801-4645-0222,CONCESSION_ACCRUAL,8,155,2026-08-01T22:53:16+08:00
a351bebb-3111-4727-b3d8-f224deb44d65,M-1291,ORD-20260801-5261-0223,CONCESSION_ACCRUAL,3,350,2026-08-01T07:32:15+08:00
d48ced69-1aa6-4118-ad36-89f60b045585,M-1701,ORD-20260801-3671-0224,CONCESSION_ACCRUAL,31,594,2026-08-01T22:40:00+08:00
e629bb14-f931-4757-a8f6-7f169c4ca25c,M-2106,ORD-20260801-9793-0225,CONCESSION_ACCRUAL,20,53,2026-08-01T21:58:14+08:00
fd7eec85-59af-4199-9fee-da373d67f205,M-1001,ORD-20260802-8379-0226,CONCESSION_ACCRUAL,34,292,2026-08-02T03:31:02+08:00
7dc804a1-4078-449b-a71f-44187fa0b8ce,M-1685,ORD-20260801-6940-0227,CONCESSION_ACCRUAL,3,57,2026-08-01T20:20:55+08:00
e0d35e44-777a-49bd-b0b5-9eab1b005423,M-1685,TIER_UPGRADE_Silver_TO_Gold,TIER_BONUS,100,157,2026-08-01T20:20:55+08:00
33eb5301-8cb9-4f0b-a8b0-ca83cb02b5a9,M-1665,ORD-20260801-2712-0228,CONCESSION_ACCRUAL,24,1194,2026-08-01T23:43:11+08:00
9f413638-1eef-4d08-9930-fe55c6790b1a,M-1395,ORD-20260801-5546-0229,CONCESSION_ACCRUAL,15,125,2026-08-01T15:24:48+08:00
df69fdd8-3597-400d-9b44-53d5a91f8411,M-2105,ORD-20260801-9804-0230,CONCESSION_ACCRUAL,7,154,2026-08-01T18:33:20+08:00
92818e62-6c1d-44e9-b593-e516a73526df,M-1872,ORD-20260802-3871-0231,CONCESSION_ACCRUAL,12,96,2026-08-02T00:12:34+08:00
e0124ca3-8ffb-4ede-b771-18d9213b25c2,M-2016,ORD-20260801-3984-0232,CONCESSION_ACCRUAL,3,196,2026-08-01T09:20:44+08:00
aa70cdde-1e54-4def-ac7a-c5016a4a866e,M-1094,ORD-20260802-7308-0233,CONCESSION_ACCRUAL,15,511,2026-08-02T00:48:05+08:00
2e2b5168-9916-4f52-8dd4-ea09a9c148b5,M-1304,ORD-20260801-2041-0234,CONCESSION_ACCRUAL,22,366,2026-08-01T06:47:11+08:00
94e0f0ff-8150-4562-b94f-da361a235eb8,M-1960,ORD-20260801-1269-0235,CONCESSION_ACCRUAL,12,125,2026-08-01T12:34:06+08:00
ecfc360f-2027-42cd-a162-5cbb0ca02c50,M-1063,ORD-20260801-8178-0236,CONCESSION_ACCRUAL,15,370,2026-08-01T19:16:52+08:00
0251cf87-ee3a-426d-ac33-2701ccd0d6ea,M-1721,ORD-20260801-8633-0237,CONCESSION_ACCRUAL,9,387,2026-08-01T21:10:52+08:00
1224f6e7-d7e0-44bb-9382-4fa2dd1a9118,M-1941,ORD-20260801-4287-0238,CONCESSION_ACCRUAL,6,49,2026-08-01T11:56:41+08:00
f06a9e08-9534-4394-af3d-5f6a827f8693,M-1052,ORD-20260801-1369-0239,CONCESSION_ACCRUAL,27,468,2026-08-01T20:35:40+08:00
945262ec-e735-4aee-afe8-190e3dc69552,M-1204,ORD-20260802-5243-0240,CONCESSION_ACCRUAL,11,95,2026-08-02T01:42:29+08:00
343e9a0e-9e62-407a-803c-640c1d70479a,M-1077,ORD-20260801-2329-0241,CONCESSION_ACCRUAL,11,574,2026-08-01T23:34:44+08:00
2da06d0b-b87c-448b-a81c-9de40371949b,M-1905,ORD-20260802-6601-0242,CONCESSION_ACCRUAL,7,45,2026-08-02T00:06:53+08:00
79ba3a6a-b52b-48f5-8d37-1e7f683daab9,M-1646,ORD-20260801-8342-0243,CONCESSION_ACCRUAL,10,160,2026-08-01T14:35:54+08:00
d26140a4-c25f-43c9-bdb7-2f6afe4e26a7,M-1881,ORD-20260801-9476-0244,CONCESSION_ACCRUAL,12,25,2026-08-01T23:10:51+08:00
6d8aa03e-c768-42bf-afdb-93ec65a73d6c,M-1513,ORD-20260802-1749-0245,CONCESSION_ACCRUAL,11,81,2026-08-02T04:22:15+08:00
0c7968e3-2e7d-4a3f-9332-df131c465883,M-1265,ORD-20260802-9445-0246,CONCESSION_ACCRUAL,20,361,2026-08-02T00:04:18+08:00
f9d444e3-1f6c-4632-9436-67290277f673,M-1432,ORD-20260802-5945-0247,CONCESSION_ACCRUAL,18,3305,2026-08-02T00:04:15+08:00
d216eba5-270e-44c8-b250-86abe5aafd94,M-1276,ORD-20260801-1561-0248,CONCESSION_ACCRUAL,15,745,2026-08-01T15:43:31+08:00
583aa3f3-0fce-4918-a13b-0e233fc32482,M-1016,ORD-20260801-4239-0249,CONCESSION_ACCRUAL,40,172,2026-08-01T16:22:54+08:00
5a56e51a-45de-4267-a3f8-1458de2a426b,M-1115,ORD-20260801-9531-0250,CONCESSION_ACCRUAL,21,278,2026-08-01T22:58:50+08:00
d3fe55be-1f6f-4a4f-b86e-d7ec69ebe454,M-1194,ORD-20260801-8293-0251,CONCESSION_ACCRUAL,25,389,2026-08-01T16:59:10+08:00
1f8cf29e-d06a-42da-98ef-2ec47b70d833,M-1896,ORD-20260801-8492-0252,CONCESSION_ACCRUAL,12,197,2026-08-01T15:46:08+08:00
e9aad323-54d7-4b2b-ba07-cdd932db099b,M-1979,ORD-20260801-8766-0253,CONCESSION_ACCRUAL,27,122,2026-08-01T14:35:12+08:00
e1abd055-f824-44df-831e-01633599adf3,M-1818,ORD-20260801-1015-0254,CONCESSION_ACCRUAL,15,355,2026-08-01T16:08:23+08:00
e1402eae-3a29-41a2-87f2-f7104bf14357,M-2079,ORD-20260802-9722-0255,CONCESSION_ACCRUAL,18,344,2026-08-02T00:15:32+08:00
ff05ba81-ee4a-4a95-9fe5-81870122eb4c,M-1827,ORD-20260801-9360-0256,CONCESSION_ACCRUAL,73,296,2026-08-01T22:22:53+08:00
cb981b6a-d819-4640-96bd-10a3f125571e,M-1010,ORD-20260801-4927-0257,CONCESSION_ACCRUAL,21,131,2026-08-01T22:52:00+08:00
457e7876-43fa-4521-817c-5ded2d86fc90,M-1166,ORD-20260801-4743-0258,CONCESSION_ACCRUAL,11,319,2026-08-01T21:31:52+08:00
53aa6705-18db-4813-9623-12f99d0d8cb6,M-1005,ORD-20260801-8294-0259,CONCESSION_ACCRUAL,15,91,2026-08-01T14:23:59+08:00
dc07259f-a8de-4ea9-a82d-5f7e740ea8ca,M-1822,ORD-20260802-1516-0260,CONCESSION_ACCRUAL,3,176,2026-08-02T00:25:22+08:00
e023a2b2-b278-4f13-acdd-c92d50cf3d7a,M-1487,ORD-20260801-9101-0261,CONCESSION_ACCRUAL,12,634,2026-08-01T20:44:11+08:00
3896467d-0978-4706-a083-061cb7d996be,M-2050,ORD-20260801-3978-0262,CONCESSION_ACCRUAL,17,153,2026-08-01T22:32:21+08:00
eb5ce67b-5139-4b52-b4ea-9dcf6902e5ac,M-1131,ORD-20260801-3625-0263,CONCESSION_ACCRUAL,54,135,2026-08-01T21:05:43+08:00
ccda55aa-8ed8-4f6f-a9b3-fbb38b1a6046,M-1471,ORD-20260801-4015-0264,CONCESSION_ACCRUAL,3,322,2026-08-01T18:02:51+08:00
480efc88-41ad-49a3-a6de-1597d570c976,M-1199,ORD-20260801-4233-0265,CONCESSION_ACCRUAL,9,98,2026-08-01T06:47:46+08:00
bb5a0afd-c85a-4cc9-8062-9decd0ec486a,M-1614,ORD-20260801-8898-0266,CONCESSION_ACCRUAL,25,298,2026-08-01T17:14:19+08:00
4c2aafcf-88fa-467d-8e0c-6ce1c013ff42,M-1836,ORD-20260801-2510-0267,CONCESSION_ACCRUAL,8,579,2026-08-01T21:46:12+08:00
7c062d22-6e73-4272-81b8-58bbb9caac5a,M-1211,ORD-20260801-8807-0268,CONCESSION_ACCRUAL,37,167,2026-08-01T15:57:19+08:00
43561752-49ed-43cb-a025-b4fa1bc0c07f,M-1486,ORD-20260801-5203-0269,CONCESSION_ACCRUAL,41,320,2026-08-01T21:14:18+08:00
64f8c6d9-cbab-4e0b-87de-e25c31a7877a,M-2040,ORD-20260802-8457-0270,CONCESSION_ACCRUAL,9,116,2026-08-02T01:49:27+08:00
2476675c-f137-48e2-803a-edfb501d8f08,M-1970,ORD-20260802-2241-0271,CONCESSION_ACCRUAL,20,77,2026-08-02T01:19:02+08:00
81d572a6-8ffa-4bff-926a-547872b8ff87,M-1972,ORD-20260802-6079-0272,CONCESSION_ACCRUAL,13,45,2026-08-02T01:08:43+08:00
abe3433b-0799-4b77-955a-73c71d30ba6e,M-1093,ORD-20260801-6783-0273,CONCESSION_ACCRUAL,11,135,2026-08-01T23:44:44+08:00
872cada0-2708-42bd-8622-678cfb0dbfab,M-1464,ORD-20260801-6093-0274,CONCESSION_ACCRUAL,28,226,2026-08-01T21:40:12+08:00
d83e22b0-3548-46ec-b8eb-d46c67575730,M-1675,ORD-20260802-2499-0275,CONCESSION_ACCRUAL,18,1946,2026-08-02T01:17:08+08:00
8f25f973-412c-4411-a8f4-04fa7177b3a3,M-1276,ORD-20260801-3427-0276,CONCESSION_ACCRUAL,19,764,2026-08-01T23:40:40+08:00
75b5980b-5734-4043-a76a-478555486b2b,M-1137,ORD-20260802-7991-0277,CONCESSION_ACCRUAL,15,278,2026-08-02T00:09:07+08:00
1a4a2f55-3f11-4fa4-8d56-ebb1216c0758,M-1454,ORD-20260802-4977-0278,CONCESSION_ACCRUAL,4,1476,2026-08-02T02:00:10+08:00
aed42ee6-5de6-4989-a503-81c65407182b,M-1534,ORD-20260801-1347-0279,CONCESSION_ACCRUAL,8,210,2026-08-01T15:32:42+08:00
acf20c4d-f7c9-4d50-81af-067cb95ba4a4,M-2068,ORD-20260801-1430-0280,CONCESSION_ACCRUAL,18,105,2026-08-01T20:07:30+08:00
e959626f-667c-454f-9893-916bf3b9cbb4,M-1717,ORD-20260801-3822-0281,CONCESSION_ACCRUAL,33,540,2026-08-01T20:50:11+08:00
95437f57-1bee-4757-aff4-b22a3395e80d,M-1066,ORD-20260801-2800-0282,CONCESSION_ACCRUAL,38,301,2026-08-01T21:16:31+08:00
de3a1a67-71c7-4492-84f2-47b5622aebbc,M-1489,ORD-20260802-4097-0283,CONCESSION_ACCRUAL,8,676,2026-08-02T01:34:42+08:00
17050d42-7631-47bc-8c8f-acc43f1ef242,M-1573,ORD-20260801-8709-0284,CONCESSION_ACCRUAL,38,670,2026-08-01T11:11:31+08:00
2a3fd877-5b76-4684-8ab0-62d23693c148,M-1572,ORD-20260802-8437-0285,CONCESSION_ACCRUAL,3,385,2026-08-02T00:06:11+08:00
0a54f6b2-1694-4742-bb9d-96ed3e75eee1,M-2124,ORD-20260802-8850-0286,CONCESSION_ACCRUAL,13,116,2026-08-02T00:18:43+08:00
9531038a-b29e-4022-9ba9-ca197811ef68,M-1167,ORD-20260801-7260-0287,CONCESSION_ACCRUAL,4,203,2026-08-01T22:41:47+08:00
6e147204-01ee-4b43-9c6f-ad94337fbc30,M-1193,ORD-20260801-6552-0288,CONCESSION_ACCRUAL,20,507,2026-08-01T21:52:22+08:00
c0b95070-332f-42a3-9e12-efaf6032ae99,M-1270,ORD-20260801-7610-0289,CONCESSION_ACCRUAL,53,1249,2026-08-01T13:34:00+08:00
0b541d36-2b8e-40cf-a278-549ab9f2d206,M-1008,ORD-20260801-2012-0290,CONCESSION_ACCRUAL,22,234,2026-08-01T19:11:00+08:00
28b6b2ad-8bfa-4134-8065-9c1d1692073d,M-1526,ORD-20260801-5513-0291,CONCESSION_ACCRUAL,8,909,2026-08-01T22:33:00+08:00
d4b2a8fe-5856-4453-8c6b-c726473b552e,M-1199,ORD-20260801-8983-0292,CONCESSION_ACCRUAL,21,119,2026-08-01T11:42:00+08:00
66edaf37-787b-47f3-8e98-f97f9f2bb579,M-1791,ORD-20260801-2430-0293,CONCESSION_ACCRUAL,10,227,2026-08-01T13:48:00+08:00
2bad2913-3449-4323-833f-6ccb2a7b6a73,M-1753,ORD-20260801-6349-0294,CONCESSION_ACCRUAL,16,462,2026-08-01T14:06:00+08:00
e225269d-8fe3-4133-a1ef-ecaa6e1fa392,M-1678,ORD-20260801-2297-0295,CONCESSION_ACCRUAL,23,306,2026-08-01T14:18:00+08:00
af260934-f0bb-4da6-9c76-96c4d21e1226,M-1246,ORD-20260801-4862-0296,CONCESSION_ACCRUAL,8,181,2026-08-01T13:18:00+08:00
82cc8e98-2a26-4ed4-a1b3-fc48e9846972,M-1264,ORD-20260801-6947-0297,CONCESSION_ACCRUAL,16,660,2026-08-01T17:31:00+08:00
238d8684-b00d-4e2d-8211-431592970625,M-1138,ORD-20260801-7485-0298,CONCESSION_ACCRUAL,8,461,2026-08-01T09:13:00+08:00
b75bad95-5b83-4912-8a64-63b5b8435bf7,M-1719,ORD-20260801-5292-0299,CONCESSION_ACCRUAL,18,233,2026-08-01T15:51:00+08:00
a51f3ff1-462e-4fe1-ab86-466b4daf23bf,M-1404,ORD-20260801-5103-0300,CONCESSION_ACCRUAL,10,162,2026-08-01T17:59:00+08:00
46b915ff-7685-45ed-b67e-521ea3348102,M-2148,ORD-20260801-1738-0301,CONCESSION_ACCRUAL,12,107,2026-08-01T13:09:00+08:00
534aa9cd-3645-448c-80f7-ce8ca8c3645f,M-1020,ORD-20260801-4528-0302,CONCESSION_ACCRUAL,45,153,2026-08-01T21:03:00+08:00
6d3dd203-f076-4786-bda9-7b9154d9f613,M-1160,ORD-20260801-6926-0303,CONCESSION_ACCRUAL,8,289,2026-08-01T10:27:00+08:00
02af292f-7797-4944-897c-8429bc139aec,M-1660,ORD-20260801-2662-0304,CONCESSION_ACCRUAL,3,330,2026-08-01T14:55:00+08:00
d201583e-9938-4f6f-a0bb-b160214c29d3,M-1699,ORD-20260801-6322-0305,CONCESSION_ACCRUAL,10,176,2026-08-01T22:55:00+08:00
bb595c8f-eba4-4a2e-8fbb-47e3ac3a8945,M-1160,ORD-20260801-5191-0306,CONCESSION_ACCRUAL,19,308,2026-08-01T21:53:00+08:00
d22b5728-78d1-41eb-8af4-f10152785f2a,M-1099,ORD-20260801-7733-0307,CONCESSION_ACCRUAL,8,292,2026-08-01T16:27:00+08:00
d0bc25c1-f284-48a6-9325-99f028519a53,M-1267,ORD-20260801-7038-0308,CONCESSION_ACCRUAL,15,233,2026-08-01T13:09:00+08:00
b474247f-46fd-49f4-b0f8-73e28df01db9,M-1541,ORD-20260801-3750-0309,CONCESSION_ACCRUAL,29,214,2026-08-01T22:33:00+08:00
025e8d25-d9ab-4760-907f-805021dc199e,M-1755,ORD-20260801-2631-0310,CONCESSION_ACCRUAL,6,164,2026-08-01T09:04:00+08:00
8577b77c-4c56-4158-a8b4-4f9a92087bec,M-1755,TIER_UPGRADE_Standard_TO_Silver,TIER_BONUS,50,214,2026-08-01T09:04:00+08:00
ce146f40-3f2a-4482-9c91-bb0c0643d0eb,M-2187,ORD-20260801-4853-0311,CONCESSION_ACCRUAL,9,78,2026-08-01T11:52:00+08:00
fdb9127f-042c-4151-8df5-d53f49a1c1c9,M-1346,ORD-20260801-1466-0312,CONCESSION_ACCRUAL,14,289,2026-08-01T10:57:00+08:00
d249bf4f-f2e3-4b69-84c5-85a595ec82ef,M-1786,ORD-20260801-2976-0313,CONCESSION_ACCRUAL,9,616,2026-08-01T12:22:00+08:00
a3fe409d-46ba-4dfe-bc91-a994daa37458,M-1631,ORD-20260801-4092-0314,CONCESSION_ACCRUAL,10,124,2026-08-01T11:05:00+08:00
d3e626b0-d756-4678-bf55-d0c9db53095f,M-1794,ORD-20260801-8774-0315,CONCESSION_ACCRUAL,9,162,2026-08-01T20:14:00+08:00
100d4ebb-a2e0-492f-9e5f-8ca44c2064df,M-1310,ORD-20260801-7732-0316,CONCESSION_ACCRUAL,18,371,2026-08-01T13:25:00+08:00
dd708738-c6a6-4fca-9cb4-9d52e6296eee,M-1293,ORD-20260801-5040-0317,CONCESSION_ACCRUAL,30,415,2026-08-01T15:57:00+08:00
831231c7-9a87-4de7-86a0-b5887171f17a,M-1307,ORD-20260801-3713-0318,CONCESSION_ACCRUAL,7,240,2026-08-01T11:54:00+08:00
2f568fe5-6ed2-4add-a947-0eb5a0a0fc3c,M-1149,ORD-20260801-9367-0319,CONCESSION_ACCRUAL,11,96,2026-08-01T20:54:00+08:00
23b5ee7f-3037-4d37-a942-92c5cb669988,M-1345,ORD-20260801-9821-0320,CONCESSION_ACCRUAL,11,374,2026-08-01T12:39:00+08:00
c04af6e8-846a-4ef3-b165-ca912db9ce36,M-1002,ORD-20260801-6991-0321,CONCESSION_ACCRUAL,39,423,2026-08-01T22:26:00+08:00
3728d430-603f-4b55-b89d-2a7d5d4eb800,M-1478,ORD-20260801-4767-0322,CONCESSION_ACCRUAL,8,195,2026-08-01T15:45:00+08:00
5d2efd55-ccd9-4175-bf59-24e4a75c4ed0,M-1083,ORD-20260801-8682-0323,CONCESSION_ACCRUAL,8,446,2026-08-01T09:53:00+08:00
c9b5c008-361e-4e92-9dc0-44f8dc84a944,M-1518,ORD-20260801-8951-0324,CONCESSION_ACCRUAL,8,379,2026-08-01T20:22:00+08:00
86ad8658-bc38-49b4-957f-5c230e758725,M-1963,ORD-20260801-8608-0325,CONCESSION_ACCRUAL,7,32,2026-08-01T10:29:00+08:00
6af93dfe-c39c-49a6-ae96-0879e8cf17f9,M-1724,ORD-20260801-5622-0326,CONCESSION_ACCRUAL,10,109,2026-08-01T14:09:00+08:00
f2277701-2d4e-46e3-9f67-af4adccbb573,M-1486,ORD-20260801-4859-0327,CONCESSION_ACCRUAL,15,335,2026-08-01T14:59:00+08:00
c84ef7f4-7d70-45d1-a19c-fb77a98de523,M-1187,ORD-20260801-2437-0328,CONCESSION_ACCRUAL,23,391,2026-08-01T20:07:00+08:00
e4f6af4f-63dc-42bf-8fab-7c2c51c27fca,M-1695,ORD-20260801-8492-0329,CONCESSION_ACCRUAL,30,91,2026-08-01T12:25:00+08:00
b4d2e80c-b650-4565-9b3d-e98737473359,M-1534,ORD-20260801-7268-0330,CONCESSION_ACCRUAL,8,218,2026-08-01T21:03:00+08:00
28a74671-f5c4-416f-b8ab-47db1e4693f0,M-1539,ORD-20260801-2524-0331,CONCESSION_ACCRUAL,9,1530,2026-08-01T22:00:00+08:00
7e5ebaec-873d-46dc-b133-bb50fc642b61,M-1148,ORD-20260801-2619-0332,CONCESSION_ACCRUAL,8,171,2026-08-01T19:31:00+08:00
ab7650bc-c651-4655-b017-d816a3e33abb,M-1727,ORD-20260801-8437-0333,CONCESSION_ACCRUAL,22,64,2026-08-01T10:58:00+08:00
9ef95b31-4bc2-49a3-87ff-e44a1422edbc,M-1445,ORD-20260801-9287-0334,CONCESSION_ACCRUAL,26,251,2026-08-01T17:25:00+08:00
5a3c2602-7049-4020-9ad8-2442e80097ae,M-1535,ORD-20260801-2972-0335,CONCESSION_ACCRUAL,31,325,2026-08-01T21:49:00+08:00
d2f7ee07-d09b-4467-8f34-9b31f9d2aafb,M-1228,ORD-20260801-1439-0336,CONCESSION_ACCRUAL,3,313,2026-08-01T17:05:00+08:00
2b958d93-c263-4555-859f-507d06a52b07,M-1289,ORD-20260801-4960-0337,CONCESSION_ACCRUAL,7,120,2026-08-01T22:49:00+08:00
52711815-0755-4e6e-b836-31a0e8acb331,M-1518,ORD-20260801-8857-0338,CONCESSION_ACCRUAL,11,390,2026-08-01T17:26:00+08:00
1da23573-d590-4cd9-9c8b-f3cceb5b1140,M-1373,ORD-20260801-8292-0339,CONCESSION_ACCRUAL,8,121,2026-08-01T13:57:00+08:00
4f0aab71-4568-4f39-bd5b-16f3a8b1aa6d,M-1239,ORD-20260801-5461-0340,CONCESSION_ACCRUAL,60,158,2026-08-01T14:45:00+08:00
e676dc14-0837-40db-84b2-eefa35c9953a,M-1565,ORD-20260801-1736-0341,CONCESSION_ACCRUAL,16,474,2026-08-01T16:31:00+08:00
98141e28-66c5-4a05-b651-5cacc60e3da5,M-1356,ORD-20260801-9893-0342,CONCESSION_ACCRUAL,13,962,2026-08-01T15:32:00+08:00
3766e887-362c-4fd8-96aa-06947683f055,M-1194,ORD-20260801-4652-0343,CONCESSION_ACCRUAL,3,392,2026-08-01T15:55:00+08:00
daf9ba2a-2038-44ea-930c-3faab98f0f80,M-2017,ORD-20260801-2540-0344,CONCESSION_ACCRUAL,8,137,2026-08-01T22:42:00+08:00
54e84128-ca9a-4045-8a18-4f578329f22a,M-1003,ORD-20260801-4473-0345,CONCESSION_ACCRUAL,9,177,2026-08-01T19:08:00+08:00
b9c74915-f8fc-4784-a723-d93c0446fcdc,M-2020,ORD-20260801-2065-0346,CONCESSION_ACCRUAL,6,185,2026-08-01T14:05:00+08:00
0c832049-286d-4d9a-a16b-db51222f8678,M-1510,ORD-20260801-7976-0347,CONCESSION_ACCRUAL,8,176,2026-08-01T20:04:00+08:00
42806997-b441-4e4d-8107-c20c7e060e83,M-1166,ORD-20260801-7949-0348,CONCESSION_ACCRUAL,8,327,2026-08-01T20:07:00+08:00
69091f82-8270-4f82-afea-d05bc14056e5,M-1073,ORD-20260801-9289-0349,CONCESSION_ACCRUAL,26,159,2026-08-01T10:13:00+08:00
5bd18b16-bb8d-46e8-8d4d-82410059aaf0,M-1598,ORD-20260801-5323-0350,CONCESSION_ACCRUAL,19,160,2026-08-01T19:38:00+08:00
25246dfd-b3f2-4465-aede-d6e395e9e1dd,M-1823,ORD-20260801-9661-0351,CONCESSION_ACCRUAL,7,465,2026-08-01T15:09:00+08:00
b8850c67-cd4e-4610-9cb2-362fe2c9da9d,M-1529,ORD-20260801-4423-0352,CONCESSION_ACCRUAL,20,218,2026-08-01T22:01:00+08:00
a7e07744-ea8b-496f-a817-386f26600465,M-1487,ORD-20260801-6495-0353,CONCESSION_ACCRUAL,43,677,2026-08-01T16:37:00+08:00
f4d78d9c-bd2f-4d86-baf3-373bced78a63,M-2085,ORD-20260801-9102-0354,CONCESSION_ACCRUAL,7,255,2026-08-01T20:04:00+08:00
7abc4aa8-39de-4909-96d5-10740d57d92f,M-1426,ORD-20260801-9615-0355,CONCESSION_ACCRUAL,36,1094,2026-08-01T17:56:00+08:00
d0226308-d8c3-40d8-834a-0d93c94a7726,M-2115,ORD-20260801-7679-0356,CONCESSION_ACCRUAL,19,102,2026-08-01T18:27:00+08:00
92babcc4-72dc-48c1-88d7-b9bd60f038f1,M-1773,ORD-20260801-8047-0357,CONCESSION_ACCRUAL,9,163,2026-08-01T13:16:00+08:00
b9a14b7f-6142-4ed0-95fa-213572070c99,M-1508,ORD-20260801-5665-0358,CONCESSION_ACCRUAL,3,440,2026-08-01T11:02:00+08:00
196fd346-e078-47a6-8ad9-3fec3057e8e9,M-1741,ORD-20260801-9145-0359,CONCESSION_ACCRUAL,18,357,2026-08-01T15:07:00+08:00
60afe4d9-e6cb-454c-acf7-4a34a440b72d,M-1468,ORD-20260801-1969-0360,CONCESSION_ACCRUAL,12,466,2026-08-01T10:39:00+08:00
c7217ebd-ca65-42b3-8bdc-cb3ad57ebc98,M-1537,ORD-20260801-9212-0361,CONCESSION_ACCRUAL,8,347,2026-08-01T13:58:00+08:00
1fa9d2ae-0e2c-4ee1-92f8-3b62739fdc92,M-1224,ORD-20260801-5065-0362,CONCESSION_ACCRUAL,9,303,2026-08-01T17:21:00+08:00
c9a5a8df-5934-4573-88cb-08593a3618cd,M-1455,ORD-20260801-9116-0363,CONCESSION_ACCRUAL,8,492,2026-08-01T22:29:00+08:00
f69980ea-5497-491f-9974-e19f77ae2843,M-2076,ORD-20260801-1983-0364,CONCESSION_ACCRUAL,6,119,2026-08-01T20:06:00+08:00
c2c140eb-c791-4f3c-86db-ad7f755ca4f1,M-2021,ORD-20260801-6681-0365,CONCESSION_ACCRUAL,18,22,2026-08-01T21:37:00+08:00
8ae8f1c7-db2d-4ca0-a3f2-f08f8d68f7a1,M-1844,ORD-20260801-1962-0366,CONCESSION_ACCRUAL,6,90,2026-08-01T19:04:00+08:00
ae334451-483c-48b5-b64c-a5bad6683511,M-1706,ORD-20260801-7240-0367,CONCESSION_ACCRUAL,19,695,2026-08-01T19:49:00+08:00
e4dd062b-5866-44dd-bb9d-84bddd253ab4,M-1333,ORD-20260801-1967-0368,CONCESSION_ACCRUAL,8,68,2026-08-01T10:13:00+08:00
5e816cae-5b7f-4059-be87-86f82c421ef9,M-1477,ORD-20260801-8155-0369,CONCESSION_ACCRUAL,15,75,2026-08-01T13:42:00+08:00
be89c49a-ac84-499b-882b-b8b9e66ac8ec,M-1267,ORD-20260801-1162-0370,CONCESSION_ACCRUAL,24,257,2026-08-01T15:15:00+08:00
8cc79743-f2bc-406c-a65f-8ce5a090e8da,M-2010,ORD-20260801-9029-0371,CONCESSION_ACCRUAL,21,151,2026-08-01T12:07:00+08:00
9e5a5eff-c356-43d2-ac80-a2ab428fc002,M-1835,ORD-20260801-7372-0372,CONCESSION_ACCRUAL,8,47,2026-08-01T21:49:00+08:00
5356ff32-9dc5-4107-9cb5-a084d5a48943,M-1114,ORD-20260801-5492-0373,CONCESSION_ACCRUAL,3,281,2026-08-01T19:53:00+08:00
1aa7d8a8-d4f3-4e62-a392-cba67a27774b,M-1420,ORD-20260801-6781-0374,CONCESSION_ACCRUAL,33,365,2026-08-01T19:39:00+08:00
3705808d-a6e5-43a6-b174-ea49f5eac34c,M-1509,ORD-20260801-9014-0375,CONCESSION_ACCRUAL,4,501,2026-08-01T11:16:00+08:00
f93e4dcb-ab87-4743-a3e7-41ca08060ad0,M-1409,ORD-20260801-9409-0376,CONCESSION_ACCRUAL,15,333,2026-08-01T13:27:00+08:00
dc93c66e-84ba-4a2e-8576-347a9d79cc8b,M-1868,ORD-20260801-1764-0377,CONCESSION_ACCRUAL,15,94,2026-08-01T20:44:00+08:00
5c416c1d-b205-4ed3-b378-658883f855e7,M-1266,ORD-20260801-3171-0378,CONCESSION_ACCRUAL,9,168,2026-08-01T22:33:00+08:00
d96116ed-d3ea-4e7f-991f-b728c85a6688,M-2003,ORD-20260801-6451-0379,CONCESSION_ACCRUAL,12,59,2026-08-01T10:47:00+08:00
661c7f52-12b4-4be8-a933-071e7b8b5bec,M-1571,ORD-20260801-6142-0380,CONCESSION_ACCRUAL,9,92,2026-08-01T15:06:00+08:00
7c416e57-225f-4808-a19d-f115b06b1f0e,M-1019,ORD-20260801-2255-0381,CONCESSION_ACCRUAL,30,584,2026-08-01T19:09:00+08:00
724a333a-d52f-4a36-8575-f8aadb73d34f,M-1290,ORD-20260801-8154-0382,CONCESSION_ACCRUAL,30,107,2026-08-01T20:57:00+08:00
f803c73f-f412-46e7-a77c-7c0403f91f95,M-1646,ORD-20260801-1825-0383,CONCESSION_ACCRUAL,7,167,2026-08-01T19:18:00+08:00
084cd648-0f00-48ea-837a-f0ace72f6652,M-1677,ORD-20260801-8898-0384,CONCESSION_ACCRUAL,8,92,2026-08-01T18:34:00+08:00
61867b9c-b0f0-4a17-a5e2-fe176ba5b5c7,M-1557,ORD-20260801-9011-0385,CONCESSION_ACCRUAL,3,404,2026-08-01T13:34:00+08:00
