ledger_id,member_id,source_reference_id,transaction_type,points_delta,resulting_balance,created_at
c36387cc-46c1-4b32-b01c-082b1c94b4f1,M-1758,SESS-20260720-6636-0000,RENTAL_ACCRUAL,10,218,2026-07-20T15:30:00+08:00
36c914bd-9952-4902-a6ac-9bd6f600b36f,M-1008,SESS-20260720-7417-0001,RENTAL_ACCRUAL,18,197,2026-07-20T16:30:00+08:00
edda8677-dde0-4591-b89f-ce0cf75bbf16,M-1837,SESS-20260720-5207-0002,RENTAL_ACCRUAL,16,137,2026-07-20T19:30:00+08:00
9f0be407-8c5a-4b7f-aebc-516989376ab4,M-1768,SESS-20260720-2121-0003,RENTAL_ACCRUAL,18,274,2026-07-20T23:15:00+08:00
836c3b5b-aa2c-48b7-a0e9-27547d191f21,M-1776,SESS-20260720-7631-0004,RENTAL_REDEMPTION,-100,92,2026-07-20T17:00:00+08:00
c0ec665d-b52e-4a1c-9032-8c2fe4d1ee1b,M-1776,SESS-20260720-7631-0004,RENTAL_ACCRUAL,11,103,2026-07-20T19:00:00+08:00
c7c04c8c-fa4a-47e6-87f5-b2d7a976553c,M-1691,SESS-20260720-3911-0005,RENTAL_ACCRUAL,18,399,2026-07-20T22:15:00+08:00
482500b2-74a2-4954-8705-2eda8be77179,M-1261,SESS-20260720-7279-0006,RENTAL_ACCRUAL,16,323,2026-07-21T00:00:00+08:00
2ab92fd7-262b-4874-9b3f-a97e62042f32,M-1295,SESS-20260720-3290-0007,RENTAL_ACCRUAL,11,97,2026-07-20T21:45:00+08:00
4d7b6155-e668-4161-9d39-8a88707be199,M-2101,SESS-20260720-5852-0008,RENTAL_ACCRUAL,15,32,2026-07-21T00:00:00+08:00
6d3a6820-0563-419e-bb85-f0c0a1be901e,M-1361,SESS-20260720-9021-0009,RENTAL_ACCRUAL,40,200,2026-07-21T00:00:00+08:00
2605fe81-b4a6-4ce9-b4ef-f5c34e67c531,M-1454,SESS-20260720-6780-0010,RENTAL_ACCRUAL,6,1563,2026-07-20T08:00:00+08:00
ca5b8594-3dd7-41bf-add6-5fd329546e13,M-1668,SESS-20260720-6793-0011,RENTAL_ACCRUAL,45,195,2026-07-20T23:15:00+08:00
39f8afab-90e2-499e-84a7-dc6962e2665c,M-1091,SESS-20260720-1262-0012,RENTAL_ACCRUAL,15,106,2026-07-20T12:15:00+08:00
69589692-d4b9-4848-9370-0dd34aa4c5cf,M-1174,SESS-20260720-5568-0013,RENTAL_ACCRUAL,9,87,2026-07-20T15:15:00+08:00
fd820a81-b118-4afc-ac55-580c189867c5,M-1760,SESS-20260720-2850-0014,RENTAL_ACCRUAL,10,83,2026-07-20T19:00:00+08:00
e4cc71e0-c699-422a-8408-a50a0d37282c,M-1760,TIER_UPGRADE_Standard_TO_Silver,TIER_BONUS,50,133,2026-07-20T19:00:00+08:00
2ae34b6e-ee54-4bf1-847b-efdddeb3d8eb,M-1257,SESS-20260720-7567-0015,RENTAL_ACCRUAL,11,94,2026-07-21T00:00:00+08:00
20661f4e-039d-4d66-8678-e428745f5d99,M-1431,SESS-20260720-2710-0016,RENTAL_ACCRUAL,18,390,2026-07-20T22:45:00+08:00
3af029bf-62fb-4b98-9af0-c8c5fe5b40eb,M-1436,SESS-20260720-1607-0017,RENTAL_ACCRUAL,5,304,2026-07-20T21:45:00+08:00
2ec4774b-32bd-4782-b57e-251938d89ec4,M-1394,SESS-20260720-6916-0018,RENTAL_ACCRUAL,28,543,2026-07-20T21:30:00+08:00
2302c571-65d5-4e94-ae8d-220b37b27e22,M-1646,SESS-20260720-6077-0019,RENTAL_REDEMPTION,-200,132,2026-07-20T14:15:00+08:00
612d9880-c864-493b-a425-9da111256325,M-1646,SESS-20260720-6077-0019,RENTAL_ACCRUAL,4,136,2026-07-20T17:15:00+08:00
be248c6a-908b-445e-abac-eeb69f521acb,M-1310,SESS-20260720-4399-0020,RENTAL_ACCRUAL,40,163,2026-07-21T00:15:00+08:00
c5f2a47c-85a1-42ec-9430-3ad965e243e8,M-1661,SESS-20260720-8268-0021,RENTAL_ACCRUAL,19,2973,2026-07-20T12:30:00+08:00
29112337-6848-4e09-87e0-f1e846daafa4,M-1331,SESS-20260720-9354-0022,RENTAL_ACCRUAL,27,148,2026-07-21T00:30:00+08:00
895f1863-f17b-4cec-a1ed-515f8c631a5e,M-2002,SESS-20260720-5801-0023,RENTAL_ACCRUAL,40,256,2026-07-20T22:30:00+08:00
ae2446df-eb8e-4f5d-9823-7734920f851a,M-2002,TIER_UPGRADE_Standard_TO_Silver,TIER_BONUS,50,306,2026-07-20T22:30:00+08:00
875b93d9-49f3-4a91-91c7-72ad05ad4c3d,M-1628,SESS-20260720-4543-0024,RENTAL_ACCRUAL,10,194,2026-07-20T22:15:00+08:00
f6d41542-c16d-4910-8ecc-b2aade7b057f,M-1968,SESS-20260720-7124-0025,RENTAL_ACCRUAL,10,114,2026-07-20T21:15:00+08:00
8ec1bed9-f15e-4265-a187-ce27153f060b,M-1354,SESS-20260720-9936-0026,RENTAL_ACCRUAL,11,348,2026-07-20T19:25:00+08:00
4cc4c13f-c796-4896-9d24-e4439202579a,M-1178,SESS-20260720-6292-0027,RENTAL_ACCRUAL,108,190,2026-07-21T04:45:00+08:00
048be040-624f-4367-8044-9631a8a8780e,M-1210,SESS-20260720-7618-0028,RENTAL_ACCRUAL,45,876,2026-07-20T23:45:00+08:00
6d082ef1-c4c2-41bf-8262-b8ec130acaf3,M-1210,TIER_UPGRADE_Silver_TO_Gold,TIER_BONUS,100,976,2026-07-20T23:45:00+08:00
e7be2f92-249c-4b68-89bb-caa9bb343436,M-1402,SESS-20260720-8187-0029,RENTAL_ACCRUAL,28,361,2026-07-20T18:45:00+08:00
7b8ff42c-af0e-4c70-b86d-f3a0f7330c13,M-1805,SESS-20260720-4642-0030,RENTAL_ACCRUAL,5,306,2026-07-21T00:00:00+08:00
0c510c07-7906-4c9a-a12d-d7bd0b9fa941,M-1513,SESS-20260720-3727-0031,RENTAL_ACCRUAL,72,95,2026-07-21T07:45:00+08:00
b4fa8248-abc4-44aa-a555-7da54e033337,M-1503,SESS-20260720-3412-0032,RENTAL_REDEMPTION,-200,463,2026-07-20T15:00:00+08:00
8f69caeb-d194-4874-bb71-1eb8fac720f4,M-1503,SESS-20260720-3412-0032,RENTAL_ACCRUAL,5,468,2026-07-20T17:00:00+08:00
13c396c3-73a1-4481-914f-85361bc66ce0,M-1006,SESS-20260720-9528-0033,RENTAL_ACCRUAL,11,366,2026-07-20T10:45:00+08:00
ece52d73-e4db-4f69-9102-d01afe4abdda,M-1669,SESS-20260720-4828-0034,RENTAL_REDEMPTION,-100,169,2026-07-20T15:45:00+08:00
53f25115-bfa6-425c-aad7-9a127612a967,M-1669,SESS-20260720-4828-0034,RENTAL_ACCRUAL,5,174,2026-07-20T17:45:00+08:00
e6a40850-a369-4e8b-983e-7b6f0e9027ce,M-1439,SESS-20260720-7127-0035,RENTAL_ACCRUAL,9,67,2026-07-20T13:15:00+08:00
4d1319d3-3e90-4d83-aff2-126214c261f4,M-1445,SESS-20260720-8182-0036,RENTAL_REDEMPTION,-100,48,2026-07-20T17:45:00+08:00
28dac424-6188-4de6-bd7d-0c65e5ace8f9,M-1445,SESS-20260720-8182-0036,RENTAL_ACCRUAL,11,59,2026-07-20T19:45:00+08:00
6682b91b-260a-45b5-80ac-803910d34bcf,M-1445,TIER_UPGRADE_Standard_TO_Silver,TIER_BONUS,50,109,2026-07-20T19:45:00+08:00
b76d653c-bf13-44c6-abe3-1fde4f0fe463,M-1376,SESS-20260720-3094-0037,RENTAL_ACCRUAL,11,344,2026-07-20T16:15:00+08:00
5314e782-74ce-4004-a697-2ae8fac28826,M-1791,SESS-20260720-8670-0038,RENTAL_ACCRUAL,16,126,2026-07-20T21:45:00+08:00
fa85895f-8aea-4a71-8560-3603ae78e04d,M-1446,SESS-20260720-9553-0039,RENTAL_ACCRUAL,16,154,2026-07-20T19:00:00+08:00
9ab14461-14a6-475a-bab5-f9c4802867c4,M-1446,TIER_UPGRADE_Standard_TO_Silver,TIER_BONUS,50,204,2026-07-20T19:00:00+08:00
4ec8f026-1ef1-4a79-b46a-1ee97f7cd310,M-1365,SESS-20260720-8046-0040,RENTAL_ACCRUAL,5,63,2026-07-20T22:50:00+08:00
a7536617-41be-4771-8e0f-834fbb96769b,M-2062,SESS-20260720-1213-0041,RENTAL_ACCRUAL,24,43,2026-07-21T01:35:00+08:00
030f6510-f0de-4e23-b74c-b515b791036b,M-1749,SESS-20260720-4789-0042,RENTAL_REDEMPTION,-100,136,2026-07-20T14:30:00+08:00
a3ea09e2-9a68-44c2-9b19-74055801ce6d,M-1528,SESS-20260720-2940-0043,RENTAL_ACCRUAL,11,193,2026-07-20T20:00:00+08:00
7805f829-a0ea-4b4b-a0a2-f4a4c87115f2,M-1782,SESS-20260720-8218-0044,RENTAL_REDEMPTION,-100,702,2026-07-20T20:15:00+08:00
5677a08a-6f96-40ff-9a6a-601d194d8719,M-1782,SESS-20260720-8218-0044,RENTAL_ACCRUAL,4,706,2026-07-20T22:15:00+08:00
21fc2dee-4424-4c03-a145-f405a77f637e,M-1756,SESS-20260720-7471-0045,RENTAL_ACCRUAL,6,2344,2026-07-20T20:30:00+08:00
4ed4da5c-ca66-4244-9501-2168bd36ef80,M-1725,SESS-20260720-8140-0046,RENTAL_ACCRUAL,13,402,2026-07-20T22:30:00+08:00
5e708422-bc90-425b-b5ed-503ee6ae1719,M-2085,SESS-20260720-2134-0047,RENTAL_REDEMPTION,-100,22,2026-07-20T10:30:00+08:00
f6ad269b-80ec-4991-b039-046404ea0238,M-2085,SESS-20260720-2134-0047,RENTAL_ACCRUAL,10,32,2026-07-20T13:30:00+08:00
5800fa5c-2bce-438e-aed2-d6fd10bcbf4e,M-1630,SESS-20260720-1876-0048,RENTAL_ACCRUAL,19,450,2026-07-21T00:00:00+08:00
2edaf3f9-0f6e-44c1-9fff-99b482829952,M-1600,SESS-20260720-2881-0049,RENTAL_ACCRUAL,24,170,2026-07-20T19:00:00+08:00
03927691-55f8-4f61-9f30-0a016978f013,M-1600,TIER_UPGRADE_Standard_TO_Silver,TIER_BONUS,50,220,2026-07-20T19:00:00+08:00
4c6c06bf-5e19-478d-945b-5a9a8900514e,M-1172,SESS-20260720-4712-0050,RENTAL_ACCRUAL,5,364,2026-07-21T00:00:00+08:00
57218c24-db94-40e5-838c-d3c1a8a11ec8,M-1692,SESS-20260720-3868-0051,RENTAL_ACCRUAL,12,2283,2026-07-20T04:00:00+08:00
2313f601-3b85-4cf7-ade1-22131c9981db,M-1529,SESS-20260720-3398-0052,RENTAL_ACCRUAL,45,186,2026-07-21T02:45:00+08:00
35d5ed12-cdcd-41aa-a34a-aa75e5a4ae54,M-1240,SESS-20260720-4625-0053,RENTAL_ACCRUAL,18,62,2026-07-20T18:30:00+08:00
7f971536-5b00-4a87-9c77-1ed66efa84ee,M-1740,SESS-20260720-7787-0054,RENTAL_ACCRUAL,9,2103,2026-07-20T15:30:00+08:00
42ae50ef-6e72-45ee-868a-4246057ff737,M-1156,SESS-20260720-8718-0055,RENTAL_ACCRUAL,11,403,2026-07-20T23:45:00+08:00
6d848fbe-3d45-452d-a1f2-fef2b185a3e3,M-2110,SESS-20260720-7207-0056,RENTAL_ACCRUAL,27,327,2026-07-21T00:30:00+08:00
14608658-6322-4f2b-b86f-6f6bfd22b61d,M-1348,SESS-20260720-9767-0057,RENTAL_ACCRUAL,11,269,2026-07-20T10:15:00+08:00
8d1fe9f0-56d8-4159-9841-f971ed2c67d9,M-1660,SESS-20260720-7380-0058,RENTAL_ACCRUAL,15,93,2026-07-20T11:30:00+08:00
1da428c5-82a4-493f-815c-2a8700fdeabc,M-1012,SESS-20260720-4063-0059,RENTAL_ACCRUAL,10,205,2026-07-20T18:30:00+08:00
2492d4c6-1a60-4fd0-b7ae-dc50e0b01032,M-1197,SESS-20260720-2227-0060,RENTAL_ACCRUAL,10,86,2026-07-20T15:15:00+08:00
0d5711c8-7fd7-4d5d-bae8-ede80f08430e,M-1084,SESS-20260720-2213-0061,RENTAL_ACCRUAL,10,71,2026-07-20T23:30:00+08:00
752226a3-f075-472d-a082-28d796e1d47a,M-1557,SESS-20260720-7870-0062,RENTAL_ACCRUAL,10,108,2026-07-20T23:30:00+08:00
59c7275d-23cc-49ce-89f0-6823d42b1b85,M-1995,SESS-20260720-5626-0063,RENTAL_ACCRUAL,5,45,2026-07-20T11:00:00+08:00
12f119b1-a3d7-4806-9824-952bdc0f0263,M-1186,SESS-20260720-9174-0064,RENTAL_ACCRUAL,45,428,2026-07-21T03:15:00+08:00
95dcbc8c-6a17-42b9-a5c8-e1849aba17df,M-2088,SESS-20260720-8055-0065,RENTAL_ACCRUAL,15,92,2026-07-20T21:15:00+08:00
2793c705-e875-49f9-9bc2-4a555bb19694,M-1144,SESS-20260720-9119-0066,RENTAL_ACCRUAL,11,300,2026-07-20T15:15:00+08:00
fdf3903f-7504-4be6-b0f3-95e88bd47c57,M-1539,SESS-20260720-8510-0067,RENTAL_REDEMPTION,-400,2398,2026-07-20T23:30:00+08:00
56c0cd35-718a-43bb-94e0-46cf254b9dfd,M-2035,SESS-20260720-8641-0068,RENTAL_ACCRUAL,24,70,2026-07-20T21:30:00+08:00
18036aa5-cd64-4625-a6f0-03cea6eb1fdd,M-1687,SESS-20260720-4082-0069,RENTAL_ACCRUAL,5,413,2026-07-20T23:00:00+08:00
666a58d3-6181-4759-8544-5a01bcac8146,M-2014,SESS-20260720-3000-0070,RENTAL_ACCRUAL,24,92,2026-07-21T01:55:00+08:00
dba38fb6-393e-4bcd-b413-1be19216820e,M-1563,SESS-20260720-9923-0071,RENTAL_ACCRUAL,96,293,2026-07-20T21:00:00+08:00
1930810f-a436-43d9-b095-53614a5d7047,M-1125,SESS-20260720-5787-0072,RENTAL_ACCRUAL,11,649,2026-07-20T21:45:00+08:00
cc25ce3e-99c4-4ea5-bb50-44e833b1a7f0,M-1761,SESS-20260720-3379-0073,RENTAL_ACCRUAL,27,341,2026-07-20T23:45:00+08:00
60cbefbf-4d1c-4b36-86d4-df0009324158,M-1396,SESS-20260720-4996-0074,RENTAL_ACCRUAL,9,161,2026-07-20T14:30:00+08:00
2fcd2cd8-2148-478d-acd6-1f657fd7b5b9,M-1589,SESS-20260720-3966-0075,RENTAL_ACCRUAL,8,110,2026-07-20T14:45:00+08:00
d95267e8-dc5f-4937-80dc-815b339b1fcb,M-1379,SESS-20260720-2347-0076,RENTAL_ACCRUAL,28,233,2026-07-20T22:30:00+08:00
c904ba43-f79e-4e8e-98a7-a7c27823e4ff,M-1568,SESS-20260720-2044-0077,RENTAL_ACCRUAL,11,350,2026-07-20T10:00:00+08:00
5d9052cf-054d-4f53-b801-118c697aefdd,M-1111,SESS-20260720-2648-0078,RENTAL_ACCRUAL,11,253,2026-07-21T00:00:00+08:00
cac8bcf9-75a4-4f12-ac5a-8f0d56725b35,M-1382,SESS-20260720-7927-0079,RENTAL_ACCRUAL,5,296,2026-07-20T16:25:00+08:00
6f9580bc-758e-4240-bc5b-d45d3ad26e29,M-1800,SESS-20260720-4305-0080,RENTAL_ACCRUAL,18,363,2026-07-20T19:15:00+08:00
d65c0b7d-a0e7-46df-ab3f-85eb118a59b9,M-1367,SESS-20260720-5385-0081,RENTAL_REDEMPTION,-100,262,2026-07-20T14:45:00+08:00
b471664c-2347-44b1-9c1c-e1746eb7023a,M-1367,SESS-20260720-5385-0081,RENTAL_ACCRUAL,5,267,2026-07-20T16:45:00+08:00
e5d1b7e2-2201-4421-8b06-05f742dc284b,M-1396,SESS-20260720-5650-0082,RENTAL_ACCRUAL,13,174,2026-07-20T22:35:00+08:00
ae10b4e5-f6f6-4c4d-b661-e43a6d35f015,M-1079,SESS-20260720-4927-0083,RENTAL_ACCRUAL,6,406,2026-07-20T21:30:00+08:00
cb6ed551-aea5-4db3-8d27-256f8da8a57d,M-1720,SESS-20260720-9080-0084,RENTAL_ACCRUAL,9,151,2026-07-20T22:45:00+08:00
6c2c0b52-26f5-46f5-95c0-3aa905d7b0a1,M-1018,SESS-20260720-3321-0085,RENTAL_REDEMPTION,-100,174,2026-07-20T13:15:00+08:00
040da699-5ded-4471-b5db-f5a12bced11a,M-1018,SESS-20260720-3321-0085,RENTAL_ACCRUAL,11,185,2026-07-20T15:15:00+08:00
4ec16562-6d33-464a-8ad3-4d0ef9ba5e72,M-1626,SESS-20260720-9263-0086,RENTAL_ACCRUAL,16,129,2026-07-20T18:15:00+08:00
9de95e89-8054-4d17-a44d-7757adc9e5e1,M-1264,SESS-20260720-2352-0087,RENTAL_ACCRUAL,28,533,2026-07-21T02:30:00+08:00
ce6e9f37-5496-4700-a6c6-920805f592f2,M-1267,SESS-20260720-9889-0088,RENTAL_ACCRUAL,67,196,2026-07-21T03:40:00+08:00
89243a52-2f86-4008-8f4c-4aacf18a6ad2,M-1553,SESS-20260720-4282-0089,RENTAL_ACCRUAL,5,288,2026-07-20T22:30:00+08:00
9d17c90e-232f-42b0-8f7f-60da5d4c7020,M-1521,SESS-20260720-6215-0090,RENTAL_ACCRUAL,6,352,2026-07-20T15:00:00+08:00
5ea217d1-b0dd-40a0-9af3-9268ea23bbb8,M-1199,SESS-20260720-9872-0091,RENTAL_ACCRUAL,16,312,2026-07-21T01:45:00+08:00
450f565e-4a4f-456e-a032-e7a63524319b,M-1073,SESS-20260720-9302-0092,RENTAL_ACCRUAL,40,186,2026-07-21T06:25:00+08:00
e96146f0-4a0b-4eca-b270-b31af0a5543b,M-1073,TIER_UPGRADE_Standard_TO_Silver,TIER_BONUS,50,236,2026-07-21T06:25:00+08:00
9855af35-42f3-4c06-882b-8c79d45a1dc6,M-1717,SESS-20260720-8272-0093,RENTAL_ACCRUAL,13,313,2026-07-20T21:45:00+08:00
6495858e-2fd2-497e-ac6b-089416fd3e59,M-1571,SESS-20260720-6349-0094,RENTAL_REDEMPTION,-100,103,2026-07-20T20:10:00+08:00
578026a1-6f92-4725-9377-f11e9b6798f9,M-1571,SESS-20260720-6349-0094,RENTAL_ACCRUAL,21,124,2026-07-21T01:10:00+08:00
13a350a5-a3e0-4091-bea0-43881989f6af,M-1505,SESS-20260720-7496-0095,RENTAL_REDEMPTION,-100,35,2026-07-20T21:30:00+08:00
b0ceb5f1-8fbc-4692-a2db-737b23650a9d,M-1505,SESS-20260720-7496-0095,RENTAL_ACCRUAL,2,37,2026-07-20T22:30:00+08:00
a6caba98-f392-4dc2-bd63-a56f6c4a2620,M-1615,SESS-20260720-2973-0096,RENTAL_ACCRUAL,5,389,2026-07-20T15:00:00+08:00
760d804e-70f2-49a8-9dcb-cea014883894,M-1673,SESS-20260720-8099-0097,RENTAL_ACCRUAL,11,446,2026-07-20T13:35:00+08:00
0356823a-63b7-49de-9be8-f07fd6995d4b,M-1415,SESS-20260720-6450-0098,RENTAL_REDEMPTION,-200,1199,2026-07-20T13:15:00+08:00
fb6da358-87db-45f3-8aef-c07a713bfb30,M-1415,SESS-20260720-6450-0098,RENTAL_ACCRUAL,4,1203,2026-07-20T15:15:00+08:00
523a9c2e-077c-4fd2-860d-e4de6363a0ae,M-1025,SESS-20260720-9448-0099,RENTAL_ACCRUAL,11,131,2026-07-20T15:40:00+08:00
b624a32b-499e-4c02-913f-bfbad1203d4d,M-1768,SESS-20260720-9922-0100,RENTAL_ACCRUAL,12,286,2026-07-21T01:35:00+08:00
97482dab-9bf7-4c9e-aa2f-440b72f9fd82,M-1944,SESS-20260720-9546-0101,RENTAL_ACCRUAL,5,236,2026-07-20T21:15:00+08:00
e2b3105b-49aa-4291-9d99-e0f50bf732db,M-1215,SESS-20260720-7212-0102,RENTAL_REDEMPTION,-100,89,2026-07-20T18:30:00+08:00
01ec4f71-a46c-412f-ab58-39964a1e1a0b,M-1215,SESS-20260720-7212-0102,RENTAL_ACCRUAL,10,99,2026-07-20T21:30:00+08:00
ae04cdf3-52e7-43b2-9900-b48534ea4a13,M-1551,SESS-20260720-6351-0103,RENTAL_ACCRUAL,18,200,2026-07-20T18:15:00+08:00
1cd58903-e68a-47ab-84c5-69a36eccebf6,M-1546,SESS-20260720-3532-0104,RENTAL_ACCRUAL,11,273,2026-07-20T02:55:00+08:00
a171dde3-5265-43e3-94f8-4d46dcc6a72c,M-2033,SESS-20260720-1374-0105,RENTAL_ACCRUAL,10,76,2026-07-20T22:00:00+08:00
67f16462-0937-4f74-8148-a5e9e9aeab50,M-1221,SESS-20260720-7758-0106,RENTAL_REDEMPTION,-100,1927,2026-07-20T22:15:00+08:00
6e6d3f7c-5dc4-4db1-a300-9c38d7cae4aa,M-1221,SESS-20260720-7758-0106,RENTAL_ACCRUAL,4,1931,2026-07-21T00:15:00+08:00
df303bd8-a2a2-406d-b30e-f9a3137f51d1,M-1620,SESS-20260720-9738-0107,RENTAL_ACCRUAL,67,643,2026-07-21T02:30:00+08:00
0ae3ceb5-6382-4744-a36e-cf2428eaa5cd,M-1069,SESS-20260720-7803-0108,RENTAL_ACCRUAL,27,383,2026-07-21T01:55:00+08:00
dda5e5ac-4d5f-4114-98d5-25b624f5692d,M-1449,SESS-20260720-3063-0109,RENTAL_ACCRUAL,16,136,2026-07-20T17:20:00+08:00
5479d194-30b5-4d03-890a-42681c57f048,M-1007,SESS-20260720-6463-0110,RENTAL_ACCRUAL,18,387,2026-07-20T21:15:00+08:00
1ac3218c-9df8-405b-95ca-166d5af9901c,M-1759,SESS-20260720-7343-0111,RENTAL_ACCRUAL,16,74,2026-07-20T05:00:00+08:00
02cfa295-1321-4abd-9858-05e2ab855e6c,M-1897,SESS-20260720-7528-0112,RENTAL_ACCRUAL,10,189,2026-07-20T22:30:00+08:00
b58f85f3-74b9-40e4-8fad-b83192263a40,M-1049,SESS-20260720-5512-0113,RENTAL_ACCRUAL,27,356,2026-07-20T15:15:00+08:00
bcf59e6a-d08f-4a42-8141-875b1f9024e3,M-1395,SESS-20260720-1767-0114,RENTAL_ACCRUAL,27,313,2026-07-21T00:45:00+08:00
cd04c923-5f14-42e0-ab72-44566d249206,M-1233,SESS-20260720-8396-0115,RENTAL_ACCRUAL,27,259,2026-07-20T09:00:00+08:00
42050c2f-c98a-446c-89b6-20f2c6dc6978,M-1760,SESS-20260720-8679-0116,RENTAL_ACCRUAL,16,149,2026-07-21T00:15:00+08:00
acb0014b-75be-46c0-9104-ad0b847cca25,M-1808,SESS-20260720-6693-0117,RENTAL_ACCRUAL,72,1748,2026-07-21T04:50:00+08:00
a9df6448-1274-4b14-94cb-cb91aaf35215,M-1063,SESS-20260720-4795-0118,RENTAL_REDEMPTION,-100,183,2026-07-20T14:15:00+08:00
529e9c88-a889-4a8a-bf4d-ed79533a0110,M-1063,SESS-20260720-4795-0118,RENTAL_ACCRUAL,21,204,2026-07-20T19:15:00+08:00
2418f1e7-bff2-491c-9240-8c00c1ced4e4,M-2195,SESS-20260720-1764-0119,RENTAL_ACCRUAL,10,17,2026-07-20T21:30:00+08:00
28f8293c-7124-476e-bd6a-296b5c58118e,M-1139,SESS-20260720-9411-0120,RENTAL_ACCRUAL,11,352,2026-07-20T23:30:00+08:00
871c2e65-4448-424f-8662-a6cc17223cf5,M-1878,SESS-20260720-5132-0121,RENTAL_ACCRUAL,60,72,2026-07-21T01:00:00+08:00
21b14e58-2a47-4345-949b-71618b75101b,M-1444,SESS-20260720-2945-0122,RENTAL_REDEMPTION,-100,3329,2026-07-20T22:15:00+08:00
9ae7c04f-4e87-4dbf-98e3-7cf44a486352,M-1444,SESS-20260720-2945-0122,RENTAL_ACCRUAL,11,3340,2026-07-21T00:15:00+08:00
09557e4f-c678-4500-8df3-c92bb85a6844,M-1816,SESS-20260720-4449-0123,RENTAL_ACCRUAL,12,173,2026-07-20T16:15:00+08:00
73cb2707-ee2d-48e8-97af-7d05a5da3a83,M-2032,SESS-20260720-3173-0124,RENTAL_ACCRUAL,16,211,2026-07-20T21:30:00+08:00
92fd1300-d755-4906-a75d-dfd273958b72,M-1378,SESS-20260720-4902-0125,RENTAL_REDEMPTION,-200,51,2026-07-20T22:45:00+08:00
b9e987e7-2d8b-46eb-bb00-3be86fbddc70,M-1378,SESS-20260720-4902-0125,RENTAL_ACCRUAL,14,65,2026-07-21T00:45:00+08:00
96d3568b-de38-4de9-acfd-37bc4b97870f,M-1009,SESS-20260720-4099-0126,RENTAL_ACCRUAL,18,275,2026-07-20T23:45:00+08:00
e22ed45a-de9c-4f9d-b269-14208ae99a35,M-1558,SESS-20260720-4856-0127,RENTAL_ACCRUAL,72,219,2026-07-21T04:00:00+08:00
58147c0c-fdb8-468c-bacb-f2b914cf399b,M-1393,SESS-20260720-2495-0128,RENTAL_ACCRUAL,72,207,2026-07-21T05:30:00+08:00
6cd238bd-0da2-4661-8bce-685d297f83de,M-1045,SESS-20260720-1060-0129,RENTAL_ACCRUAL,16,69,2026-07-21T00:25:00+08:00
0f2c9811-4796-4483-859a-5902507caac2,M-2193,SESS-20260720-9036-0130,RENTAL_ACCRUAL,15,56,2026-07-20T21:30:00+08:00
cffd1b4d-5b3a-4ec5-8779-44f06a42493c,M-1026,SESS-20260720-2470-0131,RENTAL_ACCRUAL,28,1511,2026-07-21T00:45:00+08:00
ed0b3f26-1d39-4874-a484-8b900cf432dd,M-1348,SESS-20260720-8002-0132,RENTAL_REDEMPTION,-100,169,2026-07-20T20:15:00+08:00
2606c5ae-3f5a-4f57-8c35-8da03f231815,M-1348,SESS-20260720-8002-0132,RENTAL_ACCRUAL,5,174,2026-07-20T22:15:00+08:00
4ff58afb-abe6-47d0-8f09-3101bafbba70,M-1020,SESS-20260720-6533-0133,RENTAL_ACCRUAL,16,139,2026-07-20T11:45:00+08:00
2d5c90f7-c2ed-4d3c-842a-51707c353a82,M-1640,SESS-20260720-8268-0134,RENTAL_ACCRUAL,16,524,2026-07-20T18:25:00+08:00
b6b02754-22c0-4961-b65a-1a633be86f4b,M-2027,SESS-20260720-7977-0135,RENTAL_ACCRUAL,15,184,2026-07-21T00:15:00+08:00
21de97d3-e801-4b83-a507-ea82260f6060,M-2063,SESS-20260720-8598-0136,RENTAL_ACCRUAL,5,195,2026-07-20T23:15:00+08:00
1d7b9cb9-00c4-45ba-ad31-bc27f9810e64,M-1769,SESS-20260720-7975-0137,RENTAL_ACCRUAL,16,192,2026-07-20T21:15:00+08:00
b8861d32-8522-426d-9ec7-cad9936dd203,M-1276,SESS-20260720-1166-0138,RENTAL_ACCRUAL,16,595,2026-07-20T23:15:00+08:00
fa399584-e469-4a5a-b6df-bf6f3c58387c,M-1658,SESS-20260720-8182-0139,RENTAL_ACCRUAL,11,649,2026-07-21T00:30:00+08:00
abf33c55-1ce8-4057-a1fd-5327640ba3af,M-1503,SESS-20260720-4633-0140,RENTAL_ACCRUAL,5,473,2026-07-21T00:15:00+08:00
61d60077-262f-4487-8535-89d3bd2bc993,M-1752,SESS-20260720-1940-0141,RENTAL_ACCRUAL,6,2459,2026-07-20T23:15:00+08:00
02b2602d-c262-4b6c-9f61-a0780ec89cf3,M-1697,SESS-20260720-4320-0142,RENTAL_ACCRUAL,18,443,2026-07-21T01:00:00+08:00
3626a8ea-2862-464b-a684-bc38eac1be5e,M-1243,SESS-20260720-8314-0143,RENTAL_ACCRUAL,10,102,2026-07-20T15:00:00+08:00
29c0085e-bb00-443b-8c7d-dc4a56ad1655,M-1448,SESS-20260720-3673-0144,RENTAL_ACCRUAL,13,172,2026-07-20T20:30:00+08:00
783bc912-aacd-47c9-bdf2-c5897e339daf,M-1223,SESS-20260720-4859-0145,RENTAL_ACCRUAL,40,112,2026-07-20T17:45:00+08:00
86ebd7d1-f28a-45ec-ad66-ac6a432d74b1,M-1081,SESS-20260720-1747-0146,RENTAL_REDEMPTION,-200,342,2026-07-20T22:30:00+08:00
5be54c1b-e4d0-4508-92e0-7aa3975989b1,M-1081,SESS-20260720-1747-0146,RENTAL_ACCRUAL,15,357,2026-07-21T03:30:00+08:00
25f5bd09-81f4-4270-8baf-9ec002f9b385,M-2141,SESS-20260720-9644-0147,RENTAL_ACCRUAL,5,87,2026-07-21T00:30:00+08:00
25991ef5-4052-4c37-b3d3-ee4faf28d521,M-1984,SESS-20260720-7363-0148,RENTAL_ACCRUAL,15,32,2026-07-20T23:15:00+08:00
671e4cd7-6b69-4522-83c6-b7e9dd41b5f3,M-1022,SESS-20260720-8133-0149,RENTAL_ACCRUAL,18,233,2026-07-20T16:55:00+08:00
7d8a1276-55b0-4c53-b2ff-8beb1e0997f8,M-1561,SESS-20260720-2575-0150,RENTAL_REDEMPTION,-200,166,2026-07-20T15:15:00+08:00
3393ec54-2455-4b63-86b6-d45b9f44b3ce,M-1561,SESS-20260720-2575-0150,RENTAL_ACCRUAL,14,180,2026-07-20T17:15:00+08:00
77adfe96-ff01-4a3b-8304-32395e5510b5,M-1493,SESS-20260720-3235-0151,RENTAL_ACCRUAL,13,50,2026-07-20T18:15:00+08:00
758ad9ce-4fbf-47fe-af1c-493020060e5f,M-1046,SESS-20260720-3739-0152,RENTAL_REDEMPTION,-100,667,2026-07-20T23:40:00+08:00
2d3f3b48-c609-466e-8e01-859c93ccae1b,M-1046,SESS-20260720-3739-0152,RENTAL_ACCRUAL,5,672,2026-07-21T01:40:00+08:00
49d277cf-d653-460d-9e43-fe47a61d7e7c,M-1565,SESS-20260720-5132-0153,RENTAL_ACCRUAL,28,395,2026-07-20T15:00:00+08:00
ce157d07-5fd6-4a82-9828-5b26efbbb04c,M-1480,SESS-20260720-2949-0154,RENTAL_ACCRUAL,5,32,2026-07-21T00:30:00+08:00
55a063e5-e103-4871-abf1-d39ff39dc823,M-1080,SESS-20260720-7989-0155,RENTAL_ACCRUAL,11,164,2026-07-20T22:45:00+08:00
162aaf8a-a326-46f4-9022-9376f0e4bff0,M-1975,SESS-20260720-1404-0156,RENTAL_ACCRUAL,40,134,2026-07-20T20:00:00+08:00
7f23b05c-5adf-40a5-a9be-34a0f7ad8f14,M-1816,SESS-20260720-4481-0157,RENTAL_ACCRUAL,40,213,2026-07-21T05:55:00+08:00
c90ccf43-8f7b-44ca-8be9-2d97ff224888,M-1816,TIER_UPGRADE_Standard_TO_Silver,TIER_BONUS,50,263,2026-07-21T05:55:00+08:00
fd079347-c438-41de-888a-0f37d508b889,M-2036,SESS-20260720-8598-0158,RENTAL_REDEMPTION,-100,35,2026-07-20T10:45:00+08:00
e26a27b4-0f31-4166-87f2-1fe1989a4f36,M-2036,SESS-20260720-8598-0158,RENTAL_ACCRUAL,5,40,2026-07-20T12:45:00+08:00
33b12b00-cbdb-485b-8b97-eba77f401d29,M-1302,SESS-20260720-6218-0159,RENTAL_ACCRUAL,24,162,2026-07-20T23:55:00+08:00
59896b36-fd7d-4a27-affa-8fcec8fe7fe3,M-1031,SESS-20260720-1910-0160,RENTAL_ACCRUAL,5,1008,2026-07-21T00:20:00+08:00
c6f0d1e8-d311-4363-a2af-a9a92667d6f1,M-1483,SESS-20260720-8201-0161,RENTAL_ACCRUAL,9,261,2026-07-20T21:10:00+08:00
a49b9ac9-4e78-48e6-a31c-ce5dee6d88a1,M-1360,SESS-20260720-4796-0162,RENTAL_ACCRUAL,5,130,2026-07-20T15:30:00+08:00
59fed81c-9906-4b1b-9635-f2432475cef6,M-1355,SESS-20260720-1634-0163,RENTAL_ACCRUAL,16,495,2026-07-20T19:45:00+08:00
71b1e720-12c5-4adc-99e6-d144624b35d1,M-1585,SESS-20260720-2024-0164,RENTAL_ACCRUAL,9,612,2026-07-20T12:00:00+08:00
2b3a3109-98de-472a-a37b-4db647e2c181,M-1684,SESS-20260720-5121-0165,RENTAL_ACCRUAL,45,282,2026-07-20T21:40:00+08:00
39608fa3-d0f2-4cf2-b225-1d9f653d63b8,M-1306,SESS-20260720-4001-0166,RENTAL_ACCRUAL,11,287,2026-07-21T00:15:00+08:00
65a9379a-917b-4b13-b092-b4e6b58cfffe,M-1347,SESS-20260720-3998-0167,RENTAL_ACCRUAL,18,3529,2026-07-21T00:45:00+08:00
6edea5ee-a65e-481e-a076-68ff83fc267c,M-1301,SESS-20260720-8444-0168,RENTAL_ACCRUAL,11,89,2026-07-21T01:25:00+08:00
816bd203-77a5-4fb5-b2d4-763303d627c7,M-1349,SESS-20260720-9843-0169,RENTAL_ACCRUAL,16,162,2026-07-20T21:15:00+08:00
90e8f565-6780-464b-a530-07a52d60b728,M-1086,SESS-20260720-7681-0170,RENTAL_ACCRUAL,28,287,2026-07-21T02:25:00+08:00
06b7b341-8256-490c-a390-4a40a3a1dfd6,M-1886,SESS-20260720-4556-0171,RENTAL_REDEMPTION,-100,3,2026-07-20T21:45:00+08:00
f533b3f3-5b97-41b5-a67a-f4188654a7b5,M-1886,SESS-20260720-4556-0171,RENTAL_ACCRUAL,10,13,2026-07-21T00:45:00+08:00
77bdd358-34c9-49f5-b9fa-760c5f018906,M-2169,SESS-20260720-7578-0172,RENTAL_REDEMPTION,-100,73,2026-07-20T20:45:00+08:00
0980e60b-0a05-4004-9f22-01b3642e554d,M-2169,SESS-20260720-7578-0172,RENTAL_ACCRUAL,5,78,2026-07-20T22:45:00+08:00
bb04b971-6547-44b2-9d4a-6adaa33447ea,M-1175,SESS-20260720-6717-0173,RENTAL_ACCRUAL,6,351,2026-07-20T06:45:00+08:00
2919e0e5-6697-4e4b-bcc7-489f8e7f6569,M-1785,SESS-20260720-6147-0174,RENTAL_ACCRUAL,45,257,2026-07-21T05:35:00+08:00
d480c34e-1141-4a22-adea-616c9931182a,M-2106,SESS-20260720-7813-0175,RENTAL_ACCRUAL,25,115,2026-07-21T01:35:00+08:00
412fb64a-bb59-498f-b2b5-f5a0d99d1785,M-1596,SESS-20260720-2319-0176,RENTAL_ACCRUAL,11,487,2026-07-20T19:30:00+08:00
0b7b374c-eaac-4906-9e01-371407c20f75,M-1123,SESS-20260720-3496-0177,RENTAL_ACCRUAL,28,342,2026-07-21T04:25:00+08:00
c27cd30f-4d3c-4c25-8e94-4c34f4a92778,M-1702,SESS-20260720-8666-0178,RENTAL_ACCRUAL,27,109,2026-07-21T01:45:00+08:00
ef9c5e07-304a-4ac1-bd98-40f5f09c9963,M-1674,SESS-20260720-2603-0179,RENTAL_ACCRUAL,27,541,2026-07-20T15:45:00+08:00
a687ef2d-168a-4882-a42e-198cfe534566,M-1149,SESS-20260720-6241-0180,RENTAL_ACCRUAL,10,203,2026-07-20T23:45:00+08:00
5121f6d2-2e44-4313-aa7a-bf7c3cbf6726,M-1053,SESS-20260720-4502-0181,RENTAL_ACCRUAL,8,150,2026-07-20T18:15:00+08:00
ec0b5f3e-caaa-445e-a4a1-32b4d0b8586c,M-1855,SESS-20260720-1958-0182,RENTAL_ACCRUAL,16,86,2026-07-20T19:25:00+08:00
a9db6d7e-063b-41c3-b9e5-e576de142528,M-1729,SESS-20260720-4251-0183,RENTAL_ACCRUAL,11,281,2026-07-20T20:30:00+08:00
8ec31d89-8163-4f4b-a054-4ccbc91c0199,M-1116,SESS-20260720-3339-0184,RENTAL_REDEMPTION,-100,75,2026-07-20T18:15:00+08:00
365a5cda-71e1-4630-b8d1-d07c6b067c48,M-1116,SESS-20260720-3339-0184,RENTAL_ACCRUAL,20,95,2026-07-20T23:15:00+08:00
174470b1-925a-48ae-8140-30cb2bc0adef,M-1116,TIER_UPGRADE_Standard_TO_Silver,TIER_BONUS,50,145,2026-07-20T23:15:00+08:00
566cfa5b-d788-43de-8de8-f243ee84cfa9,M-1130,SESS-20260720-2264-0185,RENTAL_ACCRUAL,27,190,2026-07-20T18:25:00+08:00
6447ddcf-ad94-4554-acc7-cff03f0cd1bb,M-1488,SESS-20260720-4233-0186,RENTAL_ACCRUAL,5,584,2026-07-20T20:45:00+08:00
ac8d4533-c628-4405-940c-d93107872e32,M-1830,SESS-20260720-8147-0187,RENTAL_ACCRUAL,27,401,2026-07-21T01:45:00+08:00
3daff6c3-bf32-405b-8dd3-a68ab663c881,M-1898,SESS-20260720-2432-0188,RENTAL_ACCRUAL,10,59,2026-07-20T04:45:00+08:00
3f3fa387-0dab-41be-936a-254ce6c11b44,M-2023,SESS-20260720-2769-0189,RENTAL_ACCRUAL,5,104,2026-07-20T14:00:00+08:00
de3ca8fa-0472-41aa-807b-b1dcf9b1e1e5,M-1762,SESS-20260720-2781-0190,RENTAL_ACCRUAL,16,254,2026-07-20T23:50:00+08:00
f9b47f12-9b7b-4ed8-aea7-5c9d40a933b6,M-1762,TIER_UPGRADE_Standard_TO_Silver,TIER_BONUS,50,304,2026-07-20T23:50:00+08:00
09245032-d195-4b5a-9572-f2ebb6cea32c,M-1554,SESS-20260720-6807-0191,RENTAL_ACCRUAL,43,1073,2026-07-20T18:15:00+08:00
9d7dac78-925f-4ffd-a797-cafec368363c,M-1476,SESS-20260720-6098-0192,RENTAL_ACCRUAL,18,318,2026-07-21T00:40:00+08:00
603b69af-482b-419e-98f9-f70423d7ec6a,M-1820,SESS-20260720-7493-0193,RENTAL_REDEMPTION,-100,287,2026-07-20T20:30:00+08:00
172174ce-8a0d-4955-84cf-62f191c1ca8b,M-1820,SESS-20260720-7493-0193,RENTAL_ACCRUAL,5,292,2026-07-20T22:30:00+08:00
20e99352-e5dc-4f84-bf79-a8f2079aae5e,M-1349,SESS-20260720-1638-0194,RENTAL_ACCRUAL,5,167,2026-07-20T22:15:00+08:00
2d9e5449-5935-4f2c-9968-bdc48d58665f,M-1662,SESS-20260720-5042-0195,RENTAL_ACCRUAL,5,251,2026-07-20T23:55:00+08:00
9ee6829d-c2d2-4078-99ff-afaa0258fd55,M-1795,SESS-20260720-5937-0196,RENTAL_REDEMPTION,-200,198,2026-07-20T22:35:00+08:00
e2bc7451-8563-42b8-ac08-2139dd958379,M-1795,SESS-20260720-5937-0196,RENTAL_ACCRUAL,4,202,2026-07-21T01:35:00+08:00
e8828d82-e8b8-4e38-87ca-14d18eb98b7d,M-1224,SESS-20260720-2612-0197,RENTAL_REDEMPTION,-100,126,2026-07-20T11:45:00+08:00
5c561bef-292d-4dbf-9419-6ae5e4d48a32,M-1224,SESS-20260720-2612-0197,RENTAL_ACCRUAL,21,147,2026-07-20T16:45:00+08:00
4cddc39a-9385-4a72-b113-862db713a89a,M-1360,SESS-20260720-4258-0198,RENTAL_ACCRUAL,10,140,2026-07-21T00:45:00+08:00
db0edbf6-f6c7-471e-83e0-f46938df85dd,M-1360,TIER_UPGRADE_Standard_TO_Silver,TIER_BONUS,50,190,2026-07-21T00:45:00+08:00
f9691f3c-c4f0-434e-a4c4-7bcd5aa45df3,M-1728,SESS-20260720-7904-0199,RENTAL_ACCRUAL,16,345,2026-07-20T21:00:00+08:00
5c1a762e-7980-4162-902a-946661637d98,M-2163,SESS-20260720-2951-0200,RENTAL_ACCRUAL,40,221,2026-07-20T23:00:00+08:00
f5a1b793-cac6-4295-a71d-d0b2894708ed,M-1492,SESS-20260720-5824-0201,RENTAL_ACCRUAL,40,263,2026-07-20T12:30:00+08:00
32e85a04-0593-456f-86f3-c754411ef642,M-1242,SESS-20260720-3600-0202,RENTAL_ACCRUAL,28,207,2026-07-20T21:40:00+08:00
174a182d-26f2-4473-b21d-42eeda220660,M-1422,SESS-20260720-3169-0203,RENTAL_ACCRUAL,18,74,2026-07-20T23:45:00+08:00
7aa3297f-e12d-4989-9da7-99e81633c070,M-1541,SESS-20260720-7632-0204,RENTAL_REDEMPTION,-100,407,2026-07-20T16:30:00+08:00
d71d5563-bbf8-4aa4-83c3-c0df9b3cf2e9,M-1541,SESS-20260720-7632-0204,RENTAL_ACCRUAL,20,427,2026-07-20T18:30:00+08:00
549cae97-7c2c-41b8-b794-a8f5b20e6c31,M-1032,SESS-20260720-3625-0205,RENTAL_ACCRUAL,11,183,2026-07-20T17:45:00+08:00
2bee54da-409c-47d5-a6d8-f30120e16be1,M-1721,SESS-20260720-7113-0206,RENTAL_REDEMPTION,-100,99,2026-07-20T18:45:00+08:00
543da7a7-b7ba-47d8-82a6-c210c868dacc,M-1721,SESS-20260720-7113-0206,RENTAL_ACCRUAL,38,137,2026-07-21T02:45:00+08:00
72135dac-8c34-4bfb-98e1-ddcb9328c746,M-1747,SESS-20260720-3732-0207,RENTAL_ACCRUAL,25,253,2026-07-21T01:30:00+08:00
2d1c7657-392b-43be-8e50-ebb84faf9fc5,M-1831,SESS-20260720-7957-0208,RENTAL_REDEMPTION,-100,59,2026-07-20T20:30:00+08:00
07560017-5b82-4df3-a3b0-b0cd7787f52a,M-1831,SESS-20260720-7957-0208,RENTAL_ACCRUAL,21,80,2026-07-21T01:30:00+08:00
0ae050d4-165d-4851-a745-d44e485b0695,M-1913,SESS-20260720-3696-0209,RENTAL_ACCRUAL,10,115,2026-07-20T22:35:00+08:00
cb5fc7c3-4e63-4728-8962-cdcb2f6676b4,M-1140,SESS-20260720-3937-0210,RENTAL_ACCRUAL,5,228,2026-07-20T20:40:00+08:00
5ff6fdb7-10f1-4a96-be74-47067f68f9ef,M-1002,SESS-20260720-3981-0211,RENTAL_ACCRUAL,18,346,2026-07-21T00:00:00+08:00
e4d89230-e632-48cb-a8c4-11fc11dd9966,M-1441,SESS-20260720-3428-0212,RENTAL_REDEMPTION,-100,94,2026-07-20T23:55:00+08:00
edc65a4e-9bb0-4401-ab45-5054899cd961,M-1441,SESS-20260720-3428-0212,RENTAL_ACCRUAL,11,105,2026-07-21T01:55:00+08:00
53c60ac4-7f8c-4144-813a-085f0ab72715,M-1838,SESS-20260720-2249-0213,RENTAL_ACCRUAL,27,464,2026-07-20T12:30:00+08:00
f1f56d79-0a9c-4343-baa5-854a7dd99f31,M-1183,SESS-20260720-6585-0214,RENTAL_REDEMPTION,-100,1,2026-07-20T18:45:00+08:00
f7a1ac44-b036-45c2-bcb1-0c824be415cc,M-1183,SESS-20260720-6585-0214,RENTAL_ACCRUAL,21,22,2026-07-20T23:45:00+08:00
784be94b-b1b9-437e-815e-5253a639c071,M-2074,SESS-20260720-5177-0215,RENTAL_ACCRUAL,16,54,2026-07-21T01:55:00+08:00
9b3c50c8-0a63-41aa-9e21-7bf9490c8ec6,M-1576,SESS-20260720-2034-0216,RENTAL_ACCRUAL,43,1233,2026-07-21T00:05:00+08:00
9c22659b-8284-4760-9a4f-b49c62b6e633,M-1685,SESS-20260720-5910-0217,RENTAL_ACCRUAL,27,218,2026-07-21T00:15:00+08:00
7805fcd5-a87c-460b-996e-e59526ac9fde,M-1363,SESS-20260720-7250-0218,RENTAL_ACCRUAL,28,117,2026-07-21T00:10:00+08:00
c33df58d-1008-4acf-bbae-8dc8990baba7,M-2119,SESS-20260720-7189-0219,RENTAL_ACCRUAL,25,143,2026-07-21T00:15:00+08:00
e65d8cd6-b7b8-43f0-adc1-30c1f8ad6361,M-1142,SESS-20260720-4172-0220,RENTAL_ACCRUAL,27,434,2026-07-20T19:20:00+08:00
e71cc71a-9497-4a95-bce2-649b0052a656,M-1895,SESS-20260720-9784-0221,RENTAL_ACCRUAL,10,200,2026-07-20T22:30:00+08:00
efedb8a8-b344-4336-be18-3b31d1a82036,M-1036,SESS-20260720-2917-0222,RENTAL_REDEMPTION,-400,152,2026-07-20T19:15:00+08:00
76c1107c-a634-43e1-b482-28538f4d4f12,M-1036,SESS-20260720-2917-0222,RENTAL_ACCRUAL,15,167,2026-07-20T22:15:00+08:00
3a56fd3f-bbf0-40b2-b7f4-45a718e26f53,M-1062,SESS-20260720-9805-0223,RENTAL_ACCRUAL,11,229,2026-07-20T23:30:00+08:00
06f13bb7-db03-41df-883f-4dc9fe84973d,M-1481,SESS-20260720-2983-0224,RENTAL_ACCRUAL,5,151,2026-07-21T00:30:00+08:00
9d424a69-cdb4-4be2-b99c-780abb117020,M-1710,SESS-20260720-6482-0225,RENTAL_REDEMPTION,-100,213,2026-07-20T20:40:00+08:00
e602451b-3186-4a20-93d0-4cd18c55d12a,M-1710,SESS-20260720-6482-0225,RENTAL_ACCRUAL,20,233,2026-07-20T22:40:00+08:00
9c1c35d0-4f15-4d50-82e2-e511559d6684,M-1949,SESS-20260720-3796-0226,RENTAL_ACCRUAL,16,65,2026-07-20T23:45:00+08:00
0acca977-1673-48c1-8ce4-d41b807162ab,M-1435,SESS-20260720-1096-0227,RENTAL_ACCRUAL,27,237,2026-07-20T20:15:00+08:00
994c8d57-0cdf-4d32-a452-3a7d2c9b211d,M-1134,SESS-20260720-7276-0228,RENTAL_ACCRUAL,11,311,2026-07-21T00:35:00+08:00
59ff4da1-58c3-47f6-8fa1-ce33017e18fd,M-1661,SESS-20260720-2805-0229,RENTAL_ACCRUAL,9,2982,2026-07-20T20:35:00+08:00
6587971a-67b7-4353-8892-d1e9e9838b33,M-1328,SESS-20260720-1648-0230,RENTAL_ACCRUAL,25,193,2026-07-20T19:30:00+08:00
7c82c63a-d165-4c08-8914-4302729f4b4d,M-1328,TIER_UPGRADE_Standard_TO_Silver,TIER_BONUS,50,243,2026-07-20T19:30:00+08:00
00c2c276-11e2-47a6-9fb7-ebb919181d88,M-1790,SESS-20260720-3279-0231,RENTAL_ACCRUAL,27,401,2026-07-20T17:45:00+08:00
b0edc7ae-1ab5-457b-876a-142be8541b25,M-1652,SESS-20260720-4341-0232,RENTAL_ACCRUAL,16,214,2026-07-21T01:00:00+08:00
11f9f244-bfcf-4586-9e0a-8fcf861cca22,M-1392,SESS-20260720-4403-0233,RENTAL_ACCRUAL,19,780,2026-07-20T22:45:00+08:00
3a686605-cea5-4414-b19e-573ea76c83ac,M-1158,SESS-20260720-9155-0234,RENTAL_ACCRUAL,24,310,2026-07-21T01:15:00+08:00
fea2c3de-15cf-4c1e-b459-e3c79c0c5164,M-1114,SESS-20260720-6038-0235,RENTAL_ACCRUAL,28,313,2026-07-21T00:40:00+08:00
7601ef87-d731-4e61-b220-948fc12aa85c,M-1700,SESS-20260720-6083-0236,RENTAL_ACCRUAL,60,230,2026-07-21T03:45:00+08:00
24adc0cc-aaef-42cc-b03a-d56274e608c7,M-1827,SESS-20260720-1875-0237,RENTAL_ACCRUAL,16,99,2026-07-20T20:15:00+08:00
38858491-12a2-49c4-8a4a-28b16a7fb787,M-1018,SESS-20260720-4362-0238,RENTAL_ACCRUAL,24,209,2026-07-20T21:30:00+08:00
d71a01f4-d648-4684-9248-72a767a60039,M-1102,SESS-20260720-1121-0239,RENTAL_ACCRUAL,5,162,2026-07-20T15:30:00+08:00
1a60da0f-0f5d-4ab0-b105-a55e6d0fd5b9,M-1054,SESS-20260720-9877-0240,RENTAL_ACCRUAL,27,376,2026-07-21T00:15:00+08:00
fc7fe9ae-e43e-4126-a523-c446d7b21229,M-1577,SESS-20260720-8941-0241,RENTAL_ACCRUAL,16,121,2026-07-20T15:00:00+08:00
e3f9ca3d-7828-4f33-a9b3-0dac9860694f,M-1512,SESS-20260720-6035-0242,RENTAL_ACCRUAL,72,99,2026-07-21T02:20:00+08:00
5d8038c1-2398-4e2f-8c73-a368c15ed49f,M-1522,SESS-20260720-5614-0243,RENTAL_ACCRUAL,16,307,2026-07-20T19:45:00+08:00
f43cc0fe-344d-40b5-913d-52de4680d3b2,M-1248,SESS-20260720-2791-0244,RENTAL_ACCRUAL,24,106,2026-07-21T00:15:00+08:00
5d9c24a3-2c6b-427b-ad91-e9cdb4f84bd8,M-1799,SESS-20260720-3182-0245,RENTAL_ACCRUAL,13,233,2026-07-20T20:35:00+08:00
793861d4-89f5-44b0-bd45-1a1592e7f2ee,M-1632,SESS-20260720-3076-0246,RENTAL_ACCRUAL,18,1202,2026-07-21T02:45:00+08:00
f4d88bd0-999d-4312-906e-a885e23c248a,M-1769,SESS-20260720-6446-0247,RENTAL_REDEMPTION,-100,92,2026-07-20T23:50:00+08:00
13f9bc53-7c2b-4adc-a8db-3897cb24f08d,M-1769,SESS-20260720-6446-0247,RENTAL_ACCRUAL,2,94,2026-07-21T00:50:00+08:00
e0b72a2a-1fa2-4258-96c6-03daa1e5d2fa,M-1364,SESS-20260720-5824-0248,RENTAL_ACCRUAL,45,722,2026-07-20T21:30:00+08:00
2e7d3522-f4ef-4960-850b-b30aafb55635,M-1023,SESS-20260720-4001-0249,RENTAL_ACCRUAL,16,112,2026-07-20T11:00:00+08:00
dd24d9bb-4b4d-487a-a5c8-86253462ec95,M-1598,SESS-20260720-2500-0250,RENTAL_REDEMPTION,-100,30,2026-07-20T17:05:00+08:00
118b6e45-59d0-40f3-9ffa-e9b3b1dad221,M-1598,SESS-20260720-2500-0250,RENTAL_ACCRUAL,11,41,2026-07-20T19:05:00+08:00
9c92baa6-014b-4544-bcf6-16a83b24d013,M-1162,SESS-20260720-3179-0251,RENTAL_REDEMPTION,-200,296,2026-07-20T23:55:00+08:00
b9fb5a07-1953-4611-b0e5-da1ff05a0a74,M-1162,SESS-20260720-3179-0251,RENTAL_ACCRUAL,32,328,2026-07-21T04:55:00+08:00
27cf8d34-0503-4295-9e8f-0c8a0c8e1d18,M-1787,SESS-20260720-9439-0252,RENTAL_ACCRUAL,36,238,2026-07-20T22:45:00+08:00
02fde810-3036-4463-b60f-d547f04e7a6b,M-1519,SESS-20260720-4538-0253,RENTAL_ACCRUAL,67,390,2026-07-20T17:45:00+08:00
6750485f-3f90-4761-a552-0bb92c27e3d8,M-1623,SESS-20260720-8682-0254,RENTAL_ACCRUAL,11,109,2026-07-20T22:00:00+08:00
0d9ba5ef-f4c8-43e0-a9f3-866c3e950d42,M-1281,SESS-20260720-6939-0255,RENTAL_ACCRUAL,5,734,2026-07-20T09:15:00+08:00
e5939212-1921-4d9f-8ca6-c3668ec34c21,M-1171,SESS-20260720-3897-0256,RENTAL_ACCRUAL,40,162,2026-07-21T01:30:00+08:00
0cb67c36-8739-454e-9579-9ba1a0123668,M-1463,SESS-20260720-6285-0257,RENTAL_ACCRUAL,12,3633,2026-07-20T20:00:00+08:00
bdf4e3b9-71eb-4ba4-9db4-9bf98ebacb4b,M-2038,SESS-20260720-4588-0258,RENTAL_ACCRUAL,24,83,2026-07-21T02:30:00+08:00
c12bbe03-d1dd-4637-855c-e320d883f33a,M-1427,SESS-20260720-2909-0259,RENTAL_ACCRUAL,27,373,2026-07-21T00:30:00+08:00
bdaa55ec-c02b-43ce-ba94-ddc96001a374,M-1388,SESS-20260720-7190-0260,RENTAL_ACCRUAL,5,198,2026-07-21T00:50:00+08:00
b5101dcb-59df-48a1-8697-34d5d77eecfc,M-1562,SESS-20260720-4880-0261,RENTAL_ACCRUAL,27,833,2026-07-20T14:00:00+08:00
68eccd82-d99e-40ec-a902-ffe41d1576d6,M-1826,SESS-20260720-9146-0262,RENTAL_REDEMPTION,-100,97,2026-07-20T11:30:00+08:00
428d3255-7b96-4dcc-9826-7ef845c838ba,M-1826,SESS-20260720-9146-0262,RENTAL_ACCRUAL,34,131,2026-07-20T14:30:00+08:00
aa31a08d-6d05-4bbc-aae0-a096c5f4f8a2,M-1585,SESS-20260720-4169-0263,RENTAL_ACCRUAL,45,657,2026-07-21T04:55:00+08:00
560fdb68-10a4-4fa1-8bb9-4a13cf0345c4,M-1241,SESS-20260720-3676-0264,RENTAL_ACCRUAL,45,237,2026-07-21T03:35:00+08:00
cad51b82-5221-409e-a9c0-61a9b40def3b,M-1998,SESS-20260720-3874-0265,RENTAL_ACCRUAL,96,217,2026-07-21T02:00:00+08:00
bbaab76b-3ef3-4d9a-8e38-8598d2743234,M-1517,SESS-20260720-4342-0266,RENTAL_ACCRUAL,5,30,2026-07-20T22:35:00+08:00
e94fcccc-78c9-4bc4-af4c-f87c0cb9a1c2,M-1730,SESS-20260720-8500-0267,RENTAL_REDEMPTION,-100,22,2026-07-20T14:15:00+08:00
0233042f-4ae1-4618-a285-e01ffc9a7d09,M-1730,SESS-20260720-8500-0267,RENTAL_ACCRUAL,5,27,2026-07-20T16:15:00+08:00
4945ad23-f510-436d-86af-e8f8d5e4e520,M-1828,SESS-20260720-3752-0268,RENTAL_ACCRUAL,40,179,2026-07-21T06:50:00+08:00
a30e8e0d-6c41-43b9-83eb-5e9e52704532,M-1695,SESS-20260720-5442-0269,RENTAL_ACCRUAL,11,174,2026-07-20T20:40:00+08:00
3d3181e7-097f-4eb5-8661-2a8e4e7a5b20,M-1003,SESS-20260720-7901-0270,RENTAL_ACCRUAL,5,237,2026-07-20T11:45:00+08:00
5280019a-ab2a-4db2-82c6-1e95d2f522d1,M-1671,SESS-20260720-9788-0271,RENTAL_ACCRUAL,27,213,2026-07-20T13:45:00+08:00
ef0764f0-3d55-40ec-b24c-73ffe38f7ec3,M-1101,SESS-20260720-6911-0272,RENTAL_ACCRUAL,27,294,2026-07-20T03:00:00+08:00
53a8bd44-a686-47eb-9467-ad3279a061e1,M-1709,SESS-20260720-4031-0273,RENTAL_ACCRUAL,5,299,2026-07-20T23:40:00+08:00
a9e9d304-bab1-4aed-b9b7-3feb362103ff,M-1624,SESS-20260720-5182-0274,RENTAL_ACCRUAL,28,1110,2026-07-20T20:45:00+08:00
031e01b0-821e-4292-b867-9463f692508e,M-1370,SESS-20260720-1327-0275,RENTAL_ACCRUAL,12,277,2026-07-20T21:00:00+08:00
168921ca-9a9a-45dc-a22a-b5c531ee6f6e,M-1748,SESS-20260720-4468-0276,RENTAL_ACCRUAL,45,491,2026-07-21T01:00:00+08:00
acf6f15a-65e1-41fd-b81b-b363a0a4ef93,M-1281,SESS-20260720-4595-0277,RENTAL_ACCRUAL,27,761,2026-07-20T11:30:00+08:00
d1a3925b-d5ca-4a47-b0f2-328179b3c071,M-1336,SESS-20260720-2986-0278,RENTAL_ACCRUAL,5,203,2026-07-20T15:30:00+08:00
3d5bc1ea-a6cc-4877-9214-4eb585134393,M-1127,SESS-20260720-8442-0279,RENTAL_ACCRUAL,45,263,2026-07-21T06:45:00+08:00
f4aea483-a777-4670-91e7-c7311f25f149,M-1148,SESS-20260720-3584-0280,RENTAL_REDEMPTION,-100,81,2026-07-20T17:00:00+08:00
8f3e83c1-1747-4fcf-a219-0a08923f1fb6,M-1148,SESS-20260720-3584-0280,RENTAL_ACCRUAL,38,119,2026-07-20T22:00:00+08:00
e07c1f2c-68bf-4bb1-9cd1-9e60cfd812ab,M-1022,SESS-20260720-7995-0281,RENTAL_REDEMPTION,-100,133,2026-07-20T21:45:00+08:00
9ba296f2-a13d-42e5-85b4-306cefea6043,M-1022,SESS-20260720-7995-0281,RENTAL_ACCRUAL,38,171,2026-07-21T05:45:00+08:00
c1a42850-4cd6-4ee3-a926-ab73e40860fb,M-1641,SESS-20260720-1480-0282,RENTAL_ACCRUAL,16,251,2026-07-20T20:15:00+08:00
4c82390f-79ef-4d19-b88d-653d38c88873,M-1641,TIER_UPGRADE_Standard_TO_Silver,TIER_BONUS,50,301,2026-07-20T20:15:00+08:00
b49e9f3f-42db-409c-a71e-57962f5a66ac,M-1174,SESS-20260720-9873-0283,RENTAL_ACCRUAL,67,154,2026-07-21T02:10:00+08:00
cde1d9a9-5052-41dc-b269-7c37538c2915,M-1338,SESS-20260720-4629-0284,RENTAL_ACCRUAL,15,353,2026-07-21T01:30:00+08:00
e1c5a7e8-a967-4d64-9b44-4522dc696bf7,M-1338,TIER_UPGRADE_Standard_TO_Silver,TIER_BONUS,50,403,2026-07-21T01:30:00+08:00
35e82db2-ce2d-4a09-97c1-0e285f6576c0,M-1862,SESS-20260720-9679-0285,RENTAL_ACCRUAL,15,114,2026-07-20T18:15:00+08:00
18f08e58-2549-42d8-94f6-6cb7c5ccc58b,M-1549,SESS-20260720-9092-0286,RENTAL_ACCRUAL,16,138,2026-07-20T11:30:00+08:00
c63c2428-6b51-46a4-9711-7b367c1a8917,M-1509,SESS-20260720-9846-0287,RENTAL_ACCRUAL,19,602,2026-07-21T00:15:00+08:00
bc8d6625-b02e-4661-a44d-1183387b3f6c,M-1639,SESS-20260720-7282-0288,RENTAL_ACCRUAL,36,180,2026-07-21T01:55:00+08:00
fecdc0b1-9e45-4a9e-acdf-6a84ecec8380,M-1704,SESS-20260720-7683-0289,RENTAL_ACCRUAL,10,96,2026-07-21T00:45:00+08:00
8ff5b6b8-f6d3-48a7-bc03-5222b9b92664,M-1704,TIER_UPGRADE_Standard_TO_Silver,TIER_BONUS,50,146,2026-07-21T00:45:00+08:00
fc1d15df-18bc-46c3-8961-8cdcc5be69d7,M-1282,SESS-20260720-8431-0290,RENTAL_ACCRUAL,6,35,2026-07-20T16:15:00+08:00
7f9e73ef-a65b-428f-9b2c-1dc916a97c37,M-1192,SESS-20260720-6747-0291,RENTAL_ACCRUAL,27,137,2026-07-20T17:45:00+08:00
4c0bf52d-91c0-4aa5-a8e9-a812a9c7cbe5,M-1004,SESS-20260720-6597-0292,RENTAL_ACCRUAL,18,326,2026-07-21T00:45:00+08:00
6ba1805f-b6d9-4d57-af34-5418af4a73ed,M-1855,SESS-20260720-5315-0293,RENTAL_ACCRUAL,5,91,2026-07-21T00:50:00+08:00
d010fa29-9cfc-416a-859a-2568995eb80f,M-1834,SESS-20260720-8397-0294,RENTAL_ACCRUAL,13,92,2026-07-20T19:45:00+08:00
f8dd04a2-18f6-411e-8ac8-c79a9d4cb9e8,M-1757,SESS-20260720-5833-0295,RENTAL_ACCRUAL,5,138,2026-07-21T00:35:00+08:00
ee88defc-eb66-4586-b105-6020de99917f,M-1321,SESS-20260720-4290-0296,RENTAL_REDEMPTION,-100,15,2026-07-20T23:55:00+08:00
accf8dca-5eb2-467b-ab79-503d13fc84b7,M-1321,SESS-20260720-4290-0296,RENTAL_ACCRUAL,21,36,2026-07-21T04:55:00+08:00
40f5d180-2bb4-46f2-8573-5a48b815a003,M-1329,SESS-20260720-9295-0297,RENTAL_ACCRUAL,16,558,2026-07-20T23:25:00+08:00
320c9b91-8f4d-49dd-b3e8-57bd77e496e0,M-1231,SESS-20260720-2806-0298,RENTAL_ACCRUAL,9,367,2026-07-20T23:15:00+08:00
fbf20df4-791a-4f63-8dea-daa62fdefb75,M-1993,SESS-20260720-3596-0299,RENTAL_ACCRUAL,24,167,2026-07-20T18:00:00+08:00
59a1fe25-6a94-424e-92dc-8ed2456c4f4a,M-1870,SESS-20260720-7859-0300,RENTAL_ACCRUAL,16,270,2026-07-20T14:30:00+08:00
32d6d9f9-adb5-414d-b216-9166433af8b2,M-1283,SESS-20260720-8695-0301,RENTAL_REDEMPTION,-100,38,2026-07-20T17:45:00+08:00
61d9d11a-0a29-435a-8c0f-f4ae41a84cf8,M-1283,SESS-20260720-8695-0301,RENTAL_ACCRUAL,21,59,2026-07-20T22:45:00+08:00
740aa9b7-9f79-4ad4-b2e3-0ec7c15d673f,M-2020,SESS-20260720-9394-0302,RENTAL_REDEMPTION,-100,23,2026-07-20T20:50:00+08:00
76e4bda6-76b9-4400-8af0-11a00a50443a,M-2020,SESS-20260720-9394-0302,RENTAL_ACCRUAL,10,33,2026-07-20T23:50:00+08:00
5d2518fd-33ff-49b5-8491-b873264e313f,M-1063,SESS-20260720-3713-0303,RENTAL_ACCRUAL,9,213,2026-07-21T00:00:00+08:00
ea403aab-ba72-44c4-a32d-048824920db7,M-1346,SESS-20260720-4373-0304,RENTAL_REDEMPTION,-200,57,2026-07-20T19:00:00+08:00
d043d2af-18c3-4869-998b-d12b5ec32f31,M-1346,SESS-20260720-4373-0304,RENTAL_ACCRUAL,4,61,2026-07-20T22:00:00+08:00
39182422-8417-4764-85b4-40570fd71831,M-1297,SESS-20260720-6019-0305,RENTAL_REDEMPTION,-100,214,2026-07-20T23:25:00+08:00
04fe696b-dd4f-40de-a24c-116432e6a560,M-1297,SESS-20260720-6019-0305,RENTAL_ACCRUAL,10,224,2026-07-21T02:25:00+08:00
03ace050-91be-4acb-b00c-2924b535addd,M-1055,SESS-20260720-8379-0306,RENTAL_ACCRUAL,9,346,2026-07-20T20:15:00+08:00
f7bbe7c1-6611-4200-9edd-08367c7e772d,M-1597,SESS-20260720-1873-0307,RENTAL_REDEMPTION,-300,27,2026-07-20T14:30:00+08:00
8b8ffdb3-afac-4fec-b7e2-dd5497938dac,M-1597,SESS-20260720-1873-0307,RENTAL_ACCRUAL,8,35,2026-07-20T17:30:00+08:00
583c6f00-7b22-4e7e-bbfb-3dba9c075c5a,M-1076,SESS-20260720-1448-0308,RENTAL_ACCRUAL,16,277,2026-07-20T15:30:00+08:00
6c5ad506-bbd2-4048-acd7-07c8aa461bb0,M-1780,SESS-20260720-4303-0309,RENTAL_ACCRUAL,15,91,2026-07-20T20:00:00+08:00
fdd57d6e-cdec-46cb-ba15-6551710a87a7,M-1590,SESS-20260720-9497-0310,RENTAL_ACCRUAL,11,33,2026-07-21T01:50:00+08:00
b1bfc0b3-70f6-41b0-a507-465a62cecf7b,M-1542,SESS-20260720-7539-0311,RENTAL_ACCRUAL,45,325,2026-07-21T00:10:00+08:00
5edb8108-6de2-4c63-bdb5-1267e30df758,M-1562,SESS-20260720-5137-0312,RENTAL_ACCRUAL,5,838,2026-07-20T23:00:00+08:00
b7b27f46-7135-4930-aac2-1338b9ebd38e,M-1587,SESS-20260720-4118-0313,RENTAL_REDEMPTION,-200,934,2026-07-20T18:40:00+08:00
05ec7e90-36cd-409b-b1da-6a907db6ea52,M-1587,SESS-20260720-4118-0313,RENTAL_ACCRUAL,13,947,2026-07-20T20:40:00+08:00
2371a5ba-789c-4ed9-9000-1a3e3e842543,M-1195,SESS-20260720-2893-0314,RENTAL_ACCRUAL,28,252,2026-07-20T16:15:00+08:00
5cce947d-afb5-470a-b533-6ed46d26a53b,M-1666,SESS-20260720-5401-0315,RENTAL_ACCRUAL,27,255,2026-07-20T19:55:00+08:00
7432b5f3-b0f4-474b-9c86-c04f374938e2,M-1112,SESS-20260720-7125-0316,RENTAL_ACCRUAL,28,1315,2026-07-20T20:00:00+08:00
a800e574-7f3b-412e-8583-25e1d0882f0d,M-1359,SESS-20260720-1826-0317,RENTAL_ACCRUAL,28,1845,2026-07-20T20:40:00+08:00
d2f73ca9-4ba0-4308-8a38-e4471ff86292,M-1452,SESS-20260720-3631-0318,RENTAL_ACCRUAL,5,241,2026-07-20T23:30:00+08:00
2b5a1332-e3c5-4f48-9973-7c3099478aa4,M-2075,SESS-20260720-6067-0319,RENTAL_ACCRUAL,15,125,2026-07-20T21:20:00+08:00
4c6f76e1-a58b-40a4-a589-7241e1060a84,M-1161,SESS-20260720-3633-0320,RENTAL_ACCRUAL,11,365,2026-07-20T18:30:00+08:00
085431e8-8ec6-488a-b4a9-e82d466527cd,M-1825,SESS-20260720-1102-0321,RENTAL_ACCRUAL,27,154,2026-07-20T22:00:00+08:00
a744a41e-84dc-46dd-8bae-7e8cc289a989,M-1437,SESS-20260720-8100-0322,RENTAL_ACCRUAL,28,199,2026-07-20T21:30:00+08:00
a8f6e503-c94d-43c5-b97f-68ebd2c27e83,M-1268,SESS-20260720-7484-0323,RENTAL_ACCRUAL,25,87,2026-07-21T01:15:00+08:00
8375521f-e71d-4786-8a93-f82a812ccf02,M-1746,SESS-20260720-7358-0324,RENTAL_ACCRUAL,28,308,2026-07-20T06:30:00+08:00
aa0d86ad-facb-41cd-9c15-92e5cc090089,M-1463,SESS-20260720-7235-0325,RENTAL_ACCRUAL,28,3661,2026-07-20T22:50:00+08:00
c7fbf4dc-662d-4759-8326-55b974ac1289,M-2187,SESS-20260720-8952-0326,RENTAL_ACCRUAL,24,34,2026-07-20T20:05:00+08:00
ba4519b7-3371-4e20-9d0d-5c1df29ed6d2,M-1277,SESS-20260720-1389-0327,RENTAL_ACCRUAL,30,2888,2026-07-21T02:30:00+08:00
7b3bb241-f175-4baa-86d6-16b8794bb700,M-2064,SESS-20260720-7589-0328,RENTAL_ACCRUAL,10,163,2026-07-21T01:45:00+08:00
79fdd996-19aa-47df-b7b1-825d1e402274,M-1692,SESS-20260720-1191-0329,RENTAL_REDEMPTION,-100,2183,2026-07-20T22:30:00+08:00
b4ed8335-c4d6-4f84-836c-661e67dc7226,M-1692,SESS-20260720-1191-0329,RENTAL_ACCRUAL,4,2187,2026-07-21T00:30:00+08:00
b6cdea9d-1b19-4ae1-a4fa-0e4a998290fa,M-1472,SESS-20260720-7629-0330,RENTAL_ACCRUAL,18,257,2026-07-20T18:45:00+08:00
8fb35eea-fa30-484b-b9bb-be230a8d62d5,M-1278,SESS-20260720-1762-0331,RENTAL_REDEMPTION,-100,200,2026-07-20T23:30:00+08:00
079711ea-30a3-4030-92fb-7c1afcafe06f,M-1278,SESS-20260720-1762-0331,RENTAL_ACCRUAL,10,210,2026-07-21T02:30:00+08:00
c6a24394-8b7b-42ba-bc73-3d7ca6b6cd7b,M-1070,SESS-20260720-3092-0332,RENTAL_REDEMPTION,-200,52,2026-07-20T20:20:00+08:00
2f2d6435-6e8a-4df9-8cff-cdf07022fe18,M-1070,SESS-20260720-3092-0332,RENTAL_ACCRUAL,5,57,2026-07-20T22:20:00+08:00
b88f5718-8f92-403d-9f77-56c1ebc926b3,M-1802,SESS-20260720-8486-0333,RENTAL_REDEMPTION,-200,99,2026-07-20T19:50:00+08:00
d7fcf2a5-8a3a-4185-95b4-d638910d8f8a,M-1802,SESS-20260720-8486-0333,RENTAL_ACCRUAL,55,154,2026-07-21T00:50:00+08:00
026ae433-6d05-4d17-94e8-fe23874e1b92,M-1374,SESS-20260720-1681-0334,RENTAL_ACCRUAL,16,197,2026-07-20T23:55:00+08:00
36a1c62a-a17c-4f50-9fcb-d2c147eef894,M-1092,SESS-20260720-8184-0335,RENTAL_ACCRUAL,28,331,2026-07-21T02:00:00+08:00
37c651e3-702c-4a2c-b50f-0702f8501c1c,M-1281,SESS-20260720-1841-0336,RENTAL_ACCRUAL,11,772,2026-07-21T00:25:00+08:00
857c53e5-592c-4c6b-8dc0-c55d29e19994,M-1833,SESS-20260720-1983-0337,RENTAL_ACCRUAL,11,125,2026-07-20T22:00:00+08:00
b94355dd-d49f-44f6-8293-8537b2023558,M-1368,SESS-20260720-2018-0338,RENTAL_ACCRUAL,28,282,2026-07-21T01:00:00+08:00
8819e55b-f4fe-4387-9c05-a1eb914872d0,M-2159,SESS-20260720-3766-0339,RENTAL_ACCRUAL,9,380,2026-07-20T14:15:00+08:00
9041b4be-6c91-4e30-8ca8-b2c7f165f9ba,M-1621,SESS-20260720-1381-0340,RENTAL_ACCRUAL,11,289,2026-07-20T23:45:00+08:00
0a0083d3-5fa5-48d1-82de-e8beb3b76086,M-1581,SESS-20260720-1025-0341,RENTAL_ACCRUAL,9,143,2026-07-20T22:45:00+08:00
8dc99088-c77f-4a43-bd6d-223530f2959e,M-1250,SESS-20260720-4399-0342,RENTAL_REDEMPTION,-100,62,2026-07-20T23:45:00+08:00
bc9ef311-1f1d-428d-8803-0a50b56c6f0f,M-1250,SESS-20260720-4399-0342,RENTAL_ACCRUAL,10,72,2026-07-21T02:45:00+08:00
1c47aa42-6905-4b35-a27d-015d565e82df,M-1442,SESS-20260720-1454-0343,RENTAL_ACCRUAL,28,304,2026-07-20T23:45:00+08:00
8c4263f0-2427-48e6-a991-af063ed478d8,M-1465,SESS-20260720-3861-0344,RENTAL_ACCRUAL,28,757,2026-07-20T22:55:00+08:00
fbd06ac1-d131-41f9-b430-fcb1b69ecbbf,M-1776,SESS-20260720-2680-0345,RENTAL_ACCRUAL,16,119,2026-07-20T22:55:00+08:00
f91a49e4-63a2-444a-ae15-1cb870eb5be7,M-1956,SESS-20260720-5855-0346,RENTAL_ACCRUAL,40,113,2026-07-20T23:45:00+08:00
ed806c2a-8e97-4968-84aa-d373d66cba55,M-1565,SESS-20260720-6172-0347,RENTAL_ACCRUAL,27,422,2026-07-21T01:00:00+08:00
465375d4-bfb5-4f40-a36f-55ea84a679da,M-1193,SESS-20260720-3189-0348,RENTAL_ACCRUAL,40,372,2026-07-20T23:45:00+08:00
7db5bc9b-d89c-4b92-bddb-ed5832c045a9,M-1272,SESS-20260720-2180-0349,RENTAL_ACCRUAL,9,1265,2026-07-21T00:05:00+08:00
47c1035c-da5b-4f2a-9b5b-2b4783b5b6b2,M-1433,SESS-20260720-4163-0350,RENTAL_ACCRUAL,25,113,2026-07-21T03:55:00+08:00
7a1f352e-7550-4f49-aea2-ee9e7b023107,M-1325,SESS-20260720-5432-0351,RENTAL_ACCRUAL,27,65,2026-07-21T02:50:00+08:00
db63cd92-a85b-49b8-a140-2ad550f884f1,M-1548,SESS-20260720-1733-0352,RENTAL_ACCRUAL,45,280,2026-07-20T21:15:00+08:00
dacc6ef1-9ce5-4e8f-908e-709cbb69d1f1,M-1548,TIER_UPGRADE_Silver_TO_Gold,TIER_BONUS,100,380,2026-07-20T21:15:00+08:00
008c39f5-62d4-4315-9693-d82bab8349c6,M-1049,SESS-20260720-7189-0353,RENTAL_ACCRUAL,5,361,2026-07-20T23:05:00+08:00
4ee04a73-f9f9-405b-9750-1336afd86f3f,M-1788,SESS-20260720-5295-0354,RENTAL_ACCRUAL,9,297,2026-07-20T23:35:00+08:00
0db98611-44e9-41b9-b2eb-c88498a815ab,M-1851,SESS-20260720-7417-0355,RENTAL_ACCRUAL,36,139,2026-07-21T02:50:00+08:00
b211d428-b6a1-4f40-b7a0-8866f170d097,M-1705,SESS-20260720-1722-0356,RENTAL_ACCRUAL,5,221,2026-07-21T00:45:00+08:00
7ec9030f-8920-41ef-b76e-2cbdc85747be,M-1766,SESS-20260720-8978-0357,RENTAL_REDEMPTION,-100,525,2026-07-20T22:45:00+08:00
8f973035-d1c5-4874-a1b4-aab03f9b9802,M-1766,SESS-20260720-8978-0357,RENTAL_ACCRUAL,11,536,2026-07-21T00:45:00+08:00
106eb100-95b2-46ba-b686-873870114533,M-1523,SESS-20260720-2643-0358,RENTAL_REDEMPTION,-300,55,2026-07-20T19:10:00+08:00
85e890ef-d0f1-49ff-9d3c-d7e0ef9496ef,M-1523,SESS-20260720-2643-0358,RENTAL_ACCRUAL,26,81,2026-07-21T00:10:00+08:00
86ad1e20-d674-4ce8-a812-0df12243a48a,M-1624,SESS-20260720-7461-0359,RENTAL_ACCRUAL,12,1122,2026-07-21T01:50:00+08:00
59fd08ba-52a1-4fa1-bf52-f74bdf810547,M-1383,SESS-20260720-6697-0360,RENTAL_REDEMPTION,-100,90,2026-07-20T02:20:00+08:00
2ab1c166-bf29-4bb1-b35b-45173061c85f,M-1383,SESS-20260720-6697-0360,RENTAL_ACCRUAL,5,95,2026-07-20T04:20:00+08:00
7968a920-df0c-4431-b2dc-114f470c19f3,M-1977,SESS-20260720-1426-0361,RENTAL_ACCRUAL,64,136,2026-07-21T06:45:00+08:00
ca87c229-1c5c-479e-a1bb-3a529f0f571c,M-1977,TIER_UPGRADE_Standard_TO_Silver,TIER_BONUS,50,186,2026-07-21T06:45:00+08:00
7151b57c-8fdf-4ff9-a121-0cca638ddbf3,M-1989,SESS-20260720-3456-0362,RENTAL_ACCRUAL,10,53,2026-07-21T00:15:00+08:00
331f015e-7d5f-44f7-8f75-c5dd1a51c113,M-1064,SESS-20260720-2093-0363,RENTAL_REDEMPTION,-100,75,2026-07-20T21:30:00+08:00
8aa36cdb-9f11-4511-9d6e-52415914fea7,M-1064,SESS-20260720-2093-0363,RENTAL_ACCRUAL,10,85,2026-07-21T00:30:00+08:00
3606b725-629b-4a58-8ef2-0dadb8d7d596,M-1965,SESS-20260720-3928-0364,RENTAL_ACCRUAL,8,125,2026-07-20T21:30:00+08:00
e31d84bc-896f-43b2-929b-5d254da6bf11,M-1594,SESS-20260720-9180-0365,RENTAL_ACCRUAL,10,149,2026-07-21T01:15:00+08:00
9d52267c-1109-401b-b655-0e2178726082,M-1536,SESS-20260720-9691-0366,RENTAL_ACCRUAL,5,178,2026-07-20T23:15:00+08:00
36879033-6bf3-4192-8a73-fdb2a8cc9fb7,M-1417,SESS-20260720-2491-0367,RENTAL_REDEMPTION,-100,191,2026-07-20T19:30:00+08:00
fcc5ab89-4495-440f-80c9-b96baeec6b77,M-1417,SESS-20260720-2491-0367,RENTAL_ACCRUAL,11,202,2026-07-20T21:30:00+08:00
a3b502ba-4b76-43ad-9225-874e80ddf662,M-1453,SESS-20260720-6495-0368,RENTAL_ACCRUAL,11,88,2026-07-20T18:30:00+08:00
a99fb66a-f344-4318-9d05-5c2b1853b799,M-1238,SESS-20260720-1636-0369,RENTAL_ACCRUAL,11,222,2026-07-21T01:40:00+08:00
7e2ba711-fa8c-4dde-aa90-0bb35d64f0dd,M-1340,SESS-20260720-5187-0370,RENTAL_ACCRUAL,11,452,2026-07-20T16:15:00+08:00
f0ce9e96-cd33-42ce-b656-d0faa7fc7607,M-1882,SESS-20260720-2885-0371,RENTAL_REDEMPTION,-200,49,2026-07-20T21:10:00+08:00
7beb58ba-3653-4ead-97dd-1ebb38dd876c,M-1882,SESS-20260720-2885-0371,RENTAL_ACCRUAL,15,64,2026-07-21T02:10:00+08:00
65999e1a-bc0d-401b-9cf8-5d1cd562da8f,M-2113,SESS-20260720-9180-0372,RENTAL_REDEMPTION,-100,82,2026-07-20T23:05:00+08:00
16413653-35df-4814-a17a-2862c32ee9ed,M-2113,SESS-20260720-9180-0372,RENTAL_ACCRUAL,19,101,2026-07-21T02:05:00+08:00
0da4b7b6-fe4f-475b-a453-c1dc9dc8581b,M-1820,SESS-20260720-3605-0373,RENTAL_ACCRUAL,11,303,2026-07-21T01:10:00+08:00
397d1d48-dd7b-424a-930f-602fc5bf6697,M-1037,SESS-20260720-4944-0374,RENTAL_ACCRUAL,11,286,2026-07-20T23:30:00+08:00
e9cf3016-6631-40d0-9128-c71fbf7be4ac,M-1167,SESS-20260720-9647-0375,RENTAL_REDEMPTION,-200,389,2026-07-20T22:00:00+08:00
0271d1f9-117f-4fe2-a0a7-05080f61bb50,M-1167,SESS-20260720-9647-0375,RENTAL_ACCRUAL,4,393,2026-07-21T00:00:00+08:00
c4ecffec-ee7a-4435-96f6-b6286748ab8f,M-1745,SESS-20260720-1860-0376,RENTAL_REDEMPTION,-100,447,2026-07-20T14:15:00+08:00
a713d254-66f4-4d68-b464-226c1f925922,M-1745,SESS-20260720-1860-0376,RENTAL_ACCRUAL,11,458,2026-07-20T16:15:00+08:00
0aa90ec5-de55-41ab-b50f-f8f8ba092cf8,M-1126,SESS-20260720-1609-0377,RENTAL_ACCRUAL,18,139,2026-07-20T20:00:00+08:00
198b1ce2-6d1e-46b8-9e97-cbddbc5e88bb,M-1806,SESS-20260720-8079-0378,RENTAL_ACCRUAL,12,55,2026-07-20T21:20:00+08:00
d2fbd7b0-d362-4e33-a542-e802da8c176b,M-1234,SESS-20260720-1330-0379,RENTAL_ACCRUAL,16,114,2026-07-20T20:30:00+08:00
7b74d755-90b7-4509-947c-b7b9779eac25,M-1667,SESS-20260720-1342-0380,RENTAL_ACCRUAL,27,512,2026-07-21T00:30:00+08:00
4bdf412f-e2c0-4716-9bb7-711cb7f3b300,M-1153,SESS-20260720-3965-0381,RENTAL_ACCRUAL,5,128,2026-07-20T03:35:00+08:00
cf5868ef-3a1e-4412-b14b-c2115fb04f0d,M-1098,SESS-20260720-2197-0382,RENTAL_REDEMPTION,-100,764,2026-07-20T20:25:00+08:00
fba33c4b-9f81-4ffe-b19f-379103ed4b6e,M-1098,SESS-20260720-2197-0382,RENTAL_ACCRUAL,11,775,2026-07-20T22:25:00+08:00
43bcd5b3-e035-46a5-82ff-58229c7964b3,M-1534,SESS-20260720-6859-0383,RENTAL_ACCRUAL,9,93,2026-07-20T22:25:00+08:00
1aea89d4-e58d-4178-992c-2859e76c0f57,M-1628,SESS-20260720-8314-0384,RENTAL_REDEMPTION,-100,94,2026-07-20T22:40:00+08:00
79879b7a-df15-476c-8df1-276a4a1b054f,M-1628,SESS-20260720-8314-0384,RENTAL_ACCRUAL,3,97,2026-07-20T23:40:00+08:00
f760209a-ed19-4110-a346-01373847a015,M-1832,SESS-20260720-2053-0385,RENTAL_REDEMPTION,-100,114,2026-07-20T23:55:00+08:00
e3810fba-8c91-48e5-b495-c72f438e9ae2,M-1832,SESS-20260720-2053-0385,RENTAL_ACCRUAL,10,124,2026-07-21T02:55:00+08:00
7bf47bd6-5f9a-4766-9ac5-357d1f9d565c,M-1593,SESS-20260720-5469-0386,RENTAL_ACCRUAL,16,109,2026-07-21T01:00:00+08:00
d2b5cb03-16b9-48a7-aa73-e0ce365389c9,M-1351,SESS-20260720-1693-0387,RENTAL_ACCRUAL,16,284,2026-07-20T21:15:00+08:00
2336df0a-e42e-44f2-9e20-16215e72837b,M-1634,SESS-20260720-6401-0388,RENTAL_REDEMPTION,-100,176,2026-07-20T22:35:00+08:00
f67334d3-595a-4c48-beb6-9e69b9286b54,M-1634,SESS-20260720-6401-0388,RENTAL_ACCRUAL,20,196,2026-07-21T01:35:00+08:00
5ffd7390-71f3-4667-a18c-9c1e47b9c0a2,M-2044,SESS-20260720-1239-0389,RENTAL_ACCRUAL,5,104,2026-07-20T19:45:00+08:00
afd59e27-b9b9-4df3-ab59-4cd1c01507a8,M-2100,SESS-20260720-8693-0390,RENTAL_ACCRUAL,15,274,2026-07-20T22:50:00+08:00
d1bbe933-6ea4-47df-aea5-1f994d5d33c5,M-2000,SESS-20260720-5415-0391,RENTAL_ACCRUAL,15,130,2026-07-20T14:00:00+08:00
009890d8-1865-4505-95b1-6f46f22fd437,M-1068,SESS-20260720-4044-0392,RENTAL_ACCRUAL,12,295,2026-07-21T00:00:00+08:00
ca775a0a-7605-4cfe-887f-726080619378,M-1044,SESS-20260720-3282-0393,RENTAL_ACCRUAL,9,65,2026-07-20T22:35:00+08:00
52afab31-014e-4ea2-85c3-4d5e45b25995,M-2079,SESS-20260720-1013-0394,RENTAL_ACCRUAL,27,184,2026-07-21T00:35:00+08:00
faa8e974-db71-4e82-a84d-d09df56edc34,M-1206,SESS-20260720-4481-0395,RENTAL_REDEMPTION,-300,46,2026-07-20T18:30:00+08:00
07e27557-dc56-4028-840d-4223a4a9db3e,M-1206,SESS-20260720-4481-0395,RENTAL_ACCRUAL,9,55,2026-07-20T23:30:00+08:00
188cc1f2-370d-4495-8cda-ed36ba4e979b,M-1365,SESS-20260720-1735-0396,RENTAL_ACCRUAL,27,90,2026-07-21T02:50:00+08:00
acb22754-f42d-4ace-8879-7bff066e00c1,M-1419,SESS-20260720-4597-0397,RENTAL_REDEMPTION,-100,287,2026-07-20T18:00:00+08:00
4376686a-3307-438a-ac8f-190cab6f1aef,M-1419,SESS-20260720-4597-0397,RENTAL_ACCRUAL,2,289,2026-07-20T19:00:00+08:00
cb8afd80-ab04-4fa5-bbae-b921c2e275db,M-1340,SESS-20260720-5121-0398,RENTAL_ACCRUAL,11,463,2026-07-20T20:30:00+08:00
5a7b6ff9-470b-4fee-8b64-ffe3185133e4,M-1377,SESS-20260720-9349-0399,RENTAL_ACCRUAL,18,492,2026-07-20T21:00:00+08:00
1ff349d4-bc39-4cd7-a42f-45d348c64156,M-1300,SESS-20260720-9246-0400,RENTAL_ACCRUAL,30,350,2026-07-20T23:45:00+08:00
2c1adb42-af4f-4879-921a-5c6a0f81f287,M-1743,SESS-20260720-9659-0401,RENTAL_ACCRUAL,5,249,2026-07-21T00:05:00+08:00
a500a3af-9a3f-4c8e-9ae7-e00d13713212,M-1236,SESS-20260720-8034-0402,RENTAL_ACCRUAL,27,427,2026-07-20T23:25:00+08:00
d3e0c286-3ccf-4e40-9b53-d9d48555c4ee,M-1225,SESS-20260720-3810-0403,RENTAL_ACCRUAL,11,37,2026-07-21T01:35:00+08:00
fee419a4-05da-448b-827a-48ce5dfd223d,M-1317,SESS-20260720-7907-0404,RENTAL_ACCRUAL,15,100,2026-07-21T01:40:00+08:00
3af81207-8798-4884-8f53-1e9320a3e439,M-1651,SESS-20260720-2956-0405,RENTAL_ACCRUAL,36,318,2026-07-20T23:15:00+08:00
a5e87f13-1937-46a1-bf86-2a80030bce27,M-1651,TIER_UPGRADE_Standard_TO_Silver,TIER_BONUS,50,368,2026-07-20T23:15:00+08:00
4906fbdd-90c6-4cef-97a2-51b77d8d7f60,M-1387,SESS-20260720-9905-0406,RENTAL_ACCRUAL,5,173,2026-07-21T00:50:00+08:00
d746e17e-ae41-48df-a38b-79665816f15d,M-1592,SESS-20260720-6695-0407,RENTAL_ACCRUAL,11,212,2026-07-20T16:45:00+08:00
498a6543-e538-498c-b3ff-243e1e3dfd05,M-1176,SESS-20260720-1253-0408,RENTAL_REDEMPTION,-200,4,2026-07-20T23:30:00+08:00
7351e42f-77b3-4e16-87f8-6ad2661757ee,M-1176,SESS-20260720-1253-0408,RENTAL_ACCRUAL,55,59,2026-07-21T04:30:00+08:00
5c761440-2799-4530-8c26-5a9eb9e026b8,M-1053,SESS-20260720-7229-0409,RENTAL_ACCRUAL,24,174,2026-07-20T23:10:00+08:00
ce175d17-676a-4b27-8d0d-f33813f11282,M-1053,TIER_UPGRADE_Standard_TO_Silver,TIER_BONUS,50,224,2026-07-20T23:10:00+08:00
938227f9-c740-442c-9bce-6bd8d33861b9,M-1730,SESS-20260720-5771-0410,RENTAL_ACCRUAL,16,43,2026-07-21T00:00:00+08:00
5978d2d1-e077-4f03-b1ce-fc339b4e17c5,M-1265,SESS-20260720-2797-0411,RENTAL_ACCRUAL,11,209,2026-07-20T23:45:00+08:00
103b271c-d7f7-4b80-9b82-d14057554bcd,M-1131,SESS-20260720-5261-0412,RENTAL_ACCRUAL,11,154,2026-07-20T05:40:00+08:00
9e864e79-28a4-4bb8-a012-2d4b4ffed538,M-2195,SESS-20260720-3751-0413,RENTAL_ACCRUAL,16,33,2026-07-21T01:50:00+08:00
e56c20db-c6af-489a-b7fa-06addfcea145,M-1505,SESS-20260720-4261-0414,RENTAL_ACCRUAL,18,55,2026-07-21T01:15:00+08:00
300f8cb1-472a-4b73-a2ba-2fe24cba960f,M-1701,SESS-20260720-2696-0415,RENTAL_ACCRUAL,40,313,2026-07-21T02:30:00+08:00
f236256a-9250-4f6f-a250-569fa5b01416,M-1130,SESS-20260720-2490-0416,RENTAL_REDEMPTION,-100,90,2026-07-20T23:55:00+08:00
2dcf1117-7074-46d9-ad62-47820d9254aa,M-1130,SESS-20260720-2490-0416,RENTAL_ACCRUAL,5,95,2026-07-21T01:55:00+08:00
5b06d3ce-601e-40fd-89af-a2d5759a1a1e,M-1595,SESS-20260720-1300-0417,RENTAL_ACCRUAL,27,363,2026-07-20T20:30:00+08:00
04187a8c-3018-47d2-8af7-f72500afcfb4,M-1838,SESS-20260720-1709-0418,RENTAL_ACCRUAL,11,475,2026-07-20T23:00:00+08:00
e7f0ee06-c4c3-4b50-bb09-efb0165b13ed,M-1226,SESS-20260720-5909-0419,RENTAL_ACCRUAL,19,1094,2026-07-20T23:25:00+08:00
3d7c020c-1382-4e68-a70d-13cb7c8e93ea,M-1190,SESS-20260720-9771-0420,RENTAL_REDEMPTION,-100,91,2026-07-20T14:40:00+08:00
42847a37-aeae-439b-87aa-b80acaf2d8ba,M-1190,SESS-20260720-9771-0420,RENTAL_ACCRUAL,38,129,2026-07-20T19:40:00+08:00
d71f310a-acf9-45d0-ab6f-86495db76929,M-2152,SESS-20260720-4603-0421,RENTAL_ACCRUAL,5,23,2026-07-20T22:00:00+08:00
f15222a1-a306-4fe4-9bd8-967fb853d273,M-1566,SESS-20260720-7956-0422,RENTAL_REDEMPTION,-100,192,2026-07-20T22:45:00+08:00
88f72bec-9391-4f7a-b98c-697db569df32,M-1566,SESS-20260720-7956-0422,RENTAL_ACCRUAL,2,194,2026-07-20T23:45:00+08:00
eed8c77c-2aa4-4a61-acee-bc5dc574f8a0,M-1555,SESS-20260720-6211-0423,RENTAL_ACCRUAL,27,224,2026-07-20T23:15:00+08:00
47da19c7-d238-410e-92c0-316d07ac4fe3,M-1008,SESS-20260720-9874-0424,RENTAL_ACCRUAL,28,225,2026-07-21T00:00:00+08:00
d151162f-1144-44db-afc6-2c9faa5b0aa9,M-1196,SESS-20260720-3968-0425,RENTAL_ACCRUAL,18,165,2026-07-21T01:20:00+08:00
a2675da9-2b85-4ed5-acc9-7960be2d4527,M-1340,SESS-20260720-4468-0426,RENTAL_ACCRUAL,5,468,2026-07-20T21:40:00+08:00
b4bf87fa-b018-49a7-af52-8d80fd1e3068,M-1770,SESS-20260720-2936-0427,RENTAL_REDEMPTION,-100,304,2026-07-20T23:30:00+08:00
6d5e757d-cdf8-41cb-a11b-23aca8cf2d6c,M-1770,SESS-20260720-2936-0427,RENTAL_ACCRUAL,2,306,2026-07-21T00:30:00+08:00
8a40cb0b-442c-4f65-b4b4-bd0cc7068d5e,M-1011,SESS-20260720-8167-0428,RENTAL_ACCRUAL,11,879,2026-07-21T01:20:00+08:00
f6466886-53ed-44ef-8fc2-8621d222b120,M-1120,SESS-20260720-2518-0429,RENTAL_ACCRUAL,16,537,2026-07-21T00:45:00+08:00
dd0b66ba-7470-43bc-9e28-2b87fd5bd224,M-1139,SESS-20260720-1081-0430,RENTAL_ACCRUAL,11,363,2026-07-21T01:35:00+08:00
bde21da2-2270-43f9-8414-b905108b730c,M-1025,SESS-20260720-9675-0431,RENTAL_REDEMPTION,-100,31,2026-07-20T20:45:00+08:00
a865bdd9-6866-44ef-947b-77af66f757e1,M-1025,SESS-20260720-9675-0431,RENTAL_ACCRUAL,21,52,2026-07-21T01:45:00+08:00
044664ae-57b9-4fc7-ae46-3bff9fcce396,M-1345,SESS-20260720-8886-0432,RENTAL_ACCRUAL,16,118,2026-07-21T02:10:00+08:00
5d88039b-154e-465e-b7b9-bab2df9788cc,M-1724,SESS-20260720-1619-0433,RENTAL_ACCRUAL,5,239,2026-07-20T19:45:00+08:00
40c2a65e-1032-4dbc-8081-1136f0498b94,M-1708,SESS-20260720-5784-0434,RENTAL_ACCRUAL,28,567,2026-07-21T02:30:00+08:00
be3413d4-1300-4101-bf42-138c69a31f2a,M-1545,SESS-20260720-4341-0435,RENTAL_ACCRUAL,45,283,2026-07-21T00:55:00+08:00
055560d3-14a0-45d3-a32e-1ad3a117e8d3,M-1164,SESS-20260720-5080-0436,RENTAL_ACCRUAL,28,50,2026-07-20T23:00:00+08:00
67b8b3a3-3c2f-4ccd-9d01-6afc93da4f89,M-1592,SESS-20260720-9681-0437,RENTAL_ACCRUAL,18,230,2026-07-21T01:30:00+08:00
c64484f5-43b9-452d-ac68-371ebe9214ee,M-1398,SESS-20260720-7137-0438,RENTAL_REDEMPTION,-300,1360,2026-07-20T22:15:00+08:00
44eb6260-2970-42f2-9f60-2c5a81c9c434,M-1398,SESS-20260720-7137-0438,RENTAL_ACCRUAL,7,1367,2026-07-21T03:15:00+08:00
d15e3482-0c00-4ef3-921f-fb3a70ef4b9b,M-1521,SESS-20260720-4243-0439,RENTAL_ACCRUAL,12,364,2026-07-21T00:45:00+08:00
938a5092-9923-4904-9642-bcb85d7e1438,M-1547,SESS-20260720-1687-0440,RENTAL_ACCRUAL,28,319,2026-07-21T04:15:00+08:00
a2f818bc-291b-442a-b5cb-e1ddfcb4c053,M-1575,SESS-20260720-8867-0441,RENTAL_ACCRUAL,27,391,2026-07-21T02:55:00+08:00
a8395979-d2f3-49d1-8e12-dac76aec8154,M-1239,SESS-20260720-6849-0442,RENTAL_ACCRUAL,9,190,2026-07-20T17:25:00+08:00
141c8148-e422-41a6-b4cf-d163378dde38,M-2068,SESS-20260720-5802-0443,RENTAL_ACCRUAL,5,25,2026-07-20T22:45:00+08:00
19b7a5c2-8653-42ac-bc9e-f768c570b357,M-1383,SESS-20260720-3534-0444,RENTAL_ACCRUAL,18,113,2026-07-20T23:15:00+08:00
1fb5880c-e459-497a-b1c4-51c0d8a1e9bf,M-1180,SESS-20260720-5976-0445,RENTAL_ACCRUAL,12,815,2026-07-21T01:00:00+08:00
75e9d666-e13b-4c53-b7f6-b7bd78c62c8f,M-2085,SESS-20260720-8874-0446,RENTAL_ACCRUAL,36,68,2026-07-21T00:15:00+08:00
34a241e6-c6f5-4fc5-a05b-d52998d90a0d,M-1197,SESS-20260720-6185-0447,RENTAL_ACCRUAL,16,102,2026-07-21T01:30:00+08:00
9b55a8f0-6015-497b-9712-f125e4a29636,M-1409,SESS-20260720-6188-0448,RENTAL_ACCRUAL,9,311,2026-07-20T23:45:00+08:00
460757da-b2bd-4f14-ba6e-e2ff57f55d60,M-1415,SESS-20260720-4012-0449,RENTAL_ACCRUAL,6,1209,2026-07-21T00:55:00+08:00
a44abfbe-82ed-4c0a-aa5c-4352aa3be3b1,M-1792,SESS-20260720-9387-0450,RENTAL_ACCRUAL,30,2182,2026-07-21T03:30:00+08:00
15222350-ce81-48ea-9fd9-fde54ef9f2f4,M-1276,SESS-20260720-3574-0451,RENTAL_ACCRUAL,18,613,2026-07-21T01:55:00+08:00
e95ef83e-7db3-414d-aa91-e8446cdcaca4,M-1669,ORD-20260720-2751-0001,CONCESSION_ACCRUAL,11,185,2026-07-20T17:26:25+08:00
166b1bd8-f1b4-4729-b28b-245b311f3fe2,M-1134,ORD-20260720-6784-0002,CONCESSION_ACCRUAL,19,330,2026-07-20T23:22:08+08:00
4f877524-c603-44c4-8a07-340058c3438f,M-1449,ORD-20260720-6906-0003,CONCESSION_ACCRUAL,6,142,2026-07-20T15:51:13+08:00
093087e3-e8d6-41ac-adbf-6be11aa8cd02,M-1802,ORD-20260720-9171-0004,CONCESSION_ACCRUAL,3,157,2026-07-20T21:41:43+08:00
07c02112-7056-4944-ba70-9ea8cc0c8c27,M-1114,ORD-20260720-1190-0005,CONCESSION_ACCRUAL,24,337,2026-07-20T23:09:18+08:00
e58d0b92-302b-4be3-9a0c-498e2009f665,M-1592,ORD-20260720-6590-0006,CONCESSION_ACCRUAL,18,248,2026-07-20T16:36:10+08:00
e60f4512-43c0-419b-bee8-4b055ba3d427,M-1239,ORD-20260720-4713-0007,CONCESSION_ACCRUAL,40,230,2026-07-20T17:02:01+08:00
e63e151a-8182-453e-b58f-efeb128fb8e2,M-1557,ORD-20260720-4882-0008,CONCESSION_ACCRUAL,13,121,2026-07-20T22:35:23+08:00
6d7bdbbc-f1a3-45f6-b0b2-0c0a420937d9,M-1838,ORD-20260720-4290-0009,CONCESSION_ACCRUAL,9,484,2026-07-20T21:20:44+08:00
3919b1c2-afe5-4a26-b7d7-ea72c24dfe0f,M-1830,ORD-20260721-6338-0010,CONCESSION_ACCRUAL,18,419,2026-07-21T01:17:37+08:00
cad7dab6-aa77-498c-921e-e290c35248fe,M-1301,ORD-20260721-6480-0011,CONCESSION_ACCRUAL,11,100,2026-07-21T00:09:07+08:00
9120563a-1a0f-45c9-b133-ab26ee777a70,M-1729,ORD-20260720-6865-0012,CONCESSION_ACCRUAL,8,289,2026-07-20T19:29:10+08:00
9c1df7e8-a939-4182-8f4c-7967fb8dc00c,M-1053,ORD-20260720-4064-0013,CONCESSION_ACCRUAL,8,232,2026-07-20T17:56:49+08:00
87fb3e8c-ed72-422e-8c6a-03fb1a6c221f,M-2110,ORD-20260720-5144-0014,CONCESSION_ACCRUAL,11,338,2026-07-20T22:10:19+08:00
ed2259d0-4f59-4c28-b68c-5d2dc682a8fc,M-1585,ORD-20260721-7508-0015,CONCESSION_ACCRUAL,3,660,2026-07-21T01:50:51+08:00
5a692db9-4c23-4fa7-bec6-c40da6122688,M-1238,ORD-20260721-7127-0016,CONCESSION_ACCRUAL,16,238,2026-07-21T00:35:18+08:00
13cd539a-fd9d-46bf-943b-acd50f5258ad,M-1701,ORD-20260721-8648-0017,CONCESSION_ACCRUAL,16,329,2026-07-21T00:40:52+08:00
3abccc87-40e3-4701-86db-0332a3f3ea70,M-1281,ORD-20260720-8709-0018,CONCESSION_ACCRUAL,30,802,2026-07-20T08:45:37+08:00
54c82124-f0d2-4de6-8e37-88f904fb8b00,M-1325,ORD-20260721-6039-0019,CONCESSION_ACCRUAL,3,68,2026-07-21T01:03:29+08:00
bd1be1cf-7ed7-44cb-b75f-198fd480d2a3,M-1379,ORD-20260720-4768-0020,CONCESSION_ACCRUAL,15,248,2026-07-20T22:27:21+08:00
47e814ac-31dc-4d55-ad83-50157336c0f5,M-1091,ORD-20260720-5033-0021,CONCESSION_ACCRUAL,7,113,2026-07-20T12:08:37+08:00
8d297fab-e10a-4c0a-be19-7eaca23d9f69,M-1442,ORD-20260720-1027-0022,CONCESSION_ACCRUAL,25,329,2026-07-20T22:51:38+08:00
639c2932-3d5a-40fe-bd25-cd9d887c23cc,M-1183,ORD-20260720-6542-0023,CONCESSION_ACCRUAL,16,38,2026-07-20T19:33:04+08:00
5426a0b6-116c-48c9-8220-1dd8a631c19b,M-1576,ORD-20260720-6078-0024,CONCESSION_ACCRUAL,9,1242,2026-07-20T23:12:06+08:00
c12e1772-64dc-4c27-9147-33336c3c0589,M-1049,ORD-20260720-9189-0025,CONCESSION_ACCRUAL,11,372,2026-07-20T22:46:39+08:00
2fdb7744-f01b-4284-8662-340821aaa0bf,M-1700,ORD-20260721-3159-0026,CONCESSION_ACCRUAL,47,277,2026-07-21T02:01:49+08:00
feb6a23c-9082-4c52-8b7c-d51742cf5927,M-1278,ORD-20260721-2306-0027,CONCESSION_ACCRUAL,15,225,2026-07-21T02:11:35+08:00
fcb36526-d5c2-4dc0-bffc-634d90401c37,M-1708,ORD-20260721-2137-0028,CONCESSION_ACCRUAL,3,570,2026-07-21T00:01:03+08:00
36f50e5c-1a7f-4567-95c1-084ea3f55e88,M-1197,ORD-20260720-9406-0029,CONCESSION_ACCRUAL,6,108,2026-07-20T14:43:34+08:00
d4ff6d6e-6e88-42ff-a463-5a388e335e10,M-2159,ORD-20260720-6997-0030,CONCESSION_ACCRUAL,10,390,2026-07-20T13:47:43+08:00
412b6e3d-7c9f-40d8-9e2b-35e3c93dcc8b,M-1126,ORD-20260720-5387-0031,CONCESSION_ACCRUAL,11,150,2026-07-20T18:15:28+08:00
62d5c20c-ac47-47b8-baa0-982a195a1fd0,M-1685,ORD-20260720-2292-0032,CONCESSION_ACCRUAL,8,226,2026-07-20T21:25:11+08:00
48ea4232-dbc1-454b-b7f5-ae6ac6840b11,M-1465,ORD-20260720-9653-0033,CONCESSION_ACCRUAL,27,784,2026-07-20T21:09:57+08:00
f3ae0b72-0f85-412d-b2a8-7ab673ce1bca,M-1984,ORD-20260720-4187-0034,CONCESSION_ACCRUAL,19,51,2026-07-20T21:09:56+08:00
084b9f13-3ec9-41ea-8132-87be07612f1d,M-2195,ORD-20260720-1047-0035,CONCESSION_ACCRUAL,12,45,2026-07-20T20:52:55+08:00
ccbee58e-a53c-4115-8833-83c9d1b63b09,M-1757,ORD-20260721-2967-0036,CONCESSION_ACCRUAL,26,164,2026-07-21T00:11:38+08:00
da457f7b-c65d-4d6b-8b1d-e467d69435e4,M-1444,ORD-20260720-8309-0037,CONCESSION_ACCRUAL,19,3359,2026-07-20T23:41:36+08:00
0d56943a-c47b-4120-a1f2-51ee9265383a,M-1833,ORD-20260720-5558-0038,CONCESSION_ACCRUAL,46,171,2026-07-20T21:18:21+08:00
476cd59e-f992-4bb3-9187-f5c555aee946,M-1388,ORD-20260721-1451-0039,CONCESSION_ACCRUAL,8,206,2026-07-21T00:47:29+08:00
5bd1f902-b740-4941-bb9d-751a92b8debd,M-1505,ORD-20260720-2363-0040,CONCESSION_ACCRUAL,58,113,2026-07-20T21:54:42+08:00
2b6e8592-7ca4-4597-8883-6020db990f89,M-1740,ORD-20260720-3497-0041,CONCESSION_ACCRUAL,48,2151,2026-07-20T15:20:55+08:00
581eaffe-f7d9-43ef-9ea3-2a629d10f10a,M-1820,ORD-20260720-4241-0042,CONCESSION_ACCRUAL,15,318,2026-07-20T23:40:04+08:00
784e1feb-9184-4e4f-bd4b-8109c554d8c1,M-1164,ORD-20260720-6941-0043,CONCESSION_ACCRUAL,3,53,2026-07-20T19:39:12+08:00
49fc743e-0f3f-416b-9959-a76acb6a5e6d,M-2044,ORD-20260720-3503-0044,CONCESSION_ACCRUAL,9,113,2026-07-20T18:53:30+08:00
94962dd9-a841-48e5-88cd-d6ac6863d5f7,M-2195,ORD-20260720-3832-0045,CONCESSION_ACCRUAL,22,67,2026-07-20T23:50:31+08:00
3d2c7784-db75-48ef-8b78-36495f08d745,M-1851,ORD-20260720-2367-0046,CONCESSION_ACCRUAL,8,147,2026-07-20T23:56:57+08:00
0ded40dc-a48e-4d11-8dcb-b239ede3acf5,M-1395,ORD-20260721-4960-0047,CONCESSION_ACCRUAL,10,323,2026-07-21T00:34:16+08:00
763151ad-e254-4b9f-ab5f-d45537000529,M-1360,ORD-20260721-1788-0048,CONCESSION_ACCRUAL,18,208,2026-07-21T00:39:49+08:00
f29b76c9-b157-468e-86f5-273dd7aba9b3,M-1054,ORD-20260720-8844-0049,CONCESSION_ACCRUAL,24,400,2026-07-20T22:50:03+08:00
17a7f2ab-acdd-4e4a-9d50-111143d80105,M-1112,ORD-20260720-1750-0050,CONCESSION_ACCRUAL,29,1344,2026-07-20T18:36:17+08:00
73786483-4090-4d4c-af3d-19eaff255921,M-1795,ORD-20260721-3455-0051,CONCESSION_ACCRUAL,24,226,2026-07-21T01:13:09+08:00
f98e0353-057f-4cf7-ab14-63d83c7d037a,M-1158,ORD-20260720-7410-0052,CONCESSION_ACCRUAL,6,316,2026-07-20T23:51:22+08:00
2156a390-0658-4f17-bbad-06a1ef3e645d,M-1242,ORD-20260720-2960-0053,CONCESSION_ACCRUAL,15,222,2026-07-20T20:37:11+08:00
4c6a5cb2-69da-477e-9399-efb49ecc22ea,M-1192,ORD-20260720-7040-0054,CONCESSION_ACCRUAL,38,175,2026-07-20T16:03:26+08:00
f2fc0bad-9dbc-4241-9b15-fc1c408a4bdc,M-1398,ORD-20260720-9959-0055,CONCESSION_ACCRUAL,36,1403,2026-07-20T23:45:53+08:00
4451caad-b0f8-41a5-80bd-eae1094b8bad,M-1503,ORD-20260720-7583-0056,CONCESSION_ACCRUAL,8,481,2026-07-20T23:41:21+08:00
5229d883-5993-4414-a483-3fbf55085031,M-2033,ORD-20260720-6378-0057,CONCESSION_ACCRUAL,6,82,2026-07-20T21:01:54+08:00
daba0cb8-06e7-4e46-9ac9-6e265d1f05cb,M-1340,ORD-20260720-4799-0058,CONCESSION_ACCRUAL,16,484,2026-07-20T19:39:46+08:00
0ebaf5ff-97b9-44cd-8d0a-71cb2f6b87ca,M-1816,ORD-20260720-8716-0059,CONCESSION_ACCRUAL,8,271,2026-07-20T15:39:49+08:00
34a9ef7b-d8ee-465f-aacc-1c34008f6a05,M-1721,ORD-20260720-5337-0060,CONCESSION_ACCRUAL,15,152,2026-07-20T21:46:49+08:00
cee9968f-fa09-42df-bf23-72ccf01975eb,M-1692,ORD-20260720-1827-0061,CONCESSION_ACCRUAL,67,2254,2026-07-20T03:15:19+08:00
a191bf3f-8bac-4c1e-bece-2f95a36f8423,M-2074,ORD-20260721-2776-0062,CONCESSION_ACCRUAL,6,60,2026-07-21T00:04:41+08:00
6f3e0e5e-f323-4216-86a4-00a39e987e52,M-1156,ORD-20260720-9718-0063,CONCESSION_ACCRUAL,16,419,2026-07-20T23:31:38+08:00
88fd7ac3-d274-4258-bf6d-816f6a56e13e,M-1975,ORD-20260720-8963-0064,CONCESSION_ACCRUAL,2,136,2026-07-20T15:37:45+08:00
cdc6a31b-362b-40b7-bdbe-d3d14ea7b899,M-1770,ORD-20260721-4123-0065,CONCESSION_ACCRUAL,9,315,2026-07-21T00:16:29+08:00
a009a6b0-fd40-4ea5-b581-0dcd52a93ce2,M-1338,ORD-20260721-8667-0066,CONCESSION_ACCRUAL,7,410,2026-07-21T00:30:31+08:00
73a88463-7fef-4a5b-b6c3-b9a9ed0f001e,M-1415,ORD-20260720-2501-0067,CONCESSION_ACCRUAL,18,1227,2026-07-20T15:13:47+08:00
0e77f969-e821-4df4-b726-39089947b381,M-1542,ORD-20260720-4136-0068,CONCESSION_ACCRUAL,30,355,2026-07-20T22:44:30+08:00
1a5e15c8-3ee0-4123-b519-c9aaf4975fa2,M-1493,ORD-20260720-8073-0069,CONCESSION_ACCRUAL,8,58,2026-07-20T17:31:09+08:00
4c1e191e-4745-4f3a-803b-296b5e622912,M-1968,ORD-20260720-1579-0070,CONCESSION_ACCRUAL,9,123,2026-07-20T20:41:46+08:00
fdd80527-df8f-4296-acaa-ba16a23c9694,M-1724,ORD-20260720-2966-0071,CONCESSION_ACCRUAL,6,245,2026-07-20T19:27:33+08:00
e1518660-b458-4d73-9704-f555b4f7ad27,M-1724,TIER_UPGRADE_Standard_TO_Silver,TIER_BONUS,50,295,2026-07-20T19:27:33+08:00
318890b4-4e91-4bcc-92e1-eba2a842fc40,M-1944,ORD-20260720-4722-0072,CONCESSION_ACCRUAL,3,239,2026-07-20T20:49:09+08:00
901d8955-5b01-4371-92bb-efeb6f779105,M-1172,ORD-20260720-2585-0073,CONCESSION_ACCRUAL,33,397,2026-07-20T23:35:06+08:00
223176ca-8b22-40b4-a276-a1294d0ae1fc,M-1172,TIER_UPGRADE_Silver_TO_Gold,TIER_BONUS,100,497,2026-07-20T23:35:06+08:00
88970c3f-e240-4dce-ac6f-246e6a1bb562,M-1768,ORD-20260721-7584-0074,CONCESSION_ACCRUAL,13,299,2026-07-21T00:34:00+08:00
d3423bd2-9c06-42f6-97bd-5f1163811c53,M-1382,ORD-20260720-4650-0075,CONCESSION_ACCRUAL,8,304,2026-07-20T16:02:35+08:00
01901df5-fd58-4b8b-912b-9d20a9ba9c71,M-1730,ORD-20260720-7324-0076,CONCESSION_ACCRUAL,15,58,2026-07-20T22:53:21+08:00
5bc8b133-a023-4a9b-8dfc-0d404d1b59e9,M-1241,ORD-20260721-5137-0077,CONCESSION_ACCRUAL,21,258,2026-07-21T02:51:35+08:00
e4e98f24-e767-4e9b-bbe8-3f6647de5b53,M-1240,ORD-20260720-7383-0078,CONCESSION_ACCRUAL,38,100,2026-07-20T15:57:55+08:00
09f8be05-affa-4a0d-ab32-332d6906e916,M-1596,ORD-20260720-5601-0079,CONCESSION_ACCRUAL,17,504,2026-07-20T17:43:59+08:00
541c9899-138b-4ff6-b1a8-9092f5d924de,M-2063,ORD-20260720-3661-0080,CONCESSION_ACCRUAL,9,204,2026-07-20T22:49:19+08:00
f71ba1d7-706c-43cb-928e-989770aca500,M-1346,ORD-20260720-9486-0081,CONCESSION_ACCRUAL,18,79,2026-07-20T20:02:58+08:00
360145e7-a6cd-43f4-b2c5-0a3c99869af2,M-1439,ORD-20260720-4869-0082,CONCESSION_ACCRUAL,18,85,2026-07-20T12:15:50+08:00
bb31cb26-43b0-455f-b838-be0a6091efff,M-1503,ORD-20260720-6252-0083,CONCESSION_ACCRUAL,31,512,2026-07-20T16:46:48+08:00
1a61aa14-1c12-47d5-b9d9-2a1f0db751f1,M-1705,ORD-20260720-5147-0084,CONCESSION_ACCRUAL,16,237,2026-07-20T23:53:19+08:00
397c88c9-8132-4c91-80c0-221af93f33bb,M-1816,ORD-20260721-4410-0085,CONCESSION_ACCRUAL,30,301,2026-07-21T03:46:54+08:00
4ef3d478-66ff-4b67-b904-e089e37a728b,M-1073,ORD-20260721-1213-0086,CONCESSION_ACCRUAL,8,244,2026-07-21T02:30:04+08:00
d379bf8b-1431-4d57-b5a8-7d21ecce8815,M-1310,ORD-20260720-7521-0087,CONCESSION_ACCRUAL,26,189,2026-07-20T23:06:55+08:00
490aedcc-6c9a-4a45-9008-4748b94f4be0,M-1748,ORD-20260720-9413-0088,CONCESSION_ACCRUAL,18,509,2026-07-20T21:05:06+08:00
4fe18769-1450-4321-982b-854a335e6cce,M-1595,ORD-20260720-6611-0089,CONCESSION_ACCRUAL,11,374,2026-07-20T19:16:46+08:00
58968286-b451-49e9-960e-aeb139497765,M-2020,ORD-20260720-5435-0090,CONCESSION_ACCRUAL,8,41,2026-07-20T21:22:58+08:00
c4cfa337-0a63-45e0-aad8-1c9f5fdbf964,M-1585,ORD-20260720-4954-0091,CONCESSION_ACCRUAL,15,675,2026-07-20T11:09:41+08:00
dbe5eb46-74a0-490a-a46f-b4a420cb8517,M-1139,ORD-20260720-6539-0092,CONCESSION_ACCRUAL,11,374,2026-07-20T22:28:36+08:00
6152b0b2-91fc-404b-a846-3812176d5889,M-1295,ORD-20260720-5914-0093,CONCESSION_ACCRUAL,11,108,2026-07-20T21:26:44+08:00
bccaed05-d6e9-454c-8364-805cda76cc42,M-1695,ORD-20260720-8491-0094,CONCESSION_ACCRUAL,26,200,2026-07-20T19:14:42+08:00
b520a95c-cf75-4367-af1f-a4e2466c37b3,M-1626,ORD-20260720-4078-0095,CONCESSION_ACCRUAL,8,137,2026-07-20T15:34:40+08:00
82560a0d-4a21-41c2-9657-8650f0b74a8f,M-1427,ORD-20260720-6473-0096,CONCESSION_ACCRUAL,19,392,2026-07-20T21:57:08+08:00
aa87e0cb-ba7e-4c2a-8f59-9d67be4dc5c3,M-1321,ORD-20260721-8636-0097,CONCESSION_ACCRUAL,31,67,2026-07-21T00:42:53+08:00
0a43160f-add6-42fc-bda6-d845853d8089,M-2163,ORD-20260720-3580-0098,CONCESSION_ACCRUAL,6,227,2026-07-20T21:08:48+08:00
0f9c7b8c-1a53-441b-b252-0b5f04f45a93,M-1704,ORD-20260721-9426-0099,CONCESSION_ACCRUAL,15,161,2026-07-21T00:18:54+08:00
3732e270-2465-4089-b1ee-5bd99a0f845a,M-1261,ORD-20260720-1660-0100,CONCESSION_ACCRUAL,16,339,2026-07-20T22:37:48+08:00
c5492f16-304a-4767-b8b8-d407be607668,M-2085,ORD-20260720-4336-0101,CONCESSION_ACCRUAL,9,77,2026-07-20T21:40:28+08:00
edc57226-f1b1-498b-b327-00961d04994c,M-1660,ORD-20260720-3697-0102,CONCESSION_ACCRUAL,17,110,2026-07-20T10:32:57+08:00
f87e41b7-a433-4de7-867f-141df7930fe4,M-1348,ORD-20260720-8715-0103,CONCESSION_ACCRUAL,16,190,2026-07-20T21:09:37+08:00
f2030a7a-53c2-46c2-89e0-0ff4b4c9d47c,M-1452,ORD-20260720-8623-0104,CONCESSION_ACCRUAL,11,252,2026-07-20T23:22:56+08:00
3c384a2c-6bb8-468d-ae75-a6f158d91f73,M-1387,ORD-20260721-6324-0105,CONCESSION_ACCRUAL,15,188,2026-07-21T00:31:43+08:00
34aa73ea-f139-4e79-87dd-873e0f0746fe,M-1127,ORD-20260721-2632-0106,CONCESSION_ACCRUAL,65,328,2026-07-21T02:16:55+08:00
d0efd692-4628-405f-afe0-3d2dea30b71f,M-1780,ORD-20260720-3020-0107,CONCESSION_ACCRUAL,9,100,2026-07-20T19:56:07+08:00
2b4d304d-451b-4f6d-9fe4-fc7d8cbf5e23,M-1895,ORD-20260720-1270-0108,CONCESSION_ACCRUAL,9,209,2026-07-20T22:17:01+08:00
d6cecd38-b4d9-49b7-9267-7a80e0d987ef,M-1521,ORD-20260720-8862-0109,CONCESSION_ACCRUAL,11,375,2026-07-20T14:37:31+08:00
de1cb87f-41ae-4b21-bf68-4ceb693383f8,M-1340,ORD-20260720-9456-0110,CONCESSION_ACCRUAL,31,515,2026-07-20T15:54:53+08:00
103c7740-5cb4-435a-98d7-7be3954a1200,M-1483,ORD-20260720-6927-0111,CONCESSION_ACCRUAL,26,287,2026-07-20T20:28:42+08:00
a311e54a-a293-4535-a47e-127b096950f1,M-2152,ORD-20260720-4938-0112,CONCESSION_ACCRUAL,23,46,2026-07-20T21:10:41+08:00
439ca0a3-c579-4ce8-9fcb-52688563021d,M-1018,ORD-20260720-9298-0113,CONCESSION_ACCRUAL,3,212,2026-07-20T14:36:41+08:00
116af79f-5bd1-4dbf-be4d-d4656602b934,M-1148,ORD-20260720-4897-0114,CONCESSION_ACCRUAL,8,127,2026-07-20T18:44:08+08:00
51b18cc0-2f1a-4227-b067-d7d32a4fc7ff,M-1069,ORD-20260721-6464-0115,CONCESSION_ACCRUAL,15,398,2026-07-21T01:16:40+08:00
76d983a2-cc41-42a5-878d-be61656ea6af,M-1523,ORD-20260720-6387-0116,CONCESSION_ACCRUAL,11,92,2026-07-20T22:49:30+08:00
434c5c28-10a5-49b3-a2f8-91ce2ddb883c,M-1758,ORD-20260720-4456-0117,CONCESSION_ACCRUAL,15,233,2026-07-20T13:40:54+08:00
649e3459-0bf9-43ee-95a2-f29ac2d39594,M-1092,ORD-20260720-6069-0118,CONCESSION_ACCRUAL,8,339,2026-07-20T21:03:10+08:00
2e7efba1-963a-48ff-98c7-6d56aeb4cd3f,M-1687,ORD-20260720-5244-0119,CONCESSION_ACCRUAL,10,423,2026-07-20T22:31:07+08:00
008df6a3-7dd4-4699-bb03-8db36084e8cf,M-1571,ORD-20260720-1868-0120,CONCESSION_ACCRUAL,34,158,2026-07-20T23:43:10+08:00
468c7de8-c0fc-44df-b705-58ba3395ff6a,M-1349,ORD-20260720-4296-0121,CONCESSION_ACCRUAL,36,203,2026-07-20T20:27:13+08:00
444601a5-ffd5-4276-be5e-dc4bd6cb06e3,M-1534,ORD-20260720-6171-0122,CONCESSION_ACCRUAL,10,103,2026-07-20T22:19:21+08:00
3974724e-32f1-49fb-b4fb-9557c74e01ae,M-1162,ORD-20260721-2719-0123,CONCESSION_ACCRUAL,24,352,2026-07-21T00:43:13+08:00
8101ef76-af22-479d-a8d4-7706827365e9,M-1062,ORD-20260720-9008-0124,CONCESSION_ACCRUAL,9,238,2026-07-20T22:43:26+08:00
64615656-a77d-4648-99bb-dd4578e43d3b,M-1012,ORD-20260720-2212-0125,CONCESSION_ACCRUAL,3,208,2026-07-20T17:05:41+08:00
e9ea50c7-63d5-45ea-bdcb-d68fc2b994cc,M-1193,ORD-20260720-7922-0126,CONCESSION_ACCRUAL,11,383,2026-07-20T21:21:02+08:00
7fb80cd0-5f0e-433b-8773-4ef11c809066,M-1053,ORD-20260720-5716-0127,CONCESSION_ACCRUAL,11,243,2026-07-20T21:55:42+08:00
1cbb7e4e-3f24-4f90-b1c9-cb3473af8d87,M-1130,ORD-20260720-3893-0128,CONCESSION_ACCRUAL,14,109,2026-07-20T17:20:25+08:00
99cbacb2-1654-4aae-a1a1-190091347e15,M-1347,ORD-20260720-5504-0129,CONCESSION_ACCRUAL,7,3536,2026-07-20T23:52:42+08:00
fb3423f2-e428-4f41-97ac-cc5ca752b0d8,M-1547,ORD-20260721-3350-0130,CONCESSION_ACCRUAL,10,329,2026-07-21T00:28:37+08:00
afab7629-7cf3-4e40-af18-e9723aaba5e9,M-1064,ORD-20260720-7739-0131,CONCESSION_ACCRUAL,3,88,2026-07-20T21:46:58+08:00
388e99c6-c576-4642-8c1d-e80bf837bfaf,M-2100,ORD-20260720-6083-0132,CONCESSION_ACCRUAL,15,289,2026-07-20T21:59:24+08:00
41d4b4f6-05c0-41ec-8504-b36392a2321c,M-1776,ORD-20260720-2856-0133,CONCESSION_ACCRUAL,6,125,2026-07-20T22:16:30+08:00
b808cd6f-e81f-4316-b7f3-aada15f6c9b7,M-1624,ORD-20260720-9412-0134,CONCESSION_ACCRUAL,45,1167,2026-07-20T19:50:29+08:00
f899198a-6a09-4c19-a3dc-810a9be0a807,M-2036,ORD-20260720-4996-0135,CONCESSION_ACCRUAL,5,45,2026-07-20T11:13:28+08:00
42464437-aeed-463e-9135-23dfdf0749ff,M-1593,ORD-20260721-9076-0136,CONCESSION_ACCRUAL,3,112,2026-07-21T00:33:41+08:00
683ca7e0-8f7d-4fc8-a4f9-cdcc8b961e00,M-1268,ORD-20260721-9735-0137,CONCESSION_ACCRUAL,3,90,2026-07-21T00:47:00+08:00
f3404eb8-4865-4a2a-9eff-c3f4d0ef6ab2,M-1011,ORD-20260721-2476-0138,CONCESSION_ACCRUAL,27,906,2026-07-21T00:14:37+08:00
421b435d-9eb6-4424-95dc-d9923554f08a,M-1837,ORD-20260720-2502-0139,CONCESSION_ACCRUAL,3,140,2026-07-20T19:22:24+08:00
f24f3e68-7cbb-480d-a6fe-20ae8163a104,M-1472,ORD-20260720-7985-0140,CONCESSION_ACCRUAL,39,296,2026-07-20T17:26:30+08:00
b6d35126-0817-4266-afca-9c791f1a2751,M-1768,ORD-20260720-4062-0141,CONCESSION_ACCRUAL,13,312,2026-07-20T22:35:00+08:00
b82cecef-2925-4e8b-a491-47a078a483d5,M-1365,ORD-20260721-1063-0142,CONCESSION_ACCRUAL,8,98,2026-07-21T00:12:23+08:00
a0e0405e-0947-4595-a32d-55dda92cfe72,M-1594,ORD-20260721-8531-0143,CONCESSION_ACCRUAL,15,164,2026-07-21T01:02:01+08:00
1a5e9e3f-36e9-4548-bf1c-3c22017870f3,M-1806,ORD-20260720-6810-0144,CONCESSION_ACCRUAL,15,70,2026-07-20T20:42:14+08:00
b80cce22-2136-4b77-b69c-450ccb53fd5e,M-1792,ORD-20260721-8833-0145,CONCESSION_ACCRUAL,9,2191,2026-07-21T02:53:47+08:00
070a24a6-88f4-4351-b893-e5bdc8c05eb6,M-1743,ORD-20260720-1717-0146,CONCESSION_ACCRUAL,11,260,2026-07-20T23:07:37+08:00
2e316a79-d54b-4114-8ce5-e4eca274e3ec,M-1492,ORD-20260720-6761-0147,CONCESSION_ACCRUAL,11,274,2026-07-20T10:24:37+08:00
c5593be0-f158-4622-a5c6-5fb9039d899a,M-1562,ORD-20260720-3514-0148,CONCESSION_ACCRUAL,33,871,2026-07-20T22:34:14+08:00
24078b61-29af-4c15-a32b-8d449d751af0,M-2032,ORD-20260720-8899-0149,CONCESSION_ACCRUAL,6,217,2026-07-20T21:07:00+08:00
1b715695-26f9-4f6c-af5b-8ce91af89fed,M-1224,ORD-20260720-9158-0150,CONCESSION_ACCRUAL,11,158,2026-07-20T13:54:37+08:00
0c4b01d9-410b-4855-b51a-9904972fe91d,M-1463,ORD-20260720-9613-0151,CONCESSION_ACCRUAL,9,3670,2026-07-20T18:17:36+08:00
6de6df8c-ce7d-4377-aaae-b322f2a05144,M-2035,ORD-20260720-3610-0152,CONCESSION_ACCRUAL,20,90,2026-07-20T19:40:46+08:00
d0997b37-8ded-499f-85d8-9fbd6fe0dc16,M-1747,ORD-20260720-9894-0153,CONCESSION_ACCRUAL,27,280,2026-07-20T23:38:25+08:00
657e87ca-2ed4-4d38-a5c5-c16db4285943,M-1747,TIER_UPGRADE_Standard_TO_Silver,TIER_BONUS,50,330,2026-07-20T23:38:25+08:00
7dc5f76d-f9f3-46a6-9b20-7ccc01837d96,M-2000,ORD-20260720-2590-0154,CONCESSION_ACCRUAL,9,139,2026-07-20T12:04:38+08:00
66a6b758-3e21-4f18-80f7-0992fe97da00,M-1045,ORD-20260720-7827-0155,CONCESSION_ACCRUAL,16,85,2026-07-20T21:37:45+08:00
9ea93b4f-a956-46e5-be36-ba2d99d9e1e3,M-1328,ORD-20260720-2111-0156,CONCESSION_ACCRUAL,18,261,2026-07-20T19:14:15+08:00
060cd46c-95a5-4daf-adb1-04e986115335,M-1131,ORD-20260720-5486-0157,CONCESSION_ACCRUAL,10,164,2026-07-20T04:18:05+08:00
af507f9d-a6f7-4a9c-b981-1affb5514be2,M-1195,ORD-20260720-4453-0158,CONCESSION_ACCRUAL,15,267,2026-07-20T13:04:43+08:00
70f0a64b-93a3-4f0c-9572-884b45ace6d5,M-1265,ORD-20260720-1128-0159,CONCESSION_ACCRUAL,15,224,2026-07-20T21:53:02+08:00
d7d4ffea-5b22-418b-b2f1-55f72f7b71f4,M-1628,ORD-20260720-4933-0160,CONCESSION_ACCRUAL,42,139,2026-07-20T22:45:31+08:00
26778a8a-becb-4ef4-838e-482568a4aed4,M-1628,TIER_UPGRADE_Standard_TO_Silver,TIER_BONUS,50,189,2026-07-20T22:45:31+08:00
4bafd744-a08e-4f01-a197-c5d2385f71c4,M-1756,ORD-20260720-4042-0161,CONCESSION_ACCRUAL,48,2392,2026-07-20T19:49:50+08:00
13cee09b-ca11-4cfe-906f-745c222ddbdb,M-1037,ORD-20260720-6092-0162,CONCESSION_ACCRUAL,3,289,2026-07-20T22:37:16+08:00
1e8fbf38-4770-4b27-840b-bf1910338926,M-1180,ORD-20260721-1227-0163,CONCESSION_ACCRUAL,36,851,2026-07-21T00:18:59+08:00
b8afdcc8-4dce-42ef-9aac-950a8a2daf30,M-1998,ORD-20260721-6861-0164,CONCESSION_ACCRUAL,9,226,2026-07-21T01:36:35+08:00
d9266442-c8aa-4c0f-b4a8-8ec095007ff8,M-1878,ORD-20260721-3101-0165,CONCESSION_ACCRUAL,18,90,2026-07-21T00:26:40+08:00
20cd37b0-902f-433f-a99f-43d4ea9e85da,M-1790,ORD-20260720-7412-0166,CONCESSION_ACCRUAL,8,409,2026-07-20T17:33:26+08:00
a271d169-9dba-4a5b-b9a5-53711f3bf94c,M-1302,ORD-20260720-9101-0167,CONCESSION_ACCRUAL,6,168,2026-07-20T22:48:55+08:00
503ada35-bb7d-48cc-aacd-11ecabf35154,M-1769,ORD-20260720-4540-0168,CONCESSION_ACCRUAL,8,102,2026-07-20T19:09:21+08:00
047a90f7-49fc-4356-ab8b-0f36c0870f00,M-1317,ORD-20260720-1515-0169,CONCESSION_ACCRUAL,12,112,2026-07-20T22:47:50+08:00
7b00f844-6702-4579-8da6-b41a3f9e8ad8,M-1548,ORD-20260720-5168-0170,CONCESSION_ACCRUAL,67,447,2026-07-20T18:55:05+08:00
3203e155-a9b3-42f2-b4c4-3c34719eaa07,M-1123,ORD-20260721-5607-0171,CONCESSION_ACCRUAL,10,352,2026-07-21T01:25:38+08:00
155849b2-907a-412f-bef9-7162222029ce,M-1759,ORD-20260720-3844-0172,CONCESSION_ACCRUAL,11,85,2026-07-20T02:05:38+08:00
dcd05416-9ea1-4e1e-8989-7c7d127cd35b,M-1897,ORD-20260720-9383-0173,CONCESSION_ACCRUAL,7,196,2026-07-20T21:58:11+08:00
04951196-f947-46b0-aac5-8ad591ee60e1,M-1306,ORD-20260721-8850-0174,CONCESSION_ACCRUAL,26,313,2026-07-21T00:10:22+08:00
7c31308c-8f0e-4b90-a71f-dd729edcfe10,M-1476,ORD-20260720-4525-0175,CONCESSION_ACCRUAL,67,385,2026-07-20T22:56:12+08:00
a191f114-9171-46f7-bbc0-415952da34d8,M-1621,ORD-20260720-7187-0176,CONCESSION_ACCRUAL,8,297,2026-07-20T22:48:25+08:00
11a367ea-2ae6-4dc2-b656-a2fdb39b4169,M-1084,ORD-20260720-7031-0177,CONCESSION_ACCRUAL,3,74,2026-07-20T23:13:02+08:00
59d498ff-2baa-446b-a518-b3a344704dbd,M-1267,ORD-20260721-4225-0178,CONCESSION_ACCRUAL,26,222,2026-07-21T01:35:07+08:00
d0b89cb6-21de-434a-bfd3-c5e56eefefa7,M-1826,ORD-20260720-3074-0179,CONCESSION_ACCRUAL,30,161,2026-07-20T12:50:25+08:00
d5716fb9-4c3a-4c1b-9047-677f09191235,M-1139,ORD-20260721-2348-0180,CONCESSION_ACCRUAL,26,400,2026-07-21T00:31:14+08:00
4b0305a5-561b-4c32-8869-06b589359043,M-2141,ORD-20260721-3918-0181,CONCESSION_ACCRUAL,6,93,2026-07-21T00:29:11+08:00
39feda1d-21fa-4c83-a54c-c6521726888a,M-1396,ORD-20260720-7545-0182,CONCESSION_ACCRUAL,11,185,2026-07-20T22:25:39+08:00
e47797d2-56da-4c1d-9471-42476da855a4,M-1640,ORD-20260720-2138-0183,CONCESSION_ACCRUAL,21,545,2026-07-20T16:07:24+08:00
da868307-9c40-4373-8d3c-30937ef66c1a,M-1377,ORD-20260720-2873-0184,CONCESSION_ACCRUAL,11,503,2026-07-20T19:37:21+08:00
77c8040d-cca6-4637-8bef-a89a8773c57d,M-1620,ORD-20260720-6822-0185,CONCESSION_ACCRUAL,30,673,2026-07-20T23:49:45+08:00
24c4df02-4d2d-4281-a318-d44566294ad7,M-1519,ORD-20260720-8871-0186,CONCESSION_ACCRUAL,8,398,2026-07-20T13:13:59+08:00
7f9c2fc4-aba2-4f00-a8a7-f340a3155ff6,M-1063,ORD-20260720-2656-0187,CONCESSION_ACCRUAL,15,228,2026-07-20T18:33:24+08:00
faaaae49-de6b-4090-8369-b69cd60f5e94,M-1393,ORD-20260720-1474-0188,CONCESSION_ACCRUAL,10,217,2026-07-20T21:41:20+08:00
f0086f13-6dd4-4de1-ba88-7f0a7db74014,M-1646,ORD-20260720-2228-0189,CONCESSION_ACCRUAL,11,147,2026-07-20T15:00:16+08:00
6903aecd-1bfd-4c84-888d-e899a058c96b,M-1782,ORD-20260720-5906-0190,CONCESSION_ACCRUAL,4,710,2026-07-20T20:26:34+08:00
8d76e80c-ba6e-49b8-b3a3-7735ec061460,M-1488,ORD-20260720-6610-0191,CONCESSION_ACCRUAL,19,603,2026-07-20T20:03:42+08:00
14aaccbd-c53a-45a8-a84f-1e31d26e255a,M-1365,ORD-20260720-1476-0192,CONCESSION_ACCRUAL,9,107,2026-07-20T22:06:19+08:00
16c70708-d6ab-4e56-92ee-bcf1f2214b4c,M-1684,ORD-20260720-7217-0193,CONCESSION_ACCRUAL,16,298,2026-07-20T17:21:18+08:00
3e0ad770-ff59-4881-ad77-e6f76f851853,M-1577,ORD-20260720-2473-0194,CONCESSION_ACCRUAL,15,136,2026-07-20T12:03:45+08:00
29201c42-3cf5-4a69-a29b-a22bfbaab930,M-1197,ORD-20260721-4746-0195,CONCESSION_ACCRUAL,6,114,2026-07-21T00:03:31+08:00
5b4c0a9e-0361-4ea4-8d83-3ba75aa47fa3,M-1264,ORD-20260720-9298-0196,CONCESSION_ACCRUAL,37,570,2026-07-20T22:36:41+08:00
9e783184-8900-4c8b-95e9-146d29553550,M-1223,ORD-20260720-6862-0197,CONCESSION_ACCRUAL,9,121,2026-07-20T13:27:24+08:00
a296db3d-0157-471b-a4af-77d70b57c061,M-1161,ORD-20260720-8918-0198,CONCESSION_ACCRUAL,15,380,2026-07-20T16:34:03+08:00
0dcae153-1858-4b25-b3c7-bcb494e207ba,M-2085,ORD-20260720-6712-0199,CONCESSION_ACCRUAL,6,83,2026-07-20T10:33:44+08:00
51bce1d5-8083-45de-ad84-f62af16e820f,M-1481,ORD-20260721-2537-0200,CONCESSION_ACCRUAL,50,201,2026-07-21T00:08:26+08:00
48b94038-958d-4638-81ca-494bb060dd8f,M-1554,ORD-20260720-1300-0201,CONCESSION_ACCRUAL,9,1082,2026-07-20T16:23:59+08:00
2d06f30b-c9ba-4f7e-9c4a-d9887b97ca15,M-1558,ORD-20260721-9406-0202,CONCESSION_ACCRUAL,15,234,2026-07-21T03:47:07+08:00
bf95b26b-5ba8-4287-a57b-88a04b6aad6f,M-2169,ORD-20260720-2767-0203,CONCESSION_ACCRUAL,6,84,2026-07-20T21:21:18+08:00
a9553d33-1a36-4726-9fdf-c22daead55ab,M-1234,ORD-20260720-6483-0204,CONCESSION_ACCRUAL,9,123,2026-07-20T18:08:35+08:00
3c986ef8-f096-4093-b2eb-a943b8dd014b,M-1634,ORD-20260721-3055-0205,CONCESSION_ACCRUAL,16,212,2026-07-21T00:17:22+08:00
13af667b-d4d3-4daf-b138-1ea66167686d,M-1076,ORD-20260720-9692-0206,CONCESSION_ACCRUAL,18,295,2026-07-20T15:18:15+08:00
c1a0f095-2a21-4038-a748-0666e3481920,M-1140,ORD-20260720-5958-0207,CONCESSION_ACCRUAL,8,236,2026-07-20T20:30:50+08:00
6eba7642-f382-45fe-98c5-06bbabc0391d,M-1282,ORD-20260720-9445-0208,CONCESSION_ACCRUAL,14,49,2026-07-20T15:16:33+08:00
a52f7ec1-eee9-448d-8488-447f2cc60f4c,M-1226,ORD-20260720-9803-0209,CONCESSION_ACCRUAL,30,1124,2026-07-20T21:42:49+08:00
4ee2aec1-2556-4cc8-a3b8-5f0638fdd0b2,M-2014,ORD-20260721-2300-0210,CONCESSION_ACCRUAL,9,101,2026-07-21T01:17:09+08:00
d58715be-7c39-4712-9704-9d3bc19ebadc,M-1004,ORD-20260720-2152-0211,CONCESSION_ACCRUAL,15,341,2026-07-20T23:53:20+08:00
6e474b40-10bb-49a2-aedf-ea12ac1e6d8d,M-1666,ORD-20260720-8568-0212,CONCESSION_ACCRUAL,3,258,2026-07-20T19:51:59+08:00
d4a9ca30-e56b-47a6-a0ab-c0a25e96c8a8,M-1522,ORD-20260720-4147-0213,CONCESSION_ACCRUAL,22,329,2026-07-20T17:40:49+08:00
5c80e704-cbd6-41c0-a566-a3f1a7568f3b,M-1248,ORD-20260720-4219-0214,CONCESSION_ACCRUAL,9,115,2026-07-20T22:52:35+08:00
6a5a0a1d-3a80-4455-a3bb-4288a8c1ed88,M-2027,ORD-20260720-7673-0215,CONCESSION_ACCRUAL,6,190,2026-07-20T21:30:55+08:00
a326b752-a4fd-4dcf-88dc-90bc7a8d6706,M-1068,ORD-20260720-5307-0216,CONCESSION_ACCRUAL,3,298,2026-07-20T23:15:49+08:00
cdc5a84f-8827-4768-b0ac-c36a358df842,M-1068,TIER_UPGRADE_Standard_TO_Silver,TIER_BONUS,50,348,2026-07-20T23:15:49+08:00
c78bfd25-8c46-4427-aa7c-e049bc8c5161,M-1448,ORD-20260720-5494-0217,CONCESSION_ACCRUAL,16,188,2026-07-20T19:55:41+08:00
21760760-232f-4574-a84f-19ace17e8c09,M-1374,ORD-20260720-5072-0218,CONCESSION_ACCRUAL,3,200,2026-07-20T22:34:49+08:00
6dc3af01-32bd-4ed0-9850-1e53c91d6e1e,M-1828,ORD-20260721-2499-0219,CONCESSION_ACCRUAL,6,185,2026-07-21T04:55:56+08:00
3ae78a38-8d99-41c9-8261-359145f1af33,M-1529,ORD-20260721-9192-0220,CONCESSION_ACCRUAL,21,207,2026-07-21T00:19:58+08:00
1b575b79-0ca2-4f6e-b741-d43eeb1a2b31,M-1044,ORD-20260720-2282-0221,CONCESSION_ACCRUAL,11,76,2026-07-20T22:01:13+08:00
9a201ded-9f57-485e-9e1c-395e5c3fda37,M-1360,ORD-20260720-9377-0222,CONCESSION_ACCRUAL,25,233,2026-07-20T15:04:10+08:00
6e826727-e7ed-400b-8f79-9e3d70a45a1f,M-1348,ORD-20260720-4544-0223,CONCESSION_ACCRUAL,22,212,2026-07-20T08:46:28+08:00
ec2ba60f-8c3e-4b5b-b7a5-df1f3c1f2647,M-1046,ORD-20260721-3787-0224,CONCESSION_ACCRUAL,10,682,2026-07-21T00:30:20+08:00
d345106a-3d81-4804-947b-7d76e323faa3,M-1409,ORD-20260720-3256-0225,CONCESSION_ACCRUAL,15,326,2026-07-20T23:34:02+08:00
3a5b6ff7-82fa-4aa9-968b-2d24a71d412e,M-1101,ORD-20260720-2494-0226,CONCESSION_ACCRUAL,37,331,2026-07-20T01:45:45+08:00
7aae4282-d197-49eb-b84a-32348080355a,M-1728,ORD-20260720-5241-0227,CONCESSION_ACCRUAL,24,369,2026-07-20T20:48:39+08:00
ad5fc8bb-9dd7-491d-bd2b-a698b60e279f,M-1855,ORD-20260721-7958-0228,CONCESSION_ACCRUAL,7,98,2026-07-21T00:03:56+08:00
e39fe884-bd4c-496e-bbbb-baf769d9eddf,M-1276,ORD-20260720-5867-0229,CONCESSION_ACCRUAL,21,634,2026-07-20T21:09:18+08:00
f8ce1f2a-6922-48ef-bad1-7c53131df747,M-1026,ORD-20260720-8633-0230,CONCESSION_ACCRUAL,18,1529,2026-07-20T23:35:51+08:00
7fc28c0c-40a3-43d7-ba80-c6d3182b6099,M-1022,ORD-20260720-5034-0231,CONCESSION_ACCRUAL,8,179,2026-07-20T16:51:45+08:00
43b6769f-ac2d-40b6-8411-ae4456eb90f2,M-1949,ORD-20260720-5714-0232,CONCESSION_ACCRUAL,18,83,2026-07-20T23:06:57+08:00
fc36e752-e76f-4248-b4a1-fcd760f90b3a,M-1566,ORD-20260720-7938-0233,CONCESSION_ACCRUAL,15,209,2026-07-20T22:55:51+08:00
05d9a393-d73e-4a57-9f1a-66071f70d958,M-1236,ORD-20260720-5822-0234,CONCESSION_ACCRUAL,56,483,2026-07-20T22:49:55+08:00
66abce0f-0164-4c68-86fe-0a43da405e73,M-1297,ORD-20260721-6556-0235,CONCESSION_ACCRUAL,16,240,2026-07-21T00:14:17+08:00
64ef80a3-3f48-4934-9144-b2f8a8dfd6d4,M-1383,ORD-20260720-2135-0236,CONCESSION_ACCRUAL,3,116,2026-07-20T03:34:29+08:00
545337d0-599a-459c-8409-9fd15201d269,M-1589,ORD-20260720-9438-0237,CONCESSION_ACCRUAL,21,131,2026-07-20T13:57:59+08:00
6d0cd24f-a104-4f32-8a62-6f280747c98d,M-1589,TIER_UPGRADE_Standard_TO_Silver,TIER_BONUS,50,181,2026-07-20T13:57:59+08:00
c78b76f3-2c4f-4e78-9132-820e9e80e5bc,M-1361,ORD-20260720-5400-0238,CONCESSION_ACCRUAL,9,209,2026-07-20T22:50:28+08:00
5e180845-179a-4be7-93e3-5e29e9e08a72,M-1283,ORD-20260720-9253-0239,CONCESSION_ACCRUAL,18,77,2026-07-20T21:31:40+08:00
6df89c5e-49b3-4471-9e2f-ef58cea1f3f7,M-1565,ORD-20260720-1493-0240,CONCESSION_ACCRUAL,15,437,2026-07-20T10:10:32+08:00
34d1db06-8725-4cd2-96b5-b13938719a4b,M-2023,ORD-20260720-2279-0241,CONCESSION_ACCRUAL,21,125,2026-07-20T13:40:17+08:00
04a6b05d-bb00-42df-893d-1b8f193c0902,M-1387,ORD-20260720-5698-0242,CONCESSION_ACCRUAL,65,253,2026-07-20T09:25:00+08:00
7e72b375-773c-4893-b6f9-952e7bdfd65c,M-1572,ORD-20260720-2613-0243,CONCESSION_ACCRUAL,26,349,2026-07-20T09:03:00+08:00
598e4577-7122-4cc4-9faa-3a90dc903f16,M-1568,ORD-20260720-7297-0244,CONCESSION_ACCRUAL,8,358,2026-07-20T22:40:00+08:00
a5a737c2-9866-4e85-b57c-7c229bdc912b,M-1743,ORD-20260720-6020-0245,CONCESSION_ACCRUAL,51,311,2026-07-20T20:49:00+08:00
06efe080-5104-4a0c-9dcb-bc3cfecaec54,M-1290,ORD-20260720-9979-0246,CONCESSION_ACCRUAL,11,192,2026-07-20T11:26:00+08:00
8176c97a-2666-4edf-a721-07713fd34088,M-1653,ORD-20260720-3215-0247,CONCESSION_ACCRUAL,31,175,2026-07-20T12:03:00+08:00
9d30a5f9-8cce-4add-b402-2a72856f89f2,M-1150,ORD-20260720-5744-0248,CONCESSION_ACCRUAL,36,194,2026-07-20T10:24:00+08:00
90b99f10-4575-458a-a91e-8ee17d85cdc3,M-1373,ORD-20260720-5460-0249,CONCESSION_ACCRUAL,28,460,2026-07-20T16:03:00+08:00
303eaf26-2aa9-463a-861b-d996aca3c15b,M-1473,ORD-20260720-6337-0250,CONCESSION_ACCRUAL,15,299,2026-07-20T09:15:00+08:00
cf894e76-da7d-495b-9d62-c1bffc05f83f,M-2119,ORD-20260720-1584-0251,CONCESSION_ACCRUAL,9,152,2026-07-20T16:35:00+08:00
6c9ea166-1238-4418-a67b-6cb0aa16b3ca,M-1422,ORD-20260720-5823-0252,CONCESSION_ACCRUAL,18,92,2026-07-20T09:02:00+08:00
b6254a27-f40f-4907-a47a-3dd97f751dfd,M-1157,ORD-20260720-7428-0253,CONCESSION_ACCRUAL,11,127,2026-07-20T13:12:00+08:00
2974f55c-4cca-4642-8845-d0594568d0aa,M-1606,ORD-20260720-4080-0254,CONCESSION_ACCRUAL,27,577,2026-07-20T19:36:00+08:00
ddf975e5-7d16-43d9-aecc-17c64437343c,M-1129,ORD-20260720-2570-0255,CONCESSION_ACCRUAL,24,925,2026-07-20T15:37:00+08:00
da13b064-7323-442c-948f-17b00a620655,M-1044,ORD-20260720-8851-0256,CONCESSION_ACCRUAL,16,92,2026-07-20T14:29:00+08:00
9a26aae5-b990-4d2e-a7cb-98145aa9609c,M-1029,ORD-20260720-5033-0257,CONCESSION_ACCRUAL,3,598,2026-07-20T21:18:00+08:00
09f899ad-a435-4733-b451-2b5d2147a16a,M-1563,ORD-20260720-6173-0258,CONCESSION_ACCRUAL,6,299,2026-07-20T15:37:00+08:00
877622e3-ab02-4ebc-8d77-42752caacb9b,M-1166,ORD-20260720-9855-0259,CONCESSION_ACCRUAL,6,127,2026-07-20T11:03:00+08:00
f504abd4-538e-43ed-b179-560ab76ea143,M-1276,ORD-20260720-2707-0260,CONCESSION_ACCRUAL,30,664,2026-07-20T09:17:00+08:00
61e29e28-98b0-4a1a-8e2d-17b0b426cfa7,M-1659,ORD-20260720-3963-0261,CONCESSION_ACCRUAL,10,259,2026-07-20T15:34:00+08:00
f97a7dcd-6747-48fc-8e3d-cc0ac35a2009,M-1128,ORD-20260720-3160-0262,CONCESSION_ACCRUAL,11,102,2026-07-20T11:03:00+08:00
5027b066-215e-4984-b691-b48edf7a0e1c,M-1486,ORD-20260720-2639-0263,CONCESSION_ACCRUAL,9,152,2026-07-20T14:42:00+08:00
0ff8eb92-d589-4bb9-b248-152b5d9c996f,M-1679,ORD-20260720-4508-0264,CONCESSION_ACCRUAL,7,417,2026-07-20T22:34:00+08:00
fc53c6ac-0e04-4ac5-92ff-e035abe48b50,M-1139,ORD-20260720-7447-0265,CONCESSION_ACCRUAL,23,423,2026-07-20T22:29:00+08:00
2f812aa6-e160-46c0-a327-d9ca71f10a4a,M-1431,ORD-20260720-7086-0266,CONCESSION_ACCRUAL,30,420,2026-07-20T18:07:00+08:00
27a8df48-ad4b-430b-98b5-488eed61c592,M-2063,ORD-20260720-8251-0267,CONCESSION_ACCRUAL,64,268,2026-07-20T15:25:00+08:00
7554851e-1fa6-484a-ab1e-c28af9da47ab,M-2063,TIER_UPGRADE_Standard_TO_Silver,TIER_BONUS,50,318,2026-07-20T15:25:00+08:00
4e382915-2c1a-45f9-8a08-c33f031b186d,M-1197,ORD-20260720-3267-0268,CONCESSION_ACCRUAL,23,137,2026-07-20T10:40:00+08:00
ca0ee0be-f53f-48e4-8f9d-ffcc75fbb389,M-1155,ORD-20260720-5786-0269,CONCESSION_ACCRUAL,27,703,2026-07-20T19:33:00+08:00
6504972a-98c9-44c5-ba66-a41c2c61c9c7,M-1560,ORD-20260720-8888-0270,CONCESSION_ACCRUAL,10,267,2026-07-20T22:14:00+08:00
2f6162e9-23bd-4043-bb09-aaef22003484,M-1032,ORD-20260720-2444-0271,CONCESSION_ACCRUAL,20,203,2026-07-20T12:32:00+08:00
4734f327-8841-4776-be5d-926964096a37,M-1141,ORD-20260720-7745-0272,CONCESSION_ACCRUAL,31,117,2026-07-20T20:58:00+08:00
25a9b51f-f3d6-4d18-8ee8-775312a10c95,M-1074,ORD-20260720-4643-0273,CONCESSION_ACCRUAL,15,227,2026-07-20T13:00:00+08:00
e679aaeb-5823-4680-bbd9-2ac9c5ac38dc,M-1116,ORD-20260720-4187-0274,CONCESSION_ACCRUAL,16,161,2026-07-20T16:02:00+08:00
3e5cab1d-73c7-4779-9f32-7af8cfc27039,M-1516,ORD-20260720-2717-0275,CONCESSION_ACCRUAL,42,290,2026-07-20T15:37:00+08:00
14b51e1d-c045-4657-a6e7-27db6aa61d48,M-1201,ORD-20260720-9849-0276,CONCESSION_ACCRUAL,7,290,2026-07-20T21:48:00+08:00
0e160267-a526-43ad-a018-8d68f9d91c8f,M-1424,ORD-20260720-3506-0277,CONCESSION_ACCRUAL,3,282,2026-07-20T10:42:00+08:00
e0423e66-630c-43c8-b602-56bc41d63aa7,M-1716,ORD-20260720-3546-0278,CONCESSION_ACCRUAL,26,140,2026-07-20T10:22:00+08:00
ae687443-16e0-41b2-90e7-c094ce16313f,M-1041,ORD-20260720-3822-0279,CONCESSION_ACCRUAL,11,902,2026-07-20T12:53:00+08:00
892c53d0-cd1b-4f2a-b4b1-74932bcd8b27,M-1451,ORD-20260720-4622-0280,CONCESSION_ACCRUAL,8,332,2026-07-20T09:14:00+08:00
796e1859-90dc-4a37-9e56-bd3a13b7e430,M-1570,ORD-20260720-2540-0281,CONCESSION_ACCRUAL,17,658,2026-07-20T16:18:00+08:00
4e3493fa-cc8a-4a14-9790-e668e24f2008,M-1794,ORD-20260720-3762-0282,CONCESSION_ACCRUAL,24,184,2026-07-20T15:06:00+08:00
190e91f2-cc5c-4fb2-9818-ecde6073b31b,M-1794,TIER_UPGRADE_Standard_TO_Silver,TIER_BONUS,50,234,2026-07-20T15:06:00+08:00
8ea6b663-c08a-4862-bec3-cf1ffc463553,M-1444,ORD-20260720-6262-0283,CONCESSION_ACCRUAL,4,3363,2026-07-20T21:23:00+08:00
bd0f153f-fee6-4832-9736-90225ed178d3,M-1308,ORD-20260720-1965-0284,CONCESSION_ACCRUAL,39,374,2026-07-20T12:19:00+08:00
cd874577-e14f-417e-b42b-5c03bb5b2baa,M-1159,ORD-20260720-7226-0285,CONCESSION_ACCRUAL,21,184,2026-07-20T22:43:00+08:00
b293caff-fb19-44b2-a3e5-22cb50955adf,M-1701,ORD-20260720-1360-0286,CONCESSION_ACCRUAL,27,356,2026-07-20T14:24:00+08:00
44e32047-e1f7-43c3-b3d0-8d4db4a38692,M-1200,ORD-20260720-7022-0287,CONCESSION_ACCRUAL,8,129,2026-07-20T19:58:00+08:00
bfdda3a9-e9a0-45ac-8fb0-d49301253dc9,M-1641,ORD-20260720-3762-0288,CONCESSION_ACCRUAL,31,332,2026-07-20T13:29:00+08:00
3f4e4f38-bdb5-475a-b367-eae3bb1774a1,M-2023,ORD-20260720-3429-0289,CONCESSION_ACCRUAL,12,137,2026-07-20T17:56:00+08:00
e3774669-9c27-4ac1-8832-959ca3e8007c,M-2023,TIER_UPGRADE_Standard_TO_Silver,TIER_BONUS,50,187,2026-07-20T17:56:00+08:00
a5b350f8-d640-4cc9-92fd-74358f976a0f,M-1455,ORD-20260720-1869-0290,CONCESSION_ACCRUAL,8,376,2026-07-20T10:03:00+08:00
a69d4589-6f7f-4d6b-99d3-a091a15bd789,M-1675,ORD-20260720-1764-0291,CONCESSION_ACCRUAL,18,1936,2026-07-20T21:17:00+08:00
f145f074-2ff0-4d57-8a2f-cd866de2bf9c,M-1110,ORD-20260720-9034-0292,CONCESSION_ACCRUAL,15,314,2026-07-20T19:11:00+08:00
155a84d0-4ba6-421d-8020-8d4342c78b2e,M-1269,ORD-20260720-8437-0293,CONCESSION_ACCRUAL,8,460,2026-07-20T11:40:00+08:00
f2a75d84-5e7b-4410-aca6-9e5fa3fb0976,M-1443,ORD-20260720-9749-0294,CONCESSION_ACCRUAL,15,225,2026-07-20T19:17:00+08:00
c2644ac4-67c6-44e0-9501-1c9342dc4f13,M-1468,ORD-20260720-7708-0295,CONCESSION_ACCRUAL,3,268,2026-07-20T22:55:00+08:00
fe5e26b8-1e93-4a64-97ed-8e3341ccc345,M-1224,ORD-20260720-7189-0296,CONCESSION_ACCRUAL,15,173,2026-07-20T10:15:00+08:00
5ec966ff-05a6-4381-b026-efa2f3775f19,M-2175,ORD-20260720-4327-0297,CONCESSION_ACCRUAL,6,157,2026-07-20T19:26:00+08:00
ac289955-2dda-4844-8340-3d63782767f8,M-1143,ORD-20260720-3432-0298,CONCESSION_ACCRUAL,13,3484,2026-07-20T20:39:00+08:00
9abf8ed3-1e2c-4cd3-8323-9b1c4795c470,M-1141,ORD-20260720-8416-0299,CONCESSION_ACCRUAL,6,123,2026-07-20T16:06:00+08:00
48b58d68-9e19-44e7-8184-797513052dba,M-1694,ORD-20260720-8754-0300,CONCESSION_ACCRUAL,9,49,2026-07-20T19:57:00+08:00
46d1adf8-f46c-4d53-b85d-2a049713a83f,M-1636,ORD-20260720-6997-0301,CONCESSION_ACCRUAL,42,1496,2026-07-20T17:34:00+08:00
13476b65-ab19-4504-9119-394c8b2e2216,M-1224,ORD-20260720-8059-0302,CONCESSION_ACCRUAL,15,188,2026-07-20T09:45:00+08:00
7db24fe4-ede0-4671-ba5c-885249a62bad,M-1570,ORD-20260720-4788-0303,CONCESSION_ACCRUAL,8,666,2026-07-20T22:48:00+08:00
cb552990-4bbe-4284-a2fc-5e7cdc1c421a,M-1714,ORD-20260720-8499-0304,CONCESSION_ACCRUAL,8,60,2026-07-20T10:04:00+08:00
4cc2ee8f-6a64-485d-8dbe-815f80f013a4,M-1714,TIER_UPGRADE_Standard_TO_Silver,TIER_BONUS,50,110,2026-07-20T10:04:00+08:00
42f3fe75-e909-4406-8488-b0d75507ce92,M-1774,ORD-20260720-9694-0305,CONCESSION_ACCRUAL,15,257,2026-07-20T22:26:00+08:00
4db99e41-097b-454e-941a-1136c76d40bf,M-1010,ORD-20260720-3623-0306,CONCESSION_ACCRUAL,34,223,2026-07-20T11:28:00+08:00
e1033979-d077-4543-b1af-33bf6bacd3da,M-1717,ORD-20260720-9892-0307,CONCESSION_ACCRUAL,16,329,2026-07-20T13:24:00+08:00
2b04d4be-0f42-4040-9aa4-b2d2e65a93ea,M-1542,ORD-20260720-5979-0308,CONCESSION_ACCRUAL,24,379,2026-07-20T10:37:00+08:00
85f12eb9-d2dc-4bc5-9d26-8842ab6f24c4,M-1809,ORD-20260720-3236-0309,CONCESSION_ACCRUAL,8,539,2026-07-20T16:11:00+08:00
1eca24f5-e3e1-4c85-a429-e8ead3101d0a,M-1453,ORD-20260720-8676-0310,CONCESSION_ACCRUAL,11,99,2026-07-20T21:06:00+08:00
652bfedb-3fa0-433e-946f-36fcb530b74e,M-1252,ORD-20260720-3949-0311,CONCESSION_ACCRUAL,28,121,2026-07-20T18:59:00+08:00
63d4c881-8df9-4c31-9b0d-6e5b07c2837d,M-1356,ORD-20260720-2181-0312,CONCESSION_ACCRUAL,13,815,2026-07-20T18:21:00+08:00
039d50d6-591c-41ca-8e43-d15b8dc3b19a,M-1226,ORD-20260720-4835-0313,CONCESSION_ACCRUAL,9,1133,2026-07-20T13:50:00+08:00
677dcc6b-75d0-406f-abb5-46435bcab14c,M-1337,ORD-20260720-8592-0314,CONCESSION_ACCRUAL,40,503,2026-07-20T19:04:00+08:00
a36968e5-f9c1-4bd8-930b-d08993111439,M-1136,ORD-20260720-5418-0315,CONCESSION_ACCRUAL,6,136,2026-07-20T19:15:00+08:00
8a6dc30f-119d-4b9e-b49e-84f2ed9c342e,M-1662,ORD-20260720-1161-0316,CONCESSION_ACCRUAL,11,262,2026-07-20T14:30:00+08:00
1fbc15a6-7357-4083-a0b0-3eb9cdb769b1,M-1684,ORD-20260720-8277-0317,CONCESSION_ACCRUAL,23,321,2026-07-20T21:12:00+08:00
bbb3393e-974d-4cb8-8e55-f41585919687,M-1194,ORD-20260720-1856-0318,CONCESSION_ACCRUAL,16,341,2026-07-20T20:24:00+08:00
f805ed14-ccd4-4e81-8f90-d231146a9e08,M-1644,ORD-20260720-1655-0319,CONCESSION_ACCRUAL,6,138,2026-07-20T16:34:00+08:00
e1e74edc-31d3-4b9d-a449-46e4d9ee301c,M-1202,ORD-20260720-7294-0320,CONCESSION_ACCRUAL,13,1694,2026-07-20T17:12:00+08:00
c7fcc6d8-1cd9-427f-8a4f-7f0f7d712213,M-1993,ORD-20260720-2274-0321,CONCESSION_ACCRUAL,3,170,2026-07-20T13:08:00+08:00
b9ae1ce6-aedb-430b-96b8-11ed39346c96,M-1366,ORD-20260720-2788-0322,CONCESSION_ACCRUAL,8,277,2026-07-20T13:37:00+08:00
