ledger_id,member_id,source_reference_id,transaction_type,points_delta,resulting_balance,created_at
1c15b4e7-441a-4642-9c8a-2673b9e10847,M-1865,SESS-20260710-1209-0000,RENTAL_REDEMPTION,-100,23,2026-07-10T18:45:00+08:00
1c225b8f-0653-4b4e-9150-a1fceca4bed3,M-1865,SESS-20260710-1209-0000,RENTAL_ACCRUAL,35,58,2026-07-10T23:45:00+08:00
bf43ea89-209d-4980-a8a7-6eb7b38c505a,M-1631,SESS-20260710-1049-0001,RENTAL_REDEMPTION,-100,85,2026-07-10T08:45:00+08:00
5183acb8-ba7e-4043-8346-3a6380341901,M-1631,SESS-20260710-1049-0001,RENTAL_ACCRUAL,91,176,2026-07-10T16:45:00+08:00
6e6b684e-7553-460f-9420-1213886c8fec,M-1631,TIER_UPGRADE_Standard_TO_Silver,TIER_BONUS,50,226,2026-07-10T16:45:00+08:00
ea3d93fa-6f72-4b46-b35d-bfb52fe9f7fc,M-1729,SESS-20260710-4062-0002,RENTAL_REDEMPTION,-100,87,2026-07-10T19:00:00+08:00
cedcc5e4-3e8c-4037-a014-a735a0e3df9b,M-1729,SESS-20260710-4062-0002,RENTAL_ACCRUAL,5,92,2026-07-10T21:00:00+08:00
de9cf8b2-0b36-47c4-a2df-1df55941b852,M-1721,SESS-20260710-9507-0003,RENTAL_ACCRUAL,36,219,2026-07-10T16:45:00+08:00
1921c6d4-7e0c-4a5e-bc88-56355c3575da,M-1307,SESS-20260710-9827-0004,RENTAL_ACCRUAL,15,213,2026-07-10T23:45:00+08:00
d66b94c0-0e2a-4402-884f-455ed7696056,M-1501,SESS-20260710-9305-0005,RENTAL_ACCRUAL,16,100,2026-07-10T11:00:00+08:00
6bc85b12-133a-41a5-b92b-b09ea9447faa,M-1637,SESS-20260710-9471-0006,RENTAL_ACCRUAL,28,1134,2026-07-10T17:00:00+08:00
b0772595-2c5c-4fed-858a-1bfbe099ff48,M-1175,SESS-20260710-8721-0007,RENTAL_ACCRUAL,27,369,2026-07-10T15:15:00+08:00
85c9735d-ee6d-479f-a7ee-fc7b4276ae02,M-1434,SESS-20260710-4982-0008,RENTAL_ACCRUAL,8,107,2026-07-10T11:00:00+08:00
5bfe6135-9fda-4299-a334-0aa1e21e4ebc,M-1832,SESS-20260710-3553-0009,RENTAL_ACCRUAL,24,186,2026-07-10T16:15:00+08:00
115b85f9-0fb3-4ab2-ba1d-49a617148374,M-1483,SESS-20260710-1397-0010,RENTAL_ACCRUAL,16,267,2026-07-10T22:00:00+08:00
6ae6b107-5918-4105-8821-9f2f7ac5bb6e,M-1836,SESS-20260710-8650-0011,RENTAL_ACCRUAL,15,81,2026-07-10T23:30:00+08:00
91a3bb06-3692-4caf-8837-06233e808c77,M-1477,SESS-20260710-3178-0012,RENTAL_ACCRUAL,36,181,2026-07-10T19:50:00+08:00
273962c0-e320-4482-8604-4c8935f0b798,M-1629,SESS-20260710-8884-0013,RENTAL_ACCRUAL,10,206,2026-07-10T15:30:00+08:00
40cb1a6c-d6cd-408d-a8f4-d656d027fec5,M-1998,SESS-20260710-9275-0014,RENTAL_ACCRUAL,15,100,2026-07-10T18:45:00+08:00
697acc8c-c56d-4f84-8c7e-147c32d1bf22,M-1156,SESS-20260710-3826-0015,RENTAL_ACCRUAL,11,258,2026-07-10T17:15:00+08:00
43786a29-4b11-434f-96b8-9cf47348f60a,M-1253,SESS-20260710-4877-0016,RENTAL_ACCRUAL,25,146,2026-07-11T00:00:00+08:00
5a27d809-5d89-4761-aefb-c1b399486952,M-1238,SESS-20260710-7154-0017,RENTAL_ACCRUAL,45,287,2026-07-11T05:15:00+08:00
1ac3761f-2846-4920-9ae0-ce83aa493e7c,M-1311,SESS-20260710-6553-0018,RENTAL_REDEMPTION,-100,10,2026-07-10T10:15:00+08:00
d5f18c6f-3689-4233-9a50-37c4d8c9f268,M-1311,SESS-20260710-6553-0018,RENTAL_ACCRUAL,5,15,2026-07-10T12:15:00+08:00
14f07ede-618d-45a3-8895-4d444dc596c7,M-1031,SESS-20260710-5757-0019,RENTAL_ACCRUAL,40,797,2026-07-10T15:15:00+08:00
ca3c6369-6746-49e9-ac24-8dc4793a5f57,M-1486,SESS-20260710-3838-0020,RENTAL_ACCRUAL,15,68,2026-07-10T14:00:00+08:00
9d115f86-684a-46c9-b469-e7419d0c8a2b,M-1581,SESS-20260710-5942-0021,RENTAL_ACCRUAL,27,215,2026-07-10T20:00:00+08:00
bc74caaf-33b8-4ded-9be4-c28321ebb8cd,M-1824,SESS-20260710-2627-0022,RENTAL_ACCRUAL,11,209,2026-07-10T14:15:00+08:00
06608b5b-b6d1-43bb-8aa3-fd29dda05284,M-1831,SESS-20260710-7065-0023,RENTAL_ACCRUAL,5,158,2026-07-10T21:30:00+08:00
7a0bd2ca-1dd7-4962-aab5-29261578b814,M-1078,SESS-20260710-9636-0024,RENTAL_ACCRUAL,16,879,2026-07-10T18:15:00+08:00
aef74cef-5719-4829-a6f3-3d8af194615c,M-1587,SESS-20260710-8005-0025,RENTAL_ACCRUAL,6,1051,2026-07-10T18:00:00+08:00
3f3ccfc5-1f86-40ec-b8c7-be70bd13da56,M-1187,SESS-20260710-3772-0026,RENTAL_ACCRUAL,40,86,2026-07-11T02:30:00+08:00
11969edc-d079-4f1f-b37d-f2cf87a8158d,M-1804,SESS-20260710-6231-0027,RENTAL_ACCRUAL,24,96,2026-07-10T18:45:00+08:00
2f613074-471e-4ee9-a46e-f90753fc8f27,M-1484,SESS-20260710-7729-0028,RENTAL_ACCRUAL,5,299,2026-07-10T19:30:00+08:00
dd0bb454-f217-4c00-988d-4f1ba616ce09,M-1736,SESS-20260710-1472-0029,RENTAL_ACCRUAL,10,38,2026-07-10T22:00:00+08:00
9c00ca9b-e204-4164-a715-10022babcab5,M-1448,SESS-20260710-4278-0030,RENTAL_ACCRUAL,16,140,2026-07-10T17:45:00+08:00
8e2f0e54-faaa-4c2f-b0c7-b925a3674d27,M-1076,SESS-20260710-4682-0031,RENTAL_REDEMPTION,-100,0,2026-07-10T17:15:00+08:00
c87f2cc1-e011-4a68-8e6b-fddbb89d4b59,M-1076,SESS-20260710-4682-0031,RENTAL_ACCRUAL,20,20,2026-07-10T22:15:00+08:00
f2dfb9ef-a937-45e3-84a5-d0bc9507d66a,M-1944,SESS-20260710-4560-0032,RENTAL_ACCRUAL,60,174,2026-07-10T18:15:00+08:00
42cca02e-beaa-4d5f-bc12-b2fa3f4ad5fd,M-1467,SESS-20260710-8665-0033,RENTAL_ACCRUAL,40,291,2026-07-10T23:05:00+08:00
76b36488-d291-4e33-80e5-331a570442a6,M-1779,SESS-20260710-1354-0034,RENTAL_ACCRUAL,13,133,2026-07-10T20:45:00+08:00
6a5e19be-a196-4361-8588-2ee9d2f52f42,M-1213,SESS-20260710-3001-0035,RENTAL_ACCRUAL,16,78,2026-07-10T17:15:00+08:00
c69e5c3c-d1f7-41b6-9a8d-559f61ab90b1,M-1213,TIER_UPGRADE_Standard_TO_Silver,TIER_BONUS,50,128,2026-07-10T17:15:00+08:00
d9c58b68-dc2f-4cfa-97d7-5cad452e2cfa,M-1742,SESS-20260710-2892-0036,RENTAL_ACCRUAL,64,154,2026-07-11T03:30:00+08:00
7f5e4ef2-b249-4a8c-b73f-3438887174bd,M-1392,SESS-20260710-3938-0037,RENTAL_REDEMPTION,-200,611,2026-07-10T23:50:00+08:00
cf0da8e2-770e-4967-b735-9c1fda0a2648,M-1392,SESS-20260710-3938-0037,RENTAL_ACCRUAL,4,615,2026-07-11T01:50:00+08:00
ac21ff66-3f81-464f-a1a8-ffe7d42dc902,M-1756,SESS-20260710-9552-0038,RENTAL_ACCRUAL,19,2247,2026-07-10T06:10:00+08:00
fc3e9d26-876c-449e-a22f-1c3c85cce18f,M-1515,SESS-20260710-8464-0039,RENTAL_ACCRUAL,27,831,2026-07-10T19:45:00+08:00
701f5bca-2f12-4b1c-a902-9614227f139c,M-1610,SESS-20260710-8963-0040,RENTAL_ACCRUAL,60,268,2026-07-11T02:00:00+08:00
bb5ef362-4fcf-4a23-a6e3-ab066bc84427,M-1089,SESS-20260710-8379-0041,RENTAL_ACCRUAL,24,195,2026-07-10T20:00:00+08:00
f0d11536-bb86-41f9-9642-ddf308209263,M-2114,SESS-20260710-2104-0042,RENTAL_ACCRUAL,8,52,2026-07-10T16:45:00+08:00
a0610cae-945e-45a3-a4a0-0a72b8bdee47,M-1275,SESS-20260710-3757-0043,RENTAL_ACCRUAL,10,104,2026-07-10T16:30:00+08:00
eb5f89a3-ad7d-4f4c-bffc-018d23cc3b2d,M-1584,SESS-20260710-3407-0044,RENTAL_ACCRUAL,5,153,2026-07-10T22:00:00+08:00
c2d59798-b036-4c5a-8b9c-e7109a2e98b4,M-1594,SESS-20260710-4261-0045,RENTAL_ACCRUAL,10,86,2026-07-10T18:30:00+08:00
bac72cea-a91f-41da-8124-33d837e12595,M-1512,SESS-20260710-2347-0046,RENTAL_ACCRUAL,40,177,2026-07-10T21:45:00+08:00
36c87ee3-fc29-41cb-b14b-e9a37b8fc722,M-1453,SESS-20260710-2388-0047,RENTAL_ACCRUAL,45,153,2026-07-11T03:00:00+08:00
f3b3410e-adc6-480a-84f3-1e1f8c516b94,M-1799,SESS-20260710-3680-0048,RENTAL_REDEMPTION,-100,63,2026-07-10T10:30:00+08:00
948ddce1-4025-4813-9ecc-96c5f8f28103,M-1799,SESS-20260710-3680-0048,RENTAL_ACCRUAL,5,68,2026-07-10T12:30:00+08:00
5d1b02b3-194f-4ca4-92c3-83cc91bc99bc,M-1274,SESS-20260710-5476-0049,RENTAL_ACCRUAL,24,119,2026-07-10T22:45:00+08:00
a254bb66-cffe-4d2b-a577-13a93d6163d8,M-1274,TIER_UPGRADE_Standard_TO_Silver,TIER_BONUS,50,169,2026-07-10T22:45:00+08:00
4401c425-8513-40e9-9e19-b121ec41afe6,M-1286,SESS-20260710-7837-0050,RENTAL_ACCRUAL,24,132,2026-07-10T04:25:00+08:00
f58e20b2-d3da-40a6-b86e-857b087cb2b6,M-1406,SESS-20260710-9367-0051,RENTAL_ACCRUAL,28,674,2026-07-11T00:30:00+08:00
c221b588-0ebe-4c1d-9222-fd97138c234f,M-1269,SESS-20260710-7219-0052,RENTAL_ACCRUAL,108,307,2026-07-11T05:15:00+08:00
b6afe719-6b4e-4c1e-bb8f-7b7ff8d94f91,M-1313,SESS-20260710-5711-0053,RENTAL_ACCRUAL,40,159,2026-07-10T18:45:00+08:00
f3b55057-0a29-4231-9081-3d1465c6ac77,M-1294,SESS-20260710-1654-0054,RENTAL_REDEMPTION,-100,76,2026-07-10T11:00:00+08:00
65694e06-f64d-4b24-a49f-47464d389184,M-1294,SESS-20260710-1654-0054,RENTAL_ACCRUAL,5,81,2026-07-10T13:00:00+08:00
afcf1245-203a-4d23-92fc-4467030dbbab,M-1696,SESS-20260710-2533-0055,RENTAL_REDEMPTION,-100,822,2026-07-10T08:00:00+08:00
37bd07e2-d23d-4958-9683-e956e2c66a14,M-1696,SESS-20260710-2533-0055,RENTAL_ACCRUAL,5,827,2026-07-10T10:00:00+08:00
882ac34f-1fc3-496d-a52e-4acabc6ebb47,M-1786,SESS-20260710-2250-0056,RENTAL_ACCRUAL,27,282,2026-07-10T10:15:00+08:00
be68a28a-2330-42d2-94c1-877de98bbdc5,M-1648,SESS-20260710-4389-0057,RENTAL_REDEMPTION,-100,578,2026-07-10T14:15:00+08:00
77ea8f94-2c5d-4d88-bd06-455d3d8d3e0f,M-1648,SESS-20260710-4389-0057,RENTAL_ACCRUAL,5,583,2026-07-10T16:15:00+08:00
1acffde4-a566-43d4-bf70-c426f313a00f,M-1331,SESS-20260710-3766-0058,RENTAL_ACCRUAL,10,213,2026-07-10T23:40:00+08:00
03345f85-452f-4027-9f9d-657fc2d79ab8,M-1112,SESS-20260710-7700-0059,RENTAL_REDEMPTION,-200,1176,2026-07-10T20:45:00+08:00
7d2a014d-aabe-46b7-b4a4-2a8bbd090841,M-1112,SESS-20260710-7700-0059,RENTAL_ACCRUAL,4,1180,2026-07-10T22:45:00+08:00
d6400864-60df-41e2-a14e-ebbd6fdf6786,M-1301,SESS-20260710-3399-0060,RENTAL_REDEMPTION,-100,73,2026-07-10T16:00:00+08:00
3fcb5ea2-53dd-401e-a4b1-382d6c849c1b,M-1301,SESS-20260710-3399-0060,RENTAL_ACCRUAL,21,94,2026-07-10T21:00:00+08:00
8714f335-fc05-499b-ba53-bbf5ea720e76,M-1178,SESS-20260710-4677-0061,RENTAL_REDEMPTION,-100,17,2026-07-10T11:00:00+08:00
2233425a-14ad-4e01-b88f-0e4905dcaa86,M-1178,SESS-20260710-4677-0061,RENTAL_ACCRUAL,55,72,2026-07-10T16:00:00+08:00
9e3e4b7b-64bb-49a5-a489-6ca2683e6d36,M-1275,SESS-20260710-9027-0062,RENTAL_ACCRUAL,15,119,2026-07-11T01:45:00+08:00
fd895470-4705-4845-81d8-db8d6e732350,M-1845,SESS-20260710-8299-0063,RENTAL_ACCRUAL,24,77,2026-07-11T00:45:00+08:00
a665e618-05b1-4c8e-8433-2eb64872eeb9,M-2110,SESS-20260710-2372-0064,RENTAL_ACCRUAL,15,112,2026-07-11T01:15:00+08:00
cbf1c722-10be-46b1-9bbd-06e549efe2e4,M-1517,SESS-20260710-6095-0065,RENTAL_ACCRUAL,5,110,2026-07-10T19:15:00+08:00
e5f17dcc-c6f6-4289-8e42-a89d9afe2d8e,M-1648,SESS-20260710-7079-0066,RENTAL_ACCRUAL,13,596,2026-07-10T19:45:00+08:00
1d52c8d4-35e1-42e4-9b9e-e9e09687aede,M-1094,SESS-20260710-3807-0067,RENTAL_ACCRUAL,24,262,2026-07-10T20:20:00+08:00
ae718e3a-570e-4e71-9c38-06c240602d61,M-1832,SESS-20260710-9758-0068,RENTAL_ACCRUAL,10,196,2026-07-10T20:00:00+08:00
e19e4753-96d6-4c97-b448-9b8f7d5b7278,M-1629,SESS-20260710-3839-0069,RENTAL_REDEMPTION,-200,6,2026-07-10T20:15:00+08:00
0a982489-f288-45e3-bc26-6579dd62ab76,M-1629,SESS-20260710-3839-0069,RENTAL_ACCRUAL,14,20,2026-07-10T22:15:00+08:00
9ae05bbb-2fd8-4863-b703-0fd4435574bd,M-1109,SESS-20260710-7090-0070,RENTAL_REDEMPTION,-100,43,2026-07-10T16:00:00+08:00
627a279f-5776-4a64-a8dc-5f11cab86c72,M-1109,SESS-20260710-7090-0070,RENTAL_ACCRUAL,5,48,2026-07-10T18:00:00+08:00
f6eed576-b753-4888-82db-0bd61d1c45a6,M-1280,SESS-20260710-3004-0071,RENTAL_REDEMPTION,-100,163,2026-07-10T18:00:00+08:00
9279d968-2fc6-4b49-8757-26aea5b5e616,M-1280,SESS-20260710-3004-0071,RENTAL_ACCRUAL,5,168,2026-07-10T20:00:00+08:00
167feea6-4eb6-4a5f-b68b-5b11941f7605,M-2114,SESS-20260710-1515-0072,RENTAL_ACCRUAL,10,62,2026-07-10T21:00:00+08:00
3f122116-db62-4380-ab86-34d1cc929be0,M-1809,SESS-20260710-3678-0073,RENTAL_ACCRUAL,18,711,2026-07-10T13:15:00+08:00
9e92c836-fff2-4453-92e2-8b385e76583f,M-1242,SESS-20260710-1531-0074,RENTAL_REDEMPTION,-100,4,2026-07-10T16:45:00+08:00
124038de-7f0a-4972-a845-184f0a048438,M-1242,SESS-20260710-1531-0074,RENTAL_ACCRUAL,21,25,2026-07-10T21:45:00+08:00
f782e728-8469-46b9-894c-0fe36ef22622,M-1913,SESS-20260710-5899-0075,RENTAL_ACCRUAL,15,48,2026-07-10T20:45:00+08:00
c1fbaf5d-91e0-48e2-b51e-f0b4496a9bd5,M-1328,SESS-20260710-4988-0076,RENTAL_ACCRUAL,8,117,2026-07-10T19:15:00+08:00
bab861df-7559-4acf-99b0-3f2e3c437ec7,M-1461,SESS-20260710-6096-0077,RENTAL_ACCRUAL,28,395,2026-07-11T03:30:00+08:00
bbfb991d-b5ac-48d4-a891-c1c23e872d24,M-1219,SESS-20260710-5793-0078,RENTAL_ACCRUAL,10,81,2026-07-10T19:15:00+08:00
5d63d699-3c28-4a50-9f4b-a51111d53ec9,M-1003,SESS-20260710-9738-0079,RENTAL_REDEMPTION,-100,84,2026-07-10T09:30:00+08:00
51639b55-c457-40b3-a9b7-0cd3c2ba29eb,M-1003,SESS-20260710-9738-0079,RENTAL_ACCRUAL,5,89,2026-07-10T11:30:00+08:00
17a4fd1c-5987-48e3-a1ea-f5a7c4fb9f79,M-1007,SESS-20260710-3531-0080,RENTAL_ACCRUAL,18,359,2026-07-10T21:00:00+08:00
719c13f9-4984-4a0a-80d2-7044b83d93f2,M-1213,SESS-20260710-9565-0081,RENTAL_ACCRUAL,9,137,2026-07-10T23:50:00+08:00
a8b02de7-9342-4da4-9919-986fa1fa5830,M-1050,SESS-20260710-4004-0082,RENTAL_ACCRUAL,28,259,2026-07-10T22:30:00+08:00
132859cc-89cf-4f04-b1ed-f645d007a660,M-1067,SESS-20260710-2879-0083,RENTAL_ACCRUAL,16,408,2026-07-11T00:05:00+08:00
f9c9ff38-813d-4ef0-b108-027c92935e59,M-1309,SESS-20260710-7673-0084,RENTAL_ACCRUAL,12,199,2026-07-10T21:00:00+08:00
5dd78f23-31d2-42af-8e95-19b421622989,M-1513,SESS-20260710-8051-0085,RENTAL_ACCRUAL,9,202,2026-07-10T18:15:00+08:00
a60ce4af-2b4a-4b24-bcf5-09a86dffc969,M-1583,SESS-20260710-1231-0086,RENTAL_ACCRUAL,5,246,2026-07-10T17:30:00+08:00
3969690c-89d5-4d17-beda-31481e84a435,M-1196,SESS-20260710-9179-0087,RENTAL_REDEMPTION,-100,420,2026-07-10T02:15:00+08:00
ddbe99a6-be82-4697-89b5-1fd833999dc6,M-1196,SESS-20260710-9179-0087,RENTAL_ACCRUAL,11,431,2026-07-10T04:15:00+08:00
8316c37f-d1b5-43e8-8a1e-b75e309f05bc,M-1632,SESS-20260710-3956-0088,RENTAL_ACCRUAL,18,993,2026-07-11T01:15:00+08:00
714ec0be-142a-4f43-8d29-4a7d8d62c844,M-1475,SESS-20260710-3446-0089,RENTAL_ACCRUAL,9,223,2026-07-10T17:15:00+08:00
21572ade-5aad-40b5-a4cf-cea7fbd8b3ec,M-1746,SESS-20260710-8531-0090,RENTAL_ACCRUAL,5,66,2026-07-10T22:30:00+08:00
26981d6c-18f3-4fa2-b2c7-8bdcee287bfa,M-1424,SESS-20260710-8117-0091,RENTAL_REDEMPTION,-100,65,2026-07-10T22:30:00+08:00
919388ea-6657-4878-8090-cb22cfe4216c,M-1424,SESS-20260710-8117-0091,RENTAL_ACCRUAL,31,96,2026-07-11T01:30:00+08:00
eac8ca46-3d7b-4420-ac0e-9cdc63c2bb4b,M-1435,SESS-20260710-4874-0092,RENTAL_ACCRUAL,24,100,2026-07-10T22:45:00+08:00
69302ddc-c557-41f8-a16a-d5aa5da0cb49,M-2146,SESS-20260710-5096-0093,RENTAL_ACCRUAL,8,85,2026-07-10T20:30:00+08:00
2e473156-7a35-4a3f-8fa6-48923b2650ce,M-1665,SESS-20260710-7966-0094,RENTAL_REDEMPTION,-500,1593,2026-07-10T22:30:00+08:00
ba40e3d0-9af0-47fe-b7ad-8dca101cd9c8,M-1665,SESS-20260710-7966-0094,RENTAL_ACCRUAL,5,1598,2026-07-11T01:30:00+08:00
3b7ffe1a-3451-4ed6-bb1b-3f9a0aaa747c,M-1773,SESS-20260710-3324-0095,RENTAL_ACCRUAL,5,93,2026-07-10T14:45:00+08:00
bb4d5cde-8236-4361-8220-3d711e0271ba,M-1712,SESS-20260710-5153-0096,RENTAL_ACCRUAL,5,231,2026-07-10T14:15:00+08:00
b25fb966-2a74-48d9-b799-19373d9aaaa7,M-1188,SESS-20260710-7570-0097,RENTAL_ACCRUAL,11,469,2026-07-10T14:30:00+08:00
1715c9b6-7d1e-47a4-a86f-4cb51e6a0a84,M-1045,SESS-20260710-9319-0098,RENTAL_ACCRUAL,16,234,2026-07-10T23:30:00+08:00
679196f9-20a6-4849-971c-c3ab5c282c14,M-1472,SESS-20260710-5592-0099,RENTAL_ACCRUAL,5,290,2026-07-10T10:15:00+08:00
eb7e50d2-71db-4990-aedd-8823cc2a385e,M-1175,SESS-20260710-2555-0100,RENTAL_REDEMPTION,-300,69,2026-07-10T18:45:00+08:00
c6e1ca47-a1f0-4cb2-af8e-9238e861edc7,M-1175,SESS-20260710-2555-0100,RENTAL_ACCRUAL,8,77,2026-07-10T21:45:00+08:00
b33b41bc-7e0d-4656-a3fd-1cfa5f7124c1,M-1397,SESS-20260710-9092-0101,RENTAL_ACCRUAL,40,232,2026-07-11T01:30:00+08:00
8b826d2d-87d4-4fd8-b906-1b7f8be15678,M-2175,SESS-20260710-7196-0102,RENTAL_ACCRUAL,36,69,2026-07-10T16:15:00+08:00
ecf6bf55-26bf-4c7d-9ac4-da02dfd64e37,M-1895,SESS-20260710-4866-0103,RENTAL_ACCRUAL,24,37,2026-07-10T19:50:00+08:00
7bc0fb37-0a55-4542-989c-8bc5899ced00,M-1049,SESS-20260710-8908-0104,RENTAL_REDEMPTION,-100,111,2026-07-10T19:45:00+08:00
2802ee73-01cd-46df-bb44-2510a0e26ac9,M-1049,SESS-20260710-8908-0104,RENTAL_ACCRUAL,21,132,2026-07-11T00:45:00+08:00
52a257cb-8fb3-4924-87ce-ad57a7c00a54,M-1303,SESS-20260710-9803-0105,RENTAL_ACCRUAL,12,2374,2026-07-10T07:15:00+08:00
acd2a930-6a69-46e9-a7c6-f6e3af12eea8,M-1223,SESS-20260710-9512-0106,RENTAL_ACCRUAL,64,183,2026-07-11T04:45:00+08:00
3580af30-5c16-4b6d-a6a6-5d84f802f96c,M-1251,SESS-20260710-1370-0107,RENTAL_ACCRUAL,10,103,2026-07-10T11:00:00+08:00
8c45adde-54ba-47c3-8df4-bdc8010e0947,M-1745,SESS-20260710-1004-0108,RENTAL_ACCRUAL,15,199,2026-07-11T02:45:00+08:00
cd38164b-fb55-43be-a74d-cbcc8a1642a3,M-1745,TIER_UPGRADE_Standard_TO_Silver,TIER_BONUS,50,249,2026-07-11T02:45:00+08:00
27bfc8ad-307d-4a53-b81b-66f9dd3616a3,M-1197,SESS-20260710-3825-0109,RENTAL_REDEMPTION,-100,12,2026-07-10T18:45:00+08:00
b33fcbbf-fe1d-4580-bcf7-d1c56a2eb663,M-1395,SESS-20260710-8409-0110,RENTAL_ACCRUAL,10,171,2026-07-10T15:00:00+08:00
f5a55413-5273-4b6b-8c3b-cb5d332aa442,M-1463,SESS-20260710-4911-0111,RENTAL_ACCRUAL,9,3465,2026-07-10T15:45:00+08:00
54366c55-d4ba-424e-9f66-924208266433,M-1026,SESS-20260710-2777-0112,RENTAL_REDEMPTION,-100,1306,2026-07-10T16:45:00+08:00
95f92778-e950-42ce-ac04-3f31611616c8,M-1026,SESS-20260710-2777-0112,RENTAL_ACCRUAL,4,1310,2026-07-10T18:45:00+08:00
54910f77-31b0-475f-815d-cf469cd3e95e,M-2004,SESS-20260710-1387-0113,RENTAL_ACCRUAL,10,55,2026-07-10T17:30:00+08:00
6c63285a-241f-4da0-9617-9ab4ffb95d8a,M-1645,SESS-20260710-2329-0114,RENTAL_ACCRUAL,10,141,2026-07-10T16:30:00+08:00
d2d56598-5a4d-46b8-ae95-df0e725a2df8,M-1549,SESS-20260710-1757-0115,RENTAL_REDEMPTION,-100,60,2026-07-10T18:45:00+08:00
44244329-2707-4636-ac00-e642789a1a39,M-1549,SESS-20260710-1757-0115,RENTAL_ACCRUAL,19,79,2026-07-10T21:45:00+08:00
397539c9-200e-41a8-a730-73d50bb4bb35,M-1254,SESS-20260710-3264-0116,RENTAL_ACCRUAL,15,171,2026-07-11T01:15:00+08:00
fa5c1d7e-ee26-4509-9a3d-d8ae82b6d673,M-1308,SESS-20260710-2956-0117,RENTAL_ACCRUAL,10,168,2026-07-10T19:55:00+08:00
e8a19789-4162-4fca-80ea-d183dd0af880,M-1455,SESS-20260710-4334-0118,RENTAL_ACCRUAL,10,197,2026-07-10T17:45:00+08:00
d8f43d38-1865-4217-8746-1d75f0746a44,M-1808,SESS-20260710-9427-0119,RENTAL_ACCRUAL,9,1912,2026-07-10T22:55:00+08:00
47e18390-f7a5-4d73-b765-c4b4ea4af76c,M-1514,SESS-20260710-2722-0120,RENTAL_ACCRUAL,40,169,2026-07-10T20:00:00+08:00
15246ff9-194d-4223-a22d-2aa86aba0649,M-1416,SESS-20260710-3813-0121,RENTAL_ACCRUAL,18,2940,2026-07-10T18:05:00+08:00
fa3e013d-48ba-467e-be07-4a3c54fda542,M-1096,SESS-20260710-6686-0122,RENTAL_REDEMPTION,-100,75,2026-07-10T22:05:00+08:00
6aea20cb-7164-43b0-af90-e43d6ede678a,M-1096,SESS-20260710-6686-0122,RENTAL_ACCRUAL,35,110,2026-07-11T06:05:00+08:00
ee0fe6a1-a4bb-46ad-9e4d-d45b001b0d9f,M-1096,TIER_UPGRADE_Standard_TO_Silver,TIER_BONUS,50,160,2026-07-11T06:05:00+08:00
0bfae484-4d2b-49b2-a94d-795bea038396,M-1492,SESS-20260710-9100-0123,RENTAL_REDEMPTION,-200,39,2026-07-10T17:30:00+08:00
7038fac8-c806-421e-b844-e18a82a28b37,M-1492,SESS-20260710-9100-0123,RENTAL_ACCRUAL,4,43,2026-07-10T20:30:00+08:00
4868125c-f0e2-4788-8ed7-60cf48e988eb,M-1354,SESS-20260710-9560-0124,RENTAL_ACCRUAL,10,174,2026-07-10T23:00:00+08:00
5eab7c81-1117-4de5-b659-6467336ab9ad,M-1354,TIER_UPGRADE_Standard_TO_Silver,TIER_BONUS,50,224,2026-07-10T23:00:00+08:00
c658587d-984a-435d-a80a-9d5035171ba4,M-1636,SESS-20260710-4677-0125,RENTAL_ACCRUAL,18,1620,2026-07-11T01:45:00+08:00
eaf86315-bc56-4c87-951f-622627f888c1,M-1083,SESS-20260710-4994-0126,RENTAL_ACCRUAL,28,126,2026-07-10T16:00:00+08:00
8589f2fa-0b3c-479d-8e2f-b1d7200a365e,M-1295,SESS-20260710-5532-0127,RENTAL_REDEMPTION,-100,53,2026-07-10T19:20:00+08:00
a4ad0f13-0830-4ec3-99d1-6a504f99f5b7,M-1295,SESS-20260710-5532-0127,RENTAL_ACCRUAL,19,72,2026-07-10T22:20:00+08:00
c9e80474-c015-496d-9e44-363d106052a2,M-1366,SESS-20260710-8162-0128,RENTAL_ACCRUAL,24,74,2026-07-10T23:45:00+08:00
4083168c-2500-46a4-ad3f-8c454306740a,M-1720,SESS-20260710-6595-0129,RENTAL_ACCRUAL,11,330,2026-07-10T17:45:00+08:00
d42ee61a-7d7e-4ac7-9693-dd525dde87ec,M-1735,SESS-20260710-3847-0130,RENTAL_ACCRUAL,13,197,2026-07-10T19:30:00+08:00
2c4f4303-34ad-499d-ab09-9c5b670a90dc,M-1661,SESS-20260710-9779-0131,RENTAL_ACCRUAL,18,3125,2026-07-10T20:45:00+08:00
c43710dd-f11e-46a1-ad9c-b26dad643da2,M-1196,SESS-20260710-9304-0132,RENTAL_ACCRUAL,45,476,2026-07-11T03:00:00+08:00
1fa5c95d-95ff-47eb-91e6-9309f3b3a2e1,M-1604,SESS-20260710-4011-0133,RENTAL_ACCRUAL,5,166,2026-07-10T21:45:00+08:00
3e97f32b-c717-4da7-af86-07d5a9ac168d,M-1570,SESS-20260710-1293-0134,RENTAL_ACCRUAL,5,544,2026-07-10T17:35:00+08:00
09640525-fa83-4bf7-b794-c9e1c553217f,M-1061,SESS-20260710-3076-0135,RENTAL_ACCRUAL,45,368,2026-07-11T03:30:00+08:00
da763269-d7f2-40f6-b2ec-32e381d4fc42,M-1559,SESS-20260710-7336-0136,RENTAL_ACCRUAL,10,81,2026-07-10T21:00:00+08:00
1eb85e39-4add-4a80-b721-02a268d1f1b0,M-1293,SESS-20260710-6472-0137,RENTAL_REDEMPTION,-100,321,2026-07-10T02:45:00+08:00
682bac78-3d2a-4750-811c-c089139263a8,M-1293,SESS-20260710-6472-0137,RENTAL_ACCRUAL,7,328,2026-07-10T03:45:00+08:00
fd7a79d5-9b64-4d68-856e-40ae3d5de4b7,M-1759,SESS-20260710-9801-0138,RENTAL_REDEMPTION,-200,44,2026-07-10T17:20:00+08:00
d7479996-804e-49a9-9be7-545d793abb60,M-1759,SESS-20260710-9801-0138,RENTAL_ACCRUAL,4,48,2026-07-10T20:20:00+08:00
0d486cd9-5e66-4eea-a7d4-4dea292296b3,M-1835,SESS-20260710-7165-0139,RENTAL_ACCRUAL,10,183,2026-07-10T19:45:00+08:00
a466cc84-f0d0-482b-aeb6-2aaf27eed163,M-1278,SESS-20260710-9555-0140,RENTAL_ACCRUAL,11,236,2026-07-10T18:15:00+08:00
768b6802-c2a7-4c5f-a561-7e40b39455b9,M-1466,SESS-20260710-5528-0141,RENTAL_ACCRUAL,12,3565,2026-07-10T15:30:00+08:00
2450ec18-6fde-4567-87c5-6267b29916eb,M-1538,SESS-20260710-6058-0142,RENTAL_ACCRUAL,16,59,2026-07-10T21:00:00+08:00
19632c7a-749f-4869-b657-1a758296cf14,M-1590,SESS-20260710-3123-0143,RENTAL_ACCRUAL,72,281,2026-07-11T00:00:00+08:00
6b3479d1-29eb-4532-87e2-3ef33367f037,M-1712,SESS-20260710-3124-0144,RENTAL_ACCRUAL,16,247,2026-07-10T21:00:00+08:00
ef004009-e741-4a78-8c4c-7962b4c6dc1e,M-1674,SESS-20260710-6048-0145,RENTAL_REDEMPTION,-100,402,2026-07-10T23:00:00+08:00
d7dd2f92-d671-40b8-bb4b-f26e2e652873,M-1674,SESS-20260710-6048-0145,RENTAL_ACCRUAL,2,404,2026-07-11T00:00:00+08:00
67eab17d-4cb1-48e0-9682-28badeb2b913,M-1199,SESS-20260710-9768-0146,RENTAL_ACCRUAL,11,377,2026-07-10T22:05:00+08:00
231698b5-8f3d-4d42-8811-d35684afdf1d,M-1576,SESS-20260710-7694-0147,RENTAL_ACCRUAL,14,1329,2026-07-11T00:55:00+08:00
0e378dbd-4fa3-4e94-919f-93a0808ff171,M-1546,SESS-20260710-5365-0148,RENTAL_REDEMPTION,-200,73,2026-07-10T19:30:00+08:00
b1ee0dfc-83ed-4f32-8555-aafb5aa60be4,M-1546,SESS-20260710-5365-0148,RENTAL_ACCRUAL,4,77,2026-07-10T22:30:00+08:00
21b7cdcd-e131-4620-89bc-9ee2da5a9283,M-1289,SESS-20260710-4669-0149,RENTAL_ACCRUAL,15,206,2026-07-10T17:45:00+08:00
c294a066-7be6-443a-881e-8e9d983ec0b8,M-1082,SESS-20260710-6265-0150,RENTAL_ACCRUAL,5,126,2026-07-10T21:05:00+08:00
f821a2ad-b802-42c6-ab77-07bc8974028f,M-1344,SESS-20260710-9460-0151,RENTAL_ACCRUAL,5,818,2026-07-10T14:15:00+08:00
c45854d8-528c-4788-b894-353c947c4370,M-1359,SESS-20260710-4916-0152,RENTAL_ACCRUAL,30,1839,2026-07-10T19:15:00+08:00
926279f1-fdfa-49b6-82ff-821b9e406b85,M-1057,SESS-20260710-8534-0153,RENTAL_REDEMPTION,-100,84,2026-07-10T21:15:00+08:00
049d5fcb-f0b6-4775-b69f-e9713ac0c3e1,M-1057,SESS-20260710-8534-0153,RENTAL_ACCRUAL,2,86,2026-07-10T22:15:00+08:00
62fee8dc-3b6c-460a-9385-295457f773c5,M-1167,SESS-20260710-7092-0154,RENTAL_ACCRUAL,5,313,2026-07-10T21:30:00+08:00
668088ab-93bc-4a45-9cdf-45521a61835e,M-1189,SESS-20260710-9152-0155,RENTAL_ACCRUAL,10,114,2026-07-10T21:15:00+08:00
ac2df4c5-03d4-4998-906c-8ebb27833ac1,M-1563,SESS-20260710-2807-0156,RENTAL_ACCRUAL,25,134,2026-07-11T00:30:00+08:00
5471491d-46f8-4a5a-8781-8852eb5bf669,M-1191,SESS-20260710-4229-0157,RENTAL_ACCRUAL,16,143,2026-07-10T16:15:00+08:00
07b4f3fc-c19a-4a09-8278-5b3e02f05682,M-1581,SESS-20260710-4110-0158,RENTAL_REDEMPTION,-200,15,2026-07-10T20:35:00+08:00
ef4622e7-7030-4087-b7b6-5fe06042c179,M-1581,SESS-20260710-4110-0158,RENTAL_ACCRUAL,14,29,2026-07-10T23:35:00+08:00
35e40097-dfe5-4333-a1ce-2a77de8518ce,M-1399,SESS-20260710-5843-0159,RENTAL_ACCRUAL,27,283,2026-07-11T00:00:00+08:00
d14e1f3d-d156-47ed-8b4c-aabb5873e0d7,M-1285,SESS-20260710-2948-0160,RENTAL_ACCRUAL,16,137,2026-07-11T01:00:00+08:00
e5fc5fb9-2131-47e3-94a4-3da98bf6663c,M-1155,SESS-20260710-2034-0161,RENTAL_ACCRUAL,16,628,2026-07-10T23:30:00+08:00
94300a9e-6779-4dd3-9d10-d73297d9115f,M-1359,SESS-20260710-1119-0162,RENTAL_ACCRUAL,12,1851,2026-07-11T01:40:00+08:00
ef74aec9-4499-4113-9b8b-1ea2ab347f42,M-1719,SESS-20260710-5319-0163,RENTAL_ACCRUAL,11,172,2026-07-10T17:00:00+08:00
dfbfe6fe-68d3-4ddd-9d23-8b5fcc58b515,M-1215,SESS-20260710-2010-0164,RENTAL_REDEMPTION,-100,31,2026-07-10T21:15:00+08:00
9a4ece55-e461-4fb6-9921-bee5f104a38b,M-1215,SESS-20260710-2010-0164,RENTAL_ACCRUAL,10,41,2026-07-11T00:15:00+08:00
5907bf19-4943-444b-93b3-de5b04fa0c32,M-1117,SESS-20260710-6559-0165,RENTAL_ACCRUAL,16,218,2026-07-10T21:00:00+08:00
1e53227b-101f-4d92-80c0-87dd28992191,M-1428,SESS-20260710-6623-0166,RENTAL_ACCRUAL,24,107,2026-07-11T01:30:00+08:00
3885ad9f-67e4-4a9a-9c24-e871bd6a44e6,M-2119,SESS-20260710-4714-0167,RENTAL_ACCRUAL,5,52,2026-07-10T21:40:00+08:00
fe868c94-ca43-43be-86de-a0d2d8486c2d,M-2100,SESS-20260710-2870-0168,RENTAL_ACCRUAL,24,78,2026-07-10T21:30:00+08:00
35e948d3-92cb-4f67-81ce-56ebbdff8921,M-1639,SESS-20260710-3785-0169,RENTAL_ACCRUAL,24,159,2026-07-10T17:00:00+08:00
473373e7-a39e-46d0-a392-1760206036d7,M-2159,SESS-20260710-5007-0170,RENTAL_ACCRUAL,8,202,2026-07-10T22:15:00+08:00
2af8c815-c44e-4fd0-ab0b-36e285337433,M-1637,SESS-20260710-6929-0171,RENTAL_ACCRUAL,19,1153,2026-07-10T20:55:00+08:00
9cf39cda-e7e7-4922-8290-705470e7b099,M-1039,SESS-20260710-5057-0172,RENTAL_ACCRUAL,5,256,2026-07-10T23:10:00+08:00
dc9935af-f08e-46a2-a6a9-5d14fda09998,M-1635,SESS-20260710-8753-0173,RENTAL_ACCRUAL,5,108,2026-07-10T20:00:00+08:00
01f9172f-a2eb-483e-ad77-3b5f4df9c113,M-1325,SESS-20260710-7105-0174,RENTAL_ACCRUAL,28,232,2026-07-11T01:15:00+08:00
c7eaf6c7-7f3c-4ef7-8405-f2ac9b8549ba,M-1044,SESS-20260710-7492-0175,RENTAL_REDEMPTION,-100,626,2026-07-10T20:00:00+08:00
30e87d5b-9260-4715-9bc6-f251d0f59b9b,M-1044,SESS-20260710-7492-0175,RENTAL_ACCRUAL,11,637,2026-07-10T22:00:00+08:00
d96e8151-e2f9-47c9-93f9-45d3037b7e04,M-1362,SESS-20260710-3893-0176,RENTAL_ACCRUAL,10,154,2026-07-11T01:45:00+08:00
f7cf5e62-ddd9-4567-ad3d-9317151c038d,M-1641,SESS-20260710-1821-0177,RENTAL_REDEMPTION,-100,37,2026-07-10T08:15:00+08:00
3d39fbb3-37b2-41cd-a69e-14b6de92be60,M-1641,SESS-20260710-1821-0177,RENTAL_ACCRUAL,20,57,2026-07-10T13:15:00+08:00
cacaffd6-c500-49f1-a6ab-fdc6ba72b201,M-1036,SESS-20260710-8912-0178,RENTAL_ACCRUAL,11,497,2026-07-10T23:30:00+08:00
5be6d103-5064-410d-b7a8-bbf154742ca8,M-1048,SESS-20260710-3629-0179,RENTAL_ACCRUAL,72,476,2026-07-11T01:00:00+08:00
a60bb4d8-9fd7-4646-9f1b-9772479a0646,M-1200,SESS-20260710-2717-0180,RENTAL_ACCRUAL,15,189,2026-07-10T23:15:00+08:00
1839dd32-1b4e-441a-8bb4-58be4628b2ca,M-1200,TIER_UPGRADE_Standard_TO_Silver,TIER_BONUS,50,239,2026-07-10T23:15:00+08:00
061135c7-c935-469c-93ab-ad9bf223ba17,M-1574,SESS-20260710-1783-0181,RENTAL_ACCRUAL,10,143,2026-07-10T23:30:00+08:00
ee12420d-b9c3-4355-b629-7a84cc374bda,M-1522,SESS-20260710-1834-0182,RENTAL_ACCRUAL,9,372,2026-07-11T00:45:00+08:00
6cb9d099-2522-4316-b27b-7ef817cf90e1,M-1276,SESS-20260710-7939-0183,RENTAL_ACCRUAL,18,528,2026-07-10T20:45:00+08:00
f12471e6-2050-48e5-9a13-ed7dbc8dbbab,M-1251,SESS-20260710-1347-0184,RENTAL_ACCRUAL,15,118,2026-07-10T20:45:00+08:00
7afae564-f259-4465-b3e3-2cd6440fb6b9,M-1097,SESS-20260710-6844-0185,RENTAL_ACCRUAL,36,237,2026-07-10T21:30:00+08:00
7266d90c-1634-4b3b-8038-0274f7a6bc31,M-1097,TIER_UPGRADE_Standard_TO_Silver,TIER_BONUS,50,287,2026-07-10T21:30:00+08:00
bd2945e7-0af2-4aa2-b54e-25f2ec58cad3,M-1731,SESS-20260710-9537-0186,RENTAL_ACCRUAL,28,239,2026-07-10T18:30:00+08:00
513431fa-1083-458a-a0c7-4e56079a0fe5,M-1193,SESS-20260710-6666-0187,RENTAL_ACCRUAL,10,151,2026-07-10T20:55:00+08:00
3ac126e3-f715-4308-9992-270b745f9f1e,M-1569,SESS-20260710-3114-0188,RENTAL_ACCRUAL,15,141,2026-07-10T12:45:00+08:00
6a321164-14e3-4340-be31-a4818eb626e2,M-1569,TIER_UPGRADE_Standard_TO_Silver,TIER_BONUS,50,191,2026-07-10T12:45:00+08:00
d7c918b0-db09-4dd0-b61d-8254bbae552a,M-1403,SESS-20260710-8235-0189,RENTAL_ACCRUAL,28,2249,2026-07-11T00:45:00+08:00
0ca1d5b8-76a5-4922-bfbe-5f5e4d3d2ef0,M-1421,SESS-20260710-9319-0190,RENTAL_ACCRUAL,18,449,2026-07-10T23:30:00+08:00
294f2e76-d00f-4dd0-b24d-9313f401bdbb,M-1060,SESS-20260710-9837-0191,RENTAL_REDEMPTION,-100,54,2026-07-10T23:15:00+08:00
62c81114-3559-4d5c-9be9-4e4c6fc30839,M-1060,SESS-20260710-9837-0191,RENTAL_ACCRUAL,20,74,2026-07-11T04:15:00+08:00
90aed077-413c-489a-975c-1195856c164e,M-1363,SESS-20260710-2044-0192,RENTAL_ACCRUAL,10,71,2026-07-11T01:45:00+08:00
a6cb12f2-84b7-4701-b86f-9287d2b481e5,M-1363,TIER_UPGRADE_Standard_TO_Silver,TIER_BONUS,50,121,2026-07-11T01:45:00+08:00
60aa76d5-9e0b-416f-9f70-dc655eb194b5,M-1287,SESS-20260710-1242-0193,RENTAL_ACCRUAL,10,94,2026-07-10T18:40:00+08:00
a8b608c1-ffb4-463c-9518-d0906dc19a12,M-1993,SESS-20260710-4122-0194,RENTAL_ACCRUAL,16,84,2026-07-10T15:45:00+08:00
b837ff17-4475-436a-97fc-ebc7aa0b1f74,M-1827,SESS-20260710-1581-0195,RENTAL_ACCRUAL,28,249,2026-07-10T21:30:00+08:00
f3994663-34ec-42bd-8d9a-25d163e12f7c,M-1597,SESS-20260710-4712-0196,RENTAL_ACCRUAL,27,283,2026-07-10T17:20:00+08:00
16135aea-d9f6-4679-ae21-cf62a9e61c9a,M-1478,SESS-20260710-9920-0197,RENTAL_REDEMPTION,-100,193,2026-07-10T22:15:00+08:00
5aa2be1b-9743-4bbc-9d34-671ffb5b88af,M-1478,SESS-20260710-9920-0197,RENTAL_ACCRUAL,10,203,2026-07-11T01:15:00+08:00
31bd39f1-c488-45b1-bb68-59f0cbd7aa53,M-1586,SESS-20260710-3334-0198,RENTAL_ACCRUAL,28,293,2026-07-11T00:15:00+08:00
3a4c0424-94a8-40cd-8334-d097354efdac,M-1446,SESS-20260710-9720-0199,RENTAL_ACCRUAL,5,61,2026-07-10T23:00:00+08:00
638049c8-416c-45d6-ba35-65ba6e0a3cb2,M-1643,SESS-20260710-6587-0200,RENTAL_ACCRUAL,24,235,2026-07-11T02:05:00+08:00
79ef0e62-e3d0-4ea9-97b7-3afebdeee1a1,M-1338,SESS-20260710-6981-0201,RENTAL_ACCRUAL,40,230,2026-07-11T03:55:00+08:00
cf95ade3-6be0-4021-97a5-844bc087ff9f,M-1345,SESS-20260710-2714-0202,RENTAL_REDEMPTION,-200,102,2026-07-10T21:45:00+08:00
3bdae9cd-c4e7-446b-a0ab-0073cfb4b26f,M-1345,SESS-20260710-2714-0202,RENTAL_ACCRUAL,4,106,2026-07-11T00:45:00+08:00
f87c265a-fcdd-460d-851b-8fff414c30dd,M-1210,SESS-20260710-9249-0203,RENTAL_REDEMPTION,-200,772,2026-07-10T18:30:00+08:00
cce555f7-744a-4a5c-9a53-44b0b34d6da3,M-1210,SESS-20260710-9249-0203,RENTAL_ACCRUAL,4,776,2026-07-10T21:30:00+08:00
9082e03d-d223-4a73-b4a8-8a9c3245a5e2,M-1701,SESS-20260710-5202-0204,RENTAL_ACCRUAL,15,160,2026-07-10T21:00:00+08:00
0ea9efa0-4a04-459e-8095-c4c370657a37,M-1260,SESS-20260710-1833-0205,RENTAL_REDEMPTION,-300,308,2026-07-10T23:15:00+08:00
0565b362-0f24-447d-bf08-be1ae5f6bb72,M-1260,SESS-20260710-1833-0205,RENTAL_ACCRUAL,8,316,2026-07-11T01:15:00+08:00
f07f2e3f-b57e-430d-b859-b89e82378474,M-1288,SESS-20260710-2360-0206,RENTAL_ACCRUAL,28,858,2026-07-11T00:25:00+08:00
be3f21b1-1a13-4c36-a01a-5d90114b8c3a,M-1733,SESS-20260710-8045-0207,RENTAL_ACCRUAL,5,155,2026-07-10T17:45:00+08:00
b47cc6e6-2c08-45b4-9dec-5872f03849f6,M-1779,SESS-20260710-8192-0208,RENTAL_ACCRUAL,28,161,2026-07-11T04:20:00+08:00
10df9fb1-3069-48c0-9c11-5768930ab534,M-1780,SESS-20260710-7180-0209,RENTAL_REDEMPTION,-100,9,2026-07-10T19:45:00+08:00
d8d6c5f5-2a21-4f1c-8dfd-9b9af58a96bc,M-1780,SESS-20260710-7180-0209,RENTAL_ACCRUAL,19,28,2026-07-10T21:45:00+08:00
f8cd4f41-e21b-4a74-83f8-9ebbb705cf6b,M-1818,SESS-20260710-8823-0210,RENTAL_ACCRUAL,40,303,2026-07-11T00:50:00+08:00
e5aa9812-f9c9-47fc-998a-7e4ae447cd12,M-1382,SESS-20260710-6163-0211,RENTAL_ACCRUAL,25,161,2026-07-10T22:10:00+08:00
06b272ea-8af1-4a6b-8918-a96a8372643a,M-1283,SESS-20260710-2268-0212,RENTAL_REDEMPTION,-100,33,2026-07-10T13:15:00+08:00
24f1f4a7-bd06-4dfc-8994-f29922c83632,M-1283,SESS-20260710-2268-0212,RENTAL_ACCRUAL,19,52,2026-07-10T15:15:00+08:00
6c280809-060e-4492-b7ad-011081feaaa8,M-1251,SESS-20260710-2751-0213,RENTAL_REDEMPTION,-100,18,2026-07-10T21:00:00+08:00
edd6bc1a-1dfd-4975-8cde-354fdb2ea886,M-1251,SESS-20260710-2751-0213,RENTAL_ACCRUAL,11,29,2026-07-10T23:00:00+08:00
8cb491eb-6290-47cc-bf6d-e6596c7e3b63,M-1925,SESS-20260710-7666-0214,RENTAL_ACCRUAL,25,170,2026-07-10T09:45:00+08:00
6ed8978f-1dd7-4e36-aa6a-c7b0dd0d4e76,M-1430,SESS-20260710-2038-0215,RENTAL_ACCRUAL,14,1230,2026-07-10T19:00:00+08:00
9071660c-7835-4a1e-83dc-23bcfce86c40,M-1122,SESS-20260710-7345-0216,RENTAL_ACCRUAL,11,80,2026-07-10T11:55:00+08:00
1a9d5f43-8215-4537-a37f-412286f23e68,M-1534,SESS-20260710-1132-0217,RENTAL_ACCRUAL,11,319,2026-07-10T20:00:00+08:00
eb1cb50d-9013-4e0f-ae17-a805f92f30de,M-1596,SESS-20260710-1412-0218,RENTAL_ACCRUAL,27,374,2026-07-10T21:10:00+08:00
3e4d41c2-6db3-4b19-a65f-b53615fada98,M-1774,SESS-20260710-3645-0219,RENTAL_ACCRUAL,5,102,2026-07-10T20:15:00+08:00
6a202d83-b2c4-4eb6-b530-b62738f28414,M-1241,SESS-20260710-7152-0220,RENTAL_ACCRUAL,36,154,2026-07-11T01:00:00+08:00
4fbed06d-7aea-4a89-8616-6f8e731ea862,M-1227,SESS-20260710-4469-0221,RENTAL_ACCRUAL,16,237,2026-07-10T22:00:00+08:00
b64526c5-dc56-41db-ae33-4f222508aef7,M-1266,SESS-20260710-3834-0222,RENTAL_ACCRUAL,24,220,2026-07-10T23:30:00+08:00
2ab86d44-3a35-42b3-bd1b-87241968a848,M-1173,SESS-20260710-6589-0223,RENTAL_ACCRUAL,11,169,2026-07-10T21:15:00+08:00
837aae9c-dc7e-4919-87b2-e860342a68fb,M-1326,SESS-20260710-4966-0224,RENTAL_ACCRUAL,10,85,2026-07-11T01:45:00+08:00
d9fb36c6-b9d0-44c0-8fcc-91ecc10711e1,M-1692,SESS-20260710-8216-0225,RENTAL_ACCRUAL,18,2286,2026-07-11T00:15:00+08:00
6ff25852-42d2-420f-b483-da4334a01da2,M-1554,SESS-20260710-4988-0226,RENTAL_ACCRUAL,5,674,2026-07-10T22:10:00+08:00
aec7626b-3ade-4562-9f8a-8f7ab521b694,M-1812,SESS-20260710-5952-0227,RENTAL_ACCRUAL,16,184,2026-07-11T00:45:00+08:00
e9e0f6dd-7781-493f-bb4a-46372d050efd,M-1817,SESS-20260710-8770-0228,RENTAL_ACCRUAL,5,312,2026-07-10T16:00:00+08:00
2ddb2624-73c8-45bf-814b-80d3a9eb7005,M-1349,SESS-20260710-6353-0229,RENTAL_ACCRUAL,27,478,2026-07-11T02:40:00+08:00
904bbb9b-c6a6-483a-8444-d19d1223cb39,M-1126,SESS-20260710-8224-0230,RENTAL_ACCRUAL,5,43,2026-07-11T00:25:00+08:00
bba3babc-1fe2-40a1-a4ec-92a3fc5fccaa,M-1179,SESS-20260710-3135-0231,RENTAL_ACCRUAL,16,371,2026-07-11T00:10:00+08:00
8fa31bec-b02d-4671-9dce-a1b2261019c2,M-1525,SESS-20260710-4202-0232,RENTAL_REDEMPTION,-300,244,2026-07-10T16:30:00+08:00
3c970a1f-2aa7-495b-96a5-f2ced7409901,M-1525,SESS-20260710-4202-0232,RENTAL_ACCRUAL,21,265,2026-07-10T19:30:00+08:00
a0182f0d-4a87-4d88-81e4-f58c76a8549a,M-2027,SESS-20260710-9235-0233,RENTAL_ACCRUAL,25,96,2026-07-10T16:45:00+08:00
989a8956-a335-469a-8a20-9cb6d773a72d,M-1085,SESS-20260710-3387-0234,RENTAL_REDEMPTION,-200,45,2026-07-10T22:15:00+08:00
191e81bc-f0ba-48e9-ab85-82e5dfa336cc,M-1085,SESS-20260710-3387-0234,RENTAL_ACCRUAL,5,50,2026-07-11T01:15:00+08:00
2beac953-a25d-43c8-b8ce-c8ee34e204d5,M-1787,SESS-20260710-3001-0235,RENTAL_ACCRUAL,10,137,2026-07-10T20:00:00+08:00
6197dc48-1ceb-4a88-9699-f0d86c56ba1b,M-1627,SESS-20260710-4836-0236,RENTAL_REDEMPTION,-100,68,2026-07-10T22:10:00+08:00
43af5300-0a0f-4b63-afa8-929412566dd6,M-1627,SESS-20260710-4836-0236,RENTAL_ACCRUAL,38,106,2026-07-11T06:10:00+08:00
ec7680ce-940e-4003-a560-e23d6204a21e,M-1091,SESS-20260710-3433-0237,RENTAL_ACCRUAL,15,58,2026-07-11T00:35:00+08:00
0582f806-7aec-4391-9d54-40e55f1f051a,M-1751,SESS-20260710-7020-0238,RENTAL_ACCRUAL,45,369,2026-07-11T00:45:00+08:00
0d2d639e-421b-4f4b-a3d0-116deb8a3ad2,M-1693,SESS-20260710-5637-0239,RENTAL_ACCRUAL,11,454,2026-07-10T21:45:00+08:00
d516b780-014a-4b4b-a173-f4cfe1a04e5c,M-1395,SESS-20260710-6623-0240,RENTAL_ACCRUAL,15,186,2026-07-10T21:35:00+08:00
439eec47-766f-4a8e-8e2b-079b399e20a4,M-1005,SESS-20260710-5100-0241,RENTAL_REDEMPTION,-100,66,2026-07-10T23:55:00+08:00
714f9446-ae10-431b-a139-89ba0bf58091,M-1005,SESS-20260710-5100-0241,RENTAL_ACCRUAL,35,101,2026-07-11T07:55:00+08:00
d710bdff-1abc-4686-9783-3f835abdadf2,M-1391,SESS-20260710-7441-0242,RENTAL_ACCRUAL,67,167,2026-07-10T21:15:00+08:00
511137fc-4e03-49cd-9859-c77cf54aff12,M-1186,SESS-20260710-1095-0243,RENTAL_ACCRUAL,27,339,2026-07-10T23:30:00+08:00
fb87f20d-2c38-4348-94e8-b5620fe8faee,M-1418,SESS-20260710-2527-0244,RENTAL_ACCRUAL,15,69,2026-07-11T00:10:00+08:00
b3286219-e08b-4c61-b43e-0c1fb77b2321,M-1103,SESS-20260710-7663-0245,RENTAL_ACCRUAL,15,178,2026-07-10T19:45:00+08:00
adaf72a2-4d79-42b0-9898-2f03fcc2a0dc,M-1348,SESS-20260710-6756-0246,RENTAL_ACCRUAL,25,191,2026-07-10T16:30:00+08:00
2551c046-c8d6-4846-9d18-da8d146aed12,M-1659,SESS-20260710-3482-0247,RENTAL_REDEMPTION,-100,3,2026-07-10T03:05:00+08:00
ab4730a8-a5d2-49f1-bd8a-9d92889755c3,M-1659,SESS-20260710-3482-0247,RENTAL_ACCRUAL,35,38,2026-07-10T11:05:00+08:00
32baf89f-a537-48d6-a751-27fe9848459c,M-1375,SESS-20260710-3819-0248,RENTAL_ACCRUAL,24,122,2026-07-10T21:30:00+08:00
d536f5d0-bb60-4845-94bc-db0cc3d7f2ba,M-1025,SESS-20260710-4086-0249,RENTAL_ACCRUAL,12,76,2026-07-10T22:45:00+08:00
ade8dd51-c15a-47d2-ba9e-fd5fafc5911c,M-1245,SESS-20260710-8599-0250,RENTAL_ACCRUAL,5,92,2026-07-10T22:45:00+08:00
617e8a69-7209-4b5f-b811-0b957632a29b,M-1714,SESS-20260710-3815-0251,RENTAL_ACCRUAL,15,111,2026-07-10T20:50:00+08:00
185f2acc-fd6f-4e0f-a878-c84db1f27cc4,M-1769,SESS-20260710-7761-0252,RENTAL_ACCRUAL,25,158,2026-07-10T20:30:00+08:00
7524e872-0bc4-4c0c-9e8c-874dbd38a576,M-1769,TIER_UPGRADE_Standard_TO_Silver,TIER_BONUS,50,208,2026-07-10T20:30:00+08:00
2ba9fa27-bc32-47b6-87a7-661675f5e937,M-1265,SESS-20260710-5634-0253,RENTAL_ACCRUAL,9,302,2026-07-10T21:00:00+08:00
2195d021-6bbd-44d3-880d-4ed35f147512,M-1360,SESS-20260710-5855-0254,RENTAL_ACCRUAL,10,77,2026-07-10T23:00:00+08:00
3f1901b6-db73-45e0-bacb-8d370d3d28f4,M-1514,SESS-20260710-6822-0255,RENTAL_ACCRUAL,15,184,2026-07-11T00:15:00+08:00
18c7ace8-c819-42e8-bc6e-8d1059d5d8b4,M-1577,SESS-20260710-9126-0256,RENTAL_ACCRUAL,27,219,2026-07-11T01:40:00+08:00
6365e093-76d1-4730-897e-14fb04cbfc93,M-1284,SESS-20260710-4016-0257,RENTAL_ACCRUAL,10,213,2026-07-10T18:45:00+08:00
b27338ac-2733-4cfe-adb5-216bec9df394,M-1364,SESS-20260710-7005-0258,RENTAL_ACCRUAL,28,557,2026-07-11T02:05:00+08:00
ddc08941-28f2-442b-b1e1-c3b409cac1c6,M-1336,SESS-20260710-9921-0259,RENTAL_ACCRUAL,5,110,2026-07-10T19:30:00+08:00
8bf8b444-a72b-4265-8ec0-6e75d47ef602,M-1334,SESS-20260710-6006-0260,RENTAL_ACCRUAL,24,203,2026-07-11T00:00:00+08:00
06d81608-60b5-4e27-bbd4-f16bbe8f37a4,M-1339,SESS-20260710-6535-0261,RENTAL_ACCRUAL,8,58,2026-07-10T23:15:00+08:00
52d326e2-b2d4-406b-903f-1a72d014f7cb,M-1870,SESS-20260710-9397-0262,RENTAL_ACCRUAL,16,272,2026-07-11T01:50:00+08:00
32208cb5-734a-44d8-87c0-b2302034a5bd,M-1084,SESS-20260710-6205-0263,RENTAL_ACCRUAL,24,103,2026-07-10T18:55:00+08:00
bcdef17a-a55a-4753-9268-6c5c5b89080b,M-1768,SESS-20260710-4531-0264,RENTAL_ACCRUAL,27,138,2026-07-10T14:15:00+08:00
36fda90e-948a-4535-a403-8cc655898213,M-1200,SESS-20260710-2716-0265,RENTAL_ACCRUAL,27,266,2026-07-11T02:40:00+08:00
ef8f5085-95de-4dcb-9005-4abe3dd5ca47,M-1651,SESS-20260710-8741-0266,RENTAL_ACCRUAL,10,114,2026-07-10T22:55:00+08:00
c184bd05-3a3e-493e-b184-e080c368a3a9,M-1444,SESS-20260710-1784-0267,RENTAL_ACCRUAL,30,3286,2026-07-11T01:25:00+08:00
ef20ca7b-dd46-4bcd-bad8-6253fa15a09b,M-1555,SESS-20260710-1918-0268,RENTAL_ACCRUAL,15,92,2026-07-10T22:00:00+08:00
75a7e4ed-0d69-47d6-be85-273036bb42f7,M-1614,SESS-20260710-1725-0269,RENTAL_ACCRUAL,15,87,2026-07-10T16:00:00+08:00
df55620a-3f6c-41b6-ab7b-678d5998a74e,M-1032,SESS-20260710-9428-0270,RENTAL_ACCRUAL,25,126,2026-07-11T01:55:00+08:00
5b52f996-6489-4a4a-b62c-a55488d8306e,M-1803,SESS-20260710-3506-0271,RENTAL_ACCRUAL,25,178,2026-07-11T02:00:00+08:00
fe76a6c0-55b1-4149-8575-56dcfb2e95e8,M-1477,SESS-20260710-2175-0272,RENTAL_ACCRUAL,15,196,2026-07-11T01:00:00+08:00
038ff23e-7a8a-4cc0-8dc3-6513655eda0e,M-1369,SESS-20260710-2823-0273,RENTAL_ACCRUAL,28,247,2026-07-11T02:40:00+08:00
5e81da97-70f0-404e-b386-dd41c8a656da,M-1740,SESS-20260710-2399-0274,RENTAL_ACCRUAL,12,1594,2026-07-10T15:15:00+08:00
af4628e5-1588-43ef-a217-e40dba8bb319,M-1547,SESS-20260710-6015-0275,RENTAL_ACCRUAL,15,127,2026-07-10T07:15:00+08:00
9b894647-8124-42be-98dc-b97e15e17807,M-1013,SESS-20260710-5913-0276,RENTAL_REDEMPTION,-100,133,2026-07-10T21:05:00+08:00
6b175c29-8f8b-4efe-a575-28b478f335d9,M-1013,SESS-20260710-5913-0276,RENTAL_ACCRUAL,20,153,2026-07-11T00:05:00+08:00
d4313047-b57e-40ce-b67c-03c557e5510f,M-1533,SESS-20260710-6287-0277,RENTAL_ACCRUAL,40,707,2026-07-10T17:30:00+08:00
1fb2771b-9088-437c-a417-8ef4372a3a1e,M-1114,SESS-20260710-6854-0278,RENTAL_ACCRUAL,16,93,2026-07-10T20:00:00+08:00
3afafe50-1393-443c-ba29-275a14413dee,M-1681,SESS-20260710-8510-0279,RENTAL_ACCRUAL,25,79,2026-07-10T22:45:00+08:00
633d956d-38e3-40e0-83c3-8054728c2158,M-1719,SESS-20260710-9420-0280,RENTAL_ACCRUAL,11,183,2026-07-11T00:15:00+08:00
68988bfc-c4d9-4d91-b1d9-dc2e59c80781,M-1298,SESS-20260710-7759-0281,RENTAL_ACCRUAL,16,283,2026-07-10T18:35:00+08:00
0c4eb847-9286-4952-b6fa-460dab39e820,M-1361,SESS-20260710-5868-0282,RENTAL_ACCRUAL,11,54,2026-07-10T22:15:00+08:00
62ddfe84-79eb-4d7b-b13b-8f81d86adf7f,M-1358,SESS-20260710-9509-0283,RENTAL_ACCRUAL,25,116,2026-07-10T21:00:00+08:00
f7a25962-5464-4baf-b07d-fea5a0ad9adf,M-1404,SESS-20260710-6651-0284,RENTAL_ACCRUAL,16,128,2026-07-11T01:00:00+08:00
fd6a4307-a3d1-4993-bab2-b23b38ea4831,M-1292,SESS-20260710-1665-0285,RENTAL_ACCRUAL,9,352,2026-07-10T22:00:00+08:00
83bb818b-3d97-4cbd-9d0b-1797e48f86f1,M-1457,SESS-20260710-3606-0286,RENTAL_ACCRUAL,60,219,2026-07-11T02:45:00+08:00
bb4724b3-5675-41fd-b26e-9f2b81643ec5,M-1378,SESS-20260710-7988-0287,RENTAL_ACCRUAL,12,160,2026-07-10T19:45:00+08:00
528a70f0-20de-4812-bf52-a2ce67aca1e8,M-1169,SESS-20260710-9070-0288,RENTAL_ACCRUAL,16,282,2026-07-10T23:00:00+08:00
357dcb14-65a1-4785-825a-c93a1ddc320f,M-1409,SESS-20260710-6491-0289,RENTAL_REDEMPTION,-100,56,2026-07-10T23:15:00+08:00
e7a6168f-2357-43f4-93c1-059ba41e3c80,M-1409,SESS-20260710-6491-0289,RENTAL_ACCRUAL,5,61,2026-07-11T01:15:00+08:00
9fdb32bd-cb2e-4f65-96e7-b1fc89063336,M-2163,SESS-20260710-8972-0290,RENTAL_ACCRUAL,36,129,2026-07-11T02:00:00+08:00
d2352f5f-1a65-41c2-af49-781914dc5a13,M-1562,SESS-20260710-8153-0291,RENTAL_ACCRUAL,16,640,2026-07-10T19:25:00+08:00
ffa2f533-abbd-4ba2-b309-55bb8c6db6df,M-1679,SESS-20260710-2098-0292,RENTAL_ACCRUAL,11,311,2026-07-10T23:45:00+08:00
2004c197-7809-4f1e-834c-5d6ba1d95917,M-1167,SESS-20260710-1936-0293,RENTAL_ACCRUAL,67,380,2026-07-11T02:45:00+08:00
9b2f4741-0ea1-4e6c-ab44-977d96bc9d61,M-1167,TIER_UPGRADE_Silver_TO_Gold,TIER_BONUS,100,480,2026-07-11T02:45:00+08:00
fcd2b634-1b8f-453e-9617-06f92da6cc4c,M-1817,SESS-20260710-4238-0294,RENTAL_REDEMPTION,-200,112,2026-07-10T19:40:00+08:00
63d493e5-79c8-44a7-92a7-9431a5583f3f,M-1817,SESS-20260710-4238-0294,RENTAL_ACCRUAL,15,127,2026-07-11T00:40:00+08:00
166bb34f-5523-4686-8503-7034a9be4a64,M-1121,SESS-20260710-9879-0295,RENTAL_ACCRUAL,27,237,2026-07-10T23:15:00+08:00
e94c79fb-f6d6-4e50-827e-70b98f2ba747,M-1838,SESS-20260710-5450-0296,RENTAL_ACCRUAL,11,234,2026-07-10T23:55:00+08:00
20681b50-3bb3-433f-be2a-e908043b5f6f,M-1156,SESS-20260710-4259-0297,RENTAL_ACCRUAL,13,271,2026-07-10T22:20:00+08:00
6d3db5bc-e0e0-45bc-84cd-7beb8da85282,M-1419,SESS-20260710-1156-0298,RENTAL_ACCRUAL,5,257,2026-07-11T00:15:00+08:00
59396929-6cfa-4a32-befa-75461e08897b,M-1749,SESS-20260710-6944-0299,RENTAL_ACCRUAL,15,192,2026-07-10T21:10:00+08:00
011de5e6-d531-4efa-baaa-46eceaddf5f5,M-1622,SESS-20260710-1343-0300,RENTAL_ACCRUAL,10,89,2026-07-10T22:05:00+08:00
bff8ec80-9407-4f80-b203-d3c9453c4dfb,M-1193,SESS-20260710-4085-0301,RENTAL_ACCRUAL,10,161,2026-07-11T01:05:00+08:00
12c5cb51-704c-4f66-9a83-156e0b1aac1c,M-1738,SESS-20260710-4133-0302,RENTAL_ACCRUAL,15,95,2026-07-11T00:10:00+08:00
7936c03c-b7bb-48d9-b1f5-cbc3966a157c,M-1088,SESS-20260710-7643-0303,RENTAL_ACCRUAL,28,238,2026-07-11T03:35:00+08:00
e11ce4dd-6197-487a-916f-1792d9d89a41,M-1086,SESS-20260710-9479-0304,RENTAL_REDEMPTION,-100,90,2026-07-10T22:55:00+08:00
3c0a4a2e-d0b7-493f-bf95-665f562ffca3,M-1145,SESS-20260710-3399-0305,RENTAL_ACCRUAL,5,88,2026-07-10T16:30:00+08:00
4ad37b17-825e-435f-8b8f-a5ce7954f7fb,M-1056,SESS-20260710-6143-0306,RENTAL_REDEMPTION,-100,62,2026-07-10T23:45:00+08:00
754b73a8-4b95-418a-a614-118766b224a3,M-1998,SESS-20260710-9431-0307,RENTAL_ACCRUAL,16,116,2026-07-11T01:25:00+08:00
9d0419be-be51-4dd5-a7cd-f83e3baa0370,M-1593,SESS-20260710-7014-0308,RENTAL_ACCRUAL,10,177,2026-07-10T23:25:00+08:00
8e801f36-3dda-4a9d-a0d1-51daf6ce4834,M-1185,SESS-20260710-9611-0309,RENTAL_ACCRUAL,15,157,2026-07-11T02:45:00+08:00
ed8cb775-84bd-490c-9cb5-6e829bba32fa,M-1047,SESS-20260710-4107-0310,RENTAL_ACCRUAL,25,122,2026-07-11T00:45:00+08:00
3dffd90c-a7bb-407e-b87f-f4df2a511ccd,M-1690,SESS-20260710-3782-0311,RENTAL_ACCRUAL,11,151,2026-07-10T13:15:00+08:00
18eec1cf-6be7-4c78-8c75-3d3d71fe6a71,M-1084,SESS-20260710-5302-0312,RENTAL_REDEMPTION,-100,3,2026-07-10T22:15:00+08:00
a508d3df-227a-4926-ac21-ef30fcda8280,M-1084,SESS-20260710-5302-0312,RENTAL_ACCRUAL,3,6,2026-07-10T23:15:00+08:00
720ba4bb-75ec-4613-b9a9-4a5d0d3e5e32,M-1415,SESS-20260710-2872-0313,RENTAL_ACCRUAL,43,1312,2026-07-11T00:15:00+08:00
f8a1de14-815a-4e7c-b41a-bbf6ae4d077c,M-1495,SESS-20260710-1758-0314,RENTAL_REDEMPTION,-100,23,2026-07-10T21:45:00+08:00
9ea40723-b497-416d-923d-8fb6f410ef65,M-1495,SESS-20260710-1758-0314,RENTAL_ACCRUAL,11,34,2026-07-10T23:45:00+08:00
0e51dd97-9024-4f7e-9d3f-3ab51e72e8ea,M-1669,SESS-20260710-9736-0315,RENTAL_ACCRUAL,15,59,2026-07-10T17:00:00+08:00
97e5204c-d264-4d60-9c61-6923dfbe15f1,M-1741,SESS-20260710-8403-0316,RENTAL_ACCRUAL,27,449,2026-07-11T02:15:00+08:00
2d65a39e-4412-498d-af2d-f1b0d35ee50f,M-1558,SESS-20260710-5876-0317,RENTAL_ACCRUAL,16,293,2026-07-11T02:05:00+08:00
ff551fe4-97e1-4c95-9109-f1168025180c,M-1983,SESS-20260710-4117-0318,RENTAL_REDEMPTION,-100,63,2026-07-10T22:10:00+08:00
723524b1-9262-47bf-a0ea-eeb9b97d360c,M-1983,SESS-20260710-4117-0318,RENTAL_ACCRUAL,35,98,2026-07-11T03:10:00+08:00
fb1230c1-534e-4f7c-a81c-a6cb17c659b4,M-1272,SESS-20260710-5968-0319,RENTAL_ACCRUAL,18,1298,2026-07-11T00:15:00+08:00
079ffed0-c75c-48ca-97b2-a735fc8518b8,M-1804,SESS-20260710-4730-0320,RENTAL_ACCRUAL,15,111,2026-07-10T23:30:00+08:00
0b15fef5-3621-48bd-9696-4a124415bf54,M-1743,SESS-20260710-6196-0321,RENTAL_ACCRUAL,11,110,2026-07-11T00:00:00+08:00
d18b6fd2-9604-4170-a71c-c02667c8f89e,M-1569,SESS-20260710-9140-0322,RENTAL_ACCRUAL,45,236,2026-07-11T00:15:00+08:00
0d89f596-c74f-41a4-9cf4-6d5ce02b3a06,M-1439,SESS-20260710-6839-0323,RENTAL_ACCRUAL,10,190,2026-07-10T21:50:00+08:00
4c29add9-9e4f-4422-895d-8356d1349988,M-1728,SESS-20260710-9290-0324,RENTAL_ACCRUAL,5,235,2026-07-10T20:15:00+08:00
28ba1f8b-ed83-4fb7-99f3-447f2d4702c6,M-1380,SESS-20260710-9949-0325,RENTAL_ACCRUAL,16,103,2026-07-11T02:50:00+08:00
ee3f683a-e521-4545-8504-a597df1bac3d,M-1099,SESS-20260710-1834-0326,RENTAL_ACCRUAL,24,60,2026-07-11T01:20:00+08:00
721d9f98-eb4b-47c4-a79d-2392ed61dcd9,M-1793,SESS-20260710-3383-0327,RENTAL_ACCRUAL,18,911,2026-07-10T20:00:00+08:00
2f43cbdc-84ba-4164-a482-cb289d2937b2,M-1271,SESS-20260710-5110-0328,RENTAL_ACCRUAL,5,75,2026-07-10T11:00:00+08:00
613d7577-a5da-45ad-b908-07a0ecec14af,M-1645,SESS-20260710-5891-0329,RENTAL_REDEMPTION,-100,41,2026-07-10T20:25:00+08:00
112978db-8e14-4ca0-a5ae-09815e51d593,M-1645,SESS-20260710-5891-0329,RENTAL_ACCRUAL,10,51,2026-07-10T23:25:00+08:00
2a08b4c3-1a3b-452e-a3fe-05f735014cd1,M-1207,SESS-20260710-5931-0330,RENTAL_ACCRUAL,40,151,2026-07-11T03:30:00+08:00
acade22b-3314-4d07-a441-094ccb695cfa,M-1207,TIER_UPGRADE_Standard_TO_Silver,TIER_BONUS,50,201,2026-07-11T03:30:00+08:00
aff58628-a0a0-4597-920d-50b3dc090913,M-1551,SESS-20260710-5606-0331,RENTAL_ACCRUAL,18,88,2026-07-10T21:05:00+08:00
7baf5697-887f-4d0e-a916-fe4160b1073a,M-1280,SESS-20260710-6227-0332,RENTAL_ACCRUAL,5,173,2026-07-11T00:40:00+08:00
7bf36f52-55cd-4690-9aa5-60102e72e72e,M-1475,SESS-20260710-6852-0333,RENTAL_ACCRUAL,28,251,2026-07-11T03:15:00+08:00
074a0348-4e74-4f85-9d5b-939f1fcf52ce,M-1806,SESS-20260710-1872-0334,RENTAL_ACCRUAL,5,132,2026-07-10T23:30:00+08:00
be568e98-fa8c-42f7-b629-9f04372b5682,M-1309,SESS-20260710-3723-0335,RENTAL_ACCRUAL,24,223,2026-07-11T01:30:00+08:00
54fa1924-e309-4109-bbc0-7adff7b38fe5,M-1582,SESS-20260710-6630-0336,RENTAL_ACCRUAL,9,113,2026-07-10T11:45:00+08:00
156c28a0-ac94-4ee8-b852-59e91e91bac2,M-1405,SESS-20260710-1376-0337,RENTAL_ACCRUAL,64,267,2026-07-11T05:05:00+08:00
bb4bb9c9-6e9b-4064-a18b-7bda46830e67,M-1405,TIER_UPGRADE_Standard_TO_Silver,TIER_BONUS,50,317,2026-07-11T05:05:00+08:00
ccdd9d64-ee36-403a-a11a-521b597243a9,M-1421,SESS-20260710-5025-0338,RENTAL_ACCRUAL,28,477,2026-07-11T04:45:00+08:00
d2dcfead-e43f-4b15-aa97-9c77883f0a87,M-1760,SESS-20260710-5828-0339,RENTAL_ACCRUAL,15,89,2026-07-10T23:30:00+08:00
5f230515-620d-40a0-a7b2-beaae3f54a5f,M-1677,SESS-20260710-4739-0340,RENTAL_REDEMPTION,-100,39,2026-07-10T20:15:00+08:00
48df924f-809b-45aa-9eb2-54e2d7c5a900,M-1677,SESS-20260710-4739-0340,RENTAL_ACCRUAL,11,50,2026-07-10T22:15:00+08:00
f9116ba7-2ba9-493f-ad5b-79887cf803db,M-1668,SESS-20260710-7666-0341,RENTAL_ACCRUAL,16,91,2026-07-11T01:55:00+08:00
b4e506de-dcc8-4cf4-b432-220721f647f2,M-1252,SESS-20260710-5472-0342,RENTAL_ACCRUAL,45,658,2026-07-11T01:30:00+08:00
c4ec25b0-94ea-4503-9bef-0733004416fc,M-1251,SESS-20260710-8967-0343,RENTAL_ACCRUAL,5,34,2026-07-11T00:00:00+08:00
e6d718f2-3146-4562-82b5-9f0723178df3,M-1119,SESS-20260710-3852-0344,RENTAL_REDEMPTION,-100,29,2026-07-10T22:15:00+08:00
75356a77-f5ce-4423-b3b3-a41f3ef2ee51,M-1119,SESS-20260710-3852-0344,RENTAL_ACCRUAL,35,64,2026-07-11T06:15:00+08:00
272ecf38-0555-4d54-9f30-466101dc90ce,M-1543,SESS-20260710-9461-0345,RENTAL_ACCRUAL,27,149,2026-07-10T22:45:00+08:00
94ae5bd2-bdae-47e8-85d1-6372da4fd492,M-1065,SESS-20260710-1264-0346,RENTAL_ACCRUAL,9,598,2026-07-10T23:20:00+08:00
a6454d68-43e8-4665-9890-b5454e4207a0,M-1006,SESS-20260710-6535-0347,RENTAL_ACCRUAL,10,210,2026-07-10T22:15:00+08:00
fdd8fc1a-82e7-4a19-93f1-9e59b5c0e186,M-1059,SESS-20260710-2368-0348,RENTAL_ACCRUAL,16,97,2026-07-11T00:00:00+08:00
5d4f7c97-16e8-468d-b922-5c60a91932c5,M-1030,SESS-20260710-5017-0349,RENTAL_ACCRUAL,24,124,2026-07-11T00:00:00+08:00
fe952f53-48a7-4589-947e-671221238af9,M-1509,SESS-20260710-5815-0350,RENTAL_ACCRUAL,27,307,2026-07-10T20:15:00+08:00
a68071ba-25e7-4c51-94ef-aa70a29c5aef,M-1482,SESS-20260710-6078-0351,RENTAL_REDEMPTION,-100,22,2026-07-10T11:10:00+08:00
835bfd1e-af52-47b3-b103-fb2cae5062ac,M-1482,SESS-20260710-6078-0351,RENTAL_ACCRUAL,10,32,2026-07-10T14:10:00+08:00
123c85f0-35ae-4f02-9fa5-939ed26f28d0,M-1182,SESS-20260710-5241-0352,RENTAL_ACCRUAL,25,154,2026-07-10T20:20:00+08:00
14db28d1-b025-45b2-8d19-1f7ca8d72d8a,M-1416,SESS-20260710-3128-0353,RENTAL_ACCRUAL,12,2952,2026-07-10T21:00:00+08:00
d7e936e7-a9a6-459a-8478-a00c37dc8667,M-1597,SESS-20260710-9569-0354,RENTAL_REDEMPTION,-200,83,2026-07-10T22:35:00+08:00
65798462-4987-42ff-81c8-002e98aa9e6a,M-1597,SESS-20260710-9569-0354,RENTAL_ACCRUAL,14,97,2026-07-11T00:35:00+08:00
f1c98946-e2df-4ff0-967e-e76fdd2cc437,M-1244,SESS-20260710-8786-0355,RENTAL_ACCRUAL,40,224,2026-07-11T04:25:00+08:00
2e203ef7-f858-43f7-9b6a-5e363b90f040,M-1513,SESS-20260710-9497-0356,RENTAL_ACCRUAL,11,213,2026-07-10T23:45:00+08:00
551590d6-d5ef-4b4b-963a-8bd059a7169c,M-1258,SESS-20260710-4558-0357,RENTAL_ACCRUAL,18,205,2026-07-10T23:20:00+08:00
0e16054c-c5ca-4524-90a1-85ec1da31377,M-1227,SESS-20260710-2142-0358,RENTAL_REDEMPTION,-100,137,2026-07-10T23:45:00+08:00
287b1710-cc94-422b-ad5b-e5157c9feafc,M-1227,SESS-20260710-2142-0358,RENTAL_ACCRUAL,5,142,2026-07-11T01:45:00+08:00
bd8ac4e6-7866-4569-9be2-893a321f28c0,M-1353,SESS-20260710-2568-0359,RENTAL_ACCRUAL,25,163,2026-07-11T04:00:00+08:00
fdcd3aab-43a2-498c-a043-e09a1511e08d,M-1353,TIER_UPGRADE_Standard_TO_Silver,TIER_BONUS,50,213,2026-07-11T04:00:00+08:00
41be2bd0-0571-4a31-91b9-974137a48589,M-1977,SESS-20260710-4064-0360,RENTAL_ACCRUAL,10,229,2026-07-10T22:55:00+08:00
fc46a112-b53c-4c46-a15a-64012c07356a,M-1236,SESS-20260710-4532-0361,RENTAL_ACCRUAL,45,238,2026-07-11T01:10:00+08:00
e186f469-cfc9-4b0d-a64c-695aac41451b,M-1807,SESS-20260710-6864-0362,RENTAL_REDEMPTION,-100,119,2026-07-10T22:25:00+08:00
e6d4f734-2f42-41cc-9b93-b56433e0e222,M-1807,SESS-20260710-6864-0362,RENTAL_ACCRUAL,5,124,2026-07-11T00:25:00+08:00
7eea596d-ec56-42b0-bd3b-28d875117083,M-1791,SESS-20260710-2975-0363,RENTAL_REDEMPTION,-500,100,2026-07-10T23:55:00+08:00
f36aff0c-5e4c-4023-a0ed-93e7725708e5,M-1791,SESS-20260710-2975-0363,RENTAL_ACCRUAL,13,113,2026-07-11T07:55:00+08:00
b180f853-b1a3-4aeb-8884-c2892541eaac,M-1163,SESS-20260710-9306-0364,RENTAL_ACCRUAL,64,93,2026-07-10T19:55:00+08:00
90e20ca9-db99-4cd5-bde7-02ecad4a9429,M-1163,TIER_UPGRADE_Standard_TO_Silver,TIER_BONUS,50,143,2026-07-10T19:55:00+08:00
8d697de8-6433-4180-b181-9f3f85ec97cb,M-1315,SESS-20260710-6814-0365,RENTAL_ACCRUAL,18,113,2026-07-11T01:00:00+08:00
8933134a-b573-424c-abd9-dfea3ab3ffc5,M-1073,SESS-20260710-5462-0366,RENTAL_REDEMPTION,-100,69,2026-07-10T23:10:00+08:00
e971d900-2ad1-4e89-be1e-05cb6a78ea7c,M-1073,SESS-20260710-5462-0366,RENTAL_ACCRUAL,10,79,2026-07-11T02:10:00+08:00
852fdc5a-e775-4837-b91b-bb2fe0fee39e,M-1683,SESS-20260710-1277-0367,RENTAL_ACCRUAL,6,542,2026-07-10T22:00:00+08:00
6084c225-8c31-4a0c-8506-b8a1ed72717c,M-1517,SESS-20260710-3937-0368,RENTAL_REDEMPTION,-100,10,2026-07-10T20:35:00+08:00
cf2b5759-2a54-42a4-8642-26e428d7b742,M-1578,SESS-20260710-9778-0369,RENTAL_ACCRUAL,11,77,2026-07-10T22:30:00+08:00
bc1cb6d6-d0c2-4711-adee-34bfbf4d39ba,M-1029,SESS-20260710-9883-0370,RENTAL_ACCRUAL,72,447,2026-07-11T01:10:00+08:00
7d6d0c0e-c259-4fd1-a155-a38ed368f119,M-1598,SESS-20260710-5318-0371,RENTAL_REDEMPTION,-100,59,2026-07-10T23:15:00+08:00
8a2b5c22-103d-4668-af28-eaf7e7c8816f,M-1598,SESS-20260710-5318-0371,RENTAL_ACCRUAL,19,78,2026-07-11T02:15:00+08:00
f099d406-70b3-45bd-b1d7-8b0051fd2ed6,M-1292,SESS-20260710-9696-0372,RENTAL_REDEMPTION,-200,152,2026-07-10T23:45:00+08:00
a971b674-a6e2-488d-af75-bcaaf7f449da,M-1292,SESS-20260710-9696-0372,RENTAL_ACCRUAL,14,166,2026-07-11T02:45:00+08:00
1f4ed7e6-b4b2-418a-9f88-9ab299338275,M-1524,SESS-20260710-7608-0373,RENTAL_REDEMPTION,-100,103,2026-07-10T23:45:00+08:00
32554e52-09b9-478a-9b31-98d253de4952,M-1524,SESS-20260710-7608-0373,RENTAL_ACCRUAL,21,124,2026-07-11T04:45:00+08:00
b38866b6-a838-427f-92d9-8bb17c452716,M-1357,SESS-20260710-2264-0374,RENTAL_ACCRUAL,5,187,2026-07-10T18:30:00+08:00
c0dcc220-7249-4e5d-a12d-bf2c9a2c83e2,M-1450,SESS-20260710-7561-0375,RENTAL_ACCRUAL,40,138,2026-07-11T06:05:00+08:00
f1bd926e-f74a-4b76-a6fd-4a3ef3031e0d,M-1450,TIER_UPGRADE_Standard_TO_Silver,TIER_BONUS,50,188,2026-07-11T06:05:00+08:00
ccd7bd86-609f-473e-b0b0-463406e7c6f1,M-1396,SESS-20260710-2092-0376,RENTAL_REDEMPTION,-100,161,2026-07-10T21:25:00+08:00
4195670b-8237-4aee-8f67-e4bbe192e3c6,M-1396,SESS-20260710-2092-0376,RENTAL_ACCRUAL,10,171,2026-07-11T00:25:00+08:00
ec5a470d-d7e7-4972-91ce-84660d585997,M-1396,TIER_UPGRADE_Standard_TO_Silver,TIER_BONUS,50,221,2026-07-11T00:25:00+08:00
4a272e28-13b1-4142-a9b3-749cc9d3f9fe,M-1723,SESS-20260710-4209-0377,RENTAL_ACCRUAL,15,212,2026-07-11T00:30:00+08:00
cfc070f7-37b3-44d4-8888-9a563bf77c85,M-2023,SESS-20260710-9270-0378,RENTAL_ACCRUAL,15,131,2026-07-11T01:15:00+08:00
75275f27-e476-4c2f-8618-48fd0044fcb1,M-1640,SESS-20260710-5910-0379,RENTAL_ACCRUAL,11,378,2026-07-10T21:15:00+08:00
a9a812b3-cd85-4a4f-864c-10359b1671e5,M-1151,SESS-20260710-1051-0380,RENTAL_ACCRUAL,45,146,2026-07-11T03:30:00+08:00
b414dcf7-cf9a-43af-bf76-03b415373f58,M-1028,SESS-20260710-5089-0381,RENTAL_ACCRUAL,27,206,2026-07-11T00:00:00+08:00
35ca5b36-99f0-4096-b9e2-bdc1a9cdb79d,M-1624,SESS-20260710-6628-0382,RENTAL_ACCRUAL,30,1003,2026-07-11T02:15:00+08:00
c82b1047-d675-4d6c-a144-6461d2092c1d,M-1429,SESS-20260710-8414-0383,RENTAL_REDEMPTION,-100,415,2026-07-10T22:25:00+08:00
9f48a36b-aac2-4612-b12b-19b60d3197ab,M-1429,SESS-20260710-8414-0383,RENTAL_ACCRUAL,2,417,2026-07-10T23:25:00+08:00
88f96208-fa9d-4e00-a3de-f5d0f2bea936,M-1302,SESS-20260710-5911-0384,RENTAL_REDEMPTION,-100,17,2026-07-10T20:15:00+08:00
13a54272-80ed-4374-b5e1-a2d0bd73f241,M-1302,SESS-20260710-5911-0384,RENTAL_ACCRUAL,10,27,2026-07-10T23:15:00+08:00
cdb04c23-44ae-4bff-a763-c7beb46c7425,M-1544,SESS-20260710-5339-0385,RENTAL_REDEMPTION,-100,122,2026-07-10T20:45:00+08:00
1b4613ba-9feb-411d-9c5c-22606ba4812a,M-1544,SESS-20260710-5339-0385,RENTAL_ACCRUAL,20,142,2026-07-10T22:45:00+08:00
7ccfb27e-de06-41c7-9942-f4f3e43a52f7,M-1716,SESS-20260710-2945-0386,RENTAL_ACCRUAL,5,171,2026-07-10T20:45:00+08:00
45af808f-9d28-4ab4-b434-b02be097aba1,M-1506,SESS-20260710-1675-0387,RENTAL_ACCRUAL,36,174,2026-07-11T01:50:00+08:00
f053260e-44ee-4a90-95b4-b2bfba8abc62,M-1506,TIER_UPGRADE_Standard_TO_Silver,TIER_BONUS,50,224,2026-07-11T01:50:00+08:00
b6c630b2-d715-4d2d-b076-2c913cf4c496,M-1468,SESS-20260710-7053-0388,RENTAL_ACCRUAL,5,464,2026-07-10T23:30:00+08:00
d164689e-f387-48bf-a44d-b22cb22de408,M-1621,SESS-20260710-5459-0389,RENTAL_ACCRUAL,11,198,2026-07-11T01:35:00+08:00
57ab695d-1d29-491c-a8ff-cf6308d01148,M-1331,SESS-20260710-6845-0390,RENTAL_REDEMPTION,-100,113,2026-07-10T23:55:00+08:00
c3233c11-d248-4c49-91d2-5296d2467b49,M-1331,SESS-20260710-6845-0390,RENTAL_ACCRUAL,20,133,2026-07-11T04:55:00+08:00
965c301b-8058-4017-91f6-77c457fb3037,M-1414,SESS-20260710-1826-0391,RENTAL_REDEMPTION,-100,28,2026-07-10T21:45:00+08:00
05e3db8c-d0aa-4729-af56-7278b030e0ca,M-1414,SESS-20260710-1826-0391,RENTAL_ACCRUAL,20,48,2026-07-11T00:45:00+08:00
c44a85d3-b00c-4311-be20-11ff04ff5909,M-1433,SESS-20260710-4363-0392,RENTAL_ACCRUAL,5,99,2026-07-10T23:15:00+08:00
762b3d71-5751-4150-af76-d2f21cbbf0ef,M-1642,SESS-20260710-5644-0393,RENTAL_ACCRUAL,9,137,2026-07-10T22:10:00+08:00
2a8bcb14-2920-40ea-afd9-26bd20e51c74,M-1222,SESS-20260710-4993-0394,RENTAL_ACCRUAL,15,38,2026-07-10T21:35:00+08:00
43fc94b8-d0ed-4daf-b1f8-defeb6dd4ab0,M-1318,SESS-20260710-9579-0395,RENTAL_REDEMPTION,-200,281,2026-07-10T22:10:00+08:00
a0c72d53-aaa5-47f2-9928-93fdf74acd17,M-1318,SESS-20260710-9579-0395,RENTAL_ACCRUAL,5,286,2026-07-11T00:10:00+08:00
114fbb95-4753-4e5e-9201-ad3ae7c53a02,M-1519,SESS-20260710-7003-0396,RENTAL_ACCRUAL,10,162,2026-07-11T01:35:00+08:00
07ea30fb-865c-476a-9b29-adafa5a76825,M-1519,TIER_UPGRADE_Standard_TO_Silver,TIER_BONUS,50,212,2026-07-11T01:35:00+08:00
fdff29fc-2fa3-4ef3-99b2-d8ced5c410ab,M-1306,SESS-20260710-6496-0397,RENTAL_ACCRUAL,28,183,2026-07-11T02:45:00+08:00
ee8a2aab-0dab-4158-8e7f-2fe5219b6bc1,M-1233,SESS-20260710-5403-0398,RENTAL_ACCRUAL,5,66,2026-07-10T22:00:00+08:00
6a27fc3f-7e6d-4aab-b244-ac14f6ad4713,M-1499,SESS-20260710-7843-0399,RENTAL_ACCRUAL,11,84,2026-07-11T00:30:00+08:00
f7255f43-a0d0-4100-aced-aa64621d103e,M-1233,SESS-20260710-6275-0400,RENTAL_ACCRUAL,5,71,2026-07-11T00:20:00+08:00
e59ebd16-1dd9-424b-b0ba-aa5cc3850f8f,M-1177,SESS-20260710-7516-0401,RENTAL_ACCRUAL,16,76,2026-07-10T22:05:00+08:00
0c57a1fd-9b83-4f68-8113-cefd9a6cc5b0,M-2167,SESS-20260710-3460-0402,RENTAL_ACCRUAL,16,25,2026-07-11T00:20:00+08:00
3f4761dc-4d48-4262-a7b8-0b5d79cd262a,M-1016,SESS-20260710-2272-0403,RENTAL_REDEMPTION,-100,31,2026-07-10T14:00:00+08:00
4b26c690-164d-4a54-91e3-5aad12557543,M-1016,SESS-20260710-2272-0403,RENTAL_ACCRUAL,10,41,2026-07-10T17:00:00+08:00
9f87a946-076d-47a2-897e-6da764abad24,M-1516,SESS-20260710-3462-0404,RENTAL_ACCRUAL,15,52,2026-07-11T00:20:00+08:00
184ddcdc-d50e-428e-97a1-b7a30047b4ab,M-1104,SESS-20260710-3456-0405,RENTAL_ACCRUAL,11,290,2026-07-11T01:10:00+08:00
21f79e04-5b4f-44d8-b7c2-3522ea34acfe,M-1566,SESS-20260710-9671-0406,RENTAL_REDEMPTION,-100,77,2026-07-10T20:15:00+08:00
8c1c0684-46a9-45ce-b18e-b03e8fbae1ab,M-1566,SESS-20260710-9671-0406,RENTAL_ACCRUAL,5,82,2026-07-10T22:15:00+08:00
73489dba-d932-42a8-8899-7aa966f075b8,M-1469,SESS-20260710-8826-0407,RENTAL_ACCRUAL,40,133,2026-07-10T23:05:00+08:00
c7bf011a-f8e5-4f71-b2db-0592361c09c4,M-1526,SESS-20260710-8366-0408,RENTAL_ACCRUAL,9,697,2026-07-11T00:35:00+08:00
cc7128f1-bef7-40e5-8674-06417cf588ba,M-1402,SESS-20260710-3660-0409,RENTAL_ACCRUAL,24,234,2026-07-11T02:25:00+08:00
fd0b0866-96a3-4ffe-aded-c12b725a4568,M-1585,SESS-20260710-1197-0410,RENTAL_ACCRUAL,16,515,2026-07-10T22:20:00+08:00
c57e0cf7-3509-491c-94d6-3d170993bf84,M-2085,SESS-20260710-7336-0411,RENTAL_ACCRUAL,40,48,2026-07-11T03:00:00+08:00
4f35b2e3-d882-44d6-9efd-a1acf27c72e3,M-1150,SESS-20260710-9781-0412,RENTAL_ACCRUAL,25,39,2026-07-11T00:15:00+08:00
afe4d60a-6be6-4155-87cd-05d0cc1b3929,M-1618,SESS-20260710-2983-0413,RENTAL_ACCRUAL,16,223,2026-07-11T02:40:00+08:00
6eb0452a-32e1-45a4-b6ac-1d1ead79492f,M-1545,SESS-20260710-8095-0414,RENTAL_ACCRUAL,10,133,2026-07-10T23:00:00+08:00
98933aa1-93f4-4233-a8f0-068e4d061bba,M-1071,SESS-20260710-4230-0415,RENTAL_REDEMPTION,-300,28,2026-07-10T23:35:00+08:00
7d9459f7-1f0b-4271-af19-f4596c8e765f,M-1071,SESS-20260710-4230-0415,RENTAL_ACCRUAL,53,81,2026-07-11T07:35:00+08:00
b60ca077-dc53-4393-a07d-e9a4f77118e9,M-1520,SESS-20260710-2783-0416,RENTAL_ACCRUAL,12,870,2026-07-10T21:15:00+08:00
b55455f2-ef5e-46e5-9b39-7d38c46e7b6f,M-1321,SESS-20260710-1929-0417,RENTAL_ACCRUAL,10,57,2026-07-10T23:20:00+08:00
c455f880-a11c-4a1c-a8ef-bc551cf15676,M-1132,SESS-20260710-3362-0418,RENTAL_ACCRUAL,18,610,2026-07-11T01:45:00+08:00
410ec9a1-f2c9-4d68-9acd-ae4632e09c72,M-1081,SESS-20260710-6635-0419,RENTAL_ACCRUAL,5,408,2026-07-10T15:30:00+08:00
4c1655e4-3f20-4bb0-85e3-265070e6798b,M-1769,SESS-20260710-9541-0420,RENTAL_ACCRUAL,11,219,2026-07-10T23:50:00+08:00
03612b9f-f8fe-4cde-b46b-22c75b29b9e9,M-1771,SESS-20260710-7001-0421,RENTAL_ACCRUAL,25,87,2026-07-10T20:00:00+08:00
5197c3c4-daed-4c37-98bc-58163f559dbf,M-1582,SESS-20260710-1464-0422,RENTAL_ACCRUAL,11,124,2026-07-11T00:35:00+08:00
81299c08-3233-4ce7-b3a3-6b95f0bd877c,M-1470,SESS-20260710-9204-0423,RENTAL_ACCRUAL,10,50,2026-07-11T00:00:00+08:00
5d87d591-1e56-4021-afa6-5d4815436851,M-1211,SESS-20260710-9920-0424,RENTAL_ACCRUAL,18,203,2026-07-10T22:25:00+08:00
f870bf11-2834-4e92-a562-484961862f5b,M-1467,SESS-20260710-7164-0425,RENTAL_ACCRUAL,9,300,2026-07-11T00:50:00+08:00
e9d52062-2eb6-4667-8d74-c35d81c2e1f9,M-1011,SESS-20260710-9320-0426,RENTAL_ACCRUAL,11,676,2026-07-11T00:45:00+08:00
2c6c5f7d-0f18-485a-b857-da1f3b084989,M-1039,SESS-20260710-5007-0427,RENTAL_ACCRUAL,25,281,2026-07-11T04:30:00+08:00
0601bbfd-bd50-4700-a54f-960b61c2e577,M-1683,SESS-20260710-6435-0428,RENTAL_ACCRUAL,12,554,2026-07-11T01:10:00+08:00
a0de9a35-4f9e-40be-862b-7672ae0e5c14,M-1058,SESS-20260710-6893-0429,RENTAL_ACCRUAL,28,317,2026-07-11T03:30:00+08:00
725f0953-a19a-48d0-92a1-76178e39332b,M-1968,SESS-20260710-7150-0430,RENTAL_REDEMPTION,-100,13,2026-07-10T17:45:00+08:00
4ffb8e92-6ab3-47da-ab10-0b0c66fac51c,M-1968,SESS-20260710-7150-0430,RENTAL_ACCRUAL,19,32,2026-07-10T19:45:00+08:00
2a70222a-80b1-463e-82dd-1206d0bf45d5,M-1947,SESS-20260710-6407-0431,RENTAL_REDEMPTION,-100,4,2026-07-10T22:05:00+08:00
f6b43ac7-7123-4963-b04b-2e568f6d6743,M-1947,SESS-20260710-6407-0431,RENTAL_ACCRUAL,10,14,2026-07-11T01:05:00+08:00
deb14607-f23e-40b0-8669-2721cc7cf534,M-1022,SESS-20260710-2578-0432,RENTAL_REDEMPTION,-100,92,2026-07-10T22:30:00+08:00
69b6141c-cc9d-4795-ba38-cd0c51dc5686,M-1022,SESS-20260710-2578-0432,RENTAL_ACCRUAL,19,111,2026-07-11T01:30:00+08:00
165b1498-5c52-4c64-a2a2-d4fd7b950f60,M-1022,TIER_UPGRADE_Standard_TO_Silver,TIER_BONUS,50,161,2026-07-11T01:30:00+08:00
4870e050-3085-47cd-b4a6-44d28e84ba85,M-2079,SESS-20260710-9354-0433,RENTAL_ACCRUAL,24,179,2026-07-10T21:45:00+08:00
6973917a-062f-4460-a4ad-b0e8bd16774f,M-1781,SESS-20260710-1214-0434,RENTAL_ACCRUAL,18,3410,2026-07-10T19:10:00+08:00
35aad3af-042c-4de2-8dc1-54f92aa175ed,M-1436,SESS-20260710-9478-0435,RENTAL_ACCRUAL,45,178,2026-07-11T04:00:00+08:00
71f64e50-39ad-40c4-84de-df2b348c10e7,M-1232,SESS-20260710-6249-0436,RENTAL_ACCRUAL,10,140,2026-07-10T18:15:00+08:00
5101eb26-f9ab-443c-b075-6302edc2dae5,M-1004,SESS-20260710-5824-0437,RENTAL_ACCRUAL,11,252,2026-07-10T13:30:00+08:00
c35b79b8-f0b8-4eeb-8081-bd7346207cea,M-1770,SESS-20260710-9475-0438,RENTAL_ACCRUAL,6,241,2026-07-11T00:55:00+08:00
6ea7ba79-f6a8-401c-ba3f-f8aa48bf58fc,M-1407,SESS-20260710-4101-0439,RENTAL_ACCRUAL,10,212,2026-07-10T15:45:00+08:00
710c17e8-f35d-479f-868c-b6155b8766f4,M-1214,SESS-20260710-6153-0440,RENTAL_ACCRUAL,15,89,2026-07-10T18:50:00+08:00
fb5a172e-319f-44c4-81ad-aa77f8b47458,M-1465,SESS-20260710-4282-0441,RENTAL_ACCRUAL,108,494,2026-07-11T05:55:00+08:00
3691dad4-49fb-45df-ac5a-69566e84b2f6,M-1109,SESS-20260710-4487-0442,RENTAL_ACCRUAL,40,88,2026-07-11T03:20:00+08:00
903f5b2f-db96-4389-b9bb-29cb3dca1591,M-1109,TIER_UPGRADE_Standard_TO_Silver,TIER_BONUS,50,138,2026-07-11T03:20:00+08:00
13545cb5-4ba9-40f3-ad01-b1b92ce1e247,M-1697,SESS-20260710-7916-0443,RENTAL_ACCRUAL,10,237,2026-07-10T20:30:00+08:00
bd358e29-93ee-44b6-9907-3198d4836ee8,M-1613,SESS-20260710-2385-0444,RENTAL_ACCRUAL,11,66,2026-07-10T21:00:00+08:00
7f2b1212-3d46-46c4-b618-5986e36d39f4,M-1432,SESS-20260710-3896-0445,RENTAL_REDEMPTION,-100,3159,2026-07-10T23:25:00+08:00
42c53b2c-e2aa-4f32-9122-16ce60f798c7,M-1432,SESS-20260710-3896-0445,RENTAL_ACCRUAL,10,3169,2026-07-11T02:25:00+08:00
581f8d76-34ff-4c4b-b78c-dc8eca8b823d,M-1851,SESS-20260710-7651-0446,RENTAL_ACCRUAL,24,42,2026-07-11T01:00:00+08:00
c61e2fca-5c93-4fee-a027-e904e45ab20f,M-1312,SESS-20260710-4182-0447,RENTAL_REDEMPTION,-100,178,2026-07-10T22:15:00+08:00
9b289584-4321-42d7-8222-59781b6abfa5,M-1312,SESS-20260710-4182-0447,RENTAL_ACCRUAL,11,189,2026-07-11T00:15:00+08:00
02c4f762-7f21-4385-a112-ce47a5b90634,M-1834,SESS-20260710-9098-0448,RENTAL_ACCRUAL,16,327,2026-07-10T23:15:00+08:00
49dd1246-eb3b-44a9-8a2e-64068929c8cf,M-1809,SESS-20260710-8149-0449,RENTAL_REDEMPTION,-200,511,2026-07-10T20:45:00+08:00
6a2b6805-a6a6-4b45-978f-dcbb27f5ff38,M-1809,SESS-20260710-8149-0449,RENTAL_ACCRUAL,4,515,2026-07-10T23:45:00+08:00
dd422945-176b-44e3-adbd-d34e85635bac,M-1282,SESS-20260710-6617-0450,RENTAL_ACCRUAL,72,398,2026-07-10T22:00:00+08:00
b53b4198-da70-41a4-b2e4-b6e330116557,M-1282,TIER_UPGRADE_Silver_TO_Gold,TIER_BONUS,100,498,2026-07-10T22:00:00+08:00
36c5a0a8-24e2-42f7-84eb-dfa411d5fee5,M-1567,SESS-20260710-2625-0451,RENTAL_REDEMPTION,-300,64,2026-07-10T23:20:00+08:00
1e5cc5cb-c838-4a4f-a587-87aff4e8d11e,M-1567,SESS-20260710-2625-0451,RENTAL_ACCRUAL,8,72,2026-07-11T01:20:00+08:00
30d47ba1-4656-44ba-8940-72e71c54d79e,M-1413,SESS-20260710-9062-0452,RENTAL_ACCRUAL,10,107,2026-07-11T01:55:00+08:00
088cba64-f4e1-4dc3-a4ff-f6fba155fe9a,M-1537,SESS-20260710-3249-0453,RENTAL_REDEMPTION,-100,174,2026-07-10T22:30:00+08:00
572ebb84-7183-429f-ad50-c9711c964a4b,M-1537,SESS-20260710-3249-0453,RENTAL_ACCRUAL,3,177,2026-07-10T23:30:00+08:00
936dc411-a6fc-44a5-b3ca-92fdd6964c2d,M-1583,SESS-20260710-1058-0454,RENTAL_REDEMPTION,-200,46,2026-07-10T23:35:00+08:00
15ad5939-70d2-481a-a24a-d3d94c523e58,M-1583,SESS-20260710-1058-0454,RENTAL_ACCRUAL,14,60,2026-07-11T02:35:00+08:00
ebf51a0a-abff-44d4-8014-c711b127f8ca,M-1239,SESS-20260710-3805-0455,RENTAL_ACCRUAL,25,189,2026-07-11T04:20:00+08:00
6c296b0a-b346-49cf-945b-a402960e7d6c,M-1239,TIER_UPGRADE_Standard_TO_Silver,TIER_BONUS,50,239,2026-07-11T04:20:00+08:00
9417297f-e468-49aa-ac86-36a001e0e07b,M-1294,SESS-20260710-4893-0456,RENTAL_ACCRUAL,5,86,2026-07-10T22:15:00+08:00
e68b19a6-a232-49fd-b457-b65e712d2149,M-1682,SESS-20260710-7600-0457,RENTAL_ACCRUAL,28,212,2026-07-11T04:45:00+08:00
002ba144-f63a-46a0-a706-9a30f731f44b,M-1188,SESS-20260710-4914-0458,RENTAL_ACCRUAL,27,496,2026-07-10T21:55:00+08:00
a8a3e345-7840-4800-9e6f-30b3c5a08435,M-1188,TIER_UPGRADE_Silver_TO_Gold,TIER_BONUS,100,596,2026-07-10T21:55:00+08:00
7303b5f5-f788-42c4-bf3f-f2125d47a341,M-1210,SESS-20260710-5428-0459,RENTAL_ACCRUAL,13,789,2026-07-10T23:10:00+08:00
4ec7a0bc-93db-4334-80b4-d0886b5e90f8,M-1015,SESS-20260710-3931-0460,RENTAL_ACCRUAL,36,207,2026-07-11T02:25:00+08:00
04d1ed9b-7717-4666-bcab-5c29b4f94c3f,M-1742,ORD-20260711-5363-0001,CONCESSION_ACCRUAL,3,157,2026-07-11T00:17:11+08:00
93771cfb-42f0-4557-948e-4885dac394e7,M-1574,ORD-20260710-8535-0002,CONCESSION_ACCRUAL,12,155,2026-07-10T22:17:54+08:00
3ffb78d4-2c92-4a07-8eeb-c3d0625490aa,M-1049,ORD-20260710-8846-0003,CONCESSION_ACCRUAL,3,135,2026-07-10T19:54:00+08:00
e7e6e031-f12f-4a20-a18b-a6470d5b742f,M-1103,ORD-20260710-6839-0004,CONCESSION_ACCRUAL,11,189,2026-07-10T19:15:40+08:00
58d03e6e-b7b9-406a-8e39-3c408a46b04d,M-1729,ORD-20260710-3608-0005,CONCESSION_ACCRUAL,6,98,2026-07-10T19:28:53+08:00
98cb472e-e492-4a0f-a70a-b7b73b064294,M-1406,ORD-20260710-1949-0006,CONCESSION_ACCRUAL,10,684,2026-07-10T21:01:35+08:00
5cc39adc-69e0-4c6e-9923-ed490f0ec5c2,M-1236,ORD-20260710-9070-0007,CONCESSION_ACCRUAL,26,264,2026-07-10T23:00:59+08:00
cf8e4a82-fe6f-4fa7-80fe-ebefb47013ea,M-1538,ORD-20260710-5006-0008,CONCESSION_ACCRUAL,18,77,2026-07-10T20:08:19+08:00
009d9aeb-415a-4350-b74a-9b1b3730cede,M-1145,ORD-20260710-9581-0009,CONCESSION_ACCRUAL,6,94,2026-07-10T15:37:32+08:00
def35c77-4915-440c-8adb-10b31427787b,M-1944,ORD-20260710-1242-0010,CONCESSION_ACCRUAL,2,176,2026-07-10T13:42:30+08:00
fd75b118-a4e1-4f34-aecf-b9bf220dc442,M-1163,ORD-20260710-8020-0011,CONCESSION_ACCRUAL,11,154,2026-07-10T16:54:52+08:00
88bac847-3cf3-4ff0-b022-814bb690dfbc,M-1265,ORD-20260710-4015-0012,CONCESSION_ACCRUAL,11,313,2026-07-10T20:22:56+08:00
1a77bfbe-6d99-46cd-9f11-391a3b573cc1,M-1233,ORD-20260710-1035-0013,CONCESSION_ACCRUAL,9,80,2026-07-10T23:35:00+08:00
ad6cf7ba-6f67-43eb-8c14-95fa5d6b3b88,M-1746,ORD-20260710-9205-0014,CONCESSION_ACCRUAL,6,72,2026-07-10T21:40:50+08:00
f76e266d-2d0a-4b09-b20f-b0f8f48ce4ba,M-1637,ORD-20260710-8447-0015,CONCESSION_ACCRUAL,35,1188,2026-07-10T16:12:59+08:00
0df62a50-5f54-47c7-8841-772ebfac85c2,M-1039,ORD-20260711-4116-0016,CONCESSION_ACCRUAL,18,299,2026-07-11T00:14:57+08:00
be7398d6-44e1-4f3b-bd70-5c5216f29565,M-1039,TIER_UPGRADE_Standard_TO_Silver,TIER_BONUS,50,349,2026-07-11T00:14:57+08:00
dd12b849-110c-4c25-874f-dfbe49ab4b1d,M-1435,ORD-20260710-8530-0017,CONCESSION_ACCRUAL,13,113,2026-07-10T21:01:34+08:00
de4aaa54-df2c-4f8a-b31f-8c84921f85f4,M-1362,ORD-20260711-3713-0018,CONCESSION_ACCRUAL,16,170,2026-07-11T01:24:38+08:00
1a65ad3a-4c66-4225-88bc-dce2ece660f1,M-1719,ORD-20260710-9904-0019,CONCESSION_ACCRUAL,10,193,2026-07-10T15:52:53+08:00
de01ce1d-32ed-4568-92fa-392dece01f08,M-1266,ORD-20260710-3300-0020,CONCESSION_ACCRUAL,15,235,2026-07-10T23:26:29+08:00
1d3a1ab8-88ee-46f0-b0e5-d524a8d5d017,M-1056,ORD-20260710-3285-0021,CONCESSION_ACCRUAL,8,70,2026-07-10T23:52:42+08:00
dfeba1d8-893b-42db-94f5-2b1b2e5099dc,M-1013,ORD-20260710-1122-0022,CONCESSION_ACCRUAL,24,177,2026-07-10T21:39:17+08:00
6472ab7b-43d7-4797-9af9-68c8a9aae939,M-1808,ORD-20260710-6285-0023,CONCESSION_ACCRUAL,9,1921,2026-07-10T22:30:13+08:00
5b2a0b49-e845-4936-8a75-0bfd368fb49e,M-1712,ORD-20260710-8201-0024,CONCESSION_ACCRUAL,3,250,2026-07-10T13:38:31+08:00
9bf9374d-270f-4b7f-8403-fd0b980a0406,M-1088,ORD-20260711-3443-0025,CONCESSION_ACCRUAL,16,254,2026-07-11T01:28:50+08:00
f28798ba-0133-46d7-9e05-7e8d9a2bd0ad,M-1824,ORD-20260710-8066-0026,CONCESSION_ACCRUAL,8,217,2026-07-10T12:19:53+08:00
8b770152-9245-4710-916a-a419a9cbfe72,M-1182,ORD-20260710-8484-0027,CONCESSION_ACCRUAL,9,163,2026-07-10T17:16:02+08:00
e7aa57c9-d430-453a-b2c7-27086ff869d8,M-1399,ORD-20260710-8943-0028,CONCESSION_ACCRUAL,16,299,2026-07-10T23:41:48+08:00
8c06b3f7-6eb5-496c-ace2-d41adbc1ecd7,M-1751,ORD-20260711-9591-0029,CONCESSION_ACCRUAL,8,377,2026-07-11T00:06:19+08:00
1bde3606-7bc3-489c-8fef-45e7088d40be,M-1631,ORD-20260710-7852-0030,CONCESSION_ACCRUAL,16,242,2026-07-10T09:12:55+08:00
f7b0c33c-2c3a-4bc5-8ee4-ba74bbc7bf95,M-1661,ORD-20260710-8641-0031,CONCESSION_ACCRUAL,4,3129,2026-07-10T20:00:37+08:00
05d124c2-6fb7-45e2-b894-d3f864f2f002,M-1581,ORD-20260710-9771-0032,CONCESSION_ACCRUAL,14,43,2026-07-10T18:12:26+08:00
6f488f2a-4a69-4e3c-a70c-930d3561dab9,M-1353,ORD-20260711-1857-0033,CONCESSION_ACCRUAL,23,236,2026-07-11T00:27:03+08:00
ee4d29dd-eccf-4ec3-a154-08d2207928a5,M-1167,ORD-20260710-4991-0034,CONCESSION_ACCRUAL,22,502,2026-07-10T20:56:14+08:00
08b9a9ed-53bc-40d0-ad2a-b08e0c3da0dd,M-1648,ORD-20260710-7901-0035,CONCESSION_ACCRUAL,26,622,2026-07-10T15:58:17+08:00
e96ccdda-191f-4343-ab0d-a6a97b991349,M-1648,TIER_UPGRADE_Silver_TO_Gold,TIER_BONUS,100,722,2026-07-10T15:58:17+08:00
8c98b9b3-9409-4058-9425-ded7cde44de8,M-1418,ORD-20260710-8755-0036,CONCESSION_ACCRUAL,9,78,2026-07-10T21:26:38+08:00
9103434f-3c8f-42d9-9213-351b32763332,M-1674,ORD-20260710-7139-0037,CONCESSION_ACCRUAL,7,411,2026-07-10T23:52:18+08:00
9495432f-5c21-4514-9cd9-b467c04fd980,M-1197,ORD-20260710-5149-0038,CONCESSION_ACCRUAL,15,27,2026-07-10T19:03:57+08:00
f8d2839f-8c78-427b-9e96-aadc5eddcc98,M-1818,ORD-20260710-1136-0039,CONCESSION_ACCRUAL,13,316,2026-07-10T22:48:44+08:00
45daf70e-1e6d-4e95-9d3c-57cf96a76cf4,M-1468,ORD-20260710-9873-0040,CONCESSION_ACCRUAL,11,475,2026-07-10T22:34:52+08:00
82a8000e-a124-4264-b695-291c6d93426a,M-1091,ORD-20260710-8381-0041,CONCESSION_ACCRUAL,15,73,2026-07-10T22:03:47+08:00
d3c4ba86-4112-486a-a10a-25115c373ff1,M-1275,ORD-20260710-9394-0042,CONCESSION_ACCRUAL,18,137,2026-07-10T23:56:43+08:00
b9af6a1c-e349-47f2-9aea-1172c6855038,M-1275,TIER_UPGRADE_Standard_TO_Silver,TIER_BONUS,50,187,2026-07-10T23:56:43+08:00
c9467b78-7053-43d2-b8e9-094f8355880a,M-1274,ORD-20260710-2556-0043,CONCESSION_ACCRUAL,37,206,2026-07-10T21:45:41+08:00
6f988fc2-928c-47aa-af48-757698442468,M-1429,ORD-20260710-8637-0044,CONCESSION_ACCRUAL,25,442,2026-07-10T22:37:29+08:00
a725c1d2-965e-4a84-9e42-5e5b6ca8455a,M-1097,ORD-20260710-5614-0045,CONCESSION_ACCRUAL,9,296,2026-07-10T20:51:06+08:00
6e64db7d-d672-4407-aa68-58fd68ee8001,M-1260,ORD-20260711-8858-0046,CONCESSION_ACCRUAL,30,346,2026-07-11T00:34:22+08:00
c8902b31-d694-467c-8a68-4d277a8e8b5a,M-1397,ORD-20260710-5341-0047,CONCESSION_ACCRUAL,16,248,2026-07-10T23:19:14+08:00
a785be78-54f7-4e36-89a1-124839e5a941,M-1354,ORD-20260710-4443-0048,CONCESSION_ACCRUAL,30,254,2026-07-10T21:26:42+08:00
0cf15a9e-ef17-4312-a2bc-2a6d83ddb55d,M-1251,ORD-20260710-2262-0049,CONCESSION_ACCRUAL,8,42,2026-07-10T21:46:29+08:00
d558dfda-5ba5-4dae-82cd-101ebdf578d9,M-1470,ORD-20260710-6318-0050,CONCESSION_ACCRUAL,3,53,2026-07-10T22:53:59+08:00
7f880d87-166c-4aa2-a487-7dd9f3ceb33a,M-1210,ORD-20260710-8137-0051,CONCESSION_ACCRUAL,28,817,2026-07-10T22:26:35+08:00
bdcc641c-7d7b-4f4b-9b5d-98c4d072a933,M-1520,ORD-20260710-8678-0052,CONCESSION_ACCRUAL,22,892,2026-07-10T20:34:35+08:00
900e9e5c-2424-45b9-a5b5-c17b66039f8a,M-1238,ORD-20260710-3606-0053,CONCESSION_ACCRUAL,22,309,2026-07-10T23:13:04+08:00
8c8cf8d3-2fd7-4162-8180-197f3582c178,M-1433,ORD-20260710-8976-0054,CONCESSION_ACCRUAL,3,102,2026-07-10T23:12:43+08:00
aa449a9c-72c1-49f7-9a63-1add35a7a195,M-1635,ORD-20260710-2071-0055,CONCESSION_ACCRUAL,25,133,2026-07-10T19:44:23+08:00
7d8c4ea0-413f-41ac-a14d-bdad0dc05f6e,M-1629,ORD-20260710-1681-0056,CONCESSION_ACCRUAL,9,29,2026-07-10T20:16:32+08:00
28398830-928c-4b5c-a824-67b5bcc67d79,M-1551,ORD-20260710-1055-0057,CONCESSION_ACCRUAL,16,104,2026-07-10T20:09:59+08:00
25916e0b-5df7-4691-9295-a47879c56272,M-1430,ORD-20260710-5863-0058,CONCESSION_ACCRUAL,4,1234,2026-07-10T18:52:53+08:00
7d4c0bdb-8f79-412d-948d-0a173da3e6be,M-1598,ORD-20260711-3220-0059,CONCESSION_ACCRUAL,9,87,2026-07-11T00:20:45+08:00
eea3a365-4991-4571-8b68-7c91b4f785c5,M-1359,ORD-20260710-2287-0060,CONCESSION_ACCRUAL,9,1860,2026-07-10T23:52:10+08:00
cbd67124-0e2e-4601-92f6-3185f34a600e,M-1817,ORD-20260710-7951-0061,CONCESSION_ACCRUAL,23,150,2026-07-10T15:40:43+08:00
68db10f6-460e-427c-a8f1-f45da6275310,M-1196,ORD-20260710-6150-0062,CONCESSION_ACCRUAL,10,486,2026-07-10T23:58:09+08:00
b7802ac2-69a1-4dd0-abc0-39044225a746,M-1150,ORD-20260710-6196-0063,CONCESSION_ACCRUAL,29,68,2026-07-10T21:26:34+08:00
644c671b-03f2-4e33-8b54-2a9b2880bccd,M-1150,TIER_UPGRADE_Standard_TO_Silver,TIER_BONUS,50,118,2026-07-10T21:26:34+08:00
9c8ba53a-3e16-4d92-8512-e02aafd96d15,M-1679,ORD-20260710-9280-0064,CONCESSION_ACCRUAL,27,338,2026-07-10T23:05:09+08:00
d1c5d591-9b60-4116-963a-e7c1354b7afc,M-1434,ORD-20260710-7840-0065,CONCESSION_ACCRUAL,25,132,2026-07-10T10:27:06+08:00
fc163bea-ab0e-4d19-b09d-cf03b36478fe,M-1434,TIER_UPGRADE_Standard_TO_Silver,TIER_BONUS,50,182,2026-07-10T10:27:06+08:00
fb02cceb-9352-4cf6-9027-012207a55923,M-1073,ORD-20260711-8266-0066,CONCESSION_ACCRUAL,27,106,2026-07-11T00:05:00+08:00
2936eb82-2aa2-4c0a-b02b-b249be9a9f56,M-1358,ORD-20260710-5447-0067,CONCESSION_ACCRUAL,3,119,2026-07-10T20:04:42+08:00
de26d43d-a82b-4179-88a1-324995206e83,M-1486,ORD-20260710-1242-0068,CONCESSION_ACCRUAL,19,87,2026-07-10T11:20:20+08:00
bd29f0b3-64d9-4a0e-ab76-cce03d6d7b00,M-1455,ORD-20260710-7741-0069,CONCESSION_ACCRUAL,9,206,2026-07-10T16:58:02+08:00
220f868e-b300-4e77-8e75-a5fd89a275e0,M-1455,TIER_UPGRADE_Standard_TO_Silver,TIER_BONUS,50,256,2026-07-10T16:58:02+08:00
36a37b3b-859a-43e2-a1c1-443c22269ae7,M-1642,ORD-20260710-8811-0070,CONCESSION_ACCRUAL,9,146,2026-07-10T21:51:16+08:00
e0662efc-4c20-47fd-83c2-55b7fbf43a77,M-1567,ORD-20260711-8119-0071,CONCESSION_ACCRUAL,8,80,2026-07-11T01:00:36+08:00
b8bec182-9b26-40d7-997d-0c113237f32d,M-1288,ORD-20260711-7137-0072,CONCESSION_ACCRUAL,37,895,2026-07-11T00:18:46+08:00
c52f5598-d054-40ad-a3ac-f5fc48d1aae9,M-1701,ORD-20260710-5790-0073,CONCESSION_ACCRUAL,33,193,2026-07-10T20:13:50+08:00
68f0bec6-dfcb-4835-9628-af26f79970cb,M-1586,ORD-20260710-6636-0074,CONCESSION_ACCRUAL,18,311,2026-07-10T22:18:31+08:00
62f67a2b-1bc0-4db0-a288-c9ba2fb2a1d9,M-1169,ORD-20260710-3672-0075,CONCESSION_ACCRUAL,19,301,2026-07-10T22:41:42+08:00
f2167344-d4da-4805-a54a-ceb94eb187e1,M-1998,ORD-20260711-4108-0076,CONCESSION_ACCRUAL,9,125,2026-07-11T00:58:13+08:00
33eff7ef-418e-4032-a5f6-64667ec7f2d1,M-1232,ORD-20260710-1824-0077,CONCESSION_ACCRUAL,9,149,2026-07-10T17:42:18+08:00
c38a6125-48ec-4b76-915e-537f1e017df9,M-1421,ORD-20260711-7419-0078,CONCESSION_ACCRUAL,11,488,2026-07-11T01:58:13+08:00
778ceb04-97ad-423e-b206-d31d2b0f8292,M-1241,ORD-20260710-5012-0079,CONCESSION_ACCRUAL,19,173,2026-07-10T22:22:28+08:00
d9fc8619-f4d5-41f2-8686-afd723722eb8,M-1215,ORD-20260710-4034-0080,CONCESSION_ACCRUAL,16,57,2026-07-10T22:22:41+08:00
02393574-25db-42e8-b48b-19e7ca8d18c7,M-1509,ORD-20260710-5577-0081,CONCESSION_ACCRUAL,16,323,2026-07-10T17:32:22+08:00
711bc392-6a8c-49b2-8546-fc0641488a56,M-1185,ORD-20260711-9860-0082,CONCESSION_ACCRUAL,18,175,2026-07-11T01:53:14+08:00
bf1cf1ec-221b-4f10-b632-cdcf512c27e4,M-1227,ORD-20260710-5239-0083,CONCESSION_ACCRUAL,19,161,2026-07-10T19:49:03+08:00
78610a2d-a2fe-4ecc-8b79-391929bb00b2,M-1239,ORD-20260711-4301-0084,CONCESSION_ACCRUAL,10,249,2026-07-11T04:09:49+08:00
a43016f0-69a2-4d81-8c59-f366e9a9b913,M-1311,ORD-20260710-3717-0085,CONCESSION_ACCRUAL,13,28,2026-07-10T11:08:39+08:00
4a7a4e86-f432-490f-948a-9e7256fd960b,M-1467,ORD-20260711-9759-0086,CONCESSION_ACCRUAL,37,337,2026-07-11T00:29:34+08:00
66ab2095-8276-46c5-a328-d0c87c5dc616,M-1028,ORD-20260710-8298-0087,CONCESSION_ACCRUAL,11,217,2026-07-10T23:07:39+08:00
605999b5-1dfe-4203-a4f5-438ba2b1e871,M-1677,ORD-20260710-8718-0088,CONCESSION_ACCRUAL,3,53,2026-07-10T20:53:29+08:00
ac343888-3748-4906-bf72-d7431cecc64d,M-1581,ORD-20260710-4176-0089,CONCESSION_ACCRUAL,37,80,2026-07-10T23:24:46+08:00
d0e0d070-f591-4b04-b169-13e517974594,M-1396,ORD-20260710-6663-0090,CONCESSION_ACCRUAL,15,236,2026-07-10T22:57:07+08:00
e015f3c2-df77-4a65-b302-86e09833df95,M-1416,ORD-20260710-8815-0091,CONCESSION_ACCRUAL,27,2979,2026-07-10T15:07:44+08:00
79d13fae-3c0e-4087-831b-17f326a76ba9,M-1214,ORD-20260710-8993-0092,CONCESSION_ACCRUAL,3,92,2026-07-10T16:38:09+08:00
7574a114-421a-4eb0-843b-585b89102df5,M-1188,ORD-20260710-3570-0093,CONCESSION_ACCRUAL,9,605,2026-07-10T13:50:04+08:00
80c8c221-c5f2-4d9b-a8cd-a4db412d6a2f,M-1286,ORD-20260710-7098-0094,CONCESSION_ACCRUAL,18,150,2026-07-10T02:47:02+08:00
ba20cac4-d6dc-4f03-b257-18f763a55fcb,M-1196,ORD-20260710-6966-0095,CONCESSION_ACCRUAL,25,511,2026-07-10T03:32:14+08:00
1e84b22b-c2f1-4561-8399-d46ccc211772,M-1522,ORD-20260711-9042-0096,CONCESSION_ACCRUAL,21,393,2026-07-11T00:19:26+08:00
d33194da-b1c5-436f-afae-8f99732ca07a,M-1641,ORD-20260710-1204-0097,CONCESSION_ACCRUAL,13,70,2026-07-10T08:28:56+08:00
c94fdda0-e200-47e5-8058-624b911f3e37,M-1207,ORD-20260711-8415-0098,CONCESSION_ACCRUAL,30,231,2026-07-11T02:55:18+08:00
8ce1b206-3783-41c5-9f74-fd27b95b3c7f,M-1188,ORD-20260710-2445-0099,CONCESSION_ACCRUAL,12,617,2026-07-10T20:33:33+08:00
a2864294-6ff6-41d1-9cfa-c49278048b01,M-1968,ORD-20260710-1279-0100,CONCESSION_ACCRUAL,15,47,2026-07-10T18:05:32+08:00
c60f1a3b-90bf-45be-ad6b-3a5a1230becf,M-1549,ORD-20260710-7223-0101,CONCESSION_ACCRUAL,9,88,2026-07-10T20:52:13+08:00
ded9044c-3ccd-4cc0-8024-569c0d3ea916,M-1515,ORD-20260710-4215-0102,CONCESSION_ACCRUAL,11,842,2026-07-10T19:18:18+08:00
f8930ed3-54a8-4f70-bcb4-630708ea932d,M-1791,ORD-20260711-5061-0103,CONCESSION_ACCRUAL,18,131,2026-07-11T01:28:25+08:00
2b48ea7e-3df8-4093-8465-b2b86b2cbd08,M-1306,ORD-20260711-4203-0104,CONCESSION_ACCRUAL,48,231,2026-07-11T01:34:18+08:00
7fc693fc-d66c-4885-b5ee-124c54d16bef,M-1614,ORD-20260710-9012-0105,CONCESSION_ACCRUAL,20,107,2026-07-10T13:46:42+08:00
c53279de-567c-4d17-ae5d-143673477c33,M-1614,TIER_UPGRADE_Standard_TO_Silver,TIER_BONUS,50,157,2026-07-10T13:46:42+08:00
cd99fd37-4252-4e6d-a331-692bc8b2ccd4,M-1044,ORD-20260710-3015-0106,CONCESSION_ACCRUAL,35,672,2026-07-10T21:21:35+08:00
ef025c0f-d8db-4425-bbb2-cac04ded2c0c,M-1006,ORD-20260710-3747-0107,CONCESSION_ACCRUAL,6,216,2026-07-10T21:41:43+08:00
87f6a159-8b08-438a-bee7-a6066e95f6e1,M-1006,TIER_UPGRADE_Standard_TO_Silver,TIER_BONUS,50,266,2026-07-10T21:41:43+08:00
60e5a781-c987-4538-bb08-75d04f7f964f,M-1244,ORD-20260711-1517-0108,CONCESSION_ACCRUAL,24,248,2026-07-11T04:13:04+08:00
78252be7-7678-4899-b7fb-f605a5a808b6,M-1280,ORD-20260711-9323-0109,CONCESSION_ACCRUAL,37,210,2026-07-11T00:37:18+08:00
e0bc0290-1d68-49fa-b2b4-d4c43bb2883d,M-2085,ORD-20260711-7177-0110,CONCESSION_ACCRUAL,6,54,2026-07-11T01:32:11+08:00
6c3f3f05-6502-4c90-9367-fc0d1a6b44da,M-1835,ORD-20260710-1802-0111,CONCESSION_ACCRUAL,25,208,2026-07-10T19:32:46+08:00
52170c89-f3f3-43fb-bd2b-9ba28e82f829,M-1415,ORD-20260710-3406-0112,CONCESSION_ACCRUAL,12,1324,2026-07-10T22:30:35+08:00
1c7d1734-0b51-4953-bd1a-55a1b6646b20,M-1648,ORD-20260710-6765-0113,CONCESSION_ACCRUAL,12,734,2026-07-10T18:51:33+08:00
9692a1d3-f568-4ba1-99bb-c1cfc599a780,M-1786,ORD-20260710-5008-0114,CONCESSION_ACCRUAL,39,321,2026-07-10T09:15:53+08:00
bcc826d5-298d-469f-9006-f4cea8ca4bc8,M-1786,TIER_UPGRADE_Silver_TO_Gold,TIER_BONUS,100,421,2026-07-10T09:15:53+08:00
87d14693-911d-4155-bbea-4fee7d9e648c,M-1769,ORD-20260710-6379-0115,CONCESSION_ACCRUAL,11,230,2026-07-10T15:41:12+08:00
b257b6ca-29c9-4c7e-b56d-f0e1cb86e0eb,M-1015,ORD-20260711-6980-0116,CONCESSION_ACCRUAL,6,213,2026-07-11T01:31:36+08:00
65bb7941-2af9-408e-9cfd-ff94052e08d6,M-1637,ORD-20260710-2954-0117,CONCESSION_ACCRUAL,41,1229,2026-07-10T20:12:53+08:00
b0154e75-2b2e-49e6-a88c-e32a8ade66cf,M-1807,ORD-20260710-9578-0118,CONCESSION_ACCRUAL,15,139,2026-07-10T23:24:20+08:00
a5024243-d0ae-4866-b156-7f7ef09070a0,M-1331,ORD-20260710-6671-0119,CONCESSION_ACCRUAL,25,158,2026-07-10T21:43:48+08:00
59e65843-7cf4-405c-94cf-74a09dfe715a,M-1016,ORD-20260710-8547-0120,CONCESSION_ACCRUAL,9,50,2026-07-10T15:47:26+08:00
e08f6d5b-1efe-4eaf-9015-9469304f253e,M-1624,ORD-20260710-9556-0121,CONCESSION_ACCRUAL,22,1025,2026-07-10T21:49:21+08:00
ca4251dd-3549-4bb1-99d5-98ef99c5c5fe,M-1716,ORD-20260710-2246-0122,CONCESSION_ACCRUAL,3,174,2026-07-10T20:37:02+08:00
2e56594f-5dc4-4980-b1a2-5c67307158e9,M-1683,ORD-20260711-5905-0123,CONCESSION_ACCRUAL,22,576,2026-07-11T01:07:48+08:00
e3a95a9d-a151-4e74-b4d3-caa4729f898a,M-1048,ORD-20260710-1445-0124,CONCESSION_ACCRUAL,41,517,2026-07-10T23:36:38+08:00
d8369bd5-9b05-4587-8885-7f85a30ccf80,M-1295,ORD-20260710-7264-0125,CONCESSION_ACCRUAL,3,75,2026-07-10T20:34:45+08:00
3b0a2949-d33a-4abc-ab4b-ffe31562603d,M-1793,ORD-20260710-6436-0126,CONCESSION_ACCRUAL,11,922,2026-07-10T19:09:12+08:00
7ecd60ab-8867-4562-ba06-691468d2e63e,M-1720,ORD-20260710-7111-0127,CONCESSION_ACCRUAL,11,341,2026-07-10T17:33:29+08:00
1f5a57c5-202b-4fcc-bc37-85f21ba2a2e1,M-1210,ORD-20260710-3408-0128,CONCESSION_ACCRUAL,10,827,2026-07-10T20:07:47+08:00
4f16b7c9-7b5c-41df-bea7-d1c1517a691c,M-1318,ORD-20260710-7461-0129,CONCESSION_ACCRUAL,11,297,2026-07-10T23:33:45+08:00
1dacc53c-8650-450f-8c13-fce2b776c864,M-1492,ORD-20260710-7483-0130,CONCESSION_ACCRUAL,8,51,2026-07-10T19:02:46+08:00
6ddc29ec-48b4-4610-b722-4ed5cd9f0f7b,M-1155,ORD-20260710-6790-0131,CONCESSION_ACCRUAL,3,631,2026-07-10T22:14:48+08:00
bfd576b2-d151-4d9b-a813-a059c8b09929,M-1200,ORD-20260710-3525-0132,CONCESSION_ACCRUAL,32,298,2026-07-10T21:44:43+08:00
0b3c3658-5e6a-4505-8175-028f6423155f,M-1563,ORD-20260710-8749-0133,CONCESSION_ACCRUAL,15,149,2026-07-10T22:26:08+08:00
0107f496-22dc-4290-9c58-cb026496dcce,M-1404,ORD-20260710-7809-0134,CONCESSION_ACCRUAL,6,134,2026-07-10T23:52:49+08:00
d02a792b-2b83-46f8-88a7-7ab31e21849f,M-1301,ORD-20260710-8211-0135,CONCESSION_ACCRUAL,8,102,2026-07-10T16:53:12+08:00
583e4f45-dbee-4ec8-88ad-c68554b8ab24,M-1419,ORD-20260711-9786-0136,CONCESSION_ACCRUAL,6,263,2026-07-11T00:06:44+08:00
19fd73ca-4ff1-459a-bd61-f3b99bd9a633,M-1895,ORD-20260710-9936-0137,CONCESSION_ACCRUAL,8,45,2026-07-10T19:46:09+08:00
2f5a3995-5b4d-4586-8d33-6bed5b8446d5,M-1812,ORD-20260711-9889-0138,CONCESSION_ACCRUAL,15,199,2026-07-11T00:17:40+08:00
82ee46bf-7998-435f-bad1-1ee47d34d832,M-1287,ORD-20260710-7993-0139,CONCESSION_ACCRUAL,3,97,2026-07-10T17:02:43+08:00
5abfefca-8c37-411d-a6a3-26db986d91e8,M-1466,ORD-20260710-3242-0140,CONCESSION_ACCRUAL,36,3601,2026-07-10T15:20:23+08:00
019d79a0-5e44-4c3c-8834-a8d340816ea0,M-1534,ORD-20260710-6331-0141,CONCESSION_ACCRUAL,45,364,2026-07-10T19:11:29+08:00
c1c520a3-ff0c-4510-8369-607dfaf6e2bd,M-1026,ORD-20260710-1014-0142,CONCESSION_ACCRUAL,3,1313,2026-07-10T17:52:58+08:00
1342b360-ac93-43ea-a943-b212a09bc683,M-1030,ORD-20260710-8386-0143,CONCESSION_ACCRUAL,16,140,2026-07-10T21:39:05+08:00
0e1f860b-f91f-4ead-a5aa-5b6a76f9fcd6,M-1380,ORD-20260711-9351-0144,CONCESSION_ACCRUAL,15,118,2026-07-11T00:31:32+08:00
8c568490-35cf-497e-8e92-f011cea4f9b9,M-1339,ORD-20260710-2108-0145,CONCESSION_ACCRUAL,15,73,2026-07-10T22:35:49+08:00
b81d9cfa-501c-4ddd-955a-530c46909ffa,M-1298,ORD-20260710-3116-0146,CONCESSION_ACCRUAL,16,299,2026-07-10T16:49:06+08:00
99d6dd2f-17c2-4e4a-ad47-a130bc1301c9,M-1011,ORD-20260710-9234-0147,CONCESSION_ACCRUAL,75,751,2026-07-10T22:55:44+08:00
e814a3c6-ee0e-4106-b6ce-e01a5826747c,M-1173,ORD-20260710-6430-0148,CONCESSION_ACCRUAL,33,202,2026-07-10T20:58:34+08:00
48d420c5-fb93-40e6-8536-5d6b9ac53742,M-1636,ORD-20260711-6104-0149,CONCESSION_ACCRUAL,19,1639,2026-07-11T00:32:42+08:00
32d839ec-d1ca-4edb-9d9f-dec2b8215a81,M-1512,ORD-20260710-8571-0150,CONCESSION_ACCRUAL,15,192,2026-07-10T19:24:32+08:00
3a8fb559-b4d2-4551-9697-1cd48aecead0,M-2175,ORD-20260710-7149-0151,CONCESSION_ACCRUAL,25,94,2026-07-10T13:43:42+08:00
9baa523f-c6a2-494f-84e2-04dfb1562e95,M-1179,ORD-20260710-6042-0152,CONCESSION_ACCRUAL,10,381,2026-07-10T23:51:05+08:00
d26137d0-ed0e-4ab0-a534-644c5ebb47be,M-1583,ORD-20260711-3884-0153,CONCESSION_ACCRUAL,15,75,2026-07-11T00:16:22+08:00
1a752ffa-db88-4e0a-803c-b7e915efae02,M-1391,ORD-20260710-6037-0154,CONCESSION_ACCRUAL,18,185,2026-07-10T19:30:34+08:00
a42e1481-8a5b-4812-84fd-1d0c3b632212,M-1526,ORD-20260710-5870-0155,CONCESSION_ACCRUAL,3,700,2026-07-10T23:50:47+08:00
7deeb2d4-9349-4c7c-8d13-92306821ea15,M-1832,ORD-20260710-6708-0156,CONCESSION_ACCRUAL,12,208,2026-07-10T18:40:10+08:00
f20a5fab-0b79-498f-a601-ae87851555bf,M-1585,ORD-20260710-7616-0157,CONCESSION_ACCRUAL,9,524,2026-07-10T21:33:26+08:00
248a6419-f27d-4ff2-b0b7-16b041f8bcef,M-1516,ORD-20260710-5764-0158,CONCESSION_ACCRUAL,9,61,2026-07-10T22:50:56+08:00
9ac94ec6-cb99-48a2-b204-846f65136e41,M-1004,ORD-20260710-4097-0159,CONCESSION_ACCRUAL,11,263,2026-07-10T13:07:46+08:00
b5aa9eaf-5b6f-41e5-9c2d-7269b1c08c0f,M-1222,ORD-20260710-9561-0160,CONCESSION_ACCRUAL,9,47,2026-07-10T19:18:43+08:00
6ad0e3d8-21f4-43c2-a7c2-fae4159f1edf,M-1392,ORD-20260711-9919-0161,CONCESSION_ACCRUAL,39,654,2026-07-11T00:04:26+08:00
9da53e0b-9c47-419a-a2b2-be43ea13bb28,M-1366,ORD-20260710-9429-0162,CONCESSION_ACCRUAL,9,83,2026-07-10T21:49:01+08:00
45959120-a1d4-410e-bf2f-23552818374a,M-1366,TIER_UPGRADE_Standard_TO_Silver,TIER_BONUS,50,133,2026-07-10T21:49:01+08:00
a9e988af-063d-461e-917a-bf3431403cad,M-1444,ORD-20260711-7009-0163,CONCESSION_ACCRUAL,9,3295,2026-07-11T00:23:01+08:00
880d4c06-d81d-4edf-852d-5732fbfc7b18,M-1402,ORD-20260711-5407-0164,CONCESSION_ACCRUAL,8,242,2026-07-11T00:12:19+08:00
779f3bde-c065-4ba8-a223-cd95f0a93dc0,M-1109,ORD-20260710-3827-0165,CONCESSION_ACCRUAL,15,153,2026-07-10T16:09:13+08:00
6152eb80-478a-4250-b70f-dce26b74b0a9,M-1998,ORD-20260710-7883-0166,CONCESSION_ACCRUAL,21,146,2026-07-10T17:42:48+08:00
7d5e85f1-1fdc-4159-a033-149417ebbb77,M-1735,ORD-20260710-2879-0167,CONCESSION_ACCRUAL,15,212,2026-07-10T19:07:34+08:00
180cb9fa-8502-4017-96d3-0d604796d644,M-1085,ORD-20260711-2571-0168,CONCESSION_ACCRUAL,6,56,2026-07-11T01:13:43+08:00
35202afb-0dcb-4033-ac95-7c68a8ed5386,M-1770,ORD-20260711-8127-0169,CONCESSION_ACCRUAL,9,250,2026-07-11T00:19:07+08:00
82db685c-d798-44d1-8b3f-641ad1dfe540,M-1284,ORD-20260710-8668-0170,CONCESSION_ACCRUAL,9,222,2026-07-10T17:43:27+08:00
03a0855d-e0e9-4b07-a3f8-ae1f2d8ef4e2,M-1313,ORD-20260710-6610-0171,CONCESSION_ACCRUAL,24,183,2026-07-10T17:52:43+08:00
8aa23ff9-b3dc-42c4-9e79-c1c9a26b066e,M-1313,TIER_UPGRADE_Standard_TO_Silver,TIER_BONUS,50,233,2026-07-10T17:52:43+08:00
1b44233f-5ade-46dc-8ad9-7a94763c61d9,M-1032,ORD-20260710-7158-0172,CONCESSION_ACCRUAL,9,135,2026-07-10T21:38:52+08:00
3e2acfa6-1863-4bc2-8812-a618c5637438,M-1514,ORD-20260710-2911-0173,CONCESSION_ACCRUAL,9,193,2026-07-10T15:53:10+08:00
5e2b9742-2253-49dd-a1b5-ea68ea1c629d,M-1514,TIER_UPGRADE_Standard_TO_Silver,TIER_BONUS,50,243,2026-07-10T15:53:10+08:00
d96ac6a6-362e-4f18-b97f-3470a347090c,M-1089,ORD-20260710-4157-0174,CONCESSION_ACCRUAL,6,201,2026-07-10T19:02:39+08:00
4a3b2337-9cb3-444b-a4ab-0d5ebdb98b3d,M-1870,ORD-20260711-1741-0175,CONCESSION_ACCRUAL,15,287,2026-07-11T00:40:24+08:00
2a1c6232-8f26-430f-859f-a9c361c5cb51,M-1640,ORD-20260710-3785-0176,CONCESSION_ACCRUAL,11,389,2026-07-10T20:27:09+08:00
8d7cbebb-2004-4ffb-a2a5-91d4a487a7f2,M-1405,ORD-20260711-1429-0177,CONCESSION_ACCRUAL,7,324,2026-07-11T00:27:00+08:00
e939f733-6822-41d5-b57f-cd5045137c53,M-1582,ORD-20260710-9930-0178,CONCESSION_ACCRUAL,23,147,2026-07-10T22:49:54+08:00
7c067933-6776-4424-aae8-1d5492e3ede6,M-1294,ORD-20260710-2158-0179,CONCESSION_ACCRUAL,40,126,2026-07-10T12:31:47+08:00
29d3b092-8e9c-426f-b451-b2da23bbf412,M-1312,ORD-20260710-8352-0180,CONCESSION_ACCRUAL,25,214,2026-07-10T23:17:23+08:00
22e2220b-2b29-4820-aec5-c9d9d9be0a2d,M-1559,ORD-20260710-2319-0181,CONCESSION_ACCRUAL,22,103,2026-07-10T20:55:47+08:00
57362dc4-c916-4f3d-b6c1-3a2d92491d5a,M-1045,ORD-20260710-1028-0182,CONCESSION_ACCRUAL,23,257,2026-07-10T23:19:15+08:00
f6e33501-6ece-464e-a44d-f8b04cf6c8ff,M-1065,ORD-20260710-9470-0183,CONCESSION_ACCRUAL,8,606,2026-07-10T22:33:57+08:00
1758dab3-400d-4dc5-9f4b-280470678d17,M-1803,ORD-20260711-4227-0184,CONCESSION_ACCRUAL,8,186,2026-07-11T01:12:01+08:00
13251a74-7118-4bd4-8dce-c9b050b440eb,M-1421,ORD-20260710-8481-0185,CONCESSION_ACCRUAL,46,534,2026-07-10T23:00:46+08:00
c15d7d2a-fcce-483a-880c-d11d7a3d23cd,M-1191,ORD-20260710-2846-0186,CONCESSION_ACCRUAL,43,186,2026-07-10T15:02:29+08:00
8e79a82a-8fbf-4ff8-96b0-ea36cb6f0049,M-1039,ORD-20260710-5587-0187,CONCESSION_ACCRUAL,16,365,2026-07-10T22:11:38+08:00
9f7549d7-dcae-44a7-96b6-9741e3b502d6,M-1280,ORD-20260710-3686-0188,CONCESSION_ACCRUAL,30,240,2026-07-10T18:00:30+08:00
0c0d2448-7417-4541-bb96-e797b65116d1,M-1059,ORD-20260710-2737-0189,CONCESSION_ACCRUAL,38,135,2026-07-10T22:50:07+08:00
41a632f8-2d18-40b0-b215-82049ac2218d,M-1047,ORD-20260710-3576-0190,CONCESSION_ACCRUAL,6,128,2026-07-10T20:59:48+08:00
cbb684f9-3b80-4a11-83f1-c2ad7650d49a,M-1409,ORD-20260711-8192-0191,CONCESSION_ACCRUAL,26,87,2026-07-11T00:47:21+08:00
ccdabf8c-1061-42fa-902f-e1cee8f3dd68,M-1186,ORD-20260710-9127-0192,CONCESSION_ACCRUAL,15,354,2026-07-10T22:41:27+08:00
dc9df5b2-cd82-4c88-bf0f-2b9b6297ac1f,M-1403,ORD-20260710-3751-0193,CONCESSION_ACCRUAL,9,2258,2026-07-10T21:59:31+08:00
48178938-6424-4c35-a157-627b7b9c7c13,M-2023,ORD-20260711-1521-0194,CONCESSION_ACCRUAL,8,139,2026-07-11T00:41:34+08:00
0050344b-a9de-4808-9fbd-6f7e471ff7fd,M-1584,ORD-20260710-7411-0195,CONCESSION_ACCRUAL,29,182,2026-07-10T21:32:35+08:00
dcacdb8b-f7eb-4d85-8ce3-aa252e736455,M-1436,ORD-20260711-5936-0196,CONCESSION_ACCRUAL,8,186,2026-07-11T02:52:27+08:00
e552c12b-8b9d-4a1a-870c-de39d6c46860,M-1781,ORD-20260710-6117-0197,CONCESSION_ACCRUAL,26,3436,2026-07-10T16:32:03+08:00
5a5e99be-40c1-4c66-84e0-7f6d9c8e267e,M-1558,ORD-20260711-2412-0198,CONCESSION_ACCRUAL,19,312,2026-07-11T01:51:30+08:00
0e9e89fd-3167-47c3-a6d3-79d3f1393a6d,M-1251,ORD-20260710-5140-0199,CONCESSION_ACCRUAL,17,59,2026-07-10T09:08:37+08:00
1e88e9e0-17e2-4cfd-8062-a025cc3e366c,M-1309,ORD-20260711-1211-0200,CONCESSION_ACCRUAL,8,231,2026-07-11T00:43:27+08:00
08d8a29e-d893-4093-aee0-21595973c062,M-1219,ORD-20260710-7516-0201,CONCESSION_ACCRUAL,9,90,2026-07-10T17:20:02+08:00
b0abd06c-19b1-4f71-b207-38db28fd9b31,M-1326,ORD-20260711-7444-0202,CONCESSION_ACCRUAL,25,110,2026-07-11T00:13:28+08:00
370353f1-090a-436f-94cf-c9d6875915f7,M-1289,ORD-20260710-6063-0203,CONCESSION_ACCRUAL,20,226,2026-07-10T14:52:48+08:00
e703b7cc-d462-4590-b839-da5a312f6851,M-1804,ORD-20260710-9579-0204,CONCESSION_ACCRUAL,13,124,2026-07-10T17:17:59+08:00
0bd0db2e-e51f-49ed-8e93-3ccfdfdb9e1c,M-1993,ORD-20260710-7312-0205,CONCESSION_ACCRUAL,12,96,2026-07-10T14:26:09+08:00
3a3da8e9-1fae-4061-990e-d6687b1472e7,M-1348,ORD-20260710-9590-0206,CONCESSION_ACCRUAL,12,203,2026-07-10T14:21:53+08:00
9f0e817f-c29c-486d-8523-30702d56f5f8,M-1325,ORD-20260710-3489-0207,CONCESSION_ACCRUAL,16,248,2026-07-10T21:00:51+08:00
e4e24843-fb3d-41fe-9368-1394de6706d2,M-1071,ORD-20260711-8317-0208,CONCESSION_ACCRUAL,15,96,2026-07-11T02:57:58+08:00
b4391dec-959a-4ec1-af5d-e37ef6e30b87,M-1428,ORD-20260711-7562-0209,CONCESSION_ACCRUAL,6,113,2026-07-11T01:15:56+08:00
cb521dac-0f81-48fc-91b9-14eece779c9d,M-1554,ORD-20260710-6580-0210,CONCESSION_ACCRUAL,45,719,2026-07-10T21:24:17+08:00
1e895f69-73d7-4d94-a387-41a76536907f,M-1809,ORD-20260710-8589-0211,CONCESSION_ACCRUAL,11,526,2026-07-10T21:03:29+08:00
50acc048-dda4-4300-9ec9-d35c5e01493f,M-1728,ORD-20260710-7533-0212,CONCESSION_ACCRUAL,28,263,2026-07-10T19:29:37+08:00
be51d0e1-ee9c-41e7-823e-0adc2acb16ae,M-1031,ORD-20260710-2414-0213,CONCESSION_ACCRUAL,8,805,2026-07-10T14:26:29+08:00
d3ec82b2-3ce4-4628-9b11-1e3c4570eba0,M-1499,ORD-20260710-6987-0214,CONCESSION_ACCRUAL,16,100,2026-07-10T23:51:46+08:00
48ce13b3-0521-4a5f-a69a-c4cac65dd09a,M-1740,ORD-20260710-1665-0215,CONCESSION_ACCRUAL,12,1606,2026-07-10T14:59:34+08:00
ebdafe64-7210-4d2c-9e91-822efb71df5d,M-1576,ORD-20260711-2391-0216,CONCESSION_ACCRUAL,14,1343,2026-07-11T00:47:22+08:00
457a22c3-11ff-4829-a509-bc955a54c081,M-1303,ORD-20260710-6942-0217,CONCESSION_ACCRUAL,20,2394,2026-07-10T06:17:16+08:00
35f0e141-77fa-4478-8304-6eaf0e04744e,M-1827,ORD-20260710-1873-0218,CONCESSION_ACCRUAL,8,257,2026-07-10T18:15:50+08:00
747a0b7b-eddb-4a14-b126-872ca0f9552b,M-1779,ORD-20260711-1825-0219,CONCESSION_ACCRUAL,8,169,2026-07-11T01:24:46+08:00
0e012ecf-a50a-4431-bbb2-c7b0fabed23f,M-1083,ORD-20260710-4019-0220,CONCESSION_ACCRUAL,16,142,2026-07-10T11:27:27+08:00
4c7e8ec5-bb97-4203-94d9-2fdb8f1303f6,M-1178,ORD-20260710-4580-0221,CONCESSION_ACCRUAL,12,84,2026-07-10T15:29:45+08:00
5dab78b4-742e-422e-a5b6-e6d24e997113,M-1731,ORD-20260710-9061-0222,CONCESSION_ACCRUAL,15,254,2026-07-10T17:02:10+08:00
526ec0c9-4b3c-4ff6-bcae-294f7732c317,M-1484,ORD-20260710-7957-0223,CONCESSION_ACCRUAL,26,325,2026-07-10T19:13:20+08:00
2a594235-1e87-4b51-9ee1-373d41ac8e67,M-1448,ORD-20260710-2715-0224,CONCESSION_ACCRUAL,11,151,2026-07-10T15:41:01+08:00
93d61978-54b4-4232-a9d6-2ddcd1371536,M-1721,ORD-20260710-4451-0225,CONCESSION_ACCRUAL,6,225,2026-07-10T16:17:13+08:00
fb2daffc-bac4-4cf4-9f07-f8d5b9bcb309,M-1544,ORD-20260710-8503-0226,CONCESSION_ACCRUAL,15,157,2026-07-10T21:21:41+08:00
d1c641b5-a6c2-429c-9be4-74b150a0359a,M-1692,ORD-20260711-3980-0227,CONCESSION_ACCRUAL,19,2305,2026-07-11T00:11:14+08:00
07fe65a5-5db0-4848-bbd4-a3fd67126f91,M-1977,ORD-20260710-6996-0228,CONCESSION_ACCRUAL,3,232,2026-07-10T21:56:14+08:00
dd9b05de-09d8-4b22-bb84-fc5bf0443da5,M-1025,ORD-20260710-3159-0229,CONCESSION_ACCRUAL,6,82,2026-07-10T22:36:28+08:00
72f158d1-38bc-40e6-aa94-b60c27c217e9,M-1344,ORD-20260710-2735-0230,CONCESSION_ACCRUAL,3,821,2026-07-10T14:00:05+08:00
d2d0bd52-a1e8-49a4-aa4b-8ae1fff5f783,M-1151,ORD-20260710-6097-0231,CONCESSION_ACCRUAL,3,149,2026-07-10T23:49:29+08:00
ae4005f6-8a75-4278-9432-899b7aeb9cfe,M-1475,ORD-20260710-7241-0232,CONCESSION_ACCRUAL,26,277,2026-07-10T22:31:55+08:00
925208ef-d9d7-4ebd-ad6b-485fa2c11543,M-1294,ORD-20260710-7810-0233,CONCESSION_ACCRUAL,8,134,2026-07-10T21:46:47+08:00
6fd11205-d3bc-4c4d-9291-2b97ea3a441a,M-1668,ORD-20260710-5486-0234,CONCESSION_ACCRUAL,21,112,2026-07-10T23:57:18+08:00
7a44ec1d-5bd5-43c0-9096-5fa5a831b64a,M-1067,ORD-20260710-8254-0235,CONCESSION_ACCRUAL,3,411,2026-07-10T23:33:24+08:00
dd8911fa-93db-41f9-9ff8-531c4dab70cb,M-1242,ORD-20260710-8212-0236,CONCESSION_ACCRUAL,7,32,2026-07-10T20:32:17+08:00
80e9e80b-7aab-4ad8-b57a-1f489d66b1cb,M-2159,ORD-20260710-6609-0237,CONCESSION_ACCRUAL,6,208,2026-07-10T21:49:41+08:00
4f45af1d-69b2-4278-a9cf-2a47f3fd8dcf,M-1349,ORD-20260711-7051-0238,CONCESSION_ACCRUAL,11,489,2026-07-11T02:19:24+08:00
1cc126e9-f766-42e0-8748-fdc35e291f12,M-1756,ORD-20260710-8266-0239,CONCESSION_ACCRUAL,36,2283,2026-07-10T05:56:01+08:00
05dd0d4a-60b4-41d4-a24f-0d5caa15f5dc,M-1804,ORD-20260710-7571-0240,CONCESSION_ACCRUAL,12,136,2026-07-10T22:55:48+08:00
b47588e6-a84e-41a4-8de8-cf9331590722,M-1086,ORD-20260710-2366-0241,CONCESSION_ACCRUAL,30,120,2026-07-10T23:25:48+08:00
458919e3-7bd6-440e-b69c-8171efd1057d,M-1086,TIER_UPGRADE_Standard_TO_Silver,TIER_BONUS,50,170,2026-07-10T23:25:48+08:00
64569b2a-10fa-415b-8eb1-93a346d145eb,M-1114,ORD-20260710-4977-0242,CONCESSION_ACCRUAL,6,99,2026-07-10T19:55:30+08:00
67397739-1695-4334-a835-7d8e9dc4717c,M-1769,ORD-20260710-1582-0243,CONCESSION_ACCRUAL,31,261,2026-07-10T22:49:52+08:00
bfa7a9b4-68e6-4985-9cad-bb6029f37c36,M-1627,ORD-20260711-5871-0244,CONCESSION_ACCRUAL,49,155,2026-07-11T05:43:13+08:00
a4244ae3-47f8-4d5c-8f67-8c01b76fb1c2,M-1309,ORD-20260710-2749-0245,CONCESSION_ACCRUAL,6,237,2026-07-10T20:39:37+08:00
1dbe4b59-0bc4-4718-941e-d0521517e88a,M-1272,ORD-20260710-5377-0246,CONCESSION_ACCRUAL,4,1302,2026-07-10T23:38:01+08:00
8118751d-1d8e-442b-9c8b-cc68fd67a9f1,M-1524,ORD-20260711-8463-0247,CONCESSION_ACCRUAL,3,127,2026-07-11T00:51:29+08:00
3c299b1d-5af6-4527-93ce-cd20c0f10e88,M-1126,ORD-20260710-8066-0248,CONCESSION_ACCRUAL,12,55,2026-07-10T23:36:52+08:00
53f722d6-127f-4a3a-832a-5d1b345022a7,M-1175,ORD-20260710-9166-0249,CONCESSION_ACCRUAL,15,92,2026-07-10T21:22:19+08:00
008fe006-f40a-4815-8f82-de02ba67b1c6,M-1338,ORD-20260711-5281-0250,CONCESSION_ACCRUAL,6,236,2026-07-11T01:42:19+08:00
c416eaa8-9d73-41b2-9022-0b457bde4791,M-1475,ORD-20260710-8482-0251,CONCESSION_ACCRUAL,3,280,2026-07-10T17:03:07+08:00
799aa35e-e941-490a-9429-7f2c47c7bacc,M-1187,ORD-20260710-8262-0252,CONCESSION_ACCRUAL,6,92,2026-07-10T22:19:34+08:00
74a50c61-aab6-402a-b368-46a50a6712cb,M-1723,ORD-20260710-1916-0253,CONCESSION_ACCRUAL,32,244,2026-07-10T22:15:25+08:00
c7de066a-e5a2-4fbd-be03-425e7b2f1dbf,M-1834,ORD-20260710-8116-0254,CONCESSION_ACCRUAL,15,342,2026-07-10T21:35:57+08:00
d1c2ba5f-56e0-450e-a650-c3bacff5f932,M-1156,ORD-20260710-3894-0255,CONCESSION_ACCRUAL,8,279,2026-07-10T22:57:00+08:00
9936774d-edff-4d14-b750-0edda2911c39,M-1607,ORD-20260710-5705-0256,CONCESSION_ACCRUAL,2,152,2026-07-10T09:24:00+08:00
781ef938-bf7b-4f7d-83f3-33606d6dbffe,M-1260,ORD-20260710-1453-0257,CONCESSION_ACCRUAL,26,372,2026-07-10T11:57:00+08:00
624cb451-6d44-4413-8b7f-86158ad93dd8,M-1138,ORD-20260710-2059-0258,CONCESSION_ACCRUAL,15,362,2026-07-10T17:23:00+08:00
fbb6d5b6-dd5a-4e05-b095-176d45692e28,M-1813,ORD-20260710-2060-0259,CONCESSION_ACCRUAL,15,750,2026-07-10T15:58:00+08:00
87d01a07-3bc4-4e5b-9263-1adaba3bdad2,M-1631,ORD-20260710-5324-0260,CONCESSION_ACCRUAL,8,250,2026-07-10T21:31:00+08:00
38cd5358-43e2-4b0c-b470-fafc8986e3d8,M-1270,ORD-20260710-7212-0261,CONCESSION_ACCRUAL,38,919,2026-07-10T11:18:00+08:00
c39fbc08-103f-4395-a931-a0eb72bb8dd0,M-1307,ORD-20260710-6732-0262,CONCESSION_ACCRUAL,6,219,2026-07-10T16:33:00+08:00
4afcdf9f-2ee6-4da9-b862-95e3b3355ada,M-1108,ORD-20260710-6012-0263,CONCESSION_ACCRUAL,25,148,2026-07-10T22:56:00+08:00
79b23153-6451-4a4c-9917-63189a8838ec,M-1076,ORD-20260710-5264-0264,CONCESSION_ACCRUAL,15,35,2026-07-10T15:38:00+08:00
775f54ee-3c05-409a-9ffc-d1b7bee6fea2,M-1358,ORD-20260710-4648-0265,CONCESSION_ACCRUAL,6,125,2026-07-10T10:05:00+08:00
6774ce92-f492-4b98-9c27-2365a178f439,M-1793,ORD-20260710-2519-0266,CONCESSION_ACCRUAL,19,941,2026-07-10T17:33:00+08:00
e43092d2-62ac-4844-8a2c-2d8984a15b31,M-2095,ORD-20260710-6863-0267,CONCESSION_ACCRUAL,12,37,2026-07-10T21:17:00+08:00
e0ec6787-7f93-4859-a26b-117657db36e7,M-1298,ORD-20260710-4755-0268,CONCESSION_ACCRUAL,23,322,2026-07-10T12:27:00+08:00
435363f6-b8bb-490b-a348-a2ca7d0f99f3,M-1271,ORD-20260710-3979-0269,CONCESSION_ACCRUAL,15,90,2026-07-10T09:18:00+08:00
e47e1ba1-ea3b-4d66-bae7-a921b8bb5b89,M-1519,ORD-20260710-9514-0270,CONCESSION_ACCRUAL,15,227,2026-07-10T19:16:00+08:00
4c69dbf2-0324-46c5-bf8a-d9d0b149af3c,M-1047,ORD-20260710-8621-0271,CONCESSION_ACCRUAL,2,130,2026-07-10T09:22:00+08:00
734c0e7c-324c-4951-b372-621ce08a01ac,M-2193,ORD-20260710-1152-0272,CONCESSION_ACCRUAL,12,16,2026-07-10T18:36:00+08:00
86932286-2812-439a-a98f-08dac1b6e1f9,M-1664,ORD-20260710-1896-0273,CONCESSION_ACCRUAL,13,2467,2026-07-10T22:03:00+08:00
b45632d6-92a5-4895-a75c-5cee907ac1c0,M-1744,ORD-20260710-1363-0274,CONCESSION_ACCRUAL,26,445,2026-07-10T12:34:00+08:00
5dc4dc9a-8478-4678-9cec-5180ae1e52b5,M-1636,ORD-20260710-9962-0275,CONCESSION_ACCRUAL,19,1658,2026-07-10T16:58:00+08:00
a49a6207-30a6-4287-aa18-47b2dcc05263,M-1103,ORD-20260710-7728-0276,CONCESSION_ACCRUAL,6,195,2026-07-10T22:40:00+08:00
bcac5a52-0cc3-481e-9e0d-e881386ff2d3,M-1517,ORD-20260710-6831-0277,CONCESSION_ACCRUAL,6,16,2026-07-10T21:41:00+08:00
20a1c532-90a0-4f9a-80b7-a7b39becab36,M-1735,ORD-20260710-3401-0278,CONCESSION_ACCRUAL,11,223,2026-07-10T22:49:00+08:00
c35742b3-93fe-41c9-99e6-7f8a13b28dda,M-1772,ORD-20260710-6471-0279,CONCESSION_ACCRUAL,15,59,2026-07-10T11:28:00+08:00
287db62b-f905-4041-8e95-4a1afdd526b0,M-1947,ORD-20260710-3811-0280,CONCESSION_ACCRUAL,15,29,2026-07-10T19:13:00+08:00
58dcc023-b3c9-4c3b-8f6f-4751beb94577,M-1514,ORD-20260710-3497-0281,CONCESSION_ACCRUAL,11,254,2026-07-10T16:45:00+08:00
53737e13-8cb5-4294-8289-70bd54b353e8,M-1702,ORD-20260710-7563-0282,CONCESSION_ACCRUAL,8,90,2026-07-10T18:34:00+08:00
12a81321-fad6-4817-9cf1-70ae99e4aa32,M-1230,ORD-20260710-1801-0283,CONCESSION_ACCRUAL,11,674,2026-07-10T18:06:00+08:00
184c4567-a40a-4ac2-bf2a-863d260d19a1,M-1215,ORD-20260710-6597-0284,CONCESSION_ACCRUAL,3,60,2026-07-10T17:18:00+08:00
4876d391-e7e6-4746-bcbc-98c7f018f835,M-1452,ORD-20260710-5384-0285,CONCESSION_ACCRUAL,3,142,2026-07-10T09:24:00+08:00
23ba4649-0894-427f-8646-eeb59a249137,M-1141,ORD-20260710-2710-0286,CONCESSION_ACCRUAL,13,254,2026-07-10T09:30:00+08:00
c8c1a5c3-1d3c-402b-b136-4f262c5d487c,M-1381,ORD-20260710-7196-0287,CONCESSION_ACCRUAL,3,347,2026-07-10T14:39:00+08:00
01b3c75f-43b6-43d5-b101-f0a1c896f48d,M-1013,ORD-20260710-1431-0288,CONCESSION_ACCRUAL,19,196,2026-07-10T09:44:00+08:00
c0e96893-eba6-4b61-a9da-0fd1adcb4600,M-1063,ORD-20260710-4192-0289,CONCESSION_ACCRUAL,8,207,2026-07-10T12:37:00+08:00
db4b31bd-0ad3-4b5d-b41b-a6a7a7170087,M-1201,ORD-20260710-5990-0290,CONCESSION_ACCRUAL,42,332,2026-07-10T10:21:00+08:00
8696f765-3956-41f8-b7ab-3e9f35fd5c0f,M-1317,ORD-20260710-7391-0291,CONCESSION_ACCRUAL,9,50,2026-07-10T12:05:00+08:00
480f07d7-1764-4c99-a097-3e41573a82fb,M-1633,ORD-20260710-1504-0292,CONCESSION_ACCRUAL,23,267,2026-07-10T21:32:00+08:00
30955b0d-5a5c-4497-a354-d92d69bb44ac,M-1271,ORD-20260710-6459-0293,CONCESSION_ACCRUAL,7,97,2026-07-10T21:38:00+08:00
73b94293-5f7f-4482-929a-a8d94866ca4c,M-1690,ORD-20260710-2300-0294,CONCESSION_ACCRUAL,11,162,2026-07-10T20:07:00+08:00
00f6d0b0-4c12-4151-bbc7-eb1c6354e4b7,M-1048,ORD-20260710-8347-0295,CONCESSION_ACCRUAL,23,540,2026-07-10T13:54:00+08:00
4365963b-94d6-4f52-9c6c-f70ee11db22e,M-1799,ORD-20260710-8262-0296,CONCESSION_ACCRUAL,11,79,2026-07-10T09:03:00+08:00
68e7f7ff-353b-4605-a02b-494aa7ae4771,M-1034,ORD-20260710-3621-0297,CONCESSION_ACCRUAL,39,309,2026-07-10T09:08:00+08:00
5f5f7d07-842c-45da-9559-1ff891bc8761,M-1274,ORD-20260710-4974-0298,CONCESSION_ACCRUAL,8,214,2026-07-10T16:07:00+08:00
52a7ce8e-1eeb-4b15-bf25-6fe195391f57,M-1623,ORD-20260710-1191-0299,CONCESSION_ACCRUAL,30,141,2026-07-10T22:17:00+08:00
bd71ce13-e6a9-4ee8-979c-d82602c296e8,M-1101,ORD-20260710-2130-0300,CONCESSION_ACCRUAL,15,34,2026-07-10T14:26:00+08:00
7dff70bb-1321-4ae8-8af8-f9468ea63f06,M-1470,ORD-20260710-1925-0301,CONCESSION_ACCRUAL,8,61,2026-07-10T09:27:00+08:00
1e1fed36-d3af-4068-9f73-a2c49fe95214,M-1470,TIER_UPGRADE_Standard_TO_Silver,TIER_BONUS,50,111,2026-07-10T09:27:00+08:00
1c760185-0a32-4a89-9608-d9596f8c23a1,M-1560,ORD-20260710-8343-0302,CONCESSION_ACCRUAL,9,111,2026-07-10T10:44:00+08:00
16e065ce-1b5c-4a54-9e7f-a51fb2885dfe,M-1724,ORD-20260710-2899-0303,CONCESSION_ACCRUAL,13,132,2026-07-10T17:45:00+08:00
9093e3b4-2c1d-4ba9-8c25-5ff1e45a888d,M-1446,ORD-20260710-2065-0304,CONCESSION_ACCRUAL,6,67,2026-07-10T18:08:00+08:00
8766fac6-498a-466a-900d-b4f467159247,M-1166,ORD-20260710-4552-0305,CONCESSION_ACCRUAL,28,153,2026-07-10T11:50:00+08:00
58bf969f-63e4-450b-bd74-d04150348f00,M-1864,ORD-20260710-7702-0306,CONCESSION_ACCRUAL,12,102,2026-07-10T10:51:00+08:00
d6150396-f992-4e33-ac9f-041b0ce4d882,M-1109,ORD-20260710-2367-0307,CONCESSION_ACCRUAL,10,163,2026-07-10T18:12:00+08:00
d518097d-aee4-4f92-b200-ce14efe9a59a,M-1643,ORD-20260710-1082-0308,CONCESSION_ACCRUAL,9,244,2026-07-10T09:48:00+08:00
93b09ce0-9184-42eb-a5ab-ffb69677e2ad,M-1216,ORD-20260710-5856-0309,CONCESSION_ACCRUAL,18,653,2026-07-10T22:13:00+08:00
c6cfa3d9-41f6-4492-9506-5c26b2d21fa3,M-1086,ORD-20260710-2151-0310,CONCESSION_ACCRUAL,15,185,2026-07-10T19:05:00+08:00
56ed56af-b49b-4467-9435-f6b3a41cf1c0,M-1830,ORD-20260710-2771-0311,CONCESSION_ACCRUAL,15,237,2026-07-10T15:20:00+08:00
7df4cad8-4144-4930-b10d-71b6484c4292,M-1118,ORD-20260710-3798-0312,CONCESSION_ACCRUAL,7,67,2026-07-10T21:13:00+08:00
e52a0c3a-b155-4f74-a3c9-58f4e38afb35,M-1047,ORD-20260710-3734-0313,CONCESSION_ACCRUAL,12,142,2026-07-10T15:22:00+08:00
8e9d982c-4e8e-47f8-8442-88560d5ddcbc,M-1255,ORD-20260710-5252-0314,CONCESSION_ACCRUAL,24,121,2026-07-10T18:50:00+08:00
d78a6d46-33a8-440f-a289-ea6b7b62f758,M-1255,TIER_UPGRADE_Standard_TO_Silver,TIER_BONUS,50,171,2026-07-10T18:50:00+08:00
b8261589-1b91-4f31-80a0-e72d09483a37,M-1615,ORD-20260710-7939-0315,CONCESSION_ACCRUAL,31,111,2026-07-10T17:24:00+08:00
d6c8e4eb-5e05-47d6-aa48-53f630fc2201,M-1459,ORD-20260710-5138-0316,CONCESSION_ACCRUAL,10,270,2026-07-10T17:06:00+08:00
a0ca8adc-e7eb-4ad8-8c57-c568624dd8a7,M-1576,ORD-20260710-1144-0317,CONCESSION_ACCRUAL,13,1356,2026-07-10T21:16:00+08:00
515da662-fe3e-48b4-966f-892f9361b0e7,M-1268,ORD-20260710-3970-0318,CONCESSION_ACCRUAL,13,90,2026-07-10T11:08:00+08:00
93d0a631-e0a9-498b-95fb-2583d7c5f4ed,M-1110,ORD-20260710-2208-0319,CONCESSION_ACCRUAL,11,210,2026-07-10T12:40:00+08:00
b447c030-56f6-4997-b412-c08fcf5d8bf4,M-1676,ORD-20260710-9575-0320,CONCESSION_ACCRUAL,13,2883,2026-07-10T22:33:00+08:00
581a92cb-318c-45ff-b18b-10f069a26c6b,M-1258,ORD-20260710-3954-0321,CONCESSION_ACCRUAL,33,238,2026-07-10T21:34:00+08:00
cadb616b-b3a5-4a42-a12d-4f54f4083fe0,M-1025,ORD-20260710-2437-0322,CONCESSION_ACCRUAL,6,88,2026-07-10T22:27:00+08:00
29c808f4-cde2-447e-923b-a5de911b75bc,M-1104,ORD-20260710-8906-0323,CONCESSION_ACCRUAL,8,298,2026-07-10T12:30:00+08:00
bbdb7cda-5a3e-4d88-a3c0-bc9bee760499,M-1474,ORD-20260710-1222-0324,CONCESSION_ACCRUAL,21,76,2026-07-10T13:04:00+08:00
7e1da943-c052-4a0f-97fb-9fb6ae973b96,M-1396,ORD-20260710-4628-0325,CONCESSION_ACCRUAL,8,244,2026-07-10T20:36:00+08:00
2edda1e5-f128-48b5-8537-a144aad09762,M-1547,ORD-20260710-8606-0326,CONCESSION_ACCRUAL,7,134,2026-07-10T15:06:00+08:00
5ce1d1da-e765-4880-8e65-fd8b27f8a5f9,M-1839,ORD-20260710-1033-0327,CONCESSION_ACCRUAL,16,198,2026-07-10T11:21:00+08:00
9d394c35-c825-4a5d-a07d-2828bcab4392,M-1627,ORD-20260710-2359-0328,CONCESSION_ACCRUAL,10,165,2026-07-10T14:33:00+08:00
3cfdf0b6-eb18-470d-9ab1-5d5d6e29000e,M-1172,ORD-20260710-2852-0329,CONCESSION_ACCRUAL,33,262,2026-07-10T17:26:00+08:00
fa693505-81c6-4eb1-860c-712015951971,M-1838,ORD-20260710-7687-0330,CONCESSION_ACCRUAL,10,244,2026-07-10T17:48:00+08:00
6aa324ff-8f88-4f92-9c43-f7978d72ce57,M-1111,ORD-20260710-7627-0331,CONCESSION_ACCRUAL,3,339,2026-07-10T16:38:00+08:00
dabe82f1-2f6d-4d01-ad05-a5e2cd070d49,M-1322,ORD-20260710-3177-0332,CONCESSION_ACCRUAL,6,179,2026-07-10T19:57:00+08:00
dc0d0af8-4ba8-43e8-98e7-61ee37fb6e61,M-2085,ORD-20260710-9438-0333,CONCESSION_ACCRUAL,34,88,2026-07-10T22:54:00+08:00
91fe7be9-0352-45c8-b05b-b1d0ac87c6b2,M-1205,ORD-20260710-7284-0334,CONCESSION_ACCRUAL,24,787,2026-07-10T10:19:00+08:00
d6a62170-aa3f-4f02-a733-8e3452c42bda,M-1166,ORD-20260710-4717-0335,CONCESSION_ACCRUAL,9,162,2026-07-10T18:58:00+08:00
b803cc76-64e3-43ee-931e-da8671bf17b5,M-1231,ORD-20260710-7991-0336,CONCESSION_ACCRUAL,27,309,2026-07-10T09:49:00+08:00
a5478e4d-e935-4183-84e9-78f7835bbbf4,M-1104,ORD-20260710-6205-0337,CONCESSION_ACCRUAL,26,324,2026-07-10T22:15:00+08:00
0a7d9595-3fb2-4e21-97a5-59efee152618,M-1181,ORD-20260710-6672-0338,CONCESSION_ACCRUAL,6,109,2026-07-10T16:18:00+08:00
4dc694bb-f775-4ee7-8a59-c5a850338878,M-1150,ORD-20260710-6618-0339,CONCESSION_ACCRUAL,10,128,2026-07-10T13:42:00+08:00
