ledger_id,member_id,source_reference_id,transaction_type,points_delta,resulting_balance,created_at
4494ea58-6f93-4a48-8801-c0f5198f98a5,M-1787,SESS-20260816-6508-0000,RENTAL_ACCRUAL,11,279,2026-08-16T21:45:00+08:00
ec46506c-09f2-4f53-987d-d191fef58295,M-1687,SESS-20260816-2040-0001,RENTAL_REDEMPTION,-100,302,2026-08-16T06:15:00+08:00
cf8d8ffc-e1ca-407e-87a6-893d04691bd3,M-1687,SESS-20260816-2040-0001,RENTAL_ACCRUAL,5,307,2026-08-16T08:15:00+08:00
7ef980e4-3f85-41eb-b7d7-925425ccfe1e,M-1022,SESS-20260816-4216-0002,RENTAL_ACCRUAL,28,206,2026-08-17T03:30:00+08:00
b6953080-7e8f-4c4e-bac6-8733cd6a3cc5,M-1118,SESS-20260816-2012-0003,RENTAL_ACCRUAL,16,148,2026-08-16T16:15:00+08:00
d945f0ab-bbfc-4efc-a479-ebf77d09a131,M-2099,SESS-20260816-6404-0004,RENTAL_ACCRUAL,11,353,2026-08-17T01:45:00+08:00
da8da376-66be-4ec3-b8bd-69d798e3d3ae,M-1217,SESS-20260816-5674-0005,RENTAL_ACCRUAL,18,362,2026-08-16T18:00:00+08:00
eb683592-ce0b-47cc-9b09-7a08acc62326,M-1188,SESS-20260816-9025-0006,RENTAL_ACCRUAL,28,360,2026-08-16T21:15:00+08:00
88ebbcf1-0f69-4ce1-a32b-1cd2e877e3bf,M-2143,SESS-20260816-5127-0007,RENTAL_REDEMPTION,-100,26,2026-08-16T17:30:00+08:00
a6601a57-ff3d-4e0d-8b1c-e6c9e161414c,M-2143,SESS-20260816-5127-0007,RENTAL_ACCRUAL,11,37,2026-08-16T19:30:00+08:00
ffffb57e-35f7-4f24-8882-064395c37f41,M-1696,SESS-20260816-1610-0008,RENTAL_ACCRUAL,12,784,2026-08-16T10:45:00+08:00
68d99d85-b77b-4264-b3ae-bc90e12f1a72,M-1161,SESS-20260816-7133-0009,RENTAL_ACCRUAL,40,610,2026-08-16T21:00:00+08:00
067fdb70-aa7e-4313-8280-3f8f31631413,M-1392,SESS-20260816-1790-0010,RENTAL_REDEMPTION,-100,957,2026-08-16T09:45:00+08:00
8ecd7bb9-48b2-4359-8b97-89be04767373,M-1392,SESS-20260816-1790-0010,RENTAL_ACCRUAL,4,961,2026-08-16T11:45:00+08:00
c1b3cc84-3968-456f-b8a5-d5c0376e685b,M-1459,SESS-20260816-2366-0011,RENTAL_ACCRUAL,11,140,2026-08-16T12:15:00+08:00
e30d298a-4d02-4c3b-8c52-2646697cbc8a,M-2098,SESS-20260816-6140-0012,RENTAL_REDEMPTION,-200,106,2026-08-16T13:30:00+08:00
684f9bcc-f5cc-4e02-b01f-9c870ea8df2b,M-2098,SESS-20260816-6140-0012,RENTAL_ACCRUAL,28,134,2026-08-16T16:30:00+08:00
908230dd-9a9c-4522-9268-a76315197f25,M-1559,SESS-20260816-9791-0013,RENTAL_ACCRUAL,9,247,2026-08-16T11:15:00+08:00
6d9fc855-6bea-48e0-9555-6f38ee803474,M-1654,SESS-20260816-3729-0014,RENTAL_REDEMPTION,-100,69,2026-08-16T03:45:00+08:00
0a9c53cc-6b30-463a-b952-8a3bbe2c2aa3,M-1654,SESS-20260816-3729-0014,RENTAL_ACCRUAL,61,130,2026-08-16T08:45:00+08:00
7324efdb-d540-428d-8ded-c6be7a062c53,M-1266,SESS-20260816-5123-0015,RENTAL_REDEMPTION,-100,122,2026-08-16T13:15:00+08:00
42ae0f6f-a0a4-48b0-b221-61bfd3ec2ca7,M-1266,SESS-20260816-5123-0015,RENTAL_ACCRUAL,5,127,2026-08-16T15:15:00+08:00
3804001e-0be8-4e93-9390-f50b83288176,M-1863,SESS-20260816-6874-0016,RENTAL_ACCRUAL,15,149,2026-08-16T12:45:00+08:00
a7182856-721c-4817-870e-86511703ff56,M-1863,TIER_UPGRADE_Standard_TO_Silver,TIER_BONUS,50,199,2026-08-16T12:45:00+08:00
3bbe8053-8552-449d-9b88-dec99540fbcd,M-1685,SESS-20260816-6812-0017,RENTAL_REDEMPTION,-100,267,2026-08-16T11:45:00+08:00
4a3e27af-b2fb-4e60-b78c-758166466106,M-1685,SESS-20260816-6812-0017,RENTAL_ACCRUAL,4,271,2026-08-16T13:45:00+08:00
829d7c81-7684-44a2-a018-ba21213db5a2,M-1596,SESS-20260816-2240-0018,RENTAL_ACCRUAL,115,481,2026-08-17T07:30:00+08:00
f342a321-f5a5-4312-827d-e040b27a0a6c,M-2094,SESS-20260816-4880-0019,RENTAL_ACCRUAL,25,161,2026-08-16T07:30:00+08:00
2518467e-91f9-4edc-9d6f-9f3e25d92a95,M-2001,SESS-20260816-1237-0020,RENTAL_ACCRUAL,5,168,2026-08-16T17:15:00+08:00
060d25eb-6fe9-4686-bef0-4e44c18841b0,M-1825,SESS-20260816-8036-0021,RENTAL_REDEMPTION,-200,179,2026-08-16T21:30:00+08:00
630c9b87-db22-4870-99e0-7aa00dedced0,M-1825,SESS-20260816-8036-0021,RENTAL_ACCRUAL,4,183,2026-08-17T00:30:00+08:00
87f3cf9e-a2ec-432c-8b4d-3625ce12a484,M-1048,SESS-20260816-2266-0022,RENTAL_ACCRUAL,18,482,2026-08-16T21:30:00+08:00
5d362b22-fb5f-4cc3-89da-6d63787b23f8,M-1333,SESS-20260816-3782-0023,RENTAL_ACCRUAL,28,282,2026-08-17T03:45:00+08:00
461d6591-b984-42b1-a206-4b159feeab9d,M-1135,SESS-20260816-2299-0024,RENTAL_ACCRUAL,28,284,2026-08-17T02:00:00+08:00
e94689c7-7aaa-492b-9e21-b663cf45fb48,M-1666,SESS-20260816-6509-0025,RENTAL_ACCRUAL,27,168,2026-08-16T08:25:00+08:00
d42760fd-cdf2-4741-bf94-423a0aa7a895,M-1417,SESS-20260816-3505-0026,RENTAL_ACCRUAL,27,437,2026-08-16T18:00:00+08:00
188017f5-ab59-4395-99af-c06e1b970eea,M-1688,SESS-20260816-6882-0027,RENTAL_ACCRUAL,12,675,2026-08-16T15:15:00+08:00
2056e164-55f1-46f1-94c9-906939f99dbe,M-1998,SESS-20260816-8138-0028,RENTAL_ACCRUAL,27,82,2026-08-17T01:30:00+08:00
5e373a68-9b47-4a4b-9a38-84179d153ef7,M-1991,SESS-20260816-7834-0029,RENTAL_ACCRUAL,15,71,2026-08-16T16:30:00+08:00
03d34256-f9d2-4556-b5a6-ed0aab2eb08b,M-1574,SESS-20260816-9921-0030,RENTAL_ACCRUAL,16,129,2026-08-16T22:30:00+08:00
8db38165-50e6-4b79-b2fb-0d14cb799537,M-1719,SESS-20260816-6815-0031,RENTAL_ACCRUAL,27,371,2026-08-17T00:15:00+08:00
b69c6b88-38ff-415b-87be-4e92acd08044,M-1382,SESS-20260816-7605-0032,RENTAL_ACCRUAL,27,461,2026-08-16T22:15:00+08:00
e7748799-c042-4fab-91e5-48d65cd2b0d8,M-1428,SESS-20260816-3180-0033,RENTAL_ACCRUAL,28,119,2026-08-16T21:45:00+08:00
25d53fc1-66e8-45f7-9798-fccee36d3ea6,M-1821,SESS-20260816-3835-0034,RENTAL_ACCRUAL,28,180,2026-08-16T11:45:00+08:00
4526a3dc-9b6e-4961-a85f-dd664d484a23,M-1723,SESS-20260816-9041-0035,RENTAL_ACCRUAL,67,768,2026-08-17T04:00:00+08:00
b1791167-56fb-4911-990d-a3a560f118de,M-1534,SESS-20260816-2779-0036,RENTAL_ACCRUAL,45,331,2026-08-16T16:15:00+08:00
83be0c1f-9cd9-4cd8-8a16-c75c7afe4c08,M-1970,SESS-20260816-1916-0037,RENTAL_ACCRUAL,10,172,2026-08-16T22:30:00+08:00
cc5ebeac-37bc-4f70-9c47-df032102174b,M-2101,SESS-20260816-5167-0038,RENTAL_ACCRUAL,11,197,2026-08-16T12:30:00+08:00
c01e3a07-b05c-469a-a4e8-13a5629bfd97,M-1069,SESS-20260816-4552-0039,RENTAL_ACCRUAL,11,162,2026-08-16T12:30:00+08:00
88f28d98-81f9-4912-8df3-1e6bb416feef,M-1618,SESS-20260816-5827-0040,RENTAL_ACCRUAL,9,146,2026-08-16T19:15:00+08:00
ec508730-06f9-43ae-bc45-fb768e01cd2e,M-1663,SESS-20260816-6992-0041,RENTAL_ACCRUAL,5,268,2026-08-16T21:15:00+08:00
025ad42f-e9e3-4658-9393-49b7dfd5ab42,M-1823,SESS-20260816-6270-0042,RENTAL_REDEMPTION,-100,469,2026-08-16T13:15:00+08:00
8b23da14-5aff-4acd-9917-301e8af672e3,M-1823,SESS-20260816-6270-0042,RENTAL_ACCRUAL,20,489,2026-08-16T16:15:00+08:00
7c007160-5b84-4d3f-b911-1ae4edb343a6,M-1152,SESS-20260816-9878-0043,RENTAL_ACCRUAL,27,320,2026-08-16T23:15:00+08:00
2c41c414-31ab-4f50-97a4-51feaa70015c,M-2016,SESS-20260816-4583-0044,RENTAL_ACCRUAL,18,277,2026-08-16T14:00:00+08:00
7dbaf9e1-9180-4413-82e9-186909e746f8,M-1912,SESS-20260816-3439-0045,RENTAL_ACCRUAL,28,453,2026-08-17T00:00:00+08:00
c29af345-e2ab-41b4-9827-216f3a9e8561,M-1069,SESS-20260816-6940-0046,RENTAL_ACCRUAL,28,190,2026-08-16T19:15:00+08:00
9e085645-5562-45f8-99b9-459089b15afd,M-1896,SESS-20260816-4768-0047,RENTAL_REDEMPTION,-100,275,2026-08-16T19:45:00+08:00
1f2408b4-dbd3-42a5-bcc2-dccd2d7f55ff,M-1896,SESS-20260816-4768-0047,RENTAL_ACCRUAL,11,286,2026-08-16T21:45:00+08:00
59f5ac49-8eb1-4c27-a30c-022e1df5abac,M-1006,SESS-20260816-7610-0048,RENTAL_ACCRUAL,11,148,2026-08-16T10:15:00+08:00
a01added-5c77-4dd6-a7f4-8bef2ff738aa,M-1112,SESS-20260816-1070-0049,RENTAL_REDEMPTION,-200,1321,2026-08-16T23:15:00+08:00
93a5ed00-ec64-4685-b009-5a1cd9921737,M-1112,SESS-20260816-1070-0049,RENTAL_ACCRUAL,33,1354,2026-08-17T04:15:00+08:00
6cb7855a-7236-4b8f-8f04-897924e24b72,M-1419,SESS-20260816-5190-0050,RENTAL_ACCRUAL,28,397,2026-08-17T00:30:00+08:00
e1ed1220-5048-41ea-b860-7bbc600f2b71,M-1149,SESS-20260816-2702-0051,RENTAL_ACCRUAL,16,281,2026-08-16T23:30:00+08:00
a4688513-e00a-416e-945a-dda4eb89b032,M-1510,SESS-20260816-2107-0052,RENTAL_ACCRUAL,5,220,2026-08-16T17:45:00+08:00
07f7d03f-b6ed-43f5-b704-bcffd4cbeb16,M-1749,SESS-20260816-5151-0053,RENTAL_ACCRUAL,67,358,2026-08-16T10:15:00+08:00
f688ab66-db97-4d70-9f3a-3fb25bca00ce,M-1372,SESS-20260816-3201-0054,RENTAL_ACCRUAL,11,113,2026-08-16T23:30:00+08:00
4d49101f-24e4-4083-99cd-df105104c6c6,M-1238,SESS-20260816-4649-0055,RENTAL_REDEMPTION,-200,179,2026-08-16T16:30:00+08:00
f879ae5b-c334-4249-bcc9-33ce2f5994e2,M-1238,SESS-20260816-4649-0055,RENTAL_ACCRUAL,4,183,2026-08-16T19:30:00+08:00
6b28c4d1-49e5-4d2f-8bf3-a6bd851e3190,M-1886,SESS-20260816-4229-0056,RENTAL_REDEMPTION,-100,18,2026-08-16T20:00:00+08:00
48ae3409-6487-446c-978d-68b6760f4ec1,M-1886,SESS-20260816-4229-0056,RENTAL_ACCRUAL,20,38,2026-08-16T22:00:00+08:00
b2717c59-ec48-4d84-af34-4c4d35a14950,M-1269,SESS-20260816-3405-0057,RENTAL_ACCRUAL,18,495,2026-08-16T20:30:00+08:00
9cd38529-7eca-4d1f-9be8-b3a51233a3b7,M-1566,SESS-20260816-6132-0058,RENTAL_ACCRUAL,43,542,2026-08-17T01:10:00+08:00
e295be8e-d37d-492b-89d4-35f7fc584485,M-1071,SESS-20260816-5145-0059,RENTAL_ACCRUAL,18,395,2026-08-17T01:45:00+08:00
65a39623-725c-4b2d-9e47-7c3fadd4f10f,M-1451,SESS-20260816-6996-0060,RENTAL_ACCRUAL,11,458,2026-08-16T21:30:00+08:00
7ac5ed73-78a7-4350-960b-bd417c6c4e86,M-1247,SESS-20260816-5416-0061,RENTAL_ACCRUAL,12,2473,2026-08-16T13:00:00+08:00
fac4ac5e-ed8b-4996-a668-a003adea52d6,M-1827,SESS-20260816-7359-0062,RENTAL_ACCRUAL,28,521,2026-08-16T20:00:00+08:00
4753e51c-c5ea-4d1e-9d8c-aa96f7523dfe,M-1443,SESS-20260816-3643-0063,RENTAL_ACCRUAL,27,498,2026-08-16T03:45:00+08:00
d81de640-8124-4c14-80c4-8b10a39b92f0,M-1318,SESS-20260816-6805-0064,RENTAL_ACCRUAL,16,134,2026-08-16T19:15:00+08:00
6107077b-47b8-4075-aafc-7eb88443dee1,M-1966,SESS-20260816-2149-0065,RENTAL_ACCRUAL,24,74,2026-08-17T01:30:00+08:00
243d04ee-2128-41bb-b35e-6572185836bd,M-1452,SESS-20260816-5892-0066,RENTAL_ACCRUAL,5,120,2026-08-16T14:00:00+08:00
a0aa77d8-9480-4396-ba16-7296f135d5e0,M-1192,SESS-20260816-5394-0067,RENTAL_ACCRUAL,40,338,2026-08-17T00:30:00+08:00
d6608413-6820-43b7-9d65-4d9db7e8ecc4,M-1281,SESS-20260816-8991-0068,RENTAL_ACCRUAL,18,355,2026-08-16T22:30:00+08:00
89c3a46a-2c6d-4146-947e-6667f3efc48e,M-1927,SESS-20260816-2258-0069,RENTAL_ACCRUAL,25,28,2026-08-16T22:45:00+08:00
4d3b7e22-81b3-4fae-a40a-750b0acd0ab0,M-1197,SESS-20260816-9142-0070,RENTAL_ACCRUAL,5,332,2026-08-16T17:45:00+08:00
4439518c-271a-48ba-aebf-f318056b4986,M-1338,SESS-20260816-9999-0071,RENTAL_ACCRUAL,11,84,2026-08-16T07:15:00+08:00
a9d11f7c-1b1a-4a8d-902b-66fae4f57c18,M-1708,SESS-20260816-9353-0072,RENTAL_ACCRUAL,28,110,2026-08-17T02:15:00+08:00
f6dce5a1-d281-4c2d-bc77-2683b8e4f985,M-1575,SESS-20260816-3658-0073,RENTAL_ACCRUAL,11,100,2026-08-16T14:15:00+08:00
bc8b6af0-e914-4813-82d4-6e50321b1bf8,M-1880,SESS-20260816-1979-0074,RENTAL_ACCRUAL,24,136,2026-08-16T22:00:00+08:00
8e7c13b3-a182-4579-a012-68733ae6312a,M-1488,SESS-20260816-5207-0075,RENTAL_ACCRUAL,11,1012,2026-08-16T22:00:00+08:00
124443ec-5645-443f-bfef-60e4efb1d418,M-2073,SESS-20260816-5827-0076,RENTAL_ACCRUAL,16,163,2026-08-16T18:45:00+08:00
389830c1-5d80-4e08-994a-76c5a3b2f153,M-1551,SESS-20260816-3613-0077,RENTAL_ACCRUAL,11,126,2026-08-16T17:45:00+08:00
9112d9e4-60ef-4396-880e-f0c1629d7c52,M-1553,SESS-20260816-6254-0078,RENTAL_ACCRUAL,9,417,2026-08-16T17:25:00+08:00
a811b6d1-c7d5-4bbe-bd3d-d8ffe6d1bcea,M-1619,SESS-20260816-7201-0079,RENTAL_ACCRUAL,11,246,2026-08-16T15:00:00+08:00
fd798c90-9d62-4a3b-8adf-23ff493abb41,M-1556,SESS-20260816-3742-0080,RENTAL_ACCRUAL,13,523,2026-08-16T16:15:00+08:00
357b8a9d-9f9c-43b3-a723-fa7ac6da06c7,M-1109,SESS-20260816-6944-0081,RENTAL_ACCRUAL,27,689,2026-08-16T17:30:00+08:00
f3ea2385-37de-4be3-957b-95fe4a2f0ef3,M-1528,SESS-20260816-7819-0082,RENTAL_ACCRUAL,9,55,2026-08-16T19:05:00+08:00
f885fdfd-32cb-4960-9eb1-acd9622b33b5,M-2084,SESS-20260816-2137-0083,RENTAL_ACCRUAL,16,418,2026-08-17T02:30:00+08:00
88c08714-61fe-4f29-91d8-df2eeebd433e,M-1500,SESS-20260816-6344-0084,RENTAL_REDEMPTION,-200,40,2026-08-16T18:00:00+08:00
ca069fad-4b1f-46fa-9165-3000953aaa6e,M-1500,SESS-20260816-6344-0084,RENTAL_ACCRUAL,15,55,2026-08-16T23:00:00+08:00
a50cabea-d542-4dfe-8676-47688a015381,M-1826,SESS-20260816-9451-0085,RENTAL_ACCRUAL,16,219,2026-08-16T11:00:00+08:00
2e166889-60c0-4b2f-abe5-e53920f857c1,M-2028,SESS-20260816-5223-0086,RENTAL_ACCRUAL,8,60,2026-08-16T14:30:00+08:00
7b4ebd83-ff72-48fe-82e4-64f9e5a1661e,M-1002,SESS-20260816-2124-0087,RENTAL_REDEMPTION,-100,354,2026-08-16T14:15:00+08:00
271b074e-1ee6-473d-a659-fb848f6be8db,M-1002,SESS-20260816-2124-0087,RENTAL_ACCRUAL,6,360,2026-08-16T15:15:00+08:00
85234446-27c3-434e-a105-14fef66f097c,M-2045,SESS-20260816-9214-0088,RENTAL_ACCRUAL,10,47,2026-08-16T23:45:00+08:00
aee4807e-761f-40bf-b93e-581f99ddf98a,M-1042,SESS-20260816-4412-0089,RENTAL_REDEMPTION,-100,308,2026-08-16T19:15:00+08:00
9d1b1ca6-2ee8-4cf1-9cc9-e79cb0498565,M-1042,SESS-20260816-4412-0089,RENTAL_ACCRUAL,5,313,2026-08-16T21:15:00+08:00
cb47b2d4-0bbc-4ff6-9b72-34fd64169007,M-1082,SESS-20260816-5824-0090,RENTAL_ACCRUAL,5,361,2026-08-16T19:15:00+08:00
5281b3b0-2e31-4d68-a7fc-f03b998f4f87,M-1728,SESS-20260816-6350-0091,RENTAL_REDEMPTION,-200,129,2026-08-16T14:45:00+08:00
216c03b8-7244-4962-b9e8-236acdc8418d,M-1728,SESS-20260816-6350-0091,RENTAL_ACCRUAL,15,144,2026-08-16T19:45:00+08:00
0e244bf2-3719-42a9-adac-768f971199ca,M-1543,SESS-20260816-6475-0092,RENTAL_ACCRUAL,11,471,2026-08-16T19:50:00+08:00
0df897d6-2191-4569-b70c-df008b62ea62,M-1564,SESS-20260816-9242-0093,RENTAL_ACCRUAL,6,531,2026-08-16T16:15:00+08:00
b984e442-e384-4711-bb0a-fc508a467eb7,M-2176,SESS-20260816-1965-0094,RENTAL_REDEMPTION,-100,73,2026-08-16T16:30:00+08:00
f6324746-d833-4b18-977f-5642a2a23638,M-2176,SESS-20260816-1965-0094,RENTAL_ACCRUAL,7,80,2026-08-16T17:30:00+08:00
ca265d40-1d98-4dd5-aad4-4912a43251b6,M-1473,SESS-20260816-4700-0095,RENTAL_ACCRUAL,16,197,2026-08-17T00:15:00+08:00
ab9c40cd-9475-4b2d-8d59-82514960f073,M-1168,SESS-20260816-7165-0096,RENTAL_REDEMPTION,-100,205,2026-08-16T22:00:00+08:00
cba3a6d0-59b3-46bd-93a3-92e40c70e14e,M-1168,SESS-20260816-7165-0096,RENTAL_ACCRUAL,2,207,2026-08-16T23:00:00+08:00
d9ffb7bc-8c77-4dcf-a3f2-8ce13e2d0a77,M-1432,SESS-20260816-9598-0097,RENTAL_ACCRUAL,12,3421,2026-08-16T15:45:00+08:00
1a0dbc3b-c710-4a04-bc60-28fddc665eef,M-1241,SESS-20260816-1760-0098,RENTAL_REDEMPTION,-100,26,2026-08-16T14:15:00+08:00
aeaa0ba0-032f-4c1c-b6f5-45056385621a,M-1241,SESS-20260816-1760-0098,RENTAL_ACCRUAL,65,91,2026-08-16T22:15:00+08:00
6a53fd24-cc5c-480e-8a7b-60da835bf5dd,M-1250,SESS-20260816-5076-0099,RENTAL_ACCRUAL,5,144,2026-08-16T18:45:00+08:00
0ae050bb-c136-4dee-9f96-16609db81762,M-1577,SESS-20260816-4591-0100,RENTAL_ACCRUAL,27,120,2026-08-16T19:00:00+08:00
1da94dbe-2591-4f0f-969c-34ca26545b30,M-1330,SESS-20260816-3683-0101,RENTAL_ACCRUAL,28,3494,2026-08-16T12:45:00+08:00
1c7b3552-47f2-4cdf-a644-b597e1211301,M-2105,SESS-20260816-7668-0102,RENTAL_REDEMPTION,-100,246,2026-08-16T23:05:00+08:00
27e39e5b-1872-48f9-966a-a9549afbfcac,M-2105,SESS-20260816-7668-0102,RENTAL_ACCRUAL,11,257,2026-08-17T01:05:00+08:00
33dcfd24-6f66-4802-8237-b267e34d33d7,M-2174,SESS-20260816-7575-0103,RENTAL_ACCRUAL,24,49,2026-08-16T13:45:00+08:00
a600bee8-b54c-4c87-a0d5-5d3eb2d7189e,M-1093,SESS-20260816-4156-0104,RENTAL_ACCRUAL,18,93,2026-08-16T23:45:00+08:00
fd5597ed-6ae8-498a-92fb-335223e7a3a0,M-1478,SESS-20260816-7132-0105,RENTAL_ACCRUAL,18,133,2026-08-16T23:45:00+08:00
7497f75e-de18-479d-ab6e-36524237c7be,M-2176,SESS-20260816-8242-0106,RENTAL_ACCRUAL,11,91,2026-08-17T00:05:00+08:00
fc84bb20-f376-4654-827a-5cee84a67018,M-2071,SESS-20260816-5902-0107,RENTAL_ACCRUAL,27,359,2026-08-16T17:15:00+08:00
667515be-150a-4741-90d3-38fdf8c406c0,M-1047,SESS-20260816-5366-0108,RENTAL_ACCRUAL,16,125,2026-08-16T19:00:00+08:00
4ea8588f-ee89-4cf2-998f-7dde7bc72918,M-1830,SESS-20260816-5790-0109,RENTAL_ACCRUAL,19,32,2026-08-17T00:30:00+08:00
87ef8cf5-52a5-4d6a-b43e-d6a3304b000d,M-1984,SESS-20260816-5453-0110,RENTAL_ACCRUAL,10,215,2026-08-16T15:30:00+08:00
e12048c2-e79d-44bf-9e69-99368b1b62c1,M-1747,SESS-20260816-1723-0111,RENTAL_ACCRUAL,45,368,2026-08-16T23:30:00+08:00
7d74cd63-2129-402e-a159-63f47299b661,M-1013,SESS-20260816-6498-0112,RENTAL_REDEMPTION,-100,181,2026-08-16T19:20:00+08:00
63629eb8-93f5-40b7-b6b9-2b53a3229fa5,M-1013,SESS-20260816-6498-0112,RENTAL_ACCRUAL,10,191,2026-08-16T22:20:00+08:00
a8a8c76c-97bb-4f43-91b5-4afee0c35b56,M-1744,SESS-20260816-3085-0113,RENTAL_ACCRUAL,45,793,2026-08-17T03:45:00+08:00
380b66b1-bbc1-4b36-ba1e-7cebdaae333a,M-1870,SESS-20260816-6894-0114,RENTAL_ACCRUAL,5,358,2026-08-16T19:15:00+08:00
3c9bbd2f-9cb5-49b9-8ddd-616b1ee9dac5,M-1713,SESS-20260816-2072-0115,RENTAL_REDEMPTION,-200,39,2026-08-16T20:30:00+08:00
b6283878-9b9d-44d7-93a3-9b0f7deeeec8,M-1713,SESS-20260816-2072-0115,RENTAL_ACCRUAL,5,44,2026-08-16T22:30:00+08:00
ac50e076-d311-4eb8-ad55-eb55723600c3,M-1930,SESS-20260816-6528-0116,RENTAL_REDEMPTION,-100,43,2026-08-16T23:30:00+08:00
27c3856a-e82a-4b52-b0b7-e007beea49e4,M-1930,SESS-20260816-6528-0116,RENTAL_ACCRUAL,11,54,2026-08-17T01:30:00+08:00
a23e4825-7c4b-4d66-be7f-75991682d2f6,M-2048,SESS-20260816-3737-0117,RENTAL_ACCRUAL,8,108,2026-08-17T00:00:00+08:00
ca1b7a4c-175d-4400-a32b-ae6bb0fea6fa,M-1725,SESS-20260816-1779-0118,RENTAL_ACCRUAL,11,66,2026-08-16T16:30:00+08:00
90aede85-1cfe-4729-bd25-fdeb68b5e43d,M-1025,SESS-20260816-2557-0119,RENTAL_ACCRUAL,16,256,2026-08-16T18:15:00+08:00
7a761fae-d009-4da6-8740-38adb3b26708,M-1209,SESS-20260816-2833-0120,RENTAL_ACCRUAL,18,430,2026-08-17T00:55:00+08:00
649b5f04-8442-44ae-98f9-19cc3508a1ce,M-1585,SESS-20260816-6120-0121,RENTAL_REDEMPTION,-100,454,2026-08-16T20:05:00+08:00
6e5e5974-6b7e-4a62-b109-228a8cc59124,M-1585,SESS-20260816-6120-0121,RENTAL_ACCRUAL,4,458,2026-08-16T22:05:00+08:00
8573e6c1-74ce-4c35-820c-8fc3f00249d2,M-1872,SESS-20260816-3966-0122,RENTAL_REDEMPTION,-100,76,2026-08-16T20:00:00+08:00
3213124c-91e2-4aa8-be59-89b7be00a5d8,M-1872,SESS-20260816-3966-0122,RENTAL_ACCRUAL,5,81,2026-08-16T22:00:00+08:00
0a7f1fcd-4bae-4e3c-b0e0-f8a06a2aebe1,M-1503,SESS-20260816-3432-0123,RENTAL_ACCRUAL,18,910,2026-08-16T23:45:00+08:00
ce1dc611-210a-4ee3-a2ca-38ed7a4f4a4d,M-1870,SESS-20260816-4851-0124,RENTAL_ACCRUAL,5,363,2026-08-16T22:00:00+08:00
999fc24e-e730-42fc-ba33-8d457dfa735d,M-1174,SESS-20260816-7835-0125,RENTAL_ACCRUAL,11,306,2026-08-16T21:00:00+08:00
4fe249ce-9c04-4a05-8ebb-ae126c8188db,M-1965,SESS-20260816-6240-0126,RENTAL_ACCRUAL,11,213,2026-08-17T00:30:00+08:00
93601491-8f79-47d1-9c2f-4b932d34565b,M-1567,SESS-20260816-1232-0127,RENTAL_ACCRUAL,16,207,2026-08-16T22:15:00+08:00
642844d8-bbd6-43fb-98e3-45652267ac7e,M-1454,SESS-20260816-7187-0128,RENTAL_ACCRUAL,12,1733,2026-08-17T00:30:00+08:00
18a4123a-fdc2-44d5-8fde-fc6ef9ed29ef,M-1761,SESS-20260816-5095-0129,RENTAL_ACCRUAL,16,578,2026-08-16T17:30:00+08:00
ea75e297-77b7-4f38-9fda-b011732cb2de,M-1104,SESS-20260816-4874-0130,RENTAL_ACCRUAL,16,359,2026-08-16T23:45:00+08:00
77a5969c-ef6b-44eb-9569-99b5a3b51051,M-1038,SESS-20260816-6326-0131,RENTAL_ACCRUAL,5,101,2026-08-16T22:45:00+08:00
c3f62fd1-ec64-4da5-a554-a71dc0bdeee5,M-1626,SESS-20260816-1580-0132,RENTAL_ACCRUAL,27,525,2026-08-16T15:45:00+08:00
9ba180e8-6e6c-426b-9803-2cc53e0b9aff,M-1670,SESS-20260816-9304-0133,RENTAL_ACCRUAL,16,144,2026-08-17T02:00:00+08:00
7805cbee-4e90-4e68-8f56-1eed88bf8528,M-1466,SESS-20260816-3662-0134,RENTAL_ACCRUAL,6,3837,2026-08-16T17:00:00+08:00
e47c7095-cb69-497e-8e45-cbc44c730508,M-1510,SESS-20260816-6676-0135,RENTAL_ACCRUAL,11,231,2026-08-17T00:00:00+08:00
700e62cb-220c-4710-9f10-da61681232b7,M-1763,SESS-20260816-6893-0136,RENTAL_ACCRUAL,18,355,2026-08-16T12:45:00+08:00
a430713d-044a-43d9-a016-4c266768c91c,M-1562,SESS-20260816-1784-0137,RENTAL_REDEMPTION,-700,691,2026-08-16T22:45:00+08:00
9efcc997-7fe6-4e3f-8c3c-ecd2540520a4,M-1562,SESS-20260816-1784-0137,RENTAL_ACCRUAL,19,710,2026-08-17T03:45:00+08:00
16ebe8f7-f436-4f82-8a47-9c35e96fe4b2,M-1814,SESS-20260816-9052-0138,RENTAL_REDEMPTION,-100,96,2026-08-16T23:40:00+08:00
64f54507-d71f-4556-ae0c-ae6fe3152234,M-1814,SESS-20260816-9052-0138,RENTAL_ACCRUAL,10,106,2026-08-17T02:40:00+08:00
7aac025c-8192-4bc4-a982-b70bac0d3a8f,M-2158,SESS-20260816-6243-0139,RENTAL_ACCRUAL,25,79,2026-08-17T01:45:00+08:00
08003a64-9f7a-4ecd-a1e4-0d1012c23a7d,M-1625,SESS-20260816-2365-0140,RENTAL_REDEMPTION,-100,2591,2026-08-16T16:25:00+08:00
ee5a5fee-f321-48f8-a086-018a4379e39f,M-1625,SESS-20260816-2365-0140,RENTAL_ACCRUAL,4,2595,2026-08-16T18:25:00+08:00
8950aa91-5faf-4a67-abe5-bfec656bd194,M-1138,SESS-20260816-3802-0141,RENTAL_ACCRUAL,40,474,2026-08-16T17:00:00+08:00
58ae9537-5bba-483c-8f69-0acd0b029329,M-1802,SESS-20260816-9210-0142,RENTAL_ACCRUAL,16,121,2026-08-17T02:00:00+08:00
246af142-1723-4a05-8726-b2c9e68eb7fd,M-1637,SESS-20260816-8719-0143,RENTAL_ACCRUAL,30,1629,2026-08-17T03:00:00+08:00
47bb243e-c62f-4723-bf26-f79800cb5952,M-2154,SESS-20260816-2767-0144,RENTAL_ACCRUAL,5,67,2026-08-16T22:35:00+08:00
5be9674c-86c7-49d2-bf53-e3ad2245ac59,M-2182,SESS-20260816-9118-0145,RENTAL_ACCRUAL,10,173,2026-08-17T00:50:00+08:00
34009f0e-7e80-4dd3-90b8-bb3725032ee1,M-1304,SESS-20260816-1764-0146,RENTAL_ACCRUAL,16,386,2026-08-16T21:30:00+08:00
98ea9e35-98b7-4708-801b-7de4e9052d73,M-1017,SESS-20260816-6651-0147,RENTAL_REDEMPTION,-100,327,2026-08-16T06:45:00+08:00
ac24c240-9d6d-4602-8b24-b79b9521892e,M-1017,SESS-20260816-6651-0147,RENTAL_ACCRUAL,11,338,2026-08-16T08:45:00+08:00
e1fbe359-115a-4d2e-8b73-f4abb0079a7f,M-2189,SESS-20260816-1300-0148,RENTAL_ACCRUAL,36,278,2026-08-16T18:00:00+08:00
700f0d42-2948-499d-a61e-4390fb933830,M-1369,SESS-20260816-1483-0149,RENTAL_ACCRUAL,27,496,2026-08-17T02:50:00+08:00
bd8f89e5-bc2b-4353-910a-b59ac38acd13,M-2147,SESS-20260816-2523-0150,RENTAL_ACCRUAL,15,69,2026-08-16T17:45:00+08:00
10e705cc-0086-45df-8276-0456143fa4f0,M-1677,SESS-20260816-2508-0151,RENTAL_ACCRUAL,18,378,2026-08-16T21:15:00+08:00
b98d7886-266f-4a49-a38f-05edd3dfcf3f,M-1406,SESS-20260816-8775-0152,RENTAL_ACCRUAL,5,592,2026-08-16T23:20:00+08:00
390e9b1a-df14-4c33-b14e-ef2d8d6045cc,M-1706,SESS-20260816-4007-0153,RENTAL_ACCRUAL,76,226,2026-08-16T21:45:00+08:00
cb6836ce-562f-44d8-8432-50c54b291dba,M-1513,SESS-20260816-7624-0154,RENTAL_ACCRUAL,11,172,2026-08-17T00:45:00+08:00
db2895de-e256-4b24-b02a-914bce8ee160,M-1324,SESS-20260816-9086-0155,RENTAL_ACCRUAL,28,100,2026-08-17T03:35:00+08:00
4976f38c-5850-47d1-b762-d6da6788b45e,M-2077,SESS-20260816-1586-0156,RENTAL_ACCRUAL,5,75,2026-08-17T00:15:00+08:00
f2fbae10-2a1a-4462-8283-bc1b70fc020c,M-1808,SESS-20260816-6650-0157,RENTAL_ACCRUAL,30,2172,2026-08-17T02:25:00+08:00
55f5c2a0-edf9-4b48-8a6f-c1df0f20eebc,M-2181,SESS-20260816-3969-0158,RENTAL_ACCRUAL,24,74,2026-08-17T00:15:00+08:00
f9f1d48f-72f4-4972-abc2-3e1bca30054c,M-1812,SESS-20260816-2723-0159,RENTAL_ACCRUAL,27,643,2026-08-16T22:00:00+08:00
241189b6-a15a-425b-a676-84025b96dedf,M-1133,SESS-20260816-3854-0160,RENTAL_ACCRUAL,72,282,2026-08-16T22:30:00+08:00
5f92781a-4afb-412f-9d53-91de18813636,M-1535,SESS-20260816-7479-0161,RENTAL_ACCRUAL,27,275,2026-08-16T19:45:00+08:00
dedf12fd-1a9d-4e2e-8ba3-8c038aba8792,M-1499,SESS-20260816-7737-0162,RENTAL_ACCRUAL,27,70,2026-08-16T16:15:00+08:00
6915fe47-6363-48b1-94f8-f75766c91d71,M-1913,SESS-20260816-7554-0163,RENTAL_REDEMPTION,-100,251,2026-08-16T15:30:00+08:00
fa599a05-0c04-440e-9f2d-db15360beaad,M-1913,SESS-20260816-7554-0163,RENTAL_ACCRUAL,5,256,2026-08-16T17:30:00+08:00
8fdfb7d1-73fb-4084-835c-d79c6f5655f7,M-1785,SESS-20260816-1416-0164,RENTAL_ACCRUAL,13,203,2026-08-16T12:45:00+08:00
481e549f-2172-4b78-bca9-53b9e7a1a0ba,M-1598,SESS-20260816-8723-0165,RENTAL_ACCRUAL,11,150,2026-08-16T23:30:00+08:00
c42fd1c1-f95c-40ee-8808-d8239c1bc551,M-1515,SESS-20260816-7388-0166,RENTAL_ACCRUAL,27,294,2026-08-17T01:30:00+08:00
676f480f-5143-49b9-8a2d-b371bc8bf23a,M-1338,SESS-20260816-2174-0167,RENTAL_ACCRUAL,72,156,2026-08-17T00:30:00+08:00
6e1efb49-3dc9-410c-8477-68b607d8971c,M-1933,SESS-20260816-9741-0168,RENTAL_ACCRUAL,15,51,2026-08-16T20:10:00+08:00
93a2815a-c26a-4c08-b2ff-c267388d9dc6,M-1388,SESS-20260816-1962-0169,RENTAL_ACCRUAL,27,238,2026-08-16T20:00:00+08:00
fc382d9e-72aa-45f1-b2e2-edc11e2e06ac,M-1931,SESS-20260816-3038-0170,RENTAL_ACCRUAL,24,147,2026-08-17T01:00:00+08:00
640654e9-abf9-4c4b-bc1d-8ec2122f5952,M-2061,SESS-20260816-5470-0171,RENTAL_ACCRUAL,16,148,2026-08-16T23:20:00+08:00
82c9f25f-411c-4091-b09a-f3f75f00c04c,M-1924,SESS-20260816-3060-0172,RENTAL_ACCRUAL,10,58,2026-08-16T22:45:00+08:00
e51c30cc-af3d-4073-815e-142805977e27,M-1786,SESS-20260816-4741-0173,RENTAL_REDEMPTION,-300,340,2026-08-16T20:00:00+08:00
800d96ea-7239-4ff2-81df-36c3dfc1fa32,M-1786,SESS-20260816-4741-0173,RENTAL_ACCRUAL,6,346,2026-08-16T23:00:00+08:00
cc0019e0-954a-4d50-8713-be5df5aa9923,M-1584,SESS-20260816-7529-0174,RENTAL_ACCRUAL,18,132,2026-08-16T12:00:00+08:00
199e7e48-6cfd-462b-b654-6e6dabf89ddb,M-1119,SESS-20260816-9797-0175,RENTAL_ACCRUAL,27,477,2026-08-17T01:30:00+08:00
7b689436-0ec5-4fc4-bcdd-db98e8fe4c68,M-1276,SESS-20260816-7426-0176,RENTAL_ACCRUAL,27,796,2026-08-16T23:15:00+08:00
43b35d33-5ce2-46fd-a537-b57a26b98217,M-1051,SESS-20260816-2643-0177,RENTAL_ACCRUAL,19,334,2026-08-17T01:50:00+08:00
b5efc6d5-98da-4475-a525-0af16f49ac2d,M-1882,SESS-20260816-9392-0178,RENTAL_REDEMPTION,-100,15,2026-08-16T16:45:00+08:00
a5976f0d-44ea-452b-9f22-de74dde409e9,M-1882,SESS-20260816-9392-0178,RENTAL_ACCRUAL,10,25,2026-08-16T19:45:00+08:00
0ee0edd7-3c75-489d-9c69-a23553ca7a67,M-1024,SESS-20260816-8073-0179,RENTAL_ACCRUAL,5,339,2026-08-16T20:55:00+08:00
ad5b39a0-826a-4318-87c5-69fd91122aaf,M-1053,SESS-20260816-9981-0180,RENTAL_REDEMPTION,-200,409,2026-08-16T14:45:00+08:00
46d5de1f-0dac-41c0-88b9-5580c85e5c3a,M-1053,SESS-20260816-9981-0180,RENTAL_ACCRUAL,14,423,2026-08-16T16:45:00+08:00
558713cf-1f9d-46d6-9d0f-65ebcbdf439d,M-1435,SESS-20260816-5952-0181,RENTAL_ACCRUAL,11,323,2026-08-16T19:15:00+08:00
f84d89a2-67b0-419f-8d00-69b7dc2c1c75,M-1527,SESS-20260816-1925-0182,RENTAL_REDEMPTION,-100,779,2026-08-16T12:30:00+08:00
49ed9812-bd06-472c-9f17-7fb0815896d2,M-1527,SESS-20260816-1925-0182,RENTAL_ACCRUAL,5,784,2026-08-16T14:30:00+08:00
27851464-597b-4eaa-adad-34bfbfee548f,M-1326,SESS-20260816-5204-0183,RENTAL_ACCRUAL,5,394,2026-08-16T14:50:00+08:00
14cce421-e139-4989-9f24-29ddb74aad74,M-1408,SESS-20260816-2858-0184,RENTAL_REDEMPTION,-100,54,2026-08-16T17:45:00+08:00
3da976db-b720-49e4-a12b-199d6513138b,M-1408,SESS-20260816-2858-0184,RENTAL_ACCRUAL,11,65,2026-08-16T19:45:00+08:00
f9d34666-0176-4fd6-80ae-74e0cf0aacc3,M-2113,SESS-20260816-3483-0185,RENTAL_ACCRUAL,27,292,2026-08-17T00:35:00+08:00
133c29f9-1f0f-4aa9-abc6-512caf41e41b,M-1310,SESS-20260816-3845-0186,RENTAL_ACCRUAL,11,264,2026-08-17T00:45:00+08:00
46564168-b606-44f8-b87b-e2c1fd8d143c,M-1158,SESS-20260816-7476-0187,RENTAL_ACCRUAL,11,445,2026-08-16T18:45:00+08:00
281fabe2-64fa-49e3-b440-9b05786d116a,M-1721,SESS-20260816-7122-0188,RENTAL_ACCRUAL,11,466,2026-08-16T23:15:00+08:00
3bfec554-fb8d-4129-9ebf-fa84488471e2,M-1205,SESS-20260816-9365-0189,RENTAL_ACCRUAL,11,1073,2026-08-16T23:30:00+08:00
c47ca209-c036-4e9e-b318-8428005022ca,M-1420,SESS-20260816-8341-0190,RENTAL_REDEMPTION,-100,345,2026-08-16T23:45:00+08:00
241e46ee-fd37-4e11-ba64-0c6862ba12a3,M-1420,SESS-20260816-8341-0190,RENTAL_ACCRUAL,4,349,2026-08-17T01:45:00+08:00
4a288a92-539a-454d-bcf6-b12f34d42d22,M-1699,SESS-20260816-7746-0191,RENTAL_ACCRUAL,16,78,2026-08-16T17:15:00+08:00
6cf085f0-197f-4307-942b-46407a76a447,M-1422,SESS-20260816-7706-0192,RENTAL_REDEMPTION,-100,249,2026-08-16T21:40:00+08:00
4badfe3f-57e4-4914-98b8-27b59b706d84,M-1422,SESS-20260816-7706-0192,RENTAL_ACCRUAL,5,254,2026-08-16T23:40:00+08:00
3379f715-88d3-4a0a-b2fc-db78b2a10010,M-1727,SESS-20260816-2725-0193,RENTAL_ACCRUAL,16,257,2026-08-16T07:30:00+08:00
5d12fbd7-7447-49b4-81b8-1d37cf100c4b,M-1144,SESS-20260816-8206-0194,RENTAL_ACCRUAL,5,184,2026-08-16T21:30:00+08:00
efbf745d-37a9-4a8c-92a6-dd57e10723ce,M-2038,SESS-20260816-6632-0195,RENTAL_ACCRUAL,5,101,2026-08-16T18:45:00+08:00
1535c786-9262-4f40-a291-7a44703eb279,M-2021,SESS-20260816-8206-0196,RENTAL_ACCRUAL,24,107,2026-08-17T00:05:00+08:00
87fe7dad-543b-4def-9fd8-f457f7b1aed7,M-1653,SESS-20260816-7648-0197,RENTAL_ACCRUAL,13,306,2026-08-16T19:00:00+08:00
98d0e223-c08e-4dc6-af89-c543b10a25e0,M-1863,SESS-20260816-1755-0198,RENTAL_ACCRUAL,5,204,2026-08-16T14:00:00+08:00
f423c22a-68f1-45ac-8f2f-444c6bf220c4,M-1959,SESS-20260816-2648-0199,RENTAL_ACCRUAL,11,625,2026-08-16T20:30:00+08:00
70bf6df5-2708-4e4a-b44b-fdafe0772ce9,M-1387,SESS-20260816-1889-0200,RENTAL_ACCRUAL,9,211,2026-08-16T23:15:00+08:00
191df2ab-d63a-4196-8d82-17b0dc589c19,M-1695,SESS-20260816-7642-0201,RENTAL_ACCRUAL,27,132,2026-08-17T01:45:00+08:00
366f4b77-f29e-40d6-9862-82603844c9dd,M-1534,SESS-20260816-9009-0202,RENTAL_ACCRUAL,11,342,2026-08-16T22:35:00+08:00
69c5fe38-6c2f-4c4b-9876-2142ddd11ebc,M-2104,SESS-20260816-1444-0203,RENTAL_ACCRUAL,24,106,2026-08-16T16:00:00+08:00
d1758399-3572-4630-a487-17f0ca26b9cd,M-1043,SESS-20260816-4910-0204,RENTAL_ACCRUAL,12,797,2026-08-16T18:45:00+08:00
48fe0ba4-d79a-4a81-b231-3add9fc23e7d,M-1262,SESS-20260816-5894-0205,RENTAL_ACCRUAL,11,150,2026-08-16T15:45:00+08:00
687ccc05-338c-4ffb-a84c-75a1340d0d95,M-1290,SESS-20260816-6354-0206,RENTAL_ACCRUAL,18,104,2026-08-16T17:00:00+08:00
b3f795fd-af38-4c8f-bb66-54220c68177c,M-1535,SESS-20260816-9716-0207,RENTAL_ACCRUAL,11,286,2026-08-17T01:40:00+08:00
7578f399-7094-4bb0-94f3-500360a60b2d,M-2004,SESS-20260816-8021-0208,RENTAL_ACCRUAL,5,303,2026-08-16T17:15:00+08:00
04823c74-00cc-4bbd-a2cf-62a563a7771c,M-1339,SESS-20260816-6494-0209,RENTAL_ACCRUAL,45,184,2026-08-16T21:00:00+08:00
316faf1d-1a19-47f6-b14b-cdfee209f8f8,M-1740,SESS-20260816-9470-0210,RENTAL_ACCRUAL,12,1823,2026-08-16T16:20:00+08:00
36e67bb1-487b-401f-b9cb-20eb43f3c9cb,M-1377,SESS-20260816-5856-0211,RENTAL_ACCRUAL,18,458,2026-08-16T21:30:00+08:00
26bb9b7d-13be-40e5-b53f-070c3616a190,M-1397,SESS-20260816-7987-0212,RENTAL_ACCRUAL,18,775,2026-08-16T23:30:00+08:00
7b97986d-a752-49b0-a270-3bd875b2b644,M-1244,SESS-20260816-1407-0213,RENTAL_ACCRUAL,108,470,2026-08-16T21:45:00+08:00
f548e734-bef3-4f68-a785-5cbc2a9a2ef3,M-1803,SESS-20260816-1218-0214,RENTAL_REDEMPTION,-200,15,2026-08-16T23:15:00+08:00
ab6ae9d7-7e4b-4ec8-8339-e301850268ae,M-1803,SESS-20260816-1218-0214,RENTAL_ACCRUAL,14,29,2026-08-17T02:15:00+08:00
438b7ddc-34f9-42cc-b44c-d7866346285b,M-1005,SESS-20260816-3201-0215,RENTAL_ACCRUAL,13,64,2026-08-16T21:30:00+08:00
dc2be83e-c519-4e22-8e2e-0d7213cc1288,M-1066,SESS-20260816-1419-0216,RENTAL_ACCRUAL,27,382,2026-08-16T23:30:00+08:00
6aedd481-d065-4b01-a63d-e1ec85a4a22d,M-2163,SESS-20260816-9658-0217,RENTAL_ACCRUAL,11,192,2026-08-16T23:15:00+08:00
c25c9f18-ba95-48dd-a07b-cc6c84a55a2e,M-1058,SESS-20260816-2083-0218,RENTAL_ACCRUAL,13,420,2026-08-16T18:05:00+08:00
0a043c18-7afd-4b03-8b5b-3a85880b3541,M-1230,SESS-20260816-9491-0219,RENTAL_ACCRUAL,16,1110,2026-08-17T02:30:00+08:00
5f0e835d-e009-453b-9760-52360e22fa34,M-1524,SESS-20260816-7093-0220,RENTAL_REDEMPTION,-100,348,2026-08-16T21:15:00+08:00
0055fb1a-b820-4ea4-acb1-d6f24946f1d1,M-1524,SESS-20260816-7093-0220,RENTAL_ACCRUAL,2,350,2026-08-16T22:15:00+08:00
a98af152-7f63-4735-a5a6-fed912f070b6,M-1606,SESS-20260816-6146-0221,RENTAL_ACCRUAL,12,544,2026-08-16T17:30:00+08:00
c8cdfb7e-1116-4148-9d27-aea51b7dcdfa,M-1982,SESS-20260816-7240-0222,RENTAL_ACCRUAL,15,47,2026-08-17T01:15:00+08:00
75825a04-c704-457e-b144-adf0915ec70d,M-1129,SESS-20260816-6051-0223,RENTAL_ACCRUAL,6,1194,2026-08-16T21:45:00+08:00
5697252f-8aa4-4d5a-b367-6d61ea4c4e03,M-1046,SESS-20260816-5463-0224,RENTAL_ACCRUAL,12,1013,2026-08-16T21:30:00+08:00
33845a5d-90c4-417f-97f3-a5862bf24153,M-2186,SESS-20260816-4159-0225,RENTAL_ACCRUAL,28,340,2026-08-16T21:20:00+08:00
95f92d05-5a06-4ac3-8907-a7aca9b244aa,M-1448,SESS-20260816-5839-0226,RENTAL_ACCRUAL,28,282,2026-08-17T01:30:00+08:00
bb3ff436-45ee-4d5a-b213-3b28391d6fcf,M-1217,SESS-20260816-3092-0227,RENTAL_REDEMPTION,-200,162,2026-08-16T18:10:00+08:00
bea3936e-0087-48e0-ae66-5aacb863b767,M-1217,SESS-20260816-3092-0227,RENTAL_ACCRUAL,5,167,2026-08-16T20:10:00+08:00
b9b127fd-f388-4b48-8e8b-29d65a6020dd,M-1123,SESS-20260816-4675-0228,RENTAL_ACCRUAL,27,219,2026-08-16T22:30:00+08:00
fddb6a39-afd1-4a5c-8b1a-f0c9cdd18f36,M-1705,SESS-20260816-2962-0229,RENTAL_ACCRUAL,16,312,2026-08-17T01:55:00+08:00
4db818b3-cc5d-4532-8aac-29abdde9e377,M-1320,SESS-20260816-6805-0230,RENTAL_ACCRUAL,12,1180,2026-08-16T20:55:00+08:00
cb8a1d38-06d8-4808-bf10-b66d5202a4a6,M-1631,SESS-20260816-8235-0231,RENTAL_ACCRUAL,28,240,2026-08-16T18:15:00+08:00
af8eccd8-237d-4dfc-818f-168d172fde30,M-1105,SESS-20260816-8411-0232,RENTAL_REDEMPTION,-200,315,2026-08-16T12:45:00+08:00
a1e7cb71-343f-4f75-bf5f-e38b071dc43a,M-1105,SESS-20260816-8411-0232,RENTAL_ACCRUAL,3,318,2026-08-16T15:45:00+08:00
210e82e6-605b-4bf2-9803-118206ef1ff0,M-2025,SESS-20260816-3710-0233,RENTAL_ACCRUAL,45,420,2026-08-16T18:00:00+08:00
903d3c85-bd2b-4756-9080-dc116f995c5f,M-1833,SESS-20260816-9748-0234,RENTAL_ACCRUAL,45,336,2026-08-17T03:15:00+08:00
aa3d1ac4-c359-4cdb-850b-92ee58c0131d,M-1713,SESS-20260816-2760-0235,RENTAL_ACCRUAL,45,89,2026-08-17T07:40:00+08:00
24348471-bb73-4d52-902f-f2a9cbf9cb00,M-1713,TIER_UPGRADE_Silver_TO_Gold,TIER_BONUS,100,189,2026-08-17T07:40:00+08:00
de4e7c36-92c9-4f7e-9233-dd68aab2eed8,M-1308,SESS-20260816-5460-0236,RENTAL_ACCRUAL,11,109,2026-08-16T22:45:00+08:00
c19e8468-9f4b-487f-a37c-a4ec0c8a5c15,M-2150,SESS-20260816-1313-0237,RENTAL_ACCRUAL,10,130,2026-08-16T22:30:00+08:00
1b63303d-1ee2-4edc-9366-085ed2e72441,M-1772,SESS-20260816-2451-0238,RENTAL_ACCRUAL,18,144,2026-08-17T01:35:00+08:00
e60aadb4-785a-46b1-a80a-6d8988c0136d,M-1769,SESS-20260816-9935-0239,RENTAL_ACCRUAL,11,488,2026-08-16T20:45:00+08:00
1728075a-6966-47a3-b260-5e0a3916c25e,M-1531,SESS-20260816-6166-0240,RENTAL_ACCRUAL,5,351,2026-08-16T22:15:00+08:00
4b3cc3e0-b9fa-4f4e-9c50-f8a300d4f2b2,M-1214,SESS-20260816-8828-0241,RENTAL_ACCRUAL,11,83,2026-08-16T21:45:00+08:00
bccbc094-a27b-47b2-927d-62377b406090,M-1065,SESS-20260816-7232-0242,RENTAL_ACCRUAL,43,822,2026-08-16T18:00:00+08:00
9eb99855-b9e8-414a-b857-1619cd67be13,M-1295,SESS-20260816-9956-0243,RENTAL_ACCRUAL,108,370,2026-08-17T01:30:00+08:00
ec01b5d6-468c-40de-a36c-fa5812b37681,M-1549,SESS-20260816-2233-0244,RENTAL_ACCRUAL,27,359,2026-08-16T20:00:00+08:00
a00df3a4-c2ba-465e-95d8-569d1478a272,M-2050,SESS-20260816-7178-0245,RENTAL_ACCRUAL,12,97,2026-08-17T00:35:00+08:00
403ee263-f7c2-41d8-a223-b7e6303d1c9c,M-1955,SESS-20260816-9818-0246,RENTAL_ACCRUAL,15,93,2026-08-17T02:25:00+08:00
27ca07b8-ba53-4593-932f-332c6e6c5f35,M-1384,SESS-20260816-7788-0247,RENTAL_ACCRUAL,12,1461,2026-08-16T20:15:00+08:00
bb300734-7589-4d35-a33a-ccdf02f9447d,M-1345,SESS-20260816-6067-0248,RENTAL_ACCRUAL,5,656,2026-08-16T17:35:00+08:00
9292a609-1105-4bfa-93f2-1550110b53da,M-1367,SESS-20260816-5794-0249,RENTAL_ACCRUAL,5,595,2026-08-16T23:45:00+08:00
dbc55aaf-f4d0-4998-9a1b-a7502d05cb6e,M-1491,SESS-20260816-6102-0250,RENTAL_ACCRUAL,5,132,2026-08-16T23:50:00+08:00
82c3b09b-c1da-4126-8c8e-a7d87d1144bd,M-1252,SESS-20260816-5132-0251,RENTAL_ACCRUAL,12,90,2026-08-16T17:00:00+08:00
848f467b-b053-485c-8eef-2669ed4acec0,M-1805,SESS-20260816-5496-0252,RENTAL_REDEMPTION,-200,199,2026-08-16T19:00:00+08:00
182d9c25-25d2-40ba-8953-67889be4182b,M-1805,SESS-20260816-5496-0252,RENTAL_ACCRUAL,4,203,2026-08-16T22:00:00+08:00
b0e63402-cc6d-45d5-8bba-f686d15f1aab,M-1819,SESS-20260816-5810-0253,RENTAL_ACCRUAL,27,328,2026-08-16T21:05:00+08:00
7171e571-7fc4-4deb-954b-b552e7c7d04a,M-1148,SESS-20260816-4038-0254,RENTAL_ACCRUAL,27,145,2026-08-16T19:35:00+08:00
16074b5f-6355-4893-b9f8-585e1ffdc11a,M-1759,SESS-20260816-4669-0255,RENTAL_ACCRUAL,27,254,2026-08-17T01:40:00+08:00
5b7089ce-231b-41fb-a92c-9039c01ca332,M-1715,SESS-20260816-7998-0256,RENTAL_ACCRUAL,11,359,2026-08-16T21:15:00+08:00
edb9af08-2cec-4f98-92fd-bf2b244b2f4e,M-1807,SESS-20260816-3367-0257,RENTAL_ACCRUAL,16,363,2026-08-17T01:20:00+08:00
d8540cd0-9608-4b48-9326-09e0063ba0a4,M-1141,SESS-20260816-3403-0258,RENTAL_ACCRUAL,27,158,2026-08-16T22:25:00+08:00
46a9ae14-7c7b-469a-a6da-ebca29cebe20,M-1581,SESS-20260816-5945-0259,RENTAL_REDEMPTION,-100,181,2026-08-16T13:00:00+08:00
526975f5-6c09-48c2-96e2-4bc43862f140,M-1581,SESS-20260816-5945-0259,RENTAL_ACCRUAL,21,202,2026-08-16T18:00:00+08:00
c5d05e5a-de2a-44a1-bcbf-a97ded264e3c,M-1653,SESS-20260816-3195-0260,RENTAL_REDEMPTION,-200,106,2026-08-16T21:15:00+08:00
4b7bce1c-7042-4f85-bd47-90b003258e9a,M-1653,SESS-20260816-3195-0260,RENTAL_ACCRUAL,15,121,2026-08-17T02:15:00+08:00
60b63777-054b-429d-ab33-3a530701b7bd,M-1516,SESS-20260816-4335-0261,RENTAL_ACCRUAL,9,547,2026-08-16T14:00:00+08:00
f062d3e5-a2fc-4220-a245-10a88a79b2cb,M-1508,SESS-20260816-2904-0262,RENTAL_ACCRUAL,9,480,2026-08-16T23:45:00+08:00
b519392e-167b-4ef3-ab91-2e639a36814a,M-1242,SESS-20260816-5719-0263,RENTAL_REDEMPTION,-400,69,2026-08-16T15:00:00+08:00
37d62d20-d35d-4fa6-92c7-f2760395eeaa,M-1242,SESS-20260816-5719-0263,RENTAL_ACCRUAL,15,84,2026-08-16T18:00:00+08:00
d3871b00-5326-49f0-b425-b2ec373678c7,M-1770,SESS-20260816-9020-0264,RENTAL_REDEMPTION,-200,78,2026-08-16T21:30:00+08:00
3bf6ebe2-870c-4c63-b0ec-59fa016d8d6b,M-1770,SESS-20260816-9020-0264,RENTAL_ACCRUAL,15,93,2026-08-17T02:30:00+08:00
91281cfb-dfe3-4887-9805-992933b678f5,M-1148,SESS-20260816-8718-0265,RENTAL_ACCRUAL,11,156,2026-08-17T01:45:00+08:00
433b6ab3-3dbd-4908-aa26-ff0d90d183f0,M-2132,SESS-20260816-8973-0266,RENTAL_ACCRUAL,24,90,2026-08-17T00:00:00+08:00
6a5ec03f-b557-492d-91e8-5a0cdf6f1d8e,M-1765,SESS-20260816-9421-0267,RENTAL_ACCRUAL,6,805,2026-08-17T00:45:00+08:00
4e0d60b7-c13f-42d7-9485-913a0b054ae4,M-1272,SESS-20260816-2688-0268,RENTAL_ACCRUAL,43,1155,2026-08-16T21:30:00+08:00
43549e11-a13e-4705-a8f4-4b684f1c1930,M-1180,SESS-20260816-7220-0269,RENTAL_ACCRUAL,19,302,2026-08-17T00:30:00+08:00
618253d2-e6ef-414b-9bb4-26a0be02483f,M-1997,SESS-20260816-4878-0270,RENTAL_ACCRUAL,8,242,2026-08-16T19:45:00+08:00
d5a01724-5ced-45d4-862a-97de3538aa23,M-1997,TIER_UPGRADE_Standard_TO_Silver,TIER_BONUS,50,292,2026-08-16T19:45:00+08:00
22f96459-4f8d-45c0-b5aa-2ad3a5b60539,M-1426,SESS-20260816-8990-0271,RENTAL_ACCRUAL,6,1220,2026-08-16T22:45:00+08:00
14c2eb92-bb49-4cf5-830d-480935f96efc,M-1823,SESS-20260816-5760-0272,RENTAL_ACCRUAL,45,534,2026-08-17T03:30:00+08:00
257ee722-a0cf-4442-a170-131fe936f2bd,M-1823,TIER_UPGRADE_Silver_TO_Gold,TIER_BONUS,100,634,2026-08-17T03:30:00+08:00
5be9b860-6105-4750-90f8-c4bfcc621495,M-1359,SESS-20260816-9296-0273,RENTAL_ACCRUAL,28,1423,2026-08-17T00:00:00+08:00
e4a58f3e-a446-47e8-a30b-93c0a24ab1c1,M-1743,SESS-20260816-8307-0274,RENTAL_ACCRUAL,76,329,2026-08-17T07:05:00+08:00
82330cc3-057a-4ff2-965e-a2cc49754caa,M-1337,SESS-20260816-2381-0275,RENTAL_ACCRUAL,12,496,2026-08-16T15:45:00+08:00
7c190405-c056-4898-8ad8-cd99ff38381c,M-1779,SESS-20260816-2549-0276,RENTAL_ACCRUAL,5,238,2026-08-16T15:15:00+08:00
a92a281e-6a65-494c-9ded-f6c9835708d4,M-1213,SESS-20260816-1047-0277,RENTAL_ACCRUAL,11,223,2026-08-17T00:40:00+08:00
59c0041b-5aaa-4676-8755-11b58d75a680,M-1634,SESS-20260816-4435-0278,RENTAL_ACCRUAL,9,176,2026-08-16T18:45:00+08:00
0fe66945-45b9-44ec-9734-7e36995bcda9,M-1191,SESS-20260816-6629-0279,RENTAL_ACCRUAL,13,87,2026-08-16T23:00:00+08:00
08d8cf1a-13e5-4472-95b7-234515f4b132,M-1983,SESS-20260816-2104-0280,RENTAL_ACCRUAL,18,240,2026-08-16T22:10:00+08:00
0b21d4d7-3e46-4fed-942f-6b38f2ad8b65,M-2085,SESS-20260816-5981-0281,RENTAL_ACCRUAL,18,295,2026-08-16T14:45:00+08:00
ea395e72-6a5f-4e40-a2ab-bee8a2a0afa4,M-1604,SESS-20260816-4317-0282,RENTAL_ACCRUAL,5,43,2026-08-16T23:05:00+08:00
aff6c3b9-a4f8-4c6f-b19d-6656821c8046,M-1125,SESS-20260816-2372-0283,RENTAL_ACCRUAL,11,703,2026-08-16T23:15:00+08:00
5c69415f-9dde-4480-9fa5-fb1415ea5792,M-2104,SESS-20260816-5771-0284,RENTAL_REDEMPTION,-100,6,2026-08-16T23:30:00+08:00
f69d096f-e72f-433b-8bfc-53fe4812d0a6,M-2104,SESS-20260816-5771-0284,RENTAL_ACCRUAL,10,16,2026-08-17T02:30:00+08:00
ddfff7aa-a641-47d0-aecd-4124c150b672,M-1641,SESS-20260816-4412-0285,RENTAL_ACCRUAL,27,206,2026-08-17T01:30:00+08:00
a078dcc4-2bc1-461a-8b8d-f1cdf05236be,M-2060,SESS-20260816-3926-0286,RENTAL_REDEMPTION,-100,85,2026-08-16T19:20:00+08:00
c31613f3-9f57-44ec-838a-87ce43f688c2,M-2060,SESS-20260816-3926-0286,RENTAL_ACCRUAL,10,95,2026-08-16T22:20:00+08:00
5f8f2fca-638f-4e95-8ba6-2d40df3b8f17,M-1956,SESS-20260816-4179-0287,RENTAL_ACCRUAL,28,253,2026-08-16T20:30:00+08:00
6c64b42f-59bb-4545-8e3d-bb46d44eefbf,M-1499,SESS-20260816-5158-0288,RENTAL_ACCRUAL,16,86,2026-08-16T22:30:00+08:00
395b9bca-8729-4ca8-969c-b25112e1021d,M-1887,SESS-20260816-3674-0289,RENTAL_ACCRUAL,24,72,2026-08-17T01:30:00+08:00
af8b40ef-5eea-4bc4-ac17-76bbc15a92a9,M-1793,SESS-20260816-2816-0290,RENTAL_ACCRUAL,76,1171,2026-08-17T03:00:00+08:00
c60fbfac-c0c1-4117-b967-1cc9c88ac26a,M-1370,SESS-20260816-9934-0291,RENTAL_ACCRUAL,27,550,2026-08-16T20:45:00+08:00
7ab422c5-2b34-4690-a0c0-d5fb987a51f1,M-1607,SESS-20260816-5099-0292,RENTAL_ACCRUAL,28,451,2026-08-17T04:45:00+08:00
ad09902b-9998-4aab-86ea-6d06402236cd,M-1874,SESS-20260816-8146-0293,RENTAL_REDEMPTION,-100,34,2026-08-16T23:50:00+08:00
954257ee-60da-4033-9aaf-314e50322e61,M-1874,SESS-20260816-8146-0293,RENTAL_ACCRUAL,5,39,2026-08-17T01:50:00+08:00
a7c56e91-b62a-4f18-8ad3-5fec09245548,M-1457,SESS-20260816-9365-0294,RENTAL_ACCRUAL,28,788,2026-08-17T02:25:00+08:00
96445fa2-e371-4c22-8c46-e14ac0852cbc,M-1894,SESS-20260816-1483-0295,RENTAL_ACCRUAL,15,120,2026-08-16T23:20:00+08:00
475cb4df-0453-4724-8a19-b15f1ed96c73,M-2059,SESS-20260816-5016-0296,RENTAL_ACCRUAL,5,80,2026-08-17T00:10:00+08:00
d079b9a2-b378-4d71-93e4-232e821764e9,M-1635,SESS-20260816-2377-0297,RENTAL_ACCRUAL,18,78,2026-08-17T01:15:00+08:00
3a191861-5a41-4eb5-a39f-706e10511aa3,M-1724,SESS-20260816-3114-0298,RENTAL_REDEMPTION,-100,89,2026-08-16T17:15:00+08:00
c154aa7d-2ed8-4bc9-913b-d63e2e948325,M-1724,SESS-20260816-3114-0298,RENTAL_ACCRUAL,21,110,2026-08-16T22:15:00+08:00
e24b4a21-debe-4103-adee-1818c7e523bc,M-1543,SESS-20260816-5390-0299,RENTAL_ACCRUAL,18,489,2026-08-16T22:30:00+08:00
11433394-9ddf-4779-9f6a-1b4a4ead8612,M-1617,SESS-20260816-5460-0300,RENTAL_ACCRUAL,16,120,2026-08-16T21:30:00+08:00
bfba5efe-4677-4f52-9a0c-78743636ca62,M-1976,SESS-20260816-1546-0301,RENTAL_ACCRUAL,10,162,2026-08-16T22:00:00+08:00
266e702e-8bc3-4813-b4b0-dd694cf770f9,M-1080,SESS-20260816-5018-0302,RENTAL_ACCRUAL,43,387,2026-08-16T22:45:00+08:00
d17e1941-72e3-4422-999d-71d23eda2d75,M-1897,SESS-20260816-9961-0303,RENTAL_ACCRUAL,5,312,2026-08-16T23:35:00+08:00
252ed677-168b-4a00-9779-88af384a4b0d,M-1388,SESS-20260816-5502-0304,RENTAL_ACCRUAL,27,265,2026-08-17T00:35:00+08:00
8bc75213-b4df-4dbd-862a-63decb6fdaa3,M-1666,SESS-20260816-6682-0305,RENTAL_ACCRUAL,40,208,2026-08-17T01:55:00+08:00
87a84f23-7dce-4f0f-bd19-92a209a21ca4,M-2049,SESS-20260816-4659-0306,RENTAL_ACCRUAL,11,137,2026-08-16T04:15:00+08:00
35a7cd48-e85f-4807-9c85-fe41711076ad,M-2037,SESS-20260816-4708-0307,RENTAL_ACCRUAL,36,72,2026-08-16T22:50:00+08:00
ed14bc15-998e-43cd-8e22-8bf9d0c7ea1b,M-1189,SESS-20260816-6878-0308,RENTAL_ACCRUAL,16,445,2026-08-17T02:30:00+08:00
ddadb349-b613-4458-b18b-288742e14342,M-1355,SESS-20260816-3120-0309,RENTAL_ACCRUAL,18,120,2026-08-16T16:50:00+08:00
1a407ae0-904a-470f-a9ec-27e1e884e965,M-1703,SESS-20260816-3653-0310,RENTAL_REDEMPTION,-100,92,2026-08-16T22:15:00+08:00
fc7e6a26-72f5-4b8e-80c2-e0db4c7dd528,M-1703,SESS-20260816-3653-0310,RENTAL_ACCRUAL,20,112,2026-08-17T01:15:00+08:00
6504248e-d336-419a-83aa-a769066f29f9,M-1878,SESS-20260816-6365-0311,RENTAL_REDEMPTION,-200,46,2026-08-16T22:15:00+08:00
197204b7-5d1f-41cd-a1b2-bdd1551728b1,M-1878,SESS-20260816-6365-0311,RENTAL_ACCRUAL,4,50,2026-08-17T01:15:00+08:00
5957e375-ec03-4d33-afab-f7f01b6ad071,M-1258,SESS-20260816-8306-0312,RENTAL_ACCRUAL,5,526,2026-08-16T18:25:00+08:00
e674f412-d9b3-4ed8-a510-2fb327c70bed,M-1629,SESS-20260816-8265-0313,RENTAL_REDEMPTION,-100,95,2026-08-16T22:20:00+08:00
a1ed72d2-8535-439c-965a-f3ee15ac8b80,M-1629,SESS-20260816-8265-0313,RENTAL_ACCRUAL,11,106,2026-08-17T00:20:00+08:00
8b2b39b6-d006-4c0d-85cb-83cfcdfcdc8e,M-1086,SESS-20260816-2902-0314,RENTAL_ACCRUAL,9,106,2026-08-16T21:30:00+08:00
1704cd59-2791-42dd-bd6d-223df5f0c40d,M-1027,SESS-20260816-2977-0315,RENTAL_ACCRUAL,11,388,2026-08-16T20:05:00+08:00
534de555-cbe5-44c2-a6de-aba441897fd0,M-1266,SESS-20260816-4737-0316,RENTAL_ACCRUAL,11,138,2026-08-17T01:45:00+08:00
4a43ba94-2398-4f76-99b5-adda54e689c2,M-1796,SESS-20260816-3244-0317,RENTAL_REDEMPTION,-200,371,2026-08-16T20:35:00+08:00
8e9e72ff-e3dc-4940-98b9-9e55d1545577,M-1796,SESS-20260816-3244-0317,RENTAL_ACCRUAL,15,386,2026-08-17T01:35:00+08:00
8b955bf0-fa52-4cd0-8a2e-c7a760dcd6a8,M-2185,SESS-20260816-7585-0318,RENTAL_ACCRUAL,15,61,2026-08-17T02:50:00+08:00
fcd50b1e-e546-4673-9e43-34b3077bb117,M-1156,SESS-20260816-6598-0319,RENTAL_REDEMPTION,-200,134,2026-08-16T20:45:00+08:00
bac40b7f-68bf-4ffc-97d1-1fc373a3bd53,M-1156,SESS-20260816-6598-0319,RENTAL_ACCRUAL,5,139,2026-08-16T22:45:00+08:00
3e3c6af0-d483-4f3e-946c-d8e087318556,M-1794,SESS-20260816-7926-0320,RENTAL_ACCRUAL,45,141,2026-08-17T00:45:00+08:00
91eb3fce-31f4-4772-ae20-63ca3639fd22,M-1311,SESS-20260816-1704-0321,RENTAL_REDEMPTION,-100,184,2026-08-16T21:45:00+08:00
22f74fea-d959-4c0d-95f3-0041f085fd47,M-1311,SESS-20260816-1704-0321,RENTAL_ACCRUAL,20,204,2026-08-16T23:45:00+08:00
867d66c3-c820-4da1-ac0f-981ae8eeb5fb,M-1216,SESS-20260816-4522-0322,RENTAL_ACCRUAL,12,510,2026-08-17T00:00:00+08:00
273576d6-caf7-4f55-8ca9-b18b41835f4a,M-1693,SESS-20260816-9285-0323,RENTAL_ACCRUAL,27,75,2026-08-17T01:30:00+08:00
a0f81e24-aad8-4497-9419-f1bb8d0b8ff2,M-1766,SESS-20260816-7756-0324,RENTAL_ACCRUAL,28,909,2026-08-16T20:00:00+08:00
a07cb517-9ef6-44d2-af3c-10fe45896b7c,M-1267,SESS-20260816-2953-0325,RENTAL_ACCRUAL,18,327,2026-08-16T20:30:00+08:00
92b998d1-8205-431f-98c4-464961c256a8,M-2060,SESS-20260816-6960-0326,RENTAL_ACCRUAL,10,105,2026-08-17T00:30:00+08:00
44c94df6-12d6-4f49-80fb-37c2ffa05321,M-1831,SESS-20260816-9579-0327,RENTAL_REDEMPTION,-100,68,2026-08-16T23:25:00+08:00
923b86b9-b68c-4c4e-951c-3aa5cf38ef00,M-1831,SESS-20260816-9579-0327,RENTAL_ACCRUAL,5,73,2026-08-17T01:25:00+08:00
6ed9d42f-e80a-4171-a7eb-4fa0b718e34c,M-1482,SESS-20260816-3825-0328,RENTAL_ACCRUAL,11,451,2026-08-16T22:20:00+08:00
e22d4163-fb58-489a-bd3b-0f3d616650d1,M-1096,SESS-20260816-2322-0329,RENTAL_ACCRUAL,27,178,2026-08-16T23:30:00+08:00
4424de2e-8f17-41b6-a044-57ce54671a79,M-2106,SESS-20260816-9601-0330,RENTAL_REDEMPTION,-100,42,2026-08-16T22:05:00+08:00
b5db2e0c-1f16-4835-9fa5-6cf71152535f,M-2106,SESS-20260816-9601-0330,RENTAL_ACCRUAL,10,52,2026-08-17T01:05:00+08:00
07b27982-6ac8-45f0-a4b8-afd3dcc16628,M-2106,TIER_UPGRADE_Standard_TO_Silver,TIER_BONUS,50,102,2026-08-17T01:05:00+08:00
5e477367-a951-494a-8d5f-f6d038cf0439,M-2094,SESS-20260816-6493-0331,RENTAL_ACCRUAL,40,201,2026-08-17T00:40:00+08:00
c08c6203-25f1-436e-9b29-a1f32a5ad6d0,M-1398,SESS-20260816-3042-0332,RENTAL_ACCRUAL,18,1513,2026-08-16T12:15:00+08:00
5f540371-00e4-4f3e-a5f9-0f11832baef5,M-1987,SESS-20260816-7226-0333,RENTAL_ACCRUAL,12,16,2026-08-16T23:00:00+08:00
b46f634d-273d-473d-9c20-ee301c5ffe56,M-1308,SESS-20260816-6622-0334,RENTAL_ACCRUAL,5,114,2026-08-16T23:50:00+08:00
4e61a1e7-fb01-4bbf-9911-6ae08dfa4c5e,M-1412,SESS-20260816-6286-0335,RENTAL_ACCRUAL,16,499,2026-08-16T18:25:00+08:00
424ec8ff-8215-45cb-b037-7fb1d089a942,M-1196,SESS-20260816-9421-0336,RENTAL_ACCRUAL,19,411,2026-08-16T23:10:00+08:00
41d1c665-d6f9-486d-bd2c-ebf3f44a0a7f,M-1107,SESS-20260816-7771-0337,RENTAL_REDEMPTION,-100,52,2026-08-16T23:25:00+08:00
2fe186e2-176b-42a9-b0b2-210d5f82627b,M-1107,SESS-20260816-7771-0337,RENTAL_ACCRUAL,38,90,2026-08-17T04:25:00+08:00
2d066633-5dc7-4fe9-9796-c0516bcd7391,M-1940,SESS-20260816-6713-0338,RENTAL_ACCRUAL,25,67,2026-08-17T02:30:00+08:00
48f65933-2ccc-44df-9eca-7c88c7ddf773,M-1768,SESS-20260816-9227-0339,RENTAL_REDEMPTION,-200,58,2026-08-16T21:40:00+08:00
f91898f2-42c5-4ecd-8c4a-49f022e3cea3,M-1768,SESS-20260816-9227-0339,RENTAL_ACCRUAL,61,119,2026-08-17T05:40:00+08:00
62bab5cc-8e88-4c25-9b0e-e9d6f50b20c1,M-1891,SESS-20260816-6792-0340,RENTAL_ACCRUAL,10,221,2026-08-16T16:30:00+08:00
10f61d56-7544-4fa6-9254-ee4411f11bd4,M-1891,TIER_UPGRADE_Standard_TO_Silver,TIER_BONUS,50,271,2026-08-16T16:30:00+08:00
0a167202-5669-46b5-8c13-053ec44a2553,M-1591,SESS-20260816-5878-0341,RENTAL_ACCRUAL,9,1738,2026-08-16T18:15:00+08:00
30ae43c6-98ee-4d34-9848-e431a3a06cbe,M-1628,SESS-20260816-6750-0342,RENTAL_REDEMPTION,-100,6,2026-08-16T21:00:00+08:00
5f08f76c-b43c-415f-a2a4-46d04c15bd93,M-1628,SESS-20260816-6750-0342,RENTAL_ACCRUAL,10,16,2026-08-17T00:00:00+08:00
91d36918-00ed-4ffe-9300-4223a88b1757,M-1929,SESS-20260816-3284-0343,RENTAL_ACCRUAL,24,64,2026-08-17T01:25:00+08:00
89374327-4edc-46ca-b7bc-dd6a7a571004,M-1655,SESS-20260816-4895-0344,RENTAL_ACCRUAL,5,406,2026-08-16T19:30:00+08:00
ded0eb01-afe2-4c27-96d0-4952b0ffb34e,M-1682,SESS-20260816-2486-0345,RENTAL_ACCRUAL,43,771,2026-08-16T17:00:00+08:00
f8d37d90-4caf-4966-85df-59fc42bcdace,M-1730,SESS-20260816-1654-0346,RENTAL_ACCRUAL,28,183,2026-08-17T02:00:00+08:00
fae9e60f-5291-4e65-9b9c-628e9e3aa425,M-1159,SESS-20260816-1771-0347,RENTAL_ACCRUAL,18,171,2026-08-16T20:00:00+08:00
32c440c2-36af-4a90-9d2e-126129867d67,M-1455,SESS-20260816-6075-0348,RENTAL_REDEMPTION,-100,470,2026-08-16T23:40:00+08:00
674f9092-25b9-440c-a4a4-6eda12af9294,M-1455,SESS-20260816-6075-0348,RENTAL_ACCRUAL,5,475,2026-08-17T01:40:00+08:00
03a747ad-c8f3-4b04-9091-8855982a3921,M-1429,SESS-20260816-3948-0349,RENTAL_ACCRUAL,6,852,2026-08-16T18:00:00+08:00
fb83f80f-f6f7-46eb-bcc4-5ce6793cdcee,M-1911,SESS-20260816-7564-0350,RENTAL_ACCRUAL,24,132,2026-08-17T01:50:00+08:00
ffb6daa9-73c1-4e96-a6b3-bda56b88b466,M-2096,SESS-20260816-6350-0351,RENTAL_ACCRUAL,16,88,2026-08-16T22:05:00+08:00
dc530a36-c489-414a-9668-a00f86a70c8c,M-1456,SESS-20260816-8226-0352,RENTAL_ACCRUAL,28,455,2026-08-16T14:00:00+08:00
ff3ecf9a-3b86-4d33-b549-ac8e28a798dd,M-1041,SESS-20260816-7834-0353,RENTAL_REDEMPTION,-100,952,2026-08-16T20:10:00+08:00
bc0c1e67-c308-4dbd-858a-cb14c02d47ae,M-1041,SESS-20260816-7834-0353,RENTAL_ACCRUAL,21,973,2026-08-16T23:10:00+08:00
d0b1a7d3-0a0c-4d9f-85ca-77e401cdf958,M-1256,SESS-20260816-4325-0354,RENTAL_ACCRUAL,40,248,2026-08-17T02:50:00+08:00
8441e711-0976-4f1f-8555-a78d642e21a1,M-2192,SESS-20260816-2365-0355,RENTAL_ACCRUAL,16,308,2026-08-16T19:45:00+08:00
70f3c614-4f76-46bf-ad8a-7637ee6d8882,M-1282,SESS-20260816-5540-0356,RENTAL_ACCRUAL,6,282,2026-08-16T22:45:00+08:00
8a634f9d-3b4a-426c-9388-7b37c2fa2622,M-2080,SESS-20260816-3944-0357,RENTAL_ACCRUAL,15,63,2026-08-17T02:50:00+08:00
cb9a5b06-01e7-497c-b5d6-ada10d86cf54,M-1554,SESS-20260816-3287-0358,RENTAL_ACCRUAL,18,1283,2026-08-17T01:50:00+08:00
abeaa448-9520-4639-9437-4805a4fb116c,M-1538,SESS-20260816-2274-0359,RENTAL_ACCRUAL,11,199,2026-08-16T17:15:00+08:00
41008782-7bae-4c6d-9e30-e621604a203d,M-1969,SESS-20260816-2125-0360,RENTAL_ACCRUAL,5,59,2026-08-16T21:45:00+08:00
0cbfafd4-9b01-4600-ba7b-3487def21c73,M-1817,SESS-20260816-5434-0361,RENTAL_ACCRUAL,16,308,2026-08-17T00:10:00+08:00
2eccba4a-13eb-414b-a46a-077957d94b74,M-1971,SESS-20260816-3553-0362,RENTAL_ACCRUAL,27,237,2026-08-16T20:15:00+08:00
3175db5c-2299-4e60-a6ac-1b35681dbee9,M-1236,SESS-20260816-8709-0363,RENTAL_ACCRUAL,5,178,2026-08-16T20:25:00+08:00
85509989-1e39-4438-9eac-7fce13aedd54,M-1196,SESS-20260816-6324-0364,RENTAL_REDEMPTION,-100,311,2026-08-16T23:25:00+08:00
86a8ddc9-b3fd-4101-8112-b9fe82e2c427,M-1196,SESS-20260816-6324-0364,RENTAL_ACCRUAL,4,315,2026-08-17T01:25:00+08:00
6387438f-86fc-4737-b59f-f8a4a41795bd,M-1394,SESS-20260816-6771-0365,RENTAL_ACCRUAL,5,514,2026-08-16T23:20:00+08:00
a58ed287-895b-4401-98c3-815b72fe9ed4,M-1834,SESS-20260816-1080-0366,RENTAL_REDEMPTION,-100,165,2026-08-16T22:10:00+08:00
48f391a6-3e92-43f6-ac9f-b69ff7ab0f19,M-1834,SESS-20260816-1080-0366,RENTAL_ACCRUAL,11,176,2026-08-17T00:10:00+08:00
1faef4b9-9425-42a1-b95b-b31ffe97cf41,M-2107,SESS-20260816-3522-0367,RENTAL_ACCRUAL,5,126,2026-08-16T23:35:00+08:00
416f57ee-0247-48fd-bab5-447772bc7417,M-2148,SESS-20260816-2007-0368,RENTAL_ACCRUAL,8,258,2026-08-16T21:15:00+08:00
8c9dbb16-b8e7-4f96-9e33-37e5b6f90f9d,M-1954,SESS-20260816-5415-0369,RENTAL_ACCRUAL,25,243,2026-08-17T04:55:00+08:00
6a92c4ad-b003-4c3a-99b0-2757e34845cb,M-1469,SESS-20260816-9032-0370,RENTAL_ACCRUAL,28,418,2026-08-17T03:00:00+08:00
9f90a17d-7ba7-410c-aced-ce821ec6651e,M-1944,SESS-20260816-3985-0371,RENTAL_ACCRUAL,9,160,2026-08-16T21:15:00+08:00
9d9993e1-f442-4379-b5e1-5e2b0f276f60,M-1186,SESS-20260816-3908-0372,RENTAL_ACCRUAL,11,550,2026-08-17T00:45:00+08:00
e0f52222-109d-4dcf-a53d-58d7e12f2500,M-1993,SESS-20260816-9989-0373,RENTAL_ACCRUAL,18,154,2026-08-17T00:45:00+08:00
623180fe-b06c-453a-89d3-9f9ce26dd292,M-1044,SESS-20260816-7696-0374,RENTAL_ACCRUAL,19,585,2026-08-16T23:15:00+08:00
186d455f-74b7-4c5a-bfe7-9ab78a87146b,M-2000,SESS-20260816-2769-0375,RENTAL_ACCRUAL,9,442,2026-08-16T22:30:00+08:00
55858a8d-dd12-49dc-b8b6-7389a53fdbb9,M-1691,SESS-20260816-5908-0376,RENTAL_ACCRUAL,28,683,2026-08-17T00:30:00+08:00
a8838b26-582d-43e6-a9db-552f4bf69516,M-1572,SESS-20260816-1301-0377,RENTAL_REDEMPTION,-100,335,2026-08-16T21:40:00+08:00
f97242b0-7e68-4c7a-a2d3-aa82db1e2fa2,M-1572,SESS-20260816-1301-0377,RENTAL_ACCRUAL,21,356,2026-08-17T02:40:00+08:00
9b103295-3dde-4d8f-86fd-7b766ddf69f3,M-1286,SESS-20260816-8832-0378,RENTAL_ACCRUAL,11,156,2026-08-17T01:35:00+08:00
e37c5904-6dc8-4390-a8af-71f08a3169ae,M-1007,SESS-20260816-6951-0379,RENTAL_ACCRUAL,30,721,2026-08-17T01:10:00+08:00
27abb6ab-c1d0-4101-b897-80cc318aa343,M-1033,SESS-20260816-1813-0380,RENTAL_ACCRUAL,11,335,2026-08-16T23:10:00+08:00
24e66633-1009-4f74-aa56-8b8a2b196b84,M-1136,SESS-20260816-1784-0381,RENTAL_ACCRUAL,9,233,2026-08-16T06:45:00+08:00
4df8c8b3-0ffd-430f-be36-1e1e68708b68,M-1471,SESS-20260816-7060-0382,RENTAL_ACCRUAL,11,182,2026-08-17T01:55:00+08:00
72b27499-4cb5-46c2-a66a-4ca885079092,M-1179,SESS-20260816-8141-0383,RENTAL_ACCRUAL,108,183,2026-08-17T00:30:00+08:00
ff55aa6d-d0e3-4143-8109-6234a5623445,M-2023,SESS-20260816-1313-0384,RENTAL_ACCRUAL,18,561,2026-08-16T20:30:00+08:00
c4cdc48f-75e5-4bf7-b653-b2276d52a570,M-1039,SESS-20260816-7212-0385,RENTAL_ACCRUAL,11,211,2026-08-17T00:30:00+08:00
42b90a42-8f8a-4852-8856-5e54f7dc2795,M-2022,SESS-20260816-3843-0386,RENTAL_ACCRUAL,10,114,2026-08-16T19:25:00+08:00
b7a32387-f352-42c4-b046-1c317c1d6a3e,M-1184,SESS-20260816-2137-0387,RENTAL_REDEMPTION,-100,729,2026-08-16T19:00:00+08:00
0a5aeebe-e145-4222-9b78-5d912d118284,M-1184,SESS-20260816-2137-0387,RENTAL_ACCRUAL,4,733,2026-08-16T21:00:00+08:00
37b954ee-dba5-4a7a-abda-249f1e3e0f67,M-1009,SESS-20260816-8561-0388,RENTAL_ACCRUAL,18,111,2026-08-16T22:15:00+08:00
213ca052-78cc-484a-8d53-ecd24e5dc26e,M-1313,SESS-20260816-1774-0389,RENTAL_ACCRUAL,27,456,2026-08-16T21:00:00+08:00
6020a36f-2d4e-42c2-bd81-78b149394910,M-1627,SESS-20260816-5570-0390,RENTAL_ACCRUAL,11,524,2026-08-17T01:50:00+08:00
a4cf40ee-a571-4914-acf4-9fa8a5b08045,M-1900,SESS-20260816-8131-0391,RENTAL_ACCRUAL,18,180,2026-08-17T00:20:00+08:00
0be237d1-cee8-443f-82d8-dfb3cdfc6616,M-1444,SESS-20260816-7541-0392,RENTAL_ACCRUAL,9,3138,2026-08-16T21:20:00+08:00
d889b29f-24f6-4e98-86d2-8bb23a73d5cd,M-1241,SESS-20260816-2927-0393,RENTAL_ACCRUAL,45,136,2026-08-17T04:50:00+08:00
ed5c669d-fd37-42f2-926c-1564f66fbb53,M-1576,SESS-20260816-2238-0394,RENTAL_ACCRUAL,18,1326,2026-08-17T00:50:00+08:00
f6fd05fa-ece4-496b-bbe1-87d2e1d39cb6,M-1506,SESS-20260816-4566-0395,RENTAL_ACCRUAL,28,288,2026-08-16T21:40:00+08:00
81864616-3344-4997-889a-df4fe6c44c7d,M-1199,SESS-20260816-6087-0396,RENTAL_ACCRUAL,13,55,2026-08-17T00:10:00+08:00
14f94ba9-bb04-454a-a0dd-00fc04072077,M-1991,SESS-20260816-4479-0397,RENTAL_ACCRUAL,16,87,2026-08-16T23:05:00+08:00
f5397224-28d9-493c-a2d6-74487a814814,M-1922,SESS-20260816-3947-0398,RENTAL_ACCRUAL,5,390,2026-08-16T19:55:00+08:00
6d0eb206-f1e6-495d-b5b9-34a728534c16,M-2000,SESS-20260816-2276-0399,RENTAL_ACCRUAL,28,470,2026-08-17T04:00:00+08:00
526e875f-912d-4ba0-899b-ee0c2a470f8e,M-2140,SESS-20260816-2125-0400,RENTAL_ACCRUAL,25,73,2026-08-17T04:25:00+08:00
abb6e2ac-782c-46ea-81d8-681ccfb46115,M-1063,SESS-20260816-5033-0401,RENTAL_ACCRUAL,43,561,2026-08-16T23:20:00+08:00
31e0b657-ab63-4f27-8133-c93f1e3c5f4e,M-1100,SESS-20260816-6201-0402,RENTAL_ACCRUAL,43,358,2026-08-17T02:10:00+08:00
d0270095-0fc7-4595-82ce-048e2a20a931,M-2039,SESS-20260816-6620-0403,RENTAL_REDEMPTION,-100,2,2026-08-16T22:00:00+08:00
f95fc68e-2531-4453-bb77-97df657bd9f3,M-1094,SESS-20260816-3749-0404,RENTAL_ACCRUAL,5,347,2026-08-17T00:45:00+08:00
6747e709-11ec-486f-99f2-dd8849e63fb5,M-1916,SESS-20260816-5519-0405,RENTAL_ACCRUAL,10,102,2026-08-16T17:50:00+08:00
6ef3a864-aa86-4be0-ae69-a98093e236ac,M-1519,SESS-20260816-2696-0406,RENTAL_ACCRUAL,72,451,2026-08-17T04:40:00+08:00
19a6bdd8-eb0f-4bdf-857d-e0c073827cc0,M-1652,SESS-20260816-3666-0407,RENTAL_ACCRUAL,11,279,2026-08-16T20:00:00+08:00
8be879fa-e70a-4677-9022-bbedfafaa752,M-1035,SESS-20260816-9658-0408,RENTAL_ACCRUAL,11,66,2026-08-16T23:40:00+08:00
6a181f6c-f750-47ea-83a1-01b2d42f064a,M-1611,SESS-20260816-1517-0409,RENTAL_ACCRUAL,18,588,2026-08-17T01:40:00+08:00
41a05af0-29f5-41af-9fb6-6ffe6aeb112d,M-2194,SESS-20260816-3640-0410,RENTAL_ACCRUAL,24,184,2026-08-17T02:20:00+08:00
b333c71b-94ea-45f8-b37f-73c24681c0cf,M-1143,SESS-20260816-2685-0411,RENTAL_ACCRUAL,19,3941,2026-08-16T23:25:00+08:00
6a7d1f75-1bf9-4b7f-bccf-4d650d350695,M-1745,SESS-20260816-7766-0412,RENTAL_ACCRUAL,18,150,2026-08-17T00:40:00+08:00
0caa33a5-cb76-4548-81a3-acf2e456193e,M-1146,SESS-20260816-6005-0413,RENTAL_ACCRUAL,28,2956,2026-08-17T02:30:00+08:00
14a4548a-49ae-4c67-a5eb-0ee38e4dd407,M-1475,SESS-20260816-6456-0414,RENTAL_ACCRUAL,48,963,2026-08-17T00:55:00+08:00
6880684e-7f3d-46a8-b389-abe47e313dcb,M-1050,SESS-20260816-2986-0415,RENTAL_REDEMPTION,-100,301,2026-08-16T14:10:00+08:00
130432ae-1179-4742-9251-2577d67c2906,M-1050,SESS-20260816-2986-0415,RENTAL_ACCRUAL,5,306,2026-08-16T16:10:00+08:00
267da191-d7d3-4c50-9083-975d8bf7495f,M-1587,SESS-20260816-3964-0416,RENTAL_ACCRUAL,76,1047,2026-08-17T05:35:00+08:00
e9d16371-e4e6-426d-8ae9-269d5a1fdac1,M-2130,SESS-20260816-8153-0417,RENTAL_ACCRUAL,24,133,2026-08-17T02:30:00+08:00
ab8cc4fb-4229-4499-a38b-671ef57a261e,M-1314,SESS-20260816-1761-0418,RENTAL_ACCRUAL,11,391,2026-08-16T23:15:00+08:00
5cd34099-6013-4b40-b6f3-e13907dc4f4e,M-1882,SESS-20260816-1528-0419,RENTAL_ACCRUAL,18,43,2026-08-16T22:55:00+08:00
7fea3aa4-5bf5-4b55-80b1-60d502de72f0,M-2183,SESS-20260816-7068-0420,RENTAL_ACCRUAL,24,121,2026-08-17T02:40:00+08:00
693c1d4f-2062-49c0-ab51-446cceb4b2f5,M-1073,SESS-20260816-6292-0421,RENTAL_ACCRUAL,11,98,2026-08-17T00:45:00+08:00
560de350-65a8-46a8-a170-34f3f7a71374,M-1494,SESS-20260816-3635-0422,RENTAL_REDEMPTION,-200,354,2026-08-16T23:30:00+08:00
9862fcb4-d8b7-4300-baf1-496e7e683f4c,M-1494,SESS-20260816-3635-0422,RENTAL_ACCRUAL,15,369,2026-08-17T04:30:00+08:00
beef122a-8ee1-47b0-8bb3-3f4b0c47617b,M-1483,SESS-20260816-3777-0423,RENTAL_REDEMPTION,-200,243,2026-08-16T16:25:00+08:00
35d2d1b3-509c-4250-8422-a6e4e8f166ed,M-1483,SESS-20260816-3777-0423,RENTAL_ACCRUAL,15,258,2026-08-16T21:25:00+08:00
1224270b-c868-4483-9abb-12fb9fc88297,M-1301,SESS-20260816-3720-0424,RENTAL_ACCRUAL,5,27,2026-08-16T21:15:00+08:00
aec93a6b-a0a2-4459-8974-5ea256f447c1,M-2114,SESS-20260816-9213-0425,RENTAL_ACCRUAL,15,208,2026-08-17T00:45:00+08:00
190e2e55-fbe5-4da8-b9a9-e9ab56e32d6f,M-1435,SESS-20260816-5915-0426,RENTAL_ACCRUAL,16,339,2026-08-17T02:50:00+08:00
768e721d-5ae4-4fd3-a8ed-502a37c3a64e,M-1937,SESS-20260816-2277-0427,RENTAL_ACCRUAL,12,21,2026-08-16T17:15:00+08:00
d5d9d878-b0ac-4656-be24-05f29e6e604c,M-2064,SESS-20260816-4624-0428,RENTAL_ACCRUAL,40,126,2026-08-16T20:05:00+08:00
3205d4c3-46a2-41d2-bf9a-686a3eb48e6d,M-1588,SESS-20260816-4591-0429,RENTAL_ACCRUAL,28,1525,2026-08-16T22:20:00+08:00
04c6bfb3-b39e-43b6-9155-7a0a6132e2bb,M-1212,SESS-20260816-5157-0430,RENTAL_ACCRUAL,16,437,2026-08-17T00:00:00+08:00
ae35ae32-d7ee-45cf-8e8b-6a8df200e52d,M-1739,SESS-20260816-3174-0431,RENTAL_ACCRUAL,5,69,2026-08-16T19:55:00+08:00
c7aed3e0-232b-48d9-a460-5509227bc11f,M-1512,SESS-20260816-3778-0432,RENTAL_ACCRUAL,45,500,2026-08-17T02:30:00+08:00
d9713f57-8ef3-4b4e-a6b1-8726e4e9e957,M-1438,SESS-20260816-3394-0433,RENTAL_REDEMPTION,-100,2528,2026-08-16T20:45:00+08:00
a721dea0-8472-4d51-ad8f-7d35cdfaa8d3,M-1438,SESS-20260816-3394-0433,RENTAL_ACCRUAL,4,2532,2026-08-16T22:45:00+08:00
95f9ea0b-7e13-486a-b30b-70db895040eb,M-1037,SESS-20260816-3793-0434,RENTAL_ACCRUAL,28,761,2026-08-17T01:30:00+08:00
e79a1914-7989-43ce-95e0-1a6d1af592eb,M-1859,SESS-20260816-2518-0435,RENTAL_REDEMPTION,-100,79,2026-08-16T20:10:00+08:00
93a7f717-c65c-47c5-8225-98e3c93757c1,M-1859,SESS-20260816-2518-0435,RENTAL_ACCRUAL,5,84,2026-08-16T22:10:00+08:00
879d5aed-2c8c-413d-ba30-0f7f71c02f8d,M-1128,SESS-20260816-5229-0436,RENTAL_ACCRUAL,5,139,2026-08-17T00:25:00+08:00
5e091902-ecb9-46f2-af7a-7cae19e986d1,M-1459,SESS-20260816-6824-0437,RENTAL_REDEMPTION,-100,40,2026-08-16T22:20:00+08:00
5a22940e-2b26-4d16-b68c-092cbca0d554,M-1459,SESS-20260816-6824-0437,RENTAL_ACCRUAL,21,61,2026-08-17T03:20:00+08:00
c27ad452-1596-4295-b945-4665eef7798b,M-1675,SESS-20260816-8172-0438,RENTAL_ACCRUAL,43,2140,2026-08-17T01:25:00+08:00
e7f58418-0211-4d34-9122-2bbcea0ed6c4,M-1517,SESS-20260816-7859-0439,RENTAL_ACCRUAL,28,76,2026-08-17T00:35:00+08:00
ceee8fac-e16c-4f73-b4b3-276f26775e7a,M-1081,SESS-20260816-8702-0440,RENTAL_ACCRUAL,13,475,2026-08-17T00:05:00+08:00
06565c9a-03b5-468f-9b37-c1320b0bd790,M-1278,SESS-20260816-7233-0441,RENTAL_REDEMPTION,-200,355,2026-08-16T23:20:00+08:00
388e1d05-6fc0-4463-bb77-5dd8e99841e3,M-1278,SESS-20260816-7233-0441,RENTAL_ACCRUAL,13,368,2026-08-17T02:20:00+08:00
8da95b75-f2a2-4d6c-a78d-bdaf0551dc9f,M-1187,SESS-20260816-9608-0442,RENTAL_ACCRUAL,11,492,2026-08-17T01:10:00+08:00
eb435b29-7a82-44f4-b9b3-54ee01bc2b3f,M-1436,SESS-20260816-1240-0443,RENTAL_ACCRUAL,6,573,2026-08-16T20:35:00+08:00
c67706db-0993-46b1-8ed1-0917e62b0a89,M-1323,SESS-20260816-9205-0444,RENTAL_ACCRUAL,40,463,2026-08-16T19:05:00+08:00
683354ff-8ccb-41e8-842a-bf73b84490a1,M-1208,SESS-20260816-5932-0445,RENTAL_REDEMPTION,-100,3297,2026-08-16T23:55:00+08:00
b159ec59-120b-49db-8dc3-89b557e1f2f8,M-1208,SESS-20260816-5932-0445,RENTAL_ACCRUAL,22,3319,2026-08-17T04:55:00+08:00
928a3231-53a6-4c13-b9e3-8a6939451e92,M-1234,SESS-20260816-4126-0446,RENTAL_ACCRUAL,18,210,2026-08-17T01:40:00+08:00
58bf36b4-0fe2-4787-88cc-516db14c1ba9,M-2020,SESS-20260816-7550-0447,RENTAL_ACCRUAL,10,236,2026-08-17T00:35:00+08:00
507c1efe-8351-4d48-8595-f061a4f2ac3f,M-1722,SESS-20260816-5130-0448,RENTAL_ACCRUAL,12,825,2026-08-16T16:15:00+08:00
cbc66c55-ec6b-449d-837b-c53b462f7aa2,M-1563,SESS-20260816-2755-0449,RENTAL_ACCRUAL,16,451,2026-08-17T00:30:00+08:00
abce6cef-fe8f-44e5-9a97-11c557e68e74,M-2002,SESS-20260816-2336-0450,RENTAL_ACCRUAL,11,213,2026-08-16T23:30:00+08:00
ccad5439-3751-40b0-827b-b7ef435784ff,M-1818,SESS-20260816-6640-0451,RENTAL_ACCRUAL,27,454,2026-08-16T21:20:00+08:00
a5f5253c-104d-4fc0-a8b2-191f5ea6db41,M-1270,SESS-20260816-4259-0452,RENTAL_REDEMPTION,-100,1256,2026-08-16T22:50:00+08:00
ecde9e34-572a-449f-9ca9-80f66e2bb314,M-1270,SESS-20260816-4259-0452,RENTAL_ACCRUAL,10,1266,2026-08-17T01:50:00+08:00
cb306d03-f093-4415-9d66-f8cc878540eb,M-1233,SESS-20260816-6675-0453,RENTAL_REDEMPTION,-100,195,2026-08-16T23:45:00+08:00
fe584ebd-5a0d-467e-9aec-0669f9bade2a,M-1233,SESS-20260816-6675-0453,RENTAL_ACCRUAL,2,197,2026-08-17T00:45:00+08:00
0b9defd0-bfc6-4a84-9be4-3b945a068afc,M-1116,SESS-20260816-8649-0454,RENTAL_ACCRUAL,5,238,2026-08-16T22:50:00+08:00
969dc93a-13b2-4aa4-b81f-6c0569d721b8,M-1249,SESS-20260816-3392-0455,RENTAL_ACCRUAL,18,28,2026-08-17T01:55:00+08:00
1c6419d5-0d54-431b-a92c-eb0e6961cbde,M-1841,SESS-20260816-3596-0456,RENTAL_REDEMPTION,-100,239,2026-08-16T20:45:00+08:00
bb601403-41b1-452a-ad35-b11fe8a770f0,M-1841,SESS-20260816-3596-0456,RENTAL_ACCRUAL,10,249,2026-08-16T23:45:00+08:00
b399b430-39f6-44c6-a013-8b341aa840a2,M-1811,SESS-20260816-8353-0457,RENTAL_ACCRUAL,27,85,2026-08-17T02:10:00+08:00
c16b9c58-e122-4876-8508-9c350fae912d,M-1145,SESS-20260816-8266-0458,RENTAL_REDEMPTION,-200,186,2026-08-16T19:50:00+08:00
c8b3c934-52a8-4255-bf97-4fa50ce11ac8,M-1145,SESS-20260816-8266-0458,RENTAL_ACCRUAL,15,201,2026-08-17T00:50:00+08:00
b3f94f41-95d6-45ac-ab76-50fc0a492c2c,M-1384,SESS-20260816-3216-0459,RENTAL_ACCRUAL,6,1467,2026-08-16T23:40:00+08:00
c5d3842d-abe6-4ad4-b0c2-6384a7e57511,M-1761,SESS-20260816-3843-0460,RENTAL_ACCRUAL,13,591,2026-08-16T19:00:00+08:00
19b77739-0cf2-40c2-93fc-6998a4a6d945,M-1282,SESS-20260816-7573-0461,RENTAL_ACCRUAL,48,330,2026-08-17T07:05:00+08:00
4b8e763f-efb2-496c-99d2-d12a0b19d152,M-1782,SESS-20260816-3811-0462,RENTAL_ACCRUAL,14,403,2026-08-16T21:15:00+08:00
6b997569-2dbe-4ca0-9414-e6af4a032ea7,M-1280,SESS-20260816-2998-0463,RENTAL_ACCRUAL,6,425,2026-08-17T00:45:00+08:00
2dcf443d-1e3a-4f01-a1c6-1e83b9f45ea2,M-1736,SESS-20260816-3328-0464,RENTAL_ACCRUAL,16,227,2026-08-17T02:50:00+08:00
0f7bb158-7404-4d8e-b0bc-2840d5cc3f2e,M-1123,SESS-20260816-8212-0465,RENTAL_ACCRUAL,11,230,2026-08-17T01:40:00+08:00
7cdaa88b-eaed-4dcc-ab7c-762668878b1d,M-1902,SESS-20260816-5222-0466,RENTAL_ACCRUAL,36,69,2026-08-17T00:30:00+08:00
4f374b3a-ddfd-4525-b659-51a6df5b6db2,M-1452,SESS-20260816-7487-0467,RENTAL_ACCRUAL,67,187,2026-08-17T02:25:00+08:00
fdf998f7-9f41-40d8-938e-becfdbff2679,M-1097,SESS-20260816-7506-0468,RENTAL_ACCRUAL,11,152,2026-08-16T18:25:00+08:00
f867b212-317f-4ad1-9d5d-70ac6c4f46a2,M-1287,SESS-20260816-5142-0469,RENTAL_ACCRUAL,5,238,2026-08-16T23:55:00+08:00
698828c8-3001-4b59-82f1-1f83944700e0,M-1638,SESS-20260816-4105-0470,RENTAL_ACCRUAL,11,493,2026-08-16T20:30:00+08:00
a63be2a0-6983-42f9-abb5-6ffb24d9ee79,M-1644,SESS-20260816-9173-0471,RENTAL_ACCRUAL,28,535,2026-08-17T01:40:00+08:00
97836b65-33c0-42de-a565-dbcaf62bee72,M-1435,ORD-20260816-9225-0001,CONCESSION_ACCRUAL,10,349,2026-08-16T18:00:38+08:00
3f56dcaf-6a58-4017-b572-ce0a212bf60e,M-1071,ORD-20260817-7942-0002,CONCESSION_ACCRUAL,9,404,2026-08-17T00:45:43+08:00
dd7af1a2-3593-4c95-827b-4777e5b8a8b2,M-1281,ORD-20260816-9148-0003,CONCESSION_ACCRUAL,9,364,2026-08-16T21:40:46+08:00
56413b6e-32c0-40c0-8a86-7d2d984aef1f,M-2183,ORD-20260817-5027-0004,CONCESSION_ACCRUAL,9,130,2026-08-17T00:39:57+08:00
22f63bb8-ba3d-4d3d-b964-df82f93227e9,M-1705,ORD-20260817-5346-0005,CONCESSION_ACCRUAL,15,327,2026-08-17T00:10:23+08:00
cc5c09d9-20c9-4e84-b412-350e8b949200,M-1069,ORD-20260816-1931-0006,CONCESSION_ACCRUAL,15,205,2026-08-16T19:11:46+08:00
f81d9fa0-33bb-4ec3-93dd-c28c59346634,M-1192,ORD-20260816-4512-0007,CONCESSION_ACCRUAL,8,346,2026-08-16T23:12:09+08:00
23c8c205-3377-4eda-99de-b8b496a755d5,M-2077,ORD-20260816-1798-0008,CONCESSION_ACCRUAL,30,105,2026-08-16T23:59:17+08:00
35cd4891-7bdc-4868-8b1e-22c52058553e,M-1048,ORD-20260816-7850-0009,CONCESSION_ACCRUAL,9,491,2026-08-16T21:13:11+08:00
6eafb4f5-d212-4855-b0ed-f3a1fbb8db79,M-1618,ORD-20260816-2431-0010,CONCESSION_ACCRUAL,11,157,2026-08-16T18:22:34+08:00
7b270fea-ea50-4460-b414-ecd139329c67,M-1387,ORD-20260816-2512-0011,CONCESSION_ACCRUAL,15,226,2026-08-16T23:06:04+08:00
81d249cf-22b3-4541-ab97-2a2c4ab0e0a3,M-1473,ORD-20260816-4758-0012,CONCESSION_ACCRUAL,7,204,2026-08-16T23:08:21+08:00
f86ec385-7cd4-4b75-8be7-092cea62691a,M-1475,ORD-20260816-7138-0013,CONCESSION_ACCRUAL,13,976,2026-08-16T22:20:38+08:00
23b51314-6ded-4fcd-be4b-cecf5b047666,M-1841,ORD-20260816-7805-0014,CONCESSION_ACCRUAL,8,257,2026-08-16T22:00:10+08:00
55115145-3dd2-48e1-b7c9-2d22e7da0dbb,M-2023,ORD-20260816-1473-0015,CONCESSION_ACCRUAL,8,569,2026-08-16T19:15:26+08:00
433bdd26-cfb6-4038-9f24-5ad9a5488c3a,M-2182,ORD-20260816-1058-0016,CONCESSION_ACCRUAL,2,175,2026-08-16T23:04:50+08:00
f45fc691-a2d5-454f-94e6-4bfb18530c1c,M-2002,ORD-20260816-8355-0017,CONCESSION_ACCRUAL,11,224,2026-08-16T21:59:55+08:00
5293e43c-38cd-4ba6-9c64-bda8aa5a606b,M-1763,ORD-20260816-6527-0018,CONCESSION_ACCRUAL,41,396,2026-08-16T12:12:32+08:00
df9b3951-d675-411c-8928-47a489eab024,M-1454,ORD-20260816-6237-0019,CONCESSION_ACCRUAL,9,1742,2026-08-16T22:55:41+08:00
82d16fb4-e453-494c-809b-daa57005885a,M-1051,ORD-20260817-6637-0020,CONCESSION_ACCRUAL,18,352,2026-08-17T00:40:52+08:00
9ae4a172-0e41-49df-9ed0-04d4fb41ed65,M-1359,ORD-20260816-1009-0021,CONCESSION_ACCRUAL,18,1441,2026-08-16T22:05:05+08:00
dcee18a1-aea8-4b8d-be35-ce07bea164a6,M-1397,ORD-20260816-1697-0022,CONCESSION_ACCRUAL,13,788,2026-08-16T23:17:13+08:00
1b9be206-eb48-4ce8-af42-07a9405b7c4c,M-1826,ORD-20260816-3547-0023,CONCESSION_ACCRUAL,15,234,2026-08-16T08:21:40+08:00
d61e5303-73f6-4572-b158-63317b676518,M-1517,ORD-20260816-9836-0024,CONCESSION_ACCRUAL,11,87,2026-08-16T22:18:48+08:00
d4cb259a-85c8-49e3-b595-270eee1dd88a,M-1761,ORD-20260816-1038-0025,CONCESSION_ACCRUAL,8,599,2026-08-16T18:21:38+08:00
47b1c8b0-6abd-49bf-86dd-abd166451537,M-1886,ORD-20260816-6035-0026,CONCESSION_ACCRUAL,23,61,2026-08-16T20:04:29+08:00
4ead662d-68c1-4def-8afb-f335485befa2,M-1516,ORD-20260816-4640-0027,CONCESSION_ACCRUAL,8,555,2026-08-16T13:53:47+08:00
adb34069-a145-4dec-a778-b94c0e9898df,M-2132,ORD-20260816-9294-0028,CONCESSION_ACCRUAL,15,105,2026-08-16T22:14:26+08:00
a7f66a5d-0211-4a02-997c-04b5a663aae9,M-1196,ORD-20260817-7165-0029,CONCESSION_ACCRUAL,40,355,2026-08-17T01:14:53+08:00
1e34f3f1-e016-4b04-9706-a09381e0999e,M-1050,ORD-20260816-8237-0030,CONCESSION_ACCRUAL,10,316,2026-08-16T14:32:25+08:00
33f4b95c-5b55-4cbf-8d80-3918948acec0,M-2071,ORD-20260816-5912-0031,CONCESSION_ACCRUAL,11,370,2026-08-16T14:39:27+08:00
8b6a06a3-6b97-4565-a92c-84b3cc7a0c4b,M-1554,ORD-20260817-3493-0032,CONCESSION_ACCRUAL,9,1292,2026-08-17T00:50:21+08:00
e3bae8a5-cf5e-4908-8704-54892a2101d0,M-1282,ORD-20260816-3583-0033,CONCESSION_ACCRUAL,13,343,2026-08-16T22:08:38+08:00
765274c1-616a-4bb6-b46d-b77923bf41e6,M-1930,ORD-20260817-8820-0034,CONCESSION_ACCRUAL,11,65,2026-08-17T01:12:29+08:00
107826f4-f603-42ed-b966-ea2582a34d7e,M-1241,ORD-20260816-2335-0035,CONCESSION_ACCRUAL,3,139,2026-08-16T17:52:57+08:00
bdf0fac9-053d-4efe-962e-f783c45cd7ae,M-1663,ORD-20260816-9839-0036,CONCESSION_ACCRUAL,8,276,2026-08-16T20:32:21+08:00
d5c2050e-499b-416b-9c04-5ff5ecdf167f,M-1370,ORD-20260816-7530-0037,CONCESSION_ACCRUAL,15,565,2026-08-16T20:39:32+08:00
a3c4bbf2-1ad2-4540-8635-c8264701371d,M-1168,ORD-20260816-1370-0038,CONCESSION_ACCRUAL,15,222,2026-08-16T22:25:21+08:00
87b13771-7d37-490c-8a3d-c827f8e8dbee,M-1513,ORD-20260816-5813-0039,CONCESSION_ACCRUAL,7,179,2026-08-16T23:24:19+08:00
79b52e0c-2b04-449c-9eb1-44d8004a50e8,M-1543,ORD-20260816-5320-0040,CONCESSION_ACCRUAL,18,507,2026-08-16T19:49:07+08:00
4ead4d8f-9244-4d87-b665-6e2badc0c0ed,M-1086,ORD-20260816-4562-0041,CONCESSION_ACCRUAL,10,116,2026-08-16T20:42:23+08:00
72ce18e8-3dd3-4fb1-8a07-4bf2d371680a,M-1772,ORD-20260817-9825-0042,CONCESSION_ACCRUAL,11,155,2026-08-17T00:59:42+08:00
aee5a170-0dc2-483d-8669-4bff29839121,M-1212,ORD-20260816-1101-0043,CONCESSION_ACCRUAL,36,473,2026-08-16T22:35:29+08:00
ce6e4e5f-98b4-4188-8c9d-96b7474cf573,M-1631,ORD-20260816-2770-0044,CONCESSION_ACCRUAL,23,263,2026-08-16T14:31:48+08:00
d3534dd8-6ec5-4606-bea0-d37ebff3c2ba,M-1429,ORD-20260816-5258-0045,CONCESSION_ACCRUAL,27,879,2026-08-16T17:22:12+08:00
e20dd9b9-a5eb-4af4-9086-ad1c8ab77a39,M-1503,ORD-20260816-1362-0046,CONCESSION_ACCRUAL,3,913,2026-08-16T23:00:45+08:00
4eb35805-5047-480f-b381-91ab529b97fc,M-2084,ORD-20260817-4150-0047,CONCESSION_ACCRUAL,16,434,2026-08-17T01:20:23+08:00
271c8ba9-94d0-4402-adca-b5281d05a720,M-2045,ORD-20260816-9718-0048,CONCESSION_ACCRUAL,19,66,2026-08-16T23:17:10+08:00
e1cf8b90-734c-47e4-ba79-51b31fdcb2b5,M-1543,ORD-20260816-3373-0049,CONCESSION_ACCRUAL,22,529,2026-08-16T21:22:33+08:00
f1c112cc-481e-4084-93e3-770582359d3e,M-2039,ORD-20260816-5284-0050,CONCESSION_ACCRUAL,19,21,2026-08-16T22:47:24+08:00
ce61f56f-300b-4cae-ae62-5332ba7a50fe,M-1367,ORD-20260816-5788-0051,CONCESSION_ACCRUAL,13,608,2026-08-16T22:58:00+08:00
3f0395c5-5431-48a3-877d-caa6e928a882,M-1677,ORD-20260816-8257-0052,CONCESSION_ACCRUAL,15,393,2026-08-16T20:25:39+08:00
4cf5bd7d-e38d-43f7-8a45-e9e42adabdd6,M-1666,ORD-20260816-2147-0053,CONCESSION_ACCRUAL,31,239,2026-08-16T07:51:13+08:00
117934c3-d4a8-4773-8fcb-c22a264a654d,M-2064,ORD-20260816-6858-0054,CONCESSION_ACCRUAL,22,148,2026-08-16T19:21:52+08:00
caa1879e-9fdb-43f7-bae4-2f7942b3712d,M-1256,ORD-20260817-6031-0055,CONCESSION_ACCRUAL,8,256,2026-08-17T00:25:59+08:00
31d65c53-ac58-4c48-ac1e-a8f992eb0ed6,M-1043,ORD-20260816-9182-0056,CONCESSION_ACCRUAL,13,810,2026-08-16T18:41:49+08:00
06e551e8-23d7-42d9-8a37-7be760aeed71,M-1819,ORD-20260816-2509-0057,CONCESSION_ACCRUAL,3,331,2026-08-16T18:57:43+08:00
ef2b1e54-84d1-4f21-bfff-5a611a1eedfb,M-1146,ORD-20260817-9211-0058,CONCESSION_ACCRUAL,49,3005,2026-08-17T01:53:00+08:00
62723ee2-2987-4384-bab6-fe3dd4270701,M-1435,ORD-20260817-2661-0059,CONCESSION_ACCRUAL,3,352,2026-08-17T01:56:36+08:00
451eb0bb-e5d0-4a91-9409-5e613fc8e55a,M-1096,ORD-20260816-2872-0060,CONCESSION_ACCRUAL,50,228,2026-08-16T21:15:40+08:00
34b51291-9151-446b-9ef2-50d8add37aa0,M-1534,ORD-20260816-5315-0061,CONCESSION_ACCRUAL,8,350,2026-08-16T20:39:48+08:00
5941d512-e9cc-4af9-a311-69778b7428f2,M-1534,TIER_UPGRADE_Silver_TO_Gold,TIER_BONUS,100,450,2026-08-16T20:39:48+08:00
7e6953ba-9618-40dc-ab3a-ddc331064e4a,M-1278,ORD-20260817-8812-0062,CONCESSION_ACCRUAL,27,395,2026-08-17T01:56:10+08:00
88b5a1c9-8dd2-497c-a7b9-2b2f9cd77499,M-1422,ORD-20260816-6357-0063,CONCESSION_ACCRUAL,19,273,2026-08-16T23:05:16+08:00
ecf3e730-efa2-4be7-bdf4-7ad4b082904b,M-1500,ORD-20260816-4372-0064,CONCESSION_ACCRUAL,16,71,2026-08-16T21:12:51+08:00
6490bace-b078-4a70-b53b-7f700844f1d2,M-1823,ORD-20260817-8536-0065,CONCESSION_ACCRUAL,22,656,2026-08-17T02:35:27+08:00
d49b2368-8159-466d-ac0f-78b74367136d,M-1749,ORD-20260816-9247-0066,CONCESSION_ACCRUAL,3,361,2026-08-16T08:49:49+08:00
52874e02-cea4-4051-9832-845ab1aa85db,M-1123,ORD-20260816-7277-0067,CONCESSION_ACCRUAL,8,238,2026-08-16T23:59:00+08:00
6da02eaa-5354-4bbd-ab0a-635f311175f0,M-2150,ORD-20260816-8053-0068,CONCESSION_ACCRUAL,8,138,2026-08-16T22:15:47+08:00
141a1b47-2928-4cbd-967e-361a19b6ca79,M-2000,ORD-20260816-4440-0069,CONCESSION_ACCRUAL,11,481,2026-08-16T21:34:00+08:00
3574108d-b624-40a1-b0ed-d76378448133,M-1187,ORD-20260817-8013-0070,CONCESSION_ACCRUAL,8,500,2026-08-17T00:01:43+08:00
dc649a00-0465-4ded-ab30-056772e20c14,M-1724,ORD-20260816-5152-0071,CONCESSION_ACCRUAL,11,121,2026-08-16T17:57:38+08:00
af8d7e06-0d63-4dbc-8fbc-e4a56c68cae3,M-2096,ORD-20260816-7943-0072,CONCESSION_ACCRUAL,20,108,2026-08-16T21:51:10+08:00
776fc829-326d-4859-9000-217918e19074,M-1065,ORD-20260816-1815-0073,CONCESSION_ACCRUAL,18,840,2026-08-16T16:57:51+08:00
11156fc5-34ae-4a46-88a2-644764fac0b3,M-1512,ORD-20260817-7879-0074,CONCESSION_ACCRUAL,3,503,2026-08-17T01:32:40+08:00
307d6d7f-99fa-4c10-80b0-eabc95f6b486,M-1369,ORD-20260817-2160-0075,CONCESSION_ACCRUAL,11,507,2026-08-17T00:23:58+08:00
c9f39df3-7b56-456f-8851-71f1b6c06dd6,M-1927,ORD-20260816-3248-0076,CONCESSION_ACCRUAL,6,34,2026-08-16T21:36:54+08:00
6b04d491-0bc5-494e-b021-0af1d7534496,M-1506,ORD-20260816-8777-0077,CONCESSION_ACCRUAL,8,296,2026-08-16T19:46:33+08:00
c55bc75d-4bd3-4ef5-9af8-db3d043effef,M-2176,ORD-20260816-6873-0078,CONCESSION_ACCRUAL,15,106,2026-08-16T23:27:15+08:00
0aad795e-9a31-43ae-83af-60d2246fe4e0,M-1635,ORD-20260817-1736-0079,CONCESSION_ACCRUAL,3,81,2026-08-17T00:07:34+08:00
84fc243a-8841-4913-8505-48b9188df4f2,M-1420,ORD-20260817-6868-0080,CONCESSION_ACCRUAL,9,358,2026-08-17T00:25:23+08:00
a1637aa2-73ae-4747-977a-d9d4b3908673,M-1931,ORD-20260816-6562-0081,CONCESSION_ACCRUAL,6,153,2026-08-16T23:55:15+08:00
af924fa6-679e-4c06-bf21-020101f4e639,M-1035,ORD-20260816-8969-0082,CONCESSION_ACCRUAL,8,74,2026-08-16T21:46:44+08:00
5d0b3e4d-eb95-48c0-98e6-13468ca8abbf,M-1438,ORD-20260816-9176-0083,CONCESSION_ACCRUAL,30,2562,2026-08-16T20:55:42+08:00
c59735bd-9555-4ccd-83f8-8e65896477b2,M-1534,ORD-20260816-2773-0084,CONCESSION_ACCRUAL,54,504,2026-08-16T12:01:14+08:00
9a9ecac9-df72-4856-a88c-9144f6c78ced,M-1882,ORD-20260816-5692-0085,CONCESSION_ACCRUAL,8,51,2026-08-16T21:55:09+08:00
a39ff97d-85bd-4a81-8514-072a07829010,M-1230,ORD-20260817-9666-0086,CONCESSION_ACCRUAL,8,1118,2026-08-17T01:53:38+08:00
bb4264be-c6e7-45e3-b62f-a529b4975c54,M-1880,ORD-20260816-1253-0087,CONCESSION_ACCRUAL,3,139,2026-08-16T21:35:28+08:00
7630d815-c6ff-45df-9db2-11c2a78c4452,M-1047,ORD-20260816-4255-0088,CONCESSION_ACCRUAL,15,140,2026-08-16T17:40:47+08:00
9d6289ef-4a54-48a0-a914-22f3e8075f69,M-1556,ORD-20260816-8369-0089,CONCESSION_ACCRUAL,8,531,2026-08-16T15:51:15+08:00
4c2feeb7-312e-4991-bc18-c73eba06382e,M-1821,ORD-20260816-5517-0090,CONCESSION_ACCRUAL,19,199,2026-08-16T08:45:17+08:00
3338cafa-f26c-4490-a947-aba7991774c4,M-1913,ORD-20260816-2804-0091,CONCESSION_ACCRUAL,15,271,2026-08-16T17:19:28+08:00
079b22de-db1f-48d0-bff4-1251a65293c7,M-1286,ORD-20260817-8437-0092,CONCESSION_ACCRUAL,10,166,2026-08-17T01:33:31+08:00
f8304de7-1f4d-4f46-aff5-a4826ed9a9f5,M-1372,ORD-20260816-4099-0093,CONCESSION_ACCRUAL,8,121,2026-08-16T22:33:07+08:00
bf46934d-d24f-4ea1-be50-b8f17a1e4559,M-1983,ORD-20260816-7888-0094,CONCESSION_ACCRUAL,8,248,2026-08-16T20:36:25+08:00
ae4aa7e7-22ef-46d5-9382-1bbfd433a16e,M-1794,ORD-20260816-4487-0095,CONCESSION_ACCRUAL,10,151,2026-08-16T22:23:20+08:00
fe10477a-b9fe-4c7b-9182-2d44c04e7fba,M-1584,ORD-20260816-3297-0096,CONCESSION_ACCRUAL,14,146,2026-08-16T11:19:41+08:00
bbe6dc2c-cfb8-4dc3-a909-bc2b89c13369,M-2163,ORD-20260816-7009-0097,CONCESSION_ACCRUAL,34,226,2026-08-16T22:42:05+08:00
f3add6f4-2fd0-40ee-a55a-d7c26c82f0dc,M-1688,ORD-20260816-6930-0098,CONCESSION_ACCRUAL,40,715,2026-08-16T14:22:49+08:00
f49d4512-39d8-4878-9932-9ec9b17ae4fb,M-1148,ORD-20260817-3200-0099,CONCESSION_ACCRUAL,11,167,2026-08-17T01:36:57+08:00
ae93ca9b-06da-4b8e-9b3e-92e5a805868f,M-1611,ORD-20260816-6322-0100,CONCESSION_ACCRUAL,13,601,2026-08-16T22:49:48+08:00
6e039dbe-1a90-42d3-8d8b-316515555eaa,M-1432,ORD-20260816-4079-0101,CONCESSION_ACCRUAL,18,3439,2026-08-16T14:38:21+08:00
fe5b1b2c-eb9d-485c-9749-26d59960b402,M-2025,ORD-20260816-1922-0102,CONCESSION_ACCRUAL,30,450,2026-08-16T16:24:03+08:00
a7eea978-146b-490f-8781-45adca805e76,M-1197,ORD-20260816-3638-0103,CONCESSION_ACCRUAL,11,343,2026-08-16T17:11:08+08:00
988cc5aa-a4ad-4b41-bc83-4df035e4f659,M-1174,ORD-20260816-9197-0104,CONCESSION_ACCRUAL,11,317,2026-08-16T20:51:19+08:00
c1ca9319-6485-4d9e-910d-36243d44a6c1,M-1388,ORD-20260816-4433-0105,CONCESSION_ACCRUAL,16,281,2026-08-16T19:44:21+08:00
bb20e8d1-c6a5-41f8-9fca-fc884c1fd52d,M-1241,ORD-20260817-2219-0106,CONCESSION_ACCRUAL,22,161,2026-08-17T00:16:59+08:00
66ce4c60-f673-4e39-85b1-669f627b417b,M-1581,ORD-20260816-6602-0107,CONCESSION_ACCRUAL,26,228,2026-08-16T16:45:18+08:00
e2791a1d-935b-453a-9884-01d1b3e83cb8,M-1013,ORD-20260816-5926-0108,CONCESSION_ACCRUAL,8,199,2026-08-16T21:58:35+08:00
5c069e27-6bb9-4ca8-9244-ecf03fb71ff8,M-2021,ORD-20260816-9607-0109,CONCESSION_ACCRUAL,8,115,2026-08-16T23:32:46+08:00
22161a99-a6fd-48a8-9b5c-d28adbe458d0,M-2000,ORD-20260817-5751-0110,CONCESSION_ACCRUAL,8,489,2026-08-17T00:28:41+08:00
8520b1dd-a82f-407c-bb60-277bc63d9478,M-1144,ORD-20260816-3098-0111,CONCESSION_ACCRUAL,25,209,2026-08-16T20:38:40+08:00
0c888f56-696f-45b5-8cc6-b0cc51d80e08,M-1891,ORD-20260816-2694-0112,CONCESSION_ACCRUAL,8,279,2026-08-16T15:45:13+08:00
9638e24b-90ba-4776-a7f7-c8d9a9b39591,M-1135,ORD-20260817-4631-0113,CONCESSION_ACCRUAL,22,306,2026-08-17T00:32:56+08:00
3f50e299-0635-44fa-a65f-c3c4e3ae69ea,M-1499,ORD-20260816-2958-0114,CONCESSION_ACCRUAL,10,96,2026-08-16T21:39:34+08:00
4e5fb083-abbe-42a2-b628-dedb045faced,M-1058,ORD-20260816-4118-0115,CONCESSION_ACCRUAL,8,428,2026-08-16T17:44:55+08:00
3e4905cf-2f6a-4839-8664-ec29f102e359,M-1252,ORD-20260816-8837-0116,CONCESSION_ACCRUAL,13,103,2026-08-16T16:07:55+08:00
ca745fdb-e7d7-410c-93ea-2847e20ed464,M-1304,ORD-20260816-1582-0117,CONCESSION_ACCRUAL,19,405,2026-08-16T20:15:56+08:00
2114b7c4-f2aa-4835-8e70-e7709f3a0699,M-1653,ORD-20260816-6859-0118,CONCESSION_ACCRUAL,21,142,2026-08-16T18:34:29+08:00
81166683-7902-4b67-be13-52cfe4d41ce0,M-1818,ORD-20260816-7097-0119,CONCESSION_ACCRUAL,11,465,2026-08-16T20:15:23+08:00
fe7f6b7e-d375-41f0-9839-3f93a8fcc3a6,M-1392,ORD-20260816-4830-0120,CONCESSION_ACCRUAL,18,979,2026-08-16T11:26:33+08:00
f57a6024-c9fa-459c-b475-25bc589485da,M-1703,ORD-20260817-8939-0121,CONCESSION_ACCRUAL,19,131,2026-08-17T00:16:09+08:00
d9bb2689-fa7b-474a-965b-44dd48f23e23,M-1997,ORD-20260816-4135-0122,CONCESSION_ACCRUAL,16,308,2026-08-16T19:37:44+08:00
32f5380d-4db0-4557-8102-f4ab050696bf,M-1808,ORD-20260817-6692-0123,CONCESSION_ACCRUAL,9,2181,2026-08-17T01:12:22+08:00
c391db96-4e66-42ea-8951-a41ae62821d3,M-2158,ORD-20260817-6806-0124,CONCESSION_ACCRUAL,12,91,2026-08-17T00:37:50+08:00
2e5986b0-45a2-4000-9f24-e6179b9e01db,M-1940,ORD-20260816-5675-0125,CONCESSION_ACCRUAL,23,90,2026-08-16T23:50:34+08:00
07a78ae9-ddcd-4b58-80c8-88bba6e07b62,M-1199,ORD-20260817-9694-0126,CONCESSION_ACCRUAL,26,81,2026-08-17T00:03:24+08:00
0d901339-e895-4ead-8eec-ead4f932f0fe,M-1314,ORD-20260816-1775-0127,CONCESSION_ACCRUAL,16,407,2026-08-16T21:28:43+08:00
190d1469-239c-47b2-9a49-0313a26f41ef,M-1759,ORD-20260816-9203-0128,CONCESSION_ACCRUAL,37,291,2026-08-16T23:31:00+08:00
59225922-e224-4bd6-a69f-384a2ed82336,M-1258,ORD-20260816-3867-0129,CONCESSION_ACCRUAL,11,537,2026-08-16T18:13:25+08:00
ed685d67-c63e-4824-b965-4cc7d62b69b3,M-1870,ORD-20260816-7165-0130,CONCESSION_ACCRUAL,11,374,2026-08-16T21:39:07+08:00
3ce05659-6ff5-4b98-b69e-a668028c298b,M-1713,ORD-20260817-6547-0131,CONCESSION_ACCRUAL,18,207,2026-08-17T04:55:29+08:00
5e7a3cc6-6dc7-4f62-be02-eb88cf5a63d3,M-1123,ORD-20260816-2023-0132,CONCESSION_ACCRUAL,49,287,2026-08-16T22:14:24+08:00
468552e4-a488-409b-b2c4-c4154e7cdbea,M-1655,ORD-20260816-3202-0133,CONCESSION_ACCRUAL,10,416,2026-08-16T19:14:18+08:00
d2625b83-3f95-4448-8f6a-8ca3d8b09666,M-1870,ORD-20260816-7587-0134,CONCESSION_ACCRUAL,19,393,2026-08-16T19:08:14+08:00
f1b1da99-db31-4fb5-9144-db3711a8718c,M-1038,ORD-20260816-9618-0135,CONCESSION_ACCRUAL,25,126,2026-08-16T22:30:56+08:00
83bd5998-02ad-4578-898e-c795d93918f9,M-1831,ORD-20260817-9298-0136,CONCESSION_ACCRUAL,22,95,2026-08-17T01:10:51+08:00
ae24c41c-0f43-43b5-b607-621cff00c02a,M-1388,ORD-20260816-9138-0137,CONCESSION_ACCRUAL,27,308,2026-08-16T23:37:46+08:00
905a4fad-c3f8-4bb9-9fe3-e7e1dcc05910,M-1044,ORD-20260816-3963-0138,CONCESSION_ACCRUAL,9,594,2026-08-16T22:07:59+08:00
0c2ac930-fd6c-42da-9a4c-1d1e9bec8fc2,M-1017,ORD-20260816-6609-0139,CONCESSION_ACCRUAL,30,368,2026-08-16T08:28:52+08:00
653e929c-096e-447b-bf7f-5bb3f070fc1f,M-1189,ORD-20260817-8694-0140,CONCESSION_ACCRUAL,10,455,2026-08-17T02:15:58+08:00
1369d60e-6757-4ff8-b769-0aac1a86c358,M-1262,ORD-20260816-6758-0141,CONCESSION_ACCRUAL,37,187,2026-08-16T14:18:28+08:00
fd4e2731-edd3-4a81-801f-d83986b019b0,M-1924,ORD-20260816-3677-0142,CONCESSION_ACCRUAL,8,66,2026-08-16T21:29:03+08:00
c235a966-de49-4955-95d9-2ec21ed9b538,M-1785,ORD-20260816-1013-0143,CONCESSION_ACCRUAL,3,206,2026-08-16T12:39:27+08:00
7880b0c0-820b-4b21-ab0c-3ccd1fe359d2,M-1803,ORD-20260816-1451-0144,CONCESSION_ACCRUAL,32,61,2026-08-16T23:31:22+08:00
7423806d-1cef-41fb-8906-644f8712f164,M-1499,ORD-20260816-3414-0145,CONCESSION_ACCRUAL,11,107,2026-08-16T15:40:14+08:00
1192697a-7be4-4de4-a1a2-6173a727f445,M-1022,ORD-20260817-9587-0146,CONCESSION_ACCRUAL,15,221,2026-08-17T01:05:01+08:00
319aff3b-30e6-4a1c-a7f3-5ff0a2c3bd0f,M-1745,ORD-20260816-6089-0147,CONCESSION_ACCRUAL,38,188,2026-08-16T23:23:52+08:00
fffe7676-65af-4ddb-a1e6-dc4b6cfd7d34,M-1721,ORD-20260816-3594-0148,CONCESSION_ACCRUAL,37,503,2026-08-16T21:41:10+08:00
7b76b742-d99d-422b-9f7c-a4d03e1681ef,M-1779,ORD-20260816-8240-0149,CONCESSION_ACCRUAL,15,253,2026-08-16T14:45:10+08:00
9afd40af-5824-4465-b5f9-51aa35a12976,M-1779,TIER_UPGRADE_Silver_TO_Gold,TIER_BONUS,100,353,2026-08-16T14:45:10+08:00
9314f6e1-0c5b-4a4b-be81-e88857e78e58,M-1587,ORD-20260816-4953-0150,CONCESSION_ACCRUAL,13,1060,2026-08-16T22:41:11+08:00
0465f561-6e87-4d98-84ee-cc718d2d5cac,M-1191,ORD-20260816-6734-0151,CONCESSION_ACCRUAL,24,111,2026-08-16T22:52:19+08:00
ba43f12d-74cd-44d9-9172-2b6be0bd994f,M-1572,ORD-20260817-4659-0152,CONCESSION_ACCRUAL,15,371,2026-08-17T01:31:35+08:00
9a3f5dee-4786-4486-b225-dc85f3250bf2,M-1625,ORD-20260816-7150-0153,CONCESSION_ACCRUAL,19,2614,2026-08-16T16:50:17+08:00
c741018a-b7ee-4231-8496-a09804a3a640,M-2147,ORD-20260816-2979-0154,CONCESSION_ACCRUAL,21,90,2026-08-16T17:12:28+08:00
47b5ca99-ed29-4ed4-b24b-f37bb5160af5,M-2174,ORD-20260816-1962-0155,CONCESSION_ACCRUAL,9,58,2026-08-16T11:48:15+08:00
354802e9-9290-4daf-9a63-283bc6990e80,M-1740,ORD-20260816-4462-0156,CONCESSION_ACCRUAL,9,1832,2026-08-16T15:17:11+08:00
15553aac-1af6-476d-8e0e-0c9984083048,M-1339,ORD-20260816-1091-0157,CONCESSION_ACCRUAL,3,187,2026-08-16T19:14:10+08:00
51cecf90-c596-4a1d-88d1-921888003206,M-1025,ORD-20260816-4784-0158,CONCESSION_ACCRUAL,16,272,2026-08-16T16:19:52+08:00
f3422009-540e-4e86-b656-6e79d5ace059,M-1041,ORD-20260816-3729-0159,CONCESSION_ACCRUAL,39,1012,2026-08-16T22:02:59+08:00
c1d72a0b-a94c-42ac-a1c9-bda80b0ba948,M-1063,ORD-20260816-9045-0160,CONCESSION_ACCRUAL,21,582,2026-08-16T20:47:16+08:00
8f09b940-6283-4489-a3d9-3113df730b1e,M-1133,ORD-20260816-4250-0161,CONCESSION_ACCRUAL,36,318,2026-08-16T22:19:28+08:00
9f33f2a4-0765-4cdb-b56b-b2674d59117c,M-1814,ORD-20260817-6846-0162,CONCESSION_ACCRUAL,8,114,2026-08-17T00:30:46+08:00
0627e04d-90a2-4ead-84c0-3201f8b8f244,M-1654,ORD-20260816-1341-0163,CONCESSION_ACCRUAL,16,146,2026-08-16T03:52:23+08:00
02b5dd70-b7d1-4693-91e5-ddb5adefd05d,M-1280,ORD-20260817-8213-0164,CONCESSION_ACCRUAL,18,443,2026-08-17T00:21:01+08:00
eb66bd9c-0f42-494a-a0cc-6591b392291e,M-1715,ORD-20260816-6700-0165,CONCESSION_ACCRUAL,58,417,2026-08-16T20:50:30+08:00
12eac8cc-3eb7-4bd9-87cf-0034ff04067d,M-2185,ORD-20260817-1195-0166,CONCESSION_ACCRUAL,15,76,2026-08-17T01:57:06+08:00
bd14bc90-7982-4a05-bb87-2f8a67aa02a1,M-1786,ORD-20260816-9021-0167,CONCESSION_ACCRUAL,22,368,2026-08-16T21:46:35+08:00
abd2b166-5d4a-454d-877b-f32812f078d6,M-1691,ORD-20260816-9871-0168,CONCESSION_ACCRUAL,3,686,2026-08-16T23:00:04+08:00
154c269e-80ef-41d2-9a7c-1ea1868361fa,M-1116,ORD-20260816-4047-0169,CONCESSION_ACCRUAL,16,254,2026-08-16T22:30:14+08:00
bab62938-5162-4745-9a7c-f2881e0b9225,M-1827,ORD-20260816-8786-0170,CONCESSION_ACCRUAL,11,532,2026-08-16T15:11:56+08:00
9f5b5dc1-da81-42fe-87eb-b02becaea270,M-1730,ORD-20260816-3224-0171,CONCESSION_ACCRUAL,10,193,2026-08-16T21:46:17+08:00
2725f898-c609-48ba-a8cc-ef1426231c8a,M-2022,ORD-20260816-8919-0172,CONCESSION_ACCRUAL,7,121,2026-08-16T18:15:17+08:00
be634ac8-4308-4f09-ba46-e85405db9286,M-1956,ORD-20260816-7171-0173,CONCESSION_ACCRUAL,41,294,2026-08-16T18:38:10+08:00
bb4ab3bf-496f-453a-b08f-83914aefcfd5,M-1510,ORD-20260816-1403-0174,CONCESSION_ACCRUAL,16,247,2026-08-16T23:32:09+08:00
f2f8fbd3-af42-4c72-af70-cc6f610726d7,M-1519,ORD-20260817-8024-0175,CONCESSION_ACCRUAL,8,459,2026-08-17T01:47:38+08:00
15ddaea5-d77d-4072-9de7-4d70875feb4d,M-1675,ORD-20260816-5196-0176,CONCESSION_ACCRUAL,12,2152,2026-08-16T22:47:48+08:00
e3b0c26f-325c-4040-a6ab-1e47e2f1a8b4,M-2154,ORD-20260816-7039-0177,CONCESSION_ACCRUAL,3,70,2026-08-16T21:56:34+08:00
5a2c1a06-04bc-4a74-a868-3968483c9c96,M-1459,ORD-20260817-4042-0178,CONCESSION_ACCRUAL,3,64,2026-08-17T02:18:01+08:00
220a5873-5534-42f6-b46d-cb4308f87cc1,M-1459,ORD-20260816-6370-0179,CONCESSION_ACCRUAL,33,97,2026-08-16T11:15:41+08:00
b7e052b9-a254-4bfa-9aa4-3955b041f118,M-1833,ORD-20260817-2152-0180,CONCESSION_ACCRUAL,7,343,2026-08-17T02:48:55+08:00
3bf362fa-ee41-4463-9389-0f6b2d8ce401,M-2037,ORD-20260816-5060-0181,CONCESSION_ACCRUAL,3,75,2026-08-16T22:37:12+08:00
faef8c1d-f04f-4f2c-93d6-cc69d959201f,M-1428,ORD-20260816-5041-0182,CONCESSION_ACCRUAL,15,134,2026-08-16T21:13:58+08:00
39753608-5e53-4584-8f57-b22ce7c3b21e,M-1971,ORD-20260816-1547-0183,CONCESSION_ACCRUAL,11,248,2026-08-16T19:46:36+08:00
7933c9e4-2c38-4c32-97b2-3f4e33308cc6,M-1955,ORD-20260816-6026-0184,CONCESSION_ACCRUAL,6,99,2026-08-16T23:38:57+08:00
aa47671b-9d63-4558-8f73-ffb71e46f49b,M-2004,ORD-20260816-2654-0185,CONCESSION_ACCRUAL,19,322,2026-08-16T16:57:05+08:00
4548648c-4131-4972-ad7e-260231471182,M-1037,ORD-20260816-5521-0186,CONCESSION_ACCRUAL,13,774,2026-08-16T23:59:05+08:00
00f28dc6-d6dd-4c37-9a68-aa1c21a70d97,M-1834,ORD-20260817-9446-0187,CONCESSION_ACCRUAL,10,186,2026-08-17T00:08:45+08:00
df8a6f89-8670-4cc3-8dde-0be4562d17fc,M-1027,ORD-20260816-1425-0188,CONCESSION_ACCRUAL,3,391,2026-08-16T19:42:15+08:00
6dc91775-d0bb-4bae-9a28-2bcb13534bea,M-1802,ORD-20260817-7276-0189,CONCESSION_ACCRUAL,3,124,2026-08-17T01:54:39+08:00
bece579c-f61d-45ad-94a7-74a50ea93b45,M-1682,ORD-20260816-1864-0190,CONCESSION_ACCRUAL,29,800,2026-08-16T14:34:38+08:00
17af291e-cbc3-421b-8d25-dda2a06e538f,M-1024,ORD-20260816-8190-0191,CONCESSION_ACCRUAL,16,355,2026-08-16T20:41:22+08:00
605d879d-191f-4dce-84a4-0479a8f906d7,M-1617,ORD-20260816-3635-0192,CONCESSION_ACCRUAL,11,131,2026-08-16T20:29:40+08:00
b242c7bb-4342-4906-a014-9d3175217f38,M-1196,ORD-20260816-8046-0193,CONCESSION_ACCRUAL,13,368,2026-08-16T23:08:08+08:00
ad33bcb0-fad9-422e-ae57-b83f764520e8,M-1727,ORD-20260816-5522-0194,CONCESSION_ACCRUAL,8,265,2026-08-16T07:22:23+08:00
8e8edeed-2857-44ce-97b0-3079c3d7bd3f,M-1897,ORD-20260816-8870-0195,CONCESSION_ACCRUAL,3,315,2026-08-16T23:24:23+08:00
29786aee-0ca6-4dd9-852d-26f9ecc849c1,M-1452,ORD-20260816-4689-0196,CONCESSION_ACCRUAL,3,190,2026-08-16T22:17:24+08:00
575d84f0-1643-4c88-b95a-0292a1c0b102,M-1426,ORD-20260816-8170-0197,CONCESSION_ACCRUAL,45,1265,2026-08-16T21:57:31+08:00
cd40db0d-2af6-426d-b2d7-22d77fa19c10,M-1719,ORD-20260816-8744-0198,CONCESSION_ACCRUAL,20,391,2026-08-16T22:26:27+08:00
7023776f-1e5d-4400-be96-4d1012bef51f,M-1563,ORD-20260816-6761-0199,CONCESSION_ACCRUAL,8,459,2026-08-16T21:42:47+08:00
f57af505-d300-45aa-987c-c2c0742da948,M-1320,ORD-20260816-9831-0200,CONCESSION_ACCRUAL,41,1221,2026-08-16T19:00:55+08:00
1d3e5e49-2ce3-4a82-8ba4-500a5ae2f24d,M-1266,ORD-20260816-4802-0201,CONCESSION_ACCRUAL,20,158,2026-08-16T14:14:14+08:00
e045c7d3-c176-4713-b8f8-2876798711b8,M-1002,ORD-20260816-8312-0202,CONCESSION_ACCRUAL,12,372,2026-08-16T14:32:21+08:00
cefb0ea8-4681-47b7-882b-5a67b9c7e701,M-1830,ORD-20260816-3227-0203,CONCESSION_ACCRUAL,4,36,2026-08-16T23:17:59+08:00
6504f151-eee2-473c-8b91-b3accf4e735e,M-1311,ORD-20260816-1186-0204,CONCESSION_ACCRUAL,8,212,2026-08-16T22:55:43+08:00
f966bf1c-c478-4461-846e-d591d1b122ec,M-1859,ORD-20260816-9230-0205,CONCESSION_ACCRUAL,3,87,2026-08-16T21:12:50+08:00
c8e5cd20-f66f-4759-8de1-69d0b0e60903,M-1216,ORD-20260816-7121-0206,CONCESSION_ACCRUAL,13,523,2026-08-16T23:38:55+08:00
2ae13d87-22be-49f4-a62d-b68fc112ae18,M-1644,ORD-20260817-5649-0207,CONCESSION_ACCRUAL,8,543,2026-08-17T01:11:52+08:00
08e29357-198f-409b-8115-b3593fd050f6,M-1482,ORD-20260816-9929-0208,CONCESSION_ACCRUAL,7,458,2026-08-16T21:56:53+08:00
b7bf2cf1-5ad0-4b12-bce2-3051e63a7145,M-1272,ORD-20260816-4526-0209,CONCESSION_ACCRUAL,26,1181,2026-08-16T21:05:40+08:00
9a38c009-59ce-42c3-96c4-838d12c6ab7c,M-1269,ORD-20260816-6144-0210,CONCESSION_ACCRUAL,20,515,2026-08-16T19:45:48+08:00
497d961f-9ad3-4960-a41e-3c1738d5ff29,M-1863,ORD-20260816-5734-0211,CONCESSION_ACCRUAL,19,223,2026-08-16T13:37:55+08:00
70e7d39a-1da1-44ec-8c6b-40a53232d01f,M-1984,ORD-20260816-3434-0212,CONCESSION_ACCRUAL,7,222,2026-08-16T15:05:44+08:00
8f050296-6468-4d71-9eab-e9993c4f4a23,M-1811,ORD-20260817-4581-0213,CONCESSION_ACCRUAL,7,92,2026-08-17T00:12:04+08:00
7469aac2-e09a-4a30-9df9-d590cbbb6660,M-1825,ORD-20260816-4944-0214,CONCESSION_ACCRUAL,15,198,2026-08-16T22:17:59+08:00
2267201e-a7ff-4eba-a60b-868c48ea0de4,M-1100,ORD-20260817-6960-0215,CONCESSION_ACCRUAL,18,376,2026-08-17T00:10:58+08:00
981def66-43c5-4563-8b52-1ddbfefb5aed,M-1469,ORD-20260817-6314-0216,CONCESSION_ACCRUAL,15,433,2026-08-17T00:27:49+08:00
7d99a8b1-ba15-41ee-beaf-375eb2e7ebb8,M-2038,ORD-20260816-8482-0217,CONCESSION_ACCRUAL,17,118,2026-08-16T18:03:59+08:00
ca23e2a6-4b23-4c57-867e-eb72267be769,M-2085,ORD-20260816-5280-0218,CONCESSION_ACCRUAL,8,303,2026-08-16T13:12:51+08:00
c20fd561-ba9f-471e-9de6-e87f144b5dd0,M-1208,ORD-20260817-3318-0219,CONCESSION_ACCRUAL,9,3328,2026-08-17T04:11:28+08:00
276e7a3b-3599-4522-81ea-063894e57bd0,M-1330,ORD-20260816-3929-0220,CONCESSION_ACCRUAL,4,3498,2026-08-16T09:46:08+08:00
f09e9760-16aa-4ef3-986f-f6fec7f84f1c,M-2098,ORD-20260816-5421-0221,CONCESSION_ACCRUAL,25,159,2026-08-16T15:53:26+08:00
05639597-d196-4158-a3be-8d0cb8393526,M-1637,ORD-20260816-9055-0222,CONCESSION_ACCRUAL,45,1674,2026-08-16T22:26:50+08:00
33c27087-d86e-4868-9de5-cf664cc83451,M-1238,ORD-20260816-2160-0223,CONCESSION_ACCRUAL,18,201,2026-08-16T18:54:26+08:00
5c8dda77-e18f-4d82-9c12-32506d7842b8,M-1094,ORD-20260817-5150-0224,CONCESSION_ACCRUAL,18,365,2026-08-17T00:09:55+08:00
438eea44-7c34-4c0b-a59e-723afc5f24dc,M-1693,ORD-20260817-2432-0225,CONCESSION_ACCRUAL,8,83,2026-08-17T01:18:56+08:00
154694fd-31ba-418c-8c62-aa8451cae785,M-1693,TIER_UPGRADE_Silver_TO_Gold,TIER_BONUS,100,183,2026-08-17T01:18:56+08:00
314b86c7-eedd-459a-960f-d871c492f5fd,M-1591,ORD-20260816-6459-0226,CONCESSION_ACCRUAL,12,1750,2026-08-16T18:10:50+08:00
4a94d4a3-545c-4d3e-9a8c-47c6da053154,M-1417,ORD-20260816-6858-0227,CONCESSION_ACCRUAL,15,452,2026-08-16T15:40:22+08:00
4d967978-168f-4a30-a9a5-d3eab79120c9,M-1598,ORD-20260816-2632-0228,CONCESSION_ACCRUAL,56,206,2026-08-16T21:52:05+08:00
0986cf3a-aa31-4d9c-957a-7aaa36323886,M-1607,ORD-20260817-5099-0229,CONCESSION_ACCRUAL,15,466,2026-08-17T04:19:08+08:00
856b4426-689d-4cd4-9e0b-64ba530e73d7,M-1213,ORD-20260816-2690-0230,CONCESSION_ACCRUAL,16,239,2026-08-16T23:02:51+08:00
4b6c9a2c-8ca8-4954-9f29-15a8bc65742e,M-1747,ORD-20260816-8188-0231,CONCESSION_ACCRUAL,11,379,2026-08-16T18:15:27+08:00
62a0d31f-ad54-4d2c-b4e7-ea40146fc9d1,M-1483,ORD-20260816-7679-0232,CONCESSION_ACCRUAL,3,261,2026-08-16T17:13:22+08:00
e8373d69-6aa1-4124-b510-3c71d077a838,M-1338,ORD-20260816-7692-0233,CONCESSION_ACCRUAL,8,164,2026-08-16T05:25:29+08:00
966d6253-7d6e-4dee-8c9b-d3458d9ad59f,M-1345,ORD-20260816-6439-0234,CONCESSION_ACCRUAL,10,666,2026-08-16T17:24:47+08:00
669591b6-2e53-40f9-b917-0c63bf840bd3,M-1112,ORD-20260816-6541-0235,CONCESSION_ACCRUAL,18,1372,2026-08-16T23:36:10+08:00
752edc83-aa02-489d-b3d2-a45a05ec8244,M-1093,ORD-20260816-3464-0236,CONCESSION_ACCRUAL,9,102,2026-08-16T22:41:41+08:00
2d3be3c9-206e-45ba-9b77-6c74acea7ffe,M-2107,ORD-20260816-2320-0237,CONCESSION_ACCRUAL,13,139,2026-08-16T22:45:53+08:00
e4f7519e-00b4-4a22-aed5-35509c07713a,M-1382,ORD-20260816-6853-0238,CONCESSION_ACCRUAL,8,469,2026-08-16T21:28:16+08:00
b67fb4ab-6a11-46de-8159-c29ff7eaa31f,M-1805,ORD-20260816-6162-0239,CONCESSION_ACCRUAL,8,211,2026-08-16T20:49:26+08:00
afceccb4-5363-4c37-a0c6-ff5d8b1adfd7,M-1125,ORD-20260816-1168-0240,CONCESSION_ACCRUAL,20,723,2026-08-16T22:10:54+08:00
41549506-82c0-41bd-b722-e894a804719c,M-1863,ORD-20260816-7595-0241,CONCESSION_ACCRUAL,11,234,2026-08-16T12:28:36+08:00
8a47b506-a5fa-4d1b-900b-8e7dca8ad782,M-2049,ORD-20260816-1325-0242,CONCESSION_ACCRUAL,20,157,2026-08-16T02:54:42+08:00
4012d853-164d-4671-b19f-b9a2035938a8,M-1006,ORD-20260816-4676-0243,CONCESSION_ACCRUAL,10,158,2026-08-16T08:54:16+08:00
cb86eed3-65b7-48f7-99fe-543f2c858a7a,M-1267,ORD-20260816-9123-0244,CONCESSION_ACCRUAL,16,343,2026-08-16T19:03:00+08:00
2690808f-af09-4b62-9f29-9e2d8d42b59b,M-1510,ORD-20260816-8585-0245,CONCESSION_ACCRUAL,10,257,2026-08-16T17:20:14+08:00
3f475ced-8ec1-4dd0-9e97-f46d4ace108e,M-1337,ORD-20260816-4044-0246,CONCESSION_ACCRUAL,9,505,2026-08-16T14:49:25+08:00
0c943a26-a81f-4a06-a522-6667773f3925,M-1606,ORD-20260816-3771-0247,CONCESSION_ACCRUAL,9,553,2026-08-16T16:46:45+08:00
9b332a45-5642-4b46-8523-1348d80a1df7,M-1922,ORD-20260816-4162-0248,CONCESSION_ACCRUAL,28,418,2026-08-16T19:31:12+08:00
b3fda292-85b9-404e-b323-4545f90f10b4,M-1324,ORD-20260817-1927-0249,CONCESSION_ACCRUAL,8,108,2026-08-17T01:12:55+08:00
42366fbd-12c8-43b0-a632-11f0ed169f61,M-1406,ORD-20260816-9146-0250,CONCESSION_ACCRUAL,15,607,2026-08-16T23:04:46+08:00
5d6433d7-191b-48a0-a205-e52ef5b1048a,M-1249,ORD-20260817-5577-0251,CONCESSION_ACCRUAL,50,78,2026-08-17T01:29:09+08:00
d2bb46a3-693c-460b-982c-5bdd00ae465e,M-1969,ORD-20260816-4227-0252,CONCESSION_ACCRUAL,17,76,2026-08-16T21:29:15+08:00
3517c99b-fd55-49f9-b7f4-a786a7331409,M-1236,ORD-20260816-1072-0253,CONCESSION_ACCRUAL,35,213,2026-08-16T20:21:46+08:00
f65ea0fc-6859-4431-993f-d79afea59592,M-1129,ORD-20260816-6507-0254,CONCESSION_ACCRUAL,12,1206,2026-08-16T21:36:22+08:00
bff063f4-fb31-4a3d-99dd-ced3f1e28302,M-1736,ORD-20260817-7850-0255,CONCESSION_ACCRUAL,11,238,2026-08-17T02:44:23+08:00
ecd625e5-254a-443f-a0dd-f8d424415091,M-2048,ORD-20260816-7829-0256,CONCESSION_ACCRUAL,8,116,2026-08-16T23:20:46+08:00
2415faae-f531-4cc6-bdb5-142fe3e2f464,M-1217,ORD-20260816-8098-0257,CONCESSION_ACCRUAL,40,207,2026-08-16T19:31:20+08:00
c6dc32b2-3534-4ffb-9056-1341bca978cd,M-1629,ORD-20260816-6139-0258,CONCESSION_ACCRUAL,31,137,2026-08-16T22:54:25+08:00
bad969f4-8fc8-49e2-aa7b-31ccb1597b86,M-1699,ORD-20260816-7558-0259,CONCESSION_ACCRUAL,10,88,2026-08-16T17:03:43+08:00
6e1b1fab-73b1-4586-88dd-56e3da5e5b6f,M-1105,ORD-20260816-2450-0260,CONCESSION_ACCRUAL,30,348,2026-08-16T12:47:36+08:00
ea216ce3-9ae7-4de2-9168-c4d4bc823337,M-1149,ORD-20260816-6286-0261,CONCESSION_ACCRUAL,11,292,2026-08-16T23:10:51+08:00
c913ca40-c862-4b19-b960-95857f633e41,M-1769,ORD-20260816-9135-0262,CONCESSION_ACCRUAL,3,491,2026-08-16T20:07:04+08:00
1c09b6bf-3e08-4926-b00e-bc9075d296f1,M-1494,ORD-20260817-5313-0263,CONCESSION_ACCRUAL,25,394,2026-08-17T00:17:07+08:00
e62a3bcf-1eb9-45c5-a40e-47ce4e4bb449,M-1148,ORD-20260816-3791-0264,CONCESSION_ACCRUAL,3,170,2026-08-16T18:00:20+08:00
96f5ee57-88f9-4e28-a876-3b4963967477,M-1641,ORD-20260816-9257-0265,CONCESSION_ACCRUAL,3,209,2026-08-16T23:34:16+08:00
e2009212-94bf-4270-aee4-212868059648,M-1097,ORD-20260816-2550-0266,CONCESSION_ACCRUAL,33,185,2026-08-16T17:30:45+08:00
81bdb37c-4c9f-4591-866a-f4496ae4ffbe,M-1377,ORD-20260816-6433-0267,CONCESSION_ACCRUAL,26,484,2026-08-16T20:43:21+08:00
7efb5007-fbd4-4f6a-9b3d-2f6ad25de514,M-1053,ORD-20260816-5189-0268,CONCESSION_ACCRUAL,9,432,2026-08-16T15:05:22+08:00
55630971-e955-49b6-a84c-441ec59430cb,M-2148,ORD-20260816-9374-0269,CONCESSION_ACCRUAL,6,264,2026-08-16T21:13:29+08:00
0a8d5965-0754-43b3-9406-a02cf4de13b3,M-1527,ORD-20260816-2924-0270,CONCESSION_ACCRUAL,11,795,2026-08-16T14:20:50+08:00
a2bb411c-fb47-4424-8926-b90fa9444d54,M-2186,ORD-20260816-5234-0271,CONCESSION_ACCRUAL,15,355,2026-08-16T16:29:39+08:00
33c5e050-c651-4055-8746-099c1b1118a2,M-1574,ORD-20260816-7366-0272,CONCESSION_ACCRUAL,8,137,2026-08-16T21:08:41+08:00
fd93fda3-9912-443a-8b98-132197342974,M-1993,ORD-20260817-2580-0273,CONCESSION_ACCRUAL,56,210,2026-08-17T00:41:29+08:00
d3f26c7b-e00f-4f12-9951-dd4298dcc8b7,M-1436,ORD-20260816-8252-0274,CONCESSION_ACCRUAL,23,596,2026-08-16T20:07:49+08:00
10d6f328-218a-4d19-8ea4-12f4647a8598,M-1998,ORD-20260817-8647-0275,CONCESSION_ACCRUAL,28,110,2026-08-17T01:08:55+08:00
a76e731e-62e4-419f-bf7f-948911fe9784,M-1118,ORD-20260816-2055-0276,CONCESSION_ACCRUAL,15,163,2026-08-16T15:10:27+08:00
771ea9ef-7069-4e31-828c-be589a1eaab5,M-1184,ORD-20260816-8309-0277,CONCESSION_ACCRUAL,11,744,2026-08-16T20:44:00+08:00
17a5342f-6fed-48c9-bc82-bc87850bea30,M-1627,ORD-20260817-3984-0278,CONCESSION_ACCRUAL,29,553,2026-08-17T01:40:11+08:00
17815116-77d1-4c85-95d2-e03092ef9996,M-1872,ORD-20260816-7379-0279,CONCESSION_ACCRUAL,3,84,2026-08-16T21:53:10+08:00
89a0be9e-8071-4395-a3f5-7a8ac6e9a5b1,M-1287,ORD-20260816-4463-0280,CONCESSION_ACCRUAL,8,246,2026-08-16T23:50:20+08:00
f902b1fe-83dd-4d53-aee0-b0f99ce77fb2,M-1982,ORD-20260816-4309-0281,CONCESSION_ACCRUAL,13,60,2026-08-16T22:28:34+08:00
6c2b178f-0d56-4ea8-8a76-d1cf8c1ec080,M-1882,ORD-20260816-8206-0282,CONCESSION_ACCRUAL,8,59,2026-08-16T18:34:17+08:00
ddd22c74-4332-4b9b-9efa-835e502f157b,M-1217,ORD-20260816-6378-0283,CONCESSION_ACCRUAL,23,230,2026-08-16T16:51:51+08:00
0feae5a4-9b66-4416-9f55-b10a58302bc9,M-2094,ORD-20260816-1167-0284,CONCESSION_ACCRUAL,7,208,2026-08-16T19:25:55+08:00
21a1a55e-1f13-4a5b-b866-0e131bcad5db,M-1107,ORD-20260817-3085-0285,CONCESSION_ACCRUAL,11,101,2026-08-17T01:58:46+08:00
97c9e1c7-5b2e-4ece-a65c-075cc04e2bce,M-1626,ORD-20260816-6015-0286,CONCESSION_ACCRUAL,11,536,2026-08-16T14:16:24+08:00
dbe679e5-8557-4d32-840b-3e3832f2e40f,M-1559,ORD-20260816-1502-0287,CONCESSION_ACCRUAL,15,262,2026-08-16T10:26:38+08:00
810f50aa-d747-4341-88f4-002b7e50dff2,M-1138,ORD-20260816-5903-0288,CONCESSION_ACCRUAL,11,485,2026-08-16T14:50:56+08:00
f8b655d6-365f-4c84-aa4f-fd6f41ea8d9a,M-1634,ORD-20260816-2256-0289,CONCESSION_ACCRUAL,11,187,2026-08-16T17:48:19+08:00
7818f4bb-0919-4281-8847-65d3f620ff7e,M-1318,ORD-20260816-2985-0290,CONCESSION_ACCRUAL,30,164,2026-08-16T17:15:22+08:00
a4b63132-a7aa-4403-9282-d75d525a53cc,M-1965,ORD-20260816-6652-0291,CONCESSION_ACCRUAL,11,224,2026-08-16T22:42:03+08:00
6af7f994-2b45-49b4-b07f-37ff35569c19,M-1313,ORD-20260816-2667-0292,CONCESSION_ACCRUAL,9,465,2026-08-16T18:05:15+08:00
b629d48e-654f-4f1c-b344-ef6fa576d285,M-1562,ORD-20260816-6086-0293,CONCESSION_ACCRUAL,40,750,2026-08-16T22:49:35+08:00
19b8099e-590d-4258-a8c7-0f210658f4c5,M-1991,ORD-20260816-8069-0294,CONCESSION_ACCRUAL,15,102,2026-08-16T22:07:06+08:00
d4517947-dc81-4dcc-b120-d6fe16678110,M-2060,ORD-20260816-9524-0295,CONCESSION_ACCRUAL,6,111,2026-08-16T22:46:23+08:00
1eb24dcc-593a-4e21-b23e-f847dc78449f,M-1244,ORD-20260816-9576-0296,CONCESSION_ACCRUAL,39,509,2026-08-16T21:21:36+08:00
e7b2098f-64aa-4f27-8223-227ebe75cc1a,M-1128,ORD-20260817-5343-0297,CONCESSION_ACCRUAL,18,157,2026-08-17T00:17:28+08:00
51492561-383f-4380-a5c7-802163cab5d1,M-1366,ORD-20260816-7178-0298,CONCESSION_ACCRUAL,15,631,2026-08-16T14:16:00+08:00
94ea91d6-04b6-4b8b-ac82-b1e3f812e677,M-1915,ORD-20260816-9269-0299,CONCESSION_ACCRUAL,24,576,2026-08-16T21:35:00+08:00
d8ac1401-bbd7-4766-97ae-4f7310a4d5b2,M-1168,ORD-20260816-2409-0300,CONCESSION_ACCRUAL,18,240,2026-08-16T12:40:00+08:00
9535413a-41bc-444d-a0be-9da8d684f50c,M-1304,ORD-20260816-5363-0301,CONCESSION_ACCRUAL,3,408,2026-08-16T19:37:00+08:00
8cc2771f-fb04-4057-b66c-9dd4fe2090d1,M-2015,ORD-20260816-1285-0302,CONCESSION_ACCRUAL,16,138,2026-08-16T12:10:00+08:00
90ba593a-a7be-4048-8d67-4e9ea25c7b52,M-1269,ORD-20260816-5040-0303,CONCESSION_ACCRUAL,22,537,2026-08-16T17:51:00+08:00
2a07c8f2-7a90-4846-994f-c52bd0ed32ef,M-2111,ORD-20260816-7965-0304,CONCESSION_ACCRUAL,22,48,2026-08-16T21:32:00+08:00
dc5e6caf-e889-4b4d-a1f8-80248d5bfbd1,M-1358,ORD-20260816-7923-0305,CONCESSION_ACCRUAL,25,233,2026-08-16T15:03:00+08:00
fdf2baf8-dc78-4276-9935-ff21458866d3,M-1228,ORD-20260816-8100-0306,CONCESSION_ACCRUAL,22,77,2026-08-16T09:37:00+08:00
9824199d-4abc-4e9b-89fd-80e79d105370,M-1399,ORD-20260816-2384-0307,CONCESSION_ACCRUAL,7,213,2026-08-16T12:47:00+08:00
873c1fbc-e935-4be7-bbce-157e08ee5c64,M-1323,ORD-20260816-3667-0308,CONCESSION_ACCRUAL,16,479,2026-08-16T14:02:00+08:00
a7d96f44-1f56-4c27-800e-c181dd760ae3,M-1590,ORD-20260816-5157-0309,CONCESSION_ACCRUAL,8,222,2026-08-16T13:42:00+08:00
d074a66b-b9ba-4190-9367-90887433fbde,M-2065,ORD-20260816-2453-0310,CONCESSION_ACCRUAL,30,391,2026-08-16T21:06:00+08:00
cf047aee-b99c-4e8d-9da8-2e64a902119b,M-1929,ORD-20260816-4529-0311,CONCESSION_ACCRUAL,24,88,2026-08-16T11:40:00+08:00
fe76b177-486b-4874-8941-acdec3bbad14,M-1976,ORD-20260816-3868-0312,CONCESSION_ACCRUAL,12,174,2026-08-16T13:36:00+08:00
e89b272f-eaf9-4cb3-9dde-11f4cf2208fa,M-1060,ORD-20260816-4363-0313,CONCESSION_ACCRUAL,27,78,2026-08-16T20:07:00+08:00
c62fa10c-9df5-4e55-9efd-6f743f3cf636,M-1280,ORD-20260816-5524-0314,CONCESSION_ACCRUAL,13,456,2026-08-16T16:09:00+08:00
d4537689-a4bb-463e-b24d-c44409fbc508,M-1764,ORD-20260816-8026-0315,CONCESSION_ACCRUAL,3,620,2026-08-16T19:05:00+08:00
862c9fdf-c544-4309-a712-5d85b8d52074,M-1525,ORD-20260816-6018-0316,CONCESSION_ACCRUAL,7,383,2026-08-16T15:26:00+08:00
7c2dd1e5-30ad-44a6-8180-3b25b1f0dacc,M-1311,ORD-20260816-2946-0317,CONCESSION_ACCRUAL,16,228,2026-08-16T11:25:00+08:00
d08e9afa-50c1-4843-b71a-b76866eec524,M-1454,ORD-20260816-3260-0318,CONCESSION_ACCRUAL,9,1751,2026-08-16T10:45:00+08:00
ec677dcf-f2e7-408b-b3bc-a0c9f42f98b0,M-2141,ORD-20260816-9629-0319,CONCESSION_ACCRUAL,3,260,2026-08-16T22:56:00+08:00
fe1a332e-3292-4d93-afd3-7fa2eb1a059e,M-1583,ORD-20260816-9521-0320,CONCESSION_ACCRUAL,7,306,2026-08-16T16:28:00+08:00
5b1325aa-2a99-4949-b77b-9dd5f579bcef,M-1171,ORD-20260816-6557-0321,CONCESSION_ACCRUAL,10,108,2026-08-16T19:01:00+08:00
21250689-1241-4c25-8da1-6e84449adb4a,M-1991,ORD-20260816-6902-0322,CONCESSION_ACCRUAL,8,110,2026-08-16T13:49:00+08:00
42f89978-473b-43a9-9017-6e0390e916e9,M-1757,ORD-20260816-8423-0323,CONCESSION_ACCRUAL,21,283,2026-08-16T12:40:00+08:00
6196aa44-9179-40c1-8a73-a2386edf7c9e,M-1583,ORD-20260816-1453-0324,CONCESSION_ACCRUAL,11,317,2026-08-16T15:04:00+08:00
0e719ba8-1f89-49d2-8d51-f410637b6e5d,M-1427,ORD-20260816-9981-0325,CONCESSION_ACCRUAL,25,98,2026-08-16T18:04:00+08:00
53277155-e13a-4416-a48e-d09749dacb4b,M-1302,ORD-20260816-9529-0326,CONCESSION_ACCRUAL,11,257,2026-08-16T12:41:00+08:00
d8e6e375-ccc9-4374-9858-530ae83740b4,M-1640,ORD-20260816-7171-0327,CONCESSION_ACCRUAL,15,258,2026-08-16T22:54:00+08:00
fccf69be-c2a6-4e58-b329-1cfcd68e7031,M-1453,ORD-20260816-4482-0328,CONCESSION_ACCRUAL,30,311,2026-08-16T19:55:00+08:00
6c4d04f0-169b-41a6-9e61-31ccd0b3c7e1,M-1851,ORD-20260816-5906-0329,CONCESSION_ACCRUAL,20,230,2026-08-16T19:32:00+08:00
23d2771e-736d-4dc2-a750-853058f8cdac,M-1851,TIER_UPGRADE_Standard_TO_Silver,TIER_BONUS,50,280,2026-08-16T19:32:00+08:00
4506dfdd-5e83-4775-ae56-f13e3f91ad33,M-1060,ORD-20260816-4647-0330,CONCESSION_ACCRUAL,10,88,2026-08-16T10:34:00+08:00
d8c2adda-832f-4785-8da0-a10c8c073e5f,M-1220,ORD-20260816-5102-0331,CONCESSION_ACCRUAL,18,1931,2026-08-16T22:02:00+08:00
70009fbf-c102-4167-9588-5650466f4176,M-2068,ORD-20260816-4176-0332,CONCESSION_ACCRUAL,12,95,2026-08-16T21:32:00+08:00
a179954c-f6d7-414c-ab23-fbdb3db0b93c,M-2033,ORD-20260816-7189-0333,CONCESSION_ACCRUAL,72,154,2026-08-16T16:43:00+08:00
74147ec4-edd8-46df-bd2c-a8dd35e580d7,M-1836,ORD-20260816-1419-0334,CONCESSION_ACCRUAL,28,625,2026-08-16T11:27:00+08:00
41ab90ec-a00c-41a1-96e9-744d818436d8,M-1048,ORD-20260816-4743-0335,CONCESSION_ACCRUAL,33,524,2026-08-16T18:05:00+08:00
dec47e74-c99e-4016-8faf-3a831251d26d,M-1896,ORD-20260816-8503-0336,CONCESSION_ACCRUAL,26,312,2026-08-16T22:44:00+08:00
8e71630a-b4d3-4841-97a5-65829457b7e0,M-2013,ORD-20260816-9051-0337,CONCESSION_ACCRUAL,12,89,2026-08-16T20:38:00+08:00
a782e1b5-24f3-41b5-b3be-3de5bf30b12c,M-1831,ORD-20260816-7779-0338,CONCESSION_ACCRUAL,3,98,2026-08-16T20:01:00+08:00
f4a6885d-7c72-443e-bfda-a02b2337b7fb,M-2196,ORD-20260816-2769-0339,CONCESSION_ACCRUAL,11,351,2026-08-16T10:20:00+08:00
f9a29c1b-c404-4f35-a3fd-775f1dd68347,M-2016,ORD-20260816-7379-0340,CONCESSION_ACCRUAL,25,302,2026-08-16T19:10:00+08:00
a50cc698-d7e5-4564-be20-8a5bc38c2314,M-1899,ORD-20260816-9958-0341,CONCESSION_ACCRUAL,21,221,2026-08-16T15:39:00+08:00
3fe7adfa-0dbf-47da-aca9-b896722811ac,M-1979,ORD-20260816-6703-0342,CONCESSION_ACCRUAL,11,149,2026-08-16T17:01:00+08:00
6cb8a36f-5863-42ad-bc47-1d9e41ad9070,M-1209,ORD-20260816-3315-0343,CONCESSION_ACCRUAL,23,453,2026-08-16T22:03:00+08:00
85a13a22-244f-43f2-8ebe-1c513c3ceb34,M-1444,ORD-20260816-7058-0344,CONCESSION_ACCRUAL,13,3151,2026-08-16T13:43:00+08:00
b106b676-12d8-4108-bb9f-8775797be192,M-1602,ORD-20260816-4414-0345,CONCESSION_ACCRUAL,12,733,2026-08-16T11:41:00+08:00
01d14484-dbfe-4964-9c4a-894928e4aa51,M-1008,ORD-20260816-5497-0346,CONCESSION_ACCRUAL,8,87,2026-08-16T14:02:00+08:00
e4e39154-7fcd-4f91-8310-79aa4fadc7d5,M-1432,ORD-20260816-3884-0347,CONCESSION_ACCRUAL,27,3466,2026-08-16T14:01:00+08:00
6cd8f342-cf50-4043-9ec8-732fc995613e,M-1403,ORD-20260816-6771-0348,CONCESSION_ACCRUAL,40,2646,2026-08-16T11:12:00+08:00
fec8bcbe-2351-41c7-bb9f-8433bb0e60a8,M-1367,ORD-20260816-4202-0349,CONCESSION_ACCRUAL,10,618,2026-08-16T18:06:00+08:00
781f84a6-9f33-4dd7-ada3-7d761369d449,M-1098,ORD-20260816-1784-0350,CONCESSION_ACCRUAL,53,556,2026-08-16T16:54:00+08:00
eaba13b3-cb78-4170-b23f-a70ffeca9c07,M-2057,ORD-20260816-1566-0351,CONCESSION_ACCRUAL,9,98,2026-08-16T18:49:00+08:00
695f5a53-d74c-4e64-b92f-1724df7cf399,M-2040,ORD-20260816-1022-0352,CONCESSION_ACCRUAL,8,176,2026-08-16T09:48:00+08:00
e38d99e6-483b-4803-8129-90c2338f9ca7,M-1433,ORD-20260816-1485-0353,CONCESSION_ACCRUAL,3,129,2026-08-16T09:49:00+08:00
fc4303f8-9f8b-48ea-bc02-57b34b868147,M-1105,ORD-20260816-8259-0354,CONCESSION_ACCRUAL,13,361,2026-08-16T11:34:00+08:00
694dcecd-6660-406e-ad56-2e718e39066b,M-1337,ORD-20260816-9764-0355,CONCESSION_ACCRUAL,22,527,2026-08-16T10:27:00+08:00
f5924aae-92d7-482a-8798-3564365ab587,M-1757,ORD-20260816-5250-0356,CONCESSION_ACCRUAL,45,328,2026-08-16T09:27:00+08:00
ba25762d-a2de-4686-a408-e1b07822fdb9,M-1555,ORD-20260816-8675-0357,CONCESSION_ACCRUAL,10,119,2026-08-16T11:21:00+08:00
b0bd1b88-2871-4411-8a4f-981f50f50b7b,M-1930,ORD-20260816-6112-0358,CONCESSION_ACCRUAL,7,72,2026-08-16T13:38:00+08:00
c5880131-15a5-4296-8f19-09c43a550b1f,M-1925,ORD-20260816-7426-0359,CONCESSION_ACCRUAL,16,99,2026-08-16T20:34:00+08:00
06b92923-4e68-49ae-944b-7dfa76d5e16f,M-1421,ORD-20260816-7764-0360,CONCESSION_ACCRUAL,18,569,2026-08-16T16:33:00+08:00
7cc2f89e-6827-4a53-a2fa-10238aff8eab,M-1614,ORD-20260816-9998-0361,CONCESSION_ACCRUAL,15,352,2026-08-16T19:53:00+08:00
41b2b3b8-3582-4e37-95e5-6e2314ecad60,M-1784,ORD-20260816-1909-0362,CONCESSION_ACCRUAL,8,467,2026-08-16T18:55:00+08:00
c7ef750a-6e1d-44bf-8fa6-37324775b5ce,M-1793,ORD-20260816-9822-0363,CONCESSION_ACCRUAL,9,1180,2026-08-16T14:14:00+08:00
64fa2138-7170-4dae-8dd5-6a6637d8745a,M-2095,ORD-20260816-5244-0364,CONCESSION_ACCRUAL,8,311,2026-08-16T09:00:00+08:00
af05da1c-8e8a-4568-b3e8-942e8465c93d,M-2119,ORD-20260816-4809-0365,CONCESSION_ACCRUAL,30,205,2026-08-16T19:37:00+08:00
30bbbfaf-2216-425e-b246-03a223547200,M-1066,ORD-20260816-4731-0366,CONCESSION_ACCRUAL,18,400,2026-08-16T10:53:00+08:00
520db191-ac90-455b-877c-d1db1eff788b,M-1325,ORD-20260816-1298-0367,CONCESSION_ACCRUAL,8,90,2026-08-16T13:26:00+08:00
396164e0-d44b-4312-8dd3-d76215bd0c2a,M-1102,ORD-20260816-7526-0368,CONCESSION_ACCRUAL,3,97,2026-08-16T19:11:00+08:00
50b725fe-dc95-4468-8db8-5a499f5dfa3b,M-1978,ORD-20260816-8130-0369,CONCESSION_ACCRUAL,19,198,2026-08-16T17:37:00+08:00
f21c48ba-9688-420e-bdf1-fffc4e60157c,M-1821,ORD-20260816-6155-0370,CONCESSION_ACCRUAL,15,214,2026-08-16T10:40:00+08:00
ecea1f33-33f0-4733-a9a8-fbac0b0c62b1,M-1021,ORD-20260816-6953-0371,CONCESSION_ACCRUAL,13,606,2026-08-16T09:55:00+08:00
fb16f2eb-7dba-411a-a2be-0d062eb977c4,M-1773,ORD-20260816-3513-0372,CONCESSION_ACCRUAL,3,53,2026-08-16T14:09:00+08:00
551e8d79-fd6f-4516-b8ce-eadf394182bf,M-1396,ORD-20260816-5546-0373,CONCESSION_ACCRUAL,15,320,2026-08-16T19:25:00+08:00
68fb59f9-7dba-4dfb-ad1f-2a3c20cc6a31,M-1665,ORD-20260816-7811-0374,CONCESSION_ACCRUAL,20,51,2026-08-16T17:05:00+08:00
bb54633f-ad0d-4010-8b33-6d85f4b41553,M-2163,ORD-20260816-3007-0375,CONCESSION_ACCRUAL,11,237,2026-08-16T12:25:00+08:00
ec09ad10-8d1f-4da4-8dc2-f3a247594e05,M-1858,ORD-20260816-7427-0376,CONCESSION_ACCRUAL,12,21,2026-08-16T22:25:00+08:00
aead5e1c-4105-4ef2-b254-4cf9a6064b38,M-1747,ORD-20260816-3285-0377,CONCESSION_ACCRUAL,26,405,2026-08-16T15:14:00+08:00
f4406359-d41c-4582-9813-a73be75831dc,M-1970,ORD-20260816-5781-0378,CONCESSION_ACCRUAL,9,181,2026-08-16T15:38:00+08:00
aa5b9b00-d284-4ebc-b7a3-3c14d6d461ab,M-1548,ORD-20260816-5421-0379,CONCESSION_ACCRUAL,58,424,2026-08-16T13:06:00+08:00
c5d4739e-a567-4ed3-9882-7fadc0af57b5,M-1929,ORD-20260816-3191-0380,CONCESSION_ACCRUAL,10,98,2026-08-16T18:10:00+08:00
e753cf02-67eb-40bd-bac6-402323e6cf0b,M-1124,ORD-20260816-3244-0381,CONCESSION_ACCRUAL,43,317,2026-08-16T17:35:00+08:00
53131358-9cf1-45e3-b807-6b755a30a298,M-1254,ORD-20260816-2902-0382,CONCESSION_ACCRUAL,28,338,2026-08-16T15:09:00+08:00
a06f5cea-f01c-4d7c-ab2b-0c26c145e8aa,M-1747,ORD-20260816-3028-0383,CONCESSION_ACCRUAL,3,408,2026-08-16T13:59:00+08:00
3a1463a7-7123-4b9f-bd71-b091470c647d,M-1625,ORD-20260816-7054-0384,CONCESSION_ACCRUAL,9,2623,2026-08-16T14:54:00+08:00
e5be5f79-7a96-42db-91c1-0ab35a9a88f3,M-1127,ORD-20260816-2244-0385,CONCESSION_ACCRUAL,23,161,2026-08-16T10:14:00+08:00
73f606eb-880f-4497-a484-403ebb978fc0,M-1228,ORD-20260816-5138-0386,CONCESSION_ACCRUAL,11,88,2026-08-16T17:43:00+08:00
e6b8c073-24a1-4ee9-9d06-7eebc2c79154,M-1072,ORD-20260816-5769-0387,CONCESSION_ACCRUAL,15,248,2026-08-16T10:00:00+08:00
879bae8f-25f4-4af5-881f-4726df1bdf3e,M-1251,ORD-20260816-6892-0388,CONCESSION_ACCRUAL,15,246,2026-08-16T20:34:00+08:00
d9f1f179-5d2f-41a3-9367-204294b9f812,M-1388,ORD-20260816-8784-0389,CONCESSION_ACCRUAL,3,311,2026-08-16T15:44:00+08:00
4760ffdc-fb4a-4fbe-a475-bffc747a0c2c,M-1178,ORD-20260816-4116-0390,CONCESSION_ACCRUAL,16,311,2026-08-16T15:45:00+08:00
2a62ca57-493f-48b8-891b-c74410d44cdd,M-1587,ORD-20260816-2599-0391,CONCESSION_ACCRUAL,9,1069,2026-08-16T16:47:00+08:00
dc84ec9c-8bf0-4a83-9bc5-b10ee237847f,M-1226,ORD-20260816-8168-0392,CONCESSION_ACCRUAL,27,1298,2026-08-16T19:51:00+08:00
0a23a89e-ae62-4f2c-9d2b-f6d99ae692f3,M-1423,ORD-20260816-6412-0393,CONCESSION_ACCRUAL,21,90,2026-08-16T15:35:00+08:00
a49826a5-52d0-44ae-8780-86487a84db0d,M-1291,ORD-20260816-4678-0394,CONCESSION_ACCRUAL,20,421,2026-08-16T12:50:00+08:00
eb35d1f4-4eec-463e-a1a0-9e35d04e0993,M-1458,ORD-20260816-1934-0395,CONCESSION_ACCRUAL,15,38,2026-08-16T19:33:00+08:00
cbb51ce7-6f03-40f8-95cc-14e0e50cb552,M-1271,ORD-20260816-7333-0396,CONCESSION_ACCRUAL,11,120,2026-08-16T10:49:00+08:00
d0a33c7c-bb6d-4dd3-8f5f-f3acc79cc08e,M-2061,ORD-20260816-1117-0397,CONCESSION_ACCRUAL,16,164,2026-08-16T19:41:00+08:00
