ledger_id,member_id,source_reference_id,transaction_type,points_delta,resulting_balance,created_at
45a010c3-4fa0-452f-b993-2a2be3fc93e2,M-1733,SESS-20260824-7670-0000,RENTAL_ACCRUAL,28,138,2026-08-24T20:15:00+08:00
531d1477-a6fc-4c85-831d-24736ae4758c,M-1607,SESS-20260824-5475-0001,RENTAL_REDEMPTION,-200,347,2026-08-24T12:45:00+08:00
2418b477-773d-48ec-91a6-54ec18857641,M-1607,SESS-20260824-5475-0001,RENTAL_ACCRUAL,15,362,2026-08-24T17:45:00+08:00
85810777-a18b-483e-9f70-b837817be67f,M-2104,SESS-20260824-9275-0002,RENTAL_REDEMPTION,-100,12,2026-08-24T14:45:00+08:00
07094ffc-7d4e-47fe-ac89-ce040463620a,M-2104,SESS-20260824-9275-0002,RENTAL_ACCRUAL,31,43,2026-08-24T17:45:00+08:00
8ffd8237-7b26-46ef-9040-70bd52304472,M-1055,SESS-20260824-8164-0003,RENTAL_ACCRUAL,28,476,2026-08-25T03:30:00+08:00
7103208b-35ab-46a2-8256-29174461489e,M-1858,SESS-20260824-6858-0004,RENTAL_ACCRUAL,16,165,2026-08-24T15:15:00+08:00
e7a72860-4609-47ea-97b0-2bf91f7b09d8,M-1930,SESS-20260824-3266-0005,RENTAL_ACCRUAL,16,76,2026-08-25T01:15:00+08:00
ea7542e7-18f9-490e-ae7c-54f8b5fdd33a,M-2008,SESS-20260824-2131-0006,RENTAL_ACCRUAL,24,109,2026-08-24T13:00:00+08:00
c9e24f73-15a9-4248-9462-abc17bdf1269,M-2007,SESS-20260824-4549-0007,RENTAL_ACCRUAL,15,157,2026-08-24T22:45:00+08:00
93d33715-5b27-48e9-afb4-1047743bac2f,M-1971,SESS-20260824-1314-0008,RENTAL_ACCRUAL,16,224,2026-08-24T21:15:00+08:00
19436abe-fa55-43ca-a611-197705e02fee,M-1403,SESS-20260824-7453-0009,RENTAL_ACCRUAL,30,2787,2026-08-25T01:00:00+08:00
92fc85f0-e3b6-4265-af96-ec11d1b3866d,M-1578,SESS-20260824-8095-0010,RENTAL_ACCRUAL,28,337,2026-08-24T15:00:00+08:00
a85668ea-b9d8-45c2-8f17-6850125024d8,M-1005,SESS-20260824-1941-0011,RENTAL_ACCRUAL,5,122,2026-08-24T15:30:00+08:00
1d23c2fd-08b0-48cb-9459-85688d349872,M-1111,SESS-20260824-1692-0012,RENTAL_ACCRUAL,16,172,2026-08-24T16:15:00+08:00
d42c8ab1-9aa6-448c-9f68-99216c1e233b,M-1324,SESS-20260824-1599-0013,RENTAL_ACCRUAL,5,65,2026-08-24T22:15:00+08:00
7dd12648-27c2-4abf-928d-68efb7d2d194,M-1567,SESS-20260824-7390-0014,RENTAL_ACCRUAL,9,226,2026-08-24T21:30:00+08:00
961fdff7-9358-458d-97ff-17f7c8e21664,M-1950,SESS-20260824-2878-0015,RENTAL_REDEMPTION,-100,14,2026-08-24T19:45:00+08:00
95228e6c-9aa7-4513-84b6-5354c0cb77eb,M-1950,SESS-20260824-2878-0015,RENTAL_ACCRUAL,31,45,2026-08-24T22:45:00+08:00
7d7a5cb1-a6a6-4288-9eb7-8fd8cecd85d1,M-1950,TIER_UPGRADE_Standard_TO_Silver,TIER_BONUS,50,95,2026-08-24T22:45:00+08:00
813e4c8f-c62f-4c70-a6f7-529f71153288,M-1244,SESS-20260824-3417-0016,RENTAL_ACCRUAL,67,700,2026-08-24T19:15:00+08:00
e036de15-6fc0-4ef7-b640-858e5306f6b5,M-1244,TIER_UPGRADE_Silver_TO_Gold,TIER_BONUS,100,800,2026-08-24T19:15:00+08:00
d65ceaa9-7721-4b77-bfbd-cd34165f4828,M-1674,SESS-20260824-2163-0017,RENTAL_ACCRUAL,11,628,2026-08-24T20:00:00+08:00
29fae0f3-9ef7-48d7-80b9-169db36125cc,M-1679,SESS-20260824-7418-0018,RENTAL_ACCRUAL,12,570,2026-08-24T23:30:00+08:00
7e59d0f7-221f-4fba-8de2-bfa74c3e0622,M-2105,SESS-20260824-5467-0019,RENTAL_ACCRUAL,11,440,2026-08-24T18:45:00+08:00
5386f1d4-e0c2-40cf-a1a9-ff324bf45558,M-1484,SESS-20260824-7685-0020,RENTAL_ACCRUAL,11,492,2026-08-24T21:15:00+08:00
860bc538-ff19-49ab-b0b2-e2012d1c9b93,M-1987,SESS-20260824-2605-0021,RENTAL_ACCRUAL,10,133,2026-08-24T14:15:00+08:00
c6ff4e0a-596d-41ed-979c-0ae512909ec8,M-1172,SESS-20260824-6719-0022,RENTAL_ACCRUAL,30,1028,2026-08-25T02:30:00+08:00
66671a0d-f7f8-44db-a99b-86a17eaf8ab9,M-1824,SESS-20260824-1431-0023,RENTAL_ACCRUAL,5,254,2026-08-24T19:30:00+08:00
314fd5e9-f308-4ba5-b1e6-cc0826dd0c02,M-1881,SESS-20260824-9881-0024,RENTAL_ACCRUAL,25,97,2026-08-24T23:15:00+08:00
6d3385da-7175-43b9-bba3-83213f293295,M-1044,SESS-20260824-7368-0025,RENTAL_ACCRUAL,6,622,2026-08-24T19:15:00+08:00
876c6581-90d1-4378-a304-d937fdd59206,M-1377,SESS-20260824-3318-0026,RENTAL_ACCRUAL,18,362,2026-08-25T00:45:00+08:00
6492bac8-5fde-480d-b858-817079f9b344,M-1942,SESS-20260824-7460-0027,RENTAL_ACCRUAL,16,298,2026-08-24T16:15:00+08:00
10d55dcc-cd4d-4175-b995-588747298a4a,M-1988,SESS-20260824-3002-0028,RENTAL_ACCRUAL,16,133,2026-08-24T22:45:00+08:00
58cd7c7b-b9c0-48e8-8982-585f1924fc93,M-2046,SESS-20260824-8475-0029,RENTAL_ACCRUAL,15,108,2026-08-24T22:45:00+08:00
74812700-fe89-444c-a025-c33fcd482d5c,M-1822,SESS-20260824-4476-0030,RENTAL_ACCRUAL,27,377,2026-08-24T21:00:00+08:00
3f956809-261d-4c95-aeb1-d87a9d82a4f9,M-1035,SESS-20260824-8593-0031,RENTAL_ACCRUAL,16,344,2026-08-24T19:00:00+08:00
99df8427-e538-4e4c-a5f3-9131d374175f,M-1891,SESS-20260824-8680-0032,RENTAL_ACCRUAL,5,337,2026-08-24T22:15:00+08:00
5f57bfae-4a21-4556-9781-04061f78296e,M-1905,SESS-20260824-3278-0033,RENTAL_ACCRUAL,108,415,2026-08-25T03:15:00+08:00
dc146646-9f61-4def-8d58-c49be9ddf832,M-1733,SESS-20260824-9539-0034,RENTAL_ACCRUAL,5,143,2026-08-24T23:30:00+08:00
f027ed83-2d2a-4a00-9c2f-0038a54b217a,M-1699,SESS-20260824-2176-0035,RENTAL_REDEMPTION,-200,19,2026-08-24T23:35:00+08:00
ef06baad-b95a-4d9e-80a6-d8a337d16876,M-1699,SESS-20260824-2176-0035,RENTAL_ACCRUAL,4,23,2026-08-25T02:35:00+08:00
025e0eb9-4c94-4329-a75b-d07ca9c842ff,M-1882,SESS-20260824-9428-0036,RENTAL_REDEMPTION,-200,67,2026-08-24T15:00:00+08:00
8775812f-3eba-46b4-895f-4c11c5b7f2d7,M-1882,SESS-20260824-9428-0036,RENTAL_ACCRUAL,32,99,2026-08-24T23:00:00+08:00
babe3db6-99fa-4b8c-b061-4e5772d30e61,M-1259,SESS-20260824-9669-0037,RENTAL_ACCRUAL,5,401,2026-08-24T07:15:00+08:00
bdc44f81-1f67-4e45-8619-e54e28a96602,M-1694,SESS-20260824-1191-0038,RENTAL_REDEMPTION,-100,287,2026-08-24T14:45:00+08:00
20652f13-2566-40fd-b331-1c75ac5e339a,M-1694,SESS-20260824-1191-0038,RENTAL_ACCRUAL,10,297,2026-08-24T17:45:00+08:00
0822f21a-b075-4829-9d29-e7e562860190,M-1992,SESS-20260824-6082-0039,RENTAL_ACCRUAL,11,231,2026-08-24T05:30:00+08:00
9d895c35-f9a0-4140-af80-b29d6b325000,M-1520,SESS-20260824-6322-0040,RENTAL_ACCRUAL,6,1001,2026-08-25T00:15:00+08:00
aa4639c9-d248-4194-b6ae-0158e17c1f98,M-1958,SESS-20260824-4435-0041,RENTAL_REDEMPTION,-100,131,2026-08-24T14:45:00+08:00
f4739147-6cc5-45e6-b307-c04f235084d9,M-1958,SESS-20260824-4435-0041,RENTAL_ACCRUAL,10,141,2026-08-24T17:45:00+08:00
cf864547-750a-485c-adcf-68e5fbe70cc3,M-1958,TIER_UPGRADE_Standard_TO_Silver,TIER_BONUS,50,191,2026-08-24T17:45:00+08:00
72c1a027-ea70-4875-ae75-5026d8c378db,M-1569,SESS-20260824-6013-0042,RENTAL_ACCRUAL,18,215,2026-08-24T15:15:00+08:00
9bfbab85-e678-451f-982b-cb89f9993b0d,M-1037,SESS-20260824-9222-0043,RENTAL_REDEMPTION,-300,498,2026-08-24T22:45:00+08:00
1c3e7e5b-52d6-4ca5-bf5a-154ab5c6ed2a,M-1037,SESS-20260824-9222-0043,RENTAL_ACCRUAL,7,505,2026-08-25T03:45:00+08:00
5556141c-016b-49a8-9cad-e8129c7fdef6,M-2170,SESS-20260824-9538-0044,RENTAL_REDEMPTION,-100,23,2026-08-24T09:45:00+08:00
3774b9ef-1afa-421f-9bf6-b32c46d66715,M-2170,SESS-20260824-9538-0044,RENTAL_ACCRUAL,19,42,2026-08-24T12:45:00+08:00
b08ad6b0-f94c-47a4-b363-eea4cc908a8f,M-1744,SESS-20260824-1480-0045,RENTAL_ACCRUAL,16,916,2026-08-24T23:45:00+08:00
894723b5-fa4d-4b49-a274-14ca5dca9a41,M-1616,SESS-20260824-4903-0046,RENTAL_ACCRUAL,9,632,2026-08-24T16:20:00+08:00
2c111d7e-600f-4e76-bef4-c2fe564f42a6,M-2127,SESS-20260824-6552-0047,RENTAL_ACCRUAL,40,135,2026-08-25T01:15:00+08:00
c8444d33-dabe-4861-97d1-1e019b7b0b28,M-2127,TIER_UPGRADE_Standard_TO_Silver,TIER_BONUS,50,185,2026-08-25T01:15:00+08:00
d918895c-5fd6-43da-b540-fc4cba3c09b6,M-1046,SESS-20260824-2021-0048,RENTAL_ACCRUAL,19,1053,2026-08-24T23:45:00+08:00
69a5e2c7-2004-417c-87f2-8387487aef37,M-1112,SESS-20260824-9420-0049,RENTAL_ACCRUAL,28,1551,2026-08-24T23:15:00+08:00
7c7baf8d-924f-4d21-8718-2ed2785bd438,M-1482,SESS-20260824-8125-0050,RENTAL_ACCRUAL,45,462,2026-08-25T03:30:00+08:00
d1c1fe09-3f22-4348-a823-6a04da88cdc5,M-1794,SESS-20260824-7413-0051,RENTAL_ACCRUAL,16,212,2026-08-25T00:00:00+08:00
630e71e1-b570-4c0a-b088-88037d5bbb63,M-1230,SESS-20260824-8193-0052,RENTAL_ACCRUAL,9,203,2026-08-24T23:15:00+08:00
047be867-58be-4930-a9d5-a1844a744799,M-1657,SESS-20260824-5149-0053,RENTAL_ACCRUAL,27,785,2026-08-25T01:30:00+08:00
a0bd5dc1-1c35-4135-8345-0de00ff1179f,M-1596,SESS-20260824-4527-0054,RENTAL_ACCRUAL,43,545,2026-08-24T19:00:00+08:00
d5435c54-0629-4d8a-bcbb-9444af8cce38,M-1052,SESS-20260824-6742-0055,RENTAL_ACCRUAL,11,415,2026-08-24T23:00:00+08:00
3e5a561d-af30-4118-8daf-6573896612f1,M-1496,SESS-20260824-5956-0056,RENTAL_ACCRUAL,27,624,2026-08-25T01:00:00+08:00
c4006550-f6d4-4a27-a4ad-3233cc479caa,M-2111,SESS-20260824-7753-0057,RENTAL_ACCRUAL,10,130,2026-08-24T16:30:00+08:00
216a449e-ffd0-4e71-9fed-bf6a48d33567,M-1477,SESS-20260824-6370-0058,RENTAL_ACCRUAL,40,275,2026-08-24T21:00:00+08:00
13a00222-2615-43aa-b49b-d9333ce17a07,M-1469,SESS-20260824-9744-0059,RENTAL_ACCRUAL,5,535,2026-08-24T18:30:00+08:00
e6be9a40-044f-447d-bd89-bcb076040254,M-1113,SESS-20260824-5053-0060,RENTAL_ACCRUAL,18,1054,2026-08-24T22:05:00+08:00
5a72c316-da84-4d5c-8d58-64261863733d,M-1650,SESS-20260824-4058-0061,RENTAL_ACCRUAL,11,128,2026-08-24T17:15:00+08:00
7322da8b-f081-4d52-a990-e825470785f4,M-1587,SESS-20260824-3874-0062,RENTAL_ACCRUAL,12,1144,2026-08-24T18:45:00+08:00
7f0d2d1f-d5e4-42f5-a884-8c8438c380c8,M-1314,SESS-20260824-7753-0063,RENTAL_ACCRUAL,72,545,2026-08-24T17:30:00+08:00
aa32df24-6922-4c72-a781-2652014f18ac,M-1524,SESS-20260824-7436-0064,RENTAL_REDEMPTION,-100,73,2026-08-24T21:30:00+08:00
a64b2791-904b-473c-a929-ebb2be84487e,M-1524,SESS-20260824-7436-0064,RENTAL_ACCRUAL,20,93,2026-08-25T00:30:00+08:00
deff89c0-93b2-46dc-9951-4e873a4620af,M-1898,SESS-20260824-4730-0065,RENTAL_ACCRUAL,16,135,2026-08-25T01:30:00+08:00
2f38fed1-b4ba-46d4-af67-ae8dadbcd30a,M-1683,SESS-20260824-2485-0066,RENTAL_ACCRUAL,19,952,2026-08-24T18:30:00+08:00
7bbf05af-8aff-4b1b-b02a-0ac4a76796c9,M-2171,SESS-20260824-5500-0067,RENTAL_ACCRUAL,18,137,2026-08-24T18:15:00+08:00
18c5675e-7a3a-42e7-8e08-7dac0af446ff,M-1809,SESS-20260824-4112-0068,RENTAL_ACCRUAL,19,643,2026-08-24T19:15:00+08:00
f405cbfd-e162-478a-ac27-01f0a5a27c07,M-1764,SESS-20260824-5022-0069,RENTAL_ACCRUAL,6,382,2026-08-24T20:15:00+08:00
b6e2ed4f-e6b6-425a-9834-85e0f08a9ed1,M-1203,SESS-20260824-6888-0070,RENTAL_ACCRUAL,28,172,2026-08-24T20:45:00+08:00
83f9ccf3-e027-4c68-88db-901b8ed808ce,M-2177,SESS-20260824-3915-0071,RENTAL_ACCRUAL,40,209,2026-08-24T16:15:00+08:00
50a14971-2933-42ab-83b4-e20faac7253e,M-2060,SESS-20260824-2410-0072,RENTAL_ACCRUAL,24,151,2026-08-24T17:45:00+08:00
e2903723-1ddf-484e-9c92-a78d0ea90777,M-1827,SESS-20260824-5038-0073,RENTAL_ACCRUAL,9,628,2026-08-24T19:40:00+08:00
ca82f252-e019-478c-82b9-100667bf1e8f,M-1748,SESS-20260824-6057-0074,RENTAL_ACCRUAL,6,678,2026-08-24T15:00:00+08:00
38d31e88-c6b6-484b-a520-b7f861f59066,M-1183,SESS-20260824-3741-0075,RENTAL_ACCRUAL,16,530,2026-08-24T15:15:00+08:00
f7f3895b-2b21-4ca4-ae8e-f67897b36c20,M-2029,SESS-20260824-7076-0076,RENTAL_REDEMPTION,-200,0,2026-08-24T18:00:00+08:00
3f9d72e6-1afc-4194-82da-b64ef54ed2de,M-2029,SESS-20260824-7076-0076,RENTAL_ACCRUAL,6,6,2026-08-24T20:00:00+08:00
794ff64e-0b24-4f49-9d0b-d4977a9c8054,M-1668,SESS-20260824-2031-0077,RENTAL_ACCRUAL,5,168,2026-08-24T17:45:00+08:00
273dea15-190a-41bc-b61e-41d6447552fb,M-1173,SESS-20260824-8100-0078,RENTAL_REDEMPTION,-100,173,2026-08-24T23:05:00+08:00
e2f2bcf8-3218-44c0-9645-0030c5db5c10,M-1173,SESS-20260824-8100-0078,RENTAL_ACCRUAL,4,177,2026-08-25T01:05:00+08:00
a9b3678e-8ecc-4102-b050-5184b56791e9,M-1976,SESS-20260824-9253-0079,RENTAL_ACCRUAL,16,116,2026-08-24T20:30:00+08:00
d485a200-cac0-4127-9514-5c0783077bdf,M-1526,SESS-20260824-6474-0080,RENTAL_REDEMPTION,-100,1172,2026-08-24T21:15:00+08:00
b9ef0a61-bff7-4faa-8c3d-2465bd98ecb0,M-1526,SESS-20260824-6474-0080,RENTAL_ACCRUAL,40,1212,2026-08-25T02:15:00+08:00
60299fc8-24b3-48b4-abe3-3efa00c8d6e0,M-1927,SESS-20260824-2274-0081,RENTAL_ACCRUAL,5,85,2026-08-24T23:00:00+08:00
90ac1cd1-6499-409a-8929-1ecd4d1d73ed,M-1084,SESS-20260824-5190-0082,RENTAL_ACCRUAL,27,358,2026-08-24T17:15:00+08:00
a9c6aac6-406c-433b-ad64-1c23e621480f,M-1465,SESS-20260824-1464-0083,RENTAL_ACCRUAL,48,906,2026-08-25T04:30:00+08:00
22cae1a9-1afb-4ce9-9b0a-609eb5496cfc,M-1811,SESS-20260824-6964-0084,RENTAL_ACCRUAL,27,170,2026-08-25T00:30:00+08:00
ea8ee1c6-bd03-4e76-8a0a-e6a7f8c2792a,M-1831,SESS-20260824-4597-0085,RENTAL_REDEMPTION,-100,49,2026-08-24T14:30:00+08:00
04f19c5d-b3d0-4697-a58f-9f1c637124fa,M-1831,SESS-20260824-4597-0085,RENTAL_ACCRUAL,5,54,2026-08-24T16:30:00+08:00
e8efd0bb-c5d7-46f8-9750-d63f05ec79f7,M-2154,SESS-20260824-6717-0086,RENTAL_ACCRUAL,25,171,2026-08-25T00:15:00+08:00
2c65edc8-75d2-456a-8895-9956ba3f9701,M-1054,SESS-20260824-7286-0087,RENTAL_ACCRUAL,11,161,2026-08-24T15:00:00+08:00
e4db46eb-3003-4e9b-9c7a-ce3a5b2de6af,M-1185,SESS-20260824-3903-0088,RENTAL_ACCRUAL,16,336,2026-08-24T18:45:00+08:00
b8eb474b-661b-40d8-8f75-f095ba772511,M-1625,SESS-20260824-5273-0089,RENTAL_ACCRUAL,48,2929,2026-08-24T22:15:00+08:00
1d4f2345-c7d7-47db-bca0-d89d6bae21e5,M-1079,SESS-20260824-9156-0090,RENTAL_ACCRUAL,30,413,2026-08-24T18:45:00+08:00
b3be13fd-ace2-43a7-8a4b-92fa8cfd25e4,M-1778,SESS-20260824-1070-0091,RENTAL_ACCRUAL,45,205,2026-08-24T23:45:00+08:00
43d98807-7d1c-4d18-a422-a4449e5a60f9,M-1216,SESS-20260824-9243-0092,RENTAL_REDEMPTION,-200,419,2026-08-24T17:15:00+08:00
5452d4f8-c4af-43a1-8798-5c6e20792bce,M-1216,SESS-20260824-9243-0092,RENTAL_ACCRUAL,33,452,2026-08-24T22:15:00+08:00
0656d0d6-a653-45a8-87b8-f10502d577fd,M-1021,SESS-20260824-9489-0093,RENTAL_ACCRUAL,48,634,2026-08-25T02:00:00+08:00
e7b8aeb9-3efc-4de9-936d-501f59604b6b,M-1428,SESS-20260824-2079-0094,RENTAL_ACCRUAL,18,126,2026-08-25T01:55:00+08:00
8fec9fd8-4c15-404b-bef9-0e6be2c530d8,M-1363,SESS-20260824-1221-0095,RENTAL_ACCRUAL,18,368,2026-08-24T21:45:00+08:00
113d1251-cdfd-4ab1-a24d-41c6277635de,M-1828,SESS-20260824-1247-0096,RENTAL_REDEMPTION,-200,164,2026-08-24T22:50:00+08:00
d80d1bc5-32b0-4c73-b7ae-5f1bae2cd750,M-1828,SESS-20260824-1247-0096,RENTAL_ACCRUAL,4,168,2026-08-25T01:50:00+08:00
689a41d0-4f3e-466c-84d8-1739115a6367,M-2098,SESS-20260824-7192-0097,RENTAL_REDEMPTION,-100,68,2026-08-24T23:10:00+08:00
0e8574f9-3fc2-416d-8a6d-198b33c6e2c6,M-2098,SESS-20260824-7192-0097,RENTAL_ACCRUAL,21,89,2026-08-25T04:10:00+08:00
bc737afb-39ba-49dd-ba22-64ec9fa36a3d,M-2115,SESS-20260824-9732-0098,RENTAL_ACCRUAL,40,179,2026-08-25T01:00:00+08:00
050d93ca-8af4-4385-b419-7ef24fde7aa5,M-1216,SESS-20260824-7473-0099,RENTAL_ACCRUAL,12,464,2026-08-25T00:55:00+08:00
5ca433ef-799d-4252-9075-4a65e40e3a7e,M-1182,SESS-20260824-6805-0100,RENTAL_ACCRUAL,11,116,2026-08-24T21:30:00+08:00
53ec9f2e-0486-4ad1-8677-d0dad65f8876,M-1725,SESS-20260824-9893-0101,RENTAL_REDEMPTION,-100,44,2026-08-24T14:30:00+08:00
de9c441f-9ec9-432d-bc65-81e7db074261,M-1725,SESS-20260824-9893-0101,RENTAL_ACCRUAL,10,54,2026-08-24T17:30:00+08:00
d0a3c907-3964-475e-92a6-ab033364352f,M-2017,SESS-20260824-6010-0102,RENTAL_ACCRUAL,5,189,2026-08-24T23:15:00+08:00
86c2b605-f47f-45ac-b985-35b245b77320,M-1542,SESS-20260824-6372-0103,RENTAL_ACCRUAL,11,296,2026-08-25T01:55:00+08:00
a2f1a9dd-3a7c-4ed7-8960-c7ec7fc094e3,M-1154,SESS-20260824-2034-0104,RENTAL_ACCRUAL,5,53,2026-08-24T23:55:00+08:00
af8c2b17-c2b3-4e1d-b1fb-89886a6a2aef,M-1538,SESS-20260824-4413-0105,RENTAL_ACCRUAL,16,120,2026-08-25T01:45:00+08:00
b67b0111-ad6f-489a-ba35-c39d24847778,M-1643,SESS-20260824-8171-0106,RENTAL_REDEMPTION,-100,324,2026-08-24T15:00:00+08:00
c82675ac-e32c-409a-a7ca-7fc7b8815892,M-1643,SESS-20260824-8171-0106,RENTAL_ACCRUAL,2,326,2026-08-24T16:00:00+08:00
9cece082-3a58-40fc-92c6-12a3032eea3d,M-1109,SESS-20260824-5597-0107,RENTAL_ACCRUAL,5,712,2026-08-24T18:55:00+08:00
3c18142c-1316-4034-82a6-4bccffeea3c4,M-1567,SESS-20260824-2879-0108,RENTAL_REDEMPTION,-100,126,2026-08-24T23:00:00+08:00
b960d381-7b5a-4b1e-b07b-018def7a83b0,M-1567,SESS-20260824-2879-0108,RENTAL_ACCRUAL,34,160,2026-08-25T02:00:00+08:00
0960400c-de51-42fc-a112-c181633c1294,M-1406,SESS-20260824-2299-0109,RENTAL_REDEMPTION,-100,460,2026-08-24T22:00:00+08:00
7cd568af-b941-4fde-a642-16c1c13b1892,M-1406,SESS-20260824-2299-0109,RENTAL_ACCRUAL,5,465,2026-08-25T00:00:00+08:00
819f1951-4b13-47e8-ba40-04451991c825,M-1226,SESS-20260824-5392-0110,RENTAL_ACCRUAL,6,1400,2026-08-24T22:15:00+08:00
cb7a8522-2264-469b-a5fe-97181a9cc912,M-1086,SESS-20260824-9191-0111,RENTAL_ACCRUAL,11,239,2026-08-24T18:00:00+08:00
f2075c1d-a7a6-4f59-a902-2ed64d92fd56,M-1431,SESS-20260824-7383-0112,RENTAL_ACCRUAL,11,841,2026-08-24T23:15:00+08:00
bd8dcd02-8549-4a11-b38b-00f4b7806b42,M-1814,SESS-20260824-6524-0113,RENTAL_ACCRUAL,45,130,2026-08-25T03:45:00+08:00
fa08dc8a-16e8-4421-adbd-e141dda8f109,M-1365,SESS-20260824-9801-0114,RENTAL_ACCRUAL,18,105,2026-08-24T18:15:00+08:00
751cb33d-7353-468b-b668-11c12ff93710,M-1362,SESS-20260824-5348-0115,RENTAL_ACCRUAL,16,362,2026-08-24T08:00:00+08:00
9d6d9bf2-b2f7-452c-8a0c-55106978fa80,M-1193,SESS-20260824-1865-0116,RENTAL_REDEMPTION,-100,7,2026-08-24T20:00:00+08:00
d752d51c-0d2d-4e26-8db6-68af8f1186b2,M-1193,SESS-20260824-1865-0116,RENTAL_ACCRUAL,2,9,2026-08-24T21:00:00+08:00
9e2a83ec-2ac1-488f-990c-75b82a71788b,M-1010,SESS-20260824-9851-0117,RENTAL_ACCRUAL,18,602,2026-08-24T22:45:00+08:00
7ce8e9b9-b440-4612-9844-046be9d7d05c,M-1753,SESS-20260824-9043-0118,RENTAL_ACCRUAL,11,582,2026-08-25T00:45:00+08:00
c6c6dbfd-a49c-4ee7-9c37-ff9386eeec8f,M-1598,SESS-20260824-1126-0119,RENTAL_ACCRUAL,11,247,2026-08-24T21:30:00+08:00
62899e53-6345-42f8-956a-2d998106f3d4,M-1876,SESS-20260824-1517-0120,RENTAL_REDEMPTION,-100,89,2026-08-24T13:15:00+08:00
556064e0-1186-4db4-a09e-9c6f8eac2d64,M-1876,SESS-20260824-1517-0120,RENTAL_ACCRUAL,5,94,2026-08-24T15:15:00+08:00
f8acd5a3-8d85-4187-962e-5653de5e31c7,M-1868,SESS-20260824-6682-0121,RENTAL_ACCRUAL,15,52,2026-08-24T20:15:00+08:00
b3101b68-1665-409a-80de-573b7dea84bc,M-1868,SESS-20260824-3945-0122,RENTAL_ACCRUAL,15,67,2026-08-25T02:25:00+08:00
fb6b675d-6e61-4d59-977e-781b7495d689,M-1585,SESS-20260824-2720-0123,RENTAL_REDEMPTION,-100,396,2026-08-24T20:30:00+08:00
5c81d0f8-d8cc-4f81-a177-baaa4a0f76a3,M-1585,SESS-20260824-2720-0123,RENTAL_ACCRUAL,21,417,2026-08-24T23:30:00+08:00
5d73be22-d03d-45db-af0c-dda827763e64,M-1879,SESS-20260824-9345-0124,RENTAL_ACCRUAL,8,149,2026-08-24T20:45:00+08:00
2eccff38-94a0-4508-8218-1a2a1451c4b2,M-1652,SESS-20260824-8004-0125,RENTAL_ACCRUAL,18,78,2026-08-24T15:15:00+08:00
cb06289c-72fa-4e1e-9702-a434592ce374,M-1049,SESS-20260824-8095-0126,RENTAL_ACCRUAL,72,116,2026-08-25T00:30:00+08:00
066b4ee8-5523-4c1d-a50b-97551a3ca821,M-1816,SESS-20260824-1301-0127,RENTAL_ACCRUAL,40,230,2026-08-24T08:00:00+08:00
dae95d86-0b24-4d2b-b06b-0088f085be74,M-1760,SESS-20260824-3020-0128,RENTAL_ACCRUAL,11,648,2026-08-24T17:00:00+08:00
4841ae5a-493b-4a81-8ff4-7af5c93426ae,M-1565,SESS-20260824-9664-0129,RENTAL_ACCRUAL,14,823,2026-08-24T13:30:00+08:00
1c35f6c0-4261-4fb0-86ad-519e5caeb0dd,M-1343,SESS-20260824-3315-0130,RENTAL_REDEMPTION,-100,104,2026-08-24T20:45:00+08:00
8096d79e-3714-4d32-af1c-5d6e2a6ac8a4,M-1343,SESS-20260824-3315-0130,RENTAL_ACCRUAL,5,109,2026-08-24T22:45:00+08:00
19ee161c-4cbb-42e5-8d00-86db24c70473,M-1174,SESS-20260824-3811-0131,RENTAL_ACCRUAL,5,144,2026-08-24T19:50:00+08:00
820a2071-6cf3-4fd1-80ba-40d292168168,M-1472,SESS-20260824-1732-0132,RENTAL_ACCRUAL,11,326,2026-08-24T15:00:00+08:00
8b76fbb5-951d-4286-939f-c71fd9af9313,M-1533,SESS-20260824-1564-0133,RENTAL_ACCRUAL,30,132,2026-08-25T03:45:00+08:00
7d211a19-97f8-4150-b483-1f3b3b79c971,M-1529,SESS-20260824-7222-0134,RENTAL_ACCRUAL,16,103,2026-08-25T01:50:00+08:00
a47a741b-d52d-420a-9be3-ce7d4e195b72,M-1663,SESS-20260824-6159-0135,RENTAL_ACCRUAL,16,238,2026-08-24T22:05:00+08:00
7a0d4229-5bd7-44d8-95a3-0099ab847b11,M-2136,SESS-20260824-1643-0136,RENTAL_ACCRUAL,15,116,2026-08-24T23:15:00+08:00
db5068d8-078c-4a7d-ab1d-9de7a2c211dd,M-1359,SESS-20260824-9058-0137,RENTAL_REDEMPTION,-100,948,2026-08-24T15:05:00+08:00
1b7733eb-b773-478e-8d63-59ccba20db26,M-1359,SESS-20260824-9058-0137,RENTAL_ACCRUAL,4,952,2026-08-24T17:05:00+08:00
5efdbf82-2ebb-4a1b-afd0-e51da3e399ac,M-1606,SESS-20260824-3650-0138,RENTAL_ACCRUAL,9,470,2026-08-24T22:45:00+08:00
b74c3927-0a44-4f97-8727-f71cc30dd3f5,M-1807,SESS-20260824-6600-0139,RENTAL_ACCRUAL,18,235,2026-08-24T18:45:00+08:00
10f1333e-2384-4c0e-bdd6-30983a122561,M-2128,SESS-20260824-4220-0140,RENTAL_ACCRUAL,27,472,2026-08-24T22:00:00+08:00
7ca8c857-bb9f-486a-bb82-04bfb1620778,M-1141,SESS-20260824-7059-0141,RENTAL_ACCRUAL,5,218,2026-08-24T23:15:00+08:00
7bf572c0-b63f-4d9d-9fa8-e8b8b7ae9a23,M-1677,SESS-20260824-3779-0142,RENTAL_ACCRUAL,12,609,2026-08-24T04:55:00+08:00
22a78c47-8b93-402f-a0ea-f28a5870c14a,M-1509,SESS-20260824-4043-0143,RENTAL_ACCRUAL,18,356,2026-08-25T00:25:00+08:00
cfddda28-f9c0-49fa-af46-8c98dde55299,M-1617,SESS-20260824-4515-0144,RENTAL_ACCRUAL,16,112,2026-08-25T02:20:00+08:00
7076e974-ad1a-4262-b8da-237756cd6c92,M-1133,SESS-20260824-6965-0145,RENTAL_ACCRUAL,18,355,2026-08-25T01:00:00+08:00
cd0ce41e-d337-4473-b936-7b3176ce7ed9,M-2016,SESS-20260824-5407-0146,RENTAL_ACCRUAL,28,205,2026-08-24T21:45:00+08:00
85bdbf95-63ae-464e-8121-763b2c6c88f4,M-1861,SESS-20260824-3799-0147,RENTAL_ACCRUAL,16,227,2026-08-24T20:20:00+08:00
6d636149-4a32-4cc0-9bf8-f4d06e13a575,M-1901,SESS-20260824-4995-0148,RENTAL_ACCRUAL,8,64,2026-08-24T17:25:00+08:00
2b8cde4d-5e36-44a7-b8bb-135a30816b88,M-1552,SESS-20260824-6174-0149,RENTAL_REDEMPTION,-100,74,2026-08-24T12:55:00+08:00
044287d9-8126-4cb6-90ba-e960766c49c9,M-1552,SESS-20260824-6174-0149,RENTAL_ACCRUAL,2,76,2026-08-24T13:55:00+08:00
d3bbf694-411b-45da-9677-a5d5a2a3cf36,M-1345,SESS-20260824-8817-0150,RENTAL_ACCRUAL,28,743,2026-08-25T02:30:00+08:00
3e3f21b3-c94d-4f16-887b-cb6a00d0b7fc,M-1345,TIER_UPGRADE_Silver_TO_Gold,TIER_BONUS,100,843,2026-08-25T02:30:00+08:00
96a6d297-21f3-4195-aefe-fe2c443747b2,M-1052,SESS-20260824-4328-0151,RENTAL_ACCRUAL,11,426,2026-08-25T01:30:00+08:00
516cad13-8788-4be6-b1c7-136b200e15fe,M-2100,SESS-20260824-9467-0152,RENTAL_ACCRUAL,27,294,2026-08-24T18:20:00+08:00
83adcb9c-ca95-4dc0-a31e-06050b38dcbf,M-1684,SESS-20260824-7695-0153,RENTAL_ACCRUAL,28,800,2026-08-24T14:00:00+08:00
c6e14862-96ff-4c3f-bf77-6371a4298820,M-1629,SESS-20260824-3089-0154,RENTAL_ACCRUAL,5,63,2026-08-24T22:45:00+08:00
109f2711-1b43-4d6f-9eb0-eff1643d4974,M-1415,SESS-20260824-9980-0155,RENTAL_REDEMPTION,-100,340,2026-08-24T13:00:00+08:00
7ebf9511-503d-4575-8e90-8d1c8ba28371,M-1415,SESS-20260824-9980-0155,RENTAL_ACCRUAL,10,350,2026-08-24T16:00:00+08:00
1d41d0f1-cc03-42a8-ba7b-afda0a7f6715,M-1988,SESS-20260824-4913-0156,RENTAL_ACCRUAL,45,178,2026-08-25T06:45:00+08:00
65e71053-7fd7-4714-8055-1994bbf23b4a,M-1372,SESS-20260824-7702-0157,RENTAL_ACCRUAL,9,236,2026-08-24T18:45:00+08:00
9bd43839-b73c-4270-a9e2-6810185aaed8,M-1318,SESS-20260824-3126-0158,RENTAL_ACCRUAL,27,155,2026-08-25T00:45:00+08:00
589e156c-c796-4752-8f9d-bba2e90ef646,M-1316,SESS-20260824-8523-0159,RENTAL_ACCRUAL,18,170,2026-08-24T15:30:00+08:00
8c9004c9-caa8-4463-b2f8-a2c80bcdc6eb,M-1618,SESS-20260824-4853-0160,RENTAL_REDEMPTION,-200,5,2026-08-24T19:15:00+08:00
a059f907-bced-4296-aef5-84c09f52908c,M-1618,SESS-20260824-4853-0160,RENTAL_ACCRUAL,5,10,2026-08-24T21:15:00+08:00
8cb09445-5301-46b9-b34b-7cff23d5b762,M-1661,SESS-20260824-7009-0161,RENTAL_ACCRUAL,9,2833,2026-08-24T22:20:00+08:00
33d66f75-19e1-4255-9a48-24b69cd54eb3,M-2198,SESS-20260824-2900-0162,RENTAL_ACCRUAL,8,14,2026-08-25T00:15:00+08:00
523cc93a-4a57-4c27-9ea5-bb4156e26a57,M-1742,SESS-20260824-5541-0163,RENTAL_ACCRUAL,11,61,2026-08-24T20:50:00+08:00
e9820f16-8566-4c4e-be3f-4341cbbe379c,M-1153,SESS-20260824-3622-0164,RENTAL_ACCRUAL,5,452,2026-08-24T19:00:00+08:00
44d893f6-e8e3-4e16-a539-a7725c01867d,M-1059,SESS-20260824-6535-0165,RENTAL_ACCRUAL,27,205,2026-08-25T01:30:00+08:00
72ca610b-0531-436f-896e-372c509c7589,M-1738,SESS-20260824-9396-0166,RENTAL_ACCRUAL,27,238,2026-08-25T01:30:00+08:00
c4513db0-4e9b-497c-8bef-039ea5f65d1a,M-1582,SESS-20260824-9428-0167,RENTAL_ACCRUAL,5,624,2026-08-24T20:00:00+08:00
c5c4ee2b-9b0a-44cc-a901-9382fb0762d4,M-1024,SESS-20260824-2666-0168,RENTAL_REDEMPTION,-200,33,2026-08-24T18:55:00+08:00
2b481f42-466d-4340-bcac-b2620086082f,M-1024,SESS-20260824-2666-0168,RENTAL_ACCRUAL,14,47,2026-08-24T21:55:00+08:00
696fbd5a-454b-4f2a-9bcf-1c7559939c91,M-1080,SESS-20260824-1050-0169,RENTAL_REDEMPTION,-100,353,2026-08-24T21:00:00+08:00
7eda1e83-646b-4a81-919b-2f2991d7020a,M-1080,SESS-20260824-1050-0169,RENTAL_ACCRUAL,35,388,2026-08-25T00:00:00+08:00
ae846f25-2331-4abd-8ab5-cf2326769649,M-1501,SESS-20260824-5099-0170,RENTAL_ACCRUAL,45,154,2026-08-25T03:10:00+08:00
7270e136-44f5-44a5-925d-bab73a0d89f2,M-1929,SESS-20260824-4721-0171,RENTAL_ACCRUAL,16,155,2026-08-24T18:10:00+08:00
1f3253e2-ac30-4ae2-842f-7259d10187dd,M-2053,SESS-20260824-8771-0172,RENTAL_ACCRUAL,72,503,2026-08-25T02:30:00+08:00
bb3dd6fd-9990-4921-9122-8e04b0c01c48,M-1754,SESS-20260824-3315-0173,RENTAL_REDEMPTION,-100,172,2026-08-24T18:45:00+08:00
790d4546-975b-4bc6-a9ba-16a0bb77bc1e,M-1754,SESS-20260824-3315-0173,RENTAL_ACCRUAL,61,233,2026-08-24T23:45:00+08:00
0ee47748-bae4-4c2c-97b6-5b2e34a8a04d,M-1871,SESS-20260824-7808-0174,RENTAL_ACCRUAL,10,168,2026-08-24T22:00:00+08:00
7229101a-7314-43e3-9210-9ebc79c85ee0,M-2124,SESS-20260824-3091-0175,RENTAL_ACCRUAL,5,196,2026-08-24T21:15:00+08:00
671cb9b9-a937-4e7e-b5b8-c757fe3f1ea6,M-1073,SESS-20260824-4293-0176,RENTAL_REDEMPTION,-100,9,2026-08-24T23:50:00+08:00
bf538f63-160e-420f-a767-015fcbc52bf5,M-1073,SESS-20260824-4293-0176,RENTAL_ACCRUAL,38,47,2026-08-25T04:50:00+08:00
92229172-498c-4d7d-acbf-d3f450d00f7a,M-1568,SESS-20260824-1763-0177,RENTAL_REDEMPTION,-100,289,2026-08-24T05:00:00+08:00
a31d47ec-2ff9-4cb4-a1a6-e0dd3c5e68c5,M-1568,SESS-20260824-1763-0177,RENTAL_ACCRUAL,5,294,2026-08-24T07:00:00+08:00
a8596f78-e734-4599-91ce-036534e1c846,M-1579,SESS-20260824-1088-0178,RENTAL_ACCRUAL,48,2699,2026-08-25T03:45:00+08:00
bff03e76-91c3-4298-83af-257eadd4400a,M-1949,SESS-20260824-1668-0179,RENTAL_ACCRUAL,40,254,2026-08-24T11:00:00+08:00
039f725b-1916-48e2-aa1f-d96516e59077,M-2173,SESS-20260824-1524-0180,RENTAL_ACCRUAL,15,149,2026-08-24T19:00:00+08:00
0dbf707d-9134-4c52-b1f4-2a6ce114b249,M-1550,SESS-20260824-7020-0181,RENTAL_ACCRUAL,11,88,2026-08-24T19:00:00+08:00
b61f9a4a-10f5-4b74-93b2-d5bfed59a4db,M-1323,SESS-20260824-9233-0182,RENTAL_ACCRUAL,67,546,2026-08-24T23:15:00+08:00
40a03da4-b9ae-4bae-a087-c0c0a7aed291,M-1050,SESS-20260824-2702-0183,RENTAL_ACCRUAL,11,358,2026-08-25T00:45:00+08:00
c22e5d3a-4dd7-42be-9c2e-048a574a9ca6,M-1574,SESS-20260824-9096-0184,RENTAL_REDEMPTION,-100,123,2026-08-24T22:15:00+08:00
8bb6dc1c-aaa5-4a54-90b9-12d0e8d1d616,M-1574,SESS-20260824-9096-0184,RENTAL_ACCRUAL,10,133,2026-08-25T01:15:00+08:00
3c3950c2-f7fc-47fe-8441-a64d5187af05,M-1385,SESS-20260824-8329-0185,RENTAL_ACCRUAL,16,484,2026-08-24T21:50:00+08:00
a7ef62c4-e264-49b3-a76d-d39b7aeb14ed,M-2165,SESS-20260824-1649-0186,RENTAL_ACCRUAL,5,25,2026-08-24T18:45:00+08:00
69c80b70-4dce-4b46-ac31-c1cf22cff4bd,M-2082,SESS-20260824-1357-0187,RENTAL_ACCRUAL,10,81,2026-08-25T00:30:00+08:00
23bfc2f7-75d5-4690-beeb-e0dcadd5b457,M-1095,SESS-20260824-4600-0188,RENTAL_REDEMPTION,-100,155,2026-08-24T15:30:00+08:00
a7fe174e-10d5-4c02-9d6c-5d26f959cf02,M-1095,SESS-20260824-4600-0188,RENTAL_ACCRUAL,10,165,2026-08-24T18:30:00+08:00
d8007dd6-4f14-4ed7-b7b8-e5561a3020c9,M-1880,SESS-20260824-3164-0189,RENTAL_ACCRUAL,8,67,2026-08-24T12:00:00+08:00
f20903be-70c7-41c5-8b66-9f55d8c22792,M-1826,SESS-20260824-4432-0190,RENTAL_ACCRUAL,27,191,2026-08-25T00:30:00+08:00
156bb8c8-121d-4d08-bb20-f5fcb94bb7d7,M-1876,SESS-20260824-1790-0191,RENTAL_ACCRUAL,36,130,2026-08-24T23:30:00+08:00
cd86aba3-52af-4da2-a69c-d9bbc63b6c71,M-1876,TIER_UPGRADE_Standard_TO_Silver,TIER_BONUS,50,180,2026-08-24T23:30:00+08:00
83364374-db38-4650-b72e-f6e54b1fc368,M-1297,SESS-20260824-9242-0192,RENTAL_ACCRUAL,16,296,2026-08-24T20:45:00+08:00
7e26bf57-02d1-4f94-86f3-28a96f9c084d,M-1411,SESS-20260824-7183-0193,RENTAL_ACCRUAL,28,616,2026-08-25T01:10:00+08:00
f169fa25-1ff6-4df6-aa3a-9ae7c9221035,M-1321,SESS-20260824-1627-0194,RENTAL_ACCRUAL,5,357,2026-08-24T22:15:00+08:00
7f8ed270-9075-46d3-a2b7-4f718b1523c9,M-1890,SESS-20260824-6825-0195,RENTAL_ACCRUAL,40,79,2026-08-25T03:55:00+08:00
3262716c-2d6f-4ccb-96ae-798c9efd677d,M-2000,SESS-20260824-1229-0196,RENTAL_ACCRUAL,45,529,2026-08-25T03:35:00+08:00
32e6e6b6-858d-4afa-b0ff-fd04c941dbff,M-1143,SESS-20260824-6526-0197,RENTAL_ACCRUAL,12,4099,2026-08-24T19:05:00+08:00
51aa7dde-6a4c-4f8e-833d-1f17ce5f49f2,M-1369,SESS-20260824-5585-0198,RENTAL_ACCRUAL,5,624,2026-08-24T20:45:00+08:00
46677338-a8bd-401a-acc9-063de61de714,M-1591,SESS-20260824-9704-0199,RENTAL_ACCRUAL,43,1854,2026-08-25T02:40:00+08:00
98acdbb6-7680-4560-9021-499d0d1c03c6,M-1473,SESS-20260824-6248-0200,RENTAL_ACCRUAL,11,294,2026-08-24T23:30:00+08:00
26d01630-7dc7-4964-ba28-178fc7ed4bf8,M-1301,SESS-20260824-3602-0201,RENTAL_ACCRUAL,13,69,2026-08-25T00:45:00+08:00
cb8e26c0-c5ef-4a14-9033-01397b5be499,M-1347,SESS-20260824-4249-0202,RENTAL_ACCRUAL,43,3328,2026-08-24T22:05:00+08:00
e3c4696a-f17b-4961-9c70-827f7c3a7c5d,M-1795,SESS-20260824-6656-0203,RENTAL_ACCRUAL,18,75,2026-08-24T15:15:00+08:00
41c132eb-6d01-4f83-9140-f31e33f5bebd,M-1968,SESS-20260824-4081-0204,RENTAL_ACCRUAL,9,289,2026-08-24T22:55:00+08:00
046defd9-9dbb-40c1-b440-2c50c28b7141,M-1222,SESS-20260824-9575-0205,RENTAL_REDEMPTION,-100,803,2026-08-24T09:45:00+08:00
3a8ac817-791c-4f38-a4a8-4f71456c545f,M-1222,SESS-20260824-9575-0205,RENTAL_ACCRUAL,5,808,2026-08-24T11:45:00+08:00
762dc677-3fa8-41c9-94e1-a969143b3944,M-1893,SESS-20260824-8687-0206,RENTAL_ACCRUAL,15,135,2026-08-25T00:30:00+08:00
801b3790-fd14-4480-aa2b-6958d53c206c,M-2170,SESS-20260824-8898-0207,RENTAL_ACCRUAL,5,47,2026-08-24T21:15:00+08:00
cbd6bbf3-127b-4908-ab06-85ea0a3c2ee5,M-1374,SESS-20260824-8077-0208,RENTAL_REDEMPTION,-100,749,2026-08-24T21:30:00+08:00
a023d17f-6ce7-4b16-97b2-bc337f5d7e53,M-1374,SESS-20260824-8077-0208,RENTAL_ACCRUAL,11,760,2026-08-24T23:30:00+08:00
31d27856-57f4-48af-aa21-f2b38eb73517,M-1581,SESS-20260824-3989-0209,RENTAL_ACCRUAL,18,325,2026-08-25T00:30:00+08:00
2b18da57-dbe5-4237-94de-1c826bd7facf,M-1067,SESS-20260824-4763-0210,RENTAL_ACCRUAL,6,399,2026-08-24T23:05:00+08:00
8a45188a-ce97-4824-a9de-1f6d0cc84471,M-1144,SESS-20260824-4806-0211,RENTAL_REDEMPTION,-100,115,2026-08-24T23:25:00+08:00
03acf44a-3d1a-4654-9234-d60e2366a9ca,M-1144,SESS-20260824-4806-0211,RENTAL_ACCRUAL,5,120,2026-08-25T01:25:00+08:00
a3409321-c94a-433b-b4d8-bbc92ece3c16,M-2032,SESS-20260824-9449-0212,RENTAL_ACCRUAL,27,204,2026-08-25T00:15:00+08:00
38e09030-433a-4151-ac65-19b22a476610,M-1201,SESS-20260824-5763-0213,RENTAL_ACCRUAL,9,660,2026-08-24T14:15:00+08:00
8baa8c82-0c44-4ba6-a6d2-12cfafc85d6a,M-1857,SESS-20260824-1551-0214,RENTAL_ACCRUAL,11,39,2026-08-24T20:45:00+08:00
a161a8ba-c513-489d-8c1c-d82f60cf74f6,M-2072,SESS-20260824-9985-0215,RENTAL_ACCRUAL,5,342,2026-08-24T23:15:00+08:00
3717c1f3-c6ce-45d0-8b58-8631bfe64cb3,M-1157,SESS-20260824-2807-0216,RENTAL_ACCRUAL,9,329,2026-08-24T19:00:00+08:00
0e728ba6-dbe5-4620-a042-3b3df7d07bd8,M-1368,SESS-20260824-3178-0217,RENTAL_ACCRUAL,27,329,2026-08-24T22:00:00+08:00
5269b706-ffc8-48f1-8450-ee087f43a5fb,M-1151,SESS-20260824-2030-0218,RENTAL_ACCRUAL,11,195,2026-08-25T00:20:00+08:00
2318f8d7-5268-4d1d-93af-bbf07e9d747e,M-1611,SESS-20260824-8912-0219,RENTAL_ACCRUAL,18,432,2026-08-24T22:15:00+08:00
f0068ce2-6ad5-4c35-aaed-e9e92faae5ba,M-2010,SESS-20260824-7638-0220,RENTAL_ACCRUAL,15,142,2026-08-25T01:30:00+08:00
8bf67776-99d4-4d7a-8a6a-bed78fb268d7,M-2010,TIER_UPGRADE_Standard_TO_Silver,TIER_BONUS,50,192,2026-08-25T01:30:00+08:00
7442837b-6a79-45cd-a04d-8d8b4f0cf61a,M-1852,SESS-20260824-8936-0221,RENTAL_ACCRUAL,24,91,2026-08-24T21:30:00+08:00
87f9268e-246e-48da-9fd4-c396b986f88c,M-1484,SESS-20260824-1694-0222,RENTAL_ACCRUAL,16,508,2026-08-25T01:25:00+08:00
adecc53d-452b-4e36-9e56-e10d0f6f98e5,M-1193,SESS-20260824-7472-0223,RENTAL_ACCRUAL,45,54,2026-08-25T06:20:00+08:00
c747d09b-1d07-4a35-a8a5-761f7bd79d4b,M-2132,SESS-20260824-6144-0224,RENTAL_ACCRUAL,9,174,2026-08-24T15:00:00+08:00
d6b87f04-b59e-4ffb-a8f9-09e074969d75,M-1147,SESS-20260824-5925-0225,RENTAL_ACCRUAL,11,114,2026-08-24T21:30:00+08:00
84dd9aeb-b311-4484-bb07-5074cd03b08f,M-1518,SESS-20260824-2613-0226,RENTAL_REDEMPTION,-100,581,2026-08-24T20:45:00+08:00
16a03cbd-b9fd-4203-b696-a7644616fc96,M-1518,SESS-20260824-2613-0226,RENTAL_ACCRUAL,11,592,2026-08-24T22:45:00+08:00
acc787c5-e5bd-4157-81fa-59f435d04ead,M-1085,SESS-20260824-3632-0227,RENTAL_REDEMPTION,-100,102,2026-08-24T22:00:00+08:00
dda709d5-a58c-4612-8d05-6ac3e49b25e4,M-1085,SESS-20260824-3632-0227,RENTAL_ACCRUAL,5,107,2026-08-25T00:00:00+08:00
633c7212-9dc3-4555-bc39-7233bc0e05b3,M-1766,SESS-20260824-1808-0228,RENTAL_ACCRUAL,12,605,2026-08-25T01:20:00+08:00
9d0381ae-d9b8-49e5-8219-2c9cb107dc43,M-1427,SESS-20260824-8486-0229,RENTAL_ACCRUAL,9,167,2026-08-25T00:00:00+08:00
4b3b477a-e4f7-4430-84d5-f5b279651033,M-2009,SESS-20260824-3389-0230,RENTAL_ACCRUAL,40,138,2026-08-25T02:45:00+08:00
17511a17-1e37-4828-a9c6-30cad0d04ac2,M-1634,SESS-20260824-9064-0231,RENTAL_ACCRUAL,28,215,2026-08-24T08:45:00+08:00
becbb106-e5d2-4410-b680-16a4d8146e0a,M-1012,SESS-20260824-4309-0232,RENTAL_ACCRUAL,18,436,2026-08-25T00:25:00+08:00
cffdb3a4-0e66-4d53-8f60-b8ac27e798f7,M-1481,SESS-20260824-8974-0233,RENTAL_ACCRUAL,16,443,2026-08-24T12:00:00+08:00
ae8d468b-5028-4dfa-ac93-423d9e829aec,M-1176,SESS-20260824-6801-0234,RENTAL_REDEMPTION,-100,83,2026-08-24T23:50:00+08:00
a10d6f34-6d2c-4d9b-ba52-5ea1936feae6,M-1176,SESS-20260824-6801-0234,RENTAL_ACCRUAL,34,117,2026-08-25T02:50:00+08:00
dd75a236-f7f0-4d2d-8369-cd1d2989a10b,M-1176,TIER_UPGRADE_Silver_TO_Gold,TIER_BONUS,100,217,2026-08-25T02:50:00+08:00
36ea0900-45a3-49a5-9241-7c889367783c,M-1254,SESS-20260824-5611-0235,RENTAL_ACCRUAL,45,531,2026-08-25T00:45:00+08:00
5dc10b7c-eee7-4e72-9e4f-3033b64c67cf,M-1884,SESS-20260824-6510-0236,RENTAL_ACCRUAL,16,220,2026-08-25T01:15:00+08:00
0bb9c2bb-97a2-4e2a-9f2f-4e8b0486d3c0,M-1940,SESS-20260824-2821-0237,RENTAL_ACCRUAL,13,193,2026-08-24T20:00:00+08:00
54da23e1-0205-433a-a687-81bfcaadcfa2,M-1880,SESS-20260824-6096-0238,RENTAL_ACCRUAL,40,107,2026-08-24T23:30:00+08:00
3fdd3c5d-bcfc-4843-bba4-1b9e7cd45750,M-1610,SESS-20260824-3722-0239,RENTAL_ACCRUAL,28,182,2026-08-25T00:15:00+08:00
62930a1d-cb6f-44a7-8fec-ae694469138c,M-1266,SESS-20260824-3265-0240,RENTAL_ACCRUAL,5,265,2026-08-24T22:30:00+08:00
c3fcb4c2-f305-4383-8dc7-f177432cd6b6,M-1363,SESS-20260824-6539-0241,RENTAL_ACCRUAL,5,373,2026-08-24T23:50:00+08:00
41db4867-0229-4098-8f50-dd551524acd9,M-1719,SESS-20260824-9635-0242,RENTAL_REDEMPTION,-100,325,2026-08-24T23:25:00+08:00
da3660c7-4d22-4988-a41e-bccf077a7585,M-1719,SESS-20260824-9635-0242,RENTAL_ACCRUAL,10,335,2026-08-25T02:25:00+08:00
0e746436-5040-4c83-b73e-813114b0f24a,M-1580,SESS-20260824-4985-0243,RENTAL_ACCRUAL,6,1182,2026-08-24T23:15:00+08:00
a9ffcb4b-b5d0-4962-82df-533c4dfc619e,M-2029,SESS-20260824-6724-0244,RENTAL_ACCRUAL,10,16,2026-08-25T00:45:00+08:00
d8e2f1a0-2770-460e-a948-432f792e9325,M-2029,TIER_UPGRADE_Standard_TO_Silver,TIER_BONUS,50,66,2026-08-25T00:45:00+08:00
09ac4378-909d-411a-b2f4-d98d1439984e,M-2172,SESS-20260824-7081-0245,RENTAL_ACCRUAL,45,577,2026-08-25T02:35:00+08:00
fdf29971-1a1f-4cf5-bd2a-e289a9f6b6b7,M-1019,SESS-20260824-6933-0246,RENTAL_REDEMPTION,-200,572,2026-08-24T06:15:00+08:00
ead3083b-43f8-43a9-acda-27f3fd67fde8,M-1019,SESS-20260824-6933-0246,RENTAL_ACCRUAL,55,627,2026-08-24T11:15:00+08:00
c9c7d6a2-0b06-4c14-bd77-03d599f30b0a,M-1527,SESS-20260824-6744-0247,RENTAL_ACCRUAL,45,873,2026-08-25T04:00:00+08:00
f525ca89-e30b-433b-818d-27d48ae9e743,M-1621,SESS-20260824-2479-0248,RENTAL_ACCRUAL,18,298,2026-08-24T19:30:00+08:00
33e5242c-39ba-4a29-8dcf-96dc1a22f58b,M-1471,SESS-20260824-7138-0249,RENTAL_ACCRUAL,5,33,2026-08-24T17:10:00+08:00
ac209113-0eba-4df5-8863-bba19d9d9030,M-1769,SESS-20260824-7570-0250,RENTAL_REDEMPTION,-200,318,2026-08-24T21:15:00+08:00
33f1b881-d2ca-4531-9e80-7a88621a6158,M-1769,SESS-20260824-7570-0250,RENTAL_ACCRUAL,1,319,2026-08-24T22:15:00+08:00
2046c6e7-95cb-41e9-8de0-98758b573915,M-1111,SESS-20260824-7271-0251,RENTAL_ACCRUAL,11,183,2026-08-24T19:20:00+08:00
5c2f2d51-051a-45ff-a714-20c95b4e250d,M-1131,SESS-20260824-2398-0252,RENTAL_ACCRUAL,16,177,2026-08-25T02:15:00+08:00
03b6e874-b577-4bf8-aa4d-cb3ee8fc9403,M-1877,SESS-20260824-7910-0253,RENTAL_ACCRUAL,27,396,2026-08-25T02:40:00+08:00
eaf63c12-5147-463f-99e2-04ae631a43fb,M-2119,SESS-20260824-9107-0254,RENTAL_ACCRUAL,5,210,2026-08-24T19:55:00+08:00
030b17a8-c78c-4600-8c6e-9613dd123c25,M-1704,SESS-20260824-5418-0255,RENTAL_ACCRUAL,5,135,2026-08-24T21:15:00+08:00
fe84abec-4919-4a07-babb-055f66d11a56,M-1795,SESS-20260824-3812-0256,RENTAL_ACCRUAL,9,84,2026-08-24T21:50:00+08:00
acace858-7473-4de4-a7f6-7fb31b305abb,M-1400,SESS-20260824-8768-0257,RENTAL_ACCRUAL,28,572,2026-08-25T01:30:00+08:00
5c8f708d-48dc-4b9d-830d-1dd068e8637f,M-1459,SESS-20260824-9040-0258,RENTAL_REDEMPTION,-100,4,2026-08-24T23:45:00+08:00
bcdb16b9-cf2f-4968-a216-50fb855c3a12,M-1459,SESS-20260824-9040-0258,RENTAL_ACCRUAL,5,9,2026-08-25T01:45:00+08:00
04208e24-37cb-4e73-8698-4b48bd321cdb,M-2108,SESS-20260824-7696-0259,RENTAL_ACCRUAL,5,236,2026-08-24T20:40:00+08:00
6107138d-979b-4fac-8a6b-91faa4879455,M-1576,SESS-20260824-3979-0260,RENTAL_ACCRUAL,6,1119,2026-08-24T03:30:00+08:00
a6d1ec54-ebad-48aa-81dd-52ee200c6754,M-1136,SESS-20260824-3587-0261,RENTAL_ACCRUAL,28,130,2026-08-24T21:45:00+08:00
f1a9fdc4-4736-4267-bcea-c863138c720f,M-1604,SESS-20260824-3862-0262,RENTAL_ACCRUAL,27,121,2026-08-24T22:15:00+08:00
3822ab61-371b-4970-9c3e-fb739c31a3b9,M-1436,SESS-20260824-1560-0263,RENTAL_ACCRUAL,12,709,2026-08-25T00:45:00+08:00
e3b54987-5277-4862-b0db-6d499d83f68a,M-1806,SESS-20260824-6475-0264,RENTAL_ACCRUAL,45,285,2026-08-25T02:55:00+08:00
49dff4db-204b-4056-b458-034f504fc279,M-1470,SESS-20260824-8192-0265,RENTAL_ACCRUAL,72,367,2026-08-25T06:50:00+08:00
5b60231a-3516-4ab2-be13-4dd1f29ef67a,M-1009,SESS-20260824-5926-0266,RENTAL_REDEMPTION,-100,36,2026-08-24T19:30:00+08:00
105bde4b-8212-472c-a0d6-50169230ea98,M-1009,SESS-20260824-5926-0266,RENTAL_ACCRUAL,20,56,2026-08-24T21:30:00+08:00
c0bbb861-7f76-4943-964c-abd79a36a131,M-2044,SESS-20260824-8237-0267,RENTAL_REDEMPTION,-400,130,2026-08-24T09:45:00+08:00
9c71eac8-2fd1-48e3-9e46-9b93b5e314a3,M-2044,SESS-20260824-8237-0267,RENTAL_ACCRUAL,2,132,2026-08-24T12:45:00+08:00
f7fdb54b-52af-443e-815d-8b2af8b7b6cb,M-1512,SESS-20260824-7289-0268,RENTAL_ACCRUAL,40,600,2026-08-24T14:10:00+08:00
a5803c80-6eac-4925-b3b6-684fbfbbc27f,M-1939,SESS-20260824-3373-0269,RENTAL_ACCRUAL,18,278,2026-08-24T16:00:00+08:00
24b30ad7-8257-4a38-9a98-67702c728b34,M-2027,SESS-20260824-2931-0270,RENTAL_ACCRUAL,18,276,2026-08-25T00:50:00+08:00
d2d4fa82-f0a6-4b03-b613-97fb718b5548,M-1042,SESS-20260824-4221-0271,RENTAL_ACCRUAL,45,180,2026-08-25T05:50:00+08:00
e3b8cab8-b9b1-4c54-b192-ce3e215ea989,M-1790,SESS-20260824-4584-0272,RENTAL_REDEMPTION,-200,160,2026-08-24T16:45:00+08:00
7958026c-6191-427b-b51b-bdd3a4d12dc0,M-1790,SESS-20260824-4584-0272,RENTAL_ACCRUAL,4,164,2026-08-24T19:45:00+08:00
e99aa2cb-6135-467e-bb28-cd9d73a1e661,M-1855,SESS-20260824-4797-0273,RENTAL_ACCRUAL,10,126,2026-08-24T23:35:00+08:00
875fe3be-0523-41b1-a540-0a3835cd187e,M-1369,SESS-20260824-5074-0274,RENTAL_ACCRUAL,18,642,2026-08-24T23:00:00+08:00
b578f909-f2ec-494e-a440-46f78980b54c,M-1364,SESS-20260824-3505-0275,RENTAL_REDEMPTION,-400,576,2026-08-24T23:30:00+08:00
84c87129-d24a-4006-b795-d20c4fc55bc1,M-1364,SESS-20260824-3505-0275,RENTAL_ACCRUAL,18,594,2026-08-25T07:30:00+08:00
62ece2be-b019-42b8-8890-8b7937e7e021,M-1871,SESS-20260824-8461-0276,RENTAL_ACCRUAL,5,173,2026-08-24T23:00:00+08:00
644daeb1-2f7b-4cfd-a5e0-b9fcca693c06,M-1204,SESS-20260824-2923-0277,RENTAL_ACCRUAL,12,302,2026-08-24T15:15:00+08:00
08a63a9e-22cc-4cd0-9d9e-5a5b630888ac,M-1070,SESS-20260824-8163-0278,RENTAL_ACCRUAL,28,147,2026-08-24T21:45:00+08:00
c5c2994a-e213-48aa-be2f-9712bc55ab30,M-1573,SESS-20260824-3321-0279,RENTAL_ACCRUAL,13,602,2026-08-24T14:00:00+08:00
94ff3a2b-71d6-478c-bfbd-ad85afaa653d,M-1777,SESS-20260824-1016-0280,RENTAL_ACCRUAL,28,242,2026-08-24T22:15:00+08:00
460b95c8-ed3a-4b43-adbe-a23349d223ac,M-1783,SESS-20260824-3756-0281,RENTAL_REDEMPTION,-500,393,2026-08-24T22:50:00+08:00
b04eb718-3704-4ac3-ab63-50a04184c4a4,M-1783,SESS-20260824-3756-0281,RENTAL_ACCRUAL,76,469,2026-08-25T06:50:00+08:00
dd35ec72-b34c-4fae-8432-cf8b42baf8df,M-1201,SESS-20260824-7044-0282,RENTAL_ACCRUAL,28,688,2026-08-25T02:35:00+08:00
699af2dd-d309-4073-8ed2-bf0f7cb230bd,M-2146,SESS-20260824-8364-0283,RENTAL_ACCRUAL,11,244,2026-08-25T00:15:00+08:00
cb8582bd-e19e-4e8b-888b-57237e8250eb,M-1963,SESS-20260824-5813-0284,RENTAL_ACCRUAL,27,199,2026-08-25T00:20:00+08:00
a1371b8b-12f9-47cb-955a-b4304cf1cfed,M-1480,SESS-20260824-8147-0285,RENTAL_REDEMPTION,-100,379,2026-08-24T16:15:00+08:00
8b2d5bed-1dbc-4593-bdbe-67d02cabc9e7,M-1480,SESS-20260824-8147-0285,RENTAL_ACCRUAL,5,384,2026-08-24T18:15:00+08:00
4ea5db79-4e27-4d75-928c-60526cf0f69b,M-1660,SESS-20260824-9331-0286,RENTAL_ACCRUAL,5,512,2026-08-24T20:15:00+08:00
d28605d2-3a13-4ed8-b235-ff4c0a3264b7,M-1213,SESS-20260824-1662-0287,RENTAL_ACCRUAL,11,276,2026-08-25T00:15:00+08:00
2b73d78e-7a3e-416d-a494-b29efced98b4,M-2058,SESS-20260824-3820-0288,RENTAL_REDEMPTION,-100,33,2026-08-24T21:00:00+08:00
93cf97d3-fa1b-48dc-a929-fdc3cf7fe37e,M-2058,SESS-20260824-3820-0288,RENTAL_ACCRUAL,10,43,2026-08-25T00:00:00+08:00
25082fa9-4893-45c2-b66d-7eb074585237,M-1498,SESS-20260824-7970-0289,RENTAL_ACCRUAL,6,368,2026-08-24T18:40:00+08:00
dcbb96ab-6e9e-4598-a638-0e9d0e5dea49,M-2002,SESS-20260824-1916-0290,RENTAL_REDEMPTION,-100,116,2026-08-24T22:15:00+08:00
60f72430-83fc-43d2-bee7-4d8696c78dd0,M-2002,SESS-20260824-1916-0290,RENTAL_ACCRUAL,5,121,2026-08-25T00:15:00+08:00
0c1b6320-274d-4203-8d6f-aac20606a076,M-1159,SESS-20260824-4561-0291,RENTAL_ACCRUAL,11,148,2026-08-24T21:55:00+08:00
bb580ed0-8b96-4823-a1c1-bb4f8eaa66e1,M-1098,SESS-20260824-6352-0292,RENTAL_ACCRUAL,48,549,2026-08-25T04:30:00+08:00
d66a2a5c-fd7c-4ecc-9f52-de018a9d1140,M-1626,SESS-20260824-9657-0293,RENTAL_ACCRUAL,18,593,2026-08-25T00:05:00+08:00
0640e39d-7f6d-4fb2-a9e3-b4948b1f4cfe,M-1869,SESS-20260824-5287-0294,RENTAL_ACCRUAL,40,45,2026-08-25T04:40:00+08:00
fe61cfb6-c661-4524-8bd0-d0effe6ce37c,M-1836,SESS-20260824-7267-0295,RENTAL_REDEMPTION,-100,422,2026-08-24T18:55:00+08:00
bad1ff15-c98a-4d7f-8c19-7c5735ef7fe0,M-1836,SESS-20260824-7267-0295,RENTAL_ACCRUAL,4,426,2026-08-24T20:55:00+08:00
f81aabaf-747a-4558-aa8d-42af0cd838c0,M-2047,SESS-20260824-3072-0296,RENTAL_ACCRUAL,18,229,2026-08-24T12:00:00+08:00
67ae5db7-2090-4550-9571-9119177f8814,M-2189,SESS-20260824-3473-0297,RENTAL_ACCRUAL,24,244,2026-08-24T22:10:00+08:00
48229a26-c42d-487c-b9a7-79fcacdae747,M-2189,TIER_UPGRADE_Standard_TO_Silver,TIER_BONUS,50,294,2026-08-24T22:10:00+08:00
aa3b47c1-0f4f-4d46-b189-8033d21571c0,M-1033,SESS-20260824-8760-0298,RENTAL_ACCRUAL,27,145,2026-08-25T00:15:00+08:00
0e6a6c2f-d78f-4cf1-b316-f901f95cdd04,M-1672,SESS-20260824-9352-0299,RENTAL_ACCRUAL,18,110,2026-08-25T00:25:00+08:00
170993f3-fab8-4e4c-967b-4226e9624342,M-1370,SESS-20260824-6790-0300,RENTAL_ACCRUAL,27,744,2026-08-25T02:15:00+08:00
27331891-7d2f-4186-bf41-4b862ebc6c30,M-2142,SESS-20260824-4913-0301,RENTAL_ACCRUAL,28,162,2026-08-24T22:15:00+08:00
75dee421-7ebc-4b24-b137-31f85bdb866e,M-1702,SESS-20260824-1113-0302,RENTAL_REDEMPTION,-200,148,2026-08-24T01:55:00+08:00
c1133dbd-3efe-4bba-819c-062f013019e9,M-1702,SESS-20260824-1113-0302,RENTAL_ACCRUAL,55,203,2026-08-24T06:55:00+08:00
da817289-b88a-46e0-8eac-7538edef0a1f,M-1702,TIER_UPGRADE_Silver_TO_Gold,TIER_BONUS,100,303,2026-08-24T06:55:00+08:00
2b75c73b-8c10-42bd-a7db-dc207d659546,M-1970,SESS-20260824-5202-0303,RENTAL_ACCRUAL,13,308,2026-08-24T23:30:00+08:00
f115c11a-fc0a-49c9-95bf-3f97c31d5764,M-1680,SESS-20260824-4163-0304,RENTAL_REDEMPTION,-100,422,2026-08-24T21:00:00+08:00
690a9228-6e99-4189-8638-6252caef9999,M-1680,SESS-20260824-4163-0304,RENTAL_ACCRUAL,10,432,2026-08-25T00:00:00+08:00
ff006146-f1c3-4c2f-b882-b31bff47d480,M-1780,SESS-20260824-7696-0305,RENTAL_ACCRUAL,28,307,2026-08-25T02:45:00+08:00
b7303c76-fb7c-4da9-910e-ea2d0684d4c7,M-2018,SESS-20260824-9870-0306,RENTAL_ACCRUAL,16,480,2026-08-25T02:40:00+08:00
4ee8c616-8b84-4cb8-bf74-ca737db250d4,M-1772,SESS-20260824-5203-0307,RENTAL_ACCRUAL,9,157,2026-08-24T23:20:00+08:00
afe46325-edbc-4ed1-8aa8-5cf21c7e1b01,M-1547,SESS-20260824-1208-0308,RENTAL_REDEMPTION,-100,575,2026-08-24T18:15:00+08:00
8c4e48cc-9173-41e0-a740-bb1ca0ce2f85,M-1547,SESS-20260824-1208-0308,RENTAL_ACCRUAL,5,580,2026-08-24T20:15:00+08:00
f8995776-4745-4eef-a42b-9fbecc554f21,M-1870,SESS-20260824-6348-0309,RENTAL_ACCRUAL,27,293,2026-08-24T23:45:00+08:00
10366a79-d878-405e-b3df-9e875f667eac,M-1475,SESS-20260824-5208-0310,RENTAL_REDEMPTION,-100,988,2026-08-24T21:30:00+08:00
ff806317-c7f4-460c-8f7d-eae5eb9ab886,M-1475,SESS-20260824-5208-0310,RENTAL_ACCRUAL,2,990,2026-08-24T22:30:00+08:00
b9836a5c-98a6-40f1-bb6e-b2b3bcb2112a,M-1853,SESS-20260824-9662-0311,RENTAL_ACCRUAL,5,95,2026-08-24T20:20:00+08:00
94a789d7-fd33-4068-982d-953d77084494,M-1325,SESS-20260824-1423-0312,RENTAL_ACCRUAL,9,129,2026-08-24T16:00:00+08:00
63a71ae6-29b2-4e10-bf86-b761ae4e048c,M-1774,SESS-20260824-7279-0313,RENTAL_REDEMPTION,-200,245,2026-08-24T23:10:00+08:00
272df5c8-54e5-45c6-a461-9f091aa18b4f,M-1774,SESS-20260824-7279-0313,RENTAL_ACCRUAL,32,277,2026-08-25T07:10:00+08:00
5a5155ee-466e-41cf-b26d-5778578eec94,M-1015,SESS-20260824-7158-0314,RENTAL_ACCRUAL,11,798,2026-08-24T17:30:00+08:00
e0d98729-6417-42ac-8584-ea7754b2b733,M-1342,SESS-20260824-1004-0315,RENTAL_REDEMPTION,-200,97,2026-08-24T21:00:00+08:00
cc2cb0d2-57be-47b6-917c-f3e805ff61d6,M-1342,SESS-20260824-1004-0315,RENTAL_ACCRUAL,5,102,2026-08-24T23:00:00+08:00
06ee230d-0fb9-4abf-94bd-92130a265214,M-1615,SESS-20260824-1087-0316,RENTAL_ACCRUAL,28,106,2026-08-25T00:15:00+08:00
3ec9317e-8d5f-42d4-9f5d-3b07bbd80e13,M-1116,SESS-20260824-6581-0317,RENTAL_ACCRUAL,5,149,2026-08-24T06:45:00+08:00
f082c662-ec0f-4ea0-970f-2a32911b4a8e,M-1384,SESS-20260824-1017-0318,RENTAL_REDEMPTION,-300,1007,2026-08-24T19:30:00+08:00
cfeb7a8c-44e6-49db-9c54-8e652beb154b,M-1384,SESS-20260824-1017-0318,RENTAL_ACCRUAL,6,1013,2026-08-24T21:30:00+08:00
9c5ce44f-2b66-4074-ab39-dcddbcb06d30,M-1863,SESS-20260824-5070-0319,RENTAL_REDEMPTION,-200,236,2026-08-24T18:15:00+08:00
d9a2b2ba-5dc9-42eb-a8e8-1afd89c12cd2,M-1863,SESS-20260824-5070-0319,RENTAL_ACCRUAL,5,241,2026-08-24T20:15:00+08:00
c37f7320-9886-4c4c-a3b5-f41beff7accc,M-1946,SESS-20260824-7635-0320,RENTAL_ACCRUAL,28,292,2026-08-25T01:30:00+08:00
d9d98d80-eab8-4e54-9765-15c7a94ed7a4,M-2063,SESS-20260824-4097-0321,RENTAL_ACCRUAL,11,168,2026-08-25T01:45:00+08:00
98d65fdb-807c-49b9-b5d1-100ccf1b961f,M-1972,SESS-20260824-4781-0322,RENTAL_ACCRUAL,12,209,2026-08-24T20:30:00+08:00
450805c0-dcfa-4afc-b046-dde441e08ed0,M-2173,SESS-20260824-3475-0323,RENTAL_REDEMPTION,-100,49,2026-08-24T19:00:00+08:00
c7f9d67c-377e-4d99-b80b-a04aabe5ce26,M-2173,SESS-20260824-3475-0323,RENTAL_ACCRUAL,10,59,2026-08-24T22:00:00+08:00
d2b3b66d-906a-44fa-bf30-5899472b23b9,M-1487,SESS-20260824-8048-0324,RENTAL_ACCRUAL,12,629,2026-08-25T00:05:00+08:00
95f92d94-c599-4967-84c3-732e588aee25,M-1865,SESS-20260824-1746-0325,RENTAL_ACCRUAL,9,216,2026-08-24T16:10:00+08:00
29f58c26-a7fc-46c6-bf54-426e68e0f093,M-1635,SESS-20260824-1412-0326,RENTAL_ACCRUAL,5,97,2026-08-24T23:15:00+08:00
86ad668e-46b4-43b4-82e0-6598a08ef288,M-1700,SESS-20260824-3566-0327,RENTAL_ACCRUAL,40,566,2026-08-25T02:25:00+08:00
8e743c82-8d8b-43d5-86c7-96cf37af7e4a,M-1347,SESS-20260824-7828-0328,RENTAL_ACCRUAL,28,3356,2026-08-25T01:15:00+08:00
79f0ca59-b2d5-4ab2-a2d8-e592c5eab87f,M-2036,SESS-20260824-4456-0329,RENTAL_ACCRUAL,5,137,2026-08-24T21:30:00+08:00
43e452aa-bb00-4b9d-8968-e4d3fe0bbfad,M-1674,SESS-20260824-1727-0330,RENTAL_ACCRUAL,27,655,2026-08-25T01:00:00+08:00
9a0d2960-0aee-4e6a-ac25-99452270a990,M-1390,SESS-20260824-3302-0331,RENTAL_ACCRUAL,18,131,2026-08-24T15:15:00+08:00
d7eff1d7-38ec-4532-aa10-fe091416deef,M-1915,SESS-20260824-5232-0332,RENTAL_ACCRUAL,16,271,2026-08-24T22:45:00+08:00
31363e2d-1793-4c18-807a-45536a029334,M-2057,SESS-20260824-6486-0333,RENTAL_ACCRUAL,10,87,2026-08-25T01:45:00+08:00
dcc1d7de-c179-4a95-be62-1db7b5670243,M-1416,SESS-20260824-1744-0334,RENTAL_ACCRUAL,12,2642,2026-08-24T22:55:00+08:00
fe08d72e-ec3a-46f6-8edf-92c784f7084e,M-1245,SESS-20260824-7670-0335,RENTAL_ACCRUAL,27,193,2026-08-24T20:30:00+08:00
0cfc27aa-17d3-460e-9284-41c6ed89527b,M-1842,SESS-20260824-2959-0336,RENTAL_REDEMPTION,-100,412,2026-08-24T16:45:00+08:00
596a2dfb-100b-4d9b-ac4f-6fe5f4e7c465,M-1842,SESS-20260824-2959-0336,RENTAL_ACCRUAL,10,422,2026-08-24T19:45:00+08:00
813c7f15-a7eb-4361-b6be-480bf9fa27d5,M-2182,SESS-20260824-1333-0337,RENTAL_ACCRUAL,36,275,2026-08-24T21:00:00+08:00
f68f2c9d-813b-4c35-a4ff-11073e25bd12,M-1748,SESS-20260824-5732-0338,RENTAL_ACCRUAL,12,690,2026-08-24T22:00:00+08:00
6a3c8d8f-54ed-4130-9458-b9a0c68fcbbc,M-1365,SESS-20260824-6934-0339,RENTAL_ACCRUAL,11,116,2026-08-25T01:45:00+08:00
12289909-a1a9-4982-b21f-c73973bb13d6,M-1929,SESS-20260824-2023-0340,RENTAL_REDEMPTION,-100,55,2026-08-24T21:15:00+08:00
2ce25a20-1033-4692-9bf6-ee442a4e11b2,M-1929,SESS-20260824-2023-0340,RENTAL_ACCRUAL,19,74,2026-08-25T00:15:00+08:00
3c897090-d348-4b09-a84e-a70395f604d9,M-1654,SESS-20260824-1291-0341,RENTAL_REDEMPTION,-200,54,2026-08-24T23:00:00+08:00
992d9a0b-5647-4f93-9e52-b6c3194534d2,M-1654,SESS-20260824-1291-0341,RENTAL_ACCRUAL,4,58,2026-08-25T02:00:00+08:00
00b6a21c-880c-4c98-bf64-7ee3114e22ce,M-1848,SESS-20260824-3019-0342,RENTAL_ACCRUAL,8,82,2026-08-24T22:30:00+08:00
1fadac1e-5679-43d2-81ee-13ba83b47d07,M-2083,SESS-20260824-3360-0343,RENTAL_ACCRUAL,24,125,2026-08-24T18:45:00+08:00
5272edee-9927-4dd1-b3b6-b0289888a3ad,M-1789,SESS-20260824-2314-0344,RENTAL_ACCRUAL,5,197,2026-08-24T23:00:00+08:00
e58e8b26-4428-4774-9713-04ab76806d94,M-1737,SESS-20260824-1676-0345,RENTAL_ACCRUAL,11,381,2026-08-25T01:15:00+08:00
5857e878-60bc-4456-87d2-25dcc327e8ae,M-1593,SESS-20260824-8197-0346,RENTAL_ACCRUAL,5,28,2026-08-24T17:15:00+08:00
f9e0181b-8fda-4469-9190-915ef34c7b0f,M-1803,SESS-20260824-9577-0347,RENTAL_ACCRUAL,13,159,2026-08-25T00:45:00+08:00
19d6343a-4b54-4087-8fbf-c5d6db91c97f,M-1910,SESS-20260824-3210-0348,RENTAL_REDEMPTION,-100,44,2026-08-24T21:40:00+08:00
5bed7da6-4fa4-4ff6-b0c8-b8a65d9efc45,M-1910,SESS-20260824-3210-0348,RENTAL_ACCRUAL,5,49,2026-08-24T23:40:00+08:00
5a5840fc-cdbf-4e55-a140-34358e75c45a,M-1726,SESS-20260824-6715-0349,RENTAL_ACCRUAL,9,257,2026-08-24T23:45:00+08:00
252d81d6-17c0-4e8e-9722-f53adb83ad6b,M-1696,SESS-20260824-1378-0350,RENTAL_ACCRUAL,18,590,2026-08-25T00:30:00+08:00
0dfb326b-3ee9-4c0b-ae20-6a821354b6fc,M-1653,SESS-20260824-3984-0351,RENTAL_ACCRUAL,28,346,2026-08-25T01:55:00+08:00
63c8b215-0379-420c-a2b0-662194a0e4fa,M-1883,SESS-20260824-3544-0352,RENTAL_ACCRUAL,10,146,2026-08-24T22:55:00+08:00
79eb226f-c2e1-4ca5-8625-787e969105ac,M-2194,SESS-20260824-6946-0353,RENTAL_REDEMPTION,-100,186,2026-08-24T23:10:00+08:00
63ec452e-d600-4d38-8883-53142b17ddc3,M-2194,SESS-20260824-6946-0353,RENTAL_ACCRUAL,10,196,2026-08-25T02:10:00+08:00
e8a6aaa7-5e1d-4b12-a289-a449f8c29ed8,M-1724,SESS-20260824-6522-0354,RENTAL_ACCRUAL,40,177,2026-08-24T11:45:00+08:00
7e22bf2a-66fb-4f49-8207-164333680c2e,M-1490,SESS-20260824-8219-0355,RENTAL_ACCRUAL,5,253,2026-08-24T18:45:00+08:00
e577ff95-3985-4699-9fbd-37ae09bf88d7,M-1838,SESS-20260824-1289-0356,RENTAL_ACCRUAL,27,543,2026-08-24T23:25:00+08:00
c9bf2c10-d81e-4414-b623-0a2fd441d337,M-1838,TIER_UPGRADE_Silver_TO_Gold,TIER_BONUS,100,643,2026-08-24T23:25:00+08:00
13d351ad-3f07-43a9-a373-e9f7c6be110a,M-1229,SESS-20260824-6369-0357,RENTAL_ACCRUAL,11,201,2026-08-25T00:50:00+08:00
28b524ff-1972-44a6-8583-a1b60e7d4ea3,M-1143,SESS-20260824-5470-0358,RENTAL_ACCRUAL,18,4117,2026-08-24T23:20:00+08:00
6f27ae08-922f-4be1-b409-c111cab80a96,M-1040,SESS-20260824-4116-0359,RENTAL_ACCRUAL,16,785,2026-08-24T21:45:00+08:00
052139a1-b1ba-49f7-9c4a-9f24d03fff5d,M-2065,SESS-20260824-1077-0360,RENTAL_ACCRUAL,16,328,2026-08-24T22:25:00+08:00
82dfff67-4cd0-488b-b684-22b21c0876e0,M-1288,SESS-20260824-2228-0361,RENTAL_REDEMPTION,-100,144,2026-08-24T17:20:00+08:00
0485c43e-5754-4cf1-ab2a-b9c173b8ba85,M-1288,SESS-20260824-2228-0361,RENTAL_ACCRUAL,22,166,2026-08-24T22:20:00+08:00
605e130b-303a-4f8b-b7a8-64a6bd18ab21,M-1307,SESS-20260824-6979-0362,RENTAL_ACCRUAL,5,211,2026-08-24T18:45:00+08:00
b64f58a5-55da-4b00-9325-1c98f461eaf9,M-2175,SESS-20260824-7026-0363,RENTAL_ACCRUAL,16,475,2026-08-24T23:30:00+08:00
511c067d-cfd2-4756-b27c-55db339294b7,M-1731,SESS-20260824-6792-0364,RENTAL_ACCRUAL,5,245,2026-08-24T22:35:00+08:00
2875cea5-512e-4e6d-9d51-ab8f08e93d75,M-1109,SESS-20260824-1212-0365,RENTAL_ACCRUAL,45,757,2026-08-25T06:20:00+08:00
6add897c-67ab-4309-95fd-a9e43d9602bd,M-1166,SESS-20260824-1876-0366,RENTAL_ACCRUAL,27,157,2026-08-25T00:15:00+08:00
aa8a9464-c839-4b80-ab00-ce58346fca0b,M-1927,SESS-20260824-3243-0367,RENTAL_ACCRUAL,16,101,2026-08-25T01:50:00+08:00
d6064152-ff1a-4699-b803-22dd3ee811c5,M-1062,SESS-20260824-5387-0368,RENTAL_ACCRUAL,45,519,2026-08-25T02:40:00+08:00
392c0c8e-42ce-49d9-a071-48d017002785,M-1812,SESS-20260824-2331-0369,RENTAL_ACCRUAL,5,816,2026-08-25T00:40:00+08:00
0240fcea-d0c9-4845-bf66-855e1b28c311,M-2179,SESS-20260824-5846-0370,RENTAL_ACCRUAL,5,258,2026-08-24T23:15:00+08:00
13b57d6e-2530-4599-be7e-681e68cf3376,M-1393,SESS-20260824-4541-0371,RENTAL_ACCRUAL,67,219,2026-08-25T04:15:00+08:00
100840ac-7a49-4fa4-84a5-54860a770b1e,M-1829,SESS-20260824-8150-0372,RENTAL_REDEMPTION,-200,45,2026-08-24T22:30:00+08:00
71ffb32c-5790-4158-bcea-3aec390ab59b,M-1829,SESS-20260824-8150-0372,RENTAL_ACCRUAL,4,49,2026-08-25T01:30:00+08:00
082c8c9c-ee7d-4798-8650-e3a03705383e,M-1923,SESS-20260824-4370-0373,RENTAL_ACCRUAL,16,149,2026-08-24T16:20:00+08:00
f48d81bf-30d8-47b7-b818-e3c3d50d7e27,M-1305,SESS-20260824-5575-0374,RENTAL_ACCRUAL,27,630,2026-08-25T02:10:00+08:00
992e7fa0-8e22-4f93-bde1-f5ef903ef882,M-1223,SESS-20260824-4344-0375,RENTAL_ACCRUAL,9,89,2026-08-24T23:40:00+08:00
3b64d6f8-7ec3-456a-b84d-af172917c099,M-1485,SESS-20260824-7761-0376,RENTAL_ACCRUAL,13,61,2026-08-24T09:15:00+08:00
1351a14c-a75e-4f69-abea-987f099bfe3a,M-1485,TIER_UPGRADE_Silver_TO_Gold,TIER_BONUS,100,161,2026-08-24T09:15:00+08:00
37376226-9f29-4e04-a9b8-318bd433bed9,M-1234,SESS-20260824-4263-0377,RENTAL_REDEMPTION,-100,213,2026-08-24T21:45:00+08:00
5bc17ec3-1d11-4722-b1cc-6a8cab71537a,M-1234,SESS-20260824-4263-0377,RENTAL_ACCRUAL,11,224,2026-08-24T23:45:00+08:00
a047158a-22e0-4600-a3b9-6b9eefd09ec0,M-1315,SESS-20260824-3065-0378,RENTAL_ACCRUAL,5,351,2026-08-25T00:30:00+08:00
bbef0194-d8e5-4692-b820-ff88d1689f07,M-1805,SESS-20260824-7669-0379,RENTAL_ACCRUAL,16,357,2026-08-25T00:25:00+08:00
6d04d193-2162-4976-87e8-df13e0c7191f,M-2120,SESS-20260824-5223-0380,RENTAL_ACCRUAL,28,528,2026-08-25T04:25:00+08:00
57d94371-8f9b-4e8b-8042-dcbe2b041b08,M-1002,SESS-20260824-6732-0381,RENTAL_ACCRUAL,72,444,2026-08-25T01:35:00+08:00
151a853d-b7ad-4d96-8a1e-d77e85c29bfd,M-1110,SESS-20260824-1522-0382,RENTAL_ACCRUAL,16,273,2026-08-25T01:30:00+08:00
b206c9dc-0709-42ed-9eba-36d0ed1d23bd,M-1613,SESS-20260824-7682-0383,RENTAL_ACCRUAL,6,82,2026-08-24T21:15:00+08:00
99ae9ba5-4b4a-42df-9fca-d9854072f032,M-1351,SESS-20260824-6453-0384,RENTAL_REDEMPTION,-100,70,2026-08-24T18:15:00+08:00
6a559fb7-3b74-4808-a77c-80c5745bb4d6,M-1351,SESS-20260824-6453-0384,RENTAL_ACCRUAL,11,81,2026-08-24T20:15:00+08:00
e68b956d-cdd3-40c0-b9c5-88ceb8f098ed,M-1051,SESS-20260824-4701-0385,RENTAL_ACCRUAL,12,378,2026-08-25T01:25:00+08:00
6151fedf-561b-401e-b197-845608f22f8e,M-1225,SESS-20260824-9074-0386,RENTAL_REDEMPTION,-100,126,2026-08-24T17:15:00+08:00
f06839ad-f786-4d53-97d5-4220304ef44a,M-1225,SESS-20260824-9074-0386,RENTAL_ACCRUAL,2,128,2026-08-24T18:15:00+08:00
f3cc71ec-cfbb-409b-b599-b7d004a7ba47,M-1181,SESS-20260824-6218-0387,RENTAL_REDEMPTION,-100,212,2026-08-24T22:45:00+08:00
b8246203-ca93-48e8-9da1-60629ec8dbe9,M-1181,SESS-20260824-6218-0387,RENTAL_ACCRUAL,5,217,2026-08-25T00:45:00+08:00
27ac1845-802e-4172-a9d3-80cf44580668,M-1695,SESS-20260824-6494-0388,RENTAL_ACCRUAL,27,145,2026-08-25T00:15:00+08:00
32c71c93-64a1-4aa9-88dd-e9981ac99485,M-1104,SESS-20260824-5885-0389,RENTAL_REDEMPTION,-100,64,2026-08-24T17:45:00+08:00
07cefb3d-8eae-4744-9be2-76d94996173f,M-1104,SESS-20260824-5885-0389,RENTAL_ACCRUAL,6,70,2026-08-24T18:45:00+08:00
5a2c3305-74ec-4ef8-99ce-174d97c76ae0,M-1724,SESS-20260824-2788-0390,RENTAL_ACCRUAL,27,204,2026-08-24T23:20:00+08:00
76f5fc08-0592-4a45-83c3-ff7bd82be935,M-2153,SESS-20260824-6957-0391,RENTAL_ACCRUAL,24,206,2026-08-25T02:30:00+08:00
fed258ed-66af-419f-ba69-10ab2de1037c,M-1505,SESS-20260824-2991-0392,RENTAL_ACCRUAL,11,170,2026-08-24T21:45:00+08:00
e580bf9e-f9b9-4d1f-a531-95f40fa3f2ab,M-2026,SESS-20260824-5647-0393,RENTAL_ACCRUAL,12,97,2026-08-24T23:45:00+08:00
0723b9fe-3e27-4d50-972e-4a2a6c7ff6fb,M-1434,SESS-20260824-9695-0394,RENTAL_ACCRUAL,5,274,2026-08-25T00:25:00+08:00
d1272e6e-2d9a-4ff4-882a-d40781c409ea,M-1865,SESS-20260824-9311-0395,RENTAL_ACCRUAL,45,261,2026-08-25T04:50:00+08:00
b21d2478-89d2-4723-968d-25fcc4888372,M-1817,SESS-20260824-1682-0396,RENTAL_ACCRUAL,14,624,2026-08-25T00:55:00+08:00
a71c8a64-d558-46a8-8dcd-8af4e02e99a0,M-1019,SESS-20260824-3036-0397,RENTAL_REDEMPTION,-600,27,2026-08-24T23:35:00+08:00
cf06c46e-d81a-4b25-a57d-07b9ab512b94,M-1019,SESS-20260824-3036-0397,RENTAL_ACCRUAL,7,34,2026-08-25T04:35:00+08:00
f570ac86-0779-456f-963a-6a617e1d0253,M-1539,SESS-20260824-4036-0398,RENTAL_ACCRUAL,18,1387,2026-08-25T02:25:00+08:00
5749d91c-9c29-41cf-99f0-bc63cf1edfd6,M-1421,SESS-20260824-6461-0399,RENTAL_ACCRUAL,30,643,2026-08-25T02:30:00+08:00
254c4805-e28e-4676-b9eb-f69794d6d0e9,M-1701,SESS-20260824-4479-0400,RENTAL_REDEMPTION,-100,872,2026-08-24T21:50:00+08:00
e8405b2b-6605-44d6-8aa6-cfd46c212e9a,M-1701,SESS-20260824-4479-0400,RENTAL_ACCRUAL,21,893,2026-08-25T02:50:00+08:00
b788519f-0e05-4d73-a343-da5f204d446f,M-1300,SESS-20260824-6615-0401,RENTAL_REDEMPTION,-400,67,2026-08-24T22:40:00+08:00
fac87a35-d405-4930-83a7-9b122fdaf304,M-1300,SESS-20260824-6615-0401,RENTAL_ACCRUAL,18,85,2026-08-25T03:40:00+08:00
a61616de-0209-40fd-9e60-d7037ee0c580,M-1559,SESS-20260824-1485-0402,RENTAL_ACCRUAL,27,302,2026-08-24T19:15:00+08:00
de8e6deb-57e9-4d6d-a645-f265ff0ed853,M-2099,SESS-20260824-7029-0403,RENTAL_REDEMPTION,-100,311,2026-08-24T18:45:00+08:00
c458756c-d836-4b35-a1b0-4e5df0ae3cf6,M-2099,SESS-20260824-7029-0403,RENTAL_ACCRUAL,20,331,2026-08-24T20:45:00+08:00
0c9e1a25-ec49-4472-87ce-e639be835d57,M-1697,SESS-20260824-5465-0404,RENTAL_ACCRUAL,5,172,2026-08-24T16:25:00+08:00
d66ada3b-e9ea-4b9b-9819-6e16af254abd,M-1507,SESS-20260824-1249-0405,RENTAL_ACCRUAL,16,417,2026-08-25T02:20:00+08:00
1882b773-556f-47c3-ba61-e8bbc9630ed6,M-1857,SESS-20260824-5879-0406,RENTAL_ACCRUAL,28,67,2026-08-25T02:55:00+08:00
4bad8863-0625-4861-814f-8ea119736905,M-1087,SESS-20260824-6582-0407,RENTAL_ACCRUAL,6,1316,2026-08-24T20:30:00+08:00
3e7adc4f-4883-42b9-ac22-aaf8cd13545d,M-1383,SESS-20260824-5953-0408,RENTAL_ACCRUAL,18,565,2026-08-24T21:35:00+08:00
bac011c9-f33b-4ccb-94ec-359ab97025ba,M-1190,SESS-20260824-2910-0409,RENTAL_ACCRUAL,9,236,2026-08-25T00:50:00+08:00
a32ef515-df63-4002-89f4-f0342c210fec,M-1394,SESS-20260824-1118-0410,RENTAL_REDEMPTION,-100,146,2026-08-24T18:55:00+08:00
023a6d2d-fd42-4a7c-bded-1cc19a307ef8,M-1394,SESS-20260824-1118-0410,RENTAL_ACCRUAL,20,166,2026-08-24T20:55:00+08:00
72a2e1ce-3ddc-4c81-a8e8-943861fbba14,M-1503,SESS-20260824-9167-0411,RENTAL_REDEMPTION,-100,907,2026-08-24T18:50:00+08:00
1673aa3f-a4d0-4ebc-82d9-e9a91b3db5d5,M-1503,SESS-20260824-9167-0411,RENTAL_ACCRUAL,10,917,2026-08-24T21:50:00+08:00
84df19aa-d0d1-4cb0-8925-5ba9327979c6,M-1429,SESS-20260824-9134-0412,RENTAL_ACCRUAL,28,688,2026-08-24T21:25:00+08:00
37261cf5-e2c4-48b9-9079-ce1676796666,M-1150,SESS-20260824-3646-0413,RENTAL_ACCRUAL,16,373,2026-08-25T01:45:00+08:00
eafc1229-2e82-44ec-8fb4-441060c2648c,M-1340,SESS-20260824-4375-0414,RENTAL_ACCRUAL,12,546,2026-08-24T23:55:00+08:00
70aba0a3-0fb4-448a-a058-37ebb209a899,M-1751,SESS-20260824-7136-0415,RENTAL_REDEMPTION,-200,21,2026-08-24T20:45:00+08:00
cabc22f8-fd80-4a49-acb8-8edb89063036,M-1751,SESS-20260824-7136-0415,RENTAL_ACCRUAL,14,35,2026-08-24T22:45:00+08:00
5437233d-7706-4ead-8da4-0fc381d2b7bd,M-1227,SESS-20260824-9273-0416,RENTAL_ACCRUAL,11,317,2026-08-24T21:45:00+08:00
bf0219ad-a8ce-465f-b13d-25302dbf5885,M-1665,SESS-20260824-1628-0417,RENTAL_ACCRUAL,43,131,2026-08-24T23:55:00+08:00
ce3180d8-bcfb-463e-bd14-cdec125ec4b9,M-1457,SESS-20260824-9605-0418,RENTAL_REDEMPTION,-600,212,2026-08-24T21:45:00+08:00
c367150e-f962-4f6d-bbe9-8124537afb19,M-1457,SESS-20260824-9605-0418,RENTAL_ACCRUAL,34,246,2026-08-25T05:45:00+08:00
20c55fb6-52bf-44c4-9ce5-e94656ac5368,M-1291,SESS-20260824-5956-0419,RENTAL_ACCRUAL,45,537,2026-08-25T00:30:00+08:00
d96652a6-1662-449a-90a9-d2412678d395,M-2135,SESS-20260824-4467-0420,RENTAL_ACCRUAL,10,88,2026-08-24T22:45:00+08:00
416125f3-3b43-4a7e-9c55-e28a4461dbf6,M-2040,SESS-20260824-5005-0421,RENTAL_REDEMPTION,-100,25,2026-08-24T22:05:00+08:00
12d84a38-4a0f-4c53-a445-ce699f3f0064,M-2040,SESS-20260824-5005-0421,RENTAL_ACCRUAL,5,30,2026-08-25T00:05:00+08:00
7c330758-f0b5-493d-9187-4ab58987386a,M-1417,SESS-20260824-5501-0422,RENTAL_ACCRUAL,11,575,2026-08-25T00:55:00+08:00
301b8540-ad1c-40de-8fc3-59272ed7c75b,M-1481,SESS-20260824-7358-0423,RENTAL_ACCRUAL,27,470,2026-08-24T17:45:00+08:00
d516826e-3f92-45e7-883c-a5ab24a6006d,M-1642,SESS-20260824-7798-0424,RENTAL_ACCRUAL,28,295,2026-08-25T01:55:00+08:00
d6d30bcc-0ebe-4643-9e26-8d72dff81f24,M-1727,SESS-20260824-3615-0425,RENTAL_ACCRUAL,18,275,2026-08-24T23:30:00+08:00
ff463993-c323-4c7a-950f-d35d78bdba3a,M-1444,SESS-20260824-9961-0426,RENTAL_ACCRUAL,9,3323,2026-08-25T00:30:00+08:00
ea05b557-43f2-49a4-906e-f8b8c653509b,M-1747,SESS-20260824-6302-0427,RENTAL_ACCRUAL,11,478,2026-08-25T00:00:00+08:00
92244312-ddf9-40b2-ad8f-613d929e98b6,M-1558,SESS-20260824-8776-0428,RENTAL_ACCRUAL,13,331,2026-08-24T21:00:00+08:00
33e736e6-9eff-4f05-bb4a-21aa43fedde3,M-1644,SESS-20260824-6857-0429,RENTAL_REDEMPTION,-100,218,2026-08-24T21:10:00+08:00
e562f31f-bdce-403b-a63d-c0e546506733,M-1644,SESS-20260824-6857-0429,RENTAL_ACCRUAL,20,238,2026-08-24T23:10:00+08:00
ccf1d6d4-2b84-4d65-9150-572479b5bdee,M-1246,SESS-20260824-2930-0430,RENTAL_ACCRUAL,28,534,2026-08-24T23:10:00+08:00
c553f8df-aeb3-4058-b58a-3e040b054b7d,M-1757,SESS-20260824-4846-0431,RENTAL_ACCRUAL,27,164,2026-08-24T21:30:00+08:00
bc0bfa9c-7a02-4dd1-9e2b-622ba37cc064,M-1586,SESS-20260824-4235-0432,RENTAL_REDEMPTION,-100,57,2026-08-24T22:30:00+08:00
87d8c353-9d8b-4a3d-bf8a-f41b974346e6,M-1586,SESS-20260824-4235-0432,RENTAL_ACCRUAL,21,78,2026-08-25T01:30:00+08:00
fc370cf7-7e8f-46ae-8a98-51e3412fd248,M-1944,SESS-20260824-6579-0433,RENTAL_REDEMPTION,-100,4,2026-08-24T23:15:00+08:00
45199a72-4a7e-4365-855e-27c84bcd440b,M-1944,SESS-20260824-6579-0433,RENTAL_ACCRUAL,11,15,2026-08-25T01:15:00+08:00
32705833-4ed2-4e72-926a-5922d044b7e9,M-1035,SESS-20260824-9417-0434,RENTAL_REDEMPTION,-100,244,2026-08-24T23:55:00+08:00
035f9935-042d-4b38-837f-22e6e3ccc7b5,M-1035,SESS-20260824-9417-0434,RENTAL_ACCRUAL,5,249,2026-08-25T01:55:00+08:00
bfee374a-550b-4525-a4e3-4db122793f48,M-1309,SESS-20260824-4194-0435,RENTAL_ACCRUAL,27,190,2026-08-25T01:00:00+08:00
07030061-4714-46cb-a9cc-fd3ce86f021e,M-1801,SESS-20260824-5512-0436,RENTAL_ACCRUAL,40,165,2026-08-25T02:20:00+08:00
8c40b0fb-a64c-4a4f-a74b-9c42f16c19dd,M-1535,SESS-20260824-8972-0437,RENTAL_ACCRUAL,28,341,2026-08-25T04:50:00+08:00
971e9f3e-d4fe-4068-9cf0-978de9433f7c,M-1687,SESS-20260824-2962-0438,RENTAL_ACCRUAL,40,431,2026-08-24T15:00:00+08:00
be971fc5-91b1-4a68-8f57-3c2c1adf150f,M-1669,SESS-20260824-6893-0439,RENTAL_ACCRUAL,11,238,2026-08-24T18:40:00+08:00
b7053528-0a02-4e8f-bfe9-90322d2b35a5,M-1510,SESS-20260824-5175-0440,RENTAL_ACCRUAL,28,453,2026-08-25T01:45:00+08:00
d048001f-f44b-4d27-a296-0f443baa317a,M-1979,SESS-20260824-5389-0441,RENTAL_REDEMPTION,-100,87,2026-08-24T23:45:00+08:00
9bde7649-2e4a-46fe-847a-6c2e1ee3cdb5,M-1979,SESS-20260824-5389-0441,RENTAL_ACCRUAL,20,107,2026-08-25T02:45:00+08:00
4d3085e9-36ea-4584-9118-c4085756ebb9,M-1982,SESS-20260824-3425-0442,RENTAL_ACCRUAL,24,157,2026-08-25T01:25:00+08:00
91a98202-206e-4c79-a8ed-3c950e857f1c,M-1537,SESS-20260824-4806-0443,RENTAL_ACCRUAL,5,490,2026-08-24T20:45:00+08:00
94614f8b-c3d7-4c1d-a76e-e9e6c4a60805,M-1854,SESS-20260824-7970-0444,RENTAL_ACCRUAL,11,282,2026-08-24T23:00:00+08:00
52319eaa-be10-478d-a7ec-1137d5064b11,M-1448,SESS-20260824-8609-0445,RENTAL_REDEMPTION,-100,312,2026-08-24T23:10:00+08:00
38fc5e35-8386-4044-9a45-f1eb94d553bb,M-1448,SESS-20260824-8609-0445,RENTAL_ACCRUAL,10,322,2026-08-25T02:10:00+08:00
7c3e4b81-c1fd-4554-a8d4-63196e18bd1e,M-1079,ORD-20260824-9512-0001,CONCESSION_ACCRUAL,13,426,2026-08-24T17:20:04+08:00
514cd144-d131-408c-a2d2-ae6732c8690a,M-1971,ORD-20260824-9713-0002,CONCESSION_ACCRUAL,25,249,2026-08-24T19:27:48+08:00
c9e5fbb4-291b-4db4-b154-099386b6b9ac,M-1769,ORD-20260824-7237-0003,CONCESSION_ACCRUAL,8,327,2026-08-24T21:19:57+08:00
b150aacd-3148-4bdc-803d-49dff0da9eae,M-1871,ORD-20260824-3507-0004,CONCESSION_ACCRUAL,9,182,2026-08-24T22:39:01+08:00
774cec2d-59fc-4281-8e25-04a7cc770777,M-1444,ORD-20260825-3186-0005,CONCESSION_ACCRUAL,9,3332,2026-08-25T00:06:08+08:00
9b063930-43dc-4e16-bbf4-75ccc37ff929,M-1507,ORD-20260825-9971-0006,CONCESSION_ACCRUAL,8,425,2026-08-25T00:18:41+08:00
0a75142f-0dda-4d45-bd0c-9f704d2999f1,M-1751,ORD-20260824-6064-0007,CONCESSION_ACCRUAL,17,52,2026-08-24T21:20:03+08:00
0238ae36-43c3-46a5-a92b-f0af5b1f5569,M-1185,ORD-20260824-4030-0008,CONCESSION_ACCRUAL,25,361,2026-08-24T16:06:11+08:00
bad790b7-1594-4be0-b5a1-afa4ecfc20dd,M-1968,ORD-20260824-7375-0009,CONCESSION_ACCRUAL,8,297,2026-08-24T22:22:46+08:00
4990ddb9-4df2-4fdd-80a9-efcdbb490e05,M-1351,ORD-20260824-4110-0010,CONCESSION_ACCRUAL,11,92,2026-08-24T20:07:25+08:00
2376eded-1a28-48d5-a3d9-acd290df8f12,M-1411,ORD-20260825-2523-0011,CONCESSION_ACCRUAL,20,636,2026-08-25T00:42:50+08:00
26aaf3aa-ce46-4640-972e-373d7ea9eefc,M-1789,ORD-20260824-2100-0012,CONCESSION_ACCRUAL,11,208,2026-08-24T22:51:33+08:00
90287f45-566c-4689-a8eb-10e0bc8c6d94,M-1150,ORD-20260825-8404-0013,CONCESSION_ACCRUAL,22,395,2026-08-25T00:42:17+08:00
3dc77103-0ae3-4d7f-8fac-f612d323891c,M-1503,ORD-20260824-5999-0014,CONCESSION_ACCRUAL,3,920,2026-08-24T21:43:20+08:00
c6e3dc78-4f7b-4061-8a4f-86266dccfe01,M-1318,ORD-20260824-8583-0015,CONCESSION_ACCRUAL,15,170,2026-08-24T23:55:07+08:00
5c0793fe-750f-4463-b914-31bcb1cde21b,M-1485,ORD-20260824-3736-0016,CONCESSION_ACCRUAL,30,191,2026-08-24T09:01:17+08:00
5453e8d2-f785-4ecf-a800-d1aa59d0e634,M-2026,ORD-20260824-5312-0017,CONCESSION_ACCRUAL,15,112,2026-08-24T22:56:20+08:00
56afa15a-40bb-484a-a3b3-c74ee4bbc436,M-1857,ORD-20260824-6741-0018,CONCESSION_ACCRUAL,3,70,2026-08-24T20:09:01+08:00
792754b2-527c-49d8-898f-3acdfc80ee1b,M-1876,ORD-20260824-2528-0019,CONCESSION_ACCRUAL,50,230,2026-08-24T14:36:37+08:00
df1b8943-c0e4-47fd-8e16-a42414f21ded,M-1501,ORD-20260825-4431-0020,CONCESSION_ACCRUAL,9,163,2026-08-25T02:01:59+08:00
82e25d39-10d7-40da-bc0f-e646e81b4b10,M-1852,ORD-20260824-9602-0021,CONCESSION_ACCRUAL,39,130,2026-08-24T20:14:16+08:00
566ea867-93ce-44b8-9bc6-434249f3bc58,M-1879,ORD-20260824-4284-0022,CONCESSION_ACCRUAL,25,174,2026-08-24T20:26:04+08:00
185a07af-a093-4f3c-8467-a84e22b7b76d,M-2065,ORD-20260824-8894-0023,CONCESSION_ACCRUAL,19,347,2026-08-24T20:20:00+08:00
71dae0e9-3790-482c-a56e-235f2d65fc4c,M-1342,ORD-20260824-7100-0024,CONCESSION_ACCRUAL,19,121,2026-08-24T22:18:22+08:00
371427a1-a248-48e5-adab-98d130607e9f,M-2170,ORD-20260824-9349-0025,CONCESSION_ACCRUAL,2,49,2026-08-24T20:57:09+08:00
61e554d1-3bfb-48ed-89c0-b955ef1391c3,M-2124,ORD-20260824-9516-0026,CONCESSION_ACCRUAL,15,211,2026-08-24T21:04:37+08:00
7421fcd5-6a02-4c1c-9422-985c1b117c3a,M-2170,ORD-20260824-7072-0027,CONCESSION_ACCRUAL,8,57,2026-08-24T10:55:53+08:00
0ef6657a-8232-4b49-9996-f49c0eaadef1,M-1154,ORD-20260824-5022-0028,CONCESSION_ACCRUAL,8,61,2026-08-24T23:50:34+08:00
eda97c5d-ce14-4b99-ba2f-63888fec04f3,M-1374,ORD-20260824-4352-0029,CONCESSION_ACCRUAL,16,776,2026-08-24T22:53:14+08:00
1503db43-6734-49aa-91c2-0352794128ce,M-1369,ORD-20260824-2945-0030,CONCESSION_ACCRUAL,15,657,2026-08-24T20:21:55+08:00
293a4bac-ebd3-46ab-bc7a-a6d0befd5fd8,M-1480,ORD-20260824-6758-0031,CONCESSION_ACCRUAL,11,395,2026-08-24T17:28:48+08:00
6f4ea35c-c4d8-4267-a1e3-322fe56cd5c9,M-2127,ORD-20260824-3771-0032,CONCESSION_ACCRUAL,10,195,2026-08-24T21:39:38+08:00
459f72f3-a707-4135-a228-bfa585c7a805,M-1567,ORD-20260824-6075-0033,CONCESSION_ACCRUAL,10,170,2026-08-24T20:38:29+08:00
5b869529-bbb6-477f-9cb5-4ba5c55f11b5,M-1668,ORD-20260824-2542-0034,CONCESSION_ACCRUAL,8,176,2026-08-24T17:31:39+08:00
1e803d90-7ec0-4d9a-8362-ef7f7926f7cc,M-1427,ORD-20260824-8127-0035,CONCESSION_ACCRUAL,16,183,2026-08-24T23:16:38+08:00
82066501-0050-402c-a810-21fbc6dab7b6,M-2142,ORD-20260824-2488-0036,CONCESSION_ACCRUAL,16,178,2026-08-24T17:23:12+08:00
29f6ae20-6708-4298-8800-5ad0c765d2ec,M-2099,ORD-20260824-6748-0037,CONCESSION_ACCRUAL,60,391,2026-08-24T19:46:24+08:00
451b151b-9524-410b-915c-57896f755917,M-2008,ORD-20260824-8053-0038,CONCESSION_ACCRUAL,3,112,2026-08-24T10:41:48+08:00
0f5fc4ea-7c34-49b1-bd7e-51c12027de6f,M-1109,ORD-20260825-2033-0039,CONCESSION_ACCRUAL,18,775,2026-08-25T00:20:48+08:00
3284c9ed-2664-483b-91cb-446a8e13595d,M-1111,ORD-20260824-3921-0040,CONCESSION_ACCRUAL,30,213,2026-08-24T18:22:06+08:00
1e7b1101-4f8e-4acb-9596-08d7e8cb0210,M-1949,ORD-20260824-9713-0041,CONCESSION_ACCRUAL,30,284,2026-08-24T10:53:20+08:00
2c33be6b-e8b1-4fe8-b467-1cf8bea135fd,M-1002,ORD-20260824-9862-0042,CONCESSION_ACCRUAL,4,448,2026-08-24T22:50:47+08:00
99ef8e55-4f57-4ddf-95c7-9c02055e0127,M-2111,ORD-20260824-3489-0043,CONCESSION_ACCRUAL,18,148,2026-08-24T15:16:23+08:00
1418b30a-ee4a-480a-9362-778755e97333,M-1593,ORD-20260824-9462-0044,CONCESSION_ACCRUAL,40,68,2026-08-24T16:59:24+08:00
7fb245ee-6395-4395-9d76-2a099ea8b388,M-1300,ORD-20260825-2033-0045,CONCESSION_ACCRUAL,4,89,2026-08-25T03:10:43+08:00
46adb7d0-e712-4122-84a8-907e7b4cf92d,M-1182,ORD-20260824-6576-0046,CONCESSION_ACCRUAL,8,124,2026-08-24T19:50:59+08:00
c58b7af0-f5df-460d-9f44-5fbc819aa489,M-1915,ORD-20260824-2917-0047,CONCESSION_ACCRUAL,10,281,2026-08-24T20:48:17+08:00
f4a67bdd-ad3d-41c0-8316-4e9d9a1f8ddb,M-1429,ORD-20260824-6226-0048,CONCESSION_ACCRUAL,9,697,2026-08-24T19:10:26+08:00
7623ae39-b081-414c-95c5-0df231f6df88,M-1131,ORD-20260825-1425-0049,CONCESSION_ACCRUAL,37,214,2026-08-25T00:58:31+08:00
9203bff2-973f-4826-8066-1a2b3ce9befd,M-1680,ORD-20260824-7382-0050,CONCESSION_ACCRUAL,23,455,2026-08-24T23:52:59+08:00
ff7b042a-4811-4787-b95f-ab294504faa6,M-1764,ORD-20260824-9881-0051,CONCESSION_ACCRUAL,63,445,2026-08-24T19:31:20+08:00
6c601d56-954c-4fdc-a048-f33c81e2fa3a,M-1621,ORD-20260824-6258-0052,CONCESSION_ACCRUAL,24,322,2026-08-24T19:16:51+08:00
e1331543-4675-4f13-8142-226fc5c8c441,M-1621,TIER_UPGRADE_Silver_TO_Gold,TIER_BONUS,100,422,2026-08-24T19:16:51+08:00
3a85992b-de5f-45f0-a4a5-4f816f6e22e0,M-1826,ORD-20260824-5917-0053,CONCESSION_ACCRUAL,9,200,2026-08-24T22:00:23+08:00
cb309363-7864-4413-a3b7-c0adfeb6cef5,M-2154,ORD-20260824-2138-0054,CONCESSION_ACCRUAL,15,186,2026-08-24T21:26:17+08:00
259a750a-4f4d-4558-883d-c76436e248c4,M-1428,ORD-20260825-2863-0055,CONCESSION_ACCRUAL,26,152,2026-08-25T00:27:02+08:00
52c9382c-228f-4647-ba39-8e4dcd2b4eb4,M-1166,ORD-20260824-2405-0056,CONCESSION_ACCRUAL,36,193,2026-08-24T22:27:46+08:00
7d9c24e6-951f-4f67-9a55-466d9b3f679d,M-1970,ORD-20260824-2360-0057,CONCESSION_ACCRUAL,16,324,2026-08-24T22:50:11+08:00
d6eacc29-f133-4979-a639-055cd59ac5d6,M-1538,ORD-20260824-8007-0058,CONCESSION_ACCRUAL,15,135,2026-08-24T23:54:54+08:00
f6e570c5-91f2-4ce8-b10a-261273a4a951,M-1694,ORD-20260824-2606-0059,CONCESSION_ACCRUAL,26,323,2026-08-24T16:19:34+08:00
f0f184ff-057f-401a-97c5-f339b04b922d,M-1868,ORD-20260824-4084-0060,CONCESSION_ACCRUAL,6,73,2026-08-24T17:36:46+08:00
fdf04ea0-ff4d-441c-bb0b-502d18f8fc51,M-1665,ORD-20260824-4488-0061,CONCESSION_ACCRUAL,27,158,2026-08-24T23:36:12+08:00
b9c2d274-405e-44d6-86ed-066ef73d5bda,M-2063,ORD-20260825-1648-0062,CONCESSION_ACCRUAL,8,176,2026-08-25T00:24:32+08:00
22596f3f-e7aa-4e2a-ba1f-08d033c07ae2,M-1809,ORD-20260824-4519-0063,CONCESSION_ACCRUAL,9,652,2026-08-24T18:17:50+08:00
0731189d-6b05-48cf-bc40-0a49a2f4327c,M-1019,ORD-20260824-7336-0064,CONCESSION_ACCRUAL,15,49,2026-08-24T06:34:53+08:00
6d06e8d8-f15b-4e84-b17d-c701cdb83d22,M-2171,ORD-20260824-5921-0065,CONCESSION_ACCRUAL,11,148,2026-08-24T16:23:19+08:00
e3e6024f-b1c6-481f-9052-2c8d6aba6d72,M-1778,ORD-20260824-2465-0066,CONCESSION_ACCRUAL,10,215,2026-08-24T20:11:55+08:00
4ff01099-29ee-4aab-8fe4-d3fb7bc05a0d,M-2036,ORD-20260824-5396-0067,CONCESSION_ACCRUAL,8,145,2026-08-24T20:38:47+08:00
b5206014-a06f-483f-9c1c-f628b104504d,M-1587,ORD-20260824-7954-0068,CONCESSION_ACCRUAL,22,1166,2026-08-24T17:32:30+08:00
aa63a8f3-0331-468a-b564-7f4c3e266146,M-1596,ORD-20260824-1751-0069,CONCESSION_ACCRUAL,4,549,2026-08-24T16:29:02+08:00
256139f7-8dce-482a-9ec3-c6346a0e5e7d,M-1795,ORD-20260824-5726-0070,CONCESSION_ACCRUAL,8,92,2026-08-24T21:27:41+08:00
b7852dba-59ca-438a-8794-12cc7120b902,M-2017,ORD-20260824-3859-0071,CONCESSION_ACCRUAL,8,197,2026-08-24T22:32:20+08:00
b8e57ab5-40f1-4d98-bb39-f6d680d5a193,M-1051,ORD-20260825-7152-0072,CONCESSION_ACCRUAL,18,396,2026-08-25T01:02:23+08:00
706b68b1-86bb-4a15-b77d-ab37203c6687,M-1324,ORD-20260824-9300-0073,CONCESSION_ACCRUAL,33,98,2026-08-24T21:32:17+08:00
2f28a183-e5e5-49bb-a470-dee0483b3e86,M-1748,ORD-20260824-5903-0074,CONCESSION_ACCRUAL,18,708,2026-08-24T14:14:51+08:00
e2fc507a-645b-4a3f-a924-0b39a53c4bfd,M-1629,ORD-20260824-7967-0075,CONCESSION_ACCRUAL,30,93,2026-08-24T22:38:34+08:00
5febcc36-c989-4264-bb35-374fa32c9af5,M-1403,ORD-20260824-5222-0076,CONCESSION_ACCRUAL,18,2805,2026-08-24T22:25:52+08:00
11f47c45-a2bf-4299-b341-b1ecbbeb3207,M-1095,ORD-20260824-6884-0077,CONCESSION_ACCRUAL,18,183,2026-08-24T16:54:41+08:00
b99c2732-618e-409b-8c8c-ad72823b011f,M-1940,ORD-20260824-9385-0078,CONCESSION_ACCRUAL,21,214,2026-08-24T19:12:48+08:00
fe6548e6-1030-4209-96e2-badf3211a177,M-2098,ORD-20260824-9488-0079,CONCESSION_ACCRUAL,15,104,2026-08-24T23:11:11+08:00
20a113ce-0b0f-47ee-bd6c-27b63cc431e6,M-1898,ORD-20260825-4344-0080,CONCESSION_ACCRUAL,26,161,2026-08-25T01:27:49+08:00
073c9c03-4fc7-46a7-96ad-c5e2062db03c,M-1558,ORD-20260824-9272-0081,CONCESSION_ACCRUAL,8,339,2026-08-24T20:26:37+08:00
a6c570e3-6f09-4328-98a5-989bd4407f26,M-1421,ORD-20260824-9179-0082,CONCESSION_ACCRUAL,11,654,2026-08-24T21:39:17+08:00
571f2b14-68cd-4771-8204-1215ddca5666,M-1019,ORD-20260825-4971-0083,CONCESSION_ACCRUAL,8,57,2026-08-25T03:08:29+08:00
5cbf7ba3-61aa-4114-903c-583b26e731bf,M-1663,ORD-20260824-2038-0084,CONCESSION_ACCRUAL,18,256,2026-08-24T20:03:19+08:00
2b89c00c-7a94-4df4-8a52-9b7452df8d0d,M-1884,ORD-20260825-4619-0085,CONCESSION_ACCRUAL,8,228,2026-08-25T00:02:38+08:00
c09f354c-c7cc-4450-b3c4-db7cd7f5e6f3,M-1301,ORD-20260825-5842-0086,CONCESSION_ACCRUAL,28,97,2026-08-25T00:11:44+08:00
6e448a01-b73b-4289-9f94-0012243d0c7b,M-1151,ORD-20260824-2234-0087,CONCESSION_ACCRUAL,3,198,2026-08-24T23:23:32+08:00
a2093eb3-a86b-420e-8583-348051fc747f,M-1634,ORD-20260824-3476-0088,CONCESSION_ACCRUAL,3,218,2026-08-24T03:52:51+08:00
79f0e20a-e330-4b7b-bdc2-b99fd04c5017,M-1044,ORD-20260824-8026-0089,CONCESSION_ACCRUAL,47,669,2026-08-24T19:12:16+08:00
f5077621-e844-45e5-9f4e-f1ea8398812c,M-1315,ORD-20260824-9976-0090,CONCESSION_ACCRUAL,8,359,2026-08-24T23:30:33+08:00
e413ce79-c662-45f3-9fe9-023073721ebe,M-2058,ORD-20260824-7229-0091,CONCESSION_ACCRUAL,21,64,2026-08-24T21:36:18+08:00
e2f5bbbf-527b-4870-a5c3-f09dc75ef877,M-2000,ORD-20260824-8649-0092,CONCESSION_ACCRUAL,21,550,2026-08-24T23:31:36+08:00
950f3e31-5034-4897-9a7f-dcb420246303,M-1153,ORD-20260824-2596-0093,CONCESSION_ACCRUAL,15,467,2026-08-24T18:12:48+08:00
9bb2a2dc-f16f-41f5-9e59-87f663cf9947,M-1644,ORD-20260824-9427-0094,CONCESSION_ACCRUAL,24,262,2026-08-24T21:46:28+08:00
e74348ac-68dc-4a58-a5dd-b4b215d6613c,M-1390,ORD-20260824-6649-0095,CONCESSION_ACCRUAL,9,140,2026-08-24T15:11:22+08:00
433cd46b-c511-4f30-ab22-a57175ca4a9f,M-2029,ORD-20260825-4817-0096,CONCESSION_ACCRUAL,30,96,2026-08-25T00:10:36+08:00
95deec6c-3565-4084-862d-48d791af66d1,M-2135,ORD-20260824-4443-0097,CONCESSION_ACCRUAL,9,97,2026-08-24T21:51:45+08:00
8f7a3230-0b37-46ea-a670-1e6e4271268a,M-1942,ORD-20260824-2052-0098,CONCESSION_ACCRUAL,11,309,2026-08-24T14:57:45+08:00
7621cd2c-de68-40ba-b26f-4d08d81065e9,M-1406,ORD-20260824-2032-0099,CONCESSION_ACCRUAL,15,480,2026-08-24T23:20:29+08:00
5de41520-419f-4fa3-905d-daef6b18471e,M-1035,ORD-20260824-8091-0100,CONCESSION_ACCRUAL,25,274,2026-08-24T16:15:26+08:00
755c07d7-34f4-441a-8020-229158543d4e,M-1469,ORD-20260824-9817-0101,CONCESSION_ACCRUAL,15,550,2026-08-24T17:44:31+08:00
3ce96d60-7bab-4cb1-b46b-cd70f24fe1f0,M-1021,ORD-20260825-4277-0102,CONCESSION_ACCRUAL,9,643,2026-08-25T01:44:12+08:00
145bd25e-4684-4604-80bd-23bd89ba12e9,M-1724,ORD-20260824-2018-0103,CONCESSION_ACCRUAL,9,213,2026-08-24T09:36:04+08:00
3db909ad-e8c8-457d-9a9c-c96ee4821b58,M-1314,ORD-20260824-3443-0104,CONCESSION_ACCRUAL,23,568,2026-08-24T17:09:34+08:00
92a624db-889e-4dd0-bcd5-abc4ee4a1e7b,M-1009,ORD-20260824-6163-0105,CONCESSION_ACCRUAL,21,77,2026-08-24T20:11:17+08:00
e459c62b-a66e-4e04-850d-2ad16cc4140d,M-2153,ORD-20260825-2362-0106,CONCESSION_ACCRUAL,24,230,2026-08-25T00:27:12+08:00
8cec16a6-ec1e-47ba-ad09-ef8c6bee0b35,M-1431,ORD-20260824-6316-0107,CONCESSION_ACCRUAL,3,844,2026-08-24T21:29:31+08:00
cdb07bb2-8a53-487d-bb59-f155f89f7180,M-1803,ORD-20260825-7206-0108,CONCESSION_ACCRUAL,16,175,2026-08-25T00:25:13+08:00
b39d42aa-c0e1-4b9e-aca2-92155e01de35,M-1780,ORD-20260825-8745-0109,CONCESSION_ACCRUAL,28,335,2026-08-25T02:19:28+08:00
2d47bd2c-2451-4d69-961c-c313d25199bc,M-1861,ORD-20260824-4298-0110,CONCESSION_ACCRUAL,13,240,2026-08-24T19:19:38+08:00
e85e47ba-9e26-45e5-8071-f057fe14df9e,M-2016,ORD-20260824-8689-0111,CONCESSION_ACCRUAL,23,228,2026-08-24T21:04:03+08:00
7acbe1c8-26d3-4853-a606-9d4536cc21a4,M-1831,ORD-20260824-3564-0112,CONCESSION_ACCRUAL,25,79,2026-08-24T15:09:13+08:00
1c5bd3f3-100c-447a-82d0-1cf699705adc,M-1246,ORD-20260824-9560-0113,CONCESSION_ACCRUAL,18,552,2026-08-24T22:35:55+08:00
d7791cf0-a850-49d9-b7b6-09874c8d659f,M-1172,ORD-20260825-9835-0114,CONCESSION_ACCRUAL,12,1040,2026-08-25T02:11:19+08:00
2b98143a-47e9-451b-98bc-7b5736fe7e38,M-1415,ORD-20260824-2653-0115,CONCESSION_ACCRUAL,21,371,2026-08-24T14:01:44+08:00
0333915b-a1f9-443d-bbd7-3ae4565c9f0d,M-1111,ORD-20260824-2360-0116,CONCESSION_ACCRUAL,8,221,2026-08-24T14:04:06+08:00
174c044f-39aa-4fd6-a728-13fcf0ba41b6,M-1863,ORD-20260824-7219-0117,CONCESSION_ACCRUAL,3,244,2026-08-24T18:48:46+08:00
5b2b4d10-288d-4fb3-91f7-ad47681e1941,M-1610,ORD-20260824-3623-0118,CONCESSION_ACCRUAL,22,204,2026-08-24T22:23:33+08:00
0765e645-5be4-4934-ba35-8c8b049ef119,M-1547,ORD-20260824-7889-0119,CONCESSION_ACCRUAL,36,616,2026-08-24T19:04:56+08:00
0dea3f71-0f6f-48f2-90be-af36307d72af,M-1230,ORD-20260824-6304-0120,CONCESSION_ACCRUAL,20,223,2026-08-24T22:57:38+08:00
0fe6a583-f3e8-4ff6-9280-429b5c4da9cd,M-1143,ORD-20260824-4062-0121,CONCESSION_ACCRUAL,20,4137,2026-08-24T18:17:40+08:00
026d98ff-fad8-4060-be41-7fa40718a1f3,M-1724,ORD-20260824-5662-0122,CONCESSION_ACCRUAL,11,224,2026-08-24T20:42:25+08:00
612f9853-eead-46cc-b6ce-df78a84af6b4,M-1783,ORD-20260825-1813-0123,CONCESSION_ACCRUAL,8,477,2026-08-25T01:19:58+08:00
89cfbd7f-cf68-44ff-9715-ea68082a731e,M-2032,ORD-20260824-9209-0124,CONCESSION_ACCRUAL,11,215,2026-08-24T22:40:24+08:00
f60e4afe-95df-495d-857a-95590c500cdb,M-1487,ORD-20260824-6563-0125,CONCESSION_ACCRUAL,54,683,2026-08-24T23:20:10+08:00
94928a17-f4b8-4666-a0fb-e9c4eade1c66,M-1988,ORD-20260824-1308-0126,CONCESSION_ACCRUAL,18,196,2026-08-24T23:50:44+08:00
a74be3d8-9905-4413-ac12-e08b13da7110,M-1881,ORD-20260824-9409-0127,CONCESSION_ACCRUAL,20,117,2026-08-24T20:18:15+08:00
fcc6fd07-29d2-43f3-a470-1fcbc0c6add0,M-1881,TIER_UPGRADE_Standard_TO_Silver,TIER_BONUS,50,167,2026-08-24T20:18:15+08:00
16554857-1ffb-465f-b257-155d44ffba9f,M-1481,ORD-20260824-1507-0128,CONCESSION_ACCRUAL,20,490,2026-08-24T10:52:49+08:00
a247b081-f764-4c22-9a09-d9088e2a1fcc,M-1891,ORD-20260824-6803-0129,CONCESSION_ACCRUAL,18,355,2026-08-24T22:03:13+08:00
f2338091-1fea-4cf6-b4d7-d79b13788a1c,M-1604,ORD-20260824-3087-0130,CONCESSION_ACCRUAL,30,151,2026-08-24T20:41:21+08:00
7f81fcea-093a-4767-80ca-360714ff40cd,M-1307,ORD-20260824-9260-0131,CONCESSION_ACCRUAL,23,234,2026-08-24T18:09:05+08:00
0ab1fb20-2e2a-444a-a600-dcda0e9252a3,M-1626,ORD-20260824-3164-0132,CONCESSION_ACCRUAL,17,610,2026-08-24T23:59:47+08:00
fe05d817-2016-4082-8dbc-9ce8c3e18dd1,M-1726,ORD-20260824-5493-0133,CONCESSION_ACCRUAL,16,273,2026-08-24T23:27:13+08:00
25674334-4f00-4166-a6c2-943178184a5b,M-1811,ORD-20260825-1854-0134,CONCESSION_ACCRUAL,18,188,2026-08-25T00:27:00+08:00
698341af-4f68-4358-8723-52a396389c6a,M-1987,ORD-20260824-7758-0135,CONCESSION_ACCRUAL,18,151,2026-08-24T12:46:55+08:00
e187fda8-6ce6-4972-987a-3fd23f960bb2,M-1087,ORD-20260824-4317-0136,CONCESSION_ACCRUAL,9,1325,2026-08-24T19:45:10+08:00
6dd15e16-7572-4d91-84d9-cc9d0d3c3897,M-1988,ORD-20260824-9555-0137,CONCESSION_ACCRUAL,19,215,2026-08-24T21:51:36+08:00
c10caf34-532e-4c93-b68d-23584e1ecab4,M-1254,ORD-20260824-1754-0138,CONCESSION_ACCRUAL,20,551,2026-08-24T22:00:31+08:00
52739ce7-92e1-4d35-a2b6-409aef1b1230,M-1035,ORD-20260825-2639-0139,CONCESSION_ACCRUAL,16,290,2026-08-25T00:26:26+08:00
1a8045fe-d0c7-41b0-9fdb-dcd6ededc960,M-1055,ORD-20260825-6989-0140,CONCESSION_ACCRUAL,9,485,2026-08-25T01:42:19+08:00
46907623-1fd8-48df-af37-80b7e7e1fa0b,M-2173,ORD-20260824-4165-0141,CONCESSION_ACCRUAL,12,71,2026-08-24T18:04:57+08:00
e298680a-81e2-4fa9-a3c8-80cff2cb70a6,M-1116,ORD-20260824-8846-0142,CONCESSION_ACCRUAL,16,165,2026-08-24T06:29:31+08:00
4cd81504-f02a-492b-971c-5b1b63909afe,M-1568,ORD-20260824-8489-0143,CONCESSION_ACCRUAL,30,324,2026-08-24T06:35:27+08:00
91e190ee-2bbf-45e1-896f-8f9668f97882,M-2040,ORD-20260825-6879-0144,CONCESSION_ACCRUAL,15,45,2026-08-25T00:00:05+08:00
ba132c6b-9ab7-4fa2-80ee-7d3b50ca9838,M-1448,ORD-20260825-3426-0145,CONCESSION_ACCRUAL,22,344,2026-08-25T01:24:30+08:00
4d6bf706-0180-48cf-b272-34cc203abc18,M-1653,ORD-20260825-9518-0146,CONCESSION_ACCRUAL,33,379,2026-08-25T01:47:02+08:00
ae03cd04-7a01-41a6-a74f-c3219019ccaa,M-1481,ORD-20260824-6545-0147,CONCESSION_ACCRUAL,23,513,2026-08-24T16:26:17+08:00
e55fe1e8-74b4-405d-a342-7ea09cfe6ce1,M-1481,TIER_UPGRADE_Silver_TO_Gold,TIER_BONUS,100,613,2026-08-24T16:26:17+08:00
5445d28a-ae89-4164-95b1-c0363291bfca,M-1518,ORD-20260824-5925-0148,CONCESSION_ACCRUAL,3,595,2026-08-24T21:01:35+08:00
4c32f2ca-d518-4e6d-8dfc-939a327f2ab2,M-1037,ORD-20260825-5568-0149,CONCESSION_ACCRUAL,27,532,2026-08-25T03:07:31+08:00
cac64ad8-95fa-4181-82ce-001642b0dbee,M-1910,ORD-20260824-1620-0150,CONCESSION_ACCRUAL,9,58,2026-08-24T23:19:23+08:00
6b7d56f3-6345-4950-a5b8-8f79b89304fd,M-2177,ORD-20260824-2769-0151,CONCESSION_ACCRUAL,8,217,2026-08-24T13:05:38+08:00
b8836dfe-13bf-4f9e-8c31-1762a5bd7d36,M-1586,ORD-20260825-9030-0152,CONCESSION_ACCRUAL,36,114,2026-08-25T00:39:56+08:00
d4b8e661-7962-4b28-8a50-56cf414f1cf8,M-1669,ORD-20260824-1660-0153,CONCESSION_ACCRUAL,48,286,2026-08-24T17:49:17+08:00
eabf5d6c-c0fb-4060-881c-83b625b2df90,M-1559,ORD-20260824-6744-0154,CONCESSION_ACCRUAL,19,321,2026-08-24T17:13:09+08:00
cb730eab-d0b6-4c7a-afb7-bfa58f043b98,M-1880,ORD-20260824-1313-0155,CONCESSION_ACCRUAL,6,113,2026-08-24T20:27:38+08:00
b4e42e93-5908-42a5-b0d5-6629a6f041bd,M-1394,ORD-20260824-9243-0156,CONCESSION_ACCRUAL,22,188,2026-08-24T20:03:02+08:00
e6d19050-4d49-4eda-b71a-0a3466045e0a,M-1699,ORD-20260825-5220-0157,CONCESSION_ACCRUAL,11,34,2026-08-25T00:42:34+08:00
e1450bf4-0393-4355-8ef3-6759fa48775b,M-1484,ORD-20260824-1594-0158,CONCESSION_ACCRUAL,3,511,2026-08-24T20:31:55+08:00
2081c470-44b7-405f-a4ae-f3947358d1df,M-1181,ORD-20260825-4299-0159,CONCESSION_ACCRUAL,14,231,2026-08-25T00:04:22+08:00
ac2d0922-3a86-429a-baf1-cc187110bbe0,M-1582,ORD-20260824-7772-0160,CONCESSION_ACCRUAL,11,635,2026-08-24T19:14:08+08:00
eed240fc-6624-481e-862e-29e1509a04d9,M-2027,ORD-20260825-3986-0161,CONCESSION_ACCRUAL,3,279,2026-08-25T00:32:35+08:00
7b19110c-6cd2-411d-ba97-4b7a38cddb6b,M-2105,ORD-20260824-7849-0162,CONCESSION_ACCRUAL,3,443,2026-08-24T18:17:31+08:00
58d80398-4271-4e75-944c-4fa5ec392e4d,M-1434,ORD-20260824-2827-0163,CONCESSION_ACCRUAL,17,291,2026-08-24T23:58:16+08:00
bf2ce2bb-def8-4898-8dee-865498c799c3,M-1684,ORD-20260824-6154-0164,CONCESSION_ACCRUAL,15,815,2026-08-24T11:08:27+08:00
426c3f1b-8804-479f-985c-8e484166a4d2,M-1654,ORD-20260824-8227-0165,CONCESSION_ACCRUAL,18,76,2026-08-24T23:12:19+08:00
87d9fc69-0af9-40fb-9188-9a6ae91d4091,M-1174,ORD-20260824-7149-0166,CONCESSION_ACCRUAL,7,151,2026-08-24T18:57:48+08:00
14aed384-fd8a-49b1-aa68-cae70dd5f7ce,M-1812,ORD-20260824-7817-0167,CONCESSION_ACCRUAL,21,837,2026-08-24T23:44:40+08:00
29f7227e-0244-4e52-a83f-e0c06c8262ff,M-1674,ORD-20260824-2415-0168,CONCESSION_ACCRUAL,11,666,2026-08-24T19:23:58+08:00
ab6f5a0e-801e-4bdd-a5a4-9288ab731774,M-1853,ORD-20260824-6927-0169,CONCESSION_ACCRUAL,3,98,2026-08-24T19:58:48+08:00
bf1d7528-3d83-44a7-b829-16cced610031,M-1794,ORD-20260824-2480-0170,CONCESSION_ACCRUAL,65,277,2026-08-24T23:53:17+08:00
b5c22aa4-0774-4b75-b37d-04a756bfb01e,M-1203,ORD-20260824-6914-0171,CONCESSION_ACCRUAL,35,207,2026-08-24T19:39:37+08:00
5873df38-8589-4c62-a51d-4f718b781b18,M-1520,ORD-20260824-5735-0172,CONCESSION_ACCRUAL,12,1013,2026-08-24T23:37:50+08:00
1332331c-cbf4-4eb5-b708-0407d83635c5,M-1950,ORD-20260824-1220-0173,CONCESSION_ACCRUAL,10,105,2026-08-24T19:49:19+08:00
72bf4303-3341-416d-b4e0-fdd4cfbdffe8,M-1110,ORD-20260824-9987-0174,CONCESSION_ACCRUAL,11,284,2026-08-24T23:13:46+08:00
01d63ef4-063d-4b7e-96cc-44e8f4242302,M-2047,ORD-20260824-9713-0175,CONCESSION_ACCRUAL,29,258,2026-08-24T11:07:01+08:00
2180cc0e-c931-49f0-9dd4-047b68b4e9af,M-1316,ORD-20260824-8835-0176,CONCESSION_ACCRUAL,21,191,2026-08-24T13:58:18+08:00
0300d164-41bc-42bb-a9c7-59f8c0241599,M-1133,ORD-20260824-6516-0177,CONCESSION_ACCRUAL,21,376,2026-08-24T23:46:42+08:00
5f117166-c5eb-465c-a4f1-0595fd1a8972,M-1054,ORD-20260824-6205-0178,CONCESSION_ACCRUAL,15,176,2026-08-24T13:59:41+08:00
910992f5-4d88-40d2-9a6a-b62b5038caf7,M-1015,ORD-20260824-6826-0179,CONCESSION_ACCRUAL,15,813,2026-08-24T16:45:33+08:00
ac4c9aea-1891-41e2-8abd-731fb1d6b78e,M-2128,ORD-20260824-6565-0180,CONCESSION_ACCRUAL,11,483,2026-08-24T20:44:49+08:00
92bc0ec8-fe67-4521-ba67-a77fe96ff594,M-2194,ORD-20260824-3601-0181,CONCESSION_ACCRUAL,20,216,2026-08-24T23:19:29+08:00
0fa4a2b7-dd9a-4e48-b193-e2995ac2d31b,M-1828,ORD-20260824-2948-0182,CONCESSION_ACCRUAL,41,209,2026-08-24T23:39:57+08:00
b737a2a3-1e0e-428a-a1d3-d6c7c42390b4,M-1731,ORD-20260824-1465-0183,CONCESSION_ACCRUAL,8,253,2026-08-24T22:17:53+08:00
c5c18800-4aba-4796-b9e9-644064b93f07,M-1229,ORD-20260825-4738-0184,CONCESSION_ACCRUAL,3,204,2026-08-25T00:13:37+08:00
3c793dfc-964b-4c11-b4f0-d976ded7538c,M-1814,ORD-20260825-5099-0185,CONCESSION_ACCRUAL,15,145,2026-08-25T00:34:13+08:00
0f5d7ca4-527d-4da4-be2b-f1f369510e05,M-1225,ORD-20260824-3613-0186,CONCESSION_ACCRUAL,33,161,2026-08-24T17:23:01+08:00
00d50840-caf7-4ab8-9936-b98864fef29e,M-1702,ORD-20260824-2189-0187,CONCESSION_ACCRUAL,9,312,2026-08-24T03:30:28+08:00
1dbdb7ea-26be-4316-a0e5-344cd3566980,M-1033,ORD-20260824-2091-0188,CONCESSION_ACCRUAL,11,156,2026-08-24T22:40:32+08:00
4c6f02d2-8094-4071-a6fb-303a07f30bc3,M-1865,ORD-20260825-2261-0189,CONCESSION_ACCRUAL,10,271,2026-08-25T00:20:37+08:00
0cb39bc3-dcc2-48cd-bea6-51fefc258a98,M-1190,ORD-20260825-7148-0190,CONCESSION_ACCRUAL,27,263,2026-08-25T00:22:43+08:00
d892f183-bf86-46c9-bec9-b9dcbeeb8255,M-1992,ORD-20260824-8789-0191,CONCESSION_ACCRUAL,22,253,2026-08-24T04:25:37+08:00
02e23c08-0a92-4eff-97a4-69ee43696062,M-1760,ORD-20260824-7343-0192,CONCESSION_ACCRUAL,21,669,2026-08-24T16:09:54+08:00
63893c91-9bc5-42a7-9608-bea37fe2e6bd,M-1848,ORD-20260824-4516-0193,CONCESSION_ACCRUAL,8,90,2026-08-24T21:33:13+08:00
a36490c5-c100-4934-9d09-0dcaf11a4325,M-1052,ORD-20260824-6901-0194,CONCESSION_ACCRUAL,48,474,2026-08-24T21:02:56+08:00
fce0b08b-9669-4b0e-8eb2-9495a4dd8e23,M-1147,ORD-20260824-1640-0195,CONCESSION_ACCRUAL,8,122,2026-08-24T19:39:55+08:00
56d43767-97b1-4357-8c5c-030bb86ad803,M-1482,ORD-20260825-9307-0196,CONCESSION_ACCRUAL,18,480,2026-08-25T03:11:32+08:00
9bf09ffc-12cc-4f94-a20d-0c2bb0289b4a,M-1365,ORD-20260824-4625-0197,CONCESSION_ACCRUAL,38,154,2026-08-24T16:17:28+08:00
2f2ea690-2c48-47f5-a80b-9d8d921adc3d,M-2179,ORD-20260824-9942-0198,CONCESSION_ACCRUAL,17,275,2026-08-24T22:21:08+08:00
3e494f0f-f1ca-4553-a5e2-a1d4cfade7b7,M-1457,ORD-20260824-7620-0199,CONCESSION_ACCRUAL,10,256,2026-08-24T22:27:03+08:00
81c626f4-8dd5-4270-8b3a-c06b56594830,M-1573,ORD-20260824-1811-0200,CONCESSION_ACCRUAL,18,620,2026-08-24T13:09:30+08:00
45d5a37d-3ef7-472c-9ce3-00be7742a188,M-1084,ORD-20260824-4374-0201,CONCESSION_ACCRUAL,16,374,2026-08-24T16:39:21+08:00
b7402086-711b-4206-a026-2845d7ba08ee,M-1615,ORD-20260824-9216-0202,CONCESSION_ACCRUAL,11,117,2026-08-24T22:54:58+08:00
97334b46-7c1f-4be2-9ba1-4ff062b546c0,M-2044,ORD-20260824-3922-0203,CONCESSION_ACCRUAL,8,140,2026-08-24T11:42:15+08:00
bc30b5ac-4fe2-48ab-991f-1e3b588b368e,M-1643,ORD-20260824-8491-0204,CONCESSION_ACCRUAL,18,344,2026-08-24T15:08:40+08:00
b3aeabd4-e4fa-4821-9650-d7730f8120fe,M-1725,ORD-20260824-3631-0205,CONCESSION_ACCRUAL,9,63,2026-08-24T15:13:38+08:00
86f39e3c-20e1-4932-a968-79ec97cc5bc1,M-1871,ORD-20260824-2810-0206,CONCESSION_ACCRUAL,22,204,2026-08-24T20:23:10+08:00
3688f5ad-d5c3-49ef-8539-a402e9da4231,M-1882,ORD-20260824-3145-0207,CONCESSION_ACCRUAL,19,118,2026-08-24T16:49:42+08:00
b6b6660d-3515-4ff4-afaf-f7571bfcd853,M-1927,ORD-20260825-2645-0208,CONCESSION_ACCRUAL,3,104,2026-08-25T01:14:30+08:00
d56ff5d4-14c1-4f9a-afea-0e6a03c8446a,M-2120,ORD-20260825-4026-0209,CONCESSION_ACCRUAL,16,544,2026-08-25T04:11:47+08:00
7c77345c-0e23-4c21-ac14-3c1c6941c4d0,M-1496,ORD-20260825-5023-0210,CONCESSION_ACCRUAL,16,640,2026-08-25T00:04:21+08:00
9edfbe24-f88e-4583-8f5b-800c21b12e28,M-1642,ORD-20260825-5540-0211,CONCESSION_ACCRUAL,31,326,2026-08-25T00:45:14+08:00
d8d3ed2e-b1ae-4fc4-b40d-730df9746060,M-1222,ORD-20260824-7626-0212,CONCESSION_ACCRUAL,15,823,2026-08-24T10:00:34+08:00
b6386d87-eedc-4dd3-817c-fb329b07cc84,M-1204,ORD-20260824-9049-0213,CONCESSION_ACCRUAL,18,320,2026-08-24T14:36:06+08:00
4cbd0018-e283-46eb-b414-deb92f33f2cf,M-1679,ORD-20260824-3255-0214,CONCESSION_ACCRUAL,53,623,2026-08-24T22:23:07+08:00
f7c9fb80-1848-41fc-9acd-899e007e01be,M-1213,ORD-20260824-7798-0215,CONCESSION_ACCRUAL,30,306,2026-08-24T23:12:48+08:00
19fa1932-b1f7-487f-bf03-921ee0af06bb,M-1733,ORD-20260824-1565-0216,CONCESSION_ACCRUAL,8,151,2026-08-24T22:31:40+08:00
53a60731-4e21-4d15-be92-3318265b763c,M-1539,ORD-20260824-3353-0217,CONCESSION_ACCRUAL,36,1423,2026-08-24T23:46:42+08:00
24e712a3-ce9f-4889-9a5d-e6912d483cab,M-1510,ORD-20260825-4331-0218,CONCESSION_ACCRUAL,13,466,2026-08-25T00:11:23+08:00
c860dfd4-19aa-4c0b-b1b9-e1d14fc80ba3,M-1244,ORD-20260824-4554-0219,CONCESSION_ACCRUAL,31,831,2026-08-24T14:34:21+08:00
afb48d10-1295-4a78-af60-996323dc74c2,M-1806,ORD-20260824-6374-0220,CONCESSION_ACCRUAL,21,306,2026-08-24T23:28:52+08:00
7bf5ed92-5f8a-482f-b652-30725d33d479,M-1193,ORD-20260824-3371-0221,CONCESSION_ACCRUAL,9,63,2026-08-24T20:38:51+08:00
09f87657-c0b9-4646-8186-ac08e5730948,M-1542,ORD-20260825-9694-0222,CONCESSION_ACCRUAL,27,323,2026-08-25T01:17:00+08:00
66aa3482-be07-4a6c-9348-b8caaaf6776c,M-1591,ORD-20260825-5331-0223,CONCESSION_ACCRUAL,4,1858,2026-08-25T00:10:24+08:00
7c9a98c8-3c96-43dc-81c6-855b63cd04de,M-2053,ORD-20260824-4053-0224,CONCESSION_ACCRUAL,45,548,2026-08-24T22:02:26+08:00
5638762c-1c5a-4460-a3af-981d6f59ba06,M-1929,ORD-20260824-8131-0225,CONCESSION_ACCRUAL,15,89,2026-08-24T17:32:06+08:00
6fd8fe82-81ee-486d-9afb-6ae7ef00e277,M-1748,ORD-20260824-3806-0226,CONCESSION_ACCRUAL,36,744,2026-08-24T21:11:19+08:00
07bbb027-dbdd-4f2d-a946-7e86dacba8a4,M-1062,ORD-20260825-1393-0227,CONCESSION_ACCRUAL,9,528,2026-08-25T02:25:05+08:00
53b60a52-c19b-407b-8dfd-4e9215b3ee60,M-1581,ORD-20260824-9963-0228,CONCESSION_ACCRUAL,67,392,2026-08-24T23:25:28+08:00
26a5d0eb-5d80-4cfc-94ee-d9fb33b981a3,M-1611,ORD-20260824-8931-0229,CONCESSION_ACCRUAL,84,516,2026-08-24T21:07:45+08:00
7213f4f3-78dc-40b1-a146-f1e2fb71aeb1,M-1201,ORD-20260825-4898-0230,CONCESSION_ACCRUAL,12,700,2026-08-25T01:57:47+08:00
2d4322c3-771e-4da1-b3ea-88ef3388113a,M-1696,ORD-20260825-7541-0231,CONCESSION_ACCRUAL,23,613,2026-08-25T00:25:14+08:00
ad068c55-88ec-481e-aa2d-238ffdbec98f,M-1580,ORD-20260824-2644-0232,CONCESSION_ACCRUAL,9,1191,2026-08-24T22:17:09+08:00
9820bb1c-b33d-4aa8-ae6c-513eb04988d6,M-1073,ORD-20260825-7401-0233,CONCESSION_ACCRUAL,3,50,2026-08-25T01:11:13+08:00
513bd94c-8e15-4365-b252-643ca0b04eac,M-1193,ORD-20260824-5156-0234,CONCESSION_ACCRUAL,22,85,2026-08-24T23:56:41+08:00
6b1d5feb-815e-4c87-aa2f-d60f8968976e,M-1733,ORD-20260824-1703-0235,CONCESSION_ACCRUAL,19,170,2026-08-24T15:20:39+08:00
b9adfde0-aa3d-4a57-87e5-eab400763bb3,M-1136,ORD-20260824-1315-0236,CONCESSION_ACCRUAL,24,154,2026-08-24T19:26:58+08:00
37e61bde-895b-40d6-b3a3-045505409fb9,M-1657,ORD-20260824-1915-0237,CONCESSION_ACCRUAL,16,801,2026-08-24T23:10:11+08:00
ac6779c3-6c83-4e77-b062-88e9a862124f,M-1635,ORD-20260824-3034-0238,CONCESSION_ACCRUAL,15,112,2026-08-24T23:07:15+08:00
d95b9a7b-828a-433d-be41-d7f85661b8ba,M-1537,ORD-20260824-2548-0239,CONCESSION_ACCRUAL,3,493,2026-08-24T20:39:24+08:00
fa27f0e9-2019-4828-9550-6b14d463b7ec,M-1417,ORD-20260824-9969-0240,CONCESSION_ACCRUAL,8,583,2026-08-24T23:47:56+08:00
8a6d8ec7-e0ad-4e13-96e8-7bd961bbaaee,M-1774,ORD-20260825-7494-0241,CONCESSION_ACCRUAL,26,303,2026-08-25T04:04:22+08:00
b0ff5a50-c348-43d2-9836-3c8c0c3f6540,M-1052,ORD-20260825-6139-0242,CONCESSION_ACCRUAL,29,503,2026-08-25T01:09:54+08:00
48067da3-cf08-41c9-b11b-906f2fb380a5,M-2146,ORD-20260824-3318-0243,CONCESSION_ACCRUAL,15,259,2026-08-24T23:19:36+08:00
00ae1712-4650-4943-98ba-f94728346c72,M-1343,ORD-20260824-9236-0244,CONCESSION_ACCRUAL,25,134,2026-08-24T22:37:44+08:00
e9bf768f-8d6a-44b5-8b46-aacf34b7f78c,M-2104,ORD-20260824-8054-0245,CONCESSION_ACCRUAL,3,46,2026-08-24T17:25:24+08:00
3f011ce3-7ffc-4874-8ff9-0d4bcca84ed8,M-1288,ORD-20260824-5201-0246,CONCESSION_ACCRUAL,23,189,2026-08-24T19:34:01+08:00
7ffd4507-b392-4be1-815d-698cecd4ac05,M-1359,ORD-20260824-9583-0247,CONCESSION_ACCRUAL,42,994,2026-08-24T15:19:59+08:00
5c5f44de-daee-482f-bbfd-ee5e12063be4,M-2057,ORD-20260825-9457-0248,CONCESSION_ACCRUAL,17,104,2026-08-25T01:24:29+08:00
a0f163db-3877-4b07-b8d3-fdfa51d657ed,M-1291,ORD-20260824-2761-0249,CONCESSION_ACCRUAL,48,585,2026-08-24T21:07:28+08:00
f139d62a-2e84-4ae3-a3a7-8248de231438,M-2198,ORD-20260824-4536-0250,CONCESSION_ACCRUAL,13,27,2026-08-24T23:50:05+08:00
7bea065d-a60f-4072-98f7-998fe3011d1d,M-1369,ORD-20260824-1103-0251,CONCESSION_ACCRUAL,3,660,2026-08-24T21:55:22+08:00
e9309df5-4d1f-4673-b8ca-c59b8d88e65f,M-1817,ORD-20260825-2070-0252,CONCESSION_ACCRUAL,66,690,2026-08-25T00:21:29+08:00
527515d8-9f49-4a14-bf34-19fe2ccad372,M-1377,ORD-20260824-8742-0253,CONCESSION_ACCRUAL,8,370,2026-08-24T22:56:08+08:00
a1120e1a-c817-4557-9332-8e8054a55ab3,M-1855,ORD-20260824-4024-0254,CONCESSION_ACCRUAL,12,138,2026-08-24T22:31:12+08:00
a25ed144-3831-4363-ba63-2a04b1dd3200,M-1005,ORD-20260824-3877-0255,CONCESSION_ACCRUAL,11,133,2026-08-24T15:09:54+08:00
b2e58510-554e-4924-8b78-5240af909f11,M-1944,ORD-20260825-6127-0256,CONCESSION_ACCRUAL,7,22,2026-08-25T00:17:17+08:00
28d3e76a-4c9a-488f-b516-8469b466c54e,M-1737,ORD-20260824-4265-0257,CONCESSION_ACCRUAL,10,391,2026-08-24T23:28:40+08:00
d1cda4d1-a0a4-4932-a40f-65d6207ab147,M-1747,ORD-20260824-3502-0258,CONCESSION_ACCRUAL,9,487,2026-08-24T23:17:14+08:00
6603ea87-9b85-4bd6-a2dd-d9d1cdc78829,M-1652,ORD-20260824-7670-0259,CONCESSION_ACCRUAL,11,89,2026-08-24T14:18:26+08:00
ff690a14-9664-4436-a450-6d11d428631f,M-1216,ORD-20260824-5469-0260,CONCESSION_ACCRUAL,4,468,2026-08-24T21:57:13+08:00
6104390c-21a8-4af4-ada3-31cd5d85fdec,M-1496,ORD-20260824-1531-0261,CONCESSION_ACCRUAL,7,647,2026-08-24T19:11:00+08:00
4549e5e2-1319-4c7c-9b88-597e63b42fbb,M-1993,ORD-20260824-5971-0262,CONCESSION_ACCRUAL,11,79,2026-08-24T13:54:00+08:00
3b5838b9-efbf-4218-bee9-7d1c7d5a314b,M-2045,ORD-20260824-5266-0263,CONCESSION_ACCRUAL,8,119,2026-08-24T10:29:00+08:00
7fbf5c9d-d45f-4f33-8e6a-a13f06cb4a1b,M-1128,ORD-20260824-7247-0264,CONCESSION_ACCRUAL,11,268,2026-08-24T09:25:00+08:00
69968d18-61e0-4b6b-9c50-11bf2bcd9f8c,M-1619,ORD-20260824-3980-0265,CONCESSION_ACCRUAL,15,407,2026-08-24T19:16:00+08:00
4a36edce-ae0c-411f-a976-33f4e73e3ef9,M-1827,ORD-20260824-4896-0266,CONCESSION_ACCRUAL,58,686,2026-08-24T19:54:00+08:00
8f2c51ee-4d23-4ab5-9e81-9680350e8d89,M-2174,ORD-20260824-2250-0267,CONCESSION_ACCRUAL,34,177,2026-08-24T09:35:00+08:00
fd614388-1e1b-46a9-9cbc-29591eb560a6,M-1640,ORD-20260824-5876-0268,CONCESSION_ACCRUAL,16,300,2026-08-24T12:17:00+08:00
8d4179c7-eee8-41b9-b1f3-582029a80270,M-1640,TIER_UPGRADE_Silver_TO_Gold,TIER_BONUS,100,400,2026-08-24T12:17:00+08:00
5a2a8674-dff2-4591-9328-fe3ef9ee57da,M-1638,ORD-20260824-2712-0269,CONCESSION_ACCRUAL,8,563,2026-08-24T10:04:00+08:00
3625bfae-e8e4-47fd-add7-2ddf436fe6d2,M-1334,ORD-20260824-7172-0270,CONCESSION_ACCRUAL,16,228,2026-08-24T14:58:00+08:00
0e105d19-bc57-4df0-86a4-4ac9c7a587f0,M-2081,ORD-20260824-8564-0271,CONCESSION_ACCRUAL,22,80,2026-08-24T13:28:00+08:00
e9e918e0-8eae-4b85-aa6d-474be819b047,M-1118,ORD-20260824-5132-0272,CONCESSION_ACCRUAL,11,228,2026-08-24T14:38:00+08:00
2de82ece-65af-4d4e-be1a-c47d8ca88949,M-1563,ORD-20260824-6893-0273,CONCESSION_ACCRUAL,11,375,2026-08-24T09:13:00+08:00
703d956a-d49c-463d-b010-354f7e8a18e4,M-1610,ORD-20260824-3083-0274,CONCESSION_ACCRUAL,15,219,2026-08-24T11:05:00+08:00
786d6b24-0dd0-4ba8-a02b-1184ce1d743f,M-1087,ORD-20260824-5432-0275,CONCESSION_ACCRUAL,27,1352,2026-08-24T12:48:00+08:00
288541fa-891d-47dd-af6d-dabc13558748,M-1554,ORD-20260824-1200-0276,CONCESSION_ACCRUAL,9,1130,2026-08-24T12:07:00+08:00
46082f8a-c68f-4dff-8b98-ba3ed2db075e,M-1113,ORD-20260824-3262-0277,CONCESSION_ACCRUAL,4,1058,2026-08-24T14:26:00+08:00
090b044f-762a-4bab-b6e2-669b56afdd1b,M-1148,ORD-20260824-4454-0278,CONCESSION_ACCRUAL,11,102,2026-08-24T12:49:00+08:00
143de109-775b-4d4a-8616-7d88c17de51a,M-1052,ORD-20260824-5617-0279,CONCESSION_ACCRUAL,19,522,2026-08-24T20:45:00+08:00
e1141a71-883c-4e59-b49e-c6b8e1217ee2,M-1795,ORD-20260824-6739-0280,CONCESSION_ACCRUAL,10,102,2026-08-24T15:53:00+08:00
3ccc055f-a41b-4f5e-be3f-a5a1aaece188,M-1411,ORD-20260824-2119-0281,CONCESSION_ACCRUAL,12,648,2026-08-24T17:06:00+08:00
f0727716-e001-4bfc-8f09-347ca7e18852,M-2150,ORD-20260824-8070-0282,CONCESSION_ACCRUAL,6,163,2026-08-24T18:57:00+08:00
a1121ed5-4156-4d7c-8fee-09c1e4f4eb17,M-1865,ORD-20260824-5957-0283,CONCESSION_ACCRUAL,11,282,2026-08-24T22:01:00+08:00
85dd7215-a7a0-47e4-935d-08cc5ff93745,M-1811,ORD-20260824-6761-0284,CONCESSION_ACCRUAL,25,213,2026-08-24T15:40:00+08:00
d45867c6-f75e-43a9-9c56-c6600dec3069,M-2053,ORD-20260824-4910-0285,CONCESSION_ACCRUAL,16,564,2026-08-24T11:02:00+08:00
ab08763a-39bf-44cb-80e6-f4af6c4c39b1,M-1541,ORD-20260824-8655-0286,CONCESSION_ACCRUAL,23,230,2026-08-24T14:44:00+08:00
74eee520-859a-43b7-bec8-3bb4993ef76e,M-2013,ORD-20260824-5847-0287,CONCESSION_ACCRUAL,28,236,2026-08-24T11:42:00+08:00
4fb3870d-9b26-4972-a3c2-07916fd3e53b,M-1014,ORD-20260824-7722-0288,CONCESSION_ACCRUAL,17,195,2026-08-24T20:05:00+08:00
4b13bd22-5847-46eb-af63-b5a0afd379d8,M-1580,ORD-20260824-1686-0289,CONCESSION_ACCRUAL,9,1200,2026-08-24T09:38:00+08:00
e9489bae-9991-4638-89ce-29404bf2e505,M-1279,ORD-20260824-5540-0290,CONCESSION_ACCRUAL,11,197,2026-08-24T10:33:00+08:00
6f6e5b9f-838f-4df2-9b1d-96646b39d1fd,M-1700,ORD-20260824-3657-0291,CONCESSION_ACCRUAL,23,589,2026-08-24T21:27:00+08:00
e7b4aee0-09af-4db8-b144-e1213ded4b9c,M-1410,ORD-20260824-6001-0292,CONCESSION_ACCRUAL,4,578,2026-08-24T11:16:00+08:00
c2f84ace-0e0b-4c61-9eb5-4e778ee018e4,M-1369,ORD-20260824-7436-0293,CONCESSION_ACCRUAL,8,668,2026-08-24T10:04:00+08:00
f14fe0bb-1279-4f87-878a-164f7d62b43d,M-2039,ORD-20260824-8102-0294,CONCESSION_ACCRUAL,9,146,2026-08-24T11:01:00+08:00
1fda4f5b-79fb-4cc4-b5d1-3eebfbcfd378,M-1741,ORD-20260824-2378-0295,CONCESSION_ACCRUAL,15,63,2026-08-24T19:46:00+08:00
d00c7d02-81e0-4d92-b4a2-bedab446c5ce,M-1829,ORD-20260824-7664-0296,CONCESSION_ACCRUAL,18,67,2026-08-24T12:23:00+08:00
2737d30f-d2a7-4680-914e-b7adbb8150aa,M-1475,ORD-20260824-5130-0297,CONCESSION_ACCRUAL,18,1008,2026-08-24T09:19:00+08:00
84242496-1354-4fc0-9db7-0c4c71dcdbb2,M-1790,ORD-20260824-4852-0298,CONCESSION_ACCRUAL,15,179,2026-08-24T21:40:00+08:00
6cbe9510-a34c-4d88-b36b-1b16f732a150,M-1137,ORD-20260824-1684-0299,CONCESSION_ACCRUAL,9,199,2026-08-24T17:45:00+08:00
a4490cf9-1cc2-4608-ae84-7a854194cdb7,M-1433,ORD-20260824-4026-0300,CONCESSION_ACCRUAL,29,202,2026-08-24T15:00:00+08:00
ca31c7e5-cbc3-436c-92d1-e891cdc0d2b0,M-1609,ORD-20260824-1067-0301,CONCESSION_ACCRUAL,24,688,2026-08-24T18:05:00+08:00
5bfc275a-72f3-4746-992e-9f823e95e32e,M-1764,ORD-20260824-4083-0302,CONCESSION_ACCRUAL,40,485,2026-08-24T10:54:00+08:00
7eb8104e-2b3a-4df4-a916-cdd1ceae5ee9,M-1504,ORD-20260824-7704-0303,CONCESSION_ACCRUAL,34,445,2026-08-24T15:09:00+08:00
93cd7fcb-7435-4400-bf02-143cf04d06ca,M-1010,ORD-20260824-9754-0304,CONCESSION_ACCRUAL,11,613,2026-08-24T09:56:00+08:00
446acdba-0609-4e2d-ace5-8c7bd5f10ae6,M-2124,ORD-20260824-6737-0305,CONCESSION_ACCRUAL,26,237,2026-08-24T14:19:00+08:00
48d831c0-9a42-4256-b11d-f64231c794e6,M-2197,ORD-20260824-9182-0306,CONCESSION_ACCRUAL,32,538,2026-08-24T20:02:00+08:00
0016396a-4406-4b31-a59b-0ac2ea4e9304,M-1721,ORD-20260824-9849-0307,CONCESSION_ACCRUAL,12,675,2026-08-24T20:51:00+08:00
de5693b6-56cb-4023-b511-8eabbe3eb1b1,M-1049,ORD-20260824-5473-0308,CONCESSION_ACCRUAL,11,127,2026-08-24T19:16:00+08:00
eea2dfa6-cf44-4796-a5d5-3aecd09fcbc7,M-1767,ORD-20260824-5839-0309,CONCESSION_ACCRUAL,15,82,2026-08-24T12:23:00+08:00
49715891-fff0-48f1-9739-1616ea37878e,M-1729,ORD-20260824-8033-0310,CONCESSION_ACCRUAL,18,233,2026-08-24T20:57:00+08:00
9affcfc6-7e94-431e-82ff-3247cf3164a8,M-1795,ORD-20260824-5109-0311,CONCESSION_ACCRUAL,8,110,2026-08-24T14:42:00+08:00
ba6b5a41-cd3f-401e-b854-8ee3e49524f3,M-1806,ORD-20260824-2043-0312,CONCESSION_ACCRUAL,16,322,2026-08-24T17:19:00+08:00
18144464-7bb9-4bf3-bbb7-c617f4f6bf77,M-1970,ORD-20260824-8082-0313,CONCESSION_ACCRUAL,16,340,2026-08-24T18:51:00+08:00
1ee855a3-2fc5-45cc-adae-ca87f78ae123,M-1463,ORD-20260824-6519-0314,CONCESSION_ACCRUAL,23,3797,2026-08-24T17:19:00+08:00
190c3bf3-8e0e-43f1-9ce0-c57702beb678,M-2067,ORD-20260824-2499-0315,CONCESSION_ACCRUAL,9,154,2026-08-24T16:08:00+08:00
4aba593f-3d84-4d88-b34a-d461bf562ab8,M-1148,ORD-20260824-5763-0316,CONCESSION_ACCRUAL,18,120,2026-08-24T09:09:00+08:00
620576af-f6f9-48b8-8d95-cd15c105d9f7,M-1604,ORD-20260824-3821-0317,CONCESSION_ACCRUAL,8,159,2026-08-24T19:09:00+08:00
2ce0c681-2e77-4737-81fb-c6fdb5d51c94,M-1894,ORD-20260824-2427-0318,CONCESSION_ACCRUAL,3,305,2026-08-24T12:04:00+08:00
ce2b4381-733f-4cb1-a2ae-933c1efdc211,M-1055,ORD-20260824-8124-0319,CONCESSION_ACCRUAL,26,511,2026-08-24T10:47:00+08:00
bdb7be0c-1d23-4ebd-a8d9-7aa3ab666b2b,M-2141,ORD-20260824-5294-0320,CONCESSION_ACCRUAL,3,238,2026-08-24T18:30:00+08:00
23c7bba9-aefb-4d1f-a7e6-0b7236e65c8a,M-2091,ORD-20260824-7488-0321,CONCESSION_ACCRUAL,21,104,2026-08-24T16:34:00+08:00
21c022b9-93ec-4cd1-b495-b1c23d577129,M-2030,ORD-20260824-1838-0322,CONCESSION_ACCRUAL,9,110,2026-08-24T22:57:00+08:00
992ebc6f-6e03-458c-a5e0-92ca0cf21c26,M-1040,ORD-20260824-7050-0323,CONCESSION_ACCRUAL,15,800,2026-08-24T10:09:00+08:00
5354a24c-6d9d-4dff-8180-a86be8a9c5d5,M-1040,TIER_UPGRADE_Silver_TO_Gold,TIER_BONUS,100,900,2026-08-24T10:09:00+08:00
3e87e3c1-10e6-433b-986a-2f8608e80203,M-1823,ORD-20260824-9914-0324,CONCESSION_ACCRUAL,25,706,2026-08-24T21:00:00+08:00
133f6d58-193e-421c-b323-0f07325475c9,M-1126,ORD-20260824-4291-0325,CONCESSION_ACCRUAL,18,375,2026-08-24T15:02:00+08:00
05933853-807f-4ab2-9856-21c96fefd126,M-2038,ORD-20260824-2921-0326,CONCESSION_ACCRUAL,3,215,2026-08-24T19:22:00+08:00
3ee11e26-7cbc-4010-94c4-61cca07faa38,M-1282,ORD-20260824-5417-0327,CONCESSION_ACCRUAL,18,474,2026-08-24T20:25:00+08:00
4856cb2b-95ee-4865-8ddc-30a8463a929a,M-1159,ORD-20260824-1937-0328,CONCESSION_ACCRUAL,15,163,2026-08-24T18:43:00+08:00
ed468217-2f2c-43dc-9d37-cd69876a5f53,M-1013,ORD-20260824-2063-0329,CONCESSION_ACCRUAL,15,146,2026-08-24T09:15:00+08:00
d70b75ff-ca25-4a4b-8ecd-9a5a7a83d44e,M-2180,ORD-20260824-7004-0330,CONCESSION_ACCRUAL,13,96,2026-08-24T20:09:00+08:00
74e6678a-83a9-40dd-802a-08073b281d84,M-1831,ORD-20260824-7803-0331,CONCESSION_ACCRUAL,11,90,2026-08-24T20:18:00+08:00
5e76e212-2f19-4192-93a2-ae27014e099e,M-1592,ORD-20260824-7931-0332,CONCESSION_ACCRUAL,58,451,2026-08-24T09:21:00+08:00
2d0ccd38-2ec7-49d3-8c5b-f90f15e4390d,M-1949,ORD-20260824-7086-0333,CONCESSION_ACCRUAL,3,287,2026-08-24T12:37:00+08:00
862bf1a6-dfa1-4608-8c75-1b2bc711ce71,M-1449,ORD-20260824-5678-0334,CONCESSION_ACCRUAL,30,113,2026-08-24T13:15:00+08:00
6af2a204-ade2-4421-a019-9da49310f4b8,M-1429,ORD-20260824-9750-0335,CONCESSION_ACCRUAL,23,720,2026-08-24T17:39:00+08:00
d93119eb-da6d-403c-b9b2-759f634e733f,M-1962,ORD-20260824-6601-0336,CONCESSION_ACCRUAL,3,471,2026-08-24T18:35:00+08:00
28cfc7f2-4e7d-4bc7-a88f-dc9cd9ec1d1f,M-1433,ORD-20260824-7407-0337,CONCESSION_ACCRUAL,36,238,2026-08-24T12:03:00+08:00
5ee03454-78b5-4b85-8368-8399651be540,M-2078,ORD-20260824-7197-0338,CONCESSION_ACCRUAL,6,67,2026-08-24T15:07:00+08:00
5eb77170-7938-47ef-8a7b-7c256820f356,M-1331,ORD-20260824-6971-0339,CONCESSION_ACCRUAL,24,301,2026-08-24T21:14:00+08:00
94d8fb8d-cb5f-46f4-b655-adfdafb55505,M-1761,ORD-20260824-9562-0340,CONCESSION_ACCRUAL,15,750,2026-08-24T09:23:00+08:00
ff38a23a-cda0-49ff-aef8-b44481ac5214,M-2136,ORD-20260824-7632-0341,CONCESSION_ACCRUAL,12,128,2026-08-24T14:58:00+08:00
49028861-4df3-44d7-8410-98c8ec9a4435,M-1650,ORD-20260824-6692-0342,CONCESSION_ACCRUAL,10,138,2026-08-24T18:53:00+08:00
c6b0883c-83e6-48ce-9d3c-67b1451cba39,M-1337,ORD-20260824-3612-0343,CONCESSION_ACCRUAL,3,620,2026-08-24T16:12:00+08:00
d3f849b3-2c84-4c25-9c19-d3c5f32ddaa5,M-1349,ORD-20260824-6906-0344,CONCESSION_ACCRUAL,12,781,2026-08-24T20:31:00+08:00
645b7c44-ab83-4654-8f5d-eee3c37546f9,M-1019,ORD-20260824-3765-0345,CONCESSION_ACCRUAL,15,72,2026-08-24T22:48:00+08:00
64074f6c-9445-4f84-bf37-60d2a9756f96,M-1704,ORD-20260824-8907-0346,CONCESSION_ACCRUAL,3,138,2026-08-24T09:37:00+08:00
3423b5ee-02a8-4382-9fad-f4319bcb15c3,M-1003,ORD-20260824-1357-0347,CONCESSION_ACCRUAL,8,235,2026-08-24T19:14:00+08:00
