ledger_id,member_id,source_reference_id,transaction_type,points_delta,resulting_balance,created_at
a0462c3b-12fa-464e-ab3e-4fb6e456b481,M-2075,SESS-20260730-7159-0000,RENTAL_ACCRUAL,24,209,2026-07-30T09:55:00+08:00
1117407d-b8cb-4e43-be7a-852414a75422,M-1343,SESS-20260730-2750-0001,RENTAL_REDEMPTION,-200,111,2026-07-30T14:15:00+08:00
6be07d4a-8698-44ca-9edc-df3023511da9,M-1343,SESS-20260730-2750-0001,RENTAL_ACCRUAL,15,126,2026-07-30T19:15:00+08:00
f532339b-e3ad-4802-893f-f00e03d12f25,M-1648,SESS-20260730-6036-0002,RENTAL_ACCRUAL,6,332,2026-07-30T21:45:00+08:00
732c456d-380b-4ebb-a1f6-c3f74cf3dee3,M-1271,SESS-20260730-7422-0003,RENTAL_ACCRUAL,13,176,2026-07-30T18:30:00+08:00
5c6d0d9a-74ac-4fc8-9822-ffd56dd1a76d,M-1018,SESS-20260730-2526-0004,RENTAL_ACCRUAL,27,219,2026-07-30T22:00:00+08:00
7773ca49-4659-489b-a576-f6bbd676237e,M-1397,SESS-20260730-7281-0005,RENTAL_ACCRUAL,48,622,2026-07-30T13:30:00+08:00
aa4ad05c-b92a-4d94-a0ab-8c49690dbcec,M-1840,SESS-20260730-4986-0006,RENTAL_REDEMPTION,-100,1471,2026-07-30T22:30:00+08:00
599c6c88-ae2a-458f-9da6-4aff05a94574,M-1840,SESS-20260730-4986-0006,RENTAL_ACCRUAL,4,1475,2026-07-31T00:30:00+08:00
9ec66ace-21e9-4009-9a01-8241d7442406,M-1663,SESS-20260730-1076-0007,RENTAL_ACCRUAL,72,195,2026-07-31T02:15:00+08:00
69ea71e3-76b6-42e5-ba71-02700efed32b,M-1072,SESS-20260730-6826-0008,RENTAL_ACCRUAL,11,101,2026-07-30T20:30:00+08:00
ac917df7-d9b7-45ca-b65a-92c5b2816ccb,M-1080,SESS-20260730-5492-0009,RENTAL_ACCRUAL,27,90,2026-07-30T23:30:00+08:00
8e1f8a7c-ae0e-4259-b4ca-47242b24518f,M-1618,SESS-20260730-5906-0010,RENTAL_REDEMPTION,-100,223,2026-07-30T20:45:00+08:00
89d64734-32d3-4558-9697-430e442968fe,M-1618,SESS-20260730-5906-0010,RENTAL_ACCRUAL,2,225,2026-07-30T21:45:00+08:00
cf509afb-64aa-46bd-8ccb-03f1e11f332e,M-1323,SESS-20260730-6951-0011,RENTAL_ACCRUAL,16,449,2026-07-30T22:30:00+08:00
22a79cbb-26e2-43b7-a52c-9a9003e9f462,M-1653,SESS-20260730-5899-0012,RENTAL_ACCRUAL,27,206,2026-07-30T23:15:00+08:00
8d99dc6b-ce95-4e32-b8ff-75f9de7af175,M-2036,SESS-20260730-5334-0013,RENTAL_REDEMPTION,-100,29,2026-07-30T22:45:00+08:00
ac827431-83b1-45b8-9cf7-2a44e1461c40,M-1078,SESS-20260730-6381-0014,RENTAL_ACCRUAL,5,605,2026-07-30T06:30:00+08:00
fdd3886b-234e-4afc-9b6a-a40ed79feff9,M-1821,SESS-20260730-7614-0015,RENTAL_ACCRUAL,13,424,2026-07-30T19:45:00+08:00
b634b72f-dde9-4b80-b408-a99f3d69d08b,M-1736,SESS-20260730-2683-0016,RENTAL_ACCRUAL,28,95,2026-07-30T14:15:00+08:00
fd23a04e-f077-4800-9c0f-b70164d2f33c,M-1494,SESS-20260730-1057-0017,RENTAL_ACCRUAL,16,345,2026-07-31T01:30:00+08:00
e89db64e-fab4-40ff-b01c-bf43661b2c2c,M-1361,SESS-20260730-1138-0018,RENTAL_REDEMPTION,-100,178,2026-07-30T17:15:00+08:00
a0170c20-d007-4d68-bb92-e7c0dcd05bab,M-1361,SESS-20260730-1138-0018,RENTAL_ACCRUAL,4,182,2026-07-30T19:15:00+08:00
a7ade0db-c162-48cb-9e70-34959a202c37,M-1462,SESS-20260730-5539-0019,RENTAL_ACCRUAL,14,249,2026-07-30T17:45:00+08:00
62525114-11be-41b3-9ce5-754df14fcc02,M-1932,SESS-20260730-6150-0020,RENTAL_ACCRUAL,10,103,2026-07-30T19:00:00+08:00
6b4ee257-1e68-454f-9de6-551c8f305791,M-1029,SESS-20260730-4845-0021,RENTAL_ACCRUAL,115,743,2026-07-31T01:00:00+08:00
22e4cc59-d190-4f91-8e6f-82c0acfba21c,M-1383,SESS-20260730-4515-0022,RENTAL_REDEMPTION,-100,34,2026-07-30T19:00:00+08:00
6f894924-8545-4620-8d3c-ecc225b19aaf,M-1383,SESS-20260730-4515-0022,RENTAL_ACCRUAL,38,72,2026-07-31T03:00:00+08:00
9baaadc3-258f-4606-b6eb-345eb5b11516,M-1506,SESS-20260730-5067-0023,RENTAL_ACCRUAL,28,108,2026-07-31T02:00:00+08:00
b42f1a70-3368-4fab-bf9a-33bb132551ad,M-1096,SESS-20260730-7414-0024,RENTAL_ACCRUAL,45,210,2026-07-30T23:15:00+08:00
92339699-bdb3-474d-a091-ecee65342955,M-2079,SESS-20260730-5330-0025,RENTAL_ACCRUAL,5,307,2026-07-30T21:30:00+08:00
134f6632-c955-4378-8cd1-c4e96ab89645,M-1066,SESS-20260730-2321-0026,RENTAL_ACCRUAL,5,325,2026-07-30T21:30:00+08:00
184dc236-ff2a-489d-8f07-9c6cd8e66cd0,M-1829,SESS-20260730-9398-0027,RENTAL_ACCRUAL,28,202,2026-07-30T15:15:00+08:00
9bb225d8-2088-48f3-a5ff-102e89505f19,M-1496,SESS-20260730-3563-0028,RENTAL_ACCRUAL,28,271,2026-07-31T00:15:00+08:00
7ee96073-4c75-4153-b742-fb1ef1414486,M-1962,SESS-20260730-2663-0029,RENTAL_ACCRUAL,64,183,2026-07-31T04:45:00+08:00
3c79249c-37ba-4397-a7d0-1dc6a0e00907,M-1817,SESS-20260730-4677-0030,RENTAL_REDEMPTION,-100,232,2026-07-30T15:00:00+08:00
797dbbd7-58b7-4a9b-a041-0345919d6536,M-1817,SESS-20260730-4677-0030,RENTAL_ACCRUAL,5,237,2026-07-30T17:00:00+08:00
f4e1c0e6-3feb-43dd-b4c0-fb0739315ae3,M-2005,SESS-20260730-4617-0031,RENTAL_ACCRUAL,40,138,2026-07-31T05:40:00+08:00
510d6bb8-a21b-4c19-acde-209e5beb4915,M-1435,SESS-20260730-9332-0032,RENTAL_ACCRUAL,11,295,2026-07-31T01:00:00+08:00
29fe8294-1971-4f6d-9e0a-ec29ba4d4dae,M-1230,SESS-20260730-6272-0033,RENTAL_ACCRUAL,67,934,2026-07-30T20:45:00+08:00
40a1a7a9-2ba8-435c-b6c2-a0757c47c7be,M-1458,SESS-20260730-5069-0034,RENTAL_ACCRUAL,16,26,2026-07-30T12:45:00+08:00
473d69cf-c4be-4099-a19f-a19d01a11fee,M-1652,SESS-20260730-2407-0035,RENTAL_ACCRUAL,11,344,2026-07-30T15:45:00+08:00
0ed2e51f-b3ca-4ada-83a9-9705609b75f0,M-1133,SESS-20260730-9139-0036,RENTAL_ACCRUAL,9,111,2026-07-30T23:00:00+08:00
7e96dd6e-69c1-40cd-9e09-adbf26c350aa,M-1424,SESS-20260730-8420-0037,RENTAL_REDEMPTION,-100,70,2026-07-30T01:00:00+08:00
9b1eb451-17d4-4d62-87d0-d83876814aec,M-1424,SESS-20260730-8420-0037,RENTAL_ACCRUAL,11,81,2026-07-30T03:00:00+08:00
1ec2fd1c-9b2b-4ead-bc66-eae7302f9421,M-1822,SESS-20260730-1024-0038,RENTAL_ACCRUAL,5,164,2026-07-30T22:30:00+08:00
a92d24e4-41ba-410d-abc5-168b4d9218b7,M-1232,SESS-20260730-3177-0039,RENTAL_ACCRUAL,18,422,2026-07-30T13:00:00+08:00
ec232611-27b0-4597-a7b7-c64648092832,M-1816,SESS-20260730-5019-0040,RENTAL_ACCRUAL,11,76,2026-07-30T15:30:00+08:00
0621aae9-a313-4975-ae59-4444ca244b0b,M-1843,SESS-20260730-8190-0041,RENTAL_REDEMPTION,-100,29,2026-07-30T15:45:00+08:00
dbfd706f-8ec7-4221-bffe-b7644e406712,M-2172,SESS-20260730-7990-0042,RENTAL_ACCRUAL,15,82,2026-07-31T00:30:00+08:00
862f0904-8942-4d1c-81cc-4ad8373ac9ba,M-1711,SESS-20260730-9117-0043,RENTAL_ACCRUAL,5,220,2026-07-30T18:30:00+08:00
b3dde13c-af7e-47d6-84eb-f832509a0f9e,M-1091,SESS-20260730-6691-0044,RENTAL_ACCRUAL,15,108,2026-07-31T01:30:00+08:00
922bfad3-3957-4f6a-b888-8d674aa26ebf,M-1998,SESS-20260730-5390-0045,RENTAL_REDEMPTION,-100,84,2026-07-30T20:30:00+08:00
1c3a4abe-cce7-4377-bd4a-bd8930654cdb,M-1998,SESS-20260730-5390-0045,RENTAL_ACCRUAL,11,95,2026-07-30T22:30:00+08:00
f5bd2f91-6ba6-466e-99dc-d5ecca3c34c2,M-2086,SESS-20260730-1215-0046,RENTAL_ACCRUAL,5,78,2026-07-30T14:00:00+08:00
c67cb31f-2a52-4c73-8b21-5f0db30ea2c8,M-2163,SESS-20260730-3894-0047,RENTAL_ACCRUAL,16,94,2026-07-30T21:00:00+08:00
2a4ffa89-37b6-47e7-a19f-f803f248e12c,M-1170,SESS-20260730-6531-0048,RENTAL_ACCRUAL,16,108,2026-07-31T02:15:00+08:00
a6a6f699-7434-4214-b948-4c7620fd7e99,M-1211,SESS-20260730-8380-0049,RENTAL_ACCRUAL,5,114,2026-07-30T19:45:00+08:00
54e8d7e1-d9d5-4449-8661-4f8f4c186604,M-1400,SESS-20260730-1849-0050,RENTAL_ACCRUAL,67,241,2026-07-31T02:00:00+08:00
304cbf38-e11c-454b-aad8-03c5eacba5d0,M-1610,SESS-20260730-1271-0051,RENTAL_ACCRUAL,18,118,2026-07-30T16:30:00+08:00
a3417263-2744-4db8-94af-4b3dc59288e8,M-1745,SESS-20260730-2015-0052,RENTAL_REDEMPTION,-200,96,2026-07-30T07:45:00+08:00
cb7e8ee5-a46b-427b-abec-3a8eb55c71e6,M-1745,SESS-20260730-2015-0052,RENTAL_ACCRUAL,1,97,2026-07-30T08:45:00+08:00
f73890e7-ac0c-410a-a96d-fa18a6368e6c,M-1394,SESS-20260730-2544-0053,RENTAL_ACCRUAL,5,523,2026-07-30T14:30:00+08:00
5f9fa59d-69ef-46fb-b3b9-4df1ff1c6df8,M-1716,SESS-20260730-3025-0054,RENTAL_ACCRUAL,28,334,2026-07-30T10:15:00+08:00
ff148669-1676-4871-a800-a40942f4e9af,M-1471,SESS-20260730-7908-0055,RENTAL_ACCRUAL,27,292,2026-07-31T02:15:00+08:00
d5086664-1ecc-4a49-8afc-b8585e926be9,M-1558,SESS-20260730-6768-0056,RENTAL_ACCRUAL,5,94,2026-07-30T17:00:00+08:00
92ce51f8-4c55-47ed-8db6-ab423e907527,M-1399,SESS-20260730-7211-0057,RENTAL_ACCRUAL,28,100,2026-07-30T15:30:00+08:00
d54d818f-b5ec-45ac-a255-9dec147e372c,M-1473,SESS-20260730-3926-0058,RENTAL_REDEMPTION,-100,216,2026-07-30T19:15:00+08:00
5be42eb0-3ec7-4e93-a895-0210846504b7,M-1473,SESS-20260730-3926-0058,RENTAL_ACCRUAL,5,221,2026-07-30T21:15:00+08:00
e2fde172-0c62-42b2-95fb-6305ca4aa512,M-2175,SESS-20260730-4770-0059,RENTAL_ACCRUAL,18,242,2026-07-30T17:00:00+08:00
f9532176-0556-44bc-8e3a-e4d2adf43a4a,M-1123,SESS-20260730-5919-0060,RENTAL_ACCRUAL,28,374,2026-07-30T23:00:00+08:00
76a42589-5a2f-455d-b212-477510f90deb,M-1520,SESS-20260730-4125-0061,RENTAL_REDEMPTION,-100,669,2026-07-30T19:15:00+08:00
f726220c-8327-46e5-8321-d1837aa72ac8,M-1520,SESS-20260730-4125-0061,RENTAL_ACCRUAL,21,690,2026-07-30T22:15:00+08:00
fc089d96-ac65-4903-9d74-0e96f8058323,M-1260,SESS-20260730-8018-0062,RENTAL_ACCRUAL,12,301,2026-07-30T23:15:00+08:00
c7fbc12d-a94a-4726-a793-6366a143d59b,M-1554,SESS-20260730-7841-0063,RENTAL_ACCRUAL,18,1127,2026-07-31T00:50:00+08:00
96287b17-8a7d-4f59-a4a2-4f6192ded7a8,M-1436,SESS-20260730-1713-0064,RENTAL_ACCRUAL,18,506,2026-07-30T14:00:00+08:00
ab308e10-f919-4d18-8d2c-a8af854090e5,M-1021,SESS-20260730-7035-0065,RENTAL_ACCRUAL,12,960,2026-07-30T17:00:00+08:00
5daa4e3d-7cac-4a30-bdc5-b68909a40bea,M-1304,SESS-20260730-9801-0066,RENTAL_ACCRUAL,28,300,2026-07-31T03:45:00+08:00
1dffab7a-70f6-42e1-96c6-3aa800031a5d,M-1739,SESS-20260730-6978-0067,RENTAL_ACCRUAL,9,90,2026-07-30T22:15:00+08:00
0d3b0fc3-3d86-4400-b79e-af0dce9f0661,M-1021,SESS-20260730-1902-0068,RENTAL_ACCRUAL,18,978,2026-07-31T01:15:00+08:00
b5746da2-79cc-482f-8c90-2cbb392091d3,M-1305,SESS-20260730-1800-0069,RENTAL_ACCRUAL,18,329,2026-07-30T20:00:00+08:00
f3ccc298-0487-4bb9-8b22-8995821d7724,M-1019,SESS-20260730-7909-0070,RENTAL_ACCRUAL,18,554,2026-07-30T17:15:00+08:00
5fa3faff-f413-4b73-b03c-1b545cdfe4fb,M-1621,SESS-20260730-4422-0071,RENTAL_ACCRUAL,16,504,2026-07-30T22:05:00+08:00
2577c7ad-d0a0-4e23-a7a3-d05d68158474,M-1232,SESS-20260730-3948-0072,RENTAL_ACCRUAL,16,438,2026-07-30T23:15:00+08:00
d83c30a4-35e5-4754-88bf-b0f852969c1e,M-1015,SESS-20260730-9768-0073,RENTAL_REDEMPTION,-100,492,2026-07-30T15:15:00+08:00
c061b63c-83f5-4816-9754-66eaa558539e,M-1015,SESS-20260730-9768-0073,RENTAL_ACCRUAL,5,497,2026-07-30T17:15:00+08:00
7f26f595-1118-4057-b96d-03044f2da354,M-1428,SESS-20260730-1249-0074,RENTAL_ACCRUAL,11,196,2026-07-30T22:45:00+08:00
3ff7c285-61af-44d7-ac41-bca326623ffe,M-1801,SESS-20260730-1553-0075,RENTAL_REDEMPTION,-100,71,2026-07-30T21:15:00+08:00
f9692f9a-cb84-415a-9867-804a41bd6b77,M-1801,SESS-20260730-1553-0075,RENTAL_ACCRUAL,10,81,2026-07-31T00:15:00+08:00
1853aef2-b5a6-45f2-97d1-f359d6bc96c8,M-1636,SESS-20260730-8446-0076,RENTAL_ACCRUAL,18,1307,2026-07-31T02:20:00+08:00
35ff52a8-8b4f-4cbf-bc1a-b1e3153bdba4,M-2043,SESS-20260730-7381-0077,RENTAL_ACCRUAL,15,80,2026-07-30T07:50:00+08:00
6f4b6ffb-2273-4f48-ad06-3f51a383e053,M-1572,SESS-20260730-5286-0078,RENTAL_ACCRUAL,27,358,2026-07-30T19:30:00+08:00
d2d5c443-1b33-4c62-a9ec-d03043124b36,M-1607,SESS-20260730-2577-0079,RENTAL_ACCRUAL,36,232,2026-07-31T01:00:00+08:00
aa799007-6342-40ef-93e3-6879a2a3a5f1,M-1402,SESS-20260730-1781-0080,RENTAL_ACCRUAL,28,417,2026-07-30T23:15:00+08:00
9b5e7de6-edeb-40e6-b8cc-96ac4c8c82be,M-1043,SESS-20260730-3099-0081,RENTAL_ACCRUAL,30,848,2026-07-31T04:30:00+08:00
5a8f0f65-a32a-405a-abb0-56857a2a5b1a,M-1678,SESS-20260730-2370-0082,RENTAL_ACCRUAL,30,246,2026-07-31T01:45:00+08:00
1074da3f-77cb-45f4-809a-480d2f4093a7,M-1800,SESS-20260730-6757-0083,RENTAL_ACCRUAL,11,537,2026-07-30T18:45:00+08:00
41342f40-0ba4-40f6-980f-62b6cedda08f,M-1338,SESS-20260730-9835-0084,RENTAL_REDEMPTION,-100,359,2026-07-30T13:05:00+08:00
e2d6f8c8-fb0e-4e95-bd72-ef256a5f5173,M-1338,SESS-20260730-9835-0084,RENTAL_ACCRUAL,38,397,2026-07-30T18:05:00+08:00
a3f4dc95-7daa-47a5-b717-18c8597a0cd6,M-1298,SESS-20260730-5841-0085,RENTAL_ACCRUAL,45,556,2026-07-31T00:45:00+08:00
9131b184-9f48-4aa3-9354-e067cd2de0d9,M-1407,SESS-20260730-9470-0086,RENTAL_ACCRUAL,27,424,2026-07-30T19:50:00+08:00
bb3f6efd-3cc5-4504-8069-f2d5ae7bfa01,M-1144,SESS-20260730-8280-0087,RENTAL_ACCRUAL,5,282,2026-07-30T15:00:00+08:00
0e73a41f-56db-4d27-801b-05718cffa4b4,M-1971,SESS-20260730-6428-0088,RENTAL_ACCRUAL,27,291,2026-07-31T01:40:00+08:00
ef67b86c-3b12-4141-9bea-2ff1f34245fb,M-2166,SESS-20260730-4198-0089,RENTAL_ACCRUAL,10,91,2026-07-31T00:20:00+08:00
ef645176-a779-4b01-b2d0-4175c3cfc99b,M-1656,SESS-20260730-2352-0090,RENTAL_ACCRUAL,6,97,2026-07-30T20:55:00+08:00
668e3259-14a7-4b9c-8bb5-3f95822515be,M-1798,SESS-20260730-7126-0091,RENTAL_ACCRUAL,18,265,2026-07-30T17:45:00+08:00
d35b3897-ec22-4977-b5bf-0fd184facb7c,M-1330,SESS-20260730-2330-0092,RENTAL_ACCRUAL,30,3434,2026-07-30T12:15:00+08:00
e471d0a3-7f99-4fe5-8c97-1bfbd26dedc6,M-1317,SESS-20260730-3369-0093,RENTAL_ACCRUAL,5,143,2026-07-30T11:00:00+08:00
173f26fe-a150-47c0-a533-5de2bd7a14ab,M-1977,SESS-20260730-1052-0094,RENTAL_REDEMPTION,-100,179,2026-07-30T11:30:00+08:00
b6eec136-5d3f-4a26-a0cd-22299bfd6d2e,M-1977,SESS-20260730-1052-0094,RENTAL_ACCRUAL,11,190,2026-07-30T13:30:00+08:00
65e4c64c-f28b-4217-a09b-62519344709f,M-1705,SESS-20260730-9578-0095,RENTAL_ACCRUAL,11,375,2026-07-31T01:30:00+08:00
bc6ea252-8717-47b7-94a3-a3a884e3996d,M-1788,SESS-20260730-3360-0096,RENTAL_ACCRUAL,67,380,2026-07-30T22:00:00+08:00
7f8b18e4-dbf8-4f64-9184-43e7fe0828f2,M-1224,SESS-20260730-8982-0097,RENTAL_ACCRUAL,9,282,2026-07-30T18:10:00+08:00
ec82f504-e4d0-4841-9a5c-cd49341c87b1,M-1095,SESS-20260730-3840-0098,RENTAL_ACCRUAL,13,210,2026-07-30T19:00:00+08:00
415da3be-0e17-4f9b-98fa-5c08e8bb5df1,M-1278,SESS-20260730-9661-0099,RENTAL_ACCRUAL,6,520,2026-07-30T23:45:00+08:00
3fa0e74d-9f49-4433-a32f-588c911e6b01,M-1132,SESS-20260730-4718-0100,RENTAL_ACCRUAL,18,831,2026-07-30T14:30:00+08:00
22dabb4e-7280-4d59-b1cc-ebe2646267fc,M-1256,SESS-20260730-7951-0101,RENTAL_ACCRUAL,28,104,2026-07-31T04:05:00+08:00
de3e54f5-2f16-4e60-a8c3-e866641867f1,M-2065,SESS-20260730-3120-0102,RENTAL_REDEMPTION,-100,2,2026-07-30T08:00:00+08:00
cdef4169-f6ce-4ed3-9e68-d720b72b0416,M-2065,SESS-20260730-3120-0102,RENTAL_ACCRUAL,10,12,2026-07-30T11:00:00+08:00
139a3ee6-3095-4b75-a4cf-159bbbc2cee1,M-1485,SESS-20260730-7969-0103,RENTAL_ACCRUAL,11,83,2026-07-31T00:00:00+08:00
4087eae8-f971-453c-b63a-779b62c445de,M-1477,SESS-20260730-7751-0104,RENTAL_ACCRUAL,40,155,2026-07-30T22:15:00+08:00
12e6fce4-8177-4339-911e-0bcec8432498,M-1896,SESS-20260730-8913-0105,RENTAL_ACCRUAL,40,145,2026-07-30T14:45:00+08:00
a2be575f-9a4e-413b-86b9-55e9a6247295,M-1001,SESS-20260730-2398-0106,RENTAL_ACCRUAL,11,157,2026-07-30T15:00:00+08:00
02062489-4ea1-4373-ae67-311869e12246,M-1574,SESS-20260730-8024-0107,RENTAL_ACCRUAL,27,117,2026-07-31T01:00:00+08:00
6898563d-169a-43f6-b52d-a0d82fe88550,M-1191,SESS-20260730-2147-0108,RENTAL_ACCRUAL,9,376,2026-07-30T22:00:00+08:00
a2d7fd17-98c1-440d-8f8f-446b6483ad00,M-1422,SESS-20260730-2148-0109,RENTAL_ACCRUAL,28,247,2026-07-31T02:30:00+08:00
758b165a-cd42-4836-a4d5-5d75b395c95c,M-1604,SESS-20260730-1616-0110,RENTAL_ACCRUAL,40,141,2026-07-31T01:10:00+08:00
624b50fd-1984-44db-992d-9572ece68a31,M-1171,SESS-20260730-6277-0111,RENTAL_ACCRUAL,11,32,2026-07-30T23:00:00+08:00
34283331-2ba3-4cf4-a34d-f5874f26bd8e,M-1628,SESS-20260730-3301-0112,RENTAL_ACCRUAL,18,365,2026-07-30T21:40:00+08:00
eaa9ef17-62b1-4f3b-b140-3d268b8c5eef,M-1205,SESS-20260730-6703-0113,RENTAL_ACCRUAL,18,880,2026-07-30T19:25:00+08:00
4048ce52-5b05-4b17-b720-338a89d9e9dd,M-1350,SESS-20260730-8555-0114,RENTAL_REDEMPTION,-100,421,2026-07-30T23:55:00+08:00
aa9bad2e-6c22-44ee-b8b7-79b8fe988efd,M-1350,SESS-20260730-8555-0114,RENTAL_ACCRUAL,21,442,2026-07-31T04:55:00+08:00
488c8838-0f80-4e53-a648-1b08d4b4cfb8,M-1448,SESS-20260730-9822-0115,RENTAL_ACCRUAL,5,108,2026-07-30T23:15:00+08:00
9726943e-feef-469b-a1ec-cdd296663e41,M-1328,SESS-20260730-5618-0116,RENTAL_REDEMPTION,-400,79,2026-07-30T23:25:00+08:00
81370b3c-a559-489a-b7ca-2ce3e06e4ddc,M-1328,SESS-20260730-5618-0116,RENTAL_ACCRUAL,2,81,2026-07-31T02:25:00+08:00
c7c1072b-a5fa-4321-987b-50cd550fccf4,M-1862,SESS-20260730-5888-0117,RENTAL_REDEMPTION,-100,38,2026-07-30T19:25:00+08:00
5e39bce9-ec1b-4146-b8a5-e6fbac8bb70d,M-1862,SESS-20260730-5888-0117,RENTAL_ACCRUAL,20,58,2026-07-31T00:25:00+08:00
876d9495-4f51-4ed7-bd1a-8399fc6727fa,M-1720,SESS-20260730-8912-0118,RENTAL_ACCRUAL,27,267,2026-07-30T17:15:00+08:00
6793bca1-2741-4b3d-804b-a58e1fb7a49f,M-1284,SESS-20260730-6415-0119,RENTAL_ACCRUAL,67,152,2026-07-30T21:30:00+08:00
a1e576f0-0cea-44aa-b6f2-5c8857a8dd17,M-1935,SESS-20260730-7787-0120,RENTAL_ACCRUAL,40,169,2026-07-31T00:40:00+08:00
eca9f20d-0b12-43a6-83e6-a9bed53bfabc,M-1677,SESS-20260730-5181-0121,RENTAL_REDEMPTION,-100,5,2026-07-30T13:00:00+08:00
58d2c310-5753-47c6-afc6-7358c917ccc0,M-1677,SESS-20260730-5181-0121,RENTAL_ACCRUAL,20,25,2026-07-30T16:00:00+08:00
5b112620-dde7-45f2-91be-1bee851b3f86,M-1175,SESS-20260730-5926-0122,RENTAL_REDEMPTION,-200,150,2026-07-30T01:45:00+08:00
2bf9d3bf-bfc8-4cef-bc8f-3e4dd08b2334,M-1175,SESS-20260730-5926-0122,RENTAL_ACCRUAL,33,183,2026-07-30T09:45:00+08:00
98395016-49f3-4a04-a8d2-0b652185346b,M-1803,SESS-20260730-1929-0123,RENTAL_REDEMPTION,-300,130,2026-07-30T22:15:00+08:00
931fa038-429d-4dae-a523-2f4c60c374e0,M-1803,SESS-20260730-1929-0123,RENTAL_ACCRUAL,26,156,2026-07-31T03:15:00+08:00
569cce15-509d-4709-bab5-33e6fe6812ca,M-1427,SESS-20260730-9077-0124,RENTAL_ACCRUAL,5,180,2026-07-30T06:00:00+08:00
26c99fea-0c2e-4b99-8ff5-6ec673858b08,M-1714,SESS-20260730-7613-0125,RENTAL_REDEMPTION,-100,88,2026-07-30T09:45:00+08:00
cca6cd0a-972c-44eb-b0ee-7e4aee67ae6d,M-1714,SESS-20260730-7613-0125,RENTAL_ACCRUAL,34,122,2026-07-30T12:45:00+08:00
f0875c67-4dc7-40ea-8afa-1e779fe9c419,M-1313,SESS-20260730-4010-0126,RENTAL_ACCRUAL,27,94,2026-07-30T11:00:00+08:00
1e0b6080-b1ae-4662-9e2e-f43c0c1bfa76,M-1185,SESS-20260730-1491-0127,RENTAL_ACCRUAL,18,196,2026-07-30T22:00:00+08:00
aee3a718-6ae9-4199-bee8-cd0364868558,M-1371,SESS-20260730-1425-0128,RENTAL_ACCRUAL,28,274,2026-07-30T20:15:00+08:00
26f0f34c-cc25-40e5-a4f4-d3f6ecd981b4,M-1407,SESS-20260730-4596-0129,RENTAL_ACCRUAL,72,496,2026-07-31T04:05:00+08:00
cf495bca-38a3-400a-b0bc-081c71906975,M-1529,SESS-20260730-4919-0130,RENTAL_ACCRUAL,18,180,2026-07-30T20:45:00+08:00
5b1e4274-f312-415d-8dd7-6ae94d20ed3a,M-1038,SESS-20260730-8310-0131,RENTAL_ACCRUAL,18,411,2026-07-31T01:10:00+08:00
07aba68d-935d-4f74-adf6-d7c6840a042b,M-1523,SESS-20260730-5017-0132,RENTAL_ACCRUAL,9,132,2026-07-30T20:30:00+08:00
26c607e7-9176-4e43-b626-3e95972ff9af,M-2077,SESS-20260730-7794-0133,RENTAL_ACCRUAL,36,165,2026-07-30T17:15:00+08:00
4701db08-6a78-4f95-b059-b1267dc4b9b8,M-1228,SESS-20260730-5939-0134,RENTAL_ACCRUAL,9,283,2026-07-30T12:15:00+08:00
89ffcb3b-ecef-4b3c-8406-3f109361da4f,M-1075,SESS-20260730-2258-0135,RENTAL_REDEMPTION,-100,0,2026-07-30T22:00:00+08:00
8892fa9f-f08f-4990-8976-410675b28cb3,M-1075,SESS-20260730-2258-0135,RENTAL_ACCRUAL,10,10,2026-07-31T01:00:00+08:00
ca49297a-a2ed-40af-a634-9d52c0695ebb,M-2127,SESS-20260730-6822-0136,RENTAL_REDEMPTION,-100,24,2026-07-30T16:30:00+08:00
56b30853-9ea9-4431-8ac0-8015a0e47fd8,M-2127,SESS-20260730-6822-0136,RENTAL_ACCRUAL,5,29,2026-07-30T18:30:00+08:00
ddbcb9ff-6542-482e-a07c-338478d6a45c,M-2042,SESS-20260730-3140-0137,RENTAL_ACCRUAL,12,104,2026-07-30T19:45:00+08:00
9745f65e-cfa9-4bdd-861e-1132a75b5bb3,M-1468,SESS-20260730-3910-0138,RENTAL_ACCRUAL,9,252,2026-07-30T23:15:00+08:00
4215cc97-9e83-4169-b87a-1b14b1f3ca24,M-1059,SESS-20260730-7103-0139,RENTAL_ACCRUAL,16,47,2026-07-31T02:30:00+08:00
6fa5d4d0-b875-4a42-98cf-b598e1b563e7,M-1316,SESS-20260730-1223-0140,RENTAL_ACCRUAL,27,252,2026-07-30T19:15:00+08:00
3fc6eefe-c156-408f-9671-9062423241ac,M-1566,SESS-20260730-9790-0141,RENTAL_ACCRUAL,28,617,2026-07-30T23:45:00+08:00
6a9a2b43-a555-4ee8-ad8e-f34866198cf1,M-2076,SESS-20260730-5930-0142,RENTAL_ACCRUAL,5,61,2026-07-30T22:30:00+08:00
8a4d99d9-63ac-40ac-ba30-9c8ab84d2d80,M-1156,SESS-20260730-4068-0143,RENTAL_ACCRUAL,5,431,2026-07-30T15:00:00+08:00
d672a64c-a91b-46dc-ae6d-e6f5453ad057,M-1053,SESS-20260730-1110-0144,RENTAL_ACCRUAL,40,494,2026-07-30T15:45:00+08:00
54099879-c776-4a4c-a512-362bfd4325d1,M-2115,SESS-20260730-6612-0145,RENTAL_ACCRUAL,5,68,2026-07-30T04:45:00+08:00
e75b601c-9cc4-4bd3-82c5-d62a05977295,M-1839,SESS-20260730-8173-0146,RENTAL_ACCRUAL,13,320,2026-07-30T17:00:00+08:00
4bd4a3ed-99f1-42a9-b58e-a026b913bf9d,M-1758,SESS-20260730-2558-0147,RENTAL_ACCRUAL,15,278,2026-07-31T00:45:00+08:00
da9d8396-343c-48ff-a80d-a25b2e9f2bef,M-1194,SESS-20260730-6347-0148,RENTAL_ACCRUAL,9,303,2026-07-30T17:45:00+08:00
80e5fb4b-4ded-4ac1-b81b-379990b04aec,M-1600,SESS-20260730-4661-0149,RENTAL_ACCRUAL,45,197,2026-07-31T05:45:00+08:00
405e0fac-7f1f-401d-aad5-764f2db9905b,M-1536,SESS-20260730-6479-0150,RENTAL_ACCRUAL,40,326,2026-07-31T00:45:00+08:00
0790f812-2d05-4067-8496-16ab78d147c0,M-1530,SESS-20260730-1239-0151,RENTAL_ACCRUAL,6,222,2026-07-31T00:15:00+08:00
faa7e7bc-5c9c-4d53-894e-09f4f92984e1,M-1434,SESS-20260730-9427-0152,RENTAL_ACCRUAL,11,77,2026-07-30T10:30:00+08:00
1dda40a4-dfa0-49bc-a18f-554d964a9e30,M-2107,SESS-20260730-2008-0153,RENTAL_ACCRUAL,10,162,2026-07-31T01:50:00+08:00
a184f90d-7568-40f4-aea2-3cea5cada494,M-1568,SESS-20260730-2886-0154,RENTAL_REDEMPTION,-100,397,2026-07-30T21:30:00+08:00
6679ac16-1778-4cc2-90aa-2e00b1037f76,M-1568,SESS-20260730-2886-0154,RENTAL_ACCRUAL,20,417,2026-07-31T00:30:00+08:00
2f5dffb3-2ffd-4c20-ae4b-142066fc8851,M-1476,SESS-20260730-8585-0155,RENTAL_REDEMPTION,-100,466,2026-07-30T20:00:00+08:00
272466f2-0f87-4859-b815-f83d9f542295,M-1476,SESS-20260730-8585-0155,RENTAL_ACCRUAL,4,470,2026-07-30T22:00:00+08:00
c44bf7cd-5d33-4fd6-9007-9040db94d84f,M-1775,SESS-20260730-1638-0156,RENTAL_ACCRUAL,6,1222,2026-07-30T17:30:00+08:00
6880a505-1807-44fb-a3c9-ad9d9f5f29b9,M-1695,SESS-20260730-1806-0157,RENTAL_ACCRUAL,18,105,2026-07-31T00:45:00+08:00
a9b6610b-390e-47ae-b5ef-3348c8d2f043,M-1502,SESS-20260730-6157-0158,RENTAL_ACCRUAL,18,144,2026-07-30T15:15:00+08:00
5f0cf52d-5571-4054-affb-1db63390d19e,M-1345,SESS-20260730-8180-0159,RENTAL_ACCRUAL,45,309,2026-07-30T16:00:00+08:00
9d1ded86-9af5-433f-92ad-a240b6caa068,M-1285,SESS-20260730-4530-0160,RENTAL_ACCRUAL,5,113,2026-07-30T22:45:00+08:00
f4466b28-962a-4041-886a-6b7a398c1e80,M-1196,SESS-20260730-3246-0161,RENTAL_ACCRUAL,28,243,2026-07-30T20:40:00+08:00
08064240-31c0-4b07-aac3-ee9f190f2028,M-1698,SESS-20260730-3260-0162,RENTAL_ACCRUAL,9,411,2026-07-30T23:05:00+08:00
fa0a73c3-a741-48e0-a58c-c94ffc4e5e2c,M-1297,SESS-20260730-1574-0163,RENTAL_REDEMPTION,-200,52,2026-07-30T18:25:00+08:00
0545e9bd-77d8-463d-a576-ecf086838294,M-1297,SESS-20260730-1574-0163,RENTAL_ACCRUAL,5,57,2026-07-30T20:25:00+08:00
2888c944-62ca-4fe8-a941-9fef0ccd323e,M-1172,SESS-20260730-4006-0164,RENTAL_ACCRUAL,48,449,2026-07-30T18:15:00+08:00
b308de1d-8ff0-4555-9f96-80b73f90fbca,M-1165,SESS-20260730-5194-0165,RENTAL_ACCRUAL,27,52,2026-07-31T01:35:00+08:00
8d8e86be-f8cb-4f26-8289-0cee7e4a2d84,M-1324,SESS-20260730-7858-0166,RENTAL_REDEMPTION,-100,147,2026-07-30T21:50:00+08:00
d71c8ae2-9ea5-45b6-b933-b6dbb2fc6505,M-1324,SESS-20260730-7858-0166,RENTAL_ACCRUAL,38,185,2026-07-31T02:50:00+08:00
637c2cd2-ab2f-4548-9fcc-79c4f863ea67,M-1491,SESS-20260730-7194-0167,RENTAL_REDEMPTION,-100,56,2026-07-30T21:45:00+08:00
645ba64f-1c00-48fd-a022-3d9e1b4f72a1,M-1491,SESS-20260730-7194-0167,RENTAL_ACCRUAL,21,77,2026-07-31T02:45:00+08:00
2317a12a-183d-4bf5-9fbb-9b4985a42526,M-1398,SESS-20260730-2009-0168,RENTAL_ACCRUAL,6,1336,2026-07-30T17:00:00+08:00
85de84b0-e6ff-45bb-a86a-51a990f1f288,M-1514,SESS-20260730-9916-0169,RENTAL_ACCRUAL,5,571,2026-07-30T22:45:00+08:00
4f4dabf9-88d2-4c60-b8ba-2168138d2530,M-2100,SESS-20260730-1523-0170,RENTAL_REDEMPTION,-100,315,2026-07-30T15:30:00+08:00
25907af9-08f3-4878-9179-81bbb0d1d2d7,M-2100,SESS-20260730-1523-0170,RENTAL_ACCRUAL,5,320,2026-07-30T17:30:00+08:00
09aaf505-ac4d-477b-83c2-a6513c496cd1,M-2040,SESS-20260730-9276-0171,RENTAL_ACCRUAL,10,43,2026-07-31T00:50:00+08:00
3cba0f2f-df83-4c36-bb6d-4feb6ea45832,M-1088,SESS-20260730-4585-0172,RENTAL_REDEMPTION,-300,239,2026-07-30T20:45:00+08:00
84c5060a-d634-425d-9fdb-67d77fdcc0bd,M-1088,SESS-20260730-4585-0172,RENTAL_ACCRUAL,7,246,2026-07-31T01:45:00+08:00
0905ee97-2307-49c9-8395-16bd1c6b64fc,M-1169,SESS-20260730-5120-0173,RENTAL_ACCRUAL,16,268,2026-07-30T17:00:00+08:00
53ea81ed-5b6c-41d3-a3ad-af41a8b45996,M-1137,SESS-20260730-8170-0174,RENTAL_ACCRUAL,11,347,2026-07-30T21:00:00+08:00
9ada5d48-a423-488d-a03d-2b71b37763ff,M-1189,SESS-20260730-1678-0175,RENTAL_REDEMPTION,-100,30,2026-07-30T18:00:00+08:00
3fed3008-e5d0-4d9a-942e-986316e19db3,M-1189,SESS-20260730-1678-0175,RENTAL_ACCRUAL,34,64,2026-07-30T21:00:00+08:00
3125926d-48cc-46bf-92d2-b44ee1c087d7,M-1922,SESS-20260730-1376-0176,RENTAL_ACCRUAL,40,101,2026-07-31T01:10:00+08:00
06a1d24c-b171-4cdd-abbf-bedb2a91f356,M-1670,SESS-20260730-9753-0177,RENTAL_REDEMPTION,-200,97,2026-07-30T15:30:00+08:00
5bdd9577-2903-468e-92fc-3f35437d980a,M-1670,SESS-20260730-9753-0177,RENTAL_ACCRUAL,15,112,2026-07-30T20:30:00+08:00
04b5af94-d166-431f-ac0d-a461bf367557,M-1153,SESS-20260730-3674-0178,RENTAL_ACCRUAL,18,53,2026-07-30T23:45:00+08:00
ada4d17a-1174-4647-9379-004d79d2ce78,M-1659,SESS-20260730-7228-0179,RENTAL_ACCRUAL,45,318,2026-07-31T00:45:00+08:00
e6ca372b-ea7f-4148-95dd-57d0b38f1424,M-1141,SESS-20260730-2992-0180,RENTAL_REDEMPTION,-100,104,2026-07-30T16:00:00+08:00
a4f930e6-16a2-4331-8d05-ede99d3acff3,M-1141,SESS-20260730-2992-0180,RENTAL_ACCRUAL,5,109,2026-07-30T18:00:00+08:00
d089d81e-18d7-44f7-9d18-af9b5c2210a7,M-2171,SESS-20260730-4190-0181,RENTAL_ACCRUAL,10,32,2026-07-30T13:30:00+08:00
c3387c79-1617-4b64-ad84-e4ae260f87ac,M-1611,SESS-20260730-6948-0182,RENTAL_ACCRUAL,19,476,2026-07-31T01:30:00+08:00
7b78b7ca-72d6-4943-b41f-02ff8fde3c67,M-1077,SESS-20260730-6576-0183,RENTAL_ACCRUAL,16,460,2026-07-30T21:45:00+08:00
559c5e97-8149-4521-b800-46295e4db328,M-1080,SESS-20260730-3356-0184,RENTAL_ACCRUAL,11,101,2026-07-31T01:45:00+08:00
23592ed2-fe94-4687-9018-387d123bdec6,M-1248,SESS-20260730-4379-0185,RENTAL_ACCRUAL,72,291,2026-07-30T22:15:00+08:00
351c52e2-6c73-4bf5-b924-d7849bd2fb54,M-1344,SESS-20260730-6882-0186,RENTAL_REDEMPTION,-100,577,2026-07-30T17:30:00+08:00
fc96420b-62cd-4e2c-8095-4025fbc33c4d,M-1344,SESS-20260730-6882-0186,RENTAL_ACCRUAL,5,582,2026-07-30T19:30:00+08:00
9bce1ec2-3263-4d35-aeed-5a34028bc69e,M-1586,SESS-20260730-3733-0187,RENTAL_REDEMPTION,-100,284,2026-07-30T22:45:00+08:00
aea32609-8b20-42e4-9472-d89b2203483c,M-1586,SESS-20260730-3733-0187,RENTAL_ACCRUAL,5,289,2026-07-31T00:45:00+08:00
9527c399-b483-4bd4-abd0-6330fc9ff236,M-1087,SESS-20260730-2602-0188,RENTAL_ACCRUAL,18,949,2026-07-31T02:45:00+08:00
b6e8006b-1aa5-40da-8bad-ac0234252cf8,M-1535,SESS-20260730-6248-0189,RENTAL_ACCRUAL,28,251,2026-07-31T03:15:00+08:00
a7c998f4-8988-4948-89b6-f073bc9be7bd,M-1225,SESS-20260730-3267-0190,RENTAL_ACCRUAL,11,105,2026-07-31T00:30:00+08:00
e94730fa-d2e0-422e-a6b0-7b2c80bbe478,M-1905,SESS-20260730-7143-0191,RENTAL_ACCRUAL,24,118,2026-07-30T19:25:00+08:00
0f951fa9-5d41-4253-a07e-bcda7b9e32c8,M-2186,SESS-20260730-5100-0192,RENTAL_REDEMPTION,-100,65,2026-07-30T21:30:00+08:00
1b4cca4a-af06-45fd-b999-a32fd176942f,M-2186,SESS-20260730-5100-0192,RENTAL_ACCRUAL,10,75,2026-07-31T00:30:00+08:00
8d27ebe8-308b-453b-a359-7f918c94f541,M-1710,SESS-20260730-4009-0193,RENTAL_ACCRUAL,11,227,2026-07-30T22:00:00+08:00
dad2fa74-5d4f-491b-8cdb-51a8dca10b5d,M-1409,SESS-20260730-3430-0194,RENTAL_ACCRUAL,18,253,2026-07-31T01:20:00+08:00
6ba512e6-2207-4f63-9778-d038d95a7466,M-1763,SESS-20260730-3715-0195,RENTAL_ACCRUAL,18,347,2026-07-30T19:50:00+08:00
c49eb89b-0b30-440a-be83-b1d147f9250f,M-1712,SESS-20260730-9188-0196,RENTAL_ACCRUAL,16,362,2026-07-30T23:35:00+08:00
42654f99-38ea-4663-9680-84f86b8dca3c,M-1479,SESS-20260730-8252-0197,RENTAL_ACCRUAL,19,2433,2026-07-30T19:15:00+08:00
f2effd55-cfda-4858-a2cd-26f3000699c3,M-1112,SESS-20260730-5745-0198,RENTAL_REDEMPTION,-100,1470,2026-07-30T22:30:00+08:00
e8720ddd-4ee6-4030-ad21-63752ea050b0,M-1112,SESS-20260730-5745-0198,RENTAL_ACCRUAL,2,1472,2026-07-30T23:30:00+08:00
560ec3a6-175d-4b90-bf6b-13d4aa4b78dc,M-1498,SESS-20260730-7383-0199,RENTAL_ACCRUAL,27,413,2026-07-31T00:45:00+08:00
0e8eff44-d7b3-4a65-9389-eb5ec8987d92,M-2114,SESS-20260730-3605-0200,RENTAL_ACCRUAL,10,137,2026-07-31T00:15:00+08:00
686b648a-75e2-464e-8b2e-3ddbaeff13dc,M-1293,SESS-20260730-2219-0201,RENTAL_ACCRUAL,27,385,2026-07-31T00:45:00+08:00
7b01ff4c-7e54-4609-94e9-292306e7aede,M-1470,SESS-20260730-5485-0202,RENTAL_ACCRUAL,28,74,2026-07-30T14:30:00+08:00
b8b4c73c-451c-450a-9c29-b73177b64af5,M-1562,SESS-20260730-9921-0203,RENTAL_ACCRUAL,11,1041,2026-07-31T00:15:00+08:00
ba84edda-cbf5-49eb-8c5a-afe7663bef17,M-1257,SESS-20260730-2274-0204,RENTAL_ACCRUAL,27,203,2026-07-31T00:20:00+08:00
9c3c561b-2567-4707-89a9-e937b57d9c30,M-1500,SESS-20260730-2851-0205,RENTAL_REDEMPTION,-200,220,2026-07-30T18:45:00+08:00
87fb02e6-1b9a-4f36-8d4e-659e9ff823f1,M-1500,SESS-20260730-2851-0205,RENTAL_ACCRUAL,4,224,2026-07-30T20:45:00+08:00
1bdc5726-5183-4ba2-b4a9-e9ff84176e6c,M-1047,SESS-20260730-8377-0206,RENTAL_ACCRUAL,11,92,2026-07-31T01:15:00+08:00
2875d040-6319-498c-a9de-b92b87d15d28,M-1182,SESS-20260730-6525-0207,RENTAL_ACCRUAL,11,228,2026-07-31T00:50:00+08:00
8bb58807-f7e6-4c82-b06e-37905c095590,M-1676,SESS-20260730-9150-0208,RENTAL_ACCRUAL,76,3136,2026-07-31T07:00:00+08:00
c380f9dd-37b8-4e9c-809f-6b4975e464c8,M-1587,SESS-20260730-6083-0209,RENTAL_ACCRUAL,19,738,2026-07-30T16:45:00+08:00
70a0e0a1-b045-4ba7-a16d-a3fa74af096c,M-2074,SESS-20260730-9207-0210,RENTAL_REDEMPTION,-100,155,2026-07-30T18:20:00+08:00
5557cbd8-ac15-4143-8bb0-fcf29654db26,M-2074,SESS-20260730-9207-0210,RENTAL_ACCRUAL,11,166,2026-07-30T20:20:00+08:00
69285a30-1815-4d01-874c-9bcfedfb1f2a,M-1686,SESS-20260730-1115-0211,RENTAL_ACCRUAL,9,51,2026-07-30T22:15:00+08:00
2756e344-3af2-4b16-ada2-2774008c9382,M-1817,SESS-20260730-8707-0212,RENTAL_REDEMPTION,-100,137,2026-07-30T20:25:00+08:00
37aa6f22-7f82-40e1-8033-8e77d000e19b,M-1817,SESS-20260730-8707-0212,RENTAL_ACCRUAL,5,142,2026-07-30T22:25:00+08:00
7b3cfa77-d02e-4f30-aeee-6698a0408583,M-1754,SESS-20260730-4239-0213,RENTAL_ACCRUAL,67,128,2026-07-30T21:00:00+08:00
9511e9e0-0b12-4c03-b6f8-5a7c8e3b613c,M-1795,SESS-20260730-9405-0214,RENTAL_ACCRUAL,5,129,2026-07-30T13:25:00+08:00
47d3cc11-41a9-4f21-9331-140d95f01e2d,M-1146,SESS-20260730-8485-0215,RENTAL_ACCRUAL,18,2584,2026-07-30T05:10:00+08:00
b3ebfb81-e559-4aaf-973f-cc3f4a63814b,M-1049,SESS-20260730-6914-0216,RENTAL_REDEMPTION,-300,72,2026-07-30T17:45:00+08:00
b484397a-f891-455a-b2ac-6a683594934c,M-1049,SESS-20260730-6914-0216,RENTAL_ACCRUAL,26,98,2026-07-31T01:45:00+08:00
33cfc337-cb56-4aae-93d1-e69a1a2b444f,M-1793,SESS-20260730-8261-0217,RENTAL_ACCRUAL,6,957,2026-07-30T19:30:00+08:00
d06eb423-b7be-4a8c-b317-9aa44383a8bc,M-1813,SESS-20260730-2656-0218,RENTAL_ACCRUAL,27,809,2026-07-30T23:30:00+08:00
53d68a6d-30d3-4e1e-b030-c3676668d558,M-1513,SESS-20260730-8253-0219,RENTAL_ACCRUAL,18,273,2026-07-31T00:20:00+08:00
8a96ed06-b237-4ad8-9511-09ab2a4708b8,M-1934,SESS-20260730-5440-0220,RENTAL_REDEMPTION,-100,54,2026-07-30T18:45:00+08:00
cd87e1ff-d442-4df4-bbdc-d544fd59770e,M-1934,SESS-20260730-5440-0220,RENTAL_ACCRUAL,21,75,2026-07-30T23:45:00+08:00
6342a4d9-9b79-4c94-9595-2356244fe3d0,M-1242,SESS-20260730-4992-0221,RENTAL_ACCRUAL,5,335,2026-07-30T20:00:00+08:00
a4b480cd-cbc6-425b-8922-5ab473249651,M-1818,SESS-20260730-4969-0222,RENTAL_ACCRUAL,11,277,2026-07-30T18:00:00+08:00
3e187d1b-8621-442e-9db0-a75a7048eab8,M-1214,SESS-20260730-4995-0223,RENTAL_ACCRUAL,27,398,2026-07-30T16:45:00+08:00
518e24d7-2a69-4787-9dd7-724ecc156c7a,M-1559,SESS-20260730-7631-0224,RENTAL_ACCRUAL,40,398,2026-07-30T22:50:00+08:00
8aef86ca-4148-49f6-b2ee-0e7e0da0c8f7,M-1418,SESS-20260730-2561-0225,RENTAL_ACCRUAL,16,116,2026-07-31T01:55:00+08:00
72616bff-c0d7-40c1-a895-efa6d77f97fd,M-1290,SESS-20260730-5438-0226,RENTAL_ACCRUAL,16,129,2026-07-30T12:45:00+08:00
f9e9f907-d172-4b7b-8792-774662855912,M-1004,SESS-20260730-1421-0227,RENTAL_ACCRUAL,11,137,2026-07-31T01:15:00+08:00
49332778-3743-4ad1-98f5-3198aff67997,M-1310,SESS-20260730-3953-0228,RENTAL_ACCRUAL,18,350,2026-07-30T10:45:00+08:00
f85b02bf-e9eb-447b-a803-dacfdf6ee779,M-1102,SESS-20260730-9211-0229,RENTAL_REDEMPTION,-300,8,2026-07-30T17:15:00+08:00
b725eb5d-8853-4966-ba38-2b332ea31f64,M-1102,SESS-20260730-9211-0229,RENTAL_ACCRUAL,8,16,2026-07-30T20:15:00+08:00
3b5ee08a-aaf6-4627-8400-31ec42b6b761,M-2190,SESS-20260730-4788-0230,RENTAL_ACCRUAL,5,163,2026-07-30T10:30:00+08:00
da1cd781-594a-4563-9ec5-01730413b93e,M-1631,SESS-20260730-3155-0231,RENTAL_REDEMPTION,-100,47,2026-07-30T18:00:00+08:00
265cfae9-5e25-43d9-ba65-5e541a5cca25,M-1631,SESS-20260730-3155-0231,RENTAL_ACCRUAL,5,52,2026-07-30T20:00:00+08:00
e4d3c244-7f7c-4c03-9ffe-b2005f9ab37b,M-1721,SESS-20260730-3206-0232,RENTAL_ACCRUAL,16,312,2026-07-30T17:15:00+08:00
b2f58030-446f-4333-a3dd-1e708661e1f6,M-1516,SESS-20260730-4314-0233,RENTAL_ACCRUAL,28,461,2026-07-31T04:55:00+08:00
defde158-b9c3-473a-9367-8e8c2a9859c5,M-1824,SESS-20260730-9450-0234,RENTAL_ACCRUAL,16,124,2026-07-31T00:05:00+08:00
7c468bf6-6ee7-496d-b1ac-a55c97e48ca6,M-1713,SESS-20260730-8858-0235,RENTAL_ACCRUAL,72,338,2026-07-30T17:45:00+08:00
6f92da1d-31ba-402f-81fa-fa31a2ea1509,M-1303,SESS-20260730-7403-0236,RENTAL_ACCRUAL,18,2760,2026-07-30T20:30:00+08:00
fb368ab4-4420-4eb5-ab14-374123f9282b,M-1551,SESS-20260730-7420-0237,RENTAL_REDEMPTION,-200,149,2026-07-30T15:15:00+08:00
49876d4b-bd14-4e7c-9f43-436b545b6e0a,M-1551,SESS-20260730-7420-0237,RENTAL_ACCRUAL,1,150,2026-07-30T16:15:00+08:00
497ff2e7-615c-4e68-b83d-8613663b38a9,M-2191,SESS-20260730-3951-0238,RENTAL_ACCRUAL,15,196,2026-07-30T22:45:00+08:00
73504f41-1e97-4d96-a60d-095333ea5013,M-1172,SESS-20260730-7408-0239,RENTAL_ACCRUAL,43,492,2026-07-31T00:45:00+08:00
0a7324fc-2f5e-4006-8e98-006bb1971ef9,M-1704,SESS-20260730-6954-0240,RENTAL_ACCRUAL,40,351,2026-07-30T15:00:00+08:00
64776b6a-242d-42e7-93ed-d0c3301b2d61,M-1002,SESS-20260730-1242-0241,RENTAL_ACCRUAL,28,384,2026-07-30T17:15:00+08:00
745f7f47-40af-48e1-9a6d-b1024d34d730,M-1464,SESS-20260730-8630-0242,RENTAL_ACCRUAL,16,115,2026-07-30T18:45:00+08:00
5d56f962-76a1-49ea-abda-653d5d897a5a,M-1762,SESS-20260730-7144-0243,RENTAL_ACCRUAL,27,123,2026-07-30T22:45:00+08:00
c8767e34-d69c-4c80-9c8b-548973f29840,M-1307,SESS-20260730-6588-0244,RENTAL_ACCRUAL,11,411,2026-07-30T21:45:00+08:00
968e2353-0406-4048-a367-24073c13df72,M-1197,SESS-20260730-9573-0245,RENTAL_ACCRUAL,9,211,2026-07-30T20:45:00+08:00
a5b1b7af-0b73-4cbf-85e6-9007b8db1610,M-1757,SESS-20260730-5949-0246,RENTAL_ACCRUAL,27,287,2026-07-30T21:30:00+08:00
43a36174-68e8-4bc1-b514-c0cba12d13af,M-1290,SESS-20260730-9754-0247,RENTAL_REDEMPTION,-100,29,2026-07-30T19:45:00+08:00
12b8cdcc-3abf-4007-ab8e-d71075fea9d2,M-1290,SESS-20260730-9754-0247,RENTAL_ACCRUAL,21,50,2026-07-31T00:45:00+08:00
198dff9c-45fc-41a8-bc87-58cd6dff22ea,M-1294,SESS-20260730-7678-0248,RENTAL_REDEMPTION,-200,5,2026-07-30T17:25:00+08:00
56249c4a-0de5-4925-8beb-044bb292dc94,M-1294,SESS-20260730-7678-0248,RENTAL_ACCRUAL,55,60,2026-07-30T22:25:00+08:00
90c07923-c192-41bc-bb9e-3b9fdff50c95,M-1349,SESS-20260730-9481-0249,RENTAL_ACCRUAL,27,298,2026-07-30T17:45:00+08:00
9484a850-8415-4344-8e44-3b63aea2d76b,M-1541,SESS-20260730-7329-0250,RENTAL_REDEMPTION,-300,194,2026-07-30T20:40:00+08:00
e4b68713-9926-429d-a4d3-750483c7f3a6,M-1541,SESS-20260730-7329-0250,RENTAL_ACCRUAL,26,220,2026-07-31T01:40:00+08:00
3bd7637f-b2c3-4c63-9cc2-f9e49f84e150,M-1541,TIER_UPGRADE_Silver_TO_Gold,TIER_BONUS,100,320,2026-07-31T01:40:00+08:00
3c205e1f-675f-404f-83be-3c57a66a9e02,M-1267,SESS-20260730-8935-0251,RENTAL_ACCRUAL,11,213,2026-07-30T18:00:00+08:00
3a4a9f22-92e9-4ed7-a92e-0d300c76a230,M-1967,SESS-20260730-4252-0252,RENTAL_ACCRUAL,25,117,2026-07-30T23:55:00+08:00
f44365b0-ab95-4c31-b82d-b333dee25bfb,M-1967,TIER_UPGRADE_Standard_TO_Silver,TIER_BONUS,50,167,2026-07-30T23:55:00+08:00
e0149716-708f-40a0-a112-5527edc386ff,M-1930,SESS-20260730-7239-0253,RENTAL_ACCRUAL,16,299,2026-07-30T23:00:00+08:00
0920eb18-5a5c-4d50-a17e-14011c6cd5b6,M-1614,SESS-20260730-9315-0254,RENTAL_ACCRUAL,11,228,2026-07-30T11:30:00+08:00
411b0cec-8035-480a-a0eb-f255fde36f30,M-1457,SESS-20260730-2190-0255,RENTAL_ACCRUAL,18,446,2026-07-30T23:50:00+08:00
79ddc0b8-4989-4d56-b39c-4deaeee4d261,M-1621,SESS-20260730-9340-0256,RENTAL_ACCRUAL,18,522,2026-07-31T01:55:00+08:00
94e4d30c-97c5-4c16-8481-8cf2884eef9b,M-1089,SESS-20260730-9096-0257,RENTAL_REDEMPTION,-200,91,2026-07-30T22:00:00+08:00
c21143ab-183a-4412-84b6-daefe2350002,M-1089,SESS-20260730-9096-0257,RENTAL_ACCRUAL,1,92,2026-07-30T23:00:00+08:00
ca9a5912-78e8-461d-98c3-b62f3df84f64,M-1302,SESS-20260730-1442-0258,RENTAL_REDEMPTION,-100,43,2026-07-30T21:00:00+08:00
1628f0fc-27dd-4a28-b5bf-c6f7dd51d340,M-1302,SESS-20260730-1442-0258,RENTAL_ACCRUAL,10,53,2026-07-31T00:00:00+08:00
bccf7fed-0bd0-4b51-ad52-71c159fda0b7,M-1517,SESS-20260730-7670-0259,RENTAL_ACCRUAL,27,142,2026-07-30T18:50:00+08:00
e91ea941-ad49-4bc4-94ba-4c99589044b5,M-1837,SESS-20260730-3098-0260,RENTAL_ACCRUAL,16,148,2026-07-31T01:30:00+08:00
08ef2c9d-eaed-45ae-8246-52a6f5c93c61,M-1271,SESS-20260730-1656-0261,RENTAL_ACCRUAL,40,216,2026-07-31T01:15:00+08:00
f8f2ed81-053b-4cce-b627-e99ba4bacb6b,M-1398,SESS-20260730-3051-0262,RENTAL_ACCRUAL,18,1354,2026-07-30T20:15:00+08:00
19bf5247-613f-4870-aa49-30d99b101f19,M-1809,SESS-20260730-8755-0263,RENTAL_ACCRUAL,28,493,2026-07-30T13:15:00+08:00
5df572b4-60eb-47b4-8a66-a3640f4aa4ac,M-2020,SESS-20260730-8778-0264,RENTAL_ACCRUAL,5,173,2026-07-30T20:00:00+08:00
1b770ec5-f9ae-4103-9fb6-76c1b4557565,M-1410,SESS-20260730-3642-0265,RENTAL_ACCRUAL,12,1113,2026-07-30T13:10:00+08:00
80227bbd-6dc8-4751-bfde-85a9e20145dc,M-1301,SESS-20260730-1935-0266,RENTAL_ACCRUAL,28,82,2026-07-30T21:00:00+08:00
cb9ac5cc-66e2-42ec-8f50-599bdce8283b,M-1699,SESS-20260730-9576-0267,RENTAL_REDEMPTION,-100,220,2026-07-30T18:45:00+08:00
c6043ac7-b61d-452a-b7f7-547877076240,M-1699,SESS-20260730-9576-0267,RENTAL_ACCRUAL,5,225,2026-07-30T20:45:00+08:00
f2df8103-8178-4b2d-bdc4-86041b56cd56,M-1105,SESS-20260730-8552-0268,RENTAL_REDEMPTION,-100,728,2026-07-30T23:05:00+08:00
30888c1d-574c-4a53-a85b-a32b13117ac8,M-1105,SESS-20260730-8552-0268,RENTAL_ACCRUAL,6,734,2026-07-31T00:05:00+08:00
2967f912-9878-4d05-9ce4-683da5b72ad1,M-1713,SESS-20260730-7247-0269,RENTAL_REDEMPTION,-100,238,2026-07-30T23:45:00+08:00
2dea4bed-14bd-4419-b6b0-01d991ca44ec,M-1713,SESS-20260730-7247-0269,RENTAL_ACCRUAL,5,243,2026-07-31T01:45:00+08:00
7ab0e603-9ba4-4b2d-aebf-d0fdff3713b1,M-1956,SESS-20260730-3920-0270,RENTAL_ACCRUAL,40,105,2026-07-30T21:55:00+08:00
425838b9-6a14-4395-bae6-99115b9a5caa,M-1959,SESS-20260730-3502-0271,RENTAL_ACCRUAL,16,476,2026-07-30T05:25:00+08:00
4543c8c1-de8c-4297-9472-e700e4d96b3a,M-1988,SESS-20260730-4690-0272,RENTAL_ACCRUAL,15,63,2026-07-30T21:45:00+08:00
b6ac05d5-e132-4257-bd17-fb1e258183fe,M-1714,SESS-20260730-3564-0273,RENTAL_REDEMPTION,-100,22,2026-07-30T22:45:00+08:00
607444bb-ac0c-4c54-a376-0641299e0706,M-1714,SESS-20260730-3564-0273,RENTAL_ACCRUAL,10,32,2026-07-31T01:45:00+08:00
b4cbb0f7-6aac-40b7-9310-4b9a8b62aa3d,M-1284,SESS-20260730-6289-0274,RENTAL_ACCRUAL,72,224,2026-07-31T06:30:00+08:00
0dbb2628-9615-4a6e-b5f0-b891eec56897,M-1486,SESS-20260730-7290-0275,RENTAL_ACCRUAL,45,252,2026-07-30T23:00:00+08:00
b8771f23-de86-44e1-b242-9018b2963dbb,M-1617,SESS-20260730-1687-0276,RENTAL_ACCRUAL,16,132,2026-07-30T20:45:00+08:00
cae2cd52-1e8f-4d85-a87f-c43ad8dd5e90,M-1180,SESS-20260730-1931-0277,RENTAL_ACCRUAL,19,208,2026-07-31T00:45:00+08:00
9acb89e3-daf1-48bd-a719-bf1fc2abfeb6,M-1051,SESS-20260730-2002-0278,RENTAL_ACCRUAL,11,110,2026-07-30T15:15:00+08:00
f430f6ce-115d-4306-9ee4-499a4a470bdd,M-1665,SESS-20260730-5556-0279,RENTAL_REDEMPTION,-100,1123,2026-07-30T23:25:00+08:00
a607b6a6-7d8c-4f12-97fc-1c195f71eac2,M-1665,SESS-20260730-5556-0279,RENTAL_ACCRUAL,4,1127,2026-07-31T01:25:00+08:00
64e16e70-9a91-41e2-8a4c-07a6cb67c05e,M-1416,SESS-20260730-4641-0280,RENTAL_ACCRUAL,19,2364,2026-07-30T23:30:00+08:00
d084e34a-81e3-4206-91f3-cab435551c52,M-1216,SESS-20260730-3120-0281,RENTAL_ACCRUAL,18,325,2026-07-30T23:10:00+08:00
5eb60724-0de8-41e4-9204-1f42ba05f7e9,M-1200,SESS-20260730-8044-0282,RENTAL_ACCRUAL,45,345,2026-07-31T02:15:00+08:00
ec35d2c0-7fd3-4c82-8818-9c06d57ee8cf,M-1001,SESS-20260730-1388-0283,RENTAL_ACCRUAL,18,175,2026-07-30T21:30:00+08:00
d611c575-6ff0-4013-9d1e-2cc00657c131,M-1229,SESS-20260730-5649-0284,RENTAL_ACCRUAL,11,78,2026-07-31T01:10:00+08:00
19ace322-cefb-4adc-bba8-68783150e1f9,M-1262,SESS-20260730-5498-0285,RENTAL_ACCRUAL,11,17,2026-07-31T01:45:00+08:00
268b37d4-19e2-468f-85a4-4bab8016112c,M-1132,SESS-20260730-8632-0286,RENTAL_ACCRUAL,48,879,2026-07-31T05:00:00+08:00
013b0afb-3de0-4e70-a2b8-dc23fd4fb696,M-1037,SESS-20260730-4632-0287,RENTAL_ACCRUAL,16,384,2026-07-31T00:50:00+08:00
596c4ff3-187e-4572-b87c-ad38a24ea723,M-2167,SESS-20260730-5799-0288,RENTAL_ACCRUAL,18,359,2026-07-30T23:00:00+08:00
ff7224d2-9720-4a41-a32d-8750f9abe6fb,M-1413,SESS-20260730-9955-0289,RENTAL_ACCRUAL,11,237,2026-07-31T01:25:00+08:00
875b52eb-0772-47c1-a8aa-5357fa41689f,M-1832,SESS-20260730-2928-0290,RENTAL_REDEMPTION,-100,69,2026-07-30T23:45:00+08:00
5621888f-58ad-4e57-917d-f40dc0d2baf0,M-1832,SESS-20260730-2928-0290,RENTAL_ACCRUAL,11,80,2026-07-31T01:45:00+08:00
33b6b505-84ee-49c6-b540-c83d45c1d8d4,M-1725,SESS-20260730-2418-0291,RENTAL_ACCRUAL,18,407,2026-07-30T22:30:00+08:00
ee91fe3c-e668-48fe-83c3-4d0b10e5257d,M-1582,SESS-20260730-8447-0292,RENTAL_ACCRUAL,67,513,2026-07-31T03:15:00+08:00
02a74d5b-55c7-42e7-b12f-01701c7c2c5f,M-1347,SESS-20260730-3948-0293,RENTAL_ACCRUAL,30,3182,2026-07-30T20:15:00+08:00
ca9a7ff2-3bb5-4d9b-bf83-a0656ad74619,M-1007,SESS-20260730-9814-0294,RENTAL_ACCRUAL,45,441,2026-07-31T04:50:00+08:00
7ee83968-357f-46cb-a1ea-dd96a4743629,M-2032,SESS-20260730-1290-0295,RENTAL_ACCRUAL,40,330,2026-07-31T02:35:00+08:00
16bd174f-d8aa-4db5-9571-42d8a8fabb2e,M-2032,TIER_UPGRADE_Standard_TO_Silver,TIER_BONUS,50,380,2026-07-31T02:35:00+08:00
1559f68d-d5f1-4343-bf24-267d0beeac50,M-1641,SESS-20260730-2546-0296,RENTAL_ACCRUAL,16,153,2026-07-30T13:45:00+08:00
c486dfc5-4e78-49b5-864d-d5354b71f95d,M-1707,SESS-20260730-7149-0297,RENTAL_REDEMPTION,-100,952,2026-07-30T10:30:00+08:00
3a1aea72-1785-48bf-b766-cb26572b31eb,M-1707,SESS-20260730-7149-0297,RENTAL_ACCRUAL,4,956,2026-07-30T12:30:00+08:00
18e3e1d9-5487-4ed1-af57-b7b4d24596c7,M-1722,SESS-20260730-1016-0298,RENTAL_ACCRUAL,16,573,2026-07-31T02:00:00+08:00
b68d7c80-04d7-4f52-b6c0-ad4e87bfb626,M-1728,SESS-20260730-1998-0299,RENTAL_REDEMPTION,-200,156,2026-07-30T13:40:00+08:00
55b217be-6de2-4472-922d-e1c3c74ab19f,M-1728,SESS-20260730-1998-0299,RENTAL_ACCRUAL,4,160,2026-07-30T16:40:00+08:00
a7649b52-a5a3-403f-b91a-a1a421f74f99,M-1398,SESS-20260730-8928-0300,RENTAL_ACCRUAL,12,1366,2026-07-30T23:15:00+08:00
ab10d88e-190b-4134-84c9-66c5ae64704c,M-1891,SESS-20260730-6361-0301,RENTAL_ACCRUAL,8,126,2026-07-30T23:45:00+08:00
fcf58408-ac4c-4f31-847e-698f1322fb5f,M-1587,SESS-20260730-5568-0302,RENTAL_ACCRUAL,48,786,2026-07-31T04:15:00+08:00
d4c64b7b-70df-45d3-9075-77bf21cc3806,M-1081,SESS-20260730-6609-0303,RENTAL_ACCRUAL,45,419,2026-07-31T04:05:00+08:00
98bb6163-2104-4d4f-b733-8576d0da63e6,M-1445,SESS-20260730-4338-0304,RENTAL_ACCRUAL,13,184,2026-07-30T23:35:00+08:00
495e1338-1f16-401b-95f0-cbecba2f9159,M-2038,SESS-20260730-8188-0305,RENTAL_ACCRUAL,9,185,2026-07-31T00:55:00+08:00
1020ae26-03c7-49dd-90aa-1c2d70a4396c,M-1620,SESS-20260730-7156-0306,RENTAL_ACCRUAL,11,283,2026-07-30T20:15:00+08:00
a07d6ede-ffdc-4dfc-9718-2416a2398677,M-1353,SESS-20260730-6084-0307,RENTAL_REDEMPTION,-100,86,2026-07-30T12:00:00+08:00
33dba68e-5d74-4bb7-a333-5273ba95560e,M-1353,SESS-20260730-6084-0307,RENTAL_ACCRUAL,2,88,2026-07-30T13:00:00+08:00
2d5c4c81-aec3-4627-b77f-67a68fe73279,M-1740,SESS-20260730-7820-0308,RENTAL_ACCRUAL,9,2373,2026-07-31T00:10:00+08:00
24bba71e-78a3-4bf0-b077-31001ef39c10,M-1186,SESS-20260730-2807-0309,RENTAL_REDEMPTION,-100,432,2026-07-30T21:50:00+08:00
4b6a8b0f-a48f-4de3-809c-1764794c72b7,M-1186,SESS-20260730-2807-0309,RENTAL_ACCRUAL,5,437,2026-07-30T23:50:00+08:00
9e19a84b-0a58-450d-a19c-d6cd7347638b,M-1458,SESS-20260730-2336-0310,RENTAL_ACCRUAL,72,98,2026-07-31T07:40:00+08:00
fdb8f6d7-e90a-48fb-b2b2-d4b1e9afdb77,M-1649,SESS-20260730-1980-0311,RENTAL_ACCRUAL,45,300,2026-07-31T03:30:00+08:00
0094c7c5-138c-463b-87ad-ebccb18db947,M-1734,SESS-20260730-9418-0312,RENTAL_REDEMPTION,-100,20,2026-07-30T21:05:00+08:00
cf17bc28-be7d-4c3f-ac1c-ae7b00b2913c,M-1734,SESS-20260730-9418-0312,RENTAL_ACCRUAL,10,30,2026-07-31T00:05:00+08:00
6eb56884-ed7b-4769-9f89-cce0a44cbdc0,M-2106,SESS-20260730-2871-0313,RENTAL_ACCRUAL,16,204,2026-07-30T22:50:00+08:00
6bb4288e-de46-4abe-a52c-641a3f6abd1e,M-1179,SESS-20260730-7812-0314,RENTAL_ACCRUAL,11,63,2026-07-30T19:30:00+08:00
cc84d5d1-15bf-46e9-a63e-14013de86c19,M-1446,SESS-20260730-9503-0315,RENTAL_REDEMPTION,-100,60,2026-07-30T18:30:00+08:00
f84112e7-588d-4859-8c76-085c8fa39912,M-1446,SESS-20260730-9503-0315,RENTAL_ACCRUAL,10,70,2026-07-30T21:30:00+08:00
4358dc4f-8452-4d0e-881f-bda61019a988,M-1410,SESS-20260730-8895-0316,RENTAL_ACCRUAL,6,1119,2026-07-30T19:00:00+08:00
7c52e574-2092-42d8-a235-e19f3cbbb59d,M-2192,SESS-20260730-3591-0317,RENTAL_ACCRUAL,10,60,2026-07-30T19:45:00+08:00
714621e1-6d29-4bfc-a8ff-6a985d0487cf,M-1358,SESS-20260730-3924-0318,RENTAL_REDEMPTION,-200,75,2026-07-30T21:35:00+08:00
fe66b9fa-07d7-46b7-8667-f768d5755894,M-1358,SESS-20260730-3924-0318,RENTAL_ACCRUAL,28,103,2026-07-31T00:35:00+08:00
e3d16212-ef01-4c9e-8a21-37953a12f926,M-1086,SESS-20260730-7490-0319,RENTAL_REDEMPTION,-100,66,2026-07-30T21:15:00+08:00
22f030ca-3cfa-41bc-b463-83bc81cada7c,M-1086,SESS-20260730-7490-0319,RENTAL_ACCRUAL,38,104,2026-07-31T02:15:00+08:00
efc36fa8-9789-4630-a37c-f3378d28693f,M-1210,SESS-20260730-4911-0320,RENTAL_ACCRUAL,76,1058,2026-07-31T00:45:00+08:00
d7ea9028-02c3-477b-8afd-0b19985044ec,M-1779,SESS-20260730-7734-0321,RENTAL_ACCRUAL,11,339,2026-07-30T18:00:00+08:00
e603fad0-5bfa-4575-b3ea-a03bc84da44d,M-1452,SESS-20260730-2336-0322,RENTAL_REDEMPTION,-200,10,2026-07-30T17:45:00+08:00
c8f2596b-cfb9-4696-8518-aee6fd168b2f,M-1452,SESS-20260730-2336-0322,RENTAL_ACCRUAL,4,14,2026-07-30T20:45:00+08:00
0fc6b533-0a25-4686-be83-a26c982f9c87,M-1747,SESS-20260730-1521-0323,RENTAL_REDEMPTION,-100,51,2026-07-30T21:00:00+08:00
d36380ae-ff2b-42e7-a41f-8b6ea182c9c6,M-1747,SESS-20260730-1521-0323,RENTAL_ACCRUAL,38,89,2026-07-31T02:00:00+08:00
c5d85771-1cfc-4e35-bb66-79d94343715f,M-1247,SESS-20260730-8329-0324,RENTAL_ACCRUAL,12,2274,2026-07-30T22:30:00+08:00
43fa6931-0970-48ff-b5f1-ad7a86480230,M-1965,SESS-20260730-8268-0325,RENTAL_ACCRUAL,5,176,2026-07-30T21:45:00+08:00
fc3bd435-b984-4aaa-bc43-782b996b2e95,M-1011,SESS-20260730-7658-0326,RENTAL_ACCRUAL,28,1018,2026-07-30T19:15:00+08:00
c5edf48c-777b-4299-818a-102c8d1457e0,M-1349,SESS-20260730-8633-0327,RENTAL_ACCRUAL,5,303,2026-07-31T00:20:00+08:00
dbab51b7-8d8a-4a76-8401-767098c5b0ed,M-1838,SESS-20260730-1600-0328,RENTAL_ACCRUAL,16,625,2026-07-31T02:55:00+08:00
a082ef33-77da-4e94-ab88-f3f434d646d0,M-1997,SESS-20260730-9595-0329,RENTAL_ACCRUAL,10,128,2026-07-30T19:25:00+08:00
66df106c-5a97-4ccd-9e61-7753d0738f18,M-1300,SESS-20260730-7360-0330,RENTAL_ACCRUAL,43,522,2026-07-30T17:30:00+08:00
1f7b61b2-ccbe-49c6-ad58-7a351e637ee4,M-1394,SESS-20260730-1685-0331,RENTAL_ACCRUAL,16,539,2026-07-31T01:30:00+08:00
7e71ed11-e8f8-4048-8510-d6ed47d43ac9,M-1578,SESS-20260730-6473-0332,RENTAL_ACCRUAL,28,194,2026-07-31T03:30:00+08:00
eaadbc36-c9c3-49b7-a303-fe64f1bcbc39,M-1939,SESS-20260730-2415-0333,RENTAL_ACCRUAL,40,119,2026-07-31T05:50:00+08:00
1e3c14b5-7b08-497f-b3e2-42b6183c6389,M-1343,SESS-20260730-3917-0334,RENTAL_REDEMPTION,-100,26,2026-07-30T20:30:00+08:00
2b067429-428a-4889-a31c-75f3bb6c19fd,M-1343,SESS-20260730-3917-0334,RENTAL_ACCRUAL,34,60,2026-07-30T23:30:00+08:00
705048e7-7bc7-4b9f-a326-e94e0cc45902,M-2143,SESS-20260730-8931-0335,RENTAL_ACCRUAL,24,61,2026-07-30T18:20:00+08:00
bb4f3f81-35b0-4758-aeee-c7642dd4dc8e,M-1664,SESS-20260730-1299-0336,RENTAL_ACCRUAL,12,2326,2026-07-30T20:15:00+08:00
6ed36a47-de70-41d9-80a5-dd0d1a13c43f,M-1752,SESS-20260730-5229-0337,RENTAL_ACCRUAL,19,2573,2026-07-31T00:30:00+08:00
713a6a9b-08e5-4b7a-b419-b67c74c53959,M-2044,SESS-20260730-4142-0338,RENTAL_ACCRUAL,25,115,2026-07-30T19:35:00+08:00
22ccbaf9-b2fd-4361-9445-2cd5943750e8,M-2044,TIER_UPGRADE_Standard_TO_Silver,TIER_BONUS,50,165,2026-07-30T19:35:00+08:00
0e42bfc5-9a7e-43d7-9138-f4695bc7d57b,M-1209,SESS-20260730-9717-0339,RENTAL_ACCRUAL,6,286,2026-07-30T14:35:00+08:00
b931f011-6fb7-460e-bf0c-f2ed48b99caf,M-1126,SESS-20260730-5183-0340,RENTAL_REDEMPTION,-100,6,2026-07-30T20:00:00+08:00
ec9c73bc-8023-4e5d-bfdf-90053996646c,M-1126,SESS-20260730-5183-0340,RENTAL_ACCRUAL,20,26,2026-07-30T22:00:00+08:00
9a648d5e-e044-4512-b233-fb98515b7db2,M-2169,SESS-20260730-8892-0341,RENTAL_ACCRUAL,5,229,2026-07-30T21:25:00+08:00
11c4ac96-0231-4f21-aad1-2f1824eb1bac,M-1810,SESS-20260730-6341-0342,RENTAL_REDEMPTION,-100,1,2026-07-30T23:00:00+08:00
bf3e5c73-fcb1-4aa1-b9c1-7ea4e25183f6,M-1810,SESS-20260730-6341-0342,RENTAL_ACCRUAL,2,3,2026-07-31T00:00:00+08:00
3825b809-88aa-43fa-8ead-c61a0dc81564,M-1022,SESS-20260730-9311-0343,RENTAL_ACCRUAL,5,163,2026-07-30T20:40:00+08:00
6fd58cb2-ffc2-4bab-a2b2-1421a1a50d82,M-1360,SESS-20260730-9825-0344,RENTAL_REDEMPTION,-100,162,2026-07-30T11:45:00+08:00
4519a09a-cd61-497a-8728-2572cabebe7a,M-1360,SESS-20260730-9825-0344,RENTAL_ACCRUAL,10,172,2026-07-30T14:45:00+08:00
62a724a3-5335-4745-b00e-eb0f17a43a8a,M-1490,SESS-20260730-5854-0345,RENTAL_REDEMPTION,-100,141,2026-07-30T21:45:00+08:00
7bbc7924-8d75-4309-b8ba-5035d5238e7f,M-1490,SESS-20260730-5854-0345,RENTAL_ACCRUAL,20,161,2026-07-31T00:45:00+08:00
9eb1907b-101c-4c67-9b2a-ef9dd33a56b7,M-1721,SESS-20260730-6805-0346,RENTAL_ACCRUAL,11,323,2026-07-30T21:30:00+08:00
2e0b2822-c627-4c8d-8f68-21d604a062e6,M-1017,SESS-20260730-8144-0347,RENTAL_ACCRUAL,13,272,2026-07-31T00:15:00+08:00
4ce3eb28-fe9a-4426-a1a1-132e5f267080,M-1619,SESS-20260730-8642-0348,RENTAL_ACCRUAL,27,138,2026-07-30T19:40:00+08:00
fc4ae245-d587-4a77-a556-5ade5682c0fb,M-1631,SESS-20260730-6427-0349,RENTAL_ACCRUAL,40,92,2026-07-30T23:05:00+08:00
eb522675-d261-4cf3-895d-cb58a5a7950a,M-1223,SESS-20260730-6634-0350,RENTAL_REDEMPTION,-100,41,2026-07-30T21:00:00+08:00
75c8639d-550f-4de5-ba22-c47e56163df6,M-1223,SESS-20260730-6634-0350,RENTAL_ACCRUAL,5,46,2026-07-30T23:00:00+08:00
4abe36f9-e691-4c56-b01a-13d60b7a9213,M-1146,SESS-20260730-2131-0351,RENTAL_ACCRUAL,30,2614,2026-07-30T23:10:00+08:00
e40314b7-62ec-43cf-a0b0-861e56a3f7b5,M-1839,SESS-20260730-3937-0352,RENTAL_ACCRUAL,45,365,2026-07-31T05:15:00+08:00
a384283f-803d-4d94-9471-43ccede9743f,M-1297,SESS-20260730-6236-0353,RENTAL_ACCRUAL,27,84,2026-07-31T00:10:00+08:00
47b487ed-7fea-45ea-acac-e9ccbd63efdf,M-2010,SESS-20260730-2609-0354,RENTAL_ACCRUAL,24,118,2026-07-30T19:55:00+08:00
a9aa6307-9b77-453d-b7ce-23fdd53daae2,M-1833,SESS-20260730-5212-0355,RENTAL_REDEMPTION,-100,74,2026-07-30T17:25:00+08:00
7db795eb-87c9-4da3-b7a0-8e9a8b420c6c,M-1833,SESS-20260730-5212-0355,RENTAL_ACCRUAL,65,139,2026-07-31T01:25:00+08:00
83871563-f8b5-4ee7-bdb9-de1d57a4ac77,M-1273,SESS-20260730-9055-0356,RENTAL_ACCRUAL,5,893,2026-07-30T20:45:00+08:00
f4453299-ce08-413f-9983-4ed8d936af61,M-1436,SESS-20260730-8427-0357,RENTAL_ACCRUAL,11,517,2026-07-31T00:30:00+08:00
6bc2c29b-7489-46fd-ad59-04e103940f7b,M-1209,SESS-20260730-2230-0358,RENTAL_ACCRUAL,18,304,2026-07-31T00:50:00+08:00
038a5924-5dd1-4e8f-9076-de0c7fb97f4c,M-1581,SESS-20260730-5403-0359,RENTAL_ACCRUAL,11,200,2026-07-31T01:15:00+08:00
4afa9c1c-200d-4b19-89be-5a726c709d91,M-1546,SESS-20260730-4757-0360,RENTAL_ACCRUAL,72,190,2026-07-31T07:45:00+08:00
56c16c89-01db-4f22-b1cb-8381fffdc8c8,M-1639,SESS-20260730-6914-0361,RENTAL_ACCRUAL,16,423,2026-07-31T00:40:00+08:00
bb444616-df4f-4127-864f-01d1d6832e0e,M-1765,SESS-20260730-9563-0362,RENTAL_REDEMPTION,-100,66,2026-07-30T20:30:00+08:00
66eaf4b7-d450-47e7-91a6-39d95a2d494e,M-1765,SESS-20260730-9563-0362,RENTAL_ACCRUAL,20,86,2026-07-30T22:30:00+08:00
df05b0c7-4774-4e64-ad87-320f33ef1aa3,M-1008,SESS-20260730-8912-0363,RENTAL_REDEMPTION,-200,184,2026-07-30T16:30:00+08:00
2b2d47ca-0fee-4b92-a0ef-a0ef945c1422,M-1008,SESS-20260730-8912-0363,RENTAL_ACCRUAL,28,212,2026-07-30T19:30:00+08:00
ba82a6e1-9e2d-48f9-85a5-5ea1f9f6cbe3,M-1265,SESS-20260730-5580-0364,RENTAL_ACCRUAL,45,330,2026-07-31T03:30:00+08:00
9196fd82-fa3c-4a19-91e2-d918c1ff32a1,M-1195,SESS-20260730-6464-0365,RENTAL_ACCRUAL,27,273,2026-07-31T00:35:00+08:00
20dec6bc-1d18-4122-941b-a6c2ebbbd234,M-1912,SESS-20260730-6568-0366,RENTAL_REDEMPTION,-100,162,2026-07-30T19:20:00+08:00
3c0cf6c7-1d4d-4c76-8195-611fae6c4e5d,M-1912,SESS-20260730-6568-0366,RENTAL_ACCRUAL,5,167,2026-07-30T21:20:00+08:00
c92f1cde-e86d-4ba7-b278-39b49d2baeb5,M-1300,SESS-20260730-3485-0367,RENTAL_REDEMPTION,-200,322,2026-07-30T23:00:00+08:00
b9d815b1-770e-4dd6-b7e2-fbf682f9e871,M-1300,SESS-20260730-3485-0367,RENTAL_ACCRUAL,4,326,2026-07-31T01:00:00+08:00
62761651-a464-4be3-9ed7-db236afeb5aa,M-1677,SESS-20260730-6425-0368,RENTAL_ACCRUAL,9,34,2026-07-30T21:00:00+08:00
e76cc2a5-464c-4d5b-93e9-c25b47df2c92,M-1390,SESS-20260730-6686-0369,RENTAL_ACCRUAL,16,218,2026-07-31T00:30:00+08:00
9f23bdfe-4e0c-4776-8861-2213125c3460,M-1512,SESS-20260730-4624-0370,RENTAL_ACCRUAL,11,156,2026-07-30T21:20:00+08:00
4d5f4490-d264-48ff-9384-4d64110d6b5d,M-1279,SESS-20260730-9669-0371,RENTAL_ACCRUAL,11,261,2026-07-30T23:30:00+08:00
29fbe165-4312-410b-81f6-953a8499b996,M-1737,SESS-20260730-6672-0372,RENTAL_ACCRUAL,13,174,2026-07-31T00:35:00+08:00
b09f90c5-47b5-4c4b-b9d2-0d8d0a3fa538,M-1432,SESS-20260730-6946-0373,RENTAL_ACCRUAL,28,3214,2026-07-30T18:00:00+08:00
1ad5e643-56fa-443f-a3fe-e7c9c9a17257,M-1419,SESS-20260730-9442-0374,RENTAL_ACCRUAL,5,274,2026-07-30T20:45:00+08:00
ada37722-1387-433d-915a-82c4d37d5121,M-1509,SESS-20260730-3079-0375,RENTAL_ACCRUAL,72,497,2026-07-30T21:15:00+08:00
ead43582-c3ff-497a-a8b0-2940cbbbdfce,M-1743,SESS-20260730-8462-0376,RENTAL_ACCRUAL,16,518,2026-07-31T00:45:00+08:00
d2f3edc6-12c0-4772-93c0-09eb9c637704,M-1308,SESS-20260730-8892-0377,RENTAL_ACCRUAL,27,381,2026-07-31T01:45:00+08:00
63b234cb-9f72-4345-81f2-ad5c3f94a521,M-1677,SESS-20260730-1783-0378,RENTAL_ACCRUAL,11,45,2026-07-30T23:45:00+08:00
5f3d6182-5eba-41f5-8c9b-b66e5f919173,M-2096,SESS-20260730-9071-0379,RENTAL_ACCRUAL,10,57,2026-07-30T22:45:00+08:00
734cf5d3-5a0b-4c48-a08b-b04858823103,M-1843,SESS-20260730-8869-0380,RENTAL_ACCRUAL,40,69,2026-07-31T00:20:00+08:00
c2ce846e-5a05-4420-97d7-c3e9d7b96979,M-1070,SESS-20260730-4054-0381,RENTAL_REDEMPTION,-100,146,2026-07-30T22:50:00+08:00
40cfc39b-bc7f-4fd6-872b-ae3aa5e73832,M-1070,SESS-20260730-4054-0381,RENTAL_ACCRUAL,5,151,2026-07-31T00:50:00+08:00
b5ddb5a9-1818-4d48-b9af-90a3b75000e1,M-1748,SESS-20260730-8362-0382,RENTAL_ACCRUAL,5,510,2026-07-30T20:45:00+08:00
d16d1453-89ba-47e7-93fa-2add4de9d4d9,M-1779,SESS-20260730-3819-0383,RENTAL_ACCRUAL,45,384,2026-07-31T04:25:00+08:00
a7c46313-8c6e-41bd-9e62-1b9a32ef76a4,M-1149,SESS-20260730-6885-0384,RENTAL_ACCRUAL,11,71,2026-07-30T23:25:00+08:00
d408e78f-02fa-4d84-9f81-dd5d559c5c21,M-1282,SESS-20260730-5784-0385,RENTAL_ACCRUAL,12,112,2026-07-30T21:00:00+08:00
65e05bc2-10e0-4610-9ef9-8fa17a8e94de,M-1479,SESS-20260730-9173-0386,RENTAL_ACCRUAL,18,2451,2026-07-31T02:25:00+08:00
6f31064e-33ea-44ba-b94e-3b6da7a260f3,M-1175,SESS-20260730-6092-0387,RENTAL_ACCRUAL,14,197,2026-07-30T22:10:00+08:00
8272c1b2-9a72-40a9-bf8f-5348a13e62d8,M-1359,SESS-20260730-4861-0388,RENTAL_ACCRUAL,18,1861,2026-07-31T00:30:00+08:00
0a00ee35-1f26-4cf4-8088-b0033fc73f68,M-1277,SESS-20260730-7716-0389,RENTAL_ACCRUAL,48,2886,2026-07-31T01:45:00+08:00
0750ba7b-4c86-4eca-8e08-9871acb8bc97,M-1237,SESS-20260730-9468-0390,RENTAL_ACCRUAL,16,311,2026-07-30T23:30:00+08:00
baf8ef67-7e7d-4de8-9608-4f009e02f23c,M-1196,SESS-20260730-8272-0391,RENTAL_REDEMPTION,-100,143,2026-07-30T22:40:00+08:00
eab124c9-2cd5-44ec-a5b1-d906bffcf5a8,M-1196,SESS-20260730-8272-0391,RENTAL_ACCRUAL,10,153,2026-07-31T01:40:00+08:00
d9ebab36-fa25-4b66-a182-a3f25f3e0304,M-1590,SESS-20260730-7825-0392,RENTAL_REDEMPTION,-100,0,2026-07-30T18:55:00+08:00
f278bcc1-ad1f-4b39-af22-293144f34d1e,M-1590,SESS-20260730-7825-0392,RENTAL_ACCRUAL,61,61,2026-07-30T23:55:00+08:00
172ef92f-b2f3-4ca0-aeca-efa87d473d57,M-2023,SESS-20260730-1220-0393,RENTAL_ACCRUAL,16,231,2026-07-30T21:00:00+08:00
489889a1-4b7b-47f0-93c3-cfcffaeedec7,M-1006,SESS-20260730-4963-0394,RENTAL_ACCRUAL,27,145,2026-07-30T22:15:00+08:00
31c9d06d-5404-4822-a4ba-8fca44db0fba,M-1101,SESS-20260730-9341-0395,RENTAL_ACCRUAL,18,425,2026-07-31T01:45:00+08:00
735241a8-40c3-4b4d-862e-e338613e0b58,M-1461,SESS-20260730-9445-0396,RENTAL_ACCRUAL,28,101,2026-07-31T02:25:00+08:00
94b6962e-5ae7-4189-9655-d6eaf72eec57,M-1221,SESS-20260730-7017-0397,RENTAL_ACCRUAL,6,1950,2026-07-30T22:45:00+08:00
b63a2eae-c384-4e1a-8faf-54b50108269f,M-1772,SESS-20260730-4173-0398,RENTAL_ACCRUAL,16,192,2026-07-31T01:50:00+08:00
a37d1c3f-f93a-4328-890e-bd680c8235f4,M-1127,SESS-20260730-6332-0399,RENTAL_ACCRUAL,11,182,2026-07-31T01:35:00+08:00
3ced14e6-209b-4249-a756-96d647fb71ee,M-1624,SESS-20260730-2767-0400,RENTAL_ACCRUAL,19,653,2026-07-30T23:05:00+08:00
2f520d26-2c45-4d56-b8cc-961bd07e6b9b,M-1393,SESS-20260730-8774-0401,RENTAL_ACCRUAL,11,209,2026-07-30T15:30:00+08:00
7ac25213-6804-49a4-9609-1dec42a4d9a6,M-1183,SESS-20260730-3211-0402,RENTAL_ACCRUAL,5,120,2026-07-30T21:55:00+08:00
42d3f593-e53f-4bd2-9ecf-defe4fb40540,M-1701,SESS-20260730-3921-0403,RENTAL_ACCRUAL,28,558,2026-07-31T01:30:00+08:00
83d12057-792d-47cb-99f9-7c8fcf143c59,M-1134,SESS-20260730-2018-0404,RENTAL_ACCRUAL,5,325,2026-07-30T23:00:00+08:00
a96cc527-8172-4d5f-b333-58abcae37427,M-1136,SESS-20260730-2781-0405,RENTAL_REDEMPTION,-200,77,2026-07-30T19:15:00+08:00
0e808c09-0006-43f9-ace2-d13e6bf47b82,M-1136,SESS-20260730-2781-0405,RENTAL_ACCRUAL,14,91,2026-07-30T21:15:00+08:00
259642cf-1867-475a-bfcb-864666550a40,M-1616,SESS-20260730-8376-0406,RENTAL_ACCRUAL,5,255,2026-07-30T20:30:00+08:00
4e1c244b-2954-4161-826f-5d4965e7eac0,M-1827,SESS-20260730-5270-0407,RENTAL_ACCRUAL,27,298,2026-07-30T22:30:00+08:00
0c342838-80b2-4f80-a033-de60c3e1d999,M-1020,SESS-20260730-6777-0408,RENTAL_ACCRUAL,11,269,2026-07-30T19:45:00+08:00
99b97782-ae1b-4f2c-ac0b-3c6a13354a80,M-1183,SESS-20260730-2112-0409,RENTAL_ACCRUAL,45,165,2026-07-31T04:50:00+08:00
6210e4a8-a669-40ae-8548-4d107bdfb8bf,M-1550,SESS-20260730-7594-0410,RENTAL_ACCRUAL,27,251,2026-07-30T23:30:00+08:00
ccaaa63b-d09e-4799-8b3c-4ee6b25c615e,M-1347,SESS-20260730-6533-0411,RENTAL_ACCRUAL,12,3194,2026-07-31T01:35:00+08:00
4555a30d-58f4-4f91-9146-131368debfa4,M-1670,SESS-20260730-1223-0412,RENTAL_ACCRUAL,45,157,2026-07-31T07:10:00+08:00
5963aaac-06ed-4ea7-8b28-d5c71bd68baf,M-1117,SESS-20260730-1558-0413,RENTAL_ACCRUAL,67,169,2026-07-31T04:15:00+08:00
27e9b085-0bd7-4b7a-a5d0-4324b894e423,M-1703,SESS-20260730-1616-0414,RENTAL_REDEMPTION,-100,58,2026-07-30T19:45:00+08:00
dc5df7bd-e779-4bfc-86d8-5d7aaf3d4657,M-1703,SESS-20260730-1616-0414,RENTAL_ACCRUAL,21,79,2026-07-31T00:45:00+08:00
c178f603-e63f-459e-af60-064227c47d48,M-1242,SESS-20260730-5130-0415,RENTAL_ACCRUAL,18,353,2026-07-31T00:35:00+08:00
a52ebefc-5328-4472-9c69-a72391bfb572,M-1311,SESS-20260730-6026-0416,RENTAL_ACCRUAL,11,234,2026-07-30T23:00:00+08:00
10df0f72-d9e5-4727-9321-9402da1511e9,M-1274,SESS-20260730-3001-0417,RENTAL_ACCRUAL,45,631,2026-07-30T23:15:00+08:00
813de609-6483-4262-8143-57dc121f5df8,M-1598,SESS-20260730-8463-0418,RENTAL_ACCRUAL,11,85,2026-07-31T01:25:00+08:00
ce93b5cc-76d4-476f-8de4-21594e321a9a,M-1420,SESS-20260730-2660-0419,RENTAL_REDEMPTION,-400,306,2026-07-30T22:45:00+08:00
20c4f9fb-89f8-447d-8458-a1e54e831e6e,M-1420,SESS-20260730-2660-0419,RENTAL_ACCRUAL,3,309,2026-07-31T03:45:00+08:00
e3518e5f-1332-482b-8139-8856a3207317,M-1128,SESS-20260730-1659-0420,RENTAL_ACCRUAL,5,119,2026-07-30T20:30:00+08:00
e780a3b5-fc12-4ef6-941a-da25bfbc9858,M-1459,SESS-20260730-5950-0421,RENTAL_ACCRUAL,13,219,2026-07-30T22:25:00+08:00
d6feea0f-95de-4f93-8230-d42be32c404b,M-1764,SESS-20260730-9330-0422,RENTAL_ACCRUAL,18,238,2026-07-31T00:00:00+08:00
90f8c90c-5d0c-4058-a132-10756e16dd51,M-1240,SESS-20260730-1700-0423,RENTAL_ACCRUAL,18,191,2026-07-31T02:10:00+08:00
c352d629-9b80-4814-af37-8596e397071e,M-1052,SESS-20260730-8116-0424,RENTAL_ACCRUAL,5,388,2026-07-30T23:00:00+08:00
f85a0f04-7791-44a7-a2df-92211fe1ebe6,M-1249,SESS-20260730-9346-0425,RENTAL_ACCRUAL,27,294,2026-07-31T01:40:00+08:00
de6adbcc-661f-4977-a86e-e9d5b8a0339a,M-1216,SESS-20260730-8438-0426,RENTAL_ACCRUAL,30,355,2026-07-31T04:30:00+08:00
5fbea219-59bd-4463-bcba-517128ebd82d,M-1584,SESS-20260730-1472-0427,RENTAL_ACCRUAL,9,57,2026-07-31T00:10:00+08:00
23269f91-5117-4ba2-9ed9-4d554dabc2a0,M-2065,SESS-20260730-4201-0428,RENTAL_ACCRUAL,24,36,2026-07-31T00:20:00+08:00
60f874ff-b73b-499d-8605-fec6c7da5c3e,M-1020,SESS-20260730-4616-0429,RENTAL_REDEMPTION,-200,69,2026-07-30T22:20:00+08:00
8df21d4e-a88c-4fd7-bde9-8487a8e5b158,M-1020,SESS-20260730-4616-0429,RENTAL_ACCRUAL,1,70,2026-07-30T23:20:00+08:00
be6a2293-82ad-4468-9fb0-af45b0a44ad3,M-1524,SESS-20260730-6744-0430,RENTAL_ACCRUAL,18,253,2026-07-31T01:05:00+08:00
11a3e1bf-63c3-4b8d-8f15-c2b3fe181f80,M-1620,SESS-20260730-9648-0431,RENTAL_REDEMPTION,-200,83,2026-07-30T23:50:00+08:00
2959229a-ddd8-4422-b310-5b9271df82bf,M-1620,SESS-20260730-9648-0431,RENTAL_ACCRUAL,15,98,2026-07-31T04:50:00+08:00
7726bbe1-8cea-4966-af5b-1f44c6cb8192,M-1563,SESS-20260730-3853-0432,RENTAL_ACCRUAL,13,470,2026-07-31T00:35:00+08:00
3875b16f-aa0d-4c9f-8348-78608f0af7b9,M-1821,SESS-20260730-8933-0433,RENTAL_REDEMPTION,-100,324,2026-07-30T23:10:00+08:00
aada9bb2-212f-4f2a-9564-eeef0a69e617,M-1821,SESS-20260730-8933-0433,RENTAL_ACCRUAL,5,329,2026-07-31T01:10:00+08:00
4457742a-de9d-4597-aab5-bf50f48d373d,M-1099,SESS-20260730-4124-0434,RENTAL_REDEMPTION,-100,263,2026-07-30T15:35:00+08:00
8ce143a1-f2ce-49fd-aa5d-a5eba18ef176,M-1099,SESS-20260730-4124-0434,RENTAL_ACCRUAL,21,284,2026-07-30T20:35:00+08:00
584f750c-c5cd-45a0-acb7-31d0fbe32a03,M-1385,SESS-20260730-1412-0435,RENTAL_ACCRUAL,27,203,2026-07-30T21:15:00+08:00
196bc5ba-a54e-46b2-a917-c0c8d116a5da,M-1552,SESS-20260730-4750-0436,RENTAL_ACCRUAL,5,172,2026-07-30T23:30:00+08:00
deb9d046-e7f7-4cf0-910a-b45df445f3bd,M-1915,SESS-20260730-3515-0437,RENTAL_ACCRUAL,12,93,2026-07-30T23:30:00+08:00
a6ae09f2-e0c9-4f95-ae9d-fb3318a3fdfb,M-1159,SESS-20260730-4205-0438,RENTAL_ACCRUAL,11,191,2026-07-31T01:35:00+08:00
9cc1e66a-7f23-4428-92f2-e8b4b4771a3f,M-1792,SESS-20260730-6117-0439,RENTAL_ACCRUAL,12,2075,2026-07-30T22:35:00+08:00
237b5e14-a472-40da-9201-96dcfaeea1d0,M-1854,SESS-20260730-9017-0440,RENTAL_ACCRUAL,15,192,2026-07-31T01:50:00+08:00
e05fcb71-26c2-4f69-9a30-6e32a6a2bbc3,M-1960,SESS-20260730-9813-0441,RENTAL_ACCRUAL,60,80,2026-07-31T04:35:00+08:00
1593c993-10a7-40b7-93bc-40ac9d3027e6,M-1013,SESS-20260730-1410-0442,RENTAL_ACCRUAL,11,279,2026-07-30T22:45:00+08:00
febf59e3-14de-422a-a4c9-7cd0815b6d23,M-1270,SESS-20260730-5625-0443,RENTAL_ACCRUAL,19,1102,2026-07-30T23:20:00+08:00
63dd658b-686e-4107-b87b-798c8d9ca24d,M-1793,SESS-20260730-4904-0444,RENTAL_ACCRUAL,6,963,2026-07-30T23:50:00+08:00
87fbfd60-ed0e-4c98-8e21-797941d2669b,M-1157,SESS-20260730-1170-0445,RENTAL_ACCRUAL,16,272,2026-07-30T23:35:00+08:00
085858eb-5e90-444c-9ac7-a2b3e0392674,M-2167,SESS-20260730-8764-0446,RENTAL_ACCRUAL,28,387,2026-07-31T04:45:00+08:00
1fa1a4ed-a777-4daf-8139-daab93bcadae,M-1925,SESS-20260730-7512-0447,RENTAL_ACCRUAL,27,113,2026-07-31T01:35:00+08:00
e37eb3d0-f664-4d3a-acc9-009b1f522e23,M-1950,SESS-20260730-4079-0448,RENTAL_ACCRUAL,8,98,2026-07-31T00:25:00+08:00
01fc818c-8b30-4b51-a231-bbbe690c0239,M-1233,SESS-20260730-2322-0449,RENTAL_REDEMPTION,-100,275,2026-07-30T23:55:00+08:00
be21e971-9be9-442b-8310-57bebed96400,M-1233,SESS-20260730-2322-0449,RENTAL_ACCRUAL,5,280,2026-07-31T01:55:00+08:00
5e0e7e22-36e1-4923-be28-349f6e4d8fb9,M-1513,ORD-20260730-1948-0001,CONCESSION_ACCRUAL,16,289,2026-07-30T23:18:55+08:00
704b1e7a-fed5-4b06-89f8-6ec22d2d168f,M-1080,ORD-20260730-8201-0002,CONCESSION_ACCRUAL,8,109,2026-07-30T22:53:46+08:00
867cf4b5-fc9c-40e7-9ba8-98856c174076,M-1397,ORD-20260730-6268-0003,CONCESSION_ACCRUAL,30,652,2026-07-30T08:34:35+08:00
27092d20-e8ab-424c-b156-91377d05acfe,M-1049,ORD-20260730-5866-0004,CONCESSION_ACCRUAL,15,113,2026-07-30T19:34:42+08:00
512bc5cb-6489-4c92-b220-9cbd958e296f,M-2115,ORD-20260730-9707-0005,CONCESSION_ACCRUAL,15,83,2026-07-30T04:13:30+08:00
2b221416-fa2e-43f3-99fe-1ad1aeb424b4,M-1224,ORD-20260730-5613-0006,CONCESSION_ACCRUAL,12,294,2026-07-30T18:04:53+08:00
7590eb86-67ce-4939-ab3f-d81797513bab,M-1004,ORD-20260731-5528-0007,CONCESSION_ACCRUAL,8,145,2026-07-31T00:45:45+08:00
388f8201-42d9-4715-b1fc-81f4ebc68cd0,M-1587,ORD-20260730-8336-0008,CONCESSION_ACCRUAL,11,797,2026-07-30T16:29:18+08:00
d0378b81-78ce-4c62-88d7-db5b5f05eadd,M-1175,ORD-20260730-2146-0009,CONCESSION_ACCRUAL,23,220,2026-07-30T22:01:06+08:00
d0f68231-1b95-46c6-b638-2efcc8894f64,M-2042,ORD-20260730-4258-0010,CONCESSION_ACCRUAL,23,127,2026-07-30T19:41:16+08:00
3f58547c-5c41-4299-a0d2-8143b33296a6,M-1419,ORD-20260730-7434-0011,CONCESSION_ACCRUAL,16,290,2026-07-30T20:34:14+08:00
7040aded-b7b8-43a6-a8de-2f27b92b011b,M-1854,ORD-20260731-5239-0012,CONCESSION_ACCRUAL,9,201,2026-07-31T01:22:45+08:00
edf322b3-9518-4543-b02a-98f99438f50e,M-1698,ORD-20260730-4505-0013,CONCESSION_ACCRUAL,11,422,2026-07-30T22:59:01+08:00
62819ac7-69d4-4701-85d6-d6a87644e344,M-1242,ORD-20260730-3917-0014,CONCESSION_ACCRUAL,15,368,2026-07-30T19:34:02+08:00
2f3a12bd-dc3a-48a5-aa40-2720bb659a2c,M-2114,ORD-20260730-3386-0015,CONCESSION_ACCRUAL,12,149,2026-07-30T23:43:29+08:00
d1a9f507-3617-4b2f-960b-56a0aaddb3c1,M-2171,ORD-20260730-1739-0016,CONCESSION_ACCRUAL,6,38,2026-07-30T12:20:27+08:00
17194f7c-8a97-4ac2-bd06-eb8198b9c2c1,M-1277,ORD-20260730-2856-0017,CONCESSION_ACCRUAL,9,2895,2026-07-30T22:55:43+08:00
c67ff857-0813-47d3-9ce0-7f5b94e26b4a,M-1398,ORD-20260730-9239-0018,CONCESSION_ACCRUAL,30,1396,2026-07-30T17:24:22+08:00
839590de-408d-4111-88d1-fe560cb89e38,M-1950,ORD-20260730-6129-0019,CONCESSION_ACCRUAL,14,112,2026-07-30T23:36:12+08:00
804687f4-0439-46a7-a337-4763bd475450,M-2010,ORD-20260730-9503-0020,CONCESSION_ACCRUAL,12,130,2026-07-30T18:31:17+08:00
bd63b1b2-65b8-4e79-858f-52e091b2b655,M-1271,ORD-20260731-9114-0021,CONCESSION_ACCRUAL,15,231,2026-07-31T00:57:27+08:00
805c4824-efef-41c8-9473-89c9ab408927,M-1740,ORD-20260730-2859-0022,CONCESSION_ACCRUAL,3,2376,2026-07-30T23:27:53+08:00
f0d2b523-5a5e-4aff-aeba-85bbd92c0391,M-1359,ORD-20260730-5173-0023,CONCESSION_ACCRUAL,30,1891,2026-07-30T21:53:38+08:00
c458a653-4c0c-4385-a57f-d02da097ee62,M-1839,ORD-20260730-5740-0024,CONCESSION_ACCRUAL,11,376,2026-07-30T16:58:17+08:00
154da335-cdab-4e0c-a497-0441a53d99c5,M-2166,ORD-20260730-2093-0025,CONCESSION_ACCRUAL,12,103,2026-07-30T23:16:42+08:00
a5a943c7-43d9-4d6a-88da-96a36bccb7b1,M-1345,ORD-20260730-3579-0026,CONCESSION_ACCRUAL,23,332,2026-07-30T15:49:00+08:00
b602f42e-69bd-4cb7-aa89-ee518b96e3c2,M-2163,ORD-20260730-4464-0027,CONCESSION_ACCRUAL,48,142,2026-07-30T19:35:16+08:00
3d4e150a-3856-4e40-995e-33e36db10c39,M-1284,ORD-20260730-5054-0028,CONCESSION_ACCRUAL,37,261,2026-07-30T17:14:01+08:00
8143167d-377c-4eea-a2f5-dd567ff80ec0,M-1912,ORD-20260730-6841-0029,CONCESSION_ACCRUAL,6,173,2026-07-30T20:15:06+08:00
07f776a1-14fd-468a-a264-d7996caaf814,M-1294,ORD-20260730-7232-0030,CONCESSION_ACCRUAL,29,89,2026-07-30T20:04:05+08:00
9b1faefa-1e44-4d97-8a13-cee32b1d1b67,M-2020,ORD-20260730-1996-0031,CONCESSION_ACCRUAL,6,179,2026-07-30T19:04:08+08:00
c7ceda06-3f15-479c-a694-cfb8fd4101f5,M-1578,ORD-20260730-6185-0032,CONCESSION_ACCRUAL,19,213,2026-07-30T23:08:43+08:00
740f34f4-63fa-4f5d-aeb1-c1be61f5270a,M-1695,ORD-20260731-6146-0033,CONCESSION_ACCRUAL,15,120,2026-07-31T00:12:20+08:00
8387c409-273f-443d-a9d0-3377c12f5e60,M-1520,ORD-20260730-4307-0034,CONCESSION_ACCRUAL,20,710,2026-07-30T21:02:36+08:00
f105cef0-b43b-4fe8-8ffb-dbe2fc05cbef,M-1795,ORD-20260730-8495-0035,CONCESSION_ACCRUAL,3,132,2026-07-30T13:14:34+08:00
36fd0743-05e0-4261-9ee5-359029d7de2a,M-1096,ORD-20260730-5240-0036,CONCESSION_ACCRUAL,28,238,2026-07-30T22:54:20+08:00
41d95858-c3f1-4801-b009-1a7846d4a389,M-1639,ORD-20260730-6399-0037,CONCESSION_ACCRUAL,11,434,2026-07-30T22:51:45+08:00
2cb051fa-6933-4c5d-8064-25f12a8b8209,M-1410,ORD-20260730-9927-0038,CONCESSION_ACCRUAL,26,1145,2026-07-30T18:45:17+08:00
34b04791-c3d1-439c-b2a0-6d5c7442b8a4,M-1998,ORD-20260730-7920-0039,CONCESSION_ACCRUAL,11,106,2026-07-30T22:10:52+08:00
686a8057-c897-4efc-b879-0e253111d378,M-1170,ORD-20260731-2558-0040,CONCESSION_ACCRUAL,8,116,2026-07-31T00:24:45+08:00
f8c8634f-94ce-4c8f-8528-b15b41d926e3,M-1445,ORD-20260730-2367-0041,CONCESSION_ACCRUAL,3,187,2026-07-30T22:50:49+08:00
8827cce4-d30e-41df-b717-4d6120dca448,M-1648,ORD-20260730-7041-0042,CONCESSION_ACCRUAL,13,345,2026-07-30T20:58:33+08:00
3bf7e90f-4474-423a-afaf-846b38e2104e,M-1282,ORD-20260730-5619-0043,CONCESSION_ACCRUAL,12,124,2026-07-30T19:15:02+08:00
7300cb75-9b83-4203-ac95-719dc0aea9e0,M-1582,ORD-20260730-4670-0044,CONCESSION_ACCRUAL,11,524,2026-07-30T22:38:24+08:00
99e4db31-9631-4c05-805c-4f90b26a7bc7,M-1748,ORD-20260730-3546-0045,CONCESSION_ACCRUAL,8,518,2026-07-30T20:20:14+08:00
99d35a95-b76f-4ded-8686-e8f2f0faa0d6,M-1232,ORD-20260730-8972-0046,CONCESSION_ACCRUAL,32,470,2026-07-30T11:08:48+08:00
db533255-030d-4905-9a23-9c985688977c,M-1153,ORD-20260730-3091-0047,CONCESSION_ACCRUAL,30,83,2026-07-30T22:12:33+08:00
5b42ff19-df60-445c-a9e0-1f430284280f,M-1762,ORD-20260730-3845-0048,CONCESSION_ACCRUAL,38,161,2026-07-30T20:21:43+08:00
898473b9-2bbb-49d9-8706-8cff12d82386,M-1800,ORD-20260730-1291-0049,CONCESSION_ACCRUAL,15,552,2026-07-30T17:14:55+08:00
52b893f6-767c-4802-a63a-746ccb28b913,M-1424,ORD-20260730-7983-0050,CONCESSION_ACCRUAL,8,89,2026-07-30T02:01:44+08:00
554d5687-f9a6-404a-b429-2715b6e1dc79,M-1001,ORD-20260730-2889-0051,CONCESSION_ACCRUAL,15,190,2026-07-30T13:30:12+08:00
8af714c9-86fb-4922-ab9c-367aaa75a8a3,M-1552,ORD-20260730-9881-0052,CONCESSION_ACCRUAL,10,182,2026-07-30T22:35:57+08:00
fb264d18-2de7-4931-8a96-6fe0e75c4123,M-1584,ORD-20260730-1318-0053,CONCESSION_ACCRUAL,11,68,2026-07-30T23:16:01+08:00
b47375e0-6435-489f-a402-0ad3ae3c5e75,M-1262,ORD-20260731-7668-0054,CONCESSION_ACCRUAL,14,31,2026-07-31T01:04:53+08:00
f7844a1f-4ddc-4cf5-8f00-77a934dc5721,M-1631,ORD-20260730-8941-0055,CONCESSION_ACCRUAL,22,114,2026-07-30T19:23:00+08:00
47fba720-7fc1-4bdb-9bfb-1f9b0bc711d3,M-1324,ORD-20260730-7498-0056,CONCESSION_ACCRUAL,15,200,2026-07-30T23:07:39+08:00
f6b7d693-2b21-48d5-9fc4-c1485f2ecfd7,M-1297,ORD-20260730-6692-0057,CONCESSION_ACCRUAL,30,114,2026-07-30T22:31:03+08:00
fd10b44a-f383-49e0-be5f-c5138071458a,M-1133,ORD-20260730-5647-0058,CONCESSION_ACCRUAL,19,130,2026-07-30T22:12:31+08:00
b7a106f3-8a1e-4400-a7ac-a8579860e232,M-2038,ORD-20260731-2284-0059,CONCESSION_ACCRUAL,6,191,2026-07-31T00:50:59+08:00
8f36b7fb-a5b0-4999-bcd1-086d4cd829bf,M-1383,ORD-20260730-5274-0060,CONCESSION_ACCRUAL,18,90,2026-07-30T23:28:24+08:00
9deaf692-0d11-4687-8c5b-59bfc522c44b,M-1816,ORD-20260730-9253-0061,CONCESSION_ACCRUAL,20,96,2026-07-30T13:34:39+08:00
828e42df-2f34-4229-b794-0ec5af7776f3,M-1149,ORD-20260730-5707-0062,CONCESSION_ACCRUAL,3,74,2026-07-30T23:15:32+08:00
0ad7a210-a3d8-4cc8-ada2-6a5e05d4c844,M-1432,ORD-20260730-7067-0063,CONCESSION_ACCRUAL,4,3218,2026-07-30T17:08:21+08:00
5f9e51bd-979e-466f-8943-a52b333c983f,M-2079,ORD-20260730-3015-0064,CONCESSION_ACCRUAL,3,310,2026-07-30T21:29:15+08:00
dc0b34c3-e437-4770-b1d0-fab5c2c8f031,M-1183,ORD-20260730-7646-0065,CONCESSION_ACCRUAL,11,176,2026-07-30T21:14:28+08:00
88bd0737-c6e5-4edc-adc5-858f66009009,M-1249,ORD-20260731-9696-0066,CONCESSION_ACCRUAL,8,302,2026-07-31T00:46:25+08:00
87a6605b-6f1e-4f65-98e9-af9eac1b1e2d,M-1810,ORD-20260730-7318-0067,CONCESSION_ACCRUAL,8,11,2026-07-30T23:32:57+08:00
0e4b5dc9-b624-481c-8e51-ce7b6720b9d2,M-1260,ORD-20260730-4529-0068,CONCESSION_ACCRUAL,23,324,2026-07-30T22:43:32+08:00
894c1678-58d6-44d2-923f-1efa125c5c85,M-1271,ORD-20260730-1039-0069,CONCESSION_ACCRUAL,7,238,2026-07-30T17:43:20+08:00
40f2d6b2-7710-4298-b07f-8eaf712c026b,M-1619,ORD-20260730-3486-0070,CONCESSION_ACCRUAL,10,148,2026-07-30T19:11:13+08:00
437871f7-dc84-4f37-8a05-30ebbca7a827,M-1013,ORD-20260730-8883-0071,CONCESSION_ACCRUAL,7,286,2026-07-30T21:05:40+08:00
43ba1f60-9a28-4286-9327-7e912309f5e1,M-1402,ORD-20260730-9425-0072,CONCESSION_ACCRUAL,25,442,2026-07-30T19:06:47+08:00
efa56e59-e659-4292-b23a-2a476eaa09b8,M-1182,ORD-20260730-8765-0073,CONCESSION_ACCRUAL,23,251,2026-07-30T23:06:44+08:00
7e2e70de-3e09-4cc6-92d1-ee3676f13801,M-1967,ORD-20260730-4824-0074,CONCESSION_ACCRUAL,14,181,2026-07-30T19:16:20+08:00
29e821e8-eda7-4ea2-bc77-ece4829d55cb,M-1070,ORD-20260730-8900-0075,CONCESSION_ACCRUAL,10,161,2026-07-30T23:55:45+08:00
b0c18aee-1d30-417f-8be0-4eb4e847b422,M-1175,ORD-20260730-6860-0076,CONCESSION_ACCRUAL,9,229,2026-07-30T08:24:59+08:00
f350a2c2-b399-47f9-bfd4-66fb42a39a04,M-1677,ORD-20260730-6384-0077,CONCESSION_ACCRUAL,8,53,2026-07-30T23:17:52+08:00
aa05f2e8-3b8a-49c9-8a32-b24ec7c0eecc,M-1779,ORD-20260730-9881-0078,CONCESSION_ACCRUAL,3,387,2026-07-30T17:45:58+08:00
7915b73a-4e27-4219-8ccb-d3a1c1cfae35,M-1962,ORD-20260731-7129-0079,CONCESSION_ACCRUAL,19,202,2026-07-31T00:19:27+08:00
05a580b7-112c-4864-9e3b-2c8bddca154e,M-1962,TIER_UPGRADE_Standard_TO_Silver,TIER_BONUS,50,252,2026-07-31T00:19:27+08:00
37d5ed04-0b87-4f85-ba17-557b678717cc,M-1652,ORD-20260730-9355-0080,CONCESSION_ACCRUAL,16,360,2026-07-30T15:02:51+08:00
62e5feb5-c7b1-470f-89b7-d1a859234ac5,M-1101,ORD-20260730-2023-0081,CONCESSION_ACCRUAL,51,476,2026-07-30T23:46:22+08:00
c75324a0-177c-4b36-8611-48fb3a865ba9,M-1843,ORD-20260730-6215-0082,CONCESSION_ACCRUAL,6,75,2026-07-30T16:31:44+08:00
1153473a-7251-4e1b-ada7-20dbddde55d6,M-1764,ORD-20260730-7894-0083,CONCESSION_ACCRUAL,21,259,2026-07-30T23:20:24+08:00
d1fadc67-ac19-4a0f-8e10-721ef749acc2,M-1186,ORD-20260730-8828-0084,CONCESSION_ACCRUAL,21,458,2026-07-30T22:29:57+08:00
d6ef88d8-3097-47dc-a0b8-10689408bcc4,M-1257,ORD-20260730-7832-0085,CONCESSION_ACCRUAL,23,226,2026-07-30T23:46:42+08:00
0bcf3462-d80b-43a3-bcaa-f0b01969dee4,M-1237,ORD-20260730-1236-0086,CONCESSION_ACCRUAL,15,326,2026-07-30T22:36:52+08:00
d40cb280-d549-4585-a301-a266b7c6f2ce,M-1743,ORD-20260730-5627-0087,CONCESSION_ACCRUAL,20,538,2026-07-30T23:27:29+08:00
bc99c802-4220-4c0b-a2f6-d95325991300,M-1274,ORD-20260730-2836-0088,CONCESSION_ACCRUAL,8,639,2026-07-30T16:02:06+08:00
75a10b04-fc75-41ed-b270-1ef7faba5156,M-1136,ORD-20260730-6992-0089,CONCESSION_ACCRUAL,3,94,2026-07-30T20:16:39+08:00
d0092309-e15c-4b05-a00e-58f1068572ec,M-1621,ORD-20260730-8858-0090,CONCESSION_ACCRUAL,8,530,2026-07-30T20:24:21+08:00
733977fd-3df6-4d09-9dc4-1101570f6829,M-1862,ORD-20260730-5386-0091,CONCESSION_ACCRUAL,13,71,2026-07-30T23:05:20+08:00
3e34c902-842f-4f12-b46d-e1254e9ae314,M-1285,ORD-20260730-7859-0092,CONCESSION_ACCRUAL,10,123,2026-07-30T21:54:41+08:00
0008ab7c-cc54-4c23-8a2d-f1bcaa1a5ddf,M-1398,ORD-20260730-8104-0093,CONCESSION_ACCRUAL,9,1405,2026-07-30T21:54:59+08:00
a2edb657-7bc8-4b9c-9712-15c29a17f1e3,M-1490,ORD-20260730-4395-0094,CONCESSION_ACCRUAL,26,187,2026-07-30T23:51:28+08:00
124336ad-761b-4419-9384-4c4182079ccd,M-2096,ORD-20260730-8606-0095,CONCESSION_ACCRUAL,18,75,2026-07-30T21:47:48+08:00
ce558d68-35f0-46b8-b259-73b3257bc23d,M-1197,ORD-20260730-6260-0096,CONCESSION_ACCRUAL,31,242,2026-07-30T20:43:31+08:00
fbfc8bfb-db41-4656-994b-5f5d24cbab25,M-1214,ORD-20260730-4969-0097,CONCESSION_ACCRUAL,27,425,2026-07-30T15:08:00+08:00
11711e9f-5289-42af-8464-e504df6deca1,M-1801,ORD-20260730-9336-0098,CONCESSION_ACCRUAL,11,92,2026-07-30T23:13:20+08:00
928239f9-c2da-4d1e-9f74-f0f49e80afcc,M-1087,ORD-20260731-2946-0099,CONCESSION_ACCRUAL,64,1013,2026-07-31T02:15:58+08:00
cd23919e-9b59-4a40-b1e9-05efae7d647e,M-1400,ORD-20260731-1954-0100,CONCESSION_ACCRUAL,15,256,2026-07-31T01:05:59+08:00
b636b0b4-ea6e-46b0-8bc6-0a0ba8ecab53,M-1072,ORD-20260730-7823-0101,CONCESSION_ACCRUAL,10,111,2026-07-30T18:56:09+08:00
acf34619-70b3-4703-a2a4-198ba9713770,M-1020,ORD-20260730-2283-0102,CONCESSION_ACCRUAL,8,78,2026-07-30T22:31:49+08:00
1519765e-210a-480e-bd79-cdfd1567c174,M-1587,ORD-20260731-2040-0103,CONCESSION_ACCRUAL,18,815,2026-07-31T01:52:14+08:00
d2e9f421-6f52-48a2-b186-3227b1037f28,M-1011,ORD-20260730-2881-0104,CONCESSION_ACCRUAL,25,1043,2026-07-30T14:44:21+08:00
2fc127da-c98d-4367-9900-c28579b1cf61,M-1562,ORD-20260730-2982-0105,CONCESSION_ACCRUAL,10,1051,2026-07-30T22:35:21+08:00
f88722aa-025e-47d2-83a6-afce0915e55f,M-1169,ORD-20260730-4989-0106,CONCESSION_ACCRUAL,43,311,2026-07-30T16:10:31+08:00
6845c51d-e7ac-4e7e-a329-dfc1643ed898,M-1316,ORD-20260730-6320-0107,CONCESSION_ACCRUAL,16,268,2026-07-30T17:47:03+08:00
00d8387b-d047-4f47-822e-0e654b1cd55c,M-1021,ORD-20260731-5280-0108,CONCESSION_ACCRUAL,36,1014,2026-07-31T00:06:30+08:00
fa721ebd-583d-458c-b0c9-bdcd74edad7a,M-1385,ORD-20260730-7044-0109,CONCESSION_ACCRUAL,15,218,2026-07-30T18:18:09+08:00
00684428-746f-4337-8f60-f85b3e906106,M-1358,ORD-20260730-1892-0110,CONCESSION_ACCRUAL,18,121,2026-07-30T21:59:37+08:00
5b32cf5f-9c73-47e0-a70f-73b89aa88420,M-1284,ORD-20260730-2065-0111,CONCESSION_ACCRUAL,16,277,2026-07-30T22:59:36+08:00
8cb52c6b-c38e-4d92-9fe8-723039cf66ee,M-1020,ORD-20260730-2865-0112,CONCESSION_ACCRUAL,30,108,2026-07-30T18:50:41+08:00
2bdf704b-3867-47bf-985c-b9895da752c4,M-1290,ORD-20260730-5022-0113,CONCESSION_ACCRUAL,11,61,2026-07-30T21:33:06+08:00
7e26c4c8-feaa-46d2-9fb7-49eaa622de73,M-1216,ORD-20260730-1454-0114,CONCESSION_ACCRUAL,18,373,2026-07-30T22:46:06+08:00
70138d3d-ffd4-44b3-8cad-39c29296a59c,M-2172,ORD-20260730-8993-0115,CONCESSION_ACCRUAL,6,88,2026-07-30T22:32:48+08:00
90e29028-e121-49cc-a67b-3da130333cb7,M-1965,ORD-20260730-1760-0116,CONCESSION_ACCRUAL,8,184,2026-07-30T21:39:42+08:00
1a15e5e9-b414-49ab-9a22-f05e59de136e,M-1037,ORD-20260730-8081-0117,CONCESSION_ACCRUAL,33,417,2026-07-30T23:28:54+08:00
14ee21ce-7f8f-4648-a1f7-059e98d7b23a,M-1037,TIER_UPGRADE_Silver_TO_Gold,TIER_BONUS,100,517,2026-07-30T23:28:54+08:00
ee888bb8-eb20-46ac-a60b-c93b8fa7fed0,M-1502,ORD-20260730-4504-0118,CONCESSION_ACCRUAL,8,152,2026-07-30T13:47:45+08:00
3e043b4e-c2f2-4fbb-9c3a-a6a2a3ae4ed2,M-1298,ORD-20260730-3376-0119,CONCESSION_ACCRUAL,3,559,2026-07-30T23:48:31+08:00
0eaed5eb-02ac-405b-8e28-f0c9f0414c9a,M-1476,ORD-20260730-5722-0120,CONCESSION_ACCRUAL,9,479,2026-07-30T21:17:30+08:00
eb6d8cda-fa4f-4a5b-ae72-dfabd82e52ee,M-2032,ORD-20260731-1670-0121,CONCESSION_ACCRUAL,8,388,2026-07-31T01:49:04+08:00
56ef8dab-a9c1-45e5-9c23-92d5c8bb07a7,M-2074,ORD-20260730-4355-0122,CONCESSION_ACCRUAL,6,172,2026-07-30T19:08:02+08:00
c8126512-5991-44bf-83c3-32e51e77ca63,M-1209,ORD-20260730-3634-0123,CONCESSION_ACCRUAL,9,313,2026-07-30T14:04:10+08:00
99c7f40d-595e-444f-81ae-e5c94c3c4312,M-1604,ORD-20260730-3349-0124,CONCESSION_ACCRUAL,11,152,2026-07-30T22:55:42+08:00
d0199940-442b-433b-bfbd-edf1bde9ec6f,M-1754,ORD-20260730-4709-0125,CONCESSION_ACCRUAL,37,165,2026-07-30T19:50:16+08:00
b6fe3709-4c28-4312-8e76-03237e094563,M-1371,ORD-20260730-8853-0126,CONCESSION_ACCRUAL,11,285,2026-07-30T16:55:03+08:00
ce59caa0-c9c7-4d5f-9711-620d800daffd,M-1077,ORD-20260730-1989-0127,CONCESSION_ACCRUAL,17,477,2026-07-30T21:00:35+08:00
99125563-759f-4cfe-898a-5df7f4ce1a86,M-2065,ORD-20260730-8081-0128,CONCESSION_ACCRUAL,7,43,2026-07-30T23:01:04+08:00
b7729f06-3d13-4dbb-b9b0-b571b6b0269d,M-1209,ORD-20260730-3622-0129,CONCESSION_ACCRUAL,4,317,2026-07-30T23:53:15+08:00
2725a596-bc0e-4180-8f3c-018eaed16509,M-1699,ORD-20260730-1906-0130,CONCESSION_ACCRUAL,20,245,2026-07-30T20:12:12+08:00
bdcb0c5c-19a1-4b4e-9591-2c737f663721,M-1843,ORD-20260730-9849-0131,CONCESSION_ACCRUAL,13,88,2026-07-30T21:49:53+08:00
2a07ad79-420b-4be9-8ca6-505b234f1259,M-1127,ORD-20260731-9169-0132,CONCESSION_ACCRUAL,18,200,2026-07-31T01:31:12+08:00
612a1f4d-4647-4ed0-bb57-1ddb5de12424,M-1022,ORD-20260730-1037-0133,CONCESSION_ACCRUAL,7,170,2026-07-30T20:34:58+08:00
638ce6e4-63a9-4266-a5c8-5f927f218e07,M-2005,ORD-20260731-1382-0134,CONCESSION_ACCRUAL,15,153,2026-07-31T00:48:35+08:00
3e44fe51-4e9f-496d-b6b7-a4874696e711,M-1304,ORD-20260731-1657-0135,CONCESSION_ACCRUAL,26,326,2026-07-31T02:11:16+08:00
110ae213-66c0-41aa-a9fd-43870ee29b06,M-1428,ORD-20260730-1943-0136,CONCESSION_ACCRUAL,15,211,2026-07-30T21:29:48+08:00
675983bc-ca73-49d9-a30d-90de05687bd7,M-1821,ORD-20260730-2719-0137,CONCESSION_ACCRUAL,8,337,2026-07-30T19:17:49+08:00
ee830601-97a5-4e38-8a0f-b3ab563cae76,M-1102,ORD-20260730-9103-0138,CONCESSION_ACCRUAL,31,47,2026-07-30T18:58:25+08:00
a48bf979-9597-435f-9dac-24019332df42,M-1714,ORD-20260730-1252-0139,CONCESSION_ACCRUAL,25,57,2026-07-30T11:43:35+08:00
7e1e1b9e-a166-49ef-b43c-85cd96c6f6e7,M-1225,ORD-20260730-8119-0140,CONCESSION_ACCRUAL,21,126,2026-07-30T22:55:14+08:00
0dedf3c0-9416-4fe4-9404-0afc0b82eeaa,M-1779,ORD-20260731-7599-0141,CONCESSION_ACCRUAL,11,398,2026-07-31T03:55:44+08:00
8f8f12cc-19d1-489b-a6f3-e0e399de4ab2,M-1132,ORD-20260730-8634-0142,CONCESSION_ACCRUAL,17,896,2026-07-30T12:25:45+08:00
95bfeff6-c724-47cd-811a-21e66113edac,M-1273,ORD-20260730-6907-0143,CONCESSION_ACCRUAL,19,912,2026-07-30T20:31:33+08:00
91e9e589-2f71-4098-a0f3-a53011196029,M-1038,ORD-20260731-1737-0144,CONCESSION_ACCRUAL,16,427,2026-07-31T00:07:03+08:00
261c2dfe-0528-436c-9e0b-48819767af96,M-1530,ORD-20260731-7833-0145,CONCESSION_ACCRUAL,4,226,2026-07-31T00:05:05+08:00
e5884d9d-371f-4ea2-b1b3-79aa35aee911,M-1620,ORD-20260730-8702-0146,CONCESSION_ACCRUAL,10,108,2026-07-30T19:26:08+08:00
67fad5b6-1053-4b93-a294-36d6c42887c2,M-1088,ORD-20260730-9628-0147,CONCESSION_ACCRUAL,22,268,2026-07-30T20:45:45+08:00
82fe57f2-a2ac-48c0-a705-2f013589bd2b,M-1458,ORD-20260730-9012-0148,CONCESSION_ACCRUAL,21,119,2026-07-30T11:48:01+08:00
ba7e1310-a2b5-4317-8a40-4a08eca79ae7,M-1536,ORD-20260730-1233-0149,CONCESSION_ACCRUAL,11,337,2026-07-30T21:47:42+08:00
963fa268-1bd0-4b39-9cb1-baaf396f62be,M-1838,ORD-20260731-1418-0150,CONCESSION_ACCRUAL,8,633,2026-07-31T00:45:26+08:00
a650d7f7-eb6f-4468-b5dd-46a443ced48f,M-1959,ORD-20260730-7788-0151,CONCESSION_ACCRUAL,11,487,2026-07-30T03:49:00+08:00
d0520048-5761-44dd-abd2-94f43c9f107b,M-1824,ORD-20260730-1375-0152,CONCESSION_ACCRUAL,16,140,2026-07-30T22:59:55+08:00
2b9a4840-76ef-4aed-9b57-cdc1bdf67ef0,M-1180,ORD-20260730-5227-0153,CONCESSION_ACCRUAL,23,231,2026-07-30T23:50:18+08:00
21529e7d-322f-41be-9012-ef618c43507d,M-1839,ORD-20260730-5876-0154,CONCESSION_ACCRUAL,48,424,2026-07-30T23:54:10+08:00
05a4009c-dc20-43ce-ad51-7d73e0fc2407,M-1541,ORD-20260730-9799-0155,CONCESSION_ACCRUAL,31,351,2026-07-30T21:25:35+08:00
0abe4e7e-3df3-4ac9-9239-5e85e47c4c07,M-2127,ORD-20260730-1386-0156,CONCESSION_ACCRUAL,6,35,2026-07-30T18:00:55+08:00
a2aab931-b195-4436-a6fb-ee0582bf8081,M-1496,ORD-20260730-5365-0157,CONCESSION_ACCRUAL,22,293,2026-07-30T22:48:12+08:00
d8f2626c-aee7-4bbc-971c-d41d2f0512cd,M-1089,ORD-20260730-9311-0158,CONCESSION_ACCRUAL,15,107,2026-07-30T22:58:14+08:00
61a828af-bc04-471a-a163-962bf434e8d8,M-1641,ORD-20260730-7865-0159,CONCESSION_ACCRUAL,15,168,2026-07-30T13:14:25+08:00
ab1c8152-9716-4a85-8068-983ec57ccfa8,M-1523,ORD-20260730-8293-0160,CONCESSION_ACCRUAL,11,143,2026-07-30T20:22:13+08:00
a7ee2228-33b8-4383-8c3e-efd249f4bdc2,M-1189,ORD-20260730-8984-0161,CONCESSION_ACCRUAL,15,79,2026-07-30T18:34:30+08:00
76baf452-eea7-4214-bb34-eb7cbb4090d5,M-1399,ORD-20260730-8899-0162,CONCESSION_ACCRUAL,32,132,2026-07-30T10:39:29+08:00
cb80fc28-6d22-4de4-a60a-6a6b5399c4c8,M-1232,ORD-20260730-6704-0163,CONCESSION_ACCRUAL,23,493,2026-07-30T20:47:05+08:00
c1a4cc2a-9d36-40c6-9af9-d9db237580d5,M-1636,ORD-20260731-9907-0164,CONCESSION_ACCRUAL,11,1318,2026-07-31T00:50:48+08:00
8a47a501-13ef-4422-b50f-c0e1762f7f52,M-2077,ORD-20260730-2703-0165,CONCESSION_ACCRUAL,9,174,2026-07-30T15:23:04+08:00
8d7c06d3-a78f-4aea-99de-3b541675b522,M-1722,ORD-20260731-6476-0166,CONCESSION_ACCRUAL,16,589,2026-07-31T00:47:34+08:00
9c9d8036-c543-433d-bd78-021893228d48,M-1765,ORD-20260730-4895-0167,CONCESSION_ACCRUAL,16,102,2026-07-30T20:43:15+08:00
b9a94b71-9fcd-4238-93ea-47ccb3b524ae,M-1353,ORD-20260730-8412-0168,CONCESSION_ACCRUAL,26,114,2026-07-30T12:43:45+08:00
cd36f461-fb9a-4a17-8168-1d9b16e675eb,M-1617,ORD-20260730-5308-0169,CONCESSION_ACCRUAL,7,139,2026-07-30T18:16:37+08:00
7cd05da4-72d6-43c1-9515-cf127f4ca864,M-1394,ORD-20260731-7210-0170,CONCESSION_ACCRUAL,26,565,2026-07-31T00:28:31+08:00
5bc9da33-fb17-4c63-8c94-081e6606f8d2,M-1485,ORD-20260730-3414-0171,CONCESSION_ACCRUAL,27,110,2026-07-30T22:22:04+08:00
4d398d5f-d768-4be4-839c-92b4c4fd8f09,M-1590,ORD-20260730-7032-0172,CONCESSION_ACCRUAL,19,80,2026-07-30T19:42:46+08:00
7e0db86d-7a53-456d-becb-b4cf86e31b61,M-1347,ORD-20260730-2647-0173,CONCESSION_ACCRUAL,4,3198,2026-07-30T23:49:27+08:00
d8956bd4-f47b-4736-9636-80e840d1b96b,M-1105,ORD-20260730-9238-0174,CONCESSION_ACCRUAL,12,746,2026-07-30T23:43:43+08:00
614a6269-1fc5-43ad-abb5-e2990412315a,M-1146,ORD-20260730-5815-0175,CONCESSION_ACCRUAL,24,2638,2026-07-30T20:47:05+08:00
b03c17f2-1f48-46f4-9771-123180ee5f63,M-1457,ORD-20260730-7339-0176,CONCESSION_ACCRUAL,7,453,2026-07-30T23:39:13+08:00
5744bba7-ac01-40f6-9162-d4bf36656d4e,M-1840,ORD-20260731-9064-0177,CONCESSION_ACCRUAL,4,1479,2026-07-31T00:01:55+08:00
6472115c-d0c0-4044-924b-7129a76e2246,M-1300,ORD-20260730-4580-0178,CONCESSION_ACCRUAL,9,335,2026-07-30T23:10:21+08:00
417804e8-5e94-46b7-a2c6-6679dcccfda5,M-1763,ORD-20260730-7549-0179,CONCESSION_ACCRUAL,3,350,2026-07-30T18:44:26+08:00
03376225-bbb9-49d7-a413-b4d2632a3c6f,M-1930,ORD-20260730-7708-0180,CONCESSION_ACCRUAL,8,307,2026-07-30T20:36:20+08:00
705bbc2c-cf91-47eb-9746-05fafefd5497,M-1628,ORD-20260730-8658-0181,CONCESSION_ACCRUAL,32,397,2026-07-30T21:26:39+08:00
e1b522f5-d6c9-403b-a740-c4364516f1bf,M-1435,ORD-20260730-8855-0182,CONCESSION_ACCRUAL,8,303,2026-07-30T23:21:38+08:00
afbe610f-0426-4170-a9cf-d9267d02cbf3,M-2023,ORD-20260730-2900-0183,CONCESSION_ACCRUAL,19,250,2026-07-30T19:41:54+08:00
55f7001f-c199-4d37-bccc-37dca66cf326,M-1572,ORD-20260730-2535-0184,CONCESSION_ACCRUAL,11,369,2026-07-30T17:28:27+08:00
ece22d4c-5b8f-40e1-983d-d84a1607c35a,M-1468,ORD-20260730-3899-0185,CONCESSION_ACCRUAL,61,313,2026-07-30T23:11:51+08:00
c7961641-b2dc-4c5c-872c-89d149c48666,M-1468,TIER_UPGRADE_Silver_TO_Gold,TIER_BONUS,100,413,2026-07-30T23:11:51+08:00
b616a281-3be5-4982-9bc9-6d6d0c59c06e,M-1461,ORD-20260731-8788-0186,CONCESSION_ACCRUAL,3,104,2026-07-31T00:58:43+08:00
5cc44ac5-f346-4dce-a35d-85a325045ed9,M-1196,ORD-20260730-4304-0187,CONCESSION_ACCRUAL,8,161,2026-07-30T17:31:31+08:00
a02f4319-db8b-476d-baea-e1e303172ee0,M-1393,ORD-20260730-5570-0188,CONCESSION_ACCRUAL,28,237,2026-07-30T13:34:02+08:00
1c99e085-41e8-4d2e-8901-5daea9450f62,M-1157,ORD-20260730-5075-0189,CONCESSION_ACCRUAL,8,280,2026-07-30T20:47:15+08:00
6516a33f-ce80-43dc-b898-d11c61b7a520,M-2086,ORD-20260730-9973-0190,CONCESSION_ACCRUAL,24,102,2026-07-30T13:14:47+08:00
fc2c1150-f986-4a20-8cf9-1b3741851040,M-1307,ORD-20260730-1002-0191,CONCESSION_ACCRUAL,3,414,2026-07-30T21:24:15+08:00
00e8da7d-512b-4b18-999f-d6935cbdbb09,M-1932,ORD-20260730-9965-0192,CONCESSION_ACCRUAL,3,106,2026-07-30T18:07:20+08:00
ec661c4f-a8fd-42a9-bf1c-0e0e17f55c75,M-1546,ORD-20260731-2495-0193,CONCESSION_ACCRUAL,16,206,2026-07-31T00:01:28+08:00
bc19f4c3-9840-4761-8bbb-6516068f86af,M-1221,ORD-20260730-6943-0194,CONCESSION_ACCRUAL,20,1970,2026-07-30T21:53:10+08:00
592b8433-fe26-46ac-bf33-320c9238b4ac,M-1574,ORD-20260731-1002-0195,CONCESSION_ACCRUAL,11,128,2026-07-31T00:55:43+08:00
4c356088-41a6-4c85-9a12-22855d6e7d5f,M-1736,ORD-20260730-8144-0196,CONCESSION_ACCRUAL,15,110,2026-07-30T13:18:38+08:00
11b45a11-686d-46ad-97dd-a6543d4b5382,M-1712,ORD-20260730-6827-0197,CONCESSION_ACCRUAL,18,380,2026-07-30T21:04:49+08:00
918786e6-c068-484b-919c-cfd1b81cacce,M-1112,ORD-20260730-7621-0198,CONCESSION_ACCRUAL,13,1485,2026-07-30T23:29:29+08:00
ce02cbbb-5d9d-4e29-b365-27395210f6a9,M-1416,ORD-20260730-8984-0199,CONCESSION_ACCRUAL,36,2400,2026-07-30T22:31:08+08:00
27e92eaa-9715-4599-8e29-566cf190d75d,M-1479,ORD-20260730-9437-0200,CONCESSION_ACCRUAL,20,2471,2026-07-30T18:51:50+08:00
2eed6428-e22b-4265-9354-46e8b5f80504,M-1470,ORD-20260730-2409-0201,CONCESSION_ACCRUAL,8,82,2026-07-30T12:21:43+08:00
c462c06f-24ec-4040-9a6a-6da675c0f247,M-1827,ORD-20260730-5842-0202,CONCESSION_ACCRUAL,10,308,2026-07-30T19:53:47+08:00
c6dc888d-20a3-4718-ba48-32bc4692c620,M-1317,ORD-20260730-6260-0203,CONCESSION_ACCRUAL,9,152,2026-07-30T10:07:12+08:00
3e704620-687d-4816-8c71-a2c262a8cb13,M-1721,ORD-20260730-5676-0204,CONCESSION_ACCRUAL,11,334,2026-07-30T16:34:41+08:00
456ca32a-8cf6-4b28-a91b-f270629ee85e,M-1586,ORD-20260730-5315-0205,CONCESSION_ACCRUAL,3,292,2026-07-30T22:59:08+08:00
3b69b7bd-ff98-4619-b51a-1a7609589873,M-1720,ORD-20260730-8889-0206,CONCESSION_ACCRUAL,50,317,2026-07-30T17:03:03+08:00
d25d1453-e2c7-46cf-8220-37cff798aedb,M-1739,ORD-20260730-9815-0207,CONCESSION_ACCRUAL,16,106,2026-07-30T21:43:08+08:00
94a90553-7022-4447-bfb2-d65331d5281e,M-1563,ORD-20260731-8452-0208,CONCESSION_ACCRUAL,16,486,2026-07-31T00:25:27+08:00
8d1f7a22-58db-4ccf-aecb-28e0f32974f5,M-1200,ORD-20260731-4889-0209,CONCESSION_ACCRUAL,11,356,2026-07-31T01:57:11+08:00
1ea9b507-2265-413e-991b-9c4371077509,M-1278,ORD-20260730-9714-0210,CONCESSION_ACCRUAL,57,577,2026-07-30T22:58:13+08:00
e7daf318-e451-499d-9979-3c816d49fe7a,M-1517,ORD-20260730-4730-0211,CONCESSION_ACCRUAL,48,190,2026-07-30T16:59:34+08:00
5373a507-7bf7-4a2b-8ac1-197c8b420ec8,M-1535,ORD-20260730-9697-0212,CONCESSION_ACCRUAL,22,273,2026-07-30T23:30:12+08:00
814f5b2e-9dec-42c0-bd20-525328a355cb,M-1516,ORD-20260731-6460-0213,CONCESSION_ACCRUAL,38,499,2026-07-31T04:37:04+08:00
a8181a81-c10d-4885-97fa-9d51b121cb06,M-1618,ORD-20260730-7244-0214,CONCESSION_ACCRUAL,30,255,2026-07-30T20:53:40+08:00
6c9fc430-324d-406b-a803-b17e346b549d,M-2106,ORD-20260730-3315-0215,CONCESSION_ACCRUAL,6,210,2026-07-30T21:43:02+08:00
e625e03f-3a79-412b-a33d-8d02197806ff,M-1323,ORD-20260730-2567-0216,CONCESSION_ACCRUAL,11,460,2026-07-30T21:40:49+08:00
abeabad0-762d-4e07-9d66-236b858fdef9,M-1407,ORD-20260731-1718-0217,CONCESSION_ACCRUAL,48,544,2026-07-31T01:36:02+08:00
71bcff31-c958-4667-b0a9-26e31d13a5da,M-1051,ORD-20260730-2851-0218,CONCESSION_ACCRUAL,31,141,2026-07-30T14:21:58+08:00
a1fb1341-9020-4e3d-b6aa-c47d62ba4bce,M-1462,ORD-20260730-6534-0219,CONCESSION_ACCRUAL,11,260,2026-07-30T17:02:00+08:00
9b2c5c15-94d9-46b7-8c2c-230f30bbb734,M-1394,ORD-20260730-4466-0220,CONCESSION_ACCRUAL,8,573,2026-07-30T14:01:13+08:00
545de05e-80b6-4659-ab26-cdae6f2448b0,M-1568,ORD-20260730-7724-0221,CONCESSION_ACCRUAL,24,441,2026-07-30T22:14:27+08:00
857b0b24-ac77-4ee4-875a-81af801ed375,M-1656,ORD-20260730-4135-0222,CONCESSION_ACCRUAL,12,109,2026-07-30T20:21:08+08:00
95e5da4c-3983-48e5-886f-7cbd901c595e,M-1248,ORD-20260730-1854-0223,CONCESSION_ACCRUAL,8,299,2026-07-30T17:16:38+08:00
2678c7ed-457b-482b-9e05-af339536642c,M-1498,ORD-20260730-9292-0224,CONCESSION_ACCRUAL,18,431,2026-07-30T22:59:12+08:00
515aa3a1-7d00-44e9-a4d5-4acb93384627,M-2043,ORD-20260730-2937-0225,CONCESSION_ACCRUAL,18,98,2026-07-30T06:44:11+08:00
ccdb3220-9599-4762-baa9-729716d6064d,M-1310,ORD-20260730-6397-0226,CONCESSION_ACCRUAL,3,353,2026-07-30T10:33:23+08:00
20f6f844-031e-489a-8ae8-bf6a65144b2e,M-1066,ORD-20260730-3319-0227,CONCESSION_ACCRUAL,33,358,2026-07-30T21:08:55+08:00
aacc5918-ae0c-42a5-b1d4-8b2337b2c30f,M-1721,ORD-20260730-5657-0228,CONCESSION_ACCRUAL,33,367,2026-07-30T20:19:51+08:00
71f2e158-261d-46a9-9d2a-007c4e313746,M-1960,ORD-20260731-6779-0229,CONCESSION_ACCRUAL,17,97,2026-07-31T01:00:21+08:00
f0ce7439-a2ce-428c-9066-eabb92383f7f,M-2040,ORD-20260731-7777-0230,CONCESSION_ACCRUAL,15,58,2026-07-31T00:01:15+08:00
859e783f-d263-4c2e-bfc6-9f08c07b449f,M-1705,ORD-20260730-8933-0231,CONCESSION_ACCRUAL,8,383,2026-07-30T23:46:59+08:00
74989128-1dce-46ea-adc4-5267654c1eea,M-1713,ORD-20260730-8344-0232,CONCESSION_ACCRUAL,16,259,2026-07-30T10:55:37+08:00
c4175cb5-0d27-47ec-9a69-ededb97e6803,M-1529,ORD-20260730-7449-0233,CONCESSION_ACCRUAL,18,198,2026-07-30T19:44:18+08:00
270f9a7a-6ea9-4863-b02f-740346d9a49c,M-2107,ORD-20260731-3820-0234,CONCESSION_ACCRUAL,15,177,2026-07-31T01:15:39+08:00
aa8aac6f-4bda-4607-ad4d-5eadf9fdf282,M-1103,ORD-20260730-2052-0235,CONCESSION_ACCRUAL,3,102,2026-07-30T16:19:00+08:00
d81481d0-a5c3-43c0-ab0d-a22cd7f0aca5,M-1606,ORD-20260730-5826-0236,CONCESSION_ACCRUAL,9,780,2026-07-30T11:54:00+08:00
e5102f58-e332-4d15-aa98-7cc64db7bc74,M-1182,ORD-20260730-1306-0237,CONCESSION_ACCRUAL,15,266,2026-07-30T09:23:00+08:00
5c91b4cc-c518-46c2-8fe9-d7c36df0f279,M-1944,ORD-20260730-6649-0238,CONCESSION_ACCRUAL,10,319,2026-07-30T10:33:00+08:00
e78b1e6b-f081-4007-bb82-ec3617988f62,M-1515,ORD-20260730-2724-0239,CONCESSION_ACCRUAL,10,276,2026-07-30T15:26:00+08:00
e7ba2e06-6fd0-4b16-a63d-abf20f4ac8b0,M-1584,ORD-20260730-5783-0240,CONCESSION_ACCRUAL,8,76,2026-07-30T09:37:00+08:00
940d6036-ea21-414b-abdb-2f6590fb7e79,M-1270,ORD-20260730-8301-0241,CONCESSION_ACCRUAL,4,1106,2026-07-30T22:53:00+08:00
406a9a7c-b8c2-4a2f-929f-8f47a16ac3d3,M-1677,ORD-20260730-6341-0242,CONCESSION_ACCRUAL,34,87,2026-07-30T16:36:00+08:00
33860ab2-db29-4047-9c6a-26d60c79a1f4,M-1242,ORD-20260730-7279-0243,CONCESSION_ACCRUAL,15,383,2026-07-30T09:26:00+08:00
06c9c002-c35d-475a-827f-acdcd59f54ad,M-2073,ORD-20260730-6611-0244,CONCESSION_ACCRUAL,9,34,2026-07-30T16:29:00+08:00
ff43b2f9-b7ab-4318-9e23-7cd6752dee17,M-1389,ORD-20260730-6953-0245,CONCESSION_ACCRUAL,60,118,2026-07-30T18:47:00+08:00
ee2c9dfa-94a0-496f-9aa5-0c181de02082,M-1341,ORD-20260730-5831-0246,CONCESSION_ACCRUAL,48,135,2026-07-30T16:29:00+08:00
ac905d11-3229-43e0-907d-12393d917d35,M-1874,ORD-20260730-6227-0247,CONCESSION_ACCRUAL,14,111,2026-07-30T17:23:00+08:00
4a1215ce-5465-4fa1-925e-67a032aa8435,M-1312,ORD-20260730-2104-0248,CONCESSION_ACCRUAL,11,499,2026-07-30T17:04:00+08:00
232d463c-42f3-45f7-a928-56c357f70ca5,M-1111,ORD-20260730-4955-0249,CONCESSION_ACCRUAL,19,443,2026-07-30T11:17:00+08:00
a9e4147e-5d6a-492c-a201-d2c2ed01dcc2,M-1086,ORD-20260730-1965-0250,CONCESSION_ACCRUAL,3,107,2026-07-30T21:45:00+08:00
b0c5937e-a365-42c6-a37b-46deb58816e6,M-1105,ORD-20260730-6724-0251,CONCESSION_ACCRUAL,11,757,2026-07-30T16:53:00+08:00
202ba08c-acc5-4e18-81da-c0381a9446a2,M-1717,ORD-20260730-2992-0252,CONCESSION_ACCRUAL,23,476,2026-07-30T22:12:00+08:00
e1f2bcb6-928c-47a3-a8d7-22a68dbe6e3e,M-1806,ORD-20260730-2571-0253,CONCESSION_ACCRUAL,6,101,2026-07-30T22:54:00+08:00
da4b873e-d7ca-403a-9d9c-4c56f23c5c08,M-1922,ORD-20260730-6846-0254,CONCESSION_ACCRUAL,17,118,2026-07-30T22:54:00+08:00
69c91198-d25f-4fe1-a120-c29896aee468,M-1539,ORD-20260730-3302-0255,CONCESSION_ACCRUAL,12,1521,2026-07-30T09:45:00+08:00
af07b52d-54af-4d19-977c-8277d316233b,M-1457,ORD-20260730-6440-0256,CONCESSION_ACCRUAL,15,468,2026-07-30T16:33:00+08:00
dd1348b5-b7e4-4fc5-b579-9940e7ce44b4,M-1675,ORD-20260730-9436-0257,CONCESSION_ACCRUAL,13,2113,2026-07-30T19:31:00+08:00
3b3b833d-634b-4f33-94a7-a3b65787800e,M-1593,ORD-20260730-6165-0258,CONCESSION_ACCRUAL,16,141,2026-07-30T09:36:00+08:00
2d0ff0cd-9d0d-462b-b53e-bc5c408e0a5f,M-1233,ORD-20260730-5923-0259,CONCESSION_ACCRUAL,15,295,2026-07-30T19:24:00+08:00
68009594-478b-499b-84f3-349d1f0ee7bf,M-1316,ORD-20260730-3887-0260,CONCESSION_ACCRUAL,15,283,2026-07-30T16:41:00+08:00
155364e9-2611-448d-9fed-bbf667648348,M-1353,ORD-20260730-5573-0261,CONCESSION_ACCRUAL,11,125,2026-07-30T17:13:00+08:00
16c80e01-3c58-4746-a99d-42f003fbd317,M-1075,ORD-20260730-2835-0262,CONCESSION_ACCRUAL,11,21,2026-07-30T15:45:00+08:00
a9e7b38c-c05d-4531-9e1a-d8b240419732,M-1207,ORD-20260730-4661-0263,CONCESSION_ACCRUAL,42,536,2026-07-30T19:54:00+08:00
532c894f-45dd-4923-86a5-2ee88699a253,M-1282,ORD-20260730-3876-0264,CONCESSION_ACCRUAL,11,135,2026-07-30T18:43:00+08:00
689966ab-780b-480f-ae5e-0e66b8432d70,M-1305,ORD-20260730-1380-0265,CONCESSION_ACCRUAL,3,332,2026-07-30T16:03:00+08:00
5558d09a-728f-42ff-8fa5-d62dca9dd18c,M-1306,ORD-20260730-3700-0266,CONCESSION_ACCRUAL,11,445,2026-07-30T21:31:00+08:00
cf965059-c47c-4e16-9676-5b4196337922,M-2018,ORD-20260730-3065-0267,CONCESSION_ACCRUAL,3,163,2026-07-30T11:36:00+08:00
4368ffac-05bf-4637-908f-cec44e8f9198,M-1494,ORD-20260730-2908-0268,CONCESSION_ACCRUAL,3,348,2026-07-30T13:17:00+08:00
41d00a27-ed41-47c5-acb3-4da685ee70b0,M-1113,ORD-20260730-3745-0269,CONCESSION_ACCRUAL,15,556,2026-07-30T15:14:00+08:00
6fb6cb71-94b3-47dc-a2b9-ac1e387c393e,M-1006,ORD-20260730-5094-0270,CONCESSION_ACCRUAL,33,178,2026-07-30T15:24:00+08:00
caadc3e8-9c5c-4f18-a373-46952a77d61d,M-1549,ORD-20260730-7059-0271,CONCESSION_ACCRUAL,8,273,2026-07-30T19:01:00+08:00
2f830950-bd13-474d-b1c6-db6b4cf39f66,M-1694,ORD-20260730-3236-0272,CONCESSION_ACCRUAL,8,131,2026-07-30T14:05:00+08:00
517413cf-cf34-4d63-8701-efe4ba7a0843,M-1803,ORD-20260730-7278-0273,CONCESSION_ACCRUAL,14,170,2026-07-30T15:42:00+08:00
2295bc98-e263-404d-8e07-36400add6cf8,M-1811,ORD-20260730-5411-0274,CONCESSION_ACCRUAL,27,53,2026-07-30T21:17:00+08:00
46af97cc-fe00-4f83-9434-07ba80a6eb43,M-1606,ORD-20260730-4498-0275,CONCESSION_ACCRUAL,20,800,2026-07-30T10:41:00+08:00
11dc0e71-89eb-4cbb-a58d-637a14a8568c,M-1476,ORD-20260730-1603-0276,CONCESSION_ACCRUAL,18,497,2026-07-30T20:17:00+08:00
d0b9e81f-5f22-4cff-b587-4c23cd56b802,M-1520,ORD-20260730-2647-0277,CONCESSION_ACCRUAL,40,750,2026-07-30T21:21:00+08:00
0bd18dce-2c9c-4822-a5b5-af6ec5656f3d,M-1249,ORD-20260730-8136-0278,CONCESSION_ACCRUAL,3,305,2026-07-30T21:36:00+08:00
040cc95b-b456-4fed-a411-25d9bbe35b09,M-1824,ORD-20260730-4128-0279,CONCESSION_ACCRUAL,29,169,2026-07-30T09:24:00+08:00
1b7b5cb0-a010-4b00-a574-f367fb673b17,M-1505,ORD-20260730-9846-0280,CONCESSION_ACCRUAL,8,169,2026-07-30T16:03:00+08:00
34bde027-8270-4362-9055-126cff701d49,M-1259,ORD-20260730-7493-0281,CONCESSION_ACCRUAL,19,430,2026-07-30T18:30:00+08:00
ae6cda0e-04ae-4544-8968-4897d5d58680,M-1824,ORD-20260730-2030-0282,CONCESSION_ACCRUAL,3,172,2026-07-30T20:04:00+08:00
6083bbf1-a2f7-45c1-b9f3-f532705a79dd,M-1407,ORD-20260730-4603-0283,CONCESSION_ACCRUAL,8,552,2026-07-30T15:54:00+08:00
34241ab8-8c4f-49c6-8688-8d02c92facee,M-1114,ORD-20260730-5407-0284,CONCESSION_ACCRUAL,56,170,2026-07-30T21:10:00+08:00
e59f7b43-df99-466d-ab11-d9c08858b983,M-1727,ORD-20260730-3093-0285,CONCESSION_ACCRUAL,24,195,2026-07-30T10:41:00+08:00
c0c0381d-eea8-4edb-8525-0b52c4f7f68c,M-1146,ORD-20260730-2714-0286,CONCESSION_ACCRUAL,9,2647,2026-07-30T13:23:00+08:00
cef0f1d2-fcbd-4247-8e9d-1d003c80d94c,M-1513,ORD-20260730-3417-0287,CONCESSION_ACCRUAL,31,320,2026-07-30T18:26:00+08:00
a1e7089b-ab2e-4a20-8933-703f27cfc89e,M-2124,ORD-20260730-5446-0288,CONCESSION_ACCRUAL,15,63,2026-07-30T22:25:00+08:00
1f8e8e22-0e1f-464b-b5a4-e9f190a5bb29,M-1106,ORD-20260730-6499-0289,CONCESSION_ACCRUAL,8,391,2026-07-30T22:07:00+08:00
5b62227d-2b64-4055-8538-4acf3e332191,M-1198,ORD-20260730-7963-0290,CONCESSION_ACCRUAL,13,2551,2026-07-30T09:19:00+08:00
adf226ef-5afa-4266-9c02-47c10252475b,M-1408,ORD-20260730-8774-0291,CONCESSION_ACCRUAL,22,138,2026-07-30T21:54:00+08:00
41ef0bb2-80e5-4b3f-bbbe-fb4861702441,M-1830,ORD-20260730-1526-0292,CONCESSION_ACCRUAL,11,477,2026-07-30T22:04:00+08:00
5964e2b2-1336-49e9-837d-67f0f8280fed,M-1425,ORD-20260730-6051-0293,CONCESSION_ACCRUAL,6,88,2026-07-30T18:55:00+08:00
d106b65f-291d-4796-b0a4-beb4ff9548c3,M-1930,ORD-20260730-5476-0294,CONCESSION_ACCRUAL,16,323,2026-07-30T09:47:00+08:00
0ba85d41-a354-472f-b82d-4e03b2b703eb,M-1803,ORD-20260730-4223-0295,CONCESSION_ACCRUAL,15,185,2026-07-30T20:05:00+08:00
9191e0a9-ec16-4b7e-82cb-44e6de875851,M-1219,ORD-20260730-7521-0296,CONCESSION_ACCRUAL,26,367,2026-07-30T19:27:00+08:00
960e767a-f631-4dbd-9f79-07a73c75eb5d,M-1137,ORD-20260730-2693-0297,CONCESSION_ACCRUAL,11,358,2026-07-30T22:14:00+08:00
0656e21c-622e-45d4-8350-3b70b47be9f1,M-1307,ORD-20260730-4916-0298,CONCESSION_ACCRUAL,14,428,2026-07-30T16:52:00+08:00
5a2d491c-f2ef-4195-b8a3-c54a4b0164c7,M-2086,ORD-20260730-2755-0299,CONCESSION_ACCRUAL,12,114,2026-07-30T12:16:00+08:00
773007d2-d157-4bc2-9a00-44134c81c50b,M-1324,ORD-20260730-2620-0300,CONCESSION_ACCRUAL,19,219,2026-07-30T20:32:00+08:00
13cfb402-1c84-4c83-8572-6097b6d18fdd,M-1210,ORD-20260730-1314-0301,CONCESSION_ACCRUAL,40,1098,2026-07-30T09:01:00+08:00
7e0db39d-16b7-4eea-98ce-db1433f39c2c,M-1686,ORD-20260730-7167-0302,CONCESSION_ACCRUAL,9,60,2026-07-30T14:20:00+08:00
9595a704-90c7-4b61-bcd2-6990c7f3b057,M-1171,ORD-20260730-2681-0303,CONCESSION_ACCRUAL,26,58,2026-07-30T16:17:00+08:00
dfc4b6ab-2390-4fe1-b4de-0be1df595dfd,M-1555,ORD-20260730-1557-0304,CONCESSION_ACCRUAL,15,183,2026-07-30T19:26:00+08:00
a3d48883-a24e-433f-8609-f2fc35a45a88,M-1231,ORD-20260730-1539-0305,CONCESSION_ACCRUAL,15,322,2026-07-30T17:38:00+08:00
bac79b93-2c24-48db-bfd4-ff475ffdd0a5,M-1466,ORD-20260730-6582-0306,CONCESSION_ACCRUAL,14,3612,2026-07-30T18:52:00+08:00
d11e1615-4d4b-4e77-b8a7-0dc0ab351b6e,M-2128,ORD-20260730-7874-0307,CONCESSION_ACCRUAL,9,211,2026-07-30T15:26:00+08:00
debb8f59-5b0c-4fe2-9baf-fa458fbb44ac,M-1261,ORD-20260730-1943-0308,CONCESSION_ACCRUAL,11,325,2026-07-30T09:53:00+08:00
27500c5e-eee7-4a53-9ca2-6999c593e55f,M-1044,ORD-20260730-7833-0309,CONCESSION_ACCRUAL,36,446,2026-07-30T10:25:00+08:00
d706a249-cbdf-49bb-8c9b-9c793428657a,M-1018,ORD-20260730-5785-0310,CONCESSION_ACCRUAL,19,238,2026-07-30T15:59:00+08:00
5c8d7449-5504-444b-b5a1-d6d89e8be33f,M-2172,ORD-20260730-1619-0311,CONCESSION_ACCRUAL,18,106,2026-07-30T17:00:00+08:00
184065dd-a5ab-41ef-8723-7d557f1643d9,M-1560,ORD-20260730-2789-0312,CONCESSION_ACCRUAL,28,100,2026-07-30T13:15:00+08:00
92c0f2da-db41-4e67-8553-f416265a5592,M-1717,ORD-20260730-5467-0313,CONCESSION_ACCRUAL,3,479,2026-07-30T17:21:00+08:00
