ledger_id,member_id,source_reference_id,transaction_type,points_delta,resulting_balance,created_at
df3b52d0-3791-4a11-9a9e-77bfb9b39761,M-1645,SESS-20260822-9845-0000,RENTAL_ACCRUAL,18,667,2026-08-22T14:30:00+08:00
cf1151b0-cd05-4a46-be61-6af825aef0d6,M-1164,SESS-20260822-5994-0001,RENTAL_ACCRUAL,27,383,2026-08-23T02:00:00+08:00
76515c56-b56e-4baf-a44f-065a7486d5b2,M-1225,SESS-20260822-6092-0002,RENTAL_ACCRUAL,16,197,2026-08-22T22:15:00+08:00
d3c59805-237e-43ab-8b29-bb52795bf9f4,M-1959,SESS-20260822-1057-0003,RENTAL_ACCRUAL,11,654,2026-08-22T09:00:00+08:00
408b56fb-5915-4978-9b54-5aff741f99fa,M-1436,SESS-20260822-4456-0004,RENTAL_ACCRUAL,12,623,2026-08-22T19:45:00+08:00
8d1c048b-9f6e-4217-8f5c-966e370514f0,M-1653,SESS-20260822-4552-0005,RENTAL_ACCRUAL,16,268,2026-08-22T12:00:00+08:00
acb034e7-238d-4c69-8655-8884fec8378d,M-2108,SESS-20260822-6120-0006,RENTAL_ACCRUAL,36,115,2026-08-22T19:30:00+08:00
571fe6fe-722b-4218-abc8-0cc1694dbf50,M-1108,SESS-20260822-5454-0007,RENTAL_ACCRUAL,43,213,2026-08-22T21:15:00+08:00
03e06b62-5e17-4e21-a699-fd79496a1dee,M-1435,SESS-20260822-9913-0008,RENTAL_ACCRUAL,5,431,2026-08-23T00:45:00+08:00
99c59511-46d0-47a0-b83c-70615f41eb31,M-1416,SESS-20260822-9562-0009,RENTAL_ACCRUAL,14,2585,2026-08-22T14:45:00+08:00
7fffc625-f313-4674-bbe6-1bd61574c500,M-1741,SESS-20260822-2208-0010,RENTAL_REDEMPTION,-100,28,2026-08-22T15:00:00+08:00
49c2202c-0e83-4761-beb2-ada3834cbad8,M-1741,SESS-20260822-2208-0010,RENTAL_ACCRUAL,20,48,2026-08-22T17:00:00+08:00
f7a0c629-1a5c-4ee6-8cb5-2f055cf114f1,M-1303,SESS-20260822-8747-0011,RENTAL_ACCRUAL,48,2602,2026-08-22T11:15:00+08:00
291b543e-6e6f-4c8f-8388-ca348135f20f,M-1444,SESS-20260822-6122-0012,RENTAL_ACCRUAL,9,3255,2026-08-22T21:30:00+08:00
f1bd8706-659b-4d39-93b6-992aea860fd9,M-1106,SESS-20260822-9216-0013,RENTAL_REDEMPTION,-100,376,2026-08-22T07:15:00+08:00
82421886-0974-4dc9-8dcf-20b19bbff0cb,M-1106,SESS-20260822-9216-0013,RENTAL_ACCRUAL,38,414,2026-08-22T15:15:00+08:00
78b863c8-a0d6-41c5-a34b-5a5bdd3dd2a7,M-1079,SESS-20260822-9870-0014,RENTAL_REDEMPTION,-100,293,2026-08-22T11:15:00+08:00
301ef019-aa6e-43ee-9aa3-b07f4f023773,M-1079,SESS-20260822-9870-0014,RENTAL_ACCRUAL,10,303,2026-08-22T14:15:00+08:00
57b42669-e8af-4fe4-a329-cb7d37726225,M-1330,SESS-20260822-7931-0015,RENTAL_ACCRUAL,12,3106,2026-08-22T12:00:00+08:00
7071428c-f580-4bab-86c7-5cd5a7413557,M-2167,SESS-20260822-3057-0016,RENTAL_ACCRUAL,11,163,2026-08-22T14:00:00+08:00
09640e0c-2c55-4e32-b32e-26b37377f563,M-1815,SESS-20260822-4191-0017,RENTAL_ACCRUAL,16,111,2026-08-22T04:30:00+08:00
66a04f4c-30ae-47a5-9489-96e3bc52500f,M-1851,SESS-20260822-9192-0018,RENTAL_ACCRUAL,9,46,2026-08-22T16:00:00+08:00
3b4853a2-14cf-4577-8308-826da934e700,M-1651,SESS-20260822-5971-0019,RENTAL_ACCRUAL,16,536,2026-08-23T00:00:00+08:00
5aa42321-a998-4b46-9c92-40dc377d81ef,M-1347,SESS-20260822-9521-0020,RENTAL_ACCRUAL,18,3273,2026-08-22T05:30:00+08:00
2f1cb6ee-1ef5-4b64-aad1-b77f4c90aa27,M-1120,SESS-20260822-7372-0021,RENTAL_ACCRUAL,30,816,2026-08-23T02:45:00+08:00
97317d82-4002-4097-b345-f3aaf0f2558f,M-2101,SESS-20260822-6694-0022,RENTAL_ACCRUAL,67,345,2026-08-23T03:45:00+08:00
b1d91ea1-2339-406a-a7cc-9653dcbf9753,M-1239,SESS-20260822-4664-0023,RENTAL_ACCRUAL,28,53,2026-08-22T20:30:00+08:00
6a6fb903-ce7b-465d-a0f6-93120b4db4cf,M-1243,SESS-20260822-6797-0024,RENTAL_ACCRUAL,16,279,2026-08-22T16:15:00+08:00
6071c078-d1db-4ee4-a46f-08bade2b89e2,M-2081,SESS-20260822-9239-0025,RENTAL_ACCRUAL,16,41,2026-08-22T21:45:00+08:00
26980fcf-0870-40a8-965e-ab01990b0506,M-1509,SESS-20260822-8181-0026,RENTAL_ACCRUAL,28,325,2026-08-22T20:15:00+08:00
ec9f06f3-e20e-4f6c-9dfb-70f1e594cc8a,M-1939,SESS-20260822-9261-0027,RENTAL_ACCRUAL,67,245,2026-08-22T23:15:00+08:00
877a4275-c535-46ff-9d26-915b94152ce3,M-1734,SESS-20260822-5003-0028,RENTAL_ACCRUAL,19,552,2026-08-23T00:45:00+08:00
238083e4-c6a6-4920-9b01-f802265ea1df,M-2171,SESS-20260822-2923-0029,RENTAL_ACCRUAL,16,21,2026-08-23T00:30:00+08:00
a843ed4d-b703-4318-8868-bbb15002ac47,M-2171,TIER_UPGRADE_Standard_TO_Silver,TIER_BONUS,50,71,2026-08-23T00:30:00+08:00
e9d5c06e-0ba8-4e83-ab84-3e9680226e16,M-1072,SESS-20260822-3277-0030,RENTAL_ACCRUAL,16,337,2026-08-22T18:15:00+08:00
119e3d20-24c5-4321-834f-4a30b1a2431e,M-1459,SESS-20260822-7391-0031,RENTAL_ACCRUAL,18,178,2026-08-22T19:00:00+08:00
6d5505be-d944-45da-82a5-2358f98b1d3c,M-1401,SESS-20260822-9148-0032,RENTAL_ACCRUAL,45,467,2026-08-23T00:15:00+08:00
389353e5-98ed-476e-b580-792dc326fc10,M-1701,SESS-20260822-8319-0033,RENTAL_ACCRUAL,16,932,2026-08-23T01:45:00+08:00
190fa7b6-93ab-43e4-a496-04a230715682,M-1922,SESS-20260822-6307-0034,RENTAL_ACCRUAL,18,352,2026-08-22T19:00:00+08:00
d2aa8257-67c3-4473-a1a3-d196c1c5264e,M-1664,SESS-20260822-9096-0035,RENTAL_ACCRUAL,72,2513,2026-08-22T19:45:00+08:00
eb0ed2f9-bad7-4dcb-ac38-cbb6c8b0cbc8,M-1115,SESS-20260822-1751-0036,RENTAL_ACCRUAL,9,152,2026-08-23T00:30:00+08:00
fe28f654-0a9d-4af7-b2b4-574246bff1f5,M-1732,SESS-20260822-1319-0037,RENTAL_ACCRUAL,6,327,2026-08-22T14:15:00+08:00
fa4761f2-d39b-49c9-aa01-15d5b763b68c,M-1799,SESS-20260822-4466-0038,RENTAL_REDEMPTION,-100,298,2026-08-22T17:00:00+08:00
40f1338d-794a-41e7-8fbc-f612073aaf4d,M-1799,SESS-20260822-4466-0038,RENTAL_ACCRUAL,5,303,2026-08-22T19:00:00+08:00
0d5410c5-4cec-4184-afd6-2a8831bf5a1d,M-2080,SESS-20260822-5823-0039,RENTAL_ACCRUAL,24,179,2026-08-22T18:45:00+08:00
34d4ab91-18d1-44c6-bb09-bd3afb4c0095,M-1826,SESS-20260822-3702-0040,RENTAL_ACCRUAL,9,252,2026-08-22T19:45:00+08:00
7083e1d4-e850-4ba9-b9ad-7cb4ee89464e,M-1903,SESS-20260822-4775-0041,RENTAL_ACCRUAL,10,44,2026-08-22T20:45:00+08:00
4ccaf70b-5f52-421a-adfb-bb0947fc3087,M-1706,SESS-20260822-4088-0042,RENTAL_ACCRUAL,48,218,2026-08-22T21:15:00+08:00
6944bd21-9532-4229-ae80-424fca3b08fe,M-1630,SESS-20260822-9543-0043,RENTAL_ACCRUAL,6,572,2026-08-22T18:00:00+08:00
35ed91db-f6d9-4f59-bc28-e29cccdabfcb,M-2190,SESS-20260822-5460-0044,RENTAL_ACCRUAL,28,177,2026-08-22T21:00:00+08:00
6ef85d39-4d6e-4de3-85e6-ecc62f6baf49,M-1538,SESS-20260822-2473-0045,RENTAL_REDEMPTION,-100,78,2026-08-22T17:15:00+08:00
b89d1a1b-9d58-45c5-b257-847510562ef5,M-1538,SESS-20260822-2473-0045,RENTAL_ACCRUAL,10,88,2026-08-22T20:15:00+08:00
531981c6-2548-4611-89c0-229b199ae035,M-1387,SESS-20260822-7012-0046,RENTAL_ACCRUAL,45,212,2026-08-23T04:30:00+08:00
aed545ae-8b2a-46f9-bfea-b94396e99b26,M-1806,SESS-20260822-4920-0047,RENTAL_ACCRUAL,11,232,2026-08-23T01:45:00+08:00
08297a2c-94ff-46a3-a649-9312ff51dffb,M-1415,SESS-20260822-4264-0048,RENTAL_REDEMPTION,-300,434,2026-08-22T14:40:00+08:00
5997c8e0-0858-4f79-b613-417be9ee2bc2,M-1415,SESS-20260822-4264-0048,RENTAL_ACCRUAL,6,440,2026-08-22T17:40:00+08:00
6c9e90da-64c7-410e-8bff-36887cbd34fc,M-1137,SESS-20260822-1764-0049,RENTAL_ACCRUAL,5,200,2026-08-22T22:15:00+08:00
46a56309-020c-4522-8e12-8460aacedb68,M-1959,SESS-20260822-6526-0050,RENTAL_ACCRUAL,27,681,2026-08-22T12:15:00+08:00
c4e19b64-3337-4bfa-b090-8f134d6ba448,M-1852,SESS-20260822-5624-0051,RENTAL_ACCRUAL,36,40,2026-08-22T17:30:00+08:00
abf8f1f2-e812-4501-8cbf-18de32cbbbac,M-2100,SESS-20260822-9172-0052,RENTAL_ACCRUAL,11,157,2026-08-22T22:45:00+08:00
267cfe4c-0317-4fc9-bc94-516f35449ac1,M-1320,SESS-20260822-4555-0053,RENTAL_ACCRUAL,30,1329,2026-08-23T01:30:00+08:00
0a20ccaf-f0bf-41ea-b856-a50dd623f0db,M-1053,SESS-20260822-1293-0054,RENTAL_ACCRUAL,11,481,2026-08-22T20:00:00+08:00
5e9f2421-e92c-4e32-bc90-86f75e5e1d96,M-1813,SESS-20260822-8463-0055,RENTAL_REDEMPTION,-100,87,2026-08-22T19:45:00+08:00
8a23f933-8df3-477f-b92e-da9211f20f6c,M-1813,SESS-20260822-8463-0055,RENTAL_ACCRUAL,20,107,2026-08-22T22:45:00+08:00
9033b037-799d-4df8-9a1f-8d58df77c93b,M-1485,SESS-20260822-1189-0056,RENTAL_REDEMPTION,-100,24,2026-08-22T18:30:00+08:00
9708cb9a-5966-4474-86d3-b7014b13790b,M-1485,SESS-20260822-1189-0056,RENTAL_ACCRUAL,5,29,2026-08-22T20:30:00+08:00
5e5de0ce-f8e0-47e5-8438-1eb272ce57b8,M-1418,SESS-20260822-9566-0057,RENTAL_ACCRUAL,28,122,2026-08-22T07:30:00+08:00
b42c1dfc-8550-4a6d-ae7c-0f5e929e2238,M-1670,SESS-20260822-2636-0058,RENTAL_ACCRUAL,12,348,2026-08-23T01:30:00+08:00
9f5f7266-1962-4e94-8d76-4799979c2f71,M-2189,SESS-20260822-4984-0059,RENTAL_REDEMPTION,-100,193,2026-08-22T11:30:00+08:00
f35fecc2-4925-4914-8589-f4fdfe6a8cd1,M-2189,SESS-20260822-4984-0059,RENTAL_ACCRUAL,3,196,2026-08-22T12:30:00+08:00
8253cfba-b39c-454b-ba8e-bd4a6dbf73af,M-1747,SESS-20260822-5266-0060,RENTAL_ACCRUAL,5,413,2026-08-22T22:15:00+08:00
f1dac29d-9fe5-443a-a5bb-9047c223a6be,M-1529,SESS-20260822-6303-0061,RENTAL_ACCRUAL,11,130,2026-08-22T18:45:00+08:00
05079cf7-a6f2-48f0-a21f-250ec30d7f79,M-1101,SESS-20260822-9527-0062,RENTAL_ACCRUAL,12,768,2026-08-22T12:15:00+08:00
864e8abb-1ea9-4e7d-b7e9-ac6a269296fa,M-1363,SESS-20260822-2682-0063,RENTAL_ACCRUAL,18,512,2026-08-22T21:50:00+08:00
a057b749-19d1-4c7b-9080-645fe7178b1e,M-1457,SESS-20260822-8548-0064,RENTAL_ACCRUAL,11,812,2026-08-22T19:00:00+08:00
1c19d4e8-21e2-453e-950e-628ddb719016,M-1805,SESS-20260822-9089-0065,RENTAL_ACCRUAL,18,341,2026-08-23T00:00:00+08:00
167bf143-6a48-498d-a468-864999502f3d,M-1023,SESS-20260822-3638-0066,RENTAL_REDEMPTION,-100,39,2026-08-22T17:45:00+08:00
a2e7db99-a37d-43c1-834a-9b086f05303b,M-1023,SESS-20260822-3638-0066,RENTAL_ACCRUAL,101,140,2026-08-23T01:45:00+08:00
84987400-1b6c-40d1-acb4-ddf631240afc,M-1826,SESS-20260822-5424-0067,RENTAL_REDEMPTION,-100,152,2026-08-22T22:00:00+08:00
cb9ccdae-a57c-4bad-bf8c-aef61ef9db50,M-1826,SESS-20260822-5424-0067,RENTAL_ACCRUAL,2,154,2026-08-22T23:00:00+08:00
ff639446-8ccd-4781-a8fa-e8cea4780179,M-2057,SESS-20260822-6049-0068,RENTAL_REDEMPTION,-100,28,2026-08-22T13:45:00+08:00
fd7da668-b3a1-4068-92b3-8905733008cc,M-2057,SESS-20260822-6049-0068,RENTAL_ACCRUAL,19,47,2026-08-22T16:45:00+08:00
718cbc54-6447-4a21-9fcd-b808f905dcd1,M-1243,SESS-20260822-8462-0069,RENTAL_ACCRUAL,11,290,2026-08-22T23:45:00+08:00
a90d320b-a95f-4f24-a53a-c75fcccb25fe,M-1351,SESS-20260822-3774-0070,RENTAL_REDEMPTION,-100,97,2026-08-22T18:00:00+08:00
5a2aca9e-aef1-47d8-b9ad-e99c854cbbee,M-1351,SESS-20260822-3774-0070,RENTAL_ACCRUAL,2,99,2026-08-22T19:00:00+08:00
d8439040-a0a6-4b48-bd52-6cc9f666f683,M-1423,SESS-20260822-2771-0071,RENTAL_ACCRUAL,45,232,2026-08-23T02:15:00+08:00
c1e32f49-455d-46f6-bd25-43176802b975,M-1397,SESS-20260822-7635-0072,RENTAL_REDEMPTION,-200,657,2026-08-22T15:30:00+08:00
e339b22d-f261-47f4-8c9d-606f67849752,M-1397,SESS-20260822-7635-0072,RENTAL_ACCRUAL,57,714,2026-08-22T20:30:00+08:00
c791eadb-a48c-48e0-8d61-2c7cb8db1cb5,M-1085,SESS-20260822-8745-0073,RENTAL_ACCRUAL,16,224,2026-08-23T01:30:00+08:00
91a6e3e2-96af-4f9c-b782-83222c8089f4,M-1728,SESS-20260822-7523-0074,RENTAL_ACCRUAL,72,267,2026-08-23T03:30:00+08:00
1259626b-1402-40ca-bf6e-cf49f24b739f,M-1728,TIER_UPGRADE_Silver_TO_Gold,TIER_BONUS,100,367,2026-08-23T03:30:00+08:00
1a63eac8-aacb-4725-9000-08eed5a4b176,M-1218,SESS-20260822-4860-0075,RENTAL_REDEMPTION,-100,137,2026-08-22T13:30:00+08:00
fbbd4bb3-89e0-4656-ab10-68407cf0a20e,M-1218,SESS-20260822-4860-0075,RENTAL_ACCRUAL,20,157,2026-08-22T15:30:00+08:00
4d47949f-abb4-4fdf-a84f-cc33fda7f8e4,M-1216,SESS-20260822-7781-0076,RENTAL_ACCRUAL,6,571,2026-08-22T19:55:00+08:00
2c45c423-e4c6-4df4-9afb-4ab65fb85197,M-1842,SESS-20260822-9686-0077,RENTAL_ACCRUAL,9,494,2026-08-22T21:25:00+08:00
8a837ba4-6621-4fe8-9be1-f2332e48e8ce,M-1844,SESS-20260822-5825-0078,RENTAL_ACCRUAL,8,241,2026-08-22T10:45:00+08:00
09f1385a-bf38-42f9-ae79-98fdeaa32fb2,M-1836,SESS-20260822-5731-0079,RENTAL_ACCRUAL,28,674,2026-08-23T01:45:00+08:00
d539813c-0222-4f5d-b7da-1d606b3b2944,M-1366,SESS-20260822-1524-0080,RENTAL_ACCRUAL,5,765,2026-08-22T23:30:00+08:00
84308da2-6f57-44ff-a263-e5354a200d2a,M-1898,SESS-20260822-9150-0081,RENTAL_ACCRUAL,16,65,2026-08-22T23:50:00+08:00
0e29ed92-f941-45ec-942d-dc6968478d9b,M-2031,SESS-20260822-9553-0082,RENTAL_ACCRUAL,15,147,2026-08-23T02:35:00+08:00
68aeb694-cdfe-4188-a390-665fe3cdfca2,M-1755,SESS-20260822-4502-0083,RENTAL_ACCRUAL,16,233,2026-08-22T17:15:00+08:00
f6dd3a79-fe7a-442f-857a-b3ebaa5c9104,M-1544,SESS-20260822-5746-0084,RENTAL_ACCRUAL,11,65,2026-08-22T06:00:00+08:00
9e504afa-7f89-40e4-9d73-05ffdaab5b58,M-2129,SESS-20260822-2828-0085,RENTAL_REDEMPTION,-100,13,2026-08-22T17:00:00+08:00
189d9112-4a58-4155-bd89-136e722017f3,M-1777,SESS-20260822-8247-0086,RENTAL_ACCRUAL,14,378,2026-08-22T18:30:00+08:00
c82b4322-65ce-4899-9740-e9b57d8f4955,M-1172,SESS-20260822-7212-0087,RENTAL_ACCRUAL,12,860,2026-08-22T15:15:00+08:00
6839499c-51a9-46fc-b8fa-b45206c5dc38,M-1688,SESS-20260822-9890-0088,RENTAL_ACCRUAL,12,772,2026-08-22T20:15:00+08:00
b6de9f45-051a-401c-8558-8a523eefb175,M-1035,SESS-20260822-9498-0089,RENTAL_ACCRUAL,16,257,2026-08-22T19:30:00+08:00
d5b1d10d-6cfe-40aa-a4ae-64b0460277d9,M-1948,SESS-20260822-2950-0090,RENTAL_ACCRUAL,16,326,2026-08-23T00:15:00+08:00
34a7f9e3-acf4-43b6-b14d-19714ad794f8,M-2172,SESS-20260822-8169-0091,RENTAL_ACCRUAL,16,522,2026-08-22T22:00:00+08:00
c216f8c2-0f80-4565-9600-79387d61544c,M-1027,SESS-20260822-7730-0092,RENTAL_ACCRUAL,16,487,2026-08-22T17:00:00+08:00
a7f38c66-cc42-4f1b-94a8-f5d3caba2819,M-1181,SESS-20260822-3749-0093,RENTAL_ACCRUAL,40,312,2026-08-22T22:30:00+08:00
37e6a220-24cc-4086-b61f-407b8bf0a7f2,M-1452,SESS-20260822-2460-0094,RENTAL_ACCRUAL,18,137,2026-08-22T16:00:00+08:00
f90e74c5-42ce-4eee-bacc-a555a5c4f051,M-2160,SESS-20260822-5237-0095,RENTAL_ACCRUAL,11,105,2026-08-22T20:15:00+08:00
f1d38c5b-d552-4044-8808-83bd715145e7,M-2153,SESS-20260822-2352-0096,RENTAL_ACCRUAL,25,119,2026-08-22T21:30:00+08:00
fe675196-9b09-4f14-bf4c-d5dc78973367,M-1587,SESS-20260822-3703-0097,RENTAL_ACCRUAL,6,1087,2026-08-22T19:00:00+08:00
e8e59957-8854-4212-913d-8abf30ee450b,M-1732,SESS-20260822-3694-0098,RENTAL_ACCRUAL,12,339,2026-08-22T16:45:00+08:00
8068d468-606c-4575-8c49-89b3393ea4fa,M-1432,SESS-20260822-9715-0099,RENTAL_ACCRUAL,12,3425,2026-08-22T10:30:00+08:00
55dd30a0-818f-45a7-ad27-eb4773ccd957,M-2157,SESS-20260822-3027-0100,RENTAL_ACCRUAL,15,72,2026-08-23T01:45:00+08:00
63a136e9-1b84-4da1-b611-3e478de7f9e6,M-1655,SESS-20260822-9847-0101,RENTAL_ACCRUAL,72,374,2026-08-23T00:10:00+08:00
0795a8ff-4737-4161-8ee1-fb8d944703fb,M-1417,SESS-20260822-3236-0102,RENTAL_ACCRUAL,5,523,2026-08-22T20:15:00+08:00
0052f995-fd80-45ff-8929-56334f1b105e,M-1920,SESS-20260822-1496-0103,RENTAL_ACCRUAL,10,48,2026-08-22T21:45:00+08:00
a7b8e28f-7167-4291-b731-0684ca9cb950,M-1357,SESS-20260822-4678-0104,RENTAL_ACCRUAL,11,295,2026-08-22T22:30:00+08:00
e8fc9517-2a4e-4222-a98e-b9a61ba01021,M-1292,SESS-20260822-9025-0105,RENTAL_ACCRUAL,12,590,2026-08-22T22:40:00+08:00
b3c1df40-a897-4c37-9fc1-440ebc7ac6d0,M-1183,SESS-20260822-5357-0106,RENTAL_ACCRUAL,16,459,2026-08-22T20:00:00+08:00
d26f954a-4bfb-4f9a-8447-163cb2d5f5db,M-1337,SESS-20260822-6522-0107,RENTAL_ACCRUAL,18,535,2026-08-22T22:15:00+08:00
519c22a3-bfcc-4110-ac73-11ad1464151f,M-2048,SESS-20260822-8672-0108,RENTAL_REDEMPTION,-100,16,2026-08-22T13:45:00+08:00
1b7b8681-c002-433c-b54e-93f692d1710b,M-2048,SESS-20260822-8672-0108,RENTAL_ACCRUAL,10,26,2026-08-22T16:45:00+08:00
a4af7274-2657-4b23-8313-a812d09375e0,M-1471,SESS-20260822-8916-0109,RENTAL_ACCRUAL,9,200,2026-08-22T20:00:00+08:00
a92f0760-88bf-4c47-b8a6-0f1f758225e5,M-1883,SESS-20260822-8827-0110,RENTAL_ACCRUAL,8,126,2026-08-22T15:45:00+08:00
2fcb00b8-ebcc-4bea-89ed-ecb95bc8e953,M-2058,SESS-20260822-2227-0111,RENTAL_ACCRUAL,10,124,2026-08-22T20:45:00+08:00
3ef0ae49-523e-461e-864c-15af249f3d6f,M-1664,SESS-20260822-6060-0112,RENTAL_ACCRUAL,19,2532,2026-08-22T22:00:00+08:00
99ebed29-a1d6-47d5-aff5-6e831e1e4e99,M-1099,SESS-20260822-7868-0113,RENTAL_ACCRUAL,27,203,2026-08-22T23:30:00+08:00
dfdcff59-c6d2-4b22-b861-df1afbbbc83d,M-1713,SESS-20260822-3148-0114,RENTAL_ACCRUAL,18,237,2026-08-22T20:30:00+08:00
d16c9e98-cc3c-4d44-9c34-00548fab7345,M-1346,SESS-20260822-7952-0115,RENTAL_ACCRUAL,16,492,2026-08-22T23:50:00+08:00
1a77320c-0821-4ffb-a048-0dd2dd525d42,M-1299,SESS-20260822-5905-0116,RENTAL_ACCRUAL,45,111,2026-08-22T17:30:00+08:00
7616e83c-3c8b-4bc7-be57-169a2dc11c45,M-1344,SESS-20260822-3026-0117,RENTAL_ACCRUAL,11,396,2026-08-22T19:00:00+08:00
1bc018c1-ac35-497e-80fb-8ab6583449a9,M-1012,SESS-20260822-1733-0118,RENTAL_ACCRUAL,13,418,2026-08-22T21:45:00+08:00
80d6b89f-8c06-49d9-b960-c3ee0bcc7c47,M-1201,SESS-20260822-9956-0119,RENTAL_ACCRUAL,9,651,2026-08-22T23:15:00+08:00
3cea468d-a6c4-4b64-9fe7-753c8650baee,M-1074,SESS-20260822-1966-0120,RENTAL_REDEMPTION,-100,59,2026-08-22T19:45:00+08:00
cbb42f9e-c6e4-4021-854d-1e230ef5ab15,M-1074,SESS-20260822-1966-0120,RENTAL_ACCRUAL,11,70,2026-08-22T21:45:00+08:00
4ca8075e-36a9-4ec4-bd72-205aebf027ce,M-1465,SESS-20260822-1230-0121,RENTAL_ACCRUAL,12,818,2026-08-22T17:15:00+08:00
02c22f99-46ea-4a23-b4b3-b369a373128f,M-1384,SESS-20260822-8958-0122,RENTAL_ACCRUAL,18,1551,2026-08-23T02:45:00+08:00
ee8daa0f-60f3-4105-bbe1-35f45ccd9f36,M-1613,SESS-20260822-2135-0123,RENTAL_ACCRUAL,6,46,2026-08-22T22:30:00+08:00
a7e2ab63-92c9-4e18-b125-cc26965dff18,M-2088,SESS-20260822-4101-0124,RENTAL_ACCRUAL,72,146,2026-08-23T07:30:00+08:00
2bf3f8e2-24c8-4acc-a5f0-589bc57aca76,M-1749,SESS-20260822-8443-0125,RENTAL_ACCRUAL,16,182,2026-08-23T00:30:00+08:00
75b53ac5-ed55-4383-8a8a-2fff37303427,M-1278,SESS-20260822-2215-0126,RENTAL_ACCRUAL,30,164,2026-08-23T02:00:00+08:00
5b0cdecf-9e68-4007-96fd-0e9ed975b4e6,M-1154,SESS-20260822-7024-0127,RENTAL_REDEMPTION,-100,401,2026-08-22T22:45:00+08:00
1d49298c-7a87-4549-aed2-87ed73ef1146,M-1154,SESS-20260822-7024-0127,RENTAL_ACCRUAL,5,406,2026-08-23T00:45:00+08:00
03612585-1720-4612-b0ac-cf4b5a6c75fe,M-1518,SESS-20260822-7306-0128,RENTAL_ACCRUAL,5,610,2026-08-22T23:05:00+08:00
fddb081a-b75b-47d5-bcdf-b81dc782b65d,M-2110,SESS-20260822-5544-0129,RENTAL_ACCRUAL,16,445,2026-08-22T15:45:00+08:00
896149cc-c692-48fb-9dec-b959227d130b,M-1388,SESS-20260822-6158-0130,RENTAL_ACCRUAL,14,405,2026-08-22T08:45:00+08:00
de2d5b65-6907-4c92-a289-48a6e001a7c5,M-1588,SESS-20260822-6726-0131,RENTAL_ACCRUAL,30,1633,2026-08-23T00:10:00+08:00
d45024b3-2701-4175-a2f4-8821954e1867,M-1474,SESS-20260822-7292-0132,RENTAL_REDEMPTION,-100,18,2026-08-22T20:00:00+08:00
9caf1a07-944e-4ec2-aa4a-7e4d831675c9,M-1474,SESS-20260822-7292-0132,RENTAL_ACCRUAL,21,39,2026-08-23T01:00:00+08:00
05e80cad-cb8b-4920-8a15-dc1ac75bf0e3,M-1042,SESS-20260822-9254-0133,RENTAL_ACCRUAL,28,108,2026-08-23T04:55:00+08:00
4ae718b3-6e01-403e-b32b-b7b880b6d98a,M-1793,SESS-20260822-4964-0134,RENTAL_ACCRUAL,12,1267,2026-08-22T21:40:00+08:00
246127ca-5e2c-455e-80c8-d0a69ad09766,M-1680,SESS-20260822-1367-0135,RENTAL_ACCRUAL,14,438,2026-08-22T22:20:00+08:00
82c8cfaa-53c4-445e-8032-2cfbcfa2f636,M-1205,SESS-20260822-7839-0136,RENTAL_ACCRUAL,72,1106,2026-08-23T03:30:00+08:00
d3a1f927-71e5-4b6b-a459-f1b24440cf2a,M-1153,SESS-20260822-7784-0137,RENTAL_ACCRUAL,18,439,2026-08-23T01:15:00+08:00
42eea939-e7d0-48aa-8baa-7eb45b326ca7,M-1049,SESS-20260822-3787-0138,RENTAL_REDEMPTION,-100,13,2026-08-22T14:30:00+08:00
2ab8a825-920e-40b0-8c7e-e179e293681b,M-1049,SESS-20260822-3787-0138,RENTAL_ACCRUAL,10,23,2026-08-22T17:30:00+08:00
69377385-1d55-4578-b95f-28585de0647d,M-1546,SESS-20260822-1284-0139,RENTAL_ACCRUAL,5,66,2026-08-22T19:00:00+08:00
2cdc58b5-8358-4c16-970f-2ae5ff925fd1,M-1016,SESS-20260822-9151-0140,RENTAL_ACCRUAL,11,172,2026-08-22T15:45:00+08:00
0fc114cd-ccb2-4cda-9c6a-1aeb7e69485d,M-1383,SESS-20260822-4425-0141,RENTAL_ACCRUAL,5,470,2026-08-22T12:45:00+08:00
e71bb849-3b7c-4004-bc7a-862e7cc4e7c6,M-1250,SESS-20260822-2457-0142,RENTAL_ACCRUAL,11,83,2026-08-22T18:45:00+08:00
629fb4e1-ea05-4ae4-b148-0a4613765a20,M-1878,SESS-20260822-8798-0143,RENTAL_ACCRUAL,18,126,2026-08-22T23:35:00+08:00
38a2cf5b-1788-4b40-a8f4-453543c6c2ee,M-1127,SESS-20260822-1420-0144,RENTAL_ACCRUAL,5,166,2026-08-22T19:15:00+08:00
8de33d65-4286-4960-836d-d85a48a9adf6,M-1193,SESS-20260822-4497-0145,RENTAL_ACCRUAL,28,89,2026-08-23T03:45:00+08:00
d4c9965c-aea3-4857-a350-a1f825887e6f,M-1100,SESS-20260822-3047-0146,RENTAL_ACCRUAL,19,79,2026-08-22T19:30:00+08:00
c779994b-de6a-4a0f-887d-f7bfd5e38d52,M-2135,SESS-20260822-9385-0147,RENTAL_ACCRUAL,8,51,2026-08-22T20:00:00+08:00
bef18626-a8d7-4337-86a7-54bcbcec2d13,M-1187,SESS-20260822-7552-0148,RENTAL_ACCRUAL,67,583,2026-08-22T13:45:00+08:00
3367aaf5-b2d6-48e6-8dc5-2ea44d07d680,M-1599,SESS-20260822-2493-0149,RENTAL_ACCRUAL,18,549,2026-08-22T22:45:00+08:00
df31f20b-b6e5-45d2-94bd-f90b01dcc317,M-1080,SESS-20260822-2196-0150,RENTAL_ACCRUAL,43,436,2026-08-22T16:00:00+08:00
35f3634d-ded4-4bd6-a1e9-0d1035d2dbc2,M-2181,SESS-20260822-1543-0151,RENTAL_ACCRUAL,24,107,2026-08-22T21:45:00+08:00
d0fbc79c-7fd1-4e8f-8b60-b2988f14d8d9,M-1968,SESS-20260822-4298-0152,RENTAL_ACCRUAL,45,264,2026-08-22T23:45:00+08:00
b78bf9e6-8e59-491e-8f7c-89eab9ed52c7,M-1816,SESS-20260822-3230-0153,RENTAL_ACCRUAL,16,167,2026-08-22T22:15:00+08:00
94522678-53cb-4a44-995f-18c454047c3e,M-1405,SESS-20260822-8324-0154,RENTAL_ACCRUAL,27,216,2026-08-22T17:30:00+08:00
42e8cef1-326f-4d1e-bf1d-9e64540b5c1a,M-1361,SESS-20260822-9414-0155,RENTAL_ACCRUAL,18,335,2026-08-23T01:30:00+08:00
5e3ae691-29c9-4d14-ba87-651f4bd63ee5,M-1511,SESS-20260822-4431-0156,RENTAL_ACCRUAL,6,371,2026-08-22T06:45:00+08:00
f479ba67-83b7-44ce-931b-aee5a903b81d,M-1165,SESS-20260822-1867-0157,RENTAL_ACCRUAL,18,141,2026-08-23T01:00:00+08:00
4831eae0-1b16-495c-8443-146bcd12e93c,M-1525,SESS-20260822-7350-0158,RENTAL_ACCRUAL,48,574,2026-08-23T06:40:00+08:00
fbe6a97e-9f9d-4e70-9588-9f91ee8977c9,M-1014,SESS-20260822-6932-0159,RENTAL_ACCRUAL,18,131,2026-08-22T20:00:00+08:00
121633cb-0426-4aaf-b2a8-25ad9ac17b95,M-1991,SESS-20260822-8392-0160,RENTAL_ACCRUAL,24,176,2026-08-22T21:35:00+08:00
b250bb99-8c46-4edf-9981-16ec25a7945c,M-1965,SESS-20260822-1889-0161,RENTAL_ACCRUAL,5,274,2026-08-22T16:15:00+08:00
8e8203c0-1c19-4da7-99d9-ae6bdff76234,M-1476,SESS-20260822-6503-0162,RENTAL_ACCRUAL,18,217,2026-08-22T18:00:00+08:00
9e4182f0-f8bc-48b0-ade7-449d0e30ff1b,M-2104,SESS-20260822-2384-0163,RENTAL_ACCRUAL,40,96,2026-08-23T04:05:00+08:00
c7e76ab1-f6b0-4e34-ab76-3d47086d19d4,M-2079,SESS-20260822-1306-0164,RENTAL_ACCRUAL,16,85,2026-08-23T02:20:00+08:00
e6acc736-b2e6-4396-bb03-e6f7889dc16f,M-1024,SESS-20260822-4904-0165,RENTAL_ACCRUAL,11,225,2026-08-22T17:30:00+08:00
c5b36c1f-a100-4956-ae2a-c7a7549e4f60,M-1393,SESS-20260822-4515-0166,RENTAL_ACCRUAL,16,152,2026-08-22T17:15:00+08:00
192ea555-4206-40bf-b1b6-39b739982a88,M-1020,SESS-20260822-2311-0167,RENTAL_ACCRUAL,9,299,2026-08-22T18:15:00+08:00
5c5c2b52-e84b-44ef-9127-f0acb9e9eb8f,M-2099,SESS-20260822-9672-0168,RENTAL_ACCRUAL,27,411,2026-08-22T17:35:00+08:00
1d725e68-214e-4593-9138-cb88583df0a4,M-2039,SESS-20260822-2098-0169,RENTAL_ACCRUAL,24,96,2026-08-23T00:15:00+08:00
69f0707b-9dd2-4904-ad9a-3c094b2f0c10,M-1642,SESS-20260822-5853-0170,RENTAL_ACCRUAL,30,199,2026-08-23T03:30:00+08:00
a889635a-052b-4e71-b93c-e253ef906862,M-1151,SESS-20260822-1063-0171,RENTAL_REDEMPTION,-100,60,2026-08-22T18:30:00+08:00
5f080052-e679-4bcb-967e-a0960e1c7dfb,M-1151,SESS-20260822-1063-0171,RENTAL_ACCRUAL,21,81,2026-08-22T23:30:00+08:00
d8e2f6a7-45fa-43e5-bea2-69633c11d41b,M-1721,SESS-20260822-8274-0172,RENTAL_REDEMPTION,-100,525,2026-08-22T19:05:00+08:00
74102152-b25d-48ed-853d-c9a234d7a1f9,M-1721,SESS-20260822-8274-0172,RENTAL_ACCRUAL,5,530,2026-08-22T21:05:00+08:00
e34b32e7-7221-4713-b39a-c5afeb7559fc,M-1395,SESS-20260822-9553-0173,RENTAL_ACCRUAL,16,117,2026-08-22T14:45:00+08:00
f5765f66-bd4d-42d6-9772-ecf0a8a447c7,M-1034,SESS-20260822-9537-0174,RENTAL_ACCRUAL,5,389,2026-08-23T00:00:00+08:00
919fa188-94c5-417d-9889-367a389d581a,M-1681,SESS-20260822-1211-0175,RENTAL_ACCRUAL,9,53,2026-08-22T19:45:00+08:00
42876962-817e-4cc5-bb43-4c74205580ae,M-1947,SESS-20260822-8889-0176,RENTAL_ACCRUAL,11,273,2026-08-22T19:40:00+08:00
5454369c-7e86-4b27-8bfb-4b9b53b9b12a,M-1622,SESS-20260822-6006-0177,RENTAL_ACCRUAL,16,96,2026-08-23T00:15:00+08:00
16ddbe4b-48eb-4ffd-85eb-43103bd55134,M-1858,SESS-20260822-4314-0178,RENTAL_ACCRUAL,5,73,2026-08-22T20:45:00+08:00
db175d89-930a-4dad-9e89-a3da6240e4be,M-1078,SESS-20260822-3782-0179,RENTAL_ACCRUAL,115,525,2026-08-23T06:25:00+08:00
999d9a61-1c6b-4cb2-bee7-b60424231999,M-2038,SESS-20260822-1632-0180,RENTAL_ACCRUAL,45,212,2026-08-23T03:50:00+08:00
5acb6ee3-019e-44b5-9dc3-814fbc1cd962,M-1481,SESS-20260822-4777-0181,RENTAL_ACCRUAL,18,366,2026-08-22T20:15:00+08:00
39326e42-b7bb-463c-a0c7-208a956e544e,M-1984,SESS-20260822-2332-0182,RENTAL_REDEMPTION,-100,57,2026-08-22T22:15:00+08:00
b2848059-1b65-49f7-8f4a-fd99a094f974,M-1984,SESS-20260822-2332-0182,RENTAL_ACCRUAL,38,95,2026-08-23T06:15:00+08:00
a3a5d5b0-2dc4-4ed1-ac44-2f9ca071e855,M-1657,SESS-20260822-8629-0183,RENTAL_ACCRUAL,40,708,2026-08-23T00:30:00+08:00
77d54516-a4d5-40e5-a050-50694cab9f27,M-1033,SESS-20260822-5190-0184,RENTAL_ACCRUAL,16,355,2026-08-22T21:30:00+08:00
e9573817-1ef2-4f72-aa1d-c6a7bf0f87e6,M-1996,SESS-20260822-2383-0185,RENTAL_ACCRUAL,25,46,2026-08-23T03:30:00+08:00
1a05c329-b1df-40b2-8c91-4f8220fb471b,M-2194,SESS-20260822-5191-0186,RENTAL_ACCRUAL,15,215,2026-08-23T01:50:00+08:00
7489e836-a1a8-4377-bd5d-e43a69e19497,M-1696,SESS-20260822-4494-0187,RENTAL_REDEMPTION,-200,525,2026-08-22T03:30:00+08:00
bee6129a-ae67-4fdb-8e0f-8c6d4c6ac636,M-1696,SESS-20260822-4494-0187,RENTAL_ACCRUAL,4,529,2026-08-22T05:30:00+08:00
ccc610dd-8a72-4cfe-941d-ffcf5528e55a,M-1765,SESS-20260822-9904-0188,RENTAL_ACCRUAL,19,846,2026-08-22T20:30:00+08:00
0f105a48-86cf-4418-b1bf-41f936780674,M-1911,SESS-20260822-4208-0189,RENTAL_ACCRUAL,5,180,2026-08-22T20:15:00+08:00
88c482b5-e470-4d4e-8597-da28fb96f17c,M-1510,SESS-20260822-8282-0190,RENTAL_ACCRUAL,12,425,2026-08-22T22:20:00+08:00
849c7589-8b2f-4139-bef5-1c8f53d2cc89,M-1722,SESS-20260822-5893-0191,RENTAL_ACCRUAL,28,770,2026-08-23T01:30:00+08:00
72df4125-c7d6-4b9b-bd28-5af9816b7cf2,M-1580,SESS-20260822-4588-0192,RENTAL_ACCRUAL,30,1164,2026-08-22T22:45:00+08:00
f83e4407-0d41-48c7-8f94-4f9a6d32d513,M-1276,SESS-20260822-1243-0193,RENTAL_ACCRUAL,43,548,2026-08-23T00:50:00+08:00
298aefd3-8183-41f6-b350-dc2292e5c06d,M-1475,SESS-20260822-8372-0194,RENTAL_ACCRUAL,30,1006,2026-08-22T23:45:00+08:00
71127de2-4082-42f5-9c10-02c560ed5c8b,M-1241,SESS-20260822-7476-0195,RENTAL_ACCRUAL,9,197,2026-08-22T21:20:00+08:00
b9c293a8-5a19-4862-a08c-b3ed0dc8d2b7,M-1202,SESS-20260822-1226-0196,RENTAL_ACCRUAL,18,1912,2026-08-23T02:55:00+08:00
74790c0d-8487-4ff7-b6e5-d7fc856fe255,M-2189,SESS-20260822-7471-0197,RENTAL_ACCRUAL,24,220,2026-08-22T23:50:00+08:00
4dca21c2-9231-4a77-97b4-9d10cdb4dad4,M-2044,SESS-20260822-9903-0198,RENTAL_ACCRUAL,11,501,2026-08-23T00:30:00+08:00
20cde3e9-cf9e-4f67-9edc-66fccbd24129,M-1715,SESS-20260822-9629-0199,RENTAL_REDEMPTION,-200,149,2026-08-22T22:35:00+08:00
bb51a665-2764-4458-861c-1e9a459e2681,M-1715,SESS-20260822-9629-0199,RENTAL_ACCRUAL,28,177,2026-08-23T01:35:00+08:00
df175926-08b2-42a4-8354-ef41eaa41a46,M-1339,SESS-20260822-2067-0200,RENTAL_ACCRUAL,11,198,2026-08-22T22:10:00+08:00
36cd2bd3-527a-42d4-8324-7765649746e0,M-1548,SESS-20260822-9835-0201,RENTAL_ACCRUAL,18,423,2026-08-22T23:00:00+08:00
964757ff-b354-4fb6-9ed4-2697c8c54751,M-1825,SESS-20260822-4388-0202,RENTAL_ACCRUAL,18,252,2026-08-23T01:20:00+08:00
b432bb3f-ea7d-4335-9662-e8d8bc9069ad,M-1600,SESS-20260822-1149-0203,RENTAL_REDEMPTION,-100,41,2026-08-22T20:15:00+08:00
939cbae5-e909-4dd1-8007-de52278df959,M-1600,SESS-20260822-1149-0203,RENTAL_ACCRUAL,5,46,2026-08-22T22:15:00+08:00
4e8db324-437b-46f8-b986-607fb89dd215,M-1808,SESS-20260822-2469-0204,RENTAL_ACCRUAL,12,2199,2026-08-22T23:35:00+08:00
5e77e087-250e-4fec-b258-85d07d2e7806,M-2163,SESS-20260822-1711-0205,RENTAL_ACCRUAL,11,309,2026-08-23T01:55:00+08:00
df3557a3-4f32-4fc0-8f61-a93554082a9c,M-1965,SESS-20260822-3112-0206,RENTAL_ACCRUAL,5,279,2026-08-22T23:20:00+08:00
19175c1a-2b58-4b01-8b42-20e16e579091,M-2126,SESS-20260822-3358-0207,RENTAL_ACCRUAL,11,316,2026-08-22T15:30:00+08:00
ec2120a8-93dc-4995-a411-33d6260efad1,M-2029,SESS-20260822-5056-0208,RENTAL_ACCRUAL,36,115,2026-08-22T22:45:00+08:00
ef0aab01-b170-4b00-95c2-c6e9e70fc89d,M-1790,SESS-20260822-2064-0209,RENTAL_ACCRUAL,11,284,2026-08-22T06:00:00+08:00
424a7a52-520f-4383-87a8-29c4e0d84353,M-1246,SESS-20260822-3114-0210,RENTAL_ACCRUAL,19,506,2026-08-23T01:40:00+08:00
c6926bce-f8db-44aa-85f2-bf7d623e67e2,M-1606,SESS-20260822-3257-0211,RENTAL_ACCRUAL,6,410,2026-08-22T23:50:00+08:00
4f71e2f2-d4dd-48b6-bc25-c49673245ca2,M-1197,SESS-20260822-7801-0212,RENTAL_ACCRUAL,5,324,2026-08-22T16:00:00+08:00
3a02f7f0-52e9-4623-9994-4fe673beb55d,M-1306,SESS-20260822-1153-0213,RENTAL_ACCRUAL,9,135,2026-08-22T16:00:00+08:00
031ff1b8-887f-4c67-9b70-701282fde922,M-1886,SESS-20260822-6754-0214,RENTAL_ACCRUAL,18,223,2026-08-23T00:15:00+08:00
55b5c98c-defe-4d1a-aff7-7a4a6257eba6,M-1766,SESS-20260822-1794-0215,RENTAL_REDEMPTION,-200,566,2026-08-22T06:15:00+08:00
ef17b1f1-2c04-4f51-94cd-62f2b0239f74,M-1766,SESS-20260822-1794-0215,RENTAL_ACCRUAL,3,569,2026-08-22T09:15:00+08:00
3a1d4082-c018-4c18-8346-e6db1c9e8de8,M-1489,SESS-20260822-6924-0216,RENTAL_ACCRUAL,11,670,2026-08-22T19:00:00+08:00
112b3519-eb7f-4e69-b2b2-78d7d612698c,M-1444,SESS-20260822-1241-0217,RENTAL_ACCRUAL,28,3283,2026-08-23T01:30:00+08:00
93650e6e-5b89-430d-8288-f62f5468f915,M-1760,SESS-20260822-2038-0218,RENTAL_ACCRUAL,16,611,2026-08-22T23:20:00+08:00
e0abeb44-0081-4e2f-b367-1280a1b5f104,M-1011,SESS-20260822-8195-0219,RENTAL_ACCRUAL,6,964,2026-08-22T20:45:00+08:00
4e3b841f-ccf2-468b-beef-81d7ad4cf1bb,M-1480,SESS-20260822-2535-0220,RENTAL_ACCRUAL,18,479,2026-08-22T21:40:00+08:00
7040ee6d-332c-4e27-8308-f83268853071,M-1055,SESS-20260822-6292-0221,RENTAL_ACCRUAL,11,448,2026-08-22T23:00:00+08:00
d67fccee-2ea4-45b1-949c-2eaf67ccf4cf,M-1720,SESS-20260822-4791-0222,RENTAL_ACCRUAL,9,472,2026-08-22T18:45:00+08:00
6c9b75bc-bc3f-48ae-b022-d0151119c6ec,M-1049,SESS-20260822-3882-0223,RENTAL_ACCRUAL,11,34,2026-08-23T00:25:00+08:00
5b5be8a0-9c56-4cc7-b6b4-807398a89b7c,M-2053,SESS-20260822-1197-0224,RENTAL_ACCRUAL,40,406,2026-08-23T00:30:00+08:00
3910dd3d-c29c-484f-a95f-2194aa48014e,M-1283,SESS-20260822-9382-0225,RENTAL_ACCRUAL,9,137,2026-08-22T19:25:00+08:00
219e91dc-a4ad-42e8-98b5-df0359dd264b,M-1879,SESS-20260822-5512-0226,RENTAL_ACCRUAL,24,99,2026-08-23T00:00:00+08:00
b1058c39-ffc1-4552-a95c-3b919d984ce0,M-1274,SESS-20260822-8836-0227,RENTAL_ACCRUAL,11,591,2026-08-23T01:35:00+08:00
93c942e6-28e1-4844-9798-2452385dda78,M-1559,SESS-20260822-7873-0228,RENTAL_ACCRUAL,67,275,2026-08-22T22:30:00+08:00
1b15bd0b-a9be-4f62-a6e1-0ea5b605e083,M-2108,SESS-20260822-8770-0229,RENTAL_ACCRUAL,16,131,2026-08-23T00:15:00+08:00
faac3f1d-1489-4cd3-af7c-91bfd92c3c74,M-1524,SESS-20260822-7736-0230,RENTAL_REDEMPTION,-100,118,2026-08-22T22:15:00+08:00
1cba3d58-ff10-49c1-8bf1-755d37b8f1e4,M-1524,SESS-20260822-7736-0230,RENTAL_ACCRUAL,5,123,2026-08-23T00:15:00+08:00
bdd87837-246a-4733-9de6-cb5409f2ffee,M-1530,SESS-20260822-5882-0231,RENTAL_ACCRUAL,19,146,2026-08-22T22:40:00+08:00
20716ba8-64ce-4af3-bcda-d372c9cc3be4,M-1310,SESS-20260822-1314-0232,RENTAL_ACCRUAL,5,347,2026-08-23T00:50:00+08:00
38e8775c-853d-4782-ac63-abed91113dda,M-1624,SESS-20260822-2266-0233,RENTAL_ACCRUAL,12,348,2026-08-22T20:30:00+08:00
7fc9c2f1-7935-49ce-a325-435458192def,M-1293,SESS-20260822-7059-0234,RENTAL_ACCRUAL,28,92,2026-08-22T19:25:00+08:00
b386945a-37bb-4fe0-be3d-e02e17f0d825,M-1558,SESS-20260822-2657-0235,RENTAL_ACCRUAL,16,318,2026-08-23T02:55:00+08:00
e14c9e1c-e29e-46ee-a72f-8548dd4027b4,M-1993,SESS-20260822-6588-0236,RENTAL_REDEMPTION,-200,64,2026-08-22T14:15:00+08:00
5742d825-ab92-45c6-b5cb-71705d1b033a,M-1993,SESS-20260822-6588-0236,RENTAL_ACCRUAL,4,68,2026-08-22T17:15:00+08:00
537196f3-20db-4604-9f78-15936fbfb12f,M-1574,SESS-20260822-1595-0237,RENTAL_ACCRUAL,11,212,2026-08-23T01:25:00+08:00
0ff4e17f-e59f-4376-b000-e0e7e47e4bed,M-2046,SESS-20260822-5910-0238,RENTAL_ACCRUAL,24,87,2026-08-23T00:45:00+08:00
5219bde0-1056-4b18-b1b2-24724d04a037,M-1360,SESS-20260822-6105-0239,RENTAL_REDEMPTION,-200,188,2026-08-22T21:45:00+08:00
5619faa3-633b-40f0-a196-18eb44891e24,M-1360,SESS-20260822-6105-0239,RENTAL_ACCRUAL,4,192,2026-08-23T00:45:00+08:00
a645c711-3483-4e03-a975-5177496e5936,M-1618,SESS-20260822-5582-0240,RENTAL_ACCRUAL,11,182,2026-08-23T00:00:00+08:00
bf8919f3-8425-4d7a-84af-26e6c303ae34,M-2118,SESS-20260822-9317-0241,RENTAL_REDEMPTION,-100,75,2026-08-22T22:55:00+08:00
eb3acc8a-7ef3-4f81-8d74-d3c9e0b281b1,M-2118,SESS-20260822-9317-0241,RENTAL_ACCRUAL,35,110,2026-08-23T03:55:00+08:00
0a12d5e7-df49-4059-82a9-0f86dc8771cc,M-1966,SESS-20260822-3398-0242,RENTAL_ACCRUAL,40,166,2026-08-22T18:30:00+08:00
0b47587d-30ab-4dd2-8747-4ba97912a8fd,M-1492,SESS-20260822-2659-0243,RENTAL_REDEMPTION,-300,211,2026-08-22T17:15:00+08:00
44ac3ec7-ba5d-480f-a425-d7eacf9046c6,M-1492,SESS-20260822-2659-0243,RENTAL_ACCRUAL,25,236,2026-08-23T01:15:00+08:00
7d74be13-aee3-4168-b78d-ce9729542d85,M-1484,SESS-20260822-3790-0244,RENTAL_ACCRUAL,27,470,2026-08-22T22:10:00+08:00
76860447-a5e3-40e2-b33d-c4a8e05e60f3,M-2094,SESS-20260822-2274-0245,RENTAL_ACCRUAL,96,322,2026-08-23T06:35:00+08:00
0e134e9b-6399-4507-a978-3e420cb0fa24,M-2094,TIER_UPGRADE_Standard_TO_Silver,TIER_BONUS,50,372,2026-08-23T06:35:00+08:00
8ea8c4a6-96ec-4e44-bef8-d85cc21b4c79,M-1520,SESS-20260822-6953-0246,RENTAL_ACCRUAL,6,1067,2026-08-22T20:30:00+08:00
b8526db4-3dc4-4834-a743-cdd5cd9cbd73,M-1845,SESS-20260822-5626-0247,RENTAL_ACCRUAL,16,221,2026-08-23T00:00:00+08:00
2aa45c43-13c2-4322-bfbc-6f07d3184fe6,M-2183,SESS-20260822-6880-0248,RENTAL_ACCRUAL,40,81,2026-08-22T23:00:00+08:00
859f401b-0573-469b-82fe-659fbbd565d4,M-1719,SESS-20260822-7982-0249,RENTAL_ACCRUAL,76,399,2026-08-23T01:30:00+08:00
6631a8e7-7015-4e50-9f20-f4c6612a0c9d,M-1214,SESS-20260822-7368-0250,RENTAL_ACCRUAL,28,136,2026-08-22T15:30:00+08:00
41a264b6-4e40-4937-901e-bbbb7ee91875,M-1587,SESS-20260822-2476-0251,RENTAL_ACCRUAL,19,1106,2026-08-22T22:05:00+08:00
7027801b-3a38-4374-b141-5c753af83c9d,M-1416,SESS-20260822-8634-0252,RENTAL_ACCRUAL,18,2603,2026-08-22T23:45:00+08:00
2e29d3bd-049f-4c7f-8184-2b18094e9635,M-2034,SESS-20260822-2883-0253,RENTAL_ACCRUAL,9,146,2026-08-22T21:30:00+08:00
a7e418bb-89fb-4fd3-b8ff-807b0f6eb456,M-1336,SESS-20260822-5537-0254,RENTAL_ACCRUAL,12,613,2026-08-22T18:45:00+08:00
0fda4b90-11e6-451d-89f1-6d15d911df37,M-1147,SESS-20260822-5227-0255,RENTAL_REDEMPTION,-200,28,2026-08-22T21:50:00+08:00
9a7cb2e1-7628-42c3-942f-2c638e205302,M-1147,SESS-20260822-5227-0255,RENTAL_ACCRUAL,32,60,2026-08-23T05:50:00+08:00
038f059f-ece1-4858-a386-d1edff2610d4,M-2021,SESS-20260822-1125-0256,RENTAL_ACCRUAL,40,155,2026-08-22T21:10:00+08:00
ac7e6824-4779-4306-8c8f-3945ade1ac4c,M-1802,SESS-20260822-8144-0257,RENTAL_ACCRUAL,28,147,2026-08-23T03:45:00+08:00
0d4f4da2-8bcf-4642-a62d-4e3200396b6f,M-1802,TIER_UPGRADE_Silver_TO_Gold,TIER_BONUS,100,247,2026-08-23T03:45:00+08:00
46b630e6-c52b-45b5-84d5-4b1bf793b568,M-1412,SESS-20260822-7475-0258,RENTAL_ACCRUAL,45,544,2026-08-23T05:45:00+08:00
0dc10bfc-a2d7-4c4e-a603-5564977bdd4c,M-2091,SESS-20260822-8329-0259,RENTAL_REDEMPTION,-100,78,2026-08-22T17:25:00+08:00
7138ff63-8a07-436f-8d68-530fd320fa41,M-2091,SESS-20260822-8329-0259,RENTAL_ACCRUAL,5,83,2026-08-22T19:25:00+08:00
98376207-42ab-4622-81bc-0c3da8c65540,M-2022,SESS-20260822-3500-0260,RENTAL_ACCRUAL,10,146,2026-08-22T23:45:00+08:00
cae1df33-b215-4117-b47c-754d8ca1ef4f,M-1508,SESS-20260822-5269-0261,RENTAL_ACCRUAL,18,507,2026-08-23T00:45:00+08:00
0519f642-8dd4-4ac2-923a-2e77c71de120,M-1567,SESS-20260822-9351-0262,RENTAL_ACCRUAL,27,154,2026-08-23T00:35:00+08:00
849c470c-1d21-44e5-8811-df6ae5a8b3c7,M-1404,SESS-20260822-9621-0263,RENTAL_ACCRUAL,5,316,2026-08-22T22:15:00+08:00
0baa14d4-79e2-4146-a66b-25de7358a72a,M-1913,SESS-20260822-1651-0264,RENTAL_ACCRUAL,11,87,2026-08-23T01:50:00+08:00
6461dd1f-4321-43c8-b337-0440ecfd6200,M-1112,SESS-20260822-1636-0265,RENTAL_ACCRUAL,6,1443,2026-08-22T05:00:00+08:00
bcfe6050-f513-46d3-aa08-2652382ffa27,M-1998,SESS-20260822-5020-0266,RENTAL_ACCRUAL,11,148,2026-08-22T17:15:00+08:00
b9134033-a47e-4cb5-9702-01ab0d1efff7,M-1454,SESS-20260822-7472-0267,RENTAL_ACCRUAL,19,1804,2026-08-23T01:10:00+08:00
cb508d48-1d2c-404d-8ecc-1e5ae79fe20e,M-1536,SESS-20260822-3806-0268,RENTAL_ACCRUAL,27,421,2026-08-23T02:40:00+08:00
0710f7a3-6632-4aa1-b1ad-436bc51bf3d1,M-1696,SESS-20260822-3812-0269,RENTAL_ACCRUAL,9,538,2026-08-22T21:45:00+08:00
b45a0983-cc48-4f17-a0cd-8f02dbcd6397,M-1519,SESS-20260822-2732-0270,RENTAL_ACCRUAL,11,496,2026-08-22T21:15:00+08:00
7bf8b687-3b96-4a98-8792-b7abe3dc0bef,M-1451,SESS-20260822-6384-0271,RENTAL_ACCRUAL,28,452,2026-08-22T21:45:00+08:00
4a29aca0-41b5-466c-83b3-049d232c5f99,M-1324,SESS-20260822-6738-0272,RENTAL_REDEMPTION,-100,39,2026-08-22T17:30:00+08:00
0f41d335-5632-4825-829c-9590fab84533,M-1324,SESS-20260822-6738-0272,RENTAL_ACCRUAL,5,44,2026-08-22T19:30:00+08:00
5a0e5807-1460-44ac-b2be-e6e007133b57,M-1960,SESS-20260822-3937-0273,RENTAL_ACCRUAL,25,339,2026-08-22T20:30:00+08:00
a0dd721c-fc2d-449c-9ad8-e2a9a74abc83,M-1960,TIER_UPGRADE_Standard_TO_Silver,TIER_BONUS,50,389,2026-08-22T20:30:00+08:00
ca3f3345-ba13-42b6-a440-65c1910df928,M-1521,SESS-20260822-5926-0274,RENTAL_ACCRUAL,6,641,2026-08-22T16:00:00+08:00
f8285eca-5323-4043-9703-b01a52257b2a,M-1501,SESS-20260822-3207-0275,RENTAL_ACCRUAL,11,84,2026-08-22T15:15:00+08:00
a138385b-838b-4ef7-bc7c-4e0659d32a1a,M-1854,SESS-20260822-9387-0276,RENTAL_REDEMPTION,-100,251,2026-08-22T18:15:00+08:00
53fe6ba5-18d6-4547-ba84-d285934aae40,M-1854,SESS-20260822-9387-0276,RENTAL_ACCRUAL,5,256,2026-08-22T20:15:00+08:00
62c4f097-b91d-487c-8199-ff734af604a2,M-1498,SESS-20260822-6557-0277,RENTAL_ACCRUAL,28,349,2026-08-23T01:10:00+08:00
f50b2475-e3a2-4df0-a4ac-3f7e72b131ef,M-1126,SESS-20260822-9615-0278,RENTAL_ACCRUAL,11,357,2026-08-22T20:15:00+08:00
842d4d14-4953-4bb7-b07a-e385c6f27c13,M-1810,SESS-20260822-4379-0279,RENTAL_ACCRUAL,30,351,2026-08-23T02:15:00+08:00
1889d42d-18b9-41c8-b3bd-7ba2d0ce2657,M-1031,SESS-20260822-1334-0280,RENTAL_ACCRUAL,12,1505,2026-08-23T00:15:00+08:00
96eb9df1-0846-45aa-afd3-8da8fd92f905,M-1891,SESS-20260822-2791-0281,RENTAL_ACCRUAL,45,324,2026-08-23T01:20:00+08:00
33b0d843-9196-4023-84ea-05cef116895b,M-1955,SESS-20260822-6888-0282,RENTAL_REDEMPTION,-100,14,2026-08-22T21:30:00+08:00
edf9e769-0e21-4701-b129-a09d6bcf8081,M-1955,SESS-20260822-6888-0282,RENTAL_ACCRUAL,11,25,2026-08-22T23:30:00+08:00
675227cc-ae2c-4484-a8da-59a18e29fde1,M-2127,SESS-20260822-7613-0283,RENTAL_ACCRUAL,10,95,2026-08-22T22:45:00+08:00
f7a291a5-c8d1-48b0-a614-b050026c81d8,M-1123,SESS-20260822-7967-0284,RENTAL_ACCRUAL,16,166,2026-08-22T11:30:00+08:00
b657a3b3-78d2-45f6-b7e3-244e474730cb,M-1209,SESS-20260822-2540-0285,RENTAL_REDEMPTION,-100,353,2026-08-22T23:40:00+08:00
f9cfa452-99b9-498a-a1ae-3ef2d7c8b329,M-1209,SESS-20260822-2540-0285,RENTAL_ACCRUAL,40,393,2026-08-23T04:40:00+08:00
ce458961-a707-40a0-907f-ab009cb2ce6c,M-2110,SESS-20260822-3110-0286,RENTAL_ACCRUAL,9,454,2026-08-22T22:45:00+08:00
e7d54c28-5d6a-4aa6-ae65-514c83133f80,M-1681,SESS-20260822-7598-0287,RENTAL_ACCRUAL,28,81,2026-08-23T04:30:00+08:00
3daa6595-39ee-4a00-9baa-255b22a942c6,M-1944,SESS-20260822-6203-0288,RENTAL_ACCRUAL,11,93,2026-08-23T00:30:00+08:00
50d069a3-8013-4b9b-8d2b-99dd5868cc39,M-1581,SESS-20260822-6491-0289,RENTAL_ACCRUAL,28,188,2026-08-23T01:50:00+08:00
2a566dda-0561-47f2-b94d-9d1516b39b21,M-1890,SESS-20260822-5900-0290,RENTAL_ACCRUAL,24,25,2026-08-23T01:00:00+08:00
e3ea2365-3100-451d-af49-666ef3e1c1f2,M-1742,SESS-20260822-2376-0291,RENTAL_ACCRUAL,16,183,2026-08-22T16:00:00+08:00
d301036c-1f0d-4533-81d8-85faaf0e4d9e,M-1973,SESS-20260822-3812-0292,RENTAL_ACCRUAL,5,212,2026-08-22T23:30:00+08:00
230a1908-77c1-4ddd-8895-795a2ef91d21,M-2136,SESS-20260822-5113-0293,RENTAL_ACCRUAL,40,89,2026-08-23T02:40:00+08:00
c6e24e0a-80d4-4cda-a3b1-362bfeda5d28,M-2050,SESS-20260822-1340-0294,RENTAL_ACCRUAL,27,286,2026-08-22T19:45:00+08:00
068d08fa-3c68-44c1-98e1-acde3955dd34,M-2179,SESS-20260822-4142-0295,RENTAL_ACCRUAL,15,238,2026-08-22T23:25:00+08:00
140e4488-a4e2-4d8d-9f11-dd8b28bf3d33,M-1170,SESS-20260822-6073-0296,RENTAL_REDEMPTION,-100,16,2026-08-22T18:50:00+08:00
0d7658d9-ac4e-49b3-a916-dc9240245c7f,M-1170,SESS-20260822-6073-0296,RENTAL_ACCRUAL,20,36,2026-08-22T20:50:00+08:00
dde8dc17-ea60-4ef1-822d-adae45ac1bb8,M-1820,SESS-20260822-5761-0297,RENTAL_REDEMPTION,-100,499,2026-08-22T23:00:00+08:00
8f447b02-4a2e-43f8-8156-eb660b61f421,M-1820,SESS-20260822-5761-0297,RENTAL_ACCRUAL,4,503,2026-08-23T01:00:00+08:00
cfe463ad-551b-4e17-b4de-aee472a57d9d,M-1481,SESS-20260822-5254-0298,RENTAL_ACCRUAL,16,382,2026-08-23T01:15:00+08:00
4a3b5aa0-ce01-4514-8ad9-c36f7b5b2591,M-1345,SESS-20260822-1599-0299,RENTAL_ACCRUAL,18,715,2026-08-22T16:45:00+08:00
ddc524c2-8561-47e7-9a0d-f4e07c74d450,M-1976,SESS-20260822-3585-0300,RENTAL_REDEMPTION,-100,74,2026-08-22T02:45:00+08:00
88963fa5-d8d0-4756-9f1d-5e6814e1d3aa,M-1976,SESS-20260822-3585-0300,RENTAL_ACCRUAL,11,85,2026-08-22T04:45:00+08:00
277dedd5-b446-4c0b-b2eb-81361e9bd993,M-1503,SESS-20260822-3067-0301,RENTAL_ACCRUAL,11,1007,2026-08-23T01:55:00+08:00
5f5592c8-69ac-415e-b880-287a383a5640,M-1949,SESS-20260822-1963-0302,RENTAL_ACCRUAL,16,207,2026-08-22T18:45:00+08:00
0171e4f0-0a92-4106-a726-5ab2662af7cd,M-1639,SESS-20260822-3844-0303,RENTAL_ACCRUAL,16,468,2026-08-22T21:00:00+08:00
164e097e-f73c-479d-a2ca-495f6a4d4917,M-1378,SESS-20260822-3366-0304,RENTAL_ACCRUAL,11,227,2026-08-23T00:35:00+08:00
76dec1b6-847f-446b-a624-51fcd06619a6,M-1242,SESS-20260822-6002-0305,RENTAL_REDEMPTION,-100,41,2026-08-22T11:15:00+08:00
2a6dd30b-583d-4a20-8606-a87e27193a9a,M-1242,SESS-20260822-6002-0305,RENTAL_ACCRUAL,2,43,2026-08-22T12:15:00+08:00
941ee0c3-8314-429d-b4c6-e32bad0159f7,M-1732,SESS-20260822-3861-0306,RENTAL_ACCRUAL,14,353,2026-08-22T22:30:00+08:00
df9379d7-53f6-4a3f-942f-9636a78b299c,M-1143,SESS-20260822-7463-0307,RENTAL_ACCRUAL,28,4059,2026-08-22T23:45:00+08:00
24e9f471-6c30-4e27-a76b-6e2e0356b2ad,M-1780,SESS-20260822-7884-0308,RENTAL_REDEMPTION,-100,241,2026-08-22T21:15:00+08:00
35656a46-e759-4d04-94bd-4c83a23d2b0a,M-1780,SESS-20260822-7884-0308,RENTAL_ACCRUAL,38,279,2026-08-23T02:15:00+08:00
bcc6de3f-6821-41eb-a418-c63cab78b09e,M-1048,SESS-20260822-7946-0309,RENTAL_REDEMPTION,-100,522,2026-08-22T13:45:00+08:00
83131050-fe7f-4e08-a3b6-8a072d3a3112,M-1048,SESS-20260822-7946-0309,RENTAL_ACCRUAL,4,526,2026-08-22T15:45:00+08:00
80ec8eaa-788f-4271-adbc-abfdc5789c20,M-1923,SESS-20260822-8777-0310,RENTAL_ACCRUAL,24,118,2026-08-22T08:15:00+08:00
a7bf5216-1c41-48ca-84d8-3719ef68993a,M-1817,SESS-20260822-7156-0311,RENTAL_ACCRUAL,6,601,2026-08-23T00:00:00+08:00
6cdd358b-add0-445d-9d10-6a3b1d160bff,M-1792,SESS-20260822-2746-0312,RENTAL_ACCRUAL,48,2113,2026-08-23T06:15:00+08:00
cbc962f7-bc78-45ff-8168-3d5dbae84311,M-1395,SESS-20260822-1837-0313,RENTAL_REDEMPTION,-100,17,2026-08-22T19:15:00+08:00
032122e0-b3d4-46a0-84ed-56ddc95c7393,M-1395,SESS-20260822-1837-0313,RENTAL_ACCRUAL,2,19,2026-08-22T20:15:00+08:00
4efb69a0-9de8-40d3-a8f0-9dd38f77889f,M-1863,SESS-20260822-2038-0314,RENTAL_ACCRUAL,28,370,2026-08-23T02:30:00+08:00
2c3bd61f-e969-46b9-b15d-42f79152e16b,M-1831,SESS-20260822-7305-0315,RENTAL_ACCRUAL,67,108,2026-08-23T00:50:00+08:00
55fc6569-b7cc-4ed5-8cce-3c342efa32ed,M-1609,SESS-20260822-9376-0316,RENTAL_ACCRUAL,67,545,2026-08-22T23:30:00+08:00
e2f82bce-3747-42ab-a5bf-67093884d1ff,M-1609,TIER_UPGRADE_Silver_TO_Gold,TIER_BONUS,100,645,2026-08-22T23:30:00+08:00
1c4b9b52-5ec8-4ac6-842a-a48ea07de7b6,M-2106,SESS-20260822-1512-0317,RENTAL_ACCRUAL,13,145,2026-08-22T19:15:00+08:00
df6f8c02-a433-4fb7-a1d3-70b27d2c4302,M-1959,SESS-20260822-4960-0318,RENTAL_ACCRUAL,11,692,2026-08-23T01:50:00+08:00
f543ee7b-0d26-4fb7-8ac5-aa35b971ee9f,M-1848,SESS-20260822-6287-0319,RENTAL_REDEMPTION,-100,48,2026-08-22T22:55:00+08:00
973ae3c2-28f3-408d-9c0f-c209a5776629,M-1848,SESS-20260822-6287-0319,RENTAL_ACCRUAL,10,58,2026-08-23T01:55:00+08:00
6e1eae7e-f4cd-48cc-82d0-028d2697c71d,M-2097,SESS-20260822-4388-0320,RENTAL_ACCRUAL,10,74,2026-08-23T01:10:00+08:00
d8d8e0ef-eabc-46be-89fd-7609f441e36b,M-1521,SESS-20260822-1971-0321,RENTAL_REDEMPTION,-100,541,2026-08-22T16:15:00+08:00
8b2578af-e52e-4464-87da-6550e760d5d7,M-1521,SESS-20260822-1971-0321,RENTAL_ACCRUAL,4,545,2026-08-22T18:15:00+08:00
b92c5c97-924f-4b1a-b40a-cd3f85e994f8,M-1954,SESS-20260822-6798-0322,RENTAL_ACCRUAL,60,130,2026-08-23T04:35:00+08:00
84a7a41a-e0e3-44e1-8b1d-9776d70ef928,M-1864,SESS-20260822-1944-0323,RENTAL_ACCRUAL,16,416,2026-08-23T00:55:00+08:00
3bcf91d7-7bd3-48cf-b94d-82d228912b91,M-1703,SESS-20260822-4874-0324,RENTAL_ACCRUAL,108,244,2026-08-23T07:55:00+08:00
af63beeb-6995-4ebe-9beb-8229b4d3515e,M-1990,SESS-20260822-7542-0325,RENTAL_ACCRUAL,15,48,2026-08-23T01:20:00+08:00
c0ef2a21-fb66-422d-8a0b-7597cfaeb9e1,M-1269,SESS-20260822-8040-0326,RENTAL_ACCRUAL,28,603,2026-08-22T18:15:00+08:00
d88f4a66-ebda-479c-9616-06c93950a3c6,M-2026,SESS-20260822-9754-0327,RENTAL_ACCRUAL,8,77,2026-08-22T19:30:00+08:00
9a81a1bb-1b32-4462-a680-dc40f52735d2,M-1318,SESS-20260822-7826-0328,RENTAL_ACCRUAL,18,125,2026-08-22T23:30:00+08:00
fcb67003-f751-4ac2-8b40-53cf1343e358,M-1437,SESS-20260822-6234-0329,RENTAL_ACCRUAL,11,351,2026-08-22T22:15:00+08:00
51dabfb8-4d48-49b3-8f29-ef6e72eb099a,M-1197,SESS-20260822-5679-0330,RENTAL_REDEMPTION,-200,124,2026-08-22T23:35:00+08:00
42fde4f2-300f-4a60-bf27-3208c703835e,M-1197,SESS-20260822-5679-0330,RENTAL_ACCRUAL,5,129,2026-08-23T01:35:00+08:00
719a8fd2-a0e2-4b76-aebb-7bb7bd316559,M-1550,SESS-20260822-8586-0331,RENTAL_ACCRUAL,16,131,2026-08-23T00:50:00+08:00
a8277e26-c0c1-4bf6-a286-572072609d41,M-1418,SESS-20260822-7611-0332,RENTAL_ACCRUAL,11,133,2026-08-22T16:15:00+08:00
630ca376-5be9-46ee-84a8-c6d41cd2b176,M-1217,SESS-20260822-9454-0333,RENTAL_REDEMPTION,-100,34,2026-08-22T18:20:00+08:00
bb8921d4-8c51-4787-9e5d-1fa750eea986,M-1217,SESS-20260822-9454-0333,RENTAL_ACCRUAL,10,44,2026-08-22T21:20:00+08:00
e3e4e95e-932f-448e-9e01-3b5562d5758e,M-1364,SESS-20260822-9493-0334,RENTAL_ACCRUAL,12,951,2026-08-23T00:15:00+08:00
e7279a82-5ed4-4267-9585-bebc202c22ab,M-1882,SESS-20260822-3193-0335,RENTAL_ACCRUAL,16,121,2026-08-23T02:05:00+08:00
a481ecb6-710e-404b-a470-f9593548421f,M-1632,SESS-20260822-7216-0336,RENTAL_ACCRUAL,43,61,2026-08-22T16:45:00+08:00
d3059caa-1d36-4a26-a829-a253f7552006,M-1626,SESS-20260822-5786-0337,RENTAL_ACCRUAL,72,553,2026-08-23T05:15:00+08:00
759fe724-9247-40ee-9cc2-52c1356a8666,M-1814,SESS-20260822-5481-0338,RENTAL_REDEMPTION,-100,46,2026-08-22T22:45:00+08:00
c4890a0b-65d2-41c9-a5dc-aedd5b2a3644,M-1814,SESS-20260822-5481-0338,RENTAL_ACCRUAL,21,67,2026-08-23T03:45:00+08:00
6cf710b2-4d8b-462a-9966-9a96de153983,M-2056,SESS-20260822-8855-0339,RENTAL_ACCRUAL,11,314,2026-08-22T18:30:00+08:00
8d041482-f8f9-4554-94de-2c431c846694,M-2152,SESS-20260822-1678-0340,RENTAL_ACCRUAL,40,115,2026-08-23T03:00:00+08:00
a94758d0-c380-4723-8c92-ac9830fcec4b,M-2152,TIER_UPGRADE_Standard_TO_Silver,TIER_BONUS,50,165,2026-08-23T03:00:00+08:00
65a7741e-6ab5-4ed7-87fe-0c95643509ad,M-1275,SESS-20260822-2285-0341,RENTAL_ACCRUAL,45,220,2026-08-23T03:50:00+08:00
cad66f0d-8885-4fbd-ba4b-d94d66a00410,M-1658,SESS-20260822-3794-0342,RENTAL_ACCRUAL,115,756,2026-08-23T02:35:00+08:00
38a38a8d-b6d3-439f-a957-2fe3dc377e76,M-1688,SESS-20260822-8689-0343,RENTAL_ACCRUAL,12,784,2026-08-22T23:10:00+08:00
144b7335-e147-48bb-8862-93266ed8b5ab,M-1870,SESS-20260822-9872-0344,RENTAL_ACCRUAL,13,266,2026-08-22T17:00:00+08:00
a2c03c98-30e2-4215-86e6-2a4fe57ce2ea,M-1669,SESS-20260822-8773-0345,RENTAL_ACCRUAL,27,211,2026-08-23T00:55:00+08:00
ab6d6423-a959-4cad-87c6-4de70a2e6966,M-1303,SESS-20260822-5002-0346,RENTAL_ACCRUAL,48,2650,2026-08-23T02:45:00+08:00
9efcc140-0a84-4f25-a99c-f3442c4c7f44,M-1821,SESS-20260822-4265-0347,RENTAL_ACCRUAL,28,73,2026-08-23T02:25:00+08:00
1fc50a20-d361-4590-9a35-8e0aad522898,M-1426,SESS-20260822-2915-0348,RENTAL_ACCRUAL,12,1277,2026-08-22T22:25:00+08:00
3eda7622-a119-4656-8b26-76052ce00f10,M-1668,SESS-20260822-7905-0349,RENTAL_REDEMPTION,-100,158,2026-08-22T17:45:00+08:00
75e9efab-7693-4ce2-922b-31130be55a95,M-1668,SESS-20260822-7905-0349,RENTAL_ACCRUAL,5,163,2026-08-22T19:45:00+08:00
a712eef5-5dd9-458c-8317-c02c89ae6577,M-1643,SESS-20260822-8491-0350,RENTAL_ACCRUAL,5,402,2026-08-22T21:00:00+08:00
bf6cba37-1431-49c4-98e8-97802a4da0f8,M-2125,SESS-20260822-5516-0351,RENTAL_ACCRUAL,60,174,2026-08-23T03:35:00+08:00
be513812-a9e8-4cc3-9a15-1432982ce8ce,M-1289,SESS-20260822-1661-0352,RENTAL_REDEMPTION,-100,209,2026-08-22T22:15:00+08:00
30bddec4-f077-4ddd-b33c-3204ea993891,M-1289,SESS-20260822-1661-0352,RENTAL_ACCRUAL,2,211,2026-08-22T23:15:00+08:00
ec281a7a-b8a5-46a6-afb5-4fd50f881f92,M-1058,SESS-20260822-2493-0353,RENTAL_ACCRUAL,16,136,2026-08-22T22:35:00+08:00
ea2276e6-ce2e-4c59-9634-d92608072791,M-1629,SESS-20260822-5141-0354,RENTAL_REDEMPTION,-100,25,2026-08-22T23:00:00+08:00
da6f540b-dc7a-4750-9a64-c234ce51f64a,M-1629,SESS-20260822-5141-0354,RENTAL_ACCRUAL,5,30,2026-08-23T01:00:00+08:00
bea7f469-5078-4ad2-a2e6-94ff17f605d5,M-1069,SESS-20260822-6637-0355,RENTAL_ACCRUAL,16,127,2026-08-23T01:00:00+08:00
97821f63-08dc-4631-b6ca-4c998ec1c5aa,M-1227,SESS-20260822-5064-0356,RENTAL_ACCRUAL,5,270,2026-08-22T16:15:00+08:00
9c2c0e22-6aea-4f90-bb2c-41cc48bcbe79,M-1255,SESS-20260822-7482-0357,RENTAL_ACCRUAL,9,397,2026-08-22T22:00:00+08:00
b2cee9a3-9d12-4f1d-8eea-c7b02ddd709a,M-1468,SESS-20260822-5728-0358,RENTAL_REDEMPTION,-200,476,2026-08-22T18:50:00+08:00
140ef139-af1e-423f-808c-0ce07bc28062,M-1468,SESS-20260822-5728-0358,RENTAL_ACCRUAL,15,491,2026-08-22T23:50:00+08:00
2b083fd1-3c11-4774-9580-d3d77a7ce741,M-1329,SESS-20260822-1589-0359,RENTAL_ACCRUAL,11,321,2026-08-23T00:45:00+08:00
cfdf8c71-69b2-4798-bae8-71fdc27b2a3c,M-1447,SESS-20260822-7565-0360,RENTAL_ACCRUAL,5,113,2026-08-22T19:50:00+08:00
11d78153-50fd-46ae-9779-a219c49f9822,M-1667,SESS-20260822-1371-0361,RENTAL_ACCRUAL,11,83,2026-08-22T18:05:00+08:00
08d9f764-4695-44f5-aeaa-f2de71357bcf,M-1333,SESS-20260822-3191-0362,RENTAL_ACCRUAL,5,362,2026-08-23T00:35:00+08:00
dc5ee700-250e-479e-9470-7477120f9b48,M-1338,SESS-20260822-3541-0363,RENTAL_ACCRUAL,11,196,2026-08-22T10:15:00+08:00
3be7ad53-eae3-4cf2-814a-20c1644bbaee,M-2076,SESS-20260822-1594-0364,RENTAL_ACCRUAL,72,316,2026-08-23T03:00:00+08:00
9d85f32e-191e-48e9-9afe-2fa9cf44fecd,M-1124,SESS-20260822-1580-0365,RENTAL_ACCRUAL,13,357,2026-08-22T17:30:00+08:00
6462e2bf-5b93-444d-a0b4-333d9838aee9,M-1827,SESS-20260822-7799-0366,RENTAL_ACCRUAL,5,616,2026-08-23T00:40:00+08:00
f43c36ee-ea2c-4d68-9af2-85b28c64dfd2,M-1791,SESS-20260822-9389-0367,RENTAL_REDEMPTION,-300,51,2026-08-22T20:30:00+08:00
2e800060-446c-42ec-a37d-022679a2090d,M-1791,SESS-20260822-9389-0367,RENTAL_ACCRUAL,6,57,2026-08-22T23:30:00+08:00
59ba38f0-1030-46da-a249-4a7de7cfe944,M-2051,SESS-20260822-4951-0368,RENTAL_ACCRUAL,15,311,2026-08-22T22:40:00+08:00
3f985940-28c1-417d-929b-16412a173f44,M-1621,SESS-20260822-9968-0369,RENTAL_REDEMPTION,-100,257,2026-08-22T17:40:00+08:00
0a4e58da-4bed-46b2-b690-596aeab0b1d9,M-1621,SESS-20260822-9968-0369,RENTAL_ACCRUAL,7,264,2026-08-22T18:40:00+08:00
5ee55736-e1cd-405e-859c-eb97e844a4fb,M-2009,SESS-20260822-6270-0370,RENTAL_ACCRUAL,10,51,2026-08-23T01:15:00+08:00
29d03ed6-49f4-48dc-ba99-3cd458251f0c,M-1950,SESS-20260822-5663-0371,RENTAL_ACCRUAL,5,78,2026-08-22T22:15:00+08:00
2be384e9-1bfa-4983-a40a-997805f047c4,M-1072,SESS-20260822-6713-0372,RENTAL_ACCRUAL,16,353,2026-08-22T22:45:00+08:00
d3ec550d-1351-4868-aa47-35d170699fe6,M-1133,SESS-20260822-6099-0373,RENTAL_ACCRUAL,19,337,2026-08-22T02:00:00+08:00
9c92accf-7ec6-4115-a34e-17689e2cadba,M-1590,SESS-20260822-7977-0374,RENTAL_ACCRUAL,28,286,2026-08-22T14:30:00+08:00
f7664f21-1c5d-45c2-88c1-771c8bedf980,M-1311,SESS-20260822-3684-0375,RENTAL_ACCRUAL,16,264,2026-08-23T00:00:00+08:00
00f767fc-c891-40ec-8636-3bd36ff70539,M-1182,SESS-20260822-6911-0376,RENTAL_ACCRUAL,16,94,2026-08-23T01:00:00+08:00
5f6d0650-a25e-425e-8ef0-9648e2371f64,M-1363,SESS-20260822-7887-0377,RENTAL_REDEMPTION,-200,312,2026-08-22T22:30:00+08:00
7e3f4e2b-95ce-4821-acb3-9f33cfcc3685,M-1363,SESS-20260822-7887-0377,RENTAL_ACCRUAL,15,327,2026-08-23T03:30:00+08:00
2ce5becf-8c88-4de4-ab98-c99aead74e70,M-1869,SESS-20260822-7415-0378,RENTAL_ACCRUAL,5,5,2026-08-22T21:45:00+08:00
772105fd-6cf1-4f58-a86b-8253192f6cf7,M-1374,SESS-20260822-4437-0379,RENTAL_ACCRUAL,11,824,2026-08-22T23:50:00+08:00
87ede960-27e5-4dea-b216-dac0056beec5,M-1562,SESS-20260822-6529-0380,RENTAL_REDEMPTION,-200,542,2026-08-22T16:55:00+08:00
6f1ba909-6d64-4b5d-ab61-71281beed9fc,M-1562,SESS-20260822-6529-0380,RENTAL_ACCRUAL,13,555,2026-08-22T18:55:00+08:00
d295cd34-4985-4554-a9fb-260f4b118877,M-1459,SESS-20260822-7307-0381,RENTAL_REDEMPTION,-100,78,2026-08-22T22:50:00+08:00
69fd0206-71ae-4d66-bfe8-34b1df2025a2,M-1459,SESS-20260822-7307-0381,RENTAL_ACCRUAL,10,88,2026-08-23T01:50:00+08:00
989e4abd-ace0-4b94-926b-46ba69f6cd24,M-1914,SESS-20260822-5514-0382,RENTAL_ACCRUAL,8,87,2026-08-22T23:15:00+08:00
3510a1cb-baa0-460b-bf18-f62ff4e6d536,M-1207,SESS-20260822-4989-0383,RENTAL_ACCRUAL,16,269,2026-08-23T00:05:00+08:00
f47b3066-5d72-4d98-b5f4-7bc350160027,M-2061,SESS-20260822-6312-0384,RENTAL_ACCRUAL,16,198,2026-08-23T01:30:00+08:00
abe8133c-133a-4268-91c6-a1a66c32e29b,M-2143,SESS-20260822-6329-0385,RENTAL_ACCRUAL,18,113,2026-08-23T00:10:00+08:00
7d0a9639-0778-45e3-a697-090d0f051be1,M-1786,SESS-20260822-4028-0386,RENTAL_REDEMPTION,-200,61,2026-08-22T06:30:00+08:00
f7cf2fad-ceba-45fa-9e15-15d6da1182a7,M-1786,SESS-20260822-4028-0386,RENTAL_ACCRUAL,13,74,2026-08-22T09:30:00+08:00
5d05e7bb-146b-44ed-9dc8-1111105792d6,M-1066,SESS-20260822-8139-0387,RENTAL_ACCRUAL,16,441,2026-08-22T17:45:00+08:00
b0bdcba7-c032-4912-992d-954b020cc27f,M-2077,SESS-20260822-5275-0388,RENTAL_ACCRUAL,45,194,2026-08-22T19:15:00+08:00
036356c6-359f-47fc-ba44-0effdbaa6dbe,M-1593,SESS-20260822-9436-0389,RENTAL_REDEMPTION,-100,18,2026-08-22T19:30:00+08:00
36f52fca-4398-40ab-8798-c865440cdc98,M-1593,SESS-20260822-9436-0389,RENTAL_ACCRUAL,5,23,2026-08-22T21:30:00+08:00
1f1acec7-3b08-46d1-a739-bb462b757f01,M-1676,SESS-20260822-5090-0390,RENTAL_REDEMPTION,-400,2556,2026-08-22T22:50:00+08:00
c8ebd337-a300-41bb-b3d8-41ae6f051cbc,M-1676,SESS-20260822-5090-0390,RENTAL_ACCRUAL,18,2574,2026-08-23T06:50:00+08:00
ea1fa3d3-ccb3-4785-9021-670360365557,M-1963,SESS-20260822-7942-0391,RENTAL_ACCRUAL,15,94,2026-08-22T21:40:00+08:00
0b1ea38a-27c9-4398-96ea-46f09ba8d781,M-1742,SESS-20260822-8638-0392,RENTAL_ACCRUAL,11,194,2026-08-22T22:00:00+08:00
96136a09-c79b-4e0b-909d-d47ebf899ceb,M-1352,SESS-20260822-5898-0393,RENTAL_ACCRUAL,27,287,2026-08-22T23:15:00+08:00
5df5cecf-e477-487a-b246-ef2f6654a63c,M-2142,SESS-20260822-3686-0394,RENTAL_ACCRUAL,16,109,2026-08-23T01:05:00+08:00
581a9cd6-243e-474a-9bd8-7b7bcdd243ef,M-1797,SESS-20260822-9031-0395,RENTAL_REDEMPTION,-100,404,2026-08-22T21:35:00+08:00
780665aa-a938-4020-8c6a-72626fa3d810,M-1797,SESS-20260822-9031-0395,RENTAL_ACCRUAL,10,414,2026-08-23T00:35:00+08:00
6988d751-8db4-4af3-98e3-b4661d13dabc,M-1059,SESS-20260822-5112-0396,RENTAL_ACCRUAL,5,178,2026-08-22T19:00:00+08:00
68d0852d-0a18-4835-ad46-73f0507c0756,M-1298,SESS-20260822-8339-0397,RENTAL_ACCRUAL,45,593,2026-08-22T21:45:00+08:00
c2d89e05-f77e-473f-ac01-4ef72f29e461,M-1709,SESS-20260822-6722-0398,RENTAL_ACCRUAL,9,198,2026-08-23T00:25:00+08:00
3bc6d374-0e5f-4370-8813-dd4084335859,M-1804,SESS-20260822-1022-0399,RENTAL_ACCRUAL,11,141,2026-08-23T00:00:00+08:00
14297d83-1288-41e4-8095-6b771f376697,M-1633,SESS-20260822-3725-0400,RENTAL_ACCRUAL,9,93,2026-08-23T00:10:00+08:00
6ed48a65-6202-454f-9487-56e9c63349f0,M-1800,SESS-20260822-4831-0401,RENTAL_ACCRUAL,5,772,2026-08-22T23:15:00+08:00
97393d7e-6094-4e3e-9ac3-aa2be5f4b994,M-1889,SESS-20260822-5829-0402,RENTAL_ACCRUAL,24,43,2026-08-23T01:20:00+08:00
2e8a0633-a8f9-4fb3-9d85-35aae6bb97d0,M-2033,SESS-20260822-3504-0403,RENTAL_REDEMPTION,-100,133,2026-08-22T23:00:00+08:00
f4e07968-96c1-4d96-b0c6-1f763a46cace,M-2033,SESS-20260822-3504-0403,RENTAL_ACCRUAL,2,135,2026-08-23T00:00:00+08:00
7ee80387-cfc8-4d78-b2d3-e8511e6d9646,M-1566,SESS-20260822-2023-0404,RENTAL_ACCRUAL,19,442,2026-08-23T01:45:00+08:00
bc420a79-053a-499f-a7d5-3d456e49256e,M-1388,SESS-20260822-8884-0405,RENTAL_ACCRUAL,28,433,2026-08-23T01:30:00+08:00
c22c2ff8-8b2e-4392-b35d-af5a2f973f06,M-1349,SESS-20260822-9877-0406,RENTAL_ACCRUAL,43,751,2026-08-22T20:45:00+08:00
1a975707-0704-40de-991f-7dd4dfabd65b,M-1935,SESS-20260822-3790-0407,RENTAL_ACCRUAL,9,416,2026-08-22T18:40:00+08:00
71da661c-211d-4939-9058-c908b5d99d77,M-1300,SESS-20260822-3263-0408,RENTAL_ACCRUAL,14,467,2026-08-22T20:20:00+08:00
07ff0fe6-fee2-4212-89d8-6832396c38bf,M-1442,SESS-20260822-8844-0409,RENTAL_REDEMPTION,-100,513,2026-08-22T22:15:00+08:00
d1a3b972-877f-4b66-bf1b-a2b941ca417e,M-1442,SESS-20260822-8844-0409,RENTAL_ACCRUAL,20,533,2026-08-23T01:15:00+08:00
b17cab91-eb81-47d1-827c-7e76a9dad8b9,M-1564,SESS-20260822-5809-0410,RENTAL_ACCRUAL,9,546,2026-08-22T09:30:00+08:00
463d8655-27f4-4de9-b349-18e6f0d2f408,M-1978,SESS-20260822-3052-0411,RENTAL_ACCRUAL,5,203,2026-08-22T20:30:00+08:00
070e8273-a07d-4d01-931e-320b693e2396,M-1496,SESS-20260822-9023-0412,RENTAL_ACCRUAL,5,587,2026-08-22T17:30:00+08:00
e9251ba5-9956-414d-a5dd-a047ad78bdbf,M-1770,SESS-20260822-9316-0413,RENTAL_ACCRUAL,12,191,2026-08-22T20:45:00+08:00
e4a3fd0f-5a67-4b92-8afd-1901870fd3d5,M-2048,SESS-20260822-3039-0414,RENTAL_ACCRUAL,24,50,2026-08-22T21:05:00+08:00
2e013d50-2b61-4dc4-b018-e4473ed2fa56,M-1087,SESS-20260822-9734-0415,RENTAL_ACCRUAL,28,1297,2026-08-22T19:05:00+08:00
324c3133-74f2-4bb3-aa15-af4fb0e3e3d5,M-1144,SESS-20260822-9004-0416,RENTAL_ACCRUAL,27,199,2026-08-23T01:00:00+08:00
60b83724-1876-4d3e-a28e-bba5a262675c,M-1998,SESS-20260822-5646-0417,RENTAL_ACCRUAL,5,153,2026-08-22T18:40:00+08:00
72ddc834-4e71-4c49-9258-f218d6d8f993,M-1399,SESS-20260822-1853-0418,RENTAL_REDEMPTION,-100,61,2026-08-22T22:35:00+08:00
e5478ce5-4b15-43e6-951b-39355a099c4f,M-1399,SESS-20260822-1853-0418,RENTAL_ACCRUAL,5,66,2026-08-23T00:35:00+08:00
23be92c1-21d1-4099-b839-2afd858d7488,M-1723,SESS-20260822-2403-0419,RENTAL_REDEMPTION,-100,704,2026-08-22T19:00:00+08:00
76ca9a23-1c8e-4dd9-8ae2-170aa49cb91b,M-1723,SESS-20260822-2403-0419,RENTAL_ACCRUAL,5,709,2026-08-22T21:00:00+08:00
018dfc4b-38c9-4a9c-9213-582fed405a6a,M-2102,SESS-20260822-3705-0420,RENTAL_ACCRUAL,25,55,2026-08-22T23:20:00+08:00
fbb0d040-35a9-4f65-8f5f-532f421bcfe1,M-1446,SESS-20260822-1992-0421,RENTAL_ACCRUAL,28,297,2026-08-23T03:45:00+08:00
6a2b8045-ec81-4494-8cd2-c986d53a9845,M-1127,SESS-20260822-9199-0422,RENTAL_ACCRUAL,5,171,2026-08-22T22:05:00+08:00
2cbc129a-66f3-4af0-98ca-7aa55cdc3643,M-1646,SESS-20260822-5710-0423,RENTAL_ACCRUAL,45,175,2026-08-23T07:25:00+08:00
84eba27b-2fcd-4531-a79f-bc6933a54c9e,M-1021,SESS-20260822-1123-0424,RENTAL_ACCRUAL,6,575,2026-08-22T21:35:00+08:00
5cc90f39-13fd-4150-a82f-b4512932e202,M-1777,SESS-20260822-4024-0425,RENTAL_REDEMPTION,-200,178,2026-08-22T23:35:00+08:00
617f25e8-722a-4ea5-8a5c-46e1ce64bd97,M-1777,SESS-20260822-4024-0425,RENTAL_ACCRUAL,15,193,2026-08-23T04:35:00+08:00
d0a514df-053a-4fba-81cf-5fb1c5ef7b0f,M-2195,SESS-20260822-3326-0426,RENTAL_REDEMPTION,-100,379,2026-08-22T20:55:00+08:00
177d0e82-c0e3-4cdc-946a-d9164bd282c0,M-2195,SESS-20260822-3326-0426,RENTAL_ACCRUAL,7,386,2026-08-22T21:55:00+08:00
dc6ce788-e3a1-4d3d-8fe8-d64d432e9082,M-1155,SESS-20260822-3884-0427,RENTAL_ACCRUAL,18,203,2026-08-22T22:25:00+08:00
f5dd891f-629a-46b3-a6f6-ee240c35342a,M-1436,SESS-20260822-5348-0428,RENTAL_ACCRUAL,12,635,2026-08-23T00:20:00+08:00
70ca345f-0300-4020-9ad0-0ed4dcad345e,M-1778,SESS-20260822-6047-0429,RENTAL_REDEMPTION,-100,99,2026-08-22T21:50:00+08:00
c2b8a290-3726-4d96-92dc-f68e34d01c3a,M-1778,SESS-20260822-6047-0429,RENTAL_ACCRUAL,5,104,2026-08-22T23:50:00+08:00
ccdb27c1-522a-4089-b35a-5549246c540e,M-1987,SESS-20260822-3760-0430,RENTAL_ACCRUAL,24,123,2026-08-22T20:50:00+08:00
19e744fc-00e4-49c1-9b29-a5dcba0ed33e,M-1254,SESS-20260822-1604-0431,RENTAL_ACCRUAL,27,432,2026-08-23T01:35:00+08:00
02b4fdc3-24a2-42d1-afae-d9cb75c4f250,M-1036,SESS-20260822-9853-0432,RENTAL_ACCRUAL,28,355,2026-08-22T22:30:00+08:00
baf160be-5c24-42bc-9869-268b3b4e1571,M-1666,SESS-20260822-7574-0433,RENTAL_REDEMPTION,-100,152,2026-08-22T12:45:00+08:00
fc72a21e-f16b-4cfa-8292-9e6cd4b69ce7,M-1666,SESS-20260822-7574-0433,RENTAL_ACCRUAL,38,190,2026-08-22T17:45:00+08:00
e062f094-b176-4daf-9b6e-d3e54a39d09b,M-2008,SESS-20260822-1831-0434,RENTAL_ACCRUAL,8,54,2026-08-22T12:20:00+08:00
6866f30b-21fe-4c04-bcaa-f872def486ee,M-1007,SESS-20260822-9739-0435,RENTAL_ACCRUAL,18,189,2026-08-23T00:45:00+08:00
dd2d1ebc-febb-430d-a65d-ce0b0be3a5bb,M-2106,SESS-20260822-7448-0436,RENTAL_ACCRUAL,40,185,2026-08-22T22:15:00+08:00
3b1ac2d3-d95d-4431-8ef0-4b45e4127988,M-1487,SESS-20260822-6512-0437,RENTAL_ACCRUAL,14,581,2026-08-22T21:55:00+08:00
9cf0475e-5abe-4d04-9eae-ebee47442e01,M-1450,SESS-20260822-4387-0438,RENTAL_REDEMPTION,-100,81,2026-08-22T22:15:00+08:00
256f0c23-9906-4d13-ba37-3ccb185f1a96,M-1450,SESS-20260822-4387-0438,RENTAL_ACCRUAL,61,142,2026-08-23T03:15:00+08:00
19c4232b-39dc-4ab0-988a-555404f819ac,M-1450,TIER_UPGRADE_Silver_TO_Gold,TIER_BONUS,100,242,2026-08-23T03:15:00+08:00
8ff2ffb3-786c-42af-bafd-9ede5e8af0ef,M-1505,SESS-20260822-8794-0439,RENTAL_ACCRUAL,5,126,2026-08-23T00:55:00+08:00
c266bbcc-6f01-4b33-b829-8cf9eb175a6e,M-1172,SESS-20260822-7062-0440,RENTAL_ACCRUAL,6,866,2026-08-22T19:45:00+08:00
f5064c02-7d64-40b2-a51b-c3163473dfdf,M-1740,SESS-20260822-1357-0441,RENTAL_ACCRUAL,6,1368,2026-08-23T00:55:00+08:00
1ea343f5-15a4-4f40-a9ad-2578e3addeca,M-1514,SESS-20260822-2349-0442,RENTAL_ACCRUAL,13,366,2026-08-22T22:15:00+08:00
0a5bf749-b11f-4a3e-b929-158b1809a794,M-1594,SESS-20260822-7215-0443,RENTAL_ACCRUAL,27,357,2026-08-22T22:45:00+08:00
fb192f77-7272-44a9-8ea2-b1be82db397f,M-1172,SESS-20260822-6266-0444,RENTAL_ACCRUAL,30,896,2026-08-23T03:15:00+08:00
779d9acb-2454-49b0-aa76-5321f7513ca8,M-1746,SESS-20260822-4142-0445,RENTAL_ACCRUAL,18,116,2026-08-22T15:15:00+08:00
5200dc42-6edf-43b4-9221-9ff586173bef,M-1381,SESS-20260822-7919-0446,RENTAL_REDEMPTION,-100,277,2026-08-22T22:35:00+08:00
06af03b9-1df2-4f1c-9440-29821aeeba8f,M-1381,SESS-20260822-7919-0446,RENTAL_ACCRUAL,20,297,2026-08-23T00:35:00+08:00
4aeb16ea-34c0-4a14-a32c-f1d96de25f20,M-1411,SESS-20260822-8277-0447,RENTAL_REDEMPTION,-100,499,2026-08-22T22:25:00+08:00
27303979-4894-4bef-96ed-46e742832a25,M-1411,SESS-20260822-8277-0447,RENTAL_ACCRUAL,35,534,2026-08-23T01:25:00+08:00
92255e19-3b7a-4d77-859b-6bf1cf84b318,M-1238,SESS-20260822-6915-0448,RENTAL_ACCRUAL,43,414,2026-08-23T01:25:00+08:00
5907f69e-3a1e-4dd4-87b4-8e7a5193aeef,M-2098,SESS-20260822-9940-0449,RENTAL_ACCRUAL,18,168,2026-08-22T20:50:00+08:00
08204dcc-bdcc-40d2-ad06-72438b7404d6,M-1895,SESS-20260822-1675-0450,RENTAL_ACCRUAL,13,23,2026-08-22T23:05:00+08:00
3b3116e8-e901-4400-9749-893f39a04065,M-1010,SESS-20260822-1380-0451,RENTAL_ACCRUAL,11,548,2026-08-22T20:30:00+08:00
391e18f3-51b0-41f2-b820-ef6c86c5f8d9,M-1495,SESS-20260822-4514-0452,RENTAL_ACCRUAL,9,286,2026-08-23T00:00:00+08:00
51e9acee-f7eb-4411-a20c-3053b81f2457,M-1045,SESS-20260822-8975-0453,RENTAL_ACCRUAL,16,288,2026-08-23T02:55:00+08:00
025337f9-5baa-4c48-a1f1-f5299da88520,M-1402,SESS-20260822-9973-0454,RENTAL_ACCRUAL,9,110,2026-08-22T23:00:00+08:00
ccd4c080-01df-43bc-9ed9-86e6d75a712c,M-1159,SESS-20260822-7839-0455,RENTAL_REDEMPTION,-100,81,2026-08-22T23:20:00+08:00
87df11ed-4ff2-4bce-a6b4-6aea403e21bb,M-1159,SESS-20260822-7839-0455,RENTAL_ACCRUAL,34,115,2026-08-23T02:20:00+08:00
b723fdbe-5449-4331-87da-4e5b90c4b357,M-1383,SESS-20260822-9786-0456,RENTAL_ACCRUAL,27,497,2026-08-22T22:15:00+08:00
5f8d66ed-9a27-4613-a5bc-f123cee519b0,M-2016,SESS-20260822-9748-0457,RENTAL_REDEMPTION,-100,159,2026-08-22T21:05:00+08:00
51090ce7-6153-4727-9545-7c2c5d6e3bdc,M-2016,SESS-20260822-9748-0457,RENTAL_ACCRUAL,2,161,2026-08-22T22:05:00+08:00
78e1bb12-632a-4f2f-bbd5-9b66d6385cf4,M-1639,SESS-20260822-8488-0458,RENTAL_ACCRUAL,45,513,2026-08-23T03:20:00+08:00
43e4473e-45d4-470f-8ec9-11ab2b46ac7a,M-2029,SESS-20260822-8691-0459,RENTAL_ACCRUAL,16,131,2026-08-23T01:15:00+08:00
bd765eed-d214-4599-a6a1-921e066116d2,M-1097,SESS-20260822-7656-0460,RENTAL_ACCRUAL,5,303,2026-08-22T21:40:00+08:00
bed37b68-d665-46e6-8640-3104c673a145,M-1982,SESS-20260822-2978-0461,RENTAL_ACCRUAL,64,124,2026-08-23T07:00:00+08:00
a12a0b84-c88c-4ca9-a7ae-11cd9bce9eac,M-1835,SESS-20260822-9120-0462,RENTAL_ACCRUAL,45,125,2026-08-23T05:55:00+08:00
042c5761-ead3-4f80-9258-4c274d7b64c3,M-1018,SESS-20260822-2020-0463,RENTAL_REDEMPTION,-100,13,2026-08-22T19:45:00+08:00
569ebe8a-ab17-4e8c-ba60-ecc4444fc593,M-1018,SESS-20260822-2020-0463,RENTAL_ACCRUAL,5,18,2026-08-22T21:45:00+08:00
14bc1951-9637-409e-88be-9b2e941abf33,M-1966,SESS-20260822-9076-0464,RENTAL_ACCRUAL,10,176,2026-08-22T23:15:00+08:00
a0a012d0-12da-47c8-8e02-85c17f8c5fb8,M-1927,SESS-20260822-5269-0465,RENTAL_ACCRUAL,15,80,2026-08-23T02:25:00+08:00
5f2a9b05-b6dc-468a-a39e-426c920e83fc,M-1652,SESS-20260822-3769-0466,RENTAL_REDEMPTION,-100,105,2026-08-22T23:55:00+08:00
0bfc7cdc-25e0-4c78-b220-9a0a82ecfd3c,M-1652,SESS-20260822-3769-0466,RENTAL_ACCRUAL,7,112,2026-08-23T00:55:00+08:00
1414c51a-1b6c-45e3-ab25-7b069c2f2316,M-1283,SESS-20260822-1157-0467,RENTAL_ACCRUAL,5,142,2026-08-22T23:00:00+08:00
5487cc77-7939-440a-b478-f56d568f040d,M-2167,SESS-20260822-6406-0468,RENTAL_ACCRUAL,16,179,2026-08-23T02:15:00+08:00
7a1f2efb-7db8-4331-86b8-2ceef4dcb066,M-1543,SESS-20260822-3821-0469,RENTAL_ACCRUAL,5,721,2026-08-23T00:55:00+08:00
0650919c-2287-431d-8c2a-2c6e23148efe,M-1543,TIER_UPGRADE_Silver_TO_Gold,TIER_BONUS,100,821,2026-08-23T00:55:00+08:00
2109d95b-f9e4-43e8-b7ea-0d269450e9e8,M-1100,ORD-20260822-6908-0001,CONCESSION_ACCRUAL,4,83,2026-08-22T18:58:27+08:00
7295d551-54b1-4dc4-b6b2-743c71fe4901,M-1529,ORD-20260822-5815-0002,CONCESSION_ACCRUAL,22,152,2026-08-22T17:15:24+08:00
a66aa34f-9bcb-4947-9b91-50ce025039d0,M-1922,ORD-20260822-9398-0003,CONCESSION_ACCRUAL,26,378,2026-08-22T17:05:02+08:00
9e8168b0-8b90-405f-bad9-a636c4557721,M-2102,ORD-20260822-2454-0004,CONCESSION_ACCRUAL,9,64,2026-08-22T19:50:56+08:00
360b099e-34bb-4f03-aef4-395ae1a5f820,M-1760,ORD-20260822-7928-0005,CONCESSION_ACCRUAL,26,637,2026-08-22T21:13:45+08:00
5385b72c-84df-4a94-9711-d86d30a6365c,M-1124,ORD-20260822-1008-0006,CONCESSION_ACCRUAL,19,376,2026-08-22T16:48:37+08:00
abae2a2c-f07f-4106-ac83-dd22297dcf56,M-2046,ORD-20260822-8117-0007,CONCESSION_ACCRUAL,6,93,2026-08-22T23:11:25+08:00
cf824484-f00b-4dfc-ae7a-413c302b7724,M-1696,ORD-20260822-1946-0008,CONCESSION_ACCRUAL,11,549,2026-08-22T03:43:56+08:00
30085155-aa30-4a37-91a8-47ea6d31166e,M-2029,ORD-20260823-6742-0009,CONCESSION_ACCRUAL,3,134,2026-08-23T00:26:34+08:00
81db4d6c-a87e-4047-9a0d-2a8feded6f43,M-1676,ORD-20260823-5751-0010,CONCESSION_ACCRUAL,30,2604,2026-08-23T04:22:06+08:00
5e82c597-f612-45c2-b3e1-242a4e5e10a7,M-1205,ORD-20260823-3997-0011,CONCESSION_ACCRUAL,13,1119,2026-08-23T02:05:18+08:00
eaf59972-7f95-4aa2-9fbe-01c58abeb4d0,M-1481,ORD-20260822-1780-0012,CONCESSION_ACCRUAL,15,397,2026-08-22T18:46:59+08:00
a856d202-3f4b-4b4b-ae06-1abba12330c0,M-1609,ORD-20260822-5449-0013,CONCESSION_ACCRUAL,19,664,2026-08-22T18:34:01+08:00
891be236-24ec-4179-8d5b-55905441d8ff,M-2097,ORD-20260822-1878-0014,CONCESSION_ACCRUAL,8,82,2026-08-22T23:29:56+08:00
9eda6784-e101-4049-9b16-42e1f1805ea0,M-1381,ORD-20260822-3379-0015,CONCESSION_ACCRUAL,8,305,2026-08-22T22:52:04+08:00
097504d4-6ad8-4c43-aa77-46d1f23e28ee,M-1998,ORD-20260822-5031-0016,CONCESSION_ACCRUAL,11,164,2026-08-22T18:01:42+08:00
7782e705-6a20-42dc-a463-13573ece1596,M-1792,ORD-20260823-4451-0017,CONCESSION_ACCRUAL,31,2144,2026-08-23T01:00:49+08:00
7d2886b7-9c89-4af3-87b2-922d5bcf67ec,M-1955,ORD-20260822-1969-0018,CONCESSION_ACCRUAL,21,46,2026-08-22T22:46:46+08:00
e3116433-3343-42df-bdda-243278d61e15,M-2135,ORD-20260822-6352-0019,CONCESSION_ACCRUAL,9,60,2026-08-22T19:45:08+08:00
fb4787c7-c4a4-496a-8a8a-b94e0b00fa47,M-1243,ORD-20260822-7046-0020,CONCESSION_ACCRUAL,15,305,2026-08-22T16:09:06+08:00
1607799e-4bea-426b-8016-178365f3b25c,M-1106,ORD-20260822-2947-0021,CONCESSION_ACCRUAL,11,425,2026-08-22T08:56:10+08:00
7da67a63-9a5a-415a-9913-186ee23c4cc5,M-1432,ORD-20260822-4361-0022,CONCESSION_ACCRUAL,9,3434,2026-08-22T08:52:45+08:00
b37728aa-95db-4da8-aa1a-3cd0b6bf7a55,M-2172,ORD-20260822-3374-0023,CONCESSION_ACCRUAL,10,532,2026-08-22T20:18:54+08:00
c5217da3-9490-45cc-83c0-43626ed90a03,M-1069,ORD-20260822-3664-0024,CONCESSION_ACCRUAL,10,137,2026-08-22T23:12:31+08:00
dab50548-e441-422e-9a04-62ef2e453026,M-1487,ORD-20260822-1707-0025,CONCESSION_ACCRUAL,36,617,2026-08-22T21:25:51+08:00
de6969cd-3caf-4bfa-8c93-e1e0a2b2d2e8,M-1996,ORD-20260823-1687-0026,CONCESSION_ACCRUAL,12,58,2026-08-23T01:30:58+08:00
18b886f7-53c9-4449-9110-884927e01d5e,M-2126,ORD-20260822-8581-0027,CONCESSION_ACCRUAL,10,326,2026-08-22T14:07:07+08:00
c1b90dfe-4c5f-470b-8fc1-821c39e6190c,M-1959,ORD-20260823-2651-0028,CONCESSION_ACCRUAL,18,710,2026-08-23T00:48:19+08:00
cba41081-7f36-44f7-8eb2-b0cd608e0e25,M-2118,ORD-20260822-7391-0029,CONCESSION_ACCRUAL,13,123,2026-08-22T23:23:30+08:00
01ac9e22-7db4-41e3-8bee-788661f42416,M-1655,ORD-20260822-1179-0030,CONCESSION_ACCRUAL,19,393,2026-08-22T22:45:11+08:00
9ce39405-efa6-4bd8-a2d6-fd863f47ee55,M-1202,ORD-20260823-1135-0031,CONCESSION_ACCRUAL,12,1924,2026-08-23T00:58:05+08:00
2001b01f-d85b-467d-96b3-2524c40e1b6c,M-1954,ORD-20260823-6802-0032,CONCESSION_ACCRUAL,9,139,2026-08-23T02:31:16+08:00
b9072bff-679f-4fa1-a2b2-88d6c02f8f8d,M-1329,ORD-20260822-4373-0033,CONCESSION_ACCRUAL,26,347,2026-08-22T23:42:53+08:00
999e6872-5245-4f5f-a29a-f22777203e6f,M-1049,ORD-20260823-2552-0034,CONCESSION_ACCRUAL,10,44,2026-08-23T00:00:23+08:00
7061836a-83c4-48ae-985f-f2da2a7fa8a5,M-2039,ORD-20260822-2947-0035,CONCESSION_ACCRUAL,13,109,2026-08-22T22:35:48+08:00
552ab2c5-0a4c-4af5-9dc2-0f4d3741e517,M-1960,ORD-20260822-5124-0036,CONCESSION_ACCRUAL,16,405,2026-08-22T19:35:13+08:00
7032948c-e8ed-4913-b134-11ead2eb92e8,M-1842,ORD-20260822-8486-0037,CONCESSION_ACCRUAL,18,512,2026-08-22T21:18:27+08:00
f138c109-bc15-4571-a6cc-2e4d2820ccaa,M-1255,ORD-20260822-8805-0038,CONCESSION_ACCRUAL,15,412,2026-08-22T21:38:06+08:00
80b0951c-2967-43b2-8d02-f540bd553339,M-1878,ORD-20260822-2383-0039,CONCESSION_ACCRUAL,26,152,2026-08-22T23:16:42+08:00
1e72078a-4b36-48c6-b0c0-a0370a83e0fa,M-1630,ORD-20260822-8017-0040,CONCESSION_ACCRUAL,12,584,2026-08-22T17:50:13+08:00
318ac522-5be3-45bc-93af-ca004104b2c3,M-1621,ORD-20260822-4817-0041,CONCESSION_ACCRUAL,16,280,2026-08-22T18:22:30+08:00
c969535d-7e72-445a-8916-241baf55cb50,M-1311,ORD-20260822-5015-0042,CONCESSION_ACCRUAL,25,289,2026-08-22T22:16:06+08:00
0bf7917c-d9cb-423f-8acb-15712d31c925,M-1639,ORD-20260822-7485-0043,CONCESSION_ACCRUAL,24,537,2026-08-22T19:21:23+08:00
2cffcc27-7bfb-4052-9bc9-d1d03f3304e7,M-2142,ORD-20260823-2227-0044,CONCESSION_ACCRUAL,25,134,2026-08-23T00:20:48+08:00
e8132397-d5f5-47ee-bf9d-c70681419770,M-1719,ORD-20260822-1915-0045,CONCESSION_ACCRUAL,26,425,2026-08-22T21:09:53+08:00
e4da33e3-4e34-498f-b7ed-ebb7b74f47b3,M-2094,ORD-20260822-4232-0046,CONCESSION_ACCRUAL,30,402,2026-08-22T23:35:52+08:00
89290624-bc85-493e-9b82-caabfb1361c4,M-1664,ORD-20260822-8273-0047,CONCESSION_ACCRUAL,9,2541,2026-08-22T19:22:32+08:00
3dcb429e-45d4-4eea-8816-2e205773a330,M-1324,ORD-20260822-5393-0048,CONCESSION_ACCRUAL,16,60,2026-08-22T18:16:00+08:00
1559da8e-8106-47e2-9711-996efca269d9,M-1276,ORD-20260822-1030-0049,CONCESSION_ACCRUAL,11,559,2026-08-22T22:27:38+08:00
9a81dce1-cb21-418d-8f82-43f8dfa65ff0,M-1521,ORD-20260822-6371-0050,CONCESSION_ACCRUAL,9,554,2026-08-22T16:40:55+08:00
fb089b8b-d803-4f4d-9c9f-b92bb511fe85,M-1732,ORD-20260822-8038-0051,CONCESSION_ACCRUAL,13,366,2026-08-22T13:22:10+08:00
9c805d90-4d53-4abc-bfc1-2bf036687d6d,M-1418,ORD-20260822-8857-0052,CONCESSION_ACCRUAL,15,148,2026-08-22T04:04:13+08:00
c368ed79-da2a-410a-848d-649d1084286a,M-1835,ORD-20260823-8756-0053,CONCESSION_ACCRUAL,15,140,2026-08-23T04:43:20+08:00
6d36d491-8256-4f16-a49b-3380cc4e6a29,M-1935,ORD-20260822-1742-0054,CONCESSION_ACCRUAL,23,439,2026-08-22T17:52:01+08:00
045eb700-7085-4205-8cd6-8ccaf9fedd89,M-1459,ORD-20260822-3032-0055,CONCESSION_ACCRUAL,8,96,2026-08-22T18:02:40+08:00
5e31461a-d053-483a-a450-965df4d4f10c,M-1034,ORD-20260822-6742-0056,CONCESSION_ACCRUAL,16,405,2026-08-22T23:25:17+08:00
0d68dc66-4abb-4872-85df-ebcb1ab5043b,M-1622,ORD-20260822-7897-0057,CONCESSION_ACCRUAL,3,99,2026-08-22T23:17:26+08:00
07cd61d7-5655-4ee4-a57c-31995ba7302a,M-1241,ORD-20260822-5632-0058,CONCESSION_ACCRUAL,3,200,2026-08-22T20:56:26+08:00
81d13dd8-9602-485c-a916-a34bc74521bb,M-1292,ORD-20260822-3311-0059,CONCESSION_ACCRUAL,19,609,2026-08-22T21:44:08+08:00
76ef4bb4-6e1b-4069-a262-fbb7e001db0a,M-1278,ORD-20260822-9451-0060,CONCESSION_ACCRUAL,27,191,2026-08-22T21:34:21+08:00
f4bd0cf3-d921-40b3-a82f-6fefb3931043,M-1320,ORD-20260822-6670-0061,CONCESSION_ACCRUAL,9,1338,2026-08-22T23:14:52+08:00
066a98aa-82f7-4088-8039-a8334634b6cf,M-2163,ORD-20260823-6263-0062,CONCESSION_ACCRUAL,11,320,2026-08-23T00:43:14+08:00
321b6965-43eb-4baf-984d-a831c4682fd3,M-1172,ORD-20260822-2577-0063,CONCESSION_ACCRUAL,49,945,2026-08-22T13:48:35+08:00
efe604e1-4365-4685-85b7-c7ad509fb418,M-1629,ORD-20260822-7532-0064,CONCESSION_ACCRUAL,28,58,2026-08-22T23:48:49+08:00
74a604f8-ef6e-4f97-b20d-35ffef4e54ce,M-1574,ORD-20260823-3661-0065,CONCESSION_ACCRUAL,11,223,2026-08-23T01:13:34+08:00
35358cb6-a12c-4558-95e9-e9e0479b7ac5,M-1021,ORD-20260822-5510-0066,CONCESSION_ACCRUAL,11,586,2026-08-22T21:25:57+08:00
af2ad4dc-5657-471e-b4ad-fd9342ea6a03,M-1581,ORD-20260822-3468-0067,CONCESSION_ACCRUAL,19,207,2026-08-22T23:41:57+08:00
f7192562-75d6-49bc-9317-2931ea71e4fc,M-1581,TIER_UPGRADE_Silver_TO_Gold,TIER_BONUS,100,307,2026-08-22T23:41:57+08:00
4361b251-4f40-4159-b553-5f0cc6101c31,M-2167,ORD-20260823-9808-0068,CONCESSION_ACCRUAL,15,194,2026-08-23T01:21:45+08:00
10f80b5d-5850-40a3-ac5b-5951c75a8643,M-1791,ORD-20260822-7309-0069,CONCESSION_ACCRUAL,9,66,2026-08-22T22:01:39+08:00
1f854114-5b7c-49c7-af9a-deca61bac2de,M-1680,ORD-20260822-6880-0070,CONCESSION_ACCRUAL,47,485,2026-08-22T21:53:01+08:00
c2f2f8c5-c505-47a1-bc5c-463422405f0f,M-1639,ORD-20260823-9174-0071,CONCESSION_ACCRUAL,30,567,2026-08-23T01:02:29+08:00
174bc49b-da66-4a87-b358-65e24e2c90ba,M-1508,ORD-20260823-7383-0072,CONCESSION_ACCRUAL,25,532,2026-08-23T00:14:43+08:00
20467558-5cbf-4168-bd7b-c1817556d7f8,M-1618,ORD-20260822-4854-0073,CONCESSION_ACCRUAL,23,205,2026-08-22T23:55:02+08:00
8aa70653-af0f-4dec-9267-1b4fd41864b2,M-1144,ORD-20260822-7730-0074,CONCESSION_ACCRUAL,11,210,2026-08-22T22:33:51+08:00
de9398bb-b890-4c60-99d6-3d23334b4b7c,M-1243,ORD-20260822-7696-0075,CONCESSION_ACCRUAL,3,308,2026-08-22T23:00:26+08:00
589b85b7-1599-4617-9d42-ea35c923375e,M-1703,ORD-20260823-4593-0076,CONCESSION_ACCRUAL,19,263,2026-08-23T02:30:18+08:00
b294c42e-2369-46d0-88ce-8bbe777d5ef2,M-1378,ORD-20260822-7692-0077,CONCESSION_ACCRUAL,8,235,2026-08-22T23:23:05+08:00
9aabbffc-affc-436b-9dd3-43320287ed50,M-1383,ORD-20260822-7617-0078,CONCESSION_ACCRUAL,33,530,2026-08-22T12:37:12+08:00
f95043c5-3bc2-43aa-a03d-193ca796a985,M-1072,ORD-20260822-2473-0079,CONCESSION_ACCRUAL,10,363,2026-08-22T16:08:37+08:00
0afe2981-a71e-40cb-8592-2d85e9ddb6b0,M-2110,ORD-20260822-2199-0080,CONCESSION_ACCRUAL,11,465,2026-08-22T14:47:50+08:00
55648538-3ff2-4b39-a166-ddff401763d3,M-1518,ORD-20260822-6702-0081,CONCESSION_ACCRUAL,22,632,2026-08-22T22:35:03+08:00
33155ca9-7e38-4f75-9ae1-25ce7dcdce90,M-1669,ORD-20260822-8517-0082,CONCESSION_ACCRUAL,16,227,2026-08-22T22:57:32+08:00
d27166e8-e893-4dd6-a27b-fd0f46a8fc2d,M-1351,ORD-20260822-5353-0083,CONCESSION_ACCRUAL,16,115,2026-08-22T18:13:37+08:00
b138af3c-3314-4f2c-a7fe-e74d114fe28f,M-2167,ORD-20260822-5946-0084,CONCESSION_ACCRUAL,18,212,2026-08-22T13:40:23+08:00
abdbb629-f0fa-42fe-a612-aa2fd86ff910,M-1734,ORD-20260822-3249-0085,CONCESSION_ACCRUAL,36,588,2026-08-22T23:24:31+08:00
2c2a62f2-63cc-4edb-874f-0b68093ffcf1,M-1283,ORD-20260822-2048-0086,CONCESSION_ACCRUAL,7,149,2026-08-22T19:00:35+08:00
69894828-ab2e-4202-b793-b46f58734e57,M-1538,ORD-20260822-9537-0087,CONCESSION_ACCRUAL,16,104,2026-08-22T19:48:32+08:00
0e389f3c-4dd4-40fd-a364-f6044ff9ba71,M-1010,ORD-20260822-8817-0088,CONCESSION_ACCRUAL,21,569,2026-08-22T18:46:57+08:00
30cce8c3-1bef-4ac0-9fb1-0a4e69c28b66,M-1318,ORD-20260822-2072-0089,CONCESSION_ACCRUAL,3,128,2026-08-22T23:19:27+08:00
5a6e0ae4-eee5-40dc-b932-7882eeb7bd80,M-1777,ORD-20260822-1653-0090,CONCESSION_ACCRUAL,21,214,2026-08-22T18:23:04+08:00
4c63ccca-5eb2-4e89-9b6a-f4bb3dc3a9c9,M-2079,ORD-20260823-9703-0091,CONCESSION_ACCRUAL,15,100,2026-08-23T00:10:33+08:00
9238091f-7eff-400c-b095-74495e91c547,M-1108,ORD-20260822-9427-0092,CONCESSION_ACCRUAL,4,217,2026-08-22T21:09:31+08:00
bf66f975-7c96-4990-92eb-bd7ff0ca32e9,M-1505,ORD-20260823-5625-0093,CONCESSION_ACCRUAL,33,159,2026-08-23T00:45:37+08:00
384494ad-1854-4a12-a804-b542678e8c43,M-1333,ORD-20260823-5276-0094,CONCESSION_ACCRUAL,8,370,2026-08-23T00:18:11+08:00
78698f02-a234-4d39-b63b-8bbdb37e9519,M-1459,ORD-20260823-9967-0095,CONCESSION_ACCRUAL,8,104,2026-08-23T00:21:05+08:00
d16998f2-1946-413b-a0e5-86ae81d2652c,M-1632,ORD-20260822-2213-0096,CONCESSION_ACCRUAL,20,81,2026-08-22T15:08:35+08:00
466dabc1-5963-4099-bca2-dd47ebe21807,M-1216,ORD-20260822-8691-0097,CONCESSION_ACCRUAL,18,589,2026-08-22T19:48:48+08:00
696ab1ad-4e4a-4fb6-8fef-ad531e469cca,M-1982,ORD-20260823-7676-0098,CONCESSION_ACCRUAL,9,133,2026-08-23T04:44:51+08:00
b510f104-90e6-45b9-a558-57d4853970cf,M-1998,ORD-20260822-4191-0099,CONCESSION_ACCRUAL,7,171,2026-08-22T16:45:46+08:00
feb3f738-1941-44f2-97b5-d12aeb5bcf4a,M-1594,ORD-20260822-7150-0100,CONCESSION_ACCRUAL,22,379,2026-08-22T22:35:05+08:00
8896fbbe-ebee-49f9-9346-17d811ba50ec,M-2057,ORD-20260822-5355-0101,CONCESSION_ACCRUAL,15,62,2026-08-22T14:56:41+08:00
1eb8b39d-3d96-4cea-892e-ecc04da3151c,M-1338,ORD-20260822-3454-0102,CONCESSION_ACCRUAL,16,212,2026-08-22T08:41:35+08:00
da5a03dd-a57a-4647-a331-bfe40f012b71,M-1821,ORD-20260823-5026-0103,CONCESSION_ACCRUAL,25,98,2026-08-23T02:16:54+08:00
07227b4c-e3eb-41c0-8713-6be950762766,M-1079,ORD-20260822-3395-0104,CONCESSION_ACCRUAL,22,325,2026-08-22T13:47:43+08:00
bce07a2c-e4f3-488c-90b0-ac8ed7a072fa,M-1489,ORD-20260822-6176-0105,CONCESSION_ACCRUAL,8,678,2026-08-22T18:26:49+08:00
ebb577c0-a043-4339-b208-68e4e6144c41,M-1364,ORD-20260822-2847-0106,CONCESSION_ACCRUAL,25,976,2026-08-22T23:50:38+08:00
465f1f04-7000-403d-b11a-bdd02b63821d,M-2108,ORD-20260822-2824-0107,CONCESSION_ACCRUAL,42,173,2026-08-22T19:01:08+08:00
33e6ee6a-00a1-4a34-b240-30a5ca0d59df,M-2077,ORD-20260822-8196-0108,CONCESSION_ACCRUAL,8,202,2026-08-22T17:05:07+08:00
ab6860bc-b1fd-4a78-8ba6-65d9bf7dbdaf,M-1155,ORD-20260822-9841-0109,CONCESSION_ACCRUAL,25,228,2026-08-22T21:39:09+08:00
32bb2157-1465-4992-945a-c7ccc8a1e286,M-1412,ORD-20260823-1009-0110,CONCESSION_ACCRUAL,11,555,2026-08-23T00:39:37+08:00
55e0fd62-1ce6-4d6d-a076-e7ec31f5ed1d,M-1437,ORD-20260822-9707-0111,CONCESSION_ACCRUAL,15,366,2026-08-22T21:00:51+08:00
07d2df97-c798-4d85-ba46-5059847507b0,M-1147,ORD-20260823-6365-0112,CONCESSION_ACCRUAL,25,85,2026-08-23T05:29:34+08:00
f446e076-6dfb-4a82-9b8a-21e2887e4fe0,M-1066,ORD-20260822-5517-0113,CONCESSION_ACCRUAL,11,452,2026-08-22T16:35:03+08:00
8379f4d3-a127-4f07-ab3b-e48f967cb68b,M-1863,ORD-20260823-7459-0114,CONCESSION_ACCRUAL,14,384,2026-08-23T00:03:32+08:00
5ce511fa-0909-40be-94c4-a1a4f9a1be19,M-2009,ORD-20260823-5147-0115,CONCESSION_ACCRUAL,13,64,2026-08-23T00:31:16+08:00
7273563e-178b-4ee0-891c-4bbe582f2474,M-2029,ORD-20260822-9654-0116,CONCESSION_ACCRUAL,8,142,2026-08-22T19:45:34+08:00
51cac613-49f7-4b3e-a22e-0a1cfa3c17ce,M-1525,ORD-20260823-6449-0117,CONCESSION_ACCRUAL,83,657,2026-08-23T02:32:06+08:00
66b68a46-645a-46d7-a26d-9faa6f1c5b83,M-1826,ORD-20260822-6112-0118,CONCESSION_ACCRUAL,3,157,2026-08-22T18:57:43+08:00
4212ffba-d80e-4842-80e1-d2d27b1a1448,M-1153,ORD-20260823-7172-0119,CONCESSION_ACCRUAL,8,447,2026-08-23T00:43:21+08:00
245bec26-08b1-47e5-b32b-88c960d91ed8,M-1883,ORD-20260822-9620-0120,CONCESSION_ACCRUAL,7,133,2026-08-22T15:28:15+08:00
ead4619d-a192-40bb-9b0a-1c90ee07d71a,M-1436,ORD-20260822-2879-0121,CONCESSION_ACCRUAL,11,646,2026-08-22T17:53:36+08:00
4cf5668b-eb35-468d-9e9d-d80180148225,M-1031,ORD-20260822-5236-0122,CONCESSION_ACCRUAL,9,1514,2026-08-22T22:53:55+08:00
ea966c1e-1430-4d67-821d-852e3d228796,M-1688,ORD-20260822-5764-0123,CONCESSION_ACCRUAL,19,803,2026-08-22T20:10:16+08:00
d53f1096-8219-4fe0-91b8-a0736e4630f7,M-1074,ORD-20260822-6044-0124,CONCESSION_ACCRUAL,11,81,2026-08-22T20:16:32+08:00
e70ea660-8d79-47f1-887a-120ead3220f8,M-1238,ORD-20260823-6302-0125,CONCESSION_ACCRUAL,26,440,2026-08-23T00:01:27+08:00
90d6042a-4fcd-434b-90a4-4584b7e209f8,M-1446,ORD-20260822-3303-0126,CONCESSION_ACCRUAL,22,319,2026-08-22T23:24:17+08:00
2150f80f-271b-4017-8931-086f1504fe14,M-1804,ORD-20260822-2502-0127,CONCESSION_ACCRUAL,41,182,2026-08-22T23:51:32+08:00
d13994d0-c64c-4aef-90b0-6e9291fd2d0a,M-1239,ORD-20260822-4619-0128,CONCESSION_ACCRUAL,10,63,2026-08-22T19:54:18+08:00
fd4cdcca-638e-484a-83b4-bfd6a7066a67,M-1722,ORD-20260823-9653-0129,CONCESSION_ACCRUAL,12,782,2026-08-23T01:21:13+08:00
93590a81-f91b-4413-ab57-e402fb75092a,M-1115,ORD-20260822-2591-0130,CONCESSION_ACCRUAL,8,160,2026-08-22T23:59:20+08:00
4e141e19-5b3f-4f32-97b0-da20f0001fb3,M-1723,ORD-20260822-6933-0131,CONCESSION_ACCRUAL,8,717,2026-08-22T20:30:36+08:00
f27bdf8c-8448-4060-a407-a40f8dba02df,M-1948,ORD-20260822-6110-0132,CONCESSION_ACCRUAL,9,335,2026-08-22T23:28:19+08:00
b2bb69b4-25d5-4ff0-b464-8fbf38ed8003,M-1027,ORD-20260822-7712-0133,CONCESSION_ACCRUAL,11,498,2026-08-22T15:21:10+08:00
bc016879-c092-4acf-9149-c26bd4520100,M-1681,ORD-20260822-9098-0134,CONCESSION_ACCRUAL,34,115,2026-08-22T19:25:42+08:00
cd3341aa-2170-4155-873d-c77a2fb62063,M-1658,ORD-20260822-1249-0135,CONCESSION_ACCRUAL,20,776,2026-08-22T20:46:28+08:00
8169df78-acd2-4a78-86fc-354f0d698fb0,M-1289,ORD-20260822-6617-0136,CONCESSION_ACCRUAL,8,219,2026-08-22T23:05:07+08:00
37759583-3bb5-4d98-b665-d23683810d5a,M-1978,ORD-20260822-4548-0137,CONCESSION_ACCRUAL,7,210,2026-08-22T20:15:38+08:00
a24fed29-52bf-43ce-a4f9-abd98b25d1b4,M-1802,ORD-20260823-2144-0138,CONCESSION_ACCRUAL,9,256,2026-08-23T01:35:23+08:00
6b90268f-119b-4ab5-85f6-f47354aa3f46,M-1299,ORD-20260822-3113-0139,CONCESSION_ACCRUAL,10,121,2026-08-22T10:38:57+08:00
a785051d-82d7-4730-8804-f359fb093fb9,M-1388,ORD-20260822-4662-0140,CONCESSION_ACCRUAL,22,455,2026-08-22T08:24:11+08:00
03d817b2-2a72-4b81-a816-85bc2ea583fd,M-1808,ORD-20260822-2788-0141,CONCESSION_ACCRUAL,9,2208,2026-08-22T22:23:01+08:00
2166ffee-bc85-4262-a91d-2f1d975636db,M-1770,ORD-20260822-6260-0142,CONCESSION_ACCRUAL,20,211,2026-08-22T20:37:49+08:00
7c9859fa-d1a0-4591-8dd3-7c913dd63e0d,M-1511,ORD-20260822-6480-0143,CONCESSION_ACCRUAL,9,380,2026-08-22T06:09:37+08:00
cf06c932-41fa-45e0-bd8a-bd32ce5e739f,M-1914,ORD-20260822-4459-0144,CONCESSION_ACCRUAL,12,99,2026-08-22T23:00:32+08:00
93c6492a-39a2-4850-8f3a-b8efb18c8fa1,M-1374,ORD-20260822-3720-0145,CONCESSION_ACCRUAL,25,849,2026-08-22T22:44:26+08:00
1f1dd32b-8d0c-49fc-ae0f-0b3219bfc502,M-1495,ORD-20260822-5204-0146,CONCESSION_ACCRUAL,10,296,2026-08-22T23:47:05+08:00
70d5bd2f-8e3f-4018-9ad3-69807b6db498,M-1814,ORD-20260823-1348-0147,CONCESSION_ACCRUAL,18,85,2026-08-23T00:29:21+08:00
727645ad-149e-4c1c-adad-db47af7ea317,M-1973,ORD-20260822-7408-0148,CONCESSION_ACCRUAL,6,218,2026-08-22T22:40:34+08:00
261a9bf1-a348-487a-9d31-3601cf122ddf,M-1879,ORD-20260822-8600-0149,CONCESSION_ACCRUAL,8,107,2026-08-22T23:43:16+08:00
4188615b-37da-4226-9585-b050218787cb,M-1959,ORD-20260822-7173-0150,CONCESSION_ACCRUAL,8,718,2026-08-22T07:54:55+08:00
1d1001df-5a37-43d7-9b9c-8ad251956cca,M-1254,ORD-20260822-3901-0151,CONCESSION_ACCRUAL,27,459,2026-08-22T23:36:16+08:00
fac13e2f-e0fe-416a-ad98-65933d6193a3,M-1352,ORD-20260822-9246-0152,CONCESSION_ACCRUAL,26,313,2026-08-22T21:53:55+08:00
e093e834-3c66-4f84-9514-defc5742f8f8,M-1959,ORD-20260822-2916-0153,CONCESSION_ACCRUAL,11,729,2026-08-22T09:43:10+08:00
d349633b-6f5d-4fda-9156-b632453d0bd4,M-1172,ORD-20260823-3843-0154,CONCESSION_ACCRUAL,23,968,2026-08-23T01:04:29+08:00
8b7472fd-b35f-4a55-b486-21aa460acedf,M-1151,ORD-20260822-3698-0155,CONCESSION_ACCRUAL,28,109,2026-08-22T20:50:38+08:00
4afb746f-3e4b-4202-ad59-33bd6ce05ebd,M-1825,ORD-20260823-2721-0156,CONCESSION_ACCRUAL,16,268,2026-08-23T00:48:50+08:00
9d560527-be9b-48ec-8f33-214c353683d7,M-1968,ORD-20260822-9494-0157,CONCESSION_ACCRUAL,16,280,2026-08-22T23:35:05+08:00
f42854fa-49a3-44b9-a8fa-3af6c46c37c7,M-1014,ORD-20260822-2217-0158,CONCESSION_ACCRUAL,47,178,2026-08-22T17:25:42+08:00
dbfe3ee2-4431-4452-b1f4-d526ba47a982,M-1800,ORD-20260822-7396-0159,CONCESSION_ACCRUAL,30,802,2026-08-22T22:18:32+08:00
6bd268ba-a8e4-4268-bf14-af41c570e829,M-1496,ORD-20260822-5711-0160,CONCESSION_ACCRUAL,10,597,2026-08-22T16:34:45+08:00
d442feee-3e5a-44de-9b6b-2985bb23f9da,M-1854,ORD-20260822-6206-0161,CONCESSION_ACCRUAL,15,271,2026-08-22T19:12:09+08:00
3613f54e-2063-4098-88e1-b7081e0b7bf6,M-1045,ORD-20260823-1533-0162,CONCESSION_ACCRUAL,70,358,2026-08-23T02:41:19+08:00
baca76cf-40d1-437f-b037-73e252cf670a,M-1018,ORD-20260822-1967-0163,CONCESSION_ACCRUAL,16,34,2026-08-22T20:43:08+08:00
9ba89bfe-f0d3-4e6a-883a-891da20c3ea4,M-2058,ORD-20260822-3238-0164,CONCESSION_ACCRUAL,9,133,2026-08-22T19:39:26+08:00
70a3cde8-82d8-4c92-89bc-57014045a8e8,M-1670,ORD-20260823-2309-0165,CONCESSION_ACCRUAL,22,370,2026-08-23T00:48:21+08:00
20e06cfd-0b5e-4b3b-a8e9-a03574e70deb,M-1451,ORD-20260822-5905-0166,CONCESSION_ACCRUAL,70,522,2026-08-22T18:47:23+08:00
a71e480f-564b-4d75-b330-e23ccd03b1d3,M-1816,ORD-20260822-5839-0167,CONCESSION_ACCRUAL,23,190,2026-08-22T22:11:23+08:00
c01d12e2-6f12-45f4-8158-a45bc2450e30,M-1898,ORD-20260822-3196-0168,CONCESSION_ACCRUAL,39,104,2026-08-22T23:27:46+08:00
940b85b9-707a-4842-a452-7c706b2f7b91,M-1303,ORD-20260823-2773-0169,CONCESSION_ACCRUAL,4,2654,2026-08-23T00:04:27+08:00
ac2f26dd-bdc3-40ab-86eb-2f792bbc6ed0,M-1721,ORD-20260822-5259-0170,CONCESSION_ACCRUAL,33,563,2026-08-22T19:51:18+08:00
4d2522ad-30bf-4de8-acba-659dd14ec287,M-1721,TIER_UPGRADE_Silver_TO_Gold,TIER_BONUS,100,663,2026-08-22T19:51:18+08:00
21e865ca-f24e-42fc-b1f9-bf433ef7c4f3,M-1688,ORD-20260822-2777-0171,CONCESSION_ACCRUAL,11,814,2026-08-22T23:00:20+08:00
aafb0544-a8b9-4b26-ac83-ee94f5259243,M-1426,ORD-20260822-1378-0172,CONCESSION_ACCRUAL,18,1295,2026-08-22T21:23:46+08:00
8d24cf50-52b3-4319-b54d-617a4b215fbc,M-1349,ORD-20260822-7258-0173,CONCESSION_ACCRUAL,18,769,2026-08-22T18:26:57+08:00
fe36167d-965a-434a-b406-55afd3b773db,M-1891,ORD-20260822-2361-0174,CONCESSION_ACCRUAL,8,332,2026-08-22T20:14:07+08:00
3a598d0a-7102-4ac2-a498-65ff75bd0205,M-1182,ORD-20260823-2013-0175,CONCESSION_ACCRUAL,11,105,2026-08-23T00:32:40+08:00
d15ff76f-db73-41de-a452-20b149310ad8,M-1087,ORD-20260822-9731-0176,CONCESSION_ACCRUAL,13,1310,2026-08-22T18:43:09+08:00
584944d6-2f99-434b-93b7-7d20def6e17d,M-2106,ORD-20260822-1037-0177,CONCESSION_ACCRUAL,15,200,2026-08-22T18:19:44+08:00
1a4e3c5d-97d3-415f-b29b-07ab408e016a,M-2195,ORD-20260822-4705-0178,CONCESSION_ACCRUAL,8,394,2026-08-22T21:09:38+08:00
32d24257-5ca0-456c-90eb-a8bd5567eeb0,M-1336,ORD-20260822-4761-0179,CONCESSION_ACCRUAL,13,626,2026-08-22T17:27:46+08:00
3e88c9a2-ce88-4492-a274-9af832709ce7,M-2108,ORD-20260822-5684-0180,CONCESSION_ACCRUAL,12,185,2026-08-22T23:04:58+08:00
331167fe-fe9e-46c7-9ff9-e1c2cb22bd9e,M-1911,ORD-20260822-1273-0181,CONCESSION_ACCRUAL,6,186,2026-08-22T20:09:07+08:00
e78f747d-1100-4e06-ad95-6839ba8c55f8,M-2125,ORD-20260823-8682-0182,CONCESSION_ACCRUAL,6,180,2026-08-23T02:03:31+08:00
5fdb88e5-31b1-41a8-91b6-a6b41db33f43,M-1363,ORD-20260823-7108-0183,CONCESSION_ACCRUAL,23,350,2026-08-23T01:56:00+08:00
fd643e5e-0767-4a2f-bcba-9e24ae8afff9,M-1882,ORD-20260823-2793-0184,CONCESSION_ACCRUAL,23,144,2026-08-23T00:02:12+08:00
b48bfaad-50dd-4bf9-9614-f1747c1017d7,M-1790,ORD-20260822-6039-0185,CONCESSION_ACCRUAL,8,292,2026-08-22T05:40:12+08:00
fd58b9e0-3e4f-485d-873e-a5ac649129f3,M-1949,ORD-20260822-2208-0186,CONCESSION_ACCRUAL,7,214,2026-08-22T17:30:18+08:00
e24bccb8-1209-4aa8-a7bc-da525b5eaffe,M-1587,ORD-20260822-8775-0187,CONCESSION_ACCRUAL,26,1132,2026-08-22T20:45:22+08:00
871d0b59-0416-4065-8d51-51c43972c94b,M-1831,ORD-20260822-5138-0188,CONCESSION_ACCRUAL,41,149,2026-08-22T21:54:59+08:00
d64aa613-a064-46da-9eaf-181acb879a67,M-1127,ORD-20260822-2229-0189,CONCESSION_ACCRUAL,25,196,2026-08-22T18:46:26+08:00
e053a0b8-6d9e-4dd6-a8bf-01747ff16ab8,M-1383,ORD-20260822-8532-0190,CONCESSION_ACCRUAL,9,539,2026-08-22T21:37:33+08:00
83b65f02-d32c-4dca-ab5a-9cb54f32fe78,M-1963,ORD-20260822-7455-0191,CONCESSION_ACCRUAL,12,106,2026-08-22T21:28:20+08:00
3777640f-34d1-4e23-8257-744b82b856d4,M-1826,ORD-20260822-7175-0192,CONCESSION_ACCRUAL,7,164,2026-08-22T22:12:12+08:00
6d98e939-3b50-4203-b8db-76f1f35f77d3,M-1858,ORD-20260822-9190-0193,CONCESSION_ACCRUAL,27,100,2026-08-22T20:40:40+08:00
d747cb4a-41c7-41d6-b660-b145f179cd61,M-1283,ORD-20260822-3884-0194,CONCESSION_ACCRUAL,30,179,2026-08-22T22:40:01+08:00
3d77a16c-b46d-46a5-b4f0-1561b3ea7440,M-1097,ORD-20260822-5291-0195,CONCESSION_ACCRUAL,50,353,2026-08-22T21:20:37+08:00
2d740e3e-21e5-44c8-ab7d-cf48130d5a4a,M-1755,ORD-20260822-8443-0196,CONCESSION_ACCRUAL,8,241,2026-08-22T16:29:24+08:00
736e3e56-1cdc-4db4-9a3c-636cacefbb65,M-1023,ORD-20260823-2899-0197,CONCESSION_ACCRUAL,11,151,2026-08-23T01:21:41+08:00
9f7f5dc2-15c3-46d0-aaf8-ad6bbfe94a20,M-2050,ORD-20260822-2117-0198,CONCESSION_ACCRUAL,16,302,2026-08-22T17:54:22+08:00
358af888-487d-4969-ba78-b9382fcfb02d,M-1566,ORD-20260823-5731-0199,CONCESSION_ACCRUAL,9,451,2026-08-23T00:59:39+08:00
f339d8af-27d9-40c1-91ae-f4cbc094f99e,M-2033,ORD-20260822-8509-0200,CONCESSION_ACCRUAL,29,164,2026-08-22T23:18:29+08:00
ef196b5d-46d8-4f8e-b1fe-ba9c80426a6e,M-1193,ORD-20260823-7351-0201,CONCESSION_ACCRUAL,18,107,2026-08-23T01:27:57+08:00
a5421c6c-84d4-4313-aae7-148eb2cc9da4,M-1416,ORD-20260822-8401-0202,CONCESSION_ACCRUAL,27,2630,2026-08-22T14:21:13+08:00
133053d0-991d-4d3b-a3b4-d5c161611e26,M-1384,ORD-20260823-3855-0203,CONCESSION_ACCRUAL,23,1574,2026-08-23T01:07:16+08:00
fa041358-23a7-4ef5-b46d-61f9eae2bb78,M-1991,ORD-20260822-2469-0204,CONCESSION_ACCRUAL,13,189,2026-08-22T21:21:41+08:00
7b47baa5-d59a-4983-8e6d-be3a5341cab4,M-1786,ORD-20260822-3148-0205,CONCESSION_ACCRUAL,28,102,2026-08-22T08:28:39+08:00
3e60fbf0-46a0-4fb6-8822-94597283bf0e,M-1048,ORD-20260822-3302-0206,CONCESSION_ACCRUAL,18,544,2026-08-22T15:11:43+08:00
5c1f34fb-bf4d-4850-87e6-cd5be2b4414c,M-1154,ORD-20260823-1762-0207,CONCESSION_ACCRUAL,11,417,2026-08-23T00:03:31+08:00
71644f85-b861-4579-8e65-e8ff17d3631d,M-2143,ORD-20260822-1373-0208,CONCESSION_ACCRUAL,9,122,2026-08-22T22:33:56+08:00
2aeb33de-e160-4229-8e0f-553944136dcc,M-1269,ORD-20260822-6910-0209,CONCESSION_ACCRUAL,27,630,2026-08-22T17:15:26+08:00
aa8151ea-e231-40fa-9e18-7de796d2fcfa,M-1143,ORD-20260822-8332-0210,CONCESSION_ACCRUAL,4,4063,2026-08-22T22:22:51+08:00
f0419bdd-c2ce-41a7-8d6c-6fdff9b9d1f7,M-2021,ORD-20260822-3499-0211,CONCESSION_ACCRUAL,49,204,2026-08-22T20:08:44+08:00
831872d1-ee40-448c-8adf-1ab61017a11f,M-2021,TIER_UPGRADE_Standard_TO_Silver,TIER_BONUS,50,254,2026-08-22T20:08:44+08:00
1d74b975-fd1a-4588-a1b6-15cdf03d9b8a,M-1347,ORD-20260822-3023-0212,CONCESSION_ACCRUAL,12,3285,2026-08-22T02:31:03+08:00
82a0404f-6158-4389-91f5-188854878286,M-1813,ORD-20260822-1014-0213,CONCESSION_ACCRUAL,28,135,2026-08-22T21:55:48+08:00
8d004115-36e2-4af2-9a95-80446e981f15,M-1651,ORD-20260822-7841-0214,CONCESSION_ACCRUAL,8,544,2026-08-22T21:26:49+08:00
26db1db3-2d92-4a24-a22f-36b82ca9e7bb,M-1274,ORD-20260823-9792-0215,CONCESSION_ACCRUAL,15,606,2026-08-23T00:07:38+08:00
e8625aeb-d5f2-459f-86bb-52eb1571ffca,M-1740,ORD-20260823-9958-0216,CONCESSION_ACCRUAL,18,1386,2026-08-23T00:21:23+08:00
ab636db8-ba1e-458b-9244-773d849444b1,M-1033,ORD-20260822-5016-0217,CONCESSION_ACCRUAL,16,371,2026-08-22T20:32:58+08:00
c7cfa70d-3849-427f-8d96-6107793fa87e,M-1546,ORD-20260822-1468-0218,CONCESSION_ACCRUAL,3,69,2026-08-22T18:51:19+08:00
a96f5e21-b89a-48ec-b71d-4f1ad8aa0449,M-1509,ORD-20260822-4818-0219,CONCESSION_ACCRUAL,13,338,2026-08-22T18:30:14+08:00
d8ac5a62-36c7-4a4e-85d1-55a84be79692,M-2048,ORD-20260822-4733-0220,CONCESSION_ACCRUAL,9,59,2026-08-22T19:08:45+08:00
3d0ab310-ae91-4ca6-838c-1f2266ded9eb,M-1681,ORD-20260823-5251-0221,CONCESSION_ACCRUAL,31,146,2026-08-23T00:35:33+08:00
a123cd01-e0ea-409c-a4fc-96218c9c205b,M-2104,ORD-20260822-7466-0222,CONCESSION_ACCRUAL,6,102,2026-08-22T23:14:48+08:00
6e49787d-c5a6-4627-a97d-007395a2781c,M-1387,ORD-20260823-8303-0223,CONCESSION_ACCRUAL,7,219,2026-08-23T00:52:18+08:00
e7344e2a-4aab-445b-96f4-09652400c36f,M-1197,ORD-20260822-1212-0224,CONCESSION_ACCRUAL,30,159,2026-08-22T23:36:04+08:00
96dc3d69-83c9-4c89-8836-540e72d61825,M-1481,ORD-20260822-6610-0225,CONCESSION_ACCRUAL,15,412,2026-08-22T23:39:28+08:00
941fc232-d215-4935-a7a6-5219de9ac2cc,M-2088,ORD-20260823-4870-0226,CONCESSION_ACCRUAL,8,154,2026-08-23T00:11:30+08:00
fa07b140-619a-41ee-980e-fa1166d39001,M-1567,ORD-20260822-7158-0227,CONCESSION_ACCRUAL,39,193,2026-08-22T23:31:41+08:00
d41184dc-4e0a-4997-b992-91c9cd4e3957,M-1450,ORD-20260823-1520-0228,CONCESSION_ACCRUAL,13,255,2026-08-23T02:36:17+08:00
64c8ca94-97c2-46c2-88d9-9574348cf9db,M-1778,ORD-20260822-3971-0229,CONCESSION_ACCRUAL,3,107,2026-08-22T22:09:25+08:00
44071b6e-9ceb-428a-abeb-11c462058795,M-1471,ORD-20260822-3714-0230,CONCESSION_ACCRUAL,11,211,2026-08-22T19:02:33+08:00
58310c86-3724-40c2-bd1b-b261836c4646,M-1036,ORD-20260822-7871-0231,CONCESSION_ACCRUAL,13,368,2026-08-22T21:08:40+08:00
aafae666-34c0-4b2e-b4ea-eb1fb83e37f2,M-1966,ORD-20260822-8370-0232,CONCESSION_ACCRUAL,6,182,2026-08-22T21:37:20+08:00
c12b219f-f0bf-4c10-96ef-6a150efc66fb,M-1939,ORD-20260822-9944-0233,CONCESSION_ACCRUAL,15,260,2026-08-22T20:11:58+08:00
ff631034-1776-4fb1-9eff-1136f21ef42f,M-1418,ORD-20260822-2489-0234,CONCESSION_ACCRUAL,15,163,2026-08-22T14:31:13+08:00
bc4274a2-c327-488c-bc48-46546dacc285,M-2026,ORD-20260822-4642-0235,CONCESSION_ACCRUAL,8,85,2026-08-22T18:40:31+08:00
61a55fb5-4d7c-466d-bab4-26fbd26c3653,M-1120,ORD-20260822-8131-0236,CONCESSION_ACCRUAL,39,855,2026-08-22T22:22:36+08:00
54107297-1e14-409a-b4fe-e25a2948c0e7,M-1357,ORD-20260822-1803-0237,CONCESSION_ACCRUAL,15,310,2026-08-22T20:54:24+08:00
6e00da2f-044d-40fd-bca5-121f5acd16fe,M-1225,ORD-20260822-4601-0238,CONCESSION_ACCRUAL,11,208,2026-08-22T19:57:22+08:00
246580b0-f38f-4151-b4c9-1b1995cb5e39,M-1944,ORD-20260822-1313-0239,CONCESSION_ACCRUAL,11,104,2026-08-22T22:31:07+08:00
c5124ae3-1caa-4873-90f6-0a6461ad8fdb,M-1696,ORD-20260822-4803-0240,CONCESSION_ACCRUAL,23,572,2026-08-22T21:32:13+08:00
feec903b-3623-4bb9-a7e1-0c26469e7ac3,M-2022,ORD-20260822-6469-0241,CONCESSION_ACCRUAL,12,158,2026-08-22T22:16:02+08:00
f3b8c737-8102-438a-b74e-8836a7dca3cd,M-1452,ORD-20260822-8770-0242,CONCESSION_ACCRUAL,16,153,2026-08-22T15:24:33+08:00
6018b90d-d663-46dc-a4d0-d6f9e98ae6c5,M-1498,ORD-20260822-6164-0243,CONCESSION_ACCRUAL,13,362,2026-08-22T22:22:48+08:00
eec6c776-025d-4168-94a1-f14bb710cccf,M-1020,ORD-20260822-3151-0244,CONCESSION_ACCRUAL,25,324,2026-08-22T17:48:10+08:00
02c84f42-60e3-4289-86bd-abc76c89906e,M-1214,ORD-20260822-1215-0245,CONCESSION_ACCRUAL,7,143,2026-08-22T13:10:21+08:00
aadb33eb-e184-45f6-aabf-d3d70a7371af,M-1530,ORD-20260822-4829-0246,CONCESSION_ACCRUAL,12,158,2026-08-22T21:45:51+08:00
89946980-b5e9-438c-a167-e61397bf8a8b,M-2194,ORD-20260822-3919-0247,CONCESSION_ACCRUAL,35,250,2026-08-22T23:15:03+08:00
6aff04c6-18ec-4918-8a14-022c42b88941,M-2129,ORD-20260822-1120-0248,CONCESSION_ACCRUAL,15,28,2026-08-22T17:52:17+08:00
5685a648-db53-41d3-bcbd-1e509dc04611,M-1950,ORD-20260822-6666-0249,CONCESSION_ACCRUAL,24,102,2026-08-22T21:54:14+08:00
a8542af5-f453-49a7-a46e-92636f27a5da,M-1298,ORD-20260822-4962-0250,CONCESSION_ACCRUAL,11,604,2026-08-22T16:59:15+08:00
8cbe3fef-6ec0-4bca-9548-4505fbff2ab5,M-1836,ORD-20260822-8815-0251,CONCESSION_ACCRUAL,19,693,2026-08-22T23:00:34+08:00
7f8971a0-d154-4df0-8d8a-078996d1f55b,M-1275,ORD-20260822-3375-0252,CONCESSION_ACCRUAL,25,245,2026-08-22T23:11:29+08:00
e74dda04-a4f2-4611-b495-80630cdd972c,M-1053,ORD-20260822-8656-0253,CONCESSION_ACCRUAL,3,484,2026-08-22T19:23:38+08:00
b1e1390b-8b83-49b3-8eb7-6536d8b28565,M-1072,ORD-20260822-3701-0254,CONCESSION_ACCRUAL,11,374,2026-08-22T19:59:28+08:00
611e42ba-036d-427f-ad15-b25038ac2e64,M-1399,ORD-20260822-7755-0255,CONCESSION_ACCRUAL,24,90,2026-08-22T23:06:28+08:00
cbdaab86-6469-4b4f-95bf-af67a08f55ed,M-1485,ORD-20260822-9400-0256,CONCESSION_ACCRUAL,7,36,2026-08-22T19:34:49+08:00
23720564-0e20-4251-b2b7-59f1f61e4518,M-1468,ORD-20260822-2614-0257,CONCESSION_ACCRUAL,13,504,2026-08-22T23:35:04+08:00
fb925721-8fbe-4260-b461-f567eedd55b5,M-1600,ORD-20260822-1023-0258,CONCESSION_ACCRUAL,12,58,2026-08-22T20:42:40+08:00
38f6b03e-3ee0-46bc-87ef-e872b04cc11d,M-1590,ORD-20260822-7746-0259,CONCESSION_ACCRUAL,9,295,2026-08-22T13:28:04+08:00
e82d09ca-0685-4a8f-a775-f9bf48054725,M-1742,ORD-20260822-8754-0260,CONCESSION_ACCRUAL,8,202,2026-08-22T20:48:12+08:00
919cfb4e-82d8-4f80-8e21-dd7f2cfed92d,M-1080,ORD-20260822-4167-0261,CONCESSION_ACCRUAL,17,453,2026-08-22T14:57:16+08:00
bbead517-4ae2-4ca3-a480-eecf0052c7d5,M-1747,ORD-20260822-9006-0262,CONCESSION_ACCRUAL,9,422,2026-08-22T21:21:49+08:00
199bc96b-c9c0-4910-b0df-6a7f55b407ac,M-1827,ORD-20260823-7122-0263,CONCESSION_ACCRUAL,3,619,2026-08-23T00:27:12+08:00
ecd5933b-2b11-4742-ab3e-3be60c7d539d,M-2179,ORD-20260822-6733-0264,CONCESSION_ACCRUAL,15,253,2026-08-22T21:55:24+08:00
c5f2757e-2378-4246-b218-d2a6c1180ec3,M-1187,ORD-20260822-6324-0265,CONCESSION_ACCRUAL,11,594,2026-08-22T12:09:59+08:00
68dca572-7ed3-444c-b867-ef87634c7219,M-1401,ORD-20260822-3669-0266,CONCESSION_ACCRUAL,8,475,2026-08-22T23:42:06+08:00
e3c7f2df-7379-47a8-8017-0d876f946e42,M-1344,ORD-20260822-1494-0267,CONCESSION_ACCRUAL,8,404,2026-08-22T18:54:32+08:00
7e600a2c-e8e7-4176-802a-2a5dcead3ab1,M-1444,ORD-20260823-1792-0268,CONCESSION_ACCRUAL,31,3314,2026-08-23T00:50:13+08:00
b5d72dc7-0d06-4508-87af-0623b0dcd46c,M-1742,ORD-20260822-2605-0269,CONCESSION_ACCRUAL,8,210,2026-08-22T13:38:59+08:00
a8c84c71-8b89-4975-9897-f4075771d81a,M-1330,ORD-20260822-8429-0270,CONCESSION_ACCRUAL,13,3119,2026-08-22T10:54:27+08:00
a9c66524-ed03-4350-bcd8-d42ab91d1146,M-1666,ORD-20260822-7132-0271,CONCESSION_ACCRUAL,18,208,2026-08-22T15:52:12+08:00
03c08f1a-021f-485f-bed2-3baacba9e519,M-1024,ORD-20260822-6005-0272,CONCESSION_ACCRUAL,8,233,2026-08-22T15:38:40+08:00
99429aa0-b68e-475c-b044-f0632ad38205,M-1293,ORD-20260822-3244-0273,CONCESSION_ACCRUAL,15,107,2026-08-22T18:27:25+08:00
5fefe302-15c0-492e-ae7e-c33e0a237ebf,M-1123,ORD-20260822-3004-0274,CONCESSION_ACCRUAL,14,180,2026-08-22T09:37:29+08:00
51a42721-4b89-4710-9d6f-e3ff9b6cfa10,M-1913,ORD-20260823-8106-0275,CONCESSION_ACCRUAL,15,102,2026-08-23T00:21:16+08:00
8772f986-668c-4e7f-97ce-b7d83f546ceb,M-1209,ORD-20260823-3162-0276,CONCESSION_ACCRUAL,9,402,2026-08-23T04:14:33+08:00
92310168-5a5b-495c-93e1-04e3b12bcd54,M-2016,ORD-20260822-9353-0277,CONCESSION_ACCRUAL,16,177,2026-08-22T21:23:26+08:00
4a599007-52fe-4120-b74d-14da5af9f29e,M-1242,ORD-20260822-8035-0278,CONCESSION_ACCRUAL,3,46,2026-08-22T11:54:36+08:00
5f0b1efa-f759-4d08-8763-4b948b46d20d,M-1395,ORD-20260822-1529-0279,CONCESSION_ACCRUAL,8,27,2026-08-22T19:20:03+08:00
59b5ffb1-307a-42dd-b1d5-07d7241a833b,M-1536,ORD-20260823-3070-0280,CONCESSION_ACCRUAL,11,432,2026-08-23T02:10:04+08:00
2c837999-d7b6-49e0-b266-2324ebfc87ab,M-2044,ORD-20260822-2486-0281,CONCESSION_ACCRUAL,29,530,2026-08-22T23:46:48+08:00
39f434e5-211e-4b97-8d89-a2757a3e92ea,M-1732,ORD-20260822-4601-0282,CONCESSION_ACCRUAL,20,386,2026-08-22T14:54:19+08:00
020e08c8-f4e2-4691-b9d3-256c467325d2,M-1624,ORD-20260822-6133-0283,CONCESSION_ACCRUAL,40,388,2026-08-22T19:16:36+08:00
424b2bf0-15c1-40b9-843b-7bf64305a159,M-1501,ORD-20260822-4016-0284,CONCESSION_ACCRUAL,25,109,2026-08-22T14:06:32+08:00
4939c07c-99a1-403b-a8d8-e3b7762b9bfe,M-1626,ORD-20260823-8107-0285,CONCESSION_ACCRUAL,11,564,2026-08-23T00:49:00+08:00
808b7de8-8ee5-4095-b85b-e2b5c46bbf70,M-1715,ORD-20260822-4415-0286,CONCESSION_ACCRUAL,53,230,2026-08-22T23:38:37+08:00
161a9e3b-ef82-44d9-8048-6bc6383f38c9,M-2136,ORD-20260823-4956-0287,CONCESSION_ACCRUAL,12,101,2026-08-23T01:14:31+08:00
bb5e1775-56b7-4647-b1c3-e186351ae49d,M-2160,ORD-20260822-7243-0288,CONCESSION_ACCRUAL,11,116,2026-08-22T19:00:02+08:00
105b1a16-9851-46a6-9533-d68ae2bfeec2,M-1643,ORD-20260822-7888-0289,CONCESSION_ACCRUAL,22,424,2026-08-22T20:29:41+08:00
52f08168-ac19-4e88-9a9c-ef3b46f50f8a,M-1339,ORD-20260822-3852-0290,CONCESSION_ACCRUAL,19,217,2026-08-22T21:23:19+08:00
3bdaf28a-fe0e-47fb-9c2f-2422a092ba43,M-1806,ORD-20260822-8083-0291,CONCESSION_ACCRUAL,8,240,2026-08-22T23:59:13+08:00
120d6ffc-2033-4215-8457-bbfea6b6fc98,M-1112,ORD-20260822-8542-0292,CONCESSION_ACCRUAL,13,1456,2026-08-22T04:45:26+08:00
22615bc5-0255-439b-a87a-7c82d131d33f,M-1207,ORD-20260822-1751-0293,CONCESSION_ACCRUAL,21,290,2026-08-22T22:12:22+08:00
9c8efc32-8854-4153-a386-60dbe024fd3b,M-1580,ORD-20260822-9328-0294,CONCESSION_ACCRUAL,12,1176,2026-08-22T17:59:10+08:00
0cc02d62-f02d-47f5-bda5-bddf06c884a2,M-1815,ORD-20260822-8090-0295,CONCESSION_ACCRUAL,15,126,2026-08-22T02:58:54+08:00
128119e0-9782-48ee-ad63-7215d564cdc6,M-1652,ORD-20260823-9206-0296,CONCESSION_ACCRUAL,16,128,2026-08-23T00:21:33+08:00
e468ca48-59fc-404d-8aed-08736c02b4d5,M-1728,ORD-20260823-9872-0297,CONCESSION_ACCRUAL,34,401,2026-08-23T01:35:49+08:00
9a5077c5-b79f-4ecf-b964-f58cdea3d8fd,M-2053,ORD-20260822-6434-0298,CONCESSION_ACCRUAL,15,421,2026-08-22T23:21:36+08:00
79bc3fa5-c8b3-4978-a656-99b1762849ff,M-1159,ORD-20260822-6070-0299,CONCESSION_ACCRUAL,22,137,2026-08-22T23:43:26+08:00
1d8d2e7d-192f-4ca6-a2e1-9b17aef97fe5,M-1454,ORD-20260823-5038-0300,CONCESSION_ACCRUAL,18,1822,2026-08-23T00:42:36+08:00
04264493-319b-4915-be1d-01c41958576b,M-2008,ORD-20260822-5193-0301,CONCESSION_ACCRUAL,12,66,2026-08-22T11:56:19+08:00
8ba30822-bfe6-44ff-b2b4-d714c23d61ec,M-1519,ORD-20260822-4955-0302,CONCESSION_ACCRUAL,26,522,2026-08-22T21:11:53+08:00
9ece5bb9-9f20-4f5d-9b9a-9b7a033a60e5,M-1058,ORD-20260822-7404-0303,CONCESSION_ACCRUAL,21,157,2026-08-22T20:02:44+08:00
eba2c359-5648-4860-a312-64ebf07c8690,M-1436,ORD-20260822-4960-0304,CONCESSION_ACCRUAL,9,655,2026-08-22T22:34:20+08:00
d21c6806-3c84-480e-beaa-db1256bbfa9c,M-1417,ORD-20260822-6649-0305,CONCESSION_ACCRUAL,22,545,2026-08-22T19:24:37+08:00
d20cdf4c-33d9-4a3b-b32f-643d0039755a,M-1588,ORD-20260822-9407-0306,CONCESSION_ACCRUAL,19,1652,2026-08-22T19:14:27+08:00
7ff9fd3e-a783-422a-a7fb-110ab0bd4e27,M-2153,ORD-20260822-2383-0307,CONCESSION_ACCRUAL,6,125,2026-08-22T19:22:29+08:00
2c4495bd-5474-4889-b0a0-287d9e1c370c,M-1810,ORD-20260823-4749-0308,CONCESSION_ACCRUAL,13,364,2026-08-23T00:41:54+08:00
798d9a51-cbd8-4faf-8d5b-6c9bf3ab463a,M-1524,ORD-20260822-6073-0309,CONCESSION_ACCRUAL,24,147,2026-08-22T23:48:58+08:00
ffb52a55-2c03-4538-acf3-3fa0797f74c0,M-1217,ORD-20260822-1077-0310,CONCESSION_ACCRUAL,10,54,2026-08-22T19:18:50+08:00
227dc890-dd08-44ab-8f46-00b3129204dd,M-1309,ORD-20260822-8917-0311,CONCESSION_ACCRUAL,15,158,2026-08-22T17:17:00+08:00
82c64325-137a-4ad0-b932-d07afd007b07,M-1828,ORD-20260822-3803-0312,CONCESSION_ACCRUAL,17,364,2026-08-22T09:20:00+08:00
6702e4b4-b907-4ab5-8a7b-75237afda48a,M-2057,ORD-20260822-6561-0313,CONCESSION_ACCRUAL,15,77,2026-08-22T10:36:00+08:00
58dddcab-d7b6-4442-853a-732762ee2c72,M-1251,ORD-20260822-7440-0314,CONCESSION_ACCRUAL,11,335,2026-08-22T14:22:00+08:00
39e06058-7cc1-483d-9f0b-c857f3abcb05,M-1524,ORD-20260822-7261-0315,CONCESSION_ACCRUAL,21,168,2026-08-22T15:58:00+08:00
2a10070f-3c7e-4b3b-9210-1792e4b0f135,M-2020,ORD-20260822-4413-0316,CONCESSION_ACCRUAL,11,374,2026-08-22T17:14:00+08:00
fb3b3154-483e-4270-be2f-09461a1ff3bb,M-1482,ORD-20260822-1101-0317,CONCESSION_ACCRUAL,26,417,2026-08-22T12:28:00+08:00
23bd43c6-f85b-4f03-871c-c8ed1047c44d,M-2035,ORD-20260822-5870-0318,CONCESSION_ACCRUAL,3,337,2026-08-22T12:03:00+08:00
d76fc519-117a-4ae6-822c-7947fb9e85ca,M-1911,ORD-20260822-1075-0319,CONCESSION_ACCRUAL,36,222,2026-08-22T21:53:00+08:00
94e3e527-a62d-423b-a65e-b801fc6d30ef,M-1746,ORD-20260822-1948-0320,CONCESSION_ACCRUAL,15,131,2026-08-22T10:44:00+08:00
98b855d2-7e10-4eed-ad2c-cd4c4938e05b,M-1221,ORD-20260822-4875-0321,CONCESSION_ACCRUAL,27,520,2026-08-22T21:19:00+08:00
099264ad-5ddb-41a7-9cb6-e796ed86acaa,M-1451,ORD-20260822-1166-0322,CONCESSION_ACCRUAL,15,537,2026-08-22T18:17:00+08:00
8ddccb73-cd75-426d-ad6a-a55bbdb37b59,M-1398,ORD-20260822-1197-0323,CONCESSION_ACCRUAL,9,296,2026-08-22T10:42:00+08:00
a6c2a11c-9c86-44b3-a96f-650af72547b4,M-1085,ORD-20260822-3566-0324,CONCESSION_ACCRUAL,23,247,2026-08-22T10:15:00+08:00
54896014-28d6-4b9c-b91f-854118b5d7d1,M-1280,ORD-20260822-2925-0325,CONCESSION_ACCRUAL,9,410,2026-08-22T11:46:00+08:00
ecc3fd16-5ac6-4d5b-88c2-1eb5597c849e,M-1747,ORD-20260822-1719-0326,CONCESSION_ACCRUAL,45,467,2026-08-22T15:01:00+08:00
9f0380f3-4221-484f-b1bb-3f726b40736b,M-1036,ORD-20260822-6264-0327,CONCESSION_ACCRUAL,13,381,2026-08-22T15:37:00+08:00
e4ced00b-2493-4197-9a26-4143762099bf,M-1020,ORD-20260822-7001-0328,CONCESSION_ACCRUAL,7,331,2026-08-22T09:18:00+08:00
1e70c6a7-4043-40fd-b6fb-1d3f50f433a2,M-1189,ORD-20260822-3366-0329,CONCESSION_ACCRUAL,26,558,2026-08-22T13:04:00+08:00
058178ae-0729-4025-b718-0492e2f38509,M-1424,ORD-20260822-7288-0330,CONCESSION_ACCRUAL,20,233,2026-08-22T09:39:00+08:00
818e3392-94b2-4d26-86f1-9d63e642dd96,M-1947,ORD-20260822-2437-0331,CONCESSION_ACCRUAL,15,288,2026-08-22T14:00:00+08:00
3350a20a-a032-40f4-bc2c-ffe85ae841db,M-1283,ORD-20260822-5086-0332,CONCESSION_ACCRUAL,11,190,2026-08-22T19:22:00+08:00
b336402c-2f23-40f7-9087-9d4d79667d61,M-1933,ORD-20260822-7188-0333,CONCESSION_ACCRUAL,12,157,2026-08-22T17:03:00+08:00
e5fa57ee-c4e1-40e9-8d59-d134b7869f8b,M-2095,ORD-20260822-3150-0334,CONCESSION_ACCRUAL,16,385,2026-08-22T13:52:00+08:00
baa54c21-7e7f-44db-bc0b-4cfae947c08b,M-1411,ORD-20260822-5680-0335,CONCESSION_ACCRUAL,32,566,2026-08-22T21:28:00+08:00
8223b7d4-f19b-45de-9e5c-037e1caadba3,M-1022,ORD-20260822-7784-0336,CONCESSION_ACCRUAL,10,159,2026-08-22T19:56:00+08:00
e8a174c7-ac64-4a88-ac26-41a661c5f338,M-2113,ORD-20260822-4192-0337,CONCESSION_ACCRUAL,29,345,2026-08-22T11:44:00+08:00
64953dba-237a-4399-988a-e9bd4d97ac2c,M-1626,ORD-20260822-8801-0338,CONCESSION_ACCRUAL,3,567,2026-08-22T15:15:00+08:00
01878bd3-e79c-403f-9070-d96ee261e395,M-1039,ORD-20260822-5003-0339,CONCESSION_ACCRUAL,56,337,2026-08-22T13:36:00+08:00
060f565f-f47b-43a4-83e1-ff7864f0eae2,M-1500,ORD-20260822-4822-0340,CONCESSION_ACCRUAL,13,114,2026-08-22T15:45:00+08:00
731ddef4-aad9-4336-8110-539736c1a052,M-1369,ORD-20260822-6701-0341,CONCESSION_ACCRUAL,16,603,2026-08-22T18:37:00+08:00
bcfe3d7c-060c-4dd3-94ca-dabe5297ae8c,M-1882,ORD-20260822-7246-0342,CONCESSION_ACCRUAL,67,211,2026-08-22T13:00:00+08:00
20a45088-616d-4247-bad2-106ccb286ed1,M-1381,ORD-20260822-2726-0343,CONCESSION_ACCRUAL,15,320,2026-08-22T15:02:00+08:00
86f5d73e-0ae5-4eb5-9200-6a0b8a6de801,M-1898,ORD-20260822-3626-0344,CONCESSION_ACCRUAL,15,119,2026-08-22T16:12:00+08:00
0b485a39-ab8d-4149-b223-cc64b2e7782b,M-1245,ORD-20260822-8429-0345,CONCESSION_ACCRUAL,9,150,2026-08-22T21:52:00+08:00
4e251a5b-18a6-4d25-abcf-a2887e99b1db,M-1099,ORD-20260822-1926-0346,CONCESSION_ACCRUAL,22,225,2026-08-22T09:06:00+08:00
eadc1d9b-1bc1-4ca1-8b4a-858622124581,M-1013,ORD-20260822-2259-0347,CONCESSION_ACCRUAL,18,131,2026-08-22T11:02:00+08:00
ad9dfefb-5aa3-4747-b82b-600be32a32fa,M-1120,ORD-20260822-6802-0348,CONCESSION_ACCRUAL,27,882,2026-08-22T13:58:00+08:00
7e4ceded-b716-481e-aecf-438b75c5a527,M-1051,ORD-20260822-1451-0349,CONCESSION_ACCRUAL,14,366,2026-08-22T21:19:00+08:00
6ff518ff-5407-4781-9cc7-f12997efce7d,M-1411,ORD-20260822-2289-0350,CONCESSION_ACCRUAL,4,570,2026-08-22T20:06:00+08:00
587dafb2-7525-438d-b42a-4eafc6b4350a,M-1782,ORD-20260822-5270-0351,CONCESSION_ACCRUAL,30,472,2026-08-22T12:24:00+08:00
c516f8d4-3c3e-4826-8d11-5f5f4c58d9ee,M-1837,ORD-20260822-1426-0352,CONCESSION_ACCRUAL,11,253,2026-08-22T21:43:00+08:00
ed0372fc-3e2e-4e8e-a4cb-f721925657f7,M-2072,ORD-20260822-3854-0353,CONCESSION_ACCRUAL,16,247,2026-08-22T15:22:00+08:00
15451365-d3dd-4cca-8582-ea2a9e88578c,M-2194,ORD-20260822-6540-0354,CONCESSION_ACCRUAL,36,286,2026-08-22T09:32:00+08:00
cc9e2694-05c8-43a4-8dca-0f9f290466e2,M-1234,ORD-20260822-2076-0355,CONCESSION_ACCRUAL,11,313,2026-08-22T14:59:00+08:00
b81bc3dc-ae8c-4e46-924c-ecdeb6148ed0,M-2185,ORD-20260822-8867-0356,CONCESSION_ACCRUAL,6,106,2026-08-22T14:01:00+08:00
35e57a39-a606-4510-a610-631a7e850e45,M-1260,ORD-20260822-3432-0357,CONCESSION_ACCRUAL,18,461,2026-08-22T21:36:00+08:00
825f3855-a433-4ded-a9a4-c84e940ad607,M-1380,ORD-20260822-8376-0358,CONCESSION_ACCRUAL,9,355,2026-08-22T15:44:00+08:00
570d0c13-6be1-4379-a62c-08e6a962a52c,M-1759,ORD-20260822-7208-0359,CONCESSION_ACCRUAL,3,324,2026-08-22T19:08:00+08:00
67fa7a3e-c90e-4bc7-8825-18411fd68c8d,M-1975,ORD-20260822-5494-0360,CONCESSION_ACCRUAL,16,103,2026-08-22T20:49:00+08:00
40ff2aca-3cd6-4dd3-9aee-1e28d75e61b1,M-1600,ORD-20260822-5050-0361,CONCESSION_ACCRUAL,16,74,2026-08-22T19:35:00+08:00
07d55af6-cddd-4bd7-97fc-0383cd62276c,M-1571,ORD-20260822-2709-0362,CONCESSION_ACCRUAL,3,445,2026-08-22T20:12:00+08:00
d8f17e83-d880-4a71-8000-83e5f9dbc5fa,M-1753,ORD-20260822-3251-0363,CONCESSION_ACCRUAL,36,571,2026-08-22T09:26:00+08:00
b92039b2-713c-439c-b23d-146e645bd80d,M-1764,ORD-20260822-6249-0364,CONCESSION_ACCRUAL,20,276,2026-08-22T22:31:00+08:00
3621e724-fbe1-4932-be36-687dbe9e7263,M-1764,TIER_UPGRADE_Silver_TO_Gold,TIER_BONUS,100,376,2026-08-22T22:31:00+08:00
98ddd9b4-77e8-471d-9e04-0797f40aa930,M-1261,ORD-20260822-9105-0365,CONCESSION_ACCRUAL,8,132,2026-08-22T09:57:00+08:00
4198aa11-1195-40ca-a373-b2057881b8fa,M-1417,ORD-20260822-4296-0366,CONCESSION_ACCRUAL,3,548,2026-08-22T11:47:00+08:00
b7560b15-f300-438b-bf0c-8ef92c229e4d,M-1462,ORD-20260822-9990-0367,CONCESSION_ACCRUAL,31,536,2026-08-22T12:09:00+08:00
cdebfddf-e2aa-4560-a93a-adb1ee204ac2,M-1383,ORD-20260822-4167-0368,CONCESSION_ACCRUAL,8,547,2026-08-22T19:09:00+08:00
ed3ddc34-6023-491b-9077-d3ad3956ccdb,M-2051,ORD-20260822-4865-0369,CONCESSION_ACCRUAL,8,319,2026-08-22T10:20:00+08:00
50692be8-4957-40cc-aa07-339a0e9d664a,M-1811,ORD-20260822-8392-0370,CONCESSION_ACCRUAL,11,143,2026-08-22T18:43:00+08:00
5f74dd7f-c1c9-4bc5-b98c-5a095827e8c7,M-1154,ORD-20260822-6232-0371,CONCESSION_ACCRUAL,7,424,2026-08-22T13:15:00+08:00
9495eeeb-1730-48c7-82c0-0a49609c08e7,M-1507,ORD-20260822-5066-0372,CONCESSION_ACCRUAL,3,401,2026-08-22T14:18:00+08:00
47b9052c-64b2-4394-83ed-26ebc65e8ddb,M-1449,ORD-20260822-7217-0373,CONCESSION_ACCRUAL,48,161,2026-08-22T19:15:00+08:00
abefd9d7-b05e-45c6-835c-b4adc9154887,M-2032,ORD-20260822-1404-0374,CONCESSION_ACCRUAL,16,177,2026-08-22T18:42:00+08:00
07cda254-38db-4365-b141-7f92b0307d0b,M-1490,ORD-20260822-5311-0375,CONCESSION_ACCRUAL,10,248,2026-08-22T11:52:00+08:00
468c4789-2a22-433d-8e93-8bd7e7eaa61e,M-1743,ORD-20260822-8626-0376,CONCESSION_ACCRUAL,9,395,2026-08-22T15:42:00+08:00
ccf5ac4c-4493-4670-9adb-d2973666f5ba,M-1170,ORD-20260822-3173-0377,CONCESSION_ACCRUAL,19,55,2026-08-22T21:30:00+08:00
4e295102-1aad-4e86-bf67-ddb0dde778c7,M-2067,ORD-20260822-7913-0378,CONCESSION_ACCRUAL,13,123,2026-08-22T13:38:00+08:00
03e54685-5d20-426e-bcdc-c8e1aee2b3b2,M-1557,ORD-20260822-1808-0379,CONCESSION_ACCRUAL,22,646,2026-08-22T13:33:00+08:00
687d1d10-5472-40b0-b1a8-78da3c59fb8d,M-1456,ORD-20260822-5339-0380,CONCESSION_ACCRUAL,10,496,2026-08-22T16:32:00+08:00
00d9ed33-0e3b-441a-b9ae-5767ec08cbc1,M-1657,ORD-20260822-2596-0381,CONCESSION_ACCRUAL,50,758,2026-08-22T20:39:00+08:00
85ea3816-fb89-49ef-83d2-1954d4acaeae,M-1838,ORD-20260822-2501-0382,CONCESSION_ACCRUAL,10,516,2026-08-22T12:32:00+08:00
afdbc2f7-6c83-48b9-b1df-fb0a53ba91cc,M-1704,ORD-20260822-6078-0383,CONCESSION_ACCRUAL,7,146,2026-08-22T21:08:00+08:00
0a7d5821-1375-41b9-ad99-d8f4a04340c9,M-1773,ORD-20260822-1430-0384,CONCESSION_ACCRUAL,15,91,2026-08-22T22:26:00+08:00
d5550ed4-2595-4b97-9805-2c258e15d3c9,M-1723,ORD-20260822-3179-0385,CONCESSION_ACCRUAL,16,733,2026-08-22T21:25:00+08:00
c54b2019-d6ae-4c19-b9b5-e5baa086972f,M-1353,ORD-20260822-1104-0386,CONCESSION_ACCRUAL,16,311,2026-08-22T13:25:00+08:00
fffa290e-bba8-48e5-8add-80473f284664,M-2050,ORD-20260822-7676-0387,CONCESSION_ACCRUAL,8,310,2026-08-22T14:43:00+08:00
aba8408b-cdfc-41fb-b6c8-0986442e0091,M-1858,ORD-20260822-1493-0388,CONCESSION_ACCRUAL,16,116,2026-08-22T10:43:00+08:00
5fdc16f4-9bf0-4143-8a5e-3018275e914f,M-1481,ORD-20260822-4228-0389,CONCESSION_ACCRUAL,15,427,2026-08-22T16:40:00+08:00
2d7391ee-f25a-4902-9d32-732a6a4138da,M-1832,ORD-20260822-1470-0390,CONCESSION_ACCRUAL,11,114,2026-08-22T21:26:00+08:00
97b9d264-9d23-4720-9396-8f3951d89872,M-1852,ORD-20260822-5493-0391,CONCESSION_ACCRUAL,27,67,2026-08-22T09:37:00+08:00
b36ce6ab-785a-404a-9ca0-e875c77d9713,M-1914,ORD-20260822-6267-0392,CONCESSION_ACCRUAL,17,116,2026-08-22T17:14:00+08:00
51f62d35-f0d8-474d-9dc0-b46a1079c489,M-1121,ORD-20260822-3693-0393,CONCESSION_ACCRUAL,15,368,2026-08-22T20:57:00+08:00
752aa3a3-9fa1-429d-b880-e6eb1eb172f8,M-2100,ORD-20260822-8844-0394,CONCESSION_ACCRUAL,3,160,2026-08-22T15:24:00+08:00
944066f4-6569-4230-818a-a1ab73ec7697,M-1994,ORD-20260822-1195-0395,CONCESSION_ACCRUAL,12,90,2026-08-22T13:03:00+08:00
6490f0d1-8f40-4934-b7fc-7f325df31e7c,M-1931,ORD-20260822-2232-0396,CONCESSION_ACCRUAL,31,103,2026-08-22T17:05:00+08:00
7612fa87-6179-461b-bbc5-10964a190c69,M-1239,ORD-20260822-5596-0397,CONCESSION_ACCRUAL,11,74,2026-08-22T10:29:00+08:00
4ff935a6-7a4c-441c-8962-ff4fd6ae1163,M-1994,ORD-20260822-2853-0398,CONCESSION_ACCRUAL,9,99,2026-08-22T17:04:00+08:00
7e1f3ca7-1881-4bf4-b985-6b4a999eb29b,M-1766,ORD-20260822-5684-0399,CONCESSION_ACCRUAL,12,581,2026-08-22T19:17:00+08:00
3b1ace2d-a639-4933-8d2d-e5a130aa54e2,M-1626,ORD-20260822-9663-0400,CONCESSION_ACCRUAL,8,575,2026-08-22T15:00:00+08:00
5cd68433-17bb-4897-a941-ddb3120d355a,M-1128,ORD-20260822-6878-0401,CONCESSION_ACCRUAL,21,228,2026-08-22T21:39:00+08:00
85a60af7-47ab-4f1b-b779-8728fd1f7fc5,M-1916,ORD-20260822-5349-0402,CONCESSION_ACCRUAL,27,59,2026-08-22T20:49:00+08:00
20c9edec-7578-46af-a030-b93701357f08,M-1868,ORD-20260822-7575-0403,CONCESSION_ACCRUAL,6,106,2026-08-22T12:23:00+08:00
47bc9562-ad8f-4a64-a05a-8a07e0c7650d,M-1705,ORD-20260822-9755-0404,CONCESSION_ACCRUAL,31,307,2026-08-22T14:35:00+08:00
2a4a2648-cb1b-4f24-8964-3b30a0275883,M-1141,ORD-20260822-2040-0405,CONCESSION_ACCRUAL,8,213,2026-08-22T12:30:00+08:00
ca8d7e2e-fef5-4ea8-801f-10ef382937b0,M-1802,ORD-20260822-1702-0406,CONCESSION_ACCRUAL,27,283,2026-08-22T11:43:00+08:00
39de2a87-aaa0-4bd9-8951-fad464f12e9f,M-1305,ORD-20260822-1443-0407,CONCESSION_ACCRUAL,15,582,2026-08-22T20:34:00+08:00
eb15a1fd-49b9-4f98-84fc-1dc51adfc4a2,M-1439,ORD-20260822-7960-0408,CONCESSION_ACCRUAL,9,344,2026-08-22T21:37:00+08:00
cee3e5dc-9b41-4d56-9a6c-a34407e7e4ac,M-1623,ORD-20260822-1207-0409,CONCESSION_ACCRUAL,11,165,2026-08-22T11:46:00+08:00
7c36a165-41be-4e49-addd-a1b668b1423d,M-2053,ORD-20260822-5247-0410,CONCESSION_ACCRUAL,10,431,2026-08-22T17:11:00+08:00
ee34c03e-01df-494f-b1eb-dd83b418043d,M-1801,ORD-20260822-1900-0411,CONCESSION_ACCRUAL,15,125,2026-08-22T12:24:00+08:00
af314e9d-d74c-462e-ba18-653709f4fbe7,M-1953,ORD-20260822-4525-0412,CONCESSION_ACCRUAL,12,88,2026-08-22T14:37:00+08:00
33a2c672-5f92-4ef8-bcd2-3e2724da6416,M-1207,ORD-20260822-5259-0413,CONCESSION_ACCRUAL,10,300,2026-08-22T18:07:00+08:00
5e6e34ae-a438-44cf-8e2e-2edd6b2d75c7,M-2027,ORD-20260822-8850-0414,CONCESSION_ACCRUAL,8,230,2026-08-22T10:30:00+08:00
