ledger_id,member_id,source_reference_id,transaction_type,points_delta,resulting_balance,created_at
147f615a-765a-4dd9-af9f-58f397c53af2,M-1329,SESS-20260806-2013-0000,RENTAL_ACCRUAL,5,566,2026-08-07T00:00:00+08:00
e9f51ba7-02cc-465a-a2d9-bbf4bcf1fd8c,M-1702,SESS-20260806-3423-0001,RENTAL_ACCRUAL,18,158,2026-08-07T00:30:00+08:00
9b423b7c-25ce-4f42-854f-13f1ab07b29e,M-1269,SESS-20260806-5693-0002,RENTAL_ACCRUAL,67,505,2026-08-06T23:30:00+08:00
0b8b7d01-f229-4a18-b447-5d8579db4d9a,M-1269,TIER_UPGRADE_Silver_TO_Gold,TIER_BONUS,100,605,2026-08-06T23:30:00+08:00
9fd721b8-3e73-471e-93bf-6325a00c4746,M-1995,SESS-20260806-5571-0003,RENTAL_ACCRUAL,40,253,2026-08-07T02:15:00+08:00
0f2b8e52-910f-4f42-8c8e-422d639a6aea,M-1995,TIER_UPGRADE_Standard_TO_Silver,TIER_BONUS,50,303,2026-08-07T02:15:00+08:00
6f627089-142d-45dc-850e-b291e45da3d0,M-1785,SESS-20260806-7550-0004,RENTAL_ACCRUAL,9,90,2026-08-06T23:00:00+08:00
17146f8a-c79f-4f47-a36f-f0829dfc2e3e,M-1291,SESS-20260806-8298-0005,RENTAL_ACCRUAL,28,331,2026-08-07T02:45:00+08:00
233ac110-a061-491f-856a-82052f048179,M-1380,SESS-20260806-1142-0006,RENTAL_REDEMPTION,-200,92,2026-08-06T09:45:00+08:00
d6d3f1d4-6f90-4457-aafe-3db40043d6ad,M-1380,SESS-20260806-1142-0006,RENTAL_ACCRUAL,13,105,2026-08-06T11:45:00+08:00
68899761-cf58-40ef-9f97-d612a7ac8bbd,M-1087,SESS-20260806-1244-0007,RENTAL_ACCRUAL,19,979,2026-08-06T20:45:00+08:00
0ef65a4d-5c6a-4160-9269-c0ffbfa77933,M-1030,SESS-20260806-7999-0008,RENTAL_REDEMPTION,-300,111,2026-08-06T20:30:00+08:00
2c4d3a3c-e445-4934-998e-74f6f443bf7e,M-1030,SESS-20260806-7999-0008,RENTAL_ACCRUAL,8,119,2026-08-06T22:30:00+08:00
19f24b29-a999-434b-a681-92dee0d1c87d,M-1667,SESS-20260806-6764-0009,RENTAL_REDEMPTION,-300,10,2026-08-06T12:15:00+08:00
072199a4-9f64-4288-86a5-5edd98b18f21,M-1667,SESS-20260806-6764-0009,RENTAL_ACCRUAL,8,18,2026-08-06T15:15:00+08:00
b11b5dda-ce9b-40d5-a2f4-3ec294bac9a9,M-1745,SESS-20260806-3655-0010,RENTAL_ACCRUAL,28,124,2026-08-07T02:30:00+08:00
302cd6d9-d448-495a-a90d-bda363f936c8,M-1584,SESS-20260806-7719-0011,RENTAL_ACCRUAL,5,216,2026-08-06T23:45:00+08:00
fbd7a6ed-9b24-4d19-9ff0-c613369d2a21,M-1537,SESS-20260806-5719-0012,RENTAL_ACCRUAL,72,509,2026-08-07T03:00:00+08:00
b993070b-da1d-4b0c-abb8-b76fc9b60806,M-1576,SESS-20260806-7468-0013,RENTAL_ACCRUAL,12,1289,2026-08-06T14:15:00+08:00
1db26368-9d3f-45c3-b3ca-a2dc5d92ae64,M-1343,SESS-20260806-3791-0014,RENTAL_ACCRUAL,11,145,2026-08-06T22:45:00+08:00
ead700ee-5c61-4424-9a3f-610554c60208,M-1738,SESS-20260806-5867-0015,RENTAL_REDEMPTION,-100,36,2026-08-06T18:30:00+08:00
83c2b857-9dcf-4ecf-9dc9-e553f425645b,M-1738,SESS-20260806-5867-0015,RENTAL_ACCRUAL,38,74,2026-08-06T23:30:00+08:00
9b99dcdb-a581-403f-991f-876c1d6fdecc,M-1441,SESS-20260806-4272-0016,RENTAL_ACCRUAL,27,191,2026-08-07T01:45:00+08:00
906b3342-1987-426d-84f7-5d3951e59993,M-2099,SESS-20260806-7840-0017,RENTAL_ACCRUAL,24,209,2026-08-06T21:45:00+08:00
baa77902-eba6-4a2c-8731-ad2cd9b78b18,M-1732,SESS-20260806-2122-0018,RENTAL_ACCRUAL,11,148,2026-08-06T05:15:00+08:00
f21367d9-18e4-412b-8b0c-8cf5824dd26f,M-1116,SESS-20260806-9077-0019,RENTAL_REDEMPTION,-100,317,2026-08-06T19:15:00+08:00
47a7fa76-0654-4c08-a17e-28c4beba712f,M-1116,SESS-20260806-9077-0019,RENTAL_ACCRUAL,11,328,2026-08-06T21:15:00+08:00
94493700-7390-4930-8e43-2f175e76fad4,M-1826,SESS-20260806-6904-0020,RENTAL_ACCRUAL,28,173,2026-08-07T01:45:00+08:00
539da34e-cb69-4556-98bd-555f4530afbc,M-1186,SESS-20260806-7800-0021,RENTAL_ACCRUAL,9,634,2026-08-06T20:15:00+08:00
3bd12afb-aec6-4a47-9030-ec34b7733794,M-1641,SESS-20260806-6214-0022,RENTAL_ACCRUAL,11,181,2026-08-06T19:15:00+08:00
04618ea5-3f85-4ce8-9b76-35e13a5de510,M-1015,SESS-20260806-9251-0023,RENTAL_ACCRUAL,16,612,2026-08-06T17:45:00+08:00
6c4a59de-a7c3-4675-9631-bc23ea8ed57c,M-1247,SESS-20260806-5947-0024,RENTAL_ACCRUAL,18,2322,2026-08-06T16:30:00+08:00
cd32ac36-39fe-4c6d-88d5-f92c679d5775,M-1658,SESS-20260806-3374-0025,RENTAL_REDEMPTION,-200,187,2026-08-06T20:30:00+08:00
460a07d4-c90b-44e6-b922-fcafea93d4f7,M-1658,SESS-20260806-3374-0025,RENTAL_ACCRUAL,15,202,2026-08-07T01:30:00+08:00
e3fc4311-a6bd-4bea-bdc1-ab2334be6739,M-1676,SESS-20260806-2794-0026,RENTAL_ACCRUAL,30,3254,2026-08-06T22:30:00+08:00
b457c189-165e-4d22-b705-08ae7a5dba2e,M-1924,SESS-20260806-6090-0027,RENTAL_ACCRUAL,36,78,2026-08-06T17:00:00+08:00
6bcdc568-3ab7-4c08-90a5-16c9f09905a4,M-1612,SESS-20260806-1267-0028,RENTAL_ACCRUAL,11,457,2026-08-06T21:45:00+08:00
5c68729a-4e2d-4f39-88f5-31049a4877e5,M-1167,SESS-20260806-6800-0029,RENTAL_ACCRUAL,12,279,2026-08-06T23:45:00+08:00
06e95b11-0861-42fa-9edb-d091b96ebef0,M-1383,SESS-20260806-7989-0030,RENTAL_ACCRUAL,18,173,2026-08-06T11:15:00+08:00
88391f24-eb34-4f20-b2ba-cf1d86785bae,M-1514,SESS-20260806-5761-0031,RENTAL_ACCRUAL,11,451,2026-08-06T23:50:00+08:00
34fa0864-505d-4890-a321-07009c93243b,M-1501,SESS-20260806-5339-0032,RENTAL_REDEMPTION,-100,55,2026-08-06T14:45:00+08:00
34bc7c16-ec52-4799-9d25-2df28a7cb943,M-1501,SESS-20260806-5339-0032,RENTAL_ACCRUAL,21,76,2026-08-06T19:45:00+08:00
c4638874-4ee0-45a1-bd02-9127aaeb4e0c,M-1912,SESS-20260806-1731-0033,RENTAL_ACCRUAL,16,191,2026-08-06T14:45:00+08:00
3cca84ca-64c3-4e30-b450-909ec5cbcb26,M-1808,SESS-20260806-8292-0034,RENTAL_ACCRUAL,12,1875,2026-08-06T21:45:00+08:00
e3837b6c-9330-4a5a-be67-056770705bf4,M-1594,SESS-20260806-6343-0035,RENTAL_ACCRUAL,28,301,2026-08-07T03:30:00+08:00
c61f7637-a331-4f3a-9073-e2d50a4e3a49,M-2146,SESS-20260806-8213-0036,RENTAL_REDEMPTION,-100,97,2026-08-06T07:00:00+08:00
6d412ea1-11a5-4aac-9dab-98522d9c6354,M-2146,SESS-20260806-8213-0036,RENTAL_ACCRUAL,31,128,2026-08-06T10:00:00+08:00
b1f72da9-e35e-42e1-817b-88a63a8ba451,M-2146,TIER_UPGRADE_Standard_TO_Silver,TIER_BONUS,50,178,2026-08-06T10:00:00+08:00
1f931753-5729-4b72-8322-8763fb42487d,M-1810,SESS-20260806-8662-0037,RENTAL_ACCRUAL,16,89,2026-08-07T01:45:00+08:00
62101725-63d6-40e8-b43d-e73eead18c40,M-1436,SESS-20260806-5733-0038,RENTAL_ACCRUAL,11,454,2026-08-06T23:45:00+08:00
05b7086a-8a6e-4fb1-b2a0-93692a596672,M-1166,SESS-20260806-7630-0039,RENTAL_ACCRUAL,27,392,2026-08-06T17:30:00+08:00
70580284-85ee-4b12-a180-a36cc8b56e96,M-1168,SESS-20260806-2283-0040,RENTAL_ACCRUAL,28,200,2026-08-07T02:45:00+08:00
c7bae0d9-02c9-479a-8d9e-92a2d113e5c6,M-1717,SESS-20260806-1269-0041,RENTAL_ACCRUAL,27,586,2026-08-06T22:15:00+08:00
8ad8112a-1e7a-4f10-8894-8cc22a0e899d,M-1784,SESS-20260806-7908-0042,RENTAL_ACCRUAL,27,393,2026-08-06T20:00:00+08:00
2876395c-b64b-488a-8a41-561e0dcee371,M-1562,SESS-20260806-5667-0043,RENTAL_ACCRUAL,48,1402,2026-08-06T22:45:00+08:00
5677c47a-3682-44c7-9d80-6ad612a27f78,M-1511,SESS-20260806-3043-0044,RENTAL_ACCRUAL,6,587,2026-08-06T23:15:00+08:00
334774a9-c401-4a24-9a8d-25d2ba697805,M-1188,SESS-20260806-8841-0045,RENTAL_ACCRUAL,48,219,2026-08-06T20:00:00+08:00
f22f9b93-f920-472b-b2f4-85fcaed86e7c,M-2148,SESS-20260806-1760-0046,RENTAL_ACCRUAL,8,115,2026-08-06T20:00:00+08:00
137dfbb3-fbe2-4785-beb5-c35dbeca1961,M-1450,SESS-20260806-3493-0047,RENTAL_REDEMPTION,-200,107,2026-08-06T22:45:00+08:00
2c39a18b-c860-4d95-bee9-581e6de08125,M-1450,SESS-20260806-3493-0047,RENTAL_ACCRUAL,14,121,2026-08-07T00:45:00+08:00
6f02bcac-cc7b-4cab-809c-367b86be1f9a,M-1998,SESS-20260806-5095-0048,RENTAL_ACCRUAL,11,55,2026-08-06T14:00:00+08:00
cd6adeed-33ed-4647-9137-4debcff967de,M-1959,SESS-20260806-6197-0049,RENTAL_ACCRUAL,13,516,2026-08-06T18:00:00+08:00
8f197d8a-0d1d-4ad4-a150-8d16e86c1188,M-1200,SESS-20260806-8133-0050,RENTAL_ACCRUAL,18,116,2026-08-07T01:30:00+08:00
380fa6ac-eaa4-4192-86e9-c3986267dc27,M-1581,SESS-20260806-1497-0051,RENTAL_ACCRUAL,45,295,2026-08-06T21:15:00+08:00
82b1a496-6655-4b0f-a821-89ff976c7cf2,M-1627,SESS-20260806-1392-0052,RENTAL_ACCRUAL,5,506,2026-08-06T15:45:00+08:00
a0867917-9235-4c40-880d-9f38f6b0d7c5,M-2172,SESS-20260806-3012-0053,RENTAL_ACCRUAL,16,189,2026-08-06T10:45:00+08:00
e5282030-9a96-40f0-89b2-ab84f2b4f1c2,M-2163,SESS-20260806-6365-0054,RENTAL_REDEMPTION,-100,24,2026-08-06T14:15:00+08:00
3dec17f2-b735-47a1-9974-6d653ae6712e,M-2163,SESS-20260806-6365-0054,RENTAL_ACCRUAL,34,58,2026-08-06T17:15:00+08:00
b9898edb-f90c-4319-8ca8-3922591e694b,M-1930,SESS-20260806-7019-0055,RENTAL_ACCRUAL,11,223,2026-08-06T18:15:00+08:00
e93ff05c-4e18-467a-8d82-7a0bd65922e6,M-1033,SESS-20260806-7213-0056,RENTAL_ACCRUAL,27,354,2026-08-06T05:35:00+08:00
76be960b-30b8-4231-b2f2-f81889eb7514,M-1695,SESS-20260806-8690-0057,RENTAL_REDEMPTION,-100,59,2026-08-06T16:15:00+08:00
a69a9426-e656-4820-84b4-eee18c84e186,M-1695,SESS-20260806-8690-0057,RENTAL_ACCRUAL,20,79,2026-08-06T19:15:00+08:00
1d930ea5-dcb7-4721-857b-bb1d4dc1346d,M-1345,SESS-20260806-3460-0058,RENTAL_ACCRUAL,11,476,2026-08-06T14:45:00+08:00
c8092353-0189-43e7-a19a-bb78d91f03b4,M-2017,SESS-20260806-2725-0059,RENTAL_REDEMPTION,-100,78,2026-08-06T21:30:00+08:00
8f25e090-d315-4dab-be3e-870c28cee294,M-2017,SESS-20260806-2725-0059,RENTAL_ACCRUAL,34,112,2026-08-07T00:30:00+08:00
15b1673e-8153-4fd1-9ba1-ba619d0bc01a,M-1522,SESS-20260806-1924-0060,RENTAL_REDEMPTION,-100,290,2026-08-06T23:50:00+08:00
e16c6714-346c-41b4-916b-c3b7d9e818dc,M-1522,SESS-20260806-1924-0060,RENTAL_ACCRUAL,10,300,2026-08-07T02:50:00+08:00
4e225ffa-e56b-4296-8c18-b4302106e32d,M-1954,SESS-20260806-7796-0061,RENTAL_ACCRUAL,24,101,2026-08-06T20:30:00+08:00
114f483f-8e04-4b3b-8398-572ef61caab2,M-1610,SESS-20260806-8088-0062,RENTAL_ACCRUAL,27,193,2026-08-06T22:00:00+08:00
ccae9739-dcde-4cc6-9fef-baa059f86719,M-1772,SESS-20260806-2720-0063,RENTAL_ACCRUAL,18,91,2026-08-06T21:25:00+08:00
61ac0b11-6a8b-46c9-b37e-f416eddeb83a,M-1035,SESS-20260806-2057-0064,RENTAL_ACCRUAL,45,154,2026-08-06T21:45:00+08:00
2f01130e-6f24-450e-98b2-3a296609f165,M-1345,SESS-20260806-7893-0065,RENTAL_ACCRUAL,40,516,2026-08-06T21:15:00+08:00
661ce0f8-7f92-497b-ada1-1ea7d6dddb9e,M-1070,SESS-20260806-8856-0066,RENTAL_ACCRUAL,16,342,2026-08-06T18:45:00+08:00
0aed41cc-06de-4a67-9fd9-9aa365440052,M-1040,SESS-20260806-3110-0067,RENTAL_ACCRUAL,9,844,2026-08-06T17:00:00+08:00
09af712b-b390-44cb-84ef-5d27b6acb524,M-1178,SESS-20260806-7110-0068,RENTAL_ACCRUAL,11,321,2026-08-06T19:45:00+08:00
769b6818-a87f-41f1-a4ef-fe516a40036b,M-1477,SESS-20260806-5326-0069,RENTAL_REDEMPTION,-100,37,2026-08-06T19:50:00+08:00
4344b88d-791a-4587-8a11-a76f22b9e841,M-1477,SESS-20260806-5326-0069,RENTAL_ACCRUAL,10,47,2026-08-06T22:50:00+08:00
7ed5d197-573e-4a47-9860-696f783736ac,M-1989,SESS-20260806-7335-0070,RENTAL_ACCRUAL,25,149,2026-08-06T14:30:00+08:00
ab62c515-0141-438b-a4bd-9fec7c79b8ad,M-1989,TIER_UPGRADE_Standard_TO_Silver,TIER_BONUS,50,199,2026-08-06T14:30:00+08:00
cc9a4a31-9739-443a-8f5b-9eb0f6f5b6e5,M-1651,SESS-20260806-8865-0071,RENTAL_ACCRUAL,16,458,2026-08-06T18:50:00+08:00
3e9425e6-c8ff-4277-9225-d6b806ae5acb,M-1499,SESS-20260806-8678-0072,RENTAL_ACCRUAL,27,455,2026-08-06T17:30:00+08:00
998ff2e1-0b5f-4af8-b757-cfa453171d28,M-1556,SESS-20260806-4181-0073,RENTAL_ACCRUAL,16,416,2026-08-06T17:00:00+08:00
65a4d5ec-03b8-456f-b473-ebbb1ad23efa,M-1751,SESS-20260806-6385-0074,RENTAL_ACCRUAL,18,489,2026-08-07T00:30:00+08:00
a5a5481f-5501-4fcb-81d8-325dfd283947,M-1565,SESS-20260806-2289-0075,RENTAL_ACCRUAL,6,647,2026-08-07T00:30:00+08:00
07305013-42f4-4124-9153-e77b183441b4,M-2126,SESS-20260806-5324-0076,RENTAL_ACCRUAL,24,111,2026-08-07T01:45:00+08:00
d55d22e5-3a0a-446f-820d-e0e29ea6cdb3,M-1361,SESS-20260806-1648-0077,RENTAL_ACCRUAL,12,227,2026-08-07T00:45:00+08:00
788f9bbd-f1ac-4181-a570-f474c02252fe,M-1042,SESS-20260806-7346-0078,RENTAL_ACCRUAL,28,283,2026-08-06T20:15:00+08:00
10117ecc-5d76-4e25-8a78-ba9d515cc8fa,M-1553,SESS-20260806-3031-0079,RENTAL_ACCRUAL,5,629,2026-08-06T19:15:00+08:00
db9e5e2b-ff96-48f6-a4f3-513c864ae815,M-1470,SESS-20260806-9879-0080,RENTAL_ACCRUAL,11,216,2026-08-06T18:30:00+08:00
ae8a4e8a-4dc0-49ce-9e49-80805fa84afb,M-1597,SESS-20260806-6826-0081,RENTAL_ACCRUAL,18,92,2026-08-06T21:30:00+08:00
92d4b040-3049-41dd-b6d5-98803ae771a3,M-1191,SESS-20260806-7108-0082,RENTAL_ACCRUAL,28,54,2026-08-06T19:45:00+08:00
3e0b9511-4d4f-43a6-bb8f-1b304d1abd9b,M-1569,SESS-20260806-6675-0083,RENTAL_ACCRUAL,5,183,2026-08-07T00:55:00+08:00
3a1065e3-e5bb-4e9a-99f9-5deb5064d3ca,M-1900,SESS-20260806-8302-0084,RENTAL_ACCRUAL,24,250,2026-08-07T00:00:00+08:00
97a5641a-9bc1-49cc-9e1e-cd80a33efb03,M-2096,SESS-20260806-1732-0085,RENTAL_ACCRUAL,10,42,2026-08-07T00:00:00+08:00
c13cd019-7c93-4bfe-a774-aad9e00569a4,M-1546,SESS-20260806-3758-0086,RENTAL_ACCRUAL,11,142,2026-08-06T16:15:00+08:00
1713d71d-7f77-4030-8a60-0fee773d7338,M-1776,SESS-20260806-2101-0087,RENTAL_REDEMPTION,-100,58,2026-08-06T19:30:00+08:00
ba21bfed-540f-4219-b018-7914466d5ea7,M-1776,SESS-20260806-2101-0087,RENTAL_ACCRUAL,11,69,2026-08-06T21:30:00+08:00
4fe1650a-210c-485f-865b-15473108b1da,M-1574,SESS-20260806-2051-0088,RENTAL_REDEMPTION,-200,21,2026-08-06T21:40:00+08:00
0f2d351c-d91a-4396-8474-d77717f96529,M-1574,SESS-20260806-2051-0088,RENTAL_ACCRUAL,14,35,2026-08-07T00:40:00+08:00
1ca0dd2f-0797-4419-b2c1-42fbf24f2d85,M-2123,SESS-20260806-1894-0089,RENTAL_ACCRUAL,15,92,2026-08-06T17:45:00+08:00
994ac4e0-ee9f-4ce5-be71-552631b30a28,M-1033,SESS-20260806-2552-0090,RENTAL_ACCRUAL,9,363,2026-08-06T22:45:00+08:00
2ddc01f7-4912-45bd-9605-d3b5997c9902,M-1274,SESS-20260806-7569-0091,RENTAL_ACCRUAL,9,599,2026-08-06T14:30:00+08:00
f6d0f104-74e1-430b-95e0-a9706d7002cf,M-1962,SESS-20260806-6130-0092,RENTAL_ACCRUAL,11,319,2026-08-06T16:30:00+08:00
c7dd3558-b576-4c63-a025-1322723426ec,M-1689,SESS-20260806-3588-0093,RENTAL_ACCRUAL,28,350,2026-08-07T03:00:00+08:00
41002935-f439-4b22-a64e-d7486a94a5b3,M-1622,SESS-20260806-9192-0094,RENTAL_REDEMPTION,-100,93,2026-08-06T18:00:00+08:00
feb6e436-1c6d-4eea-a234-7b4076f9a93c,M-1622,SESS-20260806-9192-0094,RENTAL_ACCRUAL,38,131,2026-08-06T23:00:00+08:00
eb28b306-47ff-4f27-a242-7f18b868fea4,M-1758,SESS-20260806-9634-0095,RENTAL_REDEMPTION,-100,17,2026-08-06T23:15:00+08:00
c0c9313f-7a1f-4483-b9fc-a8910f3fe839,M-1758,SESS-20260806-9634-0095,RENTAL_ACCRUAL,2,19,2026-08-07T00:15:00+08:00
ffd378a1-0b01-4aa8-a79f-c3108ff8200c,M-1109,SESS-20260806-6345-0096,RENTAL_ACCRUAL,16,507,2026-08-07T02:30:00+08:00
facb2bcd-efaa-4139-866c-3e6c934fc36c,M-1590,SESS-20260806-1910-0097,RENTAL_ACCRUAL,5,173,2026-08-06T20:00:00+08:00
50772d3b-6315-4955-9dd3-6fc5a221b90a,M-1784,SESS-20260806-9770-0098,RENTAL_ACCRUAL,9,402,2026-08-06T22:30:00+08:00
2461f528-b7ca-4a8e-b9c7-4b5f2af2e7bf,M-1787,SESS-20260806-4101-0099,RENTAL_ACCRUAL,5,208,2026-08-06T09:00:00+08:00
5d115d02-9917-497b-ad98-d48080dd7a22,M-1725,SESS-20260806-4743-0100,RENTAL_ACCRUAL,18,35,2026-08-06T20:45:00+08:00
917f9a71-2245-4930-b7e4-0dcebb53e7ba,M-2122,SESS-20260806-1642-0101,RENTAL_ACCRUAL,10,51,2026-08-06T21:30:00+08:00
88a3522f-60a3-41af-a28d-50e404b70495,M-1415,SESS-20260806-8181-0102,RENTAL_ACCRUAL,12,1047,2026-08-06T19:15:00+08:00
f3d599b5-d744-4d51-a7db-e0cbbae334eb,M-2064,SESS-20260806-4014-0103,RENTAL_REDEMPTION,-100,104,2026-08-06T19:30:00+08:00
6102df86-5e0e-4456-9424-540d28440e22,M-2064,SESS-20260806-4014-0103,RENTAL_ACCRUAL,2,106,2026-08-06T20:30:00+08:00
f9c58018-e514-47ce-b397-c1cebfe13d98,M-1328,SESS-20260806-5942-0104,RENTAL_ACCRUAL,18,115,2026-08-07T00:40:00+08:00
baee48c6-98cb-4298-a76e-daf6e1d91982,M-1862,SESS-20260806-1883-0105,RENTAL_ACCRUAL,9,245,2026-08-06T22:45:00+08:00
962794ff-6877-46c2-a51c-5f8208e63f9f,M-1043,SESS-20260806-9839-0106,RENTAL_ACCRUAL,30,972,2026-08-06T23:15:00+08:00
255ffbda-badd-4805-85de-102fdaf7c918,M-1571,SESS-20260806-8360-0107,RENTAL_ACCRUAL,108,315,2026-08-07T01:35:00+08:00
6b46a0a2-9e70-4ea6-9793-8be6ff74948c,M-1836,SESS-20260806-3185-0108,RENTAL_ACCRUAL,28,573,2026-08-07T01:10:00+08:00
4fba2329-8845-4a52-a181-b657822e0600,M-1494,SESS-20260806-2664-0109,RENTAL_ACCRUAL,11,430,2026-08-06T16:00:00+08:00
99365e8f-d961-4f44-bdb2-90c6d331b633,M-1688,SESS-20260806-8614-0110,RENTAL_ACCRUAL,18,607,2026-08-06T17:15:00+08:00
0a22fc64-7609-4baf-a8ad-06e32ea08b24,M-1939,SESS-20260806-5880-0111,RENTAL_ACCRUAL,15,95,2026-08-07T02:30:00+08:00
5f639fed-cdc5-4380-a420-a9ecd46d44b9,M-2176,SESS-20260806-4616-0112,RENTAL_ACCRUAL,36,146,2026-08-06T16:00:00+08:00
0cb5314a-7c17-4658-8369-c1e593a737f8,M-1440,SESS-20260806-6541-0113,RENTAL_ACCRUAL,27,216,2026-08-07T01:50:00+08:00
ab1157c4-9bbe-4752-903a-3d5c212d6c0b,M-1487,SESS-20260806-1449-0114,RENTAL_ACCRUAL,12,591,2026-08-06T19:30:00+08:00
d59f89a9-4f14-4c8d-9d98-88ae16ab95be,M-1500,SESS-20260806-7147-0115,RENTAL_ACCRUAL,6,148,2026-08-06T21:00:00+08:00
3c30c34d-ad42-4b7b-b02c-9909dfdafc3f,M-1183,SESS-20260806-5060-0116,RENTAL_ACCRUAL,67,320,2026-08-06T07:30:00+08:00
cafcc88a-0d56-49e1-a739-cdd5172a0e2f,M-1631,SESS-20260806-7598-0117,RENTAL_ACCRUAL,9,152,2026-08-07T00:30:00+08:00
c1bd4f91-ddc5-4d9b-b742-6a5cba3bd074,M-1389,SESS-20260806-3759-0118,RENTAL_REDEMPTION,-200,163,2026-08-06T03:45:00+08:00
6493f655-c860-4adc-a22d-bf9afdfff5da,M-1389,SESS-20260806-3759-0118,RENTAL_ACCRUAL,3,166,2026-08-06T06:45:00+08:00
d4c85e79-c2c2-4990-b51f-6656c373d8da,M-1066,SESS-20260806-1082-0119,RENTAL_ACCRUAL,13,230,2026-08-06T15:45:00+08:00
574ce4fe-9108-4a31-8aa2-5e4fbc4818ff,M-1741,SESS-20260806-2647-0120,RENTAL_REDEMPTION,-100,287,2026-08-06T11:30:00+08:00
308d03f6-8af6-4762-858e-b6f32b5b41a3,M-1741,SESS-20260806-2647-0120,RENTAL_ACCRUAL,5,292,2026-08-06T13:30:00+08:00
ec291e35-2b28-4ba0-b8ba-4a0db48f1c9a,M-1978,SESS-20260806-9572-0121,RENTAL_REDEMPTION,-100,64,2026-08-06T17:25:00+08:00
585b3c62-d49b-44c7-975d-ddb11f566480,M-1978,SESS-20260806-9572-0121,RENTAL_ACCRUAL,19,83,2026-08-06T19:25:00+08:00
abc8429f-8150-42d7-92b8-8344d07c3a83,M-1618,SESS-20260806-8935-0122,RENTAL_ACCRUAL,18,110,2026-08-06T21:45:00+08:00
56826ed0-0804-41de-8c7a-ad1457750d4c,M-1524,SESS-20260806-5537-0123,RENTAL_ACCRUAL,45,336,2026-08-06T21:15:00+08:00
0242fed4-d0ea-49bc-b0c7-99519ea5dc12,M-1011,SESS-20260806-6292-0124,RENTAL_ACCRUAL,5,716,2026-08-06T04:30:00+08:00
2f16b108-1912-45df-86c3-90639c560ce2,M-1422,SESS-20260806-4211-0125,RENTAL_ACCRUAL,18,287,2026-08-06T20:15:00+08:00
76059cc8-faa4-4362-a8aa-af596d90ecfe,M-1047,SESS-20260806-3581-0126,RENTAL_ACCRUAL,16,145,2026-08-07T00:00:00+08:00
595754ff-c993-418c-9a47-ad4dd9a5ca96,M-1078,SESS-20260806-8585-0127,RENTAL_REDEMPTION,-100,647,2026-08-06T18:30:00+08:00
0f54cebc-55d3-420f-9115-c2792df1580b,M-1078,SESS-20260806-8585-0127,RENTAL_ACCRUAL,21,668,2026-08-06T20:30:00+08:00
f3ac4491-0ea3-469b-83c0-11683d9da0bb,M-1540,SESS-20260806-9773-0128,RENTAL_ACCRUAL,16,105,2026-08-06T08:30:00+08:00
51e8161e-2f5f-471a-9979-77de57c3d71f,M-1067,SESS-20260806-3656-0129,RENTAL_REDEMPTION,-100,451,2026-08-06T13:00:00+08:00
54b37b24-8610-4712-a7a2-c7138b5d2687,M-1067,SESS-20260806-3656-0129,RENTAL_ACCRUAL,10,461,2026-08-06T16:00:00+08:00
7bd77c64-1cfb-44f8-9156-8d3699d5aebb,M-1680,SESS-20260806-2000-0130,RENTAL_REDEMPTION,-100,382,2026-08-06T18:20:00+08:00
a2109ca8-5b44-4e30-b8a6-680dafe8e7fd,M-1680,SESS-20260806-2000-0130,RENTAL_ACCRUAL,10,392,2026-08-06T21:20:00+08:00
e8968592-4094-4751-badb-de4fed0c14bc,M-1139,SESS-20260806-3626-0131,RENTAL_ACCRUAL,16,358,2026-08-06T22:15:00+08:00
984b57f1-750e-4fe0-b144-e5be9520eda7,M-1302,SESS-20260806-7833-0132,RENTAL_ACCRUAL,28,128,2026-08-07T04:25:00+08:00
03cf604e-ace4-44ca-bbbc-cb4a36ce317e,M-1686,SESS-20260806-6870-0133,RENTAL_ACCRUAL,11,153,2026-08-06T13:00:00+08:00
354f688c-37ba-4e28-8a57-5acda0cc6e45,M-2147,SESS-20260806-3698-0134,RENTAL_ACCRUAL,40,51,2026-08-07T01:45:00+08:00
564b909a-6684-4849-889f-b8406232603c,M-1993,SESS-20260806-6161-0135,RENTAL_ACCRUAL,16,195,2026-08-06T21:15:00+08:00
edede3cd-f639-40a2-a1a7-c158867deeff,M-1237,SESS-20260806-7491-0136,RENTAL_ACCRUAL,28,348,2026-08-07T03:30:00+08:00
447d4ff2-6dfb-4923-a9ac-a0303c748374,M-2023,SESS-20260806-6837-0137,RENTAL_ACCRUAL,5,403,2026-08-06T12:00:00+08:00
e26e03a0-d409-453e-bf9b-22183be6fe29,M-1778,SESS-20260806-4265-0138,RENTAL_ACCRUAL,16,146,2026-08-07T00:45:00+08:00
6d32494f-8426-4f2d-a970-a05e52710777,M-1588,SESS-20260806-6935-0139,RENTAL_REDEMPTION,-500,1393,2026-08-06T17:15:00+08:00
acd3240b-a538-4775-a874-88c255ed7497,M-1588,SESS-20260806-6935-0139,RENTAL_ACCRUAL,5,1398,2026-08-06T20:15:00+08:00
983b6901-6bff-4ee9-a49d-9e3d96e84e9a,M-1706,SESS-20260806-4527-0140,RENTAL_ACCRUAL,48,807,2026-08-07T04:10:00+08:00
fe24a469-7a9c-4f9f-8db7-e26f84a53eb5,M-1110,SESS-20260806-4572-0141,RENTAL_ACCRUAL,13,254,2026-08-06T15:00:00+08:00
bdb3817d-5748-4a1c-8240-18bb436f7d81,M-1563,SESS-20260806-3431-0142,RENTAL_ACCRUAL,5,158,2026-08-06T16:30:00+08:00
cb479ec3-6836-4c04-a905-e9c6ec321336,M-1296,SESS-20260806-9330-0143,RENTAL_ACCRUAL,19,1049,2026-08-06T19:15:00+08:00
184bd8f7-c48d-418b-9782-ec61234013f1,M-1656,SESS-20260806-8097-0144,RENTAL_ACCRUAL,9,58,2026-08-06T20:45:00+08:00
3aa737b7-f717-42dd-b90a-82e4ad097dcc,M-1232,SESS-20260806-3050-0145,RENTAL_REDEMPTION,-200,331,2026-08-06T20:20:00+08:00
7c4032a4-9545-4b96-a99e-f02f79ae202d,M-1232,SESS-20260806-3050-0145,RENTAL_ACCRUAL,28,359,2026-08-06T23:20:00+08:00
4ad419a7-6d87-4a4b-b923-158a1b6cc420,M-1612,SESS-20260806-6000-0146,RENTAL_ACCRUAL,67,524,2026-08-07T02:50:00+08:00
3a0d185c-9e1a-4daf-9e29-8977bfb2daa5,M-2038,SESS-20260806-8311-0147,RENTAL_ACCRUAL,13,199,2026-08-06T21:45:00+08:00
ea6e171a-7768-44dd-b617-9bf8fd4c8325,M-1257,SESS-20260806-6009-0148,RENTAL_ACCRUAL,28,150,2026-08-07T01:20:00+08:00
3dbc328f-2e94-4fc6-8e4e-8afc05a15855,M-2132,SESS-20260806-6928-0149,RENTAL_ACCRUAL,24,63,2026-08-06T22:40:00+08:00
12b73eed-6696-4379-9dfb-4f98abf6d807,M-1648,SESS-20260806-5102-0150,RENTAL_ACCRUAL,18,199,2026-08-06T22:25:00+08:00
8117b392-b862-4068-9942-8f3f7e5989c3,M-1055,SESS-20260806-9888-0151,RENTAL_ACCRUAL,72,410,2026-08-07T05:25:00+08:00
979e70fb-be43-4f81-80da-dc7828d0e909,M-1872,SESS-20260806-5465-0152,RENTAL_ACCRUAL,15,111,2026-08-06T19:30:00+08:00
73cfe71b-7a71-4325-a314-7485b4bbd7f1,M-1174,SESS-20260806-9024-0153,RENTAL_ACCRUAL,45,122,2026-08-07T04:00:00+08:00
efa2454b-8b1b-4fcb-be4b-832a6e6ddc5d,M-1499,SESS-20260806-6911-0154,RENTAL_ACCRUAL,28,483,2026-08-07T04:00:00+08:00
abb36de5-53b4-41f1-a229-d7e8f5358cac,M-1614,SESS-20260806-7120-0155,RENTAL_ACCRUAL,16,184,2026-08-06T23:30:00+08:00
f959eb2e-14a7-4bed-9b34-fc239349a7f6,M-1624,SESS-20260806-1839-0156,RENTAL_ACCRUAL,28,700,2026-08-06T23:20:00+08:00
27cdd7bf-0c2a-4854-8a72-de44052840a7,M-1708,SESS-20260806-1638-0157,RENTAL_ACCRUAL,11,164,2026-08-07T00:50:00+08:00
0839fdf8-0304-4fcb-9a1a-cf6d202d4315,M-1419,SESS-20260806-1305-0158,RENTAL_ACCRUAL,5,332,2026-08-06T15:00:00+08:00
ae9e92fd-241a-4280-8285-403c4f785f30,M-1633,SESS-20260806-2198-0159,RENTAL_ACCRUAL,5,84,2026-08-06T14:30:00+08:00
79550042-7bc8-49bf-a1c7-b6f608cc6e88,M-1681,SESS-20260806-2848-0160,RENTAL_ACCRUAL,67,377,2026-08-06T22:15:00+08:00
831cd7cc-124c-4a40-8659-a68a96055f03,M-1635,SESS-20260806-8164-0161,RENTAL_REDEMPTION,-100,93,2026-08-06T20:30:00+08:00
8db1aa21-edf6-429b-87c0-14a4df916642,M-1635,SESS-20260806-8164-0161,RENTAL_ACCRUAL,10,103,2026-08-06T23:30:00+08:00
fecbf603-0505-4b80-8cd4-ad61f789ff50,M-1684,SESS-20260806-3900-0162,RENTAL_ACCRUAL,16,583,2026-08-06T17:00:00+08:00
c0d08d80-fd50-4802-a9ad-22a2abd812f3,M-1123,SESS-20260806-5092-0163,RENTAL_REDEMPTION,-200,220,2026-08-06T23:15:00+08:00
24c70570-631d-42e7-80b1-d2f108f06f23,M-1123,SESS-20260806-5092-0163,RENTAL_ACCRUAL,4,224,2026-08-07T02:15:00+08:00
4e703aec-cea7-47ae-b55d-bfcd03797d51,M-1374,SESS-20260806-2831-0164,RENTAL_ACCRUAL,27,612,2026-08-06T17:45:00+08:00
5fcdb6c6-019f-49d8-ab0e-6a92b0005113,M-1765,SESS-20260806-5780-0165,RENTAL_ACCRUAL,28,529,2026-08-06T18:10:00+08:00
944def3b-158b-4ae4-9a40-66fb819a7858,M-1004,SESS-20260806-2215-0166,RENTAL_ACCRUAL,27,125,2026-08-07T01:45:00+08:00
159f8011-2bc7-41e6-b762-1aeaa4af642f,M-1226,SESS-20260806-4806-0167,RENTAL_ACCRUAL,28,1469,2026-08-06T23:45:00+08:00
e182f251-7a9c-4337-aeb8-d5c2cfcefdc3,M-1809,SESS-20260806-9530-0168,RENTAL_ACCRUAL,30,533,2026-08-06T18:30:00+08:00
9b01c162-1f52-40c6-8d2f-fdb57e1f6e8f,M-1333,SESS-20260806-8203-0169,RENTAL_ACCRUAL,9,137,2026-08-06T21:10:00+08:00
05be23aa-6f63-4588-ba02-9cde37c846e9,M-1621,SESS-20260806-9938-0170,RENTAL_REDEMPTION,-100,558,2026-08-06T14:00:00+08:00
dc98c2bd-7e72-4e43-bc10-3dbf45937fbb,M-1621,SESS-20260806-9938-0170,RENTAL_ACCRUAL,5,563,2026-08-06T16:00:00+08:00
4780446d-b7f9-4483-bf9f-5a2da72df625,M-1694,SESS-20260806-8716-0171,RENTAL_ACCRUAL,11,152,2026-08-06T15:30:00+08:00
d75d1e83-eafc-4703-a0c5-1e3641629851,M-1490,SESS-20260806-9187-0172,RENTAL_ACCRUAL,28,270,2026-08-07T00:35:00+08:00
c147bd46-df9e-449c-94e6-c0ad6bf5a7d0,M-1721,SESS-20260806-4854-0173,RENTAL_ACCRUAL,11,323,2026-08-06T17:45:00+08:00
2aa56db7-202d-4166-9019-ad38a4c59084,M-1510,SESS-20260806-4106-0174,RENTAL_ACCRUAL,27,165,2026-08-06T22:00:00+08:00
53471a39-4551-43d1-8872-e29e9e908e03,M-2024,SESS-20260806-3371-0175,RENTAL_ACCRUAL,16,75,2026-08-06T16:30:00+08:00
6b702ee4-6b0b-4f28-91dc-a6149381d348,M-2002,SESS-20260806-4058-0176,RENTAL_ACCRUAL,67,435,2026-08-07T02:45:00+08:00
611dbc3d-9dac-42d5-904f-4c3349ebddbe,M-1453,SESS-20260806-5749-0177,RENTAL_REDEMPTION,-100,31,2026-08-06T10:15:00+08:00
91d262d0-8929-43fb-836f-51d7d5da81d9,M-1453,SESS-20260806-5749-0177,RENTAL_ACCRUAL,10,41,2026-08-06T13:15:00+08:00
9a42c77b-ce23-4797-9079-687daebb33eb,M-1202,SESS-20260806-7567-0178,RENTAL_ACCRUAL,30,1765,2026-08-06T22:50:00+08:00
855b08d8-ea88-4406-8341-fc070a265763,M-2196,SESS-20260806-9070-0179,RENTAL_ACCRUAL,24,127,2026-08-07T01:30:00+08:00
e8646151-6560-4445-b938-57649567613b,M-1211,SESS-20260806-2078-0180,RENTAL_ACCRUAL,16,204,2026-08-07T02:45:00+08:00
18f050d7-5a2a-431b-9671-80fcec6128ac,M-1360,SESS-20260806-2161-0181,RENTAL_ACCRUAL,11,217,2026-08-06T22:00:00+08:00
8b3cb34c-f432-4dad-93fd-606a126673f4,M-1286,SESS-20260806-2743-0182,RENTAL_ACCRUAL,18,418,2026-08-06T17:15:00+08:00
0e11e52a-2c43-4583-90c6-c86134ba366b,M-1915,SESS-20260806-5867-0183,RENTAL_ACCRUAL,28,276,2026-08-07T04:00:00+08:00
955b5d9f-a914-455f-b5a1-073b9207513e,M-1201,SESS-20260806-5522-0184,RENTAL_ACCRUAL,16,358,2026-08-06T20:00:00+08:00
552de9a1-00ae-445f-83e8-89c3dbede8fa,M-1506,SESS-20260806-9645-0185,RENTAL_REDEMPTION,-100,89,2026-08-06T22:15:00+08:00
1bde00f4-f104-4c5a-b0f4-2a0d5d78116d,M-1506,SESS-20260806-9645-0185,RENTAL_ACCRUAL,5,94,2026-08-07T00:15:00+08:00
7e68ef9e-1ae3-4a83-8cac-97d5d0cca87d,M-1049,SESS-20260806-5647-0186,RENTAL_REDEMPTION,-100,76,2026-08-06T18:00:00+08:00
e08d3b71-06b8-4edc-bcf8-188889b83fee,M-1049,SESS-20260806-5647-0186,RENTAL_ACCRUAL,11,87,2026-08-06T20:00:00+08:00
ef103a63-f051-4db2-af5f-9163e5e3732e,M-1426,SESS-20260806-4518-0187,RENTAL_ACCRUAL,12,1160,2026-08-07T00:20:00+08:00
1fde0ba1-2bec-4405-b04c-a1b41684cb3b,M-1617,SESS-20260806-2558-0188,RENTAL_REDEMPTION,-100,39,2026-08-06T19:25:00+08:00
e4ffe426-4445-4c01-a74c-ca9a7508b670,M-1617,SESS-20260806-2558-0188,RENTAL_ACCRUAL,10,49,2026-08-06T22:25:00+08:00
42d209fc-f30d-4389-bc75-738c53a7e6fa,M-1609,SESS-20260806-4040-0189,RENTAL_ACCRUAL,28,152,2026-08-06T12:15:00+08:00
09fc325a-e73b-4572-8db1-43a0c99ea57b,M-1102,SESS-20260806-8656-0190,RENTAL_REDEMPTION,-100,5,2026-08-06T21:00:00+08:00
5d33d152-374d-47e3-88e0-3e8fe69bc2ca,M-1102,SESS-20260806-8656-0190,RENTAL_ACCRUAL,11,16,2026-08-06T23:00:00+08:00
e84a87e6-210c-400d-9cee-ccc7a3e604d6,M-1314,SESS-20260806-3480-0191,RENTAL_ACCRUAL,108,434,2026-08-07T01:05:00+08:00
312aee9c-ed6a-44fb-aba1-0f2d070529a0,M-1934,SESS-20260806-7178-0192,RENTAL_ACCRUAL,40,337,2026-08-06T20:45:00+08:00
fa360f53-3817-406b-89ee-ed0d4a919a88,M-2060,SESS-20260806-6331-0193,RENTAL_ACCRUAL,24,98,2026-08-07T01:50:00+08:00
69478070-225e-40fe-992f-7891544cebc2,M-1460,SESS-20260806-1216-0194,RENTAL_ACCRUAL,27,139,2026-08-06T14:00:00+08:00
140cf124-8b1d-4b23-a306-a36a45eba736,M-1958,SESS-20260806-5686-0195,RENTAL_ACCRUAL,5,69,2026-08-06T14:20:00+08:00
1d7691e8-3a2c-4d68-83fd-c1546d15cb67,M-1258,SESS-20260806-3644-0196,RENTAL_REDEMPTION,-100,490,2026-08-06T19:30:00+08:00
9774bc96-55c2-44d2-bbcc-37daf1429aff,M-1258,SESS-20260806-3644-0196,RENTAL_ACCRUAL,2,492,2026-08-06T20:30:00+08:00
895e9c56-4d5a-483f-873d-3429cd3f5cd9,M-1007,SESS-20260806-9713-0197,RENTAL_ACCRUAL,18,551,2026-08-06T20:55:00+08:00
9d2e8e89-f203-4417-b679-dcfd2ba4f5e0,M-1844,SESS-20260806-1142-0198,RENTAL_ACCRUAL,15,145,2026-08-07T00:45:00+08:00
2c7b577b-c793-4f7b-ad8c-db877410d2fb,M-2115,SESS-20260806-3969-0199,RENTAL_REDEMPTION,-200,3,2026-08-06T17:15:00+08:00
99b57a10-61a8-455c-a23f-849653ca3d90,M-2115,SESS-20260806-3969-0199,RENTAL_ACCRUAL,5,8,2026-08-06T20:15:00+08:00
d27fd5ec-90e4-4dfb-92d4-0d8a11bda5ea,M-1209,SESS-20260806-1078-0200,RENTAL_ACCRUAL,18,365,2026-08-06T03:30:00+08:00
9ae3e53d-3ac7-4348-88e6-565bc4107227,M-2023,SESS-20260806-3526-0201,RENTAL_ACCRUAL,11,414,2026-08-06T20:45:00+08:00
84a2a622-70ca-43e5-8c8b-73de49e3e4d5,M-1606,SESS-20260806-1397-0202,RENTAL_ACCRUAL,6,945,2026-08-06T15:45:00+08:00
474b5440-5f22-42c8-9194-69d197b28748,M-1968,SESS-20260806-3498-0203,RENTAL_ACCRUAL,27,167,2026-08-06T22:30:00+08:00
e744a134-8933-4fab-b664-dc5b76ce6cf1,M-2175,SESS-20260806-7255-0204,RENTAL_ACCRUAL,40,300,2026-08-07T00:15:00+08:00
946ceb84-3ec0-4d13-973d-779a516c68a1,M-1478,SESS-20260806-6091-0205,RENTAL_ACCRUAL,18,261,2026-08-06T22:45:00+08:00
1636925c-2752-4994-a8df-4c2c0e64e2bb,M-2186,SESS-20260806-9611-0206,RENTAL_REDEMPTION,-100,10,2026-08-06T22:10:00+08:00
61ae1c4f-9e60-44b7-bea1-bf6f89402689,M-2186,SESS-20260806-9611-0206,RENTAL_ACCRUAL,19,29,2026-08-07T01:10:00+08:00
ee21e659-c6c4-482a-a1d2-e5811365477a,M-1509,SESS-20260806-1468-0207,RENTAL_ACCRUAL,12,513,2026-08-06T21:45:00+08:00
755cd4ed-74a1-4398-aed3-dbc942f6e3f3,M-1634,SESS-20260806-2781-0208,RENTAL_ACCRUAL,27,130,2026-08-06T05:45:00+08:00
4bfe45b0-0ada-4edb-be28-a0d8e0205cad,M-2146,SESS-20260806-4762-0209,RENTAL_ACCRUAL,16,194,2026-08-07T00:00:00+08:00
5d969355-1b05-43d1-b960-c8998dd3e657,M-1691,SESS-20260806-5317-0210,RENTAL_ACCRUAL,9,513,2026-08-06T19:00:00+08:00
e7bff28d-6734-485d-a1a6-9deaca0241a2,M-1495,SESS-20260806-8211-0211,RENTAL_ACCRUAL,27,115,2026-08-06T17:30:00+08:00
85ae8dd5-5b87-48aa-b210-fba7105bc4c2,M-1576,SESS-20260806-9000-0212,RENTAL_ACCRUAL,12,1301,2026-08-06T16:30:00+08:00
322167cc-4037-44d1-8e89-0fddf08c1b41,M-1949,SESS-20260806-8719-0213,RENTAL_ACCRUAL,5,220,2026-08-06T22:05:00+08:00
db532b3a-bac8-4db8-a502-606559f4d942,M-1386,SESS-20260806-6052-0214,RENTAL_ACCRUAL,11,474,2026-08-06T22:30:00+08:00
b98ffe2c-31ba-4237-84ef-4812900bc3d5,M-1326,SESS-20260806-4092-0215,RENTAL_REDEMPTION,-100,548,2026-08-06T23:45:00+08:00
5fb176c4-1eac-4d76-b251-d7afea470c7f,M-1326,SESS-20260806-4092-0215,RENTAL_ACCRUAL,5,553,2026-08-07T01:45:00+08:00
86d627a0-20f1-4971-92d9-01386fa5d488,M-2075,SESS-20260806-4869-0216,RENTAL_ACCRUAL,40,193,2026-08-07T02:15:00+08:00
4e1db246-29ef-4611-b013-4b1005ec4706,M-1363,SESS-20260806-6418-0217,RENTAL_ACCRUAL,27,348,2026-08-06T14:00:00+08:00
c08f97b7-021a-42d7-983d-4caf766b44c6,M-1930,SESS-20260806-8259-0218,RENTAL_REDEMPTION,-100,123,2026-08-06T21:55:00+08:00
e5cb8a66-95d3-4da5-b103-89859fc444a6,M-1930,SESS-20260806-8259-0218,RENTAL_ACCRUAL,21,144,2026-08-07T02:55:00+08:00
0626611b-b561-4097-9b0b-fb0dcd68cb35,M-1821,SESS-20260806-9829-0219,RENTAL_REDEMPTION,-300,42,2026-08-06T21:20:00+08:00
90ea2257-c4af-4581-ac50-6cbd8b171717,M-1821,SESS-20260806-9829-0219,RENTAL_ACCRUAL,8,50,2026-08-07T00:20:00+08:00
f6fabbbe-802c-47e2-8cd3-f7e21151b0e8,M-1673,SESS-20260806-1349-0220,RENTAL_ACCRUAL,13,486,2026-08-06T21:50:00+08:00
44012a7b-21a4-4917-b0d2-4e9341ec88e7,M-1750,SESS-20260806-2027-0221,RENTAL_ACCRUAL,16,192,2026-08-07T00:15:00+08:00
c7775e6e-153b-44f5-bee4-edb3d18a0b01,M-1141,SESS-20260806-1833-0222,RENTAL_ACCRUAL,11,120,2026-08-07T01:55:00+08:00
436990dc-aba2-4f2c-b729-b1544b2abf91,M-1091,SESS-20260806-8922-0223,RENTAL_REDEMPTION,-100,113,2026-08-06T18:30:00+08:00
31dc0d39-3683-49fe-b20f-01c34f79dfe7,M-1091,SESS-20260806-8922-0223,RENTAL_ACCRUAL,5,118,2026-08-06T20:30:00+08:00
1badb1c7-9e0d-45f8-8a5d-43496aabcd49,M-1963,SESS-20260806-4840-0224,RENTAL_ACCRUAL,15,85,2026-08-06T20:00:00+08:00
2752d7f7-e799-48c8-b810-e850eb7ffc1f,M-1305,SESS-20260806-1390-0225,RENTAL_ACCRUAL,40,501,2026-08-07T01:20:00+08:00
d60fb586-705e-45c5-942e-efd2bfdc8511,M-1583,SESS-20260806-6563-0226,RENTAL_ACCRUAL,5,172,2026-08-06T22:00:00+08:00
eeaa19ba-c79b-4e9f-8953-cbffcae0beb5,M-1375,SESS-20260806-7139-0227,RENTAL_ACCRUAL,16,145,2026-08-07T01:15:00+08:00
9964dfdc-bbbb-4bfd-9756-897b5a28f1c5,M-1304,SESS-20260806-3115-0228,RENTAL_ACCRUAL,45,411,2026-08-07T04:15:00+08:00
35e313ae-f30a-44b6-b6c8-3fa79344bedb,M-1052,SESS-20260806-7191-0229,RENTAL_REDEMPTION,-100,116,2026-08-06T16:45:00+08:00
8298add5-c44e-4be1-8907-d464bcd4d1fb,M-1052,SESS-20260806-7191-0229,RENTAL_ACCRUAL,5,121,2026-08-06T18:45:00+08:00
61026d6a-0bb3-486d-933c-d65a21bc4843,M-1541,SESS-20260806-5185-0230,RENTAL_ACCRUAL,18,259,2026-08-07T02:00:00+08:00
138ca557-5728-4aa2-b041-a04bbf1fa5f0,M-1289,SESS-20260806-9652-0231,RENTAL_ACCRUAL,10,130,2026-08-06T19:00:00+08:00
7df31d14-01f6-41ac-a5f3-4c2a04dc8c7a,M-1557,SESS-20260806-8530-0232,RENTAL_ACCRUAL,16,530,2026-08-07T00:45:00+08:00
353712ca-b6d6-467b-b96b-0b0ebbf4e9a1,M-1317,SESS-20260806-4991-0233,RENTAL_REDEMPTION,-100,36,2026-08-06T17:30:00+08:00
df21a650-06ad-4f44-ae3c-9c747953fcaf,M-1317,SESS-20260806-4991-0233,RENTAL_ACCRUAL,5,41,2026-08-06T19:30:00+08:00
9a87a941-6ade-41d0-af86-486f37d08513,M-1245,SESS-20260806-7323-0234,RENTAL_ACCRUAL,16,171,2026-08-06T16:05:00+08:00
415cafc3-2731-414e-822f-06d0d6654828,M-1598,SESS-20260806-1791-0235,RENTAL_REDEMPTION,-100,98,2026-08-06T17:45:00+08:00
5fd72dd8-f595-48c1-88af-fbcc67c99db4,M-1598,SESS-20260806-1791-0235,RENTAL_ACCRUAL,10,108,2026-08-06T20:45:00+08:00
5be76c38-6842-43c3-b527-2d160e164218,M-1285,SESS-20260806-1814-0236,RENTAL_ACCRUAL,18,188,2026-08-07T01:30:00+08:00
c6715920-a68e-48a1-9648-48e346e8ee9c,M-1013,SESS-20260806-6733-0237,RENTAL_ACCRUAL,5,174,2026-08-06T19:45:00+08:00
0785f6e4-f7d8-4678-b47f-8d7a9b84b604,M-1905,SESS-20260806-7056-0238,RENTAL_ACCRUAL,24,80,2026-08-06T23:05:00+08:00
5e999488-71f7-4e49-b102-ab764ed707e9,M-1231,SESS-20260806-6694-0239,RENTAL_ACCRUAL,11,376,2026-08-06T10:45:00+08:00
40f511de-f1ac-439e-8a94-ec6c93622c2a,M-1668,SESS-20260806-5692-0240,RENTAL_REDEMPTION,-100,28,2026-08-06T22:40:00+08:00
7c0486a7-fc84-4a27-aec9-f8cd013b59da,M-1668,SESS-20260806-5692-0240,RENTAL_ACCRUAL,21,49,2026-08-07T03:40:00+08:00
01e85509-42a4-47e7-91f5-46830a347ba7,M-1642,SESS-20260806-4142-0241,RENTAL_REDEMPTION,-100,138,2026-08-06T17:45:00+08:00
347e7439-cc7c-49df-a894-b5524ef28419,M-1642,SESS-20260806-4142-0241,RENTAL_ACCRUAL,10,148,2026-08-06T20:45:00+08:00
0890fc38-305b-4746-ad38-91ce5c314cde,M-1429,SESS-20260806-6794-0242,RENTAL_ACCRUAL,28,742,2026-08-07T00:45:00+08:00
3a4ccff6-4a3e-4d07-887d-e3601b73df41,M-1024,SESS-20260806-7891-0243,RENTAL_ACCRUAL,9,285,2026-08-06T23:55:00+08:00
515c19d5-eec9-41ed-9281-5d477ccfbc34,M-2144,SESS-20260806-2280-0244,RENTAL_ACCRUAL,15,72,2026-08-06T16:15:00+08:00
77986f44-7deb-446f-80c0-0ee39579ae16,M-1685,SESS-20260806-9105-0245,RENTAL_ACCRUAL,6,207,2026-08-06T18:00:00+08:00
57c4ba9d-2fa2-45c5-82c4-e12111009131,M-1249,SESS-20260806-3210-0246,RENTAL_ACCRUAL,72,160,2026-08-06T17:30:00+08:00
3815e983-9712-4c72-b8c9-9aaa30bdcd43,M-1693,SESS-20260806-8683-0247,RENTAL_REDEMPTION,-100,161,2026-08-06T19:25:00+08:00
ddc59037-985f-4954-baf7-97026295cec1,M-1693,SESS-20260806-8683-0247,RENTAL_ACCRUAL,5,166,2026-08-06T21:25:00+08:00
644be97e-bef9-436f-9c21-049da36e36f7,M-1083,SESS-20260806-3970-0248,RENTAL_REDEMPTION,-100,291,2026-08-06T14:45:00+08:00
6ee210c9-4841-463c-b3ed-9b086381b32a,M-1083,SESS-20260806-3970-0248,RENTAL_ACCRUAL,5,296,2026-08-06T16:45:00+08:00
f2d50108-8168-48a2-97a9-a9d7c97082d2,M-1533,SESS-20260806-8492-0249,RENTAL_REDEMPTION,-300,217,2026-08-06T14:15:00+08:00
026aa86a-8190-403f-965c-6406d2912174,M-1533,SESS-20260806-8492-0249,RENTAL_ACCRUAL,54,271,2026-08-06T22:15:00+08:00
0753f376-71b5-487d-acbb-3365f2361744,M-1486,SESS-20260806-4566-0250,RENTAL_ACCRUAL,28,95,2026-08-07T03:30:00+08:00
7c988960-8e53-4735-854a-388b2c7c0c95,M-1216,SESS-20260806-1439-0251,RENTAL_ACCRUAL,12,319,2026-08-06T17:00:00+08:00
831f965d-4cf8-41b9-8d47-b74b9124cf88,M-1025,SESS-20260806-6077-0252,RENTAL_ACCRUAL,9,146,2026-08-06T23:30:00+08:00
e2771629-c536-4f88-b917-67ac832c68fa,M-1162,SESS-20260806-3060-0253,RENTAL_REDEMPTION,-100,152,2026-08-06T21:30:00+08:00
ae5bc730-8a23-4d8f-96c7-a8b7a633ca78,M-1162,SESS-20260806-3060-0253,RENTAL_ACCRUAL,11,163,2026-08-06T23:30:00+08:00
2f688d8f-4b5d-4ccb-ad55-05b187f1e1e5,M-1897,SESS-20260806-6736-0254,RENTAL_REDEMPTION,-100,26,2026-08-06T22:00:00+08:00
d852ec23-6ec3-49fe-9b71-e834facfbda2,M-1897,SESS-20260806-6736-0254,RENTAL_ACCRUAL,11,37,2026-08-07T00:00:00+08:00
a20a8cf6-b082-4635-9f8e-d3f1fd483b44,M-1217,SESS-20260806-7352-0255,RENTAL_ACCRUAL,18,153,2026-08-06T21:05:00+08:00
635b198b-3c85-4522-af2b-04368f52029a,M-1303,SESS-20260806-9519-0256,RENTAL_ACCRUAL,19,2689,2026-08-07T01:45:00+08:00
1e587976-ac74-41c2-8f7a-44a234a73dd4,M-2036,SESS-20260806-2729-0257,RENTAL_ACCRUAL,40,94,2026-08-06T23:00:00+08:00
d5eb208d-7217-45b3-937a-b5f6f53c85f4,M-1444,SESS-20260806-6202-0258,RENTAL_ACCRUAL,43,3456,2026-08-07T00:55:00+08:00
b70dd636-757e-4a6b-9022-b146c7a2ef99,M-1534,SESS-20260806-6071-0259,RENTAL_ACCRUAL,27,150,2026-08-06T23:30:00+08:00
df831c5b-172b-481b-ae5c-dddd9e453d0a,M-1236,SESS-20260806-3121-0260,RENTAL_REDEMPTION,-100,108,2026-08-06T19:30:00+08:00
ca647584-9e32-4b06-83c4-07d9a9f5a4dd,M-1236,SESS-20260806-3121-0260,RENTAL_ACCRUAL,5,113,2026-08-06T21:30:00+08:00
12dfcc76-628a-4219-8836-8660509a25ba,M-2031,SESS-20260806-6818-0261,RENTAL_ACCRUAL,5,86,2026-08-06T21:20:00+08:00
0326bf4b-6c8b-4209-a76b-862dc062d7fa,M-1092,SESS-20260806-4015-0262,RENTAL_ACCRUAL,28,472,2026-08-07T00:05:00+08:00
98ab2722-b66c-48fe-a22a-343227f5af99,M-1175,SESS-20260806-6558-0263,RENTAL_ACCRUAL,19,350,2026-08-07T01:10:00+08:00
f1d509d1-77a2-4374-810f-c654937b4d41,M-1857,SESS-20260806-9330-0264,RENTAL_ACCRUAL,15,267,2026-08-06T21:30:00+08:00
e4f61bf8-63a0-40bd-b1f2-1e39163819b3,M-2062,SESS-20260806-1185-0265,RENTAL_ACCRUAL,10,205,2026-08-06T22:15:00+08:00
3b679396-f130-4dae-8933-c64fb33136e8,M-2024,SESS-20260806-6415-0266,RENTAL_ACCRUAL,15,90,2026-08-06T21:30:00+08:00
91da4727-88be-4b04-bad2-b88bf3dd8e07,M-2169,SESS-20260806-6140-0267,RENTAL_ACCRUAL,9,174,2026-08-06T20:15:00+08:00
a07a5a2a-4940-4f9b-989d-8792f58c411d,M-1117,SESS-20260806-9748-0268,RENTAL_ACCRUAL,27,273,2026-08-06T08:00:00+08:00
ba82f49c-9e1d-46e8-acfc-1f357e2c9688,M-1381,SESS-20260806-5335-0269,RENTAL_ACCRUAL,28,318,2026-08-07T01:15:00+08:00
3667e5e7-f728-4665-9a3e-aaca7927e5d9,M-1940,SESS-20260806-6203-0270,RENTAL_REDEMPTION,-100,56,2026-08-06T20:40:00+08:00
f32167cf-b8ca-48ed-9ac3-383a619ce754,M-1940,SESS-20260806-6203-0270,RENTAL_ACCRUAL,35,91,2026-08-07T01:40:00+08:00
074e38c9-87d6-4fa6-a1b2-681572eb26dc,M-1199,SESS-20260806-7446-0271,RENTAL_REDEMPTION,-100,24,2026-08-06T13:15:00+08:00
a6138fe0-2fc0-4e19-82f8-04b82147f973,M-1199,SESS-20260806-7446-0271,RENTAL_ACCRUAL,20,44,2026-08-06T16:15:00+08:00
2a31d17d-783d-425b-92d2-33d3934e7620,M-1392,SESS-20260806-9383-0272,RENTAL_ACCRUAL,18,1049,2026-08-07T01:15:00+08:00
2cc7819a-de69-41a9-8d8d-ceebfb7b68df,M-1611,SESS-20260806-9490-0273,RENTAL_ACCRUAL,43,525,2026-08-07T00:30:00+08:00
6c189028-6de9-48f5-aef1-35df711078b7,M-2148,SESS-20260806-6925-0274,RENTAL_ACCRUAL,15,130,2026-08-07T00:45:00+08:00
c5ce7923-4cd7-4bbb-bd1d-dbdd00e617e6,M-1208,SESS-20260806-9532-0275,RENTAL_REDEMPTION,-100,3207,2026-08-06T21:00:00+08:00
15e4aaff-aa86-42a3-80d7-5b146e97c0fc,M-1208,SESS-20260806-9532-0275,RENTAL_ACCRUAL,4,3211,2026-08-06T23:00:00+08:00
c9a9a38a-e44e-4f5a-a86d-aed25105b762,M-1518,SESS-20260806-4257-0276,RENTAL_ACCRUAL,18,459,2026-08-07T01:40:00+08:00
99d0638a-52d9-4fe3-954f-8d69352ca047,M-1628,SESS-20260806-6517-0277,RENTAL_REDEMPTION,-300,146,2026-08-06T19:45:00+08:00
10e2739f-5a0b-4188-8ca9-d9d1f9f2b49b,M-1628,SESS-20260806-6517-0277,RENTAL_ACCRUAL,9,155,2026-08-07T00:45:00+08:00
0c1976f9-56f8-45be-84a6-b77c69a5b60b,M-1859,SESS-20260806-4713-0278,RENTAL_ACCRUAL,36,163,2026-08-06T22:40:00+08:00
5d6df723-cee8-4f97-b1d1-a043f1b74815,M-1983,SESS-20260806-6301-0279,RENTAL_ACCRUAL,18,348,2026-08-06T23:20:00+08:00
59637c27-d3b6-4acf-ba1a-66cf3117dc51,M-1065,SESS-20260806-4647-0280,RENTAL_ACCRUAL,6,588,2026-08-06T14:35:00+08:00
2e149c80-e50f-4295-9fcf-90823e1c272a,M-1233,SESS-20260806-5503-0281,RENTAL_ACCRUAL,11,315,2026-08-06T19:30:00+08:00
50f2142b-b9a1-4963-84a1-a738a1fe4994,M-1021,SESS-20260806-5478-0282,RENTAL_ACCRUAL,18,479,2026-08-07T00:45:00+08:00
766d1220-57f0-4a0d-9b9d-1965c36a77f7,M-1298,SESS-20260806-5183-0283,RENTAL_ACCRUAL,5,418,2026-08-06T15:50:00+08:00
9641183f-d1f0-4995-a8e5-e42c51e66f78,M-1152,SESS-20260806-4131-0284,RENTAL_ACCRUAL,16,141,2026-08-06T23:45:00+08:00
50cce74b-884d-42a9-8c9b-5efa05e96503,M-1370,SESS-20260806-6022-0285,RENTAL_ACCRUAL,16,472,2026-08-06T22:00:00+08:00
1cd0a11a-60cf-4214-9516-13e555e644e0,M-1097,SESS-20260806-7128-0286,RENTAL_REDEMPTION,-100,5,2026-08-06T23:05:00+08:00
b5cc4d68-f5fe-4707-bc35-5ae3236fafdb,M-1097,SESS-20260806-7128-0286,RENTAL_ACCRUAL,21,26,2026-08-07T04:05:00+08:00
aa7b2910-5301-4af1-99e3-d9ab26e9b923,M-1160,SESS-20260806-5428-0287,RENTAL_ACCRUAL,5,374,2026-08-06T18:00:00+08:00
3068dd71-2720-43f6-94f3-b3d80848e338,M-1752,SESS-20260806-3006-0288,RENTAL_REDEMPTION,-200,2502,2026-08-06T19:45:00+08:00
62f453e3-c631-4f0a-b2ff-7c8940dbda67,M-1752,SESS-20260806-3006-0288,RENTAL_ACCRUAL,4,2506,2026-08-06T21:45:00+08:00
0c4ec2d2-a7f7-46bf-9ee6-46c2759e1ab3,M-1149,SESS-20260806-3506-0289,RENTAL_ACCRUAL,16,136,2026-08-06T04:45:00+08:00
a25fc873-05fa-4f83-81ca-1da8f042e7cd,M-1597,SESS-20260806-2339-0290,RENTAL_ACCRUAL,67,159,2026-08-07T03:40:00+08:00
a0b87023-2591-42c1-adca-1bcd959bdbc9,M-1327,SESS-20260806-6575-0291,RENTAL_ACCRUAL,28,2024,2026-08-07T00:35:00+08:00
7db12f7c-95e0-4862-8573-4c03f91fff58,M-2120,SESS-20260806-3990-0292,RENTAL_ACCRUAL,10,152,2026-08-06T21:50:00+08:00
22428c9b-612f-494f-8b08-5c7ace96d1ba,M-1213,SESS-20260806-3912-0293,RENTAL_ACCRUAL,16,231,2026-08-07T01:15:00+08:00
af9ac330-ab12-4d7f-98f9-d7d5172b8b05,M-1089,SESS-20260806-7846-0294,RENTAL_ACCRUAL,45,127,2026-08-06T23:45:00+08:00
1386ea64-cb64-47ba-92c1-e7e56b6a2ef1,M-2105,SESS-20260806-5116-0295,RENTAL_ACCRUAL,5,177,2026-08-06T22:40:00+08:00
1c2a9535-6ae7-4856-9768-47f4a2e849a6,M-1789,SESS-20260806-6578-0296,RENTAL_ACCRUAL,9,219,2026-08-07T00:10:00+08:00
6808bd09-f24c-4599-ad6c-d5a0137dae00,M-1066,SESS-20260806-6204-0297,RENTAL_ACCRUAL,27,257,2026-08-07T00:55:00+08:00
785173b9-cbd3-4fd5-8fcc-56c6670fc383,M-2189,SESS-20260806-3224-0298,RENTAL_ACCRUAL,10,90,2026-08-06T21:40:00+08:00
302cc112-3ca9-4e1f-9f6b-15982894b749,M-1455,SESS-20260806-1617-0299,RENTAL_ACCRUAL,27,683,2026-08-06T21:15:00+08:00
d48f981f-2501-417b-9df5-917976bafec3,M-1104,SESS-20260806-1417-0300,RENTAL_ACCRUAL,5,443,2026-08-06T23:15:00+08:00
6a21e234-6761-4798-8e95-271a3adc53fc,M-1503,SESS-20260806-2318-0301,RENTAL_ACCRUAL,11,819,2026-08-06T19:15:00+08:00
0a267210-aa80-4cb6-8fbb-7fc622d16ae0,M-1075,SESS-20260806-6445-0302,RENTAL_ACCRUAL,27,133,2026-08-07T02:40:00+08:00
dcbeb68b-2f75-44d1-bc11-e44602e44505,M-1547,SESS-20260806-5810-0303,RENTAL_ACCRUAL,16,507,2026-08-07T01:30:00+08:00
3e672a69-34b4-463b-96e9-8cc1da1b0d99,M-1544,SESS-20260806-3087-0304,RENTAL_ACCRUAL,11,273,2026-08-06T23:35:00+08:00
8d1b9042-7677-4bd1-a5e9-a613b45c7ebf,M-1212,SESS-20260806-5653-0305,RENTAL_ACCRUAL,72,159,2026-08-07T04:30:00+08:00
a4dc9160-f055-4771-b4d9-a3b8e0816a0f,M-1465,SESS-20260806-8248-0306,RENTAL_ACCRUAL,19,867,2026-08-06T18:30:00+08:00
88f8acfd-0d84-454c-b786-eddef4c4f30b,M-1057,SESS-20260806-4246-0307,RENTAL_REDEMPTION,-200,5,2026-08-06T20:40:00+08:00
7bb8271c-9096-4bf1-855a-548636ae95a4,M-1057,SESS-20260806-4246-0307,RENTAL_ACCRUAL,32,37,2026-08-07T01:40:00+08:00
a25f57ad-c9a1-4aac-9b50-26ad92fa0b3a,M-1601,SESS-20260806-2682-0308,RENTAL_REDEMPTION,-100,272,2026-08-06T23:15:00+08:00
7517fea7-cab8-46eb-ad4e-52699f546ff1,M-1601,SESS-20260806-2682-0308,RENTAL_ACCRUAL,11,283,2026-08-07T01:15:00+08:00
f5a1acda-b9bc-4476-8232-86f6fe8242b8,M-1453,SESS-20260806-1152-0309,RENTAL_ACCRUAL,5,46,2026-08-06T15:30:00+08:00
4c200cce-74cf-4154-bcff-01b030d48285,M-1822,SESS-20260806-8633-0310,RENTAL_REDEMPTION,-100,129,2026-08-06T22:40:00+08:00
52f6ab04-782c-43b7-b206-0640671ead5a,M-1822,SESS-20260806-8633-0310,RENTAL_ACCRUAL,10,139,2026-08-07T01:40:00+08:00
9e519a2f-14eb-4e02-b778-18d40bb32f09,M-1591,SESS-20260806-8988-0311,RENTAL_REDEMPTION,-100,1972,2026-08-06T19:00:00+08:00
410ba4ae-e1cc-4580-ad3c-254ade1fb312,M-1591,SESS-20260806-8988-0311,RENTAL_ACCRUAL,4,1976,2026-08-06T21:00:00+08:00
369a160e-5d22-4ef0-b9a1-216b7021d493,M-1462,SESS-20260806-4369-0312,RENTAL_ACCRUAL,6,245,2026-08-06T17:10:00+08:00
dd499431-192b-4aca-b688-5d0d492e097a,M-1334,SESS-20260806-2989-0313,RENTAL_ACCRUAL,5,17,2026-08-06T23:00:00+08:00
6406954f-c448-456b-8a7f-e0d6b7a80a89,M-1294,SESS-20260806-6843-0314,RENTAL_ACCRUAL,5,130,2026-08-06T23:00:00+08:00
0cea01e1-96c8-4043-bbac-98f4d62a8c86,M-1082,SESS-20260806-2765-0315,RENTAL_ACCRUAL,13,373,2026-08-06T17:00:00+08:00
a6501c44-5a96-41d5-b67f-c3ed4839537e,M-1163,SESS-20260806-5329-0316,RENTAL_ACCRUAL,5,313,2026-08-06T22:55:00+08:00
61bb617b-fd6e-4522-a350-bdfa15f1cb3b,M-1085,SESS-20260806-3278-0317,RENTAL_REDEMPTION,-100,120,2026-08-06T20:00:00+08:00
27dd4f18-8751-4409-bba7-ac59e0f213ee,M-1085,SESS-20260806-3278-0317,RENTAL_ACCRUAL,5,125,2026-08-06T22:00:00+08:00
9c6c121a-b311-442f-986e-1ed6944949b2,M-1797,SESS-20260806-8949-0318,RENTAL_ACCRUAL,11,324,2026-08-07T00:15:00+08:00
d3f07d2b-95b0-41e2-9868-591b7b92ad32,M-1772,SESS-20260806-4516-0319,RENTAL_ACCRUAL,5,96,2026-08-06T23:45:00+08:00
ccc990d1-3eaf-4f7e-bf8f-116402561d20,M-1404,SESS-20260806-3347-0320,RENTAL_REDEMPTION,-100,62,2026-08-06T23:50:00+08:00
37f6a454-3816-4f37-9d5d-9d3c55b95ebc,M-1404,SESS-20260806-3347-0320,RENTAL_ACCRUAL,5,67,2026-08-07T01:50:00+08:00
8e71410b-28b5-4d2a-8f54-d72fc37730f0,M-1325,SESS-20260806-4871-0321,RENTAL_ACCRUAL,16,375,2026-08-07T00:30:00+08:00
c0800bab-88ad-404b-9d7c-6b522d62ebe4,M-1338,SESS-20260806-3566-0322,RENTAL_ACCRUAL,16,455,2026-08-07T01:30:00+08:00
281761f3-b32d-4aba-9647-ec49967390b4,M-2099,SESS-20260806-5204-0323,RENTAL_ACCRUAL,10,219,2026-08-07T00:45:00+08:00
718ca206-8268-4127-886a-a386fcb60060,M-2099,TIER_UPGRADE_Standard_TO_Silver,TIER_BONUS,50,269,2026-08-07T00:45:00+08:00
e1e55933-62a1-4e01-9f07-9af4acc227ac,M-1606,SESS-20260806-5522-0324,RENTAL_ACCRUAL,12,957,2026-08-06T18:45:00+08:00
96b782ca-b8e6-4ab0-8147-d85af01b506f,M-1975,SESS-20260806-9293-0325,RENTAL_ACCRUAL,16,114,2026-08-06T21:30:00+08:00
850897f9-6610-4d81-a98b-fb392bb1049d,M-1893,SESS-20260806-3357-0326,RENTAL_REDEMPTION,-100,1,2026-08-06T21:00:00+08:00
8bfb2e9a-0619-481a-9736-3ab3d816ad15,M-1893,SESS-20260806-3357-0326,RENTAL_ACCRUAL,5,6,2026-08-06T23:00:00+08:00
139ceabb-f5d6-4f8a-91d8-78b91e04d621,M-1814,SESS-20260806-6686-0327,RENTAL_ACCRUAL,45,467,2026-08-07T02:50:00+08:00
e037fc94-b39e-4470-a24b-da44f5cc6c1e,M-1473,SESS-20260806-3244-0328,RENTAL_REDEMPTION,-200,112,2026-08-06T04:30:00+08:00
c3295ce3-b79c-4f98-8306-cfe5c7ca2b78,M-1473,SESS-20260806-3244-0328,RENTAL_ACCRUAL,32,144,2026-08-06T09:30:00+08:00
23131e79-e26e-4736-b62b-98f69f82ae2b,M-1350,SESS-20260806-1811-0329,RENTAL_ACCRUAL,11,567,2026-08-07T00:05:00+08:00
5b985c68-6f3c-4f3b-abfa-b6376d05a833,M-1342,SESS-20260806-4374-0330,RENTAL_ACCRUAL,11,397,2026-08-07T01:55:00+08:00
57fa839d-eccf-469d-bd8d-6010172d11ff,M-1659,SESS-20260806-7816-0331,RENTAL_ACCRUAL,11,412,2026-08-07T01:15:00+08:00
9770f46a-ef69-48e8-86bd-6b9486001fb9,M-1817,SESS-20260806-7770-0332,RENTAL_REDEMPTION,-100,147,2026-08-06T13:45:00+08:00
d994720d-4d1e-4ef1-bc98-788770df94eb,M-1817,SESS-20260806-7770-0332,RENTAL_ACCRUAL,5,152,2026-08-06T15:45:00+08:00
d0a440bc-b483-4026-8e99-550743a1dc7a,M-1295,SESS-20260806-7437-0333,RENTAL_ACCRUAL,27,253,2026-08-06T23:20:00+08:00
dda40d63-da96-4a7b-86cc-f62d60753c84,M-1774,SESS-20260806-5082-0334,RENTAL_REDEMPTION,-100,231,2026-08-06T23:25:00+08:00
8819838e-473c-4cbc-9355-d349851a29ff,M-1774,SESS-20260806-5082-0334,RENTAL_ACCRUAL,10,241,2026-08-07T02:25:00+08:00
ac40c0ac-baec-4c83-a215-0aa3828c10d1,M-1589,SESS-20260806-9046-0335,RENTAL_ACCRUAL,40,58,2026-08-06T18:15:00+08:00
664e1399-d2e8-4392-887e-a61e08b463af,M-1508,SESS-20260806-6674-0336,RENTAL_ACCRUAL,28,587,2026-08-07T04:05:00+08:00
4b17a90d-8b72-4b6c-b5aa-69d0bd6aa3d3,M-1754,SESS-20260806-3225-0337,RENTAL_REDEMPTION,-100,141,2026-08-06T19:30:00+08:00
c27f73cc-8cad-4ff6-ae5b-a3eb244f4260,M-1754,SESS-20260806-3225-0337,RENTAL_ACCRUAL,38,179,2026-08-07T03:30:00+08:00
cfdfc4bc-7793-46d0-a45f-e5f7a92ef181,M-1067,SESS-20260806-6964-0338,RENTAL_ACCRUAL,76,537,2026-08-07T06:55:00+08:00
67dc7013-b8fa-42e7-8bbd-dca6101b4f61,M-1554,SESS-20260806-2306-0339,RENTAL_ACCRUAL,18,1172,2026-08-06T22:35:00+08:00
2a0eaadc-22fe-4491-8d4e-4c2ee8492e19,M-1732,SESS-20260806-4680-0340,RENTAL_REDEMPTION,-100,48,2026-08-06T21:35:00+08:00
8b672cc6-df8c-4fe5-981a-88ba829ef8a6,M-1732,SESS-20260806-4680-0340,RENTAL_ACCRUAL,11,59,2026-08-06T23:35:00+08:00
05969cff-729a-49fe-afd2-9684eba4c418,M-1794,SESS-20260806-8405-0341,RENTAL_ACCRUAL,5,188,2026-08-06T22:40:00+08:00
cc450c7d-6479-4290-b133-5529306beb33,M-1546,SESS-20260806-8273-0342,RENTAL_ACCRUAL,18,160,2026-08-07T00:15:00+08:00
24204632-9319-4266-8a9b-0f80dfa1ab49,M-1796,SESS-20260806-6078-0343,RENTAL_ACCRUAL,13,361,2026-08-06T17:15:00+08:00
fa56b9d4-1be0-47cd-8df9-ac7d22415767,M-1580,SESS-20260806-9819-0344,RENTAL_ACCRUAL,28,755,2026-08-07T03:55:00+08:00
9dd69341-aac4-474e-a188-9b750a1a3c8e,M-1106,SESS-20260806-9689-0345,RENTAL_ACCRUAL,27,496,2026-08-06T23:55:00+08:00
39950cfd-cf96-4300-a5d2-80c98f3d5271,M-1287,SESS-20260806-4427-0346,RENTAL_ACCRUAL,18,187,2026-08-06T20:45:00+08:00
893b3e3a-5a6f-4ee8-b4a4-5123f99451d1,M-1701,SESS-20260806-2364-0347,RENTAL_ACCRUAL,13,612,2026-08-06T23:55:00+08:00
d9630740-2970-41d8-8a58-3a53eeaa55c9,M-1568,SESS-20260806-8940-0348,RENTAL_REDEMPTION,-100,249,2026-08-06T05:30:00+08:00
80999968-fec2-4a8d-beeb-dfe8ddb44400,M-1568,SESS-20260806-8940-0348,RENTAL_ACCRUAL,5,254,2026-08-06T07:30:00+08:00
281c3e0d-30f1-4f13-a2b1-8b3b1634928c,M-1016,SESS-20260806-5439-0349,RENTAL_REDEMPTION,-100,72,2026-08-06T16:15:00+08:00
7fbb4c2c-b3d5-4671-85c1-dda857751c5c,M-1016,SESS-20260806-5439-0349,RENTAL_ACCRUAL,21,93,2026-08-06T21:15:00+08:00
be3f74fa-fb17-4fae-9b60-06df623243f3,M-1666,SESS-20260806-1068-0350,RENTAL_ACCRUAL,11,98,2026-08-07T01:00:00+08:00
5286a0f2-263a-43d8-85b3-e65c90306af9,M-1531,SESS-20260806-6769-0351,RENTAL_REDEMPTION,-100,222,2026-08-06T22:50:00+08:00
68b7a72d-a8dc-42c9-890f-5dfea584ad9c,M-1531,SESS-20260806-6769-0351,RENTAL_ACCRUAL,10,232,2026-08-07T01:50:00+08:00
52de6f52-859c-4737-b22b-7d7f9e424ece,M-1007,SESS-20260806-7849-0352,RENTAL_ACCRUAL,28,579,2026-08-07T00:40:00+08:00
b184b2b8-4631-4cbf-a4aa-e891cbeb5e7c,M-1479,SESS-20260806-2312-0353,RENTAL_ACCRUAL,6,2531,2026-08-06T22:30:00+08:00
c9c4b286-d219-440c-be33-892e8fbf0078,M-1170,SESS-20260806-6413-0354,RENTAL_ACCRUAL,18,114,2026-08-07T00:00:00+08:00
844e9d4c-f891-476d-ac99-9dfd84f4a686,M-1222,SESS-20260806-3048-0355,RENTAL_ACCRUAL,45,613,2026-08-07T06:45:00+08:00
696f89ae-e7d0-46ff-9947-bc13d2dd0e58,M-1412,SESS-20260806-9882-0356,RENTAL_ACCRUAL,27,336,2026-08-07T02:30:00+08:00
777bd559-e4a8-41d8-80a5-08089b7daf98,M-1790,SESS-20260806-2741-0357,RENTAL_ACCRUAL,16,187,2026-08-07T02:30:00+08:00
f5871648-049a-43a2-8e07-f64bdb23a0ba,M-1770,SESS-20260806-8373-0358,RENTAL_ACCRUAL,6,324,2026-08-06T11:30:00+08:00
5eb7ea22-889b-4f1a-9b57-9a3b786bf4e2,M-1216,SESS-20260806-3837-0359,RENTAL_ACCRUAL,30,349,2026-08-07T03:15:00+08:00
c7e7f5e6-2193-40ac-b30e-ec75da3c97b2,M-1022,SESS-20260806-9546-0360,RENTAL_ACCRUAL,5,154,2026-08-06T19:15:00+08:00
7d92bace-3521-4621-b3f4-4d5590f49298,M-2032,SESS-20260806-2178-0361,RENTAL_ACCRUAL,5,448,2026-08-07T00:15:00+08:00
ae892d24-2461-4f2a-a2d9-56cfe1862dfa,M-1551,SESS-20260806-1865-0362,RENTAL_ACCRUAL,67,253,2026-08-07T02:55:00+08:00
19517d78-e353-450b-9ae4-2fcba3ce97fa,M-1923,SESS-20260806-4186-0363,RENTAL_ACCRUAL,5,46,2026-08-06T22:30:00+08:00
3f470755-016c-4e5f-9d72-dfe9ae46c5f0,M-1061,SESS-20260806-9484-0364,RENTAL_ACCRUAL,16,250,2026-08-06T21:10:00+08:00
056df963-ed9b-458a-bfc4-426b98f973bb,M-1316,SESS-20260806-2054-0365,RENTAL_ACCRUAL,18,251,2026-08-06T21:15:00+08:00
900d1aeb-909a-459a-b4b7-d16f83880556,M-1339,SESS-20260806-8027-0366,RENTAL_ACCRUAL,11,122,2026-08-07T01:15:00+08:00
38f9cebd-abed-4643-9a8f-e98bd9bd01ed,M-1345,SESS-20260806-9089-0367,RENTAL_ACCRUAL,11,527,2026-08-07T01:45:00+08:00
8e7723f2-5f3f-4aed-91a3-868c22a470e4,M-1193,SESS-20260806-6826-0368,RENTAL_REDEMPTION,-200,325,2026-08-06T15:00:00+08:00
53725efe-c5ae-48a9-a892-315709ad9157,M-1193,SESS-20260806-6826-0368,RENTAL_ACCRUAL,14,339,2026-08-06T17:00:00+08:00
5a00fce1-c989-4ebd-85f2-4a79a5603686,M-2013,SESS-20260806-2364-0369,RENTAL_ACCRUAL,10,95,2026-08-07T01:45:00+08:00
21c39fa2-2dec-42df-9bf1-125d6f59c099,M-1346,SESS-20260806-8597-0370,RENTAL_ACCRUAL,11,327,2026-08-06T23:55:00+08:00
3c629601-8d3a-4c2c-bf76-2ed7ed54ee95,M-2197,SESS-20260806-3080-0371,RENTAL_ACCRUAL,12,308,2026-08-06T17:15:00+08:00
b483ae35-1b2b-4cb8-8b3f-0b65ba17ab03,M-1698,SESS-20260806-7824-0372,RENTAL_ACCRUAL,11,474,2026-08-06T19:15:00+08:00
9e359f0c-adaf-4036-bef3-fd5dbcc09909,M-1074,SESS-20260806-1723-0373,RENTAL_ACCRUAL,13,449,2026-08-06T18:20:00+08:00
08eb0372-19d8-42f6-9bd5-cc00665a9756,M-2128,SESS-20260806-6970-0374,RENTAL_REDEMPTION,-100,304,2026-08-06T23:05:00+08:00
ebd26296-fd98-432b-8e01-dd33b05a21fc,M-2128,SESS-20260806-6970-0374,RENTAL_ACCRUAL,5,309,2026-08-07T01:05:00+08:00
e97b50a3-a40a-4a59-b4c1-db46808ffe79,M-1548,SESS-20260806-3029-0375,RENTAL_REDEMPTION,-200,388,2026-08-06T22:20:00+08:00
fce88162-dbc0-4cb7-80af-f68dd981c6c1,M-1548,SESS-20260806-3029-0375,RENTAL_ACCRUAL,3,391,2026-08-07T01:20:00+08:00
5c3108eb-60d4-4023-9a04-c9da588d6fe9,M-1828,SESS-20260806-8230-0376,RENTAL_ACCRUAL,40,169,2026-08-06T21:35:00+08:00
e9a54712-6994-4741-af08-32b1caa31fce,M-1696,SESS-20260806-3556-0377,RENTAL_ACCRUAL,43,1049,2026-08-07T00:50:00+08:00
4091bcb2-1435-406e-9dc1-02a0bec95378,M-1988,SESS-20260806-4541-0378,RENTAL_ACCRUAL,45,156,2026-08-07T05:15:00+08:00
ab8551f8-2d69-4b51-9afa-e6b5808ab3b6,M-1691,SESS-20260806-4137-0379,RENTAL_ACCRUAL,11,524,2026-08-07T00:40:00+08:00
7af0a1fe-34a4-4811-9440-8334dd2588b3,M-1655,SESS-20260806-7609-0380,RENTAL_ACCRUAL,11,257,2026-08-06T20:50:00+08:00
241f14ad-ba12-4cc8-9916-d11a86de2001,M-1600,SESS-20260806-7638-0381,RENTAL_ACCRUAL,18,98,2026-08-07T00:10:00+08:00
2adfef9f-b150-4ed2-ae6e-64f9452d2f1e,M-2166,SESS-20260806-8151-0382,RENTAL_ACCRUAL,25,162,2026-08-07T01:45:00+08:00
41750468-b610-4c5d-a976-0e1a1c5ed0c5,M-1679,SESS-20260806-5914-0383,RENTAL_ACCRUAL,16,411,2026-08-07T02:10:00+08:00
70be4507-345a-45e2-bf03-1e8c73946a98,M-2004,SESS-20260806-3886-0384,RENTAL_ACCRUAL,18,219,2026-08-07T01:25:00+08:00
94949611-598c-4343-8fe7-b508cf81bbbe,M-1604,SESS-20260806-9206-0385,RENTAL_ACCRUAL,16,114,2026-08-06T23:35:00+08:00
702474d4-04f0-4e05-905b-bc6149c69177,M-1979,SESS-20260806-9693-0386,RENTAL_ACCRUAL,8,211,2026-08-06T22:20:00+08:00
b32ce654-e1cb-4c7e-b79e-364e3b7f5370,M-1206,SESS-20260806-6489-0387,RENTAL_ACCRUAL,40,363,2026-08-06T21:45:00+08:00
e119cf16-7d56-4f07-bce4-e0e35ecb9396,M-1070,SESS-20260806-6211-0388,RENTAL_ACCRUAL,16,358,2026-08-07T01:15:00+08:00
f31f1595-d416-4905-b9ad-bc3dcb466dad,M-1081,SESS-20260806-7771-0389,RENTAL_ACCRUAL,11,473,2026-08-07T00:30:00+08:00
9a01387f-a81d-415d-8fcf-b031037c23f7,M-1637,SESS-20260806-4198-0390,RENTAL_ACCRUAL,12,1475,2026-08-07T01:45:00+08:00
6d655d08-1d59-4d0c-8c84-fd05957f5cbc,M-1084,SESS-20260806-4607-0391,RENTAL_ACCRUAL,27,519,2026-08-06T23:10:00+08:00
1a22d5b1-e748-4704-bcaf-22eb1f95d5db,M-1540,SESS-20260806-2051-0392,RENTAL_ACCRUAL,11,116,2026-08-06T20:30:00+08:00
68aa7b5d-af96-4cba-b569-ce14eb237bf0,M-1072,SESS-20260806-1726-0393,RENTAL_ACCRUAL,40,53,2026-08-07T00:00:00+08:00
c8ada452-4111-4155-b412-98582a03434e,M-1114,SESS-20260806-5313-0394,RENTAL_ACCRUAL,11,179,2026-08-06T23:00:00+08:00
f8870859-8749-431a-84f6-64974061cb27,M-1344,SESS-20260806-7280-0395,RENTAL_ACCRUAL,27,493,2026-08-07T00:00:00+08:00
3ef2779d-1226-4d00-998a-1de7e7f3f582,M-1365,SESS-20260806-3547-0396,RENTAL_ACCRUAL,5,169,2026-08-07T00:45:00+08:00
bb34f3fa-11df-415f-b378-5c392d62b766,M-1729,SESS-20260806-4107-0397,RENTAL_REDEMPTION,-300,24,2026-08-06T19:45:00+08:00
b6fa7c26-1d51-4f9f-867d-a8a5e87bbe1e,M-1729,SESS-20260806-4107-0397,RENTAL_ACCRUAL,26,50,2026-08-07T03:45:00+08:00
451eff96-5e17-4ee9-9b9f-2178c8f72364,M-1040,SESS-20260806-5345-0398,RENTAL_ACCRUAL,28,872,2026-08-07T04:15:00+08:00
3c26c938-c5e0-4f04-8b41-b3e173f84308,M-1840,SESS-20260806-8238-0399,RENTAL_ACCRUAL,28,1564,2026-08-07T00:00:00+08:00
56825b0d-458a-4461-925e-16e0902b785e,M-1010,SESS-20260806-3166-0400,RENTAL_ACCRUAL,5,139,2026-08-06T22:00:00+08:00
7a90fee7-b69e-4f01-b425-2073b19559f1,M-1320,SESS-20260806-5174-0401,RENTAL_ACCRUAL,14,1099,2026-08-06T22:15:00+08:00
de5c744f-94b9-47d5-85f2-c4b5c7bd9d27,M-1194,SESS-20260806-7069-0402,RENTAL_ACCRUAL,16,137,2026-08-07T02:45:00+08:00
b3abddbf-96dc-4ac9-8562-dfd1efc05965,M-2018,SESS-20260806-5570-0403,RENTAL_ACCRUAL,9,305,2026-08-06T22:55:00+08:00
9f2cbdae-79bb-49b1-8e61-d59192013ceb,M-1029,SESS-20260806-1705-0404,RENTAL_REDEMPTION,-100,732,2026-08-06T22:00:00+08:00
ff0812a4-f4da-4309-a8cb-326fd23756c0,M-1029,SESS-20260806-1705-0404,RENTAL_ACCRUAL,6,738,2026-08-06T23:00:00+08:00
0aa9dc93-a311-4736-8d0d-819f3c303b11,M-1191,SESS-20260806-8082-0405,RENTAL_ACCRUAL,27,81,2026-08-07T01:15:00+08:00
f0fa8ed1-7a37-4280-bc59-3460cdd24a11,M-1653,SESS-20260806-5543-0406,RENTAL_ACCRUAL,27,286,2026-08-07T02:45:00+08:00
cff29b92-02a8-4f3a-b6fa-f11307172be5,M-1116,SESS-20260806-3994-0407,RENTAL_REDEMPTION,-100,228,2026-08-06T23:55:00+08:00
b6e7f8d0-4c8d-495a-8437-0db11244ae40,M-1116,SESS-20260806-3994-0407,RENTAL_ACCRUAL,2,230,2026-08-07T00:55:00+08:00
fe030150-12af-4692-8e7a-189768c2f848,M-1550,SESS-20260806-5048-0408,RENTAL_ACCRUAL,16,353,2026-08-07T02:05:00+08:00
8ffe4bf6-2e2f-4f2a-884a-741846b71d1c,M-1586,SESS-20260806-7686-0409,RENTAL_REDEMPTION,-100,241,2026-08-06T23:50:00+08:00
e4221311-feae-407d-98de-220151954287,M-1586,SESS-20260806-7686-0409,RENTAL_ACCRUAL,5,246,2026-08-07T01:50:00+08:00
9dd25fe3-62cc-41af-860e-6f6723e1b664,M-1623,SESS-20260806-9894-0410,RENTAL_ACCRUAL,72,170,2026-08-07T07:00:00+08:00
8710fe24-c946-4830-96c1-d7925c9bdb3e,M-1353,SESS-20260806-8906-0411,RENTAL_ACCRUAL,27,163,2026-08-07T01:25:00+08:00
1c523520-6d85-4ae6-b8d0-349d1184d4d3,M-1281,SESS-20260806-1035-0412,RENTAL_ACCRUAL,9,300,2026-08-06T19:30:00+08:00
057a738f-3db1-4a38-86ea-b1455a9f04dc,M-2092,SESS-20260806-3531-0413,RENTAL_ACCRUAL,45,111,2026-08-07T03:15:00+08:00
e92d7342-64de-4856-b962-98d95766bfaf,M-1747,SESS-20260806-6210-0414,RENTAL_ACCRUAL,27,220,2026-08-07T01:30:00+08:00
de1e4519-fb97-4577-9c3a-da892fb4b7ea,M-1682,SESS-20260806-2592-0415,RENTAL_ACCRUAL,12,811,2026-08-06T20:50:00+08:00
bc3ee8cd-3df6-4edc-a8ca-cc31028dd18a,M-1122,SESS-20260806-3894-0416,RENTAL_ACCRUAL,18,115,2026-08-07T01:50:00+08:00
b3ef8e92-8e47-40da-a1b5-f3732ba90be5,M-1458,SESS-20260806-5248-0417,RENTAL_ACCRUAL,16,201,2026-08-06T18:05:00+08:00
08d56e6e-a00d-4b8d-817f-96de570e20f7,M-1802,SESS-20260806-4704-0418,RENTAL_ACCRUAL,11,133,2026-08-07T00:45:00+08:00
9a0ca6a6-5d11-4c43-94e7-f7cfd55bb54f,M-1301,SESS-20260806-8624-0419,RENTAL_REDEMPTION,-100,32,2026-08-06T22:30:00+08:00
5c480773-2342-435f-8550-e22d27e26f8f,M-1301,SESS-20260806-8624-0419,RENTAL_ACCRUAL,20,52,2026-08-07T01:30:00+08:00
744be8f6-d762-41aa-a0be-b0edc5c8fa2d,M-1978,SESS-20260806-7222-0420,RENTAL_ACCRUAL,40,123,2026-08-07T04:15:00+08:00
5cb82c09-7fa6-4c1f-af1c-82346e7e123a,M-1330,SESS-20260806-1854-0421,RENTAL_ACCRUAL,30,3476,2026-08-07T03:45:00+08:00
72924d49-40cc-4a82-9636-6e3e36e0e2f2,M-1467,SESS-20260806-7035-0422,RENTAL_ACCRUAL,11,85,2026-08-07T00:10:00+08:00
66f49fb8-c9e4-49fe-87e0-0c9942d67dc6,M-1274,SESS-20260806-9851-0423,RENTAL_ACCRUAL,11,610,2026-08-07T00:45:00+08:00
c3c980a0-f3a2-46f6-b86b-8d71ffbca052,M-1050,SESS-20260806-5581-0424,RENTAL_ACCRUAL,40,243,2026-08-07T01:25:00+08:00
a9ec3350-be2b-43a6-85b3-e944937bd64a,M-1660,SESS-20260806-2637-0425,RENTAL_ACCRUAL,28,373,2026-08-07T00:20:00+08:00
bd49ae2e-8aeb-45ab-b212-174729d404ce,M-1807,SESS-20260806-2267-0426,RENTAL_REDEMPTION,-100,117,2026-08-06T22:15:00+08:00
31f90880-6161-4b5d-80e3-e0d672f523d9,M-1807,SESS-20260806-2267-0426,RENTAL_ACCRUAL,101,218,2026-08-07T06:15:00+08:00
e5420868-795a-4906-9e80-7698e4d95090,M-2152,SESS-20260806-8376-0427,RENTAL_ACCRUAL,16,90,2026-08-06T22:15:00+08:00
31fae40a-cc06-4e66-9382-a9e6a49e8940,M-1331,SESS-20260806-5347-0428,RENTAL_ACCRUAL,11,192,2026-08-06T20:15:00+08:00
994e6645-6b68-482f-808e-467e6ff4b005,M-1901,SESS-20260806-5017-0429,RENTAL_ACCRUAL,25,67,2026-08-07T01:15:00+08:00
c3d128ec-4e21-493a-b389-be5879cf25e1,M-1077,SESS-20260806-4892-0430,RENTAL_ACCRUAL,27,632,2026-08-07T00:25:00+08:00
303f0ae4-5070-49ca-a429-16aabc0665af,M-1830,SESS-20260806-8207-0431,RENTAL_ACCRUAL,76,197,2026-08-07T06:25:00+08:00
8f297bdb-0d5c-48a4-ab70-d754a9dcadaf,M-1513,SESS-20260806-7419-0432,RENTAL_ACCRUAL,5,100,2026-08-06T19:30:00+08:00
b274bb4f-699b-4548-bcbe-352eea81c6de,M-1759,SESS-20260806-8945-0433,RENTAL_ACCRUAL,16,101,2026-08-06T23:20:00+08:00
a80d1e3e-5076-4326-9f41-62b1262f5b64,M-1841,SESS-20260806-1691-0434,RENTAL_ACCRUAL,11,272,2026-08-06T21:45:00+08:00
77e5e81e-f98a-46b9-a03a-a07230c2ef3f,M-1710,SESS-20260806-3296-0435,RENTAL_ACCRUAL,5,358,2026-08-07T00:35:00+08:00
6b4c09c5-86e4-4c2a-8479-ae9660cbd6b8,M-1796,SESS-20260806-1136-0436,RENTAL_ACCRUAL,45,406,2026-08-07T05:55:00+08:00
db6f53a6-a014-4eb1-81bc-fff46e2a5f0c,M-1540,ORD-20260806-5766-0001,CONCESSION_ACCRUAL,19,135,2026-08-06T07:57:01+08:00
e8b2e29a-bf10-4fb9-9b0d-5329c3942a71,M-1685,ORD-20260806-2000-0002,CONCESSION_ACCRUAL,35,242,2026-08-06T17:45:42+08:00
0cab61d0-d076-4d6a-a80c-3d6604f5dfff,M-1188,ORD-20260806-2787-0003,CONCESSION_ACCRUAL,14,233,2026-08-06T18:03:17+08:00
f19f03db-6ac3-4dc2-bc79-461187171add,M-1249,ORD-20260806-8628-0004,CONCESSION_ACCRUAL,11,171,2026-08-06T10:20:15+08:00
90698458-3117-4f4a-8c72-bd9042fcdcdd,M-1117,ORD-20260806-5808-0005,CONCESSION_ACCRUAL,11,284,2026-08-06T06:21:54+08:00
258b3113-59d3-4fec-8915-e1d795ebae71,M-1389,ORD-20260806-6435-0006,CONCESSION_ACCRUAL,9,175,2026-08-06T06:06:30+08:00
f51961e2-da0d-49cb-ac89-270e85f2e877,M-1286,ORD-20260806-2958-0007,CONCESSION_ACCRUAL,16,434,2026-08-06T15:46:28+08:00
73adb897-e062-41c7-8f1a-2025cd80ef27,M-1628,ORD-20260806-8082-0008,CONCESSION_ACCRUAL,46,201,2026-08-06T21:18:33+08:00
9e5278cf-e2af-4f28-bd6d-9c6d2ba0a09d,M-1350,ORD-20260806-1546-0009,CONCESSION_ACCRUAL,15,582,2026-08-06T23:14:40+08:00
6b0c7151-6862-4e37-a1d5-14b67e3107d0,M-1822,ORD-20260807-4138-0010,CONCESSION_ACCRUAL,9,148,2026-08-07T01:15:52+08:00
fed5de8e-5082-4051-906c-76e2f28ade6e,M-1939,ORD-20260806-9179-0011,CONCESSION_ACCRUAL,15,110,2026-08-06T23:44:36+08:00
a9548474-24de-4e64-8b56-2a856e003ef8,M-1774,ORD-20260807-7312-0012,CONCESSION_ACCRUAL,10,251,2026-08-07T01:45:20+08:00
367c426e-3f94-404c-9045-779f2c83a22d,M-1912,ORD-20260806-4624-0013,CONCESSION_ACCRUAL,11,202,2026-08-06T13:18:20+08:00
947b537f-b6d4-41c4-abbf-fa15cdffcc6a,M-1544,ORD-20260806-2925-0014,CONCESSION_ACCRUAL,22,295,2026-08-06T21:59:34+08:00
b999d071-f56e-417f-8cdb-430b24b57281,M-1444,ORD-20260807-4707-0015,CONCESSION_ACCRUAL,13,3469,2026-08-07T00:43:10+08:00
99fd0874-c192-424c-b825-c336dbb653b0,M-1571,ORD-20260807-4899-0016,CONCESSION_ACCRUAL,18,333,2026-08-07T00:12:27+08:00
05c5a418-9629-40c8-93f0-b23f6ac61f45,M-1518,ORD-20260807-3697-0017,CONCESSION_ACCRUAL,26,485,2026-08-07T00:04:02+08:00
08303879-4f1e-4feb-bf77-001447d9a656,M-2099,ORD-20260806-2409-0018,CONCESSION_ACCRUAL,11,280,2026-08-06T20:47:50+08:00
3999adbe-c928-4b96-87bf-3a5467905e13,M-1546,ORD-20260806-5053-0019,CONCESSION_ACCRUAL,16,176,2026-08-06T15:13:44+08:00
399a8ce6-ba79-4242-8cf5-d14fb9c98c4d,M-1316,ORD-20260806-2114-0020,CONCESSION_ACCRUAL,10,261,2026-08-06T20:32:58+08:00
06f646b8-9b8a-4a07-bbf3-5a5493a6f0a2,M-1201,ORD-20260806-5214-0021,CONCESSION_ACCRUAL,8,366,2026-08-06T17:03:29+08:00
41d8df00-2514-4285-8293-21bf8791855a,M-1778,ORD-20260806-5942-0022,CONCESSION_ACCRUAL,11,157,2026-08-06T22:33:16+08:00
667c8e34-78ae-476c-9265-29b248d0fe67,M-1826,ORD-20260806-3382-0023,CONCESSION_ACCRUAL,60,233,2026-08-06T21:26:00+08:00
7fe4f2e5-e947-43d2-ac70-a1dd89cde673,M-1796,ORD-20260807-4702-0024,CONCESSION_ACCRUAL,11,417,2026-08-07T01:19:13+08:00
575c249a-a4e9-46fe-a1d2-72b78bc103b5,M-1752,ORD-20260806-7734-0025,CONCESSION_ACCRUAL,3,2509,2026-08-06T20:41:49+08:00
2fb921a6-2ef1-4d99-80d2-c00bbf9e19df,M-1621,ORD-20260806-3517-0026,CONCESSION_ACCRUAL,7,570,2026-08-06T14:06:54+08:00
e54bf142-5fee-4139-9a4e-43859488d047,M-1588,ORD-20260806-7504-0027,CONCESSION_ACCRUAL,23,1421,2026-08-06T20:05:43+08:00
f4668a10-4997-4809-991c-8db5b73de42d,M-1245,ORD-20260806-9155-0028,CONCESSION_ACCRUAL,22,193,2026-08-06T15:14:48+08:00
fffb45ab-22f5-4cd3-8d73-22f3250e074a,M-1168,ORD-20260807-9737-0029,CONCESSION_ACCRUAL,11,211,2026-08-07T00:48:24+08:00
151951df-c650-402d-ae17-238811d0c463,M-1499,ORD-20260806-5256-0030,CONCESSION_ACCRUAL,16,499,2026-08-06T17:02:09+08:00
991e780c-9049-44f7-a6c3-271f853c1abc,M-1553,ORD-20260806-9092-0031,CONCESSION_ACCRUAL,8,637,2026-08-06T18:46:28+08:00
6ecc6a7a-89eb-44fa-b8c3-ff3ecf7d4a16,M-1706,ORD-20260807-2312-0032,CONCESSION_ACCRUAL,9,816,2026-08-07T01:41:52+08:00
363c5886-9c99-4cd5-a949-9247db78e497,M-1422,ORD-20260806-7017-0033,CONCESSION_ACCRUAL,15,302,2026-08-06T19:49:22+08:00
e6c713ee-e3ca-4af7-8911-6cad1586ce8b,M-1802,ORD-20260807-5010-0034,CONCESSION_ACCRUAL,30,163,2026-08-07T00:25:29+08:00
c2e69eb9-ea76-4b22-a4f2-c85ed0214fda,M-1183,ORD-20260806-2558-0035,CONCESSION_ACCRUAL,11,331,2026-08-06T02:41:10+08:00
b765bbe5-04f4-4987-9b6e-a885829a5230,M-1954,ORD-20260806-4835-0036,CONCESSION_ACCRUAL,14,115,2026-08-06T18:53:12+08:00
e7168bf5-556b-4dec-b0e0-51ef602a9587,M-2105,ORD-20260806-2186-0037,CONCESSION_ACCRUAL,9,186,2026-08-06T22:12:36+08:00
c5592314-c088-4dbb-8b78-3d5b2f615d4b,M-1590,ORD-20260806-5063-0038,CONCESSION_ACCRUAL,8,181,2026-08-06T19:45:56+08:00
532ca026-c4bf-4373-8184-8f6870184f74,M-1565,ORD-20260807-9650-0039,CONCESSION_ACCRUAL,9,656,2026-08-07T00:27:58+08:00
31934e66-7e18-4a13-88e3-d3470c6b8d2f,M-1212,ORD-20260806-9599-0040,CONCESSION_ACCRUAL,23,182,2026-08-06T20:48:59+08:00
d838ca14-24cf-46ac-b89f-e3d24e792d72,M-1490,ORD-20260806-7272-0041,CONCESSION_ACCRUAL,23,293,2026-08-06T22:11:29+08:00
ec5fff4a-4121-4573-8ea9-19438c2d7e14,M-1078,ORD-20260806-7957-0042,CONCESSION_ACCRUAL,33,701,2026-08-06T18:30:36+08:00
90653213-a0ae-43d1-a441-12923895b8af,M-1052,ORD-20260806-3366-0043,CONCESSION_ACCRUAL,32,153,2026-08-06T17:11:11+08:00
a9c9dd81-080e-4816-a576-598b2bc1bf91,M-1236,ORD-20260806-9561-0044,CONCESSION_ACCRUAL,23,136,2026-08-06T20:53:56+08:00
cfd5f2bd-8a07-4987-a376-3d99f0b08270,M-1610,ORD-20260806-6351-0045,CONCESSION_ACCRUAL,16,209,2026-08-06T21:25:01+08:00
12be74dc-bc10-4128-9f49-66b84caf573f,M-1345,ORD-20260807-3129-0046,CONCESSION_ACCRUAL,10,537,2026-08-07T00:52:07+08:00
2ac0aa29-1481-4459-bfec-a4047e55fcbc,M-1473,ORD-20260806-3902-0047,CONCESSION_ACCRUAL,24,168,2026-08-06T07:34:30+08:00
7fef8ff5-0eb6-4264-9eaf-d1114d8695de,M-1274,ORD-20260806-1077-0048,CONCESSION_ACCRUAL,16,626,2026-08-06T14:11:45+08:00
e2832ca4-72c7-481f-8bb4-d049e8a3eba5,M-1085,ORD-20260806-9379-0049,CONCESSION_ACCRUAL,3,128,2026-08-06T20:00:48+08:00
35975799-dda5-4cc7-abb1-9e76564544e9,M-1226,ORD-20260806-5673-0050,CONCESSION_ACCRUAL,31,1500,2026-08-06T22:24:33+08:00
2b3ecbc6-93bf-44ba-9a6f-3ec94bf36fa5,M-1383,ORD-20260806-1235-0051,CONCESSION_ACCRUAL,3,176,2026-08-06T11:14:19+08:00
a8beeadb-06e6-484d-89ba-abb915057f44,M-1042,ORD-20260806-4546-0052,CONCESSION_ACCRUAL,15,298,2026-08-06T18:14:08+08:00
00069db9-660d-46ab-bcc1-9d1cd79908f8,M-1106,ORD-20260806-9555-0053,CONCESSION_ACCRUAL,3,499,2026-08-06T23:53:20+08:00
58d3fa7f-8a26-4340-863a-dac16f7a9fce,M-1983,ORD-20260806-8704-0054,CONCESSION_ACCRUAL,25,373,2026-08-06T22:17:10+08:00
7f0dff01-5780-4a62-8f34-0b0b57dfb467,M-1404,ORD-20260807-2868-0055,CONCESSION_ACCRUAL,3,70,2026-08-07T01:31:27+08:00
657f00ae-0a36-49c0-850c-5b426547254d,M-1648,ORD-20260806-3750-0056,CONCESSION_ACCRUAL,4,203,2026-08-06T19:34:33+08:00
c0fda901-24fb-45e9-8e4a-40db2e7398ef,M-1216,ORD-20260806-4960-0057,CONCESSION_ACCRUAL,13,362,2026-08-06T15:48:35+08:00
91399fe8-11de-4cb9-b027-f9455c3a5a42,M-2024,ORD-20260806-3624-0058,CONCESSION_ACCRUAL,27,117,2026-08-06T20:18:34+08:00
e9bb0a92-0eda-4982-a352-9f3a3e97fc37,M-1821,ORD-20260806-6731-0059,CONCESSION_ACCRUAL,16,66,2026-08-06T21:29:54+08:00
f887a1a1-4a3f-4b28-a8c3-6c9714982fd1,M-1949,ORD-20260806-4984-0060,CONCESSION_ACCRUAL,6,226,2026-08-06T21:22:16+08:00
4a57e8e8-636f-45e7-bc67-41dd6700ce24,M-1732,ORD-20260806-3676-0061,CONCESSION_ACCRUAL,23,82,2026-08-06T04:55:57+08:00
8988fe20-34ea-4e32-853c-2f94bfe4999f,M-1441,ORD-20260806-7955-0062,CONCESSION_ACCRUAL,23,214,2026-08-06T23:49:26+08:00
17a9ef0e-e0f4-4619-89d4-0c2cbc047258,M-1568,ORD-20260806-7633-0063,CONCESSION_ACCRUAL,16,270,2026-08-06T07:21:43+08:00
164123fa-3e4d-4413-9f45-c86da1db6bf2,M-1123,ORD-20260807-2648-0064,CONCESSION_ACCRUAL,8,232,2026-08-07T00:00:41+08:00
9e247ae5-6efc-4606-af97-d4d5afdcc374,M-1691,ORD-20260806-3771-0065,CONCESSION_ACCRUAL,35,559,2026-08-06T18:12:39+08:00
ec9731a4-39c4-4f41-b1c6-6917fd229372,M-2148,ORD-20260806-8623-0066,CONCESSION_ACCRUAL,6,136,2026-08-06T22:56:11+08:00
f29e3b1a-b859-404d-bf68-838e1dc95dd3,M-1040,ORD-20260807-1075-0067,CONCESSION_ACCRUAL,15,887,2026-08-07T01:21:40+08:00
10d05c7f-e70a-4cb2-a675-16d32be25cec,M-1508,ORD-20260807-1858-0068,CONCESSION_ACCRUAL,16,603,2026-08-07T03:51:49+08:00
6c55d2d8-5bd5-454a-b2c9-2cac14de75fc,M-1794,ORD-20260806-2252-0069,CONCESSION_ACCRUAL,33,221,2026-08-06T22:25:12+08:00
5eec7e8c-2532-4989-853b-db42665693bf,M-1232,ORD-20260806-7665-0070,CONCESSION_ACCRUAL,15,374,2026-08-06T21:04:45+08:00
25180820-7612-4fa4-9e5f-378f3f823c47,M-2060,ORD-20260807-9334-0071,CONCESSION_ACCRUAL,3,101,2026-08-07T00:46:37+08:00
802f9984-13c8-4e4f-b5f7-199701ca1d0f,M-2092,ORD-20260807-4594-0072,CONCESSION_ACCRUAL,11,122,2026-08-07T00:51:59+08:00
2cce951a-e573-420f-984a-a1bd35791ca7,M-1940,ORD-20260806-3904-0073,CONCESSION_ACCRUAL,24,115,2026-08-06T22:57:28+08:00
5cdf5431-1e4a-481e-a399-784ca150c0ae,M-1772,ORD-20260806-1858-0074,CONCESSION_ACCRUAL,8,104,2026-08-06T23:39:15+08:00
f0177cf9-d5ee-4755-943c-16c1e34dbc5d,M-1765,ORD-20260806-8320-0075,CONCESSION_ACCRUAL,27,556,2026-08-06T17:47:27+08:00
dbee3ab6-e92c-4c8f-b719-e4c5e04456b4,M-1612,ORD-20260806-7959-0076,CONCESSION_ACCRUAL,50,574,2026-08-06T20:20:56+08:00
25446324-ec0f-49a2-9401-9ad577effdd0,M-1694,ORD-20260806-1282-0077,CONCESSION_ACCRUAL,8,160,2026-08-06T13:36:27+08:00
b7211cd8-2dcd-4ec4-a961-2ecf02d18a06,M-1900,ORD-20260806-2113-0078,CONCESSION_ACCRUAL,12,262,2026-08-06T22:03:02+08:00
2db4f26f-4909-4e35-8365-4c4df53a9a88,M-1701,ORD-20260806-1036-0079,CONCESSION_ACCRUAL,9,621,2026-08-06T23:29:13+08:00
3fb1fca6-996b-43f8-833b-505ba8b4eeca,M-1679,ORD-20260806-3567-0080,CONCESSION_ACCRUAL,15,426,2026-08-06T23:57:55+08:00
7716d686-66b0-4bfe-90b3-c1be1b8b3f7d,M-1581,ORD-20260806-7833-0081,CONCESSION_ACCRUAL,11,306,2026-08-06T18:14:05+08:00
e39857cd-9514-4346-b996-3ca4e22f5f21,M-2002,ORD-20260807-7101-0082,CONCESSION_ACCRUAL,15,450,2026-08-07T02:42:12+08:00
82bd920c-e155-4dca-b292-4896e006f2c0,M-2096,ORD-20260806-2220-0083,CONCESSION_ACCRUAL,9,51,2026-08-06T23:13:46+08:00
ebf4e0ca-2189-4260-b86a-18d9d8bf83b6,M-1010,ORD-20260806-8916-0084,CONCESSION_ACCRUAL,22,161,2026-08-06T21:31:58+08:00
86c6d755-e4ef-4fd5-a91d-50647a68132a,M-1269,ORD-20260806-5870-0085,CONCESSION_ACCRUAL,38,643,2026-08-06T19:46:21+08:00
a06e9a75-a815-448e-a20f-602633cd744e,M-1174,ORD-20260807-4145-0086,CONCESSION_ACCRUAL,41,163,2026-08-07T02:34:58+08:00
6b5fc995-2624-4a33-8faa-8f691d4b7bdf,M-1281,ORD-20260806-9478-0087,CONCESSION_ACCRUAL,11,311,2026-08-06T19:16:02+08:00
6f47a2f2-5140-4da8-bdef-185e2dccaac6,M-1494,ORD-20260806-3155-0088,CONCESSION_ACCRUAL,15,445,2026-08-06T15:43:31+08:00
39117f7d-8ea7-48fd-a590-76d8dfdb75a2,M-1862,ORD-20260806-5320-0089,CONCESSION_ACCRUAL,16,261,2026-08-06T22:05:35+08:00
a6f2eb93-f0bb-44f2-932e-f6e9f9619f95,M-1930,ORD-20260806-2527-0090,CONCESSION_ACCRUAL,11,155,2026-08-06T17:53:10+08:00
1d6f9aa0-d0b7-4de6-999a-0823f8113ec6,M-1695,ORD-20260806-9970-0091,CONCESSION_ACCRUAL,26,105,2026-08-06T17:09:00+08:00
1c791e9c-cf8b-4dfe-934e-3a67888b8927,M-1178,ORD-20260806-4118-0092,CONCESSION_ACCRUAL,23,344,2026-08-06T17:54:41+08:00
1f53804e-523f-479b-a159-1b779cbfb79d,M-1065,ORD-20260806-2682-0093,CONCESSION_ACCRUAL,9,597,2026-08-06T14:17:23+08:00
055903a4-c51a-4a54-967f-00b22f92743f,M-1754,ORD-20260806-2647-0094,CONCESSION_ACCRUAL,3,182,2026-08-06T19:56:40+08:00
1a452bbe-2b4e-4f61-a65c-8f7fbf561d35,M-1327,ORD-20260806-5711-0095,CONCESSION_ACCRUAL,9,2033,2026-08-06T23:15:28+08:00
031acbc4-8353-4495-93ad-1dffda41df5d,M-1329,ORD-20260806-4170-0096,CONCESSION_ACCRUAL,15,581,2026-08-06T23:00:48+08:00
07d5d10c-4a47-4bc2-9395-e1f69bac4dda,M-1070,ORD-20260806-9027-0097,CONCESSION_ACCRUAL,8,366,2026-08-06T16:44:41+08:00
b953f2dd-a268-4344-b790-847153ea7550,M-1345,ORD-20260806-9225-0098,CONCESSION_ACCRUAL,11,548,2026-08-06T21:11:23+08:00
1d466ff3-6529-4d32-aac8-4b07cff9e287,M-1612,ORD-20260806-6841-0099,CONCESSION_ACCRUAL,20,594,2026-08-06T22:33:41+08:00
8cacf09a-6fbd-439a-8ea3-f2cd9a65d1da,M-1429,ORD-20260806-8410-0100,CONCESSION_ACCRUAL,12,754,2026-08-06T21:48:22+08:00
97b18816-1aa6-4540-be00-76c063da1254,M-2023,ORD-20260806-9208-0101,CONCESSION_ACCRUAL,7,421,2026-08-06T11:02:46+08:00
7855bf8a-b585-4259-89e4-ae989cbe8b1c,M-2120,ORD-20260806-6023-0102,CONCESSION_ACCRUAL,10,162,2026-08-06T21:03:41+08:00
c27dd467-8a86-45cd-9d88-8745165f95d5,M-1043,ORD-20260806-7228-0103,CONCESSION_ACCRUAL,22,994,2026-08-06T19:33:15+08:00
503069b5-df82-4fcf-b88b-b5a698e9210c,M-1455,ORD-20260806-3276-0104,CONCESSION_ACCRUAL,33,716,2026-08-06T18:43:02+08:00
2d5bdf02-a982-4edb-9016-a23a0330eccd,M-1710,ORD-20260807-5509-0105,CONCESSION_ACCRUAL,11,369,2026-08-07T00:06:20+08:00
88ba18c3-5937-41ca-b6e3-30a28479aee6,M-1186,ORD-20260806-9846-0106,CONCESSION_ACCRUAL,9,643,2026-08-06T20:10:30+08:00
de0e2386-af1b-4b97-ad7d-da17a8a2ed76,M-1486,ORD-20260807-2438-0107,CONCESSION_ACCRUAL,15,110,2026-08-07T00:48:59+08:00
1a211c31-3260-4d93-8671-fe7da1696a0c,M-1501,ORD-20260806-2436-0108,CONCESSION_ACCRUAL,22,98,2026-08-06T17:29:13+08:00
953f9e06-b6dc-448a-b52a-9c93a75fa2b4,M-1217,ORD-20260806-8545-0109,CONCESSION_ACCRUAL,11,164,2026-08-06T19:23:32+08:00
07a22894-0393-4503-8130-e59c52960ebe,M-1081,ORD-20260806-3570-0110,CONCESSION_ACCRUAL,8,481,2026-08-06T23:19:20+08:00
1928ade3-8e39-4e61-8046-0bfbc5fe261e,M-1784,ORD-20260806-3106-0111,CONCESSION_ACCRUAL,23,425,2026-08-06T17:23:50+08:00
4cf88de2-9661-4b4b-8d67-e1f4f691ec12,M-1717,ORD-20260806-3166-0112,CONCESSION_ACCRUAL,11,597,2026-08-06T20:59:39+08:00
26e4a9bf-902e-4e25-bfbe-f2a945a7490c,M-1668,ORD-20260806-6635-0113,CONCESSION_ACCRUAL,15,64,2026-08-06T23:08:13+08:00
d5dd5234-b9b3-47a0-bff5-da094c1bc723,M-1808,ORD-20260806-6563-0114,CONCESSION_ACCRUAL,9,1884,2026-08-06T20:59:15+08:00
ea5a2931-c7e3-4ade-8fc5-560893624285,M-1673,ORD-20260806-2237-0115,CONCESSION_ACCRUAL,3,489,2026-08-06T21:02:20+08:00
865a8233-1791-4b39-8d1b-57a5b80a9167,M-2146,ORD-20260806-2800-0116,CONCESSION_ACCRUAL,23,217,2026-08-06T08:14:33+08:00
89f8cf5c-f047-48d6-9698-8e361b258a67,M-1287,ORD-20260806-3502-0117,CONCESSION_ACCRUAL,18,205,2026-08-06T19:46:15+08:00
3d7f9e89-ba13-4055-a506-86d1bdaf3680,M-1511,ORD-20260806-4940-0118,CONCESSION_ACCRUAL,12,599,2026-08-06T23:03:13+08:00
84809380-d8f6-40fd-a8aa-13da0d98e8eb,M-1759,ORD-20260806-3180-0119,CONCESSION_ACCRUAL,9,110,2026-08-06T21:43:35+08:00
24db8094-33a7-433f-86b6-7963b077d7b0,M-1569,ORD-20260807-3133-0120,CONCESSION_ACCRUAL,25,208,2026-08-07T00:43:13+08:00
51c93208-6e20-4690-bd6d-4c939919b3a4,M-1872,ORD-20260806-3951-0121,CONCESSION_ACCRUAL,6,117,2026-08-06T17:53:31+08:00
93a27aa4-0bde-46ea-ae53-d06adecade43,M-1343,ORD-20260806-6553-0122,CONCESSION_ACCRUAL,15,160,2026-08-06T22:17:37+08:00
ab86b344-bd6f-4afa-b100-8f7f58be15c1,M-1658,ORD-20260806-7209-0123,CONCESSION_ACCRUAL,8,210,2026-08-06T23:52:27+08:00
0a4cec9a-b4d8-45b2-9424-ff3091f0b93b,M-1344,ORD-20260806-3904-0124,CONCESSION_ACCRUAL,16,509,2026-08-06T22:51:56+08:00
3052f6e6-62d0-4a3a-86ac-3ac0dc2c4512,M-1915,ORD-20260807-3416-0125,CONCESSION_ACCRUAL,3,279,2026-08-07T02:19:03+08:00
a5351a82-faac-4399-af37-b638929c1501,M-1083,ORD-20260806-8624-0126,CONCESSION_ACCRUAL,26,322,2026-08-06T15:40:41+08:00
98369c6b-708a-4add-923f-a5bf46dac0b9,M-1209,ORD-20260806-3740-0127,CONCESSION_ACCRUAL,13,378,2026-08-06T02:04:30+08:00
83a0473a-afa3-4216-b6df-af41aaf3af39,M-1325,ORD-20260806-6396-0128,CONCESSION_ACCRUAL,25,400,2026-08-06T22:27:10+08:00
e4e030b0-45ad-404c-a939-ac72273cd19f,M-1995,ORD-20260807-2288-0129,CONCESSION_ACCRUAL,32,335,2026-08-07T01:06:12+08:00
de455918-c51b-46b2-9056-c1338774f28e,M-1499,ORD-20260807-3789-0130,CONCESSION_ACCRUAL,11,510,2026-08-07T00:01:58+08:00
3ec1d3b2-e205-4b7d-8b8e-e8182ed07922,M-1029,ORD-20260806-7113-0131,CONCESSION_ACCRUAL,35,773,2026-08-06T22:57:27+08:00
1ab1a533-db1f-45e0-b755-e66c0feda23c,M-2172,ORD-20260806-9996-0132,CONCESSION_ACCRUAL,61,250,2026-08-06T09:16:20+08:00
7c6c1bcc-44c4-4ca8-9cad-24b06e2c9f0b,M-1546,ORD-20260806-4586-0133,CONCESSION_ACCRUAL,20,196,2026-08-06T23:51:07+08:00
361a5b6f-8d82-4b14-98dd-0aa434f44474,M-1360,ORD-20260806-4976-0134,CONCESSION_ACCRUAL,15,232,2026-08-06T21:55:11+08:00
16e42d82-e10b-4506-bc9e-b49b5fce96d5,M-1962,ORD-20260806-8758-0135,CONCESSION_ACCRUAL,7,326,2026-08-06T14:51:23+08:00
71dadd9e-a60f-4f97-95cb-032e66a5ebfa,M-2075,ORD-20260807-3680-0136,CONCESSION_ACCRUAL,12,205,2026-08-07T00:40:13+08:00
d85fbd5d-b229-482a-bc99-6e4dac4c0386,M-1586,ORD-20260806-6703-0137,CONCESSION_ACCRUAL,21,267,2026-08-06T23:53:01+08:00
567bd4e7-9ed7-47dc-8850-b698ad475834,M-2024,ORD-20260806-9140-0138,CONCESSION_ACCRUAL,23,140,2026-08-06T15:42:02+08:00
24898c2b-a30c-40f8-bcc0-95d30c67ccf0,M-1758,ORD-20260806-6843-0139,CONCESSION_ACCRUAL,16,35,2026-08-06T23:21:23+08:00
628d57ba-7fb8-45fd-bc01-450e9962edfe,M-1116,ORD-20260807-5169-0140,CONCESSION_ACCRUAL,3,233,2026-08-07T00:48:50+08:00
ff9a342e-030a-4608-afc4-f46b7275e71f,M-1623,ORD-20260807-3587-0141,CONCESSION_ACCRUAL,8,178,2026-08-07T02:05:19+08:00
2cebda65-8940-428f-bc66-9d6d84024376,M-2115,ORD-20260806-2205-0142,CONCESSION_ACCRUAL,6,14,2026-08-06T19:58:13+08:00
76a7f60b-8079-483f-8aa3-70dfb7a6a7f3,M-1331,ORD-20260806-2553-0143,CONCESSION_ACCRUAL,23,215,2026-08-06T18:44:58+08:00
885d2d0a-0049-410f-ba1f-a077f3a5fc5a,M-1738,ORD-20260806-7591-0144,CONCESSION_ACCRUAL,8,82,2026-08-06T21:46:19+08:00
28578575-3420-4fa5-9d6b-fa18b2301e5c,M-2144,ORD-20260806-5963-0145,CONCESSION_ACCRUAL,9,81,2026-08-06T15:48:35+08:00
36de9217-02b4-4b80-948a-900148680a17,M-1509,ORD-20260806-9045-0146,CONCESSION_ACCRUAL,18,531,2026-08-06T20:56:31+08:00
c802d20e-d0d4-4f5f-a769-3a18130ba89d,M-1684,ORD-20260806-2861-0147,CONCESSION_ACCRUAL,11,594,2026-08-06T14:34:41+08:00
17c3c04a-b519-453a-81ac-51868820691e,M-1993,ORD-20260806-5743-0148,CONCESSION_ACCRUAL,10,205,2026-08-06T20:01:21+08:00
bd1ea825-1e0b-41db-8427-ce7911a175bb,M-2163,ORD-20260806-7877-0149,CONCESSION_ACCRUAL,3,61,2026-08-06T14:17:07+08:00
f84b9e3b-d98c-4a2c-9a4d-a20e4ce1cc90,M-1503,ORD-20260806-2716-0150,CONCESSION_ACCRUAL,11,830,2026-08-06T18:16:59+08:00
e2d53829-6c84-482e-8a91-63b8d07e6aba,M-1807,ORD-20260807-2677-0151,CONCESSION_ACCRUAL,16,234,2026-08-07T00:03:01+08:00
7aaf5ff3-71e7-494b-8a52-7a5364680298,M-1624,ORD-20260806-9609-0152,CONCESSION_ACCRUAL,18,718,2026-08-06T23:15:41+08:00
ea3b6286-2d71-451f-be2d-b9ce92c5ffdc,M-1524,ORD-20260806-9581-0153,CONCESSION_ACCRUAL,10,346,2026-08-06T19:31:43+08:00
fa822afd-9431-4caa-ad56-1ddba42753c2,M-1548,ORD-20260806-5595-0154,CONCESSION_ACCRUAL,9,400,2026-08-06T22:59:00+08:00
4cd3db0a-efbc-4f75-ac21-588fa46f6184,M-1676,ORD-20260806-7641-0155,CONCESSION_ACCRUAL,4,3258,2026-08-06T21:00:02+08:00
29aab9f8-3714-4e5e-93f1-8d51b87307ec,M-1772,ORD-20260806-1129-0156,CONCESSION_ACCRUAL,22,126,2026-08-06T21:11:25+08:00
50c9a1ba-41fa-4c54-aacd-5b9d0d4125f2,M-1055,ORD-20260807-3986-0157,CONCESSION_ACCRUAL,8,418,2026-08-07T00:53:21+08:00
a5eae127-c66a-44ab-8262-27566c0f279e,M-1844,ORD-20260806-3895-0158,CONCESSION_ACCRUAL,14,159,2026-08-06T23:47:09+08:00
9b71b208-b136-4d0c-b8d8-44b9ed5e07fc,M-2032,ORD-20260807-9619-0159,CONCESSION_ACCRUAL,7,455,2026-08-07T00:07:25+08:00
afff346f-b944-4e98-9ef3-b244d7795f9a,M-1796,ORD-20260806-7698-0160,CONCESSION_ACCRUAL,15,432,2026-08-06T16:23:56+08:00
280168e0-06bf-4167-a7e4-8b9954585a0a,M-1013,ORD-20260806-9740-0161,CONCESSION_ACCRUAL,18,192,2026-08-06T19:28:42+08:00
00a3a1d7-22a3-4f12-ad6c-3648f248ff4d,M-1440,ORD-20260806-4101-0162,CONCESSION_ACCRUAL,8,224,2026-08-06T23:49:16+08:00
8727c0d4-c1ab-4d44-b6a5-79763028016e,M-1959,ORD-20260806-6112-0163,CONCESSION_ACCRUAL,8,524,2026-08-06T17:34:33+08:00
3e8676e0-3296-47a8-94d3-2328b79ef54c,M-1689,ORD-20260806-2144-0164,CONCESSION_ACCRUAL,45,395,2026-08-06T22:16:22+08:00
d3945d38-ed52-47e9-8996-14408e88e52f,M-1604,ORD-20260806-7455-0165,CONCESSION_ACCRUAL,26,140,2026-08-06T23:24:26+08:00
33265947-0a2a-48fe-ada8-a8c4d63ef5ad,M-2038,ORD-20260806-3609-0166,CONCESSION_ACCRUAL,8,207,2026-08-06T21:33:10+08:00
bbd92b00-8e1c-4bc8-bca0-4dc53d574e70,M-1681,ORD-20260806-1695-0167,CONCESSION_ACCRUAL,3,380,2026-08-06T17:43:07+08:00
971ccdaa-f92e-492c-b3cf-8cb7847702c3,M-1594,ORD-20260807-8422-0168,CONCESSION_ACCRUAL,22,323,2026-08-07T00:38:51+08:00
0fcbe8d6-46f6-4846-84e1-c5c6e2cfc132,M-1660,ORD-20260806-9050-0169,CONCESSION_ACCRUAL,26,399,2026-08-06T23:10:47+08:00
800ab66f-ff6f-40ae-83da-234bcc2abd44,M-1035,ORD-20260806-7355-0170,CONCESSION_ACCRUAL,11,165,2026-08-06T19:46:15+08:00
edc0e559-3e3e-4fa7-b6de-400da8afc4a8,M-1110,ORD-20260806-4714-0171,CONCESSION_ACCRUAL,33,287,2026-08-06T14:51:01+08:00
8f735d2a-d92b-48af-8ad3-cd0d08f87d76,M-1531,ORD-20260806-7619-0172,CONCESSION_ACCRUAL,8,240,2026-08-06T23:16:38+08:00
50f4c11b-c020-45a9-a8b9-40776a521462,M-1211,ORD-20260807-6156-0173,CONCESSION_ACCRUAL,3,207,2026-08-07T00:11:06+08:00
7bca24a6-3eac-4ff5-a900-7fd797e76490,M-1199,ORD-20260806-4842-0174,CONCESSION_ACCRUAL,15,59,2026-08-06T14:45:44+08:00
1a91e839-d0b4-4bba-a6f6-263a493cd365,M-1152,ORD-20260806-1905-0175,CONCESSION_ACCRUAL,25,166,2026-08-06T21:49:15+08:00
b1d7dc2c-883b-49b2-a4fb-7a3d9fcb2042,M-1698,ORD-20260806-4334-0176,CONCESSION_ACCRUAL,18,492,2026-08-06T17:57:50+08:00
576e607a-0174-4ab8-9b09-20784e7241db,M-1285,ORD-20260807-9574-0177,CONCESSION_ACCRUAL,7,195,2026-08-07T00:20:05+08:00
6e44a7d1-f893-4146-92c7-dab0428590c5,M-1725,ORD-20260806-2442-0178,CONCESSION_ACCRUAL,25,60,2026-08-06T19:40:58+08:00
b085a5ea-15c3-4bd3-9950-444ee4ef1ab2,M-1361,ORD-20260806-2046-0179,CONCESSION_ACCRUAL,19,246,2026-08-06T23:09:27+08:00
497a335e-0969-44a3-9397-ea924a9603b5,M-1291,ORD-20260806-4350-0180,CONCESSION_ACCRUAL,3,334,2026-08-06T22:12:45+08:00
b7eb15e7-9669-4e9c-9440-d8fad23e07fc,M-2064,ORD-20260806-9702-0181,CONCESSION_ACCRUAL,3,109,2026-08-06T20:01:44+08:00
84b69be4-ff3c-4b96-9f4b-64c33493323a,M-1067,ORD-20260806-2554-0182,CONCESSION_ACCRUAL,22,559,2026-08-06T13:55:12+08:00
0a650717-9ad8-48dd-90c0-9a0c435669ab,M-1478,ORD-20260806-8331-0183,CONCESSION_ACCRUAL,16,277,2026-08-06T22:42:38+08:00
e5e6e3e6-db79-49e6-8b29-cfb8d8e391c6,M-1067,ORD-20260806-7215-0184,CONCESSION_ACCRUAL,4,563,2026-08-06T23:31:15+08:00
0bede8a7-ef26-4251-86c5-2cdabf0de428,M-1541,ORD-20260807-7471-0185,CONCESSION_ACCRUAL,9,268,2026-08-07T00:03:42+08:00
483db4ec-123a-4095-ac49-584bdb462ca8,M-1656,ORD-20260806-1584-0186,CONCESSION_ACCRUAL,9,67,2026-08-06T20:25:06+08:00
544d4b22-b299-426d-b2e6-6b07a9b451a4,M-1614,ORD-20260806-8563-0187,CONCESSION_ACCRUAL,11,195,2026-08-06T22:14:35+08:00
06196312-9c1c-4d4b-a725-44d133266e9d,M-2017,ORD-20260806-4910-0188,CONCESSION_ACCRUAL,8,120,2026-08-06T22:04:21+08:00
c53aff41-8716-42de-94fb-f56663015f75,M-2099,ORD-20260806-3111-0189,CONCESSION_ACCRUAL,8,288,2026-08-06T23:06:06+08:00
c563fa4d-1c46-429a-bcfe-26d66dec5d95,M-1167,ORD-20260806-9563-0190,CONCESSION_ACCRUAL,22,301,2026-08-06T22:17:07+08:00
5b0248c5-784c-4101-8848-4cf3cc384c43,M-1893,ORD-20260806-1348-0191,CONCESSION_ACCRUAL,11,17,2026-08-06T22:31:33+08:00
84afdf3d-44b1-4ffa-89b3-3558ffee5a76,M-1721,ORD-20260806-4066-0192,CONCESSION_ACCRUAL,20,343,2026-08-06T15:49:48+08:00
deb7c703-959f-4fc9-8198-4ed426d32c09,M-1381,ORD-20260806-9827-0193,CONCESSION_ACCRUAL,9,327,2026-08-06T21:59:20+08:00
2cfafdab-cd18-4faf-b3a4-c60f2e0955ea,M-1506,ORD-20260806-3509-0194,CONCESSION_ACCRUAL,56,150,2026-08-06T23:02:37+08:00
7423c0d7-5db0-4a0b-870a-82bb19958678,M-1840,ORD-20260806-1786-0195,CONCESSION_ACCRUAL,9,1573,2026-08-06T22:53:28+08:00
a01e8428-3165-4124-a8f4-c4af10ab9ff8,M-1836,ORD-20260807-9692-0196,CONCESSION_ACCRUAL,8,581,2026-08-07T00:23:20+08:00
d8c3fa64-7595-4371-86e1-599b3c2c44c3,M-1686,ORD-20260806-4347-0197,CONCESSION_ACCRUAL,19,172,2026-08-06T11:10:04+08:00
0fa4d276-b73c-43de-be75-e46e8550c9d7,M-1109,ORD-20260807-8211-0198,CONCESSION_ACCRUAL,11,518,2026-08-07T01:38:36+08:00
ec2949a2-4d4c-41ef-bd99-48d6a72a9578,M-1901,ORD-20260806-4271-0199,CONCESSION_ACCRUAL,13,80,2026-08-06T22:04:51+08:00
334ce3cd-10db-45b1-adf5-bb08050a6577,M-1576,ORD-20260806-5219-0200,CONCESSION_ACCRUAL,41,1342,2026-08-06T13:43:56+08:00
287aa3a0-e6f7-4e0c-a431-1ca718080d40,M-1191,ORD-20260806-9336-0201,CONCESSION_ACCRUAL,10,91,2026-08-06T19:11:18+08:00
ce6f90f6-5c94-4c87-9084-7b9aa0aa225b,M-1202,ORD-20260806-8982-0202,CONCESSION_ACCRUAL,13,1778,2026-08-06T19:22:48+08:00
5b2e74d5-b898-4a36-8ac4-7f5d89b7f98b,M-1634,ORD-20260806-2739-0203,CONCESSION_ACCRUAL,14,144,2026-08-06T05:06:12+08:00
47169b0c-305b-40d7-9cb2-2078c1876d5d,M-1465,ORD-20260806-9546-0204,CONCESSION_ACCRUAL,18,885,2026-08-06T18:12:16+08:00
561229d9-8aec-4b93-82ae-9fcac92d15e2,M-1092,ORD-20260806-9747-0205,CONCESSION_ACCRUAL,22,494,2026-08-06T19:33:44+08:00
913de138-0bd2-4de7-8471-1ccb6a85660c,M-1233,ORD-20260806-8753-0206,CONCESSION_ACCRUAL,22,337,2026-08-06T17:53:24+08:00
38e8b9fd-ea4d-436e-883e-1c84ffcbd589,M-2146,ORD-20260806-4045-0207,CONCESSION_ACCRUAL,37,254,2026-08-06T21:08:34+08:00
8dbabe9b-d90a-413b-a75b-d7c8bafa9875,M-1606,ORD-20260806-2724-0208,CONCESSION_ACCRUAL,40,997,2026-08-06T17:07:04+08:00
339b5d3b-db0a-456d-80bd-19681dcb8f49,M-1557,ORD-20260806-1151-0209,CONCESSION_ACCRUAL,7,537,2026-08-06T21:50:31+08:00
387823e4-72b3-4a87-9fb7-c763caeed444,M-1200,ORD-20260807-4045-0210,CONCESSION_ACCRUAL,9,125,2026-08-07T00:03:53+08:00
de8bb260-4e56-4728-897a-bf1e14a02263,M-1923,ORD-20260806-4557-0211,CONCESSION_ACCRUAL,16,62,2026-08-06T21:43:37+08:00
8a45e158-5f70-4f56-851d-77bd11e2fa60,M-1206,ORD-20260806-6865-0212,CONCESSION_ACCRUAL,7,370,2026-08-06T19:05:19+08:00
fe1701f2-c643-4415-820f-32c84cadfbf4,M-1082,ORD-20260806-8158-0213,CONCESSION_ACCRUAL,15,388,2026-08-06T16:40:49+08:00
6f1e32b3-ba64-4eff-86be-134b9977756a,M-1741,ORD-20260806-6693-0214,CONCESSION_ACCRUAL,11,303,2026-08-06T12:20:38+08:00
ae3ce0fd-9ffc-4b85-88a4-cff4f78a8e8e,M-1467,ORD-20260806-4449-0215,CONCESSION_ACCRUAL,10,95,2026-08-06T22:48:49+08:00
8fa4e054-fa92-4d2d-8cce-f38f557574c6,M-2152,ORD-20260806-9247-0216,CONCESSION_ACCRUAL,8,98,2026-08-06T20:31:22+08:00
fe82858a-afe1-4ecc-bbf7-38c585391c9f,M-2018,ORD-20260806-4398-0217,CONCESSION_ACCRUAL,26,331,2026-08-06T22:19:01+08:00
efeb3045-0943-4cb2-99b0-ad3ea7b9df86,M-1696,ORD-20260806-2270-0218,CONCESSION_ACCRUAL,18,1067,2026-08-06T21:55:45+08:00
fe510350-8905-4361-8f75-150cdd9af56b,M-1274,ORD-20260807-5599-0219,CONCESSION_ACCRUAL,7,633,2026-08-07T00:35:31+08:00
14986fc4-5006-4176-988c-6326f2c702d3,M-1550,ORD-20260806-7150-0220,CONCESSION_ACCRUAL,18,371,2026-08-06T23:42:29+08:00
ba649bde-09b4-428b-b744-6e8e8d55621e,M-1050,ORD-20260807-6865-0221,CONCESSION_ACCRUAL,10,253,2026-08-07T00:10:26+08:00
8726a1c3-57b0-48db-9b51-d18fe9b7156e,M-1166,ORD-20260806-6799-0222,CONCESSION_ACCRUAL,15,407,2026-08-06T17:27:25+08:00
5913f111-bffc-4a61-9940-5b4677756609,M-1790,ORD-20260807-5680-0223,CONCESSION_ACCRUAL,16,203,2026-08-07T01:41:06+08:00
72fd7d0c-5d24-47ba-84df-ca2a69afe0c4,M-1562,ORD-20260806-7906-0224,CONCESSION_ACCRUAL,13,1415,2026-08-06T21:21:59+08:00
38fc9e65-b071-435e-8c44-1ec985386a6c,M-1374,ORD-20260806-8161-0225,CONCESSION_ACCRUAL,30,642,2026-08-06T16:47:57+08:00
24d5454d-5f0c-4ef4-8637-fdd6bbddcf8f,M-1175,ORD-20260806-1279-0226,CONCESSION_ACCRUAL,27,377,2026-08-06T23:39:12+08:00
4011b263-6eb2-4082-91b2-81837a57b6d4,M-1666,ORD-20260807-6751-0227,CONCESSION_ACCRUAL,23,121,2026-08-07T00:31:23+08:00
c3ddc90f-bcf5-4aca-b814-72614296d98f,M-1077,ORD-20260807-7491-0228,CONCESSION_ACCRUAL,11,643,2026-08-07T00:14:51+08:00
78f0f7bf-2364-45c6-abeb-8027045570e8,M-1380,ORD-20260806-6057-0229,CONCESSION_ACCRUAL,9,114,2026-08-06T10:20:33+08:00
666a7122-e183-497e-8d43-44e8ff581a9c,M-1617,ORD-20260806-8811-0230,CONCESSION_ACCRUAL,45,94,2026-08-06T21:12:59+08:00
2a7c7246-52fb-454d-bd13-3ce6fb2e0f33,M-1091,ORD-20260806-2436-0231,CONCESSION_ACCRUAL,16,134,2026-08-06T19:32:10+08:00
8e8e5b1c-15da-48c5-a5b7-52c63ec9a3cb,M-1258,ORD-20260806-9083-0232,CONCESSION_ACCRUAL,7,499,2026-08-06T20:03:58+08:00
15796571-044c-4ec9-ab69-8ee9e4ca8212,M-1691,ORD-20260806-4123-0233,CONCESSION_ACCRUAL,10,569,2026-08-06T22:41:43+08:00
9b4f1287-98d2-419f-9ff8-70cb4036e316,M-1556,ORD-20260806-3045-0234,CONCESSION_ACCRUAL,11,427,2026-08-06T14:29:01+08:00
61798505-d7fe-4a6a-adb3-d776a97081d5,M-1598,ORD-20260806-9234-0235,CONCESSION_ACCRUAL,10,118,2026-08-06T19:45:46+08:00
d4e7e6fc-c74a-4e09-8db2-c66b6bf66b42,M-1784,ORD-20260806-1160-0236,CONCESSION_ACCRUAL,8,433,2026-08-06T22:08:22+08:00
eb53d016-70b7-48b3-a053-913a14bbc9a4,M-1033,ORD-20260806-9787-0237,CONCESSION_ACCRUAL,8,371,2026-08-06T22:07:35+08:00
2136a531-a5b3-4a4d-aa68-5b8895037aae,M-1642,ORD-20260806-9943-0238,CONCESSION_ACCRUAL,27,175,2026-08-06T17:59:04+08:00
6e5cc027-7e6f-46eb-846f-9841d330474f,M-1810,ORD-20260807-4380-0239,CONCESSION_ACCRUAL,15,104,2026-08-07T00:31:25+08:00
8aed2e9f-b980-4d92-a971-9bda0caa5cf3,M-1975,ORD-20260806-8370-0240,CONCESSION_ACCRUAL,6,120,2026-08-06T20:45:04+08:00
323b99c6-c10a-4349-8930-3c63b15c767e,M-1237,ORD-20260807-3221-0241,CONCESSION_ACCRUAL,10,358,2026-08-07T01:28:35+08:00
66c0c883-1efc-4ae7-98cd-5f93334fc68e,M-1734,ORD-20260806-3514-0242,CONCESSION_ACCRUAL,9,271,2026-08-06T21:52:00+08:00
a0dc6762-4204-490e-a4f2-49af2285d666,M-1284,ORD-20260806-6944-0243,CONCESSION_ACCRUAL,3,360,2026-08-06T10:49:00+08:00
63c78e85-1086-4890-aa87-c668ab0e4b1a,M-1121,ORD-20260806-6484-0244,CONCESSION_ACCRUAL,18,85,2026-08-06T21:44:00+08:00
6339d840-e345-4dca-9125-f7b3b440f106,M-1204,ORD-20260806-7289-0245,CONCESSION_ACCRUAL,15,138,2026-08-06T20:27:00+08:00
920a0777-b574-42cc-b122-d945ed3ef88f,M-1246,ORD-20260806-3778-0246,CONCESSION_ACCRUAL,11,203,2026-08-06T21:08:00+08:00
29dca91a-c6c0-4241-905e-ad7b817fdd96,M-1818,ORD-20260806-3584-0247,CONCESSION_ACCRUAL,30,428,2026-08-06T11:38:00+08:00
77b48add-6afb-4e5c-9181-56241a6e8889,M-2169,ORD-20260806-5843-0248,CONCESSION_ACCRUAL,11,185,2026-08-06T17:10:00+08:00
6507d9da-ba5b-4228-a7e1-3b0eb157b535,M-1694,ORD-20260806-5309-0249,CONCESSION_ACCRUAL,11,171,2026-08-06T19:33:00+08:00
ee54c832-cefe-4a6e-af00-97f9a6640cac,M-1277,ORD-20260806-4395-0250,CONCESSION_ACCRUAL,18,2715,2026-08-06T16:39:00+08:00
3e364197-b7c7-4ab7-a876-7f4d9d508b10,M-1161,ORD-20260806-7852-0251,CONCESSION_ACCRUAL,8,469,2026-08-06T18:46:00+08:00
09279b21-2992-4398-ae10-8522b354270a,M-1083,ORD-20260806-1213-0252,CONCESSION_ACCRUAL,22,344,2026-08-06T19:08:00+08:00
a7ce6019-251f-4973-9311-ff0b450e3bc2,M-1601,ORD-20260806-8690-0253,CONCESSION_ACCRUAL,3,286,2026-08-06T22:11:00+08:00
db61fe98-d2ae-4986-9319-a46149f8fecc,M-2141,ORD-20260806-4080-0254,CONCESSION_ACCRUAL,24,155,2026-08-06T15:47:00+08:00
11987960-c137-44e3-8633-60264a4cb766,M-1969,ORD-20260806-3683-0255,CONCESSION_ACCRUAL,12,62,2026-08-06T20:29:00+08:00
a13dd25f-7649-40f0-8fce-b8008c8eda6b,M-1090,ORD-20260806-9351-0256,CONCESSION_ACCRUAL,8,595,2026-08-06T22:17:00+08:00
7187a016-6314-46ae-ae7d-08703bd53dc9,M-1519,ORD-20260806-7892-0257,CONCESSION_ACCRUAL,30,334,2026-08-06T09:02:00+08:00
517aa8e8-ecdc-4687-baca-31a4534f626d,M-1514,ORD-20260806-8800-0258,CONCESSION_ACCRUAL,8,459,2026-08-06T20:28:00+08:00
cd2d01e6-1368-4a8a-bbe5-a80e521d0d31,M-1134,ORD-20260806-1378-0259,CONCESSION_ACCRUAL,3,143,2026-08-06T16:32:00+08:00
cae93d4b-e6f2-47d1-bef0-687fb0905126,M-2027,ORD-20260806-9066-0260,CONCESSION_ACCRUAL,8,114,2026-08-06T20:32:00+08:00
7b82662c-8781-4990-8bfe-d1162d3f2668,M-2186,ORD-20260806-7346-0261,CONCESSION_ACCRUAL,13,42,2026-08-06T14:28:00+08:00
1afac414-af60-4206-a003-1420524b7a13,M-1447,ORD-20260806-9299-0262,CONCESSION_ACCRUAL,15,186,2026-08-06T15:08:00+08:00
dae90899-0809-4c01-8d1a-00fa7c567f17,M-1893,ORD-20260806-5231-0263,CONCESSION_ACCRUAL,13,30,2026-08-06T17:54:00+08:00
796f8a29-1c52-41ad-a7d9-1d63fd86580a,M-1647,ORD-20260806-8425-0264,CONCESSION_ACCRUAL,9,773,2026-08-06T15:27:00+08:00
4ce31cf1-9e12-42f2-8833-938ab3aa5e18,M-2016,ORD-20260806-5044-0265,CONCESSION_ACCRUAL,19,302,2026-08-06T18:15:00+08:00
cfe66cd0-83b7-428d-b4bc-628efd020cd1,M-1181,ORD-20260806-2714-0266,CONCESSION_ACCRUAL,14,363,2026-08-06T16:16:00+08:00
a5d6b9e8-f23d-43d4-bf66-e038844bc8d2,M-1487,ORD-20260806-4394-0267,CONCESSION_ACCRUAL,4,595,2026-08-06T20:50:00+08:00
90c6daff-0c88-43ed-8598-7594d3773222,M-2191,ORD-20260806-2556-0268,CONCESSION_ACCRUAL,9,306,2026-08-06T17:32:00+08:00
a37f0c1e-bfdb-402a-9112-dc495c098b0c,M-1046,ORD-20260806-6390-0269,CONCESSION_ACCRUAL,18,803,2026-08-06T19:52:00+08:00
2b74914a-3b4a-40e4-999c-197c328d546a,M-1416,ORD-20260806-8552-0270,CONCESSION_ACCRUAL,13,2404,2026-08-06T20:30:00+08:00
69e11c79-8663-4a35-a41d-5a4885e8e055,M-1639,ORD-20260806-9503-0271,CONCESSION_ACCRUAL,3,392,2026-08-06T12:28:00+08:00
a8f8acc0-b103-4028-8486-3788f981cb10,M-1004,ORD-20260806-3456-0272,CONCESSION_ACCRUAL,22,147,2026-08-06T16:36:00+08:00
240a9f8c-7b2a-4a59-8f39-ddb6f5f8af36,M-1451,ORD-20260806-3178-0273,CONCESSION_ACCRUAL,19,335,2026-08-06T15:16:00+08:00
eb3decb3-fcab-4dd3-9fd2-2e20e438bc69,M-1952,ORD-20260806-8645-0274,CONCESSION_ACCRUAL,7,47,2026-08-06T22:40:00+08:00
9aedcbe2-db96-4f75-947e-c21bfc466c00,M-1104,ORD-20260806-1526-0275,CONCESSION_ACCRUAL,16,459,2026-08-06T22:18:00+08:00
64bf0d75-caae-4d16-b7ea-3752dbc31f91,M-1466,ORD-20260806-1022-0276,CONCESSION_ACCRUAL,9,3735,2026-08-06T10:30:00+08:00
c80bc89e-09ca-438b-87c7-b5b090bd326d,M-1071,ORD-20260806-9412-0277,CONCESSION_ACCRUAL,31,129,2026-08-06T18:13:00+08:00
9e26e27b-86b1-47b3-8588-a0f73f736ef3,M-1544,ORD-20260806-6636-0278,CONCESSION_ACCRUAL,3,298,2026-08-06T20:01:00+08:00
df30c8ea-fec7-4d3b-acf1-08f4a2d33483,M-1129,ORD-20260806-7598-0279,CONCESSION_ACCRUAL,54,1003,2026-08-06T20:54:00+08:00
c1f528ea-2b2b-4aa4-bdf6-98853c6939d7,M-1117,ORD-20260806-7942-0280,CONCESSION_ACCRUAL,11,295,2026-08-06T13:20:00+08:00
d82e8fd9-c23e-499b-8187-ae9b4d8ac85d,M-2101,ORD-20260806-6366-0281,CONCESSION_ACCRUAL,6,149,2026-08-06T09:38:00+08:00
a176c8bc-a838-48af-b0ca-de8d1b00937e,M-1722,ORD-20260806-1532-0282,CONCESSION_ACCRUAL,10,607,2026-08-06T19:28:00+08:00
f7b83c5b-eb4d-4af8-9412-72b1f5045d8d,M-1311,ORD-20260806-4993-0283,CONCESSION_ACCRUAL,8,266,2026-08-06T17:05:00+08:00
7d0e41ed-316e-4476-ae18-6d15c04cb5a4,M-1441,ORD-20260806-2930-0284,CONCESSION_ACCRUAL,21,235,2026-08-06T12:56:00+08:00
17be2961-e9d0-49b5-afdf-b5d38d0b61d9,M-1149,ORD-20260806-8275-0285,CONCESSION_ACCRUAL,15,151,2026-08-06T21:49:00+08:00
10016dc3-3b49-4018-a094-f0dc29f08428,M-2115,ORD-20260806-9542-0286,CONCESSION_ACCRUAL,13,27,2026-08-06T16:09:00+08:00
9d335140-d656-4949-aca3-297b20b4003a,M-1418,ORD-20260806-5508-0287,CONCESSION_ACCRUAL,9,125,2026-08-06T19:50:00+08:00
def725c4-501a-4ddc-9098-f2ef475ef7b4,M-1317,ORD-20260806-9293-0288,CONCESSION_ACCRUAL,6,47,2026-08-06T17:30:00+08:00
224152fe-ef90-42ab-98c7-f3f93c64f455,M-1092,ORD-20260806-3614-0289,CONCESSION_ACCRUAL,25,519,2026-08-06T14:55:00+08:00
439d6086-9b8e-4946-be4c-0b4bea2deace,M-1623,ORD-20260806-3358-0290,CONCESSION_ACCRUAL,8,186,2026-08-06T18:16:00+08:00
61b05310-6e78-45f8-8aa4-6afadd969248,M-1019,ORD-20260806-1739-0291,CONCESSION_ACCRUAL,11,638,2026-08-06T13:35:00+08:00
aa36809e-6566-4eb4-b2a7-171b221f97c0,M-1462,ORD-20260806-8053-0292,CONCESSION_ACCRUAL,19,264,2026-08-06T09:49:00+08:00
d77d55aa-d120-4092-a62c-88f015c48f5c,M-1906,ORD-20260806-1730-0293,CONCESSION_ACCRUAL,30,63,2026-08-06T22:17:00+08:00
fa501709-f13c-4869-94c1-21520a54698e,M-1311,ORD-20260806-4871-0294,CONCESSION_ACCRUAL,7,273,2026-08-06T10:08:00+08:00
73ea2ccd-77b5-4b7b-aef3-14d913353971,M-1346,ORD-20260806-2921-0295,CONCESSION_ACCRUAL,16,343,2026-08-06T17:01:00+08:00
fabc4652-95f0-4e44-959e-835068057534,M-1075,ORD-20260806-4758-0296,CONCESSION_ACCRUAL,10,143,2026-08-06T20:03:00+08:00
351bfc13-c4a7-4923-9968-aed8005e49d0,M-1281,ORD-20260806-2070-0297,CONCESSION_ACCRUAL,20,331,2026-08-06T21:37:00+08:00
e363d472-80d3-4a6f-ba80-11287d47c94c,M-1733,ORD-20260806-4227-0298,CONCESSION_ACCRUAL,17,171,2026-08-06T12:09:00+08:00
fdd28515-4802-4603-972a-720c625aa70f,M-1601,ORD-20260806-2950-0299,CONCESSION_ACCRUAL,22,308,2026-08-06T11:04:00+08:00
5acfb6c1-f222-408a-8b50-09f7389ef6e1,M-1280,ORD-20260806-5692-0300,CONCESSION_ACCRUAL,14,498,2026-08-06T12:10:00+08:00
cfd3a2f0-77a7-4cd1-9e45-ad3bd9f71545,M-2032,ORD-20260806-1540-0301,CONCESSION_ACCRUAL,7,462,2026-08-06T09:31:00+08:00
3d89cd1b-1806-46a2-9339-45f7be9da030,M-1070,ORD-20260806-9299-0302,CONCESSION_ACCRUAL,11,377,2026-08-06T11:16:00+08:00
bfa6ad31-f22f-4415-8642-62e7a173f1a0,M-1398,ORD-20260806-4876-0303,CONCESSION_ACCRUAL,20,1426,2026-08-06T11:01:00+08:00
2404b6c6-4743-4d27-b381-44aea4a8460d,M-1026,ORD-20260806-5381-0304,CONCESSION_ACCRUAL,31,1528,2026-08-06T12:54:00+08:00
b9582eda-1999-4c64-8694-f41024ab0b34,M-1532,ORD-20260806-7071-0305,CONCESSION_ACCRUAL,8,107,2026-08-06T11:04:00+08:00
291f4357-3c0a-43dd-bf85-4e2659217b47,M-1814,ORD-20260806-9406-0306,CONCESSION_ACCRUAL,9,476,2026-08-06T18:55:00+08:00
f146d1b1-f74f-4b46-ae69-3f1dac65cd0b,M-1931,ORD-20260806-7641-0307,CONCESSION_ACCRUAL,12,69,2026-08-06T14:39:00+08:00
e880b5d8-5cd2-46a0-a8d7-7a416673d71a,M-1717,ORD-20260806-2525-0308,CONCESSION_ACCRUAL,32,629,2026-08-06T13:29:00+08:00
a22dcf5a-344d-4ef5-8b67-edff10b831b4,M-1787,ORD-20260806-1845-0309,CONCESSION_ACCRUAL,43,251,2026-08-06T10:00:00+08:00
3a58d8c6-06a7-4d66-ab91-15e8cb674441,M-1431,ORD-20260806-6276-0310,CONCESSION_ACCRUAL,22,523,2026-08-06T10:36:00+08:00
039ada05-1522-4a20-9e2f-c7dbf52fc2ca,M-1700,ORD-20260806-7352-0311,CONCESSION_ACCRUAL,8,394,2026-08-06T13:20:00+08:00
bb789a63-a3a1-4be5-a766-68334cd57e76,M-1353,ORD-20260806-4078-0312,CONCESSION_ACCRUAL,15,178,2026-08-06T17:24:00+08:00
f1e9dcad-9940-4773-8d99-1c226006d293,M-1234,ORD-20260806-1256-0313,CONCESSION_ACCRUAL,8,323,2026-08-06T20:40:00+08:00
71a65646-065c-47d6-8285-04019a2bd2aa,M-1557,ORD-20260806-2163-0314,CONCESSION_ACCRUAL,22,559,2026-08-06T14:24:00+08:00
bee1f655-810a-496c-be7d-107f9234d707,M-1701,ORD-20260806-7584-0315,CONCESSION_ACCRUAL,25,646,2026-08-06T13:11:00+08:00
5d82cebf-b7b9-4df9-bd9d-5b1ceea1415f,M-1609,ORD-20260806-7316-0316,CONCESSION_ACCRUAL,11,163,2026-08-06T17:51:00+08:00
9bb412d7-07bd-4340-aa0b-e8a12f042ebb,M-2123,ORD-20260806-1800-0317,CONCESSION_ACCRUAL,16,108,2026-08-06T18:44:00+08:00
265f7ba0-ec5d-4e3a-ab8e-24324dbab158,M-2123,TIER_UPGRADE_Standard_TO_Silver,TIER_BONUS,50,158,2026-08-06T18:44:00+08:00
bcc6cf5b-1266-4529-a0a4-003a9b1b92ba,M-1390,ORD-20260806-3322-0318,CONCESSION_ACCRUAL,18,256,2026-08-06T14:57:00+08:00
0455796c-e9e4-4181-a7c1-71d6b238ccbb,M-1573,ORD-20260806-3976-0319,CONCESSION_ACCRUAL,8,757,2026-08-06T19:01:00+08:00
49539d8d-2a0a-405d-a66a-c13981a1ade0,M-1583,ORD-20260806-9958-0320,CONCESSION_ACCRUAL,20,192,2026-08-06T11:38:00+08:00
7a6690ee-b5a0-434b-b54a-07147bb27ba2,M-1282,ORD-20260806-3102-0321,CONCESSION_ACCRUAL,45,207,2026-08-06T10:07:00+08:00
015824a3-06ba-4462-a5a9-61fec16ba354,M-1441,ORD-20260806-6681-0322,CONCESSION_ACCRUAL,10,245,2026-08-06T09:51:00+08:00
