ledger_id,member_id,source_reference_id,transaction_type,points_delta,resulting_balance,created_at
f6bce964-b788-4ca9-8cbc-01eb147dba85,M-2144,SESS-20260805-6258-0000,RENTAL_ACCRUAL,8,41,2026-08-06T00:30:00+08:00
c3b9e4a8-8b3e-4acb-bc02-a0082d5cbc81,M-1338,SESS-20260805-9469-0001,RENTAL_ACCRUAL,11,439,2026-08-05T21:15:00+08:00
598256fb-7d79-4ced-be80-b4e79a0adab4,M-1322,SESS-20260805-8939-0002,RENTAL_ACCRUAL,40,277,2026-08-05T16:45:00+08:00
ebd0a3d0-9f86-45c5-ad14-2f2663bdbfa5,M-2064,SESS-20260805-1702-0003,RENTAL_REDEMPTION,-100,149,2026-08-05T22:45:00+08:00
524580c2-9a2c-4708-a66f-61766e27b308,M-2064,SESS-20260805-1702-0003,RENTAL_ACCRUAL,34,183,2026-08-06T01:45:00+08:00
9c19610d-c4d4-423a-9ed4-758a42b8b29b,M-1494,SESS-20260805-1166-0004,RENTAL_ACCRUAL,11,391,2026-08-05T18:15:00+08:00
48511151-8ca5-43b9-9714-2c18aac710c3,M-1407,SESS-20260805-2070-0005,RENTAL_ACCRUAL,45,550,2026-08-05T16:30:00+08:00
d0c94dca-0800-48a6-a174-f89dc71f1c82,M-1396,SESS-20260805-4595-0006,RENTAL_ACCRUAL,40,274,2026-08-05T18:45:00+08:00
b8450414-8fe8-4dea-88c7-ffffa63b1504,M-1062,SESS-20260805-5054-0007,RENTAL_ACCRUAL,11,312,2026-08-05T20:45:00+08:00
920bd0c0-86b7-4d98-8044-bedd32d66fdf,M-1246,SESS-20260805-2870-0008,RENTAL_ACCRUAL,11,192,2026-08-05T14:00:00+08:00
66f5b8b5-f31a-4f05-91a5-58af26718e7c,M-1572,SESS-20260805-6728-0009,RENTAL_ACCRUAL,18,403,2026-08-05T20:15:00+08:00
4bf6b6a9-536c-47d4-a4ea-3a602452ade5,M-1380,SESS-20260805-4197-0010,RENTAL_ACCRUAL,12,292,2026-08-05T15:45:00+08:00
9ffd89a9-2161-43a8-b3f7-1867d7cf5edf,M-1570,SESS-20260805-7291-0011,RENTAL_ACCRUAL,9,784,2026-08-05T14:45:00+08:00
3fc52c34-a99e-484f-a16e-8c702f834abf,M-1776,SESS-20260805-7546-0012,RENTAL_ACCRUAL,5,145,2026-08-05T16:00:00+08:00
c2e1d7e7-8524-4f00-b9f4-d49657e1903a,M-2146,SESS-20260805-1513-0013,RENTAL_ACCRUAL,15,197,2026-08-05T21:15:00+08:00
22197030-4138-49c8-9e07-01424c24244c,M-1073,SESS-20260805-2212-0014,RENTAL_ACCRUAL,27,207,2026-08-06T01:30:00+08:00
ad9eded1-e0ab-4298-999a-ea8ba027e178,M-1736,SESS-20260805-6009-0015,RENTAL_ACCRUAL,18,49,2026-08-05T18:30:00+08:00
136e05e1-fd7f-4fcc-874b-f4e3b1863307,M-1880,SESS-20260805-9976-0016,RENTAL_ACCRUAL,8,48,2026-08-05T21:15:00+08:00
082c124d-c7b2-404b-958d-2b1584e87b80,M-1495,SESS-20260805-3386-0017,RENTAL_ACCRUAL,18,88,2026-08-05T17:30:00+08:00
500718f0-512c-4bbd-b59f-aef7d7a79f6e,M-1816,SESS-20260805-4340-0018,RENTAL_ACCRUAL,45,149,2026-08-06T06:00:00+08:00
68722bb0-5170-4dc5-a928-c70c2eda7b24,M-1721,SESS-20260805-5521-0019,RENTAL_REDEMPTION,-100,287,2026-08-05T17:30:00+08:00
3d9dd7ab-7665-4ff0-bfab-4554aa7fabd4,M-1721,SESS-20260805-5521-0019,RENTAL_ACCRUAL,10,297,2026-08-05T20:30:00+08:00
262fd88f-eecc-4293-a32c-a9e5eb6a0fec,M-1214,SESS-20260805-5247-0020,RENTAL_REDEMPTION,-200,110,2026-08-05T15:00:00+08:00
69c3a144-2186-413d-b8b8-1d29bbcbf80a,M-1214,SESS-20260805-5247-0020,RENTAL_ACCRUAL,15,125,2026-08-05T20:00:00+08:00
07561117-d0b0-430a-9d2e-8aa5fe72c616,M-1828,SESS-20260805-5799-0021,RENTAL_ACCRUAL,5,129,2026-08-05T21:00:00+08:00
a81f0187-4b0b-4e68-8a95-be687e8ad3da,M-1616,SESS-20260805-2705-0022,RENTAL_ACCRUAL,27,390,2026-08-05T22:30:00+08:00
1ea0509d-6cb4-49ff-be1b-a319825a9458,M-1422,SESS-20260805-7554-0023,RENTAL_ACCRUAL,13,260,2026-08-05T06:00:00+08:00
b76f7f11-5537-42d2-a46b-0e0733bb5076,M-2128,SESS-20260805-4220-0024,RENTAL_ACCRUAL,18,389,2026-08-05T16:00:00+08:00
4c73ec61-6ead-4b4a-a3e3-9de30e38a098,M-1091,SESS-20260805-3888-0025,RENTAL_REDEMPTION,-100,195,2026-08-05T10:30:00+08:00
561ad299-de0e-4a24-ada2-6aff112a552f,M-1091,SESS-20260805-3888-0025,RENTAL_ACCRUAL,7,202,2026-08-05T11:30:00+08:00
2e157545-da9e-4340-b34d-4c6360b22d0c,M-1930,SESS-20260805-8816-0026,RENTAL_REDEMPTION,-100,163,2026-08-05T20:00:00+08:00
292724c3-8174-4086-9994-c89c60d1de40,M-1930,SESS-20260805-8816-0026,RENTAL_ACCRUAL,5,168,2026-08-05T22:00:00+08:00
30c76dd2-bb6f-4248-9e5c-18dc3ed1fbab,M-1461,SESS-20260805-3628-0027,RENTAL_ACCRUAL,27,99,2026-08-05T02:30:00+08:00
2a9fc7f3-8263-44b9-9384-27bbe02f7a28,M-1025,SESS-20260805-6685-0028,RENTAL_ACCRUAL,5,125,2026-08-05T01:55:00+08:00
ab9738a5-f763-4ab1-a2ba-69f49af8bafc,M-1806,SESS-20260805-1395-0029,RENTAL_REDEMPTION,-100,59,2026-08-05T13:00:00+08:00
3ef0a6e7-0b63-4931-abff-89565ac649a0,M-1806,SESS-20260805-1395-0029,RENTAL_ACCRUAL,5,64,2026-08-05T15:00:00+08:00
cf4fc295-89a7-4479-be8f-50b3d71ddede,M-1602,SESS-20260805-7610-0030,RENTAL_ACCRUAL,19,621,2026-08-06T00:45:00+08:00
df6d181b-8e12-4fab-91bd-7ec1b7655eb9,M-1620,SESS-20260805-7260-0031,RENTAL_ACCRUAL,28,174,2026-08-05T21:15:00+08:00
54d4b05d-15d5-4161-8140-f668cddcda3c,M-1620,TIER_UPGRADE_Silver_TO_Gold,TIER_BONUS,100,274,2026-08-05T21:15:00+08:00
c8cbb24b-0c60-407a-b6ad-d5362693b34f,M-1137,SESS-20260805-8989-0032,RENTAL_ACCRUAL,16,330,2026-08-05T17:00:00+08:00
fb67d076-c407-45a6-afac-7246386f6427,M-1596,SESS-20260805-6372-0033,RENTAL_ACCRUAL,12,369,2026-08-05T10:00:00+08:00
1eaa5599-644a-4047-8121-085b3e48ccb0,M-1374,SESS-20260805-4658-0034,RENTAL_ACCRUAL,11,529,2026-08-05T10:45:00+08:00
7a71a766-f376-4505-84d2-d292520c3d59,M-1500,SESS-20260805-6874-0035,RENTAL_REDEMPTION,-200,94,2026-08-05T17:45:00+08:00
c375a906-651c-425a-8b0a-fc03ba279648,M-1500,SESS-20260805-6874-0035,RENTAL_ACCRUAL,4,98,2026-08-05T19:45:00+08:00
753f8a47-f354-4cf0-b4ba-c50cd9bbf11c,M-1810,SESS-20260805-3956-0036,RENTAL_ACCRUAL,16,50,2026-08-05T20:15:00+08:00
d3b7c400-8e14-4af6-b5c3-38b04b3924ac,M-2023,SESS-20260805-2554-0037,RENTAL_ACCRUAL,18,355,2026-08-05T20:15:00+08:00
4430d621-f3f6-4062-aee4-4dc475b8c590,M-2157,SESS-20260805-4720-0038,RENTAL_ACCRUAL,10,75,2026-08-05T20:15:00+08:00
d271b3c8-a128-4967-a4b2-df0d93495905,M-1750,SESS-20260805-3291-0039,RENTAL_ACCRUAL,27,176,2026-08-05T22:00:00+08:00
69d81ac2-efe5-4b27-b023-f48b0acf2fe4,M-1456,SESS-20260805-6151-0040,RENTAL_ACCRUAL,9,258,2026-08-05T20:30:00+08:00
f4738233-f5be-4dc3-9d25-901f90248ed8,M-1252,SESS-20260805-4087-0041,RENTAL_ACCRUAL,6,150,2026-08-05T20:30:00+08:00
97012a70-564e-4f70-aca6-9ac811a936c5,M-1824,SESS-20260805-3298-0042,RENTAL_ACCRUAL,5,193,2026-08-05T19:00:00+08:00
feca93c2-7cde-4ed8-91fc-d6f3f289c8cb,M-1419,SESS-20260805-6900-0043,RENTAL_ACCRUAL,13,316,2026-08-05T20:45:00+08:00
7bd02dcb-db14-4a77-ae4c-3442dd8e67f5,M-1454,SESS-20260805-9816-0044,RENTAL_ACCRUAL,30,1578,2026-08-05T22:10:00+08:00
193203e8-712b-4058-83e0-e48f1a191bf9,M-1718,SESS-20260805-7369-0045,RENTAL_ACCRUAL,6,1318,2026-08-05T07:45:00+08:00
57d4af21-bbc3-4c19-9876-392b0b22c76e,M-1631,SESS-20260805-6130-0046,RENTAL_ACCRUAL,16,140,2026-08-05T23:20:00+08:00
23bd755a-92f5-421c-a73c-06f47015882a,M-1046,SESS-20260805-6755-0047,RENTAL_ACCRUAL,9,782,2026-08-05T22:15:00+08:00
266d589e-1e1e-4121-914f-d3bd609bf09b,M-2034,SESS-20260805-2036-0048,RENTAL_ACCRUAL,10,115,2026-08-05T17:45:00+08:00
ac319421-5935-40d4-96ac-f8f58eeee25e,M-1038,SESS-20260805-3280-0049,RENTAL_ACCRUAL,13,53,2026-08-05T19:15:00+08:00
efd5e4e0-e918-4afc-aee8-01c6f56ae2ae,M-1956,SESS-20260805-2506-0050,RENTAL_ACCRUAL,16,241,2026-08-05T07:30:00+08:00
7270d4be-f3bc-4830-baa1-69ca387463cb,M-1614,SESS-20260805-6372-0051,RENTAL_REDEMPTION,-100,142,2026-08-05T22:00:00+08:00
fd5f88ee-3b5c-4436-ae39-21a23d67c0d3,M-1614,SESS-20260805-6372-0051,RENTAL_ACCRUAL,11,153,2026-08-06T00:00:00+08:00
31475c82-476a-4689-b199-38ee9d263659,M-2079,SESS-20260805-9698-0052,RENTAL_ACCRUAL,13,415,2026-08-05T04:25:00+08:00
fa6f7111-a9c7-47f0-8cf0-2291330a964d,M-2033,SESS-20260805-5414-0053,RENTAL_ACCRUAL,10,175,2026-08-05T21:30:00+08:00
913e1efa-54d8-4d64-ae29-b21565094693,M-2187,SESS-20260805-1031-0054,RENTAL_ACCRUAL,5,98,2026-08-05T17:45:00+08:00
c7bbfe67-4d65-432b-95e2-5487110278d6,M-2119,SESS-20260805-2063-0055,RENTAL_ACCRUAL,5,42,2026-08-05T21:45:00+08:00
1cbffbef-7884-4b2d-8e50-3dc5326606b5,M-1863,SESS-20260805-7355-0056,RENTAL_ACCRUAL,25,171,2026-08-05T20:10:00+08:00
b17215f6-6eb8-4d01-8999-7bf88c93bcd5,M-1543,SESS-20260805-1303-0057,RENTAL_ACCRUAL,11,275,2026-08-05T15:45:00+08:00
17254312-d4b7-4e56-a498-b8470540895b,M-1621,SESS-20260805-8453-0058,RENTAL_ACCRUAL,16,630,2026-08-06T00:20:00+08:00
c2ddf61a-6165-43cd-a2b7-d780f8c03ad2,M-1969,SESS-20260805-6157-0059,RENTAL_REDEMPTION,-100,15,2026-08-05T18:00:00+08:00
02fdbe76-a4c6-4a93-acb5-04c404407356,M-1969,SESS-20260805-6157-0059,RENTAL_ACCRUAL,35,50,2026-08-05T23:00:00+08:00
a8f19853-893c-4904-bad5-f51752959831,M-1379,SESS-20260805-6171-0060,RENTAL_ACCRUAL,5,354,2026-08-05T13:45:00+08:00
0e8e175c-bbd2-4bbd-a178-72ab9e20732e,M-1668,SESS-20260805-6896-0061,RENTAL_REDEMPTION,-100,58,2026-08-05T19:45:00+08:00
98380b55-3069-49e9-9e05-0166db3b3b1b,M-1668,SESS-20260805-6896-0061,RENTAL_ACCRUAL,61,119,2026-08-06T00:45:00+08:00
a16e8736-dc8e-4898-bcd0-12553daf96d3,M-1171,SESS-20260805-6847-0062,RENTAL_REDEMPTION,-100,49,2026-08-05T14:15:00+08:00
6e7b140f-936b-4c68-b559-add20daa6a0d,M-1171,SESS-20260805-6847-0062,RENTAL_ACCRUAL,21,70,2026-08-05T19:15:00+08:00
69fe0e1e-a4e6-4246-bd39-cf3d816f602a,M-1099,SESS-20260805-7501-0063,RENTAL_REDEMPTION,-200,92,2026-08-05T19:25:00+08:00
049afd21-f54a-4de5-8562-7dcefa4d1e14,M-1099,SESS-20260805-7501-0063,RENTAL_ACCRUAL,4,96,2026-08-05T22:25:00+08:00
31bc42f9-f279-4130-9bc6-7e05173c632c,M-1054,SESS-20260805-7388-0064,RENTAL_REDEMPTION,-200,164,2026-08-05T15:30:00+08:00
b52a1885-8cb2-4de0-938a-cd9a2d7a8fe9,M-1054,SESS-20260805-7388-0064,RENTAL_ACCRUAL,14,178,2026-08-05T18:30:00+08:00
99da0e3d-c666-428a-b38e-4f0b092981bc,M-1249,SESS-20260805-2171-0065,RENTAL_REDEMPTION,-100,45,2026-08-05T18:15:00+08:00
e2cfec0a-df83-498e-9c4d-4a1d33977324,M-1249,SESS-20260805-2171-0065,RENTAL_ACCRUAL,10,55,2026-08-05T21:15:00+08:00
5b057a04-f43c-465f-98a6-9446ec09c178,M-1056,SESS-20260805-2075-0066,RENTAL_ACCRUAL,11,86,2026-08-05T13:15:00+08:00
01fc304b-e583-4ad7-b9bf-d070fc386fd4,M-1256,SESS-20260805-5979-0067,RENTAL_ACCRUAL,5,114,2026-08-05T23:25:00+08:00
f339df17-dfb3-4b69-8d35-59da1c43e1da,M-1439,SESS-20260805-4773-0068,RENTAL_ACCRUAL,45,410,2026-08-06T03:15:00+08:00
57bd7c83-b661-43f1-85e0-aba53c2c9c98,M-1886,SESS-20260805-3649-0069,RENTAL_ACCRUAL,13,150,2026-08-05T16:00:00+08:00
a789613b-8075-44be-a81a-5f39f453f05c,M-1273,SESS-20260805-7518-0070,RENTAL_REDEMPTION,-100,840,2026-08-05T18:40:00+08:00
ca09b9ec-5000-4da4-80ff-7c86f36e6b55,M-1273,SESS-20260805-7518-0070,RENTAL_ACCRUAL,40,880,2026-08-05T23:40:00+08:00
b665e0b3-4a1c-45c8-916c-67766da6bb91,M-1400,SESS-20260805-1186-0071,RENTAL_ACCRUAL,67,388,2026-08-05T21:00:00+08:00
2df8a117-cc86-46b5-93e2-4c6b4185f288,M-1458,SESS-20260805-1966-0072,RENTAL_ACCRUAL,18,185,2026-08-06T01:45:00+08:00
c9dd9893-f307-40af-ac26-a7b87e351c9b,M-1411,SESS-20260805-7016-0073,RENTAL_ACCRUAL,12,655,2026-08-05T21:30:00+08:00
a2daa35c-2392-4756-9edf-e2a3642021d2,M-2167,SESS-20260805-7062-0074,RENTAL_ACCRUAL,45,192,2026-08-06T00:45:00+08:00
e2a9abc3-15e0-420d-ab7a-ab23b4d7de2c,M-2027,SESS-20260805-7222-0075,RENTAL_ACCRUAL,27,106,2026-08-05T22:45:00+08:00
80546f77-ea65-406b-99b0-ee4fadfefcbd,M-1323,SESS-20260805-2009-0076,RENTAL_ACCRUAL,45,421,2026-08-05T22:30:00+08:00
5e40367a-7663-4c80-b451-c58104e80531,M-2059,SESS-20260805-4824-0077,RENTAL_ACCRUAL,24,34,2026-08-06T01:30:00+08:00
a2a9ef15-6939-49ce-ac85-22c787a81c32,M-1195,SESS-20260805-7162-0078,RENTAL_ACCRUAL,16,306,2026-08-05T19:15:00+08:00
0068ffe0-36d1-43ea-86f6-44a7e62b01ce,M-1604,SESS-20260805-9456-0079,RENTAL_REDEMPTION,-100,63,2026-08-05T16:45:00+08:00
915a07b9-ff23-4bfd-8fa5-2b6211d2b344,M-1604,SESS-20260805-9456-0079,RENTAL_ACCRUAL,20,83,2026-08-05T19:45:00+08:00
8c7b7518-1220-42db-899f-9a6b32514bc6,M-1791,SESS-20260805-1773-0080,RENTAL_ACCRUAL,28,297,2026-08-06T00:25:00+08:00
f6c2395b-e47a-4e0d-8d0e-288e8ecf36f0,M-1350,SESS-20260805-1279-0081,RENTAL_REDEMPTION,-100,493,2026-08-05T15:30:00+08:00
9c829f91-329a-441f-927a-af16501ef874,M-1350,SESS-20260805-1279-0081,RENTAL_ACCRUAL,21,514,2026-08-05T20:30:00+08:00
5e8d3a95-2a7c-489d-b64e-2a28f11c4464,M-1178,SESS-20260805-2429-0082,RENTAL_ACCRUAL,16,310,2026-08-06T01:00:00+08:00
5cbd1a44-8942-46d0-8965-0c84e6aef5d8,M-1244,SESS-20260805-7553-0083,RENTAL_ACCRUAL,18,280,2026-08-05T21:15:00+08:00
64e34ae3-d9f7-4ab9-a38c-9d9637855c84,M-1882,SESS-20260805-3048-0084,RENTAL_ACCRUAL,45,161,2026-08-06T01:45:00+08:00
74f4e83a-b334-4ed0-844f-d90a820ed746,M-1633,SESS-20260805-5036-0085,RENTAL_REDEMPTION,-100,77,2026-08-05T22:30:00+08:00
d5e53134-a268-4edd-88b1-7780afc0ead8,M-1633,SESS-20260805-5036-0085,RENTAL_ACCRUAL,2,79,2026-08-05T23:30:00+08:00
8689768b-fd7e-4857-b725-3d962bb6b359,M-1112,SESS-20260805-5655-0086,RENTAL_REDEMPTION,-200,1339,2026-08-05T02:45:00+08:00
a6564fba-63eb-41e3-a751-69d1ffca49a7,M-1112,SESS-20260805-5655-0086,RENTAL_ACCRUAL,61,1400,2026-08-05T10:45:00+08:00
9dece574-12f9-46cd-a587-eb394424436b,M-1448,SESS-20260805-8978-0087,RENTAL_ACCRUAL,5,106,2026-08-05T21:25:00+08:00
353ba944-e6a2-4ef5-9bfd-8c21bdcd1724,M-1597,SESS-20260805-3792-0088,RENTAL_ACCRUAL,28,123,2026-08-05T16:00:00+08:00
4dada733-05ba-42e2-ab01-574353880221,M-1939,SESS-20260805-4395-0089,RENTAL_ACCRUAL,15,74,2026-08-05T09:45:00+08:00
fc26c6da-c890-432b-963a-eb9127a487a5,M-1386,SESS-20260805-4595-0090,RENTAL_ACCRUAL,108,463,2026-08-05T16:45:00+08:00
14f1c6ab-a6db-4dec-9c89-df70e36c282c,M-1946,SESS-20260805-6682-0091,RENTAL_ACCRUAL,24,117,2026-08-05T17:30:00+08:00
cb3d0148-cd22-4766-bb9e-15344921f7a7,M-1326,SESS-20260805-7475-0092,RENTAL_ACCRUAL,5,648,2026-08-05T21:50:00+08:00
bcccdc5b-8055-4ba5-b4ff-0e1f2f2b8b01,M-1906,SESS-20260805-5353-0093,RENTAL_ACCRUAL,15,27,2026-08-05T23:10:00+08:00
cdec7b1a-78cb-4bcf-97bc-ec11327ff11c,M-1562,SESS-20260805-7390-0094,RENTAL_ACCRUAL,48,1354,2026-08-06T01:20:00+08:00
d9efd0db-58ca-4aba-96b1-f0f57a64b963,M-1162,SESS-20260805-3487-0095,RENTAL_ACCRUAL,27,252,2026-08-05T23:15:00+08:00
f5a893e9-8553-4f7d-a028-43add8b53301,M-1657,SESS-20260805-6037-0096,RENTAL_ACCRUAL,5,478,2026-08-05T21:00:00+08:00
7712a9fa-5006-4adc-a13a-40e48dfbd6c0,M-1374,SESS-20260805-1971-0097,RENTAL_ACCRUAL,11,540,2026-08-05T15:30:00+08:00
3d7e738d-f922-4a99-b5b9-30ed1cead803,M-1830,SESS-20260805-8655-0098,RENTAL_ACCRUAL,19,121,2026-08-05T20:45:00+08:00
f76ae227-3209-4b63-9b47-22f5c9ef1f3d,M-1355,SESS-20260805-2807-0099,RENTAL_ACCRUAL,5,81,2026-08-05T23:15:00+08:00
05df91fa-9220-4007-8323-3a0c0be6765c,M-1941,SESS-20260805-5559-0100,RENTAL_ACCRUAL,25,79,2026-08-06T04:15:00+08:00
56b202d6-2717-44bb-9675-40e26b41257b,M-1565,SESS-20260805-5294-0101,RENTAL_ACCRUAL,6,637,2026-08-05T23:15:00+08:00
cbbef998-8481-463a-ab06-54568b0bc676,M-1097,SESS-20260805-1275-0102,RENTAL_REDEMPTION,-100,61,2026-08-05T19:15:00+08:00
f12cc0e4-7392-450e-abce-289d79a36535,M-1097,SESS-20260805-1275-0102,RENTAL_ACCRUAL,5,66,2026-08-05T21:15:00+08:00
5b76b98d-3c45-43ed-8165-2f9c748bc571,M-1296,SESS-20260805-6532-0103,RENTAL_ACCRUAL,43,1024,2026-08-05T16:45:00+08:00
f62b0df8-36db-4194-81bf-1f77bd1b22ca,M-1200,SESS-20260805-8030-0104,RENTAL_REDEMPTION,-300,74,2026-08-05T15:30:00+08:00
311ecced-53d5-43bc-83e3-e42c1e698f9b,M-1200,SESS-20260805-8030-0104,RENTAL_ACCRUAL,9,83,2026-08-05T20:30:00+08:00
548207d9-f991-4c4e-8686-c1c558458a55,M-1331,SESS-20260805-2495-0105,RENTAL_ACCRUAL,13,181,2026-08-05T10:30:00+08:00
d5176822-5aa5-4a6f-8a6e-de80ec2a870f,M-1716,SESS-20260805-7462-0106,RENTAL_REDEMPTION,-200,52,2026-08-05T19:25:00+08:00
3056bc5e-3fd9-4441-b79f-8bf51a3d80f7,M-1716,SESS-20260805-7462-0106,RENTAL_ACCRUAL,14,66,2026-08-05T21:25:00+08:00
7647a69a-889d-4bf1-8d63-99dd6bbc53e8,M-1294,SESS-20260805-2013-0107,RENTAL_ACCRUAL,27,125,2026-08-05T17:15:00+08:00
16b0bea2-292a-499e-88fd-24ac78dab078,M-1027,SESS-20260805-1086-0108,RENTAL_REDEMPTION,-100,327,2026-08-05T14:30:00+08:00
2c11b539-554d-4d7d-b2d8-9f785eef0991,M-1027,SESS-20260805-1086-0108,RENTAL_ACCRUAL,5,332,2026-08-05T16:30:00+08:00
b3a9cf20-d50d-4fc5-93c1-3a2a64434316,M-1184,SESS-20260805-1855-0109,RENTAL_ACCRUAL,30,792,2026-08-05T21:15:00+08:00
3d52e3c1-4da7-4fa5-99ec-ea6ac08203af,M-1455,SESS-20260805-1018-0110,RENTAL_ACCRUAL,11,645,2026-08-05T19:15:00+08:00
80676c94-8d40-4a17-ae5b-8f16260e2a22,M-1544,SESS-20260805-1367-0111,RENTAL_ACCRUAL,45,227,2026-08-06T05:45:00+08:00
ae295fca-1c59-44ec-ab43-e2a4b39d4733,M-1087,SESS-20260805-1331-0112,RENTAL_REDEMPTION,-100,956,2026-08-05T17:50:00+08:00
58025148-4cb2-49f1-b26a-e8091d8a96f6,M-1087,SESS-20260805-1331-0112,RENTAL_ACCRUAL,4,960,2026-08-05T19:50:00+08:00
a0e30f81-4ba0-4cfe-84a6-e0eaa2f113b2,M-1457,SESS-20260805-8645-0113,RENTAL_ACCRUAL,40,609,2026-08-05T19:15:00+08:00
0f8b9811-8551-43f6-bbcb-56a8f0f56be7,M-1579,SESS-20260805-1962-0114,RENTAL_ACCRUAL,43,2602,2026-08-06T01:45:00+08:00
8a5eb3eb-1dfe-4d16-8290-7d1919ed0ce0,M-1263,SESS-20260805-1137-0115,RENTAL_ACCRUAL,40,495,2026-08-06T00:35:00+08:00
c3bfaca4-5f01-4ec4-81f2-708e11af56d7,M-1505,SESS-20260805-2986-0116,RENTAL_ACCRUAL,28,197,2026-08-05T20:15:00+08:00
0c091096-981f-4555-971b-47097be0f54d,M-1095,SESS-20260805-5547-0117,RENTAL_ACCRUAL,5,235,2026-08-05T19:45:00+08:00
f9ef81e9-a73b-492f-a7f1-407c8149adc3,M-1940,SESS-20260805-7863-0118,RENTAL_ACCRUAL,24,147,2026-08-05T23:30:00+08:00
62705ab6-2924-4cea-9810-b53c61b44309,M-1876,SESS-20260805-6586-0119,RENTAL_ACCRUAL,15,116,2026-08-05T10:40:00+08:00
0368c014-b10d-408e-a658-5c68f262d4f0,M-1065,SESS-20260805-4752-0120,RENTAL_REDEMPTION,-100,565,2026-08-05T16:15:00+08:00
5530db19-fcfd-4438-a73d-ee33e16184ec,M-1065,SESS-20260805-4752-0120,RENTAL_ACCRUAL,4,569,2026-08-05T18:15:00+08:00
03060fad-cef1-4a66-94f4-512f1961879c,M-1759,SESS-20260805-8415-0121,RENTAL_REDEMPTION,-100,40,2026-08-05T19:45:00+08:00
2ec67813-30d1-4eff-b12a-ac19b6eae97d,M-1759,SESS-20260805-8415-0121,RENTAL_ACCRUAL,5,45,2026-08-05T21:45:00+08:00
91ebab94-4b98-4d2d-8108-e5adf3c02cc0,M-2142,SESS-20260805-7994-0122,RENTAL_ACCRUAL,60,193,2026-08-06T04:40:00+08:00
97cd52a4-8392-4545-87ac-66bbf9976e0f,M-2142,TIER_UPGRADE_Standard_TO_Silver,TIER_BONUS,50,243,2026-08-06T04:40:00+08:00
f4e4ca37-4715-4a51-9a9a-3dc8fedba58f,M-1054,SESS-20260805-3767-0123,RENTAL_ACCRUAL,16,194,2026-08-05T22:55:00+08:00
7c1023b6-57c8-4e66-a3e3-9360b8557aa6,M-1170,SESS-20260805-3472-0124,RENTAL_ACCRUAL,45,176,2026-08-05T22:15:00+08:00
c60c9f37-5202-4a4d-bf9d-111aec7e43d4,M-1463,SESS-20260805-2513-0125,RENTAL_ACCRUAL,30,3829,2026-08-05T23:30:00+08:00
0aa0b07b-6999-4fe6-838c-420a6d3da931,M-1296,SESS-20260805-2233-0126,RENTAL_ACCRUAL,6,1030,2026-08-06T00:20:00+08:00
46e821fb-6055-488d-8121-2686bfd97d0c,M-1884,SESS-20260805-9405-0127,RENTAL_ACCRUAL,10,72,2026-08-05T23:55:00+08:00
844415fe-a099-4d9c-bd11-65aa25840411,M-1218,SESS-20260805-4184-0128,RENTAL_ACCRUAL,5,82,2026-08-05T20:45:00+08:00
d6ee6efa-9c5c-4feb-9544-cb132656093c,M-1785,SESS-20260805-8727-0129,RENTAL_ACCRUAL,40,70,2026-08-05T21:15:00+08:00
4d680459-063d-429b-8833-d010ce0dc81d,M-1659,SESS-20260805-4914-0130,RENTAL_ACCRUAL,5,398,2026-08-05T19:15:00+08:00
99fd15d3-136f-4914-b071-5394ae4157bd,M-1521,SESS-20260805-8694-0131,RENTAL_ACCRUAL,18,471,2026-08-05T18:15:00+08:00
114bbd2e-9a4a-453b-8581-f9a9ba25e4c2,M-1344,SESS-20260805-5696-0132,RENTAL_ACCRUAL,45,452,2026-08-06T05:30:00+08:00
91a97376-cac2-4346-920b-4a5bb92586f9,M-1153,SESS-20260805-1921-0133,RENTAL_ACCRUAL,67,201,2026-08-06T02:30:00+08:00
168d2656-e0de-4c18-8193-052fa4a3128e,M-1575,SESS-20260805-8585-0134,RENTAL_ACCRUAL,16,76,2026-08-06T02:45:00+08:00
0f9a584b-f084-4123-997b-5ed8f997c688,M-1521,SESS-20260805-7958-0135,RENTAL_ACCRUAL,6,477,2026-08-05T23:15:00+08:00
a570bb2f-d0f8-4602-932f-cedd70ddf89a,M-2132,SESS-20260805-8153-0136,RENTAL_REDEMPTION,-100,26,2026-08-05T21:05:00+08:00
8c5e2de9-79b7-419f-80da-748b5f5f2d41,M-2132,SESS-20260805-8153-0136,RENTAL_ACCRUAL,10,36,2026-08-06T00:05:00+08:00
58ed3adb-912a-45c1-8e29-b2c8383d65d7,M-1082,SESS-20260805-4360-0137,RENTAL_ACCRUAL,72,360,2026-08-06T00:15:00+08:00
9e93dfaf-7608-4793-86e8-518c871e0968,M-1759,SESS-20260805-8005-0138,RENTAL_ACCRUAL,40,85,2026-08-06T02:45:00+08:00
9d3f74ec-beac-42a7-93c7-8afef0b717e4,M-1535,SESS-20260805-3972-0139,RENTAL_ACCRUAL,5,394,2026-08-05T22:55:00+08:00
56f2519f-7ffe-43dd-a8e9-e3105ed9c595,M-1253,SESS-20260805-1405-0140,RENTAL_ACCRUAL,28,105,2026-08-06T01:00:00+08:00
c09d9caf-ed05-4fc6-9e33-bf385e0c25d6,M-2035,SESS-20260805-8611-0141,RENTAL_ACCRUAL,16,165,2026-08-06T00:30:00+08:00
b6bb139d-4e82-4dbe-9bf8-c9b3ae72092c,M-1242,SESS-20260805-8702-0142,RENTAL_ACCRUAL,11,445,2026-08-06T01:30:00+08:00
2e7d4ff0-083e-496f-8892-46d7bf70c4b5,M-1713,SESS-20260805-8929-0143,RENTAL_REDEMPTION,-100,276,2026-08-05T19:00:00+08:00
45372703-de4e-471d-9aa5-b23c52c056cf,M-1713,SESS-20260805-8929-0143,RENTAL_ACCRUAL,5,281,2026-08-05T21:00:00+08:00
e0b06fb6-6e75-48a9-b819-e97abddfcc3b,M-1266,SESS-20260805-1323-0144,RENTAL_ACCRUAL,11,242,2026-08-05T16:45:00+08:00
5406d6a0-14a6-454e-ad3a-ca2c56d050f1,M-1584,SESS-20260805-5804-0145,RENTAL_ACCRUAL,72,211,2026-08-06T06:15:00+08:00
d829dc98-6971-49a3-8ff2-bf8541d5e3cd,M-1934,SESS-20260805-7187-0146,RENTAL_ACCRUAL,27,289,2026-08-05T20:00:00+08:00
b1db56df-7fb5-4c81-8b8c-0e36eb9db4f4,M-1198,SESS-20260805-5270-0147,RENTAL_REDEMPTION,-200,2351,2026-08-05T20:30:00+08:00
64b82eb2-4923-498d-ad22-82bd0a20e5a4,M-1198,SESS-20260805-5270-0147,RENTAL_ACCRUAL,3,2354,2026-08-05T23:30:00+08:00
cd95aaae-4259-41f3-8bc5-3e945dbf60e3,M-1251,SESS-20260805-7270-0148,RENTAL_ACCRUAL,18,162,2026-08-05T18:15:00+08:00
df7ab071-c340-4fe6-8734-d876a5ca345d,M-2070,SESS-20260805-6363-0149,RENTAL_ACCRUAL,10,248,2026-08-05T22:00:00+08:00
e234aa4e-7f36-40bf-9071-ab8546a2c99c,M-1646,SESS-20260805-2973-0150,RENTAL_REDEMPTION,-100,99,2026-08-05T23:00:00+08:00
02e00a1e-6db8-4e0b-bbf6-e06d81c42aaf,M-1646,SESS-20260805-2973-0150,RENTAL_ACCRUAL,21,120,2026-08-06T04:00:00+08:00
eede2570-8f95-44cf-8cd1-62e1ec70eeb8,M-2192,SESS-20260805-6713-0151,RENTAL_ACCRUAL,40,110,2026-08-06T01:50:00+08:00
59c55c59-6da2-42c4-b65a-47ad689d7848,M-1595,SESS-20260805-2101-0152,RENTAL_ACCRUAL,11,281,2026-08-06T01:30:00+08:00
f18cbe33-3bbf-4e45-8f0c-49cdad62e4e4,M-1074,SESS-20260805-9317-0153,RENTAL_ACCRUAL,11,421,2026-08-06T00:05:00+08:00
0ac5b597-c418-4bd5-9da8-704ed0717489,M-1541,SESS-20260805-5198-0154,RENTAL_ACCRUAL,18,241,2026-08-06T01:00:00+08:00
e4bdbb61-f39f-48cf-a918-006dbfa464af,M-1221,SESS-20260805-3040-0155,RENTAL_ACCRUAL,6,2023,2026-08-05T18:15:00+08:00
ead5e355-6541-4b60-b3d0-8b844bdc274b,M-1609,SESS-20260805-2339-0156,RENTAL_ACCRUAL,16,86,2026-08-05T16:00:00+08:00
1186ed21-f66d-45c6-87d0-ae634ebc629d,M-1580,SESS-20260805-1463-0157,RENTAL_ACCRUAL,16,727,2026-08-05T23:35:00+08:00
2793b8ff-59d2-4b06-9c4a-f4a68b0b1f45,M-1737,SESS-20260805-9416-0158,RENTAL_ACCRUAL,18,155,2026-08-05T11:45:00+08:00
0e29c7b0-01ed-4ccf-be63-961ebd11c2e1,M-1783,SESS-20260805-5510-0159,RENTAL_ACCRUAL,27,638,2026-08-05T18:55:00+08:00
5231f514-2197-4a33-a117-214037134add,M-1681,SESS-20260805-8793-0160,RENTAL_ACCRUAL,9,283,2026-08-05T22:30:00+08:00
be6b8f3f-4869-4167-bd7f-3c37e5f9bdaf,M-1051,SESS-20260805-4875-0161,RENTAL_ACCRUAL,12,195,2026-08-05T16:00:00+08:00
87ab32b7-bc8a-4dab-9296-9969adf5e49a,M-1292,SESS-20260805-2167-0162,RENTAL_ACCRUAL,19,262,2026-08-06T00:35:00+08:00
a24f0471-db99-4008-87ea-c35e38b82411,M-1728,SESS-20260805-1213-0163,RENTAL_ACCRUAL,45,98,2026-08-06T07:35:00+08:00
11803d3d-275e-4990-8f9d-98f1e0283db6,M-1157,SESS-20260805-5811-0164,RENTAL_REDEMPTION,-200,157,2026-08-05T23:25:00+08:00
c2ca15e8-4245-4f97-9e96-62e9ef9e260d,M-1157,SESS-20260805-5811-0164,RENTAL_ACCRUAL,4,161,2026-08-06T02:25:00+08:00
6065eee7-7752-41bc-b610-2930472241f4,M-1260,SESS-20260805-6251-0165,RENTAL_ACCRUAL,19,187,2026-08-06T00:45:00+08:00
5b5a5b73-2982-465a-99fa-b50b9533b2a1,M-1480,SESS-20260805-1874-0166,RENTAL_ACCRUAL,16,313,2026-08-05T22:55:00+08:00
fa0f3b91-2fa7-4bfd-b546-564382b5e3c2,M-1424,SESS-20260805-4238-0167,RENTAL_ACCRUAL,27,77,2026-08-05T22:30:00+08:00
547c1224-a25c-431b-a726-57fa7b52dcbd,M-1151,SESS-20260805-2193-0168,RENTAL_ACCRUAL,27,126,2026-08-05T16:00:00+08:00
4b5ebf3f-a6ec-43dd-a877-f3f27359ca71,M-1970,SESS-20260805-9177-0169,RENTAL_ACCRUAL,5,33,2026-08-05T22:20:00+08:00
6715b142-394f-4d4f-a373-9e8194851fd6,M-1542,SESS-20260805-5519-0170,RENTAL_ACCRUAL,13,294,2026-08-05T06:30:00+08:00
a2b37383-3f7f-4b4d-9c62-9b197793afe4,M-1019,SESS-20260805-7646-0171,RENTAL_ACCRUAL,11,611,2026-08-05T18:05:00+08:00
f281a733-03f6-4bf3-9bd2-dda00db0982d,M-1678,SESS-20260805-5496-0172,RENTAL_REDEMPTION,-200,106,2026-08-05T17:15:00+08:00
da5f196c-aae0-41d8-99b7-57157ab93976,M-1678,SESS-20260805-5496-0172,RENTAL_ACCRUAL,3,109,2026-08-05T20:15:00+08:00
9a35506e-95e1-4505-8367-7d38bfc5b7b1,M-1189,SESS-20260805-8678-0173,RENTAL_ACCRUAL,28,262,2026-08-06T02:15:00+08:00
c9340cc9-6057-44ec-88f7-72789c306faf,M-1502,SESS-20260805-9824-0174,RENTAL_ACCRUAL,28,121,2026-08-06T01:15:00+08:00
a6aab3aa-25f1-46f2-9bb5-47de0fb47774,M-2031,SESS-20260805-5633-0175,RENTAL_ACCRUAL,40,81,2026-08-06T00:45:00+08:00
f0e875d7-9212-4f35-8e30-b2d189e32443,M-1109,SESS-20260805-2546-0176,RENTAL_ACCRUAL,27,476,2026-08-05T13:15:00+08:00
402638bd-7eb8-4efa-a33e-4764f737f81c,M-1395,SESS-20260805-6474-0177,RENTAL_ACCRUAL,27,152,2026-08-05T23:45:00+08:00
bde69657-642a-48ef-937a-127f2f693ee7,M-1764,SESS-20260805-2931-0178,RENTAL_ACCRUAL,27,400,2026-08-05T19:30:00+08:00
c9227f60-786d-4d99-a33d-39160d8c5328,M-1387,SESS-20260805-7555-0179,RENTAL_ACCRUAL,5,160,2026-08-05T23:00:00+08:00
8499ffa3-25aa-4789-b7d0-d8706e3a52df,M-1611,SESS-20260805-2096-0180,RENTAL_ACCRUAL,6,482,2026-08-05T15:00:00+08:00
7656e780-9fb6-4366-abf6-479efa8983ff,M-1333,SESS-20260805-8181-0181,RENTAL_ACCRUAL,27,95,2026-08-05T20:30:00+08:00
a67b1344-2e36-4355-9a0b-8c9809edd8f3,M-1181,SESS-20260805-9418-0182,RENTAL_ACCRUAL,16,349,2026-08-06T00:00:00+08:00
0f146e93-a9b3-4b25-8ac3-52e353e6fb21,M-1456,SESS-20260805-3093-0183,RENTAL_ACCRUAL,27,285,2026-08-06T01:50:00+08:00
ef23445b-34d4-4bd6-9513-68205aad9dd0,M-1170,SESS-20260805-1309-0184,RENTAL_REDEMPTION,-100,76,2026-08-05T23:35:00+08:00
a8284398-ea5c-41a0-9111-2288444197b1,M-1170,SESS-20260805-1309-0184,RENTAL_ACCRUAL,5,81,2026-08-06T01:35:00+08:00
a2c5b5cc-8cd3-4917-a4a3-4cb15e1d671d,M-1556,SESS-20260805-6742-0185,RENTAL_ACCRUAL,5,301,2026-08-05T18:30:00+08:00
bb401106-1879-457a-80ff-2627881a4efa,M-1590,SESS-20260805-8975-0186,RENTAL_ACCRUAL,27,168,2026-08-06T02:30:00+08:00
89b3adc2-5b67-40c4-9fca-2661c31144df,M-1375,SESS-20260805-3106-0187,RENTAL_ACCRUAL,16,119,2026-08-05T22:15:00+08:00
7e985c4d-34ec-4d40-8d57-4fad3bf8ef35,M-1026,SESS-20260805-8163-0188,RENTAL_REDEMPTION,-100,1493,2026-08-05T21:30:00+08:00
1c6b2341-46a4-46d3-a484-ff2ade16fd6c,M-1026,SESS-20260805-8163-0188,RENTAL_ACCRUAL,4,1497,2026-08-05T23:30:00+08:00
b58799eb-882b-44a4-ad5c-d4dcbebe209e,M-2016,SESS-20260805-9473-0189,RENTAL_ACCRUAL,24,225,2026-08-06T02:45:00+08:00
248c5fe5-6f91-4fbe-8b4f-6aa1d75e26ac,M-2016,TIER_UPGRADE_Standard_TO_Silver,TIER_BONUS,50,275,2026-08-06T02:45:00+08:00
fd9b38b2-590f-47d3-a7ca-641a976b831f,M-1108,SESS-20260805-8592-0190,RENTAL_REDEMPTION,-300,17,2026-08-05T14:55:00+08:00
10bcf03d-7c2d-4122-9a11-6b56bfadca86,M-1108,SESS-20260805-8592-0190,RENTAL_ACCRUAL,8,25,2026-08-05T17:55:00+08:00
2d11d6a2-c55c-4a11-89ff-44d03e06f06f,M-1377,SESS-20260805-5540-0191,RENTAL_REDEMPTION,-100,602,2026-08-05T21:20:00+08:00
c59329cc-0d63-4e34-a3e8-b8dfc96bc061,M-1377,SESS-20260805-5540-0191,RENTAL_ACCRUAL,5,607,2026-08-05T23:20:00+08:00
d0a4fe66-45c1-41ea-be87-ebcca15227de,M-1603,SESS-20260805-4384-0192,RENTAL_REDEMPTION,-100,73,2026-08-05T20:20:00+08:00
ed0eec19-9c8d-4a7e-9455-35ab669997e3,M-1603,SESS-20260805-4384-0192,RENTAL_ACCRUAL,20,93,2026-08-05T23:20:00+08:00
b3fc6193-5f65-42c8-92c2-12541ef8b1eb,M-1420,SESS-20260805-1392-0193,RENTAL_ACCRUAL,40,428,2026-08-06T02:25:00+08:00
1ea66461-7282-4102-bb7d-cb84a7556a58,M-1979,SESS-20260805-1907-0194,RENTAL_ACCRUAL,10,132,2026-08-05T22:30:00+08:00
59d9456b-79df-4862-bfbe-6f44b709ee86,M-1403,SESS-20260805-9408-0195,RENTAL_ACCRUAL,43,2558,2026-08-05T23:30:00+08:00
376da2f8-930a-429e-b4cc-46d27f21410e,M-1689,SESS-20260805-9564-0196,RENTAL_ACCRUAL,16,322,2026-08-05T22:30:00+08:00
7a39cd3f-3895-49a4-b9c2-62c7d7a78c26,M-1859,SESS-20260805-2611-0197,RENTAL_ACCRUAL,24,119,2026-08-06T01:00:00+08:00
b9376acc-6b57-4ba0-92b7-8c4075a3df08,M-2163,SESS-20260805-1908-0198,RENTAL_ACCRUAL,11,99,2026-08-05T21:00:00+08:00
939024d4-02a2-4d80-a9a3-274f2c8459ce,M-1437,SESS-20260805-4439-0199,RENTAL_ACCRUAL,45,290,2026-08-05T21:15:00+08:00
c2ca84a7-e316-4d46-a6b2-b152d2b6ded4,M-1977,SESS-20260805-3359-0200,RENTAL_ACCRUAL,11,259,2026-08-05T17:45:00+08:00
38b23bcb-dc90-45e3-9637-0172d1537057,M-1007,SESS-20260805-7924-0201,RENTAL_ACCRUAL,5,433,2026-08-06T00:40:00+08:00
98a9c127-3f4a-430b-9622-635b46ae78d4,M-1007,TIER_UPGRADE_Silver_TO_Gold,TIER_BONUS,100,533,2026-08-06T00:40:00+08:00
73984101-cf4f-435b-bcbf-2866289fe297,M-1126,SESS-20260805-9584-0202,RENTAL_ACCRUAL,16,174,2026-08-06T02:00:00+08:00
28ce45d4-8473-42ee-840a-a6bcf04aeb85,M-1807,SESS-20260805-7624-0203,RENTAL_ACCRUAL,5,177,2026-08-06T00:45:00+08:00
05abfc08-1680-4423-989b-4902163b48a7,M-2099,SESS-20260805-1217-0204,RENTAL_ACCRUAL,8,176,2026-08-05T14:00:00+08:00
f6fe59d9-cd94-4e76-9305-0bcc28eaf158,M-1298,SESS-20260805-4702-0205,RENTAL_REDEMPTION,-100,408,2026-08-05T16:30:00+08:00
c8b31278-bdef-40af-946c-256bc2ddf768,M-1298,SESS-20260805-4702-0205,RENTAL_ACCRUAL,5,413,2026-08-05T18:30:00+08:00
31982aa2-5974-49ea-a865-68b58d2d7846,M-1654,SESS-20260805-3735-0206,RENTAL_ACCRUAL,28,65,2026-08-06T02:15:00+08:00
ff88ccae-e976-4c78-871d-a08df0e34fd2,M-1358,SESS-20260805-1564-0207,RENTAL_ACCRUAL,16,256,2026-08-05T21:00:00+08:00
dd132d04-5277-47fa-89b0-9569bfb03591,M-1248,SESS-20260805-6997-0208,RENTAL_ACCRUAL,16,334,2026-08-05T19:45:00+08:00
18125165-0c3d-4e94-bf45-6afeb34b523e,M-1168,SESS-20260805-6752-0209,RENTAL_ACCRUAL,16,149,2026-08-05T21:35:00+08:00
64e84101-082a-41b9-a2bb-5cf94af3c5a3,M-1706,SESS-20260805-6680-0210,RENTAL_ACCRUAL,28,747,2026-08-06T02:00:00+08:00
945bd6ea-2c11-4732-917d-0b3a7bb6749f,M-2110,SESS-20260805-3620-0211,RENTAL_ACCRUAL,5,668,2026-08-06T00:10:00+08:00
c24bd597-f070-4207-9d2f-41b1caba6681,M-1003,SESS-20260805-6186-0212,RENTAL_ACCRUAL,16,237,2026-08-05T23:15:00+08:00
92364874-3791-41e2-a3e2-35aaafe2eae0,M-1277,SESS-20260805-7026-0213,RENTAL_REDEMPTION,-100,2644,2026-08-05T17:00:00+08:00
b5caea30-4c38-4b31-9992-00c150ae8212,M-1277,SESS-20260805-7026-0213,RENTAL_ACCRUAL,21,2665,2026-08-05T19:00:00+08:00
8ddada92-90aa-48b6-a5fd-e325bcdddb90,M-1827,SESS-20260805-1455-0214,RENTAL_ACCRUAL,18,358,2026-08-05T22:45:00+08:00
1b4ea4c1-c3a4-4ce1-8408-93032955a433,M-1627,SESS-20260805-2243-0215,RENTAL_ACCRUAL,11,501,2026-08-06T00:15:00+08:00
1fc37b7e-edcd-4715-9abb-3854c8556eb8,M-1012,SESS-20260805-3182-0216,RENTAL_ACCRUAL,27,422,2026-08-05T23:30:00+08:00
c74351d1-0e2e-4652-a08d-c78e224fa533,M-2115,SESS-20260805-5334-0217,RENTAL_ACCRUAL,40,194,2026-08-06T03:55:00+08:00
e87d3be4-32d8-41aa-b11d-5ec4fa301238,M-2062,SESS-20260805-4632-0218,RENTAL_ACCRUAL,10,183,2026-08-05T22:00:00+08:00
4aa279c7-a72d-42cb-9ae0-394eae1c3809,M-1835,SESS-20260805-9653-0219,RENTAL_REDEMPTION,-100,36,2026-08-05T18:15:00+08:00
363f084a-b476-4585-a4d7-a866299d2900,M-1835,SESS-20260805-9653-0219,RENTAL_ACCRUAL,20,56,2026-08-05T21:15:00+08:00
0ca85c8c-09f7-4c5e-81f6-712d043a96eb,M-1782,SESS-20260805-9252-0220,RENTAL_REDEMPTION,-100,84,2026-08-05T21:40:00+08:00
bbc8b370-2faf-48b8-aeba-bf12f8ad0b3e,M-1782,SESS-20260805-9252-0220,RENTAL_ACCRUAL,40,124,2026-08-06T05:40:00+08:00
a57fd3ec-ec1d-49db-8369-dd42fbe43be0,M-1589,SESS-20260805-8733-0221,RENTAL_ACCRUAL,16,105,2026-08-05T17:45:00+08:00
726f3cdf-dc5b-4a4b-a555-eb7e0c574b66,M-1670,SESS-20260805-1472-0222,RENTAL_ACCRUAL,45,273,2026-08-05T20:15:00+08:00
70ebf3b6-0536-4264-8920-7122ab2d4404,M-1777,SESS-20260805-6814-0223,RENTAL_ACCRUAL,18,215,2026-08-05T19:45:00+08:00
ec91b30f-f6ee-4305-b6b1-8d46b1dbe4cc,M-2172,SESS-20260805-7593-0224,RENTAL_ACCRUAL,8,160,2026-08-05T21:45:00+08:00
49a4a2e6-7446-4f2c-9a9a-817a7d5ba059,M-1043,SESS-20260805-9309-0225,RENTAL_ACCRUAL,28,942,2026-08-05T17:00:00+08:00
f73fe556-a478-4a3c-9f9f-47c5edd46838,M-1626,SESS-20260805-7607-0226,RENTAL_ACCRUAL,108,256,2026-08-06T03:15:00+08:00
637d8b3a-e6fb-4ed2-abe2-d040906f3459,M-1928,SESS-20260805-2475-0227,RENTAL_REDEMPTION,-200,20,2026-08-05T20:20:00+08:00
95faf4ab-0acb-47d8-bfc7-cace14fb5bfe,M-1788,SESS-20260805-7014-0228,RENTAL_ACCRUAL,16,430,2026-08-06T01:30:00+08:00
35858bf0-5d9c-47de-b4f5-015487abc63b,M-1481,SESS-20260805-2106-0229,RENTAL_ACCRUAL,11,202,2026-08-06T00:45:00+08:00
a9973336-dee1-4fb8-909f-c6a939277e42,M-1011,SESS-20260805-6069-0230,RENTAL_ACCRUAL,13,703,2026-08-05T20:00:00+08:00
f730bf2e-c7b2-4812-be19-5ebd7c250bfe,M-1760,SESS-20260805-9441-0231,RENTAL_ACCRUAL,27,284,2026-08-06T00:30:00+08:00
21ca1cfb-bbe1-4c65-a576-2ab15695397e,M-1864,SESS-20260805-4678-0232,RENTAL_ACCRUAL,27,367,2026-08-06T01:15:00+08:00
9bdf2853-fede-452c-9e9f-2ca0b3e38dbe,M-1593,SESS-20260805-6011-0233,RENTAL_ACCRUAL,11,168,2026-08-05T23:55:00+08:00
23df6808-b19a-4bd7-b252-3ddab2aa4593,M-1932,SESS-20260805-4970-0234,RENTAL_ACCRUAL,16,211,2026-08-05T11:30:00+08:00
8476f98d-45ac-4bfc-8eba-bd6016868019,M-1895,SESS-20260805-5618-0235,RENTAL_ACCRUAL,11,203,2026-08-05T15:00:00+08:00
0f247763-17ef-4e1e-ae66-49a7f230d832,M-1537,SESS-20260805-6262-0236,RENTAL_ACCRUAL,16,437,2026-08-06T02:25:00+08:00
e2a1d80f-c7c7-4cb3-8239-797f842327ff,M-1486,SESS-20260805-4428-0237,RENTAL_REDEMPTION,-100,29,2026-08-05T22:00:00+08:00
d9d9db13-ed86-409c-8c66-4f31ef38b788,M-1486,SESS-20260805-4428-0237,RENTAL_ACCRUAL,11,40,2026-08-06T00:00:00+08:00
91a23fda-1425-47f0-93fa-1fb5f9346ba7,M-1147,SESS-20260805-1676-0238,RENTAL_ACCRUAL,9,668,2026-08-05T23:25:00+08:00
fc0d2c9c-8feb-4872-a992-b4faec3a4098,M-1111,SESS-20260805-9366-0239,RENTAL_ACCRUAL,28,471,2026-08-06T03:20:00+08:00
cce9f9af-c9cb-4475-8ffb-7f2303f69f39,M-1236,SESS-20260805-7531-0240,RENTAL_REDEMPTION,-200,183,2026-08-05T15:30:00+08:00
7187a6b5-6d3d-42a1-a639-2fe23c5bc843,M-1236,SESS-20260805-7531-0240,RENTAL_ACCRUAL,5,188,2026-08-05T17:30:00+08:00
33e904ea-07c9-47e9-b36c-1fc79a81b305,M-1686,SESS-20260805-9122-0241,RENTAL_ACCRUAL,5,142,2026-08-05T22:20:00+08:00
2681bbad-cbe2-4b31-99de-9ec3a535b3de,M-1647,SESS-20260805-3101-0242,RENTAL_ACCRUAL,18,761,2026-08-05T22:45:00+08:00
9f259150-d8e2-408f-af4a-4719e5ca96cb,M-2194,SESS-20260805-8019-0243,RENTAL_ACCRUAL,16,61,2026-08-06T00:40:00+08:00
2916871d-dec1-4832-bdf1-d44744c41cd1,M-1520,SESS-20260805-3513-0244,RENTAL_ACCRUAL,18,856,2026-08-05T18:00:00+08:00
99d7f270-1cd1-4d2c-9305-7c8659e833ca,M-1897,SESS-20260805-4532-0245,RENTAL_ACCRUAL,13,111,2026-08-06T00:45:00+08:00
234a3aec-61c0-42b7-ba0e-013e55ea54bb,M-1397,SESS-20260805-4493-0246,RENTAL_REDEMPTION,-400,465,2026-08-05T22:15:00+08:00
1a78eaa9-a58d-4ef7-ac2e-1137b0317f10,M-1397,SESS-20260805-4493-0246,RENTAL_ACCRUAL,42,507,2026-08-06T03:15:00+08:00
a1e4afb7-9030-4f3b-af50-4a4eb4c6a1b2,M-2107,SESS-20260805-8896-0247,RENTAL_ACCRUAL,15,117,2026-08-06T02:35:00+08:00
15c6ef3d-b3e6-4e52-88d0-8cf5d591ce14,M-1136,SESS-20260805-8118-0248,RENTAL_ACCRUAL,18,90,2026-08-05T22:20:00+08:00
bca182f8-7b28-4963-b828-4675a1154fac,M-1299,SESS-20260805-6871-0249,RENTAL_ACCRUAL,5,469,2026-08-05T18:15:00+08:00
5ab38d3b-5600-4afa-8596-7ff2a3b65625,M-1998,SESS-20260805-6356-0250,RENTAL_REDEMPTION,-100,6,2026-08-05T13:45:00+08:00
efa4154f-03fe-48e4-b901-dc23f18cbd39,M-1998,SESS-20260805-6356-0250,RENTAL_ACCRUAL,11,17,2026-08-05T15:45:00+08:00
e55fdc56-46dc-4967-9b42-ee86e510a96c,M-1825,SESS-20260805-2720-0251,RENTAL_ACCRUAL,9,390,2026-08-05T23:30:00+08:00
db2bab8c-14a4-443d-9b88-78054506d434,M-1405,SESS-20260805-9544-0252,RENTAL_REDEMPTION,-100,217,2026-08-05T19:50:00+08:00
5882c593-e71f-42fc-ad6e-dcff9233a625,M-1405,SESS-20260805-9544-0252,RENTAL_ACCRUAL,11,228,2026-08-05T21:50:00+08:00
35529daf-8082-41d1-b537-ba3458daed64,M-1114,SESS-20260805-2387-0253,RENTAL_REDEMPTION,-200,156,2026-08-05T19:20:00+08:00
b68a2174-f01d-48f3-b296-bf597365cf31,M-1114,SESS-20260805-2387-0253,RENTAL_ACCRUAL,4,160,2026-08-05T22:20:00+08:00
9552caae-ae19-4717-85d3-f9cd19c12575,M-1042,SESS-20260805-1847-0254,RENTAL_ACCRUAL,11,324,2026-08-05T19:50:00+08:00
f849f6f0-3012-42d9-8983-569141e9e105,M-1989,SESS-20260805-5618-0255,RENTAL_ACCRUAL,40,124,2026-08-05T22:30:00+08:00
e53b2172-1c01-4ee3-a6db-be7354f9a3c9,M-1778,SESS-20260805-6946-0256,RENTAL_ACCRUAL,5,162,2026-08-05T21:40:00+08:00
54a96ac7-1d21-4ee8-bba5-841ce33954b8,M-1636,SESS-20260805-6635-0257,RENTAL_ACCRUAL,12,1394,2026-08-05T20:30:00+08:00
ac434fbe-fd87-4357-9271-0d0e7ec01036,M-1663,SESS-20260805-4049-0258,RENTAL_ACCRUAL,16,222,2026-08-05T17:30:00+08:00
f386f0a9-fd41-44e0-b114-0e09160169b7,M-1615,SESS-20260805-3609-0259,RENTAL_ACCRUAL,11,548,2026-08-06T00:30:00+08:00
5059f0e9-e745-48f8-8e12-faf4f3266a3f,M-1352,SESS-20260805-2712-0260,RENTAL_ACCRUAL,5,187,2026-08-05T22:45:00+08:00
cb82d0b3-6939-4d3a-8726-fd820c103125,M-1240,SESS-20260805-4132-0261,RENTAL_ACCRUAL,6,239,2026-08-05T21:00:00+08:00
ccf64814-e1fb-4061-9a04-2ba6eed7e8d3,M-1451,SESS-20260805-5376-0262,RENTAL_ACCRUAL,5,301,2026-08-05T22:55:00+08:00
d14e1740-0533-43b4-80e3-dfdcdfe6340c,M-1318,SESS-20260805-1072-0263,RENTAL_REDEMPTION,-100,223,2026-08-05T10:45:00+08:00
e06f5ee8-b4a6-4be1-9d79-d8026070002c,M-1318,SESS-20260805-1072-0263,RENTAL_ACCRUAL,5,228,2026-08-05T12:45:00+08:00
b60954d3-2b4d-4ac9-a249-af695c7319ea,M-1932,SESS-20260805-5191-0264,RENTAL_ACCRUAL,40,251,2026-08-06T01:00:00+08:00
7ac98bdc-19fc-4380-b720-71acfeb7e128,M-1320,SESS-20260805-2556-0265,RENTAL_REDEMPTION,-100,1075,2026-08-05T02:45:00+08:00
2f4f4a6d-3a54-44c5-8573-ca66d514aff9,M-1320,SESS-20260805-2556-0265,RENTAL_ACCRUAL,10,1085,2026-08-05T05:45:00+08:00
8c990a1a-f991-4b60-9737-bede2e0d44ee,M-1226,SESS-20260805-2124-0266,RENTAL_ACCRUAL,18,1428,2026-08-06T01:10:00+08:00
d34e55ca-f177-4142-a149-584bf404b6a1,M-1606,SESS-20260805-1728-0267,RENTAL_ACCRUAL,30,901,2026-08-06T02:15:00+08:00
12eaa99f-d858-4e99-b1fc-13e58d404192,M-1556,SESS-20260805-7665-0268,RENTAL_ACCRUAL,45,346,2026-08-06T01:00:00+08:00
e9784c68-7a2a-4572-afb0-a5f722077760,M-1598,SESS-20260805-2212-0269,RENTAL_ACCRUAL,11,198,2026-08-06T00:15:00+08:00
df78683b-8282-4b80-862f-696c8c3787a2,M-1695,SESS-20260805-1695-0270,RENTAL_ACCRUAL,45,152,2026-08-06T06:50:00+08:00
cb942810-f3d3-40e5-b1c0-b0d509731055,M-1379,SESS-20260805-1750-0271,RENTAL_ACCRUAL,45,399,2026-08-06T06:15:00+08:00
fd76acd7-8900-4414-9f23-34e8e3a00d17,M-1423,SESS-20260805-8218-0272,RENTAL_ACCRUAL,40,493,2026-08-06T00:30:00+08:00
51ac5270-2fcd-49bc-8ce4-01e698b13e31,M-2065,SESS-20260805-7528-0273,RENTAL_ACCRUAL,25,195,2026-08-06T03:55:00+08:00
9c4e243e-c3cb-4006-916b-a063d2b9f5f0,M-2071,SESS-20260805-2264-0274,RENTAL_ACCRUAL,5,101,2026-08-05T21:45:00+08:00
00404657-75b6-4d3b-9647-a8d091eba9dc,M-1507,SESS-20260805-9150-0275,RENTAL_REDEMPTION,-100,24,2026-08-05T20:15:00+08:00
8bf3d2b1-74a8-438a-9a20-9fd8fea035ca,M-1507,SESS-20260805-9150-0275,RENTAL_ACCRUAL,20,44,2026-08-05T22:15:00+08:00
dbe496fb-65a1-42af-8a83-05e4345b45ab,M-1295,SESS-20260805-3491-0276,RENTAL_ACCRUAL,5,201,2026-08-05T22:20:00+08:00
416c4ea9-a0b0-4db5-9ed0-2482ed5f657f,M-1836,SESS-20260805-5525-0277,RENTAL_REDEMPTION,-100,524,2026-08-05T22:25:00+08:00
6c2b7622-4d7d-4506-a9b8-0072ec70eea0,M-1836,SESS-20260805-5525-0277,RENTAL_ACCRUAL,21,545,2026-08-06T03:25:00+08:00
6b1a6fa1-d48c-4a35-9c8a-6f5a744d7691,M-1408,SESS-20260805-8817-0278,RENTAL_REDEMPTION,-100,38,2026-08-05T22:30:00+08:00
9105b7bc-eefe-48aa-92e4-7ebef98176f2,M-1408,SESS-20260805-8817-0278,RENTAL_ACCRUAL,5,43,2026-08-06T00:30:00+08:00
309b95d8-278f-4327-b123-d43570f64088,M-1216,SESS-20260805-7672-0279,RENTAL_ACCRUAL,9,307,2026-08-05T21:00:00+08:00
786b1902-dbe2-4d26-8d88-d6ec9a7ea432,M-1979,SESS-20260805-7920-0280,RENTAL_ACCRUAL,60,192,2026-08-06T03:35:00+08:00
df2ea3be-0fa0-44fa-a8cb-0a4bb9c0bac2,M-1655,SESS-20260805-5961-0281,RENTAL_ACCRUAL,18,217,2026-08-05T20:05:00+08:00
8f7a4c18-6cda-4e4f-8308-bab36145cd61,M-1634,SESS-20260805-7329-0282,RENTAL_REDEMPTION,-100,72,2026-08-05T23:45:00+08:00
72a2ecff-f59b-452d-9dcd-4a70e8f53b7b,M-1634,SESS-20260805-7329-0282,RENTAL_ACCRUAL,10,82,2026-08-06T02:45:00+08:00
be90ca91-f68f-4ce5-85a8-b9694cf13c4f,M-1460,SESS-20260805-3798-0283,RENTAL_REDEMPTION,-200,98,2026-08-05T16:45:00+08:00
ac2ce9e2-370f-4694-b702-67d03491da0f,M-1460,SESS-20260805-3798-0283,RENTAL_ACCRUAL,14,112,2026-08-05T18:45:00+08:00
0769402c-5fec-498e-aa85-974bb63a8048,M-1199,SESS-20260805-5099-0284,RENTAL_ACCRUAL,5,124,2026-08-06T00:45:00+08:00
259239a0-38e6-4ff7-b4ad-a46516de53d3,M-1454,SESS-20260805-8450-0285,RENTAL_ACCRUAL,48,1626,2026-08-06T03:45:00+08:00
d7365a11-8b56-4f6f-9457-db754f8e6b0a,M-1809,SESS-20260805-6589-0286,RENTAL_REDEMPTION,-100,438,2026-08-05T23:15:00+08:00
c5101e4b-5c97-49ee-a6e9-8a0cca2d6c26,M-1809,SESS-20260805-6589-0286,RENTAL_ACCRUAL,6,444,2026-08-06T00:15:00+08:00
59f13bd8-21ef-4e99-b359-815ae7334834,M-1589,SESS-20260805-5171-0287,RENTAL_REDEMPTION,-100,5,2026-08-05T20:15:00+08:00
66f73ebc-642c-40d5-9152-935baaf258dc,M-1589,SESS-20260805-5171-0287,RENTAL_ACCRUAL,5,10,2026-08-05T22:15:00+08:00
900c1996-200c-4f48-a1a1-84fa4f76f57e,M-2056,SESS-20260805-9764-0288,RENTAL_ACCRUAL,5,161,2026-08-05T15:05:00+08:00
6c3e0349-4468-40e6-9db4-34bc781a06e9,M-1837,SESS-20260805-4097-0289,RENTAL_ACCRUAL,9,157,2026-08-05T22:50:00+08:00
5965e8db-d860-4fa6-844a-6cf7160ea067,M-1435,SESS-20260805-3040-0290,RENTAL_ACCRUAL,40,167,2026-08-06T01:30:00+08:00
681959a6-b2c6-4221-8777-470481f3736c,M-1127,SESS-20260805-8038-0291,RENTAL_REDEMPTION,-100,7,2026-08-05T20:30:00+08:00
d55a5639-2300-49e6-ac96-b7501e233e8e,M-1127,SESS-20260805-8038-0291,RENTAL_ACCRUAL,21,28,2026-08-06T01:30:00+08:00
d621a37e-d49e-4a95-b690-46999b3f5d29,M-1682,SESS-20260805-5874-0292,RENTAL_ACCRUAL,6,799,2026-08-05T19:45:00+08:00
75ce81d1-1c63-400b-be95-84b90c551cd8,M-1956,SESS-20260805-1527-0293,RENTAL_REDEMPTION,-200,41,2026-08-05T19:15:00+08:00
c67a57d4-931f-4ba6-94aa-78320274ef15,M-1956,SESS-20260805-1527-0293,RENTAL_ACCRUAL,59,100,2026-08-06T03:15:00+08:00
d083915e-0801-45ed-bbf7-b1b6cf8975a7,M-1237,SESS-20260805-8861-0294,RENTAL_ACCRUAL,27,299,2026-08-06T02:40:00+08:00
46273dc1-dbca-4257-b486-8c9aa4a18d2d,M-1461,SESS-20260805-7539-0295,RENTAL_ACCRUAL,5,104,2026-08-05T23:25:00+08:00
fabe8716-401b-4761-a502-3fa8335067a5,M-1100,SESS-20260805-4719-0296,RENTAL_REDEMPTION,-100,47,2026-08-05T23:05:00+08:00
97d9835e-6820-41aa-b442-50e53bf4039a,M-1100,SESS-20260805-4719-0296,RENTAL_ACCRUAL,5,52,2026-08-06T01:05:00+08:00
a555fbad-a3ef-4520-b670-e9197d6cba09,M-1644,SESS-20260805-5243-0297,RENTAL_ACCRUAL,18,223,2026-08-06T01:00:00+08:00
ef1e709e-01d7-48f6-b379-3f64aaf178a8,M-1559,SESS-20260805-1115-0298,RENTAL_REDEMPTION,-100,345,2026-08-05T18:45:00+08:00
4f52a50c-a086-4042-aeac-686162cd08f1,M-1559,SESS-20260805-1115-0298,RENTAL_ACCRUAL,5,350,2026-08-05T20:45:00+08:00
04fe39da-82da-4a7a-80ce-cb7fa5897ec8,M-1832,SESS-20260805-4701-0299,RENTAL_REDEMPTION,-100,123,2026-08-05T21:55:00+08:00
84a78714-e070-48e5-8772-74bc9721899b,M-1832,SESS-20260805-4701-0299,RENTAL_ACCRUAL,11,134,2026-08-05T23:55:00+08:00
76ed9dae-3061-4056-9d9e-7056aac286b2,M-1510,SESS-20260805-2884-0300,RENTAL_ACCRUAL,16,113,2026-08-06T01:35:00+08:00
09ca97d5-844e-4697-9622-6537812b0602,M-1465,SESS-20260805-3887-0301,RENTAL_REDEMPTION,-100,827,2026-08-05T21:15:00+08:00
c134f93f-fb47-43e4-9d6c-bf67ace29f95,M-1465,SESS-20260805-3887-0301,RENTAL_ACCRUAL,21,848,2026-08-06T00:15:00+08:00
18526c75-f4b3-4aae-b5d9-16f75587ee6b,M-1475,SESS-20260805-7757-0302,RENTAL_ACCRUAL,45,624,2026-08-06T01:30:00+08:00
f43689d3-93f3-43c0-9ec2-8bdb4a3801a1,M-1475,TIER_UPGRADE_Silver_TO_Gold,TIER_BONUS,100,724,2026-08-06T01:30:00+08:00
9fcdd44a-0676-4d18-b265-2d7e81898ab0,M-1044,SESS-20260805-5507-0303,RENTAL_ACCRUAL,12,486,2026-08-06T00:25:00+08:00
5a7ed9a5-2e49-419f-80f6-168cc925da8e,M-1078,SESS-20260805-8959-0304,RENTAL_ACCRUAL,11,643,2026-08-05T20:20:00+08:00
4e329829-e40e-452c-8d84-64d0710a86ca,M-1078,TIER_UPGRADE_Silver_TO_Gold,TIER_BONUS,100,743,2026-08-05T20:20:00+08:00
519c8990-4144-4bd3-a0a3-57550ac05819,M-1361,SESS-20260805-4744-0305,RENTAL_ACCRUAL,9,195,2026-08-06T00:15:00+08:00
65003832-e123-4045-8749-aff583ac982e,M-1582,SESS-20260805-6360-0306,RENTAL_ACCRUAL,5,439,2026-08-05T12:00:00+08:00
bbade9da-563d-4cbf-a9aa-d12780bd8add,M-1332,SESS-20260805-7873-0307,RENTAL_REDEMPTION,-100,243,2026-08-05T21:30:00+08:00
a71aaefb-9726-4f21-ae4c-eaf22fb16c83,M-1332,SESS-20260805-7873-0307,RENTAL_ACCRUAL,20,263,2026-08-06T00:30:00+08:00
f1b01d58-4d4a-468e-b981-ef0788048d49,M-1896,SESS-20260805-2688-0308,RENTAL_REDEMPTION,-100,164,2026-08-05T06:45:00+08:00
cd6f3c4c-5120-48fc-9977-7ff030907351,M-1469,SESS-20260805-2044-0309,RENTAL_ACCRUAL,28,364,2026-08-06T03:45:00+08:00
d7847296-fd3c-4e85-aa91-4eff0523e0ce,M-1998,SESS-20260805-9659-0310,RENTAL_ACCRUAL,11,28,2026-08-05T20:45:00+08:00
19cb4b4d-8b1e-47dd-9927-2d50dd95249f,M-1398,SESS-20260805-5099-0311,RENTAL_ACCRUAL,43,1406,2026-08-06T00:00:00+08:00
98c13d84-36e1-4af8-9ea1-affdcc14ef7f,M-1622,SESS-20260805-8783-0312,RENTAL_ACCRUAL,28,190,2026-08-06T02:10:00+08:00
32e00157-d367-449e-b7f2-87569326dd9f,M-1030,SESS-20260805-6227-0313,RENTAL_ACCRUAL,40,411,2026-08-05T21:45:00+08:00
b538d21b-96ae-478a-bef2-a792e388bd02,M-1801,SESS-20260805-7783-0314,RENTAL_ACCRUAL,11,184,2026-08-06T01:45:00+08:00
ef972edb-9961-4503-9dff-431a7ddaf9cd,M-1790,SESS-20260805-3054-0315,RENTAL_REDEMPTION,-100,159,2026-08-05T10:00:00+08:00
105b23a9-2087-4199-a64f-eabc975a3a15,M-1790,SESS-20260805-3054-0315,RENTAL_ACCRUAL,2,161,2026-08-05T11:00:00+08:00
e9db4a58-8862-49b5-b0cb-4e9cb023bd03,M-1960,SESS-20260805-9642-0316,RENTAL_ACCRUAL,15,150,2026-08-05T23:35:00+08:00
33609a1a-500b-4cfb-a1b1-4aa930a56683,M-1707,SESS-20260805-3318-0317,RENTAL_REDEMPTION,-200,682,2026-08-05T07:15:00+08:00
c5bb9d48-327d-4a7b-8937-d3c63b985d3e,M-1707,SESS-20260805-3318-0317,RENTAL_ACCRUAL,3,685,2026-08-05T10:15:00+08:00
27df24ae-9224-4a21-a410-689fa13ebb3a,M-1528,SESS-20260805-9768-0318,RENTAL_REDEMPTION,-100,67,2026-08-05T21:45:00+08:00
95f64705-38b6-4947-9c67-91af8feaf5d2,M-1528,SESS-20260805-9768-0318,RENTAL_ACCRUAL,11,78,2026-08-05T23:45:00+08:00
1da4cf38-ae7c-4be4-ad25-ccfe89a11f4e,M-1196,SESS-20260805-6894-0319,RENTAL_ACCRUAL,13,193,2026-08-05T14:15:00+08:00
b8dae790-f6b4-492e-ab99-3bf57c095dc7,M-1642,SESS-20260805-5262-0320,RENTAL_ACCRUAL,6,238,2026-08-05T18:40:00+08:00
314368b0-56f6-45e2-80b2-9a006ca98107,M-1327,SESS-20260805-6313-0321,RENTAL_REDEMPTION,-100,1979,2026-08-05T19:15:00+08:00
65a76203-6de5-4f2b-8a39-4365362001d6,M-1327,SESS-20260805-6313-0321,RENTAL_ACCRUAL,4,1983,2026-08-05T21:15:00+08:00
fc92ae0b-05e1-4fc4-b7e4-ba123208493a,M-1240,SESS-20260805-5149-0322,RENTAL_ACCRUAL,76,315,2026-08-06T07:30:00+08:00
25a5d7ed-89c0-4f3e-a036-fa709c0da64b,M-1277,SESS-20260805-6935-0323,RENTAL_ACCRUAL,6,2671,2026-08-05T21:45:00+08:00
c660adb0-34a7-4ccc-b8fb-fa9e3bf691f2,M-1036,SESS-20260805-9033-0324,RENTAL_ACCRUAL,16,218,2026-08-05T21:30:00+08:00
c968efbe-9dfd-409a-8e85-659bd2ca3caf,M-1618,SESS-20260805-8153-0325,RENTAL_REDEMPTION,-100,87,2026-08-05T10:15:00+08:00
7cfdfcf9-1e78-4e3c-94e0-9357abb13063,M-1618,SESS-20260805-8153-0325,RENTAL_ACCRUAL,5,92,2026-08-05T12:15:00+08:00
7c6b824d-eb06-45f2-828c-954bcae8e6ee,M-1630,SESS-20260805-2641-0326,RENTAL_ACCRUAL,28,569,2026-08-06T00:00:00+08:00
812b9d10-ebfa-4c34-860c-685b071c86e3,M-1067,SESS-20260805-3959-0327,RENTAL_REDEMPTION,-100,535,2026-08-05T21:45:00+08:00
dcd64bcf-eb31-4a7e-8a58-b57e2efc736c,M-1067,SESS-20260805-3959-0327,RENTAL_ACCRUAL,4,539,2026-08-05T23:45:00+08:00
9449d0ca-24ee-4de8-98aa-d6866fd915f7,M-1843,SESS-20260805-8020-0328,RENTAL_REDEMPTION,-200,28,2026-08-05T19:00:00+08:00
fa4d75a2-8434-445f-baa9-2b5b1da188c2,M-1588,SESS-20260805-4524-0329,RENTAL_ACCRUAL,9,1833,2026-08-05T23:30:00+08:00
93ef356b-c086-431a-8fee-85518711319f,M-1115,SESS-20260805-1798-0330,RENTAL_REDEMPTION,-200,3,2026-08-05T23:35:00+08:00
07fde972-3016-4ac3-9815-67220bfc5c59,M-1115,SESS-20260805-1798-0330,RENTAL_ACCRUAL,55,58,2026-08-06T04:35:00+08:00
da34de2f-f534-4ce4-8941-e86a28001618,M-1543,SESS-20260805-3505-0331,RENTAL_ACCRUAL,16,291,2026-08-05T23:50:00+08:00
20574d9f-8e87-4400-bf05-22a7f712246f,M-2038,SESS-20260805-6625-0332,RENTAL_ACCRUAL,13,183,2026-08-05T22:45:00+08:00
21928322-c42e-4a1e-a204-3ba054496015,M-1167,SESS-20260805-4374-0333,RENTAL_ACCRUAL,12,249,2026-08-06T01:05:00+08:00
16b9a691-f115-4eb8-ad21-35f506c446ed,M-1116,SESS-20260805-6868-0334,RENTAL_ACCRUAL,11,392,2026-08-05T17:15:00+08:00
f3660ecd-6f12-40e9-b3d2-e8c705a69b9f,M-1597,SESS-20260805-1344-0335,RENTAL_REDEMPTION,-100,23,2026-08-05T23:35:00+08:00
8e0908cd-303e-4551-b1c0-32a63807eb8b,M-1597,SESS-20260805-1344-0335,RENTAL_ACCRUAL,11,34,2026-08-06T01:35:00+08:00
160b205d-29f0-44f2-a47f-8c447c25d6db,M-1197,SESS-20260805-9513-0336,RENTAL_ACCRUAL,5,277,2026-08-05T22:15:00+08:00
e0e10402-b9aa-4eef-bcb0-d852d5298c52,M-1922,SESS-20260805-9519-0337,RENTAL_ACCRUAL,10,223,2026-08-05T21:30:00+08:00
63d2f043-4a01-40a9-9efe-0e40d9cc154e,M-1840,SESS-20260805-5492-0338,RENTAL_ACCRUAL,6,1515,2026-08-05T15:45:00+08:00
3f2528d0-bd01-457b-b56a-ae98984b33c6,M-1732,SESS-20260805-2622-0339,RENTAL_ACCRUAL,16,130,2026-08-06T00:35:00+08:00
a51d80e3-d471-43ad-b514-c03684e51fde,M-1700,SESS-20260805-9101-0340,RENTAL_ACCRUAL,16,386,2026-08-05T23:00:00+08:00
c1ffe35f-fb15-41ad-92cf-b86954df7bc2,M-1712,SESS-20260805-9442-0341,RENTAL_ACCRUAL,16,451,2026-08-05T18:15:00+08:00
9726dcaf-da8f-452b-b21e-791b8dcf9591,M-2072,SESS-20260805-4016-0342,RENTAL_REDEMPTION,-100,124,2026-08-05T23:35:00+08:00
e8d80b0d-bd23-4155-9e3b-4c0e861e5075,M-2072,SESS-20260805-4016-0342,RENTAL_ACCRUAL,35,159,2026-08-06T04:35:00+08:00
21d2152f-a7b6-40d5-8e70-40ffb45f4ef6,M-1249,SESS-20260805-8733-0343,RENTAL_ACCRUAL,11,66,2026-08-06T00:45:00+08:00
5b6d5cc9-39a9-4e48-8836-4d8f78c496cc,M-2169,SESS-20260805-6796-0344,RENTAL_REDEMPTION,-100,129,2026-08-05T21:30:00+08:00
723c7f27-5267-45d1-bfdf-e88abfb9cb57,M-2169,SESS-20260805-6796-0344,RENTAL_ACCRUAL,21,150,2026-08-06T02:30:00+08:00
32cd4f84-d5a6-49d7-bc4c-2f598fd8fbd1,M-1335,SESS-20260805-3494-0345,RENTAL_ACCRUAL,11,202,2026-08-06T00:00:00+08:00
fdfb0a1a-ea89-4a42-913b-5914f768aef8,M-1119,SESS-20260805-8377-0346,RENTAL_REDEMPTION,-100,328,2026-08-05T15:55:00+08:00
f0cd0689-20f8-4ee4-b61a-afc8f439a8ae,M-1119,SESS-20260805-8377-0346,RENTAL_ACCRUAL,2,330,2026-08-05T16:55:00+08:00
497254ed-cc67-492f-80e8-e805b825a757,M-2120,SESS-20260805-4476-0347,RENTAL_ACCRUAL,16,142,2026-08-05T22:00:00+08:00
54551d69-4021-4c7f-91c7-6fd93da7044b,M-1683,SESS-20260805-7822-0348,RENTAL_REDEMPTION,-100,1064,2026-08-05T21:00:00+08:00
7b0f4430-c6ba-4934-85a1-98113307df04,M-1683,SESS-20260805-7822-0348,RENTAL_ACCRUAL,11,1075,2026-08-05T23:00:00+08:00
213d0e6b-673c-4fb1-85f6-6132bc02b38d,M-1080,SESS-20260805-8550-0349,RENTAL_ACCRUAL,9,32,2026-08-05T17:45:00+08:00
7a2b73a3-ecbb-49c9-9182-4e77eaa5e207,M-2047,SESS-20260805-8953-0350,RENTAL_ACCRUAL,40,143,2026-08-06T03:50:00+08:00
60c971d0-b29d-4cc3-a26a-520cb46cfbef,M-1742,SESS-20260805-8804-0351,RENTAL_ACCRUAL,11,85,2026-08-06T01:05:00+08:00
1fc22411-b1fa-4757-9d79-85980e56d9db,M-2086,SESS-20260805-9289-0352,RENTAL_ACCRUAL,10,184,2026-08-06T01:30:00+08:00
da8d3683-3e32-4472-be8a-3588dd9abc31,M-1264,SESS-20260805-4178-0353,RENTAL_ACCRUAL,9,589,2026-08-05T14:15:00+08:00
03300fb6-f251-4f3b-8ea8-30aef08c6231,M-1680,SESS-20260805-8571-0354,RENTAL_REDEMPTION,-100,466,2026-08-05T22:30:00+08:00
89002b72-47f3-47c5-96b7-92ae56ad31a1,M-1680,SESS-20260805-8571-0354,RENTAL_ACCRUAL,5,471,2026-08-06T00:30:00+08:00
d34ea209-5e20-4ed1-be16-c66caf154ef8,M-1042,SESS-20260805-6636-0355,RENTAL_REDEMPTION,-100,224,2026-08-05T21:30:00+08:00
5ec46649-d02b-44b3-84ec-af8eeccc8129,M-1042,SESS-20260805-6636-0355,RENTAL_ACCRUAL,5,229,2026-08-05T23:30:00+08:00
2c6399b7-f6a7-44a7-999b-cee8eade6e79,M-1977,SESS-20260805-1470-0356,RENTAL_REDEMPTION,-100,159,2026-08-05T22:30:00+08:00
0773ae9b-d2fc-4729-892b-0306bf19dfd4,M-1977,SESS-20260805-1470-0356,RENTAL_ACCRUAL,11,170,2026-08-06T00:30:00+08:00
df9ecce4-2362-4ae3-a4ea-e389da95a327,M-1190,SESS-20260805-2703-0357,RENTAL_ACCRUAL,5,40,2026-08-06T00:55:00+08:00
94050681-3b7e-425a-a98e-90cf1328807e,M-1317,SESS-20260805-4223-0358,RENTAL_ACCRUAL,16,136,2026-08-06T00:55:00+08:00
5da07c72-480b-4ff0-9827-697a15d59315,M-1756,SESS-20260805-7375-0359,RENTAL_ACCRUAL,6,734,2026-08-05T15:00:00+08:00
c039e599-6d7f-430e-9ccc-944caf9692c5,M-1399,SESS-20260805-5481-0360,RENTAL_ACCRUAL,45,149,2026-08-06T04:45:00+08:00
7988831e-7e7a-4e43-ab26-12411c9d75db,M-1812,SESS-20260805-3454-0361,RENTAL_ACCRUAL,45,501,2026-08-06T06:30:00+08:00
ab899814-c509-44ec-b16d-6e12d9aada21,M-1415,SESS-20260805-7466-0362,RENTAL_ACCRUAL,6,1022,2026-08-05T18:00:00+08:00
bd0a2e74-cf89-4f1a-84cb-fcddbbcddf99,M-1662,SESS-20260805-6858-0363,RENTAL_ACCRUAL,16,319,2026-08-06T00:45:00+08:00
362e5f8c-086d-4367-a6c1-99ae4a43e635,M-1600,SESS-20260805-7236-0364,RENTAL_ACCRUAL,27,60,2026-08-05T22:15:00+08:00
be85af7c-2110-43a6-a095-e6c44a590e25,M-1151,SESS-20260805-9397-0365,RENTAL_ACCRUAL,11,137,2026-08-06T00:00:00+08:00
f46f2ec6-b446-4f7f-9407-b91dd41f9eb5,M-1103,SESS-20260805-1295-0366,RENTAL_ACCRUAL,27,71,2026-08-05T20:45:00+08:00
0628863c-5ba1-4a6f-b789-1807aaa55867,M-1607,SESS-20260805-2573-0367,RENTAL_ACCRUAL,16,265,2026-08-06T02:45:00+08:00
9226adcd-30fc-4e3f-9f5f-1d239bd3cb76,M-1442,SESS-20260805-2797-0368,RENTAL_ACCRUAL,18,426,2026-08-06T01:05:00+08:00
c73b2ccd-551b-45fd-96cb-50b96503e42b,M-1434,SESS-20260805-1094-0369,RENTAL_ACCRUAL,13,117,2026-08-05T23:30:00+08:00
0919ab0e-5cc3-4fb6-989a-9c5ca6ff00f5,M-1635,SESS-20260805-1769-0370,RENTAL_ACCRUAL,11,193,2026-08-05T22:50:00+08:00
b55d29ad-9ff5-4bb1-a1b9-28d0e437c8ed,M-1306,SESS-20260805-7284-0371,RENTAL_REDEMPTION,-100,427,2026-08-05T20:30:00+08:00
4698a682-b9d1-42c4-afeb-ab2b27c23e83,M-1306,SESS-20260805-7284-0371,RENTAL_ACCRUAL,5,432,2026-08-05T22:30:00+08:00
da0634f4-9556-46ee-af66-68fd651f208b,M-1369,SESS-20260805-3665-0372,RENTAL_ACCRUAL,28,379,2026-08-05T23:15:00+08:00
766e00d8-72d4-4bbe-aba5-d78bca7b8ab4,M-1616,SESS-20260805-9382-0373,RENTAL_ACCRUAL,28,418,2026-08-06T03:30:00+08:00
9699348d-5847-4b2b-a642-2e470a39802d,M-1193,SESS-20260805-5966-0374,RENTAL_ACCRUAL,18,525,2026-08-05T13:15:00+08:00
31df651f-b13c-481e-a1f2-b4c192f5fe8e,M-1076,SESS-20260805-7276-0375,RENTAL_ACCRUAL,67,101,2026-08-06T02:15:00+08:00
e0efe742-5267-499c-8a43-78bb87d529af,M-1692,SESS-20260805-4508-0376,RENTAL_ACCRUAL,28,2385,2026-08-05T21:15:00+08:00
5a5c3e26-c9dc-4ceb-abb6-314099756f3f,M-1947,SESS-20260805-4357-0377,RENTAL_ACCRUAL,28,86,2026-08-06T00:15:00+08:00
9b8a89f2-ae45-4a06-8e4b-ff2394bc857e,M-1523,SESS-20260805-5031-0378,RENTAL_REDEMPTION,-100,78,2026-08-05T20:00:00+08:00
af6891ed-121b-4c95-b116-577c559d02d6,M-1523,SESS-20260805-5031-0378,RENTAL_ACCRUAL,10,88,2026-08-05T23:00:00+08:00
98993f98-09cb-48a3-8ef0-7064b69bd506,M-1792,SESS-20260805-2202-0379,RENTAL_ACCRUAL,12,2160,2026-08-06T01:30:00+08:00
0c0376fb-dd38-40cd-be25-858b6b8973c7,M-2023,SESS-20260805-9221-0380,RENTAL_ACCRUAL,28,383,2026-08-06T02:10:00+08:00
4793ead8-4280-4c6f-8d3c-50b4d2472963,M-1152,SESS-20260805-1269-0381,RENTAL_ACCRUAL,18,115,2026-08-06T00:05:00+08:00
a5018fda-e26a-42f1-b5e3-88553c4f1b77,M-1145,SESS-20260805-8885-0382,RENTAL_ACCRUAL,48,342,2026-08-06T07:25:00+08:00
958dde4a-b184-4224-b10d-52a543168ef8,M-1795,SESS-20260805-4882-0383,RENTAL_REDEMPTION,-100,41,2026-08-05T20:35:00+08:00
62ede5f3-63c4-4747-8137-fab33fcd62c7,M-1795,SESS-20260805-4882-0383,RENTAL_ACCRUAL,38,79,2026-08-06T04:35:00+08:00
dbb87a5d-a695-4e6a-a79d-40d2672b8044,M-1757,SESS-20260805-5980-0384,RENTAL_REDEMPTION,-100,206,2026-08-05T22:40:00+08:00
6f19de73-94c5-409c-846b-8264524a3ce3,M-1757,SESS-20260805-5980-0384,RENTAL_ACCRUAL,5,211,2026-08-06T00:40:00+08:00
06ec182f-5707-44f3-b0e6-23a0b0a80ef5,M-1267,SESS-20260805-5216-0385,RENTAL_ACCRUAL,11,268,2026-08-06T01:05:00+08:00
8f3cdf73-65f6-4f23-9cbb-3f019ad7654e,M-1257,SESS-20260805-8084-0386,RENTAL_ACCRUAL,11,122,2026-08-06T01:45:00+08:00
857c2af2-a652-400e-9402-0d8270f3319a,M-1877,SESS-20260805-9486-0387,RENTAL_ACCRUAL,5,52,2026-08-05T18:25:00+08:00
82633a76-852d-4e3d-a03a-5c91a03765b7,M-1822,SESS-20260805-6181-0388,RENTAL_ACCRUAL,40,221,2026-08-06T01:45:00+08:00
c47b6e17-1930-49a4-aadb-bc46818c9390,M-1118,SESS-20260805-9737-0389,RENTAL_REDEMPTION,-300,13,2026-08-05T23:35:00+08:00
b20f4253-8f20-4045-91cb-aa2fb233576c,M-1118,SESS-20260805-9737-0389,RENTAL_ACCRUAL,9,22,2026-08-06T04:35:00+08:00
6a475ea8-7be5-4c99-b1a5-8c4799c507eb,M-1094,SESS-20260805-3287-0390,RENTAL_REDEMPTION,-100,411,2026-08-05T19:15:00+08:00
1e1e6871-776d-464c-9617-6941857d600b,M-1094,SESS-20260805-3287-0390,RENTAL_ACCRUAL,2,413,2026-08-05T20:15:00+08:00
56cc68b0-9828-45ab-bfcb-9c6a2c22f308,M-1050,SESS-20260805-9168-0391,RENTAL_ACCRUAL,28,192,2026-08-06T00:00:00+08:00
29d1d009-a484-4c58-add9-8127d63fe971,M-1247,SESS-20260805-1342-0392,RENTAL_ACCRUAL,18,2304,2026-08-06T01:15:00+08:00
ad5e614a-5590-493b-8a28-3af97ba197d5,M-1345,SESS-20260805-5184-0393,RENTAL_ACCRUAL,72,446,2026-08-06T05:00:00+08:00
71ad8719-8245-4fe9-b90a-627d43cb18cd,M-1762,SESS-20260805-3187-0394,RENTAL_REDEMPTION,-100,61,2026-08-05T20:45:00+08:00
053bc811-89cc-4e7c-ae19-6f7a72d98f86,M-1762,SESS-20260805-3187-0394,RENTAL_ACCRUAL,61,122,2026-08-06T01:45:00+08:00
32d28e0b-c9b9-42c8-94f3-c9f74eda4d15,M-1863,SESS-20260805-5526-0395,RENTAL_REDEMPTION,-100,71,2026-08-05T22:45:00+08:00
969bb6d0-a15e-4ce3-ba6b-638a83fce1ec,M-1863,SESS-20260805-5526-0395,RENTAL_ACCRUAL,3,74,2026-08-05T23:45:00+08:00
9808a92a-65ff-4fb7-ae6a-a3de3458b237,M-1740,SESS-20260805-8090-0396,RENTAL_ACCRUAL,9,2162,2026-08-05T21:10:00+08:00
ab19eed2-b868-43a6-aed7-628fdf0bc83c,M-1191,SESS-20260805-8644-0397,RENTAL_REDEMPTION,-200,8,2026-08-05T21:30:00+08:00
caba94d9-08f8-42bd-b5b7-bf6aa4f7daac,M-1191,SESS-20260805-8644-0397,RENTAL_ACCRUAL,15,23,2026-08-06T02:30:00+08:00
20a3036c-b4b9-47d9-ac9f-adcf5d1d1338,M-1720,SESS-20260805-9895-0398,RENTAL_ACCRUAL,11,544,2026-08-05T22:50:00+08:00
3e27da77-8af3-421f-bf1f-87b82a37f92f,M-1018,SESS-20260805-3356-0399,RENTAL_ACCRUAL,27,291,2026-08-06T02:30:00+08:00
33d785c8-48de-4b10-a787-77c5b9a03a35,M-1255,SESS-20260805-7537-0400,RENTAL_ACCRUAL,28,321,2026-08-06T01:30:00+08:00
9cc75eb9-17ac-43dc-8fa8-138ef97ab800,M-1605,SESS-20260805-5431-0401,RENTAL_REDEMPTION,-100,61,2026-08-05T23:50:00+08:00
77b75d8c-7792-4ef0-99b3-4190ae2a51fb,M-1605,SESS-20260805-5431-0401,RENTAL_ACCRUAL,11,72,2026-08-06T01:50:00+08:00
f3b5ebeb-ee8a-4e7c-b43c-edc641ae1c99,M-1432,SESS-20260805-4216-0402,RENTAL_ACCRUAL,19,3324,2026-08-06T01:55:00+08:00
218648f6-f2cb-46d7-9c03-ae76a68f81ef,M-1672,SESS-20260805-9778-0403,RENTAL_ACCRUAL,40,373,2026-08-05T22:00:00+08:00
beeb67b9-705f-403d-86f3-ed0268d8bdb3,M-1709,SESS-20260805-2452-0404,RENTAL_ACCRUAL,11,254,2026-08-05T20:40:00+08:00
804d9351-826f-4f82-8d23-3822737e6da2,M-1755,SESS-20260805-4734-0405,RENTAL_REDEMPTION,-200,14,2026-08-05T23:10:00+08:00
9417beb6-720a-4ac1-aae5-db4e6cf666fc,M-1755,SESS-20260805-4734-0405,RENTAL_ACCRUAL,5,19,2026-08-06T01:10:00+08:00
19dad169-59a9-4cb2-b47a-7bf590bfc831,M-1068,SESS-20260805-7536-0406,RENTAL_ACCRUAL,16,420,2026-08-06T02:30:00+08:00
dfd1f9dd-ea88-468b-a2c3-43979a24e944,M-2187,SESS-20260805-7608-0407,RENTAL_ACCRUAL,8,106,2026-08-05T22:20:00+08:00
bbd9d14f-bacc-4f38-8e62-28d674c933b0,M-1293,SESS-20260805-4348-0408,RENTAL_REDEMPTION,-100,315,2026-08-05T23:00:00+08:00
39811ccb-2416-490c-8f1c-c071711972a2,M-1293,SESS-20260805-4348-0408,RENTAL_ACCRUAL,5,320,2026-08-06T01:00:00+08:00
72ef5a89-87ab-4e2a-a1e6-03dcbd44dd7f,M-2166,SESS-20260805-5504-0409,RENTAL_ACCRUAL,24,137,2026-08-06T00:45:00+08:00
4e5d78d6-0f93-4e93-ad07-94b61bee36c0,M-2113,SESS-20260805-7959-0410,RENTAL_ACCRUAL,5,220,2026-08-05T22:50:00+08:00
4b06dd4a-87bb-465b-a5d2-28c8d5240947,M-1874,SESS-20260805-9145-0411,RENTAL_ACCRUAL,15,126,2026-08-05T11:15:00+08:00
bcc6c328-055c-447b-8c9b-4d21f6c4e685,M-1868,SESS-20260805-7474-0412,RENTAL_REDEMPTION,-100,2,2026-08-05T18:30:00+08:00
5c0984cd-62e9-4aea-ba71-bfceb28b1a1b,M-1868,SESS-20260805-7474-0412,RENTAL_ACCRUAL,10,12,2026-08-05T21:30:00+08:00
3e436c5e-8feb-4518-8051-b6bd9de6bfbf,M-1779,SESS-20260805-4969-0413,RENTAL_ACCRUAL,16,189,2026-08-05T18:15:00+08:00
79876949-083d-414e-a912-c8be2155cc86,M-1021,SESS-20260805-1900-0414,RENTAL_ACCRUAL,28,432,2026-08-05T18:00:00+08:00
2d2d6128-9588-4c85-95a9-6eb4b1e0d001,M-1583,SESS-20260805-3324-0415,RENTAL_ACCRUAL,5,167,2026-08-06T00:00:00+08:00
a2225bcf-da36-46cb-958f-c85161bb6490,M-1440,SESS-20260805-9715-0416,RENTAL_REDEMPTION,-100,184,2026-08-05T21:40:00+08:00
ca073568-6a01-4a59-ad5f-59118e288b98,M-1440,SESS-20260805-9715-0416,RENTAL_ACCRUAL,5,189,2026-08-05T23:40:00+08:00
985c63fd-4073-4798-8e4a-abc4a6c0d7c2,M-1588,SESS-20260805-8032-0417,RENTAL_ACCRUAL,28,1861,2026-08-06T01:35:00+08:00
ddb971a7-863e-48fe-8cd5-5877017fc6bc,M-1008,SESS-20260805-3730-0418,RENTAL_ACCRUAL,18,100,2026-08-05T20:05:00+08:00
5e7b88a2-0c37-42d1-8049-16393a534c4a,M-1364,SESS-20260805-1237-0419,RENTAL_ACCRUAL,19,981,2026-08-06T00:30:00+08:00
cc2b89c8-3f3e-4542-8b34-7d79dcc830ce,M-1038,SESS-20260805-4564-0420,RENTAL_ACCRUAL,9,62,2026-08-05T21:20:00+08:00
27f13b72-2aa2-49ec-8696-bcc42b781ef3,M-1122,SESS-20260805-3160-0421,RENTAL_ACCRUAL,5,82,2026-08-06T00:45:00+08:00
e6a65533-1ad7-44e1-8baa-dda167abdf7f,M-1776,SESS-20260805-7243-0422,RENTAL_ACCRUAL,5,150,2026-08-05T23:00:00+08:00
09ff44f2-a682-42ac-a755-edb39f319997,M-1793,SESS-20260805-2619-0423,RENTAL_ACCRUAL,18,1019,2026-08-06T02:05:00+08:00
6f3170f6-a948-4250-a0eb-76b71b1353e1,M-1352,SESS-20260805-4572-0424,RENTAL_ACCRUAL,11,198,2026-08-06T01:55:00+08:00
834b3b0d-2efc-43b0-b8b4-707448465a61,M-1488,SESS-20260805-5592-0425,RENTAL_ACCRUAL,27,927,2026-08-06T01:45:00+08:00
2b720bd0-c332-4f22-bd74-5ddd85bd6d82,M-2050,SESS-20260805-6312-0426,RENTAL_ACCRUAL,25,199,2026-08-06T00:05:00+08:00
910aab18-c8d0-4392-997e-bbe53922cb17,M-1756,SESS-20260805-6843-0427,RENTAL_ACCRUAL,9,743,2026-08-05T22:25:00+08:00
91d1010f-8ebf-4e77-9c3f-1533ff988b31,M-1613,SESS-20260805-5937-0428,RENTAL_ACCRUAL,12,586,2026-08-05T22:50:00+08:00
5bef9d0c-fb17-4dd7-b5d9-3b18af18d8f4,M-2160,SESS-20260805-9003-0429,RENTAL_ACCRUAL,10,92,2026-08-06T01:00:00+08:00
03f6d00d-af4f-4bd7-a74c-394c8e16b6b9,M-1965,SESS-20260805-3641-0430,RENTAL_REDEMPTION,-100,249,2026-08-05T14:30:00+08:00
9762d859-512c-4b6f-98d5-dbd81fd33a93,M-1965,SESS-20260805-3641-0430,RENTAL_ACCRUAL,2,251,2026-08-05T15:30:00+08:00
8cfb7b4b-c5ce-443a-98da-34cd045b8543,M-1972,SESS-20260805-6312-0431,RENTAL_ACCRUAL,5,50,2026-08-06T00:05:00+08:00
ac8fbcdc-aca9-4e3c-aaf8-e6b52658ee26,M-1004,SESS-20260805-3718-0432,RENTAL_ACCRUAL,18,73,2026-08-05T20:15:00+08:00
7371d16c-e8ae-4364-bffb-a72697d225da,M-1117,SESS-20260805-9560-0433,RENTAL_ACCRUAL,18,228,2026-08-06T00:40:00+08:00
b4613dd4-70b6-4db1-b5a0-116df46b72f6,M-1201,SESS-20260805-2527-0434,RENTAL_ACCRUAL,11,305,2026-08-06T00:15:00+08:00
0d011161-980e-4717-9fba-51723c9f803f,M-1450,SESS-20260805-6907-0435,RENTAL_ACCRUAL,16,276,2026-08-05T21:20:00+08:00
c2e28f20-1c39-4a42-a6d9-d06809607c1b,M-1754,SESS-20260805-8377-0436,RENTAL_ACCRUAL,27,241,2026-08-06T01:15:00+08:00
c16e0b06-4a38-452b-8e98-839a50fd06cd,M-1946,SESS-20260805-1079-0437,RENTAL_ACCRUAL,15,132,2026-08-06T00:35:00+08:00
72ec19b7-c5e0-45ed-8018-255594644431,M-1778,SESS-20260805-8052-0438,RENTAL_REDEMPTION,-100,62,2026-08-05T23:45:00+08:00
6b1e38bd-904f-4df0-9c4d-17c7bb549294,M-1778,SESS-20260805-8052-0438,RENTAL_ACCRUAL,38,100,2026-08-06T07:45:00+08:00
c8891d61-d9b3-4da7-82b5-39920e3297ed,M-2095,SESS-20260805-8470-0439,RENTAL_REDEMPTION,-100,30,2026-08-05T20:30:00+08:00
36eb0dd9-0173-45b1-a767-c5caefbd8174,M-2095,SESS-20260805-8470-0439,RENTAL_ACCRUAL,11,41,2026-08-05T22:30:00+08:00
744ec207-6c3f-48d9-bb28-eaf428f49223,M-1155,SESS-20260805-3121-0440,RENTAL_ACCRUAL,11,767,2026-08-06T00:20:00+08:00
23f21fe9-d88c-4d04-9294-c0a522b80de7,M-1482,SESS-20260805-9910-0441,RENTAL_ACCRUAL,45,287,2026-08-06T03:35:00+08:00
7f3b94a7-3c87-49d2-ba03-05a04388c9ff,M-1394,SESS-20260805-1424-0442,RENTAL_ACCRUAL,27,448,2026-08-06T02:30:00+08:00
239a56cd-95c2-46ec-b545-aefdcf95a069,M-2144,ORD-20260805-5491-0001,CONCESSION_ACCRUAL,16,57,2026-08-05T23:41:06+08:00
9a5b4d58-2472-431e-b673-39b45cc8e8d7,M-1510,ORD-20260805-9425-0002,CONCESSION_ACCRUAL,25,138,2026-08-05T22:49:23+08:00
78f9005c-8a08-4ea9-8c23-9d9e96dbdfbc,M-1543,ORD-20260805-4906-0003,CONCESSION_ACCRUAL,15,306,2026-08-05T21:42:27+08:00
deacfb54-4e07-4ba1-9cb7-2a4f244c832e,M-1168,ORD-20260805-1047-0004,CONCESSION_ACCRUAL,23,172,2026-08-05T19:36:31+08:00
1e29663a-08d2-430c-af89-2dc3f14f645f,M-2023,ORD-20260805-1362-0005,CONCESSION_ACCRUAL,15,398,2026-08-05T23:25:30+08:00
758cca9d-d2c2-4f73-a51c-ae110a095f8d,M-1932,ORD-20260805-8244-0006,CONCESSION_ACCRUAL,7,258,2026-08-05T10:16:57+08:00
83d9bd19-a4ac-4a8e-819e-1d3f1659994c,M-1946,ORD-20260805-6706-0007,CONCESSION_ACCRUAL,6,138,2026-08-05T15:56:54+08:00
045b220e-37c2-4bad-8671-79cb0930d444,M-2034,ORD-20260805-3774-0008,CONCESSION_ACCRUAL,19,134,2026-08-05T16:00:32+08:00
aff466a9-c6dc-46c4-b66b-ae2e521dfdef,M-1947,ORD-20260805-9672-0009,CONCESSION_ACCRUAL,41,127,2026-08-05T21:04:44+08:00
2c4f9968-f1c2-44a8-a6be-e50dde82709d,M-1335,ORD-20260805-2420-0010,CONCESSION_ACCRUAL,10,212,2026-08-05T23:41:09+08:00
315c26dc-f0e6-49cd-9ce9-305cd3801a59,M-1785,ORD-20260805-5482-0011,CONCESSION_ACCRUAL,11,81,2026-08-05T19:31:34+08:00
c2563131-6223-4c1f-b140-4a3aac0f9860,M-1528,ORD-20260805-9942-0012,CONCESSION_ACCRUAL,21,99,2026-08-05T23:37:38+08:00
a3c79c4a-ec96-4254-90e1-d0449a67fe65,M-1588,ORD-20260806-7162-0013,CONCESSION_ACCRUAL,32,1893,2026-08-06T00:38:16+08:00
fefa0b8d-cef5-439c-b4fd-62db4a366ea1,M-1790,ORD-20260805-7026-0014,CONCESSION_ACCRUAL,10,171,2026-08-05T10:30:04+08:00
7f0b859d-2830-4249-af62-f842a445922f,M-1621,ORD-20260805-6906-0015,CONCESSION_ACCRUAL,28,658,2026-08-05T23:49:09+08:00
0f2d7da4-47ee-4ddb-b2fb-925e4f8bccfa,M-1455,ORD-20260805-6454-0016,CONCESSION_ACCRUAL,11,656,2026-08-05T17:53:23+08:00
37fff393-1eb3-4066-8775-66539c4477f9,M-1681,ORD-20260805-6379-0017,CONCESSION_ACCRUAL,27,310,2026-08-05T21:53:21+08:00
171ea579-791a-422b-ad99-3e623bedac17,M-1137,ORD-20260805-8238-0018,CONCESSION_ACCRUAL,16,346,2026-08-05T15:41:49+08:00
8f219565-a56f-408a-9473-a1d369c8b876,M-1273,ORD-20260805-7843-0019,CONCESSION_ACCRUAL,30,910,2026-08-05T22:42:24+08:00
f01c2dd9-038c-43b1-9f49-319abeeb5357,M-1556,ORD-20260805-5353-0020,CONCESSION_ACCRUAL,23,369,2026-08-05T17:42:53+08:00
b1dfbb79-0fa1-48ac-be47-05784d0ebe4e,M-1044,ORD-20260806-7182-0021,CONCESSION_ACCRUAL,11,497,2026-08-06T00:12:01+08:00
696b856d-8b77-4c99-9759-1ce072c505e1,M-1266,ORD-20260805-9854-0022,CONCESSION_ACCRUAL,11,253,2026-08-05T16:22:27+08:00
b19d4795-6923-4b5f-8ed9-ce99f371cb0c,M-2187,ORD-20260805-7599-0023,CONCESSION_ACCRUAL,9,115,2026-08-05T17:43:30+08:00
8023eb1b-f464-442a-a23a-ce830f6de6f7,M-1930,ORD-20260805-4404-0024,CONCESSION_ACCRUAL,44,212,2026-08-05T21:37:49+08:00
6175c257-dd8e-486b-beb1-545c5808a73f,M-1103,ORD-20260805-2111-0025,CONCESSION_ACCRUAL,35,106,2026-08-05T18:12:16+08:00
76e6d659-80f7-44a9-a042-e25b67a4f174,M-2095,ORD-20260805-7892-0026,CONCESSION_ACCRUAL,6,47,2026-08-05T22:19:05+08:00
f1881644-2bc2-4ad2-b57f-54d261aece17,M-1816,ORD-20260806-7068-0027,CONCESSION_ACCRUAL,16,165,2026-08-06T03:38:31+08:00
243018bc-dc35-4ad4-8bfc-773ca9d82e23,M-1091,ORD-20260805-6396-0028,CONCESSION_ACCRUAL,11,213,2026-08-05T10:48:12+08:00
6b357016-5255-46f2-83fc-73c4b2941a31,M-1407,ORD-20260805-8857-0029,CONCESSION_ACCRUAL,35,585,2026-08-05T12:19:49+08:00
f5fae451-666e-4711-8d5b-5be17ff79f14,M-1597,ORD-20260806-1523-0030,CONCESSION_ACCRUAL,15,49,2026-08-06T01:21:22+08:00
2f6c4d6d-b492-4156-a24f-29470db70a11,M-1067,ORD-20260805-6402-0031,CONCESSION_ACCRUAL,12,551,2026-08-05T22:05:37+08:00
80f1cd4b-98b5-4158-a9b8-24372a14c2ef,M-2047,ORD-20260805-2422-0032,CONCESSION_ACCRUAL,7,150,2026-08-05T22:42:37+08:00
df7d7fcb-9450-4c65-bdc2-09504eee8552,M-1668,ORD-20260805-6627-0033,CONCESSION_ACCRUAL,9,128,2026-08-05T22:18:03+08:00
56a10c5e-6c3c-474c-b7a2-d6b121093887,M-1108,ORD-20260805-8312-0034,CONCESSION_ACCRUAL,26,51,2026-08-05T17:52:43+08:00
e7c8e025-8f84-49ec-a017-28e9d866aa72,M-1840,ORD-20260805-1559-0035,CONCESSION_ACCRUAL,21,1536,2026-08-05T15:14:17+08:00
5db4d47a-ad9b-4e9c-8cd4-0ab89fe91152,M-1345,ORD-20260805-8482-0036,CONCESSION_ACCRUAL,19,465,2026-08-05T22:08:44+08:00
e9508755-a4f3-479f-84e3-d23d23922ed4,M-1965,ORD-20260805-6197-0037,CONCESSION_ACCRUAL,8,259,2026-08-05T14:34:54+08:00
430bddf4-8cfb-47db-9656-f99786471600,M-1375,ORD-20260805-8717-0038,CONCESSION_ACCRUAL,10,129,2026-08-05T19:25:10+08:00
85429e99-8aca-4985-8b90-1ce04e626898,M-1897,ORD-20260806-2277-0039,CONCESSION_ACCRUAL,15,126,2026-08-06T00:37:30+08:00
5a48611f-863d-4cd8-bc81-f5dd8a85f98d,M-1095,ORD-20260805-9830-0040,CONCESSION_ACCRUAL,26,261,2026-08-05T19:01:09+08:00
caf4ec2a-281d-4b4a-861a-75676f2e1f5e,M-1323,ORD-20260805-1563-0041,CONCESSION_ACCRUAL,35,456,2026-08-05T20:01:26+08:00
f811d142-eb95-4729-8ea9-1bdc24f5ea6c,M-1631,ORD-20260805-2362-0042,CONCESSION_ACCRUAL,3,143,2026-08-05T23:01:57+08:00
300fdb7c-e36f-4abb-a8f7-f6215aed4f3d,M-1252,ORD-20260805-6611-0043,CONCESSION_ACCRUAL,13,163,2026-08-05T20:06:56+08:00
cdf81ae7-2fff-4e15-8dd5-7aed5205ac03,M-1358,ORD-20260805-3936-0044,CONCESSION_ACCRUAL,3,259,2026-08-05T19:06:19+08:00
00bf2156-8b3f-455a-ada0-40a2fb351774,M-1221,ORD-20260805-5205-0045,CONCESSION_ACCRUAL,20,2043,2026-08-05T17:27:40+08:00
128777bf-fd12-4c5d-92b5-d7266791fe0f,M-1622,ORD-20260805-6230-0046,CONCESSION_ACCRUAL,3,193,2026-08-05T21:59:53+08:00
bd9ce053-ba7b-405a-97ec-7344ba3080e3,M-1397,ORD-20260806-5476-0047,CONCESSION_ACCRUAL,4,511,2026-08-06T02:40:44+08:00
3b2431aa-ec78-45ce-8ae0-01222a0b1b3d,M-1422,ORD-20260805-8173-0048,CONCESSION_ACCRUAL,9,269,2026-08-05T05:17:30+08:00
3de818a2-cc30-45be-8812-4be10c9f64b0,M-1721,ORD-20260805-3105-0049,CONCESSION_ACCRUAL,15,312,2026-08-05T18:21:16+08:00
e29cced9-701b-4a5b-959f-7bf663171b6b,M-1190,ORD-20260805-1532-0050,CONCESSION_ACCRUAL,15,55,2026-08-05T23:55:34+08:00
d83175fb-dcd7-4a96-92c8-d77db4a2bd4d,M-1486,ORD-20260805-9353-0051,CONCESSION_ACCRUAL,27,67,2026-08-05T22:13:35+08:00
99b6a85a-ab5f-4977-9c1b-c54e1b2f8179,M-1411,ORD-20260805-8047-0052,CONCESSION_ACCRUAL,11,666,2026-08-05T20:47:39+08:00
8b7fbc69-a6a2-48e0-b763-b5aa7d243532,M-1424,ORD-20260805-7532-0053,CONCESSION_ACCRUAL,20,97,2026-08-05T22:11:08+08:00
24772d99-1a86-428f-a262-d1cc1889b013,M-1152,ORD-20260805-1888-0054,CONCESSION_ACCRUAL,10,125,2026-08-05T22:27:48+08:00
d66e21d0-b61b-41c0-9f78-c3e3fcc14500,M-1695,ORD-20260806-5427-0055,CONCESSION_ACCRUAL,7,159,2026-08-06T00:07:50+08:00
22d7ed86-7293-4813-baea-cc7fa7f40539,M-1556,ORD-20260806-1195-0056,CONCESSION_ACCRUAL,31,400,2026-08-06T00:54:09+08:00
ea4f21e7-c117-4e09-b688-163283167496,M-1214,ORD-20260805-9213-0057,CONCESSION_ACCRUAL,18,143,2026-08-05T19:01:22+08:00
c343b5df-30ad-40f8-bc52-ab90b108e314,M-1240,ORD-20260805-1943-0058,CONCESSION_ACCRUAL,13,328,2026-08-05T20:49:33+08:00
068c4112-d838-4335-9d8b-050b703dd58a,M-1597,ORD-20260805-1148-0059,CONCESSION_ACCRUAL,25,74,2026-08-05T11:31:03+08:00
12f5e6f8-12c4-48dc-b8a2-cb6ac05e1a39,M-1475,ORD-20260805-4707-0060,CONCESSION_ACCRUAL,45,769,2026-08-05T21:25:08+08:00
8ff8a74b-213d-4957-80f3-deef999465ae,M-1520,ORD-20260805-9207-0061,CONCESSION_ACCRUAL,13,869,2026-08-05T17:52:38+08:00
9365c72c-4d34-47de-b779-505ae74aa2cb,M-1659,ORD-20260805-2481-0062,CONCESSION_ACCRUAL,3,401,2026-08-05T18:33:15+08:00
56e50445-ef3e-4873-b15d-db9575daba02,M-1559,ORD-20260805-8263-0063,CONCESSION_ACCRUAL,16,366,2026-08-05T20:21:16+08:00
c3ae1ce0-c098-4a10-a9cf-38831f18e54e,M-1408,ORD-20260805-8179-0064,CONCESSION_ACCRUAL,13,56,2026-08-05T23:59:19+08:00
c5ca1af9-8fd1-4c61-bc43-553c5b3e2891,M-1593,ORD-20260805-7935-0065,CONCESSION_ACCRUAL,11,179,2026-08-05T22:52:11+08:00
eb0eaf80-2342-47cf-b6aa-a6b1ff2e8ea1,M-1116,ORD-20260805-9603-0066,CONCESSION_ACCRUAL,25,417,2026-08-05T15:26:28+08:00
58232be5-f93f-4c61-b747-83dea30caae9,M-1488,ORD-20260806-3094-0067,CONCESSION_ACCRUAL,24,951,2026-08-06T00:30:35+08:00
ffdf70f0-cbb5-46fd-b6ad-652bf60ac5a5,M-1011,ORD-20260805-4657-0068,CONCESSION_ACCRUAL,8,711,2026-08-05T19:10:05+08:00
75b4e07d-03c6-47e5-913e-ad469125bd5b,M-1928,ORD-20260805-7109-0069,CONCESSION_ACCRUAL,6,26,2026-08-05T20:50:32+08:00
0b29a417-2c98-47dd-94d8-daba1af9aa35,M-1394,ORD-20260806-5144-0070,CONCESSION_ACCRUAL,16,464,2026-08-06T01:23:25+08:00
61905064-8389-47a3-8fc1-b960afa7b42f,M-1634,ORD-20260806-2238-0071,CONCESSION_ACCRUAL,21,103,2026-08-06T02:04:17+08:00
a0d92f47-8e85-4a6a-ba5d-3aa6fbeaee6a,M-1979,ORD-20260805-9162-0072,CONCESSION_ACCRUAL,11,203,2026-08-05T21:03:03+08:00
0fd347e9-737a-481d-b1e4-c480f5f7157a,M-2035,ORD-20260806-9913-0073,CONCESSION_ACCRUAL,8,173,2026-08-06T00:09:00+08:00
149f4c30-cc51-4592-b9b4-99b27f125f0e,M-1613,ORD-20260805-2410-0074,CONCESSION_ACCRUAL,9,595,2026-08-05T22:46:50+08:00
c456d2ab-bd3c-4311-9f64-4b617a4504c3,M-1782,ORD-20260805-8131-0075,CONCESSION_ACCRUAL,55,179,2026-08-05T22:04:08+08:00
896cd9bf-e4bb-4134-9b05-14c5baee3f4b,M-1896,ORD-20260805-8686-0076,CONCESSION_ACCRUAL,16,180,2026-08-05T07:40:49+08:00
2ae25f7c-ed3c-47e6-b295-f5d1545a4284,M-1543,ORD-20260805-2950-0077,CONCESSION_ACCRUAL,22,328,2026-08-05T13:50:46+08:00
df5ad3bd-e430-4daf-a114-bb3b0fc3d192,M-1191,ORD-20260806-8091-0078,CONCESSION_ACCRUAL,3,26,2026-08-06T00:52:12+08:00
7c629e4a-6210-4114-a28d-28e35dbe6626,M-1299,ORD-20260805-6013-0079,CONCESSION_ACCRUAL,41,510,2026-08-05T17:38:41+08:00
3764818d-6057-438c-bb27-014e79428de0,M-1251,ORD-20260805-6689-0080,CONCESSION_ACCRUAL,40,202,2026-08-05T16:54:34+08:00
5790a9f7-2cb9-40b8-b11e-4b2c2341fd3d,M-1074,ORD-20260805-3229-0081,CONCESSION_ACCRUAL,15,436,2026-08-05T23:28:38+08:00
0a37895a-fd32-4aca-89d2-c83dc6fbf9de,M-1565,ORD-20260805-4208-0082,CONCESSION_ACCRUAL,4,641,2026-08-05T23:04:30+08:00
4a5d8cba-b772-4882-9ef6-fb37ce4e0179,M-1732,ORD-20260805-4129-0083,CONCESSION_ACCRUAL,7,137,2026-08-05T22:26:09+08:00
72f53a4a-2461-4520-92fc-e425b5a0a353,M-2065,ORD-20260806-2057-0084,CONCESSION_ACCRUAL,9,204,2026-08-06T03:44:08+08:00
a09d1508-f2c1-43f9-8cd0-e4eb8c3189c4,M-1078,ORD-20260805-9897-0085,CONCESSION_ACCRUAL,4,747,2026-08-05T19:46:43+08:00
b6676ee3-d10a-428e-b8ec-925f2f93add1,M-1807,ORD-20260806-1540-0086,CONCESSION_ACCRUAL,40,217,2026-08-06T00:24:41+08:00
9185fc6e-0dcf-409e-a33d-63a665dd356f,M-1946,ORD-20260805-6120-0087,CONCESSION_ACCRUAL,18,156,2026-08-05T21:37:02+08:00
4b2f9b4b-b812-4529-b962-75f3f5830ec1,M-1114,ORD-20260805-6133-0088,CONCESSION_ACCRUAL,8,168,2026-08-05T21:55:03+08:00
b50ad3db-f88d-4dae-b251-07567053cdf9,M-1620,ORD-20260805-2520-0089,CONCESSION_ACCRUAL,31,305,2026-08-05T20:59:07+08:00
5072ca6b-3660-4ab1-b956-77a4f1c8ed01,M-1742,ORD-20260805-1268-0090,CONCESSION_ACCRUAL,8,93,2026-08-05T23:17:18+08:00
debade99-f530-40c4-8144-0d10b6a6d6c9,M-1109,ORD-20260805-4251-0091,CONCESSION_ACCRUAL,15,491,2026-08-05T11:00:59+08:00
5f96e578-e2cc-4e5d-8fa6-9d1945efa198,M-1906,ORD-20260805-4458-0092,CONCESSION_ACCRUAL,6,33,2026-08-05T21:58:20+08:00
399dc61e-c5a1-414b-9a85-eaf7df1b8fd3,M-1877,ORD-20260805-7548-0093,CONCESSION_ACCRUAL,2,54,2026-08-05T17:34:16+08:00
6cd51dac-4236-424f-b997-dbb162251530,M-1050,ORD-20260805-7939-0094,CONCESSION_ACCRUAL,11,203,2026-08-05T23:52:52+08:00
5b76e569-014d-4a4b-8e90-fc2841b937b8,M-1589,ORD-20260805-1139-0095,CONCESSION_ACCRUAL,8,18,2026-08-05T21:36:15+08:00
35a3f0b5-3021-428b-ac49-ac3588283c69,M-1200,ORD-20260805-8421-0096,CONCESSION_ACCRUAL,15,98,2026-08-05T19:48:03+08:00
38319135-9587-4856-b063-6f1d9996f8ef,M-1932,ORD-20260805-6818-0097,CONCESSION_ACCRUAL,9,267,2026-08-05T23:53:01+08:00
49065f7d-7de7-40f0-92f6-730c23fb59a6,M-1480,ORD-20260805-1313-0098,CONCESSION_ACCRUAL,3,316,2026-08-05T22:33:07+08:00
cb723494-943c-4a01-a4e8-cfe528e452c2,M-1740,ORD-20260805-4007-0099,CONCESSION_ACCRUAL,9,2171,2026-08-05T20:40:45+08:00
a267516d-c4c4-43eb-949a-010fba6653c5,M-1737,ORD-20260805-4584-0100,CONCESSION_ACCRUAL,8,163,2026-08-05T10:17:41+08:00
871af63a-cf93-4827-ad86-fb0d65e1e809,M-1322,ORD-20260805-9939-0101,CONCESSION_ACCRUAL,31,308,2026-08-05T15:35:23+08:00
8d9bedbc-ae39-4416-aeda-cf6d5ae7506e,M-1607,ORD-20260806-8668-0102,CONCESSION_ACCRUAL,11,276,2026-08-06T02:11:53+08:00
67967a0d-6592-4e96-8b11-239383ace4ce,M-1242,ORD-20260805-7870-0103,CONCESSION_ACCRUAL,3,448,2026-08-05T23:34:26+08:00
e24e20d1-a9af-4a89-8587-67385f4320ac,M-1136,ORD-20260805-4105-0104,CONCESSION_ACCRUAL,11,101,2026-08-05T21:26:55+08:00
f5a74780-bd62-4d3f-86cf-108a3c0ca644,M-1655,ORD-20260805-1553-0105,CONCESSION_ACCRUAL,29,246,2026-08-05T19:11:15+08:00
06bd9b1a-b154-45ea-b3a2-e4521c9ef284,M-1256,ORD-20260805-9474-0106,CONCESSION_ACCRUAL,10,124,2026-08-05T22:35:21+08:00
535ddb73-88e2-48d6-85cc-d19ff8a0b25f,M-1201,ORD-20260805-2943-0107,CONCESSION_ACCRUAL,26,331,2026-08-05T23:54:27+08:00
31036c84-492d-4947-b0f8-26dd0f706a35,M-1306,ORD-20260805-7556-0108,CONCESSION_ACCRUAL,8,440,2026-08-05T21:20:50+08:00
360e753c-3395-4f08-af24-210d1da66c86,M-1094,ORD-20260805-8806-0109,CONCESSION_ACCRUAL,49,462,2026-08-05T19:34:55+08:00
af9bebf5-d3c3-44bd-8b56-f3457530adb3,M-1068,ORD-20260806-6932-0110,CONCESSION_ACCRUAL,27,447,2026-08-06T01:44:54+08:00
232b547f-fe10-4a9f-8c5a-76c1cb6e3774,M-1788,ORD-20260805-6858-0111,CONCESSION_ACCRUAL,11,441,2026-08-05T22:48:00+08:00
63dd721e-174d-4c11-8fc5-dbe3569b22bb,M-1760,ORD-20260805-5347-0112,CONCESSION_ACCRUAL,46,330,2026-08-05T21:51:11+08:00
b338b1ca-41de-4a91-a859-9fe704896f6f,M-1437,ORD-20260805-4766-0113,CONCESSION_ACCRUAL,3,293,2026-08-05T17:05:17+08:00
12bc79f5-feb1-44d8-a851-da7cc7771e94,M-1019,ORD-20260805-2882-0114,CONCESSION_ACCRUAL,16,627,2026-08-05T17:24:20+08:00
ddad1835-bcfb-46ba-bc86-1a3832b84b46,M-2128,ORD-20260805-8272-0115,CONCESSION_ACCRUAL,15,404,2026-08-05T15:34:03+08:00
841f6568-6eb5-4036-b863-f7ad09f1730c,M-2038,ORD-20260805-1267-0116,CONCESSION_ACCRUAL,3,186,2026-08-05T21:49:59+08:00
dcdbe026-f847-4c6b-8ac5-b18a67cc8eb2,M-1827,ORD-20260805-4859-0117,CONCESSION_ACCRUAL,11,369,2026-08-05T21:53:35+08:00
2c4300d6-fc6e-472d-826e-834338e383de,M-1523,ORD-20260805-8980-0118,CONCESSION_ACCRUAL,3,91,2026-08-05T22:45:48+08:00
f60ce394-7d42-4922-89ed-8a924dc54922,M-1706,ORD-20260806-4264-0119,CONCESSION_ACCRUAL,12,759,2026-08-06T00:35:15+08:00
d8ca5122-e6f6-43c3-9ee7-551a9d5f86d7,M-1837,ORD-20260805-4335-0120,CONCESSION_ACCRUAL,16,173,2026-08-05T21:51:49+08:00
580cc1fa-9265-4e47-afa5-7bc710c3fad6,M-1678,ORD-20260805-7685-0121,CONCESSION_ACCRUAL,9,118,2026-08-05T18:08:33+08:00
1cfefedd-e72e-4cfb-b077-9a8a875c32f7,M-1791,ORD-20260805-5990-0122,CONCESSION_ACCRUAL,11,308,2026-08-05T20:58:17+08:00
c5410a12-03b7-410d-b31e-880171a35ed6,M-1420,ORD-20260806-6112-0123,CONCESSION_ACCRUAL,23,451,2026-08-06T00:55:50+08:00
71fcf148-b643-4220-b4ee-c49f3dd729e3,M-2172,ORD-20260805-3762-0124,CONCESSION_ACCRUAL,13,173,2026-08-05T21:20:16+08:00
3caa0d71-5063-4893-8983-15e61b54f056,M-1604,ORD-20260805-9427-0125,CONCESSION_ACCRUAL,15,98,2026-08-05T18:02:59+08:00
cee5af1c-b6e5-43de-a0eb-8082d7fd16ba,M-1046,ORD-20260805-3660-0126,CONCESSION_ACCRUAL,3,785,2026-08-05T21:57:42+08:00
a95d61f9-9856-4dd2-8379-bec7942499fc,M-1657,ORD-20260805-3632-0127,CONCESSION_ACCRUAL,8,486,2026-08-05T20:53:47+08:00
adc24874-a4ac-4b45-a929-d8e07dfc8ce0,M-1542,ORD-20260805-7139-0128,CONCESSION_ACCRUAL,9,303,2026-08-05T06:05:17+08:00
b9aa7603-5bab-48f2-bb90-ec4e3af60da6,M-1042,ORD-20260805-4460-0129,CONCESSION_ACCRUAL,16,245,2026-08-05T18:44:10+08:00
f7672bd2-e7f6-4e63-97a3-f0f1c834664e,M-2160,ORD-20260806-3772-0130,CONCESSION_ACCRUAL,19,111,2026-08-06T00:23:56+08:00
6fc86486-ca27-42f0-a88b-a1e521a980cd,M-1482,ORD-20260806-3013-0131,CONCESSION_ACCRUAL,19,306,2026-08-06T01:15:32+08:00
0b6dc6c4-2b26-4d9d-89c9-0078085776c1,M-1463,ORD-20260805-2160-0132,CONCESSION_ACCRUAL,9,3838,2026-08-05T20:28:23+08:00
7f22afb9-030a-4279-91de-c5f93c4a4de5,M-1295,ORD-20260805-8093-0133,CONCESSION_ACCRUAL,11,212,2026-08-05T22:01:55+08:00
e15cee01-0a93-4242-bf47-4036733bb0d7,M-1570,ORD-20260805-6966-0134,CONCESSION_ACCRUAL,15,799,2026-08-05T14:03:41+08:00
8f1c1af5-94b0-4644-87b9-bca287bcf94d,M-1570,TIER_UPGRADE_Silver_TO_Gold,TIER_BONUS,100,899,2026-08-05T14:03:41+08:00
9d2c5d41-253b-4a15-9930-4fcccadff387,M-1236,ORD-20260805-7278-0135,CONCESSION_ACCRUAL,20,208,2026-08-05T16:20:01+08:00
4e815518-cb45-4557-a8a0-a1880f838be4,M-1355,ORD-20260805-7167-0136,CONCESSION_ACCRUAL,22,103,2026-08-05T22:55:58+08:00
5b40482a-e8bd-47de-9bee-4dc931449860,M-1636,ORD-20260805-1869-0137,CONCESSION_ACCRUAL,13,1407,2026-08-05T20:15:16+08:00
279adfaa-3049-45cd-a8e0-36c9d6e56385,M-1500,ORD-20260805-4069-0138,CONCESSION_ACCRUAL,44,142,2026-08-05T19:38:24+08:00
7454908f-3aad-4932-87a6-919a09253e6a,M-1874,ORD-20260805-1559-0139,CONCESSION_ACCRUAL,18,144,2026-08-05T08:54:27+08:00
dfe29b52-8745-4224-ae85-93a0ad152589,M-1147,ORD-20260805-4799-0140,CONCESSION_ACCRUAL,16,684,2026-08-05T22:36:50+08:00
ef0ed702-d66a-4471-9d14-dccc338cc2a9,M-1683,ORD-20260805-5970-0141,CONCESSION_ACCRUAL,13,1088,2026-08-05T22:31:30+08:00
5f1ad270-e6f0-455f-88aa-c4362c3858f0,M-1998,ORD-20260805-6512-0142,CONCESSION_ACCRUAL,16,44,2026-08-05T19:18:29+08:00
2dbd1bb2-b016-4b03-aa89-6112b0ecc62c,M-1614,ORD-20260805-6653-0143,CONCESSION_ACCRUAL,15,168,2026-08-05T23:02:28+08:00
cc148bfc-3551-42f8-bfca-26e2270979bf,M-1456,ORD-20260805-6292-0144,CONCESSION_ACCRUAL,9,294,2026-08-05T19:33:31+08:00
433e5dfa-8257-4a64-b205-f2421aa1b323,M-1859,ORD-20260805-7081-0145,CONCESSION_ACCRUAL,8,127,2026-08-05T23:19:41+08:00
da9f6847-d608-4ded-9936-da65d20153c5,M-1042,ORD-20260805-8157-0146,CONCESSION_ACCRUAL,10,255,2026-08-05T23:06:46+08:00
ee18db32-7484-4546-ab69-40f5be419b56,M-1940,ORD-20260805-9894-0147,CONCESSION_ACCRUAL,9,156,2026-08-05T22:47:16+08:00
8e363edc-d4bb-4a92-9f23-67802fa3bf78,M-1012,ORD-20260805-6974-0148,CONCESSION_ACCRUAL,8,430,2026-08-05T22:28:10+08:00
7d08aef4-c94a-4c05-adca-73f6c2de2d0b,M-1025,ORD-20260805-4756-0149,CONCESSION_ACCRUAL,3,128,2026-08-05T01:39:21+08:00
318d0b6d-c2cc-480a-bbe3-31c65836442f,M-1004,ORD-20260805-4991-0150,CONCESSION_ACCRUAL,25,98,2026-08-05T18:42:47+08:00
242d20c3-0b92-404f-82d2-004a8b9245a3,M-2070,ORD-20260805-2572-0151,CONCESSION_ACCRUAL,24,272,2026-08-05T21:14:16+08:00
cb5da907-90f4-42a3-bb80-d290d19c3ff8,M-1505,ORD-20260805-6463-0152,CONCESSION_ACCRUAL,18,215,2026-08-05T16:10:13+08:00
2a111f83-ef74-40a4-a5da-dfd1494b54b1,M-1076,ORD-20260805-4567-0153,CONCESSION_ACCRUAL,11,112,2026-08-05T23:29:11+08:00
d0efe5a1-7cdc-4d09-ac65-cd34e471c0de,M-1777,ORD-20260805-3224-0154,CONCESSION_ACCRUAL,56,271,2026-08-05T17:25:13+08:00
ebd99cf0-2840-4937-95c9-065890b73403,M-1374,ORD-20260805-5815-0155,CONCESSION_ACCRUAL,37,577,2026-08-05T08:45:36+08:00
f1889a87-9585-47e1-a50f-244d056759ea,M-1327,ORD-20260805-9168-0156,CONCESSION_ACCRUAL,13,1996,2026-08-05T20:11:28+08:00
e8d4fc85-4e1d-4370-9f1a-bc47e889e7da,M-1171,ORD-20260805-5131-0157,CONCESSION_ACCRUAL,33,103,2026-08-05T16:48:56+08:00
b2fc535f-4e08-4e2b-81c4-0d12fbf64da2,M-1448,ORD-20260805-6693-0158,CONCESSION_ACCRUAL,11,117,2026-08-05T20:53:48+08:00
d5ed6eb9-e418-4acd-80e3-c3cb7f6aad05,M-1344,ORD-20260806-6682-0159,CONCESSION_ACCRUAL,14,466,2026-08-06T02:49:04+08:00
6ded03bd-e011-4ef0-8487-26d4fa94d3d0,M-1111,ORD-20260806-3427-0160,CONCESSION_ACCRUAL,19,490,2026-08-06T00:49:40+08:00
b5309b2d-b142-4a92-b4b6-b532d8e15568,M-2064,ORD-20260805-9919-0161,CONCESSION_ACCRUAL,21,204,2026-08-05T23:21:37+08:00
f0fbf378-5283-471a-a2e0-4c9662835aee,M-1240,ORD-20260806-5123-0162,CONCESSION_ACCRUAL,9,337,2026-08-06T01:36:47+08:00
870c90eb-2737-4b14-aec9-598c88a907d6,M-1333,ORD-20260805-6293-0163,CONCESSION_ACCRUAL,33,128,2026-08-05T19:53:54+08:00
0678ef6d-0faf-4a43-a59b-074928c0cc5b,M-1977,ORD-20260805-1368-0164,CONCESSION_ACCRUAL,16,186,2026-08-05T17:10:59+08:00
1197fa55-dbbb-4c99-8a1b-8601c07266c2,M-1415,ORD-20260805-7870-0165,CONCESSION_ACCRUAL,13,1035,2026-08-05T17:07:30+08:00
90421e9b-3682-4080-a644-7a8ecf3e7fe1,M-1605,ORD-20260806-2823-0166,CONCESSION_ACCRUAL,19,91,2026-08-06T00:41:40+08:00
e020058b-0fa1-425a-a09f-5925d463fed4,M-1377,ORD-20260805-1141-0167,CONCESSION_ACCRUAL,8,615,2026-08-05T21:50:06+08:00
9dc77ac0-8606-4b18-b7ab-cda349e05582,M-1456,ORD-20260806-6524-0168,CONCESSION_ACCRUAL,26,320,2026-08-06T00:51:56+08:00
a9b236a1-3b73-440a-8db7-5d31a9b7827f,M-1051,ORD-20260805-5444-0169,CONCESSION_ACCRUAL,9,204,2026-08-05T15:21:25+08:00
9f13fc5f-8081-4cc4-909d-1dd4fa774fba,M-1494,ORD-20260805-5348-0170,CONCESSION_ACCRUAL,28,419,2026-08-05T17:02:09+08:00
77b5dca5-ce10-4bc1-8a7b-21988bcf7b2b,M-1654,ORD-20260806-9224-0171,CONCESSION_ACCRUAL,46,111,2026-08-06T00:15:52+08:00
c91e92b9-1e58-4fab-8cf3-dc4b43033539,M-2033,ORD-20260805-3258-0172,CONCESSION_ACCRUAL,15,190,2026-08-05T20:36:31+08:00
f5b51744-be6d-41cf-9add-40fcd1f0aefb,M-1419,ORD-20260805-3674-0173,CONCESSION_ACCRUAL,11,327,2026-08-05T20:03:22+08:00
750cc773-2c42-4c5c-a7b1-19f2fbca5bbd,M-1939,ORD-20260805-8699-0174,CONCESSION_ACCRUAL,6,80,2026-08-05T09:37:15+08:00
77393f9a-eae1-4740-8801-ce538ee6a990,M-1450,ORD-20260805-2524-0175,CONCESSION_ACCRUAL,31,307,2026-08-05T20:15:12+08:00
e26cf79e-14d2-4b02-ac88-924f6df7b2be,M-1167,ORD-20260806-1991-0176,CONCESSION_ACCRUAL,18,267,2026-08-06T00:17:43+08:00
614cac60-c54c-457e-bc16-de85a39f605d,M-1481,ORD-20260805-7936-0177,CONCESSION_ACCRUAL,11,213,2026-08-05T23:05:13+08:00
15fdffb2-dccd-4717-a059-960b0d79f19a,M-1036,ORD-20260805-4231-0178,CONCESSION_ACCRUAL,15,233,2026-08-05T18:57:38+08:00
c79ba37a-3dc5-4e5b-9af2-7d38975cf55e,M-1454,ORD-20260805-4640-0179,CONCESSION_ACCRUAL,19,1645,2026-08-05T18:40:48+08:00
2e542e80-2123-4404-a241-d745b65a95d3,M-1521,ORD-20260805-2119-0180,CONCESSION_ACCRUAL,9,486,2026-08-05T16:37:53+08:00
8ec4a086-5cb2-4bf4-85b5-2bf0d7221592,M-1126,ORD-20260806-6383-0181,CONCESSION_ACCRUAL,26,200,2026-08-06T01:38:08+08:00
758a5847-d764-400c-95ed-8e10698fd2fb,M-1277,ORD-20260805-6797-0182,CONCESSION_ACCRUAL,26,2697,2026-08-05T20:49:48+08:00
7fde3c25-e618-4e2d-804e-51b6baaf3c02,M-1395,ORD-20260805-2576-0183,CONCESSION_ACCRUAL,15,167,2026-08-05T23:22:26+08:00
97b6a120-9660-4f18-b3e2-6db8bd575339,M-1115,ORD-20260805-4714-0184,CONCESSION_ACCRUAL,11,69,2026-08-05T23:45:32+08:00
98319078-cf0b-480b-ab8b-5142d9c71b9a,M-1008,ORD-20260805-4335-0185,CONCESSION_ACCRUAL,3,103,2026-08-05T19:31:51+08:00
9dbc3b5b-8f48-47cd-b37a-3d2ea330a81c,M-1843,ORD-20260805-9372-0186,CONCESSION_ACCRUAL,13,41,2026-08-05T20:58:46+08:00
e622dcc0-356c-4fe2-9362-3434f40c1538,M-1843,TIER_UPGRADE_Standard_TO_Silver,TIER_BONUS,50,91,2026-08-05T20:58:46+08:00
ed51bc99-3fb9-405e-a79b-cf505ae8b614,M-1600,ORD-20260805-9758-0187,CONCESSION_ACCRUAL,20,80,2026-08-05T21:56:53+08:00
2cc9cd2c-8878-4f62-8706-9343c24944e0,M-2071,ORD-20260805-4431-0188,CONCESSION_ACCRUAL,44,145,2026-08-05T21:00:23+08:00
bc46711d-1a6e-41a7-8ba2-46912bdc580b,M-2115,ORD-20260806-8901-0189,CONCESSION_ACCRUAL,9,203,2026-08-06T03:37:53+08:00
0d5fd01a-dfc6-4a4c-a44f-60814b8ec89a,M-1127,ORD-20260805-8241-0190,CONCESSION_ACCRUAL,41,69,2026-08-05T23:34:10+08:00
4d2a6e5b-668a-4bd7-94fe-0d4cd68a5940,M-1644,ORD-20260806-6207-0191,CONCESSION_ACCRUAL,26,249,2026-08-06T00:19:33+08:00
d4947a27-8249-428d-be59-9b342a728c92,M-1895,ORD-20260805-5098-0192,CONCESSION_ACCRUAL,8,211,2026-08-05T13:05:41+08:00
8efc0454-2f78-4f8e-bd83-56930c3f2268,M-1122,ORD-20260805-7409-0193,CONCESSION_ACCRUAL,15,97,2026-08-05T23:55:32+08:00
189f5469-18dd-4004-acfc-18072e52998e,M-1170,ORD-20260805-9311-0194,CONCESSION_ACCRUAL,15,96,2026-08-05T19:43:15+08:00
34d5e545-e80f-42a8-94a1-05b4ca68cae2,M-2163,ORD-20260805-8047-0195,CONCESSION_ACCRUAL,25,124,2026-08-05T20:19:20+08:00
4a56e1e4-e607-48ed-b780-0dc5ddbc24e2,M-1249,ORD-20260805-4828-0196,CONCESSION_ACCRUAL,22,88,2026-08-05T19:59:28+08:00
04f03393-4b0d-49d0-86c4-482f47c3fe61,M-1396,ORD-20260805-3999-0197,CONCESSION_ACCRUAL,9,283,2026-08-05T16:56:29+08:00
6d283323-ac7d-4821-abab-f22ce0c2e02c,M-1646,ORD-20260805-7453-0198,CONCESSION_ACCRUAL,11,131,2026-08-05T23:26:13+08:00
48a3eac6-c450-4070-ab39-585bbea9cc49,M-1435,ORD-20260805-8847-0199,CONCESSION_ACCRUAL,18,185,2026-08-05T22:42:24+08:00
f371b40c-0dec-4ff0-93e9-b3af381fb94a,M-2132,ORD-20260805-9088-0200,CONCESSION_ACCRUAL,3,39,2026-08-05T23:33:15+08:00
7a897ed1-3b9c-4621-9e1c-7ccc394638de,M-1602,ORD-20260805-1915-0201,CONCESSION_ACCRUAL,9,630,2026-08-05T22:58:21+08:00
c4b11a1b-c5e1-4c4e-9400-ec4ac6865b1e,M-1117,ORD-20260806-9417-0202,CONCESSION_ACCRUAL,18,246,2026-08-06T00:22:16+08:00
f00022e2-3d00-48da-a5eb-d396634748de,M-1757,ORD-20260806-1290-0203,CONCESSION_ACCRUAL,8,219,2026-08-06T00:22:07+08:00
11fafbb4-2f3a-4954-85d3-c9e2fd11105a,M-2062,ORD-20260805-2648-0204,CONCESSION_ACCRUAL,6,189,2026-08-05T20:55:46+08:00
b1d9967c-ccf1-477e-ac8f-5c746d6b25f7,M-1065,ORD-20260805-8554-0205,CONCESSION_ACCRUAL,13,582,2026-08-05T17:14:28+08:00
b4f2d6b1-216f-4263-8a8d-2f0aa7616f44,M-1244,ORD-20260805-6537-0206,CONCESSION_ACCRUAL,20,300,2026-08-05T20:23:44+08:00
11edafcc-7861-4e3c-8c2c-b283b112313c,M-1776,ORD-20260805-7167-0207,CONCESSION_ACCRUAL,8,158,2026-08-05T15:15:15+08:00
dd7a37d9-95c9-48be-9372-d4373bfbcc76,M-1822,ORD-20260806-3232-0208,CONCESSION_ACCRUAL,8,229,2026-08-06T01:22:35+08:00
af6aa39d-d6be-4d93-99f6-32d73641feee,M-1609,ORD-20260805-5062-0209,CONCESSION_ACCRUAL,38,124,2026-08-05T15:56:08+08:00
d0d7f695-bbe0-44d6-b31d-5d776180f3a5,M-1934,ORD-20260805-4964-0210,CONCESSION_ACCRUAL,8,297,2026-08-05T18:44:41+08:00
e6a401cc-4517-4c91-8ab0-81b6bfc4e6be,M-2157,ORD-20260805-2573-0211,CONCESSION_ACCRUAL,3,78,2026-08-05T18:58:46+08:00
709f41df-029d-4f69-a89c-6c50ac65f204,M-1647,ORD-20260805-3750-0212,CONCESSION_ACCRUAL,3,764,2026-08-05T20:35:33+08:00
09393408-c8b0-4bd1-b129-8b391db78459,M-1189,ORD-20260805-8762-0213,CONCESSION_ACCRUAL,10,272,2026-08-05T23:15:41+08:00
22c0d574-a803-4181-9715-d0de088006d7,M-1379,ORD-20260806-7301-0214,CONCESSION_ACCRUAL,8,407,2026-08-06T03:19:09+08:00
2026b4b2-5e82-4b6c-8f2e-2d487159fc5a,M-1884,ORD-20260805-1176-0215,CONCESSION_ACCRUAL,12,84,2026-08-05T23:35:35+08:00
21ba4d94-97a0-4951-8dff-f5043d47ca81,M-1756,ORD-20260805-8660-0216,CONCESSION_ACCRUAL,9,752,2026-08-05T14:01:12+08:00
27991223-a4b1-4275-be45-cce617486518,M-1196,ORD-20260805-1302-0217,CONCESSION_ACCRUAL,11,204,2026-08-05T13:37:34+08:00
11567e61-9c0f-4ff1-a87c-51338057412f,M-1809,ORD-20260805-9384-0218,CONCESSION_ACCRUAL,18,462,2026-08-05T23:39:38+08:00
4743133b-97e8-488a-951f-5b48799d26d7,M-1812,ORD-20260806-2648-0219,CONCESSION_ACCRUAL,23,524,2026-08-06T01:48:43+08:00
5f7dc510-1f6d-4a45-9a7e-927ec1be8590,M-2107,ORD-20260806-6289-0220,CONCESSION_ACCRUAL,9,126,2026-08-06T00:37:55+08:00
2dc6b9f0-2c1e-443c-b72a-5dfcfd2ccdd7,M-1810,ORD-20260805-7347-0221,CONCESSION_ACCRUAL,23,73,2026-08-05T17:26:24+08:00
22bd1804-5551-4a00-9cc4-0e4d360644de,M-1237,ORD-20260806-2957-0222,CONCESSION_ACCRUAL,21,320,2026-08-06T01:47:55+08:00
4211cad9-3307-4f72-a593-6ce8f436cdf3,M-2056,ORD-20260805-6996-0223,CONCESSION_ACCRUAL,16,177,2026-08-05T14:12:28+08:00
cde62cb3-a35e-4a6d-afe8-e8be0cc0f73d,M-1350,ORD-20260805-6851-0224,CONCESSION_ACCRUAL,42,556,2026-08-05T18:14:04+08:00
a6e6c531-0622-4800-94c6-c611090f97a5,M-1062,ORD-20260805-1163-0225,CONCESSION_ACCRUAL,8,320,2026-08-05T19:18:18+08:00
da31cd4a-c4c0-49ed-a0e8-ed8467129083,M-1054,ORD-20260805-3110-0226,CONCESSION_ACCRUAL,30,224,2026-08-05T18:23:17+08:00
21926d52-4225-4a41-b81d-040f14e5efe9,M-1507,ORD-20260805-3266-0227,CONCESSION_ACCRUAL,15,59,2026-08-05T20:31:43+08:00
11417ea6-a323-4691-8e36-ed13491059dc,M-2050,ORD-20260805-1129-0228,CONCESSION_ACCRUAL,3,202,2026-08-05T22:08:22+08:00
69c8c2c7-2884-4ff8-afaa-bbf3b0c58301,M-1616,ORD-20260805-2265-0229,CONCESSION_ACCRUAL,10,428,2026-08-05T21:03:27+08:00
0f08a7aa-2f96-4af7-ab27-e9a97ab7c634,M-1442,ORD-20260805-5971-0230,CONCESSION_ACCRUAL,11,437,2026-08-05T23:28:34+08:00
11642939-8981-46c4-80fd-3460c335a42d,M-1603,ORD-20260805-7045-0231,CONCESSION_ACCRUAL,11,104,2026-08-05T20:58:39+08:00
4fa99cc0-ebb2-4f75-bd88-bf3f3f301e7b,M-1606,ORD-20260805-1056-0232,CONCESSION_ACCRUAL,38,939,2026-08-05T23:39:06+08:00
291a2708-8c12-4e5e-ba03-a97c5a423ddb,M-1461,ORD-20260805-4576-0233,CONCESSION_ACCRUAL,38,142,2026-08-05T22:54:21+08:00
7451c6b8-e228-4b69-aa18-9196d0d8cf97,M-1318,ORD-20260805-5262-0234,CONCESSION_ACCRUAL,27,255,2026-08-05T10:58:21+08:00
e11e9790-67f9-4276-a9ec-71660195c3df,M-1374,ORD-20260805-6779-0235,CONCESSION_ACCRUAL,8,585,2026-08-05T13:49:18+08:00
996a10f0-40ed-4c70-8a52-be06c21cdc39,M-1056,ORD-20260805-4820-0236,CONCESSION_ACCRUAL,16,102,2026-08-05T13:13:51+08:00
708b8f69-498d-42d7-9a28-0186ff0c6c66,M-1264,ORD-20260805-3926-0237,CONCESSION_ACCRUAL,11,600,2026-08-05T13:50:04+08:00
ad9b256a-6239-43b1-8a94-5363053b322a,M-1260,ORD-20260805-7821-0238,CONCESSION_ACCRUAL,27,214,2026-08-05T23:05:47+08:00
2246c095-4d2a-45a9-a86f-ed8d8f16320a,M-1868,ORD-20260805-6618-0239,CONCESSION_ACCRUAL,6,18,2026-08-05T20:58:21+08:00
34e4053b-afaf-49eb-95ad-19da50f90495,M-1863,ORD-20260805-5732-0240,CONCESSION_ACCRUAL,13,87,2026-08-05T23:00:03+08:00
1052f43d-d414-488a-94a4-4ad451f5e88e,M-1864,ORD-20260805-8476-0241,CONCESSION_ACCRUAL,15,382,2026-08-05T23:47:43+08:00
d56246ec-8140-41e3-90e7-d90e893b753b,M-1615,ORD-20260805-8095-0242,CONCESSION_ACCRUAL,45,593,2026-08-05T23:17:19+08:00
b7ebe447-b928-4f4d-bdbb-69894eac0b40,M-2059,ORD-20260806-2307-0243,CONCESSION_ACCRUAL,3,37,2026-08-06T01:11:07+08:00
03d506c1-5329-4fb7-ab78-e2cc067936fa,M-1544,ORD-20260806-6925-0244,CONCESSION_ACCRUAL,10,237,2026-08-06T01:40:45+08:00
ddbebd84-86ae-48e4-9fe7-883c58cbf73d,M-1361,ORD-20260805-4110-0245,CONCESSION_ACCRUAL,20,215,2026-08-05T23:51:04+08:00
dd0ecc97-870c-4968-a349-498bde7b59e5,M-1680,ORD-20260805-7292-0246,CONCESSION_ACCRUAL,11,482,2026-08-05T23:59:16+08:00
c5b969f0-b2b2-4258-927b-43620a5bb698,M-1764,ORD-20260805-2937-0247,CONCESSION_ACCRUAL,11,411,2026-08-05T17:47:31+08:00
62adc3a0-69a7-4ec2-b83c-982bba95a2ff,M-1806,ORD-20260805-7686-0248,CONCESSION_ACCRUAL,21,85,2026-08-05T13:59:36+08:00
e4332ea0-3776-4b38-8f7f-b319a00c32a9,M-2016,ORD-20260806-6085-0249,CONCESSION_ACCRUAL,8,283,2026-08-06T00:44:23+08:00
2db643e7-552b-441d-aaaf-3caeb569f618,M-1451,ORD-20260805-4731-0250,CONCESSION_ACCRUAL,15,316,2026-08-05T22:17:22+08:00
17e0027e-d785-4630-b201-13f7fc7fedcd,M-2099,ORD-20260805-2641-0251,CONCESSION_ACCRUAL,9,185,2026-08-05T13:33:34+08:00
82f77109-01a5-45a4-bf14-db041d582aa5,M-1824,ORD-20260805-6192-0252,CONCESSION_ACCRUAL,9,202,2026-08-05T18:31:07+08:00
06a9e5ad-d7c0-4630-9d5d-4d90eeb0a4f4,M-1778,ORD-20260806-1666-0253,CONCESSION_ACCRUAL,30,130,2026-08-06T04:17:14+08:00
6c213e5c-0080-4792-a379-0a35a4373539,M-1461,ORD-20260805-4024-0254,CONCESSION_ACCRUAL,26,168,2026-08-05T02:10:53+08:00
026a8178-62f5-48e2-bffd-7757dc02da06,M-1080,ORD-20260805-8444-0255,CONCESSION_ACCRUAL,10,42,2026-08-05T17:18:52+08:00
63035e56-fc60-4b01-9bc8-2a97e025a01e,M-1707,ORD-20260805-6496-0256,CONCESSION_ACCRUAL,30,715,2026-08-05T08:40:27+08:00
371aea0e-ab97-4974-bf5a-0b44aab6d2ff,M-1226,ORD-20260805-5065-0257,CONCESSION_ACCRUAL,13,1441,2026-08-05T22:13:21+08:00
401a2d6f-dd8a-4b87-b575-258ad97a2202,M-1037,ORD-20260805-9212-0258,CONCESSION_ACCRUAL,27,682,2026-08-05T11:32:00+08:00
9cbab260-dbfb-412e-9c6a-f4be33865d92,M-1021,ORD-20260805-7619-0259,CONCESSION_ACCRUAL,20,452,2026-08-05T10:44:00+08:00
85bc03e8-787f-4413-9e2f-56d685c23471,M-1365,ORD-20260805-3265-0260,CONCESSION_ACCRUAL,13,164,2026-08-05T17:45:00+08:00
f40f6bd8-4cd4-48c8-a70a-fcc597f95f3a,M-1217,ORD-20260805-7865-0261,CONCESSION_ACCRUAL,19,135,2026-08-05T19:36:00+08:00
dcc80af6-dc82-458d-abdb-355b2a684a1e,M-1113,ORD-20260805-2115-0262,CONCESSION_ACCRUAL,17,703,2026-08-05T15:19:00+08:00
a35573f9-ad95-4fa9-a52b-551b03e6d14f,M-1302,ORD-20260805-8005-0263,CONCESSION_ACCRUAL,9,100,2026-08-05T11:42:00+08:00
d5a0a138-2029-43ba-941c-71eaacba6f74,M-1295,ORD-20260805-8776-0264,CONCESSION_ACCRUAL,14,226,2026-08-05T13:16:00+08:00
21b3cbca-f310-499e-a499-6e9727550fc2,M-1097,ORD-20260805-7845-0265,CONCESSION_ACCRUAL,8,74,2026-08-05T19:13:00+08:00
cf0b1559-f160-44db-95b1-b9966fb3545a,M-1648,ORD-20260805-9467-0266,CONCESSION_ACCRUAL,13,181,2026-08-05T14:55:00+08:00
b81c8c5f-d94d-457a-8ba4-2e9d0c58a15e,M-1545,ORD-20260805-8545-0267,CONCESSION_ACCRUAL,3,293,2026-08-05T17:06:00+08:00
d87fb333-4537-400e-9249-3ac82bb9052b,M-1640,ORD-20260805-7179-0268,CONCESSION_ACCRUAL,8,229,2026-08-05T22:43:00+08:00
acdf6001-d052-459f-aa3a-556937c86bff,M-1854,ORD-20260805-5061-0269,CONCESSION_ACCRUAL,6,110,2026-08-05T22:29:00+08:00
4d88026a-ebf9-4d18-8a9c-157ea0f0581d,M-1854,TIER_UPGRADE_Standard_TO_Silver,TIER_BONUS,50,160,2026-08-05T22:29:00+08:00
c5297f1c-b050-463f-8d09-d3949bd2d557,M-1579,ORD-20260805-6071-0270,CONCESSION_ACCRUAL,30,2632,2026-08-05T16:20:00+08:00
e737c4da-ec02-491e-8fed-23d49677f07c,M-1557,ORD-20260805-9175-0271,CONCESSION_ACCRUAL,3,488,2026-08-05T10:51:00+08:00
2a90f538-dd51-49b2-b392-44bfed04f3ea,M-1111,ORD-20260805-1032-0272,CONCESSION_ACCRUAL,37,527,2026-08-05T21:05:00+08:00
8593040d-9adf-41e3-b19f-8066d2e104b6,M-1949,ORD-20260805-2261-0273,CONCESSION_ACCRUAL,6,215,2026-08-05T12:55:00+08:00
bb1f6bc7-f7be-45ff-93e7-3d5ff340b4bc,M-1546,ORD-20260805-1372-0274,CONCESSION_ACCRUAL,9,131,2026-08-05T14:34:00+08:00
2cb17395-493e-4c5d-898a-14fc470758f3,M-1284,ORD-20260805-1333-0275,CONCESSION_ACCRUAL,35,357,2026-08-05T22:40:00+08:00
82c6bf99-0ab7-42da-998d-046bf5408d4f,M-1977,ORD-20260805-2447-0276,CONCESSION_ACCRUAL,3,189,2026-08-05T20:22:00+08:00
cb5f4851-df04-4c17-b57c-c4385d155743,M-1395,ORD-20260805-7872-0277,CONCESSION_ACCRUAL,43,210,2026-08-05T17:32:00+08:00
1f7089aa-3840-4ac0-bcd8-12c5c628daed,M-1702,ORD-20260805-3157-0278,CONCESSION_ACCRUAL,9,140,2026-08-05T20:53:00+08:00
767291f3-ddc9-48ae-a267-8aa1dc5b2a8b,M-2142,ORD-20260805-6503-0279,CONCESSION_ACCRUAL,18,261,2026-08-05T17:18:00+08:00
88ff4178-3064-47d7-82d7-e65df0735609,M-1752,ORD-20260805-7358-0280,CONCESSION_ACCRUAL,42,2702,2026-08-05T18:10:00+08:00
2fd03ac1-40ba-4740-9b47-d9550805b22d,M-1323,ORD-20260805-9036-0281,CONCESSION_ACCRUAL,30,486,2026-08-05T14:51:00+08:00
6e571dd0-f4ba-4e6c-8f75-43bcfc4f5a2a,M-1730,ORD-20260805-1021-0282,CONCESSION_ACCRUAL,19,124,2026-08-05T21:55:00+08:00
e41833d4-2382-4225-87dc-06e5b5ba01ea,M-1557,ORD-20260805-3457-0283,CONCESSION_ACCRUAL,26,514,2026-08-05T21:51:00+08:00
e4516f4f-4993-4f54-a0cc-f96c846cc015,M-1025,ORD-20260805-7767-0284,CONCESSION_ACCRUAL,9,137,2026-08-05T09:45:00+08:00
0c2c5777-0707-47e6-b7e1-10f3de92c0af,M-1696,ORD-20260805-7511-0285,CONCESSION_ACCRUAL,18,1006,2026-08-05T12:59:00+08:00
66ba0fe0-e1f5-41f1-87ff-6533ea514ce6,M-1538,ORD-20260805-3120-0286,CONCESSION_ACCRUAL,26,157,2026-08-05T19:15:00+08:00
0ef103f7-6d9c-48b1-bd15-8f87870edb55,M-1973,ORD-20260805-9167-0287,CONCESSION_ACCRUAL,13,35,2026-08-05T12:14:00+08:00
a7b56ae3-ce32-4e4e-968d-fcb9d370a3eb,M-2159,ORD-20260805-4009-0288,CONCESSION_ACCRUAL,7,162,2026-08-05T13:31:00+08:00
68723d8e-967a-49ed-9d37-abf802eb8d0d,M-1657,ORD-20260805-6442-0289,CONCESSION_ACCRUAL,8,494,2026-08-05T15:07:00+08:00
dcc669b0-c9e5-4405-ac0c-905322892977,M-2187,ORD-20260805-1392-0290,CONCESSION_ACCRUAL,9,124,2026-08-05T20:59:00+08:00
21ce7b8f-0e19-4df6-88ef-94f50e9e3133,M-1936,ORD-20260805-8344-0291,CONCESSION_ACCRUAL,15,185,2026-08-05T14:24:00+08:00
5794492d-0878-4e73-9f92-39da8b7153d6,M-1190,ORD-20260805-1129-0292,CONCESSION_ACCRUAL,10,65,2026-08-05T16:25:00+08:00
5e287511-e2ea-4abe-88d1-bf685dd5818a,M-2035,ORD-20260805-7833-0293,CONCESSION_ACCRUAL,10,183,2026-08-05T12:33:00+08:00
f3de0c05-ef49-4870-a7b0-bf7e9fbf2a10,M-1235,ORD-20260805-4827-0294,CONCESSION_ACCRUAL,29,216,2026-08-05T15:27:00+08:00
b5ec7786-20d2-4173-92c3-f363a29f98ce,M-2013,ORD-20260805-4606-0295,CONCESSION_ACCRUAL,28,85,2026-08-05T13:47:00+08:00
f51be0cc-c0ba-4f3c-b236-94baff3e2fee,M-1814,ORD-20260805-9182-0296,CONCESSION_ACCRUAL,11,422,2026-08-05T14:22:00+08:00
dda97a13-6a9a-4d8b-b353-2a4b984423c2,M-1559,ORD-20260805-4501-0297,CONCESSION_ACCRUAL,11,377,2026-08-05T20:35:00+08:00
ce58e80c-eee7-4937-8d23-1c829be0e921,M-1570,ORD-20260805-1681-0298,CONCESSION_ACCRUAL,13,912,2026-08-05T11:06:00+08:00
0946096f-f8c7-4fe7-90f0-7369eec3a134,M-1155,ORD-20260805-6488-0299,CONCESSION_ACCRUAL,7,774,2026-08-05T15:05:00+08:00
006ff1b4-e611-40d3-b89f-6cb9b4109335,M-1157,ORD-20260805-6335-0300,CONCESSION_ACCRUAL,28,189,2026-08-05T17:44:00+08:00
c39f7432-66b6-4683-bd7b-c52c23f95504,M-1925,ORD-20260805-6495-0301,CONCESSION_ACCRUAL,41,134,2026-08-05T16:44:00+08:00
b8ea0720-1cd4-4b67-98b7-fcf50c84b149,M-1055,ORD-20260805-4243-0302,CONCESSION_ACCRUAL,16,338,2026-08-05T11:02:00+08:00
41c38e20-f041-4105-9c17-740c14a1214b,M-1393,ORD-20260805-2165-0303,CONCESSION_ACCRUAL,10,294,2026-08-05T12:55:00+08:00
258a03ea-dec0-4a03-9508-cce989a40d7c,M-1544,ORD-20260805-9745-0304,CONCESSION_ACCRUAL,25,262,2026-08-05T16:37:00+08:00
3019c913-92cf-483a-9b37-e80e126004e4,M-1079,ORD-20260805-6517-0305,CONCESSION_ACCRUAL,11,278,2026-08-05T17:35:00+08:00
12da9d9e-b9a3-4590-8c92-6d7002ef4a3c,M-1845,ORD-20260805-9630-0306,CONCESSION_ACCRUAL,17,374,2026-08-05T21:06:00+08:00
f8e26f15-6c45-4ed3-9f85-4997da5f2267,M-1626,ORD-20260805-8238-0307,CONCESSION_ACCRUAL,8,264,2026-08-05T21:13:00+08:00
02b174ca-34af-4c09-8aa9-1eac7863cfc3,M-1543,ORD-20260805-8717-0308,CONCESSION_ACCRUAL,19,347,2026-08-05T13:37:00+08:00
2aecb7ba-0965-4536-9786-52d5d4b81bfc,M-1097,ORD-20260805-5806-0309,CONCESSION_ACCRUAL,11,85,2026-08-05T21:29:00+08:00
074b3034-beec-4de3-b268-8efb5ddfa238,M-1186,ORD-20260805-8783-0310,CONCESSION_ACCRUAL,8,625,2026-08-05T22:44:00+08:00
2020f5ba-662b-40c5-bf94-cc7808ed287e,M-2152,ORD-20260805-8885-0311,CONCESSION_ACCRUAL,12,74,2026-08-05T10:19:00+08:00
c42f3b17-2ad4-496a-bf64-3be5fb446624,M-1219,ORD-20260805-9184-0312,CONCESSION_ACCRUAL,8,249,2026-08-05T19:25:00+08:00
56b22291-592a-40d3-966e-83518016d99e,M-1083,ORD-20260805-2222-0313,CONCESSION_ACCRUAL,24,391,2026-08-05T11:07:00+08:00
9056620e-2118-4099-9dc0-f1917149c0e7,M-1201,ORD-20260805-4771-0314,CONCESSION_ACCRUAL,11,342,2026-08-05T17:45:00+08:00
a3a9357f-ed48-46ae-9f2c-d73d62572b2d,M-1536,ORD-20260805-8269-0315,CONCESSION_ACCRUAL,11,498,2026-08-05T11:00:00+08:00
03c0be89-d77e-4cd9-b01e-bc982ffb25b9,M-2062,ORD-20260805-1069-0316,CONCESSION_ACCRUAL,6,195,2026-08-05T16:48:00+08:00
9095c932-a6ff-4e99-801d-bd1af1cb7c56,M-1076,ORD-20260805-7417-0317,CONCESSION_ACCRUAL,27,139,2026-08-05T19:06:00+08:00
9eb5a581-1345-4217-8ac5-59f93f23f86d,M-1915,ORD-20260805-2436-0318,CONCESSION_ACCRUAL,14,248,2026-08-05T17:47:00+08:00
25915ebd-1df2-4ce7-b391-333160255242,M-1564,ORD-20260805-7430-0319,CONCESSION_ACCRUAL,10,626,2026-08-05T12:29:00+08:00
9053ed85-7a76-46f8-87f3-4dedbdf21305,M-1818,ORD-20260805-4339-0320,CONCESSION_ACCRUAL,8,398,2026-08-05T10:07:00+08:00
7fe73342-368f-4fb8-bfd9-479f9afaa32c,M-1573,ORD-20260805-6089-0321,CONCESSION_ACCRUAL,11,749,2026-08-05T14:13:00+08:00
48843e4c-36b6-42fa-af1e-0f25a4229559,M-1825,ORD-20260805-6590-0322,CONCESSION_ACCRUAL,23,413,2026-08-05T09:35:00+08:00
7194be8a-2e6a-4c2c-b9d1-edd5389fe749,M-1369,ORD-20260805-3707-0323,CONCESSION_ACCRUAL,8,387,2026-08-05T20:30:00+08:00
c0cd4ab5-7f23-4471-bec5-2f95bcfcc081,M-1097,ORD-20260805-4283-0324,CONCESSION_ACCRUAL,20,105,2026-08-05T17:38:00+08:00
ed3b0c3e-5ed2-4e09-b122-72d72b07d30d,M-1704,ORD-20260805-4795-0325,CONCESSION_ACCRUAL,11,138,2026-08-05T19:07:00+08:00
e697f6ef-558f-485f-9ada-2cea03b61255,M-1809,ORD-20260805-4696-0326,CONCESSION_ACCRUAL,41,503,2026-08-05T22:19:00+08:00
90df5573-acbc-4b08-a61e-43e291ea22b7,M-1881,ORD-20260805-2025-0327,CONCESSION_ACCRUAL,18,64,2026-08-05T19:15:00+08:00
c1a8798d-bb55-4388-be81-ad23fd597585,M-1444,ORD-20260805-9769-0328,CONCESSION_ACCRUAL,20,3413,2026-08-05T19:35:00+08:00
a4152887-7f70-46e9-a31e-f51c53efe83c,M-1084,ORD-20260805-5433-0329,CONCESSION_ACCRUAL,7,492,2026-08-05T16:16:00+08:00
78bcdf52-5ee0-4b89-a069-7019531ec681,M-1400,ORD-20260805-2377-0330,CONCESSION_ACCRUAL,18,406,2026-08-05T20:41:00+08:00
bbb96d69-31fa-4100-b621-bf1b12e3b8c8,M-1292,ORD-20260805-2885-0331,CONCESSION_ACCRUAL,9,271,2026-08-05T21:54:00+08:00
3fd7aba3-c771-41f6-bebf-eb815913fd3d,M-1411,ORD-20260805-2212-0332,CONCESSION_ACCRUAL,36,702,2026-08-05T14:17:00+08:00
4eee2558-eb1e-481c-af44-b40ff51c9fe9,M-2055,ORD-20260805-9013-0333,CONCESSION_ACCRUAL,18,221,2026-08-05T19:10:00+08:00
cca64847-671d-441c-bcb4-9fa692ee8ec0,M-1177,ORD-20260805-4118-0334,CONCESSION_ACCRUAL,33,362,2026-08-05T22:22:00+08:00
6df6effb-639a-46f2-8b2c-2c88866cf136,M-1133,ORD-20260805-2631-0335,CONCESSION_ACCRUAL,21,103,2026-08-05T12:33:00+08:00
dde81d18-b96d-4e78-86d5-6fbd1279d525,M-1472,ORD-20260805-2769-0336,CONCESSION_ACCRUAL,8,223,2026-08-05T09:22:00+08:00
6a6db479-415a-44e3-ae71-11eed800febe,M-1021,ORD-20260805-1116-0337,CONCESSION_ACCRUAL,9,461,2026-08-05T12:23:00+08:00
6b5bd65d-3929-42f9-baed-e2517197bcab,M-1936,ORD-20260805-8255-0338,CONCESSION_ACCRUAL,16,201,2026-08-05T18:09:00+08:00
dc7f945e-f582-4d5b-a136-e6bf034b0936,M-2169,ORD-20260805-7837-0339,CONCESSION_ACCRUAL,15,165,2026-08-05T10:01:00+08:00
ae8b2262-be30-4147-982c-63189196e78b,M-1144,ORD-20260805-3171-0340,CONCESSION_ACCRUAL,16,316,2026-08-05T17:05:00+08:00
eed83cf5-2337-494e-a0b8-551243118346,M-2167,ORD-20260805-1833-0341,CONCESSION_ACCRUAL,11,203,2026-08-05T14:44:00+08:00
993c6684-8ffd-4fc8-8a5c-2b8a580b97f5,M-2143,ORD-20260805-1435-0342,CONCESSION_ACCRUAL,20,119,2026-08-05T11:59:00+08:00
d5d2eb38-b741-493e-ba12-cd1f74d3ac90,M-1411,ORD-20260805-3473-0343,CONCESSION_ACCRUAL,9,711,2026-08-05T14:03:00+08:00
