ledger_id,member_id,source_reference_id,transaction_type,points_delta,resulting_balance,created_at
ce050f8f-cf4c-463a-be35-5f93c7349ded,M-1240,SESS-20260731-3957-0000,RENTAL_ACCRUAL,6,197,2026-07-31T15:15:00+08:00
eb5781fb-16ef-498d-8df6-bba04cf9fb40,M-1839,SESS-20260731-1475-0001,RENTAL_REDEMPTION,-100,324,2026-07-31T23:30:00+08:00
46051ddf-2a50-4406-9b4a-89e6658b4425,M-1839,SESS-20260731-1475-0001,RENTAL_ACCRUAL,5,329,2026-08-01T01:30:00+08:00
7b22ac6e-8fcc-480d-9b19-fd2b9976e216,M-1639,SESS-20260731-4582-0002,RENTAL_ACCRUAL,11,445,2026-07-31T20:45:00+08:00
453130a3-b2e7-4b72-a9c3-5f723fa566da,M-1752,SESS-20260731-9109-0003,RENTAL_ACCRUAL,12,2585,2026-07-31T16:00:00+08:00
fd136967-ebda-4ced-9b70-7ff73d0e028c,M-2044,SESS-20260731-6804-0004,RENTAL_ACCRUAL,11,176,2026-07-31T18:30:00+08:00
7608a479-0457-4820-9ded-61efcb7df4b2,M-1794,SESS-20260731-4031-0005,RENTAL_REDEMPTION,-100,134,2026-07-31T22:15:00+08:00
f4b18994-e787-4cff-9ca0-e10bd128a180,M-1794,SESS-20260731-4031-0005,RENTAL_ACCRUAL,11,145,2026-08-01T00:15:00+08:00
8bd60181-e4f0-4455-9455-bebd92bb1708,M-1838,SESS-20260731-6327-0006,RENTAL_ACCRUAL,16,649,2026-07-31T17:00:00+08:00
503d9ea9-0cb5-4e16-8f49-49e7c98f99f3,M-1196,SESS-20260731-5102-0007,RENTAL_REDEMPTION,-100,61,2026-07-31T21:00:00+08:00
da1ccab5-aec7-482d-98dc-97a3a9e6834d,M-1196,SESS-20260731-5102-0007,RENTAL_ACCRUAL,5,66,2026-07-31T23:00:00+08:00
b5490f99-ffe9-495b-8872-c969d85d40ec,M-1369,SESS-20260731-7100-0008,RENTAL_ACCRUAL,16,226,2026-07-31T22:30:00+08:00
8b059b76-9759-424d-973b-4c24d2e87a3d,M-2074,SESS-20260731-1828-0009,RENTAL_ACCRUAL,40,212,2026-08-01T04:45:00+08:00
bd6f5233-b669-476e-8713-a100d549e6f3,M-2074,TIER_UPGRADE_Standard_TO_Silver,TIER_BONUS,50,262,2026-08-01T04:45:00+08:00
81083781-1066-4f5f-b5cc-532e2abd35ce,M-1717,SESS-20260731-1119-0010,RENTAL_ACCRUAL,9,488,2026-07-31T18:45:00+08:00
d5acd421-1792-4565-be6e-16190962b403,M-1295,SESS-20260731-2065-0011,RENTAL_ACCRUAL,11,128,2026-07-31T22:45:00+08:00
0151156d-64d2-4352-9c3c-9ad07a0d9c55,M-1102,SESS-20260731-2468-0012,RENTAL_ACCRUAL,18,65,2026-07-31T21:15:00+08:00
80c92e2a-538a-4f07-b385-2dcd438ad112,M-1334,SESS-20260731-7907-0013,RENTAL_ACCRUAL,16,235,2026-08-01T01:30:00+08:00
408299a6-af63-4aa0-954b-ca5fb3bf8729,M-1653,SESS-20260731-8722-0014,RENTAL_ACCRUAL,28,234,2026-07-31T19:45:00+08:00
0dd239d2-f29e-4dfc-9436-9ea09bbdbb65,M-1005,SESS-20260731-1938-0015,RENTAL_ACCRUAL,28,144,2026-07-31T14:15:00+08:00
56f1a524-3d5b-4d48-b302-6e08dff46f1a,M-1144,SESS-20260731-6856-0016,RENTAL_ACCRUAL,18,300,2026-07-31T19:15:00+08:00
360ca7cd-0416-420e-9167-abc059056cfe,M-1726,SESS-20260731-1915-0017,RENTAL_ACCRUAL,5,246,2026-07-31T17:30:00+08:00
0db3ddbd-6b5d-46f5-90c2-aa57f711de75,M-1944,SESS-20260731-1996-0018,RENTAL_ACCRUAL,18,337,2026-07-31T19:00:00+08:00
1c1eba96-7e85-4b96-ae7a-b0c24f07fc63,M-1487,SESS-20260731-1419-0019,RENTAL_ACCRUAL,6,595,2026-07-31T23:45:00+08:00
b0e15db5-d55c-42d2-ac4a-7d5e8a455988,M-1413,SESS-20260731-9473-0020,RENTAL_REDEMPTION,-100,137,2026-07-31T23:30:00+08:00
17c03d5d-7482-4e74-a97d-e1450edf80dd,M-1413,SESS-20260731-9473-0020,RENTAL_ACCRUAL,21,158,2026-08-01T04:30:00+08:00
b65d78aa-06a9-4fce-9cc9-a355fdccfd26,M-1832,SESS-20260731-4195-0021,RENTAL_ACCRUAL,72,152,2026-08-01T00:45:00+08:00
eef1c665-9fb5-432e-9b82-9e8510b346fb,M-1298,SESS-20260731-5096-0022,RENTAL_REDEMPTION,-100,459,2026-07-31T08:00:00+08:00
6ea372e4-d9e9-43d6-8277-7daddb9cd5e6,M-1298,SESS-20260731-5096-0022,RENTAL_ACCRUAL,2,461,2026-07-31T09:00:00+08:00
afd2a040-bf8b-4f51-aa10-f59447d35b6a,M-1501,SESS-20260731-9863-0023,RENTAL_ACCRUAL,5,83,2026-07-31T17:00:00+08:00
54a53b47-ce0a-4d41-9fc9-2bc9c96cd134,M-1504,SESS-20260731-5530-0024,RENTAL_ACCRUAL,18,221,2026-07-31T18:15:00+08:00
4c000d21-377f-42f4-8957-234d3713f4b2,M-1114,SESS-20260731-3493-0025,RENTAL_ACCRUAL,108,278,2026-08-01T02:45:00+08:00
29ed0283-f11d-4465-b8a8-ad29263547f6,M-1747,SESS-20260731-4507-0026,RENTAL_ACCRUAL,45,134,2026-07-31T20:15:00+08:00
551c7c51-71ec-41ac-8d09-552992f4b519,M-1517,SESS-20260731-1792-0027,RENTAL_ACCRUAL,45,235,2026-07-31T22:15:00+08:00
a54daffd-6762-435a-b28d-9966c7359f60,M-1750,SESS-20260731-5802-0028,RENTAL_ACCRUAL,11,51,2026-07-31T19:00:00+08:00
ebc5053a-30a3-4073-8326-4b87b51caf58,M-1638,SESS-20260731-4154-0029,RENTAL_ACCRUAL,27,225,2026-07-31T19:45:00+08:00
d75727b6-5f23-46a6-a96a-91facbf4a3dd,M-1499,SESS-20260731-3728-0030,RENTAL_ACCRUAL,27,298,2026-07-31T22:00:00+08:00
da1379a7-bd3c-4a10-9fa8-09f0eb6c5da3,M-1531,SESS-20260731-1079-0031,RENTAL_ACCRUAL,25,256,2026-08-01T01:00:00+08:00
33a39af4-ebc7-4d56-a79b-6ca35b158c20,M-1531,TIER_UPGRADE_Standard_TO_Silver,TIER_BONUS,50,306,2026-08-01T01:00:00+08:00
5d2c7081-5699-41a4-a17f-47ca0644efcd,M-1913,SESS-20260731-9252-0032,RENTAL_ACCRUAL,25,214,2026-07-31T21:30:00+08:00
eb779897-0a44-4b6b-a463-7ff9efdbbcf2,M-1254,SESS-20260731-4675-0033,RENTAL_ACCRUAL,16,208,2026-07-31T19:30:00+08:00
2b09274a-4e66-4a20-aa05-9cb4044a78ee,M-1728,SESS-20260731-4344-0034,RENTAL_ACCRUAL,27,187,2026-07-31T22:45:00+08:00
ee9589f9-5496-4429-a8f8-0659a5e35d27,M-1412,SESS-20260731-8575-0035,RENTAL_REDEMPTION,-100,298,2026-07-31T20:00:00+08:00
f09c9f4d-299b-484d-8656-a766f55db172,M-1412,SESS-20260731-8575-0035,RENTAL_ACCRUAL,10,308,2026-07-31T23:00:00+08:00
87c679af-6db2-4329-8001-baf12901df30,M-1281,SESS-20260731-8885-0036,RENTAL_ACCRUAL,27,672,2026-08-01T00:15:00+08:00
7e949629-9072-4002-a6ff-7bd282fe1dc6,M-1967,SESS-20260731-2130-0037,RENTAL_REDEMPTION,-100,81,2026-07-31T21:00:00+08:00
4d7de3bc-79d7-4b30-b4e5-c2a590105f84,M-1967,SESS-20260731-2130-0037,RENTAL_ACCRUAL,21,102,2026-08-01T02:00:00+08:00
35bfa0db-4166-4279-b81d-5d01189e0518,M-1741,SESS-20260731-7954-0038,RENTAL_ACCRUAL,27,576,2026-07-31T23:30:00+08:00
895c2658-3bfd-4fdc-9ed8-7d7871880d85,M-1276,SESS-20260731-8094-0039,RENTAL_REDEMPTION,-100,686,2026-07-31T13:45:00+08:00
4f3c6983-0e23-4dd1-b7a6-076f3ca64a5f,M-1276,SESS-20260731-8094-0039,RENTAL_ACCRUAL,5,691,2026-07-31T15:45:00+08:00
df568526-41ae-4614-b13b-3e36c2fb101e,M-1677,SESS-20260731-7658-0040,RENTAL_ACCRUAL,28,115,2026-07-31T22:30:00+08:00
9322b6a5-ebfa-4a5d-8e5f-4365cc6fbdd3,M-1727,SESS-20260731-8874-0041,RENTAL_ACCRUAL,18,213,2026-07-31T14:15:00+08:00
5b95cbd0-9afb-42d1-b54e-1fcb46ee63dc,M-1234,SESS-20260731-7168-0042,RENTAL_ACCRUAL,11,282,2026-07-31T11:30:00+08:00
1656c635-1a0f-41cb-8960-15c7595be068,M-1696,SESS-20260731-9614-0043,RENTAL_ACCRUAL,11,824,2026-07-31T22:15:00+08:00
b13d0748-d3ba-4d5e-839e-6ba35fac15cd,M-1014,SESS-20260731-3408-0044,RENTAL_ACCRUAL,43,615,2026-07-31T19:00:00+08:00
5c7be70d-549c-41a2-819c-235c9dc3bf93,M-1149,SESS-20260731-9512-0045,RENTAL_ACCRUAL,11,85,2026-07-31T17:15:00+08:00
f39ff319-a69d-47da-9d3d-d201d231f4c8,M-1204,SESS-20260731-1339-0046,RENTAL_ACCRUAL,45,141,2026-08-01T03:10:00+08:00
d8b6797d-d4cb-4a15-9298-f51b094677c7,M-2195,SESS-20260731-9118-0047,RENTAL_ACCRUAL,16,173,2026-07-31T20:45:00+08:00
41be2a7b-54d9-411d-9f99-aaf06b25fc35,M-2051,SESS-20260731-7023-0048,RENTAL_ACCRUAL,25,62,2026-08-01T00:00:00+08:00
b1e539db-88db-4cfb-bb08-e83a70c384b3,M-1672,SESS-20260731-5439-0049,RENTAL_ACCRUAL,28,229,2026-08-01T03:40:00+08:00
1e1f4b88-10cf-4b0a-b4b7-e5e4c467081e,M-1581,SESS-20260731-4222-0050,RENTAL_ACCRUAL,5,205,2026-07-31T20:15:00+08:00
3f328b0f-b1db-4bc4-898c-7bc1378ca9a2,M-1686,SESS-20260731-7502-0051,RENTAL_ACCRUAL,9,69,2026-07-31T20:30:00+08:00
489fa523-186a-4f7d-aa22-17ee955c2104,M-1104,SESS-20260731-5696-0052,RENTAL_ACCRUAL,5,356,2026-07-31T20:15:00+08:00
8b5d8513-a174-4017-b022-6606a909751d,M-1277,SESS-20260731-5025-0053,RENTAL_ACCRUAL,12,2907,2026-07-31T13:00:00+08:00
efcfa371-8987-4f1a-bb28-47a036e34ef3,M-1588,SESS-20260731-8935-0054,RENTAL_ACCRUAL,6,1784,2026-07-31T22:45:00+08:00
6937608b-b7c2-4822-af0f-4f7e204fe09d,M-1959,SESS-20260731-8924-0055,RENTAL_ACCRUAL,16,503,2026-07-31T20:45:00+08:00
9eaf62f0-0a5e-4e16-9277-c0718e37c2a7,M-1895,SESS-20260731-9080-0056,RENTAL_ACCRUAL,16,400,2026-07-31T11:45:00+08:00
9ff9f5e8-f6d8-49bd-9a69-91989276ec5f,M-2120,SESS-20260731-5218-0057,RENTAL_ACCRUAL,60,126,2026-08-01T01:45:00+08:00
63b029c2-fdaa-42a7-8cf1-a40d9afeffbd,M-1582,SESS-20260731-4201-0058,RENTAL_REDEMPTION,-100,424,2026-07-31T13:45:00+08:00
74df60b5-b0cd-4066-a531-e37f2501c67b,M-1582,SESS-20260731-4201-0058,RENTAL_ACCRUAL,10,434,2026-07-31T16:45:00+08:00
8d3e291e-8f8c-48ad-9715-353cf0ae87f9,M-1195,SESS-20260731-9839-0059,RENTAL_ACCRUAL,16,289,2026-07-31T21:35:00+08:00
af63eecf-b60f-49ea-a79e-88406bcd65e3,M-1690,SESS-20260731-9746-0060,RENTAL_ACCRUAL,5,273,2026-07-31T18:45:00+08:00
a437fd1f-10ef-4fdd-8f0d-9e6a0802148c,M-1050,SESS-20260731-9395-0061,RENTAL_ACCRUAL,16,164,2026-07-31T23:30:00+08:00
85dca73e-894a-4f57-91da-68b21210f7d7,M-1423,SESS-20260731-7170-0062,RENTAL_REDEMPTION,-100,352,2026-07-31T18:15:00+08:00
a1bac39b-04a6-4951-a351-0042a8c0e99c,M-1423,SESS-20260731-7170-0062,RENTAL_ACCRUAL,5,357,2026-07-31T20:15:00+08:00
4bfa844c-461f-4460-af04-babf583218bb,M-1724,SESS-20260731-3857-0063,RENTAL_ACCRUAL,40,90,2026-07-31T05:15:00+08:00
69588cba-4291-43d0-88a7-26062c52ac3f,M-1587,SESS-20260731-2757-0064,RENTAL_ACCRUAL,9,824,2026-07-31T22:30:00+08:00
fbebfd50-00a5-4444-9ad4-76e1caddb5bd,M-1394,SESS-20260731-8202-0065,RENTAL_REDEMPTION,-100,473,2026-07-31T19:15:00+08:00
149fd89a-ed54-48de-a5f9-6daf880a4832,M-1394,SESS-20260731-8202-0065,RENTAL_ACCRUAL,5,478,2026-07-31T21:15:00+08:00
73bac7bd-01b2-4d71-ad87-1e738ceb4792,M-1814,SESS-20260731-2193-0066,RENTAL_ACCRUAL,9,275,2026-08-01T00:00:00+08:00
51b056ef-2929-4f5f-ba00-faff07dd2cf7,M-1649,SESS-20260731-7420-0067,RENTAL_ACCRUAL,45,345,2026-07-31T21:00:00+08:00
e39ceb49-237c-4294-8ab0-db365f56bc63,M-1584,SESS-20260731-2727-0068,RENTAL_ACCRUAL,5,81,2026-07-31T16:15:00+08:00
ad15ed13-dcd6-4c9a-a33f-37834539ce7f,M-1428,SESS-20260731-1719-0069,RENTAL_ACCRUAL,11,222,2026-07-31T23:45:00+08:00
0df402ba-1dd7-42f0-9ae6-21d25e536c7c,M-1829,SESS-20260731-7561-0070,RENTAL_ACCRUAL,5,207,2026-07-31T23:00:00+08:00
af0daafa-b70e-4267-b8dd-854c4fc6c7d4,M-1675,SESS-20260731-1148-0071,RENTAL_ACCRUAL,12,2125,2026-07-31T20:45:00+08:00
7baad006-fef8-47f2-9cb7-078715d100ea,M-1845,SESS-20260731-4631-0072,RENTAL_ACCRUAL,10,327,2026-07-31T11:00:00+08:00
eb648e93-758b-44e9-9c6a-d8d90e656838,M-1845,TIER_UPGRADE_Standard_TO_Silver,TIER_BONUS,50,377,2026-07-31T11:00:00+08:00
f21d884b-48fc-4179-8b70-d752dc8b60cb,M-1312,SESS-20260731-4992-0073,RENTAL_ACCRUAL,27,526,2026-07-31T23:00:00+08:00
244fe94a-c7e0-4d80-8771-3801fa6f7aab,M-1501,SESS-20260731-6234-0074,RENTAL_ACCRUAL,18,101,2026-07-31T21:15:00+08:00
25e0a28a-3b1b-41a2-9e63-b70d71bb8281,M-1716,SESS-20260731-3208-0075,RENTAL_REDEMPTION,-100,234,2026-07-31T22:40:00+08:00
d3cf8e5b-2ecc-4f7b-b504-ab7218b66e09,M-1716,SESS-20260731-3208-0075,RENTAL_ACCRUAL,5,239,2026-08-01T00:40:00+08:00
bcfb5b86-4e6c-4fcd-9b5d-6ad18213aeac,M-2187,SESS-20260731-2025-0076,RENTAL_ACCRUAL,10,62,2026-07-31T22:00:00+08:00
fe1dca00-298f-4373-a9b2-27b09ebaa3a6,M-1491,SESS-20260731-9753-0077,RENTAL_ACCRUAL,28,105,2026-07-31T23:15:00+08:00
a45053c6-42b5-41d5-9546-a8073d8f1fcf,M-1807,SESS-20260731-1530-0078,RENTAL_ACCRUAL,67,161,2026-07-31T18:30:00+08:00
4d0cc1ad-fa76-41d7-b67e-1ffe183642d6,M-1462,SESS-20260731-5671-0079,RENTAL_REDEMPTION,-100,160,2026-07-31T20:50:00+08:00
8ffb1b2f-e1e9-44c0-a04f-0c5a1ed7c77e,M-1462,SESS-20260731-5671-0079,RENTAL_ACCRUAL,4,164,2026-07-31T22:50:00+08:00
4889caa4-5188-4e59-a440-4c67d212ea55,M-1683,SESS-20260731-6098-0080,RENTAL_ACCRUAL,28,1050,2026-07-31T07:20:00+08:00
6dcdff26-9b50-44fc-badc-c03d8533fbe6,M-1579,SESS-20260731-7762-0081,RENTAL_ACCRUAL,48,2609,2026-08-01T03:00:00+08:00
56cc511b-3e47-4f02-8002-4bd498cc856e,M-1789,SESS-20260731-1852-0082,RENTAL_ACCRUAL,18,177,2026-07-31T13:15:00+08:00
d575467d-ec06-46be-9aa8-4c36b08e6b12,M-1543,SESS-20260731-4618-0083,RENTAL_ACCRUAL,45,96,2026-07-31T23:45:00+08:00
ccb20412-4d88-4b57-bd95-662b38107392,M-2191,SESS-20260731-8863-0084,RENTAL_ACCRUAL,60,256,2026-07-31T20:45:00+08:00
67316342-c0e2-4c55-926d-fe287b55e88c,M-1495,SESS-20260731-7918-0085,RENTAL_REDEMPTION,-100,65,2026-07-31T18:15:00+08:00
f8c51533-cd60-4195-92d2-cbb67d595ef6,M-1495,SESS-20260731-7918-0085,RENTAL_ACCRUAL,5,70,2026-07-31T20:15:00+08:00
32bbea65-18b0-45e4-ab11-f70076331e20,M-2035,SESS-20260731-6811-0086,RENTAL_ACCRUAL,11,72,2026-07-31T14:45:00+08:00
3cd73764-e5af-4c11-aca6-72e447f0182a,M-1367,SESS-20260731-2084-0087,RENTAL_ACCRUAL,27,442,2026-07-31T15:45:00+08:00
6d9a2293-712c-49a0-9123-cc2e930f61a9,M-1034,SESS-20260731-7395-0088,RENTAL_ACCRUAL,45,95,2026-08-01T02:15:00+08:00
8cdb1849-cd79-421e-b7d7-ecc337941099,M-1778,SESS-20260731-2987-0089,RENTAL_ACCRUAL,16,114,2026-07-31T19:05:00+08:00
7cec322b-d9ad-4998-98e7-d961e095e32f,M-1527,SESS-20260731-2939-0090,RENTAL_ACCRUAL,5,638,2026-07-31T17:00:00+08:00
996a1f50-f0a8-4590-82ea-d072882c4253,M-1194,SESS-20260731-9489-0091,RENTAL_ACCRUAL,18,321,2026-07-31T16:15:00+08:00
8b46861a-6ee0-43fd-8199-bce7aa200e37,M-1324,SESS-20260731-8689-0092,RENTAL_ACCRUAL,11,230,2026-07-31T22:20:00+08:00
94ffd058-7f4c-4c60-853b-dd932644522d,M-1781,SESS-20260731-6100-0093,RENTAL_ACCRUAL,30,3802,2026-07-31T21:00:00+08:00
1fcc30a1-96d7-4ac2-9877-39fcb8a6d29e,M-1352,SESS-20260731-7636-0094,RENTAL_ACCRUAL,27,119,2026-07-31T23:50:00+08:00
70e62443-daa6-403c-ba16-666cbfee92af,M-1621,SESS-20260731-9783-0095,RENTAL_ACCRUAL,5,535,2026-07-31T23:30:00+08:00
b028ab0f-2554-424c-bcf0-8d86d55e79f1,M-1169,SESS-20260731-8864-0096,RENTAL_REDEMPTION,-100,211,2026-07-31T15:00:00+08:00
61080e2e-ddc4-4c7b-9bcb-17c66d710d4a,M-1169,SESS-20260731-8864-0096,RENTAL_ACCRUAL,7,218,2026-07-31T16:00:00+08:00
9c94860e-3280-425c-a433-db370320a591,M-1318,SESS-20260731-8179-0097,RENTAL_REDEMPTION,-200,182,2026-07-31T15:30:00+08:00
0197a4bd-7209-47f0-ac44-273fa2b03366,M-1318,SESS-20260731-8179-0097,RENTAL_ACCRUAL,15,197,2026-07-31T20:30:00+08:00
07661794-b4f9-4051-8cfc-87d8f1aaacb9,M-2034,SESS-20260731-5347-0098,RENTAL_ACCRUAL,25,233,2026-07-31T21:15:00+08:00
a0674d5a-0fd2-4260-b573-76904eb1f054,M-1301,SESS-20260731-5266-0099,RENTAL_ACCRUAL,5,87,2026-07-31T21:30:00+08:00
8f9414fe-49b8-48dc-babf-38be17b6a4bc,M-1977,SESS-20260731-2880-0100,RENTAL_ACCRUAL,16,206,2026-07-31T23:30:00+08:00
9c210a8e-043d-440a-bbd2-d49ada8ecc2f,M-1538,SESS-20260731-3227-0101,RENTAL_ACCRUAL,9,95,2026-07-31T14:30:00+08:00
0d760663-3c1e-45f3-b60d-a8182c0b7097,M-1075,SESS-20260731-4582-0102,RENTAL_ACCRUAL,27,48,2026-07-31T19:30:00+08:00
e81e348d-e7ca-4f0a-acc2-6ffa4658d368,M-1272,SESS-20260731-5027-0103,RENTAL_ACCRUAL,18,1244,2026-08-01T00:45:00+08:00
c2f59d72-750a-4e50-b66f-6e07b7e0a2a4,M-1237,SESS-20260731-4593-0104,RENTAL_ACCRUAL,40,366,2026-07-31T20:00:00+08:00
3394f20f-8166-4666-a343-e04d30c295c0,M-1129,SESS-20260731-5338-0105,RENTAL_ACCRUAL,12,1029,2026-07-31T21:15:00+08:00
e7f24982-9872-4cbc-9dc5-d5ee2132f8de,M-1660,SESS-20260731-9852-0106,RENTAL_ACCRUAL,72,277,2026-08-01T06:30:00+08:00
21a12d4d-a1f9-466c-865d-a87e613dbcc3,M-1591,SESS-20260731-8372-0107,RENTAL_ACCRUAL,18,1930,2026-07-31T19:30:00+08:00
63bd580f-1720-4a9a-83bf-8fa9158a4dd8,M-1476,SESS-20260731-5850-0108,RENTAL_ACCRUAL,6,503,2026-07-31T20:00:00+08:00
a694bd88-7c62-4cb5-bbf4-5d36d702ec73,M-1393,SESS-20260731-7344-0109,RENTAL_ACCRUAL,16,253,2026-08-01T02:45:00+08:00
1645d279-9768-4e99-a66c-a7b39227ecb5,M-1912,SESS-20260731-2687-0110,RENTAL_ACCRUAL,15,188,2026-08-01T00:00:00+08:00
53a74a22-d77b-492e-85c9-cbe374846517,M-1043,SESS-20260731-7078-0111,RENTAL_ACCRUAL,12,860,2026-08-01T00:25:00+08:00
94b8aae6-681c-40d9-9437-83b215dc0787,M-1731,SESS-20260731-9256-0112,RENTAL_ACCRUAL,9,95,2026-07-31T16:30:00+08:00
d291ef20-e8cf-4d09-9d88-aa39c8a4628b,M-1370,SESS-20260731-1670-0113,RENTAL_ACCRUAL,16,353,2026-08-01T01:55:00+08:00
d70600cb-6046-4e57-9ff3-e34f82c88272,M-1370,TIER_UPGRADE_Standard_TO_Silver,TIER_BONUS,50,403,2026-08-01T01:55:00+08:00
1042cce3-bcf6-45cc-b5f0-3a3ffc2aed42,M-1372,SESS-20260731-5790-0114,RENTAL_REDEMPTION,-300,13,2026-07-31T09:00:00+08:00
a2c19631-d03c-4c0c-a1a0-956e5cd50db8,M-1372,SESS-20260731-5790-0114,RENTAL_ACCRUAL,9,22,2026-07-31T14:00:00+08:00
b5d02d7d-c164-4ec4-b0d6-d53f8839b63b,M-2193,SESS-20260731-5715-0115,RENTAL_ACCRUAL,15,146,2026-08-01T01:00:00+08:00
1a2f3690-17bb-45e6-992f-1084e86a29d5,M-1568,SESS-20260731-7463-0116,RENTAL_ACCRUAL,27,468,2026-07-31T10:15:00+08:00
458dc100-0fb4-4f61-805b-85729de1af39,M-1123,SESS-20260731-3834-0117,RENTAL_ACCRUAL,11,385,2026-07-31T15:30:00+08:00
15a6765c-73b4-4a8b-8199-5010afb27117,M-1188,SESS-20260731-5868-0118,RENTAL_ACCRUAL,48,257,2026-08-01T00:00:00+08:00
7d105d7a-8b31-4675-bba4-d69e5106b618,M-1363,SESS-20260731-2150-0119,RENTAL_ACCRUAL,5,193,2026-07-31T18:15:00+08:00
306adfbe-f13b-4036-a52a-dfa898a7dc3e,M-1662,SESS-20260731-3262-0120,RENTAL_ACCRUAL,5,303,2026-07-31T22:45:00+08:00
f2fd6c1e-7537-46ac-97c0-3c1e487b2f41,M-1001,SESS-20260731-5454-0121,RENTAL_ACCRUAL,11,201,2026-08-01T01:20:00+08:00
43e82033-8bfe-4c17-95bd-ce309ca2f55a,M-1609,SESS-20260731-2306-0122,RENTAL_REDEMPTION,-100,68,2026-07-31T17:30:00+08:00
d08215ad-33dd-482d-a675-d336cf3b4a01,M-1609,SESS-20260731-2306-0122,RENTAL_ACCRUAL,2,70,2026-07-31T18:30:00+08:00
6d05bdc6-ba90-4000-a322-da5ccb3e166a,M-1683,SESS-20260731-2997-0123,RENTAL_ACCRUAL,28,1078,2026-07-31T15:45:00+08:00
a015b838-1524-4487-96f2-b2006d84c452,M-1733,SESS-20260731-5011-0124,RENTAL_REDEMPTION,-200,31,2026-07-31T20:55:00+08:00
834f3e89-3cb6-4c93-9a1e-7d627fabd3f0,M-1733,SESS-20260731-5011-0124,RENTAL_ACCRUAL,32,63,2026-08-01T04:55:00+08:00
1e53d496-48f2-4b6f-a03e-74a4c3e510b1,M-1376,SESS-20260731-6471-0125,RENTAL_ACCRUAL,28,475,2026-08-01T03:45:00+08:00
36d2b3bc-8675-4c4e-827a-2e0a415cbdff,M-1956,SESS-20260731-4258-0126,RENTAL_ACCRUAL,10,115,2026-07-31T19:45:00+08:00
00b5e8c9-499c-4612-9c68-d6f4878f2960,M-1489,SESS-20260731-4226-0127,RENTAL_ACCRUAL,72,637,2026-07-31T20:45:00+08:00
54292867-d9f7-4955-a422-f6bcbb631b86,M-1930,SESS-20260731-9016-0128,RENTAL_ACCRUAL,27,350,2026-08-01T01:35:00+08:00
67f2fd95-2766-411b-94a5-2c1a636e76ea,M-1730,SESS-20260731-3989-0129,RENTAL_ACCRUAL,5,109,2026-08-01T00:15:00+08:00
1d57edd3-8a2e-440d-81a7-6bf047a8e5c5,M-1862,SESS-20260731-7083-0130,RENTAL_ACCRUAL,8,79,2026-07-31T21:50:00+08:00
e6aa482a-f860-4806-9176-435220ba40d7,M-1693,SESS-20260731-8229-0131,RENTAL_ACCRUAL,5,181,2026-08-01T00:45:00+08:00
0f6594ab-3c47-4f06-9bb0-77e3f825977a,M-1271,SESS-20260731-7185-0132,RENTAL_ACCRUAL,45,283,2026-07-31T21:00:00+08:00
0f089895-a247-44a1-b756-92f49e7c5736,M-1053,SESS-20260731-5077-0133,RENTAL_ACCRUAL,16,510,2026-08-01T01:55:00+08:00
2fdfaf6e-8179-4f07-9893-93f99d3c5809,M-1711,SESS-20260731-8775-0134,RENTAL_ACCRUAL,40,260,2026-07-31T20:30:00+08:00
5a0722ae-adc4-4ae8-bed2-af18581844ee,M-2075,SESS-20260731-6097-0135,RENTAL_ACCRUAL,8,217,2026-07-31T22:15:00+08:00
aff0e315-03f8-49bb-8b57-0d711955fa06,M-1438,SESS-20260731-3594-0136,RENTAL_ACCRUAL,28,2688,2026-07-31T18:10:00+08:00
7ae8b1ab-28da-4e13-9d3a-29e813fd9b36,M-1042,SESS-20260731-3360-0137,RENTAL_ACCRUAL,18,244,2026-07-31T22:00:00+08:00
986a081b-8256-4dc0-a052-81ad885589d2,M-1599,SESS-20260731-4645-0138,RENTAL_ACCRUAL,5,243,2026-07-31T21:15:00+08:00
75557165-15b4-4887-bd83-6da25f4f36f3,M-1290,SESS-20260731-9700-0139,RENTAL_ACCRUAL,16,77,2026-07-31T10:00:00+08:00
4c890fc0-55fc-48fd-93a7-7927c298f78c,M-1560,SESS-20260731-3248-0140,RENTAL_ACCRUAL,5,105,2026-08-01T00:00:00+08:00
597833ff-889f-49cd-a24f-0f011a3fd3f5,M-1459,SESS-20260731-5728-0141,RENTAL_REDEMPTION,-200,19,2026-07-31T15:30:00+08:00
bf5a7833-860f-4208-a059-8d3da1104203,M-1459,SESS-20260731-5728-0141,RENTAL_ACCRUAL,5,24,2026-07-31T17:30:00+08:00
6eb94f84-fb98-47f0-8eed-776eed9f7e9f,M-1392,SESS-20260731-3909-0142,RENTAL_ACCRUAL,48,917,2026-07-31T13:45:00+08:00
6e277289-0fe4-46c7-ae72-a23121f59360,M-1456,SESS-20260731-6090-0143,RENTAL_ACCRUAL,11,217,2026-08-01T01:45:00+08:00
0e88d16e-f797-4d87-87e0-167068a122f2,M-1655,SESS-20260731-7889-0144,RENTAL_ACCRUAL,11,249,2026-07-31T22:00:00+08:00
85ad005c-3c02-446f-b2b9-e8a77964986c,M-1571,SESS-20260731-6308-0145,RENTAL_REDEMPTION,-100,72,2026-07-31T16:20:00+08:00
e5064aa3-fff7-4031-8074-ac9decaf7a12,M-1571,SESS-20260731-6308-0145,RENTAL_ACCRUAL,11,83,2026-07-31T18:20:00+08:00
e4922fed-2cca-41a0-a00c-6c278380ba8a,M-1608,SESS-20260731-7300-0146,RENTAL_ACCRUAL,18,155,2026-07-31T21:15:00+08:00
29f6dfe0-e85f-4722-831e-d52c15d58847,M-1133,SESS-20260731-4627-0147,RENTAL_ACCRUAL,9,139,2026-07-31T20:55:00+08:00
4e6532ed-ef15-4621-9d49-e2fa81b98ca9,M-1488,SESS-20260731-8719-0148,RENTAL_ACCRUAL,40,730,2026-08-01T01:00:00+08:00
98b454f4-16ac-4ce7-9cdc-b59e5ae7f54f,M-1077,SESS-20260731-1427-0149,RENTAL_ACCRUAL,16,493,2026-07-31T20:00:00+08:00
a2b00cab-fc01-40a6-b113-9638c8834901,M-1005,SESS-20260731-6506-0150,RENTAL_REDEMPTION,-100,44,2026-07-31T16:15:00+08:00
9b390ec4-6f23-47a2-a94d-032177c087d2,M-1005,SESS-20260731-6506-0150,RENTAL_ACCRUAL,5,49,2026-07-31T18:15:00+08:00
f74fd12a-99a0-463a-96df-5a89b5477442,M-1833,SESS-20260731-9398-0151,RENTAL_ACCRUAL,27,166,2026-07-31T22:45:00+08:00
7493892f-4877-4140-9c50-15ba4c8efea7,M-1979,SESS-20260731-9372-0152,RENTAL_ACCRUAL,15,75,2026-07-31T22:50:00+08:00
51569f1b-be2b-478c-8d7c-e2f334c20600,M-1113,SESS-20260731-3294-0153,RENTAL_ACCRUAL,45,601,2026-07-31T21:35:00+08:00
3024da4d-bb0c-4018-904c-146cc2ab0d6f,M-1668,SESS-20260731-8992-0154,RENTAL_ACCRUAL,11,98,2026-08-01T00:45:00+08:00
2314a12d-15f6-4ea5-9dca-c4771d4a8fb7,M-1250,SESS-20260731-3158-0155,RENTAL_ACCRUAL,16,121,2026-08-01T00:35:00+08:00
58cd816b-e83e-4268-9993-124251a2b1dd,M-1464,SESS-20260731-6823-0156,RENTAL_ACCRUAL,45,160,2026-08-01T05:30:00+08:00
22ac8620-ff07-440d-b231-f5be4042723d,M-1596,SESS-20260731-5610-0157,RENTAL_REDEMPTION,-200,187,2026-07-31T20:30:00+08:00
4a95af81-eab4-4a09-ad92-bc2d0367c67d,M-1596,SESS-20260731-5610-0157,RENTAL_ACCRUAL,4,191,2026-07-31T23:30:00+08:00
e2c1dd38-8df3-435d-a5ba-b402d5dbcfbc,M-2007,SESS-20260731-9978-0158,RENTAL_ACCRUAL,96,188,2026-08-01T02:25:00+08:00
953a0a6c-22d6-401a-b107-a376d8bb14ef,M-1040,SESS-20260731-7740-0159,RENTAL_ACCRUAL,5,668,2026-08-01T00:45:00+08:00
2cf41c01-89da-4e8a-9df6-db25f77f710c,M-1882,SESS-20260731-6928-0160,RENTAL_ACCRUAL,45,137,2026-07-31T18:45:00+08:00
8de0df42-b300-4e7a-953c-1c240f542bb0,M-1825,SESS-20260731-9835-0161,RENTAL_ACCRUAL,45,315,2026-08-01T05:20:00+08:00
f88b4352-aa1b-49f1-9a0b-4d93205efdea,M-2084,SESS-20260731-2977-0162,RENTAL_ACCRUAL,15,111,2026-08-01T00:05:00+08:00
7a996d5d-0b91-4a96-9f50-ee0457dfc081,M-2088,SESS-20260731-5961-0163,RENTAL_ACCRUAL,10,109,2026-08-01T00:50:00+08:00
11cedff5-2d54-435f-a5de-80679c1aa761,M-1743,SESS-20260731-1103-0164,RENTAL_ACCRUAL,28,566,2026-07-31T19:45:00+08:00
7688d02d-e055-4f34-89fe-c58fe9eb94ae,M-1526,SESS-20260731-5636-0165,RENTAL_ACCRUAL,11,880,2026-07-31T19:00:00+08:00
722041ca-a3b1-473e-8bb7-c8c7a6b42569,M-1377,SESS-20260731-7522-0166,RENTAL_ACCRUAL,11,641,2026-07-31T23:00:00+08:00
706d1837-ed77-4a01-91e8-67c3dae97e5d,M-1045,SESS-20260731-6275-0167,RENTAL_ACCRUAL,9,197,2026-07-31T21:00:00+08:00
c387ce86-d425-4e90-87b4-b3124efe722c,M-1252,SESS-20260731-9198-0168,RENTAL_ACCRUAL,6,130,2026-07-31T22:30:00+08:00
004bf816-408d-4b8a-8274-13bf75b460c2,M-1494,SESS-20260731-4498-0169,RENTAL_ACCRUAL,11,359,2026-07-31T22:40:00+08:00
774f400e-acf2-4cdc-8dc9-bcd48690a913,M-1240,SESS-20260731-5347-0170,RENTAL_REDEMPTION,-100,97,2026-07-31T21:30:00+08:00
3515200d-cda5-498c-9f7b-41043bda9f74,M-1240,SESS-20260731-5347-0170,RENTAL_ACCRUAL,11,108,2026-07-31T23:30:00+08:00
672d6218-e3ac-4c43-9bc9-53e355e4e0a8,M-1779,SESS-20260731-2419-0171,RENTAL_REDEMPTION,-200,198,2026-07-31T22:30:00+08:00
1169e68d-fc32-4629-80c5-7a7b259bf9b8,M-1779,SESS-20260731-2419-0171,RENTAL_ACCRUAL,32,230,2026-08-01T03:30:00+08:00
02afaffd-9514-4957-8bd4-2199d0c357c0,M-1528,SESS-20260731-8280-0172,RENTAL_REDEMPTION,-100,147,2026-07-31T23:45:00+08:00
91adb570-22ee-4a03-aedc-08cc76486b16,M-1528,SESS-20260731-8280-0172,RENTAL_ACCRUAL,10,157,2026-08-01T02:45:00+08:00
1bc9f134-fb2b-4fdd-975f-1674e8194195,M-1267,SESS-20260731-7748-0173,RENTAL_ACCRUAL,5,218,2026-07-31T19:00:00+08:00
890291c7-d5ee-484b-ada9-287760d7bad5,M-1432,SESS-20260731-2162-0174,RENTAL_ACCRUAL,30,3248,2026-08-01T04:05:00+08:00
db8cfde2-9a32-4253-8ceb-fe3ac6fae7af,M-1506,SESS-20260731-3806-0175,RENTAL_ACCRUAL,16,124,2026-07-31T23:00:00+08:00
ec907d0b-da5c-4be1-829f-23f1895b1f59,M-1273,SESS-20260731-9098-0176,RENTAL_REDEMPTION,-100,812,2026-07-31T21:00:00+08:00
a4dab907-c2d0-44b7-995c-03a1ecfb5232,M-1273,SESS-20260731-9098-0176,RENTAL_ACCRUAL,10,822,2026-08-01T00:00:00+08:00
e475f803-c390-44a4-9b5a-e1963fe9d4af,M-1968,SESS-20260731-8667-0177,RENTAL_REDEMPTION,-100,130,2026-07-31T15:30:00+08:00
71cbc50b-8826-4f9a-9577-0b30c77588ca,M-1968,SESS-20260731-8667-0177,RENTAL_ACCRUAL,10,140,2026-07-31T18:30:00+08:00
89f10cde-1ad8-480c-a6e0-4216a1bc6320,M-1624,SESS-20260731-7490-0178,RENTAL_ACCRUAL,19,672,2026-07-31T15:15:00+08:00
e70d7ba3-bc1e-455a-b507-b09b79c0fff8,M-1530,SESS-20260731-6213-0179,RENTAL_REDEMPTION,-100,126,2026-07-31T18:30:00+08:00
6be67304-a98e-4ba2-a5ee-9e8ee66ee470,M-1530,SESS-20260731-6213-0179,RENTAL_ACCRUAL,4,130,2026-07-31T20:30:00+08:00
e1153da2-f973-495c-b01d-7fe3ea9f9a3d,M-1237,SESS-20260731-9985-0180,RENTAL_REDEMPTION,-300,66,2026-07-31T22:30:00+08:00
44b744b9-2b9c-4441-9cb4-2daa609c25d2,M-1237,SESS-20260731-9985-0180,RENTAL_ACCRUAL,9,75,2026-08-01T03:30:00+08:00
b5ae4823-42ef-40d8-b5ac-5e04af33a27c,M-1444,SESS-20260731-4806-0181,RENTAL_ACCRUAL,30,3408,2026-08-01T00:50:00+08:00
9f87a107-78a6-4210-9400-e00f6ba99baf,M-1745,SESS-20260731-1271-0182,RENTAL_ACCRUAL,11,108,2026-07-31T22:45:00+08:00
3fed8843-adae-4b4e-b12b-3fe03764b99e,M-1677,SESS-20260731-1781-0183,RENTAL_ACCRUAL,16,131,2026-08-01T02:15:00+08:00
42f52206-8aa9-4824-889f-90da55d0f45a,M-2005,SESS-20260731-3806-0184,RENTAL_REDEMPTION,-100,53,2026-07-31T21:15:00+08:00
12d54cb8-d409-480d-8e15-3e696145ae16,M-2005,SESS-20260731-3806-0184,RENTAL_ACCRUAL,11,64,2026-07-31T23:15:00+08:00
ed8ba009-d9bd-4725-ac4b-99c273de8470,M-1922,SESS-20260731-2165-0185,RENTAL_ACCRUAL,40,158,2026-08-01T03:45:00+08:00
4b21e2c9-5ff9-4a3a-b5c9-919d1a05b7dc,M-1897,SESS-20260731-8544-0186,RENTAL_REDEMPTION,-200,83,2026-07-31T17:45:00+08:00
edc82f62-68a8-432a-8c1c-8c3c41e5063e,M-1897,SESS-20260731-8544-0186,RENTAL_ACCRUAL,5,88,2026-07-31T19:45:00+08:00
49be4f5d-2436-4fe0-9239-c4d72825e2bb,M-1978,SESS-20260731-7692-0187,RENTAL_ACCRUAL,15,128,2026-07-31T18:45:00+08:00
37ab7451-0243-41f8-aae7-a4e9c255e4b7,M-1410,SESS-20260731-2424-0188,RENTAL_REDEMPTION,-300,845,2026-07-31T18:45:00+08:00
b56def33-e869-4536-9a9b-4de10224f08b,M-1410,SESS-20260731-2424-0188,RENTAL_ACCRUAL,25,870,2026-07-31T23:45:00+08:00
58ea9473-7d37-4a2e-96e5-6948b7f62824,M-1743,SESS-20260731-4807-0189,RENTAL_ACCRUAL,28,594,2026-08-01T01:45:00+08:00
ada10daa-b899-45fe-8e78-ae8d22e807d3,M-1753,SESS-20260731-6406-0190,RENTAL_ACCRUAL,5,446,2026-07-31T13:45:00+08:00
3950ab4d-5d6c-421a-a552-b125d68bf500,M-1119,SESS-20260731-9690-0191,RENTAL_ACCRUAL,67,296,2026-08-01T03:00:00+08:00
f59f649d-6bc6-4d70-8a9a-e65dcd51bb7a,M-1136,SESS-20260731-4769-0192,RENTAL_ACCRUAL,11,105,2026-07-31T21:45:00+08:00
5fc5f4b1-e9cc-4373-8601-fb2afadfc180,M-1235,SESS-20260731-6782-0193,RENTAL_ACCRUAL,6,187,2026-07-31T22:35:00+08:00
e9bc4630-43a4-4707-8d8e-300fc1037869,M-1399,SESS-20260731-5383-0194,RENTAL_ACCRUAL,27,159,2026-07-31T15:45:00+08:00
56f0956b-05e0-4e6b-b1d6-f96415f2f6ac,M-1863,SESS-20260731-6393-0195,RENTAL_ACCRUAL,15,46,2026-07-31T18:15:00+08:00
ac48620e-3fae-4511-8cf2-431e2cc9b7f8,M-1641,SESS-20260731-8071-0196,RENTAL_REDEMPTION,-100,68,2026-07-31T20:45:00+08:00
d46a36b6-8e05-41db-86b6-cf40ef1d8bc9,M-1641,SESS-20260731-8071-0196,RENTAL_ACCRUAL,34,102,2026-07-31T23:45:00+08:00
4e6fba4b-e118-462b-8866-7be4d74b087f,M-2072,SESS-20260731-2596-0197,RENTAL_ACCRUAL,15,125,2026-08-01T01:30:00+08:00
3d32e2b4-32f1-4fe5-809d-557d0eb98f63,M-1498,SESS-20260731-4175-0198,RENTAL_ACCRUAL,40,471,2026-07-31T17:45:00+08:00
8ade70ad-6f00-451a-9158-1ad612cbe485,M-1021,SESS-20260731-4015-0199,RENTAL_ACCRUAL,12,1026,2026-07-31T07:00:00+08:00
485a385d-1740-459c-9cc3-0bb4abd8982b,M-1115,SESS-20260731-4581-0200,RENTAL_ACCRUAL,45,252,2026-07-31T18:30:00+08:00
94a848b7-92d3-4635-8dce-17e714649062,M-1895,SESS-20260731-7341-0201,RENTAL_REDEMPTION,-200,200,2026-07-31T19:20:00+08:00
f6b3397b-8e72-4a92-9dda-1e78b4122621,M-1895,SESS-20260731-7341-0201,RENTAL_ACCRUAL,14,214,2026-07-31T22:20:00+08:00
48ad1190-f805-46f8-92e4-15a611183a72,M-1625,SESS-20260731-6557-0202,RENTAL_REDEMPTION,-100,2460,2026-07-31T19:40:00+08:00
104645d4-2914-4354-afc1-647a3e5358f5,M-1625,SESS-20260731-6557-0202,RENTAL_ACCRUAL,4,2464,2026-07-31T21:40:00+08:00
d0e77fd5-a611-44a3-8683-2e39218761a9,M-1057,SESS-20260731-4092-0203,RENTAL_REDEMPTION,-100,74,2026-07-31T23:05:00+08:00
9c2b01e3-3130-4300-8cb9-940a14c7f699,M-1057,SESS-20260731-4092-0203,RENTAL_ACCRUAL,11,85,2026-08-01T01:05:00+08:00
8cf08bc6-0ac2-46e0-9517-bfdd34d58b0d,M-2086,SESS-20260731-1811-0204,RENTAL_ACCRUAL,15,129,2026-08-01T02:15:00+08:00
5a91a369-e9f5-4abb-8ee2-47d59bfd6e28,M-2142,SESS-20260731-2038-0205,RENTAL_ACCRUAL,8,105,2026-07-31T19:35:00+08:00
ed786571-5749-4704-8608-1c14d406c137,M-1026,SESS-20260731-9487-0206,RENTAL_REDEMPTION,-100,1614,2026-07-31T22:50:00+08:00
5af2b56d-6365-420d-8187-d138fe90b693,M-1026,SESS-20260731-9487-0206,RENTAL_ACCRUAL,4,1618,2026-08-01T00:50:00+08:00
54a7b243-1f91-43ea-adba-cf02ac8a175a,M-1897,SESS-20260731-9936-0207,RENTAL_ACCRUAL,9,97,2026-07-31T22:15:00+08:00
11af2c23-c604-45c4-8e5f-0869f0a36377,M-1431,SESS-20260731-4457-0208,RENTAL_ACCRUAL,11,534,2026-07-31T22:05:00+08:00
fbd1900c-6532-4eea-bc7b-9f4e21509a2d,M-1319,SESS-20260731-5115-0209,RENTAL_REDEMPTION,-200,66,2026-07-31T22:35:00+08:00
045052b7-fb72-4e4f-b1de-1b8f5f0aa9b2,M-1319,SESS-20260731-5115-0209,RENTAL_ACCRUAL,5,71,2026-08-01T00:35:00+08:00
222584cb-8b37-44a6-bae4-c99cb7afda0a,M-1013,SESS-20260731-3537-0210,RENTAL_ACCRUAL,16,302,2026-07-31T16:30:00+08:00
47451acb-90cf-4460-9593-df05ad6c14f3,M-1666,SESS-20260731-6439-0211,RENTAL_REDEMPTION,-100,144,2026-07-31T23:00:00+08:00
bba13bf0-41cc-4a8a-8857-d922c44c2456,M-1666,SESS-20260731-6439-0211,RENTAL_ACCRUAL,2,146,2026-08-01T00:00:00+08:00
fd4527bf-02e7-4bfc-a850-a5c9059df3cc,M-2044,SESS-20260731-5507-0212,RENTAL_ACCRUAL,27,203,2026-07-31T21:45:00+08:00
8663eb6a-dca6-4b80-b1b8-d2acaf957b1c,M-1395,SESS-20260731-8388-0213,RENTAL_REDEMPTION,-400,44,2026-07-31T22:45:00+08:00
cb925904-3226-4f97-9bde-2b98a7ce16e4,M-1395,SESS-20260731-8388-0213,RENTAL_ACCRUAL,20,64,2026-08-01T03:45:00+08:00
c7c94e01-24c8-484f-b1ad-18e1151b39f4,M-2038,SESS-20260731-3010-0214,RENTAL_ACCRUAL,27,218,2026-07-31T17:15:00+08:00
f22e9528-b0e0-4c76-9b28-b141328849ee,M-1742,SESS-20260731-2441-0215,RENTAL_ACCRUAL,67,206,2026-07-31T18:30:00+08:00
5e01d046-5379-444f-8490-52a4e2c0cc57,M-1288,SESS-20260731-5187-0216,RENTAL_REDEMPTION,-100,916,2026-07-31T20:45:00+08:00
64187f6c-b480-40dc-bd62-2a566a0da6b4,M-1288,SESS-20260731-5187-0216,RENTAL_ACCRUAL,6,922,2026-07-31T21:45:00+08:00
4f4e6622-11d7-4c56-aead-0c6eb17160c3,M-1355,SESS-20260731-4758-0217,RENTAL_REDEMPTION,-100,215,2026-07-31T16:15:00+08:00
9843f57d-d564-4430-90bd-c76946059893,M-1355,SESS-20260731-4758-0217,RENTAL_ACCRUAL,5,220,2026-07-31T18:15:00+08:00
a416db48-9cec-4f33-9e92-43183b5205ef,M-1577,SESS-20260731-9778-0218,RENTAL_ACCRUAL,5,106,2026-07-31T20:10:00+08:00
d1646147-8165-4c09-807e-03451b25401f,M-1429,SESS-20260731-2646-0219,RENTAL_ACCRUAL,45,572,2026-08-01T04:45:00+08:00
850cba05-f618-4617-bcaf-68cf04ec8283,M-1429,TIER_UPGRADE_Silver_TO_Gold,TIER_BONUS,100,672,2026-08-01T04:45:00+08:00
cbc19668-615d-4ff7-9e77-015eb07c6c08,M-1673,SESS-20260731-9700-0220,RENTAL_REDEMPTION,-200,421,2026-07-31T18:15:00+08:00
45db8cda-fea2-4b7b-81fb-e5fe96882327,M-1673,SESS-20260731-9700-0220,RENTAL_ACCRUAL,4,425,2026-07-31T21:15:00+08:00
fd734f52-69d8-4dc5-a361-3b441aa1ea92,M-2038,SESS-20260731-2772-0221,RENTAL_REDEMPTION,-100,118,2026-07-31T22:00:00+08:00
329712e8-6a0e-4a82-a1d2-3a8ec2e53eb2,M-2038,SESS-20260731-2772-0221,RENTAL_ACCRUAL,20,138,2026-08-01T01:00:00+08:00
07ef9068-edae-487d-9cf5-aa95287b1f65,M-1836,SESS-20260731-4193-0222,RENTAL_ACCRUAL,27,536,2026-08-01T02:15:00+08:00
97f37fe3-25e6-4db5-8411-cb1af3ba289a,M-1256,SESS-20260731-7406-0223,RENTAL_REDEMPTION,-100,4,2026-07-31T23:00:00+08:00
da763bb2-4f60-4026-8e17-d39d9d410bbb,M-1256,SESS-20260731-7406-0223,RENTAL_ACCRUAL,34,38,2026-08-01T02:00:00+08:00
1af93344-f415-4662-8176-606c10cc7774,M-1905,SESS-20260731-2012-0224,RENTAL_REDEMPTION,-100,18,2026-07-31T20:15:00+08:00
6ba534f4-148e-4653-b1e4-516c02535db2,M-1905,SESS-20260731-2012-0224,RENTAL_ACCRUAL,5,23,2026-07-31T22:15:00+08:00
825befcc-c75f-49c3-83f0-001f481fdc03,M-1258,SESS-20260731-2967-0225,RENTAL_ACCRUAL,27,480,2026-08-01T00:30:00+08:00
ff956e16-df69-4a45-8a37-a03829fbc3ed,M-1598,SESS-20260731-8723-0226,RENTAL_ACCRUAL,45,130,2026-08-01T06:20:00+08:00
3b5dbeac-664e-4ad5-bbd4-b27d62cf8723,M-1172,SESS-20260731-5067-0227,RENTAL_ACCRUAL,30,522,2026-08-01T04:35:00+08:00
2920bc84-7920-4985-8a62-80114c114a65,M-1936,SESS-20260731-2590-0228,RENTAL_REDEMPTION,-100,10,2026-07-31T21:25:00+08:00
254fed92-bc7b-434f-a124-b5015bec89c4,M-1936,SESS-20260731-2590-0228,RENTAL_ACCRUAL,5,15,2026-07-31T23:25:00+08:00
c1d689d7-a6f5-4bc0-86c9-7e5e42d7344b,M-1642,SESS-20260731-2406-0229,RENTAL_ACCRUAL,12,232,2026-07-31T20:30:00+08:00
138db38b-a6b7-4efa-a940-2ac30eb32cb8,M-1758,SESS-20260731-2377-0230,RENTAL_ACCRUAL,60,338,2026-07-31T22:45:00+08:00
14cad163-36d7-426e-ad8f-87dc8cf48c34,M-1758,TIER_UPGRADE_Standard_TO_Silver,TIER_BONUS,50,388,2026-07-31T22:45:00+08:00
90bf4ad5-b5f1-4ae9-8e5e-a2bf7acef256,M-1056,SESS-20260731-1168-0231,RENTAL_ACCRUAL,11,279,2026-07-31T20:30:00+08:00
3166ea24-8de6-4944-8b02-5e72bc3eb132,M-1498,SESS-20260731-2350-0232,RENTAL_ACCRUAL,67,538,2026-08-01T00:15:00+08:00
0a554e0a-b4d2-4b8d-8989-78ec9d590c23,M-1029,SESS-20260731-7343-0233,RENTAL_ACCRUAL,28,771,2026-07-31T22:30:00+08:00
41f80736-354b-470a-8160-d1b2230f11ff,M-2076,SESS-20260731-6820-0234,RENTAL_ACCRUAL,24,85,2026-07-31T13:30:00+08:00
d8e9adbb-6d8d-414f-b54c-38a2cca42ba9,M-1100,SESS-20260731-4557-0235,RENTAL_REDEMPTION,-100,6,2026-07-31T17:30:00+08:00
aeaaeba5-5d3c-4854-845b-68d729a12c1f,M-1100,SESS-20260731-4557-0235,RENTAL_ACCRUAL,20,26,2026-07-31T19:30:00+08:00
8cacc4ac-f3b0-4a82-aa85-63502ace1d78,M-1557,SESS-20260731-3950-0236,RENTAL_ACCRUAL,27,385,2026-08-01T02:25:00+08:00
70347ea0-1c6b-4794-88b1-ac45963536a8,M-2119,SESS-20260731-8853-0237,RENTAL_REDEMPTION,-100,109,2026-07-31T21:00:00+08:00
302b5c14-7c93-4738-adce-cab20b28a52d,M-2119,SESS-20260731-8853-0237,RENTAL_ACCRUAL,11,120,2026-07-31T23:00:00+08:00
842de3ba-07c9-43df-b876-ca9d6a32ae2a,M-1345,SESS-20260731-3663-0238,RENTAL_ACCRUAL,16,348,2026-08-01T02:15:00+08:00
6d091369-a6bc-4e61-b4f1-668bae76f7b7,M-1463,SESS-20260731-4248-0239,RENTAL_ACCRUAL,9,3669,2026-08-01T00:15:00+08:00
133f4ef3-09e4-4494-b69b-47bab93d1684,M-1411,SESS-20260731-6338-0240,RENTAL_ACCRUAL,14,639,2026-07-31T14:30:00+08:00
4c038cc6-96cc-4b1f-9646-4032b667ce1a,M-1891,SESS-20260731-8752-0241,RENTAL_REDEMPTION,-100,26,2026-07-31T12:15:00+08:00
db891a20-fa49-4775-95d6-b6792ad6632f,M-1891,SESS-20260731-8752-0241,RENTAL_ACCRUAL,20,46,2026-07-31T17:15:00+08:00
a718a13e-ab01-430e-9c03-5d932972d318,M-1330,SESS-20260731-9757-0242,RENTAL_ACCRUAL,12,3446,2026-08-01T00:35:00+08:00
c0b07847-dbf1-4f1e-a7d0-3afd5869f099,M-1695,SESS-20260731-9728-0243,RENTAL_ACCRUAL,11,131,2026-07-31T15:00:00+08:00
a835dc56-7cea-4943-ab20-5bada46381aa,M-1247,SESS-20260731-3208-0244,RENTAL_ACCRUAL,6,2280,2026-07-31T22:45:00+08:00
48257803-a384-4059-82da-8c79678672c1,M-1062,SESS-20260731-1327-0245,RENTAL_ACCRUAL,18,488,2026-07-31T23:45:00+08:00
de4ed5b4-c6ca-4fe3-a86e-8211207ffc3e,M-1260,SESS-20260731-4523-0246,RENTAL_REDEMPTION,-200,124,2026-07-31T18:30:00+08:00
032606bc-fad5-4655-bebb-ce117d56a754,M-1260,SESS-20260731-4523-0246,RENTAL_ACCRUAL,4,128,2026-07-31T20:30:00+08:00
0f7afdcd-cc43-4674-802d-ed92fdc48aa4,M-1992,SESS-20260731-4831-0247,RENTAL_ACCRUAL,25,123,2026-08-01T01:25:00+08:00
e114b105-74a7-4c4c-8c31-de6e4ff71197,M-1992,TIER_UPGRADE_Standard_TO_Silver,TIER_BONUS,50,173,2026-08-01T01:25:00+08:00
f888759e-14ce-44e9-9c28-509802dae6bf,M-1372,SESS-20260731-5594-0248,RENTAL_ACCRUAL,11,33,2026-08-01T01:00:00+08:00
f830fd4d-38c7-4f5e-937a-a7df18548ec5,M-1108,SESS-20260731-7514-0249,RENTAL_ACCRUAL,16,394,2026-07-31T21:55:00+08:00
f0e862e7-fdc8-4bea-a354-1d5518c862a5,M-1490,SESS-20260731-3760-0250,RENTAL_ACCRUAL,18,205,2026-07-31T23:00:00+08:00
01c1b8e3-ebf0-41f4-97ce-f53e6f93592f,M-1326,SESS-20260731-6035-0251,RENTAL_ACCRUAL,27,579,2026-07-31T21:55:00+08:00
549c9318-84c2-4938-9b04-967316f962b0,M-1854,SESS-20260731-5037-0252,RENTAL_REDEMPTION,-100,101,2026-07-31T18:35:00+08:00
a5390918-6cce-41fd-a014-3aeec69a1a71,M-1854,SESS-20260731-5037-0252,RENTAL_ACCRUAL,3,104,2026-07-31T19:35:00+08:00
7ea37042-da19-4b6c-966b-90957ab3253d,M-1094,SESS-20260731-9687-0253,RENTAL_ACCRUAL,9,468,2026-07-31T23:45:00+08:00
75944e68-2020-475a-8d94-b73438e67de5,M-1280,SESS-20260731-6253-0254,RENTAL_ACCRUAL,6,471,2026-07-31T20:45:00+08:00
e9e4e94f-7854-4f14-b102-1362dc54e68e,M-2068,SESS-20260731-5036-0255,RENTAL_ACCRUAL,10,139,2026-07-31T23:30:00+08:00
0c9c9787-b752-4bfd-81f0-313613fc7501,M-2197,SESS-20260731-4964-0256,RENTAL_ACCRUAL,40,283,2026-08-01T01:00:00+08:00
32f61616-9659-42d3-8d8c-840ecbad235d,M-1993,SESS-20260731-9795-0257,RENTAL_ACCRUAL,16,84,2026-07-31T22:35:00+08:00
8e870aed-4a49-4b2a-97f3-17238d983e15,M-1483,SESS-20260731-2691-0258,RENTAL_ACCRUAL,40,498,2026-07-31T22:30:00+08:00
bdc7912f-f254-4a28-b22f-a01c5daa5dcb,M-1948,SESS-20260731-2623-0259,RENTAL_ACCRUAL,25,112,2026-08-01T03:55:00+08:00
5bcff145-2296-4f48-914b-0473d805f7f5,M-1859,SESS-20260731-6761-0260,RENTAL_ACCRUAL,60,104,2026-08-01T00:35:00+08:00
d7a4333b-3e55-4a6f-b195-a6c21bcf9557,M-1193,SESS-20260731-8385-0261,RENTAL_ACCRUAL,67,482,2026-08-01T03:55:00+08:00
4c4e71bf-de2f-478e-8088-1b16c646a8dd,M-1388,SESS-20260731-3228-0262,RENTAL_REDEMPTION,-100,89,2026-07-31T22:35:00+08:00
f7f32d42-6563-47be-8477-fa32445bab5f,M-1388,SESS-20260731-3228-0262,RENTAL_ACCRUAL,65,154,2026-08-01T06:35:00+08:00
efebee07-4dd9-4344-aee6-32c42f6e8696,M-1988,SESS-20260731-3041-0263,RENTAL_ACCRUAL,25,88,2026-07-31T17:15:00+08:00
2e05cc50-7493-4cf7-817b-1df5c2212825,M-1687,SESS-20260731-4160-0264,RENTAL_ACCRUAL,5,356,2026-07-31T23:15:00+08:00
1bfdcda7-e774-4269-a266-5875d064b861,M-1010,SESS-20260731-3419-0265,RENTAL_REDEMPTION,-100,45,2026-07-31T16:30:00+08:00
b18bb644-ccb4-4daa-802d-41cf0ea9bb60,M-1010,SESS-20260731-3419-0265,RENTAL_ACCRUAL,34,79,2026-07-31T19:30:00+08:00
a427a63c-7f9a-43eb-8e58-46ab95206de7,M-1792,SESS-20260731-7575-0266,RENTAL_ACCRUAL,6,2081,2026-07-31T22:55:00+08:00
e293a009-2b9e-4843-b7ec-1b3a55f46886,M-1055,SESS-20260731-5122-0267,RENTAL_ACCRUAL,11,144,2026-07-31T22:35:00+08:00
a1d7b79a-a321-4382-8dc6-eeae8dc173d3,M-1831,SESS-20260731-1646-0268,RENTAL_ACCRUAL,45,217,2026-08-01T06:45:00+08:00
dbd26dfe-eaf1-4ddf-a120-bfd26e2c10d2,M-2034,SESS-20260731-2145-0269,RENTAL_ACCRUAL,16,249,2026-07-31T23:20:00+08:00
3feefe3a-f529-4634-8a46-0d21312d9e62,M-2027,SESS-20260731-2891-0270,RENTAL_ACCRUAL,40,210,2026-07-31T23:50:00+08:00
9c955668-bd3a-490b-8ba3-9ee13e6348df,M-1230,SESS-20260731-4591-0271,RENTAL_ACCRUAL,27,961,2026-07-31T12:30:00+08:00
9c5d7572-16f7-45a0-a737-2aa448bb45d2,M-1091,SESS-20260731-7582-0272,RENTAL_ACCRUAL,64,172,2026-08-01T05:45:00+08:00
83faed1b-2d1f-4f65-967e-588cc9a0c7fd,M-1091,TIER_UPGRADE_Standard_TO_Silver,TIER_BONUS,50,222,2026-08-01T05:45:00+08:00
e4374ad2-bb7a-4258-b055-fa1573305b6e,M-1602,SESS-20260731-2715-0273,RENTAL_ACCRUAL,28,296,2026-07-31T23:15:00+08:00
a7d2d2ba-cde2-4ab6-85e2-81613b34a829,M-1261,SESS-20260731-9638-0274,RENTAL_ACCRUAL,18,343,2026-08-01T00:00:00+08:00
27c8ca54-59d1-4fec-986b-c769b846b20c,M-1030,SESS-20260731-5446-0275,RENTAL_ACCRUAL,27,269,2026-07-31T04:15:00+08:00
5e44a06c-66ac-4426-bb45-822f2ac58ce8,M-2163,SESS-20260731-6396-0276,RENTAL_ACCRUAL,9,151,2026-08-01T00:40:00+08:00
f28e9b5b-6bf5-4b49-a769-3ae22d56db91,M-1731,SESS-20260731-6472-0277,RENTAL_ACCRUAL,5,100,2026-07-31T19:45:00+08:00
f64fb623-2b99-4b03-a1c1-a425d6a7dd30,M-1420,SESS-20260731-8795-0278,RENTAL_ACCRUAL,18,327,2026-08-01T01:55:00+08:00
735cc358-65d4-42b1-8fbc-bf1c8796c6d6,M-1469,SESS-20260731-1359-0279,RENTAL_ACCRUAL,16,307,2026-07-31T18:45:00+08:00
4f697f6f-c3e3-43c9-bdbc-bcf0d171512e,M-1567,SESS-20260731-5084-0280,RENTAL_REDEMPTION,-100,107,2026-07-31T19:45:00+08:00
fc39334e-15b3-4c83-bb57-5ded6d247090,M-1567,SESS-20260731-5084-0280,RENTAL_ACCRUAL,101,208,2026-08-01T03:45:00+08:00
b881541b-7b98-4b74-866c-806b915f7f8a,M-1354,SESS-20260731-5413-0281,RENTAL_ACCRUAL,27,428,2026-07-31T14:30:00+08:00
d5444627-f679-4375-9a70-7df494466dff,M-1485,SESS-20260731-3563-0282,RENTAL_ACCRUAL,11,121,2026-07-31T22:40:00+08:00
14cb36d3-fd6e-4f40-b2b6-c9dba58af750,M-1654,SESS-20260731-8463-0283,RENTAL_ACCRUAL,11,385,2026-08-01T00:00:00+08:00
4cde8694-e2a1-4a86-8265-2e6463665624,M-1679,SESS-20260731-6788-0284,RENTAL_ACCRUAL,28,563,2026-08-01T02:30:00+08:00
eba93491-b7f9-46b8-baeb-2af8473b624c,M-1489,SESS-20260731-5915-0285,RENTAL_ACCRUAL,5,642,2026-08-01T00:30:00+08:00
fbcfbd79-7a45-4720-8e90-a77c174a5d55,M-1015,SESS-20260731-4757-0286,RENTAL_ACCRUAL,9,506,2026-07-31T15:45:00+08:00
897e71de-a0dd-443b-b28b-7a14a3bb5094,M-1486,SESS-20260731-1620-0287,RENTAL_ACCRUAL,5,257,2026-07-31T22:45:00+08:00
d8dd6cee-8f5e-4f7e-96e6-476e0b158ea2,M-1054,SESS-20260731-7262-0288,RENTAL_ACCRUAL,11,251,2026-07-31T19:25:00+08:00
b2a1b04a-48d5-47be-96d7-952305d380ad,M-1678,SESS-20260731-6196-0289,RENTAL_ACCRUAL,28,274,2026-08-01T01:25:00+08:00
60da20af-cf01-46b7-ae71-48a9bfcdccd9,M-1681,SESS-20260731-6397-0290,RENTAL_ACCRUAL,28,229,2026-07-31T23:45:00+08:00
b147be9e-c6d4-4491-8f90-da94e91bce73,M-2036,SESS-20260731-9034-0291,RENTAL_ACCRUAL,16,45,2026-07-31T03:00:00+08:00
78f74886-4c78-4a92-b860-755231b692fd,M-1722,SESS-20260731-8182-0292,RENTAL_ACCRUAL,5,594,2026-08-01T00:45:00+08:00
c1fe4acc-cc11-424a-90f5-04d756a20f5e,M-1791,SESS-20260731-9843-0293,RENTAL_REDEMPTION,-200,129,2026-07-31T14:15:00+08:00
5785ee59-e220-41fd-845a-d99ea12d7272,M-1791,SESS-20260731-9843-0293,RENTAL_ACCRUAL,15,144,2026-07-31T19:15:00+08:00
02bc5f7a-e583-43b5-b315-19fccbe5e474,M-1516,SESS-20260731-8960-0294,RENTAL_ACCRUAL,9,508,2026-07-31T23:50:00+08:00
ccd40c32-e8b2-4fe9-83b5-9ebb51e0764c,M-2045,SESS-20260731-1454-0295,RENTAL_ACCRUAL,10,13,2026-08-01T00:15:00+08:00
536514c9-f781-4d65-9791-ce7bd6e47f21,M-1364,SESS-20260731-6109-0296,RENTAL_ACCRUAL,19,1058,2026-07-31T21:45:00+08:00
3ebc8fcd-e191-465a-bdfd-92c48d6094dd,M-2049,SESS-20260731-8252-0297,RENTAL_ACCRUAL,10,117,2026-07-31T20:30:00+08:00
bc3cbd15-e43b-4d1d-9397-52385ef10b41,M-1625,SESS-20260731-6717-0298,RENTAL_ACCRUAL,12,2476,2026-08-01T01:05:00+08:00
992d54f3-6e30-476a-a2a4-6cfd0bb46973,M-1098,SESS-20260731-9878-0299,RENTAL_ACCRUAL,43,805,2026-07-31T20:45:00+08:00
860338da-b88d-4d7d-a71a-751ffca9e63f,M-1455,SESS-20260731-1998-0300,RENTAL_ACCRUAL,11,479,2026-07-31T21:35:00+08:00
3fca89c5-4d5d-4f9d-b30f-987fd62c4550,M-1564,SESS-20260731-8001-0301,RENTAL_ACCRUAL,11,544,2026-07-31T18:00:00+08:00
68df6cef-94bf-41fd-bc12-53af26f33bc3,M-1284,SESS-20260731-5270-0302,RENTAL_ACCRUAL,18,295,2026-07-31T21:00:00+08:00
8c4f5656-14cc-4429-84d4-fdb4a06dec41,M-1512,SESS-20260731-4659-0303,RENTAL_ACCRUAL,40,196,2026-07-31T23:00:00+08:00
aa44aca2-45dc-4ea6-812e-a37e11bd1049,M-1932,SESS-20260731-1474-0304,RENTAL_ACCRUAL,25,131,2026-07-31T23:25:00+08:00
bb5c34bd-a218-4980-a59f-71e91ced8dd1,M-1121,SESS-20260731-3048-0305,RENTAL_ACCRUAL,9,67,2026-07-31T19:30:00+08:00
5b4e1ec6-48f5-4302-bc10-3f4c5bb7ee86,M-1843,SESS-20260731-5607-0306,RENTAL_ACCRUAL,15,103,2026-07-31T22:05:00+08:00
22b21c26-95e7-44e7-ab94-0dd4486a3e8f,M-1771,SESS-20260731-6300-0307,RENTAL_REDEMPTION,-100,52,2026-07-31T20:30:00+08:00
55056abe-a2b1-4fc3-9650-c6fcaa0e901c,M-1771,SESS-20260731-6300-0307,RENTAL_ACCRUAL,5,57,2026-07-31T22:30:00+08:00
270308b0-d76f-4934-9964-dd03649ff9fa,M-1027,SESS-20260731-1177-0308,RENTAL_ACCRUAL,11,418,2026-07-31T23:45:00+08:00
81b7ec9a-82ca-4b02-b4f5-46edce013ffc,M-2070,SESS-20260731-8039-0309,RENTAL_ACCRUAL,25,133,2026-08-01T03:30:00+08:00
d0adfe7d-9a98-4c0b-becc-37f02a6b3823,M-1802,SESS-20260731-3008-0310,RENTAL_REDEMPTION,-300,62,2026-07-31T14:00:00+08:00
42f2b089-c26e-460f-9239-702647e6a387,M-1802,SESS-20260731-3008-0310,RENTAL_ACCRUAL,8,70,2026-07-31T17:00:00+08:00
141f94b7-dbdb-4a4b-bf79-e3dd91029254,M-1838,SESS-20260731-9012-0311,RENTAL_ACCRUAL,28,677,2026-08-01T03:05:00+08:00
24d1d1ec-9e5c-41c0-9f00-29354f879fd7,M-1769,SESS-20260731-1769-0312,RENTAL_ACCRUAL,5,238,2026-07-31T23:45:00+08:00
2b9a0fd3-5bd1-4b78-b21d-7676e727a06f,M-1739,SESS-20260731-8651-0313,RENTAL_REDEMPTION,-100,6,2026-07-31T13:00:00+08:00
6e79c294-0fa7-433e-bf1e-50f4ed7b2322,M-1739,SESS-20260731-8651-0313,RENTAL_ACCRUAL,65,71,2026-07-31T21:00:00+08:00
176ee9b0-c70c-4209-b20c-0b8f8acd0055,M-1682,SESS-20260731-1673-0314,RENTAL_ACCRUAL,28,687,2026-07-31T22:35:00+08:00
9506ebca-d9bc-4697-be69-37351c6ccf13,M-1356,SESS-20260731-1505-0315,RENTAL_ACCRUAL,12,882,2026-07-31T21:40:00+08:00
b59f35d2-5696-4be2-872f-5834ef13cb5d,M-1545,SESS-20260731-8464-0316,RENTAL_REDEMPTION,-100,285,2026-07-31T14:15:00+08:00
8b08f849-9d8f-40b4-a8dc-94a917f8b130,M-1545,SESS-20260731-8464-0316,RENTAL_ACCRUAL,5,290,2026-07-31T16:15:00+08:00
7d417692-b450-48c0-86a2-6dd97538f696,M-1823,SESS-20260731-4535-0317,RENTAL_REDEMPTION,-100,431,2026-07-31T23:05:00+08:00
f3672d1a-09b7-4701-bce4-9af1b922203e,M-1823,SESS-20260731-4535-0317,RENTAL_ACCRUAL,7,438,2026-08-01T00:05:00+08:00
94d54a1e-d41e-4288-aafd-ff64f20f0dab,M-1230,SESS-20260731-2801-0318,RENTAL_ACCRUAL,11,972,2026-08-01T00:15:00+08:00
e5c49527-4866-4428-8419-9ca23a34d47b,M-1648,SESS-20260731-6438-0319,RENTAL_ACCRUAL,12,357,2026-07-31T23:55:00+08:00
a96e5a95-d0f7-4971-874b-a66aa34422ea,M-1592,SESS-20260731-1589-0320,RENTAL_ACCRUAL,13,374,2026-07-31T23:40:00+08:00
636de398-106b-4e27-8d1a-52d3c15f0fdb,M-1650,SESS-20260731-5129-0321,RENTAL_ACCRUAL,5,92,2026-07-31T23:20:00+08:00
d0751f0a-055c-4525-8ba3-be8025c47438,M-1618,SESS-20260731-2954-0322,RENTAL_ACCRUAL,27,282,2026-07-31T19:50:00+08:00
72a1c4e8-49b2-4a83-9f94-8e19d4c6c766,M-2060,SESS-20260731-5913-0323,RENTAL_ACCRUAL,5,26,2026-07-31T23:55:00+08:00
516f750c-1c9e-42ac-aee7-fbfe4819d22c,M-1803,SESS-20260731-3229-0324,RENTAL_ACCRUAL,27,212,2026-08-01T00:55:00+08:00
9564d244-beda-480b-80e8-bc65a2d60a93,M-1731,SESS-20260731-9644-0325,RENTAL_REDEMPTION,-100,0,2026-07-31T20:45:00+08:00
f853eb86-ef0d-48b2-b86b-c8ff6e8856a3,M-1731,SESS-20260731-9644-0325,RENTAL_ACCRUAL,20,20,2026-07-31T23:45:00+08:00
4651e7c0-f534-46b7-8008-9cf66cbd96a9,M-1136,SESS-20260731-4477-0326,RENTAL_ACCRUAL,28,133,2026-08-01T03:50:00+08:00
b199c0fa-ed6d-43ab-a10b-f0a8eb865bd8,M-1695,SESS-20260731-9029-0327,RENTAL_ACCRUAL,9,140,2026-07-31T16:30:00+08:00
d09805a2-d463-4b14-bf2c-4faa7cc4b0a7,M-1547,SESS-20260731-5960-0328,RENTAL_ACCRUAL,28,367,2026-08-01T04:50:00+08:00
b8739881-175a-4ee8-a17d-a6413be4bced,M-1537,SESS-20260731-5736-0329,RENTAL_ACCRUAL,11,332,2026-07-31T23:55:00+08:00
f63673fb-082b-45d3-b9e0-7f02c54d9a45,M-1763,SESS-20260731-1253-0330,RENTAL_REDEMPTION,-200,150,2026-07-31T16:40:00+08:00
7a9754a1-22b7-4606-91d1-6c37078b952d,M-1763,SESS-20260731-1253-0330,RENTAL_ACCRUAL,14,164,2026-07-31T19:40:00+08:00
e9b7022a-80aa-45dd-92d0-c2713b4a99df,M-1063,SESS-20260731-2526-0331,RENTAL_ACCRUAL,5,344,2026-08-01T00:00:00+08:00
618dc926-1429-4164-81f0-3f2235d35890,M-1451,SESS-20260731-6892-0332,RENTAL_ACCRUAL,5,355,2026-07-31T14:15:00+08:00
e25900f8-c123-4903-b6d2-c3f3443ca7e4,M-1802,SESS-20260731-9323-0333,RENTAL_ACCRUAL,27,97,2026-07-31T19:30:00+08:00
91e2de93-91c4-44fe-b8f7-c20303a68a7f,M-1180,SESS-20260731-4275-0334,RENTAL_ACCRUAL,18,249,2026-08-01T02:30:00+08:00
c21c6939-9c1f-424c-b587-7dc2ad275019,M-1259,SESS-20260731-6796-0335,RENTAL_ACCRUAL,28,458,2026-08-01T01:45:00+08:00
6990d5dc-099a-49ce-a216-511414edc391,M-1447,SESS-20260731-1843-0336,RENTAL_ACCRUAL,9,129,2026-07-31T21:00:00+08:00
f9902a70-8bf0-4a71-ab24-7dc7dadb7965,M-1737,SESS-20260731-8091-0337,RENTAL_REDEMPTION,-100,74,2026-07-31T13:35:00+08:00
b7e9b6da-1fd0-47a2-a156-2c50e58bb3da,M-1737,SESS-20260731-8091-0337,RENTAL_ACCRUAL,11,85,2026-07-31T15:35:00+08:00
b8556462-8291-4568-bab5-955e62b1aa42,M-1271,SESS-20260731-1688-0338,RENTAL_ACCRUAL,11,294,2026-07-31T23:30:00+08:00
587c4f84-9968-48d4-8c10-8d5449b57680,M-2100,SESS-20260731-1564-0339,RENTAL_REDEMPTION,-100,220,2026-07-31T23:50:00+08:00
40099410-2510-4f09-87b5-233cd0f59293,M-2100,SESS-20260731-1564-0339,RENTAL_ACCRUAL,5,225,2026-08-01T01:50:00+08:00
8616e6ab-366d-4922-837b-979b74ac747b,M-1594,SESS-20260731-3669-0340,RENTAL_ACCRUAL,27,216,2026-07-31T22:45:00+08:00
2f0089c5-215d-498c-b516-4a85f2bd9a92,M-1314,SESS-20260731-3318-0341,RENTAL_ACCRUAL,9,223,2026-07-31T20:15:00+08:00
c125a811-6774-4ca5-b4e7-a7ade730f45a,M-1239,SESS-20260731-2056-0342,RENTAL_ACCRUAL,11,98,2026-07-31T15:00:00+08:00
de1f56f1-e101-4b10-b306-5c0213547c64,M-2034,SESS-20260731-9392-0343,RENTAL_ACCRUAL,24,273,2026-08-01T02:55:00+08:00
22094b96-9340-40ed-9b61-4edf739b9c02,M-1965,SESS-20260731-6011-0344,RENTAL_ACCRUAL,40,224,2026-08-01T04:45:00+08:00
f088913d-32e5-4bf2-8d59-435b923f8681,M-1076,SESS-20260731-1536-0345,RENTAL_ACCRUAL,9,23,2026-07-31T23:40:00+08:00
d3792294-4b70-4b97-8e14-1aa17425cf83,M-1534,SESS-20260731-4780-0346,RENTAL_ACCRUAL,18,197,2026-07-31T23:15:00+08:00
96aa49c2-2f9e-4978-96fe-777c8dd529e9,M-1435,SESS-20260731-9742-0347,RENTAL_REDEMPTION,-200,103,2026-07-31T19:45:00+08:00
018e6d04-7535-42d9-a75a-1c3de39e9a12,M-1435,SESS-20260731-9742-0347,RENTAL_ACCRUAL,15,118,2026-08-01T00:45:00+08:00
c293856a-9629-4dd0-8954-56cf4fe725c4,M-2040,SESS-20260731-3554-0348,RENTAL_ACCRUAL,8,66,2026-08-01T00:25:00+08:00
9b685e56-14f8-4e56-8d7b-6827c7fcd8d1,M-1394,SESS-20260731-7682-0349,RENTAL_ACCRUAL,13,491,2026-07-31T23:00:00+08:00
99eae28f-a6e2-41ea-b6c8-71d648cded2b,M-2077,SESS-20260731-6554-0350,RENTAL_REDEMPTION,-100,74,2026-07-31T23:05:00+08:00
989a5887-2d02-4b9c-a235-4437ac66d427,M-2077,SESS-20260731-6554-0350,RENTAL_ACCRUAL,20,94,2026-08-01T04:05:00+08:00
31d0864c-a786-46aa-8eef-37723d9aef95,M-1549,SESS-20260731-3982-0351,RENTAL_REDEMPTION,-100,173,2026-07-31T17:00:00+08:00
0cceee34-2e0a-4849-aec1-c120d5aada4d,M-1549,SESS-20260731-3982-0351,RENTAL_ACCRUAL,10,183,2026-07-31T20:00:00+08:00
0a8a61bc-d7e8-4d2b-b9a7-5abbb036efe5,M-1906,SESS-20260731-2438-0352,RENTAL_ACCRUAL,10,12,2026-08-01T00:30:00+08:00
71ce6ad0-af64-4ee8-a18c-c99af066f4c7,M-1553,SESS-20260731-2509-0353,RENTAL_ACCRUAL,28,518,2026-07-31T22:45:00+08:00
81bd7fa5-899b-40b7-84a5-4b67c5505022,M-1343,SESS-20260731-4977-0354,RENTAL_ACCRUAL,11,71,2026-08-01T01:05:00+08:00
55a75e3c-ce78-49f1-9b60-7d4e8a79c8eb,M-1033,SESS-20260731-1290-0355,RENTAL_ACCRUAL,16,327,2026-07-31T22:20:00+08:00
7e418ba4-9d6d-4731-9092-3a8050124db5,M-1457,SESS-20260731-9133-0356,RENTAL_ACCRUAL,40,508,2026-07-31T20:20:00+08:00
ea95022b-553e-4ec2-86c4-8e81814b1570,M-1956,SESS-20260731-6685-0357,RENTAL_ACCRUAL,12,127,2026-07-31T23:00:00+08:00
af981282-72b6-46e5-ad54-44d2755273e4,M-1956,TIER_UPGRADE_Standard_TO_Silver,TIER_BONUS,50,177,2026-07-31T23:00:00+08:00
b7cadec8-43d7-4dd7-9eb3-0088739f989f,M-1562,SESS-20260731-9115-0358,RENTAL_ACCRUAL,27,1078,2026-08-01T01:10:00+08:00
0a2fc5eb-90be-42cc-9690-3d305b51a3f0,M-1442,SESS-20260731-6474-0359,RENTAL_ACCRUAL,5,297,2026-07-31T18:15:00+08:00
f8c36a0f-19f9-4a79-9408-936f806d7c5f,M-1734,SESS-20260731-9105-0360,RENTAL_ACCRUAL,11,41,2026-07-31T16:45:00+08:00
43980e3f-5d3d-4fcf-8cc0-058f60f999f9,M-1048,SESS-20260731-5622-0361,RENTAL_REDEMPTION,-100,189,2026-07-31T15:30:00+08:00
ab4e92ca-c459-462d-9bfb-6a649f99aec4,M-1048,SESS-20260731-5622-0361,RENTAL_ACCRUAL,20,209,2026-07-31T18:30:00+08:00
a8c04068-e96c-4b81-a602-0933a30393cf,M-1048,TIER_UPGRADE_Silver_TO_Gold,TIER_BONUS,100,309,2026-07-31T18:30:00+08:00
14da8ee7-c53c-4a11-8a51-1caf5a1831d2,M-1643,SESS-20260731-2327-0362,RENTAL_REDEMPTION,-200,244,2026-07-31T16:00:00+08:00
654ba148-9d54-4244-9261-80bdc354f35e,M-1643,SESS-20260731-2327-0362,RENTAL_ACCRUAL,5,249,2026-07-31T18:00:00+08:00
f3f4ed9e-6748-4b92-b59e-c7af706a7563,M-1843,SESS-20260731-9355-0363,RENTAL_ACCRUAL,24,127,2026-08-01T01:45:00+08:00
e1fb9021-7b95-42e7-8e55-aaf312dd1b65,M-1692,SESS-20260731-7134-0364,RENTAL_ACCRUAL,48,2301,2026-08-01T04:45:00+08:00
b4acef55-a0ab-4204-b20f-5b1c5f41b7ba,M-1805,SESS-20260731-6467-0365,RENTAL_REDEMPTION,-100,402,2026-07-31T22:50:00+08:00
249b776c-3283-4d1f-9179-475cb6cd536d,M-1805,SESS-20260731-6467-0365,RENTAL_ACCRUAL,5,407,2026-08-01T00:50:00+08:00
fb2650b9-7d19-4cdc-9ea3-136d7239dd9f,M-1542,SESS-20260731-7805-0366,RENTAL_ACCRUAL,9,265,2026-07-31T23:45:00+08:00
69e62330-e469-4e2e-a8b0-5688167ff7a8,M-1385,SESS-20260731-7139-0367,RENTAL_ACCRUAL,28,246,2026-08-01T04:20:00+08:00
1c0c4c8d-a94d-4ac0-b09e-46bc580baefe,M-1796,SESS-20260731-3832-0368,RENTAL_ACCRUAL,27,311,2026-07-31T18:15:00+08:00
c12cd25c-a2c3-4182-8e8f-b6f55fce9c86,M-1425,SESS-20260731-3060-0369,RENTAL_ACCRUAL,15,103,2026-08-01T00:15:00+08:00
c0b289cf-cc3a-4602-97b5-173102434b89,M-1313,SESS-20260731-5210-0370,RENTAL_ACCRUAL,11,105,2026-07-31T22:30:00+08:00
f97eb5bc-09c9-4508-9b50-9ee1defb64c1,M-1746,SESS-20260731-6107-0371,RENTAL_ACCRUAL,45,422,2026-08-01T03:10:00+08:00
30441a8e-1bdf-477a-9c2e-2947cba614ca,M-1300,SESS-20260731-6115-0372,RENTAL_ACCRUAL,6,341,2026-07-31T16:05:00+08:00
5eb83dcb-a1f2-4e73-acd6-33bad883cb14,M-1316,SESS-20260731-2856-0373,RENTAL_REDEMPTION,-100,183,2026-07-31T23:05:00+08:00
6ffdf831-7035-40ca-9c9c-8a5e561f9cdb,M-1316,SESS-20260731-2856-0373,RENTAL_ACCRUAL,11,194,2026-08-01T01:05:00+08:00
0004b586-86ed-4437-8835-f7089697d97b,M-1513,SESS-20260731-7474-0374,RENTAL_ACCRUAL,18,338,2026-08-01T01:50:00+08:00
a5bd6077-93b4-4350-b6c6-e66681be45c2,M-1684,SESS-20260731-5538-0375,RENTAL_ACCRUAL,27,528,2026-08-01T01:15:00+08:00
586e9e2d-b56e-4627-8d80-0f0414c7f794,M-1467,SESS-20260731-1066-0376,RENTAL_ACCRUAL,5,318,2026-07-31T20:45:00+08:00
d8695556-52de-4baf-b692-acfe9de5bfd4,M-1129,SESS-20260731-1695-0377,RENTAL_ACCRUAL,9,1038,2026-07-31T22:15:00+08:00
d61abe37-b08b-4ab5-878d-e025722a340d,M-1896,SESS-20260731-8280-0378,RENTAL_ACCRUAL,25,170,2026-08-01T04:40:00+08:00
4df0aa4b-66ce-484f-897a-f11119e5f1f3,M-1348,SESS-20260731-8291-0379,RENTAL_ACCRUAL,27,123,2026-08-01T01:15:00+08:00
91bcce13-33da-45be-8966-eab0435a944b,M-1581,SESS-20260731-2646-0380,RENTAL_ACCRUAL,11,216,2026-08-01T01:55:00+08:00
a4396d3a-c710-45ce-9e55-0417b04641b5,M-1347,SESS-20260731-6110-0381,RENTAL_ACCRUAL,12,3210,2026-08-01T01:35:00+08:00
d781d208-8c38-4770-869c-f0674907c4d6,M-1893,SESS-20260731-9866-0382,RENTAL_ACCRUAL,16,43,2026-08-01T00:20:00+08:00
bba7fe47-0dd4-4aca-adfa-1fcbaa7bb5e6,M-1173,SESS-20260731-3042-0383,RENTAL_REDEMPTION,-100,315,2026-07-31T22:50:00+08:00
79616220-2a11-4bd1-9c1b-9929a5cf1564,M-1173,SESS-20260731-3042-0383,RENTAL_ACCRUAL,40,355,2026-08-01T06:50:00+08:00
93a4e8fa-f42a-4b1f-83d9-a3920bb378b4,M-1106,SESS-20260731-1741-0384,RENTAL_ACCRUAL,5,396,2026-07-31T22:00:00+08:00
0a7f19c7-ab90-4aa9-b360-3e3d3622de34,M-1607,SESS-20260731-3351-0385,RENTAL_ACCRUAL,15,247,2026-08-01T01:20:00+08:00
bb780ce0-0739-4a76-8abb-a975f1241243,M-1607,TIER_UPGRADE_Standard_TO_Silver,TIER_BONUS,50,297,2026-08-01T01:20:00+08:00
17a3c409-db3d-4041-bb07-c72d83037e82,M-1840,SESS-20260731-5576-0386,RENTAL_ACCRUAL,30,1509,2026-07-31T18:00:00+08:00
8c1ab639-61f7-4d46-a4e1-ef3ea7a0edaa,M-1667,SESS-20260731-8934-0387,RENTAL_ACCRUAL,11,404,2026-07-31T23:15:00+08:00
1d38c791-ed57-4da3-ac2e-2d8663f8dd87,M-1445,SESS-20260731-3556-0388,RENTAL_ACCRUAL,5,192,2026-07-31T18:15:00+08:00
c0e6d6e2-66e5-4b64-abd5-d7cd0dc8b71a,M-1801,SESS-20260731-6586-0389,RENTAL_ACCRUAL,16,108,2026-07-31T23:15:00+08:00
1739aac9-e41e-4082-9165-ea36b6d66505,M-1771,SESS-20260731-9892-0390,RENTAL_ACCRUAL,11,68,2026-08-01T00:35:00+08:00
c9f74ff4-f50e-4241-9b02-d6150c0819a6,M-1078,SESS-20260731-6318-0391,RENTAL_ACCRUAL,11,616,2026-08-01T01:30:00+08:00
1bad0e2e-064f-4e75-b20e-e6d909b76bee,M-1657,SESS-20260731-3694-0392,RENTAL_ACCRUAL,11,399,2026-07-31T21:00:00+08:00
ce0090ed-30c6-46a7-88f9-77af89b52663,M-1396,SESS-20260731-6777-0393,RENTAL_ACCRUAL,5,283,2026-07-31T21:40:00+08:00
2afa3d2e-f573-4895-9f2c-73ef17b997e2,M-1226,SESS-20260731-8014-0394,RENTAL_ACCRUAL,12,1235,2026-08-01T01:55:00+08:00
593ec893-b5e3-488c-843d-a52f87403f1a,M-1934,SESS-20260731-7396-0395,RENTAL_ACCRUAL,72,147,2026-08-01T07:30:00+08:00
83e34461-e3d1-4d03-bba2-5340404742ef,M-1635,SESS-20260731-6527-0396,RENTAL_ACCRUAL,9,294,2026-07-31T16:45:00+08:00
3884fb20-f833-40ff-8976-147072fd59ef,M-1437,SESS-20260731-8854-0397,RENTAL_ACCRUAL,27,237,2026-08-01T02:50:00+08:00
97e5ccb0-6272-488d-9e47-4aac6780de5d,M-1541,SESS-20260731-5745-0398,RENTAL_ACCRUAL,18,369,2026-07-31T21:30:00+08:00
933d5343-afcb-4ceb-8047-9c432f6d595b,M-1409,SESS-20260731-1464-0399,RENTAL_ACCRUAL,18,271,2026-08-01T01:55:00+08:00
e53d5d64-b691-4b47-ae9c-e4db7190e1f5,M-1160,SESS-20260731-4649-0400,RENTAL_ACCRUAL,11,210,2026-07-31T23:15:00+08:00
24ad6345-f3e4-46c7-8c2c-082ed23c821f,M-1107,SESS-20260731-4184-0401,RENTAL_REDEMPTION,-100,56,2026-07-31T22:45:00+08:00
b6223602-145f-4d7a-a6da-ebcaa37283b7,M-1107,SESS-20260731-4184-0401,RENTAL_ACCRUAL,7,63,2026-07-31T23:45:00+08:00
08d0db37-9892-442a-9b75-110725fad711,M-2005,SESS-20260731-2047-0402,RENTAL_ACCRUAL,15,79,2026-08-01T02:55:00+08:00
e4bf28f8-e743-42f2-897d-718e8d0d9a4d,M-1475,SESS-20260731-5373-0403,RENTAL_ACCRUAL,27,451,2026-08-01T01:50:00+08:00
d0f4b3e6-621f-4dd5-96d2-e1e92884346a,M-1550,SESS-20260731-7785-0404,RENTAL_ACCRUAL,11,262,2026-07-31T20:30:00+08:00
c1ec342c-4fe1-4e58-8637-a8f98ed702e6,M-1031,SESS-20260731-9841-0405,RENTAL_ACCRUAL,43,1244,2026-07-31T23:25:00+08:00
0d23519f-3df2-4f88-a3b9-ba0df47883e0,M-1651,SESS-20260731-4361-0406,RENTAL_ACCRUAL,28,403,2026-08-01T02:45:00+08:00
c5a39d74-8fe3-411b-883b-68e7a707a2d6,M-1947,SESS-20260731-1456-0407,RENTAL_ACCRUAL,5,138,2026-07-31T22:50:00+08:00
7bbb474d-a3b6-4f39-9ead-a4a59acbd299,M-1110,SESS-20260731-3589-0408,RENTAL_REDEMPTION,-200,217,2026-07-31T20:10:00+08:00
5abf8cb5-4a5d-472b-b1cb-99e3c99d374c,M-1110,SESS-20260731-3589-0408,RENTAL_ACCRUAL,4,221,2026-07-31T23:10:00+08:00
bc2fc3a1-2365-4c8a-a381-10d1dc266c43,M-1776,SESS-20260731-4079-0409,RENTAL_ACCRUAL,16,140,2026-08-01T01:05:00+08:00
3615e6f4-9083-42b7-8444-289c4ce26ba0,M-1480,SESS-20260731-1773-0410,RENTAL_ACCRUAL,27,186,2026-08-01T01:45:00+08:00
7e68b899-f164-4c07-a8d2-2f4e65c81792,M-1661,SESS-20260731-6906-0411,RENTAL_ACCRUAL,14,2756,2026-07-31T15:30:00+08:00
3b90baec-b043-4a61-9181-570703235b63,M-1320,SESS-20260731-6617-0412,RENTAL_REDEMPTION,-100,879,2026-07-31T18:15:00+08:00
cdd5186d-1525-460d-a379-5596d795c683,M-1320,SESS-20260731-6617-0412,RENTAL_ACCRUAL,20,899,2026-07-31T20:15:00+08:00
ae6b8863-a9ce-40f6-abfd-3e0673236f2f,M-1398,SESS-20260731-2294-0413,RENTAL_ACCRUAL,6,1411,2026-07-31T23:55:00+08:00
0f65b480-9c22-4e21-8809-4ce806bb15ed,M-1340,SESS-20260731-1671-0414,RENTAL_REDEMPTION,-100,439,2026-07-31T15:10:00+08:00
2252964e-0a20-4f3e-80fd-6d2ae516c119,M-1340,SESS-20260731-1671-0414,RENTAL_ACCRUAL,5,444,2026-07-31T17:10:00+08:00
02944da3-cef2-46e5-ad32-ba96b91426aa,M-1401,SESS-20260731-1364-0415,RENTAL_ACCRUAL,11,474,2026-08-01T01:20:00+08:00
f191e180-3fa5-4dcb-865c-295115374eb3,M-1328,SESS-20260731-7224-0416,RENTAL_ACCRUAL,45,126,2026-08-01T04:15:00+08:00
240a9adb-0633-4725-b048-45efcdd862aa,M-1433,SESS-20260731-8383-0417,RENTAL_REDEMPTION,-100,80,2026-07-31T22:30:00+08:00
883114cd-6a81-45ab-9020-7ce6583123a9,M-1433,SESS-20260731-8383-0417,RENTAL_ACCRUAL,5,85,2026-08-01T00:30:00+08:00
04bc0976-92e5-43dd-ad19-98ed7a30fe60,M-1021,SESS-20260731-4707-0418,RENTAL_REDEMPTION,-700,326,2026-07-31T23:50:00+08:00
2be59814-3ac9-4307-8f9c-8be02cd64c0e,M-1021,SESS-20260731-4707-0418,RENTAL_ACCRUAL,19,345,2026-08-01T04:50:00+08:00
82aadd13-99df-4e35-a851-6c7edf3f8541,M-1500,SESS-20260731-9111-0419,RENTAL_ACCRUAL,30,254,2026-08-01T04:30:00+08:00
1b997694-fd07-471a-8d94-4b8f46327078,M-1556,SESS-20260731-2955-0420,RENTAL_ACCRUAL,5,280,2026-07-31T23:40:00+08:00
5df57988-804c-4d8b-b7a4-9ffc3d9721ad,M-1346,SESS-20260731-2295-0421,RENTAL_ACCRUAL,40,328,2026-07-31T21:20:00+08:00
a42e0d78-0222-43c4-8b20-ff8b3ae4c1a8,M-1232,SESS-20260731-7816-0422,RENTAL_ACCRUAL,27,520,2026-08-01T02:55:00+08:00
3d7faa36-9b2f-4e96-b006-f8541bde1d61,M-1639,SESS-20260731-1179-0423,RENTAL_REDEMPTION,-100,345,2026-07-31T23:55:00+08:00
c4a1e424-96cf-49b7-9de0-2a0291359cea,M-1639,SESS-20260731-1179-0423,RENTAL_ACCRUAL,5,350,2026-08-01T01:55:00+08:00
34775da5-2ec7-494b-8ee0-d1ec7f6e53e2,M-1306,SESS-20260731-2830-0424,RENTAL_ACCRUAL,9,454,2026-07-31T21:30:00+08:00
7a38b2c2-7ec4-4577-b57a-6f76df1d1035,M-1320,SESS-20260731-2706-0425,RENTAL_ACCRUAL,67,966,2026-08-01T04:40:00+08:00
41212174-2ff0-4544-8532-31e6dca78056,M-1518,SESS-20260731-4996-0426,RENTAL_ACCRUAL,45,371,2026-07-31T23:45:00+08:00
2c2f6a38-7711-437a-b077-3184613f94d9,M-2023,SESS-20260731-5235-0427,RENTAL_ACCRUAL,45,295,2026-07-31T23:45:00+08:00
0f4ff397-9ef0-4716-a982-15dabb02d21d,M-1835,SESS-20260731-3905-0428,RENTAL_REDEMPTION,-100,23,2026-07-31T20:45:00+08:00
8373bada-9f89-4a11-bb27-73e587d368ac,M-1835,SESS-20260731-3905-0428,RENTAL_ACCRUAL,5,28,2026-07-31T22:45:00+08:00
5306d9a0-c7bb-49ad-b16f-c8539da87c0e,M-1380,SESS-20260731-9111-0429,RENTAL_ACCRUAL,18,328,2026-08-01T00:35:00+08:00
90b94593-fb2d-4029-af00-1a7d1c5b2e46,M-1205,SESS-20260731-4265-0430,RENTAL_REDEMPTION,-100,780,2026-07-31T23:00:00+08:00
7dab7906-4ef2-4ab3-b432-85cf4199a423,M-1205,SESS-20260731-4265-0430,RENTAL_ACCRUAL,5,785,2026-08-01T01:00:00+08:00
83907e26-cdcd-4e19-b3fe-70dfded625a7,M-2053,SESS-20260731-2730-0431,RENTAL_ACCRUAL,8,165,2026-07-31T22:40:00+08:00
d85ec4fc-45b7-4a87-908a-d8fc71eaeb3d,M-1941,SESS-20260731-7058-0432,RENTAL_REDEMPTION,-100,12,2026-07-31T22:45:00+08:00
1eb82766-d121-4678-88f2-ff50e96c9f03,M-1941,SESS-20260731-7058-0432,RENTAL_ACCRUAL,7,19,2026-07-31T23:45:00+08:00
10c83ff7-2169-4753-8583-33b47c413c66,M-1138,SESS-20260731-5416-0433,RENTAL_REDEMPTION,-100,440,2026-07-31T23:55:00+08:00
211c96d2-38e4-4b88-b2f8-227ea4bc925f,M-1138,SESS-20260731-5416-0433,RENTAL_ACCRUAL,2,442,2026-08-01T00:55:00+08:00
c426181d-3c3a-4e8c-9239-7a0fd367891a,M-1270,SESS-20260731-3836-0434,RENTAL_ACCRUAL,72,1178,2026-08-01T01:30:00+08:00
c69adbe6-6490-4c4a-a9f7-f4ec26814dbd,M-1577,SESS-20260731-3998-0435,RENTAL_ACCRUAL,27,133,2026-08-01T01:30:00+08:00
67033e11-3ff8-4a8a-8c90-c5d548186554,M-1473,SESS-20260731-7749-0436,RENTAL_ACCRUAL,40,261,2026-08-01T02:55:00+08:00
e4e663aa-2052-4fcb-af01-f94c37bce0f7,M-1720,SESS-20260731-5538-0437,RENTAL_ACCRUAL,45,362,2026-08-01T04:50:00+08:00
3dbca299-35d9-468b-8c38-dd7b5b0e0ad8,M-1532,SESS-20260731-8729-0438,RENTAL_ACCRUAL,28,104,2026-08-01T03:45:00+08:00
1b170ffa-42c7-4745-ab88-25956ad48af7,M-1317,SESS-20260731-5686-0439,RENTAL_ACCRUAL,8,160,2026-07-31T19:10:00+08:00
107c89b7-a427-4da1-8b58-d42fd5189507,M-2131,SESS-20260731-6969-0440,RENTAL_ACCRUAL,10,45,2026-08-01T00:50:00+08:00
ab730a6a-d458-44a5-b61c-8dc2098736d1,M-1563,SESS-20260731-5197-0441,RENTAL_REDEMPTION,-400,86,2026-07-31T21:15:00+08:00
d5dd82e8-71a4-4a1f-adb9-5f0e8b43d15d,M-1563,SESS-20260731-5197-0441,RENTAL_ACCRUAL,3,89,2026-08-01T02:15:00+08:00
cb9a16fb-fdac-4fd9-833a-23b87aaabe45,M-1022,SESS-20260731-7416-0442,RENTAL_REDEMPTION,-100,70,2026-07-31T20:15:00+08:00
3fd5413e-ec26-4a94-a31f-16e5801f76c8,M-1022,SESS-20260731-7416-0442,RENTAL_ACCRUAL,34,104,2026-07-31T23:15:00+08:00
2e7dd4d6-fdbe-4494-b818-6ece3155e68e,M-1601,SESS-20260731-2241-0443,RENTAL_ACCRUAL,40,272,2026-07-31T23:50:00+08:00
85289a08-0c08-46c5-9433-984ea7394e3c,M-1028,SESS-20260731-1095-0444,RENTAL_ACCRUAL,19,43,2026-07-31T21:25:00+08:00
8c368232-fbba-4969-8bad-fc33f8a4cacc,M-1451,SESS-20260731-8311-0445,RENTAL_REDEMPTION,-200,155,2026-07-31T22:30:00+08:00
12121e6f-1a72-4726-ad9b-af7306857eef,M-1451,SESS-20260731-8311-0445,RENTAL_ACCRUAL,14,169,2026-08-01T00:30:00+08:00
d81a59b9-ea39-4eaf-aa4f-2e8d07221c7c,M-1696,SESS-20260731-1882-0446,RENTAL_ACCRUAL,40,864,2026-08-01T02:30:00+08:00
ee9901b6-f577-400d-aae1-80793db17820,M-1696,TIER_UPGRADE_Silver_TO_Gold,TIER_BONUS,100,964,2026-08-01T02:30:00+08:00
1fd60af6-b0e3-44f6-aa2a-cfc7c42a8e83,M-1640,SESS-20260731-5118-0447,RENTAL_REDEMPTION,-400,5,2026-07-31T21:40:00+08:00
8442f204-25ab-4804-9437-0039bc6a1678,M-1640,SESS-20260731-5118-0447,RENTAL_ACCRUAL,47,52,2026-08-01T05:40:00+08:00
5a9b0f11-9975-403f-9295-b50593844f8c,M-1704,SESS-20260731-9362-0448,RENTAL_ACCRUAL,18,369,2026-08-01T01:55:00+08:00
8a915e49-f090-48be-9513-317194dda2b1,M-1459,SESS-20260731-8599-0449,RENTAL_ACCRUAL,5,29,2026-07-31T21:50:00+08:00
84a33554-e376-4907-880b-6dbe1615e019,M-1973,SESS-20260731-2461-0450,RENTAL_ACCRUAL,8,22,2026-07-31T23:45:00+08:00
7fc3fd1c-b495-4a81-b9e5-d5dcae271f57,M-1318,SESS-20260731-3636-0451,RENTAL_ACCRUAL,18,215,2026-08-01T01:55:00+08:00
666f474c-bdab-450f-be38-6c981e99b9b2,M-1096,SESS-20260731-5798-0452,RENTAL_ACCRUAL,28,266,2026-08-01T04:25:00+08:00
324f460c-ef7f-4a84-b7ee-8492c04a514a,M-1761,SESS-20260731-8772-0453,RENTAL_REDEMPTION,-100,399,2026-07-31T23:35:00+08:00
e9a49140-9937-4b5e-8598-ddae6e08c667,M-1761,SESS-20260731-8772-0453,RENTAL_ACCRUAL,5,404,2026-08-01T01:35:00+08:00
9169ddd8-20fd-4ec0-aa18-a3e2bc7813fa,M-2195,SESS-20260731-8959-0454,RENTAL_ACCRUAL,15,188,2026-08-01T02:50:00+08:00
0fbba6ca-0846-4519-9915-0392b63408ff,M-2047,SESS-20260731-6685-0455,RENTAL_ACCRUAL,5,69,2026-07-31T23:35:00+08:00
91b6c3ef-ade6-4225-b836-264988d33a6a,M-1691,SESS-20260731-8320-0456,RENTAL_ACCRUAL,40,340,2026-08-01T02:55:00+08:00
d31f5a78-bf6f-4936-8000-5f1f794861cd,M-1397,SESS-20260731-5252-0457,RENTAL_ACCRUAL,115,767,2026-08-01T07:55:00+08:00
a12a0d4a-f349-42c1-afaa-6fe441ae2e35,M-1565,SESS-20260731-5324-0458,RENTAL_ACCRUAL,5,458,2026-08-01T00:40:00+08:00
2fec8cd3-20ac-4857-ada1-dead09d8c24a,M-2065,SESS-20260731-1300-0459,RENTAL_ACCRUAL,10,53,2026-07-31T23:55:00+08:00
e7fbaada-a871-444c-8d3d-1a02985ab83b,M-1773,SESS-20260731-3900-0460,RENTAL_ACCRUAL,18,154,2026-07-31T19:40:00+08:00
73c0a5cf-b1ac-46eb-9b9d-1f85dff07740,M-1630,SESS-20260731-5018-0461,RENTAL_ACCRUAL,6,535,2026-07-31T20:55:00+08:00
ffe8b7cc-5c07-4ccc-9bde-6456fc9f0c10,M-1469,SESS-20260731-5252-0462,RENTAL_ACCRUAL,11,318,2026-07-31T23:10:00+08:00
2fc55875-c831-4389-80f8-596855bd184b,M-1367,SESS-20260731-3033-0463,RENTAL_ACCRUAL,16,458,2026-08-01T02:20:00+08:00
149770bb-f61a-43cc-8c10-ff2215c7f20b,M-1389,SESS-20260731-7239-0464,RENTAL_ACCRUAL,40,158,2026-08-01T02:55:00+08:00
e91da839-a65c-4b29-a0e4-0a37415eabd9,M-1389,TIER_UPGRADE_Silver_TO_Gold,TIER_BONUS,100,258,2026-08-01T02:55:00+08:00
e891d077-b281-44f0-b58b-35fac857b675,M-1256,ORD-20260731-5880-0001,CONCESSION_ACCRUAL,8,46,2026-07-31T23:59:25+08:00
17165293-b4fd-4fdd-b013-3fca793b143d,M-1312,ORD-20260731-4362-0002,CONCESSION_ACCRUAL,8,534,2026-07-31T20:43:18+08:00
f3c4d287-c465-4ab3-ac06-d6513d0d4e0f,M-1030,ORD-20260731-8931-0003,CONCESSION_ACCRUAL,15,284,2026-07-31T03:14:51+08:00
088a65ff-fc17-40bd-9ddc-ff61c2f0c999,M-1913,ORD-20260731-2663-0004,CONCESSION_ACCRUAL,3,217,2026-07-31T17:53:52+08:00
e9dec802-e976-4ef5-8553-5eca58d118f7,M-1317,ORD-20260731-7468-0005,CONCESSION_ACCRUAL,13,173,2026-07-31T18:37:37+08:00
86e71341-332d-4b14-ab44-aed783aaafd4,M-2191,ORD-20260731-7870-0006,CONCESSION_ACCRUAL,8,264,2026-07-31T15:55:50+08:00
bc3d991e-587f-4fea-8ba5-aaf4bf5d85b9,M-2187,ORD-20260731-8685-0007,CONCESSION_ACCRUAL,7,69,2026-07-31T21:36:49+08:00
eaefee71-ba91-4749-a7e4-541fe8dfb6f2,M-1592,ORD-20260731-4365-0008,CONCESSION_ACCRUAL,9,383,2026-07-31T22:54:50+08:00
9cba087a-e936-49f8-ba0a-acdb57814bb6,M-1608,ORD-20260731-9212-0009,CONCESSION_ACCRUAL,35,190,2026-07-31T20:04:04+08:00
0910b310-0531-4bd0-8363-bc20f81e768d,M-1863,ORD-20260731-2282-0010,CONCESSION_ACCRUAL,6,52,2026-07-31T15:37:16+08:00
de89b05e-dd86-4b94-96a0-029bf537026b,M-1717,ORD-20260731-2232-0011,CONCESSION_ACCRUAL,8,496,2026-07-31T18:00:50+08:00
2982c0f2-e64f-4994-bcb4-764124203f6c,M-1399,ORD-20260731-3502-0012,CONCESSION_ACCRUAL,11,170,2026-07-31T14:28:41+08:00
aa6c997c-71c1-4611-b2fb-071b6255da37,M-1724,ORD-20260731-4602-0013,CONCESSION_ACCRUAL,9,99,2026-07-31T04:18:23+08:00
f48d768a-3f8f-404d-85b8-940300bde19d,M-1745,ORD-20260731-2364-0014,CONCESSION_ACCRUAL,12,120,2026-07-31T21:49:40+08:00
4e91ad64-1b59-4be0-869e-cfd73786e15e,M-1543,ORD-20260731-7109-0015,CONCESSION_ACCRUAL,65,161,2026-07-31T19:06:23+08:00
38293d0c-e5e4-4b96-a0b1-ec91c37d70d8,M-1843,ORD-20260731-3893-0016,CONCESSION_ACCRUAL,12,139,2026-07-31T20:03:51+08:00
680937db-831e-45b4-9b1a-798a7f5a2e12,M-1428,ORD-20260731-9398-0017,CONCESSION_ACCRUAL,28,250,2026-07-31T23:08:30+08:00
e5585ba5-fcc1-4a6c-8a3d-77d82273d315,M-1737,ORD-20260731-4345-0018,CONCESSION_ACCRUAL,8,93,2026-07-31T13:36:29+08:00
cc5abc7f-faab-4d7d-8757-68ee03dae582,M-1204,ORD-20260801-8856-0019,CONCESSION_ACCRUAL,33,174,2026-08-01T02:54:59+08:00
44c092dc-2a38-4e93-bbc7-6a8281ddade4,M-1401,ORD-20260731-5408-0020,CONCESSION_ACCRUAL,23,497,2026-07-31T23:23:38+08:00
69851c02-b129-4154-a398-a74a1ab9b718,M-1731,ORD-20260731-5789-0021,CONCESSION_ACCRUAL,15,35,2026-07-31T16:10:45+08:00
3a28c8bd-88e5-4462-87ec-869e581f736a,M-1743,ORD-20260731-5964-0022,CONCESSION_ACCRUAL,3,597,2026-07-31T21:27:12+08:00
afabdc27-e5a6-4207-b257-e465a63f852a,M-1746,ORD-20260731-1013-0023,CONCESSION_ACCRUAL,16,438,2026-07-31T23:50:39+08:00
fb3575d9-0e24-4d3a-a85a-74dfe3663f0c,M-1564,ORD-20260731-4021-0024,CONCESSION_ACCRUAL,27,571,2026-07-31T16:25:42+08:00
be2cf557-4191-428a-9c21-9602e5883ad2,M-1730,ORD-20260731-9442-0025,CONCESSION_ACCRUAL,11,120,2026-07-31T23:43:14+08:00
e49618cb-cb8c-44ed-a140-e0e8c0350c70,M-1501,ORD-20260731-8434-0026,CONCESSION_ACCRUAL,20,121,2026-07-31T21:04:07+08:00
f2554712-59d2-4c98-90d2-dcbe3970e1ad,M-1098,ORD-20260731-7315-0027,CONCESSION_ACCRUAL,40,845,2026-07-31T20:20:02+08:00
d4201175-57c2-4a3b-b502-4692468831d4,M-2045,ORD-20260731-4873-0028,CONCESSION_ACCRUAL,18,31,2026-07-31T23:15:05+08:00
41c66942-febb-4aa1-bf9e-38ae9d554bc9,M-1661,ORD-20260731-6805-0029,CONCESSION_ACCRUAL,12,2768,2026-07-31T14:59:45+08:00
b2d14c3b-6a28-4c8f-9bde-777688244a67,M-1254,ORD-20260731-1986-0030,CONCESSION_ACCRUAL,8,216,2026-07-31T17:39:49+08:00
4d4fc1df-e46b-48db-bfd6-379240bcae9f,M-1839,ORD-20260801-7397-0031,CONCESSION_ACCRUAL,8,337,2026-08-01T01:02:55+08:00
0c88a86d-c0fa-4e58-801c-86dbcd907cdb,M-1789,ORD-20260731-1770-0032,CONCESSION_ACCRUAL,7,184,2026-07-31T12:10:22+08:00
7fa74653-28f7-42ba-b9e2-c0fb079dd8a8,M-1538,ORD-20260731-4416-0033,CONCESSION_ACCRUAL,36,131,2026-07-31T14:15:59+08:00
8afbf3bb-a15a-490d-8c29-12d976f2956c,M-1295,ORD-20260731-9944-0034,CONCESSION_ACCRUAL,9,137,2026-07-31T21:00:17+08:00
958f97e4-d3b7-45db-a055-2825ccbfd5eb,M-1696,ORD-20260801-1081-0035,CONCESSION_ACCRUAL,20,984,2026-08-01T00:11:30+08:00
07ff29d4-4620-4c83-992f-7aca0dbf3117,M-1261,ORD-20260731-6841-0036,CONCESSION_ACCRUAL,3,346,2026-07-31T23:57:16+08:00
e2989923-52e8-4c1d-841c-b3086346f1d5,M-1825,ORD-20260801-6583-0037,CONCESSION_ACCRUAL,25,340,2026-08-01T02:43:55+08:00
ee1e38f2-5bb7-48f2-bf6f-eb90c1a27e64,M-1967,ORD-20260801-2360-0038,CONCESSION_ACCRUAL,8,110,2026-08-01T00:19:50+08:00
525204bd-429f-481c-b896-582778de52cf,M-1444,ORD-20260731-6532-0039,CONCESSION_ACCRUAL,20,3428,2026-07-31T23:34:19+08:00
f6643f3e-18b0-4e63-90ac-8d1db431260b,M-1490,ORD-20260731-2874-0040,CONCESSION_ACCRUAL,10,215,2026-07-31T22:50:47+08:00
d6d849eb-ac32-4c61-841f-c0569863bcfa,M-1380,ORD-20260731-6559-0041,CONCESSION_ACCRUAL,18,346,2026-07-31T23:22:43+08:00
d50ed6a5-5851-4661-a529-a20940c754a9,M-1475,ORD-20260731-4973-0042,CONCESSION_ACCRUAL,24,475,2026-07-31T23:19:59+08:00
8f450b81-0707-48c7-916d-fcd0d0ccbd7b,M-1469,ORD-20260731-1289-0043,CONCESSION_ACCRUAL,16,334,2026-07-31T17:44:30+08:00
01ec44e9-1d8c-430e-a39d-87df990c311a,M-1487,ORD-20260731-7682-0044,CONCESSION_ACCRUAL,9,604,2026-07-31T22:52:46+08:00
7420a349-13b4-4413-bc8c-fbc18f56a12b,M-1447,ORD-20260731-9355-0045,CONCESSION_ACCRUAL,10,139,2026-07-31T20:31:59+08:00
3acd0df4-3096-43f8-bc84-491d626069f5,M-1690,ORD-20260731-8297-0046,CONCESSION_ACCRUAL,22,295,2026-07-31T17:58:00+08:00
6ee970bd-7040-465a-83e6-5d5a8fc52c83,M-1802,ORD-20260731-5053-0047,CONCESSION_ACCRUAL,11,108,2026-07-31T15:19:04+08:00
594cadae-0f0e-46ef-aaf7-5e8643d0b2a0,M-1660,ORD-20260801-2792-0048,CONCESSION_ACCRUAL,19,296,2026-08-01T04:59:32+08:00
9c657401-07a1-474c-94e3-274aad6d3e07,M-1463,ORD-20260801-4800-0049,CONCESSION_ACCRUAL,12,3681,2026-08-01T00:12:59+08:00
83254bfc-17d9-4d06-84dc-d83e0b6762e1,M-1395,ORD-20260801-8402-0050,CONCESSION_ACCRUAL,23,87,2026-08-01T00:45:45+08:00
17704dc1-583c-4a2a-aacc-a45ed40b9f89,M-1280,ORD-20260731-5297-0051,CONCESSION_ACCRUAL,13,484,2026-07-31T20:35:54+08:00
6f4a0b46-6283-445e-8fdf-110150e34505,M-1734,ORD-20260731-1637-0052,CONCESSION_ACCRUAL,11,52,2026-07-31T16:32:10+08:00
e46ad057-8f63-41e1-8e8e-319f6cc80881,M-1654,ORD-20260731-9808-0053,CONCESSION_ACCRUAL,10,395,2026-07-31T23:37:21+08:00
d98330ba-e6ef-4aae-ad8e-26752a937433,M-2065,ORD-20260731-5907-0054,CONCESSION_ACCRUAL,18,71,2026-07-31T23:23:03+08:00
73328a2a-d1fc-474f-8c65-174a8afb28e5,M-1062,ORD-20260731-1473-0055,CONCESSION_ACCRUAL,30,518,2026-07-31T23:30:40+08:00
9b96e3cf-70b7-4860-b669-149f3b994e37,M-1805,ORD-20260731-1351-0056,CONCESSION_ACCRUAL,7,414,2026-07-31T23:28:32+08:00
5e8663d5-61de-4097-9431-73e8105cbb4d,M-1040,ORD-20260801-4943-0057,CONCESSION_ACCRUAL,22,690,2026-08-01T00:16:48+08:00
062efe08-6d5b-42a1-909e-c7c4a4c11764,M-1691,ORD-20260801-2940-0058,CONCESSION_ACCRUAL,30,370,2026-08-01T00:28:30+08:00
c7b24b5c-ab72-48fe-af76-16d1a4a8d7d1,M-1429,ORD-20260801-5852-0059,CONCESSION_ACCRUAL,9,681,2026-08-01T00:08:58+08:00
dbab0810-fcb2-4c9d-90fa-0bdcfaecfacf,M-1456,ORD-20260801-5231-0060,CONCESSION_ACCRUAL,14,231,2026-08-01T00:49:42+08:00
814a2229-b8d1-402f-91cc-7b5f16e44883,M-1581,ORD-20260801-1877-0061,CONCESSION_ACCRUAL,15,231,2026-08-01T01:29:16+08:00
fe932083-fa2d-4a73-8873-85c46e75ab64,M-2038,ORD-20260731-5962-0062,CONCESSION_ACCRUAL,3,141,2026-07-31T16:07:46+08:00
09607acd-0c54-47fd-90ce-a0fbc7ccfd14,M-1791,ORD-20260731-9088-0063,CONCESSION_ACCRUAL,58,202,2026-07-31T19:14:11+08:00
05e7c4dc-9a53-44fa-b0e5-c2911c8cf18b,M-1326,ORD-20260731-5365-0064,CONCESSION_ACCRUAL,8,587,2026-07-31T21:25:42+08:00
a14cb92b-7292-4f1c-8de3-f1da2afe0c89,M-1273,ORD-20260731-1597-0065,CONCESSION_ACCRUAL,8,830,2026-07-31T23:29:21+08:00
875d0bc9-61b2-4ea0-b2a4-5536fa44bb11,M-1273,TIER_UPGRADE_Silver_TO_Gold,TIER_BONUS,100,930,2026-07-31T23:29:21+08:00
91eea4fe-e84a-49e3-99b4-a7ead5f0580c,M-2040,ORD-20260731-6904-0066,CONCESSION_ACCRUAL,17,83,2026-07-31T23:33:41+08:00
d03625b6-9af0-48b8-ae78-57d61176930c,M-2038,ORD-20260731-9835-0067,CONCESSION_ACCRUAL,8,149,2026-07-31T23:15:04+08:00
9d8ef6f6-ecc5-4ba7-a9e3-87ce36c58193,M-1160,ORD-20260731-5381-0068,CONCESSION_ACCRUAL,8,218,2026-07-31T21:29:25+08:00
f219ec96-71c7-4a36-8d3d-a3097753bfc6,M-1343,ORD-20260801-4378-0069,CONCESSION_ACCRUAL,10,81,2026-08-01T00:38:47+08:00
5c0bdbe7-053d-4a39-8e87-0bdc299e4500,M-1055,ORD-20260731-1653-0070,CONCESSION_ACCRUAL,25,169,2026-07-31T20:39:35+08:00
67889697-8682-4096-903e-26cd0832e8ae,M-1895,ORD-20260731-5733-0071,CONCESSION_ACCRUAL,18,232,2026-07-31T20:29:25+08:00
d97f2753-5d63-4d4d-86c2-520d255c3d17,M-1640,ORD-20260801-1191-0072,CONCESSION_ACCRUAL,40,92,2026-08-01T02:37:24+08:00
4707b6cb-8924-4264-88ea-f83b7dc7fe82,M-1438,ORD-20260731-8504-0073,CONCESSION_ACCRUAL,18,2706,2026-07-31T17:21:43+08:00
e2668b94-d53c-429c-9ecb-49b066ae02f5,M-1056,ORD-20260731-5141-0074,CONCESSION_ACCRUAL,11,290,2026-07-31T19:09:31+08:00
34f4f49e-2895-4f17-a1dc-b6d7b8c2b207,M-1567,ORD-20260731-6037-0075,CONCESSION_ACCRUAL,8,216,2026-07-31T22:58:39+08:00
57a06f8f-a1bf-4637-af8d-12355324509b,M-1650,ORD-20260731-6140-0076,CONCESSION_ACCRUAL,8,100,2026-07-31T22:41:31+08:00
55deea60-c723-4260-a062-3ea481ddf6c0,M-1356,ORD-20260731-2954-0077,CONCESSION_ACCRUAL,20,902,2026-07-31T20:19:12+08:00
f22b7f04-c2c2-4eee-8497-8ad150b37d9c,M-1271,ORD-20260731-9198-0078,CONCESSION_ACCRUAL,11,305,2026-07-31T23:22:34+08:00
941ec2cb-08cc-4666-924d-d2d4dee47799,M-1437,ORD-20260801-5773-0079,CONCESSION_ACCRUAL,8,245,2026-08-01T02:46:49+08:00
30bedb55-038c-4850-a7a8-b0410d25fe97,M-1667,ORD-20260731-6664-0080,CONCESSION_ACCRUAL,25,429,2026-07-31T22:46:02+08:00
ea1eead3-7fcd-40d7-9aa0-c459554ed2ca,M-1607,ORD-20260731-8136-0081,CONCESSION_ACCRUAL,15,312,2026-07-31T23:34:20+08:00
d4d58627-0425-4d6c-b007-c307704ec1d5,M-1639,ORD-20260801-2204-0082,CONCESSION_ACCRUAL,28,378,2026-08-01T01:22:41+08:00
8cc05b57-d1e5-4f09-9c3a-f7cc439a94cf,M-1678,ORD-20260731-2344-0083,CONCESSION_ACCRUAL,9,283,2026-07-31T23:14:17+08:00
1ae63d01-6a6f-4f9d-8e06-6226c6efa082,M-1801,ORD-20260731-3865-0084,CONCESSION_ACCRUAL,16,124,2026-07-31T22:10:48+08:00
e84ebb32-b19b-4a94-b0ff-a9b054975b0f,M-1563,ORD-20260801-4758-0085,CONCESSION_ACCRUAL,10,99,2026-08-01T00:12:51+08:00
e2f7fdca-0c60-44b4-8651-6d57e6c8138e,M-1512,ORD-20260731-6521-0086,CONCESSION_ACCRUAL,10,206,2026-07-31T21:29:56+08:00
6d8b26ec-0b63-44dc-8b09-dbd48d3a62b9,M-1838,ORD-20260801-2521-0087,CONCESSION_ACCRUAL,66,743,2026-08-01T02:00:58+08:00
7e47150b-2446-4f4c-a8b0-a407de49aa33,M-1500,ORD-20260801-2202-0088,CONCESSION_ACCRUAL,18,272,2026-08-01T01:35:02+08:00
0d32cb92-2c8a-4649-9ff7-017f8410bdd7,M-2044,ORD-20260731-8197-0089,CONCESSION_ACCRUAL,8,211,2026-07-31T20:21:17+08:00
87521266-13f1-4d48-9541-cb6d79c446ff,M-1042,ORD-20260731-8706-0090,CONCESSION_ACCRUAL,24,268,2026-07-31T20:39:07+08:00
35ac7a0e-f3bc-4718-991e-69d683cc9bc2,M-2053,ORD-20260731-7784-0091,CONCESSION_ACCRUAL,33,198,2026-07-31T22:20:13+08:00
a9abde06-fb7c-40da-9409-4a6f576e60f1,M-1930,ORD-20260801-6680-0092,CONCESSION_ACCRUAL,8,358,2026-08-01T01:13:30+08:00
8743f5c0-a41b-4a18-b165-fa6143baec1c,M-2051,ORD-20260731-2511-0093,CONCESSION_ACCRUAL,6,68,2026-07-31T21:25:50+08:00
f9725a48-8399-4f1a-b140-c2fea0358a05,M-1893,ORD-20260731-5348-0094,CONCESSION_ACCRUAL,34,77,2026-07-31T23:23:28+08:00
6e728ee7-4cb0-4c1e-b85c-5f2606cf936b,M-1028,ORD-20260731-3287-0095,CONCESSION_ACCRUAL,18,61,2026-07-31T20:03:09+08:00
1347739d-a182-44b5-b671-5384528fee9c,M-1779,ORD-20260731-9320-0096,CONCESSION_ACCRUAL,8,238,2026-07-31T23:14:14+08:00
c8a055d3-b576-4eb3-ac35-66cc15fcfe95,M-1728,ORD-20260731-8812-0097,CONCESSION_ACCRUAL,16,203,2026-07-31T20:41:48+08:00
29107629-391c-4b75-9d15-3a22af86f84d,M-1771,ORD-20260731-6770-0098,CONCESSION_ACCRUAL,27,95,2026-07-31T20:32:14+08:00
7aa6daa3-da1b-4d0c-81e7-eb618263c441,M-1318,ORD-20260731-5694-0099,CONCESSION_ACCRUAL,10,225,2026-07-31T20:08:09+08:00
8eef1777-1c8d-413c-859f-d282444ebc9c,M-1298,ORD-20260731-5011-0100,CONCESSION_ACCRUAL,21,482,2026-07-31T08:21:44+08:00
c9b4af0f-04bc-4ede-8bb1-d86502067479,M-1836,ORD-20260801-9012-0101,CONCESSION_ACCRUAL,15,551,2026-08-01T01:40:02+08:00
6d9dd974-b42b-42af-afab-28ee6e8d93fc,M-1526,ORD-20260731-7788-0102,CONCESSION_ACCRUAL,21,901,2026-07-31T17:09:09+08:00
0e219b96-45af-4fe7-aa13-787759ee654c,M-2193,ORD-20260801-1567-0103,CONCESSION_ACCRUAL,12,158,2026-08-01T00:31:41+08:00
81e6b815-8a7f-4945-a29c-f6c7d020a346,M-1599,ORD-20260731-3124-0104,CONCESSION_ACCRUAL,8,251,2026-07-31T20:20:55+08:00
be3c0e30-57ca-420b-bc30-df5288208ef6,M-1651,ORD-20260801-9485-0105,CONCESSION_ACCRUAL,3,406,2026-08-01T00:49:50+08:00
104b7672-4aed-46c8-9311-b7b11ba3b1a1,M-1771,ORD-20260731-4111-0106,CONCESSION_ACCRUAL,20,115,2026-07-31T23:56:03+08:00
f8f1345a-8705-4c33-807d-a663a0778627,M-1300,ORD-20260731-8606-0107,CONCESSION_ACCRUAL,33,374,2026-07-31T15:22:15+08:00
f4877f42-ea26-4f5a-9c39-880555c39fa2,M-1711,ORD-20260731-5577-0108,CONCESSION_ACCRUAL,11,271,2026-07-31T18:30:39+08:00
432a0253-71a3-434d-81ed-6320d1af06ca,M-1473,ORD-20260801-5820-0109,CONCESSION_ACCRUAL,16,277,2026-08-01T01:24:59+08:00
6c5d3a11-ebaf-44fc-8f82-ecb7ac46047e,M-1696,ORD-20260731-5744-0110,CONCESSION_ACCRUAL,18,1002,2026-07-31T22:11:50+08:00
cd75dfca-ed63-43d5-80a1-e7e23c27f93c,M-1731,ORD-20260731-6167-0111,CONCESSION_ACCRUAL,3,38,2026-07-31T19:08:31+08:00
e25fafcc-d2f3-4974-bf3e-ede239d1f40b,M-1823,ORD-20260731-1969-0112,CONCESSION_ACCRUAL,20,458,2026-07-31T23:57:33+08:00
192def4f-279b-414e-bc07-90391a99a687,M-1462,ORD-20260731-3881-0113,CONCESSION_ACCRUAL,13,177,2026-07-31T21:54:23+08:00
ef36e4ea-032e-45ab-b752-1e9140d84189,M-1091,ORD-20260801-5077-0114,CONCESSION_ACCRUAL,10,232,2026-08-01T01:00:00+08:00
48bdc2a5-c890-4ab5-ae1b-2479d16eb37e,M-1340,ORD-20260731-7216-0115,CONCESSION_ACCRUAL,33,477,2026-07-31T15:33:56+08:00
baa06e61-a957-458c-b69c-75795dfc1cfd,M-1340,TIER_UPGRADE_Silver_TO_Gold,TIER_BONUS,100,577,2026-07-31T15:33:56+08:00
88407e51-339a-4a3a-bbaa-534be2ec7812,M-1180,ORD-20260801-9439-0116,CONCESSION_ACCRUAL,23,272,2026-08-01T00:36:30+08:00
1b0f3ebd-8949-4d3b-b908-09f5b19339ae,M-1284,ORD-20260731-7925-0117,CONCESSION_ACCRUAL,16,311,2026-07-31T19:22:21+08:00
16fe905c-8774-47ca-b93c-61527a1f918e,M-1687,ORD-20260731-8726-0118,CONCESSION_ACCRUAL,19,375,2026-07-31T22:33:14+08:00
812e7251-6ba4-4b30-9154-6de6100f0d49,M-1476,ORD-20260731-5570-0119,CONCESSION_ACCRUAL,9,512,2026-07-31T19:45:59+08:00
cdef651b-f91e-4605-b3bb-87bf78b186d7,M-1314,ORD-20260731-6253-0120,CONCESSION_ACCRUAL,7,230,2026-07-31T19:28:59+08:00
aa63aa25-eb5b-4bae-a85a-f3be65a49614,M-1922,ORD-20260731-9709-0121,CONCESSION_ACCRUAL,24,182,2026-07-31T23:23:25+08:00
e3423259-8680-4a8b-8d84-8edc3cee123b,M-1743,ORD-20260731-1155-0122,CONCESSION_ACCRUAL,8,605,2026-07-31T18:41:23+08:00
99741b61-9954-436b-9596-deac4932211e,M-2070,ORD-20260801-5582-0123,CONCESSION_ACCRUAL,18,151,2026-08-01T03:09:35+08:00
5cb437d2-e097-44cf-93dd-47786f85477e,M-1270,ORD-20260731-6933-0124,CONCESSION_ACCRUAL,18,1196,2026-07-31T23:58:42+08:00
2fd2f9bd-75bd-4adc-a774-48744c70e278,M-1528,ORD-20260801-5395-0125,CONCESSION_ACCRUAL,7,164,2026-08-01T00:53:44+08:00
021a5901-e430-4650-9c24-7b58a27dcafc,M-1483,ORD-20260731-9440-0126,CONCESSION_ACCRUAL,15,513,2026-07-31T20:12:43+08:00
21d8d9ca-f535-42fb-9dd7-217afa17fdca,M-1240,ORD-20260731-2448-0127,CONCESSION_ACCRUAL,26,134,2026-07-31T14:50:54+08:00
87a24844-4f8c-4dcf-abbd-2a64a807c2c5,M-1726,ORD-20260731-9596-0128,CONCESSION_ACCRUAL,3,249,2026-07-31T16:45:13+08:00
88f5956e-c4d1-472a-9990-45df50d90f31,M-1727,ORD-20260731-7968-0129,CONCESSION_ACCRUAL,15,228,2026-07-31T13:05:47+08:00
98e732c5-c5c0-4c08-ac51-6e0b19f818bf,M-1354,ORD-20260731-2661-0130,CONCESSION_ACCRUAL,7,435,2026-07-31T13:55:30+08:00
309a0c2b-9e34-454f-9935-c3d63bafd8fd,M-1722,ORD-20260801-4938-0131,CONCESSION_ACCRUAL,3,597,2026-08-01T00:01:36+08:00
1b1edcf9-aae1-4726-b07e-ba8ae6a25c96,M-1838,ORD-20260731-6856-0132,CONCESSION_ACCRUAL,31,774,2026-07-31T16:41:34+08:00
80ebe20a-f9e9-4eef-8920-b7917deb4c7d,M-1513,ORD-20260801-3903-0133,CONCESSION_ACCRUAL,23,361,2026-08-01T00:10:26+08:00
15b7ab4e-59ab-4036-ac2f-e6967f641e26,M-2068,ORD-20260731-3047-0134,CONCESSION_ACCRUAL,3,142,2026-07-31T21:32:53+08:00
ffafe4c8-bd77-4496-bc34-6d8b88a08dd8,M-1488,ORD-20260731-1742-0135,CONCESSION_ACCRUAL,45,775,2026-07-31T22:05:40+08:00
56a4ccd8-216f-4c4e-b055-42159388cd0b,M-1553,ORD-20260731-2943-0136,CONCESSION_ACCRUAL,15,533,2026-07-31T21:42:43+08:00
79336348-e67b-47a7-b8bc-191a5ca8ddb0,M-1948,ORD-20260801-2827-0137,CONCESSION_ACCRUAL,23,135,2026-08-01T02:15:24+08:00
99b1e38f-34ac-40a0-a5be-a886c5cd58e9,M-1031,ORD-20260731-1550-0138,CONCESSION_ACCRUAL,33,1277,2026-07-31T22:06:32+08:00
bd42348c-1cf9-46ba-b252-62431a1c78b6,M-2100,ORD-20260801-3524-0139,CONCESSION_ACCRUAL,26,251,2026-08-01T00:39:10+08:00
992f2595-523a-456c-a180-8d41b331d4c8,M-1692,ORD-20260801-9827-0140,CONCESSION_ACCRUAL,19,2320,2026-08-01T02:53:32+08:00
afe31527-3794-4d49-af27-db5c5a81402e,M-1684,ORD-20260801-9180-0141,CONCESSION_ACCRUAL,3,531,2026-08-01T00:54:05+08:00
20f64c53-cf70-44b6-9424-fb9cbc7885dd,M-1882,ORD-20260731-7668-0142,CONCESSION_ACCRUAL,16,153,2026-07-31T17:28:31+08:00
a4651af1-b685-49dc-b6f8-fb71c09d198c,M-1579,ORD-20260731-2291-0143,CONCESSION_ACCRUAL,12,2621,2026-07-31T23:01:30+08:00
7c1d1a57-d732-4229-b559-a926c0b4ac1b,M-1596,ORD-20260731-3695-0144,CONCESSION_ACCRUAL,38,229,2026-07-31T20:55:13+08:00
55551c1f-7d87-4369-a9d1-f76f93c3c2cc,M-1596,TIER_UPGRADE_Silver_TO_Gold,TIER_BONUS,100,329,2026-07-31T20:55:13+08:00
406d0b6c-57a8-47bc-8eb9-8a0428018f62,M-1739,ORD-20260731-7789-0145,CONCESSION_ACCRUAL,11,82,2026-07-31T13:57:24+08:00
9ff7d29f-3304-43df-9181-a38fd6874610,M-1001,ORD-20260731-9348-0146,CONCESSION_ACCRUAL,21,222,2026-07-31T23:59:54+08:00
2721283e-5ba4-4208-8246-aa6ffde6a1ac,M-2072,ORD-20260731-5619-0147,CONCESSION_ACCRUAL,21,146,2026-07-31T23:51:09+08:00
ba9b94b9-bcba-4566-bcb5-ee205d6a6724,M-1014,ORD-20260731-4859-0148,CONCESSION_ACCRUAL,27,642,2026-07-31T17:50:14+08:00
b410ac24-6fa1-4925-ac2c-ea8a042e1227,M-2034,ORD-20260801-3733-0149,CONCESSION_ACCRUAL,12,285,2026-08-01T00:01:33+08:00
af551dc9-48a3-4a9f-84ff-330e2291fea2,M-1741,ORD-20260731-9461-0150,CONCESSION_ACCRUAL,11,587,2026-07-31T21:47:08+08:00
b62a96f9-bc6b-4283-94c9-2303ae632a08,M-1532,ORD-20260801-3165-0151,CONCESSION_ACCRUAL,8,112,2026-08-01T02:54:45+08:00
72f05c65-dbc6-4e8e-81a2-e380abcd0969,M-1172,ORD-20260801-7504-0152,CONCESSION_ACCRUAL,9,531,2026-08-01T03:48:23+08:00
d92ebe26-488a-4276-bda7-acc66edd755f,M-1993,ORD-20260731-5531-0153,CONCESSION_ACCRUAL,6,90,2026-07-31T22:22:52+08:00
f976d239-f234-4731-8bc8-45ca0de63701,M-1369,ORD-20260731-6083-0154,CONCESSION_ACCRUAL,36,262,2026-07-31T22:28:50+08:00
b27d986c-fc98-4dc5-9c35-c329c944a244,M-1686,ORD-20260731-6135-0155,CONCESSION_ACCRUAL,8,77,2026-07-31T19:50:34+08:00
4d5e77aa-a154-40c4-a631-75a45c579e6a,M-1516,ORD-20260731-6073-0156,CONCESSION_ACCRUAL,10,518,2026-07-31T23:37:56+08:00
825f48c4-19f3-44ea-afa7-027d3b521eb1,M-1517,ORD-20260731-7173-0157,CONCESSION_ACCRUAL,60,295,2026-07-31T19:48:58+08:00
0ed9b346-41c2-4ea5-a6d6-0bede67c6bd4,M-1489,ORD-20260731-4557-0158,CONCESSION_ACCRUAL,10,652,2026-07-31T20:38:13+08:00
cd5d6965-9372-49a2-ad03-ea2591d22f2a,M-2077,ORD-20260801-3633-0159,CONCESSION_ACCRUAL,18,112,2026-08-01T03:02:05+08:00
7f145bfa-932a-43e4-87ae-3d5f7408fd8c,M-2077,TIER_UPGRADE_Standard_TO_Silver,TIER_BONUS,50,162,2026-08-01T03:02:05+08:00
6253572e-6335-42db-b1a0-80258af14253,M-1621,ORD-20260731-6062-0160,CONCESSION_ACCRUAL,7,542,2026-07-31T22:47:55+08:00
1b284b16-69d3-4ef4-8ea0-b7072e328039,M-1752,ORD-20260731-4140-0161,CONCESSION_ACCRUAL,18,2603,2026-07-31T15:45:19+08:00
d5e65493-20dc-4ea9-902e-6d22d7eae5f9,M-2005,ORD-20260731-6125-0162,CONCESSION_ACCRUAL,18,97,2026-07-31T23:03:27+08:00
f294bcd6-e3c1-4cb8-ba72-c6e2ac8ddc35,M-1021,ORD-20260801-9899-0163,CONCESSION_ACCRUAL,27,372,2026-08-01T04:20:58+08:00
88d495c3-5b16-4bbd-bdbd-bfb1a03c163a,M-2086,ORD-20260801-4118-0164,CONCESSION_ACCRUAL,9,138,2026-08-01T01:06:41+08:00
6d5cc04f-ff64-4e23-b835-e7d01b35cdf6,M-1054,ORD-20260731-9529-0165,CONCESSION_ACCRUAL,53,304,2026-07-31T18:40:36+08:00
12b3e4b4-0384-4e5c-af1d-596b36ad5fa3,M-1794,ORD-20260731-2851-0166,CONCESSION_ACCRUAL,8,153,2026-07-31T23:04:37+08:00
27027dc1-65ee-4c47-b3aa-bdfe8873fa02,M-1363,ORD-20260731-5459-0167,CONCESSION_ACCRUAL,8,201,2026-07-31T18:05:26+08:00
35f370d2-657f-467f-bd07-b402b433716c,M-1385,ORD-20260801-2307-0168,CONCESSION_ACCRUAL,10,256,2026-08-01T03:08:14+08:00
4986a6da-8e67-4587-9d20-c513d8328e4a,M-1655,ORD-20260731-7366-0169,CONCESSION_ACCRUAL,23,272,2026-07-31T21:57:42+08:00
9db6a943-2e01-400f-af27-802b792d4f57,M-1625,ORD-20260731-3421-0170,CONCESSION_ACCRUAL,14,2490,2026-07-31T20:41:58+08:00
86512714-32a4-4477-b266-ee0e54f40e7a,M-1912,ORD-20260731-2998-0171,CONCESSION_ACCRUAL,9,197,2026-07-31T22:03:43+08:00
10f1b660-8cec-4f49-95f9-03bd11d3df2b,M-1136,ORD-20260731-8186-0172,CONCESSION_ACCRUAL,10,143,2026-07-31T19:51:16+08:00
4aac037b-bf11-4956-a87c-fe143fe337bd,M-1113,ORD-20260731-8401-0173,CONCESSION_ACCRUAL,11,612,2026-07-31T17:28:07+08:00
62e4069d-b849-419c-a2c5-5eec7d009879,M-1457,ORD-20260731-8206-0174,CONCESSION_ACCRUAL,33,541,2026-07-31T19:36:10+08:00
f49b6db4-4827-4404-a0fe-5e24f4d186d7,M-1897,ORD-20260731-5643-0175,CONCESSION_ACCRUAL,20,117,2026-07-31T18:08:02+08:00
fe4e1930-92d8-4240-99ee-f65e587ceba5,M-1423,ORD-20260731-7373-0176,CONCESSION_ACCRUAL,19,376,2026-07-31T20:14:08+08:00
1481b905-38f8-482b-88e0-3997c4429d64,M-1988,ORD-20260731-3720-0177,CONCESSION_ACCRUAL,15,103,2026-07-31T14:16:11+08:00
3c69bbbb-c5a1-465e-86a0-4c4f5326f212,M-1988,TIER_UPGRADE_Standard_TO_Silver,TIER_BONUS,50,153,2026-07-31T14:16:11+08:00
648e2084-8c0c-46d6-80b3-a66838c55adb,M-1643,ORD-20260731-9551-0178,CONCESSION_ACCRUAL,23,272,2026-07-31T17:52:51+08:00
2b8ae44d-d822-4e26-ae80-867f85494534,M-1013,ORD-20260731-6091-0179,CONCESSION_ACCRUAL,3,305,2026-07-31T15:47:32+08:00
515c9545-0f97-45ae-9bb3-69e76c8fb2bf,M-1352,ORD-20260731-9364-0180,CONCESSION_ACCRUAL,7,126,2026-07-31T22:05:04+08:00
e9e89d63-cc26-4afb-8d80-3d48cc07ad88,M-1897,ORD-20260731-6384-0181,CONCESSION_ACCRUAL,25,142,2026-07-31T21:21:04+08:00
5caf62f3-5d0e-4d2f-85ba-c9a9f502d5d0,M-2034,ORD-20260731-3078-0182,CONCESSION_ACCRUAL,12,297,2026-07-31T19:13:16+08:00
6fedda71-50ef-473a-ab9e-326506d063e3,M-1397,ORD-20260801-4035-0183,CONCESSION_ACCRUAL,4,771,2026-08-01T06:21:44+08:00
a00dc316-b66c-4c56-9683-eac2786b475a,M-1720,ORD-20260801-5366-0184,CONCESSION_ACCRUAL,26,388,2026-08-01T02:25:14+08:00
827b52d3-c1cc-4f7d-935b-a0b14f56b623,M-1100,ORD-20260731-6525-0185,CONCESSION_ACCRUAL,8,34,2026-07-31T18:09:26+08:00
12c47e92-8880-459c-999d-6336c895491e,M-1486,ORD-20260731-3516-0186,CONCESSION_ACCRUAL,11,268,2026-07-31T22:38:41+08:00
2d657dcf-3b3c-4dea-93ed-6711f175b9d5,M-1932,ORD-20260731-6935-0187,CONCESSION_ACCRUAL,6,137,2026-07-31T22:29:48+08:00
01c9f4b1-b50d-4463-a92d-921114206f08,M-2035,ORD-20260731-6647-0188,CONCESSION_ACCRUAL,18,90,2026-07-31T13:07:11+08:00
d5478e56-1793-4df5-bd93-952cf89a8210,M-1194,ORD-20260731-8710-0189,CONCESSION_ACCRUAL,16,337,2026-07-31T16:06:36+08:00
9ee036c2-79f0-4836-a76e-4b7a97a00e41,M-2142,ORD-20260731-8123-0190,CONCESSION_ACCRUAL,15,120,2026-07-31T18:49:22+08:00
49d5e806-f24c-4a9e-922a-de41295edc57,M-1598,ORD-20260801-5887-0191,CONCESSION_ACCRUAL,11,141,2026-08-01T03:59:19+08:00
8fdf0c57-3441-4631-abc7-b7a8021429e2,M-1367,ORD-20260731-1723-0192,CONCESSION_ACCRUAL,67,525,2026-07-31T14:50:50+08:00
62697f36-8edd-47e6-9f66-c20e5ed3366b,M-1119,ORD-20260731-3987-0193,CONCESSION_ACCRUAL,3,299,2026-07-31T23:43:14+08:00
34dd868f-3a1a-41ac-a011-0f8a57687c3c,M-1750,ORD-20260731-7769-0194,CONCESSION_ACCRUAL,20,71,2026-07-31T18:47:22+08:00
4cbd1daa-67fb-4263-a7d8-5eddc527bc69,M-1541,ORD-20260731-2844-0195,CONCESSION_ACCRUAL,13,382,2026-07-31T19:34:59+08:00
8cb49337-9804-483c-a12c-bab6d64ca9c5,M-1464,ORD-20260801-3326-0196,CONCESSION_ACCRUAL,27,187,2026-08-01T03:36:56+08:00
1458b6cb-c775-45a1-ada6-a5d3237cad5b,M-1398,ORD-20260731-5655-0197,CONCESSION_ACCRUAL,30,1441,2026-07-31T23:09:44+08:00
bbde7d0c-4371-4cc8-ad16-baa7d80c44ef,M-1747,ORD-20260731-8476-0198,CONCESSION_ACCRUAL,15,149,2026-07-31T19:58:06+08:00
ed8b4050-b0a6-4a0a-b102-03389c3ec619,M-1240,ORD-20260731-2250-0199,CONCESSION_ACCRUAL,9,143,2026-07-31T21:46:49+08:00
e98cf0a1-0457-40b5-977f-d43807cad499,M-1556,ORD-20260731-8954-0200,CONCESSION_ACCRUAL,11,291,2026-07-31T23:17:28+08:00
f196f57b-a745-4bd4-a587-63a1893f2ad8,M-1814,ORD-20260731-1160-0201,CONCESSION_ACCRUAL,38,313,2026-07-31T23:34:22+08:00
6d59b6a2-ad0d-4a66-998f-cda1501bf19b,M-1106,ORD-20260731-8706-0202,CONCESSION_ACCRUAL,9,405,2026-07-31T21:53:46+08:00
433c3de6-62ab-4570-af76-e9afaaa72b43,M-1537,ORD-20260731-6558-0203,CONCESSION_ACCRUAL,7,339,2026-07-31T21:57:33+08:00
9bcb9f35-21b1-40f3-bac5-e5bf58026a8f,M-1956,ORD-20260731-4633-0204,CONCESSION_ACCRUAL,26,203,2026-07-31T18:06:48+08:00
22c894a3-178e-43ae-813a-81818e2718a8,M-1313,ORD-20260731-5142-0205,CONCESSION_ACCRUAL,33,138,2026-07-31T21:07:57+08:00
15849f82-de7c-4b35-9c0d-975e7a51b8d3,M-1560,ORD-20260731-2830-0206,CONCESSION_ACCRUAL,33,138,2026-07-31T23:03:11+08:00
0eb56898-e95f-4d08-9696-882a4d54f619,M-1096,ORD-20260801-3658-0207,CONCESSION_ACCRUAL,16,282,2026-08-01T00:54:00+08:00
2e3ff9d8-f1c9-4d36-975f-10dbec98e298,M-1250,ORD-20260731-8465-0208,CONCESSION_ACCRUAL,15,136,2026-07-31T22:02:31+08:00
db1d9acb-d837-442c-9508-55718927a5b2,M-1010,ORD-20260731-9890-0209,CONCESSION_ACCRUAL,15,94,2026-07-31T18:42:14+08:00
38ae7d5f-ad27-4dc9-be3e-03197c5d41d5,M-1731,ORD-20260731-5553-0210,CONCESSION_ACCRUAL,45,83,2026-07-31T23:35:29+08:00
a166fbb1-afde-4e0d-9c68-97dc694b4b02,M-1625,ORD-20260801-4454-0211,CONCESSION_ACCRUAL,13,2503,2026-08-01T00:04:22+08:00
2b38ae64-e784-4c6e-ab47-2317ef7b4f04,M-1237,ORD-20260801-7432-0212,CONCESSION_ACCRUAL,19,94,2026-08-01T01:55:28+08:00
1eba4b3a-f19b-4e0b-940a-1ba6a29c96ba,M-1501,ORD-20260731-3548-0213,CONCESSION_ACCRUAL,8,129,2026-07-31T16:57:35+08:00
b40c0986-d872-4ef0-90c3-62bb7b9a9fa0,M-1833,ORD-20260731-3005-0214,CONCESSION_ACCRUAL,28,194,2026-07-31T21:06:07+08:00
bae4be61-b2c8-456a-9ac1-8a5620398110,M-1005,ORD-20260731-6112-0215,CONCESSION_ACCRUAL,22,71,2026-07-31T12:59:41+08:00
c4567757-c965-4d92-80df-c0eb8186c2cc,M-1677,ORD-20260801-9019-0216,CONCESSION_ACCRUAL,11,142,2026-08-01T01:16:54+08:00
d78d18d3-34be-4007-bd85-f4e5fe806616,M-1673,ORD-20260731-7190-0217,CONCESSION_ACCRUAL,15,440,2026-07-31T19:35:58+08:00
cb05d318-933a-4609-a2aa-e161e4a4907a,M-1347,ORD-20260801-2878-0218,CONCESSION_ACCRUAL,9,3219,2026-08-01T01:32:55+08:00
89779c89-38e3-4b07-9011-3f5b6d09929f,M-1796,ORD-20260731-5989-0219,CONCESSION_ACCRUAL,7,318,2026-07-31T17:19:29+08:00
5697f74b-6304-4f35-a4fc-adea927383b2,M-1077,ORD-20260731-8008-0220,CONCESSION_ACCRUAL,30,523,2026-07-31T19:03:04+08:00
39a95ca1-4e75-47ee-90da-8155a4a0d47e,M-1778,ORD-20260731-3404-0221,CONCESSION_ACCRUAL,8,122,2026-07-31T17:24:49+08:00
568daaeb-0053-43da-a21f-f97be349b66b,M-2084,ORD-20260731-3732-0222,CONCESSION_ACCRUAL,9,120,2026-07-31T21:13:33+08:00
8016a853-e4ba-465f-ae7d-2d3469562446,M-1445,ORD-20260731-3600-0223,CONCESSION_ACCRUAL,33,225,2026-07-31T17:18:18+08:00
098ebb6b-e0e5-44d4-ba47-770f25084965,M-1346,ORD-20260731-3176-0224,CONCESSION_ACCRUAL,18,346,2026-07-31T20:13:49+08:00
0c768ff5-38e1-4253-aee5-fcd896b13559,M-1956,ORD-20260731-2331-0225,CONCESSION_ACCRUAL,11,214,2026-07-31T22:28:41+08:00
644d30c1-e503-4e9f-b430-bbb02ac2b7a3,M-1281,ORD-20260731-1813-0226,CONCESSION_ACCRUAL,8,680,2026-07-31T22:53:01+08:00
7b8f240b-2a1a-4781-9d2d-43cecca9e29b,M-1392,ORD-20260731-2623-0227,CONCESSION_ACCRUAL,45,962,2026-07-31T10:02:46+08:00
3ed5e2c2-e67b-4a14-9f1d-47e66710fd76,M-1716,ORD-20260801-8220-0228,CONCESSION_ACCRUAL,8,247,2026-08-01T00:11:33+08:00
2fb03c2b-d4f0-453c-bfcf-d4bb2a9a9227,M-1129,ORD-20260731-2325-0229,CONCESSION_ACCRUAL,33,1071,2026-07-31T21:44:04+08:00
24ee4759-7e14-4bb1-b3a4-fbfc33cfcc66,M-1316,ORD-20260731-6827-0230,CONCESSION_ACCRUAL,11,205,2026-07-31T23:22:54+08:00
9c6d0b24-e542-40c1-83f1-be94c82f7424,M-1334,ORD-20260731-6493-0231,CONCESSION_ACCRUAL,8,243,2026-07-31T23:31:50+08:00
bc28e27e-96f1-4076-adb3-eb6866c2cc48,M-1409,ORD-20260801-8283-0232,CONCESSION_ACCRUAL,8,279,2026-08-01T00:11:01+08:00
45f7c0f7-c84c-46d1-864c-27fde0e5fcc3,M-1345,ORD-20260801-7069-0233,CONCESSION_ACCRUAL,15,363,2026-08-01T02:12:40+08:00
e5cf51be-23c3-41f5-83ef-cbbe2717eac2,M-1601,ORD-20260731-1057-0234,CONCESSION_ACCRUAL,23,295,2026-07-31T21:11:34+08:00
6ea1e75e-95a9-4fad-89c3-e5bdce80926e,M-1442,ORD-20260731-4966-0235,CONCESSION_ACCRUAL,53,350,2026-07-31T20:33:00+08:00
4fffb883-b256-42b5-8fb9-89d176dffc47,M-1580,ORD-20260731-3024-0236,CONCESSION_ACCRUAL,20,661,2026-07-31T16:23:00+08:00
19e94625-1b0b-410f-a098-90faaea540ff,M-1595,ORD-20260731-5533-0237,CONCESSION_ACCRUAL,26,270,2026-07-31T10:03:00+08:00
3bc9be12-ef11-4b9e-8f0d-c06c91a80f74,M-1373,ORD-20260731-4556-0238,CONCESSION_ACCRUAL,16,281,2026-07-31T12:44:00+08:00
b704b519-d238-4065-8034-f0d1e4a80834,M-1120,ORD-20260731-9563-0239,CONCESSION_ACCRUAL,15,560,2026-07-31T14:04:00+08:00
0cfc1979-f687-4581-96bf-261429c0111c,M-1168,ORD-20260731-5161-0240,CONCESSION_ACCRUAL,11,212,2026-07-31T13:03:00+08:00
7d598ac2-841b-4fab-b8d7-62831202a754,M-1071,ORD-20260731-3783-0241,CONCESSION_ACCRUAL,15,225,2026-07-31T18:34:00+08:00
c91acbe9-fa6f-4ff2-a12e-28d9b9a19dca,M-1053,ORD-20260731-9235-0242,CONCESSION_ACCRUAL,16,526,2026-07-31T14:24:00+08:00
d6d330e4-9ab6-4c34-aa64-96c7e15f648a,M-1432,ORD-20260731-8007-0243,CONCESSION_ACCRUAL,9,3257,2026-07-31T13:15:00+08:00
6f05e954-e921-4abf-914b-0f22983d9570,M-1791,ORD-20260731-9602-0244,CONCESSION_ACCRUAL,15,217,2026-07-31T11:52:00+08:00
ef45c97b-397a-4bc3-89d3-0e03b8abd3ed,M-2003,ORD-20260731-4450-0245,CONCESSION_ACCRUAL,22,32,2026-07-31T11:34:00+08:00
7bc3cf95-b50e-4d28-a0d7-d8f6444a6ab2,M-1625,ORD-20260731-6495-0246,CONCESSION_ACCRUAL,13,2516,2026-07-31T11:38:00+08:00
8e4d658c-f8d1-4eab-9c69-de0ed025b9b7,M-2142,ORD-20260731-7753-0247,CONCESSION_ACCRUAL,6,126,2026-07-31T15:31:00+08:00
4238f6c3-f286-45b7-8547-ab82cefe8c25,M-1085,ORD-20260731-2675-0248,CONCESSION_ACCRUAL,35,287,2026-07-31T14:14:00+08:00
f8b4ca17-a83d-4a14-a749-aa549ffbcd4a,M-1602,ORD-20260731-4225-0249,CONCESSION_ACCRUAL,7,303,2026-07-31T18:19:00+08:00
cd6f54f2-f3f3-4e55-a1dd-a0a89543420a,M-2061,ORD-20260731-3942-0250,CONCESSION_ACCRUAL,12,78,2026-07-31T20:10:00+08:00
75208e38-1954-4150-a7a3-c04c2ec755dd,M-1431,ORD-20260731-1610-0251,CONCESSION_ACCRUAL,21,555,2026-07-31T15:43:00+08:00
62983d0b-df97-434f-a71a-aed6ba06d1d8,M-1652,ORD-20260731-5790-0252,CONCESSION_ACCRUAL,3,363,2026-07-31T13:21:00+08:00
4245a5bd-75d8-4243-94db-b201a5bda28e,M-1387,ORD-20260731-9364-0253,CONCESSION_ACCRUAL,18,346,2026-07-31T21:03:00+08:00
3ea19e6c-ebd7-4a20-b3e1-667941addd43,M-1441,ORD-20260731-4857-0254,CONCESSION_ACCRUAL,11,37,2026-07-31T10:02:00+08:00
9e991929-030c-4352-bde0-e984901914ad,M-1640,ORD-20260731-4786-0255,CONCESSION_ACCRUAL,16,108,2026-07-31T13:41:00+08:00
6cc9ae7a-bd68-4709-92a2-f1bd4a623803,M-1488,ORD-20260731-2918-0256,CONCESSION_ACCRUAL,50,825,2026-07-31T09:33:00+08:00
ae7a9c29-334e-4c32-8d2c-2586322c044d,M-2017,ORD-20260731-2656-0257,CONCESSION_ACCRUAL,18,129,2026-07-31T16:35:00+08:00
bc22e3b3-1ff0-4a52-8d35-de7fe023c5e4,M-1688,ORD-20260731-1084-0258,CONCESSION_ACCRUAL,36,478,2026-07-31T17:29:00+08:00
95202c12-cd8e-4049-a6dd-ecea3ec84bec,M-1177,ORD-20260731-8393-0259,CONCESSION_ACCRUAL,20,231,2026-07-31T19:17:00+08:00
30232e9c-4ac2-493c-8145-ee4c14d6bade,M-1603,ORD-20260731-1185-0260,CONCESSION_ACCRUAL,8,195,2026-07-31T17:24:00+08:00
c92ce864-153b-42b3-bcc2-ae1ceca4c370,M-1092,ORD-20260731-4955-0261,CONCESSION_ACCRUAL,18,444,2026-07-31T10:14:00+08:00
1a2fa0cc-2f15-4e17-acb8-d6cacbd0a28a,M-1260,ORD-20260731-9646-0262,CONCESSION_ACCRUAL,13,141,2026-07-31T19:07:00+08:00
b420885e-5f98-41f8-824c-df24d241669d,M-1483,ORD-20260731-8153-0263,CONCESSION_ACCRUAL,3,516,2026-07-31T17:39:00+08:00
98c3a1ea-fdc5-4fef-899d-32472012b1b8,M-1591,ORD-20260731-3392-0264,CONCESSION_ACCRUAL,36,1966,2026-07-31T10:46:00+08:00
666c2873-d2a5-48e0-a210-3607e4b6f27f,M-1172,ORD-20260731-6459-0265,CONCESSION_ACCRUAL,47,578,2026-07-31T18:01:00+08:00
a6107805-3b3e-46d4-874f-bce88f5c6891,M-1416,ORD-20260731-2893-0266,CONCESSION_ACCRUAL,13,2413,2026-07-31T11:28:00+08:00
2932f2d8-175f-483b-8a4a-04b3994616e5,M-1238,ORD-20260731-7141-0267,CONCESSION_ACCRUAL,8,201,2026-07-31T22:56:00+08:00
22ebed60-5267-4a8a-b33b-19e8511b8ba5,M-1772,ORD-20260731-1242-0268,CONCESSION_ACCRUAL,3,195,2026-07-31T19:37:00+08:00
7c3827da-68d4-4490-bef4-87af0b73724b,M-1819,ORD-20260731-1432-0269,CONCESSION_ACCRUAL,18,80,2026-07-31T17:11:00+08:00
8c6c0692-0304-4fcb-8ddd-e7006fb897e4,M-1913,ORD-20260731-9967-0270,CONCESSION_ACCRUAL,15,232,2026-07-31T14:22:00+08:00
471d1d35-dbed-40c4-a9db-7574109c407c,M-1913,TIER_UPGRADE_Standard_TO_Silver,TIER_BONUS,50,282,2026-07-31T14:22:00+08:00
84e3264b-2e7d-4122-87fb-2811db1d0b52,M-1429,ORD-20260731-3598-0271,CONCESSION_ACCRUAL,9,690,2026-07-31T13:03:00+08:00
f4df6058-b478-4910-b656-ef1f3b6e0a94,M-1200,ORD-20260731-9689-0272,CONCESSION_ACCRUAL,18,374,2026-07-31T15:14:00+08:00
849d06ad-df12-408a-a5b6-5d05f72887fc,M-1219,ORD-20260731-1187-0273,CONCESSION_ACCRUAL,15,382,2026-07-31T22:53:00+08:00
6fe75d76-a154-4f6a-9d6a-5bc756618689,M-1781,ORD-20260731-9668-0274,CONCESSION_ACCRUAL,9,3811,2026-07-31T21:34:00+08:00
632039cf-1737-476b-be2d-2313dbb7fedc,M-1272,ORD-20260731-3117-0275,CONCESSION_ACCRUAL,33,1277,2026-07-31T10:25:00+08:00
406e6e61-951c-4599-8957-45fe02901bb0,M-1360,ORD-20260731-8542-0276,CONCESSION_ACCRUAL,11,183,2026-07-31T11:03:00+08:00
6d0de7e9-46ea-411e-9a75-597bc5dd39a9,M-1344,ORD-20260731-3484-0277,CONCESSION_ACCRUAL,15,597,2026-07-31T14:11:00+08:00
5f0fae12-46ec-44ce-ac4e-00e631d08a30,M-1441,ORD-20260731-2147-0278,CONCESSION_ACCRUAL,25,62,2026-07-31T20:34:00+08:00
bc1b0409-ad0d-44a5-aec0-24babbb1c671,M-1234,ORD-20260731-9591-0279,CONCESSION_ACCRUAL,17,299,2026-07-31T20:59:00+08:00
fd6f7b75-bb43-4098-aa36-57a14618dd60,M-1334,ORD-20260731-2676-0280,CONCESSION_ACCRUAL,15,258,2026-07-31T14:58:00+08:00
9f3530f7-f6d4-4f12-8a13-b739ae5a2f50,M-2068,ORD-20260731-6971-0281,CONCESSION_ACCRUAL,9,151,2026-07-31T09:00:00+08:00
26453464-2188-40cb-a32b-251f1f01f433,M-1399,ORD-20260731-2765-0282,CONCESSION_ACCRUAL,3,173,2026-07-31T09:14:00+08:00
b6f1e5a6-a4b4-4b96-9c2c-b53025d33259,M-1228,ORD-20260731-3928-0283,CONCESSION_ACCRUAL,11,294,2026-07-31T21:37:00+08:00
646b8d26-a55d-4512-80e0-cae60456ae07,M-1320,ORD-20260731-4106-0284,CONCESSION_ACCRUAL,3,969,2026-07-31T15:46:00+08:00
6f939972-7822-493d-93ee-90abb41f1aa7,M-1328,ORD-20260731-1881-0285,CONCESSION_ACCRUAL,11,137,2026-07-31T11:17:00+08:00
b59b21be-4777-4777-9a07-fbacc7b7bbee,M-1001,ORD-20260731-4685-0286,CONCESSION_ACCRUAL,8,230,2026-07-31T11:02:00+08:00
1437619e-dd3e-4302-8249-3d64ee953f18,M-1474,ORD-20260731-5290-0287,CONCESSION_ACCRUAL,25,147,2026-07-31T16:56:00+08:00
917f06c0-feaa-4cf3-a238-955d2f6fcecc,M-2070,ORD-20260731-2357-0288,CONCESSION_ACCRUAL,27,178,2026-07-31T21:26:00+08:00
fb2c231a-46ba-45ed-a64e-d3e8a0163dab,M-2036,ORD-20260731-2421-0289,CONCESSION_ACCRUAL,9,54,2026-07-31T13:36:00+08:00
1863bd95-65f8-40cf-b66f-22c81c66d982,M-1635,ORD-20260731-7296-0290,CONCESSION_ACCRUAL,15,309,2026-07-31T16:36:00+08:00
a02b30e4-ae59-4b8c-af41-acbe2c96c986,M-1710,ORD-20260731-4448-0291,CONCESSION_ACCRUAL,31,258,2026-07-31T15:57:00+08:00
d4f2a0e5-9898-462d-90f2-5da9c598c689,M-1659,ORD-20260731-4455-0292,CONCESSION_ACCRUAL,48,366,2026-07-31T19:42:00+08:00
dcdbb817-ee45-45e7-ac65-8badfc90edd8,M-1377,ORD-20260731-4410-0293,CONCESSION_ACCRUAL,15,656,2026-07-31T20:52:00+08:00
b24a587a-2b23-4354-86c3-8ab6fd7b11a2,M-2068,ORD-20260731-5261-0294,CONCESSION_ACCRUAL,12,163,2026-07-31T16:57:00+08:00
527a3ac5-e9e3-495e-bf7b-8b21f39de7f3,M-1029,ORD-20260731-9119-0295,CONCESSION_ACCRUAL,13,784,2026-07-31T20:18:00+08:00
6d0be6dd-426d-4581-a173-6589b37845d9,M-1319,ORD-20260731-1103-0296,CONCESSION_ACCRUAL,23,94,2026-07-31T22:48:00+08:00
2ca072e4-adc7-4b09-9dc0-7ea1e329f32d,M-1170,ORD-20260731-9015-0297,CONCESSION_ACCRUAL,15,131,2026-07-31T10:56:00+08:00
d41cb891-351b-44c8-a0cc-80e32116de20,M-1768,ORD-20260731-1061-0298,CONCESSION_ACCRUAL,60,212,2026-07-31T09:06:00+08:00
d0b83e56-0e7e-41c1-b8fb-a7d4d5a7edfa,M-2110,ORD-20260731-3498-0299,CONCESSION_ACCRUAL,8,511,2026-07-31T20:09:00+08:00
59318f07-9a51-47bf-85a6-8ab04381c9bd,M-1932,ORD-20260731-1850-0300,CONCESSION_ACCRUAL,27,164,2026-07-31T22:07:00+08:00
976c13f6-4add-44ee-a489-c35054c2aaa6,M-1354,ORD-20260731-1309-0301,CONCESSION_ACCRUAL,10,445,2026-07-31T14:39:00+08:00
385ed922-f923-4f7f-80d7-88e76331d166,M-1194,ORD-20260731-3618-0302,CONCESSION_ACCRUAL,11,348,2026-07-31T21:23:00+08:00
0726a894-5ac3-426e-bf99-ea3a962db7e2,M-2023,ORD-20260731-7609-0303,CONCESSION_ACCRUAL,15,310,2026-07-31T11:20:00+08:00
0aabe1fc-cd02-45c8-b37c-72841c8534f6,M-1984,ORD-20260731-2863-0304,CONCESSION_ACCRUAL,9,148,2026-07-31T10:13:00+08:00
95228818-0a64-4444-b621-db6091194ae9,M-1138,ORD-20260731-8721-0305,CONCESSION_ACCRUAL,11,453,2026-07-31T17:51:00+08:00
430c3a36-7d1f-4b75-95d9-fd3cf740add8,M-1523,ORD-20260731-8043-0306,CONCESSION_ACCRUAL,11,154,2026-07-31T17:27:00+08:00
82a756ea-cca6-4490-9ac4-6a66fa0dd658,M-2072,ORD-20260731-6807-0307,CONCESSION_ACCRUAL,10,156,2026-07-31T21:54:00+08:00
99ee8a6f-fb4a-4677-b0d3-8228b302f646,M-1389,ORD-20260731-2615-0308,CONCESSION_ACCRUAL,9,267,2026-07-31T21:28:00+08:00
a5d64910-1c0d-4977-8dd8-7b542297d084,M-1361,ORD-20260731-8502-0309,CONCESSION_ACCRUAL,4,186,2026-07-31T11:50:00+08:00
04924175-da13-434b-8d34-fe6438f47031,M-1786,ORD-20260731-2155-0310,CONCESSION_ACCRUAL,9,607,2026-07-31T17:44:00+08:00
a0db3752-5e3a-4711-8931-4688c5c80960,M-2068,ORD-20260731-7638-0311,CONCESSION_ACCRUAL,19,182,2026-07-31T18:38:00+08:00
5131b953-82fe-49d1-8258-94aadd7195d4,M-1254,ORD-20260731-5715-0312,CONCESSION_ACCRUAL,8,224,2026-07-31T12:58:00+08:00
