ledger_id,member_id,source_reference_id,transaction_type,points_delta,resulting_balance,created_at
c4f4a090-9f03-44e2-abc3-ad53a58c3bed,M-1246,SESS-20260819-1409-0000,RENTAL_ACCRUAL,28,447,2026-08-19T05:50:00+08:00
a4e8d699-9f66-4512-b534-46181ae0870a,M-1035,SESS-20260819-4526-0001,RENTAL_ACCRUAL,11,163,2026-08-19T23:00:00+08:00
27112a4c-f94e-4bd7-a560-6dd869ee4db6,M-1135,SESS-20260819-1041-0002,RENTAL_REDEMPTION,-100,253,2026-08-19T17:30:00+08:00
905b4dc7-8361-447d-86b2-be94f1f621cc,M-1135,SESS-20260819-1041-0002,RENTAL_ACCRUAL,10,263,2026-08-19T20:30:00+08:00
92d99601-1c6a-4695-982a-bad19fe7ca0a,M-2098,SESS-20260819-4860-0003,RENTAL_ACCRUAL,16,108,2026-08-19T16:30:00+08:00
b1ee145f-b3b4-4f3f-897d-d64f9b5c8f53,M-1040,SESS-20260819-1562-0004,RENTAL_ACCRUAL,5,743,2026-08-19T14:45:00+08:00
e18905b2-194d-40d2-bc25-c5eb03a65911,M-1600,SESS-20260819-7636-0005,RENTAL_ACCRUAL,18,141,2026-08-19T16:45:00+08:00
3bd917ce-953d-4a2f-aded-259c4cda0206,M-1608,SESS-20260819-6672-0006,RENTAL_ACCRUAL,11,337,2026-08-19T22:45:00+08:00
49ccce96-c10d-48ab-a98b-f6fd2f44378a,M-1369,SESS-20260819-5194-0007,RENTAL_ACCRUAL,18,525,2026-08-19T20:00:00+08:00
9d92e9a1-bbcc-4305-a019-2e116307aefd,M-1509,SESS-20260819-4248-0008,RENTAL_ACCRUAL,72,569,2026-08-19T22:45:00+08:00
e32649d5-9732-4a26-9bf1-c6b74d1f3660,M-1414,SESS-20260819-3386-0009,RENTAL_ACCRUAL,19,502,2026-08-19T11:30:00+08:00
50aafc4a-01b7-4ffc-84f8-cad2e66b55f9,M-1881,SESS-20260819-9446-0010,RENTAL_ACCRUAL,24,67,2026-08-19T16:15:00+08:00
ece91bc1-1da7-4b01-9420-dbcd9e5c36fb,M-1413,SESS-20260819-9913-0011,RENTAL_ACCRUAL,11,104,2026-08-19T20:45:00+08:00
2e5aa7d3-0e74-499f-8784-778ef2fe6023,M-1729,SESS-20260819-8151-0012,RENTAL_ACCRUAL,11,115,2026-08-19T22:00:00+08:00
0be19343-d0d6-4593-b8e5-d776eaad121d,M-2114,SESS-20260819-3605-0013,RENTAL_ACCRUAL,5,306,2026-08-19T15:15:00+08:00
888a2beb-9dd7-4624-8b46-ed6b01a690b7,M-1407,SESS-20260819-3386-0014,RENTAL_ACCRUAL,5,318,2026-08-19T23:15:00+08:00
ea83a24b-deb3-48b4-a8da-448521971656,M-2095,SESS-20260819-4526-0015,RENTAL_ACCRUAL,27,338,2026-08-19T17:00:00+08:00
386d89c1-bdec-4a8f-87e1-958ca02c63ef,M-1023,SESS-20260819-6476-0016,RENTAL_ACCRUAL,11,432,2026-08-19T17:30:00+08:00
ef5fc78d-5390-49de-91a4-a9d60a262cdd,M-1972,SESS-20260819-2603-0017,RENTAL_ACCRUAL,36,149,2026-08-19T11:00:00+08:00
b9598eef-9a0c-4092-ab90-a6cd3c65eef1,M-1434,SESS-20260819-1362-0018,RENTAL_ACCRUAL,5,240,2026-08-19T22:15:00+08:00
b5bde474-b789-43bb-abae-1f52b4b8c9ea,M-1487,SESS-20260819-2029-0019,RENTAL_ACCRUAL,6,632,2026-08-19T21:50:00+08:00
ce6c9e12-2a43-4c95-9ade-0c23a3c15ff0,M-1169,SESS-20260819-2586-0020,RENTAL_ACCRUAL,11,531,2026-08-19T05:50:00+08:00
5152eb4e-7003-4b84-9ad4-6548008afdaa,M-1079,SESS-20260819-4001-0021,RENTAL_ACCRUAL,19,368,2026-08-19T13:30:00+08:00
028afbcc-9639-46fa-8dcd-b1e81b2ed408,M-1742,SESS-20260819-9823-0022,RENTAL_ACCRUAL,18,75,2026-08-20T00:45:00+08:00
93174c08-d390-4ea2-8231-40798b382e72,M-1317,SESS-20260819-8865-0023,RENTAL_ACCRUAL,18,234,2026-08-19T15:15:00+08:00
e5010153-53c8-4a95-9900-7431208f0160,M-1690,SESS-20260819-7889-0024,RENTAL_ACCRUAL,18,266,2026-08-19T08:30:00+08:00
c7b00d86-5d4e-48a9-9066-6754432e6a4a,M-1620,SESS-20260819-2240-0025,RENTAL_ACCRUAL,9,451,2026-08-19T18:15:00+08:00
69382b4a-20a4-4a54-890d-63f55f383dd8,M-1684,SESS-20260819-7493-0026,RENTAL_ACCRUAL,5,725,2026-08-19T19:45:00+08:00
49d2d39b-7dec-46f9-91aa-2ec7ab849579,M-1984,SESS-20260819-3133-0027,RENTAL_REDEMPTION,-100,153,2026-08-19T16:30:00+08:00
71d115b7-2c8f-4d3e-a15f-68c26a7c86b9,M-1984,SESS-20260819-3133-0027,RENTAL_ACCRUAL,35,188,2026-08-20T00:30:00+08:00
64eb0449-ed9e-4100-a5d1-d0dadbf35d83,M-1992,SESS-20260819-5883-0028,RENTAL_ACCRUAL,27,156,2026-08-19T17:45:00+08:00
6b2781f6-ad7a-4386-9bd9-b52ef2cf9092,M-1222,SESS-20260819-2858-0029,RENTAL_ACCRUAL,27,836,2026-08-19T19:45:00+08:00
887e61db-7191-4c05-9ea5-732768ad746d,M-1476,SESS-20260819-4932-0030,RENTAL_ACCRUAL,28,138,2026-08-19T21:15:00+08:00
01b9c05c-342c-4461-85db-3acfec2e01ad,M-1697,SESS-20260819-7541-0031,RENTAL_ACCRUAL,11,80,2026-08-19T23:15:00+08:00
e5b151a4-5c63-42d9-b51c-3a4ae96f81c0,M-1962,SESS-20260819-7042-0032,RENTAL_ACCRUAL,11,468,2026-08-19T18:45:00+08:00
72cfe4db-7074-474d-9b0a-a5a070879124,M-1963,SESS-20260819-3575-0033,RENTAL_ACCRUAL,25,93,2026-08-20T03:25:00+08:00
9f841952-00e4-48c0-8038-40e84e2e8d5f,M-1136,SESS-20260819-8083-0034,RENTAL_ACCRUAL,40,120,2026-08-20T01:45:00+08:00
532fa162-82fd-465d-9564-087fd3146c3b,M-1826,SESS-20260819-6649-0035,RENTAL_ACCRUAL,9,306,2026-08-19T14:00:00+08:00
ee40e9ca-195e-49b7-afee-a66155435d44,M-1024,SESS-20260819-2283-0036,RENTAL_ACCRUAL,16,80,2026-08-19T12:30:00+08:00
4c8f96ff-6871-4cc9-bdc2-4cb0f8f497db,M-2099,SESS-20260819-5067-0037,RENTAL_ACCRUAL,16,369,2026-08-19T19:15:00+08:00
ac805466-07a9-4032-8fd3-a3f0fe2ba592,M-1517,SESS-20260819-1108-0038,RENTAL_ACCRUAL,28,132,2026-08-20T01:45:00+08:00
db0ae92e-c1c1-46a9-8947-0dbc91118dde,M-1802,SESS-20260819-5653-0039,RENTAL_ACCRUAL,16,258,2026-08-19T20:15:00+08:00
99891ca7-ed46-4256-af9e-dc55cdaab968,M-1520,SESS-20260819-1606-0040,RENTAL_ACCRUAL,19,1001,2026-08-19T10:30:00+08:00
376994f7-6d15-4712-b4db-735a7a214cd8,M-1016,SESS-20260819-9388-0041,RENTAL_REDEMPTION,-100,61,2026-08-19T10:00:00+08:00
43526f5c-bbcd-499c-97d6-918438615db1,M-1016,SESS-20260819-9388-0041,RENTAL_ACCRUAL,20,81,2026-08-19T13:00:00+08:00
4c0f5160-54b9-492f-9d3d-c2090d38fc61,M-1108,SESS-20260819-7220-0042,RENTAL_ACCRUAL,6,130,2026-08-19T23:30:00+08:00
72eed909-3dcd-40ed-b848-af9a5b531f7e,M-1495,SESS-20260819-3094-0043,RENTAL_ACCRUAL,27,250,2026-08-20T02:15:00+08:00
df26a571-e022-4f81-bff2-9b971a074572,M-1543,SESS-20260819-1350-0044,RENTAL_ACCRUAL,27,583,2026-08-19T13:45:00+08:00
2c9798c9-40b4-42a1-a620-ad60382683b9,M-1553,SESS-20260819-5714-0045,RENTAL_ACCRUAL,5,422,2026-08-19T16:15:00+08:00
fbba6abb-3f81-4853-964a-211b49a1c99f,M-1463,SESS-20260819-5957-0046,RENTAL_ACCRUAL,6,3725,2026-08-19T10:45:00+08:00
4334b695-9ac9-4825-9c5f-a0bcb6126eb2,M-1434,SESS-20260819-8481-0047,RENTAL_ACCRUAL,18,258,2026-08-20T00:45:00+08:00
9795935d-f918-425b-bceb-b8d398964b3a,M-1106,SESS-20260819-9018-0048,RENTAL_ACCRUAL,18,465,2026-08-20T00:00:00+08:00
9e34f001-b72f-4b2d-8e66-eaa0fa0fd6d4,M-1181,SESS-20260819-6038-0049,RENTAL_ACCRUAL,18,158,2026-08-19T10:00:00+08:00
f59aa45b-49bc-4e60-9dfa-da2e570fd094,M-1562,SESS-20260819-2770-0050,RENTAL_REDEMPTION,-100,650,2026-08-19T16:15:00+08:00
cc7ca8e4-171c-40df-bdb8-68794f762c49,M-1562,SESS-20260819-2770-0050,RENTAL_ACCRUAL,4,654,2026-08-19T18:15:00+08:00
4763c750-b80c-4882-b511-2adf1557bab9,M-1088,SESS-20260819-8858-0051,RENTAL_ACCRUAL,19,150,2026-08-20T00:15:00+08:00
b11cb21d-6e55-4a8a-bf15-3a3c93dad959,M-1694,SESS-20260819-3702-0052,RENTAL_ACCRUAL,27,341,2026-08-19T17:15:00+08:00
951bdf7c-fa1e-4e32-9315-9a3bef62cb46,M-1414,SESS-20260819-5188-0053,RENTAL_ACCRUAL,19,521,2026-08-19T16:00:00+08:00
13866237-6326-4c39-a699-b23ea5acd082,M-1584,SESS-20260819-8080-0054,RENTAL_ACCRUAL,45,229,2026-08-19T09:30:00+08:00
a95388cc-5255-4aa0-b8a5-c5738a38b4d9,M-1540,SESS-20260819-4383-0055,RENTAL_ACCRUAL,27,150,2026-08-19T16:45:00+08:00
ed2b271f-4e7d-4469-bace-8542578d11d1,M-1855,SESS-20260819-7201-0056,RENTAL_ACCRUAL,5,80,2026-08-19T23:45:00+08:00
92b76cfb-cd61-4b50-9e83-56a5205da4fc,M-1613,SESS-20260819-2758-0057,RENTAL_REDEMPTION,-300,33,2026-08-19T18:15:00+08:00
3322da61-3b61-41e7-be37-050d476c039a,M-1613,SESS-20260819-2758-0057,RENTAL_ACCRUAL,7,40,2026-08-19T23:15:00+08:00
e0ab1439-1374-4625-ac5c-cb18695254b7,M-1182,SESS-20260819-7888-0058,RENTAL_REDEMPTION,-100,4,2026-08-19T17:45:00+08:00
383a90df-2aa1-4d5c-ace8-3818b8be658e,M-1182,SESS-20260819-7888-0058,RENTAL_ACCRUAL,20,24,2026-08-19T20:45:00+08:00
099605ed-5604-4c67-a086-881effd4ecda,M-1663,SESS-20260819-1592-0059,RENTAL_ACCRUAL,5,289,2026-08-19T10:00:00+08:00
a86f5b7b-2faf-487e-9b63-bcdbfe615ba0,M-1810,SESS-20260819-6671-0060,RENTAL_ACCRUAL,16,320,2026-08-19T19:45:00+08:00
dd7be4e3-6639-41ab-8df0-fab9364a493f,M-1625,SESS-20260819-6579-0061,RENTAL_ACCRUAL,18,2783,2026-08-19T16:45:00+08:00
f125e443-011f-4aa1-9924-3f2d9922e9b5,M-1977,SESS-20260819-6946-0062,RENTAL_ACCRUAL,27,97,2026-08-19T17:00:00+08:00
6615ddc3-c2d4-407b-a8ee-f8b5ce6edeb9,M-1114,SESS-20260819-8573-0063,RENTAL_ACCRUAL,11,117,2026-08-19T22:15:00+08:00
d13cfbc0-865b-4008-9269-0532cc8ffd8b,M-1902,SESS-20260819-7391-0064,RENTAL_ACCRUAL,5,74,2026-08-19T19:30:00+08:00
f425a012-8805-4e0a-85fe-c0d5573032c2,M-2166,SESS-20260819-9017-0065,RENTAL_REDEMPTION,-200,25,2026-08-19T08:15:00+08:00
163f66de-f9d0-4932-ac81-777c6cd36793,M-2166,SESS-20260819-9017-0065,RENTAL_ACCRUAL,1,26,2026-08-19T09:15:00+08:00
53575627-70a0-40e4-91c3-b82041fdc30e,M-1789,SESS-20260819-6962-0066,RENTAL_REDEMPTION,-200,128,2026-08-19T14:45:00+08:00
4ec605c0-d24c-41b3-af33-36f15205ede6,M-1789,SESS-20260819-6962-0066,RENTAL_ACCRUAL,15,143,2026-08-19T19:45:00+08:00
a20c55c9-3aeb-4a22-9af1-28ebc93a8837,M-1254,SESS-20260819-4077-0067,RENTAL_ACCRUAL,11,340,2026-08-19T21:55:00+08:00
7f1a6e2c-779a-4267-877b-22267b725bb0,M-1238,SESS-20260819-1164-0068,RENTAL_ACCRUAL,18,330,2026-08-20T00:00:00+08:00
327c9dc8-a6fa-462c-aeac-14d57bb5126b,M-2176,SESS-20260819-4403-0069,RENTAL_REDEMPTION,-100,19,2026-08-19T14:15:00+08:00
2ea3cba9-d813-45cb-8fbf-767738d82b86,M-2176,SESS-20260819-4403-0069,RENTAL_ACCRUAL,38,57,2026-08-19T19:15:00+08:00
f8aaccd4-0a5d-4791-b4b1-4e325f88fe11,M-1348,SESS-20260819-5825-0070,RENTAL_REDEMPTION,-100,10,2026-08-19T16:15:00+08:00
eea26ed8-7c56-45fe-bbfb-57b6eb09a17f,M-1348,SESS-20260819-5825-0070,RENTAL_ACCRUAL,101,111,2026-08-20T00:15:00+08:00
99a79c5c-c052-4c67-856f-88680941305a,M-1095,SESS-20260819-1171-0071,RENTAL_ACCRUAL,11,179,2026-08-19T16:45:00+08:00
ca75c2c8-a07d-46ec-a331-fe3b2e4a0366,M-1748,SESS-20260819-4113-0072,RENTAL_REDEMPTION,-100,538,2026-08-19T18:30:00+08:00
2119bb95-8ad1-4200-a8a2-7fade85c0fb7,M-1748,SESS-20260819-4113-0072,RENTAL_ACCRUAL,21,559,2026-08-19T20:30:00+08:00
9ed8b050-ebcb-4518-a8e8-e4deb6e97ab3,M-1146,SESS-20260819-9867-0073,RENTAL_ACCRUAL,28,3033,2026-08-19T22:30:00+08:00
c5e0b6a7-3b82-4faa-bcf7-f6e0cf12e9a5,M-1316,SESS-20260819-1819-0074,RENTAL_ACCRUAL,16,273,2026-08-19T13:30:00+08:00
a4be3946-ce10-4ed5-a7fb-5e4f652e7d4a,M-1179,SESS-20260819-4310-0075,RENTAL_ACCRUAL,5,127,2026-08-19T14:45:00+08:00
0911c3f4-df3c-496e-b681-76267385a111,M-1237,SESS-20260819-1431-0076,RENTAL_ACCRUAL,48,585,2026-08-19T17:15:00+08:00
df3c9507-c1d7-448e-b433-1e6ccd9fe7a1,M-2035,SESS-20260819-7107-0077,RENTAL_ACCRUAL,5,315,2026-08-19T23:30:00+08:00
c9ae1216-a911-4174-8d51-2f2be9c36e99,M-2021,SESS-20260819-8756-0078,RENTAL_ACCRUAL,8,69,2026-08-19T18:15:00+08:00
ecd80871-3780-4876-99e8-6662ac4ad29b,M-1300,SESS-20260819-9016-0079,RENTAL_ACCRUAL,18,540,2026-08-19T19:45:00+08:00
23ade7e4-c22c-4f8b-bd1d-4530055b0b65,M-1667,SESS-20260819-7834-0080,RENTAL_ACCRUAL,5,72,2026-08-19T23:55:00+08:00
f95be240-36c6-44c2-89a6-b988a5ef8507,M-2062,SESS-20260819-4389-0081,RENTAL_ACCRUAL,28,234,2026-08-19T21:15:00+08:00
e67c6f1c-8dec-4df4-8ed8-14e33e66e0cd,M-1202,SESS-20260819-8668-0082,RENTAL_ACCRUAL,6,1827,2026-08-20T00:20:00+08:00
11040291-2099-4197-8d02-bb24304b76ae,M-1007,SESS-20260819-4689-0083,RENTAL_REDEMPTION,-300,440,2026-08-19T10:45:00+08:00
51a37b71-49c4-4bd7-9e2d-cc794de5be15,M-1007,SESS-20260819-4689-0083,RENTAL_ACCRUAL,6,446,2026-08-19T13:45:00+08:00
fc9b7a0b-7251-489f-842d-0e6ec764fcbb,M-1322,SESS-20260819-9142-0084,RENTAL_ACCRUAL,11,257,2026-08-19T10:00:00+08:00
04686191-3409-4a77-bd4e-127b16beb4a7,M-1770,SESS-20260819-9056-0085,RENTAL_ACCRUAL,48,179,2026-08-19T22:15:00+08:00
620e53c2-6977-478e-8e3c-104527748926,M-1455,SESS-20260819-9713-0086,RENTAL_REDEMPTION,-200,321,2026-08-19T14:05:00+08:00
29f21f39-5179-4201-845e-7548815099e8,M-1455,SESS-20260819-9713-0086,RENTAL_ACCRUAL,14,335,2026-08-19T17:05:00+08:00
624c852d-4e07-4819-8146-d2a87735f693,M-1026,SESS-20260819-7184-0087,RENTAL_ACCRUAL,48,1400,2026-08-20T02:15:00+08:00
5e33cc8f-e4f2-4e2f-b176-59f34285c03a,M-1921,SESS-20260819-2055-0088,RENTAL_ACCRUAL,10,13,2026-08-19T19:30:00+08:00
9f7ab046-b443-40da-845f-87092044ef97,M-1285,SESS-20260819-2735-0089,RENTAL_ACCRUAL,16,298,2026-08-19T12:30:00+08:00
2ba724dd-7e9b-4d47-9473-78a8aa105efd,M-1846,SESS-20260819-6254-0090,RENTAL_ACCRUAL,5,59,2026-08-19T17:45:00+08:00
a2af24ff-a5de-4cc5-9739-18f5e65383e4,M-1705,SESS-20260819-5909-0091,RENTAL_ACCRUAL,5,343,2026-08-19T17:15:00+08:00
fb1e7563-45f2-46d3-8ad1-a17df5f04312,M-1373,SESS-20260819-4915-0092,RENTAL_REDEMPTION,-200,219,2026-08-19T20:30:00+08:00
6c2352a9-fb07-47af-a056-d44aba79b554,M-1373,SESS-20260819-4915-0092,RENTAL_ACCRUAL,15,234,2026-08-20T01:30:00+08:00
36816525-a3f5-40c9-911a-d4939b721109,M-1438,SESS-20260819-8751-0093,RENTAL_ACCRUAL,18,2608,2026-08-20T00:15:00+08:00
d76684b7-5520-4f8f-a352-661c006ba74f,M-1374,SESS-20260819-7130-0094,RENTAL_ACCRUAL,16,802,2026-08-19T17:15:00+08:00
af296654-9e69-471f-b1f4-22338527151c,M-2113,SESS-20260819-5170-0095,RENTAL_REDEMPTION,-100,208,2026-08-19T09:45:00+08:00
4ddcf518-f99f-4df4-9703-3e98a90d78be,M-2113,SESS-20260819-5170-0095,RENTAL_ACCRUAL,11,219,2026-08-19T11:45:00+08:00
36305724-7651-4bc0-9c9f-d12bbb223004,M-1201,SESS-20260819-8334-0096,RENTAL_ACCRUAL,19,624,2026-08-19T21:30:00+08:00
c50c1274-aa9a-4a95-a035-2791f88fbb75,M-2022,SESS-20260819-7495-0097,RENTAL_ACCRUAL,15,136,2026-08-19T23:30:00+08:00
747088d7-a277-4bbf-a319-80f0cf12eb6a,M-1054,SESS-20260819-5848-0098,RENTAL_ACCRUAL,11,131,2026-08-19T10:00:00+08:00
bc1d5887-2b61-4069-9a71-75515ce76637,M-1695,SESS-20260819-3948-0099,RENTAL_REDEMPTION,-100,47,2026-08-19T18:15:00+08:00
e653bc0b-62ca-40e3-bdef-b1616bcb5ebc,M-1695,SESS-20260819-3948-0099,RENTAL_ACCRUAL,11,58,2026-08-19T20:15:00+08:00
a3f53dc7-dcdd-458b-a858-3c835a834257,M-1069,SESS-20260819-9282-0100,RENTAL_ACCRUAL,11,280,2026-08-19T17:15:00+08:00
cb9b8446-f73e-405f-8938-087b91a23436,M-1520,SESS-20260819-5077-0101,RENTAL_ACCRUAL,18,1019,2026-08-19T21:45:00+08:00
bdb1c777-3c56-4422-a191-c23757ca0a51,M-2184,SESS-20260819-1810-0102,RENTAL_ACCRUAL,16,53,2026-08-20T01:45:00+08:00
79263828-fd1c-4ca1-a581-1d455b16afab,M-1862,SESS-20260819-3633-0103,RENTAL_ACCRUAL,11,26,2026-08-20T01:30:00+08:00
5f60f97f-d791-4164-ae11-8fe52151563a,M-1442,SESS-20260819-7947-0104,RENTAL_ACCRUAL,40,613,2026-08-19T18:30:00+08:00
7f0ef664-7b92-4264-b5cc-148dbd5a3154,M-1155,SESS-20260819-1248-0105,RENTAL_REDEMPTION,-100,165,2026-08-19T01:45:00+08:00
411453dd-ac53-4c1a-bcaf-044186b83e56,M-1155,SESS-20260819-1248-0105,RENTAL_ACCRUAL,5,170,2026-08-19T03:45:00+08:00
55a4a99a-db95-4e62-b4db-76bacfe5e5ca,M-1946,SESS-20260819-2056-0106,RENTAL_ACCRUAL,18,253,2026-08-19T23:45:00+08:00
bb5743f2-a834-4c18-a995-5b11db4e3601,M-2001,SESS-20260819-3455-0107,RENTAL_ACCRUAL,40,223,2026-08-20T01:15:00+08:00
98f18c7a-3b3d-465f-8ce1-b843b5ea757a,M-1626,SESS-20260819-7815-0108,RENTAL_REDEMPTION,-100,436,2026-08-19T18:30:00+08:00
71af31f3-3cd2-41ba-aa4e-d677b6748f59,M-1626,SESS-20260819-7815-0108,RENTAL_ACCRUAL,2,438,2026-08-19T19:30:00+08:00
c5e989cb-2a89-4bda-8d67-2417441b614a,M-1031,SESS-20260819-9159-0109,RENTAL_ACCRUAL,43,1462,2026-08-19T23:45:00+08:00
841eea26-f3ca-4f22-8279-b5e1219dd289,M-1525,SESS-20260819-6038-0110,RENTAL_ACCRUAL,28,411,2026-08-19T22:30:00+08:00
28e75cd2-0843-439e-bb77-a80d613d847d,M-1084,SESS-20260819-2000-0111,RENTAL_ACCRUAL,16,286,2026-08-19T17:15:00+08:00
3b9e1b0c-d834-499d-86e1-b12d9aba478e,M-1447,SESS-20260819-4489-0112,RENTAL_REDEMPTION,-100,98,2026-08-19T16:15:00+08:00
0e97420c-867e-453f-93cb-626f97012e02,M-1447,SESS-20260819-4489-0112,RENTAL_ACCRUAL,10,108,2026-08-19T19:15:00+08:00
5ffdca23-509b-4e67-aba0-b6e766ff6972,M-1671,SESS-20260819-3730-0113,RENTAL_ACCRUAL,5,311,2026-08-19T15:15:00+08:00
5f331753-010f-4fbe-82d1-7a6f252a4ba8,M-1699,SESS-20260819-9759-0114,RENTAL_ACCRUAL,11,121,2026-08-19T21:00:00+08:00
05f86660-0256-432f-b76c-f4915472d068,M-1529,SESS-20260819-3399-0115,RENTAL_ACCRUAL,11,79,2026-08-19T21:30:00+08:00
42cd1e29-23f2-4748-b70c-682375153326,M-2193,SESS-20260819-4683-0116,RENTAL_ACCRUAL,11,275,2026-08-19T19:25:00+08:00
ad104450-d49b-4245-a869-a1098dc3687b,M-1597,SESS-20260819-6894-0117,RENTAL_REDEMPTION,-200,184,2026-08-19T23:55:00+08:00
07a1b12c-b00a-49d1-bf3f-07f94c4e07c8,M-1597,SESS-20260819-6894-0117,RENTAL_ACCRUAL,33,217,2026-08-20T04:55:00+08:00
c768dd46-4484-4742-bdf6-8f6c84c18846,M-2117,SESS-20260819-2543-0118,RENTAL_ACCRUAL,15,99,2026-08-19T19:30:00+08:00
fdc0ce7f-331a-41bd-850c-daaad02c7e35,M-1803,SESS-20260819-8525-0119,RENTAL_ACCRUAL,18,119,2026-08-19T17:00:00+08:00
1bb9d524-8703-4d44-9884-38a3bf993c22,M-1739,SESS-20260819-7289-0120,RENTAL_ACCRUAL,11,80,2026-08-19T03:30:00+08:00
5590f286-2ba0-43c1-928a-af0213454242,M-1975,SESS-20260819-8207-0121,RENTAL_ACCRUAL,11,148,2026-08-19T08:00:00+08:00
1a7d537d-8af8-47da-a7b1-b2ccfbd4da96,M-1338,SESS-20260819-5625-0122,RENTAL_ACCRUAL,5,185,2026-08-19T23:25:00+08:00
c7242de4-02e0-4f72-90d8-bfaeadf6b31b,M-1779,SESS-20260819-3582-0123,RENTAL_ACCRUAL,9,397,2026-08-19T18:15:00+08:00
0cd67c57-b61d-4f9f-82ac-9959d6eff05f,M-2028,SESS-20260819-6032-0124,RENTAL_ACCRUAL,5,65,2026-08-19T23:30:00+08:00
878d7239-64e7-47ce-8922-70038bfdb840,M-1559,SESS-20260819-2430-0125,RENTAL_REDEMPTION,-200,126,2026-08-19T22:50:00+08:00
d4516b0d-9a33-4fb9-b88d-5251bec1b14d,M-1559,SESS-20260819-2430-0125,RENTAL_ACCRUAL,55,181,2026-08-20T03:50:00+08:00
e44a9d7d-358c-4c78-b57c-7d4109b92d40,M-1526,SESS-20260819-4162-0126,RENTAL_ACCRUAL,72,1233,2026-08-20T04:15:00+08:00
af69867f-d0dc-4178-af2c-4b961f1dcb9d,M-2140,SESS-20260819-8208-0127,RENTAL_REDEMPTION,-100,23,2026-08-19T21:45:00+08:00
d90fe640-dea7-4b9f-ab15-0231a6b60333,M-2140,SESS-20260819-8208-0127,RENTAL_ACCRUAL,5,28,2026-08-19T23:45:00+08:00
6fee7a5f-b9aa-4c9e-acc1-8dcf3c4dcbf6,M-1353,SESS-20260819-1301-0128,RENTAL_ACCRUAL,16,242,2026-08-20T00:00:00+08:00
5e24b38c-b13a-48da-8d7e-7f47c36f53bd,M-2046,SESS-20260819-4017-0129,RENTAL_ACCRUAL,24,63,2026-08-19T21:30:00+08:00
1d5c59a6-2ea8-4eb0-84ea-0e551cf87536,M-1392,SESS-20260819-7151-0130,RENTAL_REDEMPTION,-200,605,2026-08-19T22:15:00+08:00
30eaca7f-2791-4e52-ad9c-f53321b7fe56,M-1392,SESS-20260819-7151-0130,RENTAL_ACCRUAL,3,608,2026-08-20T01:15:00+08:00
3b7ea504-441d-46b0-a239-3e3440ee57f0,M-1840,SESS-20260819-9981-0131,RENTAL_ACCRUAL,48,1817,2026-08-19T20:45:00+08:00
045cf5a7-7872-4b87-8d75-5b29878f4dae,M-1358,SESS-20260819-2238-0132,RENTAL_ACCRUAL,28,75,2026-08-19T19:00:00+08:00
cd9f2d39-c9fa-48dd-9666-8a6038ddeb9e,M-1766,SESS-20260819-7313-0133,RENTAL_ACCRUAL,18,748,2026-08-19T21:50:00+08:00
b37597d1-f74f-45cb-bf3c-c7c81853a30c,M-1580,SESS-20260819-2015-0134,RENTAL_ACCRUAL,9,1116,2026-08-19T14:45:00+08:00
1cc8feea-a8d3-4a65-914f-91cfa785f644,M-1695,SESS-20260819-4177-0135,RENTAL_ACCRUAL,11,69,2026-08-19T23:30:00+08:00
4061f535-67ae-4254-ac23-4d083ab30bd5,M-2131,SESS-20260819-5114-0136,RENTAL_ACCRUAL,15,94,2026-08-19T23:15:00+08:00
fdb0bfe8-d669-448e-b435-0c83d7b9bc0e,M-1016,SESS-20260819-8639-0137,RENTAL_ACCRUAL,45,126,2026-08-20T02:40:00+08:00
2a99fbf8-0eea-4c28-be09-f72872d49e12,M-1744,SESS-20260819-2565-0138,RENTAL_ACCRUAL,11,833,2026-08-19T23:45:00+08:00
7a1fe6ba-257a-48fc-aac1-7bfcc511e3a9,M-1663,SESS-20260819-9084-0139,RENTAL_REDEMPTION,-200,89,2026-08-19T18:45:00+08:00
85a3a3d7-686e-4ce3-b5b6-66618317c99a,M-1663,SESS-20260819-9084-0139,RENTAL_ACCRUAL,15,104,2026-08-19T23:45:00+08:00
11548b0f-6ce8-4f0c-9f5b-eb552f65fcf2,M-1172,SESS-20260819-4894-0140,RENTAL_ACCRUAL,18,805,2026-08-20T02:05:00+08:00
c5bc956e-e343-4a82-b283-492ef3ecf62e,M-1120,SESS-20260819-7465-0141,RENTAL_ACCRUAL,11,849,2026-08-19T11:15:00+08:00
015a9964-ee62-4dc0-a194-08695616acb7,M-2124,SESS-20260819-8241-0142,RENTAL_ACCRUAL,16,115,2026-08-19T22:50:00+08:00
1d797b12-fc9f-4f35-bee7-7b02cdd88f66,M-2041,SESS-20260819-5327-0143,RENTAL_ACCRUAL,15,61,2026-08-19T16:40:00+08:00
5d9946d8-866b-48d2-92c8-bf9bd05a715a,M-1007,SESS-20260819-5913-0144,RENTAL_REDEMPTION,-300,146,2026-08-19T21:00:00+08:00
a2039450-1f06-4477-9e81-b6a0ea25bd24,M-1007,SESS-20260819-5913-0144,RENTAL_ACCRUAL,25,171,2026-08-20T05:00:00+08:00
6f528ab6-156c-4c2c-8654-51a2273aeaa8,M-1402,SESS-20260819-4287-0145,RENTAL_ACCRUAL,11,48,2026-08-19T16:30:00+08:00
da9660f1-dbe3-4d09-8713-9f39216664c1,M-1394,SESS-20260819-8483-0146,RENTAL_REDEMPTION,-200,333,2026-08-19T21:15:00+08:00
59db9744-60b8-4d77-93d1-f4efe9176baa,M-1394,SESS-20260819-8483-0146,RENTAL_ACCRUAL,4,337,2026-08-20T00:15:00+08:00
37b1a269-6e91-4f55-9ba6-896b16451819,M-1331,SESS-20260819-5453-0147,RENTAL_ACCRUAL,40,146,2026-08-19T23:45:00+08:00
cfd9960d-f650-4f1a-9700-1e48c323a2ca,M-2041,SESS-20260819-4537-0148,RENTAL_ACCRUAL,10,71,2026-08-20T00:10:00+08:00
4439f950-8dfb-44ea-9951-fce2e8423d5d,M-1848,SESS-20260819-2111-0149,RENTAL_ACCRUAL,24,145,2026-08-19T19:00:00+08:00
c0f92ff2-2014-4793-b566-c17a0fa53d7a,M-1972,SESS-20260819-1528-0150,RENTAL_ACCRUAL,15,164,2026-08-20T00:35:00+08:00
27b9012d-0fad-4580-bcaa-c10ea29633e1,M-1878,SESS-20260819-4841-0151,RENTAL_ACCRUAL,9,90,2026-08-19T19:45:00+08:00
1d1f3540-8e27-422a-bc33-24486a5a0944,M-1980,SESS-20260819-7529-0152,RENTAL_REDEMPTION,-100,15,2026-08-19T22:05:00+08:00
78d0552c-6f9b-4316-8db5-4f329a3959d1,M-1980,SESS-20260819-7529-0152,RENTAL_ACCRUAL,5,20,2026-08-20T00:05:00+08:00
928a2b84-68b9-4e82-9acb-00f4d1752910,M-2180,SESS-20260819-7296-0153,RENTAL_ACCRUAL,25,92,2026-08-20T03:00:00+08:00
b6ad086c-30e1-4902-b448-9201413007d6,M-2149,SESS-20260819-8212-0154,RENTAL_ACCRUAL,10,47,2026-08-20T00:40:00+08:00
a0c84daa-0db4-4380-9c33-db2909aa5eb2,M-1112,SESS-20260819-2414-0155,RENTAL_ACCRUAL,18,1418,2026-08-19T22:30:00+08:00
3e3a4500-56ce-4c46-9cef-92d484df36c8,M-2154,SESS-20260819-1570-0156,RENTAL_ACCRUAL,8,91,2026-08-19T18:45:00+08:00
bda1ac04-f05a-44e8-8834-8a24c4802440,M-1608,SESS-20260819-9181-0157,RENTAL_ACCRUAL,67,404,2026-08-20T04:50:00+08:00
328800b8-5e8d-4014-a849-455cb0676fd0,M-1691,SESS-20260819-6766-0158,RENTAL_ACCRUAL,18,704,2026-08-19T17:15:00+08:00
7d3a393c-6275-4090-917e-9bc0b69427de,M-1671,SESS-20260819-2041-0159,RENTAL_ACCRUAL,27,338,2026-08-20T00:35:00+08:00
bf5d7fe5-ae0f-42b8-abc6-94ebf5e3f6bc,M-1868,SESS-20260819-5044-0160,RENTAL_ACCRUAL,15,100,2026-08-20T00:30:00+08:00
44af6dc1-88e9-48fd-b403-b52319f39a39,M-1448,SESS-20260819-6698-0161,RENTAL_ACCRUAL,9,291,2026-08-19T10:30:00+08:00
835121ee-ed75-4558-b8dd-1d94aa0a30d7,M-1682,SESS-20260819-3500-0162,RENTAL_ACCRUAL,18,818,2026-08-20T02:45:00+08:00
044228ba-a5c8-421e-a375-200ab85fb6eb,M-1354,SESS-20260819-4495-0163,RENTAL_ACCRUAL,28,90,2026-08-19T20:00:00+08:00
162399f4-e95c-4a37-807d-0072256a37b4,M-1764,SESS-20260819-8895-0164,RENTAL_REDEMPTION,-400,225,2026-08-19T21:00:00+08:00
9636eb0d-adb8-457a-9f12-3dc11cbd510d,M-1764,SESS-20260819-8895-0164,RENTAL_ACCRUAL,2,227,2026-08-20T00:00:00+08:00
2ebbbf3b-2ddd-496d-90f7-d51083b287e1,M-1661,SESS-20260819-4820-0165,RENTAL_ACCRUAL,28,2791,2026-08-19T18:00:00+08:00
734c4dbf-3449-4731-9a55-30697fe7bcd8,M-1728,SESS-20260819-7314-0166,RENTAL_ACCRUAL,11,195,2026-08-19T18:50:00+08:00
e122a627-5ad2-4c3f-8bc6-660e3f519dc0,M-1367,SESS-20260819-2753-0167,RENTAL_REDEMPTION,-100,526,2026-08-19T17:25:00+08:00
49fd2dcd-1798-4848-86f8-280f54ae5fdc,M-1367,SESS-20260819-2753-0167,RENTAL_ACCRUAL,10,536,2026-08-19T20:25:00+08:00
443353e0-d16c-4781-b08c-bbd0de48542b,M-1921,SESS-20260819-5122-0168,RENTAL_ACCRUAL,24,37,2026-08-19T23:15:00+08:00
1327a695-4faa-434e-951c-390e67deb2ad,M-1219,SESS-20260819-3027-0169,RENTAL_ACCRUAL,11,241,2026-08-19T21:45:00+08:00
0f261ace-4f16-41fb-ae6b-0bfe029e6b76,M-1252,SESS-20260819-5023-0170,RENTAL_ACCRUAL,28,160,2026-08-19T22:00:00+08:00
3d0cc69c-b627-4b96-bcfd-822739f3c4d0,M-1191,SESS-20260819-6521-0171,RENTAL_ACCRUAL,9,58,2026-08-19T15:00:00+08:00
4c24aa8e-1f2f-4d68-9d19-a7ac3602bf20,M-1489,SESS-20260819-6919-0172,RENTAL_ACCRUAL,27,626,2026-08-19T15:45:00+08:00
089ddf36-3d4d-4c9c-8ca8-623e068a34b9,M-1565,SESS-20260819-5256-0173,RENTAL_ACCRUAL,6,782,2026-08-19T21:15:00+08:00
68ee2458-f7d5-4fd3-838e-cbc3cd9fbfdc,M-1778,SESS-20260819-4241-0174,RENTAL_ACCRUAL,11,146,2026-08-19T20:45:00+08:00
08fa66db-bf74-4d88-bc70-20b0e2fabb05,M-1149,SESS-20260819-4533-0175,RENTAL_ACCRUAL,9,301,2026-08-19T22:15:00+08:00
e9541775-0872-454d-9ace-014fa27a3b5e,M-1701,SESS-20260819-7749-0176,RENTAL_ACCRUAL,108,816,2026-08-19T22:00:00+08:00
bb5c45d9-685e-4692-8a55-ead70100fe42,M-2125,SESS-20260819-2310-0177,RENTAL_ACCRUAL,25,92,2026-08-19T19:15:00+08:00
28aa9332-d364-43f2-b278-0a3c1415f945,M-1894,SESS-20260819-8185-0178,RENTAL_ACCRUAL,64,206,2026-08-20T00:45:00+08:00
c90845f7-3083-48c9-ac36-4947f7979fd9,M-1001,SESS-20260819-7124-0179,RENTAL_ACCRUAL,5,532,2026-08-19T17:45:00+08:00
3f15a745-9574-4d1b-bf79-49100a4e0a2a,M-1352,SESS-20260819-7563-0180,RENTAL_ACCRUAL,18,237,2026-08-19T22:15:00+08:00
c1860f6b-5f92-42fc-ad44-b7f8c92a3bf5,M-1102,SESS-20260819-5076-0181,RENTAL_ACCRUAL,28,125,2026-08-20T03:15:00+08:00
c7e67533-5c38-447f-b7e7-fbd369861c0d,M-2183,SESS-20260819-6189-0182,RENTAL_REDEMPTION,-100,30,2026-08-19T22:30:00+08:00
dfdc30fb-ca51-4d70-9bf6-2bb7aae78c27,M-2183,SESS-20260819-6189-0182,RENTAL_ACCRUAL,11,41,2026-08-20T00:30:00+08:00
d869654d-8172-42d9-9cd0-568c3abc37ac,M-1052,SESS-20260819-2165-0183,RENTAL_ACCRUAL,40,359,2026-08-19T22:15:00+08:00
ed649755-97b0-4170-a4ed-20d4db51e272,M-2004,SESS-20260819-4005-0184,RENTAL_REDEMPTION,-200,122,2026-08-19T20:15:00+08:00
44dd9e12-3db3-4b65-8035-1ec16f3b9144,M-2004,SESS-20260819-4005-0184,RENTAL_ACCRUAL,15,137,2026-08-20T01:15:00+08:00
b080348d-6d83-47d9-a5ec-45cc9003f84d,M-1713,SESS-20260819-9451-0185,RENTAL_ACCRUAL,12,219,2026-08-19T21:35:00+08:00
fa13f59c-1aff-4a51-a7a8-b35fe30052ca,M-1570,SESS-20260819-6074-0186,RENTAL_REDEMPTION,-500,134,2026-08-19T18:45:00+08:00
198df3a5-1596-44e0-870e-5999dc5d9733,M-1570,SESS-20260819-6074-0186,RENTAL_ACCRUAL,77,211,2026-08-20T02:45:00+08:00
1043bac7-5524-4780-ad01-e3b9a7f94ac3,M-1022,SESS-20260819-8249-0187,RENTAL_ACCRUAL,28,335,2026-08-20T04:50:00+08:00
a32bcd7a-683a-40aa-a3f0-e506e6213b05,M-1122,SESS-20260819-9496-0188,RENTAL_ACCRUAL,28,220,2026-08-20T02:45:00+08:00
0a4e31c9-c26e-4073-87c7-eb2e44f62c3f,M-2178,SESS-20260819-5017-0189,RENTAL_ACCRUAL,10,137,2026-08-19T21:45:00+08:00
c2d8fd9c-9559-4fed-b70f-7515fd6523fd,M-1817,SESS-20260819-8851-0190,RENTAL_ACCRUAL,72,380,2026-08-20T05:15:00+08:00
6592a0fa-aaa2-4d4e-ad09-b93a9bac8bb1,M-2172,SESS-20260819-8290-0191,RENTAL_ACCRUAL,16,495,2026-08-19T22:15:00+08:00
49f1fdc1-8ac3-4454-8915-1307426f5526,M-1094,SESS-20260819-7223-0192,RENTAL_ACCRUAL,16,409,2026-08-19T18:00:00+08:00
b3832979-6737-48e0-a02e-fc487dc55640,M-1094,TIER_UPGRADE_Silver_TO_Gold,TIER_BONUS,100,509,2026-08-19T18:00:00+08:00
e0324ca5-4b5c-48ff-9fa8-7631aef2d7da,M-1474,SESS-20260819-8006-0193,RENTAL_ACCRUAL,27,149,2026-08-19T15:00:00+08:00
03815ec2-5b3d-4a71-9437-ac5dd696c9d7,M-1056,SESS-20260819-3952-0194,RENTAL_ACCRUAL,28,240,2026-08-19T21:40:00+08:00
3401aeea-26f6-48b4-9d06-6e2c1c1d5007,M-1719,SESS-20260819-3594-0195,RENTAL_ACCRUAL,48,258,2026-08-20T05:00:00+08:00
53655598-3eb5-4972-b794-e98bdb04df7f,M-1057,SESS-20260819-9675-0196,RENTAL_ACCRUAL,72,165,2026-08-20T07:00:00+08:00
febe36a1-92ea-4be0-9afe-b20280f38ad9,M-1575,SESS-20260819-1921-0197,RENTAL_REDEMPTION,-100,18,2026-08-19T19:30:00+08:00
3d4dfe31-bfa6-4ec2-bbc0-0fc174b0a3e9,M-1575,SESS-20260819-1921-0197,RENTAL_ACCRUAL,21,39,2026-08-20T00:30:00+08:00
dd290eff-d7ec-42a8-ac7f-32819e0e6ca8,M-1575,TIER_UPGRADE_Silver_TO_Gold,TIER_BONUS,100,139,2026-08-20T00:30:00+08:00
b74fec09-800d-4fa2-b2a0-a96ef20774d9,M-1636,SESS-20260819-1301-0198,RENTAL_ACCRUAL,12,1470,2026-08-19T23:55:00+08:00
edff0cd7-7833-49ac-baeb-26a8a40aee82,M-2104,SESS-20260819-3832-0199,RENTAL_ACCRUAL,5,56,2026-08-19T21:00:00+08:00
4285e046-d693-4246-8a67-4905d36f958d,M-2029,SESS-20260819-4121-0200,RENTAL_ACCRUAL,25,126,2026-08-20T00:00:00+08:00
92ccfe34-b16f-45e8-b89b-8cac1f2e540f,M-1627,SESS-20260819-3702-0201,RENTAL_ACCRUAL,28,581,2026-08-20T03:05:00+08:00
e6ff505d-00e7-4d81-90d7-f2b63c7fcb0f,M-1278,SESS-20260819-8138-0202,RENTAL_REDEMPTION,-200,195,2026-08-19T18:20:00+08:00
bd68a7fc-f729-4d61-adab-77da33de2d55,M-1278,SESS-20260819-8138-0202,RENTAL_ACCRUAL,4,199,2026-08-19T20:20:00+08:00
124a1238-198f-40bf-933c-a5ce967cd2e6,M-2141,SESS-20260819-2539-0203,RENTAL_REDEMPTION,-100,168,2026-08-19T23:25:00+08:00
02768507-4051-4333-a53b-d96da18e372a,M-2141,SESS-20260819-2539-0203,RENTAL_ACCRUAL,5,173,2026-08-20T01:25:00+08:00
e05cd2de-c3e7-47d2-bb2b-9be1afed5923,M-1544,SESS-20260819-6350-0204,RENTAL_REDEMPTION,-100,34,2026-08-19T15:45:00+08:00
786b68fc-419f-4969-99f0-7bf00505a1bd,M-1544,SESS-20260819-6350-0204,RENTAL_ACCRUAL,20,54,2026-08-19T17:45:00+08:00
03776269-c911-48ff-9132-428e091254ba,M-1448,SESS-20260819-7616-0205,RENTAL_ACCRUAL,27,318,2026-08-19T20:15:00+08:00
e3edc3ef-1d13-472a-96a1-eae570304c71,M-1042,SESS-20260819-4148-0206,RENTAL_REDEMPTION,-200,138,2026-08-19T20:00:00+08:00
81ebd8dc-bc17-4576-9f69-ee65ebcdf265,M-1042,SESS-20260819-4148-0206,RENTAL_ACCRUAL,4,142,2026-08-19T23:00:00+08:00
038490dd-a806-4652-a0ff-6d6600d56f08,M-2032,SESS-20260819-5032-0207,RENTAL_ACCRUAL,5,108,2026-08-19T22:30:00+08:00
91fc02cb-348e-417f-948f-99a1d884b8b7,M-1418,SESS-20260819-9263-0208,RENTAL_ACCRUAL,13,94,2026-08-20T00:45:00+08:00
726ea545-e70e-4c79-856e-6a732d1b91ce,M-1368,SESS-20260819-1063-0209,RENTAL_ACCRUAL,5,222,2026-08-20T00:45:00+08:00
52fd990b-30de-4352-b4f0-4c16e33d2aec,M-1435,SESS-20260819-6585-0210,RENTAL_ACCRUAL,13,376,2026-08-19T22:25:00+08:00
0dce8cdf-1fc9-46bd-8a48-ae529fc30d0e,M-1025,SESS-20260819-8530-0211,RENTAL_ACCRUAL,11,299,2026-08-19T23:30:00+08:00
608aebc2-1b60-47ae-b9bf-f9ae9c8edef4,M-1768,SESS-20260819-6830-0212,RENTAL_ACCRUAL,28,189,2026-08-19T20:30:00+08:00
8e725442-8fce-4dc9-a454-fc632f4cc1d6,M-1552,SESS-20260819-3285-0213,RENTAL_REDEMPTION,-100,69,2026-08-19T15:05:00+08:00
de51e0df-80a6-4076-adf2-b5983d280ee4,M-1552,SESS-20260819-3285-0213,RENTAL_ACCRUAL,34,103,2026-08-19T18:05:00+08:00
0c41c8f4-55a9-40ca-8242-2b07f872bfdf,M-1370,SESS-20260819-9639-0214,RENTAL_ACCRUAL,40,691,2026-08-20T01:15:00+08:00
373e5fc3-b150-4691-b2df-cd4b48a47f7e,M-1668,SESS-20260819-9043-0215,RENTAL_ACCRUAL,11,196,2026-08-19T23:55:00+08:00
6e1e273a-d0e3-4bad-bc89-5d45491b35ab,M-1586,SESS-20260819-4280-0216,RENTAL_ACCRUAL,28,91,2026-08-19T16:15:00+08:00
618bd84e-0f02-45c3-9bb9-9315870256ff,M-1521,SESS-20260819-8933-0217,RENTAL_ACCRUAL,43,623,2026-08-20T01:10:00+08:00
208c4cbf-57f0-41a9-96c9-1a60e36aa20d,M-1032,SESS-20260819-2648-0218,RENTAL_REDEMPTION,-100,292,2026-08-19T20:45:00+08:00
31ae307d-cfa6-4db7-9904-ea367ed577a5,M-1032,SESS-20260819-2648-0218,RENTAL_ACCRUAL,11,303,2026-08-19T22:45:00+08:00
7fe65423-b321-4b9e-b428-9913bfeda594,M-1001,SESS-20260819-2963-0219,RENTAL_ACCRUAL,40,572,2026-08-20T01:35:00+08:00
04285994-d345-475a-bd72-ce850918be82,M-1533,SESS-20260819-8824-0220,RENTAL_ACCRUAL,28,352,2026-08-19T19:25:00+08:00
867decc5-e502-4c7b-b95d-9af653ae894e,M-2095,SESS-20260819-2602-0221,RENTAL_ACCRUAL,16,354,2026-08-20T00:25:00+08:00
565e5aae-b820-4242-af08-b9d99d1d113f,M-1098,SESS-20260819-5133-0222,RENTAL_REDEMPTION,-100,469,2026-08-19T15:15:00+08:00
7f21407f-2787-429b-9889-3d1f2dc20a13,M-1098,SESS-20260819-5133-0222,RENTAL_ACCRUAL,2,471,2026-08-19T16:15:00+08:00
ccc1e847-d620-45e5-841e-49a9b9d52e05,M-1391,SESS-20260819-9580-0223,RENTAL_ACCRUAL,5,190,2026-08-19T19:15:00+08:00
dd51d24a-8643-4589-bcfe-1eaf6ebb4828,M-1174,SESS-20260819-1480-0224,RENTAL_REDEMPTION,-100,217,2026-08-19T22:25:00+08:00
c1201bb4-0ae5-42bd-ae88-550c86910d33,M-1174,SESS-20260819-1480-0224,RENTAL_ACCRUAL,11,228,2026-08-20T00:25:00+08:00
eb7b95e3-c572-4099-a3bd-645cbf6a8e43,M-1662,SESS-20260819-1892-0225,RENTAL_REDEMPTION,-100,126,2026-08-19T18:00:00+08:00
800a7a37-dea3-4efa-beb0-89ea4539fbb3,M-1662,SESS-20260819-1892-0225,RENTAL_ACCRUAL,5,131,2026-08-19T20:00:00+08:00
181d7fab-c97d-4d0d-a2af-87f189c5d28e,M-1922,SESS-20260819-8731-0226,RENTAL_REDEMPTION,-100,318,2026-08-19T23:50:00+08:00
6b03f533-7583-4388-959a-ce72ec46aaf0,M-1922,SESS-20260819-8731-0226,RENTAL_ACCRUAL,5,323,2026-08-20T01:50:00+08:00
2f4eb9fe-f2cb-4e5a-b28e-d25b1b10a06d,M-1139,SESS-20260819-7551-0227,RENTAL_ACCRUAL,28,490,2026-08-20T04:45:00+08:00
df819fe2-7320-4be7-8825-1bce468d3da2,M-1055,SESS-20260819-4328-0228,RENTAL_REDEMPTION,-100,432,2026-08-19T19:30:00+08:00
faa77a2d-b907-48ee-a962-a93ad9082975,M-1055,SESS-20260819-4328-0228,RENTAL_ACCRUAL,5,437,2026-08-19T21:30:00+08:00
97d561fd-b02f-407f-a3b6-c7d854df2b07,M-1378,SESS-20260819-4082-0229,RENTAL_ACCRUAL,45,216,2026-08-20T00:50:00+08:00
85d2ea21-d386-4dcc-ba0e-467aab4eb029,M-2067,SESS-20260819-5246-0230,RENTAL_ACCRUAL,15,71,2026-08-20T00:40:00+08:00
7152498e-dc9c-4a91-a3e4-9cd43a347e0f,M-1833,SESS-20260819-5579-0231,RENTAL_ACCRUAL,27,370,2026-08-19T18:55:00+08:00
940d1a0a-d562-48af-8c11-c243b523cfbc,M-1653,SESS-20260819-3804-0232,RENTAL_ACCRUAL,27,236,2026-08-19T12:15:00+08:00
5e7d7eb0-0aaa-4117-a503-501e7ed23914,M-1446,SESS-20260819-3988-0233,RENTAL_ACCRUAL,28,192,2026-08-20T03:30:00+08:00
82c94eb1-b3a4-49c6-804f-18b69a8b0301,M-1422,SESS-20260819-2371-0234,RENTAL_ACCRUAL,18,291,2026-08-19T19:30:00+08:00
7c88c030-515b-4f04-a8c8-db773466b5f7,M-2030,SESS-20260819-1628-0235,RENTAL_ACCRUAL,16,91,2026-08-20T01:30:00+08:00
c45546b4-7a5d-4b5b-82d5-a8c257911130,M-1364,SESS-20260819-3754-0236,RENTAL_REDEMPTION,-100,917,2026-08-19T22:30:00+08:00
3fa6c1fd-0401-4f8c-b485-e7087e7ce6d8,M-1364,SESS-20260819-3754-0236,RENTAL_ACCRUAL,22,939,2026-08-20T03:30:00+08:00
cb7716ea-a2fc-48f3-be05-37b64fe634ed,M-2002,SESS-20260819-8145-0237,RENTAL_REDEMPTION,-100,96,2026-08-19T19:20:00+08:00
689cc00a-0f7d-4dee-9fa5-94e4ee1a4f0f,M-2002,SESS-20260819-8145-0237,RENTAL_ACCRUAL,5,101,2026-08-19T21:20:00+08:00
e510f2db-ac02-4a1d-aea1-623dba07b5ca,M-1729,SESS-20260819-3301-0238,RENTAL_ACCRUAL,5,120,2026-08-20T00:25:00+08:00
50fae2c7-a221-4a57-8ee6-a718de798949,M-1968,SESS-20260819-5886-0239,RENTAL_ACCRUAL,11,99,2026-08-19T23:25:00+08:00
2847d396-6594-4531-8a5d-268cf2cddec9,M-1708,SESS-20260819-5179-0240,RENTAL_ACCRUAL,27,91,2026-08-20T01:50:00+08:00
b80484d8-742f-4e2c-b5be-822edc7b64a4,M-1699,SESS-20260819-1839-0241,RENTAL_ACCRUAL,27,148,2026-08-20T01:30:00+08:00
b7cb32c3-a7e0-410e-a474-0dd435d94bcb,M-1427,SESS-20260819-5244-0242,RENTAL_ACCRUAL,11,109,2026-08-19T14:30:00+08:00
e578a40d-f179-4a0a-88a8-48c71410591d,M-1502,SESS-20260819-8191-0243,RENTAL_ACCRUAL,16,278,2026-08-19T22:05:00+08:00
bc70ccfd-0357-4058-9930-65a7a3f5afd9,M-2058,SESS-20260819-8590-0244,RENTAL_ACCRUAL,10,154,2026-08-19T22:30:00+08:00
529ebe09-7403-4d4f-a672-0357a2bd3915,M-1029,SESS-20260819-6133-0245,RENTAL_ACCRUAL,19,522,2026-08-19T05:00:00+08:00
0f0bfe2b-ab35-473b-a415-912f457b51d5,M-1465,SESS-20260819-9345-0246,RENTAL_ACCRUAL,14,711,2026-08-19T21:15:00+08:00
cba547c1-d306-406a-97fc-ff6e334ae46d,M-1743,SESS-20260819-4976-0247,RENTAL_ACCRUAL,6,335,2026-08-19T22:35:00+08:00
88c1f988-97f4-45f3-93b8-0a93101c953b,M-1933,SESS-20260819-9089-0248,RENTAL_ACCRUAL,10,67,2026-08-19T19:20:00+08:00
2f90c695-51b8-4e41-aa66-9830612b808f,M-1681,SESS-20260819-1537-0249,RENTAL_ACCRUAL,11,365,2026-08-19T23:45:00+08:00
3a708388-ecf5-4607-ab04-262cfe654e87,M-1123,SESS-20260819-3483-0250,RENTAL_ACCRUAL,45,133,2026-08-19T22:30:00+08:00
8e3560cf-0bef-4abd-91d6-1d66373db5e7,M-1083,SESS-20260819-3399-0251,RENTAL_REDEMPTION,-100,316,2026-08-19T18:15:00+08:00
c0531d86-ab11-4547-b7f2-a9c97c2e5798,M-1083,SESS-20260819-3399-0251,RENTAL_ACCRUAL,2,318,2026-08-19T19:15:00+08:00
41a62072-1aa5-4172-9e82-9eea712b9074,M-1058,SESS-20260819-3701-0252,RENTAL_REDEMPTION,-300,148,2026-08-19T17:55:00+08:00
014e4d3c-dcba-4372-9606-7a62bc5a419a,M-1058,SESS-20260819-3701-0252,RENTAL_ACCRUAL,8,156,2026-08-19T19:55:00+08:00
c8bec508-176e-4204-969c-5577ad876262,M-1577,SESS-20260819-6678-0253,RENTAL_ACCRUAL,11,159,2026-08-20T00:45:00+08:00
21f606f6-cc04-470a-84c2-ef5a1033d0b7,M-1772,SESS-20260819-7211-0254,RENTAL_REDEMPTION,-100,55,2026-08-19T20:45:00+08:00
3e9ccf51-5086-4107-990d-8616faeab06d,M-1772,SESS-20260819-7211-0254,RENTAL_ACCRUAL,10,65,2026-08-19T23:45:00+08:00
991b2c14-82c4-41ea-adc3-6e633750af46,M-1823,SESS-20260819-6390-0255,RENTAL_ACCRUAL,12,668,2026-08-19T19:45:00+08:00
826dc150-8cc9-4616-8808-629aeb0cb698,M-1239,SESS-20260819-9720-0256,RENTAL_REDEMPTION,-200,82,2026-08-19T22:40:00+08:00
24a66b3c-9c4f-4b71-81ec-3b663cc915b6,M-1239,SESS-20260819-9720-0256,RENTAL_ACCRUAL,14,96,2026-08-20T01:40:00+08:00
e24a1056-80ca-47ef-8a50-8697c20c1778,M-1443,SESS-20260819-5463-0257,RENTAL_REDEMPTION,-100,398,2026-08-19T18:15:00+08:00
b4847bec-b10e-4ca8-810a-f73c875f534f,M-1443,SESS-20260819-5463-0257,RENTAL_ACCRUAL,10,408,2026-08-19T21:15:00+08:00
ec0ff191-b39e-4377-b9a4-cd9b2d1f0aa8,M-1776,SESS-20260819-3262-0258,RENTAL_REDEMPTION,-100,28,2026-08-19T22:15:00+08:00
233d79c3-c555-4c0a-bfc9-2a3fb08765bc,M-1776,SESS-20260819-3262-0258,RENTAL_ACCRUAL,61,89,2026-08-20T03:15:00+08:00
ddaa1e08-5384-4d6e-9112-6a6ef17b8e29,M-1462,SESS-20260819-2238-0259,RENTAL_ACCRUAL,18,493,2026-08-20T02:30:00+08:00
5d48f311-99a1-45ee-923d-df44366ef3a7,M-1898,SESS-20260819-6680-0260,RENTAL_REDEMPTION,-200,0,2026-08-19T21:20:00+08:00
59808e60-4109-4aef-9d1e-3c1d00a6dd6b,M-1898,SESS-20260819-6680-0260,RENTAL_ACCRUAL,14,14,2026-08-19T23:20:00+08:00
798cb429-449d-4ab3-94f9-dcea29309aaa,M-1537,SESS-20260819-4112-0261,RENTAL_ACCRUAL,28,416,2026-08-19T23:45:00+08:00
325b28c1-9f91-4e84-b54e-a19e64fd1247,M-1494,SESS-20260819-9013-0262,RENTAL_ACCRUAL,27,454,2026-08-19T19:30:00+08:00
df3a28f3-a776-4847-8208-0dd9eb9cd15b,M-1824,SESS-20260819-9385-0263,RENTAL_ACCRUAL,45,249,2026-08-20T07:45:00+08:00
96fc56ab-d421-4907-a98c-5bd1519f1ece,M-1655,SESS-20260819-3014-0264,RENTAL_REDEMPTION,-200,244,2026-08-19T23:40:00+08:00
0f71fb33-2a96-4bbd-b4e4-ec7fdd3a59e5,M-1655,SESS-20260819-3014-0264,RENTAL_ACCRUAL,32,276,2026-08-20T07:40:00+08:00
326db731-6a9f-4d34-94b5-ee2bf5fb4e66,M-1592,SESS-20260819-3450-0265,RENTAL_ACCRUAL,30,356,2026-08-19T21:15:00+08:00
e69f80f7-d46e-4f4f-b9ba-9a17523565f4,M-1947,SESS-20260819-5959-0266,RENTAL_ACCRUAL,11,187,2026-08-20T01:50:00+08:00
4213a770-beeb-4cb5-a6ca-efdaca45056f,M-1018,SESS-20260819-1187-0267,RENTAL_ACCRUAL,11,119,2026-08-19T21:20:00+08:00
31d20071-350f-4226-8275-63879a4e3f44,M-1376,SESS-20260819-6544-0268,RENTAL_ACCRUAL,45,305,2026-08-20T07:10:00+08:00
68c1db9c-9964-4e81-9090-25916ef4bc96,M-2166,SESS-20260819-3367-0269,RENTAL_ACCRUAL,27,53,2026-08-20T00:30:00+08:00
de32222c-4dec-4c98-a844-22efefb25d81,M-1321,SESS-20260819-1838-0270,RENTAL_ACCRUAL,9,309,2026-08-19T23:00:00+08:00
a697426a-0d3b-45ba-aaca-f231bdbab406,M-1173,SESS-20260819-2318-0271,RENTAL_ACCRUAL,30,298,2026-08-19T22:15:00+08:00
e04be5ee-a58d-44da-9709-9fa8abb9a26d,M-1359,SESS-20260819-7644-0272,RENTAL_ACCRUAL,19,1194,2026-08-20T00:45:00+08:00
7234dae1-39e9-496d-bd20-d528a9837388,M-2169,SESS-20260819-1336-0273,RENTAL_ACCRUAL,13,265,2026-08-19T12:00:00+08:00
3c47fafe-1ea5-47a7-8013-200bf5e3ae92,M-1041,SESS-20260819-4543-0274,RENTAL_REDEMPTION,-200,812,2026-08-19T22:30:00+08:00
d10c6c60-da30-4e26-9ddd-b0fb1266ca2d,M-1041,SESS-20260819-4543-0274,RENTAL_ACCRUAL,13,825,2026-08-20T00:30:00+08:00
a11ae4f9-619f-4a35-9bae-797a2d7c83c0,M-1295,SESS-20260819-4731-0275,RENTAL_ACCRUAL,5,375,2026-08-19T15:00:00+08:00
e846d0a7-d1d7-40c9-8061-d52ee8179f35,M-1621,SESS-20260819-8325-0276,RENTAL_ACCRUAL,18,354,2026-08-19T21:45:00+08:00
1864cc43-cc31-49d3-9732-726ab696245a,M-1288,SESS-20260819-4974-0277,RENTAL_REDEMPTION,-200,237,2026-08-19T05:05:00+08:00
9999a5ee-7521-46d0-86e1-05c50d66e7d2,M-1288,SESS-20260819-4974-0277,RENTAL_ACCRUAL,13,250,2026-08-19T08:05:00+08:00
242f7a3f-8cf7-49cb-94ab-ba1b3a49b3ad,M-1673,SESS-20260819-3846-0278,RENTAL_ACCRUAL,5,460,2026-08-19T19:00:00+08:00
c95a8f8c-b9a3-436c-9421-8fcc24258fe6,M-1298,SESS-20260819-4307-0279,RENTAL_ACCRUAL,16,622,2026-08-19T23:00:00+08:00
7f372227-eb73-47dd-b840-5d5684834067,M-2056,SESS-20260819-1116-0280,RENTAL_ACCRUAL,40,245,2026-08-20T00:35:00+08:00
79324ca6-592e-4791-8e7a-023a61890413,M-2056,TIER_UPGRADE_Standard_TO_Silver,TIER_BONUS,50,295,2026-08-20T00:35:00+08:00
b0f7531b-963b-49f3-b365-47d79e6ce988,M-1843,SESS-20260819-9369-0281,RENTAL_ACCRUAL,27,179,2026-08-19T22:15:00+08:00
e78482c2-1bcb-4317-9663-498791cb025a,M-1103,SESS-20260819-1595-0282,RENTAL_ACCRUAL,11,74,2026-08-19T23:00:00+08:00
a0463150-94f6-480f-a838-3f8073e0ab16,M-1329,SESS-20260819-7858-0283,RENTAL_REDEMPTION,-100,297,2026-08-19T22:00:00+08:00
12b2f8ea-ca46-4d2f-8d31-fddbfe486802,M-1329,SESS-20260819-7858-0283,RENTAL_ACCRUAL,5,302,2026-08-20T00:00:00+08:00
8cbc78be-5591-4575-90e6-08008d11025e,M-1227,SESS-20260819-8942-0284,RENTAL_ACCRUAL,16,210,2026-08-19T17:15:00+08:00
84431171-168d-4dec-9c4d-d778700fa4e0,M-1872,SESS-20260819-1650-0285,RENTAL_ACCRUAL,11,100,2026-08-19T22:45:00+08:00
b315a7d8-0cef-4421-ad24-d426900bab6b,M-1087,SESS-20260819-6174-0286,RENTAL_ACCRUAL,9,1257,2026-08-19T17:30:00+08:00
ff5c4b37-fe11-403d-8a1c-b76687516374,M-1836,SESS-20260819-7844-0287,RENTAL_ACCRUAL,16,646,2026-08-19T23:00:00+08:00
b4bf561d-7f11-4053-b1bc-6270dfc5e764,M-1371,SESS-20260819-2454-0288,RENTAL_REDEMPTION,-100,396,2026-08-19T15:15:00+08:00
7bba718f-c348-4333-b2d4-e798637e7dc6,M-1371,SESS-20260819-2454-0288,RENTAL_ACCRUAL,2,398,2026-08-19T16:15:00+08:00
e8e86caa-7953-4b54-8477-9395f23d601e,M-1047,SESS-20260819-6009-0289,RENTAL_ACCRUAL,45,185,2026-08-19T23:30:00+08:00
f9d8e391-52b3-4e1e-971d-ebd3e23e282b,M-1625,SESS-20260819-7760-0290,RENTAL_ACCRUAL,6,2789,2026-08-19T22:25:00+08:00
964888c2-b8dc-4d04-96f9-c379361175ad,M-1245,SESS-20260819-2432-0291,RENTAL_ACCRUAL,18,139,2026-08-19T21:45:00+08:00
2da8b207-24fb-4f8a-8dc0-cdf069cffbf6,M-2170,SESS-20260819-4500-0292,RENTAL_ACCRUAL,10,52,2026-08-19T21:35:00+08:00
e96b5e8f-b93d-403a-bb9e-b8bcf90a91e4,M-1886,SESS-20260819-9865-0293,RENTAL_ACCRUAL,18,187,2026-08-19T23:00:00+08:00
f76d5a8e-d0ad-4336-bfdb-6456258ea83c,M-2123,SESS-20260819-3821-0294,RENTAL_ACCRUAL,18,286,2026-08-19T21:00:00+08:00
c06fa615-c487-4c1f-ba35-1c7a26fe1587,M-1153,SESS-20260819-7895-0295,RENTAL_ACCRUAL,5,388,2026-08-20T00:05:00+08:00
0801fe94-2108-4e5b-9273-6cb9a790bd85,M-1261,SESS-20260819-8457-0296,RENTAL_REDEMPTION,-100,101,2026-08-19T16:45:00+08:00
fec14bbe-9e1e-4ef9-af1b-fa214d1a76ce,M-1261,SESS-20260819-8457-0296,RENTAL_ACCRUAL,20,121,2026-08-19T19:45:00+08:00
69f7726c-3e7e-4821-b3c3-2c0b7a7df81b,M-1531,SESS-20260819-5427-0297,RENTAL_ACCRUAL,18,398,2026-08-19T22:30:00+08:00
08a6bcf4-c6fb-4c62-97cd-0a38cc6d0ded,M-1534,SESS-20260819-6876-0298,RENTAL_REDEMPTION,-100,404,2026-08-19T21:30:00+08:00
67ee7c88-ba59-459c-a6a5-4dfe472b0d1d,M-1534,SESS-20260819-6876-0298,RENTAL_ACCRUAL,4,408,2026-08-19T23:30:00+08:00
8243a6fb-17d3-40aa-8977-6b618d5b45a7,M-1233,SESS-20260819-7885-0299,RENTAL_ACCRUAL,11,221,2026-08-19T22:10:00+08:00
0997046b-7964-4e8e-a753-b359973bdd95,M-1755,SESS-20260819-1975-0300,RENTAL_ACCRUAL,11,156,2026-08-19T22:00:00+08:00
1ed795ed-f43b-4aff-b135-f9830cddc65c,M-1288,SESS-20260819-5072-0301,RENTAL_REDEMPTION,-100,150,2026-08-19T23:10:00+08:00
b247484a-edee-4cdd-a9c8-c258ca0bcbcb,M-1288,SESS-20260819-5072-0301,RENTAL_ACCRUAL,2,152,2026-08-20T00:10:00+08:00
ff757a64-24a4-4781-803f-a94737aa6e2e,M-1989,SESS-20260819-9158-0302,RENTAL_ACCRUAL,40,382,2026-08-19T21:15:00+08:00
932ca2b5-0c37-4174-bd4f-03a87045dc31,M-1444,SESS-20260819-2550-0303,RENTAL_ACCRUAL,6,3197,2026-08-19T23:15:00+08:00
9dfb57ee-c538-40e3-bad2-b9c19697bda3,M-1181,SESS-20260819-4677-0304,RENTAL_ACCRUAL,16,174,2026-08-20T02:50:00+08:00
7bb1238a-3ff1-46fc-88e2-1ee54bf4edd1,M-2111,SESS-20260819-3332-0305,RENTAL_ACCRUAL,10,98,2026-08-20T01:50:00+08:00
43baf927-2489-4e50-9c1c-cdb87b9cec43,M-1523,SESS-20260819-7994-0306,RENTAL_ACCRUAL,16,278,2026-08-19T22:30:00+08:00
f9831e1f-d4d6-4295-9088-bb7265fee826,M-1372,SESS-20260819-4274-0307,RENTAL_ACCRUAL,18,180,2026-08-19T22:15:00+08:00
97bd15df-9c2b-4d24-9e12-c4426119b268,M-1027,SESS-20260819-3894-0308,RENTAL_ACCRUAL,11,418,2026-08-19T23:45:00+08:00
ca9fd39a-f23d-435d-a5a7-bfc821451463,M-1819,SESS-20260819-9378-0309,RENTAL_ACCRUAL,11,342,2026-08-20T01:45:00+08:00
720d6ae2-f962-4323-804c-0f3c34683f6c,M-1581,SESS-20260819-1496-0310,RENTAL_ACCRUAL,27,255,2026-08-20T00:50:00+08:00
adce61c5-7998-4280-8468-72283bad9817,M-1483,SESS-20260819-6275-0311,RENTAL_REDEMPTION,-100,170,2026-08-19T23:10:00+08:00
d4b435e9-aab0-4424-acd0-f66425326451,M-1483,SESS-20260819-6275-0311,RENTAL_ACCRUAL,2,172,2026-08-20T00:10:00+08:00
aede8e32-430a-40b8-917e-29b2870abe0e,M-1312,SESS-20260819-9117-0312,RENTAL_REDEMPTION,-100,137,2026-08-19T11:30:00+08:00
f9b88b45-cb01-46ea-9567-3e2f29b5a977,M-1312,SESS-20260819-9117-0312,RENTAL_ACCRUAL,5,142,2026-08-19T13:30:00+08:00
7febc448-e78a-44f8-8797-f7b974fc0cd4,M-2080,SESS-20260819-4785-0313,RENTAL_ACCRUAL,60,147,2026-08-19T19:30:00+08:00
2a98748e-33e0-4f7e-b0ec-c98e9afdb46f,M-1128,SESS-20260819-5902-0314,RENTAL_ACCRUAL,5,207,2026-08-19T18:50:00+08:00
adb9bf06-73fb-4553-8876-00f605fb8ade,M-1276,SESS-20260819-8464-0315,RENTAL_REDEMPTION,-400,334,2026-08-19T19:55:00+08:00
00da30ba-fe71-40ec-bf27-d76935c47835,M-1276,SESS-20260819-8464-0315,RENTAL_ACCRUAL,42,376,2026-08-20T00:55:00+08:00
94c3c4c3-f845-4d2b-ac01-a3fd990b26e1,M-1276,TIER_UPGRADE_Silver_TO_Gold,TIER_BONUS,100,476,2026-08-20T00:55:00+08:00
0c14b441-1be9-4e67-9533-8c7f4fd8045d,M-1316,SESS-20260819-2672-0316,RENTAL_ACCRUAL,28,301,2026-08-20T03:00:00+08:00
59e8f7e3-e646-4f0a-b005-3c780da209c0,M-1282,SESS-20260819-7078-0317,RENTAL_ACCRUAL,12,409,2026-08-20T00:00:00+08:00
f6f21472-7818-4c45-9582-08a7e70819c4,M-1652,SESS-20260819-1012-0318,RENTAL_ACCRUAL,18,387,2026-08-20T00:20:00+08:00
02d60344-3954-4eef-97e1-7101692f82c7,M-1790,SESS-20260819-4788-0319,RENTAL_ACCRUAL,5,270,2026-08-19T21:50:00+08:00
ac888ea6-34e4-4bc0-8ba1-e74b5f52daa8,M-1393,SESS-20260819-4020-0320,RENTAL_ACCRUAL,11,93,2026-08-20T00:40:00+08:00
36be2966-4988-4c27-9d3d-40baba4b553e,M-1803,SESS-20260819-4725-0321,RENTAL_ACCRUAL,27,146,2026-08-20T01:30:00+08:00
3a312491-7a96-4e0d-a189-248740bf32e5,M-1273,SESS-20260819-6541-0322,RENTAL_ACCRUAL,30,728,2026-08-19T22:15:00+08:00
8ef9591b-3315-4cd9-aca9-42f34890cb30,M-1952,SESS-20260819-7208-0323,RENTAL_ACCRUAL,16,84,2026-08-19T23:15:00+08:00
31454fed-70d0-4a05-be67-e7ecf2460af3,M-1349,SESS-20260819-9421-0324,RENTAL_ACCRUAL,12,625,2026-08-19T15:00:00+08:00
57bcf983-3491-4db6-bbfe-2a8e08230fcc,M-1320,SESS-20260819-8372-0325,RENTAL_ACCRUAL,12,1233,2026-08-19T23:45:00+08:00
6e72a3d0-0c6f-4e7c-b450-237521a7eab0,M-2190,SESS-20260819-8310-0326,RENTAL_ACCRUAL,16,149,2026-08-19T22:15:00+08:00
3c765fc5-fef5-40b5-ab7c-755f84812b81,M-2076,SESS-20260819-1281-0327,RENTAL_REDEMPTION,-300,182,2026-08-19T06:30:00+08:00
b5c0a482-e329-483d-99de-035c33745b02,M-2076,SESS-20260819-1281-0327,RENTAL_ACCRUAL,26,208,2026-08-19T14:30:00+08:00
f195b7f9-5ede-4710-baaf-f694864359c0,M-1585,SESS-20260819-4308-0328,RENTAL_ACCRUAL,12,417,2026-08-19T21:15:00+08:00
2d42e667-89fa-48f3-aaa0-89878303b1c1,M-1734,SESS-20260819-8128-0329,RENTAL_ACCRUAL,48,422,2026-08-20T03:45:00+08:00
97f4a9d4-e0cc-41fe-af88-7c48c4ee0fd6,M-1140,SESS-20260819-7795-0330,RENTAL_ACCRUAL,72,443,2026-08-20T06:30:00+08:00
a7c14f3f-0354-435f-939d-0da8ff30530c,M-1763,SESS-20260819-7433-0331,RENTAL_ACCRUAL,16,153,2026-08-20T01:20:00+08:00
51884398-c5de-4ef1-b28f-cc5da445c7c5,M-1328,SESS-20260819-6925-0332,RENTAL_ACCRUAL,11,253,2026-08-20T00:45:00+08:00
bf7892ba-5058-43d1-8656-d20b122975c4,M-1812,SESS-20260819-1773-0333,RENTAL_ACCRUAL,16,704,2026-08-19T22:05:00+08:00
1747a103-0173-42c4-85b7-bf67def39ad5,M-1787,SESS-20260819-7774-0334,RENTAL_ACCRUAL,27,333,2026-08-19T22:20:00+08:00
f11652a6-5c9c-4afa-8e1f-90538a663202,M-2014,SESS-20260819-2157-0335,RENTAL_ACCRUAL,18,331,2026-08-20T01:30:00+08:00
0b0fb0ff-659f-44ba-a80d-93e56099d4d4,M-1514,SESS-20260819-6840-0336,RENTAL_REDEMPTION,-200,433,2026-08-19T22:10:00+08:00
6f31a485-6975-4857-8510-df2745a9eccd,M-1514,SESS-20260819-6840-0336,RENTAL_ACCRUAL,4,437,2026-08-20T01:10:00+08:00
0d664095-453e-4dca-b5f0-27e2afefe2a3,M-2092,SESS-20260819-9858-0337,RENTAL_REDEMPTION,-100,81,2026-08-19T21:20:00+08:00
181d6d69-26af-453c-895b-0302aad7cf59,M-2092,SESS-20260819-9858-0337,RENTAL_ACCRUAL,10,91,2026-08-20T00:20:00+08:00
79db96a9-28c9-4552-876d-e0540c813389,M-2010,SESS-20260819-8633-0338,RENTAL_ACCRUAL,15,77,2026-08-19T14:15:00+08:00
5ba35f96-7471-4e98-bba7-9a651dae9b22,M-2113,SESS-20260819-6796-0339,RENTAL_ACCRUAL,16,235,2026-08-20T01:30:00+08:00
4a69fc71-9ccc-45c0-9a3d-c4e41e2ae0ad,M-2200,SESS-20260819-9417-0340,RENTAL_ACCRUAL,10,155,2026-08-20T00:40:00+08:00
75f1155a-0317-498d-8f8a-98eb7f968da7,M-1243,SESS-20260819-4121-0341,RENTAL_ACCRUAL,67,254,2026-08-20T03:15:00+08:00
98536ebd-82fc-434b-b1aa-52658c12d165,M-1424,SESS-20260819-7416-0342,RENTAL_ACCRUAL,11,146,2026-08-19T21:00:00+08:00
b60f7172-0419-457b-b67d-5c6fd1669075,M-1912,SESS-20260819-1666-0343,RENTAL_REDEMPTION,-100,353,2026-08-19T21:30:00+08:00
37bba5f1-ece7-47ff-ac9e-1c1951eda804,M-1912,SESS-20260819-1666-0343,RENTAL_ACCRUAL,5,358,2026-08-19T23:30:00+08:00
ac61ccc9-54e4-4b8d-91fb-8ad916bd2547,M-1297,SESS-20260819-6461-0344,RENTAL_ACCRUAL,11,280,2026-08-19T20:55:00+08:00
fe415cf4-ae21-4c41-ac90-55b824aaf4a8,M-1317,SESS-20260819-5289-0345,RENTAL_ACCRUAL,108,342,2026-08-20T03:35:00+08:00
4ba43b83-aa2d-49f4-8872-af52bf13f00f,M-1167,SESS-20260819-5552-0346,RENTAL_REDEMPTION,-100,392,2026-08-19T21:10:00+08:00
75bb6a63-d788-4191-8879-e98ae386e21a,M-1167,SESS-20260819-5552-0346,RENTAL_ACCRUAL,11,403,2026-08-19T23:10:00+08:00
b89896b4-b24d-48a3-bff2-affc362db2b9,M-1188,SESS-20260819-4731-0347,RENTAL_REDEMPTION,-300,60,2026-08-19T21:50:00+08:00
23865180-27a6-4920-be26-f7b60a186496,M-1188,SESS-20260819-4731-0347,RENTAL_ACCRUAL,7,67,2026-08-20T02:50:00+08:00
905a8c61-9abc-4efe-9fba-6cfac8e21a30,M-1196,SESS-20260819-2013-0348,RENTAL_REDEMPTION,-500,18,2026-08-19T17:30:00+08:00
8a3e7311-ad7a-4d77-881c-0e907fbf91f2,M-1196,SESS-20260819-2013-0348,RENTAL_ACCRUAL,10,28,2026-08-19T22:30:00+08:00
3bab619a-8226-49a7-ad44-a5fc5c3f26d3,M-1070,SESS-20260819-6933-0349,RENTAL_ACCRUAL,27,69,2026-08-20T01:30:00+08:00
17b24739-b87d-448c-b8fd-ec65a1d501cf,M-1363,SESS-20260819-6838-0350,RENTAL_ACCRUAL,27,467,2026-08-19T12:45:00+08:00
4a58ab14-52c8-427e-af09-419d773f882c,M-1513,SESS-20260819-7837-0351,RENTAL_REDEMPTION,-100,79,2026-08-19T16:00:00+08:00
c07b09c2-83b8-4b43-bb0b-88ced9f589f3,M-1513,SESS-20260819-7837-0351,RENTAL_ACCRUAL,2,81,2026-08-19T17:00:00+08:00
26d51e72-7547-4bd4-a040-0d41526890e9,M-1930,SESS-20260819-1941-0352,RENTAL_ACCRUAL,16,114,2026-08-20T01:35:00+08:00
d11c749b-cb51-4d08-b460-c74acb390f90,M-1312,SESS-20260819-5296-0353,RENTAL_REDEMPTION,-100,42,2026-08-19T14:20:00+08:00
7c5aea78-6ef8-4d4d-96fb-c638fb7b41f5,M-1312,SESS-20260819-5296-0353,RENTAL_ACCRUAL,5,47,2026-08-19T16:20:00+08:00
43951548-0721-4594-a022-a2b99f970527,M-1208,SESS-20260819-1342-0354,RENTAL_REDEMPTION,-100,3228,2026-08-19T15:30:00+08:00
b8a4551a-6bcb-4d19-9514-8fdca7c2f29e,M-1208,SESS-20260819-1342-0354,RENTAL_ACCRUAL,10,3238,2026-08-19T18:30:00+08:00
02a3bc30-3cef-4e3c-ae63-e873e6d59f0e,M-1585,SESS-20260819-9602-0355,RENTAL_ACCRUAL,48,465,2026-08-20T07:15:00+08:00
7dc4c11b-4c63-42ee-9638-7c7808d0816d,M-1157,SESS-20260819-6372-0356,RENTAL_ACCRUAL,5,240,2026-08-19T19:10:00+08:00
7b57d300-d4bd-4435-bdf8-60d306716833,M-1775,SESS-20260819-1525-0357,RENTAL_ACCRUAL,12,1353,2026-08-19T18:00:00+08:00
87a20107-3ecf-4c1e-a5af-641e9da264a5,M-1832,SESS-20260819-7435-0358,RENTAL_ACCRUAL,27,103,2026-08-19T23:50:00+08:00
15bef06f-d8ae-4a55-b067-2ad78d2c9c4a,M-1431,SESS-20260819-6737-0359,RENTAL_ACCRUAL,28,614,2026-08-20T04:55:00+08:00
308728f5-6a7d-4410-a208-0df962d587f1,M-1779,SESS-20260819-9383-0360,RENTAL_ACCRUAL,12,409,2026-08-20T01:35:00+08:00
f4ec4c32-b72a-4853-a396-4e1c1d6c2ea9,M-1888,SESS-20260819-8900-0361,RENTAL_ACCRUAL,16,93,2026-08-19T19:00:00+08:00
3e948993-bdb9-41a9-a0a5-d2d487e69c91,M-1406,SESS-20260819-6108-0362,RENTAL_REDEMPTION,-100,512,2026-08-19T20:00:00+08:00
3851d7d6-e546-4f93-b924-e83ecdb93994,M-1406,SESS-20260819-6108-0362,RENTAL_ACCRUAL,7,519,2026-08-19T21:00:00+08:00
1da4df16-791d-4e23-9b9a-a274a8b138d2,M-1953,SESS-20260819-1084-0363,RENTAL_ACCRUAL,16,39,2026-08-19T19:20:00+08:00
4e807c5c-5a0c-4d1f-9524-3d252629c527,M-1539,SESS-20260819-3497-0364,RENTAL_ACCRUAL,12,1389,2026-08-19T23:15:00+08:00
b2e601ba-cbe1-407c-8414-a10cbd1f4b5e,M-1479,SESS-20260819-2226-0365,RENTAL_ACCRUAL,19,2272,2026-08-19T23:15:00+08:00
e3b1526b-41df-4312-aa6f-e1956f068941,M-1950,SESS-20260819-7667-0366,RENTAL_ACCRUAL,8,156,2026-08-19T20:30:00+08:00
ad090b41-e026-4e19-85d9-3fa3aa73d94a,M-1833,SESS-20260819-3148-0367,RENTAL_ACCRUAL,27,397,2026-08-19T22:15:00+08:00
65cc10f4-23d5-44b3-b845-7e31c6aa018e,M-1617,SESS-20260819-1551-0368,RENTAL_ACCRUAL,13,75,2026-08-19T22:10:00+08:00
d2ebe021-39f2-4c11-b880-607341a216c2,M-1398,SESS-20260819-2609-0369,RENTAL_ACCRUAL,19,1365,2026-08-19T21:05:00+08:00
d7c2ab5e-7101-46d5-b83f-6086264c087c,M-1935,SESS-20260819-7720-0370,RENTAL_ACCRUAL,45,325,2026-08-20T00:00:00+08:00
f9f0e798-cc5b-4b11-a577-8d78ae2c2712,M-2179,SESS-20260819-3475-0371,RENTAL_ACCRUAL,25,198,2026-08-19T23:30:00+08:00
8b750c30-00a4-4ce3-8144-767ed0047a69,M-1830,SESS-20260819-2873-0372,RENTAL_ACCRUAL,28,64,2026-08-20T00:20:00+08:00
03d6e614-fe33-4dba-af62-dfbaf3c06763,M-2187,SESS-20260819-1579-0373,RENTAL_ACCRUAL,15,120,2026-08-19T21:40:00+08:00
0e45c173-fb65-401f-b389-719130b6dab9,M-2187,TIER_UPGRADE_Standard_TO_Silver,TIER_BONUS,50,170,2026-08-19T21:40:00+08:00
def90162-2284-4c36-84a1-51e5e32a8c98,M-1694,SESS-20260819-2927-0374,RENTAL_ACCRUAL,27,368,2026-08-20T02:20:00+08:00
9a970f0d-e0eb-4a1a-8966-1ffc397f6ba5,M-2160,SESS-20260819-2813-0375,RENTAL_ACCRUAL,27,143,2026-08-19T23:45:00+08:00
f093e89d-aaeb-416c-a743-aaf9a7d3a3fe,M-1366,SESS-20260819-8002-0376,RENTAL_ACCRUAL,13,655,2026-08-19T14:45:00+08:00
0d99d64e-537f-4c08-a3bb-adb3d89b71f2,M-1683,SESS-20260819-8394-0377,RENTAL_REDEMPTION,-100,1086,2026-08-19T23:30:00+08:00
90a18f10-0296-4280-b2ba-5e1a076f0759,M-1683,SESS-20260819-8394-0377,RENTAL_ACCRUAL,4,1090,2026-08-20T01:30:00+08:00
db2ffd18-683d-4745-acea-7f9c8e9e0d30,M-1004,SESS-20260819-7377-0378,RENTAL_REDEMPTION,-100,169,2026-08-19T22:25:00+08:00
c1f5a358-1d4e-4a85-a85d-c4cec827e597,M-1004,SESS-20260819-7377-0378,RENTAL_ACCRUAL,10,179,2026-08-20T01:25:00+08:00
bac58d53-0865-42bf-bda2-502b5237be73,M-1957,SESS-20260819-6450-0379,RENTAL_ACCRUAL,11,105,2026-08-20T01:10:00+08:00
5b29418f-48b3-4762-962e-edcec7c28770,M-1454,SESS-20260819-2423-0380,RENTAL_ACCRUAL,6,1785,2026-08-20T00:40:00+08:00
bb9eceed-bdfe-4411-9f06-991a346eba72,M-1433,SESS-20260819-4296-0381,RENTAL_REDEMPTION,-100,74,2026-08-19T21:05:00+08:00
5e159fa6-48ed-4a16-9446-962b247293a8,M-1433,SESS-20260819-4296-0381,RENTAL_ACCRUAL,5,79,2026-08-19T23:05:00+08:00
709e7604-8296-45f6-85ca-7cd0091135f6,M-1366,SESS-20260819-4118-0382,RENTAL_ACCRUAL,11,666,2026-08-19T19:30:00+08:00
fe8d6101-87b1-4c95-bdc5-dabde269cdd4,M-1119,SESS-20260819-9444-0383,RENTAL_REDEMPTION,-100,382,2026-08-19T12:55:00+08:00
f0f1eacf-816f-4fd9-90b7-1d3ae51b506c,M-1119,SESS-20260819-9444-0383,RENTAL_ACCRUAL,2,384,2026-08-19T13:55:00+08:00
7becab0e-1f52-4e01-8918-36bf8ad1489f,M-1257,SESS-20260819-8636-0384,RENTAL_ACCRUAL,45,330,2026-08-20T04:00:00+08:00
45c0c471-6923-46d3-9e25-1dad9d5e7046,M-1175,SESS-20260819-9276-0385,RENTAL_REDEMPTION,-100,171,2026-08-19T23:35:00+08:00
ac65be79-4f7f-4a93-9016-5a020dfebf06,M-1175,SESS-20260819-9276-0385,RENTAL_ACCRUAL,10,181,2026-08-20T02:35:00+08:00
539aa4a8-4de5-4832-b0e4-c982314a87c4,M-1402,SESS-20260819-1359-0386,RENTAL_ACCRUAL,45,93,2026-08-20T02:15:00+08:00
8a4be01b-2831-4554-ae2e-ce4a9b2731eb,M-1494,SESS-20260819-3042-0387,RENTAL_ACCRUAL,11,465,2026-08-19T23:10:00+08:00
809030e1-3040-4649-b515-387fce9b9719,M-1313,SESS-20260819-7207-0388,RENTAL_ACCRUAL,11,476,2026-08-20T00:15:00+08:00
c2134b34-5083-41f6-8ef3-801c9e44760f,M-1798,SESS-20260819-9717-0389,RENTAL_ACCRUAL,5,302,2026-08-19T23:30:00+08:00
3782b887-193b-43d5-a0f9-3790e0273d06,M-1474,SESS-20260819-3688-0390,RENTAL_ACCRUAL,11,160,2026-08-20T01:25:00+08:00
000758b9-cd93-4a6b-8f54-d1a03ace6910,M-2000,SESS-20260819-3117-0391,RENTAL_ACCRUAL,11,600,2026-08-19T17:45:00+08:00
892a3652-0060-447b-8aec-cea5d1993fa4,M-1988,SESS-20260819-4152-0392,RENTAL_ACCRUAL,28,117,2026-08-19T22:50:00+08:00
3d6fd6b3-269d-4eba-ac5a-97b16f6534a8,M-1485,SESS-20260819-7724-0393,RENTAL_ACCRUAL,16,110,2026-08-19T23:00:00+08:00
1203db7b-d5ed-4c39-8776-d02d0bba3083,M-1788,SESS-20260819-1016-0394,RENTAL_ACCRUAL,28,588,2026-08-20T03:45:00+08:00
8c6d6ff3-eb8e-4555-b01a-913758023c0a,M-1642,SESS-20260819-6957-0395,RENTAL_ACCRUAL,48,138,2026-08-20T03:30:00+08:00
6323e20a-0744-474b-82f7-d564ea81ec25,M-1301,SESS-20260819-3259-0396,RENTAL_ACCRUAL,18,56,2026-08-20T01:45:00+08:00
5326c564-7fbf-4ff9-804e-4aff68e0e0c7,M-2173,SESS-20260819-3236-0397,RENTAL_ACCRUAL,60,63,2026-08-20T04:50:00+08:00
6c5c7f57-75ec-42bf-bbbd-11865fe9a18c,M-1571,SESS-20260819-3127-0398,RENTAL_ACCRUAL,5,371,2026-08-19T23:50:00+08:00
d2acf6fa-99d2-4b17-8eaf-9be7663c61ce,M-1811,SESS-20260819-4035-0399,RENTAL_ACCRUAL,5,97,2026-08-19T18:00:00+08:00
a8aa3dc5-b8ac-426e-bbd8-4350b57e87bd,M-1661,SESS-20260819-9712-0400,RENTAL_ACCRUAL,6,2797,2026-08-20T00:10:00+08:00
d365f5f4-5fe9-460f-bfc4-5ccc4b83095f,M-1959,SESS-20260819-3638-0401,RENTAL_ACCRUAL,5,643,2026-08-19T09:15:00+08:00
8463e012-f041-4e3a-b704-89fd0d317212,M-2064,SESS-20260819-2241-0402,RENTAL_ACCRUAL,18,214,2026-08-19T18:15:00+08:00
65e91a5b-525b-4595-8309-a513ed1b98ba,M-1404,SESS-20260819-6101-0403,RENTAL_ACCRUAL,45,170,2026-08-20T02:55:00+08:00
bdeda9b5-93e6-4a0e-9a0f-c9f44e5104dc,M-1356,SESS-20260819-4150-0404,RENTAL_ACCRUAL,18,894,2026-08-20T02:55:00+08:00
7e464e16-7316-4f39-8628-0fef16b11852,M-1889,SESS-20260819-7004-0405,RENTAL_ACCRUAL,16,19,2026-08-20T01:20:00+08:00
3d6492cb-7dd1-4570-80e5-5bb7cd9d08ba,M-1453,SESS-20260819-8842-0406,RENTAL_ACCRUAL,40,371,2026-08-20T01:15:00+08:00
6519b265-9d66-40f1-b2fe-53357e296348,M-1391,SESS-20260819-8905-0407,RENTAL_ACCRUAL,9,199,2026-08-19T21:30:00+08:00
da0b33d5-ca20-4ad3-a118-4bc06edee2f6,M-1556,SESS-20260819-3278-0408,RENTAL_ACCRUAL,16,547,2026-08-20T02:05:00+08:00
f5712dbd-0fec-4cc4-a331-da29f530cdaa,M-1233,SESS-20260819-4851-0409,RENTAL_ACCRUAL,18,239,2026-08-20T00:45:00+08:00
51411f38-94a2-4ada-81f6-9e4e780927af,M-1939,SESS-20260819-2073-0410,RENTAL_ACCRUAL,28,134,2026-08-20T04:20:00+08:00
319f4d9c-8ce5-483a-96a5-91f73d4f639f,M-1187,SESS-20260819-6117-0411,RENTAL_ACCRUAL,16,516,2026-08-19T19:30:00+08:00
e18d46d5-fb8a-40e4-8bfa-c0fe75f1aa66,M-1193,SESS-20260819-9106-0412,RENTAL_REDEMPTION,-100,166,2026-08-19T17:10:00+08:00
6c3cd866-8236-426b-a7e5-20d201045529,M-1193,SESS-20260819-9106-0412,RENTAL_ACCRUAL,20,186,2026-08-19T20:10:00+08:00
27ada55a-ce95-4073-aba4-ef0a37780534,M-1558,SESS-20260819-1485-0413,RENTAL_ACCRUAL,16,294,2026-08-20T01:15:00+08:00
b35d134e-b7b7-4b0c-a6fb-18e15a246a8b,M-1767,SESS-20260819-3193-0414,RENTAL_ACCRUAL,27,67,2026-08-19T22:40:00+08:00
020cc1ee-59ca-4447-951f-7f7c7f98d688,M-1346,SESS-20260819-7377-0415,RENTAL_ACCRUAL,16,476,2026-08-20T02:45:00+08:00
7f258649-ecd9-43f2-9fc7-ca500d91b4b8,M-2191,SESS-20260819-2822-0416,RENTAL_REDEMPTION,-100,435,2026-08-19T23:45:00+08:00
c0af8d2f-2e7f-4b8a-8c3a-3067c2846009,M-2191,SESS-20260819-2822-0416,RENTAL_ACCRUAL,34,469,2026-08-20T02:45:00+08:00
90f2361b-2bf5-4732-a4ea-98c6ab5159f7,M-1995,SESS-20260819-9699-0417,RENTAL_ACCRUAL,27,255,2026-08-19T23:30:00+08:00
5dc00dc3-c4cf-47bf-a14c-0245893a75f1,M-1707,SESS-20260819-2047-0418,RENTAL_REDEMPTION,-500,265,2026-08-19T23:55:00+08:00
d9b8226e-7766-4d39-9310-632d2a54698c,M-1707,SESS-20260819-2047-0418,RENTAL_ACCRUAL,10,275,2026-08-20T07:55:00+08:00
bbf94075-7706-4dfb-88f5-b909a27f7dec,M-1850,SESS-20260819-2600-0419,RENTAL_ACCRUAL,5,139,2026-08-19T22:15:00+08:00
1b96dfbe-1732-4b0f-b005-e75d9059261e,M-1856,SESS-20260819-1773-0420,RENTAL_ACCRUAL,10,56,2026-08-19T20:15:00+08:00
076e3a5f-7326-487e-adb6-f29a9fe2f12f,M-1896,SESS-20260819-2122-0421,RENTAL_ACCRUAL,11,421,2026-08-20T00:45:00+08:00
e9f50267-682c-4c11-9aab-57036e6391f2,M-1151,SESS-20260819-4577-0422,RENTAL_ACCRUAL,27,210,2026-08-19T17:45:00+08:00
0ecae2f0-60f3-4b3c-9f11-8352dc9389f6,M-1561,SESS-20260819-5565-0423,RENTAL_ACCRUAL,18,421,2026-08-19T14:00:00+08:00
6415a01b-ef91-44e9-87de-b59eaa77de11,M-1292,SESS-20260819-4785-0424,RENTAL_ACCRUAL,43,553,2026-08-19T16:55:00+08:00
6dcb0c8b-b498-4047-8156-f66db9969675,M-1586,SESS-20260819-8314-0425,RENTAL_ACCRUAL,43,134,2026-08-19T21:20:00+08:00
ae5d5891-5156-4cf6-95be-d20ad771ad3a,M-1308,SESS-20260819-1348-0426,RENTAL_REDEMPTION,-100,38,2026-08-19T19:00:00+08:00
df60ed20-7e4c-4b59-ab7f-aadcd9d2f042,M-1308,SESS-20260819-1348-0426,RENTAL_ACCRUAL,7,45,2026-08-19T20:00:00+08:00
e2de20c9-b069-4057-89ec-d2f681ffae42,M-2126,SESS-20260819-3343-0427,RENTAL_ACCRUAL,96,215,2026-08-20T04:15:00+08:00
0cca30ab-2a78-4e20-b127-01b650d975d0,M-2126,TIER_UPGRADE_Standard_TO_Silver,TIER_BONUS,50,265,2026-08-20T04:15:00+08:00
8233ea6d-ee20-42df-9b2b-75d8493d6d03,M-1006,SESS-20260819-5897-0428,RENTAL_ACCRUAL,67,147,2026-08-20T02:25:00+08:00
00c3de6e-5368-4aca-96d6-afda9ec168fc,M-1144,SESS-20260819-9210-0429,RENTAL_REDEMPTION,-100,136,2026-08-19T23:45:00+08:00
33caa26a-955c-406b-af9b-cb050c5ad189,M-1144,SESS-20260819-9210-0429,RENTAL_ACCRUAL,21,157,2026-08-20T04:45:00+08:00
58877168-dac3-40a8-81b9-fb28a83405d2,M-1786,SESS-20260819-3136-0430,RENTAL_ACCRUAL,28,231,2026-08-19T20:30:00+08:00
db686386-1991-4b00-8d77-24387fb848d4,M-1248,SESS-20260819-9225-0431,RENTAL_ACCRUAL,11,42,2026-08-19T20:05:00+08:00
8a0da382-ba70-465a-9d40-f8f72f37d728,M-1382,SESS-20260819-5811-0432,RENTAL_ACCRUAL,27,511,2026-08-20T00:15:00+08:00
cc8d8e61-2db0-4914-8b40-feab54592feb,M-1457,SESS-20260819-1192-0433,RENTAL_ACCRUAL,5,793,2026-08-19T22:00:00+08:00
2bd61db2-c43d-4dec-8e50-628f2f6e8bf5,M-1502,SESS-20260819-8318-0434,RENTAL_REDEMPTION,-200,78,2026-08-19T23:50:00+08:00
956f8ecc-5f8d-44a1-a82f-0dd67c9833af,M-1502,SESS-20260819-8318-0434,RENTAL_ACCRUAL,5,83,2026-08-20T01:50:00+08:00
c2ce3604-4d33-48fa-9def-fd8e78d81e89,M-1145,SESS-20260819-4802-0435,RENTAL_ACCRUAL,6,207,2026-08-20T00:15:00+08:00
5dd3bb75-06e5-4405-ab8a-639dcc8b9acc,M-1949,SESS-20260819-7551-0436,RENTAL_ACCRUAL,45,260,2026-08-20T06:30:00+08:00
3fb9268d-6505-4a12-933e-a57572ff1a72,M-2091,SESS-20260819-8256-0437,RENTAL_ACCRUAL,11,178,2026-08-20T00:05:00+08:00
3e3b7efa-7cc3-4ed3-b5b2-4f46ff8e93b8,M-2135,SESS-20260819-3330-0438,RENTAL_ACCRUAL,15,37,2026-08-20T01:55:00+08:00
b8693560-9bae-4f9e-957c-ac496c74a808,M-1944,SESS-20260819-2912-0439,RENTAL_REDEMPTION,-100,13,2026-08-19T20:30:00+08:00
7fe8a38a-ce5d-42f9-90d5-4f9114a37ea2,M-1944,SESS-20260819-2912-0439,RENTAL_ACCRUAL,10,23,2026-08-19T23:30:00+08:00
552c06a7-6da1-45b7-9b63-8c1544424571,M-1605,SESS-20260819-8877-0440,RENTAL_ACCRUAL,72,224,2026-08-20T07:30:00+08:00
e4ecd90a-f842-475a-a277-074853c251f7,M-1109,SESS-20260819-5282-0441,RENTAL_ACCRUAL,18,707,2026-08-20T00:50:00+08:00
a26820e1-d13c-4997-b410-4b5e8f30928b,M-2045,SESS-20260819-3455-0442,RENTAL_ACCRUAL,24,111,2026-08-20T01:40:00+08:00
d7452d98-750b-412b-84f4-7b6988411177,M-1267,SESS-20260819-8929-0443,RENTAL_ACCRUAL,5,280,2026-08-19T22:50:00+08:00
f93ae7e1-7191-435b-a85a-5268a43f09d7,M-1080,SESS-20260819-3147-0444,RENTAL_ACCRUAL,6,393,2026-08-20T00:40:00+08:00
67b4e878-dc16-4943-aee7-77b801a619c0,M-1548,SESS-20260819-8575-0445,RENTAL_ACCRUAL,18,405,2026-08-20T02:35:00+08:00
4966b9a8-8c6d-4256-ae87-588d0005fd7a,M-1574,SESS-20260819-4946-0446,RENTAL_ACCRUAL,28,175,2026-08-20T03:10:00+08:00
745671f0-5885-4bc9-be0f-54fd2be6edca,M-2193,SESS-20260819-4943-0447,RENTAL_ACCRUAL,11,286,2026-08-19T22:15:00+08:00
19a5fea9-3c86-4605-a8af-33fa693da560,M-1733,SESS-20260819-4813-0448,RENTAL_ACCRUAL,16,84,2026-08-20T02:55:00+08:00
d7626ded-b33f-4e0b-b0a5-9258870683dc,M-1934,SESS-20260819-4651-0449,RENTAL_ACCRUAL,11,468,2026-08-19T20:45:00+08:00
328460a9-1c52-460e-bed7-16a1c332a8cd,M-1746,SESS-20260819-5869-0450,RENTAL_ACCRUAL,11,28,2026-08-20T00:00:00+08:00
86fd8e27-fb9a-4832-b821-8bfb086c418c,M-1612,SESS-20260819-6848-0451,RENTAL_ACCRUAL,5,561,2026-08-19T21:15:00+08:00
781b36eb-212a-48d9-9ea8-d4f2da0e7c34,M-2038,SESS-20260819-7500-0452,RENTAL_ACCRUAL,27,119,2026-08-20T00:45:00+08:00
5307895d-6179-478c-bf90-70b34e86b2e4,M-1493,SESS-20260819-1724-0453,RENTAL_ACCRUAL,27,371,2026-08-19T20:00:00+08:00
2464e098-931e-40fe-8a80-6d797b899623,M-1166,SESS-20260819-7735-0454,RENTAL_ACCRUAL,11,103,2026-08-19T21:20:00+08:00
27a67ab8-18cc-4d6a-86a2-784a6f92c851,M-1933,SESS-20260819-3884-0455,RENTAL_ACCRUAL,40,107,2026-08-20T01:45:00+08:00
7c34eacd-e237-41f9-91b4-ff43653b1ba5,M-1839,SESS-20260819-9264-0456,RENTAL_REDEMPTION,-100,76,2026-08-19T22:45:00+08:00
e235f61c-409c-49ab-a472-604093eaf803,M-1839,SESS-20260819-9264-0456,RENTAL_ACCRUAL,20,96,2026-08-20T01:45:00+08:00
bc20fe52-4999-45a4-9d65-a564385c8c39,M-1337,SESS-20260819-5569-0457,RENTAL_ACCRUAL,19,480,2026-08-19T22:25:00+08:00
64bc1a9b-74b4-4c32-b861-7fff5969c5c5,M-2047,SESS-20260819-5150-0458,RENTAL_ACCRUAL,11,354,2026-08-19T23:20:00+08:00
15512026-bfe2-4572-8465-1190741d18c9,M-1230,SESS-20260819-6783-0459,RENTAL_REDEMPTION,-200,923,2026-08-19T22:25:00+08:00
7431b3b2-51d9-4d93-94b2-b1c33d037d0c,M-1230,SESS-20260819-6783-0459,RENTAL_ACCRUAL,15,938,2026-08-20T03:25:00+08:00
04480170-a4d3-40b1-b444-4d83c236093b,M-1262,SESS-20260819-3267-0460,RENTAL_ACCRUAL,13,200,2026-08-19T16:00:00+08:00
0d645957-df6c-43a5-b335-e788fe58bc95,M-1465,SESS-20260819-3643-0461,RENTAL_ACCRUAL,48,759,2026-08-20T03:30:00+08:00
561158f0-9997-4ed5-af69-7901bdd5b2d7,M-1269,SESS-20260819-5293-0462,RENTAL_ACCRUAL,6,543,2026-08-20T00:30:00+08:00
1f464a2a-a285-4776-be0f-fb3fbf9be101,M-2072,SESS-20260819-9834-0463,RENTAL_ACCRUAL,15,231,2026-08-20T00:00:00+08:00
4d0adcdd-4bbd-41cc-ba3f-07bed69923a4,M-1925,SESS-20260819-2669-0464,RENTAL_ACCRUAL,11,110,2026-08-19T23:30:00+08:00
5cdd5b1f-70bb-4fd4-8105-dd8b3db5f6b5,M-1953,SESS-20260819-5893-0465,RENTAL_ACCRUAL,25,64,2026-08-20T03:00:00+08:00
a4f73afa-e548-4f57-8cc2-a12eb3876ae6,M-2031,SESS-20260819-1747-0466,RENTAL_ACCRUAL,15,117,2026-08-20T02:00:00+08:00
84dc0a08-3e49-4ff3-b798-21e86920d171,M-1120,SESS-20260819-6679-0467,RENTAL_ACCRUAL,40,889,2026-08-19T23:05:00+08:00
34fe11a9-1773-4e53-bea6-df304a8858b9,M-1604,SESS-20260819-6300-0468,RENTAL_ACCRUAL,40,94,2026-08-19T20:45:00+08:00
15641a70-14ce-4f7e-8269-a451eca0c17c,M-2044,SESS-20260819-3664-0469,RENTAL_ACCRUAL,28,408,2026-08-20T04:45:00+08:00
92fb05e1-da94-4d9f-8a30-c7dd19545ee9,M-1599,SESS-20260819-2578-0470,RENTAL_ACCRUAL,5,488,2026-08-19T20:35:00+08:00
b2536847-3105-4112-9eb1-0436c3efc8ca,M-1828,SESS-20260819-2271-0471,RENTAL_ACCRUAL,16,316,2026-08-19T23:45:00+08:00
a4a6b693-6bb1-47a6-bf27-823193f88d7b,M-1377,SESS-20260819-1206-0472,RENTAL_ACCRUAL,5,489,2026-08-20T00:50:00+08:00
69c0580d-0a5d-4176-924b-f9881906d374,M-1651,SESS-20260819-3731-0473,RENTAL_ACCRUAL,28,486,2026-08-20T04:55:00+08:00
f1389afc-8405-4749-a207-e62975224261,M-1010,SESS-20260819-2624-0474,RENTAL_ACCRUAL,108,537,2026-08-20T07:15:00+08:00
40c8f874-5e08-4094-83c6-aefdfb879e92,M-1398,SESS-20260819-6711-0475,RENTAL_ACCRUAL,28,1393,2026-08-20T00:15:00+08:00
dadc87ff-61d0-4c66-989d-7f2c334b45eb,M-1271,SESS-20260819-6098-0476,RENTAL_REDEMPTION,-100,20,2026-08-19T23:55:00+08:00
974389b3-35de-41bf-8882-4a10dc3d54ac,M-1271,SESS-20260819-6098-0476,RENTAL_ACCRUAL,11,31,2026-08-20T01:55:00+08:00
d1139b35-c94a-4899-80d4-32706b3b5b46,M-1992,ORD-20260819-4350-0001,CONCESSION_ACCRUAL,11,167,2026-08-19T16:14:22+08:00
ea9fa559-541b-432c-bce1-52d67c1d592c,M-1292,ORD-20260819-8629-0002,CONCESSION_ACCRUAL,13,566,2026-08-19T16:37:46+08:00
803df7a3-cdb3-4881-8757-57cb7dcb15af,M-1663,ORD-20260819-6126-0003,CONCESSION_ACCRUAL,16,120,2026-08-19T20:05:56+08:00
28b53ec3-3ab2-4f8d-a436-eb5d4d985b87,M-2170,ORD-20260819-4448-0004,CONCESSION_ACCRUAL,56,108,2026-08-19T20:08:05+08:00
1036e44f-4e81-4fd5-b232-8d62311d9a45,M-1739,ORD-20260819-2911-0005,CONCESSION_ACCRUAL,8,88,2026-08-19T02:15:32+08:00
0087738a-45af-426f-8d03-4ca4e0477530,M-1811,ORD-20260819-3029-0006,CONCESSION_ACCRUAL,19,116,2026-08-19T17:22:26+08:00
61a59a3a-c89b-4cdd-96f1-1e459fd9bc42,M-1790,ORD-20260819-2737-0007,CONCESSION_ACCRUAL,3,273,2026-08-19T21:47:21+08:00
3fa78814-4681-4ff3-9819-2c474d9dfd0e,M-2180,ORD-20260819-2484-0008,CONCESSION_ACCRUAL,12,104,2026-08-19T23:55:24+08:00
e652787c-3c8e-4dc7-9542-c307b4a6d799,M-1262,ORD-20260819-4519-0009,CONCESSION_ACCRUAL,9,209,2026-08-19T15:14:14+08:00
b91efbe4-0439-454f-96b0-823029d23f31,M-1424,ORD-20260819-2503-0010,CONCESSION_ACCRUAL,50,196,2026-08-19T19:46:59+08:00
73964dbf-99ba-4a08-a092-8a2b1f4477ca,M-1298,ORD-20260819-5299-0011,CONCESSION_ACCRUAL,15,637,2026-08-19T20:53:40+08:00
2664813a-d288-4eaa-b8de-b8018aa028d0,M-2149,ORD-20260819-7517-0012,CONCESSION_ACCRUAL,9,56,2026-08-19T23:28:26+08:00
805d1612-7b43-4aff-9e79-e373b0e41c3b,M-1058,ORD-20260819-8531-0013,CONCESSION_ACCRUAL,26,182,2026-08-19T18:00:40+08:00
ce33637f-1813-4e80-b946-f79b2db2d61b,M-1661,ORD-20260819-5535-0014,CONCESSION_ACCRUAL,18,2815,2026-08-19T17:33:49+08:00
4a8bdbf3-7c67-401b-b90f-d9e31c26f913,M-1850,ORD-20260819-7234-0015,CONCESSION_ACCRUAL,32,171,2026-08-19T21:20:54+08:00
4b3bb75f-fec9-48df-9a96-b188e6356de0,M-1592,ORD-20260819-1670-0016,CONCESSION_ACCRUAL,9,365,2026-08-19T20:22:50+08:00
d8e41a64-6501-4870-9a27-497701a1ae4d,M-1288,ORD-20260819-6505-0017,CONCESSION_ACCRUAL,9,161,2026-08-19T05:46:33+08:00
25e478ac-4f7c-4bb4-8d0a-c255e137fe87,M-1830,ORD-20260819-4327-0018,CONCESSION_ACCRUAL,13,77,2026-08-19T22:49:46+08:00
7a1b91eb-e739-407c-b3fb-73f25cf60893,M-1939,ORD-20260820-3382-0019,CONCESSION_ACCRUAL,20,154,2026-08-20T02:15:37+08:00
85d0f8f7-272f-4eb2-9682-3cf2453b0422,M-1140,ORD-20260820-4503-0020,CONCESSION_ACCRUAL,15,458,2026-08-20T05:10:05+08:00
9a2c945c-157e-4178-a735-369b05ec727e,M-1819,ORD-20260820-9492-0021,CONCESSION_ACCRUAL,11,353,2026-08-20T00:15:01+08:00
f871360f-b1a0-4708-9823-f67e99719110,M-1398,ORD-20260819-3409-0022,CONCESSION_ACCRUAL,4,1397,2026-08-19T22:59:13+08:00
f70d481c-3296-4d83-8b5b-1a0a7317354a,M-2160,ORD-20260819-2612-0023,CONCESSION_ACCRUAL,31,174,2026-08-19T22:02:27+08:00
01b34694-1bc5-4c78-ba1c-3d199f02d3fc,M-1371,ORD-20260819-7314-0024,CONCESSION_ACCRUAL,7,405,2026-08-19T15:37:39+08:00
8336cb0b-6189-4e11-a19c-a3ab5376af4a,M-2126,ORD-20260820-9048-0025,CONCESSION_ACCRUAL,10,275,2026-08-20T00:44:59+08:00
eea21012-b4cc-4e0e-9995-12902b2147f2,M-1621,ORD-20260819-5401-0026,CONCESSION_ACCRUAL,3,357,2026-08-19T20:56:13+08:00
6eb0573a-b8ba-4f29-88d4-6577b2223c65,M-2173,ORD-20260820-4984-0027,CONCESSION_ACCRUAL,8,71,2026-08-20T00:00:37+08:00
41635825-20a1-42f1-8f84-bebb8d696c9e,M-2117,ORD-20260819-4486-0028,CONCESSION_ACCRUAL,12,111,2026-08-19T18:38:16+08:00
b5dfa3e1-f6dc-4652-837f-a3f17448d2d1,M-1237,ORD-20260819-1401-0029,CONCESSION_ACCRUAL,22,607,2026-08-19T16:15:49+08:00
ac8d719a-ef78-49b7-99a5-dfb4d48baab4,M-1151,ORD-20260819-3207-0030,CONCESSION_ACCRUAL,27,237,2026-08-19T16:57:46+08:00
4d1b3d35-bdff-4b9e-b770-3593417d2c13,M-1422,ORD-20260819-3010-0031,CONCESSION_ACCRUAL,15,306,2026-08-19T18:11:24+08:00
99a944e0-f422-40a2-8c10-e5f52bd5d4be,M-1321,ORD-20260819-2138-0032,CONCESSION_ACCRUAL,8,317,2026-08-19T22:40:32+08:00
40632eec-18dc-4b32-af4a-add394e876d8,M-2184,ORD-20260820-1144-0033,CONCESSION_ACCRUAL,9,62,2026-08-20T01:01:05+08:00
d5723257-cec3-4679-a8f0-0a3a7ca5aa57,M-2154,ORD-20260819-6145-0034,CONCESSION_ACCRUAL,45,136,2026-08-19T17:56:31+08:00
41d40061-6d58-4cbe-89c3-f4e3eab15206,M-1525,ORD-20260819-4579-0035,CONCESSION_ACCRUAL,15,426,2026-08-19T22:28:10+08:00
7fb8524c-95de-4da6-923b-fa7c58e37cdf,M-1525,TIER_UPGRADE_Silver_TO_Gold,TIER_BONUS,100,526,2026-08-19T22:28:10+08:00
bb983444-00f8-4c0e-9f9b-c46bc0e62e11,M-2076,ORD-20260819-7761-0036,CONCESSION_ACCRUAL,7,215,2026-08-19T14:20:44+08:00
5c1c0ff8-3911-4cfe-9845-3f754242ad00,M-1222,ORD-20260819-1323-0037,CONCESSION_ACCRUAL,22,858,2026-08-19T18:16:52+08:00
c0d441f8-f4eb-4a30-9b53-67c225d16174,M-1526,ORD-20260819-7028-0038,CONCESSION_ACCRUAL,18,1251,2026-08-19T23:37:04+08:00
5cda4d73-eb40-4a6e-ad16-aac7a19dee87,M-1925,ORD-20260819-7410-0039,CONCESSION_ACCRUAL,35,145,2026-08-19T21:54:29+08:00
ec93988d-ca66-4cbc-a6e7-5d70ac334213,M-2056,ORD-20260820-3183-0040,CONCESSION_ACCRUAL,3,298,2026-08-20T00:31:11+08:00
c4498932-df49-41d8-8b09-c94d7cfd6853,M-2123,ORD-20260819-3727-0041,CONCESSION_ACCRUAL,18,304,2026-08-19T19:25:10+08:00
99b33060-0d92-451c-8b51-bad8722cff83,M-1562,ORD-20260819-9918-0042,CONCESSION_ACCRUAL,33,687,2026-08-19T16:44:57+08:00
905e157a-8ebf-440b-aaa5-06a5bacfd67b,M-1120,ORD-20260819-6000-0043,CONCESSION_ACCRUAL,10,899,2026-08-19T09:36:56+08:00
8620387f-94d2-418d-8c75-e160b0641ee3,M-1120,TIER_UPGRADE_Silver_TO_Gold,TIER_BONUS,100,999,2026-08-19T09:36:56+08:00
c585ea28-e90f-4e47-9b50-6f59f0af9a19,M-1742,ORD-20260820-6630-0044,CONCESSION_ACCRUAL,15,90,2026-08-20T00:36:09+08:00
8cccf8e8-e9ae-40b7-b081-1e8493d389dc,M-2000,ORD-20260819-5943-0045,CONCESSION_ACCRUAL,11,611,2026-08-19T16:35:53+08:00
138e07a4-7e48-4048-867d-6be84c1ee69b,M-2191,ORD-20260820-3263-0046,CONCESSION_ACCRUAL,8,477,2026-08-20T02:05:06+08:00
6c6d454a-c3c2-4793-9d04-9d2389f3f8c4,M-1348,ORD-20260819-5557-0047,CONCESSION_ACCRUAL,22,133,2026-08-19T20:08:10+08:00
4850f388-498c-4e95-ad53-280dbcdb2169,M-1972,ORD-20260819-7398-0048,CONCESSION_ACCRUAL,18,182,2026-08-19T08:38:54+08:00
04c0214f-32d2-44a3-930c-1c0bbc7e63df,M-1493,ORD-20260819-2909-0049,CONCESSION_ACCRUAL,15,386,2026-08-19T18:21:06+08:00
aa804c8c-0cde-4048-b5a8-e2e9b89e6d75,M-1729,ORD-20260820-9802-0050,CONCESSION_ACCRUAL,11,131,2026-08-20T00:02:51+08:00
7bf478d1-0f9b-4909-bf36-f193e9bd46dd,M-2080,ORD-20260819-7972-0051,CONCESSION_ACCRUAL,8,155,2026-08-19T14:49:54+08:00
9939e856-a534-4266-9bb6-1aeb25bba5e3,M-1599,ORD-20260819-9239-0052,CONCESSION_ACCRUAL,43,531,2026-08-19T20:05:39+08:00
f36fbf2e-b54d-412d-ae36-ed07cd89e0fa,M-1521,ORD-20260819-7314-0053,CONCESSION_ACCRUAL,12,635,2026-08-19T23:02:09+08:00
fd7f4180-7be4-4a25-8eda-59a3f2f68622,M-1886,ORD-20260819-8758-0054,CONCESSION_ACCRUAL,18,205,2026-08-19T22:52:15+08:00
7ab0e85b-19ad-403c-abb5-d70e3512eb4a,M-1312,ORD-20260819-7101-0055,CONCESSION_ACCRUAL,23,70,2026-08-19T15:29:09+08:00
ec808ee3-99f7-4434-94a2-be2cc5c2e2b1,M-1565,ORD-20260819-4362-0056,CONCESSION_ACCRUAL,9,791,2026-08-19T21:09:05+08:00
8f603188-2383-4ad4-8343-b13de439b1db,M-1448,ORD-20260819-4454-0057,CONCESSION_ACCRUAL,24,342,2026-08-19T17:17:02+08:00
07d8434f-b8f5-4639-8c55-d7c8a2a6a8d8,M-2044,ORD-20260820-3681-0058,CONCESSION_ACCRUAL,33,441,2026-08-20T02:50:02+08:00
6e0a66a7-1711-4b3f-a778-915d76459026,M-1219,ORD-20260819-5310-0059,CONCESSION_ACCRUAL,26,267,2026-08-19T21:26:26+08:00
5e61f101-58d7-4435-91cd-e7ef7289637f,M-1755,ORD-20260819-8012-0060,CONCESSION_ACCRUAL,16,172,2026-08-19T21:49:55+08:00
7c46222a-7d62-4c2b-99bc-090120e6f98c,M-1744,ORD-20260819-8551-0061,CONCESSION_ACCRUAL,15,848,2026-08-19T23:26:16+08:00
c2519fa3-3abd-4730-9729-5c00b65ec572,M-1620,ORD-20260819-8042-0062,CONCESSION_ACCRUAL,12,463,2026-08-19T17:56:47+08:00
a088775e-7ddd-419a-9b73-a3b996d24021,M-1001,ORD-20260819-8831-0063,CONCESSION_ACCRUAL,16,588,2026-08-19T17:10:26+08:00
fa6a7839-e7af-447c-b865-a28055cb8e79,M-1642,ORD-20260820-4555-0064,CONCESSION_ACCRUAL,31,169,2026-08-20T01:22:12+08:00
e899d9c9-e90e-4ae6-845f-65253c3030db,M-1878,ORD-20260819-7260-0065,CONCESSION_ACCRUAL,18,108,2026-08-19T19:25:10+08:00
4895997b-a1fb-4225-ad63-a9f878fd4436,M-1106,ORD-20260819-5831-0066,CONCESSION_ACCRUAL,11,476,2026-08-19T23:56:06+08:00
ecd2d1b8-3eae-46eb-b460-8fd445e1c141,M-1695,ORD-20260819-2013-0067,CONCESSION_ACCRUAL,22,91,2026-08-19T18:23:07+08:00
91c5b560-a349-4a50-97a2-23dd953b4897,M-2001,ORD-20260819-3256-0068,CONCESSION_ACCRUAL,6,229,2026-08-19T21:24:30+08:00
216d2d26-360d-4f5f-917f-452ea4acf2f7,M-1261,ORD-20260819-5996-0069,CONCESSION_ACCRUAL,3,124,2026-08-19T18:19:28+08:00
9ac0598d-3387-4563-ba40-62dfaa3b3877,M-1367,ORD-20260819-5154-0070,CONCESSION_ACCRUAL,8,544,2026-08-19T20:14:06+08:00
2592bccf-3a71-4e91-b70c-ae219dde2fe9,M-1699,ORD-20260819-7459-0071,CONCESSION_ACCRUAL,11,159,2026-08-19T20:41:38+08:00
6334ac70-a5b7-4c0f-955d-fa73e047f4c1,M-1683,ORD-20260820-8963-0072,CONCESSION_ACCRUAL,22,1112,2026-08-20T01:12:40+08:00
a5f028ed-3508-411b-9f6c-4e96a6731dfb,M-1952,ORD-20260819-1213-0073,CONCESSION_ACCRUAL,6,90,2026-08-19T22:56:51+08:00
c917840d-5884-4837-a234-0854acdec2e2,M-1537,ORD-20260819-4906-0074,CONCESSION_ACCRUAL,16,432,2026-08-19T20:07:36+08:00
b75e335a-4d8d-4557-b199-3a02b8378cb7,M-1953,ORD-20260819-9820-0075,CONCESSION_ACCRUAL,12,76,2026-08-19T17:21:41+08:00
d388201f-bee4-41af-8daa-f551d6f591d2,M-2014,ORD-20260820-7657-0076,CONCESSION_ACCRUAL,16,347,2026-08-20T00:16:01+08:00
3c4b7b5a-021f-4035-8fed-f4ad22fcd89c,M-1358,ORD-20260819-1367-0077,CONCESSION_ACCRUAL,8,83,2026-08-19T17:58:54+08:00
7126310e-4926-485e-89a6-e241bef2f579,M-1047,ORD-20260819-5714-0078,CONCESSION_ACCRUAL,11,196,2026-08-19T19:05:24+08:00
163970de-b52a-427e-b8c9-14d21d7b6e29,M-1427,ORD-20260819-6964-0079,CONCESSION_ACCRUAL,8,117,2026-08-19T13:59:57+08:00
38cc862d-2233-423d-8be5-4f2f8a2bdd53,M-2029,ORD-20260819-8972-0080,CONCESSION_ACCRUAL,6,132,2026-08-19T20:10:03+08:00
09751841-fd25-4116-8181-6c77ce656835,M-1661,ORD-20260819-5211-0081,CONCESSION_ACCRUAL,9,2824,2026-08-19T23:47:00+08:00
acc0e196-420d-430c-8d73-e85cfeda1fee,M-1520,ORD-20260819-9373-0082,CONCESSION_ACCRUAL,12,1031,2026-08-19T20:41:26+08:00
21a6f46b-cf40-4b9d-ba52-2028ccc6c881,M-2041,ORD-20260819-5725-0083,CONCESSION_ACCRUAL,15,86,2026-08-19T23:09:43+08:00
232157d0-3e2e-4e6d-a93e-648d2a56b4fa,M-1153,ORD-20260819-9786-0084,CONCESSION_ACCRUAL,33,421,2026-08-19T23:55:14+08:00
fc1fea1d-9d83-4d86-a995-40f28e55c839,M-1029,ORD-20260819-9708-0085,CONCESSION_ACCRUAL,20,542,2026-08-19T03:16:17+08:00
8226b109-0157-4af4-8604-a8cc0fc6657c,M-1227,ORD-20260819-1418-0086,CONCESSION_ACCRUAL,3,213,2026-08-19T16:20:20+08:00
3b5ca511-6794-4337-8d55-7dfe8614bf46,M-1517,ORD-20260820-3279-0087,CONCESSION_ACCRUAL,8,140,2026-08-20T01:12:56+08:00
65ff539d-79a5-4855-a39d-ffe10827f52b,M-1975,ORD-20260819-4240-0088,CONCESSION_ACCRUAL,16,164,2026-08-19T07:14:34+08:00
ec3b68da-a51b-4b01-b472-76a1652cd03f,M-1181,ORD-20260820-2659-0089,CONCESSION_ACCRUAL,38,212,2026-08-20T00:28:22+08:00
04d897d7-a1eb-4cc2-a294-6332f07cc58f,M-1810,ORD-20260819-5723-0090,CONCESSION_ACCRUAL,15,335,2026-08-19T17:54:53+08:00
abaaece1-4568-4ac4-95d6-b0530acae3ec,M-1810,TIER_UPGRADE_Silver_TO_Gold,TIER_BONUS,100,435,2026-08-19T17:54:53+08:00
0e906f88-b2ce-4834-8208-11e100c44756,M-1182,ORD-20260819-9416-0091,CONCESSION_ACCRUAL,9,33,2026-08-19T20:35:14+08:00
012b9c48-16d4-4dfe-8296-72bdd3c20d22,M-1353,ORD-20260819-5608-0092,CONCESSION_ACCRUAL,9,251,2026-08-19T23:36:49+08:00
88ce9d4d-1667-43cd-a6ba-bb33ed04dd48,M-1001,ORD-20260820-4609-0093,CONCESSION_ACCRUAL,3,591,2026-08-20T01:15:26+08:00
87ea2c9b-4703-431a-a372-c783661c838a,M-1179,ORD-20260819-4236-0094,CONCESSION_ACCRUAL,8,135,2026-08-19T14:33:32+08:00
6ef860e8-b91c-4a04-95c8-628c4908ade0,M-1494,ORD-20260819-5679-0095,CONCESSION_ACCRUAL,9,474,2026-08-19T17:40:33+08:00
524cb93e-f4be-486b-a7d2-85b667d51b45,M-2041,ORD-20260819-3782-0096,CONCESSION_ACCRUAL,13,99,2026-08-19T14:02:32+08:00
8b76c988-6839-4723-9c21-fa97080f8beb,M-1921,ORD-20260819-8438-0097,CONCESSION_ACCRUAL,6,43,2026-08-19T20:36:28+08:00
2753578b-6664-4a69-8d7e-520dfdae7139,M-1748,ORD-20260819-6437-0098,CONCESSION_ACCRUAL,38,597,2026-08-19T19:11:45+08:00
690d5cce-904d-4304-9590-1900495588e7,M-1145,ORD-20260819-1839-0099,CONCESSION_ACCRUAL,13,220,2026-08-19T23:55:59+08:00
b5ebf925-1c87-4b78-9f5a-1db1288ccbe4,M-1585,ORD-20260819-6224-0100,CONCESSION_ACCRUAL,18,483,2026-08-19T21:07:01+08:00
5a4df64a-64da-423f-8806-d78821583366,M-1018,ORD-20260819-5413-0101,CONCESSION_ACCRUAL,8,127,2026-08-19T21:04:50+08:00
2329e992-ff8e-4bd0-996f-8064eed7c250,M-1957,ORD-20260820-9059-0102,CONCESSION_ACCRUAL,25,130,2026-08-20T00:04:47+08:00
fc4ead92-bcd4-4d45-a15b-ee1f1cb9c42b,M-1743,ORD-20260819-3020-0103,CONCESSION_ACCRUAL,11,346,2026-08-19T21:44:39+08:00
684c534a-6988-436f-bea4-58e27536a1e9,M-1523,ORD-20260819-6690-0104,CONCESSION_ACCRUAL,8,286,2026-08-19T20:29:58+08:00
a9173b42-d179-42b0-a84b-6a7b2ca16acf,M-1764,ORD-20260819-9819-0105,CONCESSION_ACCRUAL,10,237,2026-08-19T23:42:55+08:00
d14c37e4-088f-4558-bdd4-5894eb26f018,M-2113,ORD-20260819-8866-0106,CONCESSION_ACCRUAL,23,258,2026-08-19T23:23:42+08:00
bf601916-024b-4029-a9f5-746c6c385f99,M-1193,ORD-20260819-3121-0107,CONCESSION_ACCRUAL,8,194,2026-08-19T17:15:31+08:00
b45c08a4-b1b0-4c3e-bc7d-feb7f20f5ed1,M-1083,ORD-20260819-3394-0108,CONCESSION_ACCRUAL,8,326,2026-08-19T18:40:07+08:00
0e408e27-7bf1-46fe-9a7e-8ac6de911709,M-2004,ORD-20260819-8969-0109,CONCESSION_ACCRUAL,11,148,2026-08-19T21:13:58+08:00
3dcaf7d8-a59e-473f-afcc-6100d0373051,M-1366,ORD-20260819-6715-0110,CONCESSION_ACCRUAL,8,674,2026-08-19T14:37:46+08:00
8ff8bfef-417e-41e2-a3f2-d52516a79949,M-1465,ORD-20260820-1789-0111,CONCESSION_ACCRUAL,13,772,2026-08-20T02:36:42+08:00
42911389-81f5-4271-95c3-f173815f21af,M-1444,ORD-20260819-9635-0112,CONCESSION_ACCRUAL,19,3216,2026-08-19T22:59:06+08:00
e1c2d2c0-a379-48a0-8169-b43bfa7332ee,M-1435,ORD-20260819-9660-0113,CONCESSION_ACCRUAL,23,399,2026-08-19T22:21:40+08:00
7edc3177-ffb6-4862-995a-8dc8316331d7,M-2058,ORD-20260819-5602-0114,CONCESSION_ACCRUAL,32,186,2026-08-19T21:42:34+08:00
126e5f1e-aa39-4935-80a5-4ad7809da04d,M-2002,ORD-20260819-4565-0115,CONCESSION_ACCRUAL,21,122,2026-08-19T19:31:04+08:00
6808bdd1-9df0-4703-81db-0ea312300781,M-1230,ORD-20260819-3206-0116,CONCESSION_ACCRUAL,16,954,2026-08-19T23:19:20+08:00
12d5c313-bbf7-44ce-80cb-a9f6958e59c3,M-2062,ORD-20260819-5624-0117,CONCESSION_ACCRUAL,11,245,2026-08-19T18:34:50+08:00
657032b3-b077-4a09-9b6a-d5f242ca265e,M-1922,ORD-20260820-6395-0118,CONCESSION_ACCRUAL,11,334,2026-08-20T00:05:25+08:00
fa26e2d9-845f-4506-bac7-b5c3b4a2193b,M-1016,ORD-20260820-5842-0119,CONCESSION_ACCRUAL,8,134,2026-08-20T01:47:53+08:00
6937668e-87dc-40f9-97e7-de6d53b84caa,M-1122,ORD-20260820-1444-0120,CONCESSION_ACCRUAL,22,242,2026-08-20T00:34:33+08:00
5b15e2e4-8923-4593-9f01-177759fc0c20,M-1202,ORD-20260820-9271-0121,CONCESSION_ACCRUAL,13,1840,2026-08-20T00:14:19+08:00
9269986f-94f9-4fa1-992c-ab2161cc2510,M-1370,ORD-20260819-4388-0122,CONCESSION_ACCRUAL,3,694,2026-08-19T22:19:59+08:00
0a2e4bdb-8559-4e09-8192-dc718884ba98,M-1617,ORD-20260819-3391-0123,CONCESSION_ACCRUAL,10,85,2026-08-19T21:12:34+08:00
f47d2313-b2d5-4e8c-b2ea-960cf7ea85d4,M-1585,ORD-20260820-3354-0124,CONCESSION_ACCRUAL,13,496,2026-08-20T01:12:50+08:00
943b398e-a900-4d7b-8ba3-3188ef2af85a,M-2113,ORD-20260819-9912-0125,CONCESSION_ACCRUAL,8,266,2026-08-19T10:54:16+08:00
a2cd07f3-1962-44bf-b9a0-037bbb14fd9d,M-1245,ORD-20260819-4380-0126,CONCESSION_ACCRUAL,18,157,2026-08-19T20:04:00+08:00
7e52e076-3a8e-479a-b4ed-01c90dbdf2cf,M-2166,ORD-20260819-3787-0127,CONCESSION_ACCRUAL,15,68,2026-08-19T08:32:07+08:00
c8bddf41-d7df-4e04-8ac5-265f7e10c679,M-1144,ORD-20260820-3820-0128,CONCESSION_ACCRUAL,15,172,2026-08-20T00:37:39+08:00
2890ee34-f9de-4fff-9240-a0c32a3488ae,M-1682,ORD-20260819-3232-0129,CONCESSION_ACCRUAL,30,848,2026-08-19T23:59:14+08:00
8151485f-8aca-480f-b040-4b42333d165c,M-1006,ORD-20260819-2156-0130,CONCESSION_ACCRUAL,8,155,2026-08-19T22:45:08+08:00
74304fef-942c-42ba-81b3-26ec55e08158,M-1921,ORD-20260819-1070-0131,CONCESSION_ACCRUAL,15,58,2026-08-19T17:33:26+08:00
38f24073-9bd6-4425-83e3-84e9e521e31b,M-1778,ORD-20260819-8633-0132,CONCESSION_ACCRUAL,25,171,2026-08-19T19:31:46+08:00
de207123-7875-4ade-a9fe-0cb0b241f707,M-1102,ORD-20260820-7143-0133,CONCESSION_ACCRUAL,7,132,2026-08-20T00:39:06+08:00
41b59d50-fe92-43e5-b87c-f04979225721,M-1295,ORD-20260819-4345-0134,CONCESSION_ACCRUAL,33,408,2026-08-19T14:57:59+08:00
9bf4af40-6ca1-4106-94f3-8450f9234a26,M-1070,ORD-20260820-4125-0135,CONCESSION_ACCRUAL,15,84,2026-08-20T00:37:21+08:00
b91f98db-04e1-45ac-bfe1-dd1e9d959275,M-1574,ORD-20260820-3583-0136,CONCESSION_ACCRUAL,26,201,2026-08-20T03:00:35+08:00
7debe6f5-7044-4864-ae9f-d0765a7e345c,M-1285,ORD-20260819-9881-0137,CONCESSION_ACCRUAL,3,301,2026-08-19T10:54:18+08:00
cb14db42-a2e5-4cb7-82fa-b7de1eea55df,M-1494,ORD-20260819-2635-0138,CONCESSION_ACCRUAL,24,498,2026-08-19T22:04:02+08:00
4fa62efa-3473-4afb-b3fd-28cefcb3518c,M-2031,ORD-20260820-7677-0139,CONCESSION_ACCRUAL,15,132,2026-08-20T00:56:22+08:00
5f9fd4ed-7f56-40bf-ac8d-056f15ca6104,M-1608,ORD-20260819-6866-0140,CONCESSION_ACCRUAL,3,407,2026-08-19T20:56:20+08:00
b7e6ba98-edae-490f-a522-04acdb7a8179,M-1846,ORD-20260819-5938-0141,CONCESSION_ACCRUAL,8,67,2026-08-19T17:43:29+08:00
21da5098-d1e2-4ed5-9c59-dd8018a7b57b,M-1112,ORD-20260819-5577-0142,CONCESSION_ACCRUAL,13,1431,2026-08-19T20:04:33+08:00
eaa585db-513c-404f-b9a6-5909cb7cb138,M-1434,ORD-20260819-8964-0143,CONCESSION_ACCRUAL,11,269,2026-08-19T21:36:57+08:00
6d2fbc9e-8e7d-49ba-abc1-0479dd681c2d,M-1787,ORD-20260819-3323-0144,CONCESSION_ACCRUAL,24,357,2026-08-19T22:17:09+08:00
ae08dc84-ffc3-483a-be5f-1c0df7a7f4fe,M-1267,ORD-20260819-7108-0145,CONCESSION_ACCRUAL,16,296,2026-08-19T22:33:25+08:00
23792921-5e52-4543-bef7-7a5c4b808bd6,M-1570,ORD-20260820-4712-0146,CONCESSION_ACCRUAL,4,215,2026-08-20T00:05:20+08:00
1e4618ca-8874-42f6-8955-73d55975774a,M-1026,ORD-20260819-7023-0147,CONCESSION_ACCRUAL,23,1423,2026-08-19T21:56:47+08:00
43e1ab85-672b-45b5-b034-6739fbc4db48,M-1035,ORD-20260819-7172-0148,CONCESSION_ACCRUAL,33,196,2026-08-19T22:39:40+08:00
25f9f75e-f642-4c22-8aaa-2cbcc2afdbed,M-1977,ORD-20260819-4564-0149,CONCESSION_ACCRUAL,8,105,2026-08-19T16:46:33+08:00
5fd822dd-92a3-4940-b601-484e586210d2,M-1317,ORD-20260819-4416-0150,CONCESSION_ACCRUAL,22,364,2026-08-19T20:02:45+08:00
a4d49084-16a9-4492-a2bb-c9cf761f4d77,M-1369,ORD-20260819-4169-0151,CONCESSION_ACCRUAL,24,549,2026-08-19T19:49:40+08:00
a0d84288-d29d-4af2-85ad-272f0668062b,M-1349,ORD-20260819-5922-0152,CONCESSION_ACCRUAL,27,652,2026-08-19T13:06:14+08:00
a6da9b89-98e7-47e7-b2af-ad14784f121b,M-1812,ORD-20260819-3754-0153,CONCESSION_ACCRUAL,18,722,2026-08-19T19:41:23+08:00
fcd2c4bb-fcbf-44cc-9f6f-19fb0574d5ae,M-1788,ORD-20260820-5054-0154,CONCESSION_ACCRUAL,11,599,2026-08-20T03:28:20+08:00
29af3fb2-9dd9-4b46-acad-f5a5c1ce6f15,M-1625,ORD-20260819-3409-0155,CONCESSION_ACCRUAL,11,2800,2026-08-19T15:43:17+08:00
f42f12f2-9f1a-448b-b133-ad0b2acebaf5,M-1056,ORD-20260819-6173-0156,CONCESSION_ACCRUAL,22,262,2026-08-19T19:30:47+08:00
606a634a-08fd-41b6-89ca-044b255014c8,M-1552,ORD-20260819-5761-0157,CONCESSION_ACCRUAL,15,118,2026-08-19T17:05:14+08:00
0e94eed9-73b6-49b3-9678-8f0c285238cf,M-1862,ORD-20260820-6340-0158,CONCESSION_ACCRUAL,25,51,2026-08-20T01:10:02+08:00
c2151752-6438-4d56-a313-f6cabb5f6151,M-1559,ORD-20260819-4326-0159,CONCESSION_ACCRUAL,16,197,2026-08-19T22:59:25+08:00
83b8b48a-9c37-4f46-963e-fec23b7cec2b,M-1404,ORD-20260820-3212-0160,CONCESSION_ACCRUAL,33,203,2026-08-20T01:10:25+08:00
dabc5794-6a60-4b71-a91a-d302acd0b471,M-1157,ORD-20260819-4319-0161,CONCESSION_ACCRUAL,15,255,2026-08-19T18:29:19+08:00
6351f270-4bca-4738-b163-619314985f45,M-1398,ORD-20260819-5402-0162,CONCESSION_ACCRUAL,9,1406,2026-08-19T20:28:15+08:00
26a04297-7baa-4be7-a55f-03d4d7c46ed2,M-1553,ORD-20260819-7455-0163,CONCESSION_ACCRUAL,8,430,2026-08-19T15:48:45+08:00
8bed7966-3fcc-4488-a327-773d3e6f1c52,M-2099,ORD-20260819-2908-0164,CONCESSION_ACCRUAL,15,384,2026-08-19T18:41:12+08:00
ea21588b-9a1f-4b17-9c0b-26ff681759f8,M-2098,ORD-20260819-4813-0165,CONCESSION_ACCRUAL,11,119,2026-08-19T14:58:32+08:00
59b312e6-4875-43b3-b8db-4b7a1137abd7,M-1848,ORD-20260819-5518-0166,CONCESSION_ACCRUAL,3,148,2026-08-19T17:46:29+08:00
d931f9ad-37d0-42d4-82bd-920ab3895362,M-1191,ORD-20260819-6748-0167,CONCESSION_ACCRUAL,16,74,2026-08-19T14:22:30+08:00
3d0e71fc-ed29-4c37-9a54-53f9c49a5086,M-1453,ORD-20260820-4109-0168,CONCESSION_ACCRUAL,3,374,2026-08-20T00:34:39+08:00
0df2e8c2-891b-44b1-a7b6-92813e41d909,M-1995,ORD-20260819-6672-0169,CONCESSION_ACCRUAL,31,286,2026-08-19T22:45:05+08:00
96732a2c-7b0f-4f15-b63a-9acc3a2eb716,M-1391,ORD-20260819-1842-0170,CONCESSION_ACCRUAL,18,217,2026-08-19T20:52:21+08:00
a4e3e816-13b1-4437-92cd-b8a34f2d956e,M-1352,ORD-20260819-5216-0171,CONCESSION_ACCRUAL,8,245,2026-08-19T21:44:53+08:00
244a5ed7-0dcb-42bb-b8d1-66eca910d14b,M-1175,ORD-20260819-9467-0172,CONCESSION_ACCRUAL,9,190,2026-08-19T23:38:26+08:00
9b9f1698-0f27-4888-ba55-e68d9ba5d2e5,M-1950,ORD-20260819-5808-0173,CONCESSION_ACCRUAL,6,162,2026-08-19T19:41:53+08:00
d39e6241-6ddf-4a31-aa2c-e651077ec4e0,M-1734,ORD-20260820-1192-0174,CONCESSION_ACCRUAL,36,458,2026-08-20T01:16:13+08:00
29148ed8-7fbc-4eba-814f-881d975905b2,M-1208,ORD-20260819-3859-0175,CONCESSION_ACCRUAL,49,3287,2026-08-19T15:46:26+08:00
bd0317d6-b767-4551-9675-5ecd7a4cc3e4,M-2114,ORD-20260819-2855-0176,CONCESSION_ACCRUAL,11,317,2026-08-19T14:48:54+08:00
807a1eeb-1e70-48ff-bd25-eaded8869301,M-1888,ORD-20260819-7898-0177,CONCESSION_ACCRUAL,28,121,2026-08-19T18:32:25+08:00
aa14dcfb-c7ad-4ff8-8b3d-ad661b11b28a,M-1608,ORD-20260819-2648-0178,CONCESSION_ACCRUAL,23,430,2026-08-19T23:57:17+08:00
8fb41a80-4bfe-4004-b776-7a92cf8b4916,M-1935,ORD-20260819-3642-0179,CONCESSION_ACCRUAL,16,341,2026-08-19T21:08:25+08:00
c5780c5d-f9e6-4ab7-aad4-1f84547f4b71,M-1443,ORD-20260819-5517-0180,CONCESSION_ACCRUAL,15,423,2026-08-19T19:40:39+08:00
3fe4b63f-c45d-4851-9ebc-1d44fa1cc637,M-2141,ORD-20260819-2708-0181,CONCESSION_ACCRUAL,11,184,2026-08-19T23:44:14+08:00
b4879d13-08f9-44dc-8bd3-20d994fd7869,M-1329,ORD-20260819-7476-0182,CONCESSION_ACCRUAL,8,310,2026-08-19T22:26:16+08:00
7160d19a-e351-4e61-b739-e0797cd5e621,M-1651,ORD-20260820-3360-0183,CONCESSION_ACCRUAL,18,504,2026-08-20T03:46:41+08:00
ab1b5dae-3176-45d1-8926-87c106008480,M-1694,ORD-20260819-6649-0184,CONCESSION_ACCRUAL,10,378,2026-08-19T16:26:20+08:00
6a6f5cc1-0b6a-4c7d-94b9-38c48a18a24a,M-1246,ORD-20260819-5589-0185,CONCESSION_ACCRUAL,9,456,2026-08-19T04:28:24+08:00
2106b2ef-85d0-43d6-aa7f-a95977c6095b,M-1406,ORD-20260819-1515-0186,CONCESSION_ACCRUAL,15,534,2026-08-19T20:00:49+08:00
b04e4967-b083-48ce-a08f-0809babb0513,M-1098,ORD-20260819-9916-0187,CONCESSION_ACCRUAL,30,501,2026-08-19T15:19:07+08:00
cd3e4d94-d595-44d1-baa6-06e97d89233d,M-1840,ORD-20260819-1586-0188,CONCESSION_ACCRUAL,40,1857,2026-08-19T19:39:39+08:00
1ba1a8fc-defb-4b29-9ed7-0c395b5f5060,M-1513,ORD-20260819-4923-0189,CONCESSION_ACCRUAL,8,89,2026-08-19T16:49:49+08:00
2a5de844-ddad-480f-afbc-82215898e747,M-1934,ORD-20260819-3992-0190,CONCESSION_ACCRUAL,16,484,2026-08-19T20:13:38+08:00
9ec47a20-696f-433c-ba8a-841d51b89cc6,M-2169,ORD-20260819-9213-0191,CONCESSION_ACCRUAL,11,276,2026-08-19T11:31:42+08:00
d2877f24-90f7-40dc-b0cf-642754428cd5,M-1627,ORD-20260820-4073-0192,CONCESSION_ACCRUAL,15,596,2026-08-20T02:32:58+08:00
40dbee5f-e285-42f9-9892-5f508b7b6669,M-1627,TIER_UPGRADE_Silver_TO_Gold,TIER_BONUS,100,696,2026-08-20T02:32:58+08:00
5ddc77d3-13de-4812-9fb6-f1c32460df23,M-1308,ORD-20260819-6829-0193,CONCESSION_ACCRUAL,3,48,2026-08-19T19:25:57+08:00
bd9a5d5f-e2ef-442f-9477-b427ce7e5cd7,M-1108,ORD-20260819-5276-0194,CONCESSION_ACCRUAL,40,170,2026-08-19T22:47:42+08:00
a738d3e9-0080-47da-ba5b-349c174793ac,M-1254,ORD-20260819-2300-0195,CONCESSION_ACCRUAL,22,362,2026-08-19T20:22:12+08:00
19d28d83-eb9f-428a-bce1-fde6c770d860,M-1681,ORD-20260819-5077-0196,CONCESSION_ACCRUAL,50,415,2026-08-19T22:00:50+08:00
40ff3a09-52b8-4f93-8661-e67ce24d33eb,M-1626,ORD-20260819-6768-0197,CONCESSION_ACCRUAL,43,481,2026-08-19T18:54:11+08:00
30154888-e107-4f19-a4e7-99980bd727a1,M-1312,ORD-20260819-1972-0198,CONCESSION_ACCRUAL,8,78,2026-08-19T11:50:45+08:00
ef8d3871-b119-4ab7-afc3-a82444399200,M-1705,ORD-20260819-3133-0199,CONCESSION_ACCRUAL,15,358,2026-08-19T16:54:12+08:00
abe3867a-6f5b-4ec4-a5cb-c83d2c2d745e,M-1288,ORD-20260820-9720-0200,CONCESSION_ACCRUAL,33,194,2026-08-20T00:04:37+08:00
52a0a3b5-b630-48db-a1e2-396cb3b58ee9,M-2095,ORD-20260819-7225-0201,CONCESSION_ACCRUAL,15,369,2026-08-19T23:17:42+08:00
41c1778e-8dca-44d4-9c6a-38fe0bdad43e,M-1823,ORD-20260819-4042-0202,CONCESSION_ACCRUAL,13,681,2026-08-19T18:56:57+08:00
97efa605-f87b-41b1-a858-7d49b6c259e8,M-1540,ORD-20260819-5939-0203,CONCESSION_ACCRUAL,15,165,2026-08-19T14:26:11+08:00
74f9b080-5730-4de0-9199-2fb3d40d7ade,M-1485,ORD-20260819-8631-0204,CONCESSION_ACCRUAL,11,121,2026-08-19T22:58:04+08:00
84985f51-2e41-4146-b0d7-419c9267ec08,M-1120,ORD-20260819-7054-0205,CONCESSION_ACCRUAL,50,1049,2026-08-19T21:35:35+08:00
659c0f89-a313-448a-bc99-80330f083a88,M-1233,ORD-20260819-5382-0206,CONCESSION_ACCRUAL,23,262,2026-08-19T20:20:39+08:00
b676acdd-abb1-4bdc-9b15-1ee6333677a5,M-1543,ORD-20260819-9928-0207,CONCESSION_ACCRUAL,50,633,2026-08-19T12:43:45+08:00
92e88d6a-73de-4bac-a40b-31d15993788a,M-1789,ORD-20260819-1392-0208,CONCESSION_ACCRUAL,11,154,2026-08-19T19:40:28+08:00
cf79f89a-899f-411f-81b2-9e7847b4a76f,M-1476,ORD-20260819-2136-0209,CONCESSION_ACCRUAL,13,151,2026-08-19T20:21:13+08:00
bd522961-f772-4cdd-bf3e-54e91cfe01ea,M-1054,ORD-20260819-1305-0210,CONCESSION_ACCRUAL,11,142,2026-08-19T09:36:47+08:00
8cd6763b-4b0c-4baf-8eb3-fbe799a8e845,M-1463,ORD-20260819-7744-0211,CONCESSION_ACCRUAL,49,3774,2026-08-19T10:33:33+08:00
009222c8-fc2c-4d06-bb93-8e7af9e908e8,M-1605,ORD-20260820-7258-0212,CONCESSION_ACCRUAL,63,287,2026-08-20T06:07:04+08:00
74afb771-0034-480c-9ed3-2d90e3518c01,M-1855,ORD-20260819-3972-0213,CONCESSION_ACCRUAL,12,92,2026-08-19T23:16:04+08:00
f01e439f-1175-4b6c-9f80-16fe247c93e1,M-1273,ORD-20260819-3821-0214,CONCESSION_ACCRUAL,13,741,2026-08-19T21:00:49+08:00
c214cc12-9a5b-4e1e-8e24-d3264e0d8d79,M-1136,ORD-20260819-5012-0215,CONCESSION_ACCRUAL,8,128,2026-08-19T23:53:25+08:00
ef34e981-c072-49aa-9123-b143b53ac394,M-1239,ORD-20260820-6031-0216,CONCESSION_ACCRUAL,21,117,2026-08-20T01:00:25+08:00
eeba3bd3-fde3-47b4-a51f-cdbba9833d7a,M-1833,ORD-20260819-6580-0217,CONCESSION_ACCRUAL,18,415,2026-08-19T21:17:00+08:00
96ce3e75-6e66-457d-89b5-83e1e9cabbad,M-1944,ORD-20260819-7410-0218,CONCESSION_ACCRUAL,8,31,2026-08-19T23:05:54+08:00
6a917259-890d-4019-8aa5-e86dcfcf0597,M-1377,ORD-20260820-2197-0219,CONCESSION_ACCRUAL,25,514,2026-08-20T00:42:49+08:00
d247ba42-aed0-4e06-ba95-adc823e735a6,M-1502,ORD-20260820-8387-0220,CONCESSION_ACCRUAL,10,93,2026-08-20T01:04:11+08:00
eb7e1dd5-b2ed-42e7-b228-3dc951692e18,M-1894,ORD-20260819-2575-0221,CONCESSION_ACCRUAL,13,219,2026-08-19T17:10:49+08:00
4509f80f-49b0-46c9-8738-e3dd84e7ad3f,M-1431,ORD-20260820-4193-0222,CONCESSION_ACCRUAL,15,629,2026-08-20T02:11:32+08:00
43b58754-2c62-4df5-b6fb-6fa155c2d70c,M-1474,ORD-20260820-1294-0223,CONCESSION_ACCRUAL,18,178,2026-08-20T01:15:21+08:00
f374ffe9-c877-4117-ac14-3e6c90a4433b,M-1691,ORD-20260819-3711-0224,CONCESSION_ACCRUAL,11,715,2026-08-19T15:19:38+08:00
b660d0cd-970a-49aa-8907-4745bae1054c,M-1316,ORD-20260820-3653-0225,CONCESSION_ACCRUAL,22,323,2026-08-20T01:36:10+08:00
18b32a55-7e03-40ae-a430-fc9bd63cf599,M-1575,ORD-20260819-5242-0226,CONCESSION_ACCRUAL,18,157,2026-08-19T23:08:36+08:00
b441db2f-42c6-4828-a543-de6d06d1fd17,M-2010,ORD-20260819-7661-0227,CONCESSION_ACCRUAL,12,89,2026-08-19T11:58:49+08:00
a581f200-f9c7-4493-85eb-1af6cfdc6799,M-1655,ORD-20260820-1363-0228,CONCESSION_ACCRUAL,10,286,2026-08-20T03:51:49+08:00
92d4b3f0-6165-494d-aeb8-656771d55653,M-1514,ORD-20260819-6402-0229,CONCESSION_ACCRUAL,8,445,2026-08-19T23:46:04+08:00
70d5fa15-0bab-497e-bc9d-d639557eb7fe,M-1042,ORD-20260819-4997-0230,CONCESSION_ACCRUAL,3,145,2026-08-19T21:00:25+08:00
6cfc4a76-41f8-4a4b-912c-3397b6425c3e,M-1205,ORD-20260819-2476-0231,CONCESSION_ACCRUAL,15,1106,2026-08-19T11:51:00+08:00
78e0d6f5-d27f-4018-b72d-23a8086cc8f7,M-1944,ORD-20260819-1082-0232,CONCESSION_ACCRUAL,22,53,2026-08-19T11:52:00+08:00
5ededb26-d0e2-43a8-8dcd-bbcbd853330e,M-1383,ORD-20260819-1350-0233,CONCESSION_ACCRUAL,3,465,2026-08-19T12:20:00+08:00
f1303984-e8b8-4411-97ad-5263609ba8ed,M-1400,ORD-20260819-7241-0234,CONCESSION_ACCRUAL,7,500,2026-08-19T15:22:00+08:00
b74a87c9-9719-4412-b50c-46858b2d4d8b,M-1506,ORD-20260819-5108-0235,CONCESSION_ACCRUAL,11,393,2026-08-19T12:54:00+08:00
69d5337d-7d21-4b15-aa36-dc90d23372e2,M-1619,ORD-20260819-1403-0236,CONCESSION_ACCRUAL,3,345,2026-08-19T09:20:00+08:00
b0defcb0-2291-4518-bc50-ac4d48b7c91a,M-1276,ORD-20260819-7189-0237,CONCESSION_ACCRUAL,11,487,2026-08-19T13:28:00+08:00
8d78661b-7168-4d0b-8c81-edaf62ee8350,M-1721,ORD-20260819-4716-0238,CONCESSION_ACCRUAL,14,572,2026-08-19T14:30:00+08:00
3661dc29-5789-4398-a78e-6a61f478a987,M-1120,ORD-20260819-3384-0239,CONCESSION_ACCRUAL,18,1067,2026-08-19T16:37:00+08:00
1055bc9f-b826-4051-8e00-fbda65fb7da8,M-1193,ORD-20260819-9122-0240,CONCESSION_ACCRUAL,11,205,2026-08-19T16:56:00+08:00
73c64a60-3c3b-4b90-848d-d95a8c33d6e5,M-1095,ORD-20260819-8464-0241,CONCESSION_ACCRUAL,8,187,2026-08-19T09:21:00+08:00
98b18150-3d9c-4024-8249-854720773e99,M-1039,ORD-20260819-9912-0242,CONCESSION_ACCRUAL,10,281,2026-08-19T17:42:00+08:00
afa4e99f-1041-41f8-b689-93174ee4afa1,M-2114,ORD-20260819-3723-0243,CONCESSION_ACCRUAL,8,325,2026-08-19T15:36:00+08:00
e0f17fd4-dd51-4de7-a179-250624e76900,M-1363,ORD-20260819-2019-0244,CONCESSION_ACCRUAL,11,478,2026-08-19T11:31:00+08:00
aac5167f-57a9-472e-9941-19270ec7566a,M-1716,ORD-20260819-8378-0245,CONCESSION_ACCRUAL,11,337,2026-08-19T19:15:00+08:00
838aac00-69ed-422f-98b5-fd71de3889b0,M-1711,ORD-20260819-9884-0246,CONCESSION_ACCRUAL,16,400,2026-08-19T13:46:00+08:00
07676db5-a63a-4982-99ac-350720a8fc3a,M-1952,ORD-20260819-1303-0247,CONCESSION_ACCRUAL,12,102,2026-08-19T12:26:00+08:00
7dc6c971-786f-474d-bae6-00a596bef784,M-1102,ORD-20260819-8467-0248,CONCESSION_ACCRUAL,8,140,2026-08-19T09:09:00+08:00
e3969afe-d4fc-42ea-92d4-5ffa583405b4,M-2194,ORD-20260819-8134-0249,CONCESSION_ACCRUAL,13,200,2026-08-19T13:48:00+08:00
e022f4c2-b520-43e7-883d-c05c59711f35,M-1090,ORD-20260819-8210-0250,CONCESSION_ACCRUAL,47,279,2026-08-19T11:21:00+08:00
167b531a-ea42-4aea-9d70-977129e095ec,M-1029,ORD-20260819-8858-0251,CONCESSION_ACCRUAL,9,551,2026-08-19T22:42:00+08:00
33e906e2-f666-4b5b-b2ac-68132131adb4,M-1512,ORD-20260819-8884-0252,CONCESSION_ACCRUAL,38,541,2026-08-19T14:48:00+08:00
5a28abae-9d47-45be-b7e2-a175b4ca1763,M-1407,ORD-20260819-7896-0253,CONCESSION_ACCRUAL,37,355,2026-08-19T13:34:00+08:00
c1b37de3-a689-4288-803d-94a730c1746f,M-1631,ORD-20260819-9120-0254,CONCESSION_ACCRUAL,14,303,2026-08-19T14:24:00+08:00
d836f375-7b4a-41e6-b330-acc6252c9c73,M-1188,ORD-20260819-5024-0255,CONCESSION_ACCRUAL,17,84,2026-08-19T19:05:00+08:00
1cd54839-82b9-4103-bc91-bc1f7522533f,M-1489,ORD-20260819-4935-0256,CONCESSION_ACCRUAL,22,648,2026-08-19T20:22:00+08:00
de37c2bf-b2b7-4720-834c-8b6c69ad8a9e,M-1137,ORD-20260819-1526-0257,CONCESSION_ACCRUAL,11,156,2026-08-19T17:04:00+08:00
5ae7922b-0cb3-4afd-8d17-68c5093e7803,M-1091,ORD-20260819-4859-0258,CONCESSION_ACCRUAL,7,305,2026-08-19T16:07:00+08:00
8c2c51cd-93e2-41fc-a63f-1cb43e460c9e,M-1307,ORD-20260819-7716-0259,CONCESSION_ACCRUAL,8,146,2026-08-19T11:26:00+08:00
1c92a7ab-94de-4e24-bbaf-8a7453ef625e,M-1370,ORD-20260819-3489-0260,CONCESSION_ACCRUAL,11,705,2026-08-19T13:02:00+08:00
28a452e4-578b-4ee3-8d73-89b20b7c0753,M-1719,ORD-20260819-3517-0261,CONCESSION_ACCRUAL,4,262,2026-08-19T16:08:00+08:00
65b1df5b-42e2-4704-9607-29d141360962,M-1409,ORD-20260819-7042-0262,CONCESSION_ACCRUAL,12,467,2026-08-19T10:20:00+08:00
70520be6-b32d-44d2-ace6-13635b44ac79,M-1333,ORD-20260819-5311-0263,CONCESSION_ACCRUAL,15,272,2026-08-19T13:39:00+08:00
52acd56b-744b-4656-8e6b-fdd588e195ce,M-1735,ORD-20260819-5339-0264,CONCESSION_ACCRUAL,13,484,2026-08-19T17:13:00+08:00
3ef70fda-4f32-4341-97d9-328fe7b47f6a,M-2023,ORD-20260819-3970-0265,CONCESSION_ACCRUAL,8,644,2026-08-19T15:26:00+08:00
5bb9dc07-5f24-4d51-8dcd-54c3b936ad18,M-1369,ORD-20260819-6551-0266,CONCESSION_ACCRUAL,23,572,2026-08-19T18:07:00+08:00
243e5b3b-c501-474b-9397-5bc1a7853ac8,M-1468,ORD-20260819-8080-0267,CONCESSION_ACCRUAL,9,676,2026-08-19T22:24:00+08:00
ed90daba-f0d0-42e3-ac00-46f2d8d90c12,M-1182,ORD-20260819-5631-0268,CONCESSION_ACCRUAL,19,52,2026-08-19T20:36:00+08:00
1759c3ce-85cf-4796-9b9e-285a1d47499f,M-1744,ORD-20260819-8347-0269,CONCESSION_ACCRUAL,15,863,2026-08-19T13:52:00+08:00
80db077c-9906-42e1-a343-3d019818ac85,M-1312,ORD-20260819-8879-0270,CONCESSION_ACCRUAL,16,94,2026-08-19T16:43:00+08:00
156c7559-8fe5-4989-87c8-ce0ee663ff6d,M-1653,ORD-20260819-3271-0271,CONCESSION_ACCRUAL,16,252,2026-08-19T09:16:00+08:00
411291c2-2608-4b0e-916b-3295b849fae7,M-1252,ORD-20260819-7214-0272,CONCESSION_ACCRUAL,9,169,2026-08-19T17:52:00+08:00
6653e91b-6003-431d-8805-6993172dea45,M-1744,ORD-20260819-8914-0273,CONCESSION_ACCRUAL,9,872,2026-08-19T18:18:00+08:00
e9756499-e7f3-4426-a458-dbc6ce0edd16,M-1458,ORD-20260819-5597-0274,CONCESSION_ACCRUAL,3,94,2026-08-19T14:15:00+08:00
0748e1c1-247f-48c2-b7cf-504a81267b9f,M-1250,ORD-20260819-4094-0275,CONCESSION_ACCRUAL,8,152,2026-08-19T14:07:00+08:00
7c9d1309-a3f7-4e56-8c1f-f54729ea9a89,M-1801,ORD-20260819-7103-0276,CONCESSION_ACCRUAL,10,110,2026-08-19T15:33:00+08:00
b5326eb8-8193-40aa-aa32-aee8eb8b505e,M-2136,ORD-20260819-8848-0277,CONCESSION_ACCRUAL,9,49,2026-08-19T09:52:00+08:00
4f0b7e78-0d00-4840-918a-f3d61b4839f2,M-1862,ORD-20260819-9392-0278,CONCESSION_ACCRUAL,18,69,2026-08-19T15:08:00+08:00
615601db-eaff-479b-9533-cdb469b4efbf,M-1038,ORD-20260819-9635-0279,CONCESSION_ACCRUAL,14,110,2026-08-19T14:23:00+08:00
8b760777-ddca-4f4b-8451-95e8d56a4933,M-1392,ORD-20260819-6741-0280,CONCESSION_ACCRUAL,18,626,2026-08-19T14:36:00+08:00
41a3d109-8cfc-409d-8c85-7f4ad466f52d,M-1137,ORD-20260819-6411-0281,CONCESSION_ACCRUAL,11,167,2026-08-19T19:04:00+08:00
fb6456cc-83d9-45ed-8263-3e2e2480a7c3,M-1351,ORD-20260819-7731-0282,CONCESSION_ACCRUAL,20,285,2026-08-19T19:10:00+08:00
0f8bfc27-50d8-4757-ba81-5f90ee01f20f,M-1353,ORD-20260819-9230-0283,CONCESSION_ACCRUAL,20,271,2026-08-19T18:12:00+08:00
23b4d93b-7e6e-453e-a7c6-b82f9a30f6db,M-1111,ORD-20260819-9986-0284,CONCESSION_ACCRUAL,18,145,2026-08-19T19:15:00+08:00
c3c20c7d-3230-42c1-bc2d-900a32ddc7ed,M-1905,ORD-20260819-5472-0285,CONCESSION_ACCRUAL,16,307,2026-08-19T21:13:00+08:00
3367652d-d2e1-4d52-90bf-31f04f3a3509,M-1542,ORD-20260819-4560-0286,CONCESSION_ACCRUAL,8,280,2026-08-19T18:50:00+08:00
fe36e4cb-6251-48ab-a725-f84fd74cc8f2,M-1028,ORD-20260819-1825-0287,CONCESSION_ACCRUAL,13,199,2026-08-19T12:46:00+08:00
c4d9b780-cae5-464b-a7a8-abbacc341490,M-1510,ORD-20260819-2974-0288,CONCESSION_ACCRUAL,28,301,2026-08-19T09:19:00+08:00
9e4ff8ee-83fb-4e1a-9623-08d7297c04f4,M-1510,TIER_UPGRADE_Silver_TO_Gold,TIER_BONUS,100,401,2026-08-19T09:19:00+08:00
bfe1446f-8c8b-4084-94f9-745c8c068943,M-1246,ORD-20260819-6515-0289,CONCESSION_ACCRUAL,18,474,2026-08-19T15:00:00+08:00
0b8edb63-55f1-4f52-a0d8-1a497bde44eb,M-1761,ORD-20260819-4541-0290,CONCESSION_ACCRUAL,16,624,2026-08-19T22:45:00+08:00
14e68b7e-7711-4bd5-a035-b528d6e4bb8f,M-1123,ORD-20260819-6773-0291,CONCESSION_ACCRUAL,17,150,2026-08-19T19:43:00+08:00
206966de-4c0b-4d3d-884b-efd8c53f085b,M-1630,ORD-20260819-8406-0292,CONCESSION_ACCRUAL,9,552,2026-08-19T09:35:00+08:00
c302a7e6-4790-4af1-9a1a-feb6be3c6243,M-1856,ORD-20260819-6839-0293,CONCESSION_ACCRUAL,6,62,2026-08-19T20:31:00+08:00
da0949b2-751b-4de0-9e16-ef4dea345863,M-2021,ORD-20260819-5698-0294,CONCESSION_ACCRUAL,6,75,2026-08-19T11:29:00+08:00
096306fa-977b-45b2-aee1-227f5e09c1d7,M-1393,ORD-20260819-6206-0295,CONCESSION_ACCRUAL,9,102,2026-08-19T09:39:00+08:00
128ef709-8b35-4e9e-8930-21cd3e91ae5a,M-1576,ORD-20260819-4734-0296,CONCESSION_ACCRUAL,18,1376,2026-08-19T18:25:00+08:00
75664344-9d5c-4ed2-a643-214f0ca91d34,M-1517,ORD-20260819-9258-0297,CONCESSION_ACCRUAL,28,168,2026-08-19T14:24:00+08:00
2bdae84c-3dc6-40a3-9fe0-9115990eb3de,M-1270,ORD-20260819-6499-0298,CONCESSION_ACCRUAL,9,1179,2026-08-19T18:03:00+08:00
b053cf40-b473-491a-8037-18a37e945967,M-1360,ORD-20260819-1490-0299,CONCESSION_ACCRUAL,10,351,2026-08-19T17:38:00+08:00
3ff8302b-f5af-4532-8f82-857bd834b196,M-1709,ORD-20260819-7824-0300,CONCESSION_ACCRUAL,31,248,2026-08-19T15:11:00+08:00
d92eb237-5139-4719-8c87-3fec3c41660e,M-1487,ORD-20260819-9702-0301,CONCESSION_ACCRUAL,18,650,2026-08-19T11:47:00+08:00
627220ff-0ea7-4c7c-bef5-c3020cf57af6,M-1884,ORD-20260819-6644-0302,CONCESSION_ACCRUAL,8,83,2026-08-19T15:37:00+08:00
71c06a36-5193-44c6-a805-c8b82486cd45,M-1512,ORD-20260819-8610-0303,CONCESSION_ACCRUAL,19,560,2026-08-19T22:45:00+08:00
ba1cc999-0f33-48c2-8011-68a318d4cd26,M-2172,ORD-20260819-4621-0304,CONCESSION_ACCRUAL,11,506,2026-08-19T12:10:00+08:00
e3f41d9e-d3de-4d60-95b3-e977f6bf2ba1,M-1765,ORD-20260819-7815-0305,CONCESSION_ACCRUAL,13,818,2026-08-19T12:27:00+08:00
0ee4eb97-c9af-4e81-bf77-ca7aafbd68c1,M-1306,ORD-20260819-4190-0306,CONCESSION_ACCRUAL,11,126,2026-08-19T19:22:00+08:00
908db72b-76e6-4de3-9ba2-7de852be25a8,M-1448,ORD-20260819-4910-0307,CONCESSION_ACCRUAL,16,358,2026-08-19T10:30:00+08:00
