ledger_id,member_id,source_reference_id,transaction_type,points_delta,resulting_balance,created_at
a9ff4ccd-621a-43bf-8a3f-a6463cc4eaa6,M-1572,SESS-20260709-1507-0000,RENTAL_ACCRUAL,10,127,2026-07-09T13:45:00+08:00
ddf01ee1-1381-4ff6-b125-d2ddb87a71d1,M-1440,SESS-20260709-8513-0001,RENTAL_REDEMPTION,-100,54,2026-07-09T20:00:00+08:00
56cf25b0-ad60-458f-b0da-3935a498242b,M-1440,SESS-20260709-8513-0001,RENTAL_ACCRUAL,19,73,2026-07-09T22:00:00+08:00
eefd6aa1-ce9f-4a7a-9f73-e857ca416ee5,M-1110,SESS-20260709-8975-0002,RENTAL_ACCRUAL,27,288,2026-07-09T18:15:00+08:00
8f8def03-f094-4c46-ba51-60cc245a82d8,M-1781,SESS-20260709-8433-0003,RENTAL_ACCRUAL,12,3379,2026-07-09T17:30:00+08:00
6ecf6ce1-8a78-4cfe-a85f-989b967a9ae0,M-1193,SESS-20260709-2469-0004,RENTAL_ACCRUAL,24,141,2026-07-10T01:15:00+08:00
c8653e63-ed3e-4f66-a5aa-ff8defd4ce17,M-1451,SESS-20260709-1630-0005,RENTAL_REDEMPTION,-100,81,2026-07-09T10:00:00+08:00
d5cafd47-6df2-4fdb-96ce-037990355893,M-1451,SESS-20260709-1630-0005,RENTAL_ACCRUAL,20,101,2026-07-09T15:00:00+08:00
9e20cb49-d5a8-4564-8a7c-099ca6636e37,M-1525,SESS-20260709-8474-0006,RENTAL_ACCRUAL,9,526,2026-07-09T21:45:00+08:00
6af166a9-e218-4bc4-8d2e-f93008cb75c7,M-1367,SESS-20260709-3777-0007,RENTAL_ACCRUAL,10,174,2026-07-10T00:15:00+08:00
202e1aeb-0790-4bae-9237-659865952b19,M-1497,SESS-20260709-1749-0008,RENTAL_ACCRUAL,9,640,2026-07-10T00:30:00+08:00
0d9ae78b-2b10-49a3-ae7d-d4e30a42ca1c,M-1348,SESS-20260709-4435-0009,RENTAL_ACCRUAL,15,147,2026-07-09T14:15:00+08:00
9bdab9a3-a7dc-45aa-bf4c-545965b94605,M-1476,SESS-20260709-5901-0010,RENTAL_ACCRUAL,11,211,2026-07-09T17:30:00+08:00
92f6e6c5-5140-428d-9182-af662cb3487b,M-1329,SESS-20260709-3118-0011,RENTAL_ACCRUAL,9,377,2026-07-09T15:30:00+08:00
4e0e26a4-3e3a-4b65-ac5d-b1bd052a45af,M-1841,SESS-20260709-9880-0012,RENTAL_ACCRUAL,5,138,2026-07-09T16:30:00+08:00
43005deb-d857-464f-9031-7d7a3e4d0687,M-1625,SESS-20260709-3438-0013,RENTAL_ACCRUAL,12,2429,2026-07-09T22:00:00+08:00
bfe30d9c-a400-45b0-9c4a-e8edf0f933a5,M-1208,SESS-20260709-2296-0014,RENTAL_ACCRUAL,6,2990,2026-07-09T21:15:00+08:00
9ba0844a-4b1c-44e1-8b06-3183b1b0b082,M-1727,SESS-20260709-2345-0015,RENTAL_ACCRUAL,16,103,2026-07-10T01:15:00+08:00
eaa636ad-192a-4d95-9bb6-d393d0e860ce,M-1241,SESS-20260709-1174-0016,RENTAL_REDEMPTION,-100,79,2026-07-09T17:00:00+08:00
4483e15e-0f1b-4df1-81cc-cb9b23d72e13,M-1241,SESS-20260709-1174-0016,RENTAL_ACCRUAL,5,84,2026-07-09T19:00:00+08:00
bfd7f847-f24f-49bf-b7cc-4b24a577e7d8,M-1002,SESS-20260709-7624-0017,RENTAL_ACCRUAL,16,699,2026-07-09T16:15:00+08:00
2aac9e97-60e5-4389-a708-0716af10d58c,M-1326,SESS-20260709-1691-0018,RENTAL_ACCRUAL,5,75,2026-07-09T13:15:00+08:00
b6c01cfb-05ad-4b15-8dc4-de3626ea2697,M-1656,SESS-20260709-4940-0019,RENTAL_REDEMPTION,-100,182,2026-07-09T18:00:00+08:00
ad722ba6-d599-4613-be55-4838159170c9,M-1656,SESS-20260709-4940-0019,RENTAL_ACCRUAL,11,193,2026-07-09T20:00:00+08:00
b9ec7aa9-211c-41a2-ac20-97f6cb56bb7f,M-1458,SESS-20260709-3570-0020,RENTAL_ACCRUAL,5,105,2026-07-09T19:00:00+08:00
1993e946-9d3f-4e26-81df-5a6f557e12b3,M-1458,TIER_UPGRADE_Standard_TO_Silver,TIER_BONUS,50,155,2026-07-09T19:00:00+08:00
05cc30a0-2f36-46cf-b7d6-fc7ba64f5a39,M-1785,SESS-20260709-8712-0021,RENTAL_REDEMPTION,-200,21,2026-07-09T17:45:00+08:00
c03605d5-6c87-4e0f-b9f4-64762d88c5c5,M-1785,SESS-20260709-8712-0021,RENTAL_ACCRUAL,50,71,2026-07-09T22:45:00+08:00
2b97cef6-1766-4fbf-8f3d-efae84110775,M-1577,SESS-20260709-3725-0022,RENTAL_REDEMPTION,-100,174,2026-07-09T18:30:00+08:00
c516ff2a-8c3f-40e5-8cfe-5b172b9eaced,M-1577,SESS-20260709-3725-0022,RENTAL_ACCRUAL,2,176,2026-07-09T19:30:00+08:00
54474880-fe28-4962-97ec-fbe6f07d6741,M-1614,SESS-20260709-3542-0023,RENTAL_ACCRUAL,24,66,2026-07-09T17:15:00+08:00
09adc024-b151-4d2f-92f3-b84aa8924402,M-1745,SESS-20260709-9775-0024,RENTAL_ACCRUAL,15,181,2026-07-09T23:45:00+08:00
5ba5eb94-ec4f-4314-8944-52cf05a2f8b8,M-1167,SESS-20260709-9948-0025,RENTAL_ACCRUAL,11,292,2026-07-09T23:00:00+08:00
e1222331-409a-46e4-95e3-ee8ad03d0dbb,M-1387,SESS-20260709-5451-0026,RENTAL_ACCRUAL,10,77,2026-07-09T22:45:00+08:00
fa66397b-0040-4bf5-ad83-f21a48835853,M-1268,SESS-20260709-5400-0027,RENTAL_ACCRUAL,5,77,2026-07-09T16:15:00+08:00
59d0f611-9d1c-44d2-b9e4-c546c6fcb7eb,M-1476,SESS-20260709-5946-0028,RENTAL_ACCRUAL,11,222,2026-07-10T00:30:00+08:00
37ef4b0a-b6a4-4bee-8c3a-4e1a49d26372,M-1613,SESS-20260709-8727-0029,RENTAL_REDEMPTION,-100,34,2026-07-09T17:15:00+08:00
312755b1-a935-493f-bc9d-946241f128e1,M-1613,SESS-20260709-8727-0029,RENTAL_ACCRUAL,21,55,2026-07-09T22:15:00+08:00
21afc248-a294-478d-9042-5616e1e6e1c4,M-1810,SESS-20260709-5649-0030,RENTAL_ACCRUAL,13,139,2026-07-09T19:30:00+08:00
b0616a34-b9ad-4595-9aec-6aaa3295b82f,M-1756,SESS-20260709-8785-0031,RENTAL_ACCRUAL,12,2185,2026-07-09T18:30:00+08:00
cd0b0823-238f-4fc5-8334-5ec971364cc0,M-1376,SESS-20260709-4768-0032,RENTAL_ACCRUAL,27,328,2026-07-09T13:00:00+08:00
545bb5b5-5652-4cff-b127-82e0e78ecb95,M-1568,SESS-20260709-6297-0033,RENTAL_ACCRUAL,40,182,2026-07-09T20:00:00+08:00
52c5d810-9def-49c8-b38f-13e711244426,M-1568,TIER_UPGRADE_Standard_TO_Silver,TIER_BONUS,50,232,2026-07-09T20:00:00+08:00
893208e3-08c0-4893-9d2a-f6aa0b3a6526,M-1198,SESS-20260709-1206-0034,RENTAL_ACCRUAL,6,2323,2026-07-09T16:15:00+08:00
074baff1-83d3-46de-b773-9faa77d7a8ba,M-1694,SESS-20260709-2175-0035,RENTAL_ACCRUAL,64,90,2026-07-10T05:30:00+08:00
24686b2f-58c4-4338-8a61-aa2b7788c2a4,M-1136,SESS-20260709-6041-0036,RENTAL_ACCRUAL,15,100,2026-07-09T11:15:00+08:00
d7212d13-1fb1-463e-8aee-052344880583,M-1057,SESS-20260709-1603-0037,RENTAL_ACCRUAL,40,134,2026-07-09T18:00:00+08:00
c2b6d55a-3365-4031-a688-fb00c9fa7f9a,M-1057,TIER_UPGRADE_Standard_TO_Silver,TIER_BONUS,50,184,2026-07-09T18:00:00+08:00
7dfceff9-edf1-4463-bd93-3e0d52fadf42,M-1983,SESS-20260709-3273-0038,RENTAL_ACCRUAL,60,88,2026-07-09T19:45:00+08:00
f15820dc-a706-42f9-aaf1-3159526ea941,M-1680,SESS-20260709-9895-0039,RENTAL_ACCRUAL,16,182,2026-07-09T15:00:00+08:00
2ed88a6b-bf92-4a68-8ac4-f4d7d7b81b56,M-1176,SESS-20260709-7674-0040,RENTAL_ACCRUAL,25,156,2026-07-09T19:30:00+08:00
7b6a974d-b764-4aab-b477-1d5d279e9fe5,M-1642,SESS-20260709-8149-0041,RENTAL_ACCRUAL,11,128,2026-07-09T18:45:00+08:00
3a874b1b-fdcf-4350-9c29-e07a4cab2182,M-1567,SESS-20260709-9262-0042,RENTAL_ACCRUAL,9,348,2026-07-09T18:45:00+08:00
77edaed5-28ba-49b4-8516-a295c30f93c0,M-1104,SESS-20260709-2162-0043,RENTAL_ACCRUAL,9,264,2026-07-09T21:15:00+08:00
168a0147-8c42-498f-b7a3-1616698dd692,M-1651,SESS-20260709-4811-0044,RENTAL_ACCRUAL,10,104,2026-07-09T16:00:00+08:00
b0da5561-9ea2-4728-a168-518c7df7afc9,M-1273,SESS-20260709-8506-0045,RENTAL_ACCRUAL,67,718,2026-07-09T21:45:00+08:00
6d344584-f49c-42a3-a6e9-f04aeec891ab,M-1459,SESS-20260709-2504-0046,RENTAL_ACCRUAL,5,245,2026-07-09T16:00:00+08:00
9bc48241-92c6-4789-962e-df1d75065f90,M-1610,SESS-20260709-1492-0047,RENTAL_ACCRUAL,36,196,2026-07-09T23:00:00+08:00
a21e4bee-021a-48f0-af1d-89c71f775a60,M-1408,SESS-20260709-6063-0048,RENTAL_ACCRUAL,24,180,2026-07-09T21:30:00+08:00
d42ae2ba-12a0-4d34-bb27-f26ee2c0f9b4,M-1079,SESS-20260709-8126-0049,RENTAL_ACCRUAL,9,352,2026-07-09T15:00:00+08:00
17a019b9-e758-498c-96af-e43b0507bfcf,M-1151,SESS-20260709-8104-0050,RENTAL_ACCRUAL,16,51,2026-07-09T22:05:00+08:00
390017f5-8416-468f-bac2-8b164a2cc330,M-1151,TIER_UPGRADE_Standard_TO_Silver,TIER_BONUS,50,101,2026-07-09T22:05:00+08:00
b1e618cf-ec77-43fa-94f3-54728edf536b,M-1395,SESS-20260709-3706-0051,RENTAL_ACCRUAL,8,161,2026-07-09T22:15:00+08:00
214cafc2-1725-43cf-9542-19d2b95910a6,M-1469,SESS-20260709-7762-0052,RENTAL_REDEMPTION,-100,30,2026-07-09T19:15:00+08:00
2797183c-d7cb-4e90-903e-28a985ebd534,M-1469,SESS-20260709-7762-0052,RENTAL_ACCRUAL,5,35,2026-07-09T21:15:00+08:00
f8c5c85a-bc36-4d2e-a93a-3b6cab96d242,M-1469,TIER_UPGRADE_Standard_TO_Silver,TIER_BONUS,50,85,2026-07-09T21:15:00+08:00
97732c5d-dec9-4ec6-9ac4-530b467937b2,M-1549,SESS-20260709-3546-0053,RENTAL_ACCRUAL,15,152,2026-07-09T16:15:00+08:00
72439404-5a31-4b95-96b1-af74347bbf6e,M-1053,SESS-20260709-3563-0054,RENTAL_ACCRUAL,12,49,2026-07-09T16:45:00+08:00
9704aba6-115c-44fd-9b73-76ec64f97d40,M-1638,SESS-20260709-6182-0055,RENTAL_ACCRUAL,5,260,2026-07-09T17:30:00+08:00
08be77e3-4fff-4aad-b937-a239267f5a58,M-1569,SESS-20260709-2737-0056,RENTAL_ACCRUAL,10,117,2026-07-09T21:15:00+08:00
b296240c-e511-4d3e-b261-7ce455b888ff,M-1059,SESS-20260709-8048-0057,RENTAL_REDEMPTION,-100,49,2026-07-09T15:15:00+08:00
eb5a615d-5587-4557-9ffd-a2f64594b41d,M-1059,SESS-20260709-8048-0057,RENTAL_ACCRUAL,5,54,2026-07-09T17:15:00+08:00
c880e506-3790-40ee-b8b4-f4aab099fe0b,M-1225,SESS-20260709-8866-0058,RENTAL_ACCRUAL,25,224,2026-07-09T22:15:00+08:00
a4b0360e-eb22-45e2-8ad3-cc1f96f3fb2d,M-1928,SESS-20260709-6693-0059,RENTAL_ACCRUAL,10,69,2026-07-09T10:15:00+08:00
9a77d451-6bc3-4a50-b324-e5bcb14613c9,M-1323,SESS-20260709-3125-0060,RENTAL_ACCRUAL,16,104,2026-07-09T15:30:00+08:00
bc3ae8af-78b0-4785-b979-08e81d522c9b,M-1007,SESS-20260709-7692-0061,RENTAL_ACCRUAL,45,341,2026-07-09T23:55:00+08:00
3ac9bff6-3392-469e-9ba3-9390c0d78e5a,M-1088,SESS-20260709-9908-0062,RENTAL_ACCRUAL,16,210,2026-07-09T20:00:00+08:00
26c40bed-2fc9-4fb7-b469-0f3d85f96778,M-1630,SESS-20260709-8205-0063,RENTAL_ACCRUAL,9,593,2026-07-09T17:15:00+08:00
f2323780-50a9-4776-bbaf-6788839b6ad7,M-1192,SESS-20260709-7599-0064,RENTAL_ACCRUAL,13,94,2026-07-09T17:00:00+08:00
070a3e02-abb4-40f8-bd2b-c2b3feb4e555,M-1118,SESS-20260709-2792-0065,RENTAL_ACCRUAL,24,54,2026-07-09T12:15:00+08:00
dc7e6de7-e7a2-46a2-94d7-11ec87e881ff,M-2163,SESS-20260709-3729-0066,RENTAL_ACCRUAL,10,93,2026-07-09T16:30:00+08:00
42c2e010-5b8a-4d3f-9131-47ae4961f61a,M-1300,SESS-20260709-5649-0067,RENTAL_ACCRUAL,18,517,2026-07-09T21:00:00+08:00
df2031ca-ed34-494b-87ec-a0ec2acca1db,M-1294,SESS-20260709-1321-0068,RENTAL_ACCRUAL,16,167,2026-07-10T00:00:00+08:00
eebb5b1d-8c2a-4eda-ae32-fef6ba7c30a3,M-1453,SESS-20260709-9302-0069,RENTAL_ACCRUAL,15,58,2026-07-10T01:45:00+08:00
7298f55c-6050-4c90-bd09-4a58c4522c5c,M-1453,TIER_UPGRADE_Standard_TO_Silver,TIER_BONUS,50,108,2026-07-10T01:45:00+08:00
caabd976-4ce2-403f-87d7-ad397a6835e8,M-1472,SESS-20260709-3722-0070,RENTAL_ACCRUAL,5,285,2026-07-09T09:00:00+08:00
3605f5d8-68e6-4bb2-a476-e4a8af4c8328,M-1042,SESS-20260709-8264-0071,RENTAL_ACCRUAL,24,109,2026-07-09T16:45:00+08:00
0ee8a4f9-23e6-4a67-b342-d4ed3be3b304,M-1375,SESS-20260709-1591-0072,RENTAL_ACCRUAL,10,86,2026-07-10T00:00:00+08:00
048b018b-9268-48e6-bf8d-319c368a2a43,M-1623,SESS-20260709-2641-0073,RENTAL_ACCRUAL,5,191,2026-07-09T20:15:00+08:00
5c8a979a-2bc1-4704-9daa-1004e41afcee,M-1483,SESS-20260709-7576-0074,RENTAL_ACCRUAL,40,201,2026-07-10T02:15:00+08:00
02456d2e-2e73-400f-be54-417b4d83ef84,M-1483,TIER_UPGRADE_Standard_TO_Silver,TIER_BONUS,50,251,2026-07-10T02:15:00+08:00
cfdd5ae2-d57c-4a7d-91d1-ff676c251573,M-1414,SESS-20260709-5727-0075,RENTAL_ACCRUAL,16,76,2026-07-10T01:15:00+08:00
e0307147-db71-4e9d-8730-0682f192465e,M-1164,SESS-20260709-1383-0076,RENTAL_REDEMPTION,-100,237,2026-07-09T16:00:00+08:00
122fbbf1-fc88-44b0-9ee2-63f262886bd0,M-1164,SESS-20260709-1383-0076,RENTAL_ACCRUAL,5,242,2026-07-09T18:00:00+08:00
b4c03e66-394e-4178-8818-a904535ce01a,M-1632,SESS-20260709-3274-0077,RENTAL_ACCRUAL,28,975,2026-07-09T20:45:00+08:00
5343a474-08c3-42c9-9564-7f66d8791ce2,M-1037,SESS-20260709-2307-0078,RENTAL_ACCRUAL,27,285,2026-07-09T23:55:00+08:00
70531cfa-2e06-4de1-a6ff-54f35397e456,M-1575,SESS-20260709-1751-0079,RENTAL_ACCRUAL,28,195,2026-07-10T01:30:00+08:00
7ead1554-49f2-47ee-a091-0593741323d6,M-1764,SESS-20260709-4329-0080,RENTAL_ACCRUAL,27,171,2026-07-09T20:25:00+08:00
7cc16ed1-09ee-4eb8-87dc-4bd4ce44175a,M-1531,SESS-20260709-4595-0081,RENTAL_ACCRUAL,8,199,2026-07-09T23:00:00+08:00
6a01b533-02c7-48ee-a33a-9905dc7e66f0,M-1419,SESS-20260709-4051-0082,RENTAL_ACCRUAL,16,228,2026-07-09T17:45:00+08:00
a4e63532-f7f6-46b6-a93a-4ffec7a355ca,M-1700,SESS-20260709-7339-0083,RENTAL_ACCRUAL,24,110,2026-07-09T13:45:00+08:00
6b8a9353-77a9-4df4-af18-ded9df0da440,M-1222,SESS-20260709-3015-0084,RENTAL_ACCRUAL,10,123,2026-07-09T20:15:00+08:00
d1e0e238-f274-4c5b-8f49-e37725bce6e1,M-1053,SESS-20260709-5374-0085,RENTAL_ACCRUAL,5,54,2026-07-09T22:30:00+08:00
8e0e5325-2fbb-4ebe-8dfa-9cd7812ab8d9,M-1042,SESS-20260709-2245-0086,RENTAL_ACCRUAL,10,119,2026-07-09T22:00:00+08:00
cfb924ab-b5b3-42fd-981f-e149f8d04ff4,M-1042,TIER_UPGRADE_Standard_TO_Silver,TIER_BONUS,50,169,2026-07-09T22:00:00+08:00
26b49351-3549-4104-bb8f-8c5eb902d86e,M-1548,SESS-20260709-9114-0087,RENTAL_ACCRUAL,45,111,2026-07-10T02:30:00+08:00
78cd692b-89e2-48bf-81b0-d98d5969f83e,M-1944,SESS-20260709-2409-0088,RENTAL_ACCRUAL,36,114,2026-07-10T01:15:00+08:00
05326956-c9e2-4099-af80-77072c9eb4ed,M-1454,SESS-20260709-5810-0089,RENTAL_ACCRUAL,43,1443,2026-07-09T18:00:00+08:00
28e74b4b-4a20-49e7-8fa5-f20df3dc2424,M-1284,SESS-20260709-8182-0090,RENTAL_ACCRUAL,10,174,2026-07-09T20:15:00+08:00
2b4f62e4-94f8-47ec-bf58-6d0068b9e387,M-1628,SESS-20260709-3981-0091,RENTAL_ACCRUAL,24,61,2026-07-09T20:55:00+08:00
c2f912fc-54f0-4213-8cd0-70266c7aa875,M-1560,SESS-20260709-9396-0092,RENTAL_ACCRUAL,40,87,2026-07-10T01:00:00+08:00
452e844b-f493-4fc9-b1d8-45df373a7d17,M-1081,SESS-20260709-5345-0093,RENTAL_ACCRUAL,11,364,2026-07-09T12:00:00+08:00
200c9a9b-cbbb-47ca-8424-c80017c840e4,M-1263,SESS-20260709-7317-0094,RENTAL_ACCRUAL,9,246,2026-07-09T23:15:00+08:00
a91e3d41-7d86-4528-86e7-fe878844ea28,M-1077,SESS-20260709-3091-0095,RENTAL_ACCRUAL,25,150,2026-07-09T18:30:00+08:00
7875759a-70de-4f4f-b07f-5f8a64793f88,M-1430,SESS-20260709-8479-0096,RENTAL_ACCRUAL,6,1216,2026-07-09T22:30:00+08:00
38df4985-ba33-45bd-9c29-9403cb3d4446,M-1782,SESS-20260709-5353-0097,RENTAL_REDEMPTION,-100,645,2026-07-09T18:45:00+08:00
ff5875cd-dea1-4565-bf16-93abb49f93d9,M-1782,SESS-20260709-5353-0097,RENTAL_ACCRUAL,11,656,2026-07-09T20:45:00+08:00
5fead6f0-118d-4e7b-bab3-fb17714260ae,M-1742,SESS-20260709-8773-0098,RENTAL_ACCRUAL,5,75,2026-07-09T20:45:00+08:00
7aab3e42-aac8-444d-89f4-7dde3711b9a9,M-1546,SESS-20260709-9824-0099,RENTAL_ACCRUAL,15,203,2026-07-09T14:00:00+08:00
129a232a-2a46-4e84-a4c8-59b67c600fb2,M-1546,TIER_UPGRADE_Standard_TO_Silver,TIER_BONUS,50,253,2026-07-09T14:00:00+08:00
1844dde7-f046-42f0-a72d-8dcfb884fea8,M-1172,SESS-20260709-4739-0100,RENTAL_ACCRUAL,18,206,2026-07-09T16:45:00+08:00
9440ee75-3ccb-4e03-9dac-1e665fb4efd5,M-1246,SESS-20260709-8358-0101,RENTAL_ACCRUAL,108,572,2026-07-09T21:45:00+08:00
1ba816e2-d7bb-49e7-b77d-7c10d7fdaacb,M-1543,SESS-20260709-3733-0102,RENTAL_REDEMPTION,-100,69,2026-07-09T08:15:00+08:00
fa4429da-ebcd-47d3-ba02-e8fe2980bbd5,M-1543,SESS-20260709-3733-0102,RENTAL_ACCRUAL,10,79,2026-07-09T11:15:00+08:00
e0930170-16d4-4dc9-8ff5-0d090a658bba,M-1145,SESS-20260709-7160-0103,RENTAL_ACCRUAL,16,83,2026-07-10T01:45:00+08:00
b9373552-b70d-4ef4-8f02-252ee478f2cf,M-1398,SESS-20260709-9149-0104,RENTAL_REDEMPTION,-200,1549,2026-07-09T21:30:00+08:00
8427a153-5df8-4ffd-9a32-6552a256943a,M-1398,SESS-20260709-9149-0104,RENTAL_ACCRUAL,3,1552,2026-07-10T00:30:00+08:00
ea0752b4-85de-4cce-8847-cbdfa9490bfe,M-1310,SESS-20260709-7628-0105,RENTAL_ACCRUAL,15,104,2026-07-09T23:25:00+08:00
cbbffcd8-cde2-4c11-98bd-620d23a2c418,M-1301,SESS-20260709-2978-0106,RENTAL_ACCRUAL,16,149,2026-07-09T19:15:00+08:00
ff069b13-597d-4299-92c2-16b0d3ab2a84,M-1333,SESS-20260709-5421-0107,RENTAL_REDEMPTION,-100,127,2026-07-09T20:25:00+08:00
27dd8c85-907d-48f4-bcaf-ad4d101654d2,M-1333,SESS-20260709-5421-0107,RENTAL_ACCRUAL,5,132,2026-07-09T22:25:00+08:00
1675649c-99da-42cb-8a29-1b287f964197,M-1093,SESS-20260709-6449-0108,RENTAL_ACCRUAL,18,290,2026-07-09T17:30:00+08:00
39a282b1-1013-41f8-b6e5-2530802fefe1,M-1421,SESS-20260709-8754-0109,RENTAL_ACCRUAL,5,463,2026-07-09T19:45:00+08:00
624870e9-0439-494b-861b-c0bbacc2ff16,M-1322,SESS-20260709-3732-0110,RENTAL_ACCRUAL,25,173,2026-07-10T03:00:00+08:00
bacf0ef9-a783-4316-8f91-ce3266174cac,M-1039,SESS-20260709-5725-0111,RENTAL_ACCRUAL,36,243,2026-07-09T22:00:00+08:00
01fc384c-f1f0-417f-909c-96f7008728ef,M-1415,SESS-20260709-2775-0112,RENTAL_ACCRUAL,6,1256,2026-07-09T17:30:00+08:00
4c12ebf2-08e5-4751-8915-44a7adc01f00,M-1205,SESS-20260709-4314-0113,RENTAL_ACCRUAL,9,763,2026-07-09T20:15:00+08:00
69b88ab7-0834-456c-be43-cdff20c425e3,M-1074,SESS-20260709-4942-0114,RENTAL_ACCRUAL,15,103,2026-07-09T16:15:00+08:00
15f7c3bf-55fe-4fc6-b0eb-d5dec4eee689,M-1520,SESS-20260709-3273-0115,RENTAL_REDEMPTION,-100,837,2026-07-09T20:30:00+08:00
f9bab3be-f490-4bdf-9999-b0a21e65e2b8,M-1520,SESS-20260709-3273-0115,RENTAL_ACCRUAL,21,858,2026-07-09T23:30:00+08:00
6eb987c3-ca2c-466e-af80-28ef667ab672,M-1257,SESS-20260709-2413-0116,RENTAL_ACCRUAL,16,136,2026-07-09T22:00:00+08:00
d5b4e342-b18a-41cf-8e4b-a702cb22f3d9,M-2036,SESS-20260709-9092-0117,RENTAL_ACCRUAL,15,51,2026-07-09T20:45:00+08:00
e7d57c06-28a3-48bd-8a47-2aa3c7cbe5a8,M-1573,SESS-20260709-6620-0118,RENTAL_ACCRUAL,25,207,2026-07-09T15:30:00+08:00
b6cf46a8-53cf-41c4-9a12-63a63186ce44,M-1712,SESS-20260709-6282-0119,RENTAL_ACCRUAL,12,70,2026-07-09T18:00:00+08:00
b84972e5-9133-42db-8ef6-3946d6504275,M-1059,SESS-20260709-3284-0120,RENTAL_ACCRUAL,27,81,2026-07-10T01:00:00+08:00
e2315777-9b13-405a-9eeb-c5390668f2ff,M-1574,SESS-20260709-1159-0121,RENTAL_ACCRUAL,5,133,2026-07-09T19:15:00+08:00
0dfa96a3-54e4-404a-b27a-654486bb69cc,M-1052,SESS-20260709-3774-0122,RENTAL_ACCRUAL,16,174,2026-07-09T17:30:00+08:00
aed5a724-0d40-4185-89d2-a0881f7237cd,M-1693,SESS-20260709-3611-0123,RENTAL_ACCRUAL,11,438,2026-07-09T21:15:00+08:00
f82722a1-44d7-478b-8e92-c1ea63e70db5,M-1311,SESS-20260709-3925-0124,RENTAL_ACCRUAL,15,102,2026-07-09T23:15:00+08:00
8cafe74e-3224-48f4-a00b-777cace88af6,M-1027,SESS-20260709-4043-0125,RENTAL_REDEMPTION,-200,37,2026-07-09T22:50:00+08:00
204cdbab-4e09-4b5a-91cc-925a690515e1,M-1027,SESS-20260709-4043-0125,RENTAL_ACCRUAL,4,41,2026-07-10T01:50:00+08:00
8643a03d-5fdc-464f-a236-1b416eac49c8,M-1715,SESS-20260709-5398-0126,RENTAL_REDEMPTION,-100,58,2026-07-09T13:50:00+08:00
7ad612eb-5d1b-4d84-a570-ae208d729904,M-1715,SESS-20260709-5398-0126,RENTAL_ACCRUAL,10,68,2026-07-09T16:50:00+08:00
a9161d93-2fbe-4f4b-b07c-73c94e1bb4fe,M-1096,SESS-20260709-2415-0127,RENTAL_ACCRUAL,24,160,2026-07-09T22:45:00+08:00
c1695e71-b44e-4d35-b8e8-ab9036642a1c,M-1570,SESS-20260709-9098-0128,RENTAL_ACCRUAL,67,539,2026-07-10T04:30:00+08:00
0eb6f429-e24a-4a23-960c-c32d0bbd1952,M-1207,SESS-20260709-2332-0129,RENTAL_ACCRUAL,10,111,2026-07-09T23:25:00+08:00
6f2f5aeb-e6fc-4252-918b-320f555f5ac6,M-1792,SESS-20260709-4632-0130,RENTAL_ACCRUAL,19,2233,2026-07-09T22:15:00+08:00
3332bc3c-a883-4806-b826-906858492a78,M-1450,SESS-20260709-8210-0131,RENTAL_ACCRUAL,16,98,2026-07-10T00:00:00+08:00
2ceed27f-87e6-4156-ae30-79511188f41e,M-1456,SESS-20260709-7029-0132,RENTAL_ACCRUAL,16,278,2026-07-10T00:30:00+08:00
a42ed63c-6763-47e1-96ea-2c65686fee45,M-1128,SESS-20260709-5105-0133,RENTAL_REDEMPTION,-300,0,2026-07-09T23:45:00+08:00
3b9f22a7-9421-4741-97ce-6b5b1ec36e4c,M-1128,SESS-20260709-5105-0133,RENTAL_ACCRUAL,8,8,2026-07-10T02:45:00+08:00
164e9d71-523a-451f-9fef-650b3403acd9,M-1589,SESS-20260709-9647-0134,RENTAL_ACCRUAL,5,113,2026-07-09T20:15:00+08:00
f259c966-47c2-491f-8b08-cc87f5183b0c,M-1715,SESS-20260709-7224-0135,RENTAL_ACCRUAL,10,78,2026-07-09T21:45:00+08:00
8642d1e6-424d-42a4-b800-c34ba3c20998,M-1132,SESS-20260709-5067-0136,RENTAL_REDEMPTION,-100,558,2026-07-09T10:30:00+08:00
8b55f438-3738-4dc5-8faf-f51547a1c257,M-1132,SESS-20260709-5067-0136,RENTAL_ACCRUAL,22,580,2026-07-09T15:30:00+08:00
788d8715-b9c6-4122-af41-fd129208076c,M-1487,SESS-20260709-9422-0137,RENTAL_ACCRUAL,12,1195,2026-07-09T18:30:00+08:00
5e5f0707-ae36-4472-816a-3e837d197725,M-1290,SESS-20260709-3693-0138,RENTAL_ACCRUAL,24,169,2026-07-10T00:15:00+08:00
95b5989c-a59f-4f59-a31d-a1bfdf98569c,M-1763,SESS-20260709-3200-0139,RENTAL_REDEMPTION,-200,71,2026-07-09T22:40:00+08:00
cb155911-427c-4a03-b11e-fc0d660db6c2,M-1612,SESS-20260709-9844-0140,RENTAL_ACCRUAL,27,303,2026-07-09T17:15:00+08:00
6ad25418-3e56-4319-a6a6-7299327a28c5,M-1807,SESS-20260709-1724-0141,RENTAL_ACCRUAL,13,176,2026-07-09T18:10:00+08:00
0e4f1974-6fea-4370-815a-e3558e628e1d,M-1588,SESS-20260709-8046-0142,RENTAL_ACCRUAL,18,1345,2026-07-10T02:45:00+08:00
195288ab-b048-427d-b46d-9cba5b9592d8,M-1133,SESS-20260709-8701-0143,RENTAL_REDEMPTION,-400,135,2026-07-09T16:10:00+08:00
93c744d0-70b2-417a-ac45-b17d9a8f8c18,M-1199,SESS-20260709-6148-0144,RENTAL_ACCRUAL,72,359,2026-07-10T01:45:00+08:00
66cbc558-9215-4e50-a7b5-92c78f4625b4,M-1158,SESS-20260709-3777-0145,RENTAL_ACCRUAL,40,188,2026-07-09T21:45:00+08:00
72a117fd-bd76-4b0e-82c4-d086f9229ea3,M-1977,SESS-20260709-5241-0146,RENTAL_ACCRUAL,10,213,2026-07-09T23:45:00+08:00
8903d0eb-fa2c-4c5a-9bbc-f50009697906,M-1841,SESS-20260709-5136-0147,RENTAL_ACCRUAL,10,148,2026-07-09T22:20:00+08:00
168f3cde-a7c0-4360-bfa3-83750d707a22,M-1152,SESS-20260709-3219-0148,RENTAL_ACCRUAL,10,84,2026-07-09T19:45:00+08:00
c206525c-a1c4-4cd2-a122-22f3911e4872,M-1811,SESS-20260709-6907-0149,RENTAL_ACCRUAL,25,188,2026-07-10T04:40:00+08:00
f14d741b-e20d-4f58-8864-ae98b7f78553,M-1709,SESS-20260709-1291-0150,RENTAL_ACCRUAL,40,184,2026-07-10T06:35:00+08:00
124850c1-8945-43b0-8b05-ec25aac7bc18,M-1709,TIER_UPGRADE_Standard_TO_Silver,TIER_BONUS,50,234,2026-07-10T06:35:00+08:00
654d59ab-3a19-4e3a-9d9c-0ac65f49775d,M-1173,SESS-20260709-2501-0151,RENTAL_REDEMPTION,-200,60,2026-07-09T08:30:00+08:00
58347bd1-33a6-4e60-aa3d-ce94c617b661,M-1173,SESS-20260709-2501-0151,RENTAL_ACCRUAL,4,64,2026-07-09T11:30:00+08:00
00f3ac8f-b677-4702-941e-5b179b29bbc3,M-1170,SESS-20260709-7216-0152,RENTAL_ACCRUAL,8,117,2026-07-10T00:30:00+08:00
5860beda-db9b-4359-ae1c-f3222c9d5929,M-1256,SESS-20260709-4205-0153,RENTAL_ACCRUAL,15,212,2026-07-10T01:15:00+08:00
54344634-531b-4044-a791-070a94160109,M-1052,SESS-20260709-9707-0154,RENTAL_ACCRUAL,8,182,2026-07-09T21:35:00+08:00
b3e2da64-4214-4b6b-891b-c01aa7aaa553,M-1821,SESS-20260709-7402-0155,RENTAL_REDEMPTION,-100,63,2026-07-09T14:30:00+08:00
d8c5a905-9704-4fda-95b2-f3d9522b6177,M-1821,SESS-20260709-7402-0155,RENTAL_ACCRUAL,5,68,2026-07-09T16:30:00+08:00
b1889aed-f295-40e0-b79c-7207197741b6,M-1794,SESS-20260709-9551-0156,RENTAL_ACCRUAL,5,142,2026-07-09T16:15:00+08:00
b6b786fd-0f6e-468c-9e78-d59abd5bc181,M-1438,SESS-20260709-4440-0157,RENTAL_ACCRUAL,28,2730,2026-07-09T13:15:00+08:00
530a2740-86dd-456c-b1f4-2ec09bd43b36,M-1259,SESS-20260709-6045-0158,RENTAL_REDEMPTION,-100,30,2026-07-09T23:00:00+08:00
99374c7f-4c87-47e1-80db-7de1c06ef031,M-1259,SESS-20260709-6045-0158,RENTAL_ACCRUAL,35,65,2026-07-10T07:00:00+08:00
2efe2f77-5a5c-4b91-8020-03296fc68397,M-1191,SESS-20260709-7639-0159,RENTAL_ACCRUAL,25,121,2026-07-10T04:50:00+08:00
955771a7-be1c-451b-8e96-36fd19753159,M-1230,SESS-20260709-4289-0160,RENTAL_ACCRUAL,16,663,2026-07-10T01:30:00+08:00
f8ece432-2390-45d7-98a9-481c930261eb,M-1211,SESS-20260709-9197-0161,RENTAL_ACCRUAL,11,176,2026-07-09T18:30:00+08:00
f310ae63-52d8-465e-98e4-dda6b08b2fbf,M-1749,SESS-20260709-7979-0162,RENTAL_ACCRUAL,10,117,2026-07-09T19:05:00+08:00
40dea2d0-3ed8-460e-b36a-c4ab520ba44d,M-1729,SESS-20260709-6300-0163,RENTAL_ACCRUAL,15,187,2026-07-09T19:15:00+08:00
5215b566-ae26-458e-a2eb-2a58dfda2293,M-1913,SESS-20260709-9322-0164,RENTAL_ACCRUAL,5,33,2026-07-10T00:30:00+08:00
760c6536-a82a-4b78-9c7a-1bb3173d0450,M-1063,SESS-20260709-5848-0165,RENTAL_ACCRUAL,18,134,2026-07-09T13:30:00+08:00
9a59c16f-20e4-4572-ade2-870540bd4a65,M-1928,SESS-20260709-1819-0166,RENTAL_ACCRUAL,24,93,2026-07-10T00:05:00+08:00
3b89f6cf-2d45-4af1-8721-2e25968086da,M-1591,SESS-20260709-7082-0167,RENTAL_ACCRUAL,19,1904,2026-07-10T01:45:00+08:00
8c5b35ff-60f1-4edf-8a80-85537be538a1,M-1618,SESS-20260709-9976-0168,RENTAL_ACCRUAL,28,204,2026-07-10T02:25:00+08:00
a48c1bc2-c0ab-48a4-b792-f6b5c183866e,M-1725,SESS-20260709-5865-0169,RENTAL_REDEMPTION,-100,69,2026-07-09T09:00:00+08:00
3abf7c05-ebf1-4496-a35b-ea290df3d268,M-1725,SESS-20260709-5865-0169,RENTAL_ACCRUAL,11,80,2026-07-09T11:00:00+08:00
2e11e6ea-3413-4fb4-a93c-3d1531491d2c,M-1523,SESS-20260709-1555-0170,RENTAL_ACCRUAL,40,175,2026-07-09T22:20:00+08:00
f9130eaa-a484-4981-a7a7-1fc0cd52dd4c,M-1523,TIER_UPGRADE_Standard_TO_Silver,TIER_BONUS,50,225,2026-07-09T22:20:00+08:00
6435928c-5acc-42c2-8eac-393c77dfb52a,M-1683,SESS-20260709-2229-0171,RENTAL_REDEMPTION,-200,524,2026-07-09T19:45:00+08:00
947b2175-08b1-492f-9dff-0315630f2907,M-1683,SESS-20260709-2229-0171,RENTAL_ACCRUAL,3,527,2026-07-09T22:45:00+08:00
4ec59a6b-e926-4d8f-bdef-f1c634bb6da9,M-1752,SESS-20260709-6062-0172,RENTAL_ACCRUAL,12,2398,2026-07-09T21:15:00+08:00
0ae6f4f7-cca1-4358-82f0-55852e4e4c3a,M-1296,SESS-20260709-2247-0173,RENTAL_ACCRUAL,16,657,2026-07-09T17:30:00+08:00
e6573626-7712-44af-b96d-f8e2082b6256,M-1842,SESS-20260709-3271-0174,RENTAL_ACCRUAL,8,64,2026-07-09T21:00:00+08:00
bb6844a0-bcc5-403c-85d4-63f6fec49892,M-1496,SESS-20260709-1122-0175,RENTAL_ACCRUAL,27,195,2026-07-09T21:30:00+08:00
c45d8b92-384b-4256-837a-b22eb892d218,M-1674,SESS-20260709-7903-0176,RENTAL_ACCRUAL,67,502,2026-07-09T21:30:00+08:00
b4f62e89-93dc-4745-a210-886c365c1699,M-1698,SESS-20260709-3681-0177,RENTAL_ACCRUAL,25,162,2026-07-09T22:30:00+08:00
35ccc077-f033-48e2-9d4e-dc5b94980a66,M-1842,SESS-20260709-5364-0178,RENTAL_ACCRUAL,8,72,2026-07-10T00:00:00+08:00
8e05100b-9d11-483e-b451-f48a04075208,M-1232,SESS-20260709-1556-0179,RENTAL_ACCRUAL,25,130,2026-07-10T03:40:00+08:00
2b7b9e8d-6e7d-42a7-b093-5639f96aeb57,M-1643,SESS-20260709-6921-0180,RENTAL_ACCRUAL,15,193,2026-07-09T16:45:00+08:00
7a2d6c4a-7f5f-4c6f-a5c1-1057083c7e3f,M-1585,SESS-20260709-9431-0181,RENTAL_ACCRUAL,27,478,2026-07-09T20:25:00+08:00
1c3b3d5a-606a-497c-a8e3-0c13d6aa6b70,M-1102,SESS-20260709-7280-0182,RENTAL_ACCRUAL,5,196,2026-07-09T15:00:00+08:00
f5cfb320-9b02-41a1-a491-100ff5c6d6d0,M-1163,SESS-20260709-9133-0183,RENTAL_REDEMPTION,-100,29,2026-07-09T21:30:00+08:00
5ac999f0-432a-41a8-bde5-82b95958bbd1,M-1484,SESS-20260709-4351-0184,RENTAL_ACCRUAL,16,283,2026-07-10T01:25:00+08:00
f66290f1-9614-4c5f-abbd-2c897a8c5c26,M-1713,SESS-20260709-4956-0185,RENTAL_REDEMPTION,-100,317,2026-07-09T23:15:00+08:00
0c9db796-09d8-4a60-bc99-092bba03c162,M-1713,SESS-20260709-4956-0185,RENTAL_ACCRUAL,5,322,2026-07-10T01:15:00+08:00
440b09b1-513d-4d95-bf5d-78e343b93b1e,M-1801,SESS-20260709-7025-0186,RENTAL_ACCRUAL,45,287,2026-07-10T03:15:00+08:00
e72a05ee-c9a9-46af-93b6-72ff8e85653d,M-1623,SESS-20260709-3732-0187,RENTAL_REDEMPTION,-100,91,2026-07-09T21:00:00+08:00
fa4ec0a5-baa0-4838-bf64-e2466b7dfaef,M-1623,SESS-20260709-3732-0187,RENTAL_ACCRUAL,20,111,2026-07-10T00:00:00+08:00
14fe0907-33d3-45eb-899a-40e706045c0c,M-1777,SESS-20260709-7117-0188,RENTAL_ACCRUAL,5,163,2026-07-09T12:45:00+08:00
f4fdc249-4ac9-4ac7-a19e-a879ac99a082,M-1032,SESS-20260709-3416-0189,RENTAL_ACCRUAL,8,95,2026-07-09T22:40:00+08:00
eb31c85a-2429-4bb2-9988-7c2bde56be26,M-1516,SESS-20260709-6855-0190,RENTAL_ACCRUAL,5,37,2026-07-09T23:40:00+08:00
87fa1c07-fc8a-40e7-ad70-ef6553bd682b,M-1786,SESS-20260709-4534-0191,RENTAL_REDEMPTION,-100,250,2026-07-09T22:15:00+08:00
f209227d-e66a-4883-be51-b8a2fe58edcd,M-1786,SESS-20260709-4534-0191,RENTAL_ACCRUAL,5,255,2026-07-10T00:15:00+08:00
71c1f6f0-2a69-4a0a-81cf-6f1e0e3f4ab1,M-1179,SESS-20260709-4187-0192,RENTAL_ACCRUAL,8,245,2026-07-09T19:15:00+08:00
ca033a21-f668-4877-8f50-6d74590137b6,M-1017,SESS-20260709-8820-0193,RENTAL_ACCRUAL,36,149,2026-07-09T06:00:00+08:00
eda1abb6-f445-45e7-900f-8049066896ca,M-1981,SESS-20260709-1836-0194,RENTAL_ACCRUAL,5,132,2026-07-09T23:30:00+08:00
3a8d5519-3738-4c16-a23a-b482272db1f1,M-1103,SESS-20260709-4426-0195,RENTAL_ACCRUAL,10,163,2026-07-09T20:45:00+08:00
dc878d78-bba1-454d-a8c0-a4f8d4603086,M-1681,SESS-20260709-5373-0196,RENTAL_REDEMPTION,-100,10,2026-07-09T22:00:00+08:00
46694a92-64f2-40f7-ac2a-552c122b506b,M-1681,SESS-20260709-5373-0196,RENTAL_ACCRUAL,35,45,2026-07-10T06:00:00+08:00
c1cbbb0c-4c38-422f-9114-91164782a6a7,M-1489,SESS-20260709-8262-0197,RENTAL_ACCRUAL,16,359,2026-07-10T02:45:00+08:00
64dd8abb-f411-42b8-a090-cc434887511b,M-1313,SESS-20260709-7155-0198,RENTAL_ACCRUAL,10,119,2026-07-10T01:00:00+08:00
686c3ed9-730a-4edb-9806-9edadb0f818d,M-1173,SESS-20260709-8556-0199,RENTAL_ACCRUAL,28,92,2026-07-09T19:30:00+08:00
b11a8203-be74-43ce-aed5-21c7b832850b,M-1222,SESS-20260709-8569-0200,RENTAL_REDEMPTION,-100,23,2026-07-09T21:00:00+08:00
66360155-2bdb-4c25-8580-1feb1840acc0,M-1065,SESS-20260709-4892-0201,RENTAL_ACCRUAL,28,589,2026-07-10T03:00:00+08:00
ff2d06cf-9386-4dbf-92fb-d5eb8d9bb1eb,M-1530,SESS-20260709-2792-0202,RENTAL_ACCRUAL,27,559,2026-07-10T00:30:00+08:00
fe825677-cb41-4d80-b479-f822e9b074af,M-1365,SESS-20260709-1936-0203,RENTAL_ACCRUAL,10,147,2026-07-09T20:00:00+08:00
48c6a91d-8054-4a6b-bbe3-b6ea95d7bf4c,M-1796,SESS-20260709-8638-0204,RENTAL_ACCRUAL,40,89,2026-07-10T07:35:00+08:00
cf4cb5d5-4afe-4d8a-b7e8-51757d2a6afc,M-1364,SESS-20260709-1255-0205,RENTAL_ACCRUAL,18,529,2026-07-10T00:30:00+08:00
408f645e-2cd1-4b77-acb7-0ee49bc59863,M-1404,SESS-20260709-8052-0206,RENTAL_REDEMPTION,-100,69,2026-07-09T13:30:00+08:00
ad3797d0-daf4-4c70-b536-d8742eb112a9,M-1404,SESS-20260709-8052-0206,RENTAL_ACCRUAL,35,104,2026-07-09T18:30:00+08:00
e435d12b-e552-4d72-94bc-14e2ac9930eb,M-1555,SESS-20260709-9480-0207,RENTAL_ACCRUAL,16,77,2026-07-09T23:05:00+08:00
ed31f821-14c4-4131-a318-02ac6729eb87,M-1269,SESS-20260709-9352-0208,RENTAL_REDEMPTION,-100,189,2026-07-09T20:55:00+08:00
ecadf183-cd3a-451d-966e-5d6d8cb40292,M-1269,SESS-20260709-9352-0208,RENTAL_ACCRUAL,10,199,2026-07-09T23:55:00+08:00
41636dc3-e9f1-40a0-a90c-afab1cfe1602,M-1098,SESS-20260709-7819-0209,RENTAL_ACCRUAL,27,548,2026-07-09T23:55:00+08:00
618f2270-5bb8-41ef-9ac2-5dd501e9ba88,M-1366,SESS-20260709-2483-0210,RENTAL_REDEMPTION,-100,50,2026-07-09T03:45:00+08:00
36aed25b-2741-42d3-816c-a319c20af701,M-1436,SESS-20260709-4833-0211,RENTAL_REDEMPTION,-100,72,2026-07-09T19:15:00+08:00
59250f75-4eba-4675-92ff-09601d60784d,M-1436,SESS-20260709-4833-0211,RENTAL_ACCRUAL,61,133,2026-07-10T00:15:00+08:00
4120b515-c7ce-444d-9515-2dd777d5e3a3,M-1148,SESS-20260709-5945-0212,RENTAL_ACCRUAL,11,301,2026-07-09T19:45:00+08:00
5a835bee-020d-470b-bb29-bf0565b47f4f,M-1800,SESS-20260709-9480-0213,RENTAL_ACCRUAL,12,269,2026-07-09T03:00:00+08:00
2513b378-97df-4979-957a-5a352096c8d0,M-1053,SESS-20260709-5011-0214,RENTAL_ACCRUAL,96,150,2026-07-10T06:55:00+08:00
0fd4ab7f-206e-4310-a1cf-a720bdc7ed46,M-1695,SESS-20260709-6384-0215,RENTAL_ACCRUAL,16,95,2026-07-09T23:00:00+08:00
c9860732-c255-4a39-a97b-0ceda3fc1667,M-1396,SESS-20260709-8596-0216,RENTAL_ACCRUAL,24,236,2026-07-09T20:05:00+08:00
db3534c6-b9bb-4d3d-9332-891c3f6d3807,M-1461,SESS-20260709-7113-0217,RENTAL_ACCRUAL,18,364,2026-07-10T00:05:00+08:00
03502491-b793-439f-8676-c420d2f64b84,M-1420,SESS-20260709-9304-0218,RENTAL_ACCRUAL,28,520,2026-07-10T03:15:00+08:00
2ad554b7-d73e-47f5-a25e-b378d57630d2,M-1140,SESS-20260709-3954-0219,RENTAL_ACCRUAL,11,266,2026-07-10T00:55:00+08:00
afe271a5-ace2-4e83-98c3-b4bcb0af93bb,M-1465,SESS-20260709-1867-0220,RENTAL_ACCRUAL,11,370,2026-07-09T20:40:00+08:00
74d7d2a2-c297-4417-85db-10b2269734b3,M-1236,SESS-20260709-9267-0221,RENTAL_ACCRUAL,11,154,2026-07-10T00:30:00+08:00
8026f771-7cec-4084-ab2c-3214a4e99442,M-1248,SESS-20260709-4082-0222,RENTAL_ACCRUAL,16,120,2026-07-10T00:30:00+08:00
2e51b8c1-87f5-43a8-9890-59c4b0219ca6,M-1810,SESS-20260709-6103-0223,RENTAL_ACCRUAL,11,150,2026-07-09T21:50:00+08:00
3ece2e4b-cbf6-42e4-a929-3f981c8ce154,M-1192,SESS-20260709-1068-0224,RENTAL_ACCRUAL,72,166,2026-07-10T05:00:00+08:00
8c543ae7-2a88-48fa-ab2d-acebf7e579aa,M-1687,SESS-20260709-4630-0225,RENTAL_ACCRUAL,10,257,2026-07-09T16:00:00+08:00
c00b3f84-8f13-44a4-9a57-292264622fd6,M-1687,TIER_UPGRADE_Standard_TO_Silver,TIER_BONUS,50,307,2026-07-09T16:00:00+08:00
c4ce7aa8-17a7-43eb-8a7f-fd2e06aa27f8,M-1433,SESS-20260709-6665-0226,RENTAL_ACCRUAL,8,49,2026-07-09T14:15:00+08:00
74990a39-c7e7-402e-88f9-175a87c936b3,M-1125,SESS-20260709-5153-0227,RENTAL_ACCRUAL,40,781,2026-07-09T18:15:00+08:00
f713e307-1e9c-4dff-8ad5-040727f2154c,M-1622,SESS-20260709-4518-0228,RENTAL_REDEMPTION,-100,0,2026-07-09T20:30:00+08:00
08ba7fb1-e61e-4efc-89e0-776b07ec68f4,M-1494,SESS-20260709-4126-0229,RENTAL_ACCRUAL,15,192,2026-07-10T00:50:00+08:00
e99b6b34-3526-4ad2-acce-c7860fb208e0,M-1865,SESS-20260709-2209-0230,RENTAL_ACCRUAL,5,123,2026-07-09T17:20:00+08:00
f26199c0-86d2-4a0b-acda-4d336cda979c,M-1391,SESS-20260709-4914-0231,RENTAL_REDEMPTION,-200,8,2026-07-09T14:00:00+08:00
46aaf1f7-44c9-402e-a686-57d3f1121209,M-1391,SESS-20260709-4914-0231,RENTAL_ACCRUAL,14,22,2026-07-09T16:00:00+08:00
835bb543-4e77-4151-a342-e7396ab0c52e,M-1270,SESS-20260709-9091-0232,RENTAL_ACCRUAL,13,881,2026-07-09T22:55:00+08:00
681b2c87-82a4-4017-a6da-d9d3bb583b73,M-1545,SESS-20260709-7981-0233,RENTAL_ACCRUAL,8,123,2026-07-09T22:45:00+08:00
e88dbd21-abe8-409a-9710-6f43445488c7,M-1572,SESS-20260709-5018-0234,RENTAL_ACCRUAL,10,137,2026-07-09T20:35:00+08:00
474798a8-ebfa-4c24-bdc0-fc132bfd63d6,M-1590,SESS-20260709-9340-0235,RENTAL_ACCRUAL,8,132,2026-07-10T00:45:00+08:00
3a086a7b-12cf-4739-88df-244777de8b8d,M-1735,SESS-20260709-4072-0236,RENTAL_ACCRUAL,15,83,2026-07-09T17:15:00+08:00
ece268db-107a-49f8-9fd2-7a98c4ee2282,M-1538,SESS-20260709-2301-0237,RENTAL_ACCRUAL,10,43,2026-07-09T14:00:00+08:00
ca320903-f10c-4891-b224-4a2710ae3b4a,M-1660,SESS-20260709-7767-0238,RENTAL_ACCRUAL,5,143,2026-07-09T15:15:00+08:00
53e5e5c2-0327-4ca9-bf8f-0047fcddb9cb,M-1814,SESS-20260709-8801-0239,RENTAL_REDEMPTION,-100,54,2026-07-09T21:45:00+08:00
c2627e56-576e-4676-a7f9-4f74f58f9972,M-1814,SESS-20260709-8801-0239,RENTAL_ACCRUAL,31,85,2026-07-10T00:45:00+08:00
91bfbbce-3280-4a0b-b264-5f66d527b823,M-1438,SESS-20260709-2902-0240,RENTAL_REDEMPTION,-100,2630,2026-07-09T14:15:00+08:00
6b9e12cc-980a-43a7-aa38-c14216b776cf,M-1438,SESS-20260709-2902-0240,RENTAL_ACCRUAL,2,2632,2026-07-09T15:15:00+08:00
165eea25-f3f3-4798-9642-742f7f0edfb1,M-1725,SESS-20260709-1026-0241,RENTAL_ACCRUAL,10,90,2026-07-09T23:20:00+08:00
13261db2-8522-4797-841f-9cc95f3cb5bc,M-1725,TIER_UPGRADE_Standard_TO_Silver,TIER_BONUS,50,140,2026-07-09T23:20:00+08:00
3ece2b7e-ec10-4693-896d-d327e34ac1b9,M-1462,SESS-20260709-8259-0242,RENTAL_ACCRUAL,27,493,2026-07-10T02:10:00+08:00
dedfdf6f-8a7d-4453-8646-64115a9e53c2,M-1362,SESS-20260709-4006-0243,RENTAL_ACCRUAL,10,136,2026-07-09T19:30:00+08:00
793b4eb9-7e14-422a-8452-4fcade272be5,M-1585,SESS-20260709-2009-0244,RENTAL_ACCRUAL,5,483,2026-07-09T22:15:00+08:00
e4cf0e11-acbc-4a02-84e6-9747e1c6ae24,M-1316,SESS-20260709-7847-0245,RENTAL_ACCRUAL,5,41,2026-07-09T23:30:00+08:00
23cf3406-4abd-4c89-9cce-b6b61a14dc66,M-2169,SESS-20260709-1687-0246,RENTAL_ACCRUAL,10,180,2026-07-09T20:00:00+08:00
d9143cd4-16c0-4942-b666-83e41b50f6d1,M-1062,SESS-20260709-5526-0247,RENTAL_REDEMPTION,-100,40,2026-07-09T19:00:00+08:00
ba050e5a-35dd-440e-91e9-c3c00ee035fe,M-1749,SESS-20260709-8256-0248,RENTAL_ACCRUAL,60,177,2026-07-10T02:40:00+08:00
1b1f942c-7248-4cfa-b435-989c73adec71,M-1553,SESS-20260709-1293-0249,RENTAL_ACCRUAL,10,42,2026-07-09T05:15:00+08:00
bdfd90c2-4916-4315-9a62-94e11418210c,M-1444,SESS-20260709-2227-0250,RENTAL_ACCRUAL,28,3256,2026-07-10T01:50:00+08:00
85e5208b-699a-42d8-a7f0-3d0a9013ef4b,M-1805,SESS-20260709-6680-0251,RENTAL_ACCRUAL,5,132,2026-07-09T22:55:00+08:00
3b8a7918-8c24-46a8-af0c-4f38435ece56,M-1673,SESS-20260709-6583-0252,RENTAL_ACCRUAL,27,243,2026-07-09T19:30:00+08:00
fe02305b-5427-4d05-b86e-087a4abfce50,M-1650,SESS-20260709-6917-0253,RENTAL_ACCRUAL,11,474,2026-07-09T22:10:00+08:00
2594bf7b-34f3-4e08-8b2c-c385800ada15,M-1662,SESS-20260709-2209-0254,RENTAL_ACCRUAL,10,57,2026-07-09T19:40:00+08:00
164a151b-06ce-47d0-9565-98bd11021a4c,M-1795,SESS-20260709-8845-0255,RENTAL_ACCRUAL,16,195,2026-07-09T19:30:00+08:00
5b244028-1cc9-4866-a0e3-9076a6fae233,M-1493,SESS-20260709-1451-0256,RENTAL_ACCRUAL,15,102,2026-07-10T02:40:00+08:00
917284f4-f7f9-49ce-9122-9fabe5c92697,M-1024,SESS-20260709-7905-0257,RENTAL_ACCRUAL,12,91,2026-07-09T10:15:00+08:00
f3a2b317-144f-4236-9757-d32e4248a983,M-1056,SESS-20260709-6837-0258,RENTAL_REDEMPTION,-100,156,2026-07-09T18:10:00+08:00
33e1420b-bddf-481e-9a41-6cef9c3c2e65,M-1509,SESS-20260709-7678-0259,RENTAL_ACCRUAL,11,269,2026-07-09T14:30:00+08:00
430c7e51-459c-4af0-9705-a934eea77686,M-1231,SESS-20260709-6339-0260,RENTAL_ACCRUAL,24,282,2026-07-09T22:45:00+08:00
561d2880-4733-40f8-99b6-c281ece2afa5,M-1108,SESS-20260709-8750-0261,RENTAL_ACCRUAL,45,123,2026-07-10T04:15:00+08:00
341519a4-74a5-4c83-9a99-7e72f1933913,M-2032,SESS-20260709-8198-0262,RENTAL_ACCRUAL,25,60,2026-07-10T04:00:00+08:00
cc151525-7296-41dc-bfd3-0240da05e72b,M-1203,SESS-20260709-8669-0263,RENTAL_REDEMPTION,-100,54,2026-07-09T23:05:00+08:00
bc0bf48e-73aa-4ceb-bad6-7f6ee72ad477,M-1203,SESS-20260709-8669-0263,RENTAL_ACCRUAL,61,115,2026-07-10T04:05:00+08:00
4764ed9a-c316-4e6c-862a-38c94b75b183,M-1546,SESS-20260709-7282-0264,RENTAL_ACCRUAL,5,258,2026-07-09T21:45:00+08:00
6f1493b7-4536-4ead-bf9e-7f7e9ea32a8c,M-1930,SESS-20260709-5447-0265,RENTAL_ACCRUAL,15,28,2026-07-10T00:55:00+08:00
488f9456-051b-4da5-bfc4-dc683c5bbd65,M-1495,SESS-20260709-7478-0266,RENTAL_REDEMPTION,-100,43,2026-07-09T19:25:00+08:00
a01bea42-6498-4b84-a913-e437f270c3a4,M-1495,SESS-20260709-7478-0266,RENTAL_ACCRUAL,20,63,2026-07-10T00:25:00+08:00
98402870-2f66-4b67-9a5a-951d1ef99e5d,M-1495,TIER_UPGRADE_Standard_TO_Silver,TIER_BONUS,50,113,2026-07-10T00:25:00+08:00
ea4c7815-fa23-427e-8646-9da5d73eed75,M-1100,SESS-20260709-7527-0267,RENTAL_REDEMPTION,-100,44,2026-07-09T20:15:00+08:00
f846bf2b-0c7a-4433-9e91-fe8cfbf7dd0c,M-1100,SESS-20260709-7527-0267,RENTAL_ACCRUAL,5,49,2026-07-09T22:15:00+08:00
9c397049-97bb-48a8-9c27-5061bf0c5ea9,M-2023,SESS-20260709-7893-0268,RENTAL_ACCRUAL,40,103,2026-07-09T21:15:00+08:00
c87a7e66-ce52-4355-9355-03f120e3b593,M-1503,SESS-20260709-8316-0269,RENTAL_ACCRUAL,13,542,2026-07-09T18:00:00+08:00
58041fb7-ce0f-4d5e-b795-ebe669235171,M-1485,SESS-20260709-9961-0270,RENTAL_ACCRUAL,28,381,2026-07-09T21:00:00+08:00
a1c63749-6ef4-491a-abfa-56785d8105a0,M-1091,SESS-20260709-1957-0271,RENTAL_REDEMPTION,-100,37,2026-07-09T14:15:00+08:00
ac177d3f-9aaf-415b-b8d4-8a8f2d5d32a0,M-1063,SESS-20260709-1231-0272,RENTAL_ACCRUAL,45,179,2026-07-10T03:30:00+08:00
9d4a9d80-c2a0-4791-bd4d-a699565284b6,M-1351,SESS-20260709-1122-0273,RENTAL_ACCRUAL,16,145,2026-07-09T21:15:00+08:00
c065318c-413d-4963-8345-79701b319c13,M-1137,SESS-20260709-8394-0274,RENTAL_ACCRUAL,27,280,2026-07-09T13:30:00+08:00
b66f183a-952d-4cbb-827e-7d3fe01d4200,M-1580,SESS-20260709-1593-0275,RENTAL_REDEMPTION,-100,425,2026-07-09T14:30:00+08:00
7489ee0d-ac2d-4694-bd9d-4e1178b978dc,M-1580,SESS-20260709-1593-0275,RENTAL_ACCRUAL,10,435,2026-07-09T17:30:00+08:00
66071736-6deb-49ad-b44e-5b03ab03c7b0,M-1787,SESS-20260709-7781-0276,RENTAL_ACCRUAL,16,109,2026-07-10T00:50:00+08:00
4c4566a5-5c7a-4924-b06a-b61a5905ef12,M-1347,SESS-20260709-5970-0277,RENTAL_REDEMPTION,-200,3350,2026-07-09T19:45:00+08:00
eed65cf3-5856-4af9-b164-a44e3dd04ac0,M-1347,SESS-20260709-5970-0277,RENTAL_ACCRUAL,28,3378,2026-07-09T22:45:00+08:00
f10f8b60-225f-4a1d-a0e7-d1848a9b0ff6,M-1241,SESS-20260709-9827-0278,RENTAL_ACCRUAL,25,109,2026-07-10T01:25:00+08:00
04e36ec9-03a8-490f-b951-ac711ed38ef1,M-1368,SESS-20260709-5988-0279,RENTAL_ACCRUAL,8,90,2026-07-09T17:00:00+08:00
7d8f9c6d-f041-4864-b871-c00f522453e4,M-1957,SESS-20260709-4622-0280,RENTAL_ACCRUAL,8,70,2026-07-09T17:45:00+08:00
0f47a291-ed47-4ae6-b709-68e09a7a00a4,M-1344,SESS-20260709-7680-0281,RENTAL_ACCRUAL,11,813,2026-07-09T22:00:00+08:00
0f2a862e-c9da-4865-9c4d-b7711d9dc6a1,M-1029,SESS-20260709-9271-0282,RENTAL_REDEMPTION,-200,363,2026-07-09T17:35:00+08:00
fe7b6275-2e50-4cc3-92cd-15cd7d98be34,M-1029,SESS-20260709-9271-0282,RENTAL_ACCRUAL,4,367,2026-07-09T20:35:00+08:00
bc4c5a54-5bb4-43a7-817b-adb3b5f4bf98,M-1146,SESS-20260709-2091-0283,RENTAL_ACCRUAL,12,2951,2026-07-10T00:00:00+08:00
74e8c1c2-aaf0-4a90-a72d-e1d4b77f630b,M-1596,SESS-20260709-8617-0284,RENTAL_ACCRUAL,5,347,2026-07-09T20:25:00+08:00
c8255363-b932-4578-b356-29c88eea73b8,M-1062,SESS-20260709-8318-0285,RENTAL_ACCRUAL,10,50,2026-07-09T23:00:00+08:00
b40b2e9e-5d96-4f8b-8f34-0f961ae8b4db,M-1719,SESS-20260709-4383-0286,RENTAL_ACCRUAL,11,161,2026-07-09T19:40:00+08:00
2838ec39-ce28-4d90-91fa-23d28c937b6f,M-1770,SESS-20260709-3970-0287,RENTAL_ACCRUAL,12,235,2026-07-09T21:45:00+08:00
b32bd4b4-1023-43a6-a6ac-5c1c56d0f850,M-1592,SESS-20260709-1628-0288,RENTAL_REDEMPTION,-200,47,2026-07-09T18:25:00+08:00
b560bb5a-78ca-4b93-bcad-bae7006fef0e,M-1592,SESS-20260709-1628-0288,RENTAL_ACCRUAL,1,48,2026-07-09T19:25:00+08:00
763a3085-6fc6-4f81-9d75-a11140c54126,M-1303,SESS-20260709-7288-0289,RENTAL_ACCRUAL,48,2362,2026-07-09T23:30:00+08:00
243f1696-c0ee-4473-8d25-ddfff68a5e7c,M-2119,SESS-20260709-5455-0290,RENTAL_ACCRUAL,16,47,2026-07-10T01:20:00+08:00
e3ead2e1-4189-40a0-b735-8a2845a053da,M-1807,SESS-20260709-8061-0291,RENTAL_ACCRUAL,11,187,2026-07-10T00:10:00+08:00
a7346d47-06b1-4692-8e9f-40aad2df4cc7,M-1728,SESS-20260709-6069-0292,RENTAL_ACCRUAL,11,215,2026-07-09T21:45:00+08:00
73593d6e-f7be-4b83-bf1b-bfdb17e2b595,M-1447,SESS-20260709-8940-0293,RENTAL_ACCRUAL,36,146,2026-07-09T22:45:00+08:00
acd3ba08-41bc-420b-938f-9a690beab64d,M-1581,SESS-20260709-1460-0294,RENTAL_REDEMPTION,-100,95,2026-07-09T23:40:00+08:00
187a90a0-9702-4bdd-94a5-7acee30d9e3e,M-1581,SESS-20260709-1460-0294,RENTAL_ACCRUAL,20,115,2026-07-10T04:40:00+08:00
1d5131ca-4bfe-46e9-bae8-6e3ce112fbf3,M-1581,TIER_UPGRADE_Standard_TO_Silver,TIER_BONUS,50,165,2026-07-10T04:40:00+08:00
99aa941d-57d7-49dd-a570-943ef474bf81,M-1579,SESS-20260709-6789-0295,RENTAL_ACCRUAL,9,2366,2026-07-09T14:30:00+08:00
17c24475-394d-430b-85ec-621b69023185,M-1561,SESS-20260709-2322-0296,RENTAL_ACCRUAL,11,324,2026-07-09T23:20:00+08:00
548d38a2-5b7e-4249-993b-4a294f1dd98b,M-1491,SESS-20260709-2428-0297,RENTAL_ACCRUAL,5,151,2026-07-09T14:15:00+08:00
f2e0f62a-2126-479a-8f83-78013eb08d76,M-1264,SESS-20260709-1554-0298,RENTAL_ACCRUAL,96,389,2026-07-10T06:05:00+08:00
bd2355e1-5aba-432f-b9a5-40b0e0e538f4,M-1264,TIER_UPGRADE_Standard_TO_Silver,TIER_BONUS,50,439,2026-07-10T06:05:00+08:00
17bec094-e9ec-4b88-a195-2b787b64c784,M-1622,SESS-20260709-7263-0299,RENTAL_ACCRUAL,25,25,2026-07-10T03:15:00+08:00
838e3a8d-e638-4764-b835-890ba986f6c6,M-1391,SESS-20260709-6508-0300,RENTAL_ACCRUAL,67,89,2026-07-10T01:45:00+08:00
faf50926-cc29-49ac-86c8-5a987858c513,M-1639,SESS-20260709-9300-0301,RENTAL_ACCRUAL,5,122,2026-07-09T23:25:00+08:00
d875dfcc-8379-479c-bb95-b92c057ea931,M-1336,SESS-20260709-5050-0302,RENTAL_ACCRUAL,45,105,2026-07-10T03:30:00+08:00
883c9c66-9ced-4428-b5a8-6caf9dc2fe66,M-1710,SESS-20260709-1579-0303,RENTAL_ACCRUAL,5,186,2026-07-09T13:15:00+08:00
1dedf97b-153b-4c0e-9a23-1de028bfad70,M-1343,SESS-20260709-2029-0304,RENTAL_ACCRUAL,24,129,2026-07-10T02:05:00+08:00
ff37a9af-a7be-4fbe-9598-185a66f2c639,M-1267,SESS-20260709-9783-0305,RENTAL_ACCRUAL,5,153,2026-07-09T18:45:00+08:00
f0835ef0-ebee-4ea4-a9da-0d2884cbb385,M-1646,SESS-20260709-3484-0306,RENTAL_ACCRUAL,18,282,2026-07-09T19:30:00+08:00
b74bd276-aa44-4897-9b1e-6e8f0caab4fc,M-1816,SESS-20260709-7758-0307,RENTAL_ACCRUAL,40,124,2026-07-10T05:55:00+08:00
31baabb2-4b64-44dc-a96f-96b3d9327022,M-1390,SESS-20260709-7679-0308,RENTAL_ACCRUAL,36,181,2026-07-09T23:10:00+08:00
9341edf2-aeda-49da-ab3f-f92b89c0b319,M-1112,SESS-20260709-3649-0309,RENTAL_ACCRUAL,6,1376,2026-07-09T23:00:00+08:00
5995e7bf-d9bc-40f0-9c39-eb24bd11b18d,M-1173,SESS-20260709-9862-0310,RENTAL_ACCRUAL,11,103,2026-07-10T00:05:00+08:00
ea4fc151-5daa-44e2-93a6-951439d1350b,M-1599,SESS-20260709-1971-0311,RENTAL_ACCRUAL,40,157,2026-07-10T02:05:00+08:00
94e3d672-7e40-4f39-884c-382304589a4e,M-1830,SESS-20260709-4486-0312,RENTAL_ACCRUAL,40,185,2026-07-09T22:45:00+08:00
713c82eb-0b49-432a-a16b-938a135fb84f,M-1567,SESS-20260709-6116-0313,RENTAL_ACCRUAL,16,364,2026-07-10T02:55:00+08:00
f1f2c018-f8bf-4a41-87c4-21eb9fac9b02,M-1421,SESS-20260709-6010-0314,RENTAL_REDEMPTION,-100,363,2026-07-09T20:45:00+08:00
67fff465-3b24-4357-8f45-4f334f14b907,M-1421,SESS-20260709-6010-0314,RENTAL_ACCRUAL,5,368,2026-07-09T22:45:00+08:00
1a82d872-444e-4dec-9da6-abdb11992917,M-1656,SESS-20260709-8327-0315,RENTAL_REDEMPTION,-100,93,2026-07-09T20:15:00+08:00
f310fdd7-43ee-456a-a630-cd781c6fc15f,M-1656,SESS-20260709-8327-0315,RENTAL_ACCRUAL,5,98,2026-07-09T22:15:00+08:00
75513668-88a2-47e7-8889-88cf2ddac564,M-1671,SESS-20260709-3303-0316,RENTAL_ACCRUAL,5,251,2026-07-09T19:55:00+08:00
78e65f83-d18c-4bfd-883b-d53c49526b88,M-1544,SESS-20260709-2421-0317,RENTAL_ACCRUAL,11,222,2026-07-10T01:15:00+08:00
fc815cd2-94f7-4dbc-82a4-e0e898d2f813,M-1772,SESS-20260709-7489-0318,RENTAL_ACCRUAL,45,119,2026-07-09T21:00:00+08:00
3bdd6a4d-57c9-46fa-be8a-33d1772c288c,M-1442,SESS-20260709-5787-0319,RENTAL_ACCRUAL,18,242,2026-07-09T22:00:00+08:00
540220cc-fc29-44ef-940a-195fce53c2c6,M-1947,SESS-20260709-6863-0320,RENTAL_ACCRUAL,15,104,2026-07-09T16:00:00+08:00
fa9cf24f-367e-4fd5-937c-5688ece88687,M-1217,SESS-20260709-9146-0321,RENTAL_ACCRUAL,10,194,2026-07-10T01:00:00+08:00
a7325160-827a-44b0-9b7f-b70943fce1da,M-1224,SESS-20260709-7016-0322,RENTAL_ACCRUAL,45,394,2026-07-10T00:15:00+08:00
620d62cb-a4e7-43ae-99b7-ba53e379184a,M-1521,SESS-20260709-8108-0323,RENTAL_REDEMPTION,-100,229,2026-07-09T15:10:00+08:00
9842e09c-5d1a-40a6-805f-6a1a88409483,M-1521,SESS-20260709-8108-0323,RENTAL_ACCRUAL,5,234,2026-07-09T17:10:00+08:00
e95d0d9a-3144-4c0d-a63f-b06b6c3904b2,M-1372,SESS-20260709-3165-0324,RENTAL_ACCRUAL,40,133,2026-07-10T04:00:00+08:00
c1085eaa-32ba-4740-9b24-05fa5d5402bc,M-1229,SESS-20260709-6137-0325,RENTAL_ACCRUAL,10,190,2026-07-09T21:00:00+08:00
7ac495b4-ba4e-4b37-8f26-793023aa2e10,M-1229,TIER_UPGRADE_Standard_TO_Silver,TIER_BONUS,50,240,2026-07-09T21:00:00+08:00
d058ca71-284c-4a88-aa0e-de031f5082c3,M-1184,SESS-20260709-2033-0326,RENTAL_ACCRUAL,12,840,2026-07-09T17:15:00+08:00
4d0beb80-de31-4e0f-8ed7-3fe5b333aaa6,M-1685,SESS-20260709-5137-0327,RENTAL_REDEMPTION,-100,401,2026-07-09T21:15:00+08:00
8aecaf70-36e0-4fcd-942d-cf80ce455700,M-1685,SESS-20260709-5137-0327,RENTAL_ACCRUAL,10,411,2026-07-10T00:15:00+08:00
a582a612-b684-415a-b30b-7799e2a89bd9,M-1527,SESS-20260709-9953-0328,RENTAL_ACCRUAL,25,102,2026-07-10T03:20:00+08:00
5bf48ee8-f9e4-42ab-93b1-6c8e90809edc,M-1243,SESS-20260709-6975-0329,RENTAL_ACCRUAL,15,91,2026-07-09T23:10:00+08:00
d61522b2-4b3a-4446-9304-e701e6f696fc,M-1164,SESS-20260709-2495-0330,RENTAL_REDEMPTION,-100,142,2026-07-09T22:15:00+08:00
c24efd58-d36a-4cce-a4bf-7ae7287ce934,M-1164,SESS-20260709-2495-0330,RENTAL_ACCRUAL,21,163,2026-07-10T03:15:00+08:00
bd475fa6-6c4a-438b-980f-04f4bcad66d3,M-1619,SESS-20260709-5025-0331,RENTAL_ACCRUAL,8,134,2026-07-09T18:15:00+08:00
12e1d3f6-dff9-4cc4-8f76-2100aa9d66ea,M-1276,SESS-20260709-9872-0332,RENTAL_ACCRUAL,16,499,2026-07-09T21:30:00+08:00
8ed950b2-f3b2-445d-80f9-d766dccc0b28,M-1308,SESS-20260709-1276-0333,RENTAL_ACCRUAL,25,158,2026-07-10T04:55:00+08:00
a3a62f45-edb8-423e-87e9-8860403d123a,M-1517,SESS-20260709-5401-0334,RENTAL_ACCRUAL,24,99,2026-07-09T15:50:00+08:00
78b41e6c-2e35-434f-8331-8ddd25a477e3,M-1707,SESS-20260709-7591-0335,RENTAL_ACCRUAL,30,1300,2026-07-10T03:50:00+08:00
7e5c39be-eca4-4171-ad5f-8dffcfcdcbc0,M-1699,SESS-20260709-8315-0336,RENTAL_ACCRUAL,16,143,2026-07-09T11:45:00+08:00
970ee4ba-ae48-4f10-a36d-57c0f448e2b1,M-1067,SESS-20260709-3523-0337,RENTAL_ACCRUAL,16,392,2026-07-09T23:00:00+08:00
d604cbc1-32ef-46a0-89ee-19c135fc817d,M-1081,SESS-20260709-4523-0338,RENTAL_ACCRUAL,28,392,2026-07-10T02:00:00+08:00
3a237288-43f6-4a20-afac-50f575322a47,M-1993,SESS-20260709-3541-0339,RENTAL_ACCRUAL,10,68,2026-07-10T01:25:00+08:00
532a7023-c0d5-43d0-8b7d-a1cdf780bda1,M-1188,SESS-20260709-7668-0340,RENTAL_ACCRUAL,28,455,2026-07-10T01:45:00+08:00
66f842d6-8f91-4840-92cf-bc9be9a9664c,M-1261,SESS-20260709-1070-0341,RENTAL_ACCRUAL,27,307,2026-07-10T00:00:00+08:00
801f1ee4-f886-4d3d-8270-efb00706a122,M-1799,SESS-20260709-5106-0342,RENTAL_ACCRUAL,15,105,2026-07-09T18:15:00+08:00
871ef395-c1f9-418b-b82e-c929a44fda4d,M-1799,TIER_UPGRADE_Standard_TO_Silver,TIER_BONUS,50,155,2026-07-09T18:15:00+08:00
f80eb75d-13dc-4cd0-92a4-aac6a60fb555,M-1212,SESS-20260709-9790-0343,RENTAL_REDEMPTION,-100,79,2026-07-09T20:05:00+08:00
ee498326-de9a-44d2-9448-57f8e54f857f,M-1212,SESS-20260709-9790-0343,RENTAL_ACCRUAL,20,99,2026-07-10T01:05:00+08:00
93c9c398-70fb-465d-87f0-1eccd6d79982,M-1833,SESS-20260709-2189-0344,RENTAL_ACCRUAL,5,313,2026-07-09T23:30:00+08:00
33cf73b4-2d7c-4bb3-a372-74d7f027b575,M-1409,SESS-20260709-4380-0345,RENTAL_ACCRUAL,67,125,2026-07-10T04:00:00+08:00
2d5fa552-912a-40a8-9d78-f5a2b73a865b,M-1983,SESS-20260709-8973-0346,RENTAL_ACCRUAL,60,148,2026-07-10T04:25:00+08:00
1c81502a-7749-440d-bd53-8d9d775321ae,M-1175,SESS-20260709-1304-0347,RENTAL_REDEMPTION,-100,311,2026-07-09T20:35:00+08:00
a87a29c3-cf10-412f-9674-518143f8d260,M-1175,SESS-20260709-1304-0347,RENTAL_ACCRUAL,7,318,2026-07-09T21:35:00+08:00
ba48e969-cffe-46bd-b00b-e707ae541140,M-1549,SESS-20260709-4983-0348,RENTAL_ACCRUAL,8,160,2026-07-09T22:45:00+08:00
117de29d-258f-496f-b515-698f8c4e10bd,M-1166,SESS-20260709-8735-0349,RENTAL_ACCRUAL,15,111,2026-07-10T02:30:00+08:00
48f76272-6669-4bf9-9d93-9b5725f927ac,M-1233,SESS-20260709-5152-0350,RENTAL_ACCRUAL,40,61,2026-07-09T23:45:00+08:00
d3c35a3c-875f-4887-ba99-60d29450c086,M-1169,SESS-20260709-8791-0351,RENTAL_ACCRUAL,16,255,2026-07-09T19:25:00+08:00
88677699-5cbc-4711-939d-f7ff7bb64f39,M-1478,SESS-20260709-2004-0352,RENTAL_ACCRUAL,10,243,2026-07-09T21:30:00+08:00
feeb361c-ff70-43c8-9246-01d816ef0def,M-1478,TIER_UPGRADE_Standard_TO_Silver,TIER_BONUS,50,293,2026-07-09T21:30:00+08:00
ca19f696-1625-4724-b976-6cad0660dcc3,M-1792,SESS-20260709-8362-0353,RENTAL_ACCRUAL,43,2276,2026-07-10T02:30:00+08:00
66a80996-6009-4e7a-9b81-dc6709fb99d4,M-1765,SESS-20260709-6255-0354,RENTAL_ACCRUAL,16,217,2026-07-09T22:55:00+08:00
8cff6e1d-9a9e-4037-96b5-39cc2f8d0a93,M-1693,SESS-20260709-4555-0355,RENTAL_ACCRUAL,5,443,2026-07-10T00:35:00+08:00
f4a36e16-8593-437b-a252-2976edb9d725,M-1543,SESS-20260709-9067-0356,RENTAL_ACCRUAL,16,95,2026-07-09T19:00:00+08:00
87d1dc02-0509-4e3b-b694-da3670e90d17,M-1349,SESS-20260709-7508-0357,RENTAL_ACCRUAL,27,451,2026-07-09T23:45:00+08:00
c9a29a6e-c854-495d-a46d-21d3e5e61e22,M-1654,SESS-20260709-9039-0358,RENTAL_ACCRUAL,24,209,2026-07-09T23:20:00+08:00
84ddfe65-142d-4081-8fe2-3257056a3f4b,M-1113,SESS-20260709-7240-0359,RENTAL_ACCRUAL,16,170,2026-07-10T02:05:00+08:00
c68c3784-543c-44b9-ab2d-8ec0d8543de1,M-1277,SESS-20260709-1771-0360,RENTAL_ACCRUAL,12,2697,2026-07-10T01:10:00+08:00
f082997c-1130-4458-b3cd-81c5cbd598fe,M-1197,SESS-20260709-5041-0361,RENTAL_ACCRUAL,10,100,2026-07-09T19:35:00+08:00
9037456b-54c7-49b8-aaf3-3ec0f0553a5a,M-1143,SESS-20260709-1171-0362,RENTAL_ACCRUAL,9,3390,2026-07-09T20:25:00+08:00
9c8ff83d-5cf6-4ba6-9836-a8c01259be8f,M-1410,SESS-20260709-5359-0363,RENTAL_ACCRUAL,12,699,2026-07-09T09:15:00+08:00
5917622f-859a-4054-8ac5-3bfa95e60a58,M-1522,SESS-20260709-5654-0364,RENTAL_ACCRUAL,5,239,2026-07-09T11:30:00+08:00
22193032-d0f3-4123-97f5-6c408d565f43,M-1177,SESS-20260709-6589-0365,RENTAL_REDEMPTION,-200,46,2026-07-09T22:10:00+08:00
74abde22-cb2d-4c34-abd6-e3cb463fcb73,M-1177,SESS-20260709-6589-0365,RENTAL_ACCRUAL,14,60,2026-07-10T01:10:00+08:00
45631596-c2d8-4fbd-9b01-29523a1c8f9f,M-1082,SESS-20260709-4113-0366,RENTAL_ACCRUAL,24,121,2026-07-09T21:20:00+08:00
1bb5d508-718e-481d-836c-82291b5023d3,M-1153,SESS-20260709-7028-0367,RENTAL_ACCRUAL,25,133,2026-07-09T08:30:00+08:00
1be88151-2b11-45b2-aad7-f3f2fda797a6,M-1226,SESS-20260709-2331-0368,RENTAL_ACCRUAL,27,822,2026-07-10T00:45:00+08:00
e88b5ec2-bf09-486e-b386-6b89a2977ecc,M-1748,SESS-20260709-8185-0369,RENTAL_ACCRUAL,16,261,2026-07-10T01:15:00+08:00
6696f653-ae4f-46e9-bad8-011448000f50,M-1615,SESS-20260709-6573-0370,RENTAL_ACCRUAL,8,54,2026-07-09T15:30:00+08:00
b4bc4240-dc83-42fc-a642-b9ae4f901317,M-1069,SESS-20260709-2965-0371,RENTAL_REDEMPTION,-100,186,2026-07-09T23:25:00+08:00
d3890d9f-2c8a-4bcf-9bcf-e70f998553ab,M-1069,SESS-20260709-2965-0371,RENTAL_ACCRUAL,5,191,2026-07-10T01:25:00+08:00
46a0951e-b285-4f55-95bd-bb4d63ea6fcc,M-1481,SESS-20260709-6116-0372,RENTAL_REDEMPTION,-100,38,2026-07-09T22:45:00+08:00
75b60590-75ed-4e5d-b151-1bf786cc352f,M-1481,SESS-20260709-6116-0372,RENTAL_ACCRUAL,35,73,2026-07-10T06:45:00+08:00
19b0284f-ff3f-4809-a121-f68d517191b9,M-1040,SESS-20260709-1720-0373,RENTAL_ACCRUAL,10,208,2026-07-10T00:35:00+08:00
6839d201-4d1e-487f-bdb6-5cbaa60eef97,M-1172,SESS-20260709-9444-0374,RENTAL_ACCRUAL,16,222,2026-07-10T02:40:00+08:00
3b0d8990-5f27-413e-aeb1-12c3739a1bdd,M-1325,SESS-20260709-2729-0375,RENTAL_ACCRUAL,16,204,2026-07-09T19:15:00+08:00
1ef369f9-ccef-4409-97a2-c60bde2e7b94,M-1148,SESS-20260709-1164-0376,RENTAL_ACCRUAL,18,319,2026-07-09T23:30:00+08:00
1817ad01-a67b-416b-a34b-af835677c1a3,M-1573,SESS-20260709-1658-0377,RENTAL_ACCRUAL,25,232,2026-07-10T04:10:00+08:00
5edae3de-3c9d-4821-b855-2f0a02b62fcb,M-1822,SESS-20260709-4573-0378,RENTAL_ACCRUAL,11,152,2026-07-09T13:30:00+08:00
4ab159a4-f184-40ad-86f1-85a5f48cadc9,M-1254,SESS-20260709-2334-0379,RENTAL_ACCRUAL,8,149,2026-07-09T22:35:00+08:00
4ddeb51d-2732-44e0-8d3c-bec8610bb1af,M-1608,SESS-20260709-8600-0380,RENTAL_ACCRUAL,27,196,2026-07-09T21:00:00+08:00
ab50dbd8-c5e5-4424-b101-c97d31e56cf1,M-1022,SESS-20260709-1139-0381,RENTAL_ACCRUAL,25,171,2026-07-09T23:00:00+08:00
0d654ba4-86d6-4dbe-bd9b-90f462119012,M-1432,SESS-20260709-7334-0382,RENTAL_ACCRUAL,30,3259,2026-07-10T02:35:00+08:00
45d68681-26b0-415f-b650-7a1cd06d12e7,M-1433,SESS-20260709-7931-0383,RENTAL_ACCRUAL,36,85,2026-07-09T21:30:00+08:00
282daf07-2e0b-4e60-90ab-a9e451d76224,M-1601,SESS-20260709-1761-0384,RENTAL_REDEMPTION,-100,10,2026-07-09T21:15:00+08:00
2be0f835-e322-40e4-81d0-fd3104e727c7,M-1601,SESS-20260709-1761-0384,RENTAL_ACCRUAL,11,21,2026-07-09T23:15:00+08:00
239534be-1398-465e-b3a9-2615e40e5c43,M-1522,SESS-20260709-6453-0385,RENTAL_ACCRUAL,40,279,2026-07-10T03:55:00+08:00
935b4b23-f2bf-4f3f-8802-ebf73d623846,M-1202,SESS-20260709-8738-0386,RENTAL_REDEMPTION,-100,1555,2026-07-09T23:15:00+08:00
aa688f2f-88fa-4312-8c8b-fc5c76dfabe5,M-1202,SESS-20260709-8738-0386,RENTAL_ACCRUAL,4,1559,2026-07-10T01:15:00+08:00
14e25acf-dd8e-4e85-873f-06c746fee0c9,M-1443,SESS-20260709-1910-0387,RENTAL_ACCRUAL,67,120,2026-07-10T04:05:00+08:00
d8e61e97-924e-43b0-bec9-833eab98e2ac,M-1074,SESS-20260709-8678-0388,RENTAL_ACCRUAL,24,127,2026-07-10T00:55:00+08:00
8b0dd95b-1b0c-4708-996f-7b0b7c7f3bab,M-1557,SESS-20260709-3157-0389,RENTAL_ACCRUAL,15,161,2026-07-09T20:00:00+08:00
623edf08-d51a-442e-8ce2-af2d7a11a805,M-1823,SESS-20260709-7467-0390,RENTAL_ACCRUAL,16,380,2026-07-09T23:00:00+08:00
0027970d-1409-4114-8b9a-9a093ee1331a,M-1022,SESS-20260709-7540-0391,RENTAL_ACCRUAL,10,181,2026-07-10T01:05:00+08:00
4f64e608-712d-40de-8da6-fa4d9e162a1e,M-1127,SESS-20260709-3429-0392,RENTAL_REDEMPTION,-200,123,2026-07-09T21:15:00+08:00
a470d7a3-dafd-4ffc-abb9-e93e7e88d7a1,M-1127,SESS-20260709-3429-0392,RENTAL_ACCRUAL,4,127,2026-07-10T00:15:00+08:00
b4ed500b-129b-49a8-b15d-3de6904652a7,M-1741,SESS-20260709-1604-0393,RENTAL_ACCRUAL,16,406,2026-07-09T23:50:00+08:00
0100144e-72af-411a-b426-3384a8dcb19c,M-1505,SESS-20260709-1848-0394,RENTAL_ACCRUAL,67,256,2026-07-10T02:05:00+08:00
1e15578e-8480-4b16-b143-2b224551fa9f,M-1602,SESS-20260709-9366-0395,RENTAL_REDEMPTION,-100,138,2026-07-09T21:40:00+08:00
5f5656b2-b6ed-49a7-88b4-c22f4a12cd03,M-1602,SESS-20260709-9366-0395,RENTAL_ACCRUAL,21,159,2026-07-10T02:40:00+08:00
8bf6d38c-1cf6-44b2-9f47-271b50f43b6f,M-1678,SESS-20260709-2073-0396,RENTAL_ACCRUAL,5,245,2026-07-09T20:00:00+08:00
aa4b8bd9-37bf-41d2-8d42-3eb673772ed9,M-1757,SESS-20260709-8983-0397,RENTAL_ACCRUAL,15,160,2026-07-09T22:55:00+08:00
9e4b7e30-9ce4-45d2-8b96-8245af81e951,M-1606,SESS-20260709-2601-0398,RENTAL_ACCRUAL,11,531,2026-07-09T22:15:00+08:00
6bddb03f-6805-46e6-b14b-cf44c66e35a6,M-1194,SESS-20260709-7849-0399,RENTAL_ACCRUAL,8,111,2026-07-09T23:50:00+08:00
068ef3e5-c0d0-44b3-977a-c641642e63c4,M-1735,SESS-20260709-3027-0400,RENTAL_ACCRUAL,36,119,2026-07-10T02:50:00+08:00
a0de7dcb-c4f5-438a-b063-eec6d2c1561d,M-1735,TIER_UPGRADE_Standard_TO_Silver,TIER_BONUS,50,169,2026-07-10T02:50:00+08:00
2d432323-b216-426f-8e49-569b4d018d65,M-1648,SESS-20260709-5816-0401,RENTAL_ACCRUAL,16,671,2026-07-09T20:15:00+08:00
62bd5bd1-3a71-47de-8fff-3eb4b7461f9f,M-1576,SESS-20260709-5518-0402,RENTAL_ACCRUAL,6,1315,2026-07-09T20:50:00+08:00
14a6a0f0-7b1b-4268-9bf9-a7ae3f0b94f0,M-1710,SESS-20260709-3624-0403,RENTAL_ACCRUAL,10,196,2026-07-10T00:00:00+08:00
925907d4-3536-4995-8172-518201a495da,M-1726,SESS-20260709-5535-0404,RENTAL_ACCRUAL,45,112,2026-07-10T03:55:00+08:00
68d80d9f-e34c-41e2-8e9d-2e7c9908898f,M-1556,SESS-20260709-5382-0405,RENTAL_ACCRUAL,24,97,2026-07-10T02:45:00+08:00
491a366f-a426-4dab-a1bd-5f8e0a6696e2,M-1117,SESS-20260709-3074-0406,RENTAL_ACCRUAL,24,180,2026-07-09T23:35:00+08:00
1e647f46-745f-4b28-a1f1-4f584a85447f,M-1216,SESS-20260709-8915-0407,RENTAL_REDEMPTION,-200,632,2026-07-09T23:05:00+08:00
d6711e96-06a8-41b9-b1b9-43ad91017410,M-1216,SESS-20260709-8915-0407,RENTAL_ACCRUAL,3,635,2026-07-10T02:05:00+08:00
1e982e44-97ed-4f58-a37e-f97561588291,M-1677,SESS-20260709-7189-0408,RENTAL_ACCRUAL,25,124,2026-07-10T02:05:00+08:00
bc967be2-f836-472b-bc7a-5b03851e50ee,M-1435,SESS-20260709-4199-0409,RENTAL_ACCRUAL,15,76,2026-07-10T02:10:00+08:00
de2acddd-c723-40ca-85ec-79cb302822bf,M-1299,SESS-20260709-6111-0410,RENTAL_ACCRUAL,40,174,2026-07-09T21:50:00+08:00
dd3a2b5a-0303-429f-8bb8-8f8b6afa488e,M-1299,TIER_UPGRADE_Standard_TO_Silver,TIER_BONUS,50,224,2026-07-09T21:50:00+08:00
4150e05b-75f8-4496-939a-dc21d0c61407,M-1774,SESS-20260709-8925-0411,RENTAL_ACCRUAL,5,84,2026-07-09T22:10:00+08:00
bf661b9c-6dc2-42f1-8214-7a4ba99cc99c,M-1644,SESS-20260709-7642-0412,RENTAL_ACCRUAL,5,70,2026-07-09T22:10:00+08:00
101896d9-d2eb-4337-bda8-84d947a23490,M-1005,SESS-20260709-5028-0413,RENTAL_ACCRUAL,24,154,2026-07-09T19:00:00+08:00
166a69e3-af75-4268-b1ca-6dcf3c4c3a37,M-1083,SESS-20260709-5016-0414,RENTAL_REDEMPTION,-100,1,2026-07-09T19:10:00+08:00
1ba8a3bf-2df4-4ffd-8aad-6a3c5263f4f5,M-1083,SESS-20260709-5016-0414,RENTAL_ACCRUAL,31,32,2026-07-09T22:10:00+08:00
88fcb525-e362-4508-b2cc-3cb68715fa08,M-1083,TIER_UPGRADE_Standard_TO_Silver,TIER_BONUS,50,82,2026-07-09T22:10:00+08:00
dfcc72a5-5163-4db7-a238-a6a7ab76384c,M-1068,SESS-20260709-9756-0415,RENTAL_ACCRUAL,15,169,2026-07-09T18:25:00+08:00
889053fe-5116-4100-a579-a727537776b9,M-1692,SESS-20260709-4609-0416,RENTAL_ACCRUAL,12,2268,2026-07-10T00:20:00+08:00
9cc90b69-4c7b-4c11-bbd0-098822987570,M-1377,SESS-20260709-5923-0417,RENTAL_ACCRUAL,27,513,2026-07-09T23:35:00+08:00
e45940fc-df10-493a-8fa0-bd1ab161d5d4,M-1013,SESS-20260709-6491-0418,RENTAL_REDEMPTION,-100,201,2026-07-09T22:30:00+08:00
45bf3479-b1fc-4e39-b1a2-f15bc15a3ba9,M-1013,SESS-20260709-6491-0418,RENTAL_ACCRUAL,21,222,2026-07-10T03:30:00+08:00
f0fc200e-aa71-4e2f-9166-b1f525fe52f5,M-1410,SESS-20260709-3206-0419,RENTAL_ACCRUAL,12,711,2026-07-09T23:00:00+08:00
3d846c2c-110b-450f-9171-fa1faca5dfbd,M-1536,SESS-20260709-9151-0420,RENTAL_REDEMPTION,-100,28,2026-07-09T23:10:00+08:00
5fa0b1ee-4b76-4d50-a704-f37bc4e65dc0,M-1536,SESS-20260709-9151-0420,RENTAL_ACCRUAL,5,33,2026-07-10T01:10:00+08:00
9f7ce824-e755-401c-b326-9f4c0d0c9295,M-1402,SESS-20260709-7970-0421,RENTAL_ACCRUAL,25,210,2026-07-10T04:05:00+08:00
640c421d-aa29-4020-9ff7-8bd3ae71da5d,M-1655,SESS-20260709-8916-0422,RENTAL_REDEMPTION,-100,0,2026-07-09T22:30:00+08:00
a4977dd5-6c42-4c02-8734-5fdee8c8fce8,M-1655,SESS-20260709-8916-0422,RENTAL_ACCRUAL,20,20,2026-07-10T03:30:00+08:00
c356282a-bac4-42b6-8685-9aa00ae58009,M-1036,SESS-20260709-7359-0423,RENTAL_ACCRUAL,5,486,2026-07-10T00:55:00+08:00
14c427c6-135f-4764-9355-a5aa39a129a2,M-1821,SESS-20260709-6955-0424,RENTAL_ACCRUAL,10,78,2026-07-09T23:50:00+08:00
e7fd279c-7a8b-4ea1-a6db-22ba90c11d22,M-1176,SESS-20260709-7579-0425,RENTAL_ACCRUAL,15,171,2026-07-10T01:25:00+08:00
905ef79b-374e-43ed-bfd3-0290e77354e1,M-1817,SESS-20260709-2979-0426,RENTAL_ACCRUAL,40,304,2026-07-10T01:20:00+08:00
35f7def3-94dc-4d2f-92d0-14df27c33b2f,M-1393,SESS-20260709-8487-0427,RENTAL_ACCRUAL,25,139,2026-07-10T04:40:00+08:00
0f2b1fb6-0e1c-4a17-9028-87c2b4d118dc,M-1316,SESS-20260709-5884-0428,RENTAL_ACCRUAL,12,53,2026-07-10T00:45:00+08:00
36fe9520-8336-4d17-96e5-9fa53adf430b,M-1122,SESS-20260709-7268-0429,RENTAL_ACCRUAL,18,39,2026-07-09T23:45:00+08:00
a852d386-0f18-4da4-b313-64ac04e41087,M-1739,SESS-20260709-2319-0430,RENTAL_REDEMPTION,-100,21,2026-07-09T22:05:00+08:00
e20efc02-8d80-4d3b-bd33-65a390a6369d,M-1739,SESS-20260709-2319-0430,RENTAL_ACCRUAL,11,32,2026-07-10T00:05:00+08:00
e2ab3895-4357-4aae-aec9-68a7a5a93bc8,M-1702,SESS-20260709-5646-0431,RENTAL_ACCRUAL,5,82,2026-07-09T11:30:00+08:00
82c7ef80-2554-429e-ab19-0a5a1d26a8ba,M-1346,SESS-20260709-5212-0432,RENTAL_ACCRUAL,10,108,2026-07-09T20:25:00+08:00
c71d85da-c792-4cdc-8db0-0d309febe608,M-1720,SESS-20260709-6599-0433,RENTAL_ACCRUAL,45,319,2026-07-10T02:00:00+08:00
dccec802-adfd-4fa3-9da5-0da58ed771cf,M-1320,SESS-20260709-8753-0434,RENTAL_ACCRUAL,16,879,2026-07-09T22:35:00+08:00
26e2fdfa-ac5f-4a85-91cf-38b9e97d3189,M-1723,SESS-20260709-5059-0435,RENTAL_ACCRUAL,24,197,2026-07-09T15:35:00+08:00
ae38aad0-8028-42f7-85f7-4c8f7c6c89bb,M-1124,SESS-20260709-5270-0436,RENTAL_ACCRUAL,8,58,2026-07-10T00:55:00+08:00
6634ffe1-45a2-4e85-9f88-08b06407a830,M-1764,SESS-20260709-8930-0437,RENTAL_REDEMPTION,-100,71,2026-07-09T20:25:00+08:00
81ab5aa9-7b92-4a70-bdd7-bc0eaf4661a1,M-1764,SESS-20260709-8930-0437,RENTAL_ACCRUAL,21,92,2026-07-10T01:25:00+08:00
cc579602-37d9-456b-b11b-501494b68078,M-1706,SESS-20260709-6496-0438,RENTAL_ACCRUAL,9,679,2026-07-09T17:00:00+08:00
2fddc82a-0db8-4c3d-8313-59cfcb9f5d3d,M-1682,SESS-20260709-7013-0439,RENTAL_ACCRUAL,28,184,2026-07-09T21:30:00+08:00
6f638986-a1c8-4c46-b765-1d2790569bcb,M-1771,SESS-20260709-7922-0440,RENTAL_ACCRUAL,10,62,2026-07-09T17:00:00+08:00
c4e1dc08-acd5-48f4-a08c-a607c9f7ecfa,M-1258,SESS-20260709-1137-0441,RENTAL_ACCRUAL,40,137,2026-07-09T19:30:00+08:00
2b4244c8-4264-4db8-9dea-f0d39de9968e,M-1258,TIER_UPGRADE_Standard_TO_Silver,TIER_BONUS,50,187,2026-07-09T19:30:00+08:00
f8e1422c-bac1-44cc-9f3f-992eb7450fe5,M-1451,SESS-20260709-2377-0442,RENTAL_ACCRUAL,24,125,2026-07-10T02:20:00+08:00
ae572ea6-5cdf-4300-b7d9-9e19860cbc69,M-1209,SESS-20260709-5407-0443,RENTAL_ACCRUAL,67,180,2026-07-10T01:00:00+08:00
8cb73125-98bd-4b64-8e33-29aa7867bd49,M-1209,TIER_UPGRADE_Silver_TO_Gold,TIER_BONUS,100,280,2026-07-10T01:00:00+08:00
130e9925-c277-4373-aad6-8cd9daf46f9d,M-1834,SESS-20260709-2445-0444,RENTAL_ACCRUAL,11,285,2026-07-09T22:35:00+08:00
30e96468-3a87-4aa6-8fa0-8c21d44b0e84,M-1772,SESS-20260709-6525-0445,RENTAL_REDEMPTION,-100,19,2026-07-09T22:50:00+08:00
b8c80df6-9a02-4d87-8f30-2c70a0c04367,M-1772,SESS-20260709-6525-0445,RENTAL_ACCRUAL,10,29,2026-07-10T01:50:00+08:00
fd8dd9ee-4169-4e37-b5e6-339500548163,M-1187,SESS-20260709-5020-0446,RENTAL_REDEMPTION,-100,11,2026-07-09T23:50:00+08:00
9f914480-6561-4f89-89c5-6e5f096dc174,M-1187,SESS-20260709-5020-0446,RENTAL_ACCRUAL,35,46,2026-07-10T04:50:00+08:00
bf5adfd5-384c-4086-9312-7520ccc622c9,M-1319,SESS-20260709-7356-0447,RENTAL_REDEMPTION,-100,88,2026-07-09T23:45:00+08:00
375cfc97-919d-4d39-b980-4235435e0558,M-1319,SESS-20260709-7356-0447,RENTAL_ACCRUAL,91,179,2026-07-10T07:45:00+08:00
2389196a-b6df-4a6d-9447-0900273d2d2f,M-1319,TIER_UPGRADE_Standard_TO_Silver,TIER_BONUS,50,229,2026-07-10T07:45:00+08:00
ec767cda-3410-4c30-9e48-73191dc21c88,M-1048,SESS-20260709-9985-0448,RENTAL_ACCRUAL,11,397,2026-07-09T22:30:00+08:00
cc5534c1-6110-484d-9dfc-81071036bf5e,M-1035,SESS-20260709-1819-0449,RENTAL_REDEMPTION,-200,8,2026-07-09T11:30:00+08:00
069b33ce-2bcc-4801-bb36-ca9462154778,M-1150,SESS-20260709-5094-0450,RENTAL_ACCRUAL,5,109,2026-07-09T21:00:00+08:00
d7ad3757-f058-4a49-bbc9-948ab33e54c0,M-1835,SESS-20260709-8947-0451,RENTAL_ACCRUAL,15,152,2026-07-10T01:45:00+08:00
3995af7e-99f8-4fc5-a4b4-71715c26bd32,M-1049,SESS-20260709-6434-0452,RENTAL_ACCRUAL,11,195,2026-07-10T00:45:00+08:00
d755a801-e7e1-4f4d-b331-319da6725668,M-1355,SESS-20260709-7465-0453,RENTAL_ACCRUAL,15,181,2026-07-10T00:35:00+08:00
c90c8177-8ba8-4d41-92cd-7e7e75581350,M-1712,SESS-20260709-4892-0454,RENTAL_ACCRUAL,40,110,2026-07-10T03:15:00+08:00
b68599e3-8bab-43c1-a0b0-2d619a855808,M-1744,SESS-20260709-2918-0455,RENTAL_ACCRUAL,18,411,2026-07-10T01:50:00+08:00
1a7a1003-2f15-45da-a1ff-cd70eb95d813,M-1732,SESS-20260709-6356-0456,RENTAL_ACCRUAL,11,301,2026-07-09T22:15:00+08:00
6eac81b5-6806-43b5-990b-fbc7efdfc356,M-1825,SESS-20260709-9294-0457,RENTAL_ACCRUAL,15,171,2026-07-09T20:30:00+08:00
f6aa10b6-95b1-4f26-9bc7-7ce215d0c1ad,M-1110,SESS-20260709-6449-0458,RENTAL_REDEMPTION,-100,188,2026-07-09T21:25:00+08:00
28342cf4-aa1a-4886-8859-2cd054c7c3ba,M-1110,SESS-20260709-6449-0458,RENTAL_ACCRUAL,11,199,2026-07-09T23:25:00+08:00
88bb18ab-8dae-49cb-96f2-47929fdb0f91,M-1665,SESS-20260709-8464-0459,RENTAL_ACCRUAL,6,2054,2026-07-09T23:30:00+08:00
37037466-9276-4ba2-844b-c7d7f236e732,M-1293,SESS-20260709-4666-0460,RENTAL_ACCRUAL,27,413,2026-07-09T20:05:00+08:00
5eeb76fc-a2f9-4846-b51b-e5e6f3db8ec8,M-1563,SESS-20260709-7507-0461,RENTAL_ACCRUAL,8,109,2026-07-10T00:40:00+08:00
61005b0a-3ed2-4c00-a55a-491faeb79371,M-1235,SESS-20260709-4324-0462,RENTAL_ACCRUAL,28,552,2026-07-10T01:40:00+08:00
bffe64a9-b64a-4079-809c-2aba54d18eba,M-1195,SESS-20260709-9390-0463,RENTAL_ACCRUAL,45,161,2026-07-10T06:20:00+08:00
4b99b3f5-24e4-4d17-886c-e8d32d7031d7,M-1189,SESS-20260709-5290-0464,RENTAL_ACCRUAL,10,92,2026-07-09T23:05:00+08:00
a193f9ef-3364-497d-b277-bb949ae6a08e,M-1246,SESS-20260709-3899-0465,RENTAL_REDEMPTION,-100,472,2026-07-09T23:35:00+08:00
af084bf9-b560-426b-99d1-5477061aa19b,M-1246,SESS-20260709-3899-0465,RENTAL_ACCRUAL,20,492,2026-07-10T02:35:00+08:00
506e4053-9d27-41ba-91f8-6319538e9f9c,M-1156,SESS-20260709-1017-0466,RENTAL_ACCRUAL,5,247,2026-07-09T21:15:00+08:00
cc653983-0453-49de-b5f7-e3c9999cb1f0,M-1742,SESS-20260709-4110-0467,RENTAL_ACCRUAL,15,90,2026-07-10T01:45:00+08:00
6567088c-b7fd-4153-9e35-1cb802cb07cf,M-1820,SESS-20260709-9492-0468,RENTAL_ACCRUAL,28,116,2026-07-10T00:30:00+08:00
66a049c2-9668-4323-8f3a-42eb33aeba72,M-1684,SESS-20260709-9312-0469,RENTAL_REDEMPTION,-100,77,2026-07-09T18:35:00+08:00
255837e4-473d-4240-b0d1-4eb9c14953b4,M-1684,SESS-20260709-9312-0469,RENTAL_ACCRUAL,5,82,2026-07-09T20:35:00+08:00
597b9300-008c-40f6-ac4a-04798dde36a1,M-1014,SESS-20260709-6655-0470,RENTAL_ACCRUAL,18,485,2026-07-10T01:55:00+08:00
85535cce-e669-4c48-85fc-c36251112ce1,M-1688,SESS-20260709-6224-0471,RENTAL_REDEMPTION,-200,280,2026-07-09T23:35:00+08:00
c96e34a1-6bf3-469e-9878-ee9481c47ec9,M-1688,SESS-20260709-6224-0471,RENTAL_ACCRUAL,3,283,2026-07-10T02:35:00+08:00
2916100e-6796-4501-874e-263c91a40e98,M-1186,SESS-20260709-2884-0472,RENTAL_ACCRUAL,45,312,2026-07-10T05:30:00+08:00
09618ff1-5e91-4392-a586-1daaf1729187,M-1262,SESS-20260709-3929-0473,RENTAL_ACCRUAL,10,296,2026-07-10T01:20:00+08:00
34792441-0ed7-4fb7-a754-b55a3732b930,M-1162,SESS-20260709-9415-0474,RENTAL_ACCRUAL,40,240,2026-07-10T01:10:00+08:00
4cb7a4c2-b8cd-419a-b060-750f6441fb6b,M-1150,SESS-20260709-4981-0475,RENTAL_REDEMPTION,-100,9,2026-07-09T23:55:00+08:00
90ad393d-b636-47fe-a284-98bf78cbf09b,M-1150,SESS-20260709-4981-0475,RENTAL_ACCRUAL,5,14,2026-07-10T01:55:00+08:00
ece9d98c-5340-4bca-bd42-17d026964f9b,M-1790,SESS-20260709-9423-0476,RENTAL_ACCRUAL,10,172,2026-07-09T22:45:00+08:00
036bb6f9-2c2e-49ee-8773-9f6928b63967,M-1142,SESS-20260709-9948-0477,RENTAL_ACCRUAL,5,339,2026-07-10T00:00:00+08:00
d2e1702e-c15c-462b-ad4b-5a3c3165c44b,M-1700,ORD-20260709-1219-0001,CONCESSION_ACCRUAL,6,116,2026-07-09T13:20:58+08:00
5d7350bb-b73c-4ead-8bdc-8afc1e80931e,M-1276,ORD-20260709-1461-0002,CONCESSION_ACCRUAL,11,510,2026-07-09T20:43:54+08:00
ddeb9ab5-8995-4f43-b8e9-7356e3886c1f,M-1243,ORD-20260709-5718-0003,CONCESSION_ACCRUAL,6,97,2026-07-09T22:51:06+08:00
552c4bf8-b77a-4cc7-8cf1-92f17b551172,M-1707,ORD-20260709-4594-0004,CONCESSION_ACCRUAL,9,1309,2026-07-09T22:54:30+08:00
e6300aed-c01f-41d5-8ab4-49620c45278f,M-1981,ORD-20260709-8899-0005,CONCESSION_ACCRUAL,14,146,2026-07-09T22:45:43+08:00
128a558a-2179-4793-aec8-ed9f83083d75,M-1167,ORD-20260709-3870-0006,CONCESSION_ACCRUAL,16,308,2026-07-09T21:08:30+08:00
aebf8468-b2c5-479e-b2d9-ccd40e200edf,M-1074,ORD-20260709-7795-0007,CONCESSION_ACCRUAL,19,146,2026-07-09T13:22:52+08:00
87dfcb76-4c90-4531-9d47-3a38ea0cd139,M-1928,ORD-20260709-7540-0008,CONCESSION_ACCRUAL,18,111,2026-07-09T22:16:52+08:00
ab8f180c-9d73-4419-9c98-5aead211421c,M-1024,ORD-20260709-8290-0009,CONCESSION_ACCRUAL,15,106,2026-07-09T10:03:20+08:00
80b0f9cd-c45c-4ddf-9045-9afa9069b2bd,M-1494,ORD-20260710-7133-0010,CONCESSION_ACCRUAL,26,218,2026-07-10T00:16:38+08:00
74a337b5-1f76-45c6-a4d9-7b8ebfb44430,M-1494,TIER_UPGRADE_Standard_TO_Silver,TIER_BONUS,50,268,2026-07-10T00:16:38+08:00
aff6ebd3-fafb-4fab-9ce5-a25b87aa0236,M-1774,ORD-20260709-3840-0011,CONCESSION_ACCRUAL,13,97,2026-07-09T22:08:52+08:00
14f91e1f-906c-46c1-90e1-0bfca10bf256,M-1825,ORD-20260709-1216-0012,CONCESSION_ACCRUAL,9,180,2026-07-09T18:22:01+08:00
c1d0d52e-cebb-4fa1-ab2e-7c36b7a128c3,M-1362,ORD-20260709-1781-0013,CONCESSION_ACCRUAL,8,144,2026-07-09T17:50:12+08:00
1b8fa707-9570-4c8e-97fd-ee190e3fd66a,M-1560,ORD-20260709-7782-0014,CONCESSION_ACCRUAL,15,102,2026-07-09T22:24:55+08:00
7b9d84ec-74df-4622-adcb-4772904fec26,M-1002,ORD-20260709-3179-0015,CONCESSION_ACCRUAL,8,707,2026-07-09T15:46:40+08:00
b2a79c24-dd90-42c3-a30f-09d97b599316,M-1048,ORD-20260709-1607-0016,CONCESSION_ACCRUAL,7,404,2026-07-09T20:52:20+08:00
56b6e672-ece7-4199-b17b-e753069394f0,M-1834,ORD-20260709-6777-0017,CONCESSION_ACCRUAL,26,311,2026-07-09T21:30:29+08:00
149bd672-91fe-4a6b-9766-b0cbc3d351f6,M-1017,ORD-20260709-8762-0018,CONCESSION_ACCRUAL,6,155,2026-07-09T04:47:52+08:00
79b9df06-ac8e-4fa0-82b6-74938826f828,M-1284,ORD-20260709-7988-0019,CONCESSION_ACCRUAL,17,191,2026-07-09T18:39:45+08:00
5cb256ed-af51-459e-add0-c939b3c5a02c,M-1469,ORD-20260709-9944-0020,CONCESSION_ACCRUAL,8,93,2026-07-09T20:37:46+08:00
d434ca5e-ecae-4e2a-aba5-fbd1c616138e,M-1756,ORD-20260709-6962-0021,CONCESSION_ACCRUAL,43,2228,2026-07-09T18:01:14+08:00
9579d88c-9ef7-445b-b227-c8c87c557d94,M-1241,ORD-20260709-1095-0022,CONCESSION_ACCRUAL,3,112,2026-07-09T18:43:26+08:00
8d365c8e-1df9-4901-b53a-21f0292d8974,M-1118,ORD-20260709-7043-0023,CONCESSION_ACCRUAL,6,60,2026-07-09T10:41:43+08:00
b7f0a75d-b0ff-4f58-ac78-290edf6f5e84,M-1977,ORD-20260709-9087-0024,CONCESSION_ACCRUAL,6,219,2026-07-09T21:51:02+08:00
18b90e1d-2a94-47ce-866d-5d63c1cb5d84,M-1372,ORD-20260710-8454-0025,CONCESSION_ACCRUAL,9,142,2026-07-10T00:49:20+08:00
a2018208-f87d-4134-83da-3093e4979ca3,M-1421,ORD-20260709-7744-0026,CONCESSION_ACCRUAL,18,386,2026-07-09T21:02:34+08:00
8e8807c8-35e8-46ef-af2a-98936939a027,M-1509,ORD-20260709-7889-0027,CONCESSION_ACCRUAL,11,280,2026-07-09T12:53:04+08:00
8fa08e93-979a-484c-84d3-269dd4f1b27f,M-1622,ORD-20260709-8342-0028,CONCESSION_ACCRUAL,9,34,2026-07-09T21:10:13+08:00
cc2e7807-26ca-470d-8f9c-d555dc2b282e,M-1590,ORD-20260710-7233-0029,CONCESSION_ACCRUAL,27,159,2026-07-10T00:10:23+08:00
27112a56-f34d-4760-8301-e7ce8ef69c5d,M-1590,TIER_UPGRADE_Standard_TO_Silver,TIER_BONUS,50,209,2026-07-10T00:10:23+08:00
9f46aafc-9e48-46b4-8f4b-cb0d025cf0f1,M-1053,ORD-20260710-6444-0030,CONCESSION_ACCRUAL,9,159,2026-07-10T01:56:08+08:00
9d3f2aef-1cb1-4dfd-b909-538ebb8e8ec1,M-1035,ORD-20260709-8488-0031,CONCESSION_ACCRUAL,6,14,2026-07-09T12:34:38+08:00
f512b8f3-64fe-4c4a-9950-1347f6297db8,M-1814,ORD-20260709-5231-0032,CONCESSION_ACCRUAL,17,102,2026-07-09T22:32:50+08:00
d9ffdd24-f154-4604-99d1-a29ec2eca105,M-1699,ORD-20260709-1676-0033,CONCESSION_ACCRUAL,39,182,2026-07-09T10:05:48+08:00
f980c325-bd83-483c-b929-1825769143ab,M-1229,ORD-20260709-8343-0034,CONCESSION_ACCRUAL,8,248,2026-07-09T19:33:52+08:00
741d1a5a-20c6-4582-998d-a5233da6bab5,M-1013,ORD-20260709-3928-0035,CONCESSION_ACCRUAL,11,233,2026-07-09T22:31:28+08:00
a7d22d2a-5013-4df9-9ea9-814f1fcaec2a,M-1781,ORD-20260709-9748-0036,CONCESSION_ACCRUAL,13,3392,2026-07-09T16:43:48+08:00
8299e714-afbc-4c18-bdab-30995dec4325,M-1835,ORD-20260709-1615-0037,CONCESSION_ACCRUAL,21,173,2026-07-09T23:13:06+08:00
8d3a6773-84b2-41ed-a64d-349c645146a5,M-1683,ORD-20260709-5688-0038,CONCESSION_ACCRUAL,9,536,2026-07-09T21:25:08+08:00
d39d3d13-1056-4a61-a5ee-0776aa76fd7b,M-1365,ORD-20260709-2494-0039,CONCESSION_ACCRUAL,9,156,2026-07-09T18:49:41+08:00
fcbf0396-4db1-4f3b-8c41-517b716e6a82,M-1983,ORD-20260710-3430-0040,CONCESSION_ACCRUAL,15,163,2026-07-10T03:14:46+08:00
0a606094-bbf7-4aa5-a823-8875cd59e65d,M-1581,ORD-20260710-8830-0041,CONCESSION_ACCRUAL,23,188,2026-07-10T01:55:55+08:00
1dcac300-713e-4719-b595-5bb3df0e37db,M-1728,ORD-20260709-7990-0042,CONCESSION_ACCRUAL,15,230,2026-07-09T19:49:56+08:00
3452bc8a-844d-4715-b175-183e27e13642,M-1438,ORD-20260709-4275-0043,CONCESSION_ACCRUAL,12,2644,2026-07-09T14:44:45+08:00
a6e2be1d-7010-4c68-b8f3-1211178f834f,M-1465,ORD-20260709-8990-0044,CONCESSION_ACCRUAL,16,386,2026-07-09T19:56:45+08:00
60625168-1c03-43a8-9ba8-71075e3e04fa,M-1170,ORD-20260710-8751-0045,CONCESSION_ACCRUAL,13,130,2026-07-10T00:27:23+08:00
c76b46fc-38e3-4df8-96c0-ec8698989172,M-1765,ORD-20260709-2855-0046,CONCESSION_ACCRUAL,22,239,2026-07-09T21:20:29+08:00
9e716a17-9015-4c8c-b6fa-eec285fde4d0,M-1561,ORD-20260709-2784-0047,CONCESSION_ACCRUAL,34,358,2026-07-09T21:51:54+08:00
61bbb66d-f868-4161-99a5-ecbbf7e455ba,M-1726,ORD-20260709-3370-0048,CONCESSION_ACCRUAL,15,127,2026-07-09T23:15:40+08:00
547d715b-75bf-4ea9-bc59-a0cb1566cb65,M-1787,ORD-20260709-1074-0049,CONCESSION_ACCRUAL,3,112,2026-07-09T23:23:15+08:00
2183bdc1-b0db-4024-be98-1b037d3a4668,M-1415,ORD-20260709-1209-0050,CONCESSION_ACCRUAL,13,1269,2026-07-09T16:57:21+08:00
afbcf549-be34-4bb5-b939-d95accd50146,M-1807,ORD-20260709-9734-0051,CONCESSION_ACCRUAL,24,211,2026-07-09T17:50:31+08:00
4dbdec84-9c12-47e5-96c5-b6cd691415e5,M-1517,ORD-20260709-7054-0052,CONCESSION_ACCRUAL,6,105,2026-07-09T14:21:28+08:00
2a207729-9a0d-4b67-bf75-29aae2dd80aa,M-1727,ORD-20260710-4365-0053,CONCESSION_ACCRUAL,6,109,2026-07-10T00:12:06+08:00
78709031-072a-46f7-b62d-887ff352d191,M-1132,ORD-20260709-8988-0054,CONCESSION_ACCRUAL,12,592,2026-07-09T10:33:24+08:00
3e58dc46-4b09-4d1a-a928-fd04f71c2d52,M-1638,ORD-20260709-4089-0055,CONCESSION_ACCRUAL,20,280,2026-07-09T16:42:59+08:00
c7ded01e-34c9-41e9-935b-e7bbbb0084d2,M-1795,ORD-20260709-2645-0056,CONCESSION_ACCRUAL,3,198,2026-07-09T18:02:08+08:00
9bd4084c-a0d4-4970-97f6-2da78820c9ec,M-1391,ORD-20260709-9167-0057,CONCESSION_ACCRUAL,3,92,2026-07-09T21:52:00+08:00
b6a1b02c-8c5b-4aab-8aab-4998dc6a6d7f,M-1575,ORD-20260710-4182-0058,CONCESSION_ACCRUAL,15,210,2026-07-10T01:02:27+08:00
ce1834a3-801c-4a62-ba37-6f55f553ecf3,M-1440,ORD-20260709-9260-0059,CONCESSION_ACCRUAL,3,76,2026-07-09T21:26:21+08:00
573d1e8e-e319-4578-a55b-b4fc677824c8,M-1495,ORD-20260709-9697-0060,CONCESSION_ACCRUAL,10,123,2026-07-09T23:28:31+08:00
9e5cafe6-4404-4d0a-a313-cf98a1e331bb,M-1091,ORD-20260709-1680-0061,CONCESSION_ACCRUAL,6,43,2026-07-09T14:37:10+08:00
08312392-1321-4a12-b3b6-4dd81e165011,M-1820,ORD-20260709-2604-0062,CONCESSION_ACCRUAL,27,143,2026-07-09T23:56:46+08:00
d927f603-6839-47ea-a6c2-dd8e42d8fb97,M-1040,ORD-20260709-1320-0063,CONCESSION_ACCRUAL,6,214,2026-07-09T23:56:20+08:00
8c2d1dfb-638a-4fe6-8a02-c84835ba8288,M-1456,ORD-20260709-5285-0064,CONCESSION_ACCRUAL,23,301,2026-07-09T22:51:01+08:00
31eb63d8-ec4b-4d28-93b5-5c6f38060a93,M-1601,ORD-20260709-3410-0065,CONCESSION_ACCRUAL,8,29,2026-07-09T23:02:06+08:00
3c00dfb2-847c-44a7-a903-069d4d16ea0b,M-1799,ORD-20260709-7344-0066,CONCESSION_ACCRUAL,8,163,2026-07-09T15:49:58+08:00
5e2d2d02-6d74-4763-8591-8a8d183b0695,M-1442,ORD-20260709-7157-0067,CONCESSION_ACCRUAL,11,253,2026-07-09T21:50:02+08:00
13daae46-7eb0-4faa-88e1-67e5e62de295,M-1484,ORD-20260709-6942-0068,CONCESSION_ACCRUAL,11,294,2026-07-09T23:35:46+08:00
2e1d4960-10a5-49cb-be3b-81b2d9f996f7,M-1681,ORD-20260710-4084-0069,CONCESSION_ACCRUAL,9,54,2026-07-10T05:26:16+08:00
257d5987-ac1d-441b-8da0-eb4914779489,M-1409,ORD-20260709-7784-0070,CONCESSION_ACCRUAL,31,156,2026-07-09T23:54:42+08:00
9d64dad1-f77e-49f5-be6c-5eb4e4d2eaa5,M-1585,ORD-20260709-8126-0071,CONCESSION_ACCRUAL,16,499,2026-07-09T20:02:32+08:00
8643e7bd-7354-461b-9a3e-e6710f704352,M-1329,ORD-20260709-8834-0072,CONCESSION_ACCRUAL,16,393,2026-07-09T15:08:40+08:00
bc4a3647-9760-4846-99f6-7497004f632b,M-1523,ORD-20260709-4637-0073,CONCESSION_ACCRUAL,16,241,2026-07-09T19:51:14+08:00
ed68e75b-124f-41f9-954b-07a87199d2f6,M-1179,ORD-20260709-3434-0074,CONCESSION_ACCRUAL,60,305,2026-07-09T19:13:20+08:00
48bb5ee5-b70e-4c0b-bc1f-3c2581937566,M-1179,TIER_UPGRADE_Standard_TO_Silver,TIER_BONUS,50,355,2026-07-09T19:13:20+08:00
9cc8d69d-20bb-4142-8a80-8f728ecc3396,M-1573,ORD-20260709-6878-0075,CONCESSION_ACCRUAL,15,247,2026-07-09T12:30:07+08:00
9774d008-ac17-4665-a02a-181b59349a25,M-1807,ORD-20260709-2565-0076,CONCESSION_ACCRUAL,8,219,2026-07-09T23:48:38+08:00
d470d422-3bc7-4e18-9b92-8e4ca58e1c17,M-1133,ORD-20260709-8710-0077,CONCESSION_ACCRUAL,20,155,2026-07-09T19:46:29+08:00
53a68ef8-937f-4c9a-8560-fb1434045be1,M-1811,ORD-20260710-3514-0078,CONCESSION_ACCRUAL,8,196,2026-07-10T00:21:04+08:00
d6aa9b28-05f7-43b4-971d-c81a73ee5016,M-1572,ORD-20260709-4857-0079,CONCESSION_ACCRUAL,11,148,2026-07-09T19:58:51+08:00
d5537275-65ea-469f-aff1-54e484c18a16,M-1404,ORD-20260709-5434-0080,CONCESSION_ACCRUAL,8,112,2026-07-09T13:40:38+08:00
f8a32f23-29af-40d2-acdf-c7737ae70dc8,M-1810,ORD-20260709-1496-0081,CONCESSION_ACCRUAL,11,161,2026-07-09T18:32:41+08:00
18893acb-1114-4ee5-a422-c5fab4413a8f,M-1628,ORD-20260709-9305-0082,CONCESSION_ACCRUAL,34,95,2026-07-09T20:48:53+08:00
2307d094-e316-4d6b-832e-432f9d2f91fd,M-1572,ORD-20260709-3954-0083,CONCESSION_ACCRUAL,20,168,2026-07-09T12:24:55+08:00
21afdc20-aa64-41dc-b741-916802d364ca,M-1039,ORD-20260709-6468-0084,CONCESSION_ACCRUAL,8,251,2026-07-09T19:13:35+08:00
8defa000-7e89-47e9-8b92-b87ed5e40575,M-1296,ORD-20260709-1317-0085,CONCESSION_ACCRUAL,13,670,2026-07-09T16:47:14+08:00
a1d46495-54ef-4981-b816-b134720e0880,M-1805,ORD-20260709-6640-0086,CONCESSION_ACCRUAL,6,138,2026-07-09T22:04:43+08:00
e96ea935-a4f2-4533-926d-d128faad0446,M-1805,TIER_UPGRADE_Standard_TO_Silver,TIER_BONUS,50,188,2026-07-09T22:04:43+08:00
bcb40693-885b-4886-b342-ff26c9273829,M-1688,ORD-20260710-9340-0087,CONCESSION_ACCRUAL,21,304,2026-07-10T01:59:36+08:00
e5979d9e-1050-41e5-bd98-43b7ec694e5d,M-1615,ORD-20260709-3175-0088,CONCESSION_ACCRUAL,26,80,2026-07-09T15:20:05+08:00
c8568d24-206c-40ad-a7a3-8186b7eb89e6,M-1173,ORD-20260709-6236-0089,CONCESSION_ACCRUAL,37,140,2026-07-09T11:25:04+08:00
6024be8b-6e65-46ff-bf9e-a32b3e51e71f,M-1591,ORD-20260709-1517-0090,CONCESSION_ACCRUAL,30,1934,2026-07-09T23:58:47+08:00
f3e13fa0-8d99-4183-952c-d9ec82bd960e,M-2036,ORD-20260709-9955-0091,CONCESSION_ACCRUAL,9,60,2026-07-09T19:44:47+08:00
aba4aef4-d1cb-4762-9b69-4fffd168be12,M-1391,ORD-20260709-6951-0092,CONCESSION_ACCRUAL,8,100,2026-07-09T15:11:16+08:00
a3501491-41a3-4950-9728-3741feda627a,M-1639,ORD-20260709-3018-0093,CONCESSION_ACCRUAL,13,135,2026-07-09T22:41:47+08:00
72e6705b-0ec7-4b37-a30a-83c600cac9f3,M-1320,ORD-20260709-4109-0094,CONCESSION_ACCRUAL,8,887,2026-07-09T22:04:55+08:00
60571e96-ecdb-4c9b-9962-9be5460d8694,M-1810,ORD-20260709-6074-0095,CONCESSION_ACCRUAL,20,181,2026-07-09T20:04:30+08:00
580eed35-b28c-48f8-bd5e-d586d73a4dd6,M-1027,ORD-20260709-1193-0096,CONCESSION_ACCRUAL,33,74,2026-07-09T23:44:06+08:00
edaf5dfc-e814-4722-910c-8bd0bbf982f0,M-1169,ORD-20260709-3698-0097,CONCESSION_ACCRUAL,11,266,2026-07-09T17:21:55+08:00
9056be5a-4523-4e45-a487-925d547bb842,M-1709,ORD-20260710-4376-0098,CONCESSION_ACCRUAL,18,252,2026-07-10T00:06:32+08:00
ef932c26-d4d9-40e9-a033-7f232a513620,M-1148,ORD-20260709-8631-0099,CONCESSION_ACCRUAL,14,333,2026-07-09T19:31:19+08:00
dda87dab-d37a-4de4-befe-b42b3fac80e2,M-1421,ORD-20260709-9569-0100,CONCESSION_ACCRUAL,10,396,2026-07-09T19:20:18+08:00
c753fb6f-56fd-4931-9101-8491d6d1051e,M-1136,ORD-20260709-1336-0101,CONCESSION_ACCRUAL,7,107,2026-07-09T09:48:25+08:00
6ea86a3a-5213-466d-bd95-93b5eb8d5b9e,M-1650,ORD-20260709-8476-0102,CONCESSION_ACCRUAL,3,477,2026-07-09T21:53:44+08:00
7f335e94-5f8a-49a8-8662-9acc6a99188b,M-1655,ORD-20260710-1017-0103,CONCESSION_ACCRUAL,13,33,2026-07-10T01:20:32+08:00
be1a110b-3608-4b77-bbbe-1f266dc2f510,M-1655,TIER_UPGRADE_Standard_TO_Silver,TIER_BONUS,50,83,2026-07-10T01:20:32+08:00
9ca18b45-d445-4835-88a3-b43dd959495b,M-1648,ORD-20260709-2488-0104,CONCESSION_ACCRUAL,7,678,2026-07-09T18:22:26+08:00
6182163c-5a7f-457c-9295-a96d5c8536da,M-1745,ORD-20260709-3969-0105,CONCESSION_ACCRUAL,3,184,2026-07-09T22:52:57+08:00
abb57207-2762-4044-b1f6-fa63874121ed,M-1546,ORD-20260709-9692-0106,CONCESSION_ACCRUAL,15,273,2026-07-09T20:57:52+08:00
ee1e39b2-909b-45f3-b9ce-795f1b7a529e,M-1083,ORD-20260709-2560-0107,CONCESSION_ACCRUAL,16,98,2026-07-09T21:31:23+08:00
c881b3b7-9f7c-4220-949d-32f8eb2565fb,M-1376,ORD-20260709-9709-0108,CONCESSION_ACCRUAL,12,340,2026-07-09T11:22:46+08:00
ca93606d-f512-410d-b453-dd0727ad2cd7,M-1199,ORD-20260709-6295-0109,CONCESSION_ACCRUAL,7,366,2026-07-09T22:43:03+08:00
fd46a079-16a5-4b8f-a574-ce5863e95962,M-1248,ORD-20260709-5482-0110,CONCESSION_ACCRUAL,9,129,2026-07-09T23:02:46+08:00
1d3a0b9e-2c85-441c-aea4-de552b4244f8,M-1685,ORD-20260709-9738-0111,CONCESSION_ACCRUAL,3,414,2026-07-09T23:31:31+08:00
472ef370-215d-4e28-89d3-d66ce0024b84,M-1589,ORD-20260709-9124-0112,CONCESSION_ACCRUAL,13,126,2026-07-09T19:52:29+08:00
0c2afcc2-1b68-4749-8225-4447f26449f1,M-1687,ORD-20260709-9839-0113,CONCESSION_ACCRUAL,15,322,2026-07-09T14:13:01+08:00
fb2aa4e8-b6af-4bcd-8234-66e7d268ea7c,M-1497,ORD-20260710-7379-0114,CONCESSION_ACCRUAL,41,681,2026-07-10T00:11:00+08:00
a609f610-2ec9-4072-928e-f711e6ddd34d,M-1433,ORD-20260709-9609-0115,CONCESSION_ACCRUAL,9,94,2026-07-09T18:50:19+08:00
9aa12793-7fba-49af-80a2-65704840da00,M-1277,ORD-20260710-7403-0116,CONCESSION_ACCRUAL,13,2710,2026-07-10T00:07:17+08:00
6d787a46-9912-49a4-81b0-fbce5fab7a4f,M-1410,ORD-20260709-6062-0117,CONCESSION_ACCRUAL,42,753,2026-07-09T07:29:01+08:00
e02fdbf6-5305-4511-a6e0-a59bd69f763e,M-1189,ORD-20260709-3719-0118,CONCESSION_ACCRUAL,12,104,2026-07-09T21:18:31+08:00
8d39b100-c250-4d4c-9981-367c22407786,M-1343,ORD-20260709-6143-0119,CONCESSION_ACCRUAL,15,144,2026-07-09T23:14:26+08:00
73b0a837-a13f-4ef0-bb62-6bee67381c79,M-1273,ORD-20260709-2782-0120,CONCESSION_ACCRUAL,25,743,2026-07-09T17:06:36+08:00
d493ba11-045a-4b6b-a06f-0eacec0762e3,M-1293,ORD-20260709-9264-0121,CONCESSION_ACCRUAL,8,421,2026-07-09T18:52:36+08:00
5fa01d50-c1e2-4b0c-b957-ad121e1f067b,M-1744,ORD-20260710-9033-0122,CONCESSION_ACCRUAL,8,419,2026-07-10T00:05:31+08:00
34656997-b47a-4c45-8d01-426361e4af29,M-1348,ORD-20260709-2120-0123,CONCESSION_ACCRUAL,19,166,2026-07-09T13:24:29+08:00
b3663437-852a-411b-b818-ed6c2319fccf,M-1454,ORD-20260709-8906-0124,CONCESSION_ACCRUAL,11,1454,2026-07-09T17:07:16+08:00
c3f10043-2b7c-41f9-876c-3f290e2cb6b5,M-1387,ORD-20260709-1831-0125,CONCESSION_ACCRUAL,15,92,2026-07-09T20:53:05+08:00
5c95ea6b-0932-4529-9848-82e298159bcb,M-1387,TIER_UPGRADE_Standard_TO_Silver,TIER_BONUS,50,142,2026-07-09T20:53:05+08:00
45bd24d3-8e97-4d84-9096-45564c0121f2,M-1715,ORD-20260709-9024-0126,CONCESSION_ACCRUAL,9,87,2026-07-09T19:51:46+08:00
cee74bb3-c63e-4498-b2e3-de7f8d14ec0b,M-1347,ORD-20260709-5784-0127,CONCESSION_ACCRUAL,13,3391,2026-07-09T22:18:31+08:00
86f90ef1-2174-4557-9110-c589f3f8709b,M-1764,ORD-20260709-2524-0128,CONCESSION_ACCRUAL,11,103,2026-07-09T17:25:44+08:00
42af725f-42e9-4386-8f75-f983391aadf0,M-1671,ORD-20260709-2319-0129,CONCESSION_ACCRUAL,13,264,2026-07-09T19:22:29+08:00
166f4fec-8f99-42bf-818d-e1aa457a13f4,M-1197,ORD-20260709-2491-0130,CONCESSION_ACCRUAL,12,112,2026-07-09T19:13:35+08:00
2d3f8b7a-b422-452f-9733-2d3556b0c279,M-1447,ORD-20260709-5146-0131,CONCESSION_ACCRUAL,6,152,2026-07-09T20:40:44+08:00
4ef1ee52-b751-42ee-ac1f-e106b063e58b,M-1677,ORD-20260709-1555-0132,CONCESSION_ACCRUAL,15,139,2026-07-09T22:28:38+08:00
02227cb8-1322-4363-a5b4-6fbf17b0a2b8,M-1568,ORD-20260709-1981-0133,CONCESSION_ACCRUAL,32,264,2026-07-09T18:51:40+08:00
08a539a4-f2ea-428d-8a67-e2556b759497,M-2169,ORD-20260709-6236-0134,CONCESSION_ACCRUAL,6,186,2026-07-09T18:21:56+08:00
f9b36094-da3c-4f91-876c-8f13a2dae52a,M-1022,ORD-20260710-2537-0135,CONCESSION_ACCRUAL,11,192,2026-07-10T00:18:44+08:00
c0f7b246-7261-4971-8b54-2e9ee7e5cb53,M-1264,ORD-20260710-8105-0136,CONCESSION_ACCRUAL,15,454,2026-07-10T04:49:57+08:00
39a2f1a0-ed45-4da5-9018-07421e022667,M-1256,ORD-20260710-6082-0137,CONCESSION_ACCRUAL,15,227,2026-07-10T00:42:01+08:00
be4b832f-19f3-4503-adcd-48dc457b8ca9,M-1503,ORD-20260709-4287-0138,CONCESSION_ACCRUAL,11,553,2026-07-09T17:16:22+08:00
b9c23a29-38a3-4f95-8045-a9bf5eacd8aa,M-1522,ORD-20260709-9015-0139,CONCESSION_ACCRUAL,31,310,2026-07-09T10:45:41+08:00
dcf52717-f366-4bf1-b34e-129c88e40005,M-1522,TIER_UPGRADE_Standard_TO_Silver,TIER_BONUS,50,360,2026-07-09T10:45:41+08:00
9948e452-9793-45b2-803b-b7b0a5baa4b9,M-1710,ORD-20260709-5931-0140,CONCESSION_ACCRUAL,25,221,2026-07-09T23:10:59+08:00
65d9e32d-5e6e-4c92-91a6-f44d4faf08ad,M-1311,ORD-20260709-5316-0141,CONCESSION_ACCRUAL,8,110,2026-07-09T22:10:19+08:00
45612887-6899-4e5c-9bc5-787a77794a53,M-1772,ORD-20260709-9753-0142,CONCESSION_ACCRUAL,15,44,2026-07-09T20:58:09+08:00
0dc2058e-0917-4a6c-a16f-adfcd5a49d25,M-1420,ORD-20260710-7459-0143,CONCESSION_ACCRUAL,10,530,2026-07-10T00:26:29+08:00
5cf43e8c-da12-4b6e-84a3-91153ce94965,M-1487,ORD-20260709-1381-0144,CONCESSION_ACCRUAL,13,1208,2026-07-09T16:43:02+08:00
f5e34d87-267b-4331-be88-34c6a4139cdb,M-1505,ORD-20260710-8826-0145,CONCESSION_ACCRUAL,3,259,2026-07-10T01:06:23+08:00
1bd67ca1-1424-4353-86fb-48d16e3c82f3,M-1263,ORD-20260709-1493-0146,CONCESSION_ACCRUAL,8,254,2026-07-09T22:41:09+08:00
1e460dd1-8642-47c0-a3db-d23a6a0ad944,M-1068,ORD-20260709-1897-0147,CONCESSION_ACCRUAL,12,181,2026-07-09T16:11:09+08:00
d99a2b54-2a2b-4154-929a-8501b2c16f02,M-1830,ORD-20260709-2605-0148,CONCESSION_ACCRUAL,26,211,2026-07-09T20:27:42+08:00
e551011e-c037-40ec-b5d3-8a1f3157cfa1,M-1301,ORD-20260709-5735-0149,CONCESSION_ACCRUAL,24,173,2026-07-09T19:12:58+08:00
51446d6b-a418-4aa0-a383-7f56beecdf1d,M-1104,ORD-20260709-7711-0150,CONCESSION_ACCRUAL,15,279,2026-07-09T20:35:23+08:00
c66bff50-b705-44d4-a52d-4567a19dcb7d,M-1414,ORD-20260710-3639-0151,CONCESSION_ACCRUAL,16,92,2026-07-10T00:27:46+08:00
4f6ccd54-8978-4f04-ad1a-108c0ce734d6,M-1548,ORD-20260710-4602-0152,CONCESSION_ACCRUAL,25,136,2026-07-10T02:20:14+08:00
c6c38b13-ca0a-40aa-bd8a-daf530a44881,M-1588,ORD-20260710-3963-0153,CONCESSION_ACCRUAL,13,1358,2026-07-10T00:26:53+08:00
dc3666e0-7ae5-4aad-96d7-07e89b5de0a8,M-2032,ORD-20260709-8896-0154,CONCESSION_ACCRUAL,21,81,2026-07-09T23:59:58+08:00
ae3cf53c-a6d5-4f94-a2d0-de7fd6352669,M-1398,ORD-20260710-3049-0155,CONCESSION_ACCRUAL,4,1556,2026-07-10T00:15:28+08:00
acd69d38-d169-43de-82b0-9d362766f51e,M-1117,ORD-20260709-1212-0156,CONCESSION_ACCRUAL,22,202,2026-07-09T22:40:01+08:00
46f54f1a-efcb-4b17-b725-a31a616a3411,M-1712,ORD-20260709-5920-0157,CONCESSION_ACCRUAL,36,146,2026-07-09T17:23:12+08:00
d0a7c109-d88e-4e41-889a-2ce319a4edf8,M-1618,ORD-20260710-9598-0158,CONCESSION_ACCRUAL,3,207,2026-07-10T01:42:23+08:00
dfdda822-c1cd-4385-b31a-36a7eedb16dc,M-1081,ORD-20260709-7258-0159,CONCESSION_ACCRUAL,11,403,2026-07-09T10:03:33+08:00
7c04df33-96be-4657-ae64-be69698ec31d,M-1459,ORD-20260709-3901-0160,CONCESSION_ACCRUAL,15,260,2026-07-09T15:38:21+08:00
c5d6c1e7-9337-438f-9d1f-051c0de90df0,M-1172,ORD-20260709-4285-0161,CONCESSION_ACCRUAL,7,229,2026-07-09T15:37:56+08:00
71c686bb-8aa8-4aff-af8d-5dd24e67b97a,M-1351,ORD-20260709-9924-0162,CONCESSION_ACCRUAL,6,151,2026-07-09T19:30:23+08:00
1c3f8158-ae23-4344-ab27-3c06a24639ab,M-1458,ORD-20260709-3823-0163,CONCESSION_ACCRUAL,33,188,2026-07-09T18:11:54+08:00
489f5678-c8bd-4b6e-b2b3-71d8c76b65d3,M-1662,ORD-20260709-7123-0164,CONCESSION_ACCRUAL,18,75,2026-07-09T18:58:15+08:00
ccc6d182-1c81-4ded-808d-b07ef66da794,M-1957,ORD-20260709-7037-0165,CONCESSION_ACCRUAL,24,94,2026-07-09T17:02:34+08:00
a2b3325f-dada-4114-bcc9-49ad7d99d693,M-1259,ORD-20260710-6680-0166,CONCESSION_ACCRUAL,27,92,2026-07-10T00:42:11+08:00
52bbbec9-4fb5-4a5b-b222-845cf7a157ac,M-2023,ORD-20260709-5777-0167,CONCESSION_ACCRUAL,13,116,2026-07-09T20:38:06+08:00
f438d820-9d9f-442f-b40e-294200f9d9c5,M-1211,ORD-20260709-1446-0168,CONCESSION_ACCRUAL,9,185,2026-07-09T17:16:47+08:00
eb4d73dc-6baf-4311-b40d-866c3bda63d8,M-1823,ORD-20260709-2843-0169,CONCESSION_ACCRUAL,18,398,2026-07-09T20:13:23+08:00
2e213e52-f283-44ab-bcc2-f871e9b0a0dd,M-1367,ORD-20260709-7455-0170,CONCESSION_ACCRUAL,6,180,2026-07-09T23:03:08+08:00
76e462bb-d751-47d7-b94d-72ee9bb0e358,M-1294,ORD-20260709-6828-0171,CONCESSION_ACCRUAL,9,176,2026-07-09T22:21:06+08:00
0ee7d1bb-764d-491e-ae67-0aa98d7361b1,M-1461,ORD-20260709-6738-0172,CONCESSION_ACCRUAL,3,367,2026-07-09T22:34:55+08:00
03bc60bf-7d61-4394-9629-9f99e854b7e2,M-1217,ORD-20260710-6057-0173,CONCESSION_ACCRUAL,21,215,2026-07-10T00:31:49+08:00
f6de9714-0d03-4f1a-b9df-055551336870,M-1153,ORD-20260709-9345-0174,CONCESSION_ACCRUAL,6,139,2026-07-09T04:50:17+08:00
4116b4ad-1e44-4305-9d76-89ae9ed5fe16,M-1715,ORD-20260709-9719-0175,CONCESSION_ACCRUAL,12,99,2026-07-09T16:19:14+08:00
a85010c5-b498-4bd9-98bd-3484dbf39766,M-1599,ORD-20260709-7841-0176,CONCESSION_ACCRUAL,6,163,2026-07-09T21:53:43+08:00
afbc76f9-e1f7-4cf6-85d7-32c6298b723f,M-1602,ORD-20260710-6354-0177,CONCESSION_ACCRUAL,10,169,2026-07-10T02:23:53+08:00
3402ea3e-949e-4f01-aadb-c47f83701c45,M-1577,ORD-20260709-1006-0178,CONCESSION_ACCRUAL,16,192,2026-07-09T19:02:14+08:00
e8d3d1da-0151-45d0-b2c9-cb1a85940be0,M-1127,ORD-20260709-8464-0179,CONCESSION_ACCRUAL,11,138,2026-07-09T21:53:27+08:00
b1724896-b0a2-4aea-88d2-9bd1fa246d30,M-1077,ORD-20260709-1597-0180,CONCESSION_ACCRUAL,6,156,2026-07-09T16:25:38+08:00
97928a83-ad3f-43a1-8a4b-9113112b051c,M-1175,ORD-20260709-6124-0181,CONCESSION_ACCRUAL,8,326,2026-07-09T20:43:55+08:00
2cb3b1d4-597e-4a10-95bb-2f9685d9c018,M-1543,ORD-20260709-4995-0182,CONCESSION_ACCRUAL,11,106,2026-07-09T10:33:02+08:00
61c271c8-8f3b-45cf-ba19-661dffa656c4,M-1438,ORD-20260709-8925-0183,CONCESSION_ACCRUAL,18,2662,2026-07-09T12:14:01+08:00
8e63645b-0b2d-47ec-b2fe-413070a62cd9,M-1712,ORD-20260709-1749-0184,CONCESSION_ACCRUAL,30,176,2026-07-09T20:04:46+08:00
4d68b324-65d2-4977-b6cf-c04935920ad8,M-1712,TIER_UPGRADE_Standard_TO_Silver,TIER_BONUS,50,226,2026-07-09T20:04:46+08:00
a03a5899-9e76-4a4b-8199-8ee1aa69bb2d,M-1841,ORD-20260709-1431-0185,CONCESSION_ACCRUAL,13,161,2026-07-09T21:48:44+08:00
247bf15f-5fec-414d-a88f-f347b118891c,M-1796,ORD-20260710-1249-0186,CONCESSION_ACCRUAL,9,98,2026-07-10T01:58:24+08:00
8042fa53-fbbd-4336-bbde-e1cb2631b864,M-1748,ORD-20260709-5457-0187,CONCESSION_ACCRUAL,33,294,2026-07-09T23:08:59+08:00
5bee2dd5-81bb-4842-bb83-9765b0ee959a,M-1665,ORD-20260709-7993-0188,CONCESSION_ACCRUAL,39,2093,2026-07-09T22:58:40+08:00
c87d0e04-463c-40a6-883a-fc9ed8b2d208,M-1930,ORD-20260709-9894-0189,CONCESSION_ACCRUAL,9,37,2026-07-09T23:31:12+08:00
dbd95dd5-6f47-4ec5-b703-2ec3aa6bff3a,M-1202,ORD-20260709-8442-0190,CONCESSION_ACCRUAL,22,1581,2026-07-09T23:31:59+08:00
7b85c70e-d800-4cd6-9e0c-3bcfc4608941,M-1476,ORD-20260709-4821-0191,CONCESSION_ACCRUAL,57,279,2026-07-09T23:43:19+08:00
58b92694-0785-4846-945b-e1195b1c9169,M-1476,TIER_UPGRADE_Silver_TO_Gold,TIER_BONUS,100,379,2026-07-09T23:43:19+08:00
c7835733-8f2c-4923-91f2-382ef025a943,M-1792,ORD-20260710-8430-0192,CONCESSION_ACCRUAL,18,2294,2026-07-10T00:55:06+08:00
1524d1cb-dfaf-4e7a-a394-9675ebd4290f,M-1236,ORD-20260709-1034-0193,CONCESSION_ACCRUAL,39,193,2026-07-09T22:47:32+08:00
0214a89c-4557-4238-a209-bcc4c14a2aa3,M-1735,ORD-20260709-2478-0194,CONCESSION_ACCRUAL,15,184,2026-07-09T15:48:59+08:00
bdd070a8-fa44-448e-8326-b91eb1bede98,M-1785,ORD-20260709-3291-0195,CONCESSION_ACCRUAL,7,78,2026-07-09T18:28:37+08:00
8c4f6595-b465-45b1-9893-4fbc8f17400e,M-1660,ORD-20260709-1655-0196,CONCESSION_ACCRUAL,14,157,2026-07-09T15:07:08+08:00
81b49ae8-9733-4c25-8c2b-1f371657a2bc,M-1140,ORD-20260709-1900-0197,CONCESSION_ACCRUAL,15,281,2026-07-09T23:36:55+08:00
f850a523-e741-42b8-959b-beee2baf4b39,M-1579,ORD-20260709-2205-0198,CONCESSION_ACCRUAL,11,2377,2026-07-09T13:48:52+08:00
327d1ffe-7e1d-4b23-a3dd-d00f5230acc9,M-1375,ORD-20260709-2962-0199,CONCESSION_ACCRUAL,12,98,2026-07-09T23:40:33+08:00
9909dd14-5eab-42c9-b2bc-c15d142389f3,M-1792,ORD-20260709-8732-0200,CONCESSION_ACCRUAL,9,2303,2026-07-09T20:17:51+08:00
61f81ffa-a0f4-437a-9910-1ec7ac6e63c6,M-1053,ORD-20260709-2448-0201,CONCESSION_ACCRUAL,12,171,2026-07-09T15:51:39+08:00
2defe2a8-4556-4013-a6bd-be0a5c13c84e,M-1725,ORD-20260709-6853-0202,CONCESSION_ACCRUAL,8,148,2026-07-09T21:55:40+08:00
49992912-ab07-49f9-af32-4a3cbd0f60f1,M-1032,ORD-20260709-7735-0203,CONCESSION_ACCRUAL,6,101,2026-07-09T22:35:44+08:00
72cf4e8e-7c86-4bab-bd29-8ff6e62d8e64,M-1005,ORD-20260709-6701-0204,CONCESSION_ACCRUAL,12,166,2026-07-09T18:15:36+08:00
2dca09dd-830d-4cbb-bb2f-040a519f6f4e,M-1462,ORD-20260709-3321-0205,CONCESSION_ACCRUAL,10,503,2026-07-09T23:32:44+08:00
0255a9a3-335a-4daa-bce8-76bd5a0ed213,M-1188,ORD-20260710-7146-0206,CONCESSION_ACCRUAL,3,458,2026-07-10T01:06:14+08:00
a45de9a7-67ad-4d51-bb88-41c4f996c11a,M-1684,ORD-20260709-1713-0207,CONCESSION_ACCRUAL,10,92,2026-07-09T18:50:06+08:00
f9918226-ddc2-420d-b948-09be458e5ad4,M-1062,ORD-20260709-6068-0208,CONCESSION_ACCRUAL,5,55,2026-07-09T22:53:53+08:00
ec067e26-829f-47f3-84eb-4d95515e25a1,M-1124,ORD-20260710-8843-0209,CONCESSION_ACCRUAL,12,70,2026-07-10T00:33:43+08:00
3bde3cd4-bd79-41e4-9926-07085540870c,M-1493,ORD-20260710-6409-0210,CONCESSION_ACCRUAL,42,144,2026-07-10T02:03:50+08:00
3b69b47e-1713-4bcc-be60-4285aacdafc8,M-1419,ORD-20260709-1110-0211,CONCESSION_ACCRUAL,3,231,2026-07-09T15:59:18+08:00
036933a3-7bd8-4b9e-9bd1-45352e3fc388,M-1049,ORD-20260710-4629-0212,CONCESSION_ACCRUAL,16,211,2026-07-10T00:39:51+08:00
d01e08f6-1ec9-4986-870d-24d3264f64a2,M-1063,ORD-20260709-4589-0213,CONCESSION_ACCRUAL,20,199,2026-07-09T23:14:32+08:00
b5afa866-d1f0-481f-adea-a74fe03def11,M-1173,ORD-20260709-6959-0214,CONCESSION_ACCRUAL,18,158,2026-07-09T23:37:53+08:00
957b2ea1-1e03-4980-933d-548f4f6e5086,M-1739,ORD-20260709-9110-0215,CONCESSION_ACCRUAL,16,48,2026-07-09T22:12:48+08:00
ba95e008-1c82-46fc-b7e4-9ee27826843c,M-1257,ORD-20260709-6719-0216,CONCESSION_ACCRUAL,15,151,2026-07-09T20:21:56+08:00
bfbf8ad7-31b0-49c4-a048-a3c616958762,M-1569,ORD-20260709-9714-0217,CONCESSION_ACCRUAL,9,126,2026-07-09T19:35:45+08:00
d37f5efb-1944-4a31-aac8-7967a2b8c1cc,M-1725,ORD-20260709-2956-0218,CONCESSION_ACCRUAL,16,164,2026-07-09T09:09:40+08:00
551e800c-9a57-47c5-a16b-78c4ce712e26,M-1527,ORD-20260710-8024-0219,CONCESSION_ACCRUAL,8,110,2026-07-10T00:34:38+08:00
7dd1cfef-0059-4fc1-866c-633fa8ea32a3,M-1267,ORD-20260709-6009-0220,CONCESSION_ACCRUAL,8,161,2026-07-09T18:20:31+08:00
a6315e13-d89f-4f22-9ed7-3de0daed4e4b,M-1166,ORD-20260710-4201-0221,CONCESSION_ACCRUAL,6,117,2026-07-10T00:53:01+08:00
aeabfbf7-b698-4e4f-b5b6-993629eec33c,M-1525,ORD-20260709-7724-0222,CONCESSION_ACCRUAL,18,544,2026-07-09T20:52:33+08:00
4416eac5-401b-4f1f-9a74-4c44bb40e397,M-1014,ORD-20260710-8659-0223,CONCESSION_ACCRUAL,69,554,2026-07-10T01:40:34+08:00
83ddbc21-fe09-4717-afb6-13298e46d337,M-1062,ORD-20260709-3161-0224,CONCESSION_ACCRUAL,6,61,2026-07-09T19:19:13+08:00
690c552b-96ab-487d-9010-ba17b8b2f1ce,M-1622,ORD-20260710-9353-0225,CONCESSION_ACCRUAL,45,79,2026-07-10T01:09:21+08:00
1885a7a7-944a-435d-959a-72e0b89e131f,M-1096,ORD-20260709-3005-0226,CONCESSION_ACCRUAL,8,168,2026-07-09T21:12:08+08:00
dd2781a3-0cf9-4970-9cae-a551f604d013,M-1225,ORD-20260709-5878-0227,CONCESSION_ACCRUAL,8,232,2026-07-09T18:35:08+08:00
6298a915-82a8-4879-b8c0-0764db1448f4,M-1777,ORD-20260709-1857-0228,CONCESSION_ACCRUAL,18,181,2026-07-09T12:12:05+08:00
78023213-9fad-4225-8b1b-ab42e0f61d44,M-1643,ORD-20260709-6382-0229,CONCESSION_ACCRUAL,18,211,2026-07-09T15:25:25+08:00
aa01d9dc-7e03-46d6-8316-f53842a2ee11,M-1543,ORD-20260709-4301-0230,CONCESSION_ACCRUAL,16,122,2026-07-09T18:03:42+08:00
f28e49d0-ce37-435a-ba1b-80e6fe3fbb12,M-1610,ORD-20260709-6655-0231,CONCESSION_ACCRUAL,12,208,2026-07-09T20:59:27+08:00
ecbf7625-8404-4c0a-9e10-c372d0ed8099,M-1142,ORD-20260709-2566-0232,CONCESSION_ACCRUAL,11,350,2026-07-09T23:56:15+08:00
5530b15f-be88-4feb-9471-fa4e3ada67f9,M-1608,ORD-20260709-2438-0233,CONCESSION_ACCRUAL,3,199,2026-07-09T20:37:04+08:00
f7717c5d-3d8e-43f8-9c78-252482ac9320,M-1122,ORD-20260709-9578-0234,CONCESSION_ACCRUAL,30,69,2026-07-09T23:10:36+08:00
83de4282-65b1-4b00-baab-103b4ee9717a,M-1107,ORD-20260709-9156-0235,CONCESSION_ACCRUAL,6,35,2026-07-09T19:23:00+08:00
ccf884e9-bf94-4435-b4dd-cd882c2fed22,M-1371,ORD-20260709-1430-0236,CONCESSION_ACCRUAL,15,299,2026-07-09T22:13:00+08:00
146d4dc8-4d39-474e-8bb2-5402bbe22dcc,M-1696,ORD-20260709-4649-0237,CONCESSION_ACCRUAL,8,922,2026-07-09T18:54:00+08:00
03b58edd-257b-4de4-98f7-ebfa1c8cf6cf,M-2100,ORD-20260709-3915-0238,CONCESSION_ACCRUAL,6,54,2026-07-09T21:44:00+08:00
a4d7b040-9eac-47e9-8282-cc52aa2155e3,M-1396,ORD-20260709-3282-0239,CONCESSION_ACCRUAL,25,261,2026-07-09T17:56:00+08:00
a28a9d93-aba1-4cb8-a508-9be27581f101,M-1614,ORD-20260709-5596-0240,CONCESSION_ACCRUAL,6,72,2026-07-09T19:32:00+08:00
7368af01-d491-411b-a5f3-6429c6adcb78,M-1011,ORD-20260709-3350-0241,CONCESSION_ACCRUAL,22,665,2026-07-09T18:21:00+08:00
0b6d7ee9-4954-45bc-87f9-4a180c4644e5,M-1449,ORD-20260709-6805-0242,CONCESSION_ACCRUAL,6,167,2026-07-09T15:36:00+08:00
434413af-9435-4230-a191-b77b2e7f606e,M-1175,ORD-20260709-9633-0243,CONCESSION_ACCRUAL,16,342,2026-07-09T20:26:00+08:00
c44151bc-de53-4c02-b6a7-6244b560654b,M-1839,ORD-20260709-1733-0244,CONCESSION_ACCRUAL,3,132,2026-07-09T12:51:00+08:00
9c712631-e2de-4ad1-a748-147257fd034c,M-1839,TIER_UPGRADE_Standard_TO_Silver,TIER_BONUS,50,182,2026-07-09T12:51:00+08:00
09376591-731f-49fb-8803-2eb802da65de,M-1061,ORD-20260709-6212-0245,CONCESSION_ACCRUAL,29,323,2026-07-09T15:06:00+08:00
7f5c3e1c-fd7a-4b1b-af9e-c64db4cf236d,M-1292,ORD-20260709-9363-0246,CONCESSION_ACCRUAL,15,343,2026-07-09T22:31:00+08:00
7521c041-f1ad-49b8-a1c8-685a04aeef43,M-1830,ORD-20260709-1760-0247,CONCESSION_ACCRUAL,11,222,2026-07-09T18:26:00+08:00
e96801e2-e477-4aa3-b401-2300ac9cbb78,M-1734,ORD-20260709-5584-0248,CONCESSION_ACCRUAL,3,959,2026-07-09T17:51:00+08:00
122e4bc2-6a8a-417f-b5a2-5d18da35781a,M-1785,ORD-20260709-3712-0249,CONCESSION_ACCRUAL,19,97,2026-07-09T14:18:00+08:00
be874b70-1ed2-4cf3-8136-722148fb96a9,M-1321,ORD-20260709-4092-0250,CONCESSION_ACCRUAL,12,47,2026-07-09T13:18:00+08:00
3eefa017-599f-4765-80e4-cc2cf41c48fa,M-2000,ORD-20260709-8550-0251,CONCESSION_ACCRUAL,6,79,2026-07-09T19:46:00+08:00
cdc8aa19-c1f9-4ef6-ac14-6f7bb1dad4e8,M-1328,ORD-20260709-7687-0252,CONCESSION_ACCRUAL,9,109,2026-07-09T19:16:00+08:00
48e6882a-9566-4fc9-91a9-ce5fd74f0976,M-1309,ORD-20260709-1960-0253,CONCESSION_ACCRUAL,13,187,2026-07-09T21:55:00+08:00
941b5524-61a6-457c-b28d-c8dbbd87ccce,M-1254,ORD-20260709-3664-0254,CONCESSION_ACCRUAL,7,156,2026-07-09T16:43:00+08:00
eb25b3af-08d4-42ce-8a11-c5f410b33449,M-1003,ORD-20260709-6228-0255,CONCESSION_ACCRUAL,18,134,2026-07-09T12:26:00+08:00
bd5b1194-f59f-4b61-8d25-de19c5019dab,M-1003,TIER_UPGRADE_Standard_TO_Silver,TIER_BONUS,50,184,2026-07-09T12:26:00+08:00
87f6414a-e392-4810-ac41-53c74a53e17f,M-1514,ORD-20260709-8763-0256,CONCESSION_ACCRUAL,11,129,2026-07-09T22:02:00+08:00
c14a3911-9a74-4f54-8544-e91be18da2a6,M-1794,ORD-20260709-5880-0257,CONCESSION_ACCRUAL,18,160,2026-07-09T13:12:00+08:00
6bedf973-e416-4956-90ec-ced9b8bb1071,M-1192,ORD-20260709-7347-0258,CONCESSION_ACCRUAL,8,174,2026-07-09T22:45:00+08:00
ceb47f15-a779-47bb-b769-2a8050f31f7a,M-1741,ORD-20260709-7201-0259,CONCESSION_ACCRUAL,16,422,2026-07-09T20:38:00+08:00
4202651a-aacf-4d79-a11d-aeda7d0a449a,M-1031,ORD-20260709-4938-0260,CONCESSION_ACCRUAL,21,757,2026-07-09T10:34:00+08:00
7cf3e6fd-6de2-4911-9f56-75a10127b1d9,M-1522,ORD-20260709-7585-0261,CONCESSION_ACCRUAL,3,363,2026-07-09T09:13:00+08:00
444dc668-9cf5-4858-bdee-2779d0a0f553,M-1241,ORD-20260709-3337-0262,CONCESSION_ACCRUAL,6,118,2026-07-09T19:34:00+08:00
fd000da0-8457-4e2c-8d3d-11769db4e732,M-1087,ORD-20260709-6943-0263,CONCESSION_ACCRUAL,4,668,2026-07-09T14:26:00+08:00
e47835eb-ee01-43f4-8485-f117a7f7f4d4,M-1056,ORD-20260709-2279-0264,CONCESSION_ACCRUAL,6,162,2026-07-09T20:50:00+08:00
374de3ad-7c08-46aa-8f13-e0401cdc8498,M-1655,ORD-20260709-5492-0265,CONCESSION_ACCRUAL,15,98,2026-07-09T11:17:00+08:00
16f22d06-a201-4fef-9664-eb241de31fec,M-1058,ORD-20260709-7856-0266,CONCESSION_ACCRUAL,31,289,2026-07-09T11:05:00+08:00
3aa43f1a-add5-411f-b254-be306a62587b,M-1072,ORD-20260709-2937-0267,CONCESSION_ACCRUAL,24,122,2026-07-09T16:18:00+08:00
fef1b003-7467-4ae7-9123-a77b2325500c,M-1143,ORD-20260709-3104-0268,CONCESSION_ACCRUAL,13,3403,2026-07-09T21:07:00+08:00
2965fdd4-c525-4987-b015-439364816330,M-1191,ORD-20260709-3155-0269,CONCESSION_ACCRUAL,6,127,2026-07-09T16:33:00+08:00
8df960fe-ece4-4a92-b41a-c6eaeb199e62,M-1540,ORD-20260709-1711-0270,CONCESSION_ACCRUAL,22,432,2026-07-09T21:01:00+08:00
dd74fbd7-2261-47c7-95c3-537b1bbda425,M-1166,ORD-20260709-7009-0271,CONCESSION_ACCRUAL,8,125,2026-07-09T13:13:00+08:00
16c01215-f459-4579-a8d5-18a994a07730,M-1715,ORD-20260709-1092-0272,CONCESSION_ACCRUAL,6,105,2026-07-09T15:38:00+08:00
06c5fbc8-3dc4-4283-9c9c-a8e8f3bb5f88,M-1147,ORD-20260709-4432-0273,CONCESSION_ACCRUAL,6,230,2026-07-09T17:26:00+08:00
8545b4ad-7286-460e-9422-e965065fb354,M-1666,ORD-20260709-7543-0274,CONCESSION_ACCRUAL,40,279,2026-07-09T19:24:00+08:00
126976bf-4b1c-462a-888e-a6461a4d4450,M-1421,ORD-20260709-9355-0275,CONCESSION_ACCRUAL,35,431,2026-07-09T20:16:00+08:00
9ab2d8b5-b575-45c4-a1b3-6703c0e9d3f4,M-1787,ORD-20260709-2431-0276,CONCESSION_ACCRUAL,15,127,2026-07-09T15:37:00+08:00
92759b4e-56b5-4384-adc3-4666b24360f2,M-1654,ORD-20260709-8654-0277,CONCESSION_ACCRUAL,7,216,2026-07-09T21:58:00+08:00
cbf9e74b-aca7-4600-9775-da986895355d,M-1414,ORD-20260709-9926-0278,CONCESSION_ACCRUAL,36,128,2026-07-09T22:56:00+08:00
a7e5d457-ec89-4e53-a4f4-89a30a017604,M-1598,ORD-20260709-8336-0279,CONCESSION_ACCRUAL,12,141,2026-07-09T20:26:00+08:00
a59a6e94-3155-4463-88bd-4d150ea3a969,M-1527,ORD-20260709-7149-0280,CONCESSION_ACCRUAL,13,123,2026-07-09T20:37:00+08:00
8eb4ec6f-708a-429f-9ee7-3bcee7540eb1,M-1691,ORD-20260709-8127-0281,CONCESSION_ACCRUAL,6,127,2026-07-09T22:05:00+08:00
548911df-b25c-4636-a0c6-3273eb1f6ae5,M-1777,ORD-20260709-1665-0282,CONCESSION_ACCRUAL,11,192,2026-07-09T17:15:00+08:00
fe975651-f9be-4a93-abb1-ab981050c652,M-1284,ORD-20260709-2413-0283,CONCESSION_ACCRUAL,12,203,2026-07-09T22:50:00+08:00
f270bcbb-8e38-4eca-a003-ab4f9850c518,M-1584,ORD-20260709-1877-0284,CONCESSION_ACCRUAL,23,98,2026-07-09T16:26:00+08:00
bdf5ae22-6d2c-40a3-962c-d0a67c2795ea,M-1584,TIER_UPGRADE_Standard_TO_Silver,TIER_BONUS,50,148,2026-07-09T16:26:00+08:00
c3556470-e1cc-40b7-ba1f-a14a9ebceecb,M-1429,ORD-20260709-5114-0285,CONCESSION_ACCRUAL,10,515,2026-07-09T13:18:00+08:00
dc764967-487a-481a-aaa8-21cea09a4d2f,M-1494,ORD-20260709-2042-0286,CONCESSION_ACCRUAL,8,276,2026-07-09T12:01:00+08:00
6352f54d-cb98-428b-9074-57395c5084dd,M-1029,ORD-20260709-3606-0287,CONCESSION_ACCRUAL,8,375,2026-07-09T09:11:00+08:00
f0bf0ef2-83e7-4922-8519-5180add4ed17,M-1074,ORD-20260709-5901-0288,CONCESSION_ACCRUAL,18,164,2026-07-09T10:40:00+08:00
67428cf3-3ed2-4353-b1d3-822d56e4e1b1,M-1256,ORD-20260709-3049-0289,CONCESSION_ACCRUAL,23,250,2026-07-09T19:50:00+08:00
284385b6-be5b-4e9b-a040-085f222c2ad2,M-1353,ORD-20260709-1902-0290,CONCESSION_ACCRUAL,7,138,2026-07-09T20:17:00+08:00
496c9df4-be09-4f82-ad86-32f78b60eea4,M-1475,ORD-20260709-2424-0291,CONCESSION_ACCRUAL,21,214,2026-07-09T16:29:00+08:00
7f7db868-59d2-4c7b-8fc9-002e49bfc143,M-1645,ORD-20260709-9909-0292,CONCESSION_ACCRUAL,8,131,2026-07-09T20:33:00+08:00
59148443-2c3f-4624-a918-1e46c161b4fb,M-1064,ORD-20260709-1039-0293,CONCESSION_ACCRUAL,9,165,2026-07-09T18:37:00+08:00
76cb4f4a-46c9-49f7-8902-36684bad2c24,M-1240,ORD-20260709-8254-0294,CONCESSION_ACCRUAL,15,377,2026-07-09T12:40:00+08:00
d9d7d6eb-c844-4c75-8914-96a8dbf8e888,M-1265,ORD-20260709-8160-0295,CONCESSION_ACCRUAL,45,293,2026-07-09T20:14:00+08:00
a472e6e8-32c8-4686-9f30-07a89375fcaa,M-1479,ORD-20260709-8880-0296,CONCESSION_ACCRUAL,30,2500,2026-07-09T15:46:00+08:00
392ef92a-5d4e-4f9a-9f7b-d22397f9d6f8,M-1673,ORD-20260709-7072-0297,CONCESSION_ACCRUAL,10,253,2026-07-09T15:57:00+08:00
d72737ed-bc43-4aa2-93ab-0cf295264c0f,M-1399,ORD-20260709-8768-0298,CONCESSION_ACCRUAL,11,206,2026-07-09T19:18:00+08:00
ba91a68b-a51b-402d-9e4d-d4d60b58cb5f,M-1399,TIER_UPGRADE_Standard_TO_Silver,TIER_BONUS,50,256,2026-07-09T19:18:00+08:00
3beb68c7-3252-4431-9fc2-71db7332e331,M-1746,ORD-20260709-9340-0299,CONCESSION_ACCRUAL,9,61,2026-07-09T19:18:00+08:00
c784d919-f94b-4cf0-acb7-68a9b74f8f9c,M-1238,ORD-20260709-6308-0300,CONCESSION_ACCRUAL,11,242,2026-07-09T17:48:00+08:00
281585c9-8d8e-4789-84c5-3f998ce585c9,M-1768,ORD-20260709-2398-0301,CONCESSION_ACCRUAL,23,111,2026-07-09T18:36:00+08:00
1aff4c72-1ff2-4cfb-84ee-109b247228a9,M-1686,ORD-20260709-5040-0302,CONCESSION_ACCRUAL,14,171,2026-07-09T12:34:00+08:00
6990dff6-4311-4d58-8430-3f7522d6272f,M-2142,ORD-20260709-9747-0303,CONCESSION_ACCRUAL,21,97,2026-07-09T11:17:00+08:00
0155ee08-052b-4d50-a4cc-3240bed30091,M-1598,ORD-20260709-3814-0304,CONCESSION_ACCRUAL,18,159,2026-07-09T21:31:00+08:00
ea59a7c5-384c-46ff-9c37-1f13de877db1,M-1244,ORD-20260709-9687-0305,CONCESSION_ACCRUAL,6,184,2026-07-09T14:12:00+08:00
f491a7e0-5652-44c6-90e7-88f06e6cf24e,M-1419,ORD-20260709-2131-0306,CONCESSION_ACCRUAL,21,252,2026-07-09T20:13:00+08:00
bfdca856-d0dd-4e81-959d-130bea3b24fa,M-1759,ORD-20260709-9760-0307,CONCESSION_ACCRUAL,19,244,2026-07-09T20:22:00+08:00
5bf2545c-407d-4187-9227-1ada6afef2fd,M-1376,ORD-20260709-4818-0308,CONCESSION_ACCRUAL,16,356,2026-07-09T14:01:00+08:00
0c0a83c5-afed-4433-bf58-fbe308564d87,M-1490,ORD-20260709-3235-0309,CONCESSION_ACCRUAL,9,210,2026-07-09T16:06:00+08:00
f6923b01-b466-43f2-b8f4-fbc037531be0,M-1793,ORD-20260709-5109-0310,CONCESSION_ACCRUAL,20,893,2026-07-09T18:00:00+08:00
c0c2abd7-87c4-41fd-ae57-2b3a8ca4f317,M-1096,ORD-20260709-8644-0311,CONCESSION_ACCRUAL,7,175,2026-07-09T18:02:00+08:00
2c476211-e6b1-4731-96f5-40399fb8aeb2,M-1124,ORD-20260709-2495-0312,CONCESSION_ACCRUAL,6,76,2026-07-09T11:38:00+08:00
76b6afc2-303a-4db6-b7de-733f3d4df949,M-1817,ORD-20260709-9569-0313,CONCESSION_ACCRUAL,3,307,2026-07-09T10:02:00+08:00
