ledger_id,member_id,source_reference_id,transaction_type,points_delta,resulting_balance,created_at
f7ebd0e4-e096-48cd-9b02-9c31f9279c28,M-1210,SESS-20260825-2081-0000,RENTAL_ACCRUAL,48,1532,2026-08-25T16:15:00+08:00
c3cc644e-d99b-4f01-b9b1-83294bf224f3,M-1419,SESS-20260825-5823-0001,RENTAL_ACCRUAL,45,219,2026-08-26T04:15:00+08:00
8da82b7d-87e9-45bb-b568-6cd48295c318,M-1809,SESS-20260825-5492-0002,RENTAL_ACCRUAL,30,682,2026-08-25T20:15:00+08:00
6ad0c878-d30d-4066-a7ca-d08d620416ab,M-1340,SESS-20260825-5243-0003,RENTAL_ACCRUAL,6,552,2026-08-25T13:45:00+08:00
df7e2e8f-22b1-4d87-bbeb-36eb1481068a,M-1802,SESS-20260825-4106-0004,RENTAL_REDEMPTION,-100,183,2026-08-25T08:15:00+08:00
8c9adbb3-7b4b-47a1-9db8-1d3d332cb001,M-1802,SESS-20260825-4106-0004,RENTAL_ACCRUAL,10,193,2026-08-25T11:15:00+08:00
f68ba5dc-c6cd-4a4f-9d16-22a38586e3f7,M-1759,SESS-20260825-9708-0005,RENTAL_ACCRUAL,9,494,2026-08-25T13:45:00+08:00
df946d6e-4001-40b7-8ca6-a61bf56ad7e2,M-1191,SESS-20260825-7737-0006,RENTAL_ACCRUAL,18,97,2026-08-25T06:45:00+08:00
829bd2c8-94fa-4661-865e-094470ed11a5,M-1931,SESS-20260825-4344-0007,RENTAL_ACCRUAL,5,108,2026-08-25T10:30:00+08:00
b9a4b0ec-f5e8-496f-9272-3a51ba1cfdea,M-1888,SESS-20260825-3572-0008,RENTAL_ACCRUAL,60,258,2026-08-25T19:45:00+08:00
d7dd4fb2-b218-4631-8f6b-f52ffcf937f5,M-1888,TIER_UPGRADE_Standard_TO_Silver,TIER_BONUS,50,308,2026-08-25T19:45:00+08:00
bd175c18-4f88-4996-b710-cfda30499d23,M-1608,SESS-20260825-5850-0009,RENTAL_REDEMPTION,-100,330,2026-08-25T16:15:00+08:00
2912eca4-46ee-4c0e-aba1-43742e3648ba,M-1608,SESS-20260825-5850-0009,RENTAL_ACCRUAL,2,332,2026-08-25T17:15:00+08:00
1f09d549-2f60-4e06-9e12-387b15d30ed6,M-2021,SESS-20260825-2216-0010,RENTAL_ACCRUAL,27,186,2026-08-25T23:15:00+08:00
dfea49ff-d660-4021-8ff6-21f731208161,M-1719,SESS-20260825-1116-0011,RENTAL_ACCRUAL,6,341,2026-08-25T22:15:00+08:00
0472422c-4a3f-4f5e-8db8-246d1bb7e605,M-1653,SESS-20260825-9156-0012,RENTAL_ACCRUAL,16,395,2026-08-26T00:30:00+08:00
287830ec-5769-46ed-8cbe-c9dbb3727319,M-1919,SESS-20260825-2411-0013,RENTAL_ACCRUAL,15,45,2026-08-26T00:45:00+08:00
ee990e8e-7e6f-45bd-af16-f50309b9e5db,M-1823,SESS-20260825-5135-0014,RENTAL_ACCRUAL,30,736,2026-08-26T03:30:00+08:00
b940542b-c1d5-467b-a77d-16d88dcda337,M-1541,SESS-20260825-2996-0015,RENTAL_ACCRUAL,30,260,2026-08-26T03:30:00+08:00
20642b79-619d-408b-a55b-0635b2f3d3d6,M-1016,SESS-20260825-7540-0016,RENTAL_ACCRUAL,45,241,2026-08-26T03:45:00+08:00
654e4d7d-4b7b-45ef-9423-17901ff691c4,M-1398,SESS-20260825-5344-0017,RENTAL_ACCRUAL,6,302,2026-08-25T19:15:00+08:00
07bb09e7-7f95-4744-ad15-8605d8b410a7,M-2124,SESS-20260825-9881-0018,RENTAL_REDEMPTION,-200,37,2026-08-25T20:15:00+08:00
6b1b7d13-6d45-4777-9f20-7da965b6a3ee,M-2124,SESS-20260825-9881-0018,RENTAL_ACCRUAL,26,63,2026-08-25T23:15:00+08:00
bb57be10-7776-4e76-9ce5-a6e32151182d,M-2124,TIER_UPGRADE_Standard_TO_Silver,TIER_BONUS,50,113,2026-08-25T23:15:00+08:00
4b783f57-76d6-4d24-b06a-70ee67ef0983,M-1054,SESS-20260825-7586-0019,RENTAL_REDEMPTION,-100,76,2026-08-25T17:30:00+08:00
e832190e-eb42-4178-8fa8-845ff1843071,M-1054,SESS-20260825-7586-0019,RENTAL_ACCRUAL,5,81,2026-08-25T19:30:00+08:00
5aa63aab-83ab-448d-895c-aa0efd898eb7,M-1313,SESS-20260825-6842-0020,RENTAL_REDEMPTION,-100,381,2026-08-25T08:45:00+08:00
2f2e909a-da2b-40fd-8d4e-d91c2021343a,M-1313,SESS-20260825-6842-0020,RENTAL_ACCRUAL,5,386,2026-08-25T10:45:00+08:00
62cd395d-0e08-4b09-a2d4-b6f6e9cfa059,M-1341,SESS-20260825-3569-0021,RENTAL_ACCRUAL,27,472,2026-08-25T17:15:00+08:00
8be3f350-d0ae-4669-9f83-77f29d3e448e,M-1433,SESS-20260825-3538-0022,RENTAL_ACCRUAL,11,249,2026-08-25T11:00:00+08:00
d3feec17-8ed6-4e24-90fb-cf4a80989ff7,M-1948,SESS-20260825-7910-0023,RENTAL_REDEMPTION,-100,303,2026-08-25T11:15:00+08:00
d5a50e77-945c-4007-af5c-0a380af36f4c,M-1948,SESS-20260825-7910-0023,RENTAL_ACCRUAL,11,314,2026-08-25T13:15:00+08:00
c56a9322-9dfd-418a-a244-07d668d168fe,M-2172,SESS-20260825-1414-0024,RENTAL_ACCRUAL,18,595,2026-08-25T23:45:00+08:00
9fef77ef-d39b-4857-bada-85892f1a5840,M-1131,SESS-20260825-8533-0025,RENTAL_ACCRUAL,11,225,2026-08-25T13:20:00+08:00
93ad2874-6409-4cee-b0da-e7c16d15c40f,M-1131,TIER_UPGRADE_Silver_TO_Gold,TIER_BONUS,100,325,2026-08-25T13:20:00+08:00
7d370f02-b306-45ef-a247-5177bd9803d7,M-1846,SESS-20260825-3726-0026,RENTAL_ACCRUAL,40,128,2026-08-25T18:15:00+08:00
069f9381-702d-4ff4-89ad-deaaed45b893,M-1714,SESS-20260825-9910-0027,RENTAL_ACCRUAL,9,155,2026-08-25T20:00:00+08:00
80d81f18-6a74-439d-9e72-129e5d48018b,M-1978,SESS-20260825-5624-0028,RENTAL_ACCRUAL,16,226,2026-08-25T21:15:00+08:00
2aad08f4-b027-41b8-a03a-0a9c869347a2,M-1432,SESS-20260825-2628-0029,RENTAL_ACCRUAL,28,3499,2026-08-25T20:00:00+08:00
12f0aa04-1187-4c8d-9c64-612cd8cc1323,M-1893,SESS-20260825-6989-0030,RENTAL_ACCRUAL,25,160,2026-08-25T16:00:00+08:00
9306f05e-7ab7-4893-b5eb-94900539c4b7,M-1592,SESS-20260825-7957-0031,RENTAL_ACCRUAL,28,479,2026-08-25T16:30:00+08:00
fe77569d-2ce0-4400-9ce2-911e08da2184,M-2002,SESS-20260825-2618-0032,RENTAL_REDEMPTION,-100,21,2026-08-25T19:30:00+08:00
fbaf486c-d384-4d28-9459-79f73eb1193f,M-2002,SESS-20260825-2618-0032,RENTAL_ACCRUAL,38,59,2026-08-26T00:30:00+08:00
d3c5ad47-a546-4cfb-99e2-f970ec0315fa,M-1072,SESS-20260825-8396-0033,RENTAL_ACCRUAL,27,401,2026-08-25T15:45:00+08:00
ca6fc2e4-f561-49e4-9e85-bb47e27fb536,M-1612,SESS-20260825-2630-0034,RENTAL_REDEMPTION,-100,461,2026-08-25T16:45:00+08:00
ddd235be-ac57-4d2f-a7ad-e3394c8eedda,M-1612,SESS-20260825-2630-0034,RENTAL_ACCRUAL,10,471,2026-08-25T19:45:00+08:00
088b5670-eaab-4f77-948c-55aacfc4d74c,M-1494,SESS-20260825-2487-0035,RENTAL_ACCRUAL,16,514,2026-08-26T00:30:00+08:00
8f2f75d7-0b48-451f-8af3-e52a76f8816d,M-1494,TIER_UPGRADE_Silver_TO_Gold,TIER_BONUS,100,614,2026-08-26T00:30:00+08:00
e5a30035-a6f3-4ffc-a205-fcbd0e30a025,M-1392,SESS-20260825-4156-0036,RENTAL_REDEMPTION,-100,565,2026-08-25T16:15:00+08:00
f74dee6d-2c44-42a1-94da-dfe7e037452e,M-1392,SESS-20260825-4156-0036,RENTAL_ACCRUAL,22,587,2026-08-25T21:15:00+08:00
e9f47e35-cae1-4d12-bc36-63ff977a4d36,M-1323,SESS-20260825-2584-0037,RENTAL_ACCRUAL,11,557,2026-08-25T21:50:00+08:00
cc0bcdcc-b4ac-4f4c-a5b5-d46f15058193,M-1059,SESS-20260825-4764-0038,RENTAL_ACCRUAL,5,210,2026-08-25T18:00:00+08:00
d48d66ca-f3da-4d0e-9468-29dd635d6af8,M-1202,SESS-20260825-9717-0039,RENTAL_ACCRUAL,12,1936,2026-08-25T19:00:00+08:00
5748c57b-d4c9-4641-a7d4-00d57b4660d3,M-1034,SESS-20260825-8188-0040,RENTAL_ACCRUAL,27,443,2026-08-25T23:05:00+08:00
27a4f422-f300-437d-aa3c-e1ac5e7c5812,M-1034,TIER_UPGRADE_Silver_TO_Gold,TIER_BONUS,100,543,2026-08-25T23:05:00+08:00
f6e0ba40-8bcd-498a-9a2e-d0c87ee9a82f,M-1335,SESS-20260825-8768-0041,RENTAL_REDEMPTION,-100,328,2026-08-25T16:45:00+08:00
07b72e6b-8f06-4c9f-8548-01c9c5ab885b,M-1335,SESS-20260825-8768-0041,RENTAL_ACCRUAL,7,335,2026-08-25T17:45:00+08:00
7deaf88d-feb9-4beb-b3d5-be2db39b7c30,M-1268,SESS-20260825-6880-0042,RENTAL_ACCRUAL,9,75,2026-08-25T01:30:00+08:00
c5d70569-b94a-453d-926b-364b8c3c733d,M-1557,SESS-20260825-4035-0043,RENTAL_ACCRUAL,16,662,2026-08-25T12:15:00+08:00
124211da-6996-4f90-9db2-f188f0a5e204,M-1236,SESS-20260825-3154-0044,RENTAL_ACCRUAL,11,251,2026-08-25T16:00:00+08:00
d4c7a66b-9e4f-4fed-bdd7-96bed7b7aa6d,M-1146,SESS-20260825-3552-0045,RENTAL_ACCRUAL,28,3061,2026-08-26T02:15:00+08:00
5bd3370c-db3d-479f-85ab-20a199bd13af,M-1921,SESS-20260825-5699-0046,RENTAL_REDEMPTION,-100,2,2026-08-25T14:45:00+08:00
5c92e02f-7bf0-46c6-bdb5-620ff92bb09a,M-1264,SESS-20260825-1021-0047,RENTAL_REDEMPTION,-200,604,2026-08-25T20:15:00+08:00
6ce98ebb-4963-4f71-a938-d6ddfb5ff65d,M-1264,SESS-20260825-1021-0047,RENTAL_ACCRUAL,14,618,2026-08-25T22:15:00+08:00
1bc62369-7499-4e59-8a83-a324e8de9c1b,M-1598,SESS-20260825-7880-0048,RENTAL_ACCRUAL,45,292,2026-08-25T23:00:00+08:00
2c52441c-b1d2-4c89-8972-f2e9163bf44a,M-1706,SESS-20260825-2234-0049,RENTAL_ACCRUAL,72,147,2026-08-25T21:40:00+08:00
a18eb159-5d85-49ee-a7b4-f0f25e1bd4a7,M-1640,SESS-20260825-3289-0050,RENTAL_ACCRUAL,12,412,2026-08-25T20:30:00+08:00
a3b1de75-2110-4c15-b43f-841c00e60a3e,M-1269,SESS-20260825-1197-0051,RENTAL_REDEMPTION,-200,430,2026-08-25T11:15:00+08:00
348c424d-6138-4566-b7ee-ab4e508753c9,M-1269,SESS-20260825-1197-0051,RENTAL_ACCRUAL,4,434,2026-08-25T13:15:00+08:00
68acb357-063c-487b-af40-53fece680be8,M-1249,SESS-20260825-9608-0052,RENTAL_ACCRUAL,45,150,2026-08-25T15:15:00+08:00
9be78fe0-6126-4d9a-9f93-7710f16a4e4e,M-1707,SESS-20260825-7585-0053,RENTAL_ACCRUAL,19,294,2026-08-25T15:45:00+08:00
fdb49797-dc17-4570-95a1-9f878eead6d0,M-1237,SESS-20260825-8625-0054,RENTAL_REDEMPTION,-100,507,2026-08-25T14:15:00+08:00
256ff8fc-df10-4667-99dd-1dbdb6eebd52,M-1237,SESS-20260825-8625-0054,RENTAL_ACCRUAL,10,517,2026-08-25T17:15:00+08:00
75fcb617-1169-4a4e-b1f0-fd73ead6c1ae,M-1418,SESS-20260825-8227-0055,RENTAL_REDEMPTION,-100,72,2026-08-25T14:00:00+08:00
b333e3ce-a61d-4574-9f9d-07b6388eb412,M-1418,SESS-20260825-8227-0055,RENTAL_ACCRUAL,10,82,2026-08-25T17:00:00+08:00
fe2d1571-a17a-431b-ac88-8d74eed72292,M-2125,SESS-20260825-4775-0056,RENTAL_ACCRUAL,10,190,2026-08-25T22:30:00+08:00
fd695f4e-422d-44f7-9bde-f7a754052d2f,M-1770,SESS-20260825-8676-0057,RENTAL_REDEMPTION,-100,133,2026-08-25T21:45:00+08:00
a221137b-db59-4f25-9f52-1e87b96927c6,M-1770,SESS-20260825-8676-0057,RENTAL_ACCRUAL,4,137,2026-08-25T23:45:00+08:00
4d374ea3-c360-4367-aa71-26b70083a9ce,M-2183,SESS-20260825-5442-0058,RENTAL_ACCRUAL,25,106,2026-08-25T22:00:00+08:00
c6177d8b-3098-41d6-900f-f71fbaa76ece,M-1559,SESS-20260825-7202-0059,RENTAL_ACCRUAL,16,337,2026-08-25T16:45:00+08:00
17491b89-7973-436f-81a4-1003e04e58b8,M-2093,SESS-20260825-1300-0060,RENTAL_ACCRUAL,25,44,2026-08-26T03:05:00+08:00
1e9ec80d-f3ec-48eb-9e29-a7e13d965287,M-1906,SESS-20260825-3550-0061,RENTAL_ACCRUAL,8,74,2026-08-26T00:15:00+08:00
43d49d8f-b91e-48b5-b0c9-5df9f69a0639,M-1512,SESS-20260825-5461-0062,RENTAL_REDEMPTION,-100,500,2026-08-25T13:15:00+08:00
263e177a-3726-42cc-9670-f4b0930f94d6,M-1512,SESS-20260825-5461-0062,RENTAL_ACCRUAL,10,510,2026-08-25T16:15:00+08:00
45184d28-9482-4a17-93d1-6dd3d4cad52c,M-1065,SESS-20260825-7471-0063,RENTAL_REDEMPTION,-100,740,2026-08-25T17:30:00+08:00
637b803e-0325-4724-a7d3-8da2b4c3fd0d,M-1065,SESS-20260825-7471-0063,RENTAL_ACCRUAL,11,751,2026-08-25T19:30:00+08:00
81b74be7-d749-45bf-93ed-7e961907ce73,M-1424,SESS-20260825-2717-0064,RENTAL_ACCRUAL,27,260,2026-08-26T01:30:00+08:00
4771d001-1579-417d-846a-69964a5771ce,M-1316,SESS-20260825-5851-0065,RENTAL_ACCRUAL,16,207,2026-08-26T00:15:00+08:00
3aad495f-5a51-4637-8599-94c7af9bd66f,M-1868,SESS-20260825-8858-0066,RENTAL_ACCRUAL,15,88,2026-08-25T17:00:00+08:00
751842ac-28b9-489e-ab4b-a403b6b353dc,M-1648,SESS-20260825-9684-0067,RENTAL_ACCRUAL,43,477,2026-08-25T20:30:00+08:00
26ea87b1-dad3-4762-a1d2-20c04c4ccf8c,M-1670,SESS-20260825-3680-0068,RENTAL_REDEMPTION,-300,70,2026-08-25T20:00:00+08:00
e359ecfe-8c65-419e-be9d-493c7849116f,M-1670,SESS-20260825-3680-0068,RENTAL_ACCRUAL,6,76,2026-08-25T22:00:00+08:00
b6f6f281-b2a2-4d20-9e52-2410af2c7dfd,M-1537,SESS-20260825-6325-0069,RENTAL_ACCRUAL,5,498,2026-08-26T00:15:00+08:00
ddf74310-b0d2-4fbc-aa02-d7d1b32cfe2c,M-1505,SESS-20260825-1149-0070,RENTAL_ACCRUAL,11,181,2026-08-26T01:30:00+08:00
52acdd61-251b-475a-980c-c3501a948caa,M-1753,SESS-20260825-4124-0071,RENTAL_REDEMPTION,-100,482,2026-08-25T21:45:00+08:00
f5fa04c0-aa5a-426e-9ebe-eaf22e96a1d3,M-1753,SESS-20260825-4124-0071,RENTAL_ACCRUAL,7,489,2026-08-25T22:45:00+08:00
2fe998ab-2708-4b25-a0ba-8a3b5712e101,M-2044,SESS-20260825-3818-0072,RENTAL_ACCRUAL,18,158,2026-08-25T23:45:00+08:00
d311096a-2193-4954-87bf-d47c202e4113,M-1242,SESS-20260825-5158-0073,RENTAL_ACCRUAL,11,75,2026-08-25T23:20:00+08:00
191cbb2e-7a92-4196-adc0-373d615fd121,M-1389,SESS-20260825-5510-0074,RENTAL_ACCRUAL,12,526,2026-08-25T22:00:00+08:00
e90dffc7-22af-499c-9f3e-3dd98d0ef348,M-1979,SESS-20260825-1367-0075,RENTAL_ACCRUAL,45,152,2026-08-25T18:45:00+08:00
9b6e8e48-b66b-4051-a7b1-c1c700dc2a1b,M-1776,SESS-20260825-3563-0076,RENTAL_ACCRUAL,5,159,2026-08-26T00:30:00+08:00
a6c0a4a2-5331-4d04-9e1a-e937fba12f2a,M-1162,SESS-20260825-8064-0077,RENTAL_ACCRUAL,9,154,2026-08-25T21:15:00+08:00
840a0402-df76-4c58-8fea-05e73fcea3b9,M-1995,SESS-20260825-3723-0078,RENTAL_REDEMPTION,-100,165,2026-08-25T21:45:00+08:00
28b2d806-1029-49b2-8861-0baf4b1b7cf3,M-1995,SESS-20260825-3723-0078,RENTAL_ACCRUAL,38,203,2026-08-26T05:45:00+08:00
b6c85507-d679-4a7b-92f2-7cd9fc14cd58,M-1822,SESS-20260825-3332-0079,RENTAL_ACCRUAL,18,395,2026-08-25T05:00:00+08:00
b588a504-d294-4842-84ab-48d14dd5f614,M-1506,SESS-20260825-4264-0080,RENTAL_REDEMPTION,-100,319,2026-08-25T21:00:00+08:00
d8f041e3-91f3-4032-8068-9f784c042c41,M-1506,SESS-20260825-4264-0080,RENTAL_ACCRUAL,10,329,2026-08-26T00:00:00+08:00
343b11e1-63ad-40d1-ae39-248bf2c4e100,M-1723,SESS-20260825-6573-0081,RENTAL_ACCRUAL,11,786,2026-08-25T22:15:00+08:00
172d2bcf-8a76-4d96-82f3-0eaf63b9f2d2,M-1337,SESS-20260825-7151-0082,RENTAL_ACCRUAL,12,632,2026-08-25T23:00:00+08:00
6f70038b-6d63-4a9e-a56e-af79bc6e0a91,M-1368,SESS-20260825-5097-0083,RENTAL_ACCRUAL,28,357,2026-08-25T20:15:00+08:00
e7280a54-6eac-4c41-9052-04cc57edb08d,M-1086,SESS-20260825-7201-0084,RENTAL_ACCRUAL,11,250,2026-08-25T20:00:00+08:00
41499ad2-6182-4d78-88b4-c0336cab8118,M-1345,SESS-20260825-1296-0085,RENTAL_ACCRUAL,12,855,2026-08-25T22:40:00+08:00
2b32e37c-e2c9-425a-81b5-86e78cb0fc00,M-1244,SESS-20260825-6182-0086,RENTAL_ACCRUAL,18,849,2026-08-26T01:00:00+08:00
159ee24e-f83a-44ec-a27b-8f4b9ee7ea29,M-1644,SESS-20260825-7207-0087,RENTAL_REDEMPTION,-100,162,2026-08-25T12:45:00+08:00
2ebe3a9c-99b9-4823-9359-153f2be2f102,M-1644,SESS-20260825-7207-0087,RENTAL_ACCRUAL,5,167,2026-08-25T14:45:00+08:00
bf753045-508c-4f9d-bf28-3a16ed1870b1,M-2062,SESS-20260825-4684-0088,RENTAL_ACCRUAL,18,263,2026-08-25T23:15:00+08:00
3635b1a3-4ef6-47c0-95d6-8200de015a2d,M-1329,SESS-20260825-2149-0089,RENTAL_ACCRUAL,13,360,2026-08-25T23:45:00+08:00
179547e4-280c-4a23-95d6-983c82458eae,M-1329,TIER_UPGRADE_Silver_TO_Gold,TIER_BONUS,100,460,2026-08-25T23:45:00+08:00
a617481a-ddbf-49ae-9f46-65e375ca46cc,M-1272,SESS-20260825-7230-0090,RENTAL_ACCRUAL,19,1329,2026-08-25T18:30:00+08:00
58b1cdcc-92f1-4d89-a82c-11af21128c5e,M-1794,SESS-20260825-9195-0091,RENTAL_ACCRUAL,18,295,2026-08-25T17:30:00+08:00
c34a6862-c523-4a17-b6d4-19e91a874c19,M-1879,SESS-20260825-7611-0092,RENTAL_ACCRUAL,36,210,2026-08-25T23:15:00+08:00
9d1a65a2-7e72-4a40-a249-530747c679ce,M-1900,SESS-20260825-3838-0093,RENTAL_REDEMPTION,-100,94,2026-08-25T21:45:00+08:00
f94124b0-813c-40a3-9e8c-0a2c1774a27d,M-1900,SESS-20260825-3838-0093,RENTAL_ACCRUAL,20,114,2026-08-26T00:45:00+08:00
f82d5c3a-3f86-407a-b98f-c242c6778a54,M-1480,SESS-20260825-5899-0094,RENTAL_ACCRUAL,27,422,2026-08-26T01:15:00+08:00
71742538-1bca-4659-a897-8afff132c891,M-1187,SESS-20260825-7942-0095,RENTAL_ACCRUAL,45,644,2026-08-26T01:05:00+08:00
079b3721-7a57-47f9-8376-6a5a89a29a94,M-2143,SESS-20260825-9552-0096,RENTAL_ACCRUAL,13,45,2026-08-25T09:30:00+08:00
af404789-ca60-4214-bd6e-b7a6dd703d46,M-1745,SESS-20260825-5131-0097,RENTAL_ACCRUAL,18,96,2026-08-26T00:30:00+08:00
8a36427f-d3c1-4ca5-8e02-ecd975774b39,M-1745,TIER_UPGRADE_Silver_TO_Gold,TIER_BONUS,100,196,2026-08-26T00:30:00+08:00
c11d6701-4eb2-4af3-af9b-179bfb9b2bd4,M-1859,SESS-20260825-9641-0098,RENTAL_ACCRUAL,5,211,2026-08-25T20:10:00+08:00
20201ab0-f06b-4ac7-bd83-8dad72cadd83,M-1545,SESS-20260825-1691-0099,RENTAL_ACCRUAL,11,49,2026-08-26T00:00:00+08:00
7c24d3ab-26b3-4340-b6be-7a9e1e9d09fd,M-1787,SESS-20260825-8703-0100,RENTAL_ACCRUAL,5,389,2026-08-25T23:00:00+08:00
a9baf901-656c-4d34-b1a0-f3aebc9ab497,M-1891,SESS-20260825-1506-0101,RENTAL_ACCRUAL,11,366,2026-08-25T23:00:00+08:00
25110198-6ff8-4003-85c5-8be0a5ea921d,M-1306,SESS-20260825-4109-0102,RENTAL_ACCRUAL,19,290,2026-08-25T22:30:00+08:00
cca1cce7-af84-4b6a-b7a6-0fa70ed75fe7,M-1261,SESS-20260825-4224-0103,RENTAL_REDEMPTION,-100,48,2026-08-25T18:00:00+08:00
64035680-c471-4178-90ae-80391147e98d,M-1261,SESS-20260825-4224-0103,RENTAL_ACCRUAL,20,68,2026-08-25T20:00:00+08:00
f6ebb360-5f6a-4503-beee-5049225cce0e,M-2049,SESS-20260825-4551-0104,RENTAL_ACCRUAL,9,115,2026-08-25T20:15:00+08:00
0edb33c5-32b9-4207-b6d5-02ab54d3d69d,M-1450,SESS-20260825-8025-0105,RENTAL_ACCRUAL,12,267,2026-08-25T22:45:00+08:00
d7b8a75e-97fa-4bf0-84ec-53928191a5a2,M-1341,SESS-20260825-5013-0106,RENTAL_REDEMPTION,-300,172,2026-08-25T19:30:00+08:00
3fb798e9-b1b3-4ab2-ae8d-595b35cdd086,M-1341,SESS-20260825-5013-0106,RENTAL_ACCRUAL,26,198,2026-08-26T03:30:00+08:00
49cb9120-f20c-4b96-b533-a3f0207f5b59,M-1899,SESS-20260825-1874-0107,RENTAL_REDEMPTION,-100,81,2026-08-25T13:00:00+08:00
a6898c01-cf87-496b-996b-66054dce9611,M-1899,SESS-20260825-1874-0107,RENTAL_ACCRUAL,10,91,2026-08-25T16:00:00+08:00
35a195cd-3b5a-4285-9c53-53b33499ada6,M-1127,SESS-20260825-5005-0108,RENTAL_REDEMPTION,-100,123,2026-08-25T15:50:00+08:00
531e987c-1800-47f3-a329-0a94595eb39e,M-1127,SESS-20260825-5005-0108,RENTAL_ACCRUAL,10,133,2026-08-25T18:50:00+08:00
0049c991-bd43-4077-8e5a-7f31c55d1f79,M-2122,SESS-20260825-3759-0109,RENTAL_ACCRUAL,25,192,2026-08-25T23:15:00+08:00
4a8c90a6-70e3-49a0-b47b-96395d5ddefa,M-1765,SESS-20260825-7092-0110,RENTAL_ACCRUAL,6,852,2026-08-25T21:45:00+08:00
5b8067d0-27f1-47a6-b43b-2468cb99175e,M-1486,SESS-20260825-4936-0111,RENTAL_REDEMPTION,-100,11,2026-08-25T22:15:00+08:00
4b91e1b4-756e-4751-8737-60eb6045d23d,M-1486,SESS-20260825-4936-0111,RENTAL_ACCRUAL,61,72,2026-08-26T03:15:00+08:00
e64f8aa2-c512-4431-82f3-5baf815e9a4e,M-1241,SESS-20260825-3561-0112,RENTAL_ACCRUAL,11,211,2026-08-25T20:45:00+08:00
584aec70-9896-4947-8c40-da3a6afebe08,M-2080,SESS-20260825-3958-0113,RENTAL_ACCRUAL,8,187,2026-08-25T06:15:00+08:00
a9fa3f53-d151-49c7-bae9-ddaeb9d21789,M-1133,SESS-20260825-2492-0114,RENTAL_ACCRUAL,19,395,2026-08-25T16:45:00+08:00
2acca9fb-4478-44ab-9ad3-1a99384f6cbb,M-1208,SESS-20260825-1093-0115,RENTAL_ACCRUAL,12,3299,2026-08-25T22:00:00+08:00
ca476668-d54c-4ae8-999c-7869e4b003f1,M-2015,SESS-20260825-2824-0116,RENTAL_REDEMPTION,-100,67,2026-08-25T08:30:00+08:00
cf164e3c-629f-4024-b4ba-afcaf3f6a30d,M-2015,SESS-20260825-2824-0116,RENTAL_ACCRUAL,7,74,2026-08-25T09:30:00+08:00
a4fbb44a-a39b-4bc0-9c91-84b18fea0fbc,M-1840,SESS-20260825-5950-0117,RENTAL_ACCRUAL,43,1900,2026-08-26T02:25:00+08:00
c3f17544-81e0-4d4f-9b01-91322e79c0b0,M-1592,SESS-20260825-6558-0118,RENTAL_ACCRUAL,19,498,2026-08-26T01:10:00+08:00
954663d2-8c30-4e2b-88c3-73b22a18b8a4,M-1863,SESS-20260825-6940-0119,RENTAL_ACCRUAL,16,260,2026-08-25T19:30:00+08:00
46da5e20-2fd3-48e8-971e-2248d5876a5f,M-1803,SESS-20260825-8996-0120,RENTAL_ACCRUAL,27,202,2026-08-26T00:15:00+08:00
192560b2-d7c1-414e-8911-b77cf25709b9,M-1443,SESS-20260825-9537-0121,RENTAL_ACCRUAL,19,82,2026-08-25T19:20:00+08:00
bde63bd7-5da4-4ee2-b742-0ef877f0ca1d,M-1755,SESS-20260825-4969-0122,RENTAL_REDEMPTION,-100,162,2026-08-25T22:00:00+08:00
998ccf33-31b1-439e-855c-1001c811378f,M-1755,SESS-20260825-4969-0122,RENTAL_ACCRUAL,20,182,2026-08-26T01:00:00+08:00
7868b6b5-9869-4bea-adc5-656d76cdadd7,M-1549,SESS-20260825-6362-0123,RENTAL_ACCRUAL,27,211,2026-08-25T16:15:00+08:00
7be91916-e55c-44ae-bd57-44ef9c34574b,M-1884,SESS-20260825-3986-0124,RENTAL_ACCRUAL,45,273,2026-08-26T07:55:00+08:00
bf545a3a-aa7c-41fb-966f-f306b7ffe4df,M-1855,SESS-20260825-7511-0125,RENTAL_ACCRUAL,10,148,2026-08-25T22:30:00+08:00
530db674-3cae-4b96-962f-7c0d033ec0df,M-1855,TIER_UPGRADE_Standard_TO_Silver,TIER_BONUS,50,198,2026-08-25T22:30:00+08:00
15ad480c-cc15-4c5d-8ca6-ed39a8af5d67,M-1004,SESS-20260825-9380-0126,RENTAL_REDEMPTION,-100,37,2026-08-25T20:15:00+08:00
83a58e3d-515c-40a6-89d7-7ac1206b5f87,M-1004,SESS-20260825-9380-0126,RENTAL_ACCRUAL,7,44,2026-08-25T21:15:00+08:00
25730c11-85ec-4a8d-b6c6-4fcf3e8c7509,M-1783,SESS-20260825-4011-0127,RENTAL_ACCRUAL,11,488,2026-08-26T00:45:00+08:00
0ba11571-b157-4b2e-8ed7-5bea8a948fee,M-1032,SESS-20260825-1499-0128,RENTAL_ACCRUAL,16,380,2026-08-25T07:45:00+08:00
87b1779f-d171-4655-840a-3d38dad50e57,M-1178,SESS-20260825-8791-0129,RENTAL_ACCRUAL,27,334,2026-08-25T16:00:00+08:00
940ca279-b8af-4424-ac59-3fbf56c490aa,M-1657,SESS-20260825-2855-0130,RENTAL_ACCRUAL,27,828,2026-08-25T21:45:00+08:00
4f865779-1d97-446c-909d-bc82a5fb91fc,M-2075,SESS-20260825-6777-0131,RENTAL_ACCRUAL,45,146,2026-08-25T19:00:00+08:00
f2729987-be85-4824-82f9-d7de0c68b35c,M-1320,SESS-20260825-2829-0132,RENTAL_ACCRUAL,48,1386,2026-08-26T02:45:00+08:00
ead3a098-99b0-4938-9dd3-beaa1ed4c706,M-1833,SESS-20260825-3087-0133,RENTAL_ACCRUAL,6,374,2026-08-25T19:45:00+08:00
62067a5c-4f6a-4556-bd63-acbb466aaee2,M-1562,SESS-20260825-5223-0134,RENTAL_ACCRUAL,43,598,2026-08-26T00:45:00+08:00
5dd3558c-803f-4d44-9be5-a05879720bcb,M-1975,SESS-20260825-9950-0135,RENTAL_ACCRUAL,27,130,2026-08-25T16:30:00+08:00
f377750e-cc1c-4a98-b770-26c14082f322,M-1599,SESS-20260825-6604-0136,RENTAL_ACCRUAL,11,560,2026-08-25T20:45:00+08:00
b340bd0d-1ab6-4334-87ff-239fbf164025,M-1564,SESS-20260825-7071-0137,RENTAL_REDEMPTION,-100,500,2026-08-25T22:40:00+08:00
f378b514-b55c-4bfe-bbd4-5e049af0b4c2,M-1564,SESS-20260825-7071-0137,RENTAL_ACCRUAL,2,502,2026-08-25T23:40:00+08:00
161bdf88-a4ea-437f-a5a8-513f8e77c627,M-1190,SESS-20260825-9209-0138,RENTAL_ACCRUAL,18,281,2026-08-25T21:15:00+08:00
ecb7f3cd-ae77-4d30-b8f0-ccdb3ab1509d,M-1659,SESS-20260825-4167-0139,RENTAL_ACCRUAL,27,194,2026-08-25T22:10:00+08:00
c8d0f53c-4273-4c69-abea-8d15a1207de3,M-1981,SESS-20260825-6410-0140,RENTAL_REDEMPTION,-100,127,2026-08-25T23:15:00+08:00
1973fdff-514e-4fa8-a00c-c04b9884dcfb,M-1981,SESS-20260825-6410-0140,RENTAL_ACCRUAL,5,132,2026-08-26T01:15:00+08:00
ec0429f4-e2a0-4f5f-a7db-3504c67aaaec,M-2091,SESS-20260825-5539-0141,RENTAL_ACCRUAL,5,109,2026-08-25T22:30:00+08:00
9437786f-9c01-40b3-8ac5-912bf25f3aba,M-1336,SESS-20260825-9450-0142,RENTAL_ACCRUAL,28,698,2026-08-25T22:45:00+08:00
db97b9b5-03f8-471f-8a86-4beecf28c2b1,M-1246,SESS-20260825-6243-0143,RENTAL_ACCRUAL,19,571,2026-08-26T00:30:00+08:00
b97cbf3f-11fc-4334-8d10-ced963853c62,M-2078,SESS-20260825-8392-0144,RENTAL_ACCRUAL,16,83,2026-08-25T19:45:00+08:00
0d3deed3-045f-4cc1-a5a6-e99f1d10b33f,M-1996,SESS-20260825-8387-0145,RENTAL_ACCRUAL,24,82,2026-08-25T18:00:00+08:00
8687f651-b402-465a-ae4e-c3aeb8d0d880,M-1388,SESS-20260825-8869-0146,RENTAL_ACCRUAL,18,473,2026-08-26T02:30:00+08:00
cfa33c0b-8428-4e41-accb-29baafe18455,M-2130,SESS-20260825-9363-0147,RENTAL_ACCRUAL,24,199,2026-08-25T22:30:00+08:00
080ff8b3-c838-4802-819b-ccc669a9dc6e,M-2070,SESS-20260825-9713-0148,RENTAL_ACCRUAL,5,207,2026-08-25T23:05:00+08:00
7370d0da-cb60-4fe7-b57a-3eeac812d17a,M-1642,SESS-20260825-9125-0149,RENTAL_ACCRUAL,12,338,2026-08-26T00:20:00+08:00
abddc853-eb04-40cd-98f7-b1102ac430af,M-1813,SESS-20260825-3170-0150,RENTAL_ACCRUAL,16,151,2026-08-25T11:30:00+08:00
5d7ace36-c157-4bed-a5e7-38620498cec6,M-1813,TIER_UPGRADE_Silver_TO_Gold,TIER_BONUS,100,251,2026-08-25T11:30:00+08:00
43be00e6-3368-44c4-819f-ee252f60a005,M-1485,SESS-20260825-6818-0151,RENTAL_ACCRUAL,48,239,2026-08-25T16:15:00+08:00
d2451d9c-1767-4e05-96c0-6542ee81ec74,M-1549,SESS-20260825-9806-0152,RENTAL_REDEMPTION,-100,111,2026-08-25T20:45:00+08:00
904c9f49-ff5e-4f2d-913d-926c7cf1fe7f,M-1549,SESS-20260825-9806-0152,RENTAL_ACCRUAL,5,116,2026-08-25T22:45:00+08:00
151b6579-cd54-49d4-ba4a-188dee71fabf,M-1309,SESS-20260825-8395-0153,RENTAL_REDEMPTION,-100,90,2026-08-25T14:45:00+08:00
4b340d6a-ec18-4bc9-847d-64649f5bb51e,M-1309,SESS-20260825-8395-0153,RENTAL_ACCRUAL,10,100,2026-08-25T17:45:00+08:00
0c229fbf-46f4-4023-82c9-148102d3f64d,M-1715,SESS-20260825-5384-0154,RENTAL_ACCRUAL,18,320,2026-08-26T00:30:00+08:00
b89772ce-dea2-4e17-8563-6d9ffb192a85,M-2190,SESS-20260825-2031-0155,RENTAL_ACCRUAL,18,116,2026-08-25T22:45:00+08:00
1b26643b-53b3-4af4-a411-da02bae86a7d,M-1163,SESS-20260825-1310-0156,RENTAL_ACCRUAL,16,193,2026-08-25T21:00:00+08:00
e435c8d4-fb3d-4eb0-92cc-7e4164d0c7b7,M-1298,SESS-20260825-3497-0157,RENTAL_ACCRUAL,72,687,2026-08-26T02:00:00+08:00
e8ffdf95-ef82-4d19-aec3-63087c561985,M-1219,SESS-20260825-5578-0158,RENTAL_ACCRUAL,18,330,2026-08-25T22:45:00+08:00
4a001ab7-294a-4664-8641-1a030ed2d4f8,M-1154,SESS-20260825-4774-0159,RENTAL_ACCRUAL,11,72,2026-08-25T21:45:00+08:00
ad8c9e49-14c2-4158-9aae-300f44a2c0f8,M-1869,SESS-20260825-8295-0160,RENTAL_ACCRUAL,5,50,2026-08-26T00:45:00+08:00
1f7d7bfe-702e-438b-bd3a-95353412e737,M-1069,SESS-20260825-6434-0161,RENTAL_ACCRUAL,12,281,2026-08-25T21:15:00+08:00
bf44d048-e34a-4c3e-b1e0-18b65eb16218,M-1890,SESS-20260825-5338-0162,RENTAL_ACCRUAL,24,103,2026-08-25T17:30:00+08:00
15c8938d-ecdd-4557-b7e8-c2188ebf5ca6,M-1296,SESS-20260825-5269-0163,RENTAL_ACCRUAL,14,966,2026-08-25T11:00:00+08:00
8fa7c14d-a163-43b7-ae66-d66d64f99d64,M-2141,SESS-20260825-9689-0164,RENTAL_ACCRUAL,11,249,2026-08-25T21:00:00+08:00
006e0cf7-70a4-4374-81b8-f57883d17845,M-1346,SESS-20260825-4614-0165,RENTAL_ACCRUAL,11,503,2026-08-25T22:30:00+08:00
f0765018-0095-42ee-96bd-0b4119632eb9,M-2060,SESS-20260825-7894-0166,RENTAL_ACCRUAL,10,161,2026-08-26T00:45:00+08:00
74ec0625-fa75-416f-b9e0-1389f5a0533c,M-1821,SESS-20260825-1836-0167,RENTAL_ACCRUAL,13,111,2026-08-25T23:15:00+08:00
7df4c457-2339-42a6-9fdc-0186191e5e00,M-1655,SESS-20260825-6825-0168,RENTAL_REDEMPTION,-200,193,2026-08-25T19:15:00+08:00
9bf37fc6-66e7-449c-a506-13374dde63c4,M-1655,SESS-20260825-6825-0168,RENTAL_ACCRUAL,4,197,2026-08-25T22:15:00+08:00
71ba5a01-64c4-49e0-9f62-dbc8568ed1c1,M-1044,SESS-20260825-5795-0169,RENTAL_ACCRUAL,18,687,2026-08-25T20:30:00+08:00
98b0e398-8205-4302-9ccd-76a55895b37b,M-1108,SESS-20260825-8838-0170,RENTAL_ACCRUAL,48,371,2026-08-25T23:05:00+08:00
64e31de4-b26f-4e66-b480-21385118dc82,M-2041,SESS-20260825-4120-0171,RENTAL_ACCRUAL,24,123,2026-08-25T18:15:00+08:00
2e05bbc3-28bd-4aa6-bc23-0fa5059b3419,M-2118,SESS-20260825-8820-0172,RENTAL_ACCRUAL,13,225,2026-08-25T20:15:00+08:00
ba6f9749-9626-4f1f-a329-f07811453601,M-1063,SESS-20260825-8697-0173,RENTAL_REDEMPTION,-100,531,2026-08-25T21:30:00+08:00
218f577f-04ec-4ab4-8764-82df7cd41100,M-1063,SESS-20260825-8697-0173,RENTAL_ACCRUAL,6,537,2026-08-25T22:30:00+08:00
37122ce5-713e-498c-b6ab-9085cd24d160,M-1285,SESS-20260825-9500-0174,RENTAL_ACCRUAL,11,429,2026-08-25T17:00:00+08:00
2556dbea-6dc3-46d3-927a-965faa6294c1,M-2035,SESS-20260825-8812-0175,RENTAL_ACCRUAL,5,342,2026-08-25T18:00:00+08:00
95828f01-22ad-4488-b809-7655768932b1,M-1756,SESS-20260825-5813-0176,RENTAL_ACCRUAL,6,836,2026-08-25T18:45:00+08:00
bd49bd2a-4b8e-44eb-95c5-0f9ec790fe42,M-2087,SESS-20260825-9341-0177,RENTAL_ACCRUAL,25,39,2026-08-25T22:15:00+08:00
e9d2d157-1edb-4927-be38-ea080eafaedd,M-1100,SESS-20260825-4169-0178,RENTAL_REDEMPTION,-100,28,2026-08-25T06:15:00+08:00
2a4b69f5-a6a0-4bd5-a9de-c69c92b8345d,M-1100,SESS-20260825-4169-0178,RENTAL_ACCRUAL,11,39,2026-08-25T08:15:00+08:00
8ea12435-74bf-4144-8981-ef661b3619e0,M-1448,SESS-20260825-4018-0179,RENTAL_REDEMPTION,-100,244,2026-08-25T09:15:00+08:00
3a9a422c-4ab3-4400-a1c5-6b85e6985902,M-1448,SESS-20260825-4018-0179,RENTAL_ACCRUAL,34,278,2026-08-25T12:15:00+08:00
82ae3ac7-0720-49e2-b475-951afdeb5e9c,M-1448,TIER_UPGRADE_Silver_TO_Gold,TIER_BONUS,100,378,2026-08-25T12:15:00+08:00
396aad1c-ed2c-4072-a61f-6da1ebb5a7dd,M-1568,SESS-20260825-3604-0180,RENTAL_REDEMPTION,-100,224,2026-08-25T14:00:00+08:00
71c1a3b5-565a-4b58-8f44-4d7daa6f88dc,M-1568,SESS-20260825-3604-0180,RENTAL_ACCRUAL,5,229,2026-08-25T16:00:00+08:00
ff234d9e-d2a3-4883-9e2f-5e74c2a62a22,M-1251,SESS-20260825-7077-0181,RENTAL_ACCRUAL,11,346,2026-08-25T20:05:00+08:00
2839ab20-c43d-4f62-959f-c466047be2b6,M-2004,SESS-20260825-8364-0182,RENTAL_REDEMPTION,-100,75,2026-08-25T22:45:00+08:00
705e4332-ef66-4f70-8a9d-c16fdd586610,M-2004,SESS-20260825-8364-0182,RENTAL_ACCRUAL,21,96,2026-08-26T03:45:00+08:00
31b821db-78f6-449f-bc9e-5c59a8e312f6,M-1780,SESS-20260825-6358-0183,RENTAL_ACCRUAL,16,351,2026-08-25T15:30:00+08:00
054f145e-440e-4de7-b0e6-6a8658f8b0d6,M-1410,SESS-20260825-2131-0184,RENTAL_ACCRUAL,12,590,2026-08-26T00:50:00+08:00
11de32d7-9b8a-4397-8f91-c015eaa35d4e,M-1779,SESS-20260825-5283-0185,RENTAL_REDEMPTION,-200,295,2026-08-25T15:30:00+08:00
3aaf32ea-fed6-4751-9350-3a220b30e572,M-1779,SESS-20260825-5283-0185,RENTAL_ACCRUAL,15,310,2026-08-25T20:30:00+08:00
f6d6496e-89cd-462f-9370-9d9e6e9d9632,M-1751,SESS-20260825-7071-0186,RENTAL_ACCRUAL,18,70,2026-08-26T01:50:00+08:00
5c768b16-0474-42ba-a78f-537da95a2f4d,M-1498,SESS-20260825-9580-0187,RENTAL_ACCRUAL,6,374,2026-08-25T18:15:00+08:00
a26761ce-7959-4885-9643-355fb5bcb765,M-1033,SESS-20260825-8011-0188,RENTAL_ACCRUAL,45,201,2026-08-25T19:45:00+08:00
3fdf114c-8ba7-43e5-a81a-cdd10a0fc2ec,M-2015,SESS-20260825-6458-0189,RENTAL_ACCRUAL,15,89,2026-08-26T01:15:00+08:00
baac04e6-98bb-4e41-99e0-443360b48d7e,M-1841,SESS-20260825-3414-0190,RENTAL_ACCRUAL,11,268,2026-08-25T19:30:00+08:00
06df8d33-5ab3-409a-ab29-3ab0291afbd8,M-2166,SESS-20260825-3831-0191,RENTAL_ACCRUAL,11,79,2026-08-25T20:05:00+08:00
28c755a2-ac2b-435b-9aa4-17165ae4cb24,M-1426,SESS-20260825-2876-0192,RENTAL_REDEMPTION,-100,1201,2026-08-25T19:35:00+08:00
de784d56-433b-4dcc-a130-a753bed08a27,M-1426,SESS-20260825-2876-0192,RENTAL_ACCRUAL,22,1223,2026-08-26T00:35:00+08:00
2ddec031-7c19-4ad2-b818-c7d65c8d3aa9,M-1071,SESS-20260825-7105-0193,RENTAL_ACCRUAL,19,486,2026-08-26T01:25:00+08:00
9b5de0ad-f353-4f22-a37e-9cdf08064875,M-1766,SESS-20260825-7786-0194,RENTAL_ACCRUAL,18,623,2026-08-25T23:35:00+08:00
90dc8ea5-2464-4f9c-b63b-a868bfb68ca9,M-1957,SESS-20260825-2688-0195,RENTAL_ACCRUAL,11,134,2026-08-25T19:10:00+08:00
09322178-4085-4fd6-b587-d2d4b2c892ed,M-1718,SESS-20260825-8352-0196,RENTAL_REDEMPTION,-100,1237,2026-08-25T11:00:00+08:00
58342b02-fcd2-4a15-b516-063e0c5ad78c,M-1718,SESS-20260825-8352-0196,RENTAL_ACCRUAL,4,1241,2026-08-25T13:00:00+08:00
6c12ff47-c1df-49e6-bf18-6deb76a4c9b4,M-1195,SESS-20260825-7816-0197,RENTAL_ACCRUAL,16,426,2026-08-26T00:15:00+08:00
3f37c249-8a1a-46e5-b389-9bb5d672da26,M-1591,SESS-20260825-9750-0198,RENTAL_ACCRUAL,9,1867,2026-08-25T18:20:00+08:00
60e5fea2-91a5-4380-820a-0040b17cd312,M-1820,SESS-20260825-9421-0199,RENTAL_ACCRUAL,43,546,2026-08-26T02:30:00+08:00
5281fcf0-a969-4322-84a5-196be5f703aa,M-1830,SESS-20260825-6495-0200,RENTAL_ACCRUAL,19,179,2026-08-26T00:50:00+08:00
ca8ded32-22e5-4326-96aa-c53c44830225,M-1476,SESS-20260825-5197-0201,RENTAL_REDEMPTION,-100,126,2026-08-25T21:50:00+08:00
4ae0918e-ee01-481d-b097-e39763039ad7,M-1476,SESS-20260825-5197-0201,RENTAL_ACCRUAL,6,132,2026-08-25T22:50:00+08:00
1c58778b-0c23-44f2-9572-f10bb29fd5b4,M-1757,SESS-20260825-9400-0202,RENTAL_REDEMPTION,-100,64,2026-08-25T20:45:00+08:00
21c55aa3-ba63-4e44-a8a1-9ef85e303d7b,M-1757,SESS-20260825-9400-0202,RENTAL_ACCRUAL,20,84,2026-08-25T22:45:00+08:00
c9134840-c84b-48fa-b777-92fd7a21f408,M-1435,SESS-20260825-4761-0203,RENTAL_ACCRUAL,16,447,2026-08-26T02:25:00+08:00
44a70beb-d92a-484b-9b57-6e4341812929,M-1088,SESS-20260825-2754-0204,RENTAL_ACCRUAL,12,189,2026-08-25T21:00:00+08:00
b35dee2b-2680-4119-92ab-7708ba9b30e2,M-1364,SESS-20260825-4149-0205,RENTAL_ACCRUAL,72,666,2026-08-26T02:25:00+08:00
021ad1d8-f685-4a52-8408-e69fa64f85e6,M-1260,SESS-20260825-5428-0206,RENTAL_ACCRUAL,19,480,2026-08-25T06:00:00+08:00
72b66f5a-3c23-4f7c-a350-ea84315a7a19,M-1955,SESS-20260825-5483-0207,RENTAL_ACCRUAL,16,62,2026-08-26T00:30:00+08:00
729bd0ae-33d5-45cd-89a7-7e093d4a34fb,M-2197,SESS-20260825-9327-0208,RENTAL_ACCRUAL,72,610,2026-08-26T03:45:00+08:00
7036518b-b2c0-4452-8da8-6d36678c712b,M-1772,SESS-20260825-3504-0209,RENTAL_ACCRUAL,28,185,2026-08-26T00:00:00+08:00
b80e2071-e8a5-430a-95bb-a9b284ac6a5c,M-2056,SESS-20260825-1687-0210,RENTAL_ACCRUAL,18,332,2026-08-25T20:30:00+08:00
9499c2c1-d542-4de5-98aa-198cdcae8e27,M-1079,SESS-20260825-7905-0211,RENTAL_ACCRUAL,12,438,2026-08-25T22:10:00+08:00
4140d7a3-047d-4097-9385-7509b18e2ed8,M-1669,SESS-20260825-1486-0212,RENTAL_ACCRUAL,11,297,2026-08-26T00:15:00+08:00
e94035f0-9054-41ad-ac61-be58f72db369,M-1500,SESS-20260825-4123-0213,RENTAL_ACCRUAL,9,87,2026-08-25T18:35:00+08:00
7574ee1a-1bfb-488d-b4db-a3d5074a08a0,M-1167,SESS-20260825-6154-0214,RENTAL_ACCRUAL,12,415,2026-08-25T22:50:00+08:00
8b6c709d-af38-45e8-96e5-279421045920,M-1168,SESS-20260825-5823-0215,RENTAL_ACCRUAL,11,390,2026-08-25T21:35:00+08:00
8a28dcc2-dc57-4c90-8352-b91e39aad174,M-1372,SESS-20260825-7260-0216,RENTAL_ACCRUAL,27,263,2026-08-25T11:35:00+08:00
cadc3df0-22d4-42c6-bec7-ab48eadccd0c,M-1077,SESS-20260825-5995-0217,RENTAL_ACCRUAL,18,734,2026-08-25T23:25:00+08:00
62e0d22a-9009-4b98-822f-cb54267f6b66,M-1982,SESS-20260825-2058-0218,RENTAL_REDEMPTION,-100,57,2026-08-25T21:15:00+08:00
5be92b91-d7e8-48f8-9394-00543cdef482,M-1982,SESS-20260825-2058-0218,RENTAL_ACCRUAL,5,62,2026-08-25T23:15:00+08:00
928bf22e-05d2-473b-89e5-c734aaf5d6f7,M-1284,SESS-20260825-1611-0219,RENTAL_ACCRUAL,16,299,2026-08-26T02:30:00+08:00
fd9fe589-8ab6-4c1e-8287-c5685d855f15,M-1348,SESS-20260825-6941-0220,RENTAL_ACCRUAL,72,235,2026-08-26T04:45:00+08:00
37bde01e-bb35-4269-911a-290f2f7a1fc1,M-1735,SESS-20260825-5323-0221,RENTAL_REDEMPTION,-100,414,2026-08-25T14:45:00+08:00
e29fffda-72be-4134-b6b9-7d07b11115c7,M-1735,SESS-20260825-5323-0221,RENTAL_ACCRUAL,10,424,2026-08-25T17:45:00+08:00
2fe20b11-ac7c-4039-bc4a-72a80a57d104,M-1814,SESS-20260825-5345-0222,RENTAL_REDEMPTION,-100,45,2026-08-25T18:30:00+08:00
67fa34d5-c86c-4969-8c40-7465fb209368,M-1814,SESS-20260825-5345-0222,RENTAL_ACCRUAL,61,106,2026-08-25T23:30:00+08:00
5483a610-b333-4bd6-a7f5-a8768836762b,M-2092,SESS-20260825-5808-0223,RENTAL_REDEMPTION,-100,55,2026-08-25T23:50:00+08:00
e1dc2e10-95a5-4aaf-a803-c79de0f49958,M-2092,SESS-20260825-5808-0223,RENTAL_ACCRUAL,10,65,2026-08-26T02:50:00+08:00
5c5da02c-461d-4e6e-9daf-4074dbbf18c3,M-1099,SESS-20260825-3078-0224,RENTAL_ACCRUAL,5,266,2026-08-25T05:00:00+08:00
ce15a03d-dd44-4de8-826c-840bd58109f9,M-2010,SESS-20260825-7370-0225,RENTAL_ACCRUAL,28,220,2026-08-25T16:45:00+08:00
41126236-02ee-4804-91a1-175b6c1c3f89,M-1855,SESS-20260825-7035-0226,RENTAL_REDEMPTION,-100,98,2026-08-25T22:50:00+08:00
c8462263-1b1d-419f-adb7-2d6fed114d3e,M-1855,SESS-20260825-7035-0226,RENTAL_ACCRUAL,5,103,2026-08-26T00:50:00+08:00
beea1dd4-3b84-4ff1-8885-95ed2aab4014,M-2111,SESS-20260825-4466-0227,RENTAL_REDEMPTION,-100,48,2026-08-25T16:40:00+08:00
e26c8046-0ceb-4275-9049-171bed0a4e08,M-2111,SESS-20260825-4466-0227,RENTAL_ACCRUAL,35,83,2026-08-25T21:40:00+08:00
a53f82a7-56eb-4cf6-bba8-85fbee2111cc,M-1318,SESS-20260825-6235-0228,RENTAL_ACCRUAL,9,179,2026-08-25T14:15:00+08:00
ebdad496-95d4-441a-a8c0-1f32a9f8da64,M-1318,TIER_UPGRADE_Silver_TO_Gold,TIER_BONUS,100,279,2026-08-25T14:15:00+08:00
144953a8-dea3-4010-be86-6d72487ea872,M-1083,SESS-20260825-9707-0229,RENTAL_REDEMPTION,-100,239,2026-08-25T21:15:00+08:00
2bac8143-58d7-4437-9b3b-035f4cf3521c,M-1083,SESS-20260825-9707-0229,RENTAL_ACCRUAL,5,244,2026-08-25T23:15:00+08:00
b6c7c909-f12e-4b55-9d7c-ae8d89cff121,M-2168,SESS-20260825-6380-0230,RENTAL_ACCRUAL,25,116,2026-08-26T03:25:00+08:00
cd5fe167-8199-4960-8602-c8eea0404ec0,M-1375,SESS-20260825-6797-0231,RENTAL_ACCRUAL,27,141,2026-08-25T22:00:00+08:00
e5cd6fb2-dab7-4fb1-b888-ec42ce0bc124,M-1550,SESS-20260825-6810-0232,RENTAL_ACCRUAL,16,104,2026-08-25T21:20:00+08:00
7b58c6b9-3654-4caa-bf2c-a22fd4ecad1a,M-1038,SESS-20260825-8940-0233,RENTAL_ACCRUAL,11,121,2026-08-25T14:30:00+08:00
6ed84075-bde9-40b1-b649-2c5f652d91ef,M-1758,SESS-20260825-4357-0234,RENTAL_ACCRUAL,28,95,2026-08-26T04:15:00+08:00
2c8a3d37-bbde-4a9c-b2d3-0af8051fc876,M-1845,SESS-20260825-5042-0235,RENTAL_ACCRUAL,45,266,2026-08-26T04:45:00+08:00
c33a0317-58b3-4114-81c6-9bc515ee93a4,M-1590,SESS-20260825-1850-0236,RENTAL_ACCRUAL,13,368,2026-08-26T00:20:00+08:00
44d1434e-9784-4bd8-969b-70a70b5d8645,M-1865,SESS-20260825-6856-0237,RENTAL_ACCRUAL,11,293,2026-08-25T22:25:00+08:00
c35d480c-faf4-4d6e-8570-ab8447527b83,M-1905,SESS-20260825-4899-0238,RENTAL_ACCRUAL,45,460,2026-08-26T04:15:00+08:00
bb14e43b-21c7-4da2-9ed3-9d527bfe7232,M-1291,SESS-20260825-3957-0239,RENTAL_ACCRUAL,27,612,2026-08-26T01:55:00+08:00
19045447-2b53-4df8-ab97-43a3ffc5e7dd,M-1355,SESS-20260825-7567-0240,RENTAL_ACCRUAL,16,151,2026-08-25T22:45:00+08:00
c879ca05-5a8c-465b-acf2-db4956c9cadb,M-1637,SESS-20260825-2416-0241,RENTAL_ACCRUAL,12,1557,2026-08-25T17:00:00+08:00
ecd94f30-0b10-4857-aaa2-db0a670d8769,M-1630,SESS-20260825-1107-0242,RENTAL_ACCRUAL,28,612,2026-08-25T17:15:00+08:00
b58fb04a-556f-4fbd-a49e-879d6e9b5056,M-1576,SESS-20260825-6567-0243,RENTAL_ACCRUAL,9,1128,2026-08-25T10:45:00+08:00
ecf01e43-35b2-4f67-afbe-d3e22462f828,M-1897,SESS-20260825-4159-0244,RENTAL_ACCRUAL,13,466,2026-08-26T00:45:00+08:00
2863a922-24fe-43b9-98f3-87a33e116e06,M-1099,SESS-20260825-3573-0245,RENTAL_ACCRUAL,16,282,2026-08-25T23:05:00+08:00
a01de0e1-59ee-47e8-932a-1c5b7eb6d000,M-2016,SESS-20260825-6796-0246,RENTAL_ACCRUAL,28,256,2026-08-26T03:40:00+08:00
3218e107-8b5c-4fc6-8399-880b80a2201c,M-1274,SESS-20260825-2360-0247,RENTAL_ACCRUAL,18,624,2026-08-26T01:20:00+08:00
ac00cb0c-d52f-4584-9fe4-63a834e94545,M-1470,SESS-20260825-1915-0248,RENTAL_ACCRUAL,16,383,2026-08-25T23:45:00+08:00
e36b81cf-c645-4c97-a510-a4b09aa57165,M-1839,SESS-20260825-3466-0249,RENTAL_REDEMPTION,-100,41,2026-08-25T20:25:00+08:00
9f36ed24-dc0d-4060-a6f4-93aac8660a8e,M-1839,SESS-20260825-3466-0249,RENTAL_ACCRUAL,20,61,2026-08-25T23:25:00+08:00
92a05ec6-5d90-44eb-816d-23cfe9bd3e6d,M-1157,SESS-20260825-6409-0250,RENTAL_ACCRUAL,45,374,2026-08-26T05:20:00+08:00
edf7b47e-1e6a-42e4-811b-fe1453a8ba52,M-1111,SESS-20260825-2828-0251,RENTAL_ACCRUAL,16,237,2026-08-25T12:15:00+08:00
950bba90-bc88-452e-a861-b60e51ea1553,M-1395,SESS-20260825-6867-0252,RENTAL_ACCRUAL,28,108,2026-08-25T22:50:00+08:00
3186f155-2a80-4217-aa34-7ba3072e9b2c,M-1957,SESS-20260825-5653-0253,RENTAL_ACCRUAL,27,161,2026-08-26T00:35:00+08:00
4e079a74-78f3-420d-8d7e-1eca359affd9,M-1747,SESS-20260825-6986-0254,RENTAL_ACCRUAL,9,496,2026-08-25T18:15:00+08:00
3a957893-7118-4460-bd98-e9cb4ceb3ca7,M-1950,SESS-20260825-4502-0255,RENTAL_REDEMPTION,-100,5,2026-08-25T23:15:00+08:00
f8afb7fe-7881-4ae0-9420-38e286992718,M-1950,SESS-20260825-4502-0255,RENTAL_ACCRUAL,5,10,2026-08-26T01:15:00+08:00
b201d63d-f9f3-4711-bc0b-4ce44b7db74a,M-1708,SESS-20260825-6994-0256,RENTAL_ACCRUAL,28,277,2026-08-25T15:00:00+08:00
f9de43a9-c735-427f-bfa7-f02d299ef157,M-1414,SESS-20260825-5584-0257,RENTAL_ACCRUAL,6,572,2026-08-25T22:15:00+08:00
adb7a7dd-53ff-491e-87ee-934a96b151db,M-1511,SESS-20260825-7003-0258,RENTAL_ACCRUAL,18,398,2026-08-25T21:45:00+08:00
54ca85d6-7153-40ac-8ee7-529d1d741ba3,M-1409,SESS-20260825-4156-0259,RENTAL_ACCRUAL,6,473,2026-08-25T23:00:00+08:00
fba55d2b-fd03-464c-86f6-7ba74b2d61ad,M-1293,SESS-20260825-8815-0260,RENTAL_ACCRUAL,40,147,2026-08-25T21:00:00+08:00
231ece4d-3bc0-4de1-a801-edc45038f675,M-1072,SESS-20260825-5270-0261,RENTAL_REDEMPTION,-100,301,2026-08-25T19:45:00+08:00
e98ff30b-43af-414b-b6f5-264e72f5485c,M-1072,SESS-20260825-5270-0261,RENTAL_ACCRUAL,2,303,2026-08-25T20:45:00+08:00
3136462b-13c3-457e-9e9e-3efd7a544144,M-1412,SESS-20260825-3235-0262,RENTAL_ACCRUAL,40,595,2026-08-26T02:20:00+08:00
37ea0ec8-c498-4265-bdfb-816ad6081bb2,M-1902,SESS-20260825-6288-0263,RENTAL_ACCRUAL,15,119,2026-08-26T00:45:00+08:00
8cffaa08-7f40-46b6-9bfa-788f77f4d261,M-1041,SESS-20260825-8223-0264,RENTAL_ACCRUAL,6,830,2026-08-25T21:45:00+08:00
77b7de83-08f4-429d-bc29-aa90eff8c0f4,M-1248,SESS-20260825-6805-0265,RENTAL_ACCRUAL,27,150,2026-08-25T21:00:00+08:00
ca7dedf9-cb3e-4e81-8513-8978520e85de,M-1635,SESS-20260825-2032-0266,RENTAL_ACCRUAL,11,123,2026-08-25T17:15:00+08:00
9096b3f5-7d68-4dea-b853-1a975f821ca4,M-1179,SESS-20260825-5104-0267,RENTAL_ACCRUAL,5,151,2026-08-25T22:00:00+08:00
e73f6e72-a3f7-46e2-ab3c-58dd139c2392,M-2107,SESS-20260825-5552-0268,RENTAL_ACCRUAL,16,193,2026-08-26T00:25:00+08:00
580870b8-6fde-4ed7-b254-bb4b2f36289e,M-1641,SESS-20260825-8568-0269,RENTAL_ACCRUAL,18,322,2026-08-26T01:40:00+08:00
471079b2-401a-40d6-8391-84fef1e2cf8b,M-1847,SESS-20260825-5248-0270,RENTAL_ACCRUAL,10,14,2026-08-26T01:00:00+08:00
1f07fc7f-aaf0-4394-9bbe-55335e9bae96,M-1626,SESS-20260825-1220-0271,RENTAL_ACCRUAL,45,655,2026-08-26T00:10:00+08:00
0798a37f-aade-4d45-b8de-969d6adee0a1,M-1333,SESS-20260825-5778-0272,RENTAL_ACCRUAL,11,381,2026-08-26T00:00:00+08:00
55dc80f4-856f-483d-b046-c0c31ef2ae4f,M-1333,TIER_UPGRADE_Silver_TO_Gold,TIER_BONUS,100,481,2026-08-26T00:00:00+08:00
5ef14640-6da4-42e4-8d3a-76eaa5162d66,M-1367,SESS-20260825-3553-0273,RENTAL_ACCRUAL,18,583,2026-08-25T03:00:00+08:00
a95e6cb6-fd9b-44fb-85bf-4c5d705a106d,M-1403,SESS-20260825-4253-0274,RENTAL_ACCRUAL,19,2824,2026-08-25T20:45:00+08:00
b00caa1c-b8d7-4514-ac68-8dbfeb87feeb,M-1610,SESS-20260825-9791-0275,RENTAL_ACCRUAL,45,264,2026-08-25T18:30:00+08:00
4bdc8dd0-5a30-46d3-9992-690d40c672c3,M-1230,SESS-20260825-1608-0276,RENTAL_ACCRUAL,11,234,2026-08-25T12:30:00+08:00
f5d79c91-f7fd-4615-83e6-0f0ff7639250,M-1647,SESS-20260825-4554-0277,RENTAL_REDEMPTION,-200,785,2026-08-25T15:15:00+08:00
2254c771-681f-445c-8a74-e52bf6dcb207,M-1647,SESS-20260825-4554-0277,RENTAL_ACCRUAL,13,798,2026-08-25T17:15:00+08:00
0cdd5414-5224-427b-a37a-246d7e718d26,M-1850,SESS-20260825-7498-0278,RENTAL_ACCRUAL,10,245,2026-08-26T00:50:00+08:00
cea82f84-aac2-45c9-9327-2643f4cc9d22,M-2175,SESS-20260825-5063-0279,RENTAL_ACCRUAL,18,493,2026-08-25T15:25:00+08:00
7ecab694-8a18-4756-977f-c85728749c3e,M-1595,SESS-20260825-9890-0280,RENTAL_ACCRUAL,18,133,2026-08-25T23:00:00+08:00
0959460f-3ba2-4946-8354-b5ddd8093428,M-1632,SESS-20260825-3819-0281,RENTAL_ACCRUAL,19,148,2026-08-26T01:10:00+08:00
f1d95cad-52b2-496b-84d3-2c5e6e9b5d4c,M-1366,SESS-20260825-4603-0282,RENTAL_ACCRUAL,16,781,2026-08-25T14:00:00+08:00
bef0b7d8-5588-4e1b-a833-8a03960ad10f,M-1890,SESS-20260825-3111-0283,RENTAL_REDEMPTION,-100,3,2026-08-25T22:10:00+08:00
7447464a-5ce2-4246-9b37-4c3580274707,M-1890,SESS-20260825-3111-0283,RENTAL_ACCRUAL,10,13,2026-08-26T01:10:00+08:00
27244159-f43a-471a-bac3-b863c35eeacb,M-1397,SESS-20260825-6165-0284,RENTAL_REDEMPTION,-200,514,2026-08-25T23:00:00+08:00
61ff07e2-6660-49c0-81df-1bc6797dee13,M-1397,SESS-20260825-6165-0284,RENTAL_ACCRUAL,13,527,2026-08-26T01:00:00+08:00
9ed7475f-2be8-49c0-ac96-8ec10157222c,M-1559,SESS-20260825-1536-0285,RENTAL_ACCRUAL,27,364,2026-08-26T00:45:00+08:00
9853a88c-ca63-4080-8091-0f3e970e85cb,M-1172,SESS-20260825-9765-0286,RENTAL_ACCRUAL,6,1046,2026-08-26T00:00:00+08:00
3cc7586d-2a14-4250-b0bb-1d65434c7a01,M-1792,SESS-20260825-2777-0287,RENTAL_ACCRUAL,12,2165,2026-08-25T17:15:00+08:00
15e9a86a-98fe-429f-b9fb-1fa87951e07c,M-2167,SESS-20260825-3597-0288,RENTAL_ACCRUAL,16,228,2026-08-26T01:00:00+08:00
ecaf9d06-7a89-47bd-ade2-395e9bfd10d1,M-2024,SESS-20260825-4876-0289,RENTAL_ACCRUAL,15,76,2026-08-26T01:25:00+08:00
f4c94e87-bf6c-48cf-ba37-f1715cb8947c,M-2170,SESS-20260825-4876-0290,RENTAL_ACCRUAL,15,72,2026-08-25T16:15:00+08:00
1a07055e-24d6-4d03-9b0b-9b51bb88eaf4,M-1685,SESS-20260825-4710-0291,RENTAL_ACCRUAL,18,137,2026-08-26T01:15:00+08:00
1fe8e325-70bb-4cee-83bf-809a2362582d,M-1910,SESS-20260825-8068-0292,RENTAL_ACCRUAL,8,66,2026-08-25T22:55:00+08:00
edf91e56-4204-4372-8931-224ee7d61327,M-1197,SESS-20260825-5928-0293,RENTAL_ACCRUAL,67,162,2026-08-26T03:35:00+08:00
773f0351-1e2b-4202-a76d-cba900facd0b,M-1876,SESS-20260825-7936-0294,RENTAL_ACCRUAL,28,258,2026-08-26T00:20:00+08:00
3e7d37fc-2c20-487e-b068-4ec62f07a98a,M-1204,SESS-20260825-9737-0295,RENTAL_ACCRUAL,18,338,2026-08-26T01:00:00+08:00
7b2a4e81-7e08-4ed9-859a-c0fd10820c6b,M-1011,SESS-20260825-9175-0296,RENTAL_ACCRUAL,19,983,2026-08-26T01:35:00+08:00
c4a4b121-6481-40b3-9855-5bf6c137fe98,M-1200,SESS-20260825-9100-0297,RENTAL_ACCRUAL,5,89,2026-08-25T17:10:00+08:00
6d77f752-0386-4310-8b7e-59efaf8457f6,M-2031,SESS-20260825-7833-0298,RENTAL_ACCRUAL,5,186,2026-08-26T00:15:00+08:00
5dbf9aa2-17a2-4ef1-b013-26cffc07c7ba,M-1055,SESS-20260825-8118-0299,RENTAL_REDEMPTION,-100,411,2026-08-25T22:40:00+08:00
610b7851-84da-4791-8137-1ce8e30a720a,M-1055,SESS-20260825-8118-0299,RENTAL_ACCRUAL,5,416,2026-08-26T00:40:00+08:00
fb4137b7-17a0-4f6d-af99-897a9553c24f,M-1482,SESS-20260825-4294-0300,RENTAL_ACCRUAL,27,507,2026-08-26T00:25:00+08:00
15b9c9f3-99b3-404f-8c5c-5ebf7abd0fb8,M-2165,SESS-20260825-9401-0301,RENTAL_ACCRUAL,10,35,2026-08-25T20:50:00+08:00
2d0bcfaf-21c6-48a7-9067-e803cdd1cd76,M-1716,SESS-20260825-9389-0302,RENTAL_ACCRUAL,16,344,2026-08-25T22:15:00+08:00
484e998d-27d2-4dd0-85ee-5063e1c8427e,M-1716,TIER_UPGRADE_Silver_TO_Gold,TIER_BONUS,100,444,2026-08-25T22:15:00+08:00
9774fa67-ebf5-4e47-b79f-6ee383d907be,M-1459,SESS-20260825-1512-0303,RENTAL_ACCRUAL,18,27,2026-08-25T06:15:00+08:00
07c4c5d7-abe0-41c5-ab1b-1d8284c09297,M-1581,SESS-20260825-7666-0304,RENTAL_REDEMPTION,-300,92,2026-08-25T16:30:00+08:00
db4ac361-0cce-4b64-8e25-a53d2cbb1b68,M-1581,SESS-20260825-7666-0304,RENTAL_ACCRUAL,7,99,2026-08-25T21:30:00+08:00
9d6d1dda-85be-428f-a52d-4ca017d94706,M-1443,SESS-20260825-9297-0305,RENTAL_ACCRUAL,19,101,2026-08-25T21:50:00+08:00
07abd31c-9fce-40d8-a169-d10ffb956489,M-1464,SESS-20260825-7308-0306,RENTAL_REDEMPTION,-100,266,2026-08-25T22:30:00+08:00
6109ed49-ca48-4a1f-9f6b-8bbd59770e62,M-1464,SESS-20260825-7308-0306,RENTAL_ACCRUAL,5,271,2026-08-26T00:30:00+08:00
edd8b3a4-c6a4-4bae-8abc-0245cf241194,M-1698,SESS-20260825-3538-0307,RENTAL_ACCRUAL,11,600,2026-08-25T21:45:00+08:00
8237a85c-1466-44e9-b663-04446b583da0,M-1987,SESS-20260825-4937-0308,RENTAL_ACCRUAL,15,166,2026-08-25T15:35:00+08:00
c2f7e862-1e91-4577-a227-84ac70dd048c,M-2068,SESS-20260825-5708-0309,RENTAL_ACCRUAL,18,194,2026-08-26T01:55:00+08:00
b55ac137-198d-49e5-aa85-99fef37023c8,M-1593,SESS-20260825-8166-0310,RENTAL_ACCRUAL,28,96,2026-08-26T04:15:00+08:00
c094a207-52e3-4465-855c-53e91584523c,M-2108,SESS-20260825-8515-0311,RENTAL_ACCRUAL,24,260,2026-08-26T00:30:00+08:00
78d8a53f-b32c-4c94-907f-eb4b57c86554,M-2010,SESS-20260825-9983-0312,RENTAL_ACCRUAL,40,260,2026-08-26T02:00:00+08:00
b8973879-507a-436d-9d7a-f2cd43ea11a6,M-2073,SESS-20260825-3520-0313,RENTAL_ACCRUAL,15,276,2026-08-25T18:40:00+08:00
89d01e58-37f2-47b1-9582-5929b25c5797,M-1921,SESS-20260825-3990-0314,RENTAL_ACCRUAL,12,14,2026-08-25T21:25:00+08:00
04fe9a18-cc34-40ec-9437-119fa4646868,M-2083,SESS-20260825-2575-0315,RENTAL_ACCRUAL,8,133,2026-08-25T14:30:00+08:00
70a73d7e-c828-4774-8ad1-3072ba9b2256,M-1535,SESS-20260825-8808-0316,RENTAL_ACCRUAL,18,359,2026-08-25T18:00:00+08:00
50a5e795-bc0d-4ba7-8152-c3b0c60b6323,M-1589,SESS-20260825-3945-0317,RENTAL_REDEMPTION,-100,39,2026-08-25T18:15:00+08:00
37fe5093-a7c6-45e8-9ccf-4378227261ea,M-1589,SESS-20260825-3945-0317,RENTAL_ACCRUAL,20,59,2026-08-25T21:15:00+08:00
5f254820-8012-40ea-8bc2-f382c1b33f96,M-1159,SESS-20260825-2975-0318,RENTAL_ACCRUAL,11,174,2026-08-25T12:00:00+08:00
171a5dd9-3a14-4902-99dc-8bbdb501e1fe,M-1268,SESS-20260825-6034-0319,RENTAL_ACCRUAL,28,103,2026-08-25T19:45:00+08:00
6ce47db3-47ca-4e36-8106-b6255c80a68e,M-1857,SESS-20260825-9229-0320,RENTAL_ACCRUAL,27,97,2026-08-25T16:00:00+08:00
0b6911d8-a670-4c4a-8f67-0fafe2055efb,M-1588,SESS-20260825-6995-0321,RENTAL_ACCRUAL,30,1682,2026-08-26T02:00:00+08:00
6ac7804d-52a7-487a-baae-1d0e107598d1,M-1130,SESS-20260825-4405-0322,RENTAL_ACCRUAL,28,452,2026-08-25T23:30:00+08:00
5ec53d55-bffc-42d5-b5e4-592922153222,M-2129,SESS-20260825-7988-0323,RENTAL_ACCRUAL,5,33,2026-08-25T18:00:00+08:00
748021d2-c504-47d5-a43c-06fd0620d936,M-1141,SESS-20260825-2559-0324,RENTAL_ACCRUAL,27,245,2026-08-26T00:15:00+08:00
d48fde02-770c-4215-9fb7-43179d793e48,M-1263,SESS-20260825-1665-0325,RENTAL_ACCRUAL,11,570,2026-08-25T21:40:00+08:00
2968239d-6d1b-4fe0-9e1d-5f670e2a8955,M-1689,SESS-20260825-5020-0326,RENTAL_ACCRUAL,45,244,2026-08-26T02:00:00+08:00
2ad5cf6d-a033-4659-827b-b49cf225b77a,M-1689,TIER_UPGRADE_Silver_TO_Gold,TIER_BONUS,100,344,2026-08-26T02:00:00+08:00
2c945d69-8f02-4d98-a9a2-8678cc9711ba,M-2059,SESS-20260825-1369-0327,RENTAL_ACCRUAL,10,30,2026-08-26T01:35:00+08:00
3d3692f2-bab3-4dd2-b7e6-6f8707cff842,M-1441,SESS-20260825-6791-0328,RENTAL_ACCRUAL,45,326,2026-08-25T21:15:00+08:00
d5d60e51-0198-4268-9215-c2af25e7c06c,M-1651,SESS-20260825-6398-0329,RENTAL_ACCRUAL,5,549,2026-08-25T08:55:00+08:00
038e45de-4972-4971-8618-7a5a08dc227f,M-1719,SESS-20260825-4965-0330,RENTAL_ACCRUAL,18,359,2026-08-26T01:15:00+08:00
7745aa90-1cd8-4034-b6bd-cbf42cb8e88f,M-1661,SESS-20260825-3684-0331,RENTAL_ACCRUAL,12,2845,2026-08-25T15:00:00+08:00
3bd04928-22c9-4333-822f-c24a1586dc0e,M-2184,SESS-20260825-1882-0332,RENTAL_REDEMPTION,-200,59,2026-08-25T22:15:00+08:00
34c9a98e-48e3-47b1-b4a2-66ebcc554195,M-2184,SESS-20260825-1882-0332,RENTAL_ACCRUAL,5,64,2026-08-26T00:15:00+08:00
f6bb288e-9099-4855-a203-339e125a3056,M-1114,SESS-20260825-7166-0333,RENTAL_ACCRUAL,11,180,2026-08-26T01:00:00+08:00
36ba4356-5ea0-4f83-88bc-9faa540ef452,M-1768,SESS-20260825-7707-0334,RENTAL_ACCRUAL,19,208,2026-08-26T01:00:00+08:00
ff41dd7c-2c0c-4b4b-9a29-726b3cebb1e6,M-1015,SESS-20260825-4137-0335,RENTAL_ACCRUAL,11,824,2026-08-25T12:15:00+08:00
ef82475d-f011-459b-b405-f656bd5782dc,M-1771,SESS-20260825-6772-0336,RENTAL_ACCRUAL,28,163,2026-08-26T02:55:00+08:00
43e9e41d-e8fd-4577-be2e-e05b9085e664,M-1925,SESS-20260825-5212-0337,RENTAL_ACCRUAL,11,156,2026-08-25T22:30:00+08:00
185a20dd-e390-41c0-908c-57ea6b8e3d69,M-1883,SESS-20260825-6558-0338,RENTAL_REDEMPTION,-100,46,2026-08-25T21:55:00+08:00
c9d01592-7541-4687-94e6-14d504394762,M-1883,SESS-20260825-6558-0338,RENTAL_ACCRUAL,35,81,2026-08-26T05:55:00+08:00
d25bd437-d95a-41f8-9329-091c60c7c8eb,M-1296,SESS-20260825-4877-0339,RENTAL_ACCRUAL,19,985,2026-08-25T21:25:00+08:00
00265939-745e-4bbd-ac83-77212ac9c310,M-1658,SESS-20260825-4405-0340,RENTAL_ACCRUAL,28,804,2026-08-25T21:25:00+08:00
ad818c68-00ab-4239-9986-aa0fe45b83c6,M-1446,SESS-20260825-6337-0341,RENTAL_ACCRUAL,27,346,2026-08-25T22:30:00+08:00
5c7368ac-b740-4fb9-b7f2-06e285c2c13a,M-2033,SESS-20260825-5816-0342,RENTAL_ACCRUAL,45,209,2026-08-26T04:00:00+08:00
97f32ab7-aed4-444b-970d-8807be483a9e,M-1240,SESS-20260825-7135-0343,RENTAL_ACCRUAL,6,377,2026-08-25T22:40:00+08:00
4bf6511a-e987-40ef-b401-00dc56ee18e6,M-1767,SESS-20260825-4505-0344,RENTAL_ACCRUAL,16,98,2026-08-26T00:00:00+08:00
119217e3-2b96-450b-a8d8-89c940ac6627,M-1149,SESS-20260825-2537-0345,RENTAL_ACCRUAL,11,350,2026-08-25T11:00:00+08:00
5e32248f-6bf7-4102-a763-5bfda6502d1c,M-1573,SESS-20260825-4775-0346,RENTAL_ACCRUAL,18,638,2026-08-25T23:35:00+08:00
db4b34fc-db19-4b4d-b8c1-596c178026b7,M-1037,SESS-20260825-5310-0347,RENTAL_ACCRUAL,6,538,2026-08-25T18:30:00+08:00
b8027204-c5cf-4399-8230-48ece0c5e39a,M-1645,SESS-20260825-8218-0348,RENTAL_ACCRUAL,16,734,2026-08-25T20:20:00+08:00
98d45c31-1519-4966-8fc2-c27bdc3274bd,M-1886,SESS-20260825-1307-0349,RENTAL_ACCRUAL,11,245,2026-08-26T00:25:00+08:00
ce786d1e-c11a-417f-a711-75f244e8a80a,M-1201,SESS-20260825-7466-0350,RENTAL_ACCRUAL,76,776,2026-08-25T19:00:00+08:00
7ef6095a-43fc-4521-b5fd-17ba21f68535,M-1490,SESS-20260825-5508-0351,RENTAL_ACCRUAL,11,264,2026-08-26T01:30:00+08:00
de12960e-6772-4bb4-bc0b-dcabbb810c6f,M-1117,SESS-20260825-7970-0352,RENTAL_ACCRUAL,5,116,2026-08-26T00:25:00+08:00
519749e6-1818-4868-af76-f91b36f76a2f,M-1695,SESS-20260825-7973-0353,RENTAL_REDEMPTION,-100,45,2026-08-25T23:10:00+08:00
70998f46-7c6f-4789-be47-92b2f3fd38aa,M-1695,SESS-20260825-7973-0353,RENTAL_ACCRUAL,5,50,2026-08-26T01:10:00+08:00
4b2abc8d-405d-4669-97d0-21ba25c85143,M-1030,SESS-20260825-1772-0354,RENTAL_ACCRUAL,11,159,2026-08-25T18:45:00+08:00
006c3241-02e3-422f-a66e-ec2b52614f7f,M-2191,SESS-20260825-2867-0355,RENTAL_ACCRUAL,11,516,2026-08-25T17:45:00+08:00
77120535-6297-4579-802f-0b5a3dab4fd3,M-1260,SESS-20260825-1059-0356,RENTAL_REDEMPTION,-300,180,2026-08-25T14:45:00+08:00
10da9086-7b79-411c-a7ee-3019133f489d,M-1260,SESS-20260825-1059-0356,RENTAL_ACCRUAL,25,205,2026-08-25T19:45:00+08:00
dbca1a2a-50b9-4d94-8813-4f0a1bd00f30,M-1365,SESS-20260825-1253-0357,RENTAL_ACCRUAL,108,262,2026-08-26T07:55:00+08:00
5aea0266-5905-468d-bfa2-ef09c4377acc,M-2192,SESS-20260825-1104-0358,RENTAL_ACCRUAL,9,373,2026-08-25T23:05:00+08:00
6ffc4d1c-b945-472e-b964-10b6142ca0e3,M-1015,SESS-20260825-2631-0359,RENTAL_ACCRUAL,16,840,2026-08-26T01:45:00+08:00
a0698109-2160-455d-a1d8-b7e7e5c7cdc8,M-1878,SESS-20260825-7302-0360,RENTAL_ACCRUAL,27,179,2026-08-26T02:50:00+08:00
78d08002-ca38-4db8-814a-25731d8c2ee2,M-1609,SESS-20260825-3307-0361,RENTAL_ACCRUAL,76,764,2026-08-26T06:00:00+08:00
4dc8dcf1-f265-4cd4-9631-72f78d4eb7e4,M-1807,SESS-20260825-8501-0362,RENTAL_ACCRUAL,28,263,2026-08-26T00:50:00+08:00
bc0c45b4-7864-464c-b990-b3043d16330d,M-1647,SESS-20260825-6378-0363,RENTAL_REDEMPTION,-200,598,2026-08-25T22:00:00+08:00
09cbd598-6f17-4730-be39-2ff6078b7227,M-1647,SESS-20260825-6378-0363,RENTAL_ACCRUAL,3,601,2026-08-26T01:00:00+08:00
028fb77e-0804-4b04-8e1c-527e9371a2d8,M-1707,SESS-20260825-7509-0364,RENTAL_ACCRUAL,6,300,2026-08-25T20:55:00+08:00
0d13f2f4-9395-4c3d-8d33-1e28a439dded,M-1846,SESS-20260825-5053-0365,RENTAL_REDEMPTION,-100,28,2026-08-25T21:45:00+08:00
f24a606c-3d47-4a75-bae3-948029218b4f,M-1846,SESS-20260825-5053-0365,RENTAL_ACCRUAL,35,63,2026-08-26T02:45:00+08:00
95984ecb-b210-43d7-962e-c80cd974ab4e,M-1733,SESS-20260825-9681-0366,RENTAL_REDEMPTION,-100,70,2026-08-25T23:50:00+08:00
02bff364-6416-4928-8b1b-c3ebddf2e411,M-1733,SESS-20260825-9681-0366,RENTAL_ACCRUAL,2,72,2026-08-26T00:50:00+08:00
81406af7-85a0-490c-afbd-eec1a7969afd,M-1949,SESS-20260825-7367-0367,RENTAL_ACCRUAL,9,296,2026-08-25T05:15:00+08:00
6a4b8d3f-bc2b-4bd2-a583-73a17221bf13,M-1638,SESS-20260825-9987-0368,RENTAL_ACCRUAL,11,574,2026-08-25T20:00:00+08:00
93662e7d-9099-4972-b324-586ea428082c,M-1805,SESS-20260825-9121-0369,RENTAL_ACCRUAL,11,368,2026-08-26T00:30:00+08:00
e0e300c5-e78a-4f8b-90d8-41805746ae32,M-1096,SESS-20260825-5384-0370,RENTAL_ACCRUAL,27,312,2026-08-25T23:30:00+08:00
1497ab42-8fc8-479d-b328-8406453126de,M-1007,SESS-20260825-8916-0371,RENTAL_ACCRUAL,12,201,2026-08-26T00:20:00+08:00
1469ff23-43c4-4bce-b48e-65f3e453c97e,M-1168,SESS-20260825-9801-0372,RENTAL_ACCRUAL,11,401,2026-08-26T00:35:00+08:00
58edc811-a545-4662-b4cd-6a6474350d7b,M-2050,SESS-20260825-4731-0373,RENTAL_ACCRUAL,16,247,2026-08-26T02:10:00+08:00
13f140be-a943-4965-a63c-1a51062c11c8,M-2153,SESS-20260825-2392-0374,RENTAL_ACCRUAL,24,254,2026-08-25T23:00:00+08:00
30c10050-0de2-4d90-82e3-6756b1d59a9d,M-1379,SESS-20260825-7360-0375,RENTAL_ACCRUAL,16,613,2026-08-25T23:10:00+08:00
09e7b789-2cb5-4440-a33c-f4b912104282,M-2200,SESS-20260825-2635-0376,RENTAL_ACCRUAL,10,82,2026-08-25T19:30:00+08:00
579570ec-6ab7-44f0-b6e5-0be1e637c98a,M-1990,SESS-20260825-8462-0377,RENTAL_ACCRUAL,5,62,2026-08-25T23:00:00+08:00
9bef7021-3ae5-4b22-9c70-a3c585b8f2f8,M-1887,SESS-20260825-3824-0378,RENTAL_ACCRUAL,15,122,2026-08-25T21:55:00+08:00
1038a084-4ac0-4305-befa-59f44dcbb18e,M-1577,SESS-20260825-5677-0379,RENTAL_REDEMPTION,-100,67,2026-08-25T23:10:00+08:00
0c0414f2-a3a0-4088-a180-09fc965277b8,M-1577,SESS-20260825-5677-0379,RENTAL_ACCRUAL,38,105,2026-08-26T04:10:00+08:00
14199c86-52b6-43f1-a905-d503972488a6,M-1913,SESS-20260825-4066-0380,RENTAL_ACCRUAL,18,120,2026-08-26T00:45:00+08:00
97924fcb-0d0e-401c-b3e5-166a97bc69d5,M-1347,SESS-20260825-5309-0381,RENTAL_ACCRUAL,18,3374,2026-08-25T23:30:00+08:00
1e5a2711-d1a9-410c-ad42-d55117586be9,M-1357,SESS-20260825-7807-0382,RENTAL_ACCRUAL,18,328,2026-08-25T21:55:00+08:00
810e757b-0d3b-4088-993d-42b816443bfd,M-1852,SESS-20260825-1848-0383,RENTAL_REDEMPTION,-100,30,2026-08-25T17:30:00+08:00
c0a8bcdf-f510-430f-b26a-5ce08eb18e5e,M-1852,SESS-20260825-1848-0383,RENTAL_ACCRUAL,19,49,2026-08-25T20:30:00+08:00
1e5d6ec3-471b-4b83-ae8e-ad479553c82e,M-2194,SESS-20260825-3350-0384,RENTAL_REDEMPTION,-200,16,2026-08-25T21:15:00+08:00
a318e672-2424-45b4-a64c-32d792ffe88b,M-2194,SESS-20260825-3350-0384,RENTAL_ACCRUAL,2,18,2026-08-25T22:15:00+08:00
f0d778bf-bf17-4688-a44d-6d57ba7cda91,M-2194,TIER_UPGRADE_Standard_TO_Silver,TIER_BONUS,50,68,2026-08-25T22:15:00+08:00
45499ce1-36cf-4c55-90a2-d956fb2ba3b7,M-1998,SESS-20260825-7861-0385,RENTAL_ACCRUAL,18,235,2026-08-25T21:15:00+08:00
8f79f006-3ce5-4f97-932d-dd49e218700b,M-1875,SESS-20260825-6683-0386,RENTAL_ACCRUAL,24,28,2026-08-25T23:15:00+08:00
654a16fa-1c44-49ba-9b65-708180fe0978,M-1864,SESS-20260825-2048-0387,RENTAL_REDEMPTION,-100,316,2026-08-25T20:55:00+08:00
cbe42e8f-a610-4e5e-81c5-1dd2364f62b2,M-1864,SESS-20260825-2048-0387,RENTAL_ACCRUAL,2,318,2026-08-25T21:55:00+08:00
6b76e5a3-227b-4adb-918c-3a78f64a5c72,M-1501,SESS-20260825-1437-0388,RENTAL_REDEMPTION,-100,63,2026-08-25T22:30:00+08:00
0427dbaa-3b93-461a-9417-2280e9ccddef,M-1501,SESS-20260825-1437-0388,RENTAL_ACCRUAL,20,83,2026-08-26T01:30:00+08:00
4b912677-d035-4285-a3d1-b92d6e050ade,M-1402,SESS-20260825-4297-0389,RENTAL_ACCRUAL,67,177,2026-08-25T19:15:00+08:00
04bea019-0168-427e-9523-8f798e5d907c,M-1402,TIER_UPGRADE_Silver_TO_Gold,TIER_BONUS,100,277,2026-08-25T19:15:00+08:00
c6346773-0dac-432e-994a-3aa3455e6c15,M-1462,SESS-20260825-5970-0390,RENTAL_REDEMPTION,-200,336,2026-08-25T23:10:00+08:00
5154487a-a6c7-492f-8d38-b42e941b5ff4,M-1462,SESS-20260825-5970-0390,RENTAL_ACCRUAL,3,339,2026-08-26T02:10:00+08:00
e981914c-909d-4a58-bb2d-56ac98e032d4,M-1524,SESS-20260825-1049-0391,RENTAL_ACCRUAL,16,109,2026-08-26T02:20:00+08:00
7f7e9d8b-fa11-4d3c-b447-ced365da6756,M-1267,SESS-20260825-3561-0392,RENTAL_ACCRUAL,9,459,2026-08-25T23:05:00+08:00
c935b8f0-3fad-423e-8c56-509d6357b589,M-2017,SESS-20260825-7826-0393,RENTAL_ACCRUAL,28,225,2026-08-25T16:45:00+08:00
fae243c4-768c-4ccf-aa83-4766d5493e0d,M-1825,SESS-20260825-8761-0394,RENTAL_ACCRUAL,18,286,2026-08-25T22:30:00+08:00
6129a5f4-a5b7-4a59-8e44-2db1e4d2087a,M-1457,SESS-20260825-9255-0395,RENTAL_ACCRUAL,27,283,2026-08-26T00:30:00+08:00
48993f3d-02a3-47a3-afba-b18104059f4b,M-2183,SESS-20260825-1785-0396,RENTAL_ACCRUAL,25,131,2026-08-26T03:50:00+08:00
b13acbb1-4545-447d-9841-5084d8fbde0f,M-1218,SESS-20260825-9412-0397,RENTAL_ACCRUAL,11,168,2026-08-25T23:15:00+08:00
c2760716-b2ab-4a28-8987-3ed6a4b57ed7,M-1966,SESS-20260825-2537-0398,RENTAL_REDEMPTION,-100,82,2026-08-25T10:30:00+08:00
ca724fc4-494a-4963-ba85-3508fa176ccf,M-1966,SESS-20260825-2537-0398,RENTAL_ACCRUAL,5,87,2026-08-25T12:30:00+08:00
e5dc0197-52b5-4c75-84b3-d3fa1ee15349,M-1032,SESS-20260825-6868-0399,RENTAL_ACCRUAL,67,447,2026-08-26T04:35:00+08:00
649ac4c8-0410-4a08-a02e-79085ad103a7,M-1338,SESS-20260825-7459-0400,RENTAL_ACCRUAL,28,68,2026-08-25T23:40:00+08:00
a1647e9a-44b0-4c5e-b604-f5cc45b9f44a,M-1176,SESS-20260825-2836-0401,RENTAL_ACCRUAL,19,236,2026-08-25T22:35:00+08:00
6138c7a1-dbbd-4876-b789-53a14ff3e42d,M-1188,SESS-20260825-7408-0402,RENTAL_REDEMPTION,-100,65,2026-08-25T19:05:00+08:00
5f104997-f7c1-4da6-9e87-ce9bf75c10c0,M-1188,SESS-20260825-7408-0402,RENTAL_ACCRUAL,21,86,2026-08-25T22:05:00+08:00
3a335033-ec14-44ad-a7f8-85c1829f011c,M-1583,SESS-20260825-8331-0403,RENTAL_REDEMPTION,-100,290,2026-08-25T18:00:00+08:00
7f8fd94d-b44d-4773-98cb-7c6000f046df,M-1583,SESS-20260825-8331-0403,RENTAL_ACCRUAL,61,351,2026-08-25T23:00:00+08:00
1d0f3f86-f56f-4ab9-8798-034ea92b1931,M-1161,SESS-20260825-9456-0404,RENTAL_ACCRUAL,27,705,2026-08-25T22:50:00+08:00
d29f2d1a-18c9-436a-987c-74bc1d783287,M-2034,SESS-20260825-3191-0405,RENTAL_ACCRUAL,5,151,2026-08-25T23:00:00+08:00
b95c9ad7-fc4f-4bc0-8add-4c1e080e7a89,M-1065,SESS-20260825-1525-0406,RENTAL_ACCRUAL,12,763,2026-08-26T01:55:00+08:00
8d8a12b1-fbbf-4d38-87d7-4029c13b0f75,M-1713,SESS-20260825-9729-0407,RENTAL_ACCRUAL,48,285,2026-08-26T03:55:00+08:00
2f57fce7-4088-4d2f-a576-ee5a6ebc2167,M-2164,SESS-20260825-3238-0408,RENTAL_ACCRUAL,8,44,2026-08-25T21:45:00+08:00
fa5225e1-2212-4533-8f4a-0118c1548033,M-2124,SESS-20260825-2889-0409,RENTAL_REDEMPTION,-100,13,2026-08-25T23:30:00+08:00
b3e8aedd-2e12-4332-8cd4-c47f896cb79e,M-2124,SESS-20260825-2889-0409,RENTAL_ACCRUAL,20,33,2026-08-26T01:30:00+08:00
096fa71a-ccb4-4096-9436-2aae9e5ecc61,M-1228,SESS-20260825-3139-0410,RENTAL_ACCRUAL,108,300,2026-08-26T06:25:00+08:00
807eaa5c-3c6d-4059-ba5f-d6101fd08974,M-1613,SESS-20260825-7439-0411,RENTAL_ACCRUAL,30,112,2026-08-26T00:00:00+08:00
064e1dd5-36b1-470a-b005-1dce14aaeb06,M-1351,SESS-20260825-3833-0412,RENTAL_ACCRUAL,18,110,2026-08-25T23:25:00+08:00
8f61dd90-2dc6-4f5d-8fd5-7fb6204b9b29,M-1533,SESS-20260825-9694-0413,RENTAL_ACCRUAL,18,150,2026-08-26T01:40:00+08:00
0800ad28-00ed-4f5c-9712-aff19db0a651,M-1325,SESS-20260825-8521-0414,RENTAL_ACCRUAL,11,140,2026-08-25T23:15:00+08:00
bc05b4d6-dda7-49fd-b9bc-aaf71b7e5c67,M-1943,SESS-20260825-3792-0415,RENTAL_ACCRUAL,15,25,2026-08-26T02:05:00+08:00
a4060ae2-2cee-4f71-9fed-9bbccf6ea16c,M-2041,SESS-20260825-2964-0416,RENTAL_REDEMPTION,-100,23,2026-08-25T21:50:00+08:00
932147e4-a400-4aec-8f3d-3dca5b493242,M-2041,SESS-20260825-2964-0416,RENTAL_ACCRUAL,3,26,2026-08-25T22:50:00+08:00
74dad807-061e-4ba7-9269-e902ab7ad3e8,M-1288,SESS-20260825-2667-0417,RENTAL_ACCRUAL,19,208,2026-08-26T00:35:00+08:00
46b3bb9e-a61f-4efb-aa40-e8630344aa29,M-1118,SESS-20260825-1278-0418,RENTAL_ACCRUAL,18,246,2026-08-26T01:35:00+08:00
6850e27a-bd53-40ac-95b3-f57687297231,M-1575,SESS-20260825-3714-0419,RENTAL_ACCRUAL,30,172,2026-08-26T03:45:00+08:00
4443e2f6-b9ab-4339-b5d7-12dad8c9b7b5,M-1889,SESS-20260825-9648-0420,RENTAL_ACCRUAL,40,83,2026-08-25T23:15:00+08:00
71f8419d-d856-4e5f-8d20-2befd41372b1,M-1217,SESS-20260825-9158-0421,RENTAL_ACCRUAL,108,199,2026-08-26T01:30:00+08:00
c8d5ab47-7b65-4f21-a5b1-389ac3c40919,M-1079,SESS-20260825-1128-0422,RENTAL_REDEMPTION,-100,338,2026-08-25T23:30:00+08:00
f7ae8c77-ae8f-447a-9345-33c0b77d6317,M-1079,SESS-20260825-1128-0422,RENTAL_ACCRUAL,6,344,2026-08-26T00:30:00+08:00
06241409-3aff-4cea-9664-219e136a6d1a,M-2085,SESS-20260825-9745-0423,RENTAL_ACCRUAL,11,338,2026-08-26T01:20:00+08:00
a57b9216-896d-481c-8b95-87d52ce02dab,M-1109,SESS-20260825-7473-0424,RENTAL_ACCRUAL,16,791,2026-08-25T15:40:00+08:00
2653a83f-af07-42a3-8f20-d2bb43ca06b6,M-1109,TIER_UPGRADE_Silver_TO_Gold,TIER_BONUS,100,891,2026-08-25T15:40:00+08:00
e4c8d03b-cdca-47e2-958c-67b6be25b821,M-1692,SESS-20260825-2037-0425,RENTAL_ACCRUAL,6,2164,2026-08-25T22:10:00+08:00
93f38536-2190-4d5a-a0fe-2a908bf6686b,M-1795,SESS-20260825-5478-0426,RENTAL_REDEMPTION,-100,10,2026-08-25T19:35:00+08:00
dbf94d31-9722-4374-800d-d347ad90e98a,M-1795,SESS-20260825-5478-0426,RENTAL_ACCRUAL,5,15,2026-08-25T21:35:00+08:00
9d5142e1-8579-4638-8bcb-3d43927defb8,M-1573,SESS-20260825-8931-0427,RENTAL_ACCRUAL,28,666,2026-08-26T04:45:00+08:00
ae77767b-f4cc-4331-8109-febe25d8595d,M-1582,SESS-20260825-8123-0428,RENTAL_ACCRUAL,11,646,2026-08-26T01:30:00+08:00
92abb5f1-f2fe-4ab7-b01e-8fa203520354,M-1531,SESS-20260825-9484-0429,RENTAL_REDEMPTION,-100,349,2026-08-25T23:15:00+08:00
87219435-4ef9-49ba-9b39-27b846f61674,M-1531,SESS-20260825-9484-0429,RENTAL_ACCRUAL,11,360,2026-08-26T01:15:00+08:00
b19e5f85-469c-4bed-8ee5-918794fb56a0,M-2028,SESS-20260825-1718-0430,RENTAL_ACCRUAL,25,90,2026-08-26T04:30:00+08:00
8ce2d9bc-438a-4bf1-927a-cffa3e047fe1,M-1312,SESS-20260825-2139-0431,RENTAL_ACCRUAL,11,110,2026-08-25T05:15:00+08:00
b64e8adf-d087-4c1e-809b-939003b1cfef,M-1210,SESS-20260825-7207-0432,RENTAL_ACCRUAL,12,1544,2026-08-25T21:45:00+08:00
9570f976-a436-4028-be0e-3250399f22e3,M-2096,SESS-20260825-4742-0433,RENTAL_ACCRUAL,5,119,2026-08-26T00:55:00+08:00
2b00a760-661f-4d8f-b808-3cf138ccee75,M-1826,SESS-20260825-3465-0434,RENTAL_ACCRUAL,18,218,2026-08-26T00:00:00+08:00
5cbbb05f-2221-472a-b029-7cd7e0bd54e9,M-1992,SESS-20260825-7350-0435,RENTAL_ACCRUAL,18,271,2026-08-25T22:00:00+08:00
e3d36a2f-1c54-4833-ab0b-17e50c0e0c2c,M-1045,SESS-20260825-1979-0436,RENTAL_ACCRUAL,5,363,2026-08-25T12:15:00+08:00
658ebcda-4669-423f-bae5-aa31cd2dd443,M-1249,SESS-20260825-6719-0437,RENTAL_REDEMPTION,-100,50,2026-08-25T23:05:00+08:00
acb6b667-352f-4f0f-a352-20c17a3486c6,M-1249,SESS-20260825-6719-0437,RENTAL_ACCRUAL,20,70,2026-08-26T01:05:00+08:00
c1dd5eaa-2cc4-4358-9bcf-3f7637fecc33,M-1029,SESS-20260825-6838-0438,RENTAL_ACCRUAL,18,596,2026-08-25T22:15:00+08:00
2d40d235-af88-4b58-a4a2-bda02bf2eff9,M-1262,SESS-20260825-7123-0439,RENTAL_ACCRUAL,27,263,2026-08-26T01:20:00+08:00
15f7611c-9b44-4dc5-aadb-36be2039fb6b,M-1565,SESS-20260825-5781-0440,RENTAL_ACCRUAL,28,851,2026-08-26T00:10:00+08:00
a467f0af-775c-4b3b-90f9-86ac73c51612,M-1977,SESS-20260825-5126-0441,RENTAL_ACCRUAL,18,221,2026-08-26T00:45:00+08:00
cce0bb0c-60d3-4a54-8bc5-579741da1465,M-2014,SESS-20260825-1782-0442,RENTAL_REDEMPTION,-200,170,2026-08-25T20:10:00+08:00
d6f667fc-f458-4f2a-ab71-bb9e4c90ef1b,M-2014,SESS-20260825-1782-0442,RENTAL_ACCRUAL,4,174,2026-08-25T23:10:00+08:00
0b9d4daf-0189-4b54-9369-165b179d08d9,M-1143,SESS-20260825-1129-0443,RENTAL_ACCRUAL,6,4143,2026-08-25T23:20:00+08:00
5bf32f7f-fa45-442d-8566-7554af9302bf,M-1139,SESS-20260825-2266-0444,RENTAL_ACCRUAL,45,535,2026-08-25T23:45:00+08:00
7ad3532c-ee4f-4a01-b568-628689d7345e,M-1139,TIER_UPGRADE_Silver_TO_Gold,TIER_BONUS,100,635,2026-08-25T23:45:00+08:00
68a6fe17-a08d-4413-a25f-3c52580b20ee,M-1057,SESS-20260825-4611-0445,RENTAL_ACCRUAL,16,362,2026-08-26T01:30:00+08:00
96194eb2-2062-4308-a129-8f674ff56eb2,M-1191,SESS-20260825-4631-0446,RENTAL_ACCRUAL,27,124,2026-08-26T01:45:00+08:00
36d39ef7-74f8-4c8e-b3bc-0534775f0417,M-1551,SESS-20260825-6540-0447,RENTAL_ACCRUAL,11,97,2026-08-26T01:35:00+08:00
8c329dee-f7eb-4e3a-aaef-508644802b33,M-1804,SESS-20260825-4812-0448,RENTAL_ACCRUAL,72,254,2026-08-26T07:00:00+08:00
cd506940-f9b3-4c46-a5f6-d05358ba17f7,M-1697,SESS-20260825-7144-0449,RENTAL_ACCRUAL,72,244,2026-08-26T07:20:00+08:00
ac605760-8f5c-419c-8760-ef4e5120288a,M-1317,SESS-20260825-5611-0450,RENTAL_ACCRUAL,11,421,2026-08-26T01:55:00+08:00
7729708b-89e7-428b-8efd-3a374048da8f,M-1196,SESS-20260825-8037-0451,RENTAL_ACCRUAL,30,118,2026-08-25T14:45:00+08:00
45c97bfd-08a6-4b69-9e42-1a34a189effe,M-2045,SESS-20260825-8274-0452,RENTAL_ACCRUAL,10,129,2026-08-26T00:45:00+08:00
81c3ae9b-629e-49ab-88db-28f8b24d7c14,M-1200,SESS-20260825-8765-0453,RENTAL_ACCRUAL,11,100,2026-08-26T00:10:00+08:00
0108c118-6756-4a5a-8a73-bef971d889ab,M-1648,SESS-20260825-2170-0454,RENTAL_REDEMPTION,-100,377,2026-08-25T22:15:00+08:00
434423a8-7e85-4950-9893-205dfdfda72b,M-1648,SESS-20260825-2170-0454,RENTAL_ACCRUAL,2,379,2026-08-25T23:15:00+08:00
e4763914-ae70-413d-a51d-812421fdb4ca,M-1535,SESS-20260825-8540-0455,RENTAL_ACCRUAL,5,364,2026-08-25T22:50:00+08:00
0c81f91d-e1cf-4632-95c8-2cf77ed12458,M-1908,SESS-20260825-5134-0456,RENTAL_ACCRUAL,25,63,2026-08-26T04:20:00+08:00
8f2c1082-c23b-451c-8015-2175748316fc,M-1020,SESS-20260825-8083-0457,RENTAL_ACCRUAL,11,342,2026-08-25T16:50:00+08:00
a02a0155-7fb0-44ae-b4c4-d1dbc6c9dfa1,M-1987,SESS-20260825-8246-0458,RENTAL_ACCRUAL,10,176,2026-08-25T18:55:00+08:00
7e92e477-f100-4ac6-b86e-3a776ae80ca2,M-1097,SESS-20260825-2806-0459,RENTAL_ACCRUAL,5,358,2026-08-25T20:10:00+08:00
c73e9c82-b092-444b-9e00-4e0cd180c642,M-1439,SESS-20260825-4982-0460,RENTAL_ACCRUAL,12,204,2026-08-25T20:15:00+08:00
cf817ec6-966b-489d-b28f-b71c9b4a89c4,M-2008,SESS-20260825-7277-0461,RENTAL_ACCRUAL,25,137,2026-08-26T01:20:00+08:00
7c73f2c3-c84b-4df2-baf6-692f756ff983,M-1893,SESS-20260825-1341-0462,RENTAL_ACCRUAL,5,165,2026-08-25T22:25:00+08:00
98917cb2-311d-47af-ae18-bb0734560e37,M-2173,SESS-20260825-6018-0463,RENTAL_ACCRUAL,5,76,2026-08-25T21:15:00+08:00
28e8cd4b-1ad8-4291-82b4-d8aa949a438b,M-1080,SESS-20260825-6897-0464,RENTAL_ACCRUAL,48,436,2026-08-26T04:20:00+08:00
cafef3c9-79ca-479d-8e98-22d296466b2d,M-2177,SESS-20260825-9095-0465,RENTAL_ACCRUAL,15,232,2026-08-26T01:55:00+08:00
92cbc9de-f0fd-4a0d-b3f5-b5356df868ff,M-1714,SESS-20260825-1647-0466,RENTAL_REDEMPTION,-100,55,2026-08-25T21:30:00+08:00
bf425b69-f876-49b1-9cfa-cd0be9eb3ef8,M-1714,SESS-20260825-1647-0466,RENTAL_ACCRUAL,5,60,2026-08-25T23:30:00+08:00
6957a8e1-2853-49a3-945d-8b4bf158cb2f,M-1164,SESS-20260825-9401-0467,RENTAL_ACCRUAL,16,437,2026-08-26T00:45:00+08:00
58ec6f2e-d8a9-49fa-a33e-28c0b0b47f9d,M-2040,SESS-20260825-7366-0468,RENTAL_ACCRUAL,16,61,2026-08-26T02:40:00+08:00
97c0ee52-e205-48b9-8658-8afff142af7f,M-1739,SESS-20260825-2051-0469,RENTAL_ACCRUAL,28,134,2026-08-26T03:35:00+08:00
2e5af649-b435-4312-84e1-1b354f841f81,M-1814,ORD-20260825-4123-0001,CONCESSION_ACCRUAL,8,114,2026-08-25T19:09:56+08:00
041b7a7b-2e57-4198-b5cd-433d37418fb5,M-1863,ORD-20260825-7440-0002,CONCESSION_ACCRUAL,19,279,2026-08-25T16:31:37+08:00
c5ac1f85-0234-46bd-8ce2-31c4d4fab53f,M-1111,ORD-20260825-7819-0003,CONCESSION_ACCRUAL,52,289,2026-08-25T12:02:00+08:00
952cbcc1-3f26-4371-99ad-daa74f4600ee,M-1847,ORD-20260825-1753-0004,CONCESSION_ACCRUAL,15,29,2026-08-25T23:45:05+08:00
901780b6-7802-4140-9eee-36534dd5b0a2,M-1698,ORD-20260825-8470-0005,CONCESSION_ACCRUAL,45,645,2026-08-25T20:38:04+08:00
2d2beeeb-1875-4655-b623-7d8c210841d8,M-2056,ORD-20260825-6869-0006,CONCESSION_ACCRUAL,3,335,2026-08-25T19:27:18+08:00
e705766e-478f-4ec2-8594-3c76688a5f82,M-1770,ORD-20260825-6424-0007,CONCESSION_ACCRUAL,4,141,2026-08-25T23:33:51+08:00
a60ab0f9-0cb1-4c62-9a2a-1979e8aa2c39,M-1318,ORD-20260825-8143-0008,CONCESSION_ACCRUAL,29,308,2026-08-25T14:10:10+08:00
fd8e79df-d503-460c-b05c-203179f9d18b,M-1707,ORD-20260825-9824-0009,CONCESSION_ACCRUAL,59,359,2026-08-25T20:12:59+08:00
fc99777a-0611-42ef-86a1-e7f1269f1f32,M-1689,ORD-20260825-8776-0010,CONCESSION_ACCRUAL,22,366,2026-08-25T22:21:43+08:00
f97ab58e-35ba-4221-b6d6-2c5311b8fa4c,M-1261,ORD-20260825-8783-0011,CONCESSION_ACCRUAL,8,76,2026-08-25T19:50:06+08:00
4999df65-7e4a-4f04-9119-9905699fcf23,M-1751,ORD-20260826-7507-0012,CONCESSION_ACCRUAL,10,80,2026-08-26T00:03:37+08:00
da16da3a-01f7-4cc6-a712-2fef01d21d86,M-1779,ORD-20260825-9146-0013,CONCESSION_ACCRUAL,12,322,2026-08-25T19:27:51+08:00
feafbe0c-8dc9-40e8-bffb-c445359762b5,M-1919,ORD-20260825-2596-0014,CONCESSION_ACCRUAL,6,51,2026-08-25T22:16:59+08:00
54bcf0b6-7609-41e7-a868-fc4bd382e482,M-1306,ORD-20260825-9981-0015,CONCESSION_ACCRUAL,69,359,2026-08-25T20:46:23+08:00
457d7f6d-eb31-44f1-abf7-079901e70cf3,M-1480,ORD-20260825-4240-0016,CONCESSION_ACCRUAL,16,438,2026-08-25T23:26:23+08:00
5225dc58-706e-4a0f-aa05-02927e339c81,M-1995,ORD-20260826-4363-0017,CONCESSION_ACCRUAL,8,211,2026-08-26T03:35:14+08:00
4d7a1000-71f3-4bdd-9f88-537db7cdfba4,M-1869,ORD-20260826-3296-0018,CONCESSION_ACCRUAL,15,65,2026-08-26T00:02:34+08:00
0876f803-721d-4b61-8ecc-f46039d66a3d,M-1201,ORD-20260825-6391-0019,CONCESSION_ACCRUAL,33,809,2026-08-25T16:36:41+08:00
029a2c77-398b-4622-8676-622419bf9b22,M-1187,ORD-20260825-4272-0020,CONCESSION_ACCRUAL,8,652,2026-08-25T20:28:17+08:00
99625e6a-367d-40b7-bbe8-2605022a78da,M-1855,ORD-20260825-2811-0021,CONCESSION_ACCRUAL,11,114,2026-08-25T20:43:57+08:00
80488725-d751-4926-8c29-cafd24b39ae2,M-1595,ORD-20260825-7079-0022,CONCESSION_ACCRUAL,8,141,2026-08-25T22:50:26+08:00
2417839c-0845-4f1e-acc4-42c1fc7d99a0,M-1268,ORD-20260825-4050-0023,CONCESSION_ACCRUAL,28,131,2026-08-25T01:24:18+08:00
d89e8701-93bb-4c96-b644-66e4095fd5db,M-1719,ORD-20260825-6126-0024,CONCESSION_ACCRUAL,12,371,2026-08-25T23:29:56+08:00
f202acdc-dfad-4b4b-8c58-dc8a3506d892,M-2041,ORD-20260825-3067-0025,CONCESSION_ACCRUAL,24,50,2026-08-25T17:34:33+08:00
8416946b-9c89-4977-a18a-d68ea67d97f2,M-2073,ORD-20260825-2325-0026,CONCESSION_ACCRUAL,9,285,2026-08-25T18:25:21+08:00
3e7fbd3c-36e7-4240-b950-b720a8700937,M-1735,ORD-20260825-4701-0027,CONCESSION_ACCRUAL,3,427,2026-08-25T16:17:55+08:00
74b90546-1505-4a8a-843b-e428471b53e4,M-1565,ORD-20260825-6534-0028,CONCESSION_ACCRUAL,11,862,2026-08-25T21:25:15+08:00
3ee98979-8a1d-4847-9869-d90013fe2d4c,M-1262,ORD-20260826-9592-0029,CONCESSION_ACCRUAL,10,273,2026-08-26T00:10:44+08:00
b76b68ac-0bf2-4537-bb05-16bff89f5f3f,M-1537,ORD-20260825-2231-0030,CONCESSION_ACCRUAL,23,521,2026-08-25T23:49:13+08:00
52b719e9-173c-4915-b162-f6b91fb7ecf5,M-1079,ORD-20260825-9004-0031,CONCESSION_ACCRUAL,13,357,2026-08-25T23:35:38+08:00
088dad96-acf3-4458-80b0-72400fbb75ad,M-1143,ORD-20260825-3739-0032,CONCESSION_ACCRUAL,38,4181,2026-08-25T22:52:33+08:00
0635db32-f1e2-461f-9968-72ede65a1b59,M-2129,ORD-20260825-2826-0033,CONCESSION_ACCRUAL,3,36,2026-08-25T17:11:31+08:00
575f914d-8487-4174-9aea-7f5a5410615a,M-1410,ORD-20260825-9968-0034,CONCESSION_ACCRUAL,14,604,2026-08-25T22:57:01+08:00
8396fd82-7ce5-4863-b666-e4c31a2fac73,M-1237,ORD-20260825-7456-0035,CONCESSION_ACCRUAL,19,536,2026-08-25T15:02:08+08:00
a93d1222-0f77-4dab-babb-49520ed9bbc5,M-1004,ORD-20260825-7397-0036,CONCESSION_ACCRUAL,8,52,2026-08-25T20:44:13+08:00
a3de7df1-fe63-41d0-a320-06b620766a7b,M-1482,ORD-20260825-4775-0037,CONCESSION_ACCRUAL,42,549,2026-08-25T23:15:09+08:00
3620ca92-007a-4b53-8cc1-3970aec93a99,M-1498,ORD-20260825-6109-0038,CONCESSION_ACCRUAL,27,401,2026-08-25T18:08:35+08:00
3d5efac0-099f-4d6f-b17a-3a1fb159402c,M-1011,ORD-20260826-7611-0039,CONCESSION_ACCRUAL,9,992,2026-08-26T00:59:16+08:00
ca5f60d2-f623-43db-b757-ee94ceb3ad9b,M-1645,ORD-20260825-9727-0040,CONCESSION_ACCRUAL,3,737,2026-08-25T17:25:23+08:00
38912cfc-d56d-4828-8a51-9a8d96156aa5,M-1906,ORD-20260825-3346-0041,CONCESSION_ACCRUAL,6,80,2026-08-25T23:28:51+08:00
4244af6c-f078-4a3d-ac48-5d27dd5fef9d,M-1598,ORD-20260825-3071-0042,CONCESSION_ACCRUAL,3,295,2026-08-25T22:19:55+08:00
21491e2f-a26f-46ee-a9ed-f6daac49d785,M-1260,ORD-20260825-3000-0043,CONCESSION_ACCRUAL,42,247,2026-08-25T16:33:53+08:00
d5d6146c-915d-42c2-b312-1418f02d6f55,M-1424,ORD-20260826-7984-0044,CONCESSION_ACCRUAL,10,270,2026-08-26T00:35:07+08:00
3d424417-995a-4c76-b78f-b14e735fde7a,M-1846,ORD-20260825-3557-0045,CONCESSION_ACCRUAL,30,93,2026-08-25T13:22:07+08:00
18688bbe-6323-4d42-a212-e0b3a66a7ec0,M-2080,ORD-20260825-9612-0046,CONCESSION_ACCRUAL,6,193,2026-08-25T06:01:48+08:00
5209e332-bb75-4ebf-b47c-2029217dde73,M-2016,ORD-20260825-3812-0047,CONCESSION_ACCRUAL,11,267,2026-08-25T22:56:19+08:00
e2e61e18-6c4f-4b2c-bb8b-cbec5cb34195,M-1146,ORD-20260826-1188-0048,CONCESSION_ACCRUAL,27,3088,2026-08-26T01:07:11+08:00
eaee0d41-2ead-49fb-ad4c-8b9d71761bfa,M-1826,ORD-20260825-6887-0049,CONCESSION_ACCRUAL,15,233,2026-08-25T22:55:42+08:00
1c2190a7-571e-4455-b3d1-c1d812a770a2,M-1840,ORD-20260826-4149-0050,CONCESSION_ACCRUAL,13,1913,2026-08-26T00:45:09+08:00
765da3b0-a9dd-4d28-901d-30e3858ac513,M-1905,ORD-20260825-3884-0051,CONCESSION_ACCRUAL,31,491,2026-08-25T21:27:33+08:00
915f9632-3ef2-45c7-a137-49c2beff2756,M-1648,ORD-20260825-4999-0052,CONCESSION_ACCRUAL,9,388,2026-08-25T22:38:58+08:00
e2d5d1b6-7763-4513-a61a-9857caa4be12,M-1588,ORD-20260826-6070-0053,CONCESSION_ACCRUAL,18,1700,2026-08-26T00:02:10+08:00
301e4aa2-0888-4657-b6bf-bc7f6255111d,M-1348,ORD-20260825-4108-0054,CONCESSION_ACCRUAL,28,263,2026-08-25T23:35:10+08:00
3c205aac-6aa3-4da8-9b43-9cd972e9d8ab,M-1768,ORD-20260826-5160-0055,CONCESSION_ACCRUAL,20,228,2026-08-26T00:09:19+08:00
129a2ddd-a875-421d-ba38-34c75137eac3,M-1196,ORD-20260825-3819-0056,CONCESSION_ACCRUAL,31,149,2026-08-25T10:12:11+08:00
9ca69ad7-5109-4057-ba3e-f3a0a66c0fb0,M-2172,ORD-20260825-6907-0057,CONCESSION_ACCRUAL,15,610,2026-08-25T22:08:09+08:00
85062e24-781f-4725-89cc-e9659c8fc126,M-1099,ORD-20260825-1292-0058,CONCESSION_ACCRUAL,8,290,2026-08-25T04:29:21+08:00
222105c2-566d-4dfe-bb5d-98c332000071,M-1982,ORD-20260825-1340-0059,CONCESSION_ACCRUAL,18,80,2026-08-25T22:43:04+08:00
575984ba-dc16-4e70-adfb-e4ddca118cf6,M-1041,ORD-20260825-8490-0060,CONCESSION_ACCRUAL,86,916,2026-08-25T21:38:20+08:00
813812a3-a5fa-4b91-8f1a-504098a2a81c,M-1545,ORD-20260825-4848-0061,CONCESSION_ACCRUAL,15,64,2026-08-25T23:14:02+08:00
502a519d-0a5c-4a4e-b7fe-dd3a28fd1472,M-1190,ORD-20260825-9105-0062,CONCESSION_ACCRUAL,13,294,2026-08-25T20:10:50+08:00
5fc7def9-3290-4e14-a3d7-5161129b73e3,M-1644,ORD-20260825-7829-0063,CONCESSION_ACCRUAL,18,185,2026-08-25T13:33:27+08:00
46e8de85-357b-421d-8c34-270af4b3defb,M-1759,ORD-20260825-7974-0064,CONCESSION_ACCRUAL,8,502,2026-08-25T13:42:31+08:00
abb934a7-c91c-4f37-b551-d85cc641a4d3,M-1336,ORD-20260825-1585-0065,CONCESSION_ACCRUAL,22,720,2026-08-25T20:14:06+08:00
59a3c89d-bcbe-4b73-bdd4-1e3878598ade,M-1807,ORD-20260825-3051-0066,CONCESSION_ACCRUAL,12,275,2026-08-25T22:55:57+08:00
9798726e-0af7-48df-a0f1-b7ed484695fa,M-1886,ORD-20260826-1987-0067,CONCESSION_ACCRUAL,11,256,2026-08-26T00:16:12+08:00
791853dc-f05f-4526-9e32-1165e7fff84b,M-1557,ORD-20260825-3955-0068,CONCESSION_ACCRUAL,21,683,2026-08-25T11:58:41+08:00
fd4a4dfd-cbfc-43d6-a60d-52c07d780adf,M-1218,ORD-20260825-5503-0069,CONCESSION_ACCRUAL,30,198,2026-08-25T23:14:01+08:00
4f5c7e0c-d678-474f-80af-aa0f338193d6,M-1426,ORD-20260825-6732-0070,CONCESSION_ACCRUAL,9,1232,2026-08-25T20:51:45+08:00
e9173fa9-693f-45ab-8e7e-cc4cbd1b5fd8,M-1899,ORD-20260825-4513-0071,CONCESSION_ACCRUAL,23,114,2026-08-25T14:06:33+08:00
af9fd5da-334e-4d1d-9c76-95540c73e279,M-1893,ORD-20260825-8453-0072,CONCESSION_ACCRUAL,21,186,2026-08-25T11:20:08+08:00
ec98c1ba-c0b9-47d9-8cef-0578973f185c,M-1890,ORD-20260825-3477-0073,CONCESSION_ACCRUAL,6,19,2026-08-25T16:25:51+08:00
ba019efe-0c80-4a09-b4bf-90b1eb472788,M-1037,ORD-20260825-7481-0074,CONCESSION_ACCRUAL,18,556,2026-08-25T18:29:19+08:00
049aa94b-3b7f-4a4a-a2fd-918ef8586cd2,M-1568,ORD-20260825-3851-0075,CONCESSION_ACCRUAL,15,244,2026-08-25T14:05:37+08:00
b2d88f6e-5d1a-493f-bb17-eaafc4b56442,M-1802,ORD-20260825-4581-0076,CONCESSION_ACCRUAL,33,226,2026-08-25T10:12:02+08:00
e56e125d-f26d-4a8c-9775-dbf6744025cc,M-1476,ORD-20260825-9511-0077,CONCESSION_ACCRUAL,36,168,2026-08-25T22:10:42+08:00
b4d493c4-843f-4da7-aa33-f4948be826c7,M-1787,ORD-20260825-5904-0078,CONCESSION_ACCRUAL,55,444,2026-08-25T22:25:49+08:00
af84413b-5ea7-414d-8698-7ab773861f4f,M-1685,ORD-20260826-2624-0079,CONCESSION_ACCRUAL,27,164,2026-08-26T01:07:21+08:00
49164746-f493-4aa3-adfb-d2376f15f281,M-2165,ORD-20260825-8961-0080,CONCESSION_ACCRUAL,36,71,2026-08-25T19:54:46+08:00
20b13611-c32f-4c42-b09b-1ef7ce19aaf4,M-2021,ORD-20260825-6969-0081,CONCESSION_ACCRUAL,40,226,2026-08-25T21:40:43+08:00
55784b23-247c-4db3-b7fc-f926b9459196,M-2164,ORD-20260825-4580-0082,CONCESSION_ACCRUAL,9,53,2026-08-25T21:41:45+08:00
79127abc-3302-493f-8652-cbe17927e93c,M-1531,ORD-20260826-4832-0083,CONCESSION_ACCRUAL,20,380,2026-08-26T00:16:59+08:00
945ece73-27e4-4954-ad82-cc655d1cfeef,M-1063,ORD-20260825-1171-0084,CONCESSION_ACCRUAL,30,567,2026-08-25T22:12:54+08:00
59c66b21-6226-4432-a310-8ce57599a775,M-1890,ORD-20260825-8861-0085,CONCESSION_ACCRUAL,24,43,2026-08-25T22:37:36+08:00
fb1eb2f3-1f6b-4b5e-b9af-352f8853ad7d,M-1825,ORD-20260825-1281-0086,CONCESSION_ACCRUAL,16,302,2026-08-25T22:01:04+08:00
c600e238-04d5-465d-ab4a-691fd0af8c07,M-1868,ORD-20260825-9769-0087,CONCESSION_ACCRUAL,6,94,2026-08-25T15:58:35+08:00
891ab2b9-dc0f-421e-8791-4a580f5a20fe,M-1549,ORD-20260825-3817-0088,CONCESSION_ACCRUAL,30,146,2026-08-25T14:49:47+08:00
d6d834e5-82a2-4171-90f0-76a75854200d,M-1996,ORD-20260825-9224-0089,CONCESSION_ACCRUAL,15,97,2026-08-25T17:21:34+08:00
7443f38f-a51b-4aa5-9183-ab49e845605f,M-1015,ORD-20260825-3940-0090,CONCESSION_ACCRUAL,20,860,2026-08-25T10:55:42+08:00
5b39338e-f60d-483c-8b65-1f04af502fb1,M-2087,ORD-20260825-9289-0091,CONCESSION_ACCRUAL,6,45,2026-08-25T18:36:03+08:00
15f9032a-e7fa-481b-b4bb-d255137b9f3e,M-1443,ORD-20260825-6588-0092,CONCESSION_ACCRUAL,13,114,2026-08-25T20:47:27+08:00
38552203-a6d1-43c1-9ac1-ffdaafeb9a34,M-1168,ORD-20260825-5138-0093,CONCESSION_ACCRUAL,18,419,2026-08-25T23:23:25+08:00
b73113a1-72a5-4381-aad2-0f71d9ec5dd3,M-1822,ORD-20260825-6011-0094,CONCESSION_ACCRUAL,16,411,2026-08-25T03:29:49+08:00
3374effe-28e3-4738-a679-a0365529d88a,M-1949,ORD-20260825-2600-0095,CONCESSION_ACCRUAL,11,307,2026-08-25T04:48:35+08:00
1de26a39-52ed-4c0f-b42d-1a173081d425,M-1756,ORD-20260825-1678-0096,CONCESSION_ACCRUAL,22,858,2026-08-25T18:06:18+08:00
bd9c87a1-17f6-4b58-9a84-2af2bc68ea35,M-1127,ORD-20260825-6128-0097,CONCESSION_ACCRUAL,22,155,2026-08-25T17:39:31+08:00
e4a72eb7-6d5c-423c-a78b-c8ca5fe20bdb,M-1931,ORD-20260825-9743-0098,CONCESSION_ACCRUAL,29,137,2026-08-25T09:45:27+08:00
a62bc183-a3a3-4275-9222-6f8a70df24dc,M-1030,ORD-20260825-4457-0099,CONCESSION_ACCRUAL,15,174,2026-08-25T16:46:39+08:00
f288eca0-9290-43ce-bce3-7f378fb233c5,M-1977,ORD-20260825-1176-0100,CONCESSION_ACCRUAL,15,236,2026-08-25T23:04:46+08:00
a2f75c91-d851-4625-9154-d780b45a1e38,M-1913,ORD-20260825-4665-0101,CONCESSION_ACCRUAL,11,131,2026-08-25T23:12:22+08:00
484a4b9a-b4c5-42ac-a782-83c32e34ee2a,M-1562,ORD-20260825-2097-0102,CONCESSION_ACCRUAL,30,628,2026-08-25T23:59:51+08:00
d82e4382-bff8-4361-b102-14e4e55d2509,M-1069,ORD-20260825-8600-0103,CONCESSION_ACCRUAL,13,294,2026-08-25T20:14:51+08:00
5c773bf5-02fb-460d-b43b-2a008d26c5e0,M-1955,ORD-20260825-2425-0104,CONCESSION_ACCRUAL,39,101,2026-08-25T23:12:17+08:00
cd2d91a8-0c32-4309-a45d-7711789cb043,M-1249,ORD-20260825-7936-0105,CONCESSION_ACCRUAL,45,115,2026-08-25T10:45:24+08:00
9604b9b1-f71c-46a0-a27c-cd371f47ff3d,M-2092,ORD-20260825-1036-0106,CONCESSION_ACCRUAL,15,80,2026-08-25T23:51:08+08:00
857d3e81-aba3-444a-85b0-3dbfab5981e4,M-1109,ORD-20260825-4803-0107,CONCESSION_ACCRUAL,13,904,2026-08-25T13:59:58+08:00
2dda4253-77ca-4bf6-a22e-ab47f4e90d93,M-1794,ORD-20260825-3479-0108,CONCESSION_ACCRUAL,26,321,2026-08-25T17:18:38+08:00
a531e29f-e073-4002-ab3b-e4cd19bea91f,M-1501,ORD-20260825-1616-0109,CONCESSION_ACCRUAL,8,91,2026-08-25T23:26:05+08:00
34a48178-6768-4f2b-9ef5-23625f41481c,M-1889,ORD-20260825-8123-0110,CONCESSION_ACCRUAL,13,96,2026-08-25T20:20:45+08:00
ed6f3583-4d44-4621-a064-833dbc09ed74,M-1210,ORD-20260825-2873-0111,CONCESSION_ACCRUAL,34,1578,2026-08-25T12:22:51+08:00
b40beb9b-32ef-47cc-b8d9-039b6b44a603,M-2083,ORD-20260825-9602-0112,CONCESSION_ACCRUAL,9,142,2026-08-25T13:31:17+08:00
7d2427fd-9034-4b40-abe8-ecc912430835,M-1830,ORD-20260825-1284-0113,CONCESSION_ACCRUAL,47,226,2026-08-25T23:53:28+08:00
1bb87adf-4aac-4230-b204-a2ab2badaf49,M-1347,ORD-20260825-4095-0114,CONCESSION_ACCRUAL,9,3383,2026-08-25T21:10:04+08:00
ed5d50c7-43f5-485a-86f2-ca4b2177e744,M-1541,ORD-20260826-9546-0115,CONCESSION_ACCRUAL,27,287,2026-08-26T00:29:26+08:00
173d4d10-3c0a-48c5-ad15-b423e064a5b2,M-1272,ORD-20260825-5299-0116,CONCESSION_ACCRUAL,91,1420,2026-08-25T17:51:39+08:00
8072d6fe-00d5-4170-b696-748a3b42b5e2,M-2190,ORD-20260825-1757-0117,CONCESSION_ACCRUAL,24,140,2026-08-25T20:54:53+08:00
cde54428-d1fb-4192-905d-b4dccb06c83a,M-1149,ORD-20260825-6044-0118,CONCESSION_ACCRUAL,15,365,2026-08-25T09:37:30+08:00
64a0a9a2-7af7-4d91-87ed-75e9403706f1,M-2183,ORD-20260825-3886-0119,CONCESSION_ACCRUAL,25,156,2026-08-25T23:32:23+08:00
a356776b-6877-4b55-bd19-8e948190b70e,M-1921,ORD-20260825-4191-0120,CONCESSION_ACCRUAL,6,20,2026-08-25T21:13:52+08:00
f3db4258-7bd0-4ed5-865d-ea3b0874bc38,M-1739,ORD-20260825-4238-0121,CONCESSION_ACCRUAL,8,142,2026-08-25T23:29:57+08:00
8b2e49bb-f225-4829-af6b-4978f8db206a,M-1670,ORD-20260825-6943-0122,CONCESSION_ACCRUAL,27,103,2026-08-25T21:12:15+08:00
8e73982d-73c3-4e1c-9190-a35d1ad687ce,M-1755,ORD-20260826-1451-0123,CONCESSION_ACCRUAL,19,201,2026-08-26T00:36:44+08:00
83acc208-2c30-4dc8-b372-97de514f0e05,M-1072,ORD-20260825-2319-0124,CONCESSION_ACCRUAL,25,328,2026-08-25T14:04:57+08:00
3344ce69-3196-4192-8ec8-b19e0a9f4afa,M-1981,ORD-20260826-5485-0125,CONCESSION_ACCRUAL,8,140,2026-08-26T00:56:32+08:00
f48ae474-c949-4a44-bd38-617165e2c247,M-1573,ORD-20260825-9914-0126,CONCESSION_ACCRUAL,6,672,2026-08-25T21:56:19+08:00
64e5ec9a-5687-47fb-9d0d-3fbf0e6eee37,M-1329,ORD-20260825-7805-0127,CONCESSION_ACCRUAL,9,469,2026-08-25T23:16:04+08:00
da3ec733-9fc2-4787-be94-54be5bb71fd5,M-1747,ORD-20260825-8187-0128,CONCESSION_ACCRUAL,24,520,2026-08-25T17:44:56+08:00
e2b2f539-68e9-4117-a6e9-e7449dc24483,M-2124,ORD-20260825-2822-0129,CONCESSION_ACCRUAL,3,36,2026-08-25T20:57:50+08:00
4e22e6ff-3d9a-4969-9129-24a83f2af909,M-2118,ORD-20260825-4276-0130,CONCESSION_ACCRUAL,26,251,2026-08-25T20:08:57+08:00
3aa5d506-d3cc-4805-9bc3-72034a309455,M-2175,ORD-20260825-1399-0131,CONCESSION_ACCRUAL,10,503,2026-08-25T13:53:54+08:00
824e6ead-8ee2-4338-8605-8b0b8cf72021,M-1878,ORD-20260826-1339-0132,CONCESSION_ACCRUAL,8,187,2026-08-26T02:02:14+08:00
3ffcaab6-c657-4ed6-9119-be21e3409221,M-1316,ORD-20260825-1348-0133,CONCESSION_ACCRUAL,11,218,2026-08-25T22:21:30+08:00
47509ffa-958e-4ea7-8d62-8e48cd96af13,M-1888,ORD-20260825-3146-0134,CONCESSION_ACCRUAL,44,352,2026-08-25T15:12:26+08:00
b294c98e-59ae-4bcd-b0ab-d4b6a9a612e6,M-1448,ORD-20260825-6414-0135,CONCESSION_ACCRUAL,13,391,2026-08-25T10:58:51+08:00
ead6bab7-f41a-4bf5-b2b9-72eff5a4fe3a,M-1191,ORD-20260826-2921-0136,CONCESSION_ACCRUAL,22,146,2026-08-26T01:02:53+08:00
de8cf9e0-e77e-4703-8b2d-466e4b2f0350,M-2153,ORD-20260825-7592-0137,CONCESSION_ACCRUAL,9,263,2026-08-25T20:12:44+08:00
1b229672-d21d-49a5-9391-a9d4c6f24896,M-1714,ORD-20260825-4213-0138,CONCESSION_ACCRUAL,3,63,2026-08-25T23:01:08+08:00
2c04ed50-e52e-41c9-83ee-d18cc4076c89,M-1096,ORD-20260825-2478-0139,CONCESSION_ACCRUAL,11,323,2026-08-25T22:02:25+08:00
cb9a461c-f125-4501-8a5e-bb9cbb58950d,M-1388,ORD-20260826-6220-0140,CONCESSION_ACCRUAL,4,477,2026-08-26T00:17:49+08:00
4342775f-4f51-48ef-98ad-bdbfb00e184d,M-1758,ORD-20260826-8016-0141,CONCESSION_ACCRUAL,8,103,2026-08-26T03:28:30+08:00
f67c7f22-34a1-4e60-bc13-bda3a3b6d416,M-1317,ORD-20260826-3637-0142,CONCESSION_ACCRUAL,10,431,2026-08-26T01:43:15+08:00
fbd587ab-cedf-48ca-878a-d3fb2e6a45c2,M-1855,ORD-20260825-4893-0143,CONCESSION_ACCRUAL,11,125,2026-08-25T23:58:28+08:00
81300a19-c1e2-4287-9ce6-000603eee958,M-1500,ORD-20260825-3089-0144,CONCESSION_ACCRUAL,33,120,2026-08-25T18:08:34+08:00
bb3fcb64-aece-4686-9d76-e9ecefa40781,M-1640,ORD-20260825-5757-0145,CONCESSION_ACCRUAL,12,424,2026-08-25T19:13:31+08:00
6a8a2ef6-541a-4cdc-94ed-c38e58e84c1a,M-1044,ORD-20260825-8083-0146,CONCESSION_ACCRUAL,9,696,2026-08-25T18:52:20+08:00
41fee572-6be6-4b52-ac6a-16557a911101,M-2191,ORD-20260825-3042-0147,CONCESSION_ACCRUAL,20,536,2026-08-25T17:23:17+08:00
ddda0a8d-5b1a-4f09-a18c-c138625548ff,M-1412,ORD-20260826-1516-0148,CONCESSION_ACCRUAL,18,613,2026-08-26T00:14:46+08:00
3f66dfd3-11c7-4e31-bd3c-3292f54aff38,M-1486,ORD-20260826-4129-0149,CONCESSION_ACCRUAL,11,83,2026-08-26T00:36:17+08:00
179d12bb-61fe-43a0-b259-b494b4e2d5c1,M-1077,ORD-20260825-9444-0150,CONCESSION_ACCRUAL,30,764,2026-08-25T21:27:54+08:00
8c678673-1a45-4fd6-99db-44825e5c8dfa,M-1992,ORD-20260825-6899-0151,CONCESSION_ACCRUAL,15,286,2026-08-25T20:58:46+08:00
64f522d6-f3d1-4519-9de3-3bb3b5b78bca,M-1264,ORD-20260825-1534-0152,CONCESSION_ACCRUAL,11,629,2026-08-25T21:27:44+08:00
44f2988d-269a-4599-a1aa-f555e1b39a69,M-1805,ORD-20260825-9754-0153,CONCESSION_ACCRUAL,11,379,2026-08-25T23:40:13+08:00
bfeff565-e7da-40d7-8be2-59adc36bc0d8,M-1706,ORD-20260825-8773-0154,CONCESSION_ACCRUAL,60,207,2026-08-25T19:21:55+08:00
600f5383-6c6d-4602-922f-265e93b391f6,M-1879,ORD-20260825-8377-0155,CONCESSION_ACCRUAL,12,222,2026-08-25T21:53:03+08:00
99f6630e-2a63-436c-ab80-86797b81481d,M-1485,ORD-20260825-6963-0156,CONCESSION_ACCRUAL,9,248,2026-08-25T10:37:38+08:00
7e089b1d-3cfc-4fe8-bb47-016c26e66fbd,M-2040,ORD-20260826-9089-0157,CONCESSION_ACCRUAL,10,71,2026-08-26T01:31:55+08:00
feb0b0c7-f323-41af-b844-02a9d1b0537d,M-1118,ORD-20260825-2211-0158,CONCESSION_ACCRUAL,27,273,2026-08-25T23:59:33+08:00
da5e301a-9dbc-4d0e-bd9a-e5769100a78b,M-1780,ORD-20260825-9583-0159,CONCESSION_ACCRUAL,15,366,2026-08-25T12:38:20+08:00
8cddce8f-260a-4b78-8154-e20dc98fd5dd,M-2170,ORD-20260825-7990-0160,CONCESSION_ACCRUAL,13,85,2026-08-25T14:45:11+08:00
597ed16b-1ad3-4547-b6c7-ef23e8aa3977,M-2010,ORD-20260825-9891-0161,CONCESSION_ACCRUAL,11,271,2026-08-25T14:29:17+08:00
020764d9-c56a-4973-a5e7-b1840a6bb4bd,M-1244,ORD-20260826-3112-0162,CONCESSION_ACCRUAL,24,873,2026-08-26T00:00:44+08:00
847d380e-10cc-4ac1-ae33-7734d591383c,M-2014,ORD-20260825-9225-0163,CONCESSION_ACCRUAL,8,182,2026-08-25T20:37:32+08:00
39ffbaea-afc9-4b42-a5b3-64671490af78,M-2125,ORD-20260825-4425-0164,CONCESSION_ACCRUAL,15,205,2026-08-25T21:24:22+08:00
6ca22634-48ad-4fb8-b97d-27429d74d766,M-1669,ORD-20260825-1194-0165,CONCESSION_ACCRUAL,14,311,2026-08-25T23:37:56+08:00
3d42ecd0-5ec6-4871-99a6-416d38457ce7,M-1573,ORD-20260826-7059-0166,CONCESSION_ACCRUAL,23,695,2026-08-26T03:51:31+08:00
c51dc27e-3375-407d-93b4-9676d4e58e56,M-2122,ORD-20260825-8757-0167,CONCESSION_ACCRUAL,19,211,2026-08-25T22:42:53+08:00
74b90fb2-fe57-4969-af6c-fe8a733b4d7f,M-1845,ORD-20260826-9991-0168,CONCESSION_ACCRUAL,64,330,2026-08-26T03:59:13+08:00
22002535-6bb5-491a-acab-8543b3f370bd,M-1803,ORD-20260825-6249-0169,CONCESSION_ACCRUAL,40,242,2026-08-25T23:54:43+08:00
248bad76-273c-4dec-99be-5ac9f1376530,M-1435,ORD-20260826-1488-0170,CONCESSION_ACCRUAL,8,455,2026-08-26T01:22:11+08:00
1de0f9ef-9909-4c6f-b717-6cf517932b5c,M-1641,ORD-20260826-5473-0171,CONCESSION_ACCRUAL,11,333,2026-08-26T00:01:54+08:00
85cd9c56-7cae-4f13-bd46-5bfabf2bf9bf,M-1839,ORD-20260825-8482-0172,CONCESSION_ACCRUAL,7,68,2026-08-25T22:13:48+08:00
e17a3382-1c8f-4bf4-be71-22bed7caf291,M-1559,ORD-20260825-4706-0173,CONCESSION_ACCRUAL,15,379,2026-08-25T14:50:57+08:00
3c07b71c-8502-49d7-a903-3c638dbdd6c7,M-1176,ORD-20260825-2092-0174,CONCESSION_ACCRUAL,18,254,2026-08-25T21:28:14+08:00
86e531ca-20f4-4136-a6c7-5de7480cd429,M-1592,ORD-20260825-4245-0175,CONCESSION_ACCRUAL,4,502,2026-08-25T15:54:30+08:00
6289dd4a-976a-4cd9-ab98-aaef05bb521c,M-1908,ORD-20260826-1419-0176,CONCESSION_ACCRUAL,13,76,2026-08-26T01:22:57+08:00
85cd387d-655b-4b44-9baa-7bd669aa3d3b,M-1609,ORD-20260826-8625-0177,CONCESSION_ACCRUAL,12,776,2026-08-26T05:23:05+08:00
623301aa-0254-4c4f-865f-ff45d564a4e1,M-1795,ORD-20260825-1110-0178,CONCESSION_ACCRUAL,15,30,2026-08-25T20:14:29+08:00
bf579221-655d-4ee2-9f68-b0a0061fb032,M-1533,ORD-20260825-1368-0179,CONCESSION_ACCRUAL,27,177,2026-08-25T23:45:22+08:00
ef7b644f-1c84-4634-870b-358d817104b5,M-2031,ORD-20260825-6569-0180,CONCESSION_ACCRUAL,9,195,2026-08-25T23:25:48+08:00
7ffc23a8-63b4-4b47-9269-8121ed9a3432,M-1813,ORD-20260825-5652-0181,CONCESSION_ACCRUAL,18,269,2026-08-25T08:57:02+08:00
f022ab56-ac53-4e0c-96b8-020b17a5f8ec,M-1559,ORD-20260826-6111-0182,CONCESSION_ACCRUAL,8,387,2026-08-26T00:19:09+08:00
d02d9720-dd56-458f-99dd-76fba9e249be,M-1820,ORD-20260825-8276-0183,CONCESSION_ACCRUAL,24,570,2026-08-25T23:31:01+08:00
75b4de22-18db-401d-8cdd-d6c38c320e74,M-2093,ORD-20260825-6723-0184,CONCESSION_ACCRUAL,17,61,2026-08-25T22:12:42+08:00
66e7022b-29be-4232-87c7-2571fb170eb5,M-1139,ORD-20260825-6632-0185,CONCESSION_ACCRUAL,30,665,2026-08-25T18:10:57+08:00
193e652f-6829-4541-b78c-8cc533b3a7e1,M-1114,ORD-20260826-2831-0186,CONCESSION_ACCRUAL,8,188,2026-08-26T00:57:12+08:00
30c8373a-dc6c-4d72-b549-5f299ab32cab,M-1978,ORD-20260825-5204-0187,CONCESSION_ACCRUAL,13,239,2026-08-25T18:53:26+08:00
e0ac9e58-e1f8-4347-87ee-f882ab3ea5d3,M-1099,ORD-20260825-5724-0188,CONCESSION_ACCRUAL,11,301,2026-08-25T22:34:00+08:00
16a26843-2d21-4be1-afcc-bde2aba5ab94,M-1038,ORD-20260825-3788-0189,CONCESSION_ACCRUAL,3,124,2026-08-25T13:42:46+08:00
71668a6b-884c-431d-8427-4eb362dd80c5,M-1007,ORD-20260825-1666-0190,CONCESSION_ACCRUAL,9,210,2026-08-25T23:50:35+08:00
7c9ba3d5-0dbc-45f3-91bb-49300d7b7804,M-1191,ORD-20260825-5536-0191,CONCESSION_ACCRUAL,17,163,2026-08-25T05:44:23+08:00
2d3f94d9-5be2-457e-87fa-a686d77e7dd7,M-1891,ORD-20260825-6488-0192,CONCESSION_ACCRUAL,18,384,2026-08-25T21:31:07+08:00
8643f0c1-4a0e-458d-aa11-de4deb3e5c05,M-2049,ORD-20260825-8769-0193,CONCESSION_ACCRUAL,11,126,2026-08-25T20:03:34+08:00
4f2a8194-51cc-463b-a2fa-c99673e6305c,M-1592,ORD-20260825-1760-0194,CONCESSION_ACCRUAL,24,526,2026-08-25T23:45:24+08:00
9690e197-4bde-4bc2-a299-c9059dce338d,M-1550,ORD-20260825-8212-0195,CONCESSION_ACCRUAL,22,126,2026-08-25T21:13:28+08:00
0a81d390-299a-4326-8c91-c52d88126720,M-1550,TIER_UPGRADE_Silver_TO_Gold,TIER_BONUS,100,226,2026-08-25T21:13:28+08:00
280c1342-afcf-40c0-9cac-b99abc66b429,M-1648,ORD-20260825-9660-0196,CONCESSION_ACCRUAL,3,391,2026-08-25T18:25:34+08:00
157f45cd-93d2-4ba8-96cb-4796551d130e,M-1029,ORD-20260825-5608-0197,CONCESSION_ACCRUAL,12,608,2026-08-25T19:25:34+08:00
1753a431-5afc-494b-b510-f2481e478bb6,M-1987,ORD-20260825-5674-0198,CONCESSION_ACCRUAL,29,205,2026-08-25T14:06:20+08:00
dee1e4db-775d-4c42-8c8c-217eb2a0f4f9,M-2059,ORD-20260826-2097-0199,CONCESSION_ACCRUAL,6,36,2026-08-26T00:00:07+08:00
19e8366a-5625-4a41-8004-11432c708a5e,M-1859,ORD-20260825-4325-0200,CONCESSION_ACCRUAL,15,226,2026-08-25T19:20:47+08:00
6dc86402-9a42-471c-b9c4-30f4ba37c0bd,M-2070,ORD-20260825-7731-0201,CONCESSION_ACCRUAL,30,237,2026-08-25T22:26:58+08:00
3d478f1f-dafb-4346-a499-f40fd7c59101,M-1055,ORD-20260826-4806-0202,CONCESSION_ACCRUAL,3,419,2026-08-26T00:17:26+08:00
c452eef1-9bf0-46b7-bcdb-02f1f6662988,M-1409,ORD-20260825-8235-0203,CONCESSION_ACCRUAL,18,491,2026-08-25T22:14:22+08:00
bdc0c78a-61ae-4e21-b3c7-dc06431776a0,M-1772,ORD-20260825-3429-0204,CONCESSION_ACCRUAL,15,200,2026-08-25T19:11:24+08:00
d0e98cf7-9e99-43fc-b0fe-5dca93906d3c,M-1610,ORD-20260825-4365-0205,CONCESSION_ACCRUAL,7,271,2026-08-25T17:31:20+08:00
2943041f-bfd3-4378-9c0f-44d919830e2c,M-1325,ORD-20260825-7368-0206,CONCESSION_ACCRUAL,35,175,2026-08-25T22:14:04+08:00
382ebce3-a3ef-45a5-8231-6e81b07480b9,M-1715,ORD-20260826-9327-0207,CONCESSION_ACCRUAL,26,346,2026-08-26T00:29:11+08:00
8e078c0a-a9e2-4588-b889-5286c75f96bd,M-1086,ORD-20260825-1241-0208,CONCESSION_ACCRUAL,9,259,2026-08-25T19:49:04+08:00
911205ee-3fb2-402e-8b04-5621b3117585,M-1841,ORD-20260825-1904-0209,CONCESSION_ACCRUAL,11,279,2026-08-25T18:53:38+08:00
85a7cdf0-7540-4328-9f14-390bcc846ee7,M-1288,ORD-20260825-5377-0210,CONCESSION_ACCRUAL,9,217,2026-08-25T23:31:55+08:00
d041b967-8ad5-4f86-bbc1-eaa1ddeb0b30,M-1865,ORD-20260825-5515-0211,CONCESSION_ACCRUAL,22,315,2026-08-25T20:35:23+08:00
bb53bc57-2a6f-494c-b251-c57e10ca4c34,M-1707,ORD-20260825-1404-0212,CONCESSION_ACCRUAL,9,368,2026-08-25T14:02:27+08:00
a97478bd-f3d1-475d-b5ee-e44c2490d143,M-2034,ORD-20260825-8158-0213,CONCESSION_ACCRUAL,9,160,2026-08-25T22:13:45+08:00
189c8d31-bcb6-44a6-bd6d-4846125251f7,M-1372,ORD-20260825-6561-0214,CONCESSION_ACCRUAL,16,279,2026-08-25T10:47:02+08:00
7582aacc-a370-4933-a17d-ae3266a066a4,M-1298,ORD-20260825-2247-0215,CONCESSION_ACCRUAL,11,698,2026-08-25T23:46:42+08:00
f07d058e-d02f-440b-a87a-5d687974be11,M-2010,ORD-20260826-5818-0216,CONCESSION_ACCRUAL,8,279,2026-08-26T00:23:09+08:00
9b5b2e9c-a58d-4cec-a575-a5475464e92f,M-2002,ORD-20260825-2273-0217,CONCESSION_ACCRUAL,20,79,2026-08-25T23:48:54+08:00
a39e4fce-2299-4b54-b12e-8460cfc5822e,M-1251,ORD-20260825-7319-0218,CONCESSION_ACCRUAL,8,354,2026-08-25T19:26:58+08:00
e58ed512-b7d7-4906-b18f-a4e3b95abcf0,M-1432,ORD-20260825-4199-0219,CONCESSION_ACCRUAL,11,3510,2026-08-25T18:18:37+08:00
b5a10ebf-1711-4d01-bcc0-38626c7fdcd0,M-1708,ORD-20260825-3605-0220,CONCESSION_ACCRUAL,22,299,2026-08-25T13:48:34+08:00
ba56fcc0-ba2d-4177-be20-69ff01027d07,M-1893,ORD-20260825-8745-0221,CONCESSION_ACCRUAL,16,202,2026-08-25T21:51:43+08:00
67573331-638d-4058-a802-217d6468283e,M-1697,ORD-20260826-4451-0222,CONCESSION_ACCRUAL,8,252,2026-08-26T00:15:11+08:00
1e1b82e2-d468-4ed2-8b5b-8e2e604376bc,M-1900,ORD-20260825-6203-0223,CONCESSION_ACCRUAL,55,169,2026-08-25T22:19:08+08:00
544b8b31-0cea-4bd4-b08e-5a0c5dd5ded8,M-1248,ORD-20260825-1030-0224,CONCESSION_ACCRUAL,10,160,2026-08-25T19:08:18+08:00
6fadfae7-9868-4ab3-8db0-f1bc707a4b6e,M-1608,ORD-20260825-8615-0225,CONCESSION_ACCRUAL,10,342,2026-08-25T16:19:54+08:00
d23ccc52-ccdb-4924-aeae-2620276c7475,M-1159,ORD-20260825-7449-0226,CONCESSION_ACCRUAL,20,194,2026-08-25T10:03:42+08:00
acc02fdd-9401-47d3-aef2-f7cb3235db3e,M-1757,ORD-20260825-1942-0227,CONCESSION_ACCRUAL,15,99,2026-08-25T21:20:37+08:00
5c24511c-b63f-42b7-a252-b4e25aa46fc9,M-1753,ORD-20260825-8696-0228,CONCESSION_ACCRUAL,22,511,2026-08-25T21:47:45+08:00
c2ffaf5e-e3d4-4199-9aea-b3eac2d4cdbf,M-1285,ORD-20260825-3304-0229,CONCESSION_ACCRUAL,10,439,2026-08-25T16:43:43+08:00
204cdc82-3dda-4be9-a986-73f28bc82d2e,M-1131,ORD-20260825-2728-0230,CONCESSION_ACCRUAL,13,338,2026-08-25T12:05:44+08:00
cedac34f-1bca-4371-a7b8-755e5dfb0769,M-1745,ORD-20260826-4094-0231,CONCESSION_ACCRUAL,9,205,2026-08-26T00:12:30+08:00
81bcad96-c829-49f2-88f6-6c4c110e393c,M-1966,ORD-20260825-4300-0232,CONCESSION_ACCRUAL,8,95,2026-08-25T12:21:37+08:00
602378ae-9774-4a2a-88c0-91cf174321ae,M-1593,ORD-20260826-7097-0233,CONCESSION_ACCRUAL,8,104,2026-08-26T00:32:28+08:00
e98c7324-a027-49d0-9080-4160756929b7,M-1071,ORD-20260826-6677-0234,CONCESSION_ACCRUAL,60,546,2026-08-26T01:22:01+08:00
a87157a7-e9f3-4a9b-9c3c-441cbc725d6b,M-1846,ORD-20260825-3732-0235,CONCESSION_ACCRUAL,11,104,2026-08-25T22:01:59+08:00
0ebe9998-8976-47e7-a74a-abddd5f4ec1c,M-1864,ORD-20260825-8712-0236,CONCESSION_ACCRUAL,11,329,2026-08-25T21:34:14+08:00
42a2f111-209a-490e-8062-17974d76cbf6,M-1284,ORD-20260826-2169-0237,CONCESSION_ACCRUAL,11,310,2026-08-26T00:58:03+08:00
2fe407bb-f484-4060-a0d5-500b97ade16f,M-1397,ORD-20260826-3392-0238,CONCESSION_ACCRUAL,18,545,2026-08-26T00:13:12+08:00
ed73b0ee-2d77-41e1-916a-83cf76e99967,M-1957,ORD-20260826-3489-0239,CONCESSION_ACCRUAL,32,193,2026-08-26T00:11:22+08:00
203234b8-a83b-403e-b256-e735faf64710,M-1163,ORD-20260825-9856-0240,CONCESSION_ACCRUAL,8,201,2026-08-25T19:15:29+08:00
613479a8-b66f-4eca-ae63-1a97343a62ea,M-1765,ORD-20260825-3102-0241,CONCESSION_ACCRUAL,40,892,2026-08-25T21:03:39+08:00
14bc5705-d3a1-4bab-a69c-f2a6cff97fd1,M-1505,ORD-20260825-9980-0242,CONCESSION_ACCRUAL,31,212,2026-08-25T23:48:22+08:00
afa84dab-d7d8-40b2-9fdf-d9ad7c6bf747,M-2184,ORD-20260825-4974-0243,CONCESSION_ACCRUAL,9,73,2026-08-25T22:58:30+08:00
0af5b58e-ddbe-4817-86d1-6fe3249c48cb,M-1228,ORD-20260825-5195-0244,CONCESSION_ACCRUAL,16,316,2026-08-25T23:40:32+08:00
98f217ae-7b99-4122-9ffb-11e895236e4c,M-1459,ORD-20260825-6745-0245,CONCESSION_ACCRUAL,36,63,2026-08-25T05:36:51+08:00
7fd9a4ca-433e-4982-81c0-53630eb60ce8,M-1771,ORD-20260825-9021-0246,CONCESSION_ACCRUAL,31,194,2026-08-25T23:44:05+08:00
3cf0c8fc-f6b4-4a8a-905c-319c9c1e737b,M-1512,ORD-20260825-9949-0247,CONCESSION_ACCRUAL,23,533,2026-08-25T15:04:48+08:00
8213c8fc-6226-4875-bdd9-496761685b44,M-1512,TIER_UPGRADE_Silver_TO_Gold,TIER_BONUS,100,633,2026-08-25T15:04:48+08:00
7d62b42c-8f7c-4a2a-a0b5-bb71547a6c6b,M-2111,ORD-20260825-3534-0248,CONCESSION_ACCRUAL,9,92,2026-08-25T17:47:24+08:00
62535d01-2fdc-48b0-8725-1b6aba2fd0d7,M-1032,ORD-20260825-5176-0249,CONCESSION_ACCRUAL,11,458,2026-08-25T06:37:44+08:00
25f79506-d5c3-4c05-bc82-7e7abf2d529f,M-2060,ORD-20260826-4374-0250,CONCESSION_ACCRUAL,6,167,2026-08-26T00:03:28+08:00
d149aef2-100c-47fb-9bda-9602e41593aa,M-1718,ORD-20260825-1331-0251,CONCESSION_ACCRUAL,13,1254,2026-08-25T12:13:30+08:00
4fd7140d-d732-40d3-9427-533559ec0f90,M-2147,ORD-20260825-3284-0252,CONCESSION_ACCRUAL,21,158,2026-08-25T20:49:00+08:00
65f0e9ee-7339-4e65-a4e4-2a124820ec84,M-1556,ORD-20260825-8651-0253,CONCESSION_ACCRUAL,15,601,2026-08-25T19:42:00+08:00
fe3367b3-18be-4fce-b866-af42618f5c3b,M-1580,ORD-20260825-9928-0254,CONCESSION_ACCRUAL,9,1209,2026-08-25T11:56:00+08:00
1a90692c-4544-40c5-b443-c3c993778153,M-1517,ORD-20260825-3537-0255,CONCESSION_ACCRUAL,8,81,2026-08-25T12:35:00+08:00
2c04ac3c-b967-48dc-8a5f-ec65cbc84cfe,M-1323,ORD-20260825-7182-0256,CONCESSION_ACCRUAL,8,565,2026-08-25T15:39:00+08:00
a47c23f7-70ac-4be1-86fb-deba2ac5adf1,M-1982,ORD-20260825-2716-0257,CONCESSION_ACCRUAL,21,101,2026-08-25T09:00:00+08:00
5edb766b-126f-4825-9963-455815476839,M-1758,ORD-20260825-5318-0258,CONCESSION_ACCRUAL,25,128,2026-08-25T15:29:00+08:00
a16e6d1a-be1d-4e84-8f3c-90493ec28a46,M-1865,ORD-20260825-6989-0259,CONCESSION_ACCRUAL,11,326,2026-08-25T20:42:00+08:00
e097cd7d-1eb3-4c06-bc67-8c99321900ba,M-1955,ORD-20260825-9187-0260,CONCESSION_ACCRUAL,7,108,2026-08-25T13:46:00+08:00
8d707d3f-d0ba-49d4-ae6d-035caa7957ef,M-1429,ORD-20260825-6289-0261,CONCESSION_ACCRUAL,20,740,2026-08-25T13:26:00+08:00
fb9b0192-94aa-4d77-ac74-6eddb5386ce6,M-1760,ORD-20260825-4005-0262,CONCESSION_ACCRUAL,8,677,2026-08-25T12:07:00+08:00
e978a00b-f285-49c9-8dcb-4ff4df919920,M-1019,ORD-20260825-5561-0263,CONCESSION_ACCRUAL,15,87,2026-08-25T20:00:00+08:00
5edf679d-2862-4f01-8fd8-aa24b9e83361,M-1875,ORD-20260825-9465-0264,CONCESSION_ACCRUAL,9,37,2026-08-25T14:05:00+08:00
8da610c3-ea8e-4db1-8572-120adba539fd,M-1239,ORD-20260825-7430-0265,CONCESSION_ACCRUAL,8,82,2026-08-25T22:30:00+08:00
2febacb6-f1ec-4af6-9323-e3d71d342cf2,M-1771,ORD-20260825-9603-0266,CONCESSION_ACCRUAL,15,209,2026-08-25T13:51:00+08:00
e1489391-a4c3-49da-9f7e-928a03e7c825,M-1171,ORD-20260825-8843-0267,CONCESSION_ACCRUAL,16,170,2026-08-25T09:29:00+08:00
7588d1af-f39a-4ba8-9a86-a8a490673006,M-1848,ORD-20260825-7616-0268,CONCESSION_ACCRUAL,13,103,2026-08-25T19:07:00+08:00
970e9cd8-cfc4-4161-800b-2fa7460d51a8,M-2186,ORD-20260825-1915-0269,CONCESSION_ACCRUAL,8,334,2026-08-25T11:47:00+08:00
8286dda9-09c0-4055-993c-b2dd8e22e592,M-1807,ORD-20260825-1622-0270,CONCESSION_ACCRUAL,23,298,2026-08-25T13:57:00+08:00
f4ff3346-08e2-46db-aca7-6963f3e9ca96,M-1671,ORD-20260825-6564-0271,CONCESSION_ACCRUAL,16,421,2026-08-25T21:44:00+08:00
03a02c70-6198-4e77-9938-f95b3ab76492,M-1582,ORD-20260825-3672-0272,CONCESSION_ACCRUAL,8,654,2026-08-25T16:45:00+08:00
d5d55053-62a7-43e0-8f8d-220efbab2e0a,M-1161,ORD-20260825-8722-0273,CONCESSION_ACCRUAL,10,715,2026-08-25T20:51:00+08:00
d8b32159-b9c7-40c0-81c8-a412a0ef1506,M-1539,ORD-20260825-5015-0274,CONCESSION_ACCRUAL,9,1432,2026-08-25T12:06:00+08:00
bbaee01c-855c-4e13-a292-918cfe9100f9,M-1480,ORD-20260825-9909-0275,CONCESSION_ACCRUAL,9,447,2026-08-25T18:54:00+08:00
8623e5f1-08ea-46dc-a2db-2e3d9abc3640,M-1280,ORD-20260825-3664-0276,CONCESSION_ACCRUAL,14,375,2026-08-25T13:44:00+08:00
90c44f61-6ab5-47dc-a56f-fde3831d6fd3,M-1779,ORD-20260825-1880-0277,CONCESSION_ACCRUAL,9,331,2026-08-25T15:33:00+08:00
c646d4e0-85e1-405f-b3f6-80dea77c992a,M-2099,ORD-20260825-1235-0278,CONCESSION_ACCRUAL,8,399,2026-08-25T15:02:00+08:00
9ce294e8-7ead-4f88-88e4-7a8a5fd449fe,M-1137,ORD-20260825-6734-0279,CONCESSION_ACCRUAL,27,226,2026-08-25T13:19:00+08:00
1b68f401-bac1-476b-8689-61f404fd986c,M-1361,ORD-20260825-2822-0280,CONCESSION_ACCRUAL,9,372,2026-08-25T20:46:00+08:00
400c6d25-0195-4ea6-ae8d-15c7a1f9c326,M-1355,ORD-20260825-3122-0281,CONCESSION_ACCRUAL,26,177,2026-08-25T11:18:00+08:00
0540e94a-cc04-4c38-9b0f-2beea3c986da,M-1001,ORD-20260825-3275-0282,CONCESSION_ACCRUAL,3,610,2026-08-25T18:14:00+08:00
45ba4dea-6367-4131-9d49-d1af1f95a12a,M-1429,ORD-20260825-2773-0283,CONCESSION_ACCRUAL,9,749,2026-08-25T09:47:00+08:00
5f5c6020-86db-46ce-86f3-d66ba1eccbff,M-1984,ORD-20260825-9759-0284,CONCESSION_ACCRUAL,8,156,2026-08-25T15:05:00+08:00
b45a4c1e-f981-4742-a532-78f1b9b8995d,M-1120,ORD-20260825-3282-0285,CONCESSION_ACCRUAL,29,911,2026-08-25T17:43:00+08:00
cc052744-cb8d-41e0-90f5-688feadbb697,M-1475,ORD-20260825-7608-0286,CONCESSION_ACCRUAL,12,1020,2026-08-25T11:56:00+08:00
524b6d1c-bc7e-4ead-989f-343dbf374f10,M-1234,ORD-20260825-2387-0287,CONCESSION_ACCRUAL,15,239,2026-08-25T20:42:00+08:00
bfa4468b-3741-4349-aa88-c2b8dbcc0105,M-1417,ORD-20260825-6378-0288,CONCESSION_ACCRUAL,15,598,2026-08-25T19:30:00+08:00
63f178c1-a2c2-4fe6-beb3-163c41c55ad4,M-1026,ORD-20260825-9100-0289,CONCESSION_ACCRUAL,18,1480,2026-08-25T15:54:00+08:00
2a180765-c70b-4319-97ef-4cd170a8e710,M-2129,ORD-20260825-1243-0290,CONCESSION_ACCRUAL,6,42,2026-08-25T12:04:00+08:00
ece5ad90-1444-498a-9666-e3abd35868ba,M-1887,ORD-20260825-7780-0291,CONCESSION_ACCRUAL,12,134,2026-08-25T20:53:00+08:00
a78caad5-f6a6-4f51-912e-10d745c97af8,M-2050,ORD-20260825-8846-0292,CONCESSION_ACCRUAL,11,258,2026-08-25T12:46:00+08:00
ab49b40f-8687-41f2-ae3d-7eef5a1537b9,M-1529,ORD-20260825-7401-0293,CONCESSION_ACCRUAL,23,126,2026-08-25T22:45:00+08:00
db1ae61e-d16c-454e-b1de-95361851d9ca,M-1706,ORD-20260825-6849-0294,CONCESSION_ACCRUAL,9,216,2026-08-25T13:24:00+08:00
9b2f5f4a-315c-436a-bdd0-04e28ebb22ef,M-1207,ORD-20260825-2436-0295,CONCESSION_ACCRUAL,15,353,2026-08-25T10:32:00+08:00
c4beced5-d97b-42fa-83c5-e684d462bdcc,M-1611,ORD-20260825-6051-0296,CONCESSION_ACCRUAL,9,525,2026-08-25T17:33:00+08:00
016c7572-cd2a-4a04-8ef6-b026a720ac02,M-1273,ORD-20260825-2244-0297,CONCESSION_ACCRUAL,18,771,2026-08-25T21:49:00+08:00
81e1413e-9ed8-46c9-a5ee-ef537d9f299b,M-1745,ORD-20260825-7925-0298,CONCESSION_ACCRUAL,36,241,2026-08-25T10:37:00+08:00
0bd1e566-da7e-47a8-8c8e-929be512f334,M-2189,ORD-20260825-7576-0299,CONCESSION_ACCRUAL,19,313,2026-08-25T21:38:00+08:00
df1b233a-e131-457e-bb60-ae9e41bb44c0,M-1269,ORD-20260825-8715-0300,CONCESSION_ACCRUAL,9,443,2026-08-25T20:38:00+08:00
b0235531-b71a-4b28-9540-22dc5e43bc5e,M-1238,ORD-20260825-9686-0301,CONCESSION_ACCRUAL,14,454,2026-08-25T16:19:00+08:00
963ddd82-1420-4e6d-a8e2-9c612df4c0c4,M-1123,ORD-20260825-9154-0302,CONCESSION_ACCRUAL,11,191,2026-08-25T09:37:00+08:00
4500eeed-397c-4bab-9bb6-c7486036b974,M-2068,ORD-20260825-1231-0303,CONCESSION_ACCRUAL,21,215,2026-08-25T12:39:00+08:00
4df791e4-e75d-4c11-b212-a02d6396409d,M-1070,ORD-20260825-4810-0304,CONCESSION_ACCRUAL,33,180,2026-08-25T09:09:00+08:00
dcb4ae97-f9c5-4145-a556-96d4a4f87696,M-1894,ORD-20260825-5826-0305,CONCESSION_ACCRUAL,9,314,2026-08-25T15:46:00+08:00
c6e37c46-c421-49cd-80ce-c85756959a82,M-1014,ORD-20260825-3263-0306,CONCESSION_ACCRUAL,13,208,2026-08-25T16:08:00+08:00
64a70f5b-dc26-4f2d-88fd-5021087e931a,M-1327,ORD-20260825-4326-0307,CONCESSION_ACCRUAL,31,1930,2026-08-25T20:27:00+08:00
2767c157-0ad5-41a2-ac8a-e7a8e75d2b0c,M-1158,ORD-20260825-7108-0308,CONCESSION_ACCRUAL,15,475,2026-08-25T10:42:00+08:00
d2675a8b-16c3-4596-98b3-57c901044274,M-1655,ORD-20260825-5831-0309,CONCESSION_ACCRUAL,7,204,2026-08-25T17:40:00+08:00
ab5f2103-b0a2-4604-9832-6be4e168577c,M-1360,ORD-20260825-1548-0310,CONCESSION_ACCRUAL,9,201,2026-08-25T10:56:00+08:00
915f4f80-e9a1-43cf-9790-164c347651af,M-1063,ORD-20260825-4954-0311,CONCESSION_ACCRUAL,60,627,2026-08-25T10:14:00+08:00
453f8acf-335c-44b9-9c20-9a16221d9285,M-1958,ORD-20260825-9130-0312,CONCESSION_ACCRUAL,10,201,2026-08-25T20:58:00+08:00
d5beb261-8906-4230-a567-7319e2f898d9,M-1617,ORD-20260825-2977-0313,CONCESSION_ACCRUAL,54,166,2026-08-25T21:33:00+08:00
f0efe9a0-3d45-4d7e-8219-6af00ca9ada9,M-1513,ORD-20260825-8328-0314,CONCESSION_ACCRUAL,8,97,2026-08-25T18:07:00+08:00
c3cceaeb-1f57-4f33-8cd3-55ca3dafe658,M-1782,ORD-20260825-6712-0315,CONCESSION_ACCRUAL,18,490,2026-08-25T17:40:00+08:00
8471101f-f8c4-4de7-bb88-5043631754fb,M-1747,ORD-20260825-8754-0316,CONCESSION_ACCRUAL,7,527,2026-08-25T09:25:00+08:00
b0fc481a-2186-457b-bfcd-484661d666e4,M-1449,ORD-20260825-9709-0317,CONCESSION_ACCRUAL,26,139,2026-08-25T15:50:00+08:00
ead33b4c-8f3a-4fc8-8258-405b59b5b64e,M-1178,ORD-20260825-1609-0318,CONCESSION_ACCRUAL,49,383,2026-08-25T15:49:00+08:00
319337f1-d99d-4f95-ae7d-42ea1040a9ec,M-1645,ORD-20260825-1619-0319,CONCESSION_ACCRUAL,15,752,2026-08-25T13:32:00+08:00
fad5cb64-2836-4c09-8705-abd92e8ae400,M-1141,ORD-20260825-7943-0320,CONCESSION_ACCRUAL,7,252,2026-08-25T18:32:00+08:00
19a4a8f8-e31d-4456-b8f8-c3251a83a31f,M-1124,ORD-20260825-3815-0321,CONCESSION_ACCRUAL,11,427,2026-08-25T10:59:00+08:00
c1e65268-2162-423a-8817-572d32fa3aba,M-1099,ORD-20260825-4128-0322,CONCESSION_ACCRUAL,8,309,2026-08-25T09:11:00+08:00
568b21ce-ed9c-4d36-a3f2-5de5300e59e7,M-1622,ORD-20260825-6651-0323,CONCESSION_ACCRUAL,3,113,2026-08-25T13:17:00+08:00
3ccf6a65-7600-4b5f-8878-f980886fe0ce,M-1131,ORD-20260825-5410-0324,CONCESSION_ACCRUAL,12,350,2026-08-25T10:30:00+08:00
d26bbd80-21bc-4eaf-94d1-2dabb1a8870e,M-1627,ORD-20260825-1480-0325,CONCESSION_ACCRUAL,9,705,2026-08-25T19:10:00+08:00
5792c35a-dec9-4a4e-9d04-0bb41c95e3d5,M-1361,ORD-20260825-1018-0326,CONCESSION_ACCRUAL,54,426,2026-08-25T10:32:00+08:00
0a42fe27-e0af-4abe-bdf3-a9daf1120f32,M-1199,ORD-20260825-8315-0327,CONCESSION_ACCRUAL,15,170,2026-08-25T15:09:00+08:00
4b132b69-ad45-4078-8687-e8c403c6f8cd,M-2186,ORD-20260825-2574-0328,CONCESSION_ACCRUAL,8,342,2026-08-25T10:29:00+08:00
401f468e-14f8-40f9-b983-0ce5c01d37fa,M-1261,ORD-20260825-3252-0329,CONCESSION_ACCRUAL,11,87,2026-08-25T22:42:00+08:00
66c9ab4b-1864-47e5-9ce1-acf8a21266fa,M-1794,ORD-20260825-5235-0330,CONCESSION_ACCRUAL,11,332,2026-08-25T13:44:00+08:00
f9d13bfd-11b9-4caf-949f-7e174490c5c9,M-1640,ORD-20260825-4640-0331,CONCESSION_ACCRUAL,4,428,2026-08-25T11:08:00+08:00
1d4dd28d-842c-491d-8c66-7a5d1533283e,M-1107,ORD-20260825-5894-0332,CONCESSION_ACCRUAL,7,122,2026-08-25T13:00:00+08:00
56ce6b64-53e5-4c47-9c60-a3531edc21e4,M-1066,ORD-20260825-2072-0333,CONCESSION_ACCRUAL,16,468,2026-08-25T18:21:00+08:00
663afcde-71c6-4767-a3b9-06676fa35e6f,M-1838,ORD-20260825-9443-0334,CONCESSION_ACCRUAL,13,656,2026-08-25T22:21:00+08:00
9cd2a673-28c9-4077-b46e-54381a40d305,M-1619,ORD-20260825-6113-0335,CONCESSION_ACCRUAL,19,426,2026-08-25T12:50:00+08:00
