ledger_id,member_id,source_reference_id,transaction_type,points_delta,resulting_balance,created_at
26344dc1-4110-4335-91e9-72c955d1572f,M-1858,SESS-20260830-1898-0000,RENTAL_REDEMPTION,-100,65,2026-08-30T16:15:00+08:00
a74efc5d-4d71-4be9-91ff-9028af260ac8,M-1858,SESS-20260830-1898-0000,RENTAL_ACCRUAL,5,70,2026-08-30T18:15:00+08:00
70a78f2f-fe39-48e9-a1a7-3bcb2fbde029,M-1018,SESS-20260830-4484-0001,RENTAL_ACCRUAL,18,52,2026-08-30T18:30:00+08:00
aa1d4b99-7903-4021-a18b-935e33b1d48b,M-1341,SESS-20260830-8096-0002,RENTAL_ACCRUAL,6,283,2026-08-30T20:45:00+08:00
d94af6bb-3f1c-4b4c-995a-946446b84d53,M-1920,SESS-20260830-7371-0003,RENTAL_ACCRUAL,10,126,2026-08-30T17:00:00+08:00
74218688-7e19-4891-a041-452e908074c5,M-1003,SESS-20260830-4001-0004,RENTAL_ACCRUAL,11,316,2026-08-30T12:00:00+08:00
f9b6b909-7a11-4fe4-a203-4f008c0c04e5,M-2161,SESS-20260830-3285-0005,RENTAL_ACCRUAL,15,53,2026-08-30T20:45:00+08:00
eea572a5-bf28-4fa7-8f02-9f0bf0d738aa,M-1029,SESS-20260830-9107-0006,RENTAL_REDEMPTION,-100,535,2026-08-30T21:15:00+08:00
4d7d9bed-89cb-4704-a283-c968d0b7c3e3,M-1029,SESS-20260830-9107-0006,RENTAL_ACCRUAL,4,539,2026-08-30T23:15:00+08:00
7d4e6558-b15e-4b56-b56a-d43a8bca1472,M-1835,SESS-20260830-3901-0007,RENTAL_ACCRUAL,48,422,2026-08-30T18:15:00+08:00
e8c30c28-ae9e-4f82-b43a-22a46e421af3,M-1368,SESS-20260830-7002-0008,RENTAL_ACCRUAL,45,454,2026-08-31T02:15:00+08:00
02082489-25f0-4a7e-ba6a-3bde59d68e96,M-1148,SESS-20260830-1923-0009,RENTAL_ACCRUAL,72,242,2026-08-31T00:00:00+08:00
c43a03ce-3d87-46c7-a833-5cea35e5b287,M-2100,SESS-20260830-1319-0010,RENTAL_ACCRUAL,27,283,2026-08-31T00:00:00+08:00
85cbd5bd-ee81-49cc-ac88-45cf7e0d7bbc,M-1374,SESS-20260830-2099-0011,RENTAL_ACCRUAL,28,850,2026-08-31T01:45:00+08:00
1ec70f64-4b1c-42d2-951e-6e6c25fb364e,M-1374,TIER_UPGRADE_Silver_TO_Gold,TIER_BONUS,100,950,2026-08-31T01:45:00+08:00
e4f88c22-abbe-448f-a372-fac0b6741d17,M-2015,SESS-20260830-3918-0012,RENTAL_REDEMPTION,-100,14,2026-08-30T20:45:00+08:00
bc1b57c0-4a57-4fd1-9ab4-73ae869adc44,M-2015,SESS-20260830-3918-0012,RENTAL_ACCRUAL,10,24,2026-08-30T23:45:00+08:00
301606a4-ae87-445d-ad6c-a19020a239a6,M-1335,SESS-20260830-3733-0013,RENTAL_REDEMPTION,-100,50,2026-08-30T04:45:00+08:00
56c8dd5b-616f-4801-8a3f-0162bec07712,M-1335,SESS-20260830-3733-0013,RENTAL_ACCRUAL,10,60,2026-08-30T07:45:00+08:00
f65f8018-897c-40e7-b5c3-4daf760f3064,M-1233,SESS-20260830-4653-0014,RENTAL_ACCRUAL,27,443,2026-08-30T14:15:00+08:00
bb817a6b-73ee-4478-8e55-769822e993a7,M-1696,SESS-20260830-6393-0015,RENTAL_REDEMPTION,-100,559,2026-08-30T19:30:00+08:00
3731541c-0a2a-4ee4-85e2-193f4772efee,M-1696,SESS-20260830-6393-0015,RENTAL_ACCRUAL,10,569,2026-08-30T22:30:00+08:00
5ffd16d6-3eb6-4752-b6af-386ba7130d31,M-2076,SESS-20260830-8830-0016,RENTAL_REDEMPTION,-300,79,2026-08-30T20:00:00+08:00
1157f124-5500-4046-b648-dd14f45b8de9,M-2076,SESS-20260830-8830-0016,RENTAL_ACCRUAL,8,87,2026-08-30T23:00:00+08:00
4c9e48c1-e82c-4e3c-877f-5f79882eac97,M-1889,SESS-20260830-2727-0017,RENTAL_REDEMPTION,-100,10,2026-08-30T20:00:00+08:00
534a1114-e699-4280-8ffe-fe9f5c58ccee,M-1889,SESS-20260830-2727-0017,RENTAL_ACCRUAL,19,29,2026-08-30T23:00:00+08:00
fce3c5f1-278f-4405-9ab2-09614a967fe1,M-1293,SESS-20260830-4497-0018,RENTAL_ACCRUAL,5,188,2026-08-30T19:15:00+08:00
438ede4a-dcaa-48e0-8533-e6ec871bea10,M-1858,SESS-20260830-6149-0019,RENTAL_ACCRUAL,16,86,2026-08-30T22:45:00+08:00
100d5b50-8102-4447-8087-ff9b59cbcc92,M-1657,SESS-20260830-6108-0020,RENTAL_REDEMPTION,-200,670,2026-08-30T08:00:00+08:00
bc324659-4137-43d4-bc92-ea42651f2a65,M-1657,SESS-20260830-6108-0020,RENTAL_ACCRUAL,4,674,2026-08-30T11:00:00+08:00
4b4601ec-4b64-4fbe-b3c3-4f7f2c0378c7,M-1540,SESS-20260830-9592-0021,RENTAL_ACCRUAL,30,402,2026-08-30T14:15:00+08:00
3c758c86-3bc7-4f87-b9a6-cf43d000e027,M-1092,SESS-20260830-3350-0022,RENTAL_ACCRUAL,11,593,2026-08-30T23:45:00+08:00
fec3c079-fd35-44bf-bbf1-2fac8368253d,M-1138,SESS-20260830-1641-0023,RENTAL_REDEMPTION,-100,427,2026-08-30T23:00:00+08:00
f8241654-d2b2-4902-9559-7d52b811d1a9,M-1138,SESS-20260830-1641-0023,RENTAL_ACCRUAL,2,429,2026-08-31T00:00:00+08:00
634b4a3e-41d3-44a7-8d66-0fcbaece61c5,M-1239,SESS-20260830-6687-0024,RENTAL_REDEMPTION,-100,8,2026-08-30T21:15:00+08:00
59e216ef-aacb-4c6a-89f0-c76226dc1a57,M-1239,SESS-20260830-6687-0024,RENTAL_ACCRUAL,11,19,2026-08-30T23:15:00+08:00
5ab3bb30-52a7-4e91-8ebc-425c1b17b9c6,M-1099,SESS-20260830-7564-0025,RENTAL_ACCRUAL,18,338,2026-08-30T14:15:00+08:00
8aff6831-ec48-4f59-b640-625b548eb1be,M-1668,SESS-20260830-7574-0026,RENTAL_ACCRUAL,11,283,2026-08-31T00:00:00+08:00
8def6975-b64f-4c76-bd94-f9af1b564f3c,M-1622,SESS-20260830-1290-0027,RENTAL_ACCRUAL,9,105,2026-08-31T00:05:00+08:00
f1a7bcac-b139-4cd7-9d0d-99559af69d85,M-1491,SESS-20260830-6363-0028,RENTAL_ACCRUAL,45,125,2026-08-31T03:00:00+08:00
252c973c-6414-4e00-8a62-89e0055f07ef,M-1673,SESS-20260830-7272-0029,RENTAL_ACCRUAL,11,335,2026-08-30T18:00:00+08:00
d542e6b9-1d0b-482a-94bc-70c373f27a0d,M-2067,SESS-20260830-1030-0030,RENTAL_ACCRUAL,16,143,2026-08-30T16:15:00+08:00
d85b379f-3cb4-44cb-abbb-f9db7db6b9a2,M-1174,SESS-20260830-6205-0031,RENTAL_ACCRUAL,11,162,2026-08-30T15:45:00+08:00
6a2ae468-724f-494d-a966-577ecaa806b9,M-1046,SESS-20260830-6720-0032,RENTAL_REDEMPTION,-400,653,2026-08-30T19:45:00+08:00
5f9d7df7-2286-422c-8000-b5caeb4d952c,M-1046,SESS-20260830-6720-0032,RENTAL_ACCRUAL,18,671,2026-08-31T00:45:00+08:00
c1013599-f9af-4020-be82-2ebb219a55cf,M-1067,SESS-20260830-8884-0033,RENTAL_ACCRUAL,19,524,2026-08-30T22:30:00+08:00
5f5550a3-488e-4f2f-99e6-15f20fa083bf,M-1571,SESS-20260830-9297-0034,RENTAL_ACCRUAL,11,195,2026-08-30T08:15:00+08:00
a87f3e00-ff59-4311-801a-42cf3e8d98df,M-1695,SESS-20260830-9819-0035,RENTAL_ACCRUAL,16,119,2026-08-30T12:00:00+08:00
3d5e182e-ee01-4ff6-8f65-b91e96ba3e6f,M-2181,SESS-20260830-8023-0036,RENTAL_ACCRUAL,15,152,2026-08-30T23:15:00+08:00
2865ff78-bb49-4349-8484-e5dc9d0d87c2,M-1947,SESS-20260830-9975-0037,RENTAL_ACCRUAL,16,266,2026-08-30T18:00:00+08:00
936aa71a-9cf1-412e-9150-75e56aa00b06,M-1399,SESS-20260830-3718-0038,RENTAL_ACCRUAL,5,160,2026-08-30T11:00:00+08:00
6ab04e4d-8555-497c-a597-ff2c806566c6,M-2189,SESS-20260830-9144-0039,RENTAL_ACCRUAL,45,463,2026-08-30T20:15:00+08:00
d64e682b-d6d3-4225-9c93-f30e4b9d85ae,M-2195,SESS-20260830-3228-0040,RENTAL_REDEMPTION,-100,311,2026-08-30T17:30:00+08:00
519f7fe4-c075-423a-9693-f7baa48be457,M-2195,SESS-20260830-3228-0040,RENTAL_ACCRUAL,21,332,2026-08-30T22:30:00+08:00
b86c0fa1-c2bc-4484-affb-3ea3c28f062b,M-2013,SESS-20260830-7779-0041,RENTAL_ACCRUAL,11,325,2026-08-30T18:30:00+08:00
319ea721-c02c-4c24-9720-6ea62f16f5f7,M-2078,SESS-20260830-3369-0042,RENTAL_ACCRUAL,10,110,2026-08-30T14:30:00+08:00
b2616629-dc0d-4055-91dc-935442c9c475,M-1842,SESS-20260830-5099-0043,RENTAL_REDEMPTION,-300,27,2026-08-30T16:45:00+08:00
284debfe-2991-47e0-a667-17897ba86e6f,M-1842,SESS-20260830-5099-0043,RENTAL_ACCRUAL,9,36,2026-08-30T21:45:00+08:00
2200fe66-bb91-4bec-bd4e-4bd3985c13f3,M-1377,SESS-20260830-3873-0044,RENTAL_ACCRUAL,18,388,2026-08-30T14:15:00+08:00
7e39bbb9-a989-4a58-a459-7085102d3c98,M-1081,SESS-20260830-8393-0045,RENTAL_ACCRUAL,43,709,2026-08-30T19:45:00+08:00
a896d984-31e1-48a2-9589-b673edf85075,M-1455,SESS-20260830-4588-0046,RENTAL_ACCRUAL,11,467,2026-08-30T16:30:00+08:00
6eaba44a-87f8-4514-9337-3326fd60eab5,M-2165,SESS-20260830-4180-0047,RENTAL_REDEMPTION,-100,23,2026-08-30T03:15:00+08:00
e229bb25-7bc7-41e3-9f8c-ccdaad54099d,M-2165,SESS-20260830-4180-0047,RENTAL_ACCRUAL,20,43,2026-08-30T08:15:00+08:00
d016fce9-7420-4fe4-ac8f-581b05aa7a5b,M-1282,SESS-20260830-9401-0048,RENTAL_ACCRUAL,12,515,2026-08-31T01:50:00+08:00
0ddf4047-91ce-44c2-80e5-9ef6e2acf6d6,M-1360,SESS-20260830-8038-0049,RENTAL_ACCRUAL,5,294,2026-08-31T00:55:00+08:00
64db8f8c-88fb-40b3-a401-60ea135c32a6,M-1127,SESS-20260830-7405-0050,RENTAL_ACCRUAL,14,370,2026-08-30T22:00:00+08:00
eaa2f4de-52ff-4af8-b0ed-2f2a21dcd51b,M-1813,SESS-20260830-6524-0051,RENTAL_ACCRUAL,28,135,2026-08-30T19:45:00+08:00
bbd2030e-be0e-4986-8f61-3012fdc95e4c,M-1241,SESS-20260830-4883-0052,RENTAL_ACCRUAL,16,355,2026-08-30T14:00:00+08:00
9024063b-5103-49cb-8972-21b7e109d0a8,M-2152,SESS-20260830-7351-0053,RENTAL_ACCRUAL,16,234,2026-08-31T00:15:00+08:00
60a07afd-e559-4802-ba72-aef4d18f1f20,M-2120,SESS-20260830-2446-0054,RENTAL_ACCRUAL,11,596,2026-08-30T20:00:00+08:00
7d6ea7ce-110a-4ea7-b59f-25b57c4ff59a,M-1983,SESS-20260830-1164-0055,RENTAL_ACCRUAL,11,211,2026-08-31T00:30:00+08:00
3ac27865-d06b-4ad4-b4e7-315348dadf3e,M-1492,SESS-20260830-5180-0056,RENTAL_ACCRUAL,30,374,2026-08-31T00:45:00+08:00
b44dca82-7aed-4dbe-a766-8f62c17ea890,M-1607,SESS-20260830-3089-0057,RENTAL_ACCRUAL,28,390,2026-08-30T20:45:00+08:00
4d270047-16f9-49f1-a466-5af475139613,M-2108,SESS-20260830-5043-0058,RENTAL_ACCRUAL,10,302,2026-08-31T00:40:00+08:00
1b26be22-57bf-4b38-81fa-ea855d3b7480,M-1260,SESS-20260830-1926-0059,RENTAL_ACCRUAL,43,304,2026-08-31T01:05:00+08:00
716caa63-e443-4b63-a198-2c1913e76b64,M-1410,SESS-20260830-8675-0060,RENTAL_ACCRUAL,43,567,2026-08-31T01:15:00+08:00
2137f8fc-2617-4915-85d9-30e492e95a58,M-2003,SESS-20260830-2284-0061,RENTAL_ACCRUAL,18,266,2026-08-31T00:45:00+08:00
373d9d2b-6c02-456f-b548-8d8bb2370ae0,M-1942,SESS-20260830-6017-0062,RENTAL_ACCRUAL,18,67,2026-08-30T22:45:00+08:00
f595ebc3-24fb-4e73-8e54-8478d94d03d8,M-1814,SESS-20260830-6460-0063,RENTAL_ACCRUAL,11,158,2026-08-31T01:20:00+08:00
949f4c48-9531-4c14-aa2a-2d25137d9798,M-1986,SESS-20260830-5233-0064,RENTAL_ACCRUAL,15,65,2026-08-30T18:30:00+08:00
add4b90e-c3ce-485a-adc1-edf7f0cfe45f,M-1537,SESS-20260830-3584-0065,RENTAL_ACCRUAL,18,623,2026-08-30T21:50:00+08:00
9a8cb9b3-23df-4058-870c-696f4fb34d78,M-1040,SESS-20260830-1420-0066,RENTAL_ACCRUAL,18,832,2026-08-30T21:30:00+08:00
649d3e55-7c2e-41a4-af0e-39e9916af778,M-2097,SESS-20260830-2581-0067,RENTAL_ACCRUAL,12,190,2026-08-30T21:00:00+08:00
2ea937e0-2bb0-4d3b-8692-d7f4e90d0c24,M-1778,SESS-20260830-9968-0068,RENTAL_ACCRUAL,18,241,2026-08-31T00:15:00+08:00
6da9e056-9137-4547-ba5a-4aa7c4e317e8,M-1571,SESS-20260830-2113-0069,RENTAL_ACCRUAL,16,211,2026-08-30T22:15:00+08:00
5df213ff-7112-4417-b7ae-728c263c89b7,M-1934,SESS-20260830-1158-0070,RENTAL_ACCRUAL,28,597,2026-08-30T13:15:00+08:00
bd2e0aae-ef4a-4e11-9b83-dcebd6fbba26,M-2117,SESS-20260830-2133-0071,RENTAL_REDEMPTION,-100,33,2026-08-30T10:15:00+08:00
740efc3e-b2de-474f-bb7e-04f2e5c783ae,M-2117,SESS-20260830-2133-0071,RENTAL_ACCRUAL,31,64,2026-08-30T13:15:00+08:00
825ca26a-d5c0-44ac-b114-3810bc45c5e7,M-1785,SESS-20260830-2610-0072,RENTAL_REDEMPTION,-100,25,2026-08-30T22:00:00+08:00
bb5c35a9-11fe-410e-85c7-4e245daee911,M-1785,SESS-20260830-2610-0072,RENTAL_ACCRUAL,5,30,2026-08-31T00:00:00+08:00
95dabf88-42d7-45fe-b09c-6829fd17ec3d,M-2170,SESS-20260830-6558-0073,RENTAL_ACCRUAL,15,124,2026-08-30T20:30:00+08:00
daf75461-72d6-4c49-97bd-9b7603b16c9a,M-1395,SESS-20260830-7312-0074,RENTAL_ACCRUAL,27,186,2026-08-31T00:00:00+08:00
1ed106bf-7b1e-408d-9cd3-95f922741786,M-1395,TIER_UPGRADE_Silver_TO_Gold,TIER_BONUS,100,286,2026-08-31T00:00:00+08:00
6f876b5e-0830-4dc2-8add-5d86ce63d2c8,M-1669,SESS-20260830-8762-0075,RENTAL_ACCRUAL,18,406,2026-08-30T23:45:00+08:00
358200a8-4d32-430a-b07d-4f00919091d7,M-1674,SESS-20260830-5490-0076,RENTAL_ACCRUAL,16,708,2026-08-30T19:00:00+08:00
0f9d00ee-8574-4332-9346-ac31aa85a902,M-1095,SESS-20260830-2191-0077,RENTAL_ACCRUAL,5,188,2026-08-30T22:00:00+08:00
ecf6594a-5467-40d9-9961-5aa40712624d,M-1897,SESS-20260830-1043-0078,RENTAL_ACCRUAL,11,388,2026-08-30T23:30:00+08:00
afa88ad3-2105-44f9-acf5-896c43cfc424,M-1151,SESS-20260830-4685-0079,RENTAL_ACCRUAL,108,306,2026-08-30T23:00:00+08:00
538ef35b-330f-4214-91f2-7c68efe26e1f,M-1245,SESS-20260830-4107-0080,RENTAL_ACCRUAL,45,66,2026-08-31T06:15:00+08:00
d8798a58-7f6c-47bc-903a-8098b62e17c2,M-1388,SESS-20260830-2219-0081,RENTAL_ACCRUAL,18,602,2026-08-30T16:15:00+08:00
0df30804-a839-4484-a0f7-7f2853443530,M-1527,SESS-20260830-4541-0082,RENTAL_REDEMPTION,-100,1008,2026-08-30T23:10:00+08:00
827817dd-7288-402d-964a-7b7703cbfee8,M-1527,SESS-20260830-4541-0082,RENTAL_ACCRUAL,21,1029,2026-08-31T01:10:00+08:00
8408de7e-d3f7-425d-a61c-6841abdd156d,M-1888,SESS-20260830-5475-0083,RENTAL_ACCRUAL,5,424,2026-08-30T16:15:00+08:00
1931c7c0-70fd-470c-a773-a31c682150aa,M-1444,SESS-20260830-4584-0084,RENTAL_REDEMPTION,-200,3219,2026-08-30T21:45:00+08:00
fb6e219d-3ec5-426b-9a51-ff75ca1be10d,M-1444,SESS-20260830-4584-0084,RENTAL_ACCRUAL,3,3222,2026-08-31T00:45:00+08:00
5b4c6c4c-fd2b-40f5-b55b-c8961d938531,M-1834,SESS-20260830-3390-0085,RENTAL_ACCRUAL,6,285,2026-08-30T08:30:00+08:00
b76bab66-9979-4ebb-8d88-07fcadf485ea,M-1059,SESS-20260830-6456-0086,RENTAL_ACCRUAL,27,266,2026-08-30T20:45:00+08:00
c5ecc7e9-2ac1-4aea-8eda-0e196a8cc947,M-2084,SESS-20260830-2240-0087,RENTAL_ACCRUAL,27,403,2026-08-30T21:30:00+08:00
1b6b77e0-c8ab-4adf-ae46-f0ef08c15216,M-1820,SESS-20260830-8556-0088,RENTAL_ACCRUAL,18,636,2026-08-30T19:00:00+08:00
a185171f-36e9-4066-be6c-1457d747f6ec,M-1421,SESS-20260830-3142-0089,RENTAL_ACCRUAL,18,686,2026-08-30T17:30:00+08:00
f16a0225-ca6b-4a16-a077-d764f12ec26d,M-1398,SESS-20260830-4773-0090,RENTAL_ACCRUAL,18,320,2026-08-30T11:15:00+08:00
1e6cddb2-8f30-4d9f-834f-02f23cb1219e,M-1456,SESS-20260830-1328-0091,RENTAL_ACCRUAL,27,699,2026-08-30T19:45:00+08:00
d4fb6488-575c-4c26-87c1-ae911a99955c,M-1456,TIER_UPGRADE_Silver_TO_Gold,TIER_BONUS,100,799,2026-08-30T19:45:00+08:00
4a01e1ee-0a9b-45cf-9b78-fa5c5e1f1f9c,M-2154,SESS-20260830-6947-0092,RENTAL_ACCRUAL,15,122,2026-08-30T18:55:00+08:00
b3c932f7-8f1d-49e2-be14-55dcbd29a86a,M-1684,SESS-20260830-3605-0093,RENTAL_ACCRUAL,5,820,2026-08-30T22:00:00+08:00
f1dcfdf2-3ff5-496b-a475-45e1664a13ea,M-1984,SESS-20260830-4362-0094,RENTAL_ACCRUAL,16,244,2026-08-30T20:45:00+08:00
8883730b-aef6-4860-879e-b023c52ff700,M-1790,SESS-20260830-9941-0095,RENTAL_ACCRUAL,40,219,2026-08-30T23:15:00+08:00
454d2171-d8c3-4389-9afa-477a231dac76,M-1894,SESS-20260830-1864-0096,RENTAL_ACCRUAL,5,239,2026-08-30T23:00:00+08:00
0b517c23-a4c1-47f1-9c84-b0a4ec21abf6,M-1310,SESS-20260830-5183-0097,RENTAL_ACCRUAL,18,414,2026-08-31T00:15:00+08:00
bded7238-0c12-471b-b0b6-6538c7d3d28d,M-1094,SESS-20260830-4728-0098,RENTAL_ACCRUAL,43,387,2026-08-31T01:00:00+08:00
bc7ee487-0075-4b55-9ba4-e1adbae26ec6,M-1767,SESS-20260830-7083-0099,RENTAL_ACCRUAL,27,161,2026-08-30T23:50:00+08:00
19eecd38-70fc-4435-9b58-fd05264fe68f,M-1057,SESS-20260830-9355-0100,RENTAL_ACCRUAL,18,601,2026-08-30T17:15:00+08:00
aba3fe21-2df3-4063-b3a2-dda5e7dc4ed1,M-2016,SESS-20260830-2255-0101,RENTAL_REDEMPTION,-200,101,2026-08-30T19:00:00+08:00
43de0e1a-eab3-4c37-99b2-c296047a9c09,M-2016,SESS-20260830-2255-0101,RENTAL_ACCRUAL,15,116,2026-08-31T00:00:00+08:00
b80bbf15-3c48-4b4d-b257-a7914cbacfcc,M-1351,SESS-20260830-9533-0102,RENTAL_ACCRUAL,27,148,2026-08-31T00:45:00+08:00
4408bf6b-d5f3-4fde-9d0e-ae030d9c19f0,M-1945,SESS-20260830-1214-0103,RENTAL_ACCRUAL,24,52,2026-08-30T21:30:00+08:00
77ae77a0-8d1e-42ff-b23d-a3f902d0e578,M-2104,SESS-20260830-3155-0104,RENTAL_ACCRUAL,10,66,2026-08-30T23:30:00+08:00
7e257793-2e2e-444b-8dc7-38f12f4d871a,M-1553,SESS-20260830-8169-0105,RENTAL_ACCRUAL,40,550,2026-08-31T02:20:00+08:00
407019b9-07d3-4099-93a7-4212e8c8677c,M-1047,SESS-20260830-8342-0106,RENTAL_ACCRUAL,5,250,2026-08-30T21:45:00+08:00
5601de88-7290-4fff-9107-f9d633bcfc89,M-1482,SESS-20260830-8879-0107,RENTAL_ACCRUAL,19,790,2026-08-31T01:45:00+08:00
30d8c556-0aec-438b-8363-400c36848d5e,M-1113,SESS-20260830-6250-0108,RENTAL_ACCRUAL,28,1197,2026-08-31T00:45:00+08:00
a88330a7-8624-4dab-8a83-96bf96ca6c64,M-1088,SESS-20260830-2390-0109,RENTAL_REDEMPTION,-200,83,2026-08-30T16:45:00+08:00
d4dcf592-f88a-46b6-804f-7ae68d3fcea0,M-1088,SESS-20260830-2390-0109,RENTAL_ACCRUAL,13,96,2026-08-30T19:45:00+08:00
d27c27c8-d1ea-452b-8926-d063568e5b8b,M-1835,SESS-20260830-1021-0110,RENTAL_ACCRUAL,72,494,2026-08-31T00:30:00+08:00
970bdf3f-b18a-49dc-acc2-0f92d47df9f5,M-1035,SESS-20260830-6082-0111,RENTAL_ACCRUAL,5,393,2026-08-31T00:35:00+08:00
9ce28eda-cd0f-4829-bc6c-29f12c797ea9,M-1449,SESS-20260830-6758-0112,RENTAL_ACCRUAL,18,263,2026-08-31T01:55:00+08:00
ad34fd4d-16fd-45cb-8c6c-1d64d8593d49,M-1100,SESS-20260830-6447-0113,RENTAL_ACCRUAL,6,57,2026-08-30T12:30:00+08:00
8736a125-bbf0-43c6-8d73-1201f9851446,M-1398,SESS-20260830-4186-0114,RENTAL_ACCRUAL,12,332,2026-08-30T21:15:00+08:00
6427e002-8ca7-400f-be16-2a7707d3b47f,M-1692,SESS-20260830-1536-0115,RENTAL_ACCRUAL,28,2211,2026-08-30T17:15:00+08:00
dd26041c-2de0-4618-806a-c8735f22d4b7,M-1586,SESS-20260830-3623-0116,RENTAL_ACCRUAL,6,66,2026-08-30T18:15:00+08:00
f95cbc4b-cc55-4cc5-90bc-3d0e4913bdb5,M-1802,SESS-20260830-7503-0117,RENTAL_ACCRUAL,12,275,2026-08-30T20:45:00+08:00
c5d9de90-47a8-4818-b83c-b4ebacfdc3e7,M-2159,SESS-20260830-2656-0118,RENTAL_REDEMPTION,-100,95,2026-08-30T23:55:00+08:00
bf7975f7-f061-4033-b21a-828bdd1e1721,M-2159,SESS-20260830-2656-0118,RENTAL_ACCRUAL,38,133,2026-08-31T04:55:00+08:00
b48e12c3-a23f-4f35-b3a4-48c8b6a4c963,M-1713,SESS-20260830-5250-0119,RENTAL_ACCRUAL,48,309,2026-08-30T21:00:00+08:00
496c3177-7f8c-4afa-bce6-b2c1c3e000e2,M-1426,SESS-20260830-2602-0120,RENTAL_REDEMPTION,-100,1173,2026-08-30T21:00:00+08:00
af2474bc-57c7-45fb-a38b-b3ca3c303075,M-1426,SESS-20260830-2602-0120,RENTAL_ACCRUAL,10,1183,2026-08-31T00:00:00+08:00
e225900f-3412-4b7d-80d3-ef7e2c5cc938,M-1664,SESS-20260830-2111-0121,RENTAL_ACCRUAL,12,2621,2026-08-31T00:15:00+08:00
1259a333-c131-4c30-8b23-3ec9e2785bdc,M-1775,SESS-20260830-1431-0122,RENTAL_ACCRUAL,12,1434,2026-08-30T22:30:00+08:00
1ac76594-a578-464c-bcb2-76dc746db06a,M-1868,SESS-20260830-6777-0123,RENTAL_ACCRUAL,5,119,2026-08-30T21:55:00+08:00
55e75bd1-fd08-483a-8b32-e05367257b02,M-2135,SESS-20260830-8226-0124,RENTAL_ACCRUAL,25,218,2026-08-31T03:15:00+08:00
20c57c34-a56e-49e4-b2d2-cbb3f416ca38,M-1082,SESS-20260830-9542-0125,RENTAL_ACCRUAL,18,379,2026-08-30T19:30:00+08:00
0a58ec1d-fa2b-4027-9eb0-ef61e068399a,M-1102,SESS-20260830-7454-0126,RENTAL_ACCRUAL,13,115,2026-08-30T10:30:00+08:00
588886bd-91c3-4b81-9c90-47ccc891249d,M-1886,SESS-20260830-2855-0127,RENTAL_ACCRUAL,11,267,2026-08-30T22:05:00+08:00
f9490fc1-bc3c-4515-8da2-113ea47f4b84,M-1065,SESS-20260830-6449-0128,RENTAL_ACCRUAL,12,820,2026-08-30T20:15:00+08:00
c8843820-0920-4069-89f8-7ecf487f1f58,M-2143,SESS-20260830-5679-0129,RENTAL_ACCRUAL,18,165,2026-08-31T01:10:00+08:00
96795fdc-0211-4831-8c2a-369c37f3edd1,M-2038,SESS-20260830-9573-0130,RENTAL_REDEMPTION,-200,38,2026-08-30T18:25:00+08:00
90b186b2-c017-4e32-825a-7f459d9b4abc,M-2038,SESS-20260830-9573-0130,RENTAL_ACCRUAL,4,42,2026-08-30T21:25:00+08:00
d61bb922-c1f0-49b5-b63c-e7bb9595277f,M-1464,SESS-20260830-8365-0131,RENTAL_ACCRUAL,5,143,2026-08-30T21:00:00+08:00
29d4452c-2764-4ae2-a9b2-717aeee26ddf,M-1454,SESS-20260830-5311-0132,RENTAL_ACCRUAL,43,1522,2026-08-30T18:30:00+08:00
ac8c5746-6ca7-4947-93de-9e10818316f7,M-2061,SESS-20260830-2390-0133,RENTAL_ACCRUAL,10,131,2026-08-30T19:45:00+08:00
ee0831d0-ec1a-4965-a598-64f6d6534cef,M-1509,SESS-20260830-8282-0134,RENTAL_ACCRUAL,30,123,2026-08-31T00:55:00+08:00
990e364a-a7b3-4c94-9a90-72507d9fd0c9,M-1267,SESS-20260830-9578-0135,RENTAL_REDEMPTION,-100,112,2026-08-30T21:05:00+08:00
e365c936-7a0f-43ad-8305-b713f5f67e48,M-1267,SESS-20260830-9578-0135,RENTAL_ACCRUAL,4,116,2026-08-30T23:05:00+08:00
b6137c12-5113-4115-8921-25bfd98d5612,M-1503,SESS-20260830-1143-0136,RENTAL_ACCRUAL,16,984,2026-08-30T19:30:00+08:00
5d90eebe-7f45-482d-98b2-a5c6df7b7d57,M-1801,SESS-20260830-5260-0137,RENTAL_ACCRUAL,16,138,2026-08-31T02:45:00+08:00
29712cc7-fedb-4312-aa26-3174d56516d4,M-1043,SESS-20260830-3455-0138,RENTAL_ACCRUAL,28,788,2026-08-31T01:35:00+08:00
1d58d71b-bbea-4c11-b548-02550c47d43b,M-2197,SESS-20260830-7060-0139,RENTAL_ACCRUAL,11,552,2026-08-30T21:20:00+08:00
7a7200c1-8ff9-4b4f-8661-3e85735d74d1,M-1743,SESS-20260830-5983-0140,RENTAL_ACCRUAL,6,419,2026-08-30T19:25:00+08:00
e407e9fb-0b9e-4626-87fe-13ac17b2d94f,M-1460,SESS-20260830-9740-0141,RENTAL_ACCRUAL,72,105,2026-08-31T05:55:00+08:00
fba7d1e2-9c6a-46db-a422-89a86e09fe60,M-1445,SESS-20260830-1519-0142,RENTAL_ACCRUAL,16,354,2026-08-30T15:15:00+08:00
3b17edfa-e505-4efb-ad94-d561c8cacf77,M-1513,SESS-20260830-1794-0143,RENTAL_ACCRUAL,27,112,2026-08-31T00:15:00+08:00
1ea0b77f-9257-4f9b-a5b8-bc24022fa800,M-1053,SESS-20260830-4367-0144,RENTAL_REDEMPTION,-100,397,2026-08-30T19:40:00+08:00
fb02c8b5-4f09-4f90-9234-2a5d43329562,M-1053,SESS-20260830-4367-0144,RENTAL_ACCRUAL,5,402,2026-08-30T21:40:00+08:00
3c33552e-bf59-4a1a-93d4-ed379d8673ee,M-1325,SESS-20260830-5904-0145,RENTAL_ACCRUAL,27,256,2026-08-30T18:00:00+08:00
6c752a23-b4bd-41c6-9fc7-e7cfc5f38a12,M-1747,SESS-20260830-6669-0146,RENTAL_REDEMPTION,-200,327,2026-08-30T18:15:00+08:00
18624ea4-b8e1-41e2-8ae3-3318e0053619,M-1747,SESS-20260830-6669-0146,RENTAL_ACCRUAL,14,341,2026-08-30T20:15:00+08:00
e765bd6d-4173-419c-aecf-4386a4e7132f,M-1228,SESS-20260830-6739-0147,RENTAL_REDEMPTION,-100,258,2026-08-30T22:45:00+08:00
4a23a6c3-03d4-4877-8222-51bb74a7d507,M-1228,SESS-20260830-6739-0147,RENTAL_ACCRUAL,5,263,2026-08-31T00:45:00+08:00
26819956-4f55-4c10-84fb-381c0d85c103,M-1238,SESS-20260830-6393-0148,RENTAL_ACCRUAL,19,292,2026-08-30T19:45:00+08:00
013b1c85-4e86-4610-afdb-ef8fc06f6578,M-1608,SESS-20260830-1241-0149,RENTAL_REDEMPTION,-200,211,2026-08-30T20:30:00+08:00
41b6095a-0dc8-4bd2-b64d-3a98ef074eb4,M-1608,SESS-20260830-1241-0149,RENTAL_ACCRUAL,4,215,2026-08-30T23:30:00+08:00
f25aeac8-6501-4f70-8bb5-5046dfbf6540,M-1613,SESS-20260830-2023-0150,RENTAL_ACCRUAL,48,160,2026-08-31T03:50:00+08:00
b2d22ba5-adfd-4c52-b458-bf4eeffcab2a,M-1539,SESS-20260830-2682-0151,RENTAL_ACCRUAL,6,1054,2026-08-30T23:45:00+08:00
e397963b-9a2a-4cf3-b979-e1d61519e08e,M-1505,SESS-20260830-9933-0152,RENTAL_ACCRUAL,19,359,2026-08-30T21:15:00+08:00
c9521329-07dd-414f-bc32-c80d4d0bc27a,M-1290,SESS-20260830-8440-0153,RENTAL_ACCRUAL,28,112,2026-08-31T01:15:00+08:00
9125e970-3a51-439a-9da4-2ad8ae7e932b,M-1417,SESS-20260830-9416-0154,RENTAL_ACCRUAL,45,674,2026-08-31T07:45:00+08:00
78203bfd-0b80-4fc5-9564-09aaa914c744,M-1954,SESS-20260830-2462-0155,RENTAL_ACCRUAL,16,205,2026-08-31T00:50:00+08:00
fb999d96-edc2-4449-9c15-593e52585b1b,M-1270,SESS-20260830-2867-0156,RENTAL_ACCRUAL,6,1227,2026-08-30T23:45:00+08:00
053260d1-6bb3-4801-85e4-7a74cff59719,M-1389,SESS-20260830-1607-0157,RENTAL_REDEMPTION,-200,326,2026-08-30T20:45:00+08:00
9a236f81-58ff-4def-b1f9-dff7b01ecbb0,M-1389,SESS-20260830-1607-0157,RENTAL_ACCRUAL,3,329,2026-08-30T23:45:00+08:00
8cf615e5-9e00-47c0-9e8a-a41a176b4928,M-1929,SESS-20260830-7138-0158,RENTAL_REDEMPTION,-100,144,2026-08-30T21:40:00+08:00
fed1947a-c114-48b1-9419-5f4fc1dc8b77,M-1929,SESS-20260830-7138-0158,RENTAL_ACCRUAL,2,146,2026-08-30T22:40:00+08:00
f15686c6-2ec7-4ba8-80d0-1e3ad0b1687e,M-1994,SESS-20260830-6393-0159,RENTAL_ACCRUAL,5,104,2026-08-30T20:15:00+08:00
842d806c-2788-4344-bccd-7f6b4656df16,M-1504,SESS-20260830-6135-0160,RENTAL_REDEMPTION,-100,436,2026-08-30T16:35:00+08:00
f5a7318a-b91f-4486-8f90-3afd48d5005f,M-1504,SESS-20260830-6135-0160,RENTAL_ACCRUAL,5,441,2026-08-30T18:35:00+08:00
5a4793d0-3871-4f19-bfa0-876e4ad7df85,M-1759,SESS-20260830-4232-0161,RENTAL_ACCRUAL,6,681,2026-08-30T14:15:00+08:00
b0e9af9d-5409-4ce6-a01f-2b01bcc9619a,M-1605,SESS-20260830-1847-0162,RENTAL_ACCRUAL,27,383,2026-08-30T07:30:00+08:00
9b4a03bf-0264-4c44-a572-dd83e0286efc,M-1985,SESS-20260830-7617-0163,RENTAL_ACCRUAL,15,160,2026-08-30T12:00:00+08:00
cc6e855f-b599-4ae4-88b6-183740e1fe2c,M-1982,SESS-20260830-2633-0164,RENTAL_ACCRUAL,36,99,2026-08-30T15:15:00+08:00
919a9e7f-6bd9-4bef-8568-73afdedccb5a,M-1589,SESS-20260830-4675-0165,RENTAL_ACCRUAL,67,245,2026-08-31T00:00:00+08:00
4770d62d-6ffd-4c20-90d5-8248407c9d80,M-1705,SESS-20260830-7078-0166,RENTAL_ACCRUAL,27,211,2026-08-31T00:15:00+08:00
5de69924-47af-44f1-9e7e-f245693e380c,M-1972,SESS-20260830-6273-0167,RENTAL_ACCRUAL,10,248,2026-08-30T21:30:00+08:00
9cd06a23-f443-4a68-88eb-89ef2a769a71,M-2200,SESS-20260830-4717-0168,RENTAL_ACCRUAL,5,130,2026-08-30T23:10:00+08:00
4e530154-3825-4441-9431-39c5cbd892df,M-2200,TIER_UPGRADE_Standard_TO_Silver,TIER_BONUS,50,180,2026-08-30T23:10:00+08:00
784fb610-f185-4921-8884-09242668345c,M-1227,SESS-20260830-3196-0169,RENTAL_ACCRUAL,28,606,2026-08-30T22:15:00+08:00
aa8f559d-52d4-434a-a1ee-31672b197f78,M-1461,SESS-20260830-4506-0170,RENTAL_ACCRUAL,12,635,2026-08-30T21:05:00+08:00
8fcc8570-630a-4007-8f41-53be9110a8af,M-1037,SESS-20260830-1456-0171,RENTAL_ACCRUAL,19,624,2026-08-30T22:00:00+08:00
aef1e1e1-336b-48c9-97e0-8d8b3362d849,M-1378,SESS-20260830-4743-0172,RENTAL_ACCRUAL,28,281,2026-08-31T02:30:00+08:00
bfebe092-f0b4-400b-8dbc-18a92f12e83f,M-1970,SESS-20260830-5226-0173,RENTAL_REDEMPTION,-100,245,2026-08-30T21:45:00+08:00
e8349b15-88b4-43d3-a8f4-ded046a9e22f,M-1970,SESS-20260830-5226-0173,RENTAL_ACCRUAL,11,256,2026-08-30T23:45:00+08:00
696201a7-e6b1-4a09-965d-9592d4967103,M-1949,SESS-20260830-8571-0174,RENTAL_ACCRUAL,11,389,2026-08-30T20:45:00+08:00
933a8d7c-2611-4e52-a111-6d63accc307d,M-1560,SESS-20260830-6867-0175,RENTAL_ACCRUAL,11,335,2026-08-30T23:35:00+08:00
bbb5606a-47b2-4cc5-a8e0-50764a0c42b8,M-1107,SESS-20260830-4158-0176,RENTAL_ACCRUAL,9,146,2026-08-30T16:30:00+08:00
bbf5c2f9-d46d-4bfc-a960-bc535f76fcec,M-1960,SESS-20260830-6475-0177,RENTAL_ACCRUAL,45,497,2026-08-30T15:00:00+08:00
4337b63f-909b-4729-b793-df270351c0c8,M-2112,SESS-20260830-1657-0178,RENTAL_ACCRUAL,24,75,2026-08-30T22:45:00+08:00
541f9ef5-9bf3-4519-a139-5dd77ecd8844,M-1173,SESS-20260830-9737-0179,RENTAL_REDEMPTION,-100,86,2026-08-30T13:45:00+08:00
a1e592f2-121e-430b-8bb0-fe262ed5c2cc,M-1173,SESS-20260830-9737-0179,RENTAL_ACCRUAL,4,90,2026-08-30T15:45:00+08:00
fe0e3a5b-db68-411f-95c3-86f374e88626,M-1394,SESS-20260830-8992-0180,RENTAL_ACCRUAL,40,228,2026-08-30T15:30:00+08:00
ee53b8d5-a10d-4c55-80d3-3091accca4c7,M-1670,SESS-20260830-9073-0181,RENTAL_ACCRUAL,30,130,2026-08-31T01:45:00+08:00
a6346943-5d7e-49b1-9c29-602fdf80f72a,M-1337,SESS-20260830-4082-0182,RENTAL_ACCRUAL,43,759,2026-08-30T21:35:00+08:00
fdbf4d41-f6cb-485b-ae8b-8d3a2f8b867f,M-1728,SESS-20260830-7832-0183,RENTAL_ACCRUAL,12,302,2026-08-30T14:00:00+08:00
3f5a5ee3-969e-4d38-a3dc-62405cebbab0,M-1869,SESS-20260830-1335-0184,RENTAL_ACCRUAL,25,233,2026-08-31T00:15:00+08:00
4a238da4-1627-4a7f-b521-9e482cf69236,M-1412,SESS-20260830-3535-0185,RENTAL_ACCRUAL,45,720,2026-08-30T23:10:00+08:00
f1aff134-c71f-4982-a5bc-ac27cefd4d83,M-1264,SESS-20260830-4973-0186,RENTAL_ACCRUAL,18,554,2026-08-31T00:30:00+08:00
0e613f3c-4117-44ab-b3f9-14b3f08ac293,M-2040,SESS-20260830-3654-0187,RENTAL_ACCRUAL,9,80,2026-08-30T20:45:00+08:00
d5f687f8-94d4-4ea2-aeaa-97bd60f5b966,M-1631,SESS-20260830-2218-0188,RENTAL_REDEMPTION,-400,31,2026-08-30T22:30:00+08:00
84cdbe29-9dd7-4fa2-90d5-c7b5d7097c00,M-1631,SESS-20260830-2218-0188,RENTAL_ACCRUAL,2,33,2026-08-31T01:30:00+08:00
8bd9fa91-aa3e-4119-9570-13aaccab2410,M-1750,SESS-20260830-9498-0189,RENTAL_ACCRUAL,13,467,2026-08-30T23:00:00+08:00
888180a2-307e-4c61-83db-e6944b1112fa,M-2141,SESS-20260830-1129-0190,RENTAL_ACCRUAL,5,68,2026-08-30T20:05:00+08:00
505fd08f-3d14-4b46-b8bb-db6f37da09e6,M-1843,SESS-20260830-9881-0191,RENTAL_ACCRUAL,27,236,2026-08-31T00:30:00+08:00
97384b53-f6d2-4e1c-9a6d-9edaa0c68cff,M-1041,SESS-20260830-9776-0192,RENTAL_ACCRUAL,6,906,2026-08-30T15:15:00+08:00
a20cab8f-ed95-4d8d-a3fd-86841aa90665,M-1326,SESS-20260830-6765-0193,RENTAL_REDEMPTION,-100,296,2026-08-30T23:15:00+08:00
90bb8c77-8886-4faa-8a05-3d3bd357d670,M-1326,SESS-20260830-6765-0193,RENTAL_ACCRUAL,34,330,2026-08-31T02:15:00+08:00
a577207e-868c-4ab1-a07d-23c9ec829929,M-1484,SESS-20260830-5212-0194,RENTAL_ACCRUAL,16,527,2026-08-30T18:45:00+08:00
a6d0f251-eb6f-4399-80cc-b6eca8f34c16,M-1386,SESS-20260830-8388-0195,RENTAL_ACCRUAL,28,642,2026-08-30T10:15:00+08:00
c1bb0170-25f6-4399-98db-493cc4952e73,M-1891,SESS-20260830-1747-0196,RENTAL_ACCRUAL,27,476,2026-08-30T23:45:00+08:00
ae4584b2-a369-42db-a614-3e76cadb2117,M-1674,SESS-20260830-7607-0197,RENTAL_ACCRUAL,11,719,2026-08-31T01:15:00+08:00
d6cfb5d0-c090-4c7e-8760-972623b62913,M-1663,SESS-20260830-5984-0198,RENTAL_ACCRUAL,16,330,2026-08-30T19:00:00+08:00
cf6f688d-3d57-4b62-a5f0-41afb2715aa3,M-2186,SESS-20260830-3632-0199,RENTAL_ACCRUAL,16,375,2026-08-30T16:00:00+08:00
117afc08-1722-442d-b51a-a8f2a29c9581,M-1248,SESS-20260830-5555-0200,RENTAL_ACCRUAL,5,94,2026-08-30T09:15:00+08:00
6d18e004-715a-4c91-a0c2-4bcf04cf1db2,M-1408,SESS-20260830-4487-0201,RENTAL_ACCRUAL,28,138,2026-08-31T02:45:00+08:00
226676a7-35b3-41ac-895c-abde2dc99602,M-1666,SESS-20260830-8267-0202,RENTAL_ACCRUAL,40,264,2026-08-30T23:25:00+08:00
acc47c96-7035-4b1b-9b01-4216c4b57d8d,M-2014,SESS-20260830-8996-0203,RENTAL_REDEMPTION,-200,29,2026-08-30T19:30:00+08:00
16af236f-b423-4938-9197-70c38129b648,M-2014,SESS-20260830-8996-0203,RENTAL_ACCRUAL,14,43,2026-08-30T21:30:00+08:00
c008935f-96f5-4abb-9d39-aff0ddebdee9,M-1471,SESS-20260830-8048-0204,RENTAL_REDEMPTION,-100,24,2026-08-30T23:40:00+08:00
cf95259b-03cb-45aa-9644-9f6bbf1cf2ab,M-1471,SESS-20260830-8048-0204,RENTAL_ACCRUAL,20,44,2026-08-31T01:40:00+08:00
8fb34c4c-3717-4c8e-8969-186343ecbbfe,M-1671,SESS-20260830-7446-0205,RENTAL_ACCRUAL,11,506,2026-08-31T01:35:00+08:00
4038b5dd-abc4-4564-960d-693cc086e579,M-1758,SESS-20260830-7947-0206,RENTAL_ACCRUAL,18,146,2026-08-31T00:15:00+08:00
2453770a-0736-4aa5-a595-bae341186f04,M-1411,SESS-20260830-3741-0207,RENTAL_ACCRUAL,14,838,2026-08-30T22:45:00+08:00
aceccc08-0fd5-403e-8a09-d0c34e1abff3,M-1380,SESS-20260830-9169-0208,RENTAL_ACCRUAL,18,373,2026-08-30T18:45:00+08:00
fe074e17-82dd-47d4-a12d-af7fdd0e5a09,M-1576,SESS-20260830-7989-0209,RENTAL_ACCRUAL,9,1198,2026-08-30T17:25:00+08:00
b0e545a2-02e8-4cfa-acd8-37638ebf0ae2,M-1294,SESS-20260830-2364-0210,RENTAL_ACCRUAL,45,380,2026-08-31T05:15:00+08:00
a8505f02-00e5-4553-9945-bf0fbf50a4d8,M-1288,SESS-20260830-6034-0211,RENTAL_ACCRUAL,28,261,2026-08-30T12:35:00+08:00
2220fb6b-b0f4-4b0e-ae31-d7bfa0b7a33a,M-1406,SESS-20260830-8104-0212,RENTAL_ACCRUAL,16,507,2026-08-30T21:15:00+08:00
9c947086-5c9c-41d2-8539-65299abef0e4,M-2175,SESS-20260830-3788-0213,RENTAL_ACCRUAL,5,578,2026-08-30T21:25:00+08:00
19e15f20-ca90-4394-927a-339588ac76c4,M-1992,SESS-20260830-3375-0214,RENTAL_REDEMPTION,-100,247,2026-08-30T23:15:00+08:00
83ef0f6d-b915-418d-9ae7-8d1a74cd085e,M-1992,SESS-20260830-3375-0214,RENTAL_ACCRUAL,5,252,2026-08-31T01:15:00+08:00
5ba67b65-b9f5-47c9-950d-bc4a55e315c8,M-1855,SESS-20260830-4269-0215,RENTAL_ACCRUAL,18,161,2026-08-31T00:20:00+08:00
9973109a-0df2-44e8-9f4c-40fced1d88dd,M-2183,SESS-20260830-5018-0216,RENTAL_REDEMPTION,-200,42,2026-08-30T22:45:00+08:00
7058e67f-16aa-437a-a635-4852df75f4f2,M-2183,SESS-20260830-5018-0216,RENTAL_ACCRUAL,5,47,2026-08-31T01:45:00+08:00
15e772d4-ea42-4977-a28c-b9507c078573,M-1833,SESS-20260830-8633-0217,RENTAL_ACCRUAL,12,419,2026-08-30T22:20:00+08:00
3124241c-a15c-4c50-a3d2-b0ac1ee3710e,M-2179,SESS-20260830-6067-0218,RENTAL_ACCRUAL,45,353,2026-08-31T04:15:00+08:00
efc4788f-37d7-4127-999f-5e9b5395fbc6,M-1837,SESS-20260830-4682-0219,RENTAL_ACCRUAL,27,115,2026-08-30T12:30:00+08:00
a469adaf-24f8-4b7f-8093-926abac10add,M-1680,SESS-20260830-6968-0220,RENTAL_ACCRUAL,6,114,2026-08-30T14:00:00+08:00
8df084cb-d994-4f11-9cb8-71808012bfd4,M-1600,SESS-20260830-2387-0221,RENTAL_ACCRUAL,5,98,2026-08-30T09:45:00+08:00
d7fea2b1-8d87-4e46-9921-f3ef867d2ee6,M-1261,SESS-20260830-8287-0222,RENTAL_REDEMPTION,-100,30,2026-08-30T21:10:00+08:00
084994c4-b1e7-43d4-81dc-ecd6f9fba3bd,M-1261,SESS-20260830-8287-0222,RENTAL_ACCRUAL,34,64,2026-08-31T00:10:00+08:00
938972fb-3a14-4ca9-8cdf-1de93748829e,M-2131,SESS-20260830-4185-0223,RENTAL_ACCRUAL,12,129,2026-08-31T00:00:00+08:00
bf3febff-b59e-471b-8124-393e64789696,M-1150,SESS-20260830-8628-0224,RENTAL_ACCRUAL,45,461,2026-08-31T01:00:00+08:00
26c34fc7-6c2f-499b-b8ef-46dcb908df1a,M-1287,SESS-20260830-2416-0225,RENTAL_ACCRUAL,28,252,2026-08-31T01:15:00+08:00
53b338e9-514d-4e22-8147-f8ba8592def2,M-1462,SESS-20260830-2450-0226,RENTAL_ACCRUAL,18,438,2026-08-30T23:15:00+08:00
0c3a3967-67ac-4adb-8c89-ac1cb18cc9ff,M-2175,SESS-20260830-5545-0227,RENTAL_ACCRUAL,11,589,2026-08-31T00:15:00+08:00
fd98820a-d7d4-4d02-b290-fcb61d9538ac,M-1933,SESS-20260830-6151-0228,RENTAL_ACCRUAL,10,128,2026-08-31T00:30:00+08:00
d7107ee2-bbd4-4626-846a-27987f6ca733,M-1431,SESS-20260830-5493-0229,RENTAL_ACCRUAL,18,601,2026-08-30T22:15:00+08:00
9dc9cc74-6484-438a-9332-76f262c2edb6,M-1680,SESS-20260830-1632-0230,RENTAL_ACCRUAL,9,123,2026-08-30T19:45:00+08:00
27007be3-52ea-43d6-8892-306b27a05566,M-1218,SESS-20260830-8857-0231,RENTAL_REDEMPTION,-100,116,2026-08-30T19:15:00+08:00
b5124312-9580-42cc-a51f-86e6dd435357,M-1218,SESS-20260830-8857-0231,RENTAL_ACCRUAL,20,136,2026-08-30T21:15:00+08:00
6cfafe0a-41db-4765-ae5a-ce975e9d3394,M-1591,SESS-20260830-3844-0232,RENTAL_REDEMPTION,-300,1585,2026-08-30T15:45:00+08:00
c1c08a2c-f2a2-4f46-ab27-71e5fb8942dc,M-1591,SESS-20260830-3844-0232,RENTAL_ACCRUAL,7,1592,2026-08-30T20:45:00+08:00
8e98c7db-1b1f-46d9-90b6-0b2ca8e1aee9,M-1251,SESS-20260830-3484-0233,RENTAL_ACCRUAL,11,334,2026-08-30T21:00:00+08:00
b68ad370-baa2-446e-b160-0b688f178d7c,M-1912,SESS-20260830-9094-0234,RENTAL_REDEMPTION,-100,361,2026-08-30T16:15:00+08:00
0ae3a55b-a9bc-4e5b-87ca-dc8356056f75,M-1912,SESS-20260830-9094-0234,RENTAL_ACCRUAL,21,382,2026-08-30T21:15:00+08:00
16f76a65-22c4-4a83-b2d7-e8c50f0e31ac,M-1588,SESS-20260830-4250-0235,RENTAL_ACCRUAL,115,1756,2026-08-31T05:30:00+08:00
e5d6835b-be2f-4d39-b544-af8eb009d400,M-1823,SESS-20260830-1136-0236,RENTAL_ACCRUAL,18,754,2026-08-30T07:00:00+08:00
988552e4-cd37-4ab2-a47c-b95c9690fd60,M-1787,SESS-20260830-7545-0237,RENTAL_ACCRUAL,40,468,2026-08-30T20:00:00+08:00
a4190bad-e5ad-45d1-a867-59cd1c8fa240,M-1391,SESS-20260830-3868-0238,RENTAL_ACCRUAL,18,204,2026-08-31T01:25:00+08:00
b49cb7a5-a3c9-4648-af78-1279db5e0dd3,M-1996,SESS-20260830-3394-0239,RENTAL_ACCRUAL,24,53,2026-08-30T11:30:00+08:00
1775f752-3a7d-446b-8e06-538958eee154,M-1902,SESS-20260830-5546-0240,RENTAL_ACCRUAL,25,173,2026-08-31T03:30:00+08:00
4d003392-899b-41c6-b965-491d6f8e2287,M-1039,SESS-20260830-8789-0241,RENTAL_ACCRUAL,27,426,2026-08-31T02:55:00+08:00
e79496bd-c89c-46fa-9cf3-7a4e4478e699,M-2088,SESS-20260830-2972-0242,RENTAL_REDEMPTION,-100,168,2026-08-30T21:55:00+08:00
0137fa07-4db6-4ff1-9b43-4d36de42d81e,M-2088,SESS-20260830-2972-0242,RENTAL_ACCRUAL,5,173,2026-08-30T23:55:00+08:00
82c26665-6dfe-4c82-9112-8ff668021def,M-1955,SESS-20260830-4984-0243,RENTAL_ACCRUAL,5,54,2026-08-30T21:00:00+08:00
7fc47a0b-75cc-4a3c-a050-6c78966abbd2,M-1331,SESS-20260830-2641-0244,RENTAL_ACCRUAL,5,397,2026-08-30T20:35:00+08:00
12aa43e9-5c36-44ac-ae36-14dfc5c0a128,M-2157,SESS-20260830-1242-0245,RENTAL_ACCRUAL,10,111,2026-08-30T20:00:00+08:00
b00c2109-1b04-4d9a-a0cd-752599a9dff6,M-1834,SESS-20260830-5878-0246,RENTAL_ACCRUAL,9,294,2026-08-30T22:45:00+08:00
7fb69d0f-e845-48ac-993c-5d63000aa1ce,M-1921,SESS-20260830-6940-0247,RENTAL_ACCRUAL,24,70,2026-08-30T20:15:00+08:00
f3aa641e-c243-4ebc-bbad-d8a321720732,M-1219,SESS-20260830-7400-0248,RENTAL_ACCRUAL,11,386,2026-08-30T19:00:00+08:00
af595b0c-902c-4122-94df-c63c15bf7c1e,M-1934,SESS-20260830-2845-0249,RENTAL_REDEMPTION,-200,397,2026-08-30T20:00:00+08:00
80a00496-09f7-4665-8a97-5c7d3ffd9c60,M-1934,SESS-20260830-2845-0249,RENTAL_ACCRUAL,15,412,2026-08-31T01:00:00+08:00
8d95494c-27d7-4a79-bda6-b79a219da4b6,M-1661,SESS-20260830-6223-0250,RENTAL_ACCRUAL,28,2952,2026-08-30T16:30:00+08:00
0ea193f9-d2d1-4c7e-aae6-2d717c659e85,M-1357,SESS-20260830-7314-0251,RENTAL_ACCRUAL,5,338,2026-08-31T00:15:00+08:00
8ebc44f1-5eec-4e5b-ae73-5e5d128f54f1,M-1393,SESS-20260830-9259-0252,RENTAL_ACCRUAL,5,322,2026-08-30T19:30:00+08:00
6c910e05-bf73-4d66-928e-4a2c4b52df8a,M-1293,SESS-20260830-3068-0253,RENTAL_ACCRUAL,5,193,2026-08-30T20:15:00+08:00
18a7f00d-2c1a-4e52-bdca-14a9f3e16533,M-2067,SESS-20260830-9402-0254,RENTAL_ACCRUAL,8,151,2026-08-30T23:00:00+08:00
81b6a69d-9cff-4186-abb1-ab70bbe10979,M-2064,SESS-20260830-4375-0255,RENTAL_ACCRUAL,28,267,2026-08-31T04:30:00+08:00
8e5afc7f-d244-4189-8699-a27964f80375,M-1783,SESS-20260830-3867-0256,RENTAL_ACCRUAL,45,582,2026-08-31T06:45:00+08:00
1bf0ee20-c9fc-4f18-9b4d-cfdb5470a167,M-1080,SESS-20260830-1990-0257,RENTAL_ACCRUAL,6,498,2026-08-30T15:30:00+08:00
08e74d4c-9d56-469c-af63-cd234763a9a3,M-2056,SESS-20260830-9476-0258,RENTAL_ACCRUAL,11,357,2026-08-30T21:10:00+08:00
b042ff0b-a72e-4375-b170-3222f6feeb29,M-2139,SESS-20260830-3526-0259,RENTAL_ACCRUAL,60,87,2026-08-30T20:20:00+08:00
a2c8a45b-6924-483a-a029-aba5ae681f8c,M-1033,SESS-20260830-8207-0260,RENTAL_ACCRUAL,27,134,2026-08-30T23:40:00+08:00
848a636c-2ff2-470a-a236-4025fd50b2de,M-1490,SESS-20260830-4886-0261,RENTAL_REDEMPTION,-300,9,2026-08-30T23:45:00+08:00
dce9c78c-5596-4907-b879-3d186cdd63ed,M-1490,SESS-20260830-4886-0261,RENTAL_ACCRUAL,48,57,2026-08-31T04:45:00+08:00
c17cd03c-1996-4a21-90f9-6987fddc5c02,M-1796,SESS-20260830-4500-0262,RENTAL_ACCRUAL,9,343,2026-08-30T18:00:00+08:00
f31d95a1-5270-4a03-945a-dd413da18c5c,M-1215,SESS-20260830-5984-0263,RENTAL_ACCRUAL,12,319,2026-08-30T23:45:00+08:00
9965e418-4bc5-4c94-8df4-d41da80d86b2,M-1989,SESS-20260830-6176-0264,RENTAL_REDEMPTION,-100,152,2026-08-30T22:25:00+08:00
90167827-659f-4db7-a9c1-288ab5c4fd02,M-1989,SESS-20260830-6176-0264,RENTAL_ACCRUAL,10,162,2026-08-31T01:25:00+08:00
48670251-2b13-4c1d-8de2-787ff122b41c,M-1755,SESS-20260830-8048-0265,RENTAL_ACCRUAL,11,103,2026-08-31T00:30:00+08:00
07cb9a96-eda4-4310-bb9d-6e10bad8fdc4,M-1644,SESS-20260830-7729-0266,RENTAL_ACCRUAL,9,305,2026-08-30T03:30:00+08:00
9331420e-6d48-4135-a40d-2010486b4c1d,M-1975,SESS-20260830-5666-0267,RENTAL_REDEMPTION,-100,135,2026-08-30T05:30:00+08:00
0f2b29fa-b627-4d9a-9fb2-3124bde76a36,M-1975,SESS-20260830-5666-0267,RENTAL_ACCRUAL,5,140,2026-08-30T07:30:00+08:00
309781e1-7416-47f7-9b2d-0e9b0a29526a,M-1874,SESS-20260830-3025-0268,RENTAL_ACCRUAL,15,101,2026-08-30T20:30:00+08:00
d536ae03-9bef-4514-80dd-9b8190a21fd9,M-1995,SESS-20260830-1097-0269,RENTAL_ACCRUAL,5,319,2026-08-31T00:20:00+08:00
dc831ea5-9765-4eda-86f0-341a2107da4e,M-1628,SESS-20260830-8832-0270,RENTAL_ACCRUAL,27,63,2026-08-30T13:40:00+08:00
1c026f9f-012a-41fb-9e0f-204882f8f164,M-2038,SESS-20260830-4224-0271,RENTAL_ACCRUAL,11,53,2026-08-31T01:55:00+08:00
3c816b5a-b579-4b2e-bb3d-bb21042ccb79,M-1006,SESS-20260830-4249-0272,RENTAL_ACCRUAL,27,174,2026-08-30T20:40:00+08:00
7064865a-f949-4ccb-9494-b809a77fe72d,M-1118,SESS-20260830-1096-0273,RENTAL_ACCRUAL,11,298,2026-08-30T22:30:00+08:00
b3d14816-e311-4f20-b360-6651ca481e44,M-1445,SESS-20260830-2505-0274,RENTAL_ACCRUAL,16,370,2026-08-30T21:50:00+08:00
867a2bad-9776-4359-8f54-87f79ed07b5b,M-1825,SESS-20260830-1603-0275,RENTAL_REDEMPTION,-300,205,2026-08-30T15:15:00+08:00
581b54c9-d076-4624-af69-69812b5e3d06,M-1825,SESS-20260830-1603-0275,RENTAL_ACCRUAL,8,213,2026-08-30T18:15:00+08:00
bf181532-4d54-46c0-aee0-ff3265acb382,M-1711,SESS-20260830-3129-0276,RENTAL_ACCRUAL,27,512,2026-08-31T01:55:00+08:00
0943e2af-2616-46b5-97e1-d89e30c92051,M-1853,SESS-20260830-6034-0277,RENTAL_ACCRUAL,15,144,2026-08-30T23:40:00+08:00
07b9ee4c-50e5-4da9-91b3-04205c333306,M-1123,SESS-20260830-2361-0278,RENTAL_ACCRUAL,45,236,2026-08-31T03:50:00+08:00
0fbd8fc0-77f8-451b-80ac-c89de6fec7b0,M-1296,SESS-20260830-4958-0279,RENTAL_ACCRUAL,12,997,2026-08-30T23:20:00+08:00
ae17128c-e5bf-48b0-b400-2251d53f012e,M-1281,SESS-20260830-7447-0280,RENTAL_ACCRUAL,28,436,2026-08-30T23:00:00+08:00
046c889b-dfca-4bc5-9352-6e1bc9abcdf8,M-1183,SESS-20260830-5174-0281,RENTAL_ACCRUAL,18,626,2026-08-30T22:30:00+08:00
0b41a8da-a7a9-4256-9246-31b347b04165,M-1760,SESS-20260830-7991-0282,RENTAL_ACCRUAL,27,720,2026-08-30T23:30:00+08:00
ec474c9f-111d-46f1-8476-a0cd047c96bf,M-1145,SESS-20260830-7891-0283,RENTAL_ACCRUAL,6,245,2026-08-30T15:45:00+08:00
b84342c0-d262-45aa-9599-d5b7ed761291,M-1564,SESS-20260830-3589-0284,RENTAL_ACCRUAL,6,540,2026-08-30T22:00:00+08:00
e0eeeb9e-eaee-44db-bf28-2dcc77cdc4aa,M-1480,SESS-20260830-3781-0285,RENTAL_ACCRUAL,18,465,2026-08-31T01:00:00+08:00
18f1c4f0-90ad-44c1-b0a3-1fd30176228a,M-1710,SESS-20260830-5759-0286,RENTAL_ACCRUAL,28,498,2026-08-31T03:00:00+08:00
301bb0f7-4855-4adf-8543-a291063517fe,M-1186,SESS-20260830-1480-0287,RENTAL_REDEMPTION,-300,130,2026-08-30T21:45:00+08:00
8416a6d5-c165-463b-ba77-b9fcaebab1f8,M-1186,SESS-20260830-1480-0287,RENTAL_ACCRUAL,26,156,2026-08-31T05:45:00+08:00
8d0ec7b2-f600-41cd-ab1c-2f31761f906a,M-1495,SESS-20260830-7833-0288,RENTAL_REDEMPTION,-100,196,2026-08-30T22:20:00+08:00
16983195-56cc-4c73-94b5-3cbd091cee5e,M-1495,SESS-20260830-7833-0288,RENTAL_ACCRUAL,20,216,2026-08-31T01:20:00+08:00
896baa10-a206-4041-82de-55420b3bbc19,M-1816,SESS-20260830-5628-0289,RENTAL_ACCRUAL,48,468,2026-08-31T06:00:00+08:00
e18e1bdf-c0cc-44b3-826f-0effe4e1d042,M-1418,SESS-20260830-1701-0290,RENTAL_ACCRUAL,16,125,2026-08-31T00:00:00+08:00
798af017-04c1-4362-81c4-050e470d9a82,M-1154,SESS-20260830-9854-0291,RENTAL_ACCRUAL,19,280,2026-08-30T18:00:00+08:00
adf5efc3-0e76-4b14-92a0-79d0ac038330,M-1803,SESS-20260830-3386-0292,RENTAL_REDEMPTION,-100,142,2026-08-30T12:45:00+08:00
39cfa7f2-631f-45e6-8692-534cb11d1e01,M-1803,SESS-20260830-3386-0292,RENTAL_ACCRUAL,10,152,2026-08-30T15:45:00+08:00
df1ac5f1-7454-42d0-bb33-6eb6f95b4c81,M-1185,SESS-20260830-7143-0293,RENTAL_ACCRUAL,5,304,2026-08-31T00:50:00+08:00
bd36e3e2-af9b-4210-b5d1-534ccf400ec8,M-1653,SESS-20260830-3022-0294,RENTAL_ACCRUAL,16,411,2026-08-31T00:15:00+08:00
fddb0d70-a1bc-4520-9965-b5324eb37865,M-2036,SESS-20260830-2265-0295,RENTAL_ACCRUAL,9,48,2026-08-30T23:55:00+08:00
f3115302-a080-48e4-ae12-aa55f5e38516,M-1863,SESS-20260830-2641-0296,RENTAL_ACCRUAL,72,404,2026-08-31T06:35:00+08:00
08290383-80ca-4b8d-b2aa-00a991a1db4a,M-1420,SESS-20260830-1908-0297,RENTAL_ACCRUAL,9,367,2026-08-30T23:05:00+08:00
50226ee0-e2f8-4a85-9710-00228db2f5c6,M-1943,SESS-20260830-5111-0298,RENTAL_ACCRUAL,25,59,2026-08-31T02:45:00+08:00
2f3b9f5b-aff2-4720-b9d6-3f1366d53f39,M-1948,SESS-20260830-8314-0299,RENTAL_ACCRUAL,5,257,2026-08-31T00:50:00+08:00
c8383609-2826-4abf-b302-d9110777e16e,M-1678,SESS-20260830-1914-0300,RENTAL_ACCRUAL,18,168,2026-08-30T13:15:00+08:00
db0d3dfc-c2b3-4aec-972b-667fc2854193,M-1367,SESS-20260830-7950-0301,RENTAL_ACCRUAL,27,572,2026-08-31T02:10:00+08:00
65a49459-8680-4277-8fba-07547aa5c79d,M-1776,SESS-20260830-7210-0302,RENTAL_ACCRUAL,11,114,2026-08-30T20:30:00+08:00
4a4008e1-e199-4dc8-bec1-2a7e4e617808,M-1694,SESS-20260830-4107-0303,RENTAL_REDEMPTION,-100,234,2026-08-30T22:15:00+08:00
031224b0-c2e3-4ee6-876d-a2f20510b052,M-1694,SESS-20260830-4107-0303,RENTAL_ACCRUAL,7,241,2026-08-30T23:15:00+08:00
db6aca7a-5401-4989-824d-3b1eb47fa37d,M-1826,SESS-20260830-7269-0304,RENTAL_ACCRUAL,5,238,2026-08-30T22:45:00+08:00
d6cfbaf6-7e6f-45e7-9b73-5542ae461af6,M-1376,SESS-20260830-9069-0305,RENTAL_ACCRUAL,28,370,2026-08-31T01:30:00+08:00
8a8c2df0-c530-4569-ae7c-5709355f1129,M-1657,SESS-20260830-3396-0306,RENTAL_ACCRUAL,27,701,2026-08-30T21:10:00+08:00
7a50e9fe-1485-42f3-9e7a-585d30795e9d,M-1754,SESS-20260830-8619-0307,RENTAL_REDEMPTION,-100,367,2026-08-30T20:00:00+08:00
38a6aa7e-8722-42ba-a6e0-8cb10e5f184b,M-1754,SESS-20260830-8619-0307,RENTAL_ACCRUAL,2,369,2026-08-30T21:00:00+08:00
653cb5d2-471c-4404-83b3-2283a71ebccc,M-1656,SESS-20260830-8529-0308,RENTAL_ACCRUAL,18,237,2026-08-31T01:05:00+08:00
045d69bf-66e9-475c-a083-933c67c04f39,M-1748,SESS-20260830-5209-0309,RENTAL_ACCRUAL,18,705,2026-08-30T20:15:00+08:00
2aa8ff21-3c80-46a7-b417-5829288660a5,M-1266,SESS-20260830-2337-0310,RENTAL_ACCRUAL,18,149,2026-08-30T23:45:00+08:00
30fa1020-06a8-45fa-9360-5e430a5fb2cb,M-1913,SESS-20260830-2385-0311,RENTAL_ACCRUAL,16,175,2026-08-30T21:00:00+08:00
5ff8ea8b-b194-4790-8163-21806e16b791,M-2110,SESS-20260830-5871-0312,RENTAL_ACCRUAL,5,470,2026-08-31T00:00:00+08:00
c760e119-5b33-4dd6-a7f7-1ced1e3959f3,M-1216,SESS-20260830-7095-0313,RENTAL_ACCRUAL,19,515,2026-08-31T01:20:00+08:00
73a86b11-94c2-4240-a6eb-24f4fa150ecd,M-1862,SESS-20260830-6464-0314,RENTAL_ACCRUAL,28,200,2026-08-30T23:30:00+08:00
e1a59ade-489d-4bd4-a9f5-90758d3d9f5c,M-1168,SESS-20260830-6355-0315,RENTAL_ACCRUAL,5,440,2026-08-31T00:55:00+08:00
725e9a3b-f062-4085-8eb1-7cabaef0bfa1,M-1177,SESS-20260830-2823-0316,RENTAL_ACCRUAL,13,347,2026-08-30T21:30:00+08:00
eac81e4c-1d1f-495d-be76-e85980f92910,M-1236,SESS-20260830-8411-0317,RENTAL_ACCRUAL,5,256,2026-08-30T19:00:00+08:00
49342a77-7979-485c-a02c-200218d6e2b8,M-1247,SESS-20260830-6636-0318,RENTAL_REDEMPTION,-100,2405,2026-08-30T22:30:00+08:00
b6f0b35f-4b6f-41d7-ab6f-3d984bd8463f,M-1247,SESS-20260830-6636-0318,RENTAL_ACCRUAL,4,2409,2026-08-31T00:30:00+08:00
d3dbdecc-9e53-4984-ae74-ebb4cee3d57e,M-2001,SESS-20260830-4324-0319,RENTAL_ACCRUAL,25,115,2026-08-31T01:50:00+08:00
5cfdb322-e3d2-4af8-9dc2-25a29985f81a,M-1510,SESS-20260830-4771-0320,RENTAL_ACCRUAL,18,544,2026-08-30T23:25:00+08:00
dec2c83d-d87d-4227-9cdb-4eabc7da8c0e,M-1355,SESS-20260830-5905-0321,RENTAL_ACCRUAL,45,222,2026-08-31T04:30:00+08:00
13c90ae5-2e64-4590-a685-df884c65532c,M-1405,SESS-20260830-5515-0322,RENTAL_ACCRUAL,27,203,2026-08-30T14:40:00+08:00
b776dfea-dea9-48a5-95fd-349ecdcb9c8e,M-2156,SESS-20260830-3472-0323,RENTAL_ACCRUAL,10,143,2026-08-30T13:15:00+08:00
f10f5ed6-3a3d-42bc-b2bd-ca7a444563a1,M-2069,SESS-20260830-3046-0324,RENTAL_ACCRUAL,16,79,2026-08-30T23:05:00+08:00
f5d7d108-1dc0-4d35-aef0-7186b7f9dfd2,M-1196,SESS-20260830-8477-0325,RENTAL_ACCRUAL,12,71,2026-08-30T22:45:00+08:00
1cf5729b-3f98-41b2-8922-8011fe860b06,M-1578,SESS-20260830-9259-0326,RENTAL_ACCRUAL,16,405,2026-08-31T02:30:00+08:00
3e8dfb2a-28b6-48b1-9628-c7cdca217317,M-1598,SESS-20260830-4630-0327,RENTAL_ACCRUAL,16,344,2026-08-31T00:15:00+08:00
686c7121-d363-4f9c-aabc-97fde60ac671,M-1625,SESS-20260830-2642-0328,RENTAL_ACCRUAL,28,2976,2026-08-30T19:45:00+08:00
8229ad28-0f6c-41e6-b090-1c2c42228838,M-1998,SESS-20260830-2858-0329,RENTAL_ACCRUAL,18,329,2026-08-30T22:55:00+08:00
e29d82cc-5287-4ab2-8fea-bc309af1bacc,M-1229,SESS-20260830-5144-0330,RENTAL_ACCRUAL,11,215,2026-08-31T01:40:00+08:00
fdbbc93b-e38a-409d-96e4-c8262d1625b0,M-1407,SESS-20260830-6986-0331,RENTAL_ACCRUAL,16,206,2026-08-30T21:30:00+08:00
bfb28810-bc3d-44ac-a51c-69d5d5b96bfb,M-1914,SESS-20260830-1923-0332,RENTAL_REDEMPTION,-100,137,2026-08-30T12:15:00+08:00
f6aadccc-30bd-4779-b381-30e9998257f7,M-1914,SESS-20260830-1923-0332,RENTAL_ACCRUAL,59,196,2026-08-30T20:15:00+08:00
f32973ef-7263-4d6e-9ac2-848c26a03166,M-1091,SESS-20260830-2966-0333,RENTAL_ACCRUAL,27,355,2026-08-31T02:15:00+08:00
9f36a1fd-d42e-484d-a2cd-54a399614d79,M-1694,SESS-20260830-9047-0334,RENTAL_ACCRUAL,18,259,2026-08-31T01:55:00+08:00
b7bb9f21-e67e-4f94-bbf2-65c34e20e966,M-1348,SESS-20260830-7499-0335,RENTAL_ACCRUAL,18,284,2026-08-30T18:45:00+08:00
dde83e25-bcb3-4e13-ac4f-b7a4a63ea9f2,M-1919,SESS-20260830-1729-0336,RENTAL_REDEMPTION,-100,28,2026-08-30T22:05:00+08:00
e3701148-3851-4010-82b7-297bd0a1541c,M-1919,SESS-20260830-1729-0336,RENTAL_ACCRUAL,10,38,2026-08-31T01:05:00+08:00
3f4a6df7-bd88-4135-baf9-ba8f6446f03b,M-1591,SESS-20260830-8749-0337,RENTAL_ACCRUAL,19,1611,2026-08-30T23:25:00+08:00
ef9129d0-24e0-4c0b-a436-1751e4a18b12,M-1461,SESS-20260830-6581-0338,RENTAL_ACCRUAL,28,663,2026-08-31T01:15:00+08:00
6f578fbf-ef84-4618-bbd4-9b5d860a7604,M-1012,SESS-20260830-7568-0339,RENTAL_ACCRUAL,9,296,2026-08-30T07:30:00+08:00
347f6e60-033d-4c0e-92ea-e86a5088276a,M-1521,SESS-20260830-4778-0340,RENTAL_ACCRUAL,9,582,2026-08-31T00:15:00+08:00
e7afc735-b3eb-4867-b4fa-44a3ba57532d,M-1309,SESS-20260830-2982-0341,RENTAL_ACCRUAL,5,132,2026-08-30T21:00:00+08:00
f4f82d45-f074-4dc1-b22d-0a51e9c9af07,M-1328,SESS-20260830-6063-0342,RENTAL_REDEMPTION,-100,231,2026-08-30T15:00:00+08:00
9485fa2a-338c-48ec-853a-34e363b06da4,M-1328,SESS-20260830-6063-0342,RENTAL_ACCRUAL,2,233,2026-08-30T16:00:00+08:00
6c46063f-cd96-4e34-a399-c4a77c719eb6,M-1805,SESS-20260830-9597-0343,RENTAL_ACCRUAL,6,593,2026-08-30T17:45:00+08:00
12ae1307-861d-4503-a535-e7a93f2e0891,M-1567,SESS-20260830-2538-0344,RENTAL_ACCRUAL,13,103,2026-08-31T00:20:00+08:00
225b229a-5187-43d0-8227-34cd3d9de989,M-2097,SESS-20260830-2630-0345,RENTAL_ACCRUAL,12,202,2026-08-30T23:30:00+08:00
8be3fb48-6ddc-4288-ad05-7885987eeca9,M-1286,SESS-20260830-7323-0346,RENTAL_ACCRUAL,16,286,2026-08-31T02:55:00+08:00
3f2b8a65-41b3-45be-aa6e-1ab730618e95,M-1685,SESS-20260830-3505-0347,RENTAL_ACCRUAL,18,333,2026-08-31T01:30:00+08:00
f3f1e012-2c0b-4a72-875e-9e1fd2da22db,M-1231,SESS-20260830-9817-0348,RENTAL_ACCRUAL,11,367,2026-08-30T23:15:00+08:00
2a9c1158-098a-45a1-a7c0-0b2f7dc7e5a5,M-1098,SESS-20260830-2520-0349,RENTAL_ACCRUAL,30,657,2026-08-30T21:00:00+08:00
ba8e9ba3-5870-40ea-8654-a2bad691377b,M-1421,SESS-20260830-5143-0350,RENTAL_REDEMPTION,-100,586,2026-08-30T21:05:00+08:00
3bb66cd8-ff9c-4509-a77d-2f59d08b4a3a,M-1421,SESS-20260830-5143-0350,RENTAL_ACCRUAL,4,590,2026-08-30T23:05:00+08:00
8d2415f3-77ad-40e8-ac22-723a58c10ea3,M-1544,SESS-20260830-9990-0351,RENTAL_ACCRUAL,18,138,2026-08-30T22:00:00+08:00
ef6e1ef8-e076-4b9f-94d5-18beec6ab782,M-1857,SESS-20260830-5469-0352,RENTAL_REDEMPTION,-100,61,2026-08-30T16:25:00+08:00
1c24ec80-10aa-4d66-87ac-364a98e4be63,M-1857,SESS-20260830-5469-0352,RENTAL_ACCRUAL,21,82,2026-08-30T21:25:00+08:00
dbb1dc79-67e0-452d-bcb2-22bddd05de78,M-1086,SESS-20260830-1004-0353,RENTAL_ACCRUAL,11,329,2026-08-30T21:15:00+08:00
1be19a03-ba7c-45f6-8f1b-55c1080e7197,M-1199,SESS-20260830-9682-0354,RENTAL_ACCRUAL,27,234,2026-08-31T02:20:00+08:00
20277d7a-c083-4b2c-ab4d-c523154168a1,M-1199,TIER_UPGRADE_Silver_TO_Gold,TIER_BONUS,100,334,2026-08-31T02:20:00+08:00
063d43d9-f046-4471-96b6-46f878ce5518,M-1804,SESS-20260830-5859-0355,RENTAL_ACCRUAL,45,327,2026-08-31T02:00:00+08:00
26e9a1b0-16b2-4487-919d-ddf71669a1bc,M-1501,SESS-20260830-1321-0356,RENTAL_ACCRUAL,27,118,2026-08-30T21:00:00+08:00
54d135c2-2ea6-4856-acb4-6f0bd47df459,M-1465,SESS-20260830-8885-0357,RENTAL_ACCRUAL,12,890,2026-08-30T23:40:00+08:00
e10cbed7-1002-43a6-b165-c95ff791fc80,M-1249,SESS-20260830-9311-0358,RENTAL_ACCRUAL,12,132,2026-08-30T19:25:00+08:00
dfe1afe1-540b-4875-8e4d-4b6ae55deacc,M-1019,SESS-20260830-7166-0359,RENTAL_ACCRUAL,5,140,2026-08-30T18:15:00+08:00
7dde0d36-5351-40d8-913f-4b019413bd42,M-1612,SESS-20260830-8782-0360,RENTAL_ACCRUAL,5,641,2026-08-30T23:45:00+08:00
d25e42e3-56cb-4b77-9ea3-815342115027,M-1765,SESS-20260830-2100-0361,RENTAL_REDEMPTION,-100,792,2026-08-30T20:15:00+08:00
2f1e1872-7662-4e8d-b938-c303584ad8dd,M-1765,SESS-20260830-2100-0361,RENTAL_ACCRUAL,35,827,2026-08-30T23:15:00+08:00
59549640-ed78-4cfc-bb56-7178e0481bf6,M-1044,SESS-20260830-2206-0362,RENTAL_REDEMPTION,-100,596,2026-08-30T21:15:00+08:00
bdbbb0c5-c0cf-4f12-83b5-0094b1db4edd,M-1044,SESS-20260830-2206-0362,RENTAL_ACCRUAL,10,606,2026-08-31T00:15:00+08:00
0f6de621-8fdc-47cb-bdef-6ce6dce07040,M-1545,SESS-20260830-7527-0363,RENTAL_ACCRUAL,27,153,2026-08-30T22:50:00+08:00
14f6221f-ad11-43cc-9a0b-fe1a609c28b9,M-2156,SESS-20260830-6104-0364,RENTAL_ACCRUAL,25,168,2026-08-30T23:30:00+08:00
5c627822-51df-457f-86cf-1cefce2d2fc9,M-1937,SESS-20260830-7263-0365,RENTAL_ACCRUAL,5,64,2026-08-31T00:30:00+08:00
70b9d019-0ca3-4855-963f-66680f921cc5,M-1010,SESS-20260830-7311-0366,RENTAL_ACCRUAL,28,668,2026-08-31T04:20:00+08:00
f7b0f121-2760-4d2e-8521-0b54f5ea1406,M-1518,SESS-20260830-9081-0367,RENTAL_REDEMPTION,-100,588,2026-08-30T19:30:00+08:00
c4ceaf1d-c374-4f54-9993-1d345935b741,M-1518,SESS-20260830-9081-0367,RENTAL_ACCRUAL,21,609,2026-08-31T00:30:00+08:00
010a04af-9644-4fde-ac4c-31f602394be1,M-1892,SESS-20260830-1295-0368,RENTAL_ACCRUAL,40,84,2026-08-31T04:05:00+08:00
171fef94-0da6-4719-a94c-931c1a046086,M-1776,SESS-20260830-4048-0369,RENTAL_REDEMPTION,-100,14,2026-08-30T23:30:00+08:00
ab1712fa-566e-4f56-a4e5-b90b45e4c833,M-1776,SESS-20260830-4048-0369,RENTAL_ACCRUAL,5,19,2026-08-31T01:30:00+08:00
ca8c98a1-11b2-403f-a3e5-c687b0e6c8eb,M-1493,SESS-20260830-9745-0370,RENTAL_ACCRUAL,28,468,2026-08-31T02:40:00+08:00
171c265c-1c4b-44b4-94cc-f46d68f8b14d,M-1494,SESS-20260830-2372-0371,RENTAL_ACCRUAL,30,703,2026-08-31T02:30:00+08:00
db8186c7-e583-404f-9dc1-aa5145a93c62,M-1183,SESS-20260830-2375-0372,RENTAL_ACCRUAL,18,644,2026-08-31T01:35:00+08:00
cd65a693-d734-4c7a-a343-36fa8798a7a3,M-1243,SESS-20260830-8123-0373,RENTAL_ACCRUAL,9,66,2026-08-30T21:55:00+08:00
00b76dfb-45c6-4287-92b9-fa664616bd34,M-1532,SESS-20260830-9288-0374,RENTAL_ACCRUAL,16,104,2026-08-31T02:50:00+08:00
2725d7e5-8352-4bc8-8ab9-a579684a6cb1,M-1197,SESS-20260830-8493-0375,RENTAL_REDEMPTION,-100,77,2026-08-30T23:30:00+08:00
d217f97f-ea50-46b9-a18e-fac58e483e15,M-1197,SESS-20260830-8493-0375,RENTAL_ACCRUAL,11,88,2026-08-31T01:30:00+08:00
0fde75fd-90a5-4b87-bf35-56786b0fcc7f,M-1203,SESS-20260830-4279-0376,RENTAL_ACCRUAL,28,259,2026-08-31T00:45:00+08:00
ee9e7637-9e28-45fe-afc9-b57bba481b04,M-1617,SESS-20260830-4557-0377,RENTAL_ACCRUAL,28,122,2026-08-30T18:15:00+08:00
c6cddfa5-6d88-475e-a5ba-d9aa0ebce3fb,M-1826,SESS-20260830-8327-0378,RENTAL_ACCRUAL,67,305,2026-08-31T04:45:00+08:00
f392b627-7c81-4e6b-b2aa-96500478e57d,M-1673,SESS-20260830-5814-0379,RENTAL_REDEMPTION,-100,235,2026-08-30T22:45:00+08:00
51a527cf-66ee-4e1f-9e6d-4e80b06ca2a0,M-1673,SESS-20260830-5814-0379,RENTAL_ACCRUAL,10,245,2026-08-31T01:45:00+08:00
a3c4b194-7ee1-4c69-acfb-881dc5cf2bd1,M-1252,SESS-20260830-1788-0380,RENTAL_ACCRUAL,12,74,2026-08-31T00:00:00+08:00
c7a446dc-8089-4a85-932d-926ceb681d12,M-1601,SESS-20260830-1840-0381,RENTAL_ACCRUAL,28,143,2026-08-30T23:45:00+08:00
01d1e552-595c-45b8-b859-225e2704a184,M-1966,SESS-20260830-6244-0382,RENTAL_ACCRUAL,5,194,2026-08-31T00:40:00+08:00
f43beab3-436f-45d6-959d-e15ef303956f,M-1999,SESS-20260830-4291-0383,RENTAL_ACCRUAL,15,35,2026-08-31T00:15:00+08:00
7dd22211-26da-40c0-be07-1a08a468969b,M-1796,SESS-20260830-8287-0384,RENTAL_REDEMPTION,-100,243,2026-08-30T22:35:00+08:00
5fc3e5cc-bd35-47db-bc62-d6f0019d16cb,M-1796,SESS-20260830-8287-0384,RENTAL_ACCRUAL,5,248,2026-08-31T00:35:00+08:00
4b1c9591-24c0-490e-9fdc-831cb8f7529c,M-1523,SESS-20260830-9858-0385,RENTAL_REDEMPTION,-100,239,2026-08-30T21:10:00+08:00
07f80d12-d85f-425b-96c5-5cbd04bba0bd,M-1523,SESS-20260830-9858-0385,RENTAL_ACCRUAL,5,244,2026-08-30T23:10:00+08:00
ff1c7cda-4524-4772-8060-b7127e5f728a,M-1379,SESS-20260830-9841-0386,RENTAL_REDEMPTION,-200,413,2026-08-30T19:00:00+08:00
ceb2b369-8c8e-47ca-947d-7a5f6fa44143,M-1379,SESS-20260830-9841-0386,RENTAL_ACCRUAL,5,418,2026-08-30T21:00:00+08:00
eaaaa799-9baf-4954-bb6a-7b7c12660050,M-2158,SESS-20260830-9819-0387,RENTAL_REDEMPTION,-100,53,2026-08-30T09:15:00+08:00
bf5f3965-35dd-4baf-9f71-a43c37cd76a4,M-2158,SESS-20260830-9819-0387,RENTAL_ACCRUAL,3,56,2026-08-30T10:15:00+08:00
08d10815-8ff7-45b8-8194-1e7f2d19700b,M-1957,SESS-20260830-9611-0388,RENTAL_REDEMPTION,-100,181,2026-08-30T20:35:00+08:00
381ef1d5-00e9-45a1-aa8c-361a44519bef,M-1957,SESS-20260830-9611-0388,RENTAL_ACCRUAL,21,202,2026-08-31T01:35:00+08:00
96f1bf9a-26d4-41a6-85ef-af4701dd978e,M-1837,SESS-20260830-4346-0389,RENTAL_ACCRUAL,40,155,2026-08-30T21:45:00+08:00
5f128248-dd79-4f4a-b468-ea70d5941194,M-1609,SESS-20260830-9154-0390,RENTAL_ACCRUAL,18,869,2026-08-31T01:10:00+08:00
fefc5aef-e787-4c0c-8919-b9411651de4d,M-2134,SESS-20260830-9018-0391,RENTAL_ACCRUAL,24,55,2026-08-31T01:00:00+08:00
66f867f0-a748-4154-a9c1-468b6f68b2d6,M-1829,SESS-20260830-3806-0392,RENTAL_ACCRUAL,27,115,2026-08-31T02:00:00+08:00
cc36c63c-54a5-4f5f-a64d-496c575596f4,M-1300,SESS-20260830-5129-0393,RENTAL_ACCRUAL,6,239,2026-08-31T00:20:00+08:00
c5ef49d2-e407-4c3d-a618-c4e7e2b94227,M-2124,SESS-20260830-6062-0394,RENTAL_ACCRUAL,27,73,2026-08-31T00:30:00+08:00
91a38622-83fb-4a08-a84b-5f0500b045fc,M-1582,SESS-20260830-3963-0395,RENTAL_ACCRUAL,11,648,2026-08-31T01:55:00+08:00
0715d32c-0e7a-4e7f-b3c0-c4f60c89d2a2,M-1222,SESS-20260830-8208-0396,RENTAL_ACCRUAL,28,1005,2026-08-30T23:50:00+08:00
4c405573-2320-41f4-a31c-11ada5f0cc8f,M-1409,SESS-20260830-9858-0397,RENTAL_ACCRUAL,19,522,2026-08-31T01:35:00+08:00
daae1305-9cb9-430f-a22b-fbc449a6ab19,M-1037,SESS-20260830-4856-0398,RENTAL_ACCRUAL,6,630,2026-08-30T23:45:00+08:00
2731b10d-5314-4bb0-b556-9f3799ec1ef4,M-2111,SESS-20260830-5997-0399,RENTAL_ACCRUAL,5,50,2026-08-30T20:15:00+08:00
e1389cf4-e58a-42ee-b22b-e79d29f6a8f0,M-1466,SESS-20260830-9177-0400,RENTAL_ACCRUAL,48,3946,2026-08-31T03:15:00+08:00
666c7d0d-67bd-48b8-b545-ab0e1e846beb,M-1874,SESS-20260830-8897-0401,RENTAL_REDEMPTION,-100,1,2026-08-30T21:30:00+08:00
6569acb3-2349-4406-befd-6927ebe2a921,M-1874,SESS-20260830-8897-0401,RENTAL_ACCRUAL,20,21,2026-08-31T02:30:00+08:00
bff89e6a-46ae-4990-b6ca-1140decafca8,M-1496,SESS-20260830-4542-0402,RENTAL_ACCRUAL,5,641,2026-08-30T14:00:00+08:00
cde73620-83d6-4414-a5b7-d99da94d0f5d,M-1006,SESS-20260830-8515-0403,RENTAL_ACCRUAL,11,185,2026-08-31T01:55:00+08:00
c0bdbb4e-5cdc-44f2-b739-724a296a7e2a,M-1920,SESS-20260830-4546-0404,RENTAL_ACCRUAL,8,134,2026-08-30T21:45:00+08:00
642b589a-4eed-4210-960c-d5b73afe108a,M-1626,SESS-20260830-8632-0405,RENTAL_ACCRUAL,11,704,2026-08-30T16:00:00+08:00
e674973d-715e-463a-86b8-b6fb6ded95f6,M-1423,SESS-20260830-3680-0406,RENTAL_ACCRUAL,6,195,2026-08-30T23:15:00+08:00
b4a8e1eb-0767-401b-ae51-e1cf8b2b0eba,M-1838,SESS-20260830-7537-0407,RENTAL_REDEMPTION,-300,403,2026-08-30T21:10:00+08:00
f50e2639-b8ae-4fd4-9b84-529f0269706d,M-1838,SESS-20260830-7537-0407,RENTAL_ACCRUAL,20,423,2026-08-31T00:10:00+08:00
b28e2936-4640-4f14-a2fb-823bdbe99458,M-1121,SESS-20260830-2895-0408,RENTAL_ACCRUAL,16,440,2026-08-31T02:25:00+08:00
a3f2fb92-57bb-4445-8b17-ddc8372ab677,M-1927,SESS-20260830-3982-0409,RENTAL_REDEMPTION,-100,25,2026-08-30T23:55:00+08:00
a69d5775-fdcd-450c-b56c-be1bd2578e16,M-1927,SESS-20260830-3982-0409,RENTAL_ACCRUAL,10,35,2026-08-31T02:55:00+08:00
795213d9-c956-4d2b-8cc1-576ce83c03e9,M-1754,SESS-20260830-1602-0410,RENTAL_ACCRUAL,18,387,2026-08-31T01:30:00+08:00
539117a6-bf0b-4854-987b-4a104ccf0a02,M-2005,SESS-20260830-9235-0411,RENTAL_REDEMPTION,-200,45,2026-08-30T20:20:00+08:00
dde95ae5-792e-4b78-8761-6789f3c87c6e,M-2005,SESS-20260830-9235-0411,RENTAL_ACCRUAL,4,49,2026-08-30T23:20:00+08:00
3dcc58a7-7d38-4caa-bb8b-bd91687811fd,M-1021,SESS-20260830-2672-0412,RENTAL_ACCRUAL,6,765,2026-08-31T00:30:00+08:00
24a4e7bf-caa3-4456-aaae-24b5fe993c7f,M-1637,SESS-20260830-6814-0413,RENTAL_ACCRUAL,18,1527,2026-08-30T20:15:00+08:00
d5dbbf34-6dec-4bfa-923c-cd018871c715,M-2180,SESS-20260830-7037-0414,RENTAL_ACCRUAL,36,148,2026-08-31T02:30:00+08:00
557dd6a5-9ebe-4009-a238-246712f882b7,M-2180,TIER_UPGRADE_Standard_TO_Silver,TIER_BONUS,50,198,2026-08-31T02:30:00+08:00
d700cec9-b295-4ff6-bb45-f84b46f6da5d,M-1825,SESS-20260830-7543-0415,RENTAL_REDEMPTION,-100,113,2026-08-30T21:15:00+08:00
9d718948-7b0f-4cee-9055-1a5b995232ba,M-1825,SESS-20260830-7543-0415,RENTAL_ACCRUAL,20,133,2026-08-31T00:15:00+08:00
da59f0b0-354b-4f89-bf76-e67a630b90a9,M-1745,SESS-20260830-5194-0416,RENTAL_ACCRUAL,18,108,2026-08-31T00:00:00+08:00
890c0e3b-3704-43f3-ba4b-cf820c0a279c,M-1769,SESS-20260830-9489-0417,RENTAL_REDEMPTION,-100,99,2026-08-30T20:25:00+08:00
8900c252-0677-41b4-a675-797e12413df7,M-1769,SESS-20260830-9489-0417,RENTAL_ACCRUAL,11,110,2026-08-30T22:25:00+08:00
7f230598-18e6-4aea-b33d-018588198585,M-1646,SESS-20260830-5302-0418,RENTAL_ACCRUAL,5,217,2026-08-31T00:35:00+08:00
e9305505-6513-49ab-afae-ae220a702477,M-1335,SESS-20260830-2682-0419,RENTAL_ACCRUAL,16,76,2026-08-31T02:20:00+08:00
c141fbf4-9fd6-4024-8451-4a55c26c661d,M-2192,SESS-20260830-8186-0420,RENTAL_ACCRUAL,16,414,2026-08-30T21:25:00+08:00
f6c5bf66-fe99-43c2-844e-6fe7e5df308d,M-2176,SESS-20260830-4201-0421,RENTAL_ACCRUAL,5,236,2026-08-31T00:45:00+08:00
577c0540-eee5-4f60-91f2-3e26bffb9359,M-1695,SESS-20260830-6985-0422,RENTAL_ACCRUAL,5,124,2026-08-30T21:00:00+08:00
84e6e3cc-c4a4-44b9-aad8-48e9ff49ab2f,M-1306,SESS-20260830-2249-0423,RENTAL_ACCRUAL,43,147,2026-08-31T00:15:00+08:00
59e13cba-0734-49a8-a5d1-5b363ee4d31a,M-1455,SESS-20260830-5314-0424,RENTAL_ACCRUAL,45,512,2026-08-31T03:05:00+08:00
49fd7add-0d3f-489a-a3cd-81a7166af2c6,M-1924,SESS-20260830-1247-0425,RENTAL_ACCRUAL,16,145,2026-08-31T01:30:00+08:00
6b4d9c14-cb5b-46ff-9cab-c3c1f7fc8483,M-1554,SESS-20260830-6015-0426,RENTAL_REDEMPTION,-200,655,2026-08-30T22:30:00+08:00
d16b49e8-8998-4caa-9865-003a2c9e7d3c,M-1554,SESS-20260830-6015-0426,RENTAL_ACCRUAL,4,659,2026-08-31T00:30:00+08:00
ac0b84e4-0ee4-4ddf-8a6e-164513cee8a2,M-2022,SESS-20260830-3309-0427,RENTAL_ACCRUAL,16,406,2026-08-31T00:10:00+08:00
572e53d5-a8d9-4517-ae20-985e65b7deb1,M-1098,SESS-20260830-3221-0428,RENTAL_ACCRUAL,28,685,2026-08-31T01:55:00+08:00
3a934725-a536-4503-b3f9-4ea2248af620,M-2033,SESS-20260830-9975-0429,RENTAL_ACCRUAL,16,278,2026-08-31T00:25:00+08:00
11640e44-8f14-4089-83c7-ca18e4cc454d,M-1018,SESS-20260830-3264-0430,RENTAL_ACCRUAL,40,92,2026-08-31T00:00:00+08:00
6a664f9b-1fa5-45f2-a815-be1a5065bd32,M-1112,SESS-20260830-2533-0431,RENTAL_REDEMPTION,-100,1479,2026-08-30T16:10:00+08:00
35060366-66c0-477f-a624-a5e23b8d87dd,M-1112,SESS-20260830-2533-0431,RENTAL_ACCRUAL,4,1483,2026-08-30T18:10:00+08:00
9bf0094d-5c5e-41a5-aa50-7ba23a7e0586,M-1716,SESS-20260830-5982-0432,RENTAL_ACCRUAL,12,456,2026-08-30T23:30:00+08:00
e20ddb8c-d6bd-4970-a278-694d90d42f17,M-1704,SESS-20260830-7190-0433,RENTAL_REDEMPTION,-100,13,2026-08-30T23:40:00+08:00
46358339-4773-4893-97a7-6ee1796265b7,M-1704,SESS-20260830-7190-0433,RENTAL_ACCRUAL,10,23,2026-08-31T02:40:00+08:00
0210a369-dca0-4d7a-95f5-1e33e5204316,M-1681,SESS-20260830-2108-0434,RENTAL_ACCRUAL,11,205,2026-08-30T23:45:00+08:00
a650e9f3-669d-4721-8fdc-1cee1c9936a5,M-1093,SESS-20260830-8322-0435,RENTAL_ACCRUAL,11,133,2026-08-31T01:50:00+08:00
6593fff4-ce75-4523-a7d8-f0891d691504,M-2036,ORD-20260830-2960-0001,CONCESSION_ACCRUAL,30,78,2026-08-30T23:53:06+08:00
9ca3bf45-ab2b-44da-8a93-d40232dd6717,M-1601,ORD-20260830-6516-0002,CONCESSION_ACCRUAL,40,183,2026-08-30T21:32:16+08:00
fc3d77a4-d05a-4d79-bfaa-b5774ea1128d,M-1261,ORD-20260830-2063-0003,CONCESSION_ACCRUAL,8,72,2026-08-30T21:29:22+08:00
246aabf3-35f1-47ac-9be0-d8357208406e,M-1123,ORD-20260831-3988-0004,CONCESSION_ACCRUAL,24,260,2026-08-31T00:33:37+08:00
2c84be43-7780-480c-ae96-b7e7f150092d,M-1113,ORD-20260830-8753-0005,CONCESSION_ACCRUAL,9,1206,2026-08-30T22:34:23+08:00
a09ab121-1629-4f66-9735-b9e3f10e8991,M-2078,ORD-20260830-7136-0006,CONCESSION_ACCRUAL,14,124,2026-08-30T13:40:33+08:00
9efb64aa-2c43-4a70-87d4-5a257f8f39f8,M-2078,TIER_UPGRADE_Standard_TO_Silver,TIER_BONUS,50,174,2026-08-30T13:40:33+08:00
3742a3cd-bddd-4a2e-9c80-72a35ae3ded2,M-1625,ORD-20260830-6531-0007,CONCESSION_ACCRUAL,78,3054,2026-08-30T17:05:31+08:00
274dd959-614d-48ae-a15b-225ea36a9aab,M-1544,ORD-20260830-8302-0008,CONCESSION_ACCRUAL,26,164,2026-08-30T20:30:47+08:00
7f092998-617a-4e36-a30d-7d8b40f6a05d,M-1544,TIER_UPGRADE_Silver_TO_Gold,TIER_BONUS,100,264,2026-08-30T20:30:47+08:00
b46b2ae9-87de-4a6e-9ab5-952d5d0e6eb9,M-1418,ORD-20260830-5401-0009,CONCESSION_ACCRUAL,19,144,2026-08-30T22:16:13+08:00
476eb4a1-892f-47e4-abc7-cef22b08231e,M-1482,ORD-20260831-7221-0010,CONCESSION_ACCRUAL,9,799,2026-08-31T00:24:57+08:00
ec6d44e1-86a8-4bdd-baec-e4140e6bd351,M-1236,ORD-20260830-6667-0011,CONCESSION_ACCRUAL,15,271,2026-08-30T18:57:01+08:00
bcf57451-4f32-4a85-881e-95009861945b,M-1518,ORD-20260830-1236-0012,CONCESSION_ACCRUAL,3,612,2026-08-30T21:18:57+08:00
babe486c-f325-43dc-aeaf-022e553433f2,M-1588,ORD-20260831-6264-0013,CONCESSION_ACCRUAL,18,1774,2026-08-31T03:47:54+08:00
fc712e05-0ba9-43cd-b3ec-5fa7152ac1cc,M-1835,ORD-20260830-4943-0014,CONCESSION_ACCRUAL,9,503,2026-08-30T15:41:14+08:00
c25bc217-0b04-4671-bb16-37937f654bc1,M-1554,ORD-20260830-1167-0015,CONCESSION_ACCRUAL,18,677,2026-08-30T23:34:20+08:00
d37927a5-888c-4759-b3cd-c93023960ae8,M-1802,ORD-20260830-9351-0016,CONCESSION_ACCRUAL,11,286,2026-08-30T19:34:04+08:00
7de8954c-00fd-4778-ab1d-3f4f95a57e8a,M-1411,ORD-20260830-4149-0017,CONCESSION_ACCRUAL,9,847,2026-08-30T22:32:06+08:00
94b2ac32-6d8a-4319-8161-cac77cfdf9c3,M-1681,ORD-20260830-7047-0018,CONCESSION_ACCRUAL,11,216,2026-08-30T23:05:28+08:00
3e0e6577-0b70-49d4-8ae9-bcae523bea47,M-1532,ORD-20260831-1610-0019,CONCESSION_ACCRUAL,19,123,2026-08-31T02:21:33+08:00
15726ddf-d8c3-4c8b-8778-7eae04eaecbc,M-1759,ORD-20260830-4093-0020,CONCESSION_ACCRUAL,9,690,2026-08-30T13:51:43+08:00
056f08ab-72b1-4a45-bcde-4a093b0f5c06,M-1560,ORD-20260830-4354-0021,CONCESSION_ACCRUAL,7,342,2026-08-30T22:00:07+08:00
1eec77dd-1d85-451b-950b-164373621ef6,M-2170,ORD-20260830-3226-0022,CONCESSION_ACCRUAL,6,130,2026-08-30T18:38:45+08:00
13435561-a26c-4144-ba03-6578ea1d3df0,M-1748,ORD-20260830-3769-0023,CONCESSION_ACCRUAL,24,729,2026-08-30T19:03:19+08:00
19494072-8f36-490a-bc0c-900f85e95be9,M-1309,ORD-20260830-9315-0024,CONCESSION_ACCRUAL,31,163,2026-08-30T20:08:58+08:00
20b2cfb3-f201-4f3d-8419-42f2be99284f,M-2067,ORD-20260830-9660-0025,CONCESSION_ACCRUAL,13,164,2026-08-30T15:46:34+08:00
bcd21baa-f77b-471f-a5a1-38e8ade2d20b,M-1778,ORD-20260831-6846-0026,CONCESSION_ACCRUAL,8,249,2026-08-31T00:01:06+08:00
afa85264-a804-4e89-ac24-d8be0dfb8464,M-1417,ORD-20260831-2439-0027,CONCESSION_ACCRUAL,25,699,2026-08-31T00:53:16+08:00
6b0ab7aa-7ee5-497f-bf9d-8470e47341f6,M-1924,ORD-20260831-4113-0028,CONCESSION_ACCRUAL,12,157,2026-08-31T00:37:41+08:00
eaf4b336-ff8e-4dde-9565-011643bb73fc,M-1044,ORD-20260830-7262-0029,CONCESSION_ACCRUAL,9,615,2026-08-30T22:26:14+08:00
d18f89bc-6cde-4474-a93f-a121969bf08f,M-1249,ORD-20260830-3712-0030,CONCESSION_ACCRUAL,9,141,2026-08-30T17:39:38+08:00
4eb06947-4641-46cb-ab4d-45162557b73f,M-1464,ORD-20260830-7577-0031,CONCESSION_ACCRUAL,8,151,2026-08-30T20:15:45+08:00
5a3ff03b-d924-455e-83fe-a4fc538faf77,M-1853,ORD-20260830-6189-0032,CONCESSION_ACCRUAL,16,160,2026-08-30T22:02:14+08:00
00e77828-c75b-465e-9906-2257ab8b7efe,M-2120,ORD-20260830-7832-0033,CONCESSION_ACCRUAL,10,606,2026-08-30T18:21:23+08:00
ea084d6b-e7a4-49fe-9e01-d687647c8230,M-1685,ORD-20260830-3392-0034,CONCESSION_ACCRUAL,36,369,2026-08-30T22:54:06+08:00
99e8e23c-7b28-42af-800c-38583c3e0a5a,M-1290,ORD-20260830-1078-0035,CONCESSION_ACCRUAL,8,120,2026-08-30T23:52:37+08:00
f40998c0-16fa-44ce-b5d4-6ca331a424e7,M-1553,ORD-20260831-6950-0036,CONCESSION_ACCRUAL,8,558,2026-08-31T00:41:03+08:00
cfec3a16-e4fd-4861-bc4d-4efdee08b5ad,M-1998,ORD-20260830-6449-0037,CONCESSION_ACCRUAL,15,344,2026-08-30T22:17:28+08:00
1a0eb250-5d8c-43a8-90d4-1856ee9dd07d,M-2097,ORD-20260830-1745-0038,CONCESSION_ACCRUAL,18,220,2026-08-30T20:12:55+08:00
7bedd883-5fb8-4715-918e-7942e5895dda,M-2097,TIER_UPGRADE_Standard_TO_Silver,TIER_BONUS,50,270,2026-08-30T20:12:55+08:00
cb3e9148-75d1-4ced-917e-c8631be95a8a,M-1960,ORD-20260830-2990-0039,CONCESSION_ACCRUAL,15,512,2026-08-30T14:18:35+08:00
49a31a5f-a8eb-4c79-9d5e-f8cb433f6b22,M-1503,ORD-20260830-2137-0040,CONCESSION_ACCRUAL,19,1003,2026-08-30T19:00:26+08:00
7e711e69-2f89-4135-b421-e89869e08111,M-1503,TIER_UPGRADE_Silver_TO_Gold,TIER_BONUS,100,1103,2026-08-30T19:00:26+08:00
b2f39e42-3c54-4b67-ba12-b12e1115127e,M-2069,ORD-20260830-2383-0041,CONCESSION_ACCRUAL,9,88,2026-08-30T23:04:16+08:00
e0d1061d-05a8-441a-929a-af9593865fc0,M-1857,ORD-20260830-9986-0042,CONCESSION_ACCRUAL,8,90,2026-08-30T19:02:23+08:00
8b4a1824-ba41-43a5-9457-1095aca0d72a,M-1626,ORD-20260830-9244-0043,CONCESSION_ACCRUAL,8,712,2026-08-30T15:33:23+08:00
76cd235e-0a2d-4536-af6f-e4272b8aaa8c,M-1673,ORD-20260831-9102-0044,CONCESSION_ACCRUAL,8,253,2026-08-31T00:59:14+08:00
b957d018-fa30-49b1-bebf-12b80c2e1be4,M-1288,ORD-20260830-5497-0045,CONCESSION_ACCRUAL,31,292,2026-08-30T11:01:29+08:00
34eb9bdb-6fa8-4dc5-96f3-dd4603de5278,M-1539,ORD-20260830-8605-0046,CONCESSION_ACCRUAL,12,1066,2026-08-30T23:38:50+08:00
b4a364fe-10d6-4554-929c-c04fae254702,M-1391,ORD-20260831-2251-0047,CONCESSION_ACCRUAL,21,225,2026-08-31T01:18:11+08:00
389e73f6-7c97-4602-a7e6-302a0ed9cf1e,M-1571,ORD-20260830-1638-0048,CONCESSION_ACCRUAL,19,230,2026-08-30T07:49:00+08:00
c6264d1d-8c36-4c02-9cdc-a1f94fbfad62,M-1948,ORD-20260831-5220-0049,CONCESSION_ACCRUAL,8,265,2026-08-31T00:10:58+08:00
d1a676ac-0c78-4de2-95d6-bb596d98bb04,M-1093,ORD-20260830-4308-0050,CONCESSION_ACCRUAL,10,143,2026-08-30T23:52:31+08:00
4c057cd5-7c0a-4ff8-ac4c-dd3db7e76d9c,M-1460,ORD-20260831-6701-0051,CONCESSION_ACCRUAL,15,120,2026-08-31T02:22:01+08:00
9711b7eb-26a7-4146-9132-bdb65ce5fc58,M-1040,ORD-20260830-2712-0052,CONCESSION_ACCRUAL,20,852,2026-08-30T20:14:18+08:00
54cdbe20-0a0e-4a50-a162-10dcf8f40c60,M-2100,ORD-20260830-4384-0053,CONCESSION_ACCRUAL,16,299,2026-08-30T21:02:27+08:00
631a0130-8fcb-48ef-b5ea-f465ea729e15,M-1118,ORD-20260830-8656-0054,CONCESSION_ACCRUAL,8,306,2026-08-30T21:02:16+08:00
8cbe56e6-3905-4377-91ac-d94dcbb000eb,M-1957,ORD-20260831-2135-0055,CONCESSION_ACCRUAL,11,213,2026-08-31T00:03:24+08:00
9109eea4-7bbe-4782-a891-a29fd753b025,M-1790,ORD-20260830-6329-0056,CONCESSION_ACCRUAL,16,235,2026-08-30T22:41:13+08:00
5c918835-1a5d-46ac-8d5b-ed7c22899804,M-1029,ORD-20260830-6172-0057,CONCESSION_ACCRUAL,40,579,2026-08-30T22:18:21+08:00
5f7885bd-7896-4cfe-a3df-78d27287a00e,M-1461,ORD-20260830-7265-0058,CONCESSION_ACCRUAL,9,672,2026-08-30T20:54:44+08:00
1abc1540-4546-4006-b530-f8d6e0cc34fc,M-2014,ORD-20260830-2897-0059,CONCESSION_ACCRUAL,11,54,2026-08-30T21:10:13+08:00
fecb64be-59c0-4f45-b99c-a670e290fe20,M-1267,ORD-20260830-9091-0060,CONCESSION_ACCRUAL,51,167,2026-08-30T21:41:58+08:00
5f03836d-7a80-4804-9ff0-6f8e5585abb0,M-2038,ORD-20260830-6522-0061,CONCESSION_ACCRUAL,11,64,2026-08-30T19:29:12+08:00
8acaf105-b021-4967-ab05-4bad6e2563d0,M-1471,ORD-20260831-8021-0062,CONCESSION_ACCRUAL,39,83,2026-08-31T00:56:39+08:00
94426a3f-1bd4-4fda-80e1-0b3499f30d8d,M-1670,ORD-20260830-5771-0063,CONCESSION_ACCRUAL,9,139,2026-08-30T21:51:05+08:00
da7d482a-ddff-4437-9409-e308f5754344,M-1326,ORD-20260831-4515-0064,CONCESSION_ACCRUAL,8,338,2026-08-31T01:50:57+08:00
a4b99410-bcec-4f79-a1ac-cd06d561894c,M-2111,ORD-20260830-5154-0065,CONCESSION_ACCRUAL,6,56,2026-08-30T20:09:41+08:00
137e1020-0721-4392-bd44-dc87a7b66e26,M-1804,ORD-20260830-4958-0066,CONCESSION_ACCRUAL,30,357,2026-08-30T19:21:43+08:00
8e21753e-73b2-455e-81c3-1751a0d72ea1,M-1393,ORD-20260830-7419-0067,CONCESSION_ACCRUAL,20,342,2026-08-30T18:58:49+08:00
1471a9d1-f19e-4068-a3a9-a806a6f4be9c,M-1668,ORD-20260830-7266-0068,CONCESSION_ACCRUAL,11,294,2026-08-30T22:44:47+08:00
650d0d89-2ecc-4172-926d-c1b84098d524,M-1983,ORD-20260831-6914-0069,CONCESSION_ACCRUAL,11,222,2026-08-31T00:06:04+08:00
3442a7ae-deb3-4e3d-b2a5-6b99e25c3b4f,M-1711,ORD-20260831-7603-0070,CONCESSION_ACCRUAL,15,527,2026-08-31T01:31:49+08:00
9d2841b8-72d7-41fc-8fb4-716477051770,M-1605,ORD-20260830-5024-0071,CONCESSION_ACCRUAL,11,394,2026-08-30T05:54:18+08:00
977e77b3-4452-4d77-b313-39aed14e047b,M-1513,ORD-20260830-6634-0072,CONCESSION_ACCRUAL,18,130,2026-08-30T23:44:44+08:00
3c4f2650-36c0-4261-bf93-24e5a32145d1,M-1513,TIER_UPGRADE_Silver_TO_Gold,TIER_BONUS,100,230,2026-08-30T23:44:44+08:00
e3a0da48-495d-41cb-9ade-839db16141d8,M-1992,ORD-20260830-8479-0073,CONCESSION_ACCRUAL,34,286,2026-08-30T23:27:30+08:00
24a55de5-b476-4c29-8859-74dc3dc325e4,M-1955,ORD-20260830-3496-0074,CONCESSION_ACCRUAL,15,69,2026-08-30T20:45:46+08:00
444358bf-2fbf-4daf-bc1f-2411e0630b57,M-1177,ORD-20260830-1653-0075,CONCESSION_ACCRUAL,3,350,2026-08-30T20:42:20+08:00
3ed0afe0-ab27-4528-aa62-6e6a8ea1fd51,M-1494,ORD-20260830-5155-0076,CONCESSION_ACCRUAL,9,712,2026-08-30T22:49:52+08:00
c320da1a-619b-4969-af6b-63684e8d3f95,M-1754,ORD-20260831-3010-0077,CONCESSION_ACCRUAL,49,436,2026-08-31T00:26:03+08:00
7c292acc-5423-4452-85db-c7af7849495e,M-1787,ORD-20260830-3201-0078,CONCESSION_ACCRUAL,3,471,2026-08-30T19:03:39+08:00
1b908440-a13f-49be-be85-56711819aecf,M-2040,ORD-20260830-4843-0079,CONCESSION_ACCRUAL,8,88,2026-08-30T20:37:37+08:00
b272d238-427b-44d4-a2bb-c41c717141fa,M-1937,ORD-20260830-5779-0080,CONCESSION_ACCRUAL,18,82,2026-08-30T23:44:52+08:00
436967f4-2827-4593-b424-d46636cc759c,M-1825,ORD-20260830-5252-0081,CONCESSION_ACCRUAL,8,141,2026-08-30T23:55:14+08:00
e9aec1c5-9fc3-4ab7-87ba-8cdd53d12f8b,M-1449,ORD-20260831-2779-0082,CONCESSION_ACCRUAL,22,285,2026-08-31T01:18:01+08:00
374fea16-0051-45db-ac2d-f226d02dccb9,M-1186,ORD-20260831-4469-0083,CONCESSION_ACCRUAL,15,171,2026-08-31T03:09:16+08:00
816e3c25-6637-4b43-84ef-7d403de2bd9c,M-1671,ORD-20260831-5686-0084,CONCESSION_ACCRUAL,8,514,2026-08-31T00:26:35+08:00
50caa86e-2b2c-43f6-ac4f-3efbb86782a4,M-1835,ORD-20260830-6327-0085,CONCESSION_ACCRUAL,4,507,2026-08-30T23:14:38+08:00
0cb1d509-303a-40bb-bac0-836062aaad02,M-1151,ORD-20260830-7062-0086,CONCESSION_ACCRUAL,7,313,2026-08-30T18:44:18+08:00
89b206aa-014f-43a0-a350-c8182627cd37,M-1750,ORD-20260830-8828-0087,CONCESSION_ACCRUAL,10,477,2026-08-30T22:36:44+08:00
aa7297b3-26bd-480f-841b-24c41a7c0cd1,M-1674,ORD-20260830-5153-0088,CONCESSION_ACCRUAL,11,730,2026-08-30T16:13:50+08:00
64e04722-2723-47b4-9928-3995afa46629,M-1745,ORD-20260830-3065-0089,CONCESSION_ACCRUAL,13,121,2026-08-30T21:24:41+08:00
96e43933-cda1-4cfd-9427-7beca8c34443,M-1409,ORD-20260831-3752-0090,CONCESSION_ACCRUAL,18,540,2026-08-31T01:27:56+08:00
6921c827-31e8-49ec-806c-dd4fa439cc2d,M-2038,ORD-20260831-6703-0091,CONCESSION_ACCRUAL,15,79,2026-08-31T00:43:10+08:00
2849c6fc-f81b-4d96-9832-98d89494b89f,M-1021,ORD-20260831-6619-0092,CONCESSION_ACCRUAL,4,769,2026-08-31T00:26:38+08:00
3e753582-cf0a-4305-8ff5-36bc600052be,M-1661,ORD-20260830-7616-0093,CONCESSION_ACCRUAL,18,2970,2026-08-30T14:25:52+08:00
4cbe0166-ef6a-4602-845f-6a5d79a7728a,M-1608,ORD-20260830-7352-0094,CONCESSION_ACCRUAL,11,226,2026-08-30T20:44:20+08:00
98d63e48-0b2b-4726-8ce3-0ad0294f91e9,M-2076,ORD-20260830-7826-0095,CONCESSION_ACCRUAL,34,121,2026-08-30T21:12:03+08:00
dd35b3d8-3a72-40dd-b7ec-93f93ec7028d,M-1678,ORD-20260830-4579-0096,CONCESSION_ACCRUAL,25,193,2026-08-30T11:29:51+08:00
3227edf0-cbd0-40bc-9416-2244944b55c7,M-1694,ORD-20260830-1049-0097,CONCESSION_ACCRUAL,3,262,2026-08-30T22:35:38+08:00
b01ca04c-3f62-4524-abd8-db2aceea18b6,M-1710,ORD-20260831-1449-0098,CONCESSION_ACCRUAL,22,520,2026-08-31T00:45:01+08:00
fa82f398-8fe1-474f-801c-4742448c32e2,M-1501,ORD-20260830-9034-0099,CONCESSION_ACCRUAL,63,181,2026-08-30T19:32:57+08:00
f196039d-f5d5-4bb4-835e-ec20d982c078,M-1501,TIER_UPGRADE_Silver_TO_Gold,TIER_BONUS,100,281,2026-08-30T19:32:57+08:00
0156c0b3-8769-44f7-a6b6-00cf2a6a4bdb,M-2088,ORD-20260830-5885-0100,CONCESSION_ACCRUAL,21,194,2026-08-30T22:42:41+08:00
7a379494-2eb6-4f3e-9283-5b028ce719de,M-1264,ORD-20260830-8382-0101,CONCESSION_ACCRUAL,11,565,2026-08-30T23:23:32+08:00
0ef929b1-e616-43a1-89f9-7589cc328391,M-2131,ORD-20260830-9405-0102,CONCESSION_ACCRUAL,3,132,2026-08-30T23:08:19+08:00
dc6102d0-bd49-40c6-b2d2-96bf32b58fe7,M-1942,ORD-20260830-6476-0103,CONCESSION_ACCRUAL,24,91,2026-08-30T21:30:05+08:00
609927b0-ddea-4722-a7e7-4562a33d6ea4,M-1335,ORD-20260831-3881-0104,CONCESSION_ACCRUAL,16,92,2026-08-31T01:23:51+08:00
43f9beea-5637-486f-8894-b07930a6ba1b,M-1222,ORD-20260830-7961-0105,CONCESSION_ACCRUAL,9,1014,2026-08-30T22:34:50+08:00
6ff1dcae-2880-41c2-8340-cd9254a2554a,M-1095,ORD-20260830-8268-0106,CONCESSION_ACCRUAL,31,219,2026-08-30T21:47:31+08:00
da1e5f57-e4a3-48b8-a1e0-03665c6196d6,M-1091,ORD-20260831-1511-0107,CONCESSION_ACCRUAL,8,363,2026-08-31T00:35:25+08:00
5ee72ac9-e674-48a3-9713-7a0712ec8c67,M-1341,ORD-20260830-9657-0108,CONCESSION_ACCRUAL,18,301,2026-08-30T20:41:04+08:00
24c6ddf0-8b44-47e3-800e-7617b3a2ba27,M-1695,ORD-20260830-5873-0109,CONCESSION_ACCRUAL,3,127,2026-08-30T09:51:11+08:00
92925aec-a964-4c63-a861-5fbb852c004b,M-2061,ORD-20260830-4582-0110,CONCESSION_ACCRUAL,15,146,2026-08-30T17:58:21+08:00
b18b4671-703f-4672-93cf-cb8615a459be,M-1855,ORD-20260830-6531-0111,CONCESSION_ACCRUAL,8,169,2026-08-30T23:24:57+08:00
411e11c9-eaa5-4925-ad27-8b83b904de5f,M-2033,ORD-20260830-6576-0112,CONCESSION_ACCRUAL,8,286,2026-08-30T22:07:22+08:00
08cf8269-b129-41cd-b954-cacf2743ec39,M-1248,ORD-20260830-5353-0113,CONCESSION_ACCRUAL,16,110,2026-08-30T08:55:26+08:00
642e7519-0e1d-420e-9a43-a95fa698a7cd,M-1705,ORD-20260830-2770-0114,CONCESSION_ACCRUAL,8,219,2026-08-30T21:53:51+08:00
1b61f552-4b80-46c4-9106-7a26333b6a06,M-1310,ORD-20260830-2505-0115,CONCESSION_ACCRUAL,8,422,2026-08-30T22:31:50+08:00
95617cbf-92b3-4d96-9006-f859d90ca543,M-1081,ORD-20260830-3023-0116,CONCESSION_ACCRUAL,9,718,2026-08-30T17:20:21+08:00
6882a28a-2cb4-4802-b157-27e03ce3483e,M-1527,ORD-20260830-2281-0117,CONCESSION_ACCRUAL,22,1051,2026-08-30T23:38:35+08:00
a0c74866-ffb0-424e-b865-4077a104bddf,M-1829,ORD-20260831-5840-0118,CONCESSION_ACCRUAL,17,132,2026-08-31T01:19:50+08:00
d807c204-c52f-49dc-9887-a726ece07024,M-1374,ORD-20260831-5911-0119,CONCESSION_ACCRUAL,49,999,2026-08-31T01:06:03+08:00
ae386714-56ea-4c23-afa3-87e8d044c1d3,M-1929,ORD-20260830-6787-0120,CONCESSION_ACCRUAL,8,154,2026-08-30T22:01:11+08:00
91a56981-e40e-4395-9fcf-67c923d79de7,M-1219,ORD-20260830-2977-0121,CONCESSION_ACCRUAL,8,394,2026-08-30T18:32:12+08:00
a8dc9cff-eb5b-4940-97ca-2e10370e4cae,M-2013,ORD-20260830-8008-0122,CONCESSION_ACCRUAL,16,341,2026-08-30T18:22:03+08:00
b45bd4b8-7b02-45e2-8ea5-08c6cbffbbf0,M-1656,ORD-20260830-4000-0123,CONCESSION_ACCRUAL,27,264,2026-08-30T23:33:39+08:00
165a374f-756e-46f8-a238-740a8ae5c279,M-1490,ORD-20260831-8111-0124,CONCESSION_ACCRUAL,31,88,2026-08-31T01:27:17+08:00
af75d64c-f14e-4127-8da7-dd6c38365cdb,M-1328,ORD-20260830-8784-0125,CONCESSION_ACCRUAL,11,244,2026-08-30T15:45:28+08:00
26f9ceb6-344e-4480-8538-e8b57d1cf814,M-1947,ORD-20260830-5963-0126,CONCESSION_ACCRUAL,10,276,2026-08-30T15:19:13+08:00
aadb92bd-a9b2-461d-a1d5-59fd90f5e746,M-1994,ORD-20260830-5205-0127,CONCESSION_ACCRUAL,22,126,2026-08-30T20:09:29+08:00
5abf23c9-129e-43c1-8ba2-c994f8e681dc,M-1102,ORD-20260830-4085-0128,CONCESSION_ACCRUAL,27,142,2026-08-30T09:56:14+08:00
d95a2304-6266-4e92-9a77-eb90b2356aa1,M-2067,ORD-20260830-8412-0129,CONCESSION_ACCRUAL,9,173,2026-08-30T22:27:38+08:00
214dc0cc-ca97-47a1-8180-99438478da1b,M-1018,ORD-20260830-5282-0130,CONCESSION_ACCRUAL,8,100,2026-08-30T22:07:41+08:00
0ceecf7d-30da-46fd-b6c5-8d40c7853f87,M-1894,ORD-20260830-5330-0131,CONCESSION_ACCRUAL,16,255,2026-08-30T22:09:00+08:00
0ebbd18f-c722-4841-9992-06ddaefbd0ac,M-1966,ORD-20260831-9573-0132,CONCESSION_ACCRUAL,6,200,2026-08-31T00:24:35+08:00
ab7f76d1-a386-4201-894b-44248a0384a2,M-1421,ORD-20260830-4574-0133,CONCESSION_ACCRUAL,12,602,2026-08-30T21:23:28+08:00
05a15e11-6705-4601-a6ff-11022ed52c09,M-1395,ORD-20260830-2554-0134,CONCESSION_ACCRUAL,24,310,2026-08-30T22:02:57+08:00
06507ff0-ec05-4215-a570-aa38bdb53888,M-1351,ORD-20260830-7771-0135,CONCESSION_ACCRUAL,15,163,2026-08-30T23:55:03+08:00
4c484531-0a1b-468b-9096-8904ab6fd8e7,M-1088,ORD-20260830-3106-0136,CONCESSION_ACCRUAL,31,127,2026-08-30T18:49:46+08:00
df4d051f-3ab3-4465-ae27-38b114dfcb52,M-1493,ORD-20260831-6780-0137,CONCESSION_ACCRUAL,23,491,2026-08-31T02:28:50+08:00
4c8b5afb-2168-4753-902d-d968dc1a2135,M-1398,ORD-20260830-9995-0138,CONCESSION_ACCRUAL,27,359,2026-08-30T19:50:51+08:00
950e3c95-b9b4-4191-a433-54d777d9a9e6,M-1505,ORD-20260830-9553-0139,CONCESSION_ACCRUAL,22,381,2026-08-30T19:33:42+08:00
306a8283-9f43-44a2-b584-51cc8ba2d53d,M-1174,ORD-20260830-2437-0140,CONCESSION_ACCRUAL,15,177,2026-08-30T15:26:41+08:00
5459cc59-b7cb-4c08-b889-b76228e676bd,M-1826,ORD-20260831-2752-0141,CONCESSION_ACCRUAL,26,331,2026-08-31T02:52:59+08:00
ef65af13-5846-4d1b-8b6b-5653f8b77d2b,M-1869,ORD-20260830-7071-0142,CONCESSION_ACCRUAL,12,245,2026-08-30T23:49:45+08:00
3a56370b-6e26-40a3-8b3d-ed9d368f60b0,M-1495,ORD-20260830-8799-0143,CONCESSION_ACCRUAL,11,227,2026-08-30T23:27:37+08:00
2e210cdd-e95f-4937-8055-b2cf1b53c69e,M-1286,ORD-20260831-4368-0144,CONCESSION_ACCRUAL,8,294,2026-08-31T02:15:58+08:00
24df8d22-80e4-44c8-bc2c-2418ece00a6e,M-1996,ORD-20260830-5428-0145,CONCESSION_ACCRUAL,7,60,2026-08-30T11:13:23+08:00
ccebadde-7f4e-4d04-8960-20a174b53477,M-1154,ORD-20260830-7289-0146,CONCESSION_ACCRUAL,18,298,2026-08-30T16:06:22+08:00
722d5076-4a1a-473c-bfcc-67b279df75db,M-2152,ORD-20260830-7974-0147,CONCESSION_ACCRUAL,8,242,2026-08-30T22:09:57+08:00
5820461e-ef0c-4cb6-87e3-95d3374a8517,M-1834,ORD-20260830-9979-0148,CONCESSION_ACCRUAL,4,298,2026-08-30T22:39:19+08:00
1521ec0e-9ff9-4230-988a-d924d463dcef,M-1107,ORD-20260830-7557-0149,CONCESSION_ACCRUAL,30,176,2026-08-30T16:19:38+08:00
9c6b9784-c8db-4f9f-be25-2bbae7696c73,M-1891,ORD-20260830-4649-0150,CONCESSION_ACCRUAL,8,484,2026-08-30T22:11:44+08:00
87a3ce94-fe26-4ae2-bf02-89bdd8080b21,M-1767,ORD-20260830-2353-0151,CONCESSION_ACCRUAL,30,191,2026-08-30T23:01:52+08:00
61242445-68a4-43f0-8dce-add44d651b0f,M-1057,ORD-20260830-3718-0152,CONCESSION_ACCRUAL,11,612,2026-08-30T14:42:35+08:00
f0338811-cb71-4f32-b549-9ab725486d9e,M-1012,ORD-20260830-9963-0153,CONCESSION_ACCRUAL,8,304,2026-08-30T06:48:03+08:00
2ca34078-2d7a-4b56-be59-d6f26842564c,M-1035,ORD-20260830-3371-0154,CONCESSION_ACCRUAL,11,404,2026-08-30T23:44:06+08:00
3c4e5da0-a282-47be-940f-ce0a595a3bd3,M-1331,ORD-20260830-1061-0155,CONCESSION_ACCRUAL,10,407,2026-08-30T20:00:48+08:00
a0470a62-eeec-4091-b7ff-cae830ba2a3f,M-1407,ORD-20260830-1887-0156,CONCESSION_ACCRUAL,18,224,2026-08-30T19:47:00+08:00
37f5cbd8-27ff-453d-8e60-0fcf92645d1a,M-1858,ORD-20260830-3086-0157,CONCESSION_ACCRUAL,13,99,2026-08-30T16:41:37+08:00
7ae846ac-4009-4601-8659-a7539d01c486,M-1480,ORD-20260830-9416-0158,CONCESSION_ACCRUAL,3,468,2026-08-30T23:17:09+08:00
1bbf3108-43f0-4a27-b6e1-be28971d65d3,M-1680,ORD-20260830-8093-0159,CONCESSION_ACCRUAL,18,141,2026-08-30T19:37:24+08:00
8c2af213-b3a0-4995-b6ab-b0d388ae60cf,M-1245,ORD-20260831-4113-0160,CONCESSION_ACCRUAL,15,81,2026-08-31T05:21:09+08:00
4a6c0502-5185-452c-b864-3a558cfbd04a,M-1919,ORD-20260831-9533-0161,CONCESSION_ACCRUAL,18,56,2026-08-31T00:57:38+08:00
a74b7f75-2e5a-49d2-9fde-1178b1e36086,M-1813,ORD-20260830-6747-0162,CONCESSION_ACCRUAL,36,171,2026-08-30T18:56:24+08:00
bd386426-1ec9-45f9-a7a6-f0001c0f1d4e,M-1576,ORD-20260830-1521-0163,CONCESSION_ACCRUAL,9,1207,2026-08-30T17:15:07+08:00
f9fe969d-2f6f-471b-847c-d5902616ec0d,M-1043,ORD-20260830-6113-0164,CONCESSION_ACCRUAL,20,808,2026-08-30T23:30:15+08:00
327b69da-d7c9-4175-ac17-090b955229ef,M-1984,ORD-20260830-9413-0165,CONCESSION_ACCRUAL,8,252,2026-08-30T20:21:50+08:00
46daa4ba-38ab-4eb6-885c-a5cf354f3572,M-1545,ORD-20260830-3293-0166,CONCESSION_ACCRUAL,33,186,2026-08-30T20:32:42+08:00
5158d5f2-19e8-4c81-8f12-42c93a5a0cf3,M-1238,ORD-20260830-1288-0167,CONCESSION_ACCRUAL,23,315,2026-08-30T17:55:41+08:00
bf40eae0-392f-48f5-857c-9d2f26d6e596,M-1571,ORD-20260830-3193-0168,CONCESSION_ACCRUAL,11,241,2026-08-30T20:39:35+08:00
a05d65d6-f9df-4129-9ce1-d9f298977bd5,M-1826,ORD-20260830-6368-0169,CONCESSION_ACCRUAL,11,342,2026-08-30T22:11:11+08:00
eb8d895e-66d2-4cd1-a525-d8f9616fc2ce,M-1380,ORD-20260830-5497-0170,CONCESSION_ACCRUAL,27,400,2026-08-30T16:47:22+08:00
26f8242c-5f5a-4c92-9bab-1c62a9535796,M-1862,ORD-20260830-2463-0171,CONCESSION_ACCRUAL,41,241,2026-08-30T23:26:35+08:00
8718fb70-b199-4185-90d9-a08b81d297ae,M-1833,ORD-20260830-4807-0172,CONCESSION_ACCRUAL,18,437,2026-08-30T20:54:36+08:00
249420a3-4e73-4942-9397-0d0f6819917f,M-1945,ORD-20260830-5900-0173,CONCESSION_ACCRUAL,20,72,2026-08-30T18:59:17+08:00
7a1353dd-3a0e-46c1-8d64-66cc8bbb7c4d,M-1006,ORD-20260830-7859-0174,CONCESSION_ACCRUAL,23,208,2026-08-30T17:49:35+08:00
e1531682-c5eb-4449-9933-f6d36aa295bc,M-1251,ORD-20260830-9939-0175,CONCESSION_ACCRUAL,11,345,2026-08-30T20:57:40+08:00
13f8d716-6228-4cc7-a214-31596da947d8,M-1586,ORD-20260830-1252-0176,CONCESSION_ACCRUAL,9,75,2026-08-30T17:22:25+08:00
f9b9b5c7-f892-479e-94a8-bf9bf390b23a,M-1306,ORD-20260830-3247-0177,CONCESSION_ACCRUAL,27,174,2026-08-30T21:20:30+08:00
37a6320a-7460-4906-b6e4-560860a2b51f,M-1868,ORD-20260830-2713-0178,CONCESSION_ACCRUAL,24,143,2026-08-30T21:37:54+08:00
3f3a5005-664a-42ea-9db0-2964c41b4198,M-1868,TIER_UPGRADE_Standard_TO_Silver,TIER_BONUS,50,193,2026-08-30T21:37:54+08:00
17976428-ffe2-4561-8e71-5a367d394e06,M-1897,ORD-20260830-6711-0179,CONCESSION_ACCRUAL,11,399,2026-08-30T21:34:18+08:00
f1b7ec9d-062d-46d2-b863-93eba37bf5bb,M-1360,ORD-20260831-3949-0180,CONCESSION_ACCRUAL,35,329,2026-08-31T00:38:19+08:00
eda0bf64-7409-4e87-8293-118a84dfa3f8,M-1914,ORD-20260830-1801-0181,CONCESSION_ACCRUAL,17,213,2026-08-30T17:39:17+08:00
cb35c648-6410-4c4b-95c3-7a8e52dec671,M-2175,ORD-20260830-9651-0182,CONCESSION_ACCRUAL,11,600,2026-08-30T20:34:19+08:00
79ed0ad5-17c9-4612-872d-3d33bdfe6dcc,M-1888,ORD-20260830-5652-0183,CONCESSION_ACCRUAL,23,447,2026-08-30T15:17:54+08:00
fd6156db-ca53-48a9-a4bc-15c653cecab1,M-1814,ORD-20260831-5159-0184,CONCESSION_ACCRUAL,34,192,2026-08-31T00:57:08+08:00
5649cac3-4dbc-4a25-85b3-6287d0c747fe,M-1814,TIER_UPGRADE_Silver_TO_Gold,TIER_BONUS,100,292,2026-08-31T00:57:08+08:00
4fcf7b54-9f17-4efe-8c71-553ae1a944cb,M-1231,ORD-20260830-2517-0185,CONCESSION_ACCRUAL,3,370,2026-08-30T21:23:53+08:00
31125489-c2fd-442a-bc2c-b5097ac2b5c1,M-1613,ORD-20260831-5503-0186,CONCESSION_ACCRUAL,13,173,2026-08-31T00:02:37+08:00
528b01c1-1041-4deb-9cf1-f50960054e9f,M-2186,ORD-20260830-3412-0187,CONCESSION_ACCRUAL,11,386,2026-08-30T13:58:00+08:00
177e63d3-d883-4a94-82d6-228b6a9d0a22,M-1775,ORD-20260830-1856-0188,CONCESSION_ACCRUAL,3,1437,2026-08-30T22:23:30+08:00
57e749be-b68f-46c5-b428-6d8137e0bf59,M-2156,ORD-20260830-1773-0189,CONCESSION_ACCRUAL,19,187,2026-08-30T11:59:26+08:00
e3a39c41-a78c-4acd-8c8c-786f783135b9,M-1578,ORD-20260831-7842-0190,CONCESSION_ACCRUAL,8,413,2026-08-31T02:20:54+08:00
fcd2e330-58be-4945-91ee-4b6582d872de,M-2180,ORD-20260831-9934-0191,CONCESSION_ACCRUAL,10,208,2026-08-31T00:49:28+08:00
c31713ed-2c5a-41de-8803-399e54f05adb,M-1934,ORD-20260830-4062-0192,CONCESSION_ACCRUAL,43,455,2026-08-30T11:30:56+08:00
f4e47cf6-b04c-43b3-90ab-33c8540b1f2b,M-2195,ORD-20260830-1154-0193,CONCESSION_ACCRUAL,11,343,2026-08-30T20:39:42+08:00
1368bd4e-788e-4d6d-9129-de2c0f99dc2c,M-2084,ORD-20260830-1795-0194,CONCESSION_ACCRUAL,33,436,2026-08-30T20:13:19+08:00
fedf34d2-121c-4fee-b0c8-0936b3d59ca6,M-2110,ORD-20260830-7477-0195,CONCESSION_ACCRUAL,10,480,2026-08-30T23:39:50+08:00
244086e2-6061-483e-9875-707145dce37e,M-1394,ORD-20260830-7279-0196,CONCESSION_ACCRUAL,11,239,2026-08-30T15:22:04+08:00
31ed9c83-e529-4f8c-83ea-da7f66ada50e,M-2104,ORD-20260830-4260-0197,CONCESSION_ACCRUAL,22,88,2026-08-30T21:56:20+08:00
7be53bb0-1ac2-4c8a-803b-afe044a24cda,M-1999,ORD-20260830-5462-0198,CONCESSION_ACCRUAL,9,44,2026-08-30T22:45:22+08:00
5428bebe-0b2e-4e10-9aef-7998cece7843,M-1006,ORD-20260831-2416-0199,CONCESSION_ACCRUAL,10,218,2026-08-31T01:19:08+08:00
57bfafb6-c83d-40e6-9a7f-47f7a41584ce,M-1006,TIER_UPGRADE_Silver_TO_Gold,TIER_BONUS,100,318,2026-08-31T01:19:08+08:00
79c2be60-b77f-4108-ad97-4c97b4bc9c51,M-1398,ORD-20260830-9914-0200,CONCESSION_ACCRUAL,9,368,2026-08-30T08:48:24+08:00
226b71b4-bfae-4fab-936e-f528ab5e3675,M-1837,ORD-20260830-1510-0201,CONCESSION_ACCRUAL,16,171,2026-08-30T20:29:06+08:00
ec42e583-61b3-452d-9277-32483ab92024,M-2064,ORD-20260831-6958-0202,CONCESSION_ACCRUAL,37,304,2026-08-31T02:47:38+08:00
b32686b8-de88-44f4-8f31-43b49bf718be,M-1444,ORD-20260831-2860-0203,CONCESSION_ACCRUAL,14,3236,2026-08-31T00:14:43+08:00
9402d3a2-f3b8-465e-bc11-977dc619c8d4,M-1975,ORD-20260830-6987-0204,CONCESSION_ACCRUAL,8,148,2026-08-30T07:06:58+08:00
4772d916-bbd9-40a6-8d19-a83ddcbf1b30,M-1243,ORD-20260830-9051-0205,CONCESSION_ACCRUAL,11,77,2026-08-30T21:42:42+08:00
ff3e0549-3125-4a52-bc0e-7cd160d90424,M-1127,ORD-20260830-2780-0206,CONCESSION_ACCRUAL,42,412,2026-08-30T21:08:36+08:00
d972b063-5dff-4b27-b80d-f23eec81e991,M-1776,ORD-20260830-3577-0207,CONCESSION_ACCRUAL,3,22,2026-08-30T18:37:47+08:00
4e4a5fb2-662b-4984-aae2-c41e8355a3ef,M-1465,ORD-20260830-9048-0208,CONCESSION_ACCRUAL,9,899,2026-08-30T22:58:26+08:00
75f29500-7ee6-4ad0-914b-594c0a8b7020,M-1229,ORD-20260831-5220-0209,CONCESSION_ACCRUAL,27,242,2026-08-31T01:18:35+08:00
eb8c408d-08f4-4325-9a2e-dcfcc337d0bf,M-1646,ORD-20260830-1808-0210,CONCESSION_ACCRUAL,7,224,2026-08-30T23:37:57+08:00
5165786b-96ba-49db-b1be-0356128fd727,M-1408,ORD-20260831-5095-0211,CONCESSION_ACCRUAL,16,154,2026-08-31T00:06:17+08:00
c20979b0-bdc6-4c58-83b3-c462baf9e1ab,M-2200,ORD-20260830-6858-0212,CONCESSION_ACCRUAL,16,196,2026-08-30T22:15:53+08:00
ab4763d7-45fb-4849-adb2-8ee86b395e77,M-1197,ORD-20260831-9180-0213,CONCESSION_ACCRUAL,8,96,2026-08-31T00:58:21+08:00
0f797e76-9a06-42f2-8241-311801016f14,M-1995,ORD-20260831-4988-0214,CONCESSION_ACCRUAL,33,352,2026-08-31T00:06:22+08:00
1a6a6ab0-c16d-49ff-8204-f0cab1ea64cf,M-1173,ORD-20260830-4851-0215,CONCESSION_ACCRUAL,9,99,2026-08-30T15:39:41+08:00
5d078ded-c85e-4aa1-8e6a-8f84b570ff29,M-1325,ORD-20260830-1882-0216,CONCESSION_ACCRUAL,3,259,2026-08-30T17:00:50+08:00
7f8beae1-211a-4524-b879-aa659b6a9870,M-1653,ORD-20260830-6079-0217,CONCESSION_ACCRUAL,11,422,2026-08-30T21:42:52+08:00
40f7d603-fd86-4c48-9635-2dbdfdfdf2d0,M-1863,ORD-20260831-5724-0218,CONCESSION_ACCRUAL,21,425,2026-08-31T02:34:48+08:00
e039a642-e240-4f15-ad16-180cb61d0e76,M-1389,ORD-20260830-3532-0219,CONCESSION_ACCRUAL,22,351,2026-08-30T22:53:00+08:00
a60ce6f9-390e-4ec5-96d5-04c65c557019,M-1902,ORD-20260830-2732-0220,CONCESSION_ACCRUAL,15,188,2026-08-30T23:04:05+08:00
f9d9e008-d417-4daf-bf33-81bd4dcc39e2,M-1504,ORD-20260830-1686-0221,CONCESSION_ACCRUAL,28,469,2026-08-30T17:52:26+08:00
1a5801c8-559e-4fd0-91ad-c6d404319f5b,M-1823,ORD-20260830-6995-0222,CONCESSION_ACCRUAL,31,785,2026-08-30T05:41:29+08:00
6d0aac23-9837-4940-8d7c-63f51bcdfc9a,M-2197,ORD-20260830-8295-0223,CONCESSION_ACCRUAL,24,576,2026-08-30T19:58:25+08:00
12f5124b-4f72-461a-aa26-ebc2d76c90cd,M-2056,ORD-20260830-9100-0224,CONCESSION_ACCRUAL,31,388,2026-08-30T19:16:28+08:00
e7c9de45-7144-4184-909f-4eab48be9cbd,M-2016,ORD-20260830-7767-0225,CONCESSION_ACCRUAL,21,137,2026-08-30T21:31:20+08:00
f210d7d0-c6b6-40b2-8d49-186d0438d50c,M-1816,ORD-20260830-8799-0226,CONCESSION_ACCRUAL,60,528,2026-08-30T23:43:11+08:00
1132337a-2681-4e56-8115-ff4a608e1ba7,M-1080,ORD-20260830-4618-0227,CONCESSION_ACCRUAL,30,528,2026-08-30T15:13:06+08:00
1a0d5725-5839-4d02-8ad0-b92a659186ac,M-1355,ORD-20260831-8773-0228,CONCESSION_ACCRUAL,8,230,2026-08-31T03:26:35+08:00
677d3ba8-2994-4ed3-afb3-bde3385e2bd0,M-1934,ORD-20260830-3687-0229,CONCESSION_ACCRUAL,8,463,2026-08-30T20:09:47+08:00
2e2d9290-dbd6-47be-8991-0a35f678a5a4,M-2156,ORD-20260830-1023-0230,CONCESSION_ACCRUAL,9,196,2026-08-30T23:26:22+08:00
8b149bad-b914-4108-a610-61222cadc04c,M-1509,ORD-20260830-6767-0231,CONCESSION_ACCRUAL,19,142,2026-08-30T20:38:26+08:00
5555d606-f1cd-48c7-a37b-0912c96eadc7,M-1657,ORD-20260830-2679-0232,CONCESSION_ACCRUAL,16,717,2026-08-30T08:46:26+08:00
1bcc0317-7593-48b9-a5de-764867b0d87c,M-1696,ORD-20260830-3276-0233,CONCESSION_ACCRUAL,9,578,2026-08-30T22:06:22+08:00
4520153f-4442-4823-9d6c-ef31613ea01e,M-1492,ORD-20260831-1820-0234,CONCESSION_ACCRUAL,4,378,2026-08-31T00:08:09+08:00
57801c72-7204-4894-bdab-f839878ed11d,M-1521,ORD-20260830-2034-0235,CONCESSION_ACCRUAL,54,636,2026-08-30T23:18:23+08:00
0d2abcb2-4d9a-40f7-a098-b1d78bef0c40,M-1754,ORD-20260830-3695-0236,CONCESSION_ACCRUAL,12,448,2026-08-30T20:28:45+08:00
412c12e2-69fd-4aeb-aebe-efa7f5c6090f,M-2022,ORD-20260830-5091-0237,CONCESSION_ACCRUAL,30,436,2026-08-30T22:20:10+08:00
e77de934-998b-4576-b261-f3ff8f18a414,M-1920,ORD-20260830-6792-0238,CONCESSION_ACCRUAL,18,152,2026-08-30T21:35:04+08:00
b5aaf29e-b104-4152-bf44-d0adc9283a5c,M-1041,ORD-20260830-6145-0239,CONCESSION_ACCRUAL,9,915,2026-08-30T14:58:00+08:00
b229c24e-6fa2-4fc5-984f-7763cd55fc6b,M-1796,ORD-20260831-9941-0240,CONCESSION_ACCRUAL,54,302,2026-08-31T00:31:02+08:00
64195146-4ff1-438c-bb0e-fda220067379,M-1838,ORD-20260830-1068-0241,CONCESSION_ACCRUAL,77,500,2026-08-30T23:44:41+08:00
4d8ccebc-609a-48ec-a762-c10fb7f51e55,M-1921,ORD-20260830-1834-0242,CONCESSION_ACCRUAL,19,89,2026-08-30T19:14:04+08:00
8bb1940c-23ca-4218-97c9-cfa04a56865c,M-1704,ORD-20260831-1146-0243,CONCESSION_ACCRUAL,11,34,2026-08-31T00:36:55+08:00
7d5af9f7-e261-48f6-8794-80f7b50895ee,M-1368,ORD-20260830-7856-0244,CONCESSION_ACCRUAL,8,462,2026-08-30T21:30:44+08:00
98832c65-e99c-4157-bdad-f05531f1bb4e,M-1466,ORD-20260830-6306-0245,CONCESSION_ACCRUAL,14,3960,2026-08-30T22:39:48+08:00
c648f987-3fdf-4eb0-82ef-6ec3d84561d8,M-1003,ORD-20260830-1745-0246,CONCESSION_ACCRUAL,18,334,2026-08-30T11:34:09+08:00
41e4183e-a3d8-47aa-82ab-5f332b4f114b,M-1293,ORD-20260830-8364-0247,CONCESSION_ACCRUAL,10,203,2026-08-30T19:10:16+08:00
571d2057-fafc-42d0-8ec8-283d641ffc34,M-1335,ORD-20260830-9764-0248,CONCESSION_ACCRUAL,8,100,2026-08-30T06:14:01+08:00
70f7cf06-909f-400b-a7e4-2d298c9dbae2,M-1294,ORD-20260831-9498-0249,CONCESSION_ACCRUAL,3,383,2026-08-31T03:27:42+08:00
8c671124-eb22-46ee-a1ae-b8f982cdb9d0,M-2154,ORD-20260830-6787-0250,CONCESSION_ACCRUAL,3,125,2026-08-30T16:11:34+08:00
fbb110a3-d305-446b-87ec-a3fbff91bd96,M-1412,ORD-20260830-1610-0251,CONCESSION_ACCRUAL,11,731,2026-08-30T20:10:51+08:00
ef4f120e-1449-48b5-a826-8861157c21f6,M-1431,ORD-20260830-6679-0252,CONCESSION_ACCRUAL,3,604,2026-08-30T21:43:53+08:00
2dce969e-2119-4fff-8473-395af7f49dd6,M-2161,ORD-20260830-8544-0253,CONCESSION_ACCRUAL,22,75,2026-08-30T19:02:45+08:00
5f50062d-a979-4be8-ab88-ff0a56672ea4,M-1270,ORD-20260830-7466-0254,CONCESSION_ACCRUAL,12,1239,2026-08-30T23:35:19+08:00
8c47b712-504d-46c3-8756-49bc1aac505c,M-1680,ORD-20260830-6800-0255,CONCESSION_ACCRUAL,22,163,2026-08-30T13:45:45+08:00
5286eeba-5676-4eb6-aa34-f523a58f759b,M-1600,ORD-20260830-7863-0256,CONCESSION_ACCRUAL,3,101,2026-08-30T09:25:18+08:00
795aa9c6-2b19-4e29-b932-464d01ac2da1,M-1287,ORD-20260831-8788-0257,CONCESSION_ACCRUAL,15,267,2026-08-31T00:43:08+08:00
cc7935b3-6357-441b-ac35-3eec37d4259f,M-1183,ORD-20260830-4120-0258,CONCESSION_ACCRUAL,30,674,2026-08-30T22:28:49+08:00
9f10009f-810b-4abf-b2c7-3674c1de3e8a,M-2015,ORD-20260830-8659-0259,CONCESSION_ACCRUAL,20,44,2026-08-30T23:39:23+08:00
e69a0a95-3240-4595-bdbb-c5a91b77e0e0,M-1216,ORD-20260831-2093-0260,CONCESSION_ACCRUAL,18,533,2026-08-31T00:58:09+08:00
cbd3ff37-9967-411d-8fd1-f28220a2d9eb,M-1694,ORD-20260831-7759-0261,CONCESSION_ACCRUAL,26,288,2026-08-31T00:48:08+08:00
8609c7b9-1062-43a9-8138-35037eff0532,M-1145,ORD-20260830-8671-0262,CONCESSION_ACCRUAL,13,258,2026-08-30T15:24:50+08:00
192bb98b-e270-4c59-b330-be3701570cd6,M-1796,ORD-20260830-1244-0263,CONCESSION_ACCRUAL,11,313,2026-08-30T17:11:31+08:00
34155a2e-78bb-4d86-9300-aed62843496b,M-1713,ORD-20260830-8695-0264,CONCESSION_ACCRUAL,9,318,2026-08-30T17:14:31+08:00
e6b3e7e6-723e-43dd-b8d2-d0c679a73ff0,M-1728,ORD-20260830-4567-0265,CONCESSION_ACCRUAL,11,313,2026-08-30T13:48:55+08:00
fb7752ed-fd2a-4bda-9f76-02a639610b8f,M-2189,ORD-20260830-5042-0266,CONCESSION_ACCRUAL,15,478,2026-08-30T19:01:54+08:00
539f0600-728c-4d21-a5db-488673003ae1,M-1293,ORD-20260830-2246-0267,CONCESSION_ACCRUAL,8,211,2026-08-30T19:30:56+08:00
bff71e62-9afa-4bfd-8b25-d47f6dadb838,M-1985,ORD-20260830-4124-0268,CONCESSION_ACCRUAL,33,193,2026-08-30T11:23:18+08:00
099bf412-3d1a-42fd-8e5f-39cb4e126190,M-1927,ORD-20260831-7707-0269,CONCESSION_ACCRUAL,12,47,2026-08-31T00:56:35+08:00
2fed8178-eff6-4b6d-be9d-4306249932c3,M-1357,ORD-20260830-6304-0270,CONCESSION_ACCRUAL,30,368,2026-08-30T23:43:18+08:00
85ed2f91-1568-4d35-b19e-fbc0a89808b3,M-1228,ORD-20260831-7499-0271,CONCESSION_ACCRUAL,16,279,2026-08-31T00:13:04+08:00
9f741c7f-42ee-454a-b8b4-576d29900121,M-1628,ORD-20260830-9360-0272,CONCESSION_ACCRUAL,9,72,2026-08-30T12:25:53+08:00
af4d4437-65c5-4ede-95d7-9f3c5cfe86c0,M-1716,ORD-20260830-5487-0273,CONCESSION_ACCRUAL,18,474,2026-08-30T21:53:06+08:00
0d8d2ae5-8287-4c87-8dce-27f978f765cc,M-1825,ORD-20260830-9609-0274,CONCESSION_ACCRUAL,11,152,2026-08-30T17:42:26+08:00
a6b11d99-4031-4ee0-9331-8113c42f91e0,M-2134,ORD-20260830-7891-0275,CONCESSION_ACCRUAL,3,58,2026-08-30T23:44:28+08:00
82f20610-139e-42db-b1d2-2abf9b00785b,M-1445,ORD-20260830-8684-0276,CONCESSION_ACCRUAL,15,385,2026-08-30T12:37:39+08:00
42d2eeb4-326e-4205-8deb-9500fd0c0b07,M-1765,ORD-20260830-8546-0277,CONCESSION_ACCRUAL,18,845,2026-08-30T20:41:39+08:00
801b2557-bb7d-4f96-a851-ea7423d4bb14,M-1227,ORD-20260830-8002-0278,CONCESSION_ACCRUAL,9,615,2026-08-30T20:31:55+08:00
04742418-1cac-46fa-a6db-1f525f563576,M-2183,ORD-20260830-2553-0279,CONCESSION_ACCRUAL,13,60,2026-08-30T23:54:18+08:00
23738032-f164-4d19-a462-378fe6c4d8bc,M-2183,TIER_UPGRADE_Standard_TO_Silver,TIER_BONUS,50,110,2026-08-30T23:54:18+08:00
ce52319f-de43-400f-80d9-c3ffd9a5b20b,M-1842,ORD-20260830-6589-0280,CONCESSION_ACCRUAL,3,39,2026-08-30T17:40:11+08:00
d3f13263-09d5-4c26-9d82-618eed4f766a,M-1462,ORD-20260830-2692-0281,CONCESSION_ACCRUAL,4,442,2026-08-30T21:15:26+08:00
320ff06c-840b-459f-8d83-ec369138dee6,M-1376,ORD-20260831-5294-0282,CONCESSION_ACCRUAL,14,384,2026-08-31T00:13:15+08:00
7a0abe78-bcff-4153-9e4d-30b424ae3866,M-1805,ORD-20260830-2354-0283,CONCESSION_ACCRUAL,9,602,2026-08-30T17:31:35+08:00
f029f0e5-c6a9-402f-9f47-5cb6f08231e0,M-1405,ORD-20260830-6645-0284,CONCESSION_ACCRUAL,38,241,2026-08-30T13:52:02+08:00
138eb204-7e10-451a-9338-3b67dfc2f84f,M-1783,ORD-20260831-9931-0285,CONCESSION_ACCRUAL,8,590,2026-08-31T04:16:39+08:00
65bdd9df-41ca-4edd-9c3b-a38131bab3af,M-1537,ORD-20260830-7488-0286,CONCESSION_ACCRUAL,7,630,2026-08-30T20:04:33+08:00
3302af41-e822-45f7-b9c5-b2b8e3735a6d,M-1567,ORD-20260831-5347-0287,CONCESSION_ACCRUAL,10,113,2026-08-31T00:09:49+08:00
0c0be118-46a8-4be3-9b9b-f90f0dec50db,M-1692,ORD-20260830-8190-0288,CONCESSION_ACCRUAL,13,2224,2026-08-30T16:12:51+08:00
40845777-ac76-4208-8163-6a06c5029c93,M-1067,ORD-20260830-4616-0289,CONCESSION_ACCRUAL,22,546,2026-08-30T21:06:25+08:00
7dd447d9-5247-4696-9c94-d455b30d1445,M-1037,ORD-20260830-5418-0290,CONCESSION_ACCRUAL,98,728,2026-08-30T20:22:21+08:00
59cdf77b-4764-4c3e-af79-889200ce5946,M-2108,ORD-20260830-8867-0291,CONCESSION_ACCRUAL,6,308,2026-08-30T23:37:10+08:00
c0c73e5d-0f92-411d-8835-1b18e56edf57,M-2108,TIER_UPGRADE_Standard_TO_Silver,TIER_BONUS,50,358,2026-08-30T23:37:10+08:00
71bea188-3742-4709-8e2e-fc17b6b40e86,M-1378,ORD-20260830-7517-0292,CONCESSION_ACCRUAL,8,289,2026-08-30T22:26:02+08:00
8678a7ae-ed31-4990-90e7-c2249e652d38,M-1348,ORD-20260830-8941-0293,CONCESSION_ACCRUAL,8,292,2026-08-30T16:52:58+08:00
0fa1cc59-8c6d-4769-81a5-b8811650a888,M-1673,ORD-20260830-6995-0294,CONCESSION_ACCRUAL,21,274,2026-08-30T17:35:06+08:00
4a6323a3-b698-41ec-b67a-f58289416bb7,M-2159,ORD-20260831-5301-0295,CONCESSION_ACCRUAL,8,141,2026-08-31T02:02:58+08:00
f0f504a9-4ad7-4aa0-95dd-1da2faeea7e7,M-2175,ORD-20260830-8653-0296,CONCESSION_ACCRUAL,11,611,2026-08-30T22:18:40+08:00
dbf1cd9c-bb88-4845-b6fd-9adbfeca32d5,M-1218,ORD-20260830-4070-0297,CONCESSION_ACCRUAL,16,152,2026-08-30T19:51:49+08:00
72546676-fcb9-4fd8-86b4-0ded52768f64,M-2117,ORD-20260830-8377-0298,CONCESSION_ACCRUAL,6,70,2026-08-30T11:19:50+08:00
d1a88389-e364-498f-9617-9d7fd8de0891,M-1399,ORD-20260830-1142-0299,CONCESSION_ACCRUAL,15,175,2026-08-30T10:18:52+08:00
b0b0b238-4e57-4dad-8246-27c7e852efe6,M-1037,ORD-20260830-1514-0300,CONCESSION_ACCRUAL,18,746,2026-08-30T23:00:10+08:00
3ebc4eb1-a641-4ae5-9fe0-16d0aafdc001,M-1834,ORD-20260830-8056-0301,CONCESSION_ACCRUAL,3,301,2026-08-30T08:12:12+08:00
c46c98c5-5810-43d6-b1d2-c19a759f27bd,M-1203,ORD-20260830-6976-0302,CONCESSION_ACCRUAL,16,275,2026-08-30T23:04:09+08:00
81f09bf1-4659-4a92-9663-c09447d1e52f,M-1059,ORD-20260830-3714-0303,CONCESSION_ACCRUAL,3,269,2026-08-30T20:26:37+08:00
6cd69570-2212-4bfc-b6d7-231f59678905,M-1989,ORD-20260830-5829-0304,CONCESSION_ACCRUAL,26,188,2026-08-30T23:38:11+08:00
fcc5d919-3c4a-4dca-8c8b-770dd786236b,M-1972,ORD-20260830-1647-0305,CONCESSION_ACCRUAL,8,256,2026-08-30T20:15:24+08:00
d67cc0a2-a03e-4298-8290-83446f2d9bb1,M-2181,ORD-20260830-5025-0306,CONCESSION_ACCRUAL,9,161,2026-08-30T20:37:59+08:00
a45e28cd-68e5-46c6-887e-b39b50cc4ac2,M-1421,ORD-20260830-2318-0307,CONCESSION_ACCRUAL,18,620,2026-08-30T16:35:55+08:00
1df8e810-276e-41d1-9463-ef6230b1a9ac,M-1785,ORD-20260830-4858-0308,CONCESSION_ACCRUAL,8,38,2026-08-30T23:50:41+08:00
dd4ea41f-e538-42f4-8d5b-11e1318adfe7,M-1082,ORD-20260830-1183-0309,CONCESSION_ACCRUAL,11,390,2026-08-30T19:15:27+08:00
ff0ef9d4-649d-4aec-9288-30db3b3e166a,M-2157,ORD-20260830-9100-0310,CONCESSION_ACCRUAL,8,119,2026-08-30T18:31:31+08:00
9b5e3de7-470c-4568-9e91-5a1fa8ef0240,M-2141,ORD-20260830-7101-0311,CONCESSION_ACCRUAL,21,89,2026-08-30T19:10:58+08:00
92501eb7-b2c6-46f1-823f-4744c688a530,M-1747,ORD-20260830-4882-0312,CONCESSION_ACCRUAL,16,357,2026-08-30T19:21:29+08:00
8c1cb311-1fd9-4f39-aae9-f8a30ec0279a,M-1975,ORD-20260830-9379-0313,CONCESSION_ACCRUAL,15,163,2026-08-30T21:17:00+08:00
8dc89bc5-33c7-4c28-b060-a179affd9e80,M-1425,ORD-20260830-2239-0314,CONCESSION_ACCRUAL,21,161,2026-08-30T19:21:00+08:00
2d4d798d-8cb4-4490-a53c-15e08f8bffa4,M-1361,ORD-20260830-4930-0315,CONCESSION_ACCRUAL,13,473,2026-08-30T18:48:00+08:00
b3e18e2a-fa9b-4e2f-9c6e-d2499c6fda3f,M-1585,ORD-20260830-4366-0316,CONCESSION_ACCRUAL,9,474,2026-08-30T19:00:00+08:00
cb201381-0626-4121-b4ae-acbbb97411fb,M-1342,ORD-20260830-4027-0317,CONCESSION_ACCRUAL,8,95,2026-08-30T14:35:00+08:00
c16ec5bc-4b4d-49ce-98af-85c9deb4939d,M-1943,ORD-20260830-6533-0318,CONCESSION_ACCRUAL,18,77,2026-08-30T22:45:00+08:00
9767812e-506c-45c6-b450-f5df64a69401,M-2049,ORD-20260830-9913-0319,CONCESSION_ACCRUAL,10,234,2026-08-30T15:54:00+08:00
9f1a0f33-4474-4b82-9e84-366753aae014,M-1578,ORD-20260830-8204-0320,CONCESSION_ACCRUAL,48,461,2026-08-30T09:18:00+08:00
2965778f-8e72-4fbd-ad65-8dfd02eea1aa,M-1505,ORD-20260830-2420-0321,CONCESSION_ACCRUAL,18,399,2026-08-30T10:00:00+08:00
1b765cb0-1f61-4a78-8e80-371dd733c39c,M-1304,ORD-20260830-1530-0322,CONCESSION_ACCRUAL,8,452,2026-08-30T12:46:00+08:00
6ace2113-d0fd-4973-be0f-8c33b8dc3931,M-1136,ORD-20260830-6296-0323,CONCESSION_ACCRUAL,28,208,2026-08-30T19:03:00+08:00
ca9b6f56-ded5-4cce-b039-113aa9f8b157,M-1022,ORD-20260830-1099-0324,CONCESSION_ACCRUAL,33,326,2026-08-30T20:33:00+08:00
4a42023f-b266-4812-8e1a-b25f1b44c6ab,M-1442,ORD-20260830-9161-0325,CONCESSION_ACCRUAL,7,551,2026-08-30T14:10:00+08:00
6b511239-1e50-4c0b-8df6-d7fd9eace8d2,M-1059,ORD-20260830-3090-0326,CONCESSION_ACCRUAL,3,272,2026-08-30T17:26:00+08:00
a50b35a0-8365-4c47-9976-0449d10d1fd8,M-1320,ORD-20260830-9489-0327,CONCESSION_ACCRUAL,27,1381,2026-08-30T21:14:00+08:00
a45b6646-efce-4d17-83c2-8559863838e3,M-1008,ORD-20260830-2421-0328,CONCESSION_ACCRUAL,3,176,2026-08-30T09:30:00+08:00
27289711-090b-4b31-883a-3116717a1b13,M-1631,ORD-20260830-1764-0329,CONCESSION_ACCRUAL,11,44,2026-08-30T14:47:00+08:00
28774104-deb5-4b31-90fa-2436b9727ba5,M-2075,ORD-20260830-8623-0330,CONCESSION_ACCRUAL,7,153,2026-08-30T17:21:00+08:00
2598f9b1-940a-4f14-bf5d-6b02782119d9,M-2085,ORD-20260830-7198-0331,CONCESSION_ACCRUAL,45,141,2026-08-30T15:58:00+08:00
d9eebac2-bf44-4384-b830-61ff7855d0d3,M-1944,ORD-20260830-1215-0332,CONCESSION_ACCRUAL,8,46,2026-08-30T15:14:00+08:00
265292cc-09ac-4eef-95e8-8f5eacbd1eae,M-1168,ORD-20260830-5229-0333,CONCESSION_ACCRUAL,11,451,2026-08-30T19:11:00+08:00
5ba0d589-cb35-4021-a237-08db2a06dedb,M-1569,ORD-20260830-1725-0334,CONCESSION_ACCRUAL,10,225,2026-08-30T22:07:00+08:00
5dd55619-2fed-41ed-a0de-d5d5b7a9b2c4,M-1772,ORD-20260830-9354-0335,CONCESSION_ACCRUAL,15,228,2026-08-30T19:15:00+08:00
575aabc5-513c-41fd-aed1-2acd94874461,M-1104,ORD-20260830-9676-0336,CONCESSION_ACCRUAL,11,99,2026-08-30T09:19:00+08:00
48424c60-dc65-4c46-a3e2-6d0643c77bcd,M-1524,ORD-20260830-4652-0337,CONCESSION_ACCRUAL,10,119,2026-08-30T18:56:00+08:00
0c099246-08b6-4cee-867b-d4f7d6f45124,M-1802,ORD-20260830-1790-0338,CONCESSION_ACCRUAL,4,290,2026-08-30T20:02:00+08:00
6d07c4b9-9dd7-45e3-b50d-a4b513282948,M-2151,ORD-20260830-3048-0339,CONCESSION_ACCRUAL,6,172,2026-08-30T18:52:00+08:00
90c5c93b-1345-43a3-85e9-ef03591f13f0,M-1803,ORD-20260830-5991-0340,CONCESSION_ACCRUAL,36,188,2026-08-30T14:48:00+08:00
09091870-1b8b-416a-8856-58dc98a5d3e5,M-1145,ORD-20260830-8891-0341,CONCESSION_ACCRUAL,32,290,2026-08-30T11:25:00+08:00
999b563a-3143-481a-b0a4-83494d4a3055,M-1429,ORD-20260830-8411-0342,CONCESSION_ACCRUAL,31,843,2026-08-30T18:49:00+08:00
5c2b3a78-a0b7-47b9-b67b-0e7c05506cac,M-1205,ORD-20260830-5237-0343,CONCESSION_ACCRUAL,4,1171,2026-08-30T09:27:00+08:00
005cc8f6-1629-4837-93fc-bf2bff691bbf,M-2100,ORD-20260830-9961-0344,CONCESSION_ACCRUAL,41,340,2026-08-30T14:59:00+08:00
7d9ce1a7-681a-479f-ac09-303104e22900,M-1876,ORD-20260830-4379-0345,CONCESSION_ACCRUAL,15,309,2026-08-30T15:23:00+08:00
fd65a19d-99c7-485a-b4c3-16b7a71f9226,M-1957,ORD-20260830-2364-0346,CONCESSION_ACCRUAL,21,234,2026-08-30T17:31:00+08:00
9e5fccfa-732f-440b-bb2a-0add9c02e227,M-1988,ORD-20260830-1591-0347,CONCESSION_ACCRUAL,16,260,2026-08-30T14:17:00+08:00
934ab3d0-2157-4c2e-be10-1440788751b0,M-1626,ORD-20260830-4429-0348,CONCESSION_ACCRUAL,28,740,2026-08-30T17:51:00+08:00
c23e30bd-701f-4c9c-8bf4-b03a793eee2b,M-1671,ORD-20260830-4215-0349,CONCESSION_ACCRUAL,15,529,2026-08-30T22:06:00+08:00
66fa4c0e-77e2-4ebd-b6bb-82842aa8a9f8,M-1532,ORD-20260830-2884-0350,CONCESSION_ACCRUAL,14,137,2026-08-30T14:51:00+08:00
62faa417-af33-46bb-ba4b-30c434bcdbdc,M-2035,ORD-20260830-7265-0351,CONCESSION_ACCRUAL,19,165,2026-08-30T17:29:00+08:00
31afbdd6-cb7f-4f90-a82a-9fcc6666bc3c,M-1205,ORD-20260830-2232-0352,CONCESSION_ACCRUAL,23,1194,2026-08-30T21:50:00+08:00
8ad3ca05-b961-475d-80ac-4cd1898da842,M-1357,ORD-20260830-4831-0353,CONCESSION_ACCRUAL,19,387,2026-08-30T09:07:00+08:00
ac572df2-b7b8-4b5c-9186-e3b93039ab7f,M-1429,ORD-20260830-4020-0354,CONCESSION_ACCRUAL,9,852,2026-08-30T16:04:00+08:00
af2e35c1-3ffc-48a9-ad00-d9c232bc9465,M-1445,ORD-20260830-1633-0355,CONCESSION_ACCRUAL,11,396,2026-08-30T17:31:00+08:00
c7c96530-1dfd-4392-9285-73c0dc6790a6,M-1423,ORD-20260830-6718-0356,CONCESSION_ACCRUAL,9,204,2026-08-30T14:02:00+08:00
27f93603-d0b3-4bb1-8f6d-eb7670bbb8bb,M-2145,ORD-20260830-4778-0357,CONCESSION_ACCRUAL,12,45,2026-08-30T21:03:00+08:00
5976692f-ccb0-4017-bed2-82079077dd4b,M-1592,ORD-20260830-9881-0358,CONCESSION_ACCRUAL,9,581,2026-08-30T22:17:00+08:00
afa12083-7fa1-4c04-b545-9c96d0b7ce9a,M-1591,ORD-20260830-6897-0359,CONCESSION_ACCRUAL,27,1638,2026-08-30T16:44:00+08:00
e42109a1-50e7-47d4-8f54-50014d7e0173,M-1271,ORD-20260830-5390-0360,CONCESSION_ACCRUAL,25,100,2026-08-30T19:36:00+08:00
19292a39-4627-4fc5-948a-ca417fb2adb4,M-1026,ORD-20260830-3511-0361,CONCESSION_ACCRUAL,18,1510,2026-08-30T09:41:00+08:00
b251f525-e34a-4aef-a43c-8ac4004bccc8,M-1201,ORD-20260830-2417-0362,CONCESSION_ACCRUAL,54,875,2026-08-30T21:13:00+08:00
19c880f1-1b8c-4da5-a356-925a7a424ffd,M-2170,ORD-20260830-9908-0363,CONCESSION_ACCRUAL,6,136,2026-08-30T17:38:00+08:00
67247da0-39a3-4a88-a693-1c01267199a1,M-1922,ORD-20260830-9349-0364,CONCESSION_ACCRUAL,18,438,2026-08-30T14:35:00+08:00
4ff5bec1-3a85-463d-8140-53e6b0070e39,M-1088,ORD-20260830-1714-0365,CONCESSION_ACCRUAL,17,144,2026-08-30T12:30:00+08:00
324581a0-51fd-46c0-a7bf-620430a34715,M-1417,ORD-20260830-4224-0366,CONCESSION_ACCRUAL,16,715,2026-08-30T12:55:00+08:00
2083850f-6049-4304-b681-9b05deb31d59,M-1375,ORD-20260830-1542-0367,CONCESSION_ACCRUAL,22,306,2026-08-30T21:15:00+08:00
11ea9495-5d9b-4110-8e6b-3d3b9729bc6c,M-1825,ORD-20260830-8707-0368,CONCESSION_ACCRUAL,16,168,2026-08-30T11:58:00+08:00
69625121-36cc-459a-919c-8674d3709758,M-1614,ORD-20260830-7712-0369,CONCESSION_ACCRUAL,13,581,2026-08-30T18:16:00+08:00
b0486aed-bac3-4bbe-b0d4-02fdf358f611,M-1690,ORD-20260830-1546-0370,CONCESSION_ACCRUAL,18,321,2026-08-30T10:27:00+08:00
6591e05c-b821-46b8-87e6-5e372d98b856,M-2063,ORD-20260830-6805-0371,CONCESSION_ACCRUAL,8,276,2026-08-30T14:51:00+08:00
f77a6687-7a29-4976-887c-dd09ad0ca79f,M-1447,ORD-20260830-9537-0372,CONCESSION_ACCRUAL,18,347,2026-08-30T18:19:00+08:00
1d6d9a06-dcaa-4aaf-8a8a-8e99073da5a5,M-1563,ORD-20260830-1866-0373,CONCESSION_ACCRUAL,11,231,2026-08-30T14:13:00+08:00
f447513c-8d79-4579-a3cd-483cfbfd50c4,M-1254,ORD-20260830-5183-0374,CONCESSION_ACCRUAL,11,627,2026-08-30T12:12:00+08:00
a24683a9-40e1-4e33-9151-7093201c1509,M-1122,ORD-20260830-1034-0375,CONCESSION_ACCRUAL,15,167,2026-08-30T17:05:00+08:00
ad426a37-fdb0-4944-9230-dbb6952e4dab,M-1396,ORD-20260830-4609-0376,CONCESSION_ACCRUAL,11,208,2026-08-30T16:48:00+08:00
668a592e-48b8-4f1f-a396-e10876b3c2be,M-1223,ORD-20260830-7014-0377,CONCESSION_ACCRUAL,18,118,2026-08-30T22:52:00+08:00
0d05a97a-7ad7-4bdb-9b00-55bdb34a704d,M-1220,ORD-20260830-5703-0378,CONCESSION_ACCRUAL,22,2001,2026-08-30T10:47:00+08:00
e4fef8f8-76d2-4e06-865b-160c76fc9af7,M-1499,ORD-20260830-4386-0379,CONCESSION_ACCRUAL,13,305,2026-08-30T11:16:00+08:00
15cdb1de-e1a4-432e-b689-f9b42b70b9ac,M-1920,ORD-20260830-2749-0380,CONCESSION_ACCRUAL,12,164,2026-08-30T09:31:00+08:00
1f165d3d-f2c9-4e01-be1c-fba8c62b0926,M-1543,ORD-20260830-2280-0381,CONCESSION_ACCRUAL,13,744,2026-08-30T13:01:00+08:00
dec230d0-72ab-4ddb-ae38-75c4b5720057,M-1233,ORD-20260830-4006-0382,CONCESSION_ACCRUAL,29,472,2026-08-30T18:16:00+08:00
5c069940-4f0f-40ec-90e7-3fe78be1c12e,M-1535,ORD-20260830-5201-0383,CONCESSION_ACCRUAL,22,386,2026-08-30T13:50:00+08:00
fa0d6dcb-3e40-49a4-96c8-4665a2bac67f,M-1192,ORD-20260830-2139-0384,CONCESSION_ACCRUAL,27,358,2026-08-30T14:57:00+08:00
4b5c0635-64fd-4cd7-a737-f426467b054d,M-1156,ORD-20260830-2287-0385,CONCESSION_ACCRUAL,45,182,2026-08-30T20:16:00+08:00
c2b27222-5ba7-4c94-bc29-8eb5faa5e711,M-2090,ORD-20260830-7623-0386,CONCESSION_ACCRUAL,20,133,2026-08-30T18:14:00+08:00
e0d2ffc3-b6a9-46d7-9d66-21329e7abd73,M-1237,ORD-20260830-1657-0387,CONCESSION_ACCRUAL,9,348,2026-08-30T10:47:00+08:00
9ee7919b-dde3-4634-9a2a-50904aad963c,M-1576,ORD-20260830-9560-0388,CONCESSION_ACCRUAL,18,1225,2026-08-30T13:42:00+08:00
ba9ccea2-904d-4e16-b801-e72ea00cb6b4,M-1716,ORD-20260830-9633-0389,CONCESSION_ACCRUAL,18,492,2026-08-30T10:19:00+08:00
e8fbc8b5-cb33-49f7-9b0f-5b227bc1fec8,M-2082,ORD-20260830-2377-0390,CONCESSION_ACCRUAL,18,216,2026-08-30T09:10:00+08:00
dfcca91e-26cd-432c-a679-f6e7d60f73eb,M-1322,ORD-20260830-8360-0391,CONCESSION_ACCRUAL,11,449,2026-08-30T10:03:00+08:00
1c93ae4f-590a-4a4f-990b-779b883b66c6,M-1954,ORD-20260830-5282-0392,CONCESSION_ACCRUAL,3,208,2026-08-30T10:00:00+08:00
c80b5ace-4640-4cc4-9309-8beb8e9c4da7,M-1512,ORD-20260830-2859-0393,CONCESSION_ACCRUAL,19,703,2026-08-30T21:16:00+08:00
e1d55e7b-680b-4bf6-b49f-910706d449fc,M-1024,ORD-20260830-3743-0394,CONCESSION_ACCRUAL,24,125,2026-08-30T12:35:00+08:00
693f5764-8627-4049-a452-7a8fc155b89b,M-1033,ORD-20260830-3539-0395,CONCESSION_ACCRUAL,10,144,2026-08-30T15:19:00+08:00
d47b1608-c103-4b82-8129-9452c472c89f,M-1967,ORD-20260830-3864-0396,CONCESSION_ACCRUAL,21,65,2026-08-30T09:48:00+08:00
8f2fc2ef-192e-48c1-baf9-340659b04fb3,M-1220,ORD-20260830-2586-0397,CONCESSION_ACCRUAL,20,2021,2026-08-30T15:08:00+08:00
c3f0344b-23b8-4fbf-998c-907fc279710c,M-2071,ORD-20260830-1690-0398,CONCESSION_ACCRUAL,11,457,2026-08-30T17:09:00+08:00
fe04fd9a-9e22-4216-8aa9-ea086881b772,M-1449,ORD-20260830-6379-0399,CONCESSION_ACCRUAL,23,308,2026-08-30T12:10:00+08:00
abe1e443-e157-4f72-8926-6e5e837ad2fd,M-2072,ORD-20260830-8953-0400,CONCESSION_ACCRUAL,25,332,2026-08-30T21:09:00+08:00
ce79ef94-8a9a-4947-b9f2-ba722475f621,M-1304,ORD-20260830-1982-0401,CONCESSION_ACCRUAL,15,467,2026-08-30T12:38:00+08:00
eeb23b27-4de4-464e-84b4-0205f4446855,M-1592,ORD-20260830-8801-0402,CONCESSION_ACCRUAL,13,594,2026-08-30T22:31:00+08:00
580b7589-9977-4614-a585-a0a3cf1a1d60,M-2186,ORD-20260830-2681-0403,CONCESSION_ACCRUAL,15,401,2026-08-30T22:25:00+08:00
f2d658c4-53c0-4d7c-b472-2828220f32d0,M-1589,ORD-20260830-4124-0404,CONCESSION_ACCRUAL,24,269,2026-08-30T09:19:00+08:00
f532594b-b1f9-43ec-b7df-ba0fc778bc86,M-1857,ORD-20260830-9117-0405,CONCESSION_ACCRUAL,8,98,2026-08-30T18:36:00+08:00
b6f0cbd2-3bd2-48ec-989e-cf00c7fb2a00,M-2181,ORD-20260830-3375-0406,CONCESSION_ACCRUAL,18,179,2026-08-30T13:52:00+08:00
01d4bc69-f19a-49dc-804c-af0eabc2fe96,M-1063,ORD-20260830-3661-0407,CONCESSION_ACCRUAL,30,697,2026-08-30T11:21:00+08:00
c009c9d8-3f45-47be-b108-e163ebe81816,M-2050,ORD-20260830-7945-0408,CONCESSION_ACCRUAL,21,199,2026-08-30T11:32:00+08:00
1201a7ef-7a51-41bb-9a6b-2f7459934d8f,M-1180,ORD-20260830-7413-0409,CONCESSION_ACCRUAL,18,361,2026-08-30T13:53:00+08:00
3a05de95-fee7-4c7f-895d-6bf3b5c4362c,M-1818,ORD-20260830-5947-0410,CONCESSION_ACCRUAL,16,548,2026-08-30T21:18:00+08:00
794262d8-7438-4b9e-a90f-a563d2b698fc,M-1586,ORD-20260830-7073-0411,CONCESSION_ACCRUAL,4,79,2026-08-30T12:26:00+08:00
ad5442d6-1fe4-4254-ac85-63eb9bd14953,M-1494,ORD-20260830-6331-0412,CONCESSION_ACCRUAL,9,721,2026-08-30T09:57:00+08:00
4d7e65a4-c9fb-474f-80d6-2fb2ddbee3e5,M-1413,ORD-20260830-5190-0413,CONCESSION_ACCRUAL,22,148,2026-08-30T20:31:00+08:00
c8b2fcee-ba0c-484b-829c-972353eef33d,M-2125,ORD-20260830-3759-0414,CONCESSION_ACCRUAL,8,242,2026-08-30T10:12:00+08:00
f1f59548-a422-42c2-b01d-977ef5232aee,M-1978,ORD-20260830-9347-0415,CONCESSION_ACCRUAL,11,384,2026-08-30T15:08:00+08:00
a721b8b0-e01b-42aa-95fb-932b7399d696,M-1564,ORD-20260830-7823-0416,CONCESSION_ACCRUAL,4,544,2026-08-30T17:22:00+08:00
