ledger_id,member_id,source_reference_id,transaction_type,points_delta,resulting_balance,created_at
4571e4e2-0f9e-4b4c-9201-7abbd96f2707,M-2105,SESS-20260726-9177-0000,RENTAL_ACCRUAL,8,153,2026-07-26T14:45:00+08:00
a32f03d6-bcdd-4975-80d3-c4b61afbc4b2,M-1175,SESS-20260726-8802-0001,RENTAL_ACCRUAL,18,410,2026-07-27T00:30:00+08:00
8934847b-bba4-45a7-8d50-9307ccb3a8af,M-1182,SESS-20260726-1956-0002,RENTAL_ACCRUAL,5,99,2026-07-26T20:30:00+08:00
eeb9fa5d-b67d-4059-9dde-65382e19fb87,M-1113,SESS-20260726-4582-0003,RENTAL_ACCRUAL,67,453,2026-07-27T01:45:00+08:00
fc99318d-2583-4bba-a548-b5c1205f023d,M-1520,SESS-20260726-6955-0004,RENTAL_REDEMPTION,-100,706,2026-07-26T16:45:00+08:00
200a41de-afec-4f1b-bce2-4e8b6cb575c5,M-1520,SESS-20260726-6955-0004,RENTAL_ACCRUAL,11,717,2026-07-26T18:45:00+08:00
ec66153c-b199-4b1f-bd77-006e9414e1c6,M-1281,SESS-20260726-9130-0005,RENTAL_ACCRUAL,11,645,2026-07-26T23:45:00+08:00
f16abff3-39b6-47c6-bb7a-e4d75cc834f8,M-1349,SESS-20260726-2110-0006,RENTAL_REDEMPTION,-100,205,2026-07-26T14:45:00+08:00
a53a02cc-499d-4b26-840f-92b9e5470aea,M-1349,SESS-20260726-2110-0006,RENTAL_ACCRUAL,5,210,2026-07-26T16:45:00+08:00
7c02cc4d-aa51-4c5f-bc78-d6eabc3ba18a,M-1204,SESS-20260726-4337-0007,RENTAL_REDEMPTION,-100,115,2026-07-26T16:00:00+08:00
d0529e0d-be0f-4af8-b8a4-976df0513946,M-1204,SESS-20260726-4337-0007,RENTAL_ACCRUAL,10,125,2026-07-26T19:00:00+08:00
edd80cf2-09ce-435d-8039-3a9b3605dc89,M-1058,SESS-20260726-4562-0008,RENTAL_REDEMPTION,-100,121,2026-07-26T07:15:00+08:00
c5fb0bbc-a784-4ad5-b80b-f86bbd482376,M-1058,SESS-20260726-4562-0008,RENTAL_ACCRUAL,2,123,2026-07-26T08:15:00+08:00
4021469a-f07f-4d89-be64-7bd5b0ddb8f9,M-1572,SESS-20260726-3426-0009,RENTAL_ACCRUAL,28,181,2026-07-26T11:30:00+08:00
d5699414-71bb-4e13-bb42-c71c04d58a4e,M-1079,SESS-20260726-1530-0010,RENTAL_REDEMPTION,-200,234,2026-07-26T23:30:00+08:00
ad39034f-6ade-4d25-ae2f-45d40e9cb4d0,M-1079,SESS-20260726-1530-0010,RENTAL_ACCRUAL,3,237,2026-07-27T02:30:00+08:00
0ef9a2b4-3ce1-4a0b-bc5b-1516ace4e525,M-1253,SESS-20260726-2503-0011,RENTAL_ACCRUAL,5,50,2026-07-26T18:00:00+08:00
2a72a217-c50d-4339-9ba4-ba824888cd0c,M-1148,SESS-20260726-3547-0012,RENTAL_REDEMPTION,-100,92,2026-07-26T22:15:00+08:00
04c06811-2c3c-4ade-bbae-551676558b2d,M-1148,SESS-20260726-3547-0012,RENTAL_ACCRUAL,11,103,2026-07-27T00:15:00+08:00
240b2500-b077-420b-877c-2f7f5db9f844,M-1462,SESS-20260726-6953-0013,RENTAL_ACCRUAL,18,198,2026-07-26T18:30:00+08:00
6a00d7ea-6eea-45ea-854a-9cea4ef8be43,M-1057,SESS-20260726-2049-0014,RENTAL_ACCRUAL,9,80,2026-07-26T21:15:00+08:00
382dfbd4-a7a0-4f86-aa1d-7465d9b962b8,M-1628,SESS-20260726-3085-0015,RENTAL_ACCRUAL,13,252,2026-07-26T15:00:00+08:00
c4645189-d49f-4cf8-8d39-bfbf4be0ba13,M-1481,SESS-20260726-5501-0016,RENTAL_ACCRUAL,27,229,2026-07-26T22:30:00+08:00
35c8fc38-d588-4e8e-87ae-d1ab44fd2a02,M-1278,SESS-20260726-5239-0017,RENTAL_ACCRUAL,11,322,2026-07-27T01:55:00+08:00
58f8e643-0990-454a-a522-b32523ce2610,M-1688,SESS-20260726-1165-0018,RENTAL_ACCRUAL,6,442,2026-07-26T02:15:00+08:00
57257218-b8c6-431a-abcc-ce189e457595,M-1529,SESS-20260726-4318-0019,RENTAL_REDEMPTION,-100,92,2026-07-26T19:30:00+08:00
bad0de2c-04af-4fda-ad3b-a9ad011b1d8c,M-1529,SESS-20260726-4318-0019,RENTAL_ACCRUAL,11,103,2026-07-26T21:30:00+08:00
237d306c-e0e3-4da5-8374-43509f732564,M-1552,SESS-20260726-5880-0020,RENTAL_ACCRUAL,16,145,2026-07-26T16:45:00+08:00
74c88421-5fb6-41fa-937b-8c3d89b1fdd1,M-1785,SESS-20260726-5572-0021,RENTAL_REDEMPTION,-100,203,2026-07-26T20:45:00+08:00
759dc1b2-824e-4824-84e7-d52cbf9f8f18,M-1785,SESS-20260726-5572-0021,RENTAL_ACCRUAL,5,208,2026-07-26T22:45:00+08:00
55b3d1bd-f6e2-4a3b-a7a1-403bef79b914,M-1264,SESS-20260726-3781-0022,RENTAL_ACCRUAL,9,525,2026-07-26T21:15:00+08:00
b0fd0c47-7802-46bf-bba3-800bf79ed7b4,M-2079,SESS-20260726-6377-0023,RENTAL_ACCRUAL,16,275,2026-07-26T23:15:00+08:00
8f930644-1ade-4743-8be5-8b9a9df20e5b,M-1247,SESS-20260726-3850-0024,RENTAL_REDEMPTION,-100,2229,2026-07-26T19:30:00+08:00
896799c3-ba92-4ae5-b2b8-5b29b6fc8346,M-1247,SESS-20260726-3850-0024,RENTAL_ACCRUAL,2,2231,2026-07-26T20:30:00+08:00
20c9675d-1ca2-4ef2-8e46-cf1f1e4d85fb,M-1286,SESS-20260726-7590-0025,RENTAL_ACCRUAL,40,347,2026-07-26T18:30:00+08:00
67dc3dcb-0dfe-4601-b0e7-315dfd730ad4,M-1793,SESS-20260726-2879-0026,RENTAL_ACCRUAL,48,847,2026-07-26T10:45:00+08:00
66c72c4e-61b5-4230-97dd-42298c1e47c0,M-1572,SESS-20260726-3766-0027,RENTAL_ACCRUAL,11,192,2026-07-26T23:00:00+08:00
c2a2aeb3-60e2-4b77-b870-0c785e6d0605,M-1260,SESS-20260726-4047-0028,RENTAL_ACCRUAL,6,266,2026-07-26T17:00:00+08:00
948b86e5-30a7-433a-92c5-76f959cde3a4,M-1343,SESS-20260726-4277-0029,RENTAL_ACCRUAL,27,278,2026-07-26T15:45:00+08:00
21261362-d8f7-4f8f-8ed5-060da64d3085,M-1351,SESS-20260726-5137-0030,RENTAL_ACCRUAL,72,239,2026-07-26T21:45:00+08:00
fc0c35be-20c4-4c5f-a11b-15fe6b750258,M-1844,SESS-20260726-4152-0031,RENTAL_ACCRUAL,5,5,2026-07-26T23:15:00+08:00
1fc45bee-b82f-47b3-bdfc-78ab25362b87,M-1236,SESS-20260726-1571-0032,RENTAL_REDEMPTION,-200,297,2026-07-26T14:15:00+08:00
e2529adc-12f7-48c3-a176-983a01050a4b,M-1236,SESS-20260726-1571-0032,RENTAL_ACCRUAL,5,302,2026-07-26T16:15:00+08:00
219652f0-24aa-4153-acaf-c2cd179063e6,M-1416,SESS-20260726-7230-0033,RENTAL_ACCRUAL,19,2345,2026-07-26T22:40:00+08:00
c12b9d3f-06b6-4fdb-a8c9-218d1d7798b7,M-2034,SESS-20260726-7127-0034,RENTAL_ACCRUAL,25,97,2026-07-27T02:30:00+08:00
d97a91f4-ea41-465a-9741-ab5a993a1b37,M-1729,SESS-20260726-6443-0035,RENTAL_ACCRUAL,27,208,2026-07-26T15:30:00+08:00
0b208b9f-6bad-4dbf-9a05-0e9863047827,M-1062,SESS-20260726-3944-0036,RENTAL_ACCRUAL,45,433,2026-07-27T00:30:00+08:00
4b54c09e-b2eb-4e69-a584-4fed6d273024,M-2091,SESS-20260726-5664-0037,RENTAL_ACCRUAL,5,195,2026-07-26T20:00:00+08:00
3ded34f3-5572-48e6-ab6e-01366ce8e516,M-1637,SESS-20260726-4538-0038,RENTAL_ACCRUAL,12,1440,2026-07-26T16:30:00+08:00
cd4e17d8-2c91-45a9-a4fb-1a2ebbe03026,M-1426,SESS-20260726-7967-0039,RENTAL_ACCRUAL,72,1013,2026-07-26T16:25:00+08:00
a556ee00-7958-4ead-aa30-b9e2562ac2d4,M-1604,SESS-20260726-1816-0040,RENTAL_REDEMPTION,-200,70,2026-07-26T20:45:00+08:00
6fe6c287-d77a-4be1-877d-c782dd54a1af,M-1604,SESS-20260726-1816-0040,RENTAL_ACCRUAL,4,74,2026-07-26T23:45:00+08:00
163b970f-c1d5-49d7-b2a1-8e967764cf14,M-1753,SESS-20260726-7425-0041,RENTAL_ACCRUAL,27,416,2026-07-26T19:15:00+08:00
01e3f464-e108-4dc0-9eac-c0133353a60c,M-2175,SESS-20260726-7153-0042,RENTAL_ACCRUAL,9,96,2026-07-26T23:15:00+08:00
b1f0160e-7d89-4f14-a9f6-c355e7f098f0,M-1806,SESS-20260726-9726-0043,RENTAL_ACCRUAL,24,72,2026-07-26T22:30:00+08:00
c0db6f0d-8622-446e-b167-9bb92006798f,M-1518,SESS-20260726-3829-0044,RENTAL_ACCRUAL,9,381,2026-07-26T22:50:00+08:00
e5acb0fb-72fe-4fa7-9930-b27a6ad09395,M-1820,SESS-20260726-1167-0045,RENTAL_REDEMPTION,-100,276,2026-07-26T20:15:00+08:00
942e475f-5316-485e-9838-d3d2f7575311,M-1820,SESS-20260726-1167-0045,RENTAL_ACCRUAL,101,377,2026-07-27T04:15:00+08:00
e42201b8-cf9b-4d7f-87b4-26b3d83c8d81,M-2113,SESS-20260726-2154-0046,RENTAL_ACCRUAL,5,27,2026-07-26T17:30:00+08:00
83e79787-113d-46eb-b80b-688f06c792ac,M-1817,SESS-20260726-9754-0047,RENTAL_ACCRUAL,45,306,2026-07-26T22:00:00+08:00
80655f4b-b5f5-41a5-b129-81093fe0aec8,M-1480,SESS-20260726-9211-0048,RENTAL_ACCRUAL,24,61,2026-07-27T00:15:00+08:00
84029203-b123-430b-88cb-01e5c56dead1,M-1067,SESS-20260726-1896-0049,RENTAL_ACCRUAL,28,652,2026-07-26T22:30:00+08:00
6cffc870-5505-4fae-a9b8-da23974da5bf,M-1671,SESS-20260726-5369-0050,RENTAL_ACCRUAL,27,251,2026-07-26T19:45:00+08:00
f6f4e1cf-bb5e-4054-916e-5117b40a0871,M-1596,SESS-20260726-7789-0051,RENTAL_REDEMPTION,-200,335,2026-07-26T18:00:00+08:00
dab03722-d468-474c-b247-88d11b426c0e,M-1596,SESS-20260726-7789-0051,RENTAL_ACCRUAL,5,340,2026-07-26T20:00:00+08:00
f684954d-13e0-43ce-8c6c-d17755b4b693,M-1109,SESS-20260726-4375-0052,RENTAL_ACCRUAL,27,349,2026-07-27T01:55:00+08:00
cd79d41c-cf39-4d01-8861-87e794d8150c,M-1519,SESS-20260726-3749-0053,RENTAL_ACCRUAL,11,391,2026-07-26T15:00:00+08:00
59aec648-212a-48df-be36-72e488806204,M-1752,SESS-20260726-4128-0054,RENTAL_ACCRUAL,6,2477,2026-07-26T19:00:00+08:00
2d0a8c3e-3086-41a2-b36a-4f41babe6d00,M-1798,SESS-20260726-4153-0055,RENTAL_REDEMPTION,-100,312,2026-07-26T20:30:00+08:00
5afef6de-e3be-4cce-9611-fb818f9cc0b7,M-1798,SESS-20260726-4153-0055,RENTAL_ACCRUAL,5,317,2026-07-26T22:30:00+08:00
087da199-f2fa-4f31-ae5c-20864ba299dd,M-1705,SESS-20260726-8788-0056,RENTAL_ACCRUAL,40,332,2026-07-27T01:45:00+08:00
6e52f892-3aef-470c-a2bb-1e1a0d5d1d72,M-1930,SESS-20260726-8521-0057,RENTAL_ACCRUAL,9,236,2026-07-26T23:45:00+08:00
d2825773-c27e-41be-8360-0813e64968ac,M-1188,SESS-20260726-6360-0058,RENTAL_ACCRUAL,6,497,2026-07-26T18:45:00+08:00
6ac780c8-abdd-436d-b794-b5aa6b31e717,M-2005,SESS-20260726-1964-0059,RENTAL_ACCRUAL,10,41,2026-07-26T22:30:00+08:00
ca08a162-b1de-44ab-baee-84838cb1a7e9,M-1925,SESS-20260726-3474-0060,RENTAL_ACCRUAL,18,276,2026-07-26T21:00:00+08:00
49c71699-64cd-49e9-a765-6f90d82a74f2,M-1117,SESS-20260726-5791-0061,RENTAL_ACCRUAL,8,75,2026-07-26T17:45:00+08:00
2de5c29b-7d54-42ff-ab1c-a22c322b54bc,M-1075,SESS-20260726-5913-0062,RENTAL_ACCRUAL,11,176,2026-07-27T01:15:00+08:00
6ce8e8ad-5703-4c41-a127-ddc350bbe295,M-1742,SESS-20260726-1580-0063,RENTAL_ACCRUAL,28,75,2026-07-27T01:40:00+08:00
780db7bd-c0bb-40ae-b768-72c683d69ab9,M-1733,SESS-20260726-8740-0064,RENTAL_ACCRUAL,13,193,2026-07-26T15:45:00+08:00
e426114f-7c1a-4b51-a634-0575de632964,M-2077,SESS-20260726-2413-0065,RENTAL_ACCRUAL,25,142,2026-07-27T01:15:00+08:00
eb5cef39-6386-4cda-baff-b13f3600dedf,M-1163,SESS-20260726-8552-0066,RENTAL_ACCRUAL,27,193,2026-07-27T01:00:00+08:00
0118f467-3125-402b-9642-c07579a208e6,M-1771,SESS-20260726-9862-0067,RENTAL_ACCRUAL,40,56,2026-07-26T19:45:00+08:00
c14efac3-66fb-479b-82fe-117203bd0871,M-1539,SESS-20260726-5629-0068,RENTAL_REDEMPTION,-200,1452,2026-07-26T14:00:00+08:00
5591dc52-83dd-44c8-8764-ed248625b8b0,M-1539,SESS-20260726-5629-0068,RENTAL_ACCRUAL,4,1456,2026-07-26T16:00:00+08:00
c7a0f6f7-8ec3-40a1-aeb3-bd39c05fb2bc,M-1434,SESS-20260726-4342-0069,RENTAL_ACCRUAL,72,140,2026-07-27T06:00:00+08:00
1e10ddeb-8980-487e-9a53-03ef4198198f,M-1784,SESS-20260726-6339-0070,RENTAL_ACCRUAL,16,340,2026-07-26T14:00:00+08:00
371ff7e1-0dac-43f2-b0ce-da018d902fb1,M-1485,SESS-20260726-1576-0071,RENTAL_ACCRUAL,40,178,2026-07-26T07:15:00+08:00
4cbf5887-9a85-46f5-9392-0b63a7d0a831,M-1679,SESS-20260726-4055-0072,RENTAL_REDEMPTION,-100,383,2026-07-26T20:00:00+08:00
9a6e9ee8-8929-4b8c-94e7-7884c68cdecc,M-1679,SESS-20260726-4055-0072,RENTAL_ACCRUAL,5,388,2026-07-26T22:00:00+08:00
2700ce60-a5ae-47b6-bc76-04dd71e60f3d,M-1042,SESS-20260726-4999-0073,RENTAL_ACCRUAL,27,159,2026-07-27T00:45:00+08:00
d017da80-0bcd-486b-92c8-3ea5625a539b,M-1005,SESS-20260726-2064-0074,RENTAL_REDEMPTION,-100,88,2026-07-26T22:45:00+08:00
ab84b31d-9a8f-4912-a26c-a1a68939e4b1,M-1005,SESS-20260726-2064-0074,RENTAL_ACCRUAL,20,108,2026-07-27T01:45:00+08:00
bf1ff72a-02d4-46fd-a794-2325d21da752,M-1409,SESS-20260726-2460-0075,RENTAL_ACCRUAL,5,232,2026-07-26T13:00:00+08:00
c16fc074-7fce-43a8-a838-8ade6e64aaa8,M-1724,SESS-20260726-3380-0076,RENTAL_REDEMPTION,-100,166,2026-07-26T15:30:00+08:00
34a363f0-d9ab-4d35-b67c-8b0bbb3e7958,M-1724,SESS-20260726-3380-0076,RENTAL_ACCRUAL,21,187,2026-07-26T20:30:00+08:00
af22f1a1-9608-4cc0-aa97-96138bac3fe6,M-1183,SESS-20260726-3060-0077,RENTAL_ACCRUAL,45,102,2026-07-26T23:15:00+08:00
cb0635b2-f443-46c2-82df-f9df2d1ed5ba,M-1342,SESS-20260726-6031-0078,RENTAL_ACCRUAL,16,233,2026-07-27T02:15:00+08:00
e136115e-dadc-4255-b4c0-80a64a61b9d9,M-1383,SESS-20260726-2431-0079,RENTAL_ACCRUAL,18,156,2026-07-26T17:15:00+08:00
15fcf82b-1ee6-4916-a398-09f31b734a05,M-1481,SESS-20260726-3117-0080,RENTAL_ACCRUAL,5,234,2026-07-27T00:25:00+08:00
ff201791-31f9-477c-9d57-23b84b320ec1,M-1687,SESS-20260726-3191-0081,RENTAL_ACCRUAL,27,351,2026-07-26T21:00:00+08:00
db5434de-2ad3-4a6f-976f-afe2c19c7fc6,M-1691,SESS-20260726-1073-0082,RENTAL_ACCRUAL,11,410,2026-07-26T23:30:00+08:00
d1c417a4-0bc0-4982-a3a7-1e5818f557ef,M-1756,SESS-20260726-9111-0083,RENTAL_ACCRUAL,43,1575,2026-07-26T23:00:00+08:00
de3cf091-947b-43fd-b0ce-5ded5f05e2d7,M-2148,SESS-20260726-9420-0084,RENTAL_ACCRUAL,16,58,2026-07-27T01:30:00+08:00
55c3f180-5a3f-422c-ad9e-b4375117179a,M-1743,SESS-20260726-5015-0085,RENTAL_ACCRUAL,16,462,2026-07-26T19:50:00+08:00
fb9ea675-1fca-42b5-b214-7f28ef59364d,M-2101,SESS-20260726-3743-0086,RENTAL_ACCRUAL,60,130,2026-07-27T02:00:00+08:00
0a31a9f3-6838-4b32-967c-f57a8a4d545d,M-1423,SESS-20260726-3549-0087,RENTAL_ACCRUAL,28,376,2026-07-26T14:15:00+08:00
314f0f18-2d59-4396-a275-5282e43984f6,M-1535,SESS-20260726-7798-0088,RENTAL_ACCRUAL,18,212,2026-07-26T23:35:00+08:00
8e4dd983-0cd0-4f62-8e3c-cb5617f88e8b,M-1065,SESS-20260726-9818-0089,RENTAL_REDEMPTION,-300,493,2026-07-26T10:50:00+08:00
42b30415-bf01-4b8c-a4d7-da5af9fe5fdc,M-1065,SESS-20260726-9818-0089,RENTAL_ACCRUAL,7,500,2026-07-26T15:50:00+08:00
79cc78c8-feb1-4bfc-963b-55b2754bd087,M-1467,SESS-20260726-2368-0090,RENTAL_ACCRUAL,5,361,2026-07-26T21:45:00+08:00
3e49f80e-4f8b-471b-9654-4139f4dd1ff0,M-1324,SESS-20260726-2634-0091,RENTAL_ACCRUAL,18,290,2026-07-26T19:30:00+08:00
b6eb7a08-199c-4df1-9307-bda9e2d9d27a,M-1399,SESS-20260726-9791-0092,RENTAL_REDEMPTION,-100,90,2026-07-26T23:30:00+08:00
25fd84a2-cc7d-4200-bb67-8b1777146ab4,M-1399,SESS-20260726-9791-0092,RENTAL_ACCRUAL,38,128,2026-07-27T04:30:00+08:00
91d31feb-084c-4ddf-9f89-3fb2b0acaa7e,M-1455,SESS-20260726-9162-0093,RENTAL_ACCRUAL,11,406,2026-07-26T03:25:00+08:00
2e6002fe-175e-4a01-b2c1-47198c5cde79,M-1932,SESS-20260726-3268-0094,RENTAL_ACCRUAL,16,80,2026-07-26T13:00:00+08:00
1d5107e3-9453-4167-80f2-91a2e0946aaa,M-1261,SESS-20260726-4817-0095,RENTAL_ACCRUAL,9,302,2026-07-26T20:00:00+08:00
8e37a323-321f-40bf-97eb-c07ca77d5063,M-1252,SESS-20260726-3963-0096,RENTAL_REDEMPTION,-100,253,2026-07-26T23:50:00+08:00
aff73428-ee1c-4462-8731-6d7343b012f6,M-1252,SESS-20260726-3963-0096,RENTAL_ACCRUAL,4,257,2026-07-27T01:50:00+08:00
6859878a-f4a7-4e3d-b9dc-b9e6bade227d,M-1504,SESS-20260726-5643-0097,RENTAL_ACCRUAL,13,172,2026-07-26T22:00:00+08:00
a8b597d5-a940-40f7-a065-dc41ef43bba4,M-2033,SESS-20260726-7818-0098,RENTAL_ACCRUAL,12,153,2026-07-26T20:30:00+08:00
8da59adf-ecb1-47ac-8f48-defbad9fb6bb,M-1041,SESS-20260726-8421-0099,RENTAL_ACCRUAL,30,986,2026-07-26T17:30:00+08:00
c52482b8-6b97-45d3-b311-038b2cfdde22,M-1870,SESS-20260726-3001-0100,RENTAL_ACCRUAL,11,85,2026-07-26T22:45:00+08:00
40ece649-7230-4035-9118-1234ea63144b,M-2095,SESS-20260726-8355-0101,RENTAL_REDEMPTION,-100,53,2026-07-26T20:45:00+08:00
a25793e4-f108-44cc-977b-9ce0400b2ae0,M-2095,SESS-20260726-8355-0101,RENTAL_ACCRUAL,3,56,2026-07-26T21:45:00+08:00
72d3a2af-060d-4475-b92f-e3ead16122bd,M-1432,SESS-20260726-9894-0102,RENTAL_ACCRUAL,76,3147,2026-07-27T01:30:00+08:00
13d57499-e39d-498d-bdff-99639e67f4ae,M-1280,SESS-20260726-6780-0103,RENTAL_ACCRUAL,28,365,2026-07-26T17:15:00+08:00
8c71b8ca-6d58-42e7-b5e4-36f13520a27c,M-1679,SESS-20260726-3283-0104,RENTAL_ACCRUAL,28,416,2026-07-27T04:00:00+08:00
d82444ea-c185-4166-8eca-43458630fe5b,M-1874,SESS-20260726-5345-0105,RENTAL_ACCRUAL,16,54,2026-07-26T15:45:00+08:00
e2a78f5d-2d42-47df-b7ba-7099f735f7e8,M-1017,SESS-20260726-9225-0106,RENTAL_ACCRUAL,16,233,2026-07-27T00:55:00+08:00
fc0cdb5e-4f39-4341-acef-32a8e7ca7ce6,M-1020,SESS-20260726-2992-0107,RENTAL_ACCRUAL,5,178,2026-07-27T00:20:00+08:00
6ef01400-6893-4a3c-b8b4-b5ae7fa98618,M-1516,SESS-20260726-5462-0108,RENTAL_ACCRUAL,18,320,2026-07-26T15:00:00+08:00
5f6475c2-c573-47a4-97bf-1e716d17065b,M-1548,SESS-20260726-7332-0109,RENTAL_ACCRUAL,19,568,2026-07-26T17:45:00+08:00
46da0580-388b-4df1-b815-2f36d016e2d7,M-1469,SESS-20260726-5867-0110,RENTAL_ACCRUAL,11,204,2026-07-26T18:15:00+08:00
6f8b6fc0-7263-46a4-a132-9cd9b6b9af69,M-1184,SESS-20260726-2333-0111,RENTAL_REDEMPTION,-100,686,2026-07-26T08:45:00+08:00
c009d081-c359-497e-b665-5f2de7731a53,M-1184,SESS-20260726-2333-0111,RENTAL_ACCRUAL,21,707,2026-07-26T10:45:00+08:00
f205a618-e261-4f0f-bc82-93250c114ef2,M-1140,SESS-20260726-4196-0112,RENTAL_ACCRUAL,28,369,2026-07-26T22:00:00+08:00
ca16283b-673b-4f27-a95c-906527ad75fb,M-1119,SESS-20260726-4093-0113,RENTAL_ACCRUAL,5,246,2026-07-26T15:15:00+08:00
98b4b461-279f-4832-8b8b-d9fca4b987e6,M-1638,SESS-20260726-7843-0114,RENTAL_ACCRUAL,16,459,2026-07-26T17:30:00+08:00
ea1521b7-2736-4475-a4c9-9016aaab71a0,M-1496,SESS-20260726-9069-0115,RENTAL_ACCRUAL,5,235,2026-07-26T03:00:00+08:00
0cf316a0-43bb-42c0-aa7e-379d843289e5,M-1714,SESS-20260726-8475-0116,RENTAL_ACCRUAL,16,177,2026-07-26T22:45:00+08:00
eca46f58-dda3-4693-b85b-f318fe7b8291,M-1476,SESS-20260726-2433-0117,RENTAL_ACCRUAL,28,469,2026-07-26T21:15:00+08:00
3e5139d2-9e79-4f40-8f16-ded3aeaae540,M-1618,SESS-20260726-4480-0118,RENTAL_ACCRUAL,5,297,2026-07-26T20:45:00+08:00
59c8165e-8abc-4497-a270-554658d38507,M-1099,SESS-20260726-1417-0119,RENTAL_ACCRUAL,5,340,2026-07-26T19:15:00+08:00
64ac63b6-a102-460c-9e67-4961b94fe188,M-1490,SESS-20260726-9427-0120,RENTAL_ACCRUAL,11,95,2026-07-26T22:45:00+08:00
30153275-5333-44b6-87dd-e59cb4cd3f33,M-2195,SESS-20260726-4750-0121,RENTAL_ACCRUAL,25,132,2026-07-26T21:00:00+08:00
5729c338-5faf-4270-9e8e-346a5e5cb13f,M-1287,SESS-20260726-5828-0122,RENTAL_ACCRUAL,27,144,2026-07-27T00:15:00+08:00
105d729e-5983-4545-a8c9-cd936107ba8d,M-2127,SESS-20260726-8751-0123,RENTAL_ACCRUAL,5,85,2026-07-26T20:45:00+08:00
02b03367-2360-48a0-8175-47941b740300,M-1978,SESS-20260726-8671-0124,RENTAL_ACCRUAL,10,141,2026-07-27T00:30:00+08:00
19180c18-dbdf-444a-bd6c-8e39e3bd1f43,M-1048,SESS-20260726-8821-0125,RENTAL_ACCRUAL,11,218,2026-07-26T07:30:00+08:00
d3f077d6-0392-423a-a521-09aa57f25338,M-1307,SESS-20260726-3865-0126,RENTAL_ACCRUAL,5,336,2026-07-26T23:30:00+08:00
5b99493d-8ad4-4603-8d65-c419b11bcac0,M-1720,SESS-20260726-7816-0127,RENTAL_ACCRUAL,28,206,2026-07-27T04:15:00+08:00
839738fc-3ba6-41a5-811c-d6f0b70275fb,M-2074,SESS-20260726-8061-0128,RENTAL_ACCRUAL,36,191,2026-07-26T23:15:00+08:00
3de48caa-ee35-480d-a44e-acbda0178fc6,M-1159,SESS-20260726-6976-0129,RENTAL_ACCRUAL,5,158,2026-07-26T18:45:00+08:00
cddd6c71-a578-4f1f-af93-ff2eb2fb6ef9,M-1041,SESS-20260726-9593-0130,RENTAL_REDEMPTION,-100,886,2026-07-26T22:15:00+08:00
2b8cbf63-0456-4c1f-bbb8-d9f738386d2e,M-1041,SESS-20260726-9593-0130,RENTAL_ACCRUAL,4,890,2026-07-27T00:15:00+08:00
3d136e00-e038-4cd4-91b1-97c5ebb6d244,M-1146,SESS-20260726-6652-0131,RENTAL_ACCRUAL,18,2628,2026-07-26T23:30:00+08:00
e5323264-1402-4437-b369-66e4ff6f49f2,M-1699,SESS-20260726-9492-0132,RENTAL_ACCRUAL,11,245,2026-07-26T21:10:00+08:00
d77109e0-0fd2-4597-8d17-3ac61f5362ef,M-1301,SESS-20260726-7496-0133,RENTAL_REDEMPTION,-100,8,2026-07-26T23:20:00+08:00
0639a522-ff66-407b-8b5a-fe039b2c8778,M-1301,SESS-20260726-7496-0133,RENTAL_ACCRUAL,5,13,2026-07-27T01:20:00+08:00
7f7971cf-c656-49c2-a2fa-ea337c13be9a,M-1097,SESS-20260726-3302-0134,RENTAL_REDEMPTION,-100,97,2026-07-26T23:40:00+08:00
38f6938e-7d99-4200-a9fc-4c6ee82e81d2,M-1097,SESS-20260726-3302-0134,RENTAL_ACCRUAL,21,118,2026-07-27T04:40:00+08:00
263498ad-3dd7-42d7-b5da-401de967c37e,M-1891,SESS-20260726-5282-0135,RENTAL_ACCRUAL,15,76,2026-07-26T08:50:00+08:00
ce6601ea-5164-4562-a5bd-22e3daebfb8b,M-1569,SESS-20260726-6551-0136,RENTAL_ACCRUAL,5,308,2026-07-26T13:15:00+08:00
bfc93bbd-13cb-4a01-8661-ad455fd30167,M-1370,SESS-20260726-1225-0137,RENTAL_ACCRUAL,8,327,2026-07-27T00:20:00+08:00
7d4c138d-ce98-4273-82b1-3c2bf1501983,M-1579,SESS-20260726-3545-0138,RENTAL_REDEMPTION,-100,2508,2026-07-26T23:45:00+08:00
5478af2d-a53e-4741-b416-fa9d344146c3,M-1579,SESS-20260726-3545-0138,RENTAL_ACCRUAL,4,2512,2026-07-27T01:45:00+08:00
40f9c925-1357-4b6e-8939-93003e770171,M-1029,SESS-20260726-3209-0139,RENTAL_ACCRUAL,5,611,2026-07-26T21:40:00+08:00
9ed34454-8887-4a98-b985-114033697831,M-1376,SESS-20260726-8017-0140,RENTAL_ACCRUAL,5,406,2026-07-27T00:00:00+08:00
4fdd6e23-2fb2-4543-8531-8d647dba9e9c,M-1749,SESS-20260726-9739-0141,RENTAL_ACCRUAL,12,59,2026-07-26T20:45:00+08:00
1c8c4c63-75f9-4611-be6e-96b5cde39b7c,M-1812,SESS-20260726-1575-0142,RENTAL_ACCRUAL,40,358,2026-07-26T22:30:00+08:00
81a54840-777c-4fc0-9950-9a6422a2926e,M-1812,TIER_UPGRADE_Standard_TO_Silver,TIER_BONUS,50,408,2026-07-26T22:30:00+08:00
58555e28-f113-4376-a309-96d25024049e,M-1011,SESS-20260726-9888-0143,RENTAL_ACCRUAL,5,911,2026-07-26T23:45:00+08:00
6bbf21f1-44e8-46a3-9879-a099aac4694b,M-1181,SESS-20260726-4181-0144,RENTAL_ACCRUAL,11,468,2026-07-26T10:45:00+08:00
f9b75a83-5995-4b05-8979-4798801530b1,M-1665,SESS-20260726-5141-0145,RENTAL_ACCRUAL,6,1365,2026-07-26T20:30:00+08:00
42516b0e-3b11-481f-8977-3e07cb1213e1,M-1242,SESS-20260726-7308-0146,RENTAL_ACCRUAL,16,287,2026-07-26T17:30:00+08:00
5f53178f-eee7-41eb-ade8-107efbf8f2a7,M-1638,SESS-20260726-9178-0147,RENTAL_ACCRUAL,5,464,2026-07-26T22:45:00+08:00
c98bd414-8879-479a-9252-23ae0d964729,M-1587,SESS-20260726-7098-0148,RENTAL_REDEMPTION,-200,682,2026-07-26T21:00:00+08:00
44a0a44a-463b-45df-b8bc-87498d9c80e8,M-1587,SESS-20260726-7098-0148,RENTAL_ACCRUAL,3,685,2026-07-27T00:00:00+08:00
de58aba4-e332-43db-862b-888f62339b73,M-1185,SESS-20260726-6915-0149,RENTAL_ACCRUAL,18,349,2026-07-27T00:45:00+08:00
15c55f51-0697-4e0c-abd4-58274b5a1247,M-1641,SESS-20260726-9841-0150,RENTAL_ACCRUAL,5,224,2026-07-26T20:30:00+08:00
a106a0f7-b920-451d-b1bc-c5f097300329,M-1358,SESS-20260726-6418-0151,RENTAL_ACCRUAL,11,213,2026-07-26T15:30:00+08:00
a9bab6aa-ec86-48ca-a1a7-9dc7fb8a5272,M-1192,SESS-20260726-9066-0152,RENTAL_REDEMPTION,-100,156,2026-07-26T23:40:00+08:00
ba827f93-c500-442e-ab46-3392eeab1277,M-1192,SESS-20260726-9066-0152,RENTAL_ACCRUAL,10,166,2026-07-27T02:40:00+08:00
c2d09971-4563-45ad-a002-128bae7f77ed,M-1649,SESS-20260726-7270-0153,RENTAL_ACCRUAL,11,400,2026-07-26T18:00:00+08:00
bc948859-2d8d-4e38-a5e4-38b1fd52c81d,M-1199,SESS-20260726-9605-0154,RENTAL_REDEMPTION,-100,247,2026-07-26T16:30:00+08:00
6af26467-53b3-4ad1-8ef7-fec7ec1394ec,M-1199,SESS-20260726-9605-0154,RENTAL_ACCRUAL,5,252,2026-07-26T18:30:00+08:00
73041223-d5be-4441-ae86-b73f48342146,M-1782,SESS-20260726-7061-0155,RENTAL_REDEMPTION,-300,90,2026-07-26T19:45:00+08:00
368ded48-3673-4fdc-ae7b-306d0fd77c29,M-1782,SESS-20260726-7061-0155,RENTAL_ACCRUAL,20,110,2026-07-26T22:45:00+08:00
b1d1d075-5ae4-4a49-9488-fcf76699b2b0,M-1311,SESS-20260726-7567-0156,RENTAL_ACCRUAL,11,148,2026-07-27T00:50:00+08:00
40ff0127-ef4e-41fe-9207-828bf36b573d,M-1475,SESS-20260726-5379-0157,RENTAL_ACCRUAL,11,470,2026-07-26T18:45:00+08:00
0ea85670-31d6-48da-9450-bb597194ab18,M-1578,SESS-20260726-7302-0158,RENTAL_ACCRUAL,45,117,2026-07-27T04:45:00+08:00
bfbd34b8-67ec-4a4c-be48-537ab4b5b23b,M-2017,SESS-20260726-8318-0159,RENTAL_REDEMPTION,-100,35,2026-07-26T14:15:00+08:00
dff464d7-9f26-47a6-9a64-96c3395ee205,M-2017,SESS-20260726-8318-0159,RENTAL_ACCRUAL,10,45,2026-07-26T17:15:00+08:00
6dda28e0-a6ca-42c6-a94a-da7ad457402a,M-1562,SESS-20260726-3039-0160,RENTAL_ACCRUAL,28,958,2026-07-27T04:00:00+08:00
b2217cce-1b43-4381-8526-a90ce1183fe4,M-1715,SESS-20260726-9916-0161,RENTAL_ACCRUAL,9,225,2026-07-26T18:30:00+08:00
fa4a56bd-6ab5-4dd2-acce-294e0c9b8baa,M-1238,SESS-20260726-4677-0162,RENTAL_REDEMPTION,-100,139,2026-07-26T23:00:00+08:00
17b153a9-a64c-460e-8aba-045b40bac62d,M-1238,SESS-20260726-4677-0162,RENTAL_ACCRUAL,38,177,2026-07-27T04:00:00+08:00
256e7fdc-5769-4a4b-8265-0ea48145cf82,M-1176,SESS-20260726-8806-0163,RENTAL_ACCRUAL,13,205,2026-07-26T23:15:00+08:00
7e5b2ff2-4e99-4308-876c-429093265e0a,M-1153,SESS-20260726-1164-0164,RENTAL_REDEMPTION,-200,0,2026-07-26T23:25:00+08:00
8f5b450e-325d-4997-b18c-282e36104e9c,M-1153,SESS-20260726-1164-0164,RENTAL_ACCRUAL,14,14,2026-07-27T01:25:00+08:00
f4cc1b76-7b70-4102-b467-55b44b166d1e,M-1635,SESS-20260726-3752-0165,RENTAL_ACCRUAL,16,226,2026-07-27T01:35:00+08:00
e3148030-7a8b-43b9-aaab-57637cdb9c6a,M-1532,SESS-20260726-3906-0166,RENTAL_ACCRUAL,18,97,2026-07-26T17:30:00+08:00
f4700f0a-5548-42e5-8076-00e3141bbe5f,M-1503,SESS-20260726-9421-0167,RENTAL_ACCRUAL,67,579,2026-07-26T23:00:00+08:00
879201f0-2b07-4c5a-b957-5ba9b6c6c0c4,M-1134,SESS-20260726-8984-0168,RENTAL_ACCRUAL,28,320,2026-07-27T01:35:00+08:00
722ae419-965c-4c65-93f3-0c855d6bbe8b,M-1683,SESS-20260726-2272-0169,RENTAL_ACCRUAL,6,877,2026-07-26T19:05:00+08:00
92a00674-d3a8-4df3-bdd7-f494be72d390,M-1414,SESS-20260726-8198-0170,RENTAL_ACCRUAL,40,312,2026-07-26T19:45:00+08:00
8ef39e8d-3743-4926-bff6-82d98c458c66,M-1224,SESS-20260726-8361-0171,RENTAL_ACCRUAL,18,334,2026-07-26T22:15:00+08:00
2816d0de-8e14-46af-8364-bd7bb69e4640,M-1259,SESS-20260726-7842-0172,RENTAL_ACCRUAL,11,363,2026-07-26T22:15:00+08:00
0f063dfc-ce8c-4bd0-908a-85db7fac05e1,M-1685,SESS-20260726-2897-0173,RENTAL_REDEMPTION,-200,1,2026-07-26T18:15:00+08:00
6e6757d0-560e-46f9-bc3b-aa7d61a9a070,M-1685,SESS-20260726-2897-0173,RENTAL_ACCRUAL,15,16,2026-07-26T23:15:00+08:00
f3aeffea-f92d-4c8a-a6ae-c43afd8f716e,M-1841,SESS-20260726-4386-0174,RENTAL_ACCRUAL,28,491,2026-07-27T04:20:00+08:00
bbbb54e4-f18a-4980-bb91-537ca21a9d33,M-1789,SESS-20260726-1923-0175,RENTAL_ACCRUAL,11,156,2026-07-26T22:45:00+08:00
3083029d-c457-4b7d-a222-27fd3390de15,M-1708,SESS-20260726-5904-0176,RENTAL_ACCRUAL,11,261,2026-07-26T22:15:00+08:00
72233ac9-2e0b-48b2-86ac-91a74567d6ef,M-1357,SESS-20260726-8268-0177,RENTAL_ACCRUAL,16,105,2026-07-27T00:15:00+08:00
6fdc06fe-8e67-43b1-8753-07e11dc5ff5e,M-2004,SESS-20260726-1759-0178,RENTAL_ACCRUAL,40,80,2026-07-27T03:45:00+08:00
45b9bab8-bef7-4468-86b7-5660465d8a2d,M-1593,SESS-20260726-2057-0179,RENTAL_REDEMPTION,-100,25,2026-07-26T23:50:00+08:00
9cdac214-69b3-436c-becf-9d73bb48fc71,M-1593,SESS-20260726-2057-0179,RENTAL_ACCRUAL,20,45,2026-07-27T02:50:00+08:00
6fb0e9b1-b0e1-4628-a8d1-788cab277476,M-1006,SESS-20260726-7436-0180,RENTAL_ACCRUAL,16,149,2026-07-27T02:00:00+08:00
791dfaa0-b97a-4fb3-9c2b-16223ea70019,M-1436,SESS-20260726-2833-0181,RENTAL_ACCRUAL,28,477,2026-07-27T03:40:00+08:00
2fe10a38-b061-4e8a-a00d-5c654685c607,M-1584,SESS-20260726-3214-0182,RENTAL_ACCRUAL,11,82,2026-07-26T20:30:00+08:00
1cb70030-4d63-449d-88db-8f875ce530e3,M-1391,SESS-20260726-8142-0183,RENTAL_ACCRUAL,16,231,2026-07-27T01:25:00+08:00
e77b4374-780e-4bbb-b58b-acaa941f9192,M-1108,SESS-20260726-1267-0184,RENTAL_ACCRUAL,45,378,2026-07-27T03:45:00+08:00
e0b2b2e4-0454-43d4-8519-52d35cec16be,M-1253,SESS-20260726-1566-0185,RENTAL_ACCRUAL,8,58,2026-07-27T00:50:00+08:00
8a1bfd5f-967e-49af-ac4a-869ee5a1a1f3,M-1330,SESS-20260726-1491-0186,RENTAL_REDEMPTION,-200,3346,2026-07-26T23:10:00+08:00
6a8d001e-b0cd-4b2c-92cf-b70612d22c61,M-1330,SESS-20260726-1491-0186,RENTAL_ACCRUAL,13,3359,2026-07-27T01:10:00+08:00
149a3105-dfaf-48ba-832b-3205c6c72f2e,M-2191,SESS-20260726-7869-0187,RENTAL_ACCRUAL,16,84,2026-07-26T13:15:00+08:00
1a8fa097-a6e4-4adb-9f7d-c80edf6302e8,M-1154,SESS-20260726-1552-0188,RENTAL_ACCRUAL,11,120,2026-07-26T18:15:00+08:00
149cf2bc-829b-44cf-8656-455222a6463c,M-1704,SESS-20260726-8604-0189,RENTAL_ACCRUAL,11,285,2026-07-27T01:00:00+08:00
dba0f297-0006-4b48-a264-414dda83b240,M-1654,SESS-20260726-6528-0190,RENTAL_ACCRUAL,13,369,2026-07-26T23:40:00+08:00
06ff4bb8-beb4-4783-b3c1-14dae9077b18,M-1450,SESS-20260726-7509-0191,RENTAL_REDEMPTION,-100,56,2026-07-26T14:30:00+08:00
7b47fef0-3dd0-4f2f-94f4-96faa61f74a8,M-1450,SESS-20260726-7509-0191,RENTAL_ACCRUAL,11,67,2026-07-26T16:30:00+08:00
6c867536-3690-40a8-aee5-fdc14fb134ab,M-1054,SESS-20260726-3184-0192,RENTAL_ACCRUAL,11,401,2026-07-26T19:45:00+08:00
7b8c2b7d-e04a-4e3b-9afd-a6c8994d5559,M-1188,SESS-20260726-7808-0193,RENTAL_REDEMPTION,-100,397,2026-07-26T20:00:00+08:00
d913434b-a6a0-49e7-859d-df2337dd1bd4,M-1188,SESS-20260726-7808-0193,RENTAL_ACCRUAL,21,418,2026-07-26T22:00:00+08:00
7280496d-0a85-4ee1-819a-266114168a6b,M-1205,SESS-20260726-9283-0194,RENTAL_ACCRUAL,11,859,2026-07-26T20:30:00+08:00
d6258cfa-2ced-483b-ba93-b8acac2c6e2b,M-1616,SESS-20260726-6858-0195,RENTAL_ACCRUAL,11,188,2026-07-26T22:00:00+08:00
9f858943-b930-4e14-9401-147824eaee51,M-1435,SESS-20260726-2755-0196,RENTAL_ACCRUAL,9,264,2026-07-26T22:20:00+08:00
d870c982-d9d8-4b72-a226-b1d36122b18c,M-1471,SESS-20260726-3330-0197,RENTAL_ACCRUAL,40,191,2026-07-27T00:00:00+08:00
4da32c55-9fa4-4f45-bb92-dac23065b437,M-1139,SESS-20260726-2575-0198,RENTAL_ACCRUAL,28,148,2026-07-26T21:15:00+08:00
aa34e947-c12d-4869-a325-b6367c19e1c3,M-1169,SESS-20260726-2338-0199,RENTAL_ACCRUAL,11,341,2026-07-26T20:20:00+08:00
d194aceb-8e8a-4d59-a42f-9fdac566a844,M-1445,SESS-20260726-6746-0200,RENTAL_ACCRUAL,16,146,2026-07-26T23:40:00+08:00
236776f7-3e3f-44bc-bdc3-12c831c85f9f,M-1088,SESS-20260726-3271-0201,RENTAL_ACCRUAL,18,388,2026-07-26T15:45:00+08:00
bcb6c9af-0e12-42b0-a3b1-0294914bb0b1,M-1337,SESS-20260726-3486-0202,RENTAL_ACCRUAL,18,326,2026-07-26T06:30:00+08:00
d802a1b2-c52c-493d-bddd-55c83f4cf4a5,M-1600,SESS-20260726-1487-0203,RENTAL_ACCRUAL,16,144,2026-07-26T15:30:00+08:00
c7273826-6edb-4f26-adbc-d6c01160e59b,M-1002,SESS-20260726-8849-0204,RENTAL_ACCRUAL,9,379,2026-07-26T16:45:00+08:00
e3ac2473-bb35-44f0-b2b2-7de9dc3cafe0,M-1339,SESS-20260726-6628-0205,RENTAL_ACCRUAL,13,325,2026-07-26T22:00:00+08:00
27b02116-d472-44f7-9eb1-c1b49a4b2c86,M-1715,SESS-20260726-4522-0206,RENTAL_ACCRUAL,16,241,2026-07-27T00:15:00+08:00
a2672c52-bfcd-49e4-9109-533378c18e84,M-1588,SESS-20260726-5950-0207,RENTAL_ACCRUAL,18,1670,2026-07-26T21:45:00+08:00
5e927ed6-c636-41d6-b38c-233af9d31523,M-1417,SESS-20260726-3651-0208,RENTAL_ACCRUAL,5,260,2026-07-26T22:25:00+08:00
bd63c572-5228-4ff3-ada0-49fff722126b,M-1722,SESS-20260726-5334-0209,RENTAL_REDEMPTION,-100,504,2026-07-26T13:45:00+08:00
8117d00b-cf20-4b47-aeae-0766828c23cc,M-1722,SESS-20260726-5334-0209,RENTAL_ACCRUAL,20,524,2026-07-26T16:45:00+08:00
53e0b419-bb39-42be-8d5c-9314e81790f3,M-1898,SESS-20260726-3898-0210,RENTAL_ACCRUAL,16,219,2026-07-26T19:45:00+08:00
7b25b330-f969-4e2f-b783-fef0e25b978d,M-1395,SESS-20260726-4825-0211,RENTAL_ACCRUAL,27,412,2026-07-27T00:10:00+08:00
3215ed1e-5dc9-46b0-a91c-85fa9d55eca1,M-2070,SESS-20260726-2973-0212,RENTAL_ACCRUAL,8,49,2026-07-26T21:10:00+08:00
2834d55d-d1fe-4608-8fe5-6d20fdf747df,M-1356,SESS-20260726-5158-0213,RENTAL_ACCRUAL,12,827,2026-07-26T19:45:00+08:00
d2d4b87e-2de3-4a30-a29d-e68f5e4cb355,M-1851,SESS-20260726-3153-0214,RENTAL_ACCRUAL,16,163,2026-07-26T18:00:00+08:00
996bb057-2f66-4dc1-8afa-8615dcb32807,M-1070,SESS-20260726-2041-0215,RENTAL_ACCRUAL,11,171,2026-07-26T20:00:00+08:00
9d2689f5-979f-4bb3-9a84-39b358e7bd35,M-2163,SESS-20260726-4300-0216,RENTAL_ACCRUAL,45,139,2026-07-27T00:00:00+08:00
582bcf07-6460-4191-b1b5-fafb81280a76,M-1766,SESS-20260726-9474-0217,RENTAL_ACCRUAL,11,607,2026-07-26T22:05:00+08:00
6c0e09da-78ce-4edc-aa91-42eaba39cfd8,M-1655,SESS-20260726-6287-0218,RENTAL_ACCRUAL,28,153,2026-07-27T01:55:00+08:00
e47aae27-7bc2-4169-a97d-2e4adca61100,M-1837,SESS-20260726-2796-0219,RENTAL_ACCRUAL,18,81,2026-07-26T19:55:00+08:00
98eaa576-3dbb-477d-a96a-938d7e6c5a57,M-1124,SESS-20260726-2627-0220,RENTAL_ACCRUAL,28,124,2026-07-27T02:00:00+08:00
9568b5cf-5dd8-455e-b4d1-04cac2020a18,M-1895,SESS-20260726-3817-0221,RENTAL_ACCRUAL,16,276,2026-07-26T22:10:00+08:00
370219e1-4e08-4b91-ac1c-fa4ac84810c3,M-1845,SESS-20260726-1164-0222,RENTAL_ACCRUAL,24,249,2026-07-27T02:15:00+08:00
95a76f9e-cba4-4391-9c5f-a204fab1ad5a,M-1172,SESS-20260726-9532-0223,RENTAL_REDEMPTION,-200,301,2026-07-26T22:50:00+08:00
dfcab5d1-6d5c-4aa1-8e14-d23dd346a56b,M-1172,SESS-20260726-9532-0223,RENTAL_ACCRUAL,28,329,2026-07-27T01:50:00+08:00
79f05323-62a7-404b-af2c-5e5cc18251a0,M-1466,SESS-20260726-5418-0224,RENTAL_ACCRUAL,12,3500,2026-07-26T21:55:00+08:00
cf835d47-d150-4eb1-b2ab-910a9f706250,M-1142,SESS-20260726-8124-0225,RENTAL_ACCRUAL,18,605,2026-07-27T00:00:00+08:00
4c263f67-fd36-4d0e-8a19-75bc2802466b,M-1166,SESS-20260726-2762-0226,RENTAL_ACCRUAL,11,248,2026-07-26T18:45:00+08:00
ef2a3ea1-2de4-4a46-b79f-12823911837b,M-1777,SESS-20260726-5361-0227,RENTAL_REDEMPTION,-100,236,2026-07-26T21:30:00+08:00
d3509df2-b300-4456-8c37-a2fda453feae,M-1777,SESS-20260726-5361-0227,RENTAL_ACCRUAL,2,238,2026-07-26T22:30:00+08:00
f6723f33-7626-4817-813c-c78d221b538d,M-1998,SESS-20260726-6030-0228,RENTAL_REDEMPTION,-200,138,2026-07-26T23:30:00+08:00
6e0f2c1e-9d64-4b58-9733-ac6ab2ffb2b4,M-1998,SESS-20260726-6030-0228,RENTAL_ACCRUAL,15,153,2026-07-27T04:30:00+08:00
70579cb3-1cdc-4fb5-a273-c5f663321a68,M-1081,SESS-20260726-4529-0229,RENTAL_ACCRUAL,27,326,2026-07-26T17:30:00+08:00
125e0a38-9fe9-45dd-bc14-29800845ad53,M-1029,SESS-20260726-4740-0230,RENTAL_REDEMPTION,-100,511,2026-07-26T22:40:00+08:00
fd026e80-2d49-4ed1-ab20-c4e57f5e3824,M-1029,SESS-20260726-4740-0230,RENTAL_ACCRUAL,5,516,2026-07-27T00:40:00+08:00
5e637917-1050-4a10-b48c-aaf590749814,M-1029,TIER_UPGRADE_Silver_TO_Gold,TIER_BONUS,100,616,2026-07-27T00:40:00+08:00
0d1caf85-072f-42ee-b2b0-6425afb8c131,M-1776,SESS-20260726-6708-0231,RENTAL_ACCRUAL,25,224,2026-07-27T01:05:00+08:00
880d41a9-d013-435a-ba19-2931a060253b,M-1776,TIER_UPGRADE_Standard_TO_Silver,TIER_BONUS,50,274,2026-07-27T01:05:00+08:00
552e513d-db97-4f05-997f-ef63b5e016c4,M-1263,SESS-20260726-4306-0232,RENTAL_ACCRUAL,9,399,2026-07-26T23:35:00+08:00
5e375dc9-d247-407e-bc13-9354d9ca70f4,M-1864,SESS-20260726-2062-0233,RENTAL_ACCRUAL,8,154,2026-07-26T19:10:00+08:00
c36053ae-0ad6-49a4-a751-43cd7ecf53a2,M-1514,SESS-20260726-5832-0234,RENTAL_ACCRUAL,13,540,2026-07-27T00:10:00+08:00
a3118c66-1b5b-4d48-b7ff-761323c24b4a,M-1236,SESS-20260726-9506-0235,RENTAL_ACCRUAL,28,330,2026-07-27T02:20:00+08:00
1e5da40b-4a9e-49f2-8cf7-d77301cec030,M-1359,SESS-20260726-5893-0236,RENTAL_REDEMPTION,-100,1831,2026-07-26T21:45:00+08:00
de861a9b-ace4-4294-8b0f-181c7be968d7,M-1359,SESS-20260726-5893-0236,RENTAL_ACCRUAL,40,1871,2026-07-27T02:45:00+08:00
a434ae62-e7c2-46aa-8acc-de7cb2cf12ea,M-1415,SESS-20260726-9465-0237,RENTAL_ACCRUAL,9,1228,2026-07-26T22:55:00+08:00
024977dd-ccba-4e90-a49c-b1e44c431ab1,M-1345,SESS-20260726-8829-0238,RENTAL_ACCRUAL,13,223,2026-07-26T19:45:00+08:00
754e9a2d-180c-462d-9a4f-88b69550e403,M-1663,SESS-20260726-4010-0239,RENTAL_ACCRUAL,5,123,2026-07-26T21:45:00+08:00
d6d8a001-2426-4a7d-ac02-1f95a9d58e40,M-1862,SESS-20260726-1238-0240,RENTAL_ACCRUAL,10,94,2026-07-26T21:00:00+08:00
6530c894-88e4-4134-b82f-e4295b7a19c9,M-1988,SESS-20260726-1310-0241,RENTAL_ACCRUAL,24,43,2026-07-26T17:30:00+08:00
5e7976c3-104f-4c41-81f6-02a0d9da0581,M-1971,SESS-20260726-5478-0242,RENTAL_ACCRUAL,18,206,2026-07-26T19:00:00+08:00
52c1a0d4-dbf4-43c4-a373-ec9b8514f1ee,M-1122,SESS-20260726-6352-0243,RENTAL_REDEMPTION,-100,14,2026-07-26T12:15:00+08:00
bfdf8992-39c2-42b7-a8bd-cc3eaf9edf09,M-1122,SESS-20260726-6352-0243,RENTAL_ACCRUAL,20,34,2026-07-26T14:15:00+08:00
39a46d46-cb21-45a1-9bbc-72349c95bfb8,M-1392,SESS-20260726-8515-0244,RENTAL_ACCRUAL,18,850,2026-07-27T00:45:00+08:00
6e5aeaaf-f596-4174-9d24-9bcb56e53f26,M-1232,SESS-20260726-6046-0245,RENTAL_ACCRUAL,11,358,2026-07-26T17:15:00+08:00
6fcbffc8-2d42-440f-89e9-97985aaf2589,M-1864,SESS-20260726-8223-0246,RENTAL_ACCRUAL,16,170,2026-07-27T01:15:00+08:00
206e1faa-41e8-48e8-b654-381f4a69b5c7,M-1221,SESS-20260726-7406-0247,RENTAL_ACCRUAL,6,1876,2026-07-26T17:15:00+08:00
15dde588-82e9-4fd6-863a-394132033574,M-1835,SESS-20260726-3036-0248,RENTAL_ACCRUAL,18,115,2026-07-26T23:15:00+08:00
3bdd8463-ad4f-4eb9-bd85-c70e7e753603,M-1309,SESS-20260726-8017-0249,RENTAL_ACCRUAL,9,216,2026-07-26T21:15:00+08:00
6f27ffb2-be82-482c-8c92-71e0ff4e6b8d,M-1634,SESS-20260726-9428-0250,RENTAL_ACCRUAL,11,152,2026-07-26T23:30:00+08:00
02b4b7bb-92bb-4b37-be52-35fe437eca7f,M-1621,SESS-20260726-7260-0251,RENTAL_ACCRUAL,16,488,2026-07-26T18:30:00+08:00
bcdf3827-ccf9-4534-8cec-47bdd1c116cf,M-1046,SESS-20260726-8478-0252,RENTAL_ACCRUAL,16,714,2026-07-27T01:05:00+08:00
c2112185-81bf-4e36-97c2-75187c84eaea,M-1085,SESS-20260726-9316-0253,RENTAL_ACCRUAL,18,252,2026-07-26T20:30:00+08:00
b5dbfbb6-70f4-41f7-a402-c25723c3ab87,M-1537,SESS-20260726-5609-0254,RENTAL_ACCRUAL,28,276,2026-07-26T19:30:00+08:00
a6f107fb-ce41-4259-b9f1-e4d49a054434,M-1089,SESS-20260726-5407-0255,RENTAL_ACCRUAL,24,169,2026-07-26T20:45:00+08:00
95c07c82-ef35-4f50-bd5d-8bc039e99700,M-1886,SESS-20260726-4766-0256,RENTAL_ACCRUAL,36,102,2026-07-26T21:15:00+08:00
6036227b-a020-4d38-a27d-8f9c8fc58df3,M-1623,SESS-20260726-5985-0257,RENTAL_REDEMPTION,-100,1,2026-07-26T16:45:00+08:00
b7dc4355-e8f7-40ec-853a-71d002fd20d1,M-1623,SESS-20260726-5985-0257,RENTAL_ACCRUAL,10,11,2026-07-26T19:45:00+08:00
884b910c-4b34-4553-a6f5-1529459447ed,M-1375,SESS-20260726-7023-0258,RENTAL_ACCRUAL,13,425,2026-07-26T23:40:00+08:00
478fd1cd-1951-41f8-bfdb-ae75235b9a27,M-2107,SESS-20260726-9967-0259,RENTAL_ACCRUAL,15,199,2026-07-26T22:00:00+08:00
aac1de98-54cd-4591-9ec8-d84b14e44d5a,M-2025,SESS-20260726-3918-0260,RENTAL_ACCRUAL,16,167,2026-07-26T12:00:00+08:00
9d2a6625-71dd-4f8b-8ccd-555d4d1e3a9d,M-1274,SESS-20260726-3884-0261,RENTAL_ACCRUAL,16,565,2026-07-27T00:45:00+08:00
67d18fd3-5b1f-4076-86f8-33c24fcba789,M-1431,SESS-20260726-9833-0262,RENTAL_ACCRUAL,18,456,2026-07-26T23:25:00+08:00
b7915c97-a14b-4862-ad16-88b55be5c966,M-1347,SESS-20260726-2635-0263,RENTAL_REDEMPTION,-400,3255,2026-07-26T21:15:00+08:00
cb158a0e-2f59-4163-94de-62343a953fd0,M-2186,SESS-20260726-5557-0264,RENTAL_ACCRUAL,10,129,2026-07-26T22:00:00+08:00
93be040f-e616-4da6-9ad1-7fc8d9bc77d3,M-1335,SESS-20260726-1264-0265,RENTAL_ACCRUAL,5,161,2026-07-26T23:55:00+08:00
b1688206-cb75-453e-847a-c8d888f37ed8,M-1527,SESS-20260726-8924-0266,RENTAL_ACCRUAL,27,585,2026-07-27T00:10:00+08:00
968553fa-af06-4dbb-b673-163ab8bd8bbc,M-1630,SESS-20260726-7936-0267,RENTAL_ACCRUAL,12,503,2026-07-26T21:25:00+08:00
ef4e7e2b-29bb-4a4d-a305-062a946a2d3b,M-1251,SESS-20260726-7343-0268,RENTAL_REDEMPTION,-100,215,2026-07-26T16:00:00+08:00
eb6b88c8-3e38-4b8d-89d4-43b275310087,M-1251,SESS-20260726-7343-0268,RENTAL_ACCRUAL,2,217,2026-07-26T17:00:00+08:00
6b3eb599-ddb0-4746-b701-3925bb8533ca,M-1304,SESS-20260726-1417-0269,RENTAL_ACCRUAL,16,195,2026-07-26T22:15:00+08:00
9707f179-25f5-4e45-84ac-627ea9b1f085,M-1116,SESS-20260726-2943-0270,RENTAL_ACCRUAL,72,311,2026-07-27T04:45:00+08:00
7813538e-8cdb-4646-bad3-676309dac0d8,M-1606,SESS-20260726-1971-0271,RENTAL_ACCRUAL,9,604,2026-07-26T01:35:00+08:00
08290f8c-fa06-4041-ba87-87e54f16cb07,M-1561,SESS-20260726-4085-0272,RENTAL_ACCRUAL,45,251,2026-07-27T05:05:00+08:00
cd917e39-2154-411b-8bbe-7119250d06b2,M-1586,SESS-20260726-4988-0273,RENTAL_ACCRUAL,18,317,2026-07-26T13:00:00+08:00
9754405d-fcdc-4b82-9519-8e802bd6b22f,M-1555,SESS-20260726-2671-0274,RENTAL_REDEMPTION,-200,63,2026-07-26T20:45:00+08:00
65dcf517-c2b7-4f87-b44f-8a9174f47842,M-1555,SESS-20260726-2671-0274,RENTAL_ACCRUAL,32,95,2026-07-27T01:45:00+08:00
60221ebc-7df8-4a5d-89b5-4447e581c116,M-1633,SESS-20260726-3196-0275,RENTAL_ACCRUAL,5,192,2026-07-26T09:15:00+08:00
2c8e975a-05aa-4e4d-974a-ce22d48d45b1,M-1778,SESS-20260726-8413-0276,RENTAL_ACCRUAL,16,106,2026-07-27T01:00:00+08:00
cf6ab40c-5a05-40f3-9f41-c55a30522102,M-1414,SESS-20260726-3439-0277,RENTAL_ACCRUAL,16,328,2026-07-26T23:15:00+08:00
6c03a614-63ab-45e0-9643-9fe2e1e23eab,M-1520,SESS-20260726-2139-0278,RENTAL_ACCRUAL,6,723,2026-07-26T22:40:00+08:00
6f6cdc4b-2bd6-496c-98e8-657bcc2c7aef,M-1842,SESS-20260726-3545-0279,RENTAL_ACCRUAL,40,219,2026-07-27T04:05:00+08:00
de16f10a-02d1-4912-ab30-c63123014f4d,M-1863,SESS-20260726-7460-0280,RENTAL_ACCRUAL,24,101,2026-07-26T23:15:00+08:00
8fe17f78-8e8e-415c-b296-630d6f7844b7,M-1608,SESS-20260726-8040-0281,RENTAL_REDEMPTION,-100,104,2026-07-26T17:15:00+08:00
7a17f09f-b567-4f9c-8ef9-079ae7adca92,M-1608,SESS-20260726-8040-0281,RENTAL_ACCRUAL,2,106,2026-07-26T18:15:00+08:00
7ec9441c-83c4-46d4-aa13-3fe2d6cc3c6e,M-1407,SESS-20260726-1406-0282,RENTAL_ACCRUAL,27,386,2026-07-27T00:15:00+08:00
e93d3dbb-fede-444f-93ee-7cc6f5ee0b93,M-1800,SESS-20260726-5084-0283,RENTAL_ACCRUAL,11,490,2026-07-26T20:20:00+08:00
0a59a0c7-afef-4a66-b870-e0ae798369d5,M-1038,SESS-20260726-1041-0284,RENTAL_ACCRUAL,11,347,2026-07-27T00:55:00+08:00
256501f7-96c8-409f-acbc-7268d9ff51d9,M-1227,SESS-20260726-6615-0285,RENTAL_ACCRUAL,40,169,2026-07-27T02:25:00+08:00
9840cb06-5a7b-4814-8f9c-ae5a4553501e,M-1781,SESS-20260726-6870-0286,RENTAL_ACCRUAL,12,3652,2026-07-26T15:30:00+08:00
5e504b94-74a6-4124-a857-f096b6d5ed9a,M-1673,SESS-20260726-8178-0287,RENTAL_ACCRUAL,27,558,2026-07-26T22:15:00+08:00
ce8a6206-c36a-408d-a403-a430412e1971,M-1693,SESS-20260726-2717-0288,RENTAL_ACCRUAL,16,312,2026-07-27T01:45:00+08:00
7200753e-11f7-48c5-b3a7-f91a27544213,M-1696,SESS-20260726-5374-0289,RENTAL_REDEMPTION,-200,788,2026-07-26T21:30:00+08:00
bc8911ef-ebb8-450b-a6c0-7570fa2dafb2,M-1696,SESS-20260726-5374-0289,RENTAL_ACCRUAL,14,802,2026-07-27T00:30:00+08:00
db5a41cb-141d-44b4-8971-cb3de76c6350,M-1080,SESS-20260726-5892-0290,RENTAL_ACCRUAL,45,295,2026-07-26T09:00:00+08:00
c0b30e65-0c98-47c1-9b2e-efecc5b88006,M-2191,SESS-20260726-8276-0291,RENTAL_ACCRUAL,8,92,2026-07-26T14:15:00+08:00
f35f2fd3-16b8-40eb-b45f-7502159a5e4e,M-1251,SESS-20260726-9843-0292,RENTAL_REDEMPTION,-100,117,2026-07-26T22:30:00+08:00
11e92aaa-3f9b-4fdc-ae03-eb52f32ebc2c,M-1251,SESS-20260726-9843-0292,RENTAL_ACCRUAL,5,122,2026-07-27T00:30:00+08:00
d7b8b95e-319c-46a7-a989-1944774e1e3b,M-1731,SESS-20260726-5263-0293,RENTAL_ACCRUAL,16,60,2026-07-26T19:00:00+08:00
d6860df9-f163-4485-9272-dc6092f2e364,M-1678,SESS-20260726-1727-0294,RENTAL_REDEMPTION,-100,182,2026-07-26T23:00:00+08:00
874c6766-88ea-4fca-8709-775a5b8c5063,M-1678,SESS-20260726-1727-0294,RENTAL_ACCRUAL,2,184,2026-07-27T00:00:00+08:00
7d4a4e20-c572-460c-9542-3bf304a5119f,M-2157,SESS-20260726-1975-0295,RENTAL_ACCRUAL,15,126,2026-07-27T01:30:00+08:00
a5813083-411d-4fa6-b897-1c5470139042,M-1001,SESS-20260726-6008-0296,RENTAL_ACCRUAL,28,230,2026-07-27T02:55:00+08:00
3a29fef1-1594-4a9a-8883-d762d2c7fef1,M-1878,SESS-20260726-2837-0297,RENTAL_REDEMPTION,-100,50,2026-07-26T20:25:00+08:00
7fc35b3c-5e11-4288-b13c-d3e3ffaa8eef,M-1878,SESS-20260726-2837-0297,RENTAL_ACCRUAL,20,70,2026-07-27T01:25:00+08:00
a50ba540-9fce-40a0-bb76-cdf958df7b3b,M-1094,SESS-20260726-4506-0298,RENTAL_ACCRUAL,18,515,2026-07-27T00:25:00+08:00
bb16e06b-c084-4299-8150-8d4b056aa8c8,M-1310,SESS-20260726-7113-0299,RENTAL_ACCRUAL,40,307,2026-07-27T00:20:00+08:00
8b2e1388-c9f2-442a-be2c-4745888fffba,M-2196,SESS-20260726-2910-0300,RENTAL_ACCRUAL,16,33,2026-07-26T20:20:00+08:00
78c4a8b0-88bf-40c3-be6c-25b13c2c984a,M-1803,SESS-20260726-7913-0301,RENTAL_ACCRUAL,11,395,2026-07-27T00:00:00+08:00
6a96d65f-15a2-4a65-83f0-f18643a04c0a,M-1950,SESS-20260726-8532-0302,RENTAL_ACCRUAL,40,66,2026-07-27T07:40:00+08:00
04d38778-a77d-4e31-b308-51d4f0fb5c71,M-1141,SESS-20260726-9319-0303,RENTAL_REDEMPTION,-100,84,2026-07-26T11:35:00+08:00
9f7c6f3b-0077-493a-a197-f2ae833f0a85,M-1141,SESS-20260726-9319-0303,RENTAL_ACCRUAL,10,94,2026-07-26T14:35:00+08:00
2afe1635-ab7c-4593-a578-ea73beb8849e,M-2152,SESS-20260726-1155-0304,RENTAL_ACCRUAL,8,111,2026-07-26T09:45:00+08:00
daf7ec6f-9085-4d09-891e-15348ea14912,M-1565,SESS-20260726-3532-0305,RENTAL_ACCRUAL,5,453,2026-07-26T21:30:00+08:00
eda08a34-0166-45aa-a931-1e8764ae1982,M-1404,SESS-20260726-4278-0306,RENTAL_ACCRUAL,28,130,2026-07-27T03:00:00+08:00
d3770cdc-d4b1-4154-b489-d942a2164b63,M-1530,SESS-20260726-1342-0307,RENTAL_ACCRUAL,9,379,2026-07-26T19:30:00+08:00
bd35f2e4-6f9f-40d1-b139-ba51c1ca42fb,M-1055,SESS-20260726-5899-0308,RENTAL_REDEMPTION,-300,64,2026-07-26T17:45:00+08:00
6dcbc942-b797-4ab2-b4f9-eb08da04903c,M-1055,SESS-20260726-5899-0308,RENTAL_ACCRUAL,8,72,2026-07-26T20:45:00+08:00
ee8bde88-7710-4123-9851-eaf66fcaeab9,M-1437,SESS-20260726-2690-0309,RENTAL_ACCRUAL,28,272,2026-07-27T00:15:00+08:00
cc70ba18-70cb-48df-b71c-ec0a8a33eadd,M-2169,SESS-20260726-6666-0310,RENTAL_ACCRUAL,11,197,2026-07-26T23:30:00+08:00
b5d67a94-2db6-42d5-95d5-9649627f8740,M-1488,SESS-20260726-9819-0311,RENTAL_ACCRUAL,18,588,2026-07-26T23:00:00+08:00
892e89e9-8614-4265-bf90-3561a7abef1f,M-1013,SESS-20260726-3966-0312,RENTAL_ACCRUAL,45,208,2026-07-27T03:25:00+08:00
fc9fd461-fead-4011-8766-1060be8869f8,M-1120,SESS-20260726-9033-0313,RENTAL_ACCRUAL,28,597,2026-07-27T00:00:00+08:00
eb87c880-b3ae-4221-8b54-84b0ece18caf,M-1051,SESS-20260726-8102-0314,RENTAL_REDEMPTION,-200,40,2026-07-26T09:55:00+08:00
bbb1aaeb-6a8c-4957-8ff2-f412f38242ff,M-1051,SESS-20260726-8102-0314,RENTAL_ACCRUAL,5,45,2026-07-26T11:55:00+08:00
abbcd1f7-f27a-41b5-ac27-8e6882654060,M-1165,SESS-20260726-4135-0315,RENTAL_ACCRUAL,16,146,2026-07-26T16:00:00+08:00
88e7bfa5-b01f-474f-9c36-7e462b036c9a,M-1652,SESS-20260726-3666-0316,RENTAL_ACCRUAL,9,332,2026-07-26T23:45:00+08:00
2c244dda-0469-4451-baff-618190584dc4,M-1326,SESS-20260726-8314-0317,RENTAL_ACCRUAL,28,478,2026-07-26T21:00:00+08:00
e8424a02-c3d1-41e4-b8de-00a22945314b,M-1624,SESS-20260726-3820-0318,RENTAL_REDEMPTION,-500,603,2026-07-26T20:15:00+08:00
d2b6b095-7ce1-498f-a11c-84cc94487610,M-1624,SESS-20260726-3820-0318,RENTAL_ACCRUAL,10,613,2026-07-27T01:15:00+08:00
414cb3da-f1aa-49b2-b730-c9e540b28800,M-1491,SESS-20260726-3356-0319,RENTAL_ACCRUAL,27,148,2026-07-27T01:25:00+08:00
d00dc0d0-4828-404c-b342-e569674fad3e,M-1158,SESS-20260726-6540-0320,RENTAL_ACCRUAL,72,161,2026-07-27T07:15:00+08:00
fd082749-695f-411d-9827-4c8b376d7d75,M-1087,SESS-20260726-1070-0321,RENTAL_ACCRUAL,19,913,2026-07-27T01:45:00+08:00
2c79b34d-f6b5-4ede-8275-118fc3068504,M-1548,SESS-20260726-4656-0322,RENTAL_ACCRUAL,18,586,2026-07-27T00:30:00+08:00
617c2fa1-216a-4f4a-9bab-81ced0fc816f,M-1843,SESS-20260726-2954-0323,RENTAL_ACCRUAL,10,75,2026-07-27T00:30:00+08:00
7a68ca93-e3d4-4068-836e-5276af325a73,M-1427,SESS-20260726-1955-0324,RENTAL_ACCRUAL,11,445,2026-07-26T21:45:00+08:00
5677ea48-ba52-4651-ab00-ac8558e9c121,M-1186,SESS-20260726-3241-0325,RENTAL_ACCRUAL,5,467,2026-07-26T23:25:00+08:00
0aceba85-8447-45e8-9f1d-308b82533356,M-1761,SESS-20260726-1947-0326,RENTAL_ACCRUAL,45,522,2026-07-27T04:55:00+08:00
24f8fa36-2a0b-41bc-993e-310ee558b4db,M-1649,SESS-20260726-1783-0327,RENTAL_REDEMPTION,-200,200,2026-07-26T20:30:00+08:00
1b1d6a25-dcc5-4a54-8356-322729982064,M-1649,SESS-20260726-1783-0327,RENTAL_ACCRUAL,1,201,2026-07-26T21:30:00+08:00
6b659251-f598-4563-af96-8c286b7798b5,M-1466,SESS-20260726-7338-0328,RENTAL_ACCRUAL,28,3528,2026-07-27T01:55:00+08:00
9594383b-fe3b-4d13-bafe-941f3ee0258c,M-1469,SESS-20260726-1943-0329,RENTAL_ACCRUAL,16,220,2026-07-27T01:30:00+08:00
56e5c6ee-2957-4365-85df-4de5abdb8ee7,M-1793,SESS-20260726-4260-0330,RENTAL_ACCRUAL,18,865,2026-07-27T01:10:00+08:00
b7aaf89f-81b4-4a65-8a0b-da73c86e486c,M-1388,SESS-20260726-7621-0331,RENTAL_REDEMPTION,-100,129,2026-07-26T20:35:00+08:00
f2ae8534-3e34-416a-abeb-1ca02e76a659,M-1388,SESS-20260726-7621-0331,RENTAL_ACCRUAL,21,150,2026-07-27T01:35:00+08:00
534c237a-53a0-48c5-a3de-78ce4705df8a,M-1129,SESS-20260726-3448-0332,RENTAL_ACCRUAL,6,981,2026-07-27T00:45:00+08:00
5b15c367-91a9-4749-8fc8-d8344c475c8f,M-1364,SESS-20260726-1808-0333,RENTAL_ACCRUAL,6,986,2026-07-26T22:00:00+08:00
048d3f29-b980-4bc3-830c-b43fa6fa8400,M-1762,SESS-20260726-4351-0334,RENTAL_ACCRUAL,40,67,2026-07-26T17:15:00+08:00
d9aae8f2-e3dc-47ba-9674-dea679712062,M-2035,SESS-20260726-2025-0335,RENTAL_ACCRUAL,24,162,2026-07-26T22:55:00+08:00
96b49341-6b02-4402-9535-eb3ca4e701d9,M-2035,TIER_UPGRADE_Standard_TO_Silver,TIER_BONUS,50,212,2026-07-26T22:55:00+08:00
ac975376-2d1b-4dc1-97c6-efae8431df5f,M-1224,SESS-20260726-5569-0336,RENTAL_REDEMPTION,-100,234,2026-07-26T23:50:00+08:00
2beaca8f-090d-4bfb-805f-9d535d34e1ab,M-1224,SESS-20260726-5569-0336,RENTAL_ACCRUAL,10,244,2026-07-27T02:50:00+08:00
671e408f-21f9-4494-9656-f88be1c53427,M-1656,SESS-20260726-6788-0337,RENTAL_REDEMPTION,-200,78,2026-07-26T23:45:00+08:00
86eced4c-f87f-4103-85d8-37c35accb5ce,M-1656,SESS-20260726-6788-0337,RENTAL_ACCRUAL,4,82,2026-07-27T01:45:00+08:00
7f50be13-b521-4c2c-867c-d954503aa9e5,M-1614,SESS-20260726-3922-0338,RENTAL_ACCRUAL,5,198,2026-07-26T19:50:00+08:00
c4734e6e-feb9-4de4-9c78-ef4280378c0d,M-1352,SESS-20260726-8737-0339,RENTAL_ACCRUAL,27,154,2026-07-26T20:35:00+08:00
0cee5ff4-0bc1-47d3-9736-ddac45317849,M-1775,SESS-20260726-6170-0340,RENTAL_ACCRUAL,43,1258,2026-07-26T21:45:00+08:00
b27493c3-b594-457f-a823-5f558f35c9a5,M-1360,SESS-20260726-9870-0341,RENTAL_ACCRUAL,28,290,2026-07-27T02:15:00+08:00
af8a090c-d25c-4409-8c40-88b935b21707,M-1659,SESS-20260726-9345-0342,RENTAL_ACCRUAL,5,344,2026-07-26T20:00:00+08:00
443b9da9-315d-4e24-9a69-69ff9b151a32,M-1533,SESS-20260726-5866-0343,RENTAL_REDEMPTION,-100,586,2026-07-26T02:40:00+08:00
dfe46b6d-ed60-476b-a0de-2c66977ee2c2,M-1533,SESS-20260726-5866-0343,RENTAL_ACCRUAL,4,590,2026-07-26T04:40:00+08:00
c3b0c5fd-0e82-4dbe-9a0e-7e5813005d97,M-1054,SESS-20260726-9065-0344,RENTAL_REDEMPTION,-200,201,2026-07-26T21:50:00+08:00
c5c702a1-6bba-44ef-afb4-fe2888555bbb,M-1054,SESS-20260726-9065-0344,RENTAL_ACCRUAL,1,202,2026-07-26T22:50:00+08:00
c5b7fe4a-ca02-4be3-9b09-b895ea262b35,M-2056,SESS-20260726-3246-0345,RENTAL_ACCRUAL,15,197,2026-07-27T01:10:00+08:00
4ab21247-a855-4769-b1a2-f260276997c4,M-1783,SESS-20260726-9031-0346,RENTAL_ACCRUAL,9,471,2026-07-26T22:15:00+08:00
6d4f1727-2ea4-4911-8dc8-597ed19747bf,M-2085,SESS-20260726-9998-0347,RENTAL_ACCRUAL,25,108,2026-07-27T03:05:00+08:00
d74ffa4a-e448-4dee-9427-e37a56a8c238,M-2085,TIER_UPGRADE_Standard_TO_Silver,TIER_BONUS,50,158,2026-07-27T03:05:00+08:00
64836d52-11c9-4856-be9c-508d3e0cb692,M-1063,SESS-20260726-8234-0348,RENTAL_ACCRUAL,18,325,2026-07-26T21:40:00+08:00
c04fa970-73ef-42c0-ab9e-9300d8be7479,M-1337,SESS-20260726-3687-0349,RENTAL_ACCRUAL,48,374,2026-07-27T01:50:00+08:00
e6049ac6-de32-47ff-ba4b-a527451272ae,M-1959,SESS-20260726-3202-0350,RENTAL_ACCRUAL,27,427,2026-07-26T23:00:00+08:00
968dc2dc-6ccf-48de-a36a-c0f5048c7ac5,M-1365,SESS-20260726-7212-0351,RENTAL_REDEMPTION,-100,23,2026-07-26T20:45:00+08:00
216fb842-8a38-437d-b07f-873f79316b05,M-1365,SESS-20260726-7212-0351,RENTAL_ACCRUAL,5,28,2026-07-26T22:45:00+08:00
dbda14b5-a061-4f01-81b5-469d574118cf,M-1187,SESS-20260726-6756-0352,RENTAL_ACCRUAL,5,339,2026-07-26T21:30:00+08:00
11c17029-f7f9-4c98-9e49-dec265195961,M-1764,SESS-20260726-3636-0353,RENTAL_ACCRUAL,11,137,2026-07-27T00:30:00+08:00
b65365ec-2105-47f0-883a-5023a1d83d3c,M-1231,SESS-20260726-5145-0354,RENTAL_ACCRUAL,18,249,2026-07-27T01:30:00+08:00
db1eb74e-c87f-4a5b-ba71-eda28191bfe2,M-1316,SESS-20260726-9140-0355,RENTAL_ACCRUAL,5,115,2026-07-26T22:40:00+08:00
be06c801-6d73-42ff-97c1-11f916f33f42,M-1106,SESS-20260726-9738-0356,RENTAL_ACCRUAL,5,199,2026-07-26T21:45:00+08:00
068e40dc-4c14-4c70-bf31-a1674ae58d65,M-1024,SESS-20260726-3395-0357,RENTAL_ACCRUAL,28,219,2026-07-27T03:30:00+08:00
af88a838-bcee-4fa1-8f41-f025eebcdd7f,M-1170,SESS-20260726-1819-0358,RENTAL_REDEMPTION,-100,49,2026-07-26T22:15:00+08:00
b75b3446-af2e-4cd6-be45-f1eb133700f3,M-1170,SESS-20260726-1819-0358,RENTAL_ACCRUAL,5,54,2026-07-27T00:15:00+08:00
9d40de93-2906-4489-ab11-5b1669263b4a,M-1316,SESS-20260726-8636-0359,RENTAL_ACCRUAL,28,143,2026-07-27T03:45:00+08:00
2e87dfb9-c578-4b90-ba3d-9ebf675e0dee,M-1723,SESS-20260726-1402-0360,RENTAL_ACCRUAL,28,467,2026-07-27T00:15:00+08:00
253a0042-5bf0-4870-b0b9-781e918cb487,M-1553,SESS-20260726-6885-0361,RENTAL_ACCRUAL,5,421,2026-07-26T22:40:00+08:00
f4970832-4f84-48c0-9de9-c02e2e43d50a,M-1643,SESS-20260726-1618-0362,RENTAL_ACCRUAL,18,354,2026-07-27T01:00:00+08:00
0d24632c-caaa-4c95-b183-803519cc149f,M-1556,SESS-20260726-9160-0363,RENTAL_ACCRUAL,5,268,2026-07-27T00:50:00+08:00
b301ce1a-9ade-48f8-b03e-2d8ac567a617,M-1105,SESS-20260726-4381-0364,RENTAL_ACCRUAL,18,561,2026-07-27T00:20:00+08:00
46914575-aede-43f8-b770-3299037e0104,M-1482,SESS-20260726-6136-0365,RENTAL_ACCRUAL,40,194,2026-07-26T20:25:00+08:00
28569dae-db32-4650-bf6f-11ead10bb73d,M-1669,SESS-20260726-8141-0366,RENTAL_ACCRUAL,27,225,2026-07-27T01:10:00+08:00
c187290e-602b-4126-8a22-ac20a3697f46,M-2092,SESS-20260726-4135-0367,RENTAL_REDEMPTION,-100,116,2026-07-26T22:50:00+08:00
d9c87f5b-eaae-4168-b6a1-c1d36854076f,M-2092,SESS-20260726-4135-0367,RENTAL_ACCRUAL,5,121,2026-07-27T00:50:00+08:00
bd12dd80-83d3-4e68-b2b4-fe684280d25b,M-2007,SESS-20260726-7393-0368,RENTAL_ACCRUAL,12,38,2026-07-26T21:35:00+08:00
2e0fbe1c-9b74-4d69-a7b9-f13925625533,M-1069,SESS-20260726-4439-0369,RENTAL_ACCRUAL,11,171,2026-07-27T00:55:00+08:00
9d2cd2c4-31c0-47de-ab16-861fecef07b8,M-2192,SESS-20260726-9448-0370,RENTAL_ACCRUAL,12,22,2026-07-26T18:00:00+08:00
43c10364-7f5e-4b0e-9882-15a40793bfde,M-1653,SESS-20260726-8598-0371,RENTAL_ACCRUAL,40,160,2026-07-26T23:00:00+08:00
5939f6c1-2a87-40ab-9d48-45c4025ca5d6,M-1102,SESS-20260726-8613-0372,RENTAL_ACCRUAL,8,186,2026-07-27T00:30:00+08:00
32316146-ed08-4af9-9f8b-e685fc59c13f,M-1612,SESS-20260726-1364-0373,RENTAL_ACCRUAL,18,401,2026-07-26T21:45:00+08:00
5f2bb8af-8e74-48e3-bfb6-7fcff5d2130d,M-1119,SESS-20260726-3214-0374,RENTAL_REDEMPTION,-100,146,2026-07-26T23:35:00+08:00
13099071-cd11-47e5-b06a-711287cf4345,M-1119,SESS-20260726-3214-0374,RENTAL_ACCRUAL,5,151,2026-07-27T01:35:00+08:00
557bc2c6-ec5a-42f6-8d02-c3af9d8b1ac5,M-1821,SESS-20260726-8977-0375,RENTAL_ACCRUAL,5,383,2026-07-26T20:50:00+08:00
e2e6074c-aac9-490f-a646-60a5c5707d23,M-1327,SESS-20260726-7771-0376,RENTAL_REDEMPTION,-200,2104,2026-07-26T20:25:00+08:00
7d355458-8e5e-4b99-8e77-f63b60e5a717,M-1327,SESS-20260726-7771-0376,RENTAL_ACCRUAL,13,2117,2026-07-26T23:25:00+08:00
890d29ca-ddbc-4009-a028-9063e5d9fafe,M-1065,SESS-20260726-2014-0377,RENTAL_ACCRUAL,28,528,2026-07-27T02:30:00+08:00
a71e7013-284a-404d-8ec6-c0bc21f39af5,M-1217,SESS-20260726-6280-0378,RENTAL_ACCRUAL,45,246,2026-07-27T04:25:00+08:00
e3f9a984-6b2a-4250-b4cf-883d5a9b287d,M-1237,SESS-20260726-8546-0379,RENTAL_REDEMPTION,-100,364,2026-07-26T23:30:00+08:00
74347da1-06db-42f4-806c-89f19eba8ddc,M-1237,SESS-20260726-8546-0379,RENTAL_ACCRUAL,10,374,2026-07-27T02:30:00+08:00
8bdecb57-dad6-4e88-8a74-a46d1e76aeb2,M-1294,SESS-20260726-2929-0380,RENTAL_ACCRUAL,27,195,2026-07-27T01:55:00+08:00
60e05acf-7d8b-4607-aee4-850eccaa9f8f,M-1666,SESS-20260726-8637-0381,RENTAL_REDEMPTION,-100,158,2026-07-26T22:00:00+08:00
abaa3e0c-bc89-4d1d-a5e8-e79b1988b6dd,M-1666,SESS-20260726-8637-0381,RENTAL_ACCRUAL,11,169,2026-07-27T00:00:00+08:00
9afc871b-2c50-49ce-a30c-c34ce0231322,M-1088,SESS-20260726-8480-0382,RENTAL_ACCRUAL,18,406,2026-07-27T01:55:00+08:00
36c177c5-bcc3-44a2-a171-364fffb2b1d3,M-1215,SESS-20260726-3698-0383,RENTAL_ACCRUAL,5,156,2026-07-26T21:45:00+08:00
796e06a2-bf11-49ff-8dfd-467855731a5f,M-1016,SESS-20260726-3291-0384,RENTAL_ACCRUAL,16,171,2026-07-27T01:45:00+08:00
ee1b58dc-811f-456c-9983-178ef5b97368,M-1642,SESS-20260726-8672-0385,RENTAL_ACCRUAL,12,162,2026-07-26T23:55:00+08:00
4f984f54-0734-4208-a0e9-e7c4a723621b,M-1052,SESS-20260726-6501-0386,RENTAL_ACCRUAL,25,287,2026-07-26T20:45:00+08:00
d83918b8-a8b8-4807-a845-86801ef5309f,M-1052,TIER_UPGRADE_Standard_TO_Silver,TIER_BONUS,50,337,2026-07-26T20:45:00+08:00
3a589403-69d9-4648-97b3-350d003f2fb9,M-1568,SESS-20260726-4276-0387,RENTAL_ACCRUAL,27,474,2026-07-27T01:10:00+08:00
39293bfc-bf26-430a-abf7-d57162895469,M-1472,SESS-20260726-4050-0388,RENTAL_REDEMPTION,-200,96,2026-07-26T20:05:00+08:00
b19d2e5b-e6ce-4528-b3d5-e81d51a0b979,M-1472,SESS-20260726-4050-0388,RENTAL_ACCRUAL,4,100,2026-07-26T23:05:00+08:00
0b1198f3-6c02-405a-b47e-fa35e30817d1,M-1248,SESS-20260726-3278-0389,RENTAL_ACCRUAL,5,258,2026-07-27T00:00:00+08:00
a9573f37-7f07-45e8-9241-e7683af93669,M-1450,SESS-20260726-3568-0390,RENTAL_ACCRUAL,108,175,2026-07-27T02:05:00+08:00
998d4cf4-8e0a-4a31-9368-3efe2b3f6557,M-1204,SESS-20260726-7102-0391,RENTAL_ACCRUAL,18,143,2026-07-26T22:15:00+08:00
95bc8b09-525d-41d2-98b1-4733a4b84aeb,M-1246,SESS-20260726-9397-0392,RENTAL_REDEMPTION,-100,274,2026-07-26T21:10:00+08:00
ae9ec609-a8f2-4457-9623-e0e16f2e4534,M-1246,SESS-20260726-9397-0392,RENTAL_ACCRUAL,5,279,2026-07-26T23:10:00+08:00
46edaff0-607f-4523-b1ea-e9665ac7926b,M-1226,SESS-20260726-4296-0393,RENTAL_ACCRUAL,6,1197,2026-07-27T00:15:00+08:00
173746da-648b-444f-bcf7-d214e0a4c102,M-1155,SESS-20260726-2796-0394,RENTAL_ACCRUAL,28,765,2026-07-27T01:30:00+08:00
7c98cac7-eaff-4e79-ad4a-a6df871aa01a,M-1136,SESS-20260726-1566-0395,RENTAL_ACCRUAL,5,211,2026-07-26T22:00:00+08:00
13de99c6-f591-49a3-b4e7-d18a8c8fbefe,M-1326,SESS-20260726-2724-0396,RENTAL_ACCRUAL,5,483,2026-07-27T00:25:00+08:00
0b9f4f7d-d482-4304-9332-29dd48474741,M-1981,SESS-20260726-5164-0397,RENTAL_ACCRUAL,18,79,2026-07-27T01:15:00+08:00
ba7cb78a-ed71-47c7-8b4a-f5f82a2340cb,M-1900,SESS-20260726-8316-0398,RENTAL_ACCRUAL,25,110,2026-07-27T02:30:00+08:00
9bfef023-5be3-49ca-b4aa-28f201535335,M-1373,SESS-20260726-1454-0399,RENTAL_ACCRUAL,27,423,2026-07-27T02:30:00+08:00
fde88dad-89a3-4b5b-a709-bf7d5245430f,M-1145,SESS-20260726-9576-0400,RENTAL_ACCRUAL,40,122,2026-07-27T00:40:00+08:00
a6a0e96a-f70b-4d50-ad0f-d101fda2fa6b,M-1606,SESS-20260726-4002-0401,RENTAL_ACCRUAL,43,647,2026-07-26T20:35:00+08:00
555ff571-fc72-42d9-a388-5756e71ab735,M-1798,SESS-20260726-4234-0402,RENTAL_ACCRUAL,27,344,2026-07-27T01:00:00+08:00
3ede34e7-b71e-49f9-b07c-2107b5550664,M-1473,SESS-20260726-3899-0403,RENTAL_ACCRUAL,27,277,2026-07-26T22:40:00+08:00
e2c7df28-a6b3-47d6-8923-4e079be55b53,M-1648,SESS-20260726-2149-0404,RENTAL_REDEMPTION,-100,274,2026-07-26T23:00:00+08:00
451dad45-cd6a-4be9-93fa-da5dc86f7121,M-1648,SESS-20260726-2149-0404,RENTAL_ACCRUAL,2,276,2026-07-27T00:00:00+08:00
630f8872-98a2-4aff-b5c4-debab17ec076,M-1014,SESS-20260726-1202-0405,RENTAL_ACCRUAL,11,791,2026-07-26T20:15:00+08:00
9dfd757d-f45f-4254-aac8-1feae5d0e3fe,M-1701,SESS-20260726-4056-0406,RENTAL_ACCRUAL,40,493,2026-07-27T01:55:00+08:00
8b09b3a2-ec48-4321-8f8f-fa4e99cf4ba4,M-1489,SESS-20260726-2206-0407,RENTAL_ACCRUAL,27,542,2026-07-26T23:00:00+08:00
1b394703-2196-494b-8274-cdf122f6caae,M-1270,SESS-20260726-8606-0408,RENTAL_ACCRUAL,30,1054,2026-07-27T03:15:00+08:00
867474b7-2fc0-4453-9828-fc072c05176a,M-1177,SESS-20260726-4453-0409,RENTAL_ACCRUAL,11,192,2026-07-26T21:20:00+08:00
66e998de-a070-462e-99af-47b7cb0a9431,M-1058,SESS-20260726-9083-0410,RENTAL_ACCRUAL,45,168,2026-07-27T02:30:00+08:00
1d53cbd3-01f0-4dc9-afdb-9302a4c42bc9,M-1710,SESS-20260726-2379-0411,RENTAL_REDEMPTION,-100,157,2026-07-26T22:05:00+08:00
cc4d4494-f8f8-4ef4-a004-ca977c3e130c,M-1710,SESS-20260726-2379-0411,RENTAL_ACCRUAL,21,178,2026-07-27T03:05:00+08:00
aca282f1-edaf-49eb-afeb-da823037ff68,M-1174,SESS-20260726-7693-0412,RENTAL_REDEMPTION,-200,0,2026-07-26T21:50:00+08:00
72c33dbb-0849-420b-a878-7e7ae287698c,M-1174,SESS-20260726-7693-0412,RENTAL_ACCRUAL,5,5,2026-07-26T23:50:00+08:00
21ae1a0a-a2f1-4715-a0e1-c00c7c37f659,M-1115,SESS-20260726-3658-0413,RENTAL_ACCRUAL,11,173,2026-07-26T19:20:00+08:00
fc976ebb-f880-4a79-b11e-4f73acb3a72f,M-2193,SESS-20260726-6915-0414,RENTAL_ACCRUAL,16,113,2026-07-27T01:55:00+08:00
543c6d90-773e-4051-95e4-8762c7a2ac67,M-1925,SESS-20260726-5984-0415,RENTAL_ACCRUAL,28,304,2026-07-27T02:30:00+08:00
d50bd17a-af3a-4998-93fb-ecb6188a5af4,M-1475,SESS-20260726-6676-0416,RENTAL_REDEMPTION,-100,370,2026-07-26T22:10:00+08:00
95070f1b-63a8-408f-9ab4-f112fb319cdc,M-1475,SESS-20260726-6676-0416,RENTAL_ACCRUAL,5,375,2026-07-27T00:10:00+08:00
edf09357-baa2-43ae-bb60-b4a5e0b9b175,M-1195,SESS-20260726-1178-0417,RENTAL_ACCRUAL,11,347,2026-07-26T21:45:00+08:00
3d225751-8ed9-4978-b644-fdfbcdbd60a9,M-1322,SESS-20260726-9343-0418,RENTAL_ACCRUAL,16,292,2026-07-26T23:20:00+08:00
822e113b-6bf6-43b2-8acf-3fb980da59b8,M-1525,SESS-20260726-6774-0419,RENTAL_REDEMPTION,-400,98,2026-07-26T23:15:00+08:00
21219f45-b94a-4e9e-acb6-b66d40e4c7a8,M-1525,SESS-20260726-6774-0419,RENTAL_ACCRUAL,2,100,2026-07-27T02:15:00+08:00
20a2862e-78cb-4d0b-8ffc-efccb568d7a9,M-1574,SESS-20260726-9932-0420,RENTAL_ACCRUAL,16,271,2026-07-26T06:45:00+08:00
0a968a01-422a-4d5f-bda7-ca5107dacab3,M-1741,SESS-20260726-5974-0421,RENTAL_ACCRUAL,18,520,2026-07-27T01:45:00+08:00
c11f1691-5636-4f97-95b1-0867c6d724a8,M-1802,SESS-20260726-1936-0422,RENTAL_ACCRUAL,11,351,2026-07-27T01:45:00+08:00
e0f02001-5315-422a-8c65-23d16464c879,M-1836,SESS-20260726-3766-0423,RENTAL_ACCRUAL,11,492,2026-07-27T01:15:00+08:00
fe7dcc71-37e3-468e-b769-4b8ede2fea40,M-1551,SESS-20260726-3674-0424,RENTAL_ACCRUAL,11,279,2026-07-27T00:45:00+08:00
10df2fe3-1107-4e17-9b31-57651bec92c3,M-1614,SESS-20260726-3947-0425,RENTAL_ACCRUAL,11,209,2026-07-26T22:55:00+08:00
5b94eefc-366a-45e4-83d3-aec0539061d6,M-1383,SESS-20260726-5901-0426,RENTAL_REDEMPTION,-100,56,2026-07-26T22:00:00+08:00
199cf730-752b-434e-b518-6d41c47d10fe,M-1383,SESS-20260726-5901-0426,RENTAL_ACCRUAL,38,94,2026-07-27T06:00:00+08:00
20d27e8d-a34b-441b-832f-ef23a3d81602,M-1202,SESS-20260726-8131-0427,RENTAL_ACCRUAL,18,1831,2026-07-27T02:10:00+08:00
141057e9-30f9-4b83-90f1-6ea552c96dc8,M-1997,SESS-20260726-9613-0428,RENTAL_ACCRUAL,25,101,2026-07-27T04:35:00+08:00
89c537fa-33dd-47d1-ab93-2a911f10f3d5,M-1815,SESS-20260726-5656-0429,RENTAL_ACCRUAL,11,151,2026-07-26T22:55:00+08:00
2984c106-4a39-43bb-a97b-90903176a4a4,M-2146,SESS-20260726-9345-0430,RENTAL_ACCRUAL,15,243,2026-07-26T16:00:00+08:00
68dbc820-6f68-4983-b7f5-6e31afa7675b,M-1143,SESS-20260726-1512-0431,RENTAL_ACCRUAL,6,3572,2026-07-27T00:00:00+08:00
3785c656-d75f-433d-9cfe-1d80d30a5033,M-1361,SESS-20260726-6156-0432,RENTAL_ACCRUAL,27,375,2026-07-27T01:10:00+08:00
6300e55a-a2f2-48aa-86ac-30f4175bcb39,M-1361,TIER_UPGRADE_Silver_TO_Gold,TIER_BONUS,100,475,2026-07-27T01:10:00+08:00
bc144812-924c-43b2-bac2-61459067c3c2,M-2061,SESS-20260726-1976-0433,RENTAL_ACCRUAL,15,37,2026-07-26T19:10:00+08:00
31b20b1b-5855-4c58-977f-68b32692c102,M-1796,SESS-20260726-7982-0434,RENTAL_ACCRUAL,18,273,2026-07-27T00:30:00+08:00
6188f605-e69d-4366-995d-cd241b881c82,M-1380,SESS-20260726-5241-0435,RENTAL_REDEMPTION,-100,257,2026-07-26T22:15:00+08:00
39b62c4b-fab5-49d5-bcc3-dc069ddb548e,M-1380,SESS-20260726-5241-0435,RENTAL_ACCRUAL,35,292,2026-07-27T01:15:00+08:00
06f55c11-0370-4af3-b559-8e9e97e27431,M-1788,SESS-20260726-8422-0436,RENTAL_REDEMPTION,-100,289,2026-07-26T20:00:00+08:00
f764c3fa-227b-409d-8596-6e14e3f706da,M-1788,SESS-20260726-8422-0436,RENTAL_ACCRUAL,5,294,2026-07-26T22:00:00+08:00
d3ad2f88-872e-433a-b8a5-d4180f947876,M-1206,SESS-20260726-6123-0437,RENTAL_ACCRUAL,11,260,2026-07-27T00:00:00+08:00
76f7e1e2-45c6-4e4a-a6e3-181ba8617a60,M-1423,ORD-20260726-9618-0001,CONCESSION_ACCRUAL,11,387,2026-07-26T11:46:33+08:00
33c0326f-e5f9-43fc-a73b-96718de8dcbb,M-1227,ORD-20260727-3039-0002,CONCESSION_ACCRUAL,8,177,2026-07-27T01:35:36+08:00
ee88606b-77df-4f83-818d-f15acb750897,M-1174,ORD-20260726-5206-0003,CONCESSION_ACCRUAL,36,41,2026-07-26T22:14:12+08:00
1582d336-51cc-455c-adfb-6fd4dee8b476,M-1764,ORD-20260727-9933-0004,CONCESSION_ACCRUAL,26,163,2026-07-27T00:19:50+08:00
c85ca321-535d-4647-9715-9865937e01a8,M-1158,ORD-20260727-1024-0005,CONCESSION_ACCRUAL,16,177,2026-07-27T01:21:57+08:00
a95f9f96-7a9c-4104-9412-34106b9ecfba,M-1054,ORD-20260726-3861-0006,CONCESSION_ACCRUAL,31,233,2026-07-26T18:09:24+08:00
db4be34b-c838-4a54-b8e9-0b8dc310cbe0,M-1638,ORD-20260726-9193-0007,CONCESSION_ACCRUAL,10,474,2026-07-26T15:30:14+08:00
78e54d72-327f-4184-a589-602c398eb48e,M-1618,ORD-20260726-1225-0008,CONCESSION_ACCRUAL,8,305,2026-07-26T20:20:25+08:00
8edab82e-e0a0-4d35-ba11-1f652c8f3f1f,M-1153,ORD-20260727-7672-0009,CONCESSION_ACCRUAL,21,35,2026-07-27T01:19:51+08:00
b857869c-d2c5-417b-a62e-78e3eab46ae8,M-1226,ORD-20260727-7126-0010,CONCESSION_ACCRUAL,26,1223,2026-07-27T00:05:05+08:00
dbdc2f19-9411-41f0-ba73-ae9fecc6a296,M-1556,ORD-20260727-5650-0011,CONCESSION_ACCRUAL,7,275,2026-07-27T00:01:38+08:00
53cb3f71-5a3e-4102-a445-eebe7bc14f73,M-1232,ORD-20260726-3878-0012,CONCESSION_ACCRUAL,27,385,2026-07-26T16:33:23+08:00
7dc3917c-7e22-48b8-93e8-50bda85e6127,M-2152,ORD-20260726-5807-0013,CONCESSION_ACCRUAL,27,138,2026-07-26T08:51:40+08:00
71346e77-7281-4539-b80b-6a0cf86779de,M-1710,ORD-20260727-9511-0014,CONCESSION_ACCRUAL,11,189,2026-07-27T03:04:30+08:00
0b81af97-f964-443c-8c54-253f67f8d26c,M-1286,ORD-20260726-8776-0015,CONCESSION_ACCRUAL,20,367,2026-07-26T16:26:26+08:00
7d72f396-18bc-4393-9810-66fcff6bdc57,M-1635,ORD-20260726-3260-0016,CONCESSION_ACCRUAL,19,245,2026-07-26T23:08:22+08:00
13d9f550-6fa7-4b58-9998-0d4fe0996785,M-1766,ORD-20260726-8671-0017,CONCESSION_ACCRUAL,9,616,2026-07-26T20:51:37+08:00
7626aca0-946e-4397-b174-d73990acca8d,M-1301,ORD-20260727-6128-0018,CONCESSION_ACCRUAL,41,54,2026-07-27T00:52:09+08:00
a3ca9c67-d8fc-4567-8bc5-78f1292ce9f1,M-2005,ORD-20260726-9981-0019,CONCESSION_ACCRUAL,12,53,2026-07-26T20:55:14+08:00
cfb804a8-029e-4c8d-b408-b6ed8caa2a0b,M-1309,ORD-20260726-8347-0020,CONCESSION_ACCRUAL,46,262,2026-07-26T20:47:58+08:00
d98d5202-f1f6-469f-83eb-dd7bddd473a4,M-1445,ORD-20260726-7746-0021,CONCESSION_ACCRUAL,25,171,2026-07-26T21:19:51+08:00
2d96ea32-e784-41d9-89c4-d9ac03e6ad86,M-1520,ORD-20260726-8687-0022,CONCESSION_ACCRUAL,23,746,2026-07-26T21:56:30+08:00
dc9a1890-94cd-4308-bc06-b038fca6884d,M-1246,ORD-20260726-7875-0023,CONCESSION_ACCRUAL,46,325,2026-07-26T22:38:45+08:00
e5996929-27f1-4fd7-8d35-38ec42e5d6c3,M-2101,ORD-20260726-8698-0024,CONCESSION_ACCRUAL,6,136,2026-07-26T22:02:42+08:00
00ff9ffd-ad69-4356-9fe3-87f878d228d2,M-1535,ORD-20260726-1208-0025,CONCESSION_ACCRUAL,3,215,2026-07-26T21:37:10+08:00
143988b5-643d-4b6e-a0af-5a97fa886f08,M-1796,ORD-20260726-5093-0026,CONCESSION_ACCRUAL,11,284,2026-07-26T23:47:17+08:00
281cbf80-bf23-47ca-827f-fc6571c8ca83,M-1435,ORD-20260726-1062-0027,CONCESSION_ACCRUAL,20,284,2026-07-26T21:39:47+08:00
56cfd0f9-cd88-4450-bcfe-cfc5f6871e62,M-1199,ORD-20260726-7718-0028,CONCESSION_ACCRUAL,28,280,2026-07-26T17:00:07+08:00
06509996-8b46-4f34-8210-4c8feeac0f67,M-1863,ORD-20260726-5725-0029,CONCESSION_ACCRUAL,17,118,2026-07-26T23:06:41+08:00
171942bf-11df-4926-8f96-46b83516d23d,M-2105,ORD-20260726-7269-0030,CONCESSION_ACCRUAL,8,161,2026-07-26T14:31:19+08:00
40d4f4c7-d4e9-42cb-865d-fd067e695f05,M-1188,ORD-20260726-3298-0031,CONCESSION_ACCRUAL,38,456,2026-07-26T17:51:10+08:00
b366acc5-fe18-4219-add9-9c3ad6a2ee45,M-1537,ORD-20260726-3005-0032,CONCESSION_ACCRUAL,15,291,2026-07-26T16:08:03+08:00
88c71fa6-7c41-43e9-aa0d-362c870dd079,M-1496,ORD-20260726-1125-0033,CONCESSION_ACCRUAL,8,243,2026-07-26T02:04:06+08:00
fd32e1d9-50d6-4ef0-a04b-cd9345e27e97,M-1274,ORD-20260726-5201-0034,CONCESSION_ACCRUAL,28,593,2026-07-26T22:02:44+08:00
f5189656-99f8-43ba-b786-5fbf0d683af4,M-1204,ORD-20260726-8940-0035,CONCESSION_ACCRUAL,30,173,2026-07-26T16:51:22+08:00
259679d5-ce66-487d-b66f-cfa5552805ba,M-1679,ORD-20260727-7578-0036,CONCESSION_ACCRUAL,16,432,2026-07-27T03:35:51+08:00
7c28eafc-a8d9-4c12-b0a7-d49ccf2dfa5a,M-2095,ORD-20260726-3497-0037,CONCESSION_ACCRUAL,6,62,2026-07-26T21:22:29+08:00
02c2dfca-40d4-4075-aa66-47276e098325,M-1343,ORD-20260726-8591-0038,CONCESSION_ACCRUAL,62,340,2026-07-26T14:37:40+08:00
4f77ce49-326a-44cb-9764-a4cbbbd55fb8,M-1614,ORD-20260726-1799-0039,CONCESSION_ACCRUAL,8,217,2026-07-26T19:12:07+08:00
d589da7a-8c91-4544-a7b2-f71b5168a120,M-1253,ORD-20260726-5771-0040,CONCESSION_ACCRUAL,12,70,2026-07-26T17:49:08+08:00
a2aecd32-950f-4c3b-b535-76d81ba8bd5e,M-1184,ORD-20260726-5960-0041,CONCESSION_ACCRUAL,18,725,2026-07-26T09:39:23+08:00
1c83ce11-9ae5-465f-b589-de74cff825d4,M-1584,ORD-20260726-3698-0042,CONCESSION_ACCRUAL,46,128,2026-07-26T19:37:07+08:00
c465ad66-a525-4817-a6db-2b42b8252362,M-1163,ORD-20260726-4506-0043,CONCESSION_ACCRUAL,15,208,2026-07-26T22:31:59+08:00
7eda4528-c3f8-40db-9797-f8dc88304d63,M-1959,ORD-20260726-4168-0044,CONCESSION_ACCRUAL,15,442,2026-07-26T21:15:51+08:00
c1a6cd46-38ba-481c-afd4-2a5ad65ba9d3,M-1845,ORD-20260727-3027-0045,CONCESSION_ACCRUAL,28,277,2026-07-27T00:23:18+08:00
3d56159c-9b49-4204-adfc-309ebb09b788,M-1116,ORD-20260727-4375-0046,CONCESSION_ACCRUAL,3,314,2026-07-27T00:43:45+08:00
0c437227-59f5-4309-8b00-08d9f129f46e,M-1142,ORD-20260726-4432-0047,CONCESSION_ACCRUAL,31,636,2026-07-26T22:27:01+08:00
5a9b61d3-2f89-4a35-9349-8630e7a45d24,M-1041,ORD-20260726-8165-0048,CONCESSION_ACCRUAL,22,912,2026-07-26T15:42:38+08:00
27a804b0-5c78-4824-8363-6dbd1ee21198,M-1062,ORD-20260726-9527-0049,CONCESSION_ACCRUAL,11,444,2026-07-26T20:44:37+08:00
e43fc064-bae5-444c-80ad-8fd6ed97911e,M-2127,ORD-20260726-3373-0050,CONCESSION_ACCRUAL,15,100,2026-07-26T19:57:54+08:00
a93404fe-1a92-4246-8bdb-565dd18c2fbd,M-1042,ORD-20260727-8492-0051,CONCESSION_ACCRUAL,10,169,2026-07-27T00:20:09+08:00
0743e135-d4c3-4c08-919f-2af9cfcfd99b,M-1812,ORD-20260726-6362-0052,CONCESSION_ACCRUAL,11,419,2026-07-26T21:00:52+08:00
92acded2-6baf-477d-b8a8-1743aa14d2fb,M-1606,ORD-20260726-8124-0053,CONCESSION_ACCRUAL,38,685,2026-07-26T00:48:59+08:00
34a4c6ac-d4e0-4caf-a674-e79f57cd70af,M-1264,ORD-20260726-7108-0054,CONCESSION_ACCRUAL,16,541,2026-07-26T21:12:11+08:00
af1cac20-8ec2-4f6b-b4df-b192a8091cd3,M-1685,ORD-20260726-2137-0055,CONCESSION_ACCRUAL,10,26,2026-07-26T22:34:51+08:00
1c359e5a-83db-4874-b9d4-aabf3b178fc9,M-1094,ORD-20260726-2865-0056,CONCESSION_ACCRUAL,15,530,2026-07-26T23:05:22+08:00
b79402be-e47f-47f0-ac01-16469e0259ce,M-1119,ORD-20260727-2644-0057,CONCESSION_ACCRUAL,11,162,2026-07-27T00:00:56+08:00
070546c4-b7f1-40b0-b7fc-eca57793727e,M-1327,ORD-20260726-9666-0058,CONCESSION_ACCRUAL,22,2139,2026-07-26T21:27:02+08:00
a491d09d-9bfc-4552-99f9-90d576990c35,M-1185,ORD-20260727-3739-0059,CONCESSION_ACCRUAL,51,400,2026-07-27T00:19:58+08:00
536b8d83-f083-4b9f-bc9e-095e12ab5f62,M-1475,ORD-20260726-1397-0060,CONCESSION_ACCRUAL,21,396,2026-07-26T18:36:02+08:00
72e9738c-17a2-4614-a970-6f0ecbe7fce3,M-1900,ORD-20260727-3951-0061,CONCESSION_ACCRUAL,6,116,2026-07-27T01:35:16+08:00
38a5435e-20fc-433f-a3fc-20e9dbb2db97,M-1696,ORD-20260726-8145-0062,CONCESSION_ACCRUAL,11,813,2026-07-26T22:43:54+08:00
eaff48c2-de27-4fed-b3b1-815f3ecc353f,M-1224,ORD-20260726-8453-0063,CONCESSION_ACCRUAL,9,253,2026-07-26T19:23:54+08:00
429254f1-0c93-4600-8cc7-42a78485ed17,M-1608,ORD-20260726-7086-0064,CONCESSION_ACCRUAL,8,114,2026-07-26T17:45:00+08:00
c1f76567-f050-46b7-8dc1-016d6d7ccb0d,M-1020,ORD-20260726-2001-0065,CONCESSION_ACCRUAL,27,205,2026-07-26T23:48:35+08:00
66c519a8-2167-4d42-a130-d8f1c6250dcf,M-1339,ORD-20260726-1417-0066,CONCESSION_ACCRUAL,26,351,2026-07-26T21:31:44+08:00
a254d40a-9b77-4e11-8bc0-28d4ffea6ddb,M-1588,ORD-20260726-1830-0067,CONCESSION_ACCRUAL,45,1715,2026-07-26T21:13:17+08:00
4adde2fb-9932-434b-b6e0-3e93cdbbaade,M-1017,ORD-20260726-9951-0068,CONCESSION_ACCRUAL,8,241,2026-07-26T23:05:44+08:00
ccfeb064-ca8b-42fd-b185-74be365fc054,M-1491,ORD-20260727-2131-0069,CONCESSION_ACCRUAL,15,163,2026-07-27T00:11:35+08:00
2d0771a3-031e-490c-817d-84f84ee9d8a7,M-1714,ORD-20260726-5467-0070,CONCESSION_ACCRUAL,11,188,2026-07-26T21:12:22+08:00
11e3a112-6842-483d-8942-216471512dfd,M-1793,ORD-20260727-1848-0071,CONCESSION_ACCRUAL,26,891,2026-07-27T00:15:59+08:00
d6b9514f-e7ff-4c21-9772-0d8e18ebb014,M-2191,ORD-20260726-5361-0072,CONCESSION_ACCRUAL,20,112,2026-07-26T12:02:16+08:00
54753924-6f62-4985-b8fd-9b992c03210e,M-1431,ORD-20260726-3770-0073,CONCESSION_ACCRUAL,7,463,2026-07-26T21:53:14+08:00
39731213-d59f-475f-bed3-5818c71b34c4,M-2034,ORD-20260727-6352-0074,CONCESSION_ACCRUAL,7,104,2026-07-27T02:07:20+08:00
7fe4b41b-c8a6-4db0-822c-f2b3ebefdd39,M-2074,ORD-20260726-8963-0075,CONCESSION_ACCRUAL,9,200,2026-07-26T22:35:51+08:00
12b66b71-3684-400f-a1c3-cdfa41e7de44,M-1251,ORD-20260726-1182-0076,CONCESSION_ACCRUAL,8,130,2026-07-26T16:35:08+08:00
1da54e41-5d66-40c5-81af-018d1c541483,M-1322,ORD-20260726-9636-0077,CONCESSION_ACCRUAL,15,307,2026-07-26T23:00:18+08:00
50d903c1-e577-42c6-ae48-fa6a5e8b1068,M-1058,ORD-20260726-5430-0078,CONCESSION_ACCRUAL,22,190,2026-07-26T07:20:16+08:00
b78fe154-ebb8-4bb2-bab5-7175c379716b,M-1102,ORD-20260727-8991-0079,CONCESSION_ACCRUAL,9,195,2026-07-27T00:04:48+08:00
4d3d068a-296b-497c-9741-01a53d309f51,M-1553,ORD-20260726-3423-0080,CONCESSION_ACCRUAL,8,429,2026-07-26T21:49:31+08:00
15350bd5-3cf7-4ae9-a49a-2560dfb623cf,M-1124,ORD-20260726-5725-0081,CONCESSION_ACCRUAL,16,140,2026-07-26T21:54:02+08:00
cfd37e23-d31c-4423-b72e-74e4ee950162,M-1555,ORD-20260726-2197-0082,CONCESSION_ACCRUAL,16,111,2026-07-26T20:46:23+08:00
966aeb67-0e1f-4982-93b3-d0f3e4ef6d28,M-1837,ORD-20260726-8557-0083,CONCESSION_ACCRUAL,19,100,2026-07-26T19:03:07+08:00
fe5fa00b-c44d-4ac3-b991-d90cf15baf1e,M-1011,ORD-20260726-6893-0084,CONCESSION_ACCRUAL,8,919,2026-07-26T22:51:59+08:00
b73adcd5-9e74-46af-a470-29fc7106be83,M-1360,ORD-20260727-4069-0085,CONCESSION_ACCRUAL,26,316,2026-07-27T01:53:01+08:00
d5730bc6-9e3a-40a7-a5a1-520feaf6ad8c,M-1391,ORD-20260727-7743-0086,CONCESSION_ACCRUAL,8,239,2026-07-27T00:50:50+08:00
e1f23f1e-45a9-4d08-b2f1-41ee6884b02d,M-1671,ORD-20260726-4914-0087,CONCESSION_ACCRUAL,8,259,2026-07-26T17:56:25+08:00
b965670f-7f91-47f7-991e-e1d2ffc9e210,M-1155,ORD-20260727-7128-0088,CONCESSION_ACCRUAL,55,820,2026-07-27T00:33:27+08:00
f7b89f85-e633-46c1-8d1a-3d407d7e2257,M-1741,ORD-20260726-2554-0089,CONCESSION_ACCRUAL,16,536,2026-07-26T23:53:08+08:00
e6fdf12d-25e1-4b73-9fca-0d540e7b8751,M-2077,ORD-20260726-8299-0090,CONCESSION_ACCRUAL,33,175,2026-07-26T22:50:43+08:00
dea13971-6bae-4b87-831f-1646a2862b95,M-1652,ORD-20260726-9317-0091,CONCESSION_ACCRUAL,15,347,2026-07-26T23:02:02+08:00
68137906-0685-4aa6-afa3-dc714ab8d84a,M-1925,ORD-20260726-2323-0092,CONCESSION_ACCRUAL,19,323,2026-07-26T20:42:54+08:00
79c97d9e-1b3b-4954-8aab-2415b39b8d68,M-1236,ORD-20260726-1321-0093,CONCESSION_ACCRUAL,15,345,2026-07-26T14:19:09+08:00
6f36ca12-9917-4fd4-b839-963333851198,M-1051,ORD-20260726-6624-0094,CONCESSION_ACCRUAL,9,54,2026-07-26T11:08:55+08:00
9e03c038-3cc8-46b1-aaf6-672ad9496fd3,M-1154,ORD-20260726-3104-0095,CONCESSION_ACCRUAL,9,129,2026-07-26T16:35:07+08:00
8b8bd3f1-cf55-4b00-9c3e-0a5394def4c1,M-1041,ORD-20260727-9374-0096,CONCESSION_ACCRUAL,40,952,2026-07-27T00:02:13+08:00
d49483bc-3d2c-430e-9ffc-a1f1295cfaa4,M-1485,ORD-20260726-2074-0097,CONCESSION_ACCRUAL,24,202,2026-07-26T06:58:28+08:00
355d3a69-bbe3-43df-ae9b-22dd5f4d9a57,M-1316,ORD-20260726-7172-0098,CONCESSION_ACCRUAL,31,174,2026-07-26T21:58:06+08:00
589da370-b8a4-4c97-b19a-3d5a02965f82,M-1655,ORD-20260726-6888-0099,CONCESSION_ACCRUAL,21,174,2026-07-26T23:52:38+08:00
816286f9-0c79-4680-a825-e38861397ce0,M-1330,ORD-20260726-8538-0100,CONCESSION_ACCRUAL,36,3395,2026-07-26T23:57:46+08:00
e312e9b7-968c-46b7-a4ed-4b194fd28446,M-1358,ORD-20260726-3200-0101,CONCESSION_ACCRUAL,41,254,2026-07-26T13:48:16+08:00
d058e2fd-8ca7-4d5d-99be-d0115e7e4fbd,M-1224,ORD-20260727-2871-0102,CONCESSION_ACCRUAL,20,273,2026-07-27T01:17:01+08:00
b104ac3b-0c0b-416b-ad56-23b20087a7a6,M-1345,ORD-20260726-2428-0103,CONCESSION_ACCRUAL,19,242,2026-07-26T19:43:01+08:00
ea515f4b-4c85-43aa-af01-c49affbaa333,M-1237,ORD-20260726-1761-0104,CONCESSION_ACCRUAL,8,382,2026-07-26T23:56:15+08:00
10dfe3e2-b14d-452f-adef-e9b59df37594,M-2186,ORD-20260726-2897-0105,CONCESSION_ACCRUAL,28,157,2026-07-26T21:05:48+08:00
1ddd2c20-103c-4146-821c-3d7f83cb9e48,M-1516,ORD-20260726-9615-0106,CONCESSION_ACCRUAL,20,340,2026-07-26T13:03:51+08:00
95930f58-8206-4732-8afe-af8447586446,M-1414,ORD-20260726-9449-0107,CONCESSION_ACCRUAL,30,358,2026-07-26T17:01:20+08:00
692c4d4e-54e5-4cba-8a03-e223de07a849,M-1633,ORD-20260726-3912-0108,CONCESSION_ACCRUAL,15,207,2026-07-26T08:59:26+08:00
baf19216-755d-4200-bbef-0fd78dc85871,M-1851,ORD-20260726-6882-0109,CONCESSION_ACCRUAL,6,169,2026-07-26T16:37:40+08:00
50cf31c3-42e2-4d53-8439-7cebbbdcae21,M-1587,ORD-20260726-7737-0110,CONCESSION_ACCRUAL,13,698,2026-07-26T22:22:47+08:00
404e8bf8-101f-4e0e-838c-f5ec30197c78,M-1088,ORD-20260726-9441-0111,CONCESSION_ACCRUAL,45,451,2026-07-26T22:58:16+08:00
db52e4a5-6adf-4d53-99a9-bfe72cab6c7d,M-1380,ORD-20260726-1080-0112,CONCESSION_ACCRUAL,18,310,2026-07-26T22:15:50+08:00
a1ff6652-a747-4b4a-a6f2-2c1a1c14b15d,M-1316,ORD-20260726-5240-0113,CONCESSION_ACCRUAL,15,189,2026-07-26T23:44:48+08:00
041c1ced-2f60-42d3-9f67-bb115d06ad33,M-1075,ORD-20260727-8682-0114,CONCESSION_ACCRUAL,8,184,2026-07-27T00:31:03+08:00
42aa9e53-64d0-402f-a5ea-a17647c4df04,M-1409,ORD-20260726-4375-0115,CONCESSION_ACCRUAL,3,235,2026-07-26T12:08:04+08:00
9029191c-1766-465b-aad6-755c0351f373,M-1572,ORD-20260726-9226-0116,CONCESSION_ACCRUAL,18,210,2026-07-26T21:13:34+08:00
ae06c8e0-2f57-44ad-af18-fb513742dcea,M-1359,ORD-20260727-5792-0117,CONCESSION_ACCRUAL,21,1892,2026-07-27T02:11:27+08:00
59734448-4a72-4699-82cd-74073d69c351,M-1930,ORD-20260726-5474-0118,CONCESSION_ACCRUAL,3,239,2026-07-26T23:09:07+08:00
c4d180af-8de7-41af-a253-25436ae28ef4,M-1337,ORD-20260726-7869-0119,CONCESSION_ACCRUAL,39,413,2026-07-26T21:14:56+08:00
285ad151-84dd-4ce9-b566-89b1c869804c,M-1122,ORD-20260726-4462-0120,CONCESSION_ACCRUAL,16,50,2026-07-26T14:12:07+08:00
84976818-eb58-4ccb-ae55-45c652500622,M-1641,ORD-20260726-7561-0121,CONCESSION_ACCRUAL,3,227,2026-07-26T20:22:55+08:00
647a766f-29b3-426f-872e-9f19afc2d170,M-1186,ORD-20260726-7466-0122,CONCESSION_ACCRUAL,10,477,2026-07-26T22:30:28+08:00
ad71fee5-6a41-4ab0-b421-63a30b994f41,M-1606,ORD-20260726-9528-0123,CONCESSION_ACCRUAL,9,694,2026-07-26T18:09:49+08:00
715f465f-7f85-40cc-aef3-f175cc5d8b1e,M-1638,ORD-20260726-4378-0124,CONCESSION_ACCRUAL,16,490,2026-07-26T22:39:51+08:00
48f637ee-45a1-4669-ac14-ab3276bb44df,M-1206,ORD-20260726-7390-0125,CONCESSION_ACCRUAL,11,271,2026-07-26T22:43:42+08:00
2cd37e40-c029-43d6-b1bd-533769f3fc56,M-1376,ORD-20260726-1506-0126,CONCESSION_ACCRUAL,22,428,2026-07-26T23:31:09+08:00
8fe59f86-10f5-48b2-b34b-f865703059a1,M-1383,ORD-20260727-8800-0127,CONCESSION_ACCRUAL,15,109,2026-07-27T03:21:35+08:00
f18e95a7-b880-4d76-b7e3-9743b0c62efe,M-1117,ORD-20260726-2183-0128,CONCESSION_ACCRUAL,21,96,2026-07-26T17:30:15+08:00
4a099b5f-8748-4bf3-87dd-0052b3814713,M-1117,TIER_UPGRADE_Standard_TO_Silver,TIER_BONUS,50,146,2026-07-26T17:30:15+08:00
6d9fd3f2-70c4-4dfa-af04-8d4cde682821,M-1596,ORD-20260726-4263-0129,CONCESSION_ACCRUAL,25,365,2026-07-26T19:03:50+08:00
1d0bd078-444d-4dc3-9938-c764eb1a7b2b,M-1434,ORD-20260727-9058-0130,CONCESSION_ACCRUAL,16,156,2026-07-27T00:12:36+08:00
5731da7c-6463-41a4-ad47-3532afba7084,M-1242,ORD-20260726-5347-0131,CONCESSION_ACCRUAL,3,290,2026-07-26T14:33:50+08:00
1b9cd369-c129-42e4-9060-53f66eefea79,M-2175,ORD-20260726-5097-0132,CONCESSION_ACCRUAL,20,116,2026-07-26T23:00:53+08:00
3896f442-6ccf-4962-a482-6fa21c562a20,M-1552,ORD-20260726-9485-0133,CONCESSION_ACCRUAL,22,167,2026-07-26T16:02:30+08:00
44d24352-e022-4465-83b6-3a37a53ed8f2,M-1722,ORD-20260726-5974-0134,CONCESSION_ACCRUAL,7,531,2026-07-26T14:25:06+08:00
673997f1-9164-44ee-8a92-473d396af20a,M-1715,ORD-20260726-4730-0135,CONCESSION_ACCRUAL,11,252,2026-07-26T18:29:16+08:00
cca1fd57-9cf2-4a74-a395-9187c4918e35,M-1771,ORD-20260726-7615-0136,CONCESSION_ACCRUAL,11,67,2026-07-26T17:05:50+08:00
2ed3ca9e-bffd-4f93-a6cb-3fbf0ade79a8,M-2070,ORD-20260726-5330-0137,CONCESSION_ACCRUAL,18,67,2026-07-26T21:00:09+08:00
94b4250c-9e75-4b86-ae2f-bf16942e260f,M-1215,ORD-20260726-4641-0138,CONCESSION_ACCRUAL,23,179,2026-07-26T21:40:02+08:00
dcc75656-f314-4438-bc75-a89b584ef6e7,M-1065,ORD-20260727-2334-0139,CONCESSION_ACCRUAL,13,541,2026-07-27T00:38:30+08:00
ffd65186-b6b9-47d1-806f-2a3624854c75,M-1488,ORD-20260726-9360-0140,CONCESSION_ACCRUAL,7,595,2026-07-26T21:24:15+08:00
89ddd4df-8cef-4d16-ab12-6e7484fc287a,M-1014,ORD-20260726-4745-0141,CONCESSION_ACCRUAL,16,807,2026-07-26T20:01:34+08:00
fd437706-9efb-4f9e-94db-48da60ad9da6,M-1065,ORD-20260726-7276-0142,CONCESSION_ACCRUAL,48,589,2026-07-26T11:24:46+08:00
365b5dc3-d078-4b66-bf14-fb10384e4f73,M-1653,ORD-20260726-8536-0143,CONCESSION_ACCRUAL,8,168,2026-07-26T22:41:54+08:00
cb7b0a2d-d96a-47f6-9ce5-52d48529ec17,M-1016,ORD-20260726-8952-0144,CONCESSION_ACCRUAL,10,181,2026-07-26T23:11:13+08:00
58ef918d-da15-467d-980a-8f1394e0a0d0,M-1503,ORD-20260726-8972-0145,CONCESSION_ACCRUAL,20,599,2026-07-26T18:50:15+08:00
5a9a8b0f-2ba0-444e-a893-0f85672ba513,M-1310,ORD-20260726-4599-0146,CONCESSION_ACCRUAL,25,332,2026-07-26T23:49:07+08:00
dbb78d47-9117-4bb4-8f31-8ac51fc04a24,M-1643,ORD-20260727-2426-0147,CONCESSION_ACCRUAL,11,365,2026-07-27T00:02:29+08:00
c8547139-fd9e-4c2b-87d4-a4c68d1ee9ea,M-1600,ORD-20260726-9568-0148,CONCESSION_ACCRUAL,8,152,2026-07-26T14:14:50+08:00
9d9315a0-fd37-483b-9223-0f86073a0596,M-1648,ORD-20260726-1023-0149,CONCESSION_ACCRUAL,50,326,2026-07-26T23:46:12+08:00
882370c5-8070-432f-8ed0-89e0fb43f6fb,M-1259,ORD-20260726-1221-0150,CONCESSION_ACCRUAL,3,366,2026-07-26T21:12:18+08:00
cb1ecef7-16be-4e2d-b5bf-71373b35bb0b,M-1733,ORD-20260726-3348-0151,CONCESSION_ACCRUAL,10,203,2026-07-26T15:25:37+08:00
d44fa19d-9dea-458a-be57-ccf256bb7fbe,M-1749,ORD-20260726-5693-0152,CONCESSION_ACCRUAL,21,80,2026-07-26T20:05:20+08:00
dbfbeae2-35a9-4f61-9219-606ecea3536d,M-1081,ORD-20260726-5697-0153,CONCESSION_ACCRUAL,26,352,2026-07-26T16:30:24+08:00
7aff9b6c-9788-456b-8812-2213502406b2,M-1357,ORD-20260726-9295-0154,CONCESSION_ACCRUAL,11,116,2026-07-26T23:33:02+08:00
629f9b6d-a15f-4e64-a8c3-4cee26ca7ea9,M-1803,ORD-20260726-7708-0155,CONCESSION_ACCRUAL,8,403,2026-07-26T23:43:56+08:00
a6e1dcfb-6dbc-4b97-af48-4f48ce18a02b,M-1756,ORD-20260726-2383-0156,CONCESSION_ACCRUAL,9,1584,2026-07-26T22:35:15+08:00
0fc74db7-aec9-4faf-a287-40c953e7e690,M-1529,ORD-20260726-2120-0157,CONCESSION_ACCRUAL,15,118,2026-07-26T20:41:35+08:00
95b3d1d0-8b7b-4f64-8bea-1fe166b4c0ee,M-1998,ORD-20260727-1189-0158,CONCESSION_ACCRUAL,15,168,2026-07-27T01:26:27+08:00
0a447301-fcbb-48a0-91c4-a6809e2bd7fd,M-1205,ORD-20260726-5811-0159,CONCESSION_ACCRUAL,3,862,2026-07-26T19:12:11+08:00
682ba90e-2220-4b6f-9d8a-2580f0865166,M-1054,ORD-20260726-8668-0160,CONCESSION_ACCRUAL,11,244,2026-07-26T22:28:33+08:00
6823c064-8519-4b31-b133-942c0e3147f7,M-1383,ORD-20260726-8581-0161,CONCESSION_ACCRUAL,16,125,2026-07-26T15:16:32+08:00
a5ef248b-27dc-4629-b6f9-8fbb6ccbfe5c,M-1870,ORD-20260726-6865-0162,CONCESSION_ACCRUAL,11,96,2026-07-26T22:03:24+08:00
bbd148a4-3d4f-492e-8629-9839d56d6405,M-1326,ORD-20260726-9396-0163,CONCESSION_ACCRUAL,15,498,2026-07-26T23:47:16+08:00
d6cfc884-033b-4d90-ac39-b59ddbcbf042,M-1519,ORD-20260726-6362-0164,CONCESSION_ACCRUAL,15,406,2026-07-26T13:14:58+08:00
0694f2ac-257a-472c-ab0a-f10578ed703b,M-1481,ORD-20260726-8967-0165,CONCESSION_ACCRUAL,8,242,2026-07-26T21:35:03+08:00
64cf380c-edd0-4d2f-89fa-5eb638dc1b8b,M-1800,ORD-20260726-5513-0166,CONCESSION_ACCRUAL,8,498,2026-07-26T20:15:36+08:00
5c92e2e7-be52-4cd7-b48c-8bd7eb406ecb,M-1704,ORD-20260727-5349-0167,CONCESSION_ACCRUAL,10,295,2026-07-27T00:10:28+08:00
1992a15b-cf8a-4385-aa0f-5bd1370004b5,M-1778,ORD-20260727-6662-0168,CONCESSION_ACCRUAL,15,121,2026-07-27T00:16:56+08:00
5e479477-32b6-4346-a0c3-12632ab68de1,M-1294,ORD-20260727-1832-0169,CONCESSION_ACCRUAL,10,205,2026-07-27T00:34:19+08:00
35b6e3a3-e4e0-49d8-8842-0d95d2388d49,M-1781,ORD-20260726-4609-0170,CONCESSION_ACCRUAL,9,3661,2026-07-26T14:21:47+08:00
6c540b75-d5fa-4ea1-b87a-bb1e9818416d,M-1878,ORD-20260726-3471-0171,CONCESSION_ACCRUAL,9,79,2026-07-26T21:48:41+08:00
fd6b9c28-5ab5-4c91-8875-11c721847f32,M-2148,ORD-20260727-6514-0172,CONCESSION_ACCRUAL,22,80,2026-07-27T00:18:03+08:00
abb47ec4-40f7-4b9d-a2f9-a925b4537651,M-1278,ORD-20260727-7321-0173,CONCESSION_ACCRUAL,3,325,2026-07-27T01:27:11+08:00
75c51098-1722-4e7d-ac47-328110429691,M-1455,ORD-20260726-6213-0174,CONCESSION_ACCRUAL,9,415,2026-07-26T02:28:13+08:00
1856a481-3e56-415f-ab45-f54111a61796,M-1170,ORD-20260726-7734-0175,CONCESSION_ACCRUAL,10,64,2026-07-26T22:48:49+08:00
f13e30fc-58b8-4d26-a4f9-a5d16e0564a8,M-2196,ORD-20260726-6648-0176,CONCESSION_ACCRUAL,24,57,2026-07-26T19:43:46+08:00
ad19fea9-30f8-4eb6-bf1e-734aa3805c9b,M-1159,ORD-20260726-6998-0177,CONCESSION_ACCRUAL,11,169,2026-07-26T18:28:40+08:00
04b2116f-4162-45da-a2bc-5951a88d6fd3,M-1898,ORD-20260726-8676-0178,CONCESSION_ACCRUAL,33,252,2026-07-26T17:55:33+08:00
179632ea-7358-4b12-9508-0faf7bec6c84,M-1476,ORD-20260726-2911-0179,CONCESSION_ACCRUAL,31,500,2026-07-26T18:58:34+08:00
2e890a39-540f-4779-b6c9-8a612f2b6b88,M-2193,ORD-20260727-2821-0180,CONCESSION_ACCRUAL,18,131,2026-07-27T00:05:10+08:00
bfe61004-e23c-4d95-9b51-c1b6d3e6125e,M-1705,ORD-20260726-2858-0181,CONCESSION_ACCRUAL,11,343,2026-07-26T22:54:33+08:00
31466d85-7536-47ba-9304-c3ed2851890e,M-1038,ORD-20260726-5250-0182,CONCESSION_ACCRUAL,3,350,2026-07-26T23:06:05+08:00
231c7e19-492d-4c59-9e4c-eacba1f21e19,M-1978,ORD-20260726-9583-0183,CONCESSION_ACCRUAL,13,154,2026-07-26T23:02:46+08:00
5c92260c-1c4e-49d5-b5ed-03fb5bb76a99,M-1165,ORD-20260726-4400-0184,CONCESSION_ACCRUAL,18,164,2026-07-26T13:41:16+08:00
0e4c2c46-baf2-4bba-9a50-08d2807689dd,M-1518,ORD-20260726-9198-0185,CONCESSION_ACCRUAL,16,397,2026-07-26T22:36:56+08:00
8b82a1da-469b-464d-af4c-a33778d93dea,M-1304,ORD-20260726-9234-0186,CONCESSION_ACCRUAL,41,236,2026-07-26T21:38:25+08:00
89b6b6dc-0be2-4c91-8846-5e2792aa1ba2,M-1119,ORD-20260726-1231-0187,CONCESSION_ACCRUAL,16,178,2026-07-26T15:12:39+08:00
c07126dc-9360-4eb5-ae27-0dfee0df3fac,M-2163,ORD-20260726-2005-0188,CONCESSION_ACCRUAL,15,154,2026-07-26T22:40:43+08:00
b4a42af8-d740-4437-9214-e092364b2388,M-1140,ORD-20260726-6896-0189,CONCESSION_ACCRUAL,3,372,2026-07-26T19:36:08+08:00
9a5a1015-808e-47fb-be39-b243f6aaa5d7,M-1798,ORD-20260727-4711-0190,CONCESSION_ACCRUAL,13,357,2026-07-27T00:49:36+08:00
b0ac8170-1bad-4757-abeb-e5a19c27fa6e,M-1437,ORD-20260726-9291-0191,CONCESSION_ACCRUAL,15,287,2026-07-26T19:20:33+08:00
3e999c8d-d0aa-4b3c-ba38-0b5e4f68dbb0,M-1708,ORD-20260726-1605-0192,CONCESSION_ACCRUAL,27,288,2026-07-26T21:59:39+08:00
6d7b885c-28da-4cd1-8d2d-03ebba16a7cf,M-1776,ORD-20260727-6266-0193,CONCESSION_ACCRUAL,21,295,2026-07-27T00:36:35+08:00
239be776-bc27-46a8-a062-6ba43167b21b,M-1628,ORD-20260726-9307-0194,CONCESSION_ACCRUAL,26,278,2026-07-26T14:44:52+08:00
6b250fee-4a1f-48d4-9e21-626ab64eeb49,M-1175,ORD-20260727-4961-0195,CONCESSION_ACCRUAL,24,434,2026-07-27T00:15:09+08:00
4d31fc93-d3a7-4bdf-905a-14a89dea57a5,M-1806,ORD-20260726-2401-0196,CONCESSION_ACCRUAL,8,80,2026-07-26T22:03:59+08:00
bd3add8f-4753-4bff-bb42-0afd934202ac,M-1109,ORD-20260726-4806-0197,CONCESSION_ACCRUAL,23,372,2026-07-26T23:39:29+08:00
20666b71-58c1-408e-8402-0c308a163ae3,M-1195,ORD-20260726-4055-0198,CONCESSION_ACCRUAL,8,355,2026-07-26T20:04:41+08:00
26ac61e8-4414-4347-b169-e319ee5feaac,M-1115,ORD-20260726-4209-0199,CONCESSION_ACCRUAL,8,181,2026-07-26T18:38:19+08:00
0ae4d286-23ad-4945-8713-0d0770dfae32,M-1466,ORD-20260726-1823-0200,CONCESSION_ACCRUAL,20,3548,2026-07-26T20:36:47+08:00
1144ba77-a2b6-4872-8446-26306cf478dc,M-1080,ORD-20260726-3179-0201,CONCESSION_ACCRUAL,32,327,2026-07-26T08:42:11+08:00
1d1f72e1-1ff8-47b2-82fe-14814cb761b5,M-1836,ORD-20260726-2533-0202,CONCESSION_ACCRUAL,17,509,2026-07-26T23:27:04+08:00
fec8bafe-77a8-431e-a5f0-420ae37cf461,M-1079,ORD-20260727-5548-0203,CONCESSION_ACCRUAL,11,248,2026-07-27T00:33:09+08:00
d97f9aa7-092f-4ab8-9162-44c916135892,M-1862,ORD-20260726-1713-0204,CONCESSION_ACCRUAL,13,107,2026-07-26T20:32:34+08:00
4c2312de-e14b-4dfc-b27e-587ca88f311c,M-1798,ORD-20260726-4250-0205,CONCESSION_ACCRUAL,16,373,2026-07-26T22:22:37+08:00
16a24504-f6d6-472c-947a-3f85f8c10d7b,M-1817,ORD-20260726-8172-0206,CONCESSION_ACCRUAL,15,321,2026-07-26T19:17:12+08:00
0b994104-5e94-47e4-8359-eba5e65ae601,M-1793,ORD-20260726-4395-0207,CONCESSION_ACCRUAL,60,951,2026-07-26T07:26:47+08:00
44fd8b93-9e56-4d1e-8bb5-6ba41932f88a,M-1634,ORD-20260726-7124-0208,CONCESSION_ACCRUAL,38,190,2026-07-26T21:35:25+08:00
809f73a5-5c05-4c48-a4bd-96aef7353337,M-1172,ORD-20260726-6828-0209,CONCESSION_ACCRUAL,12,341,2026-07-26T22:57:27+08:00
ee763b86-5f49-436a-be48-c3577b7d1d48,M-1231,ORD-20260727-7494-0210,CONCESSION_ACCRUAL,9,258,2026-07-27T00:51:03+08:00
fa1fe59c-023b-4877-b9d1-19f8043783ee,M-1637,ORD-20260726-2174-0211,CONCESSION_ACCRUAL,23,1463,2026-07-26T15:58:46+08:00
fc30b6cf-ea63-495e-a60a-e2af098bec83,M-1527,ORD-20260726-3555-0212,CONCESSION_ACCRUAL,8,593,2026-07-26T23:12:22+08:00
cec53d87-1009-4471-9f0e-5fa4a1ba6c00,M-1469,ORD-20260727-5506-0213,CONCESSION_ACCRUAL,10,230,2026-07-27T00:08:17+08:00
1b3d5941-2731-49a3-b24d-c3a3c619dd4d,M-1530,ORD-20260726-8749-0214,CONCESSION_ACCRUAL,4,383,2026-07-26T19:06:27+08:00
d6e9c266-1b1a-4a8f-ae8c-073797dfb6c0,M-1844,ORD-20260726-8637-0215,CONCESSION_ACCRUAL,9,14,2026-07-26T22:19:16+08:00
023ad7b3-e6c8-4ece-85d4-fc00716f0582,M-1789,ORD-20260726-6489-0216,CONCESSION_ACCRUAL,3,159,2026-07-26T21:36:53+08:00
a954c2a8-684f-4802-af3f-c2542d3f69f5,M-2004,ORD-20260727-5558-0217,CONCESSION_ACCRUAL,35,115,2026-07-27T00:40:35+08:00
4f1707a7-acc2-43d3-99af-08823982ee05,M-1612,ORD-20260726-1996-0218,CONCESSION_ACCRUAL,36,437,2026-07-26T20:02:48+08:00
43c5d857-3d00-4b4d-a576-b4f3c4112011,M-1407,ORD-20260726-7893-0219,CONCESSION_ACCRUAL,11,397,2026-07-26T23:26:35+08:00
6857ca4e-79cf-4192-80e6-a38207cb9161,M-2107,ORD-20260726-4291-0220,CONCESSION_ACCRUAL,15,214,2026-07-26T21:37:39+08:00
f4945e84-e440-4a90-8acb-3fc1e6d9ac57,M-1656,ORD-20260727-5288-0221,CONCESSION_ACCRUAL,9,91,2026-07-27T01:19:17+08:00
d3b4f212-93bf-4102-8ebc-2b7f046a2162,M-1842,ORD-20260727-6504-0222,CONCESSION_ACCRUAL,8,227,2026-07-27T04:02:02+08:00
e3707a79-d976-451a-9efa-777812dbdd33,M-1842,TIER_UPGRADE_Standard_TO_Silver,TIER_BONUS,50,277,2026-07-27T04:02:02+08:00
f8d19adc-6699-46a5-ad07-1b04ee7cd9a4,M-1141,ORD-20260726-6965-0223,CONCESSION_ACCRUAL,16,110,2026-07-26T13:51:23+08:00
644fccba-3811-436a-8026-6e36720c6c78,M-1466,ORD-20260727-6954-0224,CONCESSION_ACCRUAL,9,3557,2026-07-27T01:39:26+08:00
20fdf27a-d635-43c3-8186-b2e31694c32f,M-1762,ORD-20260726-8910-0225,CONCESSION_ACCRUAL,11,78,2026-07-26T16:40:21+08:00
03b2269e-5dd9-4f8f-9bbd-507bf3668fff,M-1473,ORD-20260726-3367-0226,CONCESSION_ACCRUAL,7,284,2026-07-26T20:43:41+08:00
422bd371-451f-4b35-95d3-6ee63e2d2bba,M-1699,ORD-20260726-8380-0227,CONCESSION_ACCRUAL,30,275,2026-07-26T20:20:21+08:00
9e44ae13-b1bb-4870-85c5-da91765c30e5,M-1148,ORD-20260726-4806-0228,CONCESSION_ACCRUAL,11,114,2026-07-26T22:53:32+08:00
8a90d6cd-0b01-4e42-89de-071acaf1c5e1,M-1630,ORD-20260726-1520-0229,CONCESSION_ACCRUAL,18,521,2026-07-26T20:15:53+08:00
8bd1d22d-1230-4c17-b511-e9eb362c4e12,M-1742,ORD-20260727-8688-0230,CONCESSION_ACCRUAL,37,112,2026-07-27T00:01:00+08:00
63922022-f769-4663-9c70-5490db3aa240,M-1307,ORD-20260726-5391-0231,CONCESSION_ACCRUAL,11,347,2026-07-26T23:23:50+08:00
19d3b187-b9ce-4f2d-849a-591637de37f9,M-1052,ORD-20260726-7283-0232,CONCESSION_ACCRUAL,8,345,2026-07-26T16:26:33+08:00
3f94af49-e532-470e-b0e0-bac2424b025f,M-1720,ORD-20260727-7849-0233,CONCESSION_ACCRUAL,11,217,2026-07-27T02:51:06+08:00
300dddc0-ee3e-41fa-8670-70030723db28,M-1085,ORD-20260726-7629-0234,CONCESSION_ACCRUAL,8,260,2026-07-26T20:08:10+08:00
685fe6b6-ad14-4007-bdbc-36d4c8317cd6,M-1404,ORD-20260726-3996-0235,CONCESSION_ACCRUAL,11,141,2026-07-26T22:04:20+08:00
8658d427-ca94-4160-bfba-9129c9a5483f,M-1891,ORD-20260726-5214-0236,CONCESSION_ACCRUAL,6,82,2026-07-26T08:46:42+08:00
4946671e-5d37-480c-9198-8b87e4cd2149,M-1270,ORD-20260727-7077-0237,CONCESSION_ACCRUAL,29,1083,2026-07-27T02:38:25+08:00
11c7d342-ce4f-4ab3-bcfc-d3f70791929b,M-1678,ORD-20260726-6726-0238,CONCESSION_ACCRUAL,20,204,2026-07-26T23:58:40+08:00
45d029e5-90c2-4ffd-a431-e2d21ef6429c,M-1752,ORD-20260726-7352-0239,CONCESSION_ACCRUAL,9,2486,2026-07-26T18:12:57+08:00
5bcd1644-0d7e-46e4-96ea-1aab66e4bd9c,M-1247,ORD-20260726-4009-0240,CONCESSION_ACCRUAL,31,2262,2026-07-26T19:36:47+08:00
41cedbef-9978-4eee-92b7-c5d1160d166c,M-1782,ORD-20260726-7824-0241,CONCESSION_ACCRUAL,13,123,2026-07-26T22:37:34+08:00
508dbe1f-59ff-483d-9996-aecd34903230,M-1649,ORD-20260726-6952-0242,CONCESSION_ACCRUAL,18,219,2026-07-26T20:45:48+08:00
a2c493af-0e56-4a21-80d7-9cee8bcf04b6,M-1006,ORD-20260726-8315-0243,CONCESSION_ACCRUAL,18,167,2026-07-26T23:35:04+08:00
147b409f-2f70-480e-b411-d6b6027bd319,M-1539,ORD-20260726-4193-0244,CONCESSION_ACCRUAL,53,1509,2026-07-26T14:41:10+08:00
ab1fe7de-a1ab-4b9d-80c5-a2b6da9bce46,M-1106,ORD-20260726-9028-0245,CONCESSION_ACCRUAL,10,209,2026-07-26T20:58:10+08:00
1b8d661e-da01-4969-8f8f-fb69e0bea475,M-1399,ORD-20260727-4307-0246,CONCESSION_ACCRUAL,28,156,2026-07-27T04:03:30+08:00
7447e411-6678-48ca-bcf3-f1b7d9ceeeb0,M-1192,ORD-20260727-1277-0247,CONCESSION_ACCRUAL,51,217,2026-07-27T01:02:08+08:00
45c60ddd-83af-4b67-9269-1cfa3b2aed45,M-1997,ORD-20260727-2479-0248,CONCESSION_ACCRUAL,12,113,2026-07-27T01:00:33+08:00
b92fb1f5-e9e0-4297-9292-35b7cc537a5c,M-1236,ORD-20260727-3968-0249,CONCESSION_ACCRUAL,10,355,2026-07-27T00:53:42+08:00
9a41760e-52aa-46e5-9034-73229f0cb964,M-1683,ORD-20260726-1119-0250,CONCESSION_ACCRUAL,9,886,2026-07-26T18:44:52+08:00
47580bd9-05a1-4d63-a19d-59327c2684dd,M-1260,ORD-20260726-5473-0251,CONCESSION_ACCRUAL,12,278,2026-07-26T16:11:53+08:00
d5da1231-63c8-4fbf-8f31-b2100b9545f9,M-1005,ORD-20260727-4681-0252,CONCESSION_ACCRUAL,8,116,2026-07-27T00:01:03+08:00
0d569422-ff21-4f38-934e-020f4f1a7812,M-1895,ORD-20260726-8534-0253,CONCESSION_ACCRUAL,18,294,2026-07-26T21:23:06+08:00
3eea3ebf-dd6e-426b-9128-7126df7501a9,M-2061,ORD-20260726-7352-0254,CONCESSION_ACCRUAL,5,42,2026-07-26T17:57:11+08:00
d5bc413d-f89f-4eef-8ccf-b81743d59f81,M-2191,ORD-20260726-5301-0255,CONCESSION_ACCRUAL,5,117,2026-07-26T13:52:21+08:00
d4816ad7-f7a3-4706-84ed-124815fb90bd,M-1514,ORD-20260726-2297-0256,CONCESSION_ACCRUAL,16,556,2026-07-26T23:19:16+08:00
8cc4c231-34e4-43e6-b621-fe0f5cf6f631,M-1129,ORD-20260727-8227-0257,CONCESSION_ACCRUAL,36,1017,2026-07-27T00:30:57+08:00
a5a875c1-8595-4312-9599-546b6fe918f6,M-1864,ORD-20260726-1921-0258,CONCESSION_ACCRUAL,15,185,2026-07-26T18:58:26+08:00
614978f9-4997-4dae-be3f-4d814e3af305,M-1843,ORD-20260726-3204-0259,CONCESSION_ACCRUAL,9,84,2026-07-26T23:23:50+08:00
d1f18739-5b65-410a-babe-49e8cc6d22ba,M-1058,ORD-20260726-1284-0260,CONCESSION_ACCRUAL,21,211,2026-07-26T23:17:00+08:00
c7691865-df14-42ad-88f2-00d12969befb,M-1784,ORD-20260726-2528-0261,CONCESSION_ACCRUAL,3,343,2026-07-26T13:21:38+08:00
b4ff7787-8bc5-4824-be0f-c2df4bf58902,M-1261,ORD-20260726-2738-0262,CONCESSION_ACCRUAL,9,311,2026-07-26T19:30:11+08:00
e7659c66-bd9b-45ea-b829-79f415580899,M-1087,ORD-20260727-3308-0263,CONCESSION_ACCRUAL,18,931,2026-07-27T00:42:23+08:00
95f74ef5-04be-4970-81e2-1ed9f4f97bb8,M-1238,ORD-20260726-9040-0264,CONCESSION_ACCRUAL,16,193,2026-07-26T23:47:16+08:00
57f752a3-1edf-438c-a7e2-7e49b87584cb,M-1724,ORD-20260726-2537-0265,CONCESSION_ACCRUAL,15,202,2026-07-26T20:24:09+08:00
0989a485-726e-4ec5-a8c6-0c1891d81229,M-1548,ORD-20260726-1646-0266,CONCESSION_ACCRUAL,31,617,2026-07-26T22:14:42+08:00
59440cdc-40c9-45c3-818e-886d2b3b8003,M-1666,ORD-20260726-4275-0267,CONCESSION_ACCRUAL,23,192,2026-07-26T22:01:06+08:00
2a3ad0f9-4414-4a17-b8c8-528a52947db3,M-1450,ORD-20260726-1826-0268,CONCESSION_ACCRUAL,15,190,2026-07-26T14:59:01+08:00
56a0c306-8fa2-44e5-9455-070b29be6300,M-1659,ORD-20260726-9584-0269,CONCESSION_ACCRUAL,8,352,2026-07-26T19:35:46+08:00
d40fd710-12fe-48a9-8848-e66c53fd53c3,M-1139,ORD-20260726-8996-0270,CONCESSION_ACCRUAL,11,159,2026-07-26T17:08:59+08:00
39c600d0-56b8-4bff-a96c-e79cc3e5635d,M-1248,ORD-20260726-7843-0271,CONCESSION_ACCRUAL,10,268,2026-07-26T23:10:09+08:00
1e6a5d43-62c2-4617-b77f-93281bd3511c,M-1715,ORD-20260726-7471-0272,CONCESSION_ACCRUAL,8,260,2026-07-26T22:55:42+08:00
de9938a8-7f79-4443-a0a1-dbffed88ac38,M-1532,ORD-20260726-8961-0273,CONCESSION_ACCRUAL,16,113,2026-07-26T16:53:47+08:00
cd62ed4f-4104-4edd-8ba9-2991e68d4a7e,M-1145,ORD-20260727-5710-0274,CONCESSION_ACCRUAL,26,148,2026-07-27T00:38:28+08:00
de9623a7-25a9-443a-84a7-a922ccf820fa,M-1349,ORD-20260726-3564-0275,CONCESSION_ACCRUAL,8,218,2026-07-26T16:01:31+08:00
6d776166-8d96-419c-9b95-6b55651c8582,M-1886,ORD-20260726-2350-0276,CONCESSION_ACCRUAL,13,115,2026-07-26T21:07:02+08:00
4c2fc4f3-0d9b-4baf-be8e-69e2592a82e9,M-1788,ORD-20260726-2649-0277,CONCESSION_ACCRUAL,19,313,2026-07-26T20:16:06+08:00
cd75f1a8-fa79-466e-95af-d7c173bc6107,M-1426,ORD-20260726-1143-0278,CONCESSION_ACCRUAL,16,1029,2026-07-26T13:45:19+08:00
987aea00-76a7-4476-8783-68edc4554077,M-1450,ORD-20260726-9055-0279,CONCESSION_ACCRUAL,38,228,2026-07-26T23:47:50+08:00
13d57a15-2f1b-4b4b-a13c-609fa4683bb8,M-1055,ORD-20260726-8419-0280,CONCESSION_ACCRUAL,61,133,2026-07-26T19:42:57+08:00
95db26d6-f65b-4b44-9648-7042810b64b8,M-2092,ORD-20260726-9856-0281,CONCESSION_ACCRUAL,52,173,2026-07-26T23:06:36+08:00
13343084-969c-403e-afbc-abcb34c9209e,M-2092,TIER_UPGRADE_Standard_TO_Silver,TIER_BONUS,50,223,2026-07-26T23:06:36+08:00
1d093c3d-e5e9-4817-b2b1-6938093d3944,M-1504,ORD-20260726-1581-0282,CONCESSION_ACCRUAL,9,181,2026-07-26T21:05:03+08:00
7acd62fb-8b11-40e6-90af-2b7c07aab2d9,M-1525,ORD-20260726-8101-0283,CONCESSION_ACCRUAL,20,120,2026-07-26T23:29:33+08:00
326dd7fe-dca0-4788-8000-cae830f503b9,M-1731,ORD-20260726-3415-0284,CONCESSION_ACCRUAL,26,86,2026-07-26T18:12:26+08:00
47a5328a-eb6a-4890-ac50-249260f44f26,M-1981,ORD-20260726-4692-0285,CONCESSION_ACCRUAL,25,104,2026-07-26T23:29:57+08:00
0f9de13c-55c0-47f2-8f6e-b362d218abd6,M-1029,ORD-20260726-8365-0286,CONCESSION_ACCRUAL,12,628,2026-07-26T21:28:07+08:00
0d224487-06d3-4488-ba35-23f8ea12dc1d,M-1120,ORD-20260726-2122-0287,CONCESSION_ACCRUAL,8,605,2026-07-26T21:36:00+08:00
5d29a7b4-3bea-4825-ba6e-3a6949cf6e45,M-1481,ORD-20260727-9689-0288,CONCESSION_ACCRUAL,8,250,2026-07-27T00:09:48+08:00
98ef6d32-e888-4dba-b0be-d3e1420b4572,M-1221,ORD-20260726-9347-0289,CONCESSION_ACCRUAL,13,1889,2026-07-26T16:45:44+08:00
18265f91-149c-4c0c-be77-3f2e5c671ccb,M-1616,ORD-20260726-2174-0290,CONCESSION_ACCRUAL,28,216,2026-07-26T20:46:52+08:00
0784952c-ff54-44aa-8ff3-af921eecfe13,M-1815,ORD-20260726-7070-0291,CONCESSION_ACCRUAL,16,167,2026-07-26T21:53:47+08:00
d13d1fb1-20b4-4b6e-8745-7099d6ced640,M-1578,ORD-20260727-3433-0292,CONCESSION_ACCRUAL,23,140,2026-07-27T04:38:53+08:00
7703cefd-12c4-426d-bd80-9784d02e1838,M-2017,ORD-20260726-6020-0293,CONCESSION_ACCRUAL,12,57,2026-07-26T16:29:53+08:00
7e65b681-2440-4df1-8755-3e1a175f000a,M-1436,ORD-20260727-9859-0294,CONCESSION_ACCRUAL,11,488,2026-07-27T00:07:06+08:00
95a87242-eb7a-4974-b688-25595e9533c6,M-1761,ORD-20260726-3804-0295,CONCESSION_ACCRUAL,10,532,2026-07-26T23:47:14+08:00
8c17137b-382b-49f4-b2db-f5cd76d87f89,M-1475,ORD-20260726-5628-0296,CONCESSION_ACCRUAL,28,424,2026-07-26T23:15:07+08:00
31b8f576-1b80-4eac-b6bd-f11aab4c6531,M-1326,ORD-20260726-3189-0297,CONCESSION_ACCRUAL,3,501,2026-07-26T16:47:15+08:00
24fe059c-37b5-4e41-b95d-17d1e719eee0,M-2091,ORD-20260726-9931-0298,CONCESSION_ACCRUAL,15,210,2026-07-26T19:34:08+08:00
08a23951-60ac-4231-a741-5354cf7e02c8,M-1950,ORD-20260727-2360-0299,CONCESSION_ACCRUAL,24,90,2026-07-27T01:06:12+08:00
6287e907-7167-4f0f-b534-3dbd858cc062,M-1701,ORD-20260727-1678-0300,CONCESSION_ACCRUAL,8,501,2026-07-27T00:07:13+08:00
7e262cc1-e729-435c-a916-6b1fb9814136,M-1025,ORD-20260726-5240-0301,CONCESSION_ACCRUAL,11,108,2026-07-26T22:58:00+08:00
356e5d7c-1894-49c7-9884-75a51ebbd79e,M-1767,ORD-20260726-9043-0302,CONCESSION_ACCRUAL,8,306,2026-07-26T16:15:00+08:00
9f431ff2-8669-45e4-9e06-12a41260c73c,M-1783,ORD-20260726-6088-0303,CONCESSION_ACCRUAL,16,487,2026-07-26T20:44:00+08:00
93609f89-6da9-464f-bd57-15b1221ca451,M-1272,ORD-20260726-2601-0304,CONCESSION_ACCRUAL,13,1305,2026-07-26T22:08:00+08:00
389a000b-8807-48ed-b5d1-8170ca511194,M-1465,ORD-20260726-6112-0305,CONCESSION_ACCRUAL,18,821,2026-07-26T12:48:00+08:00
3e696450-aeb6-4231-92a3-5025369df560,M-1260,ORD-20260726-7006-0306,CONCESSION_ACCRUAL,11,289,2026-07-26T10:49:00+08:00
e58fa478-eef4-438a-bc11-bcc0cb207e78,M-1298,ORD-20260726-3900-0307,CONCESSION_ACCRUAL,16,511,2026-07-26T10:45:00+08:00
68217386-fcb7-462f-9141-5efab8e13533,M-1747,ORD-20260726-2771-0308,CONCESSION_ACCRUAL,10,93,2026-07-26T17:13:00+08:00
7c120776-5bc6-4225-b3aa-7dd76980c9e5,M-1356,ORD-20260726-7036-0309,CONCESSION_ACCRUAL,43,870,2026-07-26T20:53:00+08:00
c8f4c1d4-32f9-450e-94d5-4209293c028e,M-1642,ORD-20260726-3925-0310,CONCESSION_ACCRUAL,12,174,2026-07-26T13:37:00+08:00
b8aaa0f9-945f-4b51-8647-7be958ffeb59,M-1551,ORD-20260726-3261-0311,CONCESSION_ACCRUAL,33,312,2026-07-26T21:00:00+08:00
eae16d49-f638-4f21-a6bd-18d11cf8a846,M-1834,ORD-20260726-5097-0312,CONCESSION_ACCRUAL,50,224,2026-07-26T15:32:00+08:00
eea0df41-c499-4cda-855e-f051681b6dd3,M-1328,ORD-20260726-3994-0313,CONCESSION_ACCRUAL,31,373,2026-07-26T09:53:00+08:00
2a17070e-3a58-4d95-94eb-7e5ac2431499,M-1125,ORD-20260726-1925-0314,CONCESSION_ACCRUAL,15,713,2026-07-26T22:03:00+08:00
c4503a10-213c-4d11-8983-1597284b34d2,M-1755,ORD-20260726-9754-0315,CONCESSION_ACCRUAL,3,152,2026-07-26T19:51:00+08:00
4ea2bcdc-0e5e-465c-8f35-5959baf3db04,M-1138,ORD-20260726-6597-0316,CONCESSION_ACCRUAL,11,745,2026-07-26T13:03:00+08:00
3b4937eb-b9b5-4928-b886-b4b5da55a058,M-1045,ORD-20260726-4952-0317,CONCESSION_ACCRUAL,15,160,2026-07-26T18:30:00+08:00
736208b4-0f58-4f86-9e4c-52ff7f2a7085,M-1984,ORD-20260726-4826-0318,CONCESSION_ACCRUAL,17,118,2026-07-26T10:08:00+08:00
4179a3ea-25fc-4c18-95fd-49848c5b1f2e,M-1535,ORD-20260726-7813-0319,CONCESSION_ACCRUAL,8,223,2026-07-26T22:40:00+08:00
404e8d73-ab58-4155-8411-661a1bd28cb3,M-1186,ORD-20260726-1323-0320,CONCESSION_ACCRUAL,15,492,2026-07-26T12:23:00+08:00
9187f4ff-9abc-4a57-98cc-272be6cf0b9b,M-1491,ORD-20260726-3415-0321,CONCESSION_ACCRUAL,15,178,2026-07-26T11:40:00+08:00
98fa24da-71b8-48ce-b4a0-f6d4c0f93ca3,M-1807,ORD-20260726-9755-0322,CONCESSION_ACCRUAL,30,94,2026-07-26T17:16:00+08:00
f446c224-f240-47cb-84ca-f3109aabbd8e,M-1170,ORD-20260726-7249-0323,CONCESSION_ACCRUAL,19,83,2026-07-26T10:33:00+08:00
1f2a870c-6447-4f09-a3ad-de3f68c0f86b,M-1737,ORD-20260726-6999-0324,CONCESSION_ACCRUAL,43,132,2026-07-26T09:29:00+08:00
9ba2aa98-c1cb-438a-985a-9199a4c9de1f,M-1037,ORD-20260726-5365-0325,CONCESSION_ACCRUAL,25,368,2026-07-26T16:18:00+08:00
5a0fed00-00db-419d-a4dc-9df844e56a6f,M-1732,ORD-20260726-2326-0326,CONCESSION_ACCRUAL,10,339,2026-07-26T21:26:00+08:00
5e70c66b-3969-4d87-8e9d-58b54bfcbde4,M-1077,ORD-20260726-1140-0327,CONCESSION_ACCRUAL,15,431,2026-07-26T11:39:00+08:00
40d6baa1-4638-4482-a7d1-29089186bbf7,M-1526,ORD-20260726-7160-0328,CONCESSION_ACCRUAL,19,844,2026-07-26T11:59:00+08:00
8551df4b-8d95-46fe-9c16-17f3f8376f92,M-1011,ORD-20260726-2086-0329,CONCESSION_ACCRUAL,43,962,2026-07-26T12:47:00+08:00
29bcf574-c959-495f-a353-7abc3079e8fd,M-1088,ORD-20260726-9486-0330,CONCESSION_ACCRUAL,30,481,2026-07-26T11:18:00+08:00
93a54b3a-7ecc-494f-9326-7f553b7e4bf1,M-1851,ORD-20260726-2754-0331,CONCESSION_ACCRUAL,2,171,2026-07-26T20:59:00+08:00
ec13a7a1-1be3-4763-8a25-76eef42ce524,M-1353,ORD-20260726-8521-0332,CONCESSION_ACCRUAL,20,445,2026-07-26T17:09:00+08:00
9f8ed59a-e204-4233-a7a1-d1686e100b86,M-1813,ORD-20260726-9331-0333,CONCESSION_ACCRUAL,3,956,2026-07-26T22:39:00+08:00
6b5d2785-dbdf-4c09-a5c1-e21c2425db7d,M-1043,ORD-20260726-4981-0334,CONCESSION_ACCRUAL,19,818,2026-07-26T17:39:00+08:00
3a4ecc51-d7b3-45ff-b1ea-d4b69b0580f0,M-1746,ORD-20260726-1487-0335,CONCESSION_ACCRUAL,11,319,2026-07-26T22:11:00+08:00
178b4d67-63b3-47dc-adab-5b71e79a6fa6,M-1967,ORD-20260726-4072-0336,CONCESSION_ACCRUAL,12,52,2026-07-26T21:40:00+08:00
074c507d-688c-461c-80f3-d281cd9c7c64,M-1206,ORD-20260726-4135-0337,CONCESSION_ACCRUAL,9,280,2026-07-26T09:17:00+08:00
b3ed9d8f-6d0c-4c3b-8b6f-db946e5ce3dd,M-1057,ORD-20260726-2506-0338,CONCESSION_ACCRUAL,11,91,2026-07-26T13:35:00+08:00
94b74dd5-75e4-47da-8dca-41e507440db7,M-1618,ORD-20260726-9019-0339,CONCESSION_ACCRUAL,18,323,2026-07-26T12:55:00+08:00
5ad23501-506a-497e-a07b-815a6ae64042,M-1468,ORD-20260726-5461-0340,CONCESSION_ACCRUAL,8,330,2026-07-26T20:33:00+08:00
f377a5d6-6c89-4b18-8966-15d66a80ab15,M-1843,ORD-20260726-3095-0341,CONCESSION_ACCRUAL,3,87,2026-07-26T16:35:00+08:00
5eaa78ea-a289-4b60-b972-5e82c5bd211d,M-1006,ORD-20260726-6904-0342,CONCESSION_ACCRUAL,16,183,2026-07-26T17:45:00+08:00
c5d91742-651d-4ac4-a8fb-48c72f115fdb,M-1323,ORD-20260726-5731-0343,CONCESSION_ACCRUAL,16,334,2026-07-26T14:22:00+08:00
b7724994-086b-48d6-ad6b-eb558ebf1a30,M-1965,ORD-20260726-5503-0344,CONCESSION_ACCRUAL,19,160,2026-07-26T13:37:00+08:00
20f8977d-8886-4fa0-ba9e-1a28b62f8eb2,M-1726,ORD-20260726-7948-0345,CONCESSION_ACCRUAL,9,175,2026-07-26T21:06:00+08:00
64f3267b-8e26-4242-94ff-32cc3aa9155a,M-1014,ORD-20260726-2247-0346,CONCESSION_ACCRUAL,15,822,2026-07-26T16:33:00+08:00
eb18a5c0-1b0a-46b1-badf-5f790508ba3c,M-1795,ORD-20260726-9096-0347,CONCESSION_ACCRUAL,18,110,2026-07-26T20:50:00+08:00
0a40657e-ab67-4399-bd2a-e9d030754512,M-1730,ORD-20260726-2993-0348,CONCESSION_ACCRUAL,26,167,2026-07-26T09:20:00+08:00
11c5b86b-bc79-48aa-94d3-ab5ca3f8d0c2,M-1932,ORD-20260726-6587-0349,CONCESSION_ACCRUAL,13,93,2026-07-26T09:45:00+08:00
e7cfbf0b-aedf-48a1-9d78-b9cf9ed43ddb,M-1690,ORD-20260726-4727-0350,CONCESSION_ACCRUAL,11,130,2026-07-26T14:25:00+08:00
8b539b19-69e4-4e4a-b0d9-4885a32a1092,M-1323,ORD-20260726-9653-0351,CONCESSION_ACCRUAL,11,345,2026-07-26T09:30:00+08:00
eeb4e115-00c8-43be-9105-cc606928bad7,M-1725,ORD-20260726-7990-0352,CONCESSION_ACCRUAL,26,493,2026-07-26T18:28:00+08:00
8404d9d7-3a9b-401a-9450-1a6f2a0e8def,M-1791,ORD-20260726-7430-0353,CONCESSION_ACCRUAL,27,181,2026-07-26T19:12:00+08:00
25385d47-c3a8-4588-8f8a-b8b1f6ac7166,M-2042,ORD-20260726-7097-0354,CONCESSION_ACCRUAL,6,64,2026-07-26T21:34:00+08:00
7a1eaaa9-cd65-4030-a449-ad5a3b6ea321,M-1472,ORD-20260726-8992-0355,CONCESSION_ACCRUAL,11,111,2026-07-26T14:38:00+08:00
9a59996a-460b-4410-8b6d-dc39a1ef079a,M-2055,ORD-20260726-3929-0356,CONCESSION_ACCRUAL,37,203,2026-07-26T10:48:00+08:00
9d488efe-42d1-464d-a572-960fabb71ae1,M-1811,ORD-20260726-5041-0357,CONCESSION_ACCRUAL,10,26,2026-07-26T10:48:00+08:00
d8036885-41a9-487c-8aa2-056ed013bb5c,M-1519,ORD-20260726-8766-0358,CONCESSION_ACCRUAL,11,417,2026-07-26T09:20:00+08:00
e6a098ac-d59c-444a-b2f1-fb733e594e19,M-1163,ORD-20260726-6520-0359,CONCESSION_ACCRUAL,15,223,2026-07-26T11:26:00+08:00
3e54848e-c74c-4c88-bff3-160817b10e7b,M-1501,ORD-20260726-5070-0360,CONCESSION_ACCRUAL,11,147,2026-07-26T19:07:00+08:00
78ffc2b8-9d45-4b9f-99e4-7d468dc00cf4,M-1736,ORD-20260726-3928-0361,CONCESSION_ACCRUAL,9,62,2026-07-26T19:08:00+08:00
98a8057b-f558-4505-b376-cd6d197b7b5a,M-1818,ORD-20260726-7334-0362,CONCESSION_ACCRUAL,8,431,2026-07-26T18:41:00+08:00
5707a8d0-9e4e-4765-8b40-fe5eb3fcf180,M-1157,ORD-20260726-3416-0363,CONCESSION_ACCRUAL,16,215,2026-07-26T16:57:00+08:00
c7127604-8b16-463f-b82c-3b3652310fab,M-1439,ORD-20260726-6876-0364,CONCESSION_ACCRUAL,16,86,2026-07-26T11:44:00+08:00
90835321-9d5b-4092-8e61-bc8b498d476d,M-2050,ORD-20260726-2631-0365,CONCESSION_ACCRUAL,6,33,2026-07-26T20:51:00+08:00
0c454b3f-96f8-48a4-8291-4a9ab0359133,M-1332,ORD-20260726-3557-0366,CONCESSION_ACCRUAL,39,256,2026-07-26T19:52:00+08:00
1d1ff3d8-7edc-46f8-85d0-0dba3ac67aa4,M-1332,TIER_UPGRADE_Standard_TO_Silver,TIER_BONUS,50,306,2026-07-26T19:52:00+08:00
12badb6b-ac27-4b23-8fe7-0829554e50c3,M-1891,ORD-20260726-9347-0367,CONCESSION_ACCRUAL,11,93,2026-07-26T10:42:00+08:00
674c00d0-2814-45ad-9cb0-23c4ca445898,M-1217,ORD-20260726-2540-0368,CONCESSION_ACCRUAL,17,263,2026-07-26T18:24:00+08:00
4891b505-002c-4647-856b-e5cde9107175,M-1690,ORD-20260726-4303-0369,CONCESSION_ACCRUAL,16,146,2026-07-26T10:08:00+08:00
fce1e665-5cdd-4b62-b18b-55927cee341c,M-1805,ORD-20260726-8180-0370,CONCESSION_ACCRUAL,11,565,2026-07-26T15:25:00+08:00
4f868b58-6f78-4232-bfdc-0f7686530cdc,M-1764,ORD-20260726-6856-0371,CONCESSION_ACCRUAL,8,171,2026-07-26T12:11:00+08:00
6599ddd8-c7ee-4985-9af8-0091b6f2f1ca,M-1330,ORD-20260726-4100-0372,CONCESSION_ACCRUAL,9,3404,2026-07-26T22:46:00+08:00
16a07395-b8f2-4fa2-b532-ee63e412ef52,M-1978,ORD-20260726-7349-0373,CONCESSION_ACCRUAL,12,166,2026-07-26T17:05:00+08:00
708be852-c011-4d4a-be4f-d17fd49aa740,M-1237,ORD-20260726-9726-0374,CONCESSION_ACCRUAL,25,407,2026-07-26T16:04:00+08:00
e3c8b1a3-2ddf-4ff7-ba57-73fe2116750f,M-1431,ORD-20260726-2009-0375,CONCESSION_ACCRUAL,11,474,2026-07-26T10:47:00+08:00
33950302-e322-423b-95b6-071ab675942c,M-1833,ORD-20260726-8337-0376,CONCESSION_ACCRUAL,34,123,2026-07-26T10:31:00+08:00
a7bbacb7-cf15-4705-935d-c38fe86bf459,M-1665,ORD-20260726-5455-0377,CONCESSION_ACCRUAL,38,1403,2026-07-26T12:32:00+08:00
927ad0b7-af16-44aa-b2b2-3a3d48955c15,M-1534,ORD-20260726-9484-0378,CONCESSION_ACCRUAL,46,112,2026-07-26T22:56:00+08:00
23bf898b-5cdd-464d-b02d-809ca4aab394,M-1427,ORD-20260726-5844-0379,CONCESSION_ACCRUAL,3,448,2026-07-26T10:38:00+08:00
868c0a92-595b-46cf-b7aa-44e0fd0061bc,M-2159,ORD-20260726-1533-0380,CONCESSION_ACCRUAL,46,505,2026-07-26T11:07:00+08:00
3d599634-bc52-4e36-8bad-3edbc0e1045f,M-1431,ORD-20260726-9654-0381,CONCESSION_ACCRUAL,7,481,2026-07-26T21:35:00+08:00
0149cda6-7bcb-4692-84ed-08cff6e6b4d1,M-1818,ORD-20260726-7842-0382,CONCESSION_ACCRUAL,20,451,2026-07-26T10:13:00+08:00
798ffcbf-9f9b-4867-9bfe-150aa81f2b7d,M-2172,ORD-20260726-5246-0383,CONCESSION_ACCRUAL,32,67,2026-07-26T16:00:00+08:00
7c24b9e2-e656-4359-b980-c3b9c4382abc,M-2142,ORD-20260726-3464-0384,CONCESSION_ACCRUAL,8,186,2026-07-26T18:41:00+08:00
0a421bda-1b1f-4e5f-910c-12a436c9008a,M-1192,ORD-20260726-5621-0385,CONCESSION_ACCRUAL,11,228,2026-07-26T09:32:00+08:00
44c7b003-eddc-4539-91fa-36eaccb51a5a,M-1381,ORD-20260726-1875-0386,CONCESSION_ACCRUAL,17,330,2026-07-26T18:50:00+08:00
0151b21a-3def-4119-996a-11ae1ec997f8,M-2175,ORD-20260726-2460-0387,CONCESSION_ACCRUAL,3,119,2026-07-26T12:19:00+08:00
e456aa5e-13f6-422e-8631-211d4bf2db92,M-1573,ORD-20260726-9894-0388,CONCESSION_ACCRUAL,44,606,2026-07-26T11:24:00+08:00
2cc45993-d64e-44da-b2e3-6b994be37d03,M-1357,ORD-20260726-4061-0389,CONCESSION_ACCRUAL,39,155,2026-07-26T16:00:00+08:00
e14e4b26-a8f8-4d78-9758-4196564832f9,M-1537,ORD-20260726-3670-0390,CONCESSION_ACCRUAL,30,321,2026-07-26T09:26:00+08:00
733713b7-3f3d-4a8b-b8cf-d0da29220a75,M-1178,ORD-20260726-6707-0391,CONCESSION_ACCRUAL,11,268,2026-07-26T13:02:00+08:00
e7d8ddc9-027a-433b-a9cd-16d5a1c5e256,M-1439,ORD-20260726-2927-0392,CONCESSION_ACCRUAL,3,89,2026-07-26T21:27:00+08:00
cc4a3df1-840c-42c2-a9aa-4860286397b7,M-1283,ORD-20260726-6608-0393,CONCESSION_ACCRUAL,19,180,2026-07-26T10:55:00+08:00
37cdfde5-23e7-477b-a943-5fd2d8021476,M-1323,ORD-20260726-7453-0394,CONCESSION_ACCRUAL,16,361,2026-07-26T14:14:00+08:00
0ad049bc-f1ff-4263-9866-4188930f8ae7,M-1813,ORD-20260726-6703-0395,CONCESSION_ACCRUAL,25,981,2026-07-26T09:58:00+08:00
014dcc5a-9a5a-44cd-92ec-e195c2098766,M-1682,ORD-20260726-9368-0396,CONCESSION_ACCRUAL,20,655,2026-07-26T12:13:00+08:00
8ec0bd03-6b93-4b12-95a4-dedd1b267b79,M-1203,ORD-20260726-3164-0397,CONCESSION_ACCRUAL,9,132,2026-07-26T09:43:00+08:00
30429a4e-41a2-4d33-b69e-9b6301a63376,M-1066,ORD-20260726-3970-0398,CONCESSION_ACCRUAL,8,313,2026-07-26T18:52:00+08:00
4de24be7-638a-48a3-81a3-a94d207548f7,M-1765,ORD-20260726-9494-0399,CONCESSION_ACCRUAL,26,166,2026-07-26T21:11:00+08:00
3d3402e1-1926-4d3b-9168-40d7c8023cb0,M-1724,ORD-20260726-8064-0400,CONCESSION_ACCRUAL,8,210,2026-07-26T20:13:00+08:00
