ledger_id,member_id,source_reference_id,transaction_type,points_delta,resulting_balance,created_at
c81f0ff1-656b-4ea4-98dc-2e6d2897dcc5,M-1771,SESS-20260817-8756-0000,RENTAL_REDEMPTION,-100,79,2026-08-17T17:30:00+08:00
be904687-ba23-4909-83ba-17ae44a174ff,M-1771,SESS-20260817-8756-0000,RENTAL_ACCRUAL,5,84,2026-08-17T19:30:00+08:00
94849d46-db8c-4309-90ba-0bffe4efb7f1,M-1352,SESS-20260817-3074-0001,RENTAL_ACCRUAL,16,214,2026-08-18T01:00:00+08:00
f4aed34d-dd71-470e-94a7-2fc189942dc9,M-1358,SESS-20260817-6223-0002,RENTAL_REDEMPTION,-200,33,2026-08-17T13:15:00+08:00
41eac5e5-22c3-4e98-b54f-feadd5c32fcd,M-1358,SESS-20260817-6223-0002,RENTAL_ACCRUAL,14,47,2026-08-17T16:15:00+08:00
eacd013b-36c7-4c85-a5f1-0f37484d8633,M-1067,SESS-20260817-8841-0003,RENTAL_ACCRUAL,18,372,2026-08-17T17:30:00+08:00
594e67af-c81d-4247-87b2-f1d347b51beb,M-1201,SESS-20260817-6079-0004,RENTAL_ACCRUAL,28,589,2026-08-17T19:15:00+08:00
78f207ff-82aa-4d4e-a5a6-47aa86bb7556,M-1861,SESS-20260817-9261-0005,RENTAL_ACCRUAL,24,171,2026-08-17T08:00:00+08:00
15d61c3c-3362-4172-896f-92d044b3c1da,M-1789,SESS-20260817-2515-0006,RENTAL_ACCRUAL,28,274,2026-08-17T18:30:00+08:00
6114e85c-d1a5-46cf-87c5-a7968ef7ffd4,M-1605,SESS-20260817-7604-0007,RENTAL_ACCRUAL,27,198,2026-08-17T23:45:00+08:00
42b892cf-9b71-4d79-abaf-012505e12a0d,M-1148,SESS-20260817-3048-0008,RENTAL_ACCRUAL,16,186,2026-08-17T17:00:00+08:00
8be7611d-73de-40ea-8501-2c4c0a1f138b,M-1384,SESS-20260817-4884-0009,RENTAL_ACCRUAL,14,1481,2026-08-17T21:45:00+08:00
3624f8b0-5fc4-4fb9-aa56-047d3a80eb0f,M-2072,SESS-20260817-2950-0010,RENTAL_ACCRUAL,24,216,2026-08-18T00:15:00+08:00
e447c902-01c9-432d-9bcb-203f2507a0c2,M-1677,SESS-20260817-4016-0011,RENTAL_ACCRUAL,16,409,2026-08-17T18:15:00+08:00
aa6660f2-2c0a-4384-a6bc-ae585b4b7bb9,M-1526,SESS-20260817-5330-0012,RENTAL_ACCRUAL,48,1161,2026-08-18T03:00:00+08:00
eb65a7ea-ddb3-469b-9941-8db637c1502e,M-1858,SESS-20260817-3366-0013,RENTAL_ACCRUAL,16,37,2026-08-17T20:30:00+08:00
a391e4f6-3e4a-4e72-bda1-efad65482827,M-1449,SESS-20260817-2999-0014,RENTAL_REDEMPTION,-100,109,2026-08-17T20:40:00+08:00
7ce91204-a560-49b3-ad8e-60932dcfa6d0,M-1449,SESS-20260817-2999-0014,RENTAL_ACCRUAL,20,129,2026-08-17T23:40:00+08:00
a5380c68-7fd0-4a90-95a7-ccd6da9ceca3,M-1176,SESS-20260817-6162-0015,RENTAL_ACCRUAL,67,162,2026-08-18T03:00:00+08:00
90f7429d-89a7-43ed-a3c7-b72a43002b62,M-1505,SESS-20260817-5574-0016,RENTAL_ACCRUAL,11,148,2026-08-17T15:45:00+08:00
a3c323e3-ce50-4d1c-9b9b-403c87d92eeb,M-1632,SESS-20260817-5707-0017,RENTAL_REDEMPTION,-100,2,2026-08-17T11:30:00+08:00
8a84bdbd-7065-4c3e-babb-feb374823b24,M-1632,SESS-20260817-5707-0017,RENTAL_ACCRUAL,4,6,2026-08-17T13:30:00+08:00
4fc9bb92-4cdb-485a-9fff-180df91573e5,M-2172,SESS-20260817-2934-0018,RENTAL_ACCRUAL,11,412,2026-08-17T19:00:00+08:00
69b38f8f-1693-4b49-a6dc-3317d2d446a2,M-2038,SESS-20260817-1715-0019,RENTAL_REDEMPTION,-100,18,2026-08-17T14:30:00+08:00
613c301f-43a3-4f3a-8ed8-d732942c493e,M-2038,SESS-20260817-1715-0019,RENTAL_ACCRUAL,10,28,2026-08-17T17:30:00+08:00
08376baf-1932-47bf-8f7e-9de29b94767d,M-1040,SESS-20260817-2380-0020,RENTAL_REDEMPTION,-200,792,2026-08-17T12:30:00+08:00
66c6cabb-44b5-4f40-b39d-cf1f63b41f06,M-1040,SESS-20260817-2380-0020,RENTAL_ACCRUAL,5,797,2026-08-17T14:30:00+08:00
4070087a-5ca6-4a1b-b5d4-2269ef553f88,M-1114,SESS-20260817-3914-0021,RENTAL_REDEMPTION,-100,194,2026-08-17T02:50:00+08:00
7ae26264-6abf-42f0-bbed-9f8c3bfff336,M-1114,SESS-20260817-3914-0021,RENTAL_ACCRUAL,5,199,2026-08-17T04:50:00+08:00
6e91b182-082b-4d26-a1da-4191a6b6f2c0,M-1566,SESS-20260817-7405-0022,RENTAL_REDEMPTION,-100,442,2026-08-17T22:00:00+08:00
fa0c7c54-c161-4a74-8a99-87ebbb29db41,M-1566,SESS-20260817-7405-0022,RENTAL_ACCRUAL,11,453,2026-08-18T00:00:00+08:00
569c62f6-03b1-436c-9508-caa62cf7e2a9,M-2178,SESS-20260817-7291-0023,RENTAL_ACCRUAL,15,85,2026-08-17T18:45:00+08:00
d134a45d-e57e-4ce9-a292-b09670f2c102,M-2058,SESS-20260817-3773-0024,RENTAL_ACCRUAL,10,126,2026-08-17T21:15:00+08:00
235d6c3d-1816-413c-b9e7-3446fb2088e8,M-2179,SESS-20260817-6298-0025,RENTAL_ACCRUAL,24,126,2026-08-17T18:30:00+08:00
d3b7e5e8-4a07-4bfa-b6f7-0f266a276510,M-1221,SESS-20260817-6314-0026,RENTAL_ACCRUAL,18,1458,2026-08-17T21:15:00+08:00
4e50bbaa-bfe2-4591-8eda-3a29253a1513,M-1726,SESS-20260817-2360-0027,RENTAL_ACCRUAL,5,285,2026-08-17T20:30:00+08:00
510b3403-da57-4be9-bf39-ff7d0cdf128e,M-1257,SESS-20260817-3023-0028,RENTAL_ACCRUAL,18,247,2026-08-18T01:45:00+08:00
ff7e03ba-d233-41bf-b701-9acdb10a694a,M-1538,SESS-20260817-1589-0029,RENTAL_ACCRUAL,27,226,2026-08-17T19:45:00+08:00
c7f1c884-305b-40b9-b82e-ff6266fac7bc,M-1110,SESS-20260817-4159-0030,RENTAL_REDEMPTION,-100,305,2026-08-17T13:00:00+08:00
ec6e2530-2bc5-4417-8cc9-13281436588e,M-1110,SESS-20260817-4159-0030,RENTAL_ACCRUAL,7,312,2026-08-17T14:00:00+08:00
23f9500b-aacf-48ec-af91-e54574f9c909,M-1559,SESS-20260817-6674-0031,RENTAL_ACCRUAL,11,273,2026-08-17T15:00:00+08:00
1f47a439-d319-46d2-8cec-14bec0420a24,M-1496,SESS-20260817-8080-0032,RENTAL_ACCRUAL,16,547,2026-08-17T19:15:00+08:00
99c90ea0-2a05-4064-a5f4-9fe5af800957,M-2017,SESS-20260817-9332-0033,RENTAL_ACCRUAL,27,126,2026-08-17T22:45:00+08:00
dc2c5361-8d82-4960-937d-0a68dbe3e831,M-1984,SESS-20260817-4730-0034,RENTAL_ACCRUAL,10,232,2026-08-17T20:45:00+08:00
0726646a-ff7d-4902-8231-4d72e0580118,M-1147,SESS-20260817-5084-0035,RENTAL_REDEMPTION,-100,464,2026-08-17T18:45:00+08:00
a7d67d15-5ad5-465d-a462-59b2c77882a9,M-1147,SESS-20260817-5084-0035,RENTAL_ACCRUAL,10,474,2026-08-17T21:45:00+08:00
46ed135c-6a84-4019-9003-4e6fb5b67a41,M-1309,SESS-20260817-8676-0036,RENTAL_ACCRUAL,11,320,2026-08-18T00:30:00+08:00
aaceb4c0-7d94-4c89-9a6a-40a74351c402,M-1040,SESS-20260817-8851-0037,RENTAL_ACCRUAL,5,802,2026-08-17T19:15:00+08:00
1d2b6c57-7d43-4409-82fc-1a0a4b52d4ae,M-1374,SESS-20260817-2760-0038,RENTAL_ACCRUAL,18,786,2026-08-18T01:55:00+08:00
14a1a14f-e84c-4dc5-a23f-e12803b98a08,M-1356,SESS-20260817-2376-0039,RENTAL_ACCRUAL,18,863,2026-08-18T01:45:00+08:00
2ab73f8c-417c-4925-ab3b-0b295623e874,M-1836,SESS-20260817-7608-0040,RENTAL_ACCRUAL,5,630,2026-08-17T23:00:00+08:00
bdfde4c5-1643-46f4-a2ca-cc78812f4b6c,M-1479,SESS-20260817-5732-0041,RENTAL_ACCRUAL,48,2203,2026-08-18T03:45:00+08:00
25efab7b-9445-47de-b562-9d4aee065d11,M-1887,SESS-20260817-6875-0042,RENTAL_ACCRUAL,10,82,2026-08-17T21:15:00+08:00
3de192bc-84a9-46a0-8aa1-30ad696ad773,M-1532,SESS-20260817-8883-0043,RENTAL_ACCRUAL,9,126,2026-08-17T19:35:00+08:00
94e6cb35-ec71-4d3f-b188-613c46f263d4,M-1164,SESS-20260817-4544-0044,RENTAL_ACCRUAL,5,283,2026-08-17T17:30:00+08:00
708b5b5d-bc44-435e-bcf2-ca6867bf9b64,M-1552,SESS-20260817-6231-0045,RENTAL_ACCRUAL,5,145,2026-08-17T22:20:00+08:00
b3f39cc5-6317-4a55-9c78-a0b8c41833a0,M-1586,SESS-20260817-6148-0046,RENTAL_ACCRUAL,18,50,2026-08-17T10:30:00+08:00
e888ed16-ef6e-4a33-84f9-f0b21a3c9d12,M-1586,TIER_UPGRADE_Silver_TO_Gold,TIER_BONUS,100,150,2026-08-17T10:30:00+08:00
f5c732d4-6c4c-4429-93dd-b62ba7ccbfdf,M-1137,SESS-20260817-8227-0047,RENTAL_ACCRUAL,18,287,2026-08-18T00:15:00+08:00
594b3f4c-3814-484c-beb5-f3764bdf355d,M-1116,SESS-20260817-6047-0048,RENTAL_ACCRUAL,9,263,2026-08-17T06:00:00+08:00
91abe142-90ab-4db9-a16d-6860b9708175,M-1649,SESS-20260817-6373-0049,RENTAL_ACCRUAL,18,514,2026-08-17T21:15:00+08:00
5cee852c-39ee-4c17-93ab-d4a501d60471,M-1698,SESS-20260817-2653-0050,RENTAL_ACCRUAL,18,527,2026-08-17T15:45:00+08:00
4d127237-b150-4d40-abff-f59b99d3fdc3,M-2172,SESS-20260817-1543-0051,RENTAL_ACCRUAL,11,423,2026-08-17T23:45:00+08:00
1d3e2b97-08ce-4d05-8d7c-639bc08af4dd,M-1276,SESS-20260817-3390-0052,RENTAL_ACCRUAL,27,823,2026-08-17T23:50:00+08:00
45f4b219-ab59-4f2e-b730-c1c5cf38f916,M-1708,SESS-20260817-1671-0053,RENTAL_REDEMPTION,-100,10,2026-08-17T19:45:00+08:00
9551f1fa-c4f4-451b-bd2a-96773388371a,M-1708,SESS-20260817-1671-0053,RENTAL_ACCRUAL,20,30,2026-08-17T22:45:00+08:00
864725be-5057-4332-a981-a0fda2f8e209,M-1326,SESS-20260817-2464-0054,RENTAL_ACCRUAL,11,405,2026-08-17T16:45:00+08:00
c03a2fad-bb4a-4152-9ebf-b6a7b8300338,M-2126,SESS-20260817-3256-0055,RENTAL_REDEMPTION,-100,73,2026-08-17T10:30:00+08:00
c7c91d96-3565-444f-9da2-155363ca5063,M-2126,SESS-20260817-3256-0055,RENTAL_ACCRUAL,10,83,2026-08-17T13:30:00+08:00
73717170-29ff-4109-b8f8-3f27deb4639d,M-1766,SESS-20260817-4541-0056,RENTAL_REDEMPTION,-100,809,2026-08-17T20:30:00+08:00
1ac3c8f4-6b99-4082-be76-d91eb4143f12,M-1766,SESS-20260817-4541-0056,RENTAL_ACCRUAL,10,819,2026-08-17T23:30:00+08:00
ae85a278-9a2d-445b-961d-645ca651c813,M-1097,SESS-20260817-6174-0057,RENTAL_ACCRUAL,27,212,2026-08-17T21:00:00+08:00
46114a6d-b28d-473b-a715-71ee4ca208de,M-1948,SESS-20260817-2743-0058,RENTAL_ACCRUAL,10,260,2026-08-17T15:45:00+08:00
4115f3b6-5912-4390-8254-235d8d2ed591,M-1347,SESS-20260817-5788-0059,RENTAL_ACCRUAL,18,3255,2026-08-17T22:00:00+08:00
88c621e9-7cc9-49bf-a6fd-fcb155438d9f,M-1345,SESS-20260817-5333-0060,RENTAL_ACCRUAL,5,671,2026-08-17T21:15:00+08:00
481efb31-1ca1-46d7-a503-751f0e4eda64,M-1585,SESS-20260817-6194-0061,RENTAL_ACCRUAL,12,470,2026-08-17T22:00:00+08:00
50922a66-2a69-4325-a0b1-d68833e750a4,M-1675,SESS-20260817-7370-0062,RENTAL_ACCRUAL,30,2182,2026-08-17T22:45:00+08:00
46afc063-81dd-439f-b79f-c0f9d3a95f17,M-1758,SESS-20260817-7004-0063,RENTAL_ACCRUAL,28,170,2026-08-18T00:45:00+08:00
92fb82a9-e304-4b61-a340-148cda088135,M-1770,SESS-20260817-3359-0064,RENTAL_ACCRUAL,48,141,2026-08-18T04:15:00+08:00
0aeaaa78-ba50-4d49-9ecd-81a9ce65776b,M-1602,SESS-20260817-5465-0065,RENTAL_ACCRUAL,6,739,2026-08-17T16:00:00+08:00
3937f919-36e4-4503-9ddb-349c25716b77,M-1465,SESS-20260817-2515-0066,RENTAL_ACCRUAL,19,697,2026-08-17T21:50:00+08:00
d46a439d-16c1-438f-a79d-aa3cb6b29f63,M-1386,SESS-20260817-1795-0067,RENTAL_ACCRUAL,16,419,2026-08-18T00:15:00+08:00
67621008-363a-44f1-a4fc-e1b61c6ad0a7,M-1021,SESS-20260817-2801-0068,RENTAL_ACCRUAL,76,682,2026-08-17T13:30:00+08:00
b5266075-bd2f-4d7e-9bbb-78ac902ae006,M-1946,SESS-20260817-8655-0069,RENTAL_ACCRUAL,11,187,2026-08-17T19:15:00+08:00
de1a1a38-927f-46a6-aa30-a27aab81cefe,M-1901,SESS-20260817-9375-0070,RENTAL_ACCRUAL,5,106,2026-08-17T21:00:00+08:00
9eddab03-8652-4d14-b04e-4cd6b1c2a797,M-1340,SESS-20260817-7981-0071,RENTAL_ACCRUAL,9,493,2026-08-17T23:45:00+08:00
4e3d10ca-2a01-411a-b708-6ffe33857f8d,M-1610,SESS-20260817-7828-0072,RENTAL_ACCRUAL,27,99,2026-08-17T19:00:00+08:00
ed7b5d21-1e20-49c1-b2c0-6d3af12229e9,M-1828,SESS-20260817-3392-0073,RENTAL_ACCRUAL,11,297,2026-08-17T20:15:00+08:00
2c19e87a-78e8-437a-89b9-1b931e31cdb2,M-1397,SESS-20260817-2100-0074,RENTAL_ACCRUAL,28,816,2026-08-17T18:45:00+08:00
d718b38a-a9dc-44b8-b835-fa252cbb0b24,M-1548,SESS-20260817-4684-0075,RENTAL_REDEMPTION,-100,324,2026-08-17T13:00:00+08:00
8960b40c-e04b-48d8-9a16-25b7675be075,M-1548,SESS-20260817-4684-0075,RENTAL_ACCRUAL,35,359,2026-08-17T16:00:00+08:00
577a04c9-c33b-4c6d-823a-e1cea2a1dc49,M-1861,SESS-20260817-6545-0076,RENTAL_ACCRUAL,16,187,2026-08-17T19:00:00+08:00
8e896d6e-94db-488b-a280-d1438b751271,M-1117,SESS-20260817-3610-0077,RENTAL_ACCRUAL,16,392,2026-08-17T21:30:00+08:00
160ec62b-3dc7-4eaa-bcb6-3c4bc723c4aa,M-1807,SESS-20260817-2782-0078,RENTAL_ACCRUAL,11,374,2026-08-17T14:30:00+08:00
796f5653-86fc-4404-91c2-c239172ea3c1,M-1302,SESS-20260817-4919-0079,RENTAL_ACCRUAL,16,273,2026-08-17T16:15:00+08:00
bce5067b-fe63-413b-9214-031bb8d57a15,M-1467,SESS-20260817-7776-0080,RENTAL_REDEMPTION,-200,32,2026-08-17T21:00:00+08:00
3718d97f-2b90-498d-ab7c-ae449eee23a1,M-1467,SESS-20260817-7776-0080,RENTAL_ACCRUAL,4,36,2026-08-18T00:00:00+08:00
453d50a2-a222-453f-8d3c-415ce0e321a1,M-1389,SESS-20260817-9594-0081,RENTAL_ACCRUAL,18,402,2026-08-17T19:15:00+08:00
dd20f7a5-a98e-400d-a777-be8922600e97,M-1239,SESS-20260817-8935-0082,RENTAL_ACCRUAL,27,271,2026-08-18T01:15:00+08:00
84e12aa1-81d9-48b6-b8d4-280903191aa6,M-1052,SESS-20260817-2466-0083,RENTAL_ACCRUAL,27,311,2026-08-17T21:00:00+08:00
a5789413-72ed-4e98-b3a5-df74cb53f318,M-1214,SESS-20260817-2865-0084,RENTAL_ACCRUAL,5,88,2026-08-17T23:15:00+08:00
fc6a3f7d-bf07-49a8-a80d-a901a239f990,M-1263,SESS-20260817-7223-0085,RENTAL_ACCRUAL,5,518,2026-08-17T21:15:00+08:00
fa431591-41f0-4b4f-ad66-2fa65b6579ce,M-1551,SESS-20260817-6136-0086,RENTAL_ACCRUAL,5,131,2026-08-17T19:00:00+08:00
f770881a-7c10-48a2-b8f8-3285ed9da9b8,M-1028,SESS-20260817-9780-0087,RENTAL_ACCRUAL,18,186,2026-08-18T00:15:00+08:00
8c254ae1-606b-486c-b17d-2ef89d9be2cb,M-1150,SESS-20260817-4692-0088,RENTAL_ACCRUAL,5,261,2026-08-17T18:15:00+08:00
e6e6f575-1546-4c1f-842b-ab250d0ebad4,M-1128,SESS-20260817-6561-0089,RENTAL_ACCRUAL,11,168,2026-08-17T16:15:00+08:00
d2dbb34a-b71b-437d-8946-cec01b4fce57,M-1622,SESS-20260817-3564-0090,RENTAL_ACCRUAL,11,80,2026-08-18T00:15:00+08:00
ba49ddf9-27a6-4000-a7ff-ea11e1ac7d0f,M-1850,SESS-20260817-9097-0091,RENTAL_ACCRUAL,5,100,2026-08-17T11:45:00+08:00
efeadfe5-2837-4c95-9ddf-4e792c1223ec,M-1613,SESS-20260817-3043-0092,RENTAL_ACCRUAL,28,315,2026-08-17T16:45:00+08:00
3a03497f-6a1b-44d2-bc6b-67462aab84ba,M-1763,SESS-20260817-4406-0093,RENTAL_REDEMPTION,-300,96,2026-08-17T18:45:00+08:00
64cd6b3f-9cc7-4f8f-816d-f717c30bdba9,M-1763,SESS-20260817-4406-0093,RENTAL_ACCRUAL,21,117,2026-08-17T21:45:00+08:00
1272079b-db3d-4975-98cc-527db828833a,M-1100,SESS-20260817-8209-0094,RENTAL_REDEMPTION,-100,276,2026-08-17T19:30:00+08:00
2183e72c-04c3-47dd-bdc0-254283dd1c0f,M-1100,SESS-20260817-8209-0094,RENTAL_ACCRUAL,4,280,2026-08-17T21:30:00+08:00
02727855-28e8-4496-9652-cca725505aa2,M-1809,SESS-20260817-4530-0095,RENTAL_ACCRUAL,12,566,2026-08-18T00:45:00+08:00
f65138fc-3bab-41b2-a61c-c0e901728f0c,M-1516,SESS-20260817-6719-0096,RENTAL_REDEMPTION,-100,455,2026-08-17T11:00:00+08:00
37183fbd-d83f-4edd-bf94-73395fb88c12,M-1516,SESS-20260817-6719-0096,RENTAL_ACCRUAL,5,460,2026-08-17T13:00:00+08:00
9ded5d67-0886-40ae-80a5-d49fe8b07426,M-1417,SESS-20260817-1937-0097,RENTAL_ACCRUAL,11,463,2026-08-18T00:10:00+08:00
7148a829-07fd-4f32-b90b-5087aea65cc8,M-1954,SESS-20260817-6687-0098,RENTAL_REDEMPTION,-100,143,2026-08-17T21:45:00+08:00
f1bf6a70-8f70-47fb-9f39-61558c2ca4a7,M-1954,SESS-20260817-6687-0098,RENTAL_ACCRUAL,10,153,2026-08-18T00:45:00+08:00
f715903d-deca-4c58-9640-ba57e5da7832,M-1398,SESS-20260817-9483-0099,RENTAL_REDEMPTION,-200,1313,2026-08-17T18:45:00+08:00
7459b0b0-59d4-45c6-b9ca-a74c66bea4e9,M-1398,SESS-20260817-9483-0099,RENTAL_ACCRUAL,13,1326,2026-08-17T21:45:00+08:00
9741b729-7d4d-4f4c-ab24-709a1b32a8db,M-1406,SESS-20260817-6699-0100,RENTAL_ACCRUAL,5,612,2026-08-17T19:45:00+08:00
19a225ac-a81d-4af1-8401-4c8c8e673ccb,M-1033,SESS-20260817-2532-0101,RENTAL_ACCRUAL,5,340,2026-08-17T04:00:00+08:00
e25dcf36-7f80-45df-8e92-83ae55ecbaf0,M-1228,SESS-20260817-6859-0102,RENTAL_ACCRUAL,18,106,2026-08-17T23:05:00+08:00
b37d5603-50f9-4e9a-8ae1-548196055e3b,M-2140,SESS-20260817-4974-0103,RENTAL_ACCRUAL,10,83,2026-08-17T13:00:00+08:00
dbe97508-d338-47dc-9b1d-5484f1c9d1ae,M-2150,SESS-20260817-2294-0104,RENTAL_ACCRUAL,5,143,2026-08-17T12:30:00+08:00
153f72f3-bbd6-488c-8b2e-94676c31ae1d,M-1419,SESS-20260817-2174-0105,RENTAL_ACCRUAL,28,425,2026-08-17T19:00:00+08:00
c60f49d3-a9ce-4c45-ada0-6fd34dd15e93,M-1824,SESS-20260817-2172-0106,RENTAL_ACCRUAL,16,183,2026-08-17T23:45:00+08:00
55fb0c03-f17a-4906-9472-9968946bec5f,M-1658,SESS-20260817-6204-0107,RENTAL_ACCRUAL,30,536,2026-08-17T07:30:00+08:00
727cb058-70fd-4302-843c-8c916917fd7e,M-1315,SESS-20260817-3361-0108,RENTAL_ACCRUAL,5,346,2026-08-17T14:15:00+08:00
de588c22-bd40-4f35-912d-ba26289347a8,M-1433,SESS-20260817-2561-0109,RENTAL_ACCRUAL,45,174,2026-08-17T22:15:00+08:00
987b568e-45ad-47c0-b03b-08753ddf4883,M-1402,SESS-20260817-1477-0110,RENTAL_REDEMPTION,-100,32,2026-08-17T21:30:00+08:00
67929764-8482-4fe9-a71d-fdd9592241fd,M-1402,SESS-20260817-1477-0110,RENTAL_ACCRUAL,5,37,2026-08-17T23:30:00+08:00
e3b44da0-3539-4655-8752-73dab4d0d77f,M-1764,SESS-20260817-9502-0111,RENTAL_ACCRUAL,5,625,2026-08-17T19:55:00+08:00
9588c450-dab4-4a36-8943-975f5505e44d,M-1055,SESS-20260817-3734-0112,RENTAL_ACCRUAL,13,532,2026-08-17T23:00:00+08:00
bdc33937-4e99-4b29-9041-23c039142bf3,M-1413,SESS-20260817-9758-0113,RENTAL_ACCRUAL,18,208,2026-08-17T17:00:00+08:00
77e7695e-5b5f-48cf-a2ad-f3728d616104,M-1586,SESS-20260817-6615-0114,RENTAL_REDEMPTION,-100,50,2026-08-17T14:45:00+08:00
8d5a1cb9-6cfa-4dd0-8d66-1de782c92058,M-1586,SESS-20260817-6615-0114,RENTAL_ACCRUAL,4,54,2026-08-17T16:45:00+08:00
3543e36a-994d-499d-b26d-cc950b0d4287,M-2040,SESS-20260817-5587-0115,RENTAL_ACCRUAL,5,181,2026-08-17T20:45:00+08:00
08b103f3-23ff-42a0-9449-476b8af0defb,M-1576,SESS-20260817-7340-0116,RENTAL_ACCRUAL,6,1332,2026-08-17T14:30:00+08:00
d67e309a-c691-4b9a-9673-1b508de969ee,M-1895,SESS-20260817-4307-0117,RENTAL_ACCRUAL,13,197,2026-08-17T17:15:00+08:00
d8524afa-42ce-4874-98c8-ad2250486300,M-2115,SESS-20260817-5133-0118,RENTAL_ACCRUAL,10,103,2026-08-17T14:45:00+08:00
5950d5ed-452a-4988-b53e-5a16c54a0103,M-1646,SESS-20260817-3017-0119,RENTAL_REDEMPTION,-100,58,2026-08-17T22:05:00+08:00
8510483d-d42f-442c-b0e4-9bb45c7aa714,M-1646,SESS-20260817-3017-0119,RENTAL_ACCRUAL,11,69,2026-08-18T00:05:00+08:00
1541558a-96e9-42bf-a717-5b718120f096,M-1063,SESS-20260817-2063-0120,RENTAL_ACCRUAL,6,588,2026-08-17T22:45:00+08:00
e33c67f6-3b0a-4546-89a2-c1e3e0a5d4c8,M-1736,SESS-20260817-7397-0121,RENTAL_REDEMPTION,-200,38,2026-08-17T22:30:00+08:00
df600075-c524-4815-a1a0-b40414e15fdd,M-1736,SESS-20260817-7397-0121,RENTAL_ACCRUAL,14,52,2026-08-18T00:30:00+08:00
061219da-f190-44d1-95e7-d3cd04c45d8e,M-1532,SESS-20260817-5305-0122,RENTAL_ACCRUAL,27,153,2026-08-18T01:00:00+08:00
141d6c44-6d7c-4fc1-9a4e-4cdbfcda1e7a,M-1683,SESS-20260817-7103-0123,RENTAL_ACCRUAL,12,1186,2026-08-18T00:15:00+08:00
ebff45ff-b272-4b42-97c5-ec89251c472f,M-1462,SESS-20260817-5046-0124,RENTAL_ACCRUAL,115,466,2026-08-18T05:30:00+08:00
c0b3dfc7-f9ec-4ff4-b1c9-531dbe5670e5,M-1530,SESS-20260817-8932-0125,RENTAL_REDEMPTION,-100,17,2026-08-17T13:00:00+08:00
e64afdda-65ec-49e6-85d1-673013dee01c,M-1530,SESS-20260817-8932-0125,RENTAL_ACCRUAL,21,38,2026-08-17T15:00:00+08:00
ca1120f8-5395-41e2-8e4d-c211042d4855,M-1531,SESS-20260817-3143-0126,RENTAL_ACCRUAL,11,362,2026-08-17T23:15:00+08:00
dd67e05a-525b-4131-a27a-eb588e8a90b9,M-1641,SESS-20260817-9635-0127,RENTAL_ACCRUAL,28,237,2026-08-17T18:00:00+08:00
7a0832e5-13ad-4195-8256-6a0984023fd4,M-1579,SESS-20260817-8555-0128,RENTAL_ACCRUAL,6,2776,2026-08-17T19:00:00+08:00
c646388c-fed0-47a7-827f-07b155487c14,M-1857,SESS-20260817-9144-0129,RENTAL_ACCRUAL,16,217,2026-08-17T06:15:00+08:00
e43482d4-3cf6-456f-9664-8c2e3fcf980f,M-1831,SESS-20260817-6808-0130,RENTAL_ACCRUAL,18,116,2026-08-17T19:45:00+08:00
7f809c0b-1335-41da-841e-a4cdf04436eb,M-2078,SESS-20260817-8759-0131,RENTAL_REDEMPTION,-100,32,2026-08-17T15:00:00+08:00
c6124329-378c-49af-ba29-904a8da24304,M-1455,SESS-20260817-9901-0132,RENTAL_ACCRUAL,5,480,2026-08-17T22:20:00+08:00
c7c3809c-e4b8-42a4-8140-e355820e6bca,M-1561,SESS-20260817-7886-0133,RENTAL_ACCRUAL,5,461,2026-08-17T19:15:00+08:00
aafcec84-77d2-465f-8a30-092042b05ae8,M-1816,SESS-20260817-3539-0134,RENTAL_ACCRUAL,40,233,2026-08-17T20:30:00+08:00
ab272a25-b651-49ca-96f9-f61a1c73c0bd,M-1130,SESS-20260817-9124-0135,RENTAL_ACCRUAL,5,393,2026-08-17T22:30:00+08:00
f8976e01-2bfc-462b-8d37-0319264a70a4,M-1254,SESS-20260817-7472-0136,RENTAL_REDEMPTION,-100,238,2026-08-17T18:45:00+08:00
3b31eb9d-a20e-431d-8287-b45f71738a66,M-1254,SESS-20260817-7472-0136,RENTAL_ACCRUAL,20,258,2026-08-17T20:45:00+08:00
ead6f8f1-33ee-49b8-9757-719770002eae,M-1042,SESS-20260817-4290-0137,RENTAL_ACCRUAL,11,324,2026-08-18T00:35:00+08:00
ef518983-d35c-4cad-9afc-fd86063ae506,M-2029,SESS-20260817-5778-0138,RENTAL_ACCRUAL,40,77,2026-08-18T00:00:00+08:00
2f205e64-feab-4a92-ba8d-faf8fc73f068,M-1896,SESS-20260817-5633-0139,RENTAL_ACCRUAL,11,323,2026-08-17T18:00:00+08:00
087a424c-e225-465f-8f92-7bce61c89a1d,M-1166,SESS-20260817-2001-0140,RENTAL_ACCRUAL,18,46,2026-08-18T01:50:00+08:00
b73de7bf-d9c8-4228-8574-e4f4cd1416a2,M-1752,SESS-20260817-4217-0141,RENTAL_ACCRUAL,115,2697,2026-08-18T06:30:00+08:00
83e6eadf-2db0-4d46-a97d-c569a4d418e5,M-1591,SESS-20260817-1787-0142,RENTAL_ACCRUAL,43,1793,2026-08-18T02:10:00+08:00
58530eee-7e23-416e-8952-43eaece392c1,M-1704,SESS-20260817-6127-0143,RENTAL_ACCRUAL,9,139,2026-08-17T11:45:00+08:00
8cdc2170-7d81-4fe1-abbc-812189c1c2cf,M-1508,SESS-20260817-3011-0144,RENTAL_ACCRUAL,9,489,2026-08-17T22:55:00+08:00
46608156-ae22-45ee-a3b6-442c3f5226e2,M-1941,SESS-20260817-8209-0145,RENTAL_ACCRUAL,16,89,2026-08-17T21:00:00+08:00
4454bd03-ce8c-4da0-9eb1-7075905d39e6,M-1615,SESS-20260817-3390-0146,RENTAL_REDEMPTION,-100,39,2026-08-17T15:15:00+08:00
d2065b70-82b2-454f-8be5-c4cf6b07720e,M-1615,SESS-20260817-3390-0146,RENTAL_ACCRUAL,10,49,2026-08-17T18:15:00+08:00
85d2e362-afd1-4d0a-af53-e5e59b98c56e,M-1046,SESS-20260817-2456-0147,RENTAL_ACCRUAL,12,1025,2026-08-18T01:25:00+08:00
3137942a-8373-4493-b976-8cdd903041cf,M-1370,SESS-20260817-7207-0148,RENTAL_ACCRUAL,11,576,2026-08-17T23:00:00+08:00
e408d816-d032-460d-9f50-38bbd111ac4d,M-1246,SESS-20260817-2400-0149,RENTAL_ACCRUAL,14,419,2026-08-17T15:30:00+08:00
d4279aa7-204c-42e2-bc64-d62267af259c,M-1571,SESS-20260817-2413-0150,RENTAL_ACCRUAL,18,351,2026-08-17T22:00:00+08:00
3e2b018b-32a8-44d7-bc35-23381eaab11a,M-1418,SESS-20260817-3027-0151,RENTAL_ACCRUAL,9,81,2026-08-18T00:30:00+08:00
58c2961d-6461-4bd3-ba17-e2126d1b4d92,M-1882,SESS-20260817-8024-0152,RENTAL_ACCRUAL,27,86,2026-08-18T02:10:00+08:00
01ec9fb4-cc72-4dc8-ae20-9a73b1f77ad4,M-1568,SESS-20260817-4000-0153,RENTAL_ACCRUAL,28,318,2026-08-18T02:40:00+08:00
ef7c7591-1365-43e4-9741-8c1a1ad9d2f8,M-1431,SESS-20260817-7775-0154,RENTAL_ACCRUAL,11,586,2026-08-17T23:40:00+08:00
a9f8b319-3b1c-4f61-ba30-cfb8154d5a3a,M-1680,SESS-20260817-7887-0155,RENTAL_REDEMPTION,-100,311,2026-08-17T19:50:00+08:00
d465ffd3-7913-4946-ae25-ebcbd30b26d0,M-1680,SESS-20260817-7887-0155,RENTAL_ACCRUAL,21,332,2026-08-18T00:50:00+08:00
14b6faa1-71ec-4d8f-a13b-cfee63c70104,M-1510,SESS-20260817-1552-0156,RENTAL_ACCRUAL,16,273,2026-08-17T20:00:00+08:00
33dedae4-3a50-4c95-87a3-fd10f900f63f,M-1619,SESS-20260817-6909-0157,RENTAL_ACCRUAL,5,251,2026-08-18T00:25:00+08:00
de307dbb-986f-4aed-af30-f03ba0481ec3,M-1706,SESS-20260817-7898-0158,RENTAL_REDEMPTION,-100,126,2026-08-17T17:30:00+08:00
e63a3581-7c1c-4f67-bd3f-6820ec8c50c3,M-1706,SESS-20260817-7898-0158,RENTAL_ACCRUAL,21,147,2026-08-17T19:30:00+08:00
7519c4ef-0324-4593-ba88-982dfe1e306b,M-1192,SESS-20260817-9341-0159,RENTAL_REDEMPTION,-100,246,2026-08-17T19:15:00+08:00
12e3f99e-01bf-4151-8fe8-502ade0c82bc,M-1192,SESS-20260817-9341-0159,RENTAL_ACCRUAL,10,256,2026-08-17T22:15:00+08:00
a1c7f656-282e-4f77-a2d1-ec43bd1fb6f2,M-1021,SESS-20260817-7787-0160,RENTAL_REDEMPTION,-200,482,2026-08-17T23:40:00+08:00
f8b56843-473c-4b6f-b474-495b85c4d14d,M-1021,SESS-20260817-7787-0160,RENTAL_ACCRUAL,3,485,2026-08-18T02:40:00+08:00
0f3b7e79-0fbd-419e-8380-ced1deb8d10c,M-1428,SESS-20260817-5220-0161,RENTAL_ACCRUAL,11,145,2026-08-17T17:00:00+08:00
17067f0e-55c9-498a-aa55-8207d7bf6cd5,M-1545,SESS-20260817-4875-0162,RENTAL_ACCRUAL,27,377,2026-08-18T01:50:00+08:00
f05005be-24da-49bf-a249-aa2ff1903f2d,M-2140,SESS-20260817-7818-0163,RENTAL_ACCRUAL,10,93,2026-08-17T17:00:00+08:00
5d9ed333-ff85-47bb-9b87-3edac8e363b8,M-1389,SESS-20260817-2848-0164,RENTAL_ACCRUAL,28,430,2026-08-17T22:30:00+08:00
6af2b973-5da7-4dfd-a13d-ab43b2584e33,M-2086,SESS-20260817-7092-0165,RENTAL_ACCRUAL,40,132,2026-08-18T07:00:00+08:00
f9de7259-0d7d-4160-9038-97338d8f29c1,M-1864,SESS-20260817-9368-0166,RENTAL_ACCRUAL,11,431,2026-08-17T12:45:00+08:00
7e589fed-8cc1-49cd-b5d8-d04e49fb89ce,M-2171,SESS-20260817-4484-0167,RENTAL_ACCRUAL,25,200,2026-08-17T21:25:00+08:00
42d2d3fc-439e-48e9-99c5-ae75193658f1,M-1968,SESS-20260817-1853-0168,RENTAL_REDEMPTION,-200,56,2026-08-17T19:00:00+08:00
9a9b2f0a-f25e-467a-9bdf-8d69b1698cb2,M-1968,SESS-20260817-1853-0168,RENTAL_ACCRUAL,32,88,2026-08-18T03:00:00+08:00
ef8ae8c1-0ec4-44e6-9333-14d2b526c0d4,M-1991,SESS-20260817-4282-0169,RENTAL_ACCRUAL,25,135,2026-08-18T01:55:00+08:00
5e3fa622-0ef7-4c5a-9343-64e06963b30e,M-1245,SESS-20260817-5014-0170,RENTAL_ACCRUAL,11,105,2026-08-17T20:45:00+08:00
62670d45-e507-43db-9e60-27802d920eae,M-2047,SESS-20260817-8603-0171,RENTAL_ACCRUAL,24,194,2026-08-18T02:00:00+08:00
6a5c313d-ec17-48d9-9a2e-fe4d90134919,M-1038,SESS-20260817-5855-0172,RENTAL_REDEMPTION,-100,26,2026-08-17T19:20:00+08:00
904af563-2255-45c9-b8a7-70570633fa35,M-1038,SESS-20260817-5855-0172,RENTAL_ACCRUAL,38,64,2026-08-18T03:20:00+08:00
2e5e4686-a4dc-4c75-963b-504d2dae47c0,M-1857,SESS-20260817-9336-0173,RENTAL_REDEMPTION,-200,17,2026-08-17T11:45:00+08:00
f6f68f96-55c5-4eac-a293-e5b7bffea1d4,M-1857,SESS-20260817-9336-0173,RENTAL_ACCRUAL,6,23,2026-08-17T13:45:00+08:00
6b0a8f40-1e3d-4a0e-8e2c-25a75c0dd265,M-2059,SESS-20260817-6547-0174,RENTAL_ACCRUAL,5,85,2026-08-18T00:50:00+08:00
c7557ce4-d46b-4fc0-a69f-bcef72620dc1,M-2174,SESS-20260817-2044-0175,RENTAL_ACCRUAL,16,74,2026-08-17T22:00:00+08:00
4f2fdc0b-3906-489d-b8a2-dd6b338a28e0,M-1613,SESS-20260817-7927-0176,RENTAL_ACCRUAL,18,333,2026-08-18T01:00:00+08:00
c7c17525-9165-44af-a27c-869019c93c25,M-1077,SESS-20260817-4575-0177,RENTAL_ACCRUAL,11,808,2026-08-17T18:00:00+08:00
9c8ead13-1c50-4f5e-90f3-2b445843d2a2,M-1603,SESS-20260817-3237-0178,RENTAL_ACCRUAL,28,302,2026-08-18T01:00:00+08:00
156b98e5-50de-45aa-b001-6ae80f106ba9,M-1815,SESS-20260817-2996-0179,RENTAL_REDEMPTION,-100,12,2026-08-17T09:30:00+08:00
f8c5e51c-838f-4c5f-a281-83bcef78e71f,M-1815,SESS-20260817-2996-0179,RENTAL_ACCRUAL,20,32,2026-08-17T12:30:00+08:00
1d149f6d-b911-4027-8505-4b3805c6a0a0,M-1337,SESS-20260817-6081-0180,RENTAL_ACCRUAL,30,557,2026-08-17T22:30:00+08:00
c78ccdf9-4879-48f5-adeb-01f7a8a28784,M-1411,SESS-20260817-1841-0181,RENTAL_ACCRUAL,30,599,2026-08-18T00:25:00+08:00
68411034-cf76-4b3f-a9ee-47bf342355b7,M-2075,SESS-20260817-7694-0182,RENTAL_REDEMPTION,-100,50,2026-08-17T20:45:00+08:00
895ae356-89cc-4af8-87d4-07c0784e966e,M-2075,SESS-20260817-7694-0182,RENTAL_ACCRUAL,5,55,2026-08-17T22:45:00+08:00
b31a10f2-f259-4d96-986c-def1bab35d8b,M-1206,SESS-20260817-9615-0183,RENTAL_ACCRUAL,5,412,2026-08-17T23:50:00+08:00
faf74f6d-91c6-410b-a264-b3236ef4c3bc,M-1490,SESS-20260817-9273-0184,RENTAL_ACCRUAL,5,330,2026-08-17T17:30:00+08:00
8f25e474-413b-4b75-b943-dcdf9551626f,M-1695,SESS-20260817-2208-0185,RENTAL_ACCRUAL,5,137,2026-08-17T19:10:00+08:00
52bcf047-55a5-4158-9f86-5995cd3cf53e,M-1280,SESS-20260817-1825-0186,RENTAL_REDEMPTION,-100,356,2026-08-17T14:15:00+08:00
18fa1cce-9408-49e4-b5b3-ddc3f505c196,M-1280,SESS-20260817-1825-0186,RENTAL_ACCRUAL,2,358,2026-08-17T15:15:00+08:00
8220dd4e-6a15-4d3a-8f71-bfdce8f0a174,M-1503,SESS-20260817-9360-0187,RENTAL_ACCRUAL,40,953,2026-08-18T02:00:00+08:00
41fae71d-8c64-4813-a7fc-3b1b5c2be64d,M-1117,SESS-20260817-6132-0188,RENTAL_REDEMPTION,-200,192,2026-08-17T21:45:00+08:00
61c038dc-71d4-434d-b25f-85c58791ecf6,M-1117,SESS-20260817-6132-0188,RENTAL_ACCRUAL,5,197,2026-08-17T23:45:00+08:00
58e49dfb-8239-4e48-8c4b-cbe6013dd998,M-1886,SESS-20260817-6095-0189,RENTAL_ACCRUAL,108,169,2026-08-17T23:00:00+08:00
8eca1351-4d74-46e6-86b1-e44be96f9fed,M-1171,SESS-20260817-9068-0190,RENTAL_ACCRUAL,5,113,2026-08-17T18:35:00+08:00
8670031a-62a2-44ae-971f-6be160a76c77,M-2038,SESS-20260817-6384-0191,RENTAL_ACCRUAL,5,33,2026-08-17T23:00:00+08:00
12540dee-c9f9-41ff-bd60-13898b847711,M-1542,SESS-20260817-8993-0192,RENTAL_ACCRUAL,27,444,2026-08-17T18:15:00+08:00
69bf8f26-d029-4f73-b0e3-53fbeb79f76c,M-1934,SESS-20260817-9073-0193,RENTAL_ACCRUAL,67,441,2026-08-18T01:45:00+08:00
760812ce-1972-48f6-bcfb-03e6714d619f,M-1960,SESS-20260817-2439-0194,RENTAL_ACCRUAL,15,271,2026-08-17T20:10:00+08:00
fc6e6f36-f909-48b5-b2d3-680ae98f776e,M-2184,SESS-20260817-7713-0195,RENTAL_ACCRUAL,10,122,2026-08-17T06:45:00+08:00
c4251416-45cf-41d8-9141-60dae06ac470,M-1606,SESS-20260817-3816-0196,RENTAL_ACCRUAL,18,571,2026-08-17T14:45:00+08:00
5c3760d8-6c57-4f93-8a2c-2867c02e889f,M-1728,SESS-20260817-4404-0197,RENTAL_ACCRUAL,11,155,2026-08-17T23:15:00+08:00
15fe8941-8398-49b4-8de8-5d540993e028,M-1372,SESS-20260817-2911-0198,RENTAL_ACCRUAL,5,126,2026-08-17T20:30:00+08:00
a192ab67-bd20-49c2-98e8-efb8abd8668f,M-1423,SESS-20260817-3627-0199,RENTAL_ACCRUAL,11,101,2026-08-17T17:30:00+08:00
e61d0629-22c3-430b-9864-eec00c00f14b,M-1914,SESS-20260817-7749-0200,RENTAL_ACCRUAL,8,58,2026-08-18T00:55:00+08:00
c1947672-9807-495f-ada8-e9c6658f0577,M-2074,SESS-20260817-4086-0201,RENTAL_ACCRUAL,27,110,2026-08-17T23:30:00+08:00
4f2759fd-8442-432e-94bc-6105ecae67d6,M-1975,SESS-20260817-7474-0202,RENTAL_ACCRUAL,11,126,2026-08-17T18:45:00+08:00
7627e7fb-2f9a-4809-b006-78966694116f,M-1060,SESS-20260817-4785-0203,RENTAL_ACCRUAL,45,133,2026-08-18T07:10:00+08:00
b1d068c5-5a18-46d0-9f01-72dc8e6596c3,M-1967,SESS-20260817-7935-0204,RENTAL_ACCRUAL,9,101,2026-08-17T23:40:00+08:00
b48f2d8c-0f3b-42ac-866c-84021c807b5e,M-1123,SESS-20260817-5888-0205,RENTAL_REDEMPTION,-200,87,2026-08-17T21:00:00+08:00
2b683818-e568-4377-b64f-d800cf7dc841,M-1123,SESS-20260817-5888-0205,RENTAL_ACCRUAL,1,88,2026-08-17T22:00:00+08:00
7a05ccf1-0668-4371-a3ff-7ba225b69fe0,M-1153,SESS-20260817-9660-0206,RENTAL_ACCRUAL,5,383,2026-08-17T23:45:00+08:00
fdd8abad-124e-4bb5-9cd2-2a14fa65ddc3,M-1697,SESS-20260817-4293-0207,RENTAL_REDEMPTION,-100,41,2026-08-17T17:00:00+08:00
0c5c812a-dc8d-4ced-88b4-459380177321,M-1697,SESS-20260817-4293-0207,RENTAL_ACCRUAL,20,61,2026-08-17T19:00:00+08:00
0658a8f3-3ddb-4cc5-8997-bdbb99768737,M-1307,SESS-20260817-7114-0208,RENTAL_ACCRUAL,27,138,2026-08-17T17:30:00+08:00
6733e3f1-26fe-494e-bf62-1b668b7997f0,M-1659,SESS-20260817-6266-0209,RENTAL_ACCRUAL,27,123,2026-08-17T12:15:00+08:00
fc837b36-d81b-478f-8c71-2147d80f0160,M-1732,SESS-20260817-4628-0210,RENTAL_ACCRUAL,18,91,2026-08-17T21:45:00+08:00
269a4ba2-fe24-4fef-a65f-9f2d672461af,M-1732,TIER_UPGRADE_Silver_TO_Gold,TIER_BONUS,100,191,2026-08-17T21:45:00+08:00
7248d220-f78a-46ff-b0de-0f4e979fe865,M-1424,SESS-20260817-9327-0211,RENTAL_ACCRUAL,11,135,2026-08-18T01:00:00+08:00
3ab16b73-a0b1-488f-8eb4-758103de9ced,M-2055,SESS-20260817-5094-0212,RENTAL_ACCRUAL,27,413,2026-08-17T15:45:00+08:00
1cf2d92f-da36-4b17-933d-b59e338a3450,M-1196,SESS-20260817-5654-0213,RENTAL_ACCRUAL,18,386,2026-08-17T18:45:00+08:00
705f9eb8-caf0-4b30-aa5c-596d863aeaf8,M-1681,SESS-20260817-5664-0214,RENTAL_REDEMPTION,-100,316,2026-08-17T20:30:00+08:00
5a7838b3-24e6-40c8-8b98-3237ec3008e9,M-1681,SESS-20260817-5664-0214,RENTAL_ACCRUAL,10,326,2026-08-17T23:30:00+08:00
c1d5fdbd-b1aa-4b6e-b128-642973aa2f3d,M-1425,SESS-20260817-5323-0215,RENTAL_ACCRUAL,45,209,2026-08-18T00:00:00+08:00
59840a5f-29e0-4665-a2c1-1567340a41b2,M-1069,SESS-20260817-9480-0216,RENTAL_ACCRUAL,27,232,2026-08-18T02:00:00+08:00
e3aadcb8-d249-4757-85a8-d41d813820b6,M-2000,SESS-20260817-4762-0217,RENTAL_ACCRUAL,67,556,2026-08-17T23:15:00+08:00
4d053b30-4455-4d1f-9145-40e19a88250e,M-1795,SESS-20260817-2576-0218,RENTAL_ACCRUAL,5,315,2026-08-17T17:25:00+08:00
5c1db642-b50d-4c7b-b4e4-f3b544e015df,M-1987,SESS-20260817-9069-0219,RENTAL_ACCRUAL,5,21,2026-08-17T18:45:00+08:00
ca350a65-66e5-43f2-9da4-cb547de5848f,M-2184,SESS-20260817-7492-0220,RENTAL_REDEMPTION,-100,22,2026-08-17T20:30:00+08:00
9f0e88f0-f70d-4341-a3ca-f8f99865374e,M-2184,SESS-20260817-7492-0220,RENTAL_ACCRUAL,3,25,2026-08-17T21:30:00+08:00
3bb1ad8b-7a5a-4d61-9689-289b3eb496fe,M-1642,SESS-20260817-4068-0221,RENTAL_REDEMPTION,-100,42,2026-08-17T18:15:00+08:00
fd3b1938-abf8-4e13-85bd-dd1742d0fe30,M-1642,SESS-20260817-4068-0221,RENTAL_ACCRUAL,21,63,2026-08-17T20:15:00+08:00
37879fc6-f202-480c-8192-5838c9f03d04,M-1388,SESS-20260817-3630-0222,RENTAL_REDEMPTION,-100,211,2026-08-17T17:00:00+08:00
d1f84f51-835f-4fe6-a2da-9f0c4d005b23,M-1388,SESS-20260817-3630-0222,RENTAL_ACCRUAL,38,249,2026-08-17T22:00:00+08:00
421ee519-2a2b-438b-9db1-71c3004b379d,M-1397,SESS-20260817-6917-0223,RENTAL_ACCRUAL,28,844,2026-08-18T01:15:00+08:00
20dd1a57-a9dc-43cc-afb9-b1c7648f48a7,M-1212,SESS-20260817-9342-0224,RENTAL_REDEMPTION,-100,373,2026-08-17T22:05:00+08:00
29bedd09-a709-403d-afff-cc4c9c1c5c9b,M-1212,SESS-20260817-9342-0224,RENTAL_ACCRUAL,2,375,2026-08-17T23:05:00+08:00
e7a16386-d8c9-4871-a124-bbba3b43b4e7,M-1587,SESS-20260817-7282-0225,RENTAL_ACCRUAL,12,1081,2026-08-18T00:30:00+08:00
116c05be-8575-4da8-9fad-8e84281e26bb,M-1464,SESS-20260817-1374-0226,RENTAL_ACCRUAL,9,299,2026-08-17T22:00:00+08:00
2f967952-d8c3-4fb3-87b9-5afd4fc6cbec,M-2091,SESS-20260817-2031-0227,RENTAL_ACCRUAL,16,129,2026-08-17T23:45:00+08:00
51366169-d67a-488a-be73-fc6104ef28fe,M-1649,SESS-20260817-7811-0228,RENTAL_ACCRUAL,11,525,2026-08-18T00:15:00+08:00
ba802c74-8584-45dd-9953-2044a94993ee,M-1304,SESS-20260817-4551-0229,RENTAL_ACCRUAL,45,453,2026-08-18T02:15:00+08:00
b6866f3d-e2db-4e9d-a58c-269a21f0a277,M-1270,SESS-20260817-2636-0230,RENTAL_REDEMPTION,-100,1166,2026-08-17T19:10:00+08:00
41f03288-feb9-4925-9c99-65e9dd8a15d4,M-1270,SESS-20260817-2636-0230,RENTAL_ACCRUAL,4,1170,2026-08-17T21:10:00+08:00
13fb89a8-f589-443d-9e7a-cd1641570cad,M-1505,SESS-20260817-4615-0231,RENTAL_ACCRUAL,27,175,2026-08-17T23:45:00+08:00
0eb0ce3c-39c5-484f-8bff-82149cb16c83,M-1578,SESS-20260817-4184-0232,RENTAL_ACCRUAL,67,362,2026-08-18T02:15:00+08:00
52a56d5f-5cd1-4ef0-bca9-d8043e3f75d1,M-1470,SESS-20260817-9362-0233,RENTAL_ACCRUAL,18,249,2026-08-18T00:15:00+08:00
a89a6d6b-f91b-4eee-ae29-b6bd5876fe6a,M-2167,SESS-20260817-3944-0234,RENTAL_ACCRUAL,27,193,2026-08-18T01:05:00+08:00
bc1dc36f-4382-4a0f-808f-aa05929dd91b,M-1225,SESS-20260817-7468-0235,RENTAL_REDEMPTION,-100,99,2026-08-17T14:45:00+08:00
a3d3d2ae-6b77-49ef-af1a-ada523544998,M-1225,SESS-20260817-7468-0235,RENTAL_ACCRUAL,21,120,2026-08-17T19:45:00+08:00
76970b77-d1c4-40d8-b8ae-d9ab9842bf92,M-1750,SESS-20260817-6441-0236,RENTAL_ACCRUAL,28,354,2026-08-17T22:45:00+08:00
6043daf4-25d9-4e83-be6d-abdad19d5368,M-1175,SESS-20260817-3603-0237,RENTAL_REDEMPTION,-200,258,2026-08-17T12:45:00+08:00
626e687d-4e18-4d2d-af62-65abac69bc70,M-1175,SESS-20260817-3603-0237,RENTAL_ACCRUAL,13,271,2026-08-17T15:45:00+08:00
e36ae576-24a6-46b3-ba40-29833ab1dc55,M-1631,SESS-20260817-6978-0238,RENTAL_ACCRUAL,5,268,2026-08-17T19:20:00+08:00
59d381dc-ff9c-4747-bdbe-868838074b26,M-2105,SESS-20260817-9333-0239,RENTAL_ACCRUAL,45,302,2026-08-17T22:30:00+08:00
a2496737-11a2-4895-bbe0-e1ee5ad9b028,M-1019,SESS-20260817-7514-0240,RENTAL_ACCRUAL,28,750,2026-08-17T22:40:00+08:00
13055cae-6ba6-4f4e-88b4-bbd80f2d4e24,M-1093,SESS-20260817-2143-0241,RENTAL_REDEMPTION,-100,2,2026-08-17T21:30:00+08:00
03e5dcb1-455e-4983-9e7e-583c0e54345b,M-1093,SESS-20260817-2143-0241,RENTAL_ACCRUAL,38,40,2026-08-18T02:30:00+08:00
8c1de4c2-641e-4bd6-820c-dcf3083e4446,M-1423,SESS-20260817-7601-0242,RENTAL_ACCRUAL,18,119,2026-08-18T01:20:00+08:00
fcae4f5d-a63b-4f25-a358-26bf1dbde0ab,M-1159,SESS-20260817-2259-0243,RENTAL_REDEMPTION,-100,71,2026-08-17T23:20:00+08:00
51b1a347-4951-4655-9f36-57dc69f3427d,M-1159,SESS-20260817-2259-0243,RENTAL_ACCRUAL,21,92,2026-08-18T04:20:00+08:00
7deff762-75c2-49d6-ae7b-560673ebe8df,M-2061,SESS-20260817-7363-0244,RENTAL_ACCRUAL,8,172,2026-08-17T18:00:00+08:00
ea2f7f55-aafb-4e57-b9dd-ba009b9f8017,M-1022,SESS-20260817-2288-0245,RENTAL_ACCRUAL,18,239,2026-08-17T20:05:00+08:00
ccf8657b-e131-46ad-a74f-ec9f132cbaee,M-1164,SESS-20260817-8910-0246,RENTAL_ACCRUAL,5,288,2026-08-17T23:20:00+08:00
8815ad29-3064-49d5-ba5a-8c010836704d,M-1334,SESS-20260817-2488-0247,RENTAL_ACCRUAL,11,161,2026-08-17T23:00:00+08:00
5c7d4d42-7853-4cae-a04c-60d1308634e3,M-1960,SESS-20260817-8971-0248,RENTAL_ACCRUAL,10,281,2026-08-18T01:25:00+08:00
87849c25-d1ec-449b-bd5d-51b7eee98c22,M-1721,SESS-20260817-5759-0249,RENTAL_ACCRUAL,11,514,2026-08-17T16:15:00+08:00
bd815e72-2268-4c7c-bd31-adcf9c54d924,M-1499,SESS-20260817-9344-0250,RENTAL_ACCRUAL,18,125,2026-08-18T00:15:00+08:00
cf351572-d2e0-4d32-9cd8-686b14d22ae4,M-2177,SESS-20260817-4091-0251,RENTAL_ACCRUAL,10,100,2026-08-17T19:15:00+08:00
32f98999-3813-4445-991c-c32b3f9052e1,M-1157,SESS-20260817-3086-0252,RENTAL_ACCRUAL,40,205,2026-08-17T22:45:00+08:00
9e1d9f86-e2bb-4aa8-a837-f813ef18cd9d,M-1142,SESS-20260817-2560-0253,RENTAL_ACCRUAL,5,400,2026-08-17T16:45:00+08:00
9dc574da-e737-4950-81ac-d540bb20fae2,M-1318,SESS-20260817-8572-0254,RENTAL_ACCRUAL,5,169,2026-08-17T18:15:00+08:00
bbd9712f-0991-4261-b6b5-5de465448a4e,M-1971,SESS-20260817-5537-0255,RENTAL_REDEMPTION,-100,148,2026-08-17T19:45:00+08:00
5e108076-9c4d-4a63-af87-c81f89a7646c,M-1971,SESS-20260817-5537-0255,RENTAL_ACCRUAL,2,150,2026-08-17T20:45:00+08:00
4a89edba-fbd1-40eb-9d52-43f8c385a9fe,M-1975,SESS-20260817-4087-0256,RENTAL_ACCRUAL,11,137,2026-08-18T00:00:00+08:00
109b3c59-f83a-4c51-8ead-722ce110ad9f,M-1196,SESS-20260817-9957-0257,RENTAL_ACCRUAL,6,392,2026-08-17T22:30:00+08:00
1006850e-e30b-4c13-9aca-582e99713ae7,M-1392,SESS-20260817-2398-0258,RENTAL_REDEMPTION,-200,779,2026-08-17T15:30:00+08:00
c23d1e00-87f1-4167-b410-fc91fbbdc2c8,M-1392,SESS-20260817-2398-0258,RENTAL_ACCRUAL,3,782,2026-08-17T18:30:00+08:00
e47f6bd8-cfff-4577-a8f0-c7f5f8d98d82,M-1916,SESS-20260817-6667-0259,RENTAL_ACCRUAL,5,107,2026-08-17T22:00:00+08:00
e176883a-2db3-4abb-97fe-acf32633d1fd,M-1661,SESS-20260817-9074-0260,RENTAL_ACCRUAL,28,2735,2026-08-18T01:25:00+08:00
2108bf80-f1ed-4541-b29c-ddac23f35b70,M-1582,SESS-20260817-1042-0261,RENTAL_ACCRUAL,27,578,2026-08-17T19:00:00+08:00
43f21608-b508-4bad-9262-5126d4c70dbe,M-1896,SESS-20260817-8768-0262,RENTAL_ACCRUAL,11,334,2026-08-18T00:30:00+08:00
f2259337-3d53-4c55-91e4-95f5a53317ff,M-1013,SESS-20260817-9066-0263,RENTAL_ACCRUAL,11,210,2026-08-17T21:30:00+08:00
a715cf21-ad2b-4135-ac92-b9713f5d70a3,M-1241,SESS-20260817-9507-0264,RENTAL_ACCRUAL,16,177,2026-08-17T23:45:00+08:00
d8cc06d3-f652-4ced-b0c9-a7c482104778,M-1625,SESS-20260817-2611-0265,RENTAL_ACCRUAL,115,2738,2026-08-18T04:25:00+08:00
d6b5036e-d16e-4de9-ab9c-4c79b5ff0bb3,M-1543,SESS-20260817-1066-0266,RENTAL_ACCRUAL,27,556,2026-08-17T22:45:00+08:00
bf17ab52-563e-4681-b235-f3fef365bd43,M-2002,SESS-20260817-9818-0267,RENTAL_REDEMPTION,-100,124,2026-08-17T22:45:00+08:00
ee2f3350-e4dd-4ce4-818b-e70dc410a62f,M-2002,SESS-20260817-9818-0267,RENTAL_ACCRUAL,61,185,2026-08-18T03:45:00+08:00
c6227403-9a7c-4b34-8dba-ba53d3eb013e,M-1761,SESS-20260817-9850-0268,RENTAL_ACCRUAL,9,608,2026-08-17T20:45:00+08:00
f0dead8a-4689-4e99-a95b-6875eecfb78d,M-1225,SESS-20260817-9268-0269,RENTAL_ACCRUAL,28,148,2026-08-18T02:15:00+08:00
01296042-709e-4b93-b9f2-06ccd68ea081,M-1401,SESS-20260817-7091-0270,RENTAL_REDEMPTION,-100,357,2026-08-17T23:05:00+08:00
4e571e2c-ea93-47dc-bb57-b2027001464e,M-1401,SESS-20260817-7091-0270,RENTAL_ACCRUAL,5,362,2026-08-18T01:05:00+08:00
1b8ef91f-3b77-44e2-93aa-f28fb8a7e11c,M-1654,SESS-20260817-4916-0271,RENTAL_ACCRUAL,18,164,2026-08-17T19:15:00+08:00
6664d20d-67cc-4348-b267-30715fe79512,M-1698,SESS-20260817-1582-0272,RENTAL_ACCRUAL,5,532,2026-08-17T23:30:00+08:00
58c0cf8b-6ba8-49a6-9a08-34a262265bdb,M-1689,SESS-20260817-5744-0273,RENTAL_ACCRUAL,27,519,2026-08-17T18:45:00+08:00
898fcfba-9327-4fb1-a1f6-4fedf66fe73d,M-1745,SESS-20260817-8340-0274,RENTAL_ACCRUAL,9,197,2026-08-17T23:45:00+08:00
bb388310-bda8-40b8-9b80-064c5eea33e1,M-1670,SESS-20260817-8656-0275,RENTAL_ACCRUAL,27,171,2026-08-18T01:30:00+08:00
f9dc09a9-9495-4b16-8f40-4d146829f28c,M-1233,SESS-20260817-4083-0276,RENTAL_ACCRUAL,13,210,2026-08-17T22:00:00+08:00
c1c1c9b0-3281-44c5-a350-a800a7877aed,M-1601,SESS-20260817-3561-0277,RENTAL_ACCRUAL,11,475,2026-08-17T18:45:00+08:00
0031ef68-40b9-49de-bb8f-f1e93a6ece4c,M-1163,SESS-20260817-2245-0278,RENTAL_REDEMPTION,-100,71,2026-08-17T19:00:00+08:00
62a0c15e-2383-4110-b5ed-5cd52215b60f,M-1163,SESS-20260817-2245-0278,RENTAL_ACCRUAL,5,76,2026-08-17T21:00:00+08:00
fef292ea-7f34-4adf-9670-f49f3cec0f36,M-1428,SESS-20260817-5429-0279,RENTAL_REDEMPTION,-100,45,2026-08-17T18:05:00+08:00
9b09df85-a973-48f1-8a83-f34632d3c48e,M-1428,SESS-20260817-5429-0279,RENTAL_ACCRUAL,5,50,2026-08-17T20:05:00+08:00
91d2fafb-3bee-4240-bd13-51cb3f2d38e2,M-1757,SESS-20260817-9462-0280,RENTAL_REDEMPTION,-200,128,2026-08-17T18:50:00+08:00
73a2e576-0185-46a4-a6f7-d8f1fc785189,M-1757,SESS-20260817-9462-0280,RENTAL_ACCRUAL,4,132,2026-08-17T21:50:00+08:00
7eb1794d-06ab-44b2-a1a8-00d9cc97a983,M-1720,SESS-20260817-4413-0281,RENTAL_ACCRUAL,5,512,2026-08-17T23:15:00+08:00
10c2615f-b27c-4e44-b5c8-b4f0a604c9b4,M-1147,SESS-20260817-4981-0282,RENTAL_ACCRUAL,16,490,2026-08-18T00:45:00+08:00
44f30913-f854-4597-bdf8-3a66681ccc28,M-1549,SESS-20260817-6883-0283,RENTAL_REDEMPTION,-100,259,2026-08-17T23:35:00+08:00
aa70cc63-d211-4639-a8a2-d89a1615872a,M-1549,SESS-20260817-6883-0283,RENTAL_ACCRUAL,38,297,2026-08-18T04:35:00+08:00
695c86b6-7195-4bee-8528-97707d20f123,M-1236,SESS-20260817-3998-0284,RENTAL_ACCRUAL,18,231,2026-08-17T13:45:00+08:00
c5323ed9-d923-4c96-85fb-97cda9fbf4d8,M-1048,SESS-20260817-9104-0285,RENTAL_ACCRUAL,28,552,2026-08-17T21:30:00+08:00
a8c82740-81c1-4463-a08c-79dc419e9925,M-1200,SESS-20260817-8563-0286,RENTAL_REDEMPTION,-100,19,2026-08-17T22:30:00+08:00
c917bdae-8b7c-44f1-8832-acf98aa11218,M-1200,SESS-20260817-8563-0286,RENTAL_ACCRUAL,5,24,2026-08-18T00:30:00+08:00
f22e6b9f-ffeb-4438-8246-82bb8f42f868,M-1523,SESS-20260817-8464-0287,RENTAL_ACCRUAL,67,262,2026-08-18T02:30:00+08:00
5035bb4b-356f-4fc5-ba15-a8db3aa48e5d,M-1617,SESS-20260817-6554-0288,RENTAL_REDEMPTION,-100,31,2026-08-17T20:00:00+08:00
9fde5f56-95d8-4076-ab24-d66178193e06,M-1617,SESS-20260817-6554-0288,RENTAL_ACCRUAL,10,41,2026-08-17T23:00:00+08:00
dfabb86d-ded6-42c4-848e-e7f0cd62b776,M-2115,SESS-20260817-4984-0289,RENTAL_REDEMPTION,-100,3,2026-08-17T23:55:00+08:00
5542be21-9f66-4bab-ae52-f1ee98a7f2fd,M-2115,SESS-20260817-4984-0289,RENTAL_ACCRUAL,11,14,2026-08-18T01:55:00+08:00
a718b829-dbc2-4888-ac87-6e364ef88847,M-1079,SESS-20260817-3270-0290,RENTAL_ACCRUAL,12,349,2026-08-17T04:45:00+08:00
f65aa9bb-7927-408c-83f1-8c8e00333893,M-1658,SESS-20260817-9553-0291,RENTAL_ACCRUAL,6,542,2026-08-17T12:15:00+08:00
a1cfebba-d9fa-4b45-afae-e5b95dad0d3a,M-1818,SESS-20260817-7535-0292,RENTAL_ACCRUAL,27,492,2026-08-17T21:00:00+08:00
5991144d-c761-44a8-9081-331c767c009e,M-1094,SESS-20260817-4249-0293,RENTAL_ACCRUAL,28,393,2026-08-18T03:50:00+08:00
8f833751-5d08-4676-99fa-de917aee832a,M-2083,SESS-20260817-8740-0294,RENTAL_ACCRUAL,40,85,2026-08-18T02:15:00+08:00
69a50066-bb31-4c51-8b2c-a75a989cae8b,M-1338,SESS-20260817-6509-0295,RENTAL_ACCRUAL,13,177,2026-08-17T23:55:00+08:00
620c608b-89b6-426f-bae4-5a02533fb5a9,M-1668,SESS-20260817-1144-0296,RENTAL_ACCRUAL,5,169,2026-08-17T23:35:00+08:00
d6cad8ac-1410-4918-bc5a-cc97f4ae0acc,M-1614,SESS-20260817-9385-0297,RENTAL_ACCRUAL,45,397,2026-08-18T02:00:00+08:00
e48e96e7-98d6-4c6a-9b7e-aa48618f408b,M-1652,SESS-20260817-7994-0298,RENTAL_ACCRUAL,40,319,2026-08-18T01:00:00+08:00
93fbe154-b0c6-4bd7-8cd6-65fcbd30919d,M-1085,SESS-20260817-4467-0299,RENTAL_ACCRUAL,5,165,2026-08-17T18:40:00+08:00
0454fd8e-1d56-448c-8e60-7aa6ceb5e872,M-1792,SESS-20260817-2019-0300,RENTAL_ACCRUAL,12,1969,2026-08-17T21:00:00+08:00
5887b854-c4ee-43e7-bc5b-630b50fde535,M-1091,SESS-20260817-7765-0301,RENTAL_ACCRUAL,16,260,2026-08-18T01:00:00+08:00
eedd8fa7-05dd-460c-aee7-b998bdae06d7,M-2005,SESS-20260817-5618-0302,RENTAL_ACCRUAL,5,356,2026-08-17T19:40:00+08:00
62f2e751-4f54-4d97-a68e-f550bd5a3188,M-1210,SESS-20260817-2215-0303,RENTAL_ACCRUAL,9,1343,2026-08-17T22:15:00+08:00
ce16bc2a-345e-4388-9ea4-a93408b96ceb,M-2200,SESS-20260817-4388-0304,RENTAL_REDEMPTION,-100,120,2026-08-17T23:50:00+08:00
14b78a3b-f82a-4f19-8d61-310ff2d364c8,M-2200,SESS-20260817-4388-0304,RENTAL_ACCRUAL,19,139,2026-08-18T02:50:00+08:00
b131a031-7abd-429b-baeb-97ff7ccf7037,M-1969,SESS-20260817-7586-0305,RENTAL_ACCRUAL,25,101,2026-08-18T02:20:00+08:00
048426bb-23cf-4f21-98e5-d27d1a191706,M-1242,SESS-20260817-9868-0306,RENTAL_ACCRUAL,18,102,2026-08-17T22:55:00+08:00
4db78da9-256a-4318-b38a-354b8a69903c,M-1405,SESS-20260817-6977-0307,RENTAL_ACCRUAL,5,129,2026-08-17T16:00:00+08:00
be5f4199-fc4b-483c-82e9-f37700421283,M-1025,SESS-20260817-8472-0308,RENTAL_ACCRUAL,16,288,2026-08-17T23:50:00+08:00
1cc34e2a-573e-400b-945f-082904b20c88,M-1097,SESS-20260817-8098-0309,RENTAL_ACCRUAL,45,257,2026-08-18T03:30:00+08:00
46855c6b-a047-44e7-bbc5-8208043372ac,M-1853,SESS-20260817-4706-0310,RENTAL_ACCRUAL,25,90,2026-08-18T02:15:00+08:00
96e5c067-158f-4b79-ba88-b8506de34d6c,M-1168,SESS-20260817-6945-0311,RENTAL_ACCRUAL,40,280,2026-08-17T22:40:00+08:00
f4b072eb-c73f-44ef-af84-4641f0f9889a,M-1829,SESS-20260817-5787-0312,RENTAL_REDEMPTION,-100,185,2026-08-17T23:45:00+08:00
84d5b633-b348-498c-88e7-a0414f063e9c,M-1829,SESS-20260817-5787-0312,RENTAL_ACCRUAL,21,206,2026-08-18T04:45:00+08:00
b5f80fb8-8904-48ca-a335-55c1532f5593,M-1319,SESS-20260817-2301-0313,RENTAL_ACCRUAL,28,170,2026-08-18T02:10:00+08:00
6554764a-0bc0-46c0-81bd-16c4420bdfdf,M-1039,SESS-20260817-1162-0314,RENTAL_ACCRUAL,11,222,2026-08-17T16:00:00+08:00
4a66203c-6673-4ad8-be58-ff49c023477a,M-1785,SESS-20260817-5773-0315,RENTAL_ACCRUAL,5,211,2026-08-17T22:00:00+08:00
0613018d-86d6-44c5-b95f-701aa95516d2,M-2015,SESS-20260817-1990-0316,RENTAL_ACCRUAL,10,148,2026-08-18T00:05:00+08:00
a536a7eb-15b0-4058-b451-9ee1db850810,M-1542,SESS-20260817-8774-0317,RENTAL_REDEMPTION,-200,244,2026-08-17T19:25:00+08:00
5b75f577-5cd8-43e6-a51d-45f307217511,M-1542,SESS-20260817-8774-0317,RENTAL_ACCRUAL,4,248,2026-08-17T22:25:00+08:00
05ec800d-fdeb-498b-accf-0de70de73877,M-1511,SESS-20260817-6314-0318,RENTAL_ACCRUAL,6,356,2026-08-17T23:30:00+08:00
899bb593-7bde-44ed-b081-65c1a4d43dfe,M-1296,SESS-20260817-7334-0319,RENTAL_REDEMPTION,-200,808,2026-08-17T15:00:00+08:00
45a6658a-9553-47d3-9c19-67755de38792,M-1296,SESS-20260817-7334-0319,RENTAL_ACCRUAL,3,811,2026-08-17T18:00:00+08:00
709291ff-4afc-4c11-9666-b8a356fdb616,M-1565,SESS-20260817-5923-0320,RENTAL_ACCRUAL,18,776,2026-08-18T01:15:00+08:00
bb5e8de9-7fd3-4912-9007-dd264eed6b8b,M-1045,SESS-20260817-3173-0321,RENTAL_ACCRUAL,18,159,2026-08-17T23:45:00+08:00
e61d8027-18f7-4fba-9d71-2a257b9d3e0f,M-1498,SESS-20260817-9225-0322,RENTAL_REDEMPTION,-200,220,2026-08-17T22:45:00+08:00
c0863b1a-80fb-4f92-913c-e33ac4556363,M-1498,SESS-20260817-9225-0322,RENTAL_ACCRUAL,1,221,2026-08-17T23:45:00+08:00
0b4f7b9e-94cb-415b-b189-d89427d0f9e1,M-1476,SESS-20260817-3545-0323,RENTAL_ACCRUAL,48,163,2026-08-18T03:25:00+08:00
c4c7a81d-fdbc-44b9-8f72-01fd61a69a9e,M-1450,SESS-20260817-3612-0324,RENTAL_REDEMPTION,-100,84,2026-08-17T18:45:00+08:00
52f84640-d430-4e60-b485-632a36230c57,M-1450,SESS-20260817-3612-0324,RENTAL_ACCRUAL,5,89,2026-08-17T20:45:00+08:00
8f1733e1-72c0-4b0a-83ef-ebd0af7d59d9,M-1845,SESS-20260817-3453-0325,RENTAL_REDEMPTION,-200,140,2026-08-17T21:15:00+08:00
3f2cbc50-c3a3-4dbe-b039-da167d7d6dcc,M-1845,SESS-20260817-3453-0325,RENTAL_ACCRUAL,4,144,2026-08-18T00:15:00+08:00
584da92a-d6a4-4878-8fdd-9acafab4247b,M-1856,SESS-20260817-4637-0326,RENTAL_ACCRUAL,5,86,2026-08-17T23:15:00+08:00
1cf1ff2e-12fe-4e79-87e6-1e21b8877bb9,M-1871,SESS-20260817-7034-0327,RENTAL_ACCRUAL,24,92,2026-08-17T18:25:00+08:00
4e0a6079-e480-46cb-93c7-4258de81c728,M-1888,SESS-20260817-7817-0328,RENTAL_ACCRUAL,15,66,2026-08-17T19:30:00+08:00
0d3467a5-fe4e-49ba-b3d9-ee5b41f67d25,M-1379,SESS-20260817-4271-0329,RENTAL_ACCRUAL,28,551,2026-08-18T03:45:00+08:00
13c52759-3cd2-47d3-bf7d-60b5feca3dd6,M-1692,SESS-20260817-7682-0330,RENTAL_REDEMPTION,-100,2133,2026-08-17T23:55:00+08:00
4b56939a-ae6b-4744-a65e-b60f8eb751a0,M-1692,SESS-20260817-7682-0330,RENTAL_ACCRUAL,2,2135,2026-08-18T00:55:00+08:00
1024025a-9351-4ed4-b479-8e45162b42b4,M-2023,SESS-20260817-6167-0331,RENTAL_ACCRUAL,67,636,2026-08-18T03:55:00+08:00
c6944c53-d734-476f-9f29-44b544a1507d,M-1564,SESS-20260817-6523-0332,RENTAL_ACCRUAL,6,537,2026-08-18T00:30:00+08:00
86821dec-75e9-4104-a65f-5ecd9ee891ce,M-1165,SESS-20260817-8853-0333,RENTAL_ACCRUAL,16,278,2026-08-18T00:00:00+08:00
431adde9-55bc-41e9-becd-36b7b20f7cee,M-1086,SESS-20260817-1949-0334,RENTAL_ACCRUAL,18,134,2026-08-18T01:05:00+08:00
1c770cab-63a1-4e41-86be-fbebf440673a,M-1782,SESS-20260817-9948-0335,RENTAL_ACCRUAL,12,415,2026-08-18T01:50:00+08:00
4f66ade3-a10f-4454-92a9-03adda6f8e01,M-2021,SESS-20260817-8116-0336,RENTAL_REDEMPTION,-100,15,2026-08-17T21:00:00+08:00
aa8caef3-dade-4b98-934a-408aafc05c66,M-2021,SESS-20260817-8116-0336,RENTAL_ACCRUAL,10,25,2026-08-18T00:00:00+08:00
3011fb80-0624-4e52-bcd6-92371853cc38,M-1043,SESS-20260817-4484-0337,RENTAL_REDEMPTION,-100,710,2026-08-17T23:30:00+08:00
007a0100-cbfe-4462-9c32-cf5c36c5ccd0,M-1043,SESS-20260817-4484-0337,RENTAL_ACCRUAL,4,714,2026-08-18T01:30:00+08:00
df9d4c48-ce1e-42e9-870c-e9aa35aff9ce,M-1826,SESS-20260817-4742-0338,RENTAL_ACCRUAL,5,239,2026-08-18T00:05:00+08:00
52a30256-80f8-4007-aca5-5f9684a604f8,M-1037,SESS-20260817-3517-0339,RENTAL_ACCRUAL,6,780,2026-08-18T00:35:00+08:00
61c790d7-e0f8-4c5b-803f-a3af23eb2fb1,M-1648,SESS-20260817-2706-0340,RENTAL_ACCRUAL,28,380,2026-08-17T23:40:00+08:00
51fe0db9-a001-4c74-ad61-537132f532e6,M-1445,SESS-20260817-1947-0341,RENTAL_ACCRUAL,108,288,2026-08-17T17:00:00+08:00
e9198119-b7a5-4afe-97e8-2b8df2b8cff3,M-1677,SESS-20260817-7056-0342,RENTAL_ACCRUAL,11,420,2026-08-18T01:30:00+08:00
5a99295f-567f-41c1-9cac-4e7704d8e18a,M-1297,SESS-20260817-4914-0343,RENTAL_ACCRUAL,13,209,2026-08-18T00:10:00+08:00
93aaae5f-b901-457c-905b-c0bddd992739,M-1559,SESS-20260817-1313-0344,RENTAL_ACCRUAL,27,300,2026-08-18T01:50:00+08:00
77801d71-2cb9-4cd5-a6d0-916e4de1d95b,M-1053,SESS-20260817-9731-0345,RENTAL_ACCRUAL,11,443,2026-08-17T18:55:00+08:00
55d1e68f-d050-457b-b260-4576d0c89362,M-1342,SESS-20260817-2243-0346,RENTAL_ACCRUAL,5,259,2026-08-18T00:35:00+08:00
e07ae7cd-a754-4286-bec2-f387928d7440,M-2127,SESS-20260817-7748-0347,RENTAL_ACCRUAL,16,58,2026-08-18T01:05:00+08:00
8f97df34-87a9-4ad5-8461-d8b1eb9bae08,M-1177,SESS-20260817-1850-0348,RENTAL_ACCRUAL,28,413,2026-08-17T23:45:00+08:00
d246343e-5a90-4de4-b343-3754103a1f11,M-1876,SESS-20260817-4273-0349,RENTAL_ACCRUAL,15,110,2026-08-18T02:55:00+08:00
fd827d70-a034-46ef-8828-347718ededf9,M-1805,SESS-20260817-1570-0350,RENTAL_ACCRUAL,11,222,2026-08-17T21:05:00+08:00
0496aa0e-69bf-4905-9da6-fe6b5bdb546b,M-2118,SESS-20260817-3145-0351,RENTAL_REDEMPTION,-100,140,2026-08-17T17:00:00+08:00
63d4f65c-8fe6-4645-b717-858ade024503,M-2118,SESS-20260817-3145-0351,RENTAL_ACCRUAL,20,160,2026-08-17T22:00:00+08:00
909c8d3b-1ca1-42a5-80ae-9cf90a89c6c1,M-1637,SESS-20260817-4899-0352,RENTAL_REDEMPTION,-100,1574,2026-08-17T21:20:00+08:00
bde3f590-68e6-4140-9ea4-c27315745c21,M-1637,SESS-20260817-4899-0352,RENTAL_ACCRUAL,4,1578,2026-08-17T23:20:00+08:00
e8c83b3f-5c0c-4265-bbab-96640dbbc0f6,M-1931,SESS-20260817-3243-0353,RENTAL_ACCRUAL,96,249,2026-08-18T03:15:00+08:00
80d7872d-127b-43b7-9392-b8edb4ceee7a,M-1931,TIER_UPGRADE_Standard_TO_Silver,TIER_BONUS,50,299,2026-08-18T03:15:00+08:00
ac37da53-d2b9-4cd9-9898-c9739d6aad2e,M-1366,SESS-20260817-1167-0354,RENTAL_ACCRUAL,11,642,2026-08-17T20:25:00+08:00
723c4bc3-9452-4dfe-abd0-e68ff82d0e72,M-1033,SESS-20260817-8853-0355,RENTAL_REDEMPTION,-100,240,2026-08-17T19:25:00+08:00
5c91a87c-8407-49d6-b2f9-7e01befd89dc,M-1033,SESS-20260817-8853-0355,RENTAL_ACCRUAL,20,260,2026-08-17T22:25:00+08:00
cefd0520-bf19-4ae4-89ca-86db20b07d2b,M-1504,SESS-20260817-8703-0356,RENTAL_ACCRUAL,11,380,2026-08-18T00:45:00+08:00
f4109f9b-9029-489f-a7e6-0917590df1e1,M-2063,SESS-20260817-4701-0357,RENTAL_REDEMPTION,-200,128,2026-08-17T17:30:00+08:00
3dcdf243-5559-4bb8-869a-56e53b4a00ff,M-2063,SESS-20260817-4701-0357,RENTAL_ACCRUAL,14,142,2026-08-17T19:30:00+08:00
4b9421f0-ced4-4336-a21b-d0a6ee84dbd9,M-1952,SESS-20260817-2644-0358,RENTAL_ACCRUAL,12,68,2026-08-17T18:45:00+08:00
7714a616-8f20-44fa-9198-2107702fc534,M-1900,SESS-20260817-4240-0359,RENTAL_ACCRUAL,9,189,2026-08-17T12:45:00+08:00
dc38bf4e-19a9-4478-9a2b-7e7c12de7637,M-1800,SESS-20260817-9409-0360,RENTAL_ACCRUAL,13,690,2026-08-17T23:00:00+08:00
8841dc68-348b-4687-b328-148e933b2bb2,M-1125,SESS-20260817-6687-0361,RENTAL_ACCRUAL,5,728,2026-08-17T20:00:00+08:00
96bb0a42-2d91-4a4c-9093-fc7d22870a7b,M-1280,SESS-20260817-5091-0362,RENTAL_ACCRUAL,6,364,2026-08-17T21:10:00+08:00
02fdc7ce-a3e9-4009-9f37-2f3159221ada,M-1709,SESS-20260817-3053-0363,RENTAL_ACCRUAL,5,217,2026-08-18T00:55:00+08:00
6558d1aa-5f72-481a-9759-a9a470c7a624,M-2154,SESS-20260817-7264-0364,RENTAL_ACCRUAL,10,80,2026-08-18T00:00:00+08:00
530d5eb4-6bbb-46c3-be8b-a19547778ac6,M-1112,SESS-20260817-3871-0365,RENTAL_ACCRUAL,28,1400,2026-08-17T15:55:00+08:00
761dcd70-0a94-4ac7-87a7-d717683ae54c,M-1719,SESS-20260817-6723-0366,RENTAL_ACCRUAL,11,402,2026-08-17T16:45:00+08:00
4108e14e-b606-4b70-954c-69e0bd4c0be4,M-1314,SESS-20260817-6752-0367,RENTAL_ACCRUAL,5,412,2026-08-18T00:55:00+08:00
3e9fa129-81ec-4460-b163-235e8111428c,M-1693,SESS-20260817-7840-0368,RENTAL_ACCRUAL,19,202,2026-08-18T00:30:00+08:00
5165838f-5c59-4f93-923f-a5c456f48486,M-1179,SESS-20260817-5316-0369,RENTAL_REDEMPTION,-100,83,2026-08-17T23:20:00+08:00
a86b5ff1-ecbd-4d01-a518-097a73b9ed80,M-1179,SESS-20260817-5316-0369,RENTAL_ACCRUAL,5,88,2026-08-18T01:20:00+08:00
9d1c202a-5414-4a49-95fa-774d0851c70a,M-1696,SESS-20260817-5531-0370,RENTAL_ACCRUAL,9,793,2026-08-17T19:30:00+08:00
e5417c37-e061-4ec9-a2d3-0c29b6d31b76,M-1520,SESS-20260817-5206-0371,RENTAL_ACCRUAL,18,964,2026-08-18T02:45:00+08:00
9e80cd02-fe2e-4c4a-acff-74bbbdccea24,M-2100,SESS-20260817-5762-0372,RENTAL_ACCRUAL,9,96,2026-08-17T17:00:00+08:00
1ff7cc8a-7723-4f58-a8ab-da03f5fbc7fe,M-1662,SESS-20260817-9535-0373,RENTAL_ACCRUAL,16,218,2026-08-18T02:25:00+08:00
8881580c-c85c-49ae-ab50-f340f14afb18,M-1074,SESS-20260817-8216-0374,RENTAL_ACCRUAL,5,265,2026-08-17T21:00:00+08:00
538e23d5-341b-4b8c-857d-d325d8ea0b76,M-1519,SESS-20260817-8876-0375,RENTAL_ACCRUAL,11,470,2026-08-18T00:15:00+08:00
45203017-8136-44c9-8342-98e4f43bc46f,M-2013,SESS-20260817-2758-0376,RENTAL_ACCRUAL,24,113,2026-08-18T01:15:00+08:00
a7b8fea6-3988-4b6d-8958-44fd74694ea4,M-1084,SESS-20260817-9438-0377,RENTAL_ACCRUAL,27,254,2026-08-18T00:50:00+08:00
b3d06d8f-282e-4713-a43d-86cdfcabf518,M-1272,SESS-20260817-9276-0378,RENTAL_ACCRUAL,9,1190,2026-08-17T04:55:00+08:00
e1cbaf3a-1493-4990-acc7-45f7e5628340,M-1023,SESS-20260817-5545-0379,RENTAL_ACCRUAL,5,418,2026-08-17T16:00:00+08:00
e0072772-da35-4aa4-b596-f33654e23314,M-1942,SESS-20260817-2983-0380,RENTAL_REDEMPTION,-100,123,2026-08-17T22:00:00+08:00
a05a57dd-c2c3-4a1e-a1b1-241b468358db,M-1942,SESS-20260817-2983-0380,RENTAL_ACCRUAL,5,128,2026-08-18T00:00:00+08:00
037c063b-6824-4a01-b298-48c722be690e,M-1940,SESS-20260817-1735-0381,RENTAL_ACCRUAL,10,100,2026-08-18T00:40:00+08:00
c9de6cb6-8c49-41da-b663-d1a92a50f46f,M-1058,SESS-20260817-1695-0382,RENTAL_ACCRUAL,5,433,2026-08-17T22:55:00+08:00
1e742f22-5938-4a8a-aac3-a232858b6c4c,M-1732,SESS-20260817-6087-0383,RENTAL_ACCRUAL,6,197,2026-08-18T00:05:00+08:00
fdb2a66a-243e-45c9-9d7d-82616a38a381,M-1781,SESS-20260817-5807-0384,RENTAL_REDEMPTION,-100,3770,2026-08-17T23:00:00+08:00
8193b6a3-4e52-45ed-80d6-7e9a0916d038,M-1781,SESS-20260817-5807-0384,RENTAL_ACCRUAL,21,3791,2026-08-18T01:00:00+08:00
102ca77c-9304-46a5-8646-96f82b1c8d88,M-1807,SESS-20260817-6796-0385,RENTAL_REDEMPTION,-300,74,2026-08-17T22:00:00+08:00
b21bb2fb-4491-4974-9b92-b0c1dc57dae2,M-1807,SESS-20260817-6796-0385,RENTAL_ACCRUAL,9,83,2026-08-18T03:00:00+08:00
9be666ca-d944-476a-8058-0a46f2477651,M-1015,SESS-20260817-8208-0386,RENTAL_ACCRUAL,18,748,2026-08-17T21:35:00+08:00
95fc8fe3-e048-4958-b28e-f2fb2c8a246f,M-1298,SESS-20260817-7253-0387,RENTAL_ACCRUAL,16,532,2026-08-17T05:30:00+08:00
e980a1dd-1ed9-448d-9fef-4a64161a2e45,M-2113,SESS-20260817-2467-0388,RENTAL_ACCRUAL,16,308,2026-08-17T20:45:00+08:00
baa3ca91-6b13-4cfb-b786-61de6938864e,M-1733,SESS-20260817-4014-0389,RENTAL_ACCRUAL,11,52,2026-08-18T01:45:00+08:00
7f9c2e0b-1c1e-4dea-a777-f3212bea943e,M-2120,SESS-20260817-7406-0390,RENTAL_ACCRUAL,18,373,2026-08-18T00:30:00+08:00
e5fe27a3-f29d-4c70-9673-3ec95c9ee218,M-1607,SESS-20260817-3895-0391,RENTAL_ACCRUAL,16,482,2026-08-17T23:15:00+08:00
dbda702b-1e34-4377-a9a4-bb8394bddf1b,M-2180,SESS-20260817-8675-0392,RENTAL_ACCRUAL,10,67,2026-08-17T23:45:00+08:00
f6a96a0b-53db-41e4-9b03-e16c266e0b17,M-1900,SESS-20260817-7355-0393,RENTAL_ACCRUAL,5,194,2026-08-17T18:05:00+08:00
0a7b3e4b-bede-4ca6-b911-952ed561e544,M-1920,SESS-20260817-5559-0394,RENTAL_ACCRUAL,15,19,2026-08-18T01:15:00+08:00
2214719a-e1d6-4d30-bfa0-d37c1a3236a7,M-1333,SESS-20260817-8847-0395,RENTAL_REDEMPTION,-100,182,2026-08-17T23:55:00+08:00
9e61d64c-db68-4385-a157-3f3f02c778ac,M-1333,SESS-20260817-8847-0395,RENTAL_ACCRUAL,20,202,2026-08-18T02:55:00+08:00
b6646067-4f36-4ace-a80c-49d3803abdcd,M-1362,SESS-20260817-4971-0396,RENTAL_ACCRUAL,16,415,2026-08-18T02:55:00+08:00
b404eea6-da39-44dd-b1c2-ddd3962e929d,M-1298,SESS-20260817-1298-0397,RENTAL_ACCRUAL,16,548,2026-08-18T02:40:00+08:00
fe10dc0c-66d3-4032-a45e-a32efee53505,M-1659,SESS-20260817-5873-0398,RENTAL_ACCRUAL,9,132,2026-08-17T13:40:00+08:00
b839cd92-e5a1-4bb6-84e6-7aa4a1b401d3,M-1286,SESS-20260817-9277-0399,RENTAL_ACCRUAL,18,184,2026-08-17T21:50:00+08:00
c70e923c-d022-4241-b8e8-8f47fb80005a,M-1035,SESS-20260817-5664-0400,RENTAL_ACCRUAL,45,119,2026-08-18T02:35:00+08:00
ff3c28e0-1826-4392-8d41-5d85b0d4b65e,M-1279,SESS-20260817-6398-0401,RENTAL_ACCRUAL,11,126,2026-08-18T01:20:00+08:00
86984f5f-706c-417b-9b6a-1fd73dfbc482,M-1122,SESS-20260817-6263-0402,RENTAL_ACCRUAL,16,187,2026-08-18T02:10:00+08:00
8525bb8a-3ee1-4a56-9064-a97889872892,M-1141,SESS-20260817-4924-0403,RENTAL_ACCRUAL,11,169,2026-08-18T00:15:00+08:00
7d715461-83d8-4465-93ce-f3278ea88f39,M-1421,SESS-20260817-3937-0404,RENTAL_ACCRUAL,6,575,2026-08-17T22:15:00+08:00
0dfb6aa3-dd31-4a3e-ac77-38ff2799aa6f,M-1180,SESS-20260817-3647-0405,RENTAL_ACCRUAL,48,350,2026-08-18T03:30:00+08:00
71222672-7105-4a43-a617-7475115c0a13,M-1365,SESS-20260817-4541-0406,RENTAL_ACCRUAL,5,118,2026-08-17T22:25:00+08:00
2499aae3-fe5f-4af5-a1fb-bf6711c644a1,M-1705,SESS-20260817-1074-0407,RENTAL_ACCRUAL,11,338,2026-08-18T00:50:00+08:00
5d25e2d6-f348-4f72-9a03-4e3b39e71309,M-1416,SESS-20260817-4324-0408,RENTAL_ACCRUAL,9,2525,2026-08-17T23:45:00+08:00
6c1602a6-6107-4632-b6ef-5b9c09e2cc20,M-1341,SESS-20260817-1942-0409,RENTAL_ACCRUAL,27,267,2026-08-17T19:00:00+08:00
97fc9a56-8344-4347-bc91-737381d5ec7c,M-1040,SESS-20260817-9436-0410,RENTAL_REDEMPTION,-100,702,2026-08-17T23:00:00+08:00
bd67f201-925d-46f0-a115-cffdd9d956a2,M-1040,SESS-20260817-9436-0410,RENTAL_ACCRUAL,2,704,2026-08-18T00:00:00+08:00
c0e41803-9f26-40f0-b5f9-a1734e0b063c,M-1848,SESS-20260817-7963-0411,RENTAL_ACCRUAL,5,92,2026-08-17T23:45:00+08:00
47082e98-75f2-4e8e-b8ce-7a8f9be241a1,M-1354,SESS-20260817-8587-0412,RENTAL_REDEMPTION,-100,24,2026-08-17T20:15:00+08:00
aa86bb42-4bb2-4e4f-bb85-443ebe0addae,M-1354,SESS-20260817-8587-0412,RENTAL_ACCRUAL,38,62,2026-08-18T01:15:00+08:00
2dfe3827-d594-4d28-9338-1fb80f9667e2,M-1441,SESS-20260817-5481-0413,RENTAL_ACCRUAL,5,250,2026-08-17T23:30:00+08:00
04276a43-9118-4691-a785-3e443264410d,M-1959,SESS-20260817-8001-0414,RENTAL_ACCRUAL,13,638,2026-08-17T23:15:00+08:00
2e3c44a4-7cb6-457d-99d2-b0af00ea525a,M-1106,SESS-20260817-4792-0415,RENTAL_ACCRUAL,72,421,2026-08-18T06:30:00+08:00
37f19a5b-1a1e-4407-bd21-9226065af257,M-2195,SESS-20260817-9213-0416,RENTAL_ACCRUAL,27,479,2026-08-17T19:30:00+08:00
f2b433f6-178c-4cd2-bda1-8c4327f127f2,M-1878,SESS-20260817-9784-0417,RENTAL_ACCRUAL,11,61,2026-08-18T01:40:00+08:00
7508dddb-a141-4934-8ac1-fafc2cae3e4e,M-1488,SESS-20260817-6148-0418,RENTAL_REDEMPTION,-100,912,2026-08-17T22:30:00+08:00
8a3af8c5-2b03-43d9-8da2-29cb865e4189,M-1488,SESS-20260817-6148-0418,RENTAL_ACCRUAL,11,923,2026-08-18T00:30:00+08:00
8db90285-dc29-4c40-a462-e9f5373902ed,M-2097,SESS-20260817-6758-0419,RENTAL_ACCRUAL,25,101,2026-08-18T03:00:00+08:00
35b92309-db4f-4e4c-87cc-36955ccc0413,M-1708,SESS-20260817-4551-0420,RENTAL_ACCRUAL,11,41,2026-08-18T01:50:00+08:00
d36f368a-f0f2-4856-aaca-5c85f6401cca,M-1798,SESS-20260817-8660-0421,RENTAL_ACCRUAL,11,294,2026-08-17T22:30:00+08:00
fb1c1adc-b6f1-4245-b270-efea15df31e8,M-1716,SESS-20260817-8548-0422,RENTAL_ACCRUAL,45,262,2026-08-18T01:00:00+08:00
afafedc9-e9bd-479c-a4ed-bfe02c0a0092,M-2064,SESS-20260817-7599-0423,RENTAL_ACCRUAL,45,193,2026-08-17T22:30:00+08:00
c2deb6df-c557-4175-a669-69cd89688e92,M-1435,SESS-20260817-4459-0424,RENTAL_ACCRUAL,11,363,2026-08-17T23:15:00+08:00
2936b552-8c25-4d47-8230-7fdc676dfdb8,M-1688,SESS-20260817-8534-0425,RENTAL_ACCRUAL,12,727,2026-08-18T01:50:00+08:00
a1fa0fbe-29ef-43dd-b1e5-a48ce737e500,M-1748,SESS-20260817-1298-0426,RENTAL_ACCRUAL,72,638,2026-08-18T01:15:00+08:00
fbd5a94f-8b01-44be-8db8-6ca82e45e5fa,M-2147,SESS-20260817-4841-0427,RENTAL_ACCRUAL,10,100,2026-08-17T23:10:00+08:00
9050caba-ddef-4c4d-8655-9b557ab38c68,M-1929,SESS-20260817-1324-0428,RENTAL_ACCRUAL,24,122,2026-08-18T02:50:00+08:00
de5cdb16-f5fd-4a82-9702-565df58a869d,M-2076,SESS-20260817-5001-0429,RENTAL_ACCRUAL,18,482,2026-08-17T23:15:00+08:00
df5c5564-ccb7-42ce-86de-7239b305c43a,M-1152,SESS-20260817-8614-0430,RENTAL_ACCRUAL,28,348,2026-08-18T00:45:00+08:00
db2f4368-fbc4-4943-9808-d94578db5c96,M-1074,SESS-20260817-3939-0431,RENTAL_ACCRUAL,13,278,2026-08-18T00:55:00+08:00
e30cabb6-a389-407a-9379-ef87b369022d,M-1128,SESS-20260817-6020-0432,RENTAL_ACCRUAL,11,179,2026-08-18T01:20:00+08:00
e7978a3a-0bcd-4c1b-a3c0-267ffe03582c,M-2045,SESS-20260817-8427-0433,RENTAL_ACCRUAL,15,81,2026-08-18T02:55:00+08:00
9045adc3-c1fe-43da-86d7-a5dd2c2e1d12,M-1248,SESS-20260817-4128-0434,RENTAL_REDEMPTION,-100,1,2026-08-17T14:45:00+08:00
68be45a1-6398-40a0-8dac-43ae46091adb,M-1248,SESS-20260817-4128-0434,RENTAL_ACCRUAL,11,12,2026-08-17T16:45:00+08:00
83b89693-a903-42bd-827f-01269eafb016,M-1590,SESS-20260817-5098-0435,RENTAL_ACCRUAL,5,227,2026-08-17T22:10:00+08:00
7456c3b5-4a62-47ac-9501-578d36967776,M-2035,SESS-20260817-7339-0436,RENTAL_ACCRUAL,5,302,2026-08-17T19:10:00+08:00
cbfd8e68-2fa9-4307-a92d-675acce91405,M-2062,SESS-20260817-4422-0437,RENTAL_REDEMPTION,-100,115,2026-08-17T22:15:00+08:00
d0b9ac72-094f-4513-a519-247138f3100b,M-2062,SESS-20260817-4422-0437,RENTAL_ACCRUAL,5,120,2026-08-18T00:15:00+08:00
ee2ad2dd-57f3-4998-b102-09a0fbcd2da3,M-1740,SESS-20260817-3517-0438,RENTAL_REDEMPTION,-400,1432,2026-08-17T22:45:00+08:00
f4150ee3-3c92-44fe-a2c8-b4d662bf62f5,M-2148,SESS-20260817-6381-0439,RENTAL_ACCRUAL,15,279,2026-08-18T01:45:00+08:00
b62a436d-6d90-430a-8cf7-29c490ddf946,M-1719,SESS-20260817-3617-0440,RENTAL_REDEMPTION,-300,102,2026-08-17T22:00:00+08:00
7f0c1720-0903-4fb7-be1e-bfeebca4ad57,M-1719,SESS-20260817-3617-0440,RENTAL_ACCRUAL,8,110,2026-08-18T01:00:00+08:00
2de41f6c-562e-4d7e-ba90-a7f596ba12af,M-1719,TIER_UPGRADE_Silver_TO_Gold,TIER_BONUS,100,210,2026-08-18T01:00:00+08:00
ff0f22cb-18ca-4f23-b985-70c634111966,M-1602,SESS-20260817-9784-0441,RENTAL_ACCRUAL,48,787,2026-08-18T03:40:00+08:00
900417c1-32a8-429b-b772-1280acc83e7c,M-1332,SESS-20260817-9690-0442,RENTAL_ACCRUAL,28,282,2026-08-17T21:05:00+08:00
5f490f19-6125-4200-9a00-2b7270aaf47e,M-1008,SESS-20260817-6533-0443,RENTAL_ACCRUAL,11,98,2026-08-17T21:15:00+08:00
7b42e3e8-8974-4677-904f-4c66b8534975,M-1348,SESS-20260817-5689-0444,RENTAL_ACCRUAL,11,110,2026-08-18T00:00:00+08:00
b1d62329-c2b7-435c-8802-bd4030ef7778,M-1987,SESS-20260817-4270-0445,RENTAL_ACCRUAL,12,33,2026-08-18T00:30:00+08:00
2cba9e6a-13f3-4000-84e5-a43d4f71e377,M-1658,SESS-20260817-1353-0446,RENTAL_ACCRUAL,19,561,2026-08-17T15:50:00+08:00
50a13556-a714-459c-8399-f99f6270ff98,M-1517,SESS-20260817-9845-0447,RENTAL_ACCRUAL,9,96,2026-08-17T17:30:00+08:00
c233340b-5d99-43db-bf24-39afa35286a9,M-1453,SESS-20260817-8574-0448,RENTAL_ACCRUAL,5,316,2026-08-17T23:25:00+08:00
c47d6b1f-34cd-4c5d-ae11-42720ed0dfe3,M-1027,SESS-20260817-6796-0449,RENTAL_ACCRUAL,16,407,2026-08-18T00:30:00+08:00
98d5b47c-647b-475d-af54-5e0db5e44ae8,M-1048,SESS-20260817-9451-0450,RENTAL_ACCRUAL,18,570,2026-08-18T02:40:00+08:00
26f2c61f-5a0a-41be-b311-9d9b82f3e1f3,M-1735,SESS-20260817-8570-0451,RENTAL_ACCRUAL,13,457,2026-08-18T00:50:00+08:00
45025e3d-8eb1-46b2-b22a-ba88c6d80c65,M-1078,SESS-20260817-1461-0452,RENTAL_ACCRUAL,19,378,2026-08-17T21:35:00+08:00
03bdad2b-664f-42f0-a42a-4c9fe24944dc,M-2196,SESS-20260817-9162-0453,RENTAL_ACCRUAL,9,360,2026-08-18T00:30:00+08:00
895c7af9-7644-463f-bd48-61e0f88f6576,M-2027,SESS-20260817-3216-0454,RENTAL_ACCRUAL,18,174,2026-08-17T19:40:00+08:00
230c7f17-38b5-4863-b933-27774a6055c3,M-1989,SESS-20260817-8038-0455,RENTAL_ACCRUAL,18,321,2026-08-17T21:55:00+08:00
5f1ec645-8cce-4bba-934d-6cab3da75a96,M-1154,SESS-20260817-7612-0456,RENTAL_ACCRUAL,45,430,2026-08-18T07:25:00+08:00
f149144f-b5f2-4dc8-bbc1-a410e94a6ec8,M-2177,SESS-20260817-4917-0457,RENTAL_ACCRUAL,10,110,2026-08-18T01:40:00+08:00
aec7dfb5-7e87-4671-9728-70a18b91cfec,M-2077,SESS-20260817-1667-0458,RENTAL_ACCRUAL,28,133,2026-08-18T04:55:00+08:00
cac48d5f-82d9-4317-9c16-13e6f39149ca,M-1690,SESS-20260817-9836-0459,RENTAL_REDEMPTION,-100,98,2026-08-17T23:05:00+08:00
69393213-418c-4cb8-aa5c-ecc2a00a6688,M-1690,SESS-20260817-9836-0459,RENTAL_ACCRUAL,10,108,2026-08-18T02:05:00+08:00
c4a0f93f-7644-4375-b40f-1c6cf6b80253,M-1385,SESS-20260817-3290-0460,RENTAL_ACCRUAL,27,435,2026-08-18T00:40:00+08:00
9ea50ade-2cf3-42fb-9114-0ee1e873d336,M-1202,SESS-20260817-2967-0461,RENTAL_REDEMPTION,-100,1863,2026-08-17T22:10:00+08:00
3e8448ec-8578-41c7-9598-39e277262fce,M-1202,SESS-20260817-2967-0461,RENTAL_ACCRUAL,2,1865,2026-08-17T23:10:00+08:00
2c9f0b87-e7a9-4379-9e85-71218e201581,M-1196,SESS-20260817-9247-0462,RENTAL_ACCRUAL,9,401,2026-08-18T00:20:00+08:00
cc014fcb-f45d-4bfd-8611-f1b1cf50ff6b,M-1624,SESS-20260817-7086-0463,RENTAL_ACCRUAL,28,295,2026-08-17T23:30:00+08:00
734bafbd-91b2-462a-b8a2-4087c22d4790,M-1689,SESS-20260817-5518-0464,RENTAL_REDEMPTION,-200,319,2026-08-17T23:35:00+08:00
63c3c76e-6c89-4bca-a980-18f329b0b27d,M-1689,SESS-20260817-5518-0464,RENTAL_ACCRUAL,5,324,2026-08-18T01:35:00+08:00
fc6ed24d-deb0-4561-8183-cc08eb28ef49,M-1067,ORD-20260817-2425-0001,CONCESSION_ACCRUAL,12,384,2026-08-17T16:09:52+08:00
08bdc482-0815-43ca-9725-7135eb02703f,M-1733,ORD-20260817-6757-0002,CONCESSION_ACCRUAL,7,59,2026-08-17T23:50:33+08:00
fccd52bc-7462-4feb-a226-6ca5bfcbfcea,M-2078,ORD-20260817-8714-0003,CONCESSION_ACCRUAL,12,44,2026-08-17T15:58:01+08:00
70c10d13-2bf2-4e19-bfac-094b55fe3c8a,M-1060,ORD-20260818-3329-0004,CONCESSION_ACCRUAL,3,136,2026-08-18T06:47:50+08:00
658828d4-c180-4170-bd0a-1f74c093ce98,M-1384,ORD-20260817-4659-0005,CONCESSION_ACCRUAL,18,1499,2026-08-17T21:14:33+08:00
4f5dcbf0-763b-4ea4-a9bf-2624380641f6,M-1971,ORD-20260817-8058-0006,CONCESSION_ACCRUAL,58,208,2026-08-17T20:03:56+08:00
ea43ebcd-8e3e-48d7-a819-aab3b7f11d5a,M-1449,ORD-20260817-1806-0007,CONCESSION_ACCRUAL,8,137,2026-08-17T21:46:26+08:00
706dd484-4477-47d7-8632-510266bf7901,M-1652,ORD-20260817-8177-0008,CONCESSION_ACCRUAL,8,327,2026-08-17T23:39:16+08:00
c18612f8-5c26-46ce-9479-b313033daabb,M-1619,ORD-20260817-3117-0009,CONCESSION_ACCRUAL,43,294,2026-08-17T23:29:06+08:00
6fb17987-5930-486d-825c-7afb2239c0f6,M-1824,ORD-20260817-3447-0010,CONCESSION_ACCRUAL,10,193,2026-08-17T23:03:34+08:00
9b71d524-b66e-4a5c-94a0-940af9c7099a,M-1196,ORD-20260817-6521-0011,CONCESSION_ACCRUAL,29,430,2026-08-17T23:50:57+08:00
699464e3-bab8-4167-9d13-5fdad4aa1ede,M-1168,ORD-20260817-5763-0012,CONCESSION_ACCRUAL,10,290,2026-08-17T21:23:52+08:00
4789b9fe-bcac-4e09-b69a-461891e27270,M-1942,ORD-20260817-4020-0013,CONCESSION_ACCRUAL,20,148,2026-08-17T23:09:43+08:00
005c520b-e67c-4816-9a8b-f3103f00c2a8,M-2038,ORD-20260817-9685-0014,CONCESSION_ACCRUAL,8,41,2026-08-17T22:27:00+08:00
bacb6107-60af-4ba6-835e-cbab087f02ab,M-1023,ORD-20260817-1580-0015,CONCESSION_ACCRUAL,3,421,2026-08-17T15:58:16+08:00
4cd2b0ec-6c63-48f6-a6a8-74d0b5476318,M-1225,ORD-20260817-6108-0016,CONCESSION_ACCRUAL,19,167,2026-08-17T18:18:44+08:00
2b7a823b-051d-4211-bab7-2f984ca455cf,M-2179,ORD-20260817-7404-0017,CONCESSION_ACCRUAL,26,152,2026-08-17T16:05:07+08:00
9245a023-221a-4d67-ab83-14fdf138ee62,M-1698,ORD-20260817-9068-0018,CONCESSION_ACCRUAL,33,565,2026-08-17T22:30:36+08:00
ebaa364e-58cb-4264-b171-e87ad293994b,M-1428,ORD-20260817-6796-0019,CONCESSION_ACCRUAL,37,87,2026-08-17T15:38:54+08:00
987a0228-7bcc-4781-8d6f-6c70f37da984,M-1091,ORD-20260817-2221-0020,CONCESSION_ACCRUAL,20,280,2026-08-17T22:24:32+08:00
60f41e79-977a-48d3-8001-eae6ec1a8644,M-1479,ORD-20260818-8173-0021,CONCESSION_ACCRUAL,22,2225,2026-08-18T01:00:56+08:00
ad0f3a65-3fca-4659-a814-c180e910d29d,M-1202,ORD-20260817-2359-0022,CONCESSION_ACCRUAL,12,1877,2026-08-17T22:51:21+08:00
7685006a-a048-4f97-b8cd-8d6415c3296c,M-2150,ORD-20260817-1871-0023,CONCESSION_ACCRUAL,6,149,2026-08-17T12:25:30+08:00
19cc88d8-9208-4ffe-9de1-56ad41726ed8,M-1763,ORD-20260817-2157-0024,CONCESSION_ACCRUAL,7,124,2026-08-17T19:52:51+08:00
baf32641-255a-40d7-95b0-a9901692f950,M-2177,ORD-20260818-6493-0025,CONCESSION_ACCRUAL,6,116,2026-08-18T00:44:23+08:00
78947470-a771-4e04-a0de-938444ba0cf3,M-2000,ORD-20260817-9112-0026,CONCESSION_ACCRUAL,33,589,2026-08-17T22:36:51+08:00
bb1e821e-8452-4024-85cb-3481a36a5777,M-1165,ORD-20260817-7905-0027,CONCESSION_ACCRUAL,31,309,2026-08-17T23:17:15+08:00
046eb0d4-6e99-4dec-b021-295890da2a8d,M-1532,ORD-20260817-2795-0028,CONCESSION_ACCRUAL,33,186,2026-08-17T23:59:49+08:00
6defa293-47cc-41dc-94b3-c9a11cba3003,M-1386,ORD-20260818-8585-0029,CONCESSION_ACCRUAL,18,437,2026-08-18T00:03:54+08:00
51fd5bbe-9b6d-4caa-9796-ee4064c57423,M-1340,ORD-20260817-1764-0030,CONCESSION_ACCRUAL,13,506,2026-08-17T22:50:26+08:00
c9854557-42a2-47de-9b65-8b7b20f27395,M-1848,ORD-20260817-6148-0031,CONCESSION_ACCRUAL,29,121,2026-08-17T23:03:08+08:00
398c6a1e-55c8-47a3-899c-127dc59e25e9,M-1309,ORD-20260817-7919-0032,CONCESSION_ACCRUAL,11,331,2026-08-17T23:44:10+08:00
5bdd9052-643e-4b73-92d5-9f701cd40862,M-1706,ORD-20260817-2017-0033,CONCESSION_ACCRUAL,23,170,2026-08-17T19:11:13+08:00
de610064-7bc8-4858-98e2-1b0536f61607,M-1871,ORD-20260817-2788-0034,CONCESSION_ACCRUAL,17,109,2026-08-17T16:05:33+08:00
e40601ef-202f-488d-96da-dc52f8994322,M-1128,ORD-20260818-9044-0035,CONCESSION_ACCRUAL,3,182,2026-08-18T01:01:30+08:00
ce695b21-7033-4c38-991c-2396a48f65f0,M-1631,ORD-20260817-1184-0036,CONCESSION_ACCRUAL,21,289,2026-08-17T18:44:00+08:00
979776bf-a14b-496a-807e-7757093acb00,M-1106,ORD-20260818-5331-0037,CONCESSION_ACCRUAL,15,436,2026-08-18T05:23:10+08:00
c1eee202-d5cf-4c60-9889-299b671c9091,M-1559,ORD-20260817-3124-0038,CONCESSION_ACCRUAL,26,326,2026-08-17T14:25:28+08:00
a1961681-fb06-480c-ae1f-5227df0ac228,M-1046,ORD-20260817-9477-0039,CONCESSION_ACCRUAL,9,1034,2026-08-17T23:26:28+08:00
3fd8908f-51f6-4f2a-9ef2-6437bfdddb97,M-1989,ORD-20260817-5208-0040,CONCESSION_ACCRUAL,10,331,2026-08-17T21:37:22+08:00
95cd2667-6cd3-4afe-9066-07d5e1634b42,M-2047,ORD-20260818-6787-0041,CONCESSION_ACCRUAL,12,206,2026-08-18T01:08:47+08:00
5c282859-34f0-453a-a225-567430aec724,M-2047,TIER_UPGRADE_Standard_TO_Silver,TIER_BONUS,50,256,2026-08-18T01:08:47+08:00
87c48be9-ae3a-454a-be73-5b7271d83ddb,M-1511,ORD-20260817-9275-0042,CONCESSION_ACCRUAL,9,365,2026-08-17T23:12:46+08:00
90b28582-1356-4d95-a841-b05d5fd352f4,M-1520,ORD-20260818-9753-0043,CONCESSION_ACCRUAL,18,982,2026-08-18T01:02:52+08:00
79d9c0c3-1ab9-453f-b58b-3f238387ed3a,M-1417,ORD-20260817-1680-0044,CONCESSION_ACCRUAL,10,473,2026-08-17T22:59:13+08:00
dc8a70b3-2212-4aa6-8bab-af029d82960c,M-1677,ORD-20260818-8647-0045,CONCESSION_ACCRUAL,41,461,2026-08-18T00:01:02+08:00
5fbf426a-9929-4266-9ec7-aeae8d8aea63,M-1735,ORD-20260818-3196-0046,CONCESSION_ACCRUAL,14,471,2026-08-18T00:12:42+08:00
505cea23-f027-4fce-bec6-cef4918178b4,M-1931,ORD-20260817-6784-0047,CONCESSION_ACCRUAL,8,307,2026-08-17T19:56:18+08:00
8b35c54a-a40b-4b62-bf89-91f7dcfd108b,M-1845,ORD-20260817-2189-0048,CONCESSION_ACCRUAL,19,163,2026-08-17T23:46:37+08:00
7f1c69ee-6936-43c9-b231-ed8d0d917840,M-1280,ORD-20260817-7411-0049,CONCESSION_ACCRUAL,18,382,2026-08-17T14:40:23+08:00
24fec7bd-64eb-424b-b081-dc5827f0e05c,M-1398,ORD-20260817-3031-0050,CONCESSION_ACCRUAL,20,1346,2026-08-17T21:40:05+08:00
10a75883-17e7-4c55-920b-5ddb134f5669,M-1397,ORD-20260817-6068-0051,CONCESSION_ACCRUAL,13,857,2026-08-17T18:29:04+08:00
4a198895-9fa0-4be7-87a3-339b973122b2,M-2118,ORD-20260817-2690-0052,CONCESSION_ACCRUAL,9,169,2026-08-17T18:07:46+08:00
1ffe1516-de1e-444b-8093-0e4766d2a1e3,M-1093,ORD-20260818-1376-0053,CONCESSION_ACCRUAL,45,85,2026-08-18T02:05:34+08:00
c6d39486-457a-4cf3-aded-9d20c1b9bd30,M-2200,ORD-20260818-8966-0054,CONCESSION_ACCRUAL,6,145,2026-08-18T00:25:46+08:00
aede1a25-c26c-40dc-90b6-89a38d42cf43,M-1896,ORD-20260817-2607-0055,CONCESSION_ACCRUAL,8,342,2026-08-17T16:07:57+08:00
8e29dfa3-04f5-4b3a-880a-c31b3a3ca313,M-1063,ORD-20260817-2242-0056,CONCESSION_ACCRUAL,4,592,2026-08-17T21:59:40+08:00
21fbc4ee-30fd-4f5e-93b0-9841a9710027,M-2074,ORD-20260817-5644-0057,CONCESSION_ACCRUAL,33,143,2026-08-17T22:53:36+08:00
1abc6223-3e19-442e-8a26-4e1a8d999f26,M-1632,ORD-20260817-3433-0058,CONCESSION_ACCRUAL,3,9,2026-08-17T12:44:44+08:00
2bb548e6-c8c0-47c5-93ff-45faf7d748b6,M-1782,ORD-20260818-7334-0059,CONCESSION_ACCRUAL,27,442,2026-08-18T01:04:49+08:00
9c476e93-fdc8-4bc2-bc15-690ef87beb91,M-1878,ORD-20260818-9288-0060,CONCESSION_ACCRUAL,20,81,2026-08-18T00:15:49+08:00
e7fffcf6-5c61-4afa-9e96-559fcbb1cb35,M-1882,ORD-20260817-7584-0061,CONCESSION_ACCRUAL,19,105,2026-08-17T23:49:31+08:00
0fcaf143-c12b-479e-9e50-f476207e9432,M-2100,ORD-20260817-5810-0062,CONCESSION_ACCRUAL,50,146,2026-08-17T16:01:09+08:00
323d669b-504d-4d1e-81a2-bffde4687728,M-1552,ORD-20260817-2445-0063,CONCESSION_ACCRUAL,24,169,2026-08-17T21:31:30+08:00
88a568c9-01ce-4ef6-a046-464db2df1c37,M-1916,ORD-20260817-2674-0064,CONCESSION_ACCRUAL,6,113,2026-08-17T21:16:40+08:00
cdb4e152-72e8-42b9-8653-062fa68bf35c,M-1084,ORD-20260817-4649-0065,CONCESSION_ACCRUAL,11,265,2026-08-17T22:51:00+08:00
0c2db72d-5b32-4bd0-8db2-fbeb1a14829f,M-1040,ORD-20260817-2693-0066,CONCESSION_ACCRUAL,17,721,2026-08-17T18:25:23+08:00
dd2ac497-14cf-4741-b8fc-694e4220fea2,M-2040,ORD-20260817-8851-0067,CONCESSION_ACCRUAL,30,211,2026-08-17T20:39:06+08:00
a59a7a0e-576c-43f6-ba90-117a33a0f1a3,M-1338,ORD-20260817-3158-0068,CONCESSION_ACCRUAL,3,180,2026-08-17T23:02:57+08:00
322233b7-4185-40e2-9566-3dc51f31c73f,M-1809,ORD-20260818-7783-0069,CONCESSION_ACCRUAL,9,575,2026-08-18T00:36:13+08:00
ad26e7f3-d38d-4e20-9310-57f7cb3d49ba,M-1579,ORD-20260817-2291-0070,CONCESSION_ACCRUAL,9,2785,2026-08-17T18:50:18+08:00
357ef69b-177c-4e89-b11f-201075ef2787,M-1058,ORD-20260817-3632-0071,CONCESSION_ACCRUAL,15,448,2026-08-17T22:15:29+08:00
3a83a9d9-5f63-41da-ade6-c688e26f0a5a,M-1901,ORD-20260817-5585-0072,CONCESSION_ACCRUAL,8,114,2026-08-17T20:50:41+08:00
7965513f-4660-4f06-b7b5-aac6f0fc692a,M-1675,ORD-20260817-4868-0073,CONCESSION_ACCRUAL,45,2227,2026-08-17T21:54:24+08:00
bf4ff7c1-7bc6-41c1-9b6c-1e1c4f135ef5,M-1826,ORD-20260817-7312-0074,CONCESSION_ACCRUAL,32,271,2026-08-17T23:36:59+08:00
4652ed87-bc25-4e84-aa32-9317d33c2615,M-1097,ORD-20260817-4388-0075,CONCESSION_ACCRUAL,25,282,2026-08-17T19:15:35+08:00
74a94839-93df-4c15-a45f-a50bd63b099b,M-1052,ORD-20260817-7531-0076,CONCESSION_ACCRUAL,8,319,2026-08-17T20:20:21+08:00
da0ff288-6f0d-43a6-b590-d1a82c28406d,M-1805,ORD-20260817-9749-0077,CONCESSION_ACCRUAL,33,255,2026-08-17T20:00:23+08:00
bdfe56fb-12b5-4f6f-9e8e-808e1f941d4c,M-1708,ORD-20260817-8855-0078,CONCESSION_ACCRUAL,15,56,2026-08-17T19:51:37+08:00
d02b2a11-b04e-4f81-9758-a949920a0da1,M-1164,ORD-20260817-3305-0079,CONCESSION_ACCRUAL,3,291,2026-08-17T23:05:36+08:00
70c26354-dfe4-42e9-ba1d-deb3e77c412d,M-1876,ORD-20260818-4886-0080,CONCESSION_ACCRUAL,18,128,2026-08-18T01:22:29+08:00
b3a6c626-7ab0-4222-afc4-91a9df344314,M-1861,ORD-20260817-5742-0081,CONCESSION_ACCRUAL,9,196,2026-08-17T06:25:18+08:00
85ec10cd-5bdf-47bf-abad-b8842ba4e5f6,M-2035,ORD-20260817-7661-0082,CONCESSION_ACCRUAL,8,310,2026-08-17T18:30:16+08:00
688b474d-8460-4601-851b-23e61875644f,M-1333,ORD-20260818-1819-0083,CONCESSION_ACCRUAL,22,224,2026-08-18T00:31:12+08:00
26077c59-f907-466c-bc52-78cbef84ada7,M-2021,ORD-20260817-1781-0084,CONCESSION_ACCRUAL,36,61,2026-08-17T21:04:31+08:00
cfa7011a-a377-47b1-8f34-5e7aed9cab06,M-1668,ORD-20260817-1709-0085,CONCESSION_ACCRUAL,16,185,2026-08-17T22:47:38+08:00
a132c530-ac92-4b14-b564-1addb17b9d61,M-1771,ORD-20260817-6134-0086,CONCESSION_ACCRUAL,19,103,2026-08-17T17:43:07+08:00
04e499d0-8672-46af-b394-393265e0cd86,M-1792,ORD-20260817-7318-0087,CONCESSION_ACCRUAL,30,1999,2026-08-17T19:04:05+08:00
dff1270d-4d2b-4383-b8ef-64968e954a71,M-1298,ORD-20260818-5570-0088,CONCESSION_ACCRUAL,14,562,2026-08-18T02:07:00+08:00
1c5a5371-c9a6-4cfd-aa99-87391e890082,M-1590,ORD-20260817-5043-0089,CONCESSION_ACCRUAL,7,234,2026-08-17T21:41:06+08:00
26fef737-510c-48da-bffa-d1b77b6ec64d,M-1960,ORD-20260818-3370-0090,CONCESSION_ACCRUAL,9,290,2026-08-18T00:04:29+08:00
2a347b2c-c4cb-4cb1-b795-bf5af5f556c0,M-1551,ORD-20260817-8174-0091,CONCESSION_ACCRUAL,3,134,2026-08-17T18:57:38+08:00
c40c572c-4989-4319-94f6-b3c8e4946dd7,M-1850,ORD-20260817-3580-0092,CONCESSION_ACCRUAL,34,134,2026-08-17T11:30:12+08:00
fce09ced-989f-4637-a119-0adba824e670,M-1304,ORD-20260817-5689-0093,CONCESSION_ACCRUAL,17,470,2026-08-17T21:36:01+08:00
39b84f00-007e-4af6-b155-e94d7939314c,M-1658,ORD-20260817-4818-0094,CONCESSION_ACCRUAL,17,578,2026-08-17T11:19:23+08:00
e19c43b2-f621-482c-a22e-cc56886def0f,M-1610,ORD-20260817-8885-0095,CONCESSION_ACCRUAL,8,107,2026-08-17T18:07:21+08:00
203d0b0c-f075-481e-a416-e673020a3b20,M-1532,ORD-20260817-1332-0096,CONCESSION_ACCRUAL,3,189,2026-08-17T18:35:36+08:00
55f9fd09-d532-4ee3-be67-407821b0782a,M-1019,ORD-20260817-4753-0097,CONCESSION_ACCRUAL,3,753,2026-08-17T18:43:58+08:00
096a8edf-b194-48ea-9de5-6adb119d82cd,M-1159,ORD-20260817-7680-0098,CONCESSION_ACCRUAL,30,122,2026-08-17T23:23:06+08:00
30cb085d-d673-4d3e-878a-ee84f16b7da5,M-1326,ORD-20260817-6784-0099,CONCESSION_ACCRUAL,9,414,2026-08-17T15:09:09+08:00
e9487356-bd57-4123-b44b-e9e6fcc28c4c,M-1192,ORD-20260817-2009-0100,CONCESSION_ACCRUAL,8,264,2026-08-17T19:26:04+08:00
2569455e-d458-4244-ad60-f561b43f700a,M-1241,ORD-20260817-7924-0101,CONCESSION_ACCRUAL,3,180,2026-08-17T21:50:30+08:00
4b51deda-ee31-4d7b-b5c5-30a16ccd41e2,M-1263,ORD-20260817-9916-0102,CONCESSION_ACCRUAL,41,559,2026-08-17T20:28:29+08:00
cf1b9bf2-62e6-456f-a791-9627fab359bf,M-1141,ORD-20260817-1851-0103,CONCESSION_ACCRUAL,18,187,2026-08-17T23:51:41+08:00
e7ca81cd-eed9-4ce7-ba25-9a1193ba1906,M-1341,ORD-20260817-2973-0104,CONCESSION_ACCRUAL,6,273,2026-08-17T16:16:22+08:00
c0989684-1a07-440d-b46c-6a7fa927c1d2,M-1297,ORD-20260817-5863-0105,CONCESSION_ACCRUAL,60,269,2026-08-17T23:35:29+08:00
318312ba-81d1-4fbf-903b-173473b877ab,M-1453,ORD-20260817-2840-0106,CONCESSION_ACCRUAL,15,331,2026-08-17T22:26:53+08:00
df9a3498-2d97-49f0-addf-e0603f2d0b16,M-1708,ORD-20260818-7961-0107,CONCESSION_ACCRUAL,8,64,2026-08-18T01:29:57+08:00
7c5c487a-39a7-4d56-8670-08777ebbbcf3,M-1934,ORD-20260817-3026-0108,CONCESSION_ACCRUAL,16,457,2026-08-17T21:30:32+08:00
0b9d41c3-55cf-4ef6-be6d-3dc074f80e00,M-1196,ORD-20260817-6189-0109,CONCESSION_ACCRUAL,12,442,2026-08-17T17:13:51+08:00
8523b6a7-aa49-4ee2-805e-a4cf964baf3b,M-1697,ORD-20260817-6887-0110,CONCESSION_ACCRUAL,8,69,2026-08-17T17:54:14+08:00
7828a126-a73e-4738-8da1-113f730240ab,M-1716,ORD-20260817-6636-0111,CONCESSION_ACCRUAL,10,272,2026-08-17T23:52:55+08:00
631d5c98-bcc4-43d3-98b3-96f01265dfc9,M-1649,ORD-20260818-2474-0112,CONCESSION_ACCRUAL,3,528,2026-08-18T00:11:03+08:00
12eacc9b-4de5-44f8-a50a-177eefafae4e,M-1690,ORD-20260818-6322-0113,CONCESSION_ACCRUAL,8,116,2026-08-18T00:19:57+08:00
e44092ae-081f-4ac9-a0f9-791ac518dcc1,M-2077,ORD-20260818-9639-0114,CONCESSION_ACCRUAL,16,149,2026-08-18T00:46:40+08:00
482d66ae-368b-4bb8-b038-29f6245cdf31,M-1614,ORD-20260817-9615-0115,CONCESSION_ACCRUAL,16,413,2026-08-17T20:40:36+08:00
ceb048db-d999-4434-86ca-2d41fb36a913,M-1100,ORD-20260817-1815-0116,CONCESSION_ACCRUAL,22,302,2026-08-17T20:26:18+08:00
41681ae9-59ed-44c3-b67c-0f89ba11908f,M-1654,ORD-20260817-2252-0117,CONCESSION_ACCRUAL,11,175,2026-08-17T17:40:40+08:00
1279aa0a-cd13-411e-a401-ceed6375bb89,M-2120,ORD-20260818-1789-0118,CONCESSION_ACCRUAL,11,384,2026-08-18T00:13:07+08:00
3d31b023-f923-4ed1-ac88-1887db39daff,M-1789,ORD-20260817-3929-0119,CONCESSION_ACCRUAL,27,301,2026-08-17T13:39:51+08:00
7175e44b-b5fb-4ce5-a927-0168a24cc847,M-1785,ORD-20260817-7706-0120,CONCESSION_ACCRUAL,3,214,2026-08-17T21:30:03+08:00
0360fe03-30ac-4667-a64e-45614fd118fd,M-1462,ORD-20260818-9240-0121,CONCESSION_ACCRUAL,9,475,2026-08-18T05:13:24+08:00
2fb95573-d3d7-4205-b7df-f696902aaac9,M-2154,ORD-20260817-5661-0122,CONCESSION_ACCRUAL,3,83,2026-08-17T22:54:51+08:00
eaa27e0c-1e70-4f32-8dd1-ed9bfba7808f,M-1488,ORD-20260817-8987-0123,CONCESSION_ACCRUAL,25,948,2026-08-17T23:16:01+08:00
40855be6-f64e-4c70-ac94-bbab7b26a3cb,M-1649,ORD-20260817-5031-0124,CONCESSION_ACCRUAL,26,554,2026-08-17T20:36:13+08:00
32f8ffbe-090f-40a4-9c4c-f169d9904c8a,M-1677,ORD-20260817-2431-0125,CONCESSION_ACCRUAL,26,487,2026-08-17T16:36:48+08:00
36f0af34-c406-4da7-8e86-8e8aee1f63f1,M-1677,TIER_UPGRADE_Silver_TO_Gold,TIER_BONUS,100,587,2026-08-17T16:36:48+08:00
d869b12d-46be-4f00-8e86-f8b3b23d07a7,M-1858,ORD-20260817-6357-0126,CONCESSION_ACCRUAL,18,55,2026-08-17T19:32:50+08:00
b53841eb-2346-4c50-85bb-947865fa9b93,M-1519,ORD-20260818-4006-0127,CONCESSION_ACCRUAL,15,485,2026-08-18T00:09:45+08:00
c4ac7ec9-8db3-49ea-a460-624513681144,M-1117,ORD-20260817-8097-0128,CONCESSION_ACCRUAL,31,228,2026-08-17T21:55:22+08:00
b900fad7-ba1b-4045-bba7-9a06181d8faf,M-1280,ORD-20260817-4623-0129,CONCESSION_ACCRUAL,19,401,2026-08-17T20:32:06+08:00
5d2a2b78-d622-4dcc-acc8-5c0fd7ac4556,M-1967,ORD-20260817-7095-0130,CONCESSION_ACCRUAL,8,109,2026-08-17T23:06:01+08:00
bedb81cf-c2e2-4262-8ddc-b87283270f5b,M-1530,ORD-20260817-8002-0131,CONCESSION_ACCRUAL,18,56,2026-08-17T14:36:31+08:00
92d97e68-1348-4622-bdb4-0ef9dca7dd52,M-1302,ORD-20260817-9230-0132,CONCESSION_ACCRUAL,7,280,2026-08-17T14:02:35+08:00
6deb14c8-092a-48f6-8ebe-690d559c1045,M-1591,ORD-20260818-6436-0133,CONCESSION_ACCRUAL,18,1811,2026-08-18T00:19:38+08:00
2d1744bb-c350-4f8a-a5d5-9327848d4b8c,M-1625,ORD-20260818-8606-0134,CONCESSION_ACCRUAL,27,2765,2026-08-18T00:01:16+08:00
59d56ed6-41a2-4134-abd9-7ae901510fa8,M-1828,ORD-20260817-2697-0135,CONCESSION_ACCRUAL,3,300,2026-08-17T19:36:33+08:00
2077c69d-a306-4016-8bb2-62678a72860a,M-1279,ORD-20260818-9585-0136,CONCESSION_ACCRUAL,8,134,2026-08-18T00:34:54+08:00
6672fe18-5de1-4a5f-b9d5-d1432867b8b2,M-1069,ORD-20260817-7346-0137,CONCESSION_ACCRUAL,11,243,2026-08-17T23:04:27+08:00
fbbf195b-1bc7-4093-bc8a-685b1f9dcabd,M-1864,ORD-20260817-6903-0138,CONCESSION_ACCRUAL,15,446,2026-08-17T11:37:16+08:00
8c019363-3c5f-4953-ba70-72cdfda9f6db,M-1693,ORD-20260817-4719-0139,CONCESSION_ACCRUAL,13,215,2026-08-17T23:32:45+08:00
5f6543cf-cb98-49a1-9afa-44a81023bc63,M-1920,ORD-20260818-1265-0140,CONCESSION_ACCRUAL,19,38,2026-08-18T00:37:22+08:00
daea53ee-5ad7-47de-86b0-b5e4aee3e632,M-1617,ORD-20260817-2584-0141,CONCESSION_ACCRUAL,11,52,2026-08-17T21:53:59+08:00
93c2ff38-5b6c-419d-9c38-7bc4d5609007,M-1642,ORD-20260817-2968-0142,CONCESSION_ACCRUAL,27,90,2026-08-17T18:48:06+08:00
c8f53bee-3cd4-4295-b442-2135a61bf39d,M-2064,ORD-20260817-1837-0143,CONCESSION_ACCRUAL,3,196,2026-08-17T21:15:51+08:00
f4ea8860-185e-4c1c-af70-a84bba78968a,M-2174,ORD-20260817-6212-0144,CONCESSION_ACCRUAL,8,82,2026-08-17T20:44:54+08:00
889ed6a5-4580-4acc-bc74-2b3b2285e57b,M-1586,ORD-20260817-1146-0145,CONCESSION_ACCRUAL,9,63,2026-08-17T09:58:09+08:00
ed7abe93-fe0b-49f2-a638-d030cce226cf,M-2045,ORD-20260818-4787-0146,CONCESSION_ACCRUAL,6,87,2026-08-18T00:13:10+08:00
e880976f-57d9-439b-83f8-22a8607d6034,M-1798,ORD-20260817-3170-0147,CONCESSION_ACCRUAL,3,297,2026-08-17T21:38:14+08:00
174f53d5-62a5-4a98-8d9d-1e4a11191c13,M-1571,ORD-20260817-8083-0148,CONCESSION_ACCRUAL,15,366,2026-08-17T20:11:14+08:00
edcb7576-151f-4357-b1e2-c3a99cd4bcef,M-1745,ORD-20260817-1529-0149,CONCESSION_ACCRUAL,3,200,2026-08-17T23:38:49+08:00
35e2f77e-abfb-4f86-84d9-547c54f84a7f,M-1164,ORD-20260817-5239-0150,CONCESSION_ACCRUAL,48,339,2026-08-17T17:22:26+08:00
402b8da0-d3ca-490d-8aad-2c836fbb4eb3,M-1048,ORD-20260818-2058-0151,CONCESSION_ACCRUAL,18,588,2026-08-18T02:22:34+08:00
c171aa3a-9e73-46ed-b431-2ef7bfac26d9,M-2147,ORD-20260817-1451-0152,CONCESSION_ACCRUAL,16,116,2026-08-17T21:31:37+08:00
d26b48bd-c83f-4ec8-9ee6-067978664411,M-1758,ORD-20260817-2834-0153,CONCESSION_ACCRUAL,32,202,2026-08-17T22:58:35+08:00
689df985-ba4a-4982-a906-23d3e3532a36,M-1954,ORD-20260817-3588-0154,CONCESSION_ACCRUAL,6,159,2026-08-17T23:35:19+08:00
b15ca5bd-cf58-49bf-ac6b-a2ae328e7ce9,M-1365,ORD-20260817-6032-0155,CONCESSION_ACCRUAL,8,126,2026-08-17T22:15:53+08:00
14feafaf-87dc-43fd-a26b-734e960a2c34,M-2140,ORD-20260817-9812-0156,CONCESSION_ACCRUAL,30,123,2026-08-17T12:24:15+08:00
01f15481-ed07-460d-a1e4-2898dc108dc8,M-2086,ORD-20260818-5980-0157,CONCESSION_ACCRUAL,3,135,2026-08-18T01:45:21+08:00
22126824-2343-4841-8710-4d30881c5afe,M-1662,ORD-20260818-5121-0158,CONCESSION_ACCRUAL,8,226,2026-08-18T01:48:37+08:00
32743130-fd5c-4e1b-9af1-a4d197a4aba6,M-1688,ORD-20260817-9066-0159,CONCESSION_ACCRUAL,33,760,2026-08-17T23:55:07+08:00
dc50619b-fc13-4fa9-b4ba-6952093337c8,M-1681,ORD-20260817-1194-0160,CONCESSION_ACCRUAL,28,354,2026-08-17T22:48:58+08:00
3332801c-662a-475e-ae93-37bfc3f46b30,M-1549,ORD-20260818-1354-0161,CONCESSION_ACCRUAL,11,308,2026-08-18T04:06:35+08:00
1c504d2e-907c-4f16-a0f8-bae32a6754a6,M-1888,ORD-20260817-9800-0162,CONCESSION_ACCRUAL,11,77,2026-08-17T17:26:07+08:00
f06dc397-9c4f-4056-bc92-da201f0e9ff3,M-1517,ORD-20260817-8476-0163,CONCESSION_ACCRUAL,8,104,2026-08-17T16:57:32+08:00
59138b5a-2680-424a-a0a7-fcc92fd19f4f,M-2017,ORD-20260817-2489-0164,CONCESSION_ACCRUAL,26,152,2026-08-17T19:57:26+08:00
57fe2e6f-71d7-452c-a40f-2cba035af2f0,M-2172,ORD-20260817-5150-0165,CONCESSION_ACCRUAL,28,451,2026-08-17T22:38:17+08:00
127621d8-33a0-49b5-bf98-190f708184ac,M-1503,ORD-20260818-5746-0166,CONCESSION_ACCRUAL,21,974,2026-08-18T01:57:09+08:00
d5092e47-2d86-4507-a5e2-47253b0ac4e5,M-1214,ORD-20260817-8466-0167,CONCESSION_ACCRUAL,23,111,2026-08-17T22:41:31+08:00
d1edb870-5914-4ff2-9201-155d11b10583,M-2184,ORD-20260817-4468-0168,CONCESSION_ACCRUAL,12,37,2026-08-17T04:47:23+08:00
d6440dad-9077-4731-ac7f-26c9eca8b22f,M-1637,ORD-20260817-5308-0169,CONCESSION_ACCRUAL,11,1589,2026-08-17T22:45:09+08:00
a1dec8fc-6798-4e43-b0e3-b9a0626eae83,M-2091,ORD-20260817-2653-0170,CONCESSION_ACCRUAL,38,167,2026-08-17T23:06:52+08:00
9daa5475-6502-41af-9479-fcfccbc815cb,M-1035,ORD-20260817-1936-0171,CONCESSION_ACCRUAL,33,152,2026-08-17T20:40:18+08:00
7807e66e-7f87-4da3-b009-53c8dff38cc0,M-1332,ORD-20260817-1957-0172,CONCESSION_ACCRUAL,23,305,2026-08-17T18:16:20+08:00
633f5e54-2ce6-4915-93e8-c1eacda673d6,M-1342,ORD-20260817-7020-0173,CONCESSION_ACCRUAL,11,270,2026-08-17T23:50:44+08:00
6cfca1fb-486c-4c45-9905-7f47df29fc99,M-1721,ORD-20260817-7939-0174,CONCESSION_ACCRUAL,16,530,2026-08-17T14:18:52+08:00
eeba8d86-2b50-4dd9-bda6-48a63c9517c6,M-1720,ORD-20260817-1112-0175,CONCESSION_ACCRUAL,22,534,2026-08-17T22:19:41+08:00
968a027e-df27-427f-a7b5-a50a75a0954d,M-1040,ORD-20260817-9394-0176,CONCESSION_ACCRUAL,8,729,2026-08-17T13:02:25+08:00
6ce119a8-5d06-4a65-b556-c982b63b3ea2,M-1147,ORD-20260817-3906-0177,CONCESSION_ACCRUAL,15,505,2026-08-17T21:54:48+08:00
20f383a4-a97a-48bc-8cf0-e14ed1afba9c,M-1542,ORD-20260817-1865-0178,CONCESSION_ACCRUAL,24,272,2026-08-17T21:59:38+08:00
ed6bdc25-020d-4e41-9361-1e61887a8edb,M-1829,ORD-20260818-6763-0179,CONCESSION_ACCRUAL,39,245,2026-08-18T02:23:57+08:00
53992e40-0d98-4b6b-922e-c7b1b13895b0,M-1856,ORD-20260817-5495-0180,CONCESSION_ACCRUAL,30,116,2026-08-17T22:30:21+08:00
8ee4e355-39f4-4dc5-a4c8-0f183c50bf61,M-1157,ORD-20260817-7817-0181,CONCESSION_ACCRUAL,30,235,2026-08-17T20:59:17+08:00
f9605b3f-fd88-496e-9a46-d148c875f6d5,M-1531,ORD-20260817-3967-0182,CONCESSION_ACCRUAL,18,380,2026-08-17T21:16:25+08:00
12529e6f-1d2c-4617-8665-e9add4878235,M-1053,ORD-20260817-2045-0183,CONCESSION_ACCRUAL,11,454,2026-08-17T18:02:37+08:00
fca85fa2-e2f1-4e99-b4b3-ca2abdc90019,M-1389,ORD-20260817-1603-0184,CONCESSION_ACCRUAL,18,448,2026-08-17T18:11:58+08:00
d9512214-42ec-4bf4-9db2-86ab8e5d8beb,M-1752,ORD-20260818-9894-0185,CONCESSION_ACCRUAL,9,2706,2026-08-18T02:58:00+08:00
d823ee0d-f46e-401a-99f3-6feb5c8cec8f,M-1476,ORD-20260817-7504-0186,CONCESSION_ACCRUAL,4,167,2026-08-17T22:55:18+08:00
a5b93684-4ca6-48f8-95f1-0c98f76bf833,M-1695,ORD-20260817-9475-0187,CONCESSION_ACCRUAL,10,147,2026-08-17T18:18:11+08:00
c816bace-d59c-4816-9eb4-35b45c24943f,M-1568,ORD-20260817-9431-0188,CONCESSION_ACCRUAL,18,336,2026-08-17T23:46:45+08:00
0f7e4730-948a-4b55-936c-06869cc36e1d,M-1421,ORD-20260817-2420-0189,CONCESSION_ACCRUAL,20,595,2026-08-17T21:17:52+08:00
d4a45f0c-0a09-4acc-b069-a3a0b432a27b,M-1505,ORD-20260817-8729-0190,CONCESSION_ACCRUAL,8,183,2026-08-17T15:05:05+08:00
f0552c82-123f-4f3c-9785-ee6e10d73f14,M-1225,ORD-20260817-9266-0191,CONCESSION_ACCRUAL,14,181,2026-08-17T23:38:51+08:00
53a17e66-840f-4dda-8f60-4990f07df3b8,M-1166,ORD-20260818-6891-0192,CONCESSION_ACCRUAL,19,65,2026-08-18T01:46:10+08:00
1403162e-1e19-4742-89d9-5b08ae83020e,M-1245,ORD-20260817-3647-0193,CONCESSION_ACCRUAL,16,121,2026-08-17T20:13:41+08:00
4ea57bcd-57ed-4aaa-a70c-14527514c5be,M-1991,ORD-20260818-2613-0194,CONCESSION_ACCRUAL,17,152,2026-08-18T01:28:00+08:00
c380b181-725b-4b17-b5eb-4547881660f2,M-1117,ORD-20260817-3043-0195,CONCESSION_ACCRUAL,30,258,2026-08-17T20:39:32+08:00
3985805c-2ae7-47f9-b061-543a0084a316,M-1148,ORD-20260817-7234-0196,CONCESSION_ACCRUAL,35,221,2026-08-17T16:19:28+08:00
d1d077f1-7090-4f5b-8c75-3c538f0b0614,M-1392,ORD-20260817-3560-0197,CONCESSION_ACCRUAL,4,786,2026-08-17T16:47:52+08:00
7aec09de-d414-4624-9f34-5683f08d13fd,M-2005,ORD-20260817-3258-0198,CONCESSION_ACCRUAL,9,365,2026-08-17T19:39:08+08:00
fd178e4c-3056-4496-ab4a-46ac9780846e,M-1987,ORD-20260817-2834-0199,CONCESSION_ACCRUAL,16,49,2026-08-17T18:26:37+08:00
b3700481-4470-4d5b-b6d4-a8db7e9d7c1a,M-1929,ORD-20260818-3030-0200,CONCESSION_ACCRUAL,17,139,2026-08-18T00:51:10+08:00
0e8fabe4-c706-4660-bbe2-637b0bb3edcf,M-1405,ORD-20260817-5218-0201,CONCESSION_ACCRUAL,11,140,2026-08-17T15:54:56+08:00
e46a6367-9a36-4f34-a278-b2839d452a52,M-1582,ORD-20260817-7055-0202,CONCESSION_ACCRUAL,23,601,2026-08-17T18:04:49+08:00
0c8c4b6f-b55d-4e1d-97c8-d56a60e12365,M-2148,ORD-20260818-9418-0203,CONCESSION_ACCRUAL,18,297,2026-08-18T01:13:26+08:00
297b97f2-8a38-48eb-9ef8-c8c4ce1fe53a,M-1661,ORD-20260818-5839-0204,CONCESSION_ACCRUAL,13,2748,2026-08-18T00:27:05+08:00
f57d8e91-efc1-4587-b0d9-f4eb1740b1c1,M-1413,ORD-20260817-6673-0205,CONCESSION_ACCRUAL,26,234,2026-08-17T15:17:58+08:00
75edb229-90f6-4a98-9d25-e5aa6ea833e4,M-1013,ORD-20260817-2128-0206,CONCESSION_ACCRUAL,8,218,2026-08-17T20:03:26+08:00
16c03dde-7f01-465c-9982-8e566495ab22,M-2038,ORD-20260817-4315-0207,CONCESSION_ACCRUAL,16,57,2026-08-17T15:35:04+08:00
1ee50920-fcb3-42b5-9220-5b59dae39f37,M-1074,ORD-20260817-1293-0208,CONCESSION_ACCRUAL,16,294,2026-08-17T20:42:21+08:00
94bffb50-b696-4883-b482-e2b7fcf44b71,M-1946,ORD-20260817-1320-0209,CONCESSION_ACCRUAL,19,206,2026-08-17T18:10:32+08:00
939bed23-f580-4510-8a7f-22e20904a503,M-1370,ORD-20260817-7164-0210,CONCESSION_ACCRUAL,20,596,2026-08-17T21:22:22+08:00
2f271a8b-d1d0-49c5-ab6d-1654902a2cae,M-1455,ORD-20260817-1415-0211,CONCESSION_ACCRUAL,27,507,2026-08-17T21:47:07+08:00
935f6b5e-3157-4b21-998b-c06a74f186e2,M-1545,ORD-20260818-7908-0212,CONCESSION_ACCRUAL,25,402,2026-08-18T01:37:36+08:00
28e8d4c6-2325-4998-a65e-78923b741f01,M-1464,ORD-20260817-8849-0213,CONCESSION_ACCRUAL,22,321,2026-08-17T21:52:45+08:00
6fca7993-f840-4f9e-ada8-f90a9e224284,M-1038,ORD-20260818-3562-0214,CONCESSION_ACCRUAL,27,91,2026-08-18T01:29:44+08:00
db26cd3e-c89c-4b42-95f0-8bce2f8ad334,M-1257,ORD-20260818-6709-0215,CONCESSION_ACCRUAL,10,257,2026-08-18T00:39:26+08:00
655e9a86-f8a1-4be9-a958-2ff1c64feb3d,M-1689,ORD-20260818-8069-0216,CONCESSION_ACCRUAL,11,335,2026-08-18T00:49:04+08:00
171acdb1-4a78-45b8-a3d2-6f616fcb9793,M-1154,ORD-20260818-8647-0217,CONCESSION_ACCRUAL,45,475,2026-08-18T06:37:57+08:00
b98d4190-cd33-4f9a-8350-549aff591d93,M-2102,ORD-20260817-2843-0218,CONCESSION_ACCRUAL,15,27,2026-08-17T18:14:00+08:00
79e3db50-d7a8-4b3d-8543-becf595786ba,M-1783,ORD-20260817-3203-0219,CONCESSION_ACCRUAL,8,745,2026-08-17T15:48:00+08:00
7210c825-e78c-4b0a-b143-8c61cdf293e2,M-1134,ORD-20260817-6863-0220,CONCESSION_ACCRUAL,21,181,2026-08-17T09:20:00+08:00
ad4c27f2-7e47-4eb5-8c18-4a78c0ae8216,M-1963,ORD-20260817-7308-0221,CONCESSION_ACCRUAL,6,68,2026-08-17T21:42:00+08:00
f95cf676-e31d-4bc2-ba2c-ce098194437d,M-1635,ORD-20260817-4323-0222,CONCESSION_ACCRUAL,11,92,2026-08-17T12:19:00+08:00
2e6949a7-ea9f-435d-be91-7dc67c2043c8,M-1388,ORD-20260817-2807-0223,CONCESSION_ACCRUAL,11,260,2026-08-17T12:12:00+08:00
bcec8469-cc5c-4b83-84c7-b08f87595042,M-1185,ORD-20260817-2117-0224,CONCESSION_ACCRUAL,8,306,2026-08-17T11:56:00+08:00
697976c8-2b99-4740-ae8c-61a9fee888c9,M-1792,ORD-20260817-7690-0225,CONCESSION_ACCRUAL,18,2017,2026-08-17T13:53:00+08:00
76858a69-cadf-4fb0-a6d3-1c9a22e2af16,M-1733,ORD-20260817-9974-0226,CONCESSION_ACCRUAL,9,68,2026-08-17T14:45:00+08:00
de00bbc6-6fbc-4628-acd8-53ef74c67c10,M-1509,ORD-20260817-3015-0227,CONCESSION_ACCRUAL,9,497,2026-08-17T20:12:00+08:00
1cdb932c-786f-4dd2-80e6-140d89bf87cd,M-1614,ORD-20260817-4009-0228,CONCESSION_ACCRUAL,21,434,2026-08-17T14:00:00+08:00
b3c45ac3-88c4-4340-b797-f811df94b497,M-1314,ORD-20260817-4669-0229,CONCESSION_ACCRUAL,16,428,2026-08-17T21:38:00+08:00
e91f01f2-8ec9-44a4-abc6-223743071614,M-1898,ORD-20260817-3296-0230,CONCESSION_ACCRUAL,9,200,2026-08-17T10:11:00+08:00
b019f0cf-ff95-4ec0-8571-ea53ed2a620f,M-1720,ORD-20260817-2161-0231,CONCESSION_ACCRUAL,8,542,2026-08-17T10:21:00+08:00
2b011dc0-790f-494d-82cc-533a9582ed8b,M-1179,ORD-20260817-8312-0232,CONCESSION_ACCRUAL,23,111,2026-08-17T11:19:00+08:00
499e9d4b-909a-4b68-80ae-f6dc202eae05,M-1154,ORD-20260817-1794-0233,CONCESSION_ACCRUAL,8,483,2026-08-17T13:30:00+08:00
edb21344-e7ae-42e8-a5a7-b423989c697c,M-1773,ORD-20260817-4328-0234,CONCESSION_ACCRUAL,23,76,2026-08-17T12:26:00+08:00
787c7275-4c81-4096-9fa0-479171eea297,M-1455,ORD-20260817-2088-0235,CONCESSION_ACCRUAL,11,518,2026-08-17T21:54:00+08:00
14389841-edcc-43cc-9f1b-e8ba4439d0b8,M-1311,ORD-20260817-2213-0236,CONCESSION_ACCRUAL,9,237,2026-08-17T18:40:00+08:00
53556d32-1687-4ae8-a10c-1ba8cace924e,M-1087,ORD-20260817-2400-0237,CONCESSION_ACCRUAL,32,1188,2026-08-17T09:49:00+08:00
a1625e87-9527-4e9d-bde9-a12d5cfc039f,M-2018,ORD-20260817-7225-0238,CONCESSION_ACCRUAL,11,418,2026-08-17T16:19:00+08:00
bfaa8b73-e9d0-4d26-8b7d-f7bb24821c16,M-1086,ORD-20260817-8306-0239,CONCESSION_ACCRUAL,19,153,2026-08-17T15:02:00+08:00
c83e7279-5ac0-4b9a-8a15-edb209156945,M-1484,ORD-20260817-1326-0240,CONCESSION_ACCRUAL,8,423,2026-08-17T12:34:00+08:00
e4836f43-d9f2-4f56-a245-470e49156677,M-1228,ORD-20260817-6402-0241,CONCESSION_ACCRUAL,16,122,2026-08-17T21:15:00+08:00
a66fe092-0a10-4361-920f-329ca8091592,M-2166,ORD-20260817-1151-0242,CONCESSION_ACCRUAL,14,131,2026-08-17T18:48:00+08:00
42e938de-cdd6-470e-a074-2d1ca3426b81,M-2166,TIER_UPGRADE_Standard_TO_Silver,TIER_BONUS,50,181,2026-08-17T18:48:00+08:00
e6cff8da-f0f7-4d6f-8256-b9c24029018f,M-1984,ORD-20260817-7514-0243,CONCESSION_ACCRUAL,21,253,2026-08-17T22:27:00+08:00
6d87ddd4-f20a-4f81-83e9-06943f1bc32c,M-1268,ORD-20260817-2393-0244,CONCESSION_ACCRUAL,7,138,2026-08-17T15:34:00+08:00
d0074e01-ccea-472d-8467-0d53f3654915,M-1087,ORD-20260817-5798-0245,CONCESSION_ACCRUAL,30,1218,2026-08-17T13:48:00+08:00
e3bfe675-a9ad-48f9-a5f3-d059877c40d0,M-2024,ORD-20260817-6564-0246,CONCESSION_ACCRUAL,3,123,2026-08-17T13:58:00+08:00
11b9c113-3810-47a8-be72-593db2abeb59,M-1458,ORD-20260817-2733-0247,CONCESSION_ACCRUAL,16,54,2026-08-17T10:35:00+08:00
70fd01f2-da28-45c6-9df0-73b2fb668209,M-1117,ORD-20260817-3107-0248,CONCESSION_ACCRUAL,10,268,2026-08-17T13:36:00+08:00
05037ae4-a509-4fbe-9295-63a9db564e74,M-2036,ORD-20260817-9663-0249,CONCESSION_ACCRUAL,38,90,2026-08-17T13:16:00+08:00
a23e1659-eec1-45f1-ab9b-bb271259a8a6,M-2034,ORD-20260817-2091-0250,CONCESSION_ACCRUAL,3,43,2026-08-17T16:07:00+08:00
aee98fc0-b220-4dfb-92cd-22ccf7f10e68,M-1356,ORD-20260817-7614-0251,CONCESSION_ACCRUAL,13,876,2026-08-17T18:03:00+08:00
689a06bb-3af8-491c-a721-3c032aac52df,M-1387,ORD-20260817-5913-0252,CONCESSION_ACCRUAL,36,262,2026-08-17T19:57:00+08:00
4f339b5f-2749-4cc7-b67e-16cb05e2e76d,M-2142,ORD-20260817-6473-0253,CONCESSION_ACCRUAL,11,288,2026-08-17T21:23:00+08:00
0e1930e7-975c-4e1f-959f-f284e1db73f4,M-1657,ORD-20260817-4962-0254,CONCESSION_ACCRUAL,49,640,2026-08-17T14:05:00+08:00
c2f4ce30-fb6c-44f0-83aa-88913d9d6a27,M-1887,ORD-20260817-3968-0255,CONCESSION_ACCRUAL,12,94,2026-08-17T18:14:00+08:00
118c7a06-6991-4807-bdc9-dc155fd9da53,M-1827,ORD-20260817-9190-0256,CONCESSION_ACCRUAL,11,543,2026-08-17T10:28:00+08:00
3053be74-4d9c-4bb3-9f23-8b994c461b5a,M-1324,ORD-20260817-3616-0257,CONCESSION_ACCRUAL,15,123,2026-08-17T20:20:00+08:00
2dc4ffec-5ba5-42f6-af33-f76b717cf1f6,M-1456,ORD-20260817-7646-0258,CONCESSION_ACCRUAL,31,486,2026-08-17T10:14:00+08:00
32fd77b8-9238-4e5e-ae86-3ebc3395ac9b,M-1570,ORD-20260817-7779-0259,CONCESSION_ACCRUAL,38,634,2026-08-17T13:17:00+08:00
749a7c09-7885-4fa7-94a1-8ee2cb175bdc,M-2102,ORD-20260817-6254-0260,CONCESSION_ACCRUAL,3,30,2026-08-17T17:58:00+08:00
9da80d63-f9a7-4326-af17-ab7b41cc318c,M-2097,ORD-20260817-1526-0261,CONCESSION_ACCRUAL,6,107,2026-08-17T12:57:00+08:00
750ed606-f704-43d9-be83-cee17e641a94,M-1607,ORD-20260817-3493-0262,CONCESSION_ACCRUAL,35,517,2026-08-17T16:20:00+08:00
5ed43f16-dcf6-4a07-8380-97dedf1411d7,M-1341,ORD-20260817-6126-0263,CONCESSION_ACCRUAL,57,330,2026-08-17T10:45:00+08:00
f8460ce2-2327-4532-9c3f-2b7caea6960f,M-1569,ORD-20260817-7447-0264,CONCESSION_ACCRUAL,3,130,2026-08-17T18:05:00+08:00
7c4fb7f5-a680-42e0-a25f-582f60e47e53,M-1732,ORD-20260817-3359-0265,CONCESSION_ACCRUAL,22,219,2026-08-17T09:55:00+08:00
f831958c-ee60-490b-b413-71c0bc9705d9,M-1617,ORD-20260817-4267-0266,CONCESSION_ACCRUAL,10,62,2026-08-17T16:40:00+08:00
7fda3190-149e-4634-929a-d9a0830fdcdd,M-1300,ORD-20260817-7075-0267,CONCESSION_ACCRUAL,9,522,2026-08-17T21:03:00+08:00
ca3515ea-8dd1-442c-b437-0ea188f1f8c9,M-2096,ORD-20260817-3879-0268,CONCESSION_ACCRUAL,6,114,2026-08-17T11:26:00+08:00
134dba4d-55d1-4b6c-b44c-24392788a409,M-1214,ORD-20260817-8531-0269,CONCESSION_ACCRUAL,26,137,2026-08-17T12:00:00+08:00
8576db14-e0c8-4381-a286-eb1b8b20d736,M-1855,ORD-20260817-5837-0270,CONCESSION_ACCRUAL,6,75,2026-08-17T14:23:00+08:00
6ee98b1f-2b05-4c63-ba1b-767645362cca,M-2084,ORD-20260817-4357-0271,CONCESSION_ACCRUAL,45,479,2026-08-17T18:07:00+08:00
ab4dac3e-ecca-4316-b88e-906c8e6fc084,M-1077,ORD-20260817-1389-0272,CONCESSION_ACCRUAL,41,849,2026-08-17T19:03:00+08:00
9dc0b1da-c72f-44e2-87a4-471d6a517a62,M-1600,ORD-20260817-3478-0273,CONCESSION_ACCRUAL,38,96,2026-08-17T10:33:00+08:00
7a27a72e-0adf-4d8d-9195-3fc0d1fcf901,M-1311,ORD-20260817-1252-0274,CONCESSION_ACCRUAL,11,248,2026-08-17T22:25:00+08:00
107a80d3-d3a1-4dbc-ae03-1c9cdbf534b4,M-1098,ORD-20260817-3250-0275,CONCESSION_ACCRUAL,13,569,2026-08-17T15:52:00+08:00
a915ad01-1743-482f-a0a4-c175c6b9ebe0,M-1566,ORD-20260817-9570-0276,CONCESSION_ACCRUAL,27,480,2026-08-17T20:08:00+08:00
3a67f9b7-68ea-402c-85b1-7ef66a8ffd35,M-2080,ORD-20260817-2910-0277,CONCESSION_ACCRUAL,8,71,2026-08-17T14:21:00+08:00
af4bf6f3-22ba-434e-83ec-c309a97cab96,M-1821,ORD-20260817-1115-0278,CONCESSION_ACCRUAL,16,230,2026-08-17T11:28:00+08:00
0613a3f2-1241-47aa-a11a-ba6d124f37f6,M-1181,ORD-20260817-3920-0279,CONCESSION_ACCRUAL,8,262,2026-08-17T09:36:00+08:00
3941cb34-600e-4444-8fe8-426fc317aaa2,M-1619,ORD-20260817-6264-0280,CONCESSION_ACCRUAL,22,316,2026-08-17T20:06:00+08:00
e8d9854f-4537-41c3-a89a-cc288cab3212,M-2002,ORD-20260817-3273-0281,CONCESSION_ACCRUAL,11,196,2026-08-17T22:22:00+08:00
18983e14-51ec-4b06-9d74-c136dd5f0826,M-1555,ORD-20260817-2708-0282,CONCESSION_ACCRUAL,7,126,2026-08-17T16:30:00+08:00
b9cfe949-1833-4333-a0ee-4e49e145f670,M-1261,ORD-20260817-8493-0283,CONCESSION_ACCRUAL,3,150,2026-08-17T14:20:00+08:00
95f3f0a8-4593-4bf6-838e-3d8022e519ac,M-1484,ORD-20260817-8989-0284,CONCESSION_ACCRUAL,15,438,2026-08-17T16:54:00+08:00
009dce14-baec-423c-8ba0-10cdbcec6244,M-1680,ORD-20260817-8421-0285,CONCESSION_ACCRUAL,26,358,2026-08-17T19:38:00+08:00
6753d66b-452d-491f-8f49-97b8661fb567,M-1795,ORD-20260817-7216-0286,CONCESSION_ACCRUAL,8,323,2026-08-17T20:03:00+08:00
f6fdf9a8-9925-41e3-8e12-6c494af6e4a6,M-1824,ORD-20260817-5092-0287,CONCESSION_ACCRUAL,11,204,2026-08-17T14:49:00+08:00
e53f8ed1-a2f8-418d-9478-3f02e951f6c0,M-2027,ORD-20260817-1804-0288,CONCESSION_ACCRUAL,22,196,2026-08-17T16:11:00+08:00
4ecabd34-5327-4790-9463-e699aacd5023,M-2177,ORD-20260817-9790-0289,CONCESSION_ACCRUAL,15,131,2026-08-17T15:24:00+08:00
d4af60b1-20f4-4385-965a-72ef65f16c18,M-1321,ORD-20260817-8359-0290,CONCESSION_ACCRUAL,11,218,2026-08-17T12:48:00+08:00
