ledger_id,member_id,source_reference_id,transaction_type,points_delta,resulting_balance,created_at
b88feee5-2e88-4db4-ae6e-6409c2a38865,M-2061,SESS-20260815-4807-0000,RENTAL_ACCRUAL,10,132,2026-08-15T17:00:00+08:00
e0781c6b-7405-40a5-8a98-656f72596b9e,M-1068,SESS-20260815-6019-0001,RENTAL_ACCRUAL,18,79,2026-08-15T15:45:00+08:00
d948d00c-c3e8-4edb-ad75-c6b4393cef34,M-1470,SESS-20260815-3822-0002,RENTAL_REDEMPTION,-100,203,2026-08-15T14:00:00+08:00
9773722b-09a7-4b13-80a1-6e6ed037ac0e,M-1470,SESS-20260815-3822-0002,RENTAL_ACCRUAL,5,208,2026-08-15T16:00:00+08:00
22986167-747a-47a0-bca4-c300129473bd,M-1349,SESS-20260815-2489-0003,RENTAL_ACCRUAL,43,613,2026-08-15T17:15:00+08:00
d59dc64b-67d6-4de1-9df6-bd695ae9cd8d,M-1064,SESS-20260815-3841-0004,RENTAL_ACCRUAL,13,275,2026-08-15T11:30:00+08:00
591d4ebe-3e6a-426d-9dc6-28dea779421d,M-1520,SESS-20260815-2625-0005,RENTAL_ACCRUAL,30,946,2026-08-15T17:00:00+08:00
63ea0bdc-4292-4eb8-853e-ee232384d855,M-2070,SESS-20260815-7677-0006,RENTAL_ACCRUAL,15,136,2026-08-15T15:15:00+08:00
27abaf96-7745-452b-ae15-fccb059aa007,M-1111,SESS-20260815-3317-0007,RENTAL_ACCRUAL,11,214,2026-08-15T19:45:00+08:00
8ef6cfbd-2f57-4f90-82a4-ca4c501278da,M-1101,SESS-20260815-5146-0008,RENTAL_ACCRUAL,6,639,2026-08-15T21:15:00+08:00
fa24e0f4-ea91-48fc-9ad8-117f0d796f74,M-1090,SESS-20260815-4086-0009,RENTAL_ACCRUAL,6,232,2026-08-15T23:30:00+08:00
2247e821-0fe8-47e5-89b6-5d529c1b74f1,M-1024,SESS-20260815-5405-0010,RENTAL_ACCRUAL,16,334,2026-08-15T21:45:00+08:00
4dfd2be9-cbf1-425c-8e69-f420105d4475,M-1303,SESS-20260815-2413-0011,RENTAL_ACCRUAL,18,2539,2026-08-15T17:30:00+08:00
e371b3ff-16ee-4df3-b39a-cefd917173a2,M-1671,SESS-20260815-8794-0012,RENTAL_ACCRUAL,11,290,2026-08-15T21:30:00+08:00
e61b6972-823b-4068-9a21-c5221da9042f,M-1416,SESS-20260815-4858-0013,RENTAL_REDEMPTION,-100,2488,2026-08-15T20:45:00+08:00
bfe3e9e5-d220-4f40-9df9-a0099dac3fe5,M-1416,SESS-20260815-4858-0013,RENTAL_ACCRUAL,4,2492,2026-08-15T22:45:00+08:00
620ab0f5-1f81-4fac-b941-bc242604e7ba,M-1560,SESS-20260815-2978-0014,RENTAL_ACCRUAL,16,172,2026-08-15T14:00:00+08:00
9d9dd768-3bcc-4beb-a1ff-b802543a11b3,M-1318,SESS-20260815-1187-0015,RENTAL_REDEMPTION,-200,104,2026-08-15T08:15:00+08:00
994ca5d2-faf2-4508-bdca-54015379e5f6,M-1318,SESS-20260815-1187-0015,RENTAL_ACCRUAL,14,118,2026-08-15T11:15:00+08:00
7e0c36e3-5953-46b9-bd94-2da8ffea0a01,M-1187,SESS-20260815-9112-0016,RENTAL_ACCRUAL,18,481,2026-08-15T20:30:00+08:00
094f5913-0909-4813-b610-16c7002d8692,M-1528,SESS-20260815-4332-0017,RENTAL_REDEMPTION,-100,32,2026-08-15T23:30:00+08:00
9736afb4-c9d0-46ab-afcc-5836fb1c46e3,M-1528,SESS-20260815-4332-0017,RENTAL_ACCRUAL,11,43,2026-08-16T01:30:00+08:00
41c38933-db45-4b94-bb45-039562144a5a,M-2105,SESS-20260815-8119-0018,RENTAL_ACCRUAL,16,339,2026-08-16T00:15:00+08:00
a9a679d6-e49c-4081-8eb0-0a45165f0cf9,M-1341,SESS-20260815-5842-0019,RENTAL_ACCRUAL,40,224,2026-08-15T17:00:00+08:00
ea31bb95-6bb3-45a9-889f-257a9638206a,M-1546,SESS-20260815-9570-0020,RENTAL_ACCRUAL,5,327,2026-08-15T16:30:00+08:00
739eff28-1aa9-4d2f-9391-71efe9e2d854,M-1301,SESS-20260815-4663-0021,RENTAL_REDEMPTION,-100,1,2026-08-15T19:45:00+08:00
651637a3-024c-48bc-8652-e03d8ad8b5bd,M-1301,SESS-20260815-4663-0021,RENTAL_ACCRUAL,10,11,2026-08-15T22:45:00+08:00
34e59aff-2409-47c8-afc2-02adb3dab3f7,M-1854,SESS-20260815-6187-0022,RENTAL_ACCRUAL,45,292,2026-08-16T01:45:00+08:00
563f2021-a07e-45cd-b6b2-7a68ce7d7288,M-1799,SESS-20260815-7122-0023,RENTAL_REDEMPTION,-100,310,2026-08-15T02:35:00+08:00
2ab354b0-8f96-4970-8c72-d012c0b81966,M-1799,SESS-20260815-7122-0023,RENTAL_ACCRUAL,5,315,2026-08-15T04:35:00+08:00
e0a36298-c51f-42ee-a01b-409dd84dec1d,M-1516,SESS-20260815-6631-0024,RENTAL_ACCRUAL,11,527,2026-08-15T18:00:00+08:00
695cadc1-af2b-4c91-8db7-1dc5a50c8865,M-1258,SESS-20260815-1738-0025,RENTAL_ACCRUAL,27,510,2026-08-16T01:00:00+08:00
daaaa5dc-52cd-4693-881e-95767bcc241d,M-1388,SESS-20260815-2716-0026,RENTAL_ACCRUAL,40,211,2026-08-15T22:45:00+08:00
ecb5289a-ffba-44c8-9f21-209107bdc037,M-1490,SESS-20260815-7008-0027,RENTAL_ACCRUAL,16,280,2026-08-15T20:00:00+08:00
45ef2d37-87f7-4165-989d-f322582457bc,M-1465,SESS-20260815-1570-0028,RENTAL_ACCRUAL,30,678,2026-08-16T03:55:00+08:00
3e074188-f778-4dcc-b3f1-9d3625190586,M-1174,SESS-20260815-2881-0029,RENTAL_ACCRUAL,28,279,2026-08-15T23:15:00+08:00
be10a3d9-4581-4825-b068-90a947986f46,M-1771,SESS-20260815-2726-0030,RENTAL_ACCRUAL,18,139,2026-08-15T19:30:00+08:00
cffa268a-0e2e-4fe4-b754-a4d0ae5255c1,M-1497,SESS-20260815-7434-0031,RENTAL_ACCRUAL,45,885,2026-08-15T18:45:00+08:00
902712ba-a57b-4c7c-8ca8-549354ee4671,M-1862,SESS-20260815-5914-0032,RENTAL_REDEMPTION,-200,10,2026-08-15T16:00:00+08:00
eec3e39e-8665-45f8-b67f-60f39fb95630,M-1862,SESS-20260815-5914-0032,RENTAL_ACCRUAL,5,15,2026-08-15T18:00:00+08:00
6aa74347-dff2-44fb-abf9-919a9d23314b,M-1192,SESS-20260815-1451-0033,RENTAL_ACCRUAL,108,281,2026-08-16T06:15:00+08:00
448c9582-2aca-4da2-bb98-3a30627cb99f,M-1235,SESS-20260815-4785-0034,RENTAL_REDEMPTION,-100,104,2026-08-15T21:15:00+08:00
776ae1a4-298a-42c6-995d-20acdd8e4f02,M-1235,SESS-20260815-4785-0034,RENTAL_ACCRUAL,4,108,2026-08-15T23:15:00+08:00
afc5efc5-99cd-42e2-b2a1-4efe169187f9,M-1050,SESS-20260815-9605-0035,RENTAL_ACCRUAL,27,378,2026-08-15T16:15:00+08:00
df9cf948-e313-4645-86d3-6041ca2801b8,M-1977,SESS-20260815-9472-0036,RENTAL_REDEMPTION,-200,35,2026-08-15T10:15:00+08:00
62fda051-cb63-4ff1-a7bf-d5498d418584,M-1977,SESS-20260815-9472-0036,RENTAL_ACCRUAL,5,40,2026-08-15T12:15:00+08:00
d47a4125-72c6-4c3a-be20-c117a464243c,M-1912,SESS-20260815-9259-0037,RENTAL_ACCRUAL,13,410,2026-08-15T20:15:00+08:00
b22b6123-8781-4f0d-92d3-9f889c3a0699,M-1614,SESS-20260815-9199-0038,RENTAL_REDEMPTION,-100,264,2026-08-15T11:15:00+08:00
e496ce32-25fa-4822-8f3f-62724a9ce065,M-1614,SESS-20260815-9199-0038,RENTAL_ACCRUAL,65,329,2026-08-15T19:15:00+08:00
a5f105c3-8533-4b2e-9426-60c153b351e6,M-1270,SESS-20260815-8537-0039,RENTAL_ACCRUAL,18,1352,2026-08-16T00:00:00+08:00
c4616f69-da6d-4b20-9819-125a92489c49,M-2150,SESS-20260815-7507-0040,RENTAL_ACCRUAL,60,99,2026-08-16T02:30:00+08:00
374843d4-9446-4f63-bf0f-0bbfa75c64d6,M-1967,SESS-20260815-5490-0041,RENTAL_ACCRUAL,16,92,2026-08-15T20:15:00+08:00
94757ee7-bb20-4475-bb98-f7aa34871795,M-1333,SESS-20260815-6462-0042,RENTAL_ACCRUAL,9,199,2026-08-15T11:30:00+08:00
f81c2ccd-0335-4d72-9922-4555223ec33d,M-1552,SESS-20260815-2630-0043,RENTAL_ACCRUAL,40,313,2026-08-15T08:00:00+08:00
29449f42-dec0-4eef-8ff0-89da95cf022f,M-1368,SESS-20260815-3615-0044,RENTAL_ACCRUAL,11,256,2026-08-15T22:15:00+08:00
7a7ee723-dd64-45e7-b95f-4ab125dec027,M-1008,SESS-20260815-5974-0045,RENTAL_REDEMPTION,-200,22,2026-08-15T18:00:00+08:00
f43b2e0a-e259-435c-b323-9464ac783c3e,M-1008,SESS-20260815-5974-0045,RENTAL_ACCRUAL,32,54,2026-08-15T23:00:00+08:00
7ffe56dc-93c7-4296-be06-ad0d49296373,M-1458,SESS-20260815-5986-0046,RENTAL_REDEMPTION,-100,18,2026-08-15T13:15:00+08:00
ceb026b8-c270-4e73-8c8d-99ad3a2b6a2c,M-1458,SESS-20260815-5986-0046,RENTAL_ACCRUAL,5,23,2026-08-15T15:15:00+08:00
54d8a1f8-8c49-4069-a336-58b78452a247,M-1005,SESS-20260815-7252-0047,RENTAL_REDEMPTION,-100,21,2026-08-15T12:00:00+08:00
cdb46005-123b-469a-a890-da9c1e6606ff,M-1005,SESS-20260815-7252-0047,RENTAL_ACCRUAL,11,32,2026-08-15T14:00:00+08:00
567bd81e-531e-4577-9fac-40a81f67aced,M-1774,SESS-20260815-2434-0048,RENTAL_ACCRUAL,18,366,2026-08-15T20:45:00+08:00
62d9d2e1-ac53-41d9-a6f7-a5b13f3673ac,M-1117,SESS-20260815-8071-0049,RENTAL_ACCRUAL,28,368,2026-08-15T23:05:00+08:00
d0412d35-5a76-4792-aa3c-4d7f26a2304e,M-1335,SESS-20260815-4707-0050,RENTAL_ACCRUAL,27,339,2026-08-16T00:45:00+08:00
435014e6-9e1e-4517-965f-19249d466bef,M-1574,SESS-20260815-5681-0051,RENTAL_ACCRUAL,11,113,2026-08-15T20:00:00+08:00
ed8e0e70-4084-467e-8c3a-bfb01ae5fd74,M-1861,SESS-20260815-2082-0052,RENTAL_ACCRUAL,10,131,2026-08-15T16:45:00+08:00
3ea548b9-9370-4031-9027-855c9d4077a3,M-1440,SESS-20260815-8777-0053,RENTAL_ACCRUAL,18,357,2026-08-15T20:45:00+08:00
6040de23-b994-4cd4-8e9c-f67c673ae5c7,M-1422,SESS-20260815-7715-0054,RENTAL_ACCRUAL,16,338,2026-08-15T21:15:00+08:00
0c978156-a4a2-4545-a676-3266838fd3cc,M-1826,SESS-20260815-8600-0055,RENTAL_ACCRUAL,16,193,2026-08-16T00:45:00+08:00
f118691b-9e84-4d57-b009-dc0250257ef3,M-1035,SESS-20260815-7944-0056,RENTAL_REDEMPTION,-200,40,2026-08-15T08:30:00+08:00
9bc1bc50-f4b5-4291-b605-3815336f876b,M-1035,SESS-20260815-7944-0056,RENTAL_ACCRUAL,15,55,2026-08-15T13:30:00+08:00
0c037754-6388-477d-b32c-ab36497b9448,M-1347,SESS-20260815-8700-0057,RENTAL_ACCRUAL,28,3237,2026-08-15T14:45:00+08:00
1e098de0-db79-4f07-abdb-73b57ae35c8f,M-1631,SESS-20260815-6098-0058,RENTAL_ACCRUAL,45,182,2026-08-16T00:30:00+08:00
d65bd5f2-27c7-4afb-9605-9792c7605bde,M-1584,SESS-20260815-5372-0059,RENTAL_REDEMPTION,-200,100,2026-08-15T06:45:00+08:00
d7cc174b-1a66-4432-b774-06ce070e0267,M-1584,SESS-20260815-5372-0059,RENTAL_ACCRUAL,14,114,2026-08-15T08:45:00+08:00
e3860705-6383-4ffb-b463-ad2acd787548,M-1788,SESS-20260815-3210-0060,RENTAL_ACCRUAL,11,491,2026-08-15T22:25:00+08:00
b83a4aba-5dc1-47ab-9389-ccede03b6674,M-1696,SESS-20260815-8892-0061,RENTAL_REDEMPTION,-200,759,2026-08-15T21:45:00+08:00
d056e871-fb85-4040-9ff2-be9ecd7bbe25,M-1696,SESS-20260815-8892-0061,RENTAL_ACCRUAL,13,772,2026-08-16T00:45:00+08:00
6ee8145a-b1d7-4fcf-9295-f34940b72031,M-1087,SESS-20260815-8780-0062,RENTAL_ACCRUAL,48,1156,2026-08-15T18:15:00+08:00
e29426c6-9f1f-479e-b16d-1d41c725dddc,M-1324,SESS-20260815-5644-0063,RENTAL_REDEMPTION,-100,61,2026-08-15T13:00:00+08:00
d84766e4-6002-40ce-a649-d63fe01fc480,M-1324,SESS-20260815-5644-0063,RENTAL_ACCRUAL,11,72,2026-08-15T15:00:00+08:00
060ac966-2c17-41e1-bf72-ae7112d15e1f,M-1726,SESS-20260815-6415-0064,RENTAL_REDEMPTION,-100,230,2026-08-15T17:30:00+08:00
7a474ef5-21ab-4af3-a764-d07e66c8d018,M-1726,SESS-20260815-6415-0064,RENTAL_ACCRUAL,34,264,2026-08-15T20:30:00+08:00
b231d0ab-7a60-47fb-87b4-e246efb59c8e,M-2000,SESS-20260815-7633-0065,RENTAL_ACCRUAL,11,422,2026-08-15T18:00:00+08:00
1abde53e-44c7-4ab4-8a53-2ef214e062f0,M-1311,SESS-20260815-3055-0066,RENTAL_ACCRUAL,11,360,2026-08-15T18:45:00+08:00
89b9b252-f511-4aea-a157-03eb8255ea63,M-1007,SESS-20260815-2125-0067,RENTAL_ACCRUAL,18,661,2026-08-15T06:45:00+08:00
a233cf8a-7b15-4b90-838b-050eec371d78,M-1582,SESS-20260815-2880-0068,RENTAL_ACCRUAL,16,533,2026-08-15T19:15:00+08:00
62ce304d-03f9-4bc2-9e19-481c103ed317,M-1018,SESS-20260815-9394-0069,RENTAL_ACCRUAL,27,78,2026-08-15T04:45:00+08:00
b8b327e3-6ee5-4493-bb4f-cc997786c4ab,M-1777,SESS-20260815-3188-0070,RENTAL_ACCRUAL,18,327,2026-08-15T22:15:00+08:00
cf4e5483-ba29-4271-aadb-19bbea6918aa,M-1219,SESS-20260815-5533-0071,RENTAL_ACCRUAL,28,205,2026-08-15T22:00:00+08:00
e233320b-8699-4c82-97f3-7db10862c1ba,M-1209,SESS-20260815-1286-0072,RENTAL_ACCRUAL,6,393,2026-08-15T22:20:00+08:00
d0387ac3-6f31-4511-9d6e-4790630d03de,M-1076,SESS-20260815-7063-0073,RENTAL_REDEMPTION,-200,121,2026-08-15T23:00:00+08:00
1aed0329-aadb-45c1-8768-178107be1607,M-1076,SESS-20260815-7063-0073,RENTAL_ACCRUAL,5,126,2026-08-16T01:00:00+08:00
118b9dcd-9901-4fbd-a250-695c3c4232cf,M-2194,SESS-20260815-1629-0074,RENTAL_ACCRUAL,10,160,2026-08-16T00:15:00+08:00
c48e31c7-c4f6-4749-aa85-c73c780e7af7,M-2058,SESS-20260815-8607-0075,RENTAL_ACCRUAL,10,104,2026-08-16T00:50:00+08:00
8fabe2c2-fb68-4ba6-800d-894eb989a2a1,M-2095,SESS-20260815-8458-0076,RENTAL_ACCRUAL,40,303,2026-08-15T22:00:00+08:00
85db9c5b-8f94-4ef4-a331-e2e6abf13ef7,M-2127,SESS-20260815-2772-0077,RENTAL_REDEMPTION,-100,22,2026-08-15T19:00:00+08:00
8ff14217-4c3c-45b1-8b1a-aa01091ea4fb,M-2127,SESS-20260815-2772-0077,RENTAL_ACCRUAL,20,42,2026-08-16T00:00:00+08:00
55f37057-0eee-4bf0-86df-e51aa0454696,M-1683,SESS-20260815-9589-0078,RENTAL_ACCRUAL,12,1174,2026-08-15T21:15:00+08:00
bcba14db-ce32-4663-af88-2a9100cb507f,M-2036,SESS-20260815-2611-0079,RENTAL_ACCRUAL,9,52,2026-08-15T15:45:00+08:00
3ea02bb2-dbee-4154-b0ea-2a6efb77dbfd,M-1234,SESS-20260815-4666-0080,RENTAL_ACCRUAL,18,192,2026-08-15T17:00:00+08:00
ca6fbad3-298e-4ada-82b6-750e52ad1a65,M-2196,SESS-20260815-4384-0081,RENTAL_ACCRUAL,5,327,2026-08-15T21:00:00+08:00
24f62ee2-9a25-4c18-8c56-f6c290328797,M-1770,SESS-20260815-7822-0082,RENTAL_ACCRUAL,9,291,2026-08-15T16:30:00+08:00
c3005dc9-5b5b-4e2c-a9c1-933ea78412ae,M-1762,SESS-20260815-1175-0083,RENTAL_ACCRUAL,45,163,2026-08-15T13:10:00+08:00
edffdf80-47ca-45a6-be62-b994c55d5d8c,M-1341,SESS-20260815-1255-0084,RENTAL_ACCRUAL,16,240,2026-08-16T01:45:00+08:00
4ec42164-b09e-407b-9cdf-40bea7037a11,M-1248,SESS-20260815-8506-0085,RENTAL_REDEMPTION,-100,71,2026-08-15T15:45:00+08:00
2017f97d-7ead-4bf5-818f-2033342768bd,M-1248,SESS-20260815-8506-0085,RENTAL_ACCRUAL,20,91,2026-08-15T18:45:00+08:00
37cfe03a-6f82-4338-bded-bf8351bf4397,M-2115,SESS-20260815-7904-0086,RENTAL_ACCRUAL,12,93,2026-08-15T12:45:00+08:00
3f6bb503-f38e-441d-aeb6-d26a815c9da1,M-1119,SESS-20260815-4323-0087,RENTAL_REDEMPTION,-100,392,2026-08-15T21:25:00+08:00
f26bc876-041c-42a9-8493-ef9f4d3f2c86,M-1119,SESS-20260815-4323-0087,RENTAL_ACCRUAL,5,397,2026-08-15T23:25:00+08:00
34c7673d-46ea-44c5-8cb3-8044e632061d,M-1930,SESS-20260815-1220-0088,RENTAL_ACCRUAL,11,123,2026-08-16T01:40:00+08:00
2c4be249-dead-41a2-99e3-c7a3be95b16e,M-1345,SESS-20260815-7799-0089,RENTAL_ACCRUAL,45,631,2026-08-16T01:45:00+08:00
f44597ea-fa08-4380-b30a-58efbea0ecfc,M-1563,SESS-20260815-8298-0090,RENTAL_ACCRUAL,40,410,2026-08-15T20:25:00+08:00
7cad10f3-1444-4d42-84a8-7853b92cfa02,M-1001,SESS-20260815-7296-0091,RENTAL_ACCRUAL,11,509,2026-08-16T00:00:00+08:00
7109085c-1511-4ec2-bb4c-c37f96e5c299,M-1692,SESS-20260815-2457-0092,RENTAL_ACCRUAL,28,2233,2026-08-16T00:15:00+08:00
a6486d18-b0dc-4d9d-b54d-eab22c132be5,M-2184,SESS-20260815-1674-0093,RENTAL_ACCRUAL,24,106,2026-08-15T20:30:00+08:00
c80652e9-c45d-4ef2-b359-e1334dd20a97,M-1699,SESS-20260815-7646-0094,RENTAL_REDEMPTION,-100,24,2026-08-15T13:30:00+08:00
b6ed8b98-3ea2-4ecc-8106-e4a4180661e9,M-1699,SESS-20260815-7646-0094,RENTAL_ACCRUAL,38,62,2026-08-15T18:30:00+08:00
e5dfeddc-08cc-49a9-ba26-fa7ff8c11563,M-1149,SESS-20260815-3713-0095,RENTAL_ACCRUAL,5,256,2026-08-15T20:45:00+08:00
80ca1ac6-5678-49aa-98d0-07e87357ebe5,M-1834,SESS-20260815-8516-0096,RENTAL_ACCRUAL,5,255,2026-08-16T00:15:00+08:00
b6081fb0-9931-4660-92b3-1ff435125f37,M-1835,SESS-20260815-5765-0097,RENTAL_REDEMPTION,-100,98,2026-08-15T17:30:00+08:00
20fb26b3-35a8-4846-9874-38936e175978,M-1835,SESS-20260815-5765-0097,RENTAL_ACCRUAL,21,119,2026-08-15T22:30:00+08:00
354542c6-a63d-4d6c-939c-ee44a8ea43cd,M-1412,SESS-20260815-5055-0098,RENTAL_ACCRUAL,13,469,2026-08-15T14:45:00+08:00
d977bab3-0f2a-4a83-93e3-e52d8f1714b0,M-1725,SESS-20260815-1733-0099,RENTAL_ACCRUAL,5,29,2026-08-15T22:00:00+08:00
a316ebc0-5ea5-474e-8d43-dd6a278f3172,M-1275,SESS-20260815-8722-0100,RENTAL_ACCRUAL,9,211,2026-08-15T18:45:00+08:00
aec87ce4-90fc-4c61-a944-d8cc6c32ace2,M-1342,SESS-20260815-7017-0101,RENTAL_ACCRUAL,5,254,2026-08-15T17:30:00+08:00
11d77420-25ee-40e9-80d3-b00d5f3ca595,M-1592,SESS-20260815-7473-0102,RENTAL_ACCRUAL,6,283,2026-08-15T16:15:00+08:00
710a28ce-6456-4fea-99f8-35d75a558648,M-1343,SESS-20260815-5185-0103,RENTAL_ACCRUAL,27,188,2026-08-15T15:45:00+08:00
5eefbe23-5c98-4235-82d2-59ddc1bb575e,M-2034,SESS-20260815-1330-0104,RENTAL_REDEMPTION,-100,11,2026-08-15T16:00:00+08:00
f1bf881d-63dd-49bc-aec0-6e5cc4840fd1,M-2034,SESS-20260815-1330-0104,RENTAL_ACCRUAL,11,22,2026-08-15T18:00:00+08:00
0ba706e4-0cbe-4f61-80d4-89f5a0f36616,M-1125,SESS-20260815-2472-0105,RENTAL_ACCRUAL,16,670,2026-08-15T23:15:00+08:00
76238a9a-6a60-4502-ae6f-8d69439e793b,M-1300,SESS-20260815-1788-0106,RENTAL_ACCRUAL,6,504,2026-08-15T23:30:00+08:00
1b71ca88-95a4-4134-b39b-c4e8fd3a18dc,M-1787,SESS-20260815-4068-0107,RENTAL_ACCRUAL,11,226,2026-08-15T18:05:00+08:00
0b7d86f0-484d-420f-a8e9-15b697f14085,M-1060,SESS-20260815-5579-0108,RENTAL_ACCRUAL,11,51,2026-08-15T22:30:00+08:00
f665ff78-d593-48a8-a822-21658b06c169,M-2088,SESS-20260815-6837-0109,RENTAL_ACCRUAL,11,177,2026-08-15T22:00:00+08:00
adb3b2d6-9041-449b-9e3e-b313a9c0b8b5,M-2108,SESS-20260815-6780-0110,RENTAL_ACCRUAL,5,11,2026-08-16T00:00:00+08:00
0082e1b3-2dfe-4d9a-9438-1f7d3662159e,M-2044,SESS-20260815-6900-0111,RENTAL_ACCRUAL,11,293,2026-08-16T00:45:00+08:00
29144a70-cab5-460e-8bee-2ef19d7af3ae,M-1627,SESS-20260815-2868-0112,RENTAL_ACCRUAL,27,490,2026-08-15T09:30:00+08:00
04fa709f-429d-44c9-ab41-17a926d0bd11,M-2178,SESS-20260815-8076-0113,RENTAL_ACCRUAL,10,61,2026-08-15T19:00:00+08:00
7d325e01-702c-495b-bb05-d88e164efe8d,M-1838,SESS-20260815-9016-0114,RENTAL_ACCRUAL,5,495,2026-08-15T21:15:00+08:00
8060392a-42f6-40cc-8371-bc39bf917135,M-1339,SESS-20260815-9189-0115,RENTAL_ACCRUAL,11,139,2026-08-15T17:30:00+08:00
c2a3d3c2-1b4a-4d71-816b-93e5b6e08dd4,M-1479,SESS-20260815-4242-0116,RENTAL_ACCRUAL,12,2155,2026-08-15T13:00:00+08:00
9cefe430-3a4a-4836-a80f-552b845fc2f9,M-1820,SESS-20260815-9719-0117,RENTAL_REDEMPTION,-200,387,2026-08-15T22:25:00+08:00
6c3177b1-5d61-4386-9948-e719b77c287f,M-1820,SESS-20260815-9719-0117,RENTAL_ACCRUAL,32,419,2026-08-16T06:25:00+08:00
eb9669d1-30e7-43a9-9ccd-3d71e4e74e80,M-1776,SESS-20260815-8205-0118,RENTAL_REDEMPTION,-100,77,2026-08-15T23:45:00+08:00
72a1ba82-e275-439d-ae01-8f6f71ca9bf9,M-1776,SESS-20260815-8205-0118,RENTAL_ACCRUAL,21,98,2026-08-16T04:45:00+08:00
a44480cf-2cab-4e5f-bcc2-c0e9ecf224c6,M-1580,SESS-20260815-5110-0119,RENTAL_ACCRUAL,12,1038,2026-08-15T20:45:00+08:00
babc445d-2554-4bf9-84af-cfec69d4aba2,M-1404,SESS-20260815-5923-0120,RENTAL_ACCRUAL,27,97,2026-08-15T18:15:00+08:00
77a2df33-84d0-4e53-acbe-84c53ec3128a,M-2101,SESS-20260815-6947-0121,RENTAL_ACCRUAL,13,178,2026-08-15T13:00:00+08:00
fdc74368-b0b5-40f0-98b1-21aef618b30b,M-1524,SESS-20260815-5926-0122,RENTAL_ACCRUAL,27,448,2026-08-15T09:15:00+08:00
23e65a62-747a-4a5e-868b-03ae8de4b82c,M-1591,SESS-20260815-9547-0123,RENTAL_ACCRUAL,12,1664,2026-08-15T20:45:00+08:00
7f29dd47-140d-4cae-a1d7-955b27000378,M-1959,SESS-20260815-7861-0124,RENTAL_ACCRUAL,11,607,2026-08-15T22:50:00+08:00
7dedbb0a-0071-4ee7-a265-096d27f63d0c,M-1928,SESS-20260815-1120-0125,RENTAL_ACCRUAL,13,119,2026-08-15T19:15:00+08:00
8513b8b0-052d-45ad-835f-3c9580c52824,M-2005,SESS-20260815-2825-0126,RENTAL_ACCRUAL,45,335,2026-08-15T23:15:00+08:00
c7377430-57b0-4e94-8149-ada2b35403c6,M-1519,SESS-20260815-5097-0127,RENTAL_ACCRUAL,16,376,2026-08-16T02:05:00+08:00
d82d6af4-2e38-48e8-b6d6-549dbb845e6b,M-1864,SESS-20260815-5314-0128,RENTAL_ACCRUAL,28,410,2026-08-16T04:45:00+08:00
76d144ac-2ab9-4a1e-a099-d8fe4cb5f39d,M-1023,SESS-20260815-3497-0129,RENTAL_ACCRUAL,5,337,2026-08-15T09:30:00+08:00
adc2d31a-f176-4fd0-a34a-026dcadd21d2,M-2169,SESS-20260815-6194-0130,RENTAL_ACCRUAL,11,195,2026-08-15T19:45:00+08:00
849e7f27-0a67-4d4d-8c1a-47926885557c,M-1467,SESS-20260815-8077-0131,RENTAL_ACCRUAL,11,224,2026-08-15T11:45:00+08:00
b091e711-c8e0-4419-8fc1-d2dfb69dc6e6,M-1299,SESS-20260815-3986-0132,RENTAL_REDEMPTION,-300,16,2026-08-15T23:45:00+08:00
b225a23d-7492-439c-8650-52b117752b4d,M-1299,SESS-20260815-3986-0132,RENTAL_ACCRUAL,26,42,2026-08-16T04:45:00+08:00
253db45a-8f90-4bf8-a4bf-ebc432a3920f,M-1443,SESS-20260815-7309-0133,RENTAL_ACCRUAL,40,463,2026-08-15T21:15:00+08:00
562d3c34-996a-4dab-a014-fb4fd987e077,M-1257,SESS-20260815-1349-0134,RENTAL_ACCRUAL,16,199,2026-08-15T19:00:00+08:00
fe1c0c73-4cf2-4163-9a44-1bed58423fff,M-1794,SESS-20260815-9407-0135,RENTAL_ACCRUAL,13,85,2026-08-15T21:40:00+08:00
488cb83d-aa13-4f21-950d-fcf794e50bcf,M-1403,SESS-20260815-2293-0136,RENTAL_ACCRUAL,28,2586,2026-08-16T00:30:00+08:00
860cfd67-aac8-4c2f-852d-8d6cfaeda322,M-1513,SESS-20260815-3741-0137,RENTAL_ACCRUAL,28,161,2026-08-16T00:45:00+08:00
5604196b-3b37-4fac-b2ad-2ec77c061918,M-1750,SESS-20260815-7156-0138,RENTAL_ACCRUAL,45,311,2026-08-15T23:55:00+08:00
5dcf62dd-090a-4458-a602-5dcacec90342,M-2180,SESS-20260815-6486-0139,RENTAL_REDEMPTION,-100,20,2026-08-15T23:20:00+08:00
7e4c28a3-dcd7-42b3-b413-2becc34a0c19,M-2180,SESS-20260815-6486-0139,RENTAL_ACCRUAL,19,39,2026-08-16T02:20:00+08:00
8f8a63a7-ab0e-480c-a0af-dbdc70553b87,M-1711,SESS-20260815-3547-0140,RENTAL_ACCRUAL,16,384,2026-08-15T23:00:00+08:00
9f81d967-7109-419c-87ca-de8bc3fb5e90,M-1713,SESS-20260815-7861-0141,RENTAL_ACCRUAL,5,239,2026-08-15T22:00:00+08:00
ce8f323b-f57b-455d-9872-11f2cf8e4fb2,M-1968,SESS-20260815-5544-0142,RENTAL_ACCRUAL,11,256,2026-08-15T10:15:00+08:00
7b78bbd9-5df7-476a-838b-e79be8e7a6ba,M-1523,SESS-20260815-4302-0143,RENTAL_ACCRUAL,27,185,2026-08-15T17:15:00+08:00
1b151ed2-982f-427d-96de-32831138c1f5,M-1344,SESS-20260815-2141-0144,RENTAL_ACCRUAL,5,332,2026-08-15T22:45:00+08:00
98498f00-68f3-45a4-9227-19b2dded7f51,M-1478,SESS-20260815-8456-0145,RENTAL_REDEMPTION,-100,107,2026-08-15T19:30:00+08:00
1905558b-dda5-4ac6-b788-515f622b288a,M-1478,SESS-20260815-8456-0145,RENTAL_ACCRUAL,5,112,2026-08-15T21:30:00+08:00
0ec1c77f-dd25-4203-93f3-5e363016d6d3,M-1483,SESS-20260815-1327-0146,RENTAL_ACCRUAL,5,440,2026-08-15T17:00:00+08:00
6d965426-11d1-48a3-a8cf-af562e2eda51,M-1517,SESS-20260815-8104-0147,RENTAL_ACCRUAL,11,22,2026-08-16T01:25:00+08:00
d9666e86-ccea-42fb-b98e-702d4426f820,M-1476,SESS-20260815-2138-0148,RENTAL_REDEMPTION,-100,97,2026-08-15T17:10:00+08:00
8e31282b-2d32-4b49-b693-8ddc0ec4f784,M-1476,SESS-20260815-2138-0148,RENTAL_ACCRUAL,4,101,2026-08-15T19:10:00+08:00
e0efe830-aad0-4150-80c7-0bb0565f72e5,M-1601,SESS-20260815-3880-0149,RENTAL_ACCRUAL,11,449,2026-08-15T17:45:00+08:00
428b0d15-2873-46ed-8b93-781743ad57cf,M-1753,SESS-20260815-4086-0150,RENTAL_REDEMPTION,-100,543,2026-08-15T01:30:00+08:00
91ad3fdf-f64b-4645-b630-5a444d6f3c17,M-1753,SESS-20260815-4086-0150,RENTAL_ACCRUAL,2,545,2026-08-15T02:30:00+08:00
a5021a30-ea8a-47b1-ad56-30de044db9e6,M-1283,SESS-20260815-1214-0151,RENTAL_ACCRUAL,5,117,2026-08-15T22:45:00+08:00
4fec7e76-189f-4950-bb2e-2fd43e425005,M-1386,SESS-20260815-4805-0152,RENTAL_REDEMPTION,-100,379,2026-08-15T14:45:00+08:00
8190727a-56a1-47da-ba35-cf0dcf842dc5,M-1386,SESS-20260815-4805-0152,RENTAL_ACCRUAL,5,384,2026-08-15T16:45:00+08:00
478cc3d3-efef-4aec-a58c-297a88faf169,M-1758,SESS-20260815-8747-0153,RENTAL_ACCRUAL,27,142,2026-08-15T21:00:00+08:00
a2380f2c-b405-4ce3-bf1e-d42909d9d2f4,M-1417,SESS-20260815-6418-0154,RENTAL_ACCRUAL,27,410,2026-08-15T22:15:00+08:00
0299fcc5-5d2c-4215-b154-197d37151218,M-1118,SESS-20260815-4550-0155,RENTAL_ACCRUAL,45,117,2026-08-16T01:15:00+08:00
c7097281-1761-4b45-ab86-f2806b4ca7b9,M-1579,SESS-20260815-4976-0156,RENTAL_ACCRUAL,18,2713,2026-08-16T01:45:00+08:00
5170eb1f-a176-4e51-a876-afadc9d331d8,M-1960,SESS-20260815-3841-0157,RENTAL_ACCRUAL,10,229,2026-08-15T20:45:00+08:00
c26220ff-8a48-48c9-b640-08eb06572645,M-1245,SESS-20260815-7138-0158,RENTAL_ACCRUAL,27,94,2026-08-15T23:30:00+08:00
8fa66d36-6964-477d-9c00-caa3fc2069ad,M-2002,SESS-20260815-5444-0159,RENTAL_ACCRUAL,18,241,2026-08-15T22:00:00+08:00
48af34d3-da71-4624-b34f-e30fde964d04,M-1309,SESS-20260815-8207-0160,RENTAL_ACCRUAL,11,309,2026-08-15T15:15:00+08:00
4c063f08-0c71-4390-ac1e-d51f8fb9bf57,M-2032,SESS-20260815-7737-0161,RENTAL_REDEMPTION,-400,61,2026-08-15T20:45:00+08:00
a16cc407-bf31-4021-8e23-056dfcba6143,M-2032,SESS-20260815-7737-0161,RENTAL_ACCRUAL,42,103,2026-08-16T01:45:00+08:00
2acb77a0-e7d0-42a5-8a78-e5e5f2b2f99d,M-2176,SESS-20260815-4521-0162,RENTAL_REDEMPTION,-100,160,2026-08-15T19:30:00+08:00
b8f27d45-4d48-496a-b927-4db1e0d96c77,M-2176,SESS-20260815-4521-0162,RENTAL_ACCRUAL,2,162,2026-08-15T20:30:00+08:00
e0646b14-4c31-4b7a-82ab-4f8bd9355aee,M-1049,SESS-20260815-5765-0163,RENTAL_ACCRUAL,45,146,2026-08-15T22:20:00+08:00
6b582cca-cc8d-4374-b479-eca53b6c247a,M-2018,SESS-20260815-2817-0164,RENTAL_ACCRUAL,28,399,2026-08-15T23:15:00+08:00
66b6243b-643d-4e9b-81ae-0133afaa74ad,M-2124,SESS-20260815-6897-0165,RENTAL_ACCRUAL,15,99,2026-08-15T17:15:00+08:00
c77ec18a-2ac4-4ba8-abeb-8ed6fd6bc858,M-1482,SESS-20260815-9107-0166,RENTAL_ACCRUAL,11,432,2026-08-15T20:45:00+08:00
56a3f79e-5887-42b2-8a30-082983387f67,M-1939,SESS-20260815-1907-0167,RENTAL_ACCRUAL,5,280,2026-08-15T20:55:00+08:00
b03e1627-af14-4280-b014-5bc3376960a2,M-1121,SESS-20260815-1635-0168,RENTAL_ACCRUAL,27,189,2026-08-15T20:15:00+08:00
381f7c1b-d310-4d52-bfe8-fdc56a56e53a,M-1568,SESS-20260815-4571-0169,RENTAL_ACCRUAL,28,274,2026-08-16T01:55:00+08:00
78d047ae-82aa-46a3-82ef-fa3ebe3db25c,M-1416,SESS-20260815-7779-0170,RENTAL_ACCRUAL,6,2498,2026-08-16T00:20:00+08:00
9f64d8f2-8001-4146-9c52-de53d80c512e,M-1153,SESS-20260815-8664-0171,RENTAL_ACCRUAL,5,370,2026-08-15T20:30:00+08:00
c4169d35-3517-471d-b9bc-ba1b07cd1fb9,M-1316,SESS-20260815-1865-0172,RENTAL_ACCRUAL,67,257,2026-08-16T02:05:00+08:00
eb5d5438-b318-4311-a128-f354ab256805,M-1685,SESS-20260815-6226-0173,RENTAL_ACCRUAL,6,309,2026-08-15T20:00:00+08:00
6a8da726-385b-43e0-88d2-85870f0957b6,M-1027,SESS-20260815-6150-0174,RENTAL_ACCRUAL,16,377,2026-08-15T20:00:00+08:00
d1686fbf-1337-4c35-a9ad-0e35202b2632,M-1190,SESS-20260815-2910-0175,RENTAL_REDEMPTION,-100,180,2026-08-15T20:35:00+08:00
e2ccca0b-3c48-4844-aeb3-baa5402dd8e7,M-1190,SESS-20260815-2910-0175,RENTAL_ACCRUAL,4,184,2026-08-15T22:35:00+08:00
7a7651f3-b004-4600-87df-75af16700f30,M-1386,SESS-20260815-9619-0176,RENTAL_ACCRUAL,11,395,2026-08-16T00:55:00+08:00
48db0be4-8b96-47e0-be08-79b8643a3da4,M-1065,SESS-20260815-3687-0177,RENTAL_ACCRUAL,72,779,2026-08-16T03:00:00+08:00
c3ddd8ab-d72b-4193-b956-65394afdd29a,M-1020,SESS-20260815-6633-0178,RENTAL_ACCRUAL,13,249,2026-08-16T00:00:00+08:00
6b2efd74-2b8d-42b7-a929-9df9a5eae963,M-1180,SESS-20260815-1020-0179,RENTAL_ACCRUAL,18,270,2026-08-16T02:00:00+08:00
72d56621-e86f-475f-94e1-612c6e78452d,M-1744,SESS-20260815-8577-0180,RENTAL_ACCRUAL,5,742,2026-08-15T23:35:00+08:00
bbaa376d-544d-41f0-a2c5-5222b9c3da0d,M-2158,SESS-20260815-1958-0181,RENTAL_ACCRUAL,16,54,2026-08-16T01:30:00+08:00
f9b3d2f1-0c20-446f-82ec-33cb3e917ed5,M-1807,SESS-20260815-7802-0182,RENTAL_ACCRUAL,18,328,2026-08-15T22:45:00+08:00
17ed21a4-c9f9-457f-af35-866cae49baba,M-1608,SESS-20260815-9599-0183,RENTAL_ACCRUAL,28,306,2026-08-15T20:30:00+08:00
bd0cb9bf-60de-44b9-a987-64b62d009c30,M-2002,SESS-20260815-7854-0184,RENTAL_REDEMPTION,-100,141,2026-08-15T22:30:00+08:00
fe2d0544-173f-466f-a514-d52d361ce20a,M-2002,SESS-20260815-7854-0184,RENTAL_ACCRUAL,20,161,2026-08-16T01:30:00+08:00
81e8dead-5b2a-4200-bea3-cdfc0d3b91db,M-2172,SESS-20260815-4145-0185,RENTAL_ACCRUAL,11,376,2026-08-16T01:20:00+08:00
308d88a6-eaaf-41bc-b97c-3921c9603089,M-1265,SESS-20260815-5572-0186,RENTAL_ACCRUAL,12,307,2026-08-15T15:15:00+08:00
8a9aabc7-d80a-446a-b682-cb7926b79e58,M-1831,SESS-20260815-2305-0187,RENTAL_REDEMPTION,-100,163,2026-08-15T20:05:00+08:00
1c36fbda-3256-4207-a845-b9783de393bf,M-1831,SESS-20260815-2305-0187,RENTAL_ACCRUAL,5,168,2026-08-15T22:05:00+08:00
ba35daf4-b893-4d4d-9469-7af2c7435c47,M-1821,SESS-20260815-9469-0188,RENTAL_ACCRUAL,16,128,2026-08-15T17:15:00+08:00
53aaf297-cf48-49ba-8c71-85b86554d27d,M-1333,SESS-20260815-1455-0189,RENTAL_ACCRUAL,40,239,2026-08-16T02:30:00+08:00
53cf5113-0542-45f8-9b1b-35cfae3d8169,M-1600,SESS-20260815-8336-0190,RENTAL_REDEMPTION,-100,38,2026-08-15T23:00:00+08:00
5fd3c9c0-d761-442e-948b-922ab0589077,M-1600,SESS-20260815-8336-0190,RENTAL_ACCRUAL,20,58,2026-08-16T02:00:00+08:00
2a5b0813-d998-4e09-b8e8-86141362a4d1,M-2022,SESS-20260815-9964-0191,RENTAL_ACCRUAL,12,95,2026-08-15T22:45:00+08:00
4f183721-a7af-4a8f-8b4a-57cf06890144,M-1839,SESS-20260815-6718-0192,RENTAL_ACCRUAL,9,112,2026-08-15T22:45:00+08:00
ffac54b2-66e9-4a26-b2ee-ee058a1c491c,M-1004,SESS-20260815-9030-0193,RENTAL_ACCRUAL,16,269,2026-08-15T23:45:00+08:00
636c374b-9142-4474-ae88-a3d9e04d8df6,M-2071,SESS-20260815-4743-0194,RENTAL_ACCRUAL,64,275,2026-08-16T04:50:00+08:00
552f110b-c27c-4ad1-9c61-a01345c3b590,M-2071,TIER_UPGRADE_Standard_TO_Silver,TIER_BONUS,50,325,2026-08-16T04:50:00+08:00
cad4fa14-b680-4fbf-a3c5-0725ea7c97d4,M-1292,SESS-20260815-8358-0195,RENTAL_ACCRUAL,28,510,2026-08-16T00:15:00+08:00
8f2bdd46-06f2-4db5-8ab5-0edfcdfb9794,M-1653,SESS-20260815-2649-0196,RENTAL_ACCRUAL,45,293,2026-08-16T06:30:00+08:00
95963e65-b292-48bc-bff3-6109fa7a7b8d,M-1050,SESS-20260815-6895-0197,RENTAL_ACCRUAL,5,383,2026-08-15T17:30:00+08:00
c5f9be80-3cb1-4b47-8ff7-f11c99802541,M-1428,SESS-20260815-4836-0198,RENTAL_REDEMPTION,-100,44,2026-08-15T19:00:00+08:00
4c70bef6-562a-45df-86b1-924d21371c74,M-1428,SESS-20260815-4836-0198,RENTAL_ACCRUAL,11,55,2026-08-15T21:00:00+08:00
995b1927-40b4-46d1-b53d-9045b5681a3c,M-1007,SESS-20260815-8574-0199,RENTAL_ACCRUAL,6,667,2026-08-15T19:15:00+08:00
bbc1fdc2-6c84-47e0-960d-be329eb3fc00,M-1832,SESS-20260815-1584-0200,RENTAL_ACCRUAL,5,139,2026-08-15T20:30:00+08:00
6fa58391-5422-4056-a3a2-56ddf75bdcdb,M-1546,SESS-20260815-7208-0201,RENTAL_REDEMPTION,-300,27,2026-08-15T21:50:00+08:00
6a8a78e0-b1a2-4429-bea3-19fce17aa564,M-1546,SESS-20260815-7208-0201,RENTAL_ACCRUAL,8,35,2026-08-15T23:50:00+08:00
bb7893de-4e5e-472a-b330-38f5ecb4545e,M-1273,SESS-20260815-6886-0202,RENTAL_ACCRUAL,6,694,2026-08-15T14:15:00+08:00
8c73ad8d-fd6a-4c9e-8529-4aada51180f2,M-1538,SESS-20260815-9692-0203,RENTAL_ACCRUAL,18,188,2026-08-16T00:45:00+08:00
3d88849d-b922-4d13-b70e-e506f228128e,M-1506,SESS-20260815-4043-0204,RENTAL_ACCRUAL,5,260,2026-08-15T22:45:00+08:00
ca78fb84-0380-47ae-8763-860d64eb48cf,M-1162,SESS-20260815-8483-0205,RENTAL_REDEMPTION,-200,44,2026-08-15T21:45:00+08:00
b84347e3-129a-43a2-bfc9-83765bef19e0,M-1162,SESS-20260815-8483-0205,RENTAL_ACCRUAL,4,48,2026-08-16T00:45:00+08:00
6ade8a70-01f2-4385-92d1-fbabec687144,M-1727,SESS-20260815-2546-0206,RENTAL_ACCRUAL,28,219,2026-08-15T19:15:00+08:00
051781fe-265b-4594-99f6-c6529d574090,M-1078,SESS-20260815-8996-0207,RENTAL_REDEMPTION,-200,294,2026-08-15T23:00:00+08:00
7d188cc5-d631-44c7-86e0-b3ae2c649359,M-1078,SESS-20260815-8996-0207,RENTAL_ACCRUAL,33,327,2026-08-16T04:00:00+08:00
77cc93f5-7e2a-4e1c-9d94-744994f223ef,M-1612,SESS-20260815-1517-0208,RENTAL_ACCRUAL,5,525,2026-08-15T23:45:00+08:00
ab07d3aa-2795-4fb5-ad0c-fcce601f1db2,M-1224,SESS-20260815-8900-0209,RENTAL_ACCRUAL,76,213,2026-08-16T07:15:00+08:00
f5318086-a119-44a5-852f-1e8dc73d2d32,M-1189,SESS-20260815-4458-0210,RENTAL_ACCRUAL,28,429,2026-08-16T01:55:00+08:00
35a97877-fead-443d-b046-61fe3b0d10b6,M-1472,SESS-20260815-2840-0211,RENTAL_ACCRUAL,67,278,2026-08-16T03:30:00+08:00
01f5f080-80c5-4998-9b1f-87ba6abbb202,M-1201,SESS-20260815-9304-0212,RENTAL_ACCRUAL,13,561,2026-08-15T17:30:00+08:00
24a7823d-8f03-4946-bb78-bd761e1644b8,M-1507,SESS-20260815-7083-0213,RENTAL_ACCRUAL,45,356,2026-08-16T02:10:00+08:00
dfd7f394-3faa-4587-9b7b-5670f3368237,M-1767,SESS-20260815-3110-0214,RENTAL_REDEMPTION,-200,114,2026-08-15T15:25:00+08:00
2e418721-5120-49c2-a69a-58e056bbcbbe,M-1767,SESS-20260815-3110-0214,RENTAL_ACCRUAL,4,118,2026-08-15T18:25:00+08:00
2370cdd9-d55b-4bae-9fad-b8119cb22a41,M-1369,SESS-20260815-2745-0215,RENTAL_ACCRUAL,11,458,2026-08-16T01:00:00+08:00
ea0d1fe5-6b48-439b-9c51-137c5a01da28,M-1267,SESS-20260815-6503-0216,RENTAL_ACCRUAL,27,309,2026-08-15T21:45:00+08:00
d2296ae6-4e11-486e-af66-37302a5508cf,M-1141,SESS-20260815-7923-0217,RENTAL_ACCRUAL,11,131,2026-08-16T00:05:00+08:00
9ed656f6-342c-44b5-820c-26a8b415276e,M-1587,SESS-20260815-8905-0218,RENTAL_ACCRUAL,12,971,2026-08-15T09:15:00+08:00
cd73ae6f-72f3-4648-bab8-63d33c2867d8,M-1674,SESS-20260815-5976-0219,RENTAL_ACCRUAL,27,787,2026-08-15T23:30:00+08:00
7969b9e1-a5fc-428b-b5b3-06c27f883070,M-1643,SESS-20260815-7283-0220,RENTAL_ACCRUAL,18,342,2026-08-15T17:45:00+08:00
221dc344-d865-4087-9715-fc73f7ff46e7,M-2141,SESS-20260815-8113-0221,RENTAL_ACCRUAL,11,249,2026-08-16T00:10:00+08:00
5ab42640-1d0e-4f82-b287-58445356be95,M-1687,SESS-20260815-6951-0222,RENTAL_ACCRUAL,11,357,2026-08-15T21:15:00+08:00
5096a471-bbca-480d-89b4-80f5f1e96324,M-1589,SESS-20260815-2910-0223,RENTAL_ACCRUAL,11,87,2026-08-16T01:30:00+08:00
908a1c5a-c125-4bdd-801a-e85a8acf4f2f,M-1212,SESS-20260815-4467-0224,RENTAL_ACCRUAL,72,410,2026-08-15T23:45:00+08:00
c89b95eb-e904-448b-8705-e257baef5acc,M-2013,SESS-20260815-3151-0225,RENTAL_REDEMPTION,-100,71,2026-08-15T22:30:00+08:00
42d5e9d7-1595-4fed-85d4-ea2d0ba494f1,M-1271,SESS-20260815-1114-0226,RENTAL_ACCRUAL,11,109,2026-08-15T23:15:00+08:00
e0855fb1-e3e1-4051-a9c7-23637d483b19,M-1036,SESS-20260815-4999-0227,RENTAL_ACCRUAL,28,254,2026-08-16T04:30:00+08:00
dcbb4dc5-2528-40a7-bab6-32627f93b3a7,M-1036,TIER_UPGRADE_Silver_TO_Gold,TIER_BONUS,100,354,2026-08-16T04:30:00+08:00
d608d030-2f98-4817-93ad-7e7e1d93be40,M-2195,SESS-20260815-6155-0228,RENTAL_ACCRUAL,11,437,2026-08-15T15:30:00+08:00
bd62a797-7aea-40f8-b2c9-110f4eb0112c,M-1173,SESS-20260815-1712-0229,RENTAL_REDEMPTION,-200,233,2026-08-15T16:30:00+08:00
35f7b21a-99e4-4372-9cb7-8d3e8a4cb642,M-1173,SESS-20260815-1712-0229,RENTAL_ACCRUAL,13,246,2026-08-15T18:30:00+08:00
596b3643-e595-4f5c-b0cc-6615b5d3b80b,M-2088,SESS-20260815-2084-0230,RENTAL_ACCRUAL,5,182,2026-08-15T23:00:00+08:00
ed07b7eb-5ae8-4949-a318-7c0526d5deab,M-1232,SESS-20260815-3740-0231,RENTAL_ACCRUAL,28,88,2026-08-15T22:00:00+08:00
6fa9e69b-1382-482e-99ad-93bcecd8f1a1,M-1779,SESS-20260815-2956-0232,RENTAL_ACCRUAL,45,167,2026-08-15T17:30:00+08:00
d31196c3-1a03-4b5c-a66d-b0207369fc76,M-1799,SESS-20260815-3801-0233,RENTAL_ACCRUAL,5,320,2026-08-15T22:00:00+08:00
6597c9a3-7a2f-4ab3-92f3-08e6f2ac9e25,M-1810,SESS-20260815-4564-0234,RENTAL_ACCRUAL,16,206,2026-08-15T19:15:00+08:00
3be167ee-ccee-46e1-aad0-30a581c0a0b1,M-1256,SESS-20260815-6404-0235,RENTAL_ACCRUAL,11,160,2026-08-15T22:15:00+08:00
f18865b0-22ec-4e38-b4e4-5bb1550ab445,M-1411,SESS-20260815-1979-0236,RENTAL_REDEMPTION,-100,563,2026-08-15T21:15:00+08:00
df59a611-4e16-4cd3-b2f7-c56aef497cf2,M-1411,SESS-20260815-1979-0236,RENTAL_ACCRUAL,6,569,2026-08-15T22:15:00+08:00
fcda85f3-78e6-493a-9bbc-aaae1474fd82,M-1366,SESS-20260815-3526-0237,RENTAL_ACCRUAL,5,613,2026-08-16T00:50:00+08:00
fe38dbfa-ea82-4650-bb29-828abdabc915,M-2035,SESS-20260815-8849-0238,RENTAL_ACCRUAL,11,286,2026-08-15T18:15:00+08:00
cdaba5ab-9283-441c-8a74-f09269d9cb28,M-1038,SESS-20260815-6576-0239,RENTAL_ACCRUAL,18,73,2026-08-15T10:15:00+08:00
eed9b80c-7a4d-4cf8-9f4f-bee0c007b033,M-1641,SESS-20260815-6656-0240,RENTAL_ACCRUAL,67,172,2026-08-16T01:15:00+08:00
baa0df93-2dd9-410b-a452-6053c17ff45b,M-1308,SESS-20260815-8321-0241,RENTAL_ACCRUAL,28,64,2026-08-16T04:45:00+08:00
615c5b21-42bf-4b8b-95e8-ee61c1b4a1f6,M-2085,SESS-20260815-4386-0242,RENTAL_ACCRUAL,11,277,2026-08-15T19:00:00+08:00
dc501d88-1db3-402d-a88b-1c18c0539526,M-2084,SESS-20260815-1164-0243,RENTAL_ACCRUAL,18,366,2026-08-16T00:15:00+08:00
9859ef17-c8f9-4184-94fe-a48f92c35183,M-1664,SESS-20260815-1659-0244,RENTAL_REDEMPTION,-100,2320,2026-08-15T18:45:00+08:00
9c6429aa-440b-4ba7-ae05-d38b1e8b6f10,M-1664,SESS-20260815-1659-0244,RENTAL_ACCRUAL,10,2330,2026-08-15T21:45:00+08:00
7934fa6b-c5c2-4016-93f9-dd1bc080febe,M-1167,SESS-20260815-3981-0245,RENTAL_ACCRUAL,43,474,2026-08-15T15:50:00+08:00
45aee015-f34e-4f86-b89d-57172a381439,M-1243,SESS-20260815-4009-0246,RENTAL_ACCRUAL,27,141,2026-08-15T18:55:00+08:00
a89e13dd-8ebc-4515-9ab6-7178ed993275,M-1536,SESS-20260815-6854-0247,RENTAL_REDEMPTION,-200,379,2026-08-15T23:45:00+08:00
6be6ca2b-4a5e-4a0d-b67a-b1f12b2a8aef,M-1536,SESS-20260815-6854-0247,RENTAL_ACCRUAL,4,383,2026-08-16T02:45:00+08:00
a0967261-f485-4be4-92d8-3fc46bf2e2b3,M-1812,SESS-20260815-1702-0248,RENTAL_ACCRUAL,5,588,2026-08-15T22:15:00+08:00
efc676d4-9fe8-482a-b3cf-0352a38fd757,M-1195,SESS-20260815-1622-0249,RENTAL_ACCRUAL,16,383,2026-08-16T02:50:00+08:00
43862b54-aa0c-49d3-bb8c-e3c163d095fa,M-1625,SESS-20260815-3745-0250,RENTAL_ACCRUAL,19,2671,2026-08-15T19:15:00+08:00
faf0e4b6-840a-472d-b6e1-814109d4002d,M-1154,SESS-20260815-3312-0251,RENTAL_ACCRUAL,67,385,2026-08-16T03:25:00+08:00
d2c07e01-ace6-429f-8fe9-f2f9430a723c,M-1525,SESS-20260815-1880-0252,RENTAL_ACCRUAL,11,358,2026-08-16T01:35:00+08:00
2c528da0-a047-41f3-a8f0-5de73bd79bde,M-1029,SESS-20260815-4118-0253,RENTAL_ACCRUAL,28,471,2026-08-15T16:45:00+08:00
4070f59f-2686-4bb3-944a-474039588b14,M-1739,SESS-20260815-1014-0254,RENTAL_ACCRUAL,27,57,2026-08-15T14:30:00+08:00
77383b65-2ca4-431c-8507-ed7579a830f3,M-1294,SESS-20260815-1726-0255,RENTAL_ACCRUAL,9,189,2026-08-15T18:40:00+08:00
8eabba3f-1a43-4677-83fc-129d7f0367fe,M-2001,SESS-20260815-1085-0256,RENTAL_ACCRUAL,10,142,2026-08-15T23:00:00+08:00
7f6fb7ad-a261-4fdf-aa08-9f4b32bcc7eb,M-1868,SESS-20260815-9453-0257,RENTAL_ACCRUAL,15,67,2026-08-15T13:30:00+08:00
d1cef75f-ee35-4226-b530-90f5ecf6b4d4,M-2144,SESS-20260815-6789-0258,RENTAL_ACCRUAL,8,105,2026-08-15T23:30:00+08:00
6d322573-6db0-4ada-965e-ac438ebb0709,M-1395,SESS-20260815-3649-0259,RENTAL_ACCRUAL,27,90,2026-08-15T17:50:00+08:00
8fae7266-9a22-4d7e-8f9d-2a34cb4ded6a,M-1637,SESS-20260815-3133-0260,RENTAL_ACCRUAL,12,1586,2026-08-15T21:25:00+08:00
6bb424a9-04d9-4d42-ad4a-ebae2d89a1b2,M-1644,SESS-20260815-5888-0261,RENTAL_ACCRUAL,27,483,2026-08-16T01:55:00+08:00
c67ebbd0-80be-4eee-a916-d9957b58bd57,M-1989,SESS-20260815-6796-0262,RENTAL_ACCRUAL,5,251,2026-08-15T18:45:00+08:00
fb62d474-704c-4ce2-868b-922d17cc8e6a,M-1128,SESS-20260815-8111-0263,RENTAL_ACCRUAL,27,118,2026-08-15T18:05:00+08:00
5ebf9c40-6900-4ee6-aaed-c7265cb8b3c5,M-1811,SESS-20260815-7376-0264,RENTAL_REDEMPTION,-100,37,2026-08-15T20:00:00+08:00
ab306f96-3e73-4706-8674-835b481ea8e9,M-1811,SESS-20260815-7376-0264,RENTAL_ACCRUAL,21,58,2026-08-16T01:00:00+08:00
b50f35d6-49da-47a4-83f6-eccdba035868,M-1005,SESS-20260815-3881-0265,RENTAL_ACCRUAL,11,43,2026-08-15T22:00:00+08:00
77960288-c08d-4463-bd8b-24d6f6194012,M-2016,SESS-20260815-5797-0266,RENTAL_ACCRUAL,5,259,2026-08-15T21:35:00+08:00
b1abcc63-e97e-4003-95a0-f2d778d76875,M-1980,SESS-20260815-5218-0267,RENTAL_ACCRUAL,40,68,2026-08-15T20:15:00+08:00
6f25c218-295f-4f66-a1c9-bcd0f45a3821,M-2017,SESS-20260815-2723-0268,RENTAL_REDEMPTION,-200,67,2026-08-15T23:45:00+08:00
06f4d581-c9e7-4a71-b42d-b1e4edb9415d,M-2017,SESS-20260815-2723-0268,RENTAL_ACCRUAL,32,99,2026-08-16T04:45:00+08:00
cfac073d-66b7-48e1-b95b-adaea67cc2d6,M-1150,SESS-20260815-4061-0269,RENTAL_ACCRUAL,5,227,2026-08-15T12:30:00+08:00
5bf1cfd5-5319-4372-956d-f1f36ca5ec99,M-2064,SESS-20260815-2338-0270,RENTAL_REDEMPTION,-100,42,2026-08-15T18:50:00+08:00
a89084f5-74db-4418-9208-32af8df589c0,M-2064,SESS-20260815-2338-0270,RENTAL_ACCRUAL,21,63,2026-08-15T23:50:00+08:00
ed7fb255-9f9a-4a1a-a531-0b17c7ef8e36,M-1783,SESS-20260815-3520-0271,RENTAL_ACCRUAL,11,737,2026-08-15T23:50:00+08:00
75eaf33b-cfe0-4c52-84ed-5128497689a1,M-1701,SESS-20260815-3032-0272,RENTAL_ACCRUAL,5,708,2026-08-15T22:45:00+08:00
af509da6-9431-48f7-8c94-078cebb8b9fa,M-1541,SESS-20260815-4848-0273,RENTAL_ACCRUAL,18,189,2026-08-16T02:35:00+08:00
78ce84f1-a1aa-40b8-8a1f-5545dc8a8fc1,M-2038,SESS-20260815-9594-0274,RENTAL_REDEMPTION,-300,87,2026-08-15T20:00:00+08:00
d8245a65-b315-4eec-8a57-d173107109d9,M-2038,SESS-20260815-9594-0274,RENTAL_ACCRUAL,9,96,2026-08-16T01:00:00+08:00
736b625e-7d68-45d2-8561-8b5dd757ba94,M-2200,SESS-20260815-3439-0275,RENTAL_ACCRUAL,16,208,2026-08-15T22:15:00+08:00
d17b2110-7a30-4766-bd3b-1ebe33b7263a,M-1288,SESS-20260815-6321-0276,RENTAL_REDEMPTION,-400,524,2026-08-15T09:15:00+08:00
2daf4ead-125a-4f80-95ea-2ec91ade35ae,M-1459,SESS-20260815-4712-0277,RENTAL_ACCRUAL,9,70,2026-08-15T15:45:00+08:00
73bfe642-a293-4b7f-8a6d-2b7b59820b8b,M-1687,SESS-20260815-5502-0278,RENTAL_ACCRUAL,9,366,2026-08-15T22:15:00+08:00
e5ec36e5-745c-4028-837d-221169addb24,M-1023,SESS-20260815-8838-0279,RENTAL_ACCRUAL,28,365,2026-08-15T21:15:00+08:00
6fc8b1fa-11d4-4a56-93b7-236003a7330c,M-2160,SESS-20260815-2046-0280,RENTAL_REDEMPTION,-100,114,2026-08-15T15:45:00+08:00
7e7a9271-b080-411f-abf2-5058da8146de,M-2160,SESS-20260815-2046-0280,RENTAL_ACCRUAL,2,116,2026-08-15T16:45:00+08:00
b51148ae-1ae4-4e50-9cad-9efbdf3b6675,M-1661,SESS-20260815-2267-0281,RENTAL_ACCRUAL,19,2698,2026-08-15T18:00:00+08:00
381af764-255b-47ea-88bd-1d485dae39e9,M-1172,SESS-20260815-5988-0282,RENTAL_ACCRUAL,14,737,2026-08-15T19:20:00+08:00
14434833-82ac-41f6-ad12-1e661e563fde,M-1073,SESS-20260815-5296-0283,RENTAL_REDEMPTION,-100,66,2026-08-15T20:40:00+08:00
f9fbcf69-8342-4122-a507-bf24e8326d72,M-1073,SESS-20260815-5296-0283,RENTAL_ACCRUAL,5,71,2026-08-15T22:40:00+08:00
3061af2c-4327-43d2-a09e-5449ee020b4b,M-1135,SESS-20260815-7168-0284,RENTAL_ACCRUAL,11,203,2026-08-15T12:45:00+08:00
785b747a-0ba9-4e20-ba6e-1031a002d722,M-1833,SESS-20260815-7021-0285,RENTAL_ACCRUAL,16,291,2026-08-16T01:05:00+08:00
3809e728-91fd-4aed-ac37-bf27c7c66d11,M-1221,SESS-20260815-9658-0286,RENTAL_ACCRUAL,12,1610,2026-08-15T18:15:00+08:00
200b60a7-5200-402f-a6f7-8e3128718e18,M-1210,SESS-20260815-6823-0287,RENTAL_ACCRUAL,28,1323,2026-08-15T17:15:00+08:00
64bc9f1f-ae8d-4fe4-8027-06bf0ef9d8e0,M-1645,SESS-20260815-6028-0288,RENTAL_ACCRUAL,11,541,2026-08-16T01:15:00+08:00
cab8c53f-0a79-4e5a-bd35-cd5eff60e278,M-1871,SESS-20260815-3656-0289,RENTAL_ACCRUAL,25,59,2026-08-15T22:20:00+08:00
bae78e60-bba1-4b81-8b1f-f540d2320f84,M-1771,SESS-20260815-1771-0290,RENTAL_ACCRUAL,27,166,2026-08-15T23:20:00+08:00
8b4c4ce6-5c56-4753-b47f-2ea4eabd10b3,M-1765,SESS-20260815-4941-0291,RENTAL_ACCRUAL,28,787,2026-08-15T03:30:00+08:00
b4e0c9de-8aad-4690-bca6-5aa63e055145,M-1307,SESS-20260815-9306-0292,RENTAL_ACCRUAL,11,94,2026-08-16T00:45:00+08:00
49e35d2a-3a85-4d55-b854-94ebc78064b5,M-2163,SESS-20260815-6114-0293,RENTAL_ACCRUAL,18,139,2026-08-15T12:45:00+08:00
286e0603-323a-4ada-8c22-7a046eb4fa82,M-1434,SESS-20260815-8037-0294,RENTAL_ACCRUAL,11,235,2026-08-16T01:30:00+08:00
3c17f0ec-8e3c-4384-a1be-74ca6fd49bae,M-1011,SESS-20260815-7351-0295,RENTAL_REDEMPTION,-100,795,2026-08-15T21:15:00+08:00
61a7357d-52d8-4f13-a367-7ab8a52575c1,M-1011,SESS-20260815-7351-0295,RENTAL_ACCRUAL,10,805,2026-08-16T00:15:00+08:00
ddc9aac6-ba3a-41e1-a88a-698f444a1633,M-2003,SESS-20260815-1913-0296,RENTAL_ACCRUAL,10,235,2026-08-15T21:15:00+08:00
bc32f245-ab15-487e-ab51-584b2146cc89,M-1029,SESS-20260815-8997-0297,RENTAL_ACCRUAL,28,499,2026-08-15T20:45:00+08:00
135e5215-eb9e-4878-8a3b-d750dc4820b1,M-2117,SESS-20260815-4513-0298,RENTAL_ACCRUAL,5,54,2026-08-15T23:25:00+08:00
84effe3a-f7e8-4fca-9f54-4649584b4048,M-1796,SESS-20260815-6417-0299,RENTAL_ACCRUAL,28,560,2026-08-15T22:00:00+08:00
4b4c8413-ab0a-4aff-97e3-f6a57b69924c,M-1957,SESS-20260815-3664-0300,RENTAL_ACCRUAL,18,78,2026-08-15T23:00:00+08:00
f0478f90-d8f6-4117-971a-21408f8d21b3,M-2011,SESS-20260815-1054-0301,RENTAL_ACCRUAL,10,169,2026-08-15T19:30:00+08:00
3436f6c4-7ab5-4094-9dcd-bf645b30f526,M-1819,SESS-20260815-4710-0302,RENTAL_ACCRUAL,28,270,2026-08-16T04:35:00+08:00
60770cbc-48bf-49a4-8236-bd315b9436af,M-1368,SESS-20260815-4395-0303,RENTAL_ACCRUAL,5,261,2026-08-16T00:25:00+08:00
38fbc193-50c0-406b-b79e-4763729db033,M-1547,SESS-20260815-2646-0304,RENTAL_ACCRUAL,18,614,2026-08-15T19:15:00+08:00
980839ba-5444-44b9-850c-56e1e1cded98,M-1444,SESS-20260815-3710-0305,RENTAL_ACCRUAL,6,3120,2026-08-16T00:00:00+08:00
2efd5252-bb53-4be8-8699-a117222cd74e,M-1781,SESS-20260815-3873-0306,RENTAL_ACCRUAL,12,3829,2026-08-15T21:40:00+08:00
e619e54b-b9c7-4671-97cc-ff6eeb719427,M-1089,SESS-20260815-7531-0307,RENTAL_ACCRUAL,16,357,2026-08-16T00:20:00+08:00
3992ab5d-4449-429d-ac68-ad2feb747a4f,M-1715,SESS-20260815-6520-0308,RENTAL_ACCRUAL,11,325,2026-08-16T00:45:00+08:00
6b55bb6d-6ca2-40f8-ac41-a372cf54d59a,M-1900,SESS-20260815-4566-0309,RENTAL_ACCRUAL,11,147,2026-08-15T23:20:00+08:00
b54da6d4-0add-4c3f-8297-41467e84d914,M-1409,SESS-20260815-8630-0310,RENTAL_ACCRUAL,12,415,2026-08-15T19:15:00+08:00
220027e6-d7fa-4795-92ad-50652e2825f5,M-1143,SESS-20260815-6599-0311,RENTAL_ACCRUAL,28,3922,2026-08-16T02:55:00+08:00
41f8c2fa-04a5-4117-bac3-ec255054a23f,M-1127,SESS-20260815-1670-0312,RENTAL_ACCRUAL,45,127,2026-08-16T06:15:00+08:00
bec5acfb-65be-4338-a361-1142664aa313,M-1147,SESS-20260815-5297-0313,RENTAL_ACCRUAL,11,564,2026-08-15T23:05:00+08:00
238dc6c8-3b73-492a-b5dd-c956516d5f93,M-1297,SESS-20260815-4540-0314,RENTAL_REDEMPTION,-100,164,2026-08-15T19:05:00+08:00
8e4267cc-9662-4dfb-9e02-24163250a341,M-1297,SESS-20260815-4540-0314,RENTAL_ACCRUAL,21,185,2026-08-16T00:05:00+08:00
a2b9c4a0-9340-424a-bc00-39ce900c02f0,M-1621,SESS-20260815-6105-0315,RENTAL_ACCRUAL,18,395,2026-08-15T21:15:00+08:00
c7e45f0a-1c4e-405b-ac4c-56d9abd0601c,M-1787,SESS-20260815-2959-0316,RENTAL_ACCRUAL,11,237,2026-08-15T20:30:00+08:00
2c98f284-11ff-4110-b513-637500a8cfdc,M-1534,SESS-20260815-3132-0317,RENTAL_ACCRUAL,18,286,2026-08-15T23:30:00+08:00
3129aa4c-55be-4545-97dd-0a7bbab4e174,M-1856,SESS-20260815-3873-0318,RENTAL_ACCRUAL,10,75,2026-08-16T00:55:00+08:00
5685d484-f5cf-4160-9ab9-0c47409bd376,M-2169,SESS-20260815-5326-0319,RENTAL_ACCRUAL,16,211,2026-08-16T02:15:00+08:00
622d240f-56a4-4995-b8cb-a61b414d2a3b,M-1956,SESS-20260815-5600-0320,RENTAL_ACCRUAL,16,225,2026-08-16T00:00:00+08:00
2823b6e9-32b3-402d-a211-311410cd0bde,M-1870,SESS-20260815-5973-0321,RENTAL_ACCRUAL,13,353,2026-08-16T00:35:00+08:00
45fa912a-ab4c-4a19-9c2d-706605e1cdc2,M-2146,SESS-20260815-7919-0322,RENTAL_ACCRUAL,27,190,2026-08-15T22:45:00+08:00
9b21fe95-0ffd-4abc-9a09-0c06998f0c8f,M-1865,SESS-20260815-8555-0323,RENTAL_ACCRUAL,11,159,2026-08-15T23:15:00+08:00
03a88574-4b30-4e8e-ab5c-6e467dbd7dda,M-1989,SESS-20260815-6386-0324,RENTAL_ACCRUAL,11,262,2026-08-15T20:45:00+08:00
7e65db02-fb4b-43bc-9003-cb72b0876a5a,M-2063,SESS-20260815-8217-0325,RENTAL_ACCRUAL,18,309,2026-08-15T19:20:00+08:00
edee8435-5575-4e11-9087-1f5afd6cf105,M-1217,SESS-20260815-1320-0326,RENTAL_ACCRUAL,40,321,2026-08-15T20:40:00+08:00
58dfcb37-b911-45ab-ae0b-9c9eb4a90d52,M-2163,SESS-20260815-3804-0327,RENTAL_ACCRUAL,16,155,2026-08-16T02:15:00+08:00
f411f002-8f2f-40af-a7dc-13ee52e561e1,M-1741,SESS-20260815-9470-0328,RENTAL_REDEMPTION,-100,137,2026-08-15T20:00:00+08:00
029127b1-6846-4e4a-960f-f303edcc4eff,M-1741,SESS-20260815-9470-0328,RENTAL_ACCRUAL,11,148,2026-08-15T22:00:00+08:00
1e8d1388-75e7-48d5-84bf-fb58527b7edd,M-1132,SESS-20260815-8326-0329,RENTAL_ACCRUAL,19,1012,2026-08-15T22:45:00+08:00
ee0ea0ea-7cf5-4a6c-a893-b1ca1aaa5621,M-1404,SESS-20260815-1806-0330,RENTAL_ACCRUAL,28,125,2026-08-16T04:50:00+08:00
3da8fc4c-3620-40f8-af9e-0a48dd8b89d2,M-1535,SESS-20260815-3989-0331,RENTAL_ACCRUAL,45,241,2026-08-16T01:20:00+08:00
21d74b67-bf23-4483-a4cf-76bc880ddbf4,M-1221,SESS-20260815-8197-0332,RENTAL_REDEMPTION,-200,1410,2026-08-15T22:15:00+08:00
af665fd9-db33-4205-87cb-359f506a5f28,M-1221,SESS-20260815-8197-0332,RENTAL_ACCRUAL,4,1414,2026-08-16T00:15:00+08:00
bfa8fee8-978c-4b75-9057-bd2de7653764,M-1151,SESS-20260815-1576-0333,RENTAL_ACCRUAL,11,160,2026-08-15T23:00:00+08:00
d12100bf-a3a4-4bf4-85da-23569e9ad32c,M-1717,SESS-20260815-8274-0334,RENTAL_ACCRUAL,16,646,2026-08-15T17:15:00+08:00
f1fa73e7-8a7d-4f1d-ac67-24d9cf84244e,M-1735,SESS-20260815-8384-0335,RENTAL_ACCRUAL,27,441,2026-08-16T02:35:00+08:00
5107c871-00c8-4139-a26f-ded40e20c8ef,M-1597,SESS-20260815-2605-0336,RENTAL_ACCRUAL,45,266,2026-08-16T00:45:00+08:00
8f0579d8-416c-412c-8eda-dc381d4e110f,M-1597,TIER_UPGRADE_Silver_TO_Gold,TIER_BONUS,100,366,2026-08-16T00:45:00+08:00
8edf9fb8-226d-41d9-9810-5ce2f186ea07,M-1910,SESS-20260815-4452-0337,RENTAL_ACCRUAL,5,144,2026-08-16T00:45:00+08:00
205ea3f9-3c19-444b-8896-805385bb87b1,M-1094,SESS-20260815-8691-0338,RENTAL_REDEMPTION,-100,276,2026-08-15T22:20:00+08:00
63514290-9127-4cd1-ac05-a17727165b5c,M-1094,SESS-20260815-8691-0338,RENTAL_ACCRUAL,38,314,2026-08-16T03:20:00+08:00
e5addd6e-51c1-43e0-89b7-614693b33242,M-1452,SESS-20260815-2078-0339,RENTAL_ACCRUAL,13,97,2026-08-15T23:45:00+08:00
511de8e8-880e-4007-af70-d4671f088d01,M-1359,SESS-20260815-5794-0340,RENTAL_ACCRUAL,6,1368,2026-08-15T15:00:00+08:00
595904fd-bbbb-4a2c-9e36-9c7e49c8c1ce,M-1155,SESS-20260815-3484-0341,RENTAL_ACCRUAL,9,604,2026-08-15T20:00:00+08:00
ca21cc5a-037c-4c80-9c8e-cee2a4c3da99,M-1791,SESS-20260815-3643-0342,RENTAL_ACCRUAL,11,399,2026-08-15T21:20:00+08:00
4bf11764-47a5-4ba2-81ef-b666af7fffb8,M-2186,SESS-20260815-8509-0343,RENTAL_ACCRUAL,11,312,2026-08-15T21:30:00+08:00
022de000-6058-4128-b9a6-0dd3d8e75f85,M-1063,SESS-20260815-1893-0344,RENTAL_ACCRUAL,18,488,2026-08-16T02:30:00+08:00
22ec6cd5-0931-4f5e-828c-95a8a0152117,M-1313,SESS-20260815-7684-0345,RENTAL_ACCRUAL,45,413,2026-08-15T23:50:00+08:00
9279b06b-ae46-45b6-a37a-b83a3abfa25f,M-1133,SESS-20260815-5955-0346,RENTAL_ACCRUAL,6,210,2026-08-15T23:30:00+08:00
2367a57a-e9b9-4533-b04a-2f551b8c6d29,M-1677,SESS-20260815-1348-0347,RENTAL_ACCRUAL,28,318,2026-08-16T02:30:00+08:00
024cf34d-9c4b-47a5-b683-f89599ede883,M-2057,SESS-20260815-4951-0348,RENTAL_ACCRUAL,16,83,2026-08-16T00:50:00+08:00
fa6a5fb8-e511-4444-862c-33c3b19f0b32,M-1832,SESS-20260815-3614-0349,RENTAL_REDEMPTION,-100,39,2026-08-15T23:20:00+08:00
9a1c4d37-4b75-4f0f-bbf7-83071d01b83e,M-1832,SESS-20260815-3614-0349,RENTAL_ACCRUAL,21,60,2026-08-16T04:20:00+08:00
17c1d773-1eb2-43fb-acc3-ffa239dbec31,M-1484,SESS-20260815-2871-0350,RENTAL_ACCRUAL,18,400,2026-08-15T22:45:00+08:00
e91b5f47-2bec-4e56-af01-6d5ac1e8efa1,M-1260,SESS-20260815-6292-0351,RENTAL_ACCRUAL,48,443,2026-08-16T07:55:00+08:00
97e4cccb-fd65-4bae-91b8-c0bbcfcf75e9,M-1850,SESS-20260815-7667-0352,RENTAL_ACCRUAL,15,82,2026-08-15T23:35:00+08:00
4071384e-ced1-474e-b352-3e0fd1438b05,M-1747,SESS-20260815-2415-0353,RENTAL_ACCRUAL,5,312,2026-08-15T22:35:00+08:00
2e856254-f69b-4c72-aeda-043e5e13f0a8,M-1893,SESS-20260815-8332-0354,RENTAL_ACCRUAL,25,100,2026-08-16T02:55:00+08:00
5cca253e-cc1a-494b-8428-0eb27a3555d6,M-1797,SESS-20260815-9997-0355,RENTAL_ACCRUAL,5,416,2026-08-15T19:50:00+08:00
8e3c2d95-d19a-4d2a-bd1f-9d62644d9045,M-1958,SESS-20260815-5575-0356,RENTAL_ACCRUAL,10,184,2026-08-15T18:20:00+08:00
dc54c92a-ec9b-4a95-957f-1adcaf817c91,M-1293,SESS-20260815-4561-0357,RENTAL_REDEMPTION,-100,27,2026-08-15T22:15:00+08:00
00c9b3b3-c9f7-4738-9f17-77e735f665c7,M-1293,SESS-20260815-4561-0357,RENTAL_ACCRUAL,5,32,2026-08-16T00:15:00+08:00
5024b32d-f307-42df-8485-b932a53ea7aa,M-1182,SESS-20260815-4604-0358,RENTAL_REDEMPTION,-300,62,2026-08-15T23:50:00+08:00
ea6ac1b8-b684-4537-a858-d296558cff27,M-1182,SESS-20260815-4604-0358,RENTAL_ACCRUAL,8,70,2026-08-16T01:50:00+08:00
5ac8fa25-83d2-4483-b5ba-ecb9c36f8d1b,M-1107,SESS-20260815-4875-0359,RENTAL_ACCRUAL,18,142,2026-08-15T21:20:00+08:00
7f9577d2-3b5a-4055-af72-4df50779ddb0,M-1509,SESS-20260815-3046-0360,RENTAL_ACCRUAL,12,488,2026-08-15T21:30:00+08:00
bdace9a6-b52c-4f77-b300-dc7b17e501c5,M-1142,SESS-20260815-2712-0361,RENTAL_REDEMPTION,-200,391,2026-08-15T23:05:00+08:00
017e8b25-5c08-47e4-9fe4-1be14d3ed1cf,M-1142,SESS-20260815-2712-0361,RENTAL_ACCRUAL,4,395,2026-08-16T02:05:00+08:00
e8d860ea-6fc4-4747-8e03-c2f29f8649ed,M-1670,SESS-20260815-8153-0362,RENTAL_ACCRUAL,27,128,2026-08-15T19:00:00+08:00
90e86e0d-654c-44e8-a83c-8fab0465ca54,M-1361,SESS-20260815-8652-0363,RENTAL_ACCRUAL,9,317,2026-08-15T23:30:00+08:00
f9e33524-96b4-4b26-92d6-6472a4b72b9b,M-1730,SESS-20260815-8590-0364,RENTAL_ACCRUAL,45,147,2026-08-16T06:20:00+08:00
61ee7298-6d51-44b2-93d9-d02c97ebea79,M-1690,SESS-20260815-8119-0365,RENTAL_REDEMPTION,-100,160,2026-08-15T22:15:00+08:00
16cea78e-fdf0-44e9-986b-1867bf10fa4a,M-1690,SESS-20260815-8119-0365,RENTAL_ACCRUAL,7,167,2026-08-15T23:15:00+08:00
379417aa-2074-4243-b95c-46830b8f0540,M-1720,SESS-20260815-4272-0366,RENTAL_ACCRUAL,16,504,2026-08-15T14:15:00+08:00
b337b40f-fbd5-493c-9181-4e60480bc80d,M-1922,SESS-20260815-8358-0367,RENTAL_REDEMPTION,-100,364,2026-08-15T22:55:00+08:00
f1fa6331-e995-45e5-b4d3-5f86211920c6,M-1922,SESS-20260815-8358-0367,RENTAL_ACCRUAL,10,374,2026-08-16T01:55:00+08:00
09cdec03-aeba-49a1-8962-5343179e9343,M-2191,SESS-20260815-7199-0368,RENTAL_ACCRUAL,18,520,2026-08-16T01:40:00+08:00
53d83ea2-bc90-4519-95e7-3afde8cc79a1,M-1322,SESS-20260815-4021-0369,RENTAL_ACCRUAL,67,228,2026-08-16T03:55:00+08:00
8fc15396-0f77-454c-bd30-dc4415559a0c,M-1610,SESS-20260815-5586-0370,RENTAL_ACCRUAL,5,72,2026-08-16T00:50:00+08:00
82a86940-4a30-4a13-b465-1060b5b2e789,M-2031,SESS-20260815-8926-0371,RENTAL_ACCRUAL,25,87,2026-08-16T01:50:00+08:00
80a2f776-0074-47aa-99fc-cfd7d42e47c3,M-1515,SESS-20260815-5588-0372,RENTAL_ACCRUAL,18,264,2026-08-16T00:30:00+08:00
79640b2b-2c8b-44fd-8dbe-1be9aa7695e2,M-1223,SESS-20260815-9170-0373,RENTAL_ACCRUAL,18,88,2026-08-16T01:35:00+08:00
04ba9056-4725-4c09-a080-66b07126f66a,M-2079,SESS-20260815-7124-0374,RENTAL_REDEMPTION,-100,29,2026-08-15T11:00:00+08:00
be4a440c-097b-4cc5-b93c-46ad341a3740,M-2079,SESS-20260815-7124-0374,RENTAL_ACCRUAL,2,31,2026-08-15T12:00:00+08:00
082da8ed-ea86-4da6-a2a1-be73f50ebb79,M-1808,SESS-20260815-1266-0375,RENTAL_ACCRUAL,6,2106,2026-08-15T23:15:00+08:00
b3f0dc7e-cbef-4758-b46c-05ef4dbc5e61,M-1872,SESS-20260815-2184-0376,RENTAL_ACCRUAL,24,126,2026-08-15T20:30:00+08:00
ddaa832f-4c8d-4b12-a422-8fe71b10b4fe,M-1872,TIER_UPGRADE_Standard_TO_Silver,TIER_BONUS,50,176,2026-08-15T20:30:00+08:00
c941753c-bbed-40d6-aa3b-fc55a14b2421,M-1128,SESS-20260815-6534-0377,RENTAL_ACCRUAL,5,123,2026-08-16T00:15:00+08:00
06a35d7d-9b6f-461a-a2a6-732369c86749,M-1552,SESS-20260815-4190-0378,RENTAL_REDEMPTION,-200,113,2026-08-15T21:00:00+08:00
7fe8c95f-9505-445b-9323-c84fe493f9a0,M-1552,SESS-20260815-4190-0378,RENTAL_ACCRUAL,4,117,2026-08-16T00:00:00+08:00
15218f66-8142-41ed-90ea-28a262b71f9c,M-1791,SESS-20260815-7869-0379,RENTAL_REDEMPTION,-100,299,2026-08-15T23:35:00+08:00
17d6d9c4-1332-4833-9e00-347fc159a70a,M-1791,SESS-20260815-7869-0379,RENTAL_ACCRUAL,5,304,2026-08-16T01:35:00+08:00
3134f837-9004-4b84-ae00-b9d3731eb8ce,M-1580,SESS-20260815-9549-0380,RENTAL_ACCRUAL,18,1056,2026-08-16T00:20:00+08:00
a13c4882-2988-4bfe-9f46-f4a715139809,M-1356,SESS-20260815-7993-0381,RENTAL_REDEMPTION,-100,837,2026-08-15T21:15:00+08:00
74acd435-bd68-4529-b37b-da9a3e03ecdf,M-1356,SESS-20260815-7993-0381,RENTAL_ACCRUAL,4,841,2026-08-15T23:15:00+08:00
cac63a8b-0f20-4dd6-b44f-994f128e3313,M-1704,SESS-20260815-2307-0382,RENTAL_ACCRUAL,18,123,2026-08-15T15:00:00+08:00
3b3f9c96-3ea9-4c9d-8a32-a0fde7d512ce,M-1461,SESS-20260815-1854-0383,RENTAL_ACCRUAL,5,353,2026-08-15T22:45:00+08:00
6758ca84-4d09-4604-b688-066cb25ed1db,M-1709,SESS-20260815-4705-0384,RENTAL_ACCRUAL,108,186,2026-08-16T04:45:00+08:00
96f098fd-6026-4b18-a06b-b06a8482f5e9,M-1657,SESS-20260815-2604-0385,RENTAL_ACCRUAL,13,571,2026-08-15T20:30:00+08:00
c8f3199e-20ea-42a0-b80e-b88b7c473196,M-1703,SESS-20260815-3649-0386,RENTAL_ACCRUAL,16,183,2026-08-15T21:30:00+08:00
a6be6f77-0a72-4bfa-af91-ee0168863b32,M-1753,SESS-20260815-4193-0387,RENTAL_ACCRUAL,28,573,2026-08-16T04:25:00+08:00
d56c610a-c17d-49a4-b89e-c7c83e7307b6,M-1043,SESS-20260815-7108-0388,RENTAL_ACCRUAL,6,785,2026-08-15T22:40:00+08:00
09088e00-7e61-4d09-bffb-d049707de745,M-1481,SESS-20260815-5733-0389,RENTAL_ACCRUAL,13,272,2026-08-15T22:45:00+08:00
c8fe7e7c-296b-46c1-aea6-b4191c198d02,M-2179,SESS-20260815-7495-0390,RENTAL_ACCRUAL,40,102,2026-08-15T21:30:00+08:00
7f84a340-8678-45d5-9153-541f2e859ae6,M-2196,SESS-20260815-3165-0391,RENTAL_ACCRUAL,5,332,2026-08-15T23:15:00+08:00
75de0f6c-94ae-40d3-917e-fcf771f0166a,M-2015,SESS-20260815-8765-0392,RENTAL_ACCRUAL,5,104,2026-08-15T22:45:00+08:00
8e789491-4aab-44fa-a338-907bf3c793ba,M-1396,SESS-20260815-4675-0393,RENTAL_ACCRUAL,5,305,2026-08-15T23:10:00+08:00
5ce2f6c8-78e6-41ba-8ee0-795af5de16bf,M-1067,SESS-20260815-9621-0394,RENTAL_REDEMPTION,-200,350,2026-08-15T23:15:00+08:00
1a53c0a7-812d-4633-aa3a-55a1e9253f6a,M-1067,SESS-20260815-9621-0394,RENTAL_ACCRUAL,4,354,2026-08-16T01:15:00+08:00
1bfc0734-da78-4bae-9051-ab397f37a9d0,M-1169,SESS-20260815-1184-0395,RENTAL_ACCRUAL,18,504,2026-08-15T20:45:00+08:00
dee5271f-111c-4910-9301-223c49a9971b,M-1017,SESS-20260815-6532-0396,RENTAL_ACCRUAL,45,397,2026-08-16T03:10:00+08:00
b22dd706-92fa-431a-b34d-d7a3cca35bc7,M-1448,SESS-20260815-4961-0397,RENTAL_ACCRUAL,11,232,2026-08-16T01:20:00+08:00
a7d0145d-50d9-4e49-a523-ab28a9cb9ec4,M-1741,SESS-20260815-6238-0398,RENTAL_ACCRUAL,27,175,2026-08-16T02:45:00+08:00
e9f60380-7500-449e-a48f-cd800eb3a1a6,M-1496,SESS-20260815-3863-0399,RENTAL_ACCRUAL,28,531,2026-08-16T01:30:00+08:00
efbbb80e-af43-48a6-a635-bd7e7720c18c,M-1038,SESS-20260815-6665-0400,RENTAL_ACCRUAL,16,89,2026-08-16T02:05:00+08:00
fa5e7c0c-8b4f-40f7-a302-a8b0d9d12152,M-1916,SESS-20260815-3311-0401,RENTAL_ACCRUAL,36,79,2026-08-16T02:00:00+08:00
a0ba58df-6e24-4762-a302-6355caa53840,M-1533,SESS-20260815-7953-0402,RENTAL_ACCRUAL,19,311,2026-08-15T18:25:00+08:00
3e23b9f1-190c-4a25-aa53-51e74ee48304,M-1175,SESS-20260815-4380-0403,RENTAL_ACCRUAL,28,434,2026-08-16T02:55:00+08:00
78972d69-5a65-4bed-a26b-3f67da767794,M-2140,SESS-20260815-1414-0404,RENTAL_ACCRUAL,24,48,2026-08-16T00:00:00+08:00
901988de-d64b-492c-9b30-fa784a080460,M-2021,SESS-20260815-1977-0405,RENTAL_ACCRUAL,5,83,2026-08-15T23:50:00+08:00
de430e9e-a58a-4562-8856-8d6930787161,M-1355,SESS-20260815-2404-0406,RENTAL_ACCRUAL,27,77,2026-08-15T21:10:00+08:00
b9abe83c-ca8c-47f1-826b-9868d51ad92c,M-1222,SESS-20260815-6367-0407,RENTAL_ACCRUAL,67,776,2026-08-16T03:50:00+08:00
e6fbb438-81bd-4d50-9c58-c8eeb487ac5a,M-1682,SESS-20260815-5947-0408,RENTAL_REDEMPTION,-200,716,2026-08-15T22:15:00+08:00
36a9583b-1976-4903-a18b-3f7c47912cc8,M-1682,SESS-20260815-5947-0408,RENTAL_ACCRUAL,3,719,2026-08-16T01:15:00+08:00
2f0efd37-5e45-47a8-9faf-cbcea30ad9ee,M-2030,SESS-20260815-8800-0409,RENTAL_ACCRUAL,40,61,2026-08-16T02:00:00+08:00
c49d8851-f883-4312-a8a7-cc525bb6848b,M-1975,SESS-20260815-3016-0410,RENTAL_REDEMPTION,-100,107,2026-08-15T20:00:00+08:00
1dc74948-4955-4f2b-8987-258fb0cfcbbe,M-1975,SESS-20260815-3016-0410,RENTAL_ACCRUAL,5,112,2026-08-15T22:00:00+08:00
3867b776-ff29-4655-bb61-06a51d99ab98,M-1570,SESS-20260815-9476-0411,RENTAL_ACCRUAL,43,552,2026-08-16T02:00:00+08:00
5d601154-c85b-4575-8043-1e12d2532aa3,M-1026,SESS-20260815-4470-0412,RENTAL_ACCRUAL,19,1322,2026-08-15T21:30:00+08:00
4cd8745d-ee82-47a9-bf81-3d5f0103961b,M-1066,SESS-20260815-3171-0413,RENTAL_ACCRUAL,45,293,2026-08-16T04:45:00+08:00
dbb3c1bc-a60c-41e5-9f56-737b6f7e5c5b,M-2055,SESS-20260815-7369-0414,RENTAL_ACCRUAL,10,320,2026-08-16T00:55:00+08:00
5d04f72f-e92c-436c-b62a-a680f4cdd850,M-2055,TIER_UPGRADE_Standard_TO_Silver,TIER_BONUS,50,370,2026-08-16T00:55:00+08:00
7c3c988f-614d-4daf-bbeb-980c7fca3d14,M-1874,SESS-20260815-6914-0415,RENTAL_ACCRUAL,25,134,2026-08-16T02:00:00+08:00
5453fac3-e4d3-48e0-a175-e7379b6f681b,M-1621,SESS-20260815-4457-0416,RENTAL_REDEMPTION,-100,295,2026-08-15T21:25:00+08:00
78a5bb59-8eb7-4f0d-8b0c-36f33328355c,M-1621,SESS-20260815-4457-0416,RENTAL_ACCRUAL,5,300,2026-08-15T23:25:00+08:00
ea3c485b-d3f2-455e-85ab-8d0076066523,M-1859,SESS-20260815-8804-0417,RENTAL_ACCRUAL,16,179,2026-08-16T01:35:00+08:00
4ea26602-39c6-43c9-ac99-5c49e928cd90,M-1749,SESS-20260815-1493-0418,RENTAL_ACCRUAL,11,268,2026-08-15T12:30:00+08:00
1bdda2af-51da-43a3-a05b-9b27f0eb69a8,M-1562,SESS-20260815-6867-0419,RENTAL_REDEMPTION,-100,1367,2026-08-15T20:00:00+08:00
2c28739e-ee7a-4ec1-8756-b9ec76d164d5,M-1562,SESS-20260815-6867-0419,RENTAL_ACCRUAL,11,1378,2026-08-15T22:00:00+08:00
4a74a222-fb86-4a47-9f08-7573763a5eb3,M-1099,SESS-20260815-5526-0420,RENTAL_ACCRUAL,40,171,2026-08-16T02:30:00+08:00
19e1558c-0d36-4226-9927-de382658e6a1,M-2182,SESS-20260815-5652-0421,RENTAL_ACCRUAL,40,132,2026-08-16T01:20:00+08:00
fd394d99-5a1c-4d94-a03a-41ae7a048934,M-1705,SESS-20260815-1995-0422,RENTAL_REDEMPTION,-200,292,2026-08-15T21:30:00+08:00
4b554724-c20b-40e6-8d15-83bb83722d21,M-1705,SESS-20260815-1995-0422,RENTAL_ACCRUAL,4,296,2026-08-16T00:30:00+08:00
8f32d2db-79cb-4ad5-8abf-e90abfcf7bc0,M-2014,SESS-20260815-7224-0423,RENTAL_ACCRUAL,12,245,2026-08-15T22:25:00+08:00
adb87618-c6bc-44f4-8f5d-6e30444f8ac1,M-2014,TIER_UPGRADE_Standard_TO_Silver,TIER_BONUS,50,295,2026-08-15T22:25:00+08:00
8de51564-b58c-45ce-9aed-3d0ba7e16e39,M-1773,SESS-20260815-1588-0424,RENTAL_REDEMPTION,-100,35,2026-08-15T18:05:00+08:00
90cf4958-f54d-46c6-a29a-014089f85f37,M-1773,SESS-20260815-1588-0424,RENTAL_ACCRUAL,2,37,2026-08-15T19:05:00+08:00
4cc8963d-a6d6-4ad4-b83d-ae9e7b5113cb,M-1257,SESS-20260815-5132-0425,RENTAL_ACCRUAL,27,226,2026-08-16T00:30:00+08:00
68369767-c74f-4d0e-a657-31ada12d15fb,M-1770,SESS-20260815-8908-0426,RENTAL_REDEMPTION,-100,191,2026-08-15T16:55:00+08:00
c99989f3-5d44-4aea-a785-c12965050ef6,M-1770,SESS-20260815-8908-0426,RENTAL_ACCRUAL,11,202,2026-08-15T18:55:00+08:00
33b8c706-6864-4886-8243-d1d0f1869dbf,M-2097,SESS-20260815-8827-0427,RENTAL_ACCRUAL,5,76,2026-08-15T20:20:00+08:00
755248d4-c1bb-4182-aae0-37a4a0afa1b5,M-1042,SESS-20260815-7874-0428,RENTAL_ACCRUAL,27,408,2026-08-15T23:30:00+08:00
094f4067-c8d4-4819-8a76-fead15440ed9,M-1609,SESS-20260815-9065-0429,RENTAL_ACCRUAL,11,396,2026-08-15T22:00:00+08:00
172733cc-e3bf-4b15-8d8f-8d43c4b5fe58,M-1652,SESS-20260815-9103-0430,RENTAL_REDEMPTION,-100,242,2026-08-15T20:25:00+08:00
cf0dfbbf-5d94-46fe-b144-44636e49dd20,M-1652,SESS-20260815-9103-0430,RENTAL_ACCRUAL,10,252,2026-08-15T23:25:00+08:00
5e810659-34bf-43cb-b313-f18185872673,M-1459,SESS-20260815-8370-0431,RENTAL_ACCRUAL,11,81,2026-08-16T01:40:00+08:00
5c0026af-2157-48f1-acb7-6c75fda85c4d,M-1913,SESS-20260815-5889-0432,RENTAL_REDEMPTION,-100,317,2026-08-15T20:40:00+08:00
58a01768-b283-4ed0-b32c-bb16d123a04f,M-1913,SESS-20260815-5889-0432,RENTAL_ACCRUAL,34,351,2026-08-15T23:40:00+08:00
2d5a6c20-0152-4ef3-86ac-1c613c2a8f01,M-2077,SESS-20260815-2703-0433,RENTAL_REDEMPTION,-100,65,2026-08-15T21:55:00+08:00
66e2e57c-6002-48d2-9030-b6d099183030,M-2077,SESS-20260815-2703-0433,RENTAL_ACCRUAL,5,70,2026-08-15T23:55:00+08:00
9e993610-2f1e-4565-b804-9fbe1636f0c8,M-1144,SESS-20260815-1587-0434,RENTAL_ACCRUAL,11,146,2026-08-16T00:05:00+08:00
446736b0-5ca6-4c67-851f-eaf2f0ac407b,M-2086,SESS-20260815-1009-0435,RENTAL_ACCRUAL,5,79,2026-08-15T23:05:00+08:00
49cbe1a1-e169-4499-9885-8892ec5d332d,M-1557,SESS-20260815-8518-0436,RENTAL_REDEMPTION,-100,554,2026-08-15T22:00:00+08:00
fc61f22c-21c3-46d9-a612-4c3c29e49d77,M-1557,SESS-20260815-8518-0436,RENTAL_ACCRUAL,2,556,2026-08-15T23:00:00+08:00
3a1c9138-8004-4f3c-a6e3-dce8d2f09bd2,M-1551,SESS-20260815-4882-0437,RENTAL_REDEMPTION,-100,110,2026-08-15T22:45:00+08:00
6c2bec9d-2a4d-4877-8d95-0785ca90698d,M-1551,SESS-20260815-4882-0437,RENTAL_ACCRUAL,5,115,2026-08-16T00:45:00+08:00
b3bfee39-da21-4923-b204-d2a6c4b41c3f,M-1286,SESS-20260815-9488-0438,RENTAL_ACCRUAL,5,145,2026-08-15T23:45:00+08:00
5866d4b6-1d6f-4ad9-b85b-85ac59bc1bf4,M-1449,SESS-20260815-9034-0439,RENTAL_REDEMPTION,-100,176,2026-08-15T23:40:00+08:00
915752eb-9f95-4f71-aa6c-8ac894b37660,M-1449,SESS-20260815-9034-0439,RENTAL_ACCRUAL,10,186,2026-08-16T02:40:00+08:00
b51331a3-87d5-46a0-867c-80c8fc4f3e16,M-1326,SESS-20260815-2040-0440,RENTAL_ACCRUAL,16,389,2026-08-16T02:55:00+08:00
4ef49028-e578-4838-a33c-5d189a5b2ae8,M-1131,SESS-20260815-2209-0441,RENTAL_ACCRUAL,27,153,2026-08-16T02:45:00+08:00
95d2fcbc-e7b3-4463-89cb-030814bb37be,M-1680,SESS-20260815-9232-0442,RENTAL_ACCRUAL,9,396,2026-08-15T23:15:00+08:00
81c7c841-c929-4cb9-ae0d-6eee4c0cbf98,M-1848,SESS-20260815-6963-0443,RENTAL_ACCRUAL,5,87,2026-08-15T22:45:00+08:00
a5fc6093-0914-47c8-b23d-8ea8e8e157c9,M-1420,SESS-20260815-1036-0444,RENTAL_REDEMPTION,-200,388,2026-08-15T23:55:00+08:00
bc55eb1a-d2b8-44e3-8785-ca5de456375e,M-1420,SESS-20260815-1036-0444,RENTAL_ACCRUAL,3,391,2026-08-16T02:55:00+08:00
7b84e593-e2e1-42d4-b2f3-dc803e4047a9,M-1237,SESS-20260815-6508-0445,RENTAL_REDEMPTION,-100,467,2026-08-15T14:45:00+08:00
3849dc43-1c16-4ea1-9bc6-e373c0f55894,M-1237,SESS-20260815-6508-0445,RENTAL_ACCRUAL,4,471,2026-08-15T16:45:00+08:00
b1a07c2a-fef6-495c-9aa2-ad37b578e97f,M-1327,SESS-20260815-2789-0446,RENTAL_ACCRUAL,9,2004,2026-08-15T20:05:00+08:00
c54b04fa-1c86-43ba-b519-d046a4405944,M-1550,SESS-20260815-1777-0447,RENTAL_REDEMPTION,-300,60,2026-08-15T20:35:00+08:00
5a483169-b667-43c6-ad1b-28768eb90e3f,M-1550,SESS-20260815-1777-0447,RENTAL_ACCRUAL,48,108,2026-08-16T01:35:00+08:00
4a48b7d7-9f34-4a0d-9ee0-3cf941ba1586,M-1421,SESS-20260815-6669-0448,RENTAL_ACCRUAL,19,542,2026-08-16T00:55:00+08:00
8a419def-fbf5-40f0-9052-880e8602371c,M-1084,SESS-20260815-1360-0449,RENTAL_ACCRUAL,72,216,2026-08-16T05:15:00+08:00
506701ee-8b5a-4d4e-a95e-41ac2461489c,M-1624,SESS-20260815-2963-0450,RENTAL_ACCRUAL,19,267,2026-08-15T22:05:00+08:00
88de6722-dd53-4ccc-9e56-e2ee6e8418ad,M-1815,SESS-20260815-8363-0451,RENTAL_ACCRUAL,27,109,2026-08-15T23:15:00+08:00
fe4a1b24-352c-415e-944d-50fd8d30c498,M-1208,SESS-20260815-7273-0452,RENTAL_ACCRUAL,48,3397,2026-08-16T07:20:00+08:00
b578b615-643d-4740-9822-f451a37ac749,M-1160,SESS-20260815-2724-0453,RENTAL_ACCRUAL,27,509,2026-08-16T02:25:00+08:00
1bbdc147-1ae9-4c43-b77e-7e8d772a4b87,M-1381,SESS-20260815-8369-0454,RENTAL_ACCRUAL,28,334,2026-08-16T02:00:00+08:00
caea7c5f-3893-49e1-8f47-df8d7e4145a5,M-2132,SESS-20260815-5307-0455,RENTAL_REDEMPTION,-100,18,2026-08-15T23:50:00+08:00
a23e0fbb-a1df-4904-8af7-b02107962a52,M-2132,SESS-20260815-5307-0455,RENTAL_ACCRUAL,19,37,2026-08-16T01:50:00+08:00
c54f3246-5804-434f-a860-ed8d9d2ff432,M-1046,SESS-20260815-5046-0456,RENTAL_ACCRUAL,28,1001,2026-08-15T22:10:00+08:00
6f5433cc-c331-4e81-99a8-d753f6576d5b,M-1237,SESS-20260815-2120-0457,RENTAL_ACCRUAL,48,519,2026-08-16T03:20:00+08:00
2eb001b2-6883-427a-9a78-e804c22175be,M-1250,SESS-20260815-6196-0458,RENTAL_ACCRUAL,5,101,2026-08-16T00:20:00+08:00
9e81497c-0bb0-4a24-a979-fae9f44d24e6,M-1691,SESS-20260815-6439-0459,RENTAL_ACCRUAL,5,655,2026-08-15T23:50:00+08:00
e243aef6-c056-4a63-a85a-9f36ffc9ab6e,M-1797,SESS-20260815-2837-0460,RENTAL_ACCRUAL,45,461,2026-08-16T03:15:00+08:00
ba30f0e7-e53f-493d-93f0-67147ee1dcb3,M-1779,SESS-20260815-8702-0461,RENTAL_ACCRUAL,40,207,2026-08-15T23:50:00+08:00
96c591e8-fc77-4d02-bd80-a053ae6bc731,M-1632,SESS-20260815-8864-0462,RENTAL_REDEMPTION,-100,56,2026-08-15T23:25:00+08:00
3f25497a-0497-400b-8a88-99200fdf70db,M-1632,SESS-20260815-8864-0462,RENTAL_ACCRUAL,4,60,2026-08-16T01:25:00+08:00
f5f905c3-57d2-4f96-a17e-a241cffdfbde,M-1939,SESS-20260815-7600-0463,RENTAL_REDEMPTION,-200,80,2026-08-15T22:05:00+08:00
c6408249-c433-4d3f-bf0c-e1f355e604d7,M-1939,SESS-20260815-7600-0463,RENTAL_ACCRUAL,5,85,2026-08-16T00:05:00+08:00
3335c9d4-daf7-4e41-ad3d-aab8b70d0f5d,M-1069,SESS-20260815-1315-0464,RENTAL_ACCRUAL,5,143,2026-08-16T00:25:00+08:00
53d79082-8549-457c-adf4-c50cc6765290,M-1428,SESS-20260815-5626-0465,RENTAL_ACCRUAL,27,82,2026-08-16T00:40:00+08:00
7dd80b83-cdc1-4c38-b9d3-84596f7fa530,M-1995,SESS-20260815-7629-0466,RENTAL_ACCRUAL,5,212,2026-08-16T00:50:00+08:00
21d7e291-64a6-4631-8e10-6c4937a530bd,M-1215,SESS-20260815-5946-0467,RENTAL_ACCRUAL,5,192,2026-08-15T17:00:00+08:00
d824b544-aa7c-4a2c-90e2-04c6510ab279,M-1438,SESS-20260815-6269-0468,RENTAL_REDEMPTION,-100,2605,2026-08-15T18:35:00+08:00
363677a5-f5f1-4fe6-81e0-99ad792b76ae,M-1438,SESS-20260815-6269-0468,RENTAL_ACCRUAL,2,2607,2026-08-15T19:35:00+08:00
8ce39650-171d-42eb-902f-14810be380a1,M-1311,SESS-20260815-9567-0469,RENTAL_REDEMPTION,-100,260,2026-08-15T19:30:00+08:00
45541ade-ba95-46ec-a4c9-34a5cc139bfe,M-1311,SESS-20260815-9567-0469,RENTAL_ACCRUAL,5,265,2026-08-15T21:30:00+08:00
74ad5e3b-5cb6-47bf-8814-33f7d7148d32,M-1244,SESS-20260815-5609-0470,RENTAL_ACCRUAL,27,354,2026-08-16T00:30:00+08:00
ca2f26f9-bbc7-4fdd-9fa5-c3ed81ceb72f,M-1119,SESS-20260815-2727-0471,RENTAL_ACCRUAL,28,425,2026-08-16T04:55:00+08:00
39db7ee7-43a7-4089-bdd0-4806028c7fb7,M-1503,SESS-20260815-7102-0472,RENTAL_ACCRUAL,18,884,2026-08-16T01:05:00+08:00
02cd284c-2d08-4073-86b6-d36d7a61bf65,M-1933,SESS-20260815-3911-0473,RENTAL_ACCRUAL,16,29,2026-08-16T01:30:00+08:00
730950f5-559b-4b85-b800-a677c48cdfca,M-1280,SESS-20260815-9107-0474,RENTAL_ACCRUAL,14,419,2026-08-16T00:55:00+08:00
f26c7779-471f-4b7d-a50d-36192767ff67,M-2050,SESS-20260815-7520-0475,RENTAL_ACCRUAL,10,78,2026-08-15T23:40:00+08:00
98474bd4-11a3-4edd-84bf-8762d57acf98,M-1231,SESS-20260815-5171-0476,RENTAL_REDEMPTION,-100,321,2026-08-15T23:45:00+08:00
c7f0413d-aa13-416b-a716-2d6de78934bb,M-1231,SESS-20260815-5171-0476,RENTAL_ACCRUAL,5,326,2026-08-16T01:45:00+08:00
ccb8168c-5519-41eb-a94c-00fae606ceff,M-1149,ORD-20260815-8751-0001,CONCESSION_ACCRUAL,9,265,2026-08-15T19:48:11+08:00
3427076b-d0b5-4f61-8ea4-728f4d9b0414,M-1546,ORD-20260815-1062-0002,CONCESSION_ACCRUAL,26,61,2026-08-15T16:08:53+08:00
35170e06-4f22-47d7-b9c9-f733de2c4961,M-1308,ORD-20260816-5170-0003,CONCESSION_ACCRUAL,34,98,2026-08-16T00:15:45+08:00
26a15ebf-8072-4fb9-b8e0-d6d240292a96,M-1632,ORD-20260816-5311-0004,CONCESSION_ACCRUAL,42,102,2026-08-16T00:43:40+08:00
924504fe-4abc-4599-b258-131b042e2c49,M-1443,ORD-20260815-1537-0005,CONCESSION_ACCRUAL,8,471,2026-08-15T21:13:45+08:00
2521f484-3701-498f-bbd3-6ee9f87a724f,M-1774,ORD-20260815-4510-0006,CONCESSION_ACCRUAL,9,375,2026-08-15T20:16:14+08:00
14cd40be-edba-4ffc-885d-3a6a2d3eb336,M-2182,ORD-20260815-3098-0007,CONCESSION_ACCRUAL,8,140,2026-08-15T22:10:13+08:00
954dec6d-ed2a-40ed-92e3-7e917fb41c3e,M-1687,ORD-20260815-6762-0008,CONCESSION_ACCRUAL,36,402,2026-08-15T21:18:53+08:00
0ffc47dd-f2b2-4696-a532-7dd61cd74faf,M-1481,ORD-20260815-3096-0009,CONCESSION_ACCRUAL,23,295,2026-08-15T21:57:46+08:00
35622a8d-a9af-4c96-9e7d-79148f39926c,M-1064,ORD-20260815-4766-0010,CONCESSION_ACCRUAL,15,290,2026-08-15T10:54:07+08:00
95e5d929-614b-41ab-b47c-91a04439baba,M-2015,ORD-20260815-3234-0011,CONCESSION_ACCRUAL,18,122,2026-08-15T22:30:19+08:00
846f2e82-9b21-4122-b2a4-8038a9d6d8dc,M-2057,ORD-20260815-3125-0012,CONCESSION_ACCRUAL,6,89,2026-08-15T23:06:48+08:00
516b97b4-6aa2-4f09-8028-7b1755ef52fc,M-1307,ORD-20260816-6491-0013,CONCESSION_ACCRUAL,17,111,2026-08-16T00:44:07+08:00
e3a4e9bd-3457-4d77-ba47-e6a7d951bd9f,M-1355,ORD-20260815-4396-0014,CONCESSION_ACCRUAL,25,102,2026-08-15T20:29:37+08:00
811a56f1-672a-41d9-b98f-569b62987fc1,M-2184,ORD-20260815-4256-0015,CONCESSION_ACCRUAL,6,112,2026-08-15T18:33:40+08:00
ecf4e96e-63c1-4d1f-bc99-62bd090ee66a,M-1020,ORD-20260815-4907-0016,CONCESSION_ACCRUAL,3,252,2026-08-15T23:57:34+08:00
dafa0f6d-9ab1-4ea4-bf7e-432c235f00ac,M-1808,ORD-20260815-3901-0017,CONCESSION_ACCRUAL,36,2142,2026-08-15T22:38:26+08:00
521a5dd2-7040-4b16-99f5-618bebc12bda,M-1303,ORD-20260815-8989-0018,CONCESSION_ACCRUAL,15,2554,2026-08-15T15:11:00+08:00
0b00b2fe-2d8d-4938-a2d2-caee2196a7c6,M-1850,ORD-20260815-8664-0019,CONCESSION_ACCRUAL,13,95,2026-08-15T20:45:23+08:00
439ad56f-e7f0-4b64-8e2a-5fc0d2c48d79,M-1744,ORD-20260815-6693-0020,CONCESSION_ACCRUAL,6,748,2026-08-15T22:39:33+08:00
8e004fb9-170b-428a-bd36-499672524961,M-2178,ORD-20260815-3642-0021,CONCESSION_ACCRUAL,9,70,2026-08-15T18:00:35+08:00
5a4b7712-ae14-4bdc-8f2d-7dedd2b5dc38,M-1868,ORD-20260815-2098-0022,CONCESSION_ACCRUAL,18,85,2026-08-15T13:07:08+08:00
45ff9bfa-1b84-4030-9de4-5cc3009e4317,M-1535,ORD-20260815-9093-0023,CONCESSION_ACCRUAL,7,248,2026-08-15T21:34:25+08:00
66fed1ef-a1da-42e4-9e8f-be2605750d34,M-1773,ORD-20260815-8457-0024,CONCESSION_ACCRUAL,13,50,2026-08-15T18:37:23+08:00
e613f352-0c91-464c-a05f-a706d127bcf5,M-1066,ORD-20260816-2997-0025,CONCESSION_ACCRUAL,43,336,2026-08-16T02:26:09+08:00
bc61e931-c3d9-49c7-a30c-37f7427ac507,M-2084,ORD-20260815-6437-0026,CONCESSION_ACCRUAL,36,402,2026-08-15T22:18:00+08:00
f38cf3e5-3116-4f3d-877b-d9c3df70b647,M-1050,ORD-20260815-4779-0027,CONCESSION_ACCRUAL,3,386,2026-08-15T17:06:06+08:00
4afe81ba-ca0c-4e0e-a249-fa06e73971ed,M-2105,ORD-20260815-7367-0028,CONCESSION_ACCRUAL,7,346,2026-08-15T22:57:22+08:00
c8adab0a-b850-409d-8e2c-4be73225cd03,M-2172,ORD-20260816-1382-0029,CONCESSION_ACCRUAL,25,401,2026-08-16T00:08:17+08:00
8b210896-ea31-4da3-b9fe-d1033ef83cc4,M-1516,ORD-20260815-1595-0030,CONCESSION_ACCRUAL,11,538,2026-08-15T17:44:19+08:00
304d1723-1cb5-4715-94bf-32139ddc84fc,M-1107,ORD-20260815-4764-0031,CONCESSION_ACCRUAL,10,152,2026-08-15T19:39:10+08:00
cff48d49-3c90-4979-881d-46cbae6f0490,M-1244,ORD-20260815-9884-0032,CONCESSION_ACCRUAL,8,362,2026-08-15T23:29:34+08:00
36e18b06-cc0c-451a-9a83-5bd41cd5c387,M-1222,ORD-20260816-4884-0033,CONCESSION_ACCRUAL,33,809,2026-08-16T02:42:28+08:00
2814fd47-27c8-4aa7-ad09-16ff93ed9b5f,M-1503,ORD-20260815-8619-0034,CONCESSION_ACCRUAL,8,892,2026-08-15T23:34:33+08:00
80ee1732-e160-4134-bac7-9d636a9ed0b2,M-1175,ORD-20260816-6452-0035,CONCESSION_ACCRUAL,24,458,2026-08-16T01:18:36+08:00
e855f361-c203-4668-8c40-72f67bd5322c,M-1749,ORD-20260815-3543-0036,CONCESSION_ACCRUAL,23,291,2026-08-15T12:25:25+08:00
cee5468a-9bbe-47fb-8ef6-d38105bf5ad4,M-2141,ORD-20260815-2927-0037,CONCESSION_ACCRUAL,8,257,2026-08-15T23:08:13+08:00
823b6053-ed00-443e-89c7-a9bacd236999,M-1609,ORD-20260815-5027-0038,CONCESSION_ACCRUAL,11,407,2026-08-15T20:56:41+08:00
53ecc635-fad8-406c-8978-47048c43d704,M-2088,ORD-20260815-2593-0039,CONCESSION_ACCRUAL,26,208,2026-08-15T22:38:28+08:00
1080b869-7412-4af2-ab76-a5f2de677c48,M-1232,ORD-20260815-5109-0040,CONCESSION_ACCRUAL,26,114,2026-08-15T20:08:51+08:00
5ea1591d-6e55-4445-87e3-590285d6a81f,M-1900,ORD-20260815-3463-0041,CONCESSION_ACCRUAL,15,162,2026-08-15T22:43:46+08:00
5ab2a91b-017f-4638-888d-9f3f24decfec,M-1621,ORD-20260815-4712-0042,CONCESSION_ACCRUAL,28,328,2026-08-15T21:11:36+08:00
a2fa5c0f-3cac-4b02-8f63-cf8e159aa7bb,M-1933,ORD-20260816-6218-0043,CONCESSION_ACCRUAL,7,36,2026-08-16T00:37:29+08:00
8bdac919-124a-4912-8dbb-fa6efeca32e0,M-1871,ORD-20260815-4871-0044,CONCESSION_ACCRUAL,9,68,2026-08-15T17:38:50+08:00
fdfbb68d-0a0c-4c63-bf9f-04824c9cf238,M-1957,ORD-20260815-6138-0045,CONCESSION_ACCRUAL,16,94,2026-08-15T22:41:31+08:00
8457dd17-21b7-4e79-a8f6-5931c863cd2d,M-1657,ORD-20260815-9583-0046,CONCESSION_ACCRUAL,20,591,2026-08-15T19:57:10+08:00
bf1789fd-678c-4b13-b08a-dc8979311c4f,M-1939,ORD-20260815-6729-0047,CONCESSION_ACCRUAL,21,106,2026-08-15T20:45:22+08:00
b2096676-09ec-4ba9-81ce-d5782dc3720c,M-1637,ORD-20260815-8705-0048,CONCESSION_ACCRUAL,13,1599,2026-08-15T20:04:44+08:00
9233318a-7bf5-4ced-b747-545ace1b4e7f,M-1368,ORD-20260815-9789-0049,CONCESSION_ACCRUAL,21,282,2026-08-15T23:25:38+08:00
3ef42582-266a-4938-b888-10c305d8909d,M-1661,ORD-20260815-5185-0050,CONCESSION_ACCRUAL,9,2707,2026-08-15T17:50:59+08:00
614fc11b-7813-4f09-9376-c1154a5a6dab,M-1297,ORD-20260815-3948-0051,CONCESSION_ACCRUAL,11,196,2026-08-15T20:15:56+08:00
18a312ff-6fc5-44b1-ac47-594a1b46b089,M-1762,ORD-20260815-7506-0052,CONCESSION_ACCRUAL,10,173,2026-08-15T13:00:58+08:00
1ea5a988-26f3-475c-bbb2-6bede65b810f,M-1959,ORD-20260815-8845-0053,CONCESSION_ACCRUAL,7,614,2026-08-15T21:55:44+08:00
b61dfd8e-b131-4af4-abd9-b98c1b2793bb,M-1747,ORD-20260815-2362-0054,CONCESSION_ACCRUAL,11,323,2026-08-15T21:43:36+08:00
f575bb6e-56c5-4084-a452-59703b793ba4,M-1217,ORD-20260815-7033-0055,CONCESSION_ACCRUAL,23,344,2026-08-15T20:11:40+08:00
9daed9d8-f283-4d58-91a4-3b2eea56f72b,M-1589,ORD-20260816-4767-0056,CONCESSION_ACCRUAL,8,95,2026-08-16T01:07:07+08:00
5e75d810-f78f-483e-a99b-9f74db202149,M-1725,ORD-20260815-2677-0057,CONCESSION_ACCRUAL,26,55,2026-08-15T21:13:57+08:00
edba6289-ef92-45eb-a687-7ebaa2877d5a,M-1428,ORD-20260815-8635-0058,CONCESSION_ACCRUAL,9,91,2026-08-15T19:10:12+08:00
55ef5ad4-4a82-440a-b1b1-296d4133e193,M-1356,ORD-20260815-5403-0059,CONCESSION_ACCRUAL,4,845,2026-08-15T21:31:15+08:00
56c5a0c9-4b09-46d2-b51e-8016ac7d62e6,M-1739,ORD-20260815-1045-0060,CONCESSION_ACCRUAL,7,64,2026-08-15T13:20:31+08:00
c16db5de-e930-48ec-aa78-d494950ed85e,M-1625,ORD-20260815-5618-0061,CONCESSION_ACCRUAL,20,2691,2026-08-15T17:45:23+08:00
c4641a78-954c-4f05-b3e8-894a9462a45e,M-1552,ORD-20260815-3393-0062,CONCESSION_ACCRUAL,8,125,2026-08-15T23:00:00+08:00
06b4d72e-6c7c-4efb-84fe-583db68b7d09,M-1250,ORD-20260815-1546-0063,CONCESSION_ACCRUAL,38,139,2026-08-15T23:22:19+08:00
8f3e4303-d3ea-4dc2-9ac1-0c8403b0fa86,M-1017,ORD-20260816-8275-0064,CONCESSION_ACCRUAL,30,427,2026-08-16T01:21:57+08:00
2748c7d1-c13b-4267-9f94-7333143c1b25,M-1449,ORD-20260815-5259-0065,CONCESSION_ACCRUAL,23,209,2026-08-15T23:58:46+08:00
f7f0def9-493c-45be-b445-3923c012a638,M-2063,ORD-20260815-6437-0066,CONCESSION_ACCRUAL,19,328,2026-08-15T17:29:43+08:00
58bf8867-4958-49f1-b1da-785fb283b625,M-1294,ORD-20260815-6617-0067,CONCESSION_ACCRUAL,8,197,2026-08-15T18:08:21+08:00
d8a69886-72db-4c72-8046-8fd296508adf,M-1715,ORD-20260815-9969-0068,CONCESSION_ACCRUAL,23,348,2026-08-15T23:51:25+08:00
1b8e35e4-bf0f-4f67-9477-ee6bcf4e197d,M-1601,ORD-20260815-9451-0069,CONCESSION_ACCRUAL,15,464,2026-08-15T16:27:07+08:00
721251de-a518-469c-b879-2469090f3c0e,M-2001,ORD-20260815-9150-0070,CONCESSION_ACCRUAL,21,163,2026-08-15T22:40:19+08:00
318f40ab-42a7-4252-a525-b5018cff3a40,M-1018,ORD-20260815-6696-0071,CONCESSION_ACCRUAL,30,108,2026-08-15T04:41:28+08:00
9fe15464-f6e9-43e4-b06b-8efb24f20d51,M-1248,ORD-20260815-1148-0072,CONCESSION_ACCRUAL,10,101,2026-08-15T18:00:43+08:00
891190c0-4a6f-4351-bcc6-d6c968fb1be1,M-2013,ORD-20260815-9225-0073,CONCESSION_ACCRUAL,6,77,2026-08-15T23:22:29+08:00
7cd78ee7-92c5-434b-89ce-5ac98e987f41,M-1958,ORD-20260815-4635-0074,CONCESSION_ACCRUAL,6,190,2026-08-15T16:48:20+08:00
78dfc449-7ca1-46bf-93ee-ea5370a00e5f,M-1257,ORD-20260815-7825-0075,CONCESSION_ACCRUAL,3,229,2026-08-15T18:03:38+08:00
e604579c-a90c-4add-8a94-3e2b937f0f53,M-1550,ORD-20260815-7458-0076,CONCESSION_ACCRUAL,11,119,2026-08-15T23:16:58+08:00
6dca4944-164b-4801-9bf9-a387e638e017,M-1568,ORD-20260815-8032-0077,CONCESSION_ACCRUAL,16,290,2026-08-15T23:43:26+08:00
2f67314c-9e6e-4c78-8563-fd59a1465a89,M-1459,ORD-20260815-4389-0078,CONCESSION_ACCRUAL,25,106,2026-08-15T15:04:54+08:00
a0fc2e13-d545-4aca-877d-813f59c6621d,M-1023,ORD-20260815-7270-0079,CONCESSION_ACCRUAL,21,386,2026-08-15T20:35:21+08:00
28931a7d-2d74-4625-b897-3b4de0abed89,M-1685,ORD-20260815-3389-0080,CONCESSION_ACCRUAL,58,367,2026-08-15T19:01:11+08:00
7a76d623-5f9d-489a-89cb-32ea9d489574,M-1483,ORD-20260815-6549-0081,CONCESSION_ACCRUAL,3,443,2026-08-15T16:08:25+08:00
356a313a-b33b-4ef2-b95d-8750d6fa9e78,M-1472,ORD-20260816-5062-0082,CONCESSION_ACCRUAL,11,289,2026-08-16T01:25:35+08:00
ced1e399-5375-484f-af22-dcdd886b320f,M-2044,ORD-20260815-3282-0083,CONCESSION_ACCRUAL,15,308,2026-08-15T23:28:10+08:00
404eddc4-697a-43fe-a96c-2828ecc15448,M-1771,ORD-20260815-4023-0084,CONCESSION_ACCRUAL,10,176,2026-08-15T18:44:54+08:00
9544b01e-e153-40c3-90b1-8f2702aba347,M-1094,ORD-20260816-1277-0085,CONCESSION_ACCRUAL,28,342,2026-08-16T03:08:25+08:00
14779a3a-e8a7-4ad8-8a1c-113154291c7a,M-1704,ORD-20260815-3387-0086,CONCESSION_ACCRUAL,7,130,2026-08-15T13:00:55+08:00
0aedec9e-baa1-448f-8da9-3307fb279e41,M-1118,ORD-20260815-4945-0087,CONCESSION_ACCRUAL,15,132,2026-08-15T21:40:03+08:00
dab247d8-1734-4ef0-9ee9-71c2f4b9edf9,M-1237,ORD-20260815-3245-0088,CONCESSION_ACCRUAL,18,537,2026-08-15T15:31:08+08:00
6b087d96-3ddf-429e-bba9-908137e6c3d9,M-2018,ORD-20260815-8759-0089,CONCESSION_ACCRUAL,8,407,2026-08-15T21:25:54+08:00
f74d388a-f602-4659-be42-f3397c78928b,M-1444,ORD-20260815-9024-0090,CONCESSION_ACCRUAL,9,3129,2026-08-15T23:39:19+08:00
8d8a86f9-7718-4cb9-a00f-4049f218f3e9,M-1288,ORD-20260815-2733-0091,CONCESSION_ACCRUAL,9,533,2026-08-15T12:36:49+08:00
b5693d8a-8dfc-4a45-b981-80cebdc7b161,M-1631,ORD-20260815-4633-0092,CONCESSION_ACCRUAL,30,212,2026-08-15T23:02:38+08:00
7859cdda-ce0a-4bf4-a616-f8ff69a6f1ca,M-1422,ORD-20260815-9523-0093,CONCESSION_ACCRUAL,11,349,2026-08-15T18:58:17+08:00
2943bd7a-7f47-4a12-9dba-3e07d7a9890a,M-1333,ORD-20260815-6761-0094,CONCESSION_ACCRUAL,7,246,2026-08-15T10:59:04+08:00
01d7bc9c-78e3-4dce-8b74-180e2af95391,M-1063,ORD-20260816-7305-0095,CONCESSION_ACCRUAL,11,499,2026-08-16T00:31:55+08:00
e64405c1-4345-4403-96ae-98ce4b36dbde,M-1111,ORD-20260815-9652-0096,CONCESSION_ACCRUAL,11,225,2026-08-15T18:43:54+08:00
1f778f7f-bda7-4a47-bd83-3257a62b6967,M-1741,ORD-20260815-2743-0097,CONCESSION_ACCRUAL,9,184,2026-08-15T20:33:33+08:00
2803b859-d2b1-4fcd-a716-e93a8b50b979,M-1440,ORD-20260815-4696-0098,CONCESSION_ACCRUAL,11,368,2026-08-15T19:06:35+08:00
a1d377fd-d1c6-432b-9c66-f6ced97a5960,M-2117,ORD-20260815-7162-0099,CONCESSION_ACCRUAL,8,62,2026-08-15T23:12:42+08:00
c9c1d503-0061-4bf1-b0b7-f2360dbe3b42,M-1403,ORD-20260815-4138-0100,CONCESSION_ACCRUAL,20,2606,2026-08-15T22:21:56+08:00
d0660ee9-49e6-4c9e-9d49-3df6b9579a8e,M-1369,ORD-20260816-8495-0101,CONCESSION_ACCRUAL,11,469,2026-08-16T00:19:56+08:00
dfd7340a-5173-4476-9018-1273d10f49d2,M-2035,ORD-20260815-2866-0102,CONCESSION_ACCRUAL,11,297,2026-08-15T17:00:32+08:00
c8a40f12-7009-41ad-86dd-cb0913897a6b,M-1275,ORD-20260815-8069-0103,CONCESSION_ACCRUAL,3,214,2026-08-15T18:25:32+08:00
1911057c-2fca-46bb-ac4e-63ff777a764f,M-1221,ORD-20260815-7653-0104,CONCESSION_ACCRUAL,26,1440,2026-08-15T17:08:56+08:00
8bebd85f-0b26-40da-a476-42d657494e65,M-1023,ORD-20260815-3402-0105,CONCESSION_ACCRUAL,27,413,2026-08-15T08:43:16+08:00
8299dc6b-f7fe-4178-aad3-0cf66b1f461f,M-1301,ORD-20260815-4176-0106,CONCESSION_ACCRUAL,11,22,2026-08-15T21:11:36+08:00
eb7b9f82-b6bb-4c13-91a1-a71cadb02c41,M-2195,ORD-20260815-5858-0107,CONCESSION_ACCRUAL,15,452,2026-08-15T14:21:06+08:00
7bd532e7-c8d2-4bd3-9f7a-dd3836d69115,M-1243,ORD-20260815-2959-0108,CONCESSION_ACCRUAL,30,171,2026-08-15T17:03:03+08:00
b292bd82-2dc0-4aaf-b151-6324ad34b209,M-1174,ORD-20260815-8282-0109,CONCESSION_ACCRUAL,16,295,2026-08-15T20:47:32+08:00
7d1b5f6f-e017-4549-829d-029e87e8acc5,M-1484,ORD-20260815-8860-0110,CONCESSION_ACCRUAL,15,415,2026-08-15T22:19:16+08:00
69b24c5b-6423-4040-bc45-b7f76d34a0e5,M-1703,ORD-20260815-7934-0111,CONCESSION_ACCRUAL,9,192,2026-08-15T20:24:45+08:00
bd145f45-7910-4dcf-8fb4-bf4fe486462f,M-1131,ORD-20260816-1745-0112,CONCESSION_ACCRUAL,8,161,2026-08-16T00:14:44+08:00
27fb4552-df45-4b65-8023-5bc81cb62e90,M-2086,ORD-20260815-4662-0113,CONCESSION_ACCRUAL,13,92,2026-08-15T22:21:03+08:00
43a8501a-79c6-42cf-8ccb-f63227efc582,M-2058,ORD-20260816-2297-0114,CONCESSION_ACCRUAL,12,116,2026-08-16T00:04:31+08:00
912f304e-c623-4943-8759-b142e383fb3b,M-1069,ORD-20260815-7178-0115,CONCESSION_ACCRUAL,8,151,2026-08-15T23:50:26+08:00
d6f2b5d0-66a4-4178-9eb4-7c61d4c60223,M-1119,ORD-20260816-7923-0116,CONCESSION_ACCRUAL,15,440,2026-08-16T01:52:52+08:00
3356bc2c-7e81-4bd8-89f3-f681633c01c0,M-1727,ORD-20260815-9911-0117,CONCESSION_ACCRUAL,11,230,2026-08-15T16:24:42+08:00
f2a3e0fd-df27-4044-9b59-dbcef87c483c,M-1960,ORD-20260815-8628-0118,CONCESSION_ACCRUAL,27,256,2026-08-15T19:45:11+08:00
8db3d0b2-99a8-41b3-90d0-65e827476c7d,M-1467,ORD-20260815-5563-0119,CONCESSION_ACCRUAL,8,232,2026-08-15T11:12:38+08:00
4796801b-41d2-4a8b-86e6-8f86e30dc1b8,M-1547,ORD-20260815-7049-0120,CONCESSION_ACCRUAL,45,659,2026-08-15T18:25:37+08:00
76ca4553-6cd1-4042-bad1-7c74514e7f47,M-1169,ORD-20260815-5891-0121,CONCESSION_ACCRUAL,16,520,2026-08-15T20:24:36+08:00
5dc8d35d-9034-40c0-8b4a-12fc74faddd8,M-1223,ORD-20260815-7668-0122,CONCESSION_ACCRUAL,26,114,2026-08-15T23:58:59+08:00
e478aeaf-3bf5-49f6-9b0d-116a909485f4,M-2163,ORD-20260815-8841-0123,CONCESSION_ACCRUAL,16,171,2026-08-15T11:39:26+08:00
61abe590-d0dc-4782-9440-1c91e7925772,M-1215,ORD-20260815-3780-0124,CONCESSION_ACCRUAL,20,212,2026-08-15T16:46:54+08:00
dbd5a04e-aaca-445a-9d90-39b8c1d2d9fc,M-1395,ORD-20260815-5796-0125,CONCESSION_ACCRUAL,11,101,2026-08-15T17:45:27+08:00
fa30cf88-a3d3-4068-9f51-578618afe217,M-1073,ORD-20260815-2902-0126,CONCESSION_ACCRUAL,16,87,2026-08-15T20:59:21+08:00
363b25dd-7e2e-4f61-ab6a-c8c99960b1c5,M-1420,ORD-20260816-8691-0127,CONCESSION_ACCRUAL,54,445,2026-08-16T01:23:50+08:00
1d844f1b-6a5e-44dd-83b2-e211f92703b0,M-1416,ORD-20260815-6134-0128,CONCESSION_ACCRUAL,18,2516,2026-08-15T23:35:55+08:00
d6b0b180-a525-4ab0-8a5b-e18f876a332b,M-1421,ORD-20260816-1181-0129,CONCESSION_ACCRUAL,9,551,2026-08-16T00:12:52+08:00
59ef32be-e97f-4dd2-b13c-daeab0dc431c,M-1682,ORD-20260816-8964-0130,CONCESSION_ACCRUAL,9,728,2026-08-16T00:48:23+08:00
4fcdcd99-77a1-4c40-818f-92e77b1a50d5,M-1771,ORD-20260815-8097-0131,CONCESSION_ACCRUAL,3,179,2026-08-15T22:54:13+08:00
69906ce6-bd55-4e9a-95d0-e620b581c367,M-1125,ORD-20260815-9400-0132,CONCESSION_ACCRUAL,11,681,2026-08-15T21:38:59+08:00
05d70b89-9d97-4cea-bc58-ae533ad2f7cf,M-1621,ORD-20260815-8632-0133,CONCESSION_ACCRUAL,8,336,2026-08-15T22:39:20+08:00
7a2c11b3-08a4-47d7-b782-7e607467d740,M-1680,ORD-20260815-1970-0134,CONCESSION_ACCRUAL,15,411,2026-08-15T22:50:08+08:00
e8206aea-a089-4d3b-b824-1cc38980ee47,M-1612,ORD-20260815-4801-0135,CONCESSION_ACCRUAL,31,556,2026-08-15T22:49:26+08:00
59140713-de8b-4846-ad48-9b8e333d03ed,M-1192,ORD-20260816-2434-0136,CONCESSION_ACCRUAL,17,298,2026-08-16T03:33:58+08:00
9e7b9784-9ab0-4660-b89b-e728da072f0e,M-1922,ORD-20260816-3312-0137,CONCESSION_ACCRUAL,11,385,2026-08-16T01:13:53+08:00
41f61448-0760-4c72-8df2-b43e378f3533,M-2150,ORD-20260816-9328-0138,CONCESSION_ACCRUAL,21,120,2026-08-16T01:56:14+08:00
3ebca0ec-5937-49bc-9a8d-b85741a7314a,M-1300,ORD-20260815-5316-0139,CONCESSION_ACCRUAL,9,513,2026-08-15T22:52:39+08:00
a909d367-3fb8-4235-9457-058676c0196b,M-1735,ORD-20260815-9484-0140,CONCESSION_ACCRUAL,3,444,2026-08-15T23:53:00+08:00
d75e9717-2890-4a4d-a9a9-9fa9048d2e73,M-1005,ORD-20260815-4358-0141,CONCESSION_ACCRUAL,8,51,2026-08-15T13:08:35+08:00
84147cb5-371a-4122-8e96-56b2dd07f469,M-1815,ORD-20260815-6126-0142,CONCESSION_ACCRUAL,3,112,2026-08-15T22:02:38+08:00
3cb15ffc-deb6-4390-8bf2-22195906ab4b,M-1832,ORD-20260815-7277-0143,CONCESSION_ACCRUAL,3,63,2026-08-15T20:07:35+08:00
84cbba03-b486-438e-8eae-1af16d3121cf,M-1219,ORD-20260815-9494-0144,CONCESSION_ACCRUAL,25,230,2026-08-15T21:13:31+08:00
205cd3ae-954b-4b0b-8209-7b8368d92d68,M-1359,ORD-20260815-7627-0145,CONCESSION_ACCRUAL,27,1395,2026-08-15T14:01:02+08:00
422338f1-91c8-4433-b61f-c63338dd49b5,M-1172,ORD-20260815-2761-0146,CONCESSION_ACCRUAL,32,769,2026-08-15T18:31:45+08:00
8af89ee1-4be3-4bb5-b5f8-acfd450a9134,M-1580,ORD-20260815-8591-0147,CONCESSION_ACCRUAL,12,1068,2026-08-15T19:47:28+08:00
b35ab7cd-c011-413c-a0d2-c3c77d215a2d,M-2002,ORD-20260815-8291-0148,CONCESSION_ACCRUAL,11,172,2026-08-15T20:58:38+08:00
dad7a24c-3b69-46cb-9cfe-2519aadb7019,M-1796,ORD-20260815-1329-0149,CONCESSION_ACCRUAL,11,571,2026-08-15T18:48:22+08:00
4211794e-3137-4b1d-80eb-60889672b37f,M-1153,ORD-20260815-9602-0150,CONCESSION_ACCRUAL,8,378,2026-08-15T20:11:53+08:00
4396675e-07bc-446d-9059-55f1b83092da,M-1459,ORD-20260816-3687-0151,CONCESSION_ACCRUAL,23,129,2026-08-16T01:08:24+08:00
7362aa94-126a-4cc1-ad49-d2ecfd755993,M-1674,ORD-20260815-5144-0152,CONCESSION_ACCRUAL,15,802,2026-08-15T22:28:02+08:00
8fc4f569-df3e-4c8b-9f01-872f61f3ae14,M-1150,ORD-20260815-3466-0153,CONCESSION_ACCRUAL,3,230,2026-08-15T12:21:02+08:00
779ab29e-5279-4a32-83b4-4104542c33aa,M-1787,ORD-20260815-5257-0154,CONCESSION_ACCRUAL,8,245,2026-08-15T17:31:52+08:00
0d352dd7-cc4e-46b8-9b21-2789edc35b65,M-1155,ORD-20260815-8462-0155,CONCESSION_ACCRUAL,41,645,2026-08-15T19:50:33+08:00
ad90a3c0-5271-4c85-89a1-f3e34b45190f,M-1819,ORD-20260816-7425-0156,CONCESSION_ACCRUAL,31,301,2026-08-16T00:27:40+08:00
1f0f7620-ef7a-4b2d-bb2d-f788d19de58c,M-1977,ORD-20260815-8923-0157,CONCESSION_ACCRUAL,10,50,2026-08-15T11:40:29+08:00
cc446097-79b0-45ca-849c-ddf80dd61a61,M-1560,ORD-20260815-6336-0158,CONCESSION_ACCRUAL,11,183,2026-08-15T12:20:36+08:00
d8f51597-db22-42e1-ad57-fc5be9562bd9,M-1470,ORD-20260815-9279-0159,CONCESSION_ACCRUAL,23,231,2026-08-15T15:03:11+08:00
5bf7c8cd-058e-4838-b887-96216577b295,M-1490,ORD-20260815-1958-0160,CONCESSION_ACCRUAL,45,325,2026-08-15T17:13:37+08:00
960537f3-969b-47c8-87be-b1fe887c5c9d,M-1438,ORD-20260815-1847-0161,CONCESSION_ACCRUAL,12,2619,2026-08-15T19:33:32+08:00
cb62efef-fa1d-42af-9ddc-a154b9ab5e08,M-1821,ORD-20260815-7871-0162,CONCESSION_ACCRUAL,24,152,2026-08-15T16:28:28+08:00
d699eae0-953a-4965-822e-b0281ff572f1,M-1787,ORD-20260815-5276-0163,CONCESSION_ACCRUAL,23,268,2026-08-15T19:30:01+08:00
d144eb8b-0a47-49ec-a843-48a8991b5e2f,M-1799,ORD-20260815-9851-0164,CONCESSION_ACCRUAL,16,336,2026-08-15T03:43:26+08:00
fe676cee-c82b-47e3-9f0d-5f9c87961db8,M-2003,ORD-20260815-6225-0165,CONCESSION_ACCRUAL,21,256,2026-08-15T19:46:52+08:00
10852921-7d5b-45a0-85e2-a910e64c1430,M-1730,ORD-20260816-9785-0166,CONCESSION_ACCRUAL,8,155,2026-08-16T00:01:16+08:00
d70a42e3-284d-470d-bcec-99615179083d,M-2132,ORD-20260816-4126-0167,CONCESSION_ACCRUAL,29,66,2026-08-16T01:46:54+08:00
99a074f9-6f0d-4a78-9c2c-c5fb47bb0190,M-1507,ORD-20260815-5482-0168,CONCESSION_ACCRUAL,27,383,2026-08-15T22:05:12+08:00
9444defe-ba5a-4419-8946-45d052dd19ca,M-1671,ORD-20260815-6030-0169,CONCESSION_ACCRUAL,16,306,2026-08-15T20:22:16+08:00
fbd7d296-4ced-4725-8fb5-010ba9e92477,M-1345,ORD-20260815-8678-0170,CONCESSION_ACCRUAL,20,651,2026-08-15T21:44:54+08:00
88a446a5-ebd4-4ed1-b9ad-46274ce4af08,M-1409,ORD-20260815-4599-0171,CONCESSION_ACCRUAL,21,436,2026-08-15T18:11:19+08:00
0292c76e-e5b3-47ba-831c-ce09529ebec6,M-1838,ORD-20260815-8236-0172,CONCESSION_ACCRUAL,11,506,2026-08-15T21:04:28+08:00
89bcc0ca-7daa-4d26-a0ff-d4d4859e5fc8,M-1173,ORD-20260815-8237-0173,CONCESSION_ACCRUAL,4,250,2026-08-15T17:35:25+08:00
87ff6c9e-6da5-46a5-830a-814d69b36dd7,M-1368,ORD-20260815-9219-0174,CONCESSION_ACCRUAL,30,312,2026-08-15T21:08:44+08:00
a6c4f291-415e-4cc8-b6b7-abd63bce0893,M-1366,ORD-20260816-5415-0175,CONCESSION_ACCRUAL,3,616,2026-08-16T00:07:42+08:00
e22cc9d4-75be-4a26-b02e-536ad8ee23d0,M-1461,ORD-20260815-2614-0176,CONCESSION_ACCRUAL,9,362,2026-08-15T21:48:08+08:00
5007bb55-c8e5-4201-9ce0-29df9e019c2b,M-1167,ORD-20260815-5238-0177,CONCESSION_ACCRUAL,18,492,2026-08-15T15:45:57+08:00
3847cc9d-d42c-40e1-b6b7-469e7175840b,M-1482,ORD-20260815-6292-0178,CONCESSION_ACCRUAL,8,440,2026-08-15T20:09:06+08:00
8f027f3e-e207-45ba-a183-8007d888e74d,M-1335,ORD-20260815-3475-0179,CONCESSION_ACCRUAL,9,348,2026-08-15T23:00:30+08:00
0ca9d859-fc9c-441c-b8a8-98206a4f936a,M-1008,ORD-20260815-5400-0180,CONCESSION_ACCRUAL,25,79,2026-08-15T21:29:49+08:00
8ddd561e-28a6-43f6-9f83-307027ae271f,M-2144,ORD-20260815-7971-0181,CONCESSION_ACCRUAL,6,111,2026-08-15T22:57:29+08:00
5dfd2d23-3484-4a7e-8059-7e42d04136cc,M-1582,ORD-20260815-7243-0182,CONCESSION_ACCRUAL,18,551,2026-08-15T16:51:35+08:00
eb6b9f1b-1d05-4949-ba07-aa4cccd4906d,M-1036,ORD-20260816-5362-0183,CONCESSION_ACCRUAL,20,374,2026-08-16T03:40:04+08:00
a9ff46fa-c34e-44ef-8e4a-9521783d69e4,M-1807,ORD-20260815-1784-0184,CONCESSION_ACCRUAL,19,347,2026-08-15T22:34:28+08:00
cfcf3315-336f-40c5-a1fc-41d925d0cf34,M-1517,ORD-20260816-3115-0185,CONCESSION_ACCRUAL,15,37,2026-08-16T00:44:11+08:00
86cf582a-5b33-4220-a0de-12226ab74704,M-1127,ORD-20260816-5227-0186,CONCESSION_ACCRUAL,11,138,2026-08-16T00:14:30+08:00
8e323027-c4c4-4d61-9612-23ab48d32235,M-1478,ORD-20260815-6423-0187,CONCESSION_ACCRUAL,3,115,2026-08-15T19:33:34+08:00
8d737b41-4679-4b84-8511-02948e718d1b,M-2196,ORD-20260815-8471-0188,CONCESSION_ACCRUAL,8,340,2026-08-15T22:57:24+08:00
653ea273-0e92-411c-8a9d-04b17ed666b8,M-1592,ORD-20260815-7712-0189,CONCESSION_ACCRUAL,43,326,2026-08-15T15:16:11+08:00
ecfa1e65-ac20-4ef4-ab09-1ba2c57a179b,M-1256,ORD-20260815-5966-0190,CONCESSION_ACCRUAL,28,188,2026-08-15T20:40:42+08:00
3728be9f-4b97-4e96-b7ed-8dffb9cbb16e,M-2163,ORD-20260815-1542-0191,CONCESSION_ACCRUAL,10,181,2026-08-15T23:26:18+08:00
b01b8252-d53b-4ee8-b575-915c7a1db2a9,M-1135,ORD-20260815-3318-0192,CONCESSION_ACCRUAL,23,226,2026-08-15T11:31:32+08:00
f90c73e9-8d60-481b-870b-9a0c338aa870,M-1720,ORD-20260815-1912-0193,CONCESSION_ACCRUAL,3,507,2026-08-15T13:33:04+08:00
6501fad3-6de3-42ac-992f-a4bf1f008fa3,M-1448,ORD-20260816-2780-0194,CONCESSION_ACCRUAL,22,254,2026-08-16T01:12:28+08:00
ca9705ea-86ff-4cc5-aa8b-107011d02901,M-2180,ORD-20260815-7531-0195,CONCESSION_ACCRUAL,18,57,2026-08-15T23:38:09+08:00
25f24f69-491d-4a49-941c-f7c77aee4dbe,M-1068,ORD-20260815-2228-0196,CONCESSION_ACCRUAL,30,109,2026-08-15T14:56:28+08:00
8abc39c3-e74f-4af3-bcc5-9bf4fc10df33,M-1614,ORD-20260815-1783-0197,CONCESSION_ACCRUAL,8,337,2026-08-15T14:28:40+08:00
5d677320-3467-45a1-8b2e-490623febbc6,M-1212,ORD-20260815-5336-0198,CONCESSION_ACCRUAL,11,421,2026-08-15T23:06:51+08:00
55289bb8-c947-4890-8566-1755e259b2af,M-1562,ORD-20260815-6784-0199,CONCESSION_ACCRUAL,13,1391,2026-08-15T21:29:14+08:00
c907faa2-9388-4b32-8557-1cdcae8306fb,M-1799,ORD-20260815-9557-0200,CONCESSION_ACCRUAL,16,352,2026-08-15T21:45:10+08:00
eca51ea0-a787-47d6-be5f-36e358e99c20,M-1084,ORD-20260815-2276-0201,CONCESSION_ACCRUAL,11,227,2026-08-15T21:56:55+08:00
41640036-734f-4c43-a5fa-c8eeb85806d8,M-1128,ORD-20260815-5908-0202,CONCESSION_ACCRUAL,11,134,2026-08-15T17:38:29+08:00
5cdf13f9-0aba-4df7-a119-cc4a76819035,M-1386,ORD-20260816-6646-0203,CONCESSION_ACCRUAL,8,403,2026-08-16T00:07:50+08:00
9dc74cd8-a74d-4153-a764-5c8679ff46b2,M-1515,ORD-20260815-9680-0204,CONCESSION_ACCRUAL,3,267,2026-08-15T23:04:29+08:00
e2386f60-957f-4bd7-8b7c-7ea45abe67ce,M-1528,ORD-20260815-8931-0205,CONCESSION_ACCRUAL,3,46,2026-08-15T23:47:49+08:00
b1557836-ce60-4780-848d-9c9330e96143,M-2000,ORD-20260815-5186-0206,CONCESSION_ACCRUAL,11,433,2026-08-15T16:14:35+08:00
e2a8d73f-7d17-4b28-b4df-9b0802356b40,M-1677,ORD-20260815-8745-0207,CONCESSION_ACCRUAL,26,344,2026-08-15T21:44:15+08:00
a12e887a-c597-4e6a-9fe3-4a68e2dec419,M-1834,ORD-20260815-4328-0208,CONCESSION_ACCRUAL,10,265,2026-08-15T23:50:22+08:00
d70e4c6e-87da-4d07-ae65-c47123e27e1f,M-1552,ORD-20260815-2003-0209,CONCESSION_ACCRUAL,15,140,2026-08-15T07:07:45+08:00
002ca7d8-7d9a-4447-b99c-1d5e89defdcb,M-1770,ORD-20260815-6148-0210,CONCESSION_ACCRUAL,27,229,2026-08-15T18:51:58+08:00
2d9ac233-fb28-4338-acc7-0de7d8a6c923,M-1717,ORD-20260815-2942-0211,CONCESSION_ACCRUAL,15,661,2026-08-15T16:49:45+08:00
9931f5ef-69d3-4dab-80f2-90f2036fe649,M-1717,TIER_UPGRADE_Silver_TO_Gold,TIER_BONUS,100,761,2026-08-15T16:49:45+08:00
22ca860a-4aed-4ab8-b6e4-9bf22de14cfe,M-1209,ORD-20260815-8518-0212,CONCESSION_ACCRUAL,19,412,2026-08-15T21:27:30+08:00
8f9c6ae4-52f3-429d-b706-7bfd69891a58,M-1776,ORD-20260816-6335-0213,CONCESSION_ACCRUAL,30,128,2026-08-16T02:55:50+08:00
bf7063c9-6e36-4f48-9e27-803fff26a558,M-1412,ORD-20260815-8796-0214,CONCESSION_ACCRUAL,14,483,2026-08-15T14:42:33+08:00
8e6a89e0-0efd-4c61-92ad-4e688ef6ad20,M-1591,ORD-20260815-8662-0215,CONCESSION_ACCRUAL,65,1729,2026-08-15T20:35:12+08:00
253035ab-886a-431f-8378-dd3e9a2e6175,M-1162,ORD-20260816-1107-0216,CONCESSION_ACCRUAL,11,59,2026-08-16T00:29:29+08:00
9373fa85-64e8-4ddf-aab1-04f48454180b,M-2108,ORD-20260815-4500-0217,CONCESSION_ACCRUAL,22,33,2026-08-15T23:19:38+08:00
52b0864a-5a26-4b42-a8a8-0ad5a4af5df5,M-1007,ORD-20260815-7465-0218,CONCESSION_ACCRUAL,24,691,2026-08-15T18:18:18+08:00
cd5a884d-81c5-40c4-a1f9-049080edd0a0,M-2005,ORD-20260815-1985-0219,CONCESSION_ACCRUAL,16,351,2026-08-15T20:25:13+08:00
c11bfdaf-6da4-481a-b5aa-0065a554c1dd,M-1117,ORD-20260815-1737-0220,CONCESSION_ACCRUAL,8,376,2026-08-15T20:45:23+08:00
ec7b1e39-8294-4628-82be-d946caf3051e,M-1029,ORD-20260815-8756-0221,CONCESSION_ACCRUAL,4,503,2026-08-15T18:52:26+08:00
415b67ee-f955-4d5c-9259-b9d688be5bce,M-1641,ORD-20260815-5616-0222,CONCESSION_ACCRUAL,7,179,2026-08-15T20:57:04+08:00
65c894a7-40b1-4411-ab4a-3c64b6b25ffe,M-1579,ORD-20260816-6831-0223,CONCESSION_ACCRUAL,57,2770,2026-08-16T00:03:35+08:00
a99b8e17-9f6b-441b-8694-b5e3c85dc3d8,M-2022,ORD-20260815-5937-0224,CONCESSION_ACCRUAL,9,104,2026-08-15T22:19:15+08:00
ffbc16e1-2b68-4c6a-baca-66ff0fbc6cbd,M-1519,ORD-20260816-3704-0225,CONCESSION_ACCRUAL,3,379,2026-08-16T01:35:36+08:00
1295a26b-740f-4ac2-8190-718de3f8e1bc,M-1794,ORD-20260815-3952-0226,CONCESSION_ACCRUAL,11,96,2026-08-15T21:14:44+08:00
0c96051e-623e-4cf4-b5fe-f95a9dd3ba3b,M-1989,ORD-20260815-7265-0227,CONCESSION_ACCRUAL,33,295,2026-08-15T18:01:19+08:00
70a6b536-063b-4019-8220-6b2cf4900682,M-1753,ORD-20260815-1728-0228,CONCESSION_ACCRUAL,16,589,2026-08-15T01:30:54+08:00
5c849dc6-bf4a-456e-a0d3-f8ad84d88750,M-1258,ORD-20260815-4207-0229,CONCESSION_ACCRUAL,11,521,2026-08-15T23:22:16+08:00
58f11176-9df6-40f3-b235-305219978b6c,M-1864,ORD-20260816-7088-0230,CONCESSION_ACCRUAL,10,420,2026-08-16T02:22:00+08:00
8910f34e-85be-4667-95b5-f9f022aa0e4a,M-1523,ORD-20260815-2721-0231,CONCESSION_ACCRUAL,10,195,2026-08-15T15:15:26+08:00
ea56d6c8-99f6-4f7d-a3b5-255e70c24876,M-1989,ORD-20260815-6437-0232,CONCESSION_ACCRUAL,8,303,2026-08-15T20:11:15+08:00
e5108e0e-8b44-4d21-8682-178a611a5e66,M-1049,ORD-20260815-1378-0233,CONCESSION_ACCRUAL,7,153,2026-08-15T17:24:50+08:00
bdbd0d78-532b-4dd5-8573-84770ef44afe,M-1144,ORD-20260815-3913-0234,CONCESSION_ACCRUAL,33,179,2026-08-15T23:49:07+08:00
fa613edb-5ad0-4181-82ca-77fc1ac1bad0,M-1038,ORD-20260816-9873-0235,CONCESSION_ACCRUAL,7,96,2026-08-16T02:00:38+08:00
ce05f051-6c7c-45a7-b974-e89c8a5f4642,M-1975,ORD-20260815-8994-0236,CONCESSION_ACCRUAL,3,115,2026-08-15T20:16:50+08:00
88741a01-72b4-4dbf-b425-f1816d4c052e,M-1270,ORD-20260815-1877-0237,CONCESSION_ACCRUAL,4,1356,2026-08-15T23:02:29+08:00
07f2b0fd-468c-4396-87fb-6d368aaa6b84,M-1050,ORD-20260815-3549-0238,CONCESSION_ACCRUAL,15,401,2026-08-15T16:04:31+08:00
11ef6d18-02cd-4b34-8386-81e4f621cdca,M-1770,ORD-20260815-7571-0239,CONCESSION_ACCRUAL,27,256,2026-08-15T16:24:05+08:00
9cec353a-6de2-468f-81e1-95d6dc26826e,M-1311,ORD-20260815-8271-0240,CONCESSION_ACCRUAL,19,284,2026-08-15T20:19:09+08:00
87ef52b5-f5ba-48b7-b3ac-7c4e45a53689,M-1180,ORD-20260816-8849-0241,CONCESSION_ACCRUAL,13,283,2026-08-16T01:37:36+08:00
a3e4f1f0-3e3a-4968-ac6e-6f0f7d20b10e,M-2034,ORD-20260815-9971-0242,CONCESSION_ACCRUAL,18,40,2026-08-15T16:06:20+08:00
a83dac39-a633-426b-ada3-889799a312ec,M-1570,ORD-20260816-6512-0243,CONCESSION_ACCRUAL,44,596,2026-08-16T00:43:26+08:00
1681cfea-4025-43d5-b97a-022cc454b14b,M-1235,ORD-20260815-9864-0244,CONCESSION_ACCRUAL,9,117,2026-08-15T21:51:52+08:00
2982d630-3e10-4427-be7d-b234b89ced40,M-1089,ORD-20260815-1630-0245,CONCESSION_ACCRUAL,3,360,2026-08-15T21:46:37+08:00
45061d43-ed96-4686-b0ad-e67347989ec8,M-1930,ORD-20260816-1701-0246,CONCESSION_ACCRUAL,20,143,2026-08-16T00:53:46+08:00
8b273d1a-91b3-4f87-9bf8-19971dc70e0c,M-2169,ORD-20260815-9619-0247,CONCESSION_ACCRUAL,14,225,2026-08-15T19:18:29+08:00
812b9a9f-52d6-4ba7-9992-0de910a30f7f,M-2101,ORD-20260815-3714-0248,CONCESSION_ACCRUAL,8,186,2026-08-15T12:36:48+08:00
cc2f181e-88e2-4d08-94b9-ba9a9d3f9246,M-1753,ORD-20260816-5791-0249,CONCESSION_ACCRUAL,8,597,2026-08-16T02:37:47+08:00
83558322-f8da-4a47-8c97-4c6ee2c72567,M-1826,ORD-20260815-3047-0250,CONCESSION_ACCRUAL,10,203,2026-08-15T23:16:32+08:00
16a01024-d1d3-4117-aa7c-33a6f095c1ed,M-1119,ORD-20260815-7539-0251,CONCESSION_ACCRUAL,10,450,2026-08-15T22:32:30+08:00
c3b4427a-b2de-4df0-898d-6edb071340c9,M-1652,ORD-20260815-4411-0252,CONCESSION_ACCRUAL,16,268,2026-08-15T20:35:05+08:00
255bd79d-7870-4c8a-8b2f-27b0e016e3d1,M-1011,ORD-20260815-5333-0253,CONCESSION_ACCRUAL,8,813,2026-08-15T21:47:22+08:00
eb2bdf49-8544-4ba7-b2e8-60cf58bfc8ee,M-1224,ORD-20260816-7824-0254,CONCESSION_ACCRUAL,9,222,2026-08-16T06:36:46+08:00
4f32fb29-7d87-4f35-bff8-89925f19f81d,M-1210,ORD-20260815-4667-0255,CONCESSION_ACCRUAL,11,1334,2026-08-15T14:37:20+08:00
e3a28406-07da-4c9a-be06-6f85b24ea953,M-1912,ORD-20260815-7801-0256,CONCESSION_ACCRUAL,15,425,2026-08-15T19:19:46+08:00
3e9ec643-5f7c-4410-9129-9fb4c629194e,M-1151,ORD-20260815-2457-0257,CONCESSION_ACCRUAL,23,183,2026-08-15T22:34:13+08:00
75021cb0-92dc-4b2c-a45b-7518c59f2e87,M-1664,ORD-20260815-4413-0258,CONCESSION_ACCRUAL,45,2375,2026-08-15T21:07:15+08:00
1c24110e-f3ab-4ba1-962d-54254aad9928,M-1854,ORD-20260815-7236-0259,CONCESSION_ACCRUAL,8,300,2026-08-15T23:26:38+08:00
c7b06e47-45d3-468e-bb4a-55499575d041,M-1627,ORD-20260815-8091-0260,CONCESSION_ACCRUAL,23,513,2026-08-15T06:43:42+08:00
4c0af2b4-f68b-4e6a-9bc7-81efadac09eb,M-2050,ORD-20260815-6078-0261,CONCESSION_ACCRUAL,7,85,2026-08-15T22:46:59+08:00
f29cec6d-9ada-49fc-bade-89cb64de04a3,M-1709,ORD-20260816-6551-0262,CONCESSION_ACCRUAL,26,212,2026-08-16T01:25:58+08:00
e2fa9c4c-0575-43fe-b622-378e27f9b0c1,M-1741,ORD-20260816-9929-0263,CONCESSION_ACCRUAL,36,220,2026-08-16T02:25:23+08:00
473a8f48-ed8c-4790-a405-9962ae329b7b,M-2055,ORD-20260815-7044-0264,CONCESSION_ACCRUAL,16,386,2026-08-15T23:00:48+08:00
5dabac72-98e3-4a3e-a314-99c9f35b42f6,M-1322,ORD-20260816-6336-0265,CONCESSION_ACCRUAL,18,246,2026-08-16T03:18:16+08:00
447d49f1-94c5-461c-83bf-b7c8befab06a,M-1608,ORD-20260815-6900-0266,CONCESSION_ACCRUAL,20,326,2026-08-15T19:14:04+08:00
b6900404-e8b1-41d4-ae65-bd1d2949252a,M-1597,ORD-20260815-7016-0267,CONCESSION_ACCRUAL,18,384,2026-08-15T23:25:59+08:00
21b9f928-d3e6-4f8e-a6a8-728d3e28d073,M-1980,ORD-20260815-7426-0268,CONCESSION_ACCRUAL,12,80,2026-08-15T15:44:24+08:00
3d968e5d-f026-45fa-8a72-b4547efa91af,M-1916,ORD-20260816-5357-0269,CONCESSION_ACCRUAL,13,92,2026-08-16T01:22:14+08:00
d8555c64-1abc-487a-b455-e910d359daff,M-2002,ORD-20260815-2233-0270,CONCESSION_ACCRUAL,30,202,2026-08-15T23:27:41+08:00
c01613be-a4d7-4650-a321-80dca8b88cb7,M-1273,ORD-20260815-1526-0271,CONCESSION_ACCRUAL,4,698,2026-08-15T13:43:31+08:00
61d36c0f-93b7-4eca-8ffe-a050a0456bea,M-1078,ORD-20260815-4558-0272,CONCESSION_ACCRUAL,20,347,2026-08-15T23:06:19+08:00
f7300d46-90ec-47e5-a725-884fc03ba24a,M-1791,ORD-20260815-8270-0273,CONCESSION_ACCRUAL,15,319,2026-08-15T23:41:36+08:00
9a404a94-5b54-4b41-99d8-bc0f41a94107,M-1856,ORD-20260815-2194-0274,CONCESSION_ACCRUAL,6,81,2026-08-15T23:12:43+08:00
27e49fb0-4bde-4c9f-b02b-998579964f96,M-1726,ORD-20260815-3809-0275,CONCESSION_ACCRUAL,16,280,2026-08-15T18:50:53+08:00
b607b26a-04cb-4edd-978d-2220bafb5034,M-2200,ORD-20260815-9825-0276,CONCESSION_ACCRUAL,12,220,2026-08-15T21:59:23+08:00
d6aec095-6457-476f-a251-874d6749146c,M-1781,ORD-20260815-5787-0277,CONCESSION_ACCRUAL,41,3870,2026-08-15T21:02:35+08:00
34db6829-2d43-487b-9be1-5782cea6a890,M-1861,ORD-20260815-1237-0278,CONCESSION_ACCRUAL,16,147,2026-08-15T16:39:49+08:00
d2a4c1cc-e502-4f50-9afe-d3672fb82715,M-2031,ORD-20260815-6834-0279,CONCESSION_ACCRUAL,15,102,2026-08-15T23:09:17+08:00
78764579-2a76-4d51-bf24-f75915187e75,M-1452,ORD-20260815-2145-0280,CONCESSION_ACCRUAL,18,115,2026-08-15T22:47:37+08:00
a1a9f2b1-3ff0-45b4-8bda-0b524b667c18,M-1313,ORD-20260815-7246-0281,CONCESSION_ACCRUAL,16,429,2026-08-15T20:41:08+08:00
3bdf70dc-835e-4651-91ae-bdecbfa4a836,M-1883,ORD-20260815-1505-0282,CONCESSION_ACCRUAL,9,97,2026-08-15T12:35:00+08:00
ce1c34e1-133b-402c-99fb-526a59f2e08e,M-1066,ORD-20260815-7885-0283,CONCESSION_ACCRUAL,19,355,2026-08-15T12:27:00+08:00
b655b5ef-2d6b-4395-ac23-f5037d17952f,M-1517,ORD-20260815-7640-0284,CONCESSION_ACCRUAL,11,48,2026-08-15T17:35:00+08:00
cc0e4fd6-26ff-4815-84d3-1612397623d9,M-2104,ORD-20260815-9407-0285,CONCESSION_ACCRUAL,14,82,2026-08-15T17:04:00+08:00
2e62ec05-5b31-4596-815a-ca527eb865e5,M-1476,ORD-20260815-7245-0286,CONCESSION_ACCRUAL,14,115,2026-08-15T10:23:00+08:00
f3d15665-d917-46c7-a67c-26f1aa0a0704,M-1183,ORD-20260815-5658-0287,CONCESSION_ACCRUAL,8,434,2026-08-15T12:42:00+08:00
4f8d2965-b0e0-415d-bb58-4d863ef65f27,M-1453,ORD-20260815-6434-0288,CONCESSION_ACCRUAL,25,281,2026-08-15T17:47:00+08:00
071aad01-2366-45bf-822b-b53e86751984,M-1333,ORD-20260815-7540-0289,CONCESSION_ACCRUAL,8,254,2026-08-15T11:12:00+08:00
a5ed846a-bae2-4e76-8edb-7cd370cef0ed,M-1753,ORD-20260815-9529-0290,CONCESSION_ACCRUAL,15,612,2026-08-15T09:27:00+08:00
fcdd6961-0d22-418a-8448-6527fbb919fd,M-1690,ORD-20260815-3754-0291,CONCESSION_ACCRUAL,31,198,2026-08-15T22:48:00+08:00
4762520f-7409-4ce5-a2fb-db86e1c40753,M-1343,ORD-20260815-1027-0292,CONCESSION_ACCRUAL,16,204,2026-08-15T12:14:00+08:00
326ab923-74ec-4f45-a6a8-a0adbcb74e59,M-1013,ORD-20260815-9585-0293,CONCESSION_ACCRUAL,11,281,2026-08-15T15:29:00+08:00
446cea58-edf3-4223-917a-0df1339d741d,M-1533,ORD-20260815-4486-0294,CONCESSION_ACCRUAL,13,324,2026-08-15T12:25:00+08:00
a47c77b5-dd26-4641-936d-2d6877cc2deb,M-2010,ORD-20260815-4007-0295,CONCESSION_ACCRUAL,9,54,2026-08-15T12:15:00+08:00
72cfe8ce-274b-4ee8-ad50-c47a8ac6d520,M-1241,ORD-20260815-1245-0296,CONCESSION_ACCRUAL,16,126,2026-08-15T12:43:00+08:00
c7317c8d-4bf2-4d48-a82f-fdb1084c008b,M-1923,ORD-20260815-5926-0297,CONCESSION_ACCRUAL,6,50,2026-08-15T16:21:00+08:00
cc8dceed-9c60-4904-9783-ae3a16735a6a,M-1389,ORD-20260815-6956-0298,CONCESSION_ACCRUAL,18,384,2026-08-15T09:17:00+08:00
74775c7b-538d-406e-9b22-e7bbaf7ff8f2,M-1593,ORD-20260815-4768-0299,CONCESSION_ACCRUAL,11,88,2026-08-15T14:44:00+08:00
badf78eb-19b2-4ff5-a2f7-c5d54e97a983,M-1765,ORD-20260815-2514-0300,CONCESSION_ACCRUAL,12,799,2026-08-15T18:50:00+08:00
8bea88aa-9fe1-4319-b834-4ff488ba9cb5,M-1929,ORD-20260815-4341-0301,CONCESSION_ACCRUAL,12,40,2026-08-15T15:21:00+08:00
d1d8785c-a39c-4acb-9909-a3726d8abc23,M-1370,ORD-20260815-2077-0302,CONCESSION_ACCRUAL,10,514,2026-08-15T10:32:00+08:00
d1fafef3-b001-4447-8349-76ab4bbe14f4,M-1727,ORD-20260815-1832-0303,CONCESSION_ACCRUAL,11,241,2026-08-15T14:51:00+08:00
6ea49720-e436-4ce1-a95e-c6d5391778a4,M-1616,ORD-20260815-2265-0304,CONCESSION_ACCRUAL,21,579,2026-08-15T12:56:00+08:00
251d1e11-82dd-4bd2-b72d-6f28b6cb093a,M-2053,ORD-20260815-2035-0305,CONCESSION_ACCRUAL,8,335,2026-08-15T19:46:00+08:00
9baf614b-2c37-43ea-9d58-adeb1737f867,M-1750,ORD-20260815-2378-0306,CONCESSION_ACCRUAL,15,326,2026-08-15T18:47:00+08:00
5564e010-96f0-4e99-a697-f67cfe99a7bf,M-1173,ORD-20260815-5866-0307,CONCESSION_ACCRUAL,18,268,2026-08-15T22:36:00+08:00
eaa92898-6b6b-4cd5-bf23-abe97d0260f4,M-1150,ORD-20260815-5884-0308,CONCESSION_ACCRUAL,26,256,2026-08-15T16:02:00+08:00
f86941bf-a441-4efb-9762-5d60af598af0,M-1072,ORD-20260815-8658-0309,CONCESSION_ACCRUAL,10,233,2026-08-15T17:53:00+08:00
fd6b33e2-3e50-4175-97cb-29455f0a7207,M-1078,ORD-20260815-9731-0310,CONCESSION_ACCRUAL,12,359,2026-08-15T12:57:00+08:00
68b101dd-a889-48d2-ab31-d05770a34792,M-1644,ORD-20260815-4283-0311,CONCESSION_ACCRUAL,15,498,2026-08-15T19:24:00+08:00
1bb2dd97-fd73-417e-837b-1872b8e72ddf,M-1410,ORD-20260815-4560-0312,CONCESSION_ACCRUAL,4,752,2026-08-15T12:56:00+08:00
95c7a4d4-b11c-44c7-b77f-62d637dec42b,M-1370,ORD-20260815-9880-0313,CONCESSION_ACCRUAL,9,523,2026-08-15T15:49:00+08:00
60c78737-eb89-4785-a997-32307804f9c7,M-1554,ORD-20260815-9540-0314,CONCESSION_ACCRUAL,11,1265,2026-08-15T18:18:00+08:00
ea38f7c3-cd84-43d6-a187-6b2fcfc7282a,M-1125,ORD-20260815-5270-0315,CONCESSION_ACCRUAL,11,692,2026-08-15T11:10:00+08:00
e2a03990-5ae6-4d7d-b60d-80c78b32f374,M-2010,ORD-20260815-6703-0316,CONCESSION_ACCRUAL,8,62,2026-08-15T11:10:00+08:00
683ac873-b49b-4295-a5b1-2b8cd1457c93,M-1563,ORD-20260815-9593-0317,CONCESSION_ACCRUAL,25,435,2026-08-15T20:25:00+08:00
2d07d113-c52b-4288-8686-d40667fb06c2,M-1793,ORD-20260815-3419-0318,CONCESSION_ACCRUAL,20,1095,2026-08-15T14:31:00+08:00
bae28368-6b57-424f-b6b6-8f520edc2f32,M-2044,ORD-20260815-2398-0319,CONCESSION_ACCRUAL,35,343,2026-08-15T10:08:00+08:00
20a4aa9f-54d8-4887-a16e-63449933caa6,M-1461,ORD-20260815-2907-0320,CONCESSION_ACCRUAL,19,381,2026-08-15T17:00:00+08:00
9ca5afa4-6128-42aa-8cdc-3f46865c32f4,M-1408,ORD-20260815-6942-0321,CONCESSION_ACCRUAL,8,154,2026-08-15T18:07:00+08:00
12f87da2-1da0-460a-8d6c-95159f4cdb65,M-1329,ORD-20260815-8673-0322,CONCESSION_ACCRUAL,10,397,2026-08-15T16:33:00+08:00
3aeac992-a027-4a68-b3e8-bbc7a6834d6f,M-1166,ORD-20260815-1566-0323,CONCESSION_ACCRUAL,8,28,2026-08-15T21:17:00+08:00
4cc59147-30e7-4f6d-860e-6ef04bdbe889,M-1063,ORD-20260815-6965-0324,CONCESSION_ACCRUAL,19,518,2026-08-15T14:36:00+08:00
7fe06a61-e4c8-4097-aedb-00e847989bc5,M-1432,ORD-20260815-9131-0325,CONCESSION_ACCRUAL,3,3409,2026-08-15T18:37:00+08:00
92ce207f-88e2-47c8-ac3d-ec80d67c8902,M-1256,ORD-20260815-7974-0326,CONCESSION_ACCRUAL,20,208,2026-08-15T13:02:00+08:00
959a2cd3-2077-492f-aa99-6e687a84d549,M-1573,ORD-20260815-2522-0327,CONCESSION_ACCRUAL,11,865,2026-08-15T11:30:00+08:00
d263cb3a-db98-481e-9835-bc12d5b30d13,M-1718,ORD-20260815-9141-0328,CONCESSION_ACCRUAL,13,1331,2026-08-15T11:02:00+08:00
25c8654f-b356-4a6c-9193-fa7b02a68049,M-2191,ORD-20260815-5490-0329,CONCESSION_ACCRUAL,15,535,2026-08-15T21:55:00+08:00
7b48ae94-923c-4e6a-abcf-d79f5f309589,M-1010,ORD-20260815-4400-0330,CONCESSION_ACCRUAL,3,429,2026-08-15T22:26:00+08:00
2c2dd12d-e96d-457e-943d-f0106d752a04,M-1268,ORD-20260815-5075-0331,CONCESSION_ACCRUAL,9,131,2026-08-15T16:26:00+08:00
3cf450e8-7c33-406d-bfe9-a74247888170,M-2076,ORD-20260815-2819-0332,CONCESSION_ACCRUAL,33,464,2026-08-15T21:31:00+08:00
d20dd33b-0f8c-4fc1-9692-39e7156fd6a4,M-1976,ORD-20260815-8852-0333,CONCESSION_ACCRUAL,13,152,2026-08-15T18:53:00+08:00
a6e2251f-cba6-4fd8-b449-7c2ca23668e8,M-1525,ORD-20260815-2447-0334,CONCESSION_ACCRUAL,18,376,2026-08-15T15:17:00+08:00
aef4df4c-955a-4dee-a083-ff5400943001,M-1438,ORD-20260815-5964-0335,CONCESSION_ACCRUAL,9,2628,2026-08-15T11:32:00+08:00
b75e9f0e-980e-4a8c-bd10-3ec50fe81024,M-2176,ORD-20260815-3565-0336,CONCESSION_ACCRUAL,11,173,2026-08-15T10:06:00+08:00
ce06e1a4-ee6b-4c28-ab0d-2ad0f6f30c9c,M-2067,ORD-20260815-3401-0337,CONCESSION_ACCRUAL,9,47,2026-08-15T09:41:00+08:00
7be01f68-4a28-4d41-8df2-e76f6198a935,M-1775,ORD-20260815-8565-0338,CONCESSION_ACCRUAL,32,1315,2026-08-15T09:09:00+08:00
ffd0b6f3-ac01-45c1-a5ec-3834827d796f,M-1779,ORD-20260815-1153-0339,CONCESSION_ACCRUAL,26,233,2026-08-15T20:55:00+08:00
45369a8f-32eb-4d17-a5ec-e674a03481f2,M-1636,ORD-20260815-4570-0340,CONCESSION_ACCRUAL,36,1419,2026-08-15T12:29:00+08:00
2483b330-4da4-4a3b-be50-c22316e8cada,M-2071,ORD-20260815-6491-0341,CONCESSION_ACCRUAL,7,332,2026-08-15T11:56:00+08:00
7b2ae56f-a6c8-4e00-ae09-109663105786,M-1823,ORD-20260815-6754-0342,CONCESSION_ACCRUAL,30,569,2026-08-15T20:36:00+08:00
0ed9b1eb-4ea8-4600-8797-8665cba7411c,M-1427,ORD-20260815-4425-0343,CONCESSION_ACCRUAL,11,73,2026-08-15T21:40:00+08:00
3cdca659-c5a3-4fd4-b59e-55f8278228c3,M-1791,ORD-20260815-4762-0344,CONCESSION_ACCRUAL,22,341,2026-08-15T15:21:00+08:00
c0559ea2-72f4-4c95-9ee4-2c192ff87949,M-1791,TIER_UPGRADE_Silver_TO_Gold,TIER_BONUS,100,441,2026-08-15T15:21:00+08:00
d2bb3b9b-2965-4a60-9936-4204c9c8b6d3,M-1963,ORD-20260815-3442-0345,CONCESSION_ACCRUAL,6,62,2026-08-15T20:48:00+08:00
785694fc-18a2-4766-9da6-89bbefde4bf0,M-1656,ORD-20260815-3456-0346,CONCESSION_ACCRUAL,65,121,2026-08-15T19:16:00+08:00
3e6e97b1-aaac-42ed-b048-65249faa83e4,M-1334,ORD-20260815-4367-0347,CONCESSION_ACCRUAL,25,150,2026-08-15T15:17:00+08:00
d81784e9-2db3-4fdf-950f-fddf57b829e3,M-1836,ORD-20260815-3345-0348,CONCESSION_ACCRUAL,7,597,2026-08-15T17:53:00+08:00
a99aa891-5450-42fe-8c4c-5daeea57f692,M-1812,ORD-20260815-8122-0349,CONCESSION_ACCRUAL,28,616,2026-08-15T15:29:00+08:00
451422ec-954a-4b62-b891-282b629df43d,M-1014,ORD-20260815-3065-0350,CONCESSION_ACCRUAL,18,158,2026-08-15T19:38:00+08:00
ae7ae2c6-29c4-4b45-806d-2e68dd026ee2,M-1755,ORD-20260815-5669-0351,CONCESSION_ACCRUAL,8,145,2026-08-15T17:10:00+08:00
8e66e46f-ba9a-4f41-a1b3-92627b95d88c,M-1379,ORD-20260815-4079-0352,CONCESSION_ACCRUAL,18,523,2026-08-15T17:02:00+08:00
e3803d92-0d46-4558-b821-7919d8dd5966,M-1770,ORD-20260815-3476-0353,CONCESSION_ACCRUAL,22,278,2026-08-15T15:38:00+08:00
8a376c4c-af1a-4f72-8806-5f67733db6a8,M-1302,ORD-20260815-9811-0354,CONCESSION_ACCRUAL,11,246,2026-08-15T11:11:00+08:00
55a4286a-17e2-40a9-9abb-ca4460df0b5c,M-2182,ORD-20260815-9243-0355,CONCESSION_ACCRUAL,23,163,2026-08-15T09:51:00+08:00
4fc87330-19f6-4b34-9268-42702a623fcd,M-1109,ORD-20260815-5244-0356,CONCESSION_ACCRUAL,33,662,2026-08-15T12:23:00+08:00
e557c68f-9139-4cba-a7ec-0e8c86d1157d,M-2020,ORD-20260815-4580-0357,CONCESSION_ACCRUAL,7,226,2026-08-15T16:07:00+08:00
121713c1-490d-4ed9-bfb3-9179af00b576,M-1415,ORD-20260815-8250-0358,CONCESSION_ACCRUAL,4,686,2026-08-15T15:57:00+08:00
a34a4767-a036-40bd-a7f8-eb192f268f69,M-1306,ORD-20260815-3593-0359,CONCESSION_ACCRUAL,11,88,2026-08-15T18:41:00+08:00
851ddd86-68c2-4fa8-8dcd-f60382dc3708,M-1135,ORD-20260815-1504-0360,CONCESSION_ACCRUAL,30,256,2026-08-15T13:57:00+08:00
aefec9dc-2f5a-4a47-94ff-c200892308e9,M-1810,ORD-20260815-9544-0361,CONCESSION_ACCRUAL,11,217,2026-08-15T14:25:00+08:00
a6c1712a-b5ff-4e4b-8802-b2cf77870f84,M-1589,ORD-20260815-6381-0362,CONCESSION_ACCRUAL,25,120,2026-08-15T09:13:00+08:00
e4dbc767-217c-48db-9b04-0b982dd05552,M-1832,ORD-20260815-7440-0363,CONCESSION_ACCRUAL,13,76,2026-08-15T18:29:00+08:00
1feeda5c-6722-41e0-b15f-2ff8a3d1357e,M-1644,ORD-20260815-4116-0364,CONCESSION_ACCRUAL,9,507,2026-08-15T18:22:00+08:00
86a8629d-f0c0-4861-bd91-9d6da63a89a8,M-1557,ORD-20260815-8155-0365,CONCESSION_ACCRUAL,15,571,2026-08-15T19:52:00+08:00
ba6291d3-0420-4e12-8bac-3171f6e2c3bb,M-1140,ORD-20260815-4264-0366,CONCESSION_ACCRUAL,25,371,2026-08-15T10:22:00+08:00
ab94be4d-4f13-4073-ac22-af2abc0d35e3,M-1229,ORD-20260815-5483-0367,CONCESSION_ACCRUAL,33,150,2026-08-15T18:09:00+08:00
acc03192-0b38-4f6c-80f3-74c21a4948da,M-2064,ORD-20260815-5854-0368,CONCESSION_ACCRUAL,23,86,2026-08-15T19:53:00+08:00
3e930e61-7905-455e-8be7-eac0dfec9dce,M-1677,ORD-20260815-1617-0369,CONCESSION_ACCRUAL,8,352,2026-08-15T09:04:00+08:00
5080fadb-f645-4fbf-a653-e82f22d48603,M-1677,ORD-20260815-1643-0370,CONCESSION_ACCRUAL,8,360,2026-08-15T09:52:00+08:00
26c913c2-0d91-49d1-8d92-3361171e30d1,M-1596,ORD-20260815-7817-0371,CONCESSION_ACCRUAL,18,366,2026-08-15T18:31:00+08:00
c964633e-6839-4634-8f77-7fa0e0c4ab7c,M-2004,ORD-20260815-9057-0372,CONCESSION_ACCRUAL,28,298,2026-08-15T19:33:00+08:00
a8cb3efb-9906-4e3a-8b21-94abce5c901b,M-2094,ORD-20260815-5044-0373,CONCESSION_ACCRUAL,18,136,2026-08-15T18:00:00+08:00
8a56d39e-7ab1-4dde-a2ec-414e2d258342,M-1842,ORD-20260815-5118-0374,CONCESSION_ACCRUAL,10,467,2026-08-15T18:01:00+08:00
ef409470-c04e-43b3-9283-5847ca866908,M-1088,ORD-20260815-4801-0375,CONCESSION_ACCRUAL,27,131,2026-08-15T12:51:00+08:00
