ledger_id,member_id,source_reference_id,transaction_type,points_delta,resulting_balance,created_at
121cdeef-0487-4883-af0f-7ee001307c81,M-2042,SESS-20260818-8285-0000,RENTAL_ACCRUAL,24,222,2026-08-18T21:15:00+08:00
d3b77915-45aa-456f-9b45-177cc8616472,M-1696,SESS-20260818-9366-0001,RENTAL_REDEMPTION,-100,693,2026-08-18T17:00:00+08:00
ed22de81-e703-49ba-b419-1484a8246060,M-1696,SESS-20260818-9366-0001,RENTAL_ACCRUAL,4,697,2026-08-18T19:00:00+08:00
ae2def8b-f607-48fd-9a02-4300051f06b3,M-1466,SESS-20260818-5670-0002,RENTAL_ACCRUAL,48,3885,2026-08-19T00:45:00+08:00
c962b34e-579b-4e18-90ee-bb42b8488c52,M-1548,SESS-20260818-4639-0003,RENTAL_ACCRUAL,28,387,2026-08-18T17:30:00+08:00
de8b1fe4-f6e8-444c-84b1-052ad64e0e69,M-1942,SESS-20260818-2757-0004,RENTAL_REDEMPTION,-100,48,2026-08-18T06:30:00+08:00
e5e10149-ce97-4e15-9aef-ce570cf25fbe,M-1942,SESS-20260818-2757-0004,RENTAL_ACCRUAL,31,79,2026-08-18T09:30:00+08:00
5790f5bc-c913-44a9-b7ed-198375185ffb,M-1629,SESS-20260818-9158-0005,RENTAL_REDEMPTION,-100,37,2026-08-18T15:00:00+08:00
77e3dd8b-a98e-4d09-967f-0a60fd558909,M-1629,SESS-20260818-9158-0005,RENTAL_ACCRUAL,21,58,2026-08-18T20:00:00+08:00
7af6b747-7455-4e7e-9978-81971f21ce7e,M-1725,SESS-20260818-6237-0006,RENTAL_ACCRUAL,13,79,2026-08-18T20:30:00+08:00
5f5aa301-4d3a-49aa-b543-5f87a55179d8,M-2015,SESS-20260818-5955-0007,RENTAL_ACCRUAL,10,158,2026-08-18T23:15:00+08:00
15f544f5-bebb-4f39-840f-2f3ab0efe798,M-1881,SESS-20260818-6309-0008,RENTAL_REDEMPTION,-100,24,2026-08-18T18:45:00+08:00
e59139fb-a516-49ca-b32c-96eeb3d302e4,M-1881,SESS-20260818-6309-0008,RENTAL_ACCRUAL,19,43,2026-08-18T21:45:00+08:00
fabac8df-d5df-4f2d-97fc-b326d01ed4d8,M-1185,SESS-20260818-8645-0009,RENTAL_ACCRUAL,11,317,2026-08-18T17:30:00+08:00
e530ec94-abfb-483e-a93b-2c863e21036d,M-2088,SESS-20260818-1211-0010,RENTAL_REDEMPTION,-200,8,2026-08-18T15:00:00+08:00
53906d32-9bc1-498c-8ee2-106989c44537,M-2088,SESS-20260818-1211-0010,RENTAL_ACCRUAL,28,36,2026-08-18T18:00:00+08:00
61c9ba9f-dfde-4f44-a200-d307667fd9c4,M-1580,SESS-20260818-9542-0011,RENTAL_ACCRUAL,30,1098,2026-08-19T01:30:00+08:00
d22be8b0-e385-499b-9b73-694ed71da49f,M-1293,SESS-20260818-1804-0012,RENTAL_ACCRUAL,16,48,2026-08-18T23:45:00+08:00
7c8872f6-db61-41c8-b1e6-eec495392f4a,M-1172,SESS-20260818-4985-0013,RENTAL_ACCRUAL,18,787,2026-08-18T05:45:00+08:00
ea8cea57-be4f-4377-8bd5-ce529e445f92,M-1179,SESS-20260818-5416-0014,RENTAL_ACCRUAL,11,122,2026-08-18T20:45:00+08:00
3b4af2cf-6190-4bfa-bc84-c2ec3a12f82b,M-1341,SESS-20260818-9706-0015,RENTAL_REDEMPTION,-100,230,2026-08-18T15:15:00+08:00
43e3e249-024e-4669-9004-32f2bb347b1a,M-1341,SESS-20260818-9706-0015,RENTAL_ACCRUAL,21,251,2026-08-18T20:15:00+08:00
3d20abb7-528b-42d9-a7d8-a83d75576179,M-1163,SESS-20260818-7880-0016,RENTAL_ACCRUAL,67,143,2026-08-19T03:15:00+08:00
bf507b42-755d-4d63-ba17-43098c9eca3e,M-2039,SESS-20260818-3223-0017,RENTAL_ACCRUAL,24,45,2026-08-18T21:45:00+08:00
97c750f8-a6c7-4251-8868-c1405b3dc8f4,M-1636,SESS-20260818-1480-0018,RENTAL_ACCRUAL,30,1449,2026-08-18T22:15:00+08:00
2d43d2dc-38d0-47aa-b19d-a4ecd07ba95e,M-1506,SESS-20260818-6886-0019,RENTAL_ACCRUAL,11,307,2026-08-18T02:55:00+08:00
60a4f360-0682-4ba3-8ac5-b668ed407c4c,M-2178,SESS-20260818-8410-0020,RENTAL_ACCRUAL,15,100,2026-08-18T05:45:00+08:00
59362c1c-3a79-4795-b1b0-1cf3dcc5e768,M-1272,SESS-20260818-3939-0021,RENTAL_ACCRUAL,12,1202,2026-08-18T23:30:00+08:00
d0619fab-8f2d-412e-8973-7141670ab6df,M-1049,SESS-20260818-7192-0022,RENTAL_REDEMPTION,-100,53,2026-08-18T11:15:00+08:00
4c5709c8-d8b8-49fd-be28-8bcd481d8628,M-1049,SESS-20260818-7192-0022,RENTAL_ACCRUAL,10,63,2026-08-18T14:15:00+08:00
382dcc14-34c2-47a8-abf9-2231ee3c47e4,M-2020,SESS-20260818-6440-0023,RENTAL_ACCRUAL,10,246,2026-08-18T12:30:00+08:00
c6aa411d-2121-42ba-9b57-9c5e88566d17,M-2020,TIER_UPGRADE_Standard_TO_Silver,TIER_BONUS,50,296,2026-08-18T12:30:00+08:00
187550c1-b450-42e3-8c41-226e2c1bb991,M-1277,SESS-20260818-6787-0024,RENTAL_ACCRUAL,6,2216,2026-08-18T20:00:00+08:00
6d460fbc-e30e-4553-ad48-a12a9ef63d6d,M-1845,SESS-20260818-3288-0025,RENTAL_ACCRUAL,18,181,2026-08-18T15:45:00+08:00
20f09c68-3c1d-40dc-b62f-9a7f0457f427,M-2070,SESS-20260818-4697-0026,RENTAL_REDEMPTION,-100,36,2026-08-18T14:30:00+08:00
1006eb25-40f8-4966-83f3-0e46962323f3,M-2070,SESS-20260818-4697-0026,RENTAL_ACCRUAL,11,47,2026-08-18T16:30:00+08:00
b9f92d8c-354d-4de0-9c9d-98c9d7f78cbd,M-2070,TIER_UPGRADE_Standard_TO_Silver,TIER_BONUS,50,97,2026-08-18T16:30:00+08:00
f582347e-1dfe-41c7-b85f-d3b29c442dde,M-1268,SESS-20260818-5618-0027,RENTAL_ACCRUAL,18,156,2026-08-19T00:30:00+08:00
fee63a43-5726-4dfa-a8e3-8071f5644844,M-1353,SESS-20260818-5301-0028,RENTAL_ACCRUAL,28,182,2026-08-18T09:45:00+08:00
5dd72be3-57fb-4c60-a821-ae510f2fdaf3,M-1805,SESS-20260818-8584-0029,RENTAL_ACCRUAL,9,264,2026-08-18T11:15:00+08:00
5645715e-0357-4348-91cd-67876a5d97e2,M-2169,SESS-20260818-6866-0030,RENTAL_ACCRUAL,27,252,2026-08-18T17:45:00+08:00
f7037e69-06c2-4bec-9eb3-7513bbac801b,M-2084,SESS-20260818-7723-0031,RENTAL_REDEMPTION,-100,379,2026-08-18T13:00:00+08:00
128ca570-78ad-4158-b51c-bdfa010e6c50,M-2084,SESS-20260818-7723-0031,RENTAL_ACCRUAL,5,384,2026-08-18T15:00:00+08:00
2919b8e9-f24b-4b31-836e-74cb0cf3f7df,M-1497,SESS-20260818-7406-0032,RENTAL_ACCRUAL,16,901,2026-08-18T12:00:00+08:00
366cfb92-2f22-4d03-b16b-acc653141633,M-1729,SESS-20260818-8617-0033,RENTAL_ACCRUAL,18,65,2026-08-18T18:00:00+08:00
102c9449-10fc-4078-b3c6-987bc1c0dba4,M-2062,SESS-20260818-5169-0034,RENTAL_ACCRUAL,25,145,2026-08-19T04:15:00+08:00
9b4b0883-c6c9-4e59-834c-addfc7e16ef4,M-2062,TIER_UPGRADE_Standard_TO_Silver,TIER_BONUS,50,195,2026-08-19T04:15:00+08:00
b80c3c75-d8df-4137-b772-98400a1ca2f4,M-1728,SESS-20260818-4026-0035,RENTAL_ACCRUAL,11,166,2026-08-18T15:15:00+08:00
d6cdb54f-cd40-4244-9d69-f3f803c94686,M-1744,SESS-20260818-6897-0036,RENTAL_ACCRUAL,18,811,2026-08-18T20:45:00+08:00
3bbd28c8-d0c6-467e-8686-c0b3e22c9049,M-1659,SESS-20260818-4203-0037,RENTAL_ACCRUAL,16,148,2026-08-19T00:00:00+08:00
733821f6-99d8-45fd-9f53-5f6caddc5854,M-2011,SESS-20260818-5704-0038,RENTAL_ACCRUAL,10,179,2026-08-18T19:15:00+08:00
03128cf6-6900-4138-b4b2-5acfeb601c22,M-1154,SESS-20260818-8537-0039,RENTAL_ACCRUAL,18,501,2026-08-19T00:15:00+08:00
2d26c240-2ba4-4d3e-9c3d-8c2e285efba5,M-1016,SESS-20260818-6329-0040,RENTAL_REDEMPTION,-100,119,2026-08-18T20:30:00+08:00
43c47d32-bcf2-4705-9f97-b509739264f1,M-1016,SESS-20260818-6329-0040,RENTAL_ACCRUAL,5,124,2026-08-18T22:30:00+08:00
79289300-90be-4a46-9f4d-5d12cdce11b3,M-1561,SESS-20260818-8241-0041,RENTAL_REDEMPTION,-100,361,2026-08-18T22:15:00+08:00
0f925f50-02f4-4112-97db-02f16e1a206f,M-1561,SESS-20260818-8241-0041,RENTAL_ACCRUAL,10,371,2026-08-19T01:15:00+08:00
f0fa42d7-de46-4920-a68e-848b2ca9ef01,M-1026,SESS-20260818-5747-0042,RENTAL_ACCRUAL,30,1352,2026-08-18T21:45:00+08:00
a74e15a0-4506-4207-b489-c5b1eb3b85ce,M-1970,SESS-20260818-3534-0043,RENTAL_ACCRUAL,16,197,2026-08-18T16:15:00+08:00
ad647722-8e75-4f38-89b6-89488aba6a04,M-2166,SESS-20260818-4546-0044,RENTAL_ACCRUAL,16,197,2026-08-18T16:15:00+08:00
c51dc0b4-aa7f-4445-8fe9-6e3a1eac6cc6,M-1038,SESS-20260818-7212-0045,RENTAL_ACCRUAL,5,96,2026-08-18T19:15:00+08:00
0e2b0092-51e6-463e-9d98-aa78ab3352aa,M-1923,SESS-20260818-1187-0046,RENTAL_ACCRUAL,10,60,2026-08-18T22:00:00+08:00
726085cb-ee1f-46d2-9ef8-982e3a32e6e7,M-1872,SESS-20260818-4490-0047,RENTAL_ACCRUAL,5,89,2026-08-18T17:45:00+08:00
906ce4f9-e3a0-4db5-90a6-fb50ea635ab7,M-1894,SESS-20260818-2003-0048,RENTAL_ACCRUAL,16,136,2026-08-18T21:30:00+08:00
efab4bec-5acc-40e3-a22c-bed5da3c1a50,M-1674,SESS-20260818-3355-0049,RENTAL_REDEMPTION,-200,602,2026-08-18T20:45:00+08:00
d4187762-bc44-44f0-bc0c-52a1cbfe9ef4,M-1674,SESS-20260818-3355-0049,RENTAL_ACCRUAL,15,617,2026-08-19T01:45:00+08:00
2d02cb18-3452-4521-876b-4ac3e8860435,M-1721,SESS-20260818-6706-0050,RENTAL_ACCRUAL,28,558,2026-08-18T18:00:00+08:00
d2b27711-39e3-44f0-892f-c875c3fe2395,M-1042,SESS-20260818-3163-0051,RENTAL_ACCRUAL,11,335,2026-08-18T23:00:00+08:00
bb598075-4644-4194-a5f8-e3553844b605,M-1690,SESS-20260818-5509-0052,RENTAL_ACCRUAL,5,121,2026-08-18T12:45:00+08:00
efb9a03e-c5a2-42bc-849f-44b1c477a0e5,M-1812,SESS-20260818-5752-0053,RENTAL_ACCRUAL,45,688,2026-08-18T17:30:00+08:00
fdb3d658-6f96-479d-bff4-29ef7aa1c61e,M-1763,SESS-20260818-7498-0054,RENTAL_ACCRUAL,5,129,2026-08-18T19:45:00+08:00
d1766c82-e0b7-4915-946a-ed899bebd8d8,M-1652,SESS-20260818-4799-0055,RENTAL_ACCRUAL,27,354,2026-08-18T20:10:00+08:00
e827c020-9ec0-4b56-a02a-96f7013664ae,M-1640,SESS-20260818-3366-0056,RENTAL_ACCRUAL,11,269,2026-08-19T00:30:00+08:00
8f7ad1a5-8dab-4aaa-a581-3a485ccce196,M-1107,SESS-20260818-1011-0057,RENTAL_ACCRUAL,67,168,2026-08-18T23:00:00+08:00
88289d5d-8f50-48de-b611-d72abfe48735,M-1528,SESS-20260818-8931-0058,RENTAL_ACCRUAL,27,82,2026-08-19T02:15:00+08:00
bf600d72-7cff-4bf2-813f-29044c87bb6f,M-1101,SESS-20260818-2324-0059,RENTAL_ACCRUAL,28,667,2026-08-18T07:00:00+08:00
ed213a44-b6f5-4f9b-98da-a3662bb5b5bf,M-1022,SESS-20260818-1215-0060,RENTAL_ACCRUAL,40,279,2026-08-18T10:15:00+08:00
eb8e0ade-78b8-44cd-ba4f-82ff2008a66c,M-1413,SESS-20260818-4970-0061,RENTAL_REDEMPTION,-200,34,2026-08-18T23:15:00+08:00
bc9791ac-a835-415a-b5eb-0a7b576d3a7e,M-1413,SESS-20260818-4970-0061,RENTAL_ACCRUAL,28,62,2026-08-19T02:15:00+08:00
47a6f7da-4877-4500-a745-b522d1c9eb44,M-1481,SESS-20260818-1165-0062,RENTAL_ACCRUAL,18,313,2026-08-18T23:55:00+08:00
464bf72a-a99d-4e8b-934b-e5fd1c212f20,M-2196,SESS-20260818-4904-0063,RENTAL_REDEMPTION,-100,260,2026-08-18T16:30:00+08:00
a0e2156c-112e-4396-95d1-9cf0f806e79f,M-2196,SESS-20260818-4904-0063,RENTAL_ACCRUAL,10,270,2026-08-18T19:30:00+08:00
3eb8e673-3cf3-466c-81de-e1979fcabe05,M-1710,SESS-20260818-5202-0064,RENTAL_ACCRUAL,16,448,2026-08-18T22:45:00+08:00
8ce8e811-169e-45da-8563-dcd6a15d2d39,M-1166,SESS-20260818-6468-0065,RENTAL_ACCRUAL,27,92,2026-08-18T18:00:00+08:00
d45d16cc-7ddc-423f-b950-79310901b6fd,M-1231,SESS-20260818-3228-0066,RENTAL_ACCRUAL,27,353,2026-08-18T23:45:00+08:00
bb52cce5-0a58-46ce-b054-0abe88768f5b,M-1013,SESS-20260818-1003-0067,RENTAL_REDEMPTION,-200,18,2026-08-18T19:45:00+08:00
b0336dba-ef5b-4911-ad4e-9d0bd23104d2,M-1013,SESS-20260818-1003-0067,RENTAL_ACCRUAL,95,113,2026-08-19T03:45:00+08:00
bbc9e047-c2d6-491c-9cd5-bb3c54307ed9,M-1716,SESS-20260818-8004-0068,RENTAL_ACCRUAL,45,317,2026-08-19T06:45:00+08:00
23369dc6-35bb-4089-ae9f-97a8008aa71c,M-1973,SESS-20260818-9581-0069,RENTAL_ACCRUAL,8,126,2026-08-18T16:30:00+08:00
294870a2-5910-45df-94ab-407a6434c0bf,M-1694,SESS-20260818-4918-0070,RENTAL_ACCRUAL,27,250,2026-08-18T17:45:00+08:00
be683774-419e-4b19-87a2-f59f4a5e7e56,M-1005,SESS-20260818-6336-0071,RENTAL_ACCRUAL,11,75,2026-08-18T19:45:00+08:00
0cf3fecf-ecb8-46a8-9817-981e782c0e43,M-1981,SESS-20260818-1393-0072,RENTAL_ACCRUAL,27,207,2026-08-18T04:30:00+08:00
74c76bb7-f79c-4a64-b11e-b9c013f7a195,M-2094,SESS-20260818-4584-0073,RENTAL_REDEMPTION,-100,108,2026-08-18T20:45:00+08:00
bbeee17e-9ade-42d9-9665-1b7e5f678338,M-1989,SESS-20260818-3035-0074,RENTAL_ACCRUAL,11,342,2026-08-18T23:55:00+08:00
a7ce6b4a-6901-485e-978b-970aae695382,M-1826,SESS-20260818-6502-0075,RENTAL_ACCRUAL,11,282,2026-08-18T21:20:00+08:00
ad441fe8-5eb8-4f91-8229-09f5fcd190eb,M-1694,SESS-20260818-7199-0076,RENTAL_ACCRUAL,45,295,2026-08-19T03:00:00+08:00
c900296a-687a-4a07-82f5-80f97b9ff2b3,M-1201,SESS-20260818-9705-0077,RENTAL_ACCRUAL,13,602,2026-08-18T10:00:00+08:00
25df3657-4f3c-45a3-971d-e95913a7e1a7,M-2036,SESS-20260818-6517-0078,RENTAL_ACCRUAL,16,106,2026-08-18T23:15:00+08:00
ad1895e4-df2f-4540-bfa0-6041633cd02f,M-1011,SESS-20260818-3010-0079,RENTAL_ACCRUAL,45,858,2026-08-19T01:30:00+08:00
6c0085f2-b61e-4645-8422-dfa1e67edcd8,M-1011,TIER_UPGRADE_Silver_TO_Gold,TIER_BONUS,100,958,2026-08-19T01:30:00+08:00
722f4763-7e05-45fb-8389-11bd7803f09c,M-1178,SESS-20260818-2499-0080,RENTAL_REDEMPTION,-100,211,2026-08-18T19:45:00+08:00
0062dc88-e515-4640-b3a4-e1c444f3b11a,M-1178,SESS-20260818-2499-0080,RENTAL_ACCRUAL,11,222,2026-08-18T21:45:00+08:00
4564d1ef-9543-461d-a520-bd477f210345,M-1896,SESS-20260818-5883-0081,RENTAL_ACCRUAL,16,358,2026-08-18T13:00:00+08:00
a705adf3-2564-4919-ab89-18561b42da50,M-1071,SESS-20260818-6659-0082,RENTAL_ACCRUAL,30,434,2026-08-18T19:30:00+08:00
bc8a0c48-e10a-4c1a-92e7-5ec0209bd6a4,M-1290,SESS-20260818-3101-0083,RENTAL_ACCRUAL,11,115,2026-08-18T20:45:00+08:00
90dcf2ea-ca60-49a6-b767-9d010f1cdeef,M-2111,SESS-20260818-3449-0084,RENTAL_ACCRUAL,40,88,2026-08-19T07:30:00+08:00
378d3158-85fa-4ed5-a6f1-b2d79431a588,M-1037,SESS-20260818-3716-0085,RENTAL_ACCRUAL,9,789,2026-08-18T11:00:00+08:00
017e28eb-2a5f-4557-b231-ea9dd5c31c80,M-1122,SESS-20260818-5964-0086,RENTAL_ACCRUAL,5,192,2026-08-18T21:45:00+08:00
d923db44-23c1-40f9-a40a-62f5d30df782,M-1073,SESS-20260818-4281-0087,RENTAL_ACCRUAL,16,114,2026-08-18T12:45:00+08:00
870bbe82-0bf6-4263-927d-2993ff98f1c9,M-1279,SESS-20260818-5762-0088,RENTAL_ACCRUAL,5,139,2026-08-18T22:35:00+08:00
42aefe9f-061d-428d-b110-73f7238f7bc3,M-1024,SESS-20260818-1270-0089,RENTAL_REDEMPTION,-300,55,2026-08-18T23:20:00+08:00
82bac24f-c8fe-49d1-b6e5-af15c604282c,M-1024,SESS-20260818-1270-0089,RENTAL_ACCRUAL,9,64,2026-08-19T04:20:00+08:00
df42af43-cf95-4b26-91aa-72c94db6ca69,M-1186,SESS-20260818-9610-0090,RENTAL_ACCRUAL,5,555,2026-08-18T18:30:00+08:00
fb620ef6-94ab-44cc-80f3-919eb6e6fa62,M-2105,SESS-20260818-8403-0091,RENTAL_ACCRUAL,72,374,2026-08-19T04:55:00+08:00
3e0c66d5-89d9-4ac5-9f3b-e823a07798dc,M-1535,SESS-20260818-3622-0092,RENTAL_ACCRUAL,27,313,2026-08-18T14:45:00+08:00
113df7d1-7d27-4689-8e74-cb478ab47560,M-1729,SESS-20260818-1834-0093,RENTAL_ACCRUAL,28,93,2026-08-19T00:40:00+08:00
16937217-88a5-47eb-b873-a1bb7ddaf10a,M-1368,SESS-20260818-4140-0094,RENTAL_REDEMPTION,-100,212,2026-08-18T12:00:00+08:00
4e888ab8-1ce2-47a2-8435-946f4be80f62,M-1368,SESS-20260818-4140-0094,RENTAL_ACCRUAL,2,214,2026-08-18T13:00:00+08:00
d414c82e-e8f1-4f78-83a5-be147130efb9,M-1391,SESS-20260818-1550-0095,RENTAL_REDEMPTION,-100,148,2026-08-18T17:30:00+08:00
29df41bd-881a-48fc-9a83-36fb2385dc47,M-1391,SESS-20260818-1550-0095,RENTAL_ACCRUAL,21,169,2026-08-18T22:30:00+08:00
b5a9d2f3-de86-4540-885d-ade0547df51d,M-1482,SESS-20260818-9575-0096,RENTAL_REDEMPTION,-100,358,2026-08-18T21:15:00+08:00
ada48126-dc42-4310-96ca-2e9c0605b467,M-1482,SESS-20260818-9575-0096,RENTAL_ACCRUAL,10,368,2026-08-19T00:15:00+08:00
ab594b43-231f-46a3-9fec-334868995458,M-1884,SESS-20260818-1138-0097,RENTAL_ACCRUAL,16,65,2026-08-18T21:15:00+08:00
c790f2d7-c66c-44ce-96fd-d7fdc1382be6,M-1396,SESS-20260818-5646-0098,RENTAL_ACCRUAL,18,338,2026-08-18T20:00:00+08:00
a89b842d-399a-4c7d-beb4-8ec98a9a197b,M-1207,SESS-20260818-4566-0099,RENTAL_REDEMPTION,-300,322,2026-08-18T20:00:00+08:00
2cec1227-6c96-46c9-b831-600b15941000,M-1207,SESS-20260818-4566-0099,RENTAL_ACCRUAL,26,348,2026-08-19T04:00:00+08:00
c2e4ccec-6e5f-45f4-8976-7904e71965b5,M-1084,SESS-20260818-5379-0100,RENTAL_ACCRUAL,5,270,2026-08-18T20:45:00+08:00
b26b0f90-67ea-42de-8e30-5f794fe6b0b0,M-1333,SESS-20260818-1959-0101,RENTAL_ACCRUAL,13,237,2026-08-18T05:45:00+08:00
50c64fb5-3fac-40eb-a810-8ae6c3151f19,M-1654,SESS-20260818-2582-0102,RENTAL_ACCRUAL,11,186,2026-08-18T20:45:00+08:00
7c168f16-d4a5-49b1-9fa0-aa7615ad0a66,M-1120,SESS-20260818-3330-0103,RENTAL_ACCRUAL,9,791,2026-08-18T19:05:00+08:00
dcc4ac90-71b3-4a68-9805-20ffe73c458d,M-1967,SESS-20260818-3280-0104,RENTAL_ACCRUAL,11,120,2026-08-18T22:20:00+08:00
abaf351d-1759-45a2-9de9-748f6cf67075,M-2051,SESS-20260818-7549-0105,RENTAL_ACCRUAL,10,296,2026-08-18T20:30:00+08:00
448180f6-75fa-4428-b4d7-4c78c7c8b821,M-1485,SESS-20260818-8225-0106,RENTAL_ACCRUAL,28,94,2026-08-19T00:50:00+08:00
0dbfb454-6b24-46b3-b987-fa87f33b8086,M-1289,SESS-20260818-1283-0107,RENTAL_ACCRUAL,13,309,2026-08-18T05:00:00+08:00
4bc9f1ca-90fd-4fe1-9380-304bbd108493,M-1353,SESS-20260818-9371-0108,RENTAL_ACCRUAL,16,198,2026-08-18T18:45:00+08:00
054f0ca6-75fa-4ca6-92c4-2362e19ddef9,M-1267,SESS-20260818-7789-0109,RENTAL_REDEMPTION,-100,243,2026-08-18T20:30:00+08:00
5b750f8e-335e-4974-968d-29193ee67de1,M-1267,SESS-20260818-7789-0109,RENTAL_ACCRUAL,21,264,2026-08-19T01:30:00+08:00
ccb489df-6540-4130-aa72-7ff7cf3a973b,M-1392,SESS-20260818-3643-0110,RENTAL_ACCRUAL,19,805,2026-08-18T17:15:00+08:00
3e7befff-2437-4a07-8c18-8d390f7fa5b4,M-1859,SESS-20260818-2387-0111,RENTAL_ACCRUAL,27,114,2026-08-18T14:10:00+08:00
66b1853d-5810-4103-9bb8-1cc1ffa3e8fc,M-1440,SESS-20260818-4037-0112,RENTAL_REDEMPTION,-100,268,2026-08-18T20:45:00+08:00
7dcbcb7c-9e13-4686-92e1-b4cfbbd42f42,M-1440,SESS-20260818-4037-0112,RENTAL_ACCRUAL,5,273,2026-08-18T22:45:00+08:00
33b8da4a-21ed-4e3e-981f-32ab1df01d28,M-1439,SESS-20260818-9508-0113,RENTAL_REDEMPTION,-200,407,2026-08-18T22:45:00+08:00
108d1deb-9d03-416f-b691-67f64d024a6d,M-1439,SESS-20260818-9508-0113,RENTAL_ACCRUAL,4,411,2026-08-19T01:45:00+08:00
dfe5ea01-ef06-4331-ae7f-048d88d77969,M-1259,SESS-20260818-7527-0114,RENTAL_ACCRUAL,9,514,2026-08-18T19:10:00+08:00
79805c30-cf28-46c1-a6b3-69d0e21dc298,M-1450,SESS-20260818-7875-0115,RENTAL_ACCRUAL,45,134,2026-08-19T00:15:00+08:00
c6e5f543-1e4b-4062-bc1c-75152a6f2ed7,M-2057,SESS-20260818-3015-0116,RENTAL_ACCRUAL,15,113,2026-08-19T01:50:00+08:00
2a811be4-5c8e-4fc1-9e70-760391aceb54,M-1240,SESS-20260818-3530-0117,RENTAL_REDEMPTION,-100,320,2026-08-18T13:45:00+08:00
f8d7af98-bbc1-46f9-8bb5-efd0baa3d156,M-1240,SESS-20260818-3530-0117,RENTAL_ACCRUAL,21,341,2026-08-18T15:45:00+08:00
8b39d2f8-7a5a-4845-bbca-e2d2ddbd0e99,M-2047,SESS-20260818-8209-0118,RENTAL_ACCRUAL,11,267,2026-08-18T10:45:00+08:00
428044f5-cac1-4fb0-a297-ca5040f461df,M-1197,SESS-20260818-1919-0119,RENTAL_REDEMPTION,-100,243,2026-08-18T16:30:00+08:00
b9a1e78e-040e-4463-bcd2-8bdcf5825171,M-1197,SESS-20260818-1919-0119,RENTAL_ACCRUAL,5,248,2026-08-18T18:30:00+08:00
3a30c1f6-c176-4d3f-b99d-05cf22325019,M-1576,SESS-20260818-8773-0120,RENTAL_ACCRUAL,6,1338,2026-08-18T18:15:00+08:00
e817e920-042c-42c5-82a1-6949e0f1443d,M-1774,SESS-20260818-7859-0121,RENTAL_ACCRUAL,28,403,2026-08-18T18:00:00+08:00
a30cdcfb-9482-45f7-a838-f93655f61020,M-1474,SESS-20260818-7715-0122,RENTAL_ACCRUAL,11,122,2026-08-18T23:30:00+08:00
9c4ac897-b50d-4353-9f25-0a99e20d6020,M-1486,SESS-20260818-5448-0123,RENTAL_ACCRUAL,28,97,2026-08-18T23:55:00+08:00
8e8b6100-c528-4997-b250-e04ad55aa887,M-1257,SESS-20260818-8862-0124,RENTAL_ACCRUAL,28,285,2026-08-18T16:15:00+08:00
3e04e762-66ca-494e-ba83-01bd0ecdb572,M-1230,SESS-20260818-3989-0125,RENTAL_ACCRUAL,5,1123,2026-08-18T21:15:00+08:00
1c9f7a0f-b34f-48a5-8a65-876c894103d9,M-1585,SESS-20260818-3020-0126,RENTAL_REDEMPTION,-100,370,2026-08-18T22:35:00+08:00
50d4caf8-2ae3-4ca1-944f-855439b1824a,M-1585,SESS-20260818-3020-0126,RENTAL_ACCRUAL,22,392,2026-08-19T03:35:00+08:00
3805dcb0-38ef-46a7-bb8e-c8c9d7844c51,M-1423,SESS-20260818-7395-0127,RENTAL_ACCRUAL,27,146,2026-08-18T09:40:00+08:00
b243fd9c-3096-4b9b-8280-c251f8697a44,M-1499,SESS-20260818-6988-0128,RENTAL_ACCRUAL,5,130,2026-08-18T13:15:00+08:00
9f9ebeef-1783-49b1-8c3a-8eed690a750f,M-1946,SESS-20260818-4839-0129,RENTAL_ACCRUAL,18,224,2026-08-19T00:15:00+08:00
bc2db147-4e6f-41b2-b61b-de6ae237166f,M-1436,SESS-20260818-4517-0130,RENTAL_ACCRUAL,6,602,2026-08-18T15:15:00+08:00
8eedb8b3-56b3-4921-9612-a59af9e6d1ce,M-1043,SESS-20260818-5978-0131,RENTAL_ACCRUAL,9,723,2026-08-18T19:00:00+08:00
563715bd-1ac1-4b38-b38e-633c1203650f,M-2038,SESS-20260818-3590-0132,RENTAL_ACCRUAL,27,84,2026-08-18T22:45:00+08:00
413aeeea-cf1a-4195-b759-f7ab5537d892,M-2114,SESS-20260818-6181-0133,RENTAL_ACCRUAL,40,248,2026-08-19T03:00:00+08:00
f7d3d24d-0181-4088-91cd-a1b5f2f9efcb,M-2114,TIER_UPGRADE_Standard_TO_Silver,TIER_BONUS,50,298,2026-08-19T03:00:00+08:00
f0915023-bacc-4a52-9366-b6c102a57056,M-1275,SESS-20260818-3035-0134,RENTAL_ACCRUAL,16,230,2026-08-18T22:15:00+08:00
da25cdc9-8edc-4e89-a2c7-0286f3d8e2f1,M-2030,SESS-20260818-2102-0135,RENTAL_ACCRUAL,5,66,2026-08-18T14:30:00+08:00
7b7c0a83-7096-483a-9458-29c20ad81505,M-1091,SESS-20260818-7450-0136,RENTAL_ACCRUAL,18,298,2026-08-18T23:50:00+08:00
19656114-b045-4f2b-982b-44312d5f276d,M-1720,SESS-20260818-5985-0137,RENTAL_REDEMPTION,-100,442,2026-08-18T21:55:00+08:00
be44df9d-be65-40f1-96c5-c744fbbe88b4,M-1720,SESS-20260818-5985-0137,RENTAL_ACCRUAL,10,452,2026-08-19T00:55:00+08:00
ab915037-6ac7-4c23-9f2c-9a3f21783802,M-1181,SESS-20260818-1741-0138,RENTAL_REDEMPTION,-200,62,2026-08-18T10:15:00+08:00
1ebd4389-3c6f-410e-8c4d-27bfe94e9e18,M-1181,SESS-20260818-1741-0138,RENTAL_ACCRUAL,14,76,2026-08-18T13:15:00+08:00
c5804703-33b0-46bd-97d3-9e84b37f59c8,M-1232,SESS-20260818-6741-0139,RENTAL_ACCRUAL,45,159,2026-08-18T18:30:00+08:00
ee7e1a20-d0ff-485a-8ab2-6885a85c5433,M-1687,SESS-20260818-6652-0140,RENTAL_ACCRUAL,40,347,2026-08-18T23:00:00+08:00
96ce6b52-ea66-4e3d-a9d4-247b93c47e15,M-1383,SESS-20260818-8728-0141,RENTAL_ACCRUAL,67,455,2026-08-18T22:30:00+08:00
38fcc7b6-0f46-4b27-a589-0502ec5ca1e9,M-1775,SESS-20260818-5723-0142,RENTAL_ACCRUAL,12,1327,2026-08-19T00:30:00+08:00
c6549994-6e14-4ef4-b69c-456f173adfd3,M-1770,SESS-20260818-6196-0143,RENTAL_REDEMPTION,-100,41,2026-08-18T16:30:00+08:00
59b866c0-1dd8-486e-bc42-ad06da99e8c2,M-1770,SESS-20260818-6196-0143,RENTAL_ACCRUAL,11,52,2026-08-18T18:30:00+08:00
a0217f30-7553-48df-b0c2-f2236b4e6cad,M-1584,SESS-20260818-2293-0144,RENTAL_ACCRUAL,27,173,2026-08-19T00:20:00+08:00
bc2a0a99-d41a-4d32-9a5b-ab94308b01c8,M-1665,SESS-20260818-9693-0145,RENTAL_ACCRUAL,18,69,2026-08-19T02:35:00+08:00
2bd0d94c-4d6c-4c0a-9321-d60db626699d,M-2136,SESS-20260818-8787-0146,RENTAL_ACCRUAL,10,40,2026-08-18T18:00:00+08:00
536aa72f-8624-4c94-a054-7ec20b713030,M-1637,SESS-20260818-8983-0147,RENTAL_REDEMPTION,-100,1489,2026-08-18T20:30:00+08:00
0f74d40b-5e95-4501-90b7-c7f943f6f39e,M-1637,SESS-20260818-8983-0147,RENTAL_ACCRUAL,2,1491,2026-08-18T21:30:00+08:00
d5a999f4-67c6-49e1-8f68-42bce28b923f,M-1994,SESS-20260818-4141-0148,RENTAL_ACCRUAL,5,78,2026-08-18T20:30:00+08:00
cd10a234-1247-4fc3-a356-5ce4ba81dbbd,M-1087,SESS-20260818-1559-0149,RENTAL_ACCRUAL,30,1248,2026-08-18T16:00:00+08:00
64ddec78-7ee2-4a9b-a519-0c5584e6f454,M-1324,SESS-20260818-7643-0150,RENTAL_ACCRUAL,16,139,2026-08-18T23:35:00+08:00
7d071a1c-6f12-4589-b3b2-5b9a061d1cf1,M-2143,SESS-20260818-9881-0151,RENTAL_ACCRUAL,18,55,2026-08-19T00:45:00+08:00
7cb8e0de-267c-40ae-b7bd-a5dbc0b9c49a,M-1537,SESS-20260818-5250-0152,RENTAL_REDEMPTION,-100,383,2026-08-18T09:45:00+08:00
fa7d6356-704c-42ff-84b1-a9f381515d31,M-1537,SESS-20260818-5250-0152,RENTAL_ACCRUAL,5,388,2026-08-18T11:45:00+08:00
3a8cf89c-bbd3-453c-bf3b-5334cf7a092d,M-1150,SESS-20260818-3103-0153,RENTAL_ACCRUAL,27,288,2026-08-18T22:15:00+08:00
b61e63c8-0140-44ea-97f3-be83cf91c381,M-1614,SESS-20260818-8694-0154,RENTAL_ACCRUAL,45,479,2026-08-19T05:15:00+08:00
bd51d7f8-a586-45e7-9b58-334fe805c97e,M-1861,SESS-20260818-8920-0155,RENTAL_ACCRUAL,15,211,2026-08-19T00:15:00+08:00
9938569e-5605-494e-9ab3-2699ee81e236,M-1935,SESS-20260818-2809-0156,RENTAL_ACCRUAL,18,280,2026-08-18T22:45:00+08:00
3dbbfe1e-e94e-4c34-83a4-d973afc7d0af,M-1022,SESS-20260818-1058-0157,RENTAL_ACCRUAL,28,307,2026-08-19T03:50:00+08:00
af72ad03-3d15-414f-9f87-b3583f10be31,M-2003,SESS-20260818-5430-0158,RENTAL_REDEMPTION,-100,156,2026-08-18T18:45:00+08:00
136c687a-50de-4f65-93f2-8fdd68a366b5,M-2003,SESS-20260818-5430-0158,RENTAL_ACCRUAL,11,167,2026-08-18T20:45:00+08:00
28d40d91-11ef-45eb-8710-14507b4dfbfc,M-1467,SESS-20260818-9966-0159,RENTAL_ACCRUAL,9,45,2026-08-18T04:50:00+08:00
12fc51f5-e8c6-4d30-a34b-21f098597e70,M-1007,SESS-20260818-4024-0160,RENTAL_ACCRUAL,19,740,2026-08-18T20:15:00+08:00
c0004b0d-8bc5-45fe-ba0d-5324cd05351e,M-1536,SESS-20260818-3012-0161,RENTAL_ACCRUAL,11,394,2026-08-18T20:45:00+08:00
ecfc6483-3670-4ce3-b48e-5e2f701bbead,M-1515,SESS-20260818-4742-0162,RENTAL_REDEMPTION,-200,94,2026-08-18T20:00:00+08:00
dceff007-b5c6-41ad-b0bb-1430b4fe72f0,M-1515,SESS-20260818-4742-0162,RENTAL_ACCRUAL,5,99,2026-08-18T22:00:00+08:00
5b78e011-54ac-4af6-9691-3acc424a94a5,M-1896,SESS-20260818-7862-0163,RENTAL_ACCRUAL,11,369,2026-08-19T01:10:00+08:00
27ec0cd9-b707-420e-ac7f-d687f468ae4c,M-1603,SESS-20260818-2530-0164,RENTAL_REDEMPTION,-100,202,2026-08-18T21:40:00+08:00
9e3e4782-0f4e-4d5f-b367-fe674e2657dd,M-1603,SESS-20260818-2530-0164,RENTAL_ACCRUAL,38,240,2026-08-19T02:40:00+08:00
c88c2733-8656-46ae-90b7-59455b7449ef,M-1603,TIER_UPGRADE_Silver_TO_Gold,TIER_BONUS,100,340,2026-08-19T02:40:00+08:00
a44df083-e3a3-465d-8b3f-56677c78956b,M-1009,SESS-20260818-3439-0165,RENTAL_ACCRUAL,5,116,2026-08-18T20:00:00+08:00
ecb5906e-bfba-4629-84f8-925cbe23f45e,M-1789,SESS-20260818-4158-0166,RENTAL_ACCRUAL,27,328,2026-08-18T22:15:00+08:00
50e80c4a-d1c2-4983-9f02-2ad1aff01fc4,M-1583,SESS-20260818-6904-0167,RENTAL_ACCRUAL,18,335,2026-08-18T21:15:00+08:00
19b165e0-f1b5-41a3-b146-0c1f55bf4071,M-2046,SESS-20260818-6368-0168,RENTAL_ACCRUAL,5,33,2026-08-18T22:00:00+08:00
3340fe01-a637-4000-8404-579e1418f22e,M-1360,SESS-20260818-6342-0169,RENTAL_ACCRUAL,5,341,2026-08-18T19:35:00+08:00
91281c82-9cce-402a-b6d4-1007ad9c6de0,M-1096,SESS-20260818-1176-0170,RENTAL_ACCRUAL,5,233,2026-08-18T22:00:00+08:00
6b67b941-2d57-4bc0-880f-4c2cb44e7c51,M-1114,SESS-20260818-9893-0171,RENTAL_REDEMPTION,-100,99,2026-08-18T22:15:00+08:00
f74561e7-b550-426e-92ed-1ddf976a3d6b,M-1114,SESS-20260818-9893-0171,RENTAL_ACCRUAL,7,106,2026-08-18T23:15:00+08:00
461974a2-5ea0-4946-95bb-401342092e9d,M-1191,SESS-20260818-8021-0172,RENTAL_REDEMPTION,-100,11,2026-08-18T21:00:00+08:00
9874cf8e-496c-4708-ac79-073eab99e0a5,M-1191,SESS-20260818-8021-0172,RENTAL_ACCRUAL,5,16,2026-08-18T23:00:00+08:00
56911471-2fe8-4d4b-a156-2700e46ce841,M-2176,SESS-20260818-4317-0173,RENTAL_ACCRUAL,13,119,2026-08-18T21:45:00+08:00
50343c89-5a62-4228-ac05-c3b178945064,M-2001,SESS-20260818-7076-0174,RENTAL_ACCRUAL,15,183,2026-08-18T16:30:00+08:00
c0721978-50f0-4db8-93a3-e13929824fd2,M-1076,SESS-20260818-3824-0175,RENTAL_ACCRUAL,13,139,2026-08-18T16:00:00+08:00
c52d0fd1-0754-4dc7-ae2a-f043501975cf,M-1927,SESS-20260818-8783-0176,RENTAL_ACCRUAL,8,42,2026-08-19T00:50:00+08:00
cf96a4ad-5543-46af-9d73-ce930773f43b,M-1110,SESS-20260818-6039-0177,RENTAL_ACCRUAL,11,323,2026-08-19T00:30:00+08:00
96469459-956d-43c9-a267-1d3dbce50df4,M-1170,SESS-20260818-6208-0178,RENTAL_ACCRUAL,28,57,2026-08-19T04:55:00+08:00
863883bc-faa4-40cc-b80a-9b9a9a5157f4,M-1155,SESS-20260818-3895-0179,RENTAL_REDEMPTION,-400,245,2026-08-18T12:00:00+08:00
e86a722d-8864-41c7-8bcb-9be7551e440d,M-1155,SESS-20260818-3895-0179,RENTAL_ACCRUAL,20,265,2026-08-18T17:00:00+08:00
26fc19d6-44a2-420d-b384-1d5d54fc8ef3,M-1736,SESS-20260818-4198-0180,RENTAL_ACCRUAL,16,68,2026-08-18T21:00:00+08:00
f427b60a-7cd9-4d95-867b-f3c05486b24b,M-1737,SESS-20260818-3843-0181,RENTAL_ACCRUAL,16,354,2026-08-19T00:30:00+08:00
35cd534b-baf7-4bfe-923e-01730e39e63a,M-1012,SESS-20260818-1209-0182,RENTAL_ACCRUAL,27,398,2026-08-18T21:00:00+08:00
0a7185b3-1c7a-40bc-9adb-890154f224d9,M-1106,SESS-20260818-2554-0183,RENTAL_ACCRUAL,11,447,2026-08-18T22:55:00+08:00
d235838e-414e-414f-9ee2-e331fe1a13ef,M-1370,SESS-20260818-4107-0184,RENTAL_ACCRUAL,16,612,2026-08-18T22:45:00+08:00
67417292-0bd5-476c-a519-430cfd782da7,M-1816,SESS-20260818-4975-0185,RENTAL_ACCRUAL,11,244,2026-08-19T00:05:00+08:00
cc1866a7-26c6-44c3-92c6-d0fb22d00e49,M-1352,SESS-20260818-9699-0186,RENTAL_ACCRUAL,5,219,2026-08-19T00:00:00+08:00
bfec0ae0-0f3b-4e3a-b92d-81d58f6e7c2a,M-1223,SESS-20260818-3998-0187,RENTAL_REDEMPTION,-100,14,2026-08-18T09:30:00+08:00
2c9bf45e-fcb5-4ad5-a04f-d6a1f9133e7e,M-1223,SESS-20260818-3998-0187,RENTAL_ACCRUAL,11,25,2026-08-18T11:30:00+08:00
55787d4a-1e62-4570-9292-bbfe50cb4898,M-1138,SESS-20260818-1379-0188,RENTAL_REDEMPTION,-100,385,2026-08-18T12:45:00+08:00
a3090bcf-7add-40f5-a864-693a9ad2bae9,M-1138,SESS-20260818-1379-0188,RENTAL_ACCRUAL,11,396,2026-08-18T14:45:00+08:00
a5489d3d-f33d-43a8-964b-5f34c3697ec5,M-1796,SESS-20260818-4755-0189,RENTAL_ACCRUAL,5,391,2026-08-19T00:40:00+08:00
33a1cd32-8121-436f-87d2-45294fb2be5b,M-1870,SESS-20260818-5956-0190,RENTAL_ACCRUAL,28,421,2026-08-18T19:30:00+08:00
93669714-6de0-406b-a6ce-df452be7d979,M-1162,SESS-20260818-5876-0191,RENTAL_ACCRUAL,28,87,2026-08-19T04:50:00+08:00
227defd3-d2dd-4f9f-864e-4a2f17a37813,M-1488,SESS-20260818-5861-0192,RENTAL_REDEMPTION,-300,648,2026-08-18T21:30:00+08:00
8b0041e7-fc7d-490a-9c44-7405a9c63dc3,M-1488,SESS-20260818-5861-0192,RENTAL_ACCRUAL,26,674,2026-08-19T05:30:00+08:00
80a56cde-f0ac-41ef-9369-25d67cee426d,M-1111,SESS-20260818-9025-0193,RENTAL_REDEMPTION,-100,125,2026-08-18T19:45:00+08:00
c065befd-1cb8-43c5-84a9-ce95576880d7,M-1111,SESS-20260818-9025-0193,RENTAL_ACCRUAL,2,127,2026-08-18T20:45:00+08:00
f40f08bf-1cb9-48e2-8d2c-562b14f80150,M-2013,SESS-20260818-9703-0194,RENTAL_ACCRUAL,40,153,2026-08-18T20:45:00+08:00
25b7528a-0d53-42bb-bbbe-c25a30f2cf2f,M-1610,SESS-20260818-5627-0195,RENTAL_ACCRUAL,18,125,2026-08-18T17:45:00+08:00
930396b1-05bc-41a4-a284-f540715d4a5f,M-2117,SESS-20260818-8436-0196,RENTAL_ACCRUAL,10,72,2026-08-18T16:00:00+08:00
a993e306-a5f5-4950-9d93-7cf918e6d437,M-1277,SESS-20260818-4790-0197,RENTAL_ACCRUAL,30,2246,2026-08-19T02:15:00+08:00
2d2da7bb-30b0-4f67-a71e-9c76c91fc775,M-1201,SESS-20260818-6279-0198,RENTAL_ACCRUAL,45,647,2026-08-18T19:15:00+08:00
a62fe4ab-a100-44a0-add3-6e0fac1ff107,M-1201,TIER_UPGRADE_Silver_TO_Gold,TIER_BONUS,100,747,2026-08-18T19:15:00+08:00
7c2de8f0-b19e-4c2d-ae4c-36e34816af1b,M-2168,SESS-20260818-8600-0199,RENTAL_ACCRUAL,5,67,2026-08-18T21:30:00+08:00
3de1dcd6-a04c-461f-8fe9-319037b1a468,M-1254,SESS-20260818-9497-0200,RENTAL_ACCRUAL,45,303,2026-08-19T04:15:00+08:00
ed9940a0-1f59-4210-a13f-2cd890dc08c0,M-1053,SESS-20260818-2722-0201,RENTAL_ACCRUAL,5,459,2026-08-18T20:40:00+08:00
532017ad-af8c-4e27-9bbd-fddf34983598,M-1419,SESS-20260818-5125-0202,RENTAL_ACCRUAL,9,434,2026-08-18T18:00:00+08:00
b9ccbff8-5108-46ae-b73f-0793f9a0bfd8,M-1494,SESS-20260818-2522-0203,RENTAL_ACCRUAL,11,405,2026-08-18T22:45:00+08:00
895eaf95-2680-4c3a-9eb2-f744673e1335,M-1049,SESS-20260818-8367-0204,RENTAL_ACCRUAL,11,74,2026-08-19T01:15:00+08:00
f24d9fbc-c199-4d70-8f10-5223427186d0,M-1214,SESS-20260818-5562-0205,RENTAL_REDEMPTION,-100,37,2026-08-18T20:00:00+08:00
bdce07ef-da64-4c89-a7d9-830efa59cc6c,M-1214,SESS-20260818-5562-0205,RENTAL_ACCRUAL,5,42,2026-08-18T22:00:00+08:00
92045b9b-fd5c-423c-9f84-6445bef69547,M-1089,SESS-20260818-9908-0206,RENTAL_ACCRUAL,11,371,2026-08-19T00:00:00+08:00
a093d4fc-c3d3-45c8-946f-bf2987fa5042,M-1249,SESS-20260818-5532-0207,RENTAL_ACCRUAL,16,94,2026-08-19T01:15:00+08:00
1eb102eb-91f4-4ee0-9718-15b36745c616,M-1069,SESS-20260818-8167-0208,RENTAL_ACCRUAL,18,261,2026-08-18T16:20:00+08:00
7d5ad309-34df-4127-923c-b7e5c8759a66,M-1788,SESS-20260818-1836-0209,RENTAL_ACCRUAL,45,536,2026-08-19T01:55:00+08:00
846cfcc1-e102-4ae1-b9ff-14862f27b8fd,M-1679,SESS-20260818-4418-0210,RENTAL_ACCRUAL,9,345,2026-08-18T23:55:00+08:00
c7e19785-0f82-4ad1-a294-8a93edc5df08,M-1602,SESS-20260818-7665-0211,RENTAL_REDEMPTION,-100,687,2026-08-18T22:35:00+08:00
712fbe25-fc57-4c22-96bb-bbaf147fafad,M-1602,SESS-20260818-7665-0211,RENTAL_ACCRUAL,4,691,2026-08-19T00:35:00+08:00
73dd661b-ff1f-4e99-80aa-be7c3f29f016,M-1468,SESS-20260818-7423-0212,RENTAL_ACCRUAL,6,648,2026-08-18T22:50:00+08:00
4b502d40-8600-483d-a375-5c115cc5206f,M-1516,SESS-20260818-9199-0213,RENTAL_ACCRUAL,27,487,2026-08-18T19:15:00+08:00
a1e905a7-dd37-4dbb-8c4c-c8584f225c96,M-2005,SESS-20260818-1741-0214,RENTAL_REDEMPTION,-200,165,2026-08-18T22:00:00+08:00
b1da73bf-e7eb-4d48-84cf-c1a4b31489bc,M-2005,SESS-20260818-1741-0214,RENTAL_ACCRUAL,28,193,2026-08-19T01:00:00+08:00
11a149bb-2c24-46e6-8882-26c04853dd91,M-1876,SESS-20260818-9784-0215,RENTAL_ACCRUAL,10,138,2026-08-18T23:00:00+08:00
c0962589-7c81-496f-9fc5-32d46772e5b7,M-1182,SESS-20260818-3384-0216,RENTAL_ACCRUAL,16,86,2026-08-18T22:45:00+08:00
2a53cfd6-a841-459a-acc7-77d2e37e362e,M-1372,SESS-20260818-8612-0217,RENTAL_ACCRUAL,28,154,2026-08-19T00:55:00+08:00
5031b4fa-d66f-4a86-98cd-bda848abda95,M-1056,SESS-20260818-9755-0218,RENTAL_ACCRUAL,67,196,2026-08-18T22:00:00+08:00
d57b3545-1025-484d-8acf-3d2fccf659db,M-1288,SESS-20260818-7477-0219,RENTAL_REDEMPTION,-100,433,2026-08-18T21:00:00+08:00
74baad12-288b-4caf-8915-602bc1335dd1,M-1288,SESS-20260818-7477-0219,RENTAL_ACCRUAL,4,437,2026-08-18T23:00:00+08:00
b7b7cb4e-c88f-44b5-826f-2cbe929e34bd,M-1605,SESS-20260818-2075-0220,RENTAL_REDEMPTION,-100,98,2026-08-18T22:05:00+08:00
87da6c1d-3d1a-4959-9669-6e8fa8f78878,M-1605,SESS-20260818-2075-0220,RENTAL_ACCRUAL,10,108,2026-08-19T01:05:00+08:00
01941474-4ff2-4c0e-ae5d-afffcebbb19c,M-1476,SESS-20260818-5593-0221,RENTAL_REDEMPTION,-100,67,2026-08-18T23:10:00+08:00
4ec97420-56c2-4128-897e-87200eb0298d,M-1476,SESS-20260818-5593-0221,RENTAL_ACCRUAL,21,88,2026-08-19T01:10:00+08:00
c5c2e338-7084-4853-bc19-99c5b10679ad,M-1036,SESS-20260818-1397-0222,RENTAL_REDEMPTION,-100,274,2026-08-18T18:10:00+08:00
79a60385-c099-4529-8436-88fe5bfa42d1,M-1036,SESS-20260818-1397-0222,RENTAL_ACCRUAL,40,314,2026-08-19T02:10:00+08:00
e8c8e9c6-dd24-476a-af36-047a408afce1,M-1492,SESS-20260818-1211-0223,RENTAL_ACCRUAL,27,323,2026-08-18T12:50:00+08:00
47340000-80cf-4a9a-ad0f-951687e1699a,M-1239,SESS-20260818-4979-0224,RENTAL_ACCRUAL,11,282,2026-08-19T00:45:00+08:00
5cb0c72c-97db-4e22-8aa9-b2d298ca7735,M-1740,SESS-20260818-4456-0225,RENTAL_REDEMPTION,-100,1332,2026-08-18T11:45:00+08:00
13a98f9f-9792-44cc-8027-ac60f5adeaeb,M-1740,SESS-20260818-4456-0225,RENTAL_ACCRUAL,4,1336,2026-08-18T13:45:00+08:00
5974923e-9b27-4516-8685-fcc2b8a3519c,M-1569,SESS-20260818-5625-0226,RENTAL_ACCRUAL,18,148,2026-08-18T17:55:00+08:00
3e8ece55-ca69-4d3c-970f-9e05256d753b,M-1282,SESS-20260818-9735-0227,RENTAL_ACCRUAL,18,361,2026-08-18T23:50:00+08:00
58aea35c-e753-4089-8767-fc1acbf73187,M-1766,SESS-20260818-9414-0228,RENTAL_REDEMPTION,-100,719,2026-08-18T19:05:00+08:00
36f53bd4-9a24-448a-9135-c6352d5c6060,M-1766,SESS-20260818-9414-0228,RENTAL_ACCRUAL,11,730,2026-08-18T21:05:00+08:00
0ac14dac-99c1-4f75-84cd-a947fb05cbf3,M-1252,SESS-20260818-7507-0229,RENTAL_ACCRUAL,12,115,2026-08-19T01:10:00+08:00
810271de-ed08-4eb3-aa9e-f77c36abd979,M-2107,SESS-20260818-8475-0230,RENTAL_ACCRUAL,16,155,2026-08-19T02:10:00+08:00
c6cb9ace-c635-4017-8a3e-862d523dd760,M-2044,SESS-20260818-2218-0231,RENTAL_ACCRUAL,16,359,2026-08-18T19:45:00+08:00
d29ac980-24a5-4350-9c94-7fa6455541bc,M-1803,SESS-20260818-4682-0232,RENTAL_ACCRUAL,40,101,2026-08-19T01:25:00+08:00
2c91472b-0169-4cfb-b450-46898ac8f9b7,M-1795,SESS-20260818-9675-0233,RENTAL_REDEMPTION,-300,23,2026-08-18T21:00:00+08:00
53a216fa-def8-4678-85f4-45974e248560,M-1795,SESS-20260818-9675-0233,RENTAL_ACCRUAL,8,31,2026-08-19T00:00:00+08:00
035f903b-44d1-4e47-9962-f151867aad91,M-1183,SESS-20260818-5625-0234,RENTAL_ACCRUAL,9,443,2026-08-18T20:15:00+08:00
3e90d8c6-c75c-456a-aeeb-148dcdcc6526,M-1438,SESS-20260818-8934-0235,RENTAL_ACCRUAL,28,2590,2026-08-18T12:30:00+08:00
9a36e88b-a544-48cc-854d-c3fa80957985,M-1137,SESS-20260818-3938-0236,RENTAL_REDEMPTION,-200,87,2026-08-18T10:45:00+08:00
250185c2-9602-44f9-8feb-d6dbbb32403e,M-1137,SESS-20260818-3938-0236,RENTAL_ACCRUAL,4,91,2026-08-18T13:45:00+08:00
8e7c7405-574a-4438-a11d-f1a08a089cc6,M-1995,SESS-20260818-1630-0237,RENTAL_ACCRUAL,16,228,2026-08-19T01:45:00+08:00
b17ecc87-5e7a-4039-a70f-fc09abdf7687,M-1416,SESS-20260818-9032-0238,RENTAL_ACCRUAL,28,2553,2026-08-19T01:15:00+08:00
edde2341-f709-4383-8f26-b026f58226da,M-1522,SESS-20260818-7477-0239,RENTAL_ACCRUAL,9,158,2026-08-18T22:45:00+08:00
8554a4f3-c632-43bd-9479-94ffc3f39afb,M-1345,SESS-20260818-2722-0240,RENTAL_ACCRUAL,9,680,2026-08-18T21:20:00+08:00
1ef4e171-c14b-4a6f-85fc-ea6eebcf78d8,M-1950,SESS-20260818-9555-0241,RENTAL_ACCRUAL,16,136,2026-08-18T16:30:00+08:00
7111dadb-c757-4d0e-a946-4ef7899bbd18,M-1074,SESS-20260818-7195-0242,RENTAL_ACCRUAL,18,312,2026-08-19T00:10:00+08:00
2430c41e-a85c-4210-82f3-a9249d4619c3,M-1604,SESS-20260818-4839-0243,RENTAL_ACCRUAL,11,54,2026-08-19T01:05:00+08:00
d560db78-09ef-44f0-b101-4bf9e23f1f17,M-1346,SESS-20260818-6990-0244,RENTAL_ACCRUAL,27,452,2026-08-18T21:00:00+08:00
63105221-6c88-41cf-8d6d-836cc07b17bb,M-2014,SESS-20260818-5288-0245,RENTAL_ACCRUAL,18,313,2026-08-18T16:15:00+08:00
28c91310-156c-47a6-998d-9384ce7a4db1,M-1415,SESS-20260818-4203-0246,RENTAL_ACCRUAL,48,734,2026-08-19T06:15:00+08:00
6ca7becd-74fe-4e7d-a5e1-22bdff6eabb0,M-1031,SESS-20260818-8308-0247,RENTAL_ACCRUAL,28,1397,2026-08-18T17:30:00+08:00
4b191280-36f2-4ce9-a387-2b6b22fb1edd,M-1940,SESS-20260818-8785-0248,RENTAL_ACCRUAL,25,125,2026-08-18T23:00:00+08:00
da01a31d-b72d-424f-a6ab-b251abfb07d0,M-1940,TIER_UPGRADE_Standard_TO_Silver,TIER_BONUS,50,175,2026-08-18T23:00:00+08:00
34c31493-efe5-4943-888b-76c583c7b05e,M-1294,SESS-20260818-5826-0249,RENTAL_ACCRUAL,11,208,2026-08-18T15:45:00+08:00
7c44e373-493d-406e-9757-fd25981e7389,M-1460,SESS-20260818-5956-0250,RENTAL_ACCRUAL,27,67,2026-08-19T01:55:00+08:00
ba06e68c-5fa0-4d1f-82a4-28a6528edaf8,M-1196,SESS-20260818-5515-0251,RENTAL_ACCRUAL,76,518,2026-08-19T03:25:00+08:00
ab923b77-2969-4248-9702-364b074491da,M-1326,SESS-20260818-6603-0252,RENTAL_ACCRUAL,11,425,2026-08-19T01:05:00+08:00
17202c40-fb76-450b-8738-9b04f6f50251,M-1914,SESS-20260818-5312-0253,RENTAL_ACCRUAL,12,70,2026-08-18T17:00:00+08:00
cc36fb20-9ad2-4a0e-88d1-dd8dc2944929,M-2016,SESS-20260818-9108-0254,RENTAL_ACCRUAL,27,329,2026-08-18T18:30:00+08:00
b2755595-10ab-4d6c-a48d-dcb912b5ec17,M-1930,SESS-20260818-7698-0255,RENTAL_ACCRUAL,18,90,2026-08-18T18:35:00+08:00
5a69b549-ac5b-4da9-9ad2-66c5c606d82f,M-2179,SESS-20260818-8973-0256,RENTAL_ACCRUAL,15,167,2026-08-19T01:30:00+08:00
e0da88e7-d95f-43de-89b0-f6e858ebf0e2,M-2080,SESS-20260818-8380-0257,RENTAL_ACCRUAL,16,87,2026-08-18T17:45:00+08:00
1eafd7f2-3574-4488-9c55-71dc09b9f0e7,M-2127,SESS-20260818-3704-0258,RENTAL_ACCRUAL,15,73,2026-08-18T21:30:00+08:00
e13d6b82-f851-4fea-b074-f550791f2648,M-1944,SESS-20260818-3334-0259,RENTAL_REDEMPTION,-100,60,2026-08-18T20:10:00+08:00
30d160e1-f2c7-43c6-b254-624dfbf08603,M-1944,SESS-20260818-3334-0259,RENTAL_ACCRUAL,38,98,2026-08-19T04:10:00+08:00
7f4f36ca-a0f0-46cd-994e-6f6ce0338cbb,M-1227,SESS-20260818-6772-0260,RENTAL_REDEMPTION,-100,183,2026-08-18T22:15:00+08:00
661efbae-3a6c-475b-b1a4-c635f31b798d,M-1227,SESS-20260818-6772-0260,RENTAL_ACCRUAL,11,194,2026-08-19T00:15:00+08:00
46d6459b-e60c-4892-8f0b-4d3205d147a1,M-1846,SESS-20260818-4958-0261,RENTAL_ACCRUAL,5,42,2026-08-18T19:15:00+08:00
2fb07c10-f874-43d8-8034-61c67acfe0b5,M-1863,SESS-20260818-3320-0262,RENTAL_ACCRUAL,16,250,2026-08-19T02:45:00+08:00
23de3aa8-4568-4b9f-85e8-ab6c3e087519,M-1718,SESS-20260818-4072-0263,RENTAL_ACCRUAL,6,1337,2026-08-19T00:00:00+08:00
7e117124-aacc-4085-b42e-07fbd12159f9,M-1941,SESS-20260818-5426-0264,RENTAL_ACCRUAL,16,105,2026-08-18T20:45:00+08:00
21bf87b1-1888-4e3d-90ff-f38822e46617,M-1810,SESS-20260818-2736-0265,RENTAL_ACCRUAL,67,284,2026-08-18T22:15:00+08:00
7560afd6-0be6-4ec5-b562-89ecfb491f2f,M-1330,SESS-20260818-3112-0266,RENTAL_REDEMPTION,-500,2998,2026-08-18T16:45:00+08:00
ed2e43cb-e3d8-4d6b-a2e3-a45655dcec7b,M-1330,SESS-20260818-3112-0266,RENTAL_ACCRUAL,10,3008,2026-08-18T21:45:00+08:00
75635f5a-3acd-4190-9398-4c17a5bce983,M-1799,SESS-20260818-7800-0267,RENTAL_ACCRUAL,27,379,2026-08-18T21:30:00+08:00
fbf5acc0-5583-4135-b21d-53de1bd5a434,M-1732,SESS-20260818-4076-0268,RENTAL_ACCRUAL,30,249,2026-08-19T01:35:00+08:00
5a57da68-8fa6-486a-b3ac-299e88b1ee23,M-2120,SESS-20260818-5673-0269,RENTAL_ACCRUAL,28,412,2026-08-18T15:45:00+08:00
4b7f0e72-0467-4393-9474-b2120a96dd53,M-1298,SESS-20260818-5109-0270,RENTAL_ACCRUAL,18,580,2026-08-18T23:15:00+08:00
56ad6794-987b-4d26-88da-cdc3c811ebe1,M-1144,SESS-20260818-1888-0271,RENTAL_ACCRUAL,27,236,2026-08-18T21:15:00+08:00
537cae83-a584-400c-b160-bfbafa12cb1a,M-1538,SESS-20260818-4365-0272,RENTAL_ACCRUAL,27,253,2026-08-19T00:25:00+08:00
eb4d2a38-c039-4f36-a573-40540a031964,M-1206,SESS-20260818-4159-0273,RENTAL_REDEMPTION,-100,312,2026-08-18T17:45:00+08:00
3b6467b0-e5fb-4915-addf-51ecbca4f5e3,M-1206,SESS-20260818-4159-0273,RENTAL_ACCRUAL,5,317,2026-08-18T19:45:00+08:00
f9948f6e-ea56-486e-ab31-0359f4ad7af8,M-1566,SESS-20260818-8400-0274,RENTAL_REDEMPTION,-100,380,2026-08-18T22:15:00+08:00
085778a8-9a64-4ffc-b1f0-2532549727e7,M-1566,SESS-20260818-8400-0274,RENTAL_ACCRUAL,40,420,2026-08-19T03:15:00+08:00
624a51da-f70a-433e-b3c5-5212871efedd,M-1032,SESS-20260818-2463-0275,RENTAL_ACCRUAL,11,357,2026-08-18T17:20:00+08:00
ae7c32a6-7abc-4ea3-8c39-ecf1f3cf0550,M-1784,SESS-20260818-2669-0276,RENTAL_ACCRUAL,5,472,2026-08-18T23:10:00+08:00
a091cdf4-d231-4f63-afe7-803007372192,M-1373,SESS-20260818-2825-0277,RENTAL_ACCRUAL,5,389,2026-08-18T17:15:00+08:00
c1341a5f-238f-4981-b77d-223fd55a3c41,M-1731,SESS-20260818-2615-0278,RENTAL_ACCRUAL,18,189,2026-08-18T21:25:00+08:00
7b158243-574c-4669-b076-4488709e3533,M-1205,SESS-20260818-3149-0279,RENTAL_ACCRUAL,18,1091,2026-08-19T01:20:00+08:00
7af7b86a-508f-4af8-a8cf-5b41d75e9d49,M-1001,SESS-20260818-5793-0280,RENTAL_ACCRUAL,18,527,2026-08-19T01:45:00+08:00
5fc54a1c-7e88-4fe7-bd04-3ab525685b7d,M-1138,SESS-20260818-8665-0281,RENTAL_ACCRUAL,11,407,2026-08-19T00:45:00+08:00
048575e2-4363-4808-92c0-242cc6e3c353,M-1138,TIER_UPGRADE_Silver_TO_Gold,TIER_BONUS,100,507,2026-08-19T00:45:00+08:00
645dbe22-ab95-487b-ac12-7de68cb6d98c,M-1115,SESS-20260818-3814-0282,RENTAL_ACCRUAL,13,127,2026-08-18T19:45:00+08:00
b1c1b21a-a730-470a-9d99-90c9077b5afd,M-2013,SESS-20260818-5842-0283,RENTAL_ACCRUAL,24,177,2026-08-19T00:35:00+08:00
cf951d51-163e-4a03-8f1c-27c150ada7f9,M-1308,SESS-20260818-1715-0284,RENTAL_ACCRUAL,16,130,2026-08-18T18:00:00+08:00
c6073573-8156-4fea-8d3b-5eed536027dc,M-1653,SESS-20260818-4878-0285,RENTAL_ACCRUAL,67,209,2026-08-19T03:55:00+08:00
25e245dc-1f52-4fd7-90be-c64025090dda,M-1306,SESS-20260818-1163-0286,RENTAL_ACCRUAL,27,115,2026-08-19T01:20:00+08:00
92fcf9ed-e640-4c6b-bbdf-99fef71dc2aa,M-1942,SESS-20260818-4725-0287,RENTAL_ACCRUAL,40,119,2026-08-18T20:50:00+08:00
440710ba-5bf1-4b65-953b-f2d59c1917e7,M-1856,SESS-20260818-9600-0288,RENTAL_REDEMPTION,-100,16,2026-08-18T23:30:00+08:00
9ae3045e-9cc0-4123-9461-2517f34efce5,M-1856,SESS-20260818-9600-0288,RENTAL_ACCRUAL,11,27,2026-08-19T01:30:00+08:00
38deb3a7-223f-439e-8f7f-ca5484c19470,M-1680,SESS-20260818-8891-0289,RENTAL_ACCRUAL,27,385,2026-08-18T10:00:00+08:00
52de383c-9149-43a8-ad2a-1cd134d908e5,M-1680,TIER_UPGRADE_Silver_TO_Gold,TIER_BONUS,100,485,2026-08-18T10:00:00+08:00
86cf7c97-6183-4a1e-b38d-4cbf192aabb9,M-1821,SESS-20260818-1559-0290,RENTAL_REDEMPTION,-200,30,2026-08-18T23:30:00+08:00
a59d252c-24a3-4566-9ecb-ee302c3fb471,M-1821,SESS-20260818-1559-0290,RENTAL_ACCRUAL,15,45,2026-08-19T04:30:00+08:00
6785a7b9-fe9a-45b7-939a-f4e2fc44a094,M-1224,SESS-20260818-1084-0291,RENTAL_ACCRUAL,9,231,2026-08-18T18:00:00+08:00
3130c1b6-3175-47fe-b250-8444089bf9c6,M-1619,SESS-20260818-2147-0292,RENTAL_ACCRUAL,11,327,2026-08-18T21:10:00+08:00
8aab52bb-1d65-4d9f-96f7-7ac7b6c6c4df,M-1491,SESS-20260818-1063-0293,RENTAL_ACCRUAL,11,143,2026-08-18T23:00:00+08:00
a0f3f1e3-afe5-4e85-8739-4d2b5f651ef7,M-1495,SESS-20260818-7661-0294,RENTAL_ACCRUAL,5,207,2026-08-18T23:30:00+08:00
3b7f4393-87f7-4305-a902-ef3525b7f5ee,M-1477,SESS-20260818-8465-0295,RENTAL_ACCRUAL,28,209,2026-08-18T21:05:00+08:00
10c78af5-e9b2-43c6-b785-c24504201ab4,M-1454,SESS-20260818-4614-0296,RENTAL_ACCRUAL,28,1779,2026-08-18T23:30:00+08:00
c3cd2c00-5b5e-4a7b-9a86-8b434a985ddc,M-1768,SESS-20260818-6615-0297,RENTAL_ACCRUAL,14,133,2026-08-18T18:45:00+08:00
4b8d0f75-fe39-46e3-a1fe-89ebac98cf9e,M-1428,SESS-20260818-7495-0298,RENTAL_ACCRUAL,40,127,2026-08-18T23:15:00+08:00
1726224d-6284-4260-bb2a-7cbbfa030288,M-1787,SESS-20260818-6900-0299,RENTAL_ACCRUAL,27,306,2026-08-18T22:00:00+08:00
cf0cb465-b9e1-4907-8bb9-96abf409ae3e,M-1199,SESS-20260818-7438-0300,RENTAL_ACCRUAL,16,97,2026-08-19T02:00:00+08:00
4000bc38-c674-4d9e-b8dc-09c2f2def342,M-1491,SESS-20260818-8549-0301,RENTAL_REDEMPTION,-100,43,2026-08-18T23:45:00+08:00
4e171392-4fe4-4579-8668-bcce4702cb8a,M-1491,SESS-20260818-8549-0301,RENTAL_ACCRUAL,5,48,2026-08-19T01:45:00+08:00
6e766d96-3680-4630-937f-303c79f0c436,M-1851,SESS-20260818-7972-0302,RENTAL_ACCRUAL,40,320,2026-08-19T00:45:00+08:00
b951012a-2031-4333-96b7-3c2bfd310f11,M-1724,SESS-20260818-9686-0303,RENTAL_REDEMPTION,-100,21,2026-08-18T22:30:00+08:00
cc4c15aa-ce0a-4ac9-90d8-051a52cda8bc,M-1724,SESS-20260818-9686-0303,RENTAL_ACCRUAL,61,82,2026-08-19T03:30:00+08:00
55157590-2fbe-4b6f-9fd4-4029ae29756c,M-1039,SESS-20260818-8741-0304,RENTAL_ACCRUAL,27,249,2026-08-19T01:00:00+08:00
9e36bc7b-6173-4d37-9f6c-04b0138d1c98,M-1530,SESS-20260818-1274-0305,RENTAL_ACCRUAL,28,84,2026-08-18T23:30:00+08:00
fa5d673b-dcad-43d5-ad52-d36e11af3c21,M-1741,SESS-20260818-6620-0306,RENTAL_REDEMPTION,-100,120,2026-08-18T15:15:00+08:00
755e4054-0b90-4938-911a-fc7627b19959,M-1741,SESS-20260818-6620-0306,RENTAL_ACCRUAL,5,125,2026-08-18T17:15:00+08:00
63269d95-5044-49b1-b89c-7fb65cfb307a,M-1037,SESS-20260818-6390-0307,RENTAL_ACCRUAL,9,798,2026-08-18T20:30:00+08:00
a56b7bed-6b53-4356-9b50-8d7dc3b3392d,M-1202,SESS-20260818-5477-0308,RENTAL_REDEMPTION,-100,1777,2026-08-18T21:20:00+08:00
b7be5c4b-0f6c-4d39-84e6-37d3e4c66076,M-1202,SESS-20260818-5477-0308,RENTAL_ACCRUAL,11,1788,2026-08-18T23:20:00+08:00
066541ce-0fdf-4afe-8ec2-ea4c03761b24,M-1802,SESS-20260818-3737-0309,RENTAL_ACCRUAL,45,169,2026-08-19T04:00:00+08:00
4c887de8-1e71-40b0-9bdb-4d283d7ac16b,M-1119,SESS-20260818-7162-0310,RENTAL_ACCRUAL,5,482,2026-08-18T23:50:00+08:00
d45dc7d0-fa1f-46d7-8cc2-5b0291482617,M-1083,SESS-20260818-5610-0311,RENTAL_ACCRUAL,40,416,2026-08-18T19:30:00+08:00
1df4beaa-df18-4792-bd16-8693b47d3011,M-1244,SESS-20260818-3274-0312,RENTAL_ACCRUAL,16,525,2026-08-18T22:45:00+08:00
31f31b82-8177-485d-b924-b6d68107a3bb,M-1458,SESS-20260818-8599-0313,RENTAL_ACCRUAL,16,70,2026-08-19T00:15:00+08:00
e5a2a4b9-0403-4310-8d00-568fd2bb04c1,M-1256,SESS-20260818-5231-0314,RENTAL_ACCRUAL,16,272,2026-08-19T00:20:00+08:00
01ebc395-2020-42e3-9013-f1ba9bb56f3b,M-1321,SESS-20260818-4709-0315,RENTAL_ACCRUAL,67,285,2026-08-19T00:45:00+08:00
3001a418-f563-437a-aab2-3f76117ab303,M-1966,SESS-20260818-4462-0316,RENTAL_ACCRUAL,24,98,2026-08-19T00:45:00+08:00
93dd1402-1b3d-41ee-9865-7867d0190079,M-1854,SESS-20260818-7763-0317,RENTAL_ACCRUAL,40,340,2026-08-18T18:15:00+08:00
72c8e30a-bd42-4929-83a0-be6583435882,M-1258,SESS-20260818-4293-0318,RENTAL_ACCRUAL,45,582,2026-08-18T21:45:00+08:00
7212026e-2c5a-430b-a783-5520d4170c53,M-1588,SESS-20260818-9505-0319,RENTAL_ACCRUAL,18,1543,2026-08-18T22:30:00+08:00
e218addc-82b3-4f2d-bc0a-a4fb3735a63c,M-1712,SESS-20260818-1206-0320,RENTAL_ACCRUAL,28,316,2026-08-19T01:15:00+08:00
7f89ebe4-631c-4f88-8858-94c7e0460188,M-1253,SESS-20260818-6459-0321,RENTAL_ACCRUAL,27,122,2026-08-18T21:45:00+08:00
803b20f4-96a2-4d28-9b68-ea59f748e740,M-1540,SESS-20260818-7927-0322,RENTAL_REDEMPTION,-100,70,2026-08-18T17:15:00+08:00
34928f81-c390-4213-ae45-d116e135f25a,M-1540,SESS-20260818-7927-0322,RENTAL_ACCRUAL,10,80,2026-08-18T20:15:00+08:00
a60b4188-9be8-4971-ba49-055021c97328,M-1641,SESS-20260818-8834-0323,RENTAL_ACCRUAL,27,264,2026-08-19T01:45:00+08:00
fcb8b5ad-21e1-4159-a621-456de9f03ffd,M-1264,SESS-20260818-6264-0324,RENTAL_ACCRUAL,18,741,2026-08-18T23:15:00+08:00
18d5df15-9ebf-40dd-9059-6fe529fb84e2,M-1238,SESS-20260818-8069-0325,RENTAL_ACCRUAL,11,212,2026-08-19T01:55:00+08:00
ed2e421b-a543-4a34-861b-fd00ccd3119a,M-1238,TIER_UPGRADE_Silver_TO_Gold,TIER_BONUS,100,312,2026-08-19T01:55:00+08:00
6b9c780f-af1f-481b-8e31-a722572e5d0c,M-1839,SESS-20260818-9935-0326,RENTAL_ACCRUAL,27,139,2026-08-19T01:15:00+08:00
57d560b3-c100-4595-9502-f972e5657cda,M-2172,SESS-20260818-4359-0327,RENTAL_ACCRUAL,28,479,2026-08-18T23:15:00+08:00
ea751b79-bb44-4bd2-ad38-8bf214706c53,M-1754,SESS-20260818-1105-0328,RENTAL_ACCRUAL,5,261,2026-08-18T22:15:00+08:00
a534b179-7ee6-431c-9918-7e97547f3bae,M-1092,SESS-20260818-8281-0329,RENTAL_REDEMPTION,-100,599,2026-08-18T19:15:00+08:00
1a039e9f-832f-4d94-82c4-4ec364bd0a9e,M-1092,SESS-20260818-8281-0329,RENTAL_ACCRUAL,5,604,2026-08-18T21:15:00+08:00
2ff5d18c-c305-46bd-bd62-16badf706dd6,M-1757,SESS-20260818-4557-0330,RENTAL_ACCRUAL,5,137,2026-08-18T22:10:00+08:00
97a71983-0165-4417-a35e-7dd55378f38e,M-2070,SESS-20260818-1907-0331,RENTAL_ACCRUAL,18,115,2026-08-18T23:55:00+08:00
649bf94b-6c64-419a-afa4-f242ce00b872,M-1332,SESS-20260818-9223-0332,RENTAL_REDEMPTION,-100,205,2026-08-18T22:15:00+08:00
366f3f7c-8db0-4dd6-a3ef-cbb86bad882b,M-1332,SESS-20260818-9223-0332,RENTAL_ACCRUAL,11,216,2026-08-19T00:15:00+08:00
1b7fa94f-2759-4709-94d4-695ceb923ae3,M-1960,SESS-20260818-7954-0333,RENTAL_ACCRUAL,24,314,2026-08-19T00:05:00+08:00
f1a7add7-21e6-4d28-8ab5-efc9f060a7bd,M-1346,SESS-20260818-6940-0334,RENTAL_ACCRUAL,5,457,2026-08-18T22:25:00+08:00
a29ceae2-42ae-4c70-8cb8-c278d84aef5e,M-2024,SESS-20260818-3352-0335,RENTAL_REDEMPTION,-100,23,2026-08-18T21:45:00+08:00
224239c1-85c7-4b38-973a-9dcedc942b36,M-2024,SESS-20260818-3352-0335,RENTAL_ACCRUAL,19,42,2026-08-19T00:45:00+08:00
ca42113d-f7b0-4fc9-8221-9f5042adeb62,M-1164,SESS-20260818-8853-0336,RENTAL_ACCRUAL,9,348,2026-08-18T19:05:00+08:00
eb564366-9c5d-4844-a64e-6775e9f60c26,M-1690,SESS-20260818-5977-0337,RENTAL_ACCRUAL,27,148,2026-08-19T00:30:00+08:00
2aa9e2d0-99fc-4335-acf8-1bd19c414525,M-1690,TIER_UPGRADE_Silver_TO_Gold,TIER_BONUS,100,248,2026-08-19T00:30:00+08:00
9017befc-c582-44f5-b583-c83e3274b73f,M-1353,SESS-20260818-8763-0338,RENTAL_ACCRUAL,28,226,2026-08-19T01:45:00+08:00
a0a3003e-44ff-4263-a706-c746d5814005,M-1302,SESS-20260818-6396-0339,RENTAL_ACCRUAL,5,285,2026-08-19T00:10:00+08:00
749c6830-711a-4c88-8e87-fa322059ab5b,M-1341,SESS-20260818-3797-0340,RENTAL_ACCRUAL,45,296,2026-08-19T04:35:00+08:00
553a271f-7f3c-4476-a9ed-611529f190b5,M-1506,SESS-20260818-6593-0341,RENTAL_ACCRUAL,67,374,2026-08-19T02:30:00+08:00
c6c2d315-8846-41e7-9e64-2945ad9ae8d4,M-2129,SESS-20260818-7267-0342,RENTAL_ACCRUAL,16,66,2026-08-18T19:15:00+08:00
2a8de0e8-d5a1-4e3b-8f76-1a10abbc2bed,M-1906,SESS-20260818-5345-0343,RENTAL_REDEMPTION,-100,32,2026-08-18T21:15:00+08:00
3f09945d-ef09-4aa9-90b0-39d741117d5d,M-1906,SESS-20260818-5345-0343,RENTAL_ACCRUAL,10,42,2026-08-19T00:15:00+08:00
07be0cd3-c3e5-40ec-ac5a-623c8eb5f0f3,M-2147,SESS-20260818-8762-0344,RENTAL_REDEMPTION,-100,16,2026-08-18T22:20:00+08:00
33bf4909-194f-44a4-af5e-cf59e42f673b,M-2147,SESS-20260818-8762-0344,RENTAL_ACCRUAL,10,26,2026-08-19T01:20:00+08:00
38e93e2f-8a1b-42fa-92f8-7e84fb700587,M-2129,SESS-20260818-2340-0345,RENTAL_ACCRUAL,15,81,2026-08-19T00:35:00+08:00
cbf791ab-5727-4287-9629-8f91004d1780,M-1607,SESS-20260818-8378-0346,RENTAL_ACCRUAL,13,530,2026-08-18T20:00:00+08:00
1741e967-15ba-4301-ab89-4eb311d70eb5,M-1557,SESS-20260818-5352-0347,RENTAL_ACCRUAL,16,587,2026-08-19T02:30:00+08:00
eeb031cb-a7e1-4486-96e2-53d340ee2e1d,M-1137,SESS-20260818-1851-0348,RENTAL_ACCRUAL,11,102,2026-08-18T20:05:00+08:00
f063a0cb-9797-49e9-9998-f420b1426414,M-1135,SESS-20260818-2445-0349,RENTAL_ACCRUAL,28,334,2026-08-18T23:05:00+08:00
24c54b2c-a5ed-4830-be01-307d601c1bdd,M-1575,SESS-20260818-7395-0350,RENTAL_ACCRUAL,18,118,2026-08-18T23:50:00+08:00
e30c38e9-da39-45cd-96b2-14141e6c92f7,M-1573,SESS-20260818-9083-0351,RENTAL_REDEMPTION,-300,565,2026-08-18T23:30:00+08:00
1d6f819b-879a-4d81-ad8c-6a1facb9442c,M-1573,SESS-20260818-9083-0351,RENTAL_ACCRUAL,8,573,2026-08-19T01:30:00+08:00
f530fe85-cf9c-4dcd-b1f7-5f49c71ed953,M-1136,SESS-20260818-6403-0352,RENTAL_REDEMPTION,-200,33,2026-08-18T23:55:00+08:00
54b6c2d1-62cc-4c64-be55-f8ca9a460320,M-1136,SESS-20260818-6403-0352,RENTAL_ACCRUAL,32,65,2026-08-19T07:55:00+08:00
2b646206-4a2e-4c2d-99c0-19c2112ace17,M-1444,SESS-20260818-8312-0353,RENTAL_ACCRUAL,18,3169,2026-08-18T16:50:00+08:00
1687f8b2-4974-470d-a83b-8231a87e0978,M-1211,SESS-20260818-4077-0354,RENTAL_ACCRUAL,45,77,2026-08-18T22:30:00+08:00
cdd1688a-01ac-4766-a728-5042db2defca,M-2186,SESS-20260818-5135-0355,RENTAL_REDEMPTION,-100,255,2026-08-18T22:30:00+08:00
5db1db35-2804-47eb-bae1-2df000d1f9f0,M-2186,SESS-20260818-5135-0355,RENTAL_ACCRUAL,5,260,2026-08-19T00:30:00+08:00
8af8aa5f-916e-4916-9323-0421cfdd8b28,M-1388,SESS-20260818-1326-0356,RENTAL_ACCRUAL,18,278,2026-08-18T23:45:00+08:00
9f8672f0-7956-44c6-b30d-54474ee76a28,M-1388,TIER_UPGRADE_Silver_TO_Gold,TIER_BONUS,100,378,2026-08-18T23:45:00+08:00
caf00993-34a4-4ecc-91e2-de0a67879f13,M-2018,SESS-20260818-6223-0357,RENTAL_ACCRUAL,13,431,2026-08-18T18:35:00+08:00
763c7fb2-eae7-4a7c-b409-bbfaaf3256bf,M-1770,SESS-20260818-9323-0358,RENTAL_ACCRUAL,9,61,2026-08-18T21:35:00+08:00
04809ab3-c7f3-4e26-821a-b3a6fae8100b,M-2163,SESS-20260818-9345-0359,RENTAL_ACCRUAL,5,242,2026-08-18T22:30:00+08:00
d4601b95-07cb-4399-9ab3-86ce2430d85a,M-2074,SESS-20260818-1437-0360,RENTAL_ACCRUAL,27,170,2026-08-18T23:15:00+08:00
53f48ed1-5781-48a9-accd-4febcebf929d,M-1786,SESS-20260818-3682-0361,RENTAL_REDEMPTION,-200,168,2026-08-18T23:35:00+08:00
92c9166e-749f-4323-b9ef-c10a9d53404d,M-1786,SESS-20260818-3682-0361,RENTAL_ACCRUAL,13,181,2026-08-19T02:35:00+08:00
c04b9918-4385-4bdd-b0c6-54997ca257b9,M-1379,SESS-20260818-5091-0362,RENTAL_ACCRUAL,16,567,2026-08-18T14:45:00+08:00
fe28a04d-2d1e-4218-9874-396358819824,M-1696,SESS-20260818-2914-0363,RENTAL_ACCRUAL,6,703,2026-08-18T22:15:00+08:00
f63589cb-0e8f-48ce-8957-910a10a305be,M-2104,SESS-20260818-7861-0364,RENTAL_ACCRUAL,16,32,2026-08-18T21:20:00+08:00
db23d81d-5b70-4c3b-bcd0-99e3e08d9366,M-2078,SESS-20260818-8017-0365,RENTAL_ACCRUAL,10,54,2026-08-19T00:25:00+08:00
42052507-5981-443c-b3dd-fce54ed98771,M-2017,SESS-20260818-4070-0366,RENTAL_ACCRUAL,27,179,2026-08-18T20:40:00+08:00
d52e6499-c9a3-4b7d-b433-039e1c1de495,M-2034,SESS-20260818-3681-0367,RENTAL_ACCRUAL,67,110,2026-08-19T03:20:00+08:00
aa97dda1-a223-4c09-a89b-5ea663790b4a,M-1060,SESS-20260818-2914-0368,RENTAL_ACCRUAL,5,141,2026-08-18T23:00:00+08:00
9dd882e8-5c5f-4afa-8acb-9ae0c5cdb59b,M-2123,SESS-20260818-2317-0369,RENTAL_REDEMPTION,-100,247,2026-08-18T10:00:00+08:00
2812ea54-fb44-45a4-bbf7-2f8887231380,M-2123,SESS-20260818-2317-0369,RENTAL_ACCRUAL,10,257,2026-08-18T13:00:00+08:00
9d832778-93c6-4d24-865b-098c147e1b84,M-1276,SESS-20260818-5065-0370,RENTAL_REDEMPTION,-100,723,2026-08-18T21:50:00+08:00
7b3c7466-e6ac-42bb-8d4e-1ad731381ba6,M-1276,SESS-20260818-5065-0370,RENTAL_ACCRUAL,11,734,2026-08-18T23:50:00+08:00
b99b70b3-aaaa-454b-a00a-e391a92f9a2b,M-1664,SESS-20260818-4094-0371,RENTAL_ACCRUAL,18,2393,2026-08-18T19:15:00+08:00
92988088-3b01-41a3-8118-d0be1cf7c44b,M-1937,SESS-20260818-4374-0372,RENTAL_ACCRUAL,25,46,2026-08-19T04:05:00+08:00
70ddb7af-2c58-48ea-b822-c5fd2fe70f60,M-1783,SESS-20260818-5764-0373,RENTAL_ACCRUAL,11,756,2026-08-18T12:00:00+08:00
eefbcdcc-62d6-4df3-a297-947413d63ed5,M-1327,SESS-20260818-2368-0374,RENTAL_REDEMPTION,-200,1804,2026-08-18T23:25:00+08:00
96eeabb8-5634-4b68-8d54-e722e57a7589,M-1327,SESS-20260818-2368-0374,RENTAL_ACCRUAL,3,1807,2026-08-19T02:25:00+08:00
d4625662-3538-4b72-857b-c18de1d48229,M-1134,SESS-20260818-6264-0375,RENTAL_REDEMPTION,-100,81,2026-08-18T21:05:00+08:00
c9a133ee-cf0a-4000-9558-953395d58f82,M-1134,SESS-20260818-6264-0375,RENTAL_ACCRUAL,20,101,2026-08-19T00:05:00+08:00
a640c719-3bb5-414d-9ff5-4ddfca465f8d,M-1040,SESS-20260818-9139-0376,RENTAL_ACCRUAL,9,738,2026-08-18T20:45:00+08:00
bee1e06e-9dc0-423e-8689-62760e1a8704,M-1128,SESS-20260818-6404-0377,RENTAL_ACCRUAL,5,187,2026-08-18T23:40:00+08:00
9e59ebd8-2998-41f8-97d6-a590c1f7cda3,M-1359,SESS-20260818-5688-0378,RENTAL_REDEMPTION,-300,1141,2026-08-18T21:15:00+08:00
d3a9a70b-5a81-4d5a-b6e5-a731124a9a1c,M-1359,SESS-20260818-5688-0378,RENTAL_ACCRUAL,20,1161,2026-08-19T00:15:00+08:00
0910b253-0583-4cb7-81e1-97eaf9d0785f,M-1394,SESS-20260818-4438-0379,RENTAL_ACCRUAL,11,525,2026-08-18T21:45:00+08:00
95f7f60d-1d97-4083-928b-176169bdb135,M-1376,SESS-20260818-2683-0380,RENTAL_REDEMPTION,-200,221,2026-08-18T22:10:00+08:00
565e89a5-44d5-48cd-a700-749d83c8ef27,M-1376,SESS-20260818-2683-0380,RENTAL_ACCRUAL,28,249,2026-08-19T01:10:00+08:00
902d9ade-a7d9-4930-b321-2a7bd381d074,M-1077,SESS-20260818-6134-0381,RENTAL_ACCRUAL,16,865,2026-08-18T22:00:00+08:00
b9b2abc5-bd00-4f63-9898-e7ecfc1cd8d9,M-1915,SESS-20260818-2876-0382,RENTAL_REDEMPTION,-300,276,2026-08-18T18:00:00+08:00
26d9f414-2cf0-4032-93ea-f5638eeb5226,M-1915,SESS-20260818-2876-0382,RENTAL_ACCRUAL,9,285,2026-08-18T23:00:00+08:00
a079b13e-dcff-4f61-bd75-7cb8d76b7ab5,M-1463,SESS-20260818-2947-0383,RENTAL_REDEMPTION,-100,3697,2026-08-18T13:00:00+08:00
43c59bc8-c058-4ebf-aaaf-574cbf7ce102,M-1463,SESS-20260818-2947-0383,RENTAL_ACCRUAL,22,3719,2026-08-18T18:00:00+08:00
e55e8bbe-3987-4b99-b585-c1389e197888,M-1577,SESS-20260818-2853-0384,RENTAL_ACCRUAL,28,148,2026-08-18T18:15:00+08:00
ad80aaed-f578-4e42-97d5-3a9ae45e407c,M-1714,SESS-20260818-6486-0385,RENTAL_ACCRUAL,40,73,2026-08-18T22:50:00+08:00
6cb218d8-c564-4865-9a7e-16e00accbf12,M-1785,SESS-20260818-5102-0386,RENTAL_ACCRUAL,11,225,2026-08-18T21:45:00+08:00
897aba61-60af-449a-a426-80029c934904,M-1190,SESS-20260818-9951-0387,RENTAL_ACCRUAL,12,196,2026-08-18T22:30:00+08:00
a926fb8b-d609-40bc-9217-1d663f38fac5,M-1393,SESS-20260818-6351-0388,RENTAL_ACCRUAL,18,82,2026-08-19T01:25:00+08:00
a3e273b8-68fd-4264-a2d7-d2bb7f6ba634,M-1977,SESS-20260818-9975-0389,RENTAL_ACCRUAL,11,61,2026-08-19T00:00:00+08:00
cb61f6ea-360b-4bc0-8440-c3b72a9776c6,M-1480,SESS-20260818-1785-0390,RENTAL_ACCRUAL,11,373,2026-08-18T13:30:00+08:00
32dad3e8-053f-4931-9372-cae0801cd94e,M-1884,SESS-20260818-6719-0391,RENTAL_ACCRUAL,10,75,2026-08-19T01:50:00+08:00
c136619b-2126-4d02-95bb-81edd5c70602,M-1261,SESS-20260818-8555-0392,RENTAL_ACCRUAL,40,190,2026-08-18T21:45:00+08:00
2ee27bbc-473b-46d5-8078-4a3b0845a9d8,M-1947,SESS-20260818-3469-0393,RENTAL_ACCRUAL,28,161,2026-08-19T04:10:00+08:00
1fd08d7f-26e5-49cd-8955-e2bc86434367,M-1532,SESS-20260818-7744-0394,RENTAL_ACCRUAL,5,194,2026-08-18T18:00:00+08:00
f83b0344-10da-4b6b-971c-39b2552862cf,M-1897,SESS-20260818-8548-0395,RENTAL_ACCRUAL,9,324,2026-08-18T22:45:00+08:00
2899df1f-e014-413b-b7f1-6481186346d3,M-1483,SESS-20260818-8212-0396,RENTAL_ACCRUAL,9,270,2026-08-19T00:00:00+08:00
428e37a0-02be-4a86-a2fe-cc60433c6f35,M-1770,SESS-20260818-8962-0397,RENTAL_ACCRUAL,48,109,2026-08-19T07:30:00+08:00
6b9f7105-68dc-4953-9e68-2aed77bccefb,M-1441,SESS-20260818-3664-0398,RENTAL_ACCRUAL,28,278,2026-08-19T04:30:00+08:00
906c7bee-fffa-4827-821e-fa07a7adb467,M-1470,SESS-20260818-7688-0399,RENTAL_ACCRUAL,18,267,2026-08-19T00:45:00+08:00
44babb7e-9268-48c9-9dac-4ed3fdffd325,M-1399,SESS-20260818-4890-0400,RENTAL_ACCRUAL,5,218,2026-08-18T22:00:00+08:00
7212e632-4e75-4a96-a240-3d0537108095,M-1132,SESS-20260818-7408-0401,RENTAL_REDEMPTION,-200,812,2026-08-18T23:05:00+08:00
7ffba844-6b1c-41c3-83a9-1e09bac8c981,M-1132,SESS-20260818-7408-0401,RENTAL_ACCRUAL,13,825,2026-08-19T01:05:00+08:00
23e69a34-6988-4301-b346-3fbe257230f1,M-1017,SESS-20260818-8098-0402,RENTAL_ACCRUAL,11,379,2026-08-18T21:30:00+08:00
29ff39ba-5f2f-434e-b18e-3234c22d7657,M-1493,SESS-20260818-2809-0403,RENTAL_ACCRUAL,11,344,2026-08-18T16:15:00+08:00
0a90b600-3c91-45a0-b421-3d2426b746ba,M-1628,SESS-20260818-3643-0404,RENTAL_ACCRUAL,11,27,2026-08-19T00:35:00+08:00
f488297c-b346-463f-9705-9a68f8d4df03,M-2047,SESS-20260818-5164-0405,RENTAL_ACCRUAL,45,312,2026-08-19T03:00:00+08:00
39582d3f-2aca-4c47-9a08-6042c6fb09e6,M-1791,SESS-20260818-9091-0406,RENTAL_REDEMPTION,-100,341,2026-08-18T13:10:00+08:00
86521fb3-475f-4257-9c62-c4f5a3c0b19b,M-1791,SESS-20260818-9091-0406,RENTAL_ACCRUAL,10,351,2026-08-18T16:10:00+08:00
0baa7015-77fa-4a4d-be9a-964a30310707,M-1337,SESS-20260818-2304-0407,RENTAL_REDEMPTION,-100,457,2026-08-18T23:05:00+08:00
4d69a818-7ea9-4520-a1b1-2349c1b3b35f,M-1337,SESS-20260818-2304-0407,RENTAL_ACCRUAL,4,461,2026-08-19T01:05:00+08:00
d8df34ee-1557-4267-850e-5f597a6bad24,M-1845,SESS-20260818-5955-0408,RENTAL_ACCRUAL,16,197,2026-08-19T01:05:00+08:00
c89dec51-f706-45e6-a258-f7620cf47206,M-1059,SESS-20260818-6184-0409,RENTAL_ACCRUAL,11,157,2026-08-18T20:10:00+08:00
d92843b8-fd6b-4d4f-b78e-9758df67bf74,M-1540,SESS-20260818-8939-0410,RENTAL_ACCRUAL,16,96,2026-08-19T01:45:00+08:00
fbcd3be9-ee3f-402c-a907-6548ee0fe140,M-1655,SESS-20260818-8769-0411,RENTAL_ACCRUAL,28,444,2026-08-19T03:15:00+08:00
05bf10d7-0b10-41a8-91b4-44b66f05c600,M-2044,SESS-20260818-4795-0412,RENTAL_ACCRUAL,18,377,2026-08-18T22:55:00+08:00
f9ab2e04-0360-4ca4-9d74-cac677b7c5a8,M-1063,SESS-20260818-3465-0413,RENTAL_ACCRUAL,18,610,2026-08-19T02:15:00+08:00
828314c2-e39f-443f-8ac2-a35c54f5965d,M-1962,SESS-20260818-5877-0414,RENTAL_ACCRUAL,45,457,2026-08-19T03:25:00+08:00
9433baa0-ef4b-4c45-b581-28fd220006c6,M-1661,SESS-20260818-4828-0415,RENTAL_ACCRUAL,6,2754,2026-08-18T23:45:00+08:00
6630dc96-9a4f-4270-becb-07cd4206886d,M-2098,SESS-20260818-2274-0416,RENTAL_REDEMPTION,-100,59,2026-08-18T21:35:00+08:00
67b6af24-f440-4e27-9284-b4c94cd3c803,M-2098,SESS-20260818-2274-0416,RENTAL_ACCRUAL,10,69,2026-08-19T00:35:00+08:00
b023bf47-006e-4bf1-9ea1-ee11964ff011,M-1594,SESS-20260818-8120-0417,RENTAL_ACCRUAL,18,330,2026-08-18T21:10:00+08:00
dcd65204-74d6-4579-82ad-6d7f0c82d4eb,M-2149,SESS-20260818-8599-0418,RENTAL_ACCRUAL,10,37,2026-08-18T22:20:00+08:00
6563439c-ef26-4ae7-8a74-d29ad2bf41af,M-2055,SESS-20260818-9788-0419,RENTAL_ACCRUAL,5,418,2026-08-18T22:55:00+08:00
4a57e9b0-d8f3-4079-b6a3-10335d53cb67,M-2126,SESS-20260818-8284-0420,RENTAL_ACCRUAL,36,119,2026-08-18T23:05:00+08:00
d98a4a4b-75f3-4100-9adb-05116c3ef6e8,M-1767,SESS-20260818-2076-0421,RENTAL_REDEMPTION,-100,18,2026-08-18T18:20:00+08:00
df838390-c526-4df6-a31d-e57258be1c0f,M-1767,SESS-20260818-2076-0421,RENTAL_ACCRUAL,7,25,2026-08-18T19:20:00+08:00
bbfa1cd9-00a9-42e1-95cc-52737e156358,M-1279,SESS-20260818-9129-0422,RENTAL_ACCRUAL,5,144,2026-08-18T23:55:00+08:00
6033d0e1-fc61-4f31-b9f2-111f12dda952,M-1555,SESS-20260818-9555-0423,RENTAL_REDEMPTION,-100,26,2026-08-18T21:25:00+08:00
401ea79b-1f4e-4f13-b5e1-1fe5548bd81d,M-1555,SESS-20260818-9555-0423,RENTAL_ACCRUAL,2,28,2026-08-18T22:25:00+08:00
5e2d55cd-2ab4-437a-90ff-60432330d2c4,M-1768,SESS-20260818-3777-0424,RENTAL_ACCRUAL,19,152,2026-08-19T00:55:00+08:00
c5d5baab-a337-4a01-8eb7-0e281ba906c6,M-2058,SESS-20260818-9135-0425,RENTAL_ACCRUAL,10,136,2026-08-19T01:15:00+08:00
9ea03f98-915b-4f0d-9878-ee643f34ae59,M-1447,SESS-20260818-3795-0426,RENTAL_ACCRUAL,13,198,2026-08-18T21:45:00+08:00
bf0f03b8-f00b-477f-85f3-3d1467de73d1,M-1006,SESS-20260818-5475-0427,RENTAL_REDEMPTION,-100,58,2026-08-18T19:25:00+08:00
81997200-6a8c-4fe0-9026-452769292953,M-1006,SESS-20260818-5475-0427,RENTAL_ACCRUAL,7,65,2026-08-18T20:25:00+08:00
9903c901-4a76-44bc-8db9-05c3223f3536,M-1032,SESS-20260818-6658-0428,RENTAL_ACCRUAL,11,368,2026-08-19T00:10:00+08:00
15a66e30-2f47-4284-ab48-11ada89865ae,M-1600,SESS-20260818-4104-0429,RENTAL_ACCRUAL,27,123,2026-08-18T22:35:00+08:00
f74b5d64-840a-41a4-951c-b54a351e95e0,M-1243,SESS-20260818-5834-0430,RENTAL_ACCRUAL,16,187,2026-08-18T21:20:00+08:00
b6fb9032-c4d8-4b6c-9c26-3e890c9fbd9f,M-1009,SESS-20260818-6230-0431,RENTAL_ACCRUAL,9,125,2026-08-18T22:35:00+08:00
c6e6342e-cf06-4279-8684-d1f540bc6523,M-1899,SESS-20260818-9209-0432,RENTAL_REDEMPTION,-200,21,2026-08-18T21:55:00+08:00
e84effff-23a7-4f3e-9c2c-f6c69537aba0,M-1899,SESS-20260818-9209-0432,RENTAL_ACCRUAL,26,47,2026-08-19T00:55:00+08:00
a0d599d0-c9fc-48db-bf72-b7843ebbe794,M-1530,SESS-20260818-1967-0433,RENTAL_ACCRUAL,19,103,2026-08-19T01:30:00+08:00
38a832be-3856-490e-a25c-cc591822c453,M-1201,SESS-20260818-1601-0434,RENTAL_REDEMPTION,-200,547,2026-08-18T22:00:00+08:00
894e25b3-247c-4165-8c63-16f5d67b6618,M-1201,SESS-20260818-1601-0434,RENTAL_ACCRUAL,3,550,2026-08-19T01:00:00+08:00
bc913d1b-114f-4d0a-ac55-c2b0d06c3b0e,M-1644,SESS-20260818-8247-0435,RENTAL_ACCRUAL,16,559,2026-08-19T00:25:00+08:00
88770af7-21f5-463a-8321-96bba66ea957,M-1181,SESS-20260818-2295-0436,RENTAL_ACCRUAL,45,121,2026-08-19T03:40:00+08:00
692d2e94-2989-42ab-aedf-d61f50c88f8e,M-1294,SESS-20260818-2507-0437,RENTAL_ACCRUAL,11,219,2026-08-19T01:00:00+08:00
35466b27-bcd4-45d7-8eb9-fcde8d32e4c0,M-1707,SESS-20260818-3065-0438,RENTAL_ACCRUAL,72,765,2026-08-19T03:40:00+08:00
21518646-ab47-44e0-ae20-970c7bb1ac9e,M-2152,SESS-20260818-5104-0439,RENTAL_REDEMPTION,-100,70,2026-08-18T22:20:00+08:00
587793cd-5cb5-4838-99c2-7f2845e6de8f,M-2152,SESS-20260818-5104-0439,RENTAL_ACCRUAL,5,75,2026-08-19T00:20:00+08:00
62ccdf1e-fb5a-4e22-8bd5-efec4b15ee7a,M-1210,SESS-20260818-9389-0440,RENTAL_ACCRUAL,6,1349,2026-08-18T23:35:00+08:00
c3768625-97df-4d5b-9ef2-4738a8ca0cc7,M-1180,SESS-20260818-1164-0441,RENTAL_REDEMPTION,-100,250,2026-08-18T21:55:00+08:00
16342007-a776-4771-a752-b0259a4165bf,M-1180,SESS-20260818-1164-0441,RENTAL_ACCRUAL,21,271,2026-08-19T00:55:00+08:00
b7873b45-c6be-4608-ae4a-afd42f887292,M-1549,SESS-20260818-5908-0442,RENTAL_REDEMPTION,-200,108,2026-08-18T22:45:00+08:00
888e6707-3cae-44de-8c7c-d7a6d6bbde1b,M-1549,SESS-20260818-5908-0442,RENTAL_ACCRUAL,15,123,2026-08-19T03:45:00+08:00
259c0994-cdd8-4cf1-a93f-23b6134509a4,M-1159,SESS-20260818-3610-0443,RENTAL_ACCRUAL,27,149,2026-08-19T02:55:00+08:00
937472fe-5577-47ac-94a8-e3da8399a748,M-1231,SESS-20260818-4420-0444,RENTAL_ACCRUAL,72,425,2026-08-19T07:55:00+08:00
02bf2016-db82-4b62-965f-3473f9306558,M-1479,SESS-20260818-1009-0445,RENTAL_ACCRUAL,28,2253,2026-08-19T02:10:00+08:00
5c8a88cb-7814-4c66-852a-ec581fc692a4,M-1344,SESS-20260818-1661-0446,RENTAL_ACCRUAL,28,360,2026-08-18T23:15:00+08:00
5ebee656-318b-4d7c-837a-85614dd342be,M-1137,SESS-20260818-8985-0447,RENTAL_ACCRUAL,11,113,2026-08-19T01:50:00+08:00
e362fe9b-7818-47c9-b8a7-00ebdde1cfad,M-1003,SESS-20260818-3097-0448,RENTAL_ACCRUAL,11,209,2026-08-19T01:30:00+08:00
f102a2b0-ba82-43ab-827d-33635d92ba44,M-1980,SESS-20260818-4200-0449,RENTAL_ACCRUAL,5,85,2026-08-19T00:50:00+08:00
6ca8e567-e733-4167-8e15-7137af44914d,M-2163,SESS-20260818-1201-0450,RENTAL_ACCRUAL,18,260,2026-08-19T01:50:00+08:00
b24648ee-a0cb-4cef-9a4d-a9fe75839cad,M-1363,SESS-20260818-1651-0451,RENTAL_ACCRUAL,27,440,2026-08-19T00:00:00+08:00
b2cc2774-f124-454b-9656-03412e8aef49,M-1842,SESS-20260818-8125-0452,RENTAL_ACCRUAL,18,485,2026-08-19T00:30:00+08:00
744aa1a4-c94e-4cac-a701-9b89314142a2,M-2029,SESS-20260818-6963-0453,RENTAL_ACCRUAL,24,101,2026-08-19T01:10:00+08:00
eb2c66c3-a233-479c-8dfa-5ae1a3adaa57,M-1234,SESS-20260818-3470-0454,RENTAL_ACCRUAL,27,237,2026-08-19T02:55:00+08:00
4a7c36b5-ab9f-46d3-be65-90600c0ae8cb,M-1069,ORD-20260818-2543-0001,CONCESSION_ACCRUAL,8,269,2026-08-18T14:39:42+08:00
c0eebfe9-508e-4529-a926-8bdc5c5d497a,M-2163,ORD-20260819-1359-0002,CONCESSION_ACCRUAL,11,271,2026-08-19T00:58:36+08:00
a061eae6-f2d2-4843-8166-54d05a0df9cb,M-1032,ORD-20260818-7847-0003,CONCESSION_ACCRUAL,8,376,2026-08-18T16:52:40+08:00
1dd15442-310a-4667-8cf4-63ec8f281d52,M-1346,ORD-20260818-2652-0004,CONCESSION_ACCRUAL,3,460,2026-08-18T21:35:05+08:00
3472cc10-80f2-422b-9ed9-553f125da85a,M-1914,ORD-20260818-5538-0005,CONCESSION_ACCRUAL,9,79,2026-08-18T16:52:38+08:00
d960232b-f577-46a7-8163-7aabbf47b7a7,M-1003,ORD-20260819-1549-0006,CONCESSION_ACCRUAL,15,224,2026-08-19T01:02:18+08:00
587d7459-9be8-4e67-b323-be05c496615f,M-1190,ORD-20260818-2393-0007,CONCESSION_ACCRUAL,13,209,2026-08-18T21:12:08+08:00
8a1e1d4f-7a9c-447a-84c7-d5c3145a4337,M-1005,ORD-20260818-8892-0008,CONCESSION_ACCRUAL,11,86,2026-08-18T18:50:28+08:00
e9cbabf9-5275-4c61-b268-0d81b290d5a8,M-1383,ORD-20260818-9514-0009,CONCESSION_ACCRUAL,7,462,2026-08-18T17:54:32+08:00
255faa9a-55ec-4266-b3de-13382e1639f8,M-1210,ORD-20260818-7211-0010,CONCESSION_ACCRUAL,36,1385,2026-08-18T22:39:11+08:00
e9f00a10-11f0-439d-844f-90f9180090e9,M-1859,ORD-20260818-5151-0011,CONCESSION_ACCRUAL,8,122,2026-08-18T13:49:00+08:00
3a590d60-b42d-4b5c-96d8-ec585f72adef,M-1785,ORD-20260818-3738-0012,CONCESSION_ACCRUAL,41,266,2026-08-18T21:13:05+08:00
ae0aa888-8ab4-4010-8a75-56374f21922e,M-1223,ORD-20260818-8722-0013,CONCESSION_ACCRUAL,10,35,2026-08-18T09:47:04+08:00
4ec740e4-8864-4a9a-856d-b62defb270d9,M-1584,ORD-20260818-8341-0014,CONCESSION_ACCRUAL,11,184,2026-08-18T23:33:09+08:00
33c53b7a-6620-4e09-94d9-eb646fad5883,M-1419,ORD-20260818-6549-0015,CONCESSION_ACCRUAL,10,444,2026-08-18T17:17:02+08:00
d3821131-f444-454b-879c-c236045df0e8,M-1768,ORD-20260818-5379-0016,CONCESSION_ACCRUAL,9,161,2026-08-18T17:59:57+08:00
4e9190bf-b562-45df-a817-24e169df4030,M-1326,ORD-20260819-9696-0017,CONCESSION_ACCRUAL,36,461,2026-08-19T00:15:41+08:00
bb60d752-5a44-4fb5-b357-fe4d817c964f,M-1482,ORD-20260819-9350-0018,CONCESSION_ACCRUAL,40,408,2026-08-19T00:08:11+08:00
a649b9ca-e816-425a-8257-e7a7797ff552,M-1077,ORD-20260818-6692-0019,CONCESSION_ACCRUAL,3,868,2026-08-18T19:20:53+08:00
219c9156-57f7-4282-8f4f-d441621fde76,M-1729,ORD-20260818-7806-0020,CONCESSION_ACCRUAL,8,101,2026-08-18T16:22:40+08:00
43cb2aad-04cf-40f9-893f-3006c64f9507,M-1767,ORD-20260818-1483-0021,CONCESSION_ACCRUAL,15,40,2026-08-18T18:29:28+08:00
36200ce4-1976-4cb5-873c-d3882ba51b9d,M-1258,ORD-20260818-1834-0022,CONCESSION_ACCRUAL,19,601,2026-08-18T19:27:39+08:00
ee00e1e2-6850-4597-9e05-716da58ba316,M-1178,ORD-20260818-8919-0023,CONCESSION_ACCRUAL,10,232,2026-08-18T19:49:55+08:00
01801ee0-15bc-4478-8e36-63bc898aeb6f,M-1736,ORD-20260818-3869-0024,CONCESSION_ACCRUAL,3,71,2026-08-18T18:25:26+08:00
14356a14-b826-4a8f-89e1-1f61c2da827a,M-1665,ORD-20260818-7472-0025,CONCESSION_ACCRUAL,19,88,2026-08-18T23:36:56+08:00
23ac7122-ed2d-431b-a851-98cc75c7ee4e,M-1031,ORD-20260818-4864-0026,CONCESSION_ACCRUAL,18,1415,2026-08-18T16:03:16+08:00
e7f42285-bd7d-4af6-b37d-68f1c7b0653d,M-1585,ORD-20260819-5907-0027,CONCESSION_ACCRUAL,13,405,2026-08-19T01:37:30+08:00
62a499c1-6497-4164-9e31-72cfb73aab89,M-1540,ORD-20260818-8044-0028,CONCESSION_ACCRUAL,11,107,2026-08-18T17:17:08+08:00
7922390b-be77-4657-809b-b33e32ba7381,M-2147,ORD-20260818-2135-0029,CONCESSION_ACCRUAL,33,59,2026-08-18T22:54:20+08:00
e948e696-5f1d-4c1d-9974-5d7e4c34a881,M-1805,ORD-20260818-7527-0030,CONCESSION_ACCRUAL,8,272,2026-08-18T11:02:17+08:00
66208686-f557-4bdb-8031-4c0c1ebde8ef,M-1659,ORD-20260818-8309-0031,CONCESSION_ACCRUAL,19,167,2026-08-18T22:03:59+08:00
a79e1c88-5584-446e-9f82-0d3cb662b2e3,M-2105,ORD-20260818-8637-0032,CONCESSION_ACCRUAL,11,385,2026-08-18T23:50:11+08:00
e7474a0c-025b-450a-b931-64eb187c78d3,M-1863,ORD-20260819-7061-0033,CONCESSION_ACCRUAL,21,271,2026-08-19T00:50:49+08:00
da7fb650-483d-4e38-9aa1-209cb45b7ac9,M-2123,ORD-20260818-4582-0034,CONCESSION_ACCRUAL,11,268,2026-08-18T12:52:00+08:00
19849228-e4f9-4462-84e2-735c590a1b25,M-1043,ORD-20260818-7947-0035,CONCESSION_ACCRUAL,9,732,2026-08-18T18:41:59+08:00
1b990a68-f08e-4f77-bbbf-7441c19ce4dc,M-1163,ORD-20260819-4526-0036,CONCESSION_ACCRUAL,16,159,2026-08-19T01:18:00+08:00
e8b963db-e37b-4703-be73-fa05e10a9a18,M-2057,ORD-20260818-3161-0037,CONCESSION_ACCRUAL,12,125,2026-08-18T23:33:29+08:00
c0683a60-f6e0-4f36-aa7c-0b52b41cb9d9,M-1191,ORD-20260818-3292-0038,CONCESSION_ACCRUAL,33,49,2026-08-18T22:30:00+08:00
024e4d92-e70c-412b-8f63-f2d51fd4976d,M-2047,ORD-20260818-9906-0039,CONCESSION_ACCRUAL,22,334,2026-08-18T08:54:28+08:00
7666bb4d-caa9-4494-a264-a15fae092a0e,M-1394,ORD-20260818-5532-0040,CONCESSION_ACCRUAL,8,533,2026-08-18T21:09:31+08:00
18f17501-b16b-4fe5-93ee-41a614716f8c,M-1970,ORD-20260818-5129-0041,CONCESSION_ACCRUAL,12,209,2026-08-18T15:03:57+08:00
f2c1fab8-0604-4300-b84b-f27d58dcefef,M-1816,ORD-20260818-8233-0042,CONCESSION_ACCRUAL,10,254,2026-08-18T22:50:07+08:00
a2a1b680-e586-40ff-9cce-20cccfe876e1,M-1661,ORD-20260818-7861-0043,CONCESSION_ACCRUAL,9,2763,2026-08-18T23:06:11+08:00
9c3ddaa0-0f42-4379-9047-430b79710d5b,M-1399,ORD-20260818-4248-0044,CONCESSION_ACCRUAL,30,248,2026-08-18T21:19:06+08:00
886a5d14-8fae-47aa-ae65-51087c364557,M-1053,ORD-20260818-6607-0045,CONCESSION_ACCRUAL,11,470,2026-08-18T19:51:19+08:00
7a7c172e-76f2-430a-8526-f7d9bd535580,M-1231,ORD-20260819-4222-0046,CONCESSION_ACCRUAL,8,433,2026-08-19T03:21:12+08:00
acbeaea4-f3a9-49fe-ae57-61f962aacaff,M-1799,ORD-20260818-2705-0047,CONCESSION_ACCRUAL,8,387,2026-08-18T20:36:04+08:00
d768cd14-b20e-415f-8667-3e426d8982d2,M-2005,ORD-20260819-1183-0048,CONCESSION_ACCRUAL,8,201,2026-08-19T00:43:39+08:00
be606f4f-6503-4801-ae82-31d880fa16ab,M-1162,ORD-20260819-8844-0049,CONCESSION_ACCRUAL,15,102,2026-08-19T00:54:53+08:00
e3489c76-cfff-4eeb-8291-d4a12efed2c3,M-1763,ORD-20260818-7840-0050,CONCESSION_ACCRUAL,8,137,2026-08-18T18:52:56+08:00
29026170-6500-499f-bb95-f65b82f8ce74,M-1137,ORD-20260818-9820-0051,CONCESSION_ACCRUAL,16,129,2026-08-18T19:41:19+08:00
bba57d18-7f9d-4bff-8b84-515ede81fedc,M-1201,ORD-20260818-9244-0052,CONCESSION_ACCRUAL,20,570,2026-08-18T15:02:37+08:00
ba091cb1-714a-416e-8913-e7f982946514,M-1906,ORD-20260818-6652-0053,CONCESSION_ACCRUAL,24,66,2026-08-18T21:30:25+08:00
88b35133-8ead-4f60-a06e-7c26efd349e7,M-1694,ORD-20260819-9737-0054,CONCESSION_ACCRUAL,19,314,2026-08-19T00:13:35+08:00
0a74bb61-3a17-41ee-b3fc-cec6a55bbc90,M-1744,ORD-20260818-4012-0055,CONCESSION_ACCRUAL,11,822,2026-08-18T20:04:21+08:00
dad70b27-d4af-45a9-9b55-ebb1dbf80938,M-1332,ORD-20260819-4816-0056,CONCESSION_ACCRUAL,39,255,2026-08-19T00:01:23+08:00
80668134-8347-4f2f-a233-0b2834f67302,M-1486,ORD-20260818-8395-0057,CONCESSION_ACCRUAL,14,111,2026-08-18T23:22:47+08:00
4cfa83e4-e074-4daf-8b27-81450fa4b9ef,M-1967,ORD-20260818-2292-0058,CONCESSION_ACCRUAL,11,131,2026-08-18T22:02:08+08:00
05b37b40-531e-4501-a139-4872b5399a79,M-1373,ORD-20260818-5151-0059,CONCESSION_ACCRUAL,30,419,2026-08-18T16:46:33+08:00
f0124773-e721-461a-9156-7f49b5c1a1bd,M-1202,ORD-20260818-8357-0060,CONCESSION_ACCRUAL,33,1821,2026-08-18T21:58:04+08:00
abd8e53e-55de-4b8b-9604-a6aefca09220,M-1182,ORD-20260818-4106-0061,CONCESSION_ACCRUAL,18,104,2026-08-18T22:34:30+08:00
16f4969f-3f7c-404d-b507-fac4ed27925d,M-1740,ORD-20260818-1139-0062,CONCESSION_ACCRUAL,26,1362,2026-08-18T12:27:38+08:00
31a12dd7-2c8a-419b-886e-06a0a8a5eee0,M-1977,ORD-20260818-2080-0063,CONCESSION_ACCRUAL,9,70,2026-08-18T23:15:42+08:00
01a64d24-c953-47a1-bd9a-71e8ce72b9a0,M-1774,ORD-20260818-2384-0064,CONCESSION_ACCRUAL,15,418,2026-08-18T14:00:10+08:00
2f3bdc05-0131-45ce-accd-642edc341fd9,M-2042,ORD-20260818-3339-0065,CONCESSION_ACCRUAL,12,234,2026-08-18T19:27:12+08:00
f1e28eb7-7777-4bca-9dee-d3f06afefbf8,M-1224,ORD-20260818-9041-0066,CONCESSION_ACCRUAL,53,284,2026-08-18T17:57:22+08:00
881dca49-263f-465f-a803-e6e62988f795,M-1185,ORD-20260818-3540-0067,CONCESSION_ACCRUAL,3,320,2026-08-18T15:46:00+08:00
85fc3392-0e2f-48af-a175-0e92bf31881e,M-1460,ORD-20260819-7086-0068,CONCESSION_ACCRUAL,15,82,2026-08-19T00:52:03+08:00
310f1af6-c431-4cb5-9442-c3fd0ff0b220,M-1770,ORD-20260818-4505-0069,CONCESSION_ACCRUAL,22,131,2026-08-18T20:39:11+08:00
0c81e0b8-86a0-4e97-abf4-4b20d4f98102,M-1197,ORD-20260818-2842-0070,CONCESSION_ACCRUAL,30,278,2026-08-18T18:24:01+08:00
c792452f-d1db-4fd0-82e1-2b360543bc4a,M-1138,ORD-20260818-8279-0071,CONCESSION_ACCRUAL,4,511,2026-08-18T12:55:35+08:00
d76e6bd3-c42c-4b01-ae73-7dfed514794c,M-1845,ORD-20260818-8473-0072,CONCESSION_ACCRUAL,8,205,2026-08-18T23:36:40+08:00
a71a9156-608b-41c2-bf42-017bae7063f0,M-1714,ORD-20260818-2314-0073,CONCESSION_ACCRUAL,30,103,2026-08-18T19:56:29+08:00
72f0b883-9003-4ea8-9fc5-02b81cacd81f,M-1039,ORD-20260818-7845-0074,CONCESSION_ACCRUAL,22,271,2026-08-18T23:14:40+08:00
72f770da-b201-4848-9f55-ea879de51d39,M-1528,ORD-20260819-5460-0075,CONCESSION_ACCRUAL,8,90,2026-08-19T00:07:59+08:00
3f0dd4b4-b249-4d7b-a221-b441e8561ee9,M-1341,ORD-20260818-8635-0076,CONCESSION_ACCRUAL,16,312,2026-08-18T18:06:50+08:00
1d6bf14b-f2b7-4a08-9dbe-9f0e24ca638b,M-1619,ORD-20260818-2169-0077,CONCESSION_ACCRUAL,15,342,2026-08-18T19:47:46+08:00
88897735-8151-4c8f-b0a8-21349f04bab3,M-1201,ORD-20260818-5107-0078,CONCESSION_ACCRUAL,35,605,2026-08-18T09:25:11+08:00
6929149a-2c59-4cac-a4e8-6617396241b8,M-2163,ORD-20260818-4531-0079,CONCESSION_ACCRUAL,27,298,2026-08-18T22:12:51+08:00
12785201-ba96-4c51-b88d-7182eb7c2463,M-1416,ORD-20260819-3547-0080,CONCESSION_ACCRUAL,18,2571,2026-08-19T01:01:36+08:00
b708893d-fdb2-4ba0-bfc7-4c6fbe0b8dd6,M-1573,ORD-20260819-9615-0081,CONCESSION_ACCRUAL,3,576,2026-08-19T00:07:19+08:00
8f4c3e7a-baf7-48a7-a757-2f9645545b5c,M-2013,ORD-20260818-1385-0082,CONCESSION_ACCRUAL,9,186,2026-08-18T18:46:06+08:00
b34e0fa4-13d4-482f-8174-e67f4a1834be,M-1181,ORD-20260819-7299-0083,CONCESSION_ACCRUAL,9,130,2026-08-19T02:13:30+08:00
e9a4761c-cf19-437c-9da1-b3afe497c2d2,M-1741,ORD-20260818-8432-0084,CONCESSION_ACCRUAL,3,128,2026-08-18T15:40:10+08:00
5531d775-0031-4b58-a4c4-98e7700b3c8f,M-1946,ORD-20260818-1518-0085,CONCESSION_ACCRUAL,11,235,2026-08-18T23:37:41+08:00
c674c007-e5aa-4f49-82e6-194de2a26d74,M-1012,ORD-20260818-3335-0086,CONCESSION_ACCRUAL,7,405,2026-08-18T19:33:10+08:00
eafae9d2-1d6b-4869-bbd9-b9d17bfafd8a,M-1495,ORD-20260818-4896-0087,CONCESSION_ACCRUAL,16,223,2026-08-18T23:02:09+08:00
a5905cc1-378a-4e97-a5ba-af9b1364ea6e,M-1321,ORD-20260819-2593-0088,CONCESSION_ACCRUAL,15,300,2026-08-19T00:34:45+08:00
0d8d9058-69b6-44ea-85e5-1e53883916cc,M-1345,ORD-20260818-8087-0089,CONCESSION_ACCRUAL,17,697,2026-08-18T21:03:24+08:00
a32b7dde-4508-4d3a-93e9-205bd5ac4582,M-2046,ORD-20260818-7623-0090,CONCESSION_ACCRUAL,6,39,2026-08-18T21:08:14+08:00
5c2eace3-5e94-4bf5-bc3d-f9c419bf4a80,M-1333,ORD-20260818-2744-0091,CONCESSION_ACCRUAL,20,257,2026-08-18T05:10:11+08:00
de4279e3-c06c-48d9-81ee-4b4f30209ab0,M-1896,ORD-20260818-7817-0092,CONCESSION_ACCRUAL,16,385,2026-08-18T23:53:08+08:00
3922ccba-c90f-469b-8ad0-33db55afdcb3,M-1128,ORD-20260818-9330-0093,CONCESSION_ACCRUAL,15,202,2026-08-18T22:49:11+08:00
eef0e1dc-f7c2-4116-b3fb-fffd4e6d7b9c,M-1441,ORD-20260819-1060-0094,CONCESSION_ACCRUAL,3,281,2026-08-19T01:11:00+08:00
89f07889-0208-43ba-8686-517dc038d833,M-1603,ORD-20260818-1183-0095,CONCESSION_ACCRUAL,4,344,2026-08-18T21:51:23+08:00
2a89d32a-a374-4548-be3c-360ffe271fe2,M-2117,ORD-20260818-3530-0096,CONCESSION_ACCRUAL,12,84,2026-08-18T14:47:06+08:00
eccbc9df-a999-4865-84ae-0929b004e6d3,M-1282,ORD-20260818-4701-0097,CONCESSION_ACCRUAL,36,397,2026-08-18T21:28:00+08:00
a5e712ac-ebf0-4568-a9bc-63630fbb2af0,M-1856,ORD-20260818-4221-0098,CONCESSION_ACCRUAL,19,46,2026-08-18T23:45:57+08:00
6eed237b-2ca4-4d7f-ae58-1e47ebcc3d54,M-1629,ORD-20260818-3344-0099,CONCESSION_ACCRUAL,25,83,2026-08-18T15:36:04+08:00
d982b9cd-1740-4b44-860a-2307b0211eb3,M-1680,ORD-20260818-7094-0100,CONCESSION_ACCRUAL,18,503,2026-08-18T09:35:35+08:00
b60a7c9c-8bb4-49a5-ac00-39440736f201,M-1279,ORD-20260818-4041-0101,CONCESSION_ACCRUAL,11,155,2026-08-18T23:23:24+08:00
9313ef41-4116-4bdc-a9a0-e52c32902d69,M-1588,ORD-20260818-4734-0102,CONCESSION_ACCRUAL,30,1573,2026-08-18T20:46:58+08:00
fe051fab-dae0-4666-9371-adab119df0e6,M-2039,ORD-20260818-5281-0103,CONCESSION_ACCRUAL,12,57,2026-08-18T20:45:50+08:00
8409d759-4d37-4cc2-ac18-1640ce898a14,M-1214,ORD-20260818-8644-0104,CONCESSION_ACCRUAL,39,81,2026-08-18T20:42:38+08:00
a4bcaa0d-b688-4f06-b970-4fa8f62b3d8e,M-1049,ORD-20260818-4039-0105,CONCESSION_ACCRUAL,11,85,2026-08-18T12:26:41+08:00
1d927790-15f5-4d24-bb87-39956e30cee2,M-2129,ORD-20260818-2561-0106,CONCESSION_ACCRUAL,29,110,2026-08-18T19:05:16+08:00
2bbeb421-23e7-4b07-b602-cfa0e7827929,M-1947,ORD-20260818-9096-0107,CONCESSION_ACCRUAL,15,176,2026-08-18T23:57:53+08:00
f52eace0-5900-4c39-90e7-44f6e5bf3448,M-1540,ORD-20260818-9677-0108,CONCESSION_ACCRUAL,16,123,2026-08-18T23:02:36+08:00
d394ebb6-8ff4-49e3-84a4-d424c1283e94,M-2055,ORD-20260818-9824-0109,CONCESSION_ACCRUAL,6,424,2026-08-18T22:43:08+08:00
ccea296f-b74f-448e-8c90-49837ad1a945,M-1636,ORD-20260818-8899-0110,CONCESSION_ACCRUAL,9,1458,2026-08-18T18:33:46+08:00
39c6bab0-b6c6-44fd-a148-339589d16826,M-1009,ORD-20260818-7842-0111,CONCESSION_ACCRUAL,3,128,2026-08-18T19:09:06+08:00
c3cb1ff2-7050-4e10-8663-daeb7394b019,M-1652,ORD-20260818-5890-0112,CONCESSION_ACCRUAL,15,369,2026-08-18T19:12:55+08:00
58bfb284-b7de-40c6-af85-4234d6373fed,M-1259,ORD-20260818-6247-0113,CONCESSION_ACCRUAL,16,530,2026-08-18T18:44:59+08:00
2f74ca95-7e2e-4298-b80c-08da7ce1c048,M-1096,ORD-20260818-3615-0114,CONCESSION_ACCRUAL,15,248,2026-08-18T21:25:55+08:00
74f8a083-966f-4f76-8ced-f0a2c1263e51,M-1450,ORD-20260818-3479-0115,CONCESSION_ACCRUAL,7,141,2026-08-18T23:16:03+08:00
e2e3f9b9-179b-4765-88fb-a9951d3d7767,M-1826,ORD-20260818-6399-0116,CONCESSION_ACCRUAL,15,297,2026-08-18T19:32:23+08:00
58a3cbe4-0e6c-4dd1-842a-158674bef094,M-1170,ORD-20260819-7879-0117,CONCESSION_ACCRUAL,59,116,2026-08-19T01:37:28+08:00
8ea10f53-1f89-4276-affc-7c13586cef41,M-1466,ORD-20260819-4501-0118,CONCESSION_ACCRUAL,13,3898,2026-08-19T00:38:58+08:00
41875281-a856-46ca-aae7-a00dbb77c8e1,M-1973,ORD-20260818-9560-0119,CONCESSION_ACCRUAL,12,138,2026-08-18T16:23:44+08:00
97153c2c-6a8e-43f1-ae26-9b8ea624a4f5,M-1032,ORD-20260818-7066-0120,CONCESSION_ACCRUAL,16,392,2026-08-18T23:06:26+08:00
66ac6c5e-042a-4723-b1f7-74ebde0b03d5,M-1232,ORD-20260818-5555-0121,CONCESSION_ACCRUAL,18,177,2026-08-18T10:55:37+08:00
9a19c116-a8f9-4fd5-b40c-a50950e4edaa,M-1267,ORD-20260818-2532-0122,CONCESSION_ACCRUAL,11,275,2026-08-18T21:48:38+08:00
5743af1f-eb36-4d33-9246-5a67e31fcfad,M-1839,ORD-20260818-2797-0123,CONCESSION_ACCRUAL,37,176,2026-08-18T22:48:19+08:00
a9e707da-20ee-4b81-9ed3-480eab458c29,M-1712,ORD-20260818-8403-0124,CONCESSION_ACCRUAL,15,331,2026-08-18T21:04:48+08:00
6556376c-802a-46f2-b264-981ba36c505d,M-1561,ORD-20260818-9510-0125,CONCESSION_ACCRUAL,32,403,2026-08-18T22:26:20+08:00
8110d921-3bab-411c-acc4-b559db054510,M-1444,ORD-20260818-4426-0126,CONCESSION_ACCRUAL,22,3191,2026-08-18T15:43:03+08:00
214dbdc9-c6cd-4391-9151-bc9ecf1ac15d,M-2047,ORD-20260818-6354-0127,CONCESSION_ACCRUAL,9,343,2026-08-18T23:06:08+08:00
76a3103e-acf2-4e52-9e5a-720df6f29eed,M-1467,ORD-20260818-3504-0128,CONCESSION_ACCRUAL,38,83,2026-08-18T04:45:48+08:00
09ef314e-365a-4519-8c6d-6602df136614,M-1372,ORD-20260818-3481-0129,CONCESSION_ACCRUAL,8,162,2026-08-18T21:54:51+08:00
ea9806bc-4651-4140-a851-3ed3d327228d,M-1110,ORD-20260819-5761-0130,CONCESSION_ACCRUAL,11,334,2026-08-19T00:00:38+08:00
298ba9f4-305d-4674-8487-06c9a1105d43,M-1516,ORD-20260818-8963-0131,CONCESSION_ACCRUAL,11,498,2026-08-18T16:23:49+08:00
a897db56-685c-49be-92de-c47aa52e5886,M-1298,ORD-20260818-9648-0132,CONCESSION_ACCRUAL,26,606,2026-08-18T22:47:51+08:00
c37e4793-ed8c-486d-b872-622f5f3ae85e,M-1368,ORD-20260818-3363-0133,CONCESSION_ACCRUAL,3,217,2026-08-18T12:08:43+08:00
a853efdb-c053-4bec-9f86-9a6ea41e6476,M-1391,ORD-20260818-8386-0134,CONCESSION_ACCRUAL,16,185,2026-08-18T18:59:54+08:00
4b0626dc-2259-4881-baea-a47cc8290bc7,M-1181,ORD-20260818-6118-0135,CONCESSION_ACCRUAL,10,140,2026-08-18T12:30:10+08:00
4741466f-027d-4e7e-b469-0117010aa0d6,M-1515,ORD-20260818-7769-0136,CONCESSION_ACCRUAL,15,114,2026-08-18T21:33:29+08:00
5e3f6891-0c67-4381-baea-2b0fbe58aacd,M-1980,ORD-20260819-9865-0137,CONCESSION_ACCRUAL,30,115,2026-08-19T00:15:41+08:00
f3e2a05f-91a8-4445-91ff-0b6726fc0285,M-1254,ORD-20260819-9076-0138,CONCESSION_ACCRUAL,26,329,2026-08-19T00:40:14+08:00
4ab78f08-62f4-4d58-ac2b-0595da2305ce,M-1120,ORD-20260818-3676-0139,CONCESSION_ACCRUAL,47,838,2026-08-18T18:59:58+08:00
57c66488-90b5-4f98-b906-33ed2af5c414,M-1006,ORD-20260818-3577-0140,CONCESSION_ACCRUAL,15,80,2026-08-18T20:15:03+08:00
c558f90e-ef02-4df6-833f-4096565844d7,M-1359,ORD-20260818-3098-0141,CONCESSION_ACCRUAL,14,1175,2026-08-18T23:15:58+08:00
3983f785-f756-4fbe-a5a7-e36c4cc11c36,M-1396,ORD-20260818-4723-0142,CONCESSION_ACCRUAL,16,354,2026-08-18T18:28:29+08:00
5e834dd4-398a-43e6-920c-688c1da18559,M-1679,ORD-20260818-8664-0143,CONCESSION_ACCRUAL,8,353,2026-08-18T23:26:27+08:00
9f302ed3-7ab8-409e-80cd-f793a7585ca0,M-1439,ORD-20260818-6473-0144,CONCESSION_ACCRUAL,3,414,2026-08-18T23:22:45+08:00
c43bd6ab-0728-4557-ad76-1eb3573a327c,M-2074,ORD-20260818-2179-0145,CONCESSION_ACCRUAL,33,203,2026-08-18T20:57:00+08:00
d693b478-1478-4a85-af68-2de88fe72ab9,M-1506,ORD-20260818-6565-0146,CONCESSION_ACCRUAL,8,382,2026-08-18T23:58:20+08:00
a4123fdf-b1f1-44df-97f2-bd779ba6edf5,M-1481,ORD-20260818-3623-0147,CONCESSION_ACCRUAL,8,321,2026-08-18T23:08:28+08:00
ba303f2e-9aa7-489d-bd55-427631e3857f,M-1436,ORD-20260818-9707-0148,CONCESSION_ACCRUAL,9,611,2026-08-18T14:50:03+08:00
0517d478-1a99-436f-ad37-188e967d2b91,M-2114,ORD-20260818-9050-0149,CONCESSION_ACCRUAL,3,301,2026-08-18T21:51:42+08:00
346fb350-aaf0-456b-a312-28aadf380555,M-1234,ORD-20260819-1943-0150,CONCESSION_ACCRUAL,11,248,2026-08-19T01:20:45+08:00
7a788294-61f5-4587-84af-a32c57023d60,M-1476,ORD-20260818-5092-0151,CONCESSION_ACCRUAL,22,110,2026-08-18T23:19:49+08:00
a5547fde-7867-4a42-9aeb-b8b637ecbfef,M-1950,ORD-20260818-4103-0152,CONCESSION_ACCRUAL,12,148,2026-08-18T14:59:24+08:00
94dbb2b0-88c7-4be7-9014-3be88e2d4529,M-1796,ORD-20260819-4938-0153,CONCESSION_ACCRUAL,33,424,2026-08-19T00:17:45+08:00
c9655584-70bd-4d71-86ed-eb20b474ab8e,M-1370,ORD-20260818-6331-0154,CONCESSION_ACCRUAL,39,651,2026-08-18T19:52:20+08:00
099258d6-628e-4478-8f2f-ace5df78f398,M-1810,ORD-20260818-7367-0155,CONCESSION_ACCRUAL,20,304,2026-08-18T22:13:32+08:00
aa0a0240-8c50-4553-a566-37bcc6fc890a,M-1468,ORD-20260818-3181-0156,CONCESSION_ACCRUAL,19,667,2026-08-18T21:58:17+08:00
ef41f240-2159-4d6c-8e6c-e4a4c9ea6383,M-2098,ORD-20260818-1659-0157,CONCESSION_ACCRUAL,23,92,2026-08-18T23:21:43+08:00
b8ebcf39-f9c4-4fb4-9831-7849ae28ad8f,M-1729,ORD-20260818-7862-0158,CONCESSION_ACCRUAL,3,104,2026-08-18T21:44:09+08:00
fe429ee3-3977-45d3-9149-4f2121414d21,M-1206,ORD-20260818-4707-0159,CONCESSION_ACCRUAL,9,326,2026-08-18T18:07:47+08:00
2a9c3e18-e806-480c-8cbe-0c7ab7958540,M-1136,ORD-20260819-6335-0160,CONCESSION_ACCRUAL,15,80,2026-08-19T05:00:01+08:00
45cfeb3b-f5f0-4b95-af34-1f393ce98be9,M-1016,ORD-20260818-1065-0161,CONCESSION_ACCRUAL,37,161,2026-08-18T21:07:50+08:00
a9fc77a0-16c6-4dd4-9fdf-5095a3c0d204,M-2058,ORD-20260819-6758-0162,CONCESSION_ACCRUAL,8,144,2026-08-19T00:31:11+08:00
0656619c-04dd-4122-9506-b0b4761bcf71,M-1199,ORD-20260818-7659-0163,CONCESSION_ACCRUAL,3,100,2026-08-18T23:18:40+08:00
707c8ddc-7c97-4354-b4e4-4648adfda3e5,M-2030,ORD-20260818-3130-0164,CONCESSION_ACCRUAL,9,75,2026-08-18T13:54:17+08:00
3c8678a6-07c5-46dc-89d5-b3f71f0b9de6,M-1716,ORD-20260819-8622-0165,CONCESSION_ACCRUAL,9,326,2026-08-19T06:11:58+08:00
619a1a6a-bc35-46b0-965f-2dab93c2a945,M-2179,ORD-20260818-7016-0166,CONCESSION_ACCRUAL,6,173,2026-08-18T23:02:05+08:00
2f25930f-e645-40a7-8e71-7979fca5c40f,M-1614,ORD-20260819-4292-0167,CONCESSION_ACCRUAL,15,494,2026-08-19T01:15:53+08:00
4d06859f-bda3-4784-8396-dcb67cf000c7,M-2107,ORD-20260819-9738-0168,CONCESSION_ACCRUAL,11,166,2026-08-19T00:42:04+08:00
a0ae6add-fd4c-4fae-8bcb-4cb5c0d37443,M-1783,ORD-20260818-9763-0169,CONCESSION_ACCRUAL,16,772,2026-08-18T11:36:12+08:00
677418f3-d9b6-4cdf-bf2b-d8c24f4d50cd,M-2011,ORD-20260818-5911-0170,CONCESSION_ACCRUAL,9,188,2026-08-18T17:33:12+08:00
a5e814cf-0c99-46d5-8e32-7c3b895e7d5b,M-1927,ORD-20260819-3649-0171,CONCESSION_ACCRUAL,13,55,2026-08-19T00:27:37+08:00
7b43dc20-2c42-4484-a174-848d65eaccc5,M-1549,ORD-20260819-3076-0172,CONCESSION_ACCRUAL,40,163,2026-08-19T01:14:53+08:00
46a6768d-c85f-4837-8091-41ea555246a5,M-1637,ORD-20260818-9344-0173,CONCESSION_ACCRUAL,20,1511,2026-08-18T21:11:30+08:00
c7ffc49c-f46b-4bb5-aa0c-abea6772b2c0,M-1605,ORD-20260818-7188-0174,CONCESSION_ACCRUAL,44,152,2026-08-18T22:31:24+08:00
65c3403e-4663-4148-abdd-0c3696d3a820,M-2038,ORD-20260818-4773-0175,CONCESSION_ACCRUAL,8,92,2026-08-18T21:51:03+08:00
5b0ea292-f6c2-4860-9363-495d6fec100d,M-1056,ORD-20260818-6874-0176,CONCESSION_ACCRUAL,16,212,2026-08-18T19:54:49+08:00
8016dad9-2da0-4893-a815-b357c00fab56,M-2062,ORD-20260819-6671-0177,CONCESSION_ACCRUAL,11,206,2026-08-19T02:23:58+08:00
51a68ce6-55e1-4bc8-85e8-66ff54738404,M-1164,ORD-20260818-4578-0178,CONCESSION_ACCRUAL,8,356,2026-08-18T18:09:30+08:00
b5863b00-7e89-4bd5-bcb5-0648b61fce6c,M-1244,ORD-20260818-2211-0179,CONCESSION_ACCRUAL,7,532,2026-08-18T21:49:39+08:00
2c6b8975-f4cd-4235-8a80-1fe75ffa5f27,M-1137,ORD-20260819-7170-0180,CONCESSION_ACCRUAL,16,145,2026-08-19T00:30:06+08:00
4045a496-9dc3-4ef4-8e83-4fce5038f247,M-2104,ORD-20260818-8045-0181,CONCESSION_ACCRUAL,19,51,2026-08-18T21:09:37+08:00
8876b1b8-b30f-48f4-93f6-a63b923df570,M-1272,ORD-20260818-3426-0182,CONCESSION_ACCRUAL,36,1238,2026-08-18T21:56:24+08:00
95ee6856-6363-41fa-bcbe-e9734c83f181,M-1894,ORD-20260818-2257-0183,CONCESSION_ACCRUAL,6,142,2026-08-18T20:49:59+08:00
878daf35-99dd-4666-9157-f05e84f1783f,M-1538,ORD-20260818-8561-0184,CONCESSION_ACCRUAL,10,263,2026-08-18T23:10:43+08:00
1ee35361-1388-47ba-9525-b3f5648ebba9,M-1944,ORD-20260819-1037-0185,CONCESSION_ACCRUAL,15,113,2026-08-19T00:57:25+08:00
4cf65d03-2f60-4fa9-a8b4-34147be45cb5,M-2178,ORD-20260818-7524-0186,CONCESSION_ACCRUAL,27,127,2026-08-18T02:51:41+08:00
cb96091b-4b44-458f-b4a1-44663fc3e7ec,M-1376,ORD-20260819-9778-0187,CONCESSION_ACCRUAL,11,260,2026-08-19T00:49:15+08:00
5b4cca7d-7c4d-42d7-aabe-010fa5ab8399,M-1132,ORD-20260818-9330-0188,CONCESSION_ACCRUAL,13,838,2026-08-18T23:34:10+08:00
c569c6a1-f522-442e-948c-c4e9c5cae0f9,M-1492,ORD-20260818-1210-0189,CONCESSION_ACCRUAL,15,338,2026-08-18T10:44:57+08:00
c3727be9-60e5-4cf0-bff6-944c38a72355,M-1492,TIER_UPGRADE_Silver_TO_Gold,TIER_BONUS,100,438,2026-08-18T10:44:57+08:00
e6629528-668d-448c-8cfc-975504180dbb,M-1576,ORD-20260818-2762-0190,CONCESSION_ACCRUAL,20,1358,2026-08-18T17:40:03+08:00
553d8ae2-114d-43e4-9b63-c317d7e6dada,M-1802,ORD-20260818-8878-0191,CONCESSION_ACCRUAL,73,242,2026-08-18T20:23:12+08:00
22f0a7ca-77ad-4ef6-ba55-a61ffd81815b,M-1775,ORD-20260818-3406-0192,CONCESSION_ACCRUAL,14,1341,2026-08-18T23:48:45+08:00
1fb9acfa-73f0-4f95-a082-330c39cafeb8,M-1728,ORD-20260818-2244-0193,CONCESSION_ACCRUAL,10,176,2026-08-18T14:07:42+08:00
abfab1c8-e244-43a5-9270-de3a4afba5c6,M-1115,ORD-20260818-2038-0194,CONCESSION_ACCRUAL,16,143,2026-08-18T19:41:32+08:00
ba44840c-5114-4ff0-80b4-dc7739164a92,M-1261,ORD-20260818-8416-0195,CONCESSION_ACCRUAL,11,201,2026-08-18T20:23:59+08:00
32a1c94f-3275-4ede-885f-e126b607d637,M-1731,ORD-20260818-2152-0196,CONCESSION_ACCRUAL,8,197,2026-08-18T19:57:17+08:00
a40abfea-31a5-4576-9ec0-7d18f5d40a13,M-1846,ORD-20260818-6780-0197,CONCESSION_ACCRUAL,12,54,2026-08-18T18:33:49+08:00
bb1d596c-9f4e-4712-a8a2-e7225682ec5e,M-1499,ORD-20260818-7693-0198,CONCESSION_ACCRUAL,18,148,2026-08-18T12:59:59+08:00
440a678f-260d-45b4-9158-34d0792d3564,M-1308,ORD-20260818-7086-0199,CONCESSION_ACCRUAL,8,138,2026-08-18T16:24:30+08:00
e96e5422-c194-4e25-97fb-26532f1ed390,M-1249,ORD-20260819-8098-0200,CONCESSION_ACCRUAL,11,105,2026-08-19T00:17:46+08:00
e3aca76e-c666-4f90-865b-c20e26d5dcb8,M-1897,ORD-20260818-9823-0201,CONCESSION_ACCRUAL,27,351,2026-08-18T22:08:21+08:00
e3813ca1-fc3f-4f09-8895-ea06e222ff2a,M-2166,ORD-20260818-9538-0202,CONCESSION_ACCRUAL,28,225,2026-08-18T16:12:00+08:00
8cd8c640-2fb3-4bbd-9233-6faa7be8e1f1,M-1092,ORD-20260818-8993-0203,CONCESSION_ACCRUAL,15,619,2026-08-18T19:17:40+08:00
1e46b97f-f0cc-40b7-9ffe-57654d9c7bbb,M-1966,ORD-20260818-7321-0204,CONCESSION_ACCRUAL,18,116,2026-08-18T22:24:35+08:00
957851ba-4a42-4cdb-8534-3594b8c59f07,M-1580,ORD-20260818-4927-0205,CONCESSION_ACCRUAL,9,1107,2026-08-18T23:57:13+08:00
0fd59c92-c1e3-4dc6-996e-19fae26d83c1,M-1522,ORD-20260818-6850-0206,CONCESSION_ACCRUAL,15,173,2026-08-18T22:04:54+08:00
bc7b9766-ed85-4dbb-b1f8-0c06a041d208,M-1602,ORD-20260818-7962-0207,CONCESSION_ACCRUAL,4,695,2026-08-18T22:37:03+08:00
926dc163-80fb-4d21-b14f-afdaaf5d4943,M-1135,ORD-20260818-4344-0208,CONCESSION_ACCRUAL,19,353,2026-08-18T19:30:12+08:00
10ae02d5-40bb-4bc4-8ba1-192a008e9f72,M-1413,ORD-20260819-6121-0209,CONCESSION_ACCRUAL,31,93,2026-08-19T00:34:01+08:00
63df94c4-bfa9-44fe-88fc-88fa5cc2af2c,M-1795,ORD-20260818-8272-0210,CONCESSION_ACCRUAL,26,57,2026-08-18T23:33:34+08:00
56c80a08-b6fb-4c22-9491-fad94736109b,M-2044,ORD-20260818-1813-0211,CONCESSION_ACCRUAL,3,380,2026-08-18T22:40:57+08:00
fea7732d-5061-4686-aa1e-dd1164fed800,M-1896,ORD-20260818-1904-0212,CONCESSION_ACCRUAL,25,410,2026-08-18T12:59:28+08:00
3cd45b46-a327-419a-b0e1-bcbc82c6ff0f,M-1252,ORD-20260819-4948-0213,CONCESSION_ACCRUAL,17,132,2026-08-19T00:23:13+08:00
1dee5431-7718-4fae-883c-6bf6e6ce8cac,M-1710,ORD-20260818-2458-0214,CONCESSION_ACCRUAL,11,459,2026-08-18T21:35:15+08:00
f172cfb4-7c8a-4307-9196-4a0b942a8261,M-1788,ORD-20260818-4227-0215,CONCESSION_ACCRUAL,24,560,2026-08-18T23:01:57+08:00
b2def8a9-f3c6-43a6-bfba-95096149d4f0,M-1930,ORD-20260818-4947-0216,CONCESSION_ACCRUAL,8,98,2026-08-18T17:17:30+08:00
1357fb3b-d994-4d75-94fa-7d0cb9577bd6,M-2196,ORD-20260818-9719-0217,CONCESSION_ACCRUAL,8,278,2026-08-18T18:00:16+08:00
e2fc2185-8b48-4b54-9922-e5350fdac9bd,M-1341,ORD-20260819-5147-0218,CONCESSION_ACCRUAL,10,322,2026-08-19T03:47:30+08:00
3c9e0351-4d05-491f-b6bc-78c1a1c94485,M-1042,ORD-20260818-4523-0219,CONCESSION_ACCRUAL,3,338,2026-08-18T21:20:57+08:00
20a9c611-c02b-4acd-905d-3f9b29513eee,M-1344,ORD-20260818-8407-0220,CONCESSION_ACCRUAL,25,385,2026-08-18T20:40:10+08:00
f98641cb-82a4-445c-af7e-76ac9d5c97b8,M-1663,ORD-20260818-1737-0221,CONCESSION_ACCRUAL,8,284,2026-08-18T20:17:00+08:00
d737d13c-96e0-4db5-a614-61bfef916855,M-1143,ORD-20260818-3449-0222,CONCESSION_ACCRUAL,9,3950,2026-08-18T19:34:00+08:00
c303ba3a-c41b-4296-8ac9-2b64228344ad,M-1933,ORD-20260818-2959-0223,CONCESSION_ACCRUAL,6,57,2026-08-18T21:03:00+08:00
4ffcca84-4527-4d36-9b2b-46d845d5e305,M-1569,ORD-20260818-6776-0224,CONCESSION_ACCRUAL,11,159,2026-08-18T13:52:00+08:00
170e0fdc-0c5c-4452-8276-f99d61fb9fab,M-1244,ORD-20260818-4001-0225,CONCESSION_ACCRUAL,23,555,2026-08-18T09:37:00+08:00
3e0c29c1-94c2-4719-8970-63604d9492e9,M-2049,ORD-20260818-1591-0226,CONCESSION_ACCRUAL,10,167,2026-08-18T18:45:00+08:00
4c3e6972-88ba-41ce-bc23-3effa7d0c2e3,M-1550,ORD-20260818-4866-0227,CONCESSION_ACCRUAL,23,142,2026-08-18T16:10:00+08:00
62ea0d72-68c5-4433-9d08-9bb531cfc4f3,M-1699,ORD-20260818-1204-0228,CONCESSION_ACCRUAL,22,110,2026-08-18T11:14:00+08:00
69ed02e7-b47d-40a5-8ecb-ba76384af2fa,M-1657,ORD-20260818-8784-0229,CONCESSION_ACCRUAL,21,661,2026-08-18T16:40:00+08:00
86993d67-4c1b-44e0-958a-d528153107d8,M-1857,ORD-20260818-5807-0230,CONCESSION_ACCRUAL,20,43,2026-08-18T13:16:00+08:00
8d9fbd04-af78-46ba-91cf-62b25d784d42,M-1857,TIER_UPGRADE_Standard_TO_Silver,TIER_BONUS,50,93,2026-08-18T13:16:00+08:00
30df00bd-1b47-478d-a421-0de28396a789,M-1728,ORD-20260818-9112-0231,CONCESSION_ACCRUAL,8,184,2026-08-18T14:12:00+08:00
2ae55a95-dfcc-448b-9427-af7578c21e17,M-1390,ORD-20260818-9514-0232,CONCESSION_ACCRUAL,18,101,2026-08-18T13:08:00+08:00
5deb0660-49e2-4b15-b007-9983b6ef2c00,M-2093,ORD-20260818-7188-0233,CONCESSION_ACCRUAL,6,19,2026-08-18T14:33:00+08:00
57c08ae7-bb24-4411-84a2-123dfd6a40ef,M-1221,ORD-20260818-3890-0234,CONCESSION_ACCRUAL,40,1498,2026-08-18T20:29:00+08:00
18c5c03e-9ada-40d6-90e5-8bb6c002f82b,M-2106,ORD-20260818-2908-0235,CONCESSION_ACCRUAL,7,109,2026-08-18T21:44:00+08:00
b7867128-6a7e-491e-9b91-7265543d0796,M-2073,ORD-20260818-5552-0236,CONCESSION_ACCRUAL,31,194,2026-08-18T11:46:00+08:00
44695fba-2b6f-4010-8523-89048fd41a0a,M-1367,ORD-20260818-4257-0237,CONCESSION_ACCRUAL,8,626,2026-08-18T10:56:00+08:00
00b45649-ba6a-445e-beaa-9cbe21be6bcb,M-1206,ORD-20260818-9071-0238,CONCESSION_ACCRUAL,21,347,2026-08-18T17:25:00+08:00
7f244e9c-2121-452c-928f-cfd9c1886571,M-1745,ORD-20260818-7463-0239,CONCESSION_ACCRUAL,23,223,2026-08-18T14:29:00+08:00
0ecee167-e25e-4358-b543-353f267e3c29,M-1301,ORD-20260818-8079-0240,CONCESSION_ACCRUAL,11,38,2026-08-18T12:07:00+08:00
1d293d07-e4ef-45e3-8c87-8a39809df495,M-1063,ORD-20260818-6162-0241,CONCESSION_ACCRUAL,9,619,2026-08-18T13:01:00+08:00
cf91d3b5-eef2-457e-8954-3286c6458299,M-1031,ORD-20260818-4616-0242,CONCESSION_ACCRUAL,4,1419,2026-08-18T14:17:00+08:00
b486a8e6-e2a3-4d3b-ae38-d4c0cfc19dfd,M-1197,ORD-20260818-5384-0243,CONCESSION_ACCRUAL,16,294,2026-08-18T19:13:00+08:00
5ce6ec4e-bd43-4d4c-9632-75cb9a41032e,M-1790,ORD-20260818-4501-0244,CONCESSION_ACCRUAL,3,265,2026-08-18T13:58:00+08:00
819eb51f-0148-4220-a1db-533d03a3ba5e,M-1481,ORD-20260818-2802-0245,CONCESSION_ACCRUAL,16,337,2026-08-18T15:13:00+08:00
eac62e5f-9dcf-49ed-9c58-176f70bdee07,M-1481,ORD-20260818-5705-0246,CONCESSION_ACCRUAL,11,348,2026-08-18T15:33:00+08:00
29718e39-03ba-42f4-9a47-8d48390c6b28,M-1419,ORD-20260818-1755-0247,CONCESSION_ACCRUAL,22,466,2026-08-18T16:44:00+08:00
251316ab-4cba-4c7f-a6d7-9ebb4d73bbde,M-1736,ORD-20260818-1145-0248,CONCESSION_ACCRUAL,11,82,2026-08-18T19:52:00+08:00
655112d0-32bb-476f-83f4-4fbe42ed4121,M-1104,ORD-20260818-2121-0249,CONCESSION_ACCRUAL,15,374,2026-08-18T15:08:00+08:00
e0a79971-bd5d-4ec3-8f39-5a6293e979ff,M-1104,TIER_UPGRADE_Silver_TO_Gold,TIER_BONUS,100,474,2026-08-18T15:08:00+08:00
0a1c4dc1-5d58-4e81-a64e-50d5a673a748,M-1572,ORD-20260818-3166-0250,CONCESSION_ACCRUAL,26,397,2026-08-18T22:44:00+08:00
d78311a4-684f-4cb6-b8f3-7d075ad43437,M-1554,ORD-20260818-8590-0251,CONCESSION_ACCRUAL,13,1305,2026-08-18T16:05:00+08:00
4644d16b-f5a3-40cd-8259-fee8efad68e3,M-1455,ORD-20260818-7412-0252,CONCESSION_ACCRUAL,3,521,2026-08-18T14:22:00+08:00
7e8c7695-37e6-4bf7-86a4-32a5b298b141,M-1895,ORD-20260818-3582-0253,CONCESSION_ACCRUAL,9,206,2026-08-18T17:15:00+08:00
9de643f0-b3b0-4de9-b5ee-e8b581dcc96f,M-1248,ORD-20260818-6674-0254,CONCESSION_ACCRUAL,19,31,2026-08-18T20:50:00+08:00
392cc390-c408-4e37-a31c-8176446f8866,M-2049,ORD-20260818-8010-0255,CONCESSION_ACCRUAL,11,178,2026-08-18T10:15:00+08:00
a71dae10-9f34-4550-b1a0-a5a70a90d2c3,M-1685,ORD-20260818-1674-0256,CONCESSION_ACCRUAL,9,280,2026-08-18T21:05:00+08:00
f0ed8466-ada2-4e97-bee0-70fac33c3bda,M-1385,ORD-20260818-4090-0257,CONCESSION_ACCRUAL,33,468,2026-08-18T19:52:00+08:00
0c5a157a-2708-4011-8c48-a71031e8e5c8,M-1126,ORD-20260818-1438-0258,CONCESSION_ACCRUAL,23,346,2026-08-18T14:45:00+08:00
072f1a4e-f5ff-4120-ab83-38447489fa32,M-2115,ORD-20260818-2554-0259,CONCESSION_ACCRUAL,27,41,2026-08-18T15:34:00+08:00
1e6118c6-d082-4eeb-8132-03e19bfff058,M-2115,TIER_UPGRADE_Standard_TO_Silver,TIER_BONUS,50,91,2026-08-18T15:34:00+08:00
f15e3d1e-6e74-4bf1-8b71-fdb5ec4de6f6,M-1382,ORD-20260818-9026-0260,CONCESSION_ACCRUAL,15,484,2026-08-18T12:24:00+08:00
91bb0f46-9dbb-49bd-ab3f-2dc97f39370a,M-1355,ORD-20260818-1727-0261,CONCESSION_ACCRUAL,15,135,2026-08-18T09:58:00+08:00
0a437c18-73a1-4b88-ba45-05c84efa382f,M-1417,ORD-20260818-9145-0262,CONCESSION_ACCRUAL,18,491,2026-08-18T09:43:00+08:00
ea027721-8fc0-4c98-aa26-b9e34a11efa0,M-1759,ORD-20260818-7691-0263,CONCESSION_ACCRUAL,30,321,2026-08-18T09:10:00+08:00
baeb21e3-9b55-4147-913e-15b3c8af3e39,M-1669,ORD-20260818-2506-0264,CONCESSION_ACCRUAL,15,148,2026-08-18T17:04:00+08:00
32be8442-cd97-4307-9160-936722d6fc90,M-1214,ORD-20260818-4006-0265,CONCESSION_ACCRUAL,11,92,2026-08-18T21:11:00+08:00
68b52eb0-ea18-4f92-beba-810c689fbe86,M-2071,ORD-20260818-6046-0266,CONCESSION_ACCRUAL,16,386,2026-08-18T20:18:00+08:00
bda76d86-face-4170-8636-53d2910ffa6b,M-1786,ORD-20260818-9513-0267,CONCESSION_ACCRUAL,22,203,2026-08-18T18:08:00+08:00
d6b040a3-0bd7-4f9d-b634-7c3c61a08327,M-1779,ORD-20260818-2486-0268,CONCESSION_ACCRUAL,20,373,2026-08-18T21:11:00+08:00
89898170-a9a6-48fa-b89e-83dd59d42a3b,M-2150,ORD-20260818-1123-0269,CONCESSION_ACCRUAL,8,157,2026-08-18T20:31:00+08:00
9afd9509-c28c-4d6d-ab4d-82899b1fdf50,M-1159,ORD-20260818-7852-0270,CONCESSION_ACCRUAL,21,170,2026-08-18T17:24:00+08:00
e0a9d503-618a-4bb7-8245-98fe72e7ca14,M-2057,ORD-20260818-6786-0271,CONCESSION_ACCRUAL,3,128,2026-08-18T22:39:00+08:00
8cb290fb-730c-48b7-83c6-a61e955b934b,M-1936,ORD-20260818-2228-0272,CONCESSION_ACCRUAL,10,303,2026-08-18T09:53:00+08:00
9cd3d8ae-b7fb-41fa-8880-aefe36abde8b,M-1820,ORD-20260818-7299-0273,CONCESSION_ACCRUAL,3,422,2026-08-18T09:39:00+08:00
7168e3e7-46fe-43f8-a83d-57a70064286b,M-2067,ORD-20260818-9392-0274,CONCESSION_ACCRUAL,9,56,2026-08-18T14:19:00+08:00
907c856f-3728-488b-b251-ea0cff884c25,M-2194,ORD-20260818-5045-0275,CONCESSION_ACCRUAL,3,187,2026-08-18T19:47:00+08:00
087be011-93ea-430c-8fcb-7f3aeb777e32,M-1178,ORD-20260818-6528-0276,CONCESSION_ACCRUAL,24,256,2026-08-18T22:37:00+08:00
020de479-0f47-4fcf-a384-279f23447c2b,M-1569,ORD-20260818-5508-0277,CONCESSION_ACCRUAL,8,167,2026-08-18T10:46:00+08:00
ef4662c5-9e40-4ea8-8e5a-8ecce6cd0a74,M-1779,ORD-20260818-4949-0278,CONCESSION_ACCRUAL,15,388,2026-08-18T18:59:00+08:00
4ce039d5-397e-4d7d-bb24-05066a37b0cf,M-1792,ORD-20260818-7694-0279,CONCESSION_ACCRUAL,36,2053,2026-08-18T19:07:00+08:00
d7939048-01ac-4a85-ba3c-a56ab2a30333,M-1574,ORD-20260818-7454-0280,CONCESSION_ACCRUAL,10,147,2026-08-18T19:43:00+08:00
756e624b-33a7-45e3-83aa-fe9341c2f194,M-1530,ORD-20260818-1730-0281,CONCESSION_ACCRUAL,24,127,2026-08-18T19:44:00+08:00
ec7ef8ba-98bf-4856-adc2-f718df493ed8,M-2120,ORD-20260818-8544-0282,CONCESSION_ACCRUAL,26,438,2026-08-18T10:36:00+08:00
0d57b3c6-c3a9-4f95-ad39-c3b673512391,M-2131,ORD-20260818-3847-0283,CONCESSION_ACCRUAL,12,79,2026-08-18T10:36:00+08:00
36f41809-1148-4b7a-9283-840ef5064d39,M-2175,ORD-20260818-9735-0284,CONCESSION_ACCRUAL,13,400,2026-08-18T09:27:00+08:00
9c20dae7-53cc-47ba-8c5e-7ed602dd334e,M-1874,ORD-20260818-6141-0285,CONCESSION_ACCRUAL,9,48,2026-08-18T13:15:00+08:00
3153c2a3-8052-486c-a9ad-e1c419aa95f6,M-1458,ORD-20260818-3772-0286,CONCESSION_ACCRUAL,21,91,2026-08-18T18:19:00+08:00
812dd267-034f-4782-af95-a665e65ffb41,M-1494,ORD-20260818-5818-0287,CONCESSION_ACCRUAL,22,427,2026-08-18T12:01:00+08:00
0c08caa1-8e5d-401a-aedc-dbb29c5044aa,M-1092,ORD-20260818-1675-0288,CONCESSION_ACCRUAL,11,630,2026-08-18T15:15:00+08:00
75dc5e82-8885-458d-bf1d-161e53309f72,M-2141,ORD-20260818-9119-0289,CONCESSION_ACCRUAL,8,268,2026-08-18T13:51:00+08:00
25a5dbb5-d5db-4d6c-8e96-b793bac1506f,M-1409,ORD-20260818-2696-0290,CONCESSION_ACCRUAL,19,455,2026-08-18T13:45:00+08:00
6e829b5c-bb8d-4b4f-b3aa-1489dac01afc,M-1816,ORD-20260818-5508-0291,CONCESSION_ACCRUAL,20,274,2026-08-18T15:09:00+08:00
da2a102b-3f6f-4826-af8f-26d19972f381,M-1113,ORD-20260818-9783-0292,CONCESSION_ACCRUAL,16,956,2026-08-18T11:38:00+08:00
8a533494-776e-48fd-96a8-0a43bb40d799,M-1223,ORD-20260818-6336-0293,CONCESSION_ACCRUAL,30,65,2026-08-18T09:34:00+08:00
285f14e9-7c4c-4264-9963-84278cd28398,M-1588,ORD-20260818-7399-0294,CONCESSION_ACCRUAL,12,1585,2026-08-18T16:07:00+08:00
