ledger_id,member_id,source_reference_id,transaction_type,points_delta,resulting_balance,created_at
b7b9371e-34dc-4651-957f-15e48124de19,M-1778,SESS-20260725-6827-0000,RENTAL_ACCRUAL,9,82,2026-07-26T00:45:00+08:00
2d282d99-c3a4-43d8-9aa5-2b1e096261a8,M-1674,SESS-20260725-4904-0001,RENTAL_ACCRUAL,13,575,2026-07-25T23:00:00+08:00
b2cd27aa-5b05-4aec-b616-92e49b3ddfc6,M-1006,SESS-20260725-6905-0002,RENTAL_ACCRUAL,11,130,2026-07-25T21:30:00+08:00
862ac97c-9993-4ef7-9314-d799126790a7,M-1854,SESS-20260725-6709-0003,RENTAL_ACCRUAL,5,81,2026-07-25T11:15:00+08:00
5f66ca54-eeda-41ba-afe1-4a043a85e381,M-1093,SESS-20260725-9630-0004,RENTAL_ACCRUAL,11,150,2026-07-25T22:45:00+08:00
5e078ce3-d06e-42a1-b264-07162b678f26,M-1001,SESS-20260725-5590-0005,RENTAL_ACCRUAL,5,181,2026-07-25T21:00:00+08:00
eb62ac9f-86b6-4c75-9543-09a58a45f74f,M-1718,SESS-20260725-8466-0006,RENTAL_ACCRUAL,12,1351,2026-07-25T21:15:00+08:00
f2eef2dd-b226-4b02-b113-63ba890d012b,M-1443,SESS-20260725-4770-0007,RENTAL_ACCRUAL,28,329,2026-07-25T23:30:00+08:00
2b904fd0-4250-493b-ac83-ee5762aa4401,M-1839,SESS-20260725-8509-0008,RENTAL_ACCRUAL,28,298,2026-07-25T23:15:00+08:00
c1443cca-061c-4544-a3d4-60f185880fb5,M-1734,SESS-20260725-7065-0009,RENTAL_REDEMPTION,-300,142,2026-07-25T13:45:00+08:00
c35cfcb5-dfb6-459a-bb39-28ac40f8a436,M-1734,SESS-20260725-7065-0009,RENTAL_ACCRUAL,8,150,2026-07-25T15:45:00+08:00
3262cc90-da49-4256-856b-3a59a9f2ed8b,M-1243,SESS-20260725-1119-0010,RENTAL_ACCRUAL,28,140,2026-07-25T18:15:00+08:00
b1a8bf2b-c1c3-45aa-8fa1-09860468eabf,M-1109,SESS-20260725-4945-0011,RENTAL_ACCRUAL,5,319,2026-07-25T21:45:00+08:00
fdc7f39e-65ad-4aa7-a982-f8728b737934,M-1168,SESS-20260725-2467-0012,RENTAL_ACCRUAL,16,387,2026-07-25T21:30:00+08:00
3bc04b76-cabb-4f65-ad65-1a5ebaa57c8b,M-1574,SESS-20260725-6272-0013,RENTAL_ACCRUAL,25,205,2026-07-26T03:45:00+08:00
bf5bc018-44dd-4af9-896f-6038df12288a,M-1574,TIER_UPGRADE_Standard_TO_Silver,TIER_BONUS,50,255,2026-07-26T03:45:00+08:00
90fa8c2a-a831-4092-8ad7-eaca9ef02777,M-1458,SESS-20260725-2889-0014,RENTAL_REDEMPTION,-100,84,2026-07-25T16:30:00+08:00
a76e6b64-e001-4fbf-ae8d-93d7553a8002,M-1458,SESS-20260725-2889-0014,RENTAL_ACCRUAL,21,105,2026-07-25T21:30:00+08:00
84f9932a-a4d8-4826-a2c9-28879d85ce1e,M-1687,SESS-20260725-3949-0015,RENTAL_REDEMPTION,-200,295,2026-07-25T20:15:00+08:00
8692a44c-5057-4102-b279-a3d13605494d,M-1687,SESS-20260725-3949-0015,RENTAL_ACCRUAL,4,299,2026-07-25T23:15:00+08:00
784df621-9ca6-4bea-a51b-596ee6677177,M-1553,SESS-20260725-8438-0016,RENTAL_ACCRUAL,28,390,2026-07-25T21:15:00+08:00
3cbfbeef-678c-4d96-82c9-519cc0d676aa,M-1214,SESS-20260725-6566-0017,RENTAL_ACCRUAL,72,353,2026-07-26T02:45:00+08:00
ecd012df-02a5-49b8-a32b-7a2a644772f1,M-1862,SESS-20260725-5186-0018,RENTAL_ACCRUAL,8,77,2026-07-25T19:15:00+08:00
e41e7a12-2f83-43c7-a39e-4cc424b224e3,M-1213,SESS-20260725-9214-0019,RENTAL_ACCRUAL,11,258,2026-07-25T21:45:00+08:00
222365b4-1b14-4008-a84a-87313eef925a,M-1517,SESS-20260725-3961-0020,RENTAL_REDEMPTION,-100,11,2026-07-25T11:45:00+08:00
636c89f3-db6b-4690-9404-582bfd726624,M-1517,SESS-20260725-3961-0020,RENTAL_ACCRUAL,5,16,2026-07-25T13:45:00+08:00
4d66c5e2-cf42-4cdc-a8c6-f8a69721b19d,M-1248,SESS-20260725-7209-0021,RENTAL_ACCRUAL,9,311,2026-07-25T15:15:00+08:00
7410c09f-692d-403c-aa6e-49353381895e,M-1117,SESS-20260725-4820-0022,RENTAL_ACCRUAL,5,67,2026-07-26T00:20:00+08:00
319bdba0-2233-4a07-8e99-f23eef58844c,M-1809,SESS-20260725-6021-0023,RENTAL_ACCRUAL,11,550,2026-07-25T04:30:00+08:00
761f3295-e187-4d18-b039-2d347e637c35,M-1548,SESS-20260725-2780-0024,RENTAL_ACCRUAL,9,549,2026-07-25T15:15:00+08:00
ed1ac9f1-d816-4a6d-801d-677bb92a9330,M-2163,SESS-20260725-5062-0025,RENTAL_ACCRUAL,11,79,2026-07-25T23:15:00+08:00
5ae44f20-a69c-48c9-99c6-c9ace2b91273,M-2143,SESS-20260725-2367-0026,RENTAL_ACCRUAL,10,200,2026-07-25T10:30:00+08:00
2211d93d-13d6-4527-9169-17a17c9673fb,M-1079,SESS-20260725-2841-0027,RENTAL_ACCRUAL,12,430,2026-07-25T16:30:00+08:00
c6d59dd7-1d25-4243-b500-5c88cf4bc6a5,M-1433,SESS-20260725-3822-0028,RENTAL_ACCRUAL,15,143,2026-07-25T16:00:00+08:00
133c7dfb-ab20-4f0e-92bc-60987bb40e6b,M-1277,SESS-20260725-3007-0029,RENTAL_ACCRUAL,28,2820,2026-07-25T18:00:00+08:00
19ce0bb8-8d02-4528-b4f3-a9bef6e4bccc,M-1232,SESS-20260725-3723-0030,RENTAL_ACCRUAL,5,342,2026-07-25T18:45:00+08:00
75a0d8e9-85f3-460a-8670-37f6f33c06f4,M-1699,SESS-20260725-4879-0031,RENTAL_ACCRUAL,11,194,2026-07-26T01:15:00+08:00
88caea32-ebea-4f13-82b3-a9eeadec1abd,M-1337,SESS-20260725-6658-0032,RENTAL_REDEMPTION,-100,273,2026-07-25T13:45:00+08:00
0e5f88ba-cbf8-4c69-a6a1-e60da61213c5,M-1337,SESS-20260725-6658-0032,RENTAL_ACCRUAL,10,283,2026-07-25T16:45:00+08:00
d15e9825-2326-40f8-95b0-4e72e4491f07,M-1997,SESS-20260725-3481-0033,RENTAL_ACCRUAL,15,70,2026-07-26T00:50:00+08:00
09bad709-9f04-4b68-a374-720d78c5edc6,M-1528,SESS-20260725-8561-0034,RENTAL_ACCRUAL,11,162,2026-07-25T20:30:00+08:00
dc5962a8-d30f-4a51-86bd-b1ef6d6bad50,M-1669,SESS-20260725-9011-0035,RENTAL_ACCRUAL,5,190,2026-07-25T22:30:00+08:00
a4410724-2e08-406f-9ab9-98078797267e,M-1070,SESS-20260725-6953-0036,RENTAL_ACCRUAL,45,140,2026-07-26T01:15:00+08:00
fbfd6abc-0488-4074-9bb7-3fa73e5a18a7,M-1259,SESS-20260725-9544-0037,RENTAL_ACCRUAL,18,301,2026-07-25T10:00:00+08:00
2ae9c129-6274-444a-ad3e-502a39dcf33d,M-1698,SESS-20260725-9410-0038,RENTAL_ACCRUAL,16,317,2026-07-26T00:15:00+08:00
22a8ee8a-c746-434d-84f3-4323c0af3896,M-1854,SESS-20260725-8387-0039,RENTAL_ACCRUAL,36,117,2026-07-26T01:00:00+08:00
9a2d5343-bb85-4f70-9704-e75db4a0bd9e,M-1597,SESS-20260725-5545-0040,RENTAL_ACCRUAL,5,96,2026-07-25T23:35:00+08:00
3653a720-af3f-4426-ab2f-39aadb7160d9,M-1364,SESS-20260725-1822-0041,RENTAL_ACCRUAL,28,971,2026-07-25T18:00:00+08:00
8b0b89ff-5f07-4e4b-a819-3749d4c69e94,M-1249,SESS-20260725-4463-0042,RENTAL_ACCRUAL,45,163,2026-07-26T02:45:00+08:00
642bc1a0-5e17-4a2a-ba54-0f046f4d8af3,M-1139,SESS-20260725-8732-0043,RENTAL_REDEMPTION,-200,61,2026-07-25T22:00:00+08:00
50bad168-f842-426b-8922-d8fc601611a8,M-1139,SESS-20260725-8732-0043,RENTAL_ACCRUAL,59,120,2026-07-26T06:00:00+08:00
d2fa1829-54e8-4bbc-b06f-0ad61f7d3646,M-2101,SESS-20260725-3710-0044,RENTAL_ACCRUAL,5,70,2026-07-25T23:45:00+08:00
5bdf8c1a-300e-46aa-86eb-12548a76a7ac,M-1516,SESS-20260725-9394-0045,RENTAL_ACCRUAL,45,291,2026-07-25T09:00:00+08:00
a3b5f3e1-d67a-4daa-9fff-e3a752194c74,M-1242,SESS-20260725-5844-0046,RENTAL_ACCRUAL,18,240,2026-07-25T23:15:00+08:00
ef0e12ae-9520-4008-9f0e-fe7d549a4a27,M-1081,SESS-20260725-8644-0047,RENTAL_ACCRUAL,11,291,2026-07-25T19:00:00+08:00
a8cbb121-8e97-4b99-8e8a-3c24c952af0e,M-1526,SESS-20260725-2854-0048,RENTAL_ACCRUAL,11,804,2026-07-25T22:15:00+08:00
fc8fdae3-eb69-4978-b576-1f8717f0ea6e,M-1080,SESS-20260725-7976-0049,RENTAL_ACCRUAL,27,247,2026-07-25T23:15:00+08:00
c097b89a-afcb-487f-9d41-8ceb986cf6d6,M-1913,SESS-20260725-8586-0050,RENTAL_ACCRUAL,25,105,2026-07-26T04:00:00+08:00
1f54d712-ef6c-46e4-b8a8-cc699d8f6f3e,M-1016,SESS-20260725-2414-0051,RENTAL_ACCRUAL,11,155,2026-07-25T20:30:00+08:00
611275a7-3b28-4278-bf4d-6b25ec037960,M-1737,SESS-20260725-2592-0052,RENTAL_ACCRUAL,28,89,2026-07-25T20:30:00+08:00
04a90dda-fa24-4e9f-8d27-6a34e51ec389,M-1180,SESS-20260725-4116-0053,RENTAL_ACCRUAL,6,857,2026-07-25T13:15:00+08:00
5cbe5587-cee3-44f0-8838-7ea2aa47a744,M-1199,SESS-20260725-9650-0054,RENTAL_ACCRUAL,27,344,2026-07-25T18:30:00+08:00
1923b40b-52df-49a6-9da8-837f47ec43e7,M-1827,SESS-20260725-3072-0055,RENTAL_ACCRUAL,5,218,2026-07-25T22:30:00+08:00
0b3dab3d-c7aa-4ae2-986f-2f1fa2c2c645,M-1190,SESS-20260725-8611-0056,RENTAL_ACCRUAL,28,168,2026-07-25T20:00:00+08:00
9c0bed7c-3d62-43ac-9c07-e2f435f97bcd,M-1268,SESS-20260725-2516-0057,RENTAL_REDEMPTION,-100,0,2026-07-25T18:50:00+08:00
a44eda8f-f59f-4576-a15c-ef1f2c27441e,M-1268,SESS-20260725-2516-0057,RENTAL_ACCRUAL,5,5,2026-07-25T20:50:00+08:00
cec20650-0641-4916-b47c-0237a5377bf5,M-1421,SESS-20260725-2500-0058,RENTAL_ACCRUAL,18,535,2026-07-25T16:45:00+08:00
9535604a-1028-4447-a503-4e9e0f441cc0,M-1369,SESS-20260725-1447-0059,RENTAL_ACCRUAL,5,200,2026-07-25T23:15:00+08:00
f4822ce7-5898-4880-84d9-834e244ce2b6,M-1186,SESS-20260725-1940-0060,RENTAL_ACCRUAL,16,444,2026-07-25T11:05:00+08:00
75bd458a-8a32-4c51-8a6f-99584bdddffe,M-1469,SESS-20260725-8163-0061,RENTAL_ACCRUAL,11,148,2026-07-25T18:45:00+08:00
fa979a29-2633-442f-b9ca-bc4033faddf3,M-1407,SESS-20260725-4809-0062,RENTAL_ACCRUAL,18,359,2026-07-25T17:30:00+08:00
fd7b6bcb-689e-4dab-988d-134a2fdf4513,M-1473,SESS-20260725-2289-0063,RENTAL_ACCRUAL,11,247,2026-07-25T23:40:00+08:00
a14e3002-5e61-489b-a651-c80cbdc2567e,M-1524,SESS-20260725-6453-0064,RENTAL_ACCRUAL,28,227,2026-07-25T22:45:00+08:00
635fddb0-1932-43cb-ad1c-5a80611cd0c3,M-1644,SESS-20260725-5798-0065,RENTAL_ACCRUAL,18,98,2026-07-26T00:30:00+08:00
b32e6bb8-be5b-4814-b965-7453b3bc2133,M-1345,SESS-20260725-7394-0066,RENTAL_ACCRUAL,27,207,2026-07-26T00:15:00+08:00
baec9c27-cb7c-4e80-a311-840434b7f373,M-1521,SESS-20260725-6471-0067,RENTAL_REDEMPTION,-100,274,2026-07-25T06:30:00+08:00
9793a9a2-bf9f-4bb1-9425-427f6924de9d,M-1521,SESS-20260725-6471-0067,RENTAL_ACCRUAL,4,278,2026-07-25T08:30:00+08:00
84122514-601e-4997-823b-4ec4c4167310,M-1045,SESS-20260725-9279-0068,RENTAL_ACCRUAL,27,145,2026-07-25T20:45:00+08:00
edfdbb95-f2ca-4247-8659-6fce6a2ec39c,M-2142,SESS-20260725-7984-0069,RENTAL_ACCRUAL,5,170,2026-07-25T14:15:00+08:00
28b2e2c2-499e-4ba2-baa3-c112de234f6f,M-1618,SESS-20260725-8435-0070,RENTAL_ACCRUAL,9,267,2026-07-25T13:00:00+08:00
b344539a-2c98-4a0c-b63f-55a8ecad1f56,M-1804,SESS-20260725-1633-0071,RENTAL_ACCRUAL,11,206,2026-07-25T23:15:00+08:00
4e2aca3c-9d25-43d1-bf67-cd5b159a58d3,M-1646,SESS-20260725-1039-0072,RENTAL_ACCRUAL,16,120,2026-07-25T14:15:00+08:00
4cda9595-b8a1-46cc-9e64-f51bc3c40b95,M-1500,SESS-20260725-6033-0073,RENTAL_ACCRUAL,19,359,2026-07-25T22:00:00+08:00
3b2d2264-e2cf-4774-a520-19aa9e8d84a2,M-1989,SESS-20260725-6575-0074,RENTAL_ACCRUAL,60,139,2026-07-25T17:30:00+08:00
bfe9a7c9-e03b-4faf-9aa3-90139577b3ea,M-1833,SESS-20260725-8724-0075,RENTAL_REDEMPTION,-100,79,2026-07-25T21:00:00+08:00
9c840d3a-2c8e-4c98-a5bf-0b8ab295547f,M-1833,SESS-20260725-8724-0075,RENTAL_ACCRUAL,2,81,2026-07-25T22:00:00+08:00
897e3fcd-8d8e-4c66-93a1-6df9f21025b0,M-1142,SESS-20260725-4452-0076,RENTAL_ACCRUAL,18,537,2026-07-25T15:15:00+08:00
82ac9e21-0605-4d62-a6de-a5c26495d8cd,M-1027,SESS-20260725-6972-0077,RENTAL_ACCRUAL,16,407,2026-07-25T19:00:00+08:00
4e8e2831-4f97-48db-97ee-c498b53f353d,M-1260,SESS-20260725-2442-0078,RENTAL_REDEMPTION,-400,127,2026-07-25T21:30:00+08:00
0e1bf882-6ab3-49c3-916d-830110ca2fe4,M-1260,SESS-20260725-2442-0078,RENTAL_ACCRUAL,15,142,2026-07-26T00:30:00+08:00
72ff5aa3-6589-4c15-8f4e-146c6c18bead,M-1260,TIER_UPGRADE_Silver_TO_Gold,TIER_BONUS,100,242,2026-07-26T00:30:00+08:00
dbcbe628-4901-4145-8cc1-9868b65b495f,M-1411,SESS-20260725-3034-0079,RENTAL_ACCRUAL,6,431,2026-07-25T17:30:00+08:00
2a0e5fbc-e4b6-4e44-934f-93c741aedb2f,M-1235,SESS-20260725-9345-0080,RENTAL_REDEMPTION,-500,344,2026-07-25T12:30:00+08:00
5fd3537a-d9ea-4d15-a226-93fadf14299b,M-1235,SESS-20260725-9345-0080,RENTAL_ACCRUAL,10,354,2026-07-25T17:30:00+08:00
c5e711cc-08cf-417b-ac64-bb0f54e25a4d,M-1782,SESS-20260725-7444-0081,RENTAL_REDEMPTION,-300,383,2026-07-25T22:30:00+08:00
931499d3-e941-45c2-929a-60ddfe6c43a7,M-1782,SESS-20260725-7444-0081,RENTAL_ACCRUAL,7,390,2026-07-26T03:30:00+08:00
481fc246-3d35-4128-abcd-ab333e199118,M-1142,SESS-20260725-8944-0082,RENTAL_ACCRUAL,11,548,2026-07-25T19:45:00+08:00
080592ba-ba85-44d1-a9af-378de8a2d314,M-2091,SESS-20260725-5622-0083,RENTAL_ACCRUAL,24,154,2026-07-25T18:15:00+08:00
b4a36d30-36c9-44b0-926c-a766a342b4db,M-1688,SESS-20260725-5084-0084,RENTAL_ACCRUAL,18,419,2026-07-26T00:00:00+08:00
0d4acf0c-08f5-4228-9753-08096003c21b,M-1421,SESS-20260725-8479-0085,RENTAL_ACCRUAL,5,540,2026-07-25T23:45:00+08:00
c427a0d8-740a-4473-b779-94092193fd8a,M-1936,SESS-20260725-2064-0086,RENTAL_ACCRUAL,5,181,2026-07-25T23:30:00+08:00
d6749f7c-40c0-41e7-b67f-a72aef022f86,M-1798,SESS-20260725-4968-0087,RENTAL_ACCRUAL,16,404,2026-07-26T00:45:00+08:00
129e65f8-6a00-4a24-9d12-65b30404bc57,M-1664,SESS-20260725-2891-0088,RENTAL_ACCRUAL,19,2493,2026-07-26T00:15:00+08:00
e3ebe024-92c5-4854-90e4-e0996fef3f9a,M-1306,SESS-20260725-4658-0089,RENTAL_ACCRUAL,45,295,2026-07-26T05:45:00+08:00
0bd1ce55-1ab3-4dc5-9489-ddabcba391a6,M-2062,SESS-20260725-9549-0090,RENTAL_ACCRUAL,5,96,2026-07-26T00:30:00+08:00
367b5cc8-ad40-4bd8-9b61-4e21592f536c,M-1457,SESS-20260725-6842-0091,RENTAL_ACCRUAL,9,234,2026-07-25T19:45:00+08:00
3b0b3369-5b3e-455c-aee7-718ae90ca7ed,M-1148,SESS-20260725-1667-0092,RENTAL_REDEMPTION,-100,123,2026-07-25T15:00:00+08:00
1c50af57-a698-45e0-9f75-5b79b0cadb17,M-1148,SESS-20260725-1667-0092,RENTAL_ACCRUAL,61,184,2026-07-25T20:00:00+08:00
d73ca045-1e75-4cf4-b4a1-7d597cbd8459,M-1530,SESS-20260725-9261-0093,RENTAL_ACCRUAL,12,463,2026-07-25T16:45:00+08:00
545fffd7-5a49-494c-8370-3612d393a396,M-1269,SESS-20260725-1512-0094,RENTAL_REDEMPTION,-100,145,2026-07-25T15:45:00+08:00
fa0c48f6-4419-44a9-9412-6960a431a836,M-1269,SESS-20260725-1512-0094,RENTAL_ACCRUAL,21,166,2026-07-25T20:45:00+08:00
f2fc5d45-bdcf-4d95-a83e-111560018c5d,M-1320,SESS-20260725-5904-0095,RENTAL_ACCRUAL,11,843,2026-07-26T00:15:00+08:00
d5e4be82-3dd1-4547-aac2-d8281056097d,M-1743,SESS-20260725-6427-0096,RENTAL_ACCRUAL,11,397,2026-07-25T19:45:00+08:00
7ed4e45d-cb94-48d5-b331-d11b25765d91,M-1179,SESS-20260725-1039-0097,RENTAL_REDEMPTION,-100,283,2026-07-25T11:20:00+08:00
c5f6c918-45c3-4bd8-840a-2d2a51c70a5b,M-1179,SESS-20260725-1039-0097,RENTAL_ACCRUAL,10,293,2026-07-25T14:20:00+08:00
bbfb7487-58f0-42ca-9262-3e401cd419e4,M-1837,SESS-20260725-1888-0098,RENTAL_ACCRUAL,27,55,2026-07-25T22:45:00+08:00
a1bae344-7e8b-4e2c-86c3-2f3dfd4a2059,M-1399,SESS-20260725-1633-0099,RENTAL_ACCRUAL,27,168,2026-07-25T22:45:00+08:00
0c07a0a7-6f76-4b17-9a63-73de49c3e358,M-1062,SESS-20260725-6442-0100,RENTAL_ACCRUAL,27,388,2026-07-25T20:15:00+08:00
bbf5e3c7-83f8-409c-9a7e-19facc6b98a8,M-1140,SESS-20260725-3260-0101,RENTAL_ACCRUAL,67,324,2026-07-25T19:30:00+08:00
84d3098a-9072-46fb-b992-321f65a81ad3,M-1334,SESS-20260725-2412-0102,RENTAL_REDEMPTION,-100,259,2026-07-25T20:15:00+08:00
a15faa8f-758d-40cd-956f-471b62198bb7,M-1334,SESS-20260725-2412-0102,RENTAL_ACCRUAL,10,269,2026-07-25T23:15:00+08:00
871a1496-af03-479a-a981-0cb917b4dd4b,M-2099,SESS-20260725-4023-0103,RENTAL_ACCRUAL,24,153,2026-07-25T22:30:00+08:00
121758f1-988a-42e1-a6eb-1fad41587cde,M-1767,SESS-20260725-5068-0104,RENTAL_ACCRUAL,11,298,2026-07-25T16:00:00+08:00
3d64798a-f8d6-47dc-8b3f-d58703d30512,M-1235,SESS-20260725-7786-0105,RENTAL_REDEMPTION,-200,154,2026-07-25T21:45:00+08:00
426e7c9c-606b-43c1-bd30-9d3493097580,M-1235,SESS-20260725-7786-0105,RENTAL_ACCRUAL,4,158,2026-07-25T23:45:00+08:00
f3543266-a706-4aab-adac-becbeb251931,M-1788,SESS-20260725-8158-0106,RENTAL_ACCRUAL,11,367,2026-07-25T18:05:00+08:00
7d06d6c9-2a15-41ab-9fde-e79ec4823560,M-1017,SESS-20260725-7626-0107,RENTAL_ACCRUAL,5,206,2026-07-25T19:20:00+08:00
525daba4-5b4b-4bd1-a6e5-29de576e180a,M-1490,SESS-20260725-7689-0108,RENTAL_ACCRUAL,40,84,2026-07-26T01:00:00+08:00
32eeacd9-6426-4a3d-b80f-9a1bd9803ac9,M-1368,SESS-20260725-6275-0109,RENTAL_REDEMPTION,-100,72,2026-07-25T23:40:00+08:00
4fa1923a-3838-4a5b-9517-37fe69853c86,M-1368,SESS-20260725-6275-0109,RENTAL_ACCRUAL,10,82,2026-07-26T02:40:00+08:00
fdcf5ce5-b04b-4b20-a8c8-ccb57641072e,M-1584,SESS-20260725-6351-0110,RENTAL_REDEMPTION,-100,40,2026-07-25T21:15:00+08:00
0f479429-0d14-4948-8a85-ad536f52d894,M-1584,SESS-20260725-6351-0110,RENTAL_ACCRUAL,20,60,2026-07-26T00:15:00+08:00
9f5ce6e6-c082-4a4b-a5fe-5bd74aaee020,M-1353,SESS-20260725-3574-0111,RENTAL_ACCRUAL,11,425,2026-07-25T20:30:00+08:00
f28d8bec-c23d-4d9a-8b5c-a9c355f1769c,M-1498,SESS-20260725-6624-0112,RENTAL_ACCRUAL,28,338,2026-07-26T01:30:00+08:00
02f45ef4-f2d6-4a3a-9be0-85d68246c52c,M-1108,SESS-20260725-1619-0113,RENTAL_ACCRUAL,11,195,2026-07-25T21:30:00+08:00
c3a715f2-54ab-416c-8cd7-9475ba2fb455,M-1828,SESS-20260725-3637-0114,RENTAL_ACCRUAL,11,183,2026-07-26T01:30:00+08:00
803a8231-3576-4b5f-b054-b44d22d0943e,M-1573,SESS-20260725-6853-0115,RENTAL_ACCRUAL,28,547,2026-07-26T03:45:00+08:00
76449629-4797-44a2-a50a-ab3fb7de76e9,M-1131,SESS-20260725-5818-0116,RENTAL_ACCRUAL,45,226,2026-07-26T01:30:00+08:00
a40699d2-626d-4a33-bae1-37a3c49118d8,M-1430,SESS-20260725-4890-0117,RENTAL_ACCRUAL,18,1531,2026-07-25T21:30:00+08:00
35978c17-8fdd-4a79-a92a-e75922f5fbac,M-1335,SESS-20260725-6414-0118,RENTAL_ACCRUAL,9,142,2026-07-25T23:30:00+08:00
f34dadbd-d43c-47bf-9810-33b1ccaee359,M-1501,SESS-20260725-1225-0119,RENTAL_REDEMPTION,-100,125,2026-07-25T23:30:00+08:00
cec0757b-25c3-43fe-81f5-0577b57b1092,M-1501,SESS-20260725-1225-0119,RENTAL_ACCRUAL,11,136,2026-07-26T01:30:00+08:00
b7ad21c1-50ff-417f-820f-5579d78a9cc2,M-1127,SESS-20260725-1585-0120,RENTAL_ACCRUAL,18,89,2026-07-26T00:00:00+08:00
4d389e12-c8c0-497b-aec1-a0e44a5bdcd6,M-1636,SESS-20260725-4027-0121,RENTAL_REDEMPTION,-100,1200,2026-07-25T14:45:00+08:00
4fb42c90-b3c8-4aad-9c58-f71b5afdccd2,M-1636,SESS-20260725-4027-0121,RENTAL_ACCRUAL,10,1210,2026-07-25T17:45:00+08:00
4554ae52-0b3d-46d2-b82a-3c2dcdfc5a68,M-1579,SESS-20260725-8309-0122,RENTAL_ACCRUAL,115,2584,2026-07-26T04:15:00+08:00
84a53a92-669b-428c-a317-0d43accbb9e6,M-1058,SESS-20260725-3196-0123,RENTAL_ACCRUAL,18,193,2026-07-26T00:15:00+08:00
ce234239-5ccc-4560-b7e6-b937f5abb130,M-1413,SESS-20260725-7157-0124,RENTAL_ACCRUAL,5,194,2026-07-25T20:25:00+08:00
646a55a7-8bf4-48e1-8311-f51f98cf1d77,M-1599,SESS-20260725-2644-0125,RENTAL_ACCRUAL,11,234,2026-07-26T00:55:00+08:00
6de96312-5b29-4064-8fcd-858cc99d68e0,M-1377,SESS-20260725-8436-0126,RENTAL_ACCRUAL,16,621,2026-07-25T16:45:00+08:00
c6a19999-5258-48f6-be1e-8331f6f8b7ca,M-1010,SESS-20260725-1028-0127,RENTAL_REDEMPTION,-100,96,2026-07-25T23:30:00+08:00
9f080cc0-f317-4a89-93ec-c72ccecddf64,M-1010,SESS-20260725-1028-0127,RENTAL_ACCRUAL,11,107,2026-07-26T01:30:00+08:00
5fae8a4b-4283-4a25-ab1b-04f3f5fd3ab3,M-1147,SESS-20260725-6946-0128,RENTAL_ACCRUAL,11,506,2026-07-25T22:00:00+08:00
53a78ea7-c409-4a8a-abc0-b55056b3657e,M-1061,SESS-20260725-1310-0129,RENTAL_REDEMPTION,-100,130,2026-07-25T23:00:00+08:00
2dc366ee-779d-4ee3-8867-672b8ea8ab54,M-1061,SESS-20260725-1310-0129,RENTAL_ACCRUAL,34,164,2026-07-26T02:00:00+08:00
a3d1f9f7-ecc3-4288-8283-3d188cbc6e07,M-1689,SESS-20260725-1607-0130,RENTAL_ACCRUAL,18,145,2026-07-25T12:00:00+08:00
8ba49f33-1c98-4b3d-b382-78f228718c14,M-1751,SESS-20260725-1122-0131,RENTAL_ACCRUAL,27,393,2026-07-26T01:15:00+08:00
7a366fab-3cb5-44d8-9a4c-afa92c7cf03a,M-1772,SESS-20260725-3854-0132,RENTAL_ACCRUAL,11,127,2026-07-25T15:45:00+08:00
2a152ca0-5617-419c-aeff-6d87f37c9aab,M-1076,SESS-20260725-9970-0133,RENTAL_ACCRUAL,27,367,2026-07-25T22:00:00+08:00
a9e583d2-d68e-4dd7-82ef-a908eff0d2be,M-1726,SESS-20260725-7190-0134,RENTAL_ACCRUAL,27,158,2026-07-25T19:00:00+08:00
63d915b5-d7f7-4623-82e5-3ecd1768e1ed,M-1239,SESS-20260725-3229-0135,RENTAL_REDEMPTION,-200,38,2026-07-25T02:15:00+08:00
df9a6046-0988-4933-9f58-54eb80ce3c22,M-1239,SESS-20260725-3229-0135,RENTAL_ACCRUAL,4,42,2026-07-25T05:15:00+08:00
26b6e29b-be42-4c92-a3f9-25a94d302295,M-1081,SESS-20260725-6108-0136,RENTAL_ACCRUAL,5,296,2026-07-25T23:05:00+08:00
fb07f352-093f-4458-8332-4aea30fb1db6,M-1481,SESS-20260725-3800-0137,RENTAL_ACCRUAL,13,202,2026-07-25T23:10:00+08:00
ed785088-4f3d-4118-ac7d-0cba91751f3d,M-1077,SESS-20260725-2681-0138,RENTAL_ACCRUAL,11,405,2026-07-25T17:45:00+08:00
b928e66f-d889-46a1-b9a1-bcc366c6bff6,M-1823,SESS-20260725-1035-0139,RENTAL_ACCRUAL,16,592,2026-07-25T17:15:00+08:00
5c2e5bdb-27fc-4d7d-b312-f2636d140395,M-1517,SESS-20260725-4293-0140,RENTAL_ACCRUAL,45,61,2026-07-26T00:10:00+08:00
b904ece1-bd2b-45f2-89b2-65d1e98c628f,M-1224,SESS-20260725-9724-0141,RENTAL_ACCRUAL,13,187,2026-07-25T19:40:00+08:00
5a6435e3-8258-4924-b7f3-93ceb94254af,M-1594,SESS-20260725-2897-0142,RENTAL_ACCRUAL,40,236,2026-07-25T06:45:00+08:00
a83f0c88-afdd-4f64-b6bf-e28538c5ab05,M-1278,SESS-20260725-8374-0143,RENTAL_ACCRUAL,28,303,2026-07-26T01:45:00+08:00
91d5c019-e5c2-415b-a3bb-9efa669b842b,M-1082,SESS-20260725-1348-0144,RENTAL_ACCRUAL,5,323,2026-07-25T09:15:00+08:00
39160d1c-7f95-4476-a974-ce49aa5e84ef,M-1101,SESS-20260725-2531-0145,RENTAL_REDEMPTION,-100,263,2026-07-25T20:15:00+08:00
2171516c-ea03-4760-8bc8-db3015033e82,M-1101,SESS-20260725-2531-0145,RENTAL_ACCRUAL,20,283,2026-07-25T23:15:00+08:00
7e8ab8ae-6317-4b90-8ac2-85fa2bcdc1ef,M-1101,TIER_UPGRADE_Silver_TO_Gold,TIER_BONUS,100,383,2026-07-25T23:15:00+08:00
5f62d241-61e5-4d21-98ae-20ea24981eed,M-1387,SESS-20260725-6328-0146,RENTAL_ACCRUAL,18,271,2026-07-26T01:00:00+08:00
2dca0e40-0c1f-448c-b656-20f09d166eeb,M-2143,SESS-20260725-5168-0147,RENTAL_REDEMPTION,-200,0,2026-07-25T17:50:00+08:00
02b0decc-f15f-45ff-9d7d-b2db80270e70,M-1488,SESS-20260725-9793-0148,RENTAL_REDEMPTION,-100,539,2026-07-25T19:30:00+08:00
c7b82038-65bb-4404-ac43-f2bbbfef0ef0,M-1488,SESS-20260725-9793-0148,RENTAL_ACCRUAL,5,544,2026-07-25T21:30:00+08:00
34dc40c9-d883-49d0-b2f2-5262f4372b3c,M-1626,SESS-20260725-5858-0149,RENTAL_ACCRUAL,16,198,2026-07-25T20:00:00+08:00
07d70385-a8ef-453a-bbf6-dfe8f735b9af,M-1266,SESS-20260725-5674-0150,RENTAL_ACCRUAL,28,342,2026-07-26T00:45:00+08:00
d1ad1097-6542-4e89-bec5-4e68898b0fd0,M-1171,SESS-20260725-6329-0151,RENTAL_REDEMPTION,-100,0,2026-07-25T19:00:00+08:00
c1eb65ec-7490-4956-b826-0421f86c784d,M-1171,SESS-20260725-6329-0151,RENTAL_ACCRUAL,21,21,2026-07-26T00:00:00+08:00
b7ed1aa4-bdc4-4f52-9dd6-7d6e3079a731,M-1978,SESS-20260725-5163-0152,RENTAL_ACCRUAL,10,83,2026-07-25T14:30:00+08:00
897bbfd9-803f-4c3f-9eeb-ef0e0efed693,M-1802,SESS-20260725-7856-0153,RENTAL_ACCRUAL,11,325,2026-07-26T00:30:00+08:00
3b5e5618-318f-40b5-85f7-8221870cddf7,M-1836,SESS-20260725-7842-0154,RENTAL_ACCRUAL,45,464,2026-07-25T22:00:00+08:00
86c54542-7ee4-4a4f-835e-9ee4368aea7f,M-1615,SESS-20260725-6197-0155,RENTAL_ACCRUAL,11,416,2026-07-25T16:45:00+08:00
eb15a3ed-ad23-4dbe-8c46-e92f6e08f2ea,M-1717,SESS-20260725-4234-0156,RENTAL_ACCRUAL,28,409,2026-07-25T22:15:00+08:00
ad345b24-b7ef-42e6-8379-8445604587ad,M-1452,SESS-20260725-1683-0157,RENTAL_ACCRUAL,11,195,2026-07-26T00:30:00+08:00
15d58af7-881e-4363-8091-f03db001c5e3,M-2106,SESS-20260725-7469-0158,RENTAL_ACCRUAL,12,176,2026-07-25T20:50:00+08:00
abfc56f2-1d99-4c34-8a9b-1f2b0f74b813,M-1039,SESS-20260725-9155-0159,RENTAL_ACCRUAL,72,372,2026-07-26T04:45:00+08:00
530b8097-6383-44e1-9d1d-86ac8ab59c82,M-1815,SESS-20260725-3808-0160,RENTAL_ACCRUAL,60,75,2026-07-25T19:30:00+08:00
3cd26dac-7e37-41ee-8760-112a36830fbd,M-1815,TIER_UPGRADE_Standard_TO_Silver,TIER_BONUS,50,125,2026-07-25T19:30:00+08:00
b6cc025a-440d-4848-9c21-e8ab6ab2c99e,M-1388,SESS-20260725-1724-0161,RENTAL_ACCRUAL,5,211,2026-07-25T22:30:00+08:00
de20fe8e-58a4-4115-839e-8e4f9115d03b,M-1630,SESS-20260725-8770-0162,RENTAL_REDEMPTION,-100,447,2026-07-25T23:45:00+08:00
0743b8a0-2c87-4973-84bd-1c009797d1d3,M-1630,SESS-20260725-8770-0162,RENTAL_ACCRUAL,4,451,2026-07-26T01:45:00+08:00
bd4581af-c4bb-49d5-9567-0031c83c2231,M-1575,SESS-20260725-6001-0163,RENTAL_REDEMPTION,-300,32,2026-07-25T19:15:00+08:00
0bb2b061-3e8c-4554-9872-8066cf29ac17,M-1575,SESS-20260725-6001-0163,RENTAL_ACCRUAL,9,41,2026-07-26T00:15:00+08:00
d007bc54-0f89-43f5-9905-95c194320c4f,M-1397,SESS-20260725-4230-0164,RENTAL_ACCRUAL,28,351,2026-07-25T22:45:00+08:00
2b8b1cd3-0051-4e2c-a5fb-ec4710db2605,M-2079,SESS-20260725-9975-0165,RENTAL_ACCRUAL,9,240,2026-07-25T07:15:00+08:00
b4ad91da-712b-4031-9a9f-54a63614ae62,M-1170,SESS-20260725-2829-0166,RENTAL_ACCRUAL,45,125,2026-07-25T22:00:00+08:00
1d751085-0a53-4f58-a45f-b65967e7e3b3,M-1506,SESS-20260725-1818-0167,RENTAL_REDEMPTION,-300,133,2026-07-25T20:40:00+08:00
56ae6131-eed5-423f-924f-991cfdd0ad95,M-1506,SESS-20260725-1818-0167,RENTAL_ACCRUAL,26,159,2026-07-26T04:40:00+08:00
120ec5ee-42d9-4512-a76d-85cfcb41cf44,M-1886,SESS-20260725-7312-0168,RENTAL_ACCRUAL,10,48,2026-07-25T18:00:00+08:00
b303946a-3112-44bb-b6de-f2b01802c7f2,M-1238,SESS-20260725-7000-0169,RENTAL_REDEMPTION,-100,234,2026-07-25T22:20:00+08:00
68be06b0-1c68-4fb1-a4fa-8335a116b5e3,M-1238,SESS-20260725-7000-0169,RENTAL_ACCRUAL,5,239,2026-07-26T00:20:00+08:00
0d31058a-3c19-40eb-8500-d6eaaa8633f8,M-1756,SESS-20260725-3269-0170,RENTAL_ACCRUAL,6,1477,2026-07-25T19:00:00+08:00
0c6f8180-14cd-48a4-92d1-7afe0a4c7222,M-1041,SESS-20260725-3729-0171,RENTAL_ACCRUAL,43,930,2026-07-25T16:15:00+08:00
5810dcea-5331-46e7-af01-7fbe264c1276,M-1469,SESS-20260725-3657-0172,RENTAL_ACCRUAL,18,166,2026-07-26T00:50:00+08:00
5c980700-0880-4a54-97c4-e7588c0ab091,M-1073,SESS-20260725-7616-0173,RENTAL_ACCRUAL,5,192,2026-07-25T19:30:00+08:00
edf3fe18-938e-472c-879c-765ec126a945,M-1816,SESS-20260725-6098-0174,RENTAL_ACCRUAL,11,99,2026-07-25T23:35:00+08:00
ee980a4b-fa2b-4f01-bcef-34a671c15d0b,M-1144,SESS-20260725-8624-0175,RENTAL_ACCRUAL,5,260,2026-07-26T00:00:00+08:00
6fb0b498-6b25-476a-9942-51349066ec64,M-1007,SESS-20260725-8720-0176,RENTAL_ACCRUAL,11,359,2026-07-26T01:30:00+08:00
a1b9b49c-6da0-46e1-b147-01ed1eb5de3f,M-1158,SESS-20260725-3494-0177,RENTAL_ACCRUAL,5,89,2026-07-25T20:45:00+08:00
59de2845-22c8-4089-abee-ff2ceb25491d,M-1950,SESS-20260725-6593-0178,RENTAL_ACCRUAL,8,26,2026-07-25T22:30:00+08:00
6191ed07-db0b-43e1-b9a9-4cd889d902f4,M-1537,SESS-20260725-6886-0179,RENTAL_REDEMPTION,-100,218,2026-07-25T21:00:00+08:00
86b16049-b102-4f4b-bb11-919d7c14d632,M-1537,SESS-20260725-6886-0179,RENTAL_ACCRUAL,5,223,2026-07-25T23:00:00+08:00
181001a6-7f2b-42af-9e28-1e66c4402259,M-1174,SESS-20260725-1740-0180,RENTAL_ACCRUAL,16,197,2026-07-25T23:55:00+08:00
403aef99-2732-40ab-93a2-d27567af7dcd,M-1305,SESS-20260725-6867-0181,RENTAL_ACCRUAL,27,280,2026-07-25T23:05:00+08:00
afcf8c78-3bad-46d3-a894-ddea7b1a4b04,M-1028,SESS-20260725-5172-0182,RENTAL_ACCRUAL,18,113,2026-07-26T01:00:00+08:00
488f9045-107d-4246-8693-4c5daa0d9fe4,M-1445,SESS-20260725-2849-0183,RENTAL_ACCRUAL,18,127,2026-07-25T18:15:00+08:00
c33cd4f1-43b7-4896-88a1-65a854544899,M-1685,SESS-20260725-5329-0184,RENTAL_ACCRUAL,5,192,2026-07-25T21:15:00+08:00
9fd73485-bcab-4e48-9872-9674f0325522,M-1932,SESS-20260725-8138-0185,RENTAL_ACCRUAL,5,46,2026-07-25T20:10:00+08:00
23bd51fe-f871-4510-9db3-f9f2b22fea49,M-1800,SESS-20260725-4773-0186,RENTAL_ACCRUAL,16,471,2026-07-26T02:10:00+08:00
0ac212a2-6e4e-45a3-bcb0-aef90401aad4,M-1251,SESS-20260725-6363-0187,RENTAL_ACCRUAL,11,305,2026-07-26T00:30:00+08:00
c6492549-18d7-4ce2-898b-1b0466d98e26,M-1895,SESS-20260725-2259-0188,RENTAL_ACCRUAL,36,260,2026-07-26T02:30:00+08:00
494174c5-0acb-4d9b-ac24-282f4a6c8014,M-1744,SESS-20260725-8591-0189,RENTAL_ACCRUAL,16,532,2026-07-25T17:30:00+08:00
8b653458-a0e1-4afa-93a7-acbc57c38bc0,M-1478,SESS-20260725-3570-0190,RENTAL_REDEMPTION,-300,86,2026-07-25T16:30:00+08:00
bea0d768-1929-4d7c-ab61-aa4311e7ea1f,M-1478,SESS-20260725-3570-0190,RENTAL_ACCRUAL,21,107,2026-07-25T19:30:00+08:00
87378485-2451-4ec6-95f0-679db57eea17,M-1227,SESS-20260725-6323-0191,RENTAL_ACCRUAL,11,122,2026-07-25T20:45:00+08:00
4b8e1ce7-cf1a-44b7-ac2d-3d3276291dcd,M-1587,SESS-20260725-2136-0192,RENTAL_ACCRUAL,18,835,2026-07-25T19:10:00+08:00
28d9b0e1-2c64-461f-bfc2-537eeaf5f984,M-1449,SESS-20260725-2657-0193,RENTAL_ACCRUAL,10,209,2026-07-25T18:45:00+08:00
1725f4c3-8047-4eb0-b196-fedeb3aa5ed7,M-1090,SESS-20260725-2368-0194,RENTAL_ACCRUAL,27,560,2026-07-25T17:45:00+08:00
07a93236-a966-4004-b84c-c75c6a08d67d,M-1460,SESS-20260725-7338-0195,RENTAL_REDEMPTION,-100,214,2026-07-25T19:55:00+08:00
8d51ed1a-6b5c-4d0e-9e7b-bf5e24e27ddb,M-1460,SESS-20260725-7338-0195,RENTAL_ACCRUAL,10,224,2026-07-25T22:55:00+08:00
d216c10e-1113-4b63-9dc6-6d0922030e93,M-1508,SESS-20260725-9972-0196,RENTAL_ACCRUAL,27,570,2026-07-25T19:35:00+08:00
7588e6bd-9ca0-49f8-a549-5f9cc31f7595,M-1775,SESS-20260725-1835-0197,RENTAL_ACCRUAL,12,1188,2026-07-25T19:15:00+08:00
f5109167-73ec-4d4f-a426-c5716cd900e7,M-1230,SESS-20260725-5434-0198,RENTAL_ACCRUAL,5,813,2026-07-25T20:55:00+08:00
738cfaa0-987e-44d1-be11-70116930a3f6,M-1088,SESS-20260725-3854-0199,RENTAL_REDEMPTION,-100,357,2026-07-25T23:10:00+08:00
872b0c65-e7b5-44e1-be37-0c7cdf0c7d04,M-1088,SESS-20260725-3854-0199,RENTAL_ACCRUAL,4,361,2026-07-26T01:10:00+08:00
4ae7af60-6c7d-4de3-b335-f0dcbbbb7111,M-1342,SESS-20260725-6700-0200,RENTAL_ACCRUAL,67,195,2026-07-26T00:30:00+08:00
43a94bf4-2bf5-4bda-b61e-4e3c7498c442,M-1628,SESS-20260725-4970-0201,RENTAL_ACCRUAL,18,239,2026-07-25T22:30:00+08:00
53186df1-c976-4179-a1aa-68d9c5d9b035,M-1225,SESS-20260725-5669-0202,RENTAL_ACCRUAL,9,70,2026-07-26T00:35:00+08:00
d664d844-05f3-4091-9c82-a401d2d91fa2,M-2167,SESS-20260725-1617-0203,RENTAL_ACCRUAL,15,170,2026-07-26T01:45:00+08:00
ee95504f-0ccd-4b5c-b674-87e5f049e62c,M-1756,SESS-20260725-6550-0204,RENTAL_ACCRUAL,28,1505,2026-07-25T22:25:00+08:00
5cdcf9f2-9393-43b4-8d07-eb736e9143af,M-1274,SESS-20260725-1018-0205,RENTAL_ACCRUAL,11,534,2026-07-25T18:30:00+08:00
ab66e9e5-dee3-409c-ab44-fc7b55c9106e,M-1135,SESS-20260725-2270-0206,RENTAL_REDEMPTION,-100,153,2026-07-25T10:15:00+08:00
e858cca4-296e-49c3-b379-e2f186f6a2c7,M-1135,SESS-20260725-2270-0206,RENTAL_ACCRUAL,10,163,2026-07-25T13:15:00+08:00
10758097-a561-4994-b5bf-3308c5ef7b0b,M-1641,SESS-20260725-1597-0207,RENTAL_ACCRUAL,18,219,2026-07-25T22:15:00+08:00
3c0d2b7f-1665-47c8-bc18-2c6caa9810b4,M-1697,SESS-20260725-6387-0208,RENTAL_ACCRUAL,5,514,2026-07-25T16:00:00+08:00
03fb2466-abae-4b75-a3e9-35c3d5a99276,M-1621,SESS-20260725-5572-0209,RENTAL_ACCRUAL,18,416,2026-07-25T20:30:00+08:00
61d5382d-cc8e-460a-838c-6f010b98dfbc,M-1076,SESS-20260725-5467-0210,RENTAL_ACCRUAL,18,385,2026-07-26T00:10:00+08:00
c190add8-401f-400b-8d1a-3e98cb2f0537,M-1262,SESS-20260725-2800-0211,RENTAL_REDEMPTION,-100,81,2026-07-25T23:30:00+08:00
bf8e88e8-b08f-4df9-bca6-fad39b17b83e,M-1262,SESS-20260725-2800-0211,RENTAL_ACCRUAL,20,101,2026-07-26T02:30:00+08:00
4a6b0f26-0b87-4d4c-b7fe-77da31f11d02,M-1250,SESS-20260725-3845-0212,RENTAL_ACCRUAL,27,99,2026-07-25T21:45:00+08:00
692a4f39-fcdc-4240-98c0-92dd19633785,M-1232,SESS-20260725-1876-0213,RENTAL_ACCRUAL,5,347,2026-07-26T00:25:00+08:00
ff0ea3b5-eab1-465d-8c7a-27d78bfbe4cb,M-1341,SESS-20260725-5743-0214,RENTAL_ACCRUAL,15,207,2026-07-26T01:30:00+08:00
8c0f84b7-da9c-4af0-a9ea-3f00b3623d4a,M-1330,SESS-20260725-5742-0215,RENTAL_ACCRUAL,12,3519,2026-07-25T22:45:00+08:00
50347bd3-5548-4493-a37f-2b41886fb987,M-1303,SESS-20260725-2741-0216,RENTAL_ACCRUAL,9,2646,2026-07-25T19:00:00+08:00
38517adb-b669-4ee3-8bf9-6779304d6e1e,M-1102,SESS-20260725-2012-0217,RENTAL_ACCRUAL,16,178,2026-07-26T00:20:00+08:00
e3454f8a-602a-4d3c-9d70-dad3ee933e16,M-2098,SESS-20260725-3544-0218,RENTAL_ACCRUAL,16,60,2026-07-26T00:35:00+08:00
dbcf00d7-df82-423e-9a83-2c414b1b5c0e,M-1272,SESS-20260725-7436-0219,RENTAL_ACCRUAL,19,1288,2026-07-25T15:05:00+08:00
14afd50f-36ef-4520-9f25-441d46522b8c,M-1813,SESS-20260725-3852-0220,RENTAL_ACCRUAL,28,953,2026-07-26T02:30:00+08:00
ffe58d90-36d7-4900-8f17-e34736223c9e,M-2113,SESS-20260725-2695-0221,RENTAL_REDEMPTION,-100,11,2026-07-25T18:40:00+08:00
d185d902-ba89-43cc-9878-addc4760d5e6,M-2113,SESS-20260725-2695-0221,RENTAL_ACCRUAL,5,16,2026-07-25T20:40:00+08:00
d551560d-57fe-483a-8600-5d155c7b2bbe,M-2075,SESS-20260725-3295-0222,RENTAL_ACCRUAL,10,140,2026-07-25T23:45:00+08:00
94ed4077-6942-4482-bb3a-b53048ad4b88,M-1542,SESS-20260725-4646-0223,RENTAL_ACCRUAL,11,256,2026-07-25T23:40:00+08:00
8ca8b054-433e-4bb2-9d7d-e3052aecd502,M-1621,SESS-20260725-7490-0224,RENTAL_ACCRUAL,45,461,2026-07-26T03:40:00+08:00
28bdab51-6ec5-453c-b57f-b3b66f8c8f9c,M-1323,SESS-20260725-6349-0225,RENTAL_REDEMPTION,-100,313,2026-07-25T19:25:00+08:00
62a33853-e704-4574-929d-972611f6c9a2,M-1323,SESS-20260725-6349-0225,RENTAL_ACCRUAL,5,318,2026-07-25T21:25:00+08:00
ed72d380-74d2-415a-bfdf-07a063976b88,M-1747,SESS-20260725-8389-0226,RENTAL_ACCRUAL,18,56,2026-07-25T17:15:00+08:00
c2d4d49c-5311-480b-a1d5-c732269878f8,M-1527,SESS-20260725-7642-0227,RENTAL_ACCRUAL,5,558,2026-07-25T17:45:00+08:00
d8421f15-f361-4a09-961f-a809a7915219,M-1572,SESS-20260725-9393-0228,RENTAL_REDEMPTION,-200,148,2026-07-25T18:00:00+08:00
63a0f39f-b713-42c3-b9d6-b636d64fe3f7,M-1572,SESS-20260725-9393-0228,RENTAL_ACCRUAL,5,153,2026-07-25T20:00:00+08:00
787f01e3-aa48-474a-b69b-e25fb9f90632,M-1935,SESS-20260725-6750-0229,RENTAL_ACCRUAL,15,159,2026-07-26T02:50:00+08:00
32b8d15e-5749-4a7c-8926-792467686866,M-1607,SESS-20260725-3242-0230,RENTAL_ACCRUAL,25,147,2026-07-25T18:45:00+08:00
3e2b137c-5103-400f-9d96-63975d97d2c1,M-1371,SESS-20260725-8251-0231,RENTAL_ACCRUAL,5,293,2026-07-25T12:00:00+08:00
6a0c8ca4-0eaa-49c6-9f97-74a8ac34bc35,M-1538,SESS-20260725-7875-0232,RENTAL_ACCRUAL,40,154,2026-07-25T07:45:00+08:00
2b810e58-378d-4517-a55d-09d5b8b99e3b,M-1413,SESS-20260725-5804-0233,RENTAL_ACCRUAL,16,210,2026-07-26T02:45:00+08:00
1ec6fe2d-2da2-46f6-8b51-e602ac244e5c,M-1106,SESS-20260725-4056-0234,RENTAL_REDEMPTION,-200,190,2026-07-25T15:00:00+08:00
2c85aee5-a49c-4e16-ac8a-426a6f2aa9a9,M-1106,SESS-20260725-4056-0234,RENTAL_ACCRUAL,4,194,2026-07-25T18:00:00+08:00
0a02e627-68c8-48b6-be30-6a67a446629d,M-1530,SESS-20260725-2176-0235,RENTAL_REDEMPTION,-100,363,2026-07-25T17:00:00+08:00
dff5a484-1c16-4bb3-a61b-225088419915,M-1530,SESS-20260725-2176-0235,RENTAL_ACCRUAL,4,367,2026-07-25T19:00:00+08:00
153501da-b450-464a-8841-8bbcaa11b31e,M-2141,SESS-20260725-9647-0236,RENTAL_ACCRUAL,16,122,2026-07-25T22:00:00+08:00
5ec44263-1e5e-4366-8827-83f993653b71,M-1777,SESS-20260725-7462-0237,RENTAL_ACCRUAL,28,323,2026-07-25T17:00:00+08:00
44f7e2bb-bc20-4b77-88e6-c19bbaeec01f,M-1780,SESS-20260725-1429-0238,RENTAL_ACCRUAL,16,235,2026-07-26T02:55:00+08:00
fb74e4e8-0ced-479e-afe9-7f5ec13ea703,M-1905,SESS-20260725-6156-0239,RENTAL_ACCRUAL,24,94,2026-07-25T19:15:00+08:00
354578f4-19ff-458c-85bb-c4bdd7417413,M-2044,SESS-20260725-9238-0240,RENTAL_ACCRUAL,40,78,2026-07-25T23:00:00+08:00
e1ad3ba9-bece-4687-b9fa-3a82e077e7e9,M-1635,SESS-20260725-9777-0241,RENTAL_REDEMPTION,-100,175,2026-07-25T21:30:00+08:00
a26be2ef-bdfc-4978-891e-553c25c4ee1b,M-1635,SESS-20260725-9777-0241,RENTAL_ACCRUAL,20,195,2026-07-26T00:30:00+08:00
e6b4a315-1876-477e-bdaf-730c1f056fb5,M-1783,SESS-20260725-6597-0242,RENTAL_ACCRUAL,72,462,2026-07-26T07:05:00+08:00
981ab053-c2cf-4147-a38d-be68afe5cd0b,M-1722,SESS-20260725-4153-0243,RENTAL_ACCRUAL,18,589,2026-07-26T01:50:00+08:00
f378123d-8e0a-477b-90ef-e62292824a03,M-1337,SESS-20260725-4308-0244,RENTAL_ACCRUAL,12,295,2026-07-25T23:00:00+08:00
da8287be-ce66-4005-8ad7-23de876fc475,M-1499,SESS-20260725-3096-0245,RENTAL_ACCRUAL,11,271,2026-07-25T20:55:00+08:00
ebfbc616-096a-4296-9a0d-71313f34af80,M-2068,SESS-20260725-4215-0246,RENTAL_ACCRUAL,16,96,2026-07-25T23:30:00+08:00
1c117da3-5ec2-4ffa-84ab-38622aaedb31,M-1270,SESS-20260725-7572-0247,RENTAL_ACCRUAL,12,984,2026-07-25T15:25:00+08:00
54f4770a-6b8f-4805-98f9-f080addd7f85,M-1312,SESS-20260725-9629-0248,RENTAL_ACCRUAL,5,383,2026-07-25T05:30:00+08:00
eae0268b-219f-4230-baa6-809864561091,M-1195,SESS-20260725-6906-0249,RENTAL_ACCRUAL,45,336,2026-07-26T02:00:00+08:00
6b85e489-bc67-449f-8ee1-683f01e39282,M-1662,SESS-20260725-3803-0250,RENTAL_ACCRUAL,11,283,2026-07-25T21:30:00+08:00
c58b6405-662f-42dd-b2d3-daa06e75141b,M-1495,SESS-20260725-6775-0251,RENTAL_REDEMPTION,-200,173,2026-07-25T23:20:00+08:00
7eceaa4a-3873-483c-9c20-db6e92a73933,M-1495,SESS-20260725-6775-0251,RENTAL_ACCRUAL,4,177,2026-07-26T02:20:00+08:00
d2ef4b21-dd85-42a9-a69d-dfe59cb461c5,M-1328,SESS-20260725-8830-0252,RENTAL_ACCRUAL,18,327,2026-07-25T22:45:00+08:00
7a0af1e5-e509-480d-8e21-a6246ad3c530,M-1634,SESS-20260725-9135-0253,RENTAL_ACCRUAL,27,313,2026-07-25T05:35:00+08:00
4ee7e146-2201-4dd2-982b-9b209a16101e,M-1248,SESS-20260725-5797-0254,RENTAL_REDEMPTION,-100,211,2026-07-25T18:15:00+08:00
5decdca3-03c1-4efe-ad2c-0053b3664d3f,M-1248,SESS-20260725-5797-0254,RENTAL_ACCRUAL,21,232,2026-07-25T23:15:00+08:00
e0f10b1d-7398-40de-a633-2ae532882f4d,M-1202,SESS-20260725-4567-0255,RENTAL_ACCRUAL,9,1789,2026-07-26T00:45:00+08:00
96219980-a1a1-4512-a6e0-2f91d0915673,M-1683,SESS-20260725-5077-0256,RENTAL_ACCRUAL,14,835,2026-07-25T16:15:00+08:00
5269f7da-1820-4968-a3cf-ff6aa07cf67f,M-1289,SESS-20260725-2528-0257,RENTAL_ACCRUAL,36,93,2026-07-25T18:45:00+08:00
3ad1778e-60f6-46d9-b288-6099d79e667c,M-1108,SESS-20260725-4716-0258,RENTAL_ACCRUAL,108,303,2026-07-26T05:30:00+08:00
2cd05a61-dae8-4c7a-a681-5434dd4c58a5,M-2119,SESS-20260725-9827-0259,RENTAL_ACCRUAL,15,200,2026-07-25T23:30:00+08:00
8b49a55d-5958-45db-b62a-45c5468f7ac3,M-1389,SESS-20260725-9304-0260,RENTAL_ACCRUAL,28,354,2026-07-26T04:15:00+08:00
1cad02e0-d7f4-4c7e-93a5-20c8d8e49746,M-1623,SESS-20260725-9311-0261,RENTAL_ACCRUAL,9,101,2026-07-25T23:45:00+08:00
3e0ed7db-5cd5-4c3d-810f-fedca02a87ff,M-1821,SESS-20260725-7476-0262,RENTAL_ACCRUAL,16,378,2026-07-26T02:35:00+08:00
2627ac3e-e442-4f70-8bd6-8d1639396b30,M-1781,SESS-20260725-8362-0263,RENTAL_ACCRUAL,18,3618,2026-07-26T02:45:00+08:00
77356745-4054-4d06-b1ec-abb92aab5c19,M-1226,SESS-20260725-3465-0264,RENTAL_ACCRUAL,28,1179,2026-07-25T05:35:00+08:00
ab9d562e-2bdc-4ea8-a803-3045cdb8e5e1,M-1912,SESS-20260725-2593-0265,RENTAL_ACCRUAL,15,186,2026-07-25T20:50:00+08:00
bbbde4be-c405-48e6-a8cd-611827912dcd,M-1398,SESS-20260725-4074-0266,RENTAL_ACCRUAL,43,1350,2026-07-26T02:25:00+08:00
18abadf3-e9ae-4e3c-8b4a-2c08c89e4e57,M-1971,SESS-20260725-4776-0267,RENTAL_ACCRUAL,13,188,2026-07-25T20:15:00+08:00
5bb0a9ab-5863-462c-9695-0e9d06ab5a80,M-1557,SESS-20260725-5892-0268,RENTAL_ACCRUAL,25,161,2026-07-26T01:45:00+08:00
235e774e-cafa-47c4-8a27-f5b8fcb98e3c,M-1557,TIER_UPGRADE_Standard_TO_Silver,TIER_BONUS,50,211,2026-07-26T01:45:00+08:00
4e2f4a99-b506-426d-a479-ec40d2090b64,M-1975,SESS-20260725-9570-0269,RENTAL_REDEMPTION,-100,83,2026-07-25T22:40:00+08:00
09bda7e6-c720-476a-a179-0f21e85c513a,M-1975,SESS-20260725-9570-0269,RENTAL_ACCRUAL,5,88,2026-07-26T00:40:00+08:00
b1cd52f7-dd71-4d57-99fc-1772baf100f6,M-1477,SESS-20260725-2626-0270,RENTAL_ACCRUAL,45,115,2026-07-26T03:50:00+08:00
80d0544f-92e1-4d17-a970-832769aed2ed,M-1366,SESS-20260725-9811-0271,RENTAL_ACCRUAL,16,325,2026-07-26T00:20:00+08:00
b0fe79d1-3a50-4af5-b818-94d23f64fb93,M-1619,SESS-20260725-8841-0272,RENTAL_ACCRUAL,5,190,2026-07-25T19:15:00+08:00
689d3e2a-cee6-4797-828b-932d52f044f7,M-1663,SESS-20260725-3471-0273,RENTAL_ACCRUAL,5,105,2026-07-25T20:20:00+08:00
6a9dbfa7-69d8-4748-9f1d-f634a92ff173,M-1947,SESS-20260725-9185-0274,RENTAL_ACCRUAL,5,115,2026-07-25T14:15:00+08:00
09933c9a-3e89-4bd0-875a-b2d023165f0f,M-1470,SESS-20260725-2911-0275,RENTAL_REDEMPTION,-100,12,2026-07-25T20:00:00+08:00
5768745d-72b0-41b4-9d41-8130719862ab,M-1470,SESS-20260725-2911-0275,RENTAL_ACCRUAL,10,22,2026-07-25T23:00:00+08:00
9c457622-974e-40f0-9682-dd74b0c37b9e,M-1840,SESS-20260725-5370-0276,RENTAL_ACCRUAL,12,1522,2026-07-25T23:45:00+08:00
b870248b-51e4-4186-b2a3-ad4b5d913005,M-1693,SESS-20260725-6052-0277,RENTAL_ACCRUAL,27,237,2026-07-25T20:25:00+08:00
f17fd9d5-88e1-4ab4-aa80-3d7326d987ab,M-1673,SESS-20260725-4144-0278,RENTAL_ACCRUAL,11,520,2026-07-26T01:00:00+08:00
5458aff2-c054-433a-9caf-69a667a261b8,M-1675,SESS-20260725-5904-0279,RENTAL_ACCRUAL,19,2015,2026-07-26T00:05:00+08:00
9a758720-75bc-4327-a24f-939b216c41a6,M-1546,SESS-20260725-2706-0280,RENTAL_ACCRUAL,27,261,2026-07-26T02:40:00+08:00
aa395747-353c-4b44-98e5-d5fe92d1ffa1,M-1978,SESS-20260725-3566-0281,RENTAL_ACCRUAL,10,93,2026-07-25T22:45:00+08:00
70d23f01-b012-4ea5-aba0-db7109aeecc8,M-1072,SESS-20260725-1079-0282,RENTAL_REDEMPTION,-100,58,2026-07-25T21:00:00+08:00
0b6c11dd-6b7f-4a72-b807-edd9ea07fb51,M-1072,SESS-20260725-1079-0282,RENTAL_ACCRUAL,21,79,2026-07-26T02:00:00+08:00
880566d8-3cd2-4ae1-9f38-0a2798d0b8f9,M-1565,SESS-20260725-6012-0283,RENTAL_ACCRUAL,11,448,2026-07-25T23:10:00+08:00
29b898fa-64d3-4a6e-9b75-6e34bb269d23,M-2004,SESS-20260725-1313-0284,RENTAL_REDEMPTION,-100,15,2026-07-25T13:45:00+08:00
3d117897-6229-4fd8-bce3-524ade3207f9,M-2004,SESS-20260725-1313-0284,RENTAL_ACCRUAL,19,34,2026-07-25T16:45:00+08:00
dc92ee38-c129-4988-801a-4a0934f6c130,M-1587,SESS-20260725-2376-0285,RENTAL_ACCRUAL,6,841,2026-07-25T21:50:00+08:00
753aa698-726d-498c-858c-c568c288ffa5,M-1634,SESS-20260725-3516-0286,RENTAL_REDEMPTION,-200,113,2026-07-25T23:15:00+08:00
ff9df0cb-2c5e-4d9b-a70b-71c024a1bc69,M-1634,SESS-20260725-3516-0286,RENTAL_ACCRUAL,28,141,2026-07-26T02:15:00+08:00
6c4bd3c2-b705-44dc-9274-ff5640d30421,M-1789,SESS-20260725-3032-0287,RENTAL_REDEMPTION,-200,127,2026-07-25T20:45:00+08:00
e1f45daf-2ed9-4cd5-8f6b-09ebfbdba71f,M-1789,SESS-20260725-3032-0287,RENTAL_ACCRUAL,15,142,2026-07-26T01:45:00+08:00
0488b432-57ab-440c-9d9b-c87ebc5911a1,M-1609,SESS-20260725-9907-0288,RENTAL_ACCRUAL,13,124,2026-07-25T23:50:00+08:00
7f532e89-ca71-49d2-8bd1-0c682b33b7f7,M-1636,SESS-20260725-5577-0289,RENTAL_ACCRUAL,6,1216,2026-07-25T23:45:00+08:00
c2e21a8d-f3a1-4fdc-9580-afe03443ec7b,M-1586,SESS-20260725-7613-0290,RENTAL_ACCRUAL,5,291,2026-07-25T19:45:00+08:00
4923e27e-782b-4f7e-9079-58d96173387f,M-1809,SESS-20260725-6321-0291,RENTAL_REDEMPTION,-300,250,2026-07-25T20:45:00+08:00
655c5841-057f-4c12-a642-103de7c20c0c,M-1809,SESS-20260725-6321-0291,RENTAL_ACCRUAL,8,258,2026-07-25T23:45:00+08:00
a6ac34df-7199-4834-9582-7376b5234c02,M-1809,TIER_UPGRADE_Silver_TO_Gold,TIER_BONUS,100,358,2026-07-25T23:45:00+08:00
3572effc-2b62-4379-8901-93ee7516cd98,M-1395,SESS-20260725-9553-0292,RENTAL_ACCRUAL,11,385,2026-07-25T23:45:00+08:00
e7cc7303-fe28-4a74-acf1-6b96bfe878e3,M-1704,SESS-20260725-1311-0293,RENTAL_ACCRUAL,67,274,2026-07-26T03:00:00+08:00
f67c2aab-10a5-45a4-b53e-6fc384b16249,M-1651,SESS-20260725-7902-0294,RENTAL_ACCRUAL,45,269,2026-07-26T05:45:00+08:00
63974bf1-b5b5-4779-8119-0cd79a9dafa8,M-1361,SESS-20260725-6808-0295,RENTAL_ACCRUAL,11,337,2026-07-26T01:20:00+08:00
2b84da96-9ae6-49c3-b2bd-411208d6beef,M-1009,SESS-20260725-7094-0296,RENTAL_ACCRUAL,5,127,2026-07-26T00:00:00+08:00
a26584a0-2cdb-45f8-b698-c0415cd46f2d,M-1825,SESS-20260725-4647-0297,RENTAL_ACCRUAL,5,270,2026-07-25T21:00:00+08:00
04f6ab23-e145-46fd-89da-ee5bdf492659,M-1697,SESS-20260725-4119-0298,RENTAL_ACCRUAL,16,530,2026-07-26T02:55:00+08:00
d92bc303-1ff0-4ae6-925d-73eb6b37e9ca,M-1547,SESS-20260725-9874-0299,RENTAL_ACCRUAL,27,393,2026-07-25T18:20:00+08:00
d5927dd5-ab28-4e48-91df-cbd18311e5aa,M-1808,SESS-20260725-6089-0300,RENTAL_ACCRUAL,72,1991,2026-07-25T23:30:00+08:00
29bdc846-50c5-4dfa-8eb6-83ff68dcd9a7,M-1738,SESS-20260725-2411-0301,RENTAL_ACCRUAL,11,157,2026-07-26T01:55:00+08:00
0efae62b-9899-47dc-876e-d17b97ecef7a,M-1358,SESS-20260725-2104-0302,RENTAL_ACCRUAL,11,191,2026-07-26T01:20:00+08:00
fa4933c6-9482-4662-adba-f86257ebe67c,M-1608,SESS-20260725-6862-0303,RENTAL_REDEMPTION,-100,188,2026-07-25T19:15:00+08:00
f7fbfd74-7fd5-464f-b903-2106e8f8c7b2,M-1608,SESS-20260725-6862-0303,RENTAL_ACCRUAL,5,193,2026-07-25T21:15:00+08:00
a816960f-d49f-4cef-93ea-c8fa8312681f,M-1208,SESS-20260725-3342-0304,RENTAL_ACCRUAL,12,3295,2026-07-25T22:45:00+08:00
45f58d81-1b98-4205-b6e7-a35919dd7f0b,M-1456,SESS-20260725-8461-0305,RENTAL_ACCRUAL,5,184,2026-07-25T23:50:00+08:00
b576eff1-637d-4687-9968-6bfb4685e183,M-1176,SESS-20260725-2906-0306,RENTAL_ACCRUAL,5,176,2026-07-26T00:15:00+08:00
4ce9ce72-17fa-4bc5-b0f0-541dd8bd3e62,M-1129,SESS-20260725-6001-0307,RENTAL_ACCRUAL,19,975,2026-07-25T23:15:00+08:00
78cb6d33-7238-497c-a8fc-081e747a080a,M-1180,SESS-20260725-2637-0308,RENTAL_REDEMPTION,-700,157,2026-07-25T18:55:00+08:00
7181c78e-8db2-4a4d-8b09-01ce183ede04,M-1180,SESS-20260725-2637-0308,RENTAL_ACCRUAL,19,176,2026-07-25T23:55:00+08:00
0ef480c7-811e-4d4c-b251-dc8b94a075ce,M-1095,SESS-20260725-6046-0309,RENTAL_ACCRUAL,16,187,2026-07-26T01:20:00+08:00
7b34bb2f-da19-45bf-b6ed-ecc37769cd92,M-1112,SESS-20260725-5983-0310,RENTAL_ACCRUAL,19,1401,2026-07-25T22:15:00+08:00
abdd8b1a-6b74-47fc-a420-b1ff388dee99,M-1622,SESS-20260725-1254-0311,RENTAL_ACCRUAL,9,39,2026-07-25T22:30:00+08:00
4323d9fa-a82e-4662-8a98-a08e8b25246b,M-1284,SESS-20260725-8324-0312,RENTAL_REDEMPTION,-100,138,2026-07-25T17:30:00+08:00
7c794ed8-e483-481a-9200-d9e4776b1a62,M-1284,SESS-20260725-8324-0312,RENTAL_ACCRUAL,11,149,2026-07-25T19:30:00+08:00
85534454-d13a-4905-aee6-0edcb35fcfeb,M-1598,SESS-20260725-2648-0313,RENTAL_ACCRUAL,40,138,2026-07-26T07:20:00+08:00
747bc515-7502-4327-9a1b-f0cb4c9c43b9,M-1598,TIER_UPGRADE_Standard_TO_Silver,TIER_BONUS,50,188,2026-07-26T07:20:00+08:00
dad976f3-17c8-4737-bbbe-be63c8ab273f,M-1568,SESS-20260725-5985-0314,RENTAL_ACCRUAL,18,425,2026-07-25T21:45:00+08:00
9c1a5955-f73c-4f1a-b644-a62eea2b3cdf,M-1336,SESS-20260725-2138-0315,RENTAL_ACCRUAL,16,243,2026-07-26T01:55:00+08:00
ad66b66a-cb0d-48fd-96ff-3dea5f452aa5,M-1796,SESS-20260725-5576-0316,RENTAL_ACCRUAL,10,189,2026-07-25T22:45:00+08:00
e53f1d67-2a2e-4b6b-bb1d-1c5e13faee4e,M-1796,TIER_UPGRADE_Standard_TO_Silver,TIER_BONUS,50,239,2026-07-25T22:45:00+08:00
94389895-55b0-433f-bc7a-27f5604ac74c,M-1706,SESS-20260725-6524-0317,RENTAL_ACCRUAL,48,599,2026-07-26T07:00:00+08:00
8e79953d-145b-4e6c-bfeb-52924246cbac,M-1154,SESS-20260725-8831-0318,RENTAL_ACCRUAL,18,99,2026-07-26T00:40:00+08:00
5cfaa895-e27d-4f09-8b20-16d7c8d62fdd,M-1989,SESS-20260725-5146-0319,RENTAL_ACCRUAL,8,147,2026-07-26T00:30:00+08:00
58017928-292d-47a8-8a32-0dcdcd4d5013,M-1686,SESS-20260725-5814-0320,RENTAL_ACCRUAL,10,119,2026-07-26T01:15:00+08:00
16f98ce5-bc4d-46a2-8d86-ee54152c11fd,M-1686,TIER_UPGRADE_Standard_TO_Silver,TIER_BONUS,50,169,2026-07-26T01:15:00+08:00
2b55d1d5-ec8e-460e-ae33-c96b6fb9333a,M-1576,SESS-20260725-2720-0321,RENTAL_ACCRUAL,9,1201,2026-07-26T00:45:00+08:00
0f34cbee-40b4-4c93-a8bb-4ab5f8735bd7,M-2016,SESS-20260725-2436-0322,RENTAL_REDEMPTION,-100,9,2026-07-25T21:00:00+08:00
aabd1078-10e0-436c-8f93-466ead4bf6e3,M-2016,SESS-20260725-2436-0322,RENTAL_ACCRUAL,10,19,2026-07-26T00:00:00+08:00
7ac508f4-11e6-413a-a81e-c7159c146a53,M-1532,SESS-20260725-1948-0323,RENTAL_ACCRUAL,16,29,2026-07-25T14:15:00+08:00
476ab7a7-f812-4bed-87e2-8fa3db899d87,M-1532,TIER_UPGRADE_Standard_TO_Silver,TIER_BONUS,50,79,2026-07-25T14:15:00+08:00
9ac1dfa3-c218-4da0-94e4-e44ecc858935,M-2091,SESS-20260725-4255-0324,RENTAL_ACCRUAL,10,164,2026-07-25T23:00:00+08:00
3c28db60-33be-422d-bf19-d276767fe591,M-1947,SESS-20260725-5736-0325,RENTAL_ACCRUAL,27,142,2026-07-25T20:30:00+08:00
07e20d40-7868-48fd-afda-a4bc1619f91c,M-1044,SESS-20260725-6105-0326,RENTAL_ACCRUAL,18,318,2026-07-25T22:15:00+08:00
a836e906-c7b7-49f1-bc4c-062bea5ac03b,M-1228,SESS-20260725-2274-0327,RENTAL_ACCRUAL,27,421,2026-07-25T22:50:00+08:00
1671b4ed-dda1-40cb-841e-301923ab0e62,M-1814,SESS-20260725-7205-0328,RENTAL_ACCRUAL,11,162,2026-07-25T22:30:00+08:00
3baa620c-7edd-48ad-88a2-e35a4babb397,M-1063,SESS-20260725-9419-0329,RENTAL_ACCRUAL,11,296,2026-07-26T01:15:00+08:00
38608f52-2e76-4f5c-b6f9-50408b19af7e,M-1610,SESS-20260725-2167-0330,RENTAL_ACCRUAL,11,327,2026-07-26T01:50:00+08:00
7b74f364-692a-4c36-8e06-6078e0d46f69,M-1373,SESS-20260725-4096-0331,RENTAL_ACCRUAL,11,396,2026-07-25T23:05:00+08:00
65ca5edc-2657-4b31-9022-199e720de8a4,M-1768,SESS-20260725-4395-0332,RENTAL_REDEMPTION,-200,16,2026-07-25T19:00:00+08:00
5c66d38a-87a0-4378-9e76-981af96951e7,M-1768,SESS-20260725-4395-0332,RENTAL_ACCRUAL,3,19,2026-07-25T22:00:00+08:00
9d48c833-5b4d-45f7-96bb-ea49de33c6bb,M-1528,SESS-20260725-1560-0333,RENTAL_ACCRUAL,13,175,2026-07-25T21:40:00+08:00
29484c70-38dd-482c-8fd6-a3b8dec661bb,M-1656,SESS-20260725-3517-0334,RENTAL_REDEMPTION,-100,240,2026-07-25T20:35:00+08:00
6b5faa4a-016f-434d-b663-7ec120e05fa5,M-1656,SESS-20260725-3517-0334,RENTAL_ACCRUAL,11,251,2026-07-25T22:35:00+08:00
6bb8b1fb-727a-433c-861a-9d4b946d2a1d,M-1436,SESS-20260725-4602-0335,RENTAL_ACCRUAL,16,449,2026-07-26T01:45:00+08:00
1e8f42ab-b154-4729-b0ba-ca91a0847deb,M-1784,SESS-20260725-7111-0336,RENTAL_ACCRUAL,96,274,2026-07-26T06:30:00+08:00
3942a05f-6584-46b2-918a-a75ded3f706a,M-1784,TIER_UPGRADE_Standard_TO_Silver,TIER_BONUS,50,324,2026-07-26T06:30:00+08:00
e2822ae7-4ce7-4900-a46e-92d37fe25e73,M-1702,SESS-20260725-4352-0337,RENTAL_REDEMPTION,-100,25,2026-07-25T23:55:00+08:00
34405293-c111-494f-8105-dc80c562eae0,M-1702,SESS-20260725-4352-0337,RENTAL_ACCRUAL,5,30,2026-07-26T01:55:00+08:00
bde489d2-e759-4ddb-b383-7fd57aa19406,M-1201,SESS-20260725-1827-0338,RENTAL_ACCRUAL,13,117,2026-07-25T20:45:00+08:00
52444b95-e2ad-4260-a723-91a58e658069,M-1857,SESS-20260725-1679-0339,RENTAL_ACCRUAL,24,191,2026-07-26T00:15:00+08:00
59707c77-bcbf-4c30-8ceb-6e500bb6fff1,M-2197,SESS-20260725-3330-0340,RENTAL_ACCRUAL,15,174,2026-07-25T20:30:00+08:00
78dba938-a952-48fc-9bb7-1ff967536650,M-1390,SESS-20260725-8741-0341,RENTAL_ACCRUAL,72,138,2026-07-26T07:55:00+08:00
4878a988-ed33-42fa-a10c-8a6c910c52bb,M-1730,SESS-20260725-7924-0342,RENTAL_REDEMPTION,-100,77,2026-07-25T23:05:00+08:00
d303e182-e4a6-4303-8ece-4b4e457523d1,M-1730,SESS-20260725-7924-0342,RENTAL_ACCRUAL,61,138,2026-07-26T04:05:00+08:00
2eee491c-1a81-47ca-8a7a-0113f856f2f7,M-1151,SESS-20260725-7333-0343,RENTAL_ACCRUAL,27,208,2026-07-26T01:10:00+08:00
581dd04d-2b16-4d80-a9d0-9eeba4e021d2,M-1659,SESS-20260725-7866-0344,RENTAL_ACCRUAL,11,336,2026-07-25T22:30:00+08:00
5c5d28c9-4e7b-45d5-af72-4364450f55a2,M-1179,SESS-20260725-3686-0345,RENTAL_ACCRUAL,11,304,2026-07-25T17:45:00+08:00
201ec19c-4a49-4858-8ed4-a9b3e78b92d4,M-1014,SESS-20260725-7395-0346,RENTAL_ACCRUAL,27,770,2026-07-25T22:45:00+08:00
b7a396ba-18d8-4405-a9b6-c59a3bd6eb9b,M-1745,SESS-20260725-8595-0347,RENTAL_ACCRUAL,13,516,2026-07-26T00:40:00+08:00
c120b867-3b04-4cc3-b043-a894110af08b,M-1168,SESS-20260725-2315-0348,RENTAL_REDEMPTION,-200,187,2026-07-25T23:10:00+08:00
339b07e3-db86-4cd6-9851-1c7fe023f150,M-1168,SESS-20260725-2315-0348,RENTAL_ACCRUAL,4,191,2026-07-26T02:10:00+08:00
6b498a31-02d0-4334-a358-346d16a1b91e,M-1416,SESS-20260725-7274-0349,RENTAL_ACCRUAL,6,2293,2026-07-25T15:35:00+08:00
f28efea5-4273-45b6-aea0-953089232681,M-1786,SESS-20260725-4666-0350,RENTAL_ACCRUAL,9,504,2026-07-25T23:00:00+08:00
a5e66639-af84-430f-876f-c252affd911b,M-1703,SESS-20260725-2586-0351,RENTAL_ACCRUAL,27,132,2026-07-25T11:15:00+08:00
97f2ad6c-19b4-483e-a1bb-492083c8d787,M-1424,SESS-20260725-4984-0352,RENTAL_REDEMPTION,-200,100,2026-07-25T18:00:00+08:00
c57f3da9-d85d-4439-91e6-dda73353867e,M-1424,SESS-20260725-4984-0352,RENTAL_ACCRUAL,5,105,2026-07-25T20:00:00+08:00
6c358ae8-fb71-4d3a-a410-87d57901ff0a,M-1525,SESS-20260725-3598-0353,RENTAL_ACCRUAL,67,446,2026-07-26T02:00:00+08:00
b93534dd-f2b0-4837-a4ef-8d609f651193,M-1234,SESS-20260725-3347-0354,RENTAL_ACCRUAL,28,187,2026-07-26T04:00:00+08:00
ca826656-1912-42de-a830-c4d85aa74a3a,M-1276,SESS-20260725-1131-0355,RENTAL_ACCRUAL,11,758,2026-07-25T23:30:00+08:00
c68e52c7-2f27-415c-8609-49c560a97e6b,M-1110,SESS-20260725-9398-0356,RENTAL_ACCRUAL,16,314,2026-07-25T22:25:00+08:00
dde5d461-5ef0-4140-8775-b23a55140cc2,M-1385,SESS-20260725-3802-0357,RENTAL_ACCRUAL,18,146,2026-07-25T21:45:00+08:00
39ecd643-4a33-4071-9513-cee3b9dd1e8a,M-1394,SESS-20260725-4637-0358,RENTAL_ACCRUAL,5,468,2026-07-25T22:30:00+08:00
4dd1361d-829d-43f5-acb9-356c5f878934,M-1492,SESS-20260725-4262-0359,RENTAL_ACCRUAL,28,433,2026-07-26T02:35:00+08:00
5110fa0f-0a24-4ae8-b043-cae3ffef8420,M-1307,SESS-20260725-4861-0360,RENTAL_ACCRUAL,16,311,2026-07-25T16:00:00+08:00
1739e8a2-ed56-49d9-9c36-6d370c93fc82,M-1654,SESS-20260725-5456-0361,RENTAL_ACCRUAL,108,332,2026-07-26T02:30:00+08:00
23f5b79d-a5b9-4608-b01e-91e6e69d4ee5,M-1652,SESS-20260725-9199-0362,RENTAL_ACCRUAL,18,282,2026-07-26T01:10:00+08:00
8ee7b7b4-78da-4220-a261-f4a7765662d4,M-2071,SESS-20260725-8579-0363,RENTAL_ACCRUAL,10,121,2026-07-25T17:35:00+08:00
3ba85f9e-c100-4e1f-8137-66be6d44f2ea,M-1111,SESS-20260725-7288-0364,RENTAL_ACCRUAL,16,369,2026-07-26T02:30:00+08:00
3e5ef225-409e-40de-b56a-075fcd98b05b,M-1325,SESS-20260725-9027-0365,RENTAL_ACCRUAL,27,210,2026-07-26T01:10:00+08:00
a2bd5863-6a15-4a55-9f60-98ab1eca0fb0,M-1308,SESS-20260725-7083-0366,RENTAL_ACCRUAL,28,418,2026-07-26T03:30:00+08:00
7a8ed5ed-c577-4234-b74d-fffa47fb8c68,M-1446,SESS-20260725-9983-0367,RENTAL_ACCRUAL,40,74,2026-07-26T01:00:00+08:00
8f219656-4507-4437-95fb-a7e893cb8cee,M-1642,SESS-20260725-3694-0368,RENTAL_REDEMPTION,-100,133,2026-07-25T23:20:00+08:00
ce0d86a6-86c7-44bb-917b-9e2a9cf0d05c,M-1642,SESS-20260725-3694-0368,RENTAL_ACCRUAL,4,137,2026-07-26T01:20:00+08:00
5c2d95de-77ac-4f6d-878c-93c3f1697b8b,M-2105,SESS-20260725-1788-0369,RENTAL_ACCRUAL,24,127,2026-07-26T00:15:00+08:00
0da6d37c-d3ae-4283-88b4-2bc3b78159fa,M-1736,SESS-20260725-3986-0370,RENTAL_REDEMPTION,-100,51,2026-07-25T19:00:00+08:00
849015b7-6af6-4a82-8d27-0441b205a88f,M-1736,SESS-20260725-3986-0370,RENTAL_ACCRUAL,2,53,2026-07-25T20:00:00+08:00
ed80d160-9cba-4fbc-9e4f-fdfee0054f3c,M-1169,SESS-20260725-5220-0371,RENTAL_ACCRUAL,28,312,2026-07-26T02:00:00+08:00
b9de2f3b-bb33-4018-af41-42d7a872fac1,M-1092,SESS-20260725-2797-0372,RENTAL_ACCRUAL,5,391,2026-07-25T22:00:00+08:00
1dcd9bd5-dae6-47b3-93ec-7c5119e980df,M-1571,SESS-20260725-7462-0373,RENTAL_REDEMPTION,-100,120,2026-07-25T17:45:00+08:00
1f77f612-00f4-4f2d-bde9-fc56c59e2c2c,M-1571,SESS-20260725-7462-0373,RENTAL_ACCRUAL,10,130,2026-07-25T20:45:00+08:00
d3de0851-563e-43a5-a462-9cf2eb80d037,M-2017,SESS-20260725-2407-0374,RENTAL_ACCRUAL,24,129,2026-07-25T20:30:00+08:00
07dcb109-c458-4073-af51-51f60aacad7f,M-1371,SESS-20260725-2071-0375,RENTAL_REDEMPTION,-100,193,2026-07-25T22:45:00+08:00
ddfa4505-36f3-44b4-a59e-bc78a9f90df0,M-1371,SESS-20260725-2071-0375,RENTAL_ACCRUAL,5,198,2026-07-26T00:45:00+08:00
cce15501-8a75-49bc-a573-0fa54000c1e0,M-1794,SESS-20260725-5766-0376,RENTAL_REDEMPTION,-200,88,2026-07-25T22:45:00+08:00
fbbd55c9-f82e-461c-9f8a-e5952f9fc954,M-1794,SESS-20260725-5766-0376,RENTAL_ACCRUAL,4,92,2026-07-26T01:45:00+08:00
00064c51-d4ad-4c69-b47c-5ec0b8bf8f58,M-2077,SESS-20260725-5813-0377,RENTAL_ACCRUAL,16,109,2026-07-26T00:45:00+08:00
07621104-b05d-42a6-a296-36a9d8fa74ab,M-1206,SESS-20260725-4338-0378,RENTAL_ACCRUAL,72,238,2026-07-26T05:50:00+08:00
965a62a6-2bbc-4679-8435-39821a65391f,M-1322,SESS-20260725-4263-0379,RENTAL_ACCRUAL,5,216,2026-07-25T23:10:00+08:00
44a7c60f-adbc-4573-a5c4-9c7939b58fae,M-1429,SESS-20260725-7374-0380,RENTAL_ACCRUAL,16,470,2026-07-26T02:15:00+08:00
d7905c18-66b2-43d4-bc72-0768c7448be4,M-1442,SESS-20260725-2776-0381,RENTAL_ACCRUAL,18,281,2026-07-26T00:25:00+08:00
c4ad98f5-d654-4877-97dd-b22d51093b6c,M-1043,SESS-20260725-8178-0382,RENTAL_ACCRUAL,18,790,2026-07-26T01:10:00+08:00
c447e171-d294-4b6b-9b9e-e1caa1352378,M-1569,SESS-20260725-2007-0383,RENTAL_ACCRUAL,27,303,2026-07-25T23:10:00+08:00
fc9ede65-8c99-4f70-8e0d-c35d4732280b,M-1236,SESS-20260725-3425-0384,RENTAL_ACCRUAL,11,497,2026-07-25T22:15:00+08:00
f93fef06-6992-4ae6-91ad-86d0414de8ce,M-2157,SESS-20260725-3613-0385,RENTAL_ACCRUAL,15,111,2026-07-26T01:15:00+08:00
eee42f9c-2342-4fed-ad5d-24807b77deea,M-1792,SESS-20260725-8656-0386,RENTAL_REDEMPTION,-100,2017,2026-07-25T21:00:00+08:00
7a6383e9-9896-4c87-bddb-f01d9a96548d,M-1792,SESS-20260725-8656-0386,RENTAL_ACCRUAL,4,2021,2026-07-25T23:00:00+08:00
8d65de10-5177-4f34-9b25-ff29ab52f93d,M-1284,SESS-20260725-2377-0387,RENTAL_REDEMPTION,-100,49,2026-07-25T21:40:00+08:00
b5ac8430-f093-4d0f-b5c9-d48d35091ec3,M-1284,SESS-20260725-2377-0387,RENTAL_ACCRUAL,21,70,2026-07-26T02:40:00+08:00
4b97198e-49e7-45cf-90a5-e0e0668811a7,M-1321,SESS-20260725-2690-0388,RENTAL_ACCRUAL,5,216,2026-07-25T22:05:00+08:00
4e6d5124-7bfd-4998-a9f0-d97dd84ad9ea,M-1346,SESS-20260725-1661-0389,RENTAL_ACCRUAL,28,222,2026-07-26T03:30:00+08:00
cb6d78b7-f9ee-443d-ae42-7d26b379f9e3,M-1723,SESS-20260725-3081-0390,RENTAL_ACCRUAL,45,439,2026-07-26T06:30:00+08:00
96ba5e57-d7a9-48c2-b551-f7bff84eee3b,M-1700,SESS-20260725-1574-0391,RENTAL_ACCRUAL,16,302,2026-07-25T22:45:00+08:00
f8bb9bdd-ad25-45b1-83a6-d462338ca478,M-1774,SESS-20260725-1770-0392,RENTAL_ACCRUAL,45,306,2026-07-26T04:25:00+08:00
153db6a6-a5cc-48a6-92c5-aedcbdcc1cf1,M-1087,SESS-20260725-4403-0393,RENTAL_ACCRUAL,19,894,2026-07-25T21:45:00+08:00
c79cf3fa-8e50-4f3b-8bed-25180be50777,M-1178,SESS-20260725-9886-0394,RENTAL_ACCRUAL,28,254,2026-07-26T03:00:00+08:00
65962271-7bfa-40bf-87ba-8649787f6259,M-1647,SESS-20260725-1782-0395,RENTAL_ACCRUAL,18,705,2026-07-26T02:30:00+08:00
abd65e8d-a506-402e-8680-18392ff04e7d,M-1539,SESS-20260725-8537-0396,RENTAL_ACCRUAL,48,1630,2026-07-25T23:30:00+08:00
15cc9af3-80f2-4b05-a6b4-270f09718548,M-1475,SESS-20260725-8802-0397,RENTAL_ACCRUAL,5,459,2026-07-26T00:35:00+08:00
e066f249-50e3-4228-9dca-4d83640c7850,M-1066,SESS-20260725-7694-0398,RENTAL_ACCRUAL,27,305,2026-07-25T23:40:00+08:00
d863ed5e-c8d2-4f9a-a8d1-b25508613e23,M-1944,SESS-20260725-3623-0399,RENTAL_ACCRUAL,18,389,2026-07-25T22:10:00+08:00
c0943a49-8889-4593-b5aa-b2204caf0394,M-1138,SESS-20260725-8770-0400,RENTAL_ACCRUAL,13,715,2026-07-25T23:50:00+08:00
b3870d18-39fa-474e-9e20-b89e2d1cbe03,M-1763,SESS-20260725-7240-0401,RENTAL_ACCRUAL,28,262,2026-07-26T04:15:00+08:00
c089069d-b315-408a-a926-b756fe073c35,M-1357,SESS-20260725-7791-0402,RENTAL_ACCRUAL,40,74,2026-07-25T22:45:00+08:00
89890e74-1dc8-446e-8803-d24f31478616,M-1355,SESS-20260725-3107-0403,RENTAL_REDEMPTION,-400,229,2026-07-25T23:55:00+08:00
74c5ea6c-2208-4565-8b03-da2e0bbbbbab,M-1355,SESS-20260725-3107-0403,RENTAL_ACCRUAL,42,271,2026-07-26T04:55:00+08:00
e4c23b02-0709-426b-b658-a9a77e3f1155,M-1073,SESS-20260725-2769-0404,RENTAL_REDEMPTION,-100,92,2026-07-25T22:15:00+08:00
14fe1223-7d39-4320-a0e3-5528bb8c1b06,M-1073,SESS-20260725-2769-0404,RENTAL_ACCRUAL,2,94,2026-07-25T23:15:00+08:00
e9e9f9fb-79a3-486b-95a4-0019d4f7fc34,M-1637,SESS-20260725-2037-0405,RENTAL_ACCRUAL,6,1428,2026-07-26T00:35:00+08:00
8ed3ef0e-1bed-4483-8628-9c90e0c7e664,M-1423,SESS-20260725-2768-0406,RENTAL_ACCRUAL,16,348,2026-07-26T00:55:00+08:00
c04032aa-4a3d-447c-a9f9-260767d33e4e,M-1810,SESS-20260725-9676-0407,RENTAL_ACCRUAL,11,235,2026-07-25T23:30:00+08:00
50e34a02-1103-4013-9832-1d01a5789ad4,M-1252,SESS-20260725-1069-0408,RENTAL_ACCRUAL,45,227,2026-07-26T03:00:00+08:00
bf628370-2941-4da9-8485-f0f735e1708d,M-1252,TIER_UPGRADE_Silver_TO_Gold,TIER_BONUS,100,327,2026-07-26T03:00:00+08:00
3631f52c-bf9e-44c6-a02b-c41ee8bc90f0,M-1116,SESS-20260725-2680-0409,RENTAL_ACCRUAL,5,194,2026-07-26T00:55:00+08:00
5168d687-b0ed-4c35-90ac-2cff4f160b41,M-1799,SESS-20260725-3421-0410,RENTAL_ACCRUAL,40,213,2026-07-26T01:50:00+08:00
6d936952-861f-4eaa-9865-9c217ff79eed,M-1693,SESS-20260725-9022-0411,RENTAL_ACCRUAL,18,255,2026-07-26T01:45:00+08:00
aee976a2-4f6a-481f-a26b-5695253b7af2,M-1807,SESS-20260725-6304-0412,RENTAL_ACCRUAL,11,33,2026-07-25T19:45:00+08:00
1b178016-f962-43d0-b972-780eceb220bc,M-1074,SESS-20260725-2129-0413,RENTAL_ACCRUAL,45,353,2026-07-26T07:45:00+08:00
148c78b3-869b-4012-b5d4-413e24318c89,M-1344,SESS-20260725-9619-0414,RENTAL_ACCRUAL,16,727,2026-07-26T00:00:00+08:00
dde130c3-f44e-4e60-990a-1f2ba502257f,M-1597,SESS-20260725-5411-0415,RENTAL_ACCRUAL,27,123,2026-07-26T01:55:00+08:00
ee6eecc0-b7ad-4563-8d9a-407e0f9de332,M-1394,SESS-20260725-9039-0416,RENTAL_ACCRUAL,11,479,2026-07-26T00:35:00+08:00
949957f5-d212-40f8-a9e2-93d6c177390e,M-1097,SESS-20260725-4604-0417,RENTAL_ACCRUAL,5,181,2026-07-25T23:55:00+08:00
c3b92de1-8f6d-4f64-93f4-e28db5f67f0f,M-1283,SESS-20260725-3012-0418,RENTAL_ACCRUAL,45,158,2026-07-26T04:55:00+08:00
48a12f65-d33e-45c8-9a55-ca6272838bd0,M-1882,SESS-20260725-8350-0419,RENTAL_ACCRUAL,11,114,2026-07-26T01:05:00+08:00
61c3caa9-7442-4596-b6b9-dab64f588b4d,M-1461,SESS-20260725-7305-0420,RENTAL_ACCRUAL,11,63,2026-07-26T01:55:00+08:00
936c2ece-1508-49ba-a042-854e96b3842e,M-1024,SESS-20260725-7487-0421,RENTAL_ACCRUAL,16,191,2026-07-26T01:45:00+08:00
3682c837-a562-41d7-99cd-addee165ab45,M-1743,SESS-20260725-3406-0422,RENTAL_ACCRUAL,18,415,2026-07-26T00:40:00+08:00
cf73cf9d-77c9-41d4-ad3c-b04c81654d25,M-1224,SESS-20260725-7218-0423,RENTAL_ACCRUAL,16,203,2026-07-26T01:35:00+08:00
e804e1b7-6cae-4dd8-9b2f-ce5ffb7a3dd9,M-1224,TIER_UPGRADE_Silver_TO_Gold,TIER_BONUS,100,303,2026-07-26T01:35:00+08:00
13c79c4d-7c1a-4c27-a911-5c34a35f4f9c,M-1259,SESS-20260725-3702-0424,RENTAL_ACCRUAL,40,341,2026-07-26T00:50:00+08:00
3849a5a1-8878-43d0-973d-bbccc452bd3c,M-2159,SESS-20260725-6287-0425,RENTAL_ACCRUAL,11,459,2026-07-26T00:20:00+08:00
c80d0636-66c6-4a26-8a62-71963bebfed2,M-1136,SESS-20260725-1209-0426,RENTAL_ACCRUAL,18,184,2026-07-26T01:20:00+08:00
359edf44-025f-4294-85f2-a41ad31b6b30,M-1411,SESS-20260725-2017-0427,RENTAL_ACCRUAL,30,461,2026-07-25T23:00:00+08:00
1e518a5a-0d99-4049-a54e-91a31c320da2,M-1607,SESS-20260725-8758-0428,RENTAL_ACCRUAL,25,172,2026-07-26T04:15:00+08:00
7f874eda-9c44-44e3-aa12-c0fe88541e86,M-1865,SESS-20260725-9182-0429,RENTAL_ACCRUAL,16,117,2026-07-25T13:45:00+08:00
5482e338-af27-4ed0-b25a-812458f54f47,M-1487,SESS-20260725-4990-0430,RENTAL_ACCRUAL,6,537,2026-07-26T00:55:00+08:00
92299cd1-1e6b-4bed-8289-afdda7786254,M-1968,SESS-20260725-8332-0431,RENTAL_REDEMPTION,-100,137,2026-07-25T14:15:00+08:00
78adc37b-fb58-4071-9b40-36420ac83977,M-1968,SESS-20260725-8332-0431,RENTAL_ACCRUAL,2,139,2026-07-25T15:15:00+08:00
2322e020-b770-43b1-8e9d-ceb02f4c75e2,M-1632,SESS-20260725-3815-0432,RENTAL_ACCRUAL,28,1298,2026-07-25T18:30:00+08:00
9f8e50f1-3d1c-4419-8764-49deff25f5b5,M-1409,SESS-20260725-4083-0433,RENTAL_ACCRUAL,27,219,2026-07-25T21:35:00+08:00
2ed11a40-2882-4076-9612-174da6cb6df1,M-1124,SESS-20260725-1733-0434,RENTAL_ACCRUAL,27,71,2026-07-26T00:50:00+08:00
3b432c08-c30b-4a4b-ab40-1ecc32fb2dd2,M-1380,SESS-20260725-5280-0435,RENTAL_ACCRUAL,28,257,2026-07-25T07:15:00+08:00
60eda0c5-da99-4112-bf22-012346948c55,M-1380,TIER_UPGRADE_Silver_TO_Gold,TIER_BONUS,100,357,2026-07-25T07:15:00+08:00
497ff728-2c97-43ea-9710-0ab2c93d8b4b,M-2106,ORD-20260725-9150-0001,CONCESSION_ACCRUAL,12,188,2026-07-25T20:24:45+08:00
eb4af4fd-1bef-42b5-9d80-052b9e0aa876,M-1621,ORD-20260725-4791-0002,CONCESSION_ACCRUAL,11,472,2026-07-25T19:57:14+08:00
23666cf3-d70c-4f67-97ff-8c685072076b,M-1074,ORD-20260726-3780-0003,CONCESSION_ACCRUAL,25,378,2026-07-26T01:19:19+08:00
dad63e6e-5d74-43c9-aae9-d47825ae1f67,M-1088,ORD-20260725-1313-0004,CONCESSION_ACCRUAL,9,370,2026-07-25T23:17:56+08:00
62039ef6-9e3c-49ee-99bd-ab8488efb9f8,M-1646,ORD-20260725-1597-0005,CONCESSION_ACCRUAL,8,128,2026-07-25T11:49:14+08:00
694624ed-20f0-4ba0-a014-c5f9bd1efd08,M-1411,ORD-20260725-2842-0006,CONCESSION_ACCRUAL,33,494,2026-07-25T17:19:37+08:00
34de3a72-9020-49ba-a5c4-534a80bd36a0,M-1461,ORD-20260726-5561-0007,CONCESSION_ACCRUAL,10,73,2026-07-26T00:26:21+08:00
905c081a-b37c-4ea9-b076-935b76b0c072,M-1526,ORD-20260725-9422-0008,CONCESSION_ACCRUAL,21,825,2026-07-25T21:58:00+08:00
83ef83db-9e68-47c4-885d-29f602a0c22e,M-1235,ORD-20260725-7065-0009,CONCESSION_ACCRUAL,12,170,2026-07-25T13:35:36+08:00
8864745b-88af-46a6-9047-c22da3295840,M-1597,ORD-20260725-9460-0010,CONCESSION_ACCRUAL,30,153,2026-07-25T22:56:23+08:00
30ec9885-38f5-40ff-b5b2-385f6fb04702,M-1635,ORD-20260725-4616-0011,CONCESSION_ACCRUAL,15,210,2026-07-25T21:58:36+08:00
9a95fdde-3d90-44f9-8be4-b42d2d44e604,M-1186,ORD-20260725-6777-0012,CONCESSION_ACCRUAL,18,462,2026-07-25T09:35:53+08:00
461ebc25-c7f1-4bdb-b126-5d6b1ffc0596,M-1630,ORD-20260726-8021-0013,CONCESSION_ACCRUAL,40,491,2026-07-26T01:33:47+08:00
feb9de4e-6263-4e8d-b43e-d1ad9058d662,M-1789,ORD-20260726-6731-0014,CONCESSION_ACCRUAL,3,145,2026-07-26T00:14:27+08:00
14343ddb-745a-4aee-95c8-22ed73ecd9ba,M-2167,ORD-20260725-1627-0015,CONCESSION_ACCRUAL,21,191,2026-07-25T22:52:00+08:00
611523b7-392e-4d8c-a5fb-d7eb5fc61242,M-2163,ORD-20260725-1484-0016,CONCESSION_ACCRUAL,15,94,2026-07-25T21:38:45+08:00
0c13c4b7-ffe3-455e-bb45-c6e1fbc299ba,M-1168,ORD-20260726-3632-0017,CONCESSION_ACCRUAL,10,201,2026-07-26T01:02:48+08:00
f14b8385-cafd-4e6e-80bb-a2adc3cd545e,M-1539,ORD-20260725-3279-0018,CONCESSION_ACCRUAL,22,1652,2026-07-25T17:59:34+08:00
912bd2a7-8463-4be1-9a1e-d53916399d5f,M-1227,ORD-20260725-6932-0019,CONCESSION_ACCRUAL,7,129,2026-07-25T18:52:02+08:00
88c9be83-a7e2-41bd-b86a-b1d974e8b3f0,M-1674,ORD-20260725-4151-0020,CONCESSION_ACCRUAL,8,583,2026-07-25T22:43:33+08:00
309f7190-a070-4af3-a78b-fb6fe5848601,M-1007,ORD-20260725-3942-0021,CONCESSION_ACCRUAL,11,370,2026-07-25T23:49:31+08:00
b6121603-5bba-4726-8def-764233c70f3b,M-1176,ORD-20260725-6459-0022,CONCESSION_ACCRUAL,16,192,2026-07-25T23:46:24+08:00
067f0c98-1358-43e7-bb8c-77882c389c1c,M-1199,ORD-20260725-5193-0023,CONCESSION_ACCRUAL,3,347,2026-07-25T17:34:00+08:00
b38bb5d8-3f05-4553-91d3-a1dc3cbcaaae,M-1469,ORD-20260725-9619-0024,CONCESSION_ACCRUAL,16,182,2026-07-25T17:15:49+08:00
6ec13d04-49e3-43a0-9908-998c8e0b808e,M-1823,ORD-20260725-9640-0025,CONCESSION_ACCRUAL,8,600,2026-07-25T17:07:36+08:00
e667ca6f-4d91-4d22-b977-7ead79a04434,M-1358,ORD-20260725-9830-0026,CONCESSION_ACCRUAL,11,202,2026-07-25T23:56:19+08:00
b430462f-8e99-4a67-9981-b79d7750e113,M-1573,ORD-20260725-4426-0027,CONCESSION_ACCRUAL,15,562,2026-07-25T23:44:57+08:00
829d0544-2ade-4929-9e99-365c79767bff,M-1768,ORD-20260725-3701-0028,CONCESSION_ACCRUAL,12,31,2026-07-25T20:13:00+08:00
2519167f-817e-4173-9475-daf0f6e7fe4e,M-1274,ORD-20260725-9158-0029,CONCESSION_ACCRUAL,15,549,2026-07-25T17:56:05+08:00
946f6ab7-1be1-4267-9204-383c7d2c3e3e,M-1525,ORD-20260726-5157-0030,CONCESSION_ACCRUAL,52,498,2026-07-26T00:37:27+08:00
b6317812-07a3-4533-b6e0-a05f99b24202,M-1693,ORD-20260725-2910-0031,CONCESSION_ACCRUAL,38,293,2026-07-25T19:45:07+08:00
437f3493-387a-4e02-aebb-f1cb7eb8042d,M-1411,ORD-20260725-5867-0032,CONCESSION_ACCRUAL,30,524,2026-07-25T18:45:29+08:00
df2b0544-1acd-4ce0-b867-a34a08869818,M-1833,ORD-20260725-6795-0033,CONCESSION_ACCRUAL,8,89,2026-07-25T21:11:44+08:00
48dc419e-7d06-44b6-90e2-b63e9cb38a3f,M-1547,ORD-20260725-5211-0034,CONCESSION_ACCRUAL,10,403,2026-07-25T16:39:47+08:00
844db574-146c-4b5d-8a30-bd8c79e5cf05,M-1112,ORD-20260725-5854-0035,CONCESSION_ACCRUAL,36,1437,2026-07-25T22:06:40+08:00
f2a29ab3-206a-42a1-b6ca-9ce59d36a913,M-1469,ORD-20260725-1274-0036,CONCESSION_ACCRUAL,11,193,2026-07-25T23:06:06+08:00
2e6e0155-cb75-48c5-b592-871f72a2efd4,M-1248,ORD-20260725-6002-0037,CONCESSION_ACCRUAL,18,250,2026-07-25T14:34:23+08:00
246110ac-e1ac-4024-bdbc-8791132e4a51,M-1517,ORD-20260725-1313-0038,CONCESSION_ACCRUAL,15,76,2026-07-25T21:32:13+08:00
2e1586fb-7f7d-46b5-87c1-de7527d64f33,M-1756,ORD-20260725-4729-0039,CONCESSION_ACCRUAL,27,1532,2026-07-25T19:50:03+08:00
c53cc44d-884b-43b8-b357-1967e313d94b,M-1747,ORD-20260725-4313-0040,CONCESSION_ACCRUAL,27,83,2026-07-25T15:42:30+08:00
7599c5a1-8765-4dad-bea4-edf681c354ae,M-1226,ORD-20260725-5380-0041,CONCESSION_ACCRUAL,12,1191,2026-07-25T04:35:48+08:00
a0472259-e0a7-4d89-be6a-80c72f38d120,M-1599,ORD-20260725-9330-0042,CONCESSION_ACCRUAL,14,248,2026-07-25T23:16:52+08:00
f2378582-deec-4d44-a723-d63f6815571f,M-1278,ORD-20260725-4457-0043,CONCESSION_ACCRUAL,8,311,2026-07-25T21:36:45+08:00
3e702538-ccd1-45e1-a318-8c123d9f55d6,M-1206,ORD-20260725-6299-0044,CONCESSION_ACCRUAL,11,249,2026-07-25T22:57:59+08:00
5841ae1a-6c8e-4aae-b343-49809c008cb5,M-1001,ORD-20260725-1705-0045,CONCESSION_ACCRUAL,21,202,2026-07-25T20:02:53+08:00
54dd1cf2-f056-495b-b434-9de8cefb1f44,M-1336,ORD-20260726-6115-0046,CONCESSION_ACCRUAL,11,254,2026-07-26T00:13:23+08:00
fd7fec83-b16b-4443-bd75-360821d8af91,M-1097,ORD-20260725-3533-0047,CONCESSION_ACCRUAL,16,197,2026-07-25T23:04:30+08:00
9a61ca83-2892-414f-a170-4bdb1ebaef56,M-1443,ORD-20260725-1582-0048,CONCESSION_ACCRUAL,15,344,2026-07-25T23:26:34+08:00
6f42235b-8085-45c2-9e58-1bc42614680b,M-1968,ORD-20260725-8179-0049,CONCESSION_ACCRUAL,16,155,2026-07-25T14:43:59+08:00
418f5c4b-28ea-4888-98ca-f8070e7f4633,M-1284,ORD-20260725-6353-0050,CONCESSION_ACCRUAL,30,100,2026-07-25T17:49:36+08:00
ac018ba9-cbc1-4952-abb4-1cad5caabd52,M-1794,ORD-20260726-7029-0051,CONCESSION_ACCRUAL,34,126,2026-07-26T01:02:16+08:00
84dc06d0-2dd0-4da0-8e93-8abee379f1a3,M-1259,ORD-20260725-1380-0052,CONCESSION_ACCRUAL,11,352,2026-07-25T08:42:42+08:00
9cfc5061-a4b3-4434-96f8-0ad564b3480a,M-1277,ORD-20260725-7093-0053,CONCESSION_ACCRUAL,18,2838,2026-07-25T17:11:06+08:00
b145e50f-c526-409d-b798-da52b397e14a,M-1854,ORD-20260726-2817-0054,CONCESSION_ACCRUAL,30,147,2026-07-26T00:57:27+08:00
e1727ef6-3802-46ef-ae47-dab268aedd92,M-1722,ORD-20260726-1342-0055,CONCESSION_ACCRUAL,15,604,2026-07-26T00:40:35+08:00
7fab483c-2754-4033-9800-efb8007348d0,M-1342,ORD-20260725-7864-0056,CONCESSION_ACCRUAL,22,217,2026-07-25T21:38:15+08:00
26bcedb8-5495-445e-8ab8-82503ebefa46,M-1154,ORD-20260725-2715-0057,CONCESSION_ACCRUAL,10,109,2026-07-25T22:42:58+08:00
dce68013-9d4b-48b2-99d1-4b7bc9db8e3b,M-1072,ORD-20260725-9231-0058,CONCESSION_ACCRUAL,11,90,2026-07-25T22:29:34+08:00
94aaa82f-beff-4bbf-81a9-31092946602c,M-1249,ORD-20260726-6821-0059,CONCESSION_ACCRUAL,9,172,2026-07-26T00:46:30+08:00
1630ab94-66c3-4f51-acaf-d548e2a74714,M-1108,ORD-20260725-6360-0060,CONCESSION_ACCRUAL,30,333,2026-07-25T19:31:48+08:00
e32d918e-c640-4269-a5ff-1c1d5bae663d,M-1837,ORD-20260725-7593-0061,CONCESSION_ACCRUAL,8,63,2026-07-25T22:03:46+08:00
a25d6db4-4d0c-42b6-9446-514e05383de2,M-1571,ORD-20260725-5034-0062,CONCESSION_ACCRUAL,15,145,2026-07-25T19:26:30+08:00
54b403f1-4ca0-4397-a4a7-edabb26d758d,M-1328,ORD-20260725-8604-0063,CONCESSION_ACCRUAL,15,342,2026-07-25T21:54:54+08:00
30f23410-f70d-4163-b8af-5c5a54c8b4fd,M-1073,ORD-20260725-4977-0064,CONCESSION_ACCRUAL,21,115,2026-07-25T18:38:01+08:00
a6bf560c-3e85-434b-be35-7893caefd288,M-1516,ORD-20260725-2856-0065,CONCESSION_ACCRUAL,11,302,2026-07-25T06:59:29+08:00
37aea3ca-57f6-431a-872e-176bb9302442,M-1717,ORD-20260725-3924-0066,CONCESSION_ACCRUAL,16,425,2026-07-25T20:55:02+08:00
749b9e9a-b8dc-46a7-b590-b68e08f5d9ff,M-1775,ORD-20260725-1335-0067,CONCESSION_ACCRUAL,27,1215,2026-07-25T18:23:53+08:00
79eea554-ea4c-4fe4-8439-f0face45bbc5,M-1109,ORD-20260725-7553-0068,CONCESSION_ACCRUAL,3,322,2026-07-25T20:48:18+08:00
c2fd1883-8ec5-4ea4-a116-aecc042b2063,M-1579,ORD-20260725-5269-0069,CONCESSION_ACCRUAL,24,2608,2026-07-25T20:32:37+08:00
41589b89-5e85-42ef-99a8-6af98eaa62f4,M-1702,ORD-20260726-1719-0070,CONCESSION_ACCRUAL,67,97,2026-07-26T01:24:56+08:00
25172543-01cc-4548-a457-4948bfa744d9,M-1781,ORD-20260725-4356-0071,CONCESSION_ACCRUAL,22,3640,2026-07-25T23:45:44+08:00
6c890e4b-8f99-41ac-9822-415ee188f8c7,M-1421,ORD-20260725-6050-0072,CONCESSION_ACCRUAL,30,570,2026-07-25T14:48:55+08:00
1168c169-512c-4dd3-be39-5e2b64b20489,M-1456,ORD-20260725-7668-0073,CONCESSION_ACCRUAL,22,206,2026-07-25T23:15:30+08:00
2cc71472-6bd7-4dd2-b70f-0826b471c990,M-1673,ORD-20260725-6083-0074,CONCESSION_ACCRUAL,11,531,2026-07-25T23:07:59+08:00
03c51d6a-f009-4c4b-8e48-1506f1c50fd9,M-1730,ORD-20260726-4956-0075,CONCESSION_ACCRUAL,3,141,2026-07-26T01:38:18+08:00
f4e1cf2f-64fe-4865-9cc9-0f0b797542e7,M-1528,ORD-20260725-9589-0076,CONCESSION_ACCRUAL,11,186,2026-07-25T20:55:55+08:00
69e62f84-c57a-4d78-9633-57dcc1a33055,M-1799,ORD-20260725-9040-0077,CONCESSION_ACCRUAL,16,229,2026-07-25T23:10:36+08:00
e6ce2760-51c0-40a7-b191-fbc19fb05764,M-1080,ORD-20260725-1307-0078,CONCESSION_ACCRUAL,3,250,2026-07-25T22:29:10+08:00
d9c30a54-f543-4c1f-b113-3b08aad2a924,M-2004,ORD-20260725-2107-0079,CONCESSION_ACCRUAL,6,40,2026-07-25T14:37:44+08:00
94dedbf2-a58e-4283-8efe-62741542986a,M-1398,ORD-20260726-5787-0080,CONCESSION_ACCRUAL,9,1359,2026-07-26T01:30:55+08:00
9be9dba7-d641-4b71-8894-d1f4f43620d0,M-1836,ORD-20260725-9819-0081,CONCESSION_ACCRUAL,17,481,2026-07-25T16:15:31+08:00
55dde39d-eafc-400b-8036-1ec737d62157,M-1498,ORD-20260725-9382-0082,CONCESSION_ACCRUAL,11,349,2026-07-25T22:56:51+08:00
4c05302c-97b6-451a-a15d-9a0b102df022,M-1320,ORD-20260725-6392-0083,CONCESSION_ACCRUAL,8,851,2026-07-25T23:47:31+08:00
56b4946c-e3b6-4fc3-acf2-392b8effa0fe,M-1225,ORD-20260726-1557-0084,CONCESSION_ACCRUAL,24,94,2026-07-26T00:02:50+08:00
a2bae2ed-fd25-4e3a-beb7-814dc0296a79,M-1687,ORD-20260725-3719-0085,CONCESSION_ACCRUAL,25,324,2026-07-25T20:51:25+08:00
e07978e1-0c39-429c-8fd7-85e34cea5c20,M-1652,ORD-20260726-8529-0086,CONCESSION_ACCRUAL,41,323,2026-07-26T00:27:33+08:00
797c8a19-ff98-433e-b54a-36543acdeda3,M-1689,ORD-20260725-4432-0087,CONCESSION_ACCRUAL,29,174,2026-07-25T11:03:57+08:00
75604080-ea7f-4493-aa64-23c91ea97bb4,M-1584,ORD-20260725-6414-0088,CONCESSION_ACCRUAL,11,71,2026-07-25T23:20:25+08:00
df4a0269-6d11-4d04-b42a-af372548c0ee,M-1371,ORD-20260725-5876-0089,CONCESSION_ACCRUAL,31,229,2026-07-25T11:24:18+08:00
8cedfc44-00f2-4949-9362-f26276e850d6,M-1325,ORD-20260726-8664-0090,CONCESSION_ACCRUAL,61,271,2026-07-26T00:16:20+08:00
5b4ebf8e-5531-4b7d-9f06-ef1821992369,M-1070,ORD-20260725-2592-0091,CONCESSION_ACCRUAL,20,160,2026-07-25T21:42:31+08:00
a5c72c7c-660c-4f64-884e-ce6ade0cf9f7,M-1014,ORD-20260725-5125-0092,CONCESSION_ACCRUAL,10,780,2026-07-25T21:01:49+08:00
6bd951c5-151d-4142-a30e-1a7e426b3288,M-1387,ORD-20260726-9296-0093,CONCESSION_ACCRUAL,26,297,2026-07-26T00:28:04+08:00
3d053d4a-e461-4c5b-803e-c747ed99f2d7,M-1912,ORD-20260725-5202-0094,CONCESSION_ACCRUAL,6,192,2026-07-25T20:47:51+08:00
bc588ee6-a694-4428-88bc-2bb2f1540138,M-1124,ORD-20260726-9311-0095,CONCESSION_ACCRUAL,25,96,2026-07-26T00:35:50+08:00
bffb3918-5476-468c-8a40-acc4d43c4503,M-2091,ORD-20260725-4469-0096,CONCESSION_ACCRUAL,12,176,2026-07-25T21:45:06+08:00
023517b2-d491-4bbe-ab6b-d9a5803cfb85,M-1266,ORD-20260725-7015-0097,CONCESSION_ACCRUAL,22,364,2026-07-25T20:39:24+08:00
ce0e1c91-8761-4c0d-97ca-8eafb242a080,M-1369,ORD-20260725-8460-0098,CONCESSION_ACCRUAL,10,210,2026-07-25T23:07:37+08:00
1962eef0-dca4-48be-8c39-5659d912bfe0,M-1385,ORD-20260725-7083-0099,CONCESSION_ACCRUAL,22,168,2026-07-25T20:49:57+08:00
23f70016-ab8f-414d-8442-285345e84a87,M-1148,ORD-20260725-2734-0100,CONCESSION_ACCRUAL,8,192,2026-07-25T16:25:14+08:00
113abe23-8a98-4c41-9e6a-e48bfb040634,M-1079,ORD-20260725-3593-0101,CONCESSION_ACCRUAL,4,434,2026-07-25T16:01:17+08:00
b38cc9d4-a95f-41b0-95be-603bd732f637,M-1697,ORD-20260725-5750-0102,CONCESSION_ACCRUAL,16,546,2026-07-25T15:17:42+08:00
d73abfe2-ac3e-47e9-9d65-751bd78a7bf8,M-1252,ORD-20260725-9368-0103,CONCESSION_ACCRUAL,13,340,2026-07-25T23:20:19+08:00
6712486b-9341-47b1-bbd5-80b3cedfbee8,M-1433,ORD-20260725-3844-0104,CONCESSION_ACCRUAL,9,152,2026-07-25T14:57:54+08:00
4a20267f-5eac-40e4-820f-df723462ab43,M-1214,ORD-20260726-9472-0105,CONCESSION_ACCRUAL,10,363,2026-07-26T00:43:26+08:00
974f7f94-e429-4711-b31f-831b175dc209,M-1734,ORD-20260725-3979-0106,CONCESSION_ACCRUAL,11,161,2026-07-25T14:50:04+08:00
e2ac5f60-29d2-4310-8195-3d6e8dce5559,M-1683,ORD-20260725-5055-0107,CONCESSION_ACCRUAL,36,871,2026-07-25T15:46:23+08:00
d38b90aa-f693-4651-9650-345faccf1f98,M-1685,ORD-20260725-7923-0108,CONCESSION_ACCRUAL,9,201,2026-07-25T20:52:39+08:00
9c54d5dc-3e4c-424c-b20d-ba8f54156515,M-1618,ORD-20260725-5023-0109,CONCESSION_ACCRUAL,25,292,2026-07-25T12:29:15+08:00
16daf0e5-5a28-4406-a15a-87f98dfc5b57,M-1882,ORD-20260726-3677-0110,CONCESSION_ACCRUAL,3,117,2026-07-26T00:28:27+08:00
cf9796ca-8283-43bf-8bf1-4282570b884e,M-1416,ORD-20260725-2094-0111,CONCESSION_ACCRUAL,33,2326,2026-07-25T15:13:54+08:00
067950f0-a9aa-4d71-93ac-35ce4030c95c,M-1170,ORD-20260725-1197-0112,CONCESSION_ACCRUAL,24,149,2026-07-25T18:20:56+08:00
addd58f6-7ac9-4237-9744-3751ccdb4c15,M-1235,ORD-20260725-4674-0113,CONCESSION_ACCRUAL,11,181,2026-07-25T22:22:26+08:00
c32c59a8-75e1-4892-91a4-0c832ee94996,M-1330,ORD-20260725-6105-0114,CONCESSION_ACCRUAL,27,3546,2026-07-25T22:22:30+08:00
837fefea-45e2-4b32-b340-ba96c942d1e1,M-1041,ORD-20260725-3286-0115,CONCESSION_ACCRUAL,13,943,2026-07-25T16:00:07+08:00
afdfbf0d-4ecb-4fea-a739-4496d128c0cc,M-2091,ORD-20260725-5176-0116,CONCESSION_ACCRUAL,14,190,2026-07-25T16:34:09+08:00
11994794-6d91-4219-85b0-e51b352dc41e,M-1344,ORD-20260725-9892-0117,CONCESSION_ACCRUAL,40,767,2026-07-25T23:41:51+08:00
55383a82-7d6b-4405-90ea-2a97c5d37637,M-1807,ORD-20260725-6057-0118,CONCESSION_ACCRUAL,31,64,2026-07-25T17:55:21+08:00
64c3907a-6d3e-4a76-bd13-a704f653f054,M-1495,ORD-20260726-1613-0119,CONCESSION_ACCRUAL,11,188,2026-07-26T01:55:03+08:00
e3b35ecb-5727-4345-955e-6b831fc7762f,M-1978,ORD-20260725-9592-0120,CONCESSION_ACCRUAL,25,118,2026-07-25T13:39:44+08:00
037fcbf5-f209-4f7a-afd0-84f19017856d,M-1174,ORD-20260725-4255-0121,CONCESSION_ACCRUAL,3,200,2026-07-25T23:13:52+08:00
49c07420-a687-41f1-9dbd-b17595cca1e4,M-1697,ORD-20260726-4352-0122,CONCESSION_ACCRUAL,19,565,2026-07-26T01:41:13+08:00
89942fe5-9a3d-4faf-a25b-4d8bc9c090c5,M-1135,ORD-20260725-9899-0123,CONCESSION_ACCRUAL,7,170,2026-07-25T11:52:40+08:00
1ef4cc04-64f2-44c4-aa3e-95b973035104,M-1357,ORD-20260725-6953-0124,CONCESSION_ACCRUAL,15,89,2026-07-25T21:54:35+08:00
9e4b97e0-f3c0-46c8-b384-8f9a23d8014f,M-1224,ORD-20260725-2350-0125,CONCESSION_ACCRUAL,13,316,2026-07-25T19:36:26+08:00
d9566178-ad93-4a8b-8e20-893f60eed1d3,M-1201,ORD-20260725-1247-0126,CONCESSION_ACCRUAL,16,133,2026-07-25T19:48:53+08:00
0b1fd7f0-af88-4089-b82d-8cd90747eb58,M-2113,ORD-20260725-5204-0127,CONCESSION_ACCRUAL,6,22,2026-07-25T18:59:26+08:00
72e7ea4c-9ff9-4e9e-93c3-15cf5ec445e3,M-1788,ORD-20260725-3869-0128,CONCESSION_ACCRUAL,22,389,2026-07-25T16:08:43+08:00
84152d69-8c29-4307-a163-22aac783385c,M-1093,ORD-20260725-1120-0129,CONCESSION_ACCRUAL,18,168,2026-07-25T22:21:34+08:00
1a38b5d0-c509-4525-bf3a-afa1eb0d272c,M-1664,ORD-20260725-5310-0130,CONCESSION_ACCRUAL,18,2511,2026-07-25T23:00:00+08:00
bb889a37-867d-48a4-a297-7ed52efc29d4,M-1576,ORD-20260725-9756-0131,CONCESSION_ACCRUAL,12,1213,2026-07-25T23:54:27+08:00
754e9a48-ad47-4521-8e4f-8b6281bc6781,M-2142,ORD-20260725-9049-0132,CONCESSION_ACCRUAL,8,178,2026-07-25T13:53:25+08:00
8590f0ad-ec46-479e-81da-89e75da584a3,M-1815,ORD-20260725-8185-0133,CONCESSION_ACCRUAL,15,140,2026-07-25T18:43:15+08:00
68cb8e24-2214-48be-b700-5786dc11f931,M-1854,ORD-20260725-4744-0134,CONCESSION_ACCRUAL,6,153,2026-07-25T10:46:39+08:00
3bb143b5-03b2-43e6-85b5-33f5cc1d57f7,M-1202,ORD-20260725-4942-0135,CONCESSION_ACCRUAL,24,1813,2026-07-25T23:54:19+08:00
0e3c52c9-9807-4faf-b374-a070bbc985a2,M-1487,ORD-20260726-5555-0136,CONCESSION_ACCRUAL,22,559,2026-07-26T00:42:37+08:00
33c2f427-d9ee-4348-83ec-25951b3b9b43,M-1598,ORD-20260726-8103-0137,CONCESSION_ACCRUAL,30,218,2026-07-26T04:24:06+08:00
29141b17-71b4-450d-9514-ebce11203ca9,M-2075,ORD-20260725-5334-0138,CONCESSION_ACCRUAL,12,152,2026-07-25T23:02:36+08:00
da46dced-c8b3-4e02-8793-4f57c6569b94,M-1663,ORD-20260725-2011-0139,CONCESSION_ACCRUAL,13,118,2026-07-25T20:10:07+08:00
8f4b2aa6-294e-4f81-ac56-cdbf041f6b7d,M-1804,ORD-20260725-3294-0140,CONCESSION_ACCRUAL,9,215,2026-07-25T22:06:40+08:00
a9b806a5-5dac-46db-aa53-ae4af5f9fd7e,M-1169,ORD-20260725-4751-0141,CONCESSION_ACCRUAL,18,330,2026-07-25T21:54:20+08:00
7cc907f2-4942-422d-919a-ee8e6f2d9f89,M-1269,ORD-20260725-7068-0142,CONCESSION_ACCRUAL,8,174,2026-07-25T18:20:24+08:00
c59001a0-19a6-40b8-a103-14a715b8bdef,M-1063,ORD-20260725-8608-0143,CONCESSION_ACCRUAL,11,307,2026-07-25T23:25:18+08:00
48e9a3be-c72e-4be3-9f40-07a2eb6eadb4,M-1669,ORD-20260725-9374-0144,CONCESSION_ACCRUAL,8,198,2026-07-25T21:50:42+08:00
ba94055d-01e0-4e8e-9e95-286696d51888,M-1361,ORD-20260725-8081-0145,CONCESSION_ACCRUAL,11,348,2026-07-25T23:23:58+08:00
19db2eb8-0d65-4a27-b0af-ddd6edc58451,M-1802,ORD-20260725-1395-0146,CONCESSION_ACCRUAL,15,340,2026-07-25T23:16:01+08:00
2fc6959a-5c84-4c2f-9281-e81ab2717f18,M-1693,ORD-20260726-6629-0147,CONCESSION_ACCRUAL,3,296,2026-07-26T00:43:47+08:00
b7186ae7-5f01-4bfd-bc11-c2430f67f2cc,M-1116,ORD-20260726-8371-0148,CONCESSION_ACCRUAL,45,239,2026-07-26T00:48:58+08:00
c4c671a9-da79-4291-a2c3-61a7822f67b0,M-1457,ORD-20260725-9085-0149,CONCESSION_ACCRUAL,11,245,2026-07-25T19:02:00+08:00
49b8987a-a5cb-4f02-81d6-a2d7e7e7835a,M-1586,ORD-20260725-5025-0150,CONCESSION_ACCRUAL,8,299,2026-07-25T19:25:55+08:00
994473b8-dd45-4658-84b9-1463bcc008d7,M-1619,ORD-20260725-6386-0151,CONCESSION_ACCRUAL,16,206,2026-07-25T18:44:35+08:00
c8c2ed45-434a-432d-b7a0-2b0ce817c348,M-1039,ORD-20260725-1802-0152,CONCESSION_ACCRUAL,3,375,2026-07-25T22:11:23+08:00
deb4b70a-8702-4daf-b729-891a07a94b92,M-1607,ORD-20260725-5134-0153,CONCESSION_ACCRUAL,6,178,2026-07-25T14:26:03+08:00
351b9f32-0b49-4dc9-a68e-4cf3801d0f9f,M-1686,ORD-20260725-8707-0154,CONCESSION_ACCRUAL,3,172,2026-07-25T23:29:16+08:00
d825c2b0-c07a-46c7-a929-1450697acc10,M-1289,ORD-20260725-7398-0155,CONCESSION_ACCRUAL,7,100,2026-07-25T16:02:35+08:00
5c22ac5e-1627-4df3-accc-7514b7df1284,M-1248,ORD-20260725-5793-0156,CONCESSION_ACCRUAL,3,253,2026-07-25T18:32:17+08:00
269bfe89-b836-4171-a239-bc0b39fe2a0c,M-1424,ORD-20260725-5991-0157,CONCESSION_ACCRUAL,15,120,2026-07-25T18:08:40+08:00
73d5cac4-789e-421a-94ce-38625c50c916,M-1180,ORD-20260725-3240-0158,CONCESSION_ACCRUAL,13,189,2026-07-25T12:29:51+08:00
b61e8d51-b350-4d14-b6e3-feab2751b810,M-1862,ORD-20260725-4748-0159,CONCESSION_ACCRUAL,7,84,2026-07-25T19:03:46+08:00
c1e19f7c-0750-4789-9b4a-3e027b230ab3,M-1260,ORD-20260725-2586-0160,CONCESSION_ACCRUAL,18,260,2026-07-25T22:48:48+08:00
46dafe40-f4fc-495d-af55-4084e8d7084f,M-1557,ORD-20260725-7910-0161,CONCESSION_ACCRUAL,8,219,2026-07-25T23:20:04+08:00
4214312d-ef02-4342-a454-99d5c0e9fcec,M-1636,ORD-20260725-9995-0162,CONCESSION_ACCRUAL,9,1225,2026-07-25T17:00:53+08:00
6b8c8909-53c5-4c14-98a1-e7dca8bb3eb2,M-1796,ORD-20260725-1061-0163,CONCESSION_ACCRUAL,16,255,2026-07-25T22:19:39+08:00
951839b7-d20f-4e04-a0bc-4bacefdbf6cc,M-1242,ORD-20260725-7888-0164,CONCESSION_ACCRUAL,31,271,2026-07-25T22:36:26+08:00
86e57dc4-0722-42ea-809b-4abeb7e1b868,M-1044,ORD-20260725-1489-0165,CONCESSION_ACCRUAL,31,349,2026-07-25T21:12:40+08:00
530063f5-ba02-4b94-ad95-9ef275692e15,M-1306,ORD-20260725-4339-0166,CONCESSION_ACCRUAL,3,298,2026-07-25T23:26:15+08:00
8bc65744-58c6-4084-a5fd-d2913d97612d,M-1800,ORD-20260726-8757-0167,CONCESSION_ACCRUAL,8,479,2026-07-26T01:55:53+08:00
e511f3a6-2579-497d-9d41-d3746e410c13,M-1743,ORD-20260726-9758-0168,CONCESSION_ACCRUAL,23,438,2026-07-26T00:03:21+08:00
884645a1-c336-4528-a53a-9d0d77200694,M-1307,ORD-20260725-7078-0169,CONCESSION_ACCRUAL,20,331,2026-07-25T13:57:52+08:00
c8d17be5-dd9e-448b-8faa-dbbc19be96ee,M-1283,ORD-20260726-9590-0170,CONCESSION_ACCRUAL,3,161,2026-07-26T00:18:37+08:00
00a9c401-19dd-462b-8054-c22addf5eaa2,M-1345,ORD-20260725-3078-0171,CONCESSION_ACCRUAL,3,210,2026-07-25T21:28:04+08:00
79facd0b-7c35-40b9-9033-89e622f41544,M-1308,ORD-20260726-9489-0172,CONCESSION_ACCRUAL,11,429,2026-07-26T00:29:05+08:00
0070d191-9084-4911-9553-0953814f8e5f,M-1140,ORD-20260725-1020-0173,CONCESSION_ACCRUAL,7,331,2026-07-25T15:21:00+08:00
8f7e0518-06fe-4910-8e28-a1ee3fd5907c,M-1010,ORD-20260726-6545-0174,CONCESSION_ACCRUAL,11,118,2026-07-26T01:09:36+08:00
f4448691-9105-408c-9fe7-690e05417351,M-1138,ORD-20260725-1786-0175,CONCESSION_ACCRUAL,19,734,2026-07-25T23:42:49+08:00
65b3a022-e356-4e6e-acdb-1d448682f073,M-1142,ORD-20260725-6434-0176,CONCESSION_ACCRUAL,21,569,2026-07-25T18:32:53+08:00
667ac03a-5238-43b2-80f4-f646e879d007,M-1076,ORD-20260725-3419-0177,CONCESSION_ACCRUAL,16,401,2026-07-25T21:23:09+08:00
783f09b7-ab3f-4552-87f8-b830e1e49d39,M-1429,ORD-20260725-4762-0178,CONCESSION_ACCRUAL,25,495,2026-07-25T23:41:06+08:00
4cc216b3-1359-448a-8633-b06e98d0483e,M-2119,ORD-20260725-5673-0179,CONCESSION_ACCRUAL,6,206,2026-07-25T21:32:46+08:00
a93a4114-e7dd-44d7-9939-05667b6160b1,M-2197,ORD-20260725-6143-0180,CONCESSION_ACCRUAL,18,192,2026-07-25T19:55:44+08:00
8ce81081-118e-43fe-911e-7f1a72932fe6,M-1607,ORD-20260725-9017-0181,CONCESSION_ACCRUAL,8,186,2026-07-25T23:19:11+08:00
282ecded-92b5-4f4a-a841-4617828641ba,M-1043,ORD-20260726-5299-0182,CONCESSION_ACCRUAL,9,799,2026-07-26T00:33:09+08:00
7933c1dc-5e2c-41e6-b494-5cc1fce9a640,M-1840,ORD-20260725-8690-0183,CONCESSION_ACCRUAL,30,1552,2026-07-25T22:06:41+08:00
8670d18a-426f-42d0-9c0f-19217e883d26,M-1594,ORD-20260725-3964-0184,CONCESSION_ACCRUAL,8,244,2026-07-25T03:42:10+08:00
f8da05d3-3076-4c9e-8006-b3f0591e56d2,M-1179,ORD-20260725-2585-0185,CONCESSION_ACCRUAL,19,323,2026-07-25T15:51:00+08:00
4e81ac94-67bd-44f9-8bd8-3e8bd5eb829e,M-1335,ORD-20260725-9764-0186,CONCESSION_ACCRUAL,11,153,2026-07-25T22:45:59+08:00
46b9c4d4-4a86-4213-b5af-d132d709cf75,M-1786,ORD-20260725-5709-0187,CONCESSION_ACCRUAL,11,515,2026-07-25T22:05:30+08:00
8608fcba-1cf0-49f4-863a-3e2e4f95ec36,M-1780,ORD-20260726-3529-0188,CONCESSION_ACCRUAL,23,258,2026-07-26T00:26:43+08:00
36953716-0c65-4dc7-a81e-3e0396525b92,M-1530,ORD-20260725-9297-0189,CONCESSION_ACCRUAL,3,370,2026-07-25T17:55:36+08:00
f6b5373e-a58b-4736-a5d8-cae0a059c2e6,M-1997,ORD-20260725-6141-0190,CONCESSION_ACCRUAL,6,76,2026-07-25T23:46:10+08:00
19e0e5cb-5eed-4495-bf9e-5cb90935a694,M-1814,ORD-20260725-4192-0191,CONCESSION_ACCRUAL,30,192,2026-07-25T21:46:03+08:00
ba6d218c-ef51-410d-a354-13f427661460,M-1452,ORD-20260725-4071-0192,CONCESSION_ACCRUAL,15,210,2026-07-25T23:33:41+08:00
3d07f4c6-0dbf-42fb-b10a-519a69ac00db,M-1751,ORD-20260725-4563-0193,CONCESSION_ACCRUAL,25,418,2026-07-25T23:38:20+08:00
d4e2efe6-3340-45c0-8754-ed1099772370,M-1492,ORD-20260726-7582-0194,CONCESSION_ACCRUAL,10,443,2026-07-26T01:37:06+08:00
33882f69-e9c5-4c99-9fbc-2c8a7c6ce086,M-1478,ORD-20260725-9125-0195,CONCESSION_ACCRUAL,23,130,2026-07-25T16:48:28+08:00
a0047da6-39ec-4a33-8cbd-cb3f9d764bb4,M-1127,ORD-20260725-1469-0196,CONCESSION_ACCRUAL,7,96,2026-07-25T23:43:23+08:00
b3575332-e5fb-4e1d-a240-4e6f77464207,M-1587,ORD-20260725-9081-0197,CONCESSION_ACCRUAL,23,864,2026-07-25T21:26:50+08:00
e3f48c86-8b9e-41b9-871f-0e3db3d92125,M-1473,ORD-20260725-6886-0198,CONCESSION_ACCRUAL,3,250,2026-07-25T22:12:18+08:00
c74502c7-00a3-46f1-8cbc-d6440c6e6dbc,M-1243,ORD-20260725-7178-0199,CONCESSION_ACCRUAL,50,190,2026-07-25T18:03:32+08:00
2bc68676-1006-46e2-bf5c-db22a1ce4159,M-1095,ORD-20260725-4424-0200,CONCESSION_ACCRUAL,10,197,2026-07-25T23:58:52+08:00
48171a0f-7f4a-46f2-bb97-146afdd3702c,M-1978,ORD-20260725-6199-0201,CONCESSION_ACCRUAL,13,131,2026-07-25T22:44:17+08:00
7844cc9b-a690-4a60-a896-a4a835dc1bf5,M-1745,ORD-20260726-5457-0202,CONCESSION_ACCRUAL,3,519,2026-07-26T00:19:06+08:00
3fa5ca90-6f0e-4662-98d7-7382827fef6a,M-1703,ORD-20260725-8166-0203,CONCESSION_ACCRUAL,10,142,2026-07-25T09:34:25+08:00
bd760c3f-85a3-4379-9d87-ddbbb94a7197,M-1947,ORD-20260725-9116-0204,CONCESSION_ACCRUAL,11,153,2026-07-25T13:42:59+08:00
5085f9ee-4806-4f20-8783-30addf898c49,M-1699,ORD-20260725-1504-0205,CONCESSION_ACCRUAL,30,224,2026-07-25T23:49:14+08:00
df50e664-2ea9-43df-9304-978c19f6154a,M-1886,ORD-20260725-6602-0206,CONCESSION_ACCRUAL,12,60,2026-07-25T16:36:17+08:00
5846de8b-d461-4e8a-b432-a75337cd74c1,M-1828,ORD-20260726-9711-0207,CONCESSION_ACCRUAL,3,186,2026-07-26T00:25:44+08:00
f9dfc228-f18e-4f58-b3ad-e538e079b2b0,M-1389,ORD-20260726-7606-0208,CONCESSION_ACCRUAL,16,370,2026-07-26T03:41:12+08:00
da5369f6-88eb-4d09-858c-d0ae2418f5af,M-1251,ORD-20260725-2545-0209,CONCESSION_ACCRUAL,10,315,2026-07-25T23:11:43+08:00
7796a996-c64d-4882-be1e-51cda34d9965,M-1445,ORD-20260725-4948-0210,CONCESSION_ACCRUAL,3,130,2026-07-25T16:52:21+08:00
1afc16da-e39d-4223-8a40-c3484904071e,M-1932,ORD-20260725-4275-0211,CONCESSION_ACCRUAL,18,64,2026-07-25T19:47:08+08:00
a2d4701d-f183-4d68-a0d3-527c8fe301ca,M-1346,ORD-20260725-2905-0212,CONCESSION_ACCRUAL,16,238,2026-07-25T22:39:13+08:00
08733f75-e0b4-44b6-97d3-182859e56357,M-1706,ORD-20260725-1142-0213,CONCESSION_ACCRUAL,14,613,2026-07-25T23:03:13+08:00
b6fca7c4-6de3-4748-81f3-95432f2d8273,M-1399,ORD-20260725-3078-0214,CONCESSION_ACCRUAL,11,179,2026-07-25T20:58:23+08:00
685a205d-874f-43eb-bad6-aebbe9f47615,M-1430,ORD-20260725-9617-0215,CONCESSION_ACCRUAL,13,1544,2026-07-25T20:51:09+08:00
b9c3e13c-ac43-4d06-bc28-02bd5bc8a285,M-1334,ORD-20260725-4159-0216,CONCESSION_ACCRUAL,8,277,2026-07-25T23:02:46+08:00
66bc1057-2a78-4a58-ab38-397860624a69,M-1524,ORD-20260725-6747-0217,CONCESSION_ACCRUAL,8,235,2026-07-25T20:31:26+08:00
7ae5364b-aefb-4e25-8c47-e0bb96805b44,M-1738,ORD-20260726-8192-0218,CONCESSION_ACCRUAL,9,166,2026-07-26T00:53:49+08:00
e9f47908-accf-412d-a4f2-3754430e07f7,M-1644,ORD-20260726-6521-0219,CONCESSION_ACCRUAL,8,106,2026-07-26T00:04:10+08:00
31d599ae-1080-4237-abf2-6dc421ae63aa,M-1568,ORD-20260725-4602-0220,CONCESSION_ACCRUAL,22,447,2026-07-25T21:09:39+08:00
55a08d81-9d52-4d53-b4e9-d658e755be9a,M-1839,ORD-20260725-1122-0221,CONCESSION_ACCRUAL,9,307,2026-07-25T19:11:13+08:00
119573cd-4ac6-4cdb-b74b-e95900ed89df,M-1816,ORD-20260725-6768-0222,CONCESSION_ACCRUAL,10,109,2026-07-25T22:45:44+08:00
c3c98935-2725-4723-b412-1690e7315e1e,M-1500,ORD-20260725-6173-0223,CONCESSION_ACCRUAL,18,377,2026-07-25T21:22:01+08:00
c96c095f-f14e-4028-9258-5688e1e5004d,M-1608,ORD-20260725-3320-0224,CONCESSION_ACCRUAL,11,204,2026-07-25T19:33:24+08:00
5841a84e-eaf0-42ff-b1cf-e0e9ef9658c6,M-1268,ORD-20260725-9937-0225,CONCESSION_ACCRUAL,7,12,2026-07-25T19:02:55+08:00
440fdd10-8370-4fa3-b859-51bb105dd2ad,M-2099,ORD-20260725-9471-0226,CONCESSION_ACCRUAL,40,193,2026-07-25T21:48:18+08:00
02666056-b289-45db-84df-f828d703cfb8,M-1659,ORD-20260725-6819-0227,CONCESSION_ACCRUAL,3,339,2026-07-25T21:07:01+08:00
0f8c83e1-35f2-4921-975d-f9ac5ad2acd3,M-2143,ORD-20260725-6452-0228,CONCESSION_ACCRUAL,7,7,2026-07-25T19:39:27+08:00
dc568329-be2c-43f2-96b1-441c3644076d,M-1272,ORD-20260725-4508-0229,CONCESSION_ACCRUAL,4,1292,2026-07-25T14:44:22+08:00
ec0060dc-0759-4939-a19c-cf870151ec05,M-1763,ORD-20260726-8255-0230,CONCESSION_ACCRUAL,8,270,2026-07-26T03:41:33+08:00
b5a847ba-9163-44d2-bc3b-20a47e9a5cbe,M-1777,ORD-20260725-5431-0231,CONCESSION_ACCRUAL,13,336,2026-07-25T16:44:37+08:00
fa6d767f-4fce-4b0e-b4cc-c52abd144e92,M-1371,ORD-20260725-1555-0232,CONCESSION_ACCRUAL,8,237,2026-07-25T23:20:31+08:00
276585a0-534f-4199-8aa5-20d9e385814c,M-2098,ORD-20260726-7292-0233,CONCESSION_ACCRUAL,6,66,2026-07-26T00:34:10+08:00
b14accf7-a3bc-4fea-bc5e-49eb495a55b7,M-1743,ORD-20260725-4719-0234,CONCESSION_ACCRUAL,8,446,2026-07-25T18:47:21+08:00
a4095c6d-c666-4a5a-894a-1173769fa041,M-1809,ORD-20260725-9913-0235,CONCESSION_ACCRUAL,22,380,2026-07-25T21:29:55+08:00
f65f33f0-48fb-4da0-875b-b802183eaeb4,M-1698,ORD-20260725-6282-0236,CONCESSION_ACCRUAL,17,334,2026-07-25T22:52:17+08:00
a74ebf0d-3125-42d8-a4b7-be01afbad152,M-1698,TIER_UPGRADE_Standard_TO_Silver,TIER_BONUS,50,384,2026-07-25T22:52:17+08:00
4f30b7ae-ed34-4e40-8d77-0c192505c4d0,M-2077,ORD-20260726-8190-0237,CONCESSION_ACCRUAL,8,117,2026-07-26T00:39:57+08:00
21ce370e-bdd1-41bd-884f-a68903054105,M-1250,ORD-20260725-3506-0238,CONCESSION_ACCRUAL,23,122,2026-07-25T21:35:31+08:00
c5f12678-2094-4657-b99b-0147abea8a93,M-2017,ORD-20260725-6104-0239,CONCESSION_ACCRUAL,6,135,2026-07-25T18:27:37+08:00
7b66c8ff-f8eb-4cbf-92dc-d96174001ea5,M-1017,ORD-20260725-4042-0240,CONCESSION_ACCRUAL,11,217,2026-07-25T18:50:33+08:00
8139ea27-a540-4d87-9d2c-5335ec1f90c9,M-1081,ORD-20260725-4290-0241,CONCESSION_ACCRUAL,3,299,2026-07-25T17:56:22+08:00
b224de62-429a-4d9e-913f-b3635b3fac3a,M-1947,ORD-20260725-8462-0242,CONCESSION_ACCRUAL,28,181,2026-07-25T20:14:52+08:00
7bf446a1-d8be-4b64-9e39-ab0830fbae59,M-1377,ORD-20260725-8837-0243,CONCESSION_ACCRUAL,9,630,2026-07-25T15:44:26+08:00
38aa6a54-54f2-430e-b4c8-78ac9d907533,M-1364,ORD-20260725-2736-0244,CONCESSION_ACCRUAL,9,980,2026-07-25T16:56:38+08:00
5067c054-e80e-4032-8e6c-2208770d4b4e,M-1654,ORD-20260725-5750-0245,CONCESSION_ACCRUAL,24,356,2026-07-25T23:12:27+08:00
478ff5bf-5c3b-4e02-8b5d-2eef76305f7b,M-1394,ORD-20260725-3256-0246,CONCESSION_ACCRUAL,39,518,2026-07-25T22:00:49+08:00
0be0680e-3f97-4f8f-9f6c-b57201a6ce28,M-1587,ORD-20260725-7352-0247,CONCESSION_ACCRUAL,18,882,2026-07-25T17:53:37+08:00
8676722c-ca5d-4913-be53-f89e25f3fb13,M-2105,ORD-20260725-9727-0248,CONCESSION_ACCRUAL,18,145,2026-07-25T21:34:48+08:00
9464cd79-d120-4ed2-b0c2-30d0db3c2dd1,M-2141,ORD-20260725-7517-0249,CONCESSION_ACCRUAL,6,128,2026-07-25T21:44:53+08:00
67fddf58-3c56-4793-a5b1-7981982348db,M-1390,ORD-20260726-7645-0250,CONCESSION_ACCRUAL,28,166,2026-07-26T04:20:42+08:00
d8f80099-639b-42ed-bf4b-897abf581ddd,M-1700,ORD-20260725-5487-0251,CONCESSION_ACCRUAL,8,310,2026-07-25T21:10:01+08:00
7a73ada8-938b-481b-b10a-8e6de3478d8d,M-1092,ORD-20260725-8215-0252,CONCESSION_ACCRUAL,11,402,2026-07-25T21:04:09+08:00
13f7a39c-3c9f-4e7a-a627-7abf64a0326f,M-1061,ORD-20260725-8636-0253,CONCESSION_ACCRUAL,15,179,2026-07-25T23:30:31+08:00
30e60c17-d32e-4c9c-9b1e-97880e5a9e23,M-1553,ORD-20260725-7153-0254,CONCESSION_ACCRUAL,26,416,2026-07-25T16:29:10+08:00
9d27ebbe-26f0-4e19-8fd2-3d00a8c4639f,M-1778,ORD-20260725-8315-0255,CONCESSION_ACCRUAL,8,90,2026-07-25T23:53:23+08:00
57062d7a-499e-432d-9516-3f36da47a108,M-2044,ORD-20260725-3222-0256,CONCESSION_ACCRUAL,12,90,2026-07-25T22:22:39+08:00
7cf79219-27e4-4cf1-944a-ec17ec84c05b,M-2016,ORD-20260725-9472-0257,CONCESSION_ACCRUAL,24,43,2026-07-25T22:54:41+08:00
4b55a3a9-0080-4e88-b2df-0c16110ace1f,M-1538,ORD-20260725-6079-0258,CONCESSION_ACCRUAL,9,163,2026-07-25T07:41:47+08:00
e6700229-0281-4682-b2d9-01631bf03493,M-1538,TIER_UPGRADE_Standard_TO_Silver,TIER_BONUS,50,213,2026-07-25T07:41:47+08:00
6e999539-a27c-4fce-ae89-d51a15b9e54d,M-1626,ORD-20260725-7143-0259,CONCESSION_ACCRUAL,18,216,2026-07-25T17:55:51+08:00
6e32bf75-7fd9-416f-b073-93da4d667af3,M-1228,ORD-20260725-6635-0260,CONCESSION_ACCRUAL,16,437,2026-07-25T21:12:25+08:00
d2541d91-7955-4ab3-a0ca-899fb4d60523,M-1073,ORD-20260725-2114-0261,CONCESSION_ACCRUAL,7,122,2026-07-25T22:26:13+08:00
320ab2d6-8e27-4b41-863a-fd2c8bc17d43,M-1312,ORD-20260725-8322-0262,CONCESSION_ACCRUAL,3,386,2026-07-25T04:54:08+08:00
a42b26a9-0684-4fd3-aaa4-b69eaae9109b,M-1058,ORD-20260725-3330-0263,CONCESSION_ACCRUAL,28,221,2026-07-25T22:44:57+08:00
6e55cfa9-4962-440e-ad0c-14be7de2f67c,M-1642,ORD-20260725-6413-0264,CONCESSION_ACCRUAL,13,150,2026-07-25T23:57:10+08:00
0cee759b-6f0d-4286-be98-a42d2e726471,M-1688,ORD-20260725-9716-0265,CONCESSION_ACCRUAL,4,423,2026-07-25T21:04:20+08:00
ce5c6d6b-47f6-44e3-8fdc-e04553c3a552,M-1322,ORD-20260725-7419-0266,CONCESSION_ACCRUAL,7,223,2026-07-25T23:07:12+08:00
91a1d69d-4c2f-4ed5-9db3-a3ccaa83dac7,M-1322,TIER_UPGRADE_Standard_TO_Silver,TIER_BONUS,50,273,2026-07-25T23:07:12+08:00
22521868-f18a-494b-99d1-b3177abf75f9,M-1077,ORD-20260725-9673-0267,CONCESSION_ACCRUAL,11,416,2026-07-25T17:34:49+08:00
bbd29c5e-8a7f-46ca-a327-702f47f80e9d,M-1413,ORD-20260725-4406-0268,CONCESSION_ACCRUAL,31,241,2026-07-25T19:41:19+08:00
1b514bb8-b31b-4748-b570-146065acd722,M-1409,ORD-20260725-7435-0269,CONCESSION_ACCRUAL,8,227,2026-07-25T21:10:10+08:00
475853f5-590b-442a-9565-a6052a610f35,M-1651,ORD-20260725-4078-0270,CONCESSION_ACCRUAL,43,312,2026-07-25T23:52:40+08:00
2a430514-d381-47e8-b658-69c766293ba2,M-1284,ORD-20260725-6159-0271,CONCESSION_ACCRUAL,27,127,2026-07-25T22:18:00+08:00
103a41ac-4452-49da-b13e-d9f4ab536991,M-1355,ORD-20260726-9408-0272,CONCESSION_ACCRUAL,11,282,2026-07-26T02:17:19+08:00
bd79674d-9945-49af-bd20-c650fa050e51,M-1337,ORD-20260725-5481-0273,CONCESSION_ACCRUAL,13,308,2026-07-25T22:13:52+08:00
429db979-f49c-4052-92f6-e0834f5499d6,M-1662,ORD-20260725-8957-0274,CONCESSION_ACCRUAL,15,298,2026-07-25T19:55:40+08:00
b438cca0-55a0-4d19-8484-b74a0576d45f,M-1131,ORD-20260726-1785-0275,CONCESSION_ACCRUAL,45,271,2026-07-26T00:44:39+08:00
3b4ea413-27b7-4a43-aa33-46d3462040e4,M-1305,ORD-20260725-6002-0276,CONCESSION_ACCRUAL,8,288,2026-07-25T21:09:06+08:00
7cb6698a-ccd9-4d89-a4f5-bd918d319acf,M-1989,ORD-20260725-2801-0277,CONCESSION_ACCRUAL,2,149,2026-07-25T23:35:49+08:00
295032cf-f584-443d-8cbd-16657c2c7359,M-1656,ORD-20260725-4888-0278,CONCESSION_ACCRUAL,27,278,2026-07-25T20:58:53+08:00
d2af94aa-3d6b-44cb-8494-35bc59362df7,M-1421,ORD-20260725-5412-0279,CONCESSION_ACCRUAL,18,588,2026-07-25T23:37:05+08:00
7d7ce512-0b4c-4f49-ad17-72b188810a0d,M-1388,ORD-20260725-8356-0280,CONCESSION_ACCRUAL,18,229,2026-07-25T21:38:54+08:00
19d0a58f-b902-4e8c-8819-2bd74daf88a8,M-1270,ORD-20260725-3987-0281,CONCESSION_ACCRUAL,31,1015,2026-07-25T14:49:15+08:00
5642c4b3-3eb8-4e9e-a37a-2a253991fa4d,M-1178,ORD-20260726-7050-0282,CONCESSION_ACCRUAL,3,257,2026-07-26T00:34:27+08:00
2a61dbae-04be-4628-92d5-c2b5244c2f71,M-1521,ORD-20260725-4934-0283,CONCESSION_ACCRUAL,26,304,2026-07-25T08:14:18+08:00
27406889-7a5b-4d80-9f16-b9af673dcc4d,M-1989,ORD-20260725-9591-0284,CONCESSION_ACCRUAL,6,155,2026-07-25T17:22:04+08:00
44dc4f5e-eae9-4b01-a601-ed9946841ee4,M-1320,ORD-20260725-9289-0285,CONCESSION_ACCRUAL,16,867,2026-07-25T20:16:00+08:00
ad5b1e64-81e5-4aed-a387-32b74f20cc9c,M-1734,ORD-20260725-4707-0286,CONCESSION_ACCRUAL,11,172,2026-07-25T09:44:00+08:00
d49995ba-20e2-433c-9fd7-b024e106f6bf,M-1588,ORD-20260725-9315-0287,CONCESSION_ACCRUAL,9,1632,2026-07-25T22:26:00+08:00
9bc32081-f859-4d96-91e0-dcdbcde2f0d2,M-1089,ORD-20260725-5533-0288,CONCESSION_ACCRUAL,14,145,2026-07-25T17:15:00+08:00
a6252d87-3f05-46e1-bd94-14d3b3e3c5f3,M-1488,ORD-20260725-5918-0289,CONCESSION_ACCRUAL,26,570,2026-07-25T11:40:00+08:00
b451106b-c846-46c8-bd40-9fad426eddec,M-1564,ORD-20260725-5030-0290,CONCESSION_ACCRUAL,22,478,2026-07-25T15:27:00+08:00
ecac7614-d47c-4e75-9c8e-8ba3bde8bb00,M-1969,ORD-20260725-9957-0291,CONCESSION_ACCRUAL,3,59,2026-07-25T15:15:00+08:00
37880c82-d11c-456b-863d-fcd5eb8ac3c3,M-1912,ORD-20260725-9068-0292,CONCESSION_ACCRUAL,6,198,2026-07-25T12:11:00+08:00
0b0708f2-91c6-4603-a127-3e3fd018037f,M-1336,ORD-20260725-5763-0293,CONCESSION_ACCRUAL,18,272,2026-07-25T10:20:00+08:00
ff7155f5-16ed-4015-96c8-580bf6c01563,M-1538,ORD-20260725-3907-0294,CONCESSION_ACCRUAL,19,232,2026-07-25T12:15:00+08:00
1b167e37-c11b-4b62-9d23-dd73e94b6497,M-1650,ORD-20260725-5160-0295,CONCESSION_ACCRUAL,15,105,2026-07-25T12:13:00+08:00
2c779613-66c9-4ef6-a2f6-618190bd2c28,M-1545,ORD-20260725-3737-0296,CONCESSION_ACCRUAL,7,385,2026-07-25T17:28:00+08:00
2ac78db9-a51b-4fe6-be74-25e0554e0df4,M-1615,ORD-20260725-2792-0297,CONCESSION_ACCRUAL,15,431,2026-07-25T13:58:00+08:00
4e775120-0f29-4aae-ab06-4a1cf01aa2f7,M-1315,ORD-20260725-9226-0298,CONCESSION_ACCRUAL,33,240,2026-07-25T16:43:00+08:00
4793eb18-fbe5-431b-8651-3557984d6d14,M-1258,ORD-20260725-7875-0299,CONCESSION_ACCRUAL,8,374,2026-07-25T10:03:00+08:00
b0c5a71d-f3cd-4158-a8ec-f8b57b5fe582,M-1457,ORD-20260725-8487-0300,CONCESSION_ACCRUAL,24,269,2026-07-25T11:59:00+08:00
f8da228f-8160-44e9-a7df-a3199c22b6e0,M-1688,ORD-20260725-3353-0301,CONCESSION_ACCRUAL,13,436,2026-07-25T20:16:00+08:00
9e7fbfd7-1f0a-4a75-b6b3-1c64db405157,M-1075,ORD-20260725-2253-0302,CONCESSION_ACCRUAL,7,165,2026-07-25T13:11:00+08:00
9fe45c43-0590-436d-b4fe-4919d0c6ec67,M-1601,ORD-20260725-9385-0303,CONCESSION_ACCRUAL,16,183,2026-07-25T16:41:00+08:00
0fc3ba20-5f00-42d2-b577-ff8d852d8cce,M-1335,ORD-20260725-5399-0304,CONCESSION_ACCRUAL,3,156,2026-07-25T22:44:00+08:00
2c26d71d-ddf6-4bd9-b01a-d27362c2c5b3,M-1269,ORD-20260725-5524-0305,CONCESSION_ACCRUAL,15,189,2026-07-25T10:46:00+08:00
d9a69e75-0d91-43e4-9182-a7df7952d788,M-1468,ORD-20260725-9921-0306,CONCESSION_ACCRUAL,15,322,2026-07-25T22:38:00+08:00
9fe347b2-c0e1-422f-8290-4d2408250002,M-1726,ORD-20260725-9885-0307,CONCESSION_ACCRUAL,8,166,2026-07-25T19:49:00+08:00
11957e00-1a1a-41f1-8d99-a56167f88fc9,M-1540,ORD-20260725-1284-0308,CONCESSION_ACCRUAL,8,204,2026-07-25T10:05:00+08:00
29fff4d4-ec29-4320-b115-dc7f41ed191e,M-1798,ORD-20260725-8396-0309,CONCESSION_ACCRUAL,8,412,2026-07-25T22:28:00+08:00
5f70d01a-ad04-4f19-ba97-0fb2cb758d94,M-1566,ORD-20260725-8170-0310,CONCESSION_ACCRUAL,23,456,2026-07-25T15:52:00+08:00
65b4a9e8-d2a7-49c3-9abd-0f7ef4f9990b,M-1196,ORD-20260725-8031-0311,CONCESSION_ACCRUAL,8,215,2026-07-25T11:32:00+08:00
5cf1905d-9544-4bf5-8225-605a606ab5d0,M-1939,ORD-20260725-7252-0312,CONCESSION_ACCRUAL,19,36,2026-07-25T13:53:00+08:00
b9fc86bf-1ec8-4d2f-bbfd-4ebd8049fa6d,M-1537,ORD-20260725-5389-0313,CONCESSION_ACCRUAL,25,248,2026-07-25T20:31:00+08:00
7dfc2b1d-8548-4d3c-a7d2-9124074f80cf,M-1273,ORD-20260725-2561-0314,CONCESSION_ACCRUAL,10,919,2026-07-25T15:24:00+08:00
1e706e12-a3e9-4643-8f4d-9c6a35a52fef,M-1332,ORD-20260725-3289-0315,CONCESSION_ACCRUAL,12,217,2026-07-25T17:07:00+08:00
b37541a0-df51-4c0e-b606-aadbae319880,M-2079,ORD-20260725-9501-0316,CONCESSION_ACCRUAL,19,259,2026-07-25T18:18:00+08:00
6e3c3d28-28bf-4054-8fc0-34d2df2f3582,M-1228,ORD-20260725-6791-0317,CONCESSION_ACCRUAL,11,448,2026-07-25T13:27:00+08:00
33a1fa4d-c22a-4a08-bdd4-ee5081272943,M-1140,ORD-20260725-3843-0318,CONCESSION_ACCRUAL,10,341,2026-07-25T17:02:00+08:00
1e56769e-fcc9-4e20-9557-776040c64678,M-1648,ORD-20260725-6420-0319,CONCESSION_ACCRUAL,13,374,2026-07-25T21:30:00+08:00
ce9e6957-3679-4582-a755-6708b5179357,M-1753,ORD-20260725-8109-0320,CONCESSION_ACCRUAL,11,389,2026-07-25T17:21:00+08:00
cd7f8797-fea9-4ff3-98bb-2234bfa31781,M-1820,ORD-20260725-3451-0321,CONCESSION_ACCRUAL,11,376,2026-07-25T17:40:00+08:00
ab96b49a-b58f-4fc9-ad9f-ef9695004628,M-1252,ORD-20260725-7918-0322,CONCESSION_ACCRUAL,13,353,2026-07-25T13:16:00+08:00
8029e4ce-e6f8-494a-ba94-c8bdfa3ff827,M-1433,ORD-20260725-6289-0323,CONCESSION_ACCRUAL,12,164,2026-07-25T17:13:00+08:00
d578925b-554a-4bfe-bdbe-5bcbfdf23dfb,M-1504,ORD-20260725-3248-0324,CONCESSION_ACCRUAL,11,159,2026-07-25T21:31:00+08:00
49fad18e-3b80-4bff-b20b-9eeda81f6b0c,M-1998,ORD-20260725-7655-0325,CONCESSION_ACCRUAL,11,338,2026-07-25T21:11:00+08:00
9958ec12-3498-44bf-978b-5f834d961517,M-1540,ORD-20260725-2606-0326,CONCESSION_ACCRUAL,11,215,2026-07-25T12:22:00+08:00
f6890f59-4e09-45a1-b260-da9b608045db,M-1432,ORD-20260725-8189-0327,CONCESSION_ACCRUAL,9,3071,2026-07-25T18:06:00+08:00
a373c107-bfa5-4054-ba83-7a21e71181bb,M-1161,ORD-20260725-8241-0328,CONCESSION_ACCRUAL,8,393,2026-07-25T13:13:00+08:00
4e9bf073-f4fe-4d26-bd7c-c833789949cb,M-1261,ORD-20260725-1893-0329,CONCESSION_ACCRUAL,8,293,2026-07-25T11:36:00+08:00
90b4c575-9675-4d3c-9f40-d47bb3e9ff1d,M-1886,ORD-20260725-2375-0330,CONCESSION_ACCRUAL,6,66,2026-07-25T18:42:00+08:00
6fe46691-63fc-4ab7-8f6f-e74de1166d95,M-1136,ORD-20260725-1620-0331,CONCESSION_ACCRUAL,22,206,2026-07-25T12:01:00+08:00
ff2e86d6-6473-4fd0-899a-ea97c32f210b,M-1321,ORD-20260725-2000-0332,CONCESSION_ACCRUAL,15,231,2026-07-25T14:32:00+08:00
24a8075c-db14-4a91-9800-78b000489ab9,M-1073,ORD-20260725-5899-0333,CONCESSION_ACCRUAL,11,133,2026-07-25T16:03:00+08:00
145817b1-eaa9-4c55-ac45-cfa15c4a6d53,M-1699,ORD-20260725-4801-0334,CONCESSION_ACCRUAL,10,234,2026-07-25T11:07:00+08:00
1111b8c2-47f5-46ba-b676-a11c6bf1d223,M-2025,ORD-20260725-8723-0335,CONCESSION_ACCRUAL,11,151,2026-07-25T16:20:00+08:00
368c1d84-f9ce-47b2-b946-b47cf7ce4be1,M-1397,ORD-20260725-4103-0336,CONCESSION_ACCRUAL,15,366,2026-07-25T11:56:00+08:00
b78f1f84-2446-4512-95d5-3288602292e7,M-1495,ORD-20260725-1294-0337,CONCESSION_ACCRUAL,8,196,2026-07-25T17:43:00+08:00
b587be66-23e1-494f-a816-216ee32a4623,M-1110,ORD-20260725-7348-0338,CONCESSION_ACCRUAL,38,352,2026-07-25T22:36:00+08:00
5cf460b8-75b3-4601-830c-bd4fbcf3af16,M-2071,ORD-20260725-2454-0339,CONCESSION_ACCRUAL,3,124,2026-07-25T09:20:00+08:00
bb1e4ed8-343f-47f1-b242-6c82a1539467,M-1419,ORD-20260725-8557-0340,CONCESSION_ACCRUAL,24,341,2026-07-25T18:55:00+08:00
63e468d0-cc87-4c4f-ab02-1c6f9c0d0f9b,M-1776,ORD-20260725-4186-0341,CONCESSION_ACCRUAL,17,199,2026-07-25T10:41:00+08:00
c567337e-3a71-4c20-ae65-727ec91e03e1,M-1044,ORD-20260725-8917-0342,CONCESSION_ACCRUAL,31,380,2026-07-25T12:13:00+08:00
bc6d71fc-509b-42e4-9501-88bf8ce5fc75,M-1141,ORD-20260725-6211-0343,CONCESSION_ACCRUAL,3,184,2026-07-25T09:51:00+08:00
a99ecfbd-e727-450e-9b4d-70cf00bd2f9f,M-1322,ORD-20260725-5764-0344,CONCESSION_ACCRUAL,3,276,2026-07-25T13:28:00+08:00
5bc5a321-ffea-4540-a3f2-f80c3fade142,M-1230,ORD-20260725-2139-0345,CONCESSION_ACCRUAL,11,824,2026-07-25T15:19:00+08:00
39bbcb8e-cea4-4596-ad4d-b571ebbaadb4,M-2193,ORD-20260725-1234-0346,CONCESSION_ACCRUAL,6,97,2026-07-25T16:09:00+08:00
8a4e12a5-30b1-46b7-a3a6-224e5bc56f33,M-1668,ORD-20260725-9498-0347,CONCESSION_ACCRUAL,10,71,2026-07-25T14:51:00+08:00
e4f79dc2-7a62-4012-8e82-d98b17cff9c3,M-1383,ORD-20260725-5146-0348,CONCESSION_ACCRUAL,22,138,2026-07-25T10:28:00+08:00
1ebfb69e-1d34-42f0-8a22-5d35594f6a0c,M-1094,ORD-20260725-6468-0349,CONCESSION_ACCRUAL,10,497,2026-07-25T19:37:00+08:00
b8e2ce26-cc7b-4354-bbfb-769e1565a336,M-1006,ORD-20260725-5951-0350,CONCESSION_ACCRUAL,3,133,2026-07-25T17:41:00+08:00
2bbaf412-3136-4720-9bcc-e7e72bd2a519,M-1550,ORD-20260725-7156-0351,CONCESSION_ACCRUAL,37,139,2026-07-25T17:13:00+08:00
29e53c90-bd69-4652-8562-1a402e58fb82,M-1487,ORD-20260725-8395-0352,CONCESSION_ACCRUAL,18,577,2026-07-25T22:51:00+08:00
aae144a7-67bd-4d4e-9438-b9fd7ea4a1b4,M-1384,ORD-20260725-1941-0353,CONCESSION_ACCRUAL,18,1294,2026-07-25T20:53:00+08:00
11ac8508-96c5-4515-9f85-ab6cc600af58,M-1773,ORD-20260725-5851-0354,CONCESSION_ACCRUAL,22,91,2026-07-25T16:10:00+08:00
6e679425-8b3e-470d-ab17-7c9eb445bb77,M-1222,ORD-20260725-5074-0355,CONCESSION_ACCRUAL,26,448,2026-07-25T15:59:00+08:00
3dfe117e-a8e5-4b6f-8d2b-8e600289da3f,M-1520,ORD-20260725-7871-0356,CONCESSION_ACCRUAL,30,806,2026-07-25T18:28:00+08:00
485cd585-5435-4d1d-8a16-afef1ca1f8b3,M-1459,ORD-20260725-8141-0357,CONCESSION_ACCRUAL,11,171,2026-07-25T22:58:00+08:00
5d69578b-297b-450c-9c45-5b868a4354cf,M-1594,ORD-20260725-3833-0358,CONCESSION_ACCRUAL,9,253,2026-07-25T17:25:00+08:00
e701ed15-94c3-4c4b-bfc0-b9cd165c0064,M-1588,ORD-20260725-7377-0359,CONCESSION_ACCRUAL,20,1652,2026-07-25T21:55:00+08:00
b4c07b27-4b0b-41d3-ac43-488ab19ce6ab,M-1549,ORD-20260725-7686-0360,CONCESSION_ACCRUAL,9,147,2026-07-25T13:40:00+08:00
a00d1416-28dc-4599-afd5-4fe9e2fb8e7b,M-1231,ORD-20260725-2438-0361,CONCESSION_ACCRUAL,15,231,2026-07-25T17:19:00+08:00
6821b1cc-f52d-42f4-b021-7769a38c0068,M-1834,ORD-20260725-9742-0362,CONCESSION_ACCRUAL,30,174,2026-07-25T19:48:00+08:00
e8bd9f08-d8ba-4ae5-9a3f-1f2b45dbeee6,M-1708,ORD-20260725-1973-0363,CONCESSION_ACCRUAL,24,250,2026-07-25T22:48:00+08:00
b5a53b5a-cbe7-4b77-9b06-b82d5da5d68f,M-1355,ORD-20260725-3959-0364,CONCESSION_ACCRUAL,22,304,2026-07-25T15:45:00+08:00
f558ba07-6fac-494e-9228-56e8c41971a4,M-1165,ORD-20260725-8233-0365,CONCESSION_ACCRUAL,18,130,2026-07-25T12:28:00+08:00
e0bcafb2-3b8e-44b6-9f89-8bcf2b3d81ef,M-2065,ORD-20260725-7447-0366,CONCESSION_ACCRUAL,21,87,2026-07-25T17:55:00+08:00
62221799-3fc1-4799-8bbb-6318cdf81660,M-1399,ORD-20260725-8078-0367,CONCESSION_ACCRUAL,11,190,2026-07-25T22:14:00+08:00
1451c6d5-1c77-40a4-afe3-bec57de71cc7,M-1935,ORD-20260725-9921-0368,CONCESSION_ACCRUAL,24,183,2026-07-25T18:24:00+08:00
1356f756-4efd-457b-803c-83b561d2a93b,M-1270,ORD-20260725-5029-0369,CONCESSION_ACCRUAL,9,1024,2026-07-25T19:23:00+08:00
1b147e3e-2409-4545-b6c7-ca0eb2d426f7,M-1023,ORD-20260725-7833-0370,CONCESSION_ACCRUAL,22,160,2026-07-25T09:15:00+08:00
39fb5761-fce7-46fc-9514-9ab3fefe5b70,M-1535,ORD-20260725-7180-0371,CONCESSION_ACCRUAL,19,194,2026-07-25T15:47:00+08:00
a7ddd68e-972b-45c0-8e45-ab0718723e68,M-2099,ORD-20260725-8782-0372,CONCESSION_ACCRUAL,12,205,2026-07-25T18:09:00+08:00
6c015718-db5c-4a1f-be87-15a1508abf20,M-1142,ORD-20260725-1714-0373,CONCESSION_ACCRUAL,18,587,2026-07-25T20:44:00+08:00
790e505a-1ebd-48ae-b589-72607785637a,M-1041,ORD-20260725-9851-0374,CONCESSION_ACCRUAL,13,956,2026-07-25T21:38:00+08:00
f6757ebe-3795-4deb-a1f8-742184b00815,M-1438,ORD-20260725-7836-0375,CONCESSION_ACCRUAL,18,2640,2026-07-25T09:53:00+08:00
c02dba2b-d079-4dc1-afe6-d504d416aeb6,M-1898,ORD-20260725-5338-0376,CONCESSION_ACCRUAL,24,203,2026-07-25T21:06:00+08:00
bba0a1b6-f192-4b4f-868e-8c864c5bbdbe,M-1287,ORD-20260725-4121-0377,CONCESSION_ACCRUAL,15,117,2026-07-25T14:28:00+08:00
29dd078e-28db-40a5-91d1-a28a15301cb7,M-1610,ORD-20260725-4503-0378,CONCESSION_ACCRUAL,3,330,2026-07-25T09:55:00+08:00
2adc4366-73a5-423d-a7fc-3c80b725ff03,M-1514,ORD-20260725-6329-0379,CONCESSION_ACCRUAL,18,527,2026-07-25T18:23:00+08:00
