ledger_id,member_id,source_reference_id,transaction_type,points_delta,resulting_balance,created_at
fe18184f-5890-4857-92e3-a72351ee221a,M-1445,SESS-20260706-3035-0000,RENTAL_ACCRUAL,24,112,2026-07-06T20:15:00+08:00
643c7859-4125-4f4c-8b29-2fb9a750d1e8,M-1080,SESS-20260706-9630-0001,RENTAL_ACCRUAL,18,174,2026-07-06T22:45:00+08:00
e8d275a3-73d7-4695-a5e7-0c64d7704f2b,M-1423,SESS-20260706-3640-0002,RENTAL_ACCRUAL,64,153,2026-07-06T23:45:00+08:00
cb94bd88-192f-4b2d-a537-e1abb890cf86,M-1423,TIER_UPGRADE_Standard_TO_Silver,TIER_BONUS,50,203,2026-07-06T23:45:00+08:00
43851c72-fe2b-43e3-aad2-be9eb795e4e7,M-1421,SESS-20260706-6742-0003,RENTAL_ACCRUAL,5,433,2026-07-06T18:45:00+08:00
4d46d94f-64fd-4387-82fa-a753e3942aab,M-1649,SESS-20260706-4497-0004,RENTAL_ACCRUAL,5,103,2026-07-06T20:00:00+08:00
323576ec-33d9-483e-9cbb-074a77f36d82,M-1001,SESS-20260706-4137-0005,RENTAL_ACCRUAL,10,28,2026-07-06T16:00:00+08:00
3b707ac8-050d-48d0-afff-cead75ee4b32,M-1712,SESS-20260706-5698-0006,RENTAL_REDEMPTION,-200,44,2026-07-06T19:00:00+08:00
051c5041-c08f-4d2f-b2bd-60cca54315b1,M-1712,SESS-20260706-5698-0006,RENTAL_ACCRUAL,14,58,2026-07-06T22:00:00+08:00
7ca7ee73-8b90-4377-8298-785b2756c491,M-1578,SESS-20260706-1072-0007,RENTAL_ACCRUAL,16,145,2026-07-06T12:30:00+08:00
7e74a04d-c213-4164-928b-b8b16885e947,M-1823,SESS-20260706-6346-0008,RENTAL_REDEMPTION,-100,172,2026-07-06T04:25:00+08:00
1ee5bafa-81eb-4f60-8bf9-37bda4b20729,M-1823,SESS-20260706-6346-0008,RENTAL_ACCRUAL,65,237,2026-07-06T12:25:00+08:00
27227cf6-7831-4f44-ad67-c2c1ddaca160,M-1541,SESS-20260706-1873-0009,RENTAL_ACCRUAL,67,715,2026-07-07T02:15:00+08:00
0ddb41c0-c920-411c-9310-b8b395541b34,M-1501,SESS-20260706-9989-0010,RENTAL_REDEMPTION,-100,38,2026-07-06T15:00:00+08:00
e8e2c68f-1d88-4330-aa9f-6c4d916c1677,M-1501,SESS-20260706-9989-0010,RENTAL_ACCRUAL,20,58,2026-07-06T17:00:00+08:00
beef96c0-a093-4973-b128-9a3f64d67519,M-1544,SESS-20260706-9386-0011,RENTAL_ACCRUAL,36,124,2026-07-06T12:45:00+08:00
d3f911f7-c3a6-4bbd-8832-18feea2a0eab,M-1505,SESS-20260706-8647-0012,RENTAL_REDEMPTION,-100,80,2026-07-06T19:30:00+08:00
95637dcb-b10a-4cc2-87a8-d214cd8291de,M-1505,SESS-20260706-8647-0012,RENTAL_ACCRUAL,7,87,2026-07-06T20:30:00+08:00
033809f0-5659-4eba-8f5c-4b94b5375000,M-1479,SESS-20260706-6603-0013,RENTAL_REDEMPTION,-100,2466,2026-07-06T10:45:00+08:00
b40150e0-85d1-473b-b7cf-9fb3d9ee1a46,M-1479,SESS-20260706-6603-0013,RENTAL_ACCRUAL,4,2470,2026-07-06T12:45:00+08:00
c3f2cdb3-c2ee-4abc-8985-4c0afdb0f0f2,M-1079,SESS-20260706-6742-0014,RENTAL_ACCRUAL,19,198,2026-07-06T04:35:00+08:00
0256778c-d5f5-4273-942a-6f81c97825bb,M-1870,SESS-20260706-2740-0015,RENTAL_ACCRUAL,15,181,2026-07-06T14:45:00+08:00
10d7c5b7-e42b-4149-9cfb-6c9aaa2070db,M-1977,SESS-20260706-9404-0016,RENTAL_ACCRUAL,25,191,2026-07-07T01:30:00+08:00
a476b628-f73a-4dfe-afcf-07a405166a96,M-1221,SESS-20260706-3133-0017,RENTAL_ACCRUAL,12,1840,2026-07-07T00:45:00+08:00
0d2579a4-b00e-495b-8b1c-35976e680319,M-1172,SESS-20260706-9035-0018,RENTAL_ACCRUAL,16,146,2026-07-06T23:45:00+08:00
cf3bb13f-4c95-4d00-b814-8b5ee7fc137d,M-1074,SESS-20260706-1978-0019,RENTAL_REDEMPTION,-100,69,2026-07-06T19:45:00+08:00
59e669fe-8df3-4fb0-aa9f-7525a9fafc67,M-1074,SESS-20260706-1978-0019,RENTAL_ACCRUAL,19,88,2026-07-06T22:45:00+08:00
88dd4eec-109e-4460-bce9-3cdcc822fe55,M-1480,SESS-20260706-6563-0020,RENTAL_ACCRUAL,25,225,2026-07-06T14:45:00+08:00
2ea33bcb-a951-4ed4-9745-3fe4feb0785d,M-1702,SESS-20260706-3884-0021,RENTAL_REDEMPTION,-200,121,2026-07-06T16:45:00+08:00
e93e11f3-9b84-4a50-9fe1-57bd08b6987c,M-1702,SESS-20260706-3884-0021,RENTAL_ACCRUAL,15,136,2026-07-06T21:45:00+08:00
017bed6e-471c-44e5-8cbb-6a4c1ec6ad4a,M-1556,SESS-20260706-1607-0022,RENTAL_ACCRUAL,10,130,2026-07-06T18:15:00+08:00
7e6dfe2b-8a66-420f-9891-42c77fbf4388,M-1710,SESS-20260706-5104-0023,RENTAL_ACCRUAL,24,129,2026-07-06T16:15:00+08:00
b1bd096e-ac20-49c5-973c-02be2c4d76d0,M-1799,SESS-20260706-6835-0024,RENTAL_ACCRUAL,15,75,2026-07-06T17:45:00+08:00
ea3017df-5617-46e9-a2c9-e0d3197a718e,M-1648,SESS-20260706-2617-0025,RENTAL_ACCRUAL,27,624,2026-07-06T19:15:00+08:00
f617953a-d803-4786-8369-5894a5ef30d4,M-1100,SESS-20260706-3666-0026,RENTAL_ACCRUAL,45,122,2026-07-06T20:45:00+08:00
0401831f-d17a-4dcf-bfd6-bbfa97c4face,M-1357,SESS-20260706-5390-0027,RENTAL_ACCRUAL,24,116,2026-07-06T16:15:00+08:00
e5cfe983-fe32-407e-b606-3b6f9b4a69fd,M-1145,SESS-20260706-6530-0028,RENTAL_ACCRUAL,18,38,2026-07-06T12:30:00+08:00
7a615ae2-6357-4740-bd44-a2232e9ae6a8,M-1523,SESS-20260706-2049-0029,RENTAL_ACCRUAL,15,43,2026-07-06T20:30:00+08:00
1cc8a0b1-350b-4176-9ef6-ee248ba03849,M-1514,SESS-20260706-5097-0030,RENTAL_REDEMPTION,-100,72,2026-07-06T18:15:00+08:00
a932cb10-2052-4d0c-8d6c-3d3af1c1a6dd,M-1514,SESS-20260706-5097-0030,RENTAL_ACCRUAL,20,92,2026-07-06T23:15:00+08:00
b8960d31-78ee-4600-b84b-c94833698f7d,M-1233,SESS-20260706-3525-0031,RENTAL_ACCRUAL,24,113,2026-07-06T20:45:00+08:00
80313d42-22d9-4e7b-831a-957b3fe67681,M-1247,SESS-20260706-4878-0032,RENTAL_ACCRUAL,43,2406,2026-07-06T09:00:00+08:00
7369a59c-2be2-4739-905a-0d761eb0b2f3,M-1358,SESS-20260706-1035-0033,RENTAL_ACCRUAL,24,75,2026-07-07T00:00:00+08:00
513a47b8-1706-4e81-86c0-db3ee3383e20,M-1362,SESS-20260706-9664-0034,RENTAL_ACCRUAL,10,71,2026-07-06T18:10:00+08:00
ca513771-2c06-46bb-a203-1e9ffa2e5fd3,M-2027,SESS-20260706-2976-0035,RENTAL_ACCRUAL,16,23,2026-07-06T17:45:00+08:00
463ff49c-f21b-4e8f-abb1-c32367c2cf6b,M-1005,SESS-20260706-2321-0036,RENTAL_ACCRUAL,10,60,2026-07-07T00:45:00+08:00
ce73342b-f5e0-4789-a205-a71b36efda10,M-1190,SESS-20260706-2356-0037,RENTAL_ACCRUAL,28,241,2026-07-06T14:00:00+08:00
a6a05e8a-d2e0-4c6b-8a8c-695c5c853a4a,M-1402,SESS-20260706-1067-0038,RENTAL_ACCRUAL,25,182,2026-07-06T21:15:00+08:00
0eaa84ea-ecb4-4060-beb0-0d65aca5aa05,M-1542,SESS-20260706-2704-0039,RENTAL_ACCRUAL,5,59,2026-07-06T13:15:00+08:00
3a053afa-9156-4432-a2d6-61c26232ce86,M-1763,SESS-20260706-3123-0040,RENTAL_ACCRUAL,10,262,2026-07-06T21:30:00+08:00
59641123-0116-4e38-a540-461fb644cc61,M-1137,SESS-20260706-5086-0041,RENTAL_ACCRUAL,24,120,2026-07-07T01:15:00+08:00
84d75e8a-8608-4428-bdfc-f14d80c490be,M-1721,SESS-20260706-8952-0042,RENTAL_ACCRUAL,10,130,2026-07-06T21:30:00+08:00
590cc539-7b7f-4988-9607-d5bd863d976f,M-1747,SESS-20260706-6801-0043,RENTAL_REDEMPTION,-100,106,2026-07-06T21:45:00+08:00
a121d723-675f-40f6-9734-c2f9068c604a,M-1747,SESS-20260706-6801-0043,RENTAL_ACCRUAL,19,125,2026-07-07T00:45:00+08:00
bdc652bf-dcc4-4141-b448-55cfa9d37186,M-1057,SESS-20260706-5588-0044,RENTAL_ACCRUAL,8,73,2026-07-06T23:45:00+08:00
9c26546c-b7d0-4a80-996b-3b8c6747872f,M-1148,SESS-20260706-2553-0045,RENTAL_ACCRUAL,24,211,2026-07-06T19:15:00+08:00
2cd364d5-392c-40cd-8848-832d2d4934d0,M-1715,SESS-20260706-4480-0046,RENTAL_ACCRUAL,24,103,2026-07-06T18:45:00+08:00
07e33613-68d7-46b9-98e2-fedbe64014bb,M-1328,SESS-20260706-3246-0047,RENTAL_ACCRUAL,5,71,2026-07-06T19:30:00+08:00
351f849d-0215-4d5d-beb5-d94f8a11b93c,M-1357,SESS-20260706-3187-0048,RENTAL_ACCRUAL,60,176,2026-07-06T23:45:00+08:00
f06152be-daad-404c-874b-e86dab206729,M-1283,SESS-20260706-7958-0049,RENTAL_REDEMPTION,-100,151,2026-07-06T23:15:00+08:00
e637867a-a41f-4321-9f8c-aaf32ac71b51,M-1283,SESS-20260706-7958-0049,RENTAL_ACCRUAL,19,170,2026-07-07T02:15:00+08:00
24113b09-6897-41df-a425-1d9ca7224914,M-1613,SESS-20260706-6191-0050,RENTAL_ACCRUAL,13,57,2026-07-06T22:30:00+08:00
edbe0e91-edbb-4022-8f9c-c31cabd8a2ba,M-1688,SESS-20260706-3285-0051,RENTAL_ACCRUAL,5,260,2026-07-06T15:15:00+08:00
5a5c9ef7-275d-40ab-80db-ddc74d5fd9da,M-1698,SESS-20260706-1012-0052,RENTAL_REDEMPTION,-100,57,2026-07-06T18:45:00+08:00
2378d026-380a-4026-8e9d-a63fe1799317,M-1698,SESS-20260706-1012-0052,RENTAL_ACCRUAL,5,62,2026-07-06T20:45:00+08:00
7426a0b7-28a6-4f9f-a83f-66c5409c97ea,M-1108,SESS-20260706-3242-0053,RENTAL_REDEMPTION,-300,45,2026-07-06T19:45:00+08:00
4926a365-d867-47e3-ab0d-30075da05fd4,M-1108,SESS-20260706-3242-0053,RENTAL_ACCRUAL,26,71,2026-07-07T00:45:00+08:00
244ff8f2-7a4a-4a0b-b6af-a91f053e94b8,M-1988,SESS-20260706-9561-0054,RENTAL_ACCRUAL,10,60,2026-07-07T00:15:00+08:00
651c4832-c1e7-4fdf-9cdc-d3ea2881172c,M-1345,SESS-20260706-8448-0055,RENTAL_ACCRUAL,16,266,2026-07-06T20:15:00+08:00
ae5b049d-4ec5-4e0f-8b97-eea9834bbc29,M-1017,SESS-20260706-4062-0056,RENTAL_ACCRUAL,25,156,2026-07-06T23:15:00+08:00
59f1d429-5796-47d8-b204-96629261acf1,M-1682,SESS-20260706-2327-0057,RENTAL_ACCRUAL,27,125,2026-07-07T02:55:00+08:00
f7ab9e32-67ff-4ffc-8756-6fbb581eb417,M-1161,SESS-20260706-6932-0058,RENTAL_ACCRUAL,15,83,2026-07-06T22:45:00+08:00
7602deb8-ab59-4d4e-838f-167dd4decd61,M-1290,SESS-20260706-4744-0059,RENTAL_ACCRUAL,10,77,2026-07-07T00:15:00+08:00
080a016f-c031-4c2b-ad34-01fe37454d3a,M-1260,SESS-20260706-2158-0060,RENTAL_ACCRUAL,16,524,2026-07-06T16:00:00+08:00
fea3a874-94d2-4010-a9f1-4649735fb443,M-1654,SESS-20260706-1272-0061,RENTAL_ACCRUAL,16,167,2026-07-06T21:45:00+08:00
f7d9a108-a4ef-46ea-94bf-ce93b275b7d5,M-1157,SESS-20260706-8558-0062,RENTAL_REDEMPTION,-100,79,2026-07-06T18:45:00+08:00
fe490f0d-9f13-4894-9418-f217a9d9eca6,M-1157,SESS-20260706-8558-0062,RENTAL_ACCRUAL,31,110,2026-07-06T21:45:00+08:00
7e15ff87-cc6c-4d0c-a468-800d4c0ba342,M-1315,SESS-20260706-4693-0063,RENTAL_ACCRUAL,10,47,2026-07-06T15:00:00+08:00
5d89317f-7f8f-4e65-8123-eafd2801fae9,M-1971,SESS-20260706-4852-0064,RENTAL_ACCRUAL,40,125,2026-07-06T21:15:00+08:00
648d1f8c-d31a-4061-8b09-571a6a91e307,M-1534,SESS-20260706-3521-0065,RENTAL_ACCRUAL,16,246,2026-07-07T00:15:00+08:00
f10e6beb-4979-4a3c-986c-d2854f281fb0,M-1129,SESS-20260706-6531-0066,RENTAL_ACCRUAL,19,1015,2026-07-06T22:45:00+08:00
37cf05e8-00a1-4ca6-90f9-284fdecd63c5,M-1240,SESS-20260706-4785-0067,RENTAL_REDEMPTION,-400,255,2026-07-06T14:15:00+08:00
9abd154c-9eaf-48eb-a637-4ce989f0c91f,M-1240,SESS-20260706-4785-0067,RENTAL_ACCRUAL,2,257,2026-07-06T16:15:00+08:00
3c627981-f6f5-4451-8e0e-1e64f9385f69,M-1720,SESS-20260706-2422-0068,RENTAL_ACCRUAL,18,242,2026-07-07T00:15:00+08:00
b4b0ec9a-e782-41f4-905b-85fc06a3b222,M-1638,SESS-20260706-9964-0069,RENTAL_ACCRUAL,16,154,2026-07-06T22:30:00+08:00
225da702-0921-4159-8922-27f9f95ec169,M-1609,SESS-20260706-6799-0070,RENTAL_ACCRUAL,16,624,2026-07-06T23:25:00+08:00
ad40ae07-09eb-4b4a-89aa-cb6d238183c1,M-1047,SESS-20260706-8652-0071,RENTAL_ACCRUAL,15,165,2026-07-07T00:50:00+08:00
5e661e83-a6d2-4f45-b1a4-14202b8c87c5,M-1379,SESS-20260706-4572-0072,RENTAL_ACCRUAL,40,239,2026-07-06T07:10:00+08:00
f4a540b0-6557-4df7-a111-94652666eb2e,M-1026,SESS-20260706-2415-0073,RENTAL_REDEMPTION,-200,1399,2026-07-06T14:15:00+08:00
457f4652-7060-42e2-8827-d1bf5e97de77,M-1026,SESS-20260706-2415-0073,RENTAL_ACCRUAL,3,1402,2026-07-06T17:15:00+08:00
865c5141-e2fa-4ba0-8d46-bd1e226c39f5,M-1626,SESS-20260706-7716-0074,RENTAL_ACCRUAL,8,212,2026-07-06T22:15:00+08:00
273363cc-bb9e-4324-a163-85cd6763ad28,M-1478,SESS-20260706-7584-0075,RENTAL_ACCRUAL,64,160,2026-07-06T21:15:00+08:00
dc51f70c-71eb-43bf-a667-e6cf589f17cb,M-1653,SESS-20260706-5980-0076,RENTAL_ACCRUAL,24,158,2026-07-06T02:55:00+08:00
9f3d77f6-6d73-4952-ad97-f943349851fc,M-1207,SESS-20260706-2837-0077,RENTAL_ACCRUAL,25,88,2026-07-06T23:30:00+08:00
0da00b42-f03f-4f84-adf5-73b45d66246f,M-1306,SESS-20260706-7936-0078,RENTAL_ACCRUAL,45,155,2026-07-07T04:00:00+08:00
3eb507c5-2393-4f70-b926-c0dda8d040e0,M-1675,SESS-20260706-1380-0079,RENTAL_ACCRUAL,12,1837,2026-07-06T23:45:00+08:00
c586e82e-1e53-4501-a2d0-9bf33ce745f7,M-1683,SESS-20260706-3312-0080,RENTAL_ACCRUAL,19,790,2026-07-07T00:15:00+08:00
179111e8-da1b-41fd-8e1a-36f4f13a8ad9,M-1586,SESS-20260706-4310-0081,RENTAL_REDEMPTION,-200,240,2026-07-06T22:00:00+08:00
6ac89593-6667-4be2-a726-49e733c90a99,M-1586,SESS-20260706-4310-0081,RENTAL_ACCRUAL,14,254,2026-07-07T00:00:00+08:00
63c350e7-a79b-419c-a669-1983e0cccba1,M-1525,SESS-20260706-4677-0082,RENTAL_ACCRUAL,40,502,2026-07-07T01:00:00+08:00
a33cc533-46da-4956-b330-fdbf76afebd5,M-1382,SESS-20260706-4443-0083,RENTAL_ACCRUAL,5,136,2026-07-06T17:45:00+08:00
7fd8ed0f-b3a2-4520-bc79-0dc109b81ba3,M-1610,SESS-20260706-8747-0084,RENTAL_ACCRUAL,24,128,2026-07-06T21:00:00+08:00
77d90652-1cc3-432e-8b23-5694c8b01102,M-1258,SESS-20260706-2256-0085,RENTAL_ACCRUAL,25,55,2026-07-07T00:40:00+08:00
aeebaa41-7053-46b7-94eb-0bfdb3171a0c,M-1735,SESS-20260706-7657-0086,RENTAL_ACCRUAL,24,209,2026-07-07T01:45:00+08:00
01969741-12c4-4fc0-9606-e334a87dc2a8,M-1512,SESS-20260706-1903-0087,RENTAL_ACCRUAL,15,90,2026-07-06T17:45:00+08:00
4295c587-d010-46c1-b60d-5b6c9342b331,M-1445,SESS-20260706-8059-0088,RENTAL_ACCRUAL,15,127,2026-07-06T23:30:00+08:00
04b32a75-6886-4fe8-98c8-7eff3bf66682,M-1633,SESS-20260706-6953-0089,RENTAL_ACCRUAL,11,181,2026-07-06T17:30:00+08:00
ee95edaa-cf49-4da9-8e82-b95649413a4c,M-1657,SESS-20260706-5624-0090,RENTAL_ACCRUAL,24,106,2026-07-07T00:50:00+08:00
9b0c7e6e-a2b3-489f-ba0a-64fa453512a5,M-1222,SESS-20260706-5082-0091,RENTAL_ACCRUAL,10,101,2026-07-06T07:00:00+08:00
6f921518-a583-425c-8dfb-60126ac6a8ae,M-1627,SESS-20260706-7696-0092,RENTAL_ACCRUAL,10,52,2026-07-06T11:15:00+08:00
1e48b18a-9f9d-407a-bf50-58484a8739c6,M-1281,SESS-20260706-3512-0093,RENTAL_ACCRUAL,11,516,2026-07-06T18:15:00+08:00
7526d924-d41d-48f1-bfd9-95c1b685e2a0,M-1764,SESS-20260706-2919-0094,RENTAL_ACCRUAL,60,112,2026-07-07T03:40:00+08:00
161a2f4b-e45f-4cd6-ad37-aace3aa0533a,M-1788,SESS-20260706-5509-0095,RENTAL_ACCRUAL,40,152,2026-07-06T17:00:00+08:00
37b3eef5-8526-43d1-ae5c-44f45154ea2e,M-1557,SESS-20260706-9886-0096,RENTAL_ACCRUAL,16,176,2026-07-06T18:15:00+08:00
0bfb0283-cc98-466e-8f31-7771d5278b3d,M-1369,SESS-20260706-4080-0097,RENTAL_ACCRUAL,10,107,2026-07-06T23:15:00+08:00
26def016-b422-451c-96ce-a81fd7e888c4,M-1616,SESS-20260706-8686-0098,RENTAL_ACCRUAL,40,150,2026-07-07T04:15:00+08:00
0a2ddeea-de8f-4e43-933a-16d7c56e308a,M-1758,SESS-20260706-5352-0099,RENTAL_ACCRUAL,8,86,2026-07-06T20:30:00+08:00
692b71b0-5176-4e0e-a18b-d5aebf3e3e2a,M-1645,SESS-20260706-4148-0100,RENTAL_ACCRUAL,10,105,2026-07-06T23:00:00+08:00
2d6909e9-7a6f-496f-ad3d-d282e48a6961,M-1632,SESS-20260706-3704-0101,RENTAL_ACCRUAL,18,904,2026-07-06T22:45:00+08:00
aee89407-5763-4142-ab80-3010f9d9f861,M-1466,SESS-20260706-5339-0102,RENTAL_ACCRUAL,48,3432,2026-07-07T03:15:00+08:00
2f1ff502-f4ba-4fd1-a92b-8643a1babaa3,M-2110,SESS-20260706-2590-0103,RENTAL_ACCRUAL,10,55,2026-07-07T00:45:00+08:00
b517c618-1e14-4908-8fca-122bf5816bf2,M-1141,SESS-20260706-9820-0104,RENTAL_ACCRUAL,5,225,2026-07-06T19:00:00+08:00
9082df22-d7cb-4c16-a9aa-dc4ca1929c80,M-1312,SESS-20260706-6638-0105,RENTAL_ACCRUAL,15,170,2026-07-06T15:00:00+08:00
902aed83-b6e6-4071-99b8-911f6908eba0,M-1727,SESS-20260706-3055-0106,RENTAL_ACCRUAL,25,60,2026-07-06T09:45:00+08:00
a7cfebf5-e135-410b-9eb4-9f79aca53d1a,M-1349,SESS-20260706-2316-0107,RENTAL_REDEMPTION,-400,358,2026-07-06T17:45:00+08:00
8f046ec7-d7d8-435b-acaf-c20235a91f28,M-1349,SESS-20260706-2316-0107,RENTAL_ACCRUAL,2,360,2026-07-06T20:45:00+08:00
0a9eeb85-3073-46b0-ab7a-e2049d48f67f,M-1390,SESS-20260706-4452-0108,RENTAL_ACCRUAL,15,122,2026-07-06T06:15:00+08:00
47337a92-ea5c-4cb7-8a5e-e84d2f925fb1,M-1624,SESS-20260706-4135-0109,RENTAL_ACCRUAL,43,973,2026-07-06T11:15:00+08:00
f5e73b94-7361-4690-a003-b1c020661836,M-1493,SESS-20260706-4119-0110,RENTAL_ACCRUAL,24,60,2026-07-06T19:15:00+08:00
30f02786-57f0-49ea-aff7-a092f42ac933,M-1823,SESS-20260706-9021-0111,RENTAL_ACCRUAL,27,264,2026-07-06T19:15:00+08:00
16e256f7-0dd4-4bb5-8f9e-086e9b2034e0,M-1696,SESS-20260706-1924-0112,RENTAL_ACCRUAL,16,867,2026-07-07T02:30:00+08:00
5d9d0e44-93c8-4cf8-8e64-0628a24096f0,M-1116,SESS-20260706-6879-0113,RENTAL_REDEMPTION,-100,136,2026-07-06T21:30:00+08:00
1f6282bc-3827-4256-8569-8ee10da5f3e3,M-1116,SESS-20260706-6879-0113,RENTAL_ACCRUAL,5,141,2026-07-06T23:30:00+08:00
f89fabbe-c655-45a0-86b4-5da130a3e6ed,M-1606,SESS-20260706-7232-0114,RENTAL_REDEMPTION,-100,464,2026-07-06T17:15:00+08:00
a0bd75e6-15b2-4fdc-b20d-c09ed3fbada6,M-1606,SESS-20260706-7232-0114,RENTAL_ACCRUAL,10,474,2026-07-06T20:15:00+08:00
590c57a8-4765-4763-9a15-6fbe1026d4d7,M-1179,SESS-20260706-2626-0115,RENTAL_ACCRUAL,15,176,2026-07-06T20:15:00+08:00
8bac3856-f83e-4b23-b47f-7f08b381e458,M-1123,SESS-20260706-3914-0116,RENTAL_ACCRUAL,36,108,2026-07-07T01:30:00+08:00
9434eb13-4aec-40e1-9623-f7473faa7106,M-1123,TIER_UPGRADE_Standard_TO_Silver,TIER_BONUS,50,158,2026-07-07T01:30:00+08:00
6da3ccab-5ceb-4c0d-ae43-b7cb37ca2649,M-1670,SESS-20260706-2946-0117,RENTAL_ACCRUAL,24,187,2026-07-07T01:30:00+08:00
3867b69a-c669-4f88-bcd6-dec4f8d03df2,M-1810,SESS-20260706-6341-0118,RENTAL_REDEMPTION,-100,11,2026-07-06T21:45:00+08:00
befe48e8-d2bd-412d-8daa-c0cfd2e72937,M-1810,SESS-20260706-6341-0118,RENTAL_ACCRUAL,11,22,2026-07-06T23:45:00+08:00
9e8b5301-2ddf-489f-8c43-6a5866c8568b,M-1810,TIER_UPGRADE_Standard_TO_Silver,TIER_BONUS,50,72,2026-07-06T23:45:00+08:00
862cb2f5-fc74-4e49-8151-dd3b26dbf5c0,M-1256,SESS-20260706-9838-0119,RENTAL_ACCRUAL,10,185,2026-07-07T00:00:00+08:00
9dd66080-c0d0-4589-9c94-964abcb6dce9,M-1560,SESS-20260706-7353-0120,RENTAL_REDEMPTION,-100,1,2026-07-06T18:00:00+08:00
13ee092a-148b-4b84-8e5f-d26e453c68e6,M-1560,SESS-20260706-7353-0120,RENTAL_ACCRUAL,10,11,2026-07-06T21:00:00+08:00
62f9fa76-d6c4-4a26-b57f-0b29185df255,M-1739,SESS-20260706-4337-0121,RENTAL_REDEMPTION,-100,98,2026-07-06T12:00:00+08:00
2f6572e1-831c-4f4e-91ad-d9069ddf1c97,M-1739,SESS-20260706-4337-0121,RENTAL_ACCRUAL,10,108,2026-07-06T15:00:00+08:00
06bba64c-a5c5-4ae1-ab10-264686fe96fa,M-1669,SESS-20260706-2600-0122,RENTAL_ACCRUAL,15,122,2026-07-06T19:45:00+08:00
7c85c651-dc7c-451f-a06a-da065ab8076f,M-1132,SESS-20260706-4394-0123,RENTAL_ACCRUAL,6,652,2026-07-06T16:10:00+08:00
b76c8d3d-fff4-4c4e-af3b-99da515ad666,M-1060,SESS-20260706-5188-0124,RENTAL_ACCRUAL,16,98,2026-07-07T00:30:00+08:00
0f3434e6-d069-4f51-b8b8-653d0f33f442,M-1666,SESS-20260706-6921-0125,RENTAL_ACCRUAL,60,217,2026-07-06T11:45:00+08:00
8b753825-7461-4301-8200-8551a39eedf3,M-1481,SESS-20260706-6714-0126,RENTAL_ACCRUAL,24,63,2026-07-06T20:15:00+08:00
a22b80e6-3327-4a06-81ef-c5c09ee03157,M-1236,SESS-20260706-3724-0127,RENTAL_REDEMPTION,-100,83,2026-07-06T17:15:00+08:00
0f476e4c-3091-4d25-8dec-c5237b21cb7f,M-1236,SESS-20260706-3724-0127,RENTAL_ACCRUAL,10,93,2026-07-06T20:15:00+08:00
e33a5573-b7d0-4db5-bf6e-cab6e659380b,M-1684,SESS-20260706-5725-0128,RENTAL_REDEMPTION,-100,136,2026-07-06T20:00:00+08:00
c8243cf2-c107-4f7e-8598-5a7e954e96c3,M-1684,SESS-20260706-5725-0128,RENTAL_ACCRUAL,20,156,2026-07-06T23:00:00+08:00
e89ecb29-287b-4216-a48d-2fe03caf372e,M-1018,SESS-20260706-8030-0129,RENTAL_ACCRUAL,16,186,2026-07-06T21:30:00+08:00
0d10c17b-56e0-4ed2-9247-5910b063321e,M-1495,SESS-20260706-8561-0130,RENTAL_ACCRUAL,40,143,2026-07-07T01:35:00+08:00
3e7fa161-18b2-43a8-9c78-458405a150cf,M-1289,SESS-20260706-6338-0131,RENTAL_ACCRUAL,16,191,2026-07-06T15:45:00+08:00
b1a271c9-278c-4ef8-b4b9-280454d4de18,M-1003,SESS-20260706-4332-0132,RENTAL_ACCRUAL,5,168,2026-07-06T14:15:00+08:00
a25f92c4-c342-4977-8db8-8c80fcc63eb3,M-1033,SESS-20260706-8873-0133,RENTAL_ACCRUAL,8,145,2026-07-06T22:05:00+08:00
eccbc660-3f26-470d-9f36-d3695450f76a,M-1439,SESS-20260706-9663-0134,RENTAL_ACCRUAL,8,203,2026-07-06T14:00:00+08:00
a1baf1b3-1d18-4893-b427-ec5d6c953707,M-1627,SESS-20260706-3287-0135,RENTAL_ACCRUAL,15,67,2026-07-07T02:20:00+08:00
03ea3fa7-32b8-4878-8936-bb0a4cbed48a,M-1506,SESS-20260706-1655-0136,RENTAL_ACCRUAL,10,78,2026-07-06T16:15:00+08:00
3fe8386a-8740-42ca-8e83-b72030bb20d3,M-1773,SESS-20260706-1475-0137,RENTAL_REDEMPTION,-100,56,2026-07-06T18:00:00+08:00
cff458c5-4350-401f-b471-5d03a835dcce,M-1773,SESS-20260706-1475-0137,RENTAL_ACCRUAL,21,77,2026-07-06T23:00:00+08:00
57a108bd-7f9e-4438-aacb-60536bbe548f,M-1625,SESS-20260706-3322-0138,RENTAL_ACCRUAL,19,2751,2026-07-07T01:50:00+08:00
21206794-38ef-4336-8e86-e2797d093ca8,M-1180,SESS-20260706-6686-0139,RENTAL_ACCRUAL,9,824,2026-07-06T19:15:00+08:00
fd12252b-fd1f-49f7-ba5f-a4fbddcc7049,M-1805,SESS-20260706-6450-0140,RENTAL_ACCRUAL,15,76,2026-07-06T05:45:00+08:00
97f35283-6ddd-4272-9b03-f1180548ec0e,M-1066,SESS-20260706-6771-0141,RENTAL_ACCRUAL,5,89,2026-07-06T22:10:00+08:00
710e9238-967e-44f9-9edf-c68f4bd481c6,M-1607,SESS-20260706-9935-0142,RENTAL_ACCRUAL,5,102,2026-07-06T15:45:00+08:00
931cb4d9-8d0a-447d-aa78-42014d3c19ce,M-1928,SESS-20260706-4207-0143,RENTAL_ACCRUAL,15,51,2026-07-07T02:55:00+08:00
82459375-d9b1-4e29-9279-569b8ef9925f,M-2114,SESS-20260706-9703-0144,RENTAL_ACCRUAL,10,27,2026-07-07T01:30:00+08:00
95355f11-8c5b-442e-8e09-4fe630912b8f,M-1473,SESS-20260706-4202-0145,RENTAL_ACCRUAL,15,229,2026-07-06T23:15:00+08:00
16ae5826-2894-4be1-bbd9-332d500c7206,M-1473,TIER_UPGRADE_Standard_TO_Silver,TIER_BONUS,50,279,2026-07-06T23:15:00+08:00
10e7e2ab-4274-427e-aadd-aae4bbadca6f,M-2025,SESS-20260706-8466-0146,RENTAL_REDEMPTION,-100,45,2026-07-06T23:50:00+08:00
1c03d1bd-cf45-41cc-ae71-cf5673324492,M-2025,SESS-20260706-8466-0146,RENTAL_ACCRUAL,7,52,2026-07-07T00:50:00+08:00
d71894c7-c058-4c16-a218-529666b4a842,M-1416,SESS-20260706-4805-0147,RENTAL_ACCRUAL,6,2768,2026-07-07T00:35:00+08:00
db7a6abd-6da3-45fb-81aa-67bbf0ad0b29,M-1367,SESS-20260706-6617-0148,RENTAL_ACCRUAL,10,139,2026-07-06T18:10:00+08:00
eda28e2e-8ec1-42d7-902d-50274f530c00,M-1409,SESS-20260706-3282-0149,RENTAL_ACCRUAL,10,86,2026-07-07T01:30:00+08:00
0f930470-8214-420c-b22a-fc13615abcc5,M-1409,TIER_UPGRADE_Standard_TO_Silver,TIER_BONUS,50,136,2026-07-07T01:30:00+08:00
a2c0edcc-7bc0-4d21-bfbf-4a18ea372280,M-1748,SESS-20260706-5173-0150,RENTAL_ACCRUAL,16,217,2026-07-06T23:45:00+08:00
7872a218-d5e9-4d2b-b5bc-8ed0b42e0883,M-1981,SESS-20260706-5306-0151,RENTAL_ACCRUAL,15,74,2026-07-06T21:30:00+08:00
d7dfefec-5947-4b56-88b2-d0d6077ea182,M-1470,SESS-20260706-5922-0152,RENTAL_REDEMPTION,-100,11,2026-07-06T22:45:00+08:00
20fe6553-6dca-4fff-a8bd-f6435c955a7e,M-1470,SESS-20260706-5922-0152,RENTAL_ACCRUAL,5,16,2026-07-07T00:45:00+08:00
fa595586-898e-49b9-910e-71b624c129d4,M-1224,SESS-20260706-7275-0153,RENTAL_REDEMPTION,-100,263,2026-07-06T18:30:00+08:00
e0c0dd9e-04e7-4a7f-a87f-d70b06e1b77a,M-1224,SESS-20260706-7275-0153,RENTAL_ACCRUAL,21,284,2026-07-06T23:30:00+08:00
08927fe0-af65-4d9c-a503-6809ca38f526,M-1133,SESS-20260706-2394-0154,RENTAL_ACCRUAL,18,1025,2026-07-07T00:35:00+08:00
44ee6e96-3df7-42fd-86dc-282a39d3c178,M-1242,SESS-20260706-4749-0155,RENTAL_ACCRUAL,9,162,2026-07-06T23:25:00+08:00
431352c9-c7fc-4f76-8414-a2a655060e25,M-1034,SESS-20260706-4071-0156,RENTAL_ACCRUAL,45,270,2026-07-07T07:35:00+08:00
f476fa89-b9de-471a-99a7-4822255fdc7d,M-1708,SESS-20260706-8913-0157,RENTAL_ACCRUAL,40,194,2026-07-07T00:30:00+08:00
662e9cbb-45bf-47b8-8c12-3005400f1603,M-1407,SESS-20260706-3035-0158,RENTAL_ACCRUAL,25,172,2026-07-07T04:15:00+08:00
e705e655-9e7a-498d-997f-7fbbdd0a21ab,M-1408,SESS-20260706-2302-0159,RENTAL_ACCRUAL,8,156,2026-07-06T20:15:00+08:00
1d20cf79-86d7-445b-a424-95ae33e97818,M-1767,SESS-20260706-8462-0160,RENTAL_ACCRUAL,28,297,2026-07-06T16:15:00+08:00
b7e4b116-e304-4c6e-b08a-04eb7d375ffd,M-1617,SESS-20260706-4719-0161,RENTAL_ACCRUAL,27,128,2026-07-07T01:15:00+08:00
c367bf6d-1c7e-4539-a6cf-b5638bdb1961,M-1993,SESS-20260706-2846-0162,RENTAL_ACCRUAL,10,29,2026-07-06T20:00:00+08:00
d3229697-ac0e-4d1a-a9ae-dc4453c5ea4d,M-1573,SESS-20260706-8379-0163,RENTAL_REDEMPTION,-100,172,2026-07-06T22:15:00+08:00
d7c259db-063f-4eda-a6f7-8d3c20608bb2,M-1573,SESS-20260706-8379-0163,RENTAL_ACCRUAL,10,182,2026-07-07T01:15:00+08:00
4c49333c-57c9-4298-8a5e-fd991b8472a5,M-1240,SESS-20260706-4219-0164,RENTAL_ACCRUAL,16,273,2026-07-07T00:00:00+08:00
d002b504-cf90-4f50-81d5-4533530c36b2,M-1925,SESS-20260706-4636-0165,RENTAL_ACCRUAL,15,26,2026-07-06T19:15:00+08:00
20c69803-23be-4349-832d-fbad9839c37e,M-1565,SESS-20260706-2667-0166,RENTAL_ACCRUAL,27,356,2026-07-07T00:00:00+08:00
c0a8f5e3-dc4d-48bf-80df-2ffe95df47d6,M-1544,SESS-20260706-8761-0167,RENTAL_REDEMPTION,-100,24,2026-07-06T20:15:00+08:00
7c71bceb-127c-444d-b39c-8e81f565e547,M-1544,SESS-20260706-8761-0167,RENTAL_ACCRUAL,11,35,2026-07-06T22:15:00+08:00
dc8feb12-0877-46d6-919c-fa3c1d395c6e,M-1413,SESS-20260706-5063-0168,RENTAL_ACCRUAL,10,78,2026-07-06T14:15:00+08:00
5b1f2266-96fa-4882-82e8-3065d0bcb8c7,M-1526,SESS-20260706-3037-0169,RENTAL_REDEMPTION,-100,661,2026-07-06T21:20:00+08:00
1578a4c9-f29a-4ed0-8e74-760c399ddcdc,M-1526,SESS-20260706-3037-0169,RENTAL_ACCRUAL,10,671,2026-07-07T00:20:00+08:00
f15d2591-686a-4916-ac27-8197299239d8,M-1569,SESS-20260706-5680-0170,RENTAL_REDEMPTION,-100,18,2026-07-06T11:55:00+08:00
a6bf89f9-6ba4-40fa-951d-fd91bb3df68b,M-1569,SESS-20260706-5680-0170,RENTAL_ACCRUAL,55,73,2026-07-06T16:55:00+08:00
7f167391-a00b-4268-a306-ba6f29f2087a,M-1362,SESS-20260706-3736-0171,RENTAL_ACCRUAL,10,81,2026-07-06T23:45:00+08:00
cf409df1-31f8-4459-b885-51f5c0e998ad,M-1841,SESS-20260706-8110-0172,RENTAL_ACCRUAL,10,37,2026-07-06T22:15:00+08:00
dd87cba9-603a-4fef-bbd9-09b9b96a6803,M-1186,SESS-20260706-1571-0173,RENTAL_ACCRUAL,11,217,2026-07-06T18:00:00+08:00
f7ebfd69-5952-4db1-81de-bcbe25ac51ee,M-1049,SESS-20260706-9209-0174,RENTAL_ACCRUAL,40,126,2026-07-07T03:00:00+08:00
f37d7c2f-3da1-4d26-a13a-51ddc2b3ec3b,M-1049,TIER_UPGRADE_Standard_TO_Silver,TIER_BONUS,50,176,2026-07-07T03:00:00+08:00
ae968ebc-81fa-4a56-a751-fe30fa1652c5,M-1713,SESS-20260706-9869-0175,RENTAL_ACCRUAL,28,370,2026-07-07T01:15:00+08:00
75e48790-5e4e-4043-bcd6-51be0d024667,M-1274,SESS-20260706-5345-0176,RENTAL_REDEMPTION,-100,28,2026-07-06T10:15:00+08:00
f2f625e4-0550-49e9-8a70-5e1106a7939a,M-1274,SESS-20260706-5345-0176,RENTAL_ACCRUAL,35,63,2026-07-06T15:15:00+08:00
6ab68777-1053-4595-b9ab-afd1a1ea2cd4,M-1813,SESS-20260706-5778-0177,RENTAL_ACCRUAL,16,690,2026-07-06T22:30:00+08:00
d6c57204-35f4-4565-b136-573ffdd4b72a,M-1203,SESS-20260706-5581-0178,RENTAL_REDEMPTION,-100,61,2026-07-06T17:45:00+08:00
b27ebc0e-8efe-430e-8139-5a6812411339,M-1203,SESS-20260706-5581-0178,RENTAL_ACCRUAL,35,96,2026-07-06T22:45:00+08:00
3906107f-34fe-4dc1-a483-1bc6f8c8efa8,M-1203,TIER_UPGRADE_Standard_TO_Silver,TIER_BONUS,50,146,2026-07-06T22:45:00+08:00
ffe1ba82-884d-4fba-a08e-44bc5a4d914c,M-1499,SESS-20260706-1290-0179,RENTAL_REDEMPTION,-200,9,2026-07-06T20:45:00+08:00
6763f88c-75d0-469b-8c2d-b354cc555390,M-1499,SESS-20260706-1290-0179,RENTAL_ACCRUAL,14,23,2026-07-06T22:45:00+08:00
3764eede-f098-475c-98f8-af9e4af16dc6,M-1241,SESS-20260706-6613-0180,RENTAL_ACCRUAL,5,219,2026-07-06T21:15:00+08:00
39de3aad-bc6f-41fc-8542-184a647f01ad,M-1386,SESS-20260706-9026-0181,RENTAL_ACCRUAL,16,92,2026-07-06T19:45:00+08:00
3ac31ede-f0e2-4146-9a7c-aeb1ee47002f,M-1372,SESS-20260706-3522-0182,RENTAL_REDEMPTION,-100,8,2026-07-06T23:10:00+08:00
4ad512bf-ea4f-46bd-8513-c79d94d8674b,M-1372,SESS-20260706-3522-0182,RENTAL_ACCRUAL,5,13,2026-07-07T01:10:00+08:00
b05733c6-9417-47a7-bb20-ffd8ccf54256,M-1512,SESS-20260706-8905-0183,RENTAL_ACCRUAL,10,100,2026-07-06T21:50:00+08:00
fab65e72-bda5-4141-9b11-364c9d7cd78d,M-1557,SESS-20260706-3420-0184,RENTAL_ACCRUAL,24,200,2026-07-06T21:25:00+08:00
8cc40b81-ce6d-473e-a9de-02020d6c3895,M-1344,SESS-20260706-6430-0185,RENTAL_ACCRUAL,9,764,2026-07-06T23:25:00+08:00
64d2dfd8-046e-47b9-ad8e-46a1d2a2150d,M-1211,SESS-20260706-2560-0186,RENTAL_ACCRUAL,10,79,2026-07-06T23:15:00+08:00
b791263c-11ed-4848-8146-58053ea68dcc,M-1113,SESS-20260706-2418-0187,RENTAL_ACCRUAL,12,132,2026-07-06T10:00:00+08:00
5eb4a139-b3ab-4b65-bff3-e7843acee8ff,M-1146,SESS-20260706-3260-0188,RENTAL_REDEMPTION,-100,2845,2026-07-06T22:00:00+08:00
f972e0d4-dd28-46df-ac87-acc2286d2308,M-1146,SESS-20260706-3260-0188,RENTAL_ACCRUAL,4,2849,2026-07-07T00:00:00+08:00
6d98405a-8e69-4a46-972c-e9ae4a217ca0,M-2163,SESS-20260706-9797-0189,RENTAL_ACCRUAL,12,49,2026-07-07T00:30:00+08:00
4841f34c-56d5-4f63-a3db-177572b77d0c,M-1469,SESS-20260706-3137-0190,RENTAL_ACCRUAL,8,122,2026-07-07T00:10:00+08:00
7df2ed36-ad74-4b35-a88b-80ba3fb855cd,M-1265,SESS-20260706-3956-0191,RENTAL_REDEMPTION,-100,581,2026-07-06T19:45:00+08:00
56cfe962-5e35-4acb-b9ac-43f67f0a1fee,M-1265,SESS-20260706-3956-0191,RENTAL_ACCRUAL,20,601,2026-07-06T21:45:00+08:00
9424bd95-d67e-49ad-9742-08fbc52377f1,M-1261,SESS-20260706-4260-0192,RENTAL_ACCRUAL,8,218,2026-07-06T03:45:00+08:00
8fa59a34-e269-4c1e-96bf-567f952f4d97,M-1803,SESS-20260706-8091-0193,RENTAL_ACCRUAL,8,121,2026-07-06T23:45:00+08:00
5974c68f-80bb-43c0-9623-e9213eba47f1,M-1766,SESS-20260706-8252-0194,RENTAL_ACCRUAL,18,381,2026-07-06T22:20:00+08:00
b5d81a35-417d-4a93-8676-4dacbe2672c3,M-1449,SESS-20260706-5024-0195,RENTAL_ACCRUAL,5,135,2026-07-06T14:00:00+08:00
2cb8c917-6a47-4054-aa1b-9afc9a60fcd6,M-2092,SESS-20260706-4697-0196,RENTAL_ACCRUAL,15,123,2026-07-06T21:00:00+08:00
8cd27c0a-4919-4bb9-84e3-e89798d77a74,M-1604,SESS-20260706-8978-0197,RENTAL_REDEMPTION,-100,53,2026-07-06T14:15:00+08:00
affc5320-db77-41e2-8ca1-467409a5f35e,M-1604,SESS-20260706-8978-0197,RENTAL_ACCRUAL,20,73,2026-07-06T19:15:00+08:00
e3519e9f-fc3e-4b04-82da-bc9e993d29bf,M-1502,SESS-20260706-5917-0198,RENTAL_ACCRUAL,10,135,2026-07-06T23:30:00+08:00
a8664961-6fde-4815-bb8a-ece0bd823a12,M-1167,SESS-20260706-1614-0199,RENTAL_REDEMPTION,-100,224,2026-07-06T22:00:00+08:00
8540453d-ba8e-4bcf-8fdf-3e2acb372594,M-1167,SESS-20260706-1614-0199,RENTAL_ACCRUAL,5,229,2026-07-07T00:00:00+08:00
5dd5c5c0-ec18-461f-945e-8bca460513da,M-1716,SESS-20260706-9558-0200,RENTAL_REDEMPTION,-100,6,2026-07-06T17:05:00+08:00
b0fb28ed-d435-4c90-baa8-18d88864eb84,M-1716,SESS-20260706-9558-0200,RENTAL_ACCRUAL,19,25,2026-07-06T19:05:00+08:00
373ee634-50dc-4aa6-b98d-c5978ab296dc,M-1260,SESS-20260706-8200-0201,RENTAL_ACCRUAL,45,569,2026-07-07T03:50:00+08:00
6a4b4be6-fab0-4a9d-8b1b-66a3a728c889,M-1340,SESS-20260706-4314-0202,RENTAL_ACCRUAL,5,471,2026-07-06T17:45:00+08:00
320d3011-8ba0-4fd0-8669-6fdb370cdc73,M-2079,SESS-20260706-3959-0203,RENTAL_ACCRUAL,24,96,2026-07-07T01:55:00+08:00
fab39597-4eb6-4d06-9e01-bd97ab117828,M-1814,SESS-20260706-6957-0204,RENTAL_ACCRUAL,24,132,2026-07-06T23:40:00+08:00
e24b29f7-43d6-496c-97ad-4f8b1e5e2755,M-1756,SESS-20260706-9867-0205,RENTAL_ACCRUAL,12,2219,2026-07-06T19:15:00+08:00
44f8dc62-740f-4ca9-ac59-c30cff967157,M-1422,SESS-20260706-6181-0206,RENTAL_REDEMPTION,-100,12,2026-07-06T23:45:00+08:00
31726ec6-c8d8-4322-9387-cb6f57f4b1d8,M-1422,SESS-20260706-6181-0206,RENTAL_ACCRUAL,19,31,2026-07-07T01:45:00+08:00
cbe1835a-46bb-4eda-ab5e-6d62311c88f3,M-1547,SESS-20260706-7933-0207,RENTAL_ACCRUAL,15,80,2026-07-06T13:15:00+08:00
c3c10f49-3354-49bc-8643-22fc8e172d77,M-1275,SESS-20260706-4576-0208,RENTAL_ACCRUAL,5,64,2026-07-06T20:15:00+08:00
af055f22-4a26-4913-afb5-0ed80e92e265,M-1816,SESS-20260706-6968-0209,RENTAL_ACCRUAL,8,49,2026-07-07T00:55:00+08:00
d3354a55-c480-4354-88b3-4c38f78166be,M-1030,SESS-20260706-6093-0210,RENTAL_ACCRUAL,12,76,2026-07-06T22:55:00+08:00
2c9be97e-88f2-4008-96e5-a225dca42d71,M-1572,SESS-20260706-4231-0211,RENTAL_ACCRUAL,15,74,2026-07-06T23:30:00+08:00
4375555f-434d-47e7-ae19-5f9c99f0671a,M-1396,SESS-20260706-9485-0212,RENTAL_ACCRUAL,10,195,2026-07-06T20:15:00+08:00
50e30d4b-4ed7-4def-9a42-ae11dabbfc12,M-1536,SESS-20260706-8388-0213,RENTAL_ACCRUAL,10,79,2026-07-06T17:55:00+08:00
30c84a4f-a352-4eea-83a0-293fe0e46d10,M-1171,SESS-20260706-7143-0214,RENTAL_ACCRUAL,12,165,2026-07-06T20:10:00+08:00
4960d43a-6ca9-4cd7-8aeb-b272eec11597,M-1697,SESS-20260706-5648-0215,RENTAL_ACCRUAL,15,185,2026-07-07T00:25:00+08:00
6267f5c3-338e-4fa8-a636-ee4bdb85f8b3,M-1802,SESS-20260706-8197-0216,RENTAL_ACCRUAL,5,130,2026-07-06T20:30:00+08:00
e4aa9c60-53cd-40f5-9d6c-eefc50dfb750,M-1825,SESS-20260706-8073-0217,RENTAL_ACCRUAL,5,151,2026-07-06T20:30:00+08:00
216397a3-9755-4f52-b13e-739155690da6,M-1612,SESS-20260706-8690-0218,RENTAL_ACCRUAL,16,157,2026-07-06T23:00:00+08:00
b7214983-a0b7-46fe-a668-6317c6ed4b05,M-1280,SESS-20260706-6050-0219,RENTAL_ACCRUAL,28,347,2026-07-07T00:30:00+08:00
2019003a-9a2c-45cf-ab5c-5c35a4c65a02,M-1025,SESS-20260706-8932-0220,RENTAL_ACCRUAL,15,64,2026-07-06T23:20:00+08:00
757158c4-a2ab-49d8-abda-6b6721666a66,M-1783,SESS-20260706-2008-0221,RENTAL_ACCRUAL,24,130,2026-07-06T03:30:00+08:00
0a8ccd3c-73bc-4410-aab1-47ad43f34902,M-1822,SESS-20260706-3001-0222,RENTAL_REDEMPTION,-100,131,2026-07-06T19:45:00+08:00
cbb37368-614a-4a96-bf97-e86dc7f76407,M-1822,SESS-20260706-3001-0222,RENTAL_ACCRUAL,10,141,2026-07-06T22:45:00+08:00
1ab7567f-5f87-4924-a12e-78eaeca80a09,M-1981,SESS-20260706-3337-0223,RENTAL_ACCRUAL,5,79,2026-07-06T23:45:00+08:00
8fc70ac2-9813-4a3b-8154-88e33367002f,M-1659,SESS-20260706-5442-0224,RENTAL_ACCRUAL,40,46,2026-07-07T00:25:00+08:00
bfba9641-d2fa-4268-86de-44e11fdbb910,M-1757,SESS-20260706-3348-0225,RENTAL_ACCRUAL,8,104,2026-07-06T22:45:00+08:00
08ae742c-3529-47d3-af2c-73bfcd73a682,M-1063,SESS-20260706-9908-0226,RENTAL_REDEMPTION,-200,56,2026-07-06T21:45:00+08:00
031f8995-7e43-4963-b946-110b16cdb9fa,M-1063,SESS-20260706-9908-0226,RENTAL_ACCRUAL,5,61,2026-07-06T23:45:00+08:00
bcddd7ba-0585-41ba-aa6b-26ac17fd508b,M-1139,SESS-20260706-8432-0227,RENTAL_REDEMPTION,-200,51,2026-07-06T21:45:00+08:00
7127555e-55a5-4598-936e-56fe97dad340,M-1139,SESS-20260706-8432-0227,RENTAL_ACCRUAL,15,66,2026-07-07T02:45:00+08:00
863a9b52-99ee-4be7-ac6b-e6b0b7cf701c,M-1341,SESS-20260706-3241-0228,RENTAL_ACCRUAL,24,130,2026-07-07T00:55:00+08:00
35cfe828-4d41-409c-ac1c-dba4fb3aac84,M-1959,SESS-20260706-3040-0229,RENTAL_ACCRUAL,10,73,2026-07-06T22:15:00+08:00
027b9390-0633-44fe-953c-7b0663074dfd,M-1827,SESS-20260706-6859-0230,RENTAL_ACCRUAL,8,108,2026-07-06T22:00:00+08:00
1c5f711a-8fbf-4a9d-9309-25d382b0170d,M-1827,TIER_UPGRADE_Standard_TO_Silver,TIER_BONUS,50,158,2026-07-06T22:00:00+08:00
790e5523-a63e-45f8-b794-767b302d17a1,M-1319,SESS-20260706-3952-0231,RENTAL_ACCRUAL,10,93,2026-07-06T23:00:00+08:00
78a7576f-0de5-4640-8614-be300787f1da,M-1642,SESS-20260706-1520-0232,RENTAL_ACCRUAL,5,79,2026-07-06T22:45:00+08:00
13134bd2-067e-44ab-be14-1274ce79d174,M-1352,SESS-20260706-5357-0233,RENTAL_ACCRUAL,5,39,2026-07-06T17:20:00+08:00
509c6d06-1e39-4635-b420-bfa357868974,M-1478,SESS-20260706-3452-0234,RENTAL_ACCRUAL,64,224,2026-07-07T06:55:00+08:00
3bc5722c-3d55-4a8b-b1a8-9c4b410c8709,M-1352,SESS-20260706-1877-0235,RENTAL_ACCRUAL,36,75,2026-07-06T23:30:00+08:00
27741a24-eddd-4dc8-bda3-f9a52498da6e,M-1769,SESS-20260706-4612-0236,RENTAL_ACCRUAL,15,89,2026-07-06T12:00:00+08:00
08ac7149-f35c-46fd-a01d-eca155bf13fe,M-1271,SESS-20260706-7504-0237,RENTAL_ACCRUAL,24,152,2026-07-06T15:45:00+08:00
79a1b0db-fdc1-479d-9d37-d627e0a727ea,M-1271,SESS-20260706-4923-0238,RENTAL_ACCRUAL,5,157,2026-07-06T20:30:00+08:00
88b18f6e-29ae-4086-9895-17eb680d67d3,M-1459,SESS-20260706-8139-0239,RENTAL_ACCRUAL,10,136,2026-07-07T00:45:00+08:00
95d1b149-1134-4c67-84bb-d394924790e2,M-1177,SESS-20260706-5274-0240,RENTAL_ACCRUAL,25,198,2026-07-07T03:55:00+08:00
9e358a1e-5dce-4024-ba67-a0acaa8b71df,M-1739,SESS-20260706-7953-0241,RENTAL_ACCRUAL,13,121,2026-07-06T21:20:00+08:00
69d926ab-2ded-490b-ab02-2c5ffdb448ab,M-1770,SESS-20260706-6494-0242,RENTAL_REDEMPTION,-200,91,2026-07-06T23:30:00+08:00
6abf252f-0cf1-4004-8a53-09c0807d7884,M-1770,SESS-20260706-6494-0242,RENTAL_ACCRUAL,32,123,2026-07-07T04:30:00+08:00
35e19463-c152-4254-9c07-5a02c61b507a,M-1770,TIER_UPGRADE_Silver_TO_Gold,TIER_BONUS,100,223,2026-07-07T04:30:00+08:00
7cd4f376-a25e-4ee7-b6a3-c3544da9cf97,M-1760,SESS-20260706-4362-0243,RENTAL_ACCRUAL,15,145,2026-07-06T21:00:00+08:00
618148df-11fd-45ab-993a-637db8720940,M-1342,SESS-20260706-8223-0244,RENTAL_ACCRUAL,10,62,2026-07-07T01:50:00+08:00
0879ca8e-b61b-4073-84d0-920de1fe666a,M-1227,SESS-20260706-1120-0245,RENTAL_REDEMPTION,-100,151,2026-07-06T18:00:00+08:00
755ad558-7b7c-47e9-a32f-965faaf22726,M-1227,SESS-20260706-1120-0245,RENTAL_ACCRUAL,5,156,2026-07-06T20:00:00+08:00
a8eb92a6-4d41-41d1-a176-0a8b014aabdc,M-1259,SESS-20260706-8124-0246,RENTAL_REDEMPTION,-100,63,2026-07-06T23:25:00+08:00
570cc060-f631-45db-99b3-87ee6aef3aec,M-1259,SESS-20260706-8124-0246,RENTAL_ACCRUAL,20,83,2026-07-07T04:25:00+08:00
f80e4c09-9715-4f16-abf3-3f895aa3bbac,M-1271,SESS-20260706-7966-0247,RENTAL_ACCRUAL,64,221,2026-07-07T07:50:00+08:00
78fd0152-3691-4059-b5d0-54c069049717,M-1271,TIER_UPGRADE_Standard_TO_Silver,TIER_BONUS,50,271,2026-07-07T07:50:00+08:00
ed68a3da-a1c2-44f6-a373-6aaa15fcd4da,M-1681,SESS-20260706-4945-0248,RENTAL_ACCRUAL,16,53,2026-07-07T01:35:00+08:00
683b267f-ebe5-4f80-bcb6-352712bbce3b,M-1371,SESS-20260706-8007-0249,RENTAL_ACCRUAL,10,133,2026-07-07T01:30:00+08:00
c2df6754-63d4-4498-a1d6-46d59fc2ff5d,M-1371,TIER_UPGRADE_Standard_TO_Silver,TIER_BONUS,50,183,2026-07-07T01:30:00+08:00
626354b9-3c86-4df8-89b3-7dcfee76805b,M-1210,SESS-20260706-4769-0250,RENTAL_ACCRUAL,9,945,2026-07-07T00:15:00+08:00
d5cfb280-7905-4799-9648-3bc6484d5e6c,M-1676,SESS-20260706-1919-0251,RENTAL_REDEMPTION,-300,2815,2026-07-06T18:05:00+08:00
e2416c4d-0320-4952-83e3-f6db19046992,M-1676,SESS-20260706-1919-0251,RENTAL_ACCRUAL,7,2822,2026-07-06T23:05:00+08:00
0bd1a8f2-9223-46df-b9d0-2aab238cf255,M-1561,SESS-20260706-4682-0252,RENTAL_ACCRUAL,9,302,2026-07-06T21:30:00+08:00
d461fbd8-aa7b-4b5d-af0d-97a3e27af580,M-1054,SESS-20260706-9621-0253,RENTAL_REDEMPTION,-100,14,2026-07-06T20:25:00+08:00
5913753d-60a2-4aa5-adb5-f6fe46970c50,M-1054,SESS-20260706-9621-0253,RENTAL_ACCRUAL,5,19,2026-07-06T22:25:00+08:00
c99e76e2-e739-46ea-847d-43795ee6903d,M-1098,SESS-20260706-6490-0254,RENTAL_ACCRUAL,5,699,2026-07-06T23:00:00+08:00
b8377df5-99f6-4382-9668-0bd3d5f66c6b,M-1291,SESS-20260706-6812-0255,RENTAL_ACCRUAL,25,234,2026-07-07T01:30:00+08:00
a4801519-afca-431e-b71f-776371b151da,M-1420,SESS-20260706-1506-0256,RENTAL_ACCRUAL,108,435,2026-07-07T04:45:00+08:00
7c2811b0-f1df-459a-a2a2-36099f692620,M-1072,SESS-20260706-2689-0257,RENTAL_ACCRUAL,10,79,2026-07-07T00:45:00+08:00
e7d79ba4-b693-4a1e-8d82-9db644d720c9,M-1212,SESS-20260706-1820-0258,RENTAL_ACCRUAL,24,144,2026-07-06T23:30:00+08:00
024d2952-159b-498c-be56-f93a3e1192c2,M-1743,SESS-20260706-4707-0259,RENTAL_ACCRUAL,15,112,2026-07-07T02:15:00+08:00
3ca066fe-cbf5-42ad-b991-0cd0bb50ca2b,M-1743,TIER_UPGRADE_Standard_TO_Silver,TIER_BONUS,50,162,2026-07-07T02:15:00+08:00
b6e36e6e-42a2-45aa-9993-a7f775a67203,M-1288,SESS-20260706-4319-0260,RENTAL_ACCRUAL,12,901,2026-07-06T08:15:00+08:00
486966d9-b422-49f5-bc09-89242b9bf2ca,M-1392,SESS-20260706-6825-0261,RENTAL_REDEMPTION,-100,646,2026-07-06T12:00:00+08:00
9d66cf6e-f1fa-430f-ab96-43550a343344,M-1392,SESS-20260706-6825-0261,RENTAL_ACCRUAL,5,651,2026-07-06T14:00:00+08:00
4d6ab9ef-6ad6-4aab-b451-bec22fcfe0fd,M-1835,SESS-20260706-2271-0262,RENTAL_ACCRUAL,25,137,2026-07-07T03:45:00+08:00
bb9a87d7-1110-4b6c-8f6a-00c69bef8ed6,M-1039,SESS-20260706-7482-0263,RENTAL_ACCRUAL,60,151,2026-07-07T04:40:00+08:00
32bb1bc7-d457-41b4-8dda-0e7b917a1d86,M-1364,SESS-20260706-3719-0264,RENTAL_ACCRUAL,45,402,2026-07-06T07:35:00+08:00
7ba494c5-f3fb-4712-af77-66c1897fdf7e,M-1567,SESS-20260706-9929-0265,RENTAL_ACCRUAL,10,240,2026-07-07T01:20:00+08:00
ad6cada7-6327-458d-b9a4-1e962145d47f,M-1638,SESS-20260706-3325-0266,RENTAL_ACCRUAL,40,194,2026-07-07T03:45:00+08:00
a740cd5d-f2f2-4a59-9870-b7c1548249fe,M-1547,SESS-20260706-2464-0267,RENTAL_ACCRUAL,10,90,2026-07-06T16:15:00+08:00
9c5cec73-fb3a-481b-9344-38a371770aba,M-1441,SESS-20260706-7841-0268,RENTAL_ACCRUAL,96,169,2026-07-07T07:45:00+08:00
f49fbfb6-2130-40ae-a72d-5e1fc96c7322,M-1441,TIER_UPGRADE_Standard_TO_Silver,TIER_BONUS,50,219,2026-07-07T07:45:00+08:00
b8e0aac5-f7f9-45d6-a163-6f5c5dbc6e62,M-1277,SESS-20260706-1840-0269,RENTAL_ACCRUAL,19,2609,2026-07-06T16:10:00+08:00
2c8ed76c-052c-4f42-bc70-917146cd2629,M-1549,SESS-20260706-6086-0270,RENTAL_ACCRUAL,15,129,2026-07-07T02:10:00+08:00
536fee32-1096-4ee1-ba21-105c4db09725,M-1864,SESS-20260706-1356-0271,RENTAL_ACCRUAL,24,72,2026-07-06T21:20:00+08:00
a5a26fb0-1088-40da-8a3a-6d6000127237,M-1159,SESS-20260706-1577-0272,RENTAL_ACCRUAL,15,135,2026-07-06T22:45:00+08:00
6a327c4b-accc-4bc1-a6b4-f61e72353029,M-1349,SESS-20260706-1325-0273,RENTAL_ACCRUAL,18,378,2026-07-07T00:05:00+08:00
679c3d67-6f72-4a20-a8f4-fb888d7f6285,M-1087,SESS-20260706-5114-0274,RENTAL_ACCRUAL,12,649,2026-07-06T21:00:00+08:00
e8a8c540-d803-4f92-b968-fd5a4b272c22,M-1307,SESS-20260706-5291-0275,RENTAL_ACCRUAL,5,188,2026-07-06T17:25:00+08:00
ab3c9c52-3870-498b-a37c-af40b8ffcc23,M-1111,SESS-20260706-3952-0276,RENTAL_ACCRUAL,25,321,2026-07-07T00:30:00+08:00
13396110-7531-43e9-8d35-8e5927d990dc,M-1111,TIER_UPGRADE_Standard_TO_Silver,TIER_BONUS,50,371,2026-07-07T00:30:00+08:00
7cebf771-7917-4940-b4eb-74303a32bda9,M-1010,SESS-20260706-5398-0277,RENTAL_ACCRUAL,25,212,2026-07-06T20:00:00+08:00
4876534e-ed5c-47a0-93e5-004d54c4a0a4,M-1192,SESS-20260706-5836-0278,RENTAL_ACCRUAL,11,152,2026-07-06T12:00:00+08:00
93873ec8-edaa-4ea6-8802-c12c950902b2,M-1651,SESS-20260706-2285-0279,RENTAL_ACCRUAL,36,94,2026-07-07T01:45:00+08:00
3c122ffe-3418-4b43-923a-c27078fdbb49,M-1815,SESS-20260706-8487-0280,RENTAL_ACCRUAL,16,123,2026-07-06T20:30:00+08:00
0dd447b6-9289-46d8-a637-86d08cefc3d7,M-1577,SESS-20260706-2351-0281,RENTAL_ACCRUAL,11,219,2026-07-06T22:10:00+08:00
3d2a2633-d19d-466c-b7fe-2d8cf9d0be9f,M-1378,SESS-20260706-4278-0282,RENTAL_REDEMPTION,-100,94,2026-07-06T20:45:00+08:00
96b3c88f-19b7-4573-9085-4d351b8f9fdd,M-1378,SESS-20260706-4278-0282,RENTAL_ACCRUAL,20,114,2026-07-07T01:45:00+08:00
ffc0567b-46a1-4c68-9af8-e144bf7bd0a7,M-2169,SESS-20260706-7744-0283,RENTAL_ACCRUAL,64,150,2026-07-07T06:30:00+08:00
422cea45-18b7-417e-9bc0-8fc3a830da4b,M-1539,SESS-20260706-8629-0284,RENTAL_ACCRUAL,28,2674,2026-07-06T22:30:00+08:00
aa988804-5ed1-4544-9ba7-146efb7ddd0b,M-1380,SESS-20260706-1978-0285,RENTAL_REDEMPTION,-200,149,2026-07-06T19:00:00+08:00
c25aeb8a-d11b-4190-bab4-9c35215ea482,M-1380,SESS-20260706-1978-0285,RENTAL_ACCRUAL,14,163,2026-07-06T21:00:00+08:00
445998b5-dc7b-4277-bec9-cd807147dff4,M-1561,SESS-20260706-4217-0286,RENTAL_ACCRUAL,11,313,2026-07-07T01:00:00+08:00
6fbcccba-b418-4821-9698-ceac8d8ab94d,M-1787,SESS-20260706-6080-0287,RENTAL_ACCRUAL,15,81,2026-07-07T00:30:00+08:00
8d964383-f36e-4ae8-8d11-88105060184f,M-1013,SESS-20260706-9373-0288,RENTAL_ACCRUAL,40,203,2026-07-07T01:00:00+08:00
a8055358-03b3-4c31-a315-569884c8f838,M-1013,TIER_UPGRADE_Standard_TO_Silver,TIER_BONUS,50,253,2026-07-07T01:00:00+08:00
a1a37c43-d547-4d4a-83ed-09b37f9a1add,M-1091,SESS-20260706-5642-0289,RENTAL_ACCRUAL,25,124,2026-07-07T02:35:00+08:00
2625e7b5-a5e6-4776-92e5-c749db393c33,M-1474,SESS-20260706-3101-0290,RENTAL_REDEMPTION,-400,28,2026-07-06T16:00:00+08:00
c192b8b5-ab35-4497-8bd4-76741080f7df,M-1474,SESS-20260706-3101-0290,RENTAL_ACCRUAL,15,43,2026-07-06T19:00:00+08:00
a56e21a3-09f0-408e-9bce-6bbcef7d1261,M-1488,SESS-20260706-6149-0291,RENTAL_ACCRUAL,40,379,2026-07-07T01:50:00+08:00
c5d2ba4d-3828-4677-8c32-70529db6f3b2,M-1288,SESS-20260706-2485-0292,RENTAL_ACCRUAL,12,913,2026-07-06T19:35:00+08:00
802c98a2-f291-4f95-85d6-c06e334d4848,M-1069,SESS-20260706-9765-0293,RENTAL_ACCRUAL,60,186,2026-07-07T02:15:00+08:00
755f72cc-d063-4fb9-ac94-31cdde381bdb,M-1069,TIER_UPGRADE_Standard_TO_Silver,TIER_BONUS,50,236,2026-07-07T02:15:00+08:00
c7324026-100a-466a-b408-0dadb55784b0,M-1838,SESS-20260706-2340-0294,RENTAL_ACCRUAL,27,148,2026-07-06T20:50:00+08:00
3daae4bd-b950-41e5-9a7d-01ae360fe175,M-1795,SESS-20260706-7955-0295,RENTAL_ACCRUAL,25,142,2026-07-07T03:25:00+08:00
7722a48a-3b3d-4c74-8157-898e20a28e08,M-1266,SESS-20260706-9353-0296,RENTAL_ACCRUAL,24,190,2026-07-06T21:30:00+08:00
5d291536-73f6-433a-aecf-c36db8c8e9cb,M-1158,SESS-20260706-2592-0297,RENTAL_ACCRUAL,16,86,2026-07-06T23:40:00+08:00
9383dfa6-a2c3-4dca-b953-2b5517712ded,M-1401,SESS-20260706-4181-0298,RENTAL_ACCRUAL,10,35,2026-07-06T14:15:00+08:00
155b6129-f60a-47ee-9b9a-3e0a77bbc456,M-1391,SESS-20260706-4244-0299,RENTAL_ACCRUAL,5,115,2026-07-06T20:30:00+08:00
a21ee543-f1af-439f-9325-3d158b46699a,M-1510,SESS-20260706-8177-0300,RENTAL_ACCRUAL,28,227,2026-07-07T02:45:00+08:00
090b7394-849a-464e-a064-734f0ea96b9c,M-1387,SESS-20260706-2687-0301,RENTAL_ACCRUAL,15,99,2026-07-06T21:30:00+08:00
2219158a-fa02-48cb-a642-93ff5536e105,M-1583,SESS-20260706-4194-0302,RENTAL_ACCRUAL,5,101,2026-07-06T20:00:00+08:00
8b74935a-1f66-4b47-9716-a8494a5e1b3f,M-1993,SESS-20260706-1143-0303,RENTAL_ACCRUAL,10,39,2026-07-06T22:40:00+08:00
d9fffbc0-000b-4464-8db1-d30e6e544c69,M-1460,SESS-20260706-4611-0304,RENTAL_ACCRUAL,15,180,2026-07-07T02:15:00+08:00
830dfba2-3c87-4749-bfeb-2aa71a1adc40,M-1361,SESS-20260706-5028-0305,RENTAL_REDEMPTION,-400,40,2026-07-06T10:45:00+08:00
5720fd1e-6001-42ac-80e8-d8122bacb433,M-1361,SESS-20260706-5028-0305,RENTAL_ACCRUAL,3,43,2026-07-06T15:45:00+08:00
416663f9-5278-475e-97c7-d9c97f345c76,M-1040,SESS-20260706-7213-0306,RENTAL_ACCRUAL,24,179,2026-07-07T00:30:00+08:00
3cf84d67-7341-436c-9e75-fd7b5fa12afc,M-1176,SESS-20260706-8750-0307,RENTAL_ACCRUAL,8,126,2026-07-06T22:45:00+08:00
34112fc3-379c-4d3c-accf-b06422bcfbd1,M-1505,SESS-20260706-3958-0308,RENTAL_ACCRUAL,5,92,2026-07-06T22:15:00+08:00
1a519b02-2ec2-46e9-ab14-b2dff2b3751b,M-1327,SESS-20260706-6387-0309,RENTAL_ACCRUAL,30,2128,2026-07-07T02:10:00+08:00
de77daab-bffa-48cc-a184-017cca9cb389,M-1711,SESS-20260706-6410-0310,RENTAL_REDEMPTION,-100,169,2026-07-06T14:00:00+08:00
6d1a32b8-295b-466f-a7c1-3d317fd60dfd,M-1711,SESS-20260706-6410-0310,RENTAL_ACCRUAL,20,189,2026-07-06T17:00:00+08:00
6effe18f-1692-42f0-a5ed-46770dfab443,M-1536,SESS-20260706-2458-0311,RENTAL_ACCRUAL,25,104,2026-07-07T04:55:00+08:00
4611046d-1669-4c60-b049-3fe844b6dcbd,M-1406,SESS-20260706-9068-0312,RENTAL_ACCRUAL,16,624,2026-07-07T00:15:00+08:00
9ec51902-4430-4ca4-b513-ed7a6d8b9d2a,M-1337,SESS-20260706-7975-0313,RENTAL_ACCRUAL,28,725,2026-07-07T00:00:00+08:00
780362c7-7870-4eb6-b158-32e1f584821c,M-1807,SESS-20260706-5488-0314,RENTAL_ACCRUAL,16,163,2026-07-06T17:20:00+08:00
a9535ddc-d79d-4dc6-ba21-ab769a98833b,M-1433,SESS-20260706-8014-0315,RENTAL_ACCRUAL,25,41,2026-07-07T02:15:00+08:00
bf2a14ad-e435-43b5-840c-42a1e81e2b34,M-1462,SESS-20260706-2913-0316,RENTAL_ACCRUAL,28,390,2026-07-07T04:35:00+08:00
8dfc368a-cbb4-4c4b-b51b-f5867f4615b3,M-1552,SESS-20260706-7365-0317,RENTAL_ACCRUAL,40,203,2026-07-07T04:00:00+08:00
b6402c0b-f645-4329-b02d-aaccf3632dd5,M-1552,TIER_UPGRADE_Standard_TO_Silver,TIER_BONUS,50,253,2026-07-07T04:00:00+08:00
535ff590-aa64-4606-9c85-65f93f80ac0b,M-1537,SESS-20260706-4343-0318,RENTAL_ACCRUAL,15,268,2026-07-06T21:55:00+08:00
a0529f0a-1b13-4ae4-a4e4-89116264e7c8,M-1605,SESS-20260706-7868-0319,RENTAL_ACCRUAL,60,171,2026-07-07T02:05:00+08:00
9243eb07-31c8-428c-af05-9a4b94376439,M-1798,SESS-20260706-1089-0320,RENTAL_ACCRUAL,36,188,2026-07-07T00:45:00+08:00
8e5aba3a-5e91-4b74-966c-e090c080c061,M-1790,SESS-20260706-7352-0321,RENTAL_ACCRUAL,5,116,2026-07-06T19:00:00+08:00
33bb98ed-2ccf-43dc-b432-ba735242b70e,M-1519,SESS-20260706-1687-0322,RENTAL_ACCRUAL,12,134,2026-07-06T21:30:00+08:00
2b285a7a-15c0-4639-8d28-8c50e632db13,M-1138,SESS-20260706-9524-0323,RENTAL_ACCRUAL,28,311,2026-07-07T03:50:00+08:00
7839f6a9-5762-45c5-9d92-9eb0c9ba1d29,M-1482,SESS-20260706-5659-0324,RENTAL_REDEMPTION,-100,104,2026-07-06T19:15:00+08:00
fdd8ae88-7bbc-4123-9c8e-74a4bdcbf367,M-1482,SESS-20260706-5659-0324,RENTAL_ACCRUAL,5,109,2026-07-06T21:15:00+08:00
c88300bb-48df-46d5-b437-807de3fa0d78,M-1241,SESS-20260706-6048-0325,RENTAL_ACCRUAL,16,235,2026-07-07T01:45:00+08:00
21463d35-6814-4e21-a239-49f273746125,M-1287,SESS-20260706-5834-0326,RENTAL_REDEMPTION,-100,84,2026-07-06T23:30:00+08:00
e15fe47c-63f0-4818-b019-49091f954347,M-1255,SESS-20260706-9770-0327,RENTAL_ACCRUAL,25,159,2026-07-06T22:55:00+08:00
7ecdf169-9b49-457b-9c54-b5ec325b3646,M-1403,SESS-20260706-3832-0328,RENTAL_ACCRUAL,12,2209,2026-07-06T23:30:00+08:00
11188097-764c-4c1d-81e8-e48bebf45ff5,M-1539,SESS-20260706-8816-0329,RENTAL_ACCRUAL,48,2722,2026-07-07T07:00:00+08:00
8aa41347-99b2-4cb7-8cd1-6416e0d25fb5,M-1472,SESS-20260706-3310-0330,RENTAL_ACCRUAL,10,138,2026-07-06T22:45:00+08:00
4de609d8-daa4-496d-8247-04cf2ca09966,M-1767,SESS-20260706-2495-0331,RENTAL_REDEMPTION,-100,197,2026-07-06T19:15:00+08:00
f6261af6-a9be-4fb7-85b5-915319686d28,M-1767,SESS-20260706-2495-0331,RENTAL_ACCRUAL,5,202,2026-07-06T21:15:00+08:00
f5c9089c-9bf2-4d85-9101-3401dc90b54c,M-1301,SESS-20260706-3961-0332,RENTAL_REDEMPTION,-100,59,2026-07-06T19:15:00+08:00
3a0d9f77-7de7-4899-96c8-e180c72f2073,M-1301,SESS-20260706-3961-0332,RENTAL_ACCRUAL,21,80,2026-07-07T00:15:00+08:00
c282b827-fb24-4763-8902-b70adb5ff681,M-1130,SESS-20260706-3312-0333,RENTAL_ACCRUAL,10,232,2026-07-06T13:00:00+08:00
6798fd2b-a767-4214-aaf1-bb016f213644,M-1277,SESS-20260706-2452-0334,RENTAL_REDEMPTION,-100,2509,2026-07-06T20:15:00+08:00
bce70740-e6a4-4241-b294-ee0d44406c72,M-1277,SESS-20260706-2452-0334,RENTAL_ACCRUAL,11,2520,2026-07-06T22:15:00+08:00
47a74b68-fe86-45cc-b2c8-5c7f1a44c5e1,M-1093,SESS-20260706-4418-0335,RENTAL_ACCRUAL,40,191,2026-07-07T06:40:00+08:00
e6a8b10f-57ca-4431-bc35-776802e2416d,M-1093,TIER_UPGRADE_Standard_TO_Silver,TIER_BONUS,50,241,2026-07-07T06:40:00+08:00
8bd9f225-6d2b-4461-97ff-87c0f9a436af,M-1766,SESS-20260706-2853-0336,RENTAL_ACCRUAL,16,397,2026-07-07T01:45:00+08:00
17849f15-98b9-454a-ad58-da3714539ebf,M-1777,SESS-20260706-2392-0337,RENTAL_REDEMPTION,-100,94,2026-07-06T20:30:00+08:00
1fb36bad-2a60-4ab7-9e43-4bb6d600c0a0,M-1777,SESS-20260706-2392-0337,RENTAL_ACCRUAL,11,105,2026-07-06T22:30:00+08:00
38c7fa9f-4e24-4054-ae23-001dd4945293,M-1631,SESS-20260706-3632-0338,RENTAL_ACCRUAL,40,106,2026-07-07T07:40:00+08:00
fff23bce-9fd6-487c-b94e-93382b80ca3d,M-1130,SESS-20260706-7054-0339,RENTAL_REDEMPTION,-200,32,2026-07-06T19:20:00+08:00
8f057e1a-8dfe-46ee-a6fa-5032c758dec0,M-1130,SESS-20260706-7054-0339,RENTAL_ACCRUAL,15,47,2026-07-07T00:20:00+08:00
12c053d4-028d-4249-bcc5-3ff0dd651a7e,M-1130,TIER_UPGRADE_Standard_TO_Silver,TIER_BONUS,50,97,2026-07-07T00:20:00+08:00
9b2178aa-2b2b-4800-854a-a7eff084684c,M-1823,SESS-20260706-8009-0340,RENTAL_ACCRUAL,67,331,2026-07-07T04:05:00+08:00
29a8177d-80e0-4b74-8cb2-17c362ba78d7,M-1356,SESS-20260706-8158-0341,RENTAL_ACCRUAL,6,1543,2026-07-06T22:15:00+08:00
1e76399a-c267-469e-8cc1-ce808fbf3e33,M-1517,SESS-20260706-8483-0342,RENTAL_ACCRUAL,40,75,2026-07-07T02:30:00+08:00
4a60576a-3392-4902-88ac-74fdc126bf38,M-1118,SESS-20260706-6581-0343,RENTAL_ACCRUAL,8,30,2026-07-06T19:15:00+08:00
c18fc4aa-d8d2-40d6-a96e-8b7861b381b7,M-1692,SESS-20260706-1975-0344,RENTAL_ACCRUAL,19,2214,2026-07-07T00:55:00+08:00
0d6f5895-e855-4449-b02d-ac48112589e2,M-1783,SESS-20260706-9494-0345,RENTAL_ACCRUAL,25,155,2026-07-07T02:15:00+08:00
e7bc21b8-bce8-4ab3-b61a-81b2dd510566,M-1365,SESS-20260706-2024-0346,RENTAL_ACCRUAL,15,186,2026-07-07T02:05:00+08:00
cfe1b145-b867-4af6-b153-b7349933a6a3,M-1055,SESS-20260706-7835-0347,RENTAL_ACCRUAL,5,83,2026-07-06T19:30:00+08:00
dd9b97b4-ad45-478f-88fb-a3d43bc337e7,M-1513,SESS-20260706-3961-0348,RENTAL_ACCRUAL,10,107,2026-07-06T12:45:00+08:00
04cbd7ca-cfcf-42ca-b7ec-5d10c98591a6,M-1437,SESS-20260706-9010-0349,RENTAL_ACCRUAL,12,165,2026-07-06T17:25:00+08:00
a07ea2fa-b975-4f35-82a9-5d47156cef46,M-1131,SESS-20260706-5095-0350,RENTAL_ACCRUAL,11,207,2026-07-06T19:50:00+08:00
7c55e5d1-5362-4590-a21c-1ca2850664e1,M-1424,SESS-20260706-7296-0351,RENTAL_ACCRUAL,5,78,2026-07-06T23:30:00+08:00
5e164cfb-0bb7-4f24-9d02-d02f6c1cc760,M-1501,SESS-20260706-4912-0352,RENTAL_ACCRUAL,16,74,2026-07-07T00:25:00+08:00
90b54490-2cea-4832-a914-d636d81b1ab7,M-1143,SESS-20260706-8410-0353,RENTAL_ACCRUAL,12,3365,2026-07-07T01:45:00+08:00
1ff924f5-b616-4e49-828f-b5343bf4c894,M-1715,SESS-20260706-6345-0354,RENTAL_ACCRUAL,15,118,2026-07-07T01:45:00+08:00
5b43f566-07c3-479e-a34f-d21e0e821c67,M-1020,SESS-20260706-2195-0355,RENTAL_ACCRUAL,10,65,2026-07-07T01:15:00+08:00
0ad91749-0852-40ba-8535-b0cde1185bdb,M-1104,SESS-20260706-6868-0356,RENTAL_ACCRUAL,8,154,2026-07-06T23:15:00+08:00
c100e269-34d5-4f43-b0bc-8ad4b6716235,M-1419,SESS-20260706-1617-0357,RENTAL_ACCRUAL,25,196,2026-07-07T03:55:00+08:00
2d63dac9-a3ea-4368-bb59-c759535135c7,M-1404,SESS-20260706-9935-0358,RENTAL_ACCRUAL,16,121,2026-07-07T00:45:00+08:00
6ed01d51-fa0b-4369-bbae-bed481536455,M-1178,SESS-20260706-8409-0359,RENTAL_REDEMPTION,-100,60,2026-07-06T16:00:00+08:00
576713c2-c3e6-4f31-8b03-a2fe6884dac6,M-1178,SESS-20260706-8409-0359,RENTAL_ACCRUAL,10,70,2026-07-06T19:00:00+08:00
931d3e9d-2b92-4adb-96cc-b9431aa69d7d,M-1038,SESS-20260706-9359-0360,RENTAL_REDEMPTION,-100,21,2026-07-06T13:45:00+08:00
9e7a05df-c134-4e82-8979-7a4c09834b9f,M-1038,SESS-20260706-9359-0360,RENTAL_ACCRUAL,10,31,2026-07-06T16:45:00+08:00
7e5f7dc3-20f1-428d-8951-3a94d6df6084,M-1800,SESS-20260706-1714-0361,RENTAL_ACCRUAL,16,214,2026-07-07T01:20:00+08:00
608a6c4f-46b7-4813-a779-695ef86f9cd5,M-1489,SESS-20260706-3140-0362,RENTAL_ACCRUAL,45,251,2026-07-07T07:40:00+08:00
fbdb3781-f428-493b-8dbe-3c40edffa2c2,M-1008,SESS-20260706-1506-0363,RENTAL_ACCRUAL,40,158,2026-07-06T10:00:00+08:00
af5a2009-b8b3-4371-b5d8-8dd9cc77ce18,M-1075,SESS-20260706-8418-0364,RENTAL_REDEMPTION,-100,259,2026-07-06T22:45:00+08:00
1cf2ae40-d466-4aaa-92d1-fa7e7400998d,M-1075,SESS-20260706-8418-0364,RENTAL_ACCRUAL,2,261,2026-07-06T23:45:00+08:00
55f5e1b6-978c-4f08-a729-56ddb81ebbc6,M-1300,SESS-20260706-1117-0365,RENTAL_ACCRUAL,16,432,2026-07-07T02:45:00+08:00
06c619eb-b260-40aa-958d-113ae22c0f1f,M-1305,SESS-20260706-3548-0366,RENTAL_REDEMPTION,-100,3,2026-07-06T19:15:00+08:00
b87d23c0-03f0-4772-8684-6699d8c6196b,M-1305,SESS-20260706-3548-0366,RENTAL_ACCRUAL,7,10,2026-07-06T20:15:00+08:00
25c93803-718b-4281-b662-fbba41af3aba,M-1448,SESS-20260706-2269-0367,RENTAL_ACCRUAL,16,175,2026-07-06T23:15:00+08:00
9de0ca88-d0b4-4b61-b19d-6adfd756ab1e,M-1076,SESS-20260706-6482-0368,RENTAL_ACCRUAL,12,94,2026-07-06T22:25:00+08:00
c48d5973-e1bf-4bf5-8c52-8fb604911ffa,M-1279,SESS-20260706-2441-0369,RENTAL_ACCRUAL,10,95,2026-07-07T01:50:00+08:00
d3c1c6dd-65ce-4225-8bbc-85232f8a447d,M-1082,SESS-20260706-4781-0370,RENTAL_ACCRUAL,25,88,2026-07-07T01:00:00+08:00
3a5a3b07-eafa-47a9-a76e-fe951615450b,M-1443,SESS-20260706-3323-0371,RENTAL_REDEMPTION,-100,66,2026-07-06T21:35:00+08:00
ba8cdd85-8955-4b80-9664-71eb96800b38,M-1443,SESS-20260706-3323-0371,RENTAL_ACCRUAL,38,104,2026-07-07T02:35:00+08:00
2a137e0a-da35-4f24-aecb-99615a79942c,M-1492,SESS-20260706-4480-0372,RENTAL_REDEMPTION,-100,167,2026-07-06T21:40:00+08:00
3ffc47dc-4aab-434d-b5f9-4ad9ad9aca80,M-1492,SESS-20260706-4480-0372,RENTAL_ACCRUAL,10,177,2026-07-07T00:40:00+08:00
132fa0cd-cb22-4cc7-9c3f-dc20b57bcf88,M-2146,SESS-20260706-6117-0373,RENTAL_ACCRUAL,24,41,2026-07-06T23:35:00+08:00
d33b9d47-02aa-4869-b36b-2ed1795a5ef7,M-1500,SESS-20260706-7620-0374,RENTAL_ACCRUAL,5,418,2026-07-06T21:45:00+08:00
1e0775bc-ca41-40e9-a804-7ee8cd63a97c,M-1385,SESS-20260706-5040-0375,RENTAL_ACCRUAL,10,62,2026-07-06T21:45:00+08:00
d339952a-878b-41dd-8865-29967a98c548,M-1583,SESS-20260706-1054-0376,RENTAL_ACCRUAL,16,117,2026-07-07T00:45:00+08:00
223d0fca-ce47-4c88-924f-1d999a455d74,M-1636,SESS-20260706-8086-0377,RENTAL_ACCRUAL,18,1584,2026-07-06T21:30:00+08:00
820ac5f1-1c55-4eed-a375-0214e8d06bd7,M-1335,SESS-20260706-7216-0378,RENTAL_ACCRUAL,16,109,2026-07-07T01:00:00+08:00
2c7669e1-8be2-4ccd-863b-5d34dc5e139c,M-1364,SESS-20260706-8006-0379,RENTAL_ACCRUAL,16,418,2026-07-07T02:45:00+08:00
9a206713-7d10-4c05-b59f-5afcab9bbdf8,M-1615,SESS-20260706-3264-0380,RENTAL_ACCRUAL,24,105,2026-07-07T01:40:00+08:00
221ec5a5-e059-4772-a4ba-016c5d06d702,M-1467,SESS-20260706-4600-0381,RENTAL_ACCRUAL,27,227,2026-07-06T19:40:00+08:00
a998a005-1fd9-41a8-a6bd-5e92d7f08b73,M-1019,SESS-20260706-7493-0382,RENTAL_ACCRUAL,16,131,2026-07-06T23:25:00+08:00
64fe4ae7-bb9d-4077-8b5f-02332e3edf50,M-1155,SESS-20260706-7371-0383,RENTAL_ACCRUAL,11,780,2026-07-06T23:40:00+08:00
7182ffb2-c04a-4f9a-918e-0ae5299e8133,M-1387,SESS-20260706-7773-0384,RENTAL_ACCRUAL,15,114,2026-07-07T00:55:00+08:00
ae0bec50-6367-48b8-acf2-27a49ded08f3,M-1324,SESS-20260706-3173-0385,RENTAL_ACCRUAL,8,106,2026-07-06T19:30:00+08:00
321578af-9e4b-4ccc-b717-07fde6c227d6,M-1734,SESS-20260706-9799-0386,RENTAL_ACCRUAL,13,889,2026-07-06T20:15:00+08:00
4fb71ae8-88ed-4d8d-8c5e-4ed857cb256a,M-1944,SESS-20260706-8931-0387,RENTAL_REDEMPTION,-100,17,2026-07-06T22:40:00+08:00
9df1b9b8-efb3-499e-827f-fca5d2d5a7f2,M-1944,SESS-20260706-8931-0387,RENTAL_ACCRUAL,55,72,2026-07-07T03:40:00+08:00
41d56f51-62e5-4673-9625-b7d5b7a4f8b1,M-1315,SESS-20260706-1058-0388,RENTAL_ACCRUAL,10,57,2026-07-06T22:10:00+08:00
28f343a6-6bcd-44fd-b429-7cdaf4af765c,M-1579,SESS-20260706-7125-0389,RENTAL_REDEMPTION,-100,2414,2026-07-06T21:30:00+08:00
1a0d4130-45b0-43fc-befe-253421a9c1d8,M-1579,SESS-20260706-7125-0389,RENTAL_ACCRUAL,21,2435,2026-07-06T23:30:00+08:00
838aa863-8a1e-43ef-a52c-9ebe7071bea8,M-1411,SESS-20260706-2813-0390,RENTAL_ACCRUAL,11,274,2026-07-06T21:40:00+08:00
fef2c550-659d-4c0b-bb1b-b29f0f3d62b0,M-1366,SESS-20260706-3711-0391,RENTAL_ACCRUAL,25,59,2026-07-07T04:55:00+08:00
26c10a69-5275-4687-abc1-3da88d3e8bfc,M-1393,SESS-20260706-6928-0392,RENTAL_ACCRUAL,10,43,2026-07-06T23:50:00+08:00
05852e93-e32e-438b-a476-ffccdda2ab72,M-1473,SESS-20260706-6033-0393,RENTAL_ACCRUAL,11,290,2026-07-07T01:20:00+08:00
7d716809-59b1-4b1c-ae60-8d358a4fa000,M-1769,SESS-20260706-4784-0394,RENTAL_ACCRUAL,10,99,2026-07-07T00:30:00+08:00
0a33778f-50c8-4f28-a583-dca7a6457204,M-1437,SESS-20260706-1808-0395,RENTAL_ACCRUAL,15,180,2026-07-06T23:45:00+08:00
0914ea9a-9123-40e3-8da3-6bf39542df2e,M-1267,SESS-20260706-9708-0396,RENTAL_ACCRUAL,10,111,2026-07-07T00:20:00+08:00
62bbb668-038f-4e9d-a4f6-9b44b1082008,M-1556,SESS-20260706-9330-0397,RENTAL_REDEMPTION,-100,30,2026-07-06T21:25:00+08:00
c1ceb1d1-10bf-4735-bedf-44e567ee9706,M-1652,SESS-20260706-5780-0398,RENTAL_ACCRUAL,5,120,2026-07-07T00:40:00+08:00
2cb128c7-57c1-4d9a-b039-492614549eed,M-1568,SESS-20260706-6183-0399,RENTAL_ACCRUAL,15,142,2026-07-07T02:30:00+08:00
53ed3cb4-c6b2-4707-bc34-c0e6a2b77d35,M-1375,SESS-20260706-2808-0400,RENTAL_REDEMPTION,-100,15,2026-07-06T22:25:00+08:00
4c041488-d059-4b36-97fb-4a19829d6e4c,M-1375,SESS-20260706-2808-0400,RENTAL_ACCRUAL,35,50,2026-07-07T03:25:00+08:00
73a888c8-dc49-41cc-b3f8-a808c3c05b64,M-1442,SESS-20260706-3597-0401,RENTAL_REDEMPTION,-100,73,2026-07-06T22:30:00+08:00
5aef9c81-a1b9-4d14-888e-636cd1afc52b,M-1442,SESS-20260706-3597-0401,RENTAL_ACCRUAL,20,93,2026-07-07T03:30:00+08:00
75c747ad-b78a-47d4-8dd1-d498e831b415,M-1127,SESS-20260706-1033-0402,RENTAL_ACCRUAL,45,289,2026-07-07T04:00:00+08:00
c2072739-2831-4b92-ac19-38ae07e11061,M-1788,SESS-20260706-2346-0403,RENTAL_ACCRUAL,24,176,2026-07-06T22:25:00+08:00
c6d91b4e-6aad-4b0e-8368-0dac3f187dd6,M-1461,SESS-20260706-2922-0404,RENTAL_ACCRUAL,24,218,2026-07-07T01:40:00+08:00
5ba048dd-f558-4227-94e1-cff14ee638e1,M-1834,SESS-20260706-7712-0405,RENTAL_ACCRUAL,15,235,2026-07-06T22:30:00+08:00
e7614df1-39ec-4ade-a0ac-62634322976f,M-1070,SESS-20260706-7666-0406,RENTAL_ACCRUAL,24,202,2026-07-06T12:00:00+08:00
0d334192-766c-4fbb-88ce-8bc28a8a733e,M-1531,SESS-20260706-7118-0407,RENTAL_ACCRUAL,5,172,2026-07-06T16:10:00+08:00
4054a459-7f75-46a3-b2b2-05014630c5f5,M-1775,SESS-20260706-6630-0408,RENTAL_ACCRUAL,30,1244,2026-07-07T02:45:00+08:00
5dd6fb03-1f30-45ee-9fcf-d54f7bb453d6,M-1009,SESS-20260706-2820-0409,RENTAL_ACCRUAL,5,236,2026-07-06T22:00:00+08:00
8db648f5-20b1-451f-baff-06aec7b91ba1,M-1810,SESS-20260706-3614-0410,RENTAL_ACCRUAL,27,99,2026-07-07T02:55:00+08:00
d32602a9-3b5a-4a98-8c5a-10d2da30c806,M-2159,SESS-20260706-2737-0411,RENTAL_ACCRUAL,40,194,2026-07-07T04:55:00+08:00
3fc09d96-ea2b-489b-8976-07b895f27c1e,M-1607,SESS-20260706-5087-0412,RENTAL_ACCRUAL,10,112,2026-07-07T00:15:00+08:00
1985a0b7-24c7-492b-b633-5fc7a3fde22a,M-1236,SESS-20260706-9454-0413,RENTAL_ACCRUAL,12,105,2026-07-06T21:20:00+08:00
8b52fd83-3c65-4d17-a049-bbad8b653657,M-1156,SESS-20260706-7085-0414,RENTAL_ACCRUAL,11,187,2026-07-07T00:40:00+08:00
0b2695a5-8c49-414d-b17e-a9fa755ec2b3,M-1755,SESS-20260706-2959-0415,RENTAL_ACCRUAL,16,142,2026-07-06T21:30:00+08:00
10b1fbdd-e3be-49d5-a83e-29287e6e41a0,M-1570,SESS-20260706-3658-0416,RENTAL_ACCRUAL,5,442,2026-07-06T23:45:00+08:00
3856dd6e-9377-4d20-aa44-4481be90007c,M-1175,SESS-20260706-2713-0417,RENTAL_ACCRUAL,16,396,2026-07-07T02:55:00+08:00
4d23334e-9b13-4de9-824e-edd6f7a9ea45,M-1628,SESS-20260706-6218-0418,RENTAL_REDEMPTION,-200,7,2026-07-06T23:35:00+08:00
ac8ee586-a591-4e0c-ab01-ae5cdb5b23f2,M-1628,SESS-20260706-6218-0418,RENTAL_ACCRUAL,2,9,2026-07-07T00:35:00+08:00
f6e23301-b614-4f93-86fe-f4b707043746,M-1618,SESS-20260706-3532-0419,RENTAL_REDEMPTION,-100,15,2026-07-06T13:15:00+08:00
2b439b54-f54c-4d4c-99f8-c8f59a65a9d6,M-1618,SESS-20260706-3532-0419,RENTAL_ACCRUAL,10,25,2026-07-06T16:15:00+08:00
56dec158-9d0d-4547-ba83-ef183deed86e,M-1011,SESS-20260706-1742-0420,RENTAL_REDEMPTION,-100,578,2026-07-06T16:25:00+08:00
d3baf9c4-475b-491d-974d-b8ebee4a165f,M-1011,SESS-20260706-1742-0420,RENTAL_ACCRUAL,5,583,2026-07-06T18:25:00+08:00
792a2d10-7799-43b2-930d-1af06e66b994,M-1230,SESS-20260706-4927-0421,RENTAL_ACCRUAL,16,636,2026-07-07T01:55:00+08:00
0c1902da-9e35-4515-b53e-f498509585df,M-1582,SESS-20260706-8106-0422,RENTAL_REDEMPTION,-100,9,2026-07-06T22:00:00+08:00
44480be8-a6ba-465e-995c-07d0b38410d1,M-1582,SESS-20260706-8106-0422,RENTAL_ACCRUAL,19,28,2026-07-07T00:00:00+08:00
3c888eaf-7bc1-490b-97ae-959b7cea0483,M-1582,TIER_UPGRADE_Standard_TO_Silver,TIER_BONUS,50,78,2026-07-07T00:00:00+08:00
eca16e67-826f-4c7f-a68e-de26ff28c82e,M-1201,SESS-20260706-2369-0423,RENTAL_ACCRUAL,5,274,2026-07-07T00:35:00+08:00
6f3e8f4f-3626-48fa-8828-2c178ed3a56c,M-1802,SESS-20260706-7085-0424,RENTAL_ACCRUAL,36,166,2026-07-07T01:35:00+08:00
1e284816-f615-43c3-9d52-727911f7b79a,M-1185,SESS-20260706-4923-0425,RENTAL_ACCRUAL,16,126,2026-07-06T22:40:00+08:00
73afc745-7c12-4df8-bbca-5260379e93b0,M-1250,SESS-20260706-6998-0426,RENTAL_ACCRUAL,40,152,2026-07-07T00:30:00+08:00
c08705fd-eb4e-4ce4-b1e6-1ffbc1dbfde0,M-1276,SESS-20260706-2943-0427,RENTAL_ACCRUAL,28,413,2026-07-07T01:45:00+08:00
07667f10-5949-4d56-8a54-9f348d7bd1f4,M-1693,SESS-20260706-2001-0428,RENTAL_ACCRUAL,13,352,2026-07-06T18:15:00+08:00
34e65699-1559-49ba-9f25-59ad6b99f54f,M-1690,SESS-20260706-8009-0429,RENTAL_REDEMPTION,-200,98,2026-07-06T23:50:00+08:00
1afbc222-62d7-40bb-ac68-b09eab5b5534,M-1690,SESS-20260706-8009-0429,RENTAL_ACCRUAL,4,102,2026-07-07T02:50:00+08:00
ef8841b6-7a32-4e89-be7d-6aca80a5f674,M-1120,SESS-20260706-9093-0430,RENTAL_ACCRUAL,18,828,2026-07-07T00:45:00+08:00
de66c38c-fc1e-4af4-88e4-a1f46372a115,M-1716,SESS-20260706-5830-0431,RENTAL_ACCRUAL,40,65,2026-07-07T04:35:00+08:00
7f204f5c-b680-4abb-9648-cd2d2ab09962,M-1716,TIER_UPGRADE_Standard_TO_Silver,TIER_BONUS,50,115,2026-07-07T04:35:00+08:00
30aa4b6c-55b7-4218-9200-868b27adc9cf,M-1188,SESS-20260706-1854-0432,RENTAL_REDEMPTION,-100,357,2026-07-06T20:30:00+08:00
2671945e-9cd1-4409-82a2-5480e5ab76e3,M-1188,SESS-20260706-1854-0432,RENTAL_ACCRUAL,20,377,2026-07-06T22:30:00+08:00
01d2427f-449f-4fc3-8978-2c7eec54fae0,M-1036,SESS-20260706-1339-0433,RENTAL_ACCRUAL,16,481,2026-07-07T01:05:00+08:00
0110e1cc-697d-4f80-89a8-2a00ce9c8c92,M-1693,SESS-20260706-2549-0434,RENTAL_ACCRUAL,28,380,2026-07-07T04:50:00+08:00
4c11b4e5-a3ba-4e95-9550-93f5c67fcd1a,M-1618,SESS-20260706-5373-0435,RENTAL_ACCRUAL,40,65,2026-07-07T02:35:00+08:00
47b4fd1a-b7f5-40da-aea1-f86c4c256148,M-1142,SESS-20260706-8025-0436,RENTAL_ACCRUAL,67,258,2026-07-07T03:45:00+08:00
81d5d187-0a6f-4c58-b625-243d6e436749,M-1752,SESS-20260706-7169-0437,RENTAL_ACCRUAL,12,2329,2026-07-07T00:00:00+08:00
c2f3d005-6f54-4a7d-b80a-e6bfa7d1ea88,M-1196,SESS-20260706-3918-0438,RENTAL_ACCRUAL,11,543,2026-07-07T01:50:00+08:00
e8e438ab-9e07-4ed6-920f-9db065dd47d2,M-1059,SESS-20260706-5831-0439,RENTAL_ACCRUAL,16,196,2026-07-07T02:00:00+08:00
2d21972a-6ca9-4757-92ff-079588563bfa,M-1800,ORD-20260707-5951-0001,CONCESSION_ACCRUAL,20,234,2026-07-07T00:24:21+08:00
c25dde96-09db-42fe-bf15-cb233a260e69,M-1925,ORD-20260706-5354-0002,CONCESSION_ACCRUAL,15,41,2026-07-06T16:57:20+08:00
d662d857-abde-48a3-a829-ab0e3db00347,M-1617,ORD-20260706-5287-0003,CONCESSION_ACCRUAL,17,145,2026-07-06T22:34:38+08:00
d614eb2c-d0ed-40cf-a7c9-c1eafd32239c,M-1157,ORD-20260706-5849-0004,CONCESSION_ACCRUAL,13,123,2026-07-06T21:01:16+08:00
380f5594-c8a8-4b91-9458-2cc34ff56c07,M-1448,ORD-20260706-1589-0005,CONCESSION_ACCRUAL,15,190,2026-07-06T20:42:59+08:00
193f4363-383c-4a14-ae0d-1af9ed9b0004,M-1180,ORD-20260706-8067-0006,CONCESSION_ACCRUAL,36,860,2026-07-06T18:37:39+08:00
9947182a-dc66-44a7-a217-2eeb89539f7e,M-1607,ORD-20260706-5537-0007,CONCESSION_ACCRUAL,8,120,2026-07-06T15:39:31+08:00
3e787a5d-b4d8-48f7-b5d4-348003a8720f,M-1803,ORD-20260706-1672-0008,CONCESSION_ACCRUAL,22,143,2026-07-06T23:05:02+08:00
b10b9c57-22c1-4b7e-97f4-c1338c96331a,M-1143,ORD-20260707-2402-0009,CONCESSION_ACCRUAL,4,3369,2026-07-07T00:53:17+08:00
f5548d59-fda2-4109-bcc8-fa1236b84a6f,M-1240,ORD-20260706-3081-0010,CONCESSION_ACCRUAL,16,289,2026-07-06T22:10:01+08:00
7c01032b-8253-48a2-b85d-0dbf85ed950e,M-1080,ORD-20260706-1501-0011,CONCESSION_ACCRUAL,19,193,2026-07-06T21:31:37+08:00
76dc7a31-7ade-4efa-8b71-3d59a2b36970,M-1570,ORD-20260706-8496-0012,CONCESSION_ACCRUAL,14,456,2026-07-06T23:34:37+08:00
6f7508ef-caaa-4313-9cb5-1e5677c36d86,M-1356,ORD-20260706-4041-0013,CONCESSION_ACCRUAL,49,1592,2026-07-06T21:17:36+08:00
5f9d26f1-8b41-47f6-b472-119a9cd0d194,M-1481,ORD-20260706-3056-0014,CONCESSION_ACCRUAL,6,69,2026-07-06T17:24:44+08:00
5369366b-350d-4991-b51f-64ae28e6dc2b,M-1512,ORD-20260706-2193-0015,CONCESSION_ACCRUAL,6,106,2026-07-06T17:31:54+08:00
414a06fa-a617-40da-a98b-e3fc891937ed,M-1111,ORD-20260706-5384-0016,CONCESSION_ACCRUAL,8,379,2026-07-06T20:36:22+08:00
ff213ff5-c525-4937-8c60-720a99e7429b,M-1544,ORD-20260706-9297-0017,CONCESSION_ACCRUAL,3,38,2026-07-06T21:02:50+08:00
34b20439-f5cb-4cba-9067-0e77371b8a99,M-1392,ORD-20260706-6721-0018,CONCESSION_ACCRUAL,10,661,2026-07-06T13:54:34+08:00
3e6b202c-7b77-4eb6-8a3d-9d28bafcbee8,M-1392,TIER_UPGRADE_Silver_TO_Gold,TIER_BONUS,100,761,2026-07-06T13:54:34+08:00
55e65020-9bb4-479a-80fb-566337e3bd89,M-1823,ORD-20260706-2960-0019,CONCESSION_ACCRUAL,28,359,2026-07-06T17:23:37+08:00
d5d7ca65-6974-475b-883e-ff87cc30d6a2,M-1472,ORD-20260706-1851-0020,CONCESSION_ACCRUAL,25,163,2026-07-06T21:39:49+08:00
54fabd7b-7f54-4cd6-99a3-2d0818109978,M-1557,ORD-20260706-8305-0021,CONCESSION_ACCRUAL,18,218,2026-07-06T17:56:12+08:00
c5bdbec1-8398-47c5-af62-105658e6a3f4,M-1258,ORD-20260706-2522-0022,CONCESSION_ACCRUAL,18,73,2026-07-06T22:16:08+08:00
fc9acfbf-b840-41e8-ae95-6b8bc23a5dd3,M-1616,ORD-20260707-6716-0023,CONCESSION_ACCRUAL,6,156,2026-07-07T04:12:40+08:00
e0033f84-e8c6-44b7-b453-8b9cded49611,M-1711,ORD-20260706-9534-0024,CONCESSION_ACCRUAL,8,197,2026-07-06T16:42:48+08:00
00087f80-79ec-4e47-beb3-eb2f2c55abf7,M-1493,ORD-20260706-3084-0025,CONCESSION_ACCRUAL,6,66,2026-07-06T17:09:05+08:00
05a4980f-6cc9-4696-b2bf-aecae31ec4e6,M-1488,ORD-20260706-1258-0026,CONCESSION_ACCRUAL,6,385,2026-07-06T23:27:01+08:00
a472dc14-3863-4728-aef6-c2c52ce49601,M-1057,ORD-20260706-5668-0027,CONCESSION_ACCRUAL,6,79,2026-07-06T22:59:28+08:00
d541dc20-f1bf-466c-ad90-9088964b6ba5,M-1633,ORD-20260706-8324-0028,CONCESSION_ACCRUAL,31,212,2026-07-06T16:04:13+08:00
8b855b46-3e8c-49a1-a5ef-db98ff41e1eb,M-1328,ORD-20260706-5894-0029,CONCESSION_ACCRUAL,9,80,2026-07-06T19:24:04+08:00
1c42c94c-25eb-4c89-992b-d3acb6b0e85a,M-1557,ORD-20260706-2885-0030,CONCESSION_ACCRUAL,9,227,2026-07-06T20:23:52+08:00
8de71739-64d7-456c-ab20-a210500299ed,M-1449,ORD-20260706-5585-0031,CONCESSION_ACCRUAL,8,143,2026-07-06T13:21:17+08:00
a5c4bcbe-16ec-4db3-a928-b6162040b196,M-1766,ORD-20260707-8907-0032,CONCESSION_ACCRUAL,11,408,2026-07-07T01:02:04+08:00
19913179-99ef-4136-b2ba-867f2d27db8d,M-1944,ORD-20260707-1771-0033,CONCESSION_ACCRUAL,6,78,2026-07-07T01:34:50+08:00
67c45b49-8ccd-40fd-9644-42c925779e1a,M-1544,ORD-20260706-4848-0034,CONCESSION_ACCRUAL,15,53,2026-07-06T10:23:17+08:00
e7baadcd-96e0-41f6-82fa-46f8bdd39ae0,M-1265,ORD-20260706-1551-0035,CONCESSION_ACCRUAL,3,604,2026-07-06T20:26:05+08:00
9f2ebfcf-d747-4c90-9374-25af72f860ca,M-1256,ORD-20260706-5193-0036,CONCESSION_ACCRUAL,12,197,2026-07-06T22:06:58+08:00
5b9d18b2-77b0-490b-ac1a-f34db80973b5,M-1010,ORD-20260706-4031-0037,CONCESSION_ACCRUAL,8,220,2026-07-06T18:38:15+08:00
67ee8ac5-4897-46a1-9832-1fa223b15985,M-1582,ORD-20260706-3163-0038,CONCESSION_ACCRUAL,15,93,2026-07-06T23:08:49+08:00
48916032-dac8-4ba8-ae44-925115a32d8f,M-1757,ORD-20260706-9209-0039,CONCESSION_ACCRUAL,17,121,2026-07-06T22:29:51+08:00
f90ecd43-ea72-43d0-9021-a5337fb8b832,M-1657,ORD-20260707-3691-0040,CONCESSION_ACCRUAL,9,115,2026-07-07T00:10:19+08:00
6ad6249b-19a1-4e51-8640-086c8615721c,M-1523,ORD-20260706-2852-0041,CONCESSION_ACCRUAL,16,59,2026-07-06T20:03:19+08:00
4e921a72-d30e-43e7-86f8-6e2448e2a1fe,M-1178,ORD-20260706-8006-0042,CONCESSION_ACCRUAL,11,81,2026-07-06T18:31:10+08:00
bad70344-e61a-4f85-b647-11c1d0be0c7c,M-1276,ORD-20260706-7750-0043,CONCESSION_ACCRUAL,23,436,2026-07-06T22:46:20+08:00
5a612beb-eebf-4113-b93d-311a8252e167,M-1402,ORD-20260706-7967-0044,CONCESSION_ACCRUAL,3,185,2026-07-06T19:28:03+08:00
f0c2e4b8-31c1-4cae-8e23-aaab2b3bd841,M-1279,ORD-20260707-6821-0045,CONCESSION_ACCRUAL,12,107,2026-07-07T00:51:33+08:00
4a915200-7e2a-44ce-9148-c7dc78dd9ba4,M-1123,ORD-20260707-6824-0046,CONCESSION_ACCRUAL,33,191,2026-07-07T00:27:42+08:00
d51b21e5-c20d-402d-a61f-a24047bb4ed5,M-1628,ORD-20260706-1443-0047,CONCESSION_ACCRUAL,13,22,2026-07-06T23:41:58+08:00
7096ce10-c8a6-4844-bf87-c73d3c3c7c5e,M-1466,ORD-20260706-6294-0048,CONCESSION_ACCRUAL,121,3553,2026-07-06T23:26:08+08:00
dbba356f-9b40-4bba-9c58-db4420870476,M-1161,ORD-20260706-3030-0049,CONCESSION_ACCRUAL,17,100,2026-07-06T21:09:47+08:00
52768090-2193-46ec-b87f-5f3911c6af3b,M-1783,ORD-20260707-9533-0050,CONCESSION_ACCRUAL,13,168,2026-07-07T01:49:58+08:00
2b3254b1-6cff-4adf-bbfe-74ce39303540,M-1461,ORD-20260707-7396-0051,CONCESSION_ACCRUAL,18,236,2026-07-07T01:31:41+08:00
b02a0dd6-c677-4fb9-9d87-8454e6cf1937,M-1364,ORD-20260706-7604-0052,CONCESSION_ACCRUAL,55,473,2026-07-06T06:51:05+08:00
725540cf-d983-4087-8347-cf37b1b3351a,M-1369,ORD-20260706-2638-0053,CONCESSION_ACCRUAL,6,113,2026-07-06T22:12:18+08:00
98f845c8-41f2-439d-8249-1c9e8f5de742,M-1499,ORD-20260706-2549-0054,CONCESSION_ACCRUAL,16,39,2026-07-06T22:05:09+08:00
64ec88e7-38a6-4907-9589-d4dd7fa05bd7,M-1683,ORD-20260706-9095-0055,CONCESSION_ACCRUAL,13,803,2026-07-06T22:25:19+08:00
dcacda7a-b05c-4acc-9f27-98967036f640,M-1341,ORD-20260706-9460-0056,CONCESSION_ACCRUAL,8,138,2026-07-06T23:14:42+08:00
5fe4d314-5306-43a1-bb4a-8ce823dc99ba,M-1063,ORD-20260706-1791-0057,CONCESSION_ACCRUAL,11,72,2026-07-06T23:12:05+08:00
090bc451-a637-4484-b506-51bf7edf7577,M-1579,ORD-20260706-6217-0058,CONCESSION_ACCRUAL,18,2453,2026-07-06T22:45:06+08:00
f678b316-89c3-4425-840b-fe6803122c43,M-1372,ORD-20260706-3835-0059,CONCESSION_ACCRUAL,32,45,2026-07-06T23:12:46+08:00
0c69c9f3-ec6f-4288-a6d5-df2761ccc63b,M-1676,ORD-20260706-3397-0060,CONCESSION_ACCRUAL,13,2835,2026-07-06T19:52:20+08:00
b307f026-aad5-4150-86a3-e7ca43d925f0,M-1670,ORD-20260707-7374-0061,CONCESSION_ACCRUAL,6,193,2026-07-07T00:22:26+08:00
9808d632-c6cf-4364-8c68-12ab8d2dcd9c,M-1501,ORD-20260706-1505-0062,CONCESSION_ACCRUAL,10,84,2026-07-06T22:31:28+08:00
83eba71f-a7b7-47fb-9d12-ee5629298067,M-1626,ORD-20260706-6469-0063,CONCESSION_ACCRUAL,9,221,2026-07-06T22:00:08+08:00
cd998d30-2d6d-4cc5-b82a-2f1ce607533a,M-1033,ORD-20260706-3342-0064,CONCESSION_ACCRUAL,19,164,2026-07-06T21:21:10+08:00
ffdc9ba4-1e36-4cd9-8251-26c790a36fe5,M-1421,ORD-20260706-3039-0065,CONCESSION_ACCRUAL,25,458,2026-07-06T18:03:04+08:00
79826db4-17d0-4c5d-ab11-45a7ca942bf3,M-1482,ORD-20260706-4233-0066,CONCESSION_ACCRUAL,2,111,2026-07-06T19:33:23+08:00
3a65b5b8-8fbc-475d-ba89-0a214b1499e6,M-1241,ORD-20260707-2038-0067,CONCESSION_ACCRUAL,9,244,2026-07-07T00:48:56+08:00
cd16942e-bc18-4fb9-a1fa-80719dc638ed,M-1552,ORD-20260707-8115-0068,CONCESSION_ACCRUAL,30,283,2026-07-07T01:58:04+08:00
76089e78-f64e-4bc2-b733-4b9f89e273ef,M-1242,ORD-20260706-7151-0069,CONCESSION_ACCRUAL,11,173,2026-07-06T22:32:58+08:00
38fc33a2-3720-4c96-a3c5-e8ada289eb92,M-1586,ORD-20260706-9817-0070,CONCESSION_ACCRUAL,11,265,2026-07-06T22:59:18+08:00
a0a73c01-6e54-4edc-b3ce-f7546b138711,M-1011,ORD-20260706-9554-0071,CONCESSION_ACCRUAL,23,606,2026-07-06T17:33:28+08:00
6b7321fe-8238-4225-a73e-d950bce89c2a,M-1698,ORD-20260706-5317-0072,CONCESSION_ACCRUAL,13,75,2026-07-06T19:07:07+08:00
624229ce-8d42-4299-a4cc-61a4d674d05d,M-1971,ORD-20260706-5565-0073,CONCESSION_ACCRUAL,24,149,2026-07-06T20:53:07+08:00
f7f2ef0e-2b3c-41e8-894b-ed7440617cf2,M-1993,ORD-20260706-3557-0074,CONCESSION_ACCRUAL,3,42,2026-07-06T21:39:56+08:00
40a3bce9-42fd-4738-95b3-25bbe1226ff0,M-1260,ORD-20260706-9498-0075,CONCESSION_ACCRUAL,16,585,2026-07-06T23:22:03+08:00
28bb3009-eee8-4f55-9d11-d9885e29dda2,M-1649,ORD-20260706-1670-0076,CONCESSION_ACCRUAL,8,111,2026-07-06T19:15:26+08:00
3de3c70e-ed2e-4b41-87e6-6a32bc3114d0,M-1720,ORD-20260706-6092-0077,CONCESSION_ACCRUAL,15,257,2026-07-06T23:00:09+08:00
c212bfee-d934-4b8b-888f-bdcbc5cd9c94,M-1805,ORD-20260706-5123-0078,CONCESSION_ACCRUAL,13,89,2026-07-06T05:36:37+08:00
4f88a719-8ab0-4012-8dc1-d4b5bad43abb,M-1693,ORD-20260706-7320-0079,CONCESSION_ACCRUAL,22,402,2026-07-06T17:54:02+08:00
22f5ce46-1c24-45de-8dc1-e857edcdda6e,M-1763,ORD-20260706-2595-0080,CONCESSION_ACCRUAL,9,271,2026-07-06T20:41:12+08:00
8296bdc7-21a4-4592-9aa4-ac92d9baafc8,M-1653,ORD-20260706-1985-0081,CONCESSION_ACCRUAL,9,167,2026-07-06T02:52:13+08:00
cd073622-15df-4342-b216-5850e67bed3d,M-1250,ORD-20260706-5646-0082,CONCESSION_ACCRUAL,9,161,2026-07-06T22:12:26+08:00
4ed74b1f-7c5f-426b-80f9-49d857f38fb3,M-1631,ORD-20260707-7505-0083,CONCESSION_ACCRUAL,9,115,2026-07-07T04:04:38+08:00
e72e2017-f966-47af-b893-f9e6badeba4a,M-1505,ORD-20260706-1458-0084,CONCESSION_ACCRUAL,9,101,2026-07-06T22:11:32+08:00
5b8b9b4d-c07e-4734-aee1-b2692a925869,M-1131,ORD-20260706-1116-0085,CONCESSION_ACCRUAL,37,244,2026-07-06T19:33:41+08:00
b49b0621-3c97-4bdd-a93c-0f44fd3f3008,M-1547,ORD-20260706-7886-0086,CONCESSION_ACCRUAL,13,103,2026-07-06T11:32:33+08:00
526bb48d-995a-4f58-940f-d52f4dcc356d,M-1469,ORD-20260706-5194-0087,CONCESSION_ACCRUAL,10,132,2026-07-06T23:20:23+08:00
0c878f22-866d-4ce9-b126-35cba572a93b,M-1380,ORD-20260706-9143-0088,CONCESSION_ACCRUAL,11,174,2026-07-06T19:36:34+08:00
d63ea739-f540-455e-8771-8e93a679f352,M-1352,ORD-20260706-6078-0089,CONCESSION_ACCRUAL,19,94,2026-07-06T21:33:14+08:00
a50185e6-79d2-4375-bec9-13db4111c6b8,M-1290,ORD-20260706-9539-0090,CONCESSION_ACCRUAL,20,97,2026-07-06T22:59:46+08:00
97cd056a-40b6-4e68-9cde-859924c4529f,M-1047,ORD-20260707-4571-0091,CONCESSION_ACCRUAL,12,177,2026-07-07T00:37:11+08:00
60ca227f-1696-40e9-a102-c5fac8749edd,M-1618,ORD-20260706-2943-0092,CONCESSION_ACCRUAL,12,77,2026-07-06T21:39:46+08:00
fdf77f85-56bc-4b2f-b26c-ca122b6ed872,M-1437,ORD-20260706-6969-0093,CONCESSION_ACCRUAL,8,188,2026-07-06T23:04:07+08:00
a8be6b4e-0ac6-4a43-af23-fdb4eaf13aba,M-1167,ORD-20260706-9974-0094,CONCESSION_ACCRUAL,8,237,2026-07-06T22:51:45+08:00
8934a97d-66ab-461e-b2c8-2ee806a4da6a,M-1055,ORD-20260706-5002-0095,CONCESSION_ACCRUAL,26,109,2026-07-06T18:33:27+08:00
3d458747-79a4-4e25-b37e-027fa6e94c19,M-1227,ORD-20260706-3417-0096,CONCESSION_ACCRUAL,3,159,2026-07-06T18:48:51+08:00
e6c8af7e-f289-43b0-b607-9e51328db21d,M-1697,ORD-20260706-2403-0097,CONCESSION_ACCRUAL,9,194,2026-07-06T23:58:13+08:00
660ee93f-e955-4903-8187-b1384093bc41,M-1305,ORD-20260706-8375-0098,CONCESSION_ACCRUAL,36,46,2026-07-06T19:55:34+08:00
84c062f1-563d-4ecd-b21c-261c447be2c4,M-1708,ORD-20260706-7922-0099,CONCESSION_ACCRUAL,16,210,2026-07-06T23:39:42+08:00
1e1bd3f2-d7ca-463e-bc7b-67947c71ca00,M-1175,ORD-20260707-4135-0100,CONCESSION_ACCRUAL,15,411,2026-07-07T02:50:37+08:00
396aaa21-d548-4965-802c-0156c21ec720,M-1070,ORD-20260706-4765-0101,CONCESSION_ACCRUAL,2,204,2026-07-06T10:47:52+08:00
7126553a-6399-45a6-9df5-e5c7fc69fe88,M-1366,ORD-20260707-4967-0102,CONCESSION_ACCRUAL,12,71,2026-07-07T01:15:03+08:00
2077284c-f1f7-45fc-a902-afa0547e5a1a,M-1810,ORD-20260707-2839-0103,CONCESSION_ACCRUAL,11,110,2026-07-07T01:02:53+08:00
922a95fb-d3b9-4df2-a228-adf8116e9bd3,M-1480,ORD-20260706-5477-0104,CONCESSION_ACCRUAL,6,231,2026-07-06T14:13:08+08:00
73ae7280-bff8-477a-b15b-1a3a821ca67a,M-1177,ORD-20260706-5476-0105,CONCESSION_ACCRUAL,17,215,2026-07-06T22:56:23+08:00
14a3e8fa-ba31-4d4c-aaea-f14d3d9ff9b3,M-1424,ORD-20260706-8898-0106,CONCESSION_ACCRUAL,6,84,2026-07-06T23:17:56+08:00
b93bdcd2-3079-4389-8991-293f99b5af63,M-1076,ORD-20260706-3175-0107,CONCESSION_ACCRUAL,6,100,2026-07-06T22:03:31+08:00
f9ce8306-0793-4cab-9009-4d4bc40ed6a8,M-1159,ORD-20260706-4258-0108,CONCESSION_ACCRUAL,2,137,2026-07-06T22:38:02+08:00
a671cfd5-8f0e-4bb2-be5f-4b3af3554d8a,M-1233,ORD-20260706-3923-0109,CONCESSION_ACCRUAL,3,116,2026-07-06T20:24:02+08:00
8158fc28-99bf-4d57-afc3-48d1e85dd6e1,M-1082,ORD-20260706-8338-0110,CONCESSION_ACCRUAL,9,97,2026-07-06T21:26:46+08:00
780e6e44-d266-4a9c-b76d-23e9c3bd294b,M-1069,ORD-20260707-3039-0111,CONCESSION_ACCRUAL,31,267,2026-07-07T01:56:49+08:00
a10068de-1efe-41b3-be41-f3ca7f7ed663,M-1798,ORD-20260706-5806-0112,CONCESSION_ACCRUAL,3,191,2026-07-06T23:30:49+08:00
a2b6c1bb-d16d-45dc-955b-73d41db09113,M-1767,ORD-20260706-8425-0113,CONCESSION_ACCRUAL,21,223,2026-07-06T13:33:00+08:00
f5639114-a3ee-4eb2-9cd2-557522afc80f,M-1364,ORD-20260707-4114-0114,CONCESSION_ACCRUAL,11,484,2026-07-07T00:37:46+08:00
b9dab1eb-7518-4ece-bbae-5dd080510ae3,M-1638,ORD-20260706-4955-0115,CONCESSION_ACCRUAL,33,227,2026-07-06T22:04:44+08:00
1e0ba945-0082-4e4e-8f7d-313a0033ba51,M-1870,ORD-20260706-2316-0116,CONCESSION_ACCRUAL,24,205,2026-07-06T12:23:29+08:00
d8641a44-ba38-4588-bbc0-3f16790ae6e8,M-1148,ORD-20260706-1577-0117,CONCESSION_ACCRUAL,13,224,2026-07-06T17:58:32+08:00
56ab7b66-b5fb-47d5-8eb4-5df95afab437,M-1148,TIER_UPGRADE_Standard_TO_Silver,TIER_BONUS,50,274,2026-07-06T17:58:32+08:00
45068efb-c202-400d-9dc7-f0b179d213d3,M-1390,ORD-20260706-9516-0118,CONCESSION_ACCRUAL,23,145,2026-07-06T04:08:06+08:00
43a8437c-90bc-40d2-afe0-0c4937b949e1,M-1473,ORD-20260707-7387-0119,CONCESSION_ACCRUAL,22,312,2026-07-07T00:08:44+08:00
a9a44017-723a-4787-b8e1-7e0e9fd178fd,M-1087,ORD-20260706-3228-0120,CONCESSION_ACCRUAL,9,658,2026-07-06T20:03:50+08:00
c1c7b622-a6aa-4a5a-b761-3fb0470f3464,M-1419,ORD-20260707-8851-0121,CONCESSION_ACCRUAL,16,212,2026-07-07T03:02:18+08:00
1c446ea2-5314-4dde-be2f-2e1d2bf03ac9,M-1130,ORD-20260706-2883-0122,CONCESSION_ACCRUAL,37,134,2026-07-06T12:35:28+08:00
ab7e6cf0-e010-4120-be03-1319637a04f8,M-1526,ORD-20260706-4041-0123,CONCESSION_ACCRUAL,8,679,2026-07-06T23:42:37+08:00
0fe9a82d-e73c-4978-ab51-7aea9209bf76,M-1315,ORD-20260706-1422-0124,CONCESSION_ACCRUAL,35,92,2026-07-06T21:57:13+08:00
cccb17f2-d04b-4b7f-8f38-012f99cff21b,M-1315,TIER_UPGRADE_Standard_TO_Silver,TIER_BONUS,50,142,2026-07-06T21:57:13+08:00
414a2cc2-5103-4981-a0b8-61c72bb60f88,M-1267,ORD-20260706-7371-0125,CONCESSION_ACCRUAL,13,124,2026-07-06T23:10:36+08:00
cff33f54-a320-4407-a935-eef7178093e6,M-1267,TIER_UPGRADE_Standard_TO_Silver,TIER_BONUS,50,174,2026-07-06T23:10:36+08:00
f2f50f55-0be5-419c-a84e-51185dfbc32c,M-1993,ORD-20260706-4322-0126,CONCESSION_ACCRUAL,16,58,2026-07-06T18:38:30+08:00
12c7e0bf-0b47-4bca-8feb-0e85ad503e7e,M-1266,ORD-20260706-8252-0127,CONCESSION_ACCRUAL,6,196,2026-07-06T21:16:30+08:00
521f4890-6d2a-4543-8282-274104e5ca34,M-1636,ORD-20260706-7429-0128,CONCESSION_ACCRUAL,4,1588,2026-07-06T18:56:27+08:00
a21634cb-4066-42f0-aee8-e640bcfc4a99,M-1489,ORD-20260707-4382-0129,CONCESSION_ACCRUAL,16,267,2026-07-07T05:46:51+08:00
020a5a1b-61aa-4058-8659-93845e3d2889,M-1401,ORD-20260706-7628-0130,CONCESSION_ACCRUAL,8,43,2026-07-06T13:42:10+08:00
d47c81f6-affc-4b30-8f95-cc6594474a24,M-1100,ORD-20260706-4785-0131,CONCESSION_ACCRUAL,8,130,2026-07-06T16:46:08+08:00
ce1f19d4-e04f-4f2f-8822-d3613c39fe7d,M-1609,ORD-20260706-8257-0132,CONCESSION_ACCRUAL,8,632,2026-07-06T21:06:30+08:00
0711b5cd-40aa-4228-bb81-7bb829bc8b87,M-1319,ORD-20260706-2342-0133,CONCESSION_ACCRUAL,9,102,2026-07-06T21:26:37+08:00
a273ccf3-1c48-4951-8815-fdf1c193944e,M-1690,ORD-20260707-6880-0134,CONCESSION_ACCRUAL,37,139,2026-07-07T02:27:44+08:00
ce316eed-5a40-439c-bd46-b8f70541898e,M-1816,ORD-20260707-7098-0135,CONCESSION_ACCRUAL,18,67,2026-07-07T00:50:46+08:00
be404e77-e230-4c0d-a744-8a193b252c1f,M-1702,ORD-20260706-5444-0136,CONCESSION_ACCRUAL,8,144,2026-07-06T18:41:26+08:00
9f46e06f-1d7c-4aba-96d4-79815c03a081,M-1271,ORD-20260706-9316-0137,CONCESSION_ACCRUAL,30,301,2026-07-06T15:26:05+08:00
93f2799b-3448-48ec-9016-18404dd11321,M-1577,ORD-20260706-1511-0138,CONCESSION_ACCRUAL,15,234,2026-07-06T21:05:13+08:00
6314a269-789a-4da8-9b63-49a7466bf1ec,M-1727,ORD-20260706-3666-0139,CONCESSION_ACCRUAL,2,62,2026-07-06T05:05:22+08:00
d51cfbc2-5ebc-4c34-aef5-03c89d0db5e5,M-1158,ORD-20260706-1826-0140,CONCESSION_ACCRUAL,24,110,2026-07-06T23:05:20+08:00
53477b5b-7e1c-4372-b823-1345f59948b8,M-1054,ORD-20260706-9703-0141,CONCESSION_ACCRUAL,9,28,2026-07-06T20:44:34+08:00
048e903a-ba23-4bc7-ba34-aa16eab2bf63,M-1642,ORD-20260706-2209-0142,CONCESSION_ACCRUAL,38,117,2026-07-06T22:09:20+08:00
4a432940-90ee-46e0-adac-aba6b2d818bf,M-1423,ORD-20260706-1412-0143,CONCESSION_ACCRUAL,28,231,2026-07-06T21:07:39+08:00
9fcd0641-f897-4f78-b934-d79ef1c7057d,M-2169,ORD-20260707-7912-0144,CONCESSION_ACCRUAL,9,159,2026-07-07T05:55:17+08:00
0fa20382-d26e-43bd-8aca-678c0e90a365,M-1648,ORD-20260706-4433-0145,CONCESSION_ACCRUAL,15,639,2026-07-06T18:01:26+08:00
252c0656-2019-4c6a-b3c6-c4a66036f1ac,M-1565,ORD-20260706-4826-0146,CONCESSION_ACCRUAL,16,372,2026-07-06T22:29:52+08:00
5dc827cf-810a-44b3-8733-0d5cb7d8fdd3,M-1020,ORD-20260707-6553-0147,CONCESSION_ACCRUAL,14,79,2026-07-07T00:03:27+08:00
a9bde883-65f8-475a-97cf-0ee00f64cd72,M-1247,ORD-20260706-8047-0148,CONCESSION_ACCRUAL,3,2409,2026-07-06T08:00:30+08:00
266b9ee8-b212-499a-941b-58afea6c8751,M-1583,ORD-20260706-6173-0149,CONCESSION_ACCRUAL,22,139,2026-07-06T19:23:51+08:00
804293b2-5569-4e21-9733-51356a6b9e90,M-1091,ORD-20260707-9337-0150,CONCESSION_ACCRUAL,13,137,2026-07-07T00:58:44+08:00
940329c2-b3e7-4acc-96f6-03b7110cc440,M-1312,ORD-20260706-4340-0151,CONCESSION_ACCRUAL,12,182,2026-07-06T14:16:04+08:00
07692619-e2ac-4db0-9860-83b0fb0fcb1c,M-1059,ORD-20260706-2885-0152,CONCESSION_ACCRUAL,15,211,2026-07-06T23:33:32+08:00
f9d2b40d-614c-4f4f-b3c8-dabd44aa716a,M-1688,ORD-20260706-3880-0153,CONCESSION_ACCRUAL,9,269,2026-07-06T14:34:12+08:00
d0be1cb0-762f-48ad-8bb5-9b5a1d5ede78,M-1079,ORD-20260706-9698-0154,CONCESSION_ACCRUAL,9,207,2026-07-06T04:26:40+08:00
e2330fec-e523-42d4-8ac1-3ecc288895c5,M-1138,ORD-20260707-8435-0155,CONCESSION_ACCRUAL,15,326,2026-07-07T02:14:52+08:00
bee16e2c-a6c8-4116-8d93-5ea8e44a482e,M-1814,ORD-20260706-5473-0156,CONCESSION_ACCRUAL,12,144,2026-07-06T23:13:08+08:00
a5079755-8abc-44d5-a8b3-e8e72096cfc5,M-1977,ORD-20260706-4734-0157,CONCESSION_ACCRUAL,12,203,2026-07-06T20:35:25+08:00
8e9d138a-d16e-44d5-96d0-739a554c16c8,M-1841,ORD-20260706-3467-0158,CONCESSION_ACCRUAL,19,56,2026-07-06T21:05:55+08:00
3b84c4da-7d1c-4b97-ad28-9e0e35187926,M-1019,ORD-20260706-3255-0159,CONCESSION_ACCRUAL,21,152,2026-07-06T21:54:20+08:00
ca7dda0a-dd5b-4e0c-8d06-b315f5475cc5,M-1539,ORD-20260707-7325-0160,CONCESSION_ACCRUAL,27,2749,2026-07-07T01:04:35+08:00
5d5b66b6-01ca-4111-95fa-51119bd9c942,M-1810,ORD-20260706-8571-0161,CONCESSION_ACCRUAL,16,126,2026-07-06T23:34:50+08:00
24368a6f-5bc5-4248-a13c-2bed6113a875,M-1236,ORD-20260706-9057-0162,CONCESSION_ACCRUAL,21,126,2026-07-06T21:11:52+08:00
6deb0830-90c1-4037-a043-aef42def0c73,M-1748,ORD-20260706-3678-0163,CONCESSION_ACCRUAL,10,227,2026-07-06T23:08:13+08:00
573f2585-25b4-4648-b9ff-6d4e2297b2fc,M-1536,ORD-20260707-3073-0164,CONCESSION_ACCRUAL,6,110,2026-07-07T00:56:50+08:00
c6e0bacb-ec33-48fb-84b9-aeff4ffe23a1,M-2163,ORD-20260706-6805-0165,CONCESSION_ACCRUAL,7,56,2026-07-06T23:36:55+08:00
3e32a5d8-f8c0-4815-b326-0ddb7a9eebc2,M-1684,ORD-20260706-5221-0166,CONCESSION_ACCRUAL,3,159,2026-07-06T20:43:14+08:00
64d39286-95a8-43de-b3df-940faa6eb5e3,M-1681,ORD-20260707-6355-0167,CONCESSION_ACCRUAL,12,65,2026-07-07T00:26:53+08:00
adface05-771e-4647-a2d4-b95676517ca7,M-1959,ORD-20260706-2116-0168,CONCESSION_ACCRUAL,16,89,2026-07-06T20:50:58+08:00
c7522362-c3ba-40c9-a058-afad894a5a22,M-1627,ORD-20260706-8067-0169,CONCESSION_ACCRUAL,9,76,2026-07-06T10:15:21+08:00
7c2a6ac8-0950-42f7-9f93-a7abb94ba360,M-1795,ORD-20260706-6701-0170,CONCESSION_ACCRUAL,21,163,2026-07-06T22:49:29+08:00
6282c08f-e01a-4add-954d-865e6d46736f,M-1013,ORD-20260706-8051-0171,CONCESSION_ACCRUAL,3,256,2026-07-06T20:43:31+08:00
77b38d6d-e3f3-4a17-bae4-ba0f6aeed923,M-1222,ORD-20260706-9968-0172,CONCESSION_ACCRUAL,12,113,2026-07-06T05:38:47+08:00
6a06b3b6-1cd8-4978-9a7e-7c9d6d215574,M-1790,ORD-20260706-4935-0173,CONCESSION_ACCRUAL,6,122,2026-07-06T18:05:00+08:00
1d62a8ce-488a-4bf4-b58d-e7018306ccd6,M-1261,ORD-20260706-8455-0174,CONCESSION_ACCRUAL,12,230,2026-07-06T03:06:46+08:00
be5647b6-678b-4bfe-bf6b-5b330264d15e,M-1261,TIER_UPGRADE_Standard_TO_Silver,TIER_BONUS,50,280,2026-07-06T03:06:46+08:00
1b2239fe-9cb0-425c-a1ee-86e3ff86a0ea,M-1387,ORD-20260706-7608-0175,CONCESSION_ACCRUAL,6,120,2026-07-06T23:14:41+08:00
6705167c-1459-462a-8af4-bd06461d83e2,M-1386,ORD-20260706-5916-0176,CONCESSION_ACCRUAL,13,105,2026-07-06T17:59:04+08:00
6728228a-7245-48fc-b530-847023dc6904,M-1692,ORD-20260706-7341-0177,CONCESSION_ACCRUAL,36,2250,2026-07-06T23:04:49+08:00
b0e809e2-65bf-4fe3-a549-74e79b4c57a8,M-1352,ORD-20260706-9798-0178,CONCESSION_ACCRUAL,14,108,2026-07-06T17:08:18+08:00
a3d6a6f6-dd25-48bb-b932-c6a2aa190f65,M-1349,ORD-20260706-9004-0179,CONCESSION_ACCRUAL,11,389,2026-07-06T22:51:32+08:00
020991b2-01f6-4d4d-b0d2-0a9c7653e69f,M-1277,ORD-20260706-6480-0180,CONCESSION_ACCRUAL,9,2529,2026-07-06T15:40:50+08:00
24e6035f-0105-4582-afb4-7b5637ed28d4,M-1142,ORD-20260707-3174-0181,CONCESSION_ACCRUAL,9,267,2026-07-07T01:46:20+08:00
069a5344-f7e1-48c9-80ad-94900914f5c2,M-1192,ORD-20260706-2072-0182,CONCESSION_ACCRUAL,8,160,2026-07-06T10:08:01+08:00
54679007-f308-47d3-845f-bfd84ae42b31,M-1627,ORD-20260706-8033-0183,CONCESSION_ACCRUAL,26,102,2026-07-06T23:25:58+08:00
85af1317-b786-49b7-9f50-2bb1f90ffcf6,M-1627,TIER_UPGRADE_Standard_TO_Silver,TIER_BONUS,50,152,2026-07-06T23:25:58+08:00
72b4c3f4-ba01-41c0-8cbc-67bd405eb816,M-1172,ORD-20260706-7864-0184,CONCESSION_ACCRUAL,19,165,2026-07-06T23:24:45+08:00
44247271-073d-4610-b61f-77bbe82a165f,M-1766,ORD-20260706-7471-0185,CONCESSION_ACCRUAL,3,411,2026-07-06T20:45:54+08:00
a8216024-4c59-4dae-9f0b-cce0b0376305,M-1500,ORD-20260706-4393-0186,CONCESSION_ACCRUAL,8,426,2026-07-06T21:04:27+08:00
939952d2-398e-4baa-b2c1-931e5d015d4b,M-1337,ORD-20260706-1120-0187,CONCESSION_ACCRUAL,3,728,2026-07-06T20:38:31+08:00
5d0237d9-5775-4cbf-b4a3-48730fb3687d,M-1710,ORD-20260706-8583-0188,CONCESSION_ACCRUAL,12,141,2026-07-06T13:52:24+08:00
68e298ba-e903-47f3-9441-33470f3f6696,M-1439,ORD-20260706-7451-0189,CONCESSION_ACCRUAL,18,221,2026-07-06T13:17:04+08:00
e5a40ae6-ecb6-4235-abaf-04fe72cebb3a,M-1422,ORD-20260707-1852-0190,CONCESSION_ACCRUAL,6,37,2026-07-07T00:30:51+08:00
b5ddf016-ba72-4207-b444-01ddd93cce13,M-1156,ORD-20260706-7910-0191,CONCESSION_ACCRUAL,7,194,2026-07-06T23:28:24+08:00
55a0b3a0-205a-41de-9b22-76cf4db42805,M-1137,ORD-20260707-7110-0192,CONCESSION_ACCRUAL,18,138,2026-07-07T00:34:49+08:00
2b7aa5ad-5082-4d51-9d6b-78c5ff1beaaf,M-1525,ORD-20260706-9984-0193,CONCESSION_ACCRUAL,15,517,2026-07-06T22:23:08+08:00
b60837b9-8309-4970-a21e-63041aa75ee8,M-1281,ORD-20260706-4435-0194,CONCESSION_ACCRUAL,3,519,2026-07-06T16:47:29+08:00
b5f54637-c8be-46f4-896c-4fc4c53d382a,M-1349,ORD-20260706-2760-0195,CONCESSION_ACCRUAL,8,397,2026-07-06T18:02:34+08:00
1656840b-903d-464e-802e-b9169bc4e28e,M-1747,ORD-20260706-9059-0196,CONCESSION_ACCRUAL,20,145,2026-07-06T23:44:07+08:00
ad58fa16-96f3-432b-96a7-9b8fd2e570c0,M-1017,ORD-20260706-4508-0197,CONCESSION_ACCRUAL,6,162,2026-07-06T20:09:18+08:00
02da3ad5-8fcd-4911-9f67-c09d229f80c6,M-1139,ORD-20260707-5543-0198,CONCESSION_ACCRUAL,16,82,2026-07-07T02:13:20+08:00
d0cbb0ca-ca12-47a2-8158-e47879278237,M-1275,ORD-20260706-3387-0199,CONCESSION_ACCRUAL,15,79,2026-07-06T19:42:07+08:00
301e11be-4c84-4f20-9d05-34fdae50686c,M-2025,ORD-20260707-8016-0200,CONCESSION_ACCRUAL,2,54,2026-07-07T00:37:04+08:00
00f985c5-5d1f-494f-a3b7-ef71efaf6ad8,M-1127,ORD-20260707-7154-0201,CONCESSION_ACCRUAL,15,304,2026-07-07T00:59:58+08:00
ae440c1f-8913-433e-9683-062de9086ce6,M-1301,ORD-20260706-8973-0202,CONCESSION_ACCRUAL,25,105,2026-07-06T22:50:23+08:00
bdff1282-c26b-450e-bbb1-f4678426eb99,M-1420,ORD-20260707-5003-0203,CONCESSION_ACCRUAL,16,451,2026-07-07T02:29:41+08:00
fbdef80e-6eb4-48f7-8795-5a7f6f4a1e2a,M-1442,ORD-20260707-6957-0204,CONCESSION_ACCRUAL,13,106,2026-07-07T02:13:00+08:00
7f2404ae-0bbc-43a1-8905-d323cca61af0,M-1802,ORD-20260706-9295-0205,CONCESSION_ACCRUAL,8,174,2026-07-06T20:05:40+08:00
269308b2-99a4-4d23-b276-ef3f914d328d,M-1186,ORD-20260706-9172-0206,CONCESSION_ACCRUAL,26,243,2026-07-06T16:53:47+08:00
35a3721d-3f38-459e-8851-b7fd55939ea8,M-1547,ORD-20260706-7548-0207,CONCESSION_ACCRUAL,9,112,2026-07-06T16:05:06+08:00
9fa09480-2d37-45c5-aa5d-2b53dc6be88b,M-1241,ORD-20260706-2879-0208,CONCESSION_ACCRUAL,18,262,2026-07-06T20:26:33+08:00
f695bf3c-8518-4a06-8a8e-371a097744d8,M-1572,ORD-20260706-4946-0209,CONCESSION_ACCRUAL,13,87,2026-07-06T22:40:20+08:00
d2323350-185d-4d15-8bdb-e9bb6dba698d,M-1108,ORD-20260706-6832-0210,CONCESSION_ACCRUAL,7,78,2026-07-06T21:28:37+08:00
e0e98c49-34d9-450c-90d3-291f67d6a582,M-1815,ORD-20260706-1067-0211,CONCESSION_ACCRUAL,15,138,2026-07-06T18:41:28+08:00
755204bc-9f5e-4411-b3cd-72c918c9898a,M-1039,ORD-20260706-2285-0212,CONCESSION_ACCRUAL,17,168,2026-07-06T23:42:14+08:00
f89b7d48-1680-440b-bca4-ff2fec6d9674,M-1387,ORD-20260706-8782-0213,CONCESSION_ACCRUAL,28,148,2026-07-06T20:33:19+08:00
9e76d1cb-c305-4184-80cc-bf53545f423d,M-1615,ORD-20260707-6905-0214,CONCESSION_ACCRUAL,17,122,2026-07-07T01:39:16+08:00
4c69fac2-713e-4f47-a031-6032ea15dabc,M-1787,ORD-20260707-5551-0215,CONCESSION_ACCRUAL,12,93,2026-07-07T00:06:20+08:00
0befb237-0ca6-44c1-8c9a-8516a12bb0f8,M-1040,ORD-20260706-1796-0216,CONCESSION_ACCRUAL,19,198,2026-07-06T23:56:10+08:00
84a4be39-1cc9-41b4-97ac-fd1555f74b80,M-1764,ORD-20260706-6297-0217,CONCESSION_ACCRUAL,9,121,2026-07-06T23:08:25+08:00
e75eda67-e0d3-4790-bc33-6e1085472e25,M-1146,ORD-20260706-8286-0218,CONCESSION_ACCRUAL,33,2882,2026-07-06T23:02:54+08:00
f875f287-db79-417e-afba-2c170ce39be1,M-1827,ORD-20260706-1912-0219,CONCESSION_ACCRUAL,8,166,2026-07-06T21:53:31+08:00
92aa18cb-3d77-42be-a993-cc5778068333,M-1072,ORD-20260706-9553-0220,CONCESSION_ACCRUAL,13,92,2026-07-06T23:32:42+08:00
9f50fc6a-bd9a-4270-81f0-098bdc329582,M-1120,ORD-20260706-1932-0221,CONCESSION_ACCRUAL,20,848,2026-07-06T23:30:40+08:00
8ed63f35-702f-43c5-af32-5713d0ee7bb8,M-1645,ORD-20260706-6430-0222,CONCESSION_ACCRUAL,3,108,2026-07-06T21:52:54+08:00
9180200b-b1fd-44c0-be29-300f45556a30,M-1407,ORD-20260707-4706-0223,CONCESSION_ACCRUAL,6,178,2026-07-07T01:56:35+08:00
2c054f17-fe1d-445e-81d8-90585a83a380,M-1411,ORD-20260706-1036-0224,CONCESSION_ACCRUAL,8,282,2026-07-06T21:13:27+08:00
3df20d72-66ee-4e35-8635-f54fe1cc9dd1,M-1788,ORD-20260706-4502-0225,CONCESSION_ACCRUAL,21,197,2026-07-06T13:52:03+08:00
5072126b-b3cc-492e-b065-f509d272f0d0,M-1758,ORD-20260706-4888-0226,CONCESSION_ACCRUAL,6,92,2026-07-06T19:59:41+08:00
d3b8976a-67a2-4ea4-be77-ec93d6c29b58,M-1777,ORD-20260706-1288-0227,CONCESSION_ACCRUAL,28,133,2026-07-06T20:46:01+08:00
43021909-3d60-4f8b-9227-0de9cdc857ff,M-1188,ORD-20260706-6369-0228,CONCESSION_ACCRUAL,3,380,2026-07-06T20:36:09+08:00
5c656301-f99a-41c1-a2ab-972db10731dd,M-1203,ORD-20260706-1926-0229,CONCESSION_ACCRUAL,8,154,2026-07-06T19:55:55+08:00
33c90537-dd06-450a-b1bd-d3fea669dccc,M-1288,ORD-20260706-1555-0230,CONCESSION_ACCRUAL,9,922,2026-07-06T18:50:19+08:00
e9895b53-5d42-43b2-b991-9b212eaa3abe,M-1478,ORD-20260706-7585-0231,CONCESSION_ACCRUAL,9,233,2026-07-06T14:35:09+08:00
eb52a6d8-baae-4979-83c6-0e91c754a19c,M-1375,ORD-20260707-7647-0232,CONCESSION_ACCRUAL,12,62,2026-07-07T02:37:09+08:00
c5f8949b-fea2-4896-b9ef-ff6108bdbf05,M-1510,ORD-20260707-3902-0233,CONCESSION_ACCRUAL,28,255,2026-07-07T00:33:39+08:00
b548ffc9-8b9b-4cf4-a244-f918ca4be568,M-1357,ORD-20260706-9028-0234,CONCESSION_ACCRUAL,6,182,2026-07-06T22:12:33+08:00
20fbd18d-7581-474b-bd4c-aa96e845d792,M-1271,ORD-20260707-5191-0235,CONCESSION_ACCRUAL,3,304,2026-07-07T00:55:08+08:00
1e14805a-85fa-418e-a585-686c742edaa8,M-1371,ORD-20260707-5546-0236,CONCESSION_ACCRUAL,15,198,2026-07-07T01:22:18+08:00
8223413a-33cd-4226-89d1-7f939bd43ae8,M-1610,ORD-20260706-3353-0237,CONCESSION_ACCRUAL,9,137,2026-07-06T20:37:04+08:00
e79b0a3e-a19b-4104-a5aa-2e008180d3d8,M-1391,ORD-20260706-8670-0238,CONCESSION_ACCRUAL,27,142,2026-07-06T20:19:13+08:00
7a86dcbe-5da7-4558-9eb5-26a45cd4df6b,M-1799,ORD-20260706-5283-0239,CONCESSION_ACCRUAL,3,78,2026-07-06T16:19:06+08:00
eb61e5df-3aa3-4906-b6f9-6d22217cf2a6,M-1260,ORD-20260706-7894-0240,CONCESSION_ACCRUAL,18,603,2026-07-06T15:22:09+08:00
54d6a686-93bd-44f8-a511-94f14a37c9d0,M-1274,ORD-20260706-6839-0241,CONCESSION_ACCRUAL,9,72,2026-07-06T11:29:59+08:00
3edf2273-07ba-4dae-a525-ccc0134ffbab,M-1756,ORD-20260706-5418-0242,CONCESSION_ACCRUAL,33,2252,2026-07-06T19:11:03+08:00
da2f3003-9fc2-4040-96b0-c8b4ef97646f,M-1060,ORD-20260706-4113-0243,CONCESSION_ACCRUAL,18,116,2026-07-06T23:56:22+08:00
ec99987c-fd17-4b11-b30e-c2464e11e758,M-2079,ORD-20260707-8630-0244,CONCESSION_ACCRUAL,8,104,2026-07-07T00:25:22+08:00
e09824f3-41b2-4591-a64b-6530112366f3,M-1613,ORD-20260706-2828-0245,CONCESSION_ACCRUAL,16,73,2026-07-06T21:30:00+08:00
f29604bb-51d4-44f6-a295-b95c55c960b9,M-1353,ORD-20260706-9358-0246,CONCESSION_ACCRUAL,14,119,2026-07-06T21:07:00+08:00
a047223e-cda5-487b-a669-1b9529398562,M-1063,ORD-20260706-1080-0247,CONCESSION_ACCRUAL,33,105,2026-07-06T19:44:00+08:00
11058314-f619-4eae-9855-1f8c7d6fe379,M-1471,ORD-20260706-3697-0248,CONCESSION_ACCRUAL,12,134,2026-07-06T09:45:00+08:00
cee6b577-c17f-4c42-82d4-f94c54889e59,M-1230,ORD-20260706-7573-0249,CONCESSION_ACCRUAL,11,647,2026-07-06T16:31:00+08:00
38ce10c1-2210-443e-bda3-3341a72f8e55,M-1011,ORD-20260706-5470-0250,CONCESSION_ACCRUAL,21,627,2026-07-06T09:07:00+08:00
b72e0823-17ac-40ce-bd66-15e029ef6081,M-1637,ORD-20260706-9112-0251,CONCESSION_ACCRUAL,9,1056,2026-07-06T19:06:00+08:00
3803fd8d-420c-43b5-882f-dc78a38bb173,M-1928,ORD-20260706-8409-0252,CONCESSION_ACCRUAL,8,59,2026-07-06T16:37:00+08:00
f97dfca3-f247-4462-a45a-2df01591bcde,M-1699,ORD-20260706-8045-0253,CONCESSION_ACCRUAL,33,127,2026-07-06T19:19:00+08:00
7ca8d059-99f2-46ce-ac74-691d749ef939,M-1499,ORD-20260706-1146-0254,CONCESSION_ACCRUAL,16,55,2026-07-06T13:06:00+08:00
6b37be66-b6b0-46a5-a95c-fa8f9bb9ac70,M-1608,ORD-20260706-4099-0255,CONCESSION_ACCRUAL,15,299,2026-07-06T21:01:00+08:00
88d44b45-6242-438e-8149-b122941b327a,M-1574,ORD-20260706-7627-0256,CONCESSION_ACCRUAL,8,96,2026-07-06T12:58:00+08:00
dc184976-97c9-443e-abe6-b71d1a76895f,M-1619,ORD-20260706-1668-0257,CONCESSION_ACCRUAL,15,126,2026-07-06T16:22:00+08:00
9e2ee6ba-6888-4292-b667-e04f76c742b7,M-1008,ORD-20260706-8408-0258,CONCESSION_ACCRUAL,13,171,2026-07-06T16:29:00+08:00
b4ec3367-4019-4403-983c-a154deb94a9f,M-1370,ORD-20260706-1641-0259,CONCESSION_ACCRUAL,9,216,2026-07-06T20:48:00+08:00
ca80b3e5-71ed-4e75-a080-999b3fba8605,M-1682,ORD-20260706-9125-0260,CONCESSION_ACCRUAL,31,156,2026-07-06T15:22:00+08:00
e9620b5a-2610-406e-b8c1-dcd4ddd030b7,M-1618,ORD-20260706-4680-0261,CONCESSION_ACCRUAL,9,86,2026-07-06T16:01:00+08:00
fe111a27-a51c-424e-9f44-0207a1fb7f7a,M-1618,TIER_UPGRADE_Standard_TO_Silver,TIER_BONUS,50,136,2026-07-06T16:01:00+08:00
fece3a6a-71aa-45d5-9650-0f1e7cc3720b,M-1779,ORD-20260706-3602-0262,CONCESSION_ACCRUAL,11,117,2026-07-06T22:36:00+08:00
17dbdeae-cde3-4ab6-92ba-614da5672f0d,M-1181,ORD-20260706-3522-0263,CONCESSION_ACCRUAL,9,103,2026-07-06T20:11:00+08:00
eb798348-83e4-467a-9d32-ee72e366fb6d,M-1404,ORD-20260706-8391-0264,CONCESSION_ACCRUAL,6,127,2026-07-06T13:47:00+08:00
d249873d-ed68-45cc-b0db-de1388a6bb1f,M-1915,ORD-20260706-1104-0265,CONCESSION_ACCRUAL,18,79,2026-07-06T21:53:00+08:00
a4957703-8598-44c8-989f-3994256ea761,M-1679,ORD-20260706-3918-0266,CONCESSION_ACCRUAL,20,282,2026-07-06T16:50:00+08:00
1169549d-9307-412e-b5bb-91224116d886,M-1212,ORD-20260706-9662-0267,CONCESSION_ACCRUAL,3,147,2026-07-06T17:59:00+08:00
9867df70-b0fc-4c77-910e-c00d3fabf047,M-1831,ORD-20260706-1052-0268,CONCESSION_ACCRUAL,9,131,2026-07-06T18:50:00+08:00
1d1e318f-1402-42e2-9fc1-cc7892937228,M-1752,ORD-20260706-8166-0269,CONCESSION_ACCRUAL,18,2347,2026-07-06T15:52:00+08:00
968af5cb-339e-4348-bbb6-2aeb7c1d3d29,M-1257,ORD-20260706-6261-0270,CONCESSION_ACCRUAL,3,68,2026-07-06T21:26:00+08:00
2cb06604-edb7-4dd4-9ea1-a764c3b74853,M-1216,ORD-20260706-4927-0271,CONCESSION_ACCRUAL,36,832,2026-07-06T22:03:00+08:00
5045ef54-0b4e-4db4-b7c3-d651fcea1272,M-1666,ORD-20260706-2727-0272,CONCESSION_ACCRUAL,6,223,2026-07-06T18:25:00+08:00
199245f9-6a8b-4312-a6aa-e5e02e5ec48e,M-1981,ORD-20260706-6479-0273,CONCESSION_ACCRUAL,9,88,2026-07-06T14:19:00+08:00
53ef7681-eb21-4749-ad2d-af0448428b1a,M-1257,ORD-20260706-7124-0274,CONCESSION_ACCRUAL,18,86,2026-07-06T11:39:00+08:00
2e2cb4e4-54d9-4fc9-8de0-3146d4d1efc7,M-1778,ORD-20260706-1416-0275,CONCESSION_ACCRUAL,10,141,2026-07-06T19:32:00+08:00
4716da77-fd23-426f-8c8c-be81d89eb33e,M-1277,ORD-20260706-7971-0276,CONCESSION_ACCRUAL,33,2562,2026-07-06T21:42:00+08:00
61391c22-2515-4608-b955-e0463406bcfa,M-1459,ORD-20260706-5552-0277,CONCESSION_ACCRUAL,6,142,2026-07-06T14:40:00+08:00
658baa04-e491-4f44-9652-87f5827a206b,M-1237,ORD-20260706-4341-0278,CONCESSION_ACCRUAL,21,199,2026-07-06T15:32:00+08:00
bb4e2512-4f81-4f56-9768-2cdb1ae35196,M-1719,ORD-20260706-8871-0279,CONCESSION_ACCRUAL,31,139,2026-07-06T13:45:00+08:00
be0217f8-b4c7-4327-aa3b-1e41e179f717,M-1149,ORD-20260706-7125-0280,CONCESSION_ACCRUAL,8,124,2026-07-06T12:41:00+08:00
8e9e85c9-8b72-4915-a166-281abf6303ff,M-1294,ORD-20260706-3969-0281,CONCESSION_ACCRUAL,12,111,2026-07-06T21:57:00+08:00
3d946f42-aaaf-4caa-a7e2-6d3604e04f6e,M-1022,ORD-20260706-4707-0282,CONCESSION_ACCRUAL,19,133,2026-07-06T13:53:00+08:00
9907665c-341f-49e0-9958-3e2282a4491a,M-1365,ORD-20260706-5136-0283,CONCESSION_ACCRUAL,3,189,2026-07-06T22:39:00+08:00
e408f981-02b2-4268-95a2-4d2cceeb082a,M-1489,ORD-20260706-3831-0284,CONCESSION_ACCRUAL,3,270,2026-07-06T16:23:00+08:00
7c0ca3b0-80a4-4dab-9804-69a1ea776eb3,M-1678,ORD-20260706-8710-0285,CONCESSION_ACCRUAL,24,183,2026-07-06T11:12:00+08:00
dd3de834-d71d-45f8-ad28-33b5ca0686d1,M-1375,ORD-20260706-1001-0286,CONCESSION_ACCRUAL,6,68,2026-07-06T11:40:00+08:00
c31e6c33-bed3-4140-bc2e-c639a8dadf21,M-1140,ORD-20260706-2904-0287,CONCESSION_ACCRUAL,27,239,2026-07-06T17:45:00+08:00
9421d90d-da39-4c40-8233-991a1cf77815,M-1528,ORD-20260706-6658-0288,CONCESSION_ACCRUAL,24,270,2026-07-06T19:18:00+08:00
a3017b40-1b97-496e-879a-693eebdc1f95,M-1528,TIER_UPGRADE_Standard_TO_Silver,TIER_BONUS,50,320,2026-07-06T19:18:00+08:00
9454203f-6ae8-41ee-b021-224777b777c2,M-1480,ORD-20260706-1763-0289,CONCESSION_ACCRUAL,22,253,2026-07-06T17:56:00+08:00
4c492e7c-ac9d-4d14-a710-10add2aeb8c9,M-1116,ORD-20260706-4694-0290,CONCESSION_ACCRUAL,8,149,2026-07-06T12:10:00+08:00
cf8fcbeb-0550-4f9c-b7f4-98f4e3fc7c8e,M-1513,ORD-20260706-1906-0291,CONCESSION_ACCRUAL,12,119,2026-07-06T21:51:00+08:00
3e554343-d817-4fbf-87f4-0d41865b00cb,M-1595,ORD-20260706-1378-0292,CONCESSION_ACCRUAL,27,151,2026-07-06T16:17:00+08:00
820e5975-3c69-4825-92b0-4594b4dc1856,M-1687,ORD-20260706-5966-0293,CONCESSION_ACCRUAL,6,192,2026-07-06T13:23:00+08:00
5e61ed6a-8766-4640-8d62-25f321a0951d,M-1356,ORD-20260706-5931-0294,CONCESSION_ACCRUAL,9,1601,2026-07-06T16:23:00+08:00
8063051f-959e-43d3-a15e-c01833a4bd42,M-1049,ORD-20260706-4429-0295,CONCESSION_ACCRUAL,8,184,2026-07-06T15:23:00+08:00
396124ab-738c-4e2c-ae7b-b74b8d61d62f,M-1656,ORD-20260706-7661-0296,CONCESSION_ACCRUAL,7,456,2026-07-06T14:43:00+08:00
e69c2968-6161-4e7f-9f12-3c131e4d51c9,M-1447,ORD-20260706-6475-0297,CONCESSION_ACCRUAL,9,110,2026-07-06T21:18:00+08:00
86ef8b45-c062-4a84-b254-ff0bc73725ba,M-1824,ORD-20260706-1235-0298,CONCESSION_ACCRUAL,10,115,2026-07-06T13:08:00+08:00
70842eab-84b9-4b5b-a71b-2bbf7e709f50,M-1150,ORD-20260706-4047-0299,CONCESSION_ACCRUAL,12,104,2026-07-06T18:21:00+08:00
779cdb3d-05f6-4760-85c2-9e35e66e99c4,M-1110,ORD-20260706-6102-0300,CONCESSION_ACCRUAL,27,211,2026-07-06T14:05:00+08:00
7ae9ba1f-0392-4df5-8ade-fbebb5f87cb9,M-1110,TIER_UPGRADE_Standard_TO_Silver,TIER_BONUS,50,261,2026-07-06T14:05:00+08:00
2fe88bdc-8832-44e3-9720-22babdf84123,M-1534,ORD-20260706-3508-0301,CONCESSION_ACCRUAL,15,261,2026-07-06T15:14:00+08:00
4187a3ff-cba8-4509-b13b-b075cebdf22b,M-1302,ORD-20260706-9717-0302,CONCESSION_ACCRUAL,27,117,2026-07-06T16:13:00+08:00
fd7e611a-8551-4f1e-a7dd-c61c8ba14888,M-1628,ORD-20260706-8618-0303,CONCESSION_ACCRUAL,6,28,2026-07-06T22:10:00+08:00
f7c498f3-12cc-4f90-956f-512c3adec112,M-1068,ORD-20260706-3834-0304,CONCESSION_ACCRUAL,25,122,2026-07-06T19:12:00+08:00
0a99c701-a990-418b-8110-3dc55686f00b,M-1608,ORD-20260706-1727-0305,CONCESSION_ACCRUAL,11,310,2026-07-06T13:39:00+08:00
18cf658c-0089-4509-8cf0-3bab721c83bd,M-1298,ORD-20260706-1112-0306,CONCESSION_ACCRUAL,10,267,2026-07-06T19:49:00+08:00
6a96a279-588a-428e-b3f1-1bdbbedb1657,M-1758,ORD-20260706-4237-0307,CONCESSION_ACCRUAL,12,104,2026-07-06T12:33:00+08:00
fc4616f0-379a-4d3d-8d42-164c3e9235f5,M-1286,ORD-20260706-6908-0308,CONCESSION_ACCRUAL,6,158,2026-07-06T21:14:00+08:00
ce9d7191-1768-41fa-9769-a8dbd285e7d0,M-1432,ORD-20260706-6371-0309,CONCESSION_ACCRUAL,4,3307,2026-07-06T13:28:00+08:00
39c4381b-e2e2-44d6-b303-3873787acd3e,M-1169,ORD-20260706-8185-0310,CONCESSION_ACCRUAL,24,128,2026-07-06T16:23:00+08:00
2f4b662e-359e-4488-b4bb-d882b58411a5,M-1198,ORD-20260706-4744-0311,CONCESSION_ACCRUAL,27,2610,2026-07-06T20:27:00+08:00
f0e45a61-a066-4391-a6d4-8a35e43ba063,M-1738,ORD-20260706-7006-0312,CONCESSION_ACCRUAL,33,149,2026-07-06T11:40:00+08:00
603e1ccc-ccfc-42f5-aa36-61aa77e7e926,M-1370,ORD-20260706-8523-0313,CONCESSION_ACCRUAL,6,222,2026-07-06T10:11:00+08:00
0aaf33d9-8852-408c-ab90-39f1eff75900,M-1477,ORD-20260706-5941-0314,CONCESSION_ACCRUAL,12,145,2026-07-06T19:51:00+08:00
3f2c54f1-249f-41cd-9b4e-1f0547f709f4,M-1353,ORD-20260706-4736-0315,CONCESSION_ACCRUAL,12,131,2026-07-06T18:24:00+08:00
6568439a-4aa2-40e8-a8ae-49f3fa88af6d,M-1129,ORD-20260706-6190-0316,CONCESSION_ACCRUAL,33,1048,2026-07-06T21:24:00+08:00
36c1d53b-202a-4278-971e-4ff326f887f5,M-1156,ORD-20260706-7269-0317,CONCESSION_ACCRUAL,27,221,2026-07-06T12:11:00+08:00
1749c767-ca5f-42bd-98cb-bd2be7ebc4a9,M-1221,ORD-20260706-1804-0318,CONCESSION_ACCRUAL,18,1858,2026-07-06T19:30:00+08:00
876957b8-62c2-4b1b-bc2e-99ca8c63bb68,M-1394,ORD-20260706-4701-0319,CONCESSION_ACCRUAL,11,410,2026-07-06T10:19:00+08:00
463653b1-198a-4fd8-b6bb-037097ead85e,M-1431,ORD-20260706-2964-0320,CONCESSION_ACCRUAL,13,124,2026-07-06T10:45:00+08:00
af7986f5-da77-4cb2-af61-7173e85767a1,M-1675,ORD-20260706-5199-0321,CONCESSION_ACCRUAL,26,1863,2026-07-06T10:23:00+08:00
cfbbd91d-3800-496c-a671-ca9e119b27b5,M-1678,ORD-20260706-1327-0322,CONCESSION_ACCRUAL,40,223,2026-07-06T14:08:00+08:00
c0d28a81-fc34-494f-a6c2-27d0e860b446,M-1897,ORD-20260706-8232-0323,CONCESSION_ACCRUAL,28,104,2026-07-06T19:49:00+08:00
ba2204c5-87e4-46db-be35-669d874835b2,M-1536,ORD-20260706-2234-0324,CONCESSION_ACCRUAL,18,128,2026-07-06T18:56:00+08:00
b8098e2d-ddfe-4644-93d6-53353f7f4e76,M-1458,ORD-20260706-2437-0325,CONCESSION_ACCRUAL,6,125,2026-07-06T14:21:00+08:00
ee6ba7cd-d76e-429c-a4fd-03ec8d321bcb,M-1684,ORD-20260706-1865-0326,CONCESSION_ACCRUAL,18,177,2026-07-06T15:06:00+08:00
