ledger_id,member_id,source_reference_id,transaction_type,points_delta,resulting_balance,created_at
0753f261-41ea-4f4b-a534-4a57138cba63,M-1682,SESS-20260813-8072-0000,RENTAL_ACCRUAL,28,904,2026-08-14T00:00:00+08:00
10b3ff70-dd31-4350-87ce-0f69cdacc01e,M-1393,SESS-20260813-3087-0001,RENTAL_ACCRUAL,28,143,2026-08-13T22:15:00+08:00
f821eb62-4777-4ca7-8606-7759fc1940ef,M-1639,SESS-20260813-5721-0002,RENTAL_ACCRUAL,27,413,2026-08-14T01:15:00+08:00
1ed09cf7-f607-48ca-bed9-d2e004b7ba5b,M-1955,SESS-20260813-5711-0003,RENTAL_ACCRUAL,5,63,2026-08-13T14:30:00+08:00
127d0bcb-d35e-4d75-820b-48173a6ec1bb,M-1789,SESS-20260813-4109-0004,RENTAL_ACCRUAL,27,246,2026-08-13T21:00:00+08:00
d23e9a54-947d-4fbb-8a2c-5ed0c9219162,M-1558,SESS-20260813-7106-0005,RENTAL_ACCRUAL,45,245,2026-08-13T22:30:00+08:00
b9e18d71-4217-4182-9c9f-3fcc2dcc089f,M-1374,SESS-20260813-5019-0006,RENTAL_ACCRUAL,28,753,2026-08-14T03:15:00+08:00
8f60644a-190a-4697-aa84-5e9d3f851d71,M-1621,SESS-20260813-8854-0007,RENTAL_REDEMPTION,-100,309,2026-08-13T16:45:00+08:00
a52f5848-10d2-489a-be4f-e6fd23b6aa8d,M-1621,SESS-20260813-8854-0007,RENTAL_ACCRUAL,5,314,2026-08-13T18:45:00+08:00
8b27b678-0d74-4469-943b-fc46f8a1d963,M-1935,SESS-20260813-4235-0008,RENTAL_ACCRUAL,5,223,2026-08-13T21:00:00+08:00
a260ee30-4203-43dc-9f42-3f01c9d0c7dc,M-1289,SESS-20260813-3741-0009,RENTAL_ACCRUAL,13,204,2026-08-13T16:30:00+08:00
69edf913-a7c9-4947-afce-ba24e41669c1,M-1824,SESS-20260813-9104-0010,RENTAL_ACCRUAL,28,156,2026-08-14T01:15:00+08:00
4a8ffa39-0da2-4da4-97ff-7f5be491a578,M-1448,SESS-20260813-2777-0011,RENTAL_ACCRUAL,16,205,2026-08-13T20:00:00+08:00
3c65f816-2b3d-4b98-b3f7-c345605fb556,M-1207,SESS-20260813-1310-0012,RENTAL_ACCRUAL,45,615,2026-08-14T00:00:00+08:00
6b6fbaf2-449e-4a3f-a1d5-a4d8a3b75236,M-1461,SESS-20260813-3864-0013,RENTAL_ACCRUAL,11,290,2026-08-13T19:15:00+08:00
1746efa3-0118-461f-b146-26a39e08f2a8,M-1101,SESS-20260813-5711-0014,RENTAL_ACCRUAL,6,597,2026-08-13T13:30:00+08:00
006ba042-ac71-4aea-a9ec-0286a5204775,M-1932,SESS-20260813-7016-0015,RENTAL_ACCRUAL,10,277,2026-08-13T04:15:00+08:00
1b5ccf9f-c421-42b0-8238-58a229349f4c,M-1452,SESS-20260813-4137-0016,RENTAL_ACCRUAL,11,47,2026-08-13T22:00:00+08:00
85bbfe97-64a1-41b4-aa0b-1e6032b04afd,M-1436,SESS-20260813-1072-0017,RENTAL_ACCRUAL,18,536,2026-08-13T11:30:00+08:00
c2abcdf7-d206-4e16-9ba5-4101ef038489,M-1836,SESS-20260813-7113-0018,RENTAL_ACCRUAL,72,547,2026-08-14T00:45:00+08:00
119bf8c3-d41d-4479-a618-4c874bed4ff0,M-1457,SESS-20260813-3473-0019,RENTAL_ACCRUAL,45,720,2026-08-13T21:30:00+08:00
5110364a-efba-45c3-90f4-091aa2da87ce,M-1183,SESS-20260813-6118-0020,RENTAL_ACCRUAL,16,415,2026-08-14T02:45:00+08:00
c2c0c9bc-c591-4fe2-ad1c-d2ae622c7967,M-2122,SESS-20260813-6945-0021,RENTAL_ACCRUAL,15,129,2026-08-13T20:00:00+08:00
d01c21dd-efeb-4bd2-8ec4-da74cba11f0c,M-1991,SESS-20260813-8347-0022,RENTAL_ACCRUAL,10,56,2026-08-13T22:05:00+08:00
380e4d9a-71ca-4542-b275-b601a22938dc,M-1644,SESS-20260813-4980-0023,RENTAL_ACCRUAL,16,436,2026-08-14T00:45:00+08:00
f2c40778-3ab4-45cf-a26d-55b0912ddbe3,M-1090,SESS-20260813-4872-0024,RENTAL_ACCRUAL,18,786,2026-08-13T16:30:00+08:00
f929382b-072d-4199-a532-d444660ce5f7,M-2176,SESS-20260813-9239-0025,RENTAL_REDEMPTION,-100,175,2026-08-13T11:45:00+08:00
a233332e-6cd2-4d34-a700-919cf0d15336,M-2176,SESS-20260813-9239-0025,RENTAL_ACCRUAL,35,210,2026-08-13T19:45:00+08:00
5b74a447-3e28-4874-a0a0-3a8a93ae37eb,M-2176,TIER_UPGRADE_Standard_TO_Silver,TIER_BONUS,50,260,2026-08-13T19:45:00+08:00
1f88d0c2-58d6-49f8-9fc9-3170357f6716,M-1476,SESS-20260813-8572-0026,RENTAL_REDEMPTION,-200,194,2026-08-13T13:30:00+08:00
a09d0f7b-42a3-4daa-80cc-e2257d7547e6,M-1476,SESS-20260813-8572-0026,RENTAL_ACCRUAL,3,197,2026-08-13T16:30:00+08:00
f5e832a4-1217-4264-aa20-dbcdfd26e956,M-1911,SESS-20260813-2289-0027,RENTAL_ACCRUAL,40,93,2026-08-14T00:00:00+08:00
82741b20-4213-402a-b30e-1105aa59032e,M-1429,SESS-20260813-9506-0028,RENTAL_ACCRUAL,12,846,2026-08-14T00:20:00+08:00
d00e0d59-826a-4f61-ad1f-7f779ad18e92,M-1032,SESS-20260813-3970-0029,RENTAL_ACCRUAL,27,346,2026-08-14T00:00:00+08:00
69db9ab6-3bed-4c84-a640-e68f1ee4e747,M-1525,SESS-20260813-1372-0030,RENTAL_ACCRUAL,72,241,2026-08-14T02:15:00+08:00
e059d438-d289-4124-af02-d3a78f55a4a2,M-1447,SESS-20260813-6008-0031,RENTAL_ACCRUAL,5,175,2026-08-13T22:45:00+08:00
c298dea7-285a-40f0-9fd9-5ecf5789f74d,M-2074,SESS-20260813-1805-0032,RENTAL_ACCRUAL,9,83,2026-08-13T18:45:00+08:00
6a0a6a6b-fc2b-42f8-b3e6-86e1fda20b16,M-1856,SESS-20260813-3200-0033,RENTAL_ACCRUAL,25,52,2026-08-14T00:30:00+08:00
659c8604-6f88-4e02-8214-10c96c6f099a,M-1173,SESS-20260813-1744-0034,RENTAL_ACCRUAL,19,433,2026-08-13T16:45:00+08:00
d886a926-3616-4479-9485-cffd6f6bc314,M-2189,SESS-20260813-4160-0035,RENTAL_ACCRUAL,64,193,2026-08-13T19:30:00+08:00
96367871-d71f-4be6-8970-93196b43d8b5,M-1555,SESS-20260813-2613-0036,RENTAL_REDEMPTION,-200,89,2026-08-13T22:00:00+08:00
45afde50-1489-4b23-89f9-9f34d9971656,M-1555,SESS-20260813-2613-0036,RENTAL_ACCRUAL,5,94,2026-08-14T00:00:00+08:00
7303ffb6-0289-410e-bea7-ba305492e83f,M-1604,SESS-20260813-8809-0037,RENTAL_ACCRUAL,67,218,2026-08-13T23:15:00+08:00
4cc61c4f-5101-49b6-bb9b-2c9ad11dc809,M-1760,SESS-20260813-5370-0038,RENTAL_ACCRUAL,45,541,2026-08-13T23:00:00+08:00
f22afae0-b254-4291-900c-4d507a44cb56,M-1006,SESS-20260813-3638-0039,RENTAL_ACCRUAL,11,62,2026-08-13T20:30:00+08:00
db3348c6-be1e-4010-805e-b406a6c87b01,M-2049,SESS-20260813-1550-0040,RENTAL_ACCRUAL,16,114,2026-08-13T04:30:00+08:00
213a4277-636d-46c4-b0f8-a7e87c1e4873,M-1143,SESS-20260813-2116-0041,RENTAL_ACCRUAL,12,3872,2026-08-13T19:45:00+08:00
32490bf0-a0fb-4ad0-81fa-92416b62a484,M-1309,SESS-20260813-8822-0042,RENTAL_REDEMPTION,-100,278,2026-08-13T22:15:00+08:00
56971916-217c-41a4-9cad-35010ed52020,M-1309,SESS-20260813-8822-0042,RENTAL_ACCRUAL,5,283,2026-08-14T00:15:00+08:00
cd10d4e5-41c1-412b-9031-d4fefa94df03,M-1350,SESS-20260813-5846-0043,RENTAL_ACCRUAL,12,555,2026-08-13T14:15:00+08:00
93097d8c-3322-46f0-bfe3-f877d6c9fcde,M-1109,SESS-20260813-7826-0044,RENTAL_ACCRUAL,28,604,2026-08-14T01:45:00+08:00
ee906caa-59fd-4eb7-a303-77a9d6461f6e,M-1970,SESS-20260813-1241-0045,RENTAL_ACCRUAL,10,121,2026-08-14T00:45:00+08:00
08ab398f-720d-448f-bcc4-c9c5256dae3b,M-1600,SESS-20260813-7093-0046,RENTAL_REDEMPTION,-100,65,2026-08-13T21:45:00+08:00
c28a0081-63b5-4909-a6c1-2100721ad585,M-1600,SESS-20260813-7093-0046,RENTAL_ACCRUAL,20,85,2026-08-14T00:45:00+08:00
17a57c49-98ab-42b2-aeed-e68bd1961ad5,M-1594,SESS-20260813-7703-0047,RENTAL_ACCRUAL,45,284,2026-08-14T04:45:00+08:00
1063326a-8957-425d-b445-ab075243d044,M-1375,SESS-20260813-1040-0048,RENTAL_ACCRUAL,5,88,2026-08-13T17:45:00+08:00
05e769e2-c2a3-4e59-8123-fb34319e0a4b,M-2060,SESS-20260813-9910-0049,RENTAL_ACCRUAL,64,185,2026-08-14T06:30:00+08:00
a2574e14-7291-4347-867b-a8b9322b846c,M-1078,SESS-20260813-2354-0050,RENTAL_REDEMPTION,-200,459,2026-08-13T15:30:00+08:00
e9b0d6a2-f878-49f4-99c4-1fe21553ea48,M-1078,SESS-20260813-2354-0050,RENTAL_ACCRUAL,13,472,2026-08-13T18:30:00+08:00
fdec7779-9ae0-4793-80d9-bab8045f1337,M-2166,SESS-20260813-7886-0051,RENTAL_ACCRUAL,40,93,2026-08-13T19:15:00+08:00
4000169a-95bb-4065-b9ea-34ba6427d4c6,M-1806,SESS-20260813-3183-0052,RENTAL_ACCRUAL,16,174,2026-08-14T02:00:00+08:00
fe78c11e-b586-49f3-bbbf-0ce7ee78d1a6,M-1955,SESS-20260813-5094-0053,RENTAL_ACCRUAL,5,68,2026-08-13T17:45:00+08:00
802935fd-9403-4846-b1ae-29e445eccd8a,M-1626,SESS-20260813-3004-0054,RENTAL_ACCRUAL,28,426,2026-08-14T03:30:00+08:00
0bc1a8ee-7690-4582-8a73-0a9f483f6264,M-1426,SESS-20260813-1549-0055,RENTAL_ACCRUAL,48,1214,2026-08-13T07:55:00+08:00
48d2778d-f727-4155-a2f4-7e7ef6269e67,M-1155,SESS-20260813-5528-0056,RENTAL_ACCRUAL,16,577,2026-08-13T19:15:00+08:00
6362d342-5bcd-44ad-b18b-8ee5b7027a4f,M-1090,SESS-20260813-1723-0057,RENTAL_REDEMPTION,-300,486,2026-08-13T20:30:00+08:00
52aa83f5-d5c8-4bad-9e15-cfd2adf0db89,M-1090,SESS-20260813-1723-0057,RENTAL_ACCRUAL,6,492,2026-08-13T23:30:00+08:00
7255990b-5e33-4683-85d5-bcb91ec72b8f,M-2180,SESS-20260813-5187-0058,RENTAL_ACCRUAL,60,108,2026-08-14T02:10:00+08:00
97a91c5c-f819-4a90-89b7-7061a0db5181,M-1204,SESS-20260813-3451-0059,RENTAL_ACCRUAL,27,164,2026-08-14T00:15:00+08:00
8d2706e5-51c7-469d-ad96-73e77eb16b1a,M-1450,SESS-20260813-2517-0060,RENTAL_ACCRUAL,28,124,2026-08-14T01:30:00+08:00
1cb99a70-c1c8-4945-9dd1-747566653a32,M-1818,SESS-20260813-9456-0061,RENTAL_ACCRUAL,45,411,2026-08-14T00:00:00+08:00
c19f6cb8-59df-47a3-a0c6-5d82b8a191d8,M-1506,SESS-20260813-7347-0062,RENTAL_ACCRUAL,16,219,2026-08-13T15:45:00+08:00
338acdca-968f-4aad-8e1a-8db26b6d7bc4,M-1298,SESS-20260813-9044-0063,RENTAL_ACCRUAL,11,478,2026-08-14T00:10:00+08:00
ba5bc0f3-06f4-4e09-a84d-c9720bbd5f01,M-2068,SESS-20260813-1742-0064,RENTAL_REDEMPTION,-100,47,2026-08-13T16:00:00+08:00
368c553f-a819-4dbf-a92e-3cb09a834b9a,M-2068,SESS-20260813-1742-0064,RENTAL_ACCRUAL,31,78,2026-08-13T19:00:00+08:00
f639e3c3-9d02-4295-b640-e571eea19d44,M-1050,SESS-20260813-7398-0065,RENTAL_ACCRUAL,11,340,2026-08-13T18:35:00+08:00
8ecc183e-8697-460a-ab43-695747b739ec,M-1922,SESS-20260813-4407-0066,RENTAL_ACCRUAL,28,438,2026-08-14T03:15:00+08:00
be23d69f-3fcf-4ca6-ab2e-cdb434901e50,M-1786,SESS-20260813-2385-0067,RENTAL_ACCRUAL,12,607,2026-08-13T20:00:00+08:00
db20c2a7-dcce-478a-8cf9-f888ed7f4c30,M-1580,SESS-20260813-3558-0068,RENTAL_ACCRUAL,43,1000,2026-08-13T23:45:00+08:00
d2c2ec7b-79dd-4efe-9878-0bc50411c5da,M-2172,SESS-20260813-5466-0069,RENTAL_ACCRUAL,10,280,2026-08-13T22:00:00+08:00
8e6d5de4-b82a-424b-a439-58350d8aecfe,M-1954,SESS-20260813-9718-0070,RENTAL_ACCRUAL,40,215,2026-08-13T13:45:00+08:00
8619ee23-4311-4644-b178-f50efe25f541,M-1708,SESS-20260813-8821-0071,RENTAL_ACCRUAL,16,82,2026-08-13T18:30:00+08:00
87767a56-a55e-4ed7-b6e4-36a12dab4130,M-2010,SESS-20260813-6757-0072,RENTAL_ACCRUAL,12,45,2026-08-14T00:30:00+08:00
427e88e1-ac40-4f43-8a3c-551ffba1d7d5,M-1087,SESS-20260813-3448-0073,RENTAL_ACCRUAL,14,1095,2026-08-13T05:45:00+08:00
4b2a2639-ed4a-4c90-8aa7-4978e3239032,M-1435,SESS-20260813-7840-0074,RENTAL_ACCRUAL,5,233,2026-08-13T21:15:00+08:00
e204d12f-d429-4945-bf40-bb307d80ddb1,M-1096,SESS-20260813-2931-0075,RENTAL_ACCRUAL,11,192,2026-08-13T15:45:00+08:00
340aa3a1-54e3-4fe9-a1be-133f48a03a14,M-1544,SESS-20260813-4538-0076,RENTAL_REDEMPTION,-100,95,2026-08-13T16:45:00+08:00
689cfb26-9336-43e7-80e2-5e15caf5176f,M-1544,SESS-20260813-4538-0076,RENTAL_ACCRUAL,5,100,2026-08-13T18:45:00+08:00
41425e64-2e37-45db-8a75-94a172a26433,M-1453,SESS-20260813-3999-0077,RENTAL_ACCRUAL,16,215,2026-08-13T19:45:00+08:00
2c07b795-23b1-4084-b878-7c08c9e42958,M-1311,SESS-20260813-8251-0078,RENTAL_ACCRUAL,11,426,2026-08-13T15:30:00+08:00
1dcf8111-de45-4d40-b7f5-45f3ead51f07,M-1550,SESS-20260813-2502-0079,RENTAL_ACCRUAL,5,455,2026-08-13T17:45:00+08:00
f0c04580-6dee-474e-b823-0a6f394a552b,M-1893,SESS-20260813-2263-0080,RENTAL_ACCRUAL,24,69,2026-08-13T21:05:00+08:00
b3dd08a9-ea11-488d-b58b-cf1d872ef21c,M-1912,SESS-20260813-2991-0081,RENTAL_ACCRUAL,16,347,2026-08-14T00:45:00+08:00
c2f14ee3-28f2-4317-8c58-b01e3cf5cc56,M-1501,SESS-20260813-6376-0082,RENTAL_ACCRUAL,11,188,2026-08-13T23:15:00+08:00
6f8d47f9-deae-4182-96a8-795e546361a1,M-1997,SESS-20260813-4241-0083,RENTAL_ACCRUAL,40,202,2026-08-13T06:50:00+08:00
210af011-630f-48fe-8f57-e6ef912b160b,M-1704,SESS-20260813-8450-0084,RENTAL_REDEMPTION,-100,52,2026-08-13T20:30:00+08:00
7e04022e-4728-44e5-b111-4f1c565fcdba,M-1704,SESS-20260813-8450-0084,RENTAL_ACCRUAL,38,90,2026-08-14T01:30:00+08:00
f81b7486-cdde-41f6-bb8a-ad6a517120e5,M-1851,SESS-20260813-6907-0085,RENTAL_ACCRUAL,10,200,2026-08-13T04:30:00+08:00
26fcb25b-e717-4fb6-8e10-06d1d6cc5b8e,M-1543,SESS-20260813-8574-0086,RENTAL_ACCRUAL,5,460,2026-08-13T19:30:00+08:00
60ccf159-f41f-4bc7-8c2f-4bad7a38e5d5,M-1829,SESS-20260813-7932-0087,RENTAL_ACCRUAL,9,180,2026-08-13T19:45:00+08:00
52a12e45-9fdb-4b5b-b92d-58e616144b47,M-1031,SESS-20260813-4055-0088,RENTAL_ACCRUAL,28,1341,2026-08-13T14:00:00+08:00
c1475c8f-79e5-47a3-bacd-96e0702e27d2,M-1625,SESS-20260813-3881-0089,RENTAL_ACCRUAL,19,2652,2026-08-13T18:45:00+08:00
51278beb-336b-408e-af49-02154b0e103f,M-1413,SESS-20260813-2199-0090,RENTAL_ACCRUAL,11,182,2026-08-14T00:00:00+08:00
6568f051-05fa-481f-be0b-77b8ef4afeac,M-1628,SESS-20260813-4977-0091,RENTAL_REDEMPTION,-100,41,2026-08-13T21:30:00+08:00
65232920-946b-4e33-be63-bfdf48fb8787,M-1628,SESS-20260813-4977-0091,RENTAL_ACCRUAL,20,61,2026-08-14T00:30:00+08:00
01c4c0c8-076a-4dbd-8a1c-88c0fa5d5e0a,M-1366,SESS-20260813-9042-0092,RENTAL_ACCRUAL,16,502,2026-08-13T17:45:00+08:00
a7913c88-ad80-4e26-9e99-8f186ee22d27,M-1451,SESS-20260813-1627-0093,RENTAL_ACCRUAL,18,432,2026-08-13T21:00:00+08:00
29e829a5-4270-49a7-9836-af0fb2ad637c,M-1106,SESS-20260813-4360-0094,RENTAL_REDEMPTION,-200,324,2026-08-13T19:30:00+08:00
89d7d0ec-bc69-45f0-baf3-0f9e25270ea3,M-1106,SESS-20260813-4360-0094,RENTAL_ACCRUAL,15,339,2026-08-14T00:30:00+08:00
7f821f83-077d-46af-b6d6-ae3ebd4dbfec,M-1401,SESS-20260813-6421-0095,RENTAL_ACCRUAL,5,428,2026-08-13T14:45:00+08:00
abd63f88-9fac-4f2f-b94a-02d2337c7950,M-1156,SESS-20260813-6896-0096,RENTAL_ACCRUAL,45,303,2026-08-14T04:15:00+08:00
9b582d86-e463-4ead-ba77-90c213e78cdf,M-1607,SESS-20260813-3787-0097,RENTAL_ACCRUAL,16,374,2026-08-14T01:45:00+08:00
d61b4f27-d64d-4eb3-b1dd-193c94c9301a,M-1012,SESS-20260813-7348-0098,RENTAL_REDEMPTION,-100,335,2026-08-13T16:30:00+08:00
05ca8321-34b2-4961-b597-dc5a147b6249,M-1012,SESS-20260813-7348-0098,RENTAL_ACCRUAL,21,356,2026-08-13T21:30:00+08:00
90ebc982-d876-4ec9-993b-5107a2bc5230,M-1883,SESS-20260813-6598-0099,RENTAL_ACCRUAL,15,64,2026-08-13T18:30:00+08:00
5d30d367-eb1e-4911-8277-f8794d310544,M-1770,SESS-20260813-8607-0100,RENTAL_ACCRUAL,12,348,2026-08-14T00:20:00+08:00
4f893d9b-dac2-4750-8b3c-6e0367421cea,M-1208,SESS-20260813-8322-0101,RENTAL_ACCRUAL,28,3299,2026-08-13T05:30:00+08:00
7d4d95e1-8864-4a9e-922c-b347d9aee1a9,M-2047,SESS-20260813-3461-0102,RENTAL_REDEMPTION,-100,117,2026-08-13T02:45:00+08:00
d5ccb624-ffec-4ee8-bd44-386f7a414aec,M-2047,SESS-20260813-3461-0102,RENTAL_ACCRUAL,35,152,2026-08-13T10:45:00+08:00
fae031a8-45f0-4d60-8fd6-7f52600ab9a4,M-1230,SESS-20260813-6114-0103,RENTAL_ACCRUAL,16,1094,2026-08-13T16:45:00+08:00
9689ca57-3f59-4408-a26a-bd79df6bbef1,M-1226,SESS-20260813-5765-0104,RENTAL_ACCRUAL,12,1251,2026-08-13T23:20:00+08:00
8bc77528-513f-4d18-bf06-a38233b89f70,M-1362,SESS-20260813-3399-0105,RENTAL_ACCRUAL,28,360,2026-08-14T02:45:00+08:00
3d9e9945-1acc-4820-9eb1-d7e488234a6a,M-1460,SESS-20260813-6674-0106,RENTAL_ACCRUAL,28,105,2026-08-13T20:45:00+08:00
d14bafa0-963e-496c-874a-7face4800e8e,M-1886,SESS-20260813-9682-0107,RENTAL_ACCRUAL,67,166,2026-08-13T21:30:00+08:00
549f75b2-71e5-4b61-a2a1-eb3a9e384f97,M-1076,SESS-20260813-6486-0108,RENTAL_ACCRUAL,28,306,2026-08-13T23:15:00+08:00
c64cb363-b567-4c22-82f0-cf9417aec747,M-1165,SESS-20260813-4191-0109,RENTAL_ACCRUAL,28,262,2026-08-14T00:45:00+08:00
783ad9fc-1236-45e4-8182-03512907319c,M-1497,SESS-20260813-9855-0110,RENTAL_ACCRUAL,9,818,2026-08-13T23:45:00+08:00
a14a356d-4456-4f7c-a07d-55921abd2ad4,M-1622,SESS-20260813-5731-0111,RENTAL_REDEMPTION,-100,43,2026-08-13T08:30:00+08:00
f8f8e490-e788-4ccd-9820-4d8530bd68e0,M-1622,SESS-20260813-5731-0111,RENTAL_ACCRUAL,5,48,2026-08-13T10:30:00+08:00
b3646d61-b60c-4792-a18e-f8c68255169a,M-1113,SESS-20260813-4203-0112,RENTAL_ACCRUAL,18,889,2026-08-13T10:15:00+08:00
ebd670c0-a6d5-4c6e-81f3-00aa882bfef2,M-1886,SESS-20260813-7590-0113,RENTAL_ACCRUAL,28,194,2026-08-14T02:40:00+08:00
6d8c66e2-84ab-47d2-9a48-e9b85b9fc540,M-1492,SESS-20260813-6039-0114,RENTAL_ACCRUAL,108,296,2026-08-13T16:00:00+08:00
dd82c242-abcb-423b-9f69-addb139a27e0,M-1727,SESS-20260813-1671-0115,RENTAL_ACCRUAL,18,171,2026-08-13T19:45:00+08:00
3fe3638c-321a-4e4c-b44d-6d492870703b,M-1517,SESS-20260813-1477-0116,RENTAL_REDEMPTION,-100,6,2026-08-13T18:15:00+08:00
7ae4de53-dc65-4a66-b14c-ff16edc7bf94,M-1517,SESS-20260813-1477-0116,RENTAL_ACCRUAL,5,11,2026-08-13T20:15:00+08:00
19051d2c-6621-40d4-ba27-80babb95c797,M-1356,SESS-20260813-4188-0117,RENTAL_ACCRUAL,28,937,2026-08-13T22:55:00+08:00
02b471fd-f995-4ec1-b5fb-23de738b46f8,M-1671,SESS-20260813-5199-0118,RENTAL_REDEMPTION,-100,243,2026-08-13T15:45:00+08:00
7e987f13-5feb-4a97-b24e-8f6f02030ce2,M-1671,SESS-20260813-5199-0118,RENTAL_ACCRUAL,5,248,2026-08-13T17:45:00+08:00
a99c7f27-3463-4cf6-99e5-742bed5fe5aa,M-1810,SESS-20260813-1179-0119,RENTAL_ACCRUAL,5,136,2026-08-13T16:30:00+08:00
585e0dd6-0c7b-4cc4-b1e9-19541e9d48ea,M-1557,SESS-20260813-1042-0120,RENTAL_ACCRUAL,18,635,2026-08-13T19:30:00+08:00
777c34b7-4a79-4a77-94f4-b6a9a3779b58,M-1486,SESS-20260813-7984-0121,RENTAL_ACCRUAL,27,58,2026-08-13T18:00:00+08:00
a0c7cd8b-d828-44d6-a138-325bbfbfc649,M-2083,SESS-20260813-2497-0122,RENTAL_ACCRUAL,16,111,2026-08-13T21:15:00+08:00
60dc60d1-e6fb-467a-b4cf-842706b79f49,M-2197,SESS-20260813-8469-0123,RENTAL_ACCRUAL,28,441,2026-08-13T13:15:00+08:00
a5f8bcd3-0779-4a5a-b62f-729cb184e9d7,M-1948,SESS-20260813-9470-0124,RENTAL_ACCRUAL,15,216,2026-08-13T22:45:00+08:00
48c26c64-4cb3-4e13-8f9a-b434218c20f0,M-2015,SESS-20260813-5316-0125,RENTAL_ACCRUAL,24,78,2026-08-13T23:15:00+08:00
58e89429-0734-4b78-b040-0905eb5ba418,M-1118,SESS-20260813-1333-0126,RENTAL_REDEMPTION,-100,41,2026-08-13T23:30:00+08:00
b5839c87-7f07-4241-86a2-a4d2333c060e,M-1118,SESS-20260813-1333-0126,RENTAL_ACCRUAL,5,46,2026-08-14T01:30:00+08:00
4338d0d1-cd97-43b3-9643-85a834eb2d79,M-1826,SESS-20260813-2665-0127,RENTAL_ACCRUAL,40,294,2026-08-14T00:00:00+08:00
3a99a5ba-fb1e-4dde-b2f2-db6c4d2ce1a7,M-1090,SESS-20260813-6731-0128,RENTAL_ACCRUAL,19,511,2026-08-14T01:45:00+08:00
34482b89-c92b-46a4-bdca-80dd7cfba1c2,M-1828,SESS-20260813-6738-0129,RENTAL_ACCRUAL,40,253,2026-08-13T23:30:00+08:00
6f50e1be-f3af-44da-85b6-ec5d51d67480,M-2115,SESS-20260813-9882-0130,RENTAL_ACCRUAL,24,65,2026-08-13T13:30:00+08:00
5f4188b6-9964-498c-b1c5-78327d1f40c8,M-1425,SESS-20260813-4666-0131,RENTAL_ACCRUAL,5,149,2026-08-13T14:45:00+08:00
a267c7fb-9826-414a-a383-28b1ccdabdb9,M-1164,SESS-20260813-7519-0132,RENTAL_ACCRUAL,11,152,2026-08-13T16:45:00+08:00
51f7041f-a18c-4c8f-972d-29cf38aa50d3,M-1167,SESS-20260813-4902-0133,RENTAL_ACCRUAL,30,427,2026-08-13T14:45:00+08:00
5096d203-bbae-42ea-a333-9f666fde4c3a,M-1505,SESS-20260813-9836-0134,RENTAL_ACCRUAL,11,126,2026-08-13T23:00:00+08:00
cfc1ba37-125d-4eb3-a171-40799ff9b4b4,M-1396,SESS-20260813-2108-0135,RENTAL_ACCRUAL,11,283,2026-08-13T20:40:00+08:00
053ec073-400d-4a1c-be88-5ad7f2ce13c0,M-1322,SESS-20260813-3561-0136,RENTAL_ACCRUAL,5,139,2026-08-13T19:00:00+08:00
1d9729d1-d9c4-4b4d-bdc0-cd73e6e6f25a,M-1250,SESS-20260813-7632-0137,RENTAL_REDEMPTION,-100,75,2026-08-13T16:15:00+08:00
f9fdef62-9daa-4831-b552-d8c35e6d3462,M-1250,SESS-20260813-7632-0137,RENTAL_ACCRUAL,21,96,2026-08-13T21:15:00+08:00
571ab77e-4af1-4d36-994f-be2ec89be642,M-1280,SESS-20260813-8855-0138,RENTAL_ACCRUAL,115,405,2026-08-14T05:45:00+08:00
664fe324-ac9e-4e2c-9bf1-724293be521b,M-1353,SESS-20260813-5539-0139,RENTAL_ACCRUAL,40,138,2026-08-13T06:00:00+08:00
0d206421-22f8-485a-aef8-ebccdbe7c845,M-1065,SESS-20260813-7456-0140,RENTAL_ACCRUAL,18,667,2026-08-13T15:00:00+08:00
7b4fd519-90c3-40c2-b151-96b2af132025,M-1133,SESS-20260813-6373-0141,RENTAL_ACCRUAL,19,173,2026-08-13T15:00:00+08:00
c7fca8e6-ab1f-4938-bb03-a31a517314e1,M-2167,SESS-20260813-1129-0142,RENTAL_ACCRUAL,27,151,2026-08-13T16:15:00+08:00
bbc17a12-26ba-4c54-926a-3b594d0e73b4,M-1196,SESS-20260813-5403-0143,RENTAL_ACCRUAL,28,292,2026-08-13T21:30:00+08:00
9f676199-f74d-4307-83d9-0aa47e2cbeb2,M-1196,TIER_UPGRADE_Silver_TO_Gold,TIER_BONUS,100,392,2026-08-13T21:30:00+08:00
b580125e-0f27-49ba-a739-92300299579c,M-1617,SESS-20260813-9276-0144,RENTAL_REDEMPTION,-100,56,2026-08-13T17:00:00+08:00
f7354000-c166-4a8c-a22d-dbf23fdec30d,M-1617,SESS-20260813-9276-0144,RENTAL_ACCRUAL,21,77,2026-08-13T22:00:00+08:00
252aeeb0-b9d2-42a5-ab80-3ffbbc4fdb79,M-1602,SESS-20260813-2414-0145,RENTAL_ACCRUAL,48,691,2026-08-14T01:00:00+08:00
4da81ecc-3bbc-43d6-a78a-ecf86692731f,M-1518,SESS-20260813-2397-0146,RENTAL_ACCRUAL,28,544,2026-08-14T03:05:00+08:00
5b90b4f3-466f-48f9-b950-8acf89650cc0,M-1375,SESS-20260813-8571-0147,RENTAL_ACCRUAL,18,106,2026-08-13T21:15:00+08:00
d861b974-71e0-4c58-9415-24e3fa3b0a5f,M-1228,SESS-20260813-9649-0148,RENTAL_ACCRUAL,5,106,2026-08-14T00:30:00+08:00
6e1667e9-092e-444d-8b17-da54cbfbccad,M-1066,SESS-20260813-8266-0149,RENTAL_ACCRUAL,11,207,2026-08-13T16:00:00+08:00
488ac2ab-22b6-4d04-8201-d601ca051ca8,M-1736,SESS-20260813-4584-0150,RENTAL_ACCRUAL,27,172,2026-08-13T15:45:00+08:00
812a9545-e865-4327-a892-37b34d3810c8,M-1946,SESS-20260813-5475-0151,RENTAL_REDEMPTION,-100,97,2026-08-13T03:15:00+08:00
5b24bb03-9229-4e31-a63f-3ff3f67ed059,M-1191,SESS-20260813-8815-0152,RENTAL_ACCRUAL,5,65,2026-08-13T14:15:00+08:00
eea1cabe-bf13-4a5c-b147-6b5fc63e88fe,M-1153,SESS-20260813-1359-0153,RENTAL_ACCRUAL,27,365,2026-08-14T01:35:00+08:00
c7d026c2-dfee-4c34-a412-956d65682797,M-1563,SESS-20260813-6310-0154,RENTAL_ACCRUAL,18,352,2026-08-13T16:30:00+08:00
0bdae0b9-ddd1-4566-8546-526594899b2c,M-1439,SESS-20260813-4737-0155,RENTAL_ACCRUAL,108,594,2026-08-14T03:15:00+08:00
06a7cef0-4f25-4e1d-9849-ddd3f8e4f252,M-1369,SESS-20260813-5153-0156,RENTAL_ACCRUAL,18,428,2026-08-13T19:45:00+08:00
c9175694-807b-4ed5-957f-7edae8833542,M-1891,SESS-20260813-7475-0157,RENTAL_ACCRUAL,25,169,2026-08-14T03:40:00+08:00
76083cbb-2647-48f7-af73-41c378d93608,M-1737,SESS-20260813-1585-0158,RENTAL_ACCRUAL,16,338,2026-08-14T00:35:00+08:00
f0320e75-f49e-441d-85af-472e57f3d9c7,M-2005,SESS-20260813-5917-0159,RENTAL_ACCRUAL,9,290,2026-08-13T20:50:00+08:00
4f9d8b3e-8848-41ee-bbc5-107633130755,M-1529,SESS-20260813-5431-0160,RENTAL_ACCRUAL,16,257,2026-08-14T02:10:00+08:00
574f72bd-63d4-40d4-a1f5-f3a0c231cc64,M-1065,SESS-20260813-2406-0161,RENTAL_ACCRUAL,18,685,2026-08-13T19:30:00+08:00
596eed33-e57a-4e70-8288-9780ad2c8c32,M-1790,SESS-20260813-6570-0162,RENTAL_ACCRUAL,11,235,2026-08-13T21:45:00+08:00
99aef40d-7e6b-4983-91b8-5e354a8444f3,M-2042,SESS-20260813-5273-0163,RENTAL_ACCRUAL,8,198,2026-08-13T21:15:00+08:00
c56923c8-11b8-4c54-ac3a-863826328195,M-1787,SESS-20260813-3781-0164,RENTAL_ACCRUAL,28,210,2026-08-14T00:35:00+08:00
4a0a97f3-4c36-4f5f-87dc-5f7b7be5d0cc,M-1210,SESS-20260813-5700-0165,RENTAL_ACCRUAL,19,1250,2026-08-13T06:45:00+08:00
fbfe72a2-0b0c-47de-97f1-b476639759ca,M-1126,SESS-20260813-1358-0166,RENTAL_ACCRUAL,11,283,2026-08-13T20:00:00+08:00
87bd68b6-14cc-4968-b131-6a03793a90d4,M-1154,SESS-20260813-5983-0167,RENTAL_ACCRUAL,27,315,2026-08-13T23:45:00+08:00
2819f059-5b6c-4341-a29c-5fb80623d8b5,M-1340,SESS-20260813-7223-0168,RENTAL_ACCRUAL,6,475,2026-08-13T23:00:00+08:00
d7c04577-3d21-4961-b4d7-e7ed68152ef4,M-1489,SESS-20260813-3931-0169,RENTAL_ACCRUAL,27,566,2026-08-13T19:00:00+08:00
f99acbb3-e8c8-440d-94fa-b7aa7ae6304c,M-1214,SESS-20260813-1340-0170,RENTAL_REDEMPTION,-100,62,2026-08-13T10:00:00+08:00
919fc965-93f2-4af8-ac32-41cf67452691,M-1214,SESS-20260813-1340-0170,RENTAL_ACCRUAL,10,72,2026-08-13T13:00:00+08:00
eaf4f3ca-abc5-4f30-aa8c-2963fa538c7e,M-1503,SESS-20260813-8703-0171,RENTAL_ACCRUAL,9,839,2026-08-13T23:15:00+08:00
047c6a14-d98a-45f4-8bba-d65e9f18f59e,M-1104,SESS-20260813-4680-0172,RENTAL_ACCRUAL,18,340,2026-08-14T01:00:00+08:00
cf06abec-a579-4576-a429-5548c25c1ccc,M-1248,SESS-20260813-6245-0173,RENTAL_REDEMPTION,-100,98,2026-08-13T22:10:00+08:00
cd551183-3a2d-43c5-a311-28f0f0a2cd63,M-1248,SESS-20260813-6245-0173,RENTAL_ACCRUAL,21,119,2026-08-14T03:10:00+08:00
b73153a2-148f-42a5-8c39-50d399ee9ea1,M-1524,SESS-20260813-4998-0174,RENTAL_ACCRUAL,9,421,2026-08-13T18:30:00+08:00
4a60901d-58c5-4253-8665-0516d7a44afc,M-1347,SESS-20260813-3361-0175,RENTAL_ACCRUAL,48,3209,2026-08-13T21:30:00+08:00
98c87224-72e4-4d7e-a93d-f1b3e3ceebbe,M-1965,SESS-20260813-7099-0176,RENTAL_REDEMPTION,-100,190,2026-08-13T12:30:00+08:00
572a8827-e19b-449f-a1ee-7ad31a39f437,M-1965,SESS-20260813-7099-0176,RENTAL_ACCRUAL,7,197,2026-08-13T13:30:00+08:00
201dff2d-5938-41ca-b249-7567d4b3d6f5,M-1300,SESS-20260813-9149-0177,RENTAL_ACCRUAL,18,585,2026-08-14T01:00:00+08:00
71957cec-4aeb-4ec7-8dea-8fa25b568492,M-1461,SESS-20260813-2996-0178,RENTAL_ACCRUAL,13,303,2026-08-14T00:25:00+08:00
56868e4d-dce7-4979-9bbe-199b470e1e49,M-2187,SESS-20260813-2671-0179,RENTAL_ACCRUAL,40,97,2026-08-14T00:30:00+08:00
1e05e9da-5bf4-4048-93fe-43795f8f5df3,M-1601,SESS-20260813-5035-0180,RENTAL_ACCRUAL,11,431,2026-08-13T14:30:00+08:00
7654022d-e0b2-4c2a-bb32-ef164f3b002c,M-1564,SESS-20260813-5532-0181,RENTAL_ACCRUAL,108,425,2026-08-14T05:30:00+08:00
14b16bb9-2717-471f-bebe-fcc28910af4c,M-1564,TIER_UPGRADE_Silver_TO_Gold,TIER_BONUS,100,525,2026-08-14T05:30:00+08:00
381178e9-5500-41e4-9b1d-25fc6a27ee9a,M-1384,SESS-20260813-9838-0182,RENTAL_ACCRUAL,30,1421,2026-08-13T21:45:00+08:00
4a9ee9dc-cae6-4777-b3df-46f104fbdfb3,M-1310,SESS-20260813-3982-0183,RENTAL_ACCRUAL,45,253,2026-08-14T02:00:00+08:00
f610563d-be93-40f5-a5d1-ea347abcc38d,M-1504,SESS-20260813-3036-0184,RENTAL_ACCRUAL,18,361,2026-08-14T00:00:00+08:00
5f54c48e-7ef9-472d-8a4d-30fe4737b7be,M-1549,SESS-20260813-3985-0185,RENTAL_ACCRUAL,27,276,2026-08-13T15:00:00+08:00
2378c312-1c36-44bb-b693-89629ce6c24d,M-1729,SESS-20260813-5197-0186,RENTAL_ACCRUAL,18,39,2026-08-13T23:05:00+08:00
4f0b6ed9-a298-4494-a0ad-695b53bd75a5,M-1719,SESS-20260813-8451-0187,RENTAL_ACCRUAL,5,262,2026-08-13T21:30:00+08:00
aa88e25d-7344-4f8e-9512-f59f68ef0061,M-1744,SESS-20260813-9574-0188,RENTAL_ACCRUAL,45,737,2026-08-14T02:15:00+08:00
89b1b75b-1a99-4d8e-a4b5-8cd9a10f81c1,M-1237,SESS-20260813-9879-0189,RENTAL_ACCRUAL,27,467,2026-08-14T01:20:00+08:00
6dc84f20-3615-4fdd-b776-9dde2f743dfd,M-1237,TIER_UPGRADE_Silver_TO_Gold,TIER_BONUS,100,567,2026-08-14T01:20:00+08:00
396f0b04-ccad-46f9-b94b-de4280bab0dd,M-1391,SESS-20260813-5344-0190,RENTAL_REDEMPTION,-200,237,2026-08-13T22:45:00+08:00
9fa16fb8-1fad-4331-8d64-de490134639d,M-1391,SESS-20260813-5344-0190,RENTAL_ACCRUAL,4,241,2026-08-14T01:45:00+08:00
8af96491-01fe-4787-a22b-75e850ec2274,M-1537,SESS-20260813-2513-0191,RENTAL_REDEMPTION,-100,458,2026-08-13T15:30:00+08:00
3ce28429-5a9a-4b59-99a2-8dc019d96bd9,M-1537,SESS-20260813-2513-0191,RENTAL_ACCRUAL,10,468,2026-08-13T18:30:00+08:00
15577a4b-dfb6-456a-9371-4651d4da9e4a,M-1670,SESS-20260813-4072-0192,RENTAL_REDEMPTION,-100,83,2026-08-13T20:45:00+08:00
5b123551-23c5-4bfe-964c-57a297423f6a,M-1670,SESS-20260813-4072-0192,RENTAL_ACCRUAL,10,93,2026-08-13T23:45:00+08:00
d192ff26-a778-4e21-a196-c20e72380e1f,M-1131,SESS-20260813-8154-0193,RENTAL_ACCRUAL,5,68,2026-08-14T00:35:00+08:00
b9826095-0c56-4055-8e79-8fbb42b3a2bb,M-1823,SESS-20260813-1951-0194,RENTAL_REDEMPTION,-100,510,2026-08-13T18:00:00+08:00
1944bc5f-55ed-42a3-97d5-fc36b9d690c3,M-1823,SESS-20260813-1951-0194,RENTAL_ACCRUAL,5,515,2026-08-13T20:00:00+08:00
7c7c3916-c37d-474b-9cf2-d5eb114cb5c5,M-2189,SESS-20260813-9661-0195,RENTAL_ACCRUAL,40,233,2026-08-14T07:20:00+08:00
d938b108-bfb8-43bd-887c-d4a81af548fc,M-1795,SESS-20260813-9206-0196,RENTAL_ACCRUAL,16,265,2026-08-13T23:15:00+08:00
cf76e9a7-d054-4ab1-9eef-efa2b86b2305,M-1187,SESS-20260813-3055-0197,RENTAL_ACCRUAL,11,433,2026-08-13T22:30:00+08:00
a6289837-4a8e-4a8d-997b-ade0d6a45ab2,M-1730,SESS-20260813-7271-0198,RENTAL_REDEMPTION,-100,70,2026-08-13T19:00:00+08:00
0d328138-32ec-4048-bcd8-0fa25c4991d7,M-1730,SESS-20260813-7271-0198,RENTAL_ACCRUAL,21,91,2026-08-14T00:00:00+08:00
e78d270c-bf85-4bb6-8b33-9d2659715f5a,M-1805,SESS-20260813-5111-0199,RENTAL_ACCRUAL,9,377,2026-08-13T18:45:00+08:00
12c99a37-7a6c-41b9-adb5-d9a45e872008,M-2023,SESS-20260813-9545-0200,RENTAL_ACCRUAL,18,506,2026-08-13T22:00:00+08:00
0a2b530f-27c2-4787-b728-ea6ee8a92b5d,M-1928,SESS-20260813-4241-0201,RENTAL_ACCRUAL,9,106,2026-08-13T12:15:00+08:00
2712aef4-e67c-4d7d-b7e6-205370aaa48c,M-1570,SESS-20260813-5828-0202,RENTAL_ACCRUAL,12,730,2026-08-13T13:15:00+08:00
b58d7133-b27b-48b9-911f-2c03f7a9d13f,M-1965,SESS-20260813-6997-0203,RENTAL_ACCRUAL,5,202,2026-08-14T00:20:00+08:00
2ceb3ca6-5250-4620-b876-c5957375a6ee,M-1071,SESS-20260813-2595-0204,RENTAL_ACCRUAL,5,195,2026-08-13T22:15:00+08:00
ce0b4782-00b1-4829-b76f-0c8bf0cca90b,M-2179,SESS-20260813-4617-0205,RENTAL_ACCRUAL,8,31,2026-08-13T11:20:00+08:00
c10b785a-4112-4591-9c2d-aff11d908cde,M-1963,SESS-20260813-1982-0206,RENTAL_REDEMPTION,-100,30,2026-08-13T20:55:00+08:00
352ca7ad-f124-4a3c-b899-dc926fbba700,M-1963,SESS-20260813-1982-0206,RENTAL_ACCRUAL,11,41,2026-08-13T22:55:00+08:00
edc849c0-ed4c-4e7d-993e-b11551a7ab29,M-2051,SESS-20260813-3758-0207,RENTAL_ACCRUAL,60,280,2026-08-13T14:30:00+08:00
3ec1aacd-fafd-4b08-9889-3e8a2a342969,M-2035,SESS-20260813-6327-0208,RENTAL_ACCRUAL,16,275,2026-08-14T00:45:00+08:00
ba149b31-e3da-4e0a-a05b-417a44c18066,M-1997,SESS-20260813-7738-0209,RENTAL_ACCRUAL,10,212,2026-08-13T20:00:00+08:00
1a388498-13c0-4f1a-a600-6a8a06acd422,M-1647,SESS-20260813-7547-0210,RENTAL_ACCRUAL,76,1054,2026-08-14T05:15:00+08:00
e4cdcf65-0f1f-4d08-8a57-befd8c7b77a6,M-1685,SESS-20260813-8409-0211,RENTAL_ACCRUAL,9,251,2026-08-13T17:00:00+08:00
04bf0d5d-2a6f-4e9e-9946-380d24644c8b,M-1044,SESS-20260813-4791-0212,RENTAL_ACCRUAL,18,553,2026-08-13T21:45:00+08:00
9416018a-c838-4198-806d-7092901a098e,M-2011,SESS-20260813-9742-0213,RENTAL_ACCRUAL,5,91,2026-08-13T20:30:00+08:00
6227638e-a252-4ee7-bcf2-f3a6647cc457,M-1402,SESS-20260813-6721-0214,RENTAL_REDEMPTION,-100,45,2026-08-13T18:45:00+08:00
3451341f-80be-4bb5-a170-a56160851bf0,M-1402,SESS-20260813-6721-0214,RENTAL_ACCRUAL,20,65,2026-08-13T21:45:00+08:00
c2a522fc-3eb6-4684-8c00-904bcd25d9c9,M-2055,SESS-20260813-2731-0215,RENTAL_ACCRUAL,5,291,2026-08-13T21:30:00+08:00
35ba6cea-a9d1-4eed-9d80-de09b07a5dc4,M-1726,SESS-20260813-6977-0216,RENTAL_ACCRUAL,5,304,2026-08-13T22:45:00+08:00
7ddd74b5-8227-4069-99a3-9a68f69d05a7,M-1205,SESS-20260813-6287-0217,RENTAL_ACCRUAL,28,1051,2026-08-14T02:40:00+08:00
938e6b1f-77de-43d2-b800-4fb36bca7098,M-1199,SESS-20260813-5727-0218,RENTAL_REDEMPTION,-100,10,2026-08-13T20:10:00+08:00
e470ec39-5a8d-492c-84e9-64891d391ac7,M-1199,SESS-20260813-5727-0218,RENTAL_ACCRUAL,5,15,2026-08-13T22:10:00+08:00
f1a1e853-a5c6-4675-a3e4-c100a0f7879b,M-1212,SESS-20260813-9313-0219,RENTAL_ACCRUAL,11,312,2026-08-13T23:45:00+08:00
fcfe8a5c-576b-4077-a074-4a537bea889d,M-1739,SESS-20260813-6282-0220,RENTAL_REDEMPTION,-100,19,2026-08-13T21:20:00+08:00
35850de1-2803-4b21-88d9-014c8c7072f2,M-1739,SESS-20260813-6282-0220,RENTAL_ACCRUAL,11,30,2026-08-13T23:20:00+08:00
a8775302-455d-4035-b204-e5da46f0032a,M-1420,SESS-20260813-7709-0221,RENTAL_REDEMPTION,-100,343,2026-08-13T18:15:00+08:00
54f9a943-6a7f-447f-b087-f34dc8f577c4,M-1420,SESS-20260813-7709-0221,RENTAL_ACCRUAL,61,404,2026-08-13T23:15:00+08:00
540758aa-0b82-4867-b811-29121e7414a0,M-1420,TIER_UPGRADE_Silver_TO_Gold,TIER_BONUS,100,504,2026-08-13T23:15:00+08:00
9eb5415f-c183-4789-9c80-ec7bb4fa2b81,M-1042,SESS-20260813-3447-0222,RENTAL_REDEMPTION,-100,279,2026-08-13T16:15:00+08:00
56376f4a-024c-4cfb-8b58-c2dd3bd77e02,M-1042,SESS-20260813-3447-0222,RENTAL_ACCRUAL,65,344,2026-08-14T00:15:00+08:00
a781cee2-9a09-4dc5-9964-8f9fa74b6714,M-1292,SESS-20260813-3419-0223,RENTAL_ACCRUAL,12,443,2026-08-14T01:10:00+08:00
45efeaa5-0c06-4f52-85cc-5bc7ef99ea82,M-2191,SESS-20260813-5557-0224,RENTAL_ACCRUAL,28,463,2026-08-13T13:15:00+08:00
a6ac4b84-b584-4e33-a549-fe73922a8064,M-1411,SESS-20260813-4683-0225,RENTAL_REDEMPTION,-200,648,2026-08-13T05:45:00+08:00
2f305e13-742a-4dda-8bc1-2fb71ddc22b6,M-1411,SESS-20260813-4683-0225,RENTAL_ACCRUAL,15,663,2026-08-13T10:45:00+08:00
48782961-3988-4c66-9e7e-b418b7610fa9,M-1135,SESS-20260813-3539-0226,RENTAL_ACCRUAL,18,182,2026-08-13T20:50:00+08:00
6d13ca1d-aaba-488f-afbf-3f55556571da,M-1098,SESS-20260813-6718-0227,RENTAL_ACCRUAL,12,485,2026-08-14T00:20:00+08:00
eeb42bc4-b331-4699-b4e4-b3f78d7c9b77,M-1419,SESS-20260813-5266-0228,RENTAL_ACCRUAL,45,369,2026-08-13T23:30:00+08:00
4b05f23d-068a-4057-b855-d7d1fcfef63e,M-1045,SESS-20260813-7361-0229,RENTAL_REDEMPTION,-100,70,2026-08-13T23:50:00+08:00
bfe85bd7-d3d3-4aa7-b404-c4a7102307ca,M-1045,SESS-20260813-7361-0229,RENTAL_ACCRUAL,5,75,2026-08-14T01:50:00+08:00
9bf31faa-6c86-45dd-b541-d639dd6c46be,M-1755,SESS-20260813-7520-0230,RENTAL_ACCRUAL,16,137,2026-08-13T22:45:00+08:00
a9a133df-d84e-4803-b093-92af2139e010,M-1955,SESS-20260813-4507-0231,RENTAL_ACCRUAL,10,78,2026-08-13T23:45:00+08:00
c3df0db1-e4ca-4073-8bdb-72622dc18575,M-1446,SESS-20260813-6177-0232,RENTAL_ACCRUAL,16,164,2026-08-13T19:55:00+08:00
89150016-6ac6-4a7f-984d-26ec0485f59d,M-1333,SESS-20260813-9137-0233,RENTAL_ACCRUAL,27,167,2026-08-13T15:45:00+08:00
998e9ee6-5226-4ec9-aa95-64280cc6fe3f,M-1515,SESS-20260813-3415-0234,RENTAL_ACCRUAL,9,207,2026-08-13T12:30:00+08:00
22c5ed9f-18ea-4b3e-8f73-085b60f03b20,M-1220,SESS-20260813-2480-0235,RENTAL_ACCRUAL,76,1886,2026-08-14T07:30:00+08:00
20dfd0a0-5f2b-40b8-b936-93a7c40d0caf,M-2039,SESS-20260813-6844-0236,RENTAL_ACCRUAL,15,102,2026-08-13T21:15:00+08:00
0262a8b3-1dde-4cae-91a7-1a1dc5f45f61,M-2083,SESS-20260813-3817-0237,RENTAL_REDEMPTION,-100,11,2026-08-13T22:50:00+08:00
c3e53c75-c56e-4fa5-a9aa-8072f220e0e0,M-2083,SESS-20260813-3817-0237,RENTAL_ACCRUAL,10,21,2026-08-14T01:50:00+08:00
e3d13393-219e-4070-addb-7ba5d9c96f46,M-1113,SESS-20260813-5368-0238,RENTAL_ACCRUAL,40,929,2026-08-14T02:50:00+08:00
0ed03125-1fb4-456c-bab0-7586809cec4d,M-1511,SESS-20260813-3284-0239,RENTAL_ACCRUAL,19,350,2026-08-13T22:30:00+08:00
470ea0b1-8f65-45dc-b4d9-c626d8434445,M-2148,SESS-20260813-9331-0240,RENTAL_ACCRUAL,8,237,2026-08-14T00:50:00+08:00
bbe061e2-9159-4810-bfb3-9c31e852fe88,M-2064,SESS-20260813-8002-0241,RENTAL_ACCRUAL,11,131,2026-08-13T12:15:00+08:00
f77b1c20-76c0-400b-aebb-3ac3493eca07,M-1218,SESS-20260813-9822-0242,RENTAL_ACCRUAL,11,164,2026-08-13T22:15:00+08:00
9e2a1f4b-f9cc-49aa-be9e-fa415d07b2c9,M-2084,SESS-20260813-5137-0243,RENTAL_ACCRUAL,28,333,2026-08-13T22:15:00+08:00
7a0065ba-5686-4b2c-a465-af177d17f57b,M-1946,SESS-20260813-6982-0244,RENTAL_ACCRUAL,5,102,2026-08-13T22:00:00+08:00
4d5277d2-8403-4167-aeec-ddb21a60d5df,M-1710,SESS-20260813-1075-0245,RENTAL_ACCRUAL,40,391,2026-08-13T11:00:00+08:00
8ec0ec9a-8793-4346-899b-06647478e5a5,M-1132,SESS-20260813-7990-0246,RENTAL_ACCRUAL,30,993,2026-08-14T03:15:00+08:00
a2907152-0092-4f92-8e48-ed9eae004352,M-1070,SESS-20260813-9501-0247,RENTAL_ACCRUAL,5,42,2026-08-13T16:45:00+08:00
934322a8-466b-40b5-af11-42834c5ba733,M-1059,SESS-20260813-7011-0248,RENTAL_ACCRUAL,18,109,2026-08-14T01:20:00+08:00
ce5fb8aa-168e-4366-bbac-39ef961c500b,M-1229,SESS-20260813-5672-0249,RENTAL_REDEMPTION,-100,70,2026-08-13T22:20:00+08:00
b1b5b5a9-2f45-40d2-a95e-b9a1af8bc7b3,M-1229,SESS-20260813-5672-0249,RENTAL_ACCRUAL,38,108,2026-08-14T06:20:00+08:00
b6c17ff1-0223-49fd-81ba-3a4a9b544e6f,M-1020,SESS-20260813-4062-0250,RENTAL_ACCRUAL,16,236,2026-08-13T12:45:00+08:00
097d8b8f-078c-4d4e-8a80-9525612bb087,M-1547,SESS-20260813-8989-0251,RENTAL_ACCRUAL,9,516,2026-08-13T08:15:00+08:00
a0c4981f-d660-4969-a20a-8e658f0baeee,M-2175,SESS-20260813-5555-0252,RENTAL_ACCRUAL,72,372,2026-08-13T23:00:00+08:00
2770c02d-b686-4030-a2d3-5d416a455950,M-1096,SESS-20260813-7581-0253,RENTAL_ACCRUAL,27,219,2026-08-14T02:05:00+08:00
6c17e0ca-6f4f-4fe3-8616-db3b2670679c,M-1016,SESS-20260813-8690-0254,RENTAL_ACCRUAL,27,278,2026-08-13T19:45:00+08:00
95929503-6b6e-4b86-9690-d7b14d04d18b,M-1061,SESS-20260813-7318-0255,RENTAL_ACCRUAL,16,271,2026-08-14T00:25:00+08:00
3a80e669-fd3c-470d-8283-a5dec382c75c,M-1478,SESS-20260813-3700-0256,RENTAL_ACCRUAL,27,192,2026-08-13T21:05:00+08:00
b7e97376-1e80-407d-aea5-b08e1b51079d,M-1910,SESS-20260813-6730-0257,RENTAL_ACCRUAL,5,54,2026-08-13T21:45:00+08:00
4dfd0a1c-d4b8-4631-ab9d-8d8f73115791,M-1261,SESS-20260813-9002-0258,RENTAL_REDEMPTION,-200,244,2026-08-13T23:45:00+08:00
63d71be8-fed8-4b07-8dcb-82385a8f8863,M-1261,SESS-20260813-9002-0258,RENTAL_ACCRUAL,32,276,2026-08-14T04:45:00+08:00
611bbe74-0463-4603-8b47-1dea2b2b635d,M-1371,SESS-20260813-7362-0259,RENTAL_ACCRUAL,11,480,2026-08-13T21:00:00+08:00
7e455217-486c-4887-b90c-e2e48e6d05ae,M-1515,SESS-20260813-2171-0260,RENTAL_ACCRUAL,9,216,2026-08-13T21:00:00+08:00
d37b485c-4dbe-40c2-a080-99d4e528008c,M-1724,SESS-20260813-7817-0261,RENTAL_REDEMPTION,-100,83,2026-08-13T21:20:00+08:00
ef77a1e1-e7c8-410e-bcbc-4c9683633cd0,M-1724,SESS-20260813-7817-0261,RENTAL_ACCRUAL,61,144,2026-08-14T02:20:00+08:00
7e7491ed-130b-45c9-b261-6a46f4f13b14,M-2192,SESS-20260813-6446-0262,RENTAL_ACCRUAL,15,284,2026-08-14T01:05:00+08:00
63b7dc52-7494-4697-bd15-9bcb1d41eca5,M-1583,SESS-20260813-6260-0263,RENTAL_ACCRUAL,11,288,2026-08-14T00:30:00+08:00
b09f6199-7814-4220-b26e-c9409143e736,M-1801,SESS-20260813-5439-0264,RENTAL_REDEMPTION,-200,86,2026-08-13T18:30:00+08:00
4f3d4e34-3c80-4d0f-a284-d5535281522c,M-1801,SESS-20260813-5439-0264,RENTAL_ACCRUAL,14,100,2026-08-13T21:30:00+08:00
0e49bb9d-b3fe-4bb1-858b-f623e3fd3e31,M-1792,SESS-20260813-3253-0265,RENTAL_ACCRUAL,43,1942,2026-08-13T23:45:00+08:00
ec3ab957-2d13-4267-9511-b44a1890520d,M-1026,SESS-20260813-2378-0266,RENTAL_REDEMPTION,-100,1549,2026-08-13T19:25:00+08:00
86581531-0560-4572-afd9-3bc8f7707ca6,M-1026,SESS-20260813-2378-0266,RENTAL_ACCRUAL,10,1559,2026-08-13T22:25:00+08:00
4ce531ca-178e-44f0-9248-928b4f1a5e85,M-1379,SESS-20260813-1888-0267,RENTAL_ACCRUAL,11,497,2026-08-13T21:30:00+08:00
3a8f9b2b-e34b-4f30-a973-ab4376afacd0,M-1242,SESS-20260813-7994-0268,RENTAL_ACCRUAL,11,469,2026-08-14T00:55:00+08:00
1046e024-4dc4-4f2f-a4f2-cef0f5154dfc,M-1117,SESS-20260813-1199-0269,RENTAL_REDEMPTION,-200,162,2026-08-13T16:00:00+08:00
1e8dc7de-528d-4b4e-9105-22139eb86d53,M-1117,SESS-20260813-1199-0269,RENTAL_ACCRUAL,14,176,2026-08-13T19:00:00+08:00
bca5f57d-9f8b-4edc-8285-e4d567b10085,M-1815,SESS-20260813-8255-0270,RENTAL_REDEMPTION,-100,62,2026-08-13T23:45:00+08:00
61e3f94f-7f8d-43e5-91cb-3f0c6ce0871b,M-1815,SESS-20260813-8255-0270,RENTAL_ACCRUAL,10,72,2026-08-14T02:45:00+08:00
88286505-0d8d-42e1-812a-84ef70fce57a,M-1015,SESS-20260813-4750-0271,RENTAL_ACCRUAL,16,679,2026-08-13T19:40:00+08:00
b61d7814-c28f-4370-a5d0-4807f20a949c,M-1382,SESS-20260813-1813-0272,RENTAL_ACCRUAL,67,417,2026-08-14T00:50:00+08:00
46a5c22b-dbbb-4a8f-aacc-3a911a719948,M-1643,SESS-20260813-7673-0273,RENTAL_REDEMPTION,-100,296,2026-08-13T16:45:00+08:00
6b4b7166-2a6a-4667-b8e8-2dd24af1d741,M-1643,SESS-20260813-7673-0273,RENTAL_ACCRUAL,5,301,2026-08-13T18:45:00+08:00
e28f35e5-d9f4-4b83-a6e0-d0452491e85f,M-1871,SESS-20260813-3341-0274,RENTAL_ACCRUAL,12,34,2026-08-13T23:15:00+08:00
ecda817c-d3f5-4626-97f3-6b00f714c408,M-1009,SESS-20260813-1277-0275,RENTAL_ACCRUAL,13,60,2026-08-13T17:30:00+08:00
54971565-ac89-4ab9-b377-7d35b2b2c277,M-1585,SESS-20260813-4505-0276,RENTAL_ACCRUAL,6,458,2026-08-13T12:15:00+08:00
08a9ab40-ff8d-4f2e-9503-31f90683c4db,M-1397,SESS-20260813-1260-0277,RENTAL_ACCRUAL,30,698,2026-08-14T02:15:00+08:00
15aec0e0-354b-439a-90ca-193464d44edd,M-1924,SESS-20260813-7736-0278,RENTAL_ACCRUAL,5,135,2026-08-13T22:45:00+08:00
3d85e835-8071-40cb-8341-0ed62fcf5ecf,M-1366,SESS-20260813-1443-0279,RENTAL_ACCRUAL,40,542,2026-08-14T02:55:00+08:00
eaf6c004-5fba-447f-a38f-6cb4d5e4b00f,M-1757,SESS-20260813-6273-0280,RENTAL_ACCRUAL,16,262,2026-08-14T00:00:00+08:00
11524a3a-aeca-4af4-b82b-47c1f2bb7420,M-1881,SESS-20260813-1151-0281,RENTAL_ACCRUAL,25,94,2026-08-14T03:25:00+08:00
2b9228e9-92d7-47c7-a0f2-23813e24534d,M-1389,SESS-20260813-4572-0282,RENTAL_ACCRUAL,43,310,2026-08-14T02:20:00+08:00
c21d62fe-604c-4d37-9ad0-c0c13d40b37e,M-1660,SESS-20260813-5813-0283,RENTAL_ACCRUAL,11,483,2026-08-13T23:40:00+08:00
5a1b5805-1842-40a1-8d66-381e97b72a4a,M-1894,SESS-20260813-4229-0284,RENTAL_ACCRUAL,25,105,2026-08-14T04:25:00+08:00
ba7e3ce7-6a2a-42d0-a584-6d731cc553f7,M-1038,SESS-20260813-7057-0285,RENTAL_REDEMPTION,-200,8,2026-08-13T21:15:00+08:00
d4b78e10-bd6c-4f42-8f4e-a004bca7f9dc,M-1038,SESS-20260813-7057-0285,RENTAL_ACCRUAL,4,12,2026-08-14T00:15:00+08:00
d6ec6838-6bf8-4a42-9ee8-adc596763027,M-1201,SESS-20260813-6151-0286,RENTAL_ACCRUAL,9,539,2026-08-13T22:20:00+08:00
1db689cb-8a9b-48f0-8ef7-d102c55c09c1,M-1738,SESS-20260813-8190-0287,RENTAL_ACCRUAL,27,68,2026-08-13T22:15:00+08:00
7477357b-11ef-45d9-88d7-8044b00abff2,M-1147,SESS-20260813-6032-0288,RENTAL_REDEMPTION,-100,646,2026-08-13T06:30:00+08:00
0fb0f108-5a8b-4345-bf8c-f7d2c657340f,M-1147,SESS-20260813-6032-0288,RENTAL_ACCRUAL,5,651,2026-08-13T08:30:00+08:00
c7644cf3-8a16-498c-bdcd-066145f1ae62,M-1293,SESS-20260813-6904-0289,RENTAL_ACCRUAL,11,108,2026-08-14T00:30:00+08:00
d91c203b-dd47-4ecd-b1d1-939997edd2f7,M-1489,SESS-20260813-4946-0290,RENTAL_ACCRUAL,16,582,2026-08-14T02:00:00+08:00
c77654d5-5204-49f3-be3a-672791aeb161,M-1983,SESS-20260813-8702-0291,RENTAL_ACCRUAL,16,219,2026-08-14T01:40:00+08:00
a2d0626d-b164-4b51-b36e-c69ff53e8b95,M-1074,SESS-20260813-4789-0292,RENTAL_ACCRUAL,27,232,2026-08-13T19:00:00+08:00
a1969778-b40f-450f-9972-da5dc5a2bb00,M-1993,SESS-20260813-9869-0293,RENTAL_REDEMPTION,-100,105,2026-08-13T19:10:00+08:00
7cbe1d29-53a9-4257-893b-b1b368fd1e2e,M-1993,SESS-20260813-9869-0293,RENTAL_ACCRUAL,2,107,2026-08-13T20:10:00+08:00
aca201c4-ed9c-4c98-9966-acd28bf4a5ff,M-2003,SESS-20260813-9855-0294,RENTAL_ACCRUAL,15,183,2026-08-13T23:45:00+08:00
b6c92ca7-2245-42ea-9294-b05048d5bee5,M-1222,SESS-20260813-3920-0295,RENTAL_ACCRUAL,13,678,2026-08-13T19:15:00+08:00
777a46d9-7c5f-4314-96ce-a679f7354d9f,M-2024,SESS-20260813-6942-0296,RENTAL_ACCRUAL,24,99,2026-08-14T02:40:00+08:00
12b607fb-494c-4fae-a126-30e0eac7141a,M-1062,SESS-20260813-6589-0297,RENTAL_ACCRUAL,45,402,2026-08-13T16:30:00+08:00
d445806b-9dd9-4283-9a0f-68af831de9cc,M-1640,SESS-20260813-3285-0298,RENTAL_ACCRUAL,28,214,2026-08-14T01:30:00+08:00
003721b3-c991-49bb-b8c5-23851d5c608a,M-1971,SESS-20260813-8462-0299,RENTAL_REDEMPTION,-200,178,2026-08-13T21:00:00+08:00
9a7669f5-41ec-47c0-b127-3166623ec150,M-1971,SESS-20260813-8462-0299,RENTAL_ACCRUAL,32,210,2026-08-14T02:00:00+08:00
c0677330-3a2d-4cc4-a6b8-4b7f1bad197e,M-1949,SESS-20260813-6555-0300,RENTAL_ACCRUAL,40,165,2026-08-14T03:10:00+08:00
0ec10b37-a34f-4c74-b523-af941ddfede0,M-1949,TIER_UPGRADE_Standard_TO_Silver,TIER_BONUS,50,215,2026-08-14T03:10:00+08:00
54249360-ac7c-487e-94ea-5f720fd2896e,M-2171,SESS-20260813-2015-0301,RENTAL_ACCRUAL,25,148,2026-08-14T00:30:00+08:00
144b82fb-10a9-4012-8792-ed3837368a6d,M-1653,SESS-20260813-4665-0302,RENTAL_REDEMPTION,-200,174,2026-08-13T16:00:00+08:00
bdd5c471-751e-4d88-977c-98b2d2a4c148,M-1653,SESS-20260813-4665-0302,RENTAL_ACCRUAL,55,229,2026-08-13T21:00:00+08:00
46f09e29-bea3-42a1-8492-a9408f5cb0b8,M-2027,SESS-20260813-8131-0303,RENTAL_ACCRUAL,11,156,2026-08-13T16:30:00+08:00
222031f1-4540-4025-a539-314ea2a1ecae,M-2016,SESS-20260813-4631-0304,RENTAL_ACCRUAL,18,213,2026-08-14T00:35:00+08:00
e60c3d83-333a-46f7-a376-f61b156d1c13,M-1473,SESS-20260813-9131-0305,RENTAL_ACCRUAL,18,171,2026-08-13T23:20:00+08:00
acc4d2c2-fef4-4540-9b5b-4296a1679690,M-1386,SESS-20260813-2522-0306,RENTAL_ACCRUAL,5,479,2026-08-13T22:25:00+08:00
e0c38865-a056-4e7c-9651-d99c66fd60cc,M-1259,SESS-20260813-9215-0307,RENTAL_ACCRUAL,11,502,2026-08-13T21:45:00+08:00
6eda854c-f2b9-4616-98e6-0bb5d9e25d46,M-1973,SESS-20260813-4297-0308,RENTAL_ACCRUAL,10,103,2026-08-13T18:55:00+08:00
2a7c0f6b-bed3-4e3f-a4e8-4a8046a4d8ec,M-2065,SESS-20260813-6070-0309,RENTAL_ACCRUAL,18,308,2026-08-13T23:15:00+08:00
21085a76-6db8-4cd1-8064-a8f008bf44c4,M-1754,SESS-20260813-3882-0310,RENTAL_ACCRUAL,5,256,2026-08-14T00:45:00+08:00
f276f360-c23f-4ced-b84a-44ce735918a0,M-1188,SESS-20260813-1749-0311,RENTAL_ACCRUAL,12,303,2026-08-14T01:00:00+08:00
66c9b516-e83f-47b6-9f1c-9a3569dfff39,M-1664,SESS-20260813-5109-0312,RENTAL_ACCRUAL,12,2382,2026-08-14T00:30:00+08:00
7844cc60-5bd3-4a6a-9306-c2ed1e80dcb1,M-1684,SESS-20260813-8564-0313,RENTAL_ACCRUAL,16,715,2026-08-14T00:45:00+08:00
698f6191-bfff-463e-b194-1025ba2a30c7,M-1435,SESS-20260813-1193-0314,RENTAL_ACCRUAL,5,238,2026-08-13T22:55:00+08:00
bf842dca-f9e3-4e19-a942-62f0ead250fd,M-1420,SESS-20260813-5542-0315,RENTAL_ACCRUAL,19,523,2026-08-14T01:30:00+08:00
3bb75fae-ae31-4e08-bcc8-3ee1a80ab71b,M-1654,SESS-20260813-7884-0316,RENTAL_ACCRUAL,11,169,2026-08-14T00:45:00+08:00
8dd2567f-772a-476e-8d0a-8b414b08bab1,M-1678,SESS-20260813-9075-0317,RENTAL_REDEMPTION,-100,50,2026-08-13T21:45:00+08:00
57f8eb54-7735-4e7e-91c4-b8f6e2f270e7,M-1678,SESS-20260813-9075-0317,RENTAL_ACCRUAL,4,54,2026-08-13T23:45:00+08:00
92798688-2923-4c88-8b59-bde0daf2277a,M-1608,SESS-20260813-2208-0318,RENTAL_ACCRUAL,11,278,2026-08-14T01:45:00+08:00
a05fc43c-30cd-4186-a676-f3e9af18eb0c,M-2143,SESS-20260813-7506-0319,RENTAL_ACCRUAL,5,126,2026-08-13T22:30:00+08:00
4d737177-fa9d-486c-8729-9097406e097d,M-2078,SESS-20260813-5497-0320,RENTAL_ACCRUAL,8,65,2026-08-14T00:25:00+08:00
4dc49d22-be16-47af-b030-a3c3e5922831,M-1702,SESS-20260813-1916-0321,RENTAL_ACCRUAL,45,219,2026-08-13T16:45:00+08:00
e453588f-7634-4b1d-b010-f84892e46c8e,M-1870,SESS-20260813-7739-0322,RENTAL_ACCRUAL,72,326,2026-08-14T05:15:00+08:00
eef74fe0-8b25-4765-a0d6-cb82124c3ad3,M-1466,SESS-20260813-4642-0323,RENTAL_ACCRUAL,9,3820,2026-08-13T22:55:00+08:00
5bc500ad-990b-4363-9cf0-97688e7337cd,M-1097,SESS-20260813-2018-0324,RENTAL_ACCRUAL,67,130,2026-08-14T01:15:00+08:00
b897982f-17aa-483a-8b01-47b420f74cf5,M-1759,SESS-20260813-9978-0325,RENTAL_ACCRUAL,18,183,2026-08-14T01:05:00+08:00
f30fee18-e726-4f7a-a4a0-38df5fa5d426,M-2190,SESS-20260813-3015-0326,RENTAL_REDEMPTION,-100,2,2026-08-13T19:00:00+08:00
74e3006e-f149-427a-8293-d7b5fbf6ccd9,M-2190,SESS-20260813-3015-0326,RENTAL_ACCRUAL,2,4,2026-08-13T20:00:00+08:00
1e5d5b1e-37c4-4ae0-80b1-fa815c2dfaa0,M-1493,SESS-20260813-6889-0327,RENTAL_ACCRUAL,5,333,2026-08-13T23:15:00+08:00
2648bbf0-97af-4ed5-af49-42862a36384f,M-1108,SESS-20260813-7838-0328,RENTAL_ACCRUAL,19,95,2026-08-14T00:45:00+08:00
7f410592-8eaf-4701-ba6c-25718032a17a,M-1652,SESS-20260813-2180-0329,RENTAL_ACCRUAL,16,339,2026-08-13T22:30:00+08:00
e20175e7-714b-4b84-b772-ebfb544ee2ef,M-1387,SESS-20260813-6502-0330,RENTAL_ACCRUAL,11,202,2026-08-14T01:10:00+08:00
d1b5199c-d8f7-44e6-a038-6a441b87f4f2,M-1385,SESS-20260813-9731-0331,RENTAL_ACCRUAL,18,314,2026-08-13T23:30:00+08:00
cd530852-9040-492d-85c9-83aafe462e02,M-1198,SESS-20260813-2522-0332,RENTAL_REDEMPTION,-100,2122,2026-08-13T23:00:00+08:00
2e59044a-89a5-48c7-9ebe-95f87325b7dc,M-1198,SESS-20260813-2522-0332,RENTAL_ACCRUAL,2,2124,2026-08-14T00:00:00+08:00
148e19a5-7edb-4d92-bd22-64b93c38250e,M-1706,SESS-20260813-6758-0333,RENTAL_REDEMPTION,-100,728,2026-08-13T23:50:00+08:00
ba805fb9-367d-4be9-9d17-91d291cd13ec,M-1706,SESS-20260813-6758-0333,RENTAL_ACCRUAL,10,738,2026-08-14T02:50:00+08:00
6b117bbe-c431-45f3-873f-9c3ecdd2c27a,M-1033,SESS-20260813-4270-0334,RENTAL_REDEMPTION,-200,319,2026-08-13T20:15:00+08:00
ea641866-deea-4d0c-9f25-ff5c36153c77,M-1033,SESS-20260813-4270-0334,RENTAL_ACCRUAL,5,324,2026-08-13T22:15:00+08:00
0d6a0cfd-0e36-4952-a4d8-5f2e59908429,M-1021,SESS-20260813-7426-0335,RENTAL_ACCRUAL,72,589,2026-08-13T18:30:00+08:00
6dbe7431-d613-4f93-bcd6-be097ae2e13e,M-1685,SESS-20260813-7632-0336,RENTAL_ACCRUAL,12,263,2026-08-14T00:00:00+08:00
4899c9b7-989a-4716-8a0e-4670d2ca15d4,M-1295,SESS-20260813-2245-0337,RENTAL_REDEMPTION,-100,237,2026-08-13T16:35:00+08:00
5526d7e3-9338-46b5-9e0f-69645af70bf6,M-1295,SESS-20260813-2245-0337,RENTAL_ACCRUAL,11,248,2026-08-13T18:35:00+08:00
0aeee4fa-a091-4200-b932-55cd1ace42c5,M-1350,SESS-20260813-4563-0338,RENTAL_ACCRUAL,28,583,2026-08-13T20:00:00+08:00
fc624102-c135-4a78-a648-689439bc0bf9,M-2021,SESS-20260813-7712-0339,RENTAL_ACCRUAL,16,78,2026-08-14T00:30:00+08:00
9ff738d4-2187-48b8-ba4f-050d6756e0aa,M-1896,SESS-20260813-6056-0340,RENTAL_ACCRUAL,27,360,2026-08-13T18:45:00+08:00
d782fd18-02bd-4370-8a7a-438426a41dc3,M-2160,SESS-20260813-6585-0341,RENTAL_ACCRUAL,25,206,2026-08-14T01:05:00+08:00
f1973d36-8074-4fae-85e0-1b466219165a,M-1460,SESS-20260813-4321-0342,RENTAL_REDEMPTION,-100,5,2026-08-13T23:30:00+08:00
adf10067-c756-46bf-90d6-df2471f06f00,M-1460,SESS-20260813-4321-0342,RENTAL_ACCRUAL,2,7,2026-08-14T00:30:00+08:00
e7a7b899-01b3-4b47-99b7-1ec7c50d7a8d,M-1614,SESS-20260813-5495-0343,RENTAL_ACCRUAL,11,297,2026-08-13T03:30:00+08:00
86b4e2f1-b282-4698-8a34-e2f392249fbd,M-1575,SESS-20260813-9290-0344,RENTAL_ACCRUAL,5,81,2026-08-13T23:45:00+08:00
75ceb29e-9965-491b-b7f6-55ffb70b0aeb,M-1336,SESS-20260813-6363-0345,RENTAL_ACCRUAL,12,553,2026-08-13T18:40:00+08:00
e9362de4-23a3-4c18-a215-ae76b5fb1258,M-1740,SESS-20260813-3384-0346,RENTAL_ACCRUAL,6,1802,2026-08-14T00:55:00+08:00
992b7fbd-d39c-46e7-bc54-94ea00144f03,M-2038,SESS-20260813-9003-0347,RENTAL_ACCRUAL,108,354,2026-08-14T05:05:00+08:00
12665689-07d6-4fe0-a05c-21c75956726d,M-1689,SESS-20260813-5233-0348,RENTAL_REDEMPTION,-100,438,2026-08-13T13:15:00+08:00
a78cc792-3068-430b-9b4f-212f47c56b4d,M-1689,SESS-20260813-5233-0348,RENTAL_ACCRUAL,5,443,2026-08-13T15:15:00+08:00
5f93a1b0-b0d0-4d0c-a2e7-8feb55111a3a,M-2152,SESS-20260813-4642-0349,RENTAL_ACCRUAL,25,164,2026-08-14T00:30:00+08:00
473707ab-f7db-4e69-bbf5-8ebb108d6ede,M-1547,SESS-20260813-1127-0350,RENTAL_ACCRUAL,11,527,2026-08-13T23:30:00+08:00
55a36a0d-fb76-4d9d-9139-26077d1441b5,M-1715,SESS-20260813-9766-0351,RENTAL_ACCRUAL,11,409,2026-08-13T20:45:00+08:00
0baffe8c-c174-4860-b7ca-a72c41961045,M-2002,SESS-20260813-4089-0352,RENTAL_REDEMPTION,-200,188,2026-08-13T22:25:00+08:00
7e716cc2-80c0-4a37-a845-faa7a1523887,M-2002,SESS-20260813-4089-0352,RENTAL_ACCRUAL,14,202,2026-08-14T01:25:00+08:00
2ee42abb-1525-4237-a108-1db1076ee75d,M-1058,SESS-20260813-9603-0353,RENTAL_ACCRUAL,16,382,2026-08-13T20:30:00+08:00
34fdaccf-63c6-4394-b553-c70b72271878,M-1023,SESS-20260813-7217-0354,RENTAL_ACCRUAL,16,288,2026-08-13T21:50:00+08:00
88cd62f0-a643-4a9b-9d44-aea7a20cd441,M-1055,SESS-20260813-5486-0355,RENTAL_ACCRUAL,28,519,2026-08-14T04:15:00+08:00
d7659e20-1fd0-4740-b820-6b754534a595,M-1547,SESS-20260813-5911-0356,RENTAL_ACCRUAL,11,538,2026-08-14T01:40:00+08:00
f2716cf2-5123-47e8-8a68-69801fad7f6c,M-1816,SESS-20260813-2011-0357,RENTAL_ACCRUAL,28,134,2026-08-14T02:15:00+08:00
aaa39094-9a89-489b-ba27-37971bad43fe,M-1577,SESS-20260813-6795-0358,RENTAL_REDEMPTION,-100,64,2026-08-13T20:00:00+08:00
b0db93ed-a3c7-4632-991c-384fb4b4b1ed,M-1577,SESS-20260813-6795-0358,RENTAL_ACCRUAL,11,75,2026-08-13T22:00:00+08:00
3a74885b-d70a-4db2-9d7c-2877110a859c,M-1007,SESS-20260813-1614-0359,RENTAL_ACCRUAL,30,586,2026-08-13T22:30:00+08:00
46e31a87-fc93-454b-9f5c-3415caf17d8f,M-1811,SESS-20260813-3082-0360,RENTAL_ACCRUAL,11,126,2026-08-14T01:25:00+08:00
a44d8e0d-e6fa-4468-934d-2bea33e7d081,M-1051,SESS-20260813-7928-0361,RENTAL_ACCRUAL,18,297,2026-08-13T21:30:00+08:00
7dd9312d-75a5-4945-9d02-8699e4c0e08d,M-1239,SESS-20260813-7956-0362,RENTAL_ACCRUAL,27,219,2026-08-14T01:25:00+08:00
131894d4-64bf-466f-a59d-6e3eb0f0c825,M-1958,SESS-20260813-5207-0363,RENTAL_ACCRUAL,24,174,2026-08-13T22:45:00+08:00
1ab80c2f-656f-4934-af97-fa8a1ed32bb7,M-1359,SESS-20260813-2888-0364,RENTAL_ACCRUAL,48,1362,2026-08-14T00:00:00+08:00
09150ad0-68d7-4fc4-b55a-9080b2019c92,M-2073,SESS-20260813-8693-0365,RENTAL_ACCRUAL,16,139,2026-08-13T22:55:00+08:00
6d92123d-ca78-4ffe-a5c8-bd2fbda781e8,M-1467,SESS-20260813-2081-0366,RENTAL_ACCRUAL,27,204,2026-08-14T02:05:00+08:00
92e1f5a8-44ea-4732-bc28-7628aa420626,M-1485,SESS-20260813-7829-0367,RENTAL_ACCRUAL,16,66,2026-08-14T02:55:00+08:00
8574ad40-fdc0-4beb-b8d1-87e0d7e379e8,M-1650,SESS-20260813-7832-0368,RENTAL_REDEMPTION,-100,20,2026-08-13T19:40:00+08:00
c5215fb5-779d-4d0b-801d-6f8dda19aadb,M-1650,SESS-20260813-7832-0368,RENTAL_ACCRUAL,11,31,2026-08-13T21:40:00+08:00
5d8dcdfb-2920-4f06-a6de-c94cd4b467ee,M-1668,SESS-20260813-5691-0369,RENTAL_ACCRUAL,11,161,2026-08-13T21:30:00+08:00
047647d6-2fad-412f-9ed4-dbcbc118de15,M-1287,SESS-20260813-1329-0370,RENTAL_REDEMPTION,-100,198,2026-08-13T20:15:00+08:00
93e02bd9-7abb-40a6-9f27-7cf867aa906c,M-1287,SESS-20260813-1329-0370,RENTAL_ACCRUAL,20,218,2026-08-13T22:15:00+08:00
d0d3d4fe-4bd1-4ca3-b23e-29024af7cdd1,M-2030,SESS-20260813-4677-0371,RENTAL_ACCRUAL,5,21,2026-08-13T23:35:00+08:00
b8e6cc23-6865-44d7-9ba4-9ea7390c4045,M-1329,SESS-20260813-4184-0372,RENTAL_ACCRUAL,11,759,2026-08-14T01:55:00+08:00
455999ff-b918-460d-8b29-61790daa7b89,M-2132,SESS-20260813-2957-0373,RENTAL_ACCRUAL,16,106,2026-08-14T00:30:00+08:00
1d27bd8a-6781-4c91-ab2f-2d6c5334ec31,M-1273,SESS-20260813-7764-0374,RENTAL_ACCRUAL,9,669,2026-08-13T22:00:00+08:00
867da760-e41a-4bb5-bdf2-292efb0c8ff8,M-1130,SESS-20260813-4053-0375,RENTAL_ACCRUAL,9,343,2026-08-13T23:10:00+08:00
8a59a870-ff1b-477e-99b6-7ba6a3bef28a,M-1175,SESS-20260813-4003-0376,RENTAL_ACCRUAL,9,363,2026-08-13T19:40:00+08:00
dc6e49b5-5b0a-45d2-abef-4f9dc8223e60,M-1702,SESS-20260813-4113-0377,RENTAL_ACCRUAL,13,232,2026-08-13T23:45:00+08:00
955ac179-89a4-43cb-9f5b-9712046d1b32,M-1265,SESS-20260813-7851-0378,RENTAL_REDEMPTION,-300,144,2026-08-13T21:55:00+08:00
c566bb85-275e-43f5-a080-4f4527d079e4,M-1265,SESS-20260813-7851-0378,RENTAL_ACCRUAL,26,170,2026-08-14T05:55:00+08:00
141ca2f4-dccb-4495-9f03-4849c3061b69,M-2177,SESS-20260813-7629-0379,RENTAL_ACCRUAL,15,84,2026-08-13T16:15:00+08:00
32127007-e151-4ea7-a886-bfe5ead7d108,M-1738,SESS-20260813-4961-0380,RENTAL_ACCRUAL,27,95,2026-08-14T00:25:00+08:00
bd51325b-3574-49bc-ab25-92ce50a874fa,M-1540,SESS-20260813-7283-0381,RENTAL_ACCRUAL,28,165,2026-08-14T01:10:00+08:00
fd46d1a6-bb87-42c6-9fa6-c938fb03e4b7,M-1481,SESS-20260813-7013-0382,RENTAL_ACCRUAL,28,198,2026-08-13T23:50:00+08:00
dc55356f-e82d-4da9-91ab-4b7a26e8e5ca,M-1722,SESS-20260813-3064-0383,RENTAL_ACCRUAL,28,837,2026-08-14T01:35:00+08:00
e0442bdc-6abe-49bc-8fa3-f2f60ec803dc,M-1722,TIER_UPGRADE_Silver_TO_Gold,TIER_BONUS,100,937,2026-08-14T01:35:00+08:00
fa9ec150-e761-4677-8d06-e4726b6e2eae,M-2166,SESS-20260813-8462-0384,RENTAL_ACCRUAL,16,109,2026-08-14T00:30:00+08:00
660ee624-21e0-4f9a-9669-442e347692f3,M-1484,SESS-20260813-5964-0385,RENTAL_ACCRUAL,5,382,2026-08-13T22:40:00+08:00
0769c064-b943-4d6d-94f9-89e906b219dd,M-1931,SESS-20260813-3725-0386,RENTAL_ACCRUAL,12,114,2026-08-13T21:30:00+08:00
b3bb6c85-a106-4fa4-8e77-fb205cb0a527,M-1075,SESS-20260813-9961-0387,RENTAL_ACCRUAL,28,218,2026-08-14T04:45:00+08:00
b26c457a-ab22-4c16-8e46-e1207afcd04c,M-1325,SESS-20260813-2303-0388,RENTAL_ACCRUAL,27,82,2026-08-14T02:15:00+08:00
64debd8c-bff3-4da7-9ba0-58e93c705566,M-1557,SESS-20260813-9027-0389,RENTAL_ACCRUAL,11,646,2026-08-13T23:00:00+08:00
0e8f3969-8a7b-40b4-913d-663d20d397c6,M-1677,SESS-20260813-4480-0390,RENTAL_ACCRUAL,5,280,2026-08-13T23:40:00+08:00
64ed24ab-d235-4580-9148-5c80d1a5f24f,M-1531,SESS-20260813-4243-0391,RENTAL_ACCRUAL,28,310,2026-08-13T23:30:00+08:00
5dbe39a7-d362-4a5b-9e56-adfacba64b5e,M-1084,SESS-20260813-2481-0392,RENTAL_ACCRUAL,16,529,2026-08-13T23:55:00+08:00
dd94d0f8-385f-4e67-a483-2ebeebba24c5,M-1203,SESS-20260813-9771-0393,RENTAL_ACCRUAL,11,66,2026-08-14T00:45:00+08:00
ee304a65-b738-4e2f-8c1f-c6a474f90395,M-1736,SESS-20260813-2110-0394,RENTAL_ACCRUAL,28,200,2026-08-14T00:50:00+08:00
cda4f116-75a0-4381-9942-ef9a6c8bca2a,M-2096,SESS-20260813-4741-0395,RENTAL_ACCRUAL,15,66,2026-08-14T02:50:00+08:00
fe008d59-a123-49b0-94ef-5359eb80559b,M-1781,SESS-20260813-8729-0396,RENTAL_ACCRUAL,14,3806,2026-08-13T15:45:00+08:00
24a02161-7660-4ac3-ad9d-77802581785f,M-1115,SESS-20260813-7820-0397,RENTAL_ACCRUAL,9,89,2026-08-14T00:40:00+08:00
8a0a2222-6676-477f-929b-23df9f35a80c,M-1114,SESS-20260813-5404-0398,RENTAL_ACCRUAL,11,286,2026-08-14T01:35:00+08:00
898ab9fe-1488-4828-bd02-6ed7ea055b53,M-1320,SESS-20260813-8924-0399,RENTAL_ACCRUAL,19,1150,2026-08-13T23:40:00+08:00
1bf139cf-35bf-43b0-84b2-9eeefdb84909,M-1147,SESS-20260813-3790-0400,RENTAL_REDEMPTION,-100,551,2026-08-13T22:25:00+08:00
0fadb834-9d79-4370-8d31-02e736944b99,M-1147,SESS-20260813-3790-0400,RENTAL_ACCRUAL,2,553,2026-08-13T23:25:00+08:00
f631b855-c3f2-45dd-b85b-ec7e1f13574f,M-2186,SESS-20260813-8185-0401,RENTAL_ACCRUAL,5,292,2026-08-13T20:30:00+08:00
8dab4866-babe-4803-8403-4af2dcf04faf,M-1968,SESS-20260813-5467-0402,RENTAL_ACCRUAL,9,219,2026-08-14T00:10:00+08:00
254589e7-cca2-40ca-b28a-685e167b31cf,M-1285,SESS-20260813-7002-0403,RENTAL_ACCRUAL,5,254,2026-08-13T20:15:00+08:00
21d90f12-f898-455b-bd15-0fea1d55a859,M-1483,SESS-20260813-8968-0404,RENTAL_REDEMPTION,-200,407,2026-08-13T23:55:00+08:00
d431b9a7-9dfc-4413-89ef-1a6b0afe3b4d,M-1483,SESS-20260813-8968-0404,RENTAL_ACCRUAL,28,435,2026-08-14T02:55:00+08:00
64717154-44ec-4334-96fa-dd2e68e8c54f,M-1897,SESS-20260813-6377-0405,RENTAL_ACCRUAL,27,246,2026-08-13T22:15:00+08:00
723ac90c-6aa3-4186-a373-5adabb189a9a,M-1506,SESS-20260813-1454-0406,RENTAL_ACCRUAL,11,230,2026-08-14T00:30:00+08:00
1cb516b8-d119-4d88-afff-a5b719fb32a1,M-1900,SESS-20260813-4944-0407,RENTAL_ACCRUAL,27,107,2026-08-14T00:30:00+08:00
3b21dd54-63e2-430f-8e4f-9a5ffc0296d7,M-1346,SESS-20260813-7255-0408,RENTAL_ACCRUAL,11,425,2026-08-14T01:00:00+08:00
c125f8be-78a7-4351-82f8-383502025b91,M-2056,SESS-20260813-7816-0409,RENTAL_ACCRUAL,15,192,2026-08-13T23:30:00+08:00
2da666b5-4fe5-437d-b6bb-0786ce85f221,M-1277,SESS-20260813-9452-0410,RENTAL_ACCRUAL,30,2189,2026-08-14T04:35:00+08:00
3cc69f33-db1e-4313-a0f5-5f9d46fb2858,M-2191,SESS-20260813-2794-0411,RENTAL_ACCRUAL,28,491,2026-08-14T01:40:00+08:00
eff6b593-2d25-4040-b10f-202bc380ff38,M-1888,SESS-20260813-9786-0412,RENTAL_ACCRUAL,24,148,2026-08-13T18:00:00+08:00
fb9e3b3e-2d40-47e0-b0dd-de1a4ba529b0,M-1570,SESS-20260813-2792-0413,RENTAL_REDEMPTION,-300,430,2026-08-13T23:45:00+08:00
95ccc87e-84e3-45ec-ba1f-7b03fc4d6fae,M-1570,SESS-20260813-2792-0413,RENTAL_ACCRUAL,20,450,2026-08-14T02:45:00+08:00
a09e3bd5-d75b-4781-b3c5-64ab153ea583,M-1348,SESS-20260813-7795-0414,RENTAL_REDEMPTION,-200,41,2026-08-13T21:35:00+08:00
32ca5579-5b94-4fa5-92f1-a203a815d1e2,M-1348,SESS-20260813-7795-0414,RENTAL_ACCRUAL,55,96,2026-08-14T02:35:00+08:00
0aee7218-c482-40f4-8dcf-598db9076873,M-1950,SESS-20260813-4923-0415,RENTAL_ACCRUAL,10,118,2026-08-13T23:55:00+08:00
ce53bf1f-5e64-4c0c-83a0-656b725acb44,M-1941,SESS-20260813-9013-0416,RENTAL_REDEMPTION,-100,68,2026-08-13T10:15:00+08:00
8dc656f6-fce3-4b9b-b5d4-c2780387ac87,M-1941,SESS-20260813-9013-0416,RENTAL_ACCRUAL,5,73,2026-08-13T12:15:00+08:00
1d15d651-1ee0-4a4f-8234-587f691f8945,M-1016,SESS-20260813-9423-0417,RENTAL_ACCRUAL,27,305,2026-08-14T02:40:00+08:00
9ef5203f-178f-41eb-86d6-2bab54881585,M-1539,SESS-20260813-6571-0418,RENTAL_REDEMPTION,-100,1316,2026-08-13T23:50:00+08:00
d7bf1ae2-9c1b-462b-a8c0-821ca1aff15b,M-1539,SESS-20260813-6571-0418,RENTAL_ACCRUAL,4,1320,2026-08-14T01:50:00+08:00
2555b0bb-512a-4a03-8c46-2c507e76e69f,M-1750,SESS-20260813-2411-0419,RENTAL_ACCRUAL,16,266,2026-08-14T01:15:00+08:00
6b308f35-3b83-465d-a191-70f64d5e94a3,M-1761,SESS-20260813-5451-0420,RENTAL_ACCRUAL,27,552,2026-08-13T23:15:00+08:00
2e4ca044-3d98-43ad-ad6a-6c6096f4603b,M-1249,SESS-20260813-8495-0421,RENTAL_REDEMPTION,-100,71,2026-08-13T18:10:00+08:00
74b80ca9-dd5b-42db-8713-1340c19d4585,M-1249,SESS-20260813-8495-0421,RENTAL_ACCRUAL,34,105,2026-08-13T21:10:00+08:00
22913e01-869b-4b20-9f5c-80d05439a272,M-1100,SESS-20260813-4729-0422,RENTAL_ACCRUAL,28,303,2026-08-14T02:50:00+08:00
a12a12b7-dc24-4daa-ab37-19d771892451,M-1273,SESS-20260813-2013-0423,RENTAL_ACCRUAL,19,688,2026-08-14T00:15:00+08:00
f2ec9267-2648-479a-96f6-ec94ff65232c,M-1581,SESS-20260813-7371-0424,RENTAL_ACCRUAL,18,273,2026-08-14T01:30:00+08:00
274ae844-4445-4970-ace6-309b7081c73a,M-2014,SESS-20260813-2591-0425,RENTAL_ACCRUAL,5,192,2026-08-14T00:15:00+08:00
e0f389fc-b2fd-4672-82c1-1a2089a60bd9,M-1698,SESS-20260813-2019-0426,RENTAL_ACCRUAL,11,501,2026-08-13T23:45:00+08:00
c5d00fc8-7304-4c78-96b3-6b0efec1a029,M-1591,SESS-20260813-2178-0427,RENTAL_REDEMPTION,-100,1646,2026-08-13T21:25:00+08:00
d29ee87a-6959-4905-812d-c043994f8d15,M-1591,SESS-20260813-2178-0427,RENTAL_ACCRUAL,6,1652,2026-08-13T22:25:00+08:00
ec308fc3-b2f2-4b4b-818c-c13b378fe815,M-1549,SESS-20260813-7688-0428,RENTAL_ACCRUAL,11,287,2026-08-14T01:55:00+08:00
d2fdcd31-bb69-47fe-9988-3e95a1bbad18,M-1883,SESS-20260813-3599-0429,RENTAL_ACCRUAL,10,74,2026-08-14T01:55:00+08:00
b190b837-2fc7-44b1-bfa5-c6547c11c0c2,M-1133,SESS-20260813-9327-0430,RENTAL_ACCRUAL,28,201,2026-08-14T00:40:00+08:00
16b849e5-b7f6-44a1-8bb4-736b9dbb41eb,M-1700,SESS-20260813-3159-0431,RENTAL_ACCRUAL,18,474,2026-08-13T22:45:00+08:00
d8233117-7486-417b-b3a1-ba181ffb3438,M-1988,SESS-20260813-7541-0432,RENTAL_ACCRUAL,45,130,2026-08-14T01:45:00+08:00
3470f8b0-9683-40ce-b2c2-81b5d209db02,M-1797,SESS-20260813-7929-0433,RENTAL_ACCRUAL,45,411,2026-08-14T03:50:00+08:00
d6d11baf-beda-4e75-b198-c996e93eb318,M-1026,ORD-20260813-3069-0001,CONCESSION_ACCRUAL,20,1579,2026-08-13T19:52:45+08:00
85a03d64-0b0a-4dce-8845-2f8f81c3c1e2,M-1393,ORD-20260813-8642-0002,CONCESSION_ACCRUAL,11,154,2026-08-13T20:10:23+08:00
7d9a925f-3b78-400f-9a42-0c4f647baf32,M-1065,ORD-20260813-3188-0003,CONCESSION_ACCRUAL,9,694,2026-08-13T14:16:44+08:00
97e1ab51-2352-437d-bc99-8a32ce55d22c,M-1353,ORD-20260813-7081-0004,CONCESSION_ACCRUAL,16,154,2026-08-13T03:06:56+08:00
645815a5-f968-4caa-85b7-f022979c2b04,M-2160,ORD-20260813-7696-0005,CONCESSION_ACCRUAL,8,214,2026-08-13T23:14:52+08:00
96d0a43f-c8ef-4b79-85fc-23e949e657d0,M-1298,ORD-20260813-5619-0006,CONCESSION_ACCRUAL,38,516,2026-08-13T23:54:16+08:00
92805784-ebfa-4731-af21-3c0d7b9e2c34,M-2096,ORD-20260814-2096-0007,CONCESSION_ACCRUAL,6,72,2026-08-14T00:05:14+08:00
bab2f4f8-46ee-4b97-96a8-e17ffb6f11b8,M-1447,ORD-20260813-1013-0008,CONCESSION_ACCRUAL,10,185,2026-08-13T22:30:04+08:00
e8e7dd24-9a10-4b9c-988c-95d54afdde8b,M-2078,ORD-20260813-1245-0009,CONCESSION_ACCRUAL,6,71,2026-08-13T23:45:44+08:00
b45adac5-d409-4d6d-885a-a50a6417697e,M-1481,ORD-20260813-2772-0010,CONCESSION_ACCRUAL,61,259,2026-08-13T19:08:25+08:00
5b8fd6bb-e119-42ef-bf26-7811c8c564e0,M-1704,ORD-20260813-2401-0011,CONCESSION_ACCRUAL,15,105,2026-08-13T22:24:01+08:00
8b7fca85-e406-4fe3-bb25-17c58b404fd5,M-1594,ORD-20260813-2266-0012,CONCESSION_ACCRUAL,28,312,2026-08-13T23:25:10+08:00
af8f7beb-c8c5-42f6-a0a1-d8c31400ff27,M-1781,ORD-20260813-3002-0013,CONCESSION_ACCRUAL,11,3817,2026-08-13T15:27:25+08:00
1a62f06e-e747-4cdd-adc1-e23a39b176d6,M-1016,ORD-20260813-5436-0014,CONCESSION_ACCRUAL,3,308,2026-08-13T18:34:19+08:00
bf1c1155-cdbb-4eb0-9e1a-321ba3619518,M-1685,ORD-20260813-3020-0015,CONCESSION_ACCRUAL,22,285,2026-08-13T16:24:58+08:00
9f635fc6-2526-4882-8ea3-f1ab26c89b4f,M-1009,ORD-20260813-1443-0016,CONCESSION_ACCRUAL,22,82,2026-08-13T17:05:03+08:00
7fef323e-8365-41a2-8629-4d797ff9d24f,M-1736,ORD-20260813-3493-0017,CONCESSION_ACCRUAL,11,211,2026-08-13T21:07:46+08:00
f145a970-ebf4-47ec-8732-703baf7260d6,M-1660,ORD-20260813-5275-0018,CONCESSION_ACCRUAL,19,502,2026-08-13T22:05:44+08:00
a2eeadeb-c7af-4233-8358-26240c0979e7,M-2084,ORD-20260813-7006-0019,CONCESSION_ACCRUAL,15,348,2026-08-13T17:23:43+08:00
05e715ee-cdb6-4f65-971f-961ab00ea6e2,M-1670,ORD-20260813-6968-0020,CONCESSION_ACCRUAL,8,101,2026-08-13T21:54:01+08:00
564554a6-7aa7-4d4b-8d01-bcb0dc714298,M-1435,ORD-20260813-8972-0021,CONCESSION_ACCRUAL,65,303,2026-08-13T20:20:13+08:00
ade34a08-9a9f-4d47-b8a0-8e84f5e3c99e,M-1738,ORD-20260813-1427-0022,CONCESSION_ACCRUAL,8,103,2026-08-13T22:48:39+08:00
3858bcb0-4c68-4f8d-8d6e-d12f80c8c383,M-1856,ORD-20260814-8462-0023,CONCESSION_ACCRUAL,13,65,2026-08-14T00:29:25+08:00
bc1285b8-f996-489a-946b-c974b0ab9d68,M-1229,ORD-20260813-6791-0024,CONCESSION_ACCRUAL,11,119,2026-08-13T23:00:58+08:00
88f8dae4-da55-49ee-85a4-0dad3f7c3cb5,M-1786,ORD-20260813-6452-0025,CONCESSION_ACCRUAL,21,628,2026-08-13T18:30:58+08:00
653da0ce-4506-481e-8c98-5ca582c0304e,M-1208,ORD-20260813-6847-0026,CONCESSION_ACCRUAL,13,3312,2026-08-13T02:46:12+08:00
8f873c97-0bcd-4e7d-8e59-de59b97196be,M-1436,ORD-20260813-3976-0027,CONCESSION_ACCRUAL,31,567,2026-08-13T10:28:42+08:00
611e9a3d-6964-4ba5-8ee4-e10e95be677c,M-1698,ORD-20260813-1690-0028,CONCESSION_ACCRUAL,8,509,2026-08-13T23:20:57+08:00
48e05249-d368-48d3-93d4-a5206ff1d8e6,M-1473,ORD-20260813-7497-0029,CONCESSION_ACCRUAL,10,181,2026-08-13T22:13:02+08:00
2775c8eb-4d70-42d6-8bff-805be6ddf082,M-1816,ORD-20260813-9563-0030,CONCESSION_ACCRUAL,31,165,2026-08-13T23:40:53+08:00
b37cf3a6-cf88-473f-81a5-3868a54a918e,M-1555,ORD-20260813-6421-0031,CONCESSION_ACCRUAL,15,109,2026-08-13T22:45:44+08:00
db5ccb70-7afb-4b84-9618-e382c44fd632,M-1191,ORD-20260813-4288-0032,CONCESSION_ACCRUAL,9,74,2026-08-13T14:10:26+08:00
9052b419-68b0-4d58-a2d4-7cd7f414abab,M-1065,ORD-20260813-8753-0033,CONCESSION_ACCRUAL,4,698,2026-08-13T17:57:28+08:00
349b9e47-04cb-4cec-ae07-a9c056a40e5c,M-2065,ORD-20260813-6573-0034,CONCESSION_ACCRUAL,15,323,2026-08-13T21:55:33+08:00
56f688c4-ff22-4601-b927-10e77faa0104,M-1515,ORD-20260813-7166-0035,CONCESSION_ACCRUAL,15,231,2026-08-13T12:10:57+08:00
cdf24542-86d9-4cdd-b834-5dcb220def91,M-1577,ORD-20260813-9471-0036,CONCESSION_ACCRUAL,10,85,2026-08-13T20:11:29+08:00
1760d3f6-3195-4eba-8d3b-a945a6550358,M-1371,ORD-20260813-7338-0037,CONCESSION_ACCRUAL,16,496,2026-08-13T19:04:01+08:00
9f774252-1081-466b-9a3a-a1952b9dfca9,M-1640,ORD-20260813-1433-0038,CONCESSION_ACCRUAL,11,225,2026-08-13T20:32:06+08:00
7be2abae-05ce-4d63-8c0c-c9aa791322e8,M-1292,ORD-20260813-6224-0039,CONCESSION_ACCRUAL,39,482,2026-08-13T23:34:20+08:00
e65721b0-6f3c-423f-adba-8c7e308d6ff2,M-1677,ORD-20260813-7617-0040,CONCESSION_ACCRUAL,10,290,2026-08-13T22:57:24+08:00
c0cefab3-77ef-4983-84d8-c4b8945ea666,M-1167,ORD-20260813-3496-0041,CONCESSION_ACCRUAL,4,431,2026-08-13T10:45:01+08:00
b2994098-13e5-4756-a14c-b450fb74c6f3,M-1261,ORD-20260814-8290-0042,CONCESSION_ACCRUAL,8,284,2026-08-14T00:23:49+08:00
925098a1-97a7-4913-a38b-0d22b06ace2c,M-1529,ORD-20260814-7579-0043,CONCESSION_ACCRUAL,7,264,2026-08-14T00:15:34+08:00
c53674a0-7d3a-4fdd-a3e7-fd1297054916,M-2186,ORD-20260813-6338-0044,CONCESSION_ACCRUAL,9,301,2026-08-13T19:33:34+08:00
3b53c03a-abf8-4c1f-9107-a1dac2696809,M-1220,ORD-20260814-5530-0045,CONCESSION_ACCRUAL,27,1913,2026-08-14T07:19:29+08:00
fee065a6-0824-4157-a4e5-2a5ebd2fea52,M-1531,ORD-20260813-7177-0046,CONCESSION_ACCRUAL,36,346,2026-08-13T21:39:54+08:00
9db2e928-a06d-4254-b09d-90921994128d,M-1537,ORD-20260813-3708-0047,CONCESSION_ACCRUAL,15,483,2026-08-13T18:14:41+08:00
d036da93-a83b-434a-96d7-a354ef7f5b32,M-1369,ORD-20260813-9681-0048,CONCESSION_ACCRUAL,8,436,2026-08-13T19:41:09+08:00
8dd804e3-0ef4-4f9c-9242-aaf240b71fb0,M-1058,ORD-20260813-4569-0049,CONCESSION_ACCRUAL,11,393,2026-08-13T20:25:53+08:00
e63a2aa6-b2ad-43be-9679-8326843fb328,M-1580,ORD-20260813-2116-0050,CONCESSION_ACCRUAL,13,1013,2026-08-13T21:19:24+08:00
7f55b82d-9737-4285-ad19-b795762a5d2f,M-1066,ORD-20260813-5117-0051,CONCESSION_ACCRUAL,11,218,2026-08-13T14:36:22+08:00
a2120b1a-e263-4b6e-8935-cdba45355cf1,M-1544,ORD-20260813-7270-0052,CONCESSION_ACCRUAL,15,115,2026-08-13T18:13:31+08:00
1707c439-7713-4ef2-8b5c-dbf9fe8c06db,M-1761,ORD-20260813-3844-0053,CONCESSION_ACCRUAL,10,562,2026-08-13T21:23:28+08:00
92c165c9-c611-4d7e-9e3f-50f2c71240f6,M-1239,ORD-20260814-7514-0054,CONCESSION_ACCRUAL,9,228,2026-08-14T00:02:28+08:00
30703088-90d5-4b81-a310-45a4a04de5d8,M-1113,ORD-20260813-7966-0055,CONCESSION_ACCRUAL,11,940,2026-08-13T09:22:07+08:00
f76ca9c2-5fa3-420d-a6ea-07c3f7f7bcf3,M-1389,ORD-20260814-5611-0056,CONCESSION_ACCRUAL,47,357,2026-08-14T01:11:49+08:00
d0cc7f82-4fb8-4111-a2f0-0fee4fce367f,M-2023,ORD-20260813-4761-0057,CONCESSION_ACCRUAL,26,532,2026-08-13T20:06:18+08:00
d0dfee13-3ed3-4f36-b3c0-8765799b0fe6,M-1950,ORD-20260813-9607-0058,CONCESSION_ACCRUAL,2,120,2026-08-13T23:29:56+08:00
4fcfafd6-bd2e-4f43-ab70-8b417b14c8b8,M-1478,ORD-20260813-2724-0059,CONCESSION_ACCRUAL,15,207,2026-08-13T19:17:56+08:00
a1e1e204-8b19-4e83-b734-ac4b9adfa0a9,M-2055,ORD-20260813-7518-0060,CONCESSION_ACCRUAL,19,310,2026-08-13T21:08:30+08:00
b92069bb-f827-4134-ac6d-a399dd18deb5,M-1628,ORD-20260814-8156-0061,CONCESSION_ACCRUAL,45,106,2026-08-14T00:16:59+08:00
c5f66120-062c-4fe3-8997-40ce33781fb3,M-1726,ORD-20260813-3539-0062,CONCESSION_ACCRUAL,10,314,2026-08-13T22:10:23+08:00
48c6dfcb-2bc1-4cbd-842a-eef3a1d9ca21,M-1948,ORD-20260813-6164-0063,CONCESSION_ACCRUAL,34,250,2026-08-13T21:23:03+08:00
68df22f2-1b8e-4ac5-ad2e-579dcc8d5821,M-1210,ORD-20260813-2505-0064,CONCESSION_ACCRUAL,45,1295,2026-08-13T05:53:52+08:00
553dc004-4c97-4194-ba7c-46a0477d628a,M-1175,ORD-20260813-7071-0065,CONCESSION_ACCRUAL,9,372,2026-08-13T19:06:01+08:00
c17bb662-7ad4-4f08-8136-482c8671c4fd,M-1525,ORD-20260813-5279-0066,CONCESSION_ACCRUAL,45,286,2026-08-13T22:50:40+08:00
3bae4ee5-235e-4cd2-a210-2373fcf4a3ba,M-1222,ORD-20260813-5430-0067,CONCESSION_ACCRUAL,9,687,2026-08-13T18:44:15+08:00
619bd1d5-030b-404b-9b2a-b5c07133ee27,M-1413,ORD-20260813-3172-0068,CONCESSION_ACCRUAL,8,190,2026-08-13T23:35:37+08:00
f55dea6a-5b70-45af-a4a2-29ec423a7867,M-2003,ORD-20260813-2225-0069,CONCESSION_ACCRUAL,27,210,2026-08-13T21:29:09+08:00
7e312df0-5fa6-4407-81b4-26e96b5062e1,M-1489,ORD-20260813-5824-0070,CONCESSION_ACCRUAL,3,585,2026-08-13T23:23:37+08:00
8ca1cd5d-735b-40f2-9651-dcfae62a5fdd,M-2064,ORD-20260813-2185-0071,CONCESSION_ACCRUAL,11,142,2026-08-13T11:17:46+08:00
591232c7-c786-4d15-855b-be6d0c3be31c,M-1622,ORD-20260813-4237-0072,CONCESSION_ACCRUAL,21,69,2026-08-13T09:32:09+08:00
852861bb-2a06-4eb9-963e-3dba78799f6a,M-1621,ORD-20260813-3242-0073,CONCESSION_ACCRUAL,11,325,2026-08-13T18:43:35+08:00
02aee00a-2e67-4306-a6cb-b678845d56e6,M-1050,ORD-20260813-7351-0074,CONCESSION_ACCRUAL,11,351,2026-08-13T17:41:19+08:00
ca16cab7-e72c-4a50-bc5c-3028f60fbc60,M-1795,ORD-20260813-9549-0075,CONCESSION_ACCRUAL,31,296,2026-08-13T21:15:00+08:00
a1988114-7d7f-4573-939c-4bff6f87c17e,M-1602,ORD-20260813-6970-0076,CONCESSION_ACCRUAL,30,721,2026-08-13T23:21:39+08:00
7604f7a7-6a51-43db-90cb-2e2bb64e2697,M-1759,ORD-20260814-8867-0077,CONCESSION_ACCRUAL,11,194,2026-08-14T00:57:14+08:00
7275ae2f-fca5-4d0a-b1e0-0e2649c0b45a,M-1293,ORD-20260813-5039-0078,CONCESSION_ACCRUAL,10,118,2026-08-13T23:41:04+08:00
23dcd597-0355-4dd8-a9ef-8da535600f2f,M-1910,ORD-20260813-3200-0079,CONCESSION_ACCRUAL,9,63,2026-08-13T21:05:05+08:00
94f2170c-6335-4b26-b730-a2047f9667c6,M-2192,ORD-20260814-7465-0080,CONCESSION_ACCRUAL,8,292,2026-08-14T00:27:32+08:00
b0a87baf-9d04-48d7-ae2e-bc4b999c5723,M-1006,ORD-20260813-8001-0081,CONCESSION_ACCRUAL,28,90,2026-08-13T19:00:27+08:00
e1cc49ab-a04e-4c03-9001-4ac1be4d0f9c,M-1518,ORD-20260814-1491-0082,CONCESSION_ACCRUAL,35,579,2026-08-14T02:25:12+08:00
e94551e9-c0f1-493c-856a-0ce22e88c858,M-1547,ORD-20260813-3354-0083,CONCESSION_ACCRUAL,11,549,2026-08-13T07:48:10+08:00
379e81cb-1974-4b3d-858d-adb954fc3eb3,M-1023,ORD-20260813-7409-0084,CONCESSION_ACCRUAL,33,321,2026-08-13T19:30:47+08:00
66722d6b-15d9-400b-966a-1e4e22741d6e,M-1664,ORD-20260813-1901-0085,CONCESSION_ACCRUAL,38,2420,2026-08-13T23:06:29+08:00
aeb78a14-4695-444f-9e39-9010ce8d3480,M-1106,ORD-20260813-5595-0086,CONCESSION_ACCRUAL,10,349,2026-08-13T20:05:53+08:00
dee6f1fc-55f0-4408-807b-e629957d8bdf,M-2179,ORD-20260813-9767-0087,CONCESSION_ACCRUAL,6,37,2026-08-13T10:30:06+08:00
9ce61b73-b404-4c9d-a91b-869fc3c95813,M-2177,ORD-20260813-7645-0088,CONCESSION_ACCRUAL,6,90,2026-08-13T13:31:45+08:00
96b7d949-7c07-4f67-a8de-f91790f58009,M-1997,ORD-20260813-4181-0089,CONCESSION_ACCRUAL,12,224,2026-08-13T18:31:18+08:00
073c166a-b3a8-4e11-a418-1c03b39a811c,M-2197,ORD-20260813-9798-0090,CONCESSION_ACCRUAL,8,449,2026-08-13T10:00:53+08:00
6a5c0f0b-8733-493a-b967-005620e8da1c,M-2132,ORD-20260813-1664-0091,CONCESSION_ACCRUAL,12,118,2026-08-13T23:21:44+08:00
413f7bb9-b0dc-4df8-92d7-12a98cca2066,M-1810,ORD-20260813-4425-0092,CONCESSION_ACCRUAL,54,190,2026-08-13T15:39:32+08:00
e0a0b38d-c7db-4c96-ae41-b21e877f6d47,M-1671,ORD-20260813-4119-0093,CONCESSION_ACCRUAL,31,279,2026-08-13T17:36:57+08:00
e3bc3643-0719-45ef-ae84-eedb01ba5de7,M-2167,ORD-20260813-3292-0094,CONCESSION_ACCRUAL,15,166,2026-08-13T13:23:56+08:00
2b6db194-5872-4481-bda7-ddc0eceac3fa,M-1101,ORD-20260813-7187-0095,CONCESSION_ACCRUAL,13,610,2026-08-13T13:10:45+08:00
5b177eb9-ed59-4bb3-87d1-d831265feddf,M-1397,ORD-20260814-5323-0096,CONCESSION_ACCRUAL,19,717,2026-08-14T02:04:58+08:00
d4407578-01d4-40bc-82fd-43c1265519ce,M-1724,ORD-20260814-3955-0097,CONCESSION_ACCRUAL,19,163,2026-08-14T01:55:34+08:00
a5f45e78-f177-45d7-80f5-d2e3ee02b329,M-1460,ORD-20260813-8177-0098,CONCESSION_ACCRUAL,15,22,2026-08-13T23:44:06+08:00
a4942040-dda6-4c32-96ab-ee1b68f87dc2,M-1059,ORD-20260813-3293-0099,CONCESSION_ACCRUAL,10,119,2026-08-13T23:31:13+08:00
808cedbf-e19e-4709-b509-5c240d730d2b,M-1329,ORD-20260814-7854-0100,CONCESSION_ACCRUAL,15,774,2026-08-14T00:09:14+08:00
a3a3907d-74c0-4df7-a54d-a1b40fa2dec6,M-1467,ORD-20260814-1266-0101,CONCESSION_ACCRUAL,9,213,2026-08-14T00:28:33+08:00
790fde22-b157-43a0-a061-a6a5f5d44b3d,M-1811,ORD-20260814-8400-0102,CONCESSION_ACCRUAL,11,137,2026-08-14T00:33:24+08:00
104ff257-6310-4408-b8e0-fae459cc96ff,M-1452,ORD-20260813-6294-0103,CONCESSION_ACCRUAL,37,84,2026-08-13T21:16:17+08:00
c408d4ca-3c72-424a-a852-79dec987b92f,M-1547,ORD-20260813-6982-0104,CONCESSION_ACCRUAL,11,560,2026-08-13T22:48:41+08:00
c1bcabd8-b422-4c00-a3b6-26d38a1d4486,M-1012,ORD-20260813-3481-0105,CONCESSION_ACCRUAL,10,366,2026-08-13T18:29:19+08:00
e3ae86ee-50f3-4553-ac06-ef7a1f8075a5,M-1506,ORD-20260813-4054-0106,CONCESSION_ACCRUAL,8,238,2026-08-13T22:31:55+08:00
96976c1d-59dc-4144-9104-2229c56ac985,M-2187,ORD-20260813-5226-0107,CONCESSION_ACCRUAL,8,105,2026-08-13T22:43:43+08:00
4f775f77-b45a-440e-af9d-4b3b3901866c,M-1973,ORD-20260813-9601-0108,CONCESSION_ACCRUAL,15,118,2026-08-13T17:38:53+08:00
8796afae-968e-4683-b3a9-f5215ada81a5,M-1199,ORD-20260813-9609-0109,CONCESSION_ACCRUAL,11,26,2026-08-13T20:28:01+08:00
8582d581-119f-4a6e-bf0f-b9f2cb269305,M-1575,ORD-20260813-7246-0110,CONCESSION_ACCRUAL,8,89,2026-08-13T23:36:02+08:00
2954d809-21f2-480a-84fa-cd83921c8431,M-2172,ORD-20260813-6302-0111,CONCESSION_ACCRUAL,3,283,2026-08-13T21:44:31+08:00
93d1ba59-c149-4393-9844-625de7f912cd,M-1883,ORD-20260814-1032-0112,CONCESSION_ACCRUAL,6,80,2026-08-14T00:08:52+08:00
6dde09fa-47ff-43f4-8ae3-569085fb9f62,M-1935,ORD-20260813-2467-0113,CONCESSION_ACCRUAL,25,248,2026-08-13T20:47:02+08:00
4751eea5-8cf2-4736-a85a-4969c3c8413c,M-1682,ORD-20260813-9635-0114,CONCESSION_ACCRUAL,12,916,2026-08-13T23:22:14+08:00
384c4a82-65bb-44f6-8ade-d2e72824c7a6,M-1188,ORD-20260814-2233-0115,CONCESSION_ACCRUAL,20,323,2026-08-14T00:26:00+08:00
66ba75dd-9417-4f40-9b8e-95744f10e020,M-1650,ORD-20260813-9476-0116,CONCESSION_ACCRUAL,7,38,2026-08-13T20:12:05+08:00
38b19b72-dbf2-4b29-b9cb-55d6ed86c916,M-1322,ORD-20260813-9840-0117,CONCESSION_ACCRUAL,11,150,2026-08-13T18:22:47+08:00
343d0cdc-bd09-4f01-8ffe-c67d77f93a87,M-1607,ORD-20260813-2268-0118,CONCESSION_ACCRUAL,7,381,2026-08-13T23:47:34+08:00
d60cefa6-b4ac-4b92-a5c8-c2bfa0ba47ad,M-2115,ORD-20260813-2359-0119,CONCESSION_ACCRUAL,6,71,2026-08-13T12:37:08+08:00
8c2cf858-5439-4bef-aace-198c422eee61,M-1639,ORD-20260814-4488-0120,CONCESSION_ACCRUAL,39,452,2026-08-14T00:17:10+08:00
06edcaa7-1bd4-433e-8ac5-e54b5696e4eb,M-1287,ORD-20260813-1801-0121,CONCESSION_ACCRUAL,15,233,2026-08-13T20:44:26+08:00
f783648f-f0b6-4617-a569-e3c40571adb1,M-1826,ORD-20260813-6718-0122,CONCESSION_ACCRUAL,30,324,2026-08-13T23:22:17+08:00
a1ab9bf9-823c-4c46-8419-80de13ea6f4e,M-2190,ORD-20260813-4783-0123,CONCESSION_ACCRUAL,38,42,2026-08-13T19:15:27+08:00
3a1e7db8-7780-4e09-845c-e8ad9daf8974,M-1385,ORD-20260813-7359-0124,CONCESSION_ACCRUAL,31,345,2026-08-13T23:27:05+08:00
eb340bf3-670c-44aa-9b59-f43b9a63e5cb,M-1900,ORD-20260813-1948-0125,CONCESSION_ACCRUAL,10,117,2026-08-13T22:37:11+08:00
6e31a0b6-9db7-41fc-a4ff-a1860f86ad4a,M-1993,ORD-20260813-8137-0126,CONCESSION_ACCRUAL,29,136,2026-08-13T19:20:01+08:00
885b08aa-c8ef-4879-9d05-0e898715b5ae,M-1891,ORD-20260814-7449-0127,CONCESSION_ACCRUAL,16,185,2026-08-14T01:58:16+08:00
ce5ea81d-e468-48cd-b43b-258693fca1e7,M-1540,ORD-20260814-6430-0128,CONCESSION_ACCRUAL,25,190,2026-08-14T00:53:20+08:00
91dd6a59-9f63-4124-90cb-d309f4a53cd7,M-1719,ORD-20260813-9108-0129,CONCESSION_ACCRUAL,50,312,2026-08-13T21:00:40+08:00
3ed5e848-8d5a-469a-b47c-6a5e0ee1df2d,M-1045,ORD-20260814-5786-0130,CONCESSION_ACCRUAL,11,86,2026-08-14T00:19:42+08:00
8484692b-d7ee-4448-9834-9d2fac9e2256,M-1143,ORD-20260813-2339-0131,CONCESSION_ACCRUAL,22,3894,2026-08-13T18:03:14+08:00
373048cb-0afe-4e50-a695-886941cbb67c,M-1115,ORD-20260813-5590-0132,CONCESSION_ACCRUAL,25,114,2026-08-13T23:44:52+08:00
47206a06-6faf-43c0-9709-c4a0ab5e559a,M-1815,ORD-20260814-2634-0133,CONCESSION_ACCRUAL,10,82,2026-08-14T01:38:22+08:00
08365724-347b-42bd-b206-5ebcb4be7bc8,M-1212,ORD-20260813-1695-0134,CONCESSION_ACCRUAL,8,320,2026-08-13T23:43:53+08:00
ef7a69b9-8242-40a6-849e-e7012e61c9c6,M-1450,ORD-20260813-4823-0135,CONCESSION_ACCRUAL,10,134,2026-08-13T21:18:48+08:00
6690252c-3834-44e8-9652-aee3e13cc05a,M-1453,ORD-20260813-7155-0136,CONCESSION_ACCRUAL,41,256,2026-08-13T19:40:13+08:00
ed770712-519c-4b2a-a219-a536c6116a85,M-1738,ORD-20260813-7536-0137,CONCESSION_ACCRUAL,15,118,2026-08-13T19:56:50+08:00
314b2a31-46bd-421c-923b-f6014ff7b187,M-1457,ORD-20260813-8705-0138,CONCESSION_ACCRUAL,40,760,2026-08-13T19:42:40+08:00
dc221563-d5d5-4053-828c-a4201f155a0a,M-1549,ORD-20260813-1688-0139,CONCESSION_ACCRUAL,45,332,2026-08-13T12:22:28+08:00
fe70a5b6-ab06-4049-85fb-68e95674ab4c,M-2189,ORD-20260813-8389-0140,CONCESSION_ACCRUAL,9,242,2026-08-13T17:59:08+08:00
4a6f2af0-2346-4cb7-bca7-d4fb18423ffe,M-1309,ORD-20260813-5143-0141,CONCESSION_ACCRUAL,15,298,2026-08-13T23:16:08+08:00
0a42d91d-af92-4331-88dc-4b14f71818d1,M-1828,ORD-20260813-1481-0142,CONCESSION_ACCRUAL,33,286,2026-08-13T22:32:12+08:00
395e4cb6-2bba-4911-9df5-7943da372f1f,M-1109,ORD-20260813-4488-0143,CONCESSION_ACCRUAL,25,629,2026-08-13T22:29:51+08:00
34844c25-d066-4b44-9bc8-af4f8e66f032,M-1740,ORD-20260814-9288-0144,CONCESSION_ACCRUAL,9,1811,2026-08-14T00:05:27+08:00
4be84dfb-3425-47a8-b61f-e43cda340344,M-1285,ORD-20260813-1340-0145,CONCESSION_ACCRUAL,28,282,2026-08-13T20:07:13+08:00
5ccecbf2-bf99-436e-9913-503036ff5ed3,M-1931,ORD-20260813-4396-0146,CONCESSION_ACCRUAL,3,117,2026-08-13T21:07:44+08:00
9111dd95-2016-4b24-8d32-0c8a35c7209d,M-1021,ORD-20260813-3886-0147,CONCESSION_ACCRUAL,4,593,2026-08-13T16:22:04+08:00
84ef903e-14fb-41b4-8937-89a9c7846941,M-1075,ORD-20260814-4162-0148,CONCESSION_ACCRUAL,24,242,2026-08-14T04:40:42+08:00
cbbee475-6ee5-410f-a122-9f938e09759f,M-1375,ORD-20260813-5183-0149,CONCESSION_ACCRUAL,8,114,2026-08-13T19:37:33+08:00
62ce78ee-6edb-4151-894d-8fd5233f5bfd,M-1727,ORD-20260813-6035-0150,CONCESSION_ACCRUAL,8,179,2026-08-13T19:23:50+08:00
081a9a61-0890-4f4c-9958-7102c6140a1a,M-1581,ORD-20260813-2768-0151,CONCESSION_ACCRUAL,8,281,2026-08-13T23:38:27+08:00
b48c29b1-0fc4-463e-bc22-eb90afc8f077,M-1818,ORD-20260813-9705-0152,CONCESSION_ACCRUAL,16,427,2026-08-13T23:02:11+08:00
e8c635f7-0d3f-4684-94f3-21bc11cb3570,M-1078,ORD-20260813-9754-0153,CONCESSION_ACCRUAL,22,494,2026-08-13T16:33:57+08:00
7345ef9f-6565-43e6-bfca-9d3d9adfaa1d,M-1295,ORD-20260813-6108-0154,CONCESSION_ACCRUAL,14,262,2026-08-13T16:46:24+08:00
ba5346aa-9d66-44a2-b6f0-bb5239969ac3,M-1289,ORD-20260813-7536-0155,CONCESSION_ACCRUAL,36,240,2026-08-13T15:50:56+08:00
0dd42ce0-7e29-4ce3-85ab-48972f90e7b3,M-1601,ORD-20260813-1041-0156,CONCESSION_ACCRUAL,7,438,2026-08-13T14:17:05+08:00
33843cdd-e240-4a0f-b501-100cc6a4e504,M-1805,ORD-20260813-3654-0157,CONCESSION_ACCRUAL,22,399,2026-08-13T18:09:53+08:00
73c884ff-536c-4743-af64-18ed87d36e10,M-1439,ORD-20260814-9056-0158,CONCESSION_ACCRUAL,8,602,2026-08-14T00:37:33+08:00
5acc2ac1-ab47-49a0-8faf-d3666433e522,M-2016,ORD-20260813-7707-0159,CONCESSION_ACCRUAL,30,243,2026-08-13T23:40:35+08:00
ecaf732e-12af-4159-b576-3f5926ac47ec,M-1539,ORD-20260814-9909-0160,CONCESSION_ACCRUAL,51,1371,2026-08-14T00:53:51+08:00
dc17cb3c-6312-4ad5-a8b1-8ade9b2e4aee,M-2152,ORD-20260813-7918-0161,CONCESSION_ACCRUAL,6,170,2026-08-13T21:42:07+08:00
b5761c7f-a5d9-4ca8-b43b-a2b5057f2edf,M-1126,ORD-20260813-8456-0162,CONCESSION_ACCRUAL,40,323,2026-08-13T18:11:58+08:00
a7919b3e-aecc-4fdb-9c3c-9d1334f9f394,M-2180,ORD-20260813-6640-0163,CONCESSION_ACCRUAL,12,120,2026-08-13T21:51:06+08:00
76cd5187-eb10-45f0-87f2-fb13321e908d,M-1448,ORD-20260813-3493-0164,CONCESSION_ACCRUAL,16,221,2026-08-13T18:01:31+08:00
58d2b661-78db-4afe-81a5-f68276ceeb9b,M-1097,ORD-20260813-2548-0165,CONCESSION_ACCRUAL,11,141,2026-08-13T21:04:20+08:00
0782c105-e9e3-45d3-a351-908f29a07945,M-1183,ORD-20260814-7984-0166,CONCESSION_ACCRUAL,11,426,2026-08-14T02:14:33+08:00
408e6947-8f56-40d0-b3bc-b0ba369b55e6,M-1451,ORD-20260813-6298-0167,CONCESSION_ACCRUAL,15,447,2026-08-13T19:50:30+08:00
3f5fa462-35ff-4a2d-b616-9b4606ecd980,M-1311,ORD-20260813-9006-0168,CONCESSION_ACCRUAL,11,437,2026-08-13T15:28:30+08:00
9673b653-8297-47ab-89d8-f76c94c7fd30,M-1722,ORD-20260814-3172-0169,CONCESSION_ACCRUAL,54,991,2026-08-14T00:53:42+08:00
c7aa1224-bd60-424b-92dd-d1320a17df63,M-1893,ORD-20260813-5089-0170,CONCESSION_ACCRUAL,6,75,2026-08-13T19:30:54+08:00
fce0ebd5-0812-4476-af57-d9cc05c3577f,M-1702,ORD-20260813-9148-0171,CONCESSION_ACCRUAL,23,255,2026-08-13T12:13:44+08:00
867b0fee-2598-4c63-a08d-0aab32801fae,M-1133,ORD-20260814-9236-0172,CONCESSION_ACCRUAL,3,204,2026-08-14T00:02:09+08:00
eee8ede5-d5e0-4063-a232-fe6c1f077276,M-1135,ORD-20260813-9891-0173,CONCESSION_ACCRUAL,10,192,2026-08-13T19:03:53+08:00
0a8bebf7-9818-40d2-9798-3cc70ea36ee3,M-1515,ORD-20260813-4068-0174,CONCESSION_ACCRUAL,15,246,2026-08-13T20:19:08+08:00
8a505b29-7d6b-40be-b07f-fb0ee1ce6e07,M-1226,ORD-20260813-2139-0175,CONCESSION_ACCRUAL,20,1271,2026-08-13T21:49:20+08:00
05c90f9c-d6ac-4147-842a-5e1582b1930d,M-1678,ORD-20260813-5374-0176,CONCESSION_ACCRUAL,4,58,2026-08-13T22:44:24+08:00
d341347a-ad24-4fe7-a420-bd4a5d84cba6,M-1504,ORD-20260813-9628-0177,CONCESSION_ACCRUAL,8,369,2026-08-13T23:09:32+08:00
7cc78980-3af9-47a5-93cb-75d462cf94fe,M-1104,ORD-20260814-4805-0178,CONCESSION_ACCRUAL,3,343,2026-08-14T00:42:37+08:00
717ace0f-653e-46f9-a785-e38de30f8fd4,M-1466,ORD-20260813-3678-0179,CONCESSION_ACCRUAL,11,3831,2026-08-13T22:12:05+08:00
24906995-b4e5-4146-8154-93db77bd44db,M-1505,ORD-20260813-8366-0180,CONCESSION_ACCRUAL,11,137,2026-08-13T22:52:30+08:00
166392e5-ceba-4c03-9c59-816c1c95ad46,M-1823,ORD-20260813-4438-0181,CONCESSION_ACCRUAL,24,539,2026-08-13T18:51:08+08:00
1410b8f7-d8e2-4987-b759-7462da84e72b,M-1062,ORD-20260813-9837-0182,CONCESSION_ACCRUAL,20,422,2026-08-13T12:02:10+08:00
89d2d965-3952-4a9f-b25e-2ea5519d2ed7,M-2015,ORD-20260813-6246-0183,CONCESSION_ACCRUAL,21,99,2026-08-13T21:59:29+08:00
bf57a931-3738-45e1-a095-a1ffeaba1943,M-1087,ORD-20260813-6695-0184,CONCESSION_ACCRUAL,13,1108,2026-08-13T05:12:52+08:00
5832a088-1b23-4f42-8bfe-663d097a2d6a,M-1970,ORD-20260814-2034-0185,CONCESSION_ACCRUAL,6,127,2026-08-14T00:35:19+08:00
c8ca2c06-8327-45ca-b0bb-f63605e1d566,M-1420,ORD-20260813-6814-0186,CONCESSION_ACCRUAL,18,541,2026-08-13T23:37:04+08:00
8997895b-04e7-46cc-b562-78752f0cce33,M-1207,ORD-20260813-4392-0187,CONCESSION_ACCRUAL,7,622,2026-08-13T16:10:36+08:00
3019508a-a35c-4ad5-924a-b68d6bbfbfdc,M-1366,ORD-20260813-1231-0188,CONCESSION_ACCRUAL,11,553,2026-08-13T15:29:35+08:00
25241cdc-836b-4a4b-b641-a7e4c8555744,M-1570,ORD-20260813-1951-0189,CONCESSION_ACCRUAL,9,459,2026-08-13T12:51:25+08:00
003f88ea-cc27-4d3a-a5d5-f29dc202edf3,M-1108,ORD-20260814-7514-0190,CONCESSION_ACCRUAL,29,124,2026-08-14T00:36:44+08:00
4b7bfc2b-2b06-44d9-bb21-e84a0f169c47,M-1435,ORD-20260813-6769-0191,CONCESSION_ACCRUAL,9,312,2026-08-13T22:26:14+08:00
2c08ddc2-1c5d-4d27-84a1-2584fa5e146f,M-1806,ORD-20260814-8581-0192,CONCESSION_ACCRUAL,11,185,2026-08-14T01:23:05+08:00
190f9b69-bcbe-495f-a641-906c44d41b1f,M-1983,ORD-20260813-7800-0193,CONCESSION_ACCRUAL,3,222,2026-08-13T23:51:50+08:00
bee3b176-9bb1-40b3-abc1-a4b17bac2c69,M-1336,ORD-20260813-2060-0194,CONCESSION_ACCRUAL,3,556,2026-08-13T18:02:33+08:00
18952794-4d6e-45e8-8257-809ceb97c524,M-1205,ORD-20260814-9599-0195,CONCESSION_ACCRUAL,11,1062,2026-08-14T00:08:39+08:00
56fab331-92df-40c2-8a0a-7dffd8ecdf2a,M-1201,ORD-20260813-2423-0196,CONCESSION_ACCRUAL,9,548,2026-08-13T21:45:14+08:00
8ab00164-2f1a-4777-b05a-c1a92be14390,M-1883,ORD-20260813-9759-0197,CONCESSION_ACCRUAL,8,88,2026-08-13T15:47:45+08:00
81b62ee6-9f45-4eb4-9c18-41b49149eb06,M-1391,ORD-20260814-2042-0198,CONCESSION_ACCRUAL,7,248,2026-08-14T01:18:57+08:00
0c58b6bf-569e-4312-bbb4-222797daa03f,M-1653,ORD-20260813-3600-0199,CONCESSION_ACCRUAL,19,248,2026-08-13T16:05:58+08:00
8e3c16ce-47c2-4ccb-b342-f440f307cbdd,M-1379,ORD-20260813-7350-0200,CONCESSION_ACCRUAL,8,505,2026-08-13T20:46:23+08:00
2db5a781-e6a6-414b-8eb7-025cd62ec070,M-1558,ORD-20260813-5735-0201,CONCESSION_ACCRUAL,15,260,2026-08-13T14:41:35+08:00
405a1688-7cb8-4c53-9c1a-fc16764e6b14,M-1420,ORD-20260813-1772-0202,CONCESSION_ACCRUAL,47,588,2026-08-13T19:59:47+08:00
26e4f3f7-f0fc-4eda-977a-d330aed06ecd,M-1015,ORD-20260813-9399-0203,CONCESSION_ACCRUAL,30,709,2026-08-13T19:24:48+08:00
fa4f2ce7-8429-46aa-bfe0-c052c7fdfe84,M-1506,ORD-20260813-4885-0204,CONCESSION_ACCRUAL,17,255,2026-08-13T14:31:10+08:00
68dbb12e-7845-43d0-990c-0b4a7bc2eb43,M-1090,ORD-20260814-1455-0205,CONCESSION_ACCRUAL,9,520,2026-08-14T00:05:54+08:00
b66fef26-5408-4d5c-9684-6d11f49c6563,M-1131,ORD-20260813-1021-0206,CONCESSION_ACCRUAL,15,83,2026-08-13T23:46:25+08:00
a694397c-6267-45b1-906c-fc4036bbf484,M-1096,ORD-20260813-5096-0207,CONCESSION_ACCRUAL,11,230,2026-08-13T14:06:17+08:00
1ac5d964-61c7-4967-818d-3e57e267b5b5,M-1117,ORD-20260813-7319-0208,CONCESSION_ACCRUAL,66,242,2026-08-13T16:46:00+08:00
69cba690-07e9-466f-b7df-fbc3a68814e7,M-1870,ORD-20260814-2859-0209,CONCESSION_ACCRUAL,3,329,2026-08-14T02:08:50+08:00
64b9cca7-3920-4746-88f8-36d47bad26df,M-1836,ORD-20260813-4429-0210,CONCESSION_ACCRUAL,10,557,2026-08-13T20:29:33+08:00
03c8d87c-4300-4e0a-a2d4-64a53d1e169a,M-1557,ORD-20260813-1351-0211,CONCESSION_ACCRUAL,8,654,2026-08-13T21:27:08+08:00
001884b7-94e3-450f-9327-8a4dfd9ceade,M-1218,ORD-20260813-6754-0212,CONCESSION_ACCRUAL,11,175,2026-08-13T21:17:07+08:00
62a35597-b390-4c0b-9524-7933d5e6a935,M-1098,ORD-20260814-3361-0213,CONCESSION_ACCRUAL,18,503,2026-08-14T00:12:36+08:00
3722ab2d-a8d7-4ea1-b3db-fef33a925c4e,M-1402,ORD-20260813-1050-0214,CONCESSION_ACCRUAL,16,81,2026-08-13T20:47:14+08:00
e2cdd378-27f0-4a1f-8191-e6b8f1568fb6,M-2047,ORD-20260813-8343-0215,CONCESSION_ACCRUAL,18,170,2026-08-13T02:50:02+08:00
21c48299-6e29-4f99-8c21-23b25d8e8de9,M-1333,ORD-20260813-6444-0216,CONCESSION_ACCRUAL,9,176,2026-08-13T14:44:15+08:00
4eb34835-ae7e-4123-9649-e137e775bb82,M-1114,ORD-20260813-8192-0217,CONCESSION_ACCRUAL,8,294,2026-08-13T23:48:36+08:00
0d68a8da-f16f-4a47-850a-40a372d63719,M-1600,ORD-20260813-1321-0218,CONCESSION_ACCRUAL,11,96,2026-08-13T23:02:28+08:00
017416d0-4dc5-4b49-96e9-f42cc4183087,M-1729,ORD-20260813-2651-0219,CONCESSION_ACCRUAL,8,47,2026-08-13T21:44:02+08:00
0a1e8125-f67b-4502-aed3-f4b7d6a536bf,M-2175,ORD-20260813-7100-0220,CONCESSION_ACCRUAL,15,387,2026-08-13T19:53:14+08:00
15ed2336-0baf-4315-8e2d-28ad43a758f6,M-1461,ORD-20260814-1374-0221,CONCESSION_ACCRUAL,18,321,2026-08-14T00:19:43+08:00
2e1a9d4c-532c-4c21-b29e-8c2456a1aef1,M-1689,ORD-20260813-3590-0222,CONCESSION_ACCRUAL,10,453,2026-08-13T15:02:01+08:00
f237bb69-f1ac-4a5c-a5bc-964d35faa0b4,M-1374,ORD-20260814-4946-0223,CONCESSION_ACCRUAL,15,768,2026-08-14T02:11:28+08:00
28bc687f-f6bd-44d1-9618-c2dae7cf091b,M-1501,ORD-20260813-4941-0224,CONCESSION_ACCRUAL,23,211,2026-08-13T22:02:01+08:00
7dc8d6e6-da30-4fee-b34e-88d23c9c7a6a,M-1076,ORD-20260813-8243-0225,CONCESSION_ACCRUAL,15,321,2026-08-13T22:29:53+08:00
7537460e-4c90-44e7-b88f-f6de98249cae,M-1570,ORD-20260814-8487-0226,CONCESSION_ACCRUAL,13,472,2026-08-14T02:34:44+08:00
c34193c1-8282-45d3-9cf1-6f9a597761a6,M-1563,ORD-20260813-4640-0227,CONCESSION_ACCRUAL,18,370,2026-08-13T15:02:07+08:00
792c3bef-64ce-44e4-a82c-33371bba925c,M-2148,ORD-20260814-5326-0228,CONCESSION_ACCRUAL,13,250,2026-08-14T00:03:37+08:00
b36b5b45-0956-4ed3-9ac2-8fa5e6529f2a,M-1647,ORD-20260814-5294-0229,CONCESSION_ACCRUAL,9,1063,2026-08-14T01:33:02+08:00
a466d384-ee31-4551-ba17-bb72d6453b9b,M-1396,ORD-20260813-7498-0230,CONCESSION_ACCRUAL,8,291,2026-08-13T18:46:13+08:00
9405fd99-8b95-4ba3-9d33-92dd19bf95f1,M-1583,ORD-20260813-4778-0231,CONCESSION_ACCRUAL,8,296,2026-08-13T23:51:41+08:00
53c7966a-bca4-4d66-9b7a-0fd4622f7ce8,M-2024,ORD-20260814-5056-0232,CONCESSION_ACCRUAL,16,115,2026-08-14T00:23:10+08:00
3d16e413-a5ad-4aa1-9d2d-db49f248cd7b,M-1265,ORD-20260814-1685-0233,CONCESSION_ACCRUAL,25,195,2026-08-14T02:51:52+08:00
63a1a630-654f-4f3b-8aec-790f30e83e0b,M-1265,TIER_UPGRADE_Silver_TO_Gold,TIER_BONUS,100,295,2026-08-14T02:51:52+08:00
9dea7db9-af3e-4a34-bbf2-187f9f78d27a,M-1700,ORD-20260813-8114-0234,CONCESSION_ACCRUAL,45,519,2026-08-13T21:24:08+08:00
33a02d1b-7df7-4564-abc0-d0b1a696114d,M-1187,ORD-20260813-9223-0235,CONCESSION_ACCRUAL,15,448,2026-08-13T21:00:00+08:00
aa9da59a-0648-491e-970b-03e3f0cbd51d,M-1320,ORD-20260813-9849-0236,CONCESSION_ACCRUAL,18,1168,2026-08-13T22:32:14+08:00
86ea5117-9e5e-440b-bba3-6cd302e8ce4a,M-1071,ORD-20260813-5037-0237,CONCESSION_ACCRUAL,19,214,2026-08-13T21:59:37+08:00
779c6b97-5d53-439e-968e-83bd97bbeec4,M-1348,ORD-20260813-6599-0238,CONCESSION_ACCRUAL,3,99,2026-08-13T22:20:19+08:00
1313925a-6d2f-403a-ba96-d68c0d5a7c7e,M-1829,ORD-20260813-4317-0239,CONCESSION_ACCRUAL,16,196,2026-08-13T19:16:15+08:00
33ed006e-916d-4f5a-8297-e0c0e13bbd9e,M-1042,ORD-20260813-4221-0240,CONCESSION_ACCRUAL,37,381,2026-08-13T19:58:23+08:00
8ecaca78-0e6b-470e-80ca-49a4cb2402c1,M-1652,ORD-20260813-4022-0241,CONCESSION_ACCRUAL,3,342,2026-08-13T22:23:21+08:00
2256d733-c890-485f-8dcd-c35396f4698e,M-1155,ORD-20260813-5828-0242,CONCESSION_ACCRUAL,18,595,2026-08-13T19:10:09+08:00
d23786e4-3e68-45b1-a19c-8bf5f199b39c,M-2049,ORD-20260813-2367-0243,CONCESSION_ACCRUAL,3,117,2026-08-13T03:39:02+08:00
d2808080-60f4-4f0b-b799-29e1c11ffd22,M-1503,ORD-20260813-9681-0244,CONCESSION_ACCRUAL,9,848,2026-08-13T23:09:21+08:00
c2266276-cd51-4a4c-bef7-3e567666be10,M-1668,ORD-20260813-9221-0245,CONCESSION_ACCRUAL,3,164,2026-08-13T21:15:15+08:00
00c0bb18-569b-4b8c-8435-705727989827,M-1585,ORD-20260813-9443-0246,CONCESSION_ACCRUAL,27,485,2026-08-13T11:26:04+08:00
047385f6-6f95-429f-86d4-a3c294cf7a2a,M-1366,ORD-20260814-2439-0247,CONCESSION_ACCRUAL,37,590,2026-08-14T01:32:15+08:00
6d12d5d5-d8f9-4959-9fe5-9d60e07ae1fc,M-1497,ORD-20260813-4387-0248,CONCESSION_ACCRUAL,7,825,2026-08-13T23:29:53+08:00
d371c2d4-3e7e-4988-a303-0916bd7a9f33,M-1547,ORD-20260814-4017-0249,CONCESSION_ACCRUAL,14,574,2026-08-14T01:09:15+08:00
20410f76-2760-4383-a662-a2e4371503b3,M-1044,ORD-20260813-9186-0250,CONCESSION_ACCRUAL,13,566,2026-08-13T19:10:53+08:00
6e90ae14-4f5c-4fb7-a858-70d377e8d694,M-1259,ORD-20260813-2135-0251,CONCESSION_ACCRUAL,3,505,2026-08-13T20:17:10+08:00
332ee173-a8e6-4720-9e06-873c57a87a6a,M-2038,ORD-20260814-3362-0252,CONCESSION_ACCRUAL,33,387,2026-08-14T04:29:51+08:00
81ae43b1-9716-49c5-8073-5c6c52b69de1,M-1164,ORD-20260813-4291-0253,CONCESSION_ACCRUAL,25,177,2026-08-13T19:39:00+08:00
18a9cde2-23d8-4d7d-a781-bb1c109ff377,M-1206,ORD-20260813-5077-0254,CONCESSION_ACCRUAL,8,407,2026-08-13T11:57:00+08:00
1d9c61f4-812b-47a9-a0be-3b75366b2a8e,M-1358,ORD-20260813-1377-0255,CONCESSION_ACCRUAL,15,208,2026-08-13T17:58:00+08:00
576cdb39-f886-4073-b42a-33773cc5c6ae,M-1316,ORD-20260813-4285-0256,CONCESSION_ACCRUAL,8,190,2026-08-13T17:18:00+08:00
62cd6b80-2ff3-4df1-b48e-f5e21bf30428,M-1813,ORD-20260813-7655-0257,CONCESSION_ACCRUAL,8,187,2026-08-13T11:03:00+08:00
af89ff81-9a8d-4de3-954c-6f1d2c5169d9,M-1518,ORD-20260813-8652-0258,CONCESSION_ACCRUAL,10,589,2026-08-13T20:24:00+08:00
697f2b18-7d6d-4f19-9b47-178ccc219edc,M-1881,ORD-20260813-4688-0259,CONCESSION_ACCRUAL,12,106,2026-08-13T17:46:00+08:00
57ddfd55-1d71-4614-8790-2c5317d75d9c,M-1444,ORD-20260813-9022-0260,CONCESSION_ACCRUAL,18,3114,2026-08-13T22:30:00+08:00
cea873fb-8eac-4193-afc2-71afc1805f47,M-1101,ORD-20260813-9430-0261,CONCESSION_ACCRUAL,4,614,2026-08-13T18:14:00+08:00
7f7c3882-13c8-472d-bf9c-f56a24f5e6a2,M-1743,ORD-20260813-2961-0262,CONCESSION_ACCRUAL,9,253,2026-08-13T21:30:00+08:00
2caafa78-d9c7-42a6-b96f-a9c795f991d2,M-1172,ORD-20260813-5851-0263,CONCESSION_ACCRUAL,9,707,2026-08-13T12:22:00+08:00
d0857a87-8bea-4f4c-b8ab-2d552f016c4a,M-1546,ORD-20260813-1103-0264,CONCESSION_ACCRUAL,28,311,2026-08-13T16:39:00+08:00
8d9d824c-b8b8-49aa-9b96-d91d35088d7f,M-1689,ORD-20260813-6083-0265,CONCESSION_ACCRUAL,31,484,2026-08-13T21:51:00+08:00
5526f586-1a47-4784-8930-444c32f3c8b8,M-1315,ORD-20260813-7657-0266,CONCESSION_ACCRUAL,3,341,2026-08-13T21:37:00+08:00
cbb25f5f-978b-4eb1-a59d-9df987d82f15,M-1402,ORD-20260813-4212-0267,CONCESSION_ACCRUAL,11,92,2026-08-13T14:58:00+08:00
cd2004a3-35d8-4741-b915-ddaaeca9f358,M-1834,ORD-20260813-2704-0268,CONCESSION_ACCRUAL,10,188,2026-08-13T14:02:00+08:00
5603ee06-7413-4684-a281-3fc9051ea6f4,M-1199,ORD-20260813-4701-0269,CONCESSION_ACCRUAL,16,42,2026-08-13T15:29:00+08:00
682eed53-f78d-441d-983a-9391ef43a102,M-1099,ORD-20260813-1769-0270,CONCESSION_ACCRUAL,8,131,2026-08-13T18:28:00+08:00
4e2fbb3c-03f4-4b6c-91e6-91230687af21,M-1407,ORD-20260813-4517-0271,CONCESSION_ACCRUAL,10,302,2026-08-13T21:53:00+08:00
63adaade-6b28-49b7-8390-7a71b9a290e6,M-1489,ORD-20260813-6986-0272,CONCESSION_ACCRUAL,14,599,2026-08-13T17:23:00+08:00
b57940c7-0571-45d1-9fbb-e7d3f9112b1b,M-1829,ORD-20260813-5214-0273,CONCESSION_ACCRUAL,11,207,2026-08-13T13:28:00+08:00
23c7f62c-cdf0-46c5-a51b-e3a3e582fb2b,M-2023,ORD-20260813-1085-0274,CONCESSION_ACCRUAL,11,543,2026-08-13T11:56:00+08:00
b011d6be-4c28-4788-b761-7c5c58f255e5,M-1289,ORD-20260813-2910-0275,CONCESSION_ACCRUAL,45,285,2026-08-13T20:00:00+08:00
f66825f7-53fd-472e-b763-6d070ab74eb3,M-1508,ORD-20260813-8977-0276,CONCESSION_ACCRUAL,21,471,2026-08-13T12:07:00+08:00
74257415-6ad3-4625-a19d-6fbd1e4e083f,M-1884,ORD-20260813-3188-0277,CONCESSION_ACCRUAL,8,189,2026-08-13T22:51:00+08:00
b067e084-e904-4dab-8a5c-1eca5cd756d5,M-1144,ORD-20260813-7567-0278,CONCESSION_ACCRUAL,33,135,2026-08-13T20:32:00+08:00
5170928b-f3e9-4903-8a8e-7da1913d3655,M-1525,ORD-20260813-9536-0279,CONCESSION_ACCRUAL,16,302,2026-08-13T21:45:00+08:00
799b8881-99f0-46eb-99f7-487e170c5cd6,M-1227,ORD-20260813-2734-0280,CONCESSION_ACCRUAL,18,268,2026-08-13T17:24:00+08:00
00bb2de0-26c4-4129-884b-3eb3b5a2404c,M-1826,ORD-20260813-3899-0281,CONCESSION_ACCRUAL,27,351,2026-08-13T16:14:00+08:00
a443999b-c191-4704-a2a6-32c33cded4a3,M-1469,ORD-20260813-6320-0282,CONCESSION_ACCRUAL,8,390,2026-08-13T09:15:00+08:00
21af8fbe-1a50-43f2-9bbe-66d3befca362,M-1008,ORD-20260813-4141-0283,CONCESSION_ACCRUAL,26,196,2026-08-13T19:11:00+08:00
220db05e-990e-4f42-b1fa-6707c3eb2ed5,M-2196,ORD-20260813-6274-0284,CONCESSION_ACCRUAL,25,293,2026-08-13T09:36:00+08:00
c4dc7599-0b32-4ed1-a518-37aa0ebd4bb9,M-1583,ORD-20260813-8746-0285,CONCESSION_ACCRUAL,3,299,2026-08-13T12:52:00+08:00
d9bda1a3-2368-4d7e-8d5f-e449285b85db,M-1007,ORD-20260813-1037-0286,CONCESSION_ACCRUAL,18,604,2026-08-13T10:01:00+08:00
d460496c-9f42-4aeb-8d1a-e09e03e637f6,M-1065,ORD-20260813-5583-0287,CONCESSION_ACCRUAL,9,707,2026-08-13T12:02:00+08:00
3b90e8c6-0648-4c02-8cc8-38194c36792f,M-1256,ORD-20260813-3536-0288,CONCESSION_ACCRUAL,3,149,2026-08-13T14:56:00+08:00
79d2456e-307a-4a30-b835-5fc20781695d,M-1995,ORD-20260813-5944-0289,CONCESSION_ACCRUAL,15,196,2026-08-13T12:56:00+08:00
000952ae-2c9a-43c2-8516-417f249cde34,M-1706,ORD-20260813-4867-0290,CONCESSION_ACCRUAL,9,747,2026-08-13T14:56:00+08:00
7aa9bd37-1e2b-41b9-85ee-061d4e2eafe6,M-1154,ORD-20260813-7351-0291,CONCESSION_ACCRUAL,3,318,2026-08-13T13:33:00+08:00
a61e67a1-e4d3-4473-8a51-e67a673d5bd6,M-2051,ORD-20260813-6796-0292,CONCESSION_ACCRUAL,6,286,2026-08-13T19:02:00+08:00
6747aa7e-cd94-414d-b33a-694e4167c9aa,M-1588,ORD-20260813-2138-0293,CONCESSION_ACCRUAL,18,1493,2026-08-13T16:15:00+08:00
93b9b257-2bac-437a-96c4-484570c2274f,M-1816,ORD-20260813-8550-0294,CONCESSION_ACCRUAL,28,193,2026-08-13T17:57:00+08:00
31b90e67-a429-4321-b3c1-204eb5aea26e,M-1712,ORD-20260813-4372-0295,CONCESSION_ACCRUAL,8,268,2026-08-13T13:29:00+08:00
1eae6b3e-94e6-4258-9550-4727c8396b9a,M-1367,ORD-20260813-3261-0296,CONCESSION_ACCRUAL,15,642,2026-08-13T09:49:00+08:00
d82afc98-7483-4a3b-a398-07da9ffd8647,M-2088,ORD-20260813-2620-0297,CONCESSION_ACCRUAL,3,245,2026-08-13T22:15:00+08:00
e33b7edb-e530-44ff-ae64-fe029e5464a7,M-2003,ORD-20260813-3385-0298,CONCESSION_ACCRUAL,15,225,2026-08-13T09:59:00+08:00
1a139c10-858f-4966-b69f-3c35f53f9195,M-1161,ORD-20260813-9592-0299,CONCESSION_ACCRUAL,61,570,2026-08-13T13:57:00+08:00
93ec1582-1cc3-4cfd-b821-d89dd21bdcc2,M-2101,ORD-20260813-1324-0300,CONCESSION_ACCRUAL,16,115,2026-08-13T09:12:00+08:00
b1964d8f-8f2a-494c-ae6a-4479b089be7f,M-2101,TIER_UPGRADE_Standard_TO_Silver,TIER_BONUS,50,165,2026-08-13T09:12:00+08:00
59c59792-9a1d-4f17-bea3-413b2413b751,M-2063,ORD-20260813-3965-0301,CONCESSION_ACCRUAL,21,246,2026-08-13T12:04:00+08:00
03198ad7-0762-475d-9263-217a30ed1960,M-1546,ORD-20260813-5274-0302,CONCESSION_ACCRUAL,11,322,2026-08-13T15:23:00+08:00
98e8b7ff-5424-4919-9b82-5b46f76706c6,M-1899,ORD-20260813-9817-0303,CONCESSION_ACCRUAL,6,195,2026-08-13T19:27:00+08:00
6951a4e5-8686-4983-89e9-5483e110c2f2,M-1079,ORD-20260813-4445-0304,CONCESSION_ACCRUAL,36,337,2026-08-13T22:19:00+08:00
9e407015-5511-418d-b6db-5ac0840ddd24,M-1213,ORD-20260813-9375-0305,CONCESSION_ACCRUAL,7,207,2026-08-13T11:39:00+08:00
25de3baa-4e1f-44eb-abe2-528f976b8ec6,M-1857,ORD-20260813-1393-0306,CONCESSION_ACCRUAL,26,201,2026-08-13T10:41:00+08:00
c4cf7ae9-9913-4877-8c67-ee7b7b3b0519,M-1239,ORD-20260813-4259-0307,CONCESSION_ACCRUAL,16,244,2026-08-13T14:54:00+08:00
534c858a-b69a-4f7d-8b46-90c3221a6152,M-1891,ORD-20260813-1148-0308,CONCESSION_ACCRUAL,26,211,2026-08-13T19:08:00+08:00
0565e14a-a1d5-49bf-9a2c-a4bc7f73caea,M-2158,ORD-20260813-7670-0309,CONCESSION_ACCRUAL,12,38,2026-08-13T13:22:00+08:00
7ef218e8-edb6-4faf-b150-92ee6dfea839,M-1327,ORD-20260813-5587-0310,CONCESSION_ACCRUAL,13,1995,2026-08-13T18:47:00+08:00
9501fc42-9121-4609-a206-b05e8126dbb8,M-1906,ORD-20260813-3664-0311,CONCESSION_ACCRUAL,12,132,2026-08-13T21:03:00+08:00
cf36b36f-2da5-45ec-b21e-7a920f1fdf69,M-1788,ORD-20260813-7934-0312,CONCESSION_ACCRUAL,11,480,2026-08-13T13:33:00+08:00
8049ea4b-fdd5-46c2-9e9d-75598bd455c2,M-1227,ORD-20260813-5854-0313,CONCESSION_ACCRUAL,15,283,2026-08-13T14:30:00+08:00
e7e7432f-c2a6-4d72-8169-00e167e3ce5d,M-1607,ORD-20260813-6816-0314,CONCESSION_ACCRUAL,14,395,2026-08-13T11:04:00+08:00
6bcea999-f5c2-4a82-898c-95ddb11f962b,M-1392,ORD-20260813-6926-0315,CONCESSION_ACCRUAL,23,994,2026-08-13T16:23:00+08:00
9cf5fa64-4a68-4e89-9e17-de07714f192c,M-1915,ORD-20260813-2055-0316,CONCESSION_ACCRUAL,3,536,2026-08-13T22:21:00+08:00
c70ac69c-bc17-4de9-afb1-7f84e85f0989,M-1558,ORD-20260813-6500-0317,CONCESSION_ACCRUAL,18,278,2026-08-13T20:13:00+08:00
9d296b95-5406-49c9-851a-ecea38602d16,M-1246,ORD-20260813-4856-0318,CONCESSION_ACCRUAL,46,273,2026-08-13T17:39:00+08:00
42382fc6-de8b-4285-8c85-664df91de9a5,M-1246,TIER_UPGRADE_Silver_TO_Gold,TIER_BONUS,100,373,2026-08-13T17:39:00+08:00
92bbc6ed-f764-4863-914e-6b68451ffafc,M-1051,ORD-20260813-3207-0319,CONCESSION_ACCRUAL,18,315,2026-08-13T22:47:00+08:00
3295ddd5-11ec-4dbf-8a4d-1e4f622d3c2e,M-1896,ORD-20260813-7441-0320,CONCESSION_ACCRUAL,15,375,2026-08-13T17:21:00+08:00
11ee0e21-751c-44d3-b120-3ee2b9a138a8,M-2172,ORD-20260813-1011-0321,CONCESSION_ACCRUAL,8,291,2026-08-13T09:47:00+08:00
428e8cda-17cb-4204-bfd2-8a3fe7ddde23,M-1468,ORD-20260813-3216-0322,CONCESSION_ACCRUAL,12,642,2026-08-13T14:03:00+08:00
91f62235-b6a9-45aa-abc2-63952c33e55e,M-2110,ORD-20260813-8272-0323,CONCESSION_ACCRUAL,23,376,2026-08-13T14:14:00+08:00
06095829-4ea0-4319-b9a1-14c5cd32899f,M-2056,ORD-20260813-9984-0324,CONCESSION_ACCRUAL,13,205,2026-08-13T12:40:00+08:00
cf46a8c0-2ec7-4f70-9c89-138931b60848,M-1884,ORD-20260813-6501-0325,CONCESSION_ACCRUAL,19,208,2026-08-13T14:50:00+08:00
68e603e7-4b8e-4d81-8d50-a210f1eda569,M-1343,ORD-20260813-4050-0326,CONCESSION_ACCRUAL,18,178,2026-08-13T16:30:00+08:00
db7638ed-6bf4-433b-90e0-02a76015d603,M-1075,ORD-20260813-2400-0327,CONCESSION_ACCRUAL,16,258,2026-08-13T21:30:00+08:00
e91ff2d8-141e-40f9-b05e-11b6260ec644,M-1540,ORD-20260813-1489-0328,CONCESSION_ACCRUAL,3,193,2026-08-13T09:58:00+08:00
cff9cf45-72c7-4471-8029-4020460cfb08,M-1580,ORD-20260813-5306-0329,CONCESSION_ACCRUAL,13,1026,2026-08-13T11:34:00+08:00
3c392d63-e94c-4644-87b8-23e1359638ad,M-1540,ORD-20260813-9470-0330,CONCESSION_ACCRUAL,13,206,2026-08-13T16:12:00+08:00
81f3db3b-bc76-4e98-818a-1919838f3cab,M-2147,ORD-20260813-9005-0331,CONCESSION_ACCRUAL,3,54,2026-08-13T09:12:00+08:00
a6cd5272-2368-4350-be73-e0d0c42803e0,M-2057,ORD-20260813-9044-0332,CONCESSION_ACCRUAL,12,67,2026-08-13T09:19:00+08:00
2a0ae2bf-4f9e-4276-9be6-c2b1fd7c72e9,M-1187,ORD-20260813-1813-0333,CONCESSION_ACCRUAL,15,463,2026-08-13T10:19:00+08:00
446edda9-d51a-4648-90d9-1534188c1427,M-1326,ORD-20260813-6326-0334,CONCESSION_ACCRUAL,31,334,2026-08-13T11:39:00+08:00
2f30beef-a996-4f10-9b8d-dd26e130bbb1,M-1870,ORD-20260813-4619-0335,CONCESSION_ACCRUAL,11,340,2026-08-13T18:46:00+08:00
cb2d1ed5-f18e-47cb-add1-3f163276eaf3,M-1590,ORD-20260813-9750-0336,CONCESSION_ACCRUAL,33,214,2026-08-13T21:43:00+08:00
