ledger_id,member_id,source_reference_id,transaction_type,points_delta,resulting_balance,created_at
a714c551-a481-4d0c-866b-9f262dc97972,M-1554,SESS-20260705-8556-0000,RENTAL_ACCRUAL,13,606,2026-07-05T23:45:00+08:00
3a53ea52-550a-4591-9967-dcfbce21fb5d,M-1248,SESS-20260705-1942-0001,RENTAL_ACCRUAL,36,84,2026-07-06T01:15:00+08:00
72a7504d-49e3-4062-b579-9c570e505618,M-1050,SESS-20260705-1087-0002,RENTAL_ACCRUAL,27,223,2026-07-06T02:30:00+08:00
85e1f081-ecb4-4bd7-83db-c21f67e57e4d,M-1683,SESS-20260705-1030-0003,RENTAL_ACCRUAL,28,758,2026-07-05T07:35:00+08:00
a4f764fc-c30e-4750-9fbd-d0b1ba24cc37,M-1759,SESS-20260705-3562-0004,RENTAL_ACCRUAL,40,125,2026-07-05T23:15:00+08:00
4458af59-7b60-486d-8265-62b837de3f0a,M-1759,TIER_UPGRADE_Standard_TO_Silver,TIER_BONUS,50,175,2026-07-05T23:15:00+08:00
1d28c01a-8c9b-4027-81eb-e2d3106f723f,M-1654,SESS-20260705-1181-0005,RENTAL_ACCRUAL,8,122,2026-07-05T23:45:00+08:00
91192d9a-e73b-40bf-99ef-34920175ee21,M-1275,SESS-20260705-7722-0006,RENTAL_ACCRUAL,5,53,2026-07-05T23:00:00+08:00
e9c594d1-5f26-4605-8671-e8dee952b74e,M-1140,SESS-20260705-8215-0007,RENTAL_REDEMPTION,-100,97,2026-07-05T18:45:00+08:00
10a0595a-cc0f-4be8-93d3-9052875d6c5f,M-1140,SESS-20260705-8215-0007,RENTAL_ACCRUAL,19,116,2026-07-05T20:45:00+08:00
dfb7842e-48b6-4dbe-a18b-fb0ca46311fa,M-1830,SESS-20260705-2898-0008,RENTAL_ACCRUAL,28,438,2026-07-05T13:30:00+08:00
81ddffc9-3529-48ef-b8c2-c6bfa47e6f44,M-1461,SESS-20260705-5812-0009,RENTAL_ACCRUAL,10,176,2026-07-05T11:00:00+08:00
eb73e959-75ab-4a3e-a431-113ae11ef98e,M-1367,SESS-20260705-1508-0010,RENTAL_REDEMPTION,-100,73,2026-07-05T18:30:00+08:00
1fb9527d-c8ef-4ba9-9006-78b238767e62,M-1367,SESS-20260705-1508-0010,RENTAL_ACCRUAL,20,93,2026-07-05T23:30:00+08:00
7a1da621-c365-4341-87dc-261ee5e1cadd,M-1153,SESS-20260705-3371-0011,RENTAL_ACCRUAL,25,77,2026-07-05T22:15:00+08:00
53311d92-c1a6-4a49-afc6-60ead1476adb,M-1808,SESS-20260705-3347-0012,RENTAL_ACCRUAL,18,1758,2026-07-05T11:15:00+08:00
c307a46e-e666-4b38-bd42-328317addab7,M-1696,SESS-20260705-6979-0013,RENTAL_ACCRUAL,27,788,2026-07-06T02:45:00+08:00
b9606f93-3603-4b37-8a9f-e8bb2a355eaa,M-1518,SESS-20260705-8348-0014,RENTAL_ACCRUAL,24,212,2026-07-05T19:00:00+08:00
729fc36a-cc86-4042-95f3-ebaefc51a1ea,M-1518,TIER_UPGRADE_Standard_TO_Silver,TIER_BONUS,50,262,2026-07-05T19:00:00+08:00
eb6d9262-7f4e-486d-93d6-6d3c1b2ecb62,M-1478,SESS-20260705-9432-0015,RENTAL_REDEMPTION,-100,21,2026-07-05T13:45:00+08:00
46f13fff-51c8-46d2-876f-6540ae9b06d4,M-1478,SESS-20260705-9432-0015,RENTAL_ACCRUAL,20,41,2026-07-05T18:45:00+08:00
32f04d1f-715e-466e-b6c1-6b1d630eb78a,M-1152,SESS-20260705-4449-0016,RENTAL_ACCRUAL,24,61,2026-07-06T01:30:00+08:00
bd23bcad-62f7-4c5d-add0-c2e420f402b2,M-1649,SESS-20260705-9085-0017,RENTAL_ACCRUAL,5,92,2026-07-05T19:00:00+08:00
23e2c22a-db12-4881-ba62-140cd28f9f6a,M-1073,SESS-20260705-4229-0018,RENTAL_ACCRUAL,40,157,2026-07-05T19:30:00+08:00
dadc52c0-955e-4ab7-bc8a-4eebf6034b3d,M-1370,SESS-20260705-9615-0019,RENTAL_ACCRUAL,64,201,2026-07-05T21:45:00+08:00
3ceafe81-f0b2-49b1-9f1b-49d74a09154e,M-1023,SESS-20260705-8383-0020,RENTAL_ACCRUAL,40,80,2026-07-06T00:45:00+08:00
633ae62d-65f1-4fc4-90db-6809e09761b4,M-1462,SESS-20260705-4206-0021,RENTAL_ACCRUAL,16,362,2026-07-05T13:30:00+08:00
0787ecd1-38ba-451b-86a1-5a4467aabd86,M-1430,SESS-20260705-9960-0022,RENTAL_ACCRUAL,72,1132,2026-07-05T16:15:00+08:00
d65ef3cd-cf3d-4ab0-b8d9-3e68d6b9e2b2,M-1063,SESS-20260705-6124-0023,RENTAL_REDEMPTION,-100,310,2026-07-05T15:30:00+08:00
5082ccae-4406-489b-9de5-bfe5217a49d0,M-1063,SESS-20260705-6124-0023,RENTAL_ACCRUAL,5,315,2026-07-05T17:30:00+08:00
162eb2f2-cacd-42aa-9d06-432157d97835,M-1464,SESS-20260705-7191-0024,RENTAL_REDEMPTION,-100,53,2026-07-05T18:00:00+08:00
8930d3a6-f01f-4481-be42-feeed60eed5d,M-1464,SESS-20260705-7191-0024,RENTAL_ACCRUAL,19,72,2026-07-05T20:00:00+08:00
e7a11e44-9ebb-4610-8da1-418647c09657,M-1957,SESS-20260705-2122-0025,RENTAL_ACCRUAL,60,62,2026-07-05T21:00:00+08:00
347b9898-7983-4671-af15-a180992b77a0,M-1010,SESS-20260705-7435-0026,RENTAL_ACCRUAL,8,133,2026-07-05T18:15:00+08:00
51b59f62-2576-4926-b0f5-78a816aa3c48,M-1126,SESS-20260705-3928-0027,RENTAL_REDEMPTION,-100,95,2026-07-05T19:45:00+08:00
b41bb7aa-b9fc-4aaa-8a80-0f2a378ef03b,M-1456,SESS-20260705-4589-0028,RENTAL_ACCRUAL,16,119,2026-07-05T21:15:00+08:00
25aab36b-c7af-4662-9a51-ec3359e82c17,M-1391,SESS-20260705-9736-0029,RENTAL_REDEMPTION,-100,88,2026-07-05T21:45:00+08:00
6e2c4d7f-5f8c-42a4-a7b2-625ee9560524,M-1391,SESS-20260705-9736-0029,RENTAL_ACCRUAL,10,98,2026-07-06T00:45:00+08:00
65e20a75-a075-4bd8-8981-036164366772,M-1127,SESS-20260705-2740-0030,RENTAL_ACCRUAL,8,151,2026-07-05T11:15:00+08:00
ac8a1ee9-778c-46fe-b308-06df3ad7f70f,M-1467,SESS-20260705-5258-0031,RENTAL_REDEMPTION,-100,147,2026-07-05T05:15:00+08:00
7eca5624-ce3d-423d-a5af-0701c61b7ef9,M-1467,SESS-20260705-5258-0031,RENTAL_ACCRUAL,2,149,2026-07-05T06:15:00+08:00
1785e919-e956-466a-a2b2-b8860cc0d683,M-1257,SESS-20260705-4008-0032,RENTAL_ACCRUAL,16,52,2026-07-05T23:55:00+08:00
622e8a1b-efb2-4ea1-a6cf-97560d11265b,M-1221,SESS-20260705-8393-0033,RENTAL_ACCRUAL,43,1801,2026-07-06T01:00:00+08:00
8d686a4e-8943-42b9-8637-4d80ab5aef54,M-1076,SESS-20260705-2289-0034,RENTAL_ACCRUAL,10,74,2026-07-05T17:45:00+08:00
20307c5b-c1e5-4174-8bea-b9ebe6249925,M-1309,SESS-20260705-6763-0035,RENTAL_ACCRUAL,10,101,2026-07-05T19:45:00+08:00
fed1c101-1941-4f31-9754-dd3bb1f99912,M-1067,SESS-20260705-5055-0036,RENTAL_ACCRUAL,27,334,2026-07-05T22:00:00+08:00
e97e5905-521d-476a-a7e7-0838697b0261,M-1819,SESS-20260705-8392-0037,RENTAL_ACCRUAL,8,90,2026-07-05T04:00:00+08:00
158fd8a6-300a-40e8-8525-eb445b7840b2,M-1508,SESS-20260705-2257-0038,RENTAL_ACCRUAL,27,276,2026-07-05T17:15:00+08:00
7a87a56e-5795-4acf-9241-97bedb8f9fdd,M-1423,SESS-20260705-5708-0039,RENTAL_ACCRUAL,5,80,2026-07-06T00:15:00+08:00
8c5720a9-a875-406f-9f24-ccb14bfea706,M-1437,SESS-20260705-5573-0040,RENTAL_ACCRUAL,36,116,2026-07-05T17:45:00+08:00
7e098493-466b-4bc4-bc50-fcb477af8b86,M-1118,SESS-20260705-6410-0041,RENTAL_ACCRUAL,10,13,2026-07-05T16:30:00+08:00
b0e21ecc-953e-45bd-bc61-3278b83a9229,M-1468,SESS-20260705-2131-0042,RENTAL_ACCRUAL,11,352,2026-07-05T18:30:00+08:00
dfe77967-5c96-4352-8526-7dc17c71d34c,M-1498,SESS-20260705-4035-0043,RENTAL_REDEMPTION,-100,114,2026-07-05T18:45:00+08:00
dd1d476c-5bd6-4c7b-9bd1-ae35e8c5c5b0,M-1498,SESS-20260705-4035-0043,RENTAL_ACCRUAL,5,119,2026-07-05T20:45:00+08:00
f870d999-0e3f-45eb-98a9-72dd7ea32247,M-1971,SESS-20260705-9077-0044,RENTAL_ACCRUAL,24,72,2026-07-06T01:45:00+08:00
abbba790-1393-437c-bb85-6ee8b9ad9034,M-1741,SESS-20260705-8690-0045,RENTAL_ACCRUAL,28,238,2026-07-05T10:30:00+08:00
399e6353-893f-4121-958a-95f87b06a4be,M-1091,SESS-20260705-1698-0046,RENTAL_ACCRUAL,10,99,2026-07-05T15:45:00+08:00
173f722a-2f5b-4c5f-b94a-ac0288cffc25,M-1634,SESS-20260705-8173-0047,RENTAL_ACCRUAL,8,113,2026-07-05T19:25:00+08:00
95f61a58-f51e-4b1e-93c5-95d18f8f96c2,M-1639,SESS-20260705-9788-0048,RENTAL_ACCRUAL,8,91,2026-07-05T21:15:00+08:00
bc0d4acc-370b-4b0b-a8fe-7163f42676b6,M-1349,SESS-20260705-9226-0049,RENTAL_ACCRUAL,16,747,2026-07-06T01:45:00+08:00
27ff8d38-ce29-4f0f-bb44-61a326902330,M-1283,SESS-20260705-2888-0050,RENTAL_ACCRUAL,16,222,2026-07-05T15:30:00+08:00
d34a8b2e-9ab1-40db-92df-de1bde22008b,M-1743,SESS-20260705-8402-0051,RENTAL_ACCRUAL,25,82,2026-07-06T03:00:00+08:00
7859d82f-3e8b-40f0-bee1-190b73bfc306,M-1617,SESS-20260705-9375-0052,RENTAL_REDEMPTION,-100,91,2026-07-05T21:00:00+08:00
19b2b7d1-2e24-44cf-88c8-15adddc35d84,M-1617,SESS-20260705-9375-0052,RENTAL_ACCRUAL,10,101,2026-07-06T00:00:00+08:00
3cde9903-d97c-45d4-b14f-94a81a98543a,M-1005,SESS-20260705-8196-0053,RENTAL_ACCRUAL,10,42,2026-07-05T13:15:00+08:00
7d9c10e1-493a-4984-acd2-ea13c65ecd16,M-1141,SESS-20260705-6025-0054,RENTAL_ACCRUAL,15,179,2026-07-05T13:00:00+08:00
cadbf698-24ea-4b34-9d7a-3c2792459d08,M-1175,SESS-20260705-1128-0055,RENTAL_ACCRUAL,18,380,2026-07-06T01:55:00+08:00
b09c810a-bc82-47fd-92f0-107b83ec58b6,M-1682,SESS-20260705-5727-0056,RENTAL_REDEMPTION,-100,93,2026-07-05T15:00:00+08:00
a59aa556-42be-42d8-902c-7c94b3bef116,M-1682,SESS-20260705-5727-0056,RENTAL_ACCRUAL,5,98,2026-07-05T17:00:00+08:00
f41da979-13bd-406a-b112-581fca8911b1,M-2044,SESS-20260705-6910-0057,RENTAL_ACCRUAL,5,62,2026-07-05T17:45:00+08:00
7c83336c-8736-428f-8afa-ba11f94ef5fe,M-1139,SESS-20260705-3759-0058,RENTAL_ACCRUAL,15,210,2026-07-05T20:45:00+08:00
cebede55-d86a-4da9-9041-ece9acf7505b,M-1815,SESS-20260705-9122-0059,RENTAL_ACCRUAL,25,107,2026-07-06T02:30:00+08:00
70c4145e-0cec-402f-b1c7-8f5880a64d26,M-1745,SESS-20260705-4472-0060,RENTAL_ACCRUAL,5,104,2026-07-05T15:45:00+08:00
f9b4b7d0-9f18-4408-b636-648192942dd3,M-1647,SESS-20260705-8764-0061,RENTAL_ACCRUAL,45,570,2026-07-05T14:00:00+08:00
dc848565-795b-4b7c-beed-0cf4d1e5139a,M-1493,SESS-20260705-3267-0062,RENTAL_ACCRUAL,10,24,2026-07-05T22:15:00+08:00
6b989e04-8b3c-4125-aa7c-b4145602b23f,M-1254,SESS-20260705-4592-0063,RENTAL_ACCRUAL,5,103,2026-07-06T00:45:00+08:00
3100eabd-4a2d-410a-8c49-da64a8d20d26,M-1703,SESS-20260705-3952-0064,RENTAL_ACCRUAL,5,183,2026-07-05T20:45:00+08:00
7fdad61f-88e7-4867-8e29-238f59d81f05,M-1511,SESS-20260705-6798-0065,RENTAL_ACCRUAL,11,60,2026-07-05T13:30:00+08:00
cecd3c63-419f-4b61-9215-49753bb78457,M-1676,SESS-20260705-3794-0066,RENTAL_REDEMPTION,-100,3011,2026-07-05T19:30:00+08:00
0dfcb5ba-1f42-4e0a-9f09-23ecf51e4e7d,M-1676,SESS-20260705-3794-0066,RENTAL_ACCRUAL,21,3032,2026-07-05T22:30:00+08:00
952095d4-b857-4910-aa2d-fdc06313cc93,M-1505,SESS-20260705-9327-0067,RENTAL_ACCRUAL,60,168,2026-07-05T19:30:00+08:00
33b0c6dc-61eb-49f4-84e2-1bbde40cd791,M-1269,SESS-20260705-1435-0068,RENTAL_ACCRUAL,11,278,2026-07-05T15:45:00+08:00
b7d981fe-dd13-49b5-89bb-9cdc5e29536e,M-1377,SESS-20260705-6726-0069,RENTAL_ACCRUAL,27,455,2026-07-05T19:55:00+08:00
05845e07-f720-4db5-a687-1ca3941545d1,M-1751,SESS-20260705-8590-0070,RENTAL_ACCRUAL,10,143,2026-07-05T19:30:00+08:00
311e08a2-d839-4abc-ade3-76497afeb073,M-1690,SESS-20260705-8330-0071,RENTAL_ACCRUAL,10,158,2026-07-05T17:15:00+08:00
47a8887a-4fb3-4c3d-8412-ab234b08b0ca,M-1095,SESS-20260705-2250-0072,RENTAL_REDEMPTION,-100,15,2026-07-05T19:45:00+08:00
965cb11a-e0eb-416c-a3ce-74550bf8fb61,M-1095,SESS-20260705-2250-0072,RENTAL_ACCRUAL,19,34,2026-07-05T21:45:00+08:00
ddd59fcd-d3c6-4e36-9be0-493f8c3a78ce,M-1149,SESS-20260705-7883-0073,RENTAL_ACCRUAL,10,107,2026-07-05T23:30:00+08:00
aa9afffb-3f94-454e-b694-dedab82531c8,M-1361,SESS-20260705-8826-0074,RENTAL_ACCRUAL,11,352,2026-07-05T18:45:00+08:00
347fa2a0-e89e-4a5f-b5e8-5666152c1e22,M-1089,SESS-20260705-4768-0075,RENTAL_ACCRUAL,15,159,2026-07-06T02:40:00+08:00
dab5a624-f739-49fd-b3ac-a1163a961551,M-1670,SESS-20260705-3005-0076,RENTAL_ACCRUAL,15,163,2026-07-05T19:15:00+08:00
dd5b5c28-9745-4b3a-82e6-b2997907ca0e,M-1794,SESS-20260705-2362-0077,RENTAL_REDEMPTION,-100,127,2026-07-05T17:30:00+08:00
86e231bd-3af1-4892-9536-d91476c184e7,M-1143,SESS-20260705-2360-0078,RENTAL_REDEMPTION,-200,3329,2026-07-05T21:15:00+08:00
0d4898d3-e17b-483e-8c6f-a829dc5e3296,M-1143,SESS-20260705-2360-0078,RENTAL_ACCRUAL,15,3344,2026-07-06T02:15:00+08:00
893eab9e-fb57-42a1-a2f2-d4b61ede06a6,M-1646,SESS-20260705-1644-0079,RENTAL_ACCRUAL,40,122,2026-07-05T22:15:00+08:00
f9b3c35d-137e-4ea1-88d3-d70f7ffa0146,M-1001,SESS-20260705-1270-0080,RENTAL_ACCRUAL,16,18,2026-07-06T00:45:00+08:00
3fcfd140-34a4-42f1-b78d-86f2bca1eb59,M-1553,SESS-20260705-9349-0081,RENTAL_ACCRUAL,24,162,2026-07-05T23:30:00+08:00
5dbcbcee-2362-40aa-904b-2ce647c0d7d4,M-1019,SESS-20260705-9609-0082,RENTAL_ACCRUAL,5,103,2026-07-05T21:00:00+08:00
d79540f4-7f82-4ce1-acdc-675375d8fd27,M-1583,SESS-20260705-3105-0083,RENTAL_REDEMPTION,-100,72,2026-07-05T20:55:00+08:00
f36a3a4f-6263-46d0-85f2-6eb2dbb7a941,M-1763,SESS-20260705-3056-0084,RENTAL_ACCRUAL,60,227,2026-07-06T03:30:00+08:00
f31ef7ae-273b-455b-acd9-377d6a818162,M-1775,SESS-20260705-4230-0085,RENTAL_REDEMPTION,-200,1202,2026-07-05T18:15:00+08:00
cf401dc9-f842-4c60-89ee-2a354ef7020e,M-1775,SESS-20260705-4230-0085,RENTAL_ACCRUAL,3,1205,2026-07-05T21:15:00+08:00
8f695842-c70f-4a1b-b953-ce0019bd64ac,M-1624,SESS-20260705-7181-0086,RENTAL_REDEMPTION,-100,904,2026-07-05T17:45:00+08:00
86bc5259-df5a-461f-9bcd-ddc46c88ab30,M-1624,SESS-20260705-7181-0086,RENTAL_ACCRUAL,22,926,2026-07-05T22:45:00+08:00
866e9b66-17a9-402c-8966-7d5c356036a9,M-1767,SESS-20260705-5130-0087,RENTAL_ACCRUAL,10,169,2026-07-05T15:00:00+08:00
90a706b6-46c6-4123-ad33-45b5f51491f8,M-1426,SESS-20260705-8739-0088,RENTAL_ACCRUAL,9,811,2026-07-05T23:15:00+08:00
fe7ab796-c579-4fc3-9810-4652cec5f509,M-1016,SESS-20260705-8460-0089,RENTAL_ACCRUAL,8,107,2026-07-05T18:00:00+08:00
b1207d8f-724a-43f4-90aa-4c82e837472d,M-1014,SESS-20260705-9256-0090,RENTAL_ACCRUAL,5,432,2026-07-05T15:45:00+08:00
416e050f-44c9-45ac-a528-1a464624f629,M-1274,SESS-20260705-5016-0091,RENTAL_ACCRUAL,16,94,2026-07-05T16:00:00+08:00
b8a3e3c4-3b9d-47fa-b774-5bcca5208c19,M-1542,SESS-20260705-4631-0092,RENTAL_ACCRUAL,15,54,2026-07-05T22:05:00+08:00
b3418e0a-51de-406a-8e4c-7e8d5e0bd1e9,M-1754,SESS-20260705-3372-0093,RENTAL_ACCRUAL,11,588,2026-07-06T00:00:00+08:00
b0df90a2-db55-442d-9f65-3efc6bae1d89,M-1088,SESS-20260705-9061-0094,RENTAL_ACCRUAL,5,131,2026-07-05T19:45:00+08:00
2d08169b-5f6d-445b-9f54-d697edc8c8df,M-1176,SESS-20260705-6929-0095,RENTAL_REDEMPTION,-100,105,2026-07-05T22:15:00+08:00
18d96805-a082-4a35-9b96-cba5da9a2272,M-1176,SESS-20260705-6929-0095,RENTAL_ACCRUAL,10,115,2026-07-06T01:15:00+08:00
2de04a47-c3cd-43d2-82f7-96ecb4fae3da,M-1027,SESS-20260705-3530-0096,RENTAL_ACCRUAL,24,163,2026-07-05T21:45:00+08:00
4260c9ca-7a23-4b98-a55c-d2aedf081ec6,M-1027,TIER_UPGRADE_Standard_TO_Silver,TIER_BONUS,50,213,2026-07-05T21:45:00+08:00
3ff414d7-0821-43a7-9c46-bc54959a8954,M-1437,SESS-20260705-1543-0097,RENTAL_ACCRUAL,25,141,2026-07-06T02:45:00+08:00
80596895-ab82-4ac0-9d2b-88414ac87d5f,M-1612,SESS-20260705-5562-0098,RENTAL_ACCRUAL,10,138,2026-07-05T22:30:00+08:00
646e14ac-f367-4067-9fb2-b04256394036,M-1245,SESS-20260705-2302-0099,RENTAL_ACCRUAL,15,39,2026-07-06T01:25:00+08:00
827b42cb-e619-42ca-a914-1344d3afb550,M-1355,SESS-20260705-7193-0100,RENTAL_ACCRUAL,15,89,2026-07-06T00:15:00+08:00
f4980ac2-7382-49ee-bfc3-719b6b08cccf,M-1382,SESS-20260705-5476-0101,RENTAL_ACCRUAL,25,111,2026-07-05T19:45:00+08:00
e4553875-735a-4b00-91be-996f9b1b99cb,M-1076,SESS-20260705-8147-0102,RENTAL_ACCRUAL,8,82,2026-07-05T20:10:00+08:00
52fd7c89-c48a-42ad-bd72-1813dd846146,M-1497,SESS-20260705-6179-0103,RENTAL_REDEMPTION,-100,564,2026-07-05T19:45:00+08:00
4d1d828f-a581-473d-9c64-f831b166247c,M-1497,SESS-20260705-6179-0103,RENTAL_ACCRUAL,2,566,2026-07-05T20:45:00+08:00
bc3c94fc-398b-4639-aa0d-135c81160252,M-1615,SESS-20260705-1534-0104,RENTAL_ACCRUAL,16,81,2026-07-05T17:15:00+08:00
103b7b87-9457-48e7-9f97-e08418828714,M-1583,SESS-20260705-8236-0105,RENTAL_ACCRUAL,5,77,2026-07-05T23:00:00+08:00
63834d08-c682-4866-b09e-468d43b0c0a5,M-1238,SESS-20260705-6516-0106,RENTAL_ACCRUAL,45,196,2026-07-06T00:15:00+08:00
06856ded-f974-4b2c-8f83-a48ff99a0f38,M-1234,SESS-20260705-3148-0107,RENTAL_ACCRUAL,24,131,2026-07-05T18:35:00+08:00
dc0485cc-8761-4015-aa5e-dc2a3c0d70a6,M-1282,SESS-20260705-1088-0108,RENTAL_ACCRUAL,11,228,2026-07-05T20:50:00+08:00
38efb8bc-2837-48ad-9b27-72dbe9fecc6e,M-1463,SESS-20260705-7616-0109,RENTAL_ACCRUAL,18,3566,2026-07-05T19:30:00+08:00
ec0d9d5b-f833-47f8-a53b-e3a412400683,M-1555,SESS-20260705-9790-0110,RENTAL_ACCRUAL,8,52,2026-07-05T16:15:00+08:00
c173bfd2-e1b7-4450-ac93-3825bb4bc3c7,M-1620,SESS-20260705-9471-0111,RENTAL_ACCRUAL,9,476,2026-07-05T22:00:00+08:00
f732b113-0c18-4e67-b3a6-00cb1b18ad6a,M-1569,SESS-20260705-6661-0112,RENTAL_ACCRUAL,25,118,2026-07-06T03:30:00+08:00
1cadc1c9-19dd-43f9-a6cf-4b5d83d16306,M-1435,SESS-20260705-7996-0113,RENTAL_ACCRUAL,25,61,2026-07-05T23:45:00+08:00
d7d3718d-152b-4872-80ec-d4205e33d163,M-1334,SESS-20260705-7193-0114,RENTAL_ACCRUAL,40,156,2026-07-06T00:00:00+08:00
e8a8e203-5785-4c70-8990-c8b132652e85,M-1485,SESS-20260705-5872-0115,RENTAL_ACCRUAL,108,307,2026-07-06T06:00:00+08:00
179d5865-ec19-4dc9-bbee-c2ae9fc1cfa2,M-1823,SESS-20260705-5824-0116,RENTAL_ACCRUAL,27,214,2026-07-06T02:25:00+08:00
fe0703dd-4731-4ca0-99ad-c084eaa0ff3f,M-1112,SESS-20260705-7330-0117,RENTAL_ACCRUAL,6,1430,2026-07-05T23:15:00+08:00
b87c7fce-0f45-4423-8245-43ac97358b14,M-1430,SESS-20260705-6129-0118,RENTAL_ACCRUAL,48,1180,2026-07-05T21:20:00+08:00
e9f82702-93b8-4c6b-bc59-4039572c2eab,M-1045,SESS-20260705-1802-0119,RENTAL_ACCRUAL,24,144,2026-07-06T01:15:00+08:00
7ca991b7-68aa-467b-9e8c-a8aa7eb94d91,M-1134,SESS-20260705-4196-0120,RENTAL_ACCRUAL,27,158,2026-07-05T21:00:00+08:00
cbe02187-9951-44d3-a69d-fc29cd420650,M-1584,SESS-20260705-7070-0121,RENTAL_ACCRUAL,5,14,2026-07-05T18:30:00+08:00
77703c3e-1307-4e88-ba38-5ed3aeff35f2,M-1571,SESS-20260705-9757-0122,RENTAL_REDEMPTION,-200,8,2026-07-05T11:15:00+08:00
dc3fe36b-665f-4591-9e12-bf706255b150,M-1748,SESS-20260705-8092-0123,RENTAL_ACCRUAL,11,186,2026-07-05T20:40:00+08:00
d1f63a66-276a-4cf7-8957-3c5b33dcdce3,M-1327,SESS-20260705-8806-0124,RENTAL_ACCRUAL,48,2085,2026-07-05T21:15:00+08:00
911dcc14-96a2-4982-ad11-1fe77c58686c,M-1311,SESS-20260705-8370-0125,RENTAL_REDEMPTION,-100,51,2026-07-05T17:45:00+08:00
80bd5989-7ac5-4133-bb7a-6677ecf26b96,M-1007,SESS-20260705-6667-0126,RENTAL_ACCRUAL,27,356,2026-07-05T10:00:00+08:00
6f70d5e3-12d8-4bb0-8ecc-c84ee201dabc,M-1409,SESS-20260705-4390-0127,RENTAL_ACCRUAL,15,63,2026-07-06T00:25:00+08:00
9678fa8d-d9bc-49e0-8679-9f45ded2aa6f,M-1403,SESS-20260705-4384-0128,RENTAL_ACCRUAL,6,2161,2026-07-05T04:45:00+08:00
470c1a97-aa51-4ea0-97f6-24d5f98a70d8,M-1033,SESS-20260705-8697-0129,RENTAL_ACCRUAL,24,122,2026-07-06T02:00:00+08:00
e8a23882-1efb-491e-844e-b587bd329a08,M-1015,SESS-20260705-7299-0130,RENTAL_ACCRUAL,36,106,2026-07-05T16:45:00+08:00
6bfe7335-450f-4424-96a6-26ca2d0d52a2,M-1243,SESS-20260705-5563-0131,RENTAL_ACCRUAL,36,70,2026-07-05T19:55:00+08:00
48a85c7d-dd81-4e85-ab23-b66e7eda6a1d,M-1399,SESS-20260705-8187-0132,RENTAL_REDEMPTION,-100,73,2026-07-05T04:00:00+08:00
fbfdf51e-4814-40db-a510-6a1fb6e87588,M-1399,SESS-20260705-8187-0132,RENTAL_ACCRUAL,19,92,2026-07-05T07:00:00+08:00
8c79fb6d-ef0b-4854-ba5b-81a287bc93f4,M-1798,SESS-20260705-5274-0133,RENTAL_ACCRUAL,25,117,2026-07-05T20:45:00+08:00
07088eb6-279f-4b79-8fce-1e0556ddf40c,M-1081,SESS-20260705-3020-0134,RENTAL_ACCRUAL,27,338,2026-07-06T02:30:00+08:00
0b366256-2a8a-4ef8-8542-4a71f3850b5b,M-1331,SESS-20260705-1508-0135,RENTAL_ACCRUAL,10,175,2026-07-05T05:45:00+08:00
dee5cc04-9f36-4831-9e07-641b937bf89e,M-1396,SESS-20260705-7135-0136,RENTAL_ACCRUAL,15,179,2026-07-05T22:15:00+08:00
4d3f91ef-5413-4cdb-a177-dd803d93c236,M-1336,SESS-20260705-6925-0137,RENTAL_ACCRUAL,16,176,2026-07-05T22:45:00+08:00
1d078e1e-5328-4007-a864-1bbb70135599,M-1626,SESS-20260705-1268-0138,RENTAL_ACCRUAL,36,192,2026-07-05T16:45:00+08:00
39a1ccbd-58bc-4b8d-8645-181a1b914765,M-1451,SESS-20260705-3544-0139,RENTAL_ACCRUAL,12,141,2026-07-05T23:00:00+08:00
470ee78d-bce7-405b-9e8e-c4c43fe96cce,M-1564,SESS-20260705-2096-0140,RENTAL_ACCRUAL,24,227,2026-07-05T21:15:00+08:00
06306d2a-958d-4e58-b698-5cfda306148e,M-1675,SESS-20260705-8386-0141,RENTAL_REDEMPTION,-100,1790,2026-07-05T20:00:00+08:00
4b3a7c1d-3f09-448d-9fd5-706e937deb5e,M-1675,SESS-20260705-8386-0141,RENTAL_ACCRUAL,35,1825,2026-07-05T23:00:00+08:00
7758247a-3805-47d3-8e42-f5d5d7812c4d,M-1085,SESS-20260705-3321-0142,RENTAL_ACCRUAL,24,201,2026-07-05T13:45:00+08:00
3353de36-4ee4-40ea-b831-fb77a1cf54e1,M-1812,SESS-20260705-1481-0143,RENTAL_ACCRUAL,8,155,2026-07-05T15:30:00+08:00
cd6e7dee-8a57-4dab-b370-e2932231c958,M-1833,SESS-20260705-5790-0144,RENTAL_ACCRUAL,25,182,2026-07-06T01:50:00+08:00
532f4f7c-4e68-404e-ad0d-446f12b049a8,M-1795,SESS-20260705-5505-0145,RENTAL_ACCRUAL,15,97,2026-07-05T20:00:00+08:00
161a97f7-0508-4300-9816-120d8dbb8c1c,M-1040,SESS-20260705-3196-0146,RENTAL_ACCRUAL,15,146,2026-07-06T01:30:00+08:00
7cd0b9b8-4aaa-4e24-816d-59455f4df8f5,M-1625,SESS-20260705-9246-0147,RENTAL_REDEMPTION,-300,2678,2026-07-05T23:05:00+08:00
6cb8b031-c5a0-4298-8ebe-bd93050da59c,M-1625,SESS-20260705-9246-0147,RENTAL_ACCRUAL,25,2703,2026-07-06T07:05:00+08:00
43cccfd8-a543-41ad-aed3-a7e7d10fd170,M-1739,SESS-20260705-4447-0148,RENTAL_ACCRUAL,16,183,2026-07-05T12:45:00+08:00
0d67a98a-0062-46b1-bf6e-18115efba2e7,M-1478,SESS-20260705-9369-0149,RENTAL_ACCRUAL,10,51,2026-07-05T22:30:00+08:00
1eb519e7-1020-436c-aa0d-dd761105a017,M-1631,SESS-20260705-4034-0150,RENTAL_REDEMPTION,-100,53,2026-07-05T15:15:00+08:00
c0113836-77cb-4dd9-9c6f-48a861e34996,M-1631,SESS-20260705-4034-0150,RENTAL_ACCRUAL,7,60,2026-07-05T16:15:00+08:00
aadc3ac3-a450-4e1c-937a-ac5783e0dddb,M-1596,SESS-20260705-1139-0151,RENTAL_ACCRUAL,28,315,2026-07-06T00:25:00+08:00
3231a58d-c11b-4587-aa2f-f93d6b822c16,M-1728,SESS-20260705-1283-0152,RENTAL_ACCRUAL,5,227,2026-07-05T23:15:00+08:00
d64a47dd-2b99-454b-b406-ce76a4371f58,M-1813,SESS-20260705-3734-0153,RENTAL_ACCRUAL,16,674,2026-07-05T23:15:00+08:00
14ce8d83-e37d-46eb-aaaa-c4edb331469e,M-1578,SESS-20260705-9362-0154,RENTAL_REDEMPTION,-100,4,2026-07-05T22:15:00+08:00
4029f859-3bcf-4ebd-bd4c-658851526dce,M-1578,SESS-20260705-9362-0154,RENTAL_ACCRUAL,19,23,2026-07-06T01:15:00+08:00
fec68ad0-612b-4c64-8e11-8e5b5df90857,M-1083,SESS-20260705-9642-0155,RENTAL_ACCRUAL,15,88,2026-07-06T02:40:00+08:00
bd2e850d-40eb-4361-90a0-f183362e86dc,M-1585,SESS-20260705-2885-0156,RENTAL_REDEMPTION,-200,395,2026-07-05T22:15:00+08:00
d224b390-1f47-4038-a97e-f148fc95ed63,M-1585,SESS-20260705-2885-0156,RENTAL_ACCRUAL,1,396,2026-07-05T23:15:00+08:00
93613109-a1a0-4428-985e-e5f68acf1001,M-1516,SESS-20260705-1303-0157,RENTAL_ACCRUAL,8,111,2026-07-05T22:10:00+08:00
2a7e30d9-1569-4c24-8753-42f3d4860025,M-1371,SESS-20260705-4823-0158,RENTAL_ACCRUAL,16,96,2026-07-05T19:30:00+08:00
93833f50-384e-4d04-b835-4cf908e158ca,M-1216,SESS-20260705-8008-0159,RENTAL_ACCRUAL,12,784,2026-07-05T19:30:00+08:00
a6fe16bb-6295-46df-bc89-3c954f4df3a5,M-1114,SESS-20260705-3820-0160,RENTAL_ACCRUAL,15,65,2026-07-06T01:45:00+08:00
3e76adf3-13a7-4113-af37-affed462346b,M-1581,SESS-20260705-1408-0161,RENTAL_ACCRUAL,36,144,2026-07-06T01:30:00+08:00
d1254ca1-cc8a-4640-a09f-7adb64ed5d27,M-1273,SESS-20260705-8670-0162,RENTAL_ACCRUAL,28,624,2026-07-06T04:20:00+08:00
cd8b31ee-3b71-4c51-ae06-f9d65b74386f,M-1120,SESS-20260705-1810-0163,RENTAL_ACCRUAL,27,795,2026-07-06T00:45:00+08:00
83bfd098-c033-43ee-b6b2-7b2f552cfd68,M-1817,SESS-20260705-8259-0164,RENTAL_ACCRUAL,25,124,2026-07-06T03:35:00+08:00
2523723f-38bb-493e-8694-7bfa4face095,M-1822,SESS-20260705-2888-0165,RENTAL_ACCRUAL,24,102,2026-07-05T08:30:00+08:00
abe73683-e85d-4bb5-9170-a0d21b95f77d,M-1196,SESS-20260705-9952-0166,RENTAL_ACCRUAL,40,509,2026-07-06T02:05:00+08:00
23bc14ce-c323-4507-bb53-4b3851a882a9,M-1509,SESS-20260705-4769-0167,RENTAL_ACCRUAL,18,244,2026-07-05T20:45:00+08:00
ac2558e9-3df0-4958-935d-70be8337e101,M-1353,SESS-20260705-4588-0168,RENTAL_ACCRUAL,60,84,2026-07-05T23:45:00+08:00
7296ecf1-4838-4590-a4de-b3d70ca12d82,M-1048,SESS-20260705-9635-0169,RENTAL_REDEMPTION,-100,328,2026-07-05T22:10:00+08:00
00118bee-d9b8-4675-9051-1fc651ced0a6,M-1048,SESS-20260705-9635-0169,RENTAL_ACCRUAL,10,338,2026-07-06T01:10:00+08:00
aedf81f8-4fdd-45f8-9f2c-3ba594a00937,M-1100,SESS-20260705-1430-0170,RENTAL_REDEMPTION,-200,63,2026-07-05T18:35:00+08:00
bfd24ec4-9ffe-4a8d-a4b6-fbfce34eb570,M-1100,SESS-20260705-1430-0170,RENTAL_ACCRUAL,4,67,2026-07-05T21:35:00+08:00
53241d78-6d13-437b-977e-4163dc6b1d00,M-1060,SESS-20260705-5157-0171,RENTAL_ACCRUAL,8,69,2026-07-05T23:30:00+08:00
d78c5bd1-0efd-4e9e-9999-33077cf01e35,M-1623,SESS-20260705-7170-0172,RENTAL_ACCRUAL,10,148,2026-07-06T00:15:00+08:00
a34fab39-f857-48dd-bca7-12ebac327644,M-1394,SESS-20260705-1774-0173,RENTAL_REDEMPTION,-100,382,2026-07-05T21:00:00+08:00
a37d6ca3-be16-49cc-b58a-a2e4fd35a757,M-1394,SESS-20260705-1774-0173,RENTAL_ACCRUAL,10,392,2026-07-06T00:00:00+08:00
8f5f2f51-daea-46db-8952-ce1acf57144c,M-1340,SESS-20260705-8461-0174,RENTAL_REDEMPTION,-100,451,2026-07-05T18:50:00+08:00
4412f283-7d92-47d5-ace5-e17e2099d6cd,M-1340,SESS-20260705-8461-0174,RENTAL_ACCRUAL,5,456,2026-07-05T20:50:00+08:00
2c6b2ba7-e2cf-44e2-b5a6-c31a7494a93e,M-2025,SESS-20260705-6822-0175,RENTAL_ACCRUAL,16,145,2026-07-05T23:00:00+08:00
d6ebe1f6-9623-497d-b758-ce77d907bb08,M-1140,SESS-20260705-8265-0176,RENTAL_ACCRUAL,25,141,2026-07-06T01:45:00+08:00
390beba7-5dd8-4f24-a0f9-d10c79e481ac,M-1140,TIER_UPGRADE_Standard_TO_Silver,TIER_BONUS,50,191,2026-07-06T01:45:00+08:00
1bacc4b2-d952-49d2-9061-580a88622f8a,M-1382,SESS-20260705-7642-0177,RENTAL_ACCRUAL,8,119,2026-07-06T00:00:00+08:00
608b0326-d31a-492e-a95b-386edad6742c,M-1283,SESS-20260705-6468-0178,RENTAL_ACCRUAL,15,237,2026-07-05T20:45:00+08:00
ace59009-83a9-4475-9199-f84ab3c3b7c6,M-1836,SESS-20260705-3616-0179,RENTAL_ACCRUAL,40,132,2026-07-06T02:30:00+08:00
b8372492-ed9d-4a80-88c5-5e3d6677dbcd,M-1534,SESS-20260705-2196-0180,RENTAL_ACCRUAL,5,230,2026-07-05T10:15:00+08:00
4f80fb09-3ed5-41f6-83a2-1881dad6150c,M-1679,SESS-20260705-1919-0181,RENTAL_ACCRUAL,5,197,2026-07-05T20:30:00+08:00
ad1b0822-92cc-40cb-a9b7-a07b84200251,M-1944,SESS-20260705-5263-0182,RENTAL_ACCRUAL,5,96,2026-07-05T21:00:00+08:00
1c523fb3-ed23-4592-8798-901e2b70a29f,M-1303,SESS-20260705-2832-0183,RENTAL_ACCRUAL,28,2314,2026-07-06T01:45:00+08:00
3ca6f3b1-eae0-4062-83e8-b7e55b40a7e0,M-1425,SESS-20260705-4657-0184,RENTAL_ACCRUAL,5,88,2026-07-05T23:00:00+08:00
171ca26b-3d1a-4a73-b6c2-7891fda2b9cc,M-1147,SESS-20260705-7377-0185,RENTAL_ACCRUAL,10,193,2026-07-06T00:45:00+08:00
08c81ea7-1b70-42da-aaae-b2e28fc0f441,M-1785,SESS-20260705-3877-0186,RENTAL_ACCRUAL,8,187,2026-07-05T19:45:00+08:00
e54191db-133c-412c-9479-b4d85a6bfc6b,M-1029,SESS-20260705-9404-0187,RENTAL_ACCRUAL,16,519,2026-07-05T22:45:00+08:00
d84ce959-dd79-4854-9697-e977b9f77a18,M-1397,SESS-20260705-8520-0188,RENTAL_REDEMPTION,-200,151,2026-07-05T16:10:00+08:00
fc2acf03-0a06-42e2-9091-3b9cb4490c73,M-1397,SESS-20260705-8520-0188,RENTAL_ACCRUAL,14,165,2026-07-05T19:10:00+08:00
b0446495-2639-4099-8ddc-20a886d50e23,M-1627,SESS-20260705-6238-0189,RENTAL_REDEMPTION,-100,24,2026-07-05T17:55:00+08:00
ddaa52c4-ef18-4cc9-964f-0ff26548ff19,M-1627,SESS-20260705-6238-0189,RENTAL_ACCRUAL,5,29,2026-07-05T19:55:00+08:00
25d63879-dd77-4a30-b5a1-683fe834126b,M-1225,SESS-20260705-3380-0190,RENTAL_ACCRUAL,10,150,2026-07-06T01:45:00+08:00
1f2119ed-1a20-443e-8eb2-4521c715a013,M-1137,SESS-20260705-9660-0191,RENTAL_ACCRUAL,8,67,2026-07-05T08:30:00+08:00
5d9a5fb7-6b74-472b-b37b-58fbb0033022,M-1716,SESS-20260705-9031-0192,RENTAL_ACCRUAL,10,106,2026-07-05T22:00:00+08:00
1da096e0-ad71-4fa4-a2dc-2535b288218a,M-1210,SESS-20260705-4913-0193,RENTAL_ACCRUAL,16,859,2026-07-05T23:00:00+08:00
723b776c-5fd5-4152-8c0f-622d6eeb8ae6,M-1098,SESS-20260705-8477-0194,RENTAL_ACCRUAL,16,660,2026-07-06T02:05:00+08:00
65789911-1ea4-4388-bd8d-3070db15bfd4,M-1218,SESS-20260705-4752-0195,RENTAL_ACCRUAL,24,88,2026-07-05T21:00:00+08:00
76d30f2f-4711-4dd2-b41b-7d14b45be2ef,M-1593,SESS-20260705-8071-0196,RENTAL_ACCRUAL,40,128,2026-07-06T01:55:00+08:00
83fbad3c-1ffa-48a2-9043-fec4e903faee,M-1389,SESS-20260705-2050-0197,RENTAL_ACCRUAL,13,410,2026-07-05T14:45:00+08:00
38db5b10-6c6e-4312-9c2a-7ea41dc77ba4,M-1373,SESS-20260705-1672-0198,RENTAL_ACCRUAL,24,99,2026-07-05T22:45:00+08:00
2abfe8c8-09c4-4705-bbc9-83ce33205820,M-1142,SESS-20260705-3303-0199,RENTAL_ACCRUAL,40,94,2026-07-05T22:00:00+08:00
ce18b79a-4bbb-4d34-a06e-c5a8ac9cda2b,M-1020,SESS-20260705-7604-0200,RENTAL_ACCRUAL,25,55,2026-07-05T23:45:00+08:00
384e14bc-2879-4beb-bea3-09633c189294,M-1259,SESS-20260705-5241-0201,RENTAL_ACCRUAL,10,135,2026-07-05T21:55:00+08:00
02972126-7a7e-4578-a61c-9c87e0a0dad2,M-1459,SESS-20260705-6309-0202,RENTAL_ACCRUAL,5,126,2026-07-05T22:05:00+08:00
d7808521-f637-4ac5-b2dc-3d7d915e3a66,M-1577,SESS-20260705-9052-0203,RENTAL_ACCRUAL,15,116,2026-07-05T22:15:00+08:00
ad8ec5e1-d1bc-4f67-8095-d36b8623bb70,M-1577,TIER_UPGRADE_Standard_TO_Silver,TIER_BONUS,50,166,2026-07-05T22:15:00+08:00
055c0acf-d132-4211-9a74-0eb04946b30d,M-1602,SESS-20260705-9641-0204,RENTAL_ACCRUAL,45,249,2026-07-06T05:00:00+08:00
35224b6e-78bd-471e-af16-a19a042181fc,M-2169,SESS-20260705-3653-0205,RENTAL_ACCRUAL,16,65,2026-07-06T01:05:00+08:00
51a81cfb-8ff4-4436-b4c8-6867defc66f0,M-1090,SESS-20260705-4311-0206,RENTAL_ACCRUAL,18,704,2026-07-05T23:45:00+08:00
081ebf74-3003-4527-ad59-9f36683c6919,M-1766,SESS-20260705-8950-0207,RENTAL_ACCRUAL,16,337,2026-07-05T14:00:00+08:00
b71d8504-17f3-40ce-8e3f-d51a820a3da4,M-1121,SESS-20260705-7444-0208,RENTAL_REDEMPTION,-100,61,2026-07-05T23:55:00+08:00
8aaa93b2-8284-4f31-92a0-d2632d987530,M-1121,SESS-20260705-7444-0208,RENTAL_ACCRUAL,65,126,2026-07-06T07:55:00+08:00
86bd949b-238e-4f18-baee-6bd6b3ebb9ae,M-1421,SESS-20260705-5267-0209,RENTAL_REDEMPTION,-100,405,2026-07-05T21:30:00+08:00
b22eb734-64dd-4ee0-a5d5-f56b4f060fa8,M-1421,SESS-20260705-5267-0209,RENTAL_ACCRUAL,20,425,2026-07-05T23:30:00+08:00
42bf43c5-3878-4e39-b861-c6de3d8291d3,M-1440,SESS-20260705-6971-0210,RENTAL_ACCRUAL,8,136,2026-07-05T13:00:00+08:00
854251e6-add2-451e-8623-e3e74a2a93f6,M-1233,SESS-20260705-1354-0211,RENTAL_ACCRUAL,5,89,2026-07-05T16:55:00+08:00
680afb73-a1cc-4cfb-908b-f478353b008d,M-1190,SESS-20260705-1164-0212,RENTAL_ACCRUAL,5,205,2026-07-05T05:15:00+08:00
e2cf58fb-edbb-4103-a442-7aba22ee1f40,M-1463,SESS-20260705-5241-0213,RENTAL_ACCRUAL,12,3578,2026-07-05T23:50:00+08:00
ef4d81a2-411d-446f-a2c0-bf9f9525d15e,M-1483,SESS-20260705-6378-0214,RENTAL_ACCRUAL,15,155,2026-07-06T01:20:00+08:00
0612a13e-4dca-4738-b72e-2c09ace68afe,M-1109,SESS-20260705-6213-0215,RENTAL_ACCRUAL,25,171,2026-07-06T04:25:00+08:00
2646df46-355e-4bc4-8aca-d5f65104d1b3,M-1642,SESS-20260705-5983-0216,RENTAL_REDEMPTION,-300,46,2026-07-05T23:40:00+08:00
440628a6-0e50-4499-b99c-e19db42e1d10,M-1642,SESS-20260705-5983-0216,RENTAL_ACCRUAL,8,54,2026-07-06T02:40:00+08:00
7f83e77d-0cf4-47ad-84f4-fb44a943ade3,M-1411,SESS-20260705-2298-0217,RENTAL_ACCRUAL,16,263,2026-07-05T21:30:00+08:00
b902a489-f3f4-4f28-bb81-1c56b01c540c,M-1726,SESS-20260705-6421-0218,RENTAL_REDEMPTION,-200,23,2026-07-05T20:05:00+08:00
96d6851a-2a2a-4412-abb9-b3e785d2c5a7,M-1726,SESS-20260705-6421-0218,RENTAL_ACCRUAL,28,51,2026-07-05T23:05:00+08:00
db0d5049-252e-48fd-b548-f823e05b9575,M-1138,SESS-20260705-2593-0219,RENTAL_ACCRUAL,16,211,2026-07-05T19:15:00+08:00
819b9e8f-4a59-4d1a-9323-47a1ee7e68ce,M-1138,TIER_UPGRADE_Standard_TO_Silver,TIER_BONUS,50,261,2026-07-05T19:15:00+08:00
6f8ef677-a523-4ef0-90f8-3e63687e5b0c,M-1044,SESS-20260705-7377-0220,RENTAL_ACCRUAL,27,650,2026-07-06T01:25:00+08:00
a7696833-13ff-4075-8674-de83bfeb0099,M-1156,SESS-20260705-2908-0221,RENTAL_ACCRUAL,10,105,2026-07-05T21:40:00+08:00
f7d32236-f6db-41f1-856e-8a6df6f285b6,M-1054,SESS-20260705-9844-0222,RENTAL_ACCRUAL,25,102,2026-07-05T23:15:00+08:00
6a7f3b75-f74f-4ca1-a435-af55444b461f,M-1779,SESS-20260705-4792-0223,RENTAL_ACCRUAL,15,45,2026-07-06T01:15:00+08:00
1ce37b35-b27f-4421-b0a5-d539d1f7bd81,M-1779,TIER_UPGRADE_Standard_TO_Silver,TIER_BONUS,50,95,2026-07-06T01:15:00+08:00
851cfe53-9685-4498-b0f7-af92cf4cdbf8,M-1189,SESS-20260705-4570-0224,RENTAL_ACCRUAL,5,73,2026-07-05T21:45:00+08:00
0a996993-9d21-424d-b80d-d73b254ac7c4,M-1672,SESS-20260705-6489-0225,RENTAL_ACCRUAL,10,121,2026-07-06T01:50:00+08:00
b0c470b4-9f71-4218-b43a-1bb669d3f25d,M-1780,SESS-20260705-9438-0226,RENTAL_REDEMPTION,-100,34,2026-07-05T21:45:00+08:00
a7ab92b0-8767-4cad-bf07-395c2b981ba4,M-1780,SESS-20260705-9438-0226,RENTAL_ACCRUAL,19,53,2026-07-06T00:45:00+08:00
49c4728b-34db-4ef6-b8fc-8ccde249e9d4,M-1079,SESS-20260705-1472-0227,RENTAL_ACCRUAL,9,224,2026-07-05T16:00:00+08:00
c8918a5a-27b3-4c6b-a21f-0c8ce6c101b2,M-1708,SESS-20260705-5472-0228,RENTAL_ACCRUAL,10,115,2026-07-05T17:15:00+08:00
a5079561-6224-4532-9835-385c45f50dc4,M-1549,SESS-20260705-5755-0229,RENTAL_ACCRUAL,25,104,2026-07-06T02:20:00+08:00
3f5048d1-46f8-426a-8e1f-e951df17cc18,M-1699,SESS-20260705-6248-0230,RENTAL_ACCRUAL,8,94,2026-07-06T00:00:00+08:00
4dd3b8fe-fc80-45d8-bd08-85f269b662bb,M-1378,SESS-20260705-7299-0231,RENTAL_ACCRUAL,15,186,2026-07-06T01:10:00+08:00
da20a1ab-4f7a-4189-bbbe-a60c2a30c5da,M-1131,SESS-20260705-9736-0232,RENTAL_REDEMPTION,-100,107,2026-07-05T10:30:00+08:00
1e341392-cf65-409f-9366-da54ad114e6f,M-1762,SESS-20260705-8327-0233,RENTAL_ACCRUAL,15,99,2026-07-06T01:00:00+08:00
d461fc48-328d-465a-a8f0-6d26ff84373a,M-1782,SESS-20260705-6674-0234,RENTAL_ACCRUAL,30,736,2026-07-06T01:55:00+08:00
51f4b2b0-f415-4efd-86b0-18ab359b1dfe,M-1767,SESS-20260705-7260-0235,RENTAL_ACCRUAL,36,205,2026-07-06T02:45:00+08:00
3c4a220c-deb9-4cc0-9e1f-d962b27af1f3,M-1767,TIER_UPGRADE_Standard_TO_Silver,TIER_BONUS,50,255,2026-07-06T02:45:00+08:00
56538260-c7ee-40bf-9cf4-c1c676fe7e5d,M-1010,SESS-20260705-9398-0236,RENTAL_ACCRUAL,15,148,2026-07-05T21:35:00+08:00
eaacd41e-a194-4adc-a899-37b4f2045a7b,M-1419,SESS-20260705-2031-0237,RENTAL_ACCRUAL,10,159,2026-07-05T22:45:00+08:00
2715ccdc-ac80-43eb-bbe4-2be9003fa0e6,M-1744,SESS-20260705-6126-0238,RENTAL_ACCRUAL,13,464,2026-07-05T23:30:00+08:00
74a75291-72a5-449c-81d2-f3c6be11f371,M-1167,SESS-20260705-8871-0239,RENTAL_ACCRUAL,11,299,2026-07-05T20:15:00+08:00
8a22f8dc-dfef-440f-a753-28ac817cdcb2,M-1055,SESS-20260705-2087-0240,RENTAL_ACCRUAL,5,66,2026-07-05T16:00:00+08:00
560de382-6dfd-4a9b-bd15-58e067f59aac,M-1291,SESS-20260705-6755-0241,RENTAL_ACCRUAL,5,149,2026-07-05T17:10:00+08:00
98e6ec8f-2ed0-4263-9747-e6ac1dd590df,M-1214,SESS-20260705-6523-0242,RENTAL_ACCRUAL,12,167,2026-07-05T17:30:00+08:00
49f88c91-4837-4e80-8280-a97a943c397d,M-1597,SESS-20260705-4808-0243,RENTAL_ACCRUAL,10,73,2026-07-05T22:15:00+08:00
f12510aa-8fa6-4d6e-8fd0-6fe0f7ec0b99,M-1141,SESS-20260705-2660-0244,RENTAL_ACCRUAL,25,204,2026-07-06T04:00:00+08:00
ad070f59-a999-44d0-b1da-21cef405b945,M-1770,SESS-20260705-7058-0245,RENTAL_ACCRUAL,11,261,2026-07-05T20:30:00+08:00
85d6daf7-e24b-4db3-97cd-e0e2d2fafca9,M-1197,SESS-20260705-9039-0246,RENTAL_ACCRUAL,10,79,2026-07-06T00:55:00+08:00
c1ef06d7-95ce-4e98-96a2-7c5c6a3b31e3,M-1107,SESS-20260705-2674-0247,RENTAL_ACCRUAL,15,21,2026-07-05T23:50:00+08:00
20d95aec-0d03-4b56-842d-8d533f18062b,M-1244,SESS-20260705-9114-0248,RENTAL_ACCRUAL,24,178,2026-07-06T02:45:00+08:00
08e3e3ce-e032-4232-ab17-f7d4ebb88c80,M-1239,SESS-20260705-4941-0249,RENTAL_ACCRUAL,10,93,2026-07-05T19:30:00+08:00
d89ab46e-7b47-473c-9462-bda6c72f5d7a,M-1533,SESS-20260705-6454-0250,RENTAL_ACCRUAL,40,633,2026-07-06T01:45:00+08:00
1a01032b-bb23-4efc-94e4-33aab2650d20,M-1484,SESS-20260705-8361-0251,RENTAL_ACCRUAL,40,267,2026-07-05T17:50:00+08:00
1d631cc8-f2d8-44c2-b52b-2de148a2defb,M-1405,SESS-20260705-7015-0252,RENTAL_ACCRUAL,5,107,2026-07-05T17:45:00+08:00
76b2de70-6f95-49c1-9e4c-357044ecb123,M-1084,SESS-20260705-3168-0253,RENTAL_ACCRUAL,15,45,2026-07-06T02:00:00+08:00
360c71f7-15fd-43de-bb95-49764c55cf5b,M-1059,SESS-20260705-8812-0254,RENTAL_ACCRUAL,25,120,2026-07-06T01:05:00+08:00
90c09c8b-60a1-469a-99d9-832579966779,M-1059,TIER_UPGRADE_Standard_TO_Silver,TIER_BONUS,50,170,2026-07-06T01:05:00+08:00
7cd16717-4a25-4158-8da7-d6c9ccd0d66e,M-1639,SESS-20260705-1154-0255,RENTAL_ACCRUAL,10,101,2026-07-06T01:55:00+08:00
75649d76-f35f-426c-bf64-7b0e2d3bfe5d,M-1531,SESS-20260705-8977-0256,RENTAL_ACCRUAL,16,130,2026-07-05T15:00:00+08:00
5259c4b2-8efe-41d6-a679-803b4c1b4e82,M-1556,SESS-20260705-1686-0257,RENTAL_ACCRUAL,15,107,2026-07-05T21:15:00+08:00
326af7fa-d7dc-410b-9740-1e4f37efdbbd,M-1290,SESS-20260705-1683-0258,RENTAL_ACCRUAL,40,61,2026-07-06T04:45:00+08:00
13b1e8bf-a3c7-447c-82db-fa3e7a79b7e0,M-1687,SESS-20260705-7839-0259,RENTAL_REDEMPTION,-100,186,2026-07-05T21:15:00+08:00
f6bea953-dc45-446b-8e9b-6530c966651c,M-1193,SESS-20260705-6228-0260,RENTAL_ACCRUAL,8,55,2026-07-05T23:30:00+08:00
ceb1a958-2501-49de-8356-fcb7a2a9aa2c,M-1422,SESS-20260705-2034-0261,RENTAL_ACCRUAL,5,73,2026-07-05T23:50:00+08:00
8d954510-96bc-4975-a5a4-34cb122192b1,M-1125,SESS-20260705-7628-0262,RENTAL_ACCRUAL,16,700,2026-07-05T18:15:00+08:00
0649f563-0e9e-404e-9fe4-52c6d5e87f8a,M-1604,SESS-20260705-5387-0263,RENTAL_REDEMPTION,-100,83,2026-07-05T05:30:00+08:00
0c125bb0-e7ab-4205-b36a-efa47c6f3378,M-1604,SESS-20260705-5387-0263,RENTAL_ACCRUAL,59,142,2026-07-05T13:30:00+08:00
72f8fbaf-e1b0-4ee7-ae7a-27b8e56e4d16,M-1592,SESS-20260705-6478-0264,RENTAL_ACCRUAL,27,195,2026-07-05T18:30:00+08:00
7f554a20-02a0-456f-ad1d-5d211412ca11,M-1056,SESS-20260705-3373-0265,RENTAL_ACCRUAL,10,147,2026-07-05T22:35:00+08:00
8f894bb0-ca65-4c62-8e33-686e59992136,M-1530,SESS-20260705-2543-0266,RENTAL_ACCRUAL,40,460,2026-07-06T00:00:00+08:00
042c75a2-cce0-468f-ad78-2d23c8636ab4,M-1456,SESS-20260705-9953-0267,RENTAL_ACCRUAL,40,159,2026-07-06T06:10:00+08:00
1e1cb7e5-f362-4848-9934-03803d2d7673,M-1010,SESS-20260705-1607-0268,RENTAL_ACCRUAL,8,156,2026-07-05T23:45:00+08:00
95011912-b755-4117-a43b-9803c488495e,M-1390,SESS-20260705-2265-0269,RENTAL_ACCRUAL,5,105,2026-07-05T23:00:00+08:00
5541c580-0af9-419b-9402-54ec8a389520,M-1388,SESS-20260705-4454-0270,RENTAL_REDEMPTION,-100,99,2026-07-05T22:15:00+08:00
cd6c9c37-6d03-4fd1-8a5d-17fc87b316c6,M-1388,SESS-20260705-4454-0270,RENTAL_ACCRUAL,38,137,2026-07-06T06:15:00+08:00
7c1bba56-b7b4-44c0-bc6b-a5227068c97c,M-1697,SESS-20260705-3351-0271,RENTAL_ACCRUAL,10,148,2026-07-05T18:30:00+08:00
b4a435c1-6cbe-4b40-b8de-317bd23e325b,M-1218,SESS-20260705-8590-0272,RENTAL_ACCRUAL,10,98,2026-07-05T23:20:00+08:00
dbd3cb65-aead-45a3-8598-6f56fe8d830e,M-1131,SESS-20260705-4667-0273,RENTAL_ACCRUAL,5,112,2026-07-05T15:05:00+08:00
80febd48-e77a-4370-ad63-8f29f3680fab,M-1406,SESS-20260705-7623-0274,RENTAL_ACCRUAL,27,608,2026-07-06T01:40:00+08:00
f33648e4-1925-4bfb-bb5a-2c03cd36311c,M-1838,SESS-20260705-7633-0275,RENTAL_ACCRUAL,40,71,2026-07-06T00:55:00+08:00
e7b193d3-625a-4900-90cb-f31559694d5b,M-1838,TIER_UPGRADE_Standard_TO_Silver,TIER_BONUS,50,121,2026-07-06T00:55:00+08:00
9ce0e6c6-3fbf-4db6-8932-9fd418a2b51f,M-1226,SESS-20260705-7161-0276,RENTAL_ACCRUAL,67,707,2026-07-06T04:20:00+08:00
8e071a99-0937-473a-8f25-9c7663d3af61,M-1870,SESS-20260705-9585-0277,RENTAL_ACCRUAL,16,105,2026-07-05T23:00:00+08:00
10dc63a8-5f65-421d-bc77-852b3c9faa45,M-1400,SESS-20260705-9630-0278,RENTAL_ACCRUAL,10,77,2026-07-06T00:20:00+08:00
4dbfe51e-0540-49c9-ae1c-8104c479500d,M-1783,SESS-20260705-6755-0279,RENTAL_ACCRUAL,15,103,2026-07-05T22:00:00+08:00
b6846432-22f3-4b87-88b4-df650fc7f8ee,M-1778,SESS-20260705-1832-0280,RENTAL_ACCRUAL,25,81,2026-07-05T15:00:00+08:00
7260707c-402c-4456-9f6b-c279f5e255c5,M-1778,TIER_UPGRADE_Standard_TO_Silver,TIER_BONUS,50,131,2026-07-05T15:00:00+08:00
ca2fb695-c0a6-4e44-be1b-dfbf18b3d0a8,M-1488,SESS-20260705-3858-0281,RENTAL_ACCRUAL,64,303,2026-07-06T05:15:00+08:00
b7ba4f4e-49c4-49e8-978f-3e2074dc0e66,M-1117,SESS-20260705-9206-0282,RENTAL_ACCRUAL,40,156,2026-07-05T23:35:00+08:00
2b074671-dad8-45fe-943b-78309241eb03,M-1278,SESS-20260705-9255-0283,RENTAL_REDEMPTION,-100,164,2026-07-05T20:45:00+08:00
e412b7af-3667-4af8-b67b-4ff10607e645,M-1278,SESS-20260705-9255-0283,RENTAL_ACCRUAL,5,169,2026-07-05T22:45:00+08:00
a7ef51d7-aab8-44d0-bd9b-76dfb8b722d7,M-1239,SESS-20260705-2995-0284,RENTAL_ACCRUAL,60,153,2026-07-06T04:05:00+08:00
270ab198-42d0-4c26-b983-700f037226c6,M-1458,SESS-20260705-9983-0285,RENTAL_ACCRUAL,15,82,2026-07-06T02:05:00+08:00
b3573905-f4ce-4bf2-9826-68fc5659f5f2,M-1079,SESS-20260705-2620-0286,RENTAL_REDEMPTION,-100,124,2026-07-05T23:25:00+08:00
6fac140e-f183-440e-a8a2-468359e9325e,M-1079,SESS-20260705-2620-0286,RENTAL_ACCRUAL,4,128,2026-07-06T01:25:00+08:00
edb1e0e4-8e6c-4a51-8a26-f05e1a9f7ef5,M-1545,SESS-20260705-4877-0287,RENTAL_ACCRUAL,25,100,2026-07-06T02:45:00+08:00
6a02225b-84da-4818-9858-293cdc46f9c4,M-1144,SESS-20260705-6026-0288,RENTAL_ACCRUAL,10,89,2026-07-06T01:50:00+08:00
a2a55d6d-1c18-4264-9206-41dd7e40fcab,M-1944,SESS-20260705-7809-0289,RENTAL_ACCRUAL,15,111,2026-07-06T01:15:00+08:00
6fab6b86-9b73-4df2-97bc-c1f2fb422cda,M-1772,SESS-20260705-7708-0290,RENTAL_REDEMPTION,-100,50,2026-07-05T23:55:00+08:00
6900da39-30f1-4492-88b4-02b90c7c7f03,M-1772,SESS-20260705-7708-0290,RENTAL_ACCRUAL,5,55,2026-07-06T01:55:00+08:00
d8c73841-bf87-4f35-9817-973394dddddc,M-1691,SESS-20260705-4941-0291,RENTAL_ACCRUAL,24,109,2026-07-06T01:15:00+08:00
9a031870-2518-4592-b558-19b7fe684999,M-1826,SESS-20260705-5633-0292,RENTAL_ACCRUAL,40,138,2026-07-06T05:05:00+08:00
32977052-1666-424b-9030-f7591d9ab38f,M-1526,SESS-20260705-4591-0293,RENTAL_ACCRUAL,45,721,2026-07-05T23:15:00+08:00
d3d6da7b-e75a-4059-aaf1-35c92f1e6701,M-1113,SESS-20260705-3911-0294,RENTAL_ACCRUAL,10,102,2026-07-05T23:50:00+08:00
f80638b6-b065-4c63-8062-a70a6afa9c41,M-1270,SESS-20260705-1764-0295,RENTAL_ACCRUAL,5,797,2026-07-05T16:20:00+08:00
c5c047f9-46dc-495b-a05b-0c058e25d876,M-1128,SESS-20260705-6034-0296,RENTAL_ACCRUAL,27,254,2026-07-05T23:10:00+08:00
b2923d86-95dd-475d-a71d-83fd6c4d03f0,M-1865,SESS-20260705-3998-0297,RENTAL_ACCRUAL,25,77,2026-07-06T01:45:00+08:00
98f544b8-b98c-4ddd-9af0-3476e5de1bfc,M-1026,SESS-20260705-7072-0298,RENTAL_ACCRUAL,28,1551,2026-07-05T19:40:00+08:00
8da7715b-a03c-42e9-a50a-9728eb9615f5,M-1570,SESS-20260705-2126-0299,RENTAL_ACCRUAL,9,422,2026-07-06T00:45:00+08:00
dc23adb7-66b1-40aa-a909-c7c308dddbe3,M-1122,SESS-20260705-3241-0300,RENTAL_ACCRUAL,11,21,2026-07-05T15:00:00+08:00
09c0cae5-9b90-43f8-83c7-385aea4189aa,M-1429,SESS-20260705-8191-0301,RENTAL_ACCRUAL,18,445,2026-07-05T23:45:00+08:00
76135069-f6c5-425b-be82-551a399efd3d,M-1591,SESS-20260705-8988-0302,RENTAL_REDEMPTION,-100,1875,2026-07-05T20:30:00+08:00
e2351f51-8549-4c69-8742-eeefce7f029e,M-1591,SESS-20260705-8988-0302,RENTAL_ACCRUAL,4,1879,2026-07-05T22:30:00+08:00
8bb86f6b-1f42-441c-9ace-cf037c34c419,M-1110,SESS-20260705-2649-0303,RENTAL_ACCRUAL,10,112,2026-07-05T22:00:00+08:00
0c4f9d8d-a296-4a1f-afc2-13baae39cc76,M-1021,SESS-20260705-9994-0304,RENTAL_ACCRUAL,9,694,2026-07-05T16:15:00+08:00
0eec7377-d08e-4087-968d-6bd6ab994486,M-1776,SESS-20260705-8132-0305,RENTAL_ACCRUAL,10,113,2026-07-05T21:30:00+08:00
369f192f-ddb1-44bd-9e17-67a27e6c68dc,M-1443,SESS-20260705-6135-0306,RENTAL_ACCRUAL,15,108,2026-07-06T00:00:00+08:00
f17a5a13-9093-4537-8ac3-9af223e8e005,M-1443,TIER_UPGRADE_Standard_TO_Silver,TIER_BONUS,50,158,2026-07-06T00:00:00+08:00
d076ffb6-bf93-403c-b227-2c811ba2e3d3,M-1481,SESS-20260705-8402-0307,RENTAL_ACCRUAL,5,33,2026-07-05T20:00:00+08:00
39c7bfcb-a86c-4b5a-a02f-e1a8e2bd06a2,M-1285,SESS-20260705-3586-0308,RENTAL_REDEMPTION,-100,86,2026-07-05T20:10:00+08:00
bf9abd72-d40c-44e9-8218-507280f31f79,M-1285,SESS-20260705-3586-0308,RENTAL_ACCRUAL,10,96,2026-07-05T23:10:00+08:00
ee574cda-075b-48b1-926e-688081464276,M-1830,SESS-20260705-6628-0309,RENTAL_REDEMPTION,-200,238,2026-07-05T21:30:00+08:00
b9fd424e-4570-4ebb-a51c-2fc7d7fdb4b5,M-1830,SESS-20260705-6628-0309,RENTAL_ACCRUAL,32,270,2026-07-06T02:30:00+08:00
1dad5b7c-1f62-437c-b174-4eb6c89dd24f,M-1335,SESS-20260705-7787-0310,RENTAL_REDEMPTION,-200,76,2026-07-05T23:50:00+08:00
41ef0176-a45d-4330-9791-a4d52ba5a06a,M-1335,SESS-20260705-7787-0310,RENTAL_ACCRUAL,14,90,2026-07-06T02:50:00+08:00
492a18c1-3115-4958-9430-9e897c7dccae,M-1567,SESS-20260705-4982-0311,RENTAL_ACCRUAL,25,230,2026-07-06T03:15:00+08:00
419a3c98-02f7-46bb-911b-32c80f1f4bf3,M-1236,SESS-20260705-6346-0312,RENTAL_ACCRUAL,15,167,2026-07-05T23:55:00+08:00
e9275664-df5a-4b73-a8a7-aba4684633c0,M-1343,SESS-20260705-5492-0313,RENTAL_REDEMPTION,-100,34,2026-07-05T23:10:00+08:00
0eb277cc-56cb-486f-a66b-b76cec545f48,M-1343,SESS-20260705-5492-0313,RENTAL_ACCRUAL,35,69,2026-07-06T04:10:00+08:00
e0aa0345-5da8-4836-9c3c-28bb43341ce1,M-1246,SESS-20260705-8346-0314,RENTAL_ACCRUAL,16,511,2026-07-06T01:50:00+08:00
913fabb9-429e-4ba7-9635-af30f6ddd368,M-1012,SESS-20260705-2777-0315,RENTAL_ACCRUAL,10,97,2026-07-05T21:40:00+08:00
eda84dd2-967b-4873-878c-2e57ed19d54f,M-1467,SESS-20260705-8336-0316,RENTAL_ACCRUAL,40,189,2026-07-06T02:50:00+08:00
30c14aed-ec18-49bb-8c42-cb870ff1e7f7,M-1031,SESS-20260705-6054-0317,RENTAL_ACCRUAL,27,725,2026-07-06T01:45:00+08:00
1b91244f-831e-4a44-ae6c-60f3332ee549,M-1358,SESS-20260705-4637-0318,RENTAL_REDEMPTION,-100,39,2026-07-05T22:30:00+08:00
939e7602-8c39-45ec-bc40-0c9d82364449,M-2035,SESS-20260705-3760-0319,RENTAL_ACCRUAL,15,60,2026-07-06T00:45:00+08:00
d651c288-5ace-4663-9978-c96d0b3140cb,M-1205,SESS-20260705-7916-0320,RENTAL_ACCRUAL,45,709,2026-07-06T00:15:00+08:00
f928f9e6-8fe8-4290-acde-4d8f8f95befb,M-1350,SESS-20260705-2381-0321,RENTAL_REDEMPTION,-200,413,2026-07-05T17:30:00+08:00
7dab2a7b-0ec6-48d1-881c-4219f9f97096,M-1350,SESS-20260705-2381-0321,RENTAL_ACCRUAL,5,418,2026-07-05T19:30:00+08:00
2767538e-7571-485a-b034-1804846f4e36,M-1947,SESS-20260705-3940-0322,RENTAL_ACCRUAL,10,64,2026-07-05T15:45:00+08:00
f17bd56b-b92c-42cf-ba5d-b2c9e77b5aca,M-1415,SESS-20260705-4091-0323,RENTAL_ACCRUAL,28,1241,2026-07-06T01:45:00+08:00
f7b75e61-eada-46a4-b09a-369babe0fb64,M-1584,SESS-20260705-7278-0324,RENTAL_ACCRUAL,8,22,2026-07-05T19:45:00+08:00
7fcb1b0c-33a9-4c8f-84e0-0634bae1879e,M-1507,SESS-20260705-4491-0325,RENTAL_ACCRUAL,15,156,2026-07-06T02:30:00+08:00
1df1e16b-4861-4251-bbfb-cbadd025720e,M-1063,SESS-20260705-8396-0326,RENTAL_REDEMPTION,-100,215,2026-07-05T23:05:00+08:00
b89c24d6-5d6c-444f-b95d-583803eb3c5b,M-1063,SESS-20260705-8396-0326,RENTAL_ACCRUAL,5,220,2026-07-06T01:05:00+08:00
c1f1fadc-6ebc-4818-9187-38a4b5131279,M-2159,SESS-20260705-8499-0327,RENTAL_ACCRUAL,25,139,2026-07-05T21:00:00+08:00
489276ed-fd0b-496e-ae23-b20c9e712424,M-1756,SESS-20260705-3876-0328,RENTAL_ACCRUAL,48,2173,2026-07-06T07:00:00+08:00
9b20505f-5455-47a5-b0a9-9e76916584b3,M-1296,SESS-20260705-9202-0329,RENTAL_ACCRUAL,28,634,2026-07-06T03:05:00+08:00
c71c72c9-8206-4b74-b2e4-2abc9764c1b6,M-1818,SESS-20260705-2505-0330,RENTAL_ACCRUAL,5,146,2026-07-05T23:05:00+08:00
ed49ef3f-e40d-493c-8b18-5c2098b952f0,M-1292,SESS-20260705-9181-0331,RENTAL_ACCRUAL,16,386,2026-07-06T00:00:00+08:00
cf1619f5-1fbb-4c93-b33f-7a848aa41234,M-1103,SESS-20260705-5858-0332,RENTAL_ACCRUAL,5,119,2026-07-05T21:15:00+08:00
fabc86a9-ad3c-4e97-9b01-51cb7d6f8c72,M-1363,SESS-20260705-9670-0333,RENTAL_ACCRUAL,25,131,2026-07-06T04:40:00+08:00
c019c657-0482-41da-9fd7-a2b561ef319b,M-1667,SESS-20260705-9744-0334,RENTAL_ACCRUAL,40,274,2026-07-05T12:15:00+08:00
b36961af-e73f-4afd-8a8b-6e5fa02dc28f,M-1025,SESS-20260705-7321-0335,RENTAL_ACCRUAL,16,49,2026-07-06T01:45:00+08:00
acc60d6b-468d-4266-91a2-c1d6cc10fb3b,M-1413,SESS-20260705-3382-0336,RENTAL_ACCRUAL,10,52,2026-07-06T01:20:00+08:00
9fca16df-8df0-4d44-bb3a-7275010c5937,M-1135,SESS-20260705-4259-0337,RENTAL_ACCRUAL,18,262,2026-07-05T21:35:00+08:00
531850b6-1f29-4d2d-af8e-3376d0dca227,M-1250,SESS-20260705-4815-0338,RENTAL_ACCRUAL,24,92,2026-07-06T00:25:00+08:00
d17d9f1d-09bc-4a47-9591-f34a860bbd49,M-1086,SESS-20260705-5449-0339,RENTAL_ACCRUAL,12,135,2026-07-06T00:10:00+08:00
721d63f7-2126-4dfd-a710-59d0bf4ed0e0,M-1204,SESS-20260705-7574-0340,RENTAL_REDEMPTION,-100,81,2026-07-05T16:15:00+08:00
be2c3589-c34b-4bae-bdad-af83aa4d6272,M-1204,SESS-20260705-7574-0340,RENTAL_ACCRUAL,5,86,2026-07-05T18:15:00+08:00
bb34e1b6-c781-459b-b26f-4e803bb77530,M-1819,SESS-20260705-6563-0341,RENTAL_ACCRUAL,15,105,2026-07-05T21:45:00+08:00
49dee468-c87b-4f4a-a780-95cae75e465e,M-1206,SESS-20260705-3560-0342,RENTAL_ACCRUAL,25,126,2026-07-06T04:30:00+08:00
6aef87c8-5965-4468-9fd8-7f8f8ec52a39,M-1653,SESS-20260705-3770-0343,RENTAL_ACCRUAL,15,134,2026-07-05T21:20:00+08:00
e2e9fb5c-dc2b-4a7e-8e5a-9c24593ccbb7,M-1457,SESS-20260705-8054-0344,RENTAL_ACCRUAL,12,132,2026-07-06T00:15:00+08:00
780ec19b-9817-49d3-a6e0-2376b6b2bff1,M-1006,SESS-20260705-9087-0345,RENTAL_ACCRUAL,12,189,2026-07-06T00:50:00+08:00
fe5dd584-ffcf-44b7-87f5-e35f5f87bb19,M-1635,SESS-20260705-1499-0346,RENTAL_ACCRUAL,8,82,2026-07-05T22:30:00+08:00
08c64aeb-c166-4ba3-8298-98a6ad1fb7ab,M-1822,SESS-20260705-3306-0347,RENTAL_ACCRUAL,40,142,2026-07-06T05:30:00+08:00
55478087-351c-4773-89d9-629885549d63,M-1111,SESS-20260705-6192-0348,RENTAL_ACCRUAL,60,287,2026-07-06T00:45:00+08:00
84df4a31-7c4a-4442-a06b-b43a75389b4f,M-1870,SESS-20260705-7552-0349,RENTAL_ACCRUAL,25,130,2026-07-06T04:55:00+08:00
032aa349-774e-416f-a43b-7dc346aca8a4,M-1271,SESS-20260705-6059-0350,RENTAL_ACCRUAL,24,108,2026-07-05T19:20:00+08:00
7dfe63ee-d43d-49cf-aff7-18c37f9c032d,M-1410,SESS-20260705-1171-0351,RENTAL_ACCRUAL,30,669,2026-07-05T22:05:00+08:00
cc5b3fb4-f988-4831-aac6-d9e1d08d1a4c,M-1102,SESS-20260705-9500-0352,RENTAL_ACCRUAL,5,154,2026-07-05T18:45:00+08:00
81cf50c1-68b7-4a0f-9a9d-af2e17b03ad3,M-1124,SESS-20260705-9828-0353,RENTAL_ACCRUAL,25,50,2026-07-05T09:40:00+08:00
ccfa20cc-b3a2-45df-8990-650a269e34df,M-1274,SESS-20260705-6682-0354,RENTAL_ACCRUAL,8,102,2026-07-05T20:55:00+08:00
2ed8a06b-96a2-479b-9d9e-bcba98a55e77,M-1746,SESS-20260705-6938-0355,RENTAL_ACCRUAL,24,43,2026-07-05T22:40:00+08:00
db691184-d533-48ba-9060-eeab1d9a7bd5,M-1127,SESS-20260705-1827-0356,RENTAL_ACCRUAL,25,176,2026-07-06T00:45:00+08:00
1eba7958-f4e1-4686-b1c9-9789badbc2be,M-1375,SESS-20260705-2319-0357,RENTAL_ACCRUAL,10,103,2026-07-05T18:00:00+08:00
54ade8c3-ec69-4ad8-b849-b7a3d5dbea1b,M-1092,SESS-20260705-3321-0358,RENTAL_ACCRUAL,5,153,2026-07-05T23:35:00+08:00
0173ec75-b1c8-4597-ae18-b9c8de1a880a,M-1298,SESS-20260705-3283-0359,RENTAL_ACCRUAL,11,257,2026-07-05T22:45:00+08:00
59bd6d88-bbbe-4ee2-a320-2124935052bf,M-1745,SESS-20260705-7957-0360,RENTAL_ACCRUAL,5,109,2026-07-05T22:55:00+08:00
6cd26eb0-af8c-4a46-aeb0-08ea633452f4,M-1022,SESS-20260705-7267-0361,RENTAL_ACCRUAL,8,108,2026-07-05T23:45:00+08:00
523c9cfe-4fdd-458f-a786-4ca180b35196,M-1320,SESS-20260705-1163-0362,RENTAL_ACCRUAL,28,820,2026-07-06T03:55:00+08:00
c367b373-4531-4bbc-a7cd-f3ad456b34c8,M-1041,SESS-20260705-3857-0363,RENTAL_ACCRUAL,12,934,2026-07-06T01:20:00+08:00
0914551d-8419-45d4-8d1b-d523d0897e9f,M-1620,SESS-20260705-4267-0364,RENTAL_ACCRUAL,11,487,2026-07-06T00:50:00+08:00
a3c751d5-a2a6-4235-96f3-e772bae86436,M-1732,SESS-20260705-1478-0365,RENTAL_ACCRUAL,18,252,2026-07-06T00:30:00+08:00
bf3c8b91-5180-423c-a78e-cd92a2935bdd,M-1506,SESS-20260705-6837-0366,RENTAL_REDEMPTION,-100,21,2026-07-05T19:25:00+08:00
24d79b97-9060-4ff6-ad42-ee50ec32bf12,M-1506,SESS-20260705-6837-0366,RENTAL_ACCRUAL,35,56,2026-07-06T00:25:00+08:00
d0a528dc-7b44-4719-b793-e05d3efe1e96,M-1679,SESS-20260705-3491-0367,RENTAL_ACCRUAL,9,206,2026-07-06T00:55:00+08:00
3d8a22e5-d8c6-4520-88da-82585c974333,M-1455,SESS-20260705-9263-0368,RENTAL_ACCRUAL,15,91,2026-07-06T01:15:00+08:00
4f62f007-3612-47f9-abc7-c00eb08fa789,M-1094,SESS-20260705-6192-0369,RENTAL_ACCRUAL,10,200,2026-07-05T17:55:00+08:00
0b7010a6-37de-4384-91c9-a6ea6a32e374,M-1897,SESS-20260705-1171-0370,RENTAL_ACCRUAL,15,68,2026-07-06T01:35:00+08:00
7d4f5c6d-ee10-4388-b832-28f1199e2457,M-1299,SESS-20260705-1928-0371,RENTAL_ACCRUAL,16,62,2026-07-05T07:00:00+08:00
c2088f91-140a-438a-aa1f-27fc806c22a0,M-1741,SESS-20260705-3807-0372,RENTAL_ACCRUAL,11,249,2026-07-05T22:30:00+08:00
63d284f6-e01d-4342-9657-20435b575b32,M-1364,SESS-20260705-9753-0373,RENTAL_ACCRUAL,9,341,2026-07-05T20:45:00+08:00
c5392789-79d6-47ca-8787-e8cc0d7d4121,M-1280,SESS-20260705-7432-0374,RENTAL_ACCRUAL,67,319,2026-07-06T03:30:00+08:00
67213f29-faff-4d24-8d4e-13d2e97444b0,M-1139,SESS-20260705-8957-0375,RENTAL_ACCRUAL,25,235,2026-07-06T04:15:00+08:00
1c40fa27-847b-4901-a736-10070d13c796,M-1608,SESS-20260705-1176-0376,RENTAL_ACCRUAL,36,201,2026-07-05T19:25:00+08:00
ae369846-438b-4600-acb6-ae7a855be76c,M-1608,TIER_UPGRADE_Standard_TO_Silver,TIER_BONUS,50,251,2026-07-05T19:25:00+08:00
bd4ef718-209b-4222-ab88-f37704d657dd,M-1026,SESS-20260705-5035-0377,RENTAL_ACCRUAL,18,1569,2026-07-06T01:45:00+08:00
12a39d40-c1fe-44e1-a0e6-0b11e11255c7,M-1557,SESS-20260705-3609-0378,RENTAL_ACCRUAL,5,145,2026-07-05T22:25:00+08:00
c5f42834-1589-4092-8324-a947786435ab,M-1839,SESS-20260705-3757-0379,RENTAL_ACCRUAL,24,100,2026-07-06T00:30:00+08:00
e086df05-0675-4259-8ed9-c993c91eb023,M-1142,SESS-20260705-9210-0380,RENTAL_ACCRUAL,8,102,2026-07-05T23:45:00+08:00
1e790f93-f84a-476a-8299-6d6f105b4226,M-1988,SESS-20260705-5389-0381,RENTAL_ACCRUAL,40,42,2026-07-06T04:50:00+08:00
44b66194-42ef-4d81-b96a-334cf7e9cb77,M-1595,SESS-20260705-9177-0382,RENTAL_ACCRUAL,25,88,2026-07-06T02:45:00+08:00
f2475bbf-40ac-41ad-be56-f176a834c2ec,M-1420,SESS-20260705-4088-0383,RENTAL_ACCRUAL,24,261,2026-07-05T20:05:00+08:00
d8fd18ba-a28b-48b2-a2e3-921ffcf186d0,M-1420,TIER_UPGRADE_Standard_TO_Silver,TIER_BONUS,50,311,2026-07-05T20:05:00+08:00
2d0fe8f2-36bb-4589-b69a-80ff16bcbc78,M-1663,SESS-20260705-7318-0384,RENTAL_ACCRUAL,24,107,2026-07-05T23:45:00+08:00
9e648ee5-1a9b-4a0d-b26e-eff6eac2d73e,M-1385,SESS-20260705-2433-0385,RENTAL_ACCRUAL,16,52,2026-07-05T22:15:00+08:00
6351d20f-f530-4420-a35d-e92db7236368,M-2079,SESS-20260705-4920-0386,RENTAL_ACCRUAL,25,60,2026-07-06T00:00:00+08:00
58dce833-4dd7-48d2-9464-6d398afb45d4,M-1070,SESS-20260705-8268-0387,RENTAL_ACCRUAL,10,169,2026-07-05T23:50:00+08:00
23f9c78a-84c7-4b5c-8e6d-5a7a324b2b40,M-1311,SESS-20260705-2394-0388,RENTAL_ACCRUAL,10,61,2026-07-05T23:35:00+08:00
407e4e7a-2e21-4d52-a132-349e59edebed,M-1608,SESS-20260705-4047-0389,RENTAL_ACCRUAL,18,269,2026-07-06T01:55:00+08:00
452ef14f-4378-4fca-8815-d42a70517f67,M-1123,SESS-20260705-2169-0390,RENTAL_ACCRUAL,24,72,2026-07-05T21:30:00+08:00
8dd161b6-9e7a-4b56-a760-931cb92ea4a3,M-1167,SESS-20260705-2685-0391,RENTAL_ACCRUAL,11,310,2026-07-06T01:55:00+08:00
c7507d8e-39ff-4abb-81ab-1b96d479832e,M-1030,SESS-20260705-6966-0392,RENTAL_ACCRUAL,5,58,2026-07-05T23:35:00+08:00
507de59c-7ff4-426c-9831-73e39130035e,M-1690,SESS-20260705-1487-0393,RENTAL_ACCRUAL,40,198,2026-07-06T07:50:00+08:00
194b1466-50bc-43da-879f-396b4eae6bf0,M-1551,SESS-20260705-4503-0394,RENTAL_ACCRUAL,5,83,2026-07-05T20:45:00+08:00
78473fc1-3a7d-4f83-9451-01446f63fef9,M-1551,TIER_UPGRADE_Standard_TO_Silver,TIER_BONUS,50,133,2026-07-05T20:45:00+08:00
db04858d-20c5-4445-82bb-e9101dbfb3d6,M-1768,SESS-20260705-1193-0395,RENTAL_ACCRUAL,28,310,2026-07-06T02:15:00+08:00
e654fe91-0893-442d-a987-3f8cc781f9da,M-1072,SESS-20260705-9313-0396,RENTAL_ACCRUAL,8,63,2026-07-05T20:45:00+08:00
ecf77e97-4098-4868-a259-84ef5c4873a1,M-1339,SESS-20260705-4054-0397,RENTAL_REDEMPTION,-100,10,2026-07-05T21:00:00+08:00
d2545dd3-03ca-456c-a104-67bdb1b2cb5a,M-1339,SESS-20260705-4054-0397,RENTAL_ACCRUAL,10,20,2026-07-06T00:00:00+08:00
101a09d5-6711-4f5e-96a9-03f02c5946ea,M-1590,SESS-20260705-7848-0398,RENTAL_ACCRUAL,24,62,2026-07-06T01:55:00+08:00
bd450b62-838c-42a7-9305-4eb29d941399,M-1282,SESS-20260705-9584-0399,RENTAL_ACCRUAL,27,255,2026-07-06T01:30:00+08:00
52b82ca7-22e9-47e9-a766-993e2826fb14,M-1299,SESS-20260705-3730-0400,RENTAL_ACCRUAL,15,77,2026-07-05T20:15:00+08:00
4dac4acd-70e8-46f2-a955-1e5c0a3e129e,M-1188,SESS-20260705-6825-0401,RENTAL_REDEMPTION,-100,389,2026-07-05T20:20:00+08:00
f30d5ddc-c2f6-4a8e-a94a-ed291172cf10,M-1188,SESS-20260705-6825-0401,RENTAL_ACCRUAL,20,409,2026-07-05T22:20:00+08:00
cbecec3d-3c29-4fad-87eb-d9958a9caa42,M-1622,SESS-20260705-7320-0402,RENTAL_ACCRUAL,15,94,2026-07-05T21:05:00+08:00
c00eb160-d841-4032-b66d-76b26a766749,M-1228,SESS-20260705-9930-0403,RENTAL_ACCRUAL,18,287,2026-07-06T00:30:00+08:00
97bb8faa-ba7b-4c0e-a11f-af84a1103b77,M-1717,SESS-20260705-7027-0404,RENTAL_ACCRUAL,28,468,2026-07-06T02:30:00+08:00
a168a1e3-518d-4b75-b92e-e99783683ff7,M-1684,SESS-20260705-1143-0405,RENTAL_ACCRUAL,15,186,2026-07-06T02:55:00+08:00
5b13f0c2-962a-48e6-b089-483c05369c52,M-1684,TIER_UPGRADE_Standard_TO_Silver,TIER_BONUS,50,236,2026-07-06T02:55:00+08:00
d6e6f7da-2aa2-4d82-ba7c-587de828c1df,M-1706,SESS-20260705-4042-0406,RENTAL_ACCRUAL,11,660,2026-07-06T01:40:00+08:00
12af052d-a2de-42a0-824f-5ca2e71b65d6,M-1674,SESS-20260705-6054-0407,RENTAL_ACCRUAL,5,339,2026-07-06T00:05:00+08:00
45ac56fe-f66d-4278-9f9c-d0bf26d94ec4,M-1646,SESS-20260705-9824-0408,RENTAL_ACCRUAL,15,137,2026-07-06T02:40:00+08:00
7ff278e7-7cd5-43ff-b9c9-2e9f4b93305f,M-1187,SESS-20260705-8488-0409,RENTAL_REDEMPTION,-100,54,2026-07-05T21:35:00+08:00
6b243e6b-a82b-429c-b9c8-91b2922fb365,M-1187,SESS-20260705-8488-0409,RENTAL_ACCRUAL,19,73,2026-07-05T23:35:00+08:00
e539b005-b05c-41ba-bdfd-9409892fb1a5,M-1573,SESS-20260705-8702-0410,RENTAL_ACCRUAL,24,272,2026-07-06T02:55:00+08:00
fe36f878-f8b7-4151-8b4b-1bf1f2833555,M-1501,SESS-20260705-8156-0411,RENTAL_ACCRUAL,5,40,2026-07-05T23:40:00+08:00
4fae92ce-5c6e-4084-a2e2-23a9d79a0606,M-1439,SESS-20260705-4436-0412,RENTAL_ACCRUAL,5,192,2026-07-05T23:15:00+08:00
1a84b806-3f48-47a2-8692-0d9848bd721c,M-1793,SESS-20260705-4433-0413,RENTAL_ACCRUAL,40,858,2026-07-06T02:50:00+08:00
4beb7e19-ae42-4528-b153-88d4f6d27fa9,M-1210,SESS-20260705-9861-0414,RENTAL_ACCRUAL,5,864,2026-07-06T00:30:00+08:00
fc9a8c0b-8c9e-4a78-9c67-d5f5a21e1fda,M-1446,SESS-20260705-7255-0415,RENTAL_ACCRUAL,64,129,2026-07-06T06:20:00+08:00
e653d370-f4e4-4ea5-8577-6438463909cb,M-1361,SESS-20260705-5984-0416,RENTAL_ACCRUAL,67,419,2026-07-06T03:35:00+08:00
8568e9aa-eac1-4070-89f5-a5b84a8b731f,M-1840,SESS-20260705-4748-0417,RENTAL_ACCRUAL,18,1832,2026-07-05T10:30:00+08:00
44bb19d2-0560-461d-81bd-a68b499ce9ba,M-1718,SESS-20260705-1293-0418,RENTAL_ACCRUAL,30,1306,2026-07-06T04:10:00+08:00
71c1cfcb-b792-4a7b-9de1-c02f1df41f7c,M-1104,SESS-20260705-7227-0419,RENTAL_ACCRUAL,25,109,2026-07-05T19:00:00+08:00
036e030a-6c98-4f27-baf9-f4bac347f635,M-1539,SESS-20260705-3404-0420,RENTAL_ACCRUAL,48,2617,2026-07-06T03:45:00+08:00
b655aab2-359b-4831-8f31-1279f303e29e,M-1036,SESS-20260705-4525-0421,RENTAL_ACCRUAL,5,465,2026-07-06T00:55:00+08:00
ce71ec0d-815a-4cd9-97fa-4aa6e36215c8,M-1747,SESS-20260705-5386-0422,RENTAL_ACCRUAL,25,187,2026-07-06T04:45:00+08:00
0032ec9c-2fc2-4643-8ef5-9ceea288759a,M-1065,SESS-20260705-4548-0423,RENTAL_ACCRUAL,40,544,2026-07-06T01:45:00+08:00
5b6e04b7-f6ea-4c87-99a6-89791f40cddf,M-1777,SESS-20260705-3490-0424,RENTAL_ACCRUAL,18,194,2026-07-05T22:55:00+08:00
d15ab76c-d7d9-4069-94d4-4af566bef86b,M-1333,SESS-20260705-6723-0425,RENTAL_ACCRUAL,8,170,2026-07-06T00:00:00+08:00
c8b0dfd9-da36-4036-b600-3e35782a02db,M-1333,TIER_UPGRADE_Standard_TO_Silver,TIER_BONUS,50,220,2026-07-06T00:00:00+08:00
1f29e0e9-2dd0-4dc7-83e1-70926a5ca738,M-1211,SESS-20260705-4715-0426,RENTAL_REDEMPTION,-100,34,2026-07-05T20:20:00+08:00
141b8c43-4daf-494e-b1b2-2dee32621302,M-1211,SESS-20260705-4715-0426,RENTAL_ACCRUAL,10,44,2026-07-05T23:20:00+08:00
972b7ed7-174e-4dcf-9e02-4611b9de8263,M-1286,SESS-20260705-6447-0427,RENTAL_REDEMPTION,-100,137,2026-07-05T21:00:00+08:00
5a1631f8-2e44-4977-89a8-cc5d972d0a74,M-1616,SESS-20260705-2536-0428,RENTAL_ACCRUAL,25,110,2026-07-06T02:10:00+08:00
c2ae1e19-1fb1-485b-a6a6-d9f8d8bda1a1,M-1531,SESS-20260705-1844-0429,RENTAL_ACCRUAL,10,140,2026-07-06T01:35:00+08:00
3b5ed28a-0866-4115-b47c-b5dfdddb0e1e,M-1510,SESS-20260705-4260-0430,RENTAL_ACCRUAL,40,131,2026-07-06T01:00:00+08:00
991e352f-3d0a-4a8f-a3fe-4cb7d491988b,M-1510,TIER_UPGRADE_Standard_TO_Silver,TIER_BONUS,50,181,2026-07-06T01:00:00+08:00
5e359007-5c2d-47f6-af41-938598f7f322,M-1537,SESS-20260705-8633-0431,RENTAL_ACCRUAL,40,240,2026-07-06T02:20:00+08:00
39da9dbf-65dd-434c-9211-beaf1d13a554,M-1110,SESS-20260705-7844-0432,RENTAL_ACCRUAL,64,176,2026-07-06T07:25:00+08:00
5117e2b9-7df8-475a-9847-1373430570db,M-1558,SESS-20260705-3870-0433,RENTAL_ACCRUAL,24,144,2026-07-06T00:05:00+08:00
6b59f634-5e63-451e-a143-bea0e4f1be36,M-1442,SESS-20260705-9640-0434,RENTAL_ACCRUAL,15,147,2026-07-06T01:10:00+08:00
383dd42f-bb8e-453b-98f1-9d83c1fd1d30,M-1988,ORD-20260706-7332-0001,CONCESSION_ACCRUAL,8,50,2026-07-06T02:57:53+08:00
f3340b9f-2b2f-4320-8167-952d1d7329c8,M-1205,ORD-20260705-4918-0002,CONCESSION_ACCRUAL,45,754,2026-07-05T22:58:59+08:00
9d38b623-39af-47b9-8d8e-c90ae2b83279,M-1756,ORD-20260706-5482-0003,CONCESSION_ACCRUAL,34,2207,2026-07-06T04:41:41+08:00
b9bd3750-7ea2-493d-858c-fa449ca31d01,M-1320,ORD-20260706-9171-0004,CONCESSION_ACCRUAL,18,838,2026-07-06T00:34:04+08:00
df5038e4-7e77-4f91-9951-c7713d24437e,M-1121,ORD-20260706-8250-0005,CONCESSION_ACCRUAL,3,129,2026-07-06T06:11:19+08:00
3afecb68-fa74-4458-ae17-10be30dc42d7,M-1625,ORD-20260706-7656-0006,CONCESSION_ACCRUAL,29,2732,2026-07-06T00:30:31+08:00
eb8fabc3-9a93-462a-8349-a6376c95cbbf,M-1697,ORD-20260705-3947-0007,CONCESSION_ACCRUAL,22,170,2026-07-05T18:23:18+08:00
0ab23e5c-7d60-40fa-bceb-c5410ae60629,M-1405,ORD-20260705-4084-0008,CONCESSION_ACCRUAL,3,110,2026-07-05T17:06:42+08:00
38f5acad-1d6f-446e-87c8-f7f5f0128a3d,M-1142,ORD-20260705-2016-0009,CONCESSION_ACCRUAL,12,114,2026-07-05T14:45:38+08:00
bf4ad562-2808-4fad-9d81-809df6a47c4a,M-1142,TIER_UPGRADE_Standard_TO_Silver,TIER_BONUS,50,164,2026-07-05T14:45:38+08:00
d9ae5959-6361-4fb7-aeb9-592e9c0e6289,M-1375,ORD-20260705-5121-0010,CONCESSION_ACCRUAL,12,115,2026-07-05T16:14:12+08:00
0d8743c2-9aba-47cf-b108-2da3ba598640,M-1299,ORD-20260705-9681-0011,CONCESSION_ACCRUAL,6,83,2026-07-05T18:05:05+08:00
40efdd6a-572f-4b21-af4b-946a6f6659d2,M-1631,ORD-20260705-6607-0012,CONCESSION_ACCRUAL,6,66,2026-07-05T16:12:57+08:00
5cc24948-94a5-410b-b7d0-266baaf17f4f,M-1763,ORD-20260706-5402-0013,CONCESSION_ACCRUAL,25,252,2026-07-06T02:41:01+08:00
122fe9fd-375b-470f-b43f-9fa3edf363d1,M-1768,ORD-20260705-1515-0014,CONCESSION_ACCRUAL,14,324,2026-07-05T23:31:11+08:00
4c746a85-d785-40fa-95d2-239570dcda65,M-1282,ORD-20260705-7942-0015,CONCESSION_ACCRUAL,16,271,2026-07-05T22:30:36+08:00
a1962865-6f1a-4ea8-87bd-dcb66753e597,M-1399,ORD-20260705-6516-0016,CONCESSION_ACCRUAL,22,114,2026-07-05T06:44:27+08:00
bc3fd9f6-a4f0-47af-90e0-b00ba2d70c37,M-1238,ORD-20260705-6422-0017,CONCESSION_ACCRUAL,8,204,2026-07-05T22:26:31+08:00
c2f884ac-2603-4f6a-a58e-252829c783d5,M-1079,ORD-20260706-9958-0018,CONCESSION_ACCRUAL,51,179,2026-07-06T00:52:07+08:00
a54b5bf1-a5d7-41a7-9d7c-d9d6865034ed,M-1646,ORD-20260705-2667-0019,CONCESSION_ACCRUAL,12,149,2026-07-05T17:37:58+08:00
bfcb0396-3b97-4177-8f0b-b8edc69a6b12,M-1646,TIER_UPGRADE_Standard_TO_Silver,TIER_BONUS,50,199,2026-07-05T17:37:58+08:00
88de1f99-ff12-413c-be2d-f673c5303672,M-1143,ORD-20260706-1470-0020,CONCESSION_ACCRUAL,9,3353,2026-07-06T02:05:05+08:00
24f20989-7503-42c9-8a1e-4075068281d1,M-1246,ORD-20260706-3600-0021,CONCESSION_ACCRUAL,8,519,2026-07-06T00:23:06+08:00
30b918a7-b37c-44c8-ab21-6f135a64b7ba,M-1505,ORD-20260705-3687-0022,CONCESSION_ACCRUAL,12,180,2026-07-05T16:45:59+08:00
a101df6d-9a5b-486c-b4c3-ed9f647cf496,M-1571,ORD-20260705-9080-0023,CONCESSION_ACCRUAL,7,15,2026-07-05T12:01:58+08:00
8476e802-96f4-4a3c-8f5f-16b66d19c375,M-1604,ORD-20260705-6936-0024,CONCESSION_ACCRUAL,11,153,2026-07-05T11:14:39+08:00
2071ea46-b83d-4a4e-9a40-cd8da6160f2e,M-1176,ORD-20260705-2228-0025,CONCESSION_ACCRUAL,3,118,2026-07-05T23:14:36+08:00
ae480caf-8e70-4c2b-823d-0845574cb679,M-1245,ORD-20260706-4721-0026,CONCESSION_ACCRUAL,9,48,2026-07-06T00:44:02+08:00
4c6d6ee0-fcdb-4fec-a5e9-daceb39f099c,M-1083,ORD-20260706-2781-0027,CONCESSION_ACCRUAL,13,101,2026-07-06T00:34:49+08:00
4ea97d8d-f6bc-4da3-82fe-e243eec8d1b7,M-1085,ORD-20260705-1553-0028,CONCESSION_ACCRUAL,8,209,2026-07-05T13:11:58+08:00
d4a77595-3f56-4599-ac3c-e56f9362c703,M-1274,ORD-20260705-5127-0029,CONCESSION_ACCRUAL,14,116,2026-07-05T15:14:21+08:00
5d763aec-2534-49c6-995e-13fc71047360,M-1086,ORD-20260705-8260-0030,CONCESSION_ACCRUAL,12,147,2026-07-05T23:28:11+08:00
0277e989-bd6a-4384-9b29-bc18f1a7af7d,M-1370,ORD-20260705-5270-0031,CONCESSION_ACCRUAL,6,207,2026-07-05T21:05:20+08:00
bdcb2cef-cc8c-4d69-b34d-9a9f1bcb1de8,M-1339,ORD-20260705-7945-0032,CONCESSION_ACCRUAL,8,28,2026-07-05T21:45:42+08:00
1dee13e2-e1d8-4ae2-ae7e-c2ecdcaad2d8,M-1382,ORD-20260705-9352-0033,CONCESSION_ACCRUAL,9,128,2026-07-05T23:44:22+08:00
3a805263-a988-4dc7-b57d-5bc17467fd15,M-1564,ORD-20260705-2457-0034,CONCESSION_ACCRUAL,3,230,2026-07-05T20:02:24+08:00
a7833b87-5ca3-406c-a603-a7ea2e7e1ca1,M-1624,ORD-20260705-6689-0035,CONCESSION_ACCRUAL,4,930,2026-07-05T18:51:51+08:00
d0dc303d-42c7-41bd-b050-8ab695cfa640,M-1812,ORD-20260705-2977-0036,CONCESSION_ACCRUAL,3,158,2026-07-05T14:39:45+08:00
b0d88b3b-019f-4a08-96b6-cba46eb4d734,M-1770,ORD-20260705-7882-0037,CONCESSION_ACCRUAL,30,291,2026-07-05T18:58:06+08:00
fe1864cb-9f4b-4ea7-b010-978c89f244c8,M-1142,ORD-20260705-3246-0038,CONCESSION_ACCRUAL,27,191,2026-07-05T22:58:28+08:00
dd3a495e-c5ed-4e22-bfb7-9341b2a1544d,M-1674,ORD-20260705-4830-0039,CONCESSION_ACCRUAL,9,348,2026-07-05T23:46:19+08:00
54c262cb-7d67-44a8-baf9-4a4188033288,M-1590,ORD-20260706-8537-0040,CONCESSION_ACCRUAL,20,82,2026-07-06T00:47:36+08:00
7901b2f4-0c2b-4ee2-9a66-8344c0dbc590,M-1690,ORD-20260705-3436-0041,CONCESSION_ACCRUAL,40,238,2026-07-05T15:25:47+08:00
2fa33ce3-c0ad-46a3-96db-8adf3e010146,M-1690,TIER_UPGRADE_Standard_TO_Silver,TIER_BONUS,50,288,2026-07-05T15:25:47+08:00
8e28182c-9d24-45ff-a458-d787dc54e0a7,M-1127,ORD-20260705-4000-0042,CONCESSION_ACCRUAL,6,182,2026-07-05T20:27:27+08:00
8d88dbc5-bd14-411a-8dab-b8f08ea8d93e,M-1608,ORD-20260705-9210-0043,CONCESSION_ACCRUAL,15,284,2026-07-05T17:11:13+08:00
621852d4-ef75-4730-b670-992846453445,M-1095,ORD-20260705-5071-0044,CONCESSION_ACCRUAL,12,46,2026-07-05T20:24:19+08:00
0d3e267d-fb42-47ab-9bcc-802d9a4d4bd8,M-1558,ORD-20260705-4637-0045,CONCESSION_ACCRUAL,6,150,2026-07-05T21:37:43+08:00
766ddaa9-89fe-4528-8fc2-61721ec491e0,M-1067,ORD-20260705-9838-0046,CONCESSION_ACCRUAL,16,350,2026-07-05T20:00:08+08:00
c8cec444-fedb-4565-b9db-25e7899d716f,M-1110,ORD-20260706-4487-0047,CONCESSION_ACCRUAL,8,184,2026-07-06T03:50:54+08:00
1542d668-99ab-4ce2-8e0b-bcda4f9a6797,M-1442,ORD-20260705-4970-0048,CONCESSION_ACCRUAL,20,167,2026-07-05T23:57:44+08:00
dfb6ca33-4e12-4d77-9521-88e19614e6ba,M-1041,ORD-20260706-6279-0049,CONCESSION_ACCRUAL,11,945,2026-07-06T01:00:24+08:00
fc92d079-1017-4742-956d-9f4d34949993,M-1596,ORD-20260705-7970-0050,CONCESSION_ACCRUAL,27,342,2026-07-05T21:14:59+08:00
2795b1e0-24e7-486d-9330-5a327c549b2e,M-1718,ORD-20260706-6482-0051,CONCESSION_ACCRUAL,13,1319,2026-07-06T00:12:35+08:00
00fe23d1-270b-4a78-b9b4-4eae31da7049,M-1005,ORD-20260705-2156-0052,CONCESSION_ACCRUAL,8,50,2026-07-05T13:02:52+08:00
76fdc783-8e00-44d5-90bc-f5868ac3a4dc,M-1410,ORD-20260705-8655-0053,CONCESSION_ACCRUAL,18,687,2026-07-05T19:27:05+08:00
f448f2c1-cf6b-4333-888c-4b319445e0f6,M-1947,ORD-20260705-3598-0054,CONCESSION_ACCRUAL,13,77,2026-07-05T15:39:12+08:00
f8c75396-538b-4c41-9806-276ad6eb8850,M-1033,ORD-20260706-3515-0055,CONCESSION_ACCRUAL,15,137,2026-07-06T00:20:45+08:00
b6fa7d08-e294-4da3-a31b-1f99c64d6029,M-1583,ORD-20260705-2397-0056,CONCESSION_ACCRUAL,19,96,2026-07-05T21:46:41+08:00
dd550d34-4ed2-47a7-94b8-2764cc983853,M-1340,ORD-20260705-6261-0057,CONCESSION_ACCRUAL,10,466,2026-07-05T19:54:00+08:00
1820d089-2f63-4d16-96a4-d8850d1c4ef4,M-1782,ORD-20260705-7426-0058,CONCESSION_ACCRUAL,9,745,2026-07-05T21:56:45+08:00
ba19e069-4e9b-4329-981c-899c15b08eff,M-1798,ORD-20260705-8336-0059,CONCESSION_ACCRUAL,20,137,2026-07-05T18:43:05+08:00
23b72b56-92f9-4a0e-a987-bcfc9eb1b2c8,M-1741,ORD-20260705-1105-0060,CONCESSION_ACCRUAL,19,268,2026-07-05T09:13:20+08:00
4e41c7bb-802d-464c-8bfd-34ef1b8e2f91,M-1167,ORD-20260706-5650-0061,CONCESSION_ACCRUAL,3,313,2026-07-06T01:21:55+08:00
d6a1a059-1f40-4d6d-904e-288ef4e7d80b,M-1511,ORD-20260705-4043-0062,CONCESSION_ACCRUAL,25,85,2026-07-05T12:02:29+08:00
b6d7cb9c-1994-4435-a13b-92126b24ed2d,M-1029,ORD-20260705-6601-0063,CONCESSION_ACCRUAL,23,542,2026-07-05T21:44:16+08:00
fc07ae48-a140-42b6-8c15-19eb92026d0b,M-1139,ORD-20260705-1510-0064,CONCESSION_ACCRUAL,8,243,2026-07-05T18:14:13+08:00
0d805df0-07c9-4c94-93ac-f608a75bcc76,M-1676,ORD-20260705-3627-0065,CONCESSION_ACCRUAL,9,3041,2026-07-05T22:28:47+08:00
477dab1d-fe47-417d-84eb-fabc2a1fbf09,M-1501,ORD-20260705-8601-0066,CONCESSION_ACCRUAL,48,88,2026-07-05T23:25:02+08:00
647b6cfb-14c3-4f43-8049-ba77821a493d,M-1501,TIER_UPGRADE_Standard_TO_Silver,TIER_BONUS,50,138,2026-07-05T23:25:02+08:00
c4c28472-9052-445b-8fd8-305cb0a0721f,M-1026,ORD-20260705-9276-0067,CONCESSION_ACCRUAL,30,1599,2026-07-05T18:22:18+08:00
d610c55b-d85d-470e-9c56-a881824132f8,M-1197,ORD-20260706-5546-0068,CONCESSION_ACCRUAL,6,85,2026-07-06T00:52:52+08:00
f0391d73-eddb-45f5-8caa-febafbae7c0a,M-1795,ORD-20260705-6642-0069,CONCESSION_ACCRUAL,20,117,2026-07-05T18:13:27+08:00
d7a5f306-9e1b-495c-abfb-7d4ab2b57f70,M-1331,ORD-20260705-2092-0070,CONCESSION_ACCRUAL,22,197,2026-07-05T04:38:09+08:00
cb432eec-a5d3-4adb-816b-8873f9551a32,M-1516,ORD-20260705-9770-0071,CONCESSION_ACCRUAL,7,118,2026-07-05T22:05:54+08:00
b0ab50cf-08e0-4f8f-bff0-5588d95dcd7d,M-1027,ORD-20260705-2649-0072,CONCESSION_ACCRUAL,24,237,2026-07-05T21:12:44+08:00
c13bb1f0-5c70-4a8d-a783-0f5af94abbbd,M-1415,ORD-20260706-3868-0073,CONCESSION_ACCRUAL,9,1250,2026-07-06T01:42:31+08:00
4c9836ff-5763-4a28-b5c7-0551c294d82b,M-1456,ORD-20260705-6806-0074,CONCESSION_ACCRUAL,17,176,2026-07-05T20:24:02+08:00
ed29a3af-c0f6-48fb-acaf-eaf30ca104e2,M-1055,ORD-20260705-8716-0075,CONCESSION_ACCRUAL,12,78,2026-07-05T15:57:35+08:00
e5e4011d-6a64-4b78-a494-bcd7c09a8fb5,M-1109,ORD-20260706-9225-0076,CONCESSION_ACCRUAL,11,182,2026-07-06T00:43:14+08:00
87ef9f6e-e4c0-461d-8521-fb79bbb166b1,M-1458,ORD-20260706-7688-0077,CONCESSION_ACCRUAL,24,106,2026-07-06T00:49:34+08:00
896d357b-271f-4e4f-827f-b4bb5b44e9ca,M-1830,ORD-20260705-3365-0078,CONCESSION_ACCRUAL,18,288,2026-07-05T13:14:48+08:00
060263aa-e00c-4ef8-96fc-1fba49123e59,M-1010,ORD-20260705-9448-0079,CONCESSION_ACCRUAL,13,169,2026-07-05T20:37:43+08:00
e8509c62-b672-4d0f-94a7-2f7c3a622516,M-1234,ORD-20260705-9278-0080,CONCESSION_ACCRUAL,18,149,2026-07-05T18:04:07+08:00
e56f06ea-846e-4403-9d32-3ae9274f36ed,M-1584,ORD-20260705-2572-0081,CONCESSION_ACCRUAL,7,29,2026-07-05T19:11:10+08:00
4847afa5-b36e-40b6-8ec8-aecd7f26c36b,M-2079,ORD-20260705-2913-0082,CONCESSION_ACCRUAL,12,72,2026-07-05T23:40:15+08:00
c3c1446a-8d39-4d84-95cf-5df5de3837f5,M-1361,ORD-20260706-2452-0083,CONCESSION_ACCRUAL,11,430,2026-07-06T00:19:36+08:00
79b3fde6-005f-445a-b881-8a14c487c652,M-1250,ORD-20260705-2204-0084,CONCESSION_ACCRUAL,8,100,2026-07-05T22:08:11+08:00
11c9125f-219f-4962-8f41-37bb756f4e68,M-1585,ORD-20260705-4828-0085,CONCESSION_ACCRUAL,15,411,2026-07-05T22:58:55+08:00
0508554f-137e-48b9-bfb8-43bb928322e6,M-1050,ORD-20260706-9771-0086,CONCESSION_ACCRUAL,8,231,2026-07-06T00:58:20+08:00
edc7b8cb-7004-443f-bba8-e370f046b815,M-1104,ORD-20260705-1509-0087,CONCESSION_ACCRUAL,12,121,2026-07-05T15:06:09+08:00
d97e9c69-0379-46e5-b8ef-8f3f4ff053eb,M-1642,ORD-20260706-9890-0088,CONCESSION_ACCRUAL,20,74,2026-07-06T00:05:54+08:00
de030f8d-ca04-42c8-9b18-eab819b89482,M-1623,ORD-20260705-3785-0089,CONCESSION_ACCRUAL,17,165,2026-07-05T22:29:35+08:00
e773fede-9a50-42a3-8139-89010ea1e815,M-1221,ORD-20260705-7131-0090,CONCESSION_ACCRUAL,27,1828,2026-07-05T23:07:24+08:00
83f9070c-54bc-46c0-bfa1-063dd0ff0fdb,M-1367,ORD-20260705-2641-0091,CONCESSION_ACCRUAL,36,129,2026-07-05T19:40:52+08:00
8adb6363-00de-4ce2-8253-eea2ce43f654,M-1273,ORD-20260706-6578-0092,CONCESSION_ACCRUAL,27,651,2026-07-06T00:28:09+08:00
1c4e0b7a-c20d-4c17-b666-4939686fd1fc,M-1443,ORD-20260705-4016-0093,CONCESSION_ACCRUAL,8,166,2026-07-05T21:53:08+08:00
02254063-cfe3-4047-b8fa-899a61da8a95,M-1030,ORD-20260705-3371-0094,CONCESSION_ACCRUAL,6,64,2026-07-05T23:10:39+08:00
74b57765-3699-4a33-aa47-563b5654da52,M-1620,ORD-20260705-5377-0095,CONCESSION_ACCRUAL,25,512,2026-07-05T23:51:44+08:00
4a969a9d-4c64-414d-9767-817055558767,M-1822,ORD-20260705-7210-0096,CONCESSION_ACCRUAL,39,181,2026-07-05T07:57:53+08:00
c34c93d8-c865-42e2-95b9-28cfa8a1441a,M-1822,TIER_UPGRADE_Standard_TO_Silver,TIER_BONUS,50,231,2026-07-05T07:57:53+08:00
0a327411-e368-435d-8431-3891ee25b5bc,M-1595,ORD-20260706-2452-0097,CONCESSION_ACCRUAL,36,124,2026-07-06T01:36:09+08:00
cce8b1a6-5242-4b92-bf68-2fba6ba49cc3,M-1283,ORD-20260705-6030-0098,CONCESSION_ACCRUAL,14,251,2026-07-05T18:12:44+08:00
43ebd978-9ba8-49a5-835b-a6f6dd0f5c9a,M-1819,ORD-20260705-2652-0099,CONCESSION_ACCRUAL,15,120,2026-07-05T19:36:51+08:00
d2813e6d-e236-42c5-89a9-2f00a9b69f92,M-1819,TIER_UPGRADE_Standard_TO_Silver,TIER_BONUS,50,170,2026-07-05T19:36:51+08:00
e031c3b0-0b79-4b98-a7b3-b8d83120af9d,M-1783,ORD-20260705-7538-0100,CONCESSION_ACCRUAL,3,106,2026-07-05T19:55:10+08:00
b31aee27-7842-43e7-9a75-3e901d82482c,M-1022,ORD-20260705-6373-0101,CONCESSION_ACCRUAL,6,114,2026-07-05T22:54:27+08:00
a21e3ae7-0bf5-43ee-b9c7-082e80f17f29,M-1377,ORD-20260705-2860-0102,CONCESSION_ACCRUAL,10,465,2026-07-05T19:32:37+08:00
f114aa44-707c-4cfb-abcc-5ef797e613e6,M-1353,ORD-20260705-6891-0103,CONCESSION_ACCRUAL,21,105,2026-07-05T19:17:20+08:00
f6a68405-24d6-46bf-947b-b23fe67f7d37,M-1045,ORD-20260706-9136-0104,CONCESSION_ACCRUAL,24,168,2026-07-06T00:10:25+08:00
928b1d52-4c9b-4085-b743-b9481cef618e,M-1045,TIER_UPGRADE_Standard_TO_Silver,TIER_BONUS,50,218,2026-07-06T00:10:25+08:00
cd6ce7f0-7cdf-41cc-903a-d9742277ada4,M-1506,ORD-20260706-2004-0105,CONCESSION_ACCRUAL,12,68,2026-07-06T00:05:23+08:00
619c4f85-5f99-45b8-a525-b9d07102d164,M-1131,ORD-20260705-9602-0106,CONCESSION_ACCRUAL,16,128,2026-07-05T10:50:12+08:00
301881e2-0ce9-4040-a47b-02211a491d0b,M-1131,TIER_UPGRADE_Standard_TO_Silver,TIER_BONUS,50,178,2026-07-05T10:50:12+08:00
44ee17d3-d6af-490a-8d70-55e5f98cbc5f,M-1259,ORD-20260705-8469-0107,CONCESSION_ACCRUAL,28,163,2026-07-05T20:20:49+08:00
c66ba380-df86-44a8-9e27-65095f8755df,M-1425,ORD-20260705-8531-0108,CONCESSION_ACCRUAL,23,111,2026-07-05T22:03:21+08:00
5c32a785-aafc-42f3-912e-4f0d57cce50a,M-1014,ORD-20260705-2508-0109,CONCESSION_ACCRUAL,3,435,2026-07-05T15:33:21+08:00
f3454fad-d6ef-47f5-8e8f-a128c90798d3,M-1270,ORD-20260705-4253-0110,CONCESSION_ACCRUAL,16,813,2026-07-05T16:08:57+08:00
6ce3beb0-16d0-4dfa-bbe4-e302e350bdb4,M-1826,ORD-20260705-7364-0111,CONCESSION_ACCRUAL,12,150,2026-07-05T23:47:13+08:00
57139172-217e-4733-9d1f-5d684f888da9,M-1690,ORD-20260706-8449-0112,CONCESSION_ACCRUAL,10,298,2026-07-06T02:05:08+08:00
921d5302-ee86-41f0-8023-34e04571b4c0,M-1785,ORD-20260705-9469-0113,CONCESSION_ACCRUAL,6,193,2026-07-05T19:35:27+08:00
e0ebfc89-8c8c-4edf-b81f-afdff9d4e29b,M-1481,ORD-20260705-7228-0114,CONCESSION_ACCRUAL,6,39,2026-07-05T19:41:51+08:00
6080df19-4b11-4f78-881d-491a07a1d009,M-1446,ORD-20260705-8167-0115,CONCESSION_ACCRUAL,17,146,2026-07-05T23:04:44+08:00
8be73685-4302-48e0-978b-61e3d1ec9fa5,M-1706,ORD-20260706-8782-0116,CONCESSION_ACCRUAL,10,670,2026-07-06T00:05:02+08:00
e113c7b1-4118-4a08-a5f0-1dd6110f6393,M-1054,ORD-20260705-1612-0117,CONCESSION_ACCRUAL,12,114,2026-07-05T22:42:48+08:00
46a56c4b-c465-45d7-9db8-001e876a4952,M-1019,ORD-20260705-9898-0118,CONCESSION_ACCRUAL,12,115,2026-07-05T20:59:26+08:00
92d489bd-7646-4b3d-9ca6-0a0f22b3d907,M-1430,ORD-20260705-5535-0119,CONCESSION_ACCRUAL,30,1210,2026-07-05T20:09:54+08:00
378dcf91-1dd7-49ea-b133-a6afa34560da,M-1299,ORD-20260705-3345-0120,CONCESSION_ACCRUAL,18,101,2026-07-05T05:03:28+08:00
15a84a8a-4366-497b-bbc4-bb87a7553cdf,M-1210,ORD-20260705-7076-0121,CONCESSION_ACCRUAL,31,895,2026-07-05T23:37:03+08:00
47e25038-f76e-4a6f-ab7b-2a36e2d48fd9,M-1090,ORD-20260705-8166-0122,CONCESSION_ACCRUAL,10,714,2026-07-05T22:21:38+08:00
a8a1d165-9ea6-4716-995d-e6fc1ec359a9,M-1111,ORD-20260705-5248-0123,CONCESSION_ACCRUAL,9,296,2026-07-05T22:15:00+08:00
1cba088a-7199-418f-898c-010cea1b6634,M-1390,ORD-20260705-4611-0124,CONCESSION_ACCRUAL,2,107,2026-07-05T22:03:47+08:00
a73bf2f6-4207-48f5-8b98-72e1c410e472,M-1413,ORD-20260706-7515-0125,CONCESSION_ACCRUAL,16,68,2026-07-06T00:20:00+08:00
3c6db8e2-d925-4831-9313-2fb31a3e51b8,M-1278,ORD-20260705-4434-0126,CONCESSION_ACCRUAL,30,199,2026-07-05T21:34:24+08:00
4a2c4c83-71d3-47a9-9b30-19f4d6ad0169,M-1508,ORD-20260705-6710-0127,CONCESSION_ACCRUAL,22,298,2026-07-05T14:51:19+08:00
bda229fd-7061-4399-ba5e-68b7bbc1ab35,M-1239,ORD-20260705-2060-0128,CONCESSION_ACCRUAL,8,161,2026-07-05T17:47:44+08:00
2a52bf06-c21f-4cfe-8f4e-7f54b54852d4,M-1554,ORD-20260705-8327-0129,CONCESSION_ACCRUAL,48,654,2026-07-05T23:41:04+08:00
eff809a8-cd3e-45f3-b1f5-9c08566cab0a,M-1073,ORD-20260705-8744-0130,CONCESSION_ACCRUAL,3,160,2026-07-05T19:24:53+08:00
bba156b9-a767-43db-a247-0beab21d1d6b,M-1732,ORD-20260705-8586-0131,CONCESSION_ACCRUAL,16,268,2026-07-05T23:01:58+08:00
de517536-1de2-4358-88ad-055d7b9c1837,M-1048,ORD-20260705-2996-0132,CONCESSION_ACCRUAL,21,359,2026-07-05T23:05:22+08:00
3f6fd41c-b0ea-4ec0-bd5c-8063ac62837a,M-1355,ORD-20260705-7554-0133,CONCESSION_ACCRUAL,17,106,2026-07-05T23:05:32+08:00
f7495b59-bf03-49a5-a630-0f18007e83c7,M-1488,ORD-20260706-4655-0134,CONCESSION_ACCRUAL,20,323,2026-07-06T01:38:51+08:00
186e0c6b-8f6a-4fa6-af49-d33302bb7801,M-1007,ORD-20260705-2280-0135,CONCESSION_ACCRUAL,20,376,2026-07-05T07:36:03+08:00
4c938490-e345-49b2-8b06-2dcea1dc55ee,M-1746,ORD-20260705-8633-0136,CONCESSION_ACCRUAL,9,52,2026-07-05T21:14:21+08:00
1c06496c-5c41-4d68-858d-295a66689ade,M-1254,ORD-20260706-8092-0137,CONCESSION_ACCRUAL,18,121,2026-07-06T00:39:17+08:00
b39658da-99a4-47dd-a352-480243026364,M-1149,ORD-20260705-1170-0138,CONCESSION_ACCRUAL,9,116,2026-07-05T23:10:38+08:00
56d10257-38ab-48b6-ba7d-4fe95cc43118,M-1634,ORD-20260705-9759-0139,CONCESSION_ACCRUAL,22,135,2026-07-05T19:00:17+08:00
877756d3-4f39-43f1-9763-2e46c494fd87,M-1634,TIER_UPGRADE_Standard_TO_Silver,TIER_BONUS,50,185,2026-07-05T19:00:17+08:00
c8f22dd4-c3de-4339-a202-8c1e16a2d3f1,M-1118,ORD-20260705-6391-0140,CONCESSION_ACCRUAL,9,22,2026-07-05T15:19:03+08:00
e3644cb3-a2ef-4215-903c-d7efd109cdde,M-1437,ORD-20260706-9835-0141,CONCESSION_ACCRUAL,3,144,2026-07-06T01:04:32+08:00
4837884e-a88d-4f69-ad07-4dd74a03d768,M-1336,ORD-20260705-8641-0142,CONCESSION_ACCRUAL,16,192,2026-07-05T20:06:08+08:00
fd427ee8-8315-47bd-9cee-f7877a0f04a6,M-1391,ORD-20260706-5702-0143,CONCESSION_ACCRUAL,12,110,2026-07-06T00:37:28+08:00
1968b733-d955-443f-9339-a291214483e1,M-1426,ORD-20260705-6085-0144,CONCESSION_ACCRUAL,15,826,2026-07-05T23:12:01+08:00
9c8e5d9c-e4bf-4868-8487-e1c68ebe4e80,M-1248,ORD-20260705-9883-0145,CONCESSION_ACCRUAL,5,89,2026-07-05T23:18:22+08:00
13339a33-714d-4eac-84a5-18dc92888ff0,M-1140,ORD-20260705-6269-0146,CONCESSION_ACCRUAL,21,212,2026-07-05T20:13:36+08:00
8d55b098-84f6-4c30-a551-d1e0dddfbdf4,M-1167,ORD-20260705-3076-0147,CONCESSION_ACCRUAL,11,324,2026-07-05T18:41:21+08:00
f648d98d-75cb-4d35-bd79-797a268e7c36,M-1286,ORD-20260705-4617-0148,CONCESSION_ACCRUAL,15,152,2026-07-05T21:23:47+08:00
376e4a19-6f05-4771-a73b-03faab34183c,M-1396,ORD-20260705-2322-0149,CONCESSION_ACCRUAL,6,185,2026-07-05T21:03:34+08:00
36215ec1-dae8-4db6-8357-dfae1ecbe131,M-1537,ORD-20260705-2699-0150,CONCESSION_ACCRUAL,13,253,2026-07-05T18:20:54+08:00
e8ab1d4b-017b-4d79-8395-17be1ee602e2,M-1498,ORD-20260705-2098-0151,CONCESSION_ACCRUAL,13,132,2026-07-05T19:03:14+08:00
7af530d6-0e81-47b4-b092-2984895a077f,M-1137,ORD-20260705-3403-0152,CONCESSION_ACCRUAL,29,96,2026-07-05T07:55:07+08:00
59f4b809-06b5-4e1d-826e-375dc3ddc4b8,M-1620,ORD-20260705-7659-0153,CONCESSION_ACCRUAL,10,522,2026-07-05T21:49:29+08:00
9dd02dc4-201f-494c-a769-a76294e28c22,M-1555,ORD-20260705-3507-0154,CONCESSION_ACCRUAL,9,61,2026-07-05T16:06:49+08:00
73decb2f-7cb6-40ab-9005-e11f2421bf9a,M-1388,ORD-20260706-9420-0155,CONCESSION_ACCRUAL,3,140,2026-07-06T05:04:09+08:00
25dcf9a0-f2aa-4f97-becc-b6ead3d3e9b9,M-1349,ORD-20260705-7227-0156,CONCESSION_ACCRUAL,11,758,2026-07-05T23:33:48+08:00
8ed95656-b83a-44c8-b3c8-4d1ed12d3872,M-1696,ORD-20260706-3948-0157,CONCESSION_ACCRUAL,63,851,2026-07-06T02:40:33+08:00
0503886b-2347-4064-94ff-d00db129e2bf,M-1818,ORD-20260705-7046-0158,CONCESSION_ACCRUAL,7,153,2026-07-05T22:06:30+08:00
075577a1-b696-447e-9e67-a1ad58da8991,M-1127,ORD-20260705-6981-0159,CONCESSION_ACCRUAL,12,194,2026-07-05T10:45:59+08:00
5904fe3b-2b4f-400c-b051-39cfb48e0414,M-1127,TIER_UPGRADE_Standard_TO_Silver,TIER_BONUS,50,244,2026-07-05T10:45:59+08:00
d152fd3f-edee-4a62-b601-fe389e364f1f,M-1581,ORD-20260706-8454-0160,CONCESSION_ACCRUAL,24,168,2026-07-06T01:13:07+08:00
1c4f8323-9a5c-4943-94d7-5e074f37bb0b,M-1592,ORD-20260705-2725-0161,CONCESSION_ACCRUAL,25,220,2026-07-05T17:34:46+08:00
711d395a-dd70-49af-8823-a25a0d11d38e,M-1144,ORD-20260706-4635-0162,CONCESSION_ACCRUAL,18,107,2026-07-06T00:20:12+08:00
fcf7088e-b705-4a5b-909f-9cc976a2f221,M-1456,ORD-20260706-5971-0163,CONCESSION_ACCRUAL,6,182,2026-07-06T05:10:10+08:00
8fc48037-8d75-4702-a104-0a4875df2cd0,M-1456,TIER_UPGRADE_Standard_TO_Silver,TIER_BONUS,50,232,2026-07-06T05:10:10+08:00
af53303e-2142-4dbd-ab49-57858c9e487d,M-1467,ORD-20260705-3240-0164,CONCESSION_ACCRUAL,11,200,2026-07-05T05:26:24+08:00
bed3874d-ad06-4476-b04d-0116bf2c4640,M-1649,ORD-20260705-2223-0165,CONCESSION_ACCRUAL,6,98,2026-07-05T18:57:35+08:00
551a476a-d263-46b6-9c1e-36babbba9a9a,M-1092,ORD-20260705-8207-0166,CONCESSION_ACCRUAL,6,159,2026-07-05T22:44:59+08:00
b0a85cda-bfe2-4d2d-ac38-615d49b2849d,M-1654,ORD-20260705-9914-0167,CONCESSION_ACCRUAL,29,151,2026-07-05T23:31:08+08:00
18f8deb4-6b5a-4a40-ab39-f839e3c61741,M-1206,ORD-20260706-4282-0168,CONCESSION_ACCRUAL,3,129,2026-07-06T01:15:03+08:00
57397b36-37a9-487c-8dc0-82f97f253094,M-1334,ORD-20260705-9353-0169,CONCESSION_ACCRUAL,6,162,2026-07-05T20:28:18+08:00
25648fca-53ae-41f5-82f7-a6f839e7b031,M-1296,ORD-20260705-7223-0170,CONCESSION_ACCRUAL,7,641,2026-07-05T22:53:41+08:00
7aeced15-ade8-4873-b977-f00cb4885b78,M-1291,ORD-20260705-8442-0171,CONCESSION_ACCRUAL,36,185,2026-07-05T16:38:41+08:00
6ca1f5d7-293f-4583-b44d-550271c09928,M-1429,ORD-20260705-2012-0172,CONCESSION_ACCRUAL,15,460,2026-07-05T22:37:05+08:00
e3287bf1-fdbb-42d5-8473-e48f317e95df,M-1125,ORD-20260705-3340-0173,CONCESSION_ACCRUAL,11,711,2026-07-05T17:42:16+08:00
7a63964a-76fd-4774-baf8-441e985d8844,M-1188,ORD-20260705-2937-0174,CONCESSION_ACCRUAL,25,434,2026-07-05T22:19:01+08:00
471b9762-9224-443a-b409-3f36d9a0b0ab,M-1780,ORD-20260705-6831-0175,CONCESSION_ACCRUAL,6,59,2026-07-05T23:11:38+08:00
2251206c-b3c7-4c2d-8263-e6af20138931,M-1457,ORD-20260705-5907-0176,CONCESSION_ACCRUAL,12,144,2026-07-05T23:42:38+08:00
9d5652bf-d09c-45da-bae8-d8fd445f9dac,M-1139,ORD-20260706-1644-0177,CONCESSION_ACCRUAL,8,251,2026-07-06T02:06:36+08:00
f567e00a-7e65-4aa9-923d-3f9eecf42e08,M-1089,ORD-20260706-2052-0178,CONCESSION_ACCRUAL,12,171,2026-07-06T01:21:26+08:00
48792340-5ddf-4426-90fa-bbc37aedef42,M-1464,ORD-20260705-4237-0179,CONCESSION_ACCRUAL,7,79,2026-07-05T18:01:33+08:00
ee5b5690-3f70-4e3c-98f0-88ded4a6877c,M-1210,ORD-20260705-7048-0180,CONCESSION_ACCRUAL,41,936,2026-07-05T20:04:03+08:00
de4a0e0e-9aef-4971-88ad-cf973049ff4a,M-1419,ORD-20260705-9473-0181,CONCESSION_ACCRUAL,12,171,2026-07-05T21:08:51+08:00
92ad5b31-4b21-40dd-aade-f61ad029696e,M-1870,ORD-20260705-1757-0182,CONCESSION_ACCRUAL,24,154,2026-07-05T21:39:31+08:00
6561cc12-56b0-4f2a-aa77-477056d2f218,M-1056,ORD-20260705-4619-0183,CONCESSION_ACCRUAL,18,165,2026-07-05T21:04:29+08:00
f1c76ea6-7a07-4123-9dac-6410baff06d1,M-1394,ORD-20260705-5180-0184,CONCESSION_ACCRUAL,7,399,2026-07-05T22:28:36+08:00
c1180d58-54a0-48fd-911f-b0bf00fd4953,M-1044,ORD-20260706-4582-0185,CONCESSION_ACCRUAL,10,660,2026-07-06T00:14:23+08:00
fbf4a43b-5bf3-45a7-a77c-a5bba4446080,M-1271,ORD-20260705-6685-0186,CONCESSION_ACCRUAL,14,122,2026-07-05T18:55:52+08:00
e747172a-66bc-4874-a5eb-c96f55d932fa,M-1335,ORD-20260706-6726-0187,CONCESSION_ACCRUAL,3,93,2026-07-06T01:01:05+08:00
7afc6002-d277-47d2-9770-0e362fa437bd,M-1497,ORD-20260705-1495-0188,CONCESSION_ACCRUAL,7,573,2026-07-05T20:26:53+08:00
05a638bb-5c70-4781-947d-a96180a9e75b,M-1584,ORD-20260705-6587-0189,CONCESSION_ACCRUAL,8,37,2026-07-05T18:25:13+08:00
c8801d12-ea63-45d2-b7e3-c75a7f53af6f,M-2159,ORD-20260705-1864-0190,CONCESSION_ACCRUAL,8,147,2026-07-05T17:43:03+08:00
8794bd5e-2ec4-48a6-9f0d-ae18a5eeeb9d,M-1065,ORD-20260706-5705-0191,CONCESSION_ACCRUAL,8,552,2026-07-06T00:30:25+08:00
1a2ed868-71ba-4105-9ab9-d47badfdaafd,M-1762,ORD-20260705-7419-0192,CONCESSION_ACCRUAL,9,108,2026-07-05T22:39:09+08:00
340b17ce-96e7-4e1c-a42b-53876271f1cf,M-1141,ORD-20260705-2406-0193,CONCESSION_ACCRUAL,16,220,2026-07-05T10:13:49+08:00
e950616e-b8b3-459e-aa88-5d08f68c59d9,M-1059,ORD-20260705-3131-0194,CONCESSION_ACCRUAL,10,180,2026-07-05T22:45:31+08:00
5d470ca8-0ec8-4af6-a026-031fcbf0c6eb,M-1622,ORD-20260705-8854-0195,CONCESSION_ACCRUAL,6,100,2026-07-05T20:41:31+08:00
bcf41848-76c5-41c8-8e51-54b897007bf4,M-1040,ORD-20260706-8415-0196,CONCESSION_ACCRUAL,9,155,2026-07-06T01:06:56+08:00
03aedcd7-4cbf-412f-8ff1-2bd7020687de,M-1717,ORD-20260705-9343-0197,CONCESSION_ACCRUAL,18,486,2026-07-05T23:27:01+08:00
e9e5d99f-891f-40cf-9b96-0415d6a85dfb,M-1327,ORD-20260705-5376-0198,CONCESSION_ACCRUAL,13,2098,2026-07-05T15:17:51+08:00
5e23b8da-95a0-41d0-8e5e-afdda688f5eb,M-1612,ORD-20260705-5634-0199,CONCESSION_ACCRUAL,3,141,2026-07-05T20:44:53+08:00
d2bf9d73-87fa-4abc-b857-03c43832caf3,M-1593,ORD-20260705-6429-0200,CONCESSION_ACCRUAL,9,137,2026-07-05T23:50:34+08:00
b278238d-fb20-4d31-946d-09c343d7eac1,M-1557,ORD-20260705-6875-0201,CONCESSION_ACCRUAL,15,160,2026-07-05T21:57:02+08:00
2bf4c604-63be-49c5-8700-4a9cc11cc847,M-1626,ORD-20260705-7715-0202,CONCESSION_ACCRUAL,12,204,2026-07-05T15:48:00+08:00
8357de80-4c82-416f-bd8a-875085edc864,M-1063,ORD-20260705-6676-0203,CONCESSION_ACCRUAL,20,240,2026-07-05T16:49:19+08:00
4e00b944-f482-4944-aec2-bdde3b015399,M-2169,ORD-20260705-7877-0204,CONCESSION_ACCRUAL,3,68,2026-07-05T23:43:26+08:00
90a6c943-bdce-4423-a803-b975ea8995d5,M-1577,ORD-20260705-9061-0205,CONCESSION_ACCRUAL,24,190,2026-07-05T20:07:14+08:00
ebcd907c-01e8-4221-967d-de836c3474b8,M-1120,ORD-20260706-8461-0206,CONCESSION_ACCRUAL,15,810,2026-07-06T00:35:25+08:00
1f01e9d9-475e-4acd-be4e-1814a13d5a64,M-1530,ORD-20260705-7313-0207,CONCESSION_ACCRUAL,8,468,2026-07-05T22:35:56+08:00
a1558100-59cb-4aa2-87db-1f554b4c34ec,M-1216,ORD-20260705-7042-0208,CONCESSION_ACCRUAL,12,796,2026-07-05T19:00:45+08:00
f2095f30-4a5b-4cab-892c-472f71a11fed,M-1364,ORD-20260705-2601-0209,CONCESSION_ACCRUAL,16,357,2026-07-05T20:01:00+08:00
b7e3a610-806b-46a6-ae90-ba4e33f303aa,M-1204,ORD-20260705-4828-0210,CONCESSION_ACCRUAL,14,100,2026-07-05T18:09:06+08:00
34d91c98-fe2b-4f57-90e7-19b12da4941f,M-1196,ORD-20260705-9832-0211,CONCESSION_ACCRUAL,20,529,2026-07-05T23:23:26+08:00
4e08abdc-a909-4f73-b70d-b2d43e1bc145,M-1667,ORD-20260705-7318-0212,CONCESSION_ACCRUAL,22,296,2026-07-05T11:58:33+08:00
f2f5c7b3-e053-45cc-82b4-ba4f7782a148,M-1775,ORD-20260705-1701-0213,CONCESSION_ACCRUAL,9,1214,2026-07-05T21:08:21+08:00
6443d056-cfc4-4ae6-900a-f8b968d8337e,M-1463,ORD-20260705-7347-0214,CONCESSION_ACCRUAL,20,3598,2026-07-05T17:31:08+08:00
1820ed48-ad65-46a1-b327-54cc8805ab56,M-1549,ORD-20260705-8452-0215,CONCESSION_ACCRUAL,10,114,2026-07-05T21:36:36+08:00
a71cbe3c-8a4f-4702-b3f8-d084bf250172,M-1060,ORD-20260705-7633-0216,CONCESSION_ACCRUAL,13,82,2026-07-05T23:12:58+08:00
9fae1775-29a2-4503-a1a2-4b6b02cf53e8,M-1744,ORD-20260705-9038-0217,CONCESSION_ACCRUAL,19,483,2026-07-05T22:41:10+08:00
b92871d9-b30f-48b5-b40a-a8d10986c5ff,M-1225,ORD-20260706-4433-0218,CONCESSION_ACCRUAL,13,163,2026-07-06T00:02:49+08:00
5b776a9c-dbb7-4318-9249-bf5df97b278c,M-1691,ORD-20260705-6158-0219,CONCESSION_ACCRUAL,12,121,2026-07-05T23:17:29+08:00
443ec68a-9575-44cc-bd23-71440312cf90,M-1897,ORD-20260706-3141-0220,CONCESSION_ACCRUAL,8,76,2026-07-06T01:07:47+08:00
61d94a86-c1c0-4419-a6f1-b7a73d23180c,M-1211,ORD-20260705-8767-0221,CONCESSION_ACCRUAL,13,57,2026-07-05T22:28:12+08:00
d437e263-48ff-4709-bae1-58282ee31143,M-1545,ORD-20260705-1806-0222,CONCESSION_ACCRUAL,15,115,2026-07-05T23:52:36+08:00
44219793-2691-4633-a7e1-9b6da19fa7ba,M-1421,ORD-20260705-5350-0223,CONCESSION_ACCRUAL,3,428,2026-07-05T21:46:31+08:00
0664ea37-cf86-4e2a-8e6f-405ff2a71be1,M-1006,ORD-20260706-6098-0224,CONCESSION_ACCRUAL,18,207,2026-07-06T00:01:47+08:00
3fe71a62-cf90-4fb6-8228-6c490f6299dd,M-1070,ORD-20260705-8240-0225,CONCESSION_ACCRUAL,9,178,2026-07-05T23:10:25+08:00
5e70d70f-22cb-437b-9445-e24caae8260c,M-1102,ORD-20260705-6340-0226,CONCESSION_ACCRUAL,12,166,2026-07-05T17:49:59+08:00
6f1388d5-f314-4ceb-afd3-4cdad5d487b6,M-1679,ORD-20260705-3778-0227,CONCESSION_ACCRUAL,56,262,2026-07-05T19:54:42+08:00
685ed462-4735-47b5-9f4e-324188abb4b9,M-1031,ORD-20260706-1442-0228,CONCESSION_ACCRUAL,11,736,2026-07-06T00:15:14+08:00
e1051789-c05a-4600-9472-b495b49270f0,M-1138,ORD-20260705-4547-0229,CONCESSION_ACCRUAL,11,272,2026-07-05T18:40:55+08:00
56c13c62-d0f5-49f1-aca0-9ea9495fcaf1,M-1378,ORD-20260705-8258-0230,CONCESSION_ACCRUAL,8,194,2026-07-05T22:21:58+08:00
f5757aa5-b04e-4bc8-b81c-dee0e99b1cff,M-1779,ORD-20260706-4932-0231,CONCESSION_ACCRUAL,11,106,2026-07-06T00:58:00+08:00
b4aed1cc-21e5-4452-9941-837bc4a1207d,M-1553,ORD-20260705-5226-0232,CONCESSION_ACCRUAL,2,164,2026-07-05T22:11:13+08:00
c2a6f3a0-56fc-4ea3-8abc-ee8760b97383,M-1726,ORD-20260705-2919-0233,CONCESSION_ACCRUAL,11,62,2026-07-05T21:32:40+08:00
4fcd1bed-ef5a-4fe2-92bf-e6e7df860ff7,M-1971,ORD-20260706-5496-0234,CONCESSION_ACCRUAL,13,85,2026-07-06T01:05:25+08:00
fd2f4ae7-9e8b-4a6e-b885-2ce3f1c19e8e,M-1311,ORD-20260705-7167-0235,CONCESSION_ACCRUAL,3,64,2026-07-05T18:00:40+08:00
f3aecafc-6b92-42a7-8296-cee4fc0f59c6,M-1311,ORD-20260705-1195-0236,CONCESSION_ACCRUAL,15,79,2026-07-05T21:41:04+08:00
bc06ead7-6725-44aa-b309-73f1e8fcf294,M-1759,ORD-20260705-6578-0237,CONCESSION_ACCRUAL,16,191,2026-07-05T21:59:34+08:00
dafee369-d585-4df9-a6be-460ba8593a32,M-1131,ORD-20260705-3738-0238,CONCESSION_ACCRUAL,18,196,2026-07-05T14:53:10+08:00
4dc896b7-2776-4acc-a6d3-2a0a554e24c7,M-1439,ORD-20260705-7260-0239,CONCESSION_ACCRUAL,3,195,2026-07-05T23:04:08+08:00
27b99ba8-a7eb-4a39-b14c-cd0334dcfccf,M-1823,ORD-20260706-1492-0240,CONCESSION_ACCRUAL,58,272,2026-07-06T01:13:32+08:00
3b028f0f-4d82-43f1-9d0e-24d2e0b021e1,M-1437,ORD-20260705-4073-0241,CONCESSION_ACCRUAL,9,153,2026-07-05T14:51:49+08:00
2a7454fa-8655-400a-bb49-0148fbd9573c,M-1741,ORD-20260705-2960-0242,CONCESSION_ACCRUAL,15,283,2026-07-05T20:38:00+08:00
189eb9ab-154b-4b40-96f9-86c5ffaa3d3d,M-1708,ORD-20260705-1799-0243,CONCESSION_ACCRUAL,25,140,2026-07-05T15:35:30+08:00
96a2a236-770c-4d2f-861a-638783bc21c6,M-1683,ORD-20260705-8268-0244,CONCESSION_ACCRUAL,13,771,2026-07-05T05:33:26+08:00
1cded38b-784b-4d1e-931a-75a50c00962c,M-1081,ORD-20260706-9809-0245,CONCESSION_ACCRUAL,15,353,2026-07-06T02:26:43+08:00
c9b337c3-fbef-48a1-ba9c-2bd4b589b9c4,M-1292,ORD-20260705-6198-0246,CONCESSION_ACCRUAL,15,401,2026-07-05T22:35:00+08:00
b2e83179-455b-46cc-ac5c-344fd7f92c29,M-1531,ORD-20260705-6951-0247,CONCESSION_ACCRUAL,18,158,2026-07-05T14:58:02+08:00
f21095a2-51f9-42a6-bdfc-882a00fe133f,M-1745,ORD-20260705-5076-0248,CONCESSION_ACCRUAL,18,127,2026-07-05T15:17:46+08:00
c74a88bf-48b3-47a1-9d5b-bbf717f1c55c,M-1865,ORD-20260705-2169-0249,CONCESSION_ACCRUAL,3,80,2026-07-05T23:06:11+08:00
5ce55ab0-357d-4fca-87ce-a407f89e2963,M-1088,ORD-20260705-6479-0250,CONCESSION_ACCRUAL,26,157,2026-07-05T18:47:23+08:00
83c0c737-4fb4-4049-a8b7-9e0ef22be680,M-1389,ORD-20260705-2670-0251,CONCESSION_ACCRUAL,15,425,2026-07-05T14:44:28+08:00
bd7ca26c-55ef-431d-b3b3-1fb27494e03e,M-1808,ORD-20260705-4366-0252,CONCESSION_ACCRUAL,13,1771,2026-07-05T10:23:00+08:00
7a1f2a6f-d898-405b-bacd-292f026ef2d2,M-1570,ORD-20260706-4951-0253,CONCESSION_ACCRUAL,15,437,2026-07-06T00:12:46+08:00
771043a0-15b2-4b73-ba08-62643a675ac7,M-1236,ORD-20260705-6043-0254,CONCESSION_ACCRUAL,16,183,2026-07-05T23:31:35+08:00
619438cb-a296-4a09-aeda-eb9764b9041e,M-1358,ORD-20260705-5987-0255,CONCESSION_ACCRUAL,12,51,2026-07-05T23:02:18+08:00
4ae799ce-f705-4e4c-bd46-1916085d778f,M-1703,ORD-20260705-9745-0256,CONCESSION_ACCRUAL,22,205,2026-07-05T20:05:04+08:00
0dc1e573-58fb-4da7-8f9b-53516dc32043,M-1274,ORD-20260705-8668-0257,CONCESSION_ACCRUAL,6,122,2026-07-05T20:51:55+08:00
3b272832-bf96-44c1-8419-80304a9b63f5,M-1745,ORD-20260705-8017-0258,CONCESSION_ACCRUAL,9,136,2026-07-05T22:38:25+08:00
b36a1516-6f87-4497-9317-c2fa03999b4f,M-1639,ORD-20260706-9215-0259,CONCESSION_ACCRUAL,6,107,2026-07-06T00:00:34+08:00
be9bb89e-2d5e-4dcd-88c3-8e750aca33f3,M-1767,ORD-20260705-9477-0260,CONCESSION_ACCRUAL,3,258,2026-07-05T14:27:12+08:00
3078f482-fe3d-475c-9466-656581610882,M-1531,ORD-20260706-5776-0261,CONCESSION_ACCRUAL,9,167,2026-07-06T01:01:34+08:00
291bb381-ceb3-447f-a4b3-c7a33e60f32f,M-1663,ORD-20260705-9137-0262,CONCESSION_ACCRUAL,19,126,2026-07-05T21:56:39+08:00
4cde223b-6eea-4833-a604-53ede3953f04,M-1767,ORD-20260705-7643-0263,CONCESSION_ACCRUAL,11,269,2026-07-05T23:55:20+08:00
2c737660-9dcc-4afa-a7a7-e162827537f3,M-1539,ORD-20260706-4350-0264,CONCESSION_ACCRUAL,29,2646,2026-07-06T00:14:54+08:00
fe76e502-7896-4000-af96-72137d5763cb,M-1063,ORD-20260706-2331-0265,CONCESSION_ACCRUAL,16,256,2026-07-06T00:36:02+08:00
49bab069-0d56-41b8-958d-6604096582f7,M-1597,ORD-20260705-3042-0266,CONCESSION_ACCRUAL,9,82,2026-07-05T22:01:33+08:00
174c1cd3-414f-4f15-ac49-234fdb00ae62,M-1309,ORD-20260705-1598-0267,CONCESSION_ACCRUAL,24,125,2026-07-05T18:32:11+08:00
eede8a19-c4c0-469b-a1ec-e1504d5a8e91,M-1100,ORD-20260705-3819-0268,CONCESSION_ACCRUAL,10,77,2026-07-05T20:36:35+08:00
265526b4-7fa6-4bf4-a861-c090db78f39d,M-1766,ORD-20260705-1843-0269,CONCESSION_ACCRUAL,26,363,2026-07-05T13:14:58+08:00
e375e0ba-d65c-4422-b0f1-fa9b02c7540f,M-1578,ORD-20260705-7551-0270,CONCESSION_ACCRUAL,31,54,2026-07-05T22:21:50+08:00
5ad07d06-49c6-45c2-95b6-85c6e1786636,M-1578,TIER_UPGRADE_Standard_TO_Silver,TIER_BONUS,50,104,2026-07-05T22:21:50+08:00
fe9de9c0-b4b6-4ffb-aa30-5ab7a15f4db5,M-1361,ORD-20260705-2985-0271,CONCESSION_ACCRUAL,10,440,2026-07-05T17:52:20+08:00
d847d55d-3750-4c07-ac4f-336d4ffc8bc6,M-1333,ORD-20260705-6259-0272,CONCESSION_ACCRUAL,7,227,2026-07-05T23:43:42+08:00
5db9b615-43cd-4f92-8225-d020b017f049,M-1833,ORD-20260705-5722-0273,CONCESSION_ACCRUAL,8,190,2026-07-05T23:36:21+08:00
b54910a1-713f-4851-81b4-f004dc7465fc,M-1420,ORD-20260705-3795-0274,CONCESSION_ACCRUAL,8,319,2026-07-05T19:57:32+08:00
82a2c98d-17ae-4c20-a998-a2ff7a5cbe53,M-1422,ORD-20260705-4753-0275,CONCESSION_ACCRUAL,39,112,2026-07-05T23:25:21+08:00
53569254-8e75-4725-8227-6f47e59c88ec,M-1830,ORD-20260706-8133-0276,CONCESSION_ACCRUAL,10,298,2026-07-06T02:24:58+08:00
1d4e4c3b-8e07-4c52-9ab5-09b6db9988db,M-1485,ORD-20260706-3630-0277,CONCESSION_ACCRUAL,7,314,2026-07-06T01:17:54+08:00
e19296b7-bcb4-4207-bf59-614487415e07,M-1509,ORD-20260705-1519-0278,CONCESSION_ACCRUAL,3,247,2026-07-05T19:16:22+08:00
8c5b868d-8bcd-453c-ac81-33e30906b2b7,M-1526,ORD-20260705-3547-0279,CONCESSION_ACCRUAL,40,761,2026-07-05T19:52:34+08:00
0987e01e-5c36-4ab7-9822-aa1ed188f5f4,M-1190,ORD-20260705-9145-0280,CONCESSION_ACCRUAL,8,213,2026-07-05T05:03:47+08:00
1a012255-a711-46ac-acd5-a0488e44596b,M-1397,ORD-20260705-3979-0281,CONCESSION_ACCRUAL,19,184,2026-07-05T17:41:50+08:00
fd6d31cf-1d2d-4a50-8de9-bc6c9f2e9d15,M-1493,ORD-20260705-6006-0282,CONCESSION_ACCRUAL,12,36,2026-07-05T20:43:53+08:00
50b2338e-c797-49a1-a95e-7c757fed3585,M-1409,ORD-20260706-9293-0283,CONCESSION_ACCRUAL,13,76,2026-07-06T00:01:35+08:00
08c249be-9839-4bc6-a788-2e64fa51c6cd,M-1627,ORD-20260705-1759-0284,CONCESSION_ACCRUAL,13,42,2026-07-05T18:15:08+08:00
4e7e3314-d559-489e-abd7-38a296d6f387,M-1461,ORD-20260705-5564-0285,CONCESSION_ACCRUAL,18,194,2026-07-05T10:24:09+08:00
b947ff24-5338-4381-80b8-0e780484f959,M-1134,ORD-20260705-5995-0286,CONCESSION_ACCRUAL,13,171,2026-07-05T19:00:40+08:00
f1967336-fe57-419a-8b5a-3673fd1d440c,M-1556,ORD-20260705-7246-0287,CONCESSION_ACCRUAL,13,120,2026-07-05T20:21:53+08:00
41eb7c9a-6e18-4dfb-99be-8f6bf2e35ec1,M-1156,ORD-20260705-6163-0288,CONCESSION_ACCRUAL,21,126,2026-07-05T20:40:44+08:00
79966a67-caf2-4651-8158-f32f1b95e15c,M-1156,TIER_UPGRADE_Standard_TO_Silver,TIER_BONUS,50,176,2026-07-05T20:40:44+08:00
7109c966-26a6-418b-82de-cac2c4eff04a,M-1602,ORD-20260706-6107-0289,CONCESSION_ACCRUAL,8,257,2026-07-06T03:51:52+08:00
704330f7-558c-408e-96b1-c8e2e371153b,M-1243,ORD-20260705-5039-0290,CONCESSION_ACCRUAL,6,76,2026-07-05T17:47:32+08:00
1b589588-ac63-4ff6-9a6b-a6775617edfc,M-1423,ORD-20260705-2017-0291,CONCESSION_ACCRUAL,9,89,2026-07-05T23:28:52+08:00
1c955ac5-58da-488d-863e-dee40c4657cd,M-1285,ORD-20260705-3606-0292,CONCESSION_ACCRUAL,15,111,2026-07-05T21:15:36+08:00
8ca5e091-21f7-4315-af72-7410cea15aa0,M-1743,ORD-20260706-9749-0293,CONCESSION_ACCRUAL,15,97,2026-07-06T02:11:37+08:00
c14cf53f-ab2b-4370-9907-a810d70ea536,M-1084,ORD-20260706-7486-0294,CONCESSION_ACCRUAL,6,51,2026-07-06T01:27:19+08:00
6214a273-6490-4bfa-9d29-119e4637e40b,M-1747,ORD-20260706-8806-0295,CONCESSION_ACCRUAL,19,206,2026-07-06T02:11:03+08:00
0f3c1c20-32f2-4d67-9fdd-8e0fd9add7ab,M-1944,ORD-20260705-1119-0296,CONCESSION_ACCRUAL,6,117,2026-07-05T23:06:41+08:00
2f96adeb-b930-4dc9-9c50-1d4b76acda60,M-1343,ORD-20260706-7207-0297,CONCESSION_ACCRUAL,7,76,2026-07-06T03:40:03+08:00
25569976-db68-498d-82f2-6d79a5b7e348,M-1072,ORD-20260705-1576-0298,CONCESSION_ACCRUAL,6,69,2026-07-05T19:53:10+08:00
183e10e5-0ab9-4bf6-9c1c-de543a0a14a7,M-1189,ORD-20260705-1767-0299,CONCESSION_ACCRUAL,9,82,2026-07-05T21:42:48+08:00
d8b51cf9-e8e0-4b22-baba-1d4c884fe506,M-1748,ORD-20260705-5759-0300,CONCESSION_ACCRUAL,15,201,2026-07-05T20:35:04+08:00
4811e6fd-3f26-4102-b5e5-2a06962a0e77,M-1772,ORD-20260706-1692-0301,CONCESSION_ACCRUAL,19,74,2026-07-06T01:38:39+08:00
959b62b4-613e-435d-9aef-1a3afc5acbe5,M-1371,ORD-20260705-6445-0302,CONCESSION_ACCRUAL,15,111,2026-07-05T19:13:45+08:00
78acd8b0-3f0a-4467-8de6-38926aaa917f,M-1754,ORD-20260705-6462-0303,CONCESSION_ACCRUAL,11,599,2026-07-05T22:05:36+08:00
59110fdc-6d46-47dd-aadd-663e06d461f3,M-1751,ORD-20260705-4158-0304,CONCESSION_ACCRUAL,3,146,2026-07-05T18:41:27+08:00
8d17b9bb-171e-464b-bdf2-76afbfdb3ee5,M-1382,ORD-20260705-4639-0305,CONCESSION_ACCRUAL,3,131,2026-07-05T17:08:13+08:00
f5ed5d7e-3527-4507-867f-4d060d996574,M-1478,ORD-20260705-8366-0306,CONCESSION_ACCRUAL,45,96,2026-07-05T21:30:32+08:00
2698c2ed-8c7d-4fc1-a31a-d48dd87ac8ee,M-1107,ORD-20260705-2874-0307,CONCESSION_ACCRUAL,8,29,2026-07-05T23:35:40+08:00
643c145f-fa0b-407f-a98d-43cd4ab102f5,M-1010,ORD-20260705-8752-0308,CONCESSION_ACCRUAL,12,181,2026-07-05T18:00:11+08:00
688c0fad-cbb5-46bf-b171-4bdfb8eafd71,M-1793,ORD-20260706-6945-0309,CONCESSION_ACCRUAL,15,873,2026-07-06T00:27:13+08:00
d19572fc-4646-46a8-af00-2c2147b7aeba,M-1739,ORD-20260705-7069-0310,CONCESSION_ACCRUAL,15,198,2026-07-05T12:34:57+08:00
3f3b4bd4-34bc-4875-aa2d-6dc04e4a9035,M-1112,ORD-20260705-1561-0311,CONCESSION_ACCRUAL,36,1466,2026-07-05T23:00:08+08:00
d5e035be-6aa1-48cc-a0f3-83d6845c4372,M-1021,ORD-20260705-6279-0312,CONCESSION_ACCRUAL,18,712,2026-07-05T15:19:30+08:00
bbcef220-a0c2-4122-8890-f1d1d43176ec,M-1257,ORD-20260705-1510-0313,CONCESSION_ACCRUAL,13,65,2026-07-05T22:07:07+08:00
f5a59be1-7d20-42f9-89cd-1b993e1e66e4,M-1870,ORD-20260706-2413-0314,CONCESSION_ACCRUAL,12,166,2026-07-06T03:26:49+08:00
3c6e6a88-e394-4c97-9c54-0ff119c3e778,M-1403,ORD-20260705-7256-0315,CONCESSION_ACCRUAL,13,2174,2026-07-05T04:24:25+08:00
64e6dc40-ec3e-4a14-a382-0f5b517cb116,M-1709,ORD-20260705-8292-0316,CONCESSION_ACCRUAL,3,144,2026-07-05T10:47:00+08:00
49970585-cc96-4a8e-a50a-0d325d08f499,M-1781,ORD-20260705-8995-0317,CONCESSION_ACCRUAL,13,3367,2026-07-05T09:35:00+08:00
5489f212-6a2d-42d8-badb-badb990f54ba,M-1098,ORD-20260705-7367-0318,CONCESSION_ACCRUAL,8,668,2026-07-05T14:43:00+08:00
7fba84a8-0dfe-494e-84da-f8aa59b69957,M-1211,ORD-20260705-4155-0319,CONCESSION_ACCRUAL,12,69,2026-07-05T10:05:00+08:00
d29044a7-27de-4786-9b4d-b4b9c9d0494a,M-1454,ORD-20260705-1236-0320,CONCESSION_ACCRUAL,32,1400,2026-07-05T17:06:00+08:00
72143373-b0f8-4e35-8d02-cd2d7324172d,M-1513,ORD-20260705-6987-0321,CONCESSION_ACCRUAL,28,97,2026-07-05T18:08:00+08:00
351c583b-ea90-4ff6-9ee5-3ba61b389cd3,M-1010,ORD-20260705-5548-0322,CONCESSION_ACCRUAL,6,187,2026-07-05T18:59:00+08:00
5d9b0da0-7a42-4662-a90b-fa6b206b7aeb,M-1098,ORD-20260705-8903-0323,CONCESSION_ACCRUAL,26,694,2026-07-05T20:13:00+08:00
b8cb7fa4-8361-495e-ac0b-60c9c1895597,M-1558,ORD-20260705-1752-0324,CONCESSION_ACCRUAL,16,166,2026-07-05T09:11:00+08:00
43955860-92e3-497d-bc95-7a849ac41f75,M-1580,ORD-20260705-2571-0325,CONCESSION_ACCRUAL,15,485,2026-07-05T10:37:00+08:00
6b3f4e91-7e0b-49a4-9623-4c24e75ba31a,M-1271,ORD-20260705-1785-0326,CONCESSION_ACCRUAL,6,128,2026-07-05T15:32:00+08:00
9f4ab853-8828-40a6-8ab7-81d43ad259a7,M-1082,ORD-20260705-2437-0327,CONCESSION_ACCRUAL,6,63,2026-07-05T18:15:00+08:00
e49d0bbb-6f0a-4314-a54b-ff4be96bb339,M-1188,ORD-20260705-2689-0328,CONCESSION_ACCRUAL,23,457,2026-07-05T13:23:00+08:00
328f3a5f-0594-4940-b6d8-4c31318b2ba0,M-1094,ORD-20260705-7049-0329,CONCESSION_ACCRUAL,13,213,2026-07-05T10:27:00+08:00
c177aad5-18bb-4432-a52a-44d7a1ff6f0e,M-1126,ORD-20260705-2876-0330,CONCESSION_ACCRUAL,12,107,2026-07-05T19:28:00+08:00
1169187e-68dd-435c-9ca4-acf0f024a25c,M-1373,ORD-20260705-8133-0331,CONCESSION_ACCRUAL,6,105,2026-07-05T16:58:00+08:00
80833b39-76b1-4f00-bd53-ca497638363c,M-1629,ORD-20260705-1535-0332,CONCESSION_ACCRUAL,22,128,2026-07-05T19:51:00+08:00
e9f2d60a-44af-4125-abcd-8034a1d4b5d7,M-1357,ORD-20260705-3557-0333,CONCESSION_ACCRUAL,6,92,2026-07-05T19:51:00+08:00
285f0b59-9119-45ce-941a-c0186d78f331,M-1721,ORD-20260705-3580-0334,CONCESSION_ACCRUAL,12,120,2026-07-05T09:55:00+08:00
31f1233d-a46d-4e95-8ba5-cef1fda37c10,M-1322,ORD-20260705-5776-0335,CONCESSION_ACCRUAL,18,125,2026-07-05T18:17:00+08:00
96ee0338-df53-4676-9fd0-81f1429cf11e,M-1193,ORD-20260705-9304-0336,CONCESSION_ACCRUAL,15,70,2026-07-05T18:09:00+08:00
f15209e5-4eae-47b5-b08b-f6e278659b3b,M-1499,ORD-20260705-7296-0337,CONCESSION_ACCRUAL,6,159,2026-07-05T19:25:00+08:00
fd96d04b-1c9e-4d12-86d9-997f583934f4,M-1499,TIER_UPGRADE_Standard_TO_Silver,TIER_BONUS,50,209,2026-07-05T19:25:00+08:00
85b40304-35ca-4baa-8625-3e6035947cf7,M-1502,ORD-20260705-2132-0338,CONCESSION_ACCRUAL,8,125,2026-07-05T13:07:00+08:00
a5aafead-901a-4f3d-b1b9-07a3b915f035,M-1101,ORD-20260705-5232-0339,CONCESSION_ACCRUAL,10,19,2026-07-05T17:38:00+08:00
63bf8462-2753-4929-809d-50313e8ba410,M-1293,ORD-20260705-2064-0340,CONCESSION_ACCRUAL,39,318,2026-07-05T21:30:00+08:00
a1136942-0ba2-4c0c-b3eb-61c8949b523e,M-1290,ORD-20260705-5367-0341,CONCESSION_ACCRUAL,6,67,2026-07-05T10:51:00+08:00
35065e27-ccf0-4033-91d3-005ce3efd500,M-1703,ORD-20260705-2351-0342,CONCESSION_ACCRUAL,20,225,2026-07-05T13:36:00+08:00
b9ccb184-6df5-4142-9b1e-e726172da394,M-1456,ORD-20260705-3918-0343,CONCESSION_ACCRUAL,3,235,2026-07-05T22:50:00+08:00
789aec8f-e2dc-45fd-adb3-954139877db0,M-1708,ORD-20260705-7237-0344,CONCESSION_ACCRUAL,14,154,2026-07-05T19:37:00+08:00
2851d617-577c-4464-aabf-b80aca224c7c,M-1488,ORD-20260705-5890-0345,CONCESSION_ACCRUAL,16,339,2026-07-05T18:32:00+08:00
ab68b774-6dc9-4261-a480-965bdd3fca28,M-1148,ORD-20260705-1099-0346,CONCESSION_ACCRUAL,20,187,2026-07-05T15:44:00+08:00
d4ce2d3c-c936-422f-9285-30c097985296,M-1250,ORD-20260705-3711-0347,CONCESSION_ACCRUAL,12,112,2026-07-05T21:14:00+08:00
ca2eea49-4475-453f-ba5a-0bd5614dd81f,M-1239,ORD-20260705-2151-0348,CONCESSION_ACCRUAL,3,164,2026-07-05T21:13:00+08:00
98ccab95-238f-4a6c-bbbd-81307f26bec8,M-1597,ORD-20260705-7702-0349,CONCESSION_ACCRUAL,33,115,2026-07-05T16:35:00+08:00
ec004b61-42f2-40aa-9df6-48bbe74cafa4,M-1500,ORD-20260705-2565-0350,CONCESSION_ACCRUAL,27,413,2026-07-05T15:17:00+08:00
6cce2700-2fcb-4d68-bdfa-5e5a63a4ee22,M-1440,ORD-20260705-7921-0351,CONCESSION_ACCRUAL,18,154,2026-07-05T12:15:00+08:00
0173166f-8907-427b-848f-b3376aa7c030,M-1193,ORD-20260705-3431-0352,CONCESSION_ACCRUAL,19,89,2026-07-05T20:52:00+08:00
5e2f6ce1-7b56-41f6-a430-2fcfdd23b133,M-1275,ORD-20260705-5054-0353,CONCESSION_ACCRUAL,6,59,2026-07-05T21:53:00+08:00
128f1310-4f8f-4f94-be95-42e8bc538073,M-1204,ORD-20260705-9184-0354,CONCESSION_ACCRUAL,15,115,2026-07-05T17:33:00+08:00
bf223b42-9187-4403-a716-652efc4bb998,M-1717,ORD-20260705-5175-0355,CONCESSION_ACCRUAL,33,519,2026-07-05T20:32:00+08:00
822a9ec1-1132-4f98-901e-2fa6b1bc715d,M-1677,ORD-20260705-1375-0356,CONCESSION_ACCRUAL,3,125,2026-07-05T22:42:00+08:00
f81b6949-97f4-4845-9c12-ddaf58e4adaa,M-1737,ORD-20260705-8558-0357,CONCESSION_ACCRUAL,18,99,2026-07-05T13:19:00+08:00
3a665ead-8cf2-49e1-90c8-f2d8822b4ac6,M-2159,ORD-20260705-9224-0358,CONCESSION_ACCRUAL,7,154,2026-07-05T13:16:00+08:00
ee80013e-6967-4a44-860f-968b87bdc3ac,M-1791,ORD-20260705-3664-0359,CONCESSION_ACCRUAL,8,600,2026-07-05T11:24:00+08:00
8f96d628-fe1e-44bb-8001-4d914f753c15,M-1798,ORD-20260705-6613-0360,CONCESSION_ACCRUAL,15,152,2026-07-05T09:31:00+08:00
b1f8c1e1-13dc-4da5-84be-6b16d719ad8d,M-1235,ORD-20260705-2184-0361,CONCESSION_ACCRUAL,3,421,2026-07-05T20:03:00+08:00
f4385780-0ddd-4181-a550-7d54c212173d,M-1442,ORD-20260705-7458-0362,CONCESSION_ACCRUAL,6,173,2026-07-05T12:12:00+08:00
bf0837c2-1a61-4595-9638-3612a5a9c45a,M-1371,ORD-20260705-9512-0363,CONCESSION_ACCRUAL,12,123,2026-07-05T15:58:00+08:00
ae4be474-4282-40ee-9b89-b6671f872703,M-1602,ORD-20260705-5652-0364,CONCESSION_ACCRUAL,25,282,2026-07-05T22:26:00+08:00
57677bc4-5d79-421f-b1e0-12fe6977a4ff,M-1337,ORD-20260705-8922-0365,CONCESSION_ACCRUAL,15,697,2026-07-05T10:07:00+08:00
c4f5f589-bab9-4bcf-ab0c-87351077239a,M-1510,ORD-20260705-9655-0366,CONCESSION_ACCRUAL,18,199,2026-07-05T22:26:00+08:00
f82f6a55-650e-41d8-8cc3-e4caa0e68737,M-1448,ORD-20260705-5729-0367,CONCESSION_ACCRUAL,3,159,2026-07-05T12:53:00+08:00
f23b5324-9139-41cb-9264-efa2d9cfd6e1,M-1547,ORD-20260705-4790-0368,CONCESSION_ACCRUAL,8,65,2026-07-05T19:24:00+08:00
7747f62f-cd3b-4ec3-a28c-91a621ee3103,M-1138,ORD-20260705-8974-0369,CONCESSION_ACCRUAL,11,283,2026-07-05T18:34:00+08:00
b8dd6c8c-9b81-467d-856e-6336462fd82f,M-1574,ORD-20260705-7199-0370,CONCESSION_ACCRUAL,6,88,2026-07-05T18:48:00+08:00
88fb78fc-57e1-4a2e-8190-0057f4494b96,M-1274,ORD-20260705-2460-0371,CONCESSION_ACCRUAL,6,128,2026-07-05T19:51:00+08:00
d4880bf4-76ca-4e0a-9017-25403570f303,M-1479,ORD-20260705-8850-0372,CONCESSION_ACCRUAL,13,2566,2026-07-05T16:11:00+08:00
3c35ba74-005e-47e1-9f0a-8f2b30ac7b68,M-2035,ORD-20260705-5186-0373,CONCESSION_ACCRUAL,9,69,2026-07-05T20:48:00+08:00
cf885ffb-a8fe-45a6-bcd7-89632e3e136f,M-1075,ORD-20260705-1357-0374,CONCESSION_ACCRUAL,20,359,2026-07-05T17:06:00+08:00
50b2556b-af2b-40fa-886f-cb2e576efdbc,M-1420,ORD-20260705-1552-0375,CONCESSION_ACCRUAL,8,327,2026-07-05T15:27:00+08:00
19399d1b-955c-48e3-9c92-beae5aca552f,M-1103,ORD-20260705-4342-0376,CONCESSION_ACCRUAL,12,131,2026-07-05T22:51:00+08:00
d8ef40dd-9f74-473d-bc18-4e19934024b6,M-1356,ORD-20260705-9762-0377,CONCESSION_ACCRUAL,13,1537,2026-07-05T12:52:00+08:00
93da0b5a-79c1-4cb7-aa98-e98392551861,M-1260,ORD-20260705-2550-0378,CONCESSION_ACCRUAL,8,508,2026-07-05T16:39:00+08:00
8a2af167-488e-4f51-86af-c174026b4802,M-1483,ORD-20260705-9340-0379,CONCESSION_ACCRUAL,6,161,2026-07-05T12:22:00+08:00
c063a8c6-00c4-49ad-baec-70fa5b3076fa,M-1196,ORD-20260705-5261-0380,CONCESSION_ACCRUAL,3,532,2026-07-05T12:35:00+08:00
b7886cd1-062b-43cf-a9fe-aac955675758,M-1293,ORD-20260705-8396-0381,CONCESSION_ACCRUAL,15,333,2026-07-05T16:33:00+08:00
0fdbed16-956f-466c-9c32-9907caa8a28e,M-1309,ORD-20260705-8086-0382,CONCESSION_ACCRUAL,9,134,2026-07-05T12:00:00+08:00
0d527e7b-d96d-4e45-8463-08cfefbd3f56,M-1820,ORD-20260705-8504-0383,CONCESSION_ACCRUAL,20,146,2026-07-05T13:20:00+08:00
841497e7-4fe4-4558-beb3-6857702a9c4d,M-1219,ORD-20260705-4407-0384,CONCESSION_ACCRUAL,8,71,2026-07-05T15:27:00+08:00
9babedb2-2288-4013-b2c9-b0a164e85fdf,M-1104,ORD-20260705-9196-0385,CONCESSION_ACCRUAL,13,134,2026-07-05T14:40:00+08:00
c7425c1c-5042-4e6c-b118-c2364b690df9,M-1293,ORD-20260705-5834-0386,CONCESSION_ACCRUAL,53,386,2026-07-05T22:57:00+08:00
1eefda66-3768-4e5b-8070-41be25aec23f,M-1073,ORD-20260705-8242-0387,CONCESSION_ACCRUAL,9,169,2026-07-05T12:47:00+08:00
6a3dee64-b575-4ed7-a89f-e31f43fcaa77,M-1399,ORD-20260705-3330-0388,CONCESSION_ACCRUAL,12,126,2026-07-05T20:46:00+08:00
d66c1f74-88b8-40a1-a2e0-159f06dac49e,M-1231,ORD-20260705-7793-0389,CONCESSION_ACCRUAL,36,179,2026-07-05T19:14:00+08:00
a7a23f79-168d-4246-b028-ca0911a017c4,M-1492,ORD-20260705-9635-0390,CONCESSION_ACCRUAL,18,217,2026-07-05T18:42:00+08:00
343ab89b-83ea-421b-a9d4-4a877e2ed335,M-1492,TIER_UPGRADE_Standard_TO_Silver,TIER_BONUS,50,267,2026-07-05T18:42:00+08:00
0246d4f6-a6fc-4071-86db-1dcd2f02140c,M-1438,ORD-20260705-2219-0391,CONCESSION_ACCRUAL,13,2702,2026-07-05T17:03:00+08:00
d6903c7f-83be-4847-a5c0-a47b9c4be0bf,M-1676,ORD-20260705-2729-0392,CONCESSION_ACCRUAL,74,3115,2026-07-05T18:10:00+08:00
cc87320a-e771-4a62-a22b-6f27d7c76335,M-1302,ORD-20260705-8991-0393,CONCESSION_ACCRUAL,15,67,2026-07-05T20:58:00+08:00
a0e1dab7-a32e-4d5f-8107-e8facd676507,M-1578,ORD-20260705-9148-0394,CONCESSION_ACCRUAL,25,129,2026-07-05T22:41:00+08:00
724176bf-dbdd-4aba-8dc8-5918a022c1aa,M-1299,ORD-20260705-2018-0395,CONCESSION_ACCRUAL,18,119,2026-07-05T12:48:00+08:00
589a4f88-4475-4ee3-908a-44b61f786581,M-1750,ORD-20260705-8574-0396,CONCESSION_ACCRUAL,6,126,2026-07-05T15:43:00+08:00
3c15d536-4897-453e-bb1b-99a4ffada2e0,M-1458,ORD-20260705-2999-0397,CONCESSION_ACCRUAL,13,119,2026-07-05T20:30:00+08:00
0e2319c3-b6bb-44f8-bfb9-5dc172756390,M-1013,ORD-20260705-1918-0398,CONCESSION_ACCRUAL,27,163,2026-07-05T13:44:00+08:00
cb6b212f-4f49-4830-afa9-c431326ace5b,M-1403,ORD-20260705-3668-0399,CONCESSION_ACCRUAL,23,2197,2026-07-05T16:38:00+08:00
35189db5-a2d6-43fe-8c9d-6c9ae76a4055,M-1480,ORD-20260705-1741-0400,CONCESSION_ACCRUAL,12,200,2026-07-05T10:02:00+08:00
4c5b7b33-f2d9-43ac-8a5f-2dce4206e895,M-1113,ORD-20260705-4102-0401,CONCESSION_ACCRUAL,18,120,2026-07-05T19:08:00+08:00
09151ab0-45f8-40be-b069-31bb6b3a5456,M-1712,ORD-20260705-6826-0402,CONCESSION_ACCRUAL,25,244,2026-07-05T11:28:00+08:00
dcd12831-49a7-42b3-8de7-1ee44bf2334c,M-1104,ORD-20260705-6744-0403,CONCESSION_ACCRUAL,12,146,2026-07-05T16:49:00+08:00
7c1fe8d4-5a97-40ad-9069-031acb385d74,M-2169,ORD-20260705-4221-0404,CONCESSION_ACCRUAL,18,86,2026-07-05T18:22:00+08:00
1964379f-6fc6-4b28-9d56-000a838008dc,M-1700,ORD-20260705-7694-0405,CONCESSION_ACCRUAL,9,64,2026-07-05T16:27:00+08:00
82861052-cf7a-4515-aec2-c5a9d6d97359,M-1254,ORD-20260705-3877-0406,CONCESSION_ACCRUAL,15,136,2026-07-05T10:50:00+08:00
5648afed-8237-4407-b969-0983a4458cc3,M-1825,ORD-20260705-9527-0407,CONCESSION_ACCRUAL,12,146,2026-07-05T16:48:00+08:00
cf9a6610-86ea-4ee5-bac5-f8b121e03f90,M-1302,ORD-20260705-6428-0408,CONCESSION_ACCRUAL,23,90,2026-07-05T20:38:00+08:00
c93f3fbe-7f97-4b28-81b2-b365d739995c,M-1577,ORD-20260705-3753-0409,CONCESSION_ACCRUAL,18,208,2026-07-05T10:45:00+08:00
c83ea837-1918-44bf-9a1b-a9cd198fe2fb,M-1609,ORD-20260705-2188-0410,CONCESSION_ACCRUAL,8,608,2026-07-05T22:58:00+08:00
8ba8d55e-f572-4ff3-9ad4-51a4e3cfbd31,M-1607,ORD-20260705-7389-0411,CONCESSION_ACCRUAL,12,97,2026-07-05T19:12:00+08:00
41eb5c48-8557-4569-b046-9c3e4f6aec6c,M-1530,ORD-20260705-5157-0412,CONCESSION_ACCRUAL,3,471,2026-07-05T21:39:00+08:00
ad41a0ba-05e4-4aa2-b00e-fe0ed6e6c9e1,M-1465,ORD-20260705-4950-0413,CONCESSION_ACCRUAL,8,331,2026-07-05T11:07:00+08:00
f3f89ea9-b7ca-4a1f-83ff-0e2fc3683524,M-1589,ORD-20260705-7407-0414,CONCESSION_ACCRUAL,6,102,2026-07-05T16:57:00+08:00
2b5f9b9c-7b83-4b91-9f75-4b52c55173ae,M-1291,ORD-20260705-4378-0415,CONCESSION_ACCRUAL,24,209,2026-07-05T10:38:00+08:00
a436b8f2-673a-41a7-a7bd-50e0ea2fd28e,M-1252,ORD-20260705-8241-0416,CONCESSION_ACCRUAL,45,525,2026-07-05T18:38:00+08:00
222f7a17-c11b-4423-a718-c3667a715e2f,M-1516,ORD-20260705-3673-0417,CONCESSION_ACCRUAL,8,126,2026-07-05T17:14:00+08:00
55c1c32d-10c4-4ea0-b026-9f38d9ac3958,M-1208,ORD-20260705-5610-0418,CONCESSION_ACCRUAL,56,2912,2026-07-05T20:37:00+08:00
cf171df9-f0bf-4674-b0ab-729dc12b9538,M-1685,ORD-20260705-1802-0419,CONCESSION_ACCRUAL,31,456,2026-07-05T16:09:00+08:00
8ed0882d-47e9-4ba7-9908-cbaf54f1e607,M-1841,ORD-20260705-6928-0420,CONCESSION_ACCRUAL,15,27,2026-07-05T17:45:00+08:00
