ledger_id,member_id,source_reference_id,transaction_type,points_delta,resulting_balance,created_at
4b0eb66f-d005-47d7-8391-5da5294d77e2,M-1509,SESS-20260714-8758-0000,RENTAL_ACCRUAL,11,403,2026-07-14T20:45:00+08:00
db23e2fd-8d8e-46a1-b7a1-8d485ae7f614,M-1781,SESS-20260714-1529-0001,RENTAL_ACCRUAL,12,3469,2026-07-14T16:45:00+08:00
2b6f9fff-8a3d-4aed-a210-dedb5e918237,M-1288,SESS-20260714-7231-0002,RENTAL_ACCRUAL,12,920,2026-07-14T18:45:00+08:00
af353c05-b575-4841-b7e8-b2992ec8c12d,M-1147,SESS-20260714-3563-0003,RENTAL_ACCRUAL,27,280,2026-07-14T22:45:00+08:00
36c9afb1-3cd5-45d4-874e-4da520eba25a,M-1830,SESS-20260714-2937-0004,RENTAL_ACCRUAL,18,194,2026-07-14T04:15:00+08:00
9b8d9258-b096-4a0a-9c60-11716ff17a2f,M-1044,SESS-20260714-1678-0005,RENTAL_ACCRUAL,27,503,2026-07-14T22:00:00+08:00
898bb3dd-d259-41cf-83da-f46f23f7321e,M-1595,SESS-20260714-7373-0006,RENTAL_ACCRUAL,36,102,2026-07-14T17:15:00+08:00
1f27840b-8f4d-4784-b6b9-fc9338d031b0,M-1595,TIER_UPGRADE_Standard_TO_Silver,TIER_BONUS,50,152,2026-07-14T17:15:00+08:00
b4020c7e-0f79-4266-b54e-1048eb0bb5e4,M-1719,SESS-20260714-8186-0007,RENTAL_ACCRUAL,16,279,2026-07-14T17:30:00+08:00
b27b389f-7139-433e-aa78-eeab2a08c8d4,M-2114,SESS-20260714-8665-0008,RENTAL_ACCRUAL,16,78,2026-07-14T23:15:00+08:00
57fedd73-5a53-4213-a6b9-7f64f9e94662,M-1355,SESS-20260714-6781-0009,RENTAL_ACCRUAL,36,333,2026-07-15T00:00:00+08:00
0450a179-14d0-4f97-ae3d-b170036463f8,M-1355,TIER_UPGRADE_Standard_TO_Silver,TIER_BONUS,50,383,2026-07-15T00:00:00+08:00
3a58e79e-3941-4cca-b28f-ca244a3bcf1a,M-2128,SESS-20260714-7455-0010,RENTAL_ACCRUAL,40,174,2026-07-14T23:15:00+08:00
59191efc-2e83-4c1f-a258-795aacff773b,M-1761,SESS-20260714-7727-0011,RENTAL_ACCRUAL,5,96,2026-07-14T21:15:00+08:00
925eb2f6-4df2-49e6-9fc6-311dffb98fbc,M-1695,SESS-20260714-3202-0012,RENTAL_REDEMPTION,-100,75,2026-07-14T14:15:00+08:00
ecd31d57-22e8-4591-b326-9056c01774e7,M-1695,SESS-20260714-3202-0012,RENTAL_ACCRUAL,11,86,2026-07-14T16:15:00+08:00
b4039672-69ae-4351-9468-95d554e72325,M-1363,SESS-20260714-5636-0013,RENTAL_ACCRUAL,16,137,2026-07-14T21:30:00+08:00
ab965169-254d-41fa-b0e5-0174d96afb8d,M-1735,SESS-20260714-6483-0014,RENTAL_ACCRUAL,28,211,2026-07-14T20:30:00+08:00
3250a879-2b6a-43f3-b047-e494176008c8,M-1128,SESS-20260714-6487-0015,RENTAL_ACCRUAL,45,53,2026-07-15T03:00:00+08:00
2d17b488-b521-4282-923a-ad85b12d2bc6,M-1678,SESS-20260714-1655-0016,RENTAL_ACCRUAL,40,325,2026-07-14T18:15:00+08:00
e6ae1c4f-f548-4422-9a0d-6250ffb29d44,M-1345,SESS-20260714-8101-0017,RENTAL_ACCRUAL,11,89,2026-07-14T11:15:00+08:00
e52ac65c-52aa-46f9-8985-eb77fbd2a50c,M-1227,SESS-20260714-4440-0018,RENTAL_ACCRUAL,27,115,2026-07-15T01:15:00+08:00
f3d8a7d8-a8e9-440f-90cb-047ede0a06e8,M-1983,SESS-20260714-6223-0019,RENTAL_REDEMPTION,-100,32,2026-07-14T03:05:00+08:00
1e58d853-f7b9-43f3-98e4-c0697d2eda7f,M-1983,SESS-20260714-6223-0019,RENTAL_ACCRUAL,11,43,2026-07-14T05:05:00+08:00
f8a84e5b-495f-493c-9b49-febba0557fee,M-1251,SESS-20260714-8301-0020,RENTAL_ACCRUAL,40,99,2026-07-15T06:30:00+08:00
46f99d37-8f5a-4639-8914-5aca3a156ba3,M-1358,SESS-20260714-1425-0021,RENTAL_ACCRUAL,24,133,2026-07-14T17:30:00+08:00
feb202d0-4e78-42de-9d7c-fd6dd2c53f5d,M-1497,SESS-20260714-8245-0022,RENTAL_ACCRUAL,45,726,2026-07-15T03:45:00+08:00
a07d6f99-78d8-4987-b1a3-0a24e5b87436,M-1477,SESS-20260714-8069-0023,RENTAL_ACCRUAL,40,246,2026-07-15T04:00:00+08:00
12f36482-5809-4631-a83b-3fc7d2c4ef0a,M-1547,SESS-20260714-4926-0024,RENTAL_ACCRUAL,27,297,2026-07-14T06:15:00+08:00
e449a0c8-0bcd-428b-b43e-2fc7a9db790c,M-1559,SESS-20260714-5299-0025,RENTAL_ACCRUAL,25,63,2026-07-14T23:30:00+08:00
353892a4-07ef-4ad6-88d9-f593c5ad7189,M-1809,SESS-20260714-4090-0026,RENTAL_REDEMPTION,-100,454,2026-07-14T08:30:00+08:00
8ec2241c-9140-4d37-9eb9-0d4014509985,M-1809,SESS-20260714-4090-0026,RENTAL_ACCRUAL,11,465,2026-07-14T10:30:00+08:00
de36d19c-433a-4ae3-bc6d-6fc763e7792e,M-1615,SESS-20260714-6197-0027,RENTAL_ACCRUAL,5,181,2026-07-14T22:15:00+08:00
a7d227a1-c860-484b-a15b-c08525664591,M-1957,SESS-20260714-6753-0028,RENTAL_ACCRUAL,5,151,2026-07-14T18:30:00+08:00
ef97839e-f98c-4866-b6af-e6ea04b22543,M-1013,SESS-20260714-4142-0029,RENTAL_ACCRUAL,45,241,2026-07-14T22:35:00+08:00
5d1c5d49-7f4e-4d66-bad3-3fb4767eeb9c,M-1171,SESS-20260714-4697-0030,RENTAL_REDEMPTION,-100,172,2026-07-14T18:45:00+08:00
a766de29-7c6b-4bee-9a0e-3b989ee5c54a,M-1171,SESS-20260714-4697-0030,RENTAL_ACCRUAL,2,174,2026-07-14T19:45:00+08:00
d3065269-b72d-4f1b-8193-fce562650128,M-1324,SESS-20260714-4267-0031,RENTAL_ACCRUAL,8,89,2026-07-14T17:15:00+08:00
74ce0ded-4157-4ba5-8bfd-82a6376a02d4,M-2120,SESS-20260714-4358-0032,RENTAL_ACCRUAL,10,42,2026-07-14T16:00:00+08:00
0b85b1c7-1b85-4f42-ae7c-901961027a08,M-1476,SESS-20260714-9172-0033,RENTAL_REDEMPTION,-100,290,2026-07-14T13:15:00+08:00
e2283214-f1c4-4780-86b3-7ab947d9ba41,M-1476,SESS-20260714-9172-0033,RENTAL_ACCRUAL,4,294,2026-07-14T15:15:00+08:00
98df774a-02a4-4e38-9e49-c8afa3f7bc34,M-1260,SESS-20260714-8253-0034,RENTAL_ACCRUAL,5,405,2026-07-14T23:45:00+08:00
2bd72bf9-5230-4db0-a201-2007f8afc5e2,M-1224,SESS-20260714-4663-0035,RENTAL_ACCRUAL,16,339,2026-07-14T05:00:00+08:00
a5ce6c77-8b70-4aa3-a958-f8ecfcb9d56f,M-1181,SESS-20260714-5572-0036,RENTAL_ACCRUAL,28,249,2026-07-14T23:40:00+08:00
edd62804-72e5-4ebb-a6e5-720c5e998d19,M-1768,SESS-20260714-3479-0037,RENTAL_REDEMPTION,-100,21,2026-07-14T11:45:00+08:00
ddac7674-8f32-4e33-8cfe-75861b0e3ecc,M-1768,SESS-20260714-3479-0037,RENTAL_ACCRUAL,21,42,2026-07-14T16:45:00+08:00
612e56fe-26a6-4119-86fb-708b4cc3d148,M-1160,SESS-20260714-9208-0038,RENTAL_REDEMPTION,-100,17,2026-07-14T21:30:00+08:00
d8f319ba-89b4-4261-954c-970270135131,M-1160,SESS-20260714-9208-0038,RENTAL_ACCRUAL,7,24,2026-07-14T22:30:00+08:00
16078cc0-d951-4a09-bb43-35bd8b5f9db4,M-1736,SESS-20260714-1318-0039,RENTAL_ACCRUAL,25,96,2026-07-14T22:30:00+08:00
95a14c65-f61d-45ef-9b3d-69c3da9c5a00,M-1479,SESS-20260714-6074-0040,RENTAL_ACCRUAL,19,2490,2026-07-15T00:45:00+08:00
2bc40272-e653-4f9f-85a4-245e9e1d847b,M-1281,SESS-20260714-6332-0041,RENTAL_ACCRUAL,28,726,2026-07-14T23:00:00+08:00
51cd0c8e-1c0d-4265-86e6-8fb885647a2a,M-1586,SESS-20260714-7171-0042,RENTAL_ACCRUAL,40,207,2026-07-14T20:45:00+08:00
793a4a0c-27b6-4d75-ad73-59291f513b3d,M-1255,SESS-20260714-5480-0043,RENTAL_ACCRUAL,40,154,2026-07-14T19:30:00+08:00
9bc38b03-f127-48ae-a877-f193f8d53913,M-1514,SESS-20260714-3276-0044,RENTAL_ACCRUAL,27,366,2026-07-15T00:30:00+08:00
a2d39718-1432-4266-b4b5-b3e91b07fa7c,M-1644,SESS-20260714-2730-0045,RENTAL_ACCRUAL,25,55,2026-07-14T09:30:00+08:00
0e3ed720-f3d0-45b5-9f67-7a18bd146bd2,M-1090,SESS-20260714-3248-0046,RENTAL_ACCRUAL,18,860,2026-07-14T22:30:00+08:00
3452e08c-be85-4846-9add-59706547d0bf,M-1752,SESS-20260714-1934-0047,RENTAL_ACCRUAL,6,2404,2026-07-14T19:15:00+08:00
43f4d895-73ed-4032-b681-3698417ce6fc,M-1266,SESS-20260714-6743-0048,RENTAL_ACCRUAL,10,270,2026-07-14T23:00:00+08:00
317a763c-87f7-4ff6-aecd-9c709863c56f,M-1661,SESS-20260714-3742-0049,RENTAL_ACCRUAL,14,2955,2026-07-15T00:15:00+08:00
4387fe93-9345-45a1-a303-94eb59224b18,M-1983,SESS-20260714-8236-0050,RENTAL_ACCRUAL,5,48,2026-07-14T19:15:00+08:00
b4487fcf-ae35-4915-a2ba-64d60657e9a3,M-1676,SESS-20260714-9981-0051,RENTAL_ACCRUAL,76,2959,2026-07-15T01:15:00+08:00
9ba36225-fb44-47bb-8170-958d0b310297,M-1177,SESS-20260714-5267-0052,RENTAL_ACCRUAL,40,89,2026-07-15T02:50:00+08:00
2cff4609-020c-4252-9dea-277dc75295c7,M-1177,TIER_UPGRADE_Standard_TO_Silver,TIER_BONUS,50,139,2026-07-15T02:50:00+08:00
1d2de2fb-c8c0-4b1d-8b39-770eaeb4e3ab,M-1669,SESS-20260714-8520-0053,RENTAL_ACCRUAL,16,75,2026-07-14T16:15:00+08:00
b4f58ec5-67e2-43b3-bb16-091e3280fdd7,M-1446,SESS-20260714-4090-0054,RENTAL_ACCRUAL,40,123,2026-07-15T07:25:00+08:00
de70f595-c6bf-4ef5-b9c6-eae86a96b438,M-2034,SESS-20260714-1608-0055,RENTAL_ACCRUAL,24,63,2026-07-15T01:45:00+08:00
9ccff9a3-8429-4dda-baa3-149c923be2c8,M-1791,SESS-20260714-8530-0056,RENTAL_ACCRUAL,27,176,2026-07-14T18:15:00+08:00
6f702367-da6d-4178-ba19-40659e23fc03,M-1448,SESS-20260714-6634-0057,RENTAL_REDEMPTION,-100,70,2026-07-14T13:00:00+08:00
9c05b612-bcfa-4084-aa22-04e66e8a6a5d,M-1448,SESS-20260714-6634-0057,RENTAL_ACCRUAL,10,80,2026-07-14T16:00:00+08:00
a6762676-10fc-46f2-8b2b-9586361f946e,M-1624,SESS-20260714-8940-0058,RENTAL_ACCRUAL,12,1083,2026-07-14T21:15:00+08:00
b1c36700-795a-4fb8-88e7-6709fa32d0f5,M-1580,SESS-20260714-9007-0059,RENTAL_ACCRUAL,67,502,2026-07-15T03:45:00+08:00
b7166d65-1d27-4aee-9420-dffdb7bd19f0,M-1062,SESS-20260714-3238-0060,RENTAL_ACCRUAL,25,94,2026-07-15T00:15:00+08:00
677d8baf-2532-4eb3-8dae-c7f126983556,M-1062,TIER_UPGRADE_Standard_TO_Silver,TIER_BONUS,50,144,2026-07-15T00:15:00+08:00
d3c6cc5d-d625-43cf-a94a-0a1e7b4b3b07,M-1165,SESS-20260714-5867-0061,RENTAL_ACCRUAL,8,131,2026-07-14T10:15:00+08:00
6cfd12ef-e7b5-4afe-853b-a36991477ea8,M-1441,SESS-20260714-3481-0062,RENTAL_ACCRUAL,5,224,2026-07-14T09:15:00+08:00
be7c02bd-4e1b-4d00-b20c-d33630b774f2,M-1442,SESS-20260714-1360-0063,RENTAL_ACCRUAL,18,302,2026-07-15T00:45:00+08:00
3d79ae4d-5b81-48db-8e94-279981c377c3,M-1622,SESS-20260714-9805-0064,RENTAL_ACCRUAL,8,104,2026-07-14T15:45:00+08:00
b91c9ffe-cd83-4e0d-aa59-77e3891d7581,M-1384,SESS-20260714-8289-0065,RENTAL_REDEMPTION,-100,1478,2026-07-14T22:45:00+08:00
4024bd46-f200-477a-a488-5577f76df932,M-1384,SESS-20260714-8289-0065,RENTAL_ACCRUAL,4,1482,2026-07-15T00:45:00+08:00
9b3cfb3c-3569-4bb2-b17f-bb9a211f400b,M-1677,SESS-20260714-4428-0066,RENTAL_REDEMPTION,-100,25,2026-07-14T11:45:00+08:00
776fc546-715f-4342-a4b2-25f7758fe1af,M-1677,SESS-20260714-4428-0066,RENTAL_ACCRUAL,5,30,2026-07-14T13:45:00+08:00
4aabdc65-7c4b-4258-9d85-33b1d4f4c351,M-1119,SESS-20260714-5124-0067,RENTAL_ACCRUAL,5,112,2026-07-14T21:00:00+08:00
29c71f61-d198-4497-8241-adc41d9a3527,M-1357,SESS-20260714-5202-0068,RENTAL_REDEMPTION,-100,149,2026-07-14T13:15:00+08:00
bd32d401-0bbc-4de2-afae-e82cf4ab38ba,M-1151,SESS-20260714-6819-0069,RENTAL_ACCRUAL,11,81,2026-07-15T00:30:00+08:00
c440cd0b-42c3-4dc3-9cbf-39d988eb242f,M-1030,SESS-20260714-5656-0070,RENTAL_ACCRUAL,5,90,2026-07-15T00:10:00+08:00
ee5e2192-155d-4518-9cf9-28e2db8f9cfc,M-1174,SESS-20260714-8637-0071,RENTAL_ACCRUAL,5,90,2026-07-14T21:30:00+08:00
f8dd7754-71fb-4dc1-8e34-5b42042b5c0a,M-1084,SESS-20260714-1414-0072,RENTAL_ACCRUAL,10,55,2026-07-14T16:00:00+08:00
7319703e-1f36-4c51-a19e-7190fe3da108,M-1645,SESS-20260714-7428-0073,RENTAL_ACCRUAL,64,173,2026-07-15T04:15:00+08:00
4048fd41-78e6-4472-900c-134cafe46272,M-1663,SESS-20260714-6848-0074,RENTAL_REDEMPTION,-100,71,2026-07-14T21:15:00+08:00
ad67fa81-1d8f-4ce8-88ba-7ce3eaadc578,M-1663,SESS-20260714-6848-0074,RENTAL_ACCRUAL,5,76,2026-07-14T23:15:00+08:00
4e10dd34-f524-4eb8-820c-0e2c5839e0e7,M-1339,SESS-20260714-7147-0075,RENTAL_ACCRUAL,5,28,2026-07-14T21:00:00+08:00
56da5c21-1978-4621-99be-2bf8934ccf7a,M-1018,SESS-20260714-8529-0076,RENTAL_ACCRUAL,10,249,2026-07-14T19:35:00+08:00
860d8e7e-b1a5-46d0-aa0f-97706c78c43b,M-1540,SESS-20260714-7102-0077,RENTAL_ACCRUAL,11,396,2026-07-15T00:30:00+08:00
49fbea1f-d0a2-4615-8de0-31f098e55717,M-1755,SESS-20260714-1127-0078,RENTAL_ACCRUAL,16,63,2026-07-14T20:15:00+08:00
953b77cb-75f5-4055-a182-4b0a05271ae2,M-1928,SESS-20260714-8822-0079,RENTAL_REDEMPTION,-100,35,2026-07-14T16:15:00+08:00
de925c65-f5af-4d93-89a4-8a9cf509e96c,M-1928,SESS-20260714-8822-0079,RENTAL_ACCRUAL,3,38,2026-07-14T17:15:00+08:00
4bc87caf-d010-4930-a20c-9caab8cc2ec7,M-1717,SESS-20260714-9602-0080,RENTAL_ACCRUAL,11,592,2026-07-15T00:15:00+08:00
55c49a5f-4a3c-4106-a708-c2c2f808edc1,M-1748,SESS-20260714-2958-0081,RENTAL_ACCRUAL,27,372,2026-07-14T17:15:00+08:00
209aabec-24d1-4861-b4b8-90cd27b91c48,M-1233,SESS-20260714-3804-0082,RENTAL_ACCRUAL,40,242,2026-07-14T21:20:00+08:00
fbc4986d-cd4e-4b40-9de6-6faba5ed5815,M-1790,SESS-20260714-9624-0083,RENTAL_ACCRUAL,15,227,2026-07-15T00:10:00+08:00
4f22d0d7-7681-4a4a-93e1-061f9c0a5d31,M-1790,TIER_UPGRADE_Standard_TO_Silver,TIER_BONUS,50,277,2026-07-15T00:10:00+08:00
14fdeb8b-9dd2-4958-bbe2-360407851a81,M-1338,SESS-20260714-1266-0084,RENTAL_ACCRUAL,36,304,2026-07-14T21:00:00+08:00
72ae440c-5abe-405b-9a1b-31747be6ef21,M-1826,SESS-20260714-6415-0085,RENTAL_REDEMPTION,-100,146,2026-07-14T01:45:00+08:00
cfb4d59b-4893-4569-81b4-f2747ce66c8a,M-1826,SESS-20260714-6415-0085,RENTAL_ACCRUAL,5,151,2026-07-14T03:45:00+08:00
115b98a7-2180-458f-9f62-d8372dc9e316,M-1321,SESS-20260714-9913-0086,RENTAL_REDEMPTION,-100,39,2026-07-14T21:00:00+08:00
0545c0e1-a471-4778-9683-4f9379c6dbf3,M-1321,SESS-20260714-9913-0086,RENTAL_ACCRUAL,21,60,2026-07-15T02:00:00+08:00
1f0a6d47-c70f-4724-b00f-5a5eedd88ebf,M-1395,SESS-20260714-8549-0087,RENTAL_ACCRUAL,12,148,2026-07-14T15:00:00+08:00
89024a3f-cbd4-41de-b97c-0d4ee111d00e,M-1395,TIER_UPGRADE_Standard_TO_Silver,TIER_BONUS,50,198,2026-07-14T15:00:00+08:00
f6c0afe6-b8a6-4184-87a0-464f1d565844,M-1087,SESS-20260714-5571-0088,RENTAL_ACCRUAL,6,634,2026-07-14T16:45:00+08:00
ac1a41f2-2fb5-4a1b-bca9-11278bb01abb,M-2105,SESS-20260714-3615-0089,RENTAL_ACCRUAL,10,57,2026-07-15T01:45:00+08:00
bc4c9ffa-ca46-43d5-a4ca-4d720ea667df,M-1460,SESS-20260714-1278-0090,RENTAL_ACCRUAL,40,163,2026-07-15T07:15:00+08:00
cd402ef9-1deb-4417-b7e7-78b7a196a608,M-1156,SESS-20260714-9036-0091,RENTAL_ACCRUAL,13,292,2026-07-14T20:45:00+08:00
38d845e9-d882-4c80-90a0-ff4c3a85b257,M-1561,SESS-20260714-2800-0092,RENTAL_ACCRUAL,18,435,2026-07-14T10:00:00+08:00
351b45dd-5f61-427b-8ce5-e49bebbb3561,M-1105,SESS-20260714-2411-0093,RENTAL_REDEMPTION,-100,304,2026-07-14T17:45:00+08:00
aa212629-16ae-4d11-a547-d651628c6bd5,M-1105,SESS-20260714-2411-0093,RENTAL_ACCRUAL,20,324,2026-07-14T20:45:00+08:00
3de1685d-6293-48dc-b1a8-c7a6eb53a4d7,M-1408,SESS-20260714-8685-0094,RENTAL_ACCRUAL,24,214,2026-07-14T22:00:00+08:00
c62d7169-52ff-4fbb-bc3d-842c29af23aa,M-1314,SESS-20260714-1208-0095,RENTAL_REDEMPTION,-100,39,2026-07-14T13:15:00+08:00
b9df4ba2-2f40-49ea-9fbd-31810531bd8d,M-1314,SESS-20260714-1208-0095,RENTAL_ACCRUAL,10,49,2026-07-14T16:15:00+08:00
f787509b-0e85-43ad-8c8e-a6dc76d3e040,M-1392,SESS-20260714-3801-0096,RENTAL_REDEMPTION,-100,560,2026-07-14T13:45:00+08:00
a97c4d2c-57a6-4e88-9926-da88762fa170,M-1392,SESS-20260714-3801-0096,RENTAL_ACCRUAL,2,562,2026-07-14T14:45:00+08:00
c139de81-9023-498a-9565-607f9a9e5327,M-1445,SESS-20260714-6604-0097,RENTAL_ACCRUAL,25,189,2026-07-15T03:45:00+08:00
6ef4a2a3-76a7-40d8-9c9b-e8d98e1ffb88,M-1832,SESS-20260714-7878-0098,RENTAL_ACCRUAL,12,269,2026-07-14T21:00:00+08:00
5d20cff8-6904-4b36-88f6-252f27135b21,M-1085,SESS-20260714-1904-0099,RENTAL_ACCRUAL,60,147,2026-07-15T01:45:00+08:00
1442ab13-8ccc-461b-b0c6-1a12d77112b5,M-1085,TIER_UPGRADE_Standard_TO_Silver,TIER_BONUS,50,197,2026-07-15T01:45:00+08:00
2db1a199-8488-4ff7-89ad-10c4c12a4c0b,M-1278,SESS-20260714-8133-0100,RENTAL_ACCRUAL,11,263,2026-07-14T21:25:00+08:00
57ac2397-007c-4a45-88cf-4cd825416bb0,M-1134,SESS-20260714-1519-0101,RENTAL_ACCRUAL,27,234,2026-07-14T08:00:00+08:00
8c70bc22-8115-4b01-b97b-deb3aec96999,M-1433,SESS-20260714-8882-0102,RENTAL_REDEMPTION,-100,2,2026-07-14T16:25:00+08:00
378664b1-a822-47c0-86c4-d9ae2d713dab,M-1433,SESS-20260714-8882-0102,RENTAL_ACCRUAL,10,12,2026-07-14T19:25:00+08:00
3790d0f8-f67c-4ab6-906e-1f97020fab2d,M-1410,SESS-20260714-5783-0103,RENTAL_REDEMPTION,-100,678,2026-07-14T21:30:00+08:00
fd46c0df-0661-4dd1-ac1b-8a3b6504257e,M-1410,SESS-20260714-5783-0103,RENTAL_ACCRUAL,35,713,2026-07-15T00:30:00+08:00
a6abb2a1-96fd-4987-bbda-f168bdcf22b8,M-1111,SESS-20260714-8927-0104,RENTAL_REDEMPTION,-200,165,2026-07-14T16:15:00+08:00
8eb8bb9d-992e-4a33-b5eb-0bd18d556b5f,M-1111,SESS-20260714-8927-0104,RENTAL_ACCRUAL,14,179,2026-07-14T19:15:00+08:00
beaa8ce5-a86e-4179-a95b-6b0705eecc87,M-1390,SESS-20260714-4509-0105,RENTAL_REDEMPTION,-100,65,2026-07-14T19:20:00+08:00
ee711d5b-3b19-4708-8054-b3c7250953da,M-1390,SESS-20260714-4509-0105,RENTAL_ACCRUAL,5,70,2026-07-14T21:20:00+08:00
0dad448f-855e-4def-8169-c7bc21c1231a,M-1646,SESS-20260714-9581-0106,RENTAL_ACCRUAL,18,322,2026-07-14T22:30:00+08:00
330d11c9-8171-4e86-b9de-50352fa881fc,M-1753,SESS-20260714-8237-0107,RENTAL_ACCRUAL,18,185,2026-07-15T01:15:00+08:00
cbab52a4-41d8-4dfd-bd06-384507d60ef8,M-1575,SESS-20260714-5340-0108,RENTAL_ACCRUAL,40,361,2026-07-14T16:15:00+08:00
ddb7d46e-adbe-4898-91ac-528188528104,M-1033,SESS-20260714-7718-0109,RENTAL_ACCRUAL,24,130,2026-07-14T23:15:00+08:00
eb5d7617-1633-4754-91c6-ee8b7dd2dc2b,M-1706,SESS-20260714-4118-0110,RENTAL_ACCRUAL,45,794,2026-07-14T14:00:00+08:00
a5a08979-d829-4643-a768-0f1e05fc2bb1,M-1083,SESS-20260714-9260-0111,RENTAL_ACCRUAL,67,209,2026-07-14T11:45:00+08:00
76efb090-e5db-4774-a76f-1ac1f8677bfd,M-1159,SESS-20260714-4872-0112,RENTAL_REDEMPTION,-100,86,2026-07-14T23:45:00+08:00
72adefe6-59e5-483a-8476-0112f4cb1d3e,M-1159,SESS-20260714-4872-0112,RENTAL_ACCRUAL,35,121,2026-07-15T07:45:00+08:00
306fa03c-78f4-43d9-8af1-3d9f0cfed7b9,M-1159,TIER_UPGRADE_Standard_TO_Silver,TIER_BONUS,50,171,2026-07-15T07:45:00+08:00
5a80018f-93fb-4d7b-868e-c0a29851553b,M-1053,SESS-20260714-8678-0113,RENTAL_ACCRUAL,10,221,2026-07-15T00:15:00+08:00
484e7eff-1b73-48d9-8def-180c814e048f,M-1797,SESS-20260714-2366-0114,RENTAL_REDEMPTION,-100,14,2026-07-14T15:45:00+08:00
a8593b47-5b12-4a11-8236-0ba9cc020ccf,M-1797,SESS-20260714-2366-0114,RENTAL_ACCRUAL,5,19,2026-07-14T17:45:00+08:00
33410545-a442-4afa-b6a0-d706f3d2c14b,M-1214,SESS-20260714-8846-0115,RENTAL_ACCRUAL,15,122,2026-07-15T01:15:00+08:00
ee8e34da-f39f-4d70-90cb-f5f5adc5cc9e,M-1830,SESS-20260714-1276-0116,RENTAL_ACCRUAL,27,221,2026-07-14T23:00:00+08:00
4c3e85b9-e422-4d83-8184-d8c034a8ce8c,M-1237,SESS-20260714-9687-0117,RENTAL_ACCRUAL,9,241,2026-07-14T13:15:00+08:00
b6b0d870-2b66-49ec-8505-b0d714ab7df7,M-1746,SESS-20260714-4197-0118,RENTAL_ACCRUAL,10,157,2026-07-14T19:00:00+08:00
24a3b890-dbf7-4a12-a51a-98169b418911,M-1731,SESS-20260714-7963-0119,RENTAL_ACCRUAL,11,127,2026-07-14T23:35:00+08:00
5cbe9701-9b78-4362-826e-2b770f7c758e,M-1760,SESS-20260714-3115-0120,RENTAL_ACCRUAL,10,155,2026-07-14T22:45:00+08:00
99208945-d91b-4ecc-86c5-d5bb57b5661c,M-1758,SESS-20260714-6651-0121,RENTAL_ACCRUAL,15,127,2026-07-15T00:30:00+08:00
13205e7a-d222-4655-8945-c4661be271b5,M-1350,SESS-20260714-4561-0122,RENTAL_ACCRUAL,27,495,2026-07-14T21:15:00+08:00
e3a0b785-ffca-44c7-9607-83b2715b0108,M-1936,SESS-20260714-7036-0123,RENTAL_ACCRUAL,16,48,2026-07-15T00:45:00+08:00
6587c3dd-a70e-43ad-9458-435076e2e0df,M-1161,SESS-20260714-9149-0124,RENTAL_ACCRUAL,15,222,2026-07-14T06:15:00+08:00
e93c5c86-5447-4a6c-adfa-7c7140baf57b,M-1795,SESS-20260714-6069-0125,RENTAL_ACCRUAL,24,246,2026-07-14T20:30:00+08:00
6a01657a-d2bf-493e-a443-433972625ca7,M-1581,SESS-20260714-4927-0126,RENTAL_ACCRUAL,18,106,2026-07-15T00:30:00+08:00
d0a04998-675b-4803-9c33-c2726744a230,M-1829,SESS-20260714-1200-0127,RENTAL_ACCRUAL,40,311,2026-07-15T00:25:00+08:00
e0aa6523-0891-4eb0-b769-d5ec28080d08,M-1252,SESS-20260714-4192-0128,RENTAL_ACCRUAL,16,493,2026-07-15T02:50:00+08:00
77ec64d5-2589-4fce-993f-04d0f4ead1f1,M-1700,SESS-20260714-5639-0129,RENTAL_ACCRUAL,8,124,2026-07-14T19:30:00+08:00
ece645f5-ba68-4d41-9e7c-392a84ae6f91,M-2036,SESS-20260714-9327-0130,RENTAL_ACCRUAL,10,80,2026-07-14T23:15:00+08:00
aec0dda4-6583-4812-bd72-0447bbfa97cb,M-2175,SESS-20260714-2415-0131,RENTAL_REDEMPTION,-100,26,2026-07-14T20:30:00+08:00
d7ca5984-02a6-4fe9-8c6d-8ef780625797,M-2175,SESS-20260714-2415-0131,RENTAL_ACCRUAL,11,37,2026-07-14T22:30:00+08:00
42b789c5-8b47-43ed-8ab9-1852b621173d,M-2091,SESS-20260714-4425-0132,RENTAL_ACCRUAL,40,82,2026-07-14T20:45:00+08:00
fdd131d4-8ff7-4745-be13-46decd64ef1b,M-1231,SESS-20260714-1323-0133,RENTAL_ACCRUAL,5,329,2026-07-14T21:45:00+08:00
81952c3b-61d4-453b-a75b-b385969af561,M-1375,SESS-20260714-9578-0134,RENTAL_ACCRUAL,45,219,2026-07-15T01:45:00+08:00
a08d0401-541d-46ad-8042-c9d7c6b760a8,M-1754,SESS-20260714-1602-0135,RENTAL_ACCRUAL,5,615,2026-07-15T00:15:00+08:00
b2d98119-10df-4a58-b592-88082e353241,M-1154,SESS-20260714-1563-0136,RENTAL_ACCRUAL,11,199,2026-07-14T12:45:00+08:00
b0f0f946-8c42-41f0-8064-6d413e2c17dd,M-1502,SESS-20260714-5902-0137,RENTAL_REDEMPTION,-100,151,2026-07-14T18:20:00+08:00
ba55c785-b1c6-4b26-b1c2-31113d00e35a,M-1502,SESS-20260714-5902-0137,RENTAL_ACCRUAL,91,242,2026-07-15T02:20:00+08:00
b4719e89-1b96-47e7-84ee-91f93c4dc0c3,M-1502,TIER_UPGRADE_Standard_TO_Silver,TIER_BONUS,50,292,2026-07-15T02:20:00+08:00
9387834d-0fb3-49ec-b941-9e30e1822eeb,M-1713,SESS-20260714-3174-0138,RENTAL_ACCRUAL,40,384,2026-07-14T21:30:00+08:00
9e825915-8a28-4afd-8ef6-16a818bed095,M-1642,SESS-20260714-1571-0139,RENTAL_ACCRUAL,16,162,2026-07-14T16:30:00+08:00
4800a90e-afc5-46ee-9f7d-545e60cfd390,M-2053,SESS-20260714-5229-0140,RENTAL_ACCRUAL,8,10,2026-07-15T00:20:00+08:00
1c43175a-be7f-45a6-86f1-64a890d5f75f,M-1550,SESS-20260714-6382-0141,RENTAL_ACCRUAL,15,31,2026-07-14T22:00:00+08:00
49e78dc3-cb6c-438e-a4ee-ccbebe968574,M-1693,SESS-20260714-5121-0142,RENTAL_REDEMPTION,-100,60,2026-07-14T10:15:00+08:00
1ecdcbc6-94fa-49d4-9d62-125dfc18b4ce,M-1693,SESS-20260714-5121-0142,RENTAL_ACCRUAL,5,65,2026-07-14T12:15:00+08:00
7e7a1348-a9a2-4bff-b348-b7bb5a39f016,M-1103,SESS-20260714-4912-0143,RENTAL_ACCRUAL,10,146,2026-07-14T23:35:00+08:00
01df9517-7fd7-4a72-a9ca-01a731a7cecc,M-1413,SESS-20260714-9600-0144,RENTAL_ACCRUAL,36,167,2026-07-14T20:15:00+08:00
3e832965-49f9-4092-96ae-293c2e600315,M-1218,SESS-20260714-6857-0145,RENTAL_REDEMPTION,-100,64,2026-07-14T19:30:00+08:00
172d3fe0-6e1d-460b-b021-79e863a6a4cf,M-1218,SESS-20260714-6857-0145,RENTAL_ACCRUAL,7,71,2026-07-14T20:30:00+08:00
aca603e1-ec73-4e1e-9f04-a2efe84539b1,M-1778,SESS-20260714-2442-0146,RENTAL_ACCRUAL,11,216,2026-07-15T00:45:00+08:00
fb17bc9a-0978-4c38-adf2-2d3ae8d9ef3e,M-1409,SESS-20260714-5906-0147,RENTAL_ACCRUAL,18,140,2026-07-14T14:45:00+08:00
6337af83-5cef-4683-af32-74a8ff285287,M-1391,SESS-20260714-7425-0148,RENTAL_ACCRUAL,5,190,2026-07-14T20:00:00+08:00
ac036997-7209-4065-aacf-ff6645aaeb2e,M-1648,SESS-20260714-1348-0149,RENTAL_ACCRUAL,18,800,2026-07-15T01:15:00+08:00
b3840fa2-660b-48e3-87ef-a6b43ab4765e,M-1328,SESS-20260714-2163-0150,RENTAL_ACCRUAL,15,76,2026-07-14T20:15:00+08:00
28f6385b-470e-4c54-a820-6fddee62fa43,M-1616,SESS-20260714-8814-0151,RENTAL_ACCRUAL,10,210,2026-07-14T22:00:00+08:00
978857f8-b3b3-4bd7-a9ba-36a558190d7e,M-1782,SESS-20260714-8828-0152,RENTAL_ACCRUAL,6,662,2026-07-14T20:15:00+08:00
0c7798de-cad4-4df0-8e2f-369d83caf1d2,M-1398,SESS-20260714-7077-0153,RENTAL_ACCRUAL,9,1565,2026-07-14T19:45:00+08:00
6d28d29c-e134-4b48-af5f-15ecc1681ad5,M-1261,SESS-20260714-8897-0154,RENTAL_ACCRUAL,16,234,2026-07-14T22:15:00+08:00
73647e1b-79cc-4841-9aec-d387282225f6,M-1835,SESS-20260714-3892-0155,RENTAL_REDEMPTION,-100,223,2026-07-14T17:45:00+08:00
2f7d5b24-8379-44ac-9d7e-03dc1193f730,M-1835,SESS-20260714-3892-0155,RENTAL_ACCRUAL,10,233,2026-07-14T20:45:00+08:00
5b1042e2-6290-412f-b443-112d4e89e99d,M-1641,SESS-20260714-6017-0156,RENTAL_ACCRUAL,25,110,2026-07-14T23:45:00+08:00
ee50b1b2-4a28-4add-ac58-5dec71b5acde,M-1808,SESS-20260714-1130-0157,RENTAL_ACCRUAL,6,1754,2026-07-14T23:00:00+08:00
88d46962-91a1-4fa8-96a6-07269c988c17,M-1395,SESS-20260714-6144-0158,RENTAL_REDEMPTION,-100,98,2026-07-14T17:45:00+08:00
c36b1ae2-b999-44aa-b2da-fac29362104a,M-1395,SESS-20260714-6144-0158,RENTAL_ACCRUAL,5,103,2026-07-14T19:45:00+08:00
287661c2-8406-4276-aa31-af1c8926cd95,M-1219,SESS-20260714-4225-0159,RENTAL_ACCRUAL,8,142,2026-07-14T03:30:00+08:00
344be52f-8f4c-4f10-8870-66bfd90ce533,M-1076,SESS-20260714-3573-0160,RENTAL_ACCRUAL,18,224,2026-07-14T22:25:00+08:00
764ab8db-a75f-4489-b446-8c986c08f426,M-1142,SESS-20260714-8147-0161,RENTAL_ACCRUAL,27,368,2026-07-15T01:30:00+08:00
db1f0368-0ce7-4cf2-867a-0d2b3f892760,M-1694,SESS-20260714-6629-0162,RENTAL_REDEMPTION,-100,5,2026-07-14T21:15:00+08:00
480a5547-f68c-4d09-9d26-06439f1fb103,M-1694,SESS-20260714-6629-0162,RENTAL_ACCRUAL,10,15,2026-07-15T00:15:00+08:00
098fe7f7-28f2-4c8f-9465-44e896a253b8,M-1582,SESS-20260714-2854-0163,RENTAL_ACCRUAL,40,260,2026-07-14T21:15:00+08:00
e628330f-a414-42b1-b86b-ce539ee51245,M-1318,SESS-20260714-2781-0164,RENTAL_ACCRUAL,16,359,2026-07-14T23:00:00+08:00
3da1d0f4-828f-4cd7-bcf5-af28816a7f35,M-1551,SESS-20260714-8807-0165,RENTAL_ACCRUAL,18,64,2026-07-14T12:05:00+08:00
fc1938e2-31a0-4eb6-8b52-1323e309c71a,M-1411,SESS-20260714-1327-0166,RENTAL_ACCRUAL,40,441,2026-07-14T20:30:00+08:00
8235b223-0dd3-4cce-a610-0617782d0131,M-1750,SESS-20260714-8045-0167,RENTAL_ACCRUAL,25,232,2026-07-14T19:30:00+08:00
09afff18-98c1-455f-95eb-0ccb9ecd14fc,M-1734,SESS-20260714-3160-0168,RENTAL_ACCRUAL,11,774,2026-07-14T19:30:00+08:00
dd2d7484-72f5-4e1b-9ea8-1d557ca3f742,M-1043,SESS-20260714-2214-0169,RENTAL_ACCRUAL,18,607,2026-07-15T00:45:00+08:00
d813884a-509c-42fa-bd33-90d02d59f34b,M-1161,SESS-20260714-5869-0170,RENTAL_ACCRUAL,8,230,2026-07-14T10:15:00+08:00
3245fe6b-b5d6-4969-a5cd-bc74c93f92f5,M-1127,SESS-20260714-4839-0171,RENTAL_ACCRUAL,11,165,2026-07-15T01:30:00+08:00
db8c91fd-bd08-4677-902a-829732547512,M-1686,SESS-20260714-8938-0172,RENTAL_ACCRUAL,5,109,2026-07-15T00:10:00+08:00
edad372c-77a9-4519-b1ec-17d8c36b870b,M-1539,SESS-20260714-4849-0173,RENTAL_ACCRUAL,19,2747,2026-07-14T18:30:00+08:00
fdf8f7d9-3a51-4b7d-a1f5-45164a5f228b,M-1564,SESS-20260714-2984-0174,RENTAL_ACCRUAL,11,180,2026-07-15T00:45:00+08:00
cfe2a33d-6fe5-4cea-b6e9-f5a17daab7ed,M-1253,SESS-20260714-8450-0175,RENTAL_ACCRUAL,10,96,2026-07-14T21:35:00+08:00
a20d67ab-3721-4184-9825-1c9fcb5c0d95,M-2175,SESS-20260714-7063-0176,RENTAL_ACCRUAL,16,53,2026-07-15T01:45:00+08:00
a7e53c6c-2530-433e-b5e2-9c1879476066,M-1505,SESS-20260714-7066-0177,RENTAL_REDEMPTION,-200,68,2026-07-14T12:15:00+08:00
ad56e399-a981-422b-9a4c-0f5cdf5e2362,M-1505,SESS-20260714-7066-0177,RENTAL_ACCRUAL,28,96,2026-07-14T15:15:00+08:00
db9b75a7-7244-464a-941e-ba99eea66e06,M-1573,SESS-20260714-3925-0178,RENTAL_ACCRUAL,10,178,2026-07-15T00:45:00+08:00
6eb48dc6-9068-4472-aed3-24382c095c62,M-1967,SESS-20260714-6389-0179,RENTAL_ACCRUAL,15,85,2026-07-14T22:45:00+08:00
00171e3d-b594-4b12-a2e9-dfed9288062d,M-1544,SESS-20260714-8662-0180,RENTAL_ACCRUAL,11,223,2026-07-14T16:15:00+08:00
5d24e0d5-7e9f-415d-a4eb-71df2e989a18,M-1796,SESS-20260714-9750-0181,RENTAL_ACCRUAL,5,133,2026-07-14T17:55:00+08:00
b404d8f1-9c8d-4ac0-ae87-1a2ec37c8f5a,M-1468,SESS-20260714-2401-0182,RENTAL_ACCRUAL,9,505,2026-07-14T15:15:00+08:00
1899d6d6-32e6-4808-a1f1-4b7897cd0a8a,M-1742,SESS-20260714-9164-0183,RENTAL_ACCRUAL,24,271,2026-07-15T00:15:00+08:00
2f05e6dc-0ef4-44fd-b5b3-b6d029668b57,M-1247,SESS-20260714-8860-0184,RENTAL_ACCRUAL,12,2473,2026-07-15T00:15:00+08:00
0a107e37-823c-4bae-a7c1-26778b15ca6d,M-1297,SESS-20260714-8545-0185,RENTAL_REDEMPTION,-100,132,2026-07-14T01:45:00+08:00
1d4f611e-0788-43f1-9bc9-a79f075bdba9,M-1297,SESS-20260714-8545-0185,RENTAL_ACCRUAL,21,153,2026-07-14T06:45:00+08:00
9f9375df-d4a9-4a17-a562-ca6abfa11bc4,M-2088,SESS-20260714-2643-0186,RENTAL_ACCRUAL,16,50,2026-07-15T00:35:00+08:00
03916a58-b1e9-4747-9baa-3dba129b2569,M-1119,SESS-20260714-8060-0187,RENTAL_ACCRUAL,15,127,2026-07-15T01:15:00+08:00
f415cff0-fc54-4aa9-b524-def34b567871,M-1137,SESS-20260714-5435-0188,RENTAL_ACCRUAL,16,234,2026-07-14T17:15:00+08:00
fed6b54f-0429-435f-be01-ed4989bb61de,M-1518,SESS-20260714-5364-0189,RENTAL_ACCRUAL,18,280,2026-07-14T16:00:00+08:00
8513827e-fe2a-4b32-89ec-a50b5e4f34b2,M-1004,SESS-20260714-4790-0190,RENTAL_ACCRUAL,16,279,2026-07-15T02:45:00+08:00
0808d9ce-dc13-4f82-a47d-f01e9b52966a,M-1870,SESS-20260714-8881-0191,RENTAL_ACCRUAL,16,389,2026-07-15T00:40:00+08:00
5e3fdd94-8690-4aab-8dab-a246e15ab34b,M-1418,SESS-20260714-6216-0192,RENTAL_ACCRUAL,5,138,2026-07-14T20:05:00+08:00
3036d264-b8bb-40a3-8f2d-22f8537341d2,M-1535,SESS-20260714-3673-0193,RENTAL_ACCRUAL,27,141,2026-07-15T01:45:00+08:00
51c92d94-624a-43d4-9ba9-42d9495538da,M-1560,SESS-20260714-8549-0194,RENTAL_ACCRUAL,16,151,2026-07-14T22:00:00+08:00
d86d1299-8add-43f8-837a-bbd79e84c6e4,M-1167,SESS-20260714-2653-0195,RENTAL_ACCRUAL,6,544,2026-07-15T00:45:00+08:00
fa2a3d8d-d538-4ae3-87aa-c1093108e5e7,M-1684,SESS-20260714-9502-0196,RENTAL_ACCRUAL,67,195,2026-07-15T03:15:00+08:00
fce7ccbf-67e9-4725-b328-153af295baa0,M-1379,SESS-20260714-6106-0197,RENTAL_ACCRUAL,10,160,2026-07-14T20:45:00+08:00
3d8d7266-336c-4032-aa7d-6914e9016a8d,M-1131,SESS-20260714-7725-0198,RENTAL_ACCRUAL,16,265,2026-07-15T01:55:00+08:00
881380ca-33c2-4783-a986-0c633b99c0ad,M-1002,SESS-20260714-4936-0199,RENTAL_ACCRUAL,5,173,2026-07-14T23:30:00+08:00
76f9b7cc-a9e2-4017-a518-cc4fa664d9b9,M-1377,SESS-20260714-6628-0200,RENTAL_ACCRUAL,5,403,2026-07-14T23:55:00+08:00
61174ac1-ab0a-4dd8-acfe-35ba5861c1f1,M-1431,SESS-20260714-5461-0201,RENTAL_ACCRUAL,28,284,2026-07-14T22:20:00+08:00
ae79d0ab-78fb-4eb1-956c-ee2e4c39e5ea,M-1678,SESS-20260714-7046-0202,RENTAL_ACCRUAL,11,336,2026-07-14T20:45:00+08:00
b92b29a1-6d9b-4b83-b8f1-4b8bc60dd7ff,M-1771,SESS-20260714-1969-0203,RENTAL_ACCRUAL,25,118,2026-07-15T00:00:00+08:00
274d35c3-d386-466c-aaa8-7802be924e64,M-1303,SESS-20260714-6017-0204,RENTAL_ACCRUAL,76,2467,2026-07-15T04:50:00+08:00
d567c70a-a944-460e-8bc8-19acbdb6f943,M-1711,SESS-20260714-9531-0205,RENTAL_ACCRUAL,11,342,2026-07-14T17:20:00+08:00
6c0476f7-3df6-4baa-bce9-24fb789a47aa,M-1762,SESS-20260714-8615-0206,RENTAL_ACCRUAL,24,216,2026-07-14T21:00:00+08:00
0c9fa996-df02-4108-91c5-6e6904f8a075,M-1089,SESS-20260714-5776-0207,RENTAL_ACCRUAL,8,44,2026-07-14T16:30:00+08:00
94c8e113-61b2-46a1-960f-601a320a2e39,M-1680,SESS-20260714-2848-0208,RENTAL_ACCRUAL,45,199,2026-07-15T03:30:00+08:00
07d521e5-649c-4071-82ed-8ef60766d699,M-1724,SESS-20260714-1942-0209,RENTAL_ACCRUAL,5,146,2026-07-14T19:45:00+08:00
431b398d-67f8-44af-8362-b51f5c99b161,M-1239,SESS-20260714-2767-0210,RENTAL_REDEMPTION,-200,115,2026-07-14T18:15:00+08:00
81836385-abc6-4d08-9e18-07818d996dd0,M-1239,SESS-20260714-2767-0210,RENTAL_ACCRUAL,4,119,2026-07-14T21:15:00+08:00
a5093408-6ba1-459f-8011-92ba0af4a9b9,M-1372,SESS-20260714-1195-0211,RENTAL_ACCRUAL,25,202,2026-07-15T00:00:00+08:00
d8f2bb9b-db94-4be2-8e5e-52894d52c18c,M-1585,SESS-20260714-1383-0212,RENTAL_ACCRUAL,11,534,2026-07-14T12:00:00+08:00
e941871f-82ed-4182-8797-d4e0a25038a9,M-1342,SESS-20260714-1484-0213,RENTAL_ACCRUAL,12,99,2026-07-14T22:00:00+08:00
f4b92ad6-a9f7-416e-99a8-eccf702e0ceb,M-2063,SESS-20260714-5472-0214,RENTAL_ACCRUAL,5,99,2026-07-14T16:00:00+08:00
d08c2e21-1817-4016-818c-3b7ddb02ca50,M-1651,SESS-20260714-1043-0215,RENTAL_ACCRUAL,15,206,2026-07-15T00:30:00+08:00
ed888233-f63b-435b-93d3-ed1da4ff9362,M-1677,SESS-20260714-4845-0216,RENTAL_ACCRUAL,18,48,2026-07-14T23:10:00+08:00
5d192d77-6da7-424f-9db3-6d28d88ad431,M-1294,SESS-20260714-6444-0217,RENTAL_REDEMPTION,-100,227,2026-07-14T20:45:00+08:00
1757ba56-b24d-410c-a18e-b9d57e7afd51,M-1294,SESS-20260714-6444-0217,RENTAL_ACCRUAL,38,265,2026-07-15T01:45:00+08:00
a9f32376-2a0f-46e7-93cf-09fc49ae063e,M-1092,SESS-20260714-9340-0218,RENTAL_ACCRUAL,5,202,2026-07-14T13:25:00+08:00
2743e5c8-9b88-4a87-8ad4-aaeedafba3d8,M-1165,SESS-20260714-9374-0219,RENTAL_ACCRUAL,16,147,2026-07-14T23:00:00+08:00
dbf6a6fa-91bd-4722-81b8-a09ba7b2ed07,M-1569,SESS-20260714-7050-0220,RENTAL_ACCRUAL,11,250,2026-07-14T16:30:00+08:00
9148352f-d37f-40ad-af5d-45f2e9aeb646,M-1286,SESS-20260714-6368-0221,RENTAL_ACCRUAL,15,197,2026-07-15T01:25:00+08:00
0d5b92cf-533c-4571-8add-afc79f3c4c27,M-1470,SESS-20260714-3039-0222,RENTAL_ACCRUAL,11,231,2026-07-14T21:00:00+08:00
099b337f-fcc2-4208-b108-2686788af38b,M-1275,SESS-20260714-3434-0223,RENTAL_ACCRUAL,13,267,2026-07-14T23:30:00+08:00
2c4b2f12-d7cc-465e-8017-276cbbca55fb,M-1596,SESS-20260714-2574-0224,RENTAL_ACCRUAL,28,429,2026-07-15T01:50:00+08:00
34071756-8fea-4f70-897c-4b4a61ae2afd,M-2035,SESS-20260714-5554-0225,RENTAL_ACCRUAL,10,100,2026-07-14T23:05:00+08:00
c32cbee6-155c-49cb-abbb-66054f731b98,M-1401,SESS-20260714-9280-0226,RENTAL_ACCRUAL,40,172,2026-07-15T03:00:00+08:00
1bbf79e9-e02a-4000-80f4-312efb70e11f,M-1401,TIER_UPGRADE_Standard_TO_Silver,TIER_BONUS,50,222,2026-07-15T03:00:00+08:00
75187481-953b-4228-af4e-c12b69bf5545,M-1220,SESS-20260714-3285-0227,RENTAL_ACCRUAL,14,1673,2026-07-14T15:00:00+08:00
cd55f989-bef6-4840-bdc8-58c5c73f9fb9,M-1116,SESS-20260714-8325-0228,RENTAL_REDEMPTION,-100,54,2026-07-14T21:55:00+08:00
71233edb-9777-41c6-97a1-70aa275b4eca,M-1116,SESS-20260714-8325-0228,RENTAL_ACCRUAL,10,64,2026-07-15T00:55:00+08:00
22adc301-2d8b-4287-bdf9-de06d9bd13df,M-2044,SESS-20260714-5749-0229,RENTAL_REDEMPTION,-100,54,2026-07-14T19:45:00+08:00
a59f4ee4-25e4-493b-84a3-fa0fbda5d5b5,M-2044,SESS-20260714-5749-0229,RENTAL_ACCRUAL,5,59,2026-07-14T21:45:00+08:00
38bbd79b-91fb-4f1c-95b7-1aa727b6ec72,M-1273,SESS-20260714-3813-0230,RENTAL_ACCRUAL,11,807,2026-07-14T18:30:00+08:00
013ab076-1d26-47e9-8e99-66156076a388,M-1455,SESS-20260714-6346-0231,RENTAL_ACCRUAL,9,330,2026-07-14T07:35:00+08:00
3aaa8b1a-370c-4f67-bad8-d5a0d65f7697,M-1660,SESS-20260714-5103-0232,RENTAL_REDEMPTION,-100,78,2026-07-14T18:00:00+08:00
49c4e168-d198-4c0b-a41b-a3b6135d2d75,M-1049,SESS-20260714-7091-0233,RENTAL_ACCRUAL,18,258,2026-07-14T16:00:00+08:00
daa0c25c-e443-4d52-b4de-fbbeed6467c5,M-1636,SESS-20260714-3662-0234,RENTAL_ACCRUAL,6,1600,2026-07-14T20:30:00+08:00
980a699d-b0c3-4e15-ae3e-e1817b030d96,M-1183,SESS-20260714-2690-0235,RENTAL_REDEMPTION,-100,5,2026-07-14T20:35:00+08:00
ac4838d8-4bac-4ee0-a72d-2a1491ac6a0b,M-1183,SESS-20260714-2690-0235,RENTAL_ACCRUAL,19,24,2026-07-14T22:35:00+08:00
6bdc71e6-dc89-4099-8136-cb2819b10308,M-1554,SESS-20260714-5060-0236,RENTAL_ACCRUAL,11,805,2026-07-14T23:15:00+08:00
68b9df0d-4fe2-4776-bdae-b26fe3ab206a,M-1614,SESS-20260714-4922-0237,RENTAL_REDEMPTION,-100,46,2026-07-14T21:50:00+08:00
711db705-6fd2-4dc0-8683-7651f841bb15,M-1614,SESS-20260714-4922-0237,RENTAL_ACCRUAL,10,56,2026-07-15T00:50:00+08:00
50598264-23de-437f-a3c0-d9b144d94371,M-1238,SESS-20260714-5237-0238,RENTAL_ACCRUAL,27,130,2026-07-14T23:25:00+08:00
74b4f349-338d-416e-978b-bf1080147490,M-1082,SESS-20260714-4711-0239,RENTAL_ACCRUAL,10,156,2026-07-14T22:50:00+08:00
f637efaa-d86e-41f0-92ea-f971ea38abe7,M-1225,SESS-20260714-1286-0240,RENTAL_ACCRUAL,24,273,2026-07-15T02:05:00+08:00
6d009ee5-eaad-486e-b161-4282702720ca,M-2119,SESS-20260714-5566-0241,RENTAL_ACCRUAL,5,86,2026-07-14T16:00:00+08:00
4a5c3c92-eb91-4078-9544-b19babb46350,M-1450,SESS-20260714-2120-0242,RENTAL_REDEMPTION,-100,88,2026-07-14T20:00:00+08:00
154d29ea-fd87-4dc6-b9ec-ebc3bc6b6b63,M-1450,SESS-20260714-2120-0242,RENTAL_ACCRUAL,5,93,2026-07-14T22:00:00+08:00
5bba981d-d21a-480f-a4d3-af83e1271f3d,M-1371,SESS-20260714-2896-0243,RENTAL_ACCRUAL,5,335,2026-07-14T22:30:00+08:00
ba2330d8-a530-433e-9079-9fd300e55118,M-1307,SESS-20260714-7808-0244,RENTAL_REDEMPTION,-200,95,2026-07-14T19:55:00+08:00
171cb3cc-203f-4795-a759-9724552c5155,M-1307,SESS-20260714-7808-0244,RENTAL_ACCRUAL,14,109,2026-07-14T22:55:00+08:00
917f2cd7-740e-4e09-b5d5-7545d77ec958,M-1025,SESS-20260714-2853-0245,RENTAL_REDEMPTION,-100,59,2026-07-14T20:00:00+08:00
b49877ba-ddb1-482c-b1c0-8d233b9f4365,M-1025,SESS-20260714-2853-0245,RENTAL_ACCRUAL,5,64,2026-07-14T22:00:00+08:00
0f0c2a7f-3a36-4e9c-8ad3-130012444b4a,M-1551,SESS-20260714-4951-0246,RENTAL_ACCRUAL,28,92,2026-07-15T01:00:00+08:00
7da251f2-c0a0-44ba-9a8a-0265d04e3046,M-1211,SESS-20260714-6478-0247,RENTAL_REDEMPTION,-100,30,2026-07-14T21:05:00+08:00
c287b284-608a-4aef-a3c8-2a8078b33c81,M-1211,SESS-20260714-6478-0247,RENTAL_ACCRUAL,34,64,2026-07-15T00:05:00+08:00
577cacd1-e8b2-4ed8-bfd2-47a613ddc7d4,M-1236,SESS-20260714-2020-0248,RENTAL_ACCRUAL,5,316,2026-07-15T00:45:00+08:00
6101a193-a956-4dd8-bd45-279939d45adf,M-1701,SESS-20260714-8942-0249,RENTAL_REDEMPTION,-100,99,2026-07-14T17:15:00+08:00
abed99a7-2b37-45a9-8b7e-bb0d758d34ec,M-1701,SESS-20260714-8942-0249,RENTAL_ACCRUAL,7,106,2026-07-14T18:15:00+08:00
cc3b647c-b1eb-4726-a579-404f3650059e,M-1701,TIER_UPGRADE_Standard_TO_Silver,TIER_BONUS,50,156,2026-07-14T18:15:00+08:00
1e474504-9795-49ec-9d75-cc147f565541,M-1087,SESS-20260714-4465-0250,RENTAL_ACCRUAL,76,710,2026-07-15T04:30:00+08:00
5c909501-686c-4848-8de1-9a2a3a551ec7,M-1429,SESS-20260714-6918-0251,RENTAL_REDEMPTION,-100,256,2026-07-14T21:00:00+08:00
a9195f67-05bb-423c-b249-e046407a27ad,M-1429,SESS-20260714-6918-0251,RENTAL_ACCRUAL,5,261,2026-07-14T23:00:00+08:00
8e4d2ac6-a239-4716-beda-5ed701cf7cdc,M-1438,SESS-20260714-2761-0252,RENTAL_ACCRUAL,18,2680,2026-07-15T01:00:00+08:00
65026510-df30-4f44-b321-42c5d1fc837c,M-1759,SESS-20260714-6882-0253,RENTAL_ACCRUAL,27,144,2026-07-15T01:15:00+08:00
b02f008a-e203-43a1-af44-e1fe1cc8642b,M-1217,SESS-20260714-2838-0254,RENTAL_ACCRUAL,10,256,2026-07-14T08:55:00+08:00
0b71eb19-fab0-4ff0-9051-8404cd6ddbff,M-1822,SESS-20260714-9622-0255,RENTAL_ACCRUAL,45,118,2026-07-14T15:45:00+08:00
8ddb782b-88d5-4b70-b702-86e89880fb79,M-1226,SESS-20260714-9562-0256,RENTAL_ACCRUAL,28,1005,2026-07-15T02:00:00+08:00
a4a7afe1-475e-4df6-a048-94606b1677a7,M-1971,SESS-20260714-5014-0257,RENTAL_ACCRUAL,25,132,2026-07-15T04:45:00+08:00
a2ea7f9b-859a-474d-8efd-347e8ffaf53a,M-1256,SESS-20260714-1025-0258,RENTAL_ACCRUAL,15,82,2026-07-15T02:15:00+08:00
f471a53b-9c69-4a53-9375-a2995ce0d637,M-1693,SESS-20260714-4264-0259,RENTAL_ACCRUAL,13,78,2026-07-15T00:35:00+08:00
0813c681-63b6-48ab-bb47-4203528ad105,M-2167,SESS-20260714-1379-0260,RENTAL_ACCRUAL,10,35,2026-07-14T21:45:00+08:00
7968959f-421e-4cd4-a499-89658efadd4b,M-1451,SESS-20260714-9058-0261,RENTAL_ACCRUAL,45,320,2026-07-14T13:30:00+08:00
affb20c9-5eb9-4f6c-b360-283853985fc3,M-1599,SESS-20260714-6035-0262,RENTAL_ACCRUAL,96,165,2026-07-15T07:25:00+08:00
a48b6977-e0ac-481d-bacf-8f85224a9289,M-1266,SESS-20260714-6813-0263,RENTAL_ACCRUAL,10,280,2026-07-15T01:00:00+08:00
c0c6ffb5-c53f-43a6-8fc3-c6f63b61f0a3,M-1266,TIER_UPGRADE_Standard_TO_Silver,TIER_BONUS,50,330,2026-07-15T01:00:00+08:00
b4534ade-2c16-4ab5-99a5-d783334410a4,M-1819,SESS-20260714-7586-0264,RENTAL_REDEMPTION,-100,120,2026-07-14T22:15:00+08:00
46ae69db-77e4-4af1-b44a-f221d4dae1bd,M-1819,SESS-20260714-7586-0264,RENTAL_ACCRUAL,10,130,2026-07-15T01:15:00+08:00
6d1e2700-611d-4319-b83f-56580c0ada9c,M-1404,SESS-20260714-3033-0265,RENTAL_ACCRUAL,40,130,2026-07-15T04:10:00+08:00
5cb16741-5dcb-42b1-a5f0-4909c09feced,M-1287,SESS-20260714-6135-0266,RENTAL_ACCRUAL,25,209,2026-07-15T04:15:00+08:00
14a7f2ea-0eb0-49b9-8796-3703c7f65bc3,M-1287,TIER_UPGRADE_Standard_TO_Silver,TIER_BONUS,50,259,2026-07-15T04:15:00+08:00
8c563911-6b3e-4ce9-93d2-4634cd3e28c9,M-1191,SESS-20260714-9994-0267,RENTAL_ACCRUAL,10,201,2026-07-14T22:00:00+08:00
a689b4bf-47ec-4423-82c0-9d171f3ddb49,M-1279,SESS-20260714-6656-0268,RENTAL_ACCRUAL,8,82,2026-07-14T19:35:00+08:00
a9f5d2ca-cf42-4ec2-aeec-260b4a5f3921,M-1104,SESS-20260714-7540-0269,RENTAL_ACCRUAL,16,180,2026-07-15T02:30:00+08:00
5fd7b7f5-8774-4edf-ac2d-3c02348f8ad8,M-1110,SESS-20260714-6086-0270,RENTAL_ACCRUAL,40,357,2026-07-14T18:30:00+08:00
109e885c-94d3-49a8-a12f-4553348a7acf,M-1767,SESS-20260714-5122-0271,RENTAL_ACCRUAL,9,232,2026-07-14T20:30:00+08:00
ed7062e0-cbfe-492d-b68c-a462b7b43f4c,M-1299,SESS-20260714-6512-0272,RENTAL_ACCRUAL,18,323,2026-07-15T00:45:00+08:00
9a37376b-926c-4f6d-9945-6d642a6b535d,M-1343,SESS-20260714-9210-0273,RENTAL_ACCRUAL,40,208,2026-07-15T00:50:00+08:00
9a3b5684-a32b-473b-9fa9-b4d9fc8b8fb0,M-1208,SESS-20260714-3594-0274,RENTAL_ACCRUAL,12,3077,2026-07-14T22:00:00+08:00
b0cf5ea2-e28d-4f27-9efe-3fdcb7660ed7,M-1098,SESS-20260714-8570-0275,RENTAL_REDEMPTION,-100,554,2026-07-14T22:45:00+08:00
cf67d6ef-24c4-4443-bfef-b05009dab1c6,M-1098,SESS-20260714-8570-0275,RENTAL_ACCRUAL,2,556,2026-07-14T23:45:00+08:00
8585f88b-73d2-4222-832b-1d5405264f8b,M-1545,SESS-20260714-7845-0276,RENTAL_REDEMPTION,-100,33,2026-07-14T23:05:00+08:00
a28b4b8b-4b99-49c4-b890-598481ece785,M-1545,SESS-20260714-7845-0276,RENTAL_ACCRUAL,35,68,2026-07-15T07:05:00+08:00
508f9691-c66a-487f-8684-1871360f2be0,M-1630,SESS-20260714-2447-0277,RENTAL_REDEMPTION,-200,412,2026-07-14T21:30:00+08:00
e1be05a4-1ab1-4eec-95a0-deac0c88050c,M-1630,SESS-20260714-2447-0277,RENTAL_ACCRUAL,3,415,2026-07-15T00:30:00+08:00
24716de0-2386-4a4d-9011-2ea8d81eca97,M-1215,SESS-20260714-2079-0278,RENTAL_ACCRUAL,67,127,2026-07-14T23:35:00+08:00
0fbd84de-c04c-45d3-81b9-a862b1b13cfe,M-1862,SESS-20260714-2734-0279,RENTAL_ACCRUAL,10,48,2026-07-14T23:15:00+08:00
074de22f-ec1f-4893-90f3-c30394052b43,M-1769,SESS-20260714-4988-0280,RENTAL_REDEMPTION,-200,133,2026-07-14T09:15:00+08:00
4d150834-c334-41a6-a741-0a3472e1bf31,M-1769,SESS-20260714-4988-0280,RENTAL_ACCRUAL,4,137,2026-07-14T12:15:00+08:00
7e61a6c9-3dfc-4052-8f02-76bee7793a76,M-1709,SESS-20260714-2188-0281,RENTAL_ACCRUAL,16,240,2026-07-14T18:15:00+08:00
18d06bc6-0c09-448d-bdef-402ef2200191,M-1728,SESS-20260714-1537-0282,RENTAL_ACCRUAL,11,274,2026-07-15T01:40:00+08:00
82979e78-0cf5-4af8-9ba8-126353ddb445,M-1733,SESS-20260714-3203-0283,RENTAL_REDEMPTION,-100,98,2026-07-14T23:50:00+08:00
64060b17-c9c6-47d3-987e-028b1b660747,M-1733,SESS-20260714-3203-0283,RENTAL_ACCRUAL,5,103,2026-07-15T01:50:00+08:00
bec9b0e4-1ea4-4810-b786-5440c60a1e57,M-1022,SESS-20260714-5886-0284,RENTAL_ACCRUAL,11,180,2026-07-15T01:30:00+08:00
8b08679e-7bdd-4644-9428-b0bd51aeaeca,M-1585,SESS-20260714-7336-0285,RENTAL_ACCRUAL,11,545,2026-07-14T23:45:00+08:00
6e6dd952-eb63-4ca3-a050-af64087ff6f4,M-1424,SESS-20260714-3589-0286,RENTAL_ACCRUAL,16,124,2026-07-14T23:00:00+08:00
54a1ff4d-0ac2-4087-b51d-2c2ce76824c2,M-1440,SESS-20260714-9841-0287,RENTAL_ACCRUAL,10,101,2026-07-15T00:40:00+08:00
dd47690e-a10a-4fb2-9712-128e1d3ea99d,M-2100,SESS-20260714-2286-0288,RENTAL_ACCRUAL,24,196,2026-07-15T01:40:00+08:00
3c4fd9f6-d5a9-46ae-a2c2-a5002e3c7dd7,M-2064,SESS-20260714-4947-0289,RENTAL_ACCRUAL,10,26,2026-07-15T01:30:00+08:00
56ad4c19-0ada-456a-a6d3-ecec0f810dc8,M-1690,SESS-20260714-6537-0290,RENTAL_REDEMPTION,-100,67,2026-07-14T20:55:00+08:00
b44cb9f4-74a2-4998-864b-c1a12d7e2377,M-1690,SESS-20260714-6537-0290,RENTAL_ACCRUAL,38,105,2026-07-15T01:55:00+08:00
bb041f17-107d-46d6-a90e-2510d59daaf3,M-1105,SESS-20260714-7972-0291,RENTAL_ACCRUAL,13,337,2026-07-14T22:45:00+08:00
d13d353e-73a7-4907-91cb-5fd06c2dd53c,M-1077,SESS-20260714-2191-0292,RENTAL_ACCRUAL,40,249,2026-07-15T07:55:00+08:00
dbc5e7b8-243d-45ae-baec-1d6986e62ab5,M-1650,SESS-20260714-8962-0293,RENTAL_REDEMPTION,-200,22,2026-07-14T23:05:00+08:00
0baf96b1-afac-49c2-b6c2-cd93dfaf4129,M-1650,SESS-20260714-8962-0293,RENTAL_ACCRUAL,5,27,2026-07-15T01:05:00+08:00
3e499852-a22d-437f-a851-727fc468dd5c,M-1330,SESS-20260714-2142-0294,RENTAL_ACCRUAL,19,3274,2026-07-14T21:00:00+08:00
2524efc4-9ac3-4542-9012-5075af500de7,M-1464,SESS-20260714-5245-0295,RENTAL_ACCRUAL,8,74,2026-07-14T22:30:00+08:00
90899f61-2c8c-4397-ba7d-6d5572ef5144,M-1478,SESS-20260714-2893-0296,RENTAL_ACCRUAL,16,331,2026-07-14T23:40:00+08:00
9598e247-2326-4da7-b4aa-3a845bfc4e05,M-2113,SESS-20260714-7551-0297,RENTAL_ACCRUAL,40,115,2026-07-15T02:15:00+08:00
987fc393-3a21-464b-a8c7-cb1f2bca7a5e,M-1393,SESS-20260714-7319-0298,RENTAL_ACCRUAL,36,80,2026-07-14T21:30:00+08:00
0433c81a-adda-4be9-a137-9ffab6dbdf11,M-1393,TIER_UPGRADE_Standard_TO_Silver,TIER_BONUS,50,130,2026-07-14T21:30:00+08:00
ebbb7eab-6c26-49df-b12c-ca1051c45f98,M-1412,SESS-20260714-2467-0299,RENTAL_ACCRUAL,5,180,2026-07-15T00:15:00+08:00
a5564efe-839a-4a8d-8036-da9ef6d7c2e6,M-1505,SESS-20260714-7294-0300,RENTAL_ACCRUAL,28,124,2026-07-14T21:50:00+08:00
243c3b8f-d340-4ac7-8dcc-b8caa5d9c968,M-1038,SESS-20260714-3822-0301,RENTAL_ACCRUAL,40,206,2026-07-15T02:45:00+08:00
04a88d13-0156-4565-9106-6fff538c7881,M-1712,SESS-20260714-4504-0302,RENTAL_ACCRUAL,5,210,2026-07-14T23:15:00+08:00
60f1e51b-98ea-4bb9-ad66-5f3ef7868258,M-1697,SESS-20260714-8122-0303,RENTAL_ACCRUAL,5,316,2026-07-14T17:35:00+08:00
64cdee72-1ff5-4c74-9df9-113fa9c9dc37,M-1480,SESS-20260714-8295-0304,RENTAL_ACCRUAL,10,282,2026-07-14T22:45:00+08:00
75793439-7f56-4519-8e05-af2c76aebe83,M-1426,SESS-20260714-9341-0305,RENTAL_ACCRUAL,18,929,2026-07-14T18:45:00+08:00
a7598f05-426a-4e1b-9670-a0a7b3cde3da,M-1089,SESS-20260714-8378-0306,RENTAL_ACCRUAL,12,56,2026-07-14T20:45:00+08:00
20297b58-4a74-41a0-8730-5f033c6e2d55,M-1234,SESS-20260714-4557-0307,RENTAL_ACCRUAL,18,350,2026-07-14T18:30:00+08:00
3b6f1bf3-bdd0-4a9e-bf3a-d9d292c29c6c,M-1508,SESS-20260714-5243-0308,RENTAL_ACCRUAL,9,530,2026-07-14T23:10:00+08:00
fac8e443-0781-4b91-a1a1-b295b2854793,M-1692,SESS-20260714-6696-0309,RENTAL_ACCRUAL,48,2353,2026-07-15T03:35:00+08:00
821059f1-eb7e-460a-97d6-76272ba7ac93,M-1150,SESS-20260714-5233-0310,RENTAL_ACCRUAL,27,79,2026-07-14T20:15:00+08:00
9d53c3a1-3a1a-4a97-bf6f-9ad7a277d5e0,M-1204,SESS-20260714-5546-0311,RENTAL_ACCRUAL,5,199,2026-07-14T20:00:00+08:00
f9517132-8c87-4bec-9a45-29ede98d679f,M-1443,SESS-20260714-6698-0312,RENTAL_REDEMPTION,-100,86,2026-07-14T20:00:00+08:00
5fe3333d-1c31-4161-8489-761bbfb42a2f,M-1443,SESS-20260714-6698-0312,RENTAL_ACCRUAL,2,88,2026-07-14T21:00:00+08:00
2a70ded9-29fc-46cd-907e-d26b5cb6167a,M-1406,SESS-20260714-7587-0313,RENTAL_REDEMPTION,-200,516,2026-07-14T14:15:00+08:00
58d578c0-3e5d-402b-9c1a-83026a849d73,M-1406,SESS-20260714-7587-0313,RENTAL_ACCRUAL,32,548,2026-07-14T22:15:00+08:00
abafcb41-46c9-474c-b150-46a8210c58c9,M-1594,SESS-20260714-8848-0314,RENTAL_ACCRUAL,10,119,2026-07-14T22:00:00+08:00
6cbb8ff3-44a2-4c54-b8d7-ff31edf21a3f,M-1934,SESS-20260714-2383-0315,RENTAL_REDEMPTION,-100,18,2026-07-14T21:30:00+08:00
b4588183-d405-4b3f-ac37-71a4ea171345,M-1934,SESS-20260714-2383-0315,RENTAL_ACCRUAL,5,23,2026-07-14T23:30:00+08:00
8fdc2833-22ed-41e1-92e8-9ee64d29afe2,M-1490,SESS-20260714-9100-0316,RENTAL_REDEMPTION,-100,45,2026-07-14T19:50:00+08:00
ca22de85-36f8-4c9c-9cfa-b21383e261be,M-1490,SESS-20260714-9100-0316,RENTAL_ACCRUAL,11,56,2026-07-14T21:50:00+08:00
7ed6aa61-86f8-4024-bd9c-3f5b6eef44ab,M-2095,SESS-20260714-7272-0317,RENTAL_ACCRUAL,5,42,2026-07-14T23:15:00+08:00
d4ac4ba9-385c-4102-833c-d7ca92409dc9,M-1094,SESS-20260714-6236-0318,RENTAL_ACCRUAL,11,359,2026-07-15T00:20:00+08:00
eae59641-4a2d-4158-9cde-5fa5eee84190,M-1745,SESS-20260714-9856-0319,RENTAL_ACCRUAL,108,421,2026-07-15T07:05:00+08:00
32006e87-1872-4f35-8d5f-f923673d74d0,M-1895,SESS-20260714-9669-0320,RENTAL_ACCRUAL,15,184,2026-07-15T01:00:00+08:00
b94d647f-86cb-49a6-b3c0-ca8b5a27e569,M-1176,SESS-20260714-8128-0321,RENTAL_REDEMPTION,-100,81,2026-07-14T22:45:00+08:00
733f9279-2935-4617-a182-d0de1ba8bca8,M-1176,SESS-20260714-8128-0321,RENTAL_ACCRUAL,31,112,2026-07-15T01:45:00+08:00
742f4a2b-8257-41d0-b8a3-389e19b7fd5f,M-1176,TIER_UPGRADE_Standard_TO_Silver,TIER_BONUS,50,162,2026-07-15T01:45:00+08:00
71911a20-bd7f-4540-9a68-490902ab7111,M-1499,SESS-20260714-6656-0322,RENTAL_ACCRUAL,45,73,2026-07-15T04:20:00+08:00
29ca214f-41b4-4c6a-be96-99989b37f3ad,M-1509,SESS-20260714-6789-0323,RENTAL_ACCRUAL,45,448,2026-07-15T02:30:00+08:00
6cbf221b-d306-4104-8aa1-313ebdaca2c5,M-1027,SESS-20260714-6475-0324,RENTAL_ACCRUAL,27,199,2026-07-14T23:30:00+08:00
e13398a8-1da4-4a48-8f3a-e77c9cef709f,M-1399,SESS-20260714-6640-0325,RENTAL_REDEMPTION,-100,25,2026-07-14T23:15:00+08:00
6e1da761-8277-4972-9264-c675bae93545,M-1399,SESS-20260714-6640-0325,RENTAL_ACCRUAL,21,46,2026-07-15T04:15:00+08:00
b565fc04-1e4e-4d60-8208-9bcb49e5eb1f,M-2027,SESS-20260714-3568-0326,RENTAL_REDEMPTION,-100,59,2026-07-14T23:30:00+08:00
c4888220-e987-453a-860b-9d4dd113fb09,M-2027,SESS-20260714-3568-0326,RENTAL_ACCRUAL,19,78,2026-07-15T02:30:00+08:00
b4ee61c0-322d-4c6f-b1ef-118d102a2173,M-1603,SESS-20260714-7848-0327,RENTAL_ACCRUAL,11,653,2026-07-14T21:30:00+08:00
246431bf-b5d1-46f9-be67-ae3eec539f82,M-1729,SESS-20260714-9542-0328,RENTAL_ACCRUAL,72,262,2026-07-15T00:30:00+08:00
7c531ae8-3567-47ea-888b-afabc0f29b57,M-1447,SESS-20260714-3785-0329,RENTAL_ACCRUAL,18,207,2026-07-14T18:15:00+08:00
2c439246-a931-4883-aa42-f73bbf16d7a3,M-1069,SESS-20260714-6260-0330,RENTAL_ACCRUAL,40,304,2026-07-14T22:00:00+08:00
984df243-0615-4c8f-aafb-746b35147c0e,M-1197,SESS-20260714-4511-0331,RENTAL_ACCRUAL,16,59,2026-07-14T23:05:00+08:00
94a56d69-a1da-4804-b2d3-dd2eda1d0e7d,M-1199,SESS-20260714-5244-0332,RENTAL_ACCRUAL,11,251,2026-07-15T00:50:00+08:00
ceec76b4-ffcc-4bdf-ae22-1ca4e0787888,M-1613,SESS-20260714-9323-0333,RENTAL_ACCRUAL,18,297,2026-07-14T20:45:00+08:00
52f23eaf-4f9e-4a55-aa35-5c7a3565bb25,M-1358,SESS-20260714-7535-0334,RENTAL_REDEMPTION,-100,33,2026-07-14T20:05:00+08:00
8a6f5caf-2bb6-4559-92b5-27b8361f007c,M-1358,SESS-20260714-7535-0334,RENTAL_ACCRUAL,5,38,2026-07-14T22:05:00+08:00
75a8ea8e-efb6-449c-a498-e7ba43350544,M-1420,SESS-20260714-1904-0335,RENTAL_ACCRUAL,27,611,2026-07-15T00:00:00+08:00
82ca808b-fd7b-4509-83a8-605008e0b581,M-1552,SESS-20260714-8570-0336,RENTAL_REDEMPTION,-200,180,2026-07-14T16:30:00+08:00
83865440-d424-48dc-ad57-e74189da2e8c,M-1552,SESS-20260714-8570-0336,RENTAL_ACCRUAL,14,194,2026-07-14T19:30:00+08:00
c827ecf8-01ad-4615-90db-fd479b084ea7,M-1779,SESS-20260714-4762-0337,RENTAL_ACCRUAL,28,252,2026-07-15T02:20:00+08:00
3f97f563-28d4-40d1-90a3-2a30ba000509,M-1042,SESS-20260714-3798-0338,RENTAL_ACCRUAL,11,180,2026-07-15T00:05:00+08:00
86c22477-c99b-40b7-9783-b282eb8dbe9d,M-1476,SESS-20260714-3120-0339,RENTAL_REDEMPTION,-100,194,2026-07-14T23:20:00+08:00
6170e0e7-adac-4a6b-bf8e-c84aa35f1681,M-1476,SESS-20260714-3120-0339,RENTAL_ACCRUAL,2,196,2026-07-15T00:20:00+08:00
7b0e9795-6ece-401e-943d-a83d3f0984c0,M-1453,SESS-20260714-8796-0340,RENTAL_ACCRUAL,45,234,2026-07-15T06:15:00+08:00
81463a25-b0e7-4078-905a-824180e084f7,M-1435,SESS-20260714-1463-0341,RENTAL_ACCRUAL,25,150,2026-07-15T03:05:00+08:00
a845d5a9-7a40-49af-a0f4-f7e57c974246,M-1649,SESS-20260714-5080-0342,RENTAL_REDEMPTION,-100,76,2026-07-14T23:45:00+08:00
5f8927dd-0554-4a74-b177-4caab96bcc90,M-1649,SESS-20260714-5080-0342,RENTAL_ACCRUAL,34,110,2026-07-15T02:45:00+08:00
d67a3ce3-6078-4758-9e95-f0b8adcb0884,M-1740,SESS-20260714-1037-0343,RENTAL_ACCRUAL,28,1946,2026-07-14T20:20:00+08:00
7853ead2-9092-4572-8181-2755b3681eba,M-1520,SESS-20260714-4906-0344,RENTAL_ACCRUAL,18,834,2026-07-14T17:00:00+08:00
f837d36f-e05d-4750-8ab3-4a8313e9c1af,M-1354,SESS-20260714-9147-0345,RENTAL_ACCRUAL,11,294,2026-07-14T18:40:00+08:00
9343baa6-32c5-44e7-a7dd-2270f9b03e15,M-1783,SESS-20260714-5736-0346,RENTAL_ACCRUAL,15,235,2026-07-15T02:35:00+08:00
33fc6ab0-ffb7-4d75-bca0-3697f341fe4b,M-1588,SESS-20260714-5942-0347,RENTAL_REDEMPTION,-100,1318,2026-07-14T20:00:00+08:00
6dd76d55-37cf-4442-a0d8-ede4dedac6af,M-1588,SESS-20260714-5942-0347,RENTAL_ACCRUAL,10,1328,2026-07-14T23:00:00+08:00
ca3f8601-b014-403c-a1fd-3c9c9dee584f,M-1523,SESS-20260714-3625-0348,RENTAL_ACCRUAL,5,294,2026-07-14T23:10:00+08:00
6c063090-7e9b-4dcc-ad7a-c1277031c9c3,M-1133,SESS-20260714-6430-0349,RENTAL_ACCRUAL,48,148,2026-07-15T02:30:00+08:00
68c362a8-081b-4894-8b8f-365457d7e664,M-1047,SESS-20260714-9068-0350,RENTAL_ACCRUAL,36,83,2026-07-14T23:20:00+08:00
9bf23d3e-102b-4851-96ba-9aa67d1403cb,M-1246,SESS-20260714-3674-0351,RENTAL_ACCRUAL,11,511,2026-07-14T21:15:00+08:00
bb80138f-3d50-4fab-9915-4780148f2c7e,M-1190,SESS-20260714-5547-0352,RENTAL_ACCRUAL,28,311,2026-07-15T04:50:00+08:00
11a0ad90-fce6-4ce5-b798-a5c038a81d9e,M-1340,SESS-20260714-1948-0353,RENTAL_ACCRUAL,5,441,2026-07-14T17:30:00+08:00
9b8e3a00-540a-4360-9152-670b7563b7a4,M-1217,SESS-20260714-2476-0354,RENTAL_ACCRUAL,60,316,2026-07-15T01:35:00+08:00
34d8e9a8-3d1e-4c40-8e7a-22ecc768ee65,M-1217,TIER_UPGRADE_Standard_TO_Silver,TIER_BONUS,50,366,2026-07-15T01:35:00+08:00
738eb714-9c10-4b24-9c9b-e963aa15f937,M-1675,SESS-20260714-6035-0355,RENTAL_REDEMPTION,-100,1791,2026-07-14T23:25:00+08:00
9c42be6f-80fa-4fb8-9283-f1d6df64945c,M-1675,SESS-20260714-6035-0355,RENTAL_ACCRUAL,6,1797,2026-07-15T00:25:00+08:00
64082939-78df-4441-858e-fe67a53b33f9,M-1352,SESS-20260714-5985-0356,RENTAL_ACCRUAL,5,57,2026-07-14T23:30:00+08:00
ef33faea-e7f6-485b-ad72-55bd528aa419,M-1777,SESS-20260714-1308-0357,RENTAL_REDEMPTION,-100,219,2026-07-14T20:55:00+08:00
6902b95b-acef-4cda-ac7e-d44f9161d595,M-1777,SESS-20260714-1308-0357,RENTAL_ACCRUAL,6,225,2026-07-14T21:55:00+08:00
c016b7cf-79ac-4532-ae23-d63ca5b23d47,M-1381,SESS-20260714-1515-0358,RENTAL_ACCRUAL,45,206,2026-07-14T23:25:00+08:00
535ab2df-31e8-4106-97be-6dacf55045ad,M-1441,SESS-20260714-7670-0359,RENTAL_ACCRUAL,40,264,2026-07-15T00:30:00+08:00
2b49c8d1-2008-4a00-893c-9138bb2829b3,M-1595,SESS-20260714-5874-0360,RENTAL_ACCRUAL,67,219,2026-07-15T03:05:00+08:00
54c48f1a-628d-467f-861f-3db1305823f6,M-1155,SESS-20260714-8825-0361,RENTAL_ACCRUAL,16,652,2026-07-15T00:00:00+08:00
121b3ee1-8400-4912-8bfd-1249c7d879aa,M-1750,SESS-20260714-5059-0362,RENTAL_ACCRUAL,10,242,2026-07-14T21:45:00+08:00
9a25425d-0c0f-4c77-87db-3b29d591f6c9,M-1408,SESS-20260714-9751-0363,RENTAL_ACCRUAL,60,274,2026-07-15T03:45:00+08:00
ffabb996-481c-417f-96c0-96fd4929b4e9,M-1408,TIER_UPGRADE_Standard_TO_Silver,TIER_BONUS,50,324,2026-07-15T03:45:00+08:00
f5769bef-8be9-42ca-a3e5-1a47cf426275,M-1546,SESS-20260714-6989-0364,RENTAL_ACCRUAL,11,99,2026-07-15T00:30:00+08:00
dc843a11-effe-457f-bfa1-d24c5402c1b8,M-1842,SESS-20260714-3364-0365,RENTAL_REDEMPTION,-100,9,2026-07-14T19:15:00+08:00
e3625042-5dde-44a4-b087-fb3ac3f4eb07,M-1842,SESS-20260714-3364-0365,RENTAL_ACCRUAL,5,14,2026-07-14T21:15:00+08:00
7a2bbd65-8aaf-4940-b2b9-8e2857b51d67,M-1212,SESS-20260714-6444-0366,RENTAL_REDEMPTION,-100,176,2026-07-14T23:25:00+08:00
11908487-f3b5-4770-9e4c-894d6ca3f100,M-1212,SESS-20260714-6444-0366,RENTAL_ACCRUAL,2,178,2026-07-15T00:25:00+08:00
063298fe-004d-4160-813e-f39093ea220c,M-1578,SESS-20260714-5769-0367,RENTAL_REDEMPTION,-100,22,2026-07-14T16:10:00+08:00
aa554a03-3c3d-40cd-bea7-64270fc51af5,M-1578,SESS-20260714-5769-0367,RENTAL_ACCRUAL,10,32,2026-07-14T19:10:00+08:00
3a65c365-6b3c-46f4-9c95-adc0627d558c,M-1439,SESS-20260714-6683-0368,RENTAL_REDEMPTION,-200,0,2026-07-14T23:45:00+08:00
7643dc6a-e6d4-4c8b-b276-92926e6db7f1,M-1439,SESS-20260714-6683-0368,RENTAL_ACCRUAL,4,4,2026-07-15T02:45:00+08:00
dd4c7d37-a3e0-4ee2-b87b-437a00889968,M-1071,SESS-20260714-1655-0369,RENTAL_ACCRUAL,11,139,2026-07-14T19:45:00+08:00
5520c11f-eecf-4086-854c-4c313d2ae690,M-1109,SESS-20260714-3359-0370,RENTAL_REDEMPTION,-100,99,2026-07-14T20:30:00+08:00
7a394168-7fae-4d23-9e5b-ff5aabe10167,M-1109,SESS-20260714-3359-0370,RENTAL_ACCRUAL,20,119,2026-07-14T23:30:00+08:00
29f08337-e8e5-4013-889f-49cc124bcaed,M-1570,SESS-20260714-2269-0371,RENTAL_ACCRUAL,11,583,2026-07-15T01:50:00+08:00
b0d88ed7-371d-4a35-a544-c61d54e8f8fd,M-1626,SESS-20260714-6653-0372,RENTAL_ACCRUAL,16,80,2026-07-14T21:00:00+08:00
b68512d7-cf2c-41ff-9972-1d4374d6ea93,M-1078,SESS-20260714-8807-0373,RENTAL_ACCRUAL,11,945,2026-07-14T23:20:00+08:00
adc8fdbb-5edd-4d32-8e07-6cc1c9ea1a6c,M-1637,SESS-20260714-3038-0374,RENTAL_ACCRUAL,12,1310,2026-07-14T23:15:00+08:00
8f0e7c5f-ffb7-42d2-85b6-27ef50ce7042,M-1067,SESS-20260714-9156-0375,RENTAL_ACCRUAL,9,341,2026-07-15T00:30:00+08:00
ac2c2773-a281-4427-b980-d8864a621984,M-1332,SESS-20260714-1878-0376,RENTAL_ACCRUAL,16,146,2026-07-14T20:30:00+08:00
92df421a-32e3-4e9f-a5ef-85505b2a2b18,M-1276,SESS-20260714-4777-0377,RENTAL_ACCRUAL,11,539,2026-07-15T00:30:00+08:00
df576560-9fed-47a4-a722-d420eeeca26d,M-1015,SESS-20260714-6506-0378,RENTAL_ACCRUAL,10,248,2026-07-14T23:50:00+08:00
eb1caf1e-1ecc-49e9-98a9-428d099fba8c,M-1357,SESS-20260714-9765-0379,RENTAL_ACCRUAL,5,154,2026-07-15T00:25:00+08:00
9c393baf-1f21-493f-bff6-73fe76221874,M-1320,SESS-20260714-1651-0380,RENTAL_ACCRUAL,5,890,2026-07-14T18:10:00+08:00
112c4dc6-3843-460c-9ddd-90d7b91e0c87,M-1489,SESS-20260714-4339-0381,RENTAL_ACCRUAL,16,375,2026-07-15T02:25:00+08:00
53468deb-4391-440c-a8b2-b36c28b8a3a7,M-1815,SESS-20260714-4153-0382,RENTAL_ACCRUAL,16,106,2026-07-15T01:55:00+08:00
f45139fd-219d-42b1-be6b-7d9374e9894d,M-1361,SESS-20260714-3796-0383,RENTAL_ACCRUAL,11,84,2026-07-14T23:40:00+08:00
6d6b9dd7-66c3-4f5b-b3dd-74e71025f17d,M-1126,SESS-20260714-6311-0384,RENTAL_ACCRUAL,10,80,2026-07-14T23:30:00+08:00
cb144095-4fe4-4e8d-9ded-7006af838792,M-1207,SESS-20260714-8286-0385,RENTAL_ACCRUAL,28,360,2026-07-15T04:55:00+08:00
62cf788e-2498-4082-9b5d-f9672ee9ba3e,M-1417,SESS-20260714-8703-0386,RENTAL_ACCRUAL,60,172,2026-07-15T04:40:00+08:00
fd741a9b-ad4c-44bc-a6b1-3bb1a984c9c4,M-1417,TIER_UPGRADE_Standard_TO_Silver,TIER_BONUS,50,222,2026-07-15T04:40:00+08:00
6d7f2963-b8c1-401c-9e5f-0f81945033c4,M-1021,SESS-20260714-6374-0387,RENTAL_REDEMPTION,-100,711,2026-07-14T20:30:00+08:00
d824f9a3-a970-46de-b4ee-42d8cca80b31,M-1021,SESS-20260714-6374-0387,RENTAL_ACCRUAL,5,716,2026-07-14T22:30:00+08:00
17aa2adf-650a-4d6d-845c-ae0280aa455c,M-1139,SESS-20260714-2637-0388,RENTAL_ACCRUAL,27,206,2026-07-14T23:35:00+08:00
02a6a6bc-e451-402f-b042-9dd4e606e533,M-1606,SESS-20260714-4925-0389,RENTAL_ACCRUAL,5,610,2026-07-14T23:40:00+08:00
4baba5a7-f6d9-47c3-82b6-d9b2a6a0603b,M-1642,SESS-20260714-3275-0390,RENTAL_REDEMPTION,-100,62,2026-07-14T23:40:00+08:00
d506c388-f711-40a4-a7e9-7142846948a7,M-1642,SESS-20260714-3275-0390,RENTAL_ACCRUAL,38,100,2026-07-15T04:40:00+08:00
5ce159ec-f86c-4ef1-bf4e-ba6b1cc2a91f,M-1054,SESS-20260714-6108-0391,RENTAL_ACCRUAL,72,305,2026-07-14T15:45:00+08:00
fbda515f-ef56-408a-8af8-1de843385cf3,M-1333,SESS-20260714-5347-0392,RENTAL_REDEMPTION,-100,89,2026-07-14T23:15:00+08:00
fd16f3f3-17e4-444d-a0b1-75d12c207c60,M-1333,SESS-20260714-5347-0392,RENTAL_ACCRUAL,21,110,2026-07-15T04:15:00+08:00
4ab9ab90-fd00-4611-b5f2-c8576b1c3078,M-1735,SESS-20260714-4017-0393,RENTAL_ACCRUAL,67,278,2026-07-15T03:00:00+08:00
2c56f164-090b-4489-9007-ab76a0b86566,M-1520,SESS-20260714-3670-0394,RENTAL_ACCRUAL,43,877,2026-07-15T01:10:00+08:00
cb60f378-61dd-4390-843d-526451eec725,M-1452,SESS-20260714-4690-0395,RENTAL_ACCRUAL,15,113,2026-07-15T02:30:00+08:00
40cd4cb0-6a05-41ba-b2c4-4c9e0a25c490,M-1452,TIER_UPGRADE_Standard_TO_Silver,TIER_BONUS,50,163,2026-07-15T02:30:00+08:00
17a24ec4-f619-46bf-a8ab-ba7f9d8dcf26,M-1162,SESS-20260714-4587-0396,RENTAL_ACCRUAL,27,447,2026-07-14T18:55:00+08:00
1965a3d3-1edb-4d2f-b988-5ceb3732cfe5,M-1803,SESS-20260714-4986-0397,RENTAL_ACCRUAL,28,343,2026-07-15T03:00:00+08:00
35fe4d2a-6cf0-4913-81e1-dc78d27086d3,M-1120,SESS-20260714-1198-0398,RENTAL_REDEMPTION,-200,728,2026-07-14T23:55:00+08:00
8571294f-0373-48ef-a91c-ab10f43e33b6,M-1120,SESS-20260714-1198-0398,RENTAL_ACCRUAL,4,732,2026-07-15T02:55:00+08:00
7fa46471-ee6a-480b-b7bc-59b5da9fe318,M-1309,SESS-20260714-5872-0399,RENTAL_REDEMPTION,-200,42,2026-07-14T10:00:00+08:00
d9a29fbc-f564-4f96-b87b-1f9be3467d66,M-1678,SESS-20260714-8242-0400,RENTAL_ACCRUAL,11,347,2026-07-15T00:00:00+08:00
c61d6f54-b7b9-4aef-b914-6786df7104ec,M-1140,SESS-20260714-2762-0401,RENTAL_ACCRUAL,11,292,2026-07-14T23:15:00+08:00
e1eefb17-bb36-431b-a961-f83be804fbef,M-1295,SESS-20260714-2002-0402,RENTAL_ACCRUAL,10,67,2026-07-14T19:30:00+08:00
11a85827-97eb-4c2e-b62b-78e6c2f98365,M-1743,SESS-20260714-8762-0403,RENTAL_ACCRUAL,28,138,2026-07-15T04:40:00+08:00
4b0c6120-1858-4c99-869e-6b820076a458,M-1610,SESS-20260714-7273-0404,RENTAL_REDEMPTION,-100,300,2026-07-14T16:30:00+08:00
9070253a-b1b1-4151-9a5e-411ac525c6a4,M-1610,SESS-20260714-7273-0404,RENTAL_ACCRUAL,11,311,2026-07-14T18:30:00+08:00
1e62f509-51b8-49d2-9c17-74b31dde5608,M-1799,SESS-20260714-3746-0405,RENTAL_ACCRUAL,18,97,2026-07-15T00:00:00+08:00
32961dfe-93b8-4321-a8cf-33c53c5783d9,M-1704,SESS-20260714-2055-0406,RENTAL_REDEMPTION,-100,18,2026-07-14T23:30:00+08:00
3a17b2cc-a2fd-4b4e-9137-87828107cd0c,M-1704,SESS-20260714-2055-0406,RENTAL_ACCRUAL,35,53,2026-07-15T04:30:00+08:00
d644b1c2-7597-430b-9140-1d4801617e78,M-1839,SESS-20260714-1542-0407,RENTAL_ACCRUAL,16,230,2026-07-15T02:20:00+08:00
1134c20b-3d5b-44b3-972c-9e8bab3b18c0,M-1511,SESS-20260714-4814-0408,RENTAL_ACCRUAL,6,208,2026-07-14T19:25:00+08:00
51bc0516-1e5e-4620-9804-2049d494576d,M-1461,SESS-20260714-8667-0409,RENTAL_ACCRUAL,18,413,2026-07-14T23:15:00+08:00
02936860-f6bc-4d72-90da-07cfe3e5c3df,M-1244,SESS-20260714-7707-0410,RENTAL_ACCRUAL,28,79,2026-07-15T04:20:00+08:00
ce8de06c-c0db-4b37-b807-e18660ce1716,M-1691,SESS-20260714-6136-0411,RENTAL_ACCRUAL,25,236,2026-07-15T04:45:00+08:00
4fafb8a6-eef4-45a4-bbc1-4b3873d799f3,M-1584,SESS-20260714-7075-0412,RENTAL_REDEMPTION,-100,82,2026-07-14T22:05:00+08:00
27cc35fd-2ca7-4d6c-8339-5f28d527b4e0,M-1584,SESS-20260714-7075-0412,RENTAL_ACCRUAL,5,87,2026-07-15T00:05:00+08:00
c83a9bb5-0d78-4bfc-9860-5521630dc79a,M-1263,SESS-20260714-2505-0413,RENTAL_ACCRUAL,5,259,2026-07-14T14:00:00+08:00
92cd5f4c-3c8b-42f6-9765-60f4ba5ab270,M-1368,SESS-20260714-5803-0414,RENTAL_ACCRUAL,25,161,2026-07-14T19:10:00+08:00
35299bf9-5df6-4691-8bb3-ac72ccb741d4,M-1368,TIER_UPGRADE_Standard_TO_Silver,TIER_BONUS,50,211,2026-07-14T19:10:00+08:00
ce8ef16f-079b-4e96-9e27-b5b9b3d33bd0,M-1738,SESS-20260714-7043-0415,RENTAL_ACCRUAL,11,271,2026-07-14T21:20:00+08:00
94ae1591-931b-4068-a8a6-efb433c609b0,M-1185,SESS-20260714-4169-0416,RENTAL_ACCRUAL,10,201,2026-07-14T19:40:00+08:00
e8ff11a9-47fc-4849-98ee-262bf20dbc80,M-1373,SESS-20260714-5662-0417,RENTAL_ACCRUAL,28,312,2026-07-15T00:30:00+08:00
654c4b02-fec9-4798-9295-fab8f8d892f1,M-2079,SESS-20260714-4694-0418,RENTAL_ACCRUAL,10,275,2026-07-15T01:10:00+08:00
b9e40f2a-e0b4-468e-a47e-624327632a05,M-1930,SESS-20260714-7396-0419,RENTAL_ACCRUAL,16,132,2026-07-15T01:45:00+08:00
6e9f1511-d6cc-427a-b1a4-ccf4aa8128be,M-1774,SESS-20260714-6714-0420,RENTAL_ACCRUAL,5,253,2026-07-14T22:00:00+08:00
69d99188-6f0d-45ce-8cf1-f4cee379938b,M-1474,SESS-20260714-8131-0421,RENTAL_ACCRUAL,5,90,2026-07-14T22:35:00+08:00
dbd24479-6e26-4e70-9d7f-1b4795f89525,M-1589,SESS-20260714-8114-0422,RENTAL_ACCRUAL,10,81,2026-07-15T00:30:00+08:00
c7457246-d58b-4fde-aeef-b75a7e3c7ebb,M-1264,SESS-20260714-9284-0423,RENTAL_REDEMPTION,-100,416,2026-07-14T22:15:00+08:00
b1c56c3f-4db5-442e-b6ea-2f2b965b216e,M-1264,SESS-20260714-9284-0423,RENTAL_ACCRUAL,5,421,2026-07-15T00:15:00+08:00
9db2945a-7c85-4896-b318-5a836595c99d,M-1293,SESS-20260714-5892-0424,RENTAL_ACCRUAL,11,350,2026-07-15T01:30:00+08:00
9529b700-01a3-4b05-8f31-45e67b596828,M-1210,SESS-20260714-7100-0425,RENTAL_ACCRUAL,9,885,2026-07-14T19:45:00+08:00
3bd3e611-49d6-46f5-99fa-fb703ee1012c,M-1571,SESS-20260714-7759-0426,RENTAL_ACCRUAL,10,100,2026-07-14T21:50:00+08:00
a413f3a9-3157-46ca-8b58-a3c8b57ec9de,M-1113,SESS-20260714-1583-0427,RENTAL_ACCRUAL,16,235,2026-07-15T01:30:00+08:00
b3ec7da1-d194-49ed-9ccc-1c5baca38467,M-1132,SESS-20260714-5859-0428,RENTAL_REDEMPTION,-100,589,2026-07-14T23:20:00+08:00
791b911f-2d79-4122-bb2c-4e8310d3f9b4,M-1132,SESS-20260714-5859-0428,RENTAL_ACCRUAL,11,600,2026-07-15T01:20:00+08:00
7185c11a-8079-4e44-a00c-96b3b3ac9c1a,M-1403,SESS-20260714-9753-0429,RENTAL_ACCRUAL,12,2213,2026-07-14T23:20:00+08:00
dd6466d2-6d75-4c39-9a8a-b76c02158e04,M-1234,SESS-20260714-8681-0430,RENTAL_ACCRUAL,11,361,2026-07-15T00:50:00+08:00
1ab1d8dc-8675-4971-8ea9-397755f61b61,M-1471,SESS-20260714-6108-0431,RENTAL_ACCRUAL,40,102,2026-07-15T06:25:00+08:00
a404d8d2-b836-44be-90e6-e57b00504b8a,M-1295,SESS-20260714-7072-0432,RENTAL_ACCRUAL,15,82,2026-07-15T02:35:00+08:00
ff0b0a60-222b-478d-8d4c-d3271bbc6da5,M-1020,SESS-20260714-2819-0433,RENTAL_REDEMPTION,-100,11,2026-07-14T18:45:00+08:00
8d75af13-a5a9-4e68-ab6c-e3f185d9a6e3,M-1020,SESS-20260714-2819-0433,RENTAL_ACCRUAL,11,22,2026-07-14T20:45:00+08:00
9b054b8a-3cdc-4ba7-b4ef-cbe442d211bd,M-1773,SESS-20260714-1822-0434,RENTAL_ACCRUAL,45,201,2026-07-15T03:15:00+08:00
0d753af5-a609-4cbc-9147-e84c09fa2513,M-1773,TIER_UPGRADE_Silver_TO_Gold,TIER_BONUS,100,301,2026-07-15T03:15:00+08:00
742aa4ba-2d45-4786-99af-aed4b808eb43,M-1670,SESS-20260714-9064-0435,RENTAL_ACCRUAL,27,532,2026-07-14T22:55:00+08:00
79dca9c2-494d-42ba-a319-3ec8db55bff2,M-1494,SESS-20260714-6477-0436,RENTAL_ACCRUAL,45,136,2026-07-15T01:55:00+08:00
10262189-4c55-445b-93fe-9c6f7a0517e0,M-1331,SESS-20260714-8603-0437,RENTAL_ACCRUAL,16,87,2026-07-15T01:10:00+08:00
65c24b67-79bf-4089-84d4-ab61cd3d5ed3,M-1331,TIER_UPGRADE_Standard_TO_Silver,TIER_BONUS,50,137,2026-07-15T01:10:00+08:00
71924a90-7c6e-4128-a13c-e81e0c61f4f0,M-1288,SESS-20260714-4815-0438,RENTAL_ACCRUAL,18,938,2026-07-15T00:55:00+08:00
d4f5e10f-7f2a-4715-8968-bbb2fa0ac4b8,M-1829,ORD-20260715-2390-0001,CONCESSION_ACCRUAL,10,321,2026-07-15T00:17:03+08:00
7ad6a8ba-c3a4-4536-8c06-42e6d28bcf02,M-1357,ORD-20260714-6294-0002,CONCESSION_ACCRUAL,21,175,2026-07-14T14:03:07+08:00
e83ded0b-493a-4307-ad9d-b41d8372defe,M-1373,ORD-20260714-5118-0003,CONCESSION_ACCRUAL,8,320,2026-07-14T22:04:04+08:00
6c09e80e-9037-491d-9ba7-414477876e7b,M-1191,ORD-20260714-4544-0004,CONCESSION_ACCRUAL,12,213,2026-07-14T21:57:35+08:00
5cd11f0e-e55a-4813-9e44-7575179e4285,M-1713,ORD-20260714-8588-0005,CONCESSION_ACCRUAL,11,395,2026-07-14T20:13:02+08:00
2beddbf4-2f72-4a9f-82aa-d5437e967b7f,M-1630,ORD-20260714-9190-0006,CONCESSION_ACCRUAL,4,419,2026-07-14T21:43:45+08:00
8ab1c11e-17e9-4122-9a3e-153c7ca337bc,M-1796,ORD-20260714-8834-0007,CONCESSION_ACCRUAL,15,148,2026-07-14T17:42:42+08:00
846d082d-2e85-4060-9a9a-a2670eefa471,M-1626,ORD-20260714-3487-0008,CONCESSION_ACCRUAL,24,104,2026-07-14T19:08:08+08:00
776f0d01-eb9a-41bd-b481-ee6071ec3769,M-1753,ORD-20260714-7542-0009,CONCESSION_ACCRUAL,8,193,2026-07-14T23:26:22+08:00
1cdc5eff-3807-4c75-9cd7-741979f1f613,M-1518,ORD-20260714-2533-0010,CONCESSION_ACCRUAL,26,306,2026-07-14T14:25:37+08:00
7f5fb1d0-4c7e-46b2-a5f9-8fa88905f831,M-1539,ORD-20260714-3048-0011,CONCESSION_ACCRUAL,36,2783,2026-07-14T18:04:02+08:00
c3477811-1206-4953-bb59-adb14ccb086b,M-1087,ORD-20260714-3279-0012,CONCESSION_ACCRUAL,46,756,2026-07-14T23:35:41+08:00
5a6f073d-4a33-4eae-bc3e-54bea2511c32,M-1338,ORD-20260714-7738-0013,CONCESSION_ACCRUAL,9,313,2026-07-14T20:11:04+08:00
c3a06271-bd79-4f0c-9d38-9ff23c508869,M-1735,ORD-20260714-4974-0014,CONCESSION_ACCRUAL,18,296,2026-07-14T19:36:23+08:00
7a551972-dfa8-4b0c-aad3-80ed1304de04,M-2079,ORD-20260714-6940-0015,CONCESSION_ACCRUAL,21,296,2026-07-14T23:30:28+08:00
4cd35033-c060-47d9-9228-93e80ad412e0,M-1691,ORD-20260715-7579-0016,CONCESSION_ACCRUAL,6,242,2026-07-15T01:18:19+08:00
43d91d34-ff41-4f98-aae6-f65ef6a7c58f,M-2044,ORD-20260714-1542-0017,CONCESSION_ACCRUAL,12,71,2026-07-14T20:54:31+08:00
f506bb29-148c-4c36-b9e7-523e78de333d,M-1750,ORD-20260714-2317-0018,CONCESSION_ACCRUAL,6,248,2026-07-14T18:39:24+08:00
759897e7-7d3b-4ff1-a231-6147c54ebd1d,M-1208,ORD-20260714-7911-0019,CONCESSION_ACCRUAL,67,3144,2026-07-14T20:31:02+08:00
c7dbc872-c394-4f8e-a9d9-00ef9ffea843,M-1502,ORD-20260714-6541-0020,CONCESSION_ACCRUAL,8,300,2026-07-14T23:33:11+08:00
6423aa51-137d-4035-905f-fa57790dadd1,M-1930,ORD-20260715-7622-0021,CONCESSION_ACCRUAL,18,150,2026-07-15T01:35:30+08:00
c360a654-3171-435a-bd80-f836a9418bd1,M-1119,ORD-20260715-6577-0022,CONCESSION_ACCRUAL,9,136,2026-07-15T00:51:00+08:00
e916ffea-b7c1-4d55-a8b4-876afbbcccba,M-1358,ORD-20260714-3088-0023,CONCESSION_ACCRUAL,36,74,2026-07-14T14:38:22+08:00
5b3aad71-5628-464a-ac74-b4704633967a,M-1358,TIER_UPGRADE_Standard_TO_Silver,TIER_BONUS,50,124,2026-07-14T14:38:22+08:00
46b22afc-c199-464c-a3a7-acd3a211b6fb,M-1735,ORD-20260715-1144-0024,CONCESSION_ACCRUAL,8,304,2026-07-15T00:35:03+08:00
468668a4-2f0c-4770-9a42-cabff6b5b4b4,M-1406,ORD-20260714-1880-0025,CONCESSION_ACCRUAL,8,556,2026-07-14T17:58:46+08:00
fa6094a1-4ad9-4e39-b902-962d50c946f9,M-1678,ORD-20260714-6536-0026,CONCESSION_ACCRUAL,7,354,2026-07-14T23:24:46+08:00
3f9d3eba-ef18-42bb-bc99-4ac01bed7d3e,M-1719,ORD-20260714-8885-0027,CONCESSION_ACCRUAL,37,316,2026-07-14T16:16:03+08:00
996b6c02-6907-4dd2-aacc-3383a9cc5f7a,M-1297,ORD-20260714-2839-0028,CONCESSION_ACCRUAL,26,179,2026-07-14T04:12:30+08:00
8188affc-e0b0-4e2a-a81d-7d9d8cd14bf5,M-1464,ORD-20260714-1854-0029,CONCESSION_ACCRUAL,21,95,2026-07-14T22:22:27+08:00
2f7423c6-10da-4ed3-9f3b-ab2af5d06626,M-1464,TIER_UPGRADE_Standard_TO_Silver,TIER_BONUS,50,145,2026-07-14T22:22:27+08:00
734b7af8-5dab-4b1b-90e1-f1ffd128f196,M-1509,ORD-20260714-8055-0030,CONCESSION_ACCRUAL,3,451,2026-07-14T18:54:46+08:00
d111b919-1324-45b4-b4b8-f9f137709fc8,M-2035,ORD-20260714-8545-0031,CONCESSION_ACCRUAL,3,103,2026-07-14T22:17:52+08:00
080348e2-93f7-4bf0-b24f-78ea6756c872,M-1420,ORD-20260714-1672-0032,CONCESSION_ACCRUAL,18,629,2026-07-14T23:17:37+08:00
4c072300-cec3-4175-8aea-198f41c8853e,M-1261,ORD-20260714-9243-0033,CONCESSION_ACCRUAL,8,242,2026-07-14T21:50:55+08:00
475ffa59-9a2e-4214-a1d0-71354fc6fb7f,M-1706,ORD-20260714-7889-0034,CONCESSION_ACCRUAL,8,802,2026-07-14T10:42:16+08:00
1d9c5c42-555e-4c65-8cea-1e1dd72986ae,M-1581,ORD-20260714-6369-0035,CONCESSION_ACCRUAL,28,134,2026-07-14T23:22:55+08:00
52c5dc02-3dae-4312-8407-b689e069299e,M-1150,ORD-20260714-7997-0036,CONCESSION_ACCRUAL,3,82,2026-07-14T19:10:26+08:00
32f25413-b9b0-4212-bdce-9848e918479c,M-1038,ORD-20260715-2149-0037,CONCESSION_ACCRUAL,19,225,2026-07-15T01:32:23+08:00
b3f28f0d-ef19-4c7d-b99c-a10579aa47ed,M-1015,ORD-20260714-8805-0038,CONCESSION_ACCRUAL,21,269,2026-07-14T22:08:22+08:00
308a20df-57e3-430f-becf-9d360c6a42b3,M-1069,ORD-20260714-8543-0039,CONCESSION_ACCRUAL,16,320,2026-07-14T19:49:21+08:00
8a0727e2-606d-4204-99e8-dab458bd4f5c,M-1207,ORD-20260715-6810-0040,CONCESSION_ACCRUAL,3,363,2026-07-15T03:59:46+08:00
8e3b7dad-eca0-45d0-96e0-0334999286ed,M-1004,ORD-20260715-3858-0041,CONCESSION_ACCRUAL,26,305,2026-07-15T01:36:00+08:00
372e4fdc-1c07-41f8-afe1-ffcb9079e6cf,M-1594,ORD-20260714-4255-0042,CONCESSION_ACCRUAL,20,139,2026-07-14T20:39:15+08:00
1369d55f-b72f-4dc5-a110-6c9349147541,M-1569,ORD-20260714-8745-0043,CONCESSION_ACCRUAL,17,267,2026-07-14T16:02:32+08:00
9d3997d8-6dde-454d-81d0-2ecfb1a338d9,M-1377,ORD-20260714-1499-0044,CONCESSION_ACCRUAL,15,418,2026-07-14T23:21:24+08:00
a02e9fc5-cfbe-4331-bb15-728e9fb9fd71,M-2036,ORD-20260714-9983-0045,CONCESSION_ACCRUAL,7,87,2026-07-14T22:31:29+08:00
75f17caf-666f-4a22-b22e-58112450059a,M-1294,ORD-20260714-5105-0046,CONCESSION_ACCRUAL,15,280,2026-07-14T22:54:57+08:00
b903d5c2-1480-4ac2-b3e0-5950d15a69ae,M-1020,ORD-20260714-2642-0047,CONCESSION_ACCRUAL,12,34,2026-07-14T20:38:19+08:00
59a472f8-3778-4707-ae8f-60c2869b5001,M-1760,ORD-20260714-4705-0048,CONCESSION_ACCRUAL,6,161,2026-07-14T20:47:12+08:00
7d91b817-a6a3-4ee6-b565-958d7c72a184,M-1826,ORD-20260714-9181-0049,CONCESSION_ACCRUAL,8,159,2026-07-14T02:30:22+08:00
0a7a45b7-cfdc-4665-8c7d-865b0fa4a21a,M-1752,ORD-20260714-8856-0050,CONCESSION_ACCRUAL,29,2433,2026-07-14T19:08:50+08:00
26c531e2-a806-4b80-8fc3-e7809abed98f,M-1260,ORD-20260714-7693-0051,CONCESSION_ACCRUAL,28,433,2026-07-14T23:27:45+08:00
77eb90f8-554d-432e-a549-15bcf4b8aebd,M-1680,ORD-20260715-6637-0052,CONCESSION_ACCRUAL,7,206,2026-07-15T01:14:47+08:00
9bb363e1-1bea-4cad-a7b4-44180ead56ba,M-1613,ORD-20260714-6431-0053,CONCESSION_ACCRUAL,3,300,2026-07-14T18:53:05+08:00
eb801e40-0e45-4d1f-8540-42f7f24f6bcc,M-1090,ORD-20260714-9281-0054,CONCESSION_ACCRUAL,29,889,2026-07-14T22:07:42+08:00
d9085cf0-8f10-4179-bf7d-1a60210717f3,M-1701,ORD-20260714-2208-0055,CONCESSION_ACCRUAL,18,174,2026-07-14T18:03:31+08:00
25eb9486-8c87-4723-90b2-4814b6b57bb2,M-1418,ORD-20260714-7696-0056,CONCESSION_ACCRUAL,12,150,2026-07-14T19:18:29+08:00
96608abe-e886-44ed-b071-4475fc78b43b,M-1564,ORD-20260714-8499-0057,CONCESSION_ACCRUAL,50,230,2026-07-14T23:39:44+08:00
2aae5108-d21f-45cc-ad94-c3efb304354d,M-1551,ORD-20260714-2642-0058,CONCESSION_ACCRUAL,46,138,2026-07-14T10:23:48+08:00
9ae2c81c-7edd-4a8e-9945-ba299a03a334,M-1167,ORD-20260714-9660-0059,CONCESSION_ACCRUAL,9,553,2026-07-14T23:54:30+08:00
7870b485-ecdd-44fd-94e6-9f0f1d481e55,M-1476,ORD-20260714-8013-0060,CONCESSION_ACCRUAL,18,214,2026-07-14T23:36:05+08:00
7651f9e4-ed9d-4051-b637-c6977dc1476f,M-1155,ORD-20260714-2609-0061,CONCESSION_ACCRUAL,8,660,2026-07-14T22:04:50+08:00
258820af-707d-4dd8-98a7-5c6c4f39ad09,M-1546,ORD-20260714-7809-0062,CONCESSION_ACCRUAL,8,107,2026-07-14T23:19:57+08:00
5feeb9e3-088a-4cfe-bc3d-5777567398dc,M-1176,ORD-20260714-1854-0063,CONCESSION_ACCRUAL,8,170,2026-07-14T22:51:38+08:00
74248eef-e51c-434b-8e32-57ed73f2fac6,M-1314,ORD-20260714-5738-0064,CONCESSION_ACCRUAL,6,55,2026-07-14T13:16:06+08:00
9ee5daeb-c8c0-4a0e-a5ff-89523b906d19,M-1027,ORD-20260714-7683-0065,CONCESSION_ACCRUAL,7,206,2026-07-14T23:17:35+08:00
70911742-1b5a-43e2-ae88-d4b619be4554,M-1448,ORD-20260714-6575-0066,CONCESSION_ACCRUAL,8,88,2026-07-14T15:38:14+08:00
0ff02229-4c3b-4f61-bc06-bc280bccb96d,M-1161,ORD-20260714-6298-0067,CONCESSION_ACCRUAL,6,236,2026-07-14T03:59:54+08:00
c3f64b31-829f-4fdb-b270-e8dbf2ce4ec9,M-1071,ORD-20260714-2868-0068,CONCESSION_ACCRUAL,10,149,2026-07-14T19:19:52+08:00
6bd37ecf-34eb-4f00-a0af-34c2aa07f69c,M-1126,ORD-20260714-4346-0069,CONCESSION_ACCRUAL,21,101,2026-07-14T22:59:08+08:00
c972d534-980e-4a14-8e2c-68bd00bcab3e,M-1231,ORD-20260714-5309-0070,CONCESSION_ACCRUAL,6,335,2026-07-14T21:12:16+08:00
0d66a150-3e92-411b-b844-2c69cbe47fcb,M-1299,ORD-20260715-2070-0071,CONCESSION_ACCRUAL,35,358,2026-07-15T00:07:41+08:00
e3d5a871-9313-4048-a3ee-8f7f6bc477a8,M-1278,ORD-20260714-7638-0072,CONCESSION_ACCRUAL,16,279,2026-07-14T19:55:40+08:00
b28cc1b2-c63f-4889-9e19-7604e19756c9,M-1408,ORD-20260715-9300-0073,CONCESSION_ACCRUAL,16,340,2026-07-15T01:37:22+08:00
dc4174f0-a5e9-48e8-8c1c-af19e139d181,M-1078,ORD-20260714-3043-0074,CONCESSION_ACCRUAL,20,965,2026-07-14T21:23:32+08:00
925419d7-4975-4891-a08a-22b6409e0221,M-1570,ORD-20260715-3493-0075,CONCESSION_ACCRUAL,33,616,2026-07-15T00:59:47+08:00
f7e92bd5-4a67-41bd-a0a1-fa2f9499aebc,M-1782,ORD-20260714-5680-0076,CONCESSION_ACCRUAL,22,684,2026-07-14T19:17:23+08:00
916ec274-ea0f-41aa-9643-b7c5024a45c6,M-1391,ORD-20260714-9673-0077,CONCESSION_ACCRUAL,26,216,2026-07-14T19:47:44+08:00
d523f4d5-9877-47d5-a407-f3de79465e33,M-2119,ORD-20260714-4859-0078,CONCESSION_ACCRUAL,7,93,2026-07-14T15:14:05+08:00
568626b6-e7ce-42f5-a8b6-091724a1da49,M-1295,ORD-20260715-2034-0079,CONCESSION_ACCRUAL,7,89,2026-07-15T02:31:08+08:00
7e9b4e19-f2c4-4123-ad5e-345630073af3,M-1768,ORD-20260714-3459-0080,CONCESSION_ACCRUAL,39,81,2026-07-14T13:03:43+08:00
7a6110b4-dbae-4f16-87ee-64a670c80b4e,M-1047,ORD-20260714-9871-0081,CONCESSION_ACCRUAL,12,95,2026-07-14T23:10:17+08:00
001ef61f-ae6a-4ea5-8e1a-4a3c733e2589,M-1745,ORD-20260715-2653-0082,CONCESSION_ACCRUAL,11,432,2026-07-15T06:17:50+08:00
4bac6985-280d-4839-b51d-6b9e62d883a4,M-1234,ORD-20260714-8034-0083,CONCESSION_ACCRUAL,11,372,2026-07-14T16:31:58+08:00
8eb2165d-6603-4692-aa26-ff591d68fdcd,M-1134,ORD-20260714-7601-0084,CONCESSION_ACCRUAL,8,242,2026-07-14T07:48:17+08:00
015493b8-4e1d-4858-89cb-708321776384,M-1197,ORD-20260714-2154-0085,CONCESSION_ACCRUAL,9,68,2026-07-14T22:01:24+08:00
0500b90e-bc58-4036-9cdd-4f519cac2dbc,M-1225,ORD-20260714-9208-0086,CONCESSION_ACCRUAL,12,285,2026-07-14T23:12:26+08:00
35347782-8050-4509-8e61-6abdec8c6942,M-1225,TIER_UPGRADE_Standard_TO_Silver,TIER_BONUS,50,335,2026-07-14T23:12:26+08:00
b12cae16-b9d1-469c-9eea-9753b2dd2816,M-1670,ORD-20260714-6791-0087,CONCESSION_ACCRUAL,18,550,2026-07-14T20:41:42+08:00
422fdefd-0caf-43f5-b7ba-d181082a713b,M-1520,ORD-20260714-3357-0088,CONCESSION_ACCRUAL,29,906,2026-07-14T22:53:09+08:00
6e4d0f4a-fadc-42a0-bd75-01c90b6640ed,M-2064,ORD-20260715-1378-0089,CONCESSION_ACCRUAL,22,48,2026-07-15T00:47:40+08:00
d0927466-74b6-4dd3-9a08-658fc65923d3,M-1480,ORD-20260714-9105-0090,CONCESSION_ACCRUAL,3,285,2026-07-14T21:47:06+08:00
3febccea-523d-46ce-851c-00eee9fc3b12,M-1560,ORD-20260714-6551-0091,CONCESSION_ACCRUAL,14,165,2026-07-14T21:17:46+08:00
5bf4d662-51ef-4e77-b20f-fc8344d85a49,M-1470,ORD-20260714-8127-0092,CONCESSION_ACCRUAL,8,239,2026-07-14T20:30:04+08:00
79565c1a-fe71-427c-85ed-43ced9a02d87,M-1439,ORD-20260714-2401-0093,CONCESSION_ACCRUAL,31,35,2026-07-14T23:53:03+08:00
f9469ddd-36d4-4bc4-a4c2-6b22fe597434,M-1404,ORD-20260715-6701-0094,CONCESSION_ACCRUAL,15,145,2026-07-15T03:43:04+08:00
9f8e173c-f851-4050-82a1-828a4fe3a106,M-1404,TIER_UPGRADE_Standard_TO_Silver,TIER_BONUS,50,195,2026-07-15T03:43:04+08:00
b4de74bb-c57e-4b39-9058-3d1397e011ef,M-2088,ORD-20260714-9097-0095,CONCESSION_ACCRUAL,3,53,2026-07-14T22:55:21+08:00
0ecf8acc-773d-4a08-afc3-4e6c350d724e,M-1441,ORD-20260714-5311-0096,CONCESSION_ACCRUAL,9,273,2026-07-14T09:00:17+08:00
35debfdb-929d-472d-a56d-09b59c30cc8b,M-1190,ORD-20260715-1737-0097,CONCESSION_ACCRUAL,27,338,2026-07-15T03:38:03+08:00
50535e1e-08c3-4cd9-810d-ec509df53bf1,M-1424,ORD-20260714-7987-0098,CONCESSION_ACCRUAL,13,137,2026-07-14T21:51:31+08:00
d833a8fd-c610-48bd-a8bc-c6cb1f2e69d7,M-1239,ORD-20260714-6427-0099,CONCESSION_ACCRUAL,24,143,2026-07-14T20:16:50+08:00
1d2026f6-9845-4511-b516-b9e975574646,M-1352,ORD-20260714-2995-0100,CONCESSION_ACCRUAL,18,75,2026-07-14T23:15:53+08:00
c6a6e016-7197-47fd-96bb-1f070158ddd6,M-1352,TIER_UPGRADE_Standard_TO_Silver,TIER_BONUS,50,125,2026-07-14T23:15:53+08:00
7bc9e2ae-820d-49bb-b5ea-2ed680a5d746,M-1767,ORD-20260714-1238-0101,CONCESSION_ACCRUAL,20,252,2026-07-14T20:21:53+08:00
6ca167e6-3854-44fc-a004-364c84e6f031,M-1582,ORD-20260714-9665-0102,CONCESSION_ACCRUAL,27,287,2026-07-14T20:15:46+08:00
67e6749b-98ee-4af1-bb60-3d8641df58b2,M-1967,ORD-20260714-8640-0103,CONCESSION_ACCRUAL,12,97,2026-07-14T22:41:39+08:00
6efbdf18-f34e-4be9-a6d7-6ba2642a87ba,M-1279,ORD-20260714-8488-0104,CONCESSION_ACCRUAL,21,103,2026-07-14T18:36:44+08:00
34668b5b-edf2-4204-896e-5ea802c55061,M-1734,ORD-20260714-7916-0105,CONCESSION_ACCRUAL,10,784,2026-07-14T19:24:34+08:00
25bc2066-7157-4486-9aa7-e205e794aa68,M-1413,ORD-20260714-6062-0106,CONCESSION_ACCRUAL,9,176,2026-07-14T18:47:00+08:00
869e2944-250f-41d7-b42c-1f81cf94c036,M-1408,ORD-20260714-3077-0107,CONCESSION_ACCRUAL,11,351,2026-07-14T20:18:35+08:00
963de515-ebb3-4288-b9b2-5d42da38735e,M-1105,ORD-20260714-2614-0108,CONCESSION_ACCRUAL,11,348,2026-07-14T19:42:14+08:00
5129fc3b-2bc4-4dd5-86f9-3ee43edf1f63,M-1649,ORD-20260715-5095-0109,CONCESSION_ACCRUAL,33,143,2026-07-15T02:41:14+08:00
5e5a5c2d-6209-4e47-bd59-6f5c3b8e411e,M-1111,ORD-20260714-5470-0110,CONCESSION_ACCRUAL,15,194,2026-07-14T17:20:12+08:00
aeb88e98-2467-4fa6-8089-ade0389289b7,M-1320,ORD-20260714-9505-0111,CONCESSION_ACCRUAL,8,898,2026-07-14T17:56:06+08:00
2234bedc-ec3b-4766-8826-f16056455c0d,M-1218,ORD-20260714-7140-0112,CONCESSION_ACCRUAL,8,79,2026-07-14T20:05:34+08:00
15b15c5f-fda6-40bf-a3ab-2cf3990e327f,M-1663,ORD-20260714-5206-0113,CONCESSION_ACCRUAL,3,79,2026-07-14T21:23:54+08:00
91d95d58-cd04-4f8a-b632-2e83ccc7dae9,M-1663,TIER_UPGRADE_Standard_TO_Silver,TIER_BONUS,50,129,2026-07-14T21:23:54+08:00
bce620b8-c599-4dd3-b7fc-f855658c0d22,M-1042,ORD-20260714-5217-0114,CONCESSION_ACCRUAL,8,188,2026-07-14T23:45:41+08:00
bc4eb59d-185c-47a4-8edc-520d1b842b1b,M-1589,ORD-20260714-5112-0115,CONCESSION_ACCRUAL,6,87,2026-07-14T23:19:01+08:00
7b33496e-e3ab-4fda-8dcd-1d7531b68851,M-1105,ORD-20260714-9864-0116,CONCESSION_ACCRUAL,57,405,2026-07-14T22:03:23+08:00
320bf216-bd96-4cfa-a99f-f7b0aac79faa,M-1098,ORD-20260714-6296-0117,CONCESSION_ACCRUAL,53,609,2026-07-14T23:26:10+08:00
e10716bb-e2f6-4276-b39f-edcff1f3bdf3,M-1098,TIER_UPGRADE_Silver_TO_Gold,TIER_BONUS,100,709,2026-07-14T23:26:10+08:00
59bb104a-3aa5-4749-b5e4-a2759e38210b,M-1053,ORD-20260714-1742-0118,CONCESSION_ACCRUAL,6,227,2026-07-14T22:50:18+08:00
9d230901-02e0-40c8-a597-7ba6ff209460,M-1368,ORD-20260714-9948-0119,CONCESSION_ACCRUAL,7,218,2026-07-14T18:14:52+08:00
93157073-7270-4027-aab1-2c5631376922,M-1287,ORD-20260715-1640-0120,CONCESSION_ACCRUAL,7,266,2026-07-15T00:44:22+08:00
9ea22de3-bd65-4874-8895-aff2a8adf497,M-1675,ORD-20260714-9548-0121,CONCESSION_ACCRUAL,21,1818,2026-07-14T23:30:13+08:00
1fb2d94f-9102-44c2-88cc-c891ae607d19,M-2053,ORD-20260715-2037-0122,CONCESSION_ACCRUAL,12,22,2026-07-15T00:18:54+08:00
d42ef4d1-5f2b-488b-bce8-96692487fd10,M-1677,ORD-20260714-9835-0123,CONCESSION_ACCRUAL,3,51,2026-07-14T12:44:11+08:00
76bb5f2b-4ffb-4a72-85c1-1aa6deabeb18,M-1431,ORD-20260714-4654-0124,CONCESSION_ACCRUAL,10,294,2026-07-14T20:23:10+08:00
c6f28f29-6823-4a38-923b-302b5dd06dac,M-1552,ORD-20260714-4923-0125,CONCESSION_ACCRUAL,7,201,2026-07-14T17:18:16+08:00
409814cc-a588-4b48-81ae-60c0e90d9ee3,M-1159,ORD-20260715-1056-0126,CONCESSION_ACCRUAL,25,196,2026-07-15T02:10:10+08:00
6f42e30e-47fa-4315-98b0-a486f3b8b275,M-1409,ORD-20260714-6755-0127,CONCESSION_ACCRUAL,39,179,2026-07-14T14:36:31+08:00
b4243581-777f-449e-a59d-fbf03e070e55,M-1755,ORD-20260714-1854-0128,CONCESSION_ACCRUAL,6,69,2026-07-14T19:58:56+08:00
259ae8cb-4c01-4577-a7de-09eb29338915,M-1384,ORD-20260715-4048-0129,CONCESSION_ACCRUAL,20,1502,2026-07-15T00:12:33+08:00
5aa937fe-f556-40f7-b1fb-b03474d2c947,M-1295,ORD-20260714-5211-0130,CONCESSION_ACCRUAL,12,101,2026-07-14T18:29:41+08:00
72d834ba-4a68-4f0c-988b-1486d0b44057,M-1474,ORD-20260714-6396-0131,CONCESSION_ACCRUAL,19,109,2026-07-14T21:37:58+08:00
ef37a789-3456-4b60-b90e-d7f3ef37988d,M-1165,ORD-20260714-7180-0132,CONCESSION_ACCRUAL,12,159,2026-07-14T21:56:37+08:00
8c031323-52f4-467c-9e2d-77ed6527cb0f,M-1266,ORD-20260714-2449-0133,CONCESSION_ACCRUAL,10,340,2026-07-14T22:02:12+08:00
a1dea8b0-b511-44f8-b123-256ec8d1fdef,M-1054,ORD-20260714-9917-0134,CONCESSION_ACCRUAL,11,316,2026-07-14T08:37:58+08:00
889b1716-47c0-4a9f-9cb0-64280bcb13d2,M-1450,ORD-20260714-4046-0135,CONCESSION_ACCRUAL,8,101,2026-07-14T21:47:02+08:00
6951b808-a69c-439c-af0e-da626a4ba981,M-1044,ORD-20260714-7046-0136,CONCESSION_ACCRUAL,21,524,2026-07-14T21:51:13+08:00
b4faa9e3-ba23-47fe-9c4e-1d0b5ca412c9,M-1331,ORD-20260714-4522-0137,CONCESSION_ACCRUAL,21,158,2026-07-14T23:49:30+08:00
95c63036-800b-411c-b402-1e8bd4bf9150,M-1433,ORD-20260714-1735-0138,CONCESSION_ACCRUAL,3,15,2026-07-14T18:42:58+08:00
1c2610f4-4145-430e-847d-5963e0aa2580,M-1895,ORD-20260714-5825-0139,CONCESSION_ACCRUAL,6,190,2026-07-14T22:19:42+08:00
9a63420f-aa31-4379-96eb-3bd40cfd9a25,M-1729,ORD-20260714-1590-0140,CONCESSION_ACCRUAL,8,270,2026-07-14T17:49:31+08:00
1f856484-b611-4fa4-bb60-33200797e309,M-1116,ORD-20260714-5855-0141,CONCESSION_ACCRUAL,9,73,2026-07-14T22:22:43+08:00
d3cb96fa-c854-402b-863d-e755e3aec3c6,M-1830,ORD-20260714-5448-0142,CONCESSION_ACCRUAL,8,229,2026-07-14T02:42:34+08:00
d3efc7fe-0f63-481f-bc94-7501746b2def,M-1669,ORD-20260714-7346-0143,CONCESSION_ACCRUAL,6,81,2026-07-14T15:50:43+08:00
b4d403ce-2c0a-44f3-816d-b7d46df1b4ee,M-1139,ORD-20260714-5991-0144,CONCESSION_ACCRUAL,7,213,2026-07-14T22:56:31+08:00
f94cc27e-330a-438b-aec2-1947941dd661,M-1795,ORD-20260714-3304-0145,CONCESSION_ACCRUAL,9,255,2026-07-14T18:45:27+08:00
1d8ad017-7581-470b-94fd-2c6d17b074b9,M-1795,TIER_UPGRADE_Standard_TO_Silver,TIER_BONUS,50,305,2026-07-14T18:45:27+08:00
f16a3b53-d9e8-4bbe-9d04-100074d7d3cf,M-1350,ORD-20260714-2418-0146,CONCESSION_ACCRUAL,11,506,2026-07-14T20:37:51+08:00
80b8a213-9bf1-4206-8f7e-ce4266a427bd,M-1266,ORD-20260714-5022-0147,CONCESSION_ACCRUAL,18,358,2026-07-14T23:59:14+08:00
85bc2452-e683-477e-91c9-b4299538c0b6,M-1550,ORD-20260714-1233-0148,CONCESSION_ACCRUAL,18,49,2026-07-14T20:01:04+08:00
237bef4a-6b3e-4164-a4e5-085c261ca8ff,M-1599,ORD-20260715-4964-0149,CONCESSION_ACCRUAL,21,186,2026-07-15T02:23:35+08:00
47301397-e588-477f-aeb3-1db995c90ed3,M-1544,ORD-20260714-1035-0150,CONCESSION_ACCRUAL,3,226,2026-07-14T15:51:53+08:00
6ed3d2a2-db9b-4d44-8a24-72eb60392dbb,M-1728,ORD-20260715-9193-0151,CONCESSION_ACCRUAL,21,295,2026-07-15T01:11:37+08:00
4973c5a4-ac0c-4e66-8a4d-9b774ef760dd,M-1520,ORD-20260714-9895-0152,CONCESSION_ACCRUAL,14,920,2026-07-14T14:27:49+08:00
2a83988e-dbdb-4f52-830d-af2c44a67025,M-1588,ORD-20260714-7751-0153,CONCESSION_ACCRUAL,21,1349,2026-07-14T21:42:07+08:00
c4671213-8c1a-4f14-9a62-8760015518fe,M-1307,ORD-20260714-8417-0154,CONCESSION_ACCRUAL,12,121,2026-07-14T20:25:26+08:00
e9754d5a-695b-4fb0-bb3b-610505c949de,M-1762,ORD-20260714-9656-0155,CONCESSION_ACCRUAL,22,238,2026-07-14T19:49:22+08:00
662a4dbf-628a-4ea8-8888-d399faf43cdb,M-1646,ORD-20260714-7593-0156,CONCESSION_ACCRUAL,16,338,2026-07-14T20:39:00+08:00
3750f9e1-86e1-477d-a0a2-0ebdef2d077c,M-1113,ORD-20260714-3208-0157,CONCESSION_ACCRUAL,11,246,2026-07-14T23:49:14+08:00
67a68b9e-35ca-4c28-a8b3-bfb68fe14407,M-1013,ORD-20260714-1171-0158,CONCESSION_ACCRUAL,20,261,2026-07-14T21:34:30+08:00
c34f5b30-8790-498c-babd-f9aba6e508be,M-1678,ORD-20260714-4178-0159,CONCESSION_ACCRUAL,3,357,2026-07-14T16:36:43+08:00
49cf362e-b3b2-4659-8a47-0f0fe3e1cb61,M-1489,ORD-20260715-4219-0160,CONCESSION_ACCRUAL,33,408,2026-07-15T01:38:16+08:00
807fb22a-c9f8-4a2e-85e5-087ce474c7f8,M-1236,ORD-20260715-8035-0161,CONCESSION_ACCRUAL,20,336,2026-07-15T00:11:56+08:00
fa8d863b-5a81-4e15-b283-90da5fec77ee,M-1740,ORD-20260714-1364-0162,CONCESSION_ACCRUAL,20,1966,2026-07-14T18:27:16+08:00
49dadb3f-38e3-4a96-b5f6-40ab3cc868d8,M-1650,ORD-20260714-4968-0163,CONCESSION_ACCRUAL,22,49,2026-07-14T23:30:05+08:00
f37853e4-2571-46da-90dd-72e8cdd6dd85,M-1684,ORD-20260715-9896-0164,CONCESSION_ACCRUAL,26,221,2026-07-15T02:48:14+08:00
37464d1d-dc57-42d9-9274-9726cef9532e,M-1842,ORD-20260714-2204-0165,CONCESSION_ACCRUAL,8,22,2026-07-14T19:54:55+08:00
8eebc084-a35f-411a-a46c-c428a1a2f9b1,M-1204,ORD-20260714-8416-0166,CONCESSION_ACCRUAL,15,214,2026-07-14T19:11:42+08:00
ad1fe3f2-4475-4adc-bf6a-86e9ddbd1e17,M-1151,ORD-20260714-2045-0167,CONCESSION_ACCRUAL,6,87,2026-07-14T23:17:44+08:00
395037af-9f4a-47b3-bb59-b1bd1ec780a4,M-2063,ORD-20260714-9574-0168,CONCESSION_ACCRUAL,14,113,2026-07-14T15:05:01+08:00
6be5e1dc-4528-49dd-99be-b6dafcef75e0,M-1219,ORD-20260714-7413-0169,CONCESSION_ACCRUAL,36,178,2026-07-14T03:08:12+08:00
3395298a-a9f2-43c8-99c4-67dc33086164,M-1554,ORD-20260714-5880-0170,CONCESSION_ACCRUAL,11,816,2026-07-14T22:35:46+08:00
e37c7e0c-0d7b-488f-83ad-d045a6a8df32,M-1133,ORD-20260715-5526-0171,CONCESSION_ACCRUAL,30,178,2026-07-15T00:33:13+08:00
5aec099a-2511-4121-beeb-c918a01db5d7,M-1154,ORD-20260714-2051-0172,CONCESSION_ACCRUAL,15,214,2026-07-14T11:30:47+08:00
c39da0b5-53bc-444b-a351-b7949e5a4e96,M-1083,ORD-20260714-3747-0173,CONCESSION_ACCRUAL,23,232,2026-07-14T10:28:55+08:00
c0391d9e-42bb-44cb-a90a-bb2dd2cfeb9a,M-1237,ORD-20260714-8981-0174,CONCESSION_ACCRUAL,10,251,2026-07-14T12:31:30+08:00
2f4d0094-b087-4633-b165-70a4b2620b80,M-1132,ORD-20260715-7649-0175,CONCESSION_ACCRUAL,9,609,2026-07-15T00:50:21+08:00
48cc8e06-579d-4e69-a71d-23aac0b6e2b4,M-1127,ORD-20260715-4134-0176,CONCESSION_ACCRUAL,16,181,2026-07-15T01:10:58+08:00
0953fb21-dfeb-4e57-ade0-f98e6f0ff3b3,M-1693,ORD-20260714-6343-0177,CONCESSION_ACCRUAL,8,86,2026-07-14T10:15:32+08:00
3812d4af-4069-4598-bc7e-36250266ecda,M-1293,ORD-20260714-9645-0178,CONCESSION_ACCRUAL,17,367,2026-07-14T23:33:13+08:00
fbe48942-3a48-4a44-b75e-64b156a8c76a,M-1244,ORD-20260715-9903-0179,CONCESSION_ACCRUAL,18,97,2026-07-15T00:58:03+08:00
45d1890a-f83b-4e32-a819-12de84e28807,M-1711,ORD-20260714-2622-0180,CONCESSION_ACCRUAL,20,362,2026-07-14T15:48:19+08:00
f5e434b9-f203-46c8-a634-cff5f8801e58,M-2114,ORD-20260714-9744-0181,CONCESSION_ACCRUAL,8,86,2026-07-14T22:30:14+08:00
e2f59a13-31f2-47cf-a1ca-63627cd2c614,M-1140,ORD-20260714-4818-0182,CONCESSION_ACCRUAL,3,295,2026-07-14T23:05:08+08:00
bdeb6cb4-2b23-4325-9018-d2b2cf7c4a41,M-1839,ORD-20260715-3590-0183,CONCESSION_ACCRUAL,28,258,2026-07-15T00:08:33+08:00
bc6a50a9-d525-45ff-b6a0-294347ab5787,M-1303,ORD-20260715-4603-0184,CONCESSION_ACCRUAL,11,2478,2026-07-15T01:56:23+08:00
f0c0d8f8-eb95-463a-b18f-2f7d80d51bbc,M-1551,ORD-20260714-4101-0185,CONCESSION_ACCRUAL,15,153,2026-07-14T21:16:06+08:00
b0433a00-aa18-48b9-9fa2-4505ce6df4ed,M-1610,ORD-20260714-2084-0186,CONCESSION_ACCRUAL,33,344,2026-07-14T17:47:46+08:00
e95415b1-3373-49b1-bcc1-f9b06425cc88,M-1171,ORD-20260714-5688-0187,CONCESSION_ACCRUAL,25,199,2026-07-14T19:36:58+08:00
3503090f-c59b-47e3-8bda-86844fa9e876,M-1395,ORD-20260714-7607-0188,CONCESSION_ACCRUAL,23,126,2026-07-14T14:01:27+08:00
1f9439d3-21df-416c-8793-5df95824fc73,M-2027,ORD-20260714-7730-0189,CONCESSION_ACCRUAL,13,91,2026-07-14T23:37:36+08:00
7f020de4-a470-443f-a19e-ef5dae18c7d5,M-1983,ORD-20260714-7340-0190,CONCESSION_ACCRUAL,15,63,2026-07-14T03:36:13+08:00
2a900f44-fa22-4a71-869e-e06cb0ab4f1d,M-1733,ORD-20260715-5045-0191,CONCESSION_ACCRUAL,12,115,2026-07-15T00:05:10+08:00
05bf40b9-db7d-4060-9d79-ef87a79a0d0f,M-1256,ORD-20260715-2277-0192,CONCESSION_ACCRUAL,6,88,2026-07-15T01:50:42+08:00
832e675e-2865-4ea0-b8ef-32883316cef2,M-1256,TIER_UPGRADE_Standard_TO_Silver,TIER_BONUS,50,138,2026-07-15T01:50:42+08:00
ff322482-6e5b-43cb-bc36-7fb37ea9f563,M-1622,ORD-20260714-6797-0193,CONCESSION_ACCRUAL,7,111,2026-07-14T15:40:49+08:00
0699a579-dadb-47ef-82ed-91c57f4f9d6c,M-1363,ORD-20260714-9196-0194,CONCESSION_ACCRUAL,3,140,2026-07-14T19:44:54+08:00
488c1078-dc4f-4b42-a82d-bf26c6d5780d,M-1089,ORD-20260714-9743-0195,CONCESSION_ACCRUAL,9,65,2026-07-14T15:30:37+08:00
c2d1ac56-4c28-4919-b74b-0d6842472113,M-1435,ORD-20260714-6835-0196,CONCESSION_ACCRUAL,8,158,2026-07-14T22:06:27+08:00
56a74e08-f74a-42c2-99a5-9afe4b347a4e,M-1799,ORD-20260714-6848-0197,CONCESSION_ACCRUAL,11,108,2026-07-14T22:40:46+08:00
c2a926aa-55a0-47b9-be44-abb1e568d69b,M-1395,ORD-20260714-1714-0198,CONCESSION_ACCRUAL,11,137,2026-07-14T18:45:26+08:00
2f6712e3-f21f-452d-b407-b2acf98dc905,M-1575,ORD-20260714-1851-0199,CONCESSION_ACCRUAL,3,364,2026-07-14T14:24:48+08:00
ee2a7b46-5985-4458-b906-09215d02dd5c,M-1771,ORD-20260714-2115-0200,CONCESSION_ACCRUAL,17,135,2026-07-14T19:40:58+08:00
15f256d3-c618-4e68-b574-8206e079b1fc,M-1584,ORD-20260714-8576-0201,CONCESSION_ACCRUAL,11,98,2026-07-14T23:34:44+08:00
69634dfc-e69f-48ec-ad07-16046be01042,M-1561,ORD-20260714-6774-0202,CONCESSION_ACCRUAL,21,456,2026-07-14T08:02:04+08:00
52c19526-3f3c-49a6-9e14-772035cd8bc6,M-1446,ORD-20260715-4105-0203,CONCESSION_ACCRUAL,15,138,2026-07-15T04:39:29+08:00
e88f2ad6-bf1a-4677-8893-7593438952eb,M-1049,ORD-20260714-8798-0204,CONCESSION_ACCRUAL,16,274,2026-07-14T14:23:16+08:00
dc53633a-89b5-4dbd-b8ce-6e7dd7fed289,M-2128,ORD-20260714-2620-0205,CONCESSION_ACCRUAL,22,196,2026-07-14T21:08:37+08:00
5224d8bf-e7c8-4c8a-84dd-c41e8ec89a8d,M-1731,ORD-20260714-3047-0206,CONCESSION_ACCRUAL,14,141,2026-07-14T22:20:44+08:00
45cf3e84-403f-4ebf-a7fd-dada9b850459,M-1357,ORD-20260715-1174-0207,CONCESSION_ACCRUAL,27,202,2026-07-15T00:23:06+08:00
4f11704d-97db-45ea-ba69-a8179b6e4127,M-1357,TIER_UPGRADE_Standard_TO_Silver,TIER_BONUS,50,252,2026-07-15T00:23:06+08:00
49bf73e6-f030-42cf-a6c3-67ade75444dd,M-1509,ORD-20260715-3443-0208,CONCESSION_ACCRUAL,10,461,2026-07-15T00:48:29+08:00
cdb3a406-1684-453c-b56a-b4770a14876f,M-1087,ORD-20260714-1389-0209,CONCESSION_ACCRUAL,18,774,2026-07-14T16:03:11+08:00
2c8e85e8-0579-4fc1-86d6-6ab8fb2092b5,M-1573,ORD-20260714-8518-0210,CONCESSION_ACCRUAL,24,202,2026-07-14T23:04:30+08:00
20b02111-65e7-4ff2-b99f-d7a814172dae,M-1614,ORD-20260714-2456-0211,CONCESSION_ACCRUAL,11,67,2026-07-14T22:50:15+08:00
41cf78fa-9da2-49e0-b0a3-65e81683b7c3,M-1358,ORD-20260714-9558-0212,CONCESSION_ACCRUAL,15,139,2026-07-14T20:07:32+08:00
dfe2245e-d092-4344-851e-8898d0c4b8c0,M-1251,ORD-20260715-6808-0213,CONCESSION_ACCRUAL,24,123,2026-07-15T00:32:46+08:00
33940a45-ab2b-4244-a683-57d4dee0a312,M-1381,ORD-20260714-9791-0214,CONCESSION_ACCRUAL,7,213,2026-07-14T19:02:21+08:00
d2c8bd90-1afc-4a49-9e36-1358ee9b9f0e,M-1586,ORD-20260714-3634-0215,CONCESSION_ACCRUAL,26,233,2026-07-14T17:57:22+08:00
13429da7-1f87-4a57-953e-711eeebe01a0,M-1165,ORD-20260714-7370-0216,CONCESSION_ACCRUAL,3,162,2026-07-14T10:12:45+08:00
bb2d65a6-be6d-4780-9f6e-c9c133dd4a43,M-1238,ORD-20260714-4664-0217,CONCESSION_ACCRUAL,16,146,2026-07-14T23:17:15+08:00
367f66d9-44c7-4529-867c-325c834c26f1,M-2175,ORD-20260714-7304-0218,CONCESSION_ACCRUAL,12,65,2026-07-14T21:52:01+08:00
d6bd787b-4b7b-47f3-b0b3-00545164c829,M-1615,ORD-20260714-2817-0219,CONCESSION_ACCRUAL,25,206,2026-07-14T21:52:56+08:00
d4f2abd3-a7b6-4f07-86f3-973f795e3ab8,M-1761,ORD-20260714-6455-0220,CONCESSION_ACCRUAL,12,108,2026-07-14T21:11:33+08:00
4b61b4a3-e423-4a88-8424-73d0e8e9111f,M-1815,ORD-20260715-6992-0221,CONCESSION_ACCRUAL,9,115,2026-07-15T01:38:59+08:00
48a28aa1-fdae-4290-bf5b-489d9083e2b5,M-1089,ORD-20260714-8248-0222,CONCESSION_ACCRUAL,14,79,2026-07-14T19:59:01+08:00
e9ab5522-3c40-486b-96c2-59657f98de3d,M-1693,ORD-20260715-6178-0223,CONCESSION_ACCRUAL,11,97,2026-07-15T00:22:58+08:00
20472673-bc13-4880-8e80-2a2e1a690d2b,M-1790,ORD-20260714-9821-0224,CONCESSION_ACCRUAL,8,285,2026-07-14T21:24:18+08:00
e6a40e65-6a08-4d9b-9c50-6febbe69e9bb,M-1210,ORD-20260714-6139-0225,CONCESSION_ACCRUAL,33,918,2026-07-14T19:12:07+08:00
d855c73a-7aea-44cc-8831-0254e519348b,M-1021,ORD-20260714-7834-0226,CONCESSION_ACCRUAL,23,739,2026-07-14T22:11:00+08:00
bfebdb83-73f4-4a67-9d79-14ff0fb34af8,M-1442,ORD-20260715-1148-0227,CONCESSION_ACCRUAL,10,312,2026-07-15T00:05:16+08:00
9140ad88-d72d-414a-bbd4-67ee611c56df,M-1398,ORD-20260714-2301-0228,CONCESSION_ACCRUAL,14,1579,2026-07-14T19:34:21+08:00
e094a20c-50c6-427b-b6e3-8b3937893761,M-1440,ORD-20260715-6526-0229,CONCESSION_ACCRUAL,6,107,2026-07-15T00:33:41+08:00
34ce7a97-ba65-46e1-967e-a4bcd1b62c25,M-1641,ORD-20260714-1587-0230,CONCESSION_ACCRUAL,3,113,2026-07-14T22:16:29+08:00
35a64f9f-b004-459b-bd9e-8169a22b8c33,M-1578,ORD-20260714-3819-0231,CONCESSION_ACCRUAL,3,35,2026-07-14T19:06:43+08:00
2e079002-a94c-4106-be64-339ece59e001,M-1636,ORD-20260714-9410-0232,CONCESSION_ACCRUAL,13,1613,2026-07-14T19:45:15+08:00
71d0dfd8-461d-4816-af9a-41d165e293ec,M-1455,ORD-20260714-6311-0233,CONCESSION_ACCRUAL,11,341,2026-07-14T06:57:12+08:00
5bc7a7a3-b333-4d58-bd12-017aad892296,M-1447,ORD-20260714-8291-0234,CONCESSION_ACCRUAL,15,222,2026-07-14T16:52:21+08:00
cbb08ac7-d496-4802-b08c-c10c9b274965,M-1084,ORD-20260714-9037-0235,CONCESSION_ACCRUAL,6,61,2026-07-14T14:56:03+08:00
47f4a3f2-c026-41e6-bb69-a7fee2c3ccdc,M-1497,ORD-20260715-4022-0236,CONCESSION_ACCRUAL,9,735,2026-07-15T03:44:18+08:00
4728c827-383f-4fb7-9431-301de6b8918a,M-1094,ORD-20260714-8331-0237,CONCESSION_ACCRUAL,19,378,2026-07-14T23:28:50+08:00
d9e35bc0-94f1-4c85-aeca-c9bb38a9b1d2,M-1642,ORD-20260715-8734-0238,CONCESSION_ACCRUAL,11,111,2026-07-15T04:01:36+08:00
822bfe82-690f-472e-8f8d-fcfcb8c4e35e,M-1255,ORD-20260714-2267-0239,CONCESSION_ACCRUAL,8,162,2026-07-14T18:42:52+08:00
52bac5c6-4d82-476e-ac8d-0164b1aede7e,M-1971,ORD-20260715-6788-0240,CONCESSION_ACCRUAL,17,149,2026-07-15T00:58:36+08:00
ebb12308-abc6-4235-8b20-e621dfbb6e73,M-1156,ORD-20260714-8140-0241,CONCESSION_ACCRUAL,16,308,2026-07-14T20:28:06+08:00
46d325e5-97b0-45f9-8863-77ea75b6cfed,M-2167,ORD-20260714-4154-0242,CONCESSION_ACCRUAL,15,50,2026-07-14T21:23:14+08:00
3dbba67d-e6d0-41f1-aca0-1bbc4a50ca8e,M-1174,ORD-20260714-1706-0243,CONCESSION_ACCRUAL,9,99,2026-07-14T20:41:35+08:00
b47d9f5f-abd0-417f-9e1b-8071fea51570,M-1983,ORD-20260714-9212-0244,CONCESSION_ACCRUAL,33,96,2026-07-14T18:41:48+08:00
8a322b5e-894e-4c84-ab1e-cd1107432a51,M-1809,ORD-20260714-8999-0245,CONCESSION_ACCRUAL,3,468,2026-07-14T08:35:59+08:00
a8cd0e99-5eac-4835-8df7-3f3bba15811a,M-1264,ORD-20260714-5775-0246,CONCESSION_ACCRUAL,10,431,2026-07-14T23:14:53+08:00
4e00c94d-1a8d-45e5-ad3f-4144bc06598f,M-1835,ORD-20260714-4616-0247,CONCESSION_ACCRUAL,25,258,2026-07-14T20:05:16+08:00
c99374aa-58ed-46af-9300-1ee0006655dd,M-1547,ORD-20260714-7982-0248,CONCESSION_ACCRUAL,9,306,2026-07-14T05:25:05+08:00
960dee3b-e6f6-41e9-a3d2-913369ad9ba3,M-1330,ORD-20260714-9941-0249,CONCESSION_ACCRUAL,18,3292,2026-07-14T20:19:07+08:00
cf27a9da-34a0-4a6b-a605-848017611563,M-1426,ORD-20260714-2746-0250,CONCESSION_ACCRUAL,15,944,2026-07-14T17:41:35+08:00
0cf49536-7ea5-41c4-825e-0180a35a590a,M-1736,ORD-20260714-7497-0251,CONCESSION_ACCRUAL,18,114,2026-07-14T17:38:12+08:00
ebe6b944-750e-4b28-860f-0f35aa5cbbf7,M-1736,TIER_UPGRADE_Standard_TO_Silver,TIER_BONUS,50,164,2026-07-14T17:38:12+08:00
4393b4da-06e1-4471-8797-58aa7101612a,M-1957,ORD-20260714-6173-0252,CONCESSION_ACCRUAL,9,160,2026-07-14T18:17:37+08:00
2949ec8e-db1b-4973-ac41-c4585935a414,M-1319,ORD-20260714-9188-0253,CONCESSION_ACCRUAL,10,274,2026-07-14T18:47:00+08:00
c513a288-bf7c-4a52-80e6-d7fbb838a566,M-1187,ORD-20260714-1854-0254,CONCESSION_ACCRUAL,15,196,2026-07-14T11:20:00+08:00
090bec1a-9aa2-45fa-871b-387550621df8,M-2064,ORD-20260714-5230-0255,CONCESSION_ACCRUAL,12,60,2026-07-14T14:48:00+08:00
13ad4050-4a9f-4417-bf8a-ccb4a9cf1b0d,M-1115,ORD-20260714-1885-0256,CONCESSION_ACCRUAL,22,172,2026-07-14T13:02:00+08:00
f20933b1-f8f6-48cb-921d-6a60c30d841f,M-1008,ORD-20260714-2643-0257,CONCESSION_ACCRUAL,23,136,2026-07-14T13:11:00+08:00
32170534-e3e0-4b37-89d4-48dfc6e7c13c,M-1411,ORD-20260714-7195-0258,CONCESSION_ACCRUAL,3,444,2026-07-14T10:57:00+08:00
bcb21f4d-7d42-4564-8545-8dac15098e85,M-1531,ORD-20260714-8140-0259,CONCESSION_ACCRUAL,25,235,2026-07-14T21:04:00+08:00
46708842-fc26-4687-a4a5-16007cd362e4,M-1283,ORD-20260714-1581-0260,CONCESSION_ACCRUAL,8,194,2026-07-14T13:04:00+08:00
84d0e2dd-2cd8-4551-91ff-6eebfbcc53dc,M-1020,ORD-20260714-1146-0261,CONCESSION_ACCRUAL,13,47,2026-07-14T22:53:00+08:00
cbc6131f-3d81-4b4f-9001-0a021a5e94cc,M-1257,ORD-20260714-4768-0262,CONCESSION_ACCRUAL,8,136,2026-07-14T15:37:00+08:00
e64ea7f5-17c9-4acd-9e31-a4a00530dee5,M-1862,ORD-20260714-8723-0263,CONCESSION_ACCRUAL,3,51,2026-07-14T11:53:00+08:00
fb5904b6-ee88-4137-8219-0f29795693dd,M-2033,ORD-20260714-6851-0264,CONCESSION_ACCRUAL,18,118,2026-07-14T14:28:00+08:00
4f296531-8ca7-453e-9a87-a1569b583d51,M-1835,ORD-20260714-2583-0265,CONCESSION_ACCRUAL,48,306,2026-07-14T22:46:00+08:00
563686a2-0714-482e-b28a-a65c5f47efd4,M-1489,ORD-20260714-3197-0266,CONCESSION_ACCRUAL,8,416,2026-07-14T09:49:00+08:00
73f90457-85e5-45df-96f8-c05d5b592aef,M-1701,ORD-20260714-6191-0267,CONCESSION_ACCRUAL,11,185,2026-07-14T13:35:00+08:00
c0207976-5a88-43cd-ba9e-ff1aa6249908,M-2167,ORD-20260714-4166-0268,CONCESSION_ACCRUAL,9,59,2026-07-14T10:48:00+08:00
33e39496-7107-4cd7-ade6-feb184efb82c,M-1886,ORD-20260714-3880-0269,CONCESSION_ACCRUAL,14,63,2026-07-14T14:36:00+08:00
1158b8e6-5b9a-4025-8794-eb3f9d5bb76e,M-1035,ORD-20260714-5469-0270,CONCESSION_ACCRUAL,36,144,2026-07-14T22:57:00+08:00
882f09e9-e59a-4353-9326-ba0a49d7efb2,M-1330,ORD-20260714-1551-0271,CONCESSION_ACCRUAL,13,3305,2026-07-14T20:27:00+08:00
0a4db12e-78ad-4886-bc54-7a20b927cea4,M-1744,ORD-20260714-8730-0272,CONCESSION_ACCRUAL,33,478,2026-07-14T22:38:00+08:00
abd15229-3693-4296-b3f8-bfb30a15c17c,M-1840,ORD-20260714-8288-0273,CONCESSION_ACCRUAL,12,1861,2026-07-14T16:06:00+08:00
4f6088da-bd3a-419f-9957-54daeeb00ee9,M-1066,ORD-20260714-2936-0274,CONCESSION_ACCRUAL,5,184,2026-07-14T17:27:00+08:00
e15d20eb-86f3-4638-a2a2-3a4706a9aca0,M-1566,ORD-20260714-4693-0275,CONCESSION_ACCRUAL,15,176,2026-07-14T16:52:00+08:00
c11fae4d-77f1-41ee-83b8-91281dcbec6c,M-1695,ORD-20260714-3160-0276,CONCESSION_ACCRUAL,3,89,2026-07-14T16:21:00+08:00
ff855b09-08b7-4865-a173-a1b731d1f184,M-1681,ORD-20260714-8593-0277,CONCESSION_ACCRUAL,6,118,2026-07-14T19:11:00+08:00
f24abff5-bea2-4d9e-946d-ab88360a899c,M-1375,ORD-20260714-1304-0278,CONCESSION_ACCRUAL,9,228,2026-07-14T14:54:00+08:00
5655ad2a-a180-4127-ad37-6751dafe12dc,M-1500,ORD-20260714-7899-0279,CONCESSION_ACCRUAL,16,391,2026-07-14T20:54:00+08:00
94a4b9df-5a69-4612-a2a1-1541eaab8f29,M-1401,ORD-20260714-9601-0280,CONCESSION_ACCRUAL,11,233,2026-07-14T20:13:00+08:00
efd63685-ccaf-4c6b-8ab8-31954e24309e,M-1604,ORD-20260714-3470-0281,CONCESSION_ACCRUAL,9,175,2026-07-14T19:47:00+08:00
998a16bb-0f43-40a4-99fa-37d657c2c446,M-1039,ORD-20260714-7979-0282,CONCESSION_ACCRUAL,25,343,2026-07-14T16:14:00+08:00
0f88fcf0-76d8-49bd-a26f-ca76200ee33d,M-1998,ORD-20260714-2382-0283,CONCESSION_ACCRUAL,21,170,2026-07-14T18:58:00+08:00
303aa2a8-4573-4589-abad-2274ec2c1900,M-1194,ORD-20260714-6504-0284,CONCESSION_ACCRUAL,8,119,2026-07-14T11:48:00+08:00
5de7e1c8-9978-4b3c-a422-76a57de1e63c,M-1080,ORD-20260714-3193-0285,CONCESSION_ACCRUAL,21,131,2026-07-14T21:30:00+08:00
8988708f-4c0a-4c1f-b29f-4363017cabf5,M-1544,ORD-20260714-5949-0286,CONCESSION_ACCRUAL,11,237,2026-07-14T09:39:00+08:00
0f562695-9993-40da-94d9-d7cfe9764e6c,M-1343,ORD-20260714-9522-0287,CONCESSION_ACCRUAL,13,221,2026-07-14T22:22:00+08:00
a6931790-1be2-40a6-803a-a7d274803b1d,M-1343,TIER_UPGRADE_Standard_TO_Silver,TIER_BONUS,50,271,2026-07-14T22:22:00+08:00
b5e29fa1-41ad-4606-951c-3de3a7e1882b,M-1169,ORD-20260714-6207-0288,CONCESSION_ACCRUAL,33,334,2026-07-14T21:43:00+08:00
b3e10418-7a31-4e05-8498-dc6953fab170,M-1472,ORD-20260714-6429-0289,CONCESSION_ACCRUAL,8,307,2026-07-14T14:12:00+08:00
ba68bb56-b54d-436c-b115-e9ef64193118,M-2034,ORD-20260714-4603-0290,CONCESSION_ACCRUAL,9,72,2026-07-14T21:25:00+08:00
e60e3a9b-abde-4766-93c4-860f2c14cb6a,M-1477,ORD-20260714-8051-0291,CONCESSION_ACCRUAL,6,252,2026-07-14T21:26:00+08:00
c8c20104-f050-48e0-aa8f-ab5f01ba4e77,M-1496,ORD-20260714-7215-0292,CONCESSION_ACCRUAL,7,207,2026-07-14T10:46:00+08:00
f2a46462-8b2b-40e0-9d2c-fcec487fa9df,M-1047,ORD-20260714-3460-0293,CONCESSION_ACCRUAL,18,113,2026-07-14T09:25:00+08:00
65eed471-647d-4deb-a430-b3fb2c1c1b23,M-1093,ORD-20260714-1852-0294,CONCESSION_ACCRUAL,10,114,2026-07-14T21:56:00+08:00
c65626f4-6b50-4818-b27b-70b12667b4e3,M-1581,ORD-20260714-7097-0295,CONCESSION_ACCRUAL,18,152,2026-07-14T10:40:00+08:00
7feb937b-7a9a-410c-a66d-a64665bb8fcc,M-1810,ORD-20260714-5713-0296,CONCESSION_ACCRUAL,26,229,2026-07-14T09:53:00+08:00
0b46af56-b76d-47ca-9a5b-3bc174f9299e,M-1498,ORD-20260714-3675-0297,CONCESSION_ACCRUAL,10,236,2026-07-14T17:53:00+08:00
39f7bd79-271c-4bdd-af3f-de234c8df193,M-1216,ORD-20260714-4359-0298,CONCESSION_ACCRUAL,9,723,2026-07-14T18:21:00+08:00
02cb9705-c042-49d3-a6d3-49e7a706e67a,M-1803,ORD-20260714-1912-0299,CONCESSION_ACCRUAL,16,359,2026-07-14T22:51:00+08:00
fa234f3a-c989-4f88-b5a9-d9f3c4564df2,M-1219,ORD-20260714-6657-0300,CONCESSION_ACCRUAL,3,181,2026-07-14T18:15:00+08:00
7f7d8f83-48d7-45f3-96c9-c608a81e369e,M-1341,ORD-20260714-3297-0301,CONCESSION_ACCRUAL,25,127,2026-07-14T16:02:00+08:00
0d66b4ec-0f25-4457-8f07-69d0d825a413,M-1162,ORD-20260714-6508-0302,CONCESSION_ACCRUAL,28,475,2026-07-14T16:44:00+08:00
35a28977-788d-4bff-aa00-775f376ac62a,M-1318,ORD-20260714-3680-0303,CONCESSION_ACCRUAL,3,362,2026-07-14T18:29:00+08:00
9591859a-836a-43f3-b319-6f28cb2be33e,M-1126,ORD-20260714-3596-0304,CONCESSION_ACCRUAL,13,114,2026-07-14T12:05:00+08:00
16911721-3ec3-45e8-a1f1-e33d5ffb75e4,M-1453,ORD-20260714-5787-0305,CONCESSION_ACCRUAL,26,260,2026-07-14T12:47:00+08:00
2f8eb54d-0f3a-4b2b-8b24-56b3ffd0fb3c,M-1061,ORD-20260714-2408-0306,CONCESSION_ACCRUAL,11,82,2026-07-14T12:38:00+08:00
0f37ffd0-9dd0-47b4-8d39-ccbf6a8ece1f,M-1079,ORD-20260714-1263-0307,CONCESSION_ACCRUAL,22,374,2026-07-14T20:47:00+08:00
3ee8bd51-c17f-4dfa-903c-868a333d17cc,M-1491,ORD-20260714-7557-0308,CONCESSION_ACCRUAL,8,90,2026-07-14T17:58:00+08:00
2b00d701-8fb1-4d93-8e4d-c1c4d43ce301,M-2091,ORD-20260714-1599-0309,CONCESSION_ACCRUAL,13,95,2026-07-14T15:25:00+08:00
01bf5b42-ebd0-4146-8b55-41c7229efc2d,M-1150,ORD-20260714-8465-0310,CONCESSION_ACCRUAL,46,128,2026-07-14T09:52:00+08:00
09440758-2255-4a0d-88cd-31029b035f51,M-1301,ORD-20260714-8444-0311,CONCESSION_ACCRUAL,15,167,2026-07-14T16:51:00+08:00
eed4f976-87cb-4ce7-aa44-1fdb424c50a4,M-1607,ORD-20260714-7602-0312,CONCESSION_ACCRUAL,13,171,2026-07-14T16:03:00+08:00
51b509d9-772b-4a35-9643-314cc84a80fd,M-1040,ORD-20260714-9208-0313,CONCESSION_ACCRUAL,20,287,2026-07-14T15:44:00+08:00
17b41787-5ef0-4486-ab48-cd1c46244e55,M-1040,TIER_UPGRADE_Standard_TO_Silver,TIER_BONUS,50,337,2026-07-14T15:44:00+08:00
eec34b67-3fbb-4488-add4-d48929e1f35c,M-1153,ORD-20260714-8157-0314,CONCESSION_ACCRUAL,15,165,2026-07-14T16:23:00+08:00
0912d222-4b45-493e-a0e6-7d79db6ba61c,M-1784,ORD-20260714-6287-0315,CONCESSION_ACCRUAL,6,92,2026-07-14T15:10:00+08:00
4059b1b5-4ab9-43d1-898d-216d69608965,M-1135,ORD-20260714-7045-0316,CONCESSION_ACCRUAL,10,269,2026-07-14T20:33:00+08:00
1c58065b-9a44-4e6e-ad3f-8197be75c8e3,M-1278,ORD-20260714-3294-0317,CONCESSION_ACCRUAL,10,289,2026-07-14T21:39:00+08:00
0fb2ba0a-304b-42f1-958b-41750dd7130e,M-1878,ORD-20260714-5142-0318,CONCESSION_ACCRUAL,13,38,2026-07-14T10:29:00+08:00
74b8dae3-74c7-4ac5-a6c0-8de011c2f9dd,M-1310,ORD-20260714-8215-0319,CONCESSION_ACCRUAL,24,45,2026-07-14T18:03:00+08:00
a57deb7d-63a1-464d-9813-15827fe4d519,M-1310,TIER_UPGRADE_Standard_TO_Silver,TIER_BONUS,50,95,2026-07-14T18:03:00+08:00
63d39e1e-c04d-44e6-ba21-d8d2b679ec86,M-1767,ORD-20260714-9980-0320,CONCESSION_ACCRUAL,17,269,2026-07-14T13:24:00+08:00
2e9f605b-4cf7-43cf-a770-80d28d485101,M-1506,ORD-20260714-2711-0321,CONCESSION_ACCRUAL,22,336,2026-07-14T11:05:00+08:00
cf6d39dd-7f7a-445e-921e-8e6edb7faac2,M-1406,ORD-20260714-6653-0322,CONCESSION_ACCRUAL,36,592,2026-07-14T13:25:00+08:00
0d9cc22a-7856-4164-9dcb-17d951d9906c,M-1018,ORD-20260714-2439-0323,CONCESSION_ACCRUAL,9,258,2026-07-14T13:23:00+08:00
5d8a5ffe-d8b2-4083-8eb0-d27523f11bad,M-1058,ORD-20260714-4782-0324,CONCESSION_ACCRUAL,15,332,2026-07-14T14:31:00+08:00
af90294d-65a3-44c0-a722-b80e2139e8a1,M-1337,ORD-20260714-9890-0325,CONCESSION_ACCRUAL,11,740,2026-07-14T10:59:00+08:00
5df1976d-69c8-4ede-ae62-b31943b6efdc,M-1369,ORD-20260714-1215-0326,CONCESSION_ACCRUAL,3,204,2026-07-14T18:11:00+08:00
5dae60e6-83c5-4bd5-a875-ea878d13974e,M-1797,ORD-20260714-2456-0327,CONCESSION_ACCRUAL,44,63,2026-07-14T19:35:00+08:00
ed8a2891-09ff-4f67-a039-ebe16f501abf,M-1797,TIER_UPGRADE_Standard_TO_Silver,TIER_BONUS,50,113,2026-07-14T19:35:00+08:00
8305807a-af13-4d7b-b742-cea029425896,M-1750,ORD-20260714-8315-0328,CONCESSION_ACCRUAL,27,275,2026-07-14T15:12:00+08:00
1d6616d4-0eaf-4b25-8ead-f29e97907481,M-1592,ORD-20260714-1854-0329,CONCESSION_ACCRUAL,8,56,2026-07-14T09:45:00+08:00
07f61ef5-96a7-4cf0-9905-c657b96e92de,M-1608,ORD-20260714-9866-0330,CONCESSION_ACCRUAL,11,228,2026-07-14T15:58:00+08:00
dfd8b83a-9d85-4582-bc34-d2d477112075,M-1134,ORD-20260714-3206-0331,CONCESSION_ACCRUAL,8,250,2026-07-14T09:13:00+08:00
9e246ed7-6ed6-437c-b308-ccd4e2b815a0,M-1664,ORD-20260714-1808-0332,CONCESSION_ACCRUAL,18,2365,2026-07-14T19:06:00+08:00
5d3a252f-0b19-4420-9dc9-a5021700d2a6,M-1545,ORD-20260714-3006-0333,CONCESSION_ACCRUAL,15,83,2026-07-14T10:21:00+08:00
62734851-2968-41e4-92f5-8adff8df55bd,M-1443,ORD-20260714-7094-0334,CONCESSION_ACCRUAL,7,95,2026-07-14T10:45:00+08:00
f1805655-fff2-4136-b894-2802c9077133,M-1699,ORD-20260714-8006-0335,CONCESSION_ACCRUAL,18,256,2026-07-14T12:43:00+08:00
42c5e22a-53f8-4a28-a83d-cc0aadcfeb26,M-1324,ORD-20260714-3909-0336,CONCESSION_ACCRUAL,12,101,2026-07-14T22:57:00+08:00
