ledger_id,member_id,source_reference_id,transaction_type,points_delta,resulting_balance,created_at
4be63b0a-876c-4cf8-b348-a1f95d3bc11b,M-1037,SESS-20260803-3157-0000,RENTAL_ACCRUAL,12,637,2026-08-03T22:30:00+08:00
55054d4e-ef32-4fd0-bbec-45eaa6559731,M-1338,SESS-20260803-6190-0001,RENTAL_ACCRUAL,16,413,2026-08-04T01:40:00+08:00
86a73e38-e1c0-417d-8e06-eea262b43a0d,M-1783,SESS-20260803-7493-0002,RENTAL_ACCRUAL,28,574,2026-08-03T21:00:00+08:00
4e7aee69-963f-4904-8508-cd04ae7b921e,M-2064,SESS-20260803-8328-0003,RENTAL_ACCRUAL,11,233,2026-08-03T16:30:00+08:00
3141d2b0-5fcc-4415-9a4f-efbe3f746491,M-1307,SESS-20260803-9267-0004,RENTAL_REDEMPTION,-100,140,2026-08-03T16:40:00+08:00
ec5053f6-5ca5-4425-8b5b-b4c9da01f467,M-1307,SESS-20260803-9267-0004,RENTAL_ACCRUAL,5,145,2026-08-03T18:40:00+08:00
2dc81b28-406d-4236-af40-39a0a428809d,M-1800,SESS-20260803-5815-0005,RENTAL_ACCRUAL,11,469,2026-08-03T20:00:00+08:00
1677866c-a98f-4aed-a83e-49d0d4013d6d,M-1607,SESS-20260803-8705-0006,RENTAL_REDEMPTION,-100,212,2026-08-03T15:00:00+08:00
c7ad0d6d-1b32-46c7-9fd8-2691954a60f8,M-1607,SESS-20260803-8705-0006,RENTAL_ACCRUAL,10,222,2026-08-03T18:00:00+08:00
14c9382d-64ea-42a4-a675-c406ceb0396b,M-1291,SESS-20260803-1182-0007,RENTAL_ACCRUAL,28,303,2026-08-04T01:30:00+08:00
a4878243-62a3-4f61-b507-5c3f691c1e14,M-1009,SESS-20260803-2300-0008,RENTAL_ACCRUAL,28,101,2026-08-04T01:00:00+08:00
9e818ce8-417a-4fb6-9427-f78354bd0038,M-1431,SESS-20260803-9854-0009,RENTAL_REDEMPTION,-100,455,2026-08-03T15:00:00+08:00
848f858c-91e4-4972-8fc0-3d0edb3ab489,M-1431,SESS-20260803-9854-0009,RENTAL_ACCRUAL,5,460,2026-08-03T17:00:00+08:00
d5b56617-fc95-4a0b-b53e-bc4934e5c6ca,M-1688,SESS-20260803-8790-0010,RENTAL_ACCRUAL,6,571,2026-08-03T15:45:00+08:00
c0a4b7ca-094d-4c22-8090-9258ed3870f7,M-1285,SESS-20260803-4161-0011,RENTAL_ACCRUAL,16,139,2026-08-04T01:45:00+08:00
1a484f9c-0d5a-4e59-99bc-42d1777ca8d1,M-1700,SESS-20260803-5617-0012,RENTAL_ACCRUAL,9,357,2026-08-03T20:30:00+08:00
29c0d0cf-bd59-47b7-b0cf-4374c97e1827,M-1876,SESS-20260803-5118-0013,RENTAL_ACCRUAL,8,43,2026-08-03T09:30:00+08:00
8e32855e-4014-4aa3-b467-ba90ca287196,M-1171,SESS-20260803-5678-0014,RENTAL_ACCRUAL,11,69,2026-08-03T15:45:00+08:00
bb720a31-d5bc-4251-a39e-1f64dfa11d8e,M-1686,SESS-20260803-3871-0015,RENTAL_ACCRUAL,16,137,2026-08-03T22:30:00+08:00
94004cb1-45db-4d2f-9d24-047f0e34a6df,M-1627,SESS-20260803-2242-0016,RENTAL_ACCRUAL,16,442,2026-08-03T23:45:00+08:00
35d70cb9-7dc1-426d-ab56-261d8a8f73f9,M-1621,SESS-20260803-2453-0017,RENTAL_ACCRUAL,72,614,2026-08-04T03:45:00+08:00
2545b250-cadc-4d1e-af95-f82a6c2901e6,M-1525,SESS-20260803-3375-0018,RENTAL_ACCRUAL,9,93,2026-08-03T20:00:00+08:00
15d4358f-654c-42f8-ad62-136cad6672f6,M-1699,SESS-20260803-3951-0019,RENTAL_ACCRUAL,18,194,2026-08-03T16:45:00+08:00
e229ba88-b6d4-4993-b912-f3760891e947,M-2171,SESS-20260803-9328-0020,RENTAL_ACCRUAL,10,64,2026-08-03T21:00:00+08:00
92188a27-8f65-4124-9ee1-eb72ef4d77d4,M-1818,SESS-20260803-4993-0021,RENTAL_ACCRUAL,28,383,2026-08-04T00:30:00+08:00
23d16dcb-d3fa-4cad-962c-554015e0887d,M-1597,SESS-20260803-8941-0022,RENTAL_REDEMPTION,-100,53,2026-08-03T21:05:00+08:00
cd35d4ee-9cfe-4db1-8561-5627ca9ca22d,M-1597,SESS-20260803-8941-0022,RENTAL_ACCRUAL,21,74,2026-08-04T02:05:00+08:00
8b400b3f-b242-491b-b67c-3c8cf03bbc2a,M-2064,SESS-20260803-8662-0023,RENTAL_ACCRUAL,5,238,2026-08-03T18:30:00+08:00
86f7a26e-6f4b-406d-954d-861cc78e3fbe,M-1514,SESS-20260803-6609-0024,RENTAL_ACCRUAL,45,616,2026-08-04T01:35:00+08:00
82e5f12a-7093-47ec-a27c-bd7699147fdd,M-1247,SESS-20260803-6678-0025,RENTAL_ACCRUAL,6,2286,2026-08-03T14:30:00+08:00
69dd27bb-b3d9-4b48-8eb8-203e39d9153c,M-2092,SESS-20260803-8442-0026,RENTAL_ACCRUAL,11,66,2026-08-03T21:45:00+08:00
506352ac-a231-474b-a312-e59aa2949d92,M-1559,SESS-20260803-4348-0027,RENTAL_ACCRUAL,11,409,2026-08-03T21:45:00+08:00
a85f5e41-6d14-4f1f-a6c6-f780691cfadc,M-1254,SESS-20260803-3805-0028,RENTAL_ACCRUAL,5,70,2026-08-03T22:00:00+08:00
7152ea92-42f9-4535-9bbb-c0d70f3d9021,M-1589,SESS-20260803-5463-0029,RENTAL_ACCRUAL,9,146,2026-08-03T16:30:00+08:00
bd745a17-7401-4457-9753-c90341144257,M-1397,SESS-20260803-9424-0030,RENTAL_ACCRUAL,30,801,2026-08-03T20:00:00+08:00
904f68ab-6f48-429b-8a14-7e5c39aa5d4a,M-1573,SESS-20260803-1172-0031,RENTAL_ACCRUAL,16,686,2026-08-04T00:00:00+08:00
78bc6a85-9380-4f91-861e-0fb5807f3cdf,M-2023,SESS-20260803-7360-0032,RENTAL_ACCRUAL,16,326,2026-08-03T06:30:00+08:00
b25ec4be-ef4a-4bf9-b8ec-6e801d90cd7d,M-1071,SESS-20260803-9701-0033,RENTAL_REDEMPTION,-100,58,2026-08-03T22:30:00+08:00
3628470d-8a6d-4cdf-b94c-e5f2487cd8a6,M-1071,SESS-20260803-9701-0033,RENTAL_ACCRUAL,7,65,2026-08-03T23:30:00+08:00
344edfdc-53a9-417e-bd83-89c3c34920b7,M-1534,SESS-20260803-2130-0034,RENTAL_REDEMPTION,-100,118,2026-08-03T19:00:00+08:00
8d3ed312-e152-45a2-bd81-554441443086,M-1534,SESS-20260803-2130-0034,RENTAL_ACCRUAL,5,123,2026-08-03T21:00:00+08:00
a86a6466-b1ed-4079-8f1b-fabe3b75d7a0,M-1520,SESS-20260803-6778-0035,RENTAL_ACCRUAL,28,797,2026-08-03T17:30:00+08:00
f664bdeb-b348-409c-a823-812fe28c7850,M-1126,SESS-20260803-6267-0036,RENTAL_ACCRUAL,108,142,2026-08-04T03:00:00+08:00
9104e9a7-05de-4ea6-a915-976eee5bb555,M-2088,SESS-20260803-5621-0037,RENTAL_ACCRUAL,10,119,2026-08-04T00:00:00+08:00
4ae6eb1f-8bf3-4ea5-8c22-725b7ced9f68,M-1590,SESS-20260803-4939-0038,RENTAL_ACCRUAL,9,114,2026-08-03T21:00:00+08:00
0df37929-aa35-483b-9688-aa912da790d6,M-1364,SESS-20260803-7410-0039,RENTAL_REDEMPTION,-100,958,2026-08-03T13:30:00+08:00
49932c44-1682-4299-a6bd-ca85b3019988,M-1364,SESS-20260803-7410-0039,RENTAL_ACCRUAL,4,962,2026-08-03T15:30:00+08:00
fe21c00a-8187-4e0f-9048-fd19f9af1f23,M-1992,SESS-20260803-1146-0040,RENTAL_REDEMPTION,-100,89,2026-08-03T18:45:00+08:00
eb565476-36db-4ed7-a33b-5f960a47cfff,M-1992,SESS-20260803-1146-0040,RENTAL_ACCRUAL,38,127,2026-08-03T23:45:00+08:00
93f78fa1-459e-45f8-bc13-8773df9ffdac,M-1536,SESS-20260803-6176-0041,RENTAL_ACCRUAL,45,394,2026-08-03T16:30:00+08:00
b0f46061-7642-442b-96ac-655162ba5d91,M-1801,SESS-20260803-9260-0042,RENTAL_ACCRUAL,5,150,2026-08-03T16:15:00+08:00
bfe735ff-309e-4547-9f19-1f65eae48521,M-2079,SESS-20260803-1207-0043,RENTAL_ACCRUAL,40,384,2026-08-03T13:30:00+08:00
f374ccf4-7332-4761-8095-2343a5a53ee4,M-1443,SESS-20260803-6471-0044,RENTAL_ACCRUAL,27,430,2026-08-03T16:45:00+08:00
2df49aac-b832-475f-8de4-1c6ff116d50a,M-1745,SESS-20260803-2497-0045,RENTAL_ACCRUAL,5,48,2026-08-03T19:30:00+08:00
439f39c9-5491-4543-9d45-b8d18f9eef65,M-2126,SESS-20260803-2874-0046,RENTAL_ACCRUAL,24,70,2026-08-03T23:45:00+08:00
638278a1-cbec-42ac-93fc-5bb443136c4c,M-1536,SESS-20260803-6706-0047,RENTAL_ACCRUAL,28,422,2026-08-03T21:45:00+08:00
a812eeea-ac04-44ea-8ef6-cb7acecd111a,M-1226,SESS-20260803-4775-0048,RENTAL_ACCRUAL,30,1380,2026-08-04T02:00:00+08:00
037bafdb-8193-46dd-a251-0841b7846f54,M-2118,SESS-20260803-2562-0049,RENTAL_ACCRUAL,25,156,2026-08-03T20:35:00+08:00
de89eaf1-d2e5-4166-acdf-00fd1700039e,M-1508,SESS-20260803-2427-0050,RENTAL_ACCRUAL,27,512,2026-08-04T00:45:00+08:00
2b57da45-f468-46b1-a2cd-a9b520de71c9,M-1425,SESS-20260803-2605-0051,RENTAL_REDEMPTION,-100,20,2026-08-03T18:30:00+08:00
967aedcb-8e5b-422a-8830-49bcc9c113fa,M-1425,SESS-20260803-2605-0051,RENTAL_ACCRUAL,55,75,2026-08-03T23:30:00+08:00
c038d5a9-070a-405d-8d8b-50fda800af6b,M-1425,TIER_UPGRADE_Standard_TO_Silver,TIER_BONUS,50,125,2026-08-03T23:30:00+08:00
5a8e32f2-cb3c-4e2d-8459-977430709139,M-2101,SESS-20260803-8423-0052,RENTAL_ACCRUAL,15,118,2026-08-03T21:15:00+08:00
3c195806-627c-4143-bf5a-e518cd39531c,M-1451,SESS-20260803-4728-0053,RENTAL_ACCRUAL,18,239,2026-08-03T10:00:00+08:00
d423f30a-ec52-448c-8a54-ef01231eb6d8,M-1390,SESS-20260803-7461-0054,RENTAL_ACCRUAL,11,281,2026-08-03T22:50:00+08:00
6216d4d6-fd40-44c1-a110-a858c84137e2,M-1380,SESS-20260803-8819-0055,RENTAL_ACCRUAL,19,365,2026-08-03T11:00:00+08:00
6f239d15-5db1-4f25-a389-90da5ba139bc,M-1106,SESS-20260803-7873-0056,RENTAL_ACCRUAL,28,433,2026-08-03T14:00:00+08:00
944e7fb3-0775-41c8-9db4-845ace605d06,M-1216,SESS-20260803-6355-0057,RENTAL_REDEMPTION,-100,292,2026-08-03T17:15:00+08:00
16c0bb80-5b25-4ed4-9fcf-e491786591ac,M-1216,SESS-20260803-6355-0057,RENTAL_ACCRUAL,2,294,2026-08-03T18:15:00+08:00
35b0e717-2541-499c-9436-d40ea0fb3c3a,M-1237,SESS-20260803-5899-0058,RENTAL_ACCRUAL,13,147,2026-08-03T14:45:00+08:00
30496140-a7c4-4e9d-8921-0fcf10aa3c56,M-1772,SESS-20260803-2178-0059,RENTAL_REDEMPTION,-100,31,2026-08-03T04:15:00+08:00
1475d979-6c02-48d9-b1aa-4eebac2b2721,M-1772,SESS-20260803-2178-0059,RENTAL_ACCRUAL,11,42,2026-08-03T06:15:00+08:00
1cead453-7c8b-4eaa-9900-94f43bcf3b02,M-1827,SESS-20260803-3376-0060,RENTAL_ACCRUAL,28,324,2026-08-04T02:55:00+08:00
6a47f044-b14e-444d-8ecf-a8bf48b2e865,M-2106,SESS-20260803-1541-0061,RENTAL_ACCRUAL,24,77,2026-08-03T20:45:00+08:00
69a09498-c77b-4c73-9868-9de8ed73133f,M-1989,SESS-20260803-1761-0062,RENTAL_ACCRUAL,10,84,2026-08-03T22:15:00+08:00
3f348bf7-4787-4a98-b9b2-b61be6bdb592,M-1591,SESS-20260803-4914-0063,RENTAL_REDEMPTION,-100,1928,2026-08-03T20:30:00+08:00
9252ca1d-1638-4b65-b3a3-22c89ddd2b3d,M-1591,SESS-20260803-4914-0063,RENTAL_ACCRUAL,4,1932,2026-08-03T22:30:00+08:00
b93623da-393f-4337-a2b3-d2ca1e34eb1e,M-1292,SESS-20260803-5614-0064,RENTAL_REDEMPTION,-100,235,2026-08-03T11:45:00+08:00
1ae234f6-83f4-4330-b8b1-1b77f9af1c45,M-1292,SESS-20260803-5614-0064,RENTAL_ACCRUAL,4,239,2026-08-03T13:45:00+08:00
4d5cc419-fdac-4d29-9a73-79dac43815ba,M-2107,SESS-20260803-1872-0065,RENTAL_ACCRUAL,15,97,2026-08-03T23:00:00+08:00
2002cf8b-0ccf-4e5b-87b0-581a8419b9c1,M-1369,SESS-20260803-7337-0066,RENTAL_ACCRUAL,18,280,2026-08-03T20:00:00+08:00
ae5199a5-2c95-41ec-a6df-60de4d8a4168,M-1174,SESS-20260803-2603-0067,RENTAL_REDEMPTION,-100,43,2026-08-03T10:45:00+08:00
ba275ae1-c7b5-4383-9ada-7a35ee11eaf8,M-1174,SESS-20260803-2603-0067,RENTAL_ACCRUAL,5,48,2026-08-03T12:45:00+08:00
87343b9e-f395-4847-8d98-6b7fbe697ed7,M-1808,SESS-20260803-2060-0068,RENTAL_ACCRUAL,6,1825,2026-08-03T23:15:00+08:00
926ba37d-366b-4abf-9798-7a0b569d7fef,M-1166,SESS-20260803-7773-0069,RENTAL_ACCRUAL,18,365,2026-08-03T21:30:00+08:00
2898662e-b3d2-462a-ab7c-fcb67b38963d,M-1863,SESS-20260803-6693-0070,RENTAL_ACCRUAL,24,128,2026-08-03T21:45:00+08:00
ce01e0d2-6cab-48f1-8776-b2aee180caf5,M-1062,SESS-20260803-5794-0071,RENTAL_REDEMPTION,-200,271,2026-08-03T16:45:00+08:00
2d82f911-f1c9-4049-859a-c0c3e5c4f084,M-1062,SESS-20260803-5794-0071,RENTAL_ACCRUAL,4,275,2026-08-03T19:45:00+08:00
af4f3ccc-6afd-4a4c-9251-b7a9c9c0f6ee,M-1480,SESS-20260803-8409-0072,RENTAL_ACCRUAL,27,275,2026-08-04T00:45:00+08:00
e720d297-3f72-442d-8aa7-b4671583766e,M-1742,SESS-20260803-7159-0073,RENTAL_REDEMPTION,-100,121,2026-08-03T13:50:00+08:00
67b0cd82-1616-4ed9-8d33-da06673e547a,M-1742,SESS-20260803-7159-0073,RENTAL_ACCRUAL,5,126,2026-08-03T15:50:00+08:00
616aadc5-ef0b-4397-a885-874a33872116,M-1334,SESS-20260803-1496-0074,RENTAL_ACCRUAL,5,285,2026-08-03T17:30:00+08:00
b492c1f4-a7b9-4c33-9b47-7738d734a752,M-2163,SESS-20260803-8058-0075,RENTAL_ACCRUAL,67,231,2026-08-03T18:45:00+08:00
134f52d4-90ec-4fad-aa84-9e1d5849275d,M-1720,SESS-20260803-2607-0076,RENTAL_ACCRUAL,11,430,2026-08-03T21:00:00+08:00
9cd26297-ffe0-468d-a9b2-cdd241330d2f,M-1899,SESS-20260803-6260-0077,RENTAL_ACCRUAL,36,63,2026-08-03T17:00:00+08:00
5ff16e3d-4938-48fd-80f6-e4541fb8736b,M-1614,SESS-20260803-2013-0078,RENTAL_ACCRUAL,16,314,2026-08-03T18:55:00+08:00
5599adf7-e092-4267-8920-372a048a85cf,M-2073,SESS-20260803-7531-0079,RENTAL_ACCRUAL,10,44,2026-08-03T19:00:00+08:00
cb3c467b-e6b3-4ed5-8e0f-7070a4ebd312,M-1742,SESS-20260803-9005-0080,RENTAL_REDEMPTION,-100,26,2026-08-03T16:45:00+08:00
54a8e21a-9f57-45e0-ae9e-cf76e20e6ec9,M-1742,SESS-20260803-9005-0080,RENTAL_ACCRUAL,21,47,2026-08-03T21:45:00+08:00
63c40f7f-51dd-495c-bdcf-cfa0d11418be,M-2095,SESS-20260803-6201-0081,RENTAL_ACCRUAL,25,108,2026-08-04T00:00:00+08:00
2c28cb1b-1632-42a5-ab03-04a46ade6ee0,M-1946,SESS-20260803-7092-0082,RENTAL_ACCRUAL,10,75,2026-08-03T18:45:00+08:00
c8dc901e-f530-4ef7-835e-fd4db092013a,M-1683,SESS-20260803-6031-0083,RENTAL_ACCRUAL,12,1109,2026-08-04T00:00:00+08:00
2f953005-0ff1-4205-9d38-a733ea524916,M-1620,SESS-20260803-1521-0084,RENTAL_ACCRUAL,16,146,2026-08-04T00:30:00+08:00
1e0a2d2f-ca5f-4d08-85ea-56395234943e,M-1334,SESS-20260803-2363-0085,RENTAL_REDEMPTION,-200,85,2026-08-03T21:15:00+08:00
37ba12b2-7d45-49fa-91cb-84a9c79fb615,M-1334,SESS-20260803-2363-0085,RENTAL_ACCRUAL,5,90,2026-08-03T23:15:00+08:00
f515e7d3-5181-4327-b117-d880939ebf9b,M-1816,SESS-20260803-6687-0086,RENTAL_ACCRUAL,40,136,2026-08-03T22:15:00+08:00
423f3c92-eb42-4451-8d02-e626022db94d,M-1249,SESS-20260803-5667-0087,RENTAL_REDEMPTION,-200,105,2026-08-03T21:00:00+08:00
b364d9e8-3662-4d88-9b3b-a95d115dbf5f,M-1249,SESS-20260803-5667-0087,RENTAL_ACCRUAL,32,137,2026-08-04T05:00:00+08:00
e8982f87-629a-41c3-a2e1-d13c65e08979,M-1587,SESS-20260803-3634-0088,RENTAL_ACCRUAL,48,872,2026-08-04T05:30:00+08:00
98b21125-0f1f-484d-9584-f4ed82032a32,M-1104,SESS-20260803-5394-0089,RENTAL_ACCRUAL,16,379,2026-08-03T23:00:00+08:00
929ddf61-9f7d-4913-b7ef-141d0255e6d5,M-1411,SESS-20260803-3855-0090,RENTAL_ACCRUAL,6,645,2026-08-03T22:15:00+08:00
a1b85da3-4af9-4b96-b2de-64fa3ab70e23,M-1561,SESS-20260803-7722-0091,RENTAL_ACCRUAL,11,314,2026-08-03T17:15:00+08:00
401366c6-d130-4f41-b9c2-93cec0cee8a5,M-1415,SESS-20260803-2065-0092,RENTAL_REDEMPTION,-100,1172,2026-08-03T16:30:00+08:00
cd88f504-5349-4c51-8db1-7b0665a7f6fa,M-1415,SESS-20260803-2065-0092,RENTAL_ACCRUAL,21,1193,2026-08-03T19:30:00+08:00
0ed0d2dc-8e60-4a9f-b4d3-fdcf17aff29b,M-1594,SESS-20260803-4206-0093,RENTAL_ACCRUAL,9,264,2026-08-03T17:50:00+08:00
c53b6fe6-43f5-47fb-a5a1-958de4a24501,M-2053,SESS-20260803-7296-0094,RENTAL_ACCRUAL,8,227,2026-08-03T12:15:00+08:00
5f461ac1-da1c-4dc8-a6c7-cb5bd05e401a,M-1123,SESS-20260803-3711-0095,RENTAL_ACCRUAL,18,403,2026-08-03T22:15:00+08:00
be91bf3a-67b4-4ac7-a2d0-eb3f1329ce30,M-1483,SESS-20260803-9441-0096,RENTAL_ACCRUAL,18,564,2026-08-03T23:10:00+08:00
83f5c9f2-f6d2-489a-b00e-9585ff9e6baf,M-1215,SESS-20260803-7517-0097,RENTAL_ACCRUAL,16,228,2026-08-03T18:15:00+08:00
2ffce0db-a943-4ffb-b881-e70cee35a758,M-1131,SESS-20260803-1516-0098,RENTAL_ACCRUAL,11,103,2026-08-03T20:30:00+08:00
323ab4b2-bace-4a2a-8e71-243e8cc851bb,M-1077,SESS-20260803-4421-0099,RENTAL_ACCRUAL,28,602,2026-08-04T00:15:00+08:00
798c152b-0ca8-4454-94ca-64b1d816f9e7,M-1475,SESS-20260803-9397-0100,RENTAL_ACCRUAL,28,571,2026-08-03T19:00:00+08:00
c611ef4d-8f1d-4881-a222-5075116c062f,M-1297,SESS-20260803-4365-0101,RENTAL_ACCRUAL,11,223,2026-08-03T21:45:00+08:00
c7772284-6496-49f5-8d31-828ed1dfd8f3,M-1064,SESS-20260803-3579-0102,RENTAL_ACCRUAL,11,154,2026-08-03T23:50:00+08:00
2eb8c136-85cf-4500-bfc3-f5c57acad99b,M-1603,SESS-20260803-8547-0103,RENTAL_ACCRUAL,40,253,2026-08-03T03:50:00+08:00
4f242eb7-b8fe-4f39-bbbd-91aa7e9b7a21,M-1798,SESS-20260803-9627-0104,RENTAL_ACCRUAL,16,281,2026-08-04T02:00:00+08:00
49ef5668-b929-4b57-8b0f-47671871c2e5,M-2027,SESS-20260803-3343-0105,RENTAL_ACCRUAL,11,221,2026-08-04T00:15:00+08:00
85602603-b2ba-4fd7-be6e-9d79f6062633,M-1057,SESS-20260803-4321-0106,RENTAL_ACCRUAL,27,197,2026-08-03T23:45:00+08:00
127efa4c-704b-46a4-abf2-681629c47a26,M-1747,SESS-20260803-3670-0107,RENTAL_ACCRUAL,27,137,2026-08-04T01:40:00+08:00
a1809cb8-1583-4ba9-8ca1-8a17fb7fc861,M-1518,SESS-20260803-3210-0108,RENTAL_ACCRUAL,5,395,2026-08-03T21:00:00+08:00
ed5eeba0-9b2a-4ac2-a2f0-97dea5099281,M-1174,SESS-20260803-2522-0109,RENTAL_ACCRUAL,18,66,2026-08-03T23:15:00+08:00
47cf8f5f-67c1-49e2-84fd-20fd72bc2c7c,M-1730,SESS-20260803-7215-0110,RENTAL_ACCRUAL,27,105,2026-08-04T01:20:00+08:00
741b319e-5d30-476b-954b-a54041af6e8b,M-1298,SESS-20260803-1438-0111,RENTAL_ACCRUAL,18,500,2026-08-04T00:00:00+08:00
605291fa-550a-4f13-8c77-0d3aa9f6ef65,M-2197,SESS-20260803-5782-0112,RENTAL_ACCRUAL,5,288,2026-08-03T20:15:00+08:00
f6162d77-5941-419f-a611-603d006c44d0,M-1805,SESS-20260803-2143-0113,RENTAL_ACCRUAL,11,354,2026-08-03T18:45:00+08:00
7837b666-3762-4496-abe0-6c080a12df2b,M-1641,SESS-20260803-5331-0114,RENTAL_ACCRUAL,11,122,2026-08-03T16:30:00+08:00
0b3217c8-df20-4838-9337-24e375bce7fd,M-1936,SESS-20260803-3949-0115,RENTAL_ACCRUAL,28,126,2026-08-03T19:05:00+08:00
96131579-a14e-44e7-b011-0ee75ab711f2,M-1805,SESS-20260803-5801-0116,RENTAL_ACCRUAL,5,359,2026-08-03T23:00:00+08:00
514d00c6-f6ca-4d86-af06-3d9bd029a3e0,M-1290,SESS-20260803-9835-0117,RENTAL_REDEMPTION,-100,7,2026-08-03T02:15:00+08:00
06131439-0b3c-4609-b10e-ccff4d2cb9fc,M-1290,SESS-20260803-9835-0117,RENTAL_ACCRUAL,10,17,2026-08-03T05:15:00+08:00
fa8e092a-57fd-4fce-ad36-5bc347af2f19,M-1231,SESS-20260803-4960-0118,RENTAL_ACCRUAL,27,349,2026-08-03T23:00:00+08:00
601bf306-3235-4b55-ac6f-2cf52c07e528,M-2070,SESS-20260803-4899-0119,RENTAL_ACCRUAL,10,188,2026-08-03T23:50:00+08:00
5c377ab3-d728-40a8-9ae2-91410c049c4e,M-1407,SESS-20260803-1120-0120,RENTAL_REDEMPTION,-100,452,2026-08-03T16:15:00+08:00
7d0e1fe7-3502-4e09-a3c4-34972c85cd8b,M-1407,SESS-20260803-1120-0120,RENTAL_ACCRUAL,11,463,2026-08-03T18:15:00+08:00
e4656076-e8d8-43f2-a21c-65741e95a17f,M-1274,SESS-20260803-7322-0121,RENTAL_REDEMPTION,-100,557,2026-08-03T22:45:00+08:00
f33271d9-8bd1-4dee-906a-da580d7b4297,M-1274,SESS-20260803-7322-0121,RENTAL_ACCRUAL,10,567,2026-08-04T01:45:00+08:00
ed824f91-5f90-4d42-9b12-f1c57de83392,M-1795,SESS-20260803-2953-0122,RENTAL_ACCRUAL,67,109,2026-08-04T01:15:00+08:00
f777aa38-f322-4cb3-9d8e-99b2263eeebd,M-1410,SESS-20260803-3289-0123,RENTAL_REDEMPTION,-300,570,2026-08-03T16:00:00+08:00
1931f3fe-1d57-4a2c-901f-38c674572059,M-1410,SESS-20260803-3289-0123,RENTAL_ACCRUAL,6,576,2026-08-03T18:00:00+08:00
51f63855-5e76-4d74-8a91-fd51fb411757,M-2065,SESS-20260803-2027-0124,RENTAL_ACCRUAL,8,95,2026-08-03T19:20:00+08:00
c55811c6-05db-42c8-a8da-a8c2bd7115b1,M-2157,SESS-20260803-7467-0125,RENTAL_ACCRUAL,8,65,2026-08-03T21:05:00+08:00
e4d1fc3f-b7fd-4d05-a959-6cdc809b2d51,M-1389,SESS-20260803-7907-0126,RENTAL_ACCRUAL,76,343,2026-08-04T07:30:00+08:00
7437e42a-3d6b-4e81-a613-ae8bd2d7fd99,M-1589,SESS-20260803-5849-0127,RENTAL_ACCRUAL,27,173,2026-08-03T23:15:00+08:00
a51e2585-c5f9-4b4a-bfe0-46d0ee6a2fc0,M-1664,SESS-20260803-4407-0128,RENTAL_ACCRUAL,28,2302,2026-08-03T23:45:00+08:00
6004b375-9bba-4268-a9dd-892f016ad7a6,M-1965,SESS-20260803-9416-0129,RENTAL_ACCRUAL,15,263,2026-08-03T21:00:00+08:00
89786853-d4f3-48c4-98db-7646c49f2563,M-1584,SESS-20260803-3206-0130,RENTAL_ACCRUAL,27,139,2026-08-03T19:45:00+08:00
29e15899-b85b-4b7a-9469-d249a4cfefe4,M-1654,SESS-20260803-1333-0131,RENTAL_REDEMPTION,-300,28,2026-08-03T13:30:00+08:00
75ed4ecf-1bfd-4b3f-96bb-eaa303d54444,M-1654,SESS-20260803-1333-0131,RENTAL_ACCRUAL,9,37,2026-08-03T18:30:00+08:00
d86bd162-0544-4fc6-98dd-e8b3e6b4884d,M-1210,SESS-20260803-2886-0132,RENTAL_REDEMPTION,-100,1007,2026-08-03T15:45:00+08:00
04dc1331-956a-440d-8190-21390f011587,M-1210,SESS-20260803-2886-0132,RENTAL_ACCRUAL,11,1018,2026-08-03T17:45:00+08:00
5b51963b-af18-4cee-8102-b3ce312ef29e,M-1478,SESS-20260803-2346-0133,RENTAL_ACCRUAL,11,209,2026-08-03T20:45:00+08:00
4f0fcfd1-798e-4100-9426-2f97bf1fcb9b,M-1949,SESS-20260803-6271-0134,RENTAL_ACCRUAL,25,195,2026-08-04T01:15:00+08:00
8ba52b53-e775-48d5-8b13-a97fb419050f,M-1442,SESS-20260803-8437-0135,RENTAL_ACCRUAL,28,378,2026-08-03T23:45:00+08:00
7727cca3-bbad-46e8-a731-28ea1ea7488e,M-1533,SESS-20260803-5021-0136,RENTAL_REDEMPTION,-100,477,2026-08-03T23:25:00+08:00
7f0c0918-f275-45a7-a0d1-41ae3507522d,M-1533,SESS-20260803-5021-0136,RENTAL_ACCRUAL,40,517,2026-08-04T04:25:00+08:00
ccd04b99-99cb-4590-b48b-700d6341e158,M-1115,SESS-20260803-6921-0137,RENTAL_REDEMPTION,-100,178,2026-08-03T20:45:00+08:00
b249ae6d-bdf4-49f4-aa59-722790cc91d3,M-1115,SESS-20260803-6921-0137,RENTAL_ACCRUAL,2,180,2026-08-03T21:45:00+08:00
49d26b39-fee3-462e-aece-ee02239b3341,M-1718,SESS-20260803-2532-0138,RENTAL_REDEMPTION,-100,1308,2026-08-03T16:15:00+08:00
d19a077f-344b-4c74-9550-28bd7a8fff10,M-1718,SESS-20260803-2532-0138,RENTAL_ACCRUAL,4,1312,2026-08-03T18:15:00+08:00
8d2ad57d-e05e-4c83-9682-8a0e3e099760,M-2038,SESS-20260803-5698-0139,RENTAL_ACCRUAL,5,154,2026-08-03T23:35:00+08:00
62d15e47-b1ff-409e-84b0-5672727d3272,M-1831,SESS-20260803-4320-0140,RENTAL_ACCRUAL,27,292,2026-08-04T00:40:00+08:00
86eb9669-4bb5-4ae3-a207-0b94184842f3,M-1244,SESS-20260803-3409-0141,RENTAL_ACCRUAL,28,350,2026-08-04T01:45:00+08:00
27570b05-b0f2-4b11-b453-25b97b1a468b,M-1116,SESS-20260803-7828-0142,RENTAL_ACCRUAL,5,371,2026-08-03T19:25:00+08:00
f11c30f8-b1c2-4777-9762-7e9c21a9794f,M-1643,SESS-20260803-2347-0143,RENTAL_ACCRUAL,5,342,2026-08-03T19:45:00+08:00
ced818f3-ddb8-47fe-8083-e0041d5308d3,M-1598,SESS-20260803-2965-0144,RENTAL_ACCRUAL,27,187,2026-08-03T10:30:00+08:00
27866175-bef5-4ff4-87a5-4cbafc41ce5a,M-1201,SESS-20260803-6515-0145,RENTAL_ACCRUAL,40,263,2026-08-03T16:00:00+08:00
48f70532-d142-41c2-b944-91532110d898,M-1760,SESS-20260803-6877-0146,RENTAL_REDEMPTION,-100,178,2026-08-03T09:30:00+08:00
0aad4baf-6115-4284-a2d7-d7fee63268d7,M-1760,SESS-20260803-6877-0146,RENTAL_ACCRUAL,11,189,2026-08-03T11:30:00+08:00
a2019030-0415-4428-be1a-236da753a48f,M-1769,SESS-20260803-6019-0147,RENTAL_ACCRUAL,45,333,2026-08-04T02:15:00+08:00
94c6d9b0-173e-4a83-aafe-071b7bd39857,M-1651,SESS-20260803-7280-0148,RENTAL_ACCRUAL,28,434,2026-08-04T01:45:00+08:00
db9cd313-74f8-4892-ae8b-59f985b9a69f,M-1082,SESS-20260803-7851-0149,RENTAL_ACCRUAL,28,272,2026-08-03T14:45:00+08:00
25e47afb-2b3a-4d79-9483-c96198e8e170,M-1704,SESS-20260803-3981-0150,RENTAL_REDEMPTION,-300,104,2026-08-03T12:45:00+08:00
12e1e07f-8e82-43ec-a439-2f95df365b13,M-1704,SESS-20260803-3981-0150,RENTAL_ACCRUAL,9,113,2026-08-03T17:45:00+08:00
0e057bbf-74f2-4f07-a24c-dee7caecf221,M-1732,SESS-20260803-1197-0151,RENTAL_ACCRUAL,16,114,2026-08-03T20:45:00+08:00
28e2737f-9074-4ff7-97b7-95cce54ee4ba,M-1830,SESS-20260803-1953-0152,RENTAL_REDEMPTION,-200,80,2026-08-03T16:00:00+08:00
8e472a20-dd38-4dc8-a0fd-f194e86aecc1,M-1830,SESS-20260803-1953-0152,RENTAL_ACCRUAL,3,83,2026-08-03T19:00:00+08:00
949a4c4d-359a-4bd2-aeba-85523d236284,M-1466,SESS-20260803-9168-0153,RENTAL_ACCRUAL,12,3624,2026-08-04T00:30:00+08:00
800acdf1-d110-4cde-8a22-761195913e42,M-1638,SESS-20260803-3078-0154,RENTAL_ACCRUAL,40,287,2026-08-03T22:15:00+08:00
dc6d0cb2-03ce-48d7-966f-bdccea3021ae,M-1239,SESS-20260803-5677-0155,RENTAL_ACCRUAL,45,203,2026-08-04T04:30:00+08:00
6dfffeb3-2db8-4e8b-871e-ba20f5a70ac6,M-1042,SESS-20260803-9655-0156,RENTAL_ACCRUAL,45,313,2026-08-03T22:30:00+08:00
26d3735d-240d-4f6c-a6cb-3f3bcbbd47ca,M-1025,SESS-20260803-1835-0157,RENTAL_ACCRUAL,40,104,2026-08-04T01:25:00+08:00
37335863-7e6b-4a65-b9c8-60daa17ddfbb,M-1073,SESS-20260803-9717-0158,RENTAL_ACCRUAL,18,177,2026-08-03T18:15:00+08:00
c4ae07b8-f961-4df5-b23d-a0f2ceab8be5,M-1191,SESS-20260803-5885-0159,RENTAL_ACCRUAL,18,192,2026-08-04T01:45:00+08:00
438655e0-1119-4105-a51b-fca8082823de,M-1155,SESS-20260803-5161-0160,RENTAL_ACCRUAL,5,756,2026-08-03T15:45:00+08:00
34f1d9cc-7be8-47ef-aacb-9223ee307b71,M-1055,SESS-20260803-2390-0161,RENTAL_ACCRUAL,45,214,2026-08-03T20:30:00+08:00
9aacf0b4-df01-42ae-91c4-dd1c5231b8ac,M-1045,SESS-20260803-4119-0162,RENTAL_ACCRUAL,11,219,2026-08-03T23:55:00+08:00
f475f1b2-2a34-4118-ae61-60e99b38a3e5,M-1414,SESS-20260803-2247-0163,RENTAL_ACCRUAL,9,448,2026-08-03T22:45:00+08:00
5007d224-b8d7-4c51-8e21-a7157b72b1cd,M-2040,SESS-20260803-4319-0164,RENTAL_ACCRUAL,24,140,2026-08-03T23:45:00+08:00
6fc206b9-b048-435b-81b6-fb20b1bfc886,M-1528,SESS-20260803-3952-0165,RENTAL_REDEMPTION,-100,117,2026-08-03T21:10:00+08:00
4fde7084-6ba2-4b35-8886-ff6afa632fcd,M-1528,SESS-20260803-3952-0165,RENTAL_ACCRUAL,5,122,2026-08-03T23:10:00+08:00
c5b7e59d-eab6-497a-aab6-996eec54e17a,M-1781,SESS-20260803-8592-0166,RENTAL_ACCRUAL,18,3829,2026-08-03T21:00:00+08:00
d050393d-8dc5-43aa-9c2f-d39a1d3b1489,M-1137,SESS-20260803-3958-0167,RENTAL_ACCRUAL,5,304,2026-08-03T20:55:00+08:00
d975db1c-ee62-4e79-9d71-de2502e3caa5,M-1410,SESS-20260803-1248-0168,RENTAL_ACCRUAL,12,588,2026-08-04T01:50:00+08:00
ea51b923-efa0-4c07-98ae-b89dafb8979a,M-1085,SESS-20260803-1160-0169,RENTAL_REDEMPTION,-100,144,2026-08-03T01:15:00+08:00
5efd12f5-5cf9-4971-a97e-828793760aaa,M-1085,SESS-20260803-1160-0169,RENTAL_ACCRUAL,7,151,2026-08-03T02:15:00+08:00
f618c97f-75eb-4415-a974-cd66b38a5665,M-1132,SESS-20260803-3799-0170,RENTAL_ACCRUAL,14,949,2026-08-04T00:55:00+08:00
41a657b0-a2a8-41b5-9ea4-b8e85c4b5189,M-1571,SESS-20260803-5560-0171,RENTAL_ACCRUAL,16,108,2026-08-03T20:30:00+08:00
919a7b86-3b85-4a96-934a-d3a213fa71be,M-1786,SESS-20260803-5288-0172,RENTAL_ACCRUAL,12,628,2026-08-04T00:35:00+08:00
464db038-c7cf-4447-befe-82a8cf8d1a31,M-1527,SESS-20260803-1631-0173,RENTAL_ACCRUAL,27,772,2026-08-03T14:40:00+08:00
15fc8fd1-8414-47a4-8291-ac1c2dda2243,M-1031,SESS-20260803-1023-0174,RENTAL_REDEMPTION,-200,1143,2026-08-03T22:15:00+08:00
9448ca30-37ef-4648-8b96-c7bca2934ce2,M-1031,SESS-20260803-1023-0174,RENTAL_ACCRUAL,3,1146,2026-08-04T01:15:00+08:00
061900c9-88f4-4fc1-a6fb-684901043001,M-1612,SESS-20260803-8103-0175,RENTAL_REDEMPTION,-100,441,2026-08-03T23:05:00+08:00
a3380798-9244-47bc-962b-a831b83cf17b,M-1612,SESS-20260803-8103-0175,RENTAL_ACCRUAL,5,446,2026-08-04T01:05:00+08:00
6dd011f6-2adb-4e0b-90b7-5796840d14bc,M-1156,SESS-20260803-3248-0176,RENTAL_ACCRUAL,5,220,2026-08-03T22:30:00+08:00
886c9b06-3132-4104-818f-ff3d862473f1,M-1026,SESS-20260803-1293-0177,RENTAL_ACCRUAL,28,1569,2026-08-04T00:00:00+08:00
80187d10-88d1-4fca-9a80-3983561f8330,M-1127,SESS-20260803-8060-0178,RENTAL_ACCRUAL,16,70,2026-08-04T02:50:00+08:00
a8cdb57f-b8f0-4bc5-96ef-350d726ab17f,M-1060,SESS-20260803-5379-0179,RENTAL_REDEMPTION,-100,76,2026-08-03T21:00:00+08:00
22762716-9095-4022-abf5-710394398538,M-1060,SESS-20260803-5379-0179,RENTAL_ACCRUAL,20,96,2026-08-03T23:00:00+08:00
c53e28d0-47cb-45a0-8529-20480876e3d6,M-1176,SESS-20260803-7225-0180,RENTAL_ACCRUAL,11,159,2026-08-03T12:45:00+08:00
35b580ff-e74a-4e31-bca9-e01a2df91cb3,M-1007,SESS-20260803-6435-0181,RENTAL_REDEMPTION,-100,352,2026-08-03T18:45:00+08:00
e4a38b05-e4f2-4ddc-839d-6c5d35a412bb,M-1007,SESS-20260803-6435-0181,RENTAL_ACCRUAL,20,372,2026-08-03T21:45:00+08:00
b419c060-2a92-4f8a-8144-d6ae7e891643,M-1489,SESS-20260803-3781-0182,RENTAL_ACCRUAL,11,687,2026-08-03T22:45:00+08:00
33e8d2fd-f8e2-43d5-afdc-98a8731a73a2,M-1934,SESS-20260803-2207-0183,RENTAL_ACCRUAL,16,208,2026-08-04T00:00:00+08:00
20d2ce03-5487-487a-9aec-686d6b684aeb,M-1400,SESS-20260803-8513-0184,RENTAL_ACCRUAL,27,318,2026-08-04T00:45:00+08:00
aec23128-abfc-4345-b901-579f8df81741,M-1882,SESS-20260803-6846-0185,RENTAL_ACCRUAL,45,108,2026-08-04T03:00:00+08:00
f61b5db9-6449-4509-9621-157eee9073b9,M-1725,SESS-20260803-5725-0186,RENTAL_REDEMPTION,-400,7,2026-08-03T14:45:00+08:00
f39c9a2c-e486-47a9-ad38-6296770beb42,M-1725,SESS-20260803-5725-0186,RENTAL_ACCRUAL,2,9,2026-08-03T17:45:00+08:00
0ce44ff8-9033-4034-86ac-10172625f01a,M-1548,SESS-20260803-7125-0187,RENTAL_REDEMPTION,-100,536,2026-08-03T22:45:00+08:00
2b1f9ee7-46f3-4765-bed0-5c285438cb28,M-1548,SESS-20260803-7125-0187,RENTAL_ACCRUAL,2,538,2026-08-03T23:45:00+08:00
91353f67-fb99-4ce6-bffa-11920b364707,M-1397,SESS-20260803-9397-0188,RENTAL_ACCRUAL,14,815,2026-08-04T00:45:00+08:00
bb2d0072-f3ca-44f3-b363-aa1d284321e8,M-1835,SESS-20260803-8035-0189,RENTAL_ACCRUAL,11,69,2026-08-03T10:15:00+08:00
d985d9a9-a27b-4ee6-a023-3cba8f60daaa,M-1862,SESS-20260803-6095-0190,RENTAL_ACCRUAL,40,171,2026-08-03T23:30:00+08:00
54883a2d-70ca-4640-84f7-5ee1792d4974,M-1862,TIER_UPGRADE_Standard_TO_Silver,TIER_BONUS,50,221,2026-08-03T23:30:00+08:00
b58bc6ce-0cf5-415b-ac64-9bb3d7d3f1cb,M-2025,SESS-20260803-9784-0191,RENTAL_ACCRUAL,18,289,2026-08-03T22:00:00+08:00
cfe81700-320a-45f7-b067-a5273da76fdc,M-1787,SESS-20260803-3501-0192,RENTAL_ACCRUAL,11,378,2026-08-03T23:45:00+08:00
4d32a35a-2dcf-4f5c-97de-88b1c2ca6d1d,M-1401,SESS-20260803-1687-0193,RENTAL_ACCRUAL,45,558,2026-08-03T21:30:00+08:00
da7fbc58-a52c-46fc-9e65-092d40aca725,M-1487,SESS-20260803-8555-0194,RENTAL_REDEMPTION,-100,577,2026-08-03T17:55:00+08:00
79400f24-8ecd-423b-945f-6f5fdf0f762a,M-1487,SESS-20260803-8555-0194,RENTAL_ACCRUAL,2,579,2026-08-03T18:55:00+08:00
9f6ccfef-6026-4eac-b86c-ae4c73fa36d0,M-1814,SESS-20260803-1492-0195,RENTAL_ACCRUAL,27,373,2026-08-04T01:00:00+08:00
695eb197-ec36-4529-864a-9a6c36799113,M-1138,SESS-20260803-3732-0196,RENTAL_ACCRUAL,18,479,2026-08-04T01:50:00+08:00
00b78eec-ed57-492d-b9d3-123cdff96892,M-1212,SESS-20260803-7680-0197,RENTAL_ACCRUAL,18,87,2026-08-03T16:45:00+08:00
0dfdf931-7af8-4d0e-b070-bad0b12fccee,M-1140,SESS-20260803-2648-0198,RENTAL_REDEMPTION,-200,214,2026-08-03T13:15:00+08:00
52c698fe-e58d-4350-bf55-f831771146af,M-1140,SESS-20260803-2648-0198,RENTAL_ACCRUAL,14,228,2026-08-03T16:15:00+08:00
bad810cd-6244-4baa-90f7-12967fc0bc30,M-1331,SESS-20260803-9466-0199,RENTAL_ACCRUAL,11,153,2026-08-03T23:00:00+08:00
e61de8c4-8ae4-4161-8165-d7f0ecfc872f,M-1150,SESS-20260803-8655-0200,RENTAL_REDEMPTION,-100,279,2026-08-03T11:15:00+08:00
b19999d2-9e60-4b40-b461-cbda567671db,M-1150,SESS-20260803-8655-0200,RENTAL_ACCRUAL,5,284,2026-08-03T13:15:00+08:00
dbc09cd0-a8cd-412b-b3d0-3710cf7f4831,M-1616,SESS-20260803-7905-0201,RENTAL_ACCRUAL,13,340,2026-08-03T17:00:00+08:00
fb07acd0-483f-4669-b7b6-ec10779e68d1,M-1504,SESS-20260803-8488-0202,RENTAL_ACCRUAL,45,266,2026-08-04T04:50:00+08:00
f4a590e4-f8d6-4ef9-ac92-dfaac6f81b8c,M-1211,SESS-20260803-2141-0203,RENTAL_ACCRUAL,5,172,2026-08-03T20:35:00+08:00
91d9d3ce-5dba-4b33-98aa-827f52ab4ef6,M-1113,SESS-20260803-3316-0204,RENTAL_ACCRUAL,11,664,2026-08-03T20:40:00+08:00
01dcf014-4665-4271-bf5b-21eb46ef4450,M-1260,SESS-20260803-4088-0205,RENTAL_ACCRUAL,6,147,2026-08-03T16:15:00+08:00
85fc0a55-69b0-454e-8910-edd65cd21ba8,M-1897,SESS-20260803-4564-0206,RENTAL_REDEMPTION,-100,42,2026-08-03T22:00:00+08:00
1b3d51e1-db5d-4e71-b3b5-500814dfa6f1,M-1897,SESS-20260803-4564-0206,RENTAL_ACCRUAL,11,53,2026-08-04T00:00:00+08:00
b092538d-8c28-4175-8cfe-238437a12f22,M-1164,SESS-20260803-2654-0207,RENTAL_ACCRUAL,18,166,2026-08-04T01:30:00+08:00
fdce2c5b-7e24-4ddd-84d4-bf2d7ffd6c59,M-2002,SESS-20260803-4764-0208,RENTAL_ACCRUAL,16,264,2026-08-03T05:55:00+08:00
d31c6187-221a-4e66-b825-167295d8b890,M-1349,SESS-20260803-4934-0209,RENTAL_ACCRUAL,11,331,2026-08-04T00:45:00+08:00
a5e7b9e8-b20c-46c9-8a0e-ad676c54e29a,M-1601,SESS-20260803-3899-0210,RENTAL_ACCRUAL,27,372,2026-08-03T14:45:00+08:00
703bd955-1f49-4add-b608-552ea1369704,M-1745,SESS-20260803-9493-0211,RENTAL_ACCRUAL,16,64,2026-08-03T22:30:00+08:00
eb1ec6a1-2b54-4eba-87db-a51eb980f31e,M-1149,SESS-20260803-2148-0212,RENTAL_ACCRUAL,5,120,2026-08-03T18:05:00+08:00
e9459997-97d2-4451-b58f-ef7a52d21ed0,M-1402,SESS-20260803-9503-0213,RENTAL_ACCRUAL,9,451,2026-08-03T17:55:00+08:00
7b29e926-7f2b-4650-abec-8f48db0969bf,M-1512,SESS-20260803-6615-0214,RENTAL_ACCRUAL,9,318,2026-08-03T21:30:00+08:00
c6e8e980-fec8-43e9-992b-40903b9dbc1e,M-1090,SESS-20260803-5316-0215,RENTAL_ACCRUAL,27,587,2026-08-03T23:15:00+08:00
86d1b611-33ae-4c1a-87e0-d3f50259d9b3,M-1877,SESS-20260803-6975-0216,RENTAL_ACCRUAL,5,35,2026-08-03T22:45:00+08:00
a4eb2e8d-b669-4330-a0b1-a3c369ceaca1,M-1746,SESS-20260803-3619-0217,RENTAL_ACCRUAL,28,482,2026-08-04T01:55:00+08:00
2ba6e28c-03bc-4720-8807-9e41c30b9648,M-1500,SESS-20260803-3869-0218,RENTAL_ACCRUAL,9,281,2026-08-04T00:45:00+08:00
ef41a31a-c443-497a-8a58-0ce15dd4cfb6,M-1539,SESS-20260803-8354-0219,RENTAL_ACCRUAL,115,1569,2026-08-03T21:30:00+08:00
3f19040e-cace-412f-85b6-f5404e508559,M-1833,SESS-20260803-8472-0220,RENTAL_ACCRUAL,45,171,2026-08-03T08:55:00+08:00
e57731c4-f199-4af7-9798-939e36330da1,M-1886,SESS-20260803-3212-0221,RENTAL_ACCRUAL,96,140,2026-08-03T16:15:00+08:00
93d670ea-e564-4620-9806-6b00b977c2c9,M-1886,TIER_UPGRADE_Standard_TO_Silver,TIER_BONUS,50,190,2026-08-03T16:15:00+08:00
d2ad1595-8935-4240-8003-cb8b00e5aca3,M-1479,SESS-20260803-6742-0222,RENTAL_ACCRUAL,6,2477,2026-08-04T00:05:00+08:00
ac669e56-e72c-4eac-a56b-e48f3dacaee4,M-1842,SESS-20260803-7647-0223,RENTAL_REDEMPTION,-100,345,2026-08-03T21:15:00+08:00
ddf7b3a7-7d7a-4c57-a1fb-21c4c47c199e,M-1842,SESS-20260803-7647-0223,RENTAL_ACCRUAL,5,350,2026-08-03T23:15:00+08:00
03de9e5f-08a6-4b05-bd0e-830381c9292a,M-1656,SESS-20260803-1520-0224,RENTAL_REDEMPTION,-100,28,2026-08-03T23:20:00+08:00
ed7d50cf-86b1-444c-9fbf-23b3b44d3c32,M-1656,SESS-20260803-1520-0224,RENTAL_ACCRUAL,21,49,2026-08-04T02:20:00+08:00
53fe46c5-c334-472f-b552-7dbd67084f41,M-1735,SESS-20260803-8651-0225,RENTAL_ACCRUAL,11,345,2026-08-03T20:15:00+08:00
30c354af-86ea-4818-9449-83362f09c318,M-2132,SESS-20260803-5405-0226,RENTAL_ACCRUAL,60,72,2026-08-03T22:15:00+08:00
fee4e833-1694-403c-a884-c29e74562a46,M-1829,SESS-20260803-3484-0227,RENTAL_ACCRUAL,5,207,2026-08-04T00:55:00+08:00
97d9516f-6f06-439e-bcbc-800234c574da,M-1346,SESS-20260803-1267-0228,RENTAL_ACCRUAL,27,316,2026-08-03T20:30:00+08:00
ff23223b-4810-48fc-b6dc-9f093174ac5f,M-1691,SESS-20260803-8300-0229,RENTAL_ACCRUAL,108,504,2026-08-04T07:05:00+08:00
bce37231-678e-4f84-b5c2-47fa231bd770,M-1318,SESS-20260803-1316-0230,RENTAL_ACCRUAL,18,283,2026-08-04T00:15:00+08:00
0cdad388-3b8a-4068-a4be-dd05279036ef,M-1660,SESS-20260803-7265-0231,RENTAL_ACCRUAL,5,340,2026-08-03T20:30:00+08:00
c2d2b3ce-ab68-457d-a190-331ba7194014,M-1763,SESS-20260803-1563-0232,RENTAL_ACCRUAL,27,245,2026-08-04T00:30:00+08:00
e5ca35e5-98fd-4d4c-8040-0d7ab88bce04,M-1803,SESS-20260803-6971-0233,RENTAL_ACCRUAL,45,257,2026-08-03T23:15:00+08:00
7afcc81f-3be7-46db-84a9-bd2df1754745,M-1861,SESS-20260803-7947-0234,RENTAL_ACCRUAL,5,13,2026-08-04T00:30:00+08:00
a5eef37c-9137-4252-89c1-1898bdc1b4b5,M-1757,SESS-20260803-7709-0235,RENTAL_ACCRUAL,9,296,2026-08-04T00:50:00+08:00
0bc337bb-c798-45d2-aa3e-b1c45fdfca1a,M-1536,SESS-20260803-6663-0236,RENTAL_ACCRUAL,45,467,2026-08-04T04:30:00+08:00
675129e1-e110-416f-8d4f-be53976c9749,M-1502,SESS-20260803-5033-0237,RENTAL_ACCRUAL,18,77,2026-08-03T22:30:00+08:00
71925b95-2b46-42e2-a040-bdecbb3cfc8b,M-1214,SESS-20260803-6446-0238,RENTAL_ACCRUAL,28,302,2026-08-04T04:30:00+08:00
d7873760-c2bc-41aa-9400-986b07e8cf58,M-1186,SESS-20260803-6050-0239,RENTAL_ACCRUAL,27,617,2026-08-03T21:05:00+08:00
27debefa-fa73-4e8a-bfae-4b6728ee36b1,M-1518,SESS-20260803-2530-0240,RENTAL_ACCRUAL,28,423,2026-08-04T04:00:00+08:00
1847aa62-d330-4616-aeaa-11de8a737fec,M-1905,SESS-20260803-4522-0241,RENTAL_ACCRUAL,5,50,2026-08-03T22:45:00+08:00
bb611a7c-2d4f-4882-9afd-1bd6f103294b,M-1202,SESS-20260803-2232-0242,RENTAL_ACCRUAL,12,1735,2026-08-03T14:00:00+08:00
b4a09e43-dbad-4bc0-bba0-bfdbae68572f,M-1013,SESS-20260803-7965-0243,RENTAL_REDEMPTION,-100,164,2026-08-03T20:20:00+08:00
3c84baee-d532-42a3-b260-6b2a348fce61,M-1013,SESS-20260803-7965-0243,RENTAL_ACCRUAL,5,169,2026-08-03T22:20:00+08:00
3afd196b-1065-421b-9ece-fbaab30af8d1,M-1153,SESS-20260803-1233-0244,RENTAL_ACCRUAL,28,111,2026-08-03T20:30:00+08:00
3915664f-f78b-4cf7-843b-c73c9018cfa7,M-1710,SESS-20260803-6692-0245,RENTAL_ACCRUAL,27,338,2026-08-04T00:00:00+08:00
736a1907-a765-4a29-b248-c2c6f356161d,M-1772,SESS-20260803-4979-0246,RENTAL_ACCRUAL,5,47,2026-08-03T20:45:00+08:00
69b43b9b-4329-4277-a3d8-88501c8dd346,M-1461,SESS-20260803-1342-0247,RENTAL_REDEMPTION,-100,4,2026-08-03T23:25:00+08:00
a999cab8-2eac-425b-9a6e-a480f6afe7dd,M-1461,SESS-20260803-1342-0247,RENTAL_ACCRUAL,61,65,2026-08-04T04:25:00+08:00
96cea746-eda5-4350-9800-e60ad43a73c4,M-1780,SESS-20260803-1820-0248,RENTAL_ACCRUAL,27,288,2026-08-03T12:15:00+08:00
2a6d2980-9e9e-44fc-b485-ef1194e62820,M-1124,SESS-20260803-1475-0249,RENTAL_REDEMPTION,-100,67,2026-08-03T13:15:00+08:00
2193b136-7bcd-4488-9a94-7e1b96f2514e,M-1124,SESS-20260803-1475-0249,RENTAL_ACCRUAL,61,128,2026-08-03T18:15:00+08:00
93f55773-390b-4842-9627-b8dca6459bcc,M-1697,SESS-20260803-2288-0250,RENTAL_ACCRUAL,5,212,2026-08-03T19:15:00+08:00
a8dba0b9-38a2-4274-af20-ab356b6896c5,M-1465,SESS-20260803-7497-0251,RENTAL_ACCRUAL,9,927,2026-08-03T07:45:00+08:00
e5e7a442-4a3c-4b84-9f43-b322dc425c43,M-1607,SESS-20260803-5777-0252,RENTAL_ACCRUAL,27,249,2026-08-04T00:50:00+08:00
9f68cf4e-3755-46a7-9bbd-ff70a5bf628d,M-1257,SESS-20260803-5239-0253,RENTAL_ACCRUAL,5,259,2026-08-03T14:00:00+08:00
28b68682-931b-4838-a3ef-95cc9a10d9dc,M-1728,SESS-20260803-8115-0254,RENTAL_ACCRUAL,5,23,2026-08-03T15:45:00+08:00
ba35c815-96f8-4375-99e3-51485ca3d074,M-1774,SESS-20260803-6151-0255,RENTAL_ACCRUAL,18,331,2026-08-03T15:15:00+08:00
a05b1fa7-26a1-40e8-815c-260f50cfc8cf,M-1618,SESS-20260803-7171-0256,RENTAL_REDEMPTION,-100,182,2026-08-03T17:15:00+08:00
d68316b9-4bc3-404f-9b90-b82af197766b,M-1618,SESS-20260803-7171-0256,RENTAL_ACCRUAL,5,187,2026-08-03T19:15:00+08:00
83ce8a99-4692-4825-b971-44d33bd09ebd,M-1648,SESS-20260803-5796-0257,RENTAL_REDEMPTION,-200,206,2026-08-03T13:45:00+08:00
01388e27-f720-420e-80a6-a79ec4909ad1,M-1648,SESS-20260803-5796-0257,RENTAL_ACCRUAL,3,209,2026-08-03T16:45:00+08:00
144b884e-b2a6-43ac-8439-d198392150cd,M-2124,SESS-20260803-3188-0258,RENTAL_ACCRUAL,8,132,2026-08-04T00:20:00+08:00
22681a48-fb15-464c-9f60-be1b1f6e166c,M-1816,SESS-20260803-5609-0259,RENTAL_REDEMPTION,-100,36,2026-08-03T22:30:00+08:00
7a66eee2-2023-41b1-8686-cb7b4f8903bc,M-1816,SESS-20260803-5609-0259,RENTAL_ACCRUAL,38,74,2026-08-04T06:30:00+08:00
f212a461-905c-4972-8ad6-7cfcf8534d36,M-2010,SESS-20260803-2476-0260,RENTAL_ACCRUAL,15,166,2026-08-03T20:30:00+08:00
d40de111-ff02-4ffd-aa5c-ddfe673cc8fc,M-1760,SESS-20260803-4279-0261,RENTAL_ACCRUAL,27,216,2026-08-04T00:35:00+08:00
96c65bd0-7f97-4989-bde0-cae3b7cd1e51,M-1456,SESS-20260803-9916-0262,RENTAL_ACCRUAL,18,249,2026-08-03T23:30:00+08:00
a3f7ca41-224c-4e1f-a50f-43676b0e17e9,M-2127,SESS-20260803-8228-0263,RENTAL_ACCRUAL,5,94,2026-08-03T23:15:00+08:00
73d95186-b1e5-4699-94af-9096e7b016b9,M-1066,SESS-20260803-1294-0264,RENTAL_REDEMPTION,-100,212,2026-08-03T23:00:00+08:00
5c1cf9ed-f3d7-4821-b3b0-7dc663d4590a,M-1066,SESS-20260803-1294-0264,RENTAL_ACCRUAL,5,217,2026-08-04T01:00:00+08:00
aa1d16fe-f13d-4c5c-bd4f-73affda2fb35,M-2005,SESS-20260803-6152-0265,RENTAL_ACCRUAL,24,121,2026-08-03T14:30:00+08:00
75babcbd-904e-4855-bcf2-577b4d420b17,M-1403,SESS-20260803-8173-0266,RENTAL_ACCRUAL,6,2515,2026-08-03T19:45:00+08:00
2f79a155-fd54-4d47-bc9f-6a1567591e24,M-1358,SESS-20260803-3613-0267,RENTAL_ACCRUAL,13,160,2026-08-03T21:45:00+08:00
dbcdd2cf-feee-41c7-a642-295b2ee7908e,M-1312,SESS-20260803-9828-0268,RENTAL_ACCRUAL,11,545,2026-08-04T01:40:00+08:00
9ac1b9a4-2339-4cee-bf5a-4ea9e9cc5353,M-1602,SESS-20260803-8264-0269,RENTAL_ACCRUAL,18,602,2026-08-03T22:30:00+08:00
2eaf1f05-c9f2-43d0-8b1f-df8121962506,M-1259,SESS-20260803-3347-0270,RENTAL_ACCRUAL,5,398,2026-08-03T23:20:00+08:00
d630a7c0-26c7-48ac-af14-1ec7160a43b2,M-1428,SESS-20260803-1982-0271,RENTAL_ACCRUAL,18,268,2026-08-03T15:30:00+08:00
f0a7c6f0-1216-4ea1-8f88-ce58e1c72f80,M-1886,SESS-20260803-6190-0272,RENTAL_REDEMPTION,-100,90,2026-08-03T16:45:00+08:00
126370b9-218e-4fd7-82fd-b82997da0fc0,M-1886,SESS-20260803-6190-0272,RENTAL_ACCRUAL,21,111,2026-08-03T21:45:00+08:00
3197db06-2bb3-4655-a5d7-bb94443ff73a,M-1419,SESS-20260803-5683-0273,RENTAL_ACCRUAL,5,295,2026-08-03T17:00:00+08:00
8f596103-7342-4fe1-be79-965755b79cc7,M-1268,SESS-20260803-4537-0274,RENTAL_ACCRUAL,11,185,2026-08-03T21:15:00+08:00
7591c9fe-dff5-4305-94b0-1b148a37af2a,M-1981,SESS-20260803-8937-0275,RENTAL_ACCRUAL,27,131,2026-08-03T21:50:00+08:00
f65eb593-0149-4543-b466-c78d5040752a,M-1415,SESS-20260803-1681-0276,RENTAL_REDEMPTION,-200,993,2026-08-03T23:25:00+08:00
7961273c-d446-4b7c-b72b-1568a6a05316,M-1415,SESS-20260803-1681-0276,RENTAL_ACCRUAL,3,996,2026-08-04T02:25:00+08:00
01425b5b-c23a-46c5-ae73-e3301266bd1d,M-1172,SESS-20260803-5576-0277,RENTAL_ACCRUAL,48,626,2026-08-04T00:45:00+08:00
37d560b5-bd0f-44fe-a747-aaaa74e8a6ee,M-1468,SESS-20260803-9302-0278,RENTAL_ACCRUAL,9,475,2026-08-03T22:45:00+08:00
9eab8546-1b45-427d-97d4-0ab3e59d24e1,M-2016,SESS-20260803-4085-0279,RENTAL_ACCRUAL,5,201,2026-08-03T21:40:00+08:00
2e0472d4-a156-427d-b32c-4b2f4454c79a,M-2005,SESS-20260803-4577-0280,RENTAL_ACCRUAL,15,136,2026-08-03T22:50:00+08:00
244ee261-ddfa-4701-9504-0bb88ec88caf,M-2005,TIER_UPGRADE_Standard_TO_Silver,TIER_BONUS,50,186,2026-08-03T22:50:00+08:00
7754f4f8-b636-4dd2-8210-d398789bc145,M-1562,SESS-20260803-6307-0281,RENTAL_ACCRUAL,6,1250,2026-08-04T00:25:00+08:00
061ce2cd-5907-410a-b3e4-24d4ab4fdc8c,M-2171,SESS-20260803-7940-0282,RENTAL_ACCRUAL,24,88,2026-08-03T23:45:00+08:00
f220247f-23b6-49fc-8b1b-0d6e2c163f3d,M-2189,SESS-20260803-7012-0283,RENTAL_ACCRUAL,25,59,2026-08-04T01:00:00+08:00
7419b104-5ac1-4074-82a1-968ac27809af,M-1523,SESS-20260803-6387-0284,RENTAL_ACCRUAL,27,165,2026-08-04T02:50:00+08:00
3a4db051-3499-43bb-8a75-9334ea0c6a05,M-1727,SESS-20260803-3439-0285,RENTAL_ACCRUAL,5,96,2026-08-03T16:15:00+08:00
19506d5e-40da-4f1a-b4d9-9a2ee43065f9,M-1750,SESS-20260803-3885-0286,RENTAL_ACCRUAL,27,141,2026-08-03T20:00:00+08:00
76dcc9b2-45e8-43bd-9534-599c992b4129,M-1380,SESS-20260803-3609-0287,RENTAL_REDEMPTION,-100,265,2026-08-03T19:45:00+08:00
f7d0726d-a93b-4c4f-b2b8-d2212add90fc,M-1380,SESS-20260803-3609-0287,RENTAL_ACCRUAL,4,269,2026-08-03T21:45:00+08:00
4b0f079b-4e44-4c8f-ae59-a7c0892ea4ba,M-1353,SESS-20260803-9185-0288,RENTAL_ACCRUAL,11,136,2026-08-04T01:30:00+08:00
74522e65-5df1-4bcd-ba21-a3b5e90dcce5,M-1614,SESS-20260803-5817-0289,RENTAL_REDEMPTION,-100,214,2026-08-03T21:35:00+08:00
2e6d969f-6565-40ff-804a-96e5caa28fad,M-1614,SESS-20260803-5817-0289,RENTAL_ACCRUAL,20,234,2026-08-04T00:35:00+08:00
a8a70058-fc07-4689-a549-412c8be40f96,M-1254,SESS-20260803-6281-0290,RENTAL_ACCRUAL,27,97,2026-08-04T00:05:00+08:00
2e827662-229e-4288-aa73-3895b1faabe4,M-1406,SESS-20260803-8632-0291,RENTAL_ACCRUAL,28,810,2026-08-04T04:50:00+08:00
bce1127e-861f-49c9-84c8-e67ebd3c24a6,M-1243,SESS-20260803-4292-0292,RENTAL_ACCRUAL,16,216,2026-08-04T01:55:00+08:00
248e0a0c-5245-43b1-b0fd-3b0cc76c6c48,M-1240,SESS-20260803-7454-0293,RENTAL_ACCRUAL,28,171,2026-08-04T00:25:00+08:00
8bfa013d-1774-45c8-9149-7da90e090dbc,M-1767,SESS-20260803-2227-0294,RENTAL_ACCRUAL,45,459,2026-08-04T03:45:00+08:00
e3ee9bf9-53ca-44e2-965e-dabd56f0be05,M-1114,SESS-20260803-3192-0295,RENTAL_ACCRUAL,11,292,2026-08-03T23:00:00+08:00
f2b520ce-1f56-4cfa-8717-82e0bb1fdeea,M-1471,SESS-20260803-5710-0296,RENTAL_REDEMPTION,-100,222,2026-08-03T22:50:00+08:00
9da43c70-5cc4-463a-8086-3d9c10e648e3,M-1471,SESS-20260803-5710-0296,RENTAL_ACCRUAL,11,233,2026-08-04T00:50:00+08:00
baeeb70f-791f-46d1-880a-5cc35612a688,M-1478,SESS-20260803-9380-0297,RENTAL_ACCRUAL,16,225,2026-08-04T01:55:00+08:00
b5f045b2-ed1f-423f-956f-62d13a86676b,M-1195,SESS-20260803-4811-0298,RENTAL_ACCRUAL,28,344,2026-08-04T00:30:00+08:00
d500497b-894e-49f1-97c0-af8b4947ce86,M-2096,SESS-20260803-2823-0299,RENTAL_ACCRUAL,16,104,2026-08-03T19:15:00+08:00
724834b0-5ccb-462b-b5fc-a05452afd62c,M-1506,SESS-20260803-2345-0300,RENTAL_ACCRUAL,11,135,2026-08-04T00:15:00+08:00
cfd0c442-c24e-4ec4-afc0-0aed94261cba,M-1100,SESS-20260803-4861-0301,RENTAL_ACCRUAL,5,70,2026-08-03T23:15:00+08:00
c24cd0a4-a42d-4b7b-811a-229a292a272f,M-2049,SESS-20260803-6824-0302,RENTAL_ACCRUAL,10,110,2026-08-03T20:00:00+08:00
85d69b95-0b67-4460-9642-7060cfa4026c,M-1320,SESS-20260803-4199-0303,RENTAL_ACCRUAL,30,1138,2026-08-03T21:30:00+08:00
1dc6669e-2687-4c4a-bd37-79f3c8f63f74,M-2043,SESS-20260803-3094-0304,RENTAL_ACCRUAL,8,121,2026-08-03T15:00:00+08:00
e9573df6-84f4-46fb-8585-2d192c6469f5,M-2002,SESS-20260803-7193-0305,RENTAL_ACCRUAL,67,331,2026-08-04T03:00:00+08:00
757bb4ec-bf24-478c-ba84-c2ba427ad31b,M-1046,SESS-20260803-9732-0306,RENTAL_ACCRUAL,27,773,2026-08-04T00:30:00+08:00
fc89427f-b7f3-4638-8107-8bdf1cf5a07d,M-2100,SESS-20260803-7023-0307,RENTAL_ACCRUAL,45,115,2026-08-04T00:15:00+08:00
c9206dc7-27c8-4b15-924f-5fd09d45a81f,M-1234,SESS-20260803-1293-0308,RENTAL_ACCRUAL,16,315,2026-08-03T23:30:00+08:00
46ba57cb-0e31-4873-a2d6-acc9937da6af,M-1363,SESS-20260803-1607-0309,RENTAL_ACCRUAL,45,246,2026-08-04T03:45:00+08:00
a9ce5dd3-3c62-4f68-86a2-77486a6d50f5,M-1159,SESS-20260803-4402-0310,RENTAL_REDEMPTION,-100,118,2026-08-03T22:30:00+08:00
2d390bcf-483c-41bc-8c46-d418d015af77,M-1159,SESS-20260803-4402-0310,RENTAL_ACCRUAL,10,128,2026-08-04T01:30:00+08:00
7a5a012e-789e-432f-b8d2-15d8d842073d,M-1672,SESS-20260803-9210-0311,RENTAL_ACCRUAL,18,307,2026-08-03T17:30:00+08:00
76d01ea3-34ef-49bc-b8a2-2b26097e559c,M-1708,SESS-20260803-5187-0312,RENTAL_ACCRUAL,11,289,2026-08-03T20:20:00+08:00
98a673c4-eef6-4730-b80e-e832316c9e2c,M-1048,SESS-20260803-1891-0313,RENTAL_ACCRUAL,6,337,2026-08-03T20:00:00+08:00
d97f86a9-287d-4dce-b8d2-6f8eabcdb62f,M-1677,SESS-20260803-4714-0314,RENTAL_ACCRUAL,27,165,2026-08-04T00:20:00+08:00
761432f8-6abe-4e95-9353-acb8301c0aed,M-1807,SESS-20260803-6490-0315,RENTAL_ACCRUAL,11,172,2026-08-03T16:15:00+08:00
6ca3de0a-5183-4a0e-8889-2636948d6278,M-1068,SESS-20260803-4404-0316,RENTAL_ACCRUAL,5,404,2026-08-03T19:10:00+08:00
4d3a8c08-5721-43d4-95ac-7b6b5fac08fd,M-1140,SESS-20260803-8511-0317,RENTAL_ACCRUAL,28,256,2026-08-03T23:45:00+08:00
8ec53c1d-aa14-4dd9-953f-0ccc1b23c167,M-2047,SESS-20260803-4920-0318,RENTAL_ACCRUAL,15,101,2026-08-04T02:35:00+08:00
b3f24a0d-8b5d-4476-8cde-dfa2331b5f6b,M-1388,SESS-20260803-2233-0319,RENTAL_ACCRUAL,11,198,2026-08-03T15:00:00+08:00
5cebca29-b18b-49b7-8905-9cd1dab401ac,M-2074,SESS-20260803-3986-0320,RENTAL_ACCRUAL,11,235,2026-08-04T01:15:00+08:00
d0470ecd-bc92-4b59-af34-8cb341bb5df3,M-1714,SESS-20260803-6120-0321,RENTAL_ACCRUAL,16,73,2026-08-03T22:05:00+08:00
3965e4c0-79ea-4ddc-b617-d8bbdf12920f,M-1792,SESS-20260803-1005-0322,RENTAL_ACCRUAL,9,2118,2026-08-03T20:00:00+08:00
e6d75b22-f656-482c-9356-f680ea26f054,M-1942,SESS-20260803-5676-0323,RENTAL_ACCRUAL,16,62,2026-08-03T21:25:00+08:00
691e2475-0706-4f6d-96f6-ab7ecc6fc0f4,M-1574,SESS-20260803-4749-0324,RENTAL_ACCRUAL,28,186,2026-08-04T04:10:00+08:00
39c45a25-55fa-4e8e-9203-639d712fcd12,M-1576,SESS-20260803-7704-0325,RENTAL_ACCRUAL,6,1247,2026-08-03T19:50:00+08:00
ac75270a-956a-49e7-8a97-464579fca09e,M-2075,SESS-20260803-4576-0326,RENTAL_ACCRUAL,5,153,2026-08-04T00:15:00+08:00
7cddf493-afcf-4528-b8b1-7884f14668e2,M-1761,SESS-20260803-7390-0327,RENTAL_ACCRUAL,11,440,2026-08-03T23:15:00+08:00
d2dc161a-e369-4936-81ad-0cb352fd1a1c,M-1325,SESS-20260803-7729-0328,RENTAL_ACCRUAL,11,359,2026-08-04T00:15:00+08:00
9a472c01-6927-4c10-b152-428b5a6a543d,M-1258,SESS-20260803-3666-0329,RENTAL_ACCRUAL,16,531,2026-08-04T00:25:00+08:00
2314745c-2d2a-4404-b584-42df0fa8eb37,M-1578,SESS-20260803-4454-0330,RENTAL_ACCRUAL,28,268,2026-08-03T16:45:00+08:00
ba8c1625-3924-4366-8624-83e92a90643e,M-1581,SESS-20260803-7092-0331,RENTAL_ACCRUAL,16,185,2026-08-03T22:30:00+08:00
a6f724a6-3130-4027-911e-ebb7f5832a88,M-1305,SESS-20260803-5353-0332,RENTAL_ACCRUAL,11,379,2026-08-04T00:15:00+08:00
800c56be-a8ea-4860-bbbd-a164779a9afb,M-1668,SESS-20260803-3013-0333,RENTAL_ACCRUAL,13,111,2026-08-03T19:15:00+08:00
1bde46bc-465b-4c0a-bc51-66ea05ec4921,M-1040,SESS-20260803-8032-0334,RENTAL_ACCRUAL,45,835,2026-08-04T06:40:00+08:00
d43b2448-0ad6-4f55-917e-4f838a9fe84f,M-2143,SESS-20260803-2318-0335,RENTAL_ACCRUAL,10,87,2026-08-03T23:15:00+08:00
72ec97de-cdb5-4658-9eb7-79b99fbb1167,M-1666,SESS-20260803-2768-0336,RENTAL_ACCRUAL,11,87,2026-08-03T22:00:00+08:00
9e731cc6-0e92-49a1-8fee-59f868fa8d78,M-1055,SESS-20260803-9509-0337,RENTAL_ACCRUAL,45,259,2026-08-04T04:30:00+08:00
488c7079-a4f1-4509-95ce-62bf92e33aca,M-1716,SESS-20260803-4257-0338,RENTAL_ACCRUAL,5,252,2026-08-03T22:45:00+08:00
a4bbae19-2960-4ce2-a25c-9e88b3ebbd61,M-1476,SESS-20260803-6376-0339,RENTAL_ACCRUAL,18,587,2026-08-04T01:15:00+08:00
20aded7c-7343-46bb-b0f3-10164046012a,M-1269,SESS-20260803-4753-0340,RENTAL_ACCRUAL,45,424,2026-08-04T02:15:00+08:00
ff7dbcfa-62c8-4df9-9891-ad8b6089ce24,M-1957,SESS-20260803-8563-0341,RENTAL_ACCRUAL,8,183,2026-08-03T17:30:00+08:00
186b9a3a-8ce1-40bb-af57-69cff1ae9872,M-1568,SESS-20260803-7235-0342,RENTAL_REDEMPTION,-200,328,2026-08-03T23:35:00+08:00
5f4e1b24-087a-457a-8534-2dc453efe4bd,M-1568,SESS-20260803-7235-0342,RENTAL_ACCRUAL,5,333,2026-08-04T01:35:00+08:00
643826fb-db64-47df-a266-e0c4feabed53,M-1758,SESS-20260803-2645-0343,RENTAL_REDEMPTION,-300,88,2026-08-03T23:05:00+08:00
20d7b4b0-d0ba-4414-89f7-e1ccdf811da9,M-1758,SESS-20260803-2645-0343,RENTAL_ACCRUAL,21,109,2026-08-04T02:05:00+08:00
ce410c7a-667c-4dfc-8fa5-56b3c274c8d1,M-1399,SESS-20260803-1892-0344,RENTAL_ACCRUAL,9,104,2026-08-03T21:45:00+08:00
c136b9a1-0d0b-4c5d-b8d2-3342e8bd75d8,M-1984,SESS-20260803-7629-0345,RENTAL_ACCRUAL,16,164,2026-08-03T19:15:00+08:00
802663df-3553-4d33-abf3-c316e2520c5d,M-1728,SESS-20260803-3094-0346,RENTAL_ACCRUAL,5,28,2026-08-03T22:35:00+08:00
6347564e-3026-4a7c-8dd1-3f2af06bea5d,M-1658,SESS-20260803-5273-0347,RENTAL_ACCRUAL,5,369,2026-08-03T18:00:00+08:00
3ea983d1-c7b0-4271-8f80-13780edd823f,M-1665,SESS-20260803-8829-0348,RENTAL_ACCRUAL,12,1206,2026-08-04T01:45:00+08:00
d2ec504d-0770-48b0-b2a5-579efb827e98,M-1238,SESS-20260803-4955-0349,RENTAL_ACCRUAL,45,246,2026-08-03T19:30:00+08:00
5b699895-bb22-4414-bb2a-3e8f4a49e502,M-1632,SESS-20260803-8208-0350,RENTAL_REDEMPTION,-100,1175,2026-08-03T23:30:00+08:00
2e12eb9e-5b99-4023-bafc-71809e4a574d,M-1632,SESS-20260803-8208-0350,RENTAL_ACCRUAL,22,1197,2026-08-04T04:30:00+08:00
bc8fcf98-fafb-498b-b3f7-cde668442156,M-1693,SESS-20260803-2762-0351,RENTAL_ACCRUAL,28,220,2026-08-04T02:15:00+08:00
bfcaf163-fc9b-4933-beb1-b7b6b8e5a1f0,M-1477,SESS-20260803-2018-0352,RENTAL_ACCRUAL,16,107,2026-08-04T01:35:00+08:00
654b0f4f-e848-4c92-8e0c-2395fe43410f,M-1498,SESS-20260803-8403-0353,RENTAL_ACCRUAL,28,566,2026-08-03T20:15:00+08:00
e766eab2-4929-4a14-99aa-5463dbe88f5f,M-1242,SESS-20260803-2784-0354,RENTAL_ACCRUAL,16,399,2026-08-04T02:50:00+08:00
f0225d33-4d49-460b-9d7c-8c7fdf1b13c5,M-1003,SESS-20260803-1028-0355,RENTAL_ACCRUAL,27,204,2026-08-03T20:15:00+08:00
76bdc717-82a6-419a-8f4e-c5bb5b0aead4,M-1229,SESS-20260803-4884-0356,RENTAL_ACCRUAL,9,114,2026-08-03T21:00:00+08:00
964e19b5-c2fa-45ce-be5a-04b4148bc320,M-1359,SESS-20260803-5707-0357,RENTAL_REDEMPTION,-200,1691,2026-08-03T20:15:00+08:00
0ca6cea0-4e78-4725-8afa-13f814be2b72,M-1359,SESS-20260803-5707-0357,RENTAL_ACCRUAL,13,1704,2026-08-03T22:15:00+08:00
72304649-643b-4990-9784-ab9c6b100ff7,M-1376,SESS-20260803-1073-0358,RENTAL_ACCRUAL,45,525,2026-08-04T03:55:00+08:00
f931a2eb-77c2-447b-8008-34a943c37cf8,M-1339,SESS-20260803-4784-0359,RENTAL_ACCRUAL,18,96,2026-08-03T23:40:00+08:00
a1f7ba84-3be6-4735-b9f2-6e8f9f2461ad,M-1341,SESS-20260803-6364-0360,RENTAL_REDEMPTION,-100,35,2026-08-03T19:30:00+08:00
ff2be533-0dfd-430a-bd50-96f455bf2bcf,M-1341,SESS-20260803-6364-0360,RENTAL_ACCRUAL,11,46,2026-08-03T21:30:00+08:00
88e4abbe-99e2-49a7-892e-dfdf70843b3f,M-1895,SESS-20260803-8218-0361,RENTAL_ACCRUAL,9,241,2026-08-03T20:30:00+08:00
9ac588a5-327e-4358-9ad8-bf26f5d9b5d2,M-1833,SESS-20260803-1723-0362,RENTAL_ACCRUAL,67,238,2026-08-04T02:30:00+08:00
3580fe95-98b6-4320-a367-c19663f41e85,M-1355,SESS-20260803-8527-0363,RENTAL_ACCRUAL,16,166,2026-08-03T23:45:00+08:00
23900087-2d48-499d-b9a4-c0b150abb4ea,M-1201,SESS-20260803-5326-0364,RENTAL_ACCRUAL,16,279,2026-08-04T02:55:00+08:00
5b4c6e22-28be-4d64-b4a1-ba2e10bddf65,M-1669,SESS-20260803-8016-0365,RENTAL_ACCRUAL,11,168,2026-08-03T23:00:00+08:00
f07c9f2e-2e5d-482b-a71e-33888235a9e2,M-1436,SESS-20260803-6075-0366,RENTAL_ACCRUAL,5,538,2026-08-03T23:40:00+08:00
0db84e7b-2119-4641-aa2c-d1b08a6fcf27,M-1350,SESS-20260803-5194-0367,RENTAL_ACCRUAL,28,593,2026-08-04T04:10:00+08:00
ecc3a6f1-b70d-404d-b44e-9c6206590703,M-1233,SESS-20260803-5060-0368,RENTAL_ACCRUAL,9,304,2026-08-03T22:50:00+08:00
8f157625-3954-4977-a058-14347a2a2d40,M-1963,SESS-20260803-9866-0369,RENTAL_ACCRUAL,25,57,2026-08-04T04:20:00+08:00
1c7d6986-cf93-4d67-be75-fb6e8814159b,M-1030,SESS-20260803-3445-0370,RENTAL_ACCRUAL,18,360,2026-08-04T00:00:00+08:00
bdc129cd-35b5-404d-bd88-b7e1f3d826a8,M-1809,SESS-20260803-7507-0371,RENTAL_ACCRUAL,14,507,2026-08-03T23:45:00+08:00
0ea14f88-66bd-48d9-be1e-1caf69ca6884,M-1001,SESS-20260803-9983-0372,RENTAL_ACCRUAL,5,369,2026-08-03T23:40:00+08:00
19a42e20-57b6-4042-96ee-d42270db4bb6,M-1610,SESS-20260803-2175-0373,RENTAL_ACCRUAL,18,166,2026-08-04T00:55:00+08:00
1c1c4140-7644-46f1-80c9-be618d6fb3c9,M-1063,SESS-20260803-1100-0374,RENTAL_ACCRUAL,11,433,2026-08-03T22:45:00+08:00
f568384d-f220-48a5-b1f5-a107f62c8b36,M-1063,TIER_UPGRADE_Silver_TO_Gold,TIER_BONUS,100,533,2026-08-03T22:45:00+08:00
fb55a0e3-9ae0-4f9d-8449-ad363c5e3215,M-1433,SESS-20260803-1095-0375,RENTAL_ACCRUAL,12,97,2026-08-04T00:50:00+08:00
f5000745-f231-433f-bdab-ff1431d93b4a,M-1433,TIER_UPGRADE_Standard_TO_Silver,TIER_BONUS,50,147,2026-08-04T00:50:00+08:00
c41442d7-9305-431c-bd1e-5ae5c745fd4e,M-1507,SESS-20260803-3725-0376,RENTAL_ACCRUAL,11,98,2026-08-04T00:45:00+08:00
02baf4fc-3eb7-458e-b2f3-2f8cc5c5e17b,M-1447,SESS-20260803-6275-0377,RENTAL_ACCRUAL,5,216,2026-08-03T16:00:00+08:00
0e3aeae3-ae5e-4679-b4ac-b4e44175e2be,M-2042,SESS-20260803-6934-0378,RENTAL_ACCRUAL,25,160,2026-08-04T04:45:00+08:00
b9c2f7c6-da3f-4466-a74c-1fcb722476a3,M-1648,SESS-20260803-1333-0379,RENTAL_REDEMPTION,-100,109,2026-08-03T23:20:00+08:00
9af5c042-88eb-4db4-8d7c-655c1a4516a6,M-1648,SESS-20260803-1333-0379,RENTAL_ACCRUAL,10,119,2026-08-04T02:20:00+08:00
9ca4f194-0d9b-49db-874f-36c5b522bcc0,M-1589,SESS-20260803-3316-0380,RENTAL_REDEMPTION,-100,73,2026-08-03T23:15:00+08:00
dc26839b-899d-4b5c-beeb-cdf3e68ef1e9,M-1589,SESS-20260803-3316-0380,RENTAL_ACCRUAL,5,78,2026-08-04T01:15:00+08:00
298181c2-ba9e-4230-9b7a-d7ba21c98182,M-1002,SESS-20260803-6669-0381,RENTAL_REDEMPTION,-100,323,2026-08-03T23:25:00+08:00
32110d5b-5624-47e2-a121-46e96baa2551,M-1002,SESS-20260803-6669-0381,RENTAL_ACCRUAL,40,363,2026-08-04T07:25:00+08:00
de0baac6-e27d-423c-a2b6-a6ea3c6fc45e,M-1373,SESS-20260803-9635-0382,RENTAL_ACCRUAL,18,194,2026-08-03T19:45:00+08:00
297c3362-476b-48de-b0cb-754ce1d38b24,M-1102,SESS-20260803-1689-0383,RENTAL_ACCRUAL,13,105,2026-08-03T17:15:00+08:00
4754872a-326a-4624-ad67-157c0f1fd20e,M-1912,SESS-20260803-5303-0384,RENTAL_REDEMPTION,-100,97,2026-08-03T21:45:00+08:00
3d2de527-b217-454b-8fbb-237ba021ce9c,M-1912,SESS-20260803-5303-0384,RENTAL_ACCRUAL,20,117,2026-08-04T02:45:00+08:00
19e99325-c4de-4e45-9c53-2a27bf89799a,M-1912,TIER_UPGRADE_Standard_TO_Silver,TIER_BONUS,50,167,2026-08-04T02:45:00+08:00
4c43fa46-8a80-4aa3-ab20-7fcc74e850a5,M-1868,SESS-20260803-2937-0385,RENTAL_ACCRUAL,8,102,2026-08-03T21:40:00+08:00
4a049f52-6028-4333-a969-10fc1e8f944e,M-1295,SESS-20260803-1387-0386,RENTAL_ACCRUAL,18,193,2026-08-03T22:30:00+08:00
c5e8c1a4-ae11-405a-9c1b-88fb57e57808,M-1225,SESS-20260803-6408-0387,RENTAL_ACCRUAL,11,183,2026-08-04T01:00:00+08:00
5945ba79-99bb-4384-b8c2-f931831c7650,M-1256,SESS-20260803-3797-0388,RENTAL_ACCRUAL,5,94,2026-08-03T21:00:00+08:00
054f0f85-4174-4d37-b7cb-dcf8c9608d65,M-1832,SESS-20260803-3095-0389,RENTAL_ACCRUAL,28,180,2026-08-03T23:10:00+08:00
3b72956f-befa-4da0-bf33-b37f49639e96,M-1097,SESS-20260803-8452-0390,RENTAL_ACCRUAL,9,146,2026-08-03T22:45:00+08:00
d5bc0a9b-e6c4-46c6-b74e-362c5ece9b6f,M-1347,SESS-20260803-2477-0391,RENTAL_REDEMPTION,-200,3031,2026-08-03T21:05:00+08:00
fe4c51cd-4143-4001-a28a-63a14212d855,M-1347,SESS-20260803-2477-0391,RENTAL_ACCRUAL,15,3046,2026-08-04T02:05:00+08:00
13f6167a-c750-4616-ab9c-bb65395678a4,M-1542,SESS-20260803-2932-0392,RENTAL_ACCRUAL,5,281,2026-08-03T22:15:00+08:00
d922565c-3aea-45a6-9a9a-8a64d3ccfbd3,M-2035,SESS-20260803-7053-0393,RENTAL_ACCRUAL,5,133,2026-08-03T23:30:00+08:00
6bd3540f-fe3c-4ba5-a5f7-5044fbeb9f92,M-2000,SESS-20260803-9326-0394,RENTAL_ACCRUAL,18,351,2026-08-03T23:30:00+08:00
cc8c3917-0d90-4ec6-9540-d2ed04f17bf3,M-1183,SESS-20260803-6973-0395,RENTAL_ACCRUAL,72,253,2026-08-03T17:15:00+08:00
a1190f10-7ef8-4295-9769-7980796ae1e9,M-1130,SESS-20260803-6485-0396,RENTAL_ACCRUAL,40,289,2026-08-03T17:35:00+08:00
ad6f1b1a-d9d7-458f-a680-c541f5feb158,M-1165,SESS-20260803-5755-0397,RENTAL_ACCRUAL,45,97,2026-08-04T05:50:00+08:00
0589fed3-009a-4190-a4a2-1b332c21aba1,M-1520,SESS-20260803-7004-0398,RENTAL_ACCRUAL,28,825,2026-08-04T00:25:00+08:00
a6110b1f-26ed-45b0-b44a-82bfaf072a42,M-1567,SESS-20260803-9774-0399,RENTAL_ACCRUAL,9,230,2026-08-03T22:45:00+08:00
8c64418d-5560-48de-b1a7-177c1240aabc,M-1117,SESS-20260803-8577-0400,RENTAL_ACCRUAL,28,210,2026-08-04T04:45:00+08:00
9c10f010-7431-4725-be2c-9ee284933e9f,M-1014,SESS-20260803-1432-0401,RENTAL_ACCRUAL,6,695,2026-08-03T21:50:00+08:00
a1bebee1-fe97-4736-a469-9b279c191451,M-2013,SESS-20260803-3358-0402,RENTAL_ACCRUAL,10,52,2026-08-03T23:15:00+08:00
eaf5d8a6-fa54-4f48-894e-87e390d0a5b4,M-1205,SESS-20260803-2293-0403,RENTAL_ACCRUAL,72,878,2026-08-04T03:30:00+08:00
3e59f061-0886-4c33-a7db-158984c3ef36,M-1444,SESS-20260803-6501-0404,RENTAL_REDEMPTION,-100,3356,2026-08-03T23:55:00+08:00
0d19ed5f-19d1-4235-9ba9-a975efe9b95c,M-1444,SESS-20260803-6501-0404,RENTAL_ACCRUAL,4,3360,2026-08-04T01:55:00+08:00
34d223f6-3ac4-4339-bef7-f083da870961,M-1175,SESS-20260803-7239-0405,RENTAL_ACCRUAL,30,268,2026-08-04T01:10:00+08:00
8295d302-cf1e-420c-ac26-e32830c9fbae,M-1448,SESS-20260803-8661-0406,RENTAL_REDEMPTION,-100,61,2026-08-03T19:45:00+08:00
3ceb878f-b9bb-4bd1-807b-182e87621e59,M-1448,SESS-20260803-8661-0406,RENTAL_ACCRUAL,10,71,2026-08-03T22:45:00+08:00
6af85756-50d2-479c-ba01-ccee813ee12c,M-1782,SESS-20260803-7485-0407,RENTAL_ACCRUAL,12,204,2026-08-04T00:55:00+08:00
596ee05d-a9d4-4a22-b6b4-9beb9a9612e5,M-1806,SESS-20260803-8225-0408,RENTAL_ACCRUAL,8,109,2026-08-03T20:00:00+08:00
625ee816-bbdf-4182-966b-a27fee934072,M-1806,TIER_UPGRADE_Standard_TO_Silver,TIER_BONUS,50,159,2026-08-03T20:00:00+08:00
9085ecd9-acc1-4dce-9d08-9b4bbb42729e,M-1540,SESS-20260803-1928-0409,RENTAL_ACCRUAL,11,81,2026-08-04T00:55:00+08:00
6de02c23-9ade-4f44-a5fd-7ec509017c33,M-2106,SESS-20260803-1387-0410,RENTAL_ACCRUAL,40,117,2026-08-04T07:15:00+08:00
73b268d7-458a-472f-ab79-bda64743e5f7,M-2076,SESS-20260803-5909-0411,RENTAL_ACCRUAL,36,195,2026-08-03T22:30:00+08:00
3ad7fabd-9343-46d9-a992-d5c7587287aa,M-1424,SESS-20260803-1208-0412,RENTAL_ACCRUAL,28,117,2026-08-04T04:25:00+08:00
52a1ee7b-8fe6-44f3-becc-aa0babc3ec07,M-1511,SESS-20260803-8111-0413,RENTAL_ACCRUAL,28,521,2026-08-04T00:45:00+08:00
e124a1d2-3325-4900-8bed-6d7abe2f26a7,M-1435,SESS-20260803-6146-0414,RENTAL_ACCRUAL,9,127,2026-08-04T00:45:00+08:00
49a12626-42f3-4c2f-a404-ebec45303f85,M-1944,SESS-20260803-1649-0415,RENTAL_REDEMPTION,-300,87,2026-08-03T19:30:00+08:00
e01fd0fd-8008-4bb0-bb08-0bb0645ca262,M-1944,SESS-20260803-1649-0415,RENTAL_ACCRUAL,9,96,2026-08-04T00:30:00+08:00
56f89a7c-ee81-45ef-8edb-4591b345b5e4,M-1898,SESS-20260803-8502-0416,RENTAL_ACCRUAL,9,391,2026-08-03T21:05:00+08:00
c06af88b-ad7f-405d-b228-1fb1bb0d436c,M-1613,SESS-20260803-2258-0417,RENTAL_ACCRUAL,28,537,2026-08-03T23:00:00+08:00
33ed6c32-b729-4863-aa4e-402db4cb4e4f,M-2194,SESS-20260803-8329-0418,RENTAL_ACCRUAL,8,37,2026-08-03T23:35:00+08:00
6606a643-e6eb-4ee1-b600-d39b3e830ee3,M-1639,SESS-20260803-9394-0419,RENTAL_ACCRUAL,11,389,2026-08-03T17:00:00+08:00
305a2b24-a1c9-46b0-99e0-6fb26b5de123,M-1708,SESS-20260803-1566-0420,RENTAL_REDEMPTION,-200,89,2026-08-03T23:55:00+08:00
f8ef3ba4-63c3-4012-a03e-c9fd15858179,M-1708,SESS-20260803-1566-0420,RENTAL_ACCRUAL,28,117,2026-08-04T02:55:00+08:00
81c589d1-19b2-4cad-a174-23c936f44426,M-1321,SESS-20260803-8220-0421,RENTAL_REDEMPTION,-100,169,2026-08-03T23:40:00+08:00
6988cca8-bed5-429a-86bc-96e822639e0a,M-1321,SESS-20260803-8220-0421,RENTAL_ACCRUAL,38,207,2026-08-04T07:40:00+08:00
61a2a71f-1fc7-4802-9fbd-496a5b7680bc,M-1696,SESS-20260803-1504-0422,RENTAL_REDEMPTION,-100,939,2026-08-03T20:15:00+08:00
aac013f5-f401-40b3-9d5e-8f6ad5dd197e,M-1696,SESS-20260803-1504-0422,RENTAL_ACCRUAL,6,945,2026-08-03T21:15:00+08:00
0c20c809-98dd-4cbd-9ffd-b09da07b0bc5,M-1041,SESS-20260803-2827-0423,RENTAL_REDEMPTION,-100,959,2026-08-03T22:50:00+08:00
cbd1e5bd-adb5-4fe3-a85e-4f3c7c252d7f,M-1041,SESS-20260803-2827-0423,RENTAL_ACCRUAL,2,961,2026-08-03T23:50:00+08:00
9bc7905e-0c6a-46dd-b567-68e6f09df0b2,M-1603,SESS-20260803-1805-0424,RENTAL_REDEMPTION,-100,153,2026-08-03T22:05:00+08:00
5380417f-9acd-4667-9710-fd30dd8d9468,M-1603,SESS-20260803-1805-0424,RENTAL_ACCRUAL,5,158,2026-08-04T00:05:00+08:00
421965b0-b545-4757-b434-b3d60628b9bd,M-2144,SESS-20260803-3985-0425,RENTAL_ACCRUAL,5,18,2026-08-03T17:00:00+08:00
bbf9a4fe-a072-44d5-8a83-21371f8ea448,M-1084,SESS-20260803-9092-0426,RENTAL_ACCRUAL,18,401,2026-08-04T01:10:00+08:00
23ce43a2-ebf5-466c-8d57-092f57ae4638,M-1451,SESS-20260803-4696-0427,RENTAL_ACCRUAL,9,248,2026-08-03T23:40:00+08:00
589f4710-1ccd-45eb-94f1-752c222a0f9d,M-1876,SESS-20260803-3395-0428,RENTAL_ACCRUAL,24,67,2026-08-03T21:15:00+08:00
853dda15-6e7d-40fc-929a-494481154a5c,M-1720,SESS-20260803-3002-0429,RENTAL_ACCRUAL,5,435,2026-08-04T00:45:00+08:00
9c722a2b-ca4a-44af-b716-6c8396aadc63,M-1823,SESS-20260803-7269-0430,RENTAL_ACCRUAL,18,483,2026-08-04T01:55:00+08:00
5b673639-fece-454b-8da3-1b310331576b,M-1630,SESS-20260803-5478-0431,RENTAL_ACCRUAL,6,541,2026-08-03T16:05:00+08:00
227ee5a5-53cf-40b8-b48e-7c9761cc86b4,M-1707,SESS-20260803-9680-0432,RENTAL_ACCRUAL,9,965,2026-08-04T00:45:00+08:00
20baf61f-ab87-446b-8c1b-c3681ecf04cd,M-2098,SESS-20260803-4388-0433,RENTAL_ACCRUAL,16,182,2026-08-04T00:55:00+08:00
390b3fef-93be-4f26-817e-a4bd6b69ebd4,M-1811,SESS-20260803-6907-0434,RENTAL_ACCRUAL,10,63,2026-08-03T19:05:00+08:00
b6f51039-0b01-4cb3-a0a3-b372113c59e1,M-1811,TIER_UPGRADE_Standard_TO_Silver,TIER_BONUS,50,113,2026-08-03T19:05:00+08:00
d1f02a1f-2dda-4985-a26e-1c78011ccf52,M-1067,SESS-20260803-1320-0435,RENTAL_ACCRUAL,12,629,2026-08-03T20:00:00+08:00
080515db-1e92-426f-9375-6fb0c9e1a7c7,M-1697,SESS-20260803-7140-0436,RENTAL_ACCRUAL,16,228,2026-08-04T00:10:00+08:00
054a270d-70ec-4532-a598-705950711bbd,M-1104,SESS-20260803-2843-0437,RENTAL_ACCRUAL,18,397,2026-08-04T01:45:00+08:00
13585e34-277e-42a6-8c10-36d57ce85081,M-1019,SESS-20260803-3147-0438,RENTAL_ACCRUAL,11,600,2026-08-03T22:25:00+08:00
04ee839d-7055-4c48-988b-272e77df4c05,M-1586,SESS-20260803-2621-0439,RENTAL_ACCRUAL,11,341,2026-08-03T22:05:00+08:00
92965dfb-c615-45ee-ac2f-8b808e476015,M-1204,SESS-20260803-5048-0440,RENTAL_ACCRUAL,28,123,2026-08-04T03:55:00+08:00
6db50862-5d06-49cb-9744-d7cef0d8a1c9,M-1565,SESS-20260803-3653-0441,RENTAL_ACCRUAL,27,501,2026-08-03T19:20:00+08:00
7b2f99b4-c899-4ca0-8ace-f89349572849,M-1565,TIER_UPGRADE_Silver_TO_Gold,TIER_BONUS,100,601,2026-08-03T19:20:00+08:00
de2973a7-6e2b-46da-9fcc-196e8111f6a9,M-1752,SESS-20260803-1234-0442,RENTAL_ACCRUAL,12,2633,2026-08-04T00:45:00+08:00
ffd66807-64e9-4536-ae55-ea53472df2a9,M-1272,SESS-20260803-7809-0443,RENTAL_ACCRUAL,28,1031,2026-08-04T00:50:00+08:00
9d7fd4c6-5f24-42f0-9f1d-e531e321ba2b,M-1384,SESS-20260803-2684-0444,RENTAL_ACCRUAL,9,1242,2026-08-03T22:10:00+08:00
dbd9edcc-cb78-4f91-94cf-ed9aa35d3c60,M-1738,SESS-20260803-4040-0445,RENTAL_REDEMPTION,-100,82,2026-08-03T20:25:00+08:00
13eb1195-f818-4088-8901-fa1fa046de7a,M-1738,SESS-20260803-4040-0445,RENTAL_ACCRUAL,21,103,2026-08-04T01:25:00+08:00
74f213eb-def7-4ef8-b856-a6cfd6b9556b,M-1581,SESS-20260803-2872-0446,RENTAL_ACCRUAL,11,196,2026-08-04T00:30:00+08:00
b9dbf6d7-2a37-4f11-b75b-1641b6d4d073,M-1812,SESS-20260803-1478-0447,RENTAL_ACCRUAL,72,456,2026-08-04T05:15:00+08:00
1d0b8080-baca-4ed6-a96d-09d6d0a914e7,M-1832,SESS-20260803-4750-0448,RENTAL_ACCRUAL,18,198,2026-08-04T01:50:00+08:00
73b5fd38-4b7d-46ce-8d9c-5be23bbf6112,M-1791,SESS-20260803-8603-0449,RENTAL_ACCRUAL,27,254,2026-08-03T23:00:00+08:00
e457124d-481a-4aab-a95f-3d3ab95175b7,M-1157,SESS-20260803-2525-0450,RENTAL_ACCRUAL,11,338,2026-08-04T01:25:00+08:00
8b341aaa-c49d-4f9d-90dc-6f8edbabca2c,M-1954,SESS-20260803-6744-0451,RENTAL_ACCRUAL,12,55,2026-08-03T22:25:00+08:00
f235bbc0-d10c-49bc-9a8c-728d51c33c6c,M-1502,SESS-20260803-2655-0452,RENTAL_ACCRUAL,13,90,2026-08-04T00:15:00+08:00
fce1ee8e-6f3e-4aea-9936-e8f035c5307c,M-1007,SESS-20260803-9527-0453,RENTAL_ACCRUAL,40,412,2026-08-04T01:30:00+08:00
afb48d9c-1fbc-4343-bae3-9b5a63fe2bf8,M-1600,SESS-20260803-5170-0454,RENTAL_ACCRUAL,11,33,2026-08-04T01:15:00+08:00
39c26f21-8323-440b-88d6-dfdfb2c4213b,M-1405,SESS-20260803-5607-0455,RENTAL_ACCRUAL,5,297,2026-08-03T20:15:00+08:00
b5ad5455-6d0a-4ab8-91c1-3f125c7c0091,M-1864,SESS-20260803-5669-0456,RENTAL_ACCRUAL,40,278,2026-08-04T06:20:00+08:00
770dcd5b-f00e-4c14-a7b5-469ca362211b,M-1864,TIER_UPGRADE_Standard_TO_Silver,TIER_BONUS,50,328,2026-08-04T06:20:00+08:00
5a09f745-0491-462b-939a-9e5c794f7050,M-1163,SESS-20260803-6381-0457,RENTAL_ACCRUAL,27,250,2026-08-04T02:55:00+08:00
110cc591-923c-4b4f-9489-e42a301624e1,M-1870,SESS-20260803-8293-0458,RENTAL_ACCRUAL,11,153,2026-08-04T01:55:00+08:00
95a7ab32-b4d7-4b98-b5cf-d8705d502534,M-1740,SESS-20260803-3318-0459,RENTAL_ACCRUAL,12,2223,2026-08-03T22:20:00+08:00
38b33b32-7e16-4e9f-b68a-08dfb5002cf6,M-1221,SESS-20260803-7260-0460,RENTAL_REDEMPTION,-100,2013,2026-08-03T21:45:00+08:00
546afbdf-40ab-4976-b4ec-66be40344b37,M-1221,SESS-20260803-7260-0460,RENTAL_ACCRUAL,4,2017,2026-08-03T23:45:00+08:00
2d81e10c-b73f-4e0e-bb22-d48161dec6fd,M-1265,SESS-20260803-7073-0461,RENTAL_ACCRUAL,11,383,2026-08-04T01:50:00+08:00
23f4a4a4-f676-478c-abf4-406d7d8cbf16,M-2068,SESS-20260803-5133-0462,RENTAL_ACCRUAL,15,120,2026-08-04T01:30:00+08:00
7eeae177-4ec0-4c86-8266-bcbdab3fc1b8,M-1793,SESS-20260803-7648-0463,RENTAL_ACCRUAL,28,986,2026-08-04T01:45:00+08:00
6fc4afc1-05e9-48aa-8d2f-370260c22dd1,M-1139,SESS-20260803-8473-0464,RENTAL_ACCRUAL,108,411,2026-08-04T05:30:00+08:00
d57ca7f8-d3bc-4fac-8901-313382f872c3,M-1648,ORD-20260804-8157-0001,CONCESSION_ACCRUAL,29,148,2026-08-04T00:17:30+08:00
c555e8cc-4c6b-45a6-b431-eca16b7e7ff6,M-1512,ORD-20260803-6270-0002,CONCESSION_ACCRUAL,22,340,2026-08-03T21:00:32+08:00
b20b42d0-01c7-41ff-897b-9e28032b71ce,M-1963,ORD-20260804-7543-0003,CONCESSION_ACCRUAL,13,70,2026-08-04T03:30:53+08:00
e39421ae-18e0-45c4-951a-9e7cbdfd8ff9,M-1651,ORD-20260803-7847-0004,CONCESSION_ACCRUAL,8,442,2026-08-03T23:56:59+08:00
7a553da5-5a7d-4567-976b-8e7e74b59588,M-1863,ORD-20260803-4072-0005,CONCESSION_ACCRUAL,18,146,2026-08-03T19:26:02+08:00
189950c6-f183-42a0-9b37-9972116d03e3,M-1946,ORD-20260803-5822-0006,CONCESSION_ACCRUAL,18,93,2026-08-03T16:55:24+08:00
b7e192b3-157d-4dd0-9dfd-fbde759732c6,M-1559,ORD-20260803-6462-0007,CONCESSION_ACCRUAL,36,445,2026-08-03T21:06:44+08:00
4ab3cfe4-e190-4995-9e65-ccef1add69af,M-1648,ORD-20260803-3293-0008,CONCESSION_ACCRUAL,20,168,2026-08-03T14:24:43+08:00
9c781842-56b0-41ba-968e-4b2c7109f4e4,M-1062,ORD-20260803-1369-0009,CONCESSION_ACCRUAL,15,290,2026-08-03T18:54:20+08:00
ce3e6df9-91e3-4d46-83ef-944de8065fbe,M-1669,ORD-20260803-6555-0010,CONCESSION_ACCRUAL,11,179,2026-08-03T22:43:28+08:00
a00bfb1a-791b-4672-8140-48352cdaf647,M-1349,ORD-20260803-1874-0011,CONCESSION_ACCRUAL,19,350,2026-08-03T23:07:03+08:00
f81804bc-b874-4fd4-bf59-0201577c7385,M-1297,ORD-20260803-9112-0012,CONCESSION_ACCRUAL,18,241,2026-08-03T21:13:42+08:00
84300c65-570a-40d6-9483-9cb596dd3b05,M-1590,ORD-20260803-6089-0013,CONCESSION_ACCRUAL,11,125,2026-08-03T20:57:37+08:00
7bb49526-7938-4f45-80d3-110e66e3eba9,M-1388,ORD-20260803-4765-0014,CONCESSION_ACCRUAL,26,224,2026-08-03T14:13:01+08:00
3ef23202-62ba-410b-b7b5-0c4acd9ad741,M-1201,ORD-20260804-6860-0015,CONCESSION_ACCRUAL,15,294,2026-08-04T01:36:52+08:00
d1769153-ec6d-4b6a-8dba-9ea880857923,M-1215,ORD-20260803-2091-0016,CONCESSION_ACCRUAL,11,239,2026-08-03T16:29:39+08:00
2d691672-764d-4f96-85a1-49c9efb91259,M-2068,ORD-20260803-3727-0017,CONCESSION_ACCRUAL,13,133,2026-08-03T23:57:55+08:00
552b0f52-54de-481c-8b9d-a40073b407c5,M-1581,ORD-20260804-3947-0018,CONCESSION_ACCRUAL,22,218,2026-08-04T00:17:07+08:00
4d106b87-026f-49e3-a18d-199d314287db,M-1272,ORD-20260803-3744-0019,CONCESSION_ACCRUAL,38,1069,2026-08-03T23:34:15+08:00
9f411689-85bb-4a20-b6e5-0c3c4b78d6ca,M-1242,ORD-20260804-1118-0020,CONCESSION_ACCRUAL,15,414,2026-08-04T02:26:40+08:00
2e2d27fc-9c7a-4f97-95d6-799ed4a926fb,M-1210,ORD-20260803-5829-0021,CONCESSION_ACCRUAL,9,1027,2026-08-03T16:42:50+08:00
3424c4f5-a3d8-46c1-a649-35f1af3bd06f,M-1603,ORD-20260803-9604-0022,CONCESSION_ACCRUAL,15,173,2026-08-03T01:55:34+08:00
363a04a6-88ae-403a-88d0-04c10338c69d,M-1643,ORD-20260803-6323-0023,CONCESSION_ACCRUAL,16,358,2026-08-03T19:13:38+08:00
c4cd2672-7e2c-4da9-98f1-115265eceecf,M-1159,ORD-20260803-2683-0024,CONCESSION_ACCRUAL,15,143,2026-08-03T22:59:40+08:00
56e2cf66-2b50-47e8-9775-942da7c3a672,M-1520,ORD-20260803-9726-0025,CONCESSION_ACCRUAL,13,838,2026-08-03T23:09:57+08:00
37ae4961-a6d2-4cdc-9a01-38c5698201da,M-1511,ORD-20260804-7928-0026,CONCESSION_ACCRUAL,30,551,2026-08-04T00:25:13+08:00
ab370243-036c-447f-a337-206710966bc5,M-1191,ORD-20260804-4323-0027,CONCESSION_ACCRUAL,8,200,2026-08-04T00:04:34+08:00
255ae3e4-a84b-4950-84ff-abc21edde192,M-1165,ORD-20260804-4812-0028,CONCESSION_ACCRUAL,10,107,2026-08-04T02:52:24+08:00
5850c662-f51d-4563-8d25-358b06023a75,M-1116,ORD-20260803-7714-0029,CONCESSION_ACCRUAL,10,381,2026-08-03T19:11:11+08:00
775df429-0f9a-429d-82dc-a4532967ff91,M-1106,ORD-20260803-4267-0030,CONCESSION_ACCRUAL,15,448,2026-08-03T10:37:21+08:00
099bd5c2-1ab4-4dd0-b32d-617c47f6a8ab,M-1082,ORD-20260803-9794-0031,CONCESSION_ACCRUAL,16,288,2026-08-03T14:18:19+08:00
b462251c-79c3-429e-a2b9-3b96456d21a9,M-1401,ORD-20260803-3950-0032,CONCESSION_ACCRUAL,10,568,2026-08-03T20:30:26+08:00
ccd311f1-d079-4a13-9834-e6ae9b6c79b7,M-1397,ORD-20260803-8560-0033,CONCESSION_ACCRUAL,38,853,2026-08-03T16:32:26+08:00
0990344b-2758-43ea-9d53-5fd229ea601d,M-2038,ORD-20260803-5097-0034,CONCESSION_ACCRUAL,16,170,2026-08-03T22:58:51+08:00
d7162a4e-b498-4a1d-a41c-7a2f0ede0362,M-1240,ORD-20260803-4767-0035,CONCESSION_ACCRUAL,22,193,2026-08-03T23:14:29+08:00
02d0df60-dc27-4f43-abf3-f8844f42a2e0,M-1331,ORD-20260803-7901-0036,CONCESSION_ACCRUAL,15,168,2026-08-03T21:01:58+08:00
ace7049b-067f-42b4-901a-2abf79ea82b1,M-1097,ORD-20260803-2710-0037,CONCESSION_ACCRUAL,15,161,2026-08-03T22:00:42+08:00
62ab3661-64f6-481f-a0c4-d9fd0d3f3095,M-1772,ORD-20260803-5336-0038,CONCESSION_ACCRUAL,15,62,2026-08-03T20:23:25+08:00
ad7d0bdd-6614-41d1-94aa-9a765205ee47,M-1415,ORD-20260804-1199-0039,CONCESSION_ACCRUAL,20,1016,2026-08-04T01:07:24+08:00
3a054430-0bfd-4491-b1c5-6746e5cbc9e5,M-1084,ORD-20260803-1132-0040,CONCESSION_ACCRUAL,16,417,2026-08-03T23:42:10+08:00
3b425615-dacc-4dab-a088-6f700415c14f,M-1380,ORD-20260803-8435-0041,CONCESSION_ACCRUAL,11,280,2026-08-03T20:54:39+08:00
10e86285-7275-4e74-ace2-52492fa0ff67,M-2076,ORD-20260803-7805-0042,CONCESSION_ACCRUAL,8,203,2026-08-03T20:51:04+08:00
e415b66d-9fd0-466d-918d-2557e3ef620f,M-2073,ORD-20260803-4613-0043,CONCESSION_ACCRUAL,12,56,2026-08-03T17:12:27+08:00
7e3a86b3-01eb-4850-9838-3110d036392a,M-2065,ORD-20260803-9469-0044,CONCESSION_ACCRUAL,69,164,2026-08-03T18:56:32+08:00
7e19f13c-4217-409c-9993-fc87d29c5ee2,M-1320,ORD-20260803-3594-0045,CONCESSION_ACCRUAL,18,1156,2026-08-03T18:16:40+08:00
17f8e6cb-3bd4-4ccc-8751-61341de2cb0d,M-1174,ORD-20260803-9561-0046,CONCESSION_ACCRUAL,11,77,2026-08-03T11:45:14+08:00
5885cab1-2cce-40e2-bf65-3cdb69b15995,M-1468,ORD-20260803-2711-0047,CONCESSION_ACCRUAL,36,511,2026-08-03T22:15:09+08:00
bbc53e8d-cc62-475a-b5c2-65fdbae19ddd,M-1540,ORD-20260803-3588-0048,CONCESSION_ACCRUAL,8,89,2026-08-03T23:25:08+08:00
ac9b3271-e9d2-4784-ba7c-c02c8dc3b5ba,M-1442,ORD-20260803-6712-0049,CONCESSION_ACCRUAL,3,381,2026-08-03T21:23:27+08:00
513eca31-e905-49cb-b9c1-053caa48c6ee,M-1480,ORD-20260804-2707-0050,CONCESSION_ACCRUAL,22,297,2026-08-04T00:44:24+08:00
b68f3c2c-8bf3-4731-b565-8d76818a88b1,M-1171,ORD-20260803-4409-0051,CONCESSION_ACCRUAL,80,149,2026-08-03T14:10:40+08:00
9367f6f4-e37c-4972-961e-4196316b3a84,M-1249,ORD-20260803-3587-0052,CONCESSION_ACCRUAL,8,145,2026-08-03T21:12:46+08:00
51bb1c8f-0b9d-4311-8948-26eafdcd710f,M-1548,ORD-20260803-5459-0053,CONCESSION_ACCRUAL,13,551,2026-08-03T23:10:18+08:00
0c64acd4-8001-4a35-bb88-f360c8ba9438,M-1037,ORD-20260803-7672-0054,CONCESSION_ACCRUAL,18,655,2026-08-03T21:28:59+08:00
fc3aebd8-a15b-4fa9-ae0b-a6a250e473d0,M-1025,ORD-20260803-2456-0055,CONCESSION_ACCRUAL,16,120,2026-08-03T23:15:17+08:00
4c446d6b-6808-4a46-a9ff-f5684aa97821,M-1725,ORD-20260803-5615-0056,CONCESSION_ACCRUAL,8,17,2026-08-03T16:34:41+08:00
f570ae5c-dfec-4d97-9804-62cd8d116aa1,M-1886,ORD-20260803-3271-0057,CONCESSION_ACCRUAL,10,121,2026-08-03T20:58:01+08:00
4885574a-be64-4458-ba6b-ed8b85399dfe,M-1256,ORD-20260803-2784-0058,CONCESSION_ACCRUAL,15,109,2026-08-03T20:39:35+08:00
f29bd6ba-ae6b-4d73-a3e2-a026f46b6bba,M-1562,ORD-20260803-5462-0059,CONCESSION_ACCRUAL,11,1261,2026-08-03T23:47:09+08:00
6c240843-bebc-44e5-96f6-258d843b3f1b,M-1060,ORD-20260803-1518-0060,CONCESSION_ACCRUAL,23,119,2026-08-03T21:05:11+08:00
f4164b12-98b4-4b5d-b250-646eb0d1f40d,M-1594,ORD-20260803-5433-0061,CONCESSION_ACCRUAL,9,273,2026-08-03T17:45:55+08:00
34442523-6016-4086-82fb-95619fb7290b,M-1140,ORD-20260803-3709-0062,CONCESSION_ACCRUAL,17,273,2026-08-03T19:52:37+08:00
19f6805b-58bf-4943-8e0e-d167f407f0c6,M-1704,ORD-20260803-1127-0063,CONCESSION_ACCRUAL,14,127,2026-08-03T17:22:31+08:00
a505cf0a-8384-4a5b-973f-9939f4bc51f4,M-1292,ORD-20260803-6709-0064,CONCESSION_ACCRUAL,4,243,2026-08-03T13:06:33+08:00
ed1a39b6-243d-424d-8768-edba28908e45,M-1030,ORD-20260803-2644-0065,CONCESSION_ACCRUAL,11,371,2026-08-03T22:42:09+08:00
8aafd4fe-1ea2-426e-b6d9-24846a25ea2b,M-1708,ORD-20260803-4295-0066,CONCESSION_ACCRUAL,11,128,2026-08-03T19:24:31+08:00
6ac7bccd-3814-4928-9c60-0f9c222ed4c5,M-1478,ORD-20260803-5837-0067,CONCESSION_ACCRUAL,18,243,2026-08-03T20:14:30+08:00
1e9276af-fdd1-4b22-b3af-970b65361e35,M-1561,ORD-20260803-1472-0068,CONCESSION_ACCRUAL,19,333,2026-08-03T15:38:57+08:00
f30eb215-55c1-4bb1-9194-cfb904d391ee,M-1984,ORD-20260803-4481-0069,CONCESSION_ACCRUAL,6,170,2026-08-03T18:32:44+08:00
4a6d5a74-0435-4744-b0ca-12b3a82883aa,M-1791,ORD-20260803-4815-0070,CONCESSION_ACCRUAL,15,269,2026-08-03T22:45:05+08:00
5c4ce8fa-84d3-4d63-a520-35c15625766f,M-1130,ORD-20260803-4017-0071,CONCESSION_ACCRUAL,11,300,2026-08-03T17:03:52+08:00
a53b2440-7d0b-4143-b6d7-0a3b9eb441d0,M-1752,ORD-20260803-5658-0072,CONCESSION_ACCRUAL,27,2660,2026-08-03T23:12:57+08:00
e6867dd3-7126-4e3e-bca0-2a8d9d4d6bb2,M-1814,ORD-20260804-6796-0073,CONCESSION_ACCRUAL,38,411,2026-08-04T00:38:14+08:00
9a46036e-38e1-4e42-a7a0-9ddf30927ad8,M-2042,ORD-20260804-6716-0074,CONCESSION_ACCRUAL,7,167,2026-08-04T04:38:03+08:00
fbf54540-d439-4564-8e85-ae18da47d1ce,M-1104,ORD-20260804-4955-0075,CONCESSION_ACCRUAL,26,423,2026-08-04T00:53:26+08:00
f5c541ef-3b48-4472-a558-bb61dcc86119,M-1842,ORD-20260803-1294-0076,CONCESSION_ACCRUAL,12,362,2026-08-03T22:53:40+08:00
5747017a-a68d-4e16-b10e-8b287a24c619,M-1772,ORD-20260803-7575-0077,CONCESSION_ACCRUAL,11,73,2026-08-03T04:42:54+08:00
91982bc8-6cea-44a8-9066-8fa4711a9a15,M-1269,ORD-20260804-9456-0078,CONCESSION_ACCRUAL,73,497,2026-08-04T00:38:58+08:00
8dae2f58-7ccb-4dbc-828e-bd059657ae4a,M-1433,ORD-20260803-5475-0079,CONCESSION_ACCRUAL,21,168,2026-08-03T23:51:21+08:00
77db0681-225e-4256-b6e6-ebb90467fa95,M-1334,ORD-20260803-8708-0080,CONCESSION_ACCRUAL,11,101,2026-08-03T17:15:31+08:00
20c1230a-569e-441f-8d72-f268425916d0,M-2095,ORD-20260803-4281-0081,CONCESSION_ACCRUAL,22,130,2026-08-03T21:40:03+08:00
e8a7623c-773c-44ad-b157-5a6c45e33bb4,M-1827,ORD-20260804-5180-0082,CONCESSION_ACCRUAL,16,340,2026-08-04T01:09:08+08:00
0402d6ed-76b4-48b1-a7cd-4a4bca887e86,M-1877,ORD-20260803-6843-0083,CONCESSION_ACCRUAL,12,47,2026-08-03T22:35:57+08:00
056939bb-499f-4955-bf9f-24ff6fa7c4fc,M-1064,ORD-20260803-3614-0084,CONCESSION_ACCRUAL,11,165,2026-08-03T22:52:17+08:00
592438ba-9462-458f-bd8d-e555b9dfcde5,M-1728,ORD-20260803-1122-0085,CONCESSION_ACCRUAL,25,53,2026-08-03T21:42:01+08:00
2eb6213b-4f2d-412c-849d-dbf9851bc7c5,M-1175,ORD-20260804-1234-0086,CONCESSION_ACCRUAL,19,287,2026-08-04T00:37:30+08:00
7129cf64-7776-40af-b170-800ec04ee683,M-1397,ORD-20260804-3689-0087,CONCESSION_ACCRUAL,12,865,2026-08-04T00:08:16+08:00
336a9b1b-6331-4f24-870f-7abcb9e91a13,M-1829,ORD-20260804-6357-0088,CONCESSION_ACCRUAL,18,225,2026-08-04T00:40:58+08:00
5a9cfee3-196e-4646-bc6d-70f188bfeea1,M-1127,ORD-20260804-7697-0089,CONCESSION_ACCRUAL,8,78,2026-08-04T00:27:08+08:00
318496f0-765c-4f13-8b23-a1b594323777,M-1402,ORD-20260803-5508-0090,CONCESSION_ACCRUAL,7,458,2026-08-03T17:29:55+08:00
7ec86df2-7f27-4217-a573-e5d7d6fe40fb,M-1699,ORD-20260803-7447-0091,CONCESSION_ACCRUAL,15,209,2026-08-03T16:21:07+08:00
ffa984ff-58c6-457a-881a-c10410cdae08,M-1803,ORD-20260803-7896-0092,CONCESSION_ACCRUAL,8,265,2026-08-03T19:06:42+08:00
ac0036e1-c7f1-495f-9643-c7d44318e0e2,M-1451,ORD-20260803-1847-0093,CONCESSION_ACCRUAL,18,266,2026-08-03T08:27:36+08:00
6526d9ee-b74e-4651-b224-dec4edddb750,M-2025,ORD-20260803-5140-0094,CONCESSION_ACCRUAL,3,292,2026-08-03T20:10:03+08:00
fbc3abe2-c53b-437e-9133-d090e7c1841d,M-2106,ORD-20260804-5643-0095,CONCESSION_ACCRUAL,6,123,2026-08-04T02:58:39+08:00
34dd39ea-6077-4a8c-b6ad-6d3368458bc2,M-1479,ORD-20260803-7727-0096,CONCESSION_ACCRUAL,30,2507,2026-08-03T23:18:24+08:00
49f316a1-eec4-4695-98c7-627fe44c96d1,M-2000,ORD-20260803-9378-0097,CONCESSION_ACCRUAL,10,361,2026-08-03T23:12:31+08:00
6402d432-bc73-483a-9fb5-328e50cf6caf,M-1905,ORD-20260803-6960-0098,CONCESSION_ACCRUAL,6,56,2026-08-03T22:30:06+08:00
b2ff88bb-22a1-4daa-9085-5c2ff1736eef,M-1339,ORD-20260803-6794-0099,CONCESSION_ACCRUAL,15,111,2026-08-03T23:29:32+08:00
3821e4cb-aadf-4bd4-8c43-3c607b7bee94,M-1384,ORD-20260803-9939-0100,CONCESSION_ACCRUAL,9,1251,2026-08-03T21:22:41+08:00
5e3dafa3-2789-4fd4-8827-0a272e2ed9f4,M-1882,ORD-20260804-7975-0101,CONCESSION_ACCRUAL,8,116,2026-08-04T02:32:58+08:00
7b8db6a4-490f-4c7a-91c5-b1be9bf28a99,M-1818,ORD-20260803-4671-0102,CONCESSION_ACCRUAL,7,390,2026-08-03T20:55:27+08:00
002f6299-3cad-425f-a2bf-6758ee9e297e,M-1132,ORD-20260803-6798-0103,CONCESSION_ACCRUAL,30,979,2026-08-03T23:58:36+08:00
33045bf9-e5b7-4153-8e5a-1cc0365b589c,M-1696,ORD-20260803-4576-0104,CONCESSION_ACCRUAL,43,988,2026-08-03T20:28:04+08:00
d938d197-91d4-4588-8626-fc47dab0bb50,M-1832,ORD-20260803-3518-0105,CONCESSION_ACCRUAL,3,201,2026-08-03T19:42:36+08:00
0010f02b-daf7-46df-bf46-5f9de526cfa2,M-2106,ORD-20260803-6113-0106,CONCESSION_ACCRUAL,6,129,2026-08-03T19:44:59+08:00
a42f4b9b-379e-49cf-aab8-37ce7d04721a,M-1055,ORD-20260804-1330-0107,CONCESSION_ACCRUAL,25,284,2026-08-04T01:13:25+08:00
33b63696-5371-4b68-afe1-e7089a5c6e40,M-1760,ORD-20260803-9727-0108,CONCESSION_ACCRUAL,41,257,2026-08-03T10:12:22+08:00
d2e14d85-3b2f-4ca8-b369-25c7aa51b680,M-1527,ORD-20260803-2348-0109,CONCESSION_ACCRUAL,18,790,2026-08-03T11:50:15+08:00
93da8387-f615-44e5-a8fe-38f5d7818bb7,M-2100,ORD-20260803-1876-0110,CONCESSION_ACCRUAL,33,148,2026-08-03T20:07:33+08:00
3f2a7c7f-96ff-4b77-b4a7-85ca1585c2ac,M-2171,ORD-20260803-1338-0111,CONCESSION_ACCRUAL,9,97,2026-08-03T19:46:21+08:00
b4e05012-e880-4005-b52d-3e5a244260d0,M-1658,ORD-20260803-3435-0112,CONCESSION_ACCRUAL,18,387,2026-08-03T17:19:03+08:00
1948b0c5-87d4-42ab-9959-b0d59547d1b0,M-1870,ORD-20260803-6480-0113,CONCESSION_ACCRUAL,24,177,2026-08-03T23:58:22+08:00
91eae5ef-b951-4fdf-bfa0-ca00d5726b5e,M-1444,ORD-20260804-9409-0114,CONCESSION_ACCRUAL,33,3393,2026-08-04T00:37:37+08:00
4cbbc07b-a626-473b-94af-4b120ab99435,M-2002,ORD-20260803-1067-0115,CONCESSION_ACCRUAL,30,361,2026-08-03T05:38:19+08:00
e1c948ce-2b5e-4a1d-9cea-d79bce7832bb,M-2027,ORD-20260803-7126-0116,CONCESSION_ACCRUAL,25,246,2026-08-03T23:38:51+08:00
26620f46-0c4e-4625-a691-ea15a19c7e9e,M-1139,ORD-20260804-5388-0117,CONCESSION_ACCRUAL,15,426,2026-08-04T03:25:48+08:00
4f8f52d0-3e1f-4e45-b96c-4e9213485d68,M-2194,ORD-20260803-1707-0118,CONCESSION_ACCRUAL,8,45,2026-08-03T22:59:06+08:00
f069dd5a-4963-41d5-ad2d-7918da18c8cb,M-1268,ORD-20260803-3324-0119,CONCESSION_ACCRUAL,8,193,2026-08-03T19:27:06+08:00
011f5fba-2150-4d71-8e28-e3d2b1fbafb5,M-1565,ORD-20260803-1878-0120,CONCESSION_ACCRUAL,12,613,2026-08-03T17:29:07+08:00
69514ca4-dc82-4d76-a14f-acf6d5f8c944,M-1876,ORD-20260803-5060-0121,CONCESSION_ACCRUAL,34,101,2026-08-03T20:44:28+08:00
40c5ba6a-a4ea-4a10-8ae5-0fe0a5be7b97,M-1805,ORD-20260803-2903-0122,CONCESSION_ACCRUAL,8,367,2026-08-03T22:24:24+08:00
ccb87afe-f787-4685-94e6-4c148475bac1,M-1833,ORD-20260804-3815-0123,CONCESSION_ACCRUAL,8,246,2026-08-04T02:24:14+08:00
3a2354d6-78df-4681-be11-6979b9db42c9,M-1466,ORD-20260803-6043-0124,CONCESSION_ACCRUAL,51,3675,2026-08-03T23:20:11+08:00
de7cc02d-7360-4f62-b472-303bd3dcc6cf,M-1697,ORD-20260803-2768-0125,CONCESSION_ACCRUAL,25,253,2026-08-03T19:09:58+08:00
f653ba71-90b3-446b-a448-a40826c3dde0,M-1002,ORD-20260804-8312-0126,CONCESSION_ACCRUAL,14,377,2026-08-04T02:40:30+08:00
81688daf-eb7f-4147-a9af-8012e900270a,M-1574,ORD-20260804-3100-0127,CONCESSION_ACCRUAL,35,221,2026-08-04T03:21:51+08:00
bdfb1f4e-c8e1-498e-bf37-945a680b06d1,M-1581,ORD-20260803-4953-0128,CONCESSION_ACCRUAL,32,250,2026-08-03T21:03:42+08:00
f74feaf2-771e-44e3-9ea0-45b79ad55f91,M-1077,ORD-20260803-9180-0129,CONCESSION_ACCRUAL,3,605,2026-08-03T23:27:51+08:00
a12080ea-e7af-4212-b2fa-8c1eaacf5f9c,M-1745,ORD-20260803-6050-0130,CONCESSION_ACCRUAL,24,88,2026-08-03T21:20:03+08:00
32f1d114-6dbd-49fe-930c-80d5e8571b1e,M-1528,ORD-20260803-1022-0131,CONCESSION_ACCRUAL,19,141,2026-08-03T22:26:48+08:00
0afd869f-39ce-4fa0-9fb8-3a8679235703,M-1747,ORD-20260804-1088-0132,CONCESSION_ACCRUAL,11,148,2026-08-04T00:53:13+08:00
d4c27a0d-1073-4009-a16f-a98608a233d7,M-1861,ORD-20260803-9271-0133,CONCESSION_ACCRUAL,18,31,2026-08-03T23:39:11+08:00
3584b94c-b075-4df4-bec5-296fb0aef58b,M-1792,ORD-20260803-6804-0134,CONCESSION_ACCRUAL,30,2148,2026-08-03T19:12:34+08:00
e3a43208-c997-40a7-9849-0deafdfa31c5,M-1216,ORD-20260803-4411-0135,CONCESSION_ACCRUAL,4,298,2026-08-03T17:18:21+08:00
7344c72a-fbd7-4a75-9e5a-54a120427c24,M-1801,ORD-20260803-4214-0136,CONCESSION_ACCRUAL,23,173,2026-08-03T15:41:41+08:00
5fd4f1a9-b0af-4dfd-8bfd-57f7eea1f7f4,M-2079,ORD-20260803-3630-0137,CONCESSION_ACCRUAL,18,402,2026-08-03T11:46:40+08:00
0b5f2944-158b-4dd1-b091-7add9868f0f9,M-1912,ORD-20260804-1356-0138,CONCESSION_ACCRUAL,8,175,2026-08-04T01:55:53+08:00
9ed712e4-3474-40d7-87b2-51993eb017d6,M-1363,ORD-20260803-6901-0139,CONCESSION_ACCRUAL,37,283,2026-08-03T23:41:43+08:00
0e760972-c5c7-4920-b9b7-c2d0feeaa865,M-2126,ORD-20260803-8682-0140,CONCESSION_ACCRUAL,9,79,2026-08-03T21:41:15+08:00
8cbafe1f-a0bf-462c-9c1a-c145adc9f90d,M-1163,ORD-20260804-6366-0141,CONCESSION_ACCRUAL,31,281,2026-08-04T02:45:56+08:00
0c662535-6e2e-4118-a71c-5f05e83fb503,M-1428,ORD-20260803-1224-0142,CONCESSION_ACCRUAL,11,279,2026-08-03T14:58:05+08:00
054e649e-770a-4a29-a26b-0a83a91f94e5,M-1720,ORD-20260803-5016-0143,CONCESSION_ACCRUAL,9,444,2026-08-03T20:25:04+08:00
d8fca5f8-41b0-4181-b09a-42ac3528b5e5,M-1942,ORD-20260803-1863-0144,CONCESSION_ACCRUAL,20,82,2026-08-03T19:55:24+08:00
056ea4ab-8f39-40f2-afb7-8864cdcd7c03,M-1589,ORD-20260803-4894-0145,CONCESSION_ACCRUAL,3,81,2026-08-03T23:00:56+08:00
2906994b-df9e-484b-8511-8e9278cfec9b,M-1419,ORD-20260803-5401-0146,CONCESSION_ACCRUAL,8,303,2026-08-03T16:08:36+08:00
6b438661-b2a5-4f37-b4ad-7d9c83e1f28c,M-1150,ORD-20260803-2492-0147,CONCESSION_ACCRUAL,3,287,2026-08-03T12:31:23+08:00
66c75f03-ee66-4fed-b6eb-eb1e23974a08,M-1369,ORD-20260803-6485-0148,CONCESSION_ACCRUAL,36,316,2026-08-03T18:14:47+08:00
ddf6b874-9c0d-437d-819d-66f10606a3a4,M-2098,ORD-20260803-8884-0149,CONCESSION_ACCRUAL,15,197,2026-08-03T23:45:02+08:00
a2242255-4846-47a0-9a9b-e87e326ed541,M-1616,ORD-20260803-6995-0150,CONCESSION_ACCRUAL,23,363,2026-08-03T16:32:19+08:00
bc3a8bd8-487f-4ca2-84ff-09c8884aae19,M-1295,ORD-20260803-8755-0151,CONCESSION_ACCRUAL,3,196,2026-08-03T22:01:56+08:00
bb2fb73c-61d8-4750-9427-45130729eea3,M-1614,ORD-20260803-1749-0152,CONCESSION_ACCRUAL,8,242,2026-08-03T22:57:56+08:00
90b158f0-90da-4467-a8d3-eead2a2654a8,M-1864,ORD-20260804-2876-0153,CONCESSION_ACCRUAL,3,331,2026-08-04T02:25:31+08:00
35da69ef-daa1-4bef-a82d-27d5ea3f926a,M-1833,ORD-20260803-6378-0154,CONCESSION_ACCRUAL,11,257,2026-08-03T07:43:19+08:00
970c6adf-7773-40d0-a886-37a6e6f6fde6,M-1390,ORD-20260803-7635-0155,CONCESSION_ACCRUAL,19,300,2026-08-03T22:46:23+08:00
286334ca-c247-4319-a7e0-f80c881566cc,M-1782,ORD-20260804-6546-0156,CONCESSION_ACCRUAL,12,216,2026-08-04T00:38:28+08:00
b9aec056-17d4-4e3c-b41c-ba0261a56452,M-1525,ORD-20260803-5619-0157,CONCESSION_ACCRUAL,36,129,2026-08-03T19:27:45+08:00
783040f5-5346-441b-b4e7-8986a5c05b4a,M-1589,ORD-20260804-5204-0158,CONCESSION_ACCRUAL,8,89,2026-08-04T00:16:56+08:00
7e75c349-d4dd-403a-88e2-92449e7812b1,M-1862,ORD-20260803-1078-0159,CONCESSION_ACCRUAL,15,236,2026-08-03T18:17:06+08:00
cb20fe6c-ef5c-40c2-b027-eafe3257ffce,M-2189,ORD-20260804-3903-0160,CONCESSION_ACCRUAL,3,62,2026-08-04T00:49:48+08:00
882a9f9e-062d-464c-bb1a-74a5463d4685,M-1740,ORD-20260803-7738-0161,CONCESSION_ACCRUAL,13,2236,2026-08-03T20:38:39+08:00
0c0462de-be8d-4c34-8b18-4fe0e5f035a2,M-1341,ORD-20260803-3245-0162,CONCESSION_ACCRUAL,23,69,2026-08-03T20:09:16+08:00
e7227679-8f3c-4b84-b2a1-d2ff1eba0ce3,M-1298,ORD-20260803-2996-0163,CONCESSION_ACCRUAL,8,508,2026-08-03T23:40:38+08:00
9d54e9fc-ba3f-4913-b085-bac2ae1ed57c,M-1693,ORD-20260803-9473-0164,CONCESSION_ACCRUAL,26,246,2026-08-03T22:16:49+08:00
857ea4ad-94b7-416f-8f2c-d7bf3359ec0d,M-1211,ORD-20260803-8226-0165,CONCESSION_ACCRUAL,16,188,2026-08-03T19:42:32+08:00
8183d464-4341-4163-b525-db3a3862ea34,M-1571,ORD-20260803-1293-0166,CONCESSION_ACCRUAL,11,119,2026-08-03T19:10:25+08:00
63361aee-c525-417d-b0f5-2ad97ae12b9b,M-2124,ORD-20260804-1728-0167,CONCESSION_ACCRUAL,6,138,2026-08-04T00:00:14+08:00
7d929873-1176-4355-ac08-915c9bedf174,M-1123,ORD-20260803-9610-0168,CONCESSION_ACCRUAL,17,420,2026-08-03T20:17:57+08:00
2469ecfb-08d0-4a34-9a7f-eee6cf40edba,M-1214,ORD-20260804-1095-0169,CONCESSION_ACCRUAL,8,310,2026-08-04T03:56:44+08:00
23780aa7-b2c7-4881-b78a-bae12bf1534d,M-1934,ORD-20260803-7032-0170,CONCESSION_ACCRUAL,22,230,2026-08-03T23:31:05+08:00
bc3961db-3e93-4423-8ad5-103aa39ec36e,M-1285,ORD-20260803-1742-0171,CONCESSION_ACCRUAL,31,170,2026-08-03T23:55:19+08:00
55cedaa8-f86b-46d6-abad-1e8ee891f361,M-1507,ORD-20260803-7730-0172,CONCESSION_ACCRUAL,15,113,2026-08-03T23:12:27+08:00
9fa46517-29e5-43db-b049-795beb082ca6,M-1153,ORD-20260803-5786-0173,CONCESSION_ACCRUAL,23,134,2026-08-03T19:19:15+08:00
5f6e5fd8-d1da-4090-99be-540496d9fb52,M-1443,ORD-20260803-8260-0174,CONCESSION_ACCRUAL,11,441,2026-08-03T14:47:42+08:00
4ac42e0e-5e54-46d0-82e7-9f7c67884d22,M-1172,ORD-20260804-1125-0175,CONCESSION_ACCRUAL,27,653,2026-08-04T00:39:51+08:00
2288d887-c1ec-488e-a118-1e32a456e270,M-1672,ORD-20260803-2211-0176,CONCESSION_ACCRUAL,26,333,2026-08-03T16:27:07+08:00
1b3359ed-71f4-44a4-9a80-70e777babd6f,M-2143,ORD-20260803-5118-0177,CONCESSION_ACCRUAL,12,99,2026-08-03T23:13:19+08:00
6b78ae65-033b-4a15-bf2d-8e934b2f8faa,M-2047,ORD-20260803-6039-0178,CONCESSION_ACCRUAL,2,103,2026-08-03T23:47:53+08:00
b235b870-719e-4308-9fe9-ce3864e18468,M-1114,ORD-20260803-3058-0179,CONCESSION_ACCRUAL,8,300,2026-08-03T21:04:10+08:00
153cdae2-14c7-4140-b20b-5a2a66dd867b,M-1591,ORD-20260803-4859-0180,CONCESSION_ACCRUAL,14,1946,2026-08-03T20:43:57+08:00
3c20a20c-208e-4038-8187-e07f8290fa50,M-1265,ORD-20260804-3487-0181,CONCESSION_ACCRUAL,50,433,2026-08-04T01:03:25+08:00
fbf73f59-1f24-4bd4-ba85-fedf642415f3,M-2197,ORD-20260803-5134-0182,CONCESSION_ACCRUAL,8,296,2026-08-03T19:59:19+08:00
0a2c69cd-223b-44b9-ac22-9d9c014a5b45,M-1358,ORD-20260803-9896-0183,CONCESSION_ACCRUAL,8,168,2026-08-03T21:18:29+08:00
0507caf5-f12a-4be1-b04b-703b91024b4a,M-1502,ORD-20260804-5448-0184,CONCESSION_ACCRUAL,3,93,2026-08-04T00:12:44+08:00
7b9d1b67-fa8b-46e1-b3c3-6cec2cb3dd95,M-1405,ORD-20260803-6807-0185,CONCESSION_ACCRUAL,20,317,2026-08-03T19:25:01+08:00
473d5a17-5e2d-46c0-a27c-059140aeb7c8,M-1257,ORD-20260803-1448-0186,CONCESSION_ACCRUAL,8,267,2026-08-03T13:02:39+08:00
b773f95f-bb32-4a63-98c6-f25d74be35b1,M-1260,ORD-20260803-8360-0187,CONCESSION_ACCRUAL,21,168,2026-08-03T15:16:41+08:00
857076b5-1352-4550-8182-82f7783c33f1,M-2088,ORD-20260803-8660-0188,CONCESSION_ACCRUAL,24,143,2026-08-03T23:53:12+08:00
50c3ef57-8912-487a-b79a-ee14359d01db,M-2053,ORD-20260803-9859-0189,CONCESSION_ACCRUAL,15,242,2026-08-03T11:47:10+08:00
7bcea3a3-7687-47c3-b5f1-da72be2327d7,M-1195,ORD-20260803-8355-0190,CONCESSION_ACCRUAL,19,363,2026-08-03T21:24:49+08:00
53662ac2-4ffb-4b65-8032-6d1b01a4e58d,M-1668,ORD-20260803-1884-0191,CONCESSION_ACCRUAL,8,119,2026-08-03T18:42:32+08:00
e0ed3892-9878-40d4-a76c-5b2857541f62,M-1518,ORD-20260803-3915-0192,CONCESSION_ACCRUAL,18,441,2026-08-03T20:18:05+08:00
065121de-1d9c-4724-b5ca-c47be7a4765a,M-2040,ORD-20260803-2084-0193,CONCESSION_ACCRUAL,6,146,2026-08-03T20:47:15+08:00
4f3ac65a-6dab-4da3-873b-e1f53fbfbe37,M-1031,ORD-20260803-6452-0194,CONCESSION_ACCRUAL,13,1159,2026-08-03T23:02:07+08:00
699100e2-eb0d-4307-8899-60aeb74e5d10,M-1641,ORD-20260803-4052-0195,CONCESSION_ACCRUAL,8,130,2026-08-03T15:32:23+08:00
ecd55eed-8994-41f5-b1bc-d5708e8175f2,M-1055,ORD-20260803-7924-0196,CONCESSION_ACCRUAL,11,295,2026-08-03T16:50:49+08:00
8e4d2af8-892d-4588-ba60-f5b23106ba7b,M-1936,ORD-20260803-9612-0197,CONCESSION_ACCRUAL,16,142,2026-08-03T15:42:04+08:00
c67b8a07-bdce-41c0-b41a-2741fc1e28ce,M-2002,ORD-20260803-1960-0198,CONCESSION_ACCRUAL,7,368,2026-08-03T23:51:47+08:00
02bd2db3-3c8c-4926-ad06-45e3c2b25ed6,M-1831,ORD-20260803-6973-0199,CONCESSION_ACCRUAL,8,300,2026-08-03T23:55:09+08:00
983727d2-80f2-48b2-a08a-80219c79016e,M-2144,ORD-20260803-8192-0200,CONCESSION_ACCRUAL,6,24,2026-08-03T16:27:09+08:00
7e9a66de-02f7-4f1c-9c2f-cc0f12764951,M-1750,ORD-20260803-6104-0201,CONCESSION_ACCRUAL,8,149,2026-08-03T18:30:21+08:00
403c20e6-3e6b-452d-8430-ba98ba4a140a,M-1627,ORD-20260803-4666-0202,CONCESSION_ACCRUAL,22,464,2026-08-03T21:06:48+08:00
b392d6f2-b98c-42fa-9a44-d8bb62aef3a4,M-1708,ORD-20260804-2703-0203,CONCESSION_ACCRUAL,3,131,2026-08-04T01:50:45+08:00
5ba6005d-6e93-4043-98b6-dda8c35248c2,M-1786,ORD-20260803-3774-0204,CONCESSION_ACCRUAL,21,649,2026-08-03T23:23:44+08:00
efbd26a3-27c7-4f10-8eb5-e43507cc2dfc,M-1113,ORD-20260803-7271-0205,CONCESSION_ACCRUAL,22,686,2026-08-03T18:47:13+08:00
57040d1d-b62e-4e85-8c7f-c443667e4f5b,M-1259,ORD-20260803-1981-0206,CONCESSION_ACCRUAL,23,421,2026-08-03T22:47:04+08:00
f38846d3-8245-46f5-8e9f-392592fde25a,M-1137,ORD-20260803-1612-0207,CONCESSION_ACCRUAL,10,314,2026-08-03T19:59:16+08:00
459e41c6-452c-4abd-b37d-c09ab1dd5144,M-1451,ORD-20260803-4560-0208,CONCESSION_ACCRUAL,19,285,2026-08-03T22:56:50+08:00
26cc825c-bf2c-4a60-909d-5490ffb625be,M-1573,ORD-20260803-1527-0209,CONCESSION_ACCRUAL,28,714,2026-08-03T21:02:46+08:00
f5823a7d-3eb6-4429-bf12-d7ffb3cfaae6,M-1897,ORD-20260803-7953-0210,CONCESSION_ACCRUAL,16,69,2026-08-03T23:07:01+08:00
51e82454-cfcd-45d3-b706-a31f669b5df8,M-2043,ORD-20260803-7285-0211,CONCESSION_ACCRUAL,14,135,2026-08-03T14:12:48+08:00
32650d39-ff16-4040-aa76-29466341c563,M-1783,ORD-20260803-2590-0212,CONCESSION_ACCRUAL,21,595,2026-08-03T17:42:59+08:00
f8f88cbf-141a-4b47-a365-fe2f6737f418,M-1461,ORD-20260804-5936-0213,CONCESSION_ACCRUAL,7,72,2026-08-04T03:11:50+08:00
8e24fbbd-ec22-43a9-a606-32289f42b003,M-1003,ORD-20260803-8141-0214,CONCESSION_ACCRUAL,8,212,2026-08-03T18:09:26+08:00
c9aa7227-0fdc-4ce7-a38a-4464b25f8892,M-1104,ORD-20260803-6034-0215,CONCESSION_ACCRUAL,15,438,2026-08-03T22:51:42+08:00
e57307b4-1375-4de0-88e9-fff52ddb5443,M-1407,ORD-20260803-2329-0216,CONCESSION_ACCRUAL,33,496,2026-08-03T16:18:15+08:00
5eccacac-2c63-4a26-9363-e7c770432e6e,M-1500,ORD-20260804-4984-0217,CONCESSION_ACCRUAL,13,294,2026-08-04T00:18:36+08:00
fad8f606-7c02-419d-9a36-54b0e3cc96c8,M-1338,ORD-20260804-4292-0218,CONCESSION_ACCRUAL,15,428,2026-08-04T00:02:40+08:00
7c1de1eb-2a6b-4246-9ca8-208a66a4bc19,M-2118,ORD-20260803-3089-0219,CONCESSION_ACCRUAL,7,163,2026-08-03T16:09:19+08:00
19c204e9-7d74-4cbf-a3a4-ade9a70c737a,M-1898,ORD-20260803-2742-0220,CONCESSION_ACCRUAL,17,408,2026-08-03T20:56:26+08:00
c537b53b-6bba-4ace-8cf8-d47da3c30bb7,M-1949,ORD-20260804-9980-0221,CONCESSION_ACCRUAL,6,201,2026-08-04T00:27:10+08:00
b99fa670-1179-4626-b5b9-70804f8be316,M-1045,ORD-20260803-7350-0222,CONCESSION_ACCRUAL,8,227,2026-08-03T23:50:50+08:00
0d55e842-0a53-4a57-9983-3a48fe0d57a5,M-1567,ORD-20260803-8249-0223,CONCESSION_ACCRUAL,11,241,2026-08-03T22:39:43+08:00
4777fa09-5ce9-431c-bc4b-18dfba67cc23,M-1258,ORD-20260803-2854-0224,CONCESSION_ACCRUAL,15,546,2026-08-03T21:41:33+08:00
f1e57b0c-37ae-4a70-8318-97a0960c7481,M-1274,ORD-20260804-4430-0225,CONCESSION_ACCRUAL,23,590,2026-08-04T00:56:39+08:00
1838c8db-0fe5-498f-99c6-ef115c64aa03,M-1514,ORD-20260803-4209-0226,CONCESSION_ACCRUAL,19,635,2026-08-03T22:28:39+08:00
53d1c354-355f-46fd-ba5b-9a93d2870ec8,M-1410,ORD-20260803-4300-0227,CONCESSION_ACCRUAL,18,606,2026-08-03T16:42:18+08:00
685177e7-8b27-4b65-9e19-08f63150227c,M-1793,ORD-20260804-1444-0228,CONCESSION_ACCRUAL,9,995,2026-08-04T00:05:01+08:00
ce443b63-0fb9-40bf-80a4-2e70c5b2fc62,M-1290,ORD-20260803-7415-0229,CONCESSION_ACCRUAL,23,40,2026-08-03T02:44:09+08:00
a86bba0e-937f-4328-8ec6-1578e782bd48,M-1410,ORD-20260804-5151-0230,CONCESSION_ACCRUAL,4,610,2026-08-04T01:19:46+08:00
242c056a-e5f9-452a-bc3c-fd68e8eb4029,M-1007,ORD-20260803-6876-0231,CONCESSION_ACCRUAL,16,428,2026-08-03T21:24:56+08:00
2a396586-fc8c-4161-b64c-ae2ccfabee91,M-1248,ORD-20260803-4279-0232,CONCESSION_ACCRUAL,8,318,2026-08-03T17:00:00+08:00
9b7cdd56-8f52-41ef-a106-a5e7617a1fe7,M-1558,ORD-20260803-5189-0233,CONCESSION_ACCRUAL,11,160,2026-08-03T22:23:00+08:00
bfbd7f61-53a0-44f7-a5cd-3bdca7c09681,M-1805,ORD-20260803-7445-0234,CONCESSION_ACCRUAL,18,385,2026-08-03T11:34:00+08:00
daa428fd-2fea-4886-9e8f-d200feadb216,M-1810,ORD-20260803-6495-0235,CONCESSION_ACCRUAL,8,34,2026-08-03T12:48:00+08:00
026cdfac-865f-40c8-8356-4f90e002e755,M-2195,ORD-20260803-9394-0236,CONCESSION_ACCRUAL,9,256,2026-08-03T17:24:00+08:00
33084b3c-22e6-48f6-99ca-fe6e528d2581,M-1553,ORD-20260803-5509-0237,CONCESSION_ACCRUAL,8,604,2026-08-03T22:01:00+08:00
57a8cff8-3e00-48ed-83be-5f9be99bd5a0,M-1833,ORD-20260803-6233-0238,CONCESSION_ACCRUAL,33,290,2026-08-03T17:55:00+08:00
78f139e4-79d7-495f-bb18-64430d46c89d,M-1278,ORD-20260803-2772-0239,CONCESSION_ACCRUAL,30,607,2026-08-03T09:56:00+08:00
29a413e8-dc15-443c-85e3-09990779b48d,M-1119,ORD-20260803-2706-0240,CONCESSION_ACCRUAL,16,423,2026-08-03T19:23:00+08:00
a8162cbb-8f69-4a99-9250-8f0b6445b5dd,M-1118,ORD-20260803-3113-0241,CONCESSION_ACCRUAL,8,286,2026-08-03T20:00:00+08:00
3d00ee28-b01e-4876-b237-3ac6d250fb7f,M-1266,ORD-20260803-2854-0242,CONCESSION_ACCRUAL,34,231,2026-08-03T14:35:00+08:00
b9316346-9acc-4c9d-8ec5-dc332c5c4ad8,M-1537,ORD-20260803-9350-0243,CONCESSION_ACCRUAL,11,396,2026-08-03T16:34:00+08:00
bd57c3b8-83d8-4d7c-ab1a-f3f8c0d62808,M-1179,ORD-20260803-4278-0244,CONCESSION_ACCRUAL,8,93,2026-08-03T14:17:00+08:00
0c333e75-31eb-417d-8043-72d404c458a4,M-1228,ORD-20260803-7192-0245,CONCESSION_ACCRUAL,15,346,2026-08-03T13:51:00+08:00
26e0e23c-6291-4668-b365-f191005fd091,M-1575,ORD-20260803-8822-0246,CONCESSION_ACCRUAL,15,151,2026-08-03T16:10:00+08:00
13afaa7a-ab6c-4c90-904f-4b041caab94f,M-1895,ORD-20260803-6113-0247,CONCESSION_ACCRUAL,8,249,2026-08-03T11:57:00+08:00
e7eb0989-1425-45e9-8d4c-423de9fc77d3,M-1429,ORD-20260803-4722-0248,CONCESSION_ACCRUAL,9,699,2026-08-03T16:52:00+08:00
29cb30f0-3055-4f9b-b350-f85c9ae336c9,M-1710,ORD-20260803-8092-0249,CONCESSION_ACCRUAL,15,353,2026-08-03T13:19:00+08:00
933228df-b717-478a-9a60-16c1d1f82118,M-1552,ORD-20260803-2071-0250,CONCESSION_ACCRUAL,10,218,2026-08-03T18:18:00+08:00
faf5964c-c8b9-47e1-87c0-751fde4d27d9,M-1508,ORD-20260803-6445-0251,CONCESSION_ACCRUAL,16,528,2026-08-03T20:27:00+08:00
fea1244b-f66b-467c-a5ef-aa7c7170b873,M-1075,ORD-20260803-9943-0252,CONCESSION_ACCRUAL,11,106,2026-08-03T22:57:00+08:00
31436785-e403-4e3c-b01e-94714f13241d,M-1591,ORD-20260803-6162-0253,CONCESSION_ACCRUAL,9,1955,2026-08-03T22:33:00+08:00
9beca7d0-3e27-44eb-908b-203bfd5231af,M-1743,ORD-20260803-5689-0254,CONCESSION_ACCRUAL,15,337,2026-08-03T16:07:00+08:00
17bab539-6010-4e42-bd66-1b8fed490aae,M-1864,ORD-20260803-9010-0255,CONCESSION_ACCRUAL,9,340,2026-08-03T14:57:00+08:00
3989d251-b9f0-4190-9aa9-1430d620dcd5,M-1884,ORD-20260803-6436-0256,CONCESSION_ACCRUAL,26,62,2026-08-03T20:06:00+08:00
f88fee65-38d3-456e-9e65-0a42901e5d4a,M-1038,ORD-20260803-5549-0257,CONCESSION_ACCRUAL,11,40,2026-08-03T11:00:00+08:00
628f286f-9ea7-4ae6-b4ab-2e6587a839a1,M-1623,ORD-20260803-2437-0258,CONCESSION_ACCRUAL,60,98,2026-08-03T21:48:00+08:00
ea0168cc-db2c-4507-88e8-ace95c860581,M-1086,ORD-20260803-6234-0259,CONCESSION_ACCRUAL,28,37,2026-08-03T19:58:00+08:00
dba2be34-9083-410b-b81c-a1513449f6bc,M-1288,ORD-20260803-8733-0260,CONCESSION_ACCRUAL,50,984,2026-08-03T20:59:00+08:00
bdbe2732-1850-40df-9761-62ea20be1c4b,M-1741,ORD-20260803-3570-0261,CONCESSION_ACCRUAL,30,387,2026-08-03T16:59:00+08:00
ad9ee78a-136b-4b94-8ca6-d1ababe4d5ae,M-1163,ORD-20260803-9120-0262,CONCESSION_ACCRUAL,27,308,2026-08-03T20:38:00+08:00
1fab267b-f337-4d8f-9272-7d32b8708a31,M-1400,ORD-20260803-6220-0263,CONCESSION_ACCRUAL,3,321,2026-08-03T12:57:00+08:00
3c51eee4-c5d5-405a-b94a-a48bfdae1322,M-1539,ORD-20260803-7982-0264,CONCESSION_ACCRUAL,9,1578,2026-08-03T20:53:00+08:00
9cd16916-d118-4560-a6e9-1207a7bb6a36,M-1682,ORD-20260803-5052-0265,CONCESSION_ACCRUAL,36,793,2026-08-03T15:44:00+08:00
0d4dbd7d-3b62-4cbe-8aec-49908af8d9ae,M-1795,ORD-20260803-6297-0266,CONCESSION_ACCRUAL,16,125,2026-08-03T20:30:00+08:00
b5422e18-1383-49e5-ba99-7f436d34a512,M-1687,ORD-20260803-2856-0267,CONCESSION_ACCRUAL,22,397,2026-08-03T20:59:00+08:00
80aca148-ef27-4744-94ce-ccdd8251441d,M-1498,ORD-20260803-2606-0268,CONCESSION_ACCRUAL,14,580,2026-08-03T18:14:00+08:00
b1906a3d-7204-4f04-9325-8b9066d84d41,M-1796,ORD-20260803-2472-0269,CONCESSION_ACCRUAL,25,348,2026-08-03T19:38:00+08:00
d142755a-3a0c-44bc-a0f2-a3f688901947,M-1477,ORD-20260803-6184-0270,CONCESSION_ACCRUAL,19,126,2026-08-03T18:51:00+08:00
7e042355-c35f-48f3-979c-68c0109aa7ab,M-2144,ORD-20260803-9451-0271,CONCESSION_ACCRUAL,9,33,2026-08-03T20:47:00+08:00
ea741d9d-5a22-42cb-8ea0-20fc4754b438,M-1508,ORD-20260803-2885-0272,CONCESSION_ACCRUAL,15,543,2026-08-03T14:40:00+08:00
88ed8175-6153-40cf-aae0-1b15af6f5ab3,M-1783,ORD-20260803-5627-0273,CONCESSION_ACCRUAL,11,606,2026-08-03T10:14:00+08:00
a0a54450-5c13-4e11-8d30-4c64957675a6,M-1526,ORD-20260803-4591-0274,CONCESSION_ACCRUAL,11,931,2026-08-03T14:31:00+08:00
11b09232-d808-436a-a380-986aca25bbf8,M-1057,ORD-20260803-7388-0275,CONCESSION_ACCRUAL,8,205,2026-08-03T13:26:00+08:00
b7274f63-b88b-4b46-884d-49fe00484475,M-1297,ORD-20260803-8122-0276,CONCESSION_ACCRUAL,48,289,2026-08-03T22:49:00+08:00
15140f0f-411b-4e56-adde-1529584bcb96,M-1084,ORD-20260803-2322-0277,CONCESSION_ACCRUAL,44,461,2026-08-03T22:02:00+08:00
e0980da9-1825-44d8-9642-e0efc6c785db,M-1477,ORD-20260803-8931-0278,CONCESSION_ACCRUAL,11,137,2026-08-03T21:34:00+08:00
e75fe4a6-ddba-43f3-a994-8d152fd1603d,M-1759,ORD-20260803-9371-0279,CONCESSION_ACCRUAL,11,140,2026-08-03T20:49:00+08:00
62a182cb-8ef3-4dc3-b880-b3cfd4481562,M-1592,ORD-20260803-6362-0280,CONCESSION_ACCRUAL,13,536,2026-08-03T19:55:00+08:00
62eea655-e52f-42d0-bc38-8e4a12a3509f,M-1764,ORD-20260803-1769-0281,CONCESSION_ACCRUAL,15,302,2026-08-03T18:07:00+08:00
9f6a1bab-54ba-45d4-8a7c-9ac621d39741,M-1132,ORD-20260803-7771-0282,CONCESSION_ACCRUAL,49,1028,2026-08-03T13:00:00+08:00
ca75a644-63c4-4436-90ae-8d42a30b6907,M-1349,ORD-20260803-4997-0283,CONCESSION_ACCRUAL,26,376,2026-08-03T17:53:00+08:00
d7bc6607-d84a-4d12-a17b-dddda219ab34,M-1349,TIER_UPGRADE_Silver_TO_Gold,TIER_BONUS,100,476,2026-08-03T17:53:00+08:00
8fd1645c-d413-4c04-9f5b-ce9975071f13,M-1318,ORD-20260803-5629-0284,CONCESSION_ACCRUAL,40,323,2026-08-03T19:40:00+08:00
7ace37cd-ffd6-4e0f-9462-1fc119cba445,M-1501,ORD-20260803-3723-0285,CONCESSION_ACCRUAL,16,145,2026-08-03T09:32:00+08:00
c765019e-b8a6-4d76-aa57-8a9cf283f8db,M-1635,ORD-20260803-1556-0286,CONCESSION_ACCRUAL,11,177,2026-08-03T21:17:00+08:00
59c9f0b7-d81d-4d16-8219-1803b324155f,M-1599,ORD-20260803-1838-0287,CONCESSION_ACCRUAL,41,351,2026-08-03T10:01:00+08:00
412c59c2-704d-49cb-a99f-5ac34863acbe,M-1151,ORD-20260803-1985-0288,CONCESSION_ACCRUAL,15,80,2026-08-03T13:20:00+08:00
f701905e-b58d-4f1a-b189-cae5bd7b46c9,M-1371,ORD-20260803-4654-0289,CONCESSION_ACCRUAL,10,295,2026-08-03T11:08:00+08:00
9a8107c6-a85f-4f95-9255-05d051cf0e08,M-1363,ORD-20260803-8846-0290,CONCESSION_ACCRUAL,22,305,2026-08-03T13:27:00+08:00
aa22cf72-70a2-4d72-9b93-419cba3f2778,M-1536,ORD-20260803-9331-0291,CONCESSION_ACCRUAL,20,487,2026-08-03T10:15:00+08:00
201e9915-8a47-4cfd-80ab-edc00f19e881,M-1758,ORD-20260803-4594-0292,CONCESSION_ACCRUAL,8,117,2026-08-03T18:50:00+08:00
032b0988-bd26-4370-9605-1fa2cacccebc,M-1288,ORD-20260803-6296-0293,CONCESSION_ACCRUAL,36,1020,2026-08-03T21:53:00+08:00
7239da5c-48c2-43c4-b7b6-4dff11201e74,M-1511,ORD-20260803-3762-0294,CONCESSION_ACCRUAL,18,569,2026-08-03T09:46:00+08:00
4fcb43c8-97bd-4dd3-825d-93d0b67461ba,M-1564,ORD-20260803-4262-0295,CONCESSION_ACCRUAL,8,681,2026-08-03T22:23:00+08:00
7a321d94-3df7-486a-936f-c97987e861f7,M-1073,ORD-20260803-4044-0296,CONCESSION_ACCRUAL,3,180,2026-08-03T20:06:00+08:00
30a14c3c-8069-47c6-a5d6-1729e6f5df05,M-1257,ORD-20260803-9405-0297,CONCESSION_ACCRUAL,15,282,2026-08-03T14:02:00+08:00
ab46547a-16a5-4a31-b373-813a0a92863c,M-1713,ORD-20260803-6664-0298,CONCESSION_ACCRUAL,24,331,2026-08-03T16:01:00+08:00
39861d2e-214a-40ab-872b-bed9278c021d,M-2040,ORD-20260803-1986-0299,CONCESSION_ACCRUAL,6,152,2026-08-03T21:09:00+08:00
cbb330c9-3d24-4eed-9b72-8eb06c6d1599,M-1255,ORD-20260803-3929-0300,CONCESSION_ACCRUAL,39,293,2026-08-03T12:58:00+08:00
d825183c-7db6-4127-9a44-3e76090066e5,M-1462,ORD-20260803-5579-0301,CONCESSION_ACCRUAL,14,239,2026-08-03T13:08:00+08:00
01f50b38-ffe1-4e87-b1b4-0800295400d1,M-1112,ORD-20260803-1773-0302,CONCESSION_ACCRUAL,36,1539,2026-08-03T15:57:00+08:00
9f6c3088-d4a8-4501-9f9c-0a3d96f9a9a0,M-1746,ORD-20260803-7654-0303,CONCESSION_ACCRUAL,33,515,2026-08-03T22:06:00+08:00
2c5be5ed-7959-4167-942e-caf13339671d,M-1475,ORD-20260803-9280-0304,CONCESSION_ACCRUAL,8,579,2026-08-03T16:57:00+08:00
deaad166-0f58-4ccd-a2d0-4d962eeccf9d,M-1531,ORD-20260803-6359-0305,CONCESSION_ACCRUAL,16,322,2026-08-03T12:22:00+08:00
254548a9-6ec6-4c2c-a783-d4f2fb002fde,M-1003,ORD-20260803-3918-0306,CONCESSION_ACCRUAL,9,221,2026-08-03T13:30:00+08:00
969bc187-c982-4a17-a11a-c90e5464f931,M-2014,ORD-20260803-7330-0307,CONCESSION_ACCRUAL,9,118,2026-08-03T18:21:00+08:00
b3077096-d70f-41e2-b9fb-8e322ca9154f,M-1523,ORD-20260803-2702-0308,CONCESSION_ACCRUAL,8,173,2026-08-03T20:18:00+08:00
971d5021-9c17-4b98-afb3-5a1839665bc8,M-2043,ORD-20260803-1161-0309,CONCESSION_ACCRUAL,9,144,2026-08-03T15:54:00+08:00
